LOG started on: 09/04/2026 18:54:49 
Playing registered version.
UDP Initialized
WIPX_OpenSocket: Address family not supported by protocol family
WIPX_Init: Unable to open control socket, IPX disabled
Exe: 20:02:47 Jul 31 2024
256.0 megabyte heap

Language initialization
Couldn't load 'localization/loc_english.txt'
from 'C:\argus\engine'

========= Quake Initialized =========

execing autoexec.cfg
SpawnServer: dm4
Clearing memory
Programs occupy 690K.
trying to open external vis file
maps/dm4.vis not found, trying argustest.vis
external vis not found
ARGUS slots 8
ARGUS worldspawn reached
ARGNAV 155 nodes, 928 links
0 entities inhibited
ARGUS init on dm4
ARGEVT Carmack spawned
ARGEVT Romero spawned
ARGEVT Joe Rogan spawned
Server spawned.
ARGLOG Joe Rogan t   1.2 pos '-64.0 -232.0 -72.0' spd 0 yaw 357.6 mode 0 st 0 gl 0 hp 100 frg 0
ARGLOG Romero t   1.2 pos '112.0 -1136.0 -104.0' spd 0 yaw  92.5 mode 0 st 0 gl 0 hp 100 frg 0
ARGLOG Carmack t   1.2 pos '-64.0 512.0 -296.0' spd 0 yaw 299.6 mode 0 st 0 gl 0 hp 100 frg 0
ARGEVT Carmack hazard
ARGLOG Joe Rogan t   1.7 pos ' 91.1 -237.4 -72.0' spd 320.0 yaw 357.6 mode 0 st 0 gl 0 hp 100 frg 0
ARGLOG Romero t   1.7 pos '106.6 -980.9 -104.0' spd 320 yaw  92.5 mode 0 st 0 gl 0 hp 100 frg 0
ARGLOG Carmack t   1.7 pos '-49.0 420.8 -296.0' spd 321.5 yaw 178.2 mode 0 st 0 gl 0 hp 100 frg 0
ARGLOG Joe Rogan t   2.2 pos '272.8 -244.1 -84.8' spd 320.0 yaw 357.6 mode 0 st 0 gl 0 hp 100 frg 0
ARGLOG Romero t   2.2 pos '100.8 -815.9 -104.0' spd 320 yaw  92.5 mode 0 st 0 gl 0 hp 100 frg 0
ARGLOG Carmack t   2.2 pos '-214.2 421.1 -296.0' spd 320.0 yaw  32.2 mode 0 st 0 gl 0 hp 100 frg 0
ARGLOG Joe Rogan t   2.7 pos '391.4 -278.5 -263.6' spd 181.6 yaw 239.1 mode 0 st 0 gl 0 hp 100 frg 0
ARGLOG Romero t   2.7 pos '214.1 -804.3 -104.0' spd 322.7 yaw 327.2 mode 0 st 0 gl 0 hp 100 frg 0
ARGLOG Carmack t   2.7 pos '-117.6 433.7 -296.0' spd 323.4 yaw  13.2 mode 0 st 0 gl 0 hp 100 frg 0
ARGEVT Joe Rogan hazard
ARGLOG Joe Rogan t   3.3 pos '487.1 -249.7 -296.0' spd 323.0 yaw  10.2 mode 0 st 0 gl 0 hp 100 frg 0
ARGLOG Romero t   3.3 pos '358.0 -886.3 -104.0' spd 320.0 yaw 327.2 mode 0 st 0 gl 0 hp 100 frg 0
ARGLOG Carmack t   3.3 pos ' -7.8 431.9 -296.0' spd 263.8 yaw 216.1 mode 0 st 0 gl 0 hp 100 frg 0
ARGEVT Carmack hazard
ARGLOG Joe Rogan t   3.8 pos '636.9 -211.1 -296.0' spd 148.3 yaw 157.2 mode 0 st 0 gl 0 hp 100 frg 0
ARGLOG Romero t   3.8 pos '407.9 -954.1 -104.0' spd 325.5 yaw 175.4 mode 0 st 0 gl 0 hp 100 frg 0
ARGLOG Carmack t   3.8 pos '-110.4 522.3 -296.0' spd 327.9 yaw  90.0 mode 0 st 0 gl 0 hp 100 frg 0
ARGEVT Joe Rogan plan powerup via weapon
ARGEVT Joe Rogan goal weapon_lightning
ARGEVT Romero goal item_armorInv
ARGEVT Carmack goal weapon_rocketlauncher
ARGEVT Joe Rogan route 8 start '593.0 -215.0 -296.0' goal '529.0 -311.0 -104.0'
ARGEVT Joe Rogan hazard
ARGLOG Joe Rogan t   4.3 pos '628.6 -264.6 -296.0' spd 376.1 yaw 90 mode 2 st 0 gl 0 hp 100 frg 0
ARGLOG Romero t   4.3 pos '234.0 -913.9 -104.0' spd 384.4 yaw  77.2 mode 0 st 0 gl 0 hp 100 frg 0
ARGLOG Carmack t   4.3 pos '-115.7 551.2 -296.0' spd 336.9 yaw 292 mode 0 st 0 gl 0 hp 100 frg 0
ARGEVT Romero route 19 start '273.0 -887.0 -104.0' goal '817.0 -855.0 -232.0'
ARGEVT Carmack route 3 start '-111.0 457.0 -296.0' goal ' 49.0 105.0 -296.0'
ARGLOG Joe Rogan t   4.9 pos '454.4 -210.8 -296.0' spd 296.7 yaw 63 mode 2 st 0 gl 0 hp 100 frg 0
ARGLOG Romero t   4.9 pos '358.3 -822.5 -104.0' spd 422.9 yaw 237 mode 2 st 0 gl 0 hp 100 frg 0
ARGLOG Carmack t   4.9 pos '-84.3 372.9 -296.0' spd 331.6 yaw 258 mode 2 st 0 gl 0 hp 100 frg 0
ARGEVT Joe Rogan hazard
ARGLOG Joe Rogan t   5.4 pos '400.8 -108.5 -296.0' spd 370.3 yaw 47 mode 2 st 0 gl 0 hp 100 frg 0
ARGLOG Romero t   5.4 pos '275.4 -987.8 -104.0' spd 341.2 yaw 246 mode 2 st 0 gl 0 hp 100 frg 0
ARGLOG Carmack t   5.4 pos '-120.6 197.1 -296.0' spd 320.0 yaw 276.5 mode 2 st 0 gl 0 hp 100 frg 0
ARGLOG Joe Rogan t   6.0 pos '412.1 -48.0 -296.0' spd   7.1 yaw 40 mode 2 st 0 gl 0 hp 100 frg 0
ARGLOG Romero t   6.0 pos '162.3 -1125.4 -104.0' spd 336.4 yaw 324 mode 2 st 0 gl 0 hp 100 frg 0
ARGLOG Carmack t   6.0 pos '-10.2  58.8 -296.0' spd 336.3 yaw 3 mode 1 st 0 gl 0 hp 100 frg 0
ARGEVT Romero hazard
ARGEVT Carmack goal item_artifact_super_damage
ARGEVT Carmack route 6 start ' 49.0 105.0 -296.0' goal '209.0  73.0 -104.0'
ARGEVT Carmack hazard
ARGLOG Joe Rogan t   6.5 pos '402.3 -48.0 -296.0' spd  71.2 yaw 124.6 mode 2 st 0 gl 0 hp 100 frg 0
ARGLOG Romero t   6.5 pos '267.5 -1195.7 -40.0' spd 323.7 yaw 80 mode 2 st 0 gl 0 hp 100 frg 0
ARGLOG Carmack t   6.5 pos ' 92.8 120.3 -296.0' spd 330.1 yaw 238 mode 2 st 0 gl 1 hp 100 frg 0
ARGEVT Joe Rogan hazard
ARGLOG Joe Rogan t   7.1 pos '337.1 -55.2 -296.0' spd 323.2 yaw 33 mode 2 st 0 gl 0 hp 100 frg 0
ARGLOG Romero t   7.1 pos '341.4 -1035.2  24.0' spd 324.0 yaw 96 mode 2 st 0 gl 0 hp 100 frg 0
ARGLOG Carmack t   7.1 pos ' 70.3 109.5 -296.0' spd 333.8 yaw 338 mode 2 st 0 gl 1 hp 100 frg 0
ARGUS routecache adopt
ARGEVT Carmack route 6 start ' 49.0 105.0 -296.0' goal '209.0  73.0 -104.0'
ARGEVT Carmack hazard
ARGLOG Joe Rogan t   7.7 pos '395.4 -159.4 -296.0' spd 227.1 yaw 116.0 mode 2 st 0 gl 0 hp 100 frg 0
ARGLOG Romero t   7.7 pos '321.3 -857.0  24.0' spd 320.0 yaw 93 mode 2 st 0 gl 0 hp 100 frg 0
ARGLOG Carmack t   7.7 pos ' 95.3  51.0 -296.0' spd 325.4 yaw 230 mode 2 st 0 gl 1 hp 100 frg 0
ARGEVT Joe Rogan hazard
ARGLOG Joe Rogan t   8.2 pos '363.5   7.2 -296.0' spd 348.7 yaw 26 mode 2 st 0 gl 0 hp 100 frg 0
ARGLOG Romero t   8.2 pos '308.2 -673.7  24.0' spd 320.1 yaw 47 mode 2 st 0 gl 0 hp 100 frg 0
ARGLOG Carmack t   8.2 pos '100.0  48.0 -296.0' spd 321.8 yaw 229 mode 2 st 0 gl 1 hp 100 frg 0
ARGEVT Carmack hazard
ARGEVT Romero engage Joe Rogan
ARGLOG Joe Rogan t   8.8 pos '358.5  89.8 -288.0' spd 382.3 yaw 10 mode 2 st 0 gl 0 hp 100 frg 0
ARGLOG Romero t   8.8 pos '324.6 -498.0  24.0' spd 322.6 yaw  93.0 mode 2 st 0 gl 0 hp 100 frg 0
ARGLOG Carmack t   8.8 pos ' 36.0  48.0 -296.0' spd 106.7 yaw 350 mode 2 st 0 gl 1 hp 100 frg 0
ARGEVT Joe Rogan hazard
ARGEVT Carmack stall
ARGEVT Carmack stallnode '-47.0  73.0 -296.0'
ARGEVT Carmack jump
ARGUS routecache adopt
ARGEVT Carmack route 6 start ' 49.0 105.0 -296.0' goal '209.0  73.0 -104.0'
ARGLOG Joe Rogan t   9.3 pos '387.5  83.0 -288.0' spd 357.8 yaw 321.7 mode 2 st 0 gl 0 hp 92 frg 0
ARGLOG Romero t   9.3 pos '348.1 -379.7 -38.1' spd  45.3 yaw  84.9 mode 2 st 0 gl 0 hp 100 frg 0
ARGLOG Carmack t   9.3 pos '112.0 140.7 -258.2' spd 253.8 yaw 237 mode 2 st 1 gl 1 hp 100 frg 0
ARGEVT Romero grab weapon_lightning
ARGEVT Carmack hazard
ARGLOG Joe Rogan t   9.9 pos '400.0 -18.1 -296.0' spd 207.7 yaw 301.0 mode 2 st 0 gl 0 hp 76 frg 0
ARGLOG Romero t   9.9 pos '463.5 -370.5 -104.0' spd 339.6 yaw  99.3 mode 2 st 0 gl 0 hp 100 frg 0
ARGLOG Carmack t   9.9 pos '111.2 277.7 -312.0' spd 229.7 yaw 247 mode 2 st 1 gl 1 hp 100 frg 0
ARGEVT Joe Rogan plan powerup via weapon
ARGEVT Joe Rogan goal weapon_rocketlauncher
ARGEVT Joe Rogan route 18 start '337.0   9.0 -296.0' goal '721.0 -887.0 -232.0'
ARGEVT Joe Rogan pursue
ARGEVT Romero pursue
ARGEVT Romero grab item_armor1
ARGLOG Joe Rogan t  10.4 pos '400.6 -96.4 -296.0' spd 186.9 yaw 300.4 mode 2 st 0 gl 0 hp 76 frg 0
ARGLOG Romero t  10.4 pos '459.3 -276.1 -104.0' spd 331.7 yaw 105.9 mode 2 st 0 gl 0 hp 100 frg 0
ARGLOG Carmack t  10.4 pos '112.0 249.9 -312.0' spd 123.0 yaw 245 mode 2 st 1 gl 1 hp 100 frg 0
ARGEVT Carmack stall
ARGEVT Carmack stallnode '-47.0  73.0 -296.0'
ARGEVT Carmack jump
ARGEVT Joe Rogan hazard
ARGEVT Carmack abandon
ARGEVT Carmack goal weapon_supernailgun
ARGEVT Carmack abandon
ARGLOG Joe Rogan t  11.0 pos '337.5   6.9 -296.0' spd 323.0 yaw 349.3 mode 2 st 0 gl 0 hp 76 frg 0
ARGLOG Romero t  11.0 pos '505.9 -104.1 -104.0' spd 321.4 yaw 144.0 mode 0 st 0 gl 0 hp 100 frg 0
ARGEVT Carmack goal item_health
ARGLOG Carmack t  11.0 pos '103.6 187.0 -288.6' spd  47.7 yaw  71.1 mode 0 st 2 gl 1 hp 100 frg 0
ARGEVT Joe Rogan pursue
ARGEVT Romero pursue
ARGEVT Carmack hazard
ARGEVT Romero route 15 start '529.0 -55.0 -104.0' goal '817.0 -855.0 -232.0'
ARGEVT Romero hazard
ARGEVT Carmack abandon
ARGEVT Carmack stall
ARGEVT Carmack jump
ARGUS Joe Rogan hunch item_artifact_super_damage
ARGEVT Joe Rogan plan powerup via weapon
ARGEVT Joe Rogan goal weapon_supernailgun
ARGLOG Joe Rogan t  11.5 pos '389.5 -46.5 -296.0' spd 185.3 yaw 185.2 mode 0 st 0 gl 0 hp 76 frg 0
ARGLOG Romero t  11.5 pos '437.1 -59.8 -104.0' spd 333.3 yaw 171.6 mode 2 st 0 gl 0 hp 100 frg 0
ARGLOG Carmack t  11.5 pos '112.0 287.5 -278.2' spd 153.1 yaw  74.5 mode 0 st 3 gl 1 hp 100 frg 0
ARGEVT Joe Rogan retreat
ARGEVT Joe Rogan hazard
ARGEVT Joe Rogan routefail
ARGEVT Joe Rogan plan powerup via weapon
ARGEVT Joe Rogan goal weapon_rocketlauncher
ARGEVT Joe Rogan death Romero pos '342.1  18.2 -288.0'
ARGUS Romero watch spawn
ARGEVT Romero goal item_artifact_super_damage
ARGLOG Romero t  12.1 pos '309.9 -174.4 -206.1' spd 280.4 yaw  86.1 mode 0 st 0 gl 0 hp 94 frg 1
ARGLOG Carmack t  12.1 pos '102.0 285.6 -309.0' spd  63.6 yaw   3.5 mode 0 st 3 gl 1 hp 100 frg 0
ARGEVT Carmack hazard
ARGEVT Romero routefail
ARGEVT Romero abandon
ARGEVT Romero swim
ARGEVT Romero weapon sg
ARGEVT Romero goal item_armorInv
ARGLOG Romero t  12.6 pos '201.2 -176.0 -404.3' spd  54.4 yaw  10.1 mode 0 st 0 gl 0 hp 73 frg 1
ARGLOG Carmack t  12.6 pos '112.0 251.1 -312.0' spd 187.0 yaw  40.4 mode 0 st 3 gl 1 hp 100 frg 0
ARGEVT Carmack jump
ARGEVT Romero route 19 start '209.0 -183.0 -296.0' goal '817.0 -855.0 -232.0'
ARGEVT Carmack goal 
ARGEVT Carmack abandon
ARGEVT Carmack goal item_armor2
ARGLOG Romero t  13.1 pos '245.5 -135.6 -403.7' spd 192.7 yaw 40 mode 2 st 0 gl 0 hp 45 frg 1
ARGLOG Carmack t  13.1 pos '106.6 191.1 -288.1' spd  74.8 yaw 313.3 mode 0 st 3 gl 1 hp 100 frg 0
ARGEVT Carmack route 22 start '113.0 233.0 -296.0' goal '1169.0 -599.0  24.0'
ARGEVT Joe Rogan respawn
ARGEVT Joe Rogan goal weapon_rocketlauncher
ARGLOG Joe Rogan t  13.4 pos '272.0 -952.0  24.0' spd 0 yaw 8 mode 0 st 0 gl 0 hp 100 frg 0
ARGEVT Joe Rogan route 14 start '305.0 -983.0  24.0' goal '721.0 -887.0 -232.0'
ARGLOG Romero t  13.7 pos '304.0 -62.2 -403.6' spd  66.6 yaw 243 mode 2 st 0 gl 0 hp 3 frg 1
ARGLOG Carmack t  13.7 pos '112.0 176.0 -360.0' spd 0 yaw 317 mode 2 st 3 gl 1 hp 80 frg 0
ARGEVT Romero death world pos '303.6 -64.5 -403.6'
ARGLOG Joe Rogan t  13.9 pos '423.4 -877.3  24.0' spd 358.4 yaw 89 mode 2 st 0 gl 0 hp 100 frg 0
ARGLOG Carmack t  14.2 pos '112.0 176.0 -360.0' spd 0 yaw 317 mode 2 st 3 gl 1 hp 50 frg 0
ARGEVT Joe Rogan hazard
ARGLOG Joe Rogan t  14.5 pos '389.0 -752.0  24.0' spd 325.4 yaw 106 mode 2 st 0 gl 0 hp 100 frg 0
ARGLOG Carmack t  14.8 pos '112.0 176.0 -360.0' spd 0 yaw 171 mode 2 st 3 gl 1 hp 30 frg 0
ARGEVT Carmack stall
ARGEVT Carmack stallnode '-15.0 169.0 -360.0'
ARGEVT Carmack jump
ARGEVT Carmack routefail
ARGLOG Joe Rogan t  15.0 pos '305.4 -612.7  24.0' spd 320.0 yaw 36 mode 2 st 0 gl 0 hp 100 frg 0
ARGEVT Carmack goal item_health
ARGEVT Carmack routefail
ARGLOG Carmack t  15.4 pos ' 97.0 176.0 -336.1' spd  28.6 yaw 352.4 mode 0 st 4 gl 1 hp 20 frg 0
ARGEVT Romero respawn
ARGEVT Romero goal item_armorInv
ARGLOG Romero t  15.5 pos '-64.0 -232.0 -72.0' spd 0 yaw 339.2 mode 0 st 0 gl 0 hp 100 frg 0
ARGEVT Carmack goal 
ARGEVT Carmack death world pos '100.7 176.0 -359.8'
ARGLOG Joe Rogan t  15.6 pos '398.2 -465.5  24.0' spd 344.0 yaw 48 mode 2 st 0 gl 0 hp 100 frg 0
ARGEVT Romero route 8 start '-47.0 -215.0 -72.0' goal '817.0 -855.0 -232.0'
ARGEVT Romero engage Joe Rogan
ARGEVT Joe Rogan engage Romero
ARGLOG Romero t  16.0 pos '100.3 -240.3 -72.0' spd 345.1 yaw 336.8 mode 2 st 0 gl 0 hp 100 frg 0
ARGLOG Joe Rogan t  16.2 pos '464.3 -466.5  24.0' spd 324.4 yaw 151.8 mode 2 st 0 gl 0 hp 100 frg 0
ARGEVT Joe Rogan hazard
ARGEVT Romero grab weapon_grenadelauncher
ARGLOG Romero t  16.5 pos '112.0 -294.5 -56.0' spd 317.5 yaw 326.6 mode 2 st 0 gl 0 hp 88 frg 0
ARGLOG Joe Rogan t  16.7 pos '320.9 -535.2  24.0' spd 334.5 yaw 136.1 mode 0 st 0 gl 0 hp 100 frg 0
ARGEVT Romero hazard
ARGEVT Carmack respawn
ARGEVT Joe Rogan route 10 start '305.0 -471.0  24.0' goal '721.0 -887.0 -232.0'
ARGLOG Romero t  17.1 pos '112.0 -442.3  24.0' spd  57.0 yaw  17.3 mode 2 st 0 gl 0 hp 64 frg 0
ARGEVT Carmack goal weapon_rocketlauncher
ARGLOG Carmack t  17.1 pos '776.0 -808.0 -232.0' spd 0 yaw 108.6 mode 1 st 4 gl 1 hp 100 frg -1
ARGLOG Joe Rogan t  17.2 pos '341.4 -395.5  -2.4' spd  39.2 yaw 196.3 mode 2 st 0 gl 0 hp 100 frg 0
ARGEVT Carmack hazard
ARGEVT Joe Rogan grab weapon_grenadelauncher
ARGLOG Romero t  17.6 pos '118.0 -425.3   8.0' spd  59.3 yaw   4.0 mode 2 st 0 gl 0 hp 40 frg 0
ARGLOG Carmack t  17.6 pos '720.0 -788.0 -232.0' spd 318.8 yaw 284.2 mode 1 st 4 gl 1 hp 100 frg -1
ARGEVT Joe Rogan plan powerup via weapon
ARGEVT Joe Rogan goal weapon_grenadelauncher
ARGLOG Joe Rogan t  17.8 pos '287.6 -415.7 -104.0' spd 320.1 yaw 191.4 mode 1 st 0 gl 0 hp 76 frg 0
ARGEVT Carmack goal item_rockets
ARGEVT Carmack route 8 start '721.0 -887.0 -232.0' goal '401.0 -759.0 -104.0'
ARGUS routecache adopt
ARGEVT Carmack route 7 start '369.0 105.0 -288.0' goal '401.0 -759.0 -104.0'
ARGEVT Carmack engage Joe Rogan
ARGEVT Carmack grab 
ARGLOG Romero t  18.2 pos '143.2 -347.4 -24.0' spd 324.2 yaw 276.7 mode 2 st 0 gl 0 hp 40 frg 0
ARGLOG Carmack t  18.2 pos '368.0  19.4 -269.9' spd 300 yaw 231.1 mode 2 st 4 gl 2 hp 100 frg -1
ARGEVT Joe Rogan weapon sg
ARGEVT Romero pursue
ARGEVT Joe Rogan goal item_artifact_super_damage
ARGEVT Joe Rogan hazard
ARGLOG Joe Rogan t  18.3 pos '120.2 -415.2 -104.0' spd 337.0 yaw 137.0 mode 0 st 0 gl 1 hp 76 frg 0
ARGUS Romero hunch item_artifact_super_damage
ARGEVT Joe Rogan routefail
ARGEVT Joe Rogan goal 
ARGEVT Romero goal item_health
ARGEVT Romero pursue
ARGEVT Romero hazard
ARGEVT Joe Rogan route 8 start '113.0 -407.0 -104.0' goal ' 81.0 201.0 -357.0'
ARGLOG Romero t  18.7 pos '112.0 -364.6 -24.0' spd 213.2 yaw 194.5 mode 0 st 0 gl 0 hp 40 frg 0
ARGLOG Carmack t  18.7 pos '368.0 -36.1 -296.0' spd 300 yaw 247.4 mode 2 st 4 gl 2 hp 100 frg -1
ARGLOG Joe Rogan t  18.9 pos '112.1 -384.4 -104.0' spd 266.4 yaw  73.6 mode 2 st 0 gl 1 hp 76 frg 0
ARGEVT Romero route 11 start '113.0 -375.0  -8.0' goal '-15.0 553.0 -296.0'
ARGLOG Romero t  19.2 pos '135.1 -500.2  24.0' spd 350.5 yaw 326.5 mode 2 st 0 gl 0 hp 40 frg 0
ARGLOG Carmack t  19.2 pos '365.1 -128.9 -296.0' spd 322.7 yaw 280.7 mode 2 st 4 gl 2 hp 100 frg -1
ARGEVT Joe Rogan pursue
ARGLOG Joe Rogan t  19.4 pos '277.8 -408.6 -104.0' spd 391.4 yaw 324.2 mode 2 st 0 gl 1 hp 2 frg 0
ARGEVT Joe Rogan weapon gl
ARGEVT Joe Rogan retreat
ARGEVT Carmack hazard
ARGLOG Romero t  19.8 pos '236.9 -464.4  24.0' spd 320.0 yaw   8.5 mode 2 st 0 gl 0 hp 40 frg 0
ARGLOG Carmack t  19.8 pos '365.6 -183.4 -296.0' spd 115.2 yaw 298.3 mode 2 st 4 gl 2 hp 100 frg -1
ARGLOG Joe Rogan t  20.0 pos '429.5 -441.9 -104.0' spd 118.2 yaw 155.8 mode 2 st 0 gl 1 hp 2 frg 0
ARGEVT Joe Rogan death Romero pos '432.0 -433.8 -102.6'
ARGUS Romero watch spawn
ARGEVT Carmack engage Romero
ARGEVT Romero engage Carmack
ARGEVT Romero goal item_health
ARGLOG Romero t  20.3 pos '238.8 -410.3 -84.9' spd  46.7 yaw  63.2 mode 0 st 0 gl 0 hp 40 frg 1
ARGLOG Carmack t  20.3 pos '346.1 -132.6 -296.0' spd 320.4 yaw 254.2 mode 2 st 4 gl 2 hp 100 frg -1
ARGEVT Romero route 15 start '209.0 -375.0 -104.0' goal '-239.0 -471.0 -72.0'
ARGEVT Romero grab 
ARGEVT Carmack hazard
ARGLOG Romero t  20.9 pos '394.1 -408.9 -104.0' spd 332.1 yaw  62.7 mode 2 st 0 gl 0 hp 40 frg 1
ARGLOG Carmack t  20.9 pos '384.9 -134.7 -296.0' spd 320.1 yaw 287.8 mode 2 st 4 gl 2 hp 99 frg -1
ARGEVT Romero grab item_health
ARGEVT Romero hazard
ARGLOG Romero t  21.5 pos '564.4 -420.9 -104.0' spd 352.5 yaw 178.1 mode 2 st 0 gl 0 hp 40 frg 1
ARGLOG Carmack t  21.5 pos '271.6 -237.9 -296.0' spd 330.0 yaw 265.5 mode 2 st 4 gl 2 hp 99 frg -1
ARGEVT Romero pursue
ARGEVT Carmack pursue
ARGEVT Joe Rogan respawn
ARGUS Carmack hunch item_health
ARGEVT Joe Rogan goal 
ARGLOG Joe Rogan t  21.6 pos '-64.0 512.0 -296.0' spd 0 yaw 289.5 mode 0 st 0 gl 1 hp 100 frg 0
ARGEVT Carmack pursue
ARGEVT Joe Rogan route 3 start '-15.0 553.0 -296.0' goal ' 81.0 201.0 -357.0'
ARGEVT Carmack goal 
ARGEVT Carmack route 1 start '241.0 -279.0 -296.0' goal '305.0 -87.0 -296.0'
ARGEVT Carmack hazard
ARGLOG Romero t  22.0 pos '518.8 -355.4 -104.0' spd 266.9 yaw 177.1 mode 2 st 0 gl 0 hp 40 frg 1
ARGLOG Carmack t  22.0 pos '114.5 -249.0 -296.0' spd 140.4 yaw 321.8 mode 2 st 4 gl 2 hp 99 frg -1
ARGEVT Joe Rogan hazard
ARGLOG Joe Rogan t  22.2 pos ' 64.9 417.2 -296.0' spd 381.4 yaw 304.3 mode 2 st 0 gl 1 hp 100 frg 0
ARGEVT Carmack pursue
ARGEVT Romero pursue
ARGLOG Romero t  22.6 pos '566.0 -405.2 -104.0' spd 103.7 yaw 135.3 mode 2 st 0 gl 0 hp 40 frg 1
ARGLOG Carmack t  22.6 pos '128.5 -211.4 -296.0' spd 365.1 yaw 337 mode 2 st 4 gl 2 hp 99 frg -1
ARGLOG Joe Rogan t  22.8 pos '112.0 391.7 -296.0' spd 322.9 yaw 261 mode 2 st 0 gl 1 hp 100 frg 0
ARGEVT Carmack weapon ng
ARGEVT Joe Rogan hazard
ARGLOG Romero t  23.1 pos '467.8 -271.8 -104.0' spd 327.2 yaw 136.0 mode 2 st 0 gl 0 hp 40 frg 1
ARGLOG Carmack t  23.1 pos '212.6 -231.7 -296.0' spd 320.0 yaw  19.0 mode 2 st 4 gl 2 hp 99 frg -1
ARGEVT Romero weapon sg
ARGLOG Joe Rogan t  23.3 pos ' 19.1 415.8 -296.0' spd 167.7 yaw 287 mode 2 st 0 gl 1 hp 100 frg 0
ARGEVT Romero hazard
ARGLOG Romero t  23.7 pos '385.9 -214.2 -113.2' spd 304.4 yaw 192.8 mode 2 st 0 gl 0 hp 40 frg 1
ARGLOG Carmack t  23.7 pos '158.0 -269.5 -296.0' spd 335.5 yaw  12.9 mode 2 st 4 gl 2 hp 99 frg -1
ARGEVT Carmack hazard
ARGLOG Joe Rogan t  23.9 pos '  3.0 410.8 -296.0' spd 352.8 yaw 291 mode 2 st 0 gl 1 hp 100 frg 0
ARGEVT Joe Rogan hazard
ARGEVT Romero retreat
ARGLOG Romero t  24.2 pos '226.0 -246.2 -296.0' spd 270.5 yaw 182.3 mode 2 st 0 gl 0 hp 31 frg 1
ARGLOG Carmack t  24.2 pos ' 58.4 -255.7 -296.0' spd 257.3 yaw   4.2 mode 2 st 4 gl 2 hp 95 frg -1
ARGLOG Joe Rogan t  24.4 pos ' 85.0 397.5 -296.0' spd 162.1 yaw 269 mode 2 st 0 gl 1 hp 100 frg 0
ARGEVT Joe Rogan engage Carmack
ARGLOG Romero t  24.8 pos '371.3 -233.4 -296.0' spd 320.1 yaw 182.8 mode 2 st 0 gl 0 hp 13 frg 1
ARGLOG Carmack t  24.8 pos '-84.7 -222.3 -259.3' spd 377.2 yaw 346.1 mode 0 st 4 gl 2 hp 73 frg -1
ARGEVT Carmack route 3 start '-111.0 -247.0 -296.0' goal '305.0 -87.0 -296.0'
ARGEVT Romero hazard
ARGLOG Joe Rogan t  25.0 pos '102.9 413.8 -296.0' spd 270.4 yaw 248.4 mode 2 st 0 gl 1 hp 100 frg 0
ARGEVT Carmack weapon sg
ARGEVT Romero death Carmack pos '463.1 -227.1 -296.0'
ARGUS Carmack watch spawn
ARGEVT Carmack goal item_rockets
ARGLOG Carmack t  25.3 pos '-35.5 -217.4 -296.0' spd 320.0 yaw 357 mode 0 st 4 gl 2 hp 73 frg 0
ARGEVT Joe Rogan hazard
ARGEVT Carmack route 10 start ' 17.0 -247.0 -296.0' goal '401.0 -759.0 -104.0'
ARGLOG Joe Rogan t  25.5 pos ' 44.5 413.4 -296.0' spd  75.3 yaw 262.9 mode 2 st 0 gl 1 hp 100 frg 0
ARGLOG Carmack t  25.9 pos '144.0 -228.5 -296.0' spd 320.4 yaw 1 mode 2 st 4 gl 2 hp 73 frg 0
ARGLOG Joe Rogan t  26.1 pos '110.7 393.1 -296.0' spd 323.0 yaw 262 mode 2 st 0 gl 1 hp 100 frg 0
ARGEVT Carmack hazard
ARGEVT Joe Rogan hazard
ARGLOG Carmack t  26.4 pos '314.2 -218.2 -296.0' spd 320.2 yaw 25 mode 2 st 4 gl 2 hp 73 frg 0
ARGLOG Joe Rogan t  26.6 pos ' 18.3 415.8 -296.0' spd 165.4 yaw 287 mode 2 st 0 gl 1 hp 100 frg 0
ARGEVT Romero respawn
ARGEVT Romero goal item_armorInv
ARGLOG Romero t  26.7 pos '272.0 -952.0  24.0' spd 0 yaw 10 mode 0 st 0 gl 0 hp 100 frg 1
ARGEVT Romero route 13 start '305.0 -983.0  24.0' goal '817.0 -855.0 -232.0'
ARGEVT Joe Rogan pursue
ARGLOG Carmack t  27.0 pos '492.3 -208.8 -296.0' spd 320.2 yaw 50 mode 2 st 4 gl 2 hp 73 frg 0
ARGLOG Joe Rogan t  27.2 pos '-42.0 384.4 -296.0' spd 321.8 yaw 271 mode 2 st 0 gl 1 hp 100 frg 0
ARGLOG Romero t  27.2 pos '401.4 -847.1  24.0' spd 391.5 yaw 111 mode 2 st 0 gl 0 hp 100 frg 1
ARGLOG Carmack t  27.6 pos '653.9 -141.1 -296.0' spd 365.6 yaw 258 mode 2 st 4 gl 2 hp 73 frg 0
ARGLOG Joe Rogan t  27.7 pos '-42.6 207.1 -296.0' spd 320.0 yaw 271 mode 2 st 0 gl 1 hp 100 frg 0
ARGLOG Romero t  27.8 pos '328.4 -686.1  24.0' spd 333.3 yaw 51 mode 2 st 0 gl 0 hp 100 frg 1
ARGUS Joe Rogan hunch item_artifact_super_damage
ARGEVT Joe Rogan goal 
ARGEVT Joe Rogan route 2 start '-47.0  73.0 -296.0' goal ' 81.0 201.0 -357.0'
ARGLOG Carmack t  28.1 pos '643.8  38.1 -296.0' spd 320.2 yaw 261 mode 2 st 4 gl 2 hp 73 frg 0
ARGEVT Joe Rogan hazard
ARGLOG Joe Rogan t  28.3 pos '-100.6  57.6 -296.0' spd 362.0 yaw 178.8 mode 2 st 0 gl 1 hp 100 frg 0
ARGLOG Romero t  28.4 pos '323.4 -505.9  24.0' spd 373.2 yaw 32 mode 2 st 0 gl 0 hp 100 frg 1
ARGEVT Romero engage Carmack
ARGEVT Carmack engage Romero
ARGEVT Carmack grab item_rockets
ARGLOG Carmack t  28.7 pos '381.6 -864.0  24.0' spd 300 yaw  86.9 mode 2 st 4 gl 2 hp 73 frg 0
ARGLOG Joe Rogan t  28.9 pos '-182.0 127.5 -296.0' spd 353.8 yaw 15 mode 2 st 0 gl 1 hp 100 frg 0
ARGLOG Romero t  28.9 pos '291.0 -471.8  24.0' spd 323.5 yaw 286.4 mode 2 st 0 gl 0 hp 100 frg 1
ARGLOG Carmack t  29.2 pos '403.6 -834.5  24.0' spd 329.2 yaw 124.1 mode 2 st 4 gl 2 hp 73 frg 0
ARGLOG Joe Rogan t  29.4 pos '-56.1 194.4 -296.0' spd 362.4 yaw  45.7 mode 2 st 0 gl 1 hp 100 frg 0
ARGEVT Carmack pursue
ARGEVT Joe Rogan hazard
ARGEVT Romero pursue
ARGLOG Romero t  29.4 pos '223.6 -497.8  24.0' spd 320.2 yaw 295.2 mode 2 st 0 gl 0 hp 100 frg 1
ARGUS Romero hunch item_rockets
ARGUS Carmack hunch item_artifact_super_damage
ARGEVT Romero pursue
ARGEVT Carmack goal item_rockets
ARGEVT Carmack route 3 start '401.0 -759.0  24.0' goal '401.0 -759.0 -104.0'
ARGEVT Carmack hazard
ARGEVT Romero goal item_armorInv
ARGEVT Carmack pursue
ARGLOG Carmack t  29.8 pos '476.5 -784.0  24.0' spd  84.7 yaw 265.2 mode 2 st 4 gl 2 hp 73 frg 0
ARGEVT Romero route 10 start '209.0 -503.0  24.0' goal '817.0 -855.0 -232.0'
ARGLOG Joe Rogan t  29.9 pos '-60.9 296.0 -296.0' spd 297.3 yaw 327 mode 2 st 0 gl 1 hp 100 frg 0
ARGLOG Romero t  30.0 pos '117.9 -469.9  24.0' spd 377.8 yaw 251.5 mode 2 st 0 gl 0 hp 100 frg 1
ARGEVT Romero hazard
ARGLOG Carmack t  30.4 pos '344.8 -852.8  20.0' spd 356.7 yaw 147.1 mode 2 st 4 gl 2 hp 73 frg 0
ARGLOG Joe Rogan t  30.5 pos '-51.4 147.5 -296.0' spd 347.6 yaw 22 mode 2 st 0 gl 1 hp 100 frg 0
ARGEVT Joe Rogan hazard
ARGEVT Romero pursue
ARGLOG Romero t  30.5 pos '274.8 -523.2  24.0' spd 325.8 yaw 356.9 mode 2 st 0 gl 0 hp 100 frg 1
ARGEVT Carmack hazard
ARGLOG Carmack t  30.9 pos '208.0 -752.0  24.0' spd 0 yaw  46.6 mode 2 st 4 gl 2 hp 73 frg 0
ARGLOG Joe Rogan t  31.0 pos ' 80.8 111.3 -296.0' spd 317.7 yaw 64 mode 1 st 0 gl 1 hp 100 frg 0
ARGLOG Romero t  31.1 pos '368.0 -595.8  24.0' spd 320.2 yaw 273 mode 2 st 0 gl 0 hp 100 frg 1
ARGLOG Carmack t  31.5 pos '380.8 -760.7  24.0' spd 335.3 yaw  97.2 mode 1 st 4 gl 2 hp 72 frg 0
ARGLOG Joe Rogan t  31.6 pos ' 79.7 116.2 -296.0' spd 211.1 yaw  86.6 mode 1 st 0 gl 1 hp 100 frg 0
ARGEVT Joe Rogan hazard
ARGLOG Romero t  31.7 pos '338.6 -624.8  24.0' spd 182.0 yaw 291.2 mode 2 st 0 gl 0 hp 76 frg 1
ARGEVT Carmack grab item_rockets
ARGEVT Romero hazard
ARGLOG Carmack t  32.0 pos '455.3 -784.8  24.0' spd 366.1 yaw 136.8 mode 1 st 4 gl 2 hp 68 frg 0
ARGLOG Joe Rogan t  32.1 pos '108.7 138.3 -296.0' spd 336.8 yaw   9.5 mode 1 st 0 gl 1 hp 100 frg 0
ARGEVT Carmack hazard
ARGLOG Romero t  32.2 pos '320.1 -671.0  24.0' spd 330.3 yaw 334.0 mode 2 st 0 gl 0 hp 52 frg 1
ARGEVT Romero retreat
ARGLOG Carmack t  32.6 pos '467.0 -762.6  24.0' spd 230.3 yaw 193.1 mode 1 st 4 gl 2 hp 68 frg 0
ARGLOG Joe Rogan t  32.7 pos ' 71.7 124.5 -296.0' spd 130.3 yaw  29.4 mode 1 st 0 gl 1 hp 100 frg 0
ARGLOG Romero t  32.7 pos '236.0 -819.1  24.0' spd 321.1 yaw   9.0 mode 0 st 0 gl 0 hp 28 frg 1
ARGEVT Joe Rogan hazard
ARGEVT Romero route 12 start '209.0 -759.0  24.0' goal '817.0 -855.0 -232.0'
ARGLOG Joe Rogan t  33.2 pos '112.0  87.6 -296.0' spd 311.3 yaw  68.4 mode 1 st 0 gl 1 hp 100 frg 0
ARGLOG Carmack t  33.2 pos '464.7 -770.9  24.0' spd 214.2 yaw 216.4 mode 1 st 4 gl 2 hp 65 frg 0
ARGLOG Romero t  33.3 pos '208.0 -999.8  24.0' spd 369.7 yaw  43.1 mode 2 st 0 gl 0 hp 4 frg 1
ARGEVT Romero hazard
ARGEVT Carmack grab item_rockets
ARGEVT Romero death Carmack pos '208.0 -1031.9  24.0'
ARGUS Carmack watch spawn
ARGEVT Carmack goal weapon_supernailgun
ARGLOG Joe Rogan t  33.7 pos ' 19.6 109.6 -296.0' spd 154.0 yaw   9.8 mode 1 st 0 gl 1 hp 100 frg 0
ARGLOG Carmack t  33.7 pos '624.0  21.9 -296.0' spd 300 yaw 188 mode 0 st 4 gl 2 hp 61 frg 1
ARGEVT Carmack routefail
ARGEVT Carmack goal item_health
ARGEVT Carmack route 9 start '625.0   9.0 -296.0' goal '-15.0 553.0 -296.0'
ARGEVT Joe Rogan hazard
ARGLOG Joe Rogan t  34.3 pos '112.0  75.9 -296.0' spd 263.3 yaw 90 mode 1 st 0 gl 1 hp 100 frg 0
ARGLOG Carmack t  34.3 pos '619.6   1.4 -296.0' spd 343.5 yaw 244 mode 2 st 4 gl 2 hp 61 frg 1
ARGLOG Joe Rogan t  34.8 pos ' -4.9 105.9 -296.0' spd 222.7 yaw  50.6 mode 1 st 0 gl 1 hp 100 frg 0
ARGLOG Carmack t  34.8 pos '596.1 -176.0 -296.0' spd 320.1 yaw 197 mode 2 st 4 gl 2 hp 61 frg 1
ARGEVT Romero respawn
ARGEVT Romero goal item_armorInv
ARGLOG Romero t  35.0 pos '112.0 -1136.0 -104.0' spd 0 yaw 45 mode 0 st 0 gl 0 hp 100 frg 1
ARGUS routecache adopt
ARGEVT Carmack route 8 start '593.0 -215.0 -296.0' goal '-15.0 553.0 -296.0'
ARGEVT Romero route 17 start '145.0 -1143.0 -88.0' goal '817.0 -855.0 -232.0'
ARGEVT Joe Rogan hazard
ARGLOG Joe Rogan t  35.4 pos '112.0 125.9 -296.0' spd 329.4 yaw  37.2 mode 1 st 0 gl 1 hp 100 frg 0
ARGLOG Carmack t  35.4 pos '455.5 -272.0 -296.0' spd 320.1 yaw 176 mode 2 st 4 gl 2 hp 61 frg 1
ARGLOG Romero t  35.6 pos '231.8 -1016.2 -104.0' spd 320 yaw 45 mode 2 st 0 gl 0 hp 100 frg 1
ARGLOG Joe Rogan t  35.9 pos ' 14.5 107.5 -296.0' spd 233.0 yaw  47.2 mode 1 st 0 gl 1 hp 100 frg 0
ARGLOG Carmack t  35.9 pos '279.1 -276.4 -296.0' spd 321.4 yaw 144 mode 2 st 4 gl 2 hp 61 frg 1
ARGLOG Romero t  36.1 pos '357.2 -890.8 -104.0' spd 320.0 yaw 46 mode 0 st 0 gl 0 hp 100 frg 1
ARGEVT Joe Rogan hazard
ARGEVT Carmack hazard
ARGEVT Romero route 19 start '401.0 -887.0 -104.0' goal '817.0 -855.0 -232.0'
ARGLOG Joe Rogan t  36.5 pos '110.9  67.5 -296.0' spd 358.3 yaw  19.7 mode 1 st 0 gl 1 hp 100 frg 0
ARGEVT Romero hazard
ARGLOG Carmack t  36.5 pos '158.9 -205.0 -296.0' spd 311.5 yaw 142 mode 2 st 4 gl 2 hp 61 frg 1
ARGLOG Romero t  36.7 pos '464.0 -760.4 -104.0' spd 206.1 yaw 288.9 mode 0 st 0 gl 0 hp 100 frg 1
ARGEVT Romero route 20 start '401.0 -759.0 -104.0' goal '817.0 -855.0 -232.0'
ARGEVT Joe Rogan stall
ARGEVT Joe Rogan jump
ARGLOG Joe Rogan t  37.0 pos ' 51.5  95.7 -282.3' spd 384.9 yaw  90.3 mode 0 st 1 gl 1 hp 100 frg 0
ARGLOG Carmack t  37.0 pos '-18.6 -238.1 -296.0' spd 371.8 yaw 111.3 mode 2 st 4 gl 2 hp 61 frg 1
ARGEVT Joe Rogan engage Carmack
ARGEVT Carmack engage Joe Rogan
ARGLOG Romero t  37.2 pos '395.4 -904.1 -104.0' spd 338.0 yaw 224 mode 2 st 0 gl 0 hp 100 frg 1
ARGEVT Joe Rogan route 1 start ' 49.0 105.0 -296.0' goal ' 81.0 201.0 -357.0'
ARGLOG Joe Rogan t  37.6 pos ' 21.9 109.7 -296.0' spd  37.5 yaw 260.8 mode 2 st 1 gl 1 hp 100 frg 0
ARGLOG Carmack t  37.6 pos '-37.4 -131.8 -296.0' spd 145.4 yaw  71.4 mode 2 st 4 gl 2 hp 61 frg 1
ARGLOG Romero t  37.8 pos '232.8 -985.4 -104.0' spd 342.5 yaw 256 mode 2 st 0 gl 0 hp 100 frg 1
ARGEVT Joe Rogan hazard
ARGEVT Carmack pursue
ARGEVT Carmack hazard
ARGEVT Carmack death Joe Rogan pos '-25.6 -94.4 -296.0'
ARGUS Joe Rogan watch spawn
ARGLOG Joe Rogan t  38.2 pos '112.0  76.8 -296.0' spd 240.1 yaw 252.5 mode 2 st 1 gl 1 hp 100 frg 1
ARGEVT Joe Rogan goal 
ARGUS routecache adopt
ARGEVT Joe Rogan route 1 start ' 49.0 105.0 -296.0' goal ' 81.0 201.0 -357.0'
ARGLOG Romero t  38.3 pos '156.1 -1148.4 -88.0' spd 332.0 yaw 334 mode 2 st 0 gl 0 hp 100 frg 1
ARGEVT Romero jump
ARGLOG Joe Rogan t  38.7 pos '-51.2  74.7 -296.0' spd 356.4 yaw 232.6 mode 2 st 1 gl 1 hp 100 frg 1
ARGLOG Romero t  38.9 pos '210.5 -1228.3 -35.7' spd  31.3 yaw 68 mode 2 st 0 gl 0 hp 100 frg 1
ARGEVT Joe Rogan hazard
ARGLOG Joe Rogan t  39.3 pos '-45.1  19.1 -296.0' spd 394.0 yaw 269 mode 2 st 1 gl 1 hp 100 frg 1
ARGLOG Romero t  39.5 pos '277.9 -1182.5 -24.0' spd 320.0 yaw 85 mode 2 st 0 gl 0 hp 100 frg 1
ARGEVT Carmack respawn
ARGEVT Romero engage Carmack
ARGEVT Carmack goal weapon_supershotgun
ARGEVT Carmack engage Romero
ARGEVT Carmack grab 
ARGLOG Carmack t  39.5 pos '112.0 -1136.0 -104.0' spd 0 yaw   1.7 mode 1 st 4 gl 2 hp 100 frg 1
ARGLOG Joe Rogan t  39.8 pos '-80.0 -160.4 -296.0' spd 354.9 yaw 130.6 mode 0 st 1 gl 1 hp 100 frg 1
ARGEVT Joe Rogan route 3 start '-79.0 -151.0 -296.0' goal ' 81.0 201.0 -357.0'
ARGLOG Romero t  40.0 pos '336.2 -1044.7  24.0' spd 320.7 yaw 162.0 mode 2 st 0 gl 0 hp 100 frg 1
ARGLOG Carmack t  40.1 pos '201.8 -990.8 -104.0' spd 320.2 yaw 349.8 mode 1 st 4 gl 2 hp 100 frg 1
ARGEVT Romero grab 
ARGEVT Romero pursue
ARGEVT Carmack pursue
ARGLOG Joe Rogan t  40.4 pos '-74.5 -50.8 -296.0' spd 320.3 yaw 58 mode 2 st 1 gl 1 hp 100 frg 1
ARGEVT Carmack goal weapon_lightning
ARGUS Carmack hunch item_armorInv
ARGLOG Romero t  40.6 pos '208.0 -993.0  24.0' spd 166.5 yaw 236 mode 2 st 0 gl 0 hp 100 frg 1
ARGEVT Carmack pursue
ARGLOG Carmack t  40.6 pos '304.2 -1005.2 -104.0' spd 239.4 yaw  81.3 mode 0 st 4 gl 3 hp 100 frg 1
ARGUS Romero hunch item_armorInv
ARGEVT Romero hazard
ARGEVT Romero pursue
ARGEVT Carmack goal item_armorInv
ARGLOG Joe Rogan t  40.9 pos ' 32.1  98.1 -296.0' spd 356.1 yaw 64 mode 2 st 1 gl 1 hp 100 frg 1
ARGEVT Joe Rogan hazard
ARGEVT Romero goal weapon_lightning
ARGEVT Carmack route 19 start '369.0 -983.0 -104.0' goal '817.0 -855.0 -232.0'
ARGEVT Romero pursue
ARGLOG Romero t  41.1 pos '341.8 -1069.5  24.0' spd 322.6 yaw 300.7 mode 0 st 0 gl 0 hp 100 frg 1
ARGLOG Carmack t  41.2 pos '430.2 -880.3 -104.0' spd 367.7 yaw 323.9 mode 2 st 4 gl 3 hp 100 frg 1
ARGEVT Carmack hazard
ARGEVT Romero route 7 start '305.0 -1079.0  24.0' goal '529.0 -311.0 -104.0'
ARGLOG Joe Rogan t  41.5 pos ' 34.0  97.7 -296.0' spd 333.9 yaw 251.5 mode 1 st 1 gl 1 hp 100 frg 1
ARGLOG Romero t  41.6 pos '360.2 -1232.0 -23.3' spd  21.5 yaw 180.7 mode 2 st 0 gl 0 hp 100 frg 1
ARGLOG Carmack t  41.8 pos '432.3 -1028.8 -104.0' spd 350.4 yaw 199.4 mode 2 st 4 gl 3 hp 100 frg 1
ARGEVT Joe Rogan hazard
ARGEVT Romero jump
ARGLOG Joe Rogan t  42.1 pos ' 97.7  73.6 -296.0' spd 358.4 yaw  69.7 mode 1 st 1 gl 1 hp 100 frg 1
ARGLOG Romero t  42.2 pos '225.8 -1158.1   7.6' spd 323.9 yaw  89.3 mode 2 st 0 gl 0 hp 100 frg 1
ARGLOG Carmack t  42.3 pos '272.5 -1007.6 -104.0' spd 261.9 yaw 259.9 mode 2 st 4 gl 3 hp 76 frg 1
ARGLOG Joe Rogan t  42.6 pos ' 10.4 111.8 -296.0' spd 144.0 yaw  27.8 mode 1 st 1 gl 1 hp 100 frg 1
ARGEVT Romero pursue
ARGEVT Carmack pursue
ARGLOG Romero t  42.7 pos '232.9 -1226.9  47.9' spd 105.7 yaw 78 mode 2 st 0 gl 0 hp 56 frg 1
ARGLOG Carmack t  42.9 pos '172.1 -987.4 -104.0' spd 223.8 yaw 286.3 mode 2 st 4 gl 3 hp 52 frg 1
ARGEVT Joe Rogan hazard
ARGEVT Romero retreat
ARGLOG Joe Rogan t  43.2 pos '101.8 111.9 -296.0' spd 279.2 yaw 322.2 mode 1 st 1 gl 1 hp 100 frg 1
ARGEVT Carmack hazard
ARGLOG Romero t  43.3 pos '353.3 -1232.0 -24.0' spd 320.0 yaw 148.2 mode 2 st 0 gl 0 hp 24 frg 1
ARGEVT Romero hazard
ARGLOG Carmack t  43.4 pos ' 95.7 -1133.5 -104.0' spd 311.4 yaw 347.8 mode 2 st 4 gl 3 hp 40 frg 1
ARGLOG Joe Rogan t  43.7 pos ' 67.0 123.6 -296.0' spd 284.3 yaw  60.4 mode 1 st 1 gl 1 hp 100 frg 1
ARGLOG Romero t  43.9 pos '343.4 -1139.7  -8.0' spd 166.0 yaw 189.1 mode 2 st 0 gl 0 hp 8 frg 1
ARGLOG Carmack t  44.0 pos ' 92.0 -1145.1 -104.0' spd 321.2 yaw 358.8 mode 2 st 4 gl 3 hp 40 frg 1
ARGLOG Joe Rogan t  44.3 pos '103.0 140.1 -296.0' spd 312.2 yaw 120.2 mode 1 st 1 gl 1 hp 100 frg 1
ARGEVT Joe Rogan hazard
ARGLOG Romero t  44.4 pos '365.3 -1094.1  24.0' spd 320.9 yaw 162.6 mode 2 st 0 gl 0 hp 8 frg 1
ARGLOG Carmack t  44.6 pos '134.8 -970.3 -104.0' spd 321.6 yaw 345.4 mode 2 st 4 gl 3 hp 40 frg 1
ARGEVT Carmack pursue
ARGEVT Romero pursue
ARGLOG Joe Rogan t  44.8 pos ' 99.8 119.8 -296.0' spd 363.6 yaw  40.2 mode 1 st 1 gl 1 hp 100 frg 1
ARGLOG Romero t  45.0 pos '309.3 -959.9  24.0' spd 355.0 yaw 203 mode 2 st 0 gl 0 hp 8 frg 1
ARGLOG Carmack t  45.1 pos '280.9 -985.0 -104.0' spd 333.5 yaw 296 mode 2 st 4 gl 3 hp 40 frg 1
ARGEVT Carmack hazard
ARGLOG Joe Rogan t  45.4 pos ' 74.6 116.9 -296.0' spd 281.5 yaw  19.1 mode 1 st 1 gl 1 hp 100 frg 1
ARGEVT Joe Rogan hazard
ARGLOG Romero t  45.5 pos '208.0 -1029.0  24.0' spd 229.0 yaw 190 mode 2 st 0 gl 0 hp 8 frg 1
ARGLOG Carmack t  45.7 pos '298.2 -1035.1 -104.0' spd 359.5 yaw 235 mode 2 st 4 gl 3 hp 40 frg 1
ARGEVT Carmack pursue
ARGLOG Joe Rogan t  45.9 pos '112.0 126.3 -296.0' spd 320 yaw 109.8 mode 1 st 1 gl 1 hp 100 frg 1
ARGLOG Romero t  46.1 pos '208.0 -1040.0  24.0' spd 0 yaw 184 mode 2 st 0 gl 0 hp 8 frg 1
ARGEVT Carmack jump
ARGLOG Carmack t  46.2 pos '197.2 -1136.0 -79.8' spd   8.0 yaw 334.3 mode 2 st 4 gl 3 hp 40 frg 1
ARGLOG Joe Rogan t  46.5 pos ' 59.6 107.3 -296.0' spd 322.1 yaw 343 mode 1 st 1 gl 1 hp 100 frg 1
ARGEVT Joe Rogan hazard
ARGEVT Joe Rogan stall
ARGEVT Joe Rogan jump
ARGLOG Romero t  46.7 pos '208.0 -1040.0  24.0' spd 0 yaw 184 mode 2 st 0 gl 0 hp 8 frg 1
ARGUS Carmack hunch item_health
ARGEVT Carmack goal item_health
ARGEVT Carmack route 2 start '177.0 -1111.0 -104.0' goal '369.0 -983.0 -104.0'
ARGLOG Carmack t  46.8 pos '243.5 -1136.0 -102.5' spd  26.6 yaw 175.3 mode 2 st 4 gl 3 hp 40 frg 1
ARGUS Romero hunch item_health
ARGEVT Romero goal item_health
ARGEVT Joe Rogan route 1 start ' 49.0 105.0 -296.0' goal ' 81.0 201.0 -357.0'
ARGLOG Joe Rogan t  47.0 pos '112.0 134.8 -259.9' spd 30 yaw 250.5 mode 1 st 2 gl 1 hp 100 frg 1
ARGEVT Romero route 2 start '209.0 -1015.0  24.0' goal '369.0 -983.0 -104.0'
ARGLOG Romero t  47.2 pos '208.0 -977.7  24.0' spd 320.0 yaw 111.1 mode 2 st 0 gl 0 hp 8 frg 1
ARGLOG Carmack t  47.3 pos '195.9 -996.8 -104.0' spd 404.8 yaw   1.4 mode 2 st 4 gl 3 hp 40 frg 1
ARGLOG Joe Rogan t  47.6 pos ' 18.2 113.0 -296.0' spd 316.6 yaw  95.3 mode 1 st 2 gl 1 hp 100 frg 1
ARGEVT Joe Rogan hazard
ARGLOG Romero t  47.8 pos '208.0 -847.9  24.0' spd 124.9 yaw 249.0 mode 2 st 0 gl 0 hp 8 frg 1
ARGLOG Carmack t  47.9 pos '386.0 -983.4 -104.0' spd 320.5 yaw   6.5 mode 1 st 4 gl 3 hp 55 frg 1
ARGEVT Carmack hazard
ARGLOG Joe Rogan t  48.1 pos ' 89.6  96.6 -296.0' spd 323.2 yaw 357.8 mode 1 st 2 gl 1 hp 100 frg 1
ARGLOG Romero t  48.3 pos '300.0 -993.9  24.0' spd 348.4 yaw 8 mode 2 st 0 gl 0 hp 8 frg 1
ARGLOG Carmack t  48.4 pos '457.8 -866.4 -104.0' spd 345.0 yaw 146.0 mode 1 st 4 gl 3 hp 85 frg 1
ARGLOG Joe Rogan t  48.7 pos ' 97.8 119.9 -296.0' spd 173.3 yaw  95.5 mode 1 st 2 gl 1 hp 100 frg 1
ARGEVT Joe Rogan hazard
ARGLOG Romero t  48.9 pos '475.4 -952.1  24.0' spd 388.9 yaw 110.7 mode 1 st 0 gl 0 hp 8 frg 1
ARGEVT Romero hazard
ARGLOG Carmack t  49.0 pos '306.5 -894.8 -104.0' spd 420.5 yaw 285.2 mode 1 st 4 gl 3 hp 85 frg 1
ARGLOG Joe Rogan t  49.2 pos '111.0  99.4 -296.0' spd 341.4 yaw 317.9 mode 1 st 2 gl 1 hp 100 frg 1
ARGLOG Romero t  49.4 pos '312.8 -913.3  24.0' spd 410.7 yaw 288.3 mode 1 st 0 gl 0 hp 8 frg 1
ARGEVT Carmack hazard
ARGLOG Carmack t  49.6 pos '275.9 -1040.0 -104.0' spd 335.8 yaw 198.2 mode 1 st 4 gl 3 hp 85 frg 1
ARGEVT Joe Rogan hazard
ARGLOG Joe Rogan t  49.8 pos ' 62.9 113.9 -296.0' spd 342.0 yaw  47.2 mode 1 st 2 gl 1 hp 100 frg 1
ARGLOG Romero t  50.0 pos '444.3 -1002.1  24.0' spd 419.6 yaw 100.9 mode 1 st 0 gl 0 hp 8 frg 1
ARGLOG Carmack t  50.1 pos '218.7 -1136.0 -104.0' spd 320.0 yaw  16.1 mode 1 st 4 gl 3 hp 85 frg 1
ARGLOG Joe Rogan t  50.4 pos '106.2  52.6 -296.0' spd 272.2 yaw 32 mode 1 st 2 gl 1 hp 100 frg 1
ARGLOG Romero t  50.6 pos '329.1 -903.7  24.0' spd 424.2 yaw 279.8 mode 1 st 0 gl 0 hp 8 frg 1
ARGLOG Carmack t  50.7 pos '290.6 -989.5 -104.0' spd 323.1 yaw 54 mode 1 st 4 gl 3 hp 85 frg 1
ARGEVT Joe Rogan hazard
ARGLOG Joe Rogan t  50.9 pos ' 79.6 122.8 -296.0' spd 296.3 yaw   2.7 mode 1 st 2 gl 1 hp 100 frg 1
ARGLOG Romero t  51.1 pos '445.0 -1005.0  24.0' spd 424.1 yaw  99.2 mode 1 st 0 gl 0 hp 8 frg 1
ARGLOG Carmack t  51.2 pos '424.3 -867.3 -104.0' spd 384.2 yaw 322 mode 1 st 4 gl 3 hp 85 frg 1
ARGEVT Carmack hazard
ARGLOG Joe Rogan t  51.5 pos ' 92.6  56.9 -296.0' spd 155.6 yaw  22.5 mode 1 st 2 gl 1 hp 100 frg 1
ARGLOG Romero t  51.7 pos '333.6 -901.4  24.0' spd 424.6 yaw 277.7 mode 1 st 0 gl 0 hp 8 frg 1
ARGLOG Carmack t  51.8 pos '399.2 -935.0 -104.0' spd 378.8 yaw 161 mode 1 st 4 gl 3 hp 85 frg 1
ARGEVT Joe Rogan hazard
ARGLOG Joe Rogan t  52.0 pos ' 81.1 122.1 -296.0' spd 255.8 yaw   0.3 mode 1 st 2 gl 1 hp 100 frg 1
ARGLOG Romero t  52.2 pos '444.1 -1008.5  24.0' spd 424.7 yaw  95.6 mode 1 st 0 gl 0 hp 8 frg 1
ARGLOG Carmack t  52.3 pos '278.5 -1040.0 -104.0' spd  81.4 yaw 339.6 mode 1 st 4 gl 3 hp 85 frg 1
ARGLOG Joe Rogan t  52.6 pos '103.4 109.1 -296.0' spd 183.3 yaw 82 mode 1 st 2 gl 1 hp 100 frg 1
ARGLOG Romero t  52.8 pos '351.2 -959.3  24.0' spd 389.3 yaw 274.2 mode 1 st 0 gl 0 hp 8 frg 1
ARGEVT Joe Rogan hazard
ARGLOG Carmack t  52.9 pos '419.5 -944.6 -104.0' spd 320.2 yaw 50 mode 1 st 4 gl 3 hp 85 frg 1
ARGEVT Romero hazard
ARGEVT Carmack hazard
ARGLOG Joe Rogan t  53.2 pos '100.0 124.3 -296.0' spd 293.1 yaw  23.8 mode 1 st 2 gl 1 hp 100 frg 1
ARGEVT Joe Rogan stall
ARGEVT Joe Rogan jump
ARGLOG Romero t  53.3 pos '386.1 -1008.7  24.0' spd 341.6 yaw 29 mode 1 st 0 gl 0 hp 8 frg 1
ARGLOG Carmack t  53.5 pos '463.1 -764.0 -104.0' spd 381.7 yaw 351.1 mode 1 st 4 gl 3 hp 85 frg 1
ARGEVT Joe Rogan route 1 start ' 49.0 105.0 -296.0' goal ' 81.0 201.0 -357.0'
ARGLOG Joe Rogan t  53.7 pos '112.0 102.7 -260.3' spd 30 yaw 90 mode 1 st 3 gl 1 hp 100 frg 1
ARGLOG Romero t  53.9 pos '458.9 -1028.3  24.0' spd 323.2 yaw 210.1 mode 1 st 0 gl 0 hp 8 frg 1
ARGEVT Joe Rogan hazard
ARGLOG Carmack t  54.0 pos '451.8 -881.3 -104.0' spd 338.6 yaw 214 mode 1 st 4 gl 3 hp 85 frg 1
ARGLOG Joe Rogan t  54.3 pos ' 28.0 106.3 -296.0' spd 310.9 yaw  70.8 mode 1 st 3 gl 1 hp 100 frg 1
ARGLOG Romero t  54.5 pos '315.0 -938.7  24.0' spd 407.7 yaw  30.6 mode 1 st 0 gl 0 hp 8 frg 1
ARGLOG Carmack t  54.6 pos '311.8 -1011.3 -104.0' spd 358.0 yaw 250.8 mode 1 st 4 gl 3 hp 85 frg 1
ARGLOG Joe Rogan t  54.8 pos '107.4  72.4 -296.0' spd 315.0 yaw   9.4 mode 1 st 3 gl 1 hp 100 frg 1
ARGLOG Romero t  55.0 pos '461.3 -955.8  24.0' spd 363.6 yaw 219 mode 1 st 0 gl 0 hp 8 frg 1
ARGEVT Joe Rogan hazard
ARGLOG Carmack t  55.1 pos '161.9 -998.6 -104.0' spd 389.0 yaw  73.2 mode 1 st 4 gl 3 hp 85 frg 1
ARGLOG Joe Rogan t  55.4 pos '109.6 133.2 -296.0' spd 339.3 yaw 309 mode 1 st 3 gl 1 hp 100 frg 1
ARGEVT Joe Rogan stall
ARGEVT Joe Rogan jump
ARGLOG Romero t  55.6 pos '307.8 -949.1  24.0' spd 420.5 yaw  43.3 mode 1 st 0 gl 0 hp 8 frg 1
ARGLOG Carmack t  55.7 pos '291.4 -887.2 -104.0' spd 353.3 yaw 320 mode 1 st 4 gl 3 hp 85 frg 1
ARGUS routecache adopt
ARGEVT Joe Rogan route 1 start ' 49.0 105.0 -296.0' goal ' 81.0 201.0 -357.0'
ARGLOG Joe Rogan t  55.9 pos '112.0  53.2 -260.0' spd  32.2 yaw  87.2 mode 1 st 4 gl 1 hp 100 frg 1
ARGLOG Romero t  56.1 pos '461.3 -936.4  24.0' spd 423.3 yaw 231 mode 1 st 0 gl 0 hp 8 frg 1
ARGEVT Carmack hazard
ARGLOG Carmack t  56.3 pos '464.0 -889.2 -104.0' spd 254.4 yaw 350 mode 1 st 4 gl 3 hp 85 frg 1
ARGEVT Joe Rogan hazard
ARGLOG Joe Rogan t  56.5 pos ' 88.8 130.4 -296.0' spd 348.6 yaw 109.2 mode 1 st 4 gl 1 hp 100 frg 1
ARGLOG Romero t  56.7 pos '312.7 -975.1  24.0' spd 423.6 yaw  56.2 mode 1 st 0 gl 0 hp 8 frg 1
ARGLOG Carmack t  56.8 pos '426.6 -955.2 -104.0' spd 378.2 yaw 173.4 mode 1 st 4 gl 3 hp 85 frg 1
ARGEVT Joe Rogan stall
ARGLOG Joe Rogan t  57.1 pos '111.9  99.2 -296.0' spd 344.2 yaw 503.9 mode 0 st 5 gl 1 hp 100 frg 1
ARGEVT Joe Rogan jump
ARGLOG Romero t  57.2 pos '459.0 -926.3  24.0' spd 424.6 yaw 239.0 mode 1 st 0 gl 0 hp 8 frg 1
ARGUS routecache adopt
ARGEVT Joe Rogan route 1 start ' 49.0 105.0 -296.0' goal ' 81.0 201.0 -357.0'
ARGLOG Carmack t  57.4 pos '262.1 -1047.1 -104.0' spd 342.3 yaw 168.6 mode 1 st 4 gl 3 hp 85 frg 1
ARGLOG Joe Rogan t  57.6 pos '112.0  58.6 -283.2' spd  31.6 yaw 90 mode 1 st 5 gl 1 hp 100 frg 1
ARGEVT Joe Rogan stall
ARGEVT Joe Rogan jump
ARGLOG Romero t  57.8 pos '318.2 -982.3  24.0' spd 424.4 yaw  61.6 mode 1 st 0 gl 0 hp 8 frg 1
ARGLOG Carmack t  57.9 pos '177.8 -918.8 -104.0' spd 420.6 yaw 350.7 mode 1 st 4 gl 3 hp 85 frg 1
ARGLOG Joe Rogan t  58.2 pos ' 67.9 136.0 -259.8' spd 164.5 yaw 239.6 mode 0 st 6 gl 1 hp 100 frg 1
ARGLOG Romero t  58.4 pos '459.3 -920.1  24.0' spd 425.1 yaw 244.3 mode 1 st 0 gl 0 hp 8 frg 1
ARGLOG Carmack t  58.5 pos '371.8 -912.6 -104.0' spd 347.9 yaw 30 mode 1 st 4 gl 3 hp 85 frg 1
ARGLOG Joe Rogan t  58.7 pos ' -6.6 182.3 -360.0' spd 252.4 yaw  60.8 mode 0 st 6 gl 1 hp 80 frg 1
ARGEVT Carmack hazard
ARGLOG Romero t  58.9 pos '323.8 -989.5  24.0' spd 425.8 yaw  67.7 mode 1 st 0 gl 0 hp 8 frg 1
ARGLOG Carmack t  59.0 pos '456.3 -928.5 -104.0' spd 221.9 yaw 108.8 mode 1 st 4 gl 3 hp 85 frg 1
ARGLOG Joe Rogan t  59.3 pos ' 63.0 347.1 -360.0' spd 320.1 yaw  60.8 mode 0 st 6 gl 1 hp 60 frg 1
ARGEVT Joe Rogan goal item_health
ARGEVT Joe Rogan routefail
ARGLOG Romero t  59.5 pos '459.5 -916.9  24.0' spd 423.4 yaw 247.5 mode 1 st 0 gl 0 hp 8 frg 1
ARGEVT Joe Rogan goal item_health
ARGLOG Carmack t  59.6 pos '308.3 -874.8 -104.0' spd 415.7 yaw 288.6 mode 1 st 4 gl 3 hp 85 frg 1
ARGEVT Joe Rogan routefail
ARGEVT Joe Rogan goal item_rockets
ARGLOG Joe Rogan t  59.8 pos ' 38.8 377.3 -360.0' spd 141.7 yaw  51.5 mode 0 st 6 gl 1 hp 40 frg 1
ARGEVT Joe Rogan routefail
ARGLOG Romero t  60.0 pos '322.3 -987.6  24.0' spd 418.5 yaw  73.1 mode 1 st 0 gl 0 hp 8 frg 1
ARGEVT Carmack hazard
ARGEVT Joe Rogan goal weapon_nailgun
ARGEVT Joe Rogan routefail
ARGLOG Carmack t  60.1 pos '336.2 -1033.1 -104.0' spd 322.3 yaw 358.7 mode 1 st 4 gl 3 hp 85 frg 1
ARGLOG Joe Rogan t  60.4 pos ' 81.0 366.1 -357.3' spd  79.4 yaw  10.7 mode 0 st 6 gl 1 hp 20 frg 1
ARGLOG Romero t  60.6 pos '449.8 -901.6  24.0' spd 424.1 yaw 254.2 mode 1 st 0 gl 0 hp 8 frg 1
ARGEVT Joe Rogan death world pos ' 84.6 362.3 -347.2'
ARGLOG Carmack t  60.7 pos '458.9 -931.7 -104.0' spd 320.4 yaw  97.2 mode 1 st 4 gl 3 hp 85 frg 1
ARGLOG Romero t  61.1 pos '332.3 -1002.3  24.0' spd 422.9 yaw  81.5 mode 1 st 0 gl 0 hp 8 frg 1
ARGLOG Carmack t  61.3 pos '325.7 -848.2 -104.0' spd 415.9 yaw 276.8 mode 1 st 4 gl 3 hp 85 frg 1
ARGLOG Romero t  61.7 pos '446.0 -899.9  24.0' spd 424.2 yaw 262.3 mode 1 st 0 gl 0 hp 8 frg 1
ARGEVT Carmack hazard
ARGLOG Carmack t  61.8 pos '330.2 -1023.2 -104.0' spd 344.9 yaw 337.8 mode 1 st 4 gl 3 hp 85 frg 1
ARGEVT Joe Rogan respawn
ARGLOG Romero t  62.3 pos '335.7 -1004.2  24.0' spd 423.7 yaw  81.8 mode 1 st 0 gl 0 hp 8 frg 1
ARGLOG Joe Rogan t  62.3 pos '-64.0 -232.0 -72.0' spd 0 yaw 0 mode 0 st 6 gl 1 hp 100 frg 0
ARGLOG Carmack t  62.4 pos '464.0 -949.6 -104.0' spd 337.1 yaw  77.4 mode 1 st 4 gl 3 hp 85 frg 1
ARGLOG Romero t  62.8 pos '449.2 -899.7  24.0' spd 423.9 yaw 262.6 mode 1 st 0 gl 0 hp 8 frg 1
ARGLOG Joe Rogan t  62.9 pos '107.7 -232.0 -72.0' spd 320.0 yaw 359.1 mode 0 st 6 gl 1 hp 100 frg 0
ARGLOG Carmack t  63.0 pos '348.2 -832.4 -104.0' spd 410.8 yaw 255.3 mode 1 st 4 gl 3 hp 85 frg 1
ARGEVT Joe Rogan jump
ARGEVT Romero engage Joe Rogan
ARGLOG Romero t  63.4 pos '343.5 -1008.9  24.0' spd 425.8 yaw  91.7 mode 1 st 0 gl 0 hp 8 frg 1
ARGLOG Joe Rogan t  63.4 pos '272.3 -229.8 -34.3' spd 145.7 yaw 332.4 mode 0 st 6 gl 1 hp 100 frg 0
ARGEVT Joe Rogan engage Romero
ARGLOG Carmack t  63.5 pos '306.1 -1015.1 -104.0' spd 341.5 yaw 316 mode 1 st 4 gl 3 hp 85 frg 1
ARGEVT Carmack hazard
ARGEVT Carmack engage Joe Rogan
ARGLOG Romero t  63.9 pos '455.6 -885.6  24.0' spd 321.2 yaw  97.5 mode 1 st 0 gl 0 hp 8 frg 1
ARGEVT Joe Rogan pursue
ARGLOG Joe Rogan t  64.0 pos '298.8 -224.8 -158.6' spd  45.3 yaw 275 mode 0 st 6 gl 1 hp 100 frg 0
ARGEVT Romero pursue
ARGLOG Carmack t  64.1 pos '433.3 -953.3 -104.0' spd 340.3 yaw 104.2 mode 1 st 4 gl 3 hp 85 frg 1
ARGEVT Joe Rogan hazard
ARGUS Joe Rogan hunch item_armorInv
ARGEVT Carmack pursue
ARGEVT Joe Rogan pursue
ARGLOG Romero t  64.5 pos '624.0  21.3 -296.0' spd 300 yaw 217 mode 1 st 0 gl 0 hp 8 frg 1
ARGEVT Joe Rogan plan powerup via weapon
ARGEVT Joe Rogan goal weapon_rocketlauncher
ARGLOG Joe Rogan t  64.6 pos '351.6 -200.1 -296.0' spd 320.0 yaw  44.7 mode 0 st 6 gl 1 hp 100 frg 0
ARGEVT Joe Rogan route 4 start '401.0 -183.0 -296.0' goal ' 49.0 105.0 -296.0'
ARGUS Carmack hunch item_artifact_super_damage
ARGLOG Carmack t  64.6 pos '422.7 -774.1 -104.0' spd 320.2 yaw 302.2 mode 1 st 4 gl 3 hp 85 frg 1
ARGUS Romero hunch item_artifact_super_damage
ARGEVT Carmack goal item_artifact_super_damage
ARGEVT Carmack pursue
ARGEVT Joe Rogan pursue
ARGEVT Carmack hazard
ARGEVT Romero goal item_health
ARGEVT Carmack routefail
ARGEVT Romero pursue
ARGLOG Romero t  65.0 pos '627.5 -97.5 -296.0' spd 377.6 yaw 327.6 mode 1 st 0 gl 0 hp 8 frg 1
ARGEVT Carmack goal weapon_rocketlauncher
ARGLOG Joe Rogan t  65.1 pos '405.4 -83.6 -296.0' spd  95.6 yaw 281.7 mode 2 st 6 gl 1 hp 100 frg 0
ARGEVT Romero hazard
ARGLOG Carmack t  65.2 pos '463.3 -896.2 -104.0' spd 215.8 yaw  32.7 mode 0 st 4 gl 3 hp 85 frg 1
ARGEVT Carmack route 20 start '401.0 -887.0 -104.0' goal '721.0 -887.0 -232.0'
ARGEVT Joe Rogan grab weapon_nailgun
ARGEVT Romero death Joe Rogan pos '632.5 -201.5 -296.0'
ARGUS Joe Rogan watch spawn
ARGEVT Joe Rogan hazard
ARGLOG Joe Rogan t  65.7 pos '377.2 -198.0 -296.0' spd 237.6 yaw  65.3 mode 2 st 6 gl 1 hp 76 frg 1
ARGLOG Carmack t  65.7 pos '456.0 -790.8 -104.0' spd 321.6 yaw 105 mode 2 st 4 gl 3 hp 85 frg 1
ARGEVT Joe Rogan goal item_armorInv
ARGEVT Carmack hazard
ARGEVT Joe Rogan route 16 start '401.0 -183.0 -296.0' goal '817.0 -855.0 -232.0'
ARGLOG Joe Rogan t  66.2 pos '405.2 -63.3 -296.0' spd  99.6 yaw 322 mode 2 st 6 gl 1 hp 76 frg 1
ARGEVT Carmack route 21 start '401.0 -759.0 -104.0' goal '721.0 -887.0 -232.0'
ARGLOG Carmack t  66.3 pos '451.8 -778.7 -104.0' spd 339.0 yaw 300.6 mode 2 st 4 gl 3 hp 85 frg 1
ARGEVT Carmack pursue
ARGLOG Joe Rogan t  66.8 pos '457.6 -229.9 -296.0' spd 385.2 yaw 5 mode 2 st 6 gl 1 hp 76 frg 1
ARGLOG Carmack t  66.8 pos '437.2 -962.4 -104.0' spd 370.2 yaw 188.7 mode 2 st 4 gl 3 hp 85 frg 1
ARGEVT Romero respawn
ARGEVT Romero goal weapon_rocketlauncher
ARGLOG Romero t  67.2 pos '776.0 -808.0 -232.0' spd 0 yaw 109.5 mode 1 st 0 gl 0 hp 100 frg 1
ARGLOG Joe Rogan t  67.3 pos '639.8 -226.3 -296.0' spd 325.9 yaw 346.6 mode 2 st 6 gl 1 hp 76 frg 1
ARGEVT Joe Rogan hazard
ARGLOG Carmack t  67.4 pos '261.0 -973.7 -104.0' spd 398.6 yaw  75.0 mode 2 st 4 gl 3 hp 85 frg 1
ARGEVT Romero hazard
ARGLOG Romero t  67.7 pos '730.2 -757.5 -232.0' spd 360.2 yaw 199.4 mode 1 st 0 gl 0 hp 100 frg 1
ARGLOG Joe Rogan t  67.9 pos '656.0 -268.0 -296.0' spd 320.4 yaw 246.3 mode 0 st 6 gl 1 hp 76 frg 1
ARGLOG Carmack t  67.9 pos '368.9 -829.9 -104.0' spd 332.7 yaw 353 mode 0 st 4 gl 3 hp 85 frg 1
ARGEVT Joe Rogan route 15 start '593.0 -215.0 -296.0' goal '817.0 -855.0 -232.0'
ARGEVT Carmack goal weapon_lightning
ARGEVT Carmack route 4 start '401.0 -887.0 -104.0' goal '529.0 -311.0 -104.0'
ARGEVT Romero goal weapon_lightning
ARGEVT Romero route 5 start '721.0 -887.0 -232.0' goal '529.0 -311.0 -104.0'
ARGEVT Carmack hazard
ARGLOG Romero t  68.3 pos '819.5 -884.0 -232.0' spd 397.2 yaw 114 mode 2 st 0 gl 1 hp 100 frg 1
ARGLOG Joe Rogan t  68.4 pos '482.4 -220.2 -296.0' spd 390.0 yaw 68 mode 2 st 6 gl 1 hp 76 frg 1
ARGEVT Joe Rogan hazard
ARGLOG Carmack t  68.5 pos '432.8 -752.6 -104.0' spd 267.7 yaw  69.7 mode 2 st 4 gl 3 hp 85 frg 1
ARGLOG Romero t  68.8 pos '741.6 -751.1 -216.0' spd 406.3 yaw 113 mode 2 st 0 gl 1 hp 100 frg 1
ARGEVT Romero hazard
ARGLOG Joe Rogan t 69 pos '403.6 -175.1 -296.0' spd 294.2 yaw 54 mode 2 st 6 gl 1 hp 76 frg 1
ARGLOG Carmack t  69.1 pos '462.5 -781.1 -104.0' spd 112.2 yaw 97 mode 2 st 4 gl 3 hp 85 frg 1
ARGLOG Romero t  69.4 pos '726.8 -850.8 -232.0' spd 320.1 yaw 114 mode 2 st 0 gl 1 hp 100 frg 1
ARGEVT Carmack hazard
ARGEVT Joe Rogan hazard
ARGLOG Joe Rogan t  69.6 pos '403.6 -48.0 -296.0' spd 0 yaw 39 mode 2 st 6 gl 1 hp 76 frg 1
ARGUS routecache adopt
ARGEVT Romero route 5 start '721.0 -887.0 -232.0' goal '529.0 -311.0 -104.0'
ARGLOG Carmack t  69.6 pos '401.6 -752.0 -104.0' spd 282.8 yaw 341.1 mode 2 st 4 gl 3 hp 85 frg 1
ARGUS routecache adopt
ARGEVT Romero route 5 start '721.0 -887.0 -232.0' goal '529.0 -311.0 -104.0'
ARGLOG Romero t  69.9 pos '720.0 -850.7 -232.0' spd 327.9 yaw 114 mode 2 st 0 gl 1 hp 100 frg 1
ARGLOG Joe Rogan t  70.1 pos '403.6 -48.0 -296.0' spd 0 yaw 39 mode 2 st 6 gl 1 hp 76 frg 1
ARGEVT Romero route 6 start '721.0 -759.0 -232.0' goal '529.0 -311.0 -104.0'
ARGLOG Carmack t  70.2 pos '457.2 -764.5 -104.0' spd 329.9 yaw 97 mode 2 st 4 gl 3 hp 85 frg 1
ARGEVT Joe Rogan stall
ARGEVT Joe Rogan stallnode '593.0 -87.0 -296.0'
ARGEVT Joe Rogan jump
ARGEVT Romero hazard
ARGLOG Romero t  70.5 pos '720.0 -752.0 -232.0' spd 0 yaw 112 mode 2 st 0 gl 1 hp 100 frg 1
ARGEVT Carmack hazard
ARGLOG Joe Rogan t  70.7 pos '413.4 -58.4 -264.8' spd  48.5 yaw 248.0 mode 0 st 7 gl 1 hp 76 frg 1
ARGEVT Joe Rogan route 17 start '337.0   9.0 -296.0' goal '817.0 -855.0 -232.0'
ARGLOG Carmack t  70.7 pos '434.6 -753.8 -104.0' spd 329.1 yaw 340 mode 2 st 4 gl 3 hp 85 frg 1
ARGLOG Romero t  71.0 pos '720.0 -912.0 -232.0' spd 0 yaw 171.2 mode 0 st 0 gl 1 hp 100 frg 1
ARGEVT Romero route 5 start '721.0 -887.0 -232.0' goal '529.0 -311.0 -104.0'
ARGLOG Joe Rogan t  71.2 pos '412.0 -180.2 -296.0' spd 346.2 yaw 27 mode 2 st 7 gl 1 hp 76 frg 1
ARGLOG Carmack t  71.3 pos '407.5 -754.2 -104.0' spd 364.3 yaw 90 mode 2 st 4 gl 3 hp 85 frg 1
ARGUS routecache adopt
ARGEVT Romero route 5 start '721.0 -887.0 -232.0' goal '529.0 -311.0 -104.0'
ARGEVT Romero hazard
ARGLOG Romero t  71.6 pos '720.0 -752.7 -232.0' spd 375.2 yaw 112 mode 2 st 0 gl 1 hp 100 frg 1
ARGLOG Joe Rogan t  71.8 pos '582.3 -239.5 -296.0' spd 370.4 yaw 83 mode 2 st 7 gl 1 hp 76 frg 1
ARGLOG Carmack t  71.8 pos '322.2 -619.7 -104.0' spd 333.2 yaw 56 mode 2 st 4 gl 3 hp 85 frg 1
ARGLOG Romero t  72.2 pos '720.0 -885.1 -232.0' spd 346.2 yaw 211.8 mode 0 st 0 gl 1 hp 100 frg 1
ARGEVT Romero engage Carmack
ARGEVT Carmack engage Romero
ARGEVT Carmack grab item_health
ARGLOG Joe Rogan t  72.3 pos '643.9 -62.8 -296.0' spd 322.2 yaw 113.8 mode 2 st 7 gl 1 hp 76 frg 1
ARGUS routecache adopt
ARGEVT Romero route 3 start '337.0   9.0 -296.0' goal '529.0 -311.0 -104.0'
ARGLOG Carmack t  72.4 pos '386.2 -456.5 -104.0' spd 369.8 yaw  85.1 mode 2 st 4 gl 3 hp 85 frg 1
ARGLOG Romero t  72.7 pos '368.0 -37.6 -296.0' spd 300 yaw 298.1 mode 2 st 0 gl 1 hp 100 frg 1
ARGEVT Carmack grab weapon_lightning
ARGLOG Joe Rogan t  72.9 pos '516.3  59.7 -296.0' spd 261.6 yaw 269 mode 2 st 7 gl 1 hp 100 frg 1
ARGEVT Joe Rogan hazard
ARGLOG Carmack t  73.0 pos '503.4 -395.3 -104.0' spd 336.4 yaw 114.1 mode 1 st 4 gl 3 hp 85 frg 1
ARGEVT Romero pursue
ARGEVT Carmack pursue
ARGEVT Carmack goal weapon_rocketlauncher
ARGLOG Romero t  73.3 pos '371.5 -128.4 -296.0' spd 322.9 yaw 283 mode 2 st 0 gl 1 hp 94 frg 1
ARGEVT Romero hazard
ARGEVT Carmack route 6 start '529.0 -311.0 -104.0' goal ' 49.0 105.0 -296.0'
ARGEVT Romero goal 
ARGUS Romero hunch item_artifact_super_damage
ARGLOG Joe Rogan t  73.5 pos '508.7  91.1 -296.0' spd 323.4 yaw 255.9 mode 2 st 7 gl 1 hp 100 frg 1
ARGEVT Romero pursue
ARGLOG Carmack t  73.5 pos '503.3 -216.6 -104.0' spd 326.0 yaw 127 mode 2 st 4 gl 4 hp 85 frg 1
ARGEVT Romero goal 
ARGEVT Carmack grab item_armor1
ARGEVT Romero route 5 start '401.0 -183.0 -296.0' goal ' 81.0 201.0 -357.0'
ARGLOG Romero t  73.8 pos '280.7 -214.1 -296.0' spd 331.7 yaw  25.5 mode 2 st 0 gl 1 hp 94 frg 1
ARGLOG Joe Rogan t  74.0 pos '647.4  16.3 -296.0' spd 337.6 yaw 315.4 mode 2 st 7 gl 1 hp 100 frg 1
ARGEVT Carmack hazard
ARGLOG Carmack t  74.1 pos '449.6 -56.2 -104.0' spd  51.3 yaw 213.5 mode 2 st 4 gl 4 hp 85 frg 1
ARGLOG Romero t  74.4 pos '150.2 -263.9 -296.0' spd 178.4 yaw 334.2 mode 2 st 0 gl 1 hp 82 frg 1
ARGEVT Romero hazard
ARGEVT Carmack weapon ssg
ARGEVT Joe Rogan hazard
ARGLOG Joe Rogan t  74.6 pos '617.0 -143.5 -296.0' spd 370.0 yaw 261 mode 2 st 7 gl 1 hp 100 frg 1
ARGLOG Carmack t  74.6 pos '518.6 -322.7 -26.4' spd 423.4 yaw 166.9 mode 2 st 4 gl 4 hp 31 frg 1
ARGEVT Carmack grab item_health
ARGLOG Romero t  75.0 pos ' 87.9 -213.8 -296.0' spd  48.2 yaw 323.0 mode 2 st 0 gl 1 hp 75 frg 1
ARGEVT Carmack weapon lg
ARGLOG Joe Rogan t  75.1 pos '592.0 -15.6 -296.0' spd 333.7 yaw 180.2 mode 2 st 7 gl 1 hp 100 frg 1
ARGLOG Carmack t  75.2 pos '454.1 -419.4 -104.0' spd 189.5 yaw 148.8 mode 2 st 4 gl 4 hp 31 frg 1
ARGEVT Carmack weapon ssg
ARGLOG Romero t  75.5 pos ' 90.1 -266.0 -296.0' spd 272.1 yaw 352.8 mode 2 st 0 gl 1 hp 75 frg 1
ARGEVT Romero hazard
ARGLOG Joe Rogan t  75.7 pos '522.7  57.8 -296.0' spd 320.0 yaw 269 mode 2 st 7 gl 1 hp 100 frg 1
ARGEVT Romero pursue
ARGEVT Carmack pursue
ARGEVT Joe Rogan hazard
ARGLOG Carmack t  75.8 pos '583.1 -344.4 -104.0' spd 287.0 yaw 165 mode 2 st 4 gl 4 hp 31 frg 1
ARGEVT Carmack weapon lg
ARGLOG Romero t  76.1 pos '131.7 -250.6 -296.0' spd 188.4 yaw 322.6 mode 2 st 0 gl 1 hp 75 frg 1
ARGLOG Joe Rogan t  76.3 pos '515.7  67.6 -296.0' spd 384.4 yaw 269 mode 2 st 7 gl 1 hp 100 frg 1
ARGLOG Carmack t  76.3 pos '494.3 -428.8 -104.0' spd 337.0 yaw 149.8 mode 2 st 4 gl 4 hp 31 frg 1
ARGEVT Carmack hazard
ARGEVT Romero weapon ng
ARGLOG Romero t  76.6 pos '210.0 -229.3 -296.0' spd 325.0 yaw  78.2 mode 2 st 0 gl 1 hp 75 frg 1
ARGEVT Carmack pursue
ARGEVT Romero pursue
ARGEVT Romero hazard
ARGLOG Joe Rogan t  76.8 pos '537.0 112.3 -296.0' spd 282.1 yaw 199.1 mode 2 st 7 gl 1 hp 100 frg 1
ARGLOG Carmack t  76.9 pos '494.1 -284.2 -104.0' spd 353.9 yaw 167.0 mode 2 st 4 gl 4 hp 31 frg 1
ARGEVT Joe Rogan hazard
ARGLOG Romero t  77.2 pos '208.9 -246.5 -296.0' spd 224.2 yaw  31.7 mode 2 st 0 gl 1 hp 69 frg 1
ARGLOG Joe Rogan t  77.4 pos '609.1  14.3 -296.0' spd 325.8 yaw 263 mode 2 st 7 gl 1 hp 100 frg 1
ARGLOG Carmack t  77.4 pos '473.3 -190.7 -104.0' spd 314.2 yaw 193.0 mode 2 st 4 gl 4 hp 31 frg 1
ARGEVT Romero retreat
ARGLOG Romero t  77.7 pos ' 92.1 -247.7 -296.0' spd 325.4 yaw 336.6 mode 2 st 0 gl 1 hp 20 frg 1
ARGEVT Carmack weapon ssg
ARGLOG Joe Rogan t  77.9 pos '632.3 -109.2 -296.0' spd 371.4 yaw 200 mode 2 st 7 gl 1 hp 100 frg 1
ARGLOG Carmack t  78.0 pos '460.4 -369.0 -104.0' spd 322.7 yaw 165.8 mode 2 st 4 gl 4 hp 31 frg 1
ARGEVT Joe Rogan hazard
ARGEVT Joe Rogan engage Romero
ARGLOG Romero t  78.3 pos '-87.2 -250.4 -296.0' spd 320.5 yaw 330.8 mode 2 st 0 gl 1 hp 8 frg 1
ARGEVT Romero hazard
ARGLOG Joe Rogan t  78.5 pos '541.7 -233.9 -296.0' spd 333.9 yaw 185.2 mode 0 st 7 gl 1 hp 100 frg 1
ARGEVT Romero pursue
ARGEVT Carmack pursue
ARGLOG Carmack t  78.5 pos '308.1 -463.4 -104.0' spd 374.9 yaw 147 mode 2 st 4 gl 4 hp 31 frg 1
ARGEVT Joe Rogan route 15 start '593.0 -215.0 -296.0' goal '817.0 -855.0 -232.0'
ARGEVT Romero death Joe Rogan pos '-40.6 -241.8 -296.0'
ARGUS Joe Rogan watch spawn
ARGEVT Joe Rogan engage Carmack
ARGEVT Carmack engage Joe Rogan
ARGEVT Carmack weapon lg
ARGEVT Carmack grab weapon_grenadelauncher
ARGEVT Joe Rogan goal 
ARGEVT Joe Rogan route 7 start '401.0 -247.0 -296.0' goal ' 81.0 201.0 -357.0'
ARGLOG Joe Rogan t  79.0 pos '409.7 -255.8 -296.0' spd 231.9 yaw 202.3 mode 2 st 7 gl 1 hp 100 frg 2
ARGLOG Carmack t  79.1 pos '155.9 -396.5 -104.0' spd 362.0 yaw  29.6 mode 2 st 4 gl 4 hp 31 frg 1
ARGEVT Carmack hazard
ARGEVT Joe Rogan hazard
ARGLOG Joe Rogan t  79.6 pos '281.2 -230.4 -296.0' spd 265.0 yaw 270.0 mode 2 st 7 gl 1 hp 100 frg 2
ARGEVT Carmack weapon gl
ARGLOG Carmack t  79.7 pos '289.5 -434.8 -104.0' spd 323.1 yaw  66.1 mode 2 st 4 gl 4 hp 29 frg 1
ARGEVT Carmack retreat
ARGLOG Joe Rogan t  80.2 pos '248.7 -239.8 -296.0' spd 320.3 yaw 286.2 mode 2 st 7 gl 1 hp 100 frg 2
ARGLOG Carmack t  80.2 pos '308.5 -416.9 -104.0' spd 324.7 yaw 147.0 mode 2 st 4 gl 4 hp 13 frg 1
ARGEVT Romero respawn
ARGEVT Romero goal item_armorInv
ARGLOG Romero t  80.3 pos '112.0 -1136.0 -104.0' spd 0 yaw  25.2 mode 0 st 0 gl 1 hp 100 frg 1
ARGEVT Joe Rogan hazard
ARGEVT Joe Rogan grab 
ARGEVT Romero engage Carmack
ARGEVT Romero route 17 start '145.0 -1143.0 -88.0' goal '817.0 -855.0 -232.0'
ARGEVT Romero grab weapon_supershotgun
ARGEVT Carmack hazard
ARGEVT Joe Rogan pursue
ARGEVT Carmack pursue
ARGLOG Joe Rogan t  80.7 pos ' 98.5 -220.2 -296.0' spd 126.7 yaw 325.1 mode 2 st 7 gl 1 hp 100 frg 2
ARGLOG Carmack t  80.8 pos '433.9 -405.9 -104.0' spd 260.4 yaw 163.0 mode 2 st 4 gl 4 hp 13 frg 1
ARGLOG Romero t  80.9 pos '262.9 -1049.5 -104.0' spd 323.3 yaw  67.1 mode 2 st 0 gl 1 hp 100 frg 1
ARGEVT Romero pursue
ARGLOG Joe Rogan t  81.3 pos '141.9 -215.7 -296.0' spd 373.2 yaw 340.5 mode 2 st 7 gl 1 hp 100 frg 2
ARGEVT Joe Rogan pursue
ARGEVT Carmack pursue
ARGLOG Carmack t  81.3 pos '612.2 -418.2 -120.0' spd 322.1 yaw 161 mode 2 st 4 gl 4 hp 13 frg 1
ARGLOG Romero t  81.4 pos '347.3 -908.5 -104.0' spd 322.0 yaw 81 mode 0 st 0 gl 1 hp 100 frg 1
ARGUS Joe Rogan hunch item_health
ARGEVT Joe Rogan hazard
ARGEVT Romero route 19 start '401.0 -887.0 -104.0' goal '817.0 -855.0 -232.0'
ARGEVT Joe Rogan pursue
ARGLOG Joe Rogan t  81.8 pos '194.7 -259.6 -296.0' spd 225.0 yaw 119.4 mode 2 st 7 gl 1 hp 100 frg 2
ARGEVT Joe Rogan goal 
ARGLOG Carmack t  81.9 pos '524.3 -379.3 -104.0' spd 320 yaw 163 mode 2 st 4 gl 4 hp 13 frg 1
ARGEVT Joe Rogan route 7 start '209.0 -183.0 -296.0' goal ' 81.0 201.0 -357.0'
ARGUS Romero hunch item_health
ARGLOG Romero t  82.0 pos '388.2 -752.0 -104.0' spd 130.1 yaw 297.9 mode 2 st 0 gl 1 hp 100 frg 1
ARGEVT Romero goal item_armorInv
ARGEVT Romero pursue
ARGEVT Romero hazard
ARGEVT Romero route 20 start '401.0 -759.0 -104.0' goal '817.0 -855.0 -232.0'
ARGLOG Joe Rogan t  82.4 pos '129.9 -249.9 -296.0' spd 179.3 yaw 342.1 mode 2 st 7 gl 1 hp 100 frg 2
ARGLOG Carmack t  82.4 pos '622.8 -423.7 -120.0' spd 320.0 yaw 147.2 mode 2 st 4 gl 4 hp 13 frg 1
ARGEVT Joe Rogan pursue
ARGEVT Carmack pursue
ARGLOG Romero t  82.6 pos '462.7 -850.2 -104.0' spd 120.1 yaw  82.4 mode 2 st 0 gl 1 hp 100 frg 1
ARGEVT Joe Rogan pursue
ARGEVT Joe Rogan hazard
ARGUS routecache adopt
ARGEVT Romero route 20 start '401.0 -759.0 -104.0' goal '817.0 -855.0 -232.0'
ARGLOG Joe Rogan t  82.9 pos '248.6 -272.9 -296.0' spd 326.1 yaw 320.2 mode 2 st 7 gl 1 hp 100 frg 2
ARGLOG Carmack t 83 pos '502.1 -364.1 -104.0' spd 320.1 yaw 158 mode 2 st 4 gl 4 hp 13 frg 1
ARGEVT Romero pursue
ARGLOG Romero t  83.1 pos '368.0 -753.4 -104.0' spd 325.7 yaw 179.6 mode 2 st 0 gl 1 hp 100 frg 1
ARGLOG Joe Rogan t  83.4 pos '360.2 -213.7 -296.0' spd 336.5 yaw 300.9 mode 0 st 7 gl 1 hp 100 frg 2
ARGEVT Carmack hazard
ARGLOG Carmack t  83.6 pos '489.8 -424.9 -104.0' spd 223.7 yaw 121.6 mode 2 st 4 gl 4 hp 11 frg 1
ARGEVT Joe Rogan pursue
ARGEVT Joe Rogan route 5 start '401.0 -183.0 -296.0' goal ' 81.0 201.0 -357.0'
ARGLOG Romero t  83.7 pos '221.5 -842.1 -104.0' spd 404.7 yaw 323.7 mode 2 st 0 gl 1 hp 100 frg 1
ARGEVT Carmack pursue
ARGUS Carmack hunch item_artifact_super_damage
ARGEVT Carmack goal item_health
ARGLOG Joe Rogan t  84.0 pos '486.7 -272.0 -284.4' spd 173.0 yaw 194.1 mode 2 st 7 gl 1 hp 8 frg 2
ARGEVT Carmack pursue
ARGEVT Carmack route 10 start '401.0 -343.0 -104.0' goal '497.0 -471.0  24.0'
ARGLOG Carmack t  84.1 pos '476.9 -426.1 -104.0' spd 335.5 yaw 267.9 mode 2 st 4 gl 4 hp 11 frg 1
ARGLOG Romero t  84.2 pos '375.7 -879.6 -104.0' spd 327.0 yaw  73.7 mode 2 st 0 gl 1 hp 100 frg 1
ARGEVT Romero pursue
ARGLOG Joe Rogan t  84.5 pos '352.1 -275.5 -296.0' spd 320.0 yaw 175 mode 2 st 7 gl 1 hp 8 frg 2
ARGEVT Romero hazard
ARGLOG Carmack t  84.7 pos '449.8 -429.9 -104.0' spd 326.2 yaw 151.2 mode 2 st 4 gl 4 hp 11 frg 1
ARGEVT Joe Rogan hazard
ARGLOG Romero t  84.8 pos '419.4 -758.4 -104.0' spd 351.6 yaw  32.1 mode 0 st 0 gl 1 hp 100 frg 1
ARGEVT Carmack grab item_health
ARGEVT Romero route 20 start '401.0 -759.0 -104.0' goal '817.0 -855.0 -232.0'
ARGLOG Joe Rogan t  85.1 pos '212.0 -213.3 -296.0' spd 350.4 yaw 310.8 mode 2 st 7 gl 1 hp 8 frg 2
ARGEVT Romero pursue
ARGLOG Carmack t  85.2 pos '421.8 -448.0 -104.0' spd  80.8 yaw 162.8 mode 2 st 4 gl 4 hp 11 frg 1
ARGEVT Joe Rogan pursue
ARGLOG Romero t  85.4 pos '464.0 -866.6 -104.0' spd 377.8 yaw 353.6 mode 2 st 0 gl 1 hp 100 frg 1
ARGEVT Carmack pursue
ARGEVT Carmack hazard
ARGLOG Joe Rogan t  85.7 pos '254.0 -255.1 -296.0' spd 365.7 yaw 306.5 mode 2 st 7 gl 1 hp 8 frg 2
ARGEVT Joe Rogan hazard
ARGLOG Carmack t  85.8 pos '372.9 -425.1 -104.0' spd 303.0 yaw  68.2 mode 2 st 4 gl 4 hp 9 frg 1
ARGLOG Romero t  85.9 pos '463.3 -874.5 -104.0' spd 320.1 yaw 93 mode 2 st 0 gl 1 hp 100 frg 1
ARGLOG Joe Rogan t  86.2 pos '307.9 -220.1 -296.0' spd 155.3 yaw 296.7 mode 2 st 7 gl 1 hp 8 frg 2
ARGEVT Romero hazard
ARGUS routecache adopt
ARGEVT Romero route 20 start '401.0 -759.0 -104.0' goal '817.0 -855.0 -232.0'
ARGLOG Carmack t  86.3 pos '406.1 -432.2 -104.0' spd  72.2 yaw 133.2 mode 2 st 4 gl 4 hp 9 frg 1
ARGLOG Romero t  86.5 pos '425.8 -752.0 -104.0' spd  92.2 yaw 355.7 mode 2 st 0 gl 1 hp 100 frg 1
ARGEVT Carmack grab item_cells
ARGEVT Joe Rogan pursue
ARGLOG Joe Rogan t  86.8 pos '342.2 -222.4 -296.0' spd 324.4 yaw 285.5 mode 2 st 7 gl 1 hp 8 frg 2
ARGEVT Romero stall
ARGEVT Romero stallnode '177.0 -983.0 -104.0'
ARGEVT Romero jump
ARGEVT Carmack pursue
ARGEVT Joe Rogan hazard
ARGLOG Carmack t  86.9 pos '328.9 -532.1 -104.0' spd 158.3 yaw  90.6 mode 2 st 4 gl 4 hp 9 frg 1
ARGUS routecache adopt
ARGEVT Romero route 19 start '401.0 -887.0 -104.0' goal '817.0 -855.0 -232.0'
ARGLOG Romero t  87.0 pos '438.0 -908.0 -67.8' spd 335.9 yaw 192.5 mode 0 st 1 gl 1 hp 100 frg 1
ARGEVT Joe Rogan route 6 start '401.0 -279.0 -296.0' goal ' 81.0 201.0 -357.0'
ARGEVT Romero engage Carmack
ARGEVT Carmack hazard
ARGLOG Joe Rogan t  87.3 pos '335.9 -267.5 -296.0' spd 348.9 yaw 262.4 mode 2 st 7 gl 1 hp 8 frg 2
ARGLOG Carmack t  87.4 pos '325.7 -446.4 -104.0' spd 321.2 yaw 110.9 mode 2 st 4 gl 4 hp 7 frg 1
ARGLOG Romero t  87.6 pos '425.9 -957.9 -104.0' spd 344.4 yaw  99.1 mode 2 st 1 gl 1 hp 100 frg 1
ARGEVT Joe Rogan pursue
ARGEVT Carmack pursue
ARGLOG Joe Rogan t  87.9 pos '328.8 -213.0 -296.0' spd 280.8 yaw 270 mode 2 st 7 gl 1 hp 8 frg 2
ARGEVT Carmack death Romero pos '332.5 -537.5 -104.0'
ARGUS Romero watch spawn
ARGEVT Joe Rogan hazard
ARGEVT Romero goal item_armorInv
ARGLOG Romero t  88.1 pos '347.9 -903.6 -104.0' spd 362.5 yaw 104.0 mode 0 st 1 gl 1 hp 100 frg 2
ARGEVT Romero route 19 start '401.0 -887.0 -104.0' goal '817.0 -855.0 -232.0'
ARGEVT Joe Rogan route 5 start '369.0 -279.0 -296.0' goal ' 81.0 201.0 -357.0'
ARGLOG Joe Rogan t  88.4 pos '326.7 -267.4 -296.0' spd 320.3 yaw 148 mode 2 st 7 gl 1 hp 8 frg 2
ARGLOG Romero t  88.7 pos '294.2 -752.0 -104.0' spd  24.6 yaw 83 mode 2 st 1 gl 1 hp 100 frg 2
ARGLOG Joe Rogan t  88.9 pos '166.3 -269.8 -296.0' spd 322.0 yaw 134 mode 2 st 7 gl 1 hp 8 frg 2
ARGLOG Romero t  89.3 pos '306.4 -720.5 -104.0' spd 320.0 yaw 85 mode 2 st 1 gl 1 hp 100 frg 2
ARGEVT Carmack respawn
ARGLOG Joe Rogan t  89.5 pos ' -1.1 -261.5 -296.0' spd 367.7 yaw 243.4 mode 2 st 7 gl 1 hp 8 frg 2
ARGEVT Carmack goal weapon_rocketlauncher
ARGLOG Carmack t  89.5 pos '272.0 -952.0  24.0' spd 0 yaw 10 mode 0 st 4 gl 4 hp 100 frg 1
ARGEVT Romero route 19 start '305.0 -663.0 -104.0' goal '817.0 -855.0 -232.0'
ARGEVT Joe Rogan hazard
ARGLOG Romero t  89.8 pos '355.9 -547.2 -104.0' spd 323.2 yaw  85.6 mode 2 st 1 gl 1 hp 100 frg 2
ARGEVT Carmack route 10 start '305.0 -983.0  24.0' goal ' 49.0 105.0 -296.0'
ARGLOG Joe Rogan t  90.1 pos '-85.1 -208.0 -296.0' spd 190.9 yaw  65.4 mode 2 st 7 gl 1 hp 8 frg 2
ARGLOG Carmack t  90.1 pos '389.9 -832.8  24.0' spd 344.9 yaw 106 mode 2 st 4 gl 4 hp 100 frg 1
ARGEVT Romero engage Joe Rogan
ARGEVT Joe Rogan engage Romero
ARGEVT Joe Rogan retreat
ARGLOG Romero t  90.4 pos '285.9 -421.8 -104.0' spd 349.8 yaw 111.6 mode 2 st 1 gl 1 hp 100 frg 2
ARGLOG Joe Rogan t  90.6 pos '-18.8 -44.5 -296.0' spd 321.8 yaw 310.0 mode 2 st 7 gl 1 hp 8 frg 2
ARGEVT Romero pursue
ARGLOG Carmack t  90.6 pos '339.8 -704.0  24.0' spd 326.9 yaw 102 mode 2 st 4 gl 4 hp 100 frg 1
ARGUS Romero hunch item_artifact_super_damage
ARGEVT Romero goal item_armorInv
ARGEVT Romero pursue
ARGLOG Romero t  90.9 pos '255.5 -449.7 -104.0' spd 320.2 yaw 272.0 mode 0 st 1 gl 1 hp 100 frg 2
ARGEVT Romero route 19 start '209.0 -375.0 -104.0' goal '817.0 -855.0 -232.0'
ARGEVT Joe Rogan pursue
ARGEVT Joe Rogan hazard
ARGEVT Romero hazard
ARGEVT Carmack route 8 start '305.0 -599.0  24.0' goal ' 49.0 105.0 -296.0'
ARGLOG Joe Rogan t  91.2 pos ' 12.6 108.2 -296.0' spd 328.3 yaw  47.3 mode 2 st 7 gl 1 hp 8 frg 2
ARGLOG Carmack t  91.2 pos '304.0 -528.2  24.0' spd 329.3 yaw 77 mode 2 st 4 gl 4 hp 100 frg 1
ARGLOG Romero t  91.5 pos '253.9 -506.8 -104.0' spd 330.9 yaw 132.2 mode 2 st 1 gl 1 hp 100 frg 2
ARGEVT Carmack engage Romero
ARGUS Joe Rogan hunch item_artifact_super_damage
ARGEVT Joe Rogan pursue
ARGEVT Romero pursue
ARGLOG Joe Rogan t  91.7 pos ' 79.3 107.5 -296.0' spd 320.6 yaw 154.6 mode 1 st 7 gl 1 hp 8 frg 2
ARGEVT Carmack goal weapon_supernailgun
ARGLOG Carmack t  91.7 pos '387.5 -383.2 -22.7' spd 274.9 yaw 196.0 mode 0 st 4 gl 4 hp 100 frg 1
ARGEVT Joe Rogan goal item_health
ARGEVT Carmack routefail
ARGEVT Carmack goal 
ARGEVT Romero pursue
ARGLOG Romero t  92.0 pos '148.1 -384.5 -104.0' spd 282.1 yaw  71.8 mode 2 st 1 gl 1 hp 100 frg 2
ARGEVT Carmack route 7 start '497.0 -407.0 -104.0' goal ' 81.0 201.0 -357.0'
ARGEVT Romero hazard
ARGLOG Joe Rogan t  92.3 pos '-93.9  56.2 -296.0' spd 363.8 yaw 271.4 mode 0 st 7 gl 1 hp 8 frg 2
ARGEVT Joe Rogan hazard
ARGLOG Carmack t  92.3 pos '479.1 -358.8 -104.0' spd 325.6 yaw 185.1 mode 2 st 4 gl 4 hp 100 frg 1
ARGEVT Joe Rogan route 4 start '-47.0  73.0 -296.0' goal '-15.0 553.0 -296.0'
ARGEVT Romero pursue
ARGLOG Romero t  92.6 pos '205.7 -385.1 -104.0' spd 321.5 yaw 4 mode 2 st 1 gl 1 hp 100 frg 2
ARGEVT Joe Rogan pursue
ARGLOG Joe Rogan t  92.8 pos '-92.5  56.0 -296.0' spd 320.0 yaw  30.1 mode 2 st 7 gl 1 hp 8 frg 2
ARGLOG Carmack t  92.8 pos '474.4 -283.8 -104.0' spd 320.0 yaw 209.5 mode 2 st 4 gl 4 hp 100 frg 1
ARGLOG Romero t  93.2 pos '392.0 -382.6 -104.0' spd 366.3 yaw 60 mode 2 st 1 gl 1 hp 76 frg 2
ARGEVT Romero engage Carmack
ARGEVT Romero weapon ssg
ARGEVT Romero grab item_health
ARGLOG Joe Rogan t  93.3 pos '-57.9 203.7 -296.0' spd 329.3 yaw 79 mode 2 st 7 gl 1 hp 8 frg 2
ARGLOG Carmack t  93.3 pos '575.7 -421.3 -104.0' spd 324.6 yaw 161.5 mode 2 st 4 gl 4 hp 100 frg 1
ARGLOG Romero t  93.7 pos '512.6 -398.1 -104.0' spd 226.1 yaw 347.3 mode 2 st 1 gl 1 hp 52 frg 2
ARGEVT Romero retreat
ARGEVT Romero weapon gl
ARGLOG Joe Rogan t  93.9 pos '-40.1 381.1 -296.0' spd 320.0 yaw 81 mode 2 st 7 gl 1 hp 8 frg 2
ARGLOG Carmack t  93.9 pos '686.3 -388.2 -104.0' spd 195.2 yaw 184.8 mode 0 st 4 gl 4 hp 100 frg 1
ARGEVT Carmack route 7 start '625.0 -343.0 -104.0' goal ' 81.0 201.0 -357.0'
ARGLOG Romero t  94.3 pos '358.2 -397.9 -104.0' spd 320.0 yaw  47.7 mode 2 st 1 gl 1 hp 28 frg 2
ARGEVT Carmack grab item_armor1
ARGLOG Joe Rogan t  94.5 pos '-20.9 560.0 -296.0' spd 320.6 yaw 120.4 mode 1 st 7 gl 1 hp 108 frg 2
ARGLOG Carmack t  94.5 pos '622.7 -303.0 -86.0' spd 650.4 yaw 203.6 mode 2 st 4 gl 4 hp 2 frg 1
ARGEVT Joe Rogan goal weapon_lightning
ARGEVT Joe Rogan route 8 start '-15.0 553.0 -296.0' goal '529.0 -311.0 -104.0'
ARGEVT Joe Rogan hazard
ARGEVT Romero weapon ssg
ARGLOG Romero t  94.8 pos '397.1 -472.9 -104.0' spd 320.7 yaw   8.1 mode 2 st 1 gl 1 hp 4 frg 2
ARGEVT Carmack grab item_health
ARGEVT Romero death Carmack pos '416.7 -477.8 -104.0'
ARGUS Carmack watch spawn
ARGEVT Carmack goal item_health
ARGLOG Joe Rogan t  95.0 pos '-122.7 570.3 -296.0' spd 326.4 yaw 282 mode 2 st 7 gl 2 hp 108 frg 2
ARGLOG Carmack t  95.0 pos '348.5 -371.6 -67.1' spd 373.7 yaw 250.8 mode 0 st 4 gl 4 hp 2 frg 2
ARGEVT Carmack route 14 start '337.0 -375.0 -104.0' goal '-239.0 -471.0 -72.0'
ARGLOG Joe Rogan t  95.6 pos '-72.5 410.1 -296.0' spd 379.9 yaw 275 mode 2 st 7 gl 2 hp 108 frg 2
ARGLOG Carmack t  95.6 pos '309.6 -527.2 -104.0' spd 422.2 yaw  28.7 mode 2 st 4 gl 4 hp 2 frg 2
ARGEVT Joe Rogan hazard
ARGEVT Carmack hazard
ARGLOG Joe Rogan t  96.1 pos '-86.8 233.9 -296.0' spd 339.0 yaw 272 mode 2 st 7 gl 2 hp 108 frg 2
ARGLOG Carmack t  96.1 pos '359.6 -417.7 -104.0' spd 352.8 yaw 86 mode 2 st 4 gl 4 hp 2 frg 2
ARGEVT Carmack death Romero pos '314.6 -407.3 -104.0'
ARGUS Romero watch spawn
ARGEVT Romero respawn
ARGEVT Romero goal weapon_rocketlauncher
ARGLOG Romero t  96.4 pos '776.0 -808.0 -232.0' spd 0 yaw 109.8 mode 1 st 1 gl 1 hp 100 frg 3
ARGLOG Joe Rogan t  96.7 pos '-76.3  53.5 -296.0' spd 320.1 yaw 300 mode 2 st 7 gl 2 hp 108 frg 2
ARGEVT Romero hazard
ARGLOG Romero t  97.0 pos '729.6 -740.8 -216.0' spd 323.9 yaw 227.6 mode 1 st 1 gl 1 hp 100 frg 3
ARGLOG Joe Rogan t  97.2 pos '-74.2 -125.6 -296.0' spd 328.7 yaw 341 mode 2 st 7 gl 2 hp 108 frg 2
ARGLOG Romero t  97.5 pos '799.3 -891.9 -232.0' spd 402.0 yaw  45.5 mode 1 st 1 gl 1 hp 100 frg 3
ARGEVT Carmack respawn
ARGLOG Joe Rogan t  97.8 pos ' 51.6 -257.0 -296.0' spd 334.3 yaw 357 mode 2 st 7 gl 2 hp 108 frg 2
ARGEVT Carmack goal 
ARGLOG Carmack t  97.8 pos '-64.0 512.0 -296.0' spd 0 yaw 290.2 mode 0 st 4 gl 4 hp 100 frg 2
ARGEVT Carmack route 2 start '-15.0 553.0 -296.0' goal ' 81.0 393.0 -296.0'
ARGLOG Romero t  98.1 pos '769.5 -737.4 -216.0' spd 402.7 yaw 220 mode 1 st 1 gl 1 hp 100 frg 3
ARGEVT Romero hazard
ARGEVT Carmack hazard
ARGLOG Joe Rogan t  98.3 pos '211.4 -279.1 -296.0' spd 320.4 yaw 0 mode 2 st 7 gl 2 hp 108 frg 2
ARGLOG Carmack t  98.3 pos ' 43.1 417.8 -296.0' spd 329.2 yaw   3.8 mode 1 st 4 gl 4 hp 100 frg 2
ARGEVT Romero goal 
ARGLOG Romero t  98.7 pos '774.0 -898.9 -232.0' spd 343.4 yaw 357.8 mode 0 st 1 gl 2 hp 100 frg 3
ARGEVT Joe Rogan engage Romero
ARGEVT Romero engage Joe Rogan
ARGEVT Romero route 6 start '721.0 -887.0 -232.0' goal '337.0 -375.0 -104.0'
ARGEVT Joe Rogan rjump
ARGEVT Carmack goal 
ARGEVT Carmack route 1 start ' 81.0 393.0 -296.0' goal ' 81.0 201.0 -357.0'
ARGLOG Joe Rogan t  98.9 pos '359.8 -257.7 -282.1' spd 240.6 yaw  31.4 mode 2 st 7 gl 2 hp 59 frg 2
ARGLOG Carmack t  98.9 pos '109.5 414.4 -296.0' spd 321.9 yaw  78.2 mode 2 st 4 gl 5 hp 100 frg 2
ARGEVT Romero route 4 start '337.0   9.0 -296.0' goal '337.0 -375.0 -104.0'
ARGLOG Romero t  99.2 pos '368.0 -37.6 -296.0' spd 300 yaw 273.1 mode 2 st 1 gl 2 hp 100 frg 3
ARGEVT Carmack hazard
ARGEVT Joe Rogan grab item_armor1
ARGLOG Joe Rogan t  99.4 pos '361.0 -124.4 -103.9' spd 240.1 yaw  66.5 mode 2 st 7 gl 2 hp 59 frg 2
ARGEVT Romero hazard
ARGLOG Carmack t  99.4 pos '112.0 378.8 -296.0' spd 321.9 yaw 270.8 mode 2 st 4 gl 5 hp 100 frg 2
ARGEVT Joe Rogan death Romero pos '363.7 -79.4 -99.6'
ARGLOG Romero t  99.8 pos '387.1  23.1 -288.0' spd 337.5 yaw 146.3 mode 2 st 1 gl 2 hp 100 frg 4
ARGEVT Romero goal 
ARGLOG Carmack t 100.0 pos ' 31.9 418.3 -296.0' spd 175.6 yaw 283 mode 2 st 4 gl 5 hp 100 frg 2
ARGEVT Romero route 6 start '369.0 105.0 -288.0' goal '433.0 -55.0 -104.0'
ARGLOG Romero t 100.3 pos '339.9  -3.2 -296.0' spd 324.2 yaw 283 mode 2 st 1 gl 2 hp 83 frg 4
ARGEVT Carmack hazard
ARGLOG Carmack t 100.5 pos '-17.3 425.5 -296.0' spd 288.8 yaw 294 mode 2 st 4 gl 5 hp 100 frg 2
ARGEVT Romero jump
ARGLOG Romero t 100.9 pos '365.6 -180.1 -258.5' spd 317.0 yaw  35.7 mode 1 st 1 gl 2 hp 83 frg 4
ARGLOG Carmack t 101.1 pos ' 99.5 395.6 -296.0' spd 184.7 yaw 300 mode 2 st 4 gl 5 hp 100 frg 2
ARGEVT Joe Rogan respawn
ARGEVT Joe Rogan goal weapon_lightning
ARGLOG Joe Rogan t 101.2 pos '776.0 -808.0 -232.0' spd 0 yaw 109.8 mode 0 st 7 gl 2 hp 100 frg 2
ARGEVT Romero jump
ARGEVT Joe Rogan route 12 start '817.0 -855.0 -232.0' goal '529.0 -311.0 -104.0'
ARGEVT Carmack hazard
ARGEVT Joe Rogan hazard
ARGLOG Romero t 101.5 pos '407.4 -128.0 -259.8' spd 288.8 yaw 107.5 mode 1 st 1 gl 2 hp 83 frg 4
ARGEVT Romero goal weapon_lightning
ARGLOG Carmack t 101.7 pos ' 89.1 389.7 -296.0' spd 318.9 yaw 268 mode 2 st 4 gl 5 hp 100 frg 2
ARGEVT Romero route 3 start '305.0 -87.0 -296.0' goal '529.0 -311.0 -104.0'
ARGLOG Joe Rogan t 101.8 pos '782.9 -700.6 -200.0' spd 348.3 yaw  78.0 mode 2 st 7 gl 2 hp 100 frg 2
ARGEVT Romero hazard
ARGLOG Romero t 102.0 pos '341.0  27.9 -288.0' spd 310.8 yaw 216.4 mode 2 st 1 gl 3 hp 83 frg 4
ARGLOG Carmack t 102.2 pos '-22.2 415.4 -296.0' spd 158.5 yaw 296 mode 2 st 4 gl 5 hp 100 frg 2
ARGLOG Joe Rogan t 102.3 pos '773.9 -517.0 -104.0' spd 325.1 yaw 130 mode 0 st 7 gl 2 hp 100 frg 2
ARGEVT Carmack hazard
ARGLOG Romero t 102.6 pos '361.4 -60.5 -296.0' spd 322.0 yaw 281 mode 2 st 1 gl 3 hp 83 frg 4
ARGEVT Joe Rogan route 16 start '753.0 -471.0 -104.0' goal '529.0 -311.0 -104.0'
ARGLOG Carmack t 102.8 pos '-57.5 270.2 -296.0' spd 366.0 yaw 334 mode 2 st 4 gl 5 hp 100 frg 2
ARGLOG Joe Rogan t 102.9 pos '827.1 -400.4 -104.0' spd 321.1 yaw 250 mode 2 st 7 gl 2 hp 100 frg 2
ARGLOG Romero t 103.1 pos '382.3 -239.0 -296.0' spd 324.5 yaw 311.5 mode 2 st 1 gl 3 hp 83 frg 4
ARGEVT Romero rjump
ARGLOG Carmack t 103.3 pos '-70.1 133.9 -296.0' spd 237.7 yaw 321 mode 2 st 4 gl 5 hp 100 frg 2
ARGLOG Joe Rogan t 103.4 pos '870.7 -550.6 -104.0' spd 418.1 yaw 155.6 mode 2 st 7 gl 2 hp 100 frg 2
ARGEVT Carmack hazard
ARGLOG Romero t 103.7 pos '374.9 -361.0 -102.1' spd   2.3 yaw 17 mode 2 st 1 gl 3 hp 73 frg 4
ARGEVT Joe Rogan hazard
ARGLOG Carmack t 103.9 pos ' -5.2  50.0 -296.0' spd 198.4 yaw  48.8 mode 2 st 4 gl 5 hp 100 frg 2
ARGLOG Joe Rogan t 104.0 pos '753.6 -558.5 -120.0' spd 320.0 yaw 270 mode 2 st 7 gl 2 hp 100 frg 2
ARGEVT Romero hazard
ARGLOG Romero t 104.3 pos '422.8 -372.0 -104.0' spd 338.1 yaw 32 mode 1 st 1 gl 3 hp 73 frg 4
ARGEVT Joe Rogan goal 
ARGLOG Carmack t 104.4 pos '104.8  57.6 -296.0' spd 316.2 yaw  22.0 mode 1 st 4 gl 5 hp 100 frg 2
ARGEVT Joe Rogan route 9 start '753.0 -663.0 -184.0' goal ' 81.0 201.0 -357.0'
ARGLOG Joe Rogan t 104.6 pos '768.3 -660.2 -184.0' spd 324.3 yaw 330.8 mode 2 st 7 gl 2 hp 100 frg 2
ARGEVT Romero goal item_health
ARGEVT Carmack hazard
ARGEVT Romero route 15 start '529.0 -311.0 -104.0' goal '977.0 -471.0 -104.0'
ARGEVT Joe Rogan hazard
ARGLOG Romero t 104.8 pos '602.8 -329.6 -104.0' spd 331.6 yaw 105 mode 2 st 1 gl 4 hp 73 frg 4
ARGLOG Carmack t 105.0 pos ' 52.5 110.1 -296.0' spd 131.4 yaw  31.8 mode 1 st 4 gl 5 hp 100 frg 2
ARGLOG Joe Rogan t 105.1 pos '806.1 -636.6 -168.0' spd 339.0 yaw 129 mode 2 st 7 gl 2 hp 100 frg 2
ARGEVT Romero hazard
ARGLOG Romero t 105.4 pos '607.9 -265.8 -104.0' spd 358.6 yaw 110 mode 2 st 1 gl 4 hp 73 frg 4
ARGLOG Carmack t 105.6 pos '110.0 112.6 -296.0' spd 196.2 yaw  92.2 mode 1 st 4 gl 5 hp 100 frg 2
ARGLOG Joe Rogan t 105.7 pos '752.0 -462.0 -104.0' spd 334.5 yaw 92 mode 0 st 7 gl 2 hp 100 frg 2
ARGEVT Joe Rogan route 12 start '753.0 -471.0 -104.0' goal ' 81.0 201.0 -357.0'
ARGEVT Carmack hazard
ARGLOG Romero t 105.9 pos '516.1 -107.4 -104.0' spd 329.9 yaw 46 mode 2 st 1 gl 4 hp 73 frg 4
ARGLOG Carmack t 106.1 pos '106.8 141.4 -296.0' spd 340.1 yaw 313.4 mode 1 st 4 gl 5 hp 100 frg 2
ARGEVT Joe Rogan hazard
ARGLOG Joe Rogan t 106.3 pos '890.3 -410.9 -104.0' spd 388.2 yaw  78.6 mode 2 st 7 gl 2 hp 100 frg 2
ARGEVT Romero hazard
ARGLOG Romero t 106.5 pos '566.4   3.2 -104.0' spd 0 yaw 66 mode 2 st 1 gl 4 hp 73 frg 4
ARGLOG Carmack t 106.7 pos '100.3  96.3 -296.0' spd 336.9 yaw 81 mode 1 st 4 gl 5 hp 100 frg 2
ARGLOG Joe Rogan t 106.8 pos '836.6 -400.0 -104.0' spd 326.8 yaw 162 mode 2 st 7 gl 2 hp 100 frg 2
ARGEVT Carmack hazard
ARGLOG Romero t 107.1 pos '566.4   3.2 -104.0' spd 0 yaw 66 mode 2 st 1 gl 4 hp 73 frg 4
ARGLOG Carmack t 107.2 pos '105.9  79.8 -296.0' spd 321.0 yaw 358 mode 1 st 4 gl 5 hp 100 frg 2
ARGEVT Romero hazard
ARGLOG Joe Rogan t 107.4 pos '780.3 -508.3 -104.0' spd 404.8 yaw 201.3 mode 2 st 7 gl 2 hp 100 frg 2
ARGEVT Romero stall
ARGEVT Romero stallnode '625.0   9.0 -296.0'
ARGEVT Romero jump
ARGLOG Romero t 107.6 pos '568.6  -1.3 -67.8' spd  30.9 yaw 311 mode 0 st 2 gl 4 hp 73 frg 4
ARGEVT Romero route 13 start '529.0 -55.0 -104.0' goal '977.0 -471.0 -104.0'
ARGLOG Carmack t 107.8 pos '111.9 124.5 -296.0' spd 291.5 yaw 101.5 mode 1 st 4 gl 5 hp 100 frg 2
ARGLOG Joe Rogan t 107.9 pos '752.0 -684.0 -184.0' spd 321.2 yaw 115 mode 2 st 7 gl 2 hp 100 frg 2
ARGEVT Carmack hazard
ARGLOG Romero t 108.2 pos '541.0 -53.2 -104.0' spd 324.8 yaw 66 mode 2 st 2 gl 4 hp 73 frg 4
ARGLOG Carmack t 108.3 pos ' 49.1 111.8 -296.0' spd 323.2 yaw 339 mode 1 st 4 gl 5 hp 100 frg 2
ARGLOG Joe Rogan t 108.5 pos '734.8 -883.6 -232.0' spd 357.3 yaw 201.6 mode 0 st 7 gl 2 hp 100 frg 2
ARGEVT Joe Rogan hazard
ARGLOG Romero t 108.7 pos '624.0 -175.6 -104.0' spd 133.8 yaw 89 mode 2 st 2 gl 4 hp 73 frg 4
ARGEVT Joe Rogan route 7 start '721.0 -887.0 -232.0' goal ' 81.0 201.0 -357.0'
ARGUS routecache adopt
ARGEVT Joe Rogan route 7 start '721.0 -887.0 -232.0' goal ' 81.0 201.0 -357.0'
ARGLOG Carmack t 108.9 pos ' 91.8 118.3 -296.0' spd 330.3 yaw 129.4 mode 1 st 4 gl 5 hp 100 frg 2
ARGLOG Joe Rogan t 109.0 pos '728.8 -783.4 -232.0' spd 349.6 yaw 112 mode 2 st 7 gl 2 hp 100 frg 2
ARGEVT Carmack hazard
ARGEVT Romero hazard
ARGLOG Romero t 109.3 pos '564.6  -7.4 -104.0' spd 361.5 yaw 67 mode 2 st 2 gl 4 hp 73 frg 4
ARGLOG Carmack t 109.5 pos '102.8 134.5 -296.0' spd 320.6 yaw 350.8 mode 1 st 4 gl 5 hp 100 frg 2
ARGLOG Joe Rogan t 109.6 pos '834.3 -825.9 -232.0' spd 360.2 yaw 116 mode 2 st 7 gl 2 hp 100 frg 2
ARGLOG Romero t 109.8 pos '607.9 -79.8 -104.0' spd 135.5 yaw 85 mode 2 st 2 gl 4 hp 73 frg 4
ARGEVT Joe Rogan hazard
ARGLOG Carmack t 110.0 pos ' 91.8 114.5 -296.0' spd 331.9 yaw  50.3 mode 1 st 4 gl 5 hp 100 frg 2
ARGEVT Carmack hazard
ARGUS routecache adopt
ARGEVT Joe Rogan route 7 start '721.0 -887.0 -232.0' goal ' 81.0 201.0 -357.0'
ARGLOG Joe Rogan t 110.1 pos '720.0 -842.0 -232.0' spd 320.4 yaw  73.8 mode 0 st 7 gl 2 hp 100 frg 2
ARGEVT Romero stall
ARGEVT Romero stallnode '625.0   9.0 -296.0'
ARGEVT Romero jump
ARGLOG Romero t 110.4 pos '583.4 -30.8 -90.6' spd 349.2 yaw  41.2 mode 0 st 3 gl 4 hp 73 frg 4
ARGLOG Carmack t 110.6 pos ' 64.4 118.3 -296.0' spd 228.8 yaw 351 mode 1 st 4 gl 5 hp 100 frg 2
ARGLOG Joe Rogan t 110.7 pos '839.9 -720.0 -216.0' spd 133.4 yaw 119 mode 2 st 7 gl 2 hp 100 frg 2
ARGEVT Romero route 13 start '529.0 -55.0 -104.0' goal '977.0 -471.0 -104.0'
ARGLOG Romero t 110.9 pos '571.8  -8.5 -104.0' spd  37.9 yaw 231.6 mode 2 st 3 gl 4 hp 73 frg 4
ARGLOG Carmack t 111.1 pos '105.4  93.3 -296.0' spd 338.4 yaw 85 mode 1 st 4 gl 5 hp 100 frg 2
ARGEVT Carmack hazard
ARGLOG Joe Rogan t 111.3 pos '759.2 -868.8 -232.0' spd 326.2 yaw 120 mode 2 st 7 gl 2 hp 100 frg 2
ARGEVT Joe Rogan hazard
ARGEVT Joe Rogan route 7 start '721.0 -887.0 -232.0' goal ' 81.0 201.0 -357.0'
ARGLOG Romero t 111.5 pos '573.4 -171.3 -104.0' spd 407.1 yaw 80 mode 2 st 3 gl 4 hp 73 frg 4
ARGUS routecache adopt
ARGEVT Joe Rogan route 7 start '721.0 -887.0 -232.0' goal ' 81.0 201.0 -357.0'
ARGLOG Carmack t 111.7 pos ' 75.3 112.8 -296.0' spd 329.7 yaw 339 mode 1 st 4 gl 5 hp 100 frg 2
ARGLOG Joe Rogan t 111.8 pos '724.0 -817.1 -232.0' spd 321.2 yaw 76 mode 0 st 7 gl 2 hp 100 frg 2
ARGEVT Joe Rogan route 8 start '721.0 -759.0 -232.0' goal ' 81.0 201.0 -357.0'
ARGLOG Romero t 112.1 pos '592.8 -49.6 -104.0' spd 355.2 yaw 80 mode 2 st 3 gl 4 hp 73 frg 4
ARGEVT Romero hazard
ARGLOG Carmack t 112.2 pos '112.0 124.8 -296.0' spd 320 yaw 109.8 mode 1 st 4 gl 5 hp 100 frg 2
ARGEVT Carmack hazard
ARGLOG Joe Rogan t 112.4 pos '825.5 -720.6 -216.0' spd 360.7 yaw 118 mode 2 st 7 gl 2 hp 100 frg 2
ARGEVT Joe Rogan hazard
ARGLOG Romero t 112.6 pos '600.2 -64.5 -104.0' spd 148.6 yaw 82 mode 2 st 3 gl 4 hp 73 frg 4
ARGLOG Carmack t 112.8 pos ' 57.5 105.0 -296.0' spd 322.1 yaw 343 mode 1 st 4 gl 5 hp 100 frg 2
ARGLOG Joe Rogan t 112.9 pos '764.6 -889.2 -232.0' spd 349.3 yaw 119 mode 2 st 7 gl 2 hp 100 frg 2
ARGUS routecache adopt
ARGEVT Joe Rogan route 7 start '721.0 -887.0 -232.0' goal ' 81.0 201.0 -357.0'
ARGLOG Romero t 113.2 pos '601.5 -67.0 -104.0' spd 327.4 yaw 83 mode 2 st 3 gl 4 hp 73 frg 4
ARGEVT Romero hazard
ARGUS routecache adopt
ARGEVT Joe Rogan route 8 start '721.0 -759.0 -232.0' goal ' 81.0 201.0 -357.0'
ARGLOG Carmack t 113.4 pos '112.0 101.2 -296.0' spd 321.0 yaw 90 mode 1 st 4 gl 5 hp 100 frg 2
ARGEVT Carmack hazard
ARGLOG Joe Rogan t 113.5 pos '720.0 -772.0 -232.0' spd 340.4 yaw 111 mode 2 st 7 gl 2 hp 100 frg 2
ARGEVT Joe Rogan hazard
ARGLOG Romero t 113.7 pos '595.7 -55.4 -104.0' spd 165.6 yaw 81 mode 2 st 3 gl 4 hp 73 frg 4
ARGLOG Carmack t 113.9 pos ' 38.5 106.4 -296.0' spd 320.6 yaw 351.1 mode 1 st 4 gl 5 hp 100 frg 2
ARGLOG Joe Rogan t 114.0 pos '720.7 -842.7 -232.0' spd 320.0 yaw 118 mode 2 st 7 gl 2 hp 100 frg 2
ARGLOG Romero t 114.3 pos '607.4 -78.9 -104.0' spd 294.9 yaw 85 mode 2 st 3 gl 4 hp 73 frg 4
ARGEVT Joe Rogan route 6 start '337.0   9.0 -296.0' goal ' 81.0 201.0 -357.0'
ARGEVT Romero hazard
ARGLOG Carmack t 114.5 pos ' 99.2  55.3 -296.0' spd 356.3 yaw 344.3 mode 1 st 4 gl 5 hp 100 frg 2
ARGEVT Carmack hazard
ARGLOG Joe Rogan t 114.5 pos '368.0 -17.5 -293.3' spd 300 yaw 214 mode 2 st 7 gl 2 hp 100 frg 2
ARGLOG Romero t 114.8 pos '587.5 -39.0 -104.0' spd 292.2 yaw 77 mode 2 st 3 gl 4 hp 73 frg 4
ARGLOG Carmack t 115.0 pos ' 90.1 129.7 -296.0' spd 345.5 yaw 158.7 mode 1 st 4 gl 5 hp 100 frg 2
ARGLOG Joe Rogan t 115.1 pos '355.0 -100.4 -296.0' spd 327.4 yaw 204 mode 2 st 7 gl 2 hp 100 frg 2
ARGEVT Joe Rogan hazard
ARGLOG Romero t 115.4 pos '604.0 -72.1 -104.0' spd 325.1 yaw 84 mode 2 st 3 gl 4 hp 73 frg 4
ARGEVT Romero stall
ARGEVT Romero stallnode '625.0   9.0 -296.0'
ARGEVT Romero jump
ARGLOG Carmack t 115.5 pos '-25.9 109.5 -296.0' spd 146.4 yaw   4.8 mode 1 st 4 gl 5 hp 100 frg 2
ARGLOG Joe Rogan t 115.7 pos '344.1 -243.2 -296.0' spd 241.6 yaw 152 mode 2 st 7 gl 2 hp 100 frg 2
ARGEVT Romero route 13 start '529.0 -55.0 -104.0' goal '977.0 -471.0 -104.0'
ARGLOG Romero t 115.9 pos '568.7  -1.4 -69.3' spd  30.9 yaw 290.9 mode 2 st 4 gl 4 hp 73 frg 4
ARGEVT Carmack hazard
ARGLOG Carmack t 116.0 pos '112.0 110.4 -296.0' spd 288.7 yaw  48.8 mode 1 st 4 gl 5 hp 100 frg 2
ARGLOG Joe Rogan t 116.2 pos '202.1 -233.5 -296.0' spd 328.3 yaw 143 mode 2 st 7 gl 2 hp 100 frg 2
ARGEVT Joe Rogan hazard
ARGEVT Joe Rogan engage Romero
ARGEVT Romero engage Joe Rogan
ARGEVT Romero weapon rl
ARGLOG Romero t 116.4 pos '545.4 -71.6 -104.0' spd 341.6 yaw 112.8 mode 2 st 4 gl 4 hp 73 frg 4
ARGEVT Romero weapon lg
ARGLOG Carmack t 116.6 pos '112.0  86.3 -296.0' spd 302.9 yaw 335.8 mode 1 st 4 gl 5 hp 100 frg 2
ARGLOG Joe Rogan t 116.7 pos '133.5 -252.2 -296.0' spd 240.1 yaw  11.4 mode 2 st 7 gl 2 hp 100 frg 2
ARGLOG Romero t 117.0 pos '546.3 -250.4 -104.0' spd 321.5 yaw 178.3 mode 2 st 4 gl 4 hp 73 frg 4
ARGEVT Romero pursue
ARGLOG Carmack t 117.1 pos '112.0  55.4 -296.0' spd 295.1 yaw 337.1 mode 1 st 4 gl 5 hp 100 frg 2
ARGEVT Carmack hazard
ARGLOG Joe Rogan t 117.3 pos '183.3 -240.9 -296.0' spd 200.0 yaw 353.7 mode 2 st 7 gl 2 hp 100 frg 2
ARGEVT Romero route 15 start '529.0 -311.0 -104.0' goal '977.0 -471.0 -104.0'
ARGEVT Romero grab item_cells
ARGLOG Romero t 117.5 pos '467.9 -407.0 -104.0' spd 321.1 yaw 146.2 mode 2 st 4 gl 4 hp 73 frg 4
ARGEVT Joe Rogan hazard
ARGLOG Carmack t 117.7 pos '109.3  77.9 -296.0' spd 369.5 yaw 299 mode 1 st 4 gl 5 hp 100 frg 2
ARGLOG Joe Rogan t 117.8 pos '259.3 -215.7 -296.0' spd 335.0 yaw 291.4 mode 2 st 7 gl 2 hp 100 frg 2
ARGEVT Joe Rogan pursue
ARGEVT Romero pursue
ARGLOG Romero t 118.1 pos '287.8 -430.1 -104.0' spd 369.5 yaw 110 mode 2 st 4 gl 4 hp 73 frg 4
ARGEVT Romero grab weapon_grenadelauncher
ARGLOG Carmack t 118.2 pos '107.7 131.6 -296.0' spd 367.4 yaw 352.1 mode 1 st 4 gl 5 hp 100 frg 2
ARGEVT Carmack hazard
ARGEVT Joe Rogan route 7 start '401.0 -247.0 -296.0' goal ' 81.0 201.0 -357.0'
ARGLOG Joe Rogan t 118.4 pos '369.2 -208.6 -296.0' spd 344.4 yaw 224.4 mode 2 st 7 gl 2 hp 100 frg 2
ARGLOG Romero t 118.6 pos '122.6 -394.9 -104.0' spd 355.7 yaw  35.4 mode 0 st 4 gl 4 hp 73 frg 4
ARGEVT Romero hazard
ARGEVT Romero route 17 start '113.0 -407.0 -104.0' goal '977.0 -471.0 -104.0'
ARGEVT Joe Rogan hazard
ARGEVT Carmack abandon
ARGEVT Carmack goal item_artifact_super_damage
ARGLOG Carmack t 118.8 pos '112.0 120.8 -296.0' spd 340.2 yaw   3.0 mode 0 st 4 gl 5 hp 100 frg 2
ARGEVT Carmack route 6 start ' 49.0 105.0 -296.0' goal '209.0  73.0 -104.0'
ARGLOG Joe Rogan t 119.0 pos '391.8 -233.6 -296.0' spd 295.0 yaw 219.1 mode 2 st 7 gl 2 hp 100 frg 2
ARGLOG Romero t 119.2 pos '183.8 -420.8 -104.0' spd  31.4 yaw  37.8 mode 2 st 4 gl 4 hp 69 frg 4
ARGLOG Carmack t 119.4 pos '  4.3  48.0 -296.0' spd 337.7 yaw 273 mode 2 st 4 gl 5 hp 100 frg 2
ARGLOG Joe Rogan t 119.5 pos '468.0 -237.4 -296.0' spd 266.8 yaw 209.9 mode 2 st 7 gl 2 hp 100 frg 2
ARGEVT Romero hazard
ARGLOG Romero t 119.7 pos '153.0 -397.5 -104.0' spd  52.6 yaw  24.3 mode 2 st 4 gl 4 hp 69 frg 4
ARGEVT Carmack hazard
ARGLOG Carmack t 119.9 pos '-28.4 -120.3 -296.0' spd 320.2 yaw 349 mode 2 st 4 gl 5 hp 100 frg 2
ARGLOG Joe Rogan t 120.0 pos '456.4 -223.7 -296.0' spd 147.8 yaw 232.2 mode 2 st 7 gl 2 hp 100 frg 2
ARGEVT Carmack engage Joe Rogan
ARGLOG Romero t 120.3 pos '116.5 -389.6 -104.0' spd 356.6 yaw  12.0 mode 2 st 4 gl 4 hp 69 frg 4
ARGLOG Carmack t 120.5 pos ' 33.4 -249.5 -296.0' spd 174.2 yaw  15.2 mode 2 st 4 gl 5 hp 100 frg 2
ARGLOG Joe Rogan t 120.6 pos '472.5 -217.6 -296.0' spd 327.3 yaw 217.1 mode 2 st 7 gl 2 hp 70 frg 2
ARGEVT Romero hazard
ARGLOG Romero t 120.8 pos '165.4 -402.8 -104.0' spd 112.7 yaw  33.6 mode 2 st 4 gl 4 hp 69 frg 4
ARGLOG Carmack t 121.0 pos ' 96.3 -263.6 -296.0' spd 118.0 yaw 359.9 mode 2 st 4 gl 5 hp 100 frg 2
ARGLOG Joe Rogan t 121.1 pos '484.0 -224.7 -296.0' spd 140.5 yaw 225.0 mode 2 st 7 gl 2 hp 40 frg 2
ARGEVT Romero weapon rl
ARGEVT Joe Rogan death Carmack pos '511.5 -263.9 -296.0'
ARGUS Carmack watch spawn
ARGLOG Romero t 121.3 pos '309.4 -479.5 -104.0' spd 517.9 yaw 354 mode 2 st 4 gl 4 hp 61 frg 4
ARGEVT Carmack goal item_artifact_super_damage
ARGLOG Carmack t 121.5 pos '178.8 -198.1 -296.0' spd 334.6 yaw 353.8 mode 0 st 4 gl 5 hp 100 frg 3
ARGEVT Carmack hazard
ARGEVT Carmack route 1 start '209.0 -183.0 -296.0' goal '209.0  73.0 -104.0'
ARGEVT Carmack rjump
ARGLOG Romero t 121.9 pos '432.0 -454.9 -104.0' spd 202.6 yaw 133 mode 2 st 4 gl 4 hp 61 frg 4
ARGEVT Carmack engage Romero
ARGEVT Romero engage Carmack
ARGEVT Romero grab item_health
ARGLOG Carmack t 122.1 pos '306.6 -282.6 -273.5' spd  78.1 yaw 324.3 mode 0 st 4 gl 5 hp 100 frg 3
ARGEVT Carmack route 3 start '369.0 -279.0 -296.0' goal '209.0  73.0 -104.0'
ARGLOG Romero t 122.4 pos '491.7 -428.3 -104.0' spd 312.7 yaw 128.6 mode 2 st 4 gl 4 hp 61 frg 4
ARGEVT Carmack pursue
ARGEVT Romero pursue
ARGLOG Carmack t 122.6 pos '310.4 -219.7 -296.0' spd 290.2 yaw 299 mode 2 st 4 gl 5 hp 100 frg 3
ARGEVT Joe Rogan respawn
ARGUS Carmack hunch item_artifact_super_damage
ARGEVT Joe Rogan goal weapon_rocketlauncher
ARGEVT Joe Rogan engage Romero
ARGLOG Joe Rogan t 122.9 pos '-64.0 -232.0 -72.0' spd 0 yaw 351.3 mode 0 st 7 gl 2 hp 100 frg 2
ARGUS Romero hunch item_artifact_super_damage
ARGEVT Romero pursue
ARGLOG Romero t 123.0 pos '491.1 -349.9 -104.0' spd 120.2 yaw 295.1 mode 2 st 4 gl 4 hp 61 frg 4
ARGEVT Carmack pursue
ARGEVT Romero goal item_armorInv
ARGEVT Carmack goal item_artifact_super_damage
ARGUS routecache adopt
ARGEVT Carmack route 2 start '273.0 -183.0 -296.0' goal '209.0  73.0 -104.0'
ARGEVT Joe Rogan route 9 start '-47.0 -215.0 -72.0' goal ' 49.0 105.0 -296.0'
ARGEVT Romero hazard
ARGUS Carmack prefire
ARGLOG Carmack t 123.2 pos '288.5 -204.6 -296.0' spd 337.5 yaw 302 mode 2 st 4 gl 5 hp 100 frg 3
ARGEVT Carmack rjump
ARGLOG Joe Rogan t 123.4 pos ' 80.3 -235.4 -72.0' spd 280.1 yaw 344.6 mode 2 st 7 gl 2 hp 100 frg 2
ARGLOG Romero t 123.5 pos '581.6 -432.0 -104.0' spd  29.0 yaw 172.0 mode 0 st 4 gl 4 hp 61 frg 4
ARGEVT Carmack pursue
ARGEVT Romero route 17 start '593.0 -439.0 -120.0' goal '817.0 -855.0 -232.0'
ARGLOG Carmack t 123.7 pos '204.8 -220.3 -267.3' spd  99.1 yaw 334.3 mode 2 st 4 gl 5 hp 100 frg 3
ARGEVT Carmack weapon sg
ARGEVT Romero retreat
ARGLOG Joe Rogan t 123.9 pos '144.9 -283.9 -56.0' spd 320.2 yaw 345.4 mode 2 st 7 gl 2 hp 100 frg 2
ARGLOG Romero t 124.0 pos '495.2 -366.3 -79.6' spd 324.9 yaw 162.3 mode 2 st 4 gl 4 hp 17 frg 4
ARGLOG Carmack t 124.2 pos '174.0 -233.0 -296.0' spd 207.4 yaw 341.8 mode 2 st 4 gl 5 hp 100 frg 3
ARGLOG Joe Rogan t 124.5 pos '152.7 -436.9  24.0' spd  77.9 yaw   7.2 mode 2 st 7 gl 2 hp 100 frg 2
ARGLOG Romero t 124.5 pos '683.1 -384.3 -104.0' spd 427.2 yaw 155.8 mode 2 st 4 gl 4 hp 1 frg 4
ARGEVT Romero hazard
ARGEVT Romero pursue
ARGEVT Carmack pursue
ARGLOG Carmack t 124.7 pos '241.9 -281.0 -296.0' spd 351.9 yaw   0.3 mode 0 st 4 gl 5 hp 100 frg 3
ARGEVT Carmack hazard
ARGEVT Carmack pursue
ARGEVT Joe Rogan hazard
ARGLOG Joe Rogan t 125.0 pos '174.4 -324.2 -40.0' spd 149.3 yaw 349.6 mode 2 st 7 gl 2 hp 100 frg 2
ARGEVT Romero death Joe Rogan pos '552.5 -413.5 -104.0'
ARGUS Joe Rogan watch spawn
ARGEVT Carmack engage Joe Rogan
ARGEVT Joe Rogan engage Carmack
ARGEVT Carmack routefail
ARGEVT Joe Rogan goal weapon_rocketlauncher
ARGEVT Carmack goal 
ARGLOG Carmack t 125.3 pos '421.7 -276.6 -296.0' spd 320.1 yaw 208.2 mode 0 st 4 gl 5 hp 100 frg 3
ARGEVT Joe Rogan route 8 start '177.0 -343.0 -24.0' goal ' 49.0 105.0 -296.0'
ARGLOG Joe Rogan t 125.5 pos '230.1 -484.8  24.0' spd 329.5 yaw  53.3 mode 2 st 7 gl 2 hp 100 frg 3
ARGEVT Carmack route 9 start '401.0 -279.0 -296.0' goal '497.0 -407.0 -104.0'
ARGEVT Carmack grab 
ARGEVT Carmack pursue
ARGLOG Carmack t 125.8 pos '531.1 -259.7 -296.0' spd 325.3 yaw 221.7 mode 2 st 4 gl 5 hp 100 frg 3
ARGEVT Joe Rogan pursue
ARGLOG Joe Rogan t 126.1 pos '371.0 -522.0  24.0' spd 243.5 yaw 76 mode 2 st 7 gl 2 hp 100 frg 3
ARGEVT Carmack hazard
ARGEVT Carmack pursue
ARGLOG Carmack t 126.3 pos '422.4 -201.9 -296.0' spd 323.3 yaw 245.9 mode 2 st 4 gl 5 hp 96 frg 3
ARGEVT Romero respawn
ARGLOG Joe Rogan t 126.6 pos '492.0 -429.5  24.0' spd  43.2 yaw 123.5 mode 2 st 7 gl 2 hp 100 frg 3
ARGEVT Romero goal item_armorInv
ARGLOG Romero t 126.6 pos '272.0 -952.0  24.0' spd 0 yaw  20.5 mode 0 st 4 gl 4 hp 100 frg 4
ARGEVT Joe Rogan grab 
ARGEVT Romero route 13 start '305.0 -983.0  24.0' goal '817.0 -855.0 -232.0'
ARGLOG Carmack t 126.8 pos '339.7 -212.1 -296.0' spd  97.1 yaw 294.7 mode 2 st 4 gl 5 hp 96 frg 3
ARGLOG Joe Rogan t 127.1 pos '526.1 -426.5  24.0' spd 324.3 yaw 129.2 mode 0 st 7 gl 2 hp 84 frg 3
ARGLOG Romero t 127.1 pos '367.1 -828.6  24.0' spd 323.6 yaw 77 mode 2 st 4 gl 4 hp 100 frg 4
ARGEVT Joe Rogan hazard
ARGEVT Carmack grab 
ARGEVT Joe Rogan route 6 start '529.0 -375.0  24.0' goal ' 49.0 105.0 -296.0'
ARGEVT Romero hazard
ARGLOG Carmack t 127.4 pos '334.5 -64.4 -296.0' spd 357.4 yaw 297.2 mode 2 st 4 gl 5 hp 96 frg 3
ARGEVT Carmack pursue
ARGEVT Joe Rogan pursue
ARGLOG Joe Rogan t 127.6 pos '557.5 -456.0  25.0' spd  50.5 yaw 124 mode 2 st 7 gl 2 hp 84 frg 3
ARGLOG Romero t 127.6 pos '340.3 -690.3  24.0' spd 345.1 yaw  73.6 mode 2 st 4 gl 4 hp 100 frg 4
ARGEVT Carmack hazard
ARGLOG Carmack t 127.9 pos '357.8 -74.5 -296.0' spd  81.1 yaw 291.8 mode 2 st 4 gl 5 hp 76 frg 3
ARGEVT Romero engage Joe Rogan
ARGLOG Joe Rogan t 128.1 pos '533.1 -398.7  24.0' spd 117.8 yaw 115.3 mode 2 st 7 gl 2 hp 84 frg 3
ARGLOG Romero t 128.1 pos '363.6 -522.6  24.0' spd 341.0 yaw  42.5 mode 2 st 4 gl 4 hp 100 frg 4
ARGLOG Carmack t 128.4 pos '377.0  32.7 -288.0' spd 104.1 yaw 276.8 mode 2 st 4 gl 5 hp 56 frg 3
ARGLOG Joe Rogan t 128.7 pos '374.4 -401.6 -17.8' spd 320.0 yaw  94.9 mode 2 st 7 gl 2 hp 84 frg 3
ARGLOG Romero t 128.7 pos '311.1 -370.0 -17.8' spd  98.9 yaw 331.0 mode 2 st 4 gl 4 hp 100 frg 4
ARGLOG Carmack t 128.9 pos '378.3 -17.0 -296.0' spd 131.8 yaw 268.1 mode 2 st 4 gl 5 hp 52 frg 3
ARGEVT Romero hazard
ARGLOG Joe Rogan t 129.3 pos '305.9 -412.9 -104.0' spd 320.1 yaw  80.5 mode 2 st 7 gl 2 hp 60 frg 3
ARGLOG Romero t 129.3 pos '219.4 -420.5 -104.0' spd 332.7 yaw   9.0 mode 2 st 4 gl 4 hp 100 frg 4
ARGEVT Joe Rogan hazard
ARGLOG Carmack t 129.5 pos '364.4 -64.3 -296.0' spd 212.9 yaw 276.6 mode 2 st 4 gl 5 hp 52 frg 3
ARGEVT Joe Rogan retreat
ARGLOG Joe Rogan t 129.8 pos '444.5 -424.7 -104.0' spd 245.6 yaw 103.6 mode 2 st 7 gl 2 hp 32 frg 3
ARGLOG Romero t 129.8 pos '113.6 -372.6 -104.0' spd  65.4 yaw 351.8 mode 0 st 4 gl 4 hp 100 frg 4
ARGEVT Romero route 19 start '113.0 -407.0 -104.0' goal '817.0 -855.0 -232.0'
ARGLOG Carmack t 130.1 pos '361.0 -135.4 -296.0' spd 116.8 yaw 294.0 mode 2 st 4 gl 5 hp 52 frg 3
ARGEVT Carmack pursue
ARGEVT Joe Rogan pursue
ARGLOG Joe Rogan t 130.4 pos '451.9 -365.3 -104.0' spd 298.0 yaw  91.5 mode 2 st 7 gl 2 hp 4 frg 3
ARGLOG Romero t 130.4 pos '118.4 -408.4 -104.0' spd 242.3 yaw   6.8 mode 2 st 4 gl 4 hp 100 frg 4
ARGEVT Carmack hazard
ARGEVT Joe Rogan death Romero pos '448.4 -395.4 -104.0'
ARGUS Romero watch spawn
ARGEVT Carmack engage Romero
ARGEVT Romero engage Carmack
ARGLOG Carmack t 130.6 pos '356.5 -188.0 -296.0' spd 135.0 yaw 228.6 mode 2 st 4 gl 5 hp 52 frg 3
ARGEVT Romero goal weapon_rocketlauncher
ARGEVT Romero route 7 start '113.0 -407.0 -104.0' goal ' 49.0 105.0 -296.0'
ARGLOG Romero t 130.9 pos '164.7 -400.3 -104.0' spd 121.0 yaw  28.5 mode 2 st 4 gl 4 hp 100 frg 5
ARGLOG Carmack t 131.2 pos '395.6 -227.0 -296.0' spd 196.5 yaw 231.0 mode 2 st 4 gl 5 hp 52 frg 3
ARGEVT Carmack hazard
ARGEVT Romero grab 
ARGLOG Romero t 131.5 pos '323.4 -455.1 -104.0' spd 321.7 yaw  77.5 mode 2 st 4 gl 4 hp 96 frg 5
ARGEVT Carmack pursue
ARGLOG Carmack t 131.7 pos '376.5 -151.0 -296.0' spd 236.5 yaw 280.6 mode 2 st 4 gl 5 hp 52 frg 3
ARGEVT Joe Rogan respawn
ARGEVT Romero grab 
ARGLOG Romero t 132.0 pos '451.0 -395.6 -104.0' spd 135.2 yaw 113.2 mode 2 st 4 gl 4 hp 96 frg 5
ARGEVT Joe Rogan goal weapon_lightning
ARGLOG Joe Rogan t 132.1 pos '112.0 -1136.0 -104.0' spd 0 yaw 63 mode 0 st 7 gl 2 hp 100 frg 3
ARGEVT Joe Rogan route 6 start '145.0 -1143.0 -88.0' goal '529.0 -311.0 -104.0'
ARGLOG Carmack t 132.3 pos '394.1 -150.7 -296.0' spd 108.5 yaw 301.5 mode 2 st 4 gl 5 hp 52 frg 3
ARGEVT Carmack goal weapon_lightning
ARGEVT Romero pursue
ARGEVT Carmack pursue
ARGUS Carmack hunch item_artifact_super_damage
ARGLOG Romero t 132.5 pos '552.9 -373.1 -104.0' spd 228.5 yaw 134 mode 2 st 4 gl 4 hp 96 frg 5
ARGEVT Carmack pursue
ARGEVT Carmack hazard
ARGLOG Joe Rogan t 132.6 pos '163.3 -971.6 -104.0' spd 322.9 yaw 94 mode 2 st 7 gl 2 hp 100 frg 3
ARGEVT Carmack goal weapon_lightning
ARGEVT Carmack route 10 start '305.0 -87.0 -296.0' goal '529.0 -311.0 -104.0'
ARGLOG Carmack t 132.8 pos '336.0 -25.6 -296.0' spd 367.1 yaw 239.4 mode 2 st 4 gl 5 hp 52 frg 3
ARGUS Romero hunch item_artifact_super_damage
ARGEVT Romero grab item_armor1
ARGEVT Romero goal item_armorInv
ARGLOG Romero t 133.1 pos '467.0 -249.6 -104.0' spd 331.7 yaw  63.3 mode 0 st 4 gl 4 hp 96 frg 5
ARGLOG Joe Rogan t 133.1 pos '158.5 -801.9 -104.0' spd 320.0 yaw 95 mode 2 st 7 gl 2 hp 100 frg 3
ARGEVT Romero route 17 start '433.0 -247.0 -104.0' goal '817.0 -855.0 -232.0'
ARGEVT Joe Rogan hazard
ARGLOG Carmack t 133.3 pos '348.3  25.7 -288.0' spd 154.2 yaw 333.4 mode 2 st 4 gl 5 hp 52 frg 3
ARGEVT Carmack hazard
ARGEVT Carmack death Romero pos '368.7  94.4 -288.0'
ARGEVT Joe Rogan route 4 start '209.0 -759.0 -104.0' goal '529.0 -311.0 -104.0'
ARGLOG Romero t 133.6 pos '520.1 -94.1 -104.0' spd 324.7 yaw  64.3 mode 2 st 4 gl 4 hp 87 frg 6
ARGLOG Joe Rogan t 133.6 pos '160.4 -753.6 -104.0' spd 320.1 yaw 46 mode 2 st 7 gl 2 hp 100 frg 3
ARGEVT Romero goal weapon_supernailgun
ARGEVT Romero route 7 start '529.0 -55.0 -104.0' goal '177.0 -55.0 -104.0'
ARGEVT Romero hazard
ARGEVT Romero engage Joe Rogan
ARGEVT Romero grab item_health
ARGEVT Joe Rogan engage Romero
ARGLOG Romero t 134.1 pos '561.6   0.8 -104.0' spd 143.4 yaw 265.6 mode 2 st 4 gl 4 hp 87 frg 6
ARGLOG Joe Rogan t 134.1 pos '324.0 -734.7 -104.0' spd 375.1 yaw  75.4 mode 2 st 7 gl 2 hp 100 frg 3
ARGEVT Joe Rogan hazard
ARGEVT Romero pursue
ARGUS Romero prefire
ARGEVT Joe Rogan pursue
ARGLOG Romero t 134.6 pos '559.2  -0.4 -104.0' spd  13.6 yaw 242.4 mode 2 st 4 gl 4 hp 87 frg 6
ARGLOG Joe Rogan t 134.7 pos '362.1 -575.7 -104.0' spd 327.0 yaw  67.8 mode 2 st 7 gl 2 hp 100 frg 3
ARGEVT Joe Rogan retreat
ARGEVT Carmack respawn
ARGLOG Romero t 135.1 pos '566.4   3.2 -104.0' spd 0 yaw 243.7 mode 2 st 4 gl 4 hp 73 frg 6
ARGEVT Carmack goal weapon_rocketlauncher
ARGLOG Carmack t 135.1 pos '-64.0 -232.0 -72.0' spd 0 yaw 13 mode 0 st 4 gl 5 hp 100 frg 3
ARGLOG Joe Rogan t 135.2 pos '355.4 -480.7 -108.0' spd 193.0 yaw  60.0 mode 2 st 7 gl 2 hp 1 frg 3
ARGEVT Carmack route 9 start '-47.0 -215.0 -72.0' goal ' 49.0 105.0 -296.0'
ARGEVT Carmack engage Romero
ARGEVT Joe Rogan hazard
ARGLOG Romero t 135.6 pos '557.4 -18.8 -104.0' spd 295.6 yaw 253.4 mode 2 st 4 gl 4 hp 73 frg 6
ARGLOG Carmack t 135.6 pos ' 95.7 -236.8 -72.0' spd 372.9 yaw  31.1 mode 2 st 4 gl 5 hp 100 frg 3
ARGLOG Joe Rogan t 135.7 pos '318.6 -603.9 -104.0' spd 350.2 yaw  66.1 mode 2 st 7 gl 2 hp 1 frg 3
ARGEVT Carmack hazard
ARGEVT Joe Rogan route 3 start '305.0 -663.0 -104.0' goal '529.0 -311.0 -104.0'
ARGEVT Romero grab weapon_lightning
ARGLOG Romero t 136.2 pos '508.0 -175.4 -104.0' spd 321.3 yaw 255.1 mode 2 st 4 gl 4 hp 60 frg 6
ARGLOG Carmack t 136.2 pos '182.4 -254.0 -72.0' spd 321.4 yaw   8.4 mode 0 st 4 gl 5 hp 100 frg 3
ARGLOG Joe Rogan t 136.2 pos '300.7 -770.5 -104.0' spd 328.5 yaw  71.0 mode 2 st 7 gl 2 hp 1 frg 3
ARGEVT Carmack route 9 start '177.0 -215.0 -72.0' goal ' 49.0 105.0 -296.0'
ARGEVT Joe Rogan goal item_health
ARGEVT Romero weapon rl
ARGEVT Romero pursue
ARGEVT Joe Rogan pursue
ARGLOG Romero t 136.7 pos '513.7 -343.3 -104.0' spd 334.0 yaw 244 mode 2 st 4 gl 4 hp 56 frg 6
ARGLOG Carmack t 136.7 pos '233.5 -217.6 -93.2' spd 108.0 yaw 336.3 mode 2 st 4 gl 5 hp 100 frg 3
ARGLOG Joe Rogan t 136.7 pos '335.8 -904.2 -104.0' spd 185.2 yaw 76 mode 1 st 7 gl 2 hp 1 frg 3
ARGEVT Romero hazard
ARGEVT Romero pursue
ARGEVT Romero routefail
ARGEVT Romero goal item_armorInv
ARGUS Joe Rogan hunch item_artifact_super_damage
ARGLOG Romero t 137.2 pos '406.5 -446.5 -104.0' spd 335.5 yaw 242.9 mode 0 st 4 gl 4 hp 51 frg 6
ARGLOG Carmack t 137.2 pos '227.1 -228.3 -294.8' spd  42.5 yaw 307.8 mode 2 st 4 gl 5 hp 100 frg 3
ARGEVT Joe Rogan goal item_health
ARGLOG Joe Rogan t 137.2 pos '401.8 -761.5 -104.0' spd 222.3 yaw 297.7 mode 1 st 7 gl 2 hp 1 frg 3
ARGEVT Romero route 18 start '401.0 -471.0 -104.0' goal '817.0 -855.0 -232.0'
ARGEVT Joe Rogan pursue
ARGEVT Joe Rogan hazard
ARGEVT Carmack hazard
ARGEVT Carmack pursue
ARGLOG Romero t 137.7 pos '326.5 -595.4 -104.0' spd 322.6 yaw 262 mode 2 st 4 gl 4 hp 51 frg 6
ARGLOG Carmack t 137.7 pos '260.6 -238.3 -296.0' spd 386.0 yaw 314.5 mode 2 st 4 gl 5 hp 100 frg 3
ARGLOG Joe Rogan t 137.8 pos '464.0 -897.6 -104.0' spd 275.8 yaw   7.5 mode 1 st 7 gl 2 hp 1 frg 3
ARGEVT Romero weapon lg
ARGEVT Joe Rogan death Romero pos '454.9 -939.3 -104.0'
ARGUS Romero watch spawn
ARGEVT Romero goal item_health
ARGEVT Romero hazard
ARGEVT Romero route 2 start '305.0 -663.0 -104.0' goal '369.0 -983.0 -104.0'
ARGLOG Romero t 138.2 pos '366.2 -562.6 -104.0' spd 331.5 yaw 111 mode 2 st 4 gl 4 hp 51 frg 7
ARGLOG Carmack t 138.2 pos '336.4 -268.6 -296.0' spd 335.0 yaw 206 mode 2 st 4 gl 5 hp 100 frg 3
ARGEVT Carmack jump
ARGEVT Romero engage Carmack
ARGLOG Romero t 138.7 pos '309.3 -415.1 -104.0' spd 331.2 yaw 245.6 mode 2 st 4 gl 4 hp 51 frg 7
ARGLOG Carmack t 138.7 pos '154.1 -292.1 -266.9' spd 380.0 yaw 311.5 mode 2 st 4 gl 5 hp 100 frg 3
ARGLOG Romero t 139.2 pos '173.5 -432.0 -104.0' spd 304.3 yaw 113.1 mode 2 st 4 gl 4 hp 51 frg 7
ARGLOG Carmack t 139.2 pos '112.0 -272.8 -296.0' spd  65.7 yaw 292.3 mode 2 st 4 gl 5 hp 100 frg 3
ARGEVT Joe Rogan respawn
ARGEVT Joe Rogan goal weapon_rocketlauncher
ARGLOG Joe Rogan t 139.4 pos '-64.0 512.0 -296.0' spd 0 yaw 286.3 mode 0 st 7 gl 2 hp 100 frg 3
ARGEVT Joe Rogan route 4 start '-15.0 553.0 -296.0' goal ' 49.0 105.0 -296.0'
ARGEVT Romero pursue
ARGEVT Romero hazard
ARGEVT Carmack pursue
ARGEVT Joe Rogan hazard
ARGEVT Joe Rogan engage Carmack
ARGEVT Joe Rogan grab item_health
ARGLOG Romero t 139.8 pos '141.8 -412.6 -104.0' spd 133.4 yaw 102 mode 2 st 4 gl 4 hp 51 frg 7
ARGLOG Carmack t 139.8 pos '-27.2 -214.9 -296.0' spd 339.5 yaw 223.2 mode 2 st 4 gl 5 hp 100 frg 3
ARGUS Romero hunch item_artifact_super_damage
ARGLOG Joe Rogan t 140.0 pos ' -5.3 464.8 -296.0' spd 341.7 yaw 273.7 mode 2 st 7 gl 2 hp 100 frg 3
ARGEVT Romero pursue
ARGEVT Carmack hazard
ARGEVT Romero goal item_health
ARGEVT Romero route 3 start '209.0 -375.0 -104.0' goal '369.0 -983.0 -104.0'
ARGUS Carmack hunch item_artifact_super_damage
ARGEVT Carmack pursue
ARGLOG Romero t 140.3 pos '225.0 -432.0 -104.0' spd  96.9 yaw 199.6 mode 2 st 4 gl 4 hp 51 frg 7
ARGEVT Carmack goal weapon_rocketlauncher
ARGLOG Carmack t 140.3 pos '-31.6 -230.1 -296.0' spd 323.6 yaw  84.3 mode 0 st 4 gl 5 hp 100 frg 3
ARGEVT Joe Rogan route 4 start '-15.0 553.0 -296.0' goal ' 49.0 105.0 -296.0'
ARGLOG Joe Rogan t 140.5 pos '-14.9 536.8 -296.0' spd 322.1 yaw 270.5 mode 2 st 7 gl 2 hp 200 frg 3
ARGEVT Carmack route 2 start '-79.0 -151.0 -296.0' goal ' 49.0 105.0 -296.0'
ARGEVT Romero hazard
ARGEVT Romero pursue
ARGLOG Romero t 140.8 pos '124.4 -392.0 -104.0' spd 321.9 yaw 96 mode 2 st 4 gl 4 hp 51 frg 7
ARGLOG Carmack t 140.8 pos '-20.3 -63.3 -296.0' spd 251.3 yaw 139.5 mode 2 st 4 gl 5 hp 88 frg 3
ARGEVT Carmack pursue
ARGEVT Joe Rogan hazard
ARGLOG Joe Rogan t 141.0 pos ' 48.7 412.7 -296.0' spd 325.4 yaw 257.7 mode 2 st 7 gl 2 hp 200 frg 3
ARGEVT Carmack hazard
ARGLOG Romero t 141.3 pos '244.5 -390.9 -104.0' spd 330.3 yaw 323.2 mode 2 st 4 gl 4 hp 51 frg 7
ARGLOG Carmack t 141.3 pos '-80.0  45.3 -296.0' spd 107.0 yaw 247.9 mode 1 st 4 gl 5 hp 64 frg 3
ARGEVT Romero pursue
ARGLOG Joe Rogan t 141.5 pos ' 23.5 432.0 -296.0' spd 320.7 yaw 256.4 mode 2 st 7 gl 2 hp 200 frg 3
ARGLOG Romero t 141.8 pos '341.4 -530.2 -104.0' spd 325.4 yaw 285 mode 2 st 4 gl 4 hp 51 frg 7
ARGLOG Carmack t 141.8 pos '-30.8 -113.9 -296.0' spd 466.4 yaw  29.5 mode 1 st 4 gl 5 hp 56 frg 3
ARGLOG Joe Rogan t 142.0 pos '-116.7 382.2 -296.0' spd 361.3 yaw 278.6 mode 2 st 7 gl 2 hp 200 frg 3
ARGEVT Carmack engage Joe Rogan
ARGLOG Romero t 142.3 pos '362.8 -695.6 -104.0' spd 322.7 yaw 269.0 mode 2 st 4 gl 4 hp 51 frg 7
ARGEVT Carmack retreat
ARGLOG Carmack t 142.3 pos '-54.9 -98.8 -296.0' spd 122.6 yaw  82.5 mode 1 st 4 gl 5 hp 32 frg 3
ARGEVT Joe Rogan hazard
ARGLOG Joe Rogan t 142.5 pos '-81.8 298.4 -296.0' spd 237.7 yaw 277.4 mode 2 st 7 gl 2 hp 200 frg 3
ARGLOG Romero t 142.8 pos '364.7 -861.7 -104.0' spd 325.4 yaw 292 mode 1 st 4 gl 4 hp 51 frg 7
ARGLOG Carmack t 142.8 pos '-33.1 -252.5 -296.0' spd 329.2 yaw  90.7 mode 1 st 4 gl 5 hp 24 frg 3
ARGEVT Carmack hazard
ARGLOG Joe Rogan t 143.1 pos '-103.4 267.3 -296.0' spd 129.3 yaw 278.9 mode 2 st 7 gl 2 hp 200 frg 3
ARGLOG Romero t 143.4 pos '408.9 -1023.4 -104.0' spd 323.0 yaw 249.4 mode 1 st 4 gl 4 hp 81 frg 7
ARGEVT Romero hazard
ARGLOG Carmack t 143.4 pos '-36.7 -243.4 -296.0' spd 100.2 yaw  91.1 mode 1 st 4 gl 5 hp 4 frg 3
ARGLOG Joe Rogan t 143.6 pos '-86.4 325.0 -296.0' spd 335.2 yaw 274.1 mode 2 st 7 gl 2 hp 200 frg 3
ARGEVT Joe Rogan hazard
ARGLOG Romero t 143.9 pos '418.6 -1037.7 -104.0' spd 289.6 yaw 281.7 mode 1 st 4 gl 4 hp 81 frg 7
ARGLOG Carmack t 143.9 pos ' 40.6 -271.9 -296.0' spd 371.5 yaw  98.7 mode 1 st 4 gl 5 hp 4 frg 3
ARGEVT Carmack hazard
ARGLOG Joe Rogan t 144.1 pos '-44.8 331.4 -296.0' spd  61.2 yaw 277.4 mode 2 st 7 gl 2 hp 188 frg 3
ARGEVT Joe Rogan pursue
ARGEVT Carmack pursue
ARGLOG Romero t 144.4 pos '271.2 -1038.8 -104.0' spd 325.9 yaw 149.2 mode 1 st 4 gl 4 hp 81 frg 7
ARGLOG Carmack t 144.4 pos ' 93.4 -218.0 -296.0' spd 328.8 yaw  55.1 mode 1 st 4 gl 5 hp 4 frg 3
ARGLOG Joe Rogan t 144.6 pos '-84.7 179.2 -296.0' spd 329.4 yaw 282 mode 2 st 7 gl 2 hp 188 frg 3
ARGLOG Romero t 144.9 pos '224.7 -889.9 -104.0' spd 429.6 yaw 344.8 mode 1 st 4 gl 4 hp 81 frg 7
ARGLOG Carmack t 144.9 pos '261.6 -205.5 -296.0' spd 361.6 yaw 298.7 mode 1 st 4 gl 5 hp 4 frg 3
ARGEVT Carmack pursue
ARGEVT Carmack hazard
ARGLOG Joe Rogan t 145.1 pos '-60.1  16.2 -296.0' spd 320.2 yaw 284 mode 1 st 7 gl 2 hp 188 frg 3
ARGEVT Carmack pursue
ARGLOG Romero t 145.4 pos '408.8 -897.0 -104.0' spd 333.7 yaw 4 mode 1 st 4 gl 4 hp 81 frg 7
ARGLOG Carmack t 145.4 pos '153.0 -272.3 -296.0' spd 320.5 yaw 179.5 mode 1 st 4 gl 5 hp 4 frg 3
ARGEVT Romero hazard
ARGLOG Joe Rogan t 145.6 pos '-20.8 -144.2 -296.0' spd 320.0 yaw 284 mode 1 st 7 gl 2 hp 187 frg 3
ARGEVT Carmack pursue
ARGEVT Carmack death Joe Rogan pos ' 74.4 -246.5 -296.0'
ARGUS Joe Rogan watch spawn
ARGEVT Joe Rogan hazard
ARGLOG Romero t 145.9 pos '461.0 -769.7 -104.0' spd 346.6 yaw  45.3 mode 1 st 4 gl 4 hp 81 frg 7
ARGEVT Joe Rogan goal weapon_rocketlauncher
ARGEVT Joe Rogan route 2 start '-111.0 -247.0 -296.0' goal ' 49.0 105.0 -296.0'
ARGLOG Joe Rogan t 146.1 pos '-107.7 -210.4 -296.0' spd 254.7 yaw  56.1 mode 2 st 7 gl 2 hp 163 frg 4
ARGLOG Romero t 146.4 pos '464.0 -843.1 -104.0' spd 343.9 yaw 339.4 mode 1 st 4 gl 4 hp 81 frg 7
ARGLOG Joe Rogan t 146.7 pos '  5.4 -222.9 -296.0' spd 318.9 yaw 82 mode 2 st 7 gl 2 hp 162 frg 4
ARGEVT Joe Rogan hazard
ARGLOG Romero t 147.0 pos '436.3 -1015.9 -104.0' spd 329.0 yaw 240.8 mode 1 st 4 gl 4 hp 81 frg 7
ARGEVT Romero hazard
ARGLOG Joe Rogan t 147.2 pos ' -9.7 -208.0 -296.0' spd 141.8 yaw  60.2 mode 2 st 7 gl 2 hp 162 frg 4
ARGEVT Carmack respawn
ARGEVT Romero engage Carmack
ARGEVT Carmack goal weapon_rocketlauncher
ARGEVT Carmack engage Romero
ARGLOG Carmack t 147.4 pos '112.0 -1136.0 -104.0' spd 0 yaw  32.0 mode 0 st 4 gl 5 hp 100 frg 3
ARGLOG Romero t 147.5 pos '272.1 -1025.3 -104.0' spd 356.1 yaw 207.1 mode 1 st 4 gl 4 hp 81 frg 7
ARGEVT Carmack route 18 start '145.0 -1143.0 -88.0' goal '721.0 -887.0 -232.0'
ARGLOG Joe Rogan t 147.7 pos ' 84.6 -236.7 -296.0' spd 174.7 yaw 95 mode 2 st 7 gl 2 hp 161 frg 4
ARGEVT Carmack jump
ARGLOG Carmack t 147.9 pos '211.3 -1220.5 -43.0' spd 142.3 yaw  91.0 mode 2 st 4 gl 5 hp 100 frg 3
ARGLOG Romero t 148.0 pos '176.8 -1051.5 -104.0' spd 324.0 yaw 279.7 mode 1 st 4 gl 4 hp 81 frg 7
ARGLOG Joe Rogan t 148.2 pos '-35.5 -163.6 -296.0' spd 409.8 yaw  51.8 mode 2 st 7 gl 2 hp 161 frg 4
ARGEVT Romero hazard
ARGEVT Joe Rogan hazard
ARGLOG Carmack t 148.5 pos '299.1 -1197.3 -24.0' spd 357.3 yaw 166.0 mode 2 st 4 gl 5 hp 70 frg 3
ARGLOG Romero t 148.5 pos ' 80.0 -1164.3 -104.0' spd 320.1 yaw 350.8 mode 1 st 4 gl 4 hp 65 frg 7
ARGLOG Joe Rogan t 148.7 pos '-16.6  18.1 -296.0' spd 324.3 yaw  85.4 mode 2 st 7 gl 2 hp 160 frg 4
ARGEVT Carmack death Romero pos '340.6 -1176.0 -24.0'
ARGUS Romero watch spawn
ARGEVT Romero goal item_armorInv
ARGLOG Romero t 149.0 pos '116.7 -1146.3 -104.0' spd 369.2 yaw   3.4 mode 0 st 4 gl 4 hp 49 frg 8
ARGEVT Romero route 18 start ' 81.0 -1207.0 -104.0' goal '817.0 -855.0 -232.0'
ARGEVT Joe Rogan goal 
ARGEVT Joe Rogan route 10 start ' 49.0 105.0 -296.0' goal '337.0 -1143.0  -8.0'
ARGLOG Joe Rogan t 149.2 pos ' 87.4  59.5 -296.0' spd 331.2 yaw 232 mode 2 st 7 gl 3 hp 159 frg 4
ARGEVT Romero hazard
ARGEVT Joe Rogan hazard
ARGLOG Romero t 149.5 pos '244.4 -1136.0 -104.0' spd  48.4 yaw 292 mode 2 st 4 gl 4 hp 49 frg 8
ARGLOG Joe Rogan t 149.8 pos ' 10.7  72.0 -296.0' spd 324.3 yaw 287 mode 2 st 7 gl 3 hp 159 frg 4
ARGEVT Romero jump
ARGLOG Romero t 150.1 pos '164.7 -1152.4 -65.1' spd 113.6 yaw 338 mode 2 st 4 gl 4 hp 49 frg 8
ARGLOG Joe Rogan t 150.3 pos '-147.4  62.0 -296.0' spd 245.0 yaw 308 mode 2 st 7 gl 3 hp 158 frg 4
ARGEVT Carmack respawn
ARGEVT Joe Rogan engage Carmack
ARGEVT Carmack goal weapon_rocketlauncher
ARGEVT Carmack engage Joe Rogan
ARGLOG Carmack t 150.4 pos '-64.0 512.0 -296.0' spd 0 yaw 265.3 mode 0 st 4 gl 5 hp 100 frg 3
ARGEVT Carmack route 23 start '-15.0 553.0 -296.0' goal '721.0 -887.0 -232.0'
ARGLOG Romero t 150.6 pos '235.4 -1209.3 -56.0' spd 325.1 yaw 72 mode 2 st 4 gl 4 hp 49 frg 8
ARGLOG Joe Rogan t 150.8 pos '-59.8  77.4 -296.0' spd 321.0 yaw  74.6 mode 2 st 7 gl 3 hp 158 frg 4
ARGLOG Carmack t 150.9 pos '-59.3 499.4 -296.0' spd 324.0 yaw 282.1 mode 2 st 4 gl 5 hp 100 frg 3
ARGEVT Joe Rogan goal item_rockets
ARGEVT Joe Rogan route 4 start ' 49.0 105.0 -296.0' goal '-111.0 585.0 -296.0'
ARGLOG Romero t 151.1 pos '348.5 -1089.6  24.0' spd 398.6 yaw 152.3 mode 2 st 4 gl 4 hp 49 frg 8
ARGLOG Joe Rogan t 151.3 pos ' 91.9 104.6 -296.0' spd  93.5 yaw 123.5 mode 2 st 7 gl 3 hp 149 frg 4
ARGEVT Joe Rogan grab item_artifact_super_damage
ARGLOG Carmack t 151.4 pos '-66.8 466.0 -296.0' spd 321.6 yaw 288.2 mode 2 st 4 gl 5 hp 100 frg 3
ARGLOG Romero t 151.6 pos '208.0 -1018.2  24.0' spd 148.6 yaw 71 mode 2 st 4 gl 4 hp 49 frg 8
ARGEVT Joe Rogan hazard
ARGLOG Joe Rogan t 151.8 pos ' 88.5  67.9 -296.0' spd 314.1 yaw 105.8 mode 2 st 7 gl 3 hp 145 frg 4
ARGLOG Carmack t 151.9 pos '-64.3 448.2 -296.0' spd 320.6 yaw 291.3 mode 2 st 4 gl 5 hp 100 frg 3
ARGLOG Romero t 152.1 pos '247.0 -861.0  24.0' spd 320.0 yaw 77 mode 2 st 4 gl 4 hp 49 frg 8
ARGLOG Joe Rogan t 152.3 pos ' 75.2  65.8 -296.0' spd 189.5 yaw 115.1 mode 2 st 7 gl 3 hp 124 frg 4
ARGLOG Carmack t 152.4 pos '-53.9 427.9 -296.0' spd 320.2 yaw 291.8 mode 2 st 4 gl 5 hp 100 frg 3
ARGLOG Romero t 152.6 pos '305.8 -743.8  24.0' spd 176.3 yaw 90 mode 2 st 4 gl 4 hp 49 frg 8
ARGLOG Joe Rogan t 152.8 pos ' 86.4  62.9 -296.0' spd 131.6 yaw  87.7 mode 2 st 7 gl 3 hp 100 frg 4
ARGLOG Carmack t 152.9 pos '-10.4 425.8 -296.0' spd 347.7 yaw 287.7 mode 2 st 4 gl 5 hp 45 frg 3
ARGEVT Carmack hazard
ARGLOG Romero t 153.1 pos '315.6 -581.4  24.0' spd 320.3 yaw 44 mode 2 st 4 gl 4 hp 49 frg 8
ARGLOG Joe Rogan t 153.3 pos '-25.8  97.1 -296.0' spd 326.0 yaw  74.7 mode 2 st 7 gl 3 hp 100 frg 4
ARGLOG Carmack t 153.4 pos ' 68.8 432.0 -293.9' spd 225.4 yaw 240.8 mode 2 st 4 gl 5 hp 45 frg 3
ARGLOG Romero t 153.7 pos '424.7 -453.9  24.0' spd 322.6 yaw 52 mode 2 st 4 gl 4 hp 49 frg 8
ARGEVT Carmack death Joe Rogan pos '-10.6 436.1 -296.0'
ARGUS Joe Rogan watch spawn
ARGEVT Joe Rogan goal 
ARGLOG Joe Rogan t 153.9 pos '-15.5 103.8 -296.0' spd 210.4 yaw 206.8 mode 0 st 7 gl 3 hp 100 frg 5
ARGEVT Joe Rogan route 3 start '-47.0  73.0 -296.0' goal '-15.0 425.0 -296.0'
ARGLOG Romero t 154.2 pos '545.1 -340.4  24.0' spd 320.1 yaw 18 mode 2 st 4 gl 4 hp 74 frg 8
ARGEVT Joe Rogan hazard
ARGLOG Joe Rogan t 154.4 pos '-183.8 110.9 -296.0' spd 326.9 yaw 57 mode 2 st 7 gl 3 hp 100 frg 5
ARGLOG Romero t 154.7 pos '629.9 -199.1  24.0' spd 376.9 yaw 317 mode 2 st 4 gl 4 hp 74 frg 8
ARGLOG Joe Rogan t 154.9 pos '-124.3 132.9 -296.0' spd 364.9 yaw 63 mode 2 st 7 gl 3 hp 100 frg 5
ARGLOG Romero t 155.2 pos '803.5 -188.3  24.0' spd 363.2 yaw 268 mode 2 st 4 gl 4 hp 74 frg 8
ARGEVT Carmack respawn
ARGEVT Carmack goal weapon_rocketlauncher
ARGLOG Carmack t 155.3 pos '272.0 -952.0  24.0' spd 0 yaw 8 mode 0 st 4 gl 5 hp 100 frg 3
ARGLOG Joe Rogan t 155.4 pos '-55.0 277.7 -296.0' spd 342.1 yaw 63 mode 2 st 7 gl 3 hp 100 frg 5
ARGEVT Carmack route 14 start '305.0 -983.0  24.0' goal '721.0 -887.0 -232.0'
ARGEVT Joe Rogan hazard
ARGEVT Joe Rogan goal item_rockets
ARGLOG Romero t 155.7 pos '846.1 -355.0  24.0' spd 324.2 yaw 254 mode 2 st 4 gl 4 hp 74 frg 8
ARGLOG Carmack t 155.8 pos '411.2 -877.2  24.0' spd 401.7 yaw 110 mode 2 st 4 gl 5 hp 100 frg 3
ARGLOG Joe Rogan t 155.9 pos '-51.6 449.0 -296.0' spd 332.1 yaw  79.6 mode 1 st 7 gl 4 hp 100 frg 5
ARGLOG Romero t 156.2 pos '814.8 -516.2  24.0' spd 320.5 yaw 248 mode 2 st 4 gl 4 hp 74 frg 8
ARGLOG Carmack t 156.3 pos '353.8 -730.7  24.0' spd 331.5 yaw 100 mode 2 st 4 gl 5 hp 100 frg 3
ARGLOG Joe Rogan t 156.4 pos '-17.5 602.5 -296.0' spd 201.2 yaw 308.1 mode 1 st 7 gl 4 hp 100 frg 5
ARGLOG Romero t 156.7 pos '754.5 -624.0  -7.7' spd  91.8 yaw 286 mode 2 st 4 gl 4 hp 74 frg 8
ARGLOG Carmack t 156.8 pos '304.0 -572.0  24.0' spd 320 yaw 41 mode 2 st 4 gl 5 hp 100 frg 3
ARGLOG Joe Rogan t 156.9 pos '-40.8 468.7 -296.0' spd 401.5 yaw 166.2 mode 1 st 7 gl 4 hp 100 frg 5
ARGEVT Joe Rogan hazard
ARGLOG Romero t 157.3 pos '770.8 -648.9 -168.0' spd 310.1 yaw 283 mode 2 st 4 gl 4 hp 74 frg 8
ARGLOG Carmack t 157.3 pos '420.3 -449.6  24.0' spd 322.9 yaw 50 mode 2 st 4 gl 5 hp 100 frg 3
ARGEVT Joe Rogan goal weapon_supernailgun
ARGEVT Joe Rogan route 10 start '-111.0 585.0 -296.0' goal '177.0 -55.0 -104.0'
ARGLOG Joe Rogan t 157.5 pos '-88.8 568.8 -296.0' spd 347.0 yaw 277 mode 2 st 7 gl 5 hp 100 frg 5
ARGLOG Romero t 157.8 pos '816.0 -807.8 -232.0' spd 320.1 yaw 299.6 mode 1 st 4 gl 4 hp 74 frg 8
ARGLOG Carmack t 157.8 pos '521.1 -317.7 -53.1' spd 292.8 yaw 358.1 mode 2 st 4 gl 5 hp 100 frg 3
ARGLOG Joe Rogan t 158.0 pos ' -3.2 506.2 -296.0' spd 359.9 yaw 262 mode 2 st 7 gl 5 hp 100 frg 5
ARGEVT Romero hazard
ARGEVT Joe Rogan hazard
ARGLOG Romero t 158.3 pos '840.2 -912.0 -232.0' spd 149.5 yaw 194.0 mode 1 st 4 gl 4 hp 74 frg 8
ARGLOG Carmack t 158.3 pos '630.7 -346.2 -104.0' spd 328.1 yaw 292 mode 2 st 4 gl 5 hp 100 frg 3
ARGLOG Joe Rogan t 158.5 pos '-64.9 346.9 -296.0' spd 323.3 yaw 274 mode 2 st 7 gl 5 hp 100 frg 5
ARGEVT Romero engage Carmack
ARGEVT Carmack engage Romero
ARGLOG Romero t 158.8 pos '368.0 -36.7 -296.0' spd 300 yaw 284.0 mode 1 st 4 gl 4 hp 74 frg 8
ARGLOG Carmack t 158.9 pos '437.8 -240.0 -290.2' spd 300 yaw 109.8 mode 2 st 4 gl 5 hp 100 frg 3
ARGLOG Joe Rogan t 159.0 pos '-67.1 179.2 -296.0' spd 320.8 yaw 268 mode 2 st 7 gl 5 hp 100 frg 5
ARGLOG Romero t 159.3 pos '348.9 -110.3 -296.0' spd 134.0 yaw 311.2 mode 1 st 4 gl 4 hp 74 frg 8
ARGLOG Carmack t 159.4 pos '453.1 -240.0 -296.0' spd 300 yaw 125.4 mode 2 st 4 gl 5 hp 100 frg 3
ARGLOG Joe Rogan t 159.5 pos '-16.0  19.7 -296.0' spd 326.6 yaw 278 mode 2 st 7 gl 5 hp 100 frg 5
ARGEVT Romero hazard
ARGEVT Carmack hazard
ARGLOG Romero t 159.8 pos '357.2 -168.8 -296.0' spd 350.0 yaw 326.1 mode 1 st 4 gl 4 hp 70 frg 8
ARGLOG Carmack t 159.9 pos '493.4 -256.0 -296.0' spd 390.2 yaw 159.9 mode 2 st 4 gl 5 hp 40 frg 3
ARGLOG Joe Rogan t 160.0 pos '-48.6 -145.3 -296.0' spd 348.1 yaw 301.9 mode 2 st 7 gl 5 hp 100 frg 5
ARGEVT Joe Rogan engage Romero
ARGEVT Carmack retreat
ARGEVT Carmack death Romero pos '582.8 -236.6 -296.0'
ARGUS Romero watch spawn
ARGEVT Romero engage Joe Rogan
ARGLOG Romero t 160.3 pos '333.9 -211.1 -296.0' spd 317.9 yaw  74.7 mode 1 st 4 gl 4 hp 66 frg 9
ARGEVT Romero goal 
ARGLOG Joe Rogan t 160.6 pos '-16.0 -154.6 -296.0' spd 321.8 yaw  13.1 mode 2 st 7 gl 5 hp 100 frg 5
ARGLOG Romero t 160.9 pos '339.8 -133.4 -296.0' spd 327.4 yaw 290.0 mode 1 st 4 gl 4 hp 66 frg 9
ARGEVT Joe Rogan hazard
ARGUS routecache adopt
ARGEVT Joe Rogan route 7 start '-47.0  73.0 -296.0' goal '177.0 -55.0 -104.0'
ARGLOG Joe Rogan t 161.1 pos '-26.5  21.0 -296.0' spd 360.7 yaw  78.6 mode 0 st 7 gl 5 hp 100 frg 5
ARGEVT Romero pursue
ARGEVT Joe Rogan pursue
ARGEVT Romero hazard
ARGLOG Romero t 161.4 pos '417.8 -272.8 -296.0' spd 292.4 yaw 219.6 mode 1 st 4 gl 4 hp 66 frg 9
ARGUS Joe Rogan hunch item_artifact_super_damage
ARGLOG Joe Rogan t 161.6 pos '-44.4 185.1 -296.0' spd 193.8 yaw 110.3 mode 2 st 7 gl 5 hp 100 frg 5
ARGEVT Joe Rogan goal weapon_lightning
ARGEVT Joe Rogan route 6 start '-47.0 201.0 -296.0' goal '529.0 -311.0 -104.0'
ARGEVT Joe Rogan pursue
ARGUS Romero hunch item_artifact_super_damage
ARGEVT Carmack respawn
ARGEVT Romero goal weapon_supernailgun
ARGEVT Carmack goal weapon_rocketlauncher
ARGLOG Carmack t 161.8 pos '112.0 -1136.0 -104.0' spd 0 yaw  28.7 mode 0 st 4 gl 5 hp 100 frg 3
ARGEVT Romero pursue
ARGLOG Romero t 161.9 pos '346.7 -269.3 -296.0' spd 185.5 yaw  34.9 mode 0 st 4 gl 4 hp 66 frg 9
ARGEVT Romero route 5 start '369.0 -279.0 -296.0' goal '177.0 -55.0 -104.0'
ARGEVT Romero pursue
ARGEVT Joe Rogan pursue
ARGLOG Joe Rogan t 162.1 pos '-118.1 338.1 -296.0' spd 401.0 yaw  34.1 mode 2 st 7 gl 5 hp 100 frg 5
ARGEVT Joe Rogan hazard
ARGEVT Carmack route 19 start '177.0 -1111.0 -104.0' goal '721.0 -887.0 -232.0'
ARGEVT Romero pursue
ARGLOG Carmack t 162.4 pos '259.3 -1081.2 -104.0' spd 345.5 yaw 237 mode 2 st 4 gl 5 hp 100 frg 3
ARGEVT Carmack hazard
ARGLOG Romero t 162.4 pos '391.4 -110.1 -296.0' spd 390.5 yaw 167.3 mode 2 st 4 gl 4 hp 66 frg 9
ARGEVT Romero hazard
ARGEVT Joe Rogan route 8 start '-15.0 425.0 -296.0' goal '529.0 -311.0 -104.0'
ARGLOG Joe Rogan t 162.6 pos '  6.5 430.4 -296.0' spd 332.5 yaw 325.4 mode 2 st 7 gl 5 hp 100 frg 5
ARGEVT Joe Rogan pursue
ARGLOG Carmack t 162.9 pos '233.9 -1136.0 -104.0' spd 243.1 yaw 299 mode 2 st 4 gl 5 hp 100 frg 3
ARGLOG Romero t 162.9 pos '359.2 -36.1 -296.0' spd 225.4 yaw 240 mode 2 st 4 gl 4 hp 66 frg 9
ARGEVT Carmack jump
ARGLOG Joe Rogan t 163.1 pos ' 55.4 410.0 -296.0' spd 351.5 yaw 219 mode 2 st 7 gl 5 hp 100 frg 5
ARGEVT Joe Rogan hazard
ARGLOG Carmack t 163.4 pos '114.2 -1199.8 -68.9' spd 300.7 yaw 14 mode 2 st 4 gl 5 hp 100 frg 3
ARGLOG Romero t 163.4 pos '342.2 -171.4 -296.0' spd 317.1 yaw 187 mode 2 st 4 gl 4 hp 66 frg 9
ARGLOG Joe Rogan t 163.6 pos '-78.4 433.6 -296.0' spd 150.6 yaw 315 mode 2 st 7 gl 5 hp 100 frg 5
ARGEVT Romero rjump
ARGEVT Romero weapon lg
ARGLOG Carmack t 163.9 pos '204.3 -1221.4 -72.0' spd 320.1 yaw 30 mode 2 st 4 gl 5 hp 100 frg 3
ARGEVT Carmack jump
ARGLOG Romero t 163.9 pos '167.9 -208.4 -257.1' spd 360.3 yaw 88 mode 2 st 4 gl 4 hp 66 frg 9
ARGLOG Joe Rogan t 164.2 pos ' 53.6 408.2 -296.0' spd 180.4 yaw 254 mode 2 st 7 gl 5 hp 100 frg 5
ARGEVT Joe Rogan hazard
ARGLOG Carmack t 164.4 pos '210.4 -1191.8 -49.3' spd  60.2 yaw 65 mode 2 st 4 gl 5 hp 100 frg 3
ARGLOG Romero t 164.5 pos '112.0 -136.8 -360.8' spd 152.6 yaw 72 mode 2 st 4 gl 4 hp 66 frg 9
ARGEVT Romero swim
ARGLOG Joe Rogan t 164.7 pos ' 97.3 394.7 -296.0' spd 186.6 yaw 246 mode 2 st 7 gl 5 hp 100 frg 5
ARGEVT Romero weapon rl
ARGEVT Carmack jump
ARGLOG Carmack t 164.9 pos '272.0 -1135.9  -5.6' spd 116.6 yaw 77 mode 2 st 4 gl 5 hp 100 frg 3
ARGLOG Romero t 165.0 pos '134.1 -48.0 -399.2' spd  88.1 yaw 70 mode 2 st 4 gl 4 hp 54 frg 9
ARGLOG Joe Rogan t 165.2 pos '-56.9 421.6 -296.0' spd 311.9 yaw 285.3 mode 2 st 7 gl 5 hp 100 frg 5
ARGLOG Carmack t 165.4 pos '272.0 -1114.4 -67.0' spd  24.3 yaw 75 mode 2 st 4 gl 5 hp 100 frg 3
ARGLOG Romero t 165.5 pos '188.2 -48.0 -394.6' spd 100.6 yaw 95 mode 2 st 4 gl 4 hp 42 frg 9
ARGEVT Joe Rogan hazard
ARGEVT Carmack jump
ARGLOG Joe Rogan t 165.7 pos '-82.5 268.9 -296.0' spd 377.4 yaw 296 mode 2 st 7 gl 5 hp 100 frg 5
ARGLOG Carmack t 166.0 pos '272.0 -1136.0 -69.1' spd 0 yaw 77 mode 2 st 4 gl 5 hp 100 frg 3
ARGLOG Romero t 166.0 pos '222.4 -48.0 -390.1' spd  34.6 yaw 110 mode 2 st 4 gl 4 hp 34 frg 9
ARGLOG Joe Rogan t 166.2 pos '-74.5  96.8 -296.0' spd 358.7 yaw 307 mode 2 st 7 gl 5 hp 100 frg 5
ARGEVT Carmack hazard
ARGEVT Carmack jump
ARGLOG Carmack t 166.5 pos '272.0 -1095.7 -82.5' spd 102.2 yaw 73 mode 2 st 4 gl 5 hp 100 frg 3
ARGLOG Romero t 166.5 pos '224.5 -48.0 -385.7' spd  14.0 yaw 111 mode 2 st 4 gl 4 hp 6 frg 9
ARGEVT Romero death world pos '222.7 -48.0 -384.8'
ARGLOG Joe Rogan t 166.7 pos '-18.4 -59.6 -296.0' spd 333.7 yaw 301 mode 2 st 7 gl 5 hp 100 frg 5
ARGLOG Carmack t 167.0 pos '272.0 -1107.8 -102.1' spd  52.7 yaw 75 mode 2 st 4 gl 5 hp 100 frg 3
ARGEVT Carmack jump
ARGLOG Joe Rogan t 167.2 pos '-56.1 -227.7 -296.0' spd 389.8 yaw 354 mode 2 st 7 gl 5 hp 100 frg 5
ARGEVT Joe Rogan hazard
ARGLOG Carmack t 167.5 pos '247.7 -1136.0 -65.1' spd  30.1 yaw 69 mode 2 st 4 gl 5 hp 100 frg 3
ARGUS routecache adopt
ARGEVT Joe Rogan route 3 start '113.0 -279.0 -296.0' goal '529.0 -311.0 -104.0'
ARGLOG Joe Rogan t 167.8 pos '105.4 -250.8 -296.0' spd 320.5 yaw 355 mode 2 st 7 gl 5 hp 100 frg 5
ARGEVT Carmack hazard
ARGLOG Carmack t 168.0 pos '272.0 -1102.4 -104.0' spd 273.9 yaw 74 mode 2 st 4 gl 5 hp 100 frg 3
ARGEVT Carmack jump
ARGEVT Romero respawn
ARGEVT Carmack engage Romero
ARGEVT Romero goal item_armorInv
ARGEVT Romero engage Carmack
ARGLOG Romero t 168.2 pos '112.0 -1136.0 -104.0' spd 0 yaw  35.8 mode 0 st 4 gl 4 hp 100 frg 8
ARGLOG Joe Rogan t 168.3 pos '265.9 -249.9 -296.0' spd 320.1 yaw 347 mode 2 st 7 gl 5 hp 100 frg 5
ARGEVT Romero route 17 start '145.0 -1143.0 -88.0' goal '817.0 -855.0 -232.0'
ARGLOG Carmack t 168.5 pos '272.0 -1052.2 -81.6' spd  66.7 yaw 187.2 mode 2 st 4 gl 5 hp 100 frg 3
ARGEVT Joe Rogan rjump
ARGLOG Romero t 168.7 pos '104.2 -1016.8 -104.0' spd 326.1 yaw 358.8 mode 2 st 4 gl 4 hp 100 frg 8
ARGLOG Joe Rogan t 168.8 pos '397.4 -243.3 -194.4' spd 110.2 yaw 333 mode 2 st 7 gl 5 hp 48 frg 5
ARGEVT Joe Rogan engage Carmack
ARGEVT Joe Rogan grab weapon_lightning
ARGLOG Carmack t 169.0 pos '286.8 -932.7 -104.0' spd 325.5 yaw 171.0 mode 2 st 4 gl 5 hp 84 frg 3
ARGLOG Romero t 169.3 pos '103.0 -845.3 -104.0' spd 322.6 yaw 357.9 mode 0 st 4 gl 4 hp 76 frg 8
ARGEVT Carmack grab item_health
ARGLOG Joe Rogan t 169.3 pos '415.2 -251.4 -89.1' spd  32.3 yaw 265.7 mode 1 st 7 gl 5 hp 48 frg 5
ARGEVT Romero route 19 start ' 81.0 -823.0 -104.0' goal '817.0 -855.0 -232.0'
ARGLOG Carmack t 169.6 pos '372.2 -899.7 -104.0' spd 336.9 yaw 166.0 mode 2 st 4 gl 5 hp 80 frg 3
ARGLOG Romero t 169.8 pos ' 83.0 -905.1 -104.0' spd 324.8 yaw 352.6 mode 2 st 4 gl 4 hp 52 frg 8
ARGLOG Joe Rogan t 169.8 pos '421.9 -261.3 -196.9' spd  38.9 yaw  74.4 mode 1 st 7 gl 5 hp 48 frg 5
ARGEVT Carmack hazard
ARGLOG Carmack t 170.1 pos '435.8 -944.9 -104.0' spd 320.1 yaw 197.0 mode 2 st 4 gl 5 hp 100 frg 3
ARGEVT Joe Rogan jump
ARGLOG Romero t 170.3 pos '110.6 -1069.4 -104.0' spd 320.9 yaw  11.7 mode 2 st 4 gl 4 hp 52 frg 8
ARGLOG Joe Rogan t 170.3 pos '514.3 -260.6 -274.5' spd 354.3 yaw 338 mode 1 st 7 gl 5 hp 48 frg 5
ARGEVT Romero retreat
ARGEVT Romero jump
ARGLOG Carmack t 170.6 pos '419.4 -980.9 -104.0' spd 108.7 yaw 210.9 mode 2 st 4 gl 5 hp 100 frg 3
ARGLOG Romero t 170.8 pos ' 93.2 -1231.1 -69.6' spd 320.7 yaw  37.9 mode 2 st 4 gl 4 hp 32 frg 8
ARGLOG Joe Rogan t 170.9 pos '654.8 -272.0 -295.7' spd  22.5 yaw 204.6 mode 1 st 7 gl 5 hp 48 frg 5
ARGEVT Joe Rogan jump
ARGLOG Carmack t 171.1 pos '347.6 -896.1 -104.0' spd 332.6 yaw 236.2 mode 2 st 4 gl 5 hp 92 frg 3
ARGEVT Romero hazard
ARGLOG Joe Rogan t 171.4 pos '516.7 -272.0 -262.4' spd 320.1 yaw 137.0 mode 1 st 7 gl 5 hp 48 frg 5
ARGLOG Romero t 171.4 pos '108.3 -1232.0 -104.0' spd 291.7 yaw  73.9 mode 2 st 4 gl 4 hp 32 frg 8
ARGLOG Carmack t 171.6 pos '203.2 -806.9 -104.0' spd 355.9 yaw 269.5 mode 0 st 4 gl 5 hp 72 frg 3
ARGEVT Joe Rogan pursue
ARGEVT Romero jump
ARGEVT Joe Rogan hazard
ARGLOG Joe Rogan t 171.9 pos '427.3 -214.6 -296.0' spd 364.2 yaw   5.4 mode 1 st 7 gl 5 hp 48 frg 5
ARGLOG Romero t 171.9 pos '208.0 -1189.5 -50.4' spd 121.8 yaw  99.4 mode 2 st 4 gl 4 hp 32 frg 8
ARGUS Joe Rogan hunch weapon_rocketlauncher
ARGEVT Carmack route 20 start '177.0 -855.0 -104.0' goal '721.0 -887.0 -232.0'
ARGEVT Joe Rogan goal item_artifact_super_damage
ARGLOG Carmack t 172.1 pos '125.4 -790.3 -104.0' spd 321.8 yaw 292.0 mode 2 st 4 gl 5 hp 64 frg 3
ARGEVT Joe Rogan routefail
ARGEVT Joe Rogan goal 
ARGEVT Joe Rogan route 2 start '497.0 -247.0 -296.0' goal '145.0 -183.0 -296.0'
ARGLOG Joe Rogan t 172.4 pos '480.8 -208.0 -296.0' spd 307.7 yaw 175 mode 2 st 7 gl 5 hp 48 frg 5
ARGLOG Romero t 172.4 pos '208.0 -1126.6 -71.1' spd 121.8 yaw  92.2 mode 2 st 4 gl 4 hp 32 frg 8
ARGLOG Carmack t 172.6 pos '289.5 -790.1 -104.0' spd 321.8 yaw 262.9 mode 2 st 4 gl 5 hp 64 frg 3
ARGEVT Romero jump
ARGLOG Joe Rogan t 172.9 pos '327.2 -267.0 -296.0' spd 325.4 yaw 223.4 mode 2 st 7 gl 5 hp 48 frg 5
ARGEVT Joe Rogan hazard
ARGLOG Romero t 172.9 pos '263.9 -1117.7 -74.9' spd  30.1 yaw  96.7 mode 2 st 4 gl 4 hp 8 frg 8
ARGEVT Romero death Carmack pos '263.9 -1117.7 -74.9'
ARGUS Carmack watch spawn
ARGEVT Carmack goal weapon_rocketlauncher
ARGLOG Carmack t 173.2 pos '172.6 -849.3 -104.0' spd 371.5 yaw 274 mode 0 st 4 gl 5 hp 64 frg 4
ARGEVT Carmack route 20 start '177.0 -855.0 -104.0' goal '721.0 -887.0 -232.0'
ARGLOG Joe Rogan t 173.4 pos '163.5 -234.3 -296.0' spd 349.5 yaw 132.3 mode 2 st 7 gl 5 hp 48 frg 5
ARGLOG Carmack t 173.7 pos '161.1 -1025.2 -104.0' spd 324.8 yaw 295 mode 2 st 4 gl 5 hp 64 frg 4
ARGLOG Joe Rogan t 173.9 pos ' 13.8 -263.2 -296.0' spd 389.1 yaw 293.3 mode 1 st 7 gl 5 hp 48 frg 5
ARGEVT Joe Rogan hazard
ARGEVT Carmack jump
ARGLOG Carmack t 174.2 pos '195.2 -1136.0 -74.9' spd  20.3 yaw 318 mode 2 st 4 gl 5 hp 64 frg 4
ARGLOG Joe Rogan t 174.4 pos ' 73.5 -235.5 -296.0' spd 341.3 yaw  41.4 mode 1 st 7 gl 5 hp 48 frg 5
ARGEVT Romero respawn
ARGEVT Romero goal weapon_rocketlauncher
ARGLOG Romero t 174.5 pos '-64.0 512.0 -296.0' spd 0 yaw 288 mode 0 st 4 gl 4 hp 100 frg 8
ARGEVT Romero route 4 start '-15.0 553.0 -296.0' goal ' 49.0 105.0 -296.0'
ARGLOG Carmack t 174.7 pos '272.0 -1183.0 -40.0' spd 348.6 yaw 80 mode 2 st 4 gl 5 hp 64 frg 4
ARGLOG Joe Rogan t 175.0 pos '251.9 -255.4 -296.0' spd 370.0 yaw  54.8 mode 1 st 7 gl 5 hp 48 frg 5
ARGEVT Joe Rogan hazard
ARGLOG Romero t 175.0 pos '-74.9 339.5 -296.0' spd 324.3 yaw 254 mode 2 st 4 gl 4 hp 100 frg 8
ARGEVT Romero hazard
ARGLOG Carmack t 175.3 pos '325.1 -1039.1  24.0' spd 416.2 yaw 194.2 mode 2 st 4 gl 5 hp 64 frg 4
ARGLOG Joe Rogan t 175.5 pos '276.1 -217.2 -296.0' spd 340.3 yaw 303.8 mode 1 st 7 gl 5 hp 48 frg 5
ARGLOG Romero t 175.6 pos '-72.7 166.1 -296.0' spd 321.2 yaw 298.2 mode 1 st 4 gl 4 hp 100 frg 8
ARGLOG Carmack t 175.8 pos '208.3 -931.5  24.0' spd 320.0 yaw 64 mode 2 st 4 gl 5 hp 64 frg 4
ARGLOG Joe Rogan t 176.0 pos '206.9 -251.8 -296.0' spd 320.3 yaw 140.6 mode 1 st 7 gl 5 hp 48 frg 5
ARGLOG Romero t 176.1 pos '-29.6  41.5 -296.0' spd 327.0 yaw 206.1 mode 1 st 4 gl 4 hp 100 frg 8
ARGEVT Joe Rogan hazard
ARGEVT Romero hazard
ARGLOG Carmack t 176.4 pos '283.5 -771.9  24.0' spd 320.0 yaw 82 mode 2 st 4 gl 5 hp 64 frg 4
ARGLOG Joe Rogan t 176.6 pos '112.0 -196.5 -296.0' spd  39.6 yaw 187.3 mode 1 st 7 gl 5 hp 48 frg 5
ARGLOG Romero t 176.6 pos '-74.7  26.4 -296.0' spd 327.6 yaw  49.9 mode 1 st 4 gl 4 hp 100 frg 8
ARGLOG Carmack t 176.9 pos '318.1 -634.1  24.0' spd 321.1 yaw 42 mode 2 st 4 gl 5 hp 64 frg 4
ARGLOG Joe Rogan t 177.2 pos '170.4 -265.5 -296.0' spd 329.7 yaw  21.9 mode 1 st 7 gl 5 hp 48 frg 5
ARGLOG Romero t 177.2 pos '-41.0 144.0 -296.0' spd 191.7 yaw 276.0 mode 1 st 4 gl 4 hp 100 frg 8
ARGEVT Joe Rogan hazard
ARGEVT Joe Rogan engage Carmack
ARGEVT Carmack engage Joe Rogan
ARGEVT Carmack grab item_health
ARGLOG Carmack t 177.4 pos '354.8 -477.3  24.0' spd 370.2 yaw  68.3 mode 2 st 4 gl 5 hp 64 frg 4
ARGLOG Joe Rogan t 177.7 pos '112.0 -209.5 -296.0' spd 198.1 yaw 328.3 mode 1 st 7 gl 5 hp 48 frg 5
ARGLOG Romero t 177.7 pos '-16.0 -18.6 -296.0' spd 327.7 yaw 303.3 mode 1 st 4 gl 4 hp 100 frg 8
ARGEVT Romero hazard
ARGEVT Carmack grab weapon_lightning
ARGLOG Carmack t 177.9 pos '502.1 -473.6  24.0' spd 272.9 yaw 153.1 mode 2 st 4 gl 5 hp 89 frg 4
ARGLOG Joe Rogan t 178.2 pos '158.1 -250.6 -296.0' spd 111.0 yaw 353.6 mode 1 st 7 gl 5 hp 44 frg 5
ARGLOG Romero t 178.2 pos '-17.4 -87.2 -296.0' spd 320.1 yaw 107.2 mode 1 st 4 gl 4 hp 100 frg 8
ARGEVT Joe Rogan jump
ARGLOG Carmack t 178.4 pos '529.6 -342.1  24.0' spd 320.8 yaw 167.1 mode 2 st 4 gl 5 hp 89 frg 4
ARGLOG Joe Rogan t 178.7 pos ' 50.4 -235.9 -273.1' spd  51.0 yaw   3.4 mode 1 st 7 gl 5 hp 40 frg 5
ARGLOG Romero t 178.7 pos '-23.1  89.7 -296.0' spd 328.9 yaw  50.7 mode 1 st 4 gl 4 hp 100 frg 8
ARGEVT Romero hazard
ARGEVT Carmack weapon sg
ARGEVT Carmack grab item_cells
ARGLOG Carmack t 179.0 pos '513.4 -297.0 -53.6' spd  37.5 yaw 170.2 mode 2 st 4 gl 5 hp 89 frg 4
ARGEVT Carmack weapon lg
ARGLOG Joe Rogan t 179.3 pos ' 90.3 -271.4 -296.0' spd 324.4 yaw   0.5 mode 1 st 7 gl 5 hp 40 frg 5
ARGEVT Joe Rogan hazard
ARGLOG Romero t 179.3 pos '-31.2 108.5 -296.0' spd 320.0 yaw 283 mode 1 st 4 gl 4 hp 100 frg 8
ARGEVT Carmack hazard
ARGLOG Carmack t 179.5 pos '453.6 -357.2 -104.0' spd 341.7 yaw 163.2 mode 2 st 4 gl 5 hp 89 frg 4
ARGEVT Joe Rogan retreat
ARGEVT Carmack weapon sg
ARGEVT Romero engage Joe Rogan
ARGEVT Romero grab weapon_rocketlauncher
ARGLOG Joe Rogan t 179.9 pos '-33.9 -218.7 -296.0' spd 327.8 yaw   9.9 mode 1 st 7 gl 5 hp 10 frg 5
ARGLOG Romero t 179.9 pos ' 41.0  51.9 -296.0' spd 321.1 yaw 221.7 mode 1 st 4 gl 4 hp 100 frg 8
ARGEVT Romero goal item_armorInv
ARGLOG Carmack t 180.0 pos '482.6 -298.1 -104.0' spd 274.1 yaw 169.5 mode 2 st 4 gl 5 hp 89 frg 4
