LOG started on: 08/19/2026 18:45:25 
Playing registered version.
UDP Initialized
WIPX_OpenSocket: Address family not supported by protocol family
WIPX_Init: Unable to open control socket, IPX disabled
Exe: 20:02:47 Jul 31 2024
256.0 megabyte heap

Language initialization
Couldn't load 'localization/loc_english.txt'
from 'C:/argus/engine'

========= Quake Initialized =========

execing autoexec.cfg
SpawnServer: dm2
Clearing memory
Programs occupy 571K.
trying to open external vis file
maps/dm2.vis not found, trying argus.vis
external vis not found
ARGUS slots 8
ARGUS worldspawn reached
ARGNAV 162 nodes, 538 links
0 entities inhibited
ARGUS init on dm2
ARGEVT Carmack spawned
ARGEVT Romero spawned
ARGEVT Joe Rogan spawned
Server spawned.
ARGLOG Joe Rogan t   1.2 pos '2624.0 -488.0  32.0' spd 0 yaw 143.2 mode 0 st 0 gl 0 hp 100 frg 0
ARGLOG Romero t   1.2 pos '2544.0 -32.0 -64.0' spd 0 yaw 190.2 mode 0 st 0 gl 0 hp 100 frg 0
ARGLOG Carmack t   1.2 pos '2560.0 -192.0  32.0' spd 0 yaw 162.0 mode 0 st 0 gl 0 hp 100 frg 0
ARGEVT Joe Rogan goal item_armorInv
ARGEVT Romero goal item_armor2
ARGEVT Carmack goal item_spikes
ARGEVT Joe Rogan routefail
ARGEVT Joe Rogan plan powerup via weapon
ARGEVT Joe Rogan goal weapon_rocketlauncher
ARGEVT Romero hazard
ARGEVT Carmack engage Joe Rogan
ARGEVT Joe Rogan route 13 start '2553.0 -511.0  24.0' goal '1465.0 -703.0 184.0'
ARGEVT Joe Rogan engage Carmack
ARGLOG Joe Rogan t   1.7 pos '2482.2 -450.9   8.0' spd 323.7 yaw 156.6 mode 2 st 0 gl 0 hp 100 frg 0
ARGLOG Romero t   1.7 pos '2389.7 -80.0 -72.0' spd 321.0 yaw 305.1 mode 0 st 0 gl 0 hp 100 frg 0
ARGLOG Carmack t   1.7 pos '2412.0 -191.3  24.0' spd 177.0 yaw 261.8 mode 0 st 0 gl 0 hp 100 frg 0
ARGEVT Romero route 2 start '2361.0 -63.0 -88.0' goal '2777.0   1.0 -72.0'
ARGEVT Carmack route 3 start '2521.0 -191.0  32.0' goal '2617.0 -383.0  24.0'
ARGEVT Joe Rogan pursue
ARGLOG Joe Rogan t   2.2 pos '2319.5 -419.6   8.0' spd 337.4 yaw 63 mode 2 st 0 gl 0 hp 100 frg 0
ARGLOG Romero t   2.2 pos '2448.0 -57.5 -72.0' spd 324.4 yaw 4 mode 0 st 0 gl 0 hp 100 frg 0
ARGLOG Carmack t   2.2 pos '2497.3 -218.6  24.0' spd 236.0 yaw 206.7 mode 2 st 0 gl 0 hp 100 frg 0
ARGEVT Romero route 1 start '2489.0 -31.0 -72.0' goal '2777.0   1.0 -72.0'
ARGEVT Carmack pursue
ARGEVT Romero door
ARGLOG Joe Rogan t   2.7 pos '2329.2 -334.0   8.0' spd 258.2 yaw  53.2 mode 2 st 0 gl 0 hp 100 frg 0
ARGLOG Romero t   2.7 pos '2612.6 -80.0 -72.0' spd 243.7 yaw 252.8 mode 2 st 0 gl 0 hp 100 frg 0
ARGEVT Romero hazard
ARGLOG Carmack t   2.7 pos '2415.4 -199.5  24.0' spd 290.9 yaw 248.7 mode 2 st 0 gl 0 hp 76 frg 0
ARGEVT Carmack pursue
ARGLOG Joe Rogan t   3.3 pos '2497.0 -360.6   8.0' spd 361.1 yaw 140.6 mode 2 st 0 gl 0 hp 100 frg 0
ARGLOG Romero t   3.3 pos '2592.0 -80.0 -72.0' spd 0 yaw 205 mode 2 st 0 gl 0 hp 100 frg 0
ARGLOG Carmack t   3.3 pos '2287.3 -213.4  24.0' spd 358.9 yaw 270.4 mode 2 st 0 gl 0 hp 76 frg 0
ARGEVT Carmack hazard
ARGEVT Joe Rogan pursue
ARGEVT Joe Rogan hazard
ARGEVT Joe Rogan route 12 start '2489.0 -319.0   8.0' goal '1465.0 -703.0 184.0'
ARGLOG Joe Rogan t   3.8 pos '2456.9 -314.6   8.0' spd 336.7 yaw 142.4 mode 2 st 0 gl 0 hp 100 frg 0
ARGLOG Romero t   3.8 pos '2592.0 -80.0 -72.0' spd 0 yaw 205 mode 2 st 0 gl 0 hp 100 frg 0
ARGLOG Carmack t   3.8 pos '2223.6 -244.9  24.0' spd 356.1 yaw 237.4 mode 2 st 0 gl 0 hp 76 frg 0
ARGEVT Romero stall
ARGEVT Romero stallnode '2777.0   1.0 -72.0'
ARGEVT Romero jump
ARGEVT Romero route 1 start '2649.0 -63.0 -72.0' goal '2777.0   1.0 -72.0'
ARGLOG Joe Rogan t   4.3 pos '2327.0 -322.9   8.0' spd 149.3 yaw 200.5 mode 2 st 0 gl 0 hp 100 frg 0
ARGLOG Romero t   4.3 pos '2578.6 -80.0 -42.4' spd  33.3 yaw 206 mode 2 st 1 gl 0 hp 100 frg 0
ARGLOG Carmack t   4.3 pos '2132.3 -406.5   8.0' spd 338.3 yaw  15.7 mode 2 st 0 gl 0 hp 52 frg 0
ARGLOG Joe Rogan t   4.8 pos '2346.7 -472.8   8.0' spd 320.3 yaw 189.2 mode 2 st 0 gl 0 hp 73 frg 0
ARGLOG Romero t   4.8 pos '2462.5 -80.0 -66.1' spd 353.4 yaw 217 mode 2 st 1 gl 0 hp 100 frg 0
ARGLOG Carmack t   4.8 pos '2150.6 -484.6   8.0' spd 321.6 yaw 354.9 mode 2 st 0 gl 0 hp 28 frg 0
ARGLOG Joe Rogan t   5.3 pos '2334.9 -344.9   8.0' spd 321.9 yaw 170.6 mode 2 st 0 gl 0 hp 64 frg 0
ARGLOG Romero t   5.3 pos '2269.1 -80.0 -103.9' spd 384.1 yaw 266 mode 0 st 1 gl 0 hp 100 frg 0
ARGLOG Carmack t   5.3 pos '2160.4 -317.5  24.0' spd 320.9 yaw  17.6 mode 2 st 0 gl 0 hp 20 frg 0
ARGEVT Romero route 2 start '2233.0 -31.0 -136.0' goal '2777.0   1.0 -72.0'
ARGEVT Carmack death Joe Rogan pos '2171.1 -268.4  24.0'
ARGEVT Joe Rogan plan powerup via weapon
ARGEVT Joe Rogan goal weapon_rocketlauncher
ARGEVT Joe Rogan route 11 start '2329.0 -351.0   8.0' goal '1465.0 -703.0 184.0'
ARGLOG Joe Rogan t   5.8 pos '2224.9 -381.2   8.0' spd 396.0 yaw 128 mode 2 st 0 gl 0 hp 64 frg 1
ARGLOG Romero t   5.8 pos '2210.6 -208.0 -128.8' spd 169.6 yaw 333 mode 2 st 1 gl 0 hp 100 frg 0
ARGEVT Romero hazard
ARGLOG Joe Rogan t   6.4 pos '2131.2 -232.7  24.0' spd 333.9 yaw 36 mode 2 st 0 gl 0 hp 64 frg 1
ARGLOG Romero t   6.4 pos '2265.1 -217.3 -134.7' spd 323.9 yaw 23 mode 2 st 1 gl 0 hp 100 frg 0
ARGLOG Joe Rogan t   6.9 pos '2267.2 -153.4  24.0' spd 427.5 yaw 268.9 mode 2 st 0 gl 0 hp 64 frg 1
ARGLOG Romero t   6.9 pos '2272.0 -209.1 -136.0' spd 106.2 yaw 22 mode 2 st 1 gl 0 hp 100 frg 0
ARGEVT Carmack respawn
ARGEVT Joe Rogan hazard
ARGEVT Carmack goal weapon_rocketlauncher
ARGLOG Carmack t   7.1 pos '2176.0 -2176.0  84.0' spd 0 yaw  73.4 mode 0 st 0 gl 0 hp 100 frg 0
ARGEVT Carmack route 4 start '2137.0 -2175.0  88.0' goal '2489.0 -1631.0  24.0'
ARGEVT Romero hazard
ARGLOG Joe Rogan t   7.4 pos '2180.8 -225.9  24.0' spd 380.7 yaw 30 mode 2 st 0 gl 0 hp 64 frg 1
ARGLOG Romero t   7.4 pos '2288.0 -136.7 -136.0' spd 229.9 yaw 283 mode 2 st 1 gl 0 hp 100 frg 0
ARGLOG Carmack t   7.6 pos '2169.8 -2020.1  88.0' spd 321.5 yaw 72 mode 2 st 0 gl 0 hp 100 frg 0
ARGLOG Joe Rogan t   7.9 pos '2220.6 -62.1  24.0' spd 361.3 yaw 0 mode 2 st 0 gl 0 hp 64 frg 1
ARGLOG Romero t   7.9 pos '2288.0 -155.9 -136.0' spd 293.0 yaw 351.2 mode 2 st 1 gl 0 hp 100 frg 0
ARGEVT Joe Rogan jump
ARGLOG Carmack t   8.1 pos '2175.1 -1851.5  24.0' spd 396.0 yaw 35 mode 2 st 0 gl 0 hp 100 frg 0
ARGLOG Joe Rogan t   8.4 pos '2384.0 -28.1  78.9' spd  48.7 yaw 353 mode 2 st 0 gl 0 hp 64 frg 1
ARGLOG Romero t   8.4 pos '2288.0 -206.3 -136.0' spd 343.6 yaw 22 mode 2 st 1 gl 0 hp 100 frg 0
ARGEVT Romero hazard
ARGLOG Carmack t   8.6 pos '2334.8 -1808.0  24.0' spd 333.0 yaw 33 mode 1 st 0 gl 0 hp 100 frg 0
ARGLOG Joe Rogan t   8.9 pos '2485.9 -63.2 120.0' spd 326.0 yaw 2 mode 2 st 0 gl 0 hp 64 frg 1
ARGLOG Romero t   8.9 pos '2296.3 -78.8 -120.0' spd 364.9 yaw 9 mode 2 st 1 gl 0 hp 100 frg 0
ARGEVT Carmack goal item_armorInv
ARGLOG Carmack t   9.1 pos '2482.1 -1722.5  24.0' spd 340.9 yaw  57.8 mode 0 st 0 gl 1 hp 100 frg 0
ARGEVT Carmack routefail
ARGEVT Carmack goal item_health
ARGLOG Joe Rogan t   9.5 pos '2640.0 -69.2 120.0' spd  13.9 yaw 214 mode 2 st 0 gl 0 hp 64 frg 1
ARGLOG Romero t   9.5 pos '2456.3  -9.3 -72.0' spd 324.1 yaw 357 mode 0 st 1 gl 0 hp 100 frg 0
ARGEVT Carmack routefail
ARGEVT Carmack goal item_armor2
ARGEVT Carmack hazard
ARGEVT Carmack route 16 start '2585.0 -1727.0  24.0' goal '2777.0   1.0 -72.0'
ARGLOG Carmack t   9.7 pos '2603.3 -1696.6  24.0' spd 287.5 yaw 116 mode 2 st 0 gl 1 hp 100 frg 0
ARGEVT Romero route 1 start '2489.0 -31.0 -72.0' goal '2777.0   1.0 -72.0'
ARGLOG Joe Rogan t  10.0 pos '2640.0 -63.8 120.0' spd   8.7 yaw 214 mode 2 st 0 gl 0 hp 64 frg 1
ARGLOG Romero t  10.0 pos '2621.6  -7.3 -72.0' spd 321.8 yaw 353 mode 1 st 1 gl 0 hp 100 frg 0
ARGLOG Carmack t  10.2 pos '2598.3 -1667.8  24.0' spd 366.0 yaw 119 mode 2 st 0 gl 1 hp 100 frg 0
ARGEVT Joe Rogan stall
ARGEVT Joe Rogan stallnode '2905.0 -47.0 -72.0'
ARGEVT Joe Rogan jump
ARGLOG Joe Rogan t  10.5 pos '2640.0 -60.9 149.2' spd  15.2 yaw 312.1 mode 0 st 1 gl 0 hp 64 frg 1
ARGLOG Romero t  10.5 pos '2744.9 -26.0 -72.0' spd 320.5 yaw 354 mode 1 st 1 gl 0 hp 100 frg 0
ARGEVT Joe Rogan route 7 start '2633.0 -143.0 120.0' goal '1465.0 -703.0 184.0'
ARGEVT Carmack goal item_artifact_super_damage
ARGEVT Romero goal weapon_rocketlauncher
ARGLOG Carmack t  10.7 pos '2512.4 -1521.0  24.0' spd 321.7 yaw 125 mode 0 st 0 gl 1 hp 100 frg 0
ARGEVT Carmack routefail
ARGEVT Joe Rogan engage Carmack
ARGEVT Carmack goal item_armor2
ARGEVT Carmack engage Joe Rogan
ARGEVT Romero hazard
ARGEVT Carmack route 20 start '2489.0 -1471.0  24.0' goal '2009.0 -991.0  32.0'
ARGLOG Joe Rogan t  11.0 pos '2640.0 -77.5 120.0' spd  32.5 yaw 259.9 mode 2 st 1 gl 0 hp 64 frg 1
ARGLOG Romero t  11.0 pos '2852.7 -76.0 -72.0' spd 160.6 yaw 208.4 mode 0 st 1 gl 1 hp 100 frg 0
ARGEVT Romero route 5 start '2905.0 -47.0 -72.0' goal '1465.0 -703.0 184.0'
ARGEVT Joe Rogan pursue
ARGEVT Carmack pursue
ARGLOG Carmack t  11.2 pos '2479.8 -1357.1  24.0' spd 321.9 yaw 82 mode 2 st 0 gl 1 hp 100 frg 0
ARGLOG Joe Rogan t  11.5 pos '2625.4 -234.2 120.0' spd 320.0 yaw 265 mode 2 st 1 gl 0 hp 64 frg 1
ARGLOG Romero t  11.5 pos '2700.4 -16.0 -72.0' spd 374.1 yaw 214 mode 2 st 1 gl 1 hp 100 frg 0
ARGLOG Carmack t  11.7 pos '2498.6 -1192.6  24.0' spd 320.0 yaw 82 mode 2 st 0 gl 1 hp 100 frg 0
ARGLOG Joe Rogan t  12.0 pos '2610.9 -399.3 120.0' spd 320.0 yaw 264 mode 2 st 1 gl 0 hp 64 frg 1
ARGLOG Romero t  12.0 pos '2814.3 -28.1 -72.0' spd 320.3 yaw 212 mode 2 st 1 gl 1 hp 100 frg 0
ARGEVT Joe Rogan route 9 start '2553.0 -511.0 147.0' goal '1465.0 -703.0 184.0'
ARGLOG Carmack t  12.3 pos '2521.6 -1028.7  32.0' spd 320.0 yaw 82 mode 2 st 0 gl 1 hp 100 frg 0
ARGEVT Romero route 5 start '1401.0 -1055.0 344.0' goal '1465.0 -703.0 184.0'
ARGEVT Carmack hazard
ARGLOG Joe Rogan t  12.6 pos '2596.5 -564.1 120.0' spd 320.0 yaw 254.8 mode 2 st 1 gl 0 hp 64 frg 1
ARGLOG Romero t  12.6 pos '1399.5 -966.6 344.0' spd 405.1 yaw 127 mode 2 st 1 gl 1 hp 100 frg 0
ARGEVT Carmack lift
ARGLOG Carmack t  12.8 pos '2464.4 -963.6 109.6' spd 263.1 yaw  73.4 mode 2 st 0 gl 1 hp 47 frg 0
ARGLOG Joe Rogan t  13.1 pos '2616.2 -650.8 120.0' spd 118.1 yaw 238.3 mode 2 st 1 gl 0 hp 64 frg 1
ARGLOG Romero t  13.1 pos '1278.9 -880.7 344.0' spd 387.9 yaw 65 mode 2 st 1 gl 1 hp 100 frg 0
ARGEVT Joe Rogan weapon sg
ARGLOG Carmack t  13.3 pos '2470.7 -978.2 120.0' spd 110.3 yaw  49.3 mode 2 st 0 gl 1 hp 47 frg 0
ARGLOG Joe Rogan t  13.6 pos '2593.8 -712.9 120.0' spd 128.5 yaw 252.6 mode 0 st 1 gl 0 hp 64 frg 1
ARGLOG Romero t  13.6 pos '1328.0 -719.2 344.0' spd 336.2 yaw 6 mode 2 st 1 gl 1 hp 100 frg 0
ARGEVT Joe Rogan death Carmack pos '2609.6 -732.2 120.0'
ARGLOG Carmack t  13.8 pos '2448.0 -955.5 120.0' spd 233.7 yaw  94.7 mode 2 st 0 gl 1 hp 14 frg 1
ARGEVT Carmack goal item_health
ARGEVT Carmack route 3 start '2521.0 -895.0 120.0' goal '2457.0 -1311.0  24.0'
ARGLOG Romero t  14.1 pos '1376.0 -578.6 267.3' spd 251.7 yaw 306 mode 2 st 1 gl 1 hp 100 frg 0
ARGLOG Carmack t  14.3 pos '2509.2 -799.7 120.0' spd 324.4 yaw 42 mode 2 st 0 gl 1 hp 14 frg 1
ARGEVT Romero hazard
ARGLOG Romero t  14.6 pos '1452.0 -563.2 184.0' spd 384.2 yaw 279 mode 1 st 1 gl 1 hp 100 frg 0
ARGEVT Carmack hazard
ARGLOG Carmack t  14.8 pos '2640.0 -723.8 120.0' spd 124.6 yaw 236 mode 2 st 0 gl 1 hp 14 frg 1
ARGEVT Romero goal item_artifact_super_damage
ARGEVT Romero routefail
ARGLOG Romero t  15.1 pos '1493.9 -720.0 184.0' spd 281.2 yaw 2 mode 0 st 1 gl 2 hp 100 frg 0
ARGEVT Joe Rogan respawn
ARGEVT Joe Rogan plan powerup via weapon
ARGEVT Joe Rogan goal weapon_grenadelauncher
ARGLOG Joe Rogan t  15.2 pos '2576.0 -1328.0  24.0' spd 0 yaw 253.7 mode 0 st 1 gl 0 hp 100 frg 1
ARGEVT Romero goal item_health
ARGEVT Carmack engage Joe Rogan
ARGLOG Carmack t  15.4 pos '2549.2 -841.2 120.0' spd 412.6 yaw 182.4 mode 2 st 0 gl 1 hp 14 frg 1
ARGEVT Joe Rogan route 18 start '2585.0 -1375.0  24.0' goal '2073.0 -991.0 344.0'
ARGEVT Joe Rogan engage Carmack
ARGEVT Romero route 7 start '1561.0 -607.0 184.0' goal '2073.0 -991.0 344.0'
ARGLOG Romero t  15.7 pos '1579.7 -626.1 184.0' spd 344.2 yaw 187 mode 2 st 1 gl 2 hp 100 frg 0
ARGEVT Carmack death Carmack pos '2592.3 -860.5 120.0'
ARGLOG Joe Rogan t  15.8 pos '2606.0 -1383.9  24.0' spd 336.6 yaw  42.0 mode 2 st 1 gl 0 hp 100 frg 1
ARGEVT Romero hazard
ARGEVT Joe Rogan hazard
ARGLOG Romero t  16.2 pos '1493.7 -524.4 139.8' spd 281.5 yaw 218 mode 2 st 1 gl 2 hp 100 frg 0
ARGLOG Joe Rogan t  16.3 pos '2640.4 -1360.0  24.0' spd 328.4 yaw 116 mode 2 st 1 gl 0 hp 100 frg 1
ARGEVT Romero jump
ARGLOG Romero t  16.7 pos '1488.0 -518.0  58.5' spd  41.1 yaw 220 mode 2 st 1 gl 2 hp 100 frg 0
ARGLOG Joe Rogan t  16.8 pos '2528.4 -1254.8  24.0' spd 339.8 yaw 83 mode 2 st 1 gl 0 hp 100 frg 1
ARGEVT Romero hazard
ARGLOG Romero t  17.2 pos '1491.6 -554.7  24.0' spd 170.6 yaw 211 mode 2 st 1 gl 2 hp 100 frg 0
ARGEVT Carmack respawn
ARGEVT Carmack goal weapon_supershotgun
ARGLOG Carmack t  17.3 pos '2704.0 -2048.0 128.0' spd 0 yaw 278 mode 1 st 0 gl 1 hp 100 frg 0
ARGLOG Joe Rogan t  17.3 pos '2533.6 -1087.7  24.0' spd 320.5 yaw 79 mode 2 st 1 gl 0 hp 100 frg 1
ARGEVT Romero jump
ARGEVT Romero stall
ARGEVT Romero stallnode '1433.0 -543.0 184.0'
ARGLOG Romero t  17.7 pos '1488.0 -511.7  58.7' spd  23.0 yaw 257.6 mode 0 st 2 gl 2 hp 100 frg 0
ARGLOG Carmack t  17.8 pos '2725.9 -2203.1 120.0' spd 320.0 yaw 276 mode 1 st 0 gl 1 hp 100 frg 0
ARGEVT Romero route 8 start '1497.0 -495.0  24.0' goal '2073.0 -991.0 344.0'
ARGLOG Joe Rogan t  17.8 pos '2544.0 -921.5  70.7' spd 320.2 yaw 103.6 mode 2 st 1 gl 0 hp 100 frg 1
ARGEVT Romero rjump
ARGEVT Carmack goal 
ARGEVT Carmack route 15 start '2713.0 -2335.0 120.0' goal '2585.0 -767.0 120.0'
ARGLOG Romero t  18.2 pos '1488.6 -523.5  89.5' spd  30.3 yaw 263 mode 2 st 2 gl 2 hp 90 frg 0
ARGLOG Carmack t  18.3 pos '2687.4 -2351.7 120.0' spd 320.0 yaw 177 mode 2 st 0 gl 2 hp 100 frg 0
ARGEVT Carmack hazard
ARGLOG Joe Rogan t  18.3 pos '2450.4 -835.6 120.0' spd 366.4 yaw  38.4 mode 2 st 1 gl 0 hp 100 frg 1
ARGEVT Carmack goal item_armor2
ARGLOG Romero t  18.8 pos '1488.9 -539.1  98.6' spd  30.4 yaw 262 mode 2 st 2 gl 2 hp 90 frg 0
ARGLOG Carmack t  18.8 pos '2544.9 -2325.2 120.0' spd 325.2 yaw 163.7 mode 0 st 0 gl 2 hp 100 frg 0
ARGEVT Carmack route 29 start '2553.0 -2335.0 120.0' goal '2009.0 -991.0  32.0'
ARGLOG Joe Rogan t  18.9 pos '2589.1 -849.3 120.0' spd 411.6 yaw 214 mode 2 st 1 gl 0 hp 100 frg 1
ARGEVT Joe Rogan hazard
ARGEVT Romero hazard
ARGLOG Romero t  19.3 pos '1536.2 -547.2  24.0' spd 188.4 yaw 177 mode 2 st 2 gl 2 hp 90 frg 0
ARGLOG Carmack t  19.3 pos '2384.0 -2371.2 120.0' spd 264.9 yaw 207 mode 2 st 0 gl 2 hp 100 frg 0
ARGEVT Joe Rogan lift
ARGLOG Joe Rogan t  19.4 pos '2453.7 -958.0 120.0' spd 351.2 yaw 115 mode 2 st 1 gl 0 hp 100 frg 1
ARGLOG Romero t  19.8 pos '1612.2 -551.2  24.0' spd 126.8 yaw 177 mode 2 st 2 gl 2 hp 90 frg 0
ARGLOG Carmack t  19.8 pos '2343.4 -2511.2 152.0' spd 166.4 yaw 139 mode 2 st 0 gl 2 hp 100 frg 0
ARGLOG Joe Rogan t  19.9 pos '2544.0 -1118.6  74.9' spd  58.1 yaw 117 mode 2 st 1 gl 0 hp 100 frg 1
ARGEVT Romero hazard
ARGLOG Romero t  20.3 pos '1648.0 -579.5  24.0' spd 222.1 yaw 170 mode 2 st 2 gl 2 hp 90 frg 0
ARGLOG Carmack t  20.4 pos '2179.4 -2496.9 200.0' spd 320.0 yaw 97 mode 2 st 0 gl 2 hp 100 frg 0
ARGLOG Joe Rogan t  20.4 pos '2534.7 -1006.5  16.0' spd 320.0 yaw 128 mode 2 st 1 gl 0 hp 100 frg 1
ARGEVT Joe Rogan hazard
ARGEVT Carmack hazard
ARGLOG Romero t  20.8 pos '1648.0 -723.0  20.0' spd 188.6 yaw 140 mode 2 st 2 gl 2 hp 90 frg 0
ARGLOG Carmack t  20.9 pos '2161.3 -2407.6 200.0' spd 171.8 yaw 95 mode 2 st 0 gl 2 hp 100 frg 0
ARGLOG Joe Rogan t  20.9 pos '2496.4 -992.0  16.0' spd  45.0 yaw 122 mode 2 st 1 gl 0 hp 100 frg 1
ARGEVT Romero hazard
ARGLOG Romero t  21.3 pos '1648.0 -798.1  20.0' spd 165.6 yaw 130 mode 2 st 2 gl 2 hp 90 frg 0
ARGLOG Carmack t  21.4 pos '2156.8 -2226.7 139.8' spd 321.5 yaw 93 mode 2 st 0 gl 2 hp 100 frg 0
ARGLOG Joe Rogan t  21.4 pos '2499.9 -992.0  16.0' spd  62.9 yaw 123 mode 2 st 1 gl 0 hp 100 frg 1
ARGEVT Joe Rogan stall
ARGEVT Joe Rogan stallnode '2521.0 -895.0 120.0'
ARGEVT Joe Rogan jump
ARGEVT Carmack hazard
ARGEVT Joe Rogan route 15 start '2457.0 -991.0  24.0' goal '2073.0 -991.0 344.0'
ARGEVT Joe Rogan lift
ARGLOG Romero t  21.9 pos '1636.9 -861.2  20.0' spd 247.5 yaw 122 mode 2 st 2 gl 2 hp 90 frg 0
ARGLOG Carmack t  21.9 pos '2193.2 -2061.7  88.0' spd 335.8 yaw 46 mode 2 st 0 gl 2 hp 100 frg 0
ARGLOG Joe Rogan t  22.0 pos '2498.6 -992.0  26.8' spd  43.6 yaw 123 mode 2 st 2 gl 0 hp 100 frg 1
ARGEVT Joe Rogan hazard
ARGEVT Joe Rogan stall
ARGEVT Joe Rogan stallnode '2521.0 -895.0 120.0'
ARGEVT Joe Rogan jump
ARGEVT Romero hazard
ARGLOG Romero t  22.4 pos '1507.5 -848.2  20.0' spd 351.9 yaw 103 mode 2 st 2 gl 2 hp 90 frg 0
ARGLOG Carmack t  22.4 pos '2148.3 -1898.4  24.0' spd 349.5 yaw 57 mode 2 st 0 gl 2 hp 100 frg 0
ARGLOG Joe Rogan t  22.5 pos '2497.4 -996.6  48.0' spd  30.0 yaw 278.7 mode 0 st 3 gl 0 hp 100 frg 1
ARGLOG Romero t  22.9 pos '1470.3 -853.6  20.0' spd 284.6 yaw 96 mode 2 st 2 gl 2 hp 90 frg 0
ARGLOG Carmack t  22.9 pos '2289.8 -1817.8  24.0' spd 345.8 yaw 74 mode 2 st 0 gl 2 hp 100 frg 0
ARGLOG Joe Rogan t  23.0 pos '2507.4 -1063.1  24.0' spd 320.0 yaw 278.7 mode 0 st 3 gl 0 hp 100 frg 1
ARGEVT Joe Rogan engage Carmack
ARGEVT Carmack engage Joe Rogan
ARGEVT Romero hazard
ARGLOG Romero t  23.4 pos '1565.5 -860.3  20.0' spd 137.1 yaw 112 mode 2 st 2 gl 2 hp 90 frg 0
ARGLOG Carmack t  23.5 pos '2408.7 -1758.5  24.0' spd 327.6 yaw  78.8 mode 2 st 0 gl 2 hp 100 frg 0
ARGLOG Joe Rogan t  23.5 pos '2505.3 -1228.3  24.0' spd 320.3 yaw 278.5 mode 0 st 3 gl 0 hp 100 frg 1
ARGEVT Joe Rogan goal item_armorInv
ARGEVT Joe Rogan route 5 start '2457.0 -1311.0  24.0' goal '2361.0 -703.0  56.0'
ARGLOG Romero t  23.9 pos '1628.7 -864.7  20.0' spd 115.6 yaw 121 mode 2 st 2 gl 2 hp 90 frg 0
ARGEVT Carmack death Joe Rogan pos '2565.9 -1692.9  24.0'
ARGEVT Joe Rogan goal 
ARGLOG Joe Rogan t  24.0 pos '2543.3 -1298.5  24.0' spd 321.7 yaw 323.0 mode 0 st 3 gl 0 hp 96 frg 2
ARGEVT Joe Rogan route 3 start '2585.0 -1375.0  24.0' goal '2585.0 -1727.0  24.0'
ARGEVT Romero hazard
ARGLOG Romero t  24.4 pos '1511.7 -851.7  20.0' spd 403.6 yaw 104 mode 2 st 2 gl 2 hp 90 frg 0
ARGLOG Joe Rogan t  24.5 pos '2592.7 -1443.1  24.0' spd 325.0 yaw 243 mode 2 st 3 gl 0 hp 96 frg 2
ARGLOG Romero t  25.0 pos '1459.9 -856.2  20.0' spd 290.0 yaw 94 mode 2 st 2 gl 2 hp 90 frg 0
ARGLOG Joe Rogan t  25.1 pos '2525.5 -1594.0  24.0' spd 320.2 yaw 239 mode 1 st 3 gl 0 hp 96 frg 2
ARGEVT Romero hazard
ARGLOG Romero t  25.5 pos '1572.3 -848.3  20.0' spd 150.3 yaw 114 mode 2 st 2 gl 2 hp 90 frg 0
ARGEVT Carmack respawn
ARGEVT Carmack goal item_armor2
ARGLOG Carmack t  25.5 pos '1712.0 -504.0  24.0' spd 0 yaw 253.7 mode 0 st 0 gl 2 hp 100 frg 0
ARGLOG Joe Rogan t  25.6 pos '2460.3 -1749.8  24.0' spd 375.9 yaw 319.6 mode 1 st 3 gl 0 hp 96 frg 2
ARGEVT Carmack route 13 start '1721.0 -575.0  24.0' goal '1273.0 -991.0  32.0'
ARGEVT Romero engage Carmack
ARGEVT Carmack engage Romero
ARGLOG Romero t  26.0 pos '1642.7 -849.4  20.0' spd 255.1 yaw  63.2 mode 2 st 2 gl 2 hp 90 frg 0
ARGLOG Carmack t  26.0 pos '1718.2 -657.3  24.0' spd 223.5 yaw 257.8 mode 2 st 0 gl 2 hp 100 frg 0
ARGLOG Joe Rogan t  26.1 pos '2608.0 -1763.9  24.0' spd 393.8 yaw 123.7 mode 1 st 3 gl 0 hp 96 frg 2
ARGEVT Romero weapon sg
ARGEVT Joe Rogan goal item_health
ARGEVT Joe Rogan routefail
ARGEVT Joe Rogan goal item_armorInv
ARGEVT Romero weapon rl
ARGLOG Romero t  26.5 pos '1681.4 -880.1  20.0' spd 375.6 yaw  78.3 mode 2 st 2 gl 2 hp 81 frg 0
ARGEVT Joe Rogan route 7 start '2489.0 -1631.0  24.0' goal '2361.0 -703.0  56.0'
ARGLOG Carmack t  26.5 pos '1730.7 -697.5  24.0' spd 333.0 yaw 243.7 mode 2 st 0 gl 2 hp 100 frg 0
ARGLOG Joe Rogan t  26.6 pos '2459.9 -1688.1  24.0' spd 331.1 yaw 90 mode 2 st 3 gl 1 hp 96 frg 2
ARGEVT Joe Rogan hazard
ARGLOG Romero t  27.0 pos '1641.3 -938.9  20.0' spd 395.7 yaw  87.7 mode 2 st 2 gl 2 hp 72 frg 0
ARGLOG Carmack t  27.1 pos '1674.1 -752.0  76.7' spd 287.3 yaw 272.5 mode 2 st 0 gl 2 hp 10 frg 0
ARGLOG Joe Rogan t  27.1 pos '2318.3 -1648.0  24.0' spd 116.8 yaw 67 mode 2 st 3 gl 1 hp 96 frg 2
ARGEVT Romero route 11 start '1657.0 -703.0  24.0' goal '2073.0 -991.0 344.0'
ARGLOG Romero t  27.5 pos '1823.7 -968.9  20.0' spd 391.1 yaw 118.6 mode 2 st 2 gl 2 hp 63 frg 0
ARGLOG Carmack t  27.6 pos '1685.7 -767.8  22.3' spd  56.7 yaw 313.8 mode 2 st 0 gl 2 hp 10 frg 0
ARGEVT Carmack death Romero pos '1688.4 -769.1  20.0'
ARGLOG Joe Rogan t  27.6 pos '2261.1 -1648.0  24.0' spd 106.0 yaw 59 mode 2 st 3 gl 1 hp 96 frg 2
ARGEVT Romero goal item_health
ARGEVT Romero routefail
ARGEVT Romero hazard
ARGEVT Joe Rogan hazard
ARGEVT Romero goal 
ARGLOG Romero t  28.0 pos '1863.0 -848.0  20.0' spd 334.3 yaw 171 mode 0 st 2 gl 2 hp 63 frg 1
ARGEVT Romero routefail
ARGLOG Joe Rogan t  28.1 pos '2207.5 -1648.0  24.0' spd  99.8 yaw 53 mode 2 st 3 gl 1 hp 96 frg 2
ARGEVT Romero goal item_health
ARGEVT Romero routefail
ARGEVT Romero goal item_health
ARGEVT Romero routefail
ARGLOG Romero t  28.6 pos '1694.0 -814.0  20.0' spd 378.6 yaw  89.7 mode 0 st 2 gl 2 hp 63 frg 1
ARGLOG Joe Rogan t  28.7 pos '2370.1 -1637.0  24.0' spd 370.6 yaw 75 mode 2 st 3 gl 1 hp 96 frg 2
ARGEVT Romero goal item_health
ARGEVT Romero route 3 start '1657.0 -703.0  24.0' goal '2041.0 -559.0 104.0'
ARGLOG Romero t  29.1 pos '1693.5 -637.9  24.0' spd 360.5 yaw  18.4 mode 2 st 2 gl 2 hp 63 frg 1
ARGEVT Carmack respawn
ARGLOG Joe Rogan t  29.2 pos '2478.0 -1505.3  24.0' spd 336.7 yaw 93 mode 2 st 3 gl 1 hp 96 frg 2
ARGEVT Carmack goal weapon_grenadelauncher
ARGLOG Carmack t  29.2 pos '2048.0 -1352.0 136.0' spd 0 yaw 163.7 mode 0 st 0 gl 2 hp 100 frg 0
ARGEVT Carmack routefail
ARGEVT Romero hazard
ARGEVT Carmack goal item_armorInv
ARGEVT Carmack routefail
ARGLOG Romero t  29.6 pos '1736.6 -627.4  24.0' spd 324.1 yaw 246 mode 2 st 2 gl 2 hp 63 frg 1
ARGEVT Carmack goal item_armor2
ARGEVT Carmack route 2 start '2041.0 -1279.0 136.0' goal '2009.0 -991.0  32.0'
ARGLOG Joe Rogan t  29.7 pos '2478.4 -1338.6  24.0' spd 320.0 yaw 93 mode 2 st 3 gl 1 hp 96 frg 2
ARGLOG Carmack t  29.7 pos '1924.6 -1231.4 134.0' spd 321.8 yaw 118 mode 2 st 0 gl 2 hp 100 frg 0
ARGEVT Carmack engage Romero
ARGEVT Romero engage Carmack
ARGLOG Romero t  30.1 pos '1776.0 -730.8  24.0' spd 326.9 yaw 281.3 mode 2 st 2 gl 2 hp 63 frg 1
ARGLOG Joe Rogan t  30.2 pos '2465.4 -1173.9  24.0' spd 320.1 yaw 78 mode 2 st 3 gl 1 hp 96 frg 2
ARGLOG Carmack t  30.2 pos '1863.9 -1081.2  20.0' spd 314.2 yaw 102.7 mode 2 st 0 gl 2 hp 100 frg 0
ARGEVT Carmack pursue
ARGEVT Romero pursue
ARGLOG Romero t  30.6 pos '1669.8 -803.2  20.0' spd 336.2 yaw 338.3 mode 0 st 2 gl 2 hp 63 frg 1
ARGEVT Joe Rogan lift
ARGLOG Joe Rogan t  30.7 pos '2460.5 -992.5  39.7' spd 327.6 yaw 112 mode 2 st 3 gl 1 hp 96 frg 2
ARGLOG Carmack t  30.7 pos '1914.1 -908.3  20.0' spd 320.8 yaw 165.8 mode 1 st 0 gl 2 hp 100 frg 0
ARGEVT Romero route 3 start '1657.0 -703.0  24.0' goal '2041.0 -559.0 104.0'
ARGEVT Joe Rogan jump
ARGLOG Romero t  31.1 pos '1660.1 -928.8  20.0' spd 111.9 yaw 346.1 mode 2 st 2 gl 2 hp 41 frg 1
ARGLOG Joe Rogan t  31.2 pos '2498.9 -912.0 116.9' spd  22.7 yaw 164.2 mode 2 st 3 gl 1 hp 96 frg 2
ARGLOG Carmack t  31.2 pos '1919.6 -971.4  20.0' spd 329.7 yaw 157.4 mode 1 st 0 gl 2 hp 100 frg 0
ARGEVT Joe Rogan hazard
ARGLOG Romero t  31.6 pos '1723.2 -773.3  20.0' spd 348.1 yaw 279.1 mode 2 st 2 gl 2 hp 32 frg 1
ARGEVT Joe Rogan door
ARGLOG Joe Rogan t  31.8 pos '2448.0 -868.6 120.0' spd 277.3 yaw 167.0 mode 2 st 3 gl 1 hp 96 frg 2
ARGLOG Carmack t  31.8 pos '1813.3 -1102.1  20.0' spd 339.4 yaw  99.0 mode 1 st 0 gl 2 hp 100 frg 0
ARGLOG Romero t  32.2 pos '1741.1 -721.6  20.0' spd 320.3 yaw 238.3 mode 2 st 2 gl 2 hp 29 frg 1
ARGLOG Joe Rogan t  32.3 pos '2448.0 -868.6 120.0' spd 0 yaw 278 mode 2 st 3 gl 1 hp 96 frg 2
ARGLOG Carmack t  32.3 pos '1616.6 -1082.9  20.0' spd 321.7 yaw  77.5 mode 1 st 0 gl 2 hp 32 frg 0
ARGLOG Romero t  32.7 pos '1744.0 -703.1  24.0' spd 105.7 yaw 217.6 mode 2 st 2 gl 2 hp 7 frg 1
ARGEVT Romero death Carmack pos '1744.0 -703.1  24.0'
ARGLOG Joe Rogan t  32.8 pos '2448.0 -868.6 120.0' spd 0 yaw 278 mode 2 st 3 gl 1 hp 96 frg 2
ARGLOG Carmack t  32.8 pos '1468.5 -1008.0  20.0' spd 344.2 yaw  99.0 mode 1 st 0 gl 2 hp 32 frg 1
ARGEVT Carmack goal item_armor2
ARGEVT Carmack routefail
ARGEVT Carmack goal 
ARGEVT Carmack routefail
ARGEVT Carmack hazard
ARGLOG Joe Rogan t  33.3 pos '2448.0 -868.6 120.0' spd 0 yaw 278 mode 2 st 3 gl 1 hp 96 frg 2
ARGEVT Carmack goal item_health
ARGLOG Carmack t  33.3 pos '1506.2 -857.6  20.0' spd 378.2 yaw 348.4 mode 0 st 0 gl 2 hp 32 frg 1
ARGEVT Carmack routefail
ARGEVT Carmack goal item_health
ARGEVT Carmack routefail
ARGEVT Carmack goal item_health
ARGEVT Carmack route 3 start '1657.0 -703.0  24.0' goal '2041.0 -559.0 104.0'
ARGLOG Joe Rogan t  33.8 pos '2448.0 -868.6 120.0' spd 0 yaw 278 mode 2 st 3 gl 1 hp 96 frg 2
ARGLOG Carmack t  33.8 pos '1672.5 -839.2  20.0' spd 376.0 yaw 81 mode 2 st 0 gl 2 hp 32 frg 1
ARGEVT Joe Rogan door
ARGEVT Romero respawn
ARGEVT Romero goal item_armorInv
ARGLOG Romero t  34.3 pos '2248.0 -16.0 -136.0' spd 0 yaw 343.4 mode 0 st 2 gl 2 hp 100 frg 1
ARGLOG Joe Rogan t  34.3 pos '2448.0 -927.3 120.0' spd 354.2 yaw 111 mode 2 st 3 gl 1 hp 96 frg 2
ARGLOG Carmack t  34.3 pos '1727.2 -676.8  24.0' spd 322.6 yaw 35 mode 2 st 0 gl 2 hp 32 frg 1
ARGEVT Romero routefail
ARGEVT Romero goal item_armor2
ARGEVT Romero route 2 start '2233.0 -31.0 -136.0' goal '2777.0   1.0 -72.0'
ARGLOG Romero t  34.8 pos '2374.7 -73.2 -88.0' spd 295.6 yaw 10 mode 2 st 2 gl 2 hp 100 frg 1
ARGLOG Joe Rogan t  34.8 pos '2448.0 -931.1 117.4' spd 336.6 yaw 110 mode 2 st 3 gl 1 hp 96 frg 2
ARGLOG Carmack t  34.8 pos '1646.5 -535.0  24.0' spd 414.1 yaw 228.2 mode 2 st 0 gl 2 hp 32 frg 1
ARGEVT Carmack hazard
ARGEVT Romero route 1 start '2489.0 -31.0 -72.0' goal '2777.0   1.0 -72.0'
ARGEVT Joe Rogan hazard
ARGEVT Carmack route 4 start '1545.0 -527.0  24.0' goal '2041.0 -559.0 104.0'
ARGLOG Romero t  35.3 pos '2537.4 -42.7 -64.0' spd 320.1 yaw 10 mode 2 st 2 gl 2 hp 100 frg 1
ARGLOG Joe Rogan t  35.4 pos '2359.8 -798.5 117.9' spd 296.9 yaw 77 mode 1 st 3 gl 1 hp 96 frg 2
ARGLOG Carmack t  35.4 pos '1554.3 -557.7  24.0' spd 322.2 yaw 2 mode 2 st 0 gl 2 hp 32 frg 1
ARGEVT Romero door
ARGLOG Romero t  35.8 pos '2688.0 -65.4 -72.0' spd 320.0 yaw 261.8 mode 1 st 2 gl 2 hp 100 frg 1
ARGEVT Romero hazard
ARGLOG Joe Rogan t  35.9 pos '2366.1 -692.7  56.0' spd 323.8 yaw  53.9 mode 1 st 3 gl 1 hp 96 frg 2
ARGLOG Carmack t  35.9 pos '1719.9 -565.2  24.0' spd 322.8 yaw 1 mode 2 st 0 gl 2 hp 32 frg 1
ARGEVT Joe Rogan goal weapon_nailgun
ARGEVT Joe Rogan route 5 start '2361.0 -703.0  56.0' goal '2521.0 -191.0  32.0'
ARGEVT Joe Rogan hazard
ARGLOG Romero t  36.3 pos '2522.2 -76.8 -64.0' spd 320.1 yaw 176 mode 1 st 2 gl 2 hp 100 frg 1
ARGLOG Joe Rogan t  36.4 pos '2376.4 -587.1  56.0' spd 177.9 yaw 203.0 mode 2 st 3 gl 2 hp 96 frg 2
ARGLOG Carmack t  36.4 pos '1784.2 -556.6  24.0' spd 320 yaw 0 mode 2 st 0 gl 2 hp 32 frg 1
ARGEVT Carmack jump
ARGLOG Romero t  36.9 pos '2356.8 -65.5 -88.0' spd 320.0 yaw 176 mode 1 st 2 gl 2 hp 100 frg 1
ARGLOG Joe Rogan t  36.9 pos '2384.0 -740.3  56.0' spd 265.8 yaw 98 mode 2 st 3 gl 2 hp 96 frg 2
ARGLOG Carmack t  36.9 pos '1847.3 -540.0  77.9' spd  45.4 yaw 1 mode 1 st 0 gl 2 hp 32 frg 1
ARGLOG Romero t  37.4 pos '2206.9 -132.6 -134.4' spd 406.1 yaw 297 mode 1 st 2 gl 2 hp 100 frg 1
ARGLOG Joe Rogan t  37.4 pos '2389.3 -666.1  56.0' spd 320.2 yaw 100 mode 2 st 3 gl 2 hp 96 frg 2
ARGLOG Carmack t  37.4 pos '1945.0 -531.5 104.0' spd 320.1 yaw 357 mode 1 st 0 gl 2 hp 32 frg 1
ARGEVT Carmack goal item_armor2
ARGEVT Carmack route 13 start '2041.0 -559.0 104.0' goal '2009.0 -991.0  32.0'
ARGEVT Romero hazard
ARGEVT Carmack hazard
ARGLOG Romero t  37.9 pos '2263.7 -211.8 -136.0' spd 163.2 yaw 272.1 mode 1 st 2 gl 2 hp 100 frg 1
ARGLOG Joe Rogan t  37.9 pos '2383.1 -484.3  49.7' spd 323.6 yaw 119 mode 2 st 3 gl 2 hp 96 frg 2
ARGLOG Carmack t  37.9 pos '2064.0 -465.8 104.0' spd 339.0 yaw 94 mode 2 st 0 gl 3 hp 82 frg 1
ARGLOG Romero t  38.4 pos '2272.0 -212.3 -136.0' spd  39.0 yaw  44.6 mode 1 st 2 gl 2 hp 100 frg 1
ARGLOG Joe Rogan t  38.5 pos '2333.1 -324.3   8.0' spd 325.8 yaw 80 mode 2 st 3 gl 2 hp 96 frg 2
ARGLOG Carmack t  38.5 pos '2049.2 -300.9  56.0' spd 321.7 yaw 59 mode 2 st 0 gl 3 hp 82 frg 1
ARGEVT Joe Rogan hazard
ARGEVT Joe Rogan engage Carmack
ARGEVT Carmack engage Joe Rogan
ARGLOG Romero t  38.9 pos '2267.5 -61.7 -136.0' spd 333.0 yaw  67.4 mode 1 st 2 gl 2 hp 100 frg 1
ARGLOG Joe Rogan t  39.0 pos '2188.9 -369.2   8.0' spd 327.4 yaw  97.0 mode 2 st 3 gl 2 hp 96 frg 2
ARGLOG Carmack t  39.0 pos '2103.6 -143.0  24.0' spd 355.6 yaw 271.2 mode 2 st 0 gl 3 hp 82 frg 1
ARGEVT Carmack death Joe Rogan pos '2255.2 -112.2  24.0'
ARGLOG Romero t  39.4 pos '2388.8 -19.7 -72.0' spd 389.9 yaw 262.0 mode 1 st 2 gl 2 hp 100 frg 1
ARGEVT Joe Rogan goal 
ARGLOG Joe Rogan t  39.5 pos '2252.7 -380.3   8.0' spd 328.6 yaw  38.0 mode 1 st 3 gl 2 hp 96 frg 3
ARGEVT Romero hazard
ARGLOG Romero t  40.0 pos '2284.1 -80.0 -103.9' spd 323.7 yaw 199 mode 1 st 2 gl 2 hp 100 frg 1
ARGLOG Joe Rogan t  40.0 pos '2290.0 -396.6 106.5' spd  78.2 yaw 109 mode 1 st 3 gl 2 hp 74 frg 3
ARGLOG Romero t  40.5 pos '2187.6 -198.7 -105.4' spd 427.8 yaw 351.8 mode 1 st 2 gl 2 hp 100 frg 1
ARGLOG Joe Rogan t  40.5 pos '2299.2 -335.0   8.0' spd 322.4 yaw 116 mode 1 st 3 gl 2 hp 74 frg 3
ARGEVT Joe Rogan hazard
ARGEVT Carmack respawn
ARGEVT Joe Rogan engage Carmack
ARGLOG Romero t  41.0 pos '2280.0 -129.4 -136.0' spd 375.5 yaw 156.6 mode 1 st 2 gl 2 hp 100 frg 1
ARGEVT Carmack goal weapon_nailgun
ARGEVT Carmack engage Joe Rogan
ARGLOG Carmack t  41.0 pos '2560.0 -192.0  32.0' spd 0 yaw 196.0 mode 1 st 0 gl 3 hp 100 frg 1
ARGLOG Joe Rogan t  41.0 pos '2234.0 -259.3  24.0' spd  97.1 yaw  35.5 mode 1 st 3 gl 2 hp 74 frg 3
ARGEVT Romero hazard
ARGEVT Carmack pursue
ARGEVT Joe Rogan pursue
ARGLOG Romero t  41.5 pos '2212.5  16.0 -117.0' spd 356.9 yaw  24.1 mode 1 st 2 gl 2 hp 100 frg 1
ARGLOG Carmack t  41.5 pos '2556.7 -230.5  32.0' spd 298.0 yaw 186 mode 1 st 0 gl 3 hp 100 frg 1
ARGLOG Joe Rogan t  41.6 pos '2315.0 -381.8   8.0' spd 329.7 yaw  39.9 mode 1 st 3 gl 2 hp 74 frg 3
ARGEVT Carmack goal 
ARGEVT Carmack route 2 start '2521.0 -191.0  32.0' goal '2265.0   1.0  24.0'
ARGEVT Joe Rogan weapon ssg
ARGLOG Romero t  42.0 pos '2362.5 -67.1 -88.0' spd 376.2 yaw 270.6 mode 1 st 2 gl 2 hp 100 frg 1
ARGLOG Carmack t  42.0 pos '2412.5 -224.0  24.0' spd 143.7 yaw 299.5 mode 2 st 0 gl 4 hp 100 frg 1
ARGLOG Joe Rogan t  42.1 pos '2456.7 -381.8   8.0' spd 321.4 yaw 100.9 mode 1 st 3 gl 2 hp 74 frg 3
ARGEVT Joe Rogan weapon rl
ARGEVT Joe Rogan hazard
ARGEVT Joe Rogan pursue
ARGEVT Carmack pursue
ARGLOG Romero t  42.5 pos '2520.8 -77.1 -64.0' spd 320.5 yaw 9 mode 1 st 2 gl 2 hp 100 frg 1
ARGLOG Carmack t  42.5 pos '2560.7 -198.5  32.0' spd 273.1 yaw 246 mode 2 st 0 gl 4 hp 100 frg 1
ARGLOG Joe Rogan t  42.6 pos '2511.1 -359.4   8.0' spd 323.1 yaw 120.5 mode 1 st 3 gl 2 hp 67 frg 3
ARGEVT Carmack hazard
ARGEVT Joe Rogan weapon ssg
ARGLOG Romero t  43.1 pos '2684.7 -56.9 -72.0' spd 326.5 yaw 338.0 mode 1 st 2 gl 2 hp 100 frg 1
ARGLOG Carmack t  43.1 pos '2433.1 -237.9  24.0' spd 326.4 yaw 209.0 mode 2 st 0 gl 4 hp 100 frg 1
ARGLOG Joe Rogan t  43.1 pos '2382.1 -323.1   8.0' spd 355.6 yaw  67.8 mode 1 st 3 gl 2 hp 67 frg 3
ARGEVT Joe Rogan weapon rl
ARGEVT Romero goal 
ARGEVT Romero route 11 start '2777.0   1.0 -72.0' goal '2265.0   1.0  24.0'
ARGEVT Joe Rogan pursue
ARGLOG Romero t  43.6 pos '2810.5  16.0 -72.0' spd  58.3 yaw 155.0 mode 2 st 2 gl 3 hp 100 frg 1
ARGLOG Carmack t  43.6 pos '2459.4 -219.5  24.0' spd 254.6 yaw 184.9 mode 2 st 0 gl 4 hp 100 frg 1
ARGLOG Joe Rogan t  43.6 pos '2250.9 -295.9  24.0' spd 287.3 yaw  38.3 mode 1 st 3 gl 2 hp 67 frg 3
ARGEVT Joe Rogan weapon ssg
ARGEVT Carmack death Joe Rogan pos '2408.9 -144.0  24.0'
ARGEVT Joe Rogan weapon rl
ARGEVT Joe Rogan goal 
ARGLOG Romero t  44.1 pos '2704.2 -43.6 -72.0' spd 332.0 yaw 207 mode 2 st 2 gl 3 hp 100 frg 1
ARGLOG Joe Rogan t  44.1 pos '2249.8 -119.3  24.0' spd 383.8 yaw  19.4 mode 1 st 3 gl 2 hp 60 frg 4
ARGEVT Romero goal 
ARGEVT Joe Rogan goal item_health
ARGEVT Romero route 11 start '2649.0 -63.0 -72.0' goal '2361.0 -159.0  24.0'
ARGEVT Romero hazard
ARGEVT Joe Rogan route 2 start '2361.0 -63.0  72.0' goal '2521.0 -223.0 120.0'
ARGLOG Romero t  44.6 pos '2566.1 -77.9 -64.0' spd 145.7 yaw 287.2 mode 0 st 2 gl 3 hp 100 frg 1
ARGLOG Joe Rogan t  44.7 pos '2415.8 -102.6  88.0' spd 394.6 yaw 270 mode 1 st 3 gl 3 hp 60 frg 4
ARGEVT Romero goal weapon_rocketlauncher
ARGEVT Romero routefail
ARGEVT Joe Rogan jump
ARGEVT Romero goal weapon_rocketlauncher
ARGEVT Romero route 7 start '2489.0 -31.0 -72.0' goal '1465.0 -703.0 184.0'
ARGLOG Romero t  45.1 pos '2422.0 -73.9 -72.0' spd 341.7 yaw 3 mode 2 st 2 gl 3 hp 100 frg 1
ARGLOG Joe Rogan t  45.2 pos '2529.5 -240.0  48.0' spd 126.1 yaw 223.3 mode 1 st 3 gl 3 hp 60 frg 4
ARGEVT Carmack respawn
ARGEVT Romero engage Carmack
ARGEVT Carmack goal weapon_rocketlauncher
ARGEVT Carmack engage Romero
ARGLOG Carmack t  45.5 pos '2544.0 -32.0 -64.0' spd 0 yaw 172.2 mode 0 st 0 gl 4 hp 100 frg 1
ARGEVT Carmack route 7 start '2489.0 -31.0 -72.0' goal '1465.0 -703.0 184.0'
ARGLOG Romero t  45.6 pos '2301.2 -16.7 -120.0' spd 323.7 yaw  14.7 mode 0 st 2 gl 3 hp 100 frg 1
ARGEVT Romero route 8 start '2233.0 -31.0 -136.0' goal '1465.0 -703.0 184.0'
ARGLOG Joe Rogan t  45.7 pos '2435.1 -234.0  24.0' spd 372.2 yaw 115.1 mode 1 st 3 gl 3 hp 60 frg 4
ARGEVT Romero jump
ARGEVT Romero route 7 start '2361.0 -63.0 -88.0' goal '1465.0 -703.0 184.0'
ARGLOG Carmack t  46.0 pos '2479.8  16.0 -66.1' spd 153.7 yaw 206.2 mode 2 st 0 gl 4 hp 80 frg 1
ARGEVT Romero route 9 start '2169.0 -31.0 -77.0' goal '1465.0 -703.0 184.0'
ARGLOG Romero t  46.2 pos '2197.6 -87.7 -93.7' spd 336.1 yaw  25.3 mode 2 st 2 gl 3 hp 91 frg 1
ARGLOG Joe Rogan t  46.2 pos '2433.2 -144.0  24.0' spd 135.3 yaw 115.1 mode 1 st 3 gl 3 hp 60 frg 4
ARGLOG Carmack t  46.5 pos '2387.8 -42.0 -72.0' spd 317.1 yaw 194.2 mode 2 st 0 gl 4 hp 56 frg 1
ARGLOG Romero t  46.7 pos '2202.7 -69.7 -127.9' spd 200.5 yaw   6.7 mode 2 st 2 gl 3 hp 82 frg 1
ARGLOG Joe Rogan t  46.7 pos '2294.5 -144.0  24.0' spd 347.0 yaw 149 mode 1 st 3 gl 3 hp 60 frg 4
ARGLOG Carmack t  47.0 pos '2368.7 -41.9 -88.0' spd 335.4 yaw 172.5 mode 2 st 0 gl 4 hp 32 frg 1
ARGLOG Romero t  47.2 pos '2220.2 -68.1 -136.0' spd 328.7 yaw 359.7 mode 2 st 2 gl 3 hp 73 frg 1
ARGLOG Joe Rogan t  47.2 pos '2203.7 -11.7  24.0' spd 422.4 yaw   7.8 mode 1 st 3 gl 3 hp 60 frg 4
ARGLOG Carmack t  47.5 pos '2298.9  16.0 -101.0' spd 313.0 yaw 263.5 mode 0 st 0 gl 4 hp 8 frg 1
ARGEVT Carmack route 7 start '2361.0 -63.0 -88.0' goal '1465.0 -703.0 184.0'
ARGLOG Romero t  47.7 pos '2250.7 -208.0 -136.0' spd 258.5 yaw  88.5 mode 2 st 2 gl 3 hp 65 frg 1
ARGLOG Joe Rogan t  47.7 pos '2362.6 -39.9  72.0' spd 378.0 yaw 259.4 mode 1 st 3 gl 3 hp 60 frg 4
ARGEVT Carmack route 8 start '2233.0 -31.0 -136.0' goal '1465.0 -703.0 184.0'
ARGEVT Carmack death Romero pos '2228.8  10.1 -136.0'
ARGEVT Romero goal 
ARGLOG Romero t  48.2 pos '2286.5 -190.8 -136.0' spd 380.4 yaw  59.6 mode 1 st 2 gl 3 hp 56 frg 2
ARGEVT Romero hazard
ARGLOG Joe Rogan t  48.3 pos '2297.9 -236.3  24.0' spd 375.9 yaw 145 mode 1 st 3 gl 3 hp 60 frg 4
ARGEVT Romero jump
ARGEVT Romero goal item_health
ARGLOG Romero t  48.7 pos '2255.5 -22.5 -114.4' spd 328.8 yaw  94.7 mode 0 st 2 gl 4 hp 56 frg 2
ARGLOG Joe Rogan t  48.8 pos '2264.4 -92.0  24.0' spd 430.3 yaw 338.9 mode 1 st 3 gl 3 hp 60 frg 4
ARGEVT Romero route 16 start '2233.0 -31.0 -136.0' goal '2521.0 -223.0 120.0'
ARGEVT Joe Rogan hazard
ARGLOG Romero t  49.2 pos '2243.8  15.7 -135.1' spd  34.4 yaw 350 mode 2 st 2 gl 4 hp 56 frg 2
ARGLOG Joe Rogan t  49.3 pos '2292.9 -80.0  40.0' spd 237.0 yaw 241 mode 1 st 3 gl 3 hp 60 frg 4
ARGEVT Carmack respawn
ARGEVT Carmack goal weapon_rocketlauncher
ARGLOG Carmack t  49.7 pos '2624.0 -488.0  32.0' spd 0 yaw 163.4 mode 0 st 0 gl 4 hp 100 frg 1
ARGEVT Romero hazard
ARGEVT Carmack route 13 start '2553.0 -511.0  24.0' goal '1465.0 -703.0 184.0'
ARGLOG Romero t  49.8 pos '2352.0 -80.0 -104.0' spd 0 yaw 225.2 mode 0 st 2 gl 4 hp 56 frg 2
ARGLOG Joe Rogan t  49.8 pos '2259.6 -237.4  24.0' spd 417.2 yaw  10.2 mode 1 st 3 gl 3 hp 60 frg 4
ARGEVT Romero route 15 start '2361.0 -63.0 -88.0' goal '2521.0 -223.0 120.0'
ARGEVT Joe Rogan engage Carmack
ARGEVT Carmack engage Joe Rogan
ARGLOG Carmack t  50.2 pos '2475.3 -430.6   8.0' spd 341.5 yaw 109.0 mode 2 st 0 gl 4 hp 100 frg 1
ARGEVT Romero route 16 start '2233.0 -31.0 -136.0' goal '2521.0 -223.0 120.0'
ARGLOG Romero t  50.3 pos '2207.3 -18.6 -134.8' spd 402.2 yaw 355 mode 2 st 2 gl 4 hp 56 frg 2
ARGLOG Joe Rogan t  50.3 pos '2339.2 -213.1  24.0' spd 320.3 yaw 265.6 mode 1 st 3 gl 3 hp 60 frg 4
ARGEVT Joe Rogan pursue
ARGLOG Carmack t  50.7 pos '2306.3 -439.2   8.0' spd 320.9 yaw 121.3 mode 2 st 0 gl 4 hp 100 frg 1
ARGLOG Romero t  50.8 pos '2257.1 -28.1 -136.0' spd 349.6 yaw 280 mode 2 st 2 gl 4 hp 56 frg 2
ARGLOG Joe Rogan t  50.8 pos '2166.8 -250.9  24.0' spd 336.9 yaw 278.5 mode 1 st 3 gl 3 hp 25 frg 4
ARGEVT Romero jump
ARGLOG Carmack t  51.2 pos '2142.4 -470.6   8.0' spd 342.6 yaw  65.4 mode 2 st 0 gl 4 hp 100 frg 1
ARGEVT Carmack hazard
ARGLOG Romero t  51.3 pos '2288.0 -185.8 -97.1' spd 309.3 yaw 227.7 mode 2 st 2 gl 4 hp 56 frg 2
ARGLOG Joe Rogan t  51.4 pos '2238.7 -249.0  24.0' spd 104.6 yaw 266.1 mode 1 st 3 gl 3 hp 5 frg 4
ARGEVT Joe Rogan death Carmack pos '2137.1 -237.8  24.0'
ARGEVT Carmack goal 
ARGLOG Carmack t  51.7 pos '2284.9 -517.7   8.0' spd 335.6 yaw  50.3 mode 0 st 0 gl 4 hp 42 frg 2
ARGEVT Carmack route 2 start '2297.0 -511.0   8.0' goal '2233.0 -223.0  24.0'
ARGLOG Romero t  51.8 pos '2238.4 -202.2 -136.0' spd 332.3 yaw 18 mode 2 st 2 gl 4 hp 56 frg 2
ARGLOG Carmack t  52.2 pos '2325.3 -353.6   8.0' spd 346.0 yaw 140 mode 2 st 0 gl 4 hp 42 frg 2
ARGLOG Romero t  52.3 pos '2200.6 -87.8 -124.9' spd 109.0 yaw 235.3 mode 2 st 2 gl 4 hp 56 frg 2
ARGEVT Carmack hazard
ARGLOG Carmack t  52.8 pos '2198.2 -293.5  24.0' spd 329.8 yaw 128 mode 1 st 0 gl 4 hp 42 frg 2
ARGLOG Romero t  52.9 pos '2228.3 -152.3 -136.0' spd 321.6 yaw 277 mode 2 st 2 gl 4 hp 56 frg 2
ARGEVT Romero hazard
ARGEVT Carmack goal item_health
ARGEVT Joe Rogan respawn
ARGEVT Joe Rogan goal item_armorInv
ARGLOG Joe Rogan t  53.3 pos '2176.0 -2176.0  84.0' spd 0 yaw  73.4 mode 0 st 3 gl 3 hp 100 frg 4
ARGLOG Carmack t  53.3 pos '2197.8 -179.2  24.0' spd 406.8 yaw 314.5 mode 1 st 0 gl 5 hp 42 frg 2
ARGEVT Joe Rogan hazard
ARGLOG Romero t  53.4 pos '2279.1 -207.9 -136.0' spd 177.1 yaw 21 mode 2 st 2 gl 4 hp 56 frg 2
ARGEVT Joe Rogan routefail
ARGEVT Joe Rogan goal item_health
ARGEVT Carmack hazard
ARGEVT Joe Rogan routefail
ARGEVT Joe Rogan goal weapon_rocketlauncher
ARGLOG Joe Rogan t  53.8 pos '2223.7 -2029.4  88.0' spd 321.4 yaw 113.9 mode 0 st 3 gl 3 hp 100 frg 4
ARGLOG Carmack t  53.8 pos '2216.4 -246.5  24.0' spd 334.5 yaw 149.3 mode 1 st 0 gl 5 hp 42 frg 2
ARGEVT Joe Rogan route 23 start '2137.0 -2015.0  88.0' goal '1465.0 -703.0 184.0'
ARGLOG Romero t  53.9 pos '2288.0 -104.9 -136.0' spd 145.6 yaw 271.9 mode 2 st 2 gl 4 hp 56 frg 2
ARGEVT Romero hazard
ARGLOG Joe Rogan t  54.3 pos '2143.1 -1875.6  24.0' spd 357.4 yaw 54 mode 2 st 3 gl 3 hp 100 frg 4
ARGLOG Carmack t  54.3 pos '2090.4 -134.3  24.0' spd 336.6 yaw  99.7 mode 1 st 0 gl 5 hp 42 frg 2
ARGLOG Romero t  54.4 pos '2264.7 -213.6 -136.0' spd  80.6 yaw 21 mode 2 st 2 gl 4 hp 56 frg 2
ARGEVT Joe Rogan hazard
ARGLOG Joe Rogan t  54.8 pos '2270.9 -1825.0  24.0' spd 331.2 yaw 70 mode 2 st 3 gl 3 hp 100 frg 4
ARGEVT Carmack goal item_health
ARGLOG Carmack t  54.8 pos '1978.2  -9.3  24.0' spd 341.6 yaw 199.6 mode 0 st 0 gl 6 hp 67 frg 2
ARGEVT Carmack routefail
ARGLOG Romero t  54.9 pos '2288.0 -95.4 -136.0' spd 379.8 yaw 5 mode 2 st 2 gl 4 hp 56 frg 2
ARGEVT Romero jump
ARGEVT Carmack goal item_health
ARGEVT Carmack route 9 start '1913.0 -63.0  24.0' goal '2073.0 -991.0 344.0'
ARGEVT Romero route 15 start '2361.0 -63.0 -88.0' goal '2521.0 -223.0 120.0'
ARGLOG Joe Rogan t  55.3 pos '2436.7 -1866.6  24.0' spd 393.8 yaw 99 mode 2 st 3 gl 3 hp 100 frg 4
ARGLOG Carmack t  55.3 pos '1936.4 -124.7  24.0' spd 386.0 yaw 8 mode 2 st 0 gl 6 hp 67 frg 2
ARGLOG Romero t  55.4 pos '2360.0  14.0 -88.0' spd 163.2 yaw 354 mode 2 st 2 gl 4 hp 56 frg 2
ARGLOG Joe Rogan t  55.9 pos '2468.5 -1692.2  24.0' spd 334.7 yaw 110 mode 2 st 3 gl 3 hp 100 frg 4
ARGLOG Carmack t  55.9 pos '2110.5 -143.0  24.0' spd 321.1 yaw 13 mode 2 st 0 gl 6 hp 67 frg 2
ARGLOG Romero t  56.0 pos '2519.0 -25.7 -64.0' spd 320.0 yaw 357 mode 2 st 2 gl 4 hp 56 frg 2
ARGLOG Joe Rogan t  56.4 pos '2391.6 -1542.1  24.0' spd 322.7 yaw 74 mode 2 st 3 gl 3 hp 100 frg 4
ARGLOG Carmack t  56.4 pos '2270.3 -97.5  24.0' spd 320.1 yaw 10 mode 2 st 0 gl 6 hp 67 frg 2
ARGLOG Romero t  56.5 pos '2681.9 -61.5 -72.0' spd 323.3 yaw 213 mode 2 st 2 gl 4 hp 56 frg 2
ARGEVT Carmack jump
ARGLOG Joe Rogan t  56.9 pos '2403.1 -1375.4  24.0' spd 329.2 yaw 76 mode 2 st 3 gl 3 hp 100 frg 4
ARGLOG Carmack t  56.9 pos '2297.9 -42.4  58.9' spd 118.8 yaw 353 mode 2 st 0 gl 6 hp 67 frg 2
ARGLOG Romero t  57.0 pos '2846.7 -57.4 -72.0' spd 320.6 yaw 210 mode 2 st 2 gl 4 hp 56 frg 2
ARGEVT Romero route 13 start '1401.0 -1055.0 344.0' goal '2521.0 -223.0 120.0'
ARGEVT Carmack jump
ARGLOG Joe Rogan t  57.4 pos '2463.0 -1238.9  24.0' spd 324.3 yaw 80 mode 2 st 3 gl 3 hp 100 frg 4
ARGLOG Carmack t  57.4 pos '2384.0 -62.2  93.8' spd 102.8 yaw 0 mode 2 st 0 gl 6 hp 67 frg 2
ARGEVT Romero hazard
ARGLOG Romero t  57.5 pos '1419.2 -976.0 344.0' spd  27.0 yaw 109 mode 2 st 2 gl 4 hp 56 frg 2
ARGLOG Joe Rogan t  57.9 pos '2468.2 -1073.8  24.0' spd 320.4 yaw 73 mode 2 st 3 gl 3 hp 100 frg 4
ARGLOG Carmack t  57.9 pos '2415.2 -77.4  88.0' spd 193.4 yaw 3 mode 2 st 0 gl 6 hp 67 frg 2
ARGLOG Romero t  58.0 pos '1313.6 -853.8 344.0' spd 349.7 yaw 96 mode 2 st 2 gl 4 hp 56 frg 2
ARGEVT Joe Rogan lift
ARGLOG Joe Rogan t  58.4 pos '2479.7 -912.0  85.9' spd   0.6 yaw 119 mode 2 st 3 gl 3 hp 100 frg 4
ARGLOG Carmack t  58.4 pos '2579.5 -64.8 120.0' spd 320.1 yaw 3 mode 2 st 0 gl 6 hp 67 frg 2
ARGEVT Joe Rogan door
ARGLOG Romero t  58.5 pos '1307.5 -668.1 341.9' spd 325.2 yaw 33 mode 2 st 2 gl 4 hp 56 frg 2
ARGLOG Joe Rogan t  59.0 pos '2516.4 -912.0 120.0' spd 0 yaw 267 mode 2 st 3 gl 3 hp 100 frg 4
ARGLOG Carmack t  59.0 pos '2640.0 -60.2 120.0' spd   5.7 yaw 214 mode 2 st 0 gl 6 hp 67 frg 2
ARGLOG Romero t  59.1 pos '1308.2 -499.4 201.8' spd 325.2 yaw 350 mode 2 st 2 gl 4 hp 56 frg 2
ARGEVT Joe Rogan door
ARGLOG Joe Rogan t  59.5 pos '2513.7 -919.9 120.0' spd 163.2 yaw 125 mode 2 st 3 gl 3 hp 100 frg 4
ARGLOG Carmack t  59.5 pos '2640.0 -57.3 120.0' spd   5.7 yaw 214 mode 2 st 0 gl 6 hp 67 frg 2
ARGLOG Romero t  59.6 pos '1435.5 -400.0 184.0' spd 383.0 yaw 329 mode 2 st 2 gl 4 hp 56 frg 2
ARGEVT Carmack stall
ARGEVT Carmack stallnode '2905.0 -47.0 -72.0'
ARGEVT Carmack jump
ARGEVT Joe Rogan hazard
ARGEVT Romero hazard
ARGEVT Carmack route 6 start '2585.0   1.0 120.0' goal '2073.0 -991.0 344.0'
ARGLOG Joe Rogan t  60.0 pos '2448.0 -987.3 120.0' spd 260.1 yaw 107 mode 2 st 3 gl 3 hp 100 frg 4
ARGLOG Carmack t  60.0 pos '2640.0 -65.6 154.8' spd  32.7 yaw 229.8 mode 2 st 1 gl 6 hp 67 frg 2
ARGLOG Romero t  60.1 pos '1565.3 -397.4 184.0' spd 161.1 yaw 312 mode 2 st 2 gl 4 hp 56 frg 2
ARGLOG Joe Rogan t  60.5 pos '2418.2 -816.0 120.0' spd 206.3 yaw 95 mode 2 st 3 gl 3 hp 100 frg 4
ARGLOG Carmack t  60.5 pos '2582.2 -20.2 120.0' spd 361.0 yaw 356 mode 2 st 1 gl 6 hp 67 frg 2
ARGLOG Romero t  60.6 pos '1628.5 -393.7 184.0' spd 248.2 yaw 298 mode 2 st 2 gl 4 hp 56 frg 2
ARGEVT Joe Rogan abandon
ARGLOG Joe Rogan t  61.0 pos '2352.0 -742.6  56.0' spd 158.4 yaw 228 mode 0 st 3 gl 3 hp 100 frg 4
ARGEVT Joe Rogan hazard
ARGLOG Carmack t  61.0 pos '2640.0 -22.8 120.0' spd 322.4 yaw 215 mode 2 st 1 gl 6 hp 67 frg 2
ARGEVT Romero hazard
ARGEVT Joe Rogan goal item_armorInv
ARGLOG Romero t  61.1 pos '1498.9 -395.8 184.0' spd 295.2 yaw 322 mode 2 st 2 gl 4 hp 56 frg 2
ARGEVT Carmack hazard
ARGEVT Joe Rogan goal item_artifact_super_damage
ARGEVT Joe Rogan routefail
ARGEVT Joe Rogan goal item_rockets
ARGLOG Joe Rogan t  61.5 pos '2387.0 -616.9  56.0' spd 394.3 yaw 165.2 mode 0 st 3 gl 4 hp 100 frg 4
ARGLOG Carmack t  61.5 pos '2632.7 -144.9 120.0' spd 124.6 yaw 211 mode 2 st 1 gl 6 hp 67 frg 2
ARGEVT Joe Rogan route 12 start '2361.0 -703.0  56.0' goal '2073.0 -991.0 344.0'
ARGLOG Romero t  61.6 pos '1418.6 -385.8 184.0' spd 125.8 yaw 328 mode 2 st 2 gl 4 hp 56 frg 2
ARGLOG Joe Rogan t  62.1 pos '2352.0 -732.3  56.0' spd 279.8 yaw 93 mode 2 st 3 gl 4 hp 100 frg 4
ARGEVT Joe Rogan hazard
ARGLOG Carmack t  62.1 pos '2640.0 -231.2 120.0' spd 141.4 yaw 209 mode 2 st 1 gl 6 hp 67 frg 2
ARGLOG Romero t  62.2 pos '1524.7 -398.4 184.0' spd 228.4 yaw 319 mode 2 st 2 gl 4 hp 56 frg 2
ARGEVT Romero hazard
ARGEVT Carmack hazard
ARGEVT Carmack route 7 start '2553.0 -351.0 147.0' goal '2073.0 -991.0 344.0'
ARGLOG Joe Rogan t  62.6 pos '2362.4 -659.8  56.0' spd 321.4 yaw 96 mode 2 st 3 gl 4 hp 100 frg 4
ARGLOG Carmack t  62.6 pos '2640.0 -328.7 120.0' spd 333.6 yaw 88 mode 2 st 1 gl 6 hp 67 frg 2
ARGLOG Romero t  62.7 pos '1602.9 -385.6 184.0' spd 109.0 yaw 302 mode 2 st 2 gl 4 hp 56 frg 2
ARGEVT Joe Rogan engage Carmack
ARGEVT Carmack engage Joe Rogan
ARGLOG Joe Rogan t  63.1 pos '2362.8 -476.4  43.4' spd 323.8 yaw   7.3 mode 2 st 3 gl 4 hp 100 frg 4
ARGLOG Carmack t  63.1 pos '2638.9 -389.0 120.0' spd 145.1 yaw 184.0 mode 2 st 1 gl 6 hp 67 frg 2
ARGLOG Romero t  63.2 pos '1577.8 -400.0 184.0' spd 333.9 yaw 310 mode 2 st 2 gl 4 hp 56 frg 2
ARGEVT Romero hazard
ARGEVT Joe Rogan pursue
ARGEVT Carmack pursue
ARGEVT Carmack route 8 start '2553.0 -511.0 147.0' goal '2073.0 -991.0 344.0'
ARGLOG Joe Rogan t  63.6 pos '2399.6 -338.0   8.0' spd 345.3 yaw 350 mode 2 st 3 gl 4 hp 100 frg 4
ARGLOG Carmack t  63.6 pos '2601.1 -537.3 120.0' spd 361.8 yaw 169 mode 2 st 1 gl 6 hp 35 frg 2
ARGEVT Carmack hazard
ARGLOG Romero t  63.7 pos '1438.1 -394.5 184.0' spd 240.5 yaw 328 mode 2 st 2 gl 4 hp 56 frg 2
ARGEVT Joe Rogan route 11 start '2489.0 -319.0   8.0' goal '2073.0 -991.0 344.0'
ARGLOG Joe Rogan t  64.1 pos '2566.6 -350.0  24.0' spd 322.5 yaw 321.4 mode 2 st 3 gl 4 hp 100 frg 4
ARGLOG Carmack t  64.1 pos '2560.0 -464.1 120.0' spd  11.9 yaw 189 mode 2 st 1 gl 6 hp 35 frg 2
ARGLOG Romero t  64.2 pos '1465.3 -400.0 184.0' spd 274.6 yaw 326 mode 2 st 2 gl 4 hp 56 frg 2
ARGEVT Joe Rogan hazard
ARGEVT Romero hazard
ARGLOG Joe Rogan t  64.6 pos '2588.1 -376.4  24.0' spd 335.4 yaw 174 mode 2 st 3 gl 4 hp 100 frg 4
ARGLOG Carmack t  64.6 pos '2560.0 -479.4 120.0' spd  15.5 yaw 185 mode 2 st 1 gl 6 hp 35 frg 2
ARGLOG Romero t  64.7 pos '1586.1 -400.0 184.0' spd 153.7 yaw 308 mode 2 st 2 gl 4 hp 56 frg 2
ARGLOG Joe Rogan t  65.2 pos '2469.1 -304.4   8.0' spd 146.0 yaw  23.6 mode 2 st 3 gl 4 hp 100 frg 4
ARGLOG Carmack t  65.2 pos '2560.0 -484.9 120.0' spd   8.7 yaw 183 mode 2 st 1 gl 6 hp 35 frg 2
ARGLOG Romero t  65.3 pos '1653.2 -400.0 184.0' spd 118.3 yaw 292 mode 2 st 2 gl 4 hp 56 frg 2
ARGEVT Romero hazard
ARGLOG Joe Rogan t  65.7 pos '2623.1 -364.2  24.0' spd 385.3 yaw 251.4 mode 2 st 3 gl 4 hp 100 frg 4
ARGLOG Carmack t  65.7 pos '2560.0 -480.0 120.0' spd 107.7 yaw 132.1 mode 2 st 1 gl 6 hp 35 frg 2
ARGEVT Joe Rogan hazard
ARGLOG Romero t  65.8 pos '1588.9 -400.0 184.0' spd 377.2 yaw 308 mode 2 st 2 gl 4 hp 56 frg 2
ARGLOG Joe Rogan t  66.2 pos '2471.6 -377.9   8.0' spd 324.5 yaw 203.0 mode 2 st 3 gl 4 hp 100 frg 4
ARGLOG Carmack t  66.2 pos '2563.6 -318.9 120.0' spd 323.0 yaw 71 mode 2 st 1 gl 6 hp 35 frg 2
ARGLOG Romero t  66.3 pos '1441.2 -400.0 184.0' spd 176.6 yaw 328 mode 2 st 2 gl 4 hp 56 frg 2
ARGEVT Romero hazard
ARGLOG Joe Rogan t  66.7 pos '2302.4 -390.6   8.0' spd 323.5 yaw 114 mode 2 st 3 gl 4 hp 100 frg 4
ARGLOG Carmack t  66.7 pos '2621.7 -163.6 120.0' spd 321.3 yaw 22 mode 2 st 1 gl 6 hp 60 frg 2
ARGLOG Romero t  66.8 pos '1371.2 -400.0 184.0' spd 121.1 yaw 334 mode 2 st 2 gl 4 hp 56 frg 2
ARGEVT Carmack engage Joe Rogan
ARGEVT Joe Rogan engage Carmack
ARGLOG Joe Rogan t  67.2 pos '2174.9 -283.4  24.0' spd 320.2 yaw  50.7 mode 2 st 3 gl 4 hp 100 frg 4
ARGLOG Carmack t  67.2 pos '2596.3  -2.7 120.0' spd 324.6 yaw 208.1 mode 2 st 1 gl 6 hp 60 frg 2
ARGLOG Romero t  67.3 pos '1502.3 -400.0 184.0' spd 260.0 yaw 322 mode 2 st 2 gl 4 hp 56 frg 2
ARGEVT Romero hazard
ARGLOG Joe Rogan t  67.7 pos '2283.7 -360.1   8.0' spd 364.3 yaw  39.8 mode 2 st 3 gl 4 hp 95 frg 4
ARGLOG Carmack t  67.7 pos '2633.3 -64.4 120.0' spd 148.1 yaw 240.6 mode 2 st 1 gl 6 hp 28 frg 2
ARGLOG Romero t  67.8 pos '1634.3 -400.0 184.0' spd 340.8 yaw 349.5 mode 2 st 2 gl 4 hp 56 frg 2
ARGEVT Joe Rogan route 10 start '2329.0 -351.0   8.0' goal '2073.0 -991.0 344.0'
ARGEVT Carmack route 6 start '2585.0   1.0 120.0' goal '2073.0 -991.0 344.0'
ARGEVT Carmack pursue
ARGEVT Joe Rogan pursue
ARGLOG Joe Rogan t  68.3 pos '2408.4 -476.6   8.0' spd 334.3 yaw  81.6 mode 2 st 3 gl 4 hp 95 frg 4
ARGLOG Carmack t  68.3 pos '2481.9 -34.0 120.0' spd 363.7 yaw 241 mode 2 st 1 gl 6 hp 28 frg 2
ARGLOG Romero t  68.4 pos '1799.4 -389.9 184.0' spd 320.0 yaw 7 mode 2 st 2 gl 4 hp 56 frg 2
ARGEVT Romero hazard
ARGEVT Romero route 10 start '1785.0 -383.0 184.0' goal '2521.0 -223.0 120.0'
ARGLOG Joe Rogan t  68.8 pos '2525.8 -357.6  24.0' spd 322.7 yaw 119.2 mode 0 st 3 gl 4 hp 95 frg 4
ARGEVT Romero abandon
ARGEVT Romero goal item_health
ARGLOG Carmack t  68.8 pos '2349.7 -71.4  72.6' spd 117.7 yaw 323.5 mode 2 st 1 gl 6 hp 28 frg 2
ARGEVT Joe Rogan route 11 start '2489.0 -319.0   8.0' goal '2073.0 -991.0 344.0'
ARGLOG Romero t  68.9 pos '1816.3 -336.0 184.0' spd 192.0 yaw  40.6 mode 0 st 2 gl 4 hp 56 frg 2
ARGEVT Carmack pursue
ARGEVT Romero route 4 start '1785.0 -383.0 184.0' goal '2041.0 -559.0 104.0'
ARGLOG Joe Rogan t  69.3 pos '2552.0 -313.4  24.0' spd 320.8 yaw 190 mode 2 st 3 gl 4 hp 90 frg 4
ARGLOG Carmack t  69.3 pos '2448.0 -80.0 104.0' spd 197.9 yaw 278 mode 2 st 1 gl 6 hp 28 frg 2
ARGLOG Romero t  69.4 pos '1871.4 -418.3 184.0' spd 324.3 yaw 229 mode 2 st 2 gl 4 hp 56 frg 2
ARGEVT Joe Rogan pursue
ARGEVT Joe Rogan weapon sg
ARGLOG Joe Rogan t  69.8 pos '2386.5 -324.0   8.0' spd 328.9 yaw  76.7 mode 2 st 3 gl 4 hp 90 frg 4
ARGLOG Carmack t  69.8 pos '2448.0 -80.0 104.0' spd 0 yaw 234.2 mode 2 st 1 gl 6 hp 28 frg 2
ARGLOG Romero t  69.9 pos '1826.2 -560.0 107.3' spd  30.0 yaw  13.6 mode 1 st 2 gl 4 hp 56 frg 2
ARGLOG Joe Rogan t  70.3 pos '2413.5 -325.4   8.0' spd 323.0 yaw  81.7 mode 2 st 3 gl 4 hp 90 frg 4
ARGLOG Carmack t  70.3 pos '2448.0 -80.0 104.0' spd 0 yaw 284.7 mode 2 st 1 gl 6 hp 28 frg 2
ARGLOG Romero t  70.4 pos '1917.8 -529.1  88.0' spd 320.0 yaw  37.3 mode 1 st 2 gl 4 hp 56 frg 2
ARGEVT Romero goal weapon_grenadelauncher
ARGEVT Romero route 12 start '1913.0 -543.0  88.0' goal '2073.0 -991.0 344.0'
ARGLOG Joe Rogan t  70.8 pos '2578.5 -311.9  24.0' spd 321.0 yaw  99.9 mode 0 st 3 gl 4 hp 90 frg 4
ARGLOG Carmack t  70.8 pos '2537.5 -75.6 120.0' spd 320.0 yaw  20.6 mode 2 st 1 gl 6 hp 28 frg 2
ARGEVT Romero hazard
ARGEVT Carmack pursue
ARGEVT Joe Rogan route 11 start '2617.0 -383.0  24.0' goal '2073.0 -991.0 344.0'
ARGLOG Romero t  70.9 pos '2063.9 -487.3 104.0' spd 347.9 yaw 96 mode 2 st 2 gl 5 hp 100 frg 2
ARGEVT Joe Rogan hazard
ARGEVT Joe Rogan pursue
ARGLOG Joe Rogan t  71.3 pos '2636.0 -371.2  24.0' spd 257.6 yaw  52.3 mode 2 st 3 gl 4 hp 90 frg 4
ARGLOG Carmack t  71.3 pos '2633.5 -154.4 120.0' spd 349.1 yaw 226 mode 2 st 1 gl 6 hp 28 frg 2
ARGLOG Romero t  71.4 pos '2064.0 -475.4 104.0' spd 320.9 yaw 94 mode 2 st 2 gl 5 hp 100 frg 2
ARGEVT Carmack hazard
ARGLOG Joe Rogan t  71.9 pos '2539.0 -305.5  24.0' spd 323.8 yaw 193 mode 2 st 3 gl 4 hp 90 frg 4
ARGLOG Carmack t  71.9 pos '2538.9 -207.3 120.0' spd 342.8 yaw 168.4 mode 2 st 1 gl 6 hp 43 frg 2
ARGLOG Romero t  72.0 pos '2049.8 -310.6  72.0' spd 321.1 yaw 61 mode 2 st 2 gl 5 hp 100 frg 2
ARGEVT Romero engage Carmack
ARGEVT Joe Rogan hazard
ARGLOG Joe Rogan t  72.4 pos '2455.6 -309.4   8.0' spd 192.9 yaw 115.4 mode 2 st 3 gl 4 hp 90 frg 4
ARGLOG Carmack t  72.4 pos '2361.3 -94.3  72.0' spd 356.1 yaw 272.7 mode 2 st 1 gl 6 hp 18 frg 2
ARGLOG Romero t  72.5 pos '2036.5 -145.3  24.0' spd 320.0 yaw  12.8 mode 2 st 2 gl 5 hp 100 frg 2
ARGLOG Joe Rogan t  72.9 pos '2346.7 -322.0   8.0' spd 233.4 yaw  54.7 mode 2 st 3 gl 4 hp 90 frg 4
ARGLOG Carmack t  72.9 pos '2524.5 -53.0 120.0' spd 341.5 yaw 255.7 mode 2 st 1 gl 6 hp 2 frg 2
ARGEVT Carmack death Carmack pos '2540.5 -59.7 120.0'
ARGLOG Romero t 73 pos '2044.2 -12.3  24.0' spd 127.2 yaw 309.3 mode 2 st 2 gl 5 hp 100 frg 2
ARGEVT Joe Rogan hazard
ARGLOG Joe Rogan t  73.4 pos '2459.4 -304.0   8.0' spd 239.5 yaw 144 mode 2 st 3 gl 4 hp 90 frg 4
ARGLOG Romero t  73.5 pos '2195.6 -73.9  24.0' spd 323.9 yaw 3 mode 2 st 2 gl 5 hp 100 frg 2
ARGEVT Romero jump
ARGLOG Joe Rogan t  73.9 pos '2374.5 -304.0   8.0' spd  35.8 yaw 59 mode 2 st 3 gl 4 hp 90 frg 4
ARGEVT Joe Rogan engage Romero
ARGEVT Romero engage Joe Rogan
ARGLOG Romero t  74.0 pos '2353.5 -76.2  74.5' spd 168.8 yaw 291.7 mode 2 st 2 gl 5 hp 100 frg 2
ARGLOG Joe Rogan t  74.4 pos '2374.6 -304.0   8.0' spd 326.2 yaw  74.7 mode 2 st 3 gl 4 hp 90 frg 4
ARGEVT Carmack respawn
ARGEVT Carmack goal weapon_nailgun
ARGLOG Carmack t  74.5 pos '2576.0 -1328.0  24.0' spd 0 yaw 253.7 mode 0 st 1 gl 6 hp 100 frg 1
ARGEVT Joe Rogan pursue
ARGEVT Joe Rogan hazard
ARGEVT Romero pursue
ARGLOG Romero t  74.5 pos '2416.0 -101.7  88.0' spd 124.5 yaw 267 mode 2 st 2 gl 5 hp 100 frg 2
ARGEVT Carmack route 11 start '2585.0 -1375.0  24.0' goal '2521.0 -191.0  32.0'
ARGLOG Joe Rogan t  75.0 pos '2368.4 -304.0   8.0' spd   2.8 yaw 89 mode 2 st 3 gl 4 hp 89 frg 4
ARGLOG Carmack t  75.0 pos '2433.8 -1379.5  24.0' spd 419.6 yaw 86 mode 2 st 1 gl 6 hp 100 frg 1
ARGLOG Romero t  75.1 pos '2416.8 -240.0  24.0' spd  75.7 yaw 314.0 mode 2 st 2 gl 5 hp 100 frg 2
ARGEVT Carmack goal item_armorInv
ARGEVT Carmack routefail
ARGLOG Joe Rogan t  75.5 pos '2369.9 -304.0   8.0' spd   2.9 yaw 89 mode 2 st 3 gl 4 hp 89 frg 4
ARGEVT Carmack goal 
ARGLOG Carmack t  75.5 pos '2403.7 -1336.5  24.0' spd 341.7 yaw 307.2 mode 0 st 1 gl 6 hp 100 frg 1
ARGLOG Romero t  75.6 pos '2520.3 -239.5  32.0' spd 163.2 yaw  19.9 mode 2 st 2 gl 5 hp 100 frg 2
ARGEVT Carmack route 12 start '2457.0 -1311.0  24.0' goal '2633.0 -143.0 120.0'
ARGLOG Joe Rogan t  76.0 pos '2370.5 -304.0   8.0' spd 0 yaw 90 mode 2 st 3 gl 4 hp 89 frg 4
ARGLOG Carmack t  76.0 pos '2562.8 -1345.6  24.0' spd 421.5 yaw 106 mode 2 st 1 gl 6 hp 100 frg 1
ARGLOG Romero t  76.1 pos '2538.1 -144.0  32.0' spd 321.1 yaw 184.4 mode 2 st 2 gl 5 hp 100 frg 2
ARGEVT Carmack hazard
ARGLOG Joe Rogan t  76.5 pos '2370.5 -304.0   8.0' spd 0 yaw 90 mode 2 st 3 gl 4 hp 89 frg 4
ARGLOG Carmack t  76.6 pos '2468.8 -1208.5  24.0' spd 343.4 yaw 80 mode 2 st 1 gl 6 hp 100 frg 1
ARGLOG Romero t  76.6 pos '2403.3 -240.0  24.0' spd 124.5 yaw 293.6 mode 2 st 2 gl 5 hp 100 frg 2
ARGEVT Joe Rogan hazard
ARGLOG Joe Rogan t  77.0 pos '2286.4 -306.7   8.0' spd 328.5 yaw 201 mode 2 st 3 gl 4 hp 89 frg 4
ARGLOG Carmack t  77.1 pos '2451.2 -1042.4  24.0' spd 320.3 yaw 64 mode 2 st 1 gl 6 hp 100 frg 1
ARGLOG Romero t  77.1 pos '2532.9 -203.0  32.0' spd 391.5 yaw  99.4 mode 2 st 2 gl 5 hp 100 frg 2
ARGEVT Carmack lift
ARGEVT Romero hazard
ARGEVT Romero engage Joe Rogan
ARGEVT Joe Rogan engage Romero
ARGEVT Carmack door
ARGLOG Joe Rogan t  77.5 pos '2159.4 -297.1  24.0' spd 231.2 yaw   5.9 mode 2 st 3 gl 4 hp 89 frg 4
ARGLOG Carmack t  77.6 pos '2493.0 -912.0 101.5' spd 0 yaw 339.7 mode 2 st 1 gl 6 hp 100 frg 1
ARGLOG Romero t  77.6 pos '2525.6 -229.9  32.0' spd 136.2 yaw 216.8 mode 2 st 2 gl 5 hp 100 frg 2
ARGEVT Joe Rogan pursue
ARGEVT Romero pursue
ARGLOG Joe Rogan t  78.1 pos '2259.8 -393.0   8.0' spd 349.8 yaw 38 mode 2 st 3 gl 4 hp 89 frg 4
ARGLOG Carmack t  78.1 pos '2493.0 -912.0 120.0' spd 0 yaw 307.1 mode 2 st 1 gl 6 hp 100 frg 1
ARGLOG Romero t  78.2 pos '2385.2 -169.4  24.0' spd 320.0 yaw 265.6 mode 2 st 2 gl 5 hp 100 frg 2
ARGLOG Joe Rogan t  78.6 pos '2418.2 -326.9   8.0' spd 328.7 yaw  79.9 mode 0 st 3 gl 4 hp 89 frg 4
ARGLOG Carmack t  78.6 pos '2493.0 -912.0 120.0' spd 0 yaw 307.1 mode 2 st 1 gl 6 hp 100 frg 1
ARGLOG Romero t  78.7 pos '2479.6 -183.4  24.0' spd 320.5 yaw 286.1 mode 2 st 2 gl 5 hp 96 frg 2
ARGEVT Joe Rogan route 11 start '2489.0 -319.0   8.0' goal '2073.0 -991.0 344.0'
ARGEVT Romero pursue
ARGEVT Joe Rogan pursue
ARGLOG Joe Rogan t  79.1 pos '2585.3 -323.4  24.0' spd 346.4 yaw 342.4 mode 2 st 3 gl 4 hp 89 frg 4
ARGLOG Carmack t  79.1 pos '2493.0 -912.0  65.6' spd 0 yaw 290.8 mode 2 st 1 gl 6 hp 100 frg 1
ARGLOG Romero t  79.2 pos '2557.2 -238.8  32.0' spd 358.2 yaw 202.7 mode 2 st 2 gl 5 hp 96 frg 2
ARGEVT Romero hazard
ARGEVT Joe Rogan hazard
ARGLOG Joe Rogan t  79.6 pos '2566.8 -304.0  24.0' spd 337.0 yaw 147.5 mode 2 st 3 gl 4 hp 89 frg 4
ARGLOG Carmack t  79.7 pos '2493.0 -912.0  70.9' spd 0 yaw 271 mode 2 st 1 gl 6 hp 100 frg 1
ARGLOG Romero t  79.7 pos '2385.3 -240.0  24.0' spd 322.7 yaw 268.6 mode 2 st 2 gl 5 hp 96 frg 2
ARGLOG Joe Rogan t  80.1 pos '2398.4 -317.2   8.0' spd 336.3 yaw 124.8 mode 2 st 3 gl 4 hp 89 frg 4
ARGLOG Carmack t  80.2 pos '2493.0 -912.0 120.0' spd 0 yaw 271 mode 2 st 1 gl 6 hp 100 frg 1
ARGLOG Romero t  80.2 pos '2415.8 -191.1  24.0' spd 290.2 yaw 256.8 mode 2 st 2 gl 5 hp 96 frg 2
ARGLOG Joe Rogan t  80.6 pos '2470.0 -413.4   8.0' spd 323.6 yaw  68.0 mode 2 st 3 gl 4 hp 89 frg 4
ARGLOG Carmack t  80.7 pos '2493.0 -912.0 120.0' spd 0 yaw 271 mode 2 st 1 gl 6 hp 100 frg 1
ARGEVT Romero pursue
ARGLOG Romero t  80.7 pos '2549.9 -212.7  32.0' spd 109.1 yaw 242.5 mode 2 st 2 gl 5 hp 96 frg 2
ARGEVT Joe Rogan pursue
ARGLOG Joe Rogan t  81.2 pos '2474.1 -317.0   8.0' spd  94.9 yaw 118.6 mode 2 st 3 gl 4 hp 89 frg 4
ARGLOG Carmack t  81.2 pos '2493.0 -912.0  96.8' spd 0 yaw 271 mode 2 st 1 gl 6 hp 100 frg 1
ARGLOG Romero t  81.3 pos '2394.8 -240.0  24.0' spd 367.7 yaw 270 mode 2 st 2 gl 5 hp 92 frg 2
ARGEVT Joe Rogan pursue
ARGEVT Joe Rogan abandon
ARGEVT Joe Rogan goal item_rockets
ARGEVT Joe Rogan route 8 start '2425.0 -447.0   8.0' goal '2233.0 -31.0 -136.0'
ARGLOG Joe Rogan t  81.7 pos '2421.7 -379.8   8.0' spd 295.2 yaw 78 mode 2 st 3 gl 4 hp 89 frg 4
ARGLOG Carmack t  81.7 pos '2493.0 -912.0  39.7' spd 0 yaw 271 mode 2 st 1 gl 6 hp 100 frg 1
ARGLOG Romero t  81.8 pos '2375.8 -240.0  24.0' spd  99.1 yaw 278 mode 2 st 2 gl 5 hp 92 frg 2
ARGEVT Joe Rogan hazard
ARGLOG Joe Rogan t  82.2 pos '2377.8 -344.2   8.0' spd 328.6 yaw  78.9 mode 2 st 3 gl 4 hp 89 frg 4
ARGLOG Carmack t  82.2 pos '2493.0 -912.0 117.2' spd 0 yaw 271 mode 2 st 1 gl 6 hp 100 frg 1
ARGLOG Romero t  82.3 pos '2397.0 -240.0  24.0' spd   2.9 yaw 269 mode 2 st 2 gl 5 hp 92 frg 2
ARGEVT Joe Rogan pursue
ARGLOG Joe Rogan t  82.7 pos '2311.1 -311.3   8.0' spd 388.5 yaw  39.3 mode 2 st 3 gl 4 hp 89 frg 4
ARGLOG Carmack t  82.7 pos '2493.0 -912.0 120.0' spd 0 yaw 271 mode 2 st 1 gl 6 hp 100 frg 1
ARGLOG Romero t  82.8 pos '2413.8 -191.1  24.0' spd 339.2 yaw 237.3 mode 2 st 2 gl 5 hp 91 frg 2
ARGEVT Joe Rogan pursue
ARGLOG Joe Rogan t  83.2 pos '2408.8 -339.2   8.0' spd 329.6 yaw 122.2 mode 2 st 3 gl 4 hp 89 frg 4
ARGLOG Carmack t  83.3 pos '2493.0 -912.0 120.0' spd 0 yaw 271 mode 2 st 1 gl 6 hp 100 frg 1
ARGLOG Romero t  83.3 pos '2260.3 -167.3  24.0' spd 364.2 yaw 329.0 mode 2 st 2 gl 5 hp 88 frg 2
ARGEVT Romero weapon sg
ARGLOG Joe Rogan t  83.7 pos '2384.1 -401.0   8.0' spd 320.1 yaw 149.0 mode 2 st 3 gl 4 hp 89 frg 4
ARGLOG Carmack t  83.8 pos '2493.0 -912.0  50.3' spd 0 yaw 271 mode 2 st 1 gl 6 hp 100 frg 1
ARGLOG Romero t  83.8 pos '2136.4 -291.6  24.0' spd 342.5 yaw 323.0 mode 0 st 2 gl 5 hp 79 frg 2
ARGEVT Romero route 9 start '2169.0 -351.0  24.0' goal '2073.0 -991.0 344.0'
ARGLOG Joe Rogan t  84.2 pos '2401.5 -377.6   8.0' spd 322.0 yaw 142.5 mode 2 st 3 gl 4 hp 84 frg 4
ARGLOG Carmack t  84.3 pos '2493.0 -912.0  86.3' spd 0 yaw 271 mode 2 st 1 gl 6 hp 100 frg 1
ARGLOG Romero t  84.3 pos '2215.3 -216.1  24.0' spd 328.5 yaw 331.5 mode 2 st 2 gl 5 hp 70 frg 2
ARGLOG Joe Rogan t  84.8 pos '2371.1 -344.8   8.0' spd 321.2 yaw 119.2 mode 2 st 3 gl 4 hp 84 frg 4
ARGLOG Carmack t  84.8 pos '2493.0 -912.0 120.0' spd 0 yaw 271 mode 2 st 1 gl 6 hp 100 frg 1
ARGLOG Romero t  84.9 pos '2226.2 -172.7  24.0' spd 320.0 yaw 295.7 mode 2 st 2 gl 5 hp 70 frg 2
ARGLOG Joe Rogan t  85.3 pos '2226.5 -428.4   8.0' spd 324.2 yaw 113.8 mode 2 st 3 gl 4 hp 81 frg 4
ARGLOG Carmack t  85.3 pos '2493.0 -912.0 120.0' spd 0 yaw 271 mode 2 st 1 gl 6 hp 100 frg 1
ARGLOG Romero t  85.4 pos '2176.3 -226.0  24.0' spd 329.0 yaw 266.1 mode 2 st 2 gl 5 hp 61 frg 2
ARGEVT Joe Rogan route 7 start '2137.0 -479.0   8.0' goal '2233.0 -31.0 -136.0'
ARGEVT Carmack abandon
ARGEVT Carmack goal item_armorInv
ARGEVT Carmack route 2 start '2521.0 -895.0 120.0' goal '2361.0 -703.0  56.0'
ARGLOG Joe Rogan t  85.8 pos '2171.9 -496.5   8.0' spd 333.5 yaw  77.3 mode 2 st 3 gl 4 hp 77 frg 4
ARGLOG Carmack t  85.8 pos '2525.6 -823.5 120.0' spd 383.1 yaw 137 mode 2 st 1 gl 6 hp 100 frg 1
ARGLOG Romero t  85.9 pos '2224.5 -209.2  24.0' spd 346.2 yaw 274.2 mode 2 st 2 gl 5 hp 46 frg 2
ARGEVT Carmack door
ARGLOG Joe Rogan t  86.3 pos '2351.6 -512.8   8.0' spd 356.1 yaw 135.7 mode 2 st 3 gl 4 hp 73 frg 4
ARGLOG Carmack t  86.4 pos '2514.9 -787.0 120.0' spd  49.4 yaw 268 mode 2 st 1 gl 6 hp 100 frg 1
ARGLOG Romero t  86.4 pos '2058.5 -247.4  40.0' spd 331.8 yaw 327.0 mode 2 st 2 gl 5 hp 46 frg 2
ARGLOG Joe Rogan t  86.8 pos '2466.0 -387.2   8.0' spd 321.5 yaw 149.2 mode 2 st 3 gl 4 hp 73 frg 4
ARGLOG Carmack t  86.9 pos '2514.9 -787.0 120.0' spd 0 yaw 268 mode 2 st 1 gl 6 hp 100 frg 1
ARGLOG Romero t  86.9 pos '2117.3 -126.3  24.0' spd 328.6 yaw 330.6 mode 2 st 2 gl 5 hp 30 frg 2
ARGEVT Joe Rogan pursue
ARGEVT Romero pursue
ARGLOG Joe Rogan t  87.3 pos '2427.9 -309.9   8.0' spd 321.2 yaw 160 mode 2 st 3 gl 4 hp 73 frg 4
ARGLOG Carmack t  87.4 pos '2514.9 -787.0 120.0' spd 0 yaw 268 mode 2 st 1 gl 6 hp 100 frg 1
ARGLOG Romero t  87.4 pos '2245.1 -103.2  24.0' spd 333.3 yaw 306 mode 2 st 2 gl 5 hp 30 frg 2
ARGLOG Joe Rogan t  87.8 pos '2261.7 -308.2  24.0' spd 351.5 yaw 145 mode 2 st 3 gl 4 hp 73 frg 4
ARGLOG Carmack t  87.9 pos '2514.9 -787.0 120.0' spd 0 yaw 268 mode 2 st 1 gl 6 hp 100 frg 1
ARGLOG Romero t  88.0 pos '2354.6 -228.2  24.0' spd 320.4 yaw 301 mode 2 st 2 gl 5 hp 30 frg 2
ARGLOG Joe Rogan t  88.4 pos '2145.8 -311.2  24.0' spd 366.9 yaw  20.0 mode 2 st 3 gl 4 hp 70 frg 4
ARGLOG Carmack t  88.4 pos '2514.9 -787.0 120.0' spd 0 yaw 268 mode 2 st 1 gl 6 hp 100 frg 1
ARGLOG Romero t  88.5 pos '2432.2 -240.0  24.0' spd 105.8 yaw 204.8 mode 2 st 2 gl 5 hp 30 frg 2
ARGEVT Romero pursue
ARGEVT Joe Rogan pursue
ARGLOG Joe Rogan t  88.9 pos '2240.7 -395.1   8.0' spd 343.0 yaw 43 mode 2 st 3 gl 4 hp 70 frg 4
ARGLOG Carmack t  88.9 pos '2514.9 -787.0 120.0' spd 0 yaw 268 mode 2 st 1 gl 6 hp 100 frg 1
ARGLOG Romero t  89.0 pos '2334.1 -240.0  24.0' spd 322.3 yaw 189 mode 2 st 2 gl 5 hp 30 frg 2
ARGLOG Joe Rogan t  89.4 pos '2373.1 -304.0   8.0' spd 205.6 yaw  87.0 mode 2 st 3 gl 4 hp 70 frg 4
ARGLOG Carmack t  89.4 pos '2514.9 -787.0 120.0' spd 0 yaw 268 mode 2 st 1 gl 6 hp 100 frg 1
ARGEVT Joe Rogan hazard
ARGLOG Romero t  89.5 pos '2164.3 -234.0  24.0' spd 368.0 yaw 113.4 mode 2 st 2 gl 5 hp 30 frg 2
ARGLOG Joe Rogan t  89.9 pos '2276.3 -308.7   8.0' spd 240.0 yaw 116.5 mode 2 st 3 gl 4 hp 70 frg 4
ARGLOG Carmack t  90.0 pos '2514.9 -787.0 120.0' spd 0 yaw 268 mode 2 st 1 gl 6 hp 100 frg 1
ARGLOG Romero t  90.0 pos '2156.5 -74.9  24.0' spd 154.7 yaw 284.1 mode 2 st 2 gl 5 hp 6 frg 2
ARGLOG Joe Rogan t  90.4 pos '2151.6 -367.9   8.0' spd 103.1 yaw 113.1 mode 2 st 3 gl 4 hp 66 frg 4
ARGLOG Carmack t  90.5 pos '2514.9 -787.0 120.0' spd 0 yaw 268 mode 2 st 1 gl 6 hp 100 frg 1
ARGLOG Romero t  90.5 pos '2003.2 -123.9  24.0' spd 329.8 yaw 311.1 mode 0 st 2 gl 5 hp 6 frg 2
ARGEVT Romero abandon
ARGEVT Romero goal item_health
ARGLOG Joe Rogan t  90.9 pos '2253.2 -261.6  24.0' spd 101.7 yaw 168.6 mode 2 st 3 gl 4 hp 63 frg 4
ARGLOG Carmack t  91.0 pos '2514.9 -787.0 120.0' spd 0 yaw 268 mode 2 st 1 gl 6 hp 100 frg 1
ARGLOG Romero t  91.0 pos '1929.6 -206.4  24.0' spd 229.8 yaw 326.0 mode 1 st 2 gl 5 hp 6 frg 2
ARGEVT Romero pursue
ARGLOG Joe Rogan t  91.5 pos '2166.4 -387.9   8.0' spd 335.6 yaw 117.8 mode 2 st 3 gl 4 hp 63 frg 4
ARGEVT Joe Rogan weapon axe
ARGLOG Carmack t  91.5 pos '2514.9 -787.0 120.0' spd 0 yaw 268 mode 2 st 1 gl 6 hp 100 frg 1
ARGEVT Joe Rogan hazard
ARGLOG Romero t  91.6 pos '2040.2 -109.2  24.0' spd 350.5 yaw 321 mode 1 st 2 gl 5 hp 6 frg 2
ARGLOG Joe Rogan t  92.0 pos '2130.9 -267.7  24.0' spd 288.8 yaw  71.0 mode 2 st 3 gl 4 hp 61 frg 4
ARGLOG Carmack t  92.0 pos '2514.9 -787.0 120.0' spd 0 yaw 268 mode 2 st 1 gl 6 hp 100 frg 1
ARGLOG Romero t  92.1 pos '2195.3 -117.4  24.0' spd 337.1 yaw 225.3 mode 1 st 2 gl 5 hp 6 frg 2
ARGLOG Joe Rogan t  92.5 pos '2191.2 -112.5  24.0' spd 321.0 yaw  46.6 mode 2 st 3 gl 4 hp 27 frg 4
ARGLOG Carmack t  92.5 pos '2514.9 -787.0 120.0' spd 0 yaw 268 mode 2 st 1 gl 6 hp 100 frg 1
ARGLOG Romero t  92.6 pos '2312.6  -0.1  40.0' spd 320.2 yaw 221.1 mode 1 st 2 gl 5 hp 6 frg 2
ARGEVT Joe Rogan death Romero pos '2251.1 -55.5  24.0'
ARGEVT Romero goal item_health
ARGEVT Romero route 4 start '2265.0   1.0  24.0' goal '2521.0 -223.0 120.0'
ARGLOG Carmack t  93.1 pos '2514.9 -787.0 120.0' spd 0 yaw 268 mode 2 st 1 gl 6 hp 100 frg 1
ARGLOG Romero t  93.1 pos '2239.9 -13.1  24.0' spd 354.7 yaw 244 mode 2 st 2 gl 5 hp 6 frg 3
ARGLOG Carmack t  93.6 pos '2514.9 -787.0 120.0' spd 0 yaw 268 mode 2 st 1 gl 6 hp 100 frg 1
ARGLOG Romero t  93.6 pos '2258.1 -169.8  24.0' spd 427.0 yaw  37.5 mode 2 st 2 gl 5 hp 6 frg 3
ARGEVT Carmack abandon
ARGEVT Carmack goal weapon_rocketlauncher
ARGLOG Carmack t  94.1 pos '2523.6 -787.9 120.0' spd 146.2 yaw 268 mode 0 st 1 gl 6 hp 100 frg 1
ARGEVT Carmack route 6 start '2585.0 -767.0 120.0' goal '2489.0 -1631.0  24.0'
ARGLOG Romero t  94.1 pos '2306.9 -144.0  24.0' spd 324.9 yaw 164 mode 2 st 2 gl 5 hp 6 frg 3
ARGEVT Joe Rogan respawn
ARGEVT Joe Rogan goal weapon_rocketlauncher
ARGLOG Joe Rogan t  94.3 pos '2704.0 -2048.0 128.0' spd 0 yaw 253.4 mode 0 st 3 gl 4 hp 100 frg 4
ARGEVT Joe Rogan route 11 start '2713.0 -2111.0 120.0' goal '2489.0 -1631.0  24.0'
ARGLOG Carmack t  94.6 pos '2487.9 -965.6 107.1' spd 324.9 yaw 265 mode 2 st 1 gl 6 hp 100 frg 1
ARGLOG Romero t  94.7 pos '2186.3 -37.5  24.0' spd 417.6 yaw 5 mode 2 st 2 gl 5 hp 6 frg 3
ARGLOG Joe Rogan t  94.8 pos '2700.6 -2203.7 120.0' spd 320.4 yaw 222 mode 2 st 3 gl 4 hp 100 frg 4
ARGEVT Romero jump
ARGLOG Carmack t  95.1 pos '2448.0 -1159.2  42.1' spd 318.7 yaw 278 mode 2 st 1 gl 6 hp 100 frg 1
ARGEVT Joe Rogan hazard
ARGLOG Romero t  95.2 pos '2320.0 -52.3  61.6' spd 310.9 yaw 222.0 mode 2 st 2 gl 5 hp 6 frg 3
ARGLOG Joe Rogan t  95.3 pos '2695.2 -2349.8 120.0' spd 112.0 yaw 177 mode 2 st 3 gl 4 hp 100 frg 4
ARGLOG Carmack t  95.6 pos '2461.9 -1324.1  24.0' spd 320.3 yaw 276 mode 2 st 1 gl 6 hp 100 frg 1
ARGLOG Romero t  95.7 pos '2307.0 -79.9  40.6' spd  34.9 yaw 327 mode 2 st 2 gl 5 hp 6 frg 3
ARGLOG Joe Rogan t  95.8 pos '2580.3 -2304.9 120.0' spd 325.6 yaw 221 mode 2 st 3 gl 4 hp 100 frg 4
ARGLOG Carmack t  96.2 pos '2484.7 -1488.0  24.0' spd 320.1 yaw 272 mode 2 st 1 gl 6 hp 100 frg 1
ARGLOG Romero t  96.2 pos '2344.1  14.7  56.0' spd 298.2 yaw 307 mode 2 st 2 gl 5 hp 6 frg 3
ARGLOG Joe Rogan t  96.4 pos '2415.7 -2335.0 120.0' spd 366.3 yaw 210 mode 2 st 3 gl 4 hp 100 frg 4
ARGLOG Carmack t  96.7 pos '2487.2 -1653.5  24.0' spd 320.4 yaw 263 mode 1 st 1 gl 6 hp 100 frg 1
ARGLOG Romero t  96.7 pos '2509.0   6.1 120.0' spd 320 yaw 340.4 mode 1 st 2 gl 5 hp 6 frg 3
ARGEVT Joe Rogan goal item_armorInv
ARGEVT Carmack goal item_rockets
ARGLOG Joe Rogan t  96.9 pos '2345.2 -2447.4 152.0' spd 305.7 yaw 101.0 mode 0 st 3 gl 4 hp 100 frg 4
ARGEVT Joe Rogan routefail
ARGEVT Joe Rogan goal item_health
ARGEVT Joe Rogan hazard
ARGEVT Joe Rogan routefail
ARGEVT Joe Rogan goal weapon_rocketlauncher
ARGLOG Carmack t  97.2 pos '2453.9 -1815.7  24.0' spd 320.4 yaw 249 mode 0 st 1 gl 7 hp 100 frg 1
ARGLOG Romero t  97.2 pos '2597.4 -132.2 120.0' spd 374.7 yaw 214 mode 1 st 2 gl 5 hp 6 frg 3
ARGEVT Joe Rogan route 26 start '2265.0 -2463.0 184.0' goal '1465.0 -703.0 184.0'
ARGLOG Joe Rogan t  97.4 pos '2216.2 -2417.9 200.0' spd 326.6 yaw 133 mode 2 st 3 gl 4 hp 100 frg 4
ARGEVT Carmack goal item_health
ARGEVT Romero goal item_armor2
ARGEVT Carmack hazard
ARGEVT Carmack routefail
ARGEVT Carmack goal item_rockets
ARGLOG Carmack t  97.7 pos '2434.5 -1904.0  24.0' spd 325.2 yaw 179.1 mode 0 st 1 gl 7 hp 100 frg 1
ARGEVT Carmack route 20 start '2553.0 -1887.0  24.0' goal '2073.0 -991.0 344.0'
ARGLOG Romero t  97.8 pos '2571.4 -243.7 120.0' spd 262.9 yaw 349.6 mode 0 st 2 gl 6 hp 46 frg 3
ARGEVT Romero route 3 start '2521.0 -223.0 120.0' goal '2777.0   1.0 -72.0'
ARGLOG Joe Rogan t  97.9 pos '2128.0 -2494.2 200.0' spd 142.7 yaw 88 mode 2 st 3 gl 4 hp 100 frg 4
ARGEVT Joe Rogan hazard
ARGLOG Carmack t  98.2 pos '2331.8 -1808.0  24.0' spd 139.9 yaw 48 mode 2 st 1 gl 7 hp 100 frg 1
ARGLOG Romero t  98.3 pos '2640.0 -156.0 120.0' spd 320.7 yaw 48 mode 2 st 2 gl 6 hp 46 frg 3
ARGLOG Joe Rogan t  98.4 pos '2160.0 -2376.5 200.0' spd 327.5 yaw 92 mode 2 st 3 gl 4 hp 100 frg 4
ARGEVT Carmack engage Romero
ARGLOG Carmack t  98.7 pos '2474.2 -1770.9  24.0' spd 345.5 yaw  75.8 mode 2 st 1 gl 7 hp 100 frg 1
ARGLOG Romero t  98.8 pos '2640.0   8.6 120.0' spd 220.6 yaw 357 mode 2 st 2 gl 6 hp 46 frg 3
ARGLOG Joe Rogan t  98.9 pos '2156.0 -2194.3 103.9' spd 321.5 yaw  76.4 mode 2 st 3 gl 4 hp 100 frg 4
ARGEVT Carmack pursue
ARGLOG Carmack t  99.2 pos '2514.5 -1608.7  24.0' spd 320.3 yaw 85 mode 2 st 1 gl 7 hp 100 frg 1
ARGLOG Romero t  99.3 pos '2640.0  10.0 120.0' spd   8.7 yaw 357 mode 2 st 2 gl 6 hp 46 frg 3
ARGLOG Joe Rogan t  99.5 pos '2219.7 -2038.5  88.0' spd 321.7 yaw 46 mode 2 st 3 gl 4 hp 100 frg 4
ARGLOG Carmack t  99.8 pos '2532.6 -1444.5  24.0' spd 320.0 yaw 85 mode 0 st 1 gl 7 hp 100 frg 1
ARGEVT Carmack route 18 start '2489.0 -1471.0  24.0' goal '2073.0 -991.0 344.0'
ARGEVT Romero stall
ARGEVT Romero stallnode '2777.0   1.0 -72.0'
ARGLOG Romero t  99.8 pos '2640.0   6.4 120.0' spd   5.7 yaw 561.3 mode 0 st 3 gl 6 hp 46 frg 3
ARGEVT Romero jump
ARGEVT Romero route 2 start '2585.0   1.0 120.0' goal '2777.0   1.0 -72.0'
ARGLOG Joe Rogan t 100.0 pos '2180.7 -1877.4  24.0' spd 348.5 yaw  65.6 mode 2 st 3 gl 4 hp 100 frg 4
ARGLOG Carmack t 100.3 pos '2549.6 -1296.0  24.0' spd  28.0 yaw 85 mode 2 st 1 gl 7 hp 100 frg 1
ARGLOG Romero t 100.3 pos '2639.9  -8.0 142.2' spd  37.2 yaw 214.8 mode 2 st 3 gl 6 hp 46 frg 3
ARGLOG Joe Rogan t 100.5 pos '2303.3 -1808.6  24.0' spd 326.4 yaw   2.0 mode 2 st 3 gl 4 hp 100 frg 4
ARGEVT Joe Rogan engage Carmack
ARGLOG Carmack t 100.8 pos '2556.5 -1296.0  24.0' spd  11.4 yaw 86 mode 2 st 1 gl 7 hp 100 frg 1
ARGLOG Romero t 100.8 pos '2531.7 -53.4 120.0' spd 392.7 yaw 12 mode 2 st 3 gl 6 hp 46 frg 3
ARGEVT Romero hazard
ARGLOG Joe Rogan t 101.0 pos '2473.4 -1784.4  24.0' spd 320.5 yaw  80.5 mode 2 st 3 gl 4 hp 100 frg 4
ARGLOG Carmack t 101.3 pos '2521.3 -1263.2  24.0' spd 323.6 yaw 119 mode 2 st 1 gl 7 hp 88 frg 1
ARGLOG Romero t 101.4 pos '2581.3 -74.9 120.0' spd 320.5 yaw 21 mode 2 st 3 gl 6 hp 46 frg 3
ARGLOG Joe Rogan t 101.5 pos '2583.9 -1765.2  24.0' spd 214.4 yaw  96.9 mode 2 st 3 gl 4 hp 100 frg 4
ARGEVT Carmack engage Joe Rogan
ARGLOG Carmack t 101.8 pos '2508.9 -1156.2  24.0' spd 331.0 yaw 271.4 mode 2 st 1 gl 7 hp 80 frg 1
ARGLOG Romero t 101.9 pos '2640.0 -11.2 120.0' spd 172.7 yaw 5 mode 2 st 3 gl 6 hp 46 frg 3
ARGLOG Joe Rogan t 102.0 pos '2478.1 -1648.0  24.0' spd 323.1 yaw  84.9 mode 2 st 3 gl 4 hp 100 frg 4
ARGLOG Carmack t 102.3 pos '2476.9 -1176.2  24.0' spd 260.3 yaw 239.5 mode 2 st 1 gl 7 hp 80 frg 1
ARGLOG Romero t 102.4 pos '2640.0  11.3 120.0' spd  11.4 yaw 356 mode 2 st 3 gl 6 hp 46 frg 3
ARGLOG Joe Rogan t 102.5 pos '2391.8 -1648.0  24.0' spd 449.2 yaw  69.7 mode 2 st 3 gl 4 hp 14 frg 4
ARGEVT Romero stall
ARGEVT Romero stallnode '2777.0   1.0 -72.0'
ARGEVT Romero jump
ARGEVT Romero engage Joe Rogan
ARGEVT Romero route 2 start '2585.0   1.0 120.0' goal '2777.0   1.0 -72.0'
ARGLOG Carmack t 102.9 pos '2463.4 -1185.4  24.0' spd  94.7 yaw 297.2 mode 2 st 1 gl 7 hp 52 frg 1
ARGLOG Romero t 102.9 pos '2639.7   3.3 154.5' spd  30.0 yaw 290.0 mode 2 st 4 gl 6 hp 46 frg 3
ARGLOG Joe Rogan t 103.1 pos '2559.1 -1704.1  24.0' spd 326.8 yaw  96.4 mode 0 st 3 gl 4 hp 14 frg 4
ARGEVT Romero pursue
ARGEVT Joe Rogan death Carmack pos '2597.0 -1698.6  24.0'
ARGEVT Carmack goal item_health
ARGLOG Carmack t 103.4 pos '2456.9 -1226.3  24.0' spd 363.5 yaw 265.9 mode 0 st 1 gl 7 hp 32 frg 2
ARGEVT Carmack route 1 start '2457.0 -1151.0  24.0' goal '2457.0 -1311.0  24.0'
ARGLOG Romero t 103.4 pos '2630.6 -15.5 120.0' spd 174.0 yaw 187.6 mode 2 st 4 gl 6 hp 46 frg 3
ARGEVT Carmack goal item_health
ARGLOG Carmack t 103.9 pos '2476.5 -1388.6  24.0' spd 320.3 yaw 288 mode 1 st 1 gl 8 hp 57 frg 2
ARGLOG Romero t 103.9 pos '2557.6 -93.2 120.0' spd 295.1 yaw 23 mode 2 st 4 gl 6 hp 46 frg 3
ARGLOG Carmack t 104.4 pos '2526.4 -1546.7  24.0' spd 320.0 yaw 288 mode 1 st 1 gl 8 hp 57 frg 2
ARGLOG Romero t 104.5 pos '2640.0 -38.6 120.0' spd 273.4 yaw 16 mode 2 st 4 gl 6 hp 46 frg 3
ARGEVT Joe Rogan respawn
ARGEVT Joe Rogan goal weapon_rocketlauncher
ARGLOG Joe Rogan t 104.8 pos '1712.0 -504.0  24.0' spd 0 yaw 253.4 mode 0 st 3 gl 4 hp 100 frg 4
ARGEVT Joe Rogan route 14 start '1721.0 -575.0  24.0' goal '1465.0 -703.0 184.0'
ARGLOG Carmack t 104.9 pos '2557.1 -1712.6  24.0' spd 377.7 yaw 205.4 mode 1 st 1 gl 8 hp 57 frg 2
ARGLOG Romero t 105.0 pos '2640.0  12.8 120.0' spd  14.2 yaw 356 mode 2 st 4 gl 6 hp 46 frg 3
ARGLOG Joe Rogan t 105.3 pos '1739.5 -657.4  24.0' spd 413.9 yaw 18 mode 2 st 3 gl 4 hp 100 frg 4
ARGEVT Joe Rogan hazard
ARGLOG Carmack t 105.4 pos '2404.7 -1686.3  24.0' spd 435.4 yaw  40.6 mode 1 st 1 gl 8 hp 57 frg 2
ARGLOG Romero t 105.5 pos '2640.0   7.8 120.0' spd   8.5 yaw 358 mode 2 st 4 gl 6 hp 46 frg 3
ARGEVT Romero stall
ARGEVT Romero stallnode '2777.0   1.0 -72.0'
ARGEVT Romero jump
ARGEVT Romero route 2 start '2585.0   1.0 120.0' goal '2777.0   1.0 -72.0'
ARGLOG Joe Rogan t 105.8 pos '1768.1 -720.0  24.0' spd 240.5 yaw 30 mode 2 st 3 gl 4 hp 100 frg 4
ARGLOG Carmack t 105.9 pos '2568.1 -1640.2  24.0' spd 402.0 yaw 263.0 mode 1 st 1 gl 8 hp 57 frg 2
ARGLOG Romero t 106 pos '2640.0  -3.4 154.9' spd  35.4 yaw 279 mode 2 st 5 gl 6 hp 46 frg 3
ARGLOG Joe Rogan t 106.3 pos '1749.9 -720.0  24.0' spd 113.6 yaw 28 mode 2 st 3 gl 4 hp 100 frg 4
ARGEVT Joe Rogan hazard
ARGLOG Carmack t 106.5 pos '2468.2 -1759.1  24.0' spd 437.5 yaw 103 mode 1 st 1 gl 8 hp 57 frg 2
ARGLOG Romero t 106.5 pos '2560.8 -25.6 120.0' spd 364.1 yaw 7 mode 2 st 5 gl 6 hp 46 frg 3
ARGEVT Romero hazard
ARGLOG Joe Rogan t 106.8 pos '1744.0 -614.8  24.0' spd 354.8 yaw 10 mode 2 st 3 gl 4 hp 100 frg 4
ARGLOG Carmack t 107.0 pos '2379.0 -1605.8  24.0' spd 323.7 yaw 93 mode 1 st 1 gl 8 hp 57 frg 2
ARGLOG Romero t 107.0 pos '2548.1 -77.7 120.0' spd 320.4 yaw 18 mode 2 st 5 gl 6 hp 46 frg 3
ARGLOG Joe Rogan t 107.3 pos '1853.3 -518.9  56.0' spd 340.6 yaw 51 mode 2 st 3 gl 4 hp 100 frg 4
ARGLOG Carmack t 107.5 pos '2363.8 -1441.4  24.0' spd 320.1 yaw 91 mode 1 st 1 gl 8 hp 57 frg 2
ARGLOG Romero t 107.5 pos '2640.0 -29.2 120.0' spd 194.7 yaw 12 mode 2 st 5 gl 6 hp 46 frg 3
ARGLOG Joe Rogan t 107.9 pos '2017.7 -543.0 104.0' spd 322.9 yaw 86 mode 2 st 3 gl 4 hp 100 frg 4
ARGEVT Carmack goal item_artifact_super_damage
ARGEVT Joe Rogan hazard
ARGLOG Carmack t 108.0 pos '2400.7 -1296.0  24.0' spd 320.0 yaw 354.0 mode 0 st 1 gl 9 hp 82 frg 2
ARGEVT Carmack routefail
ARGLOG Romero t 108.1 pos '2640.0  12.2 120.0' spd  11.4 yaw 356 mode 2 st 5 gl 6 hp 46 frg 3
ARGEVT Carmack goal weapon_nailgun
ARGEVT Carmack route 10 start '2457.0 -1311.0  24.0' goal '2521.0 -191.0  32.0'
ARGLOG Joe Rogan t 108.4 pos '2056.6 -408.6 104.0' spd 320.9 yaw 93 mode 2 st 3 gl 4 hp 100 frg 4
ARGEVT Romero stall
ARGEVT Romero stallnode '2777.0   1.0 -72.0'
ARGEVT Romero jump
ARGLOG Carmack t 108.5 pos '2543.1 -1238.5  24.0' spd 331.2 yaw 109 mode 2 st 1 gl 9 hp 82 frg 2
ARGLOG Romero t 108.6 pos '2640.0   7.1 141.3' spd  14.9 yaw 347 mode 0 st 6 gl 6 hp 46 frg 3
ARGEVT Romero route 2 start '2585.0   1.0 120.0' goal '2777.0   1.0 -72.0'
ARGLOG Joe Rogan t 108.9 pos '2045.7 -244.1  40.0' spd 330.3 yaw 29 mode 2 st 3 gl 4 hp 100 frg 4
ARGLOG Carmack t 109.0 pos '2496.1 -1078.5  24.0' spd 320.3 yaw 82 mode 2 st 1 gl 9 hp 82 frg 2
ARGLOG Romero t 109.1 pos '2638.6 -11.5 121.1' spd  48.2 yaw 181.6 mode 2 st 6 gl 6 hp 46 frg 3
ARGEVT Romero engage Joe Rogan
ARGEVT Carmack lift
ARGEVT Joe Rogan engage Romero
ARGEVT Carmack jump
ARGLOG Joe Rogan t 109.4 pos '2142.9 -153.2  24.0' spd 358.7 yaw   5.2 mode 2 st 3 gl 4 hp 100 frg 4
ARGLOG Carmack t 109.6 pos '2461.8 -912.0  97.6' spd  31.0 yaw 130 mode 2 st 1 gl 9 hp 82 frg 2
ARGLOG Romero t 109.6 pos '2603.9 -145.4 120.0' spd 321.0 yaw 208.3 mode 2 st 6 gl 6 hp 46 frg 3
ARGEVT Carmack door
ARGLOG Joe Rogan t 109.9 pos '2223.7 -300.0  24.0' spd 320.4 yaw  10.1 mode 2 st 3 gl 4 hp 100 frg 4
ARGLOG Carmack t 110.1 pos '2490.3 -905.4 120.0' spd  95.6 yaw 277.8 mode 2 st 1 gl 9 hp 82 frg 2
ARGLOG Romero t 110.1 pos '2619.2 -309.8 120.0' spd 320.2 yaw 208.4 mode 0 st 6 gl 6 hp 34 frg 3
ARGEVT Romero route 3 start '2553.0 -351.0 147.0' goal '2777.0   1.0 -72.0'
ARGEVT Joe Rogan route 12 start '2297.0 -511.0   8.0' goal '1465.0 -703.0 184.0'
ARGLOG Joe Rogan t 110.4 pos '2277.3 -455.8   8.0' spd 320.0 yaw   8.9 mode 2 st 3 gl 4 hp 100 frg 4
ARGEVT Romero death Romero pos '2624.1 -425.0 120.0'
ARGLOG Carmack t 110.6 pos '2490.3 -905.4 120.0' spd 0 yaw 271 mode 2 st 1 gl 9 hp 82 frg 2
ARGLOG Joe Rogan t 110.9 pos '2406.7 -513.1   8.0' spd 325.5 yaw 29 mode 2 st 3 gl 4 hp 100 frg 4
ARGLOG Carmack t 111.1 pos '2490.3 -905.4 120.0' spd 0 yaw 271 mode 2 st 1 gl 9 hp 82 frg 2
ARGEVT Joe Rogan route 13 start '2553.0 -511.0  24.0' goal '1465.0 -703.0 184.0'
ARGLOG Joe Rogan t 111.5 pos '2556.3 -448.0  24.0' spd 285.0 yaw 156 mode 2 st 3 gl 4 hp 100 frg 4
ARGEVT Joe Rogan hazard
ARGLOG Carmack t 111.6 pos '2490.3 -905.4 120.0' spd 0 yaw 271 mode 2 st 1 gl 9 hp 82 frg 2
ARGLOG Joe Rogan t 112.0 pos '2455.1 -430.5   8.0' spd 348.4 yaw 117.0 mode 2 st 3 gl 4 hp 100 frg 4
ARGEVT Romero respawn
ARGEVT Romero goal item_armor2
ARGLOG Romero t 112.0 pos '2048.0 -1352.0 136.0' spd 0 yaw 163.4 mode 0 st 6 gl 6 hp 100 frg 2
ARGEVT Romero route 2 start '2041.0 -1279.0 136.0' goal '2009.0 -991.0  32.0'
ARGLOG Carmack t 112.1 pos '2490.3 -905.4 120.0' spd 0 yaw 271 mode 2 st 1 gl 9 hp 82 frg 2
ARGLOG Joe Rogan t 112.5 pos '2478.6 -307.6   8.0' spd 337.4 yaw 330 mode 2 st 3 gl 4 hp 100 frg 4
ARGLOG Romero t 112.5 pos '1997.8 -1232.0 136.0' spd 265.9 yaw 84 mode 2 st 6 gl 6 hp 100 frg 2
ARGLOG Carmack t 112.6 pos '2490.3 -905.4 120.0' spd 0 yaw 271 mode 2 st 1 gl 9 hp 82 frg 2
ARGEVT Joe Rogan route 12 start '2617.0 -383.0  24.0' goal '1465.0 -703.0 184.0'
ARGEVT Joe Rogan hazard
ARGLOG Joe Rogan t 113 pos '2619.1 -384.0  24.0' spd 191.1 yaw 175 mode 2 st 3 gl 4 hp 100 frg 4
ARGLOG Romero t 113.1 pos '2090.9 -1177.5 168.0' spd 290.2 yaw 113 mode 2 st 6 gl 6 hp 100 frg 2
ARGLOG Carmack t 113.2 pos '2490.3 -905.4 120.0' spd 0 yaw 271 mode 2 st 1 gl 9 hp 82 frg 2
ARGLOG Joe Rogan t 113.5 pos '2493.0 -379.1   8.0' spd 324.0 yaw 205.3 mode 2 st 3 gl 4 hp 100 frg 4
ARGLOG Romero t 113.6 pos '2001.5 -1035.5 200.0' spd 338.4 yaw  49.8 mode 1 st 6 gl 6 hp 100 frg 2
ARGLOG Carmack t 113.7 pos '2490.3 -905.4 120.0' spd 0 yaw 271 mode 2 st 1 gl 9 hp 82 frg 2
ARGLOG Joe Rogan t 114.0 pos '2392.6 -514.2   8.0' spd 336.1 yaw 143 mode 2 st 3 gl 4 hp 100 frg 4
ARGEVT Joe Rogan hazard
ARGLOG Romero t 114.1 pos '2093.5 -848.0 103.9' spd 232.2 yaw 309.4 mode 1 st 6 gl 6 hp 100 frg 2
ARGLOG Carmack t 114.2 pos '2454.1 -969.4  86.3' spd 199.8 yaw 109 mode 2 st 1 gl 9 hp 82 frg 2
ARGEVT Carmack hazard
ARGLOG Joe Rogan t 114.5 pos '2471.0 -528.0   8.0' spd 245.7 yaw 149 mode 2 st 3 gl 4 hp 100 frg 4
ARGLOG Romero t 114.6 pos '2038.5 -924.6  32.0' spd 330.5 yaw 261.6 mode 1 st 6 gl 6 hp 100 frg 2
ARGEVT Romero goal item_armorInv
ARGLOG Carmack t 114.7 pos '2432.7 -821.4 120.0' spd 347.7 yaw 98 mode 2 st 1 gl 9 hp 82 frg 2
ARGEVT Romero routefail
ARGEVT Romero goal 
ARGEVT Romero routefail
ARGLOG Joe Rogan t 115.1 pos '2396.4 -525.2   8.0' spd 346.5 yaw 225.7 mode 2 st 3 gl 4 hp 100 frg 4
ARGEVT Romero goal weapon_rocketlauncher
ARGLOG Romero t 115.1 pos '2072.4 -1007.4  32.0' spd 171.8 yaw 13 mode 0 st 6 gl 7 hp 100 frg 2
ARGEVT Romero routefail
ARGEVT Joe Rogan hazard
ARGEVT Romero hazard
ARGLOG Carmack t 115.2 pos '2462.3 -785.7 120.0' spd 108.1 yaw 105 mode 2 st 1 gl 9 hp 82 frg 2
ARGEVT Carmack hazard
ARGEVT Romero goal weapon_grenadelauncher
ARGEVT Romero jump
ARGEVT Romero routefail
ARGEVT Romero trapped
ARGEVT Romero death Romero pos '2104.0 -893.6  66.4'
ARGLOG Joe Rogan t 115.6 pos '2312.9 -528.0   8.0' spd 224.2 yaw 129 mode 2 st 3 gl 4 hp 100 frg 4
ARGLOG Carmack t 115.7 pos '2411.2 -823.2 120.0' spd 240.4 yaw 93 mode 2 st 1 gl 9 hp 82 frg 2
ARGLOG Joe Rogan t 116.1 pos '2470.7 -528.0   8.0' spd 189.1 yaw 149 mode 2 st 3 gl 4 hp 100 frg 4
ARGEVT Carmack abandon
ARGLOG Carmack t 116.2 pos '2352.0 -746.0  56.0' spd  47.4 yaw  94.5 mode 0 st 1 gl 9 hp 82 frg 2
ARGEVT Carmack goal 
ARGEVT Carmack routefail
ARGEVT Carmack goal 
ARGLOG Joe Rogan t 116.6 pos '2366.0 -526.2   8.0' spd 329.9 yaw 138 mode 2 st 3 gl 4 hp 100 frg 4
ARGEVT Carmack route 15 start '2361.0 -703.0  56.0' goal '2073.0 -863.0  32.0'
ARGLOG Carmack t 116.8 pos '2436.3 -611.0  56.0' spd 405.7 yaw 122 mode 2 st 1 gl 9 hp 82 frg 2
ARGEVT Joe Rogan engage Carmack
ARGEVT Carmack engage Joe Rogan
ARGEVT Romero respawn
ARGLOG Joe Rogan t 117.1 pos '2346.4 -386.5   8.0' spd 369.7 yaw 284.8 mode 2 st 3 gl 4 hp 100 frg 4
ARGEVT Romero goal item_armor2
ARGLOG Romero t 117.1 pos '2248.0 -16.0 -136.0' spd 0 yaw 359 mode 0 st 6 gl 7 hp 100 frg 1
ARGEVT Romero route 2 start '2233.0 -31.0 -136.0' goal '2777.0   1.0 -72.0'
ARGLOG Carmack t 117.3 pos '2368.7 -689.4  56.0' spd 384.2 yaw  67.4 mode 2 st 1 gl 9 hp 80 frg 2
ARGEVT Joe Rogan death Carmack pos '2450.2 -357.2   8.0'
ARGEVT Carmack goal item_rockets
ARGEVT Carmack route 9 start '2361.0 -703.0  56.0' goal '2233.0 -31.0 -136.0'
ARGLOG Romero t 117.6 pos '2352.0 -80.0 -104.0' spd 0 yaw 10 mode 2 st 6 gl 7 hp 100 frg 1
ARGLOG Carmack t 117.8 pos '2485.5 -643.3  56.0' spd 402.4 yaw 107 mode 2 st 1 gl 9 hp 80 frg 3
ARGEVT Carmack hazard
ARGEVT Romero route 1 start '2489.0 -31.0 -72.0' goal '2777.0   1.0 -72.0'
ARGLOG Romero t 118.2 pos '2504.6 -50.9 -64.0' spd 320.0 yaw 10 mode 2 st 6 gl 7 hp 100 frg 1
ARGLOG Carmack t 118.3 pos '2398.6 -505.0  53.9' spd 336.4 yaw 90 mode 2 st 1 gl 9 hp 80 frg 3
ARGEVT Romero door
ARGEVT Romero hazard
ARGLOG Romero t 118.7 pos '2644.9 -77.8 -72.0' spd 100.5 yaw 205.2 mode 2 st 6 gl 7 hp 100 frg 1
ARGLOG Carmack t 118.8 pos '2398.3 -345.3   8.0' spd 343.3 yaw  39.7 mode 0 st 1 gl 9 hp 80 frg 3
ARGEVT Carmack route 7 start '2329.0 -351.0   8.0' goal '2233.0 -31.0 -136.0'
ARGEVT Joe Rogan respawn
ARGEVT Joe Rogan goal item_armor2
ARGLOG Joe Rogan t 119.0 pos '2560.0 -192.0  32.0' spd 0 yaw 196.6 mode 0 st 3 gl 4 hp 100 frg 4
ARGEVT Joe Rogan route 6 start '2521.0 -191.0  32.0' goal '2777.0   1.0 -72.0'
ARGEVT Carmack hazard
ARGLOG Romero t 119.2 pos '2592.0 -80.0 -72.0' spd 0 yaw 205.0 mode 2 st 6 gl 7 hp 100 frg 1
ARGLOG Carmack t 119.3 pos '2369.4 -304.6   8.0' spd 322.1 yaw 133 mode 2 st 1 gl 9 hp 80 frg 3
ARGLOG Joe Rogan t 119.5 pos '2409.8 -240.0  24.0' spd 344.4 yaw 228.6 mode 2 st 3 gl 4 hp 100 frg 4
ARGEVT Joe Rogan hazard
ARGLOG Romero t 119.7 pos '2592.0 -80.0 -72.0' spd 0 yaw 205.0 mode 2 st 6 gl 7 hp 100 frg 1
ARGEVT Romero stall
ARGEVT Romero stallnode '2777.0   1.0 -72.0'
ARGEVT Romero jump
ARGLOG Carmack t 119.9 pos '2263.9 -424.2   8.0' spd 420.6 yaw 342.2 mode 0 st 1 gl 9 hp 80 frg 3
ARGLOG Joe Rogan t 120.0 pos '2366.6 -240.0  24.0' spd  42.8 yaw 278 mode 2 st 3 gl 4 hp 100 frg 4
ARGEVT Romero route 1 start '2649.0 -63.0 -72.0' goal '2777.0   1.0 -72.0'
ARGEVT Joe Rogan engage Carmack
ARGEVT Carmack engage Joe Rogan
ARGEVT Carmack route 8 start '2297.0 -511.0   8.0' goal '2233.0 -31.0 -136.0'
ARGLOG Romero t 120.2 pos '2581.0 -80.0 -36.9' spd  33.0 yaw 206 mode 2 st 7 gl 7 hp 100 frg 1
ARGLOG Carmack t 120.4 pos '2286.3 -457.8   8.0' spd 320.3 yaw 104.1 mode 2 st 1 gl 9 hp 80 frg 3
ARGLOG Joe Rogan t 120.5 pos '2231.7 -242.3  24.0' spd 322.8 yaw 255.6 mode 2 st 3 gl 4 hp 100 frg 4
ARGEVT Joe Rogan death Carmack pos '2182.3 -248.9  24.0'
ARGEVT Carmack route 7 start '2137.0 -479.0   8.0' goal '2233.0 -31.0 -136.0'
ARGLOG Romero t 120.7 pos '2480.9 -80.0 -64.0' spd 349.7 yaw 215 mode 2 st 7 gl 7 hp 100 frg 1
ARGEVT Carmack hazard
ARGEVT Carmack goal 
ARGLOG Carmack t 120.9 pos '2128.0 -415.7   8.0' spd 360.1 yaw  93.8 mode 1 st 1 gl 9 hp 77 frg 4
ARGLOG Romero t 121.2 pos '2289.3 -80.0 -93.4' spd 384.7 yaw 258 mode 0 st 7 gl 7 hp 100 frg 1
ARGEVT Romero route 2 start '2361.0 -63.0 -88.0' goal '2777.0   1.0 -72.0'
ARGLOG Carmack t 121.4 pos '2197.8 -263.5  24.0' spd 320.0 yaw 61 mode 1 st 1 gl 9 hp 77 frg 4
ARGEVT Carmack goal item_health
ARGLOG Romero t 121.8 pos '2195.5 -191.3 -117.2' spd 339.3 yaw 316.3 mode 2 st 7 gl 7 hp 100 frg 1
ARGEVT Carmack route 9 start '2233.0 -223.0  24.0' goal '2073.0 -991.0 344.0'
ARGLOG Carmack t 121.9 pos '2236.3 -230.4  24.0' spd 349.2 yaw 53 mode 2 st 1 gl 10 hp 77 frg 4
ARGEVT Joe Rogan respawn
ARGEVT Romero hazard
ARGEVT Joe Rogan goal weapon_rocketlauncher
ARGLOG Joe Rogan t 122.2 pos '2544.0 -32.0 -64.0' spd 0 yaw 196.6 mode 0 st 3 gl 4 hp 100 frg 4
ARGEVT Joe Rogan route 7 start '2489.0 -31.0 -72.0' goal '1465.0 -703.0 184.0'
ARGLOG Romero t 122.3 pos '2254.4 -214.2 -136.0' spd 173.6 yaw 271.6 mode 2 st 7 gl 7 hp 100 frg 1
ARGLOG Carmack t 122.4 pos '2132.0 -208.9  24.0' spd 343.1 yaw  42.3 mode 2 st 1 gl 10 hp 77 frg 4
ARGEVT Joe Rogan hazard
ARGLOG Joe Rogan t 122.7 pos '2435.4 -79.4 -72.0' spd  92.9 yaw 3 mode 2 st 3 gl 4 hp 100 frg 4
ARGLOG Romero t 122.8 pos '2288.0 -194.3 -136.0' spd 220.9 yaw 21 mode 2 st 7 gl 7 hp 100 frg 1
ARGLOG Carmack t 123.0 pos '2292.7 -181.3  24.0' spd 322.1 yaw 35 mode 2 st 1 gl 10 hp 77 frg 4
ARGLOG Joe Rogan t 123.3 pos '2595.9 -72.3 -72.0' spd 320.4 yaw 4 mode 2 st 3 gl 4 hp 100 frg 4
ARGLOG Romero t 123.3 pos '2286.1 -179.1 -136.0' spd 322.1 yaw 264 mode 2 st 7 gl 7 hp 100 frg 1
ARGEVT Romero hazard
ARGLOG Carmack t 123.5 pos '2388.1 -240.0  24.0' spd 128.3 yaw 203.2 mode 2 st 1 gl 10 hp 77 frg 4
ARGEVT Romero goal item_armorInv
ARGLOG Joe Rogan t 123.8 pos '2760.4 -58.8 -72.0' spd 320.0 yaw 212 mode 2 st 3 gl 4 hp 100 frg 4
ARGEVT Romero routefail
ARGLOG Romero t 123.8 pos '2286.3 -142.0 -136.0' spd 222.0 yaw 330.6 mode 0 st 7 gl 7 hp 100 frg 1
ARGEVT Romero goal item_armor2
ARGEVT Romero route 9 start '2233.0 -191.0 -136.0' goal '1337.0 -863.0  32.0'
ARGLOG Carmack t 124.0 pos '2256.7 -149.9  24.0' spd 414.2 yaw 23 mode 2 st 1 gl 10 hp 77 frg 4
ARGEVT Carmack jump
ARGLOG Joe Rogan t 124.3 pos '1326.5 -1024.0 352.0' spd 300 yaw 82 mode 2 st 3 gl 4 hp 100 frg 4
ARGLOG Romero t 124.3 pos '2288.0 -175.6 -136.0' spd 237.8 yaw 57 mode 2 st 7 gl 7 hp 100 frg 1
ARGLOG Carmack t 124.5 pos '2363.3  15.0  78.9' spd 380.5 yaw 345 mode 2 st 1 gl 10 hp 77 frg 4
ARGLOG Joe Rogan t 124.8 pos '1351.1 -882.4 344.0' spd 320.3 yaw 84 mode 2 st 3 gl 4 hp 100 frg 4
ARGLOG Romero t 124.9 pos '2281.1  -4.2 -136.0' spd 376.0 yaw 351 mode 2 st 7 gl 7 hp 100 frg 1
ARGEVT Romero hazard
ARGLOG Carmack t 125.0 pos '2462.1 -59.5 120.0' spd 343.7 yaw 1 mode 2 st 1 gl 10 hp 77 frg 4
ARGEVT Romero route 7 start '2361.0 -63.0 -88.0' goal '1337.0 -863.0  32.0'
ARGLOG Joe Rogan t 125.3 pos '1332.7 -717.0 344.0' spd 359.4 yaw 6 mode 2 st 3 gl 4 hp 100 frg 4
ARGLOG Romero t 125.4 pos '2431.6 -55.2 -72.0' spd 329.7 yaw 0 mode 2 st 7 gl 7 hp 100 frg 1
ARGLOG Carmack t 125.5 pos '2627.9 -72.5 120.0' spd 320.2 yaw 214 mode 2 st 1 gl 10 hp 77 frg 4
ARGLOG Joe Rogan t 125.8 pos '1376.0 -561.7 268.4' spd 275.0 yaw 303 mode 2 st 3 gl 4 hp 100 frg 4
ARGLOG Romero t 125.9 pos '2585.0 -70.6 -64.0' spd 320 yaw 4 mode 2 st 7 gl 7 hp 100 frg 1
ARGLOG Carmack t 126.0 pos '2640.0 -64.2 120.0' spd   8.7 yaw 214 mode 2 st 1 gl 10 hp 77 frg 4
ARGEVT Joe Rogan hazard
ARGLOG Joe Rogan t 126.4 pos '1474.0 -542.0 184.0' spd 353.9 yaw 270 mode 1 st 3 gl 4 hp 100 frg 4
ARGLOG Romero t 126.4 pos '2750.0 -58.2 -72.0' spd 320.0 yaw 212 mode 2 st 7 gl 7 hp 100 frg 1
ARGLOG Carmack t 126.6 pos '2640.0 -60.0 120.0' spd   5.7 yaw 214 mode 2 st 1 gl 10 hp 77 frg 4
ARGEVT Joe Rogan abandon
ARGEVT Romero route 4 start '1273.0 -959.0 344.0' goal '1337.0 -863.0  32.0'
ARGLOG Joe Rogan t 126.9 pos '1565.6 -560.0  67.3' spd  41.2 yaw  35.5 mode 0 st 3 gl 4 hp 100 frg 4
ARGLOG Romero t 126.9 pos '1326.5 -1024.0 352.0' spd 300 yaw 241 mode 2 st 7 gl 7 hp 100 frg 1
ARGEVT Joe Rogan goal weapon_rocketlauncher
ARGEVT Carmack stall
ARGEVT Carmack stallnode '2905.0 -47.0 -72.0'
ARGEVT Carmack jump
ARGEVT Joe Rogan routefail
ARGLOG Carmack t 127.1 pos '2640.0 -57.4 141.6' spd   2.3 yaw 328.7 mode 0 st 2 gl 10 hp 77 frg 4
ARGEVT Carmack route 6 start '2585.0   1.0 120.0' goal '2073.0 -991.0 344.0'
ARGEVT Joe Rogan goal weapon_grenadelauncher
ARGEVT Joe Rogan route 14 start '1625.0 -479.0  24.0' goal '2073.0 -991.0 344.0'
ARGEVT Romero hazard
ARGLOG Joe Rogan t 127.4 pos '1696.6 -569.7  24.0' spd 322.1 yaw 1 mode 2 st 3 gl 4 hp 100 frg 4
ARGLOG Romero t 127.4 pos '1434.2 -1072.0 344.0' spd 179.5 yaw 197 mode 2 st 7 gl 7 hp 100 frg 1
ARGEVT Joe Rogan hazard
ARGLOG Carmack t 127.6 pos '2640.0 -63.3 121.4' spd  31.0 yaw 100.6 mode 2 st 2 gl 10 hp 77 frg 4
ARGEVT Carmack stall
ARGEVT Carmack stallnode '2585.0   1.0 120.0'
ARGEVT Carmack jump
ARGLOG Joe Rogan t 127.9 pos '1744.0 -560.1  24.0' spd  42.3 yaw 0 mode 2 st 3 gl 4 hp 100 frg 4
ARGLOG Romero t 127.9 pos '1275.0 -1112.0 344.0' spd 321.5 yaw 76 mode 2 st 7 gl 7 hp 100 frg 1
ARGLOG Carmack t 128.1 pos '2630.9  15.7 154.9' spd 170.4 yaw  11.5 mode 0 st 3 gl 10 hp 77 frg 4
ARGLOG Joe Rogan t 128.4 pos '1899.6 -546.4  72.0' spd 321.2 yaw 61 mode 2 st 3 gl 4 hp 100 frg 4
ARGLOG Romero t 128.5 pos '1268.1 -1013.2 352.0' spd 321.3 yaw 65 mode 2 st 7 gl 7 hp 100 frg 1
ARGLOG Carmack t 128.6 pos '2640.0  16.0 120.0' spd 0 yaw  11.5 mode 0 st 3 gl 10 hp 77 frg 4
ARGLOG Joe Rogan t 128.9 pos '2046.2 -468.6 104.0' spd 352.8 yaw 90 mode 2 st 3 gl 4 hp 100 frg 4
ARGLOG Romero t 129.0 pos '1402.1 -929.5 344.0' spd 423.6 yaw 134 mode 2 st 7 gl 7 hp 100 frg 1
ARGEVT Carmack stall
ARGLOG Carmack t 129.1 pos '2640.0  16.0 120.0' spd 0 yaw 186.3 mode 0 st 4 gl 10 hp 77 frg 4
ARGEVT Carmack jump
ARGEVT Carmack goal item_health
ARGEVT Carmack route 4 start '2585.0   1.0 120.0' goal '2041.0 -559.0 104.0'
ARGLOG Joe Rogan t 129.4 pos '2054.3 -300.6  56.0' spd 321.0 yaw 60 mode 2 st 3 gl 4 hp 100 frg 4
ARGLOG Romero t 129.5 pos '1303.0 -1042.1 352.0' spd 407.4 yaw 79 mode 2 st 7 gl 7 hp 100 frg 1
ARGEVT Romero hazard
ARGLOG Carmack t 129.7 pos '2623.1  10.8 142.2' spd  42.4 yaw 211 mode 2 st 4 gl 10 hp 77 frg 4
ARGEVT Carmack engage Joe Rogan
ARGEVT Joe Rogan engage Carmack
ARGLOG Joe Rogan t 130.0 pos '2104.8 -150.7  24.0' spd 277.6 yaw   7.7 mode 2 st 3 gl 4 hp 100 frg 4
ARGLOG Romero t 130.0 pos '1341.1 -904.1 344.0' spd 414.6 yaw 315.8 mode 2 st 7 gl 7 hp 100 frg 1
ARGLOG Carmack t 130.2 pos '2593.2 -90.5 120.0' spd 322.8 yaw 215.6 mode 2 st 4 gl 10 hp 77 frg 4
ARGLOG Joe Rogan t 130.5 pos '2213.3 -277.1  24.0' spd 321.4 yaw  13.0 mode 2 st 3 gl 4 hp 100 frg 4
ARGLOG Romero t 130.5 pos '1361.4 -1042.2 344.0' spd 414.9 yaw 97 mode 2 st 7 gl 7 hp 100 frg 1
ARGLOG Carmack t 130.7 pos '2604.4 -255.4 120.0' spd 320.0 yaw 215.2 mode 2 st 4 gl 10 hp 77 frg 4
ARGLOG Joe Rogan t 131.0 pos '2281.6 -427.9   8.0' spd 320.1 yaw  19.7 mode 0 st 3 gl 4 hp 100 frg 4
ARGLOG Romero t 131.0 pos '1294.5 -935.2 344.0' spd 382.8 yaw 59 mode 2 st 7 gl 7 hp 100 frg 1
ARGEVT Joe Rogan route 11 start '2297.0 -511.0   8.0' goal '2073.0 -991.0 344.0'
ARGLOG Carmack t 131.2 pos '2576.2 -261.0 120.0' spd 384.1 yaw 239.4 mode 2 st 4 gl 10 hp 69 frg 4
ARGEVT Joe Rogan pursue
ARGLOG Joe Rogan t 131.5 pos '2393.3 -528.0   8.0' spd 325.4 yaw  50.4 mode 2 st 3 gl 4 hp 100 frg 4
ARGEVT Carmack pursue
ARGLOG Romero t 131.6 pos '1401.7 -1012.2 344.0' spd 376.7 yaw 113 mode 2 st 7 gl 7 hp 100 frg 1
ARGLOG Carmack t 131.7 pos '2426.1 -146.3 103.9' spd 336.8 yaw 250 mode 2 st 4 gl 10 hp 100 frg 4
ARGEVT Joe Rogan hazard
ARGEVT Joe Rogan route 12 start '2553.0 -511.0  24.0' goal '2073.0 -991.0 344.0'
ARGLOG Joe Rogan t 132.0 pos '2536.9 -454.7  24.0' spd  98.6 yaw 124.7 mode 2 st 3 gl 4 hp 100 frg 4
ARGLOG Romero t 132.1 pos '1268.6 -977.5 352.0' spd 340.9 yaw 59 mode 2 st 7 gl 7 hp 100 frg 1
ARGLOG Carmack t 132.2 pos '2280.3 -194.6  24.0' spd 398.7 yaw 280.1 mode 2 st 4 gl 10 hp 92 frg 4
ARGLOG Joe Rogan t 132.5 pos '2406.3 -527.1   8.0' spd 320.0 yaw 125.9 mode 2 st 3 gl 4 hp 100 frg 4
ARGLOG Romero t 132.6 pos '1416.0 -967.2 344.0' spd 385.5 yaw 127 mode 2 st 7 gl 7 hp 100 frg 1
ARGLOG Carmack t 132.7 pos '2129.8 -278.3  24.0' spd 324.7 yaw 338.5 mode 2 st 4 gl 10 hp 92 frg 4
ARGEVT Carmack hazard
ARGLOG Joe Rogan t 133.1 pos '2401.7 -415.9   8.0' spd 321.1 yaw 139.7 mode 2 st 3 gl 4 hp 100 frg 4
ARGLOG Romero t 133.1 pos '1268.2 -1025.7 352.0' spd 410.7 yaw 67 mode 2 st 7 gl 7 hp 100 frg 1
ARGLOG Carmack t 133.3 pos '2217.1 -177.5  24.0' spd 320.6 yaw 320.1 mode 2 st 4 gl 10 hp 88 frg 4
ARGEVT Joe Rogan pursue
ARGEVT Carmack pursue
ARGLOG Joe Rogan t 133.6 pos '2478.4 -399.1 125.9' spd  36.3 yaw 150 mode 2 st 3 gl 4 hp 59 frg 4
ARGLOG Romero t 133.6 pos '1387.1 -925.6 344.0' spd 423.9 yaw 128 mode 2 st 7 gl 7 hp 100 frg 1
ARGLOG Carmack t 133.8 pos '2309.4 -198.9  24.0' spd 321.0 yaw 297 mode 2 st 4 gl 10 hp 88 frg 4
ARGEVT Carmack hazard
ARGLOG Joe Rogan t 134.1 pos '2470.2 -382.2   8.0' spd  36.9 yaw 152 mode 2 st 3 gl 4 hp 59 frg 4
ARGEVT Carmack weapon ssg
ARGLOG Romero t 134.1 pos '1313.4 -1047.7 352.0' spd 413.1 yaw 82 mode 2 st 7 gl 7 hp 100 frg 1
ARGEVT Carmack route 3 start '2361.0 -159.0  24.0' goal '2041.0 -559.0 104.0'
ARGLOG Carmack t 134.3 pos '2448.2 -220.0  24.0' spd 393.9 yaw 247.2 mode 2 st 4 gl 10 hp 84 frg 4
ARGEVT Carmack weapon rl
ARGLOG Joe Rogan t 134.6 pos '2350.9 -332.8   8.0' spd  90.1 yaw  41.7 mode 2 st 3 gl 4 hp 58 frg 4
ARGLOG Romero t 134.7 pos '1335.9 -916.6 344.0' spd 407.3 yaw 322.9 mode 2 st 7 gl 7 hp 100 frg 1
ARGLOG Carmack t 134.8 pos '2469.3 -144.0  24.0' spd 264.3 yaw 280.1 mode 2 st 4 gl 10 hp 80 frg 4
ARGLOG Joe Rogan t 135.1 pos '2503.5 -390.4   8.0' spd 352.2 yaw 120.2 mode 2 st 3 gl 4 hp 58 frg 4
ARGLOG Romero t 135.2 pos '1367.8 -1046.8 344.0' spd 406.5 yaw 99 mode 2 st 7 gl 7 hp 100 frg 1
ARGEVT Joe Rogan route 11 start '2489.0 -319.0   8.0' goal '2073.0 -991.0 344.0'
ARGLOG Carmack t 135.3 pos '2300.7 -183.5  24.0' spd 350.1 yaw 349.1 mode 2 st 4 gl 10 hp 74 frg 4
ARGEVT Joe Rogan pursue
ARGLOG Joe Rogan t 135.6 pos '2537.2 -335.5  24.0' spd 237.1 yaw 136 mode 2 st 3 gl 4 hp 58 frg 4
ARGLOG Romero t 135.7 pos '1288.7 -942.7 344.0' spd 381.1 yaw 58 mode 2 st 7 gl 7 hp 100 frg 1
ARGEVT Carmack pursue
ARGLOG Carmack t 135.8 pos '2190.1 -315.3  24.0' spd 411.3 yaw 335.8 mode 2 st 4 gl 10 hp 71 frg 4
ARGLOG Joe Rogan t 136.2 pos '2466.0 -436.1  68.8' spd 474.3 yaw 181.3 mode 2 st 3 gl 4 hp 15 frg 4
ARGLOG Romero t 136.2 pos '1403.7 -1008.9 344.0' spd 368.6 yaw 114 mode 2 st 7 gl 7 hp 100 frg 1
ARGLOG Carmack t 136.4 pos '2151.3 -485.2   8.0' spd 355.9 yaw 340.7 mode 2 st 4 gl 10 hp 58 frg 4
ARGEVT Joe Rogan route 11 start '2393.0 -543.0  56.0' goal '2073.0 -991.0 344.0'
ARGLOG Joe Rogan t 136.7 pos '2438.3 -500.9  68.1' spd 160.7 yaw 170.1 mode 2 st 3 gl 4 hp 15 frg 4
ARGLOG Romero t 136.7 pos '1268.3 -983.2 352.0' spd 337.5 yaw 60 mode 2 st 7 gl 7 hp 100 frg 1
ARGLOG Carmack t 136.9 pos '2166.0 -391.9   8.0' spd 378.9 yaw 350.4 mode 2 st 4 gl 10 hp 34 frg 4
ARGEVT Joe Rogan death Carmack pos '2401.3 -481.6   8.0'
ARGEVT Carmack goal item_health
ARGEVT Carmack route 3 start '2169.0 -351.0  24.0' goal '2041.0 -559.0 104.0'
ARGLOG Romero t 137.2 pos '1416.0 -966.8 344.0' spd 375.8 yaw 127 mode 2 st 7 gl 7 hp 100 frg 1
ARGLOG Carmack t 137.4 pos '2313.4 -321.6   8.0' spd 374.5 yaw 300 mode 2 st 4 gl 10 hp 34 frg 5
ARGLOG Romero t 137.8 pos '1270.2 -1029.6 352.0' spd 410.3 yaw 68 mode 2 st 7 gl 7 hp 100 frg 1
ARGLOG Carmack t 137.9 pos '2412.5 -461.4   8.0' spd 363.8 yaw 154 mode 2 st 4 gl 10 hp 34 frg 5
ARGLOG Romero t 138.3 pos '1385.0 -926.4 344.0' spd 423.4 yaw 127 mode 2 st 7 gl 7 hp 100 frg 1
ARGEVT Joe Rogan respawn
ARGEVT Carmack engage Joe Rogan
ARGLOG Carmack t 138.4 pos '2285.1 -475.4   8.0' spd 399.7 yaw  46.7 mode 2 st 4 gl 10 hp 34 frg 5
ARGEVT Joe Rogan goal item_armorInv
ARGEVT Joe Rogan engage Carmack
ARGLOG Joe Rogan t 138.5 pos '2624.0 -488.0  32.0' spd 0 yaw 175.8 mode 0 st 3 gl 4 hp 100 frg 4
ARGEVT Joe Rogan routefail
ARGEVT Joe Rogan goal 
ARGEVT Joe Rogan jump
ARGEVT Joe Rogan routefail
ARGLOG Romero t 138.8 pos '1316.5 -1049.5 352.0' spd 415.0 yaw 83 mode 2 st 7 gl 7 hp 100 frg 1
ARGEVT Joe Rogan goal weapon_grenadelauncher
ARGLOG Carmack t 138.9 pos '2291.9 -313.3   8.0' spd 233.4 yaw 326.2 mode 2 st 4 gl 10 hp 10 frg 5
ARGEVT Joe Rogan route 12 start '2553.0 -511.0  24.0' goal '2073.0 -991.0 344.0'
ARGLOG Joe Rogan t 139.0 pos '2587.4 -516.3  32.0' spd  64.4 yaw 145.3 mode 2 st 3 gl 4 hp 100 frg 4
ARGEVT Carmack weapon ssg
ARGLOG Romero t 139.3 pos '1334.3 -918.5 344.0' spd 406.8 yaw 324.2 mode 2 st 7 gl 7 hp 100 frg 1
ARGLOG Carmack t 139.5 pos '2223.1 -445.5   8.0' spd 324.6 yaw 356.2 mode 2 st 4 gl 10 hp 10 frg 5
ARGLOG Joe Rogan t 139.5 pos '2505.8 -480.8   8.0' spd 452.7 yaw 176.2 mode 2 st 3 gl 4 hp 17 frg 4
ARGEVT Joe Rogan death Carmack pos '2447.4 -386.3   8.0'
ARGLOG Romero t 139.8 pos '1370.7 -1046.2 344.0' spd 404.3 yaw 100 mode 2 st 7 gl 7 hp 100 frg 1
ARGEVT Carmack goal item_health
ARGLOG Carmack t 140.0 pos '2262.9 -321.3   8.0' spd 360.7 yaw  13.8 mode 0 st 4 gl 10 hp 10 frg 6
ARGEVT Carmack route 3 start '2329.0 -351.0   8.0' goal '2041.0 -559.0 104.0'
ARGLOG Romero t 140.3 pos '1287.6 -945.5 344.0' spd 378.8 yaw 59 mode 2 st 7 gl 7 hp 100 frg 1
ARGLOG Carmack t 140.5 pos '2419.2 -359.7   8.0' spd 326.1 yaw 309 mode 2 st 4 gl 10 hp 10 frg 6
ARGLOG Romero t 140.9 pos '1403.7 -1009.5 344.0' spd 367.1 yaw 114 mode 2 st 7 gl 7 hp 100 frg 1
ARGLOG Carmack t 141.0 pos '2510.3 -502.0   8.0' spd 384.7 yaw 219.1 mode 0 st 4 gl 10 hp 10 frg 6
ARGEVT Carmack route 5 start '2553.0 -511.0  24.0' goal '2041.0 -559.0 104.0'
ARGEVT Carmack hazard
ARGEVT Joe Rogan respawn
ARGEVT Joe Rogan goal item_health
ARGLOG Joe Rogan t 141.3 pos '2176.0 -2176.0  84.0' spd 0 yaw  73.4 mode 0 st 3 gl 4 hp 100 frg 4
ARGLOG Romero t 141.4 pos '1267.6 -985.0 352.0' spd 336.0 yaw 60 mode 2 st 7 gl 7 hp 100 frg 1
ARGEVT Joe Rogan hazard
ARGEVT Joe Rogan routefail
ARGEVT Joe Rogan goal weapon_supershotgun
ARGLOG Carmack t 141.5 pos '2459.7 -472.3   8.0' spd 320.8 yaw 132 mode 2 st 4 gl 10 hp 10 frg 6
ARGEVT Joe Rogan routefail
ARGEVT Joe Rogan goal weapon_grenadelauncher
ARGLOG Joe Rogan t 141.8 pos '2224.0 -2109.4  88.0' spd 218.7 yaw  19.4 mode 0 st 3 gl 4 hp 100 frg 4
ARGEVT Joe Rogan route 22 start '2137.0 -2015.0  88.0' goal '2073.0 -991.0 344.0'
ARGLOG Romero t 141.9 pos '1416.0 -965.3 344.0' spd 369.6 yaw 127 mode 2 st 7 gl 7 hp 100 frg 1
ARGLOG Carmack t 142.0 pos '2460.9 -314.6   8.0' spd 423.6 yaw 332.8 mode 2 st 4 gl 10 hp 10 frg 6
ARGLOG Joe Rogan t 142.3 pos '2193.3 -2031.8  88.0' spd 360.5 yaw 116 mode 2 st 3 gl 4 hp 100 frg 4
ARGLOG Romero t 142.4 pos '1271.7 -1030.9 352.0' spd 409.3 yaw 68 mode 2 st 7 gl 7 hp 100 frg 1
ARGEVT Carmack hazard
ARGLOG Carmack t 142.6 pos '2580.2 -384.0  24.0' spd  88.5 yaw 155 mode 2 st 4 gl 10 hp 10 frg 6
ARGLOG Joe Rogan t 142.9 pos '2153.1 -1875.0  24.0' spd 402.8 yaw 55 mode 2 st 3 gl 4 hp 100 frg 4
ARGLOG Romero t 142.9 pos '1382.6 -925.6 344.0' spd 422.5 yaw 126 mode 2 st 7 gl 7 hp 100 frg 1
ARGLOG Carmack t 143.1 pos '2421.2 -363.6   8.0' spd 320.0 yaw 143 mode 2 st 4 gl 10 hp 10 frg 6
ARGLOG Joe Rogan t 143.4 pos '2328.3 -1852.6  24.0' spd 339.4 yaw 85 mode 2 st 3 gl 4 hp 100 frg 4
ARGLOG Romero t 143.4 pos '1322.6 -1058.4 352.0' spd 423.0 yaw 85 mode 2 st 7 gl 7 hp 100 frg 1
ARGLOG Carmack t 143.6 pos '2275.0 -309.2   8.0' spd 130.9 yaw 174 mode 2 st 4 gl 10 hp 10 frg 6
ARGLOG Joe Rogan t 143.9 pos '2473.2 -1783.8  24.0' spd 394.9 yaw 106 mode 2 st 3 gl 4 hp 100 frg 4
ARGEVT Romero abandon
ARGEVT Romero goal weapon_rocketlauncher
ARGLOG Romero t 143.9 pos '1326.3 -922.8 344.0' spd 407.8 yaw   1.1 mode 0 st 7 gl 7 hp 100 frg 1
ARGEVT Romero route 4 start '1273.0 -959.0 344.0' goal '1465.0 -703.0 184.0'
ARGEVT Romero hazard
ARGLOG Carmack t 144.1 pos '2180.6 -197.0  24.0' spd 380.5 yaw 249 mode 2 st 4 gl 10 hp 10 frg 6
ARGLOG Joe Rogan t 144.4 pos '2424.7 -1619.3  24.0' spd 320.5 yaw 84 mode 2 st 3 gl 4 hp 100 frg 4
ARGEVT Carmack jump
ARGLOG Romero t 144.5 pos '1370.2 -785.8 344.0' spd 320.0 yaw 75 mode 2 st 7 gl 7 hp 100 frg 1
ARGLOG Carmack t 144.6 pos '2007.4 -260.8  58.3' spd 362.0 yaw 277 mode 2 st 4 gl 10 hp 10 frg 6
ARGLOG Joe Rogan t 144.9 pos '2380.0 -1457.9  24.0' spd 346.4 yaw 75 mode 2 st 3 gl 4 hp 100 frg 4
ARGLOG Romero t 145.0 pos '1376.0 -617.0 322.2' spd 332.4 yaw 316 mode 2 st 7 gl 7 hp 100 frg 1
ARGLOG Carmack t 145.1 pos '1989.7 -374.8 104.0' spd 320 yaw 287 mode 1 st 4 gl 10 hp 10 frg 6
ARGEVT Romero engage Carmack
ARGLOG Joe Rogan t 145.4 pos '2443.6 -1300.4  24.0' spd 329.6 yaw 87 mode 2 st 3 gl 4 hp 100 frg 4
ARGLOG Romero t 145.5 pos '1435.6 -474.3 184.0' spd 345.7 yaw   4.7 mode 2 st 7 gl 7 hp 100 frg 1
ARGEVT Carmack goal item_rockets
ARGEVT Romero hazard
ARGEVT Carmack route 12 start '2041.0 -559.0 104.0' goal '1465.0 -703.0 184.0'
ARGEVT Carmack engage Romero
ARGLOG Carmack t 145.6 pos '2026.9 -538.2 104.0' spd 351.3 yaw 206.2 mode 2 st 4 gl 11 hp 60 frg 6
ARGLOG Joe Rogan t 146.0 pos '2467.5 -1135.4  24.0' spd 320.7 yaw 77 mode 2 st 3 gl 4 hp 100 frg 4
ARGLOG Romero t 146.0 pos '1463.3 -491.4 184.0' spd  82.4 yaw 359.6 mode 1 st 7 gl 7 hp 100 frg 1
ARGLOG Carmack t 146.2 pos '1934.1 -488.6  88.0' spd 150.4 yaw 182.6 mode 2 st 4 gl 11 hp 52 frg 6
ARGEVT Joe Rogan lift
ARGEVT Joe Rogan jump
ARGLOG Joe Rogan t 146.5 pos '2477.8 -931.8  67.3' spd 340.8 yaw 130 mode 2 st 3 gl 4 hp 100 frg 4
ARGLOG Romero t 146.5 pos '1442.8 -605.6 184.0' spd 328.8 yaw   9.1 mode 1 st 7 gl 7 hp 88 frg 1
ARGEVT Joe Rogan door
ARGLOG Carmack t 146.7 pos '1904.8 -490.2  88.0' spd  99.2 yaw 199.7 mode 2 st 4 gl 11 hp 28 frg 6
ARGEVT Romero goal item_armor2
ARGEVT Carmack pursue
ARGEVT Romero route 9 start '1465.0 -703.0 184.0' goal '2009.0 -991.0  32.0'
ARGEVT Romero pursue
ARGLOG Joe Rogan t 147.0 pos '2501.3 -912.0 120.0' spd 0 yaw 303.1 mode 2 st 3 gl 4 hp 100 frg 4
ARGEVT Romero hazard
ARGLOG Romero t 147.0 pos '1455.1 -578.3 184.0' spd 347.1 yaw  20.1 mode 2 st 7 gl 8 hp 65 frg 1
ARGLOG Carmack t 147.2 pos '1823.5 -507.8  40.0' spd 345.5 yaw 182.3 mode 2 st 4 gl 11 hp 28 frg 6
ARGLOG Joe Rogan t 147.5 pos '2501.3 -912.0 120.0' spd 0 yaw 270 mode 2 st 3 gl 4 hp 100 frg 4
ARGLOG Romero t 147.6 pos '1455.7 -538.1 184.0' spd 320.5 yaw 351.2 mode 2 st 7 gl 8 hp 65 frg 1
ARGEVT Joe Rogan stall
ARGEVT Joe Rogan stallnode '2393.0 -831.0 120.0'
ARGEVT Joe Rogan jump
ARGEVT Carmack route 14 start '1721.0 -575.0  24.0' goal '1465.0 -703.0 184.0'
ARGLOG Carmack t 147.7 pos '1748.6 -511.3  24.0' spd 323.2 yaw 200.4 mode 2 st 4 gl 11 hp 28 frg 6
ARGEVT Joe Rogan route 14 start '2521.0 -895.0 120.0' goal '2073.0 -991.0 344.0'
ARGEVT Joe Rogan door
ARGEVT Carmack death Romero pos '1741.8 -510.1  24.0'
ARGLOG Joe Rogan t 148.0 pos '2490.5 -920.9 155.1' spd  54.9 yaw 120 mode 2 st 4 gl 4 hp 100 frg 4
ARGEVT Romero goal item_health
ARGLOG Romero t 148.1 pos '1519.5 -690.8 184.0' spd 343.1 yaw 348.3 mode 0 st 7 gl 8 hp 65 frg 2
ARGEVT Romero route 7 start '1465.0 -703.0 184.0' goal '2073.0 -991.0 344.0'
ARGEVT Romero hazard
ARGLOG Joe Rogan t 148.5 pos '2450.5 -913.0  35.0' spd 185.0 yaw 113 mode 2 st 4 gl 4 hp 100 frg 4
ARGEVT Joe Rogan hazard
ARGLOG Romero t 148.6 pos '1574.3 -598.9 184.0' spd 358.7 yaw 193 mode 2 st 7 gl 8 hp 65 frg 2
ARGLOG Joe Rogan t 149.1 pos '2448.0 -912.0 101.6' spd 0 yaw 112 mode 2 st 4 gl 4 hp 100 frg 4
ARGLOG Romero t 149.1 pos '1677.3 -464.0 124.1' spd 244.5 yaw 348.0 mode 2 st 7 gl 8 hp 65 frg 2
ARGEVT Carmack respawn
ARGLOG Joe Rogan t 149.6 pos '2448.0 -912.0 120.0' spd 0 yaw 112 mode 2 st 4 gl 4 hp 100 frg 4
ARGEVT Joe Rogan hazard
ARGEVT Carmack goal item_armorInv
ARGLOG Carmack t 149.6 pos '2576.0 -1328.0  24.0' spd 0 yaw 262 mode 0 st 4 gl 11 hp 100 frg 6
ARGEVT Joe Rogan engage Carmack
ARGLOG Romero t 149.6 pos '1734.2 -541.5  24.0' spd 397.0 yaw 196 mode 2 st 7 gl 8 hp 65 frg 2
ARGEVT Carmack engage Joe Rogan
ARGEVT Carmack routefail
ARGEVT Carmack goal 
ARGEVT Carmack routefail
ARGEVT Carmack goal item_armor2
ARGLOG Joe Rogan t 150.1 pos '2492.5 -915.0 120.0' spd 320.7 yaw 248.3 mode 2 st 4 gl 4 hp 100 frg 4
ARGLOG Carmack t 150.1 pos '2467.2 -1345.4  24.0' spd 322.1 yaw  87.2 mode 0 st 4 gl 11 hp 100 frg 6
ARGEVT Carmack route 19 start '2457.0 -1311.0  24.0' goal '2009.0 -991.0  32.0'
ARGLOG Romero t 150.1 pos '1644.0 -505.7  24.0' spd 352.0 yaw  42.8 mode 2 st 7 gl 8 hp 65 frg 2
ARGEVT Romero hazard
ARGEVT Joe Rogan pursue
ARGLOG Joe Rogan t 150.6 pos '2517.4 -962.1 120.0' spd 246.7 yaw 258 mode 2 st 4 gl 4 hp 100 frg 4
ARGEVT Carmack pursue
ARGLOG Carmack t 150.6 pos '2397.8 -1328.8  24.0' spd 320.0 yaw 78 mode 2 st 4 gl 11 hp 100 frg 6
ARGLOG Romero t 150.6 pos '1784.2 -532.6  24.0' spd 335.8 yaw 302 mode 0 st 7 gl 8 hp 65 frg 2
ARGEVT Romero routefail
ARGEVT Romero goal item_health
ARGEVT Romero routefail
ARGEVT Carmack death Joe Rogan pos '2544.0 -1289.9  24.0'
ARGLOG Joe Rogan t 151.1 pos '2542.4 -1044.1 117.5' spd  25.5 yaw 205.6 mode 2 st 4 gl 4 hp 76 frg 5
ARGEVT Romero goal item_armor2
ARGLOG Romero t 151.2 pos '1808.0 -560.0  24.0' spd 0 yaw 355 mode 0 st 7 gl 8 hp 65 frg 2
ARGEVT Romero routefail
ARGEVT Joe Rogan goal 
ARGEVT Romero goal item_health
ARGEVT Romero routefail
ARGEVT Romero trapped
ARGEVT Romero death Romero pos '1808.0 -560.0  24.0'
ARGLOG Joe Rogan t 151.6 pos '2529.5 -1079.1  24.0' spd 305.8 yaw 264 mode 1 st 4 gl 4 hp 76 frg 5
ARGLOG Joe Rogan t 152.1 pos '2512.7 -1244.4  24.0' spd 327.8 yaw 292 mode 1 st 4 gl 4 hp 76 frg 5
ARGEVT Joe Rogan goal 
ARGEVT Joe Rogan routefail
ARGEVT Joe Rogan goal item_health
ARGEVT Carmack respawn
ARGLOG Joe Rogan t 152.7 pos '2461.8 -1403.2  24.0' spd 409.3 yaw 148.8 mode 1 st 4 gl 5 hp 76 frg 5
ARGEVT Carmack goal weapon_supershotgun
ARGLOG Carmack t 152.7 pos '2704.0 -2048.0 128.0' spd 0 yaw 278 mode 1 st 4 gl 11 hp 100 frg 6
ARGEVT Joe Rogan hazard
ARGEVT Joe Rogan goal item_artifact_super_damage
ARGEVT Romero respawn
ARGLOG Joe Rogan t 153.2 pos '2407.5 -1296.0  24.0' spd 343.9 yaw 1 mode 0 st 4 gl 6 hp 100 frg 5
ARGEVT Romero plan powerup via weapon
ARGEVT Romero goal weapon_supershotgun
ARGLOG Romero t 153.2 pos '1712.0 -504.0  24.0' spd 0 yaw 286.3 mode 0 st 7 gl 8 hp 100 frg 1
ARGLOG Carmack t 153.2 pos '2725.8 -2202.0 120.0' spd 320.0 yaw 276 mode 1 st 4 gl 11 hp 100 frg 6
ARGEVT Romero routefail
ARGEVT Romero plan powerup via weapon
ARGEVT Romero goal weapon_grenadelauncher
ARGEVT Joe Rogan routefail
ARGEVT Joe Rogan goal 
ARGEVT Carmack goal item_artifact_super_damage
ARGEVT Joe Rogan routefail
ARGEVT Joe Rogan goal item_armor2
ARGLOG Joe Rogan t 153.7 pos '2544.0 -1211.4  24.0' spd 308.5 yaw 101.6 mode 0 st 4 gl 6 hp 100 frg 5
ARGLOG Romero t 153.7 pos '1744.0 -654.5  24.0' spd 320.3 yaw 262 mode 0 st 7 gl 8 hp 100 frg 1
ARGLOG Carmack t 153.7 pos '2711.6 -2352.0 120.0' spd 263.6 yaw 185.2 mode 0 st 4 gl 12 hp 100 frg 6
ARGEVT Carmack hazard
ARGEVT Joe Rogan route 18 start '2457.0 -1151.0  24.0' goal '2009.0 -991.0  32.0'
ARGEVT Carmack routefail
ARGEVT Carmack goal item_armor2
ARGEVT Joe Rogan hazard
ARGLOG Joe Rogan t 154.2 pos '2452.3 -1072.7  24.0' spd 342.0 yaw 68 mode 2 st 4 gl 6 hp 100 frg 5
ARGLOG Romero t 154.2 pos '1794.0 -751.8  24.0' spd   3.7 yaw  17.9 mode 0 st 7 gl 8 hp 100 frg 1
ARGEVT Romero hazard
ARGLOG Carmack t 154.2 pos '2622.5 -2256.0 120.0' spd 256.0 yaw 163.9 mode 0 st 4 gl 12 hp 100 frg 6
ARGEVT Carmack route 30 start '2617.0 -2207.0 152.0' goal '2009.0 -991.0  32.0'
ARGEVT Joe Rogan lift
ARGEVT Romero routefail
ARGEVT Romero goal 
ARGEVT Romero routefail
ARGEVT Joe Rogan door
ARGLOG Joe Rogan t 154.7 pos '2491.5 -912.0  86.3' spd  32.8 yaw  11.7 mode 2 st 4 gl 6 hp 100 frg 5
ARGLOG Romero t 154.7 pos '1787.9 -748.9  24.0' spd 291.1 yaw 278.4 mode 0 st 7 gl 8 hp 100 frg 1
ARGLOG Carmack t 154.7 pos '2455.1 -2255.4 120.0' spd 341.0 yaw 249 mode 2 st 4 gl 12 hp 100 frg 6
ARGEVT Romero goal item_armor2
ARGEVT Romero routefail
ARGEVT Romero goal 
ARGEVT Carmack hazard
ARGEVT Romero routefail
ARGLOG Joe Rogan t 155.2 pos '2492.1 -912.0 120.0' spd 0 yaw 271 mode 2 st 4 gl 6 hp 100 frg 5
ARGEVT Romero trapped
ARGEVT Romero death Romero pos '1803.7 -741.7  27.8'
ARGLOG Carmack t 155.2 pos '2397.5 -2399.2 120.0' spd 344.5 yaw 201 mode 2 st 4 gl 12 hp 100 frg 6
ARGLOG Joe Rogan t 155.8 pos '2462.5 -962.9 120.0' spd 351.2 yaw 111 mode 2 st 4 gl 6 hp 100 frg 5
ARGLOG Carmack t 155.8 pos '2302.9 -2509.6 168.0' spd 320.3 yaw 133 mode 2 st 4 gl 12 hp 100 frg 6
ARGEVT Joe Rogan hazard
ARGLOG Joe Rogan t 156.3 pos '2448.0 -915.5 120.0' spd 341.2 yaw 112 mode 2 st 4 gl 6 hp 100 frg 5
ARGLOG Carmack t 156.3 pos '2137.3 -2489.3 200.0' spd 345.1 yaw 90 mode 2 st 4 gl 12 hp 100 frg 6
ARGEVT Carmack hazard
