LOG started on: 08/17/2026 19:44:47 
Playing registered version.
UDP Initialized
WIPX_OpenSocket: Address family not supported by protocol family
WIPX_Init: Unable to open control socket, IPX disabled
Exe: 20:02:47 Jul 31 2024
256.0 megabyte heap

Language initialization
Couldn't load 'localization/loc_english.txt'
from 'C:\argus\engine'

========= Quake Initialized =========

execing autoexec.cfg
SpawnServer: dm4
Clearing memory
Programs occupy 493K.
trying to open external vis file
maps/dm4.vis not found, trying argus.vis
external vis not found
ARGUS slots 8
ARGUS worldspawn reached
ARGNAV 142 nodes, 819 links
0 entities inhibited
ARGUS init on dm4
ARGEVT Reap spawned
ARGEVT Omi spawned
ARGEVT Zeus spawned
Server spawned.
ARGLOG Zeus t   1.2 pos '272.0 -952.0  24.0' spd 0 yaw 323.2 mode 0 st 0 gl 0 hp 100 frg 0
ARGLOG Omi t   1.2 pos '-64.0 -232.0 -72.0' spd 0 yaw  10.2 mode 0 st 0 gl 0 hp 100 frg 0
ARGLOG Reap t   1.2 pos '-64.0 512.0 -296.0' spd 0 yaw 252.0 mode 0 st 0 gl 0 hp 100 frg 0
ARGEVT Zeus goal item_spikes
ARGEVT Omi goal weapon_grenadelauncher
ARGEVT Reap goal item_rockets
ARGEVT Omi route 4 start '-47.0 -215.0 -72.0' goal '113.0 -407.0 -104.0'
ARGEVT Reap hazard
ARGLOG Zeus t   1.7 pos '424.7 -995.0  24.0' spd 402.1 yaw  78.7 mode 1 st 0 gl 0 hp 100 frg 0
ARGLOG Omi t   1.7 pos ' 90.4 -208.0 -72.0' spd 312.3 yaw 24 mode 2 st 0 gl 0 hp 100 frg 0
ARGLOG Reap t   1.7 pos '-93.8 426.2 -296.0' spd 170.6 yaw 136.5 mode 1 st 0 gl 0 hp 100 frg 0
ARGEVT Omi hazard
ARGLOG Zeus t   2.2 pos '396.4 -825.2  24.0' spd 356.6 yaw 175 mode 1 st 0 gl 0 hp 100 frg 0
ARGLOG Omi t   2.2 pos '204.5 -255.8 -72.0' spd 359.0 yaw 233 mode 2 st 0 gl 0 hp 100 frg 0
ARGEVT Reap goal item_health
ARGLOG Reap t   2.2 pos '-109.4 564.5 -296.0' spd 324.5 yaw  37.7 mode 1 st 0 gl 0 hp 100 frg 0
ARGEVT Reap goal weapon_rocketlauncher
ARGEVT Reap route 4 start '-111.0 585.0 -296.0' goal ' 49.0 105.0 -296.0'
ARGEVT Omi jump
ARGEVT Reap hazard
ARGEVT Zeus goal item_cells
ARGEVT Zeus route 2 start '209.0 -759.0  24.0' goal '305.0 -599.0  24.0'
ARGLOG Zeus t   2.7 pos '227.7 -800.5  24.0' spd 332.9 yaw 146.1 mode 2 st 0 gl 0 hp 100 frg 0
ARGLOG Omi t   2.7 pos '112.0 -307.1 -21.4' spd  30.0 yaw 271 mode 2 st 0 gl 0 hp 100 frg 0
ARGLOG Reap t   2.7 pos ' -7.2 566.6 -296.0' spd 335.1 yaw 239.8 mode 2 st 0 gl 0 hp 200 frg 0
ARGEVT Zeus hazard
ARGLOG Zeus t   3.3 pos '224.8 -757.4  24.0' spd 237.7 yaw 20 mode 2 st 0 gl 0 hp 100 frg 0
ARGLOG Omi t   3.3 pos '120.2 -358.7 -24.0' spd 334.5 yaw 320.3 mode 2 st 0 gl 0 hp 100 frg 0
ARGLOG Reap t   3.3 pos '-55.5 437.1 -296.0' spd 374.3 yaw 247 mode 2 st 0 gl 0 hp 200 frg 0
ARGEVT Omi engage Zeus
ARGEVT Reap hazard
ARGEVT Zeus engage Omi
ARGLOG Zeus t   3.8 pos '343.6 -678.4  24.0' spd 240.8 yaw 98 mode 1 st 0 gl 0 hp 100 frg 0
ARGLOG Omi t   3.8 pos '273.7 -398.5 -13.6' spd  99.0 yaw   9.5 mode 2 st 0 gl 0 hp 100 frg 0
ARGLOG Reap t   3.8 pos '-57.2 311.4 -296.0' spd 318.6 yaw 223 mode 2 st 0 gl 0 hp 200 frg 0
ARGEVT Zeus goal item_health
ARGEVT Zeus route 2 start '305.0 -599.0  24.0' goal '497.0 -471.0  24.0'
ARGEVT Zeus pursue
ARGEVT Omi pursue
ARGLOG Zeus t   4.3 pos '304.0 -614.3  24.0' spd 153.9 yaw 98 mode 2 st 0 gl 0 hp 100 frg 0
ARGLOG Omi t   4.3 pos '248.2 -452.0 -104.0' spd 250.2 yaw 290 mode 1 st 0 gl 0 hp 100 frg 0
ARGLOG Reap t   4.3 pos '-100.6 172.0 -296.0' spd 327.9 yaw 289.6 mode 2 st 0 gl 0 hp 200 frg 0
ARGEVT Omi hazard
ARGLOG Zeus t   4.8 pos '295.1 -449.4  24.0' spd 322.1 yaw  74.7 mode 2 st 0 gl 0 hp 100 frg 0
ARGLOG Omi t   4.8 pos '339.2 -584.2 -104.0' spd 359.0 yaw 260 mode 1 st 0 gl 0 hp 100 frg 0
ARGLOG Reap t   4.8 pos '-16.0  43.5 -296.0' spd  65.2 yaw 12 mode 1 st 0 gl 0 hp 200 frg 0
ARGLOG Zeus t   5.3 pos '341.2 -279.7 -70.8' spd 348.1 yaw 293.1 mode 2 st 0 gl 0 hp 100 frg 0
ARGLOG Omi t   5.3 pos '337.0 -723.2 -104.0' spd 361.2 yaw 112.2 mode 1 st 0 gl 0 hp 100 frg 0
ARGEVT Reap goal weapon_nailgun
ARGLOG Reap t   5.3 pos ' 90.2  62.1 -296.0' spd 323.8 yaw   9.3 mode 0 st 0 gl 0 hp 200 frg 0
ARGEVT Reap route 6 start ' 49.0 105.0 -296.0' goal '337.0   9.0 -296.0'
ARGEVT Reap hazard
ARGLOG Zeus t   5.8 pos '366.0 -183.7 -296.0' spd 236.9 yaw 271 mode 2 st 0 gl 0 hp 79 frg 0
ARGLOG Omi t   5.8 pos '353.4 -656.3 -104.0' spd 299.6 yaw 89 mode 1 st 0 gl 0 hp 100 frg 0
ARGLOG Reap t   5.8 pos ' 96.3 131.4 -296.0' spd 218.2 yaw 173.2 mode 2 st 0 gl 0 hp 200 frg 0
ARGEVT Zeus pursue
ARGEVT Omi pursue
ARGEVT Zeus hazard
ARGLOG Zeus t   6.4 pos '428.0 -282.4 -296.0' spd 358.0 yaw 291 mode 2 st 0 gl 0 hp 79 frg 0
ARGLOG Omi t   6.4 pos '310.3 -494.3 -104.0' spd 321.6 yaw 77 mode 1 st 0 gl 0 hp 100 frg 0
ARGLOG Reap t   6.4 pos '-36.1  51.8 -296.0' spd 346.1 yaw 253.3 mode 2 st 0 gl 0 hp 200 frg 0
ARGLOG Zeus t   6.9 pos '375.0 -243.3 -296.0' spd 380.3 yaw 268.4 mode 2 st 0 gl 0 hp 55 frg 0
ARGLOG Omi t   6.9 pos '399.4 -401.0 -104.0' spd 324.4 yaw  96.0 mode 1 st 0 gl 0 hp 100 frg 0
ARGLOG Reap t   6.9 pos '-66.2 -107.7 -296.0' spd 328.8 yaw 301 mode 2 st 0 gl 0 hp 200 frg 0
ARGEVT Reap engage Omi
ARGEVT Zeus pursue
ARGEVT Omi pursue
ARGLOG Zeus t   7.4 pos '360.3 -253.1 -296.0' spd 361.7 yaw 303 mode 2 st 0 gl 0 hp 55 frg 0
ARGLOG Omi t   7.4 pos '503.6 -357.8 -104.0' spd 180.0 yaw 141 mode 1 st 0 gl 0 hp 100 frg 0
ARGLOG Reap t   7.4 pos ' 35.3 -244.8 -296.0' spd 370.2 yaw 353 mode 2 st 0 gl 0 hp 200 frg 0
ARGEVT Zeus hazard
ARGEVT Omi hazard
ARGEVT Reap hazard
ARGLOG Zeus t   7.9 pos '487.6 -216.2 -296.0' spd 339.1 yaw 270 mode 2 st 0 gl 0 hp 55 frg 0
ARGLOG Omi t   7.9 pos '496.5 -342.7 -104.0' spd 320.2 yaw 87 mode 1 st 0 gl 0 hp 100 frg 0
ARGLOG Reap t   7.9 pos ' 76.6 -238.4 -296.0' spd 248.2 yaw 347 mode 2 st 0 gl 0 hp 199 frg 0
ARGEVT Zeus pursue
ARGEVT Omi pursue
ARGLOG Zeus t   8.4 pos '525.1 -264.5 -296.0' spd 374.3 yaw 263 mode 2 st 0 gl 0 hp 55 frg 0
ARGLOG Omi t   8.4 pos '541.8 -242.4 -104.0' spd 394.0 yaw 181 mode 1 st 0 gl 0 hp 100 frg 0
ARGLOG Reap t   8.4 pos ' 78.2 -224.6 -296.0' spd 324.2 yaw 0 mode 2 st 0 gl 0 hp 198 frg 0
ARGEVT Zeus hazard
ARGEVT Omi hazard
ARGEVT Reap hazard
ARGLOG Zeus t   8.9 pos '519.1 -268.9 -296.0' spd 266.8 yaw 264 mode 2 st 0 gl 0 hp 55 frg 0
ARGLOG Omi t   8.9 pos '455.8 -281.9 -104.0' spd 339.3 yaw 254 mode 1 st 0 gl 0 hp 100 frg 0
ARGLOG Reap t   8.9 pos ' 81.4 -218.9 -296.0' spd 153.2 yaw 351 mode 2 st 0 gl 0 hp 198 frg 0
ARGLOG Zeus t   9.4 pos '561.0 -272.0 -296.0' spd 216.2 yaw 253 mode 2 st 0 gl 0 hp 55 frg 0
ARGLOG Omi t   9.4 pos '380.2 -431.3 -104.0' spd 383.4 yaw 160.4 mode 1 st 0 gl 0 hp 100 frg 0
ARGLOG Reap t   9.4 pos ' 82.4 -222.0 -296.0' spd 114.5 yaw 324 mode 2 st 0 gl 0 hp 197 frg 0
ARGEVT Zeus hazard
ARGEVT Omi hazard
ARGLOG Zeus t  10.0 pos '561.0 -272.0 -296.0' spd 208.2 yaw 253 mode 2 st 0 gl 0 hp 55 frg 0
ARGLOG Omi t  10.0 pos '211.0 -411.6 -104.0' spd 336.9 yaw 192 mode 1 st 0 gl 0 hp 100 frg 0
ARGLOG Reap t  10.0 pos ' 48.3 -242.6 -296.0' spd 166.4 yaw 310 mode 2 st 0 gl 0 hp 197 frg 0
ARGEVT Reap pursue
ARGEVT Omi goal item_spikes
ARGEVT Reap hazard
ARGEVT Zeus stall
ARGEVT Zeus stallnode '497.0 -471.0  24.0'
ARGEVT Zeus jump
ARGEVT Omi route 15 start '113.0 -407.0 -104.0' goal '-143.0 -503.0 -72.0'
ARGLOG Zeus t  10.5 pos '593.5 -272.0 -267.0' spd 210.7 yaw  54.8 mode 0 st 1 gl 0 hp 55 frg 0
ARGLOG Omi t  10.5 pos '176.4 -402.4 -104.0' spd 323.4 yaw 360 mode 2 st 0 gl 0 hp 100 frg 0
ARGLOG Reap t  10.5 pos ' 47.8 -266.2 -296.0' spd 227.6 yaw 20 mode 2 st 0 gl 0 hp 152 frg 0
ARGEVT Zeus route 7 start '593.0 -215.0 -296.0' goal '497.0 -471.0  24.0'
ARGEVT Zeus engage Reap
ARGEVT Omi engage Reap
ARGLOG Zeus t  11.0 pos '642.8 -241.7 -296.0' spd  90.8 yaw 167.9 mode 2 st 1 gl 0 hp 55 frg 0
ARGLOG Omi t  11.0 pos '260.4 -430.6 -104.0' spd 116.5 yaw  73.2 mode 2 st 0 gl 0 hp 100 frg 0
ARGLOG Reap t  11.0 pos ' 60.2 -253.0 -296.0' spd  55.7 yaw 315 mode 2 st 0 gl 0 hp 152 frg 0
ARGLOG Zeus t  11.5 pos '505.4 -234.1 -296.0' spd 376.5 yaw 185 mode 2 st 1 gl 0 hp 55 frg 0
ARGLOG Omi t  11.5 pos '266.7 -439.6 -104.0' spd 260.0 yaw 148 mode 2 st 0 gl 0 hp 100 frg 0
ARGLOG Reap t  11.5 pos '  1.4 -246.6 -296.0' spd 218.3 yaw 321 mode 2 st 0 gl 0 hp 103 frg 0
ARGEVT Omi pursue
ARGEVT Reap pursue
ARGEVT Zeus hazard
ARGEVT Reap hazard
ARGEVT Omi hazard
ARGLOG Zeus t  12.0 pos '445.9 -255.1 -296.0' spd 129.2 yaw 169 mode 2 st 1 gl 0 hp 55 frg 0
ARGLOG Omi t  12.0 pos '189.9 -409.5 -104.0' spd 325.3 yaw 110 mode 2 st 0 gl 0 hp 100 frg 0
ARGLOG Reap t  12.0 pos '118.6 -211.2 -296.0' spd 350.5 yaw 293.6 mode 2 st 0 gl 0 hp 69 frg 0
ARGEVT Omi route 15 start '113.0 -407.0 -104.0' goal '-143.0 -503.0 -72.0'
ARGLOG Zeus t  12.5 pos '379.8 -243.3 -296.0' spd 200.9 yaw 186 mode 2 st 1 gl 0 hp 55 frg 0
ARGLOG Omi t  12.5 pos '217.8 -426.8 -104.0' spd 320.0 yaw 73 mode 2 st 0 gl 0 hp 100 frg 0
ARGLOG Reap t  12.5 pos '262.8 -255.3 -296.0' spd 115.0 yaw 264 mode 2 st 0 gl 0 hp 45 frg 0
ARGLOG Zeus t  13.0 pos '370.8 -221.3 -296.0' spd 322.6 yaw 186 mode 2 st 1 gl 0 hp 55 frg 0
ARGLOG Omi t  13.0 pos '353.1 -413.0 -104.0' spd  81.5 yaw 122 mode 2 st 0 gl 0 hp 100 frg 0
ARGLOG Reap t  13.0 pos '244.9 -231.4 -296.0' spd 328.6 yaw 310 mode 2 st 0 gl 0 hp 21 frg 0
ARGEVT Reap death
ARGEVT Reap death Zeus pos '219.7 -242.9 -296.0'
ARGEVT Omi engage Zeus
ARGEVT Zeus engage Omi
ARGLOG Zeus t  13.6 pos '347.5 -238.8 -296.0' spd 144.0 yaw 175.4 mode 2 st 1 gl 0 hp 55 frg 1
ARGLOG Omi t  13.6 pos '221.6 -409.5 -104.0' spd 326.2 yaw 55 mode 2 st 0 gl 0 hp 100 frg 0
ARGEVT Zeus hazard
ARGLOG Zeus t  14.1 pos '396.4 -259.8 -296.0' spd 327.8 yaw 258.7 mode 2 st 1 gl 0 hp 55 frg 1
ARGLOG Omi t  14.1 pos '339.3 -459.0 -104.0' spd 321.5 yaw 76 mode 2 st 0 gl 0 hp 100 frg 0
ARGEVT Omi pursue
ARGLOG Zeus t  14.6 pos '444.2 -246.8 -296.0' spd 329.1 yaw 273 mode 2 st 1 gl 0 hp 55 frg 1
ARGLOG Omi t  14.6 pos '453.0 -351.0 -104.0' spd 329.5 yaw 91 mode 0 st 0 gl 0 hp 100 frg 0
ARGEVT Zeus hazard
ARGEVT Omi weapon gl
ARGEVT Reap respawn
ARGEVT Reap goal weapon_supershotgun
ARGLOG Reap t  14.8 pos '112.0 -1136.0 -104.0' spd 0 yaw  28.7 mode 1 st 0 gl 0 hp 100 frg 0
ARGEVT Omi pursue
ARGEVT Omi route 13 start '529.0 -311.0 -104.0' goal '-143.0 -503.0 -72.0'
ARGEVT Zeus pursue
ARGLOG Zeus t  15.1 pos '560.4 -256.2 -296.0' spd 330.7 yaw   3.3 mode 2 st 1 gl 0 hp 55 frg 1
ARGLOG Omi t  15.1 pos '513.6 -255.9 -104.0' spd 359.3 yaw 178 mode 2 st 0 gl 0 hp 100 frg 0
ARGEVT Reap engage Omi
ARGEVT Omi hazard
ARGLOG Reap t  15.4 pos '239.9 -1043.1 -104.0' spd 335.3 yaw 68 mode 1 st 0 gl 0 hp 100 frg 0
ARGLOG Zeus t  15.6 pos '656.0 -264.3 -296.0' spd 328.7 yaw 231.8 mode 2 st 1 gl 0 hp 55 frg 1
ARGLOG Omi t  15.6 pos '480.7 -138.9 -104.0' spd 322.8 yaw 101.4 mode 2 st 0 gl 0 hp 100 frg 0
ARGLOG Reap t  15.9 pos '301.1 -889.6 -104.0' spd 320.8 yaw 77 mode 1 st 0 gl 0 hp 100 frg 0
ARGLOG Zeus t  16.1 pos '496.3 -232.3 -296.0' spd 320.3 yaw 165.9 mode 2 st 1 gl 0 hp 55 frg 1
ARGLOG Omi t  16.1 pos '415.1 -53.5 -104.0' spd 130.6 yaw  69.4 mode 2 st 0 gl 0 hp 89 frg 0
ARGEVT Zeus hazard
ARGLOG Reap t  16.4 pos '334.0 -729.0 -104.0' spd 320.1 yaw 79 mode 1 st 0 gl 0 hp 100 frg 0
ARGLOG Zeus t  16.6 pos '477.3 -272.0 -296.0' spd 300.7 yaw 330.0 mode 2 st 1 gl 0 hp 55 frg 1
ARGLOG Omi t  16.6 pos '552.1 -71.0 -104.0' spd 403.9 yaw 265.3 mode 2 st 0 gl 0 hp 81 frg 0
ARGLOG Reap t  16.9 pos '343.6 -567.0 -104.0' spd 349.7 yaw 59 mode 1 st 0 gl 0 hp 100 frg 0
ARGLOG Zeus t  17.1 pos '625.4 -197.6 -296.0' spd 376.4 yaw 106 mode 2 st 1 gl 0 hp 55 frg 1
ARGLOG Omi t  17.1 pos '488.9 -226.0 -104.0' spd 395.7 yaw 140.1 mode 2 st 0 gl 0 hp 73 frg 0
ARGEVT Omi hazard
ARGLOG Reap t  17.4 pos '240.0 -438.2 -104.0' spd 244.5 yaw 46 mode 1 st 0 gl 0 hp 100 frg 0
ARGEVT Omi engage Reap
ARGLOG Zeus t  17.7 pos '642.7 -31.2 -296.0' spd 320.7 yaw 95 mode 2 st 1 gl 0 hp 55 frg 1
ARGLOG Omi t  17.7 pos '513.9 -188.6 -104.0' spd 341.6 yaw 101.2 mode 2 st 0 gl 0 hp 57 frg 0
ARGLOG Reap t  17.9 pos '349.1 -464.4 -108.0' spd 321.6 yaw 41 mode 1 st 0 gl 0 hp 100 frg 0
ARGLOG Zeus t  18.2 pos '425.1 -864.0  36.6' spd 300 yaw 147.4 mode 2 st 1 gl 0 hp 55 frg 1
ARGLOG Omi t  18.2 pos '635.2 -302.7 -104.0' spd 327.5 yaw 219 mode 2 st 0 gl 0 hp 41 frg 0
ARGLOG Reap t  18.4 pos '412.5 -461.3 -104.0' spd 320.3 yaw 13 mode 1 st 0 gl 0 hp 100 frg 0
ARGEVT Omi route 13 start '625.0 -343.0 -104.0' goal '-143.0 -503.0 -72.0'
ARGLOG Zeus t  18.7 pos '314.5 -750.6  24.0' spd 329.8 yaw 93 mode 2 st 1 gl 0 hp 55 frg 1
ARGLOG Omi t  18.7 pos '686.5 -461.2 -136.0' spd 340.0 yaw 162 mode 2 st 0 gl 0 hp 41 frg 0
ARGEVT Omi hazard
ARGEVT Reap hazard
ARGLOG Reap t  18.9 pos '452.0 -380.1 -104.0' spd 325.5 yaw  24.3 mode 1 st 0 gl 0 hp 100 frg 0
ARGLOG Zeus t  19.2 pos '305.8 -585.7  24.0' spd 320.0 yaw 90 mode 2 st 1 gl 0 hp 55 frg 1
ARGLOG Omi t  19.2 pos '503.0 -238.8 -296.0' spd 320.2 yaw 287 mode 2 st 0 gl 0 hp 41 frg 0
ARGEVT Omi pursue
ARGEVT Reap pursue
ARGEVT Zeus engage Reap
ARGLOG Reap t  19.5 pos '561.0 -284.9 -104.0' spd 409.2 yaw 161.5 mode 1 st 0 gl 0 hp 100 frg 0
ARGEVT Omi jump
ARGLOG Zeus t  19.7 pos '414.3 -517.4  24.0' spd 320.0 yaw 70 mode 1 st 1 gl 0 hp 55 frg 1
ARGLOG Omi t  19.7 pos '656.0 -272.0 -261.7' spd 0 yaw 247 mode 2 st 0 gl 0 hp 41 frg 0
ARGEVT Reap hazard
ARGEVT Zeus goal item_rockets
ARGEVT Zeus route 4 start '497.0 -471.0  24.0' goal '401.0 -759.0 -104.0'
ARGLOG Reap t  20.0 pos '461.4 -248.1 -104.0' spd 336.7 yaw 261 mode 1 st 0 gl 0 hp 84 frg 0
ARGEVT Omi hazard
ARGLOG Zeus t  20.2 pos '543.4 -496.3  24.0' spd  91.2 yaw 113 mode 2 st 1 gl 0 hp 80 frg 1
ARGLOG Omi t  20.2 pos '637.4 -272.0 -296.0' spd 174.0 yaw 261 mode 2 st 0 gl 0 hp 41 frg 0
ARGEVT Omi jump
ARGEVT Zeus pursue
ARGLOG Reap t  20.5 pos '444.6 -414.4 -104.0' spd 345.5 yaw 210.4 mode 1 st 0 gl 0 hp 84 frg 0
ARGLOG Zeus t  20.8 pos '447.0 -438.4  24.0' spd  80.6 yaw 120.5 mode 2 st 1 gl 0 hp 80 frg 1
ARGLOG Omi t  20.8 pos '570.3 -272.0 -261.0' spd  16.8 yaw 308 mode 2 st 0 gl 0 hp 41 frg 0
ARGLOG Reap t  21.0 pos '330.5 -420.6 -104.0' spd 367.6 yaw  57.4 mode 1 st 0 gl 0 hp 27 frg 0
ARGEVT Reap hazard
ARGEVT Omi jump
ARGLOG Zeus t  21.3 pos '410.6 -395.7 -20.8' spd  34.9 yaw 167 mode 2 st 1 gl 0 hp 80 frg 1
ARGLOG Omi t  21.3 pos '641.3 -272.0 -274.5' spd 246.4 yaw 258 mode 2 st 0 gl 0 hp 41 frg 0
ARGLOG Reap t  21.5 pos '417.8 -446.4 -104.0' spd 370.3 yaw 262 mode 1 st 0 gl 0 hp 3 frg 0
ARGLOG Zeus t  21.8 pos '435.3 -391.0 -92.8' spd  64.8 yaw 262 mode 2 st 1 gl 0 hp 80 frg 1
ARGLOG Omi t  21.8 pos '655.4 -272.0 -282.3' spd  11.7 yaw 247 mode 2 st 0 gl 0 hp 22 frg 0
ARGEVT Omi hazard
ARGEVT Reap engage Zeus
ARGEVT Omi jump
ARGLOG Reap t  22.0 pos '328.4 -505.1 -104.0' spd 371.2 yaw 169.7 mode 1 st 0 gl 0 hp 3 frg 0
ARGEVT Reap death
ARGEVT Reap death Zeus pos '290.6 -466.9 -104.0'
ARGLOG Zeus t  22.3 pos '439.4 -358.2 -104.0' spd 345.7 yaw 200 mode 2 st 1 gl 0 hp 80 frg 2
ARGEVT Zeus hazard
ARGLOG Omi t  22.3 pos '575.0 -272.0 -257.1' spd  88.6 yaw 306 mode 2 st 0 gl 0 hp 22 frg 0
ARGLOG Zeus t  22.8 pos '336.9 -470.4 -108.0' spd 337.7 yaw 271 mode 2 st 1 gl 0 hp 80 frg 2
ARGLOG Omi t  22.8 pos '607.5 -271.8 -296.0' spd 278.5 yaw 284 mode 2 st 0 gl 0 hp 22 frg 0
ARGEVT Omi jump
ARGLOG Zeus t  23.3 pos '343.9 -637.1 -104.0' spd 323.5 yaw 296 mode 2 st 1 gl 0 hp 80 frg 2
ARGLOG Omi t  23.3 pos '646.2 -272.0 -273.3' spd  47.9 yaw 254 mode 2 st 0 gl 0 hp 22 frg 0
ARGEVT Omi hazard
ARGEVT Omi jump
ARGEVT Reap respawn
ARGEVT Reap goal weapon_rocketlauncher
ARGLOG Reap t  23.8 pos '776.0 -808.0 -232.0' spd 0 yaw 106.3 mode 1 st 0 gl 0 hp 100 frg 0
ARGEVT Zeus goal item_health
ARGLOG Zeus t  23.8 pos '409.7 -792.4 -104.0' spd 417.8 yaw 355.4 mode 1 st 1 gl 0 hp 80 frg 2
ARGLOG Omi t  23.8 pos '575.9 -272.0 -261.6' spd 154.6 yaw 305 mode 2 st 0 gl 0 hp 22 frg 0
ARGEVT Zeus hazard
ARGEVT Reap hazard
ARGLOG Reap t  24.3 pos '720.0 -773.9 -218.0' spd 326.8 yaw 271.4 mode 1 st 0 gl 0 hp 100 frg 0
ARGLOG Zeus t  24.4 pos '464.0 -933.9 -104.0' spd 350.4 yaw 171.1 mode 1 st 1 gl 0 hp 95 frg 2
ARGLOG Omi t  24.4 pos '590.1 -271.8 -296.0' spd 182.5 yaw 297 mode 2 st 0 gl 0 hp 22 frg 0
ARGEVT Zeus goal item_health
ARGEVT Omi jump
ARGEVT Zeus goal weapon_supershotgun
ARGEVT Reap goal item_health
ARGEVT Reap route 9 start '721.0 -887.0 -232.0' goal '369.0 -983.0 -104.0'
ARGLOG Reap t  24.8 pos '368.0  40.7 -263.1' spd 300 yaw 279 mode 2 st 0 gl 0 hp 100 frg 0
ARGEVT Zeus goal item_spikes
ARGLOG Zeus t  24.9 pos '327.5 -1025.6 -104.0' spd 320.8 yaw 203.7 mode 1 st 1 gl 1 hp 100 frg 2
ARGLOG Omi t  24.9 pos '650.8 -272.0 -261.0' spd  36.8 yaw 251 mode 2 st 0 gl 0 hp 22 frg 0
ARGEVT Omi hazard
ARGEVT Omi jump
ARGLOG Reap t  25.3 pos '379.2 -118.6 -296.0' spd 322.2 yaw 289 mode 2 st 0 gl 0 hp 100 frg 0
ARGLOG Zeus t  25.4 pos '176.1 -980.7 -104.0' spd 332.0 yaw 120 mode 1 st 1 gl 1 hp 100 frg 2
ARGLOG Omi t  25.4 pos '596.2 -269.6 -274.7' spd 262.2 yaw 292 mode 2 st 0 gl 0 hp 22 frg 0
ARGEVT Reap hazard
ARGEVT Zeus goal item_shells
ARGLOG Reap t  25.8 pos '399.8 -107.7 -296.0' spd 224.1 yaw 331 mode 2 st 0 gl 0 hp 100 frg 0
ARGEVT Zeus goal item_rockets
ARGLOG Zeus t  25.9 pos ' 96.9 -834.3 -104.0' spd 328.1 yaw 84 mode 1 st 1 gl 1 hp 100 frg 2
ARGLOG Omi t  25.9 pos '577.9 -272.0 -294.3' spd  44.8 yaw 304 mode 2 st 0 gl 0 hp 22 frg 0
ARGEVT Zeus goal 
ARGEVT Zeus hazard
ARGEVT Omi jump
ARGEVT Zeus route 4 start ' 81.0 -823.0 -104.0' goal '241.0 -503.0 -104.0'
ARGLOG Reap t  26.4 pos '399.8 -107.7 -296.0' spd 216.6 yaw 331 mode 2 st 0 gl 0 hp 100 frg 0
ARGLOG Zeus t  26.4 pos '165.4 -752.0 -104.0' spd 320.0 yaw 359 mode 2 st 1 gl 1 hp 100 frg 2
ARGLOG Omi t  26.4 pos '654.3 -272.0 -257.1' spd  21.7 yaw 248 mode 2 st 0 gl 0 hp 22 frg 0
ARGEVT Reap hazard
ARGEVT Reap stall
ARGEVT Reap stallnode '593.0 -215.0 -296.0'
ARGEVT Reap jump
ARGEVT Reap route 8 start '305.0 -87.0 -296.0' goal '369.0 -983.0 -104.0'
ARGEVT Omi hazard
ARGLOG Reap t  26.9 pos '349.3 -68.1 -260.9' spd 203.4 yaw 295 mode 2 st 1 gl 0 hp 100 frg 0
ARGLOG Zeus t  26.9 pos '330.9 -749.9 -104.0' spd 343.5 yaw  47.0 mode 2 st 1 gl 1 hp 100 frg 2
ARGLOG Omi t  26.9 pos '623.1 -268.6 -296.0' spd 289.6 yaw 272 mode 2 st 0 gl 0 hp 22 frg 0
ARGEVT Omi jump
ARGEVT Omi engage Reap
ARGEVT Reap engage Omi
ARGLOG Reap t  27.4 pos '349.1 -85.1 -296.0' spd  30.4 yaw 316 mode 2 st 1 gl 0 hp 100 frg 0
ARGLOG Zeus t  27.4 pos '347.5 -599.1 -104.0' spd 332.9 yaw 133 mode 1 st 1 gl 1 hp 100 frg 2
ARGLOG Omi t  27.4 pos '556.0 -255.4 -273.4' spd  89.1 yaw 230.8 mode 2 st 0 gl 0 hp 22 frg 0
ARGEVT Omi pursue
ARGEVT Reap pursue
ARGEVT Reap weapon ng
ARGEVT Reap hazard
ARGEVT Omi weapon sg
ARGEVT Zeus hazard
ARGLOG Reap t  27.9 pos '398.2 -120.5 -296.0' spd 389.9 yaw 304 mode 2 st 1 gl 0 hp 97 frg 0
ARGEVT Zeus goal item_spikes
ARGLOG Zeus t  28.0 pos '248.5 -483.5 -104.0' spd 127.5 yaw 285 mode 0 st 1 gl 1 hp 100 frg 2
ARGLOG Omi t  28.0 pos '466.6 -241.1 -296.0' spd 201.3 yaw 119 mode 2 st 0 gl 0 hp 16 frg 0
ARGEVT Omi weapon gl
ARGEVT Reap weapon rl
ARGEVT Zeus route 15 start '241.0 -503.0 -104.0' goal '-143.0 -503.0 -72.0'
ARGLOG Reap t  28.4 pos '387.5 -103.5 -296.0' spd  96.8 yaw 292.3 mode 2 st 1 gl 0 hp 97 frg 0
ARGLOG Zeus t  28.5 pos '358.7 -513.6 -104.0' spd 366.5 yaw  71.2 mode 2 st 1 gl 1 hp 100 frg 2
ARGEVT Omi weapon sg
ARGLOG Omi t  28.5 pos '439.4 -272.0 -296.0' spd 322.3 yaw 109 mode 2 st 0 gl 0 hp 16 frg 0
ARGEVT Reap weapon ng
ARGEVT Omi death
ARGEVT Omi death Reap pos '422.6 -272.0 -296.0'
ARGEVT Reap engage Zeus
ARGEVT Reap weapon rl
ARGEVT Zeus engage Reap
ARGLOG Reap t  28.9 pos '377.3 -145.0 -296.0' spd 321.0 yaw 296 mode 2 st 1 gl 0 hp 97 frg 1
ARGLOG Zeus t  29.0 pos '470.6 -362.3 -104.0' spd 326.2 yaw 99 mode 2 st 1 gl 1 hp 100 frg 2
ARGEVT Reap hazard
ARGEVT Reap pursue
ARGEVT Zeus pursue
ARGLOG Reap t  29.5 pos '355.2 -151.8 -296.0' spd 335.8 yaw 295 mode 2 st 1 gl 0 hp 92 frg 1
ARGLOG Zeus t  29.5 pos '550.9 -240.2 -104.0' spd 368.0 yaw 151 mode 0 st 1 gl 1 hp 100 frg 2
ARGEVT Zeus route 13 start '529.0 -311.0 -104.0' goal '-143.0 -503.0 -72.0'
ARGEVT Zeus hazard
ARGLOG Reap t  30.0 pos '416.4 -220.3 -296.0' spd 326.5 yaw 346.2 mode 2 st 1 gl 0 hp 92 frg 1
ARGLOG Zeus t  30.0 pos '455.5 -134.1 -104.0' spd 145.9 yaw 182.9 mode 2 st 1 gl 1 hp 100 frg 2
ARGEVT Omi respawn
ARGEVT Omi goal item_spikes
ARGLOG Omi t  30.1 pos '784.0 -176.0  24.0' spd 0 yaw 196.6 mode 0 st 0 gl 0 hp 100 frg 0
ARGEVT Omi route 3 start '753.0 -151.0  24.0' goal '881.0 -567.0  24.0'
ARGEVT Omi hazard
ARGEVT Reap hazard
ARGEVT Zeus pursue
ARGLOG Reap t  30.5 pos '465.3 -225.6 -296.0' spd 306.9 yaw 4 mode 2 st 1 gl 0 hp 85 frg 1
ARGLOG Zeus t  30.5 pos '545.0 -202.5 -104.0' spd 330.7 yaw 188 mode 2 st 1 gl 1 hp 100 frg 2
ARGLOG Omi t  30.6 pos '732.0 -206.1  24.0' spd 278.3 yaw 335 mode 2 st 0 gl 0 hp 100 frg 0
ARGEVT Reap pursue
ARGEVT Zeus hazard
ARGLOG Reap t  31.0 pos '625.6 -180.0 -296.0' spd 388.3 yaw 104.3 mode 2 st 1 gl 0 hp 85 frg 1
ARGLOG Zeus t  31.0 pos '445.2 -205.9 -104.0' spd 326.5 yaw 60 mode 2 st 1 gl 1 hp 100 frg 2
ARGLOG Omi t  31.1 pos '867.0 -302.3  24.0' spd 334.3 yaw 274 mode 2 st 0 gl 0 hp 100 frg 0
ARGLOG Reap t  31.5 pos '592.3  -5.3 -296.0' spd 320.1 yaw 77 mode 2 st 1 gl 0 hp 85 frg 1
ARGLOG Zeus t  31.6 pos '501.3 -105.9 -104.0' spd 346.9 yaw 111.3 mode 2 st 1 gl 1 hp 100 frg 2
ARGLOG Omi t  31.6 pos '876.3 -466.9  24.0' spd 321.1 yaw 259 mode 1 st 0 gl 0 hp 100 frg 0
ARGEVT Omi goal item_health
ARGEVT Omi route 1 start '881.0 -567.0  24.0' goal '977.0 -471.0 -104.0'
ARGEVT Zeus hazard
ARGLOG Reap t  32.0 pos '409.5 -864.0  30.2' spd 300 yaw 113.8 mode 0 st 1 gl 0 hp 85 frg 1
ARGEVT Reap route 3 start '401.0 -887.0  24.0' goal '369.0 -983.0 -104.0'
ARGLOG Zeus t  32.1 pos '447.5 -71.6 -104.0' spd 320.0 yaw 276.7 mode 2 st 1 gl 1 hp 100 frg 2
ARGLOG Omi t  32.1 pos '769.2 -584.5  24.0' spd 411.3 yaw 118.9 mode 2 st 0 gl 0 hp 100 frg 0
ARGLOG Reap t  32.5 pos '354.5 -719.5  24.0' spd 341.7 yaw  46.7 mode 2 st 1 gl 0 hp 85 frg 1
ARGLOG Zeus t  32.6 pos '471.5 -237.8 -104.0' spd 406.2 yaw 177.5 mode 2 st 1 gl 1 hp 100 frg 2
ARGLOG Omi t  32.6 pos '760.9 -508.2 -93.1' spd 158.0 yaw 354.6 mode 1 st 0 gl 0 hp 100 frg 0
ARGEVT Reap hazard
ARGEVT Reap route 4 start '305.0 -599.0  24.0' goal '369.0 -983.0 -104.0'
ARGEVT Zeus route 13 start '433.0 -247.0 -104.0' goal '-143.0 -503.0 -72.0'
ARGLOG Reap t  33.1 pos '367.4 -692.4  24.0' spd 324.2 yaw 241.9 mode 2 st 1 gl 0 hp 85 frg 1
ARGLOG Zeus t  33.1 pos '328.5 -250.4 -148.2' spd 342.8 yaw 155.7 mode 2 st 1 gl 1 hp 100 frg 2
ARGLOG Omi t  33.2 pos '903.6 -453.0 -104.0' spd 321.3 yaw 7 mode 1 st 0 gl 0 hp 100 frg 0
ARGEVT Omi goal item_health
ARGEVT Omi goal item_spikes
ARGEVT Zeus hazard
ARGLOG Reap t  33.6 pos '283.8 -838.5  24.0' spd 324.6 yaw 213 mode 2 st 1 gl 0 hp 85 frg 1
ARGLOG Zeus t  33.6 pos '212.6 -210.3 -296.0' spd 107.5 yaw 22 mode 2 st 1 gl 1 hp 100 frg 2
ARGLOG Omi t  33.7 pos '1039.4 -514.1 -104.0' spd 332.9 yaw 248 mode 1 st 0 gl 2 hp 100 frg 0
ARGEVT Omi goal item_armor2
ARGLOG Reap t  34.1 pos '208.0 -971.6  24.0' spd 329.2 yaw 270.0 mode 2 st 1 gl 0 hp 85 frg 1
ARGEVT Omi route 20 start '945.0 -567.0 -104.0' goal '1169.0 -599.0  24.0'
ARGLOG Zeus t  34.1 pos '334.5 -170.4 -296.0' spd 341.7 yaw 27 mode 2 st 1 gl 1 hp 100 frg 2
ARGLOG Omi t  34.2 pos '1025.2 -648.6 -104.0' spd 222.9 yaw 258.0 mode 2 st 0 gl 2 hp 100 frg 0
ARGEVT Omi hazard
ARGEVT Zeus jump
ARGEVT Reap hazard
ARGLOG Reap t  34.6 pos '303.1 -1029.9  24.0' spd 331.8 yaw 35 mode 2 st 1 gl 0 hp 85 frg 1
ARGLOG Zeus t  34.7 pos '432.0 -75.8 -260.9' spd  23.4 yaw 272 mode 2 st 1 gl 1 hp 100 frg 2
ARGLOG Omi t  34.7 pos '928.9 -606.0 -104.0' spd 321.4 yaw 167 mode 2 st 0 gl 2 hp 100 frg 0
ARGEVT Zeus hazard
ARGEVT Zeus jump
ARGLOG Reap t  35.1 pos '469.8 -994.8  24.0' spd 390.3 yaw 286.4 mode 1 st 1 gl 0 hp 85 frg 1
ARGLOG Zeus t  35.2 pos '401.6 -120.6 -274.7' spd 310.8 yaw 321.3 mode 2 st 1 gl 1 hp 100 frg 2
ARGLOG Omi t  35.2 pos '768.5 -566.4 -110.3' spd 320.6 yaw 206.0 mode 2 st 0 gl 2 hp 100 frg 0
ARGLOG Reap t  35.6 pos '398.4 -1031.8  24.0' spd 352.4 yaw 122.9 mode 1 st 1 gl 0 hp 85 frg 1
ARGLOG Zeus t  35.7 pos '467.6 -208.0 -293.3' spd 268.8 yaw 111 mode 2 st 1 gl 1 hp 100 frg 2
ARGLOG Omi t  35.7 pos '752.7 -652.0 -168.0' spd 321.3 yaw 263 mode 2 st 0 gl 2 hp 100 frg 0
ARGEVT Zeus hazard
ARGLOG Reap t  36.1 pos '412.4 -876.6  24.0' spd 433.1 yaw 318.1 mode 1 st 1 gl 0 hp 85 frg 1
ARGLOG Zeus t  36.2 pos '479.0 -208.0 -296.0' spd 201.0 yaw 117 mode 2 st 1 gl 1 hp 100 frg 2
ARGLOG Omi t  36.2 pos '752.0 -817.7 -232.0' spd 322.3 yaw 246 mode 2 st 0 gl 2 hp 100 frg 0
ARGEVT Reap hazard
ARGEVT Omi hazard
ARGEVT Omi route 17 start '721.0 -887.0 -232.0' goal '1169.0 -599.0  24.0'
ARGLOG Reap t  36.7 pos '620.9 -30.3 -296.0' spd 321.3 yaw 258 mode 1 st 1 gl 0 hp 85 frg 1
ARGLOG Zeus t  36.7 pos '479.0 -208.0 -296.0' spd 205.8 yaw 117 mode 2 st 1 gl 1 hp 100 frg 2
ARGLOG Omi t  36.8 pos '368.0  10.1 -273.5' spd 300 yaw 322 mode 0 st 0 gl 2 hp 100 frg 0
ARGEVT Omi route 16 start '337.0   9.0 -296.0' goal '1169.0 -599.0  24.0'
ARGEVT Zeus stall
ARGEVT Zeus stallnode '433.0 -119.0 -104.0'
ARGEVT Zeus jump
ARGEVT Zeus route 12 start '497.0 -247.0 -296.0' goal '-143.0 -503.0 -72.0'
ARGEVT Zeus engage Reap
ARGEVT Zeus weapon ssg
ARGEVT Reap engage Zeus
ARGEVT Reap weapon ng
ARGLOG Reap t  37.2 pos '593.6 -193.2 -296.0' spd 320.0 yaw 247.3 mode 1 st 1 gl 0 hp 85 frg 1
ARGLOG Zeus t  37.2 pos '523.4 -209.8 -258.3' spd  55.8 yaw 313.4 mode 2 st 2 gl 1 hp 100 frg 2
ARGLOG Omi t  37.3 pos '398.2 -142.3 -296.0' spd 322.0 yaw 307.6 mode 2 st 0 gl 2 hp 100 frg 0
ARGEVT Omi hazard
ARGLOG Reap t  37.7 pos '655.8 -242.5 -296.0' spd 285.1 yaw 183.8 mode 1 st 1 gl 0 hp 81 frg 1
ARGLOG Zeus t  37.7 pos '510.2 -252.6 -296.0' spd 315.5 yaw 6 mode 2 st 2 gl 1 hp 100 frg 2
ARGLOG Omi t  37.8 pos '399.3 -105.8 -296.0' spd 223.8 yaw 331 mode 2 st 0 gl 2 hp 100 frg 0
ARGEVT Zeus weapon rl
ARGEVT Reap weapon rl
ARGLOG Reap t  38.2 pos '608.6 -91.1 -296.0' spd 128.9 yaw 248 mode 1 st 1 gl 0 hp 81 frg 1
ARGLOG Zeus t  38.3 pos '546.6 -263.7 -296.0' spd 334.5 yaw  68.6 mode 2 st 2 gl 1 hp 73 frg 2
ARGLOG Omi t  38.3 pos '399.3 -105.8 -296.0' spd 210.6 yaw 331 mode 2 st 0 gl 2 hp 100 frg 0
ARGEVT Zeus weapon ssg
ARGEVT Reap weapon ng
ARGEVT Zeus weapon rl
ARGEVT Omi stall
ARGEVT Omi stallnode '593.0 -215.0 -296.0'
ARGEVT Omi jump
ARGEVT Reap weapon rl
ARGEVT Zeus weapon ssg
ARGEVT Reap weapon ng
ARGLOG Reap t  38.7 pos '629.4 -84.1 -296.0' spd 238.6 yaw 260.3 mode 1 st 1 gl 0 hp 75 frg 1
ARGLOG Zeus t  38.8 pos '582.1 -257.1 -296.0' spd 322.5 yaw  73.3 mode 2 st 2 gl 1 hp 73 frg 2
ARGLOG Omi t  38.8 pos '370.6 -58.0 -257.1' spd 207.4 yaw 262.2 mode 0 st 1 gl 2 hp 100 frg 0
ARGEVT Omi route 16 start '305.0 -87.0 -296.0' goal '1169.0 -599.0  24.0'
ARGEVT Omi engage Zeus
ARGEVT Omi hazard
ARGLOG Reap t  39.2 pos '653.0 -156.2 -296.0' spd 320.1 yaw 220 mode 1 st 1 gl 0 hp 75 frg 1
ARGLOG Zeus t  39.3 pos '534.6 -260.1 -296.0' spd 320.1 yaw 39 mode 2 st 2 gl 1 hp 73 frg 2
ARGLOG Omi t  39.3 pos '311.9 -90.1 -296.0' spd 218.5 yaw 317 mode 2 st 1 gl 2 hp 100 frg 0
ARGEVT Reap hazard
ARGLOG Reap t  39.7 pos '611.6 -204.2 -296.0' spd 320.5 yaw 199 mode 1 st 1 gl 0 hp 75 frg 1
ARGLOG Zeus t  39.8 pos '456.4 -259.6 -296.0' spd 355.6 yaw 5 mode 2 st 2 gl 1 hp 55 frg 2
ARGEVT Zeus hazard
ARGLOG Omi t  39.9 pos '325.6 -80.5 -296.0' spd 322.0 yaw 306 mode 2 st 1 gl 2 hp 100 frg 0
ARGEVT Zeus weapon rl
ARGEVT Zeus weapon ssg
ARGLOG Reap t  40.3 pos '647.5 -173.1 -296.0' spd 338.2 yaw 204 mode 1 st 1 gl 0 hp 68 frg 1
ARGLOG Zeus t  40.3 pos '508.4 -238.9 -296.0' spd 273.4 yaw 27 mode 2 st 2 gl 1 hp 13 frg 2
ARGLOG Omi t  40.4 pos '336.3 -48.0 -296.0' spd 112.1 yaw 317 mode 2 st 1 gl 2 hp 100 frg 0
ARGEVT Omi pursue
ARGLOG Reap t  40.8 pos '622.9 -106.7 -296.0' spd 175.2 yaw 264 mode 1 st 1 gl 0 hp 68 frg 1
ARGLOG Zeus t  40.8 pos '599.6 -240.3 -296.0' spd  94.9 yaw 79 mode 2 st 2 gl 1 hp 4 frg 2
ARGEVT Zeus death
ARGEVT Zeus death Reap pos '588.1 -235.4 -296.0'
ARGLOG Omi t  40.9 pos '400.3 -113.3 -296.0' spd 320.0 yaw 271 mode 2 st 1 gl 2 hp 100 frg 0
ARGEVT Omi hazard
ARGEVT Reap weapon rl
ARGEVT Omi engage Reap
ARGEVT Reap engage Omi
ARGLOG Reap t  41.3 pos '644.6 -229.7 -296.0' spd 321.9 yaw 221.7 mode 1 st 1 gl 0 hp 68 frg 2
ARGLOG Omi t  41.4 pos '406.7 -197.2 -296.0' spd 257.7 yaw 346 mode 2 st 1 gl 2 hp 100 frg 0
ARGLOG Reap t  41.8 pos '615.7 -135.9 -296.0' spd 323.8 yaw 198 mode 1 st 1 gl 0 hp 68 frg 2
ARGLOG Omi t  41.9 pos '405.1 -168.9 -296.0' spd 320.1 yaw 11 mode 2 st 1 gl 2 hp 100 frg 0
ARGEVT Reap pursue
ARGEVT Omi hazard
ARGLOG Reap t  42.3 pos '592.0 -193.6 -296.0' spd 226.5 yaw 197 mode 1 st 1 gl 0 hp 58 frg 2
ARGEVT Zeus respawn
ARGEVT Zeus goal item_rockets
ARGLOG Zeus t  42.4 pos '-64.0 512.0 -296.0' spd 0 yaw 253.7 mode 1 st 2 gl 1 hp 100 frg 2
ARGLOG Omi t  42.4 pos '404.3 -100.2 -296.0' spd 331.8 yaw 329 mode 2 st 1 gl 2 hp 100 frg 0
ARGEVT Reap weapon ssg
ARGEVT Zeus hazard
ARGLOG Reap t  42.8 pos '489.8 -259.6 -296.0' spd 100.1 yaw 134.7 mode 1 st 1 gl 0 hp 54 frg 2
ARGLOG Zeus t  42.9 pos '-144.0 438.7 -296.0' spd 220.3 yaw  88.6 mode 1 st 2 gl 1 hp 100 frg 2
ARGLOG Omi t  42.9 pos '384.7 -115.8 -296.0' spd 323.6 yaw 317 mode 2 st 1 gl 2 hp 100 frg 0
ARGEVT Reap hazard
ARGLOG Reap t  43.3 pos '470.9 -271.0 -296.0' spd 114.0 yaw 153.7 mode 1 st 1 gl 0 hp 37 frg 2
ARGEVT Zeus goal item_health
ARGLOG Zeus t  43.5 pos '-98.8 551.8 -296.0' spd 366.0 yaw  23.6 mode 1 st 2 gl 1 hp 100 frg 2
ARGLOG Omi t  43.5 pos '316.9 -226.4 -296.0' spd 615.0 yaw 352 mode 2 st 1 gl 2 hp 52 frg 0
ARGEVT Reap weapon rl
ARGEVT Omi hazard
ARGEVT Zeus goal weapon_rocketlauncher
ARGEVT Zeus route 4 start '-15.0 553.0 -296.0' goal ' 49.0 105.0 -296.0'
ARGEVT Zeus hazard
ARGLOG Reap t  43.9 pos '491.8 -242.2 -296.0' spd  63.1 yaw 172 mode 1 st 1 gl 0 hp 17 frg 2
ARGLOG Zeus t  44.0 pos '-12.4 605.8 -296.0' spd 208.5 yaw 272.5 mode 2 st 2 gl 1 hp 200 frg 2
ARGLOG Omi t  44.0 pos '269.8 -231.1 -296.0' spd 221.0 yaw 0 mode 2 st 1 gl 2 hp 52 frg 0
ARGEVT Reap death
ARGEVT Reap death Omi pos '470.0 -228.7 -296.0'
ARGLOG Zeus t  44.5 pos '-56.3 443.6 -296.0' spd 320.1 yaw 248 mode 2 st 2 gl 1 hp 200 frg 2
ARGLOG Omi t  44.5 pos '290.8 -213.2 -296.0' spd 272.4 yaw 0 mode 2 st 1 gl 2 hp 52 frg 1
ARGEVT Omi hazard
ARGEVT Zeus hazard
ARGLOG Zeus t  45.0 pos '-12.2 422.0 -296.0' spd 193.4 yaw 236 mode 2 st 2 gl 1 hp 200 frg 2
ARGLOG Omi t  45.0 pos '453.9 -235.8 -296.0' spd 325.5 yaw 8 mode 2 st 1 gl 2 hp 52 frg 1
ARGLOG Zeus t  45.5 pos '-12.2 422.0 -296.0' spd 209.6 yaw 236 mode 2 st 2 gl 1 hp 200 frg 2
ARGLOG Omi t  45.5 pos '615.5 -191.9 -296.0' spd 386.2 yaw 88 mode 2 st 1 gl 2 hp 52 frg 1
ARGEVT Zeus stall
ARGEVT Zeus stallnode '-143.0 233.0 -296.0'
ARGEVT Zeus jump
ARGEVT Reap respawn
ARGEVT Reap goal item_health
ARGLOG Reap t  45.9 pos '-64.0 -232.0 -72.0' spd 0 yaw 343.7 mode 0 st 1 gl 0 hp 100 frg 2
ARGEVT Reap route 2 start '-47.0 -215.0 -72.0' goal '-239.0 -471.0 -72.0'
ARGEVT Zeus route 4 start '-15.0 425.0 -296.0' goal ' 49.0 105.0 -296.0'
ARGLOG Zeus t  46.0 pos ' 26.3 423.3 -261.7' spd 191.4 yaw 107.7 mode 2 st 3 gl 1 hp 200 frg 2
ARGLOG Omi t  46.0 pos '655.7 -27.6 -296.0' spd 322.5 yaw 100 mode 2 st 1 gl 2 hp 52 frg 1
ARGEVT Reap hazard
ARGLOG Reap t  46.4 pos '  4.6 -272.0 -72.0' spd 243.9 yaw 215 mode 2 st 1 gl 0 hp 100 frg 2
ARGLOG Zeus t  46.5 pos ' 26.4 432.0 -296.0' spd 170.8 yaw 169 mode 2 st 3 gl 1 hp 200 frg 2
ARGLOG Omi t  46.5 pos '425.4 -864.0  36.8' spd 300 yaw 147.4 mode 2 st 1 gl 2 hp 52 frg 1
ARGEVT Zeus hazard
ARGLOG Reap t  46.9 pos '-144.0 -344.7 -72.0' spd 330.7 yaw 234 mode 2 st 1 gl 0 hp 100 frg 2
ARGLOG Zeus t  47.1 pos '-81.7 374.6 -296.0' spd 326.7 yaw 247 mode 2 st 3 gl 1 hp 200 frg 2
ARGLOG Omi t  47.1 pos '314.1 -750.5  24.0' spd 329.8 yaw 93 mode 2 st 1 gl 2 hp 52 frg 1
ARGEVT Reap goal item_health
ARGEVT Reap goal item_spikes
ARGLOG Reap t  47.4 pos '-211.5 -506.6 -72.0' spd 337.8 yaw 268.6 mode 1 st 1 gl 2 hp 100 frg 2
ARGLOG Zeus t  47.6 pos '-81.9 240.0 -296.0' spd 351.3 yaw 246 mode 2 st 3 gl 1 hp 200 frg 2
ARGLOG Omi t  47.6 pos '337.8 -588.4  24.0' spd 325.0 yaw 48 mode 2 st 1 gl 2 hp 52 frg 1
ARGEVT Reap hazard
ARGEVT Zeus hazard
ARGLOG Reap t  47.9 pos '-190.3 -576.3 -72.0' spd 320.5 yaw 42 mode 1 st 1 gl 2 hp 100 frg 2
ARGLOG Zeus t  48.1 pos '-54.4 121.8 -296.0' spd 350.1 yaw 308.0 mode 1 st 3 gl 1 hp 200 frg 2
ARGLOG Omi t  48.1 pos '423.1 -445.9  24.0' spd 328.2 yaw 33 mode 2 st 1 gl 2 hp 52 frg 1
ARGEVT Reap goal weapon_grenadelauncher
ARGEVT Reap route 6 start '-143.0 -503.0 -72.0' goal '113.0 -407.0 -104.0'
ARGLOG Reap t  48.4 pos '-44.0 -496.9 -72.0' spd 397.5 yaw 297.4 mode 2 st 1 gl 2 hp 100 frg 2
ARGEVT Zeus goal item_artifact_super_damage
ARGLOG Zeus t  48.6 pos ' 83.5  68.6 -296.0' spd 336.9 yaw 51 mode 0 st 3 gl 1 hp 199 frg 2
ARGLOG Omi t  48.6 pos '520.6 -318.7 -51.2' spd 307.3 yaw 44 mode 2 st 1 gl 2 hp 52 frg 1
ARGEVT Zeus routefail
ARGEVT Zeus goal weapon_supernailgun
ARGEVT Reap hazard
ARGEVT Zeus routefail
ARGEVT Zeus hazard
ARGLOG Reap t  49.0 pos '-34.2 -619.8 -72.0' spd 121.0 yaw 186 mode 2 st 1 gl 2 hp 100 frg 2
ARGEVT Zeus goal item_health
ARGEVT Omi jump
ARGEVT Zeus route 8 start ' 49.0 105.0 -296.0' goal '529.0  73.0 -296.0'
ARGLOG Zeus t  49.1 pos '110.2  93.5 -296.0' spd 128.3 yaw 51 mode 2 st 3 gl 1 hp 199 frg 2
ARGLOG Omi t  49.1 pos '623.4 -190.6 -82.7' spd 328.0 yaw 12 mode 2 st 1 gl 2 hp 52 frg 1
ARGLOG Reap t  49.5 pos '-48.0 -622.7 -72.0' spd 241.4 yaw 186 mode 2 st 1 gl 2 hp 100 frg 2
ARGLOG Zeus t  49.6 pos ' 66.7 111.4 -296.0' spd 326.5 yaw 199 mode 2 st 3 gl 1 hp 198 frg 2
ARGLOG Omi t  49.6 pos '624.0 -158.6 -102.6' spd  41.9 yaw 324 mode 2 st 1 gl 2 hp 52 frg 1
ARGEVT Omi jump
ARGEVT Reap hazard
ARGLOG Reap t  50.0 pos '-48.0 -609.4 -72.0' spd  25.2 yaw 193 mode 2 st 1 gl 2 hp 100 frg 2
ARGLOG Zeus t  50.1 pos '-59.9   0.9 -296.0' spd 335.2 yaw 263 mode 2 st 3 gl 1 hp 198 frg 2
ARGLOG Omi t  50.1 pos '624.0 -208.5 -65.1' spd   7.0 yaw 37 mode 2 st 1 gl 2 hp 52 frg 1
ARGLOG Reap t  50.5 pos '-30.0 -623.9 -72.0' spd 262.0 yaw 184 mode 2 st 1 gl 2 hp 100 frg 2
ARGLOG Zeus t  50.7 pos '-52.7 -166.1 -296.0' spd 330.4 yaw 311 mode 2 st 3 gl 1 hp 197 frg 2
ARGLOG Omi t  50.7 pos '624.0 -180.4 -104.0' spd  77.0 yaw 356 mode 2 st 1 gl 2 hp 52 frg 1
ARGEVT Omi jump
ARGEVT Reap stall
ARGEVT Reap stallnode '-143.0 -631.0 -72.0'
ARGEVT Reap jump
ARGEVT Omi engage Zeus
ARGEVT Omi weapon rl
ARGEVT Zeus engage Omi
ARGEVT Reap route 6 start '-47.0 -599.0 -72.0' goal '113.0 -407.0 -104.0'
ARGLOG Reap t  51.0 pos '-31.0 -569.1 -33.1' spd 124.8 yaw  64.3 mode 2 st 2 gl 2 hp 100 frg 2
ARGLOG Zeus t  51.2 pos ' 92.5 -243.7 -296.0' spd 327.3 yaw 9 mode 2 st 3 gl 1 hp 197 frg 2
ARGLOG Omi t  51.2 pos '608.0 -145.9 -81.8' spd  77.4 yaw 237.6 mode 2 st 1 gl 2 hp 52 frg 1
ARGEVT Omi weapon lg
ARGLOG Reap t  51.5 pos '-38.5 -492.3 -72.0' spd 322.0 yaw 131 mode 2 st 2 gl 2 hp 100 frg 2
ARGEVT Zeus pursue
ARGEVT Omi pursue
ARGEVT Zeus hazard
ARGLOG Zeus t  51.7 pos '216.7 -260.7 -296.0' spd 342.6 yaw 16 mode 2 st 3 gl 1 hp 196 frg 2
ARGLOG Omi t  51.7 pos '534.0 -54.6 -104.0' spd 377.2 yaw 204 mode 2 st 1 gl 2 hp 52 frg 1
ARGLOG Reap t  52.0 pos '-129.7 -351.0 -72.0' spd 372.8 yaw 58 mode 2 st 2 gl 2 hp 100 frg 2
ARGLOG Zeus t  52.2 pos '181.4 -226.6 -296.0' spd 188.9 yaw 13 mode 2 st 3 gl 1 hp 196 frg 2
ARGLOG Omi t  52.2 pos '500.6 -159.9 -104.0' spd 320.9 yaw 195 mode 2 st 1 gl 2 hp 52 frg 1
ARGEVT Reap engage Omi
ARGLOG Reap t  52.6 pos '-17.5 -238.7 -72.0' spd 284.2 yaw 351 mode 2 st 2 gl 2 hp 100 frg 2
ARGLOG Zeus t  52.7 pos '210.1 -254.3 -296.0' spd 322.7 yaw 350 mode 2 st 3 gl 1 hp 195 frg 2
ARGLOG Omi t  52.7 pos '499.9 -324.7 -104.0' spd 325.4 yaw 168 mode 2 st 1 gl 2 hp 52 frg 1
ARGEVT Omi hazard
ARGLOG Reap t  53.1 pos ' 79.1 -238.5 -72.0' spd 318.2 yaw 334 mode 2 st 2 gl 2 hp 100 frg 2
ARGLOG Zeus t  53.2 pos '142.9 -250.2 -296.0' spd 328.7 yaw 323 mode 2 st 3 gl 1 hp 195 frg 2
ARGLOG Omi t  53.2 pos '406.5 -447.3 -104.0' spd 329.2 yaw 150 mode 0 st 1 gl 2 hp 47 frg 1
ARGEVT Omi route 17 start '401.0 -471.0 -104.0' goal '1169.0 -599.0  24.0'
ARGEVT Omi pursue
ARGEVT Zeus pursue
ARGLOG Reap t  53.6 pos '147.1 -250.9 -72.0' spd 320.5 yaw 303 mode 2 st 2 gl 2 hp 100 frg 2
ARGEVT Zeus hazard
ARGLOG Zeus t  53.7 pos '210.9 -238.2 -296.0' spd 334.5 yaw 16 mode 2 st 3 gl 1 hp 194 frg 2
ARGLOG Omi t  53.7 pos '266.6 -456.6 -104.0' spd 342.4 yaw 113 mode 2 st 1 gl 2 hp 42 frg 1
ARGEVT Reap hazard
ARGLOG Reap t  54.1 pos '112.3 -259.3 -72.0' spd 320.5 yaw 292 mode 2 st 2 gl 2 hp 100 frg 2
ARGEVT Omi abandon
ARGEVT Omi goal item_health
ARGLOG Zeus t  54.2 pos '149.1 -238.2 -296.0' spd 320.0 yaw 264 mode 2 st 3 gl 1 hp 194 frg 2
ARGLOG Omi t  54.2 pos '131.6 -388.9 -104.0' spd 120.1 yaw 78 mode 0 st 1 gl 2 hp 26 frg 1
ARGEVT Omi hazard
ARGEVT Omi route 15 start '113.0 -407.0 -104.0' goal '-239.0 -471.0 -72.0'
ARGEVT Reap goal weapon_supernailgun
ARGEVT Reap pursue
ARGLOG Reap t  54.6 pos '164.6 -310.5 -40.0' spd 339.0 yaw 295 mode 1 st 2 gl 2 hp 100 frg 2
ARGEVT Omi route 15 start '113.0 -407.0 -104.0' goal '-239.0 -471.0 -72.0'
ARGLOG Zeus t  54.8 pos '176.4 -229.3 -296.0' spd 349.1 yaw 273 mode 2 st 3 gl 1 hp 163 frg 2
ARGLOG Omi t  54.8 pos '200.7 -398.9 -104.0' spd 320.6 yaw 92 mode 2 st 1 gl 2 hp 26 frg 1
ARGEVT Reap hazard
ARGEVT Omi death
ARGEVT Omi death Zeus pos '216.7 -394.5 -104.0'
ARGEVT Zeus engage Reap
ARGEVT Zeus hazard
ARGEVT Reap engage Zeus
ARGLOG Reap t  55.1 pos '190.1 -384.5  -8.0' spd 126.8 yaw  55.2 mode 1 st 2 gl 2 hp 100 frg 2
ARGLOG Zeus t  55.3 pos '169.8 -275.7 -296.0' spd 326.4 yaw 268.0 mode 2 st 3 gl 1 hp 163 frg 3
ARGEVT Reap pursue
ARGLOG Reap t  55.6 pos '180.8 -322.5 -24.0' spd 355.1 yaw 86 mode 1 st 2 gl 2 hp 100 frg 2
ARGLOG Zeus t  55.8 pos '189.2 -286.1 -296.0' spd 333.7 yaw 25 mode 2 st 3 gl 1 hp 162 frg 3
ARGEVT Reap hazard
ARGEVT Zeus hazard
ARGLOG Reap t  56.1 pos '108.7 -209.5 -72.0' spd 195.2 yaw  48.0 mode 1 st 2 gl 2 hp 100 frg 2
ARGEVT Zeus pursue
ARGLOG Zeus t  56.3 pos '280.8 -238.1 -296.0' spd 313.1 yaw  13.7 mode 2 st 3 gl 1 hp 162 frg 3
ARGEVT Omi respawn
ARGEVT Omi goal weapon_supershotgun
ARGLOG Omi t  56.4 pos '272.0 -952.0  24.0' spd 0 yaw 343.7 mode 0 st 1 gl 2 hp 100 frg 1
ARGEVT Omi route 2 start '305.0 -983.0  24.0' goal '273.0 -1015.0 -104.0'
ARGLOG Reap t  56.7 pos '204.1 -249.2 -72.0' spd 354.9 yaw 14 mode 1 st 2 gl 2 hp 100 frg 2
ARGLOG Zeus t  56.8 pos '289.2 -252.2 -296.0' spd 100.2 yaw  75.5 mode 2 st 3 gl 1 hp 131 frg 3
ARGLOG Omi t  56.9 pos '326.3 -1092.8  24.0' spd 419.2 yaw 179.5 mode 2 st 1 gl 2 hp 100 frg 1
ARGLOG Reap t  57.2 pos '214.4 -226.6 -131.2' spd  42.6 yaw 335 mode 1 st 2 gl 2 hp 100 frg 2
ARGEVT Zeus weapon sg
ARGLOG Zeus t  57.3 pos '330.1 -279.7 -296.0' spd 355.1 yaw 169 mode 2 st 3 gl 1 hp 11 frg 3
ARGEVT Zeus death
ARGEVT Zeus death Reap pos '330.1 -279.7 -296.0'
ARGLOG Omi t  57.4 pos '124.3 -1097.6 -51.2' spd 300.8 yaw  34.1 mode 1 st 1 gl 2 hp 100 frg 1
ARGEVT Reap hazard
ARGLOG Reap t  57.7 pos '218.4 -223.8 -296.0' spd 299.6 yaw  91.9 mode 1 st 2 gl 2 hp 100 frg 3
ARGLOG Omi t  57.9 pos '219.3 -1015.9 -104.0' spd 330.3 yaw 352 mode 1 st 1 gl 2 hp 100 frg 1
ARGLOG Reap t  58.2 pos '144.4 -220.9 -296.0' spd 274.2 yaw  25.3 mode 1 st 2 gl 2 hp 100 frg 3
ARGEVT Omi goal item_health
ARGLOG Omi t  58.5 pos '387.9 -1013.7 -104.0' spd 335.6 yaw 37 mode 1 st 1 gl 2 hp 100 frg 1
ARGEVT Omi goal item_health
ARGEVT Omi goal item_health
ARGEVT Reap hazard
ARGLOG Reap t  58.7 pos '144.4 -220.9 -296.0' spd 205.4 yaw 23 mode 1 st 2 gl 2 hp 100 frg 3
ARGEVT Omi goal item_rockets
ARGEVT Zeus respawn
ARGEVT Omi engage Zeus
ARGEVT Zeus goal item_spikes
ARGEVT Zeus engage Omi
ARGLOG Zeus t  58.9 pos '112.0 -1136.0 -104.0' spd 0 yaw  34.3 mode 1 st 3 gl 1 hp 100 frg 3
ARGLOG Omi t  59.0 pos '459.5 -912.2 -104.0' spd 125.7 yaw 129.7 mode 1 st 1 gl 5 hp 100 frg 1
ARGEVT Omi hazard
ARGLOG Reap t  59.2 pos '144.4 -220.9 -296.0' spd 213.3 yaw 23 mode 1 st 2 gl 2 hp 100 frg 3
ARGEVT Reap stall
ARGEVT Reap jump
ARGLOG Zeus t  59.4 pos '205.3 -1210.9 -72.0' spd 326.9 yaw 56 mode 1 st 3 gl 1 hp 100 frg 3
ARGLOG Omi t  59.5 pos '367.2 -873.9 -104.0' spd 325.9 yaw 250 mode 1 st 1 gl 5 hp 100 frg 1
ARGEVT Omi pursue
ARGEVT Reap routefail
ARGEVT Reap goal weapon_nailgun
ARGEVT Reap route 3 start '145.0 -183.0 -296.0' goal '337.0   9.0 -296.0'
ARGLOG Reap t  59.7 pos '112.0 -166.0 -260.9' spd  20.8 yaw 263.0 mode 2 st 3 gl 2 hp 100 frg 3
ARGLOG Zeus t  59.9 pos '313.1 -1226.2 -24.0' spd 325.0 yaw 104.8 mode 1 st 3 gl 1 hp 76 frg 3
ARGLOG Omi t 60 pos '201.1 -883.2 -104.0' spd 351.8 yaw 295 mode 1 st 1 gl 5 hp 88 frg 1
ARGEVT Zeus goal item_health
ARGEVT Zeus route 3 start '337.0 -1207.0 -24.0' goal '369.0 -983.0 -104.0'
ARGEVT Reap weapon sg
ARGLOG Reap t  60.3 pos '120.1 -176.0 -406.5' spd  30.0 yaw 358 mode 2 st 3 gl 2 hp 90 frg 3
ARGEVT Reap swim
ARGLOG Zeus t  60.5 pos '310.9 -1205.6 -24.0' spd 277.7 yaw 134 mode 2 st 3 gl 1 hp 60 frg 3
ARGLOG Omi t  60.5 pos '103.4 -926.6 -104.0' spd 234.5 yaw 309 mode 1 st 1 gl 5 hp 88 frg 1
ARGEVT Reap weapon lg
ARGLOG Reap t  60.8 pos '218.8 -176.0 -387.2' spd 229.0 yaw 353 mode 2 st 3 gl 2 hp 30 frg 3
ARGEVT Reap swim
ARGEVT Omi pursue
ARGEVT Zeus pursue
ARGLOG Zeus t  61.0 pos '289.6 -1166.4  -8.0' spd 321.9 yaw 124 mode 2 st 3 gl 1 hp 60 frg 3
ARGLOG Omi t  61.0 pos '250.1 -877.0 -104.0' spd 351.4 yaw 286 mode 1 st 1 gl 5 hp 88 frg 1
ARGEVT Reap swim
ARGEVT Reap weapon sg
ARGEVT Reap death
ARGEVT Reap death world pos '292.8 -178.5 -384.0'
ARGLOG Zeus t  61.5 pos ' 82.6 -1131.0 -89.5' spd 573.1 yaw  51.3 mode 2 st 3 gl 1 hp 12 frg 3
ARGLOG Omi t  61.5 pos '229.0 -929.4 -104.0' spd 325.1 yaw 237 mode 1 st 1 gl 5 hp 88 frg 1
ARGEVT Omi hazard
ARGLOG Zeus t  62.0 pos '219.0 -1199.0 -56.0' spd 350.6 yaw 108 mode 2 st 3 gl 1 hp 12 frg 3
ARGEVT Zeus death
ARGEVT Zeus death Omi pos '253.7 -1191.3 -40.0'
ARGLOG Omi t  62.1 pos ' 93.2 -897.3 -104.0' spd  78.7 yaw 303 mode 1 st 1 gl 5 hp 72 frg 2
ARGLOG Omi t  62.6 pos '254.0 -902.7 -104.0' spd 325.6 yaw 23 mode 1 st 1 gl 5 hp 72 frg 2
ARGEVT Reap respawn
ARGEVT Reap goal weapon_rocketlauncher
ARGLOG Reap t  62.7 pos '776.0 -808.0 -232.0' spd 0 yaw 106.3 mode 1 st 3 gl 2 hp 100 frg 2
ARGEVT Reap hazard
ARGLOG Omi t  63.1 pos '410.2 -845.6 -104.0' spd 321.0 yaw  13.2 mode 1 st 1 gl 5 hp 72 frg 2
ARGEVT Omi goal item_rockets
ARGLOG Reap t  63.2 pos '720.0 -775.0 -218.1' spd 325.7 yaw 272.4 mode 1 st 3 gl 2 hp 100 frg 2
ARGEVT Omi hazard
ARGEVT Omi goal item_spikes
ARGEVT Omi route 7 start '401.0 -759.0 -104.0' goal '305.0 -855.0  24.0'
ARGEVT Reap goal item_health
ARGEVT Reap route 9 start '721.0 -887.0 -232.0' goal '401.0 -887.0 -104.0'
ARGEVT Zeus respawn
ARGLOG Omi t  63.6 pos '398.6 -839.8 -104.0' spd 352.7 yaw 159.2 mode 2 st 1 gl 5 hp 72 frg 2
ARGEVT Zeus goal item_spikes
ARGLOG Zeus t  63.7 pos '784.0 -176.0  24.0' spd 0 yaw 196.6 mode 0 st 3 gl 1 hp 100 frg 3
ARGEVT Zeus route 3 start '753.0 -151.0  24.0' goal '881.0 -567.0  24.0'
ARGLOG Reap t  63.7 pos '368.0  56.0 -261.0' spd 300 yaw 275 mode 0 st 3 gl 2 hp 100 frg 2
ARGEVT Reap route 8 start '369.0 105.0 -288.0' goal '401.0 -887.0 -104.0'
ARGEVT Zeus hazard
ARGLOG Omi t  64.1 pos '225.5 -815.4 -104.0' spd 360.6 yaw 224 mode 2 st 1 gl 5 hp 72 frg 2
ARGLOG Zeus t  64.2 pos '713.7 -206.4  24.0' spd 282.2 yaw 339 mode 2 st 3 gl 1 hp 100 frg 3
ARGLOG Reap t  64.2 pos '375.8 -102.2 -296.0' spd 322.8 yaw 288 mode 2 st 3 gl 2 hp 100 frg 2
ARGEVT Reap hazard
ARGLOG Omi t  64.6 pos ' 94.8 -926.3 -104.0' spd 339.4 yaw 268 mode 2 st 1 gl 5 hp 72 frg 2
ARGLOG Zeus t  64.7 pos '862.8 -286.2  24.0' spd 388.0 yaw 266.3 mode 2 st 3 gl 1 hp 100 frg 3
ARGLOG Reap t  64.7 pos '396.5 -115.9 -296.0' spd 204.0 yaw 334 mode 2 st 3 gl 2 hp 100 frg 2
ARGLOG Omi t  65.1 pos ' 81.8 -1090.6 -104.0' spd 320.0 yaw 270 mode 2 st 1 gl 5 hp 72 frg 2
ARGLOG Zeus t  65.2 pos '877.8 -450.7  24.0' spd 321.1 yaw 260 mode 1 st 3 gl 1 hp 100 frg 3
ARGLOG Reap t  65.2 pos '399.7 -104.5 -296.0' spd 211.9 yaw 331 mode 2 st 3 gl 2 hp 100 frg 2
ARGEVT Reap hazard
ARGEVT Omi jump
ARGEVT Zeus goal item_armor2
ARGLOG Omi t  65.7 pos '152.4 -1232.0 -66.3' spd 188.7 yaw 7 mode 2 st 1 gl 5 hp 72 frg 2
ARGLOG Zeus t  65.7 pos '912.6 -614.9  24.0' spd 403.3 yaw 5 mode 1 st 3 gl 1 hp 100 frg 3
ARGLOG Reap t  65.8 pos '399.7 -104.5 -296.0' spd 214.9 yaw 331 mode 2 st 3 gl 2 hp 100 frg 2
ARGEVT Reap stall
ARGEVT Reap stallnode '593.0 -215.0 -296.0'
ARGEVT Reap jump
ARGLOG Omi t  66.2 pos '289.4 -1219.2 -24.0' spd 331.4 yaw  45.0 mode 2 st 1 gl 5 hp 72 frg 2
ARGLOG Zeus t  66.2 pos '1077.1 -608.6  24.0' spd 320.6 yaw 15 mode 1 st 3 gl 1 hp 100 frg 3
ARGEVT Reap route 7 start '401.0 -183.0 -296.0' goal '401.0 -887.0 -104.0'
ARGLOG Reap t  66.3 pos '405.5 -61.1 -261.6' spd 217.9 yaw 200.7 mode 2 st 4 gl 2 hp 100 frg 2
ARGEVT Zeus goal item_spikes
ARGEVT Zeus route 2 start '1073.0 -567.0  24.0' goal '945.0 -567.0 -104.0'
ARGEVT Zeus hazard
ARGLOG Omi t  66.7 pos '358.8 -1063.7  24.0' spd 340.6 yaw 104 mode 2 st 1 gl 5 hp 72 frg 2
ARGLOG Zeus t  66.7 pos '1193.0 -578.9  24.0' spd 136.9 yaw 163.2 mode 2 st 3 gl 1 hp 100 frg 3
ARGEVT Reap hazard
ARGLOG Reap t  66.8 pos '321.5 -58.7 -296.0' spd 249.5 yaw 303 mode 2 st 4 gl 2 hp 100 frg 2
ARGLOG Omi t  67.2 pos '316.8 -903.8  24.0' spd 321.1 yaw 117 mode 1 st 1 gl 5 hp 72 frg 2
ARGLOG Zeus t  67.3 pos '1030.1 -561.1  24.0' spd 327.3 yaw 212.0 mode 1 st 3 gl 1 hp 100 frg 3
ARGLOG Reap t  67.3 pos '404.8 -158.0 -296.0' spd 376.4 yaw 344 mode 2 st 4 gl 2 hp 100 frg 2
ARGEVT Omi goal item_rockets
ARGEVT Omi route 2 start '305.0 -855.0  24.0' goal ' 81.0 -823.0 -104.0'
ARGLOG Omi t  67.7 pos '208.0 -787.5  24.0' spd  36.5 yaw 225.9 mode 2 st 1 gl 5 hp 72 frg 2
ARGLOG Zeus t  67.8 pos '1014.0 -626.5  24.0' spd 320.7 yaw  16.4 mode 1 st 3 gl 1 hp 100 frg 3
ARGLOG Reap t  67.8 pos '524.4 -239.1 -296.0' spd 333.3 yaw 19 mode 2 st 4 gl 2 hp 100 frg 2
ARGEVT Zeus hazard
ARGLOG Omi t  68.2 pos '272.3 -924.7  24.0' spd 404.9 yaw  31.7 mode 2 st 1 gl 5 hp 72 frg 2
ARGLOG Zeus t  68.3 pos '1019.5 -559.1  24.0' spd 326.3 yaw 182.2 mode 1 st 3 gl 1 hp 100 frg 3
ARGLOG Reap t  68.3 pos '648.5 -127.0 -296.0' spd 336.1 yaw 95 mode 2 st 4 gl 2 hp 100 frg 2
ARGLOG Omi t  68.7 pos '340.4 -783.7  24.0' spd 437.6 yaw 196.8 mode 2 st 1 gl 5 hp 72 frg 2
ARGLOG Zeus t  68.8 pos '906.2 -621.8  24.0' spd 161.8 yaw 347.3 mode 1 st 3 gl 1 hp 100 frg 3
ARGLOG Reap t  68.9 pos '648.4  39.4 -296.0' spd 320.8 yaw 103 mode 2 st 4 gl 2 hp 100 frg 2
ARGEVT Omi engage Reap
ARGEVT Reap engage Omi
ARGLOG Omi t  69.3 pos '213.8 -878.6  24.0' spd 326.2 yaw 345.4 mode 2 st 1 gl 5 hp 72 frg 2
ARGLOG Zeus t  69.3 pos '1049.4 -578.7  24.0' spd 385.6 yaw  98.9 mode 1 st 3 gl 1 hp 100 frg 3
ARGEVT Reap weapon ng
ARGEVT Zeus hazard
ARGLOG Reap t  69.4 pos '372.6 -887.4  24.0' spd 345.3 yaw 194 mode 2 st 4 gl 2 hp 100 frg 2
ARGEVT Omi hazard
ARGLOG Omi t  69.8 pos '225.5 -1030.9  24.0' spd  85.0 yaw 3 mode 2 st 1 gl 5 hp 63 frg 2
ARGLOG Zeus t  69.8 pos '931.5 -580.3  24.0' spd 382.5 yaw 264.0 mode 1 st 3 gl 1 hp 100 frg 3
ARGLOG Reap t  69.9 pos '368.0 -1053.0  24.0' spd 541.4 yaw 164.4 mode 2 st 4 gl 2 hp 92 frg 2
ARGEVT Reap weapon rl
ARGLOG Omi t  70.3 pos '328.5 -917.5  24.0' spd 363.6 yaw 257 mode 2 st 1 gl 5 hp 63 frg 2
ARGEVT Reap route 3 start '337.0 -1207.0 -24.0' goal '401.0 -887.0 -104.0'
ARGLOG Zeus t  70.3 pos '1019.8 -611.3  24.0' spd 364.6 yaw  68.8 mode 1 st 3 gl 1 hp 100 frg 3
ARGLOG Reap t  70.4 pos '241.9 -1183.4 -40.0' spd 372.3 yaw 57 mode 2 st 4 gl 2 hp 92 frg 2
ARGEVT Zeus hazard
ARGEVT Omi pursue
ARGLOG Omi t  70.8 pos '478.7 -988.4  24.0' spd 329.0 yaw 222 mode 2 st 1 gl 5 hp 63 frg 2
ARGEVT Reap pursue
ARGLOG Zeus t  70.9 pos '962.8 -564.0  24.0' spd 351.7 yaw 233.6 mode 1 st 3 gl 1 hp 100 frg 3
ARGLOG Reap t  70.9 pos '132.2 -1068.8 -104.0' spd 371.5 yaw 31 mode 2 st 4 gl 2 hp 92 frg 2
ARGLOG Omi t  71.3 pos '344.8 -1052.2  24.0' spd 368.6 yaw 238 mode 2 st 1 gl 5 hp 63 frg 2
ARGLOG Zeus t  71.4 pos '935.2 -618.5  24.0' spd 310.0 yaw 9 mode 1 st 3 gl 1 hp 100 frg 3
ARGLOG Reap t  71.4 pos '261.8 -957.5 -104.0' spd 323.1 yaw 18 mode 1 st 4 gl 2 hp 92 frg 2
ARGEVT Zeus hazard
ARGLOG Omi t  71.8 pos '279.0 -1209.9  -7.4' spd 368.9 yaw 144.4 mode 0 st 1 gl 5 hp 63 frg 2
ARGLOG Zeus t  71.9 pos '1055.4 -560.0  24.0' spd 125.6 yaw 133.2 mode 1 st 3 gl 1 hp 100 frg 3
ARGEVT Reap goal item_health
ARGLOG Reap t  71.9 pos '427.0 -928.9 -104.0' spd 346.9 yaw   8.9 mode 1 st 4 gl 2 hp 100 frg 2
ARGEVT Reap hazard
ARGEVT Omi route 2 start '177.0 -1207.0 -72.0' goal ' 81.0 -823.0 -104.0'
ARGLOG Omi t  72.4 pos '176.1 -1124.5 -72.0' spd 377.4 yaw  43.7 mode 2 st 1 gl 5 hp 63 frg 2
ARGLOG Zeus t  72.4 pos '904.0 -616.7  24.0' spd 405.4 yaw 298.3 mode 1 st 3 gl 1 hp 100 frg 3
ARGLOG Reap t  72.5 pos '452.9 -1040.0 -104.0' spd 133.9 yaw 204.1 mode 1 st 4 gl 2 hp 100 frg 2
ARGEVT Reap goal item_rockets
ARGEVT Reap route 2 start '369.0 -983.0 -104.0' goal ' 81.0 -823.0 -104.0'
ARGLOG Omi t  72.9 pos '211.8 -942.0 -104.0' spd 320.2 yaw 3 mode 2 st 1 gl 5 hp 63 frg 2
ARGLOG Zeus t  72.9 pos '995.2 -609.8  24.0' spd 320.2 yaw 20 mode 1 st 3 gl 1 hp 100 frg 3
ARGLOG Reap t  73.0 pos '436.7 -895.3 -104.0' spd 322.3 yaw 182 mode 2 st 4 gl 3 hp 100 frg 2
ARGEVT Zeus hazard
ARGLOG Omi t  73.4 pos '234.6 -779.4 -104.0' spd 320.0 yaw 1 mode 1 st 1 gl 5 hp 63 frg 2
ARGLOG Zeus t  73.4 pos '1105.3 -560.0  24.0' spd 220.2 yaw 183.8 mode 1 st 3 gl 1 hp 100 frg 3
ARGLOG Reap t  73.5 pos '444.4 -786.9 -104.0' spd 213.1 yaw 187 mode 0 st 4 gl 3 hp 95 frg 2
ARGEVT Reap route 2 start '401.0 -759.0 -104.0' goal ' 81.0 -823.0 -104.0'
ARGEVT Reap weapon ng
ARGLOG Omi t  73.9 pos '269.0 -904.8 -104.0' spd 320.3 yaw 355 mode 1 st 1 gl 5 hp 63 frg 2
ARGLOG Zeus t  73.9 pos '989.3 -630.6  24.0' spd 257.8 yaw 315.6 mode 1 st 3 gl 1 hp 100 frg 3
ARGLOG Reap t  74.0 pos '436.7 -952.7 -104.0' spd 392.8 yaw 184 mode 2 st 4 gl 3 hp 88 frg 2
ARGLOG Omi t  74.4 pos '291.0 -1011.5 -104.0' spd 208.2 yaw 8 mode 1 st 1 gl 5 hp 54 frg 2
ARGLOG Zeus t  74.5 pos '1055.1 -564.0  24.0' spd 341.6 yaw 121.0 mode 1 st 3 gl 1 hp 100 frg 3
ARGLOG Reap t  74.5 pos '443.8 -962.7 -104.0' spd 320.0 yaw 184 mode 2 st 4 gl 3 hp 88 frg 2
ARGLOG Omi t  74.9 pos '299.1 -846.9 -104.0' spd 322.5 yaw 10 mode 1 st 1 gl 5 hp 36 frg 2
ARGLOG Zeus t  75.0 pos '921.5 -601.0  24.0' spd 398.1 yaw 285.5 mode 1 st 3 gl 1 hp 100 frg 3
ARGEVT Zeus hazard
ARGLOG Reap t  75.0 pos '461.7 -792.3 -104.0' spd 325.9 yaw 187 mode 2 st 4 gl 3 hp 81 frg 2
ARGLOG Omi t  75.4 pos '326.5 -699.3 -104.0' spd 347.4 yaw 309.3 mode 1 st 1 gl 5 hp 27 frg 2
ARGLOG Zeus t  75.5 pos '987.1 -610.1  24.0' spd 320.0 yaw 9 mode 1 st 3 gl 1 hp 100 frg 3
ARGEVT Reap weapon rl
ARGLOG Reap t  75.5 pos '387.3 -867.1 -104.0' spd 355.4 yaw 107 mode 2 st 4 gl 3 hp 81 frg 2
ARGLOG Omi t  76.0 pos '327.2 -687.5 -104.0' spd 260.6 yaw 253 mode 1 st 1 gl 5 hp 27 frg 2
ARGLOG Zeus t  76.0 pos '1068.3 -560.0  24.0' spd 255.6 yaw 173.2 mode 1 st 3 gl 1 hp 100 frg 3
ARGLOG Reap t  76.1 pos '211.9 -929.3 -104.0' spd 345.6 yaw  62.1 mode 2 st 4 gl 3 hp 74 frg 2
ARGEVT Zeus hazard
ARGLOG Omi t  76.5 pos '381.0 -811.7 -104.0' spd 322.7 yaw 186 mode 1 st 1 gl 5 hp 27 frg 2
ARGLOG Zeus t  76.5 pos '961.2 -624.0  24.0' spd 207.4 yaw 338.3 mode 1 st 3 gl 1 hp 100 frg 3
ARGEVT Omi goal item_health
ARGLOG Reap t  76.6 pos ' 80.6 -802.4 -104.0' spd 327.3 yaw 351 mode 1 st 4 gl 3 hp 48 frg 2
ARGEVT Omi route 11 start '401.0 -887.0 -104.0' goal '497.0 -471.0  24.0'
ARGEVT Reap goal item_health
ARGEVT Reap route 14 start ' 81.0 -823.0 -104.0' goal '-239.0 -471.0 -72.0'
ARGLOG Omi t  77.0 pos '343.4 -974.6 -104.0' spd 326.4 yaw 145 mode 2 st 1 gl 5 hp 27 frg 2
ARGLOG Zeus t  77.0 pos '1088.5 -561.1  24.0' spd 130.2 yaw 143.4 mode 1 st 3 gl 1 hp 100 frg 3
ARGLOG Reap t  77.1 pos '120.6 -778.3 -104.0' spd 336.1 yaw 311.1 mode 2 st 4 gl 3 hp 24 frg 2
ARGEVT Reap hazard
ARGEVT Zeus hazard
ARGLOG Omi t  77.5 pos '205.6 -1069.3 -104.0' spd 343.5 yaw 80 mode 2 st 1 gl 5 hp 27 frg 2
ARGLOG Zeus t  77.6 pos '951.1 -612.0  24.0' spd 408.7 yaw 308.5 mode 1 st 3 gl 1 hp 100 frg 3
ARGLOG Reap t  77.6 pos '279.1 -772.6 -104.0' spd 328.7 yaw 243 mode 2 st 4 gl 3 hp 24 frg 2
ARGEVT Reap death
ARGEVT Reap death Omi pos '326.3 -791.7 -104.0'
ARGLOG Omi t  78.0 pos '129.4 -1009.0 -104.0' spd 349.1 yaw 330.1 mode 2 st 1 gl 5 hp 27 frg 3
ARGLOG Zeus t  78.1 pos '1100.4 -573.0  24.0' spd 400.3 yaw 112.4 mode 1 st 3 gl 1 hp 100 frg 3
ARGEVT Omi hazard
ARGLOG Omi t  78.5 pos '215.7 -1133.9 -104.0' spd 385.1 yaw 209 mode 2 st 1 gl 5 hp 27 frg 3
ARGLOG Zeus t  78.6 pos '963.2 -594.3  24.0' spd 388.8 yaw 275.6 mode 1 st 3 gl 1 hp 100 frg 3
ARGEVT Zeus hazard
ARGEVT Omi jump
ARGLOG Omi t  79.0 pos ' 80.0 -1221.3 -66.3' spd 289.4 yaw 347.5 mode 2 st 1 gl 5 hp 27 frg 3
ARGLOG Zeus t  79.1 pos '1043.8 -603.9  24.0' spd 274.1 yaw  80.4 mode 1 st 3 gl 1 hp 100 frg 3
ARGEVT Reap respawn
ARGEVT Reap goal item_rockets
ARGLOG Reap t  79.3 pos '-64.0 512.0 -296.0' spd 0 yaw 253.7 mode 1 st 4 gl 3 hp 100 frg 2
ARGLOG Omi t  79.6 pos '115.3 -1229.5 -104.0' spd 303.0 yaw 5 mode 2 st 1 gl 5 hp 27 frg 3
ARGLOG Zeus t  79.6 pos '947.9 -563.7  24.0' spd 368.6 yaw 244.5 mode 1 st 3 gl 1 hp 100 frg 3
ARGEVT Reap hazard
ARGEVT Zeus hazard
ARGLOG Reap t  79.9 pos '-144.0 438.6 -296.0' spd 216.3 yaw  89.2 mode 1 st 4 gl 3 hp 100 frg 2
ARGLOG Omi t  80.1 pos '278.9 -1215.2 -24.0' spd 320.0 yaw  23.6 mode 2 st 1 gl 5 hp 27 frg 3
ARGLOG Zeus t  80.1 pos '979.6 -621.0  24.0' spd 329.3 yaw 32 mode 1 st 3 gl 1 hp 100 frg 3
ARGEVT Reap goal item_health
ARGLOG Reap t  80.4 pos '-102.6 554.6 -296.0' spd 343.0 yaw 29 mode 1 st 4 gl 3 hp 100 frg 2
ARGLOG Omi t  80.6 pos '352.7 -1098.2  24.0' spd 320 yaw 112 mode 2 st 1 gl 5 hp 27 frg 3
ARGEVT Reap goal weapon_rocketlauncher
ARGEVT Reap route 4 start '-15.0 553.0 -296.0' goal ' 49.0 105.0 -296.0'
ARGLOG Zeus t  80.6 pos '994.4 -557.8  24.0' spd 321.2 yaw 198.1 mode 1 st 3 gl 1 hp 100 frg 3
ARGLOG Reap t  80.9 pos ' -5.4 570.5 -296.0' spd 320.1 yaw 263.1 mode 2 st 4 gl 3 hp 200 frg 2
ARGEVT Zeus hazard
ARGLOG Omi t  81.1 pos '313.7 -938.3  24.0' spd 321.8 yaw 92 mode 2 st 1 gl 5 hp 27 frg 3
ARGLOG Zeus t  81.2 pos '946.1 -624.0  24.0' spd 324.6 yaw   2.6 mode 1 st 3 gl 1 hp 100 frg 3
ARGEVT Reap hazard
ARGLOG Reap t  81.4 pos '-74.6 423.7 -296.0' spd 377.7 yaw 251 mode 2 st 4 gl 3 hp 200 frg 2
ARGLOG Omi t  81.6 pos '305.3 -773.3  24.0' spd 320.1 yaw 90 mode 2 st 1 gl 5 hp 27 frg 3
ARGLOG Zeus t  81.7 pos '1027.0 -560.0  24.0' spd 302.0 yaw 166.8 mode 1 st 3 gl 1 hp 100 frg 3
ARGLOG Reap t  81.9 pos '-96.1 307.4 -296.0' spd 368.2 yaw 238 mode 2 st 4 gl 3 hp 200 frg 2
ARGEVT Zeus hazard
ARGLOG Omi t  82.1 pos '305.3 -608.8  24.0' spd 320.0 yaw 90 mode 2 st 1 gl 5 hp 27 frg 3
ARGLOG Zeus t  82.2 pos '903.3 -615.9  24.0' spd 326.5 yaw 331.3 mode 1 st 3 gl 1 hp 100 frg 3
ARGLOG Reap t  82.4 pos '-120.2 143.2 -296.0' spd 397.9 yaw 305.2 mode 2 st 4 gl 3 hp 200 frg 2
ARGLOG Omi t  82.6 pos '390.5 -466.0  24.0' spd 350.6 yaw 358 mode 1 st 1 gl 5 hp 27 frg 3
ARGLOG Zeus t  82.7 pos '1028.8 -599.4  24.0' spd 363.0 yaw  74.6 mode 1 st 3 gl 1 hp 100 frg 3
ARGEVT Reap hazard
ARGEVT Omi goal weapon_lightning
ARGLOG Reap t  83.0 pos '-16.0  43.2 -296.0' spd 207.7 yaw 12 mode 1 st 4 gl 3 hp 200 frg 2
ARGEVT Omi route 2 start '497.0 -471.0  24.0' goal '529.0 -311.0 -104.0'
ARGLOG Omi t  83.2 pos '560.0 -453.6  24.0' spd  73.8 yaw  54.9 mode 2 st 1 gl 5 hp 52 frg 3
ARGLOG Zeus t  83.2 pos '948.2 -558.8  24.0' spd 363.8 yaw 238.4 mode 1 st 3 gl 1 hp 100 frg 3
ARGEVT Reap goal 
ARGEVT Reap route 5 start ' 49.0 105.0 -296.0' goal '241.0 -87.0 -440.0'
ARGEVT Zeus hazard
ARGLOG Reap t  83.5 pos '112.0  62.7 -296.0' spd 302.6 yaw 272.4 mode 2 st 4 gl 3 hp 200 frg 2
ARGLOG Omi t  83.7 pos '512.8 -301.0  21.9' spd 330.4 yaw  87.8 mode 1 st 1 gl 5 hp 52 frg 3
ARGLOG Zeus t  83.7 pos '974.0 -621.9  24.0' spd 328.5 yaw 28 mode 1 st 3 gl 1 hp 100 frg 3
ARGLOG Reap t  84.0 pos '-58.3  40.3 -296.0' spd 355.9 yaw 239.5 mode 2 st 4 gl 3 hp 200 frg 2
ARGEVT Reap hazard
ARGLOG Omi t  84.2 pos '515.7 -162.2 -104.0' spd 306.6 yaw 282.7 mode 1 st 1 gl 5 hp 52 frg 3
ARGLOG Zeus t  84.2 pos '993.7 -555.9  24.0' spd 320.5 yaw 192.8 mode 1 st 3 gl 1 hp 100 frg 3
ARGLOG Reap t  84.5 pos '-59.9 -121.6 -296.0' spd 330.3 yaw 302 mode 2 st 4 gl 3 hp 200 frg 2
ARGEVT Zeus hazard
ARGEVT Omi goal item_armor1
ARGLOG Omi t  84.7 pos '533.0 -316.8 -104.0' spd 390.7 yaw 180.5 mode 1 st 1 gl 5 hp 52 frg 3
ARGLOG Zeus t  84.8 pos '929.3 -624.0  24.0' spd 335.9 yaw 357.3 mode 1 st 3 gl 1 hp 100 frg 3
ARGEVT Omi engage Reap
ARGEVT Omi weapon ssg
ARGEVT Reap engage Omi
ARGEVT Omi hazard
ARGLOG Reap t  85.0 pos ' 27.6 -246.9 -296.0' spd 213.1 yaw 355 mode 2 st 4 gl 3 hp 200 frg 2
ARGEVT Omi weapon lg
ARGLOG Omi t  85.2 pos '465.1 -340.2 -104.0' spd 195.7 yaw 164 mode 1 st 1 gl 5 hp 52 frg 3
ARGLOG Zeus t  85.3 pos '1042.9 -560.0  24.0' spd 191.1 yaw 147.9 mode 1 st 3 gl 1 hp 100 frg 3
ARGEVT Reap hazard
ARGLOG Reap t  85.5 pos ' 87.0 -225.4 -296.0' spd 392.0 yaw 334 mode 2 st 4 gl 3 hp 169 frg 2
ARGEVT Zeus hazard
ARGLOG Omi t  85.7 pos '465.1 -340.2 -104.0' spd 222.5 yaw 167 mode 1 st 1 gl 5 hp 52 frg 3
ARGLOG Zeus t  85.8 pos '902.4 -612.2  24.0' spd 412.9 yaw 312.4 mode 1 st 3 gl 1 hp 100 frg 3
ARGEVT Omi weapon ssg
ARGEVT Omi hazard
ARGLOG Reap t  86.0 pos '  0.2 -243.9 -296.0' spd 307.9 yaw 342 mode 2 st 4 gl 3 hp 79 frg 2
ARGLOG Omi t  86.3 pos '465.1 -340.2 -104.0' spd 209.4 yaw 165 mode 1 st 1 gl 5 hp 52 frg 3
ARGLOG Zeus t  86.3 pos '1051.8 -567.6  24.0' spd 402.4 yaw 116.2 mode 1 st 3 gl 1 hp 100 frg 3
ARGEVT Zeus abandon
ARGEVT Zeus goal item_armor2
ARGLOG Reap t  86.6 pos ' 16.6 -231.0 -296.0' spd 103.0 yaw 344 mode 2 st 4 gl 3 hp 75 frg 2
ARGEVT Omi death
ARGEVT Omi death Reap pos '465.1 -340.2 -104.0'
ARGLOG Zeus t  86.8 pos '925.2 -489.5  17.8' spd 400.0 yaw  50.6 mode 1 st 3 gl 1 hp 100 frg 3
ARGEVT Reap hazard
ARGLOG Reap t  87.1 pos ' 71.7 -213.7 -296.0' spd 413.9 yaw 56 mode 2 st 4 gl 3 hp 75 frg 3
ARGLOG Zeus t  87.3 pos '926.6 -414.6 -104.0' spd 172.3 yaw 320 mode 1 st 3 gl 1 hp 100 frg 3
ARGLOG Reap t  87.6 pos '114.3 -208.0 -296.0' spd 309.9 yaw 91 mode 2 st 4 gl 3 hp 75 frg 3
ARGEVT Zeus hazard
ARGLOG Zeus t  87.8 pos '1033.5 -530.0 -104.0' spd 342.9 yaw 279 mode 1 st 3 gl 1 hp 100 frg 3
ARGLOG Reap t  88.1 pos '250.0 -197.2 -296.0' spd 363.8 yaw  62.0 mode 1 st 4 gl 3 hp 75 frg 3
ARGEVT Reap hazard
ARGEVT Omi respawn
ARGEVT Omi goal item_health
ARGLOG Omi t  88.3 pos '-64.0 -232.0 -72.0' spd 0 yaw 343.4 mode 0 st 1 gl 5 hp 100 frg 3
ARGEVT Omi route 2 start '-47.0 -215.0 -72.0' goal '-239.0 -471.0 -72.0'
ARGLOG Zeus t  88.4 pos '1040.0 -637.3 -104.0' spd 152.8 yaw  67.5 mode 1 st 3 gl 1 hp 100 frg 3
ARGEVT Omi hazard
ARGEVT Reap abandon
ARGEVT Reap goal 
ARGLOG Reap t  88.6 pos '206.0 -200.0 -296.0' spd 130.1 yaw 315.7 mode 0 st 4 gl 3 hp 75 frg 3
ARGEVT Reap route 2 start '145.0 -183.0 -296.0' goal '401.0 -311.0 -440.0'
ARGLOG Omi t  88.8 pos '  5.3 -272.0 -72.0' spd 242.9 yaw 215 mode 2 st 1 gl 5 hp 100 frg 3
ARGLOG Zeus t  88.9 pos '1040.0 -469.8 -104.0' spd 304.6 yaw 350.8 mode 1 st 3 gl 1 hp 100 frg 3
ARGEVT Zeus hazard
ARGLOG Reap t  89.1 pos '138.5 -258.5 -296.0' spd 330.1 yaw 149.9 mode 2 st 4 gl 3 hp 75 frg 3
ARGEVT Reap hazard
ARGLOG Omi t  89.3 pos '-144.0 -344.8 -72.0' spd 330.7 yaw 234 mode 2 st 1 gl 5 hp 100 frg 3
ARGEVT Zeus stall
ARGLOG Zeus t  89.4 pos '1038.8 -546.5 -104.0' spd 322.9 yaw 477.2 mode 0 st 4 gl 1 hp 100 frg 3
ARGEVT Zeus jump
ARGEVT Omi goal item_health
ARGEVT Omi goal item_spikes
ARGLOG Reap t  89.6 pos ' 69.9 -208.0 -296.0' spd 178.4 yaw 18 mode 2 st 4 gl 3 hp 75 frg 3
ARGEVT Zeus route 20 start '945.0 -567.0 -104.0' goal '1169.0 -599.0  24.0'
ARGLOG Omi t  89.8 pos '-209.6 -507.0 -72.0' spd 337.4 yaw 269.3 mode 1 st 1 gl 7 hp 100 frg 3
ARGLOG Zeus t  89.9 pos '1028.8 -556.2 -81.1' spd  51.0 yaw 121.3 mode 2 st 4 gl 1 hp 100 frg 3
ARGEVT Omi hazard
ARGLOG Reap t  90.2 pos '221.3 -231.0 -296.0' spd 394.6 yaw 257.5 mode 2 st 4 gl 3 hp 75 frg 3
ARGEVT Reap hazard
ARGLOG Omi t  90.3 pos '-190.3 -575.8 -72.0' spd 321.4 yaw 42 mode 1 st 1 gl 7 hp 100 frg 3
ARGLOG Zeus t  90.4 pos '918.3 -545.2 -104.0' spd 321.1 yaw 188 mode 2 st 4 gl 1 hp 100 frg 3
ARGEVT Omi goal weapon_grenadelauncher
ARGEVT Omi route 6 start '-143.0 -503.0 -72.0' goal '113.0 -407.0 -104.0'
ARGLOG Reap t  90.7 pos '129.8 -280.7 -296.0' spd 243.2 yaw 255 mode 2 st 4 gl 3 hp 75 frg 3
ARGLOG Omi t  90.8 pos '-83.9 -439.1 -72.0' spd 385.5 yaw 335.9 mode 2 st 1 gl 7 hp 100 frg 3
ARGLOG Zeus t  90.9 pos '754.2 -571.5 -136.0' spd 346.3 yaw 239.6 mode 2 st 4 gl 1 hp 100 frg 3
ARGEVT Zeus hazard
ARGLOG Reap t  91.2 pos '129.8 -280.7 -296.0' spd 117.2 yaw 255 mode 2 st 4 gl 3 hp 75 frg 3
ARGEVT Reap hazard
ARGLOG Omi t  91.3 pos '-40.3 -564.7 -72.0' spd 347.3 yaw 213 mode 2 st 1 gl 7 hp 100 frg 3
ARGEVT Reap stall
ARGEVT Reap stallnode '113.0 -343.0 -440.0'
ARGEVT Reap jump
ARGLOG Zeus t  91.4 pos '752.0 -718.9 -180.5' spd 321.8 yaw 260 mode 2 st 4 gl 1 hp 100 frg 3
ARGEVT Reap route 2 start '113.0 -279.0 -296.0' goal '401.0 -311.0 -440.0'
ARGEVT Omi route 4 start '753.0 -151.0  24.0' goal '113.0 -407.0 -104.0'
ARGLOG Reap t  91.7 pos '160.9 -262.7 -257.1' spd 115.7 yaw 330.1 mode 2 st 5 gl 3 hp 75 frg 3
ARGLOG Omi t  91.9 pos '820.5 -190.9  24.0' spd 261.7 yaw 227.8 mode 2 st 1 gl 7 hp 100 frg 3
ARGLOG Zeus t  92.0 pos '732.9 -885.1 -232.0' spd 321.8 yaw 258.6 mode 0 st 4 gl 1 hp 100 frg 3
ARGEVT Zeus hazard
ARGEVT Omi hazard
ARGEVT Zeus engage Reap
ARGEVT Reap engage Zeus
ARGEVT Zeus route 17 start '721.0 -887.0 -232.0' goal '1169.0 -599.0  24.0'
ARGLOG Reap t  92.2 pos '208.4 -272.0 -296.0' spd 248.2 yaw 189.7 mode 2 st 5 gl 3 hp 75 frg 3
ARGLOG Omi t  92.4 pos '816.0 -260.2  24.0' spd 217.5 yaw 164 mode 2 st 1 gl 7 hp 100 frg 3
ARGEVT Zeus route 16 start '337.0   9.0 -296.0' goal '1169.0 -599.0  24.0'
ARGLOG Zeus t  92.5 pos '373.4 -54.0 -296.0' spd 360.1 yaw 233 mode 2 st 4 gl 1 hp 100 frg 3
ARGLOG Reap t  92.7 pos '168.9 -247.2 -296.0' spd 294.7 yaw  81.5 mode 2 st 5 gl 3 hp 67 frg 3
ARGEVT Reap hazard
ARGLOG Omi t  92.9 pos '816.0 -260.2  24.0' spd 209.7 yaw 164 mode 2 st 1 gl 7 hp 100 frg 3
ARGLOG Zeus t  93.0 pos '363.0 -104.7 -296.0' spd 320.5 yaw 211 mode 2 st 4 gl 1 hp 100 frg 3
ARGEVT Omi hazard
ARGEVT Omi stall
ARGEVT Omi stallnode '529.0 -183.0 -104.0'
ARGEVT Omi jump
ARGLOG Reap t  93.2 pos '185.3 -251.2 -296.0' spd 145.0 yaw  30.3 mode 2 st 5 gl 3 hp 43 frg 3
ARGEVT Omi route 5 start '817.0 -247.0  24.0' goal '113.0 -407.0 -104.0'
ARGEVT Zeus hazard
ARGLOG Omi t  93.4 pos '816.0 -324.1  62.9' spd 207.5 yaw 353.8 mode 2 st 2 gl 7 hp 100 frg 3
ARGLOG Zeus t  93.5 pos '365.9 -164.6 -296.0' spd 321.8 yaw 204 mode 2 st 4 gl 1 hp 100 frg 3
ARGLOG Reap t  93.8 pos '173.5 -232.6 -296.0' spd 140.2 yaw 349 mode 2 st 5 gl 3 hp 19 frg 3
ARGLOG Omi t  93.9 pos '869.6 -320.3  24.0' spd 345.4 yaw 124 mode 2 st 2 gl 7 hp 100 frg 3
ARGLOG Zeus t  94.0 pos '364.9 -224.2 -296.0' spd 316.0 yaw 176 mode 2 st 4 gl 1 hp 84 frg 3
ARGEVT Reap weapon sg
ARGEVT Reap death
ARGEVT Reap death Zeus pos '194.7 -245.5 -296.0'
ARGLOG Omi t  94.4 pos '787.9 -173.8  24.0' spd 324.7 yaw 158.3 mode 2 st 2 gl 7 hp 100 frg 3
ARGEVT Zeus hazard
ARGLOG Zeus t  94.5 pos '259.9 -243.1 -296.0' spd 417.8 yaw  66.1 mode 2 st 4 gl 1 hp 84 frg 4
ARGLOG Omi t  94.9 pos '625.5 -156.1  24.0' spd 321.1 yaw 196 mode 2 st 2 gl 7 hp 100 frg 3
ARGLOG Zeus t  95.1 pos '371.0 -205.7 -296.0' spd 320.1 yaw 358 mode 2 st 4 gl 1 hp 84 frg 4
ARGLOG Omi t  95.5 pos '465.7 -219.4  -7.7' spd 349.2 yaw 280 mode 2 st 2 gl 7 hp 100 frg 3
ARGEVT Zeus engage Omi
ARGEVT Omi engage Zeus
ARGLOG Zeus t  95.6 pos '427.0 -214.8 -296.0' spd 163.2 yaw 357.8 mode 2 st 4 gl 1 hp 84 frg 4
ARGEVT Zeus hazard
ARGEVT Reap respawn
ARGEVT Reap goal weapon_supershotgun
ARGLOG Reap t  95.8 pos '272.0 -952.0  24.0' spd 0 yaw 343.4 mode 0 st 5 gl 3 hp 100 frg 3
ARGEVT Reap route 2 start '305.0 -983.0  24.0' goal '273.0 -1015.0 -104.0'
ARGLOG Omi t  96.0 pos '418.1 -247.3 -228.9' spd  88.6 yaw 289.0 mode 2 st 2 gl 7 hp 100 frg 3
ARGLOG Zeus t  96.1 pos '504.3 -258.5 -296.0' spd 365.3 yaw  83.7 mode 2 st 4 gl 1 hp 84 frg 4
ARGLOG Reap t  96.3 pos '325.2 -1094.1  24.0' spd 419.2 yaw 178.6 mode 2 st 5 gl 3 hp 100 frg 3
ARGLOG Omi t  96.5 pos '392.8 -241.2 -296.0' spd 148.7 yaw 0 mode 2 st 2 gl 7 hp 95 frg 3
ARGLOG Zeus t  96.6 pos '596.0 -249.4 -296.0' spd 110.0 yaw 175 mode 2 st 4 gl 1 hp 75 frg 4
ARGEVT Omi hazard
ARGLOG Reap t  96.8 pos '125.1 -1097.3 -50.9' spd 289.3 yaw  34.4 mode 1 st 5 gl 3 hp 100 frg 3
ARGLOG Omi t  97.0 pos '369.8 -203.8 -296.0' spd 303.3 yaw 15 mode 2 st 2 gl 7 hp 95 frg 3
ARGLOG Zeus t  97.1 pos '595.2 -148.2 -296.0' spd 235.2 yaw 190 mode 2 st 4 gl 1 hp 75 frg 4
ARGEVT Zeus pursue
ARGEVT Omi pursue
ARGLOG Reap t  97.3 pos '221.1 -1015.7 -104.0' spd 330.1 yaw 352 mode 1 st 5 gl 3 hp 100 frg 3
ARGLOG Omi t  97.5 pos '382.3 -109.7 -296.0' spd 336.6 yaw 310 mode 2 st 2 gl 7 hp 95 frg 3
ARGEVT Zeus route 14 start '593.0 -215.0 -296.0' goal '1169.0 -599.0  24.0'
ARGLOG Zeus t  97.6 pos '484.2 -252.7 -296.0' spd 344.4 yaw 155.3 mode 2 st 4 gl 1 hp 72 frg 4
ARGEVT Reap goal item_health
ARGEVT Zeus hazard
ARGEVT Omi hazard
ARGLOG Reap t  97.8 pos '390.9 -1023.3 -104.0' spd 359.9 yaw 51 mode 1 st 5 gl 3 hp 100 frg 3
ARGEVT Reap goal item_health
ARGEVT Reap goal item_health
ARGLOG Omi t  98.0 pos '392.0 -102.5 -296.0' spd 128.9 yaw 314 mode 2 st 2 gl 7 hp 95 frg 3
ARGEVT Reap hazard
ARGEVT Reap goal item_rockets
ARGLOG Zeus t  98.1 pos '526.7 -224.0 -296.0' spd 334.8 yaw 134.9 mode 2 st 4 gl 1 hp 63 frg 4
ARGLOG Reap t  98.3 pos '460.1 -894.3 -104.0' spd 320.4 yaw 93 mode 1 st 5 gl 6 hp 100 frg 3
ARGEVT Reap goal item_rockets
ARGLOG Omi t  98.6 pos '391.0 -146.3 -296.0' spd 281.5 yaw 325 mode 2 st 2 gl 7 hp 95 frg 3
ARGLOG Zeus t  98.7 pos '538.8 -231.3 -296.0' spd 334.8 yaw 150 mode 2 st 4 gl 1 hp 54 frg 4
ARGEVT Reap goal 
ARGLOG Reap t  98.9 pos '419.6 -752.0 -104.0' spd 307.7 yaw 175.6 mode 1 st 5 gl 6 hp 100 frg 3
ARGLOG Omi t  99.1 pos '386.9 -240.1 -296.0' spd 244.7 yaw 359 mode 2 st 2 gl 7 hp 95 frg 3
ARGEVT Reap goal item_shells
ARGEVT Omi hazard
ARGLOG Zeus t  99.2 pos '542.9 -255.9 -296.0' spd 333.2 yaw 167 mode 2 st 4 gl 1 hp 45 frg 4
ARGLOG Reap t  99.4 pos '256.5 -789.7 -104.0' spd 321.0 yaw 187 mode 1 st 5 gl 6 hp 100 frg 3
ARGLOG Omi t  99.6 pos '351.5 -230.7 -296.0' spd 278.0 yaw 353 mode 2 st 2 gl 7 hp 71 frg 3
ARGLOG Zeus t  99.7 pos '542.2 -256.4 -296.0' spd  91.4 yaw 174 mode 2 st 4 gl 1 hp 44 frg 4
ARGEVT Reap goal item_spikes
ARGLOG Reap t  99.9 pos ' 92.8 -816.0 -104.0' spd 338.2 yaw 228.6 mode 0 st 5 gl 7 hp 100 frg 3
ARGEVT Reap hazard
ARGEVT Reap route 6 start ' 81.0 -823.0 -104.0' goal '305.0 -855.0  24.0'
ARGLOG Omi t 100.1 pos '402.4 -201.7 -296.0' spd 320.0 yaw 342.8 mode 2 st 2 gl 7 hp 71 frg 3
ARGEVT Reap route 6 start ' 81.0 -823.0 -104.0' goal '305.0 -855.0  24.0'
ARGLOG Zeus t 100.2 pos '539.7 -245.1 -296.0' spd  31.8 yaw 165 mode 2 st 4 gl 1 hp 35 frg 4
ARGEVT Omi hazard
ARGLOG Reap t 100.4 pos ' 90.5 -981.6 -104.0' spd 320.9 yaw 268 mode 2 st 5 gl 7 hp 100 frg 3
ARGLOG Omi t 100.6 pos '405.6 -209.8 -296.0' spd 320.5 yaw 353.5 mode 2 st 2 gl 7 hp 47 frg 3
ARGLOG Zeus t 100.7 pos '567.9 -246.8 -296.0' spd 310.5 yaw 169 mode 2 st 4 gl 1 hp 26 frg 4
ARGLOG Reap t 100.9 pos ' 99.6 -1149.8 -104.0' spd 359.9 yaw 324 mode 2 st 5 gl 7 hp 100 frg 3
ARGEVT Reap jump
ARGLOG Omi t 101.1 pos '402.8 -219.6 -296.0' spd 100.4 yaw 352 mode 2 st 2 gl 7 hp 23 frg 3
ARGLOG Zeus t 101.2 pos '578.4 -238.0 -296.0' spd  44.2 yaw 189.9 mode 2 st 4 gl 1 hp 18 frg 4
ARGEVT Omi hazard
ARGLOG Reap t 101.4 pos '183.3 -1232.0 -72.0' spd 161.3 yaw 9 mode 2 st 5 gl 7 hp 100 frg 3
ARGLOG Omi t 101.6 pos '399.9 -256.7 -296.0' spd 327.2 yaw 9 mode 2 st 2 gl 7 hp 11 frg 3
ARGEVT Omi death
ARGEVT Omi death Zeus pos '408.3 -252.7 -296.0'
ARGLOG Zeus t 101.8 pos '564.0 -243.2 -296.0' spd   9.6 yaw 187.7 mode 2 st 4 gl 1 hp 8 frg 5
ARGEVT Zeus hazard
ARGLOG Reap t 102.0 pos '343.2 -1186.7 -24.0' spd 380.5 yaw  93.9 mode 2 st 5 gl 7 hp 100 frg 3
ARGLOG Zeus t 102.3 pos '476.0 -210.1 -296.0' spd 156.4 yaw 46 mode 2 st 4 gl 1 hp 8 frg 5
ARGLOG Reap t 102.5 pos '352.6 -1011.7  24.0' spd 320.3 yaw 106 mode 2 st 5 gl 7 hp 100 frg 3
ARGLOG Zeus t 102.8 pos '616.4 -168.8 -296.0' spd 345.4 yaw 88 mode 2 st 4 gl 1 hp 8 frg 5
ARGEVT Reap goal item_health
ARGLOG Reap t 103.0 pos '297.3 -857.3  24.0' spd 320.7 yaw 102.4 mode 0 st 5 gl 7 hp 100 frg 3
ARGEVT Reap route 4 start '305.0 -855.0  24.0' goal '497.0 -471.0  24.0'
ARGLOG Zeus t 103.3 pos '641.3  -4.3 -296.0' spd 321.0 yaw 96 mode 2 st 4 gl 1 hp 8 frg 5
ARGEVT Omi respawn
ARGEVT Reap hazard
ARGEVT Omi goal item_shells
ARGLOG Omi t 103.3 pos '112.0 -1136.0 -104.0' spd 0 yaw  61.6 mode 0 st 2 gl 7 hp 100 frg 3
ARGEVT Omi route 1 start ' 81.0 -1079.0 -104.0' goal ' 81.0 -823.0 -104.0'
ARGLOG Reap t 103.5 pos '233.9 -752.0  24.0' spd 197.6 yaw 65 mode 2 st 5 gl 7 hp 100 frg 3
ARGEVT Reap engage Zeus
ARGEVT Zeus engage Reap
ARGLOG Zeus t 103.8 pos '399.8 -846.7  24.0' spd 288.5 yaw 168 mode 2 st 4 gl 1 hp 8 frg 5
ARGLOG Omi t 103.9 pos '124.7 -980.8 -104.0' spd 320.0 yaw 96 mode 1 st 2 gl 7 hp 100 frg 3
ARGEVT Reap weapon ssg
ARGLOG Reap t 104.0 pos '215.2 -868.9  24.0' spd 339.1 yaw  30.6 mode 2 st 5 gl 7 hp 100 frg 3
ARGEVT Reap weapon rl
ARGLOG Zeus t 104.3 pos '327.0 -726.7  24.0' spd 105.5 yaw 259.9 mode 2 st 4 gl 1 hp 8 frg 5
ARGEVT Omi goal item_health
ARGLOG Omi t 104.4 pos '100.7 -816.2 -104.0' spd 335.7 yaw 110.7 mode 0 st 2 gl 7 hp 100 frg 3
ARGEVT Omi route 2 start ' 81.0 -823.0 -104.0' goal '369.0 -983.0 -104.0'
ARGEVT Reap route 5 start '305.0 -983.0  24.0' goal '497.0 -471.0  24.0'
ARGEVT Omi hazard
ARGLOG Reap t 104.5 pos '345.9 -996.2  24.0' spd 336.6 yaw 86 mode 2 st 5 gl 7 hp 80 frg 3
ARGLOG Zeus t 104.8 pos '439.6 -777.5  24.0' spd 323.8 yaw 275 mode 2 st 4 gl 1 hp 8 frg 5
ARGLOG Omi t 104.9 pos '205.0 -762.6 -104.0' spd 351.4 yaw 306.2 mode 2 st 2 gl 7 hp 100 frg 3
ARGLOG Reap t 105.0 pos '455.4 -1025.6  24.0' spd 232.1 yaw 94 mode 2 st 5 gl 7 hp 56 frg 3
ARGLOG Zeus t 105.3 pos '376.8 -793.7  24.0' spd 320.0 yaw 262 mode 2 st 4 gl 1 hp 8 frg 5
ARGEVT Zeus death
ARGEVT Zeus death Reap pos '360.6 -795.4  24.0'
ARGLOG Omi t 105.4 pos '262.3 -926.5 -104.0' spd 330.9 yaw 300.6 mode 1 st 2 gl 7 hp 100 frg 3
ARGLOG Reap t 105.6 pos '301.1 -987.3  24.0' spd 368.5 yaw 88 mode 2 st 5 gl 7 hp 32 frg 4
ARGEVT Omi goal item_health
ARGLOG Omi t 105.9 pos '403.8 -1017.9 -104.0' spd 378.6 yaw  26.7 mode 1 st 2 gl 8 hp 100 frg 3
ARGEVT Omi goal item_health
ARGLOG Reap t 106.1 pos '281.8 -819.5  24.0' spd 322.6 yaw 83 mode 2 st 5 gl 7 hp 32 frg 4
ARGEVT Omi goal 
ARGEVT Omi route 7 start '401.0 -887.0 -104.0' goal '401.0 -887.0  24.0'
ARGLOG Omi t 106.4 pos '434.3 -890.9 -104.0' spd 384.5 yaw 178 mode 2 st 2 gl 10 hp 100 frg 3
ARGLOG Reap t 106.6 pos '296.3 -752.0  24.0' spd  11.4 yaw 86 mode 2 st 5 gl 7 hp 32 frg 4
ARGEVT Zeus respawn
ARGEVT Zeus goal weapon_rocketlauncher
ARGLOG Zeus t 106.9 pos '776.0 -808.0 -232.0' spd 0 yaw 106.6 mode 1 st 4 gl 1 hp 100 frg 5
ARGLOG Omi t 106.9 pos '263.5 -864.7 -104.0' spd 326.9 yaw 206 mode 2 st 2 gl 10 hp 100 frg 3
ARGEVT Reap stall
ARGEVT Reap stallnode '305.0 -599.0  24.0'
ARGLOG Reap t 107.1 pos '300.5 -752.0  24.0' spd   5.7 yaw 259.9 mode 0 st 6 gl 7 hp 32 frg 4
ARGEVT Reap jump
ARGEVT Zeus hazard
ARGEVT Reap route 3 start '305.0 -727.0  24.0' goal '497.0 -471.0  24.0'
ARGLOG Zeus t 107.5 pos '720.0 -774.5 -218.1' spd 326.4 yaw 271.4 mode 1 st 4 gl 1 hp 100 frg 5
ARGLOG Omi t 107.5 pos '119.2 -950.1 -104.0' spd 353.0 yaw 262 mode 2 st 2 gl 10 hp 100 frg 3
ARGLOG Reap t 107.6 pos '313.5 -765.6  46.2' spd  62.8 yaw  65.1 mode 2 st 6 gl 7 hp 32 frg 4
ARGEVT Zeus goal item_health
ARGEVT Zeus route 9 start '721.0 -887.0 -232.0' goal '401.0 -887.0 -104.0'
ARGLOG Zeus t 108.0 pos '723.3 -912.0 -232.0' spd 240.0 yaw 192.7 mode 0 st 4 gl 1 hp 100 frg 5
ARGLOG Omi t 108.0 pos ' 81.5 -1112.3 -104.0' spd 329.1 yaw 304.0 mode 2 st 2 gl 10 hp 100 frg 3
ARGEVT Zeus route 9 start '721.0 -887.0 -232.0' goal '401.0 -887.0 -104.0'
ARGLOG Reap t 108.1 pos '323.3 -653.9  24.0' spd 320.1 yaw 95 mode 2 st 6 gl 7 hp 32 frg 4
ARGEVT Omi jump
ARGEVT Zeus hazard
ARGEVT Zeus route 9 start '721.0 -887.0 -232.0' goal '401.0 -887.0 -104.0'
ARGLOG Zeus t 108.5 pos '720.0 -869.9 -232.0' spd 322.8 yaw 258.3 mode 0 st 4 gl 1 hp 100 frg 5
ARGLOG Omi t 108.5 pos '175.5 -1232.0 -65.1' spd 204.3 yaw 8 mode 2 st 2 gl 10 hp 100 frg 3
ARGLOG Reap t 108.6 pos '347.0 -487.6  24.0' spd 390.3 yaw 5 mode 1 st 6 gl 7 hp 32 frg 4
ARGEVT Zeus route 9 start '721.0 -887.0 -232.0' goal '401.0 -887.0 -104.0'
ARGEVT Reap engage Omi
ARGEVT Zeus route 9 start '721.0 -887.0 -232.0' goal '401.0 -887.0 -104.0'
ARGEVT Zeus engage Reap
ARGLOG Zeus t 109 pos '368.0  40.4 -263.2' spd 300 yaw 280.7 mode 0 st 4 gl 1 hp 100 frg 5
ARGLOG Omi t 109 pos '321.6 -1203.8 -24.0' spd 367.1 yaw  78.9 mode 2 st 2 gl 10 hp 100 frg 3
ARGEVT Reap hazard
ARGEVT Zeus route 8 start '337.0   9.0 -296.0' goal '401.0 -887.0 -104.0'
ARGLOG Reap t 109.2 pos '449.5 -523.6  24.0' spd 235.1 yaw 271.5 mode 1 st 6 gl 7 hp 32 frg 4
ARGEVT Reap goal 
ARGEVT Reap route 1 start '497.0 -471.0  24.0' goal '401.0 -343.0 -104.0'
ARGLOG Zeus t 109.5 pos '356.8 -119.9 -296.0' spd 367.1 yaw 298 mode 2 st 4 gl 1 hp 100 frg 5
ARGLOG Omi t 109.5 pos '353.8 -1031.6  24.0' spd 325.4 yaw 86 mode 1 st 2 gl 10 hp 100 frg 3
ARGEVT Zeus pursue
ARGLOG Reap t 109.7 pos '560.0 -479.6  24.0' spd 247.6 yaw  75.6 mode 2 st 6 gl 7 hp 57 frg 4
ARGEVT Reap pursue
ARGLOG Zeus t 110.0 pos '392.1 -275.9 -296.0' spd 347.3 yaw 334.9 mode 2 st 4 gl 1 hp 100 frg 5
ARGEVT Zeus hazard
ARGLOG Omi t 110.0 pos '356.2 -864.9  20.0' spd 366.3 yaw 128.7 mode 1 st 2 gl 10 hp 100 frg 3
ARGEVT Omi goal item_rockets
ARGEVT Omi route 2 start '305.0 -855.0  24.0' goal ' 81.0 -823.0 -104.0'
ARGLOG Reap t 110.2 pos '460.3 -354.0  21.9' spd 417.9 yaw 240.4 mode 1 st 6 gl 7 hp 57 frg 4
ARGEVT Omi engage Reap
ARGEVT Omi hazard
ARGLOG Zeus t 110.5 pos '412.2 -243.7 -296.0' spd 122.1 yaw 270 mode 2 st 4 gl 1 hp 100 frg 5
ARGLOG Omi t 110.5 pos '266.3 -759.2  24.0' spd  68.9 yaw 104.6 mode 2 st 2 gl 10 hp 100 frg 3
ARGEVT Reap goal item_cells
ARGEVT Omi death
ARGEVT Omi death Reap pos '292.9 -764.6  24.0'
ARGLOG Reap t 110.7 pos '392.8 -442.3 -104.0' spd 216.1 yaw 218.7 mode 1 st 6 gl 7 hp 57 frg 5
ARGEVT Reap goal weapon_grenadelauncher
ARGEVT Reap route 2 start '401.0 -471.0 -104.0' goal '113.0 -407.0 -104.0'
ARGLOG Zeus t 111.1 pos '514.6 -265.6 -296.0' spd 175.3 yaw 265.0 mode 2 st 4 gl 1 hp 100 frg 5
ARGEVT Zeus hazard
ARGEVT Reap hazard
ARGLOG Reap t 111.2 pos '250.8 -496.7 -104.0' spd 339.2 yaw 146 mode 2 st 6 gl 7 hp 57 frg 5
ARGEVT Zeus pursue
ARGLOG Zeus t 111.6 pos '656.0 -240.1 -296.0' spd 284.5 yaw  69.2 mode 2 st 4 gl 1 hp 100 frg 5
ARGLOG Reap t 111.7 pos '231.5 -427.7 -104.0' spd 338.2 yaw 183 mode 1 st 6 gl 7 hp 57 frg 5
ARGEVT Reap goal item_health
ARGLOG Zeus t 112.1 pos '592.0 -106.9 -296.0' spd 185.8 yaw 168.1 mode 2 st 4 gl 1 hp 100 frg 5
ARGEVT Zeus hazard
ARGEVT Omi respawn
ARGEVT Reap route 15 start '113.0 -407.0 -104.0' goal '-239.0 -471.0 -72.0'
ARGEVT Omi goal item_armor1
ARGLOG Omi t 112.2 pos '784.0 -176.0  24.0' spd 0 yaw 163.7 mode 0 st 2 gl 10 hp 100 frg 3
ARGEVT Omi route 2 start '753.0 -151.0  24.0' goal '529.0 -55.0 -104.0'
ARGEVT Reap engage Omi
ARGLOG Reap t 112.2 pos '143.1 -426.4 -104.0' spd  20.5 yaw 170.8 mode 2 st 6 gl 7 hp 57 frg 5
ARGEVT Omi engage Reap
ARGEVT Reap route 14 start '209.0 -375.0 -104.0' goal '-239.0 -471.0 -72.0'
ARGLOG Zeus t 112.6 pos '596.1  56.2 -296.0' spd 335.1 yaw 125.6 mode 2 st 4 gl 1 hp 100 frg 5
ARGLOG Omi t 112.7 pos '628.2 -153.3  24.0' spd 331.5 yaw 223 mode 2 st 2 gl 10 hp 100 frg 3
ARGLOG Reap t 112.8 pos '291.2 -432.6 -104.0' spd 324.4 yaw  62.8 mode 2 st 6 gl 7 hp 57 frg 5
ARGLOG Zeus t 113.1 pos '507.1  69.0 -296.0' spd 281.9 yaw 290.4 mode 2 st 4 gl 1 hp 100 frg 5
ARGLOG Omi t 113.2 pos '485.7 -68.2  -7.7' spd 323.8 yaw 262 mode 1 st 2 gl 10 hp 100 frg 3
ARGLOG Reap t 113.3 pos '406.2 -503.1 -104.0' spd  83.0 yaw 75 mode 2 st 6 gl 7 hp 49 frg 5
ARGEVT Omi goal weapon_supernailgun
ARGLOG Zeus t 113.6 pos '655.5  49.7 -296.0' spd 387.8 yaw  95.5 mode 2 st 4 gl 1 hp 100 frg 5
ARGLOG Omi t 113.7 pos '528.7 -68.6 -104.0' spd 325.4 yaw 236 mode 1 st 2 gl 10 hp 100 frg 3
ARGEVT Zeus hazard
ARGLOG Reap t 113.8 pos '250.0 -453.0 -104.0' spd 331.2 yaw 49 mode 2 st 6 gl 7 hp 33 frg 5
ARGEVT Zeus route 2 start '401.0 -887.0  24.0' goal '401.0 -887.0 -104.0'
ARGLOG Zeus t 114.1 pos '377.9 -863.7  24.0' spd 320.2 yaw 177 mode 2 st 4 gl 1 hp 100 frg 5
ARGLOG Omi t 114.2 pos '624.0 -193.5 -104.0' spd 338.9 yaw 219 mode 1 st 2 gl 10 hp 100 frg 3
ARGLOG Reap t 114.3 pos '276.2 -471.9 -104.0' spd 320.1 yaw  39.9 mode 2 st 6 gl 7 hp 9 frg 5
ARGEVT Reap death
ARGEVT Reap death Omi pos '300.2 -495.0 -104.0'
ARGLOG Zeus t 114.7 pos '213.9 -856.0  24.0' spd 320.0 yaw 194.6 mode 2 st 4 gl 1 hp 100 frg 5
ARGLOG Omi t 114.8 pos '521.9 -311.8 -104.0' spd 388.1 yaw 138 mode 1 st 2 gl 10 hp 100 frg 4
ARGEVT Omi hazard
ARGLOG Zeus t 115.2 pos '236.9 -985.1  24.0' spd 383.3 yaw 359.1 mode 2 st 4 gl 1 hp 100 frg 5
ARGLOG Omi t 115.3 pos '481.2 -203.1 -104.0' spd 349.2 yaw 98 mode 1 st 2 gl 10 hp 100 frg 4
ARGLOG Zeus t 115.7 pos '405.1 -939.6  24.0' spd 361.1 yaw 94 mode 2 st 4 gl 1 hp 100 frg 5
ARGLOG Omi t 115.8 pos '454.7 -55.9 -104.0' spd 357.9 yaw 167.3 mode 1 st 2 gl 10 hp 100 frg 4
ARGEVT Reap respawn
ARGEVT Omi hazard
ARGEVT Reap goal item_rockets
ARGLOG Reap t 116.0 pos '-64.0 512.0 -296.0' spd 0 yaw 253.4 mode 1 st 6 gl 7 hp 100 frg 5
ARGLOG Zeus t 116.2 pos '624.0  49.8 -281.6' spd 300 yaw 261 mode 1 st 4 gl 1 hp 100 frg 5
ARGLOG Omi t 116.3 pos '346.3 -97.2 -116.6' spd 341.9 yaw 170.7 mode 1 st 2 gl 10 hp 100 frg 4
ARGEVT Reap hazard
ARGLOG Reap t 116.5 pos '-144.0 438.2 -296.0' spd 219.7 yaw  88.6 mode 1 st 6 gl 7 hp 100 frg 5
ARGEVT Omi abandon
ARGLOG Zeus t 116.7 pos '611.0 -113.2 -296.0' spd 320.1 yaw 260 mode 1 st 4 gl 1 hp 100 frg 5
ARGEVT Omi goal weapon_rocketlauncher
ARGEVT Omi abandon
ARGEVT Omi route 4 start '273.0 -183.0 -296.0' goal ' 49.0 105.0 -296.0'
ARGLOG Omi t 116.8 pos '197.5 -119.7 -297.9' spd 199.9 yaw  37.5 mode 2 st 2 gl 10 hp 100 frg 4
ARGEVT Omi goal 
ARGEVT Omi abandon
ARGEVT Omi swim
ARGEVT Reap goal item_health
ARGLOG Reap t 117.0 pos '-108.4 556.3 -296.0' spd 350.2 yaw  85.1 mode 1 st 6 gl 7 hp 100 frg 5
ARGEVT Omi goal 
ARGEVT Omi abandon
ARGEVT Omi route 2 start '241.0 -87.0 -440.0' goal '113.0 -343.0 -440.0'
ARGEVT Zeus hazard
ARGLOG Zeus t 117.2 pos '600.5 -271.8 -296.0' spd 320.6 yaw 276 mode 1 st 4 gl 1 hp 100 frg 5
ARGEVT Omi weapon sg
ARGEVT Omi goal 
ARGLOG Omi t 117.3 pos '197.2 -56.2 -385.1' spd  90.6 yaw 307 mode 0 st 2 gl 10 hp 65 frg 4
ARGEVT Omi swim
ARGEVT Omi route 2 start '145.0 -55.0 -440.0' goal '401.0 -311.0 -440.0'
ARGEVT Reap goal weapon_rocketlauncher
ARGEVT Reap route 4 start '-15.0 553.0 -296.0' goal ' 49.0 105.0 -296.0'
ARGEVT Omi weapon lg
ARGLOG Reap t 117.5 pos '-43.4 617.8 -296.0' spd 233.2 yaw 222.0 mode 2 st 6 gl 7 hp 200 frg 5
ARGEVT Omi swim
ARGLOG Zeus t 117.7 pos '609.6 -272.0 -296.0' spd 324.4 yaw 211.0 mode 1 st 4 gl 1 hp 100 frg 5
ARGLOG Omi t 117.8 pos '217.5 -91.6 -386.7' spd 118.0 yaw 153 mode 2 st 2 gl 10 hp 51 frg 4
ARGEVT Omi swim
ARGLOG Reap t 118.0 pos '-129.1 474.4 -296.0' spd 324.9 yaw 267 mode 2 st 6 gl 7 hp 200 frg 5
ARGEVT Omi swim
ARGEVT Reap hazard
ARGLOG Zeus t 118.3 pos '568.2 -272.0 -296.0' spd 320.1 yaw 1 mode 1 st 4 gl 1 hp 100 frg 5
ARGEVT Omi weapon sg
ARGLOG Omi t 118.4 pos '157.3 -103.2 -388.3' spd 126.6 yaw 104 mode 2 st 2 gl 10 hp 23 frg 4
ARGEVT Omi swim
ARGEVT Zeus hazard
ARGEVT Omi weapon lg
ARGLOG Reap t 118.6 pos '-108.9 321.7 -296.0' spd 322.9 yaw 262 mode 2 st 6 gl 7 hp 200 frg 5
ARGEVT Omi swim
ARGLOG Zeus t 118.8 pos '656.0 -203.5 -296.0' spd 364.9 yaw  13.6 mode 1 st 4 gl 1 hp 100 frg 5
ARGLOG Omi t 118.9 pos '148.0 -48.0 -381.6' spd 114.4 yaw 300 mode 2 st 2 gl 10 hp 2 frg 4
ARGEVT Omi death
ARGEVT Omi death world pos '148.0 -48.0 -381.6'
ARGLOG Reap t 119.1 pos '-68.5 183.3 -296.0' spd 357.1 yaw 288.3 mode 1 st 6 gl 7 hp 200 frg 5
ARGEVT Reap hazard
ARGLOG Zeus t 119.3 pos '650.1 -213.1 -296.0' spd 321.9 yaw 256 mode 1 st 4 gl 1 hp 100 frg 5
ARGEVT Zeus hazard
ARGLOG Reap t 119.6 pos '  8.0  66.6 -296.0' spd 363.7 yaw 358 mode 1 st 6 gl 7 hp 200 frg 5
ARGEVT Reap goal 
ARGEVT Reap route 5 start ' 49.0 105.0 -296.0' goal '145.0 -55.0 -440.0'
ARGLOG Zeus t 119.8 pos '569.4 -272.0 -296.0' spd 153.3 yaw 338.2 mode 1 st 4 gl 1 hp 100 frg 5
ARGLOG Reap t 120.1 pos '110.4 125.4 -296.0' spd 331.0 yaw 126.5 mode 2 st 6 gl 7 hp 200 frg 5
ARGEVT Reap hazard
ARGLOG Zeus t 120.3 pos '656.0 -203.8 -296.0' spd 365.5 yaw  13.3 mode 1 st 4 gl 1 hp 100 frg 5
ARGEVT Omi respawn
ARGEVT Omi goal item_health
ARGLOG Omi t 120.5 pos '-64.0 -232.0 -72.0' spd 0 yaw 343.4 mode 0 st 2 gl 10 hp 100 frg 3
ARGEVT Omi route 2 start '-47.0 -215.0 -72.0' goal '-239.0 -471.0 -72.0'
ARGLOG Reap t 120.6 pos '  3.4  73.8 -296.0' spd 320.2 yaw 224.3 mode 2 st 6 gl 7 hp 200 frg 5
ARGEVT Omi hazard
ARGLOG Zeus t 120.8 pos '651.9 -243.4 -296.0' spd 322.9 yaw 238.7 mode 1 st 4 gl 1 hp 100 frg 5
ARGEVT Zeus hazard
ARGLOG Omi t 121.0 pos ' 17.3 -272.0 -72.0' spd 231.1 yaw 213 mode 2 st 2 gl 10 hp 100 frg 3
ARGLOG Reap t 121.1 pos '-80.0 -71.1 -296.0' spd 321.2 yaw 271 mode 2 st 6 gl 7 hp 200 frg 5
ARGLOG Zeus t 121.3 pos '544.3 -272.0 -296.0' spd 152.0 yaw 337.8 mode 1 st 4 gl 1 hp 100 frg 5
ARGEVT Zeus engage Reap
ARGLOG Omi t 121.5 pos '-144.0 -330.7 -72.0' spd 312.8 yaw 251.7 mode 2 st 2 gl 10 hp 100 frg 3
ARGEVT Reap engage Zeus
ARGLOG Reap t 121.6 pos '-40.4 -224.8 -296.0' spd 363.7 yaw 291.0 mode 2 st 6 gl 7 hp 200 frg 5
ARGLOG Zeus t 121.9 pos '515.4 -250.3 -296.0' spd 336.8 yaw  87.3 mode 1 st 4 gl 1 hp 100 frg 5
ARGEVT Omi goal item_health
ARGEVT Omi goal item_spikes
ARGLOG Omi t 122.0 pos '-202.4 -492.5 -72.0' spd 322.8 yaw 249.3 mode 1 st 2 gl 12 hp 100 frg 3
ARGEVT Zeus hazard
ARGLOG Reap t 122.2 pos ' 75.5 -243.6 -296.0' spd 193.9 yaw 0 mode 2 st 6 gl 7 hp 200 frg 5
ARGEVT Reap hazard
ARGLOG Zeus t 122.4 pos '454.5 -232.2 -296.0' spd 217.5 yaw 181 mode 1 st 4 gl 1 hp 100 frg 5
ARGEVT Omi hazard
ARGLOG Omi t 122.5 pos '-208.0 -592.9 -72.0' spd 258.8 yaw 42 mode 1 st 2 gl 12 hp 100 frg 3
ARGLOG Reap t 122.7 pos ' 90.7 -241.4 -296.0' spd  69.0 yaw 2 mode 2 st 6 gl 7 hp 199 frg 5
ARGLOG Zeus t 122.9 pos '564.9 -258.2 -296.0' spd 347.8 yaw 172.3 mode 1 st 4 gl 1 hp 78 frg 5
ARGEVT Omi goal item_rockets
ARGLOG Omi t 123.0 pos '-67.1 -530.9 -72.0' spd 359.2 yaw 307 mode 0 st 2 gl 12 hp 100 frg 3
ARGEVT Omi route 8 start '-143.0 -503.0 -72.0' goal ' 81.0 -823.0 -104.0'
ARGLOG Reap t 123.2 pos ' 91.0 -229.1 -296.0' spd 103.9 yaw 359 mode 2 st 6 gl 7 hp 199 frg 5
ARGEVT Reap hazard
ARGLOG Zeus t 123.4 pos '555.7 -250.0 -296.0' spd 128.9 yaw 178 mode 1 st 4 gl 1 hp 78 frg 5
ARGEVT Omi hazard
ARGLOG Omi t 123.5 pos '-45.9 -624.0 -72.0' spd 376.8 yaw 185 mode 2 st 2 gl 12 hp 100 frg 3
ARGLOG Reap t 123.7 pos ' 96.1 -261.9 -296.0' spd 239.4 yaw 2 mode 2 st 6 gl 7 hp 198 frg 5
ARGEVT Zeus weapon ng
ARGLOG Zeus t 123.9 pos '652.5 -204.1 -296.0' spd 328.4 yaw 186 mode 1 st 4 gl 1 hp 55 frg 5
ARGLOG Omi t 124.1 pos '-48.0 -623.3 -72.0' spd 114.4 yaw 185 mode 2 st 2 gl 12 hp 100 frg 3
ARGLOG Reap t 124.2 pos ' 72.6 -227.6 -296.0' spd 102.3 yaw 11 mode 2 st 6 gl 7 hp 198 frg 5
ARGEVT Reap pursue
ARGEVT Reap hazard
ARGLOG Zeus t 124.4 pos '592.0 -127.2 -296.0' spd 314.5 yaw 220.3 mode 1 st 4 gl 1 hp 3 frg 5
ARGEVT Zeus hazard
ARGEVT Omi hazard
ARGEVT Omi stall
ARGEVT Omi stallnode '-143.0 -631.0 -72.0'
ARGLOG Omi t 124.6 pos '-48.0 -608.7 -72.0' spd 270.1 yaw 421.2 mode 0 st 3 gl 12 hp 100 frg 3
ARGEVT Omi jump
ARGLOG Reap t 124.7 pos '194.6 -223.8 -296.0' spd 325.4 yaw  37.0 mode 2 st 6 gl 7 hp 197 frg 5
ARGEVT Zeus pursue
ARGEVT Omi route 8 start '-47.0 -599.0 -72.0' goal ' 81.0 -823.0 -104.0'
ARGLOG Zeus t 124.9 pos '590.9 -237.6 -296.0' spd 324.0 yaw 211.8 mode 1 st 4 gl 1 hp 3 frg 5
ARGLOG Omi t 125.1 pos '-26.7 -577.1 -49.8' spd  90.0 yaw  27.9 mode 2 st 3 gl 12 hp 100 frg 3
ARGLOG Reap t 125.3 pos '209.4 -205.1 -296.0' spd 219.7 yaw 1 mode 2 st 6 gl 7 hp 196 frg 5
ARGEVT Reap hazard
ARGLOG Zeus t 125.5 pos '557.6 -245.5 -296.0' spd 322.6 yaw 170 mode 1 st 4 gl 1 hp 3 frg 5
ARGLOG Omi t 125.6 pos '-43.1 -463.0 -72.0' spd 334.8 yaw 138 mode 2 st 3 gl 12 hp 100 frg 3
ARGLOG Reap t 125.8 pos '209.4 -205.1 -296.0' spd 188.0 yaw 358 mode 2 st 6 gl 7 hp 187 frg 5
ARGEVT Zeus death
ARGEVT Zeus death Reap pos '503.5 -228.7 -296.0'
ARGLOG Omi t 126.1 pos '-141.7 -338.6 -72.0' spd 364.3 yaw 52 mode 2 st 3 gl 12 hp 100 frg 3
ARGLOG Reap t 126.3 pos '258.4 -194.9 -296.0' spd 217.7 yaw 115.5 mode 2 st 6 gl 7 hp 150 frg 6
ARGEVT Reap hazard
ARGLOG Omi t 126.6 pos '-27.8 -213.0 -72.0' spd 328.9 yaw 9 mode 2 st 3 gl 12 hp 100 frg 3
ARGLOG Reap t 126.8 pos '258.4 -194.9 -296.0' spd 226.9 yaw 129 mode 2 st 6 gl 7 hp 150 frg 6
ARGLOG Omi t 127.2 pos '139.7 -208.3 -72.0' spd 322.6 yaw 334.1 mode 2 st 3 gl 12 hp 100 frg 3
ARGEVT Omi engage Reap
ARGEVT Reap engage Omi
ARGLOG Reap t 127.3 pos '258.4 -194.9 -296.0' spd 121.6 yaw 139.7 mode 2 st 6 gl 7 hp 149 frg 6
ARGEVT Omi hazard
ARGEVT Zeus respawn
ARGEVT Reap hazard
ARGEVT Zeus goal weapon_supershotgun
ARGLOG Zeus t 127.5 pos '272.0 -952.0  24.0' spd 0 yaw 343.4 mode 0 st 4 gl 1 hp 100 frg 5
ARGEVT Zeus route 2 start '305.0 -983.0  24.0' goal '273.0 -1015.0 -104.0'
ARGLOG Omi t 127.7 pos '211.9 -251.7 -93.4' spd  33.8 yaw   5.8 mode 2 st 3 gl 12 hp 100 frg 3
ARGEVT Reap weapon sg
ARGLOG Reap t 127.8 pos '265.8 -224.2 -296.0' spd 320.2 yaw 193 mode 2 st 6 gl 7 hp 149 frg 6
ARGLOG Zeus t 128.0 pos '325.8 -1093.8  24.0' spd 419.4 yaw 178.6 mode 2 st 4 gl 1 hp 100 frg 5
ARGLOG Omi t 128.2 pos '190.7 -237.1 -259.5' spd 121.7 yaw 356 mode 2 st 3 gl 12 hp 76 frg 3
ARGLOG Reap t 128.3 pos '336.2 -242.3 -296.0' spd 152.3 yaw 187 mode 2 st 6 gl 7 hp 124 frg 6
ARGLOG Zeus t 128.5 pos '125.3 -1097.6 -50.9' spd 288.7 yaw  34.1 mode 1 st 4 gl 1 hp 100 frg 5
ARGEVT Reap hazard
ARGLOG Omi t 128.7 pos '167.7 -226.0 -296.0' spd 307.7 yaw   3.8 mode 2 st 3 gl 12 hp 52 frg 3
ARGLOG Reap t 128.9 pos '342.5 -256.0 -296.0' spd 116.5 yaw 177 mode 2 st 6 gl 7 hp 100 frg 6
ARGLOG Zeus t 129.1 pos '221.3 -1016.3 -104.0' spd 330.2 yaw 352 mode 1 st 4 gl 1 hp 100 frg 5
ARGLOG Omi t 129.2 pos '172.3 -226.2 -296.0' spd 291.3 yaw 7 mode 2 st 3 gl 12 hp 28 frg 3
ARGEVT Zeus goal item_health
ARGLOG Reap t 129.4 pos '342.5 -239.2 -296.0' spd 329.3 yaw 181 mode 2 st 6 gl 7 hp 76 frg 6
ARGLOG Zeus t 129.6 pos '334.7 -968.4 -104.0' spd 329.9 yaw  39.9 mode 1 st 4 gl 1 hp 100 frg 5
ARGEVT Reap hazard
ARGLOG Omi t 129.7 pos '190.6 -227.0 -296.0' spd 294.6 yaw 4 mode 2 st 3 gl 12 hp 4 frg 3
ARGLOG Reap t 129.9 pos '331.8 -200.6 -296.0' spd  51.2 yaw 191 mode 2 st 6 gl 7 hp 56 frg 6
ARGEVT Omi hazard
ARGEVT Omi death
ARGEVT Omi death Reap pos '213.1 -258.9 -296.0'
ARGLOG Zeus t 130.1 pos '462.8 -966.9 -104.0' spd 329.1 yaw 235.4 mode 1 st 4 gl 1 hp 100 frg 5
ARGEVT Reap weapon rl
ARGEVT Reap stall
ARGEVT Reap stallnode '145.0 -55.0 -440.0'
ARGEVT Reap jump
ARGLOG Reap t 130.4 pos '323.7 -269.4 -261.6' spd  61.8 yaw  92.6 mode 0 st 7 gl 7 hp 56 frg 7
ARGEVT Reap route 2 start '369.0 -279.0 -296.0' goal '145.0 -55.0 -440.0'
ARGLOG Zeus t 130.6 pos '328.0 -994.0 -104.0' spd 402.4 yaw  70.9 mode 1 st 4 gl 1 hp 100 frg 5
ARGLOG Reap t 130.9 pos '316.3 -228.1 -296.0' spd 215.8 yaw 94 mode 2 st 7 gl 7 hp 56 frg 7
ARGEVT Reap hazard
ARGLOG Zeus t 131.1 pos '453.2 -899.1 -104.0' spd 437.3 yaw 265.8 mode 1 st 4 gl 1 hp 100 frg 5
ARGEVT Zeus goal item_health
ARGEVT Zeus goal item_health
ARGLOG Reap t 131.4 pos '286.3 -197.8 -296.0' spd 217.8 yaw 80 mode 2 st 7 gl 7 hp 56 frg 7
ARGEVT Omi respawn
ARGLOG Zeus t 131.6 pos '376.9 -1040.0 -104.0' spd 367.9 yaw 147.4 mode 1 st 4 gl 3 hp 100 frg 5
ARGEVT Omi goal item_spikes
ARGLOG Omi t 131.6 pos '112.0 -1136.0 -104.0' spd 0 yaw  61.6 mode 1 st 3 gl 12 hp 100 frg 3
ARGEVT Omi engage Zeus
ARGEVT Zeus engage Omi
ARGLOG Reap t 131.9 pos '286.3 -197.8 -296.0' spd 210.8 yaw 80 mode 2 st 7 gl 7 hp 56 frg 7
ARGEVT Reap hazard
ARGLOG Zeus t 132.1 pos '233.4 -947.3 -104.0' spd 322.0 yaw 203 mode 1 st 4 gl 3 hp 100 frg 5
ARGLOG Omi t 132.1 pos '105.8 -1011.1 -104.0' spd 395.6 yaw 40 mode 1 st 3 gl 12 hp 64 frg 3
ARGEVT Reap stall
ARGEVT Reap stallnode '305.0 -87.0 -296.0'
ARGEVT Reap jump
ARGLOG Reap t 132.5 pos '264.5 -198.2 -274.5' spd 211.2 yaw 194.7 mode 0 st 8 gl 7 hp 56 frg 7
ARGEVT Reap route 2 start '273.0 -183.0 -296.0' goal '145.0 -55.0 -440.0'
ARGLOG Zeus t 132.7 pos '104.1 -826.6 -104.0' spd 461.0 yaw 287.2 mode 1 st 4 gl 3 hp 84 frg 5
ARGEVT Omi goal item_health
ARGLOG Omi t 132.7 pos '197.2 -1005.5 -104.0' spd 356.8 yaw 118 mode 1 st 3 gl 12 hp 64 frg 3
ARGEVT Zeus hazard
ARGLOG Reap t 133.0 pos '156.0 -200.1 -294.3' spd 211.2 yaw  97.4 mode 2 st 8 gl 7 hp 56 frg 7
ARGEVT Reap hazard
ARGLOG Zeus t 133.2 pos '125.1 -767.7 -104.0' spd 228.1 yaw 323.1 mode 1 st 4 gl 3 hp 68 frg 5
ARGLOG Omi t 133.2 pos '379.3 -946.1 -104.0' spd 357.7 yaw 149 mode 1 st 3 gl 12 hp 35 frg 3
ARGEVT Omi goal item_health
ARGEVT Zeus goal item_spikes
ARGEVT Omi goal item_rockets
ARGLOG Reap t 133.5 pos '145.1 -199.9 -296.0' spd 214.2 yaw 90 mode 2 st 8 gl 7 hp 56 frg 7
ARGEVT Zeus route 6 start ' 81.0 -823.0 -104.0' goal '305.0 -855.0  24.0'
ARGLOG Zeus t 133.7 pos ' 80.9 -930.0 -104.0' spd 383.0 yaw 27 mode 2 st 4 gl 3 hp 48 frg 5
ARGEVT Omi goal item_health
ARGLOG Omi t 133.7 pos '443.1 -782.7 -104.0' spd 369.5 yaw 204.5 mode 1 st 3 gl 12 hp 38 frg 3
ARGEVT Omi hazard
ARGEVT Reap stall
ARGEVT Reap stallnode '145.0 -55.0 -440.0'
ARGEVT Reap jump
ARGEVT Reap route 1 start '145.0 -183.0 -296.0' goal '145.0 -55.0 -440.0'
ARGLOG Reap t 134.0 pos '106.2 -218.4 -261.5' spd 209.9 yaw 308.5 mode 2 st 9 gl 7 hp 56 frg 7
ARGLOG Zeus t 134.2 pos '144.1 -1093.5 -104.0' spd 379.2 yaw 44 mode 2 st 4 gl 3 hp 24 frg 5
ARGLOG Omi t 134.2 pos '440.5 -817.3 -104.0' spd 263.8 yaw 222 mode 1 st 3 gl 12 hp 38 frg 3
ARGLOG Reap t 134.5 pos '130.8 -263.2 -296.0' spd 207.8 yaw 86 mode 2 st 9 gl 7 hp 56 frg 7
ARGEVT Reap hazard
ARGLOG Zeus t 134.7 pos '275.1 -1201.7 -24.0' spd 336.8 yaw 84 mode 2 st 4 gl 3 hp 24 frg 5
ARGLOG Omi t 134.7 pos '304.0 -747.5 -104.0' spd  54.6 yaw 272 mode 1 st 3 gl 12 hp 30 frg 3
ARGLOG Reap t 135.0 pos '204.1 -203.9 -296.0' spd 258.3 yaw 111 mode 2 st 9 gl 7 hp 56 frg 7
ARGEVT Omi pursue
ARGEVT Zeus pursue
ARGLOG Zeus t 135.2 pos '291.6 -1179.0 -24.0' spd 231.0 yaw  99.7 mode 2 st 4 gl 3 hp 4 frg 5
ARGLOG Omi t 135.2 pos '218.8 -817.8 -104.0' spd 379.8 yaw 280 mode 1 st 3 gl 12 hp 30 frg 3
ARGLOG Reap t 135.5 pos '204.1 -203.9 -296.0' spd 206.0 yaw 111 mode 2 st 9 gl 7 hp 56 frg 7
ARGEVT Zeus death
ARGEVT Zeus death Omi pos '144.7 -1150.5 -71.4'
ARGEVT Reap hazard
ARGLOG Omi t 135.7 pos ' 91.5 -910.3 -104.0' spd 123.1 yaw 299.3 mode 1 st 3 gl 12 hp 30 frg 4
ARGEVT Reap stall
ARGEVT Reap stallnode '145.0 -55.0 -440.0'
ARGEVT Reap jump
ARGLOG Reap t 136.1 pos '222.4 -207.0 -274.7' spd 180.4 yaw 232.2 mode 0 st 10 gl 7 hp 56 frg 7
ARGEVT Reap route 2 start '273.0 -183.0 -296.0' goal '145.0 -55.0 -440.0'
ARGLOG Omi t 136.3 pos '222.9 -1002.0 -104.0' spd 328.0 yaw 2 mode 1 st 3 gl 12 hp 30 frg 4
ARGLOG Reap t 136.6 pos '189.5 -276.3 -293.8' spd 194.5 yaw 115 mode 2 st 10 gl 7 hp 56 frg 7
ARGLOG Omi t 136.8 pos '388.2 -1005.3 -104.0' spd 320.8 yaw 11 mode 1 st 3 gl 12 hp 30 frg 4
ARGEVT Reap hazard
ARGEVT Omi goal item_spikes
ARGEVT Omi route 6 start '369.0 -983.0 -104.0' goal '305.0 -855.0  24.0'
ARGLOG Reap t 137.1 pos '130.4 -220.7 -296.0' spd  51.1 yaw 84 mode 2 st 10 gl 7 hp 56 frg 7
ARGEVT Omi route 7 start '401.0 -887.0 -104.0' goal '305.0 -855.0  24.0'
ARGEVT Zeus respawn
ARGEVT Zeus goal item_spikes
ARGLOG Zeus t 137.3 pos '776.0 -808.0 -232.0' spd 0 yaw  73.7 mode 0 st 4 gl 3 hp 100 frg 5
ARGLOG Omi t 137.3 pos '443.4 -887.0 -104.0' spd 376.5 yaw 171.1 mode 2 st 3 gl 12 hp 45 frg 4
ARGEVT Zeus route 4 start '817.0 -855.0 -232.0' goal '945.0 -567.0 -104.0'
ARGEVT Zeus jump
ARGLOG Reap t 137.6 pos '153.2 -198.5 -296.0' spd 311.6 yaw 93 mode 2 st 10 gl 7 hp 56 frg 7
ARGLOG Zeus t 137.8 pos '769.3 -717.0 -178.3' spd  50.2 yaw 96 mode 2 st 4 gl 3 hp 100 frg 5
ARGLOG Omi t 137.8 pos '271.5 -856.7 -104.0' spd 327.6 yaw 207 mode 2 st 3 gl 12 hp 45 frg 4
ARGEVT Reap hazard
ARGLOG Reap t 138.1 pos '153.2 -198.5 -296.0' spd 201.1 yaw 93 mode 2 st 10 gl 7 hp 56 frg 7
ARGLOG Zeus t 138.3 pos '752.0 -656.0 -184.0' spd 0 yaw 89 mode 2 st 4 gl 3 hp 100 frg 5
ARGLOG Omi t 138.3 pos '123.9 -936.8 -104.0' spd 366.2 yaw 261 mode 2 st 3 gl 12 hp 45 frg 4
ARGEVT Zeus jump
ARGLOG Reap t 138.6 pos '153.2 -198.5 -296.0' spd 210.3 yaw 93 mode 2 st 10 gl 7 hp 56 frg 7
ARGLOG Zeus t 138.8 pos '754.9 -614.8 -133.0' spd  30.6 yaw 90 mode 2 st 4 gl 3 hp 100 frg 5
ARGLOG Omi t 138.8 pos ' 80.6 -1097.8 -104.0' spd 320.0 yaw 287.3 mode 2 st 3 gl 12 hp 45 frg 4
ARGEVT Reap stall
ARGEVT Reap stallnode '145.0 -55.0 -440.0'
ARGEVT Reap jump
ARGEVT Reap route 1 start '145.0 -183.0 -296.0' goal '145.0 -55.0 -440.0'
ARGEVT Omi jump
ARGLOG Reap t 139.1 pos '196.8 -237.7 -257.1' spd 210.2 yaw 180.1 mode 2 st 11 gl 7 hp 56 frg 7
ARGLOG Zeus t 139.3 pos '777.5 -500.8 -104.0' spd 377.5 yaw   8.4 mode 2 st 4 gl 3 hp 100 frg 5
ARGLOG Omi t 139.3 pos '166.9 -1232.0 -66.3' spd 208.3 yaw 8 mode 2 st 3 gl 12 hp 45 frg 4
ARGEVT Reap hazard
ARGLOG Reap t 139.7 pos '142.3 -275.2 -296.0' spd 228.6 yaw 88 mode 2 st 11 gl 7 hp 56 frg 7
ARGLOG Zeus t 139.9 pos '952.9 -515.4 -104.0' spd 340.4 yaw 297 mode 1 st 4 gl 3 hp 100 frg 5
ARGLOG Omi t 139.9 pos '296.4 -1215.2 -24.0' spd 328.1 yaw  44.0 mode 2 st 3 gl 12 hp 45 frg 4
ARGEVT Reap abandon
ARGEVT Reap goal item_shells
ARGEVT Zeus goal item_health
ARGLOG Reap t 140.2 pos '181.0 -221.4 -296.0' spd 328.9 yaw 27 mode 1 st 11 gl 7 hp 56 frg 7
ARGEVT Zeus hazard
ARGLOG Zeus t 140.4 pos '1004.4 -638.1 -104.0' spd  84.0 yaw 166.8 mode 1 st 4 gl 3 hp 100 frg 5
ARGLOG Omi t 140.4 pos '364.0 -1059.6  24.0' spd 322.9 yaw 106 mode 2 st 3 gl 12 hp 45 frg 4
ARGEVT Reap hazard
ARGLOG Reap t 140.7 pos '293.0 -202.9 -296.0' spd 333.4 yaw 44 mode 1 st 11 gl 7 hp 56 frg 7
ARGLOG Zeus t 140.9 pos '928.5 -496.8 -104.0' spd 362.6 yaw 45 mode 1 st 4 gl 3 hp 100 frg 5
ARGLOG Omi t 140.9 pos '320.0 -901.0  24.0' spd 321.3 yaw 119 mode 1 st 3 gl 12 hp 45 frg 4
ARGEVT Zeus goal item_health
ARGEVT Zeus goal item_spikes
ARGEVT Omi goal item_cells
ARGEVT Reap goal weapon_nailgun
ARGLOG Reap t 141.2 pos '369.6 -116.0 -296.0' spd 296.9 yaw 127.3 mode 1 st 11 gl 7 hp 56 frg 7
ARGEVT Zeus hazard
ARGEVT Zeus route 18 start '977.0 -471.0 -104.0' goal '881.0 -567.0  24.0'
ARGLOG Zeus t 141.4 pos '1040.0 -473.4 -104.0' spd 298.9 yaw 283.4 mode 2 st 4 gl 5 hp 100 frg 5
ARGLOG Omi t 141.4 pos '217.4 -765.2  24.0' spd 375.9 yaw  62.7 mode 1 st 3 gl 12 hp 45 frg 4
ARGEVT Omi hazard
ARGEVT Reap goal item_health
ARGEVT Reap route 4 start '337.0   9.0 -296.0' goal '529.0  73.0 -296.0'
ARGLOG Reap t 141.7 pos '399.6  23.2 -288.0' spd 344.1 yaw  19.8 mode 2 st 11 gl 7 hp 56 frg 7
ARGEVT Reap hazard
ARGLOG Zeus t 141.9 pos '947.8 -609.8 -104.0' spd 357.2 yaw 167 mode 2 st 4 gl 5 hp 100 frg 5
ARGLOG Omi t 141.9 pos '324.7 -739.0  24.0' spd 385.3 yaw  77.2 mode 1 st 3 gl 12 hp 45 frg 4
ARGLOG Reap t 142.2 pos '398.9  16.5 -288.0' spd 320.1 yaw 271 mode 2 st 11 gl 7 hp 56 frg 7
ARGEVT Omi goal item_health
ARGEVT Omi route 2 start '305.0 -599.0  24.0' goal '497.0 -471.0  24.0'
ARGLOG Zeus t 142.4 pos '779.6 -589.5 -110.6' spd 325.8 yaw 162.3 mode 2 st 4 gl 5 hp 100 frg 5
ARGLOG Omi t 142.4 pos '350.5 -568.5  24.0' spd 322.3 yaw 115 mode 2 st 3 gl 12 hp 45 frg 4
ARGEVT Zeus hazard
ARGEVT Reap engage Omi
ARGEVT Omi engage Reap
ARGLOG Reap t 142.7 pos '361.3 -133.7 -296.0' spd 354.1 yaw 258.3 mode 2 st 11 gl 7 hp 56 frg 7
ARGEVT Reap hazard
ARGLOG Zeus t 142.9 pos '752.0 -675.1 -167.4' spd 322.6 yaw 262 mode 2 st 4 gl 5 hp 100 frg 5
ARGLOG Omi t 142.9 pos '295.4 -427.4  24.0' spd 326.5 yaw 74 mode 1 st 3 gl 12 hp 45 frg 4
ARGLOG Reap t 143.3 pos '373.7 -147.8 -296.0' spd  98.5 yaw 245 mode 2 st 11 gl 7 hp 56 frg 7
ARGEVT Omi death
ARGEVT Omi death Reap pos '263.3 -371.7 -71.7'
ARGLOG Zeus t 143.5 pos '738.7 -840.4 -232.0' spd 321.8 yaw 250 mode 2 st 4 gl 5 hp 100 frg 5
ARGEVT Zeus hazard
ARGLOG Reap t 143.8 pos '432.0 -207.1 -296.0' spd 240.3 yaw 358 mode 2 st 11 gl 7 hp 56 frg 8
ARGEVT Zeus route 15 start '721.0 -887.0 -232.0' goal '881.0 -567.0  24.0'
ARGLOG Zeus t 144.0 pos '720.0 -845.1 -232.0' spd 323.9 yaw  84.2 mode 0 st 4 gl 5 hp 100 frg 5
ARGEVT Zeus route 16 start '721.0 -759.0 -232.0' goal '881.0 -567.0  24.0'
ARGLOG Reap t 144.3 pos '594.9 -223.5 -296.0' spd 372.2 yaw  74.6 mode 2 st 11 gl 7 hp 56 frg 8
ARGLOG Zeus t 144.5 pos '808.1 -704.4 -200.0' spd 401.8 yaw 320.1 mode 2 st 4 gl 5 hp 100 frg 5
ARGLOG Reap t 144.8 pos '609.2 -50.1 -296.0' spd 320.2 yaw 115 mode 1 st 11 gl 7 hp 56 frg 8
ARGEVT Omi respawn
ARGEVT Omi goal item_armor1
ARGLOG Omi t 145.0 pos '784.0 -176.0  24.0' spd 0 yaw 163.4 mode 0 st 3 gl 12 hp 100 frg 4
ARGEVT Omi route 2 start '753.0 -151.0  24.0' goal '529.0 -55.0 -104.0'
ARGLOG Zeus t 145.0 pos '791.0 -842.3 -232.0' spd 341.7 yaw 213 mode 2 st 4 gl 5 hp 100 frg 5
ARGEVT Reap goal item_armor1
ARGEVT Zeus hazard
ARGLOG Reap t 145.3 pos '551.7 109.9 -296.0' spd 323.7 yaw  93.8 mode 1 st 11 gl 7 hp 81 frg 8
ARGEVT Zeus route 15 start '721.0 -887.0 -232.0' goal '881.0 -567.0  24.0'
ARGLOG Omi t 145.5 pos '625.0 -162.3  24.0' spd 357.9 yaw 131 mode 2 st 3 gl 12 hp 100 frg 4
ARGEVT Reap hazard
ARGLOG Zeus t 145.5 pos '720.0 -806.7 -232.0' spd 340.0 yaw 134.8 mode 2 st 4 gl 5 hp 100 frg 5
ARGLOG Reap t 145.8 pos '582.4  93.5 -296.0' spd 328.3 yaw 351 mode 1 st 11 gl 7 hp 81 frg 8
ARGLOG Omi t 146.0 pos '481.3 -76.8  -7.7' spd 320.0 yaw 199.6 mode 1 st 3 gl 12 hp 100 frg 4
ARGLOG Zeus t 146.0 pos '720.0 -805.3 -228.8' spd 327.6 yaw 271 mode 2 st 4 gl 5 hp 100 frg 5
ARGEVT Reap goal item_armor1
ARGEVT Zeus hazard
ARGLOG Reap t 146.3 pos '739.0  67.1 -296.0' spd 174.0 yaw 310.4 mode 0 st 11 gl 7 hp 81 frg 8
ARGEVT Reap route 8 start '721.0  73.0 -296.0' goal '529.0 -55.0 -104.0'
ARGEVT Zeus engage Omi
ARGEVT Zeus weapon sg
ARGEVT Omi engage Zeus
ARGLOG Omi t 146.5 pos '355.9 -91.8 -228.9' spd 208.9 yaw 336.8 mode 1 st 3 gl 12 hp 100 frg 4
ARGEVT Reap hazard
ARGLOG Zeus t 146.6 pos '368.0  25.4 -267.2' spd 300 yaw 260 mode 0 st 4 gl 5 hp 100 frg 5
ARGEVT Zeus route 14 start '337.0   9.0 -296.0' goal '881.0 -567.0  24.0'
ARGLOG Reap t 146.9 pos '656.6  16.0 -296.0' spd 363.5 yaw 146.2 mode 2 st 11 gl 7 hp 81 frg 8
ARGEVT Omi hazard
ARGLOG Omi t 147.0 pos '365.1 -151.5 -296.0' spd 167.9 yaw 90 mode 1 st 3 gl 12 hp 95 frg 4
ARGLOG Zeus t 147.1 pos '363.8 -13.8 -296.0' spd  94.7 yaw 266 mode 2 st 4 gl 5 hp 100 frg 5
ARGEVT Reap route 6 start '401.0 -887.0  24.0' goal '529.0 -55.0 -104.0'
ARGLOG Reap t 147.4 pos '394.8 -864.0  24.0' spd 300 yaw 114.4 mode 2 st 11 gl 7 hp 81 frg 8
ARGEVT Zeus weapon rl
ARGLOG Omi t 147.5 pos '350.3 -207.9 -296.0' spd 391.2 yaw 89 mode 1 st 3 gl 12 hp 71 frg 4
ARGLOG Zeus t 147.6 pos '367.8   9.0 -296.0' spd 166.4 yaw 254.3 mode 2 st 4 gl 5 hp 96 frg 5
ARGLOG Reap t 147.9 pos '306.7 -718.5  24.0' spd 325.6 yaw 90 mode 2 st 11 gl 7 hp 81 frg 8
ARGLOG Omi t 148.0 pos '367.2 -266.0 -296.0' spd  59.0 yaw 89 mode 1 st 3 gl 12 hp 71 frg 4
ARGLOG Zeus t 148.1 pos '368.5 -14.2 -296.0' spd 180.6 yaw 265 mode 2 st 4 gl 5 hp 93 frg 5
ARGEVT Zeus hazard
ARGLOG Reap t 148.4 pos '306.3 -553.0  24.0' spd 320.0 yaw 90 mode 2 st 11 gl 7 hp 81 frg 8
ARGEVT Reap engage Zeus
ARGLOG Omi t 148.6 pos '480.1 -231.7 -296.0' spd 328.0 yaw 120 mode 1 st 3 gl 12 hp 71 frg 4
ARGLOG Zeus t 148.6 pos '347.6  -4.4 -296.0' spd 302.5 yaw 299 mode 2 st 4 gl 5 hp 89 frg 5
ARGEVT Zeus pursue
ARGLOG Reap t 148.9 pos '299.2 -389.3  17.7' spd 337.3 yaw 84 mode 2 st 11 gl 7 hp 81 frg 8
ARGEVT Omi hazard
ARGLOG Omi t 149.1 pos '471.0 -212.2 -296.0' spd 306.5 yaw  47.4 mode 1 st 3 gl 12 hp 71 frg 4
ARGLOG Zeus t 149.1 pos '385.9 -13.5 -296.0' spd 324.4 yaw 290 mode 2 st 4 gl 5 hp 89 frg 5
ARGLOG Reap t 149.4 pos '283.1 -382.4 -104.0' spd 184.7 yaw 74 mode 2 st 11 gl 7 hp 81 frg 8
ARGEVT Zeus hazard
ARGLOG Omi t 149.6 pos '571.7 -208.0 -296.0' spd 149.1 yaw 127.8 mode 1 st 3 gl 12 hp 71 frg 4
ARGLOG Zeus t 149.6 pos '398.8 -152.3 -296.0' spd 347.3 yaw 328.3 mode 2 st 4 gl 5 hp 89 frg 5
ARGEVT Zeus weapon sg
ARGLOG Reap t 149.9 pos '433.7 -425.9 -104.0' spd 572.3 yaw 89 mode 2 st 11 gl 7 hp 51 frg 8
ARGLOG Omi t 150.1 pos '520.9 -250.0 -296.0' spd 322.7 yaw 142.5 mode 1 st 3 gl 12 hp 47 frg 4
ARGLOG Zeus t 150.2 pos '397.1 -156.3 -296.0' spd 129.1 yaw 319 mode 2 st 4 gl 5 hp 89 frg 5
ARGEVT Omi hazard
ARGEVT Reap pursue
ARGLOG Reap t 150.5 pos '565.3 -372.5 -104.0' spd 352.1 yaw 132 mode 2 st 11 gl 7 hp 51 frg 8
ARGEVT Zeus weapon rl
ARGLOG Omi t 150.6 pos '529.5 -253.7 -296.0' spd 321.8 yaw 182 mode 1 st 3 gl 12 hp 47 frg 4
ARGLOG Zeus t 150.7 pos '329.6 -236.1 -296.0' spd 231.4 yaw 3 mode 2 st 4 gl 5 hp 85 frg 5
ARGEVT Zeus hazard
ARGEVT Zeus weapon sg
ARGLOG Reap t 151.0 pos '470.2 -234.4 -104.0' spd 322.3 yaw 136.4 mode 1 st 11 gl 7 hp 51 frg 8
ARGLOG Omi t 151.1 pos '508.6 -253.1 -296.0' spd 116.4 yaw 178 mode 1 st 3 gl 12 hp 47 frg 4
ARGEVT Reap hazard
ARGLOG Zeus t 151.2 pos '346.6 -251.7 -296.0' spd  48.4 yaw   4.9 mode 2 st 4 gl 5 hp 81 frg 5
ARGLOG Reap t 151.5 pos '470.3 -228.5 -104.0' spd 328.8 yaw 187.7 mode 1 st 11 gl 7 hp 51 frg 8
ARGLOG Omi t 151.6 pos '523.6 -226.4 -296.0' spd 337.4 yaw 183 mode 1 st 3 gl 12 hp 47 frg 4
ARGLOG Zeus t 151.7 pos '369.6 -231.2 -296.0' spd 110.1 yaw 3 mode 2 st 4 gl 5 hp 77 frg 5
ARGLOG Reap t 152.0 pos '479.0 -291.4 -104.0' spd 352.1 yaw 155 mode 1 st 11 gl 7 hp 51 frg 8
ARGLOG Omi t 152.2 pos '551.0 -226.1 -296.0' spd  89.9 yaw 177 mode 1 st 3 gl 12 hp 31 frg 4
ARGLOG Zeus t 152.2 pos '382.3 -227.0 -296.0' spd 258.5 yaw 359.2 mode 2 st 4 gl 5 hp 73 frg 5
ARGLOG Reap t 152.5 pos '527.6 -251.0 -104.0' spd 333.8 yaw 172 mode 1 st 11 gl 7 hp 51 frg 8
ARGEVT Reap pursue
ARGLOG Omi t 152.7 pos '546.7 -241.9 -296.0' spd  86.8 yaw 178 mode 1 st 3 gl 12 hp 7 frg 4
ARGLOG Zeus t 152.7 pos '390.6 -252.2 -296.0' spd  61.5 yaw 3 mode 2 st 4 gl 5 hp 69 frg 5
ARGEVT Reap hazard
ARGLOG Reap t 153.0 pos '456.1 -179.1 -104.0' spd  58.5 yaw 172 mode 1 st 11 gl 7 hp 51 frg 8
ARGLOG Omi t 153.2 pos '490.7 -246.9 -296.0' spd 320.5 yaw 134.5 mode 1 st 3 gl 12 hp 7 frg 4
ARGLOG Zeus t 153.2 pos '373.6 -112.5 -296.0' spd 386.6 yaw 317.3 mode 2 st 4 gl 5 hp 58 frg 5
ARGEVT Zeus weapon rl
ARGEVT Omi goal 
ARGEVT Reap goal weapon_supernailgun
ARGEVT Omi death
ARGEVT Omi death Zeus pos '384.9 -272.3 -296.0'
ARGLOG Reap t 153.5 pos '487.4 -61.2 -104.0' spd 335.0 yaw 195.9 mode 1 st 11 gl 7 hp 51 frg 8
ARGEVT Zeus hazard
ARGLOG Zeus t 153.8 pos '403.3 -108.1 -296.0' spd 322.2 yaw 331 mode 2 st 4 gl 5 hp 58 frg 6
ARGEVT Reap pursue
ARGEVT Reap hazard
ARGEVT Zeus engage Reap
ARGLOG Reap t 154.1 pos '467.5 -124.8 -104.0' spd 167.6 yaw 123.1 mode 1 st 11 gl 7 hp 51 frg 8
ARGLOG Zeus t 154.3 pos '381.4 -154.4 -296.0' spd 279.3 yaw 340.6 mode 2 st 4 gl 5 hp 58 frg 6
ARGEVT Reap pursue
ARGLOG Reap t 154.6 pos '487.8 -142.6 -104.0' spd 278.6 yaw 168.6 mode 1 st 11 gl 7 hp 51 frg 8
ARGEVT Reap stall
ARGEVT Reap jump
ARGLOG Zeus t 154.8 pos '424.9 -196.4 -296.0' spd 395.8 yaw 354 mode 2 st 4 gl 5 hp 58 frg 6
ARGEVT Reap routefail
ARGEVT Omi respawn
ARGEVT Zeus pursue
ARGEVT Omi goal item_rockets
ARGLOG Omi t 155.1 pos '-64.0 512.0 -296.0' spd 0 yaw 253.7 mode 1 st 3 gl 12 hp 100 frg 4
ARGEVT Reap goal item_artifact_super_damage
ARGEVT Reap abandon
ARGLOG Reap t 155.1 pos '459.6 -48.0 -69.2' spd   8.5 yaw 233.4 mode 0 st 12 gl 7 hp 51 frg 8
ARGEVT Reap routefail
ARGLOG Zeus t 155.3 pos '578.2 -212.2 -296.0' spd 399.0 yaw 83 mode 2 st 4 gl 5 hp 58 frg 6
ARGEVT Reap goal 
ARGEVT Reap route 3 start '529.0 -55.0 -104.0' goal '209.0 -375.0 -104.0'
ARGEVT Omi hazard
ARGLOG Omi t 155.6 pos '-144.0 438.6 -296.0' spd 217.0 yaw  89.5 mode 1 st 3 gl 12 hp 100 frg 4
ARGLOG Reap t 155.6 pos '523.2 -106.4 -104.0' spd 369.2 yaw 254.2 mode 2 st 12 gl 7 hp 51 frg 8
ARGLOG Zeus t 155.8 pos '616.8 -64.9 -296.0' spd 330.5 yaw 105.6 mode 2 st 4 gl 5 hp 58 frg 6
ARGEVT Reap hazard
ARGEVT Omi goal item_health
ARGLOG Omi t 156.1 pos '-109.6 556.8 -296.0' spd 364.2 yaw  94.2 mode 1 st 3 gl 12 hp 100 frg 4
ARGLOG Reap t 156.1 pos '429.6 -231.3 -104.0' spd 373.6 yaw 126 mode 2 st 12 gl 7 hp 51 frg 8
ARGLOG Zeus t 156.3 pos '600.5 102.5 -296.0' spd 351.5 yaw 143.9 mode 2 st 4 gl 5 hp 58 frg 6
ARGEVT Zeus hazard
ARGEVT Omi goal weapon_rocketlauncher
ARGEVT Zeus route 11 start '529.0  73.0 -296.0' goal '881.0 -567.0  24.0'
ARGLOG Omi t 156.6 pos '-14.6 616.8 -296.0' spd 150.5 yaw 306.3 mode 0 st 3 gl 12 hp 200 frg 4
ARGLOG Reap t 156.6 pos '227.8 -187.5 -219.8' spd 398.8 yaw 290.2 mode 2 st 12 gl 7 hp 51 frg 8
ARGEVT Omi route 4 start '-15.0 553.0 -296.0' goal ' 49.0 105.0 -296.0'
ARGLOG Zeus t 156.8 pos '519.5  56.5 -296.0' spd 328.9 yaw 308.4 mode 2 st 4 gl 5 hp 58 frg 6
ARGLOG Omi t 157.1 pos '-35.5 454.4 -296.0' spd 320.0 yaw 245 mode 2 st 3 gl 12 hp 200 frg 4
ARGLOG Reap t 157.1 pos '254.6 -278.3 -296.0' spd 330.9 yaw 337 mode 2 st 12 gl 7 hp 51 frg 8
ARGEVT Omi hazard
ARGEVT Reap hazard
ARGLOG Zeus t 157.3 pos '666.7  68.8 -296.0' spd 400.5 yaw 113.8 mode 2 st 4 gl 5 hp 58 frg 6
ARGLOG Omi t 157.7 pos '-90.4 323.3 -296.0' spd 325.7 yaw 240 mode 2 st 3 gl 12 hp 200 frg 4
ARGLOG Reap t 157.7 pos '334.2 -278.3 -296.0' spd 385.7 yaw 316 mode 2 st 12 gl 7 hp 51 frg 8
ARGEVT Reap jump
ARGEVT Zeus route 9 start '401.0 -887.0  24.0' goal '881.0 -567.0  24.0'
ARGLOG Zeus t 157.9 pos '352.3 -780.7  24.0' spd 417.0 yaw  64.2 mode 2 st 4 gl 5 hp 58 frg 6
ARGLOG Omi t 158.2 pos '-87.3 185.6 -296.0' spd 336.1 yaw 255.3 mode 2 st 3 gl 12 hp 200 frg 4
ARGLOG Reap t 158.2 pos '432.0 -340.9 -266.1' spd 165.1 yaw 184 mode 2 st 12 gl 7 hp 51 frg 8
ARGEVT Omi hazard
ARGLOG Zeus t 158.4 pos '331.4 -614.5  24.0' spd 330.4 yaw  72.7 mode 2 st 4 gl 5 hp 58 frg 6
ARGEVT Reap swim
ARGLOG Omi t 158.7 pos ' -2.5  72.3 -296.0' spd 368.8 yaw 355 mode 1 st 3 gl 12 hp 200 frg 4
ARGLOG Reap t 158.7 pos '379.5 -350.7 -402.9' spd 129.3 yaw  22.8 mode 2 st 12 gl 7 hp 23 frg 8
ARGEVT Reap weapon rl
ARGLOG Zeus t 158.9 pos '404.3 -460.2  24.0' spd 325.5 yaw 34 mode 2 st 4 gl 5 hp 58 frg 6
ARGEVT Omi goal 
ARGEVT Reap weapon lg
ARGEVT Omi route 5 start ' 49.0 105.0 -296.0' goal '145.0 -55.0 -440.0'
ARGEVT Reap swim
ARGLOG Omi t 159.2 pos '  6.1  48.2 -296.0' spd 326.6 yaw 185.9 mode 2 st 3 gl 12 hp 200 frg 4
ARGLOG Reap t 159.2 pos '430.2 -344.0 -383.5' spd  86.6 yaw 218.0 mode 2 st 12 gl 7 hp 2 frg 8
ARGEVT Reap death
ARGEVT Reap death world pos '428.4 -348.1 -381.5'
ARGLOG Zeus t 159.4 pos '509.6 -340.8 -35.5' spd 298.7 yaw 46 mode 2 st 4 gl 5 hp 58 frg 6
ARGEVT Omi hazard
ARGLOG Omi t 159.7 pos '-63.7 -66.2 -296.0' spd 325.3 yaw 260 mode 2 st 3 gl 12 hp 200 frg 4
ARGEVT Zeus jump
ARGLOG Zeus t 159.9 pos '604.7 -209.9 -92.3' spd 326.1 yaw 27 mode 2 st 4 gl 5 hp 58 frg 6
ARGEVT Zeus engage Omi
ARGEVT Omi engage Zeus
ARGLOG Omi t 160.2 pos '-76.5 -229.2 -296.0' spd 283.6 yaw 263.0 mode 2 st 3 gl 12 hp 200 frg 4
ARGLOG Zeus t 160.4 pos '610.5 -118.3 -91.6' spd 157.8 yaw 267.6 mode 2 st 4 gl 5 hp 58 frg 6
ARGEVT Zeus weapon sg
ARGEVT Omi hazard
ARGLOG Omi t 160.8 pos ' 74.4 -235.8 -296.0' spd 308.8 yaw 18 mode 2 st 3 gl 12 hp 200 frg 4
ARGEVT Reap respawn
ARGEVT Reap goal item_health
ARGEVT Reap engage Zeus
ARGLOG Reap t 160.9 pos '-64.0 -232.0 -72.0' spd 0 yaw  10.7 mode 0 st 12 gl 7 hp 100 frg 7
ARGEVT Reap route 2 start '-47.0 -215.0 -72.0' goal '-239.0 -471.0 -72.0'
ARGLOG Zeus t 161.0 pos '533.2 -160.5 -104.0' spd 325.3 yaw 194.3 mode 2 st 4 gl 5 hp 24 frg 6
ARGEVT Zeus abandon
ARGEVT Zeus goal 
ARGEVT Zeus route 3 start '529.0 -183.0 -104.0' goal '241.0 -503.0 -104.0'
ARGLOG Omi t 161.3 pos ' 89.5 -234.5 -296.0' spd 271.3 yaw 352 mode 2 st 3 gl 12 hp 200 frg 4
ARGLOG Reap t 161.4 pos ' 62.3 -227.8 -72.0' spd 178.6 yaw 353 mode 2 st 12 gl 7 hp 100 frg 7
ARGLOG Zeus t 161.5 pos '517.4 -325.0 -104.0' spd 329.7 yaw 177 mode 2 st 4 gl 5 hp 16 frg 6
ARGEVT Zeus hazard
ARGLOG Omi t 161.8 pos ' 42.9 -237.3 -296.0' spd 278.0 yaw 339 mode 2 st 3 gl 12 hp 199 frg 4
ARGEVT Zeus death
ARGEVT Zeus death Reap pos '485.0 -399.9 -104.0'
ARGLOG Reap t 161.9 pos '122.3 -257.2 -72.0' spd 323.2 yaw 338 mode 2 st 12 gl 7 hp 100 frg 8
ARGEVT Omi hazard
ARGLOG Omi t 162.3 pos ' 97.7 -209.0 -296.0' spd 352.1 yaw 28 mode 2 st 3 gl 12 hp 199 frg 4
ARGLOG Reap t 162.4 pos '113.2 -427.1   8.0' spd 401.3 yaw 173.8 mode 2 st 12 gl 7 hp 100 frg 8
ARGEVT Reap hazard
ARGLOG Omi t 162.8 pos '204.0 -218.5 -296.0' spd  57.0 yaw 109 mode 2 st 3 gl 12 hp 198 frg 4
ARGLOG Reap t 162.9 pos '115.5 -491.9  24.0' spd 104.5 yaw 155 mode 2 st 12 gl 7 hp 100 frg 8
ARGEVT Omi hazard
ARGLOG Omi t 163.3 pos '126.5 -216.6 -296.0' spd 283.8 yaw 83 mode 2 st 3 gl 12 hp 198 frg 4
ARGEVT Zeus respawn
ARGLOG Reap t 163.4 pos '116.4 -348.9 -24.0' spd 286.4 yaw 186 mode 2 st 12 gl 7 hp 100 frg 8
ARGEVT Zeus goal weapon_supershotgun
ARGLOG Zeus t 163.5 pos '272.0 -952.0  24.0' spd 0 yaw 343.7 mode 0 st 4 gl 5 hp 100 frg 6
ARGEVT Reap hazard
ARGEVT Zeus route 2 start '305.0 -983.0  24.0' goal '273.0 -1015.0 -104.0'
ARGLOG Omi t 163.8 pos '116.2 -206.5 -296.0' spd 237.7 yaw 79 mode 2 st 3 gl 12 hp 197 frg 4
ARGLOG Reap t 163.9 pos '112.0 -285.8 -52.6' spd  77.5 yaw 200 mode 2 st 12 gl 7 hp 100 frg 8
ARGLOG Zeus t 164.0 pos '326.5 -1093.0  24.0' spd 419.5 yaw 179.5 mode 2 st 4 gl 5 hp 100 frg 6
ARGEVT Omi hazard
ARGEVT Omi stall
ARGEVT Omi stallnode '145.0 -55.0 -440.0'
ARGEVT Omi jump
ARGLOG Omi t 164.3 pos '112.0 -208.0 -274.5' spd  29.7 yaw 245.2 mode 0 st 4 gl 12 hp 197 frg 4
ARGEVT Omi route 1 start '145.0 -183.0 -296.0' goal '145.0 -55.0 -440.0'
ARGLOG Reap t 164.4 pos '114.7 -349.5 -24.0' spd 332.6 yaw 186 mode 2 st 12 gl 7 hp 100 frg 8
ARGLOG Zeus t 164.5 pos '124.7 -1097.6 -50.9' spd 305.1 yaw  34.4 mode 1 st 4 gl 5 hp 100 frg 6
ARGEVT Reap hazard
ARGLOG Omi t 164.9 pos ' 92.4 -221.2 -294.1' spd  79.5 yaw  80.7 mode 2 st 4 gl 12 hp 196 frg 4
ARGLOG Reap t 165.0 pos '113.5 -462.0  24.0' spd 205.9 yaw 161 mode 2 st 12 gl 7 hp 100 frg 8
ARGLOG Zeus t 165.0 pos '219.8 -1014.6 -104.0' spd 330.4 yaw 351 mode 1 st 4 gl 5 hp 100 frg 6
ARGEVT Omi hazard
ARGEVT Zeus goal item_health
ARGLOG Omi t 165.4 pos ' 63.0 -209.2 -296.0' spd 223.6 yaw 62 mode 2 st 4 gl 12 hp 196 frg 4
ARGLOG Reap t 165.5 pos '112.4 -472.9  24.0' spd 208.3 yaw 159 mode 2 st 12 gl 7 hp 100 frg 8
ARGLOG Zeus t 165.5 pos '387.7 -1013.3 -104.0' spd 335.0 yaw 37 mode 1 st 4 gl 5 hp 100 frg 6
ARGEVT Reap hazard
ARGEVT Zeus goal item_health
ARGEVT Zeus goal item_health
ARGEVT Reap stall
ARGEVT Reap stallnode '-143.0 -375.0 -72.0'
ARGEVT Reap jump
ARGEVT Zeus goal item_rockets
ARGEVT Reap route 4 start '113.0 -471.0  24.0' goal '-239.0 -471.0 -72.0'
ARGLOG Omi t 165.9 pos ' 63.0 -209.2 -296.0' spd 212.2 yaw 62 mode 2 st 4 gl 12 hp 195 frg 4
ARGLOG Reap t 166.0 pos '142.0 -484.4  62.9' spd 125.0 yaw 89 mode 2 st 13 gl 7 hp 100 frg 8
ARGLOG Zeus t 166.0 pos '463.4 -904.0 -104.0' spd 320.3 yaw 94 mode 1 st 4 gl 8 hp 100 frg 6
ARGEVT Omi hazard
ARGEVT Zeus goal item_shells
ARGEVT Zeus route 2 start '401.0 -759.0 -104.0' goal ' 81.0 -823.0 -104.0'
ARGEVT Omi stall
ARGEVT Omi stallnode '145.0 -55.0 -440.0'
ARGLOG Omi t 166.4 pos ' 63.0 -209.2 -296.0' spd 214.9 yaw 250.7 mode 0 st 5 gl 12 hp 195 frg 4
ARGEVT Omi jump
ARGEVT Zeus hazard
ARGLOG Reap t 166.5 pos '189.3 -427.1  24.0' spd 328.8 yaw 106 mode 2 st 13 gl 7 hp 100 frg 8
ARGLOG Zeus t 166.6 pos '423.2 -755.0 -104.0' spd 378.7 yaw 177.9 mode 2 st 4 gl 8 hp 100 frg 6
ARGEVT Omi route 2 start ' 17.0 -247.0 -296.0' goal '145.0 -55.0 -440.0'
ARGLOG Omi t 166.9 pos ' 28.7 -272.0 -273.1' spd 141.0 yaw 37 mode 2 st 5 gl 12 hp 194 frg 4
ARGLOG Reap t 167.0 pos '156.7 -262.4 -72.0' spd 381.7 yaw 171 mode 2 st 13 gl 7 hp 100 frg 8
ARGLOG Zeus t 167.1 pos '260.0 -775.9 -104.0' spd 320.0 yaw 192 mode 1 st 4 gl 8 hp 100 frg 6
ARGEVT Omi hazard
ARGLOG Omi t 167.4 pos ' 78.3 -215.1 -296.0' spd 353.5 yaw 25 mode 2 st 5 gl 12 hp 193 frg 4
ARGLOG Reap t 167.5 pos '-14.1 -251.3 -72.0' spd 335.0 yaw 224 mode 2 st 13 gl 7 hp 100 frg 8
ARGEVT Zeus goal item_spikes
ARGLOG Zeus t 167.6 pos ' 99.5 -810.1 -104.0' spd 320.0 yaw 174.7 mode 0 st 4 gl 8 hp 100 frg 6
ARGEVT Zeus hazard
ARGEVT Zeus route 14 start ' 81.0 -823.0 -104.0' goal '-143.0 -503.0 -72.0'
ARGLOG Omi t 167.9 pos '193.5 -208.5 -296.0' spd 203.2 yaw 107 mode 2 st 5 gl 12 hp 193 frg 4
ARGLOG Reap t 168.0 pos '-144.0 -346.9 -72.0' spd 331.3 yaw 233 mode 2 st 13 gl 7 hp 100 frg 8
ARGLOG Zeus t 168.1 pos ' 80.0 -921.7 -104.0' spd 325.5 yaw 271 mode 2 st 4 gl 8 hp 100 frg 6
ARGEVT Omi hazard
ARGEVT Reap goal item_health
ARGEVT Reap goal item_spikes
ARGLOG Omi t 168.5 pos '129.6 -221.6 -296.0' spd 152.5 yaw 84 mode 2 st 5 gl 12 hp 192 frg 4
ARGLOG Reap t 168.6 pos '-212.9 -506.9 -72.0' spd 337.3 yaw 266.9 mode 1 st 13 gl 9 hp 100 frg 8
ARGLOG Zeus t 168.6 pos ' 82.9 -1086.2 -104.0' spd 320.0 yaw 270 mode 2 st 4 gl 8 hp 100 frg 6
ARGEVT Reap hazard
ARGEVT Zeus jump
ARGLOG Omi t 169.0 pos '112.0 -202.3 -296.0' spd 215.1 yaw 77 mode 2 st 5 gl 12 hp 192 frg 4
ARGLOG Reap t 169.1 pos '-201.8 -575.9 -72.0' spd 341.3 yaw 38 mode 1 st 13 gl 9 hp 100 frg 8
ARGLOG Zeus t 169.1 pos '158.9 -1232.0 -69.6' spd 213.5 yaw 7 mode 2 st 4 gl 8 hp 100 frg 6
ARGEVT Omi hazard
ARGEVT Reap goal weapon_grenadelauncher
ARGEVT Reap route 6 start '-143.0 -503.0 -72.0' goal '113.0 -407.0 -104.0'
ARGEVT Zeus goal item_shells
ARGLOG Omi t 169.5 pos '112.0 -202.3 -296.0' spd 213.4 yaw 77 mode 2 st 5 gl 12 hp 191 frg 4
ARGEVT Zeus route 14 start '177.0 -1207.0 -72.0' goal '721.0 -887.0 -232.0'
ARGLOG Reap t 169.6 pos '-55.4 -492.9 -72.0' spd 397.0 yaw 293.8 mode 2 st 13 gl 9 hp 100 frg 8
ARGLOG Zeus t 169.6 pos '266.9 -1188.2 -40.0' spd 329.3 yaw   3.0 mode 2 st 4 gl 8 hp 100 frg 6
ARGEVT Omi stall
ARGEVT Omi stallnode '145.0 -55.0 -440.0'
ARGLOG Omi t 170.0 pos '112.0 -202.3 -296.0' spd 212.3 yaw 267.3 mode 0 st 6 gl 12 hp 191 frg 4
ARGEVT Omi jump
ARGEVT Reap hazard
ARGLOG Reap t 170.1 pos '-34.7 -623.5 -72.0' spd 110.7 yaw 184 mode 2 st 13 gl 9 hp 100 frg 8
ARGEVT Omi route 1 start '145.0 -183.0 -296.0' goal '145.0 -55.0 -440.0'
ARGLOG Zeus t 170.1 pos '366.1 -1055.4  24.0' spd 333.6 yaw 106 mode 2 st 4 gl 8 hp 100 frg 6
ARGLOG Omi t 170.5 pos ' 98.6 -217.5 -273.4' spd  76.1 yaw 102.5 mode 2 st 6 gl 12 hp 190 frg 4
ARGLOG Reap t 170.6 pos '-48.0 -601.8 -72.0' spd  34.9 yaw 198 mode 2 st 13 gl 9 hp 100 frg 8
ARGLOG Zeus t 170.7 pos '336.7 -891.7  24.0' spd 320.3 yaw 100 mode 2 st 4 gl 8 hp 100 frg 6
ARGEVT Omi hazard
ARGLOG Omi t 171.0 pos ' 48.5 -210.1 -296.0' spd 176.1 yaw 58 mode 2 st 6 gl 12 hp 190 frg 4
ARGEVT Reap hazard
ARGLOG Reap t 171.1 pos '-48.0 -624.0 -72.0' spd 271.7 yaw 185 mode 2 st 13 gl 9 hp 100 frg 8
ARGLOG Zeus t 171.2 pos '312.9 -728.6  24.0' spd 320.2 yaw 93 mode 2 st 4 gl 8 hp 100 frg 6
ARGEVT Reap stall
ARGEVT Reap stallnode '-143.0 -631.0 -72.0'
ARGEVT Reap jump
ARGLOG Omi t 171.5 pos ' 48.5 -210.1 -296.0' spd 216.1 yaw 58 mode 2 st 6 gl 12 hp 189 frg 4
ARGEVT Reap route 6 start '-47.0 -599.0 -72.0' goal '113.0 -407.0 -104.0'
ARGLOG Reap t 171.6 pos '-44.9 -624.0 -37.6' spd  30.1 yaw  22.5 mode 2 st 14 gl 9 hp 100 frg 8
ARGLOG Zeus t 171.7 pos '348.5 -567.0  24.0' spd 329.8 yaw 46 mode 2 st 4 gl 8 hp 100 frg 6
ARGEVT Omi hazard
ARGEVT Omi engage Zeus
ARGEVT Zeus engage Omi
ARGLOG Omi t 172.1 pos ' 47.5 -211.8 -296.0' spd  37.7 yaw  33.3 mode 2 st 6 gl 12 hp 189 frg 4
ARGLOG Reap t 172.2 pos '-30.0 -601.6 -72.0' spd 188.9 yaw 116 mode 2 st 14 gl 9 hp 100 frg 8
ARGLOG Zeus t 172.2 pos '409.7 -457.8  24.0' spd 179.4 yaw  86.0 mode 2 st 4 gl 8 hp 100 frg 6
ARGLOG Omi t 172.6 pos ' 29.9 -254.6 -296.0' spd 334.5 yaw 314 mode 2 st 6 gl 12 hp 188 frg 4
ARGEVT Omi pursue
ARGLOG Reap t 172.7 pos '-96.9 -452.1 -72.0' spd 320.3 yaw 120 mode 2 st 14 gl 9 hp 100 frg 8
ARGEVT Zeus pursue
ARGLOG Zeus t 172.7 pos '318.8 -510.6  24.0' spd 248.5 yaw 134 mode 2 st 4 gl 8 hp 100 frg 6
ARGEVT Omi hazard
ARGLOG Omi t 173.1 pos ' 94.6 -257.2 -296.0' spd 369.3 yaw 318 mode 2 st 6 gl 12 hp 188 frg 4
ARGLOG Reap t 173.2 pos '-98.1 -285.3 -72.0' spd 349.7 yaw  24.4 mode 2 st 14 gl 9 hp 100 frg 8
ARGLOG Zeus t 173.2 pos '262.4 -386.1  -7.4' spd 214.9 yaw 144 mode 2 st 4 gl 8 hp 100 frg 6
ARGEVT Zeus death
ARGEVT Zeus death Omi pos '245.0 -372.2 -34.9'
ARGLOG Omi t 173.6 pos ' 91.2 -244.8 -296.0' spd 330.4 yaw  61.9 mode 2 st 6 gl 12 hp 187 frg 5
ARGLOG Reap t 173.7 pos ' 48.0 -208.0 -72.0' spd 324.0 yaw 14 mode 2 st 14 gl 9 hp 100 frg 8
ARGEVT Omi hazard
ARGLOG Omi t 174.1 pos ' 67.8 -213.7 -296.0' spd 218.9 yaw 64 mode 2 st 6 gl 12 hp 187 frg 5
ARGLOG Reap t 174.2 pos '216.9 -232.7 -72.0' spd 383.3 yaw 272.5 mode 2 st 14 gl 9 hp 100 frg 8
ARGEVT Reap hazard
ARGEVT Omi engage Reap
ARGEVT Reap engage Omi
ARGLOG Omi t 174.6 pos ' 41.3 -215.8 -296.0' spd 242.0 yaw  34.3 mode 2 st 6 gl 12 hp 186 frg 5
ARGLOG Reap t 174.7 pos '216.8 -356.7 -148.7' spd 208.6 yaw 171.7 mode 1 st 14 gl 9 hp 100 frg 8
ARGEVT Zeus respawn
ARGEVT Zeus goal item_spikes
ARGLOG Zeus t 174.9 pos '112.0 -1136.0 -104.0' spd 0 yaw  61.3 mode 0 st 4 gl 8 hp 100 frg 6
ARGEVT Zeus route 5 start ' 81.0 -1079.0 -104.0' goal '305.0 -855.0  24.0'
ARGLOG Omi t 175.1 pos ' 33.5 -218.8 -296.0' spd 129.1 yaw 324 mode 2 st 6 gl 12 hp 162 frg 5
ARGEVT Reap swim
ARGLOG Reap t 175.2 pos '235.1 -368.0 -392.2' spd   6.3 yaw 144 mode 1 st 14 gl 9 hp 80 frg 8
ARGLOG Zeus t 175.4 pos '262.1 -1114.5 -104.0' spd 419.3 yaw 256.8 mode 2 st 4 gl 8 hp 100 frg 6
ARGEVT Zeus hazard
ARGEVT Reap swim
ARGEVT Zeus jump
ARGLOG Omi t 175.7 pos '-10.3 -231.1 -296.0' spd 229.7 yaw 331 mode 2 st 6 gl 12 hp 124 frg 5
ARGLOG Reap t 175.8 pos '232.2 -368.0 -379.1' spd  31.6 yaw 157 mode 1 st 14 gl 9 hp 40 frg 8
ARGEVT Reap swim
ARGLOG Zeus t 175.9 pos '115.1 -1166.1 -66.3' spd 351.2 yaw 331.6 mode 2 st 4 gl 8 hp 100 frg 6
ARGEVT Reap swim
ARGLOG Omi t 176.2 pos ' 19.5 -241.0 -296.0' spd 151.8 yaw 332 mode 2 st 6 gl 12 hp 108 frg 5
ARGLOG Reap t 176.3 pos '243.2 -368.0 -380.4' spd  31.8 yaw 147 mode 1 st 14 gl 9 hp 10 frg 8
ARGEVT Reap death
ARGEVT Reap death world pos '243.2 -368.0 -380.4'
ARGLOG Zeus t 176.4 pos '143.5 -1229.7 -104.0' spd 312.5 yaw 6 mode 2 st 4 gl 8 hp 100 frg 6
ARGEVT Omi hazard
ARGLOG Omi t 176.7 pos '123.1 -208.0 -293.9' spd 257.3 yaw 81 mode 2 st 6 gl 12 hp 107 frg 5
ARGLOG Zeus t 176.9 pos '308.3 -1207.8 -24.0' spd 345.6 yaw  57.6 mode 2 st 4 gl 8 hp 100 frg 6
ARGLOG Omi t 177.2 pos '181.7 -204.7 -296.0' spd 250.4 yaw 103 mode 2 st 6 gl 12 hp 107 frg 5
ARGLOG Zeus t 177.4 pos '360.2 -1043.5  24.0' spd 321.1 yaw 106 mode 2 st 4 gl 8 hp 100 frg 6
ARGEVT Omi hazard
ARGLOG Omi t 177.7 pos '181.7 -204.7 -296.0' spd 205.2 yaw 103 mode 2 st 6 gl 12 hp 106 frg 5
ARGEVT Reap respawn
ARGEVT Reap goal weapon_rocketlauncher
ARGLOG Reap t 177.9 pos '776.0 -808.0 -232.0' spd 0 yaw 106.3 mode 1 st 14 gl 9 hp 100 frg 7
ARGEVT Omi stall
ARGEVT Omi stallnode '145.0 -55.0 -440.0'
ARGEVT Omi jump
ARGLOG Zeus t 178.0 pos '310.7 -885.4  24.0' spd 320.9 yaw 119 mode 1 st 4 gl 8 hp 100 frg 6
ARGEVT Reap hazard
ARGEVT Omi route 2 start '273.0 -183.0 -296.0' goal '145.0 -55.0 -440.0'
ARGEVT Zeus goal item_cells
ARGLOG Omi t 178.2 pos '246.6 -208.9 -257.1' spd 211.2 yaw 242.0 mode 2 st 7 gl 12 hp 106 frg 5
ARGLOG Reap t 178.4 pos '720.0 -775.1 -218.1' spd 325.9 yaw 272.1 mode 1 st 14 gl 9 hp 100 frg 7
ARGLOG Zeus t 178.5 pos '303.5 -752.0  24.0' spd  75.4 yaw 77 mode 1 st 4 gl 8 hp 100 frg 6
ARGEVT Reap goal item_health
ARGLOG Omi t 178.7 pos '207.9 -260.5 -296.0' spd 344.6 yaw 129 mode 2 st 7 gl 12 hp 105 frg 5
ARGEVT Reap route 9 start '721.0 -887.0 -232.0' goal '401.0 -887.0 -104.0'
ARGLOG Reap t 178.9 pos '739.5 -908.7 -232.0' spd 352.8 yaw 239 mode 0 st 14 gl 9 hp 100 frg 7
ARGEVT Omi hazard
ARGEVT Reap route 9 start '721.0 -887.0 -232.0' goal '401.0 -887.0 -104.0'
ARGEVT Zeus goal item_health
ARGLOG Zeus t 179.0 pos '341.5 -600.0  24.0' spd 320.9 yaw  71.7 mode 0 st 4 gl 8 hp 100 frg 6
ARGEVT Zeus route 2 start '305.0 -599.0  24.0' goal '497.0 -471.0  24.0'
ARGEVT Omi engage Reap
ARGEVT Reap engage Omi
ARGEVT Omi abandon
ARGEVT Omi goal item_shells
ARGEVT Reap route 8 start '337.0   9.0 -296.0' goal '401.0 -887.0 -104.0'
ARGEVT Zeus engage Reap
ARGLOG Omi t 179.3 pos '171.5 -257.0 -296.0' spd 324.2 yaw 50 mode 1 st 7 gl 12 hp 105 frg 5
ARGLOG Reap t 179.4 pos '381.6  -8.1 -296.0' spd 232.8 yaw 234.3 mode 2 st 14 gl 9 hp 100 frg 7
ARGEVT Reap hazard
ARGLOG Zeus t 179.5 pos '374.5 -437.6  24.0' spd 311.6 yaw 87 mode 1 st 4 gl 8 hp 100 frg 6
ARGLOG Omi t 179.8 pos '191.3 -235.1 -296.0' spd 320.2 yaw 59 mode 1 st 7 gl 12 hp 104 frg 5
ARGLOG Reap t 179.9 pos '381.2  15.1 -296.0' spd 321.0 yaw 240 mode 2 st 14 gl 9 hp 100 frg 7
ARGEVT Omi death
ARGEVT Omi death Reap pos '191.9 -215.1 -296.0'
ARGEVT Reap engage Zeus
ARGLOG Zeus t 180.0 pos '282.1 -373.7 -71.7' spd 129.6 yaw 66 mode 1 st 4 gl 8 hp 100 frg 6
ARGLOG Reap t 180.4 pos '387.4  -9.2 -296.0' spd 347.7 yaw 264 mode 2 st 14 gl 9 hp 96 frg 8
ARGLOG Zeus t 180.5 pos '357.4 -415.3 -104.0' spd 324.6 yaw 86 mode 1 st 4 gl 8 hp 100 frg 6
ARGLOG Reap t 181.0 pos '383.5  -7.8 -296.0' spd 111.7 yaw 276 mode 2 st 14 gl 9 hp 96 frg 8
ARGLOG Zeus t 181.1 pos '364.4 -401.8 -104.0' spd 320.0 yaw 93 mode 1 st 4 gl 8 hp 100 frg 6
ARGEVT Zeus hazard
ARGEVT Omi respawn
ARGLOG Reap t 181.5 pos '377.0 -21.2 -296.0' spd 243.1 yaw 269 mode 2 st 14 gl 9 hp 94 frg 8
ARGEVT Omi goal item_armor1
ARGLOG Omi t 181.5 pos '784.0 -176.0  24.0' spd 0 yaw 163.7 mode 0 st 7 gl 12 hp 100 frg 5
ARGEVT Omi route 2 start '753.0 -151.0  24.0' goal '529.0 -55.0 -104.0'
ARGLOG Zeus t 181.6 pos '398.7 -398.0 -104.0' spd 325.4 yaw 97 mode 1 st 4 gl 8 hp 100 frg 6
ARGEVT Reap hazard
ARGLOG Reap t 182.0 pos '353.7 -24.3 -296.0' spd  86.3 yaw 303 mode 2 st 14 gl 9 hp 94 frg 8
ARGLOG Omi t 182.0 pos '625.7 -162.1  24.0' spd 354.7 yaw 132 mode 2 st 7 gl 12 hp 100 frg 5
ARGLOG Zeus t 182.1 pos '579.0 -366.6 -104.0' spd 330.4 yaw 113 mode 1 st 4 gl 8 hp 59 frg 6
ARGEVT Zeus pursue
ARGEVT Reap pursue
ARGEVT Omi engage Zeus
ARGLOG Reap t 182.5 pos '400.5 -73.4 -296.0' spd 322.5 yaw 279 mode 2 st 14 gl 9 hp 94 frg 8
ARGLOG Omi t 182.6 pos '464.2 -99.6  -7.9' spd 260.8 yaw 223.2 mode 1 st 7 gl 12 hp 100 frg 5
ARGLOG Zeus t 182.6 pos '559.1 -214.7 -104.0' spd 325.5 yaw 134 mode 1 st 4 gl 8 hp 59 frg 6
ARGEVT Reap hazard
ARGEVT Omi hazard
ARGEVT Omi goal weapon_supernailgun
ARGEVT Zeus hazard
ARGLOG Reap t 183.0 pos '412.4 -205.7 -296.0' spd 333.2 yaw 296.3 mode 2 st 14 gl 9 hp 94 frg 8
ARGLOG Omi t 183.1 pos '455.2 -55.6 -104.0' spd 111.6 yaw 291 mode 1 st 7 gl 12 hp 100 frg 5
ARGLOG Zeus t 183.1 pos '460.1 -90.5 -102.7' spd 219.0 yaw 186.3 mode 1 st 4 gl 8 hp 43 frg 6
ARGLOG Reap t 183.5 pos '545.8 -240.7 -296.0' spd 321.1 yaw  56.0 mode 2 st 14 gl 9 hp 88 frg 8
ARGLOG Omi t 183.6 pos '566.4   3.2 -104.0' spd 0 yaw 268 mode 1 st 7 gl 12 hp 100 frg 5
ARGEVT Zeus pursue
ARGLOG Zeus t 183.6 pos '563.1 -126.0 -104.0' spd 347.6 yaw 254.6 mode 1 st 4 gl 8 hp 27 frg 6
ARGEVT Reap pursue
ARGLOG Reap t 184.0 pos '618.4 -106.8 -296.0' spd 380.7 yaw 121.6 mode 2 st 14 gl 9 hp 88 frg 8
ARGLOG Omi t 184.1 pos '474.6 -55.0 -104.0' spd 151.4 yaw 271 mode 1 st 7 gl 12 hp 100 frg 5
ARGLOG Zeus t 184.1 pos '482.9 -277.8 -104.0' spd 336.7 yaw 225.0 mode 1 st 4 gl 8 hp 11 frg 6
ARGEVT Zeus death
ARGEVT Zeus death Omi pos '449.4 -409.8 -104.0'
ARGLOG Reap t 184.6 pos '605.9  57.9 -296.0' spd 322.3 yaw 76 mode 2 st 14 gl 9 hp 88 frg 8
ARGLOG Omi t 184.6 pos '615.4 -122.9 -104.0' spd 271.8 yaw 211.7 mode 1 st 7 gl 12 hp 100 frg 6
ARGEVT Omi hazard
ARGLOG Reap t 185.1 pos '344.6 -862.6  20.0' spd 320.1 yaw 177 mode 2 st 14 gl 9 hp 88 frg 8
ARGLOG Omi t 185.1 pos '476.7 -169.7 -104.0' spd 351.1 yaw 121.4 mode 1 st 7 gl 12 hp 100 frg 6
ARGLOG Reap t 185.6 pos '208.0 -860.6  24.0' spd  83.2 yaw 227.0 mode 2 st 14 gl 9 hp 88 frg 8
ARGLOG Omi t 185.6 pos '451.9 -187.2 -104.0' spd 125.6 yaw 148 mode 1 st 7 gl 12 hp 100 frg 6
ARGEVT Zeus respawn
ARGEVT Zeus goal item_rockets
ARGLOG Zeus t 186.1 pos '-64.0 512.0 -296.0' spd 0 yaw 253.7 mode 1 st 4 gl 8 hp 100 frg 6
ARGEVT Omi hazard
ARGLOG Reap t 186.1 pos '271.9 -1004.2  24.0' spd 404.9 yaw  31.1 mode 2 st 14 gl 9 hp 88 frg 8
