LOG started on: 09/13/2026 09:25:22 
Playing registered version.
UDP Initialized
WIPX_OpenSocket: Address family not supported by protocol family
WIPX_Init: Unable to open control socket, IPX disabled
Exe: 20:02:47 Jul 31 2024
256.0 megabyte heap

Language initialization
Couldn't load 'localization/loc_english.txt'
from 'C:/argus/engine'

========= Quake Initialized =========

execing autoexec.cfg
SpawnServer: dm4
Clearing memory
Programs occupy 875K.
trying to open external vis file
maps/dm4.vis not found, trying argus.vis
external vis not found
ARGUS slots 8
ARGUS worldspawn reached
ARGNAV 155 nodes, 928 links
0 entities inhibited
ARGUS init on dm4
ARGEVT Carmack spawned
ARGEVT Romero spawned
ARGEVT Joe Rogan spawned
Server spawned.
ARGLOG Joe Rogan t   1.2 pos '-64.0 -232.0 -72.0' spd 0 yaw 357.6 mode 0 st 0 gl 0 hp 100 frg 0
ARGLOG Romero t   1.2 pos '112.0 -1136.0 -104.0' spd 0 yaw  92.5 mode 0 st 0 gl 0 hp 100 frg 0
ARGLOG Carmack t   1.2 pos '-64.0 512.0 -296.0' spd 0 yaw 299.6 mode 0 st 0 gl 0 hp 100 frg 0
ARGEVT Carmack hazard
ARGLOG Joe Rogan t   1.7 pos ' 91.1 -237.4 -72.0' spd 320 yaw 357.6 mode 0 st 0 gl 0 hp 100 frg 0
ARGLOG Romero t   1.7 pos '106.6 -980.9 -104.0' spd 320 yaw  92.5 mode 0 st 0 gl 0 hp 100 frg 0
ARGLOG Carmack t   1.7 pos '-48.6 420.7 -296.0' spd 321.6 yaw 178.2 mode 0 st 0 gl 0 hp 100 frg 0
ARGLOG Joe Rogan t   2.2 pos '272.1 -244.1 -84.8' spd 320 yaw 357.6 mode 0 st 0 gl 0 hp 100 frg 0
ARGLOG Romero t   2.2 pos '100.8 -816.2 -104.0' spd 320 yaw  92.5 mode 0 st 0 gl 0 hp 100 frg 0
ARGLOG Carmack t   2.2 pos '-213.5 420.2 -296.0' spd 320.0 yaw  32.2 mode 0 st 0 gl 0 hp 100 frg 0
ARGLOG Joe Rogan t   2.7 pos '390.6 -278.6 -263.6' spd 181.6 yaw 239.1 mode 0 st 0 gl 0 hp 100 frg 0
ARGLOG Romero t   2.7 pos '214.2 -804.7 -104.0' spd 322.7 yaw 327.2 mode 0 st 0 gl 0 hp 100 frg 0
ARGLOG Carmack t   2.7 pos '-116.9 433.7 -296.0' spd 323.4 yaw  13.2 mode 0 st 0 gl 0 hp 100 frg 0
ARGEVT Joe Rogan hazard
ARGLOG Joe Rogan t   3.3 pos '487.1 -250.4 -296.0' spd 322.8 yaw  10.2 mode 0 st 0 gl 0 hp 100 frg 0
ARGLOG Romero t   3.3 pos '357.2 -886.3 -104.0' spd 320.0 yaw 327.2 mode 0 st 0 gl 0 hp 100 frg 0
ARGLOG Carmack t   3.3 pos ' -7.9 431.5 -296.0' spd 263.8 yaw 216.1 mode 0 st 0 gl 0 hp 100 frg 0
ARGEVT Carmack hazard
ARGLOG Joe Rogan t   3.8 pos '636.4 -212.6 -296.0' spd 150.2 yaw 157.2 mode 0 st 0 gl 0 hp 100 frg 0
ARGLOG Romero t   3.8 pos '407.0 -954.1 -104.0' spd 325.6 yaw 175.4 mode 0 st 0 gl 0 hp 100 frg 0
ARGLOG Carmack t   3.8 pos '-110.6 520.9 -296.0' spd 328.1 yaw  90.0 mode 0 st 0 gl 0 hp 100 frg 0
ARGEVT Joe Rogan plan powerup via weapon
ARGEVT Joe Rogan goal weapon_lightning
ARGEVT Romero goal item_armorInv
ARGEVT Carmack goal weapon_rocketlauncher
ARGEVT Joe Rogan route 8 start '593.0 -215.0 -296.0' goal '529.0 -311.0 -104.0'
ARGLOG Joe Rogan t   4.3 pos '647.8 -257.9 -296.0' spd 370.5 yaw 93 mode 2 st 0 gl 0 hp 100 frg 0
ARGEVT Joe Rogan hazard
ARGLOG Romero t   4.3 pos '241.4 -927.5 -104.0' spd 380.4 yaw  92.5 mode 0 st 0 gl 0 hp 100 frg 0
ARGLOG Carmack t   4.3 pos '-119.2 564.4 -296.0' spd 332.2 yaw 292 mode 0 st 0 gl 0 hp 100 frg 0
ARGEVT Romero route 19 start '273.0 -887.0 -104.0' goal '817.0 -855.0 -232.0'
ARGEVT Carmack route 3 start '-111.0 457.0 -296.0' goal ' 49.0 105.0 -296.0'
ARGEVT Carmack hazard
ARGLOG Joe Rogan t   4.8 pos '488.0 -219.7 -296.0' spd 398.1 yaw 68 mode 2 st 0 gl 0 hp 100 frg 0
ARGLOG Romero t   4.8 pos '325.6 -796.2 -104.0' spd 436.1 yaw 243 mode 2 st 0 gl 0 hp 100 frg 0
ARGLOG Carmack t   4.8 pos '-116.9 401.8 -296.0' spd 326.8 yaw 265 mode 2 st 0 gl 0 hp 100 frg 0
ARGLOG Joe Rogan t   5.3 pos '529.0 -208.0 -296.0' spd 377.5 yaw 74 mode 2 st 0 gl 0 hp 100 frg 0
ARGEVT Joe Rogan hazard
ARGLOG Romero t   5.3 pos '317.8 -967.8 -104.0' spd 362.2 yaw 226 mode 2 st 0 gl 0 hp 100 frg 0
ARGLOG Carmack t   5.3 pos '-109.6 232.8 -296.0' spd 320.6 yaw 322 mode 2 st 0 gl 0 hp 100 frg 0
ARGLOG Joe Rogan t   5.8 pos '640.1 -103.2 -296.0' spd 329.0 yaw 260 mode 2 st 0 gl 0 hp 100 frg 0
ARGLOG Romero t   5.8 pos '183.1 -1070.7 -104.0' spd 343.2 yaw 304 mode 2 st 0 gl 0 hp 100 frg 0
ARGLOG Carmack t   5.8 pos '-56.4  76.6 -296.0' spd 356.9 yaw 355 mode 1 st 0 gl 0 hp 100 frg 0
ARGEVT Carmack goal item_artifact_super_damage
ARGEVT Carmack route 6 start ' 49.0 105.0 -296.0' goal '209.0  73.0 -104.0'
ARGEVT Romero hazard
ARGEVT Carmack hazard
ARGLOG Joe Rogan t   6.3 pos '618.6  62.7 -296.0' spd 383.5 yaw 179 mode 2 st 0 gl 0 hp 100 frg 0
ARGLOG Romero t   6.3 pos '202.1 -1221.4 -72.0' spd 399.2 yaw 30 mode 2 st 0 gl 0 hp 100 frg 0
ARGEVT Romero jump
ARGLOG Carmack t   6.3 pos '100.0  73.4 -296.0' spd 373.7 yaw 232 mode 2 st 0 gl 1 hp 100 frg 0
ARGEVT Joe Rogan hazard
ARGLOG Joe Rogan t   6.8 pos '502.2  77.1 -296.0' spd  82.7 yaw 270 mode 2 st 0 gl 0 hp 100 frg 0
ARGLOG Romero t   6.8 pos '209.4 -1187.4 -48.9' spd  68.9 yaw 64 mode 2 st 0 gl 0 hp 100 frg 0
ARGLOG Carmack t   6.8 pos '-14.6 118.3 -296.0' spd 359.3 yaw 275 mode 2 st 0 gl 1 hp 100 frg 0
ARGEVT Romero jump
ARGLOG Joe Rogan t   7.4 pos '544.0 125.9 -296.0' spd  19.9 yaw 268 mode 2 st 0 gl 0 hp 100 frg 0
ARGLOG Romero t   7.4 pos '272.0 -1134.8  -5.6' spd 104.7 yaw 77 mode 2 st 0 gl 0 hp 100 frg 0
ARGLOG Carmack t   7.4 pos '-78.8 -32.5 -296.0' spd 320.0 yaw 295 mode 2 st 0 gl 1 hp 100 frg 0
ARGEVT Joe Rogan hazard
ARGLOG Joe Rogan t   7.9 pos '544.0 123.0 -296.0' spd  28.9 yaw 268 mode 2 st 0 gl 0 hp 100 frg 0
ARGLOG Romero t   7.9 pos '272.0 -1116.4 -68.4' spd  24.7 yaw 76 mode 2 st 0 gl 0 hp 100 frg 0
ARGLOG Carmack t   7.9 pos '-28.1 -191.4 -296.0' spd 323.2 yaw 1 mode 2 st 0 gl 1 hp 100 frg 0
ARGEVT Romero jump
ARGEVT Joe Rogan stall
ARGEVT Joe Rogan stallnode '625.0 137.0 -296.0'
ARGEVT Joe Rogan jump
ARGLOG Joe Rogan t   8.4 pos '544.0 125.9 -261.4' spd  16.6 yaw 302.8 mode 0 st 1 gl 0 hp 100 frg 0
ARGLOG Romero t   8.4 pos '272.0 -1136.0 -69.2' spd 0 yaw 77 mode 2 st 0 gl 0 hp 100 frg 0
ARGLOG Carmack t   8.4 pos '128.9 -252.1 -296.0' spd 333.5 yaw 31 mode 2 st 0 gl 1 hp 100 frg 0
ARGEVT Joe Rogan route 7 start '529.0  73.0 -296.0' goal '529.0 -311.0 -104.0'
ARGEVT Carmack hazard
ARGEVT Romero hazard
ARGEVT Carmack rjump
ARGEVT Romero jump
ARGLOG Joe Rogan t   8.9 pos '536.6 103.1 -296.0' spd 181.6 yaw 225.0 mode 2 st 1 gl 0 hp 100 frg 0
ARGLOG Romero t   8.9 pos '272.0 -1096.3 -82.4' spd 101.4 yaw 73 mode 2 st 0 gl 0 hp 100 frg 0
ARGLOG Carmack t   8.9 pos '291.4 -218.5 -194.4' spd 373.7 yaw 105 mode 2 st 0 gl 1 hp 48 frg 0
ARGEVT Joe Rogan hazard
ARGEVT Romero engage Carmack
ARGLOG Joe Rogan t   9.4 pos '613.5  13.4 -296.0' spd 320.1 yaw 263 mode 2 st 1 gl 0 hp 100 frg 0
ARGLOG Romero t   9.4 pos '272.0 -1080.6 -102.3' spd  30.5 yaw  83.5 mode 2 st 0 gl 0 hp 100 frg 0
ARGLOG Carmack t   9.4 pos '445.3 -104.4 -89.1' spd 385.0 yaw 143 mode 2 st 0 gl 1 hp 48 frg 0
ARGEVT Carmack hazard
ARGEVT Carmack engage Romero
ARGLOG Joe Rogan t   9.9 pos '646.1 -58.8 -296.0' spd 355.3 yaw 208.0 mode 2 st 1 gl 0 hp 100 frg 0
ARGLOG Romero t   9.9 pos '287.8 -939.9 -104.0' spd 320.3 yaw  76.1 mode 2 st 0 gl 0 hp 100 frg 0
ARGLOG Carmack t   9.9 pos '472.9 -74.5 -104.0' spd 324.4 yaw 254.9 mode 2 st 0 gl 1 hp 48 frg 0
ARGEVT Joe Rogan hazard
ARGEVT Carmack grab weapon_lightning
ARGLOG Joe Rogan t  10.5 pos '595.3 -96.0 -296.0' spd 320.8 yaw 263 mode 2 st 1 gl 0 hp 100 frg 0
ARGLOG Romero t  10.5 pos '319.0 -778.3 -104.0' spd 320.6 yaw  87.9 mode 0 st 0 gl 0 hp 100 frg 0
ARGLOG Carmack t  10.5 pos '352.1 -125.9 -148.2' spd 108.2 yaw 273.0 mode 2 st 0 gl 1 hp 48 frg 0
ARGEVT Romero route 20 start '305.0 -791.0 -104.0' goal '817.0 -855.0 -232.0'
ARGLOG Joe Rogan t  11.0 pos '610.8  68.2 -296.0' spd 343.5 yaw 131.3 mode 2 st 1 gl 0 hp 100 frg 0
ARGEVT Romero pursue
ARGLOG Romero t  11.0 pos '341.7 -618.1 -104.0' spd 324.1 yaw 89 mode 2 st 0 gl 0 hp 100 frg 0
ARGLOG Carmack t  11.0 pos '384.3 -137.7 -296.0' spd 303.1 yaw 329.3 mode 2 st 0 gl 1 hp 48 frg 0
ARGEVT Carmack hazard
ARGEVT Carmack pursue
ARGUS Carmack hunch item_armorInv
ARGEVT Carmack routefail
ARGLOG Joe Rogan t  11.5 pos '394.5 -864.0  24.0' spd 300 yaw 92 mode 2 st 1 gl 0 hp 100 frg 0
ARGLOG Romero t  11.5 pos '373.9 -454.2 -104.0' spd 321.3 yaw 94 mode 0 st 0 gl 0 hp 100 frg 0
ARGEVT Carmack goal item_artifact_super_damage
ARGLOG Carmack t  11.5 pos '391.6 -254.1 -296.0' spd 300.1 yaw 125.2 mode 0 st 0 gl 1 hp 48 frg 0
ARGEVT Romero grab weapon_lightning
ARGEVT Romero hazard
ARGEVT Carmack routefail
ARGEVT Carmack goal item_health
ARGEVT Romero route 18 start '401.0 -343.0 -104.0' goal '817.0 -855.0 -232.0'
ARGEVT Carmack route 5 start '401.0 -247.0 -296.0' goal '529.0  73.0 -296.0'
ARGLOG Joe Rogan t  12.0 pos '360.0 -806.8  24.0' spd 345.0 yaw 87 mode 2 st 1 gl 0 hp 100 frg 0
ARGLOG Romero t  12.0 pos '491.4 -355.0 -104.0' spd 329.7 yaw 126.6 mode 2 st 0 gl 0 hp 100 frg 0
ARGLOG Carmack t  12.0 pos '361.9 -213.0 -296.0' spd 328.1 yaw 332.7 mode 2 st 0 gl 1 hp 29 frg 0
ARGEVT Carmack grab weapon_nailgun
ARGEVT Joe Rogan goal weapon_rocketlauncher
ARGEVT Carmack pursue
ARGEVT Romero pursue
ARGEVT Joe Rogan route 12 start '401.0 -759.0  24.0' goal '721.0 -887.0 -232.0'
ARGLOG Joe Rogan t  12.5 pos '365.9 -637.3  24.0' spd 327.4 yaw 51 mode 2 st 1 gl 0 hp 100 frg 0
ARGLOG Romero t  12.5 pos '466.7 -220.6 -104.0' spd 347.4 yaw 192.8 mode 2 st 0 gl 0 hp 100 frg 0
ARGLOG Carmack t  12.5 pos '382.2 -263.6 -296.0' spd 156.8 yaw  37.8 mode 2 st 0 gl 1 hp 29 frg 0
ARGEVT Joe Rogan engage Romero
ARGEVT Carmack pursue
ARGLOG Joe Rogan t  13.0 pos '375.5 -502.7  24.0' spd 294.7 yaw  51.9 mode 2 st 1 gl 0 hp 100 frg 0
ARGLOG Romero t  13.0 pos '494.4 -342.3 -104.0' spd 323.2 yaw 125.5 mode 2 st 0 gl 0 hp 100 frg 0
ARGLOG Carmack t  13.0 pos '346.4 -115.3 -296.0' spd 136.1 yaw 319.1 mode 2 st 0 gl 1 hp 13 frg 0
ARGEVT Romero pursue
ARGEVT Joe Rogan pursue
ARGEVT Carmack hazard
ARGEVT Carmack death Carmack pos '347.6 -21.9 -296.0'
ARGLOG Joe Rogan t  13.5 pos '528.0 -480.2  24.0' spd 378.1 yaw 103 mode 2 st 1 gl 0 hp 100 frg 0
ARGLOG Romero t  13.5 pos '524.7 -334.5 -104.0' spd 323.0 yaw  53.3 mode 2 st 0 gl 0 hp 100 frg 0
ARGUS Joe Rogan hunch 
ARGEVT Romero engage Joe Rogan
ARGEVT Joe Rogan goal backpack
ARGEVT Joe Rogan route 4 start '529.0 -375.0  24.0' goal '337.0   9.0 -296.0'
ARGLOG Joe Rogan t  14.1 pos '568.2 -317.4  24.0' spd 371.5 yaw  88.2 mode 2 st 1 gl 0 hp 100 frg 0
ARGLOG Romero t  14.1 pos '559.7 -166.1 -104.0' spd 353.5 yaw 257.6 mode 2 st 0 gl 0 hp 76 frg 0
ARGLOG Joe Rogan t  14.6 pos '453.3 -282.4  -9.3' spd 263.5 yaw  52.5 mode 2 st 1 gl 0 hp 70 frg 0
ARGLOG Romero t  14.6 pos '624.0 -129.3 -104.0' spd 316.9 yaw 228.1 mode 2 st 0 gl 0 hp 52 frg 0
ARGEVT Joe Rogan grab item_health
ARGEVT Romero retreat
ARGEVT Carmack respawn
ARGLOG Joe Rogan t  15.1 pos '419.0 -415.1 -104.0' spd 471.2 yaw  31.9 mode 2 st 1 gl 0 hp 40 frg 0
ARGLOG Romero t  15.1 pos '624.0 -263.0 -104.0' spd 150.5 yaw 219.6 mode 2 st 0 gl 0 hp 28 frg 0
ARGEVT Carmack goal weapon_supernailgun
ARGLOG Carmack t  15.1 pos '776.0 -808.0 -232.0' spd 0 yaw 106.3 mode 0 st 0 gl 1 hp 100 frg -1
ARGEVT Joe Rogan death Romero pos '406.4 -472.0 -104.0'
ARGUS Romero watch spawn
ARGEVT Carmack route 16 start '817.0 -855.0 -232.0' goal '177.0 -55.0 -104.0'
ARGEVT Romero goal item_health
ARGEVT Carmack hazard
ARGEVT Romero route 9 start '625.0 -343.0 -104.0' goal '497.0 -471.0  24.0'
ARGLOG Romero t  15.6 pos '630.7 -316.0 -104.0' spd 324.9 yaw 290 mode 2 st 0 gl 0 hp 28 frg 1
ARGLOG Carmack t  15.6 pos '720.0 -797.3 -232.0' spd 322.5 yaw 271 mode 2 st 0 gl 1 hp 100 frg -1
ARGEVT Carmack route 7 start '721.0 -887.0 -232.0' goal '177.0 -55.0 -104.0'
ARGEVT Romero hazard
ARGEVT Carmack engage Romero
ARGEVT Carmack grab 
ARGEVT Romero engage Carmack
ARGEVT Romero grab 
ARGEVT Romero retreat
ARGLOG Romero t  16.1 pos '407.2 -240.0 -275.5' spd 300 yaw  75.2 mode 2 st 0 gl 0 hp 28 frg 1
ARGUS routecache adopt
ARGEVT Carmack route 5 start '337.0   9.0 -296.0' goal '177.0 -55.0 -104.0'
ARGLOG Carmack t  16.1 pos '368.0  24.8 -267.5' spd 300 yaw 299.3 mode 0 st 0 gl 1 hp 100 frg -1
ARGEVT Romero death Carmack pos '453.7 -240.0 -296.0'
ARGUS Carmack watch spawn
ARGLOG Carmack t  16.6 pos '368.0 -37.3 -296.0' spd 192.8 yaw 229 mode 2 st 0 gl 1 hp 95 frg 0
ARGEVT Carmack goal backpack
ARGEVT Carmack route 3 start '337.0   9.0 -296.0' goal '401.0 -247.0 -296.0'
ARGEVT Joe Rogan respawn
ARGEVT Joe Rogan goal weapon_grenadelauncher
ARGLOG Joe Rogan t  16.8 pos '-64.0 -232.0 -72.0' spd 0 yaw 343.7 mode 0 st 1 gl 0 hp 100 frg 0
ARGEVT Joe Rogan route 4 start '-47.0 -215.0 -72.0' goal '113.0 -407.0 -104.0'
ARGEVT Carmack jump
ARGLOG Carmack t  17.1 pos '385.1 -186.1 -284.1' spd 324.4 yaw 294 mode 1 st 0 gl 1 hp 95 frg 0
ARGLOG Joe Rogan t  17.3 pos ' 91.9 -220.8 -72.0' spd 322.4 yaw 358 mode 2 st 1 gl 0 hp 100 frg 0
ARGEVT Carmack goal weapon_supernailgun
ARGEVT Carmack engage Joe Rogan
ARGEVT Carmack route 5 start '401.0 -247.0 -296.0' goal '177.0 -55.0 -104.0'
ARGEVT Joe Rogan engage Carmack
ARGEVT Joe Rogan grab weapon_grenadelauncher
ARGEVT Joe Rogan jump
ARGLOG Carmack t  17.7 pos '432.0 -285.3 -282.9' spd  18.0 yaw 184.9 mode 2 st 0 gl 2 hp 95 frg 0
ARGEVT Carmack rjump
ARGEVT Carmack weapon lg
ARGLOG Joe Rogan t  17.9 pos '172.7 -336.0 -21.6' spd  76.5 yaw  18.7 mode 2 st 1 gl 0 hp 100 frg 0
ARGEVT Romero respawn
ARGEVT Romero goal backpack
ARGLOG Romero t  18.2 pos '272.0 -952.0  24.0' spd 0 yaw  16.3 mode 0 st 0 gl 0 hp 100 frg 1
ARGLOG Carmack t  18.2 pos '399.6 -221.7 -115.9' spd 167.8 yaw 218.5 mode 2 st 0 gl 2 hp 84 frg 0
ARGEVT Romero route 5 start '305.0 -983.0  24.0' goal '401.0 -471.0 -104.0'
ARGLOG Joe Rogan t  18.4 pos '138.4 -413.6   8.0' spd 324.1 yaw  38.1 mode 1 st 1 gl 0 hp 100 frg 0
ARGEVT Joe Rogan hazard
ARGLOG Romero t  18.7 pos '348.1 -816.0  24.0' spd 322.7 yaw  82.4 mode 2 st 0 gl 0 hp 100 frg 1
ARGLOG Carmack t  18.7 pos '456.6 -181.7 -102.9' spd 209.9 yaw 211.8 mode 2 st 0 gl 2 hp 80 frg 0
ARGLOG Joe Rogan t  18.9 pos '113.4 -431.1   8.0' spd 272.6 yaw  24.9 mode 1 st 1 gl 0 hp 40 frg 0
ARGEVT Joe Rogan retreat
ARGEVT Joe Rogan death Carmack pos '113.1 -432.0  18.8'
ARGLOG Romero t  19.2 pos '327.5 -650.7  24.0' spd 332.5 yaw 134 mode 2 st 0 gl 0 hp 100 frg 1
ARGEVT Carmack goal weapon_supernailgun
ARGLOG Carmack t  19.2 pos '548.5 -300.0 -104.0' spd 361.4 yaw 234.7 mode 0 st 0 gl 2 hp 80 frg 1
ARGEVT Carmack route 4 start '529.0 -311.0 -104.0' goal '177.0 -55.0 -104.0'
ARGEVT Romero goal backpack
ARGLOG Romero t  19.7 pos '297.0 -489.8  24.0' spd 323.3 yaw 73 mode 1 st 0 gl 0 hp 100 frg 1
ARGLOG Carmack t  19.7 pos '424.4 -422.3 -104.0' spd 329.6 yaw 182 mode 2 st 0 gl 2 hp 80 frg 1
ARGEVT Carmack engage Romero
ARGEVT Carmack grab item_health
ARGEVT Romero engage Carmack
ARGEVT Romero grab 
ARGLOG Romero t  20.2 pos '170.2 -311.7 -20.6' spd 769.5 yaw 320.2 mode 1 st 0 gl 0 hp 40 frg 1
ARGLOG Carmack t  20.2 pos '399.2 -473.4 -104.0' spd 131.6 yaw 142.9 mode 2 st 0 gl 2 hp 80 frg 1
ARGEVT Romero retreat
ARGEVT Romero death Carmack pos '112.0 -272.2 -44.9'
ARGEVT Joe Rogan respawn
ARGEVT Carmack goal backpack
ARGEVT Joe Rogan goal backpack
ARGEVT Joe Rogan engage Carmack
ARGLOG Joe Rogan t  20.7 pos '-64.0 -232.0 -72.0' spd 0 yaw 343.8 mode 0 st 1 gl 0 hp 100 frg 0
ARGEVT Carmack hazard
ARGEVT Joe Rogan grab 
ARGLOG Carmack t  20.7 pos '401.2 -398.5 -104.0' spd 397.9 yaw 180.2 mode 0 st 0 gl 2 hp 78 frg 2
ARGEVT Carmack route 11 start '401.0 -343.0 -104.0' goal '113.0 -375.0  -8.0'
ARGEVT Joe Rogan route 2 start '-47.0 -215.0 -72.0' goal '113.0 -375.0  -8.0'
ARGEVT Joe Rogan pursue
ARGLOG Joe Rogan t  21.2 pos ' 61.9 -254.8 -72.0' spd 336.7 yaw 340 mode 2 st 1 gl 0 hp 100 frg 0
ARGLOG Carmack t  21.2 pos '235.6 -403.2 -104.0' spd 248.4 yaw 42 mode 2 st 0 gl 2 hp 78 frg 2
ARGEVT Carmack engage Joe Rogan
ARGEVT Carmack grab 
ARGEVT Joe Rogan jump
ARGLOG Joe Rogan t  21.7 pos '163.0 -304.0 -34.4' spd  31.3 yaw 282.7 mode 1 st 1 gl 0 hp 100 frg 0
ARGLOG Carmack t  21.8 pos '175.5 -413.7 -104.0' spd 335.2 yaw 101.0 mode 2 st 0 gl 2 hp 74 frg 2
ARGEVT Carmack goal weapon_supernailgun
ARGEVT Carmack route 7 start '113.0 -407.0 -104.0' goal '177.0 -55.0 -104.0'
ARGEVT Joe Rogan pursue
ARGEVT Romero respawn
ARGEVT Romero goal item_armor2
ARGLOG Romero t  22.0 pos '776.0 -808.0 -232.0' spd 0 yaw 106.6 mode 0 st 0 gl 0 hp 100 frg 1
ARGEVT Carmack hazard
ARGEVT Romero route 19 start '817.0 -855.0 -232.0' goal '1169.0 -599.0  24.0'
ARGLOG Joe Rogan t  22.2 pos '156.4 -318.9 -40.0' spd 180.9 yaw 307 mode 1 st 1 gl 0 hp 100 frg 0
ARGUS Joe Rogan hunch item_artifact_super_damage
ARGLOG Carmack t  22.3 pos '115.8 -375.1 -104.0' spd 246.4 yaw  54.4 mode 2 st 0 gl 2 hp 74 frg 2
ARGEVT Joe Rogan goal item_armorInv
ARGEVT Romero hazard
ARGEVT Joe Rogan pursue
ARGEVT Joe Rogan route 10 start '177.0 -343.0 -24.0' goal '817.0 -855.0 -232.0'
ARGLOG Romero t  22.5 pos '720.0 -798.6 -232.0' spd 330.7 yaw 271 mode 2 st 0 gl 0 hp 100 frg 1
ARGEVT Joe Rogan hazard
ARGLOG Joe Rogan t  22.7 pos '118.6 -436.2  24.0' spd 326.1 yaw 300.7 mode 2 st 1 gl 0 hp 100 frg 0
ARGLOG Carmack t  22.8 pos '244.8 -418.7 -104.0' spd 338.9 yaw 25 mode 2 st 0 gl 2 hp 74 frg 2
ARGEVT Romero engage Carmack
ARGEVT Romero route 18 start '721.0 -887.0 -232.0' goal '1169.0 -599.0  24.0'
ARGLOG Romero t  23.0 pos '368.0  24.8 -267.5' spd 300 yaw 262.0 mode 0 st 0 gl 0 hp 100 frg 1
ARGEVT Carmack hazard
ARGEVT Carmack pursue
ARGLOG Joe Rogan t  23.3 pos '255.4 -496.1  24.0' spd 378.7 yaw  74.6 mode 2 st 1 gl 0 hp 100 frg 0
ARGEVT Carmack grab item_health
ARGLOG Carmack t  23.3 pos '410.4 -401.9 -104.0' spd 397.5 yaw  90.6 mode 2 st 0 gl 2 hp 74 frg 2
ARGEVT Romero route 17 start '337.0   9.0 -296.0' goal '1169.0 -599.0  24.0'
ARGLOG Romero t  23.6 pos '368.0 -37.0 -296.0' spd 300 yaw 290.1 mode 2 st 0 gl 0 hp 100 frg 1
ARGEVT Carmack weapon rl
ARGLOG Joe Rogan t  23.8 pos '248.7 -419.1  39.0' spd 218.3 yaw   6.6 mode 2 st 1 gl 0 hp 40 frg 0
ARGEVT Romero hazard
ARGEVT Romero pursue
ARGLOG Carmack t  23.8 pos '558.5 -403.4 -104.0' spd 121.0 yaw 187.2 mode 2 st 0 gl 2 hp 70 frg 2
ARGUS Romero hunch item_artifact_super_damage
ARGLOG Romero t  24.1 pos '366.9 -146.2 -296.0' spd 320.0 yaw 118.9 mode 2 st 0 gl 0 hp 100 frg 1
ARGEVT Romero pursue
ARGEVT Joe Rogan death Carmack pos '182.7 -507.7  24.0'
ARGUS Carmack watch spawn
ARGEVT Romero goal item_armorInv
ARGEVT Carmack goal weapon_supernailgun
ARGLOG Carmack t  24.3 pos '565.8 -402.0 -104.0' spd 253.7 yaw 146.3 mode 0 st 0 gl 2 hp 70 frg 3
ARGEVT Romero route 16 start '401.0 -183.0 -296.0' goal '817.0 -855.0 -232.0'
ARGLOG Romero t  24.6 pos '308.3 -250.5 -296.0' spd 320.1 yaw 268.3 mode 2 st 0 gl 0 hp 100 frg 1
ARGEVT Carmack route 5 start '497.0 -407.0 -104.0' goal '177.0 -55.0 -104.0'
ARGLOG Carmack t  24.8 pos '448.3 -393.2 -104.0' spd 351.3 yaw 127.7 mode 2 st 0 gl 2 hp 67 frg 3
ARGEVT Romero hazard
ARGLOG Romero t  25.1 pos '310.1 -196.5 -296.0' spd 322.7 yaw 319.0 mode 2 st 0 gl 0 hp 100 frg 1
ARGEVT Romero pursue
ARGEVT Carmack pursue
ARGLOG Carmack t  25.4 pos '561.7 -320.7 -104.0' spd 343.3 yaw 163 mode 2 st 0 gl 2 hp 59 frg 3
ARGEVT Romero pursue
ARGLOG Romero t  25.6 pos '457.7 -225.8 -296.0' spd 374.2 yaw 266.7 mode 2 st 0 gl 0 hp 100 frg 1
ARGUS Carmack hunch item_artifact_super_damage
ARGEVT Carmack pursue
ARGEVT Joe Rogan respawn
ARGEVT Carmack goal weapon_supernailgun
ARGUS routecache adopt
ARGEVT Carmack route 3 start '529.0 -183.0 -104.0' goal '177.0 -55.0 -104.0'
ARGEVT Joe Rogan goal backpack
ARGEVT Joe Rogan engage Carmack
ARGLOG Joe Rogan t  25.8 pos '-64.0 -232.0 -72.0' spd 0 yaw   0.1 mode 0 st 1 gl 0 hp 100 frg 0
ARGEVT Joe Rogan route 3 start '-47.0 -215.0 -72.0' goal '209.0 -503.0  24.0'
ARGLOG Carmack t  25.9 pos '545.9 -220.4 -104.0' spd 324.2 yaw  64.5 mode 2 st 0 gl 2 hp 59 frg 3
ARGEVT Romero pursue
ARGLOG Romero t  26.1 pos '575.9 -224.7 -296.0' spd 368.1 yaw 319.0 mode 2 st 0 gl 0 hp 100 frg 1
ARGLOG Joe Rogan t  26.3 pos ' 91.1 -244.1 -72.0' spd 367.5 yaw  20.6 mode 2 st 1 gl 0 hp 100 frg 0
ARGEVT Romero hazard
ARGLOG Carmack t  26.4 pos '533.6 -52.2 -104.0' spd 417.4 yaw 198.2 mode 2 st 0 gl 2 hp 52 frg 3
ARGEVT Joe Rogan jump
ARGUS Carmack prefire
ARGLOG Romero t  26.6 pos '535.2 -271.7 -296.0' spd 320.2 yaw 160.6 mode 2 st 0 gl 0 hp 100 frg 1
ARGEVT Carmack pursue
ARGEVT Carmack retreat
ARGLOG Joe Rogan t  26.8 pos '198.1 -276.6 -17.1' spd 203.0 yaw  44.1 mode 2 st 1 gl 0 hp 100 frg 0
ARGLOG Carmack t  26.9 pos '363.1 -92.4 -122.6' spd 210.2 yaw 321.3 mode 2 st 0 gl 2 hp 8 frg 3
ARGLOG Romero t  27.2 pos '471.2 -259.9 -296.0' spd 150.6 yaw 126.8 mode 2 st 0 gl 0 hp 100 frg 1
ARGEVT Carmack death Joe Rogan pos '326.9 -63.2 -223.0'
ARGUS Joe Rogan watch spawn
ARGEVT Romero engage Joe Rogan
ARGEVT Joe Rogan engage Romero
ARGLOG Joe Rogan t  27.4 pos '239.7 -240.6 -122.5' spd  54.4 yaw   5.8 mode 2 st 1 gl 0 hp 100 frg 1
ARGEVT Joe Rogan goal backpack
ARGEVT Joe Rogan route 6 start '209.0 -375.0 -104.0' goal '241.0 -55.0 -104.0'
ARGLOG Romero t  27.7 pos '514.7 -250.1 -296.0' spd 206.3 yaw 179.1 mode 2 st 0 gl 0 hp 100 frg 1
ARGLOG Joe Rogan t  27.9 pos '276.1 -240.2 -296.0' spd 208.8 yaw   5.5 mode 2 st 1 gl 0 hp 76 frg 1
ARGEVT Joe Rogan hazard
ARGLOG Romero t  28.2 pos '503.6 -249.9 -296.0' spd 224.3 yaw 173.9 mode 2 st 0 gl 0 hp 80 frg 1
ARGLOG Joe Rogan t  28.4 pos '279.4 -260.7 -296.0' spd 211.9 yaw   9.8 mode 2 st 1 gl 0 hp 52 frg 1
ARGLOG Romero t  28.7 pos '493.3 -249.1 -296.0' spd 206.4 yaw 179.2 mode 2 st 0 gl 0 hp 56 frg 1
ARGEVT Romero retreat
ARGEVT Carmack respawn
ARGEVT Carmack goal weapon_supernailgun
ARGLOG Carmack t  28.9 pos '776.0 -808.0 -232.0' spd 0 yaw 106.6 mode 0 st 0 gl 2 hp 100 frg 3
ARGEVT Joe Rogan retreat
ARGLOG Joe Rogan t  28.9 pos '276.3 -244.2 -296.0' spd 263.1 yaw   3.8 mode 2 st 1 gl 0 hp 28 frg 1
ARGEVT Carmack route 16 start '817.0 -855.0 -232.0' goal '177.0 -55.0 -104.0'
ARGEVT Carmack hazard
ARGEVT Joe Rogan hazard
ARGLOG Romero t  29.2 pos '536.8 -243.8 -296.0' spd 228.3 yaw 183.1 mode 2 st 0 gl 0 hp 32 frg 1
ARGLOG Carmack t  29.4 pos '765.2 -715.6 -200.0' spd 296.1 yaw  50.4 mode 2 st 0 gl 2 hp 100 frg 3
ARGLOG Joe Rogan t  29.4 pos '272.2 -219.6 -296.0' spd 185.7 yaw 350.2 mode 2 st 1 gl 0 hp 4 frg 1
ARGEVT Romero grab 
ARGLOG Romero t  29.7 pos '453.5 -236.0 -296.0' spd 385.1 yaw 171.8 mode 2 st 0 gl 0 hp 24 frg 1
ARGEVT Romero death Joe Rogan pos '430.6 -211.8 -296.0'
ARGLOG Carmack t  29.9 pos '785.2 -563.5 -136.0' spd 344.3 yaw 146 mode 2 st 0 gl 2 hp 100 frg 3
ARGEVT Joe Rogan goal backpack
ARGLOG Joe Rogan t  29.9 pos '272.3 -238.2 -296.0' spd 267.2 yaw 315.3 mode 0 st 1 gl 0 hp 4 frg 2
ARGEVT Joe Rogan route 13 start '241.0 -279.0 -296.0' goal '241.0 -55.0 -104.0'
ARGEVT Carmack route 20 start '785.0 -503.0 -104.0' goal '177.0 -55.0 -104.0'
ARGLOG Carmack t  30.4 pos '769.4 -414.7 -104.0' spd 207.1 yaw 265 mode 2 st 0 gl 2 hp 100 frg 3
ARGEVT Carmack hazard
ARGLOG Joe Rogan t  30.5 pos '429.1 -249.8 -296.0' spd 323.8 yaw  12.3 mode 1 st 1 gl 0 hp 4 frg 2
ARGEVT Joe Rogan hazard
ARGLOG Carmack t  30.9 pos '752.6 -539.8 -120.0' spd 320.0 yaw 271 mode 2 st 0 gl 2 hp 100 frg 3
ARGLOG Joe Rogan t  31.0 pos '568.8 -208.0 -296.0' spd  72.8 yaw 158.8 mode 1 st 1 gl 0 hp 4 frg 2
ARGEVT Romero respawn
ARGEVT Romero goal item_armorInv
ARGLOG Romero t  31.4 pos '272.0 -952.0  24.0' spd 0 yaw 10 mode 0 st 0 gl 0 hp 100 frg 1
ARGLOG Carmack t  31.4 pos '754.0 -704.1 -200.0' spd 322.3 yaw 115 mode 2 st 0 gl 2 hp 100 frg 3
ARGLOG Joe Rogan t  31.5 pos '417.1 -226.4 -296.0' spd 338.1 yaw 223.0 mode 1 st 1 gl 0 hp 4 frg 2
ARGEVT Romero route 13 start '305.0 -983.0  24.0' goal '817.0 -855.0 -232.0'
ARGEVT Joe Rogan hazard
ARGEVT Carmack hazard
ARGLOG Romero t  31.9 pos '399.5 -859.3  24.0' spd 360.9 yaw 101 mode 2 st 0 gl 0 hp 100 frg 1
ARGLOG Carmack t  31.9 pos '723.8 -867.8 -232.0' spd 212.2 yaw 126.8 mode 0 st 0 gl 2 hp 100 frg 3
ARGLOG Joe Rogan t  32.0 pos '288.8 -278.3 -296.0' spd  87.4 yaw 355.1 mode 1 st 1 gl 0 hp 4 frg 2
ARGEVT Carmack route 15 start '721.0 -887.0 -232.0' goal '177.0 -55.0 -104.0'
ARGEVT Romero hazard
ARGLOG Romero t  32.5 pos '345.4 -714.1  24.0' spd 347.7 yaw 98 mode 2 st 0 gl 0 hp 100 frg 1
ARGLOG Carmack t  32.5 pos '733.6 -735.7 -216.0' spd 341.2 yaw 113 mode 2 st 0 gl 2 hp 100 frg 3
ARGLOG Joe Rogan t  32.5 pos '448.2 -246.1 -296.0' spd 367.5 yaw  81.3 mode 1 st 1 gl 0 hp 4 frg 2
ARGEVT Joe Rogan hazard
ARGLOG Romero t  33.0 pos '304.0 -552.6  24.0' spd 336.9 yaw 38 mode 2 st 0 gl 0 hp 100 frg 1
ARGLOG Carmack t  33.0 pos '720.3 -834.6 -232.0' spd 320.0 yaw 110 mode 2 st 0 gl 2 hp 100 frg 3
ARGLOG Joe Rogan t  33.0 pos '456.5 -213.1 -296.0' spd 320.2 yaw 187 mode 1 st 1 gl 0 hp 4 frg 2
ARGEVT Joe Rogan engage Romero
ARGEVT Joe Rogan grab 
ARGEVT Joe Rogan retreat
ARGEVT Romero engage Joe Rogan
ARGEVT Romero grab 
ARGUS routecache adopt
ARGEVT Carmack route 15 start '721.0 -887.0 -232.0' goal '177.0 -55.0 -104.0'
ARGEVT Carmack hazard
ARGEVT Carmack engage Joe Rogan
ARGEVT Carmack grab 
ARGLOG Romero t  33.5 pos '273.8 -480.2  24.0' spd 327.6 yaw  85.1 mode 2 st 0 gl 0 hp 100 frg 1
ARGLOG Carmack t  33.5 pos '368.0  -6.1 -282.4' spd 300 yaw 250.1 mode 2 st 0 gl 2 hp 100 frg 3
ARGLOG Joe Rogan t  33.5 pos '291.2 -226.1 -296.0' spd 320.0 yaw 257.1 mode 1 st 1 gl 0 hp 4 frg 2
ARGEVT Joe Rogan death Carmack pos '225.6 -242.6 -296.0'
ARGUS Carmack watch spawn
ARGEVT Romero engage Carmack
ARGEVT Carmack goal weapon_rocketlauncher
ARGEVT Carmack engage Romero
ARGEVT Carmack route 5 start '337.0   9.0 -296.0' goal ' 49.0 105.0 -296.0'
ARGLOG Romero t  34.0 pos '332.5 -456.5  24.0' spd 359.0 yaw  85.0 mode 2 st 0 gl 0 hp 96 frg 1
ARGLOG Carmack t  34.0 pos '366.2 -54.1 -296.0' spd 331.2 yaw 270.5 mode 2 st 0 gl 2 hp 100 frg 4
ARGLOG Romero t  34.5 pos '487.0 -386.0 -25.5' spd 229.3 yaw 109.9 mode 2 st 0 gl 0 hp 96 frg 1
ARGLOG Carmack t  34.5 pos '363.5 -24.9 -296.0' spd 331.7 yaw 309.1 mode 2 st 0 gl 2 hp 84 frg 4
ARGEVT Romero jump
ARGEVT Romero pursue
ARGLOG Romero t  35.0 pos '539.6 -280.8 -66.3' spd 229.3 yaw 121 mode 2 st 0 gl 0 hp 96 frg 1
ARGEVT Carmack pursue
ARGLOG Carmack t  35.0 pos '381.0  -1.4 -296.0' spd 323.1 yaw 351.4 mode 2 st 0 gl 2 hp 84 frg 4
ARGEVT Carmack hazard
ARGEVT Carmack route 5 start '369.0 105.0 -288.0' goal ' 49.0 105.0 -296.0'
ARGEVT Joe Rogan respawn
ARGEVT Joe Rogan goal weapon_supernailgun
ARGLOG Joe Rogan t  35.3 pos '776.0 -808.0 -232.0' spd 0 yaw 106.6 mode 0 st 1 gl 0 hp 100 frg 2
ARGEVT Joe Rogan route 16 start '817.0 -855.0 -232.0' goal '177.0 -55.0 -104.0'
ARGLOG Romero t  35.5 pos '572.1 -166.5 -104.0' spd 351.7 yaw 142 mode 2 st 0 gl 0 hp 96 frg 1
ARGLOG Carmack t  35.5 pos '400.0 -10.1 -290.0' spd 325.6 yaw 285 mode 2 st 0 gl 2 hp 84 frg 4
ARGEVT Joe Rogan hazard
ARGUS Carmack hunch item_artifact_super_damage
ARGEVT Carmack pursue
ARGLOG Joe Rogan t  35.8 pos '720.0 -807.5 -232.0' spd 381.1 yaw 111 mode 2 st 1 gl 0 hp 100 frg 2
ARGEVT Carmack goal weapon_lightning
ARGEVT Carmack route 10 start '305.0 -87.0 -296.0' goal '529.0 -311.0 -104.0'
ARGUS Carmack prefire
ARGLOG Romero t  36.1 pos '453.1 -48.9 -104.0' spd 322.7 yaw 191.6 mode 2 st 0 gl 0 hp 96 frg 1
ARGEVT Romero hazard
ARGEVT Carmack grab 
ARGLOG Carmack t  36.1 pos '349.6 -115.5 -296.0' spd 358.1 yaw 332.8 mode 2 st 0 gl 2 hp 84 frg 4
ARGEVT Carmack hazard
ARGEVT Joe Rogan engage Carmack
ARGEVT Joe Rogan route 15 start '721.0 -887.0 -232.0' goal '177.0 -55.0 -104.0'
ARGLOG Joe Rogan t  36.4 pos '368.0   9.5 -273.8' spd 300 yaw 268.1 mode 0 st 1 gl 0 hp 100 frg 2
ARGLOG Romero t  36.6 pos '497.3 -197.9 -104.0' spd 322.3 yaw 191.0 mode 2 st 0 gl 0 hp 96 frg 1
ARGLOG Carmack t  36.6 pos '337.1 -222.5 -296.0' spd 279.9 yaw 345.3 mode 2 st 0 gl 2 hp 36 frg 4
ARGEVT Carmack pursue
ARGEVT Romero pursue
ARGEVT Romero jump
ARGEVT Joe Rogan route 14 start '337.0   9.0 -296.0' goal '177.0 -55.0 -104.0'
ARGLOG Joe Rogan t  36.9 pos '368.0 -36.7 -296.0' spd 300 yaw 280.5 mode 2 st 1 gl 0 hp 100 frg 2
ARGEVT Carmack retreat
ARGEVT Joe Rogan hazard
ARGLOG Romero t  37.1 pos '454.4 -287.0 -69.0' spd  66.1 yaw 127.9 mode 2 st 0 gl 0 hp 96 frg 1
ARGLOG Carmack t  37.1 pos '367.2 -186.4 -296.0' spd 350.8 yaw 316.0 mode 2 st 0 gl 2 hp 12 frg 4
ARGEVT Carmack death Romero pos '352.8 -176.7 -296.0'
ARGUS Romero watch spawn
ARGEVT Joe Rogan engage Romero
ARGEVT Romero goal item_health
ARGEVT Romero engage Joe Rogan
ARGEVT Romero retreat
ARGEVT Romero route 15 start '433.0 -311.0 -104.0' goal '977.0 -471.0 -104.0'
ARGLOG Joe Rogan t  37.4 pos '342.6  22.5 -288.0' spd 322.6 yaw 299.1 mode 2 st 1 gl 0 hp 100 frg 2
ARGLOG Romero t  37.6 pos '560.0 -435.2 109.9' spd 329.1 yaw 114.8 mode 2 st 0 gl 0 hp 15 frg 2
ARGLOG Joe Rogan t  37.9 pos '387.9   7.9 -296.0' spd 322.3 yaw 292.6 mode 2 st 1 gl 0 hp 100 frg 2
ARGLOG Romero t  38.1 pos '528.5 -472.6  24.0' spd 314.7 yaw 108.9 mode 2 st 0 gl 0 hp 40 frg 2
ARGEVT Romero pursue
ARGEVT Joe Rogan pursue
ARGUS Joe Rogan hunch 
ARGEVT Joe Rogan hazard
ARGEVT Joe Rogan goal backpack
ARGLOG Joe Rogan t  38.4 pos '400.7 -94.8 -296.0' spd  71.6 yaw 111.5 mode 0 st 1 gl 0 hp 100 frg 2
ARGEVT Joe Rogan route 1 start '401.0 -183.0 -296.0' goal '273.0 -183.0 -296.0'
ARGEVT Joe Rogan pursue
ARGEVT Joe Rogan grab 
ARGLOG Romero t  38.6 pos '531.0 -307.8  24.0' spd 270.0 yaw 130.2 mode 2 st 0 gl 0 hp 40 frg 2
ARGEVT Carmack respawn
ARGEVT Carmack goal weapon_lightning
ARGLOG Carmack t  38.7 pos '784.0 -176.0  24.0' spd 0 yaw 196.3 mode 0 st 0 gl 2 hp 100 frg 4
ARGEVT Carmack route 2 start '753.0 -151.0  24.0' goal '529.0 -311.0 -104.0'
ARGEVT Carmack engage Romero
ARGLOG Joe Rogan t  38.9 pos '353.2 -67.4 -296.0' spd  87.5 yaw 292.2 mode 1 st 1 gl 0 hp 96 frg 2
ARGLOG Romero t  39.1 pos '438.2 -228.2 -65.1' spd 199.3 yaw 120.2 mode 2 st 0 gl 0 hp 32 frg 2
ARGEVT Joe Rogan goal weapon_supernailgun
ARGLOG Carmack t  39.2 pos '683.5 -178.1  24.0' spd 283.7 yaw 185.1 mode 2 st 0 gl 2 hp 100 frg 4
ARGEVT Joe Rogan route 5 start '305.0 -87.0 -296.0' goal '177.0 -55.0 -104.0'
ARGEVT Romero death Joe Rogan pos '408.1 -174.5 -213.5'
ARGUS Joe Rogan watch spawn
ARGLOG Joe Rogan t  39.4 pos '353.8 -36.3 -296.0' spd 345.3 yaw 233 mode 2 st 1 gl 1 hp 95 frg 3
ARGEVT Joe Rogan goal backpack
ARGLOG Carmack t  39.8 pos '579.5 -212.6  24.0' spd 332.6 yaw 151 mode 1 st 0 gl 2 hp 100 frg 4
ARGEVT Joe Rogan engage Carmack
ARGEVT Carmack engage Joe Rogan
ARGLOG Joe Rogan t  40.0 pos '343.8 -78.8 -296.0' spd 297.0 yaw 332.9 mode 1 st 1 gl 1 hp 95 frg 3
ARGEVT Joe Rogan hazard
ARGLOG Carmack t  40.3 pos '419.9 -126.9 -70.0' spd 324.6 yaw 140.3 mode 1 st 0 gl 2 hp 100 frg 4
ARGEVT Carmack death Joe Rogan pos '393.5 -106.9 -113.8'
ARGEVT Joe Rogan goal weapon_lightning
ARGLOG Joe Rogan t  40.5 pos '326.7 -48.0 -296.0' spd  43.2 yaw  88.7 mode 0 st 1 gl 1 hp 91 frg 4
ARGEVT Joe Rogan route 3 start '305.0 -87.0 -296.0' goal '529.0 -311.0 -104.0'
ARGEVT Romero respawn
ARGLOG Joe Rogan t  41.0 pos '391.9  13.8 -296.0' spd 112.8 yaw 286 mode 2 st 1 gl 1 hp 91 frg 4
ARGEVT Joe Rogan hazard
ARGEVT Romero goal weapon_rocketlauncher
ARGLOG Romero t  41.0 pos '272.0 -952.0  24.0' spd 0 yaw 8 mode 0 st 0 gl 0 hp 100 frg 2
ARGEVT Romero route 14 start '305.0 -983.0  24.0' goal '721.0 -887.0 -232.0'
ARGLOG Joe Rogan t  41.5 pos '395.1 -140.6 -296.0' spd 320.7 yaw 273 mode 2 st 1 gl 1 hp 91 frg 4
ARGLOG Romero t  41.5 pos '412.9 -879.8  24.0' spd 374.1 yaw 94 mode 2 st 0 gl 0 hp 100 frg 2
ARGEVT Joe Rogan rjump
ARGEVT Romero hazard
ARGEVT Carmack respawn
ARGEVT Carmack goal weapon_rocketlauncher
ARGLOG Carmack t  41.9 pos '112.0 -1136.0 -104.0' spd 0 yaw  61.3 mode 0 st 0 gl 2 hp 100 frg 4
ARGLOG Joe Rogan t  42.0 pos '391.5 -292.8 -194.8' spd 261.4 yaw  31.6 mode 2 st 1 gl 1 hp 81 frg 4
ARGLOG Romero t  42.0 pos '385.9 -752.0  24.0' spd 325.6 yaw 106 mode 2 st 0 gl 0 hp 100 frg 2
ARGEVT Carmack route 11 start '145.0 -1143.0 -88.0' goal ' 49.0 105.0 -296.0'
ARGLOG Carmack t  42.4 pos '193.3 -1001.6 -104.0' spd 320.1 yaw 71 mode 2 st 0 gl 2 hp 100 frg 4
ARGEVT Joe Rogan engage Carmack
ARGEVT Joe Rogan grab weapon_lightning
ARGEVT Carmack engage Joe Rogan
ARGEVT Carmack grab weapon_supershotgun
ARGLOG Joe Rogan t  42.5 pos '436.7 -299.2 -89.0' spd  65.5 yaw 286.7 mode 1 st 1 gl 1 hp 81 frg 4
ARGLOG Romero t  42.5 pos '309.8 -618.9  24.0' spd 321.7 yaw 77 mode 2 st 0 gl 0 hp 100 frg 2
ARGEVT Romero engage Joe Rogan
ARGEVT Joe Rogan weapon rl
ARGEVT Joe Rogan goal backpack
ARGLOG Carmack t  42.9 pos '354.0 -945.8 -104.0' spd 350.7 yaw  74.0 mode 2 st 0 gl 2 hp 100 frg 4
ARGEVT Joe Rogan route 2 start '529.0 -311.0 -104.0' goal '433.0 -55.0 -104.0'
ARGEVT Joe Rogan grab item_cells
ARGEVT Joe Rogan pursue
ARGLOG Joe Rogan t  43.0 pos '507.5 -326.5 -104.0' spd 171.2 yaw 254.8 mode 2 st 1 gl 2 hp 76 frg 4
ARGLOG Romero t  43.0 pos '341.1 -465.2  24.0' spd 340.1 yaw  35.6 mode 2 st 0 gl 0 hp 100 frg 2
ARGEVT Carmack pursue
ARGEVT Joe Rogan hazard
ARGEVT Joe Rogan pursue
ARGLOG Carmack t  43.4 pos '409.0 -788.1 -104.0' spd 321.2 yaw 86 mode 2 st 0 gl 2 hp 100 frg 4
ARGUS Carmack hunch item_artifact_super_damage
ARGLOG Joe Rogan t  43.5 pos '430.3 -438.2 -104.0' spd 268.0 yaw 239.5 mode 2 st 1 gl 2 hp 72 frg 4
ARGLOG Romero t  43.5 pos '314.0 -401.5 -51.2' spd  40.3 yaw 339.2 mode 2 st 0 gl 0 hp 100 frg 2
ARGEVT Carmack goal weapon_rocketlauncher
ARGEVT Carmack route 8 start '401.0 -759.0 -104.0' goal ' 49.0 105.0 -296.0'
ARGUS Joe Rogan prefire
ARGEVT Carmack pursue
ARGEVT Joe Rogan weapon lg
ARGLOG Carmack t  44.0 pos '395.9 -830.1 -104.0' spd 332.0 yaw 100.1 mode 2 st 0 gl 2 hp 100 frg 4
ARGEVT Joe Rogan route 4 start '337.0 -567.0 -104.0' goal '433.0 -55.0 -104.0'
ARGLOG Joe Rogan t  44.1 pos '358.4 -535.8 -104.0' spd 348.8 yaw 277.0 mode 2 st 1 gl 2 hp 65 frg 4
ARGLOG Romero t  44.1 pos '280.9 -416.4 -104.0' spd 263.4 yaw 312.6 mode 2 st 0 gl 0 hp 100 frg 2
ARGEVT Romero hazard
ARGEVT Carmack pursue
ARGEVT Joe Rogan pursue
ARGLOG Carmack t  44.5 pos '373.6 -833.6 -104.0' spd 339.2 yaw  93.4 mode 2 st 0 gl 2 hp 100 frg 4
ARGLOG Joe Rogan t  44.6 pos '330.2 -521.7 -104.0' spd 321.1 yaw 280.6 mode 2 st 1 gl 2 hp 65 frg 4
ARGLOG Romero t  44.6 pos '159.8 -421.6 -104.0' spd  79.0 yaw 325.9 mode 0 st 0 gl 0 hp 100 frg 2
ARGEVT Romero pursue
ARGEVT Romero route 20 start '113.0 -407.0 -104.0' goal '721.0 -887.0 -232.0'
ARGUS Romero hunch item_artifact_super_damage
ARGLOG Carmack t  45.0 pos '223.6 -795.4 -104.0' spd  98.3 yaw  75.1 mode 2 st 0 gl 2 hp 100 frg 4
ARGEVT Romero pursue
ARGEVT Carmack pursue
ARGEVT Joe Rogan pursue
ARGLOG Joe Rogan t  45.1 pos '315.7 -514.8 -104.0' spd 323.3 yaw 269 mode 2 st 1 gl 2 hp 58 frg 4
ARGEVT Romero goal weapon_rocketlauncher
ARGUS routecache adopt
ARGEVT Romero route 20 start '113.0 -407.0 -104.0' goal '721.0 -887.0 -232.0'
ARGLOG Romero t  45.1 pos '160.1 -406.5 -104.0' spd 286.8 yaw  91.0 mode 0 st 0 gl 0 hp 100 frg 2
ARGEVT Carmack hazard
ARGEVT Romero hazard
ARGLOG Carmack t  45.5 pos '181.6 -752.0 -104.0' spd 100.3 yaw 35 mode 2 st 0 gl 2 hp 100 frg 4
ARGLOG Joe Rogan t  45.6 pos '355.3 -679.5 -104.0' spd 325.7 yaw 251 mode 2 st 1 gl 2 hp 58 frg 4
ARGLOG Romero t  45.6 pos '175.7 -399.1 -104.0' spd 320.1 yaw 328 mode 2 st 0 gl 0 hp 100 frg 2
ARGEVT Joe Rogan route 5 start '401.0 -759.0 -104.0' goal '433.0 -55.0 -104.0'
ARGEVT Joe Rogan hazard
ARGLOG Carmack t  46.0 pos '151.6 -867.7 -104.0' spd 487.7 yaw  49.1 mode 2 st 0 gl 2 hp 40 frg 4
ARGLOG Joe Rogan t  46.1 pos '316.9 -690.3 -104.0' spd 106.4 yaw 241.5 mode 2 st 1 gl 2 hp 37 frg 4
ARGLOG Romero t  46.1 pos '331.6 -453.4 -104.0' spd 320.1 yaw 268.8 mode 2 st 0 gl 0 hp 100 frg 2
ARGEVT Carmack grab item_health
ARGEVT Carmack retreat
ARGEVT Carmack death Joe Rogan pos '219.3 -1009.0 -104.0'
ARGUS Joe Rogan watch spawn
ARGEVT Joe Rogan goal item_health
ARGLOG Joe Rogan t  46.6 pos '400.8 -779.3 -104.0' spd 100.9 yaw 182.4 mode 1 st 1 gl 2 hp 37 frg 5
ARGLOG Romero t  46.6 pos '368.3 -488.0 -104.0' spd 320.1 yaw 274.3 mode 2 st 0 gl 0 hp 100 frg 2
ARGEVT Joe Rogan engage Romero
ARGEVT Joe Rogan grab item_health
ARGEVT Joe Rogan weapon rl
ARGLOG Joe Rogan t  47.1 pos '380.7 -881.8 -104.0' spd 321.2 yaw  88.4 mode 1 st 1 gl 2 hp 37 frg 5
ARGLOG Romero t  47.1 pos '272.3 -526.3 -104.0' spd 245.1 yaw 287.1 mode 2 st 0 gl 0 hp 100 frg 2
ARGLOG Joe Rogan t  47.7 pos '437.2 -968.3 -104.0' spd 220.0 yaw 115.8 mode 1 st 1 gl 2 hp 82 frg 5
ARGLOG Romero t  47.7 pos '342.6 -506.3 -104.0' spd 321.3 yaw 278.9 mode 2 st 0 gl 0 hp 100 frg 2
ARGEVT Joe Rogan grab 
ARGEVT Carmack respawn
ARGEVT Carmack goal weapon_rocketlauncher
ARGLOG Carmack t  48.0 pos '784.0 -176.0  24.0' spd 0 yaw 196.6 mode 0 st 0 gl 2 hp 100 frg 4
ARGEVT Carmack route 6 start '753.0 -151.0  24.0' goal ' 49.0 105.0 -296.0'
ARGLOG Joe Rogan t  48.2 pos '271.2 -990.0 -104.0' spd 332.0 yaw  86.5 mode 1 st 1 gl 2 hp 66 frg 5
ARGLOG Romero t  48.2 pos '265.3 -510.7 -104.0' spd 127.1 yaw 269.9 mode 2 st 0 gl 0 hp 100 frg 2
ARGEVT Joe Rogan pursue
ARGEVT Romero pursue
ARGLOG Carmack t  48.5 pos '634.2 -207.5  24.0' spd 338.0 yaw 220.6 mode 2 st 0 gl 2 hp 100 frg 4
ARGLOG Joe Rogan t  48.7 pos '175.8 -896.0 -104.0' spd 334.3 yaw 73 mode 1 st 1 gl 2 hp 66 frg 5
ARGLOG Romero t  48.7 pos '367.7 -621.8 -104.0' spd 321.6 yaw 263 mode 2 st 0 gl 0 hp 100 frg 2
ARGLOG Carmack t  49.0 pos '469.0 -295.2 -20.2' spd 327.9 yaw 245.3 mode 2 st 0 gl 2 hp 100 frg 4
ARGEVT Romero death Joe Rogan pos '362.5 -786.9 -104.0'
ARGLOG Joe Rogan t  49.2 pos '135.0 -797.2 -104.0' spd 257.1 yaw 299.3 mode 1 st 1 gl 2 hp 42 frg 6
ARGEVT Carmack hazard
ARGEVT Joe Rogan goal backpack
ARGLOG Carmack t  49.5 pos '408.7 -424.8 -104.0' spd 324.7 yaw 262 mode 2 st 0 gl 2 hp 100 frg 4
ARGEVT Carmack engage Joe Rogan
ARGEVT Joe Rogan engage Carmack
ARGEVT Joe Rogan grab 
ARGLOG Joe Rogan t  49.7 pos '280.9 -868.9 -104.0' spd 335.7 yaw 102.3 mode 1 st 1 gl 2 hp 42 frg 6
ARGEVT Joe Rogan weapon lg
ARGEVT Joe Rogan goal item_health
ARGEVT Joe Rogan retreat
ARGLOG Carmack t  50.0 pos '272.5 -493.3 -104.0' spd 320.1 yaw 274.2 mode 0 st 0 gl 2 hp 100 frg 4
ARGEVT Joe Rogan route 16 start '305.0 -791.0 -104.0' goal '-239.0 -471.0 -72.0'
ARGLOG Joe Rogan t  50.2 pos '292.4 -891.1 -104.0' spd 333.8 yaw  96.3 mode 2 st 1 gl 3 hp 22 frg 6
ARGEVT Carmack route 7 start '241.0 -503.0 -104.0' goal ' 49.0 105.0 -296.0'
ARGLOG Carmack t  50.5 pos '366.5 -527.4 -104.0' spd 320.7 yaw 262.7 mode 2 st 0 gl 2 hp 100 frg 4
ARGEVT Joe Rogan weapon rl
ARGEVT Joe Rogan hazard
ARGEVT Romero respawn
ARGLOG Joe Rogan t  50.8 pos '295.4 -1040.0 -104.0' spd 125.4 yaw 100.0 mode 2 st 1 gl 3 hp 14 frg 6
ARGEVT Romero goal weapon_rocketlauncher
ARGLOG Romero t  50.8 pos '776.0 -808.0 -232.0' spd 0 yaw 106.6 mode 1 st 0 gl 0 hp 100 frg 2
ARGEVT Romero hazard
ARGEVT Joe Rogan death Carmack pos '292.6 -1021.2 -104.0'
ARGUS Carmack watch spawn
ARGEVT Carmack goal backpack
ARGLOG Carmack t  51.1 pos '327.2 -525.8 -104.0' spd 295.7 yaw 356.7 mode 0 st 0 gl 2 hp 100 frg 5
ARGEVT Carmack route 2 start '337.0 -567.0 -104.0' goal '273.0 -1015.0 -104.0'
ARGLOG Romero t  51.3 pos '720.0 -837.5 -232.0' spd 327.7 yaw  29.1 mode 1 st 0 gl 0 hp 100 frg 2
ARGEVT Carmack hazard
ARGEVT Romero goal item_armorInv
ARGLOG Carmack t  51.6 pos '411.4 -526.2 -104.0' spd 320.9 yaw 255 mode 2 st 0 gl 2 hp 100 frg 5
ARGLOG Romero t  51.8 pos '757.6 -714.7 -200.0' spd 381.4 yaw 139.7 mode 1 st 0 gl 1 hp 100 frg 2
ARGLOG Carmack t  52.1 pos '349.0 -660.6 -104.0' spd 393.6 yaw 258 mode 2 st 0 gl 2 hp 100 frg 5
ARGLOG Romero t  52.3 pos '720.0 -789.0 -232.0' spd 358.4 yaw 304.8 mode 1 st 0 gl 1 hp 100 frg 2
ARGEVT Joe Rogan respawn
ARGEVT Joe Rogan goal weapon_rocketlauncher
ARGLOG Joe Rogan t  52.6 pos '-64.0 512.0 -296.0' spd 0 yaw 286.3 mode 0 st 1 gl 3 hp 100 frg 6
ARGLOG Carmack t  52.6 pos '414.4 -817.7 -104.0' spd 368.6 yaw 351 mode 2 st 0 gl 2 hp 100 frg 5
ARGEVT Joe Rogan route 4 start '-15.0 553.0 -296.0' goal ' 49.0 105.0 -296.0'
ARGEVT Romero hazard
ARGEVT Carmack hazard
ARGEVT Joe Rogan hazard
ARGLOG Romero t  52.8 pos '837.0 -816.3 -232.0' spd 339.1 yaw 109.0 mode 1 st 0 gl 1 hp 100 frg 2
ARGLOG Joe Rogan t  53.1 pos '-47.9 352.3 -296.0' spd 344.8 yaw 249 mode 2 st 1 gl 3 hp 100 frg 6
ARGLOG Carmack t  53.1 pos '453.0 -962.2 -104.0' spd 361.8 yaw 204.2 mode 2 st 0 gl 2 hp 100 frg 5
ARGLOG Romero t  53.3 pos '776.9 -662.3 -184.0' spd 233.1 yaw 208.3 mode 1 st 0 gl 1 hp 100 frg 2
ARGLOG Joe Rogan t  53.6 pos '-112.3 198.1 -296.0' spd 320.3 yaw 268.3 mode 2 st 1 gl 3 hp 100 frg 6
ARGLOG Carmack t  53.6 pos '299.3 -938.6 -104.0' spd 432.8 yaw  44.8 mode 1 st 0 gl 2 hp 100 frg 5
ARGLOG Romero t  53.8 pos '731.8 -799.0 -232.0' spd 328.4 yaw 242 mode 1 st 0 gl 1 hp 100 frg 2
ARGLOG Joe Rogan t  54.1 pos '-26.6  55.5 -296.0' spd 346.4 yaw 4 mode 1 st 1 gl 3 hp 100 frg 6
ARGEVT Romero hazard
ARGLOG Carmack t  54.1 pos '439.9 -825.5 -104.0' spd 332.5 yaw 335.7 mode 1 st 0 gl 2 hp 100 frg 5
ARGEVT Carmack hazard
ARGLOG Romero t  54.4 pos '368.0  25.4 -267.2' spd 300 yaw 264.0 mode 1 st 0 gl 1 hp 100 frg 2
ARGEVT Joe Rogan goal weapon_supernailgun
ARGEVT Joe Rogan hazard
ARGEVT Joe Rogan route 8 start ' 49.0 105.0 -296.0' goal '177.0 -55.0 -104.0'
ARGLOG Joe Rogan t  54.7 pos '108.4  95.9 -296.0' spd 324.7 yaw 233 mode 2 st 1 gl 4 hp 100 frg 6
ARGLOG Carmack t  54.7 pos '428.1 -990.6 -104.0' spd 379.1 yaw 189 mode 1 st 0 gl 2 hp 100 frg 5
ARGLOG Romero t  54.9 pos '368.0 -37.0 -296.0' spd 300 yaw 160 mode 1 st 0 gl 1 hp 100 frg 2
ARGLOG Joe Rogan t  55.2 pos ' 63.3 121.5 -296.0' spd 250.0 yaw 349.6 mode 2 st 1 gl 4 hp 100 frg 6
ARGEVT Romero hazard
ARGEVT Carmack goal item_armorInv
ARGLOG Carmack t  55.2 pos '264.1 -1036.6 -104.0' spd 325.4 yaw 173.6 mode 0 st 0 gl 3 hp 100 frg 5
ARGEVT Carmack route 19 start '273.0 -1015.0 -104.0' goal '817.0 -855.0 -232.0'
ARGLOG Romero t  55.4 pos '354.0 -166.9 -296.0' spd 321.5 yaw 305 mode 1 st 0 gl 1 hp 100 frg 2
ARGEVT Joe Rogan hazard
ARGLOG Joe Rogan t  55.7 pos ' 39.7  48.0 -296.0' spd 184.9 yaw 318.0 mode 2 st 1 gl 4 hp 100 frg 6
ARGLOG Carmack t  55.7 pos '103.5 -972.0 -104.0' spd 367.6 yaw 288 mode 2 st 0 gl 3 hp 100 frg 5
ARGEVT Carmack hazard
ARGLOG Romero t  55.9 pos '411.4 -263.5 -296.0' spd 151.3 yaw 172.8 mode 1 st 0 gl 1 hp 100 frg 2
ARGLOG Joe Rogan t  56.2 pos '108.1  77.4 -296.0' spd  65.6 yaw 231 mode 2 st 1 gl 4 hp 100 frg 6
ARGLOG Carmack t  56.2 pos '126.3 -1144.3 -104.0' spd 330.0 yaw 337 mode 2 st 0 gl 3 hp 100 frg 5
ARGEVT Romero hazard
ARGEVT Carmack jump
ARGLOG Romero t  56.4 pos '254.3 -213.2 -296.0' spd 342.0 yaw  62.7 mode 1 st 0 gl 1 hp 100 frg 2
ARGEVT Joe Rogan hazard
ARGLOG Joe Rogan t  56.7 pos '  6.5  48.0 -296.0' spd  96.6 yaw 349 mode 2 st 1 gl 4 hp 100 frg 6
ARGLOG Carmack t  56.7 pos '158.2 -1232.0 -73.8' spd  55.5 yaw 26 mode 2 st 0 gl 3 hp 100 frg 5
ARGLOG Romero t  56.9 pos '328.0 -233.8 -296.0' spd 336.6 yaw 326.3 mode 1 st 0 gl 1 hp 100 frg 2
ARGLOG Joe Rogan t  57.2 pos '108.5  77.6 -296.0' spd  65.7 yaw 255 mode 2 st 1 gl 4 hp 100 frg 6
ARGLOG Carmack t  57.2 pos '284.9 -1195.7 -24.0' spd 328.6 yaw 86 mode 2 st 0 gl 3 hp 100 frg 5
ARGLOG Romero t  57.4 pos '488.8 -208.2 -296.0' spd 320.7 yaw  31.9 mode 1 st 0 gl 1 hp 100 frg 2
ARGEVT Romero hazard
ARGLOG Joe Rogan t  57.7 pos '-46.5  26.3 -296.0' spd 388.6 yaw 284 mode 2 st 1 gl 4 hp 100 frg 6
ARGLOG Carmack t  57.7 pos '343.5 -1034.8  24.0' spd 324.2 yaw 97 mode 2 st 0 gl 3 hp 100 frg 5
ARGLOG Romero t  58.0 pos '644.1 -247.1 -296.0' spd 339.9 yaw 273.7 mode 1 st 0 gl 1 hp 100 frg 2
ARGLOG Joe Rogan t  58.3 pos '-59.1 -136.3 -296.0' spd 327.3 yaw 352 mode 2 st 1 gl 4 hp 100 frg 6
ARGLOG Carmack t  58.3 pos '322.7 -869.9  24.0' spd 320.0 yaw 93 mode 2 st 0 gl 3 hp 100 frg 5
ARGEVT Romero engage Joe Rogan
ARGEVT Joe Rogan engage Romero
ARGLOG Romero t  58.5 pos '553.9 -271.4 -296.0' spd 321.8 yaw 196.4 mode 1 st 0 gl 1 hp 100 frg 2
ARGLOG Joe Rogan t  58.8 pos ' 19.3 -249.0 -296.0' spd 153.1 yaw 357.9 mode 2 st 1 gl 4 hp 100 frg 6
ARGLOG Carmack t  58.8 pos '309.7 -705.6  24.0' spd 320.0 yaw 51 mode 2 st 0 gl 3 hp 100 frg 5
ARGEVT Romero hazard
ARGLOG Romero t  59.0 pos '466.9 -238.6 -296.0' spd 220.7 yaw 166.1 mode 1 st 0 gl 1 hp 100 frg 2
ARGEVT Joe Rogan hazard
ARGEVT Romero retreat
ARGLOG Joe Rogan t  59.3 pos ' 81.8 -240.5 -296.0' spd 799.5 yaw   4.9 mode 2 st 1 gl 4 hp 21 frg 6
ARGLOG Carmack t  59.3 pos '338.9 -542.8  24.0' spd 321.2 yaw 64 mode 2 st 0 gl 3 hp 100 frg 5
ARGLOG Romero t  59.5 pos '597.3 -226.2 -247.6' spd 431.4 yaw 156.9 mode 1 st 0 gl 1 hp 9 frg 2
ARGEVT Carmack engage Joe Rogan
ARGLOG Joe Rogan t  59.8 pos '356.2 -245.8 -296.0' spd 310.1 yaw   6.0 mode 0 st 1 gl 4 hp 21 frg 6
ARGLOG Carmack t  59.8 pos '431.7 -403.0  17.7' spd 332.1 yaw  83.6 mode 2 st 0 gl 3 hp 100 frg 5
ARGEVT Romero death Romero pos '656.0 -239.8 -296.0'
ARGEVT Joe Rogan engage Carmack
ARGEVT Joe Rogan retreat
ARGEVT Joe Rogan route 13 start '369.0 -279.0 -296.0' goal '177.0 -55.0 -104.0'
ARGLOG Joe Rogan t  60.3 pos '516.2 -208.8 -296.0' spd 320.3 yaw 337.9 mode 2 st 1 gl 4 hp 21 frg 6
ARGLOG Carmack t  60.3 pos '533.0 -294.0 -82.6' spd 250.1 yaw  56.6 mode 2 st 0 gl 3 hp 67 frg 5
ARGEVT Joe Rogan pursue
ARGEVT Carmack pursue
ARGEVT Joe Rogan hazard
ARGUS Joe Rogan hunch item_artifact_super_damage
ARGEVT Joe Rogan goal item_artifact_super_damage
ARGEVT Joe Rogan pursue
ARGLOG Joe Rogan t  60.8 pos '646.4 -249.5 -296.0' spd 384.1 yaw   4.0 mode 0 st 1 gl 4 hp 21 frg 6
ARGLOG Carmack t  60.8 pos '511.3 -137.6 -104.0' spd 392.4 yaw 190.2 mode 2 st 0 gl 3 hp 67 frg 5
ARGEVT Carmack hazard
ARGEVT Joe Rogan routefail
ARGEVT Joe Rogan goal item_health
ARGUS Carmack hunch item_artifact_super_damage
ARGEVT Carmack goal weapon_supernailgun
ARGUS routecache adopt
ARGEVT Carmack route 3 start '529.0 -183.0 -104.0' goal '177.0 -55.0 -104.0'
ARGEVT Carmack pursue
ARGLOG Joe Rogan t  61.4 pos '653.0 -249.7 -296.0' spd 335.5 yaw 230.7 mode 1 st 1 gl 4 hp 21 frg 6
ARGEVT Romero respawn
ARGLOG Carmack t  61.4 pos '540.0 -146.5 -104.0' spd 377.2 yaw 100.0 mode 2 st 0 gl 3 hp 67 frg 5
ARGEVT Romero goal weapon_lightning
ARGLOG Romero t  61.4 pos '776.0 -808.0 -232.0' spd 0 yaw 106.3 mode 0 st 0 gl 1 hp 100 frg 1
ARGEVT Romero route 12 start '817.0 -855.0 -232.0' goal '529.0 -311.0 -104.0'
ARGEVT Romero hazard
ARGEVT Joe Rogan pursue
ARGLOG Joe Rogan t  61.9 pos '496.8 -226.5 -296.0' spd 337.8 yaw 129.6 mode 1 st 1 gl 4 hp 21 frg 6
ARGLOG Carmack t  61.9 pos '460.9 -61.2 -104.0' spd 329.3 yaw 233.1 mode 2 st 0 gl 3 hp 67 frg 5
ARGEVT Joe Rogan hazard
ARGLOG Romero t  61.9 pos '729.2 -726.7 -216.0' spd 139.6 yaw 113 mode 2 st 0 gl 1 hp 100 frg 1
ARGEVT Carmack hazard
ARGEVT Joe Rogan death Joe Rogan pos '418.4 -252.5 -296.0'
ARGLOG Carmack t  62.4 pos '489.2 -165.1 -45.5' spd 131.4 yaw 276.7 mode 2 st 0 gl 3 hp 30 frg 5
ARGUS routecache adopt
ARGEVT Romero route 11 start '721.0 -887.0 -232.0' goal '529.0 -311.0 -104.0'
ARGLOG Romero t  62.4 pos '720.0 -887.4 -232.0' spd 336.5 yaw 219.4 mode 0 st 0 gl 1 hp 100 frg 1
ARGEVT Romero engage Carmack
ARGEVT Carmack engage Romero
ARGLOG Carmack t  62.9 pos '523.8 -222.9 -87.3' spd 145.8 yaw 144.6 mode 2 st 0 gl 3 hp 30 frg 5
ARGLOG Romero t  62.9 pos '368.0 -36.1 -296.0' spd 300 yaw 313.8 mode 2 st 0 gl 1 hp 100 frg 1
ARGEVT Romero pursue
ARGEVT Carmack pursue
ARGEVT Carmack death Carmack pos '462.2 -188.0 -104.0'
ARGEVT Romero hazard
ARGLOG Romero t  63.5 pos '383.1 -61.1 -296.0' spd 293.3 yaw  37.0 mode 2 st 0 gl 1 hp 100 frg 1
ARGEVT Joe Rogan respawn
ARGEVT Joe Rogan goal backpack
ARGLOG Joe Rogan t  63.8 pos '784.0 -176.0  24.0' spd 0 yaw 176 mode 0 st 1 gl 4 hp 100 frg 5
ARGEVT Joe Rogan route 2 start '753.0 -151.0  24.0' goal '433.0 -247.0 -104.0'
ARGLOG Romero t  64.0 pos '394.8 -90.1 -296.0' spd 333.9 yaw 328 mode 2 st 0 gl 1 hp 100 frg 1
ARGLOG Joe Rogan t  64.3 pos '628.8 -165.2  24.0' spd 320 yaw 176 mode 2 st 1 gl 4 hp 100 frg 5
ARGLOG Romero t  64.5 pos '468.4 -243.4 -296.0' spd 385.9 yaw 51 mode 2 st 0 gl 1 hp 100 frg 1
ARGLOG Joe Rogan t  64.8 pos '448.8 -152.6 -19.7' spd 320 yaw 261 mode 2 st 1 gl 4 hp 100 frg 5
ARGEVT Carmack respawn
ARGEVT Carmack goal backpack
ARGLOG Carmack t  64.9 pos '776.0 -808.0 -232.0' spd 0 yaw 106.3 mode 0 st 0 gl 3 hp 100 frg 4
ARGEVT Carmack route 5 start '817.0 -855.0 -232.0' goal '401.0 -279.0 -296.0'
ARGLOG Romero t  65.0 pos '613.5 -169.0 -296.0' spd 420.6 yaw 261 mode 2 st 0 gl 1 hp 100 frg 1
ARGEVT Carmack hazard
ARGLOG Joe Rogan t  65.4 pos '308.7 -225.4 -259.0' spd 318.3 yaw 295.6 mode 1 st 1 gl 4 hp 100 frg 5
ARGLOG Carmack t  65.4 pos '720.0 -837.5 -232.0' spd 329.1 yaw 110 mode 2 st 0 gl 3 hp 100 frg 4
ARGEVT Joe Rogan goal weapon_supernailgun
ARGEVT Joe Rogan hazard
ARGLOG Romero t  65.5 pos '593.4  -2.9 -296.0' spd 333.5 yaw 264 mode 2 st 0 gl 1 hp 100 frg 1
ARGEVT Joe Rogan route 14 start '241.0 -279.0 -296.0' goal '177.0 -55.0 -104.0'
ARGEVT Joe Rogan engage Carmack
ARGEVT Carmack engage Joe Rogan
ARGEVT Carmack route 2 start '337.0   9.0 -296.0' goal '401.0 -279.0 -296.0'
ARGEVT Romero hazard
ARGLOG Joe Rogan t  65.9 pos '384.1 -261.0 -296.0' spd  98.6 yaw 100.2 mode 2 st 1 gl 4 hp 95 frg 5
ARGLOG Carmack t  65.9 pos '368.0 -21.7 -293.2' spd 300 yaw 268.3 mode 2 st 0 gl 3 hp 100 frg 4
ARGLOG Romero t  66.0 pos '528.1 112.1 -296.0' spd 229.4 yaw 204.8 mode 2 st 0 gl 1 hp 100 frg 1
ARGEVT Carmack retreat
ARGLOG Joe Rogan t  66.4 pos '315.3 -248.4 -296.0' spd 322.7 yaw  79.7 mode 2 st 1 gl 4 hp 71 frg 5
ARGLOG Carmack t  66.4 pos '368.1  12.2 -276.1' spd 321.4 yaw 269.7 mode 2 st 0 gl 3 hp 17 frg 4
ARGLOG Romero t  66.5 pos '599.1  15.7 -296.0' spd 322.0 yaw 335.7 mode 2 st 0 gl 1 hp 100 frg 1
ARGEVT Carmack hazard
ARGEVT Carmack route 3 start '369.0 105.0 -288.0' goal '401.0 -279.0 -296.0'
ARGLOG Joe Rogan t  66.9 pos '485.5 -247.6 -296.0' spd 339.4 yaw 113.0 mode 2 st 1 gl 4 hp 51 frg 5
ARGUS routecache adopt
ARGEVT Carmack route 3 start '369.0 105.0 -288.0' goal '401.0 -279.0 -296.0'
ARGLOG Carmack t  66.9 pos '361.9  92.3 -288.0' spd 179.3 yaw 294.7 mode 0 st 0 gl 3 hp 17 frg 4
ARGEVT Romero engage Joe Rogan
ARGLOG Romero t  67.0 pos '627.4 -75.0 -296.0' spd 322.6 yaw 248.6 mode 2 st 0 gl 1 hp 100 frg 1
ARGUS routecache adopt
ARGEVT Carmack route 3 start '369.0 105.0 -288.0' goal '401.0 -279.0 -296.0'
ARGEVT Carmack pursue
ARGEVT Joe Rogan pursue
ARGLOG Joe Rogan t  67.4 pos '610.5 -171.9 -296.0' spd 355.3 yaw 130 mode 2 st 1 gl 4 hp 11 frg 5
ARGUS Carmack hunch 
ARGUS Joe Rogan hunch item_artifact_super_damage
ARGLOG Carmack t  67.5 pos '363.6  -8.4 -296.0' spd 149.6 yaw 141.0 mode 2 st 0 gl 3 hp 17 frg 4
ARGEVT Joe Rogan goal item_health
ARGEVT Carmack pursue
ARGEVT Joe Rogan route 1 start '593.0 -87.0 -296.0' goal '529.0  73.0 -296.0'
ARGLOG Romero t  67.6 pos '644.9 -19.3 -296.0' spd 320.0 yaw 258.8 mode 2 st 0 gl 1 hp 100 frg 1
ARGEVT Carmack goal backpack
ARGEVT Carmack route 2 start '337.0   9.0 -296.0' goal '401.0 -279.0 -296.0'
ARGEVT Joe Rogan pursue
ARGEVT Joe Rogan death Romero pos '631.3 -168.1 -296.0'
ARGUS Romero watch spawn
ARGEVT Romero goal backpack
ARGLOG Carmack t  68.0 pos '344.9  16.5 -288.0' spd 351.7 yaw  36.3 mode 2 st 0 gl 3 hp 17 frg 4
ARGLOG Romero t  68.1 pos '602.5 -85.5 -296.0' spd 349.6 yaw 295.4 mode 1 st 0 gl 1 hp 100 frg 2
ARGEVT Romero jump
ARGEVT Carmack hazard
ARGEVT Romero goal weapon_supernailgun
ARGEVT Romero route 7 start '593.0 -87.0 -296.0' goal '177.0 -55.0 -104.0'
ARGEVT Carmack route 3 start '369.0 105.0 -288.0' goal '401.0 -279.0 -296.0'
ARGLOG Carmack t  68.5 pos '399.4  50.4 -288.0' spd 323.9 yaw 271 mode 2 st 0 gl 3 hp 17 frg 4
ARGLOG Romero t  68.6 pos '645.9 -258.4 -273.3' spd 352.7 yaw 174 mode 2 st 0 gl 2 hp 100 frg 2
ARGLOG Carmack t  69.0 pos '395.6 -114.6 -296.0' spd 320.4 yaw 272 mode 2 st 0 gl 3 hp 17 frg 4
ARGLOG Romero t  69.1 pos '528.7 -249.1 -296.0' spd 320.2 yaw 167 mode 2 st 0 gl 2 hp 100 frg 2
ARGEVT Carmack engage Romero
ARGEVT Carmack retreat
ARGEVT Joe Rogan respawn
ARGEVT Romero engage Carmack
ARGEVT Romero weapon sg
ARGEVT Joe Rogan goal weapon_lightning
ARGLOG Joe Rogan t  69.2 pos '272.0 -952.0  24.0' spd 0 yaw  16.3 mode 0 st 1 gl 4 hp 100 frg 5
ARGEVT Romero hazard
ARGEVT Carmack hazard
ARGEVT Joe Rogan route 6 start '305.0 -983.0  24.0' goal '529.0 -311.0 -104.0'
ARGLOG Carmack t  69.5 pos '350.0 -189.5 -296.0' spd  48.8 yaw 338.9 mode 2 st 0 gl 3 hp 17 frg 4
ARGLOG Romero t  69.6 pos '493.2 -238.0 -296.0' spd 274.7 yaw 165.9 mode 2 st 0 gl 2 hp 96 frg 2
ARGEVT Carmack death Romero pos '352.2 -207.7 -296.0'
ARGLOG Joe Rogan t  69.7 pos '353.0 -818.9  24.0' spd 345.9 yaw  96.4 mode 2 st 1 gl 4 hp 100 frg 5
ARGEVT Romero weapon rl
ARGEVT Romero goal backpack
ARGEVT Romero jump
ARGLOG Romero t  70.1 pos '413.6 -207.1 -284.1' spd 321.1 yaw 187 mode 1 st 0 gl 2 hp 96 frg 3
ARGLOG Joe Rogan t  70.2 pos '368.0 -654.3  24.0' spd 320.0 yaw 90 mode 2 st 1 gl 4 hp 100 frg 5
ARGEVT Romero goal backpack
ARGEVT Romero route 2 start '401.0 -183.0 -296.0' goal '401.0 -279.0 -296.0'
ARGLOG Romero t  70.6 pos '265.5 -240.2 -282.3' spd 307.4 yaw 341.0 mode 2 st 0 gl 3 hp 96 frg 3
ARGLOG Joe Rogan t  70.7 pos '368.0 -490.8  24.0' spd 320 yaw 90 mode 2 st 1 gl 4 hp 100 frg 5
ARGEVT Romero engage Joe Rogan
ARGEVT Romero hazard
ARGEVT Joe Rogan engage Romero
ARGLOG Romero t  71.2 pos '315.9 -210.1 -296.0' spd 102.1 yaw 349.2 mode 2 st 0 gl 3 hp 94 frg 3
ARGEVT Carmack respawn
ARGLOG Joe Rogan t  71.3 pos '455.5 -318.5 -35.9' spd 341.0 yaw 143.0 mode 1 st 1 gl 4 hp 100 frg 5
ARGEVT Carmack goal weapon_supernailgun
ARGLOG Carmack t  71.3 pos '784.0 -176.0  24.0' spd 0 yaw 195 mode 0 st 0 gl 3 hp 100 frg 4
ARGEVT Carmack route 4 start '753.0 -151.0  24.0' goal '177.0 -55.0 -104.0'
ARGLOG Romero t  71.7 pos '180.9 -270.9 -296.0' spd 236.1 yaw 327.9 mode 2 st 0 gl 3 hp 90 frg 3
ARGLOG Joe Rogan t  71.8 pos '474.6 -342.0 -104.0' spd 322.3 yaw 161.5 mode 1 st 1 gl 4 hp 100 frg 5
ARGEVT Carmack engage Joe Rogan
ARGLOG Carmack t  71.8 pos '631.1 -208.0  24.0' spd 335.7 yaw 219.0 mode 2 st 0 gl 3 hp 100 frg 4
ARGLOG Romero t  72.2 pos '173.1 -246.6 -296.0' spd 181.3 yaw 344.0 mode 2 st 0 gl 3 hp 86 frg 3
ARGLOG Joe Rogan t  72.3 pos '471.0 -283.5 -104.0' spd 311.8 yaw 174.8 mode 1 st 1 gl 4 hp 76 frg 5
ARGLOG Carmack t  72.3 pos '458.2 -145.0 -20.0' spd 321.7 yaw 269.7 mode 2 st 0 gl 3 hp 100 frg 4
ARGEVT Joe Rogan grab item_health
ARGEVT Joe Rogan hazard
ARGLOG Romero t  72.7 pos '193.3 -247.8 -296.0' spd 239.2 yaw 302.1 mode 2 st 0 gl 3 hp 83 frg 3
ARGLOG Joe Rogan t  72.8 pos '451.1 -432.0 -104.0' spd 180.6 yaw 138.5 mode 1 st 1 gl 4 hp 68 frg 5
ARGLOG Carmack t  72.8 pos '454.2 -48.0 -67.4' spd  53.6 yaw 270.0 mode 2 st 0 gl 3 hp 43 frg 4
ARGEVT Joe Rogan grab weapon_lightning
ARGLOG Romero t  73.2 pos '187.7 -225.0 -296.0' spd  89.0 yaw 354.2 mode 2 st 0 gl 3 hp 79 frg 3
ARGEVT Joe Rogan goal item_health
ARGLOG Joe Rogan t  73.3 pos '497.4 -333.5 -104.0' spd 143.7 yaw 168.7 mode 0 st 1 gl 5 hp 44 frg 5
ARGLOG Carmack t  73.3 pos '568.1 -73.1 -104.0' spd 320.9 yaw 254.5 mode 0 st 0 gl 3 hp 43 frg 4
ARGEVT Joe Rogan grab item_health
ARGEVT Joe Rogan route 9 start '529.0 -311.0 -104.0' goal '497.0 -471.0  24.0'
ARGEVT Carmack route 3 start '529.0 -55.0 -104.0' goal '177.0 -55.0 -104.0'
ARGEVT Joe Rogan retreat
ARGLOG Romero t  73.7 pos '218.3 -233.2 -296.0' spd 245.4 yaw 336.8 mode 2 st 0 gl 3 hp 79 frg 3
ARGEVT Romero pursue
ARGEVT Joe Rogan pursue
ARGLOG Joe Rogan t  73.8 pos '564.6 -427.8 -104.0' spd 346.1 yaw 155 mode 2 st 1 gl 5 hp 20 frg 5
ARGEVT Romero hazard
ARGLOG Carmack t  73.8 pos '624.0 -209.5 -104.0' spd 346.2 yaw 256.2 mode 2 st 0 gl 3 hp 43 frg 4
ARGEVT Joe Rogan death Carmack pos '487.7 -365.9 -104.0'
ARGUS Carmack watch spawn
ARGLOG Romero t  74.2 pos '356.6 -252.4 -296.0' spd 343.1 yaw 343.6 mode 2 st 0 gl 3 hp 79 frg 3
ARGEVT Carmack goal backpack
ARGLOG Carmack t  74.3 pos '641.4 -383.4 -104.0' spd 392.9 yaw 195.0 mode 1 st 0 gl 3 hp 43 frg 5
ARGEVT Carmack jump
ARGLOG Romero t  74.8 pos '526.3 -255.8 -296.0' spd 373.5 yaw 284.0 mode 1 st 0 gl 3 hp 79 frg 3
ARGEVT Carmack goal item_health
ARGEVT Romero hazard
ARGLOG Carmack t  74.9 pos '457.6 -432.0 -66.3' spd 378.7 yaw 138 mode 0 st 0 gl 4 hp 43 frg 5
ARGEVT Carmack route 10 start '497.0 -407.0 -104.0' goal '497.0 -471.0  24.0'
ARGLOG Romero t  75.3 pos '531.2 -272.0 -296.0' spd 324.8 yaw 193 mode 1 st 0 gl 3 hp 79 frg 3
ARGLOG Carmack t  75.4 pos '269.1 -409.1 -104.0' spd 410.0 yaw 41 mode 2 st 0 gl 4 hp 43 frg 5
ARGEVT Carmack hazard
ARGEVT Romero engage Carmack
ARGEVT Carmack engage Romero
ARGEVT Carmack grab weapon_grenadelauncher
ARGEVT Joe Rogan respawn
ARGEVT Joe Rogan goal weapon_supernailgun
ARGLOG Joe Rogan t  75.8 pos '-64.0 -232.0 -72.0' spd 0 yaw  16.3 mode 0 st 1 gl 5 hp 100 frg 5
ARGLOG Romero t  75.8 pos '372.9 -220.7 -296.0' spd 322.3 yaw 225.5 mode 1 st 0 gl 3 hp 79 frg 3
ARGLOG Carmack t  75.9 pos '162.2 -432.0 -104.0' spd 258.3 yaw  43.1 mode 0 st 0 gl 4 hp 43 frg 5
ARGEVT Joe Rogan route 7 start '-47.0 -215.0 -72.0' goal '177.0 -55.0 -104.0'
ARGEVT Carmack route 11 start '209.0 -375.0 -104.0' goal '497.0 -471.0  24.0'
ARGEVT Romero hazard
ARGLOG Joe Rogan t  76.3 pos ' 91.7 -228.1 -72.0' spd 320.0 yaw 0 mode 2 st 1 gl 5 hp 100 frg 5
ARGLOG Romero t  76.3 pos '394.8 -225.9 -296.0' spd 246.2 yaw 260.7 mode 1 st 0 gl 3 hp 79 frg 3
ARGEVT Joe Rogan engage Carmack
ARGLOG Carmack t  76.4 pos '282.1 -443.1 -104.0' spd 322.4 yaw  66.0 mode 2 st 0 gl 4 hp 43 frg 5
ARGEVT Carmack grab item_health
ARGEVT Romero pursue
ARGEVT Carmack pursue
ARGLOG Joe Rogan t  76.8 pos '119.3 -315.3 -40.0' spd 321.4 yaw 340.0 mode 2 st 1 gl 5 hp 100 frg 5
ARGLOG Romero t  76.8 pos '379.7 -194.1 -296.0' spd 320.7 yaw 235 mode 1 st 0 gl 3 hp 79 frg 3
ARGEVT Carmack retreat
ARGLOG Carmack t  76.9 pos '430.3 -393.6 -104.0' spd 380.3 yaw 114.0 mode 2 st 0 gl 4 hp 19 frg 5
ARGLOG Joe Rogan t  77.3 pos '128.5 -457.7  24.0' spd 322.9 yaw  14.3 mode 2 st 1 gl 5 hp 100 frg 5
ARGLOG Romero t  77.3 pos '262.6 -231.1 -296.0' spd 121.8 yaw 346.1 mode 1 st 0 gl 3 hp 79 frg 3
ARGEVT Romero pursue
ARGEVT Romero hazard
ARGEVT Carmack pursue
ARGLOG Carmack t  77.4 pos '600.4 -349.8 -104.0' spd 323.5 yaw 157 mode 2 st 0 gl 4 hp 7 frg 5
ARGUS Romero hunch item_health
ARGEVT Romero pursue
ARGEVT Romero goal item_armorInv
ARGEVT Romero pursue
ARGEVT Carmack death Joe Rogan pos '547.5 -309.3 -104.0'
ARGUS Joe Rogan watch spawn
ARGEVT Romero route 17 start '273.0 -183.0 -296.0' goal '817.0 -855.0 -232.0'
ARGEVT Joe Rogan goal weapon_supernailgun
ARGLOG Joe Rogan t  77.8 pos '139.0 -393.9  -8.0' spd 326.5 yaw  63.4 mode 0 st 1 gl 5 hp 100 frg 6
ARGEVT Romero engage Joe Rogan
ARGLOG Romero t  77.8 pos '346.7 -255.6 -296.0' spd 356.3 yaw 271.5 mode 2 st 0 gl 3 hp 79 frg 3
ARGEVT Joe Rogan engage Romero
ARGEVT Joe Rogan route 7 start '113.0 -375.0  -8.0' goal '177.0 -55.0 -104.0'
ARGLOG Joe Rogan t  78.4 pos '139.1 -227.2 -72.0' spd 322.8 yaw 359.4 mode 2 st 1 gl 5 hp 100 frg 6
ARGEVT Romero grab 
ARGLOG Romero t  78.4 pos '488.3 -246.9 -296.0' spd 154.5 yaw 163.2 mode 2 st 0 gl 3 hp 75 frg 3
ARGLOG Joe Rogan t  78.9 pos '169.7 -353.3 -24.0' spd 320.9 yaw   9.4 mode 2 st 1 gl 5 hp 100 frg 6
ARGLOG Romero t  78.9 pos '587.7 -272.0 -296.0' spd 241.8 yaw 212.1 mode 2 st 0 gl 3 hp 75 frg 3
ARGEVT Joe Rogan pursue
ARGEVT Romero pursue
ARGEVT Romero hazard
ARGUS Romero prefire
ARGEVT Carmack respawn
ARGEVT Carmack goal weapon_rocketlauncher
ARGLOG Carmack t  79.3 pos '112.0 -1136.0 -104.0' spd 0 yaw  61.6 mode 0 st 0 gl 4 hp 100 frg 5
ARGLOG Joe Rogan t  79.4 pos '310.4 -432.0 -23.7' spd 347.5 yaw 30 mode 2 st 1 gl 5 hp 100 frg 6
ARGLOG Romero t  79.4 pos '522.2 -272.0 -296.0' spd 320.7 yaw 186 mode 2 st 0 gl 3 hp 75 frg 3
ARGEVT Carmack route 11 start '145.0 -1143.0 -88.0' goal ' 49.0 105.0 -296.0'
ARGLOG Carmack t  79.9 pos '140.8 -982.8 -104.0' spd 320.4 yaw 90 mode 2 st 0 gl 4 hp 100 frg 5
ARGLOG Joe Rogan t  79.9 pos '482.9 -398.5 -104.0' spd 335.1 yaw 52 mode 2 st 1 gl 5 hp 100 frg 6
ARGLOG Romero t  79.9 pos '356.8 -277.8 -296.0' spd 320.4 yaw 188 mode 2 st 0 gl 3 hp 75 frg 3
ARGEVT Romero hazard
ARGEVT Romero pursue
ARGUS Joe Rogan hunch 
ARGEVT Romero pursue
ARGEVT Romero route 17 start '241.0 -279.0 -296.0' goal '817.0 -855.0 -232.0'
ARGEVT Joe Rogan goal backpack
ARGEVT Joe Rogan route 3 start '529.0 -311.0 -104.0' goal '401.0 -279.0 -296.0'
ARGLOG Carmack t  80.4 pos '145.7 -818.3 -104.0' spd 320.0 yaw 90 mode 2 st 0 gl 4 hp 100 frg 5
ARGLOG Joe Rogan t  80.4 pos '610.2 -287.6 -104.0' spd 324.8 yaw  64.0 mode 2 st 1 gl 5 hp 100 frg 6
ARGLOG Romero t  80.4 pos '200.2 -217.0 -296.0' spd 404.8 yaw 229.0 mode 2 st 0 gl 3 hp 75 frg 3
ARGEVT Carmack hazard
ARGLOG Carmack t  80.9 pos '157.6 -755.9 -104.0' spd 332.7 yaw 347 mode 2 st 0 gl 4 hp 100 frg 5
ARGLOG Joe Rogan t  80.9 pos '563.1 -267.7 -104.0' spd 331.2 yaw 199 mode 2 st 1 gl 5 hp 100 frg 6
ARGLOG Romero t  80.9 pos '114.6 -266.5 -296.0' spd 315.9 yaw 358.2 mode 2 st 0 gl 3 hp 75 frg 3
ARGEVT Joe Rogan grab item_armor1
ARGEVT Carmack engage Joe Rogan
ARGEVT Carmack grab weapon_supershotgun
ARGLOG Carmack t  81.4 pos '304.2 -842.3 -104.0' spd 372.3 yaw  72.3 mode 2 st 0 gl 4 hp 100 frg 5
ARGLOG Joe Rogan t  81.4 pos '496.9 -130.0 -104.0' spd 333.7 yaw 202.2 mode 2 st 1 gl 5 hp 100 frg 6
ARGLOG Romero t  81.4 pos '203.2 -240.2 -296.0' spd 255.5 yaw  26.8 mode 2 st 0 gl 3 hp 75 frg 3
ARGEVT Carmack pursue
ARGEVT Romero hazard
ARGLOG Carmack t  81.9 pos '358.7 -945.1 -104.0' spd 245.8 yaw 80 mode 2 st 0 gl 4 hp 100 frg 5
ARGLOG Joe Rogan t  82.0 pos '517.9 -243.6 -104.0' spd  99.7 yaw 177.4 mode 2 st 1 gl 5 hp 100 frg 6
ARGLOG Romero t  82.0 pos '215.4 -232.5 -296.0' spd  95.7 yaw   3.4 mode 2 st 0 gl 3 hp 75 frg 3
ARGEVT Joe Rogan pursue
ARGEVT Romero pursue
ARGLOG Carmack t  82.4 pos '397.0 -784.6 -104.0' spd 320.1 yaw 81 mode 2 st 0 gl 4 hp 100 frg 5
ARGLOG Joe Rogan t  82.5 pos '522.8 -212.9 -104.0' spd 332.2 yaw 184 mode 2 st 1 gl 5 hp 100 frg 6
ARGLOG Romero t  82.5 pos '239.6 -260.1 -296.0' spd 357.6 yaw 357.3 mode 2 st 0 gl 3 hp 75 frg 3
ARGUS Carmack hunch item_artifact_super_damage
ARGEVT Joe Rogan hazard
ARGEVT Carmack goal weapon_rocketlauncher
ARGEVT Carmack pursue
ARGEVT Carmack route 21 start '401.0 -759.0 -104.0' goal '721.0 -887.0 -232.0'
ARGLOG Carmack t  82.9 pos '299.3 -789.6 -104.0' spd 163.8 yaw  71.9 mode 2 st 0 gl 4 hp 100 frg 5
ARGLOG Joe Rogan t  83.0 pos '466.0 -152.0 -104.0' spd 236.9 yaw 196.0 mode 2 st 1 gl 5 hp 100 frg 6
ARGLOG Romero t  83.0 pos '131.3 -250.5 -296.0' spd 396.9 yaw 355.5 mode 2 st 0 gl 3 hp 36 frg 3
ARGEVT Romero retreat
ARGEVT Joe Rogan weapon sg
ARGEVT Romero death Joe Rogan pos ' 22.6 -272.0 -296.0'
ARGEVT Carmack hazard
ARGEVT Joe Rogan goal backpack
ARGEVT Joe Rogan route 3 start '433.0 -311.0 -104.0' goal ' 17.0 -247.0 -296.0'
ARGLOG Carmack t  83.5 pos '364.6 -706.2 -104.0' spd 278.3 yaw  75.0 mode 2 st 0 gl 4 hp 100 frg 5
ARGLOG Joe Rogan t  83.5 pos '468.2 -316.9 -104.0' spd 322.1 yaw 256 mode 2 st 1 gl 5 hp 100 frg 7
ARGEVT Joe Rogan engage Carmack
ARGEVT Carmack pursue
ARGLOG Carmack t  84.0 pos '316.5 -541.6 -104.0' spd 362.5 yaw  40.9 mode 0 st 0 gl 4 hp 100 frg 5
ARGLOG Joe Rogan t  84.0 pos '461.4 -406.0 -104.0' spd 325.0 yaw 221.7 mode 2 st 1 gl 5 hp 100 frg 7
ARGEVT Carmack route 20 start '241.0 -503.0 -104.0' goal '721.0 -887.0 -232.0'
ARGLOG Carmack t  84.5 pos '247.3 -419.9 -104.0' spd 111.4 yaw 337.1 mode 2 st 0 gl 4 hp 76 frg 5
ARGLOG Joe Rogan t  84.5 pos '431.3 -496.1 -104.0' spd 405.1 yaw 157.4 mode 2 st 1 gl 5 hp 84 frg 7
ARGEVT Carmack hazard
ARGEVT Joe Rogan hazard
ARGEVT Joe Rogan grab item_health
ARGEVT Romero respawn
ARGEVT Romero goal weapon_rocketlauncher
ARGLOG Romero t  84.9 pos '-64.0 -232.0 -72.0' spd 0 yaw 357 mode 0 st 0 gl 3 hp 100 frg 3
ARGLOG Carmack t 85 pos '271.2 -458.1 -104.0' spd 321.1 yaw 359.9 mode 2 st 0 gl 4 hp 52 frg 5
ARGLOG Joe Rogan t  85.1 pos '419.6 -465.0 -104.0' spd 225.1 yaw 163.0 mode 2 st 1 gl 5 hp 68 frg 7
ARGEVT Romero route 8 start '-47.0 -215.0 -72.0' goal ' 49.0 105.0 -296.0'
ARGEVT Joe Rogan grab item_cells
ARGLOG Romero t  85.5 pos ' 84.7 -272.0 -72.0' spd 334.8 yaw 331 mode 2 st 0 gl 3 hp 100 frg 3
ARGLOG Carmack t  85.5 pos '219.6 -412.8 -104.0' spd 237.1 yaw 322.7 mode 2 st 0 gl 4 hp 40 frg 5
ARGLOG Joe Rogan t  85.6 pos '361.9 -521.1 -104.0' spd 334.8 yaw 145.2 mode 2 st 1 gl 5 hp 52 frg 7
ARGEVT Carmack retreat
ARGEVT Romero engage Joe Rogan
ARGEVT Joe Rogan grab item_health
ARGEVT Joe Rogan hazard
ARGEVT Carmack hazard
ARGLOG Romero t  86.0 pos '149.4 -358.2 -24.0' spd  80.5 yaw 301.8 mode 2 st 0 gl 3 hp 100 frg 3
ARGLOG Carmack t  86.0 pos '112.0 -368.0 -104.0' spd 0 yaw 307.7 mode 2 st 0 gl 4 hp 16 frg 5
ARGEVT Joe Rogan pursue
ARGLOG Joe Rogan t  86.1 pos '353.2 -678.6 -104.0' spd 195.0 yaw 123 mode 0 st 1 gl 5 hp 52 frg 7
ARGEVT Carmack pursue
ARGEVT Joe Rogan route 5 start '305.0 -663.0 -104.0' goal ' 17.0 -247.0 -296.0'
ARGEVT Romero pursue
ARGEVT Romero hazard
ARGUS Romero hunch 
ARGUS Joe Rogan hunch 
ARGEVT Romero pursue
ARGEVT Romero goal backpack
ARGEVT Carmack pursue
ARGEVT Joe Rogan pursue
ARGEVT Romero route 5 start '177.0 -343.0 -24.0' goal '401.0 -279.0 -296.0'
ARGEVT Joe Rogan goal backpack
ARGLOG Romero t  86.5 pos '177.7 -318.1 -40.0' spd 323.8 yaw  23.9 mode 2 st 0 gl 3 hp 100 frg 3
ARGEVT Joe Rogan grab item_cells
ARGLOG Carmack t  86.5 pos '235.3 -432.0 -104.0' spd 106.9 yaw 301.4 mode 2 st 0 gl 4 hp 16 frg 5
ARGEVT Joe Rogan route 5 start '305.0 -663.0 -104.0' goal ' 17.0 -247.0 -296.0'
ARGLOG Joe Rogan t  86.6 pos '358.0 -627.3 -104.0' spd 251.2 yaw  69.4 mode 2 st 1 gl 5 hp 44 frg 7
ARGEVT Carmack death Joe Rogan pos '204.2 -432.0 -104.0'
ARGUS Joe Rogan watch spawn
ARGEVT Romero grab 
ARGEVT Joe Rogan engage Romero
ARGEVT Joe Rogan goal backpack
ARGEVT Joe Rogan route 5 start '337.0 -567.0 -104.0' goal ' 17.0 -247.0 -296.0'
ARGLOG Romero t  87.0 pos '162.4 -426.2   8.0' spd 358.6 yaw 317.0 mode 2 st 0 gl 3 hp 100 frg 3
ARGEVT Romero pursue
ARGLOG Joe Rogan t  87.1 pos '340.6 -595.6 -104.0' spd 126.6 yaw 133.5 mode 2 st 1 gl 5 hp 44 frg 8
ARGEVT Joe Rogan pursue
ARGEVT Joe Rogan hazard
ARGEVT Romero hazard
ARGLOG Romero t  87.5 pos '292.7 -520.8  24.0' spd 374.6 yaw 309 mode 2 st 0 gl 3 hp 100 frg 3
ARGLOG Joe Rogan t  87.6 pos '281.2 -457.9 -104.0' spd 327.8 yaw 141 mode 2 st 1 gl 5 hp 44 frg 8
ARGEVT Romero pursue
ARGLOG Romero t  88.0 pos '317.0 -675.7  24.0' spd 430.6 yaw 155.4 mode 2 st 0 gl 3 hp 100 frg 3
ARGLOG Joe Rogan t  88.1 pos '149.8 -392.1 -104.0' spd 152.4 yaw  28.8 mode 2 st 1 gl 5 hp 44 frg 8
ARGEVT Joe Rogan hazard
ARGEVT Carmack respawn
ARGEVT Carmack goal weapon_rocketlauncher
ARGLOG Carmack t  88.3 pos '112.0 -1136.0 -104.0' spd 0 yaw  61.6 mode 0 st 0 gl 4 hp 100 frg 5
ARGEVT Romero route 6 start '305.0 -727.0  24.0' goal '401.0 -279.0 -296.0'
ARGLOG Romero t  88.6 pos '323.9 -639.1  24.0' spd 329.8 yaw 96 mode 2 st 0 gl 3 hp 100 frg 3
ARGLOG Joe Rogan t  88.7 pos '171.0 -386.7 -104.0' spd 344.1 yaw 16 mode 2 st 1 gl 5 hp 44 frg 8
ARGEVT Carmack route 19 start '177.0 -1111.0 -104.0' goal '721.0 -887.0 -232.0'
ARGLOG Carmack t  88.8 pos '181.6 -996.9 -104.0' spd 320.0 yaw 65 mode 2 st 0 gl 4 hp 100 frg 5
ARGEVT Romero pursue
ARGEVT Joe Rogan pursue
ARGLOG Romero t  89.1 pos '323.7 -471.1  24.0' spd 345.1 yaw  91.3 mode 2 st 0 gl 3 hp 100 frg 3
ARGLOG Joe Rogan t  89.2 pos '330.8 -393.8 -104.0' spd 277.2 yaw 292.1 mode 2 st 1 gl 5 hp 30 frg 8
ARGLOG Carmack t  89.3 pos '245.2 -845.6 -104.0' spd 321.3 yaw 79 mode 2 st 0 gl 4 hp 100 frg 5
ARGEVT Romero grab item_health
ARGLOG Romero t  89.6 pos '478.8 -384.3  21.1' spd 290.3 yaw 202.1 mode 2 st 0 gl 3 hp 76 frg 3
ARGEVT Carmack hazard
ARGEVT Joe Rogan retreat
ARGLOG Joe Rogan t  89.7 pos '254.6 -497.4 -104.0' spd 461.5 yaw  22.6 mode 2 st 1 gl 5 hp 14 frg 8
ARGEVT Joe Rogan hazard
ARGEVT Carmack route 21 start '305.0 -791.0 -104.0' goal '721.0 -887.0 -232.0'
ARGEVT Carmack engage Joe Rogan
ARGLOG Carmack t  89.8 pos '325.5 -728.9 -104.0' spd 255.0 yaw  91.0 mode 2 st 0 gl 4 hp 100 frg 5
ARGLOG Romero t  90.1 pos '494.0 -410.8 -104.0' spd 311.2 yaw 233.2 mode 2 st 0 gl 3 hp 68 frg 3
ARGLOG Joe Rogan t  90.2 pos '354.1 -557.2 -104.0' spd 150.3 yaw  45.1 mode 2 st 1 gl 5 hp 14 frg 8
ARGEVT Joe Rogan death Carmack pos '339.7 -568.7 -104.0'
ARGUS Carmack watch spawn
ARGEVT Carmack goal weapon_rocketlauncher
ARGLOG Carmack t  90.4 pos '364.1 -718.9 -104.0' spd 325.6 yaw 312.0 mode 0 st 0 gl 4 hp 100 frg 6
ARGEVT Carmack route 8 start '401.0 -759.0 -104.0' goal ' 49.0 105.0 -296.0'
ARGLOG Romero t  90.6 pos '563.9 -330.1 -104.0' spd 397.5 yaw 323.8 mode 2 st 0 gl 3 hp 68 frg 3
ARGEVT Carmack hazard
ARGLOG Carmack t  90.9 pos '417.4 -753.5 -104.0' spd 382.1 yaw 93 mode 2 st 0 gl 4 hp 100 frg 6
ARGLOG Romero t  91.1 pos '406.6 -240.0 -275.2' spd 300 yaw 252.6 mode 2 st 0 gl 3 hp 68 frg 3
ARGLOG Carmack t  91.4 pos '310.7 -620.8 -104.0' spd 357.2 yaw 68 mode 2 st 0 gl 4 hp 100 frg 6
ARGLOG Romero t  91.6 pos '452.8 -240.0 -296.0' spd 300 yaw 251.0 mode 2 st 0 gl 3 hp 68 frg 3
ARGEVT Joe Rogan respawn
ARGEVT Joe Rogan goal backpack
ARGLOG Joe Rogan t  91.8 pos '112.0 -1136.0 -104.0' spd 0 yaw 61 mode 0 st 1 gl 5 hp 100 frg 8
ARGEVT Romero hazard
ARGLOG Carmack t  91.9 pos '369.3 -463.7 -104.0' spd 320.0 yaw  50.7 mode 2 st 0 gl 4 hp 100 frg 6
ARGEVT Joe Rogan route 9 start '145.0 -1143.0 -88.0' goal ' 17.0 -247.0 -296.0'
ARGEVT Joe Rogan engage Carmack
ARGLOG Romero t  92.2 pos '362.4 -269.0 -296.0' spd 340.9 yaw 330 mode 2 st 0 gl 3 hp 68 frg 3
ARGEVT Carmack engage Joe Rogan
ARGEVT Joe Rogan grab weapon_supershotgun
ARGEVT Carmack hazard
ARGLOG Joe Rogan t  92.4 pos '211.0 -1014.6 -104.0' spd 360.4 yaw  67.2 mode 2 st 1 gl 5 hp 100 frg 8
ARGLOG Carmack t  92.4 pos '409.3 -438.4 -104.0' spd 368.5 yaw 253.8 mode 2 st 0 gl 4 hp 100 frg 6
ARGLOG Romero t  92.7 pos '254.7 -263.4 -296.0' spd 110.8 yaw 346 mode 2 st 0 gl 3 hp 68 frg 3
ARGEVT Joe Rogan grab item_health
ARGLOG Joe Rogan t  92.9 pos '385.9 -1023.6 -104.0' spd 357.4 yaw  88.8 mode 2 st 1 gl 5 hp 91 frg 8
ARGEVT Romero hazard
ARGLOG Carmack t  92.9 pos '347.9 -526.6 -104.0' spd 322.5 yaw 279.7 mode 2 st 0 gl 4 hp 100 frg 6
ARGEVT Joe Rogan hazard
ARGLOG Romero t  93.2 pos '393.1 -271.3 -296.0' spd 156.4 yaw 242 mode 2 st 0 gl 3 hp 68 frg 3
ARGLOG Joe Rogan t  93.4 pos '385.6 -995.6 -104.0' spd 320.0 yaw  92.9 mode 2 st 1 gl 5 hp 100 frg 8
ARGLOG Carmack t  93.4 pos '368.0 -535.4 -104.0' spd  25.5 yaw 268.6 mode 2 st 0 gl 4 hp 96 frg 6
ARGLOG Romero t  93.7 pos '427.3 -274.7 -296.0' spd 245.9 yaw 229 mode 2 st 0 gl 3 hp 68 frg 3
ARGLOG Joe Rogan t  93.9 pos '216.7 -992.0 -104.0' spd 331.7 yaw  69.8 mode 2 st 1 gl 5 hp 76 frg 8
ARGLOG Carmack t  93.9 pos '344.1 -581.4 -104.0' spd 244.0 yaw 244.5 mode 2 st 0 gl 4 hp 96 frg 6
ARGEVT Romero hazard
ARGLOG Romero t  94.2 pos '291.0 -265.5 -296.0' spd 125.2 yaw 343 mode 2 st 0 gl 3 hp 68 frg 3
ARGEVT Carmack pursue
ARGEVT Joe Rogan hazard
ARGLOG Joe Rogan t  94.4 pos ' 85.7 -922.1 -104.0' spd 100.3 yaw  40.7 mode 2 st 1 gl 5 hp 76 frg 8
ARGLOG Carmack t  94.5 pos '343.7 -684.7 -104.0' spd 224.5 yaw 228.2 mode 0 st 0 gl 4 hp 96 frg 6
ARGEVT Carmack route 7 start '305.0 -663.0 -104.0' goal ' 49.0 105.0 -296.0'
ARGLOG Romero t  94.7 pos '391.9 -277.5 -296.0' spd 135.4 yaw 241 mode 2 st 0 gl 3 hp 68 frg 3
ARGLOG Joe Rogan t  94.9 pos '222.7 -998.1 -104.0' spd 321.2 yaw  57.2 mode 2 st 1 gl 5 hp 68 frg 8
ARGLOG Carmack t  95.0 pos '385.9 -771.5 -104.0' spd 320.3 yaw 240.9 mode 2 st 0 gl 4 hp 60 frg 6
ARGEVT Romero hazard
ARGLOG Romero t  95.2 pos '271.5 -273.0 -296.0' spd 176.3 yaw 347 mode 2 st 0 gl 3 hp 68 frg 3
ARGEVT Carmack route 9 start '401.0 -887.0 -104.0' goal ' 49.0 105.0 -296.0'
ARGLOG Joe Rogan t  95.4 pos '336.9 -966.4 -104.0' spd 310.2 yaw  66.2 mode 2 st 1 gl 5 hp 44 frg 8
ARGLOG Carmack t  95.5 pos '399.3 -819.2 -104.0' spd 321.7 yaw 236.2 mode 2 st 0 gl 4 hp 60 frg 6
ARGEVT Carmack retreat
ARGLOG Romero t  95.7 pos '300.3 -274.7 -296.0' spd 347.6 yaw 345 mode 2 st 0 gl 3 hp 68 frg 3
ARGLOG Joe Rogan t  95.9 pos '212.9 -857.4 -104.0' spd 324.9 yaw  46.6 mode 2 st 1 gl 5 hp 20 frg 8
ARGLOG Carmack t  96.0 pos '326.8 -760.8 -104.0' spd 280.0 yaw 206.5 mode 2 st 0 gl 4 hp 4 frg 6
ARGEVT Romero hazard
ARGEVT Joe Rogan death Carmack pos '170.3 -801.1 -104.0'
ARGLOG Romero t  96.3 pos '415.7 -264.3 -296.0' spd 123.2 yaw 235 mode 2 st 0 gl 3 hp 68 frg 3
ARGEVT Carmack goal item_health
ARGEVT Carmack route 15 start '401.0 -887.0 -104.0' goal '-239.0 -471.0 -72.0'
ARGLOG Carmack t  96.5 pos '313.5 -927.2 -104.0' spd 360.3 yaw 233 mode 2 st 0 gl 4 hp 4 frg 7
ARGLOG Romero t  96.8 pos '412.3 -278.3 -296.0' spd 364.4 yaw 233 mode 2 st 0 gl 3 hp 68 frg 3
ARGLOG Carmack t  97.0 pos '216.3 -1070.1 -104.0' spd 399.8 yaw 327.8 mode 2 st 0 gl 4 hp 4 frg 7
ARGEVT Romero hazard
ARGEVT Carmack hazard
ARGLOG Romero t  97.3 pos '271.2 -269.0 -296.0' spd 153.6 yaw 346 mode 2 st 0 gl 3 hp 68 frg 3
ARGLOG Carmack t  97.5 pos '282.0 -999.0 -104.0' spd 329.1 yaw 268 mode 2 st 0 gl 4 hp 4 frg 7
ARGEVT Joe Rogan respawn
ARGEVT Joe Rogan goal weapon_rocketlauncher
ARGLOG Joe Rogan t  97.7 pos '272.0 -952.0  24.0' spd 0 yaw  16.3 mode 0 st 1 gl 5 hp 100 frg 8
ARGLOG Romero t  97.8 pos '282.6 -250.2 -296.0' spd 188.5 yaw 338 mode 2 st 0 gl 3 hp 68 frg 3
ARGEVT Joe Rogan route 14 start '305.0 -983.0  24.0' goal '721.0 -887.0 -232.0'
ARGLOG Carmack t  98.1 pos '442.3 -987.5 -104.0' spd 430.3 yaw 241.5 mode 0 st 0 gl 4 hp 4 frg 7
ARGEVT Carmack route 15 start '369.0 -983.0 -104.0' goal '-239.0 -471.0 -72.0'
ARGEVT Romero hazard
ARGLOG Joe Rogan t  98.2 pos '357.7 -821.0  24.0' spd 355.0 yaw 98 mode 2 st 1 gl 5 hp 100 frg 8
ARGEVT Carmack hazard
ARGLOG Romero t  98.3 pos '404.5 -257.5 -296.0' spd 223.2 yaw 299 mode 2 st 0 gl 3 hp 68 frg 3
ARGLOG Carmack t  98.6 pos '307.4 -987.8 -104.0' spd 323.2 yaw 224 mode 2 st 0 gl 4 hp 4 frg 7
ARGLOG Joe Rogan t  98.7 pos '318.6 -658.1  24.0' spd 368.2 yaw 173.9 mode 2 st 1 gl 5 hp 100 frg 8
ARGEVT Joe Rogan hazard
ARGLOG Romero t  98.8 pos '345.0 -277.7 -296.0' spd 339.0 yaw 340 mode 2 st 0 gl 3 hp 68 frg 3
ARGLOG Carmack t  99.1 pos '151.8 -1047.1 -104.0' spd 350.1 yaw 308 mode 2 st 0 gl 4 hp 4 frg 7
ARGEVT Romero hazard
ARGLOG Joe Rogan t  99.2 pos '316.6 -685.2  24.0' spd 351.1 yaw 49 mode 2 st 1 gl 5 hp 100 frg 8
ARGLOG Romero t  99.3 pos '326.9 -271.8 -296.0' spd 316.9 yaw 340 mode 2 st 0 gl 3 hp 68 frg 3
ARGEVT Carmack jump
ARGLOG Carmack t  99.6 pos '144.0 -1223.0 -69.5' spd 336.7 yaw 22 mode 2 st 0 gl 4 hp 4 frg 7
ARGLOG Joe Rogan t  99.8 pos '365.3 -647.0  24.0' spd 326.0 yaw 53 mode 2 st 1 gl 5 hp 100 frg 8
ARGLOG Romero t  99.9 pos '424.1 -264.0 -296.0' spd 123.2 yaw 232 mode 2 st 0 gl 3 hp 68 frg 3
ARGLOG Carmack t 100.1 pos '201.4 -1224.2 -72.0' spd 320.1 yaw 30 mode 2 st 0 gl 4 hp 4 frg 7
ARGEVT Romero hazard
ARGLOG Joe Rogan t 100.3 pos '354.3 -478.5  24.0' spd 385.4 yaw 30 mode 2 st 1 gl 5 hp 100 frg 8
ARGEVT Joe Rogan engage Romero
ARGEVT Romero engage Joe Rogan
ARGLOG Romero t 100.4 pos '421.2 -271.4 -296.0' spd 321.0 yaw 270.2 mode 2 st 0 gl 3 hp 68 frg 3
ARGLOG Carmack t 100.6 pos '333.2 -1123.4   8.0' spd 358.0 yaw 96 mode 2 st 0 gl 4 hp 4 frg 7
ARGLOG Joe Rogan t 100.8 pos '491.6 -376.8 -12.2' spd 203.5 yaw 142.3 mode 2 st 1 gl 5 hp 76 frg 8
ARGEVT Joe Rogan grab item_health
ARGEVT Romero grab weapon_nailgun
ARGLOG Romero t 100.9 pos '305.6 -217.5 -296.0' spd 377.7 yaw 324.6 mode 2 st 0 gl 3 hp 48 frg 3
ARGLOG Carmack t 101.1 pos '333.7 -955.5  24.0' spd 321.1 yaw 94 mode 2 st 0 gl 4 hp 4 frg 7
ARGLOG Joe Rogan t 101.3 pos '499.4 -396.4 -104.0' spd 304.8 yaw 147.5 mode 2 st 1 gl 5 hp 76 frg 8
ARGEVT Romero hazard
ARGEVT Joe Rogan hazard
ARGLOG Romero t 101.4 pos '232.3 -227.4 -296.0' spd 185.9 yaw 327.8 mode 2 st 0 gl 3 hp 48 frg 3
ARGEVT Joe Rogan pursue
ARGEVT Romero pursue
ARGLOG Carmack t 101.7 pos '346.7 -790.5  24.0' spd 321.3 yaw 69 mode 2 st 0 gl 4 hp 4 frg 7
ARGLOG Joe Rogan t 101.8 pos '494.2 -373.5 -104.0' spd 323.2 yaw 150 mode 2 st 1 gl 5 hp 76 frg 8
ARGEVT Romero retreat
ARGLOG Romero t 101.9 pos '369.1 -221.8 -296.0' spd 226.2 yaw 309.8 mode 2 st 0 gl 3 hp 28 frg 3
ARGLOG Carmack t 102.2 pos '368.0 -626.9  24.0' spd 330.4 yaw 148 mode 2 st 0 gl 4 hp 4 frg 7
ARGLOG Joe Rogan t 102.3 pos '489.6 -432.0 -104.0' spd  27.8 yaw 104.0 mode 2 st 1 gl 5 hp 76 frg 8
ARGEVT Romero pursue
ARGEVT Joe Rogan pursue
ARGLOG Romero t 102.4 pos '397.2 -88.0 -296.0' spd  33.0 yaw 283 mode 2 st 0 gl 3 hp 28 frg 3
ARGUS Romero hunch 
ARGEVT Romero hazard
ARGEVT Carmack engage Joe Rogan
ARGEVT Carmack grab item_health
ARGEVT Carmack retreat
ARGEVT Romero goal backpack
ARGEVT Romero route 2 start '401.0 -183.0 -296.0' goal '401.0 -279.0 -296.0'
ARGEVT Romero pursue
ARGLOG Carmack t 102.7 pos '358.3 -483.4  24.0' spd 162.6 yaw  50.1 mode 2 st 0 gl 4 hp 4 frg 7
ARGLOG Joe Rogan t 102.8 pos '486.4 -293.2 -104.0' spd 329.8 yaw 136 mode 2 st 1 gl 5 hp 76 frg 8
ARGLOG Romero t 103.0 pos '404.8 -56.5 -296.0' spd 272.5 yaw 333.9 mode 2 st 0 gl 3 hp 28 frg 3
ARGUS Joe Rogan hunch 
ARGEVT Joe Rogan goal weapon_lightning
ARGEVT Carmack hazard
ARGEVT Joe Rogan pursue
ARGLOG Carmack t 103.2 pos '250.3 -515.3  24.0' spd 225.1 yaw  48.7 mode 2 st 0 gl 4 hp 4 frg 7
ARGEVT Joe Rogan pursue
ARGLOG Joe Rogan t 103.4 pos '472.0 -315.6 -104.0' spd 323.5 yaw 240.0 mode 1 st 1 gl 5 hp 52 frg 8
ARGEVT Romero pursue
ARGLOG Romero t 103.5 pos '407.2 -187.4 -296.0' spd 329.8 yaw 287 mode 2 st 0 gl 3 hp 28 frg 3
ARGEVT Joe Rogan pursue
ARGEVT Romero pursue
ARGEVT Joe Rogan hazard
ARGEVT Romero hazard
ARGEVT Carmack pursue
ARGLOG Carmack t 103.7 pos '203.2 -496.4  24.0' spd 157.7 yaw  29.5 mode 2 st 0 gl 4 hp 4 frg 7
ARGLOG Joe Rogan t 103.9 pos '500.2 -431.1 -104.0' spd 106.1 yaw 195.9 mode 1 st 1 gl 5 hp 52 frg 8
ARGLOG Romero t 104.0 pos '508.4 -264.5 -296.0' spd 287.1 yaw 259.8 mode 1 st 0 gl 3 hp 28 frg 3
ARGLOG Carmack t 104.2 pos '177.1 -429.9   8.0' spd 323.4 yaw   9.4 mode 2 st 0 gl 4 hp 4 frg 7
ARGLOG Joe Rogan t 104.4 pos '342.4 -398.3 -104.0' spd 267.7 yaw  45.6 mode 1 st 1 gl 5 hp 52 frg 8
ARGEVT Carmack hazard
ARGLOG Romero t 104.5 pos '461.9 -239.6 -296.0' spd 292.5 yaw 245.4 mode 1 st 0 gl 3 hp 20 frg 3
ARGEVT Romero grab weapon_lightning
ARGEVT Joe Rogan hazard
ARGLOG Carmack t 104.7 pos '125.5 -476.6  24.0' spd 110.1 yaw   7.2 mode 2 st 0 gl 4 hp 4 frg 7
ARGEVT Romero hazard
ARGEVT Joe Rogan grab weapon_lightning
ARGLOG Joe Rogan t 104.9 pos '408.5 -421.7 -104.0' spd 305.3 yaw  51.3 mode 1 st 1 gl 5 hp 20 frg 8
ARGEVT Joe Rogan pursue
ARGEVT Romero pursue
ARGEVT Joe Rogan death Carmack pos '409.5 -388.1 -104.0'
ARGUS Carmack watch spawn
ARGLOG Romero t 105.0 pos '571.3 -232.7 -296.0' spd 351.7 yaw  97.4 mode 1 st 0 gl 3 hp 20 frg 3
ARGEVT Romero engage Carmack
ARGEVT Carmack goal item_health
ARGEVT Carmack engage Romero
ARGEVT Carmack route 4 start '177.0 -343.0 -24.0' goal '-239.0 -471.0 -72.0'
ARGLOG Carmack t 105.3 pos '164.1 -332.3 -40.0' spd 266.0 yaw   8.4 mode 2 st 0 gl 4 hp 4 frg 8
ARGLOG Romero t 105.5 pos '556.2 -242.6 -296.0' spd 188.9 yaw 177.7 mode 1 st 0 gl 3 hp 20 frg 3
ARGEVT Carmack death Romero pos '184.1 -229.8 -72.0'
ARGUS Romero watch spawn
ARGEVT Romero goal backpack
ARGEVT Romero route 2 start '593.0 -215.0 -296.0' goal '401.0 -279.0 -296.0'
ARGEVT Romero hazard
ARGLOG Romero t 106.0 pos '650.4 -258.8 -296.0' spd 191.2 yaw 225.2 mode 2 st 0 gl 3 hp 20 frg 4
ARGEVT Joe Rogan respawn
ARGEVT Joe Rogan plan powerup via weapon
ARGEVT Joe Rogan goal weapon_rocketlauncher
ARGLOG Joe Rogan t 106.5 pos '-64.0 512.0 -296.0' spd 0 yaw 286.3 mode 0 st 1 gl 5 hp 100 frg 8
ARGLOG Romero t 106.5 pos '511.1 -272.0 -296.0' spd 320.3 yaw 184 mode 2 st 0 gl 3 hp 20 frg 4
ARGEVT Joe Rogan route 4 start '-15.0 553.0 -296.0' goal ' 49.0 105.0 -296.0'
ARGEVT Joe Rogan hazard
ARGEVT Romero hazard
ARGLOG Joe Rogan t 107.1 pos '-47.9 352.6 -296.0' spd 344.8 yaw 249 mode 2 st 1 gl 5 hp 100 frg 8
ARGLOG Romero t 107.1 pos '350.9 -275.3 -296.0' spd 230.8 yaw 302.2 mode 1 st 0 gl 3 hp 20 frg 4
ARGEVT Carmack respawn
ARGEVT Carmack goal weapon_rocketlauncher
ARGLOG Carmack t 107.2 pos '776.0 -808.0 -232.0' spd 0 yaw 106.3 mode 1 st 0 gl 4 hp 100 frg 8
ARGEVT Carmack hazard
ARGLOG Joe Rogan t 107.6 pos '-103.5 193.0 -296.0' spd 350.2 yaw 292 mode 2 st 1 gl 5 hp 100 frg 8
ARGLOG Romero t 107.6 pos '432.0 -275.5 -296.0' spd  61.6 yaw 10 mode 1 st 0 gl 3 hp 20 frg 4
ARGLOG Carmack t 107.7 pos '722.8 -771.4 -232.0' spd  79.4 yaw 108 mode 1 st 0 gl 4 hp 100 frg 8
ARGEVT Romero hazard
ARGLOG Joe Rogan t 108.1 pos '-57.5  31.9 -296.0' spd 350.0 yaw 343.3 mode 1 st 1 gl 5 hp 100 frg 8
ARGLOG Romero t 108.1 pos '579.6 -265.3 -296.0' spd 177.3 yaw 221.8 mode 1 st 0 gl 3 hp 20 frg 4
ARGEVT Joe Rogan hazard
ARGLOG Carmack t 108.2 pos '720.0 -752.0 -232.0' spd 0 yaw 108 mode 1 st 0 gl 4 hp 100 frg 8
ARGEVT Romero stall
ARGEVT Romero jump
ARGEVT Joe Rogan goal item_artifact_super_damage
ARGLOG Joe Rogan t 108.6 pos ' 82.5  78.3 -296.0' spd 402.2 yaw 315.1 mode 0 st 1 gl 6 hp 100 frg 8
ARGLOG Romero t 108.6 pos '455.3 -270.5 -274.5' spd 320.0 yaw 162.7 mode 0 st 1 gl 3 hp 20 frg 4
ARGEVT Joe Rogan route 6 start ' 49.0 105.0 -296.0' goal '209.0  73.0 -104.0'
ARGLOG Carmack t 108.8 pos '722.3 -743.7 -216.0' spd 166.4 yaw  58.4 mode 1 st 0 gl 4 hp 100 frg 8
ARGEVT Romero route 0 start '401.0 -279.0 -296.0' goal '401.0 -279.0 -296.0'
ARGLOG Joe Rogan t 109.1 pos ' 38.7  56.8 -296.0' spd 321.8 yaw 241 mode 2 st 1 gl 6 hp 100 frg 8
ARGLOG Romero t 109.1 pos '290.2 -268.7 -294.9' spd 320.0 yaw 102.4 mode 1 st 1 gl 3 hp 20 frg 4
ARGLOG Carmack t 109.3 pos '831.6 -756.7 -232.0' spd 332.9 yaw 253.6 mode 1 st 0 gl 4 hp 100 frg 8
ARGEVT Romero hazard
ARGEVT Joe Rogan hazard
ARGLOG Joe Rogan t 109.6 pos '-123.1  48.5 -296.0' spd 178.3 yaw 316.8 mode 2 st 1 gl 6 hp 100 frg 8
ARGLOG Romero t 109.6 pos '360.8 -206.4 -296.0' spd 382.7 yaw 299 mode 1 st 1 gl 3 hp 20 frg 4
ARGEVT Carmack goal weapon_lightning
ARGEVT Carmack route 6 start '817.0 -855.0 -232.0' goal '529.0 -311.0 -104.0'
ARGLOG Carmack t 109.8 pos '756.1 -909.4 -232.0' spd 372.5 yaw 114 mode 2 st 0 gl 5 hp 100 frg 8
ARGEVT Romero engage Carmack
ARGEVT Romero retreat
ARGEVT Carmack engage Romero
ARGEVT Carmack grab weapon_nailgun
ARGLOG Joe Rogan t 110.1 pos '-16.0  35.2 -296.0' spd 0 yaw 277 mode 2 st 1 gl 6 hp 100 frg 8
ARGLOG Romero t 110.1 pos '522.5 -244.7 -296.0' spd 320.5 yaw 124.2 mode 1 st 1 gl 3 hp 20 frg 4
ARGEVT Carmack pursue
ARGUS Carmack prefire
ARGLOG Carmack t 110.3 pos '368.0 -35.8 -296.0' spd 300 yaw 293 mode 2 st 0 gl 5 hp 100 frg 8
ARGEVT Romero pursue
ARGEVT Romero death Carmack pos '581.1 -227.5 -296.0'
ARGLOG Joe Rogan t 110.7 pos '-42.3 -101.5 -296.0' spd 321.2 yaw 346 mode 2 st 1 gl 6 hp 100 frg 8
ARGEVT Carmack goal backpack
ARGEVT Carmack route 2 start '305.0 -87.0 -296.0' goal ' 17.0 -247.0 -296.0'
ARGLOG Carmack t 110.8 pos '376.7 -136.0 -296.0' spd 343.0 yaw 198 mode 2 st 0 gl 5 hp 100 frg 9
ARGEVT Carmack engage Joe Rogan
ARGEVT Joe Rogan engage Carmack
ARGEVT Joe Rogan grab 
ARGEVT Carmack goal backpack
ARGEVT Carmack hazard
ARGEVT Carmack route 1 start '401.0 -183.0 -296.0' goal '593.0 -215.0 -296.0'
ARGLOG Joe Rogan t 111.2 pos '-16.5 -241.5 -296.0' spd  90.2 yaw  26.8 mode 2 st 1 gl 6 hp 100 frg 8
ARGLOG Carmack t 111.3 pos '344.0 -105.7 -296.0' spd 341.3 yaw 195.3 mode 2 st 0 gl 5 hp 100 frg 9
ARGEVT Joe Rogan pursue
ARGLOG Joe Rogan t 111.7 pos '-70.8 -119.0 -296.0' spd 263.7 yaw 358 mode 0 st 1 gl 6 hp 49 frg 8
ARGUS Joe Rogan hunch item_artifact_super_damage
ARGEVT Carmack pursue
ARGLOG Carmack t 111.8 pos '372.6 -152.1 -296.0' spd 346.8 yaw 311.7 mode 2 st 0 gl 5 hp 100 frg 9
ARGEVT Joe Rogan routefail
ARGEVT Joe Rogan goal item_artifact_super_damage
ARGEVT Joe Rogan pursue
ARGEVT Joe Rogan hazard
ARGEVT Romero respawn
ARGEVT Joe Rogan routefail
ARGEVT Joe Rogan goal item_health
ARGEVT Romero goal weapon_supernailgun
ARGLOG Romero t 112.1 pos '784.0 -176.0  24.0' spd 0 yaw 163.4 mode 0 st 1 gl 3 hp 100 frg 4
ARGEVT Joe Rogan route 4 start '-79.0 -23.0 -296.0' goal '-15.0 553.0 -296.0'
ARGLOG Joe Rogan t 112.2 pos '-80.0 -15.9 -296.0' spd 322.6 yaw  86.8 mode 2 st 1 gl 6 hp 49 frg 8
ARGEVT Carmack hazard
ARGUS Carmack prefire
ARGUS Carmack hunch item_artifact_super_damage
ARGEVT Carmack goal weapon_lightning
ARGLOG Carmack t 112.3 pos '352.6 -274.9 -296.0' spd 217.2 yaw 337.9 mode 0 st 0 gl 5 hp 100 frg 9
ARGEVT Romero route 4 start '753.0 -151.0  24.0' goal '177.0 -55.0 -104.0'
ARGEVT Carmack pursue
ARGEVT Carmack route 2 start '369.0 -279.0 -296.0' goal '529.0 -311.0 -104.0'
ARGLOG Romero t 112.6 pos '627.4 -157.7  24.0' spd 328.8 yaw 204 mode 2 st 1 gl 3 hp 100 frg 4
ARGEVT Carmack rjump
ARGLOG Joe Rogan t 112.7 pos ' 25.4 110.4 -296.0' spd 396.8 yaw 322 mode 2 st 1 gl 6 hp 49 frg 8
ARGLOG Carmack t 112.9 pos '432.0 -288.5 -200.8' spd  85.0 yaw 287.7 mode 2 st 0 gl 5 hp 90 frg 9
ARGEVT Romero engage Carmack
ARGEVT Romero grab item_armor1
ARGEVT Joe Rogan hazard
ARGLOG Romero t 113.1 pos '461.5 -192.5 -20.5' spd 284.6 yaw 257.6 mode 2 st 1 gl 3 hp 100 frg 4
ARGLOG Joe Rogan t 113.2 pos ' 92.9  65.4 -296.0' spd 242.6 yaw  72.9 mode 2 st 1 gl 6 hp 49 frg 8
ARGLOG Carmack t 113.4 pos '436.6 -321.3 -60.2' spd 246.9 yaw 10 mode 1 st 0 gl 5 hp 86 frg 9
ARGEVT Joe Rogan pursue
ARGEVT Romero route 3 start '433.0 -119.0 -104.0' goal '177.0 -55.0 -104.0'
ARGEVT Carmack pursue
ARGLOG Romero t 113.6 pos '388.4 -66.9 -264.5' spd 291.8 yaw 287.2 mode 2 st 1 gl 3 hp 100 frg 4
ARGLOG Joe Rogan t 113.7 pos ' 34.3 107.4 -296.0' spd 107.0 yaw  77.2 mode 2 st 1 gl 6 hp 49 frg 8
ARGEVT Romero hazard
ARGLOG Carmack t 113.9 pos '535.3 -388.2 -104.0' spd 258.5 yaw 94 mode 1 st 0 gl 5 hp 86 frg 9
ARGEVT Joe Rogan hazard
ARGEVT Romero pursue
ARGLOG Romero t 114.2 pos '364.6 -59.8 -296.0' spd 218.6 yaw 291 mode 2 st 1 gl 3 hp 95 frg 4
ARGEVT Romero jump
ARGEVT Carmack goal backpack
ARGEVT Carmack route 3 start '529.0 -311.0 -104.0' goal '593.0 -215.0 -296.0'
ARGLOG Joe Rogan t 114.3 pos '-76.6 144.4 -296.0' spd 363.4 yaw  66.7 mode 2 st 1 gl 6 hp 49 frg 8
ARGUS Romero hunch item_artifact_super_damage
ARGLOG Carmack t 114.4 pos '506.7 -231.8 -104.0' spd 321.1 yaw 124 mode 2 st 0 gl 6 hp 86 frg 9
ARGEVT Romero goal backpack
ARGEVT Romero route 2 start '401.0 -183.0 -296.0' goal '401.0 -279.0 -296.0'
ARGEVT Carmack engage Romero
ARGLOG Romero t 114.7 pos '371.2 -127.3 -266.4' spd  36.4 yaw  34.1 mode 2 st 1 gl 3 hp 95 frg 4
ARGLOG Joe Rogan t 114.8 pos '-52.7 326.5 -296.0' spd 340.7 yaw  56.7 mode 2 st 1 gl 6 hp 49 frg 8
ARGLOG Carmack t 114.9 pos '456.6 -73.3 -104.0' spd 328.5 yaw 204.2 mode 2 st 0 gl 6 hp 84 frg 9
ARGEVT Romero hazard
ARGLOG Romero t 115.2 pos '332.5 -133.1 -296.0' spd 295.5 yaw   4.8 mode 2 st 1 gl 3 hp 95 frg 4
ARGLOG Joe Rogan t 115.3 pos '-57.0 491.6 -296.0' spd 323.2 yaw 73 mode 1 st 1 gl 6 hp 49 frg 8
ARGLOG Carmack t 115.4 pos '486.9 -200.4 -74.9' spd 344.6 yaw 161.9 mode 2 st 0 gl 6 hp 80 frg 9
ARGEVT Joe Rogan goal weapon_supernailgun
ARGEVT Joe Rogan hazard
ARGEVT Carmack grab 
ARGEVT Joe Rogan route 10 start '-15.0 553.0 -296.0' goal '177.0 -55.0 -104.0'
ARGLOG Romero t 115.7 pos '342.8 -116.5 -296.0' spd 321.9 yaw 316.6 mode 2 st 1 gl 3 hp 95 frg 4
ARGLOG Joe Rogan t 115.8 pos '-43.4 618.5 -296.0' spd  52.1 yaw 270 mode 2 st 1 gl 7 hp 149 frg 8
ARGEVT Romero pursue
ARGEVT Carmack pursue
ARGLOG Carmack t 116.0 pos '569.6 -324.4 -104.0' spd 155.2 yaw 141 mode 2 st 0 gl 6 hp 80 frg 9
ARGLOG Romero t 116.2 pos '389.1 -114.2 -296.0' spd 320.6 yaw 299.4 mode 2 st 1 gl 3 hp 95 frg 4
ARGEVT Romero hazard
ARGLOG Joe Rogan t 116.3 pos ' -6.1 476.7 -296.0' spd 323.0 yaw 262 mode 2 st 1 gl 7 hp 149 frg 8
ARGEVT Romero pursue
ARGLOG Carmack t 116.5 pos '463.8 -214.7 -104.0' spd 321.3 yaw 174.9 mode 2 st 0 gl 6 hp 80 frg 9
ARGEVT Joe Rogan hazard
ARGLOG Romero t 116.7 pos '336.2 -216.3 -296.0' spd 330.1 yaw 360.0 mode 2 st 1 gl 3 hp 95 frg 4
ARGLOG Joe Rogan t 116.8 pos ' 57.3 418.0 -296.0' spd 136.2 yaw 245 mode 2 st 1 gl 7 hp 149 frg 8
ARGEVT Romero pursue
ARGEVT Carmack pursue
ARGLOG Carmack t 117.0 pos '590.9 -250.5 -104.0' spd 322.2 yaw 168.0 mode 2 st 0 gl 6 hp 79 frg 9
ARGLOG Romero t 117.2 pos '345.0 -240.6 -296.0' spd 320.2 yaw 14 mode 2 st 1 gl 3 hp 95 frg 4
ARGLOG Joe Rogan t 117.3 pos '-16.7 427.7 -296.0' spd 338.8 yaw 263 mode 2 st 1 gl 7 hp 149 frg 8
ARGEVT Romero hazard
ARGEVT Carmack hazard
ARGLOG Carmack t 117.5 pos '471.7 -217.4 -104.0' spd 325.7 yaw 196.3 mode 2 st 0 gl 6 hp 79 frg 9
ARGEVT Carmack weapon rl
ARGEVT Carmack weapon ng
ARGLOG Romero t 117.8 pos '358.5 -119.1 -296.0' spd 363.2 yaw 314.5 mode 2 st 1 gl 3 hp 95 frg 4
ARGEVT Romero death Carmack pos '343.6 -109.5 -296.0'
ARGUS Carmack watch spawn
ARGLOG Joe Rogan t 117.9 pos '-54.3 261.4 -296.0' spd 322.4 yaw 267 mode 2 st 1 gl 7 hp 149 frg 8
ARGEVT Carmack goal item_cells
ARGEVT Carmack route 2 start '433.0 -119.0 -104.0' goal '305.0 -407.0 -104.0'
ARGLOG Carmack t 118.0 pos '354.0 -146.4 -89.7' spd 263.3 yaw 260 mode 2 st 0 gl 6 hp 75 frg 10
ARGLOG Joe Rogan t 118.4 pos '-33.7  94.6 -296.0' spd 354.4 yaw 329 mode 2 st 1 gl 7 hp 149 frg 8
ARGEVT Joe Rogan hazard
ARGLOG Carmack t 118.5 pos '287.0 -249.4 -277.0' spd 260.1 yaw  27.6 mode 2 st 0 gl 6 hp 75 frg 10
ARGLOG Joe Rogan t 118.9 pos ' 98.6  70.4 -296.0' spd 119.3 yaw 256 mode 2 st 1 gl 7 hp 149 frg 8
ARGEVT Carmack hazard
ARGLOG Carmack t 119.0 pos '381.9 -186.2 -296.0' spd 221.6 yaw 251 mode 2 st 0 gl 6 hp 75 frg 10
ARGEVT Romero respawn
ARGEVT Joe Rogan engage Romero
ARGLOG Joe Rogan t 119.4 pos '-51.0  13.7 -296.0' spd 379.8 yaw 318.8 mode 2 st 1 gl 7 hp 149 frg 8
ARGEVT Romero goal backpack
ARGEVT Romero engage Joe Rogan
ARGLOG Romero t 119.4 pos '-64.0 512.0 -296.0' spd 0 yaw 271.8 mode 0 st 1 gl 3 hp 100 frg 4
ARGEVT Carmack jump
ARGEVT Romero route 7 start '-15.0 553.0 -296.0' goal '401.0 -279.0 -296.0'
ARGLOG Carmack t 119.6 pos '449.5 -272.0 -267.0' spd 139.7 yaw 224 mode 2 st 0 gl 6 hp 75 frg 10
ARGLOG Joe Rogan t 119.9 pos '-35.3   5.4 -296.0' spd  49.8 yaw 116.6 mode 2 st 1 gl 7 hp 133 frg 8
ARGLOG Romero t 119.9 pos '-40.2 483.6 -296.0' spd 321.6 yaw 271.2 mode 2 st 1 gl 3 hp 100 frg 4
ARGLOG Carmack t 120.1 pos '450.9 -272.0 -296.0' spd  37.7 yaw 171.4 mode 2 st 0 gl 6 hp 75 frg 10
ARGEVT Carmack hazard
ARGEVT Carmack jump
ARGLOG Joe Rogan t 120.4 pos '-80.0  47.2 -296.0' spd  71.7 yaw  64.5 mode 2 st 1 gl 7 hp 125 frg 8
ARGLOG Romero t 120.4 pos '-10.7 482.5 -296.0' spd 281.9 yaw 264.9 mode 2 st 1 gl 3 hp 54 frg 4
ARGLOG Carmack t 120.6 pos '328.9 -173.9 -257.9' spd 324.0 yaw 265 mode 2 st 0 gl 6 hp 75 frg 10
ARGLOG Joe Rogan t 120.9 pos '-211.5 107.1 -296.0' spd 108.9 yaw  66.0 mode 2 st 1 gl 7 hp 104 frg 8
ARGLOG Romero t 120.9 pos '-120.4 442.3 -296.0' spd 142.7 yaw 254.9 mode 2 st 1 gl 3 hp 54 frg 4
ARGEVT Romero hazard
ARGEVT Romero death Joe Rogan pos '-110.2 433.7 -296.0'
ARGUS Joe Rogan watch spawn
ARGLOG Carmack t 121.1 pos '210.6 -176.0 -382.1' spd  11.4 yaw 293 mode 2 st 0 gl 6 hp 75 frg 10
ARGEVT Joe Rogan goal backpack
ARGEVT Carmack swim
ARGEVT Joe Rogan route 3 start '-143.0 105.0 -296.0' goal '-111.0 457.0 -296.0'
ARGLOG Joe Rogan t 121.5 pos '-61.8  90.1 -296.0' spd 328.2 yaw  10.1 mode 2 st 1 gl 7 hp 103 frg 9
ARGLOG Carmack t 121.6 pos '264.3 -181.1 -398.8' spd 170.9 yaw 281 mode 2 st 0 gl 6 hp 59 frg 10
ARGEVT Joe Rogan hazard
ARGLOG Joe Rogan t 122.0 pos ' 98.4  66.6 -296.0' spd 368.1 yaw 129 mode 2 st 1 gl 7 hp 103 frg 9
ARGLOG Carmack t 122.1 pos '304.0 -235.7 -394.2' spd 134.8 yaw 271 mode 2 st 0 gl 6 hp 38 frg 10
ARGEVT Carmack death world pos '304.0 -270.3 -392.0'
ARGLOG Joe Rogan t 122.5 pos '-14.4  68.5 -296.0' spd 350.0 yaw 112.4 mode 2 st 1 gl 7 hp 102 frg 9
ARGEVT Romero respawn
ARGEVT Romero goal item_armorInv
ARGLOG Romero t 122.6 pos '272.0 -952.0  24.0' spd 0 yaw 10 mode 0 st 1 gl 3 hp 100 frg 4
ARGEVT Romero route 13 start '305.0 -983.0  24.0' goal '817.0 -855.0 -232.0'
ARGLOG Joe Rogan t 123.0 pos '-59.8 244.6 -296.0' spd 320.1 yaw 111.7 mode 1 st 1 gl 7 hp 102 frg 9
ARGEVT Joe Rogan jump
ARGLOG Romero t 123.1 pos '394.9 -856.1  24.0' spd 400.9 yaw 109 mode 2 st 1 gl 3 hp 100 frg 4
ARGEVT Joe Rogan goal weapon_supernailgun
ARGEVT Joe Rogan route 9 start '-47.0 329.0 -296.0' goal '177.0 -55.0 -104.0'
ARGLOG Joe Rogan t 123.5 pos '-59.6 403.6 -273.4' spd 313.7 yaw 306.9 mode 2 st 1 gl 8 hp 101 frg 9
ARGLOG Romero t 123.6 pos '348.5 -690.1  24.0' spd 320.2 yaw 55 mode 2 st 1 gl 3 hp 100 frg 4
ARGEVT Joe Rogan hazard
ARGEVT Carmack respawn
ARGEVT Carmack goal weapon_grenadelauncher
ARGLOG Carmack t 124.0 pos '784.0 -176.0  24.0' spd 0 yaw 196.3 mode 0 st 0 gl 6 hp 100 frg 9
ARGLOG Joe Rogan t 124.0 pos ' 62.3 409.6 -296.0' spd 237.0 yaw 253 mode 2 st 1 gl 8 hp 101 frg 9
ARGEVT Carmack route 4 start '753.0 -151.0  24.0' goal '113.0 -407.0 -104.0'
ARGLOG Romero t 124.1 pos '322.4 -525.5  24.0' spd 365.5 yaw 36 mode 2 st 1 gl 3 hp 100 frg 4
ARGEVT Romero engage Carmack
ARGEVT Romero grab 
ARGEVT Carmack engage Romero
ARGEVT Carmack grab item_armor1
ARGLOG Carmack t 124.5 pos '628.2 -189.8  24.0' spd 346.3 yaw 230.1 mode 2 st 0 gl 6 hp 100 frg 9
ARGLOG Joe Rogan t 124.5 pos ' 80.0 410.8 -296.0' spd 258.6 yaw 250 mode 2 st 1 gl 8 hp 100 frg 9
ARGLOG Romero t 124.6 pos '409.5 -450.0  24.0' spd 233.3 yaw  59.2 mode 2 st 1 gl 3 hp 100 frg 4
ARGEVT Joe Rogan hazard
ARGEVT Romero grab item_health
ARGLOG Carmack t 125.0 pos '486.4 -75.0 -20.9' spd 446.1 yaw 272.8 mode 2 st 0 gl 6 hp 76 frg 9
ARGLOG Joe Rogan t 125.1 pos '-49.5 342.0 -296.0' spd 341.6 yaw 271 mode 2 st 1 gl 8 hp 100 frg 9
ARGLOG Romero t 125.2 pos '466.7 -441.8  24.0' spd 101.8 yaw  79.1 mode 2 st 1 gl 3 hp 100 frg 4
ARGEVT Romero grab 
ARGEVT Carmack grab item_health
ARGLOG Carmack t 125.5 pos '502.7 -35.7 -104.0' spd 132.2 yaw 244.7 mode 2 st 0 gl 6 hp 68 frg 9
ARGLOG Joe Rogan t 125.6 pos '-61.5 176.7 -296.0' spd 321.1 yaw 281 mode 2 st 1 gl 8 hp 100 frg 9
ARGLOG Romero t 125.7 pos '357.0 -433.5 -67.8' spd  36.3 yaw  63.9 mode 2 st 1 gl 3 hp 96 frg 4
ARGEVT Carmack hazard
ARGEVT Joe Rogan hazard
ARGLOG Carmack t 126.0 pos '566.4   3.2 -104.0' spd 0 yaw 237.6 mode 0 st 0 gl 6 hp 63 frg 9
ARGEVT Carmack route 4 start '529.0 -55.0 -104.0' goal '113.0 -407.0 -104.0'
ARGLOG Joe Rogan t 126.1 pos ' 12.0  51.9 -296.0' spd 362.4 yaw 271 mode 2 st 1 gl 8 hp 100 frg 9
ARGLOG Romero t 126.2 pos '319.3 -408.7 -104.0' spd 105.5 yaw  59.1 mode 2 st 1 gl 3 hp 80 frg 4
ARGLOG Carmack t 126.5 pos '566.4   3.2 -104.0' spd 0 yaw 255.2 mode 2 st 0 gl 6 hp 52 frg 9
ARGLOG Joe Rogan t 126.6 pos ' 68.2  48.8 -296.0' spd 352.6 yaw 261 mode 2 st 1 gl 8 hp 100 frg 9
ARGEVT Romero hazard
ARGLOG Romero t 126.7 pos '432.0 -435.2 -104.0' spd  39.9 yaw  75.0 mode 2 st 1 gl 3 hp 80 frg 4
ARGEVT Carmack hazard
ARGLOG Carmack t 127.1 pos '566.4   3.2 -104.0' spd 0 yaw 246.6 mode 2 st 0 gl 6 hp 52 frg 9
ARGLOG Joe Rogan t 127.1 pos '-64.1 -46.2 -296.0' spd 402.1 yaw 320 mode 2 st 1 gl 8 hp 100 frg 9
ARGLOG Romero t 127.2 pos '346.5 -410.4 -104.0' spd  98.9 yaw  60.8 mode 2 st 1 gl 3 hp 68 frg 4
ARGEVT Joe Rogan hazard
ARGEVT Joe Rogan engage Romero
ARGLOG Carmack t 127.6 pos '624.0 -121.0 -104.0' spd 250.4 yaw 239.6 mode 2 st 0 gl 6 hp 36 frg 9
ARGLOG Joe Rogan t 127.6 pos '-30.4 -212.9 -296.0' spd 324.4 yaw 350.9 mode 2 st 1 gl 8 hp 100 frg 9
ARGEVT Romero hazard
ARGLOG Romero t 127.7 pos '397.0 -408.0 -104.0' spd 110.6 yaw  45.7 mode 2 st 1 gl 3 hp 56 frg 4
ARGEVT Carmack grab 
ARGLOG Carmack t 128.1 pos '627.0 -284.4 -104.0' spd  86.4 yaw 199.5 mode 2 st 0 gl 6 hp 20 frg 9
ARGLOG Joe Rogan t 128.1 pos '  4.3 -246.4 -296.0' spd 107.8 yaw   6.9 mode 2 st 1 gl 8 hp 100 frg 9
ARGLOG Romero t 128.2 pos '422.1 -373.5 -104.0' spd 119.8 yaw  27.1 mode 2 st 1 gl 3 hp 44 frg 4
ARGLOG Carmack t 128.6 pos '623.9 -332.8 -104.0' spd 336.1 yaw 208.3 mode 2 st 0 gl 6 hp 6 frg 9
ARGLOG Joe Rogan t 128.6 pos ' 72.9 -226.3 -296.0' spd 129.3 yaw 324.8 mode 2 st 1 gl 8 hp 100 frg 9
ARGEVT Joe Rogan hazard
ARGLOG Romero t 128.7 pos '469.7 -424.3 -104.0' spd 127.9 yaw  18.0 mode 2 st 1 gl 3 hp 20 frg 4
ARGEVT Romero death Carmack pos '470.7 -378.0 -104.0'
ARGUS Carmack watch spawn
ARGEVT Carmack goal item_health
ARGEVT Carmack route 15 start '625.0 -343.0 -104.0' goal '977.0 -471.0 -104.0'
ARGLOG Carmack t 129.1 pos '639.9 -272.0 -104.0' spd 119.5 yaw 117 mode 2 st 0 gl 6 hp 6 frg 10
ARGLOG Joe Rogan t 129.2 pos '179.6 -206.1 -296.0' spd 335.7 yaw 342 mode 2 st 1 gl 8 hp 100 frg 9
ARGEVT Joe Rogan rjump
ARGLOG Carmack t 129.6 pos '563.2 -245.4 -104.0' spd 324.1 yaw 172 mode 2 st 0 gl 6 hp 6 frg 10
ARGLOG Joe Rogan t 129.7 pos '352.7 -208.3 -257.1' spd 337.8 yaw 332 mode 2 st 1 gl 8 hp 100 frg 9
ARGEVT Carmack hazard
ARGEVT Joe Rogan route 5 start '497.0 -247.0 -296.0' goal '177.0 -55.0 -104.0'
ARGLOG Carmack t 130.1 pos '464.9 -166.0 -104.0' spd 298.2 yaw 47 mode 2 st 0 gl 6 hp 6 frg 10
ARGLOG Joe Rogan t 130.2 pos '520.9 -237.4 -296.0' spd 344.2 yaw 312 mode 2 st 1 gl 8 hp 100 frg 9
ARGEVT Joe Rogan hazard
ARGEVT Romero respawn
ARGEVT Romero goal item_armorInv
ARGLOG Romero t 130.4 pos '-64.0 -232.0 -72.0' spd 0 yaw 350 mode 0 st 1 gl 3 hp 100 frg 4
ARGEVT Romero engage Carmack
ARGEVT Carmack engage Romero
ARGEVT Carmack retreat
ARGEVT Romero route 8 start '-47.0 -215.0 -72.0' goal '817.0 -855.0 -232.0'
ARGLOG Carmack t 130.7 pos '408.4 -116.9 -116.6' spd 160.5 yaw 192.8 mode 2 st 0 gl 6 hp 6 frg 10
ARGEVT Joe Rogan route 6 start '593.0 -215.0 -296.0' goal '177.0 -55.0 -104.0'
ARGLOG Joe Rogan t 130.7 pos '584.8 -270.7 -296.0' spd 323.1 yaw 164 mode 2 st 1 gl 8 hp 100 frg 9
ARGLOG Romero t 131.0 pos ' 39.0 -233.1 -72.0' spd 156.1 yaw   9.7 mode 2 st 1 gl 3 hp 100 frg 4
ARGEVT Joe Rogan engage Carmack
ARGEVT Joe Rogan weapon sg
ARGLOG Carmack t 131.2 pos '428.1 -153.0 -295.6' spd  33.6 yaw 196.3 mode 2 st 0 gl 6 hp 6 frg 10
ARGLOG Joe Rogan t 131.2 pos '433.0 -257.9 -296.0' spd 256.0 yaw  97.9 mode 2 st 1 gl 8 hp 100 frg 9
ARGEVT Romero pursue
ARGEVT Carmack pursue
ARGEVT Carmack hazard
ARGEVT Carmack death Joe Rogan pos '391.3 -143.2 -296.0'
ARGUS Joe Rogan watch spawn
ARGEVT Romero engage Joe Rogan
ARGLOG Romero t 131.5 pos '138.7 -240.6 -72.0' spd 329.0 yaw   0.0 mode 2 st 1 gl 3 hp 100 frg 4
ARGEVT Joe Rogan engage Romero
ARGEVT Joe Rogan weapon rl
ARGEVT Joe Rogan grab 
ARGEVT Romero grab weapon_grenadelauncher
ARGEVT Joe Rogan goal backpack
ARGEVT Joe Rogan jump
ARGLOG Joe Rogan t 131.7 pos '384.6 -218.7 -284.3' spd 244.7 yaw 220.3 mode 1 st 1 gl 8 hp 100 frg 10
ARGEVT Romero route 9 start '177.0 -215.0 -72.0' goal '817.0 -855.0 -232.0'
ARGEVT Joe Rogan goal backpack
ARGEVT Joe Rogan route 4 start '401.0 -183.0 -296.0' goal '497.0 -407.0 -104.0'
ARGLOG Romero t 132.0 pos '164.8 -358.9 -24.0' spd 330.3 yaw  32.0 mode 2 st 1 gl 3 hp 100 frg 4
ARGLOG Joe Rogan t 132.2 pos '411.4 -195.8 -296.0' spd 100.9 yaw 239.9 mode 2 st 1 gl 9 hp 88 frg 10
ARGEVT Joe Rogan hazard
ARGLOG Romero t 132.5 pos '183.7 -494.9  24.0' spd 117.2 yaw  58.2 mode 2 st 1 gl 3 hp 100 frg 4
ARGLOG Joe Rogan t 132.8 pos '383.8 -95.7 -296.0' spd 356.0 yaw 210.1 mode 2 st 1 gl 9 hp 76 frg 10
ARGEVT Romero hazard
ARGLOG Romero t 133.0 pos '175.8 -433.7  24.0' spd 345.3 yaw  66.2 mode 2 st 1 gl 3 hp 100 frg 4
ARGEVT Carmack respawn
ARGEVT Carmack goal weapon_supernailgun
ARGLOG Carmack t 133.1 pos '-64.0 -232.0 -72.0' spd 0 yaw 359 mode 0 st 0 gl 6 hp 100 frg 10
ARGEVT Carmack route 7 start '-47.0 -215.0 -72.0' goal '177.0 -55.0 -104.0'
ARGLOG Joe Rogan t 133.3 pos '340.5 -66.2 -296.0' spd 266.1 yaw 274.6 mode 2 st 1 gl 9 hp 52 frg 10
ARGEVT Carmack engage Romero
ARGLOG Romero t 133.5 pos '330.1 -502.0  24.0' spd 326.3 yaw  86.3 mode 0 st 1 gl 3 hp 100 frg 4
ARGEVT Joe Rogan retreat
ARGLOG Carmack t 133.6 pos ' 60.7 -257.1 -72.0' spd 182.2 yaw 319.8 mode 2 st 0 gl 6 hp 100 frg 10
ARGEVT Romero grab 
ARGEVT Romero route 9 start '305.0 -471.0  24.0' goal '817.0 -855.0 -232.0'
ARGLOG Joe Rogan t 133.8 pos '370.7 -25.8 -296.0' spd 320.1 yaw 301.4 mode 2 st 1 gl 9 hp 28 frg 10
ARGEVT Carmack grab weapon_grenadelauncher
ARGLOG Romero t 134.0 pos '494.8 -472.8  24.0' spd 331.4 yaw 106.4 mode 2 st 1 gl 3 hp 84 frg 4
ARGLOG Carmack t 134.1 pos '155.0 -253.7 -72.0' spd 322.6 yaw 333.6 mode 2 st 0 gl 6 hp 100 frg 10
ARGEVT Joe Rogan hazard
ARGLOG Joe Rogan t 134.3 pos '346.4  84.5 -288.0' spd 370.0 yaw 261.7 mode 0 st 1 gl 9 hp 28 frg 10
ARGEVT Joe Rogan route 9 start '369.0 105.0 -288.0' goal '497.0 -407.0 -104.0'
ARGLOG Romero t 134.6 pos '465.4 -429.0  11.4' spd  93.7 yaw 102.1 mode 2 st 1 gl 3 hp 60 frg 4
ARGLOG Carmack t 134.6 pos '121.9 -415.2   8.0' spd 321.9 yaw 359.6 mode 2 st 0 gl 6 hp 100 frg 10
ARGEVT Carmack hazard
ARGLOG Joe Rogan t 134.8 pos '385.2  97.8 -288.0' spd  82.6 yaw 292.4 mode 2 st 1 gl 9 hp 24 frg 10
ARGEVT Joe Rogan goal item_health
ARGEVT Joe Rogan route 4 start '369.0 105.0 -288.0' goal '529.0  73.0 -296.0'
ARGLOG Romero t 135.1 pos '506.9 -380.6 -104.0' spd 320.0 yaw 111.1 mode 2 st 1 gl 3 hp 44 frg 4
ARGLOG Carmack t 135.1 pos '112.2 -427.7   8.0' spd 141.6 yaw   7.2 mode 2 st 0 gl 6 hp 100 frg 10
ARGEVT Joe Rogan pursue
ARGUS Joe Rogan prefire
ARGEVT Romero jump
ARGLOG Joe Rogan t 135.3 pos '375.7  26.9 -288.0' spd 275.4 yaw 284 mode 2 st 1 gl 9 hp 24 frg 10
ARGEVT Romero pursue
ARGLOG Romero t 135.6 pos '661.1 -288.9 -68.1' spd 471.7 yaw 128 mode 2 st 1 gl 3 hp 24 frg 4
ARGLOG Carmack t 135.6 pos '135.3 -413.3   8.0' spd 335.2 yaw  14.2 mode 2 st 0 gl 6 hp 100 frg 10
ARGUS Joe Rogan hunch 
ARGEVT Joe Rogan hazard
ARGLOG Joe Rogan t 135.8 pos '406.1 -127.0 -296.0' spd 170.4 yaw 286.1 mode 2 st 1 gl 9 hp 24 frg 10
ARGEVT Joe Rogan goal item_health
ARGUS routecache adopt
ARGEVT Joe Rogan route 3 start '401.0 -183.0 -296.0' goal '529.0  73.0 -296.0'
ARGEVT Joe Rogan pursue
ARGEVT Carmack route 7 start '305.0 -471.0  24.0' goal '177.0 -55.0 -104.0'
ARGLOG Romero t 136.1 pos '647.0 -272.0 -104.0' spd 203.8 yaw 128 mode 2 st 1 gl 3 hp 4 frg 4
ARGEVT Romero jump
ARGLOG Carmack t 136.1 pos '297.2 -432.0 -36.5' spd 277.7 yaw  26.3 mode 2 st 0 gl 6 hp 100 frg 10
ARGLOG Joe Rogan t 136.3 pos '332.0 -222.4 -296.0' spd 320.8 yaw 262.6 mode 2 st 1 gl 9 hp 24 frg 10
ARGEVT Romero death Carmack pos '538.8 -272.0 -65.9'
ARGUS Carmack watch spawn
ARGEVT Carmack goal weapon_lightning
ARGEVT Carmack hazard
ARGLOG Carmack t 136.7 pos '427.0 -424.9 -104.0' spd 331.0 yaw  15.3 mode 1 st 0 gl 6 hp 100 frg 11
ARGLOG Joe Rogan t 136.9 pos '456.0 -262.1 -296.0' spd 322.2 yaw 51 mode 2 st 1 gl 9 hp 24 frg 10
ARGLOG Carmack t 137.2 pos '494.1 -269.1 -104.0' spd 335.2 yaw 111 mode 1 st 0 gl 6 hp 100 frg 11
ARGLOG Joe Rogan t 137.4 pos '624.1 -266.9 -296.0' spd 398.7 yaw 105 mode 2 st 1 gl 9 hp 24 frg 10
ARGEVT Joe Rogan hazard
ARGLOG Carmack t 137.7 pos '466.1 -102.9 -104.0' spd 387.5 yaw 122 mode 1 st 0 gl 6 hp 100 frg 11
ARGEVT Carmack hazard
ARGLOG Joe Rogan t 137.9 pos '585.1 -269.4 -296.0' spd 320.9 yaw 99 mode 2 st 1 gl 9 hp 24 frg 10
ARGEVT Romero respawn
ARGEVT Romero goal item_armorInv
ARGLOG Romero t 138.1 pos '272.0 -952.0  24.0' spd 0 yaw  16.6 mode 0 st 1 gl 3 hp 100 frg 4
ARGLOG Carmack t 138.2 pos '454.3 -90.7 -104.0' spd 376.6 yaw 208.2 mode 1 st 0 gl 6 hp 100 frg 11
ARGEVT Romero route 13 start '305.0 -983.0  24.0' goal '817.0 -855.0 -232.0'
ARGEVT Carmack engage Joe Rogan
ARGEVT Carmack grab 
ARGLOG Joe Rogan t 138.4 pos '422.8 -210.6 -296.0' spd 331.3 yaw 167.2 mode 2 st 1 gl 9 hp 24 frg 10
ARGLOG Romero t 138.6 pos '368.3 -828.7  24.0' spd 327.4 yaw 86 mode 2 st 1 gl 3 hp 100 frg 4
ARGLOG Carmack t 138.7 pos '511.7 -258.8 -104.0' spd 336.7 yaw 175.0 mode 1 st 0 gl 6 hp 100 frg 11
ARGEVT Joe Rogan hazard
ARGLOG Joe Rogan t 138.9 pos '264.7 -269.7 -296.0' spd 267.0 yaw 331.4 mode 0 st 1 gl 9 hp 24 frg 10
ARGEVT Carmack pursue
ARGEVT Joe Rogan route 4 start '241.0 -279.0 -296.0' goal '529.0  73.0 -296.0'
ARGEVT Joe Rogan engage Carmack
ARGEVT Joe Rogan grab 
ARGEVT Joe Rogan retreat
ARGLOG Romero t 139.1 pos '350.0 -711.6  24.0' spd 354.1 yaw  62.7 mode 2 st 1 gl 3 hp 100 frg 4
ARGEVT Carmack hazard
ARGEVT Joe Rogan death Carmack pos '305.9 -217.6 -296.0'
ARGLOG Carmack t 139.2 pos '462.4 -335.5 -104.0' spd 266.5 yaw 140.2 mode 1 st 0 gl 6 hp 100 frg 12
ARGEVT Carmack goal weapon_lightning
ARGLOG Romero t 139.6 pos '368.0 -540.9  24.0' spd 334.5 yaw 65 mode 2 st 1 gl 3 hp 100 frg 4
ARGEVT Carmack engage Romero
ARGLOG Carmack t 139.7 pos '585.9 -352.5 -104.0' spd 334.2 yaw 331.4 mode 1 st 0 gl 6 hp 100 frg 12
ARGEVT Romero engage Carmack
ARGLOG Romero t 140.1 pos '367.4 -399.1  11.4' spd 140.9 yaw  29.8 mode 2 st 1 gl 3 hp 76 frg 4
ARGEVT Carmack grab 
ARGLOG Carmack t 140.3 pos '406.9 -240.0 -275.4' spd 335.7 yaw 253.4 mode 1 st 0 gl 6 hp 76 frg 12
ARGLOG Romero t 140.7 pos '389.5 -407.5 -104.0' spd 182.3 yaw  76.8 mode 2 st 1 gl 3 hp 68 frg 4
ARGEVT Joe Rogan respawn
ARGLOG Carmack t 140.8 pos '439.7 -230.2 -296.0' spd 335.7 yaw 259.8 mode 1 st 0 gl 6 hp 76 frg 12
ARGEVT Joe Rogan goal weapon_rocketlauncher
ARGLOG Joe Rogan t 140.8 pos '-64.0 512.0 -296.0' spd 0 yaw 286.3 mode 0 st 1 gl 9 hp 100 frg 10
ARGEVT Joe Rogan route 4 start '-15.0 553.0 -296.0' goal ' 49.0 105.0 -296.0'
ARGEVT Romero hazard
ARGEVT Carmack hazard
ARGEVT Joe Rogan hazard
ARGLOG Romero t 141.2 pos '472.3 -386.7 -104.0' spd 339.0 yaw 130.2 mode 2 st 1 gl 3 hp 68 frg 4
ARGLOG Carmack t 141.3 pos '341.2 -263.9 -296.0' spd 355.7 yaw 150.7 mode 1 st 0 gl 6 hp 76 frg 12
ARGLOG Joe Rogan t 141.3 pos '-48.2 351.6 -296.0' spd 346.3 yaw 249 mode 2 st 1 gl 9 hp 100 frg 10
ARGEVT Romero pursue
ARGEVT Carmack pursue
ARGEVT Carmack grab 
ARGLOG Romero t 141.7 pos '489.8 -240.0 -104.0' spd 351.5 yaw 178.2 mode 2 st 1 gl 3 hp 68 frg 4
ARGLOG Carmack t 141.8 pos '264.9 -226.3 -296.0' spd 128.1 yaw  33.2 mode 1 st 0 gl 6 hp 56 frg 12
ARGLOG Joe Rogan t 141.8 pos '-58.8 183.6 -296.0' spd 334.6 yaw 324 mode 2 st 1 gl 9 hp 100 frg 10
ARGLOG Romero t 142.2 pos '459.5 -110.0 -104.0' spd 116.7 yaw 218.2 mode 0 st 1 gl 3 hp 68 frg 4
ARGEVT Carmack hazard
ARGEVT Carmack retreat
ARGLOG Carmack t 142.3 pos '280.9 -219.7 -296.0' spd 217.7 yaw 358.7 mode 1 st 0 gl 6 hp 32 frg 12
ARGLOG Joe Rogan t 142.4 pos ' 36.9  48.0 -296.0' spd 282.7 yaw 136.3 mode 1 st 1 gl 9 hp 100 frg 10
ARGEVT Romero route 16 start '433.0 -119.0 -104.0' goal '817.0 -855.0 -232.0'
ARGEVT Joe Rogan goal backpack
ARGEVT Joe Rogan route 5 start ' 49.0 105.0 -296.0' goal '401.0 -279.0 -296.0'
ARGEVT Joe Rogan hazard
ARGLOG Romero t 142.7 pos '513.8 -263.8 -104.0' spd 325.9 yaw 178.7 mode 2 st 1 gl 3 hp 68 frg 4
ARGLOG Carmack t 142.8 pos '132.7 -261.6 -296.0' spd 477.9 yaw 334.4 mode 1 st 0 gl 6 hp 12 frg 12
ARGLOG Joe Rogan t 142.9 pos ' 10.7 115.9 -296.0' spd 232.3 yaw 330.9 mode 2 st 1 gl 10 hp 100 frg 10
ARGLOG Romero t 143.2 pos '501.0 -237.5 -104.0' spd 321.0 yaw 183.1 mode 2 st 1 gl 3 hp 68 frg 4
ARGEVT Carmack death Romero pos '-37.1 -272.0 -296.0'
ARGUS Romero watch spawn
ARGLOG Joe Rogan t 143.4 pos '108.3  87.4 -296.0' spd 134.8 yaw 271 mode 2 st 1 gl 10 hp 100 frg 10
ARGEVT Romero goal weapon_lightning
ARGEVT Romero hazard
ARGEVT Joe Rogan hazard
ARGLOG Romero t 143.8 pos '498.4 -81.0 -104.0' spd 379.5 yaw 147.0 mode 1 st 1 gl 3 hp 68 frg 5
ARGEVT Romero death Carmack pos '508.5 -35.0 -104.0'
ARGUS Carmack watch spawn
ARGLOG Joe Rogan t 143.9 pos '-45.9  26.6 -296.0' spd 390.7 yaw 272.6 mode 2 st 1 gl 10 hp 100 frg 10
ARGLOG Joe Rogan t 144.4 pos '-22.7 -148.9 -296.0' spd 335.7 yaw 317 mode 2 st 1 gl 10 hp 100 frg 10
ARGEVT Joe Rogan hazard
ARGEVT Carmack respawn
ARGLOG Joe Rogan t 144.9 pos ' 42.0 -263.4 -296.0' spd 327.7 yaw 6 mode 0 st 1 gl 10 hp 100 frg 10
ARGEVT Carmack goal weapon_rocketlauncher
ARGLOG Carmack t 144.9 pos '776.0 -808.0 -232.0' spd 0 yaw 106.3 mode 1 st 0 gl 6 hp 100 frg 13
ARGEVT Joe Rogan route 3 start ' 17.0 -247.0 -296.0' goal '401.0 -279.0 -296.0'
ARGEVT Carmack hazard
ARGEVT Romero respawn
ARGLOG Joe Rogan t 145.4 pos '206.6 -257.7 -296.0' spd 324.6 yaw 354 mode 2 st 1 gl 10 hp 100 frg 10
ARGEVT Romero goal weapon_supernailgun
ARGLOG Romero t 145.4 pos '-64.0 -232.0 -72.0' spd 0 yaw  16.3 mode 0 st 1 gl 3 hp 100 frg 5
ARGLOG Carmack t 145.4 pos '720.9 -734.6 -216.0' spd 324.6 yaw 214.2 mode 1 st 0 gl 6 hp 100 frg 13
ARGEVT Romero route 7 start '-47.0 -215.0 -72.0' goal '177.0 -55.0 -104.0'
ARGEVT Carmack goal weapon_lightning
ARGEVT Carmack route 5 start '721.0 -887.0 -232.0' goal '529.0 -311.0 -104.0'
ARGEVT Joe Rogan hazard
ARGLOG Joe Rogan t 146.0 pos '351.8 -175.0 -296.0' spd 344.4 yaw 336.7 mode 2 st 1 gl 10 hp 100 frg 10
ARGLOG Romero t 146.0 pos ' 85.5 -239.0 -72.0' spd 386.6 yaw 267.1 mode 2 st 1 gl 3 hp 100 frg 5
ARGUS routecache adopt
ARGEVT Carmack route 5 start '721.0 -887.0 -232.0' goal '529.0 -311.0 -104.0'
ARGLOG Carmack t 146.0 pos '738.9 -896.0 -232.0' spd 380.4 yaw 181.6 mode 0 st 0 gl 6 hp 100 frg 13
ARGEVT Romero hazard
ARGUS routecache adopt
ARGEVT Carmack route 5 start '721.0 -887.0 -232.0' goal '529.0 -311.0 -104.0'
ARGEVT Carmack route 6 start '721.0 -759.0 -232.0' goal '529.0 -311.0 -104.0'
ARGLOG Joe Rogan t 146.5 pos '403.5 -188.2 -296.0' spd 320.0 yaw 269 mode 2 st 1 gl 10 hp 100 frg 10
ARGLOG Romero t 146.5 pos ' 11.6 -272.0 -72.0' spd 345.9 yaw 247 mode 2 st 1 gl 3 hp 100 frg 5
ARGLOG Carmack t 146.5 pos '720.0 -781.6 -232.0' spd 329.6 yaw 111 mode 2 st 0 gl 6 hp 100 frg 13
ARGEVT Carmack hazard
ARGLOG Joe Rogan t 147.0 pos '503.5 -272.0 -296.0' spd 356.6 yaw 301.6 mode 1 st 1 gl 10 hp 100 frg 10
ARGEVT Joe Rogan hazard
ARGLOG Romero t 147.0 pos '-144.0 -348.1 -72.0' spd 320.0 yaw 12 mode 2 st 1 gl 3 hp 100 frg 5
ARGLOG Carmack t 147.0 pos '720.3 -824.1 -232.0' spd 320.0 yaw 110 mode 2 st 0 gl 6 hp 100 frg 13
ARGUS routecache adopt
ARGEVT Carmack route 5 start '721.0 -887.0 -232.0' goal '529.0 -311.0 -104.0'
ARGUS routecache adopt
ARGEVT Carmack route 5 start '721.0 -887.0 -232.0' goal '529.0 -311.0 -104.0'
ARGLOG Joe Rogan t 147.5 pos '529.9 -262.0 -296.0' spd 330.8 yaw 154 mode 1 st 1 gl 10 hp 100 frg 10
ARGLOG Romero t 147.5 pos '-141.1 -512.2 -72.0' spd 320.0 yaw 21 mode 2 st 1 gl 3 hp 100 frg 5
ARGLOG Carmack t 147.5 pos '720.0 -890.1 -232.0' spd 266.0 yaw 108 mode 0 st 0 gl 6 hp 100 frg 13
ARGUS routecache adopt
ARGEVT Carmack route 5 start '721.0 -887.0 -232.0' goal '529.0 -311.0 -104.0'
ARGUS routecache adopt
ARGEVT Carmack route 6 start '721.0 -759.0 -232.0' goal '529.0 -311.0 -104.0'
ARGEVT Romero route 4 start '753.0 -151.0  24.0' goal '177.0 -55.0 -104.0'
ARGLOG Joe Rogan t 148.0 pos '363.6 -251.9 -296.0' spd 320.0 yaw 207.3 mode 1 st 1 gl 10 hp 100 frg 10
ARGLOG Romero t 148.0 pos '812.1 -176.0  24.0' spd 300 yaw 182 mode 2 st 1 gl 3 hp 100 frg 5
ARGLOG Carmack t 148.0 pos '731.8 -721.6 -216.0' spd 362.6 yaw 113 mode 2 st 0 gl 6 hp 100 frg 13
ARGEVT Joe Rogan hazard
ARGEVT Carmack hazard
ARGLOG Joe Rogan t 148.5 pos '276.2 -252.9 -296.0' spd 194.4 yaw 332 mode 1 st 1 gl 10 hp 100 frg 10
ARGLOG Romero t 148.5 pos '812.2 -167.3  24.0' spd 136.2 yaw 184 mode 2 st 1 gl 3 hp 100 frg 5
ARGLOG Carmack t 148.5 pos '823.4 -804.7 -232.0' spd 345.6 yaw 116 mode 2 st 0 gl 6 hp 100 frg 13
ARGLOG Joe Rogan t 149.0 pos '432.0 -273.6 -296.0' spd   5.9 yaw 352 mode 1 st 1 gl 10 hp 100 frg 10
ARGLOG Romero t 149.0 pos '650.9 -153.0  24.0' spd 321.3 yaw 155 mode 2 st 1 gl 3 hp 100 frg 5
ARGLOG Carmack t 149.0 pos '721.4 -899.2 -232.0' spd 247.2 yaw 107.0 mode 0 st 0 gl 6 hp 100 frg 13
ARGEVT Carmack route 5 start '721.0 -887.0 -232.0' goal '529.0 -311.0 -104.0'
ARGUS routecache adopt
ARGEVT Carmack route 5 start '721.0 -887.0 -232.0' goal '529.0 -311.0 -104.0'
ARGEVT Carmack hazard
ARGLOG Joe Rogan t 149.6 pos '432.0 -276.5 -296.0' spd  44.9 yaw 10 mode 1 st 1 gl 10 hp 100 frg 10
ARGLOG Romero t 149.6 pos '471.6 -189.1  -7.7' spd 325.1 yaw 149 mode 2 st 1 gl 3 hp 100 frg 5
ARGLOG Carmack t 149.6 pos '720.0 -752.0 -232.0' spd 0 yaw 112 mode 2 st 0 gl 6 hp 100 frg 13
ARGEVT Joe Rogan engage Romero
ARGEVT Romero engage Joe Rogan
ARGEVT Romero grab weapon_lightning
ARGEVT Joe Rogan grab weapon_lightning
ARGEVT Joe Rogan hazard
ARGEVT Joe Rogan weapon sg
ARGLOG Joe Rogan t 150.1 pos '459.6 -216.8 -296.0' spd 491.2 yaw 216.1 mode 1 st 1 gl 10 hp 76 frg 10
ARGLOG Romero t 150.1 pos '379.6 -256.1 -230.3' spd 120.7 yaw  24.0 mode 2 st 1 gl 3 hp 100 frg 5
ARGUS routecache adopt
ARGEVT Carmack route 5 start '721.0 -887.0 -232.0' goal '529.0 -311.0 -104.0'
ARGLOG Carmack t 150.1 pos '720.0 -893.2 -232.0' spd 364.8 yaw 205.1 mode 0 st 0 gl 6 hp 100 frg 13
ARGEVT Romero grab 
ARGEVT Romero hazard
ARGUS routecache adopt
ARGEVT Carmack route 5 start '721.0 -887.0 -232.0' goal '529.0 -311.0 -104.0'
ARGEVT Joe Rogan weapon rl
ARGUS routecache adopt
ARGEVT Carmack route 5 start '721.0 -887.0 -232.0' goal '529.0 -311.0 -104.0'
ARGLOG Joe Rogan t 150.6 pos '592.8 -251.5 -296.0' spd 227.2 yaw 178.6 mode 1 st 1 gl 10 hp 56 frg 10
ARGLOG Romero t 150.6 pos '258.9 -230.4 -296.0' spd 244.7 yaw 357.0 mode 2 st 1 gl 3 hp 95 frg 5
ARGLOG Carmack t 150.6 pos '720.0 -822.7 -232.0' spd 331.5 yaw  93.4 mode 0 st 0 gl 6 hp 100 frg 13
ARGEVT Carmack route 6 start '721.0 -759.0 -232.0' goal '529.0 -311.0 -104.0'
ARGEVT Romero death Joe Rogan pos '335.5 -236.7 -296.0'
ARGUS Joe Rogan watch spawn
ARGEVT Joe Rogan goal backpack
ARGLOG Joe Rogan t 151.1 pos '537.4 -271.4 -296.0' spd 321.9 yaw 171 mode 1 st 1 gl 10 hp 56 frg 11
ARGLOG Carmack t 151.1 pos '720.0 -752.0 -232.0' spd 0 yaw 104 mode 2 st 0 gl 6 hp 100 frg 13
ARGEVT Joe Rogan jump
ARGLOG Joe Rogan t 151.6 pos '373.9 -251.7 -266.9' spd 320.2 yaw 169 mode 1 st 1 gl 10 hp 56 frg 11
ARGLOG Carmack t 151.6 pos '720.0 -752.0 -232.0' spd 0 yaw 104 mode 2 st 0 gl 6 hp 100 frg 13
ARGLOG Joe Rogan t 152.1 pos '224.7 -204.7 -296.0' spd 307.5 yaw  21.2 mode 1 st 1 gl 10 hp 56 frg 11
ARGEVT Joe Rogan hazard
ARGLOG Carmack t 152.1 pos '720.0 -752.0 -232.0' spd 0 yaw 104 mode 2 st 0 gl 6 hp 100 frg 13
ARGEVT Romero respawn
ARGEVT Romero goal item_health
ARGLOG Romero t 152.5 pos '-64.0 512.0 -296.0' spd 0 yaw 286.6 mode 1 st 1 gl 3 hp 100 frg 5
ARGEVT Joe Rogan goal weapon_supernailgun
ARGEVT Carmack hazard
ARGLOG Joe Rogan t 152.7 pos '385.3 -181.3 -296.0' spd 322.7 yaw 344.4 mode 0 st 1 gl 11 hp 56 frg 11
ARGLOG Carmack t 152.7 pos '723.6 -731.1 -216.0' spd 250.7 yaw 112 mode 2 st 0 gl 6 hp 100 frg 13
ARGEVT Joe Rogan route 13 start '401.0 -183.0 -296.0' goal '177.0 -55.0 -104.0'
ARGEVT Romero hazard
ARGLOG Romero t 153.0 pos ' 13.9 474.2 -296.0' spd 315.8 yaw  90.2 mode 1 st 1 gl 3 hp 100 frg 5
ARGLOG Joe Rogan t 153.2 pos '398.0 -161.7 -296.0' spd 321.8 yaw 20 mode 2 st 1 gl 11 hp 56 frg 11
ARGLOG Carmack t 153.2 pos '720.3 -851.6 -232.0' spd 320.1 yaw 114 mode 2 st 0 gl 6 hp 100 frg 13
ARGEVT Romero goal backpack
ARGEVT Romero route 7 start '-15.0 553.0 -296.0' goal '401.0 -279.0 -296.0'
ARGEVT Carmack route 5 start '721.0 -887.0 -232.0' goal '529.0 -311.0 -104.0'
ARGEVT Joe Rogan engage Carmack
ARGEVT Carmack engage Joe Rogan
ARGEVT Carmack grab weapon_nailgun
ARGLOG Romero t 153.5 pos '-64.9 622.3 -296.0' spd 393.7 yaw 273 mode 2 st 1 gl 4 hp 200 frg 5
ARGUS routecache adopt
ARGEVT Carmack route 3 start '337.0   9.0 -296.0' goal '529.0 -311.0 -104.0'
ARGLOG Joe Rogan t 153.7 pos '306.2 -283.7 -296.0' spd 354.3 yaw  65.0 mode 2 st 1 gl 11 hp 56 frg 11
ARGLOG Carmack t 153.7 pos '368.0 -21.1 -292.7' spd 300 yaw 238.1 mode 2 st 0 gl 6 hp 100 frg 13
ARGLOG Romero t 154.0 pos '-111.1 482.3 -296.0' spd 326.3 yaw 283 mode 2 st 1 gl 4 hp 200 frg 5
ARGEVT Joe Rogan route 14 start '241.0 -279.0 -296.0' goal '177.0 -55.0 -104.0'
ARGEVT Romero hazard
ARGLOG Joe Rogan t 154.2 pos '158.4 -226.3 -296.0' spd 101.4 yaw  55.7 mode 2 st 1 gl 11 hp 56 frg 11
ARGLOG Carmack t 154.2 pos '354.6 -56.2 -282.5' spd 338.1 yaw 229.6 mode 2 st 0 gl 6 hp 82 frg 13
ARGEVT Joe Rogan death Carmack pos '170.6 -236.9 -296.0'
ARGUS Carmack watch spawn
ARGEVT Carmack goal backpack
ARGEVT Carmack route 2 start '305.0 -87.0 -296.0' goal '145.0 -183.0 -296.0'
ARGLOG Romero t 154.6 pos '-105.6 311.6 -296.0' spd 329.3 yaw 284 mode 2 st 1 gl 4 hp 200 frg 5
ARGLOG Carmack t 154.7 pos '235.2 -160.1 -263.9' spd 307.0 yaw 248.7 mode 1 st 0 gl 6 hp 82 frg 14
ARGEVT Carmack goal weapon_lightning
ARGEVT Carmack hazard
ARGEVT Carmack route 3 start '241.0 -279.0 -296.0' goal '529.0 -311.0 -104.0'
ARGLOG Romero t 155.1 pos '-82.7 146.4 -296.0' spd 328.8 yaw 306 mode 2 st 1 gl 4 hp 200 frg 5
ARGLOG Carmack t 155.2 pos '243.8 -265.4 -296.0' spd 340.8 yaw 356 mode 2 st 0 gl 7 hp 82 frg 14
ARGLOG Romero t 155.6 pos '-16.6  -0.1 -296.0' spd 323.8 yaw 295 mode 2 st 1 gl 4 hp 200 frg 5
ARGEVT Carmack rjump
ARGLOG Carmack t 155.7 pos '424.5 -293.9 -226.1' spd 429.9 yaw 260.4 mode 2 st 0 gl 7 hp 72 frg 14
ARGEVT Joe Rogan respawn
ARGEVT Joe Rogan goal weapon_supernailgun
ARGLOG Joe Rogan t 155.8 pos '112.0 -1136.0 -104.0' spd 0 yaw  61.6 mode 0 st 1 gl 11 hp 100 frg 11
ARGEVT Joe Rogan route 10 start '145.0 -1143.0 -88.0' goal '177.0 -55.0 -104.0'
ARGLOG Romero t 156.1 pos '-62.9 -162.4 -296.0' spd 350.4 yaw 300.6 mode 2 st 1 gl 4 hp 200 frg 5
ARGEVT Romero engage Carmack
ARGLOG Carmack t 156.3 pos '411.5 -349.8 -63.4' spd  92.5 yaw 21 mode 1 st 0 gl 7 hp 72 frg 14
ARGEVT Carmack engage Joe Rogan
ARGEVT Carmack grab weapon_lightning
ARGEVT Joe Rogan engage Carmack
ARGEVT Joe Rogan grab weapon_supershotgun
ARGLOG Joe Rogan t 156.4 pos '208.0 -1010.8 -104.0' spd 338.0 yaw  68.4 mode 2 st 1 gl 11 hp 100 frg 11
ARGLOG Romero t 156.6 pos '-30.4 -210.5 -296.0' spd 320.6 yaw 340.8 mode 2 st 1 gl 4 hp 200 frg 5
ARGEVT Romero hazard
ARGLOG Carmack t 156.8 pos '482.3 -394.7 -95.9' spd 268.2 yaw 266.9 mode 1 st 0 gl 7 hp 68 frg 14
ARGLOG Joe Rogan t 156.9 pos '362.4 -941.5 -104.0' spd 337.0 yaw  72.0 mode 2 st 1 gl 11 hp 100 frg 11
ARGEVT Carmack pursue
ARGEVT Joe Rogan pursue
ARGEVT Carmack hazard
ARGLOG Romero t 157.1 pos '-35.0 -141.9 -296.0' spd 217.4 yaw  25.0 mode 2 st 1 gl 4 hp 200 frg 5
ARGUS Carmack hunch 
ARGEVT Carmack goal weapon_lightning
ARGLOG Carmack t 157.3 pos '537.4 -410.0 -104.0' spd 242.9 yaw  99.9 mode 1 st 0 gl 7 hp 60 frg 14
ARGEVT Carmack pursue
ARGUS Joe Rogan hunch weapon_lightning
ARGLOG Joe Rogan t 157.4 pos '408.9 -781.1 -104.0' spd 320.9 yaw 247.1 mode 2 st 1 gl 11 hp 100 frg 11
ARGEVT Joe Rogan goal item_artifact_super_damage
ARGEVT Carmack goal item_health
ARGEVT Joe Rogan pursue
ARGLOG Romero t 157.6 pos '-16.0 -124.8 -296.0' spd 346.7 yaw 310 mode 2 st 1 gl 4 hp 200 frg 5
ARGEVT Joe Rogan routefail
ARGEVT Joe Rogan goal weapon_supernailgun
ARGEVT Joe Rogan route 8 start '305.0 -791.0 -104.0' goal '177.0 -55.0 -104.0'
ARGEVT Romero pursue
ARGEVT Carmack weapon rl
ARGLOG Carmack t 157.8 pos '447.5 -277.7 -104.0' spd 255.4 yaw 237.3 mode 0 st 0 gl 8 hp 60 frg 14
ARGEVT Joe Rogan grab 
ARGLOG Joe Rogan t 157.9 pos '291.3 -839.0 -104.0' spd 187.6 yaw  77.2 mode 2 st 1 gl 11 hp 100 frg 11
ARGEVT Carmack route 4 start '433.0 -311.0 -104.0' goal '401.0 -887.0 -104.0'
ARGLOG Romero t 158.2 pos ' -3.2 -238.6 -296.0' spd 250.1 yaw 354.0 mode 2 st 1 gl 4 hp 200 frg 5
ARGLOG Carmack t 158.3 pos '415.5 -282.1 -192.1' spd  45.5 yaw 241.9 mode 2 st 0 gl 8 hp 56 frg 14
ARGLOG Joe Rogan t 158.4 pos '286.1 -894.5 -104.0' spd 323.9 yaw  76.7 mode 2 st 1 gl 11 hp 100 frg 11
ARGEVT Romero route 3 start ' 17.0 -247.0 -296.0' goal '401.0 -279.0 -296.0'
ARGEVT Joe Rogan pursue
ARGEVT Carmack jump
ARGLOG Romero t 158.7 pos ' 48.4 -222.3 -296.0' spd 128.2 yaw 352.7 mode 2 st 1 gl 4 hp 199 frg 5
ARGLOG Carmack t 158.8 pos '406.4 -271.5 -258.3' spd  69.5 yaw 266 mode 2 st 0 gl 8 hp 47 frg 14
ARGEVT Romero hazard
ARGLOG Joe Rogan t 158.9 pos '226.3 -761.9 -104.0' spd 346.7 yaw 51 mode 2 st 1 gl 11 hp 100 frg 11
ARGEVT Joe Rogan hazard
ARGLOG Romero t 159.2 pos ' 86.5 -255.2 -296.0' spd 307.9 yaw 353.8 mode 2 st 1 gl 4 hp 199 frg 5
ARGEVT Carmack hazard
ARGLOG Carmack t 159.3 pos '413.9 -284.4 -296.0' spd 211.5 yaw 258 mode 2 st 0 gl 8 hp 23 frg 14
ARGEVT Carmack death Romero pos '406.0 -279.1 -296.0'
ARGUS Romero watch spawn
ARGLOG Joe Rogan t 159.4 pos '181.0 -752.0 -104.0' spd 221.3 yaw 49 mode 2 st 1 gl 11 hp 100 frg 11
ARGEVT Romero goal item_armorInv
ARGEVT Romero route 18 start ' 17.0 -247.0 -296.0' goal '817.0 -855.0 -232.0'
ARGLOG Romero t 159.7 pos ' 66.2 -217.5 -296.0' spd 218.0 yaw 352 mode 2 st 1 gl 4 hp 198 frg 6
ARGLOG Joe Rogan t 160.0 pos '332.5 -689.3 -104.0' spd 405.2 yaw 119 mode 2 st 1 gl 11 hp 100 frg 11
ARGLOG Romero t 160.2 pos '231.2 -235.4 -296.0' spd 320.1 yaw 349 mode 2 st 1 gl 4 hp 197 frg 6
ARGEVT Romero hazard
ARGLOG Joe Rogan t 160.5 pos '300.9 -517.4 -104.0' spd 358.9 yaw 129 mode 2 st 1 gl 11 hp 100 frg 11
ARGEVT Romero engage Joe Rogan
ARGLOG Romero t 160.7 pos '400.7 -231.6 -296.0' spd 346.4 yaw 284.6 mode 2 st 1 gl 4 hp 197 frg 6
ARGEVT Joe Rogan engage Romero
ARGEVT Joe Rogan grab weapon_grenadelauncher
ARGEVT Carmack respawn
ARGLOG Joe Rogan t 161.0 pos '199.9 -389.3 -104.0' spd 368.6 yaw  35.0 mode 2 st 1 gl 11 hp 100 frg 11
ARGEVT Carmack goal backpack
ARGLOG Carmack t 161.0 pos '112.0 -1136.0 -104.0' spd 0 yaw  61.6 mode 0 st 0 gl 8 hp 100 frg 14
ARGEVT Carmack route 8 start '145.0 -1143.0 -88.0' goal '401.0 -279.0 -296.0'
ARGEVT Joe Rogan hazard
ARGLOG Romero t 161.2 pos '381.7 -221.2 -296.0' spd 180.3 yaw 192.3 mode 2 st 1 gl 4 hp 196 frg 6
ARGLOG Joe Rogan t 161.5 pos '142.8 -416.5 -104.0' spd 325.0 yaw  70.0 mode 2 st 1 gl 11 hp 100 frg 11
ARGLOG Carmack t 161.5 pos '146.0 -983.0 -104.0' spd 320.9 yaw 91 mode 2 st 0 gl 8 hp 100 frg 14
ARGEVT Romero hazard
ARGLOG Romero t 161.8 pos '320.0 -237.0 -296.0' spd 122.9 yaw 193.0 mode 2 st 1 gl 4 hp 196 frg 6
ARGLOG Joe Rogan t 162.0 pos '131.2 -386.4 -104.0' spd 269.1 yaw  55.0 mode 2 st 1 gl 11 hp 100 frg 11
ARGLOG Carmack t 162.0 pos '151.0 -817.2 -104.0' spd 327.9 yaw 71 mode 2 st 0 gl 8 hp 100 frg 14
ARGEVT Carmack hazard
ARGEVT Joe Rogan hazard
ARGLOG Romero t 162.3 pos '345.4 -243.3 -296.0' spd 527.4 yaw 198.5 mode 2 st 1 gl 4 hp 89 frg 6
ARGLOG Joe Rogan t 162.5 pos '112.1 -368.0 -104.0' spd  45.6 yaw  47.3 mode 2 st 1 gl 11 hp 100 frg 11
ARGLOG Carmack t 162.5 pos '275.6 -761.1 -104.0' spd 357.0 yaw 298.5 mode 2 st 0 gl 8 hp 100 frg 14
ARGLOG Romero t 162.8 pos '350.1 -187.9 -296.0' spd 324.6 yaw 253.4 mode 2 st 1 gl 4 hp 89 frg 6
ARGEVT Romero hazard
ARGLOG Joe Rogan t 163.1 pos '151.1 -387.3 -104.0' spd 325.1 yaw  47.3 mode 2 st 1 gl 11 hp 100 frg 11
ARGLOG Carmack t 163.1 pos '253.7 -915.1 -104.0' spd 433.4 yaw 134 mode 2 st 0 gl 8 hp 100 frg 14
ARGEVT Joe Rogan hazard
ARGLOG Romero t 163.3 pos '381.6 -67.8 -296.0' spd 391.7 yaw 260.0 mode 2 st 1 gl 4 hp 89 frg 6
ARGLOG Joe Rogan t 163.6 pos '220.8 -430.7 -104.0' spd 320.0 yaw  76.3 mode 2 st 1 gl 11 hp 100 frg 11
ARGLOG Carmack t 163.6 pos '135.5 -778.3 -104.0' spd 330.0 yaw 34 mode 2 st 0 gl 8 hp 100 frg 14
ARGEVT Carmack hazard
ARGLOG Romero t 163.8 pos '358.0  34.6 -288.0' spd 257.7 yaw 286.1 mode 0 st 1 gl 4 hp 89 frg 6
ARGEVT Joe Rogan death Romero pos '368.3 -430.3 -104.0'
ARGLOG Carmack t 164.1 pos '296.0 -769.4 -104.0' spd 320.1 yaw 356.0 mode 2 st 0 gl 8 hp 100 frg 14
ARGEVT Romero goal item_armorInv
ARGLOG Romero t 164.3 pos '354.6   2.5 -296.0' spd 225.4 yaw  20.9 mode 0 st 1 gl 4 hp 89 frg 7
ARGEVT Romero route 17 start '337.0   9.0 -296.0' goal '817.0 -855.0 -232.0'
ARGEVT Romero hazard
ARGLOG Carmack t 164.6 pos '437.9 -752.0 -104.0' spd 247.4 yaw 90 mode 2 st 0 gl 8 hp 100 frg 14
ARGEVT Carmack hazard
ARGLOG Romero t 164.9 pos '390.9  25.4 -288.0' spd 320.6 yaw 254 mode 2 st 1 gl 4 hp 89 frg 7
ARGLOG Carmack t 165.1 pos '319.5 -688.5 -104.0' spd 332.9 yaw 104 mode 2 st 0 gl 8 hp 100 frg 14
ARGLOG Romero t 165.4 pos '350.4 -133.4 -296.0' spd 327.3 yaw 252.7 mode 2 st 1 gl 4 hp 89 frg 7
ARGEVT Joe Rogan respawn
ARGEVT Joe Rogan goal backpack
ARGLOG Joe Rogan t 165.6 pos '272.0 -952.0  24.0' spd 0 yaw  16.3 mode 0 st 1 gl 11 hp 100 frg 11
ARGEVT Romero hazard
ARGLOG Carmack t 165.6 pos '302.5 -524.5 -104.0' spd 337.6 yaw 118 mode 2 st 0 gl 8 hp 100 frg 14
ARGEVT Joe Rogan route 5 start '305.0 -983.0  24.0' goal '401.0 -471.0 -104.0'
ARGLOG Romero t 165.9 pos '279.6 -273.6 -296.0' spd 323.9 yaw 30 mode 2 st 1 gl 4 hp 89 frg 7
ARGEVT Carmack hazard
ARGEVT Romero engage Carmack
ARGEVT Carmack engage Romero
ARGEVT Carmack grab 
ARGLOG Joe Rogan t 166.1 pos '352.3 -817.5  24.0' spd 344.9 yaw  96.7 mode 2 st 1 gl 11 hp 100 frg 11
ARGLOG Carmack t 166.1 pos '358.9 -403.9 -104.0' spd 335.5 yaw 129.4 mode 2 st 0 gl 8 hp 100 frg 14
ARGEVT Joe Rogan goal weapon_supernailgun
ARGEVT Joe Rogan route 8 start '401.0 -759.0  24.0' goal '177.0 -55.0 -104.0'
ARGLOG Romero t 166.4 pos '222.9 -262.8 -296.0' spd 323.1 yaw 357.7 mode 0 st 1 gl 4 hp 89 frg 7
ARGLOG Joe Rogan t 166.6 pos '362.7 -651.3  24.0' spd 338.2 yaw 112 mode 2 st 1 gl 11 hp 100 frg 11
ARGLOG Carmack t 166.6 pos '420.4 -402.4 -104.0' spd 323.9 yaw 167.7 mode 2 st 0 gl 8 hp 100 frg 14
ARGEVT Romero route 17 start '241.0 -279.0 -296.0' goal '817.0 -855.0 -232.0'
ARGLOG Romero t 166.9 pos '158.9 -247.0 -296.0' spd 217.9 yaw 290.8 mode 2 st 1 gl 4 hp 89 frg 7
ARGLOG Joe Rogan t 167.1 pos '298.7 -521.8  24.0' spd 167.8 yaw 60 mode 2 st 1 gl 11 hp 100 frg 11
ARGEVT Romero pursue
ARGEVT Carmack pursue
ARGUS Romero hunch 
ARGLOG Carmack t 167.2 pos '314.7 -491.2 -104.0' spd 316.4 yaw 124 mode 2 st 0 gl 8 hp 100 frg 14
ARGEVT Romero pursue
ARGEVT Romero hazard
ARGEVT Romero goal item_armorInv
ARGLOG Romero t 167.4 pos '184.2 -263.9 -296.0' spd 248.9 yaw 9 mode 0 st 1 gl 4 hp 89 frg 7
ARGUS Carmack hunch item_artifact_super_damage
ARGEVT Romero route 17 start '113.0 -279.0 -296.0' goal '817.0 -855.0 -232.0'
ARGEVT Joe Rogan engage Romero
ARGEVT Carmack goal weapon_rocketlauncher
ARGLOG Joe Rogan t 167.6 pos '428.5 -469.9  24.0' spd 166.5 yaw 131.1 mode 2 st 1 gl 11 hp 100 frg 11
ARGEVT Carmack hazard
ARGEVT Carmack route 7 start '209.0 -375.0 -104.0' goal ' 49.0 105.0 -296.0'
ARGLOG Carmack t 167.7 pos '200.9 -396.6 -104.0' spd 133.3 yaw  48.9 mode 2 st 0 gl 8 hp 100 frg 14
ARGLOG Romero t 167.9 pos '344.1 -210.1 -296.0' spd 375.5 yaw 274.1 mode 2 st 1 gl 4 hp 85 frg 7
ARGLOG Joe Rogan t 168.1 pos '276.7 -475.9  24.0' spd 338.4 yaw  60.3 mode 2 st 1 gl 11 hp 100 frg 11
ARGLOG Carmack t 168.2 pos '341.7 -435.2 -104.0' spd 320.4 yaw  46.2 mode 2 st 0 gl 8 hp 100 frg 14
ARGLOG Romero t 168.4 pos '446.2 -224.8 -296.0' spd 166.4 yaw 276.5 mode 2 st 1 gl 4 hp 65 frg 7
ARGEVT Romero hazard
ARGEVT Romero pursue
ARGEVT Carmack pursue
ARGLOG Joe Rogan t 168.7 pos '147.5 -368.5  -8.0' spd 329.5 yaw  24.8 mode 2 st 1 gl 11 hp 100 frg 11
ARGLOG Carmack t 168.7 pos '363.2 -404.3 -104.0' spd 331.1 yaw  40.1 mode 2 st 0 gl 8 hp 100 frg 14
ARGEVT Carmack hazard
ARGLOG Romero t 169.0 pos '567.8 -226.3 -296.0' spd 380.3 yaw 249.6 mode 2 st 1 gl 4 hp 49 frg 7
ARGEVT Joe Rogan hazard
ARGLOG Joe Rogan t 169.2 pos '125.1 -220.3 -72.0' spd 295.7 yaw 356.7 mode 2 st 1 gl 11 hp 100 frg 11
ARGEVT Romero pursue
ARGEVT Carmack pursue
ARGLOG Carmack t 169.2 pos '428.8 -417.3 -104.0' spd 297.1 yaw  61.4 mode 2 st 0 gl 8 hp 100 frg 14
ARGEVT Romero pursue
ARGLOG Romero t 169.5 pos '537.9 -256.9 -296.0' spd 349.0 yaw 219 mode 2 st 1 gl 4 hp 41 frg 7
ARGLOG Joe Rogan t 169.7 pos '185.8 -264.2 -72.0' spd 320.4 yaw   0.6 mode 2 st 1 gl 11 hp 100 frg 11
ARGEVT Romero pursue
ARGUS Romero prefire
ARGLOG Carmack t 169.7 pos '482.4 -267.1 -104.0' spd 329.2 yaw 106.6 mode 2 st 0 gl 8 hp 100 frg 14
ARGEVT Romero pursue
ARGEVT Romero grab 
ARGEVT Romero retreat
ARGEVT Carmack grab item_armor1
ARGLOG Romero t 170.0 pos '370.7 -239.3 -296.0' spd 305.3 yaw 107.6 mode 2 st 1 gl 4 hp 17 frg 7
ARGLOG Joe Rogan t 170.2 pos '208.9 -254.3 -74.0' spd 204.1 yaw 349.6 mode 2 st 1 gl 11 hp 100 frg 11
ARGEVT Romero hazard
ARGLOG Carmack t 170.3 pos '492.2 -106.2 -104.0' spd 247.5 yaw 194.6 mode 2 st 0 gl 8 hp 100 frg 14
ARGEVT Romero death Carmack pos '272.9 -257.6 -296.0'
ARGUS Carmack watch spawn
ARGEVT Joe Rogan engage Carmack
ARGEVT Carmack engage Joe Rogan
ARGEVT Carmack goal backpack
ARGEVT Carmack grab 
ARGEVT Carmack route 2 start '529.0 -183.0 -104.0' goal '241.0 -279.0 -296.0'
ARGEVT Joe Rogan grab 
ARGLOG Joe Rogan t 170.7 pos '229.8 -249.3 -210.3' spd  63.5 yaw  27.5 mode 2 st 1 gl 11 hp 100 frg 11
ARGLOG Carmack t 170.8 pos '543.9 -48.8 -104.0' spd 391.4 yaw 213.4 mode 2 st 0 gl 8 hp 86 frg 15
ARGEVT Carmack grab item_health
ARGEVT Carmack goal weapon_rocketlauncher
ARGEVT Carmack pursue
ARGEVT Joe Rogan pursue
ARGLOG Joe Rogan t 171.2 pos '256.5 -224.4 -296.0' spd 229.2 yaw  87.4 mode 2 st 1 gl 11 hp 100 frg 11
ARGEVT Joe Rogan hazard
ARGEVT Carmack route 16 start '529.0 -55.0 -104.0' goal '721.0 -887.0 -232.0'
ARGLOG Carmack t 171.3 pos '557.3  -5.8 -104.0' spd 189.8 yaw 217 mode 2 st 0 gl 8 hp 86 frg 15
ARGUS Joe Rogan hunch item_artifact_super_damage
ARGEVT Joe Rogan pursue
ARGEVT Joe Rogan goal weapon_supernailgun
ARGEVT Joe Rogan route 5 start '241.0 -279.0 -296.0' goal '177.0 -55.0 -104.0'
ARGLOG Joe Rogan t 171.7 pos '141.6 -241.7 -296.0' spd 372.6 yaw  19.5 mode 2 st 1 gl 11 hp 100 frg 11
ARGLOG Carmack t 171.8 pos '538.2 -25.1 -104.0' spd 309.8 yaw 188.9 mode 2 st 0 gl 8 hp 86 frg 15
ARGEVT Romero respawn
ARGEVT Romero goal weapon_rocketlauncher
ARGLOG Romero t 171.9 pos '-64.0 -232.0 -72.0' spd 0 yaw 13 mode 0 st 1 gl 4 hp 100 frg 7
ARGEVT Carmack hazard
ARGEVT Romero route 8 start '-47.0 -215.0 -72.0' goal ' 49.0 105.0 -296.0'
ARGEVT Joe Rogan pursue
ARGEVT Carmack pursue
ARGLOG Joe Rogan t 172.3 pos '174.9 -249.3 -296.0' spd 352.9 yaw 31 mode 2 st 1 gl 11 hp 100 frg 11
ARGEVT Romero engage Carmack
ARGLOG Carmack t 172.3 pos '550.6 -14.3 -104.0' spd 293.6 yaw 207 mode 2 st 0 gl 8 hp 86 frg 15
ARGLOG Romero t 172.4 pos ' 89.7 -224.2 -72.0' spd 361.0 yaw  21.3 mode 2 st 1 gl 4 hp 100 frg 7
ARGEVT Joe Rogan grab 
ARGEVT Joe Rogan hazard
ARGEVT Romero hazard
ARGLOG Joe Rogan t 172.8 pos '308.6 -215.0 -296.0' spd  99.6 yaw 356.6 mode 2 st 1 gl 11 hp 100 frg 11
ARGLOG Carmack t 172.8 pos '495.7 -157.6 -104.0' spd 314.9 yaw 196.4 mode 2 st 0 gl 8 hp 78 frg 15
ARGLOG Romero t 172.9 pos '173.2 -243.4 -72.0' spd 320.7 yaw   7.4 mode 2 st 1 gl 4 hp 100 frg 7
ARGEVT Joe Rogan pursue
ARGEVT Carmack pursue
ARGLOG Joe Rogan t 173.3 pos '375.4 -197.0 -296.0' spd 330.1 yaw 38 mode 2 st 1 gl 11 hp 100 frg 11
ARGLOG Carmack t 173.3 pos '497.1 -294.4 -104.0' spd  54.8 yaw 129.2 mode 2 st 0 gl 8 hp 64 frg 15
ARGLOG Romero t 173.4 pos '213.9 -273.0 -84.6' spd  41.2 yaw   0.0 mode 2 st 1 gl 4 hp 100 frg 7
ARGEVT Carmack hazard
ARGEVT Carmack pursue
ARGLOG Joe Rogan t 173.8 pos '353.1 -116.3 -296.0' spd 340.1 yaw 294.8 mode 2 st 1 gl 11 hp 100 frg 11
ARGEVT Joe Rogan weapon sg
ARGEVT Carmack weapon ssg
ARGLOG Carmack t 173.9 pos '359.3 -192.0 -132.1' spd 196.3 yaw 142.8 mode 2 st 0 gl 8 hp 32 frg 15
ARGEVT Joe Rogan hazard
ARGLOG Romero t 174.0 pos '202.7 -255.4 -264.2' spd  40.6 yaw  24.2 mode 2 st 1 gl 4 hp 100 frg 7
ARGEVT Carmack weapon gl
ARGLOG Joe Rogan t 174.3 pos '344.9 -65.8 -296.0' spd 477.1 yaw 268.8 mode 2 st 1 gl 11 hp 56 frg 11
ARGEVT Carmack route 18 start '433.0 -247.0 -104.0' goal '721.0 -887.0 -232.0'
ARGEVT Joe Rogan weapon rl
ARGEVT Carmack retreat
ARGLOG Carmack t 174.4 pos '350.9 -217.3 -219.7' spd 223.6 yaw  66.1 mode 2 st 0 gl 8 hp 16 frg 15
ARGLOG Romero t 174.5 pos '147.2 -249.0 -296.0' spd 133.4 yaw   6.1 mode 2 st 1 gl 4 hp 100 frg 7
ARGEVT Carmack jump
ARGEVT Carmack death Joe Rogan pos '396.5 -228.4 -266.9'
ARGUS Joe Rogan watch spawn
ARGEVT Joe Rogan engage Romero
ARGEVT Romero engage Joe Rogan
ARGEVT Joe Rogan goal backpack
ARGLOG Joe Rogan t 174.8 pos '389.7  11.1 -296.0' spd 209.9 yaw 257.1 mode 0 st 1 gl 11 hp 56 frg 12
ARGEVT Joe Rogan death Carmack pos '388.2  20.7 -288.0'
ARGLOG Romero t 175.0 pos '191.5 -247.3 -296.0' spd 272.2 yaw  85.7 mode 2 st 1 gl 4 hp 100 frg 7
ARGEVT Romero hazard
ARGLOG Romero t 175.5 pos '205.0 -234.2 -296.0' spd 330.8 yaw 331.3 mode 2 st 1 gl 4 hp 100 frg 7
ARGLOG Romero t 176.0 pos '370.7 -270.8 -296.0' spd 344.3 yaw  36.9 mode 2 st 1 gl 4 hp 100 frg 7
ARGEVT Romero hazard
ARGEVT Carmack respawn
ARGEVT Carmack goal weapon_rocketlauncher
ARGLOG Carmack t 176.3 pos '112.0 -1136.0 -104.0' spd 0 yaw  28.7 mode 0 st 0 gl 8 hp 100 frg 16
ARGEVT Joe Rogan respawn
ARGEVT Joe Rogan goal backpack
ARGLOG Joe Rogan t 176.4 pos '776.0 -808.0 -232.0' spd 0 yaw 106.3 mode 0 st 1 gl 11 hp 100 frg 12
ARGEVT Carmack route 18 start '145.0 -1143.0 -88.0' goal '721.0 -887.0 -232.0'
ARGLOG Romero t 176.5 pos '490.5 -212.7 -296.0' spd 111.4 yaw 240 mode 2 st 1 gl 4 hp 100 frg 7
ARGEVT Joe Rogan route 5 start '721.0 -759.0 -232.0' goal '401.0 -279.0 -296.0'
ARGEVT Joe Rogan hazard
ARGEVT Carmack hazard
ARGLOG Carmack t 176.8 pos '252.8 -1136.0 -104.0' spd 0 yaw 286 mode 2 st 0 gl 8 hp 100 frg 16
ARGLOG Joe Rogan t 176.9 pos '722.6 -736.5 -216.0' spd 292.6 yaw 112 mode 2 st 1 gl 11 hp 100 frg 12
ARGLOG Romero t 177.0 pos '354.8 -234.5 -296.0' spd 376.3 yaw 316 mode 2 st 1 gl 4 hp 100 frg 7
ARGEVT Carmack jump
ARGEVT Romero hazard
ARGEVT Carmack goal weapon_supernailgun
ARGLOG Carmack t 177.3 pos '144.2 -1147.9 -69.6' spd 290.4 yaw 312.3 mode 0 st 0 gl 8 hp 100 frg 16
ARGEVT Carmack route 10 start '145.0 -1143.0 -88.0' goal '177.0 -55.0 -104.0'
ARGLOG Joe Rogan t 177.4 pos '721.8 -903.6 -232.0' spd 328.9 yaw 304.0 mode 0 st 1 gl 11 hp 100 frg 12
ARGEVT Joe Rogan route 4 start '721.0 -887.0 -232.0' goal '401.0 -279.0 -296.0'
ARGEVT Joe Rogan engage Romero
ARGEVT Romero engage Joe Rogan
ARGLOG Romero t 177.6 pos '191.3 -198.3 -296.0' spd 348.1 yaw   9.8 mode 2 st 1 gl 4 hp 100 frg 7
ARGUS routecache adopt
ARGEVT Joe Rogan route 2 start '337.0   9.0 -296.0' goal '401.0 -279.0 -296.0'
ARGLOG Carmack t 177.8 pos '194.3 -1216.1 -72.0' spd 322.8 yaw 30 mode 2 st 0 gl 8 hp 100 frg 16
ARGLOG Joe Rogan t 178.0 pos '368.0 -36.1 -296.0' spd 300 yaw 262.3 mode 2 st 1 gl 11 hp 100 frg 12
ARGLOG Romero t 178.1 pos '272.9 -270.2 -296.0' spd 320.7 yaw  49.2 mode 2 st 1 gl 4 hp 100 frg 7
ARGEVT Romero death Joe Rogan pos '305.2 -276.7 -296.0'
ARGEVT Joe Rogan goal backpack
ARGEVT Joe Rogan route 1 start '305.0 -87.0 -296.0' goal '369.0 -279.0 -296.0'
ARGEVT Joe Rogan hazard
ARGLOG Carmack t 178.3 pos '341.3 -1140.6  -8.0' spd 320.1 yaw 31 mode 2 st 0 gl 8 hp 100 frg 16
ARGEVT Carmack hazard
ARGLOG Joe Rogan t 178.5 pos '362.7 -115.2 -296.0' spd 368.5 yaw 240 mode 1 st 1 gl 11 hp 100 frg 13
ARGEVT Joe Rogan jump
ARGEVT Joe Rogan goal item_health
ARGEVT Joe Rogan route 7 start '401.0 -183.0 -296.0' goal '-15.0 553.0 -296.0'
ARGLOG Carmack t 178.8 pos '400.3 -986.0  24.0' spd 374.3 yaw 16 mode 2 st 0 gl 8 hp 100 frg 16
ARGLOG Joe Rogan t 179.0 pos '338.7 -292.4 -258.1' spd 347.4 yaw 147 mode 2 st 1 gl 12 hp 100 frg 13
ARGLOG Carmack t 179.4 pos '624.0  65.4 -275.2' spd 300 yaw 287.8 mode 0 st 0 gl 8 hp 100 frg 16
ARGEVT Carmack route 11 start '625.0   9.0 -296.0' goal '177.0 -55.0 -104.0'
ARGLOG Joe Rogan t 179.5 pos '268.3 -368.0 -384.5' spd 154.1 yaw 137.4 mode 2 st 1 gl 12 hp 98 frg 13
ARGEVT Joe Rogan swim
ARGEVT Joe Rogan swim
ARGEVT Romero respawn
ARGEVT Romero goal weapon_rocketlauncher
ARGLOG Romero t 179.7 pos '-64.0 512.0 -296.0' spd 0 yaw 286.3 mode 0 st 1 gl 4 hp 100 frg 7
ARGEVT Romero route 4 start '-15.0 553.0 -296.0' goal ' 49.0 105.0 -296.0'
ARGEVT Joe Rogan swim
ARGLOG Carmack t 179.9 pos '624.0  18.9 -296.0' spd 300 yaw 262 mode 2 st 0 gl 8 hp 100 frg 16
ARGLOG Joe Rogan t 180.0 pos '214.8 -321.5 -384.1' spd 143.5 yaw 134 mode 2 st 1 gl 12 hp 86 frg 13
ARGEVT Romero hazard
ARGEVT Joe Rogan swim
ARGLOG Romero t 180.2 pos ' 42.0 410.2 -296.0' spd 285.7 yaw 239 mode 2 st 1 gl 4 hp 100 frg 7
ARGEVT Joe Rogan swim
ARGLOG Carmack t 180.4 pos '425.1 -864.0  36.6' spd 300 yaw 93 mode 2 st 0 gl 8 hp 100 frg 16
ARGLOG Joe Rogan t 180.5 pos '193.8 -304.0 -383.8' spd 111.6 yaw 130.0 mode 2 st 1 gl 12 hp 80 frg 13
ARGEVT Joe Rogan swim
ARGLOG Romero t 180.7 pos ' 98.4 410.4 -296.0' spd  85.4 yaw 301.9 mode 2 st 1 gl 4 hp 100 frg 7
ARGEVT Joe Rogan swim
ARGLOG Carmack t 180.9 pos '394.5 -864.0  24.0' spd 300 yaw 88 mode 2 st 0 gl 8 hp 100 frg 16
ARGLOG Joe Rogan t 181.1 pos '177.8 -304.0 -385.7' spd  66.0 yaw 19 mode 2 st 1 gl 12 hp 70 frg 13
ARGEVT Joe Rogan swim
ARGEVT Romero hazard
ARGEVT Joe Rogan stall
ARGEVT Joe Rogan stallnode ' 17.0 -247.0 -296.0'
ARGLOG Romero t 181.3 pos '-44.3 405.8 -296.0' spd 436.5 yaw 252 mode 2 st 1 gl 4 hp 100 frg 7
ARGEVT Joe Rogan swim
ARGLOG Carmack t 181.4 pos '317.0 -750.8  24.0' spd 328.7 yaw 71 mode 2 st 0 gl 8 hp 100 frg 16
ARGEVT Joe Rogan route 6 start '241.0 -279.0 -296.0' goal '-15.0 553.0 -296.0'
ARGLOG Joe Rogan t 181.6 pos '223.6 -304.0 -385.5' spd  61.7 yaw 164 mode 2 st 2 gl 12 hp 62 frg 13
ARGEVT Joe Rogan swim
ARGLOG Romero t 181.8 pos '-67.8 235.6 -296.0' spd 339.2 yaw 312 mode 2 st 1 gl 4 hp 100 frg 7
ARGEVT Joe Rogan swim
ARGLOG Carmack t 181.9 pos '332.9 -584.7  24.0' spd 328.5 yaw 74 mode 2 st 0 gl 8 hp 100 frg 16
ARGEVT Joe Rogan swim
ARGLOG Joe Rogan t 182.1 pos '254.8 -286.6 -385.1' spd  92.7 yaw 170 mode 2 st 2 gl 12 hp 54 frg 13
ARGEVT Joe Rogan swim
ARGLOG Romero t 182.3 pos '-25.0  80.1 -296.0' spd 368.0 yaw 352 mode 1 st 1 gl 4 hp 100 frg 7
ARGLOG Carmack t 182.4 pos '392.7 -414.0  21.9' spd 320.3 yaw 37 mode 2 st 0 gl 8 hp 100 frg 16
ARGEVT Joe Rogan swim
ARGLOG Joe Rogan t 182.6 pos '240.2 -271.5 -384.9' spd  63.7 yaw 173 mode 2 st 2 gl 12 hp 30 frg 13
ARGEVT Romero goal weapon_lightning
ARGEVT Romero route 6 start ' 49.0 105.0 -296.0' goal '529.0 -311.0 -104.0'
ARGEVT Romero hazard
ARGEVT Joe Rogan engage Carmack
ARGEVT Joe Rogan retreat
ARGEVT Joe Rogan swim
ARGEVT Carmack engage Joe Rogan
ARGEVT Joe Rogan death world pos '240.6 -291.9 -385.1'
ARGLOG Romero t 182.8 pos '105.8 113.3 -296.0' spd 321.7 yaw 236 mode 2 st 1 gl 5 hp 100 frg 7
ARGLOG Carmack t 183.0 pos '428.1 -253.8 -114.8' spd 321.7 yaw  55.3 mode 2 st 0 gl 8 hp 100 frg 16
ARGEVT Carmack hazard
ARGLOG Romero t 183.3 pos '-49.1  97.0 -296.0' spd 378.6 yaw 294 mode 2 st 1 gl 5 hp 100 frg 7
ARGLOG Carmack t 183.5 pos '406.2 -91.7 -296.0' spd 320.1 yaw 120.9 mode 2 st 0 gl 8 hp 95 frg 16
ARGEVT Romero hazard
ARGLOG Romero t 183.8 pos '-162.7  48.0 -296.0' spd 104.7 yaw 336.6 mode 2 st 1 gl 5 hp 100 frg 7
ARGLOG Carmack t 184.0 pos '327.1 -104.4 -296.0' spd 320.1 yaw 339 mode 2 st 0 gl 8 hp 95 frg 16
ARGEVT Joe Rogan respawn
ARGLOG Romero t 184.3 pos '-16.0  45.0 -296.0' spd  24.6 yaw 352 mode 2 st 1 gl 5 hp 100 frg 7
ARGEVT Joe Rogan goal backpack
ARGLOG Joe Rogan t 184.4 pos '272.0 -952.0  24.0' spd 0 yaw  16.3 mode 0 st 2 gl 12 hp 100 frg 12
ARGEVT Joe Rogan route 7 start '305.0 -983.0  24.0' goal '241.0 -279.0 -296.0'
ARGLOG Carmack t 184.5 pos '425.6 -239.8 -296.0' spd 344.9 yaw  14.6 mode 2 st 0 gl 8 hp 95 frg 16
ARGEVT Romero hazard
ARGEVT Carmack jump
ARGLOG Romero t 184.9 pos '-16.0  38.7 -296.0' spd  17.4 yaw 321.0 mode 2 st 1 gl 5 hp 100 frg 7
ARGLOG Joe Rogan t 184.9 pos '411.8 -882.1  24.0' spd 321.0 yaw 78 mode 2 st 2 gl 12 hp 100 frg 12
ARGLOG Carmack t 185.0 pos '595.1 -240.0 -257.1' spd 318.7 yaw 114.1 mode 2 st 0 gl 8 hp 95 frg 16
ARGEVT Carmack engage Joe Rogan
ARGEVT Joe Rogan engage Carmack
ARGEVT Joe Rogan grab item_armor1
ARGLOG Romero t 185.4 pos '-16.0  36.2 -296.0' spd  17.1 yaw 293 mode 2 st 1 gl 5 hp 100 frg 7
ARGLOG Joe Rogan t 185.4 pos '624.0  19.5 -296.0' spd 300 yaw 273.1 mode 2 st 2 gl 12 hp 100 frg 12
ARGLOG Carmack t 185.5 pos '617.9 -154.6 -296.0' spd 176.4 yaw  88.4 mode 2 st 0 gl 8 hp 71 frg 16
ARGLOG Romero t 185.9 pos '-18.7 -16.7 -296.0' spd 330.7 yaw 297 mode 2 st 1 gl 5 hp 100 frg 7
ARGLOG Joe Rogan t 185.9 pos '663.6  29.6 -296.0' spd 330.8 yaw 253.0 mode 2 st 2 gl 12 hp 73 frg 12
ARGEVT Carmack hazard
ARGLOG Carmack t 186.0 pos '604.9 -121.4 -296.0' spd  90.8 yaw  80.3 mode 2 st 0 gl 8 hp 47 frg 16
ARGEVT Carmack grab item_health
ARGEVT Joe Rogan grab item_health
