LOG started on: 09/16/2026 10:14:51 
Playing registered version.
UDP Initialized
WIPX_OpenSocket: Address family not supported by protocol family
WIPX_Init: Unable to open control socket, IPX disabled
Exe: 20:02:47 Jul 31 2024
256.0 megabyte heap

Language initialization
Couldn't load 'localization/loc_english.txt'
from 'C:/argus/engine'

========= Quake Initialized =========

execing autoexec.cfg
SpawnServer: dm4
Clearing memory
Programs occupy 884K.
trying to open external vis file
maps/dm4.vis not found, trying argus.vis
external vis not found
ARGUS slots 8
ARGUS worldspawn reached
ARGNAV 137 nodes, 678 links
0 entities inhibited
ARGUS init on dm4
ARGEVT Carmack spawned
ARGEVT Romero spawned
ARGEVT Joe Rogan spawned
Server spawned.
ARGLOG Joe Rogan t   1.2 pos '-64.0 -232.0 -72.0' spd 0 yaw 357.6 mode 0 st 0 gl 0 hp 100 frg 0
ARGLOG Romero t   1.2 pos '112.0 -1136.0 -104.0' spd 0 yaw  92.5 mode 0 st 0 gl 0 hp 100 frg 0
ARGLOG Carmack t   1.2 pos '-64.0 512.0 -296.0' spd 0 yaw 299.6 mode 0 st 0 gl 0 hp 100 frg 0
ARGEVT Carmack hazard
ARGLOG Joe Rogan t   1.7 pos ' 82.3 -237.1 -72.0' spd 320 yaw 357.6 mode 0 st 0 gl 0 hp 100 frg 0
ARGLOG Romero t   1.7 pos '106.9 -989.7 -104.0' spd 320 yaw  92.5 mode 0 st 0 gl 0 hp 100 frg 0
ARGLOG Carmack t   1.7 pos '  5.2 468.0 -296.0' spd 336.0 yaw  66.4 mode 0 st 0 gl 0 hp 100 frg 0
ARGLOG Joe Rogan t   2.2 pos '248.5 -243.2 -77.9' spd 320 yaw 357.6 mode 0 st 0 gl 0 hp 100 frg 0
ARGLOG Romero t   2.2 pos '101.3 -828.2 -104.0' spd 320 yaw  92.5 mode 0 st 0 gl 0 hp 100 frg 0
ARGLOG Carmack t   2.2 pos '-26.2 601.7 -296.0' spd 199.3 yaw 282.2 mode 0 st 0 gl 0 hp 200 frg 0
ARGEVT Romero hazard
ARGLOG Joe Rogan t   2.7 pos '389.4 -262.6 -233.3' spd 166.1 yaw 208.3 mode 0 st 0 gl 0 hp 100 frg 0
ARGLOG Romero t   2.7 pos '147.3 -792.0 -104.0' spd 320.1 yaw 330.8 mode 0 st 0 gl 0 hp 100 frg 0
ARGLOG Carmack t   2.7 pos ' -4.5 475.9 -296.0' spd 320.0 yaw 282.2 mode 0 st 0 gl 0 hp 200 frg 0
ARGEVT Joe Rogan hazard
ARGLOG Joe Rogan t   3.2 pos '339.3 -211.1 -296.0' spd 293.9 yaw 261.4 mode 0 st 0 gl 0 hp 100 frg 0
ARGLOG Romero t   3.2 pos '289.8 -868.0 -104.0' spd 320.0 yaw 330.8 mode 0 st 0 gl 0 hp 100 frg 0
ARGLOG Carmack t   3.2 pos ' -3.5 530.4 -296.0' spd 320.0 yaw  96.9 mode 0 st 0 gl 0 hp 200 frg 0
ARGLOG Joe Rogan t   3.7 pos '376.8 -234.7 -296.0' spd 326.0 yaw  49.2 mode 0 st 0 gl 0 hp 100 frg 0
ARGLOG Romero t   3.7 pos '430.3 -945.9 -104.0' spd 320.0 yaw  22.6 mode 0 st 0 gl 0 hp 100 frg 0
ARGLOG Carmack t   3.7 pos '-81.0 580.1 -296.0' spd 327.9 yaw 225.8 mode 0 st 0 gl 0 hp 200 frg 0
ARGEVT Joe Rogan hazard
ARGEVT Carmack hazard
ARGEVT Joe Rogan goal weapon_rocketlauncher
ARGEVT Romero goal item_armorInv
ARGEVT Carmack goal weapon_lightning
ARGEVT Joe Rogan route 6 start '369.0 -215.0 -296.0' goal ' 81.0  73.0 -296.0'
ARGLOG Joe Rogan t   4.2 pos '292.8 -219.5 -296.0' spd 320.0 yaw 168 mode 2 st 0 gl 0 hp 100 frg 0
ARGLOG Romero t   4.2 pos '341.5 -932.7 -104.0' spd 372.5 yaw 118.9 mode 0 st 0 gl 0 hp 100 frg 0
ARGLOG Carmack t   4.2 pos '-97.3 603.2 -296.0' spd 368.3 yaw  21.4 mode 0 st 0 gl 0 hp 200 frg 0
ARGEVT Romero route 9 start '273.0 -887.0 -104.0' goal '817.0 -855.0 -232.0'
ARGEVT Carmack route 16 start '-47.0 585.0 -296.0' goal '529.0 -311.0 -104.0'
ARGEVT Romero hazard
ARGLOG Joe Rogan t   4.7 pos '138.1 -240.2 -296.0' spd 323.6 yaw 154 mode 2 st 0 gl 0 hp 100 frg 0
ARGLOG Romero t   4.7 pos '283.7 -765.9 -104.0' spd 320.7 yaw 74 mode 2 st 0 gl 0 hp 100 frg 0
ARGLOG Carmack t   4.7 pos '  3.6 505.1 -296.0' spd 394.6 yaw 250 mode 2 st 0 gl 0 hp 200 frg 0
ARGEVT Carmack hazard
ARGLOG Joe Rogan t   5.2 pos '-29.7 -215.3 -296.0' spd 415.7 yaw 76 mode 2 st 0 gl 0 hp 100 frg 0
ARGLOG Romero t   5.2 pos '347.7 -646.0 -104.0' spd 320.6 yaw 44 mode 2 st 0 gl 0 hp 100 frg 0
ARGEVT Carmack engage Joe Rogan
ARGLOG Carmack t   5.2 pos ' 49.4 406.2 -296.0' spd 103.1 yaw 255.5 mode 2 st 0 gl 0 hp 200 frg 0
ARGEVT Joe Rogan engage Carmack
ARGLOG Joe Rogan t   5.7 pos '-38.2 -74.3 -296.0' spd 205.1 yaw  73.0 mode 2 st 0 gl 0 hp 96 frg 0
ARGLOG Romero t   5.7 pos '373.9 -484.1 -104.0' spd 333.9 yaw 23 mode 2 st 0 gl 0 hp 100 frg 0
ARGLOG Carmack t   5.7 pos ' 68.4 401.8 -296.0' spd 245.7 yaw 260.5 mode 2 st 0 gl 0 hp 200 frg 0
ARGEVT Carmack hazard
ARGLOG Joe Rogan t   6.3 pos '-58.5  -7.3 -296.0' spd  41.7 yaw  84.4 mode 2 st 0 gl 0 hp 76 frg 0
ARGLOG Romero t   6.3 pos '475.7 -346.3 -104.0' spd 380.2 yaw 331 mode 2 st 0 gl 0 hp 100 frg 0
ARGLOG Carmack t   6.3 pos ' 38.3 407.4 -296.0' spd 173.4 yaw 257.4 mode 2 st 0 gl 0 hp 188 frg 0
ARGEVT Joe Rogan grab weapon_rocketlauncher
ARGEVT Carmack goal weapon_rocketlauncher
ARGEVT Carmack route 21 start ' 81.0 425.0 -296.0' goal '753.0 -887.0 -232.0'
ARGEVT Joe Rogan hazard
ARGLOG Joe Rogan t   6.8 pos '-37.4   6.3 -296.0' spd  30.6 yaw  77.8 mode 2 st 0 gl 0 hp 76 frg 0
ARGLOG Romero t   6.8 pos '609.2 -234.1 -104.0' spd 452.4 yaw 139.3 mode 2 st 0 gl 0 hp 100 frg 0
ARGLOG Carmack t   6.8 pos ' 76.5 395.0 -296.0' spd 158.9 yaw 252.1 mode 2 st 0 gl 0 hp 188 frg 0
ARGLOG Joe Rogan t   7.3 pos '-44.0   5.2 -296.0' spd 148.3 yaw  79.7 mode 2 st 0 gl 0 hp 64 frg 0
ARGLOG Romero t   7.3 pos '489.1 -93.5 -104.0' spd 329.1 yaw 303 mode 2 st 0 gl 0 hp 100 frg 0
ARGLOG Carmack t   7.3 pos ' 13.5 412.4 -296.0' spd 324.8 yaw 260.2 mode 2 st 0 gl 0 hp 187 frg 0
ARGEVT Romero hazard
ARGEVT Carmack hazard
ARGEVT Romero route 6 start '465.0 -151.0 -104.0' goal '817.0 -855.0 -232.0'
ARGLOG Joe Rogan t   7.8 pos '-38.7 -10.0 -296.0' spd  87.6 yaw  80.8 mode 2 st 0 gl 0 hp 64 frg 0
ARGLOG Romero t   7.8 pos '453.4 -115.4 -104.0' spd 142.0 yaw 304 mode 2 st 0 gl 0 hp 100 frg 0
ARGLOG Carmack t   7.8 pos ' 65.2 402.4 -296.0' spd 107.6 yaw 258.0 mode 2 st 0 gl 0 hp 187 frg 0
ARGLOG Joe Rogan t   8.3 pos '-64.8  49.3 -296.0' spd 322.4 yaw  70.7 mode 1 st 0 gl 0 hp 64 frg 0
ARGLOG Romero t   8.3 pos '374.3 -246.6 -126.5' spd 356.5 yaw 154.2 mode 2 st 0 gl 0 hp 100 frg 0
ARGLOG Carmack t   8.3 pos ' 92.4 395.2 -296.0' spd 150.6 yaw 250.2 mode 2 st 0 gl 0 hp 186 frg 0
ARGEVT Joe Rogan hazard
ARGEVT Romero abandon
ARGEVT Romero goal weapon_rocketlauncher
ARGEVT Romero route 5 start '337.0 -247.0 -296.0' goal ' 81.0  73.0 -296.0'
ARGLOG Joe Rogan t   8.8 pos '-66.6 114.1 -296.0' spd 354.2 yaw  76.5 mode 1 st 0 gl 0 hp 40 frg 0
ARGLOG Romero t   8.8 pos '218.3 -336.5 -321.9' spd 366.1 yaw 156 mode 2 st 0 gl 0 hp 100 frg 0
ARGLOG Carmack t   8.8 pos '-55.3 452.2 -296.0' spd 337.0 yaw 267.5 mode 2 st 0 gl 0 hp 174 frg 0
ARGEVT Romero swim
ARGEVT Romero weapon sg
ARGEVT Romero swim
ARGEVT Romero swim
ARGEVT Carmack hazard
ARGEVT Romero weapon lg
ARGEVT Romero swim
ARGLOG Joe Rogan t   9.3 pos '-42.9  86.6 -296.0' spd 323.3 yaw 107.0 mode 1 st 0 gl 0 hp 40 frg 0
ARGLOG Romero t   9.3 pos '192.3 -365.8 -383.2' spd  56.4 yaw  92.0 mode 2 st 0 gl 0 hp 72 frg 0
ARGLOG Carmack t   9.3 pos '-134.3 427.7 -296.0' spd 108.8 yaw 290.7 mode 2 st 0 gl 0 hp 173 frg 0
ARGEVT Romero swim
ARGEVT Romero swim
ARGEVT Romero swim
ARGEVT Romero swim
ARGLOG Joe Rogan t   9.8 pos '-207.1  73.4 -296.0' spd 326.5 yaw  87.8 mode 1 st 0 gl 0 hp 40 frg 0
ARGLOG Romero t   9.8 pos '207.3 -332.4 -384.0' spd  82.1 yaw 125 mode 2 st 0 gl 0 hp 58 frg 0
ARGEVT Romero swim
ARGLOG Carmack t   9.8 pos '-162.8 416.3 -296.0' spd 255.7 yaw 270.3 mode 2 st 0 gl 0 hp 149 frg 0
ARGEVT Romero swim
ARGEVT Romero swim
ARGEVT Romero swim
ARGEVT Romero swim
ARGEVT Joe Rogan retreat
ARGEVT Romero weapon sg
ARGLOG Joe Rogan t  10.3 pos '-109.8 100.8 -296.0' spd 348.0 yaw  95.0 mode 1 st 0 gl 0 hp 32 frg 0
ARGLOG Romero t  10.3 pos '202.1 -304.0 -383.0' spd  44.9 yaw 137 mode 2 st 0 gl 0 hp 44 frg 0
ARGLOG Carmack t  10.3 pos '-153.7 419.3 -296.0' spd 320.0 yaw 282.3 mode 2 st 0 gl 0 hp 128 frg 0
ARGEVT Romero swim
ARGEVT Romero swim
ARGEVT Romero swim
ARGEVT Romero weapon lg
ARGEVT Romero swim
ARGUS Joe Rogan leadclip
ARGEVT Joe Rogan hazard
ARGLOG Joe Rogan t  10.8 pos ' 46.4  66.4 -296.0' spd 410.9 yaw  88.1 mode 1 st 0 gl 0 hp 8 frg 0
ARGLOG Romero t  10.8 pos '173.7 -304.0 -383.6' spd  64.4 yaw 112.8 mode 2 st 0 gl 0 hp 16 frg 0
ARGLOG Carmack t  10.8 pos '  7.2 416.5 -296.0' spd 320.0 yaw 277.7 mode 2 st 0 gl 0 hp 128 frg 0
ARGEVT Romero swim
ARGEVT Joe Rogan goal item_health
ARGEVT Romero goal item_health
ARGEVT Joe Rogan route 9 start ' 81.0  73.0 -296.0' goal '529.0  73.0 -296.0'
ARGEVT Romero swim
ARGEVT Romero swim
ARGEVT Carmack hazard
ARGEVT Romero route 15 start '145.0 -247.0 -296.0' goal '-207.0 -471.0 -72.0'
ARGEVT Romero swim
ARGEVT Joe Rogan death Carmack pos ' 79.6  77.9 -296.0'
ARGUS Carmack watch spawn
ARGEVT Romero swim
ARGEVT Romero weapon sg
ARGEVT Carmack goal backpack
ARGEVT Carmack route 5 start '-15.0 457.0 -296.0' goal ' 81.0  73.0 -296.0'
ARGLOG Romero t  11.3 pos '128.9 -304.0 -383.1' spd 102.6 yaw 15 mode 2 st 0 gl 0 hp 2 frg 0
ARGLOG Carmack t  11.3 pos '  5.8 432.0 -283.3' spd 795.0 yaw 244 mode 2 st 0 gl 0 hp 36 frg 1
ARGEVT Romero death world pos '127.3 -304.0 -382.8'
ARGLOG Carmack t  11.8 pos '-78.7 454.8 -296.0' spd 337.4 yaw 260 mode 2 st 0 gl 0 hp 36 frg 1
ARGEVT Carmack hazard
ARGLOG Carmack t  12.3 pos '-77.1 301.6 -296.0' spd 394.0 yaw 264.6 mode 2 st 0 gl 0 hp 36 frg 1
ARGEVT Joe Rogan respawn
ARGEVT Carmack engage Joe Rogan
ARGEVT Joe Rogan goal weapon_rocketlauncher
ARGEVT Joe Rogan engage Carmack
ARGLOG Joe Rogan t  12.8 pos '-64.0 512.0 -296.0' spd 0 yaw 270.4 mode 0 st 0 gl 1 hp 100 frg 0
ARGEVT Joe Rogan route 20 start '-79.0 553.0 -296.0' goal '753.0 -887.0 -232.0'
ARGEVT Romero respawn
ARGLOG Carmack t  12.8 pos '-52.3 149.5 -296.0' spd 251.1 yaw  14.0 mode 2 st 0 gl 0 hp 36 frg 1
ARGEVT Romero goal item_armor2
ARGLOG Romero t  12.8 pos '112.0 -1136.0 -104.0' spd 0 yaw  40.5 mode 0 st 0 gl 0 hp 100 frg -1
ARGEVT Romero route 19 start '113.0 -1079.0 -104.0' goal '1169.0 -599.0  24.0'
ARGEVT Carmack grab 
ARGLOG Joe Rogan t  13.3 pos '-43.3 489.6 -296.0' spd 320.7 yaw 260.6 mode 2 st 0 gl 1 hp 100 frg 0
ARGLOG Carmack t  13.3 pos '-13.7  96.9 -296.0' spd 326.2 yaw  84.5 mode 1 st 0 gl 0 hp 36 frg 1
ARGLOG Romero t  13.4 pos '173.3 -996.0 -104.0' spd 320.6 yaw 63 mode 2 st 0 gl 0 hp 100 frg -1
ARGEVT Joe Rogan hazard
ARGEVT Carmack retreat
ARGEVT Carmack goal item_health
ARGUS Carmack leadclip
ARGEVT Carmack route 8 start ' 49.0 105.0 -296.0' goal '529.0  73.0 -296.0'
ARGLOG Joe Rogan t  13.8 pos '-88.7 462.7 -296.0' spd 320.8 yaw 297.7 mode 2 st 0 gl 1 hp 100 frg 0
ARGLOG Carmack t  13.8 pos ' 32.1  84.3 -296.0' spd 324.9 yaw 101.8 mode 2 st 0 gl 1 hp 32 frg 1
ARGLOG Romero t  13.9 pos '208.5 -836.1 -104.0' spd 329.4 yaw 79 mode 2 st 0 gl 0 hp 100 frg -1
ARGEVT Romero hazard
ARGEVT Joe Rogan retreat
ARGLOG Joe Rogan t  14.3 pos '-30.7 442.3 -296.0' spd 455.7 yaw 262.8 mode 2 st 0 gl 1 hp 23 frg 0
ARGLOG Carmack t  14.3 pos '-129.2  57.4 -296.0' spd 345.0 yaw  88.0 mode 2 st 0 gl 1 hp 32 frg 1
ARGLOG Romero t  14.4 pos '331.5 -737.1 -104.0' spd 381.3 yaw 104 mode 2 st 0 gl 0 hp 100 frg -1
ARGEVT Carmack hazard
ARGLOG Joe Rogan t  14.8 pos '-44.5 436.7 -296.0' spd 117.1 yaw 243.7 mode 2 st 0 gl 1 hp 23 frg 0
ARGLOG Carmack t  14.9 pos '-197.5  79.4 -296.0' spd 322.7 yaw  64.8 mode 2 st 0 gl 1 hp 16 frg 1
ARGLOG Romero t  14.9 pos '341.9 -557.2 -104.0' spd 346.3 yaw 141 mode 2 st 0 gl 0 hp 100 frg -1
ARGEVT Romero jump
ARGLOG Joe Rogan t  15.3 pos '-102.1 503.1 -296.0' spd 333.5 yaw 273.1 mode 2 st 0 gl 1 hp 23 frg 0
ARGLOG Carmack t  15.4 pos '-110.1  62.0 -296.0' spd 300.7 yaw  82.5 mode 2 st 0 gl 1 hp 12 frg 1
ARGLOG Romero t  15.4 pos '240.0 -449.3 -61.0' spd  30.1 yaw 193 mode 2 st 0 gl 0 hp 100 frg -1
ARGEVT Joe Rogan hazard
ARGEVT Carmack hazard
ARGEVT Joe Rogan death Carmack pos '-45.1 449.2 -296.0'
ARGEVT Romero jump
ARGLOG Carmack t  15.9 pos '-230.5 106.6 -296.0' spd  70.6 yaw 264.9 mode 2 st 0 gl 1 hp 8 frg 2
ARGLOG Romero t  15.9 pos '240.0 -482.5 -86.8' spd  63.2 yaw 150.6 mode 2 st 0 gl 0 hp 100 frg -1
ARGEVT Carmack goal item_health
ARGEVT Carmack route 18 start '-207.0  73.0 -296.0' goal '-207.0 -471.0 -72.0'
ARGLOG Carmack t  16.4 pos '-116.1  69.7 -296.0' spd 368.0 yaw  57.4 mode 2 st 0 gl 1 hp 8 frg 2
ARGLOG Romero t  16.4 pos '240.0 -466.6 -85.3' spd  36.2 yaw 125 mode 2 st 0 gl 0 hp 100 frg -1
ARGEVT Romero jump
ARGEVT Carmack route 18 start '-111.0 201.0 -296.0' goal '-207.0 -471.0 -72.0'
ARGLOG Carmack t  16.9 pos '-67.4 219.6 -296.0' spd 326.4 yaw 80 mode 2 st 0 gl 1 hp 8 frg 2
ARGEVT Carmack hazard
ARGLOG Romero t  16.9 pos '233.2 -350.8 -61.6' spd 317.5 yaw 234 mode 2 st 0 gl 0 hp 100 frg -1
ARGEVT Joe Rogan respawn
ARGEVT Carmack engage Joe Rogan
ARGEVT Carmack weapon sg
ARGEVT Carmack retreat
ARGEVT Joe Rogan goal weapon_rocketlauncher
ARGEVT Joe Rogan engage Carmack
ARGLOG Joe Rogan t  17.3 pos '-64.0 512.0 -296.0' spd 0 yaw 270.1 mode 0 st 0 gl 1 hp 100 frg 0
ARGEVT Joe Rogan route 20 start '-79.0 553.0 -296.0' goal '753.0 -887.0 -232.0'
ARGLOG Carmack t  17.4 pos '-69.6 371.3 -296.0' spd  54.2 yaw  76.4 mode 2 st 0 gl 1 hp 8 frg 2
ARGLOG Romero t  17.4 pos '208.0 -236.1 -143.8' spd 217.6 yaw 138 mode 2 st 0 gl 0 hp 100 frg -1
ARGEVT Carmack weapon rl
ARGEVT Romero route 22 start '145.0 -247.0 -296.0' goal '1169.0 -599.0  24.0'
ARGEVT Carmack death Joe Rogan pos '-77.8 255.4 -296.0'
ARGUS Joe Rogan watch spawn
ARGLOG Joe Rogan t  17.8 pos '-43.6 497.2 -296.0' spd 324.6 yaw 189.3 mode 2 st 0 gl 1 hp 100 frg 1
ARGEVT Romero swim
ARGLOG Romero t  17.9 pos '151.9 -155.9 -387.8' spd 234.6 yaw 224.8 mode 2 st 0 gl 0 hp 80 frg -1
ARGEVT Joe Rogan goal backpack
ARGEVT Romero swim
ARGEVT Joe Rogan hazard
ARGEVT Romero swim
ARGLOG Joe Rogan t  18.3 pos '-94.1 399.1 -296.0' spd 409.1 yaw 264 mode 1 st 0 gl 1 hp 100 frg 1
ARGEVT Romero swim
ARGEVT Joe Rogan jump
ARGLOG Romero t  18.4 pos '112.0 -145.1 -382.9' spd  61.0 yaw 102 mode 2 st 0 gl 0 hp 60 frg -1
ARGEVT Romero swim
ARGEVT Romero swim
ARGEVT Romero swim
ARGEVT Romero swim
ARGLOG Joe Rogan t  18.8 pos '-67.8 217.4 -256.6' spd 390.6 yaw 189 mode 1 st 0 gl 1 hp 100 frg 1
ARGEVT Romero swim
ARGLOG Romero t  18.9 pos '112.0 -106.5 -383.1' spd  92.9 yaw 103 mode 2 st 0 gl 0 hp 30 frg -1
ARGEVT Romero swim
ARGEVT Romero swim
ARGEVT Joe Rogan hazard
ARGEVT Romero swim
ARGEVT Carmack respawn
ARGEVT Carmack goal item_armorInv
ARGLOG Carmack t  19.3 pos '112.0 -1136.0 -104.0' spd 0 yaw  40.5 mode 0 st 0 gl 1 hp 100 frg 2
ARGLOG Joe Rogan t  19.3 pos '-125.5 138.8 -296.0' spd 278.2 yaw 46 mode 1 st 0 gl 1 hp 100 frg 1
ARGEVT Carmack route 10 start '113.0 -1079.0 -104.0' goal '817.0 -855.0 -232.0'
ARGEVT Romero swim
ARGLOG Romero t  19.4 pos '112.0 -53.3 -383.0' spd 119.1 yaw 104 mode 2 st 0 gl 0 hp 10 frg -1
ARGEVT Romero death world pos '112.0 -48.0 -384.4'
ARGLOG Carmack t  19.8 pos '162.7 -994.8 -104.0' spd 321.2 yaw 62 mode 2 st 0 gl 1 hp 100 frg 2
ARGLOG Joe Rogan t  19.8 pos '-104.2 203.0 -296.0' spd 120.1 yaw 111 mode 1 st 0 gl 1 hp 100 frg 1
ARGLOG Carmack t  20.3 pos '204.7 -834.7 -104.0' spd 328.0 yaw 63 mode 2 st 0 gl 1 hp 100 frg 2
ARGLOG Joe Rogan t  20.4 pos '-112.7 328.1 -296.0' spd 321.3 yaw 74 mode 1 st 0 gl 1 hp 100 frg 1
ARGEVT Joe Rogan hazard
ARGEVT Carmack hazard
ARGLOG Carmack t  20.9 pos '328.4 -735.6 -104.0' spd 368.2 yaw 73 mode 2 st 0 gl 1 hp 100 frg 2
ARGLOG Joe Rogan t  20.9 pos '-97.2 500.6 -296.0' spd 430.3 yaw   4.2 mode 1 st 0 gl 1 hp 100 frg 1
ARGEVT Romero respawn
ARGEVT Romero goal weapon_rocketlauncher
ARGLOG Romero t  21.0 pos '-64.0 -232.0 -72.0' spd 0 yaw 355.2 mode 0 st 0 gl 0 hp 100 frg -2
ARGEVT Romero route 10 start '-47.0 -247.0 -72.0' goal '753.0 -887.0 -232.0'
ARGEVT Romero hazard
ARGLOG Carmack t  21.4 pos '360.4 -566.8 -104.0' spd 325.6 yaw 35 mode 2 st 0 gl 1 hp 100 frg 2
ARGLOG Joe Rogan t  21.4 pos ' 20.2 430.3 -296.0' spd 170.5 yaw 205.0 mode 1 st 0 gl 1 hp 100 frg 1
ARGLOG Romero t  21.5 pos ' 45.9 -268.9 -72.0' spd  31.4 yaw 241 mode 2 st 0 gl 0 hp 100 frg -2
ARGEVT Joe Rogan hazard
ARGLOG Joe Rogan t  21.9 pos '-92.6 430.1 -296.0' spd 376.7 yaw 204.0 mode 1 st 0 gl 1 hp 100 frg 1
ARGLOG Carmack t  21.9 pos '419.9 -404.2 -104.0' spd 371.6 yaw 344 mode 2 st 0 gl 1 hp 100 frg 2
ARGLOG Romero t  22.0 pos '-116.6 -293.0 -72.0' spd 413.7 yaw 7 mode 2 st 0 gl 0 hp 100 frg -2
ARGLOG Joe Rogan t  22.4 pos '-223.2 390.3 -296.0' spd 327.2 yaw 184.4 mode 1 st 0 gl 1 hp 100 frg 1
ARGLOG Carmack t  22.4 pos '581.7 -359.1 -104.0' spd 333.2 yaw 315 mode 2 st 0 gl 1 hp 100 frg 2
ARGLOG Romero t  22.5 pos '-116.1 -456.0 -72.0' spd 323.5 yaw 18 mode 2 st 0 gl 0 hp 100 frg -2
ARGEVT Carmack jump
ARGEVT Joe Rogan stall
ARGEVT Joe Rogan jump
ARGUS routecache adopt
ARGEVT Romero route 7 start '-143.0 -599.0 -72.0' goal '753.0 -887.0 -232.0'
ARGLOG Joe Rogan t  22.9 pos '-139.7 432.0 -285.1' spd 296.2 yaw  31.8 mode 0 st 1 gl 1 hp 100 frg 1
ARGLOG Carmack t  22.9 pos '688.0 -420.9 -60.4' spd 141.5 yaw 304 mode 2 st 0 gl 1 hp 100 frg 2
ARGEVT Joe Rogan route 2 start '-111.0 457.0 -296.0' goal '-207.0 329.0 -360.0'
ARGLOG Romero t  23.0 pos '749.4 -176.0  54.6' spd 300 yaw 272 mode 0 st 0 gl 0 hp 100 frg -2
ARGEVT Romero route 5 start '785.0 -183.0  24.0' goal '753.0 -887.0 -232.0'
ARGEVT Carmack route 13 start '369.0 -247.0 -296.0' goal '817.0 -855.0 -232.0'
ARGLOG Joe Rogan t  23.4 pos '-37.3 508.0 -273.1' spd 329.1 yaw 227 mode 2 st 1 gl 1 hp 100 frg 1
ARGLOG Carmack t  23.4 pos '440.8 -240.0 -288.9' spd 300 yaw 61 mode 2 st 0 gl 1 hp 100 frg 2
ARGLOG Romero t  23.5 pos '810.0 -176.0  24.0' spd 300 yaw 288 mode 2 st 0 gl 0 hp 100 frg -2
ARGEVT Joe Rogan hazard
ARGLOG Joe Rogan t  23.9 pos '-143.4 466.8 -296.0' spd 314.5 yaw 246 mode 2 st 1 gl 1 hp 100 frg 1
ARGLOG Carmack t  23.9 pos '463.5 -239.0 -296.0' spd 342.3 yaw 64 mode 2 st 0 gl 1 hp 100 frg 2
ARGLOG Romero t  24.0 pos '875.2 -293.5  24.0' spd 359.2 yaw 283 mode 2 st 0 gl 0 hp 100 frg -2
ARGEVT Romero jump
ARGLOG Joe Rogan t  24.4 pos '-125.4 405.6 -296.0' spd  57.4 yaw 224 mode 2 st 1 gl 1 hp 100 frg 1
ARGLOG Carmack t  24.4 pos '621.2 -187.7 -296.0' spd 385.1 yaw 257 mode 2 st 0 gl 1 hp 100 frg 2
ARGLOG Romero t  24.5 pos '876.3 -461.1  67.6' spd 332.0 yaw 230 mode 2 st 0 gl 0 hp 100 frg -2
ARGEVT Joe Rogan hazard
ARGLOG Joe Rogan t  24.9 pos '-123.0 382.2 -296.0' spd  41.2 yaw 213 mode 2 st 1 gl 1 hp 100 frg 1
ARGLOG Carmack t  24.9 pos '651.5 -23.4 -296.0' spd 321.1 yaw 258 mode 2 st 0 gl 1 hp 100 frg 2
ARGLOG Romero t  25.1 pos '917.4 -617.3  24.0' spd 411.7 yaw 200 mode 2 st 0 gl 0 hp 100 frg -2
ARGEVT Romero jump
ARGUS routecache adopt
ARGEVT Carmack route 10 start '625.0 105.0 -296.0' goal '817.0 -855.0 -232.0'
ARGEVT Joe Rogan jump
ARGLOG Joe Rogan t  25.4 pos '-122.4 339.5 -292.3' spd 288.9 yaw 240.2 mode 1 st 1 gl 1 hp 100 frg 1
ARGLOG Carmack t  25.4 pos '424.8 -864.0  38.1' spd 300 yaw 108 mode 2 st 0 gl 1 hp 100 frg 2
ARGLOG Romero t  25.6 pos '1069.3 -560.0  67.4' spd  30.0 yaw 200 mode 2 st 0 gl 0 hp 100 frg -2
ARGEVT Joe Rogan abandon
ARGLOG Joe Rogan t  25.9 pos '-198.9 230.0 -266.0' spd 276.9 yaw 205.6 mode 0 st 1 gl 1 hp 100 frg 1
ARGLOG Carmack t  25.9 pos '390.6 -864.0  24.0' spd 300 yaw 101 mode 2 st 0 gl 1 hp 100 frg 2
ARGEVT Joe Rogan goal weapon_rocketlauncher
ARGEVT Joe Rogan abandon
ARGLOG Romero t  26.1 pos '1014.3 -561.6  24.0' spd 320.0 yaw 204 mode 2 st 0 gl 0 hp 100 frg -2
ARGEVT Joe Rogan hazard
ARGEVT Joe Rogan goal weapon_supershotgun
ARGEVT Joe Rogan route 12 start '-239.0 105.0 -296.0' goal '273.0 -1015.0 -104.0'
ARGLOG Joe Rogan t  26.4 pos '-240.0 216.0 -297.5' spd  29.4 yaw 324 mode 2 st 1 gl 1 hp 100 frg 1
ARGLOG Carmack t  26.4 pos '315.2 -751.4  24.0' spd 339.8 yaw 79 mode 2 st 0 gl 1 hp 100 frg 2
ARGLOG Romero t  26.6 pos '852.5 -567.2  24.0' spd 320.2 yaw 235 mode 2 st 0 gl 0 hp 100 frg -2
ARGLOG Joe Rogan t  26.9 pos '-240.0 219.3 -312.0' spd  69.5 yaw 323 mode 2 st 1 gl 1 hp 100 frg 1
ARGLOG Carmack t  26.9 pos '327.3 -586.0  24.0' spd 321.8 yaw 63 mode 2 st 0 gl 1 hp 100 frg 2
ARGLOG Romero t  27.1 pos '752.0 -603.4 -14.4' spd  97.6 yaw 271 mode 2 st 0 gl 0 hp 100 frg -2
ARGEVT Joe Rogan hazard
ARGLOG Joe Rogan t  27.4 pos '-240.0 228.0 -312.0' spd   4.2 yaw 322 mode 2 st 1 gl 1 hp 100 frg 1
ARGLOG Carmack t  27.4 pos '387.0 -436.0  24.0' spd 322.8 yaw 14 mode 2 st 0 gl 1 hp 100 frg 2
ARGLOG Romero t  27.6 pos '766.9 -645.9 -168.0' spd 310.4 yaw 267 mode 2 st 0 gl 0 hp 100 frg -2
ARGLOG Joe Rogan t  27.9 pos '-240.0 238.7 -312.0' spd  45.1 yaw 320 mode 2 st 1 gl 1 hp 100 frg 1
ARGLOG Carmack t  27.9 pos '472.2 -291.3 -75.6' spd 323.6 yaw 323 mode 2 st 0 gl 1 hp 100 frg 2
ARGLOG Romero t  28.1 pos '774.4 -807.6 -232.0' spd 320.3 yaw 265 mode 1 st 0 gl 0 hp 100 frg -2
ARGEVT Joe Rogan hazard
ARGEVT Romero goal item_armor2
ARGEVT Romero route 23 start '817.0 -855.0 -232.0' goal '1169.0 -599.0  24.0'
ARGEVT Romero hazard
ARGUS routecache adopt
ARGEVT Romero route 21 start '369.0  73.0 -288.0' goal '1169.0 -599.0  24.0'
ARGLOG Joe Rogan t  28.4 pos '-240.0 241.8 -312.0' spd  16.5 yaw 319 mode 2 st 1 gl 1 hp 100 frg 1
ARGLOG Carmack t  28.4 pos '616.7 -327.3 -104.0' spd 337.0 yaw 287.5 mode 2 st 0 gl 1 hp 100 frg 2
ARGEVT Joe Rogan stall
ARGEVT Joe Rogan stallnode '-239.0 105.0 -296.0'
ARGEVT Joe Rogan jump
ARGEVT Joe Rogan abandon
ARGEVT Carmack jump
ARGLOG Romero t  28.6 pos '368.0  -5.2 -278.8' spd 300 yaw 298 mode 2 st 0 gl 1 hp 100 frg -2
ARGEVT Joe Rogan goal item_health
ARGEVT Joe Rogan route 4 start '-239.0 105.0 -296.0' goal '-47.0 585.0 -296.0'
ARGLOG Joe Rogan t  29.0 pos '-219.2 219.3 -275.6' spd  57.2 yaw 304 mode 2 st 2 gl 1 hp 100 frg 1
ARGLOG Carmack t  29.0 pos '642.5 -464.0 -62.7' spd 123.8 yaw 124.3 mode 2 st 0 gl 1 hp 100 frg 2
ARGLOG Romero t  29.1 pos '368.1 -36.1 -296.0' spd 320.0 yaw 301 mode 2 st 0 gl 1 hp 100 frg -2
ARGEVT Romero engage Carmack
ARGEVT Carmack engage Romero
ARGEVT Romero weapon ng
ARGEVT Carmack route 12 start '465.0 -247.0 -296.0' goal '817.0 -855.0 -232.0'
ARGEVT Romero hazard
ARGLOG Joe Rogan t  29.5 pos '-190.8 166.8 -360.0' spd 342.5 yaw 317.0 mode 2 st 2 gl 1 hp 80 frg 1
ARGEVT Joe Rogan jump
ARGLOG Carmack t  29.5 pos '454.0 -240.0 -296.0' spd 300 yaw 120.7 mode 2 st 0 gl 1 hp 100 frg 2
ARGLOG Romero t  29.6 pos '365.3 -167.6 -296.0' spd 102.7 yaw 319.7 mode 2 st 0 gl 1 hp 100 frg -2
ARGEVT Romero rjump
ARGEVT Romero weapon ng
ARGEVT Romero weapon rl
ARGUS Romero leadclip
ARGLOG Joe Rogan t  30.0 pos '-144.0 144.0 -328.8' spd 0 yaw 329 mode 2 st 2 gl 1 hp 70 frg 1
ARGLOG Carmack t  30.0 pos '487.0 -231.0 -296.0' spd 303.5 yaw 141.2 mode 2 st 0 gl 1 hp 100 frg 2
ARGLOG Romero t  30.1 pos '278.7 -70.6 -135.5' spd 326.1 yaw 323.2 mode 0 st 0 gl 1 hp 88 frg -2
ARGEVT Carmack hazard
ARGEVT Romero grab weapon_supernailgun
ARGEVT Romero route 21 start '177.0   9.0 -104.0' goal '1169.0 -599.0  24.0'
ARGEVT Joe Rogan jump
ARGLOG Joe Rogan t  30.5 pos '-144.0 154.4 -322.8' spd  45.0 yaw 77 mode 2 st 2 gl 1 hp 40 frg 1
ARGLOG Carmack t  30.5 pos '420.3 -248.8 -296.0' spd 179.8 yaw 132.4 mode 2 st 0 gl 1 hp 100 frg 2
ARGLOG Romero t  30.6 pos '247.4 -65.3 -128.6' spd  56.6 yaw 324.1 mode 2 st 0 gl 1 hp 85 frg -2
ARGEVT Romero grab item_artifact_super_damage
ARGEVT Carmack death Romero pos '365.9 -223.2 -296.0'
ARGUS Romero watch spawn
ARGEVT Romero goal backpack
ARGEVT Romero abandon
ARGLOG Joe Rogan t  31.0 pos '-144.0 180.2 -360.0' spd 145.6 yaw  50.7 mode 2 st 2 gl 1 hp 20 frg 1
ARGEVT Romero goal backpack
ARGEVT Romero abandon
ARGLOG Romero t  31.1 pos '257.3 -49.8 -312.1' spd  30.5 yaw 107.3 mode 0 st 0 gl 1 hp 85 frg -1
ARGEVT Romero goal weapon_lightning
ARGEVT Romero route 2 start '337.0 -119.0 -296.0' goal '529.0 -311.0 -104.0'
ARGEVT Romero swim
ARGEVT Joe Rogan death world pos '-144.0 232.4 -360.0'
ARGEVT Romero swim
ARGLOG Romero t  31.6 pos '221.4 -67.5 -383.5' spd 124.5 yaw 301.8 mode 2 st 0 gl 1 hp 77 frg -1
ARGEVT Romero swim
ARGEVT Romero swim
ARGEVT Romero swim
ARGEVT Romero swim
ARGLOG Romero t  32.1 pos '195.8 -126.5 -383.7' spd 126.8 yaw 332 mode 2 st 0 gl 1 hp 69 frg -1
ARGEVT Romero swim
ARGEVT Carmack respawn
ARGEVT Romero swim
ARGEVT Carmack goal weapon_rocketlauncher
ARGLOG Carmack t  32.3 pos '784.0 -176.0  24.0' spd 0 yaw 175.5 mode 0 st 0 gl 1 hp 100 frg 2
ARGEVT Carmack route 10 start '785.0 -183.0  24.0' goal ' 81.0  73.0 -296.0'
ARGEVT Romero swim
ARGEVT Romero swim
ARGEVT Romero swim
ARGLOG Romero t  32.6 pos '194.2 -176.0 -383.2' spd  38.1 yaw 346 mode 2 st 0 gl 1 hp 65 frg -1
ARGEVT Romero swim
ARGLOG Carmack t  32.8 pos '639.2 -145.8  24.0' spd 320.0 yaw 169 mode 2 st 0 gl 1 hp 100 frg 2
ARGEVT Joe Rogan respawn
ARGEVT Joe Rogan goal item_armor2
ARGLOG Joe Rogan t  32.8 pos '112.0 -1136.0 -104.0' spd 0 yaw  40.5 mode 0 st 2 gl 1 hp 100 frg 0
ARGEVT Romero swim
ARGEVT Romero engage Carmack
ARGEVT Carmack engage Romero
ARGEVT Carmack grab item_armor1
ARGEVT Joe Rogan route 19 start '113.0 -1079.0 -104.0' goal '1169.0 -599.0  24.0'
ARGEVT Romero swim
ARGEVT Romero swim
ARGLOG Romero t  33.1 pos '192.0 -176.0 -383.3' spd  49.4 yaw   7.0 mode 2 st 0 gl 1 hp 59 frg -1
ARGEVT Romero swim
ARGUS Romero leadclip
ARGEVT Romero swim
ARGLOG Carmack t  33.3 pos '484.2 -91.0  -8.3' spd 250.8 yaw 194.4 mode 2 st 0 gl 1 hp 100 frg 2
ARGLOG Joe Rogan t  33.3 pos '173.2 -996.5 -104.0' spd 320.5 yaw 63 mode 2 st 2 gl 1 hp 100 frg 0
ARGEVT Romero grab 
ARGEVT Romero swim
ARGEVT Romero swim
ARGEVT Romero swim
ARGLOG Romero t  33.7 pos '190.7 -176.0 -383.7' spd  41.4 yaw  18.4 mode 2 st 0 gl 1 hp 53 frg -1
ARGEVT Romero swim
ARGLOG Carmack t  33.8 pos '580.3 -119.5 -104.0' spd 346.8 yaw 195.2 mode 2 st 0 gl 1 hp 100 frg 2
ARGLOG Joe Rogan t  33.8 pos '204.2 -836.2 -104.0' spd 338.9 yaw 78 mode 2 st 2 gl 1 hp 100 frg 0
ARGEVT Romero swim
ARGEVT Romero pursue
ARGEVT Carmack pursue
ARGEVT Romero swim
ARGEVT Joe Rogan hazard
ARGEVT Romero swim
ARGLOG Romero t  34.2 pos '217.7 -175.3 -383.5' spd  67.3 yaw 19 mode 2 st 0 gl 1 hp 25 frg -1
ARGEVT Romero swim
ARGEVT Joe Rogan engage Carmack
ARGUS Carmack hunch item_artifact_super_damage
ARGEVT Romero retreat
ARGEVT Romero swim
ARGLOG Carmack t  34.3 pos '489.4 -219.1 -104.0' spd 297.3 yaw 299.0 mode 2 st 0 gl 1 hp 100 frg 2
ARGEVT Carmack goal weapon_lightning
ARGLOG Joe Rogan t  34.3 pos '329.0 -740.9 -104.0' spd 378.3 yaw  74.0 mode 2 st 2 gl 1 hp 100 frg 0
ARGEVT Carmack hazard
ARGEVT Romero swim
ARGEVT Romero death world pos '244.2 -176.6 -383.7'
ARGEVT Carmack engage Joe Rogan
ARGLOG Carmack t  34.8 pos '469.6 -212.8 -104.0' spd 236.6 yaw 255.1 mode 1 st 0 gl 1 hp 100 frg 2
ARGLOG Joe Rogan t  34.9 pos '338.3 -622.9 -104.0' spd 290.5 yaw  74.5 mode 2 st 2 gl 1 hp 100 frg 0
ARGLOG Carmack t  35.3 pos '624.0 -243.6 -104.0' spd 184.5 yaw 230.2 mode 1 st 0 gl 1 hp 89 frg 2
ARGLOG Joe Rogan t  35.4 pos '321.8 -534.0 -104.0' spd 320.0 yaw  49.4 mode 2 st 2 gl 1 hp 100 frg 0
ARGEVT Joe Rogan jump
ARGEVT Joe Rogan grab weapon_grenadelauncher
ARGLOG Carmack t  35.8 pos '645.7 -402.5 -120.0' spd 327.0 yaw 186.4 mode 1 st 0 gl 1 hp 89 frg 2
ARGLOG Joe Rogan t  35.9 pos '224.2 -404.1 -66.6' spd 322.6 yaw   4.3 mode 2 st 2 gl 1 hp 96 frg 0
ARGEVT Romero respawn
ARGEVT Romero goal weapon_rocketlauncher
ARGEVT Romero engage Carmack
ARGLOG Romero t  36.0 pos '-64.0 -232.0 -72.0' spd 0 yaw 359.7 mode 0 st 0 gl 1 hp 100 frg -2
ARGEVT Romero route 13 start '-47.0 -247.0 -72.0' goal ' 81.0  73.0 -296.0'
ARGLOG Carmack t  36.3 pos '644.1 -361.4 -104.0' spd 322.4 yaw 176.1 mode 1 st 0 gl 1 hp 89 frg 2
ARGLOG Joe Rogan t  36.4 pos '201.2 -368.0 -218.8' spd  31.7 yaw 355.5 mode 2 st 2 gl 1 hp 96 frg 0
ARGEVT Carmack grab weapon_lightning
ARGLOG Romero t  36.5 pos ' 77.8 -263.6 -72.0' spd 310.2 yaw 354.2 mode 2 st 0 gl 1 hp 100 frg -2
ARGEVT Joe Rogan swim
ARGEVT Joe Rogan pursue
ARGEVT Carmack pursue
ARGEVT Carmack goal item_cells
ARGEVT Joe Rogan swim
ARGLOG Carmack t  36.8 pos '498.7 -256.7 -104.0' spd 360.1 yaw 201 mode 1 st 0 gl 2 hp 84 frg 2
ARGLOG Joe Rogan t  36.9 pos '191.4 -368.0 -383.3' spd  22.0 yaw   3.9 mode 2 st 2 gl 1 hp 56 frg 0
ARGEVT Joe Rogan swim
ARGEVT Carmack hazard
ARGLOG Romero t  37.0 pos '175.8 -303.5 -56.0' spd 321.3 yaw   6.1 mode 2 st 0 gl 1 hp 100 frg -2
ARGEVT Joe Rogan swim
ARGEVT Romero grab weapon_grenadelauncher
ARGUS Joe Rogan bodyblock
ARGUS Romero bodyblock
ARGEVT Joe Rogan swim
ARGEVT Joe Rogan swim
ARGLOG Carmack t  37.3 pos '470.6 -369.9 -104.0' spd 339.7 yaw 177.6 mode 1 st 0 gl 2 hp 79 frg 2
ARGLOG Joe Rogan t  37.4 pos '192.7 -363.6 -384.4' spd  52.2 yaw   3.4 mode 2 st 2 gl 1 hp 36 frg 0
ARGEVT Joe Rogan swim
ARGEVT Carmack grab item_cells
ARGEVT Joe Rogan retreat
ARGEVT Joe Rogan swim
ARGLOG Romero t  37.5 pos '124.9 -317.2 -40.0' spd 324.3 yaw 350.4 mode 2 st 0 gl 1 hp 100 frg -2
ARGEVT Joe Rogan swim
ARGEVT Romero hazard
ARGEVT Joe Rogan pursue
ARGEVT Carmack pursue
ARGEVT Joe Rogan swim
ARGEVT Carmack goal backpack
ARGEVT Joe Rogan swim
ARGEVT Carmack route 4 start '369.0 -471.0 -104.0' goal '337.0 -247.0 -296.0'
ARGLOG Carmack t  37.8 pos '349.4 -427.3 -104.0' spd 247.4 yaw 159 mode 2 st 0 gl 3 hp 63 frg 2
ARGLOG Joe Rogan t  37.9 pos '198.1 -340.1 -382.9' spd  64.7 yaw 0 mode 2 st 2 gl 1 hp 6 frg 0
ARGEVT Joe Rogan swim
ARGEVT Joe Rogan swim
ARGLOG Romero t  38.0 pos '114.7 -409.5   8.0' spd 320.2 yaw 349.6 mode 2 st 0 gl 1 hp 100 frg -2
ARGEVT Joe Rogan death world pos '206.9 -332.2 -383.8'
ARGEVT Carmack engage Romero
ARGEVT Carmack grab weapon_grenadelauncher
ARGLOG Carmack t  38.3 pos '187.7 -403.6 -104.0' spd 330.3 yaw 201.3 mode 0 st 0 gl 3 hp 63 frg 2
ARGEVT Carmack route 5 start '145.0 -407.0 -104.0' goal '337.0 -247.0 -296.0'
ARGUS Carmack bodyblock
ARGEVT Romero pursue
ARGLOG Romero t  38.6 pos '119.6 -427.4   8.0' spd 213.2 yaw 6 mode 2 st 0 gl 1 hp 100 frg -2
ARGEVT Carmack hazard
ARGUS Romero hunch item_artifact_super_damage
ARGLOG Carmack t  38.9 pos '168.7 -421.0 -104.0' spd 334.1 yaw 272.2 mode 0 st 0 gl 3 hp 63 frg 2
ARGEVT Romero goal weapon_rocketlauncher
ARGEVT Romero route 10 start '145.0 -375.0  -8.0' goal ' 81.0  73.0 -296.0'
ARGEVT Carmack route 5 start '145.0 -407.0 -104.0' goal '337.0 -247.0 -296.0'
ARGLOG Romero t  39.1 pos '266.3 -426.5  -6.7' spd 354.5 yaw 187.1 mode 2 st 0 gl 1 hp 70 frg -2
ARGUS routecache adopt
ARGEVT Carmack route 5 start '145.0 -407.0 -104.0' goal '337.0 -247.0 -296.0'
ARGLOG Carmack t  39.4 pos '116.7 -390.7 -104.0' spd 188.5 yaw 358.9 mode 2 st 0 gl 3 hp 58 frg 2
ARGEVT Romero grab item_health
ARGEVT Romero retreat
ARGEVT Joe Rogan respawn
ARGLOG Romero t  39.6 pos '452.0 -432.0 -74.1' spd 478.4 yaw 172.1 mode 2 st 0 gl 1 hp 10 frg -2
ARGEVT Joe Rogan goal backpack
ARGLOG Joe Rogan t  39.6 pos '112.0 -1136.0 -104.0' spd 0 yaw  49.5 mode 0 st 2 gl 1 hp 100 frg -1
ARGEVT Joe Rogan route 13 start '113.0 -1079.0 -104.0' goal '-207.0 329.0 -360.0'
ARGEVT Romero death Carmack pos '513.3 -429.4 -104.0'
ARGUS Carmack watch spawn
ARGEVT Carmack hazard
ARGEVT Carmack goal weapon_rocketlauncher
ARGLOG Carmack t  39.9 pos '151.9 -423.6 -104.0' spd 329.4 yaw 327.2 mode 0 st 0 gl 3 hp 53 frg 3
ARGEVT Carmack route 10 start '145.0 -407.0 -104.0' goal ' 81.0  73.0 -296.0'
ARGUS routecache adopt
ARGEVT Carmack route 9 start '273.0 -407.0 -104.0' goal ' 81.0  73.0 -296.0'
ARGLOG Joe Rogan t  40.1 pos '142.2 -992.3 -104.0' spd 321.4 yaw 92 mode 2 st 2 gl 1 hp 100 frg -1
ARGLOG Carmack t  40.4 pos '311.5 -432.0 -104.0' spd 320.0 yaw 360 mode 2 st 0 gl 3 hp 53 frg 3
ARGLOG Joe Rogan t  40.6 pos '145.2 -831.8 -104.0' spd 320.0 yaw 93 mode 2 st 2 gl 1 hp 100 frg -1
ARGEVT Joe Rogan hazard
ARGLOG Carmack t  40.9 pos '474.3 -423.2 -104.0' spd 321.6 yaw 16 mode 2 st 0 gl 3 hp 53 frg 3
ARGEVT Carmack jump
ARGLOG Joe Rogan t  41.1 pos '123.2 -758.5 -104.0' spd 282.8 yaw 24 mode 2 st 2 gl 1 hp 100 frg -1
ARGEVT Romero respawn
ARGEVT Carmack engage Romero
ARGEVT Carmack weapon sg
ARGEVT Carmack grab item_health
ARGEVT Romero goal item_armorInv
ARGEVT Romero engage Carmack
ARGLOG Romero t  41.2 pos '-64.0 -232.0 -72.0' spd 0 yaw 359.7 mode 0 st 0 gl 1 hp 100 frg -2
ARGEVT Romero route 10 start '-47.0 -247.0 -72.0' goal '817.0 -855.0 -232.0'
ARGLOG Carmack t  41.4 pos '605.4 -417.1 -68.3' spd 159.2 yaw 155.5 mode 2 st 0 gl 3 hp 53 frg 3
ARGEVT Carmack weapon gl
ARGLOG Joe Rogan t  41.6 pos '297.7 -755.7 -104.0' spd 363.1 yaw 60 mode 2 st 2 gl 1 hp 100 frg -1
ARGLOG Romero t  41.7 pos ' 76.2 -268.0 -72.0' spd 320.0 yaw 342.1 mode 2 st 0 gl 1 hp 100 frg -2
ARGEVT Joe Rogan hazard
ARGEVT Carmack weapon lg
ARGLOG Carmack t  41.9 pos '573.1 -413.5 -104.0' spd 107.2 yaw 130.4 mode 2 st 0 gl 3 hp 53 frg 3
ARGEVT Joe Rogan engage Romero
ARGLOG Joe Rogan t  42.1 pos '325.8 -642.6 -104.0' spd 218.5 yaw 112.7 mode 2 st 2 gl 1 hp 100 frg -1
ARGLOG Romero t  42.3 pos '169.7 -273.6 -56.0' spd 323.8 yaw 336.9 mode 2 st 0 gl 1 hp 100 frg -2
ARGLOG Carmack t  42.4 pos '580.6 -419.6 -104.0' spd  48.6 yaw 160.6 mode 2 st 0 gl 3 hp 51 frg 3
ARGLOG Joe Rogan t  42.6 pos '313.2 -578.8 -104.0' spd 151.4 yaw 127.9 mode 2 st 2 gl 1 hp 100 frg -1
ARGLOG Romero t  42.8 pos '138.2 -434.5  24.0' spd 349.5 yaw 356.1 mode 2 st 0 gl 1 hp 100 frg -2
ARGLOG Carmack t  42.9 pos '534.6 -375.0 -104.0' spd 330.5 yaw 187.1 mode 2 st 0 gl 3 hp 51 frg 3
ARGEVT Joe Rogan pursue
ARGEVT Romero hazard
ARGEVT Romero retreat
ARGLOG Joe Rogan t  43.1 pos '343.4 -428.7 -104.0' spd 321.3 yaw 162.5 mode 2 st 2 gl 1 hp 100 frg -1
ARGEVT Romero death Carmack pos '117.1 -348.8 -24.0'
ARGEVT Joe Rogan engage Carmack
ARGEVT Carmack engage Joe Rogan
ARGEVT Carmack goal weapon_rocketlauncher
ARGEVT Carmack route 8 start '465.0 -279.0 -104.0' goal ' 81.0  73.0 -296.0'
ARGLOG Carmack t  43.4 pos '509.7 -292.6 -104.0' spd 317.6 yaw 227.6 mode 2 st 0 gl 3 hp 49 frg 4
ARGEVT Joe Rogan hazard
ARGLOG Joe Rogan t  43.6 pos '418.7 -472.8 -104.0' spd 142.0 yaw  40.6 mode 2 st 2 gl 1 hp 100 frg -1
ARGLOG Carmack t  43.9 pos '601.8 -433.8 -120.0' spd 358.7 yaw 182.4 mode 2 st 0 gl 3 hp 49 frg 4
ARGEVT Joe Rogan grab 
ARGEVT Carmack weapon gl
ARGLOG Joe Rogan t  44.1 pos '312.9 -429.5 -104.0' spd 347.1 yaw 349.6 mode 2 st 2 gl 1 hp 70 frg -1
ARGLOG Carmack t  44.4 pos '548.4 -326.8 -104.0' spd 320.7 yaw 186.0 mode 2 st 0 gl 3 hp 49 frg 4
ARGEVT Joe Rogan route 10 start '145.0 -407.0 -104.0' goal '-207.0 329.0 -360.0'
ARGLOG Joe Rogan t  44.6 pos '147.3 -415.0 -104.0' spd 182.0 yaw  21.1 mode 0 st 2 gl 1 hp 70 frg -1
ARGEVT Romero respawn
ARGEVT Romero goal item_health
ARGLOG Romero t  44.7 pos '-64.0 512.0 -296.0' spd 0 yaw 274.8 mode 1 st 0 gl 1 hp 100 frg -2
ARGUS routecache adopt
ARGEVT Joe Rogan route 10 start '145.0 -407.0 -104.0' goal '-207.0 329.0 -360.0'
ARGEVT Joe Rogan death Carmack pos '179.9 -396.3 -104.0'
ARGLOG Carmack t  44.9 pos '473.1 -184.9 -104.0' spd 212.1 yaw 320.6 mode 2 st 0 gl 3 hp 49 frg 5
ARGEVT Carmack goal weapon_rocketlauncher
ARGEVT Carmack route 8 start '465.0 -151.0 -104.0' goal ' 81.0  73.0 -296.0'
ARGLOG Romero t  45.2 pos ' 72.1 432.0 -296.0' spd 425.5 yaw  75.4 mode 1 st 0 gl 1 hp 100 frg -2
ARGEVT Romero hazard
ARGLOG Carmack t  45.4 pos '496.7 -319.1 -104.0' spd 408.1 yaw 202 mode 2 st 0 gl 3 hp 49 frg 5
ARGLOG Romero t  45.7 pos '-33.7 455.7 -296.0' spd 457.3 yaw  88.2 mode 1 st 0 gl 1 hp 100 frg -2
ARGLOG Carmack t  45.9 pos '357.0 -420.8 -104.0' spd 328.1 yaw 184 mode 2 st 0 gl 3 hp 49 frg 5
ARGEVT Romero goal backpack
ARGEVT Romero route 3 start '-47.0 585.0 -296.0' goal '-207.0 329.0 -360.0'
ARGLOG Romero t  46.2 pos '-83.0 617.3 -296.0' spd 240.6 yaw 238 mode 2 st 0 gl 2 hp 200 frg -2
ARGEVT Carmack route 9 start '273.0 -407.0 -104.0' goal ' 81.0  73.0 -296.0'
ARGEVT Joe Rogan respawn
ARGEVT Joe Rogan goal backpack
ARGLOG Joe Rogan t  46.4 pos '272.0 -952.0  24.0' spd 0 yaw   4.8 mode 0 st 2 gl 1 hp 100 frg -1
ARGEVT Joe Rogan route 5 start '305.0 -983.0  24.0' goal '145.0 -407.0 -104.0'
ARGLOG Carmack t  46.5 pos '237.3 -419.8 -104.0' spd 282.0 yaw 2 mode 2 st 0 gl 3 hp 49 frg 5
ARGEVT Carmack hazard
ARGEVT Joe Rogan goal item_armorInv
ARGEVT Joe Rogan route 10 start '305.0 -983.0  24.0' goal '817.0 -855.0 -232.0'
ARGLOG Romero t  46.7 pos '-122.8 471.0 -296.0' spd 327.9 yaw 240 mode 2 st 0 gl 2 hp 200 frg -2
ARGEVT Romero hazard
ARGLOG Joe Rogan t  46.9 pos '362.8 -825.7  24.0' spd 356.6 yaw 114 mode 2 st 2 gl 1 hp 100 frg -1
ARGLOG Carmack t  47.0 pos '257.9 -404.2 -104.0' spd 320.6 yaw 0 mode 2 st 0 gl 3 hp 49 frg 5
ARGLOG Romero t  47.2 pos '-111.6 373.2 -296.0' spd 119.0 yaw 205 mode 2 st 0 gl 2 hp 200 frg -2
ARGLOG Joe Rogan t  47.4 pos '323.3 -665.8  24.0' spd 321.6 yaw 120 mode 2 st 2 gl 1 hp 100 frg -1
ARGLOG Carmack t  47.5 pos '417.0 -462.6 -104.0' spd 351.7 yaw 26 mode 2 st 0 gl 3 hp 49 frg 5
ARGEVT Carmack hazard
ARGLOG Romero t  47.8 pos '-111.0 351.4 -296.0' spd  33.8 yaw 194 mode 2 st 0 gl 2 hp 200 frg -2
ARGEVT Romero hazard
ARGLOG Joe Rogan t  47.9 pos '308.0 -501.3  24.0' spd 382.0 yaw 141.0 mode 2 st 2 gl 1 hp 100 frg -1
ARGLOG Carmack t  48.0 pos '432.0 -467.8 -104.0' spd 330.0 yaw 32 mode 2 st 0 gl 3 hp 49 frg 5
ARGEVT Carmack engage Joe Rogan
ARGEVT Joe Rogan engage Carmack
ARGLOG Romero t  48.3 pos '-111.3 340.5 -296.0' spd 134.2 yaw 187 mode 2 st 0 gl 2 hp 200 frg -2
ARGLOG Joe Rogan t  48.4 pos '235.5 -414.1 -15.0' spd 108.4 yaw 350.3 mode 2 st 2 gl 1 hp 100 frg -1
ARGLOG Carmack t  48.5 pos '421.3 -448.0 -104.0' spd 295.8 yaw 182.0 mode 2 st 0 gl 3 hp 49 frg 5
ARGLOG Romero t  48.8 pos '-151.0 419.9 -296.0' spd 328.6 yaw 239 mode 2 st 0 gl 2 hp 200 frg -2
ARGEVT Joe Rogan hazard
ARGLOG Joe Rogan t  48.9 pos '173.0 -411.6 -104.0' spd 350.0 yaw 330.7 mode 2 st 2 gl 1 hp 100 frg -1
ARGEVT Romero hazard
ARGLOG Carmack t  49.0 pos '318.7 -549.6 -104.0' spd 271.8 yaw 148.9 mode 2 st 0 gl 3 hp 49 frg 5
ARGEVT Carmack hazard
ARGLOG Romero t  49.3 pos '-154.3 423.4 -296.0' spd  43.0 yaw 241 mode 2 st 0 gl 2 hp 200 frg -2
ARGLOG Joe Rogan t  49.4 pos '124.1 -388.1 -104.0' spd  52.0 yaw 347.8 mode 2 st 2 gl 1 hp 100 frg -1
ARGLOG Carmack t  49.5 pos '350.9 -419.7 -104.0' spd  31.6 yaw 167.0 mode 2 st 0 gl 3 hp 49 frg 5
ARGLOG Romero t  49.8 pos '-136.3 425.3 -296.0' spd  33.3 yaw 234 mode 2 st 0 gl 2 hp 200 frg -2
ARGEVT Joe Rogan hazard
ARGLOG Joe Rogan t  49.9 pos '112.5 -408.6 -104.0' spd 196.8 yaw 332.1 mode 2 st 2 gl 1 hp 100 frg -1
ARGEVT Romero hazard
ARGLOG Carmack t  50.0 pos '313.0 -508.0 -104.0' spd 219.2 yaw 158.7 mode 2 st 0 gl 3 hp 49 frg 5
ARGEVT Romero jump
ARGLOG Romero t  50.3 pos '-133.1 337.5 -257.6' spd 273.6 yaw 263.6 mode 1 st 0 gl 2 hp 200 frg -2
ARGLOG Joe Rogan t  50.4 pos '121.8 -400.4 -104.0' spd 117.5 yaw 356.5 mode 2 st 2 gl 1 hp 100 frg -1
ARGLOG Carmack t  50.5 pos '332.6 -449.8 -104.0' spd 321.2 yaw 173.7 mode 2 st 0 gl 3 hp 44 frg 5
ARGEVT Joe Rogan death Carmack pos '121.6 -407.0 -104.0'
ARGUS Carmack watch spawn
ARGLOG Romero t  50.8 pos '-121.7 201.3 -296.0' spd 340.5 yaw 323.4 mode 1 st 0 gl 2 hp 200 frg -2
ARGEVT Carmack goal weapon_rocketlauncher
ARGEVT Carmack route 9 start '273.0 -503.0 -104.0' goal ' 81.0  73.0 -296.0'
ARGEVT Romero hazard
ARGLOG Carmack t  51.0 pos '298.3 -455.1 -104.0' spd 376.2 yaw 146.4 mode 2 st 0 gl 3 hp 44 frg 6
ARGEVT Carmack hazard
ARGLOG Romero t  51.3 pos '-51.8  67.8 -296.0' spd 321.9 yaw 290 mode 1 st 0 gl 2 hp 199 frg -2
ARGLOG Carmack t  51.5 pos '120.2 -427.8 -104.0' spd 353.5 yaw 15 mode 2 st 0 gl 3 hp 17 frg 6
ARGLOG Romero t  51.8 pos '-16.0 -97.8 -296.0' spd 378.7 yaw 345.4 mode 1 st 0 gl 2 hp 199 frg -2
ARGEVT Romero hazard
ARGLOG Carmack t  52.0 pos '206.1 -413.1 -104.0' spd 344.9 yaw  21.4 mode 2 st 0 gl 3 hp 17 frg 6
ARGEVT Carmack hazard
ARGEVT Joe Rogan respawn
ARGEVT Romero engage Joe Rogan
ARGEVT Joe Rogan goal backpack
ARGEVT Joe Rogan engage Romero
ARGLOG Joe Rogan t  52.3 pos '-64.0 512.0 -296.0' spd 0 yaw 269.9 mode 0 st 2 gl 1 hp 100 frg -1
ARGEVT Joe Rogan route 3 start '-79.0 553.0 -296.0' goal '-207.0 329.0 -360.0'
ARGLOG Romero t  52.3 pos '-19.7 -69.0 -296.0' spd 320.2 yaw 105.6 mode 1 st 0 gl 2 hp 198 frg -2
ARGLOG Carmack t  52.5 pos '302.8 -399.9 -104.0' spd 268.8 yaw 183 mode 2 st 0 gl 3 hp 17 frg 6
ARGEVT Joe Rogan hazard
ARGLOG Joe Rogan t  52.8 pos '-155.6 421.6 -296.0' spd 105.3 yaw 289.7 mode 2 st 2 gl 1 hp 100 frg -1
ARGEVT Romero grab weapon_rocketlauncher
ARGLOG Romero t  52.8 pos '-15.3  50.9 -296.0' spd 201.8 yaw 104.3 mode 1 st 0 gl 2 hp 198 frg -2
ARGEVT Carmack goal item_health
ARGLOG Carmack t  53.0 pos '141.1 -406.8 -104.0' spd 245.7 yaw  16.6 mode 0 st 0 gl 3 hp 17 frg 6
ARGEVT Carmack route 9 start '145.0 -407.0 -104.0' goal '-207.0 -471.0 -72.0'
ARGUS Romero leadclip
ARGEVT Romero hazard
ARGLOG Joe Rogan t  53.3 pos '-24.6 480.4 -296.0' spd 321.7 yaw 286.2 mode 2 st 2 gl 1 hp 88 frg -1
ARGLOG Romero t  53.3 pos '100.4 110.1 -296.0' spd  74.2 yaw 104.1 mode 1 st 0 gl 2 hp 181 frg -2
ARGLOG Carmack t  53.5 pos '267.9 -443.8 -104.0' spd 400.3 yaw 275.2 mode 2 st 0 gl 3 hp 17 frg 6
ARGEVT Carmack jump
ARGEVT Joe Rogan retreat
ARGLOG Joe Rogan t  53.8 pos '-127.5 430.1 -296.0' spd 650.3 yaw 284.8 mode 2 st 2 gl 1 hp 23 frg -1
ARGLOG Romero t  53.9 pos '-12.7  91.1 -296.0' spd  54.6 yaw 122.6 mode 1 st 0 gl 2 hp 157 frg -2
ARGLOG Carmack t  54.1 pos '304.0 -619.5 -85.5' spd 136.9 yaw 136 mode 2 st 0 gl 3 hp 17 frg 6
ARGEVT Joe Rogan hazard
ARGLOG Joe Rogan t  54.3 pos '-230.6 432.0 -296.0' spd 112.7 yaw 300.1 mode 2 st 2 gl 1 hp 23 frg -1
ARGLOG Romero t  54.4 pos '-72.5  58.5 -296.0' spd 331.2 yaw 115.4 mode 1 st 0 gl 2 hp 148 frg -2
ARGEVT Carmack jump
ARGLOG Carmack t  54.6 pos '304.0 -492.7 -70.2' spd 355.5 yaw 172 mode 2 st 0 gl 3 hp 17 frg 6
ARGEVT Joe Rogan death Romero pos '-190.8 425.5 -296.0'
ARGUS Romero watch spawn
ARGEVT Romero goal backpack
ARGEVT Romero hazard
ARGEVT Romero route 2 start '-207.0  73.0 -296.0' goal '-207.0 425.0 -296.0'
ARGLOG Romero t  54.9 pos '-221.5  82.2 -296.0' spd 330.0 yaw 87 mode 2 st 0 gl 2 hp 148 frg -1
ARGEVT Romero jump
ARGLOG Carmack t  55.1 pos '177.3 -432.0 -104.0' spd 109.6 yaw 324 mode 2 st 0 gl 3 hp 17 frg 6
ARGEVT Carmack hazard
ARGLOG Romero t  55.4 pos '-240.0 249.4 -258.8' spd 325.1 yaw 89 mode 2 st 0 gl 2 hp 147 frg -1
ARGEVT Carmack jump
ARGLOG Carmack t  55.6 pos '314.4 -452.6 -65.6' spd 369.8 yaw 187 mode 2 st 0 gl 3 hp 17 frg 6
ARGLOG Romero t  55.9 pos '-239.0 336.0 -360.0' spd   1.7 yaw 88 mode 1 st 0 gl 2 hp 127 frg -1
ARGLOG Carmack t  56.1 pos '304.0 -563.5 -104.0' spd 174.4 yaw 149 mode 2 st 0 gl 3 hp 17 frg 6
ARGEVT Joe Rogan respawn
ARGEVT Joe Rogan goal backpack
ARGLOG Joe Rogan t  56.1 pos '-64.0 -232.0 -72.0' spd 0 yaw   4.5 mode 0 st 2 gl 1 hp 100 frg -1
ARGEVT Joe Rogan route 13 start '-47.0 -247.0 -72.0' goal '-207.0 329.0 -360.0'
ARGEVT Carmack jump
ARGLOG Romero t  56.4 pos '-238.4 336.0 -360.0' spd   0.8 yaw 89 mode 1 st 0 gl 2 hp 96 frg -1
ARGEVT Carmack engage Joe Rogan
ARGEVT Carmack retreat
ARGLOG Carmack t  56.6 pos '245.2 -428.9 -63.6' spd 354.7 yaw 196.1 mode 2 st 0 gl 3 hp 17 frg 6
ARGEVT Joe Rogan engage Carmack
ARGLOG Joe Rogan t  56.7 pos ' 85.2 -270.4 -72.0' spd 365.8 yaw   2.5 mode 2 st 2 gl 1 hp 100 frg -1
ARGLOG Romero t  56.9 pos '-238.0 336.0 -360.0' spd   0.8 yaw 89 mode 1 st 0 gl 2 hp 76 frg -1
ARGEVT Joe Rogan hazard
ARGEVT Carmack jump
ARGLOG Carmack t  57.1 pos '299.3 -437.0 -79.2' spd 320.6 yaw 115.1 mode 2 st 0 gl 3 hp 17 frg 6
ARGLOG Joe Rogan t  57.2 pos '192.8 -270.8 -72.0' spd 133.6 yaw 301.6 mode 2 st 2 gl 1 hp 100 frg -1
ARGEVT Romero stall
ARGEVT Romero jump
ARGLOG Romero t  57.4 pos '-238.0 336.0 -342.6' spd   2.9 yaw 91 mode 0 st 1 gl 2 hp 46 frg -1
ARGEVT Romero routefail
ARGLOG Carmack t  57.6 pos '429.2 -490.4 -101.8' spd  55.7 yaw 183.6 mode 2 st 0 gl 3 hp 1 frg 6
ARGLOG Joe Rogan t  57.7 pos '119.9 -378.1  -8.0' spd  94.2 yaw 337.1 mode 2 st 2 gl 1 hp 100 frg -1
ARGEVT Carmack death Joe Rogan pos '426.0 -489.1 -104.0'
ARGUS Joe Rogan watch spawn
ARGEVT Romero goal item_armorInv
ARGEVT Romero routefail
ARGEVT Joe Rogan goal backpack
ARGEVT Joe Rogan route 6 start '145.0 -343.0 -24.0' goal '337.0 -247.0 -296.0'
ARGEVT Romero goal backpack
ARGEVT Romero route 1 start '-239.0 329.0 -360.0' goal '-207.0 329.0 -360.0'
ARGLOG Romero t  57.9 pos '-240.0 336.0 -341.7' spd 0 yaw 160.1 mode 1 st 1 gl 2 hp 46 frg -1
ARGEVT Romero stall
ARGEVT Romero jump
ARGEVT Romero goal item_health
ARGEVT Romero routefail
ARGEVT Joe Rogan hazard
ARGLOG Joe Rogan t  58.2 pos '209.8 -259.2 -72.4' spd 219.9 yaw 336 mode 2 st 2 gl 1 hp 100 frg 0
ARGEVT Romero goal item_health
ARGEVT Romero routefail
ARGLOG Romero t  58.4 pos '-228.0 336.0 -317.3' spd  45.1 yaw 343.8 mode 0 st 2 gl 2 hp 26 frg -1
ARGEVT Romero goal backpack
ARGEVT Romero routefail
ARGLOG Joe Rogan t  58.7 pos '283.3 -256.0 -191.3' spd 155.5 yaw 329 mode 2 st 2 gl 1 hp 100 frg 0
ARGEVT Romero goal weapon_nailgun
ARGEVT Romero routefail
ARGEVT Romero death world pos '-186.3 298.1 -360.0'
ARGEVT Joe Rogan hazard
ARGLOG Joe Rogan t  59.2 pos '341.1 -269.8 -296.0' spd  40.6 yaw 324 mode 2 st 2 gl 1 hp 100 frg 0
ARGEVT Carmack respawn
ARGEVT Carmack goal weapon_rocketlauncher
ARGLOG Carmack t  59.2 pos '784.0 -176.0  24.0' spd 0 yaw 184.8 mode 0 st 0 gl 3 hp 100 frg 6
ARGEVT Carmack route 5 start '785.0 -183.0  24.0' goal '753.0 -887.0 -232.0'
ARGLOG Joe Rogan t  59.7 pos '360.3 -267.1 -296.0' spd  37.3 yaw 321 mode 2 st 2 gl 1 hp 100 frg 0
ARGLOG Carmack t  59.7 pos '639.4 -208.0  24.0' spd 334.4 yaw 198 mode 2 st 0 gl 3 hp 100 frg 6
ARGEVT Joe Rogan engage Carmack
ARGEVT Carmack engage Joe Rogan
ARGEVT Carmack grab item_armor1
ARGLOG Joe Rogan t  60.2 pos '335.5 -252.7 -296.0' spd 320.0 yaw  17.1 mode 2 st 2 gl 1 hp 100 frg 0
ARGLOG Carmack t  60.2 pos '470.3 -210.9  -8.3' spd 335.6 yaw 208.2 mode 0 st 0 gl 3 hp 100 frg 6
ARGEVT Carmack route 5 start '593.0 -247.0  24.0' goal '753.0 -887.0 -232.0'
ARGEVT Joe Rogan hazard
ARGEVT Romero respawn
ARGEVT Romero goal item_armor1
ARGLOG Romero t  60.4 pos '784.0 -176.0  24.0' spd 0 yaw 175.2 mode 0 st 2 gl 2 hp 100 frg -2
ARGEVT Romero route 2 start '785.0 -183.0  24.0' goal '529.0 -55.0 -104.0'
ARGEVT Carmack grab weapon_nailgun
ARGLOG Joe Rogan t  60.7 pos '186.8 -229.5 -296.0' spd 284.5 yaw  31.2 mode 2 st 2 gl 1 hp 80 frg 0
ARGLOG Carmack t  60.7 pos '386.5 -64.5 -224.5' spd 356.3 yaw 219.5 mode 2 st 0 gl 3 hp 100 frg 6
ARGEVT Romero engage Joe Rogan
ARGEVT Romero grab item_armor1
ARGLOG Romero t  60.9 pos '635.1 -172.5  24.0' spd 346.5 yaw 151.8 mode 2 st 2 gl 2 hp 100 frg -2
ARGEVT Carmack route 14 start '369.0   9.0 -296.0' goal '753.0 -887.0 -232.0'
ARGEVT Carmack hazard
ARGLOG Joe Rogan t  61.2 pos '157.2 -251.3 -296.0' spd 343.0 yaw  58.6 mode 2 st 2 gl 1 hp 80 frg 0
ARGLOG Carmack t  61.2 pos '387.5 -17.2 -296.0' spd 363.0 yaw 218.8 mode 2 st 0 gl 3 hp 95 frg 6
ARGLOG Romero t  61.4 pos '485.6 -91.8  -8.5' spd 289.4 yaw 207.3 mode 1 st 2 gl 2 hp 100 frg -2
ARGEVT Romero goal backpack
ARGEVT Joe Rogan hazard
ARGEVT Romero route 8 start '529.0 -55.0 -104.0' goal '-207.0 329.0 -360.0'
ARGLOG Joe Rogan t  61.7 pos '211.9 -260.3 -296.0' spd 348.7 yaw  44.8 mode 2 st 2 gl 1 hp 51 frg 0
ARGLOG Carmack t  61.7 pos '361.3 -95.0 -296.0' spd 325.8 yaw 242.0 mode 2 st 0 gl 3 hp 83 frg 6
ARGLOG Romero t  61.9 pos '566.7 -63.2 -104.0' spd 333.3 yaw 218.1 mode 2 st 2 gl 3 hp 100 frg -2
ARGEVT Joe Rogan grab 
ARGEVT Romero pursue
ARGEVT Joe Rogan retreat
ARGLOG Joe Rogan t  62.2 pos '294.9 -269.8 -296.0' spd  86.0 yaw  60.3 mode 2 st 2 gl 1 hp 33 frg 0
ARGLOG Carmack t  62.2 pos '350.7 -125.3 -296.0' spd  26.5 yaw 250.2 mode 2 st 0 gl 3 hp 83 frg 6
ARGEVT Carmack hazard
ARGLOG Romero t  62.4 pos '535.7 -194.5 -104.0' spd 337.4 yaw 192 mode 2 st 2 gl 3 hp 100 frg -2
ARGEVT Romero hazard
ARGLOG Joe Rogan t  62.7 pos '180.0 -237.2 -296.0' spd 330.7 yaw   8.1 mode 2 st 2 gl 1 hp 11 frg 0
ARGLOG Carmack t  62.8 pos '403.2 -250.6 -296.0' spd 205.4 yaw 182.2 mode 2 st 0 gl 3 hp 83 frg 6
ARGLOG Romero t  62.9 pos '465.1 -151.5 -104.0' spd 102.7 yaw 191.6 mode 2 st 2 gl 3 hp 100 frg -2
ARGEVT Joe Rogan death Romero pos ' 82.3 -244.2 -296.0'
ARGUS Romero watch spawn
ARGEVT Carmack engage Romero
ARGEVT Romero engage Carmack
ARGEVT Romero goal weapon_lightning
ARGLOG Carmack t  63.3 pos '337.8 -240.1 -296.0' spd 198.2 yaw 329.9 mode 2 st 0 gl 3 hp 83 frg 6
ARGLOG Romero t  63.4 pos '461.1 -307.1 -104.0' spd 332.7 yaw 168.9 mode 1 st 2 gl 3 hp 100 frg -1
ARGEVT Carmack hazard
ARGEVT Romero grab 
ARGLOG Carmack t  63.8 pos '267.7 -241.8 -296.0' spd 320.3 yaw 292.5 mode 2 st 0 gl 3 hp 83 frg 6
ARGLOG Romero t  64.0 pos '396.5 -454.1 -104.0' spd 200.9 yaw 135.4 mode 1 st 2 gl 3 hp 100 frg -1
ARGEVT Carmack grab 
ARGLOG Carmack t  64.3 pos '274.7 -214.2 -296.0' spd 127.3 yaw 329.1 mode 2 st 0 gl 3 hp 75 frg 6
ARGLOG Romero t  64.5 pos '487.2 -368.0 -104.0' spd 199.4 yaw 132.2 mode 1 st 2 gl 3 hp 100 frg -1
ARGEVT Joe Rogan respawn
ARGEVT Joe Rogan goal backpack
ARGLOG Joe Rogan t  64.6 pos '272.0 -952.0  24.0' spd 0 yaw   4.8 mode 0 st 2 gl 1 hp 100 frg 0
ARGEVT Carmack hazard
ARGEVT Joe Rogan route 7 start '305.0 -983.0  24.0' goal '337.0 -247.0 -296.0'
ARGLOG Carmack t  64.8 pos '258.0 -234.0 -296.0' spd  85.1 yaw 293.9 mode 2 st 0 gl 3 hp 75 frg 6
ARGLOG Romero t  65.0 pos '389.2 -449.6 -104.0' spd 323.2 yaw 142.9 mode 1 st 2 gl 3 hp 100 frg -1
ARGLOG Joe Rogan t  65.1 pos '381.7 -846.7  24.0' spd 329.0 yaw 78 mode 2 st 2 gl 1 hp 100 frg 0
ARGEVT Carmack grab 
ARGEVT Carmack weapon sg
ARGEVT Romero pursue
ARGEVT Carmack pursue
ARGLOG Carmack t  65.3 pos '180.3 -237.5 -296.0' spd 325.7 yaw 202.6 mode 2 st 0 gl 3 hp 75 frg 6
ARGEVT Joe Rogan hazard
ARGLOG Romero t  65.5 pos '241.0 -460.2 -104.0' spd 397.8 yaw 88 mode 1 st 2 gl 3 hp 100 frg -1
ARGUS Carmack hunch item_artifact_super_damage
ARGEVT Carmack goal weapon_rocketlauncher
ARGEVT Carmack route 15 start '145.0 -247.0 -296.0' goal '753.0 -887.0 -232.0'
ARGLOG Joe Rogan t  65.6 pos '384.0 -752.0  24.0' spd  73.3 yaw 102 mode 2 st 2 gl 1 hp 100 frg 0
ARGUS Romero hunch 
ARGEVT Romero goal backpack
ARGEVT Romero route 9 start '273.0 -407.0 -104.0' goal '-207.0 329.0 -360.0'
ARGEVT Carmack weapon ng
ARGLOG Carmack t  65.8 pos ' 54.7 -264.1 -296.0' spd 324.4 yaw 319.1 mode 2 st 0 gl 3 hp 75 frg 6
ARGEVT Romero weapon sg
ARGLOG Romero t  66.0 pos '194.0 -416.6 -104.0' spd 108.8 yaw 149.9 mode 2 st 2 gl 3 hp 100 frg -1
ARGLOG Joe Rogan t  66.1 pos '319.3 -667.5  24.0' spd 320.2 yaw 117 mode 2 st 2 gl 1 hp 100 frg 0
ARGEVT Romero hazard
ARGEVT Romero pursue
ARGEVT Carmack pursue
ARGEVT Carmack route 15 start ' 17.0 -247.0 -296.0' goal '753.0 -887.0 -232.0'
ARGLOG Carmack t  66.3 pos ' 27.3 -226.0 -296.0' spd 358.9 yaw 317 mode 0 st 0 gl 3 hp 75 frg 6
ARGUS routecache adopt
ARGEVT Carmack route 15 start ' 17.0 -247.0 -296.0' goal '753.0 -887.0 -232.0'
ARGEVT Romero pursue
ARGEVT Carmack hazard
ARGLOG Romero t  66.5 pos '135.6 -381.7 -104.0' spd 321.9 yaw 138.1 mode 0 st 2 gl 3 hp 100 frg -1
ARGEVT Romero route 10 start '145.0 -407.0 -104.0' goal '-207.0 329.0 -360.0'
ARGLOG Joe Rogan t  66.6 pos '307.4 -499.0  24.0' spd 368.2 yaw 148 mode 0 st 2 gl 1 hp 100 frg 0
ARGEVT Joe Rogan route 5 start '305.0 -471.0  24.0' goal '337.0 -247.0 -296.0'
ARGEVT Joe Rogan engage Carmack
ARGLOG Carmack t  66.8 pos '139.7 -221.9 -296.0' spd 132.3 yaw 292.5 mode 2 st 0 gl 3 hp 75 frg 6
ARGUS Joe Rogan bodyblock
ARGEVT Romero route 9 start '273.0 -407.0 -104.0' goal '-207.0 329.0 -360.0'
ARGLOG Romero t  67.0 pos '235.0 -418.3 -104.0' spd 345.1 yaw 103.2 mode 2 st 2 gl 3 hp 100 frg -1
ARGLOG Joe Rogan t  67.1 pos '237.0 -455.6  24.0' spd 295.6 yaw 109.2 mode 2 st 2 gl 1 hp 100 frg 0
ARGEVT Carmack grab 
ARGLOG Carmack t  67.3 pos '202.5 -233.7 -296.0' spd 276.4 yaw 275.3 mode 2 st 0 gl 3 hp 55 frg 6
ARGLOG Romero t  67.5 pos '193.3 -423.5 -104.0' spd 345.2 yaw  90.8 mode 2 st 2 gl 3 hp 100 frg -1
ARGEVT Romero route 10 start '145.0 -407.0 -104.0' goal '-207.0 329.0 -360.0'
ARGLOG Joe Rogan t  67.6 pos '264.5 -518.9  24.0' spd 339.4 yaw  95.4 mode 2 st 2 gl 1 hp 100 frg 0
ARGEVT Carmack hazard
ARGEVT Romero hazard
ARGLOG Carmack t  67.8 pos '244.9 -210.8 -296.0' spd 104.3 yaw 220.4 mode 2 st 0 gl 3 hp 55 frg 6
ARGLOG Romero t  68.0 pos '156.2 -393.7 -104.0' spd 320.9 yaw  59.5 mode 2 st 2 gl 3 hp 100 frg -1
ARGLOG Joe Rogan t  68.1 pos '128.8 -490.5  24.0' spd  72.3 yaw  74.1 mode 2 st 2 gl 1 hp 100 frg 0
ARGEVT Joe Rogan pursue
ARGUS routecache adopt
ARGEVT Romero route 10 start '145.0 -407.0 -104.0' goal '-207.0 329.0 -360.0'
ARGLOG Carmack t  68.3 pos '219.2 -225.7 -296.0' spd  95.9 yaw 302.2 mode 2 st 0 gl 3 hp 55 frg 6
ARGUS Joe Rogan hunch 
ARGEVT Joe Rogan goal weapon_lightning
ARGEVT Joe Rogan route 3 start '145.0 -375.0  -8.0' goal '529.0 -311.0 -104.0'
ARGEVT Joe Rogan hazard
ARGLOG Romero t  68.5 pos '293.7 -405.8 -104.0' spd  89.7 yaw 105.5 mode 2 st 2 gl 3 hp 100 frg -1
ARGUS Romero bodyblock
ARGLOG Joe Rogan t  68.6 pos '240.4 -418.6   4.4' spd 353.3 yaw  92.8 mode 2 st 2 gl 1 hp 100 frg 0
ARGLOG Carmack t  68.8 pos '186.2 -210.5 -296.0' spd 198.3 yaw 279.0 mode 2 st 0 gl 3 hp 47 frg 6
ARGUS Joe Rogan bodyblock
ARGEVT Joe Rogan grab weapon_grenadelauncher
ARGLOG Romero t  69.0 pos '271.6 -436.3 -104.0' spd 145.6 yaw 113.1 mode 2 st 2 gl 3 hp 100 frg -1
ARGEVT Carmack hazard
ARGEVT Carmack retreat
ARGLOG Joe Rogan t  69.1 pos '225.3 -428.7 -44.9' spd  63.4 yaw 108.4 mode 2 st 2 gl 1 hp 100 frg 0
ARGEVT Romero hazard
ARGEVT Carmack death Romero pos '182.7 -243.0 -296.0'
ARGUS Romero watch spawn
ARGEVT Joe Rogan engage Romero
ARGEVT Romero engage Joe Rogan
ARGEVT Romero goal backpack
ARGEVT Romero route 4 start '273.0 -407.0 -104.0' goal '337.0 -247.0 -296.0'
ARGLOG Romero t  69.5 pos '261.7 -444.1 -104.0' spd  36.7 yaw 170.0 mode 2 st 2 gl 3 hp 100 frg 0
ARGLOG Joe Rogan t  69.6 pos '225.0 -432.4 -104.0' spd 0 yaw 346.1 mode 2 st 2 gl 1 hp 100 frg 0
ARGLOG Romero t  70.0 pos '298.8 -527.3 -104.0' spd 472.2 yaw 136.1 mode 2 st 2 gl 3 hp 84 frg 0
ARGLOG Joe Rogan t  70.1 pos '225.0 -432.4 -104.0' spd 0 yaw 301.4 mode 2 st 2 gl 1 hp 76 frg 0
ARGEVT Romero grab item_health
ARGEVT Romero hazard
ARGLOG Romero t  70.5 pos '425.4 -487.1 -104.0' spd 142.9 yaw 155.9 mode 2 st 2 gl 3 hp 82 frg 0
ARGLOG Joe Rogan t  70.6 pos '225.0 -432.4 -104.0' spd 0 yaw 344.8 mode 2 st 2 gl 1 hp 76 frg 0
ARGEVT Romero grab weapon_lightning
ARGEVT Carmack respawn
ARGEVT Carmack goal weapon_rocketlauncher
ARGLOG Carmack t  70.8 pos '784.0 -176.0  24.0' spd 0 yaw 184.5 mode 0 st 0 gl 3 hp 100 frg 6
ARGEVT Carmack route 5 start '785.0 -183.0  24.0' goal '753.0 -887.0 -232.0'
ARGLOG Romero t  71.0 pos '453.5 -362.1 -104.0' spd 373.9 yaw 183.2 mode 2 st 2 gl 3 hp 77 frg 0
ARGLOG Joe Rogan t  71.1 pos '225.0 -432.4 -104.0' spd 0 yaw  19.3 mode 2 st 2 gl 1 hp 76 frg 0
ARGEVT Carmack hazard
ARGEVT Romero grab item_health
ARGEVT Carmack engage Joe Rogan
ARGEVT Joe Rogan goal weapon_grenadelauncher
ARGLOG Carmack t  71.3 pos '641.6 -201.3  24.0' spd 373.7 yaw 222.0 mode 2 st 0 gl 3 hp 100 frg 6
ARGEVT Romero jump
ARGLOG Romero t  71.5 pos '537.9 -403.6 -76.4' spd 354.7 yaw 187.9 mode 2 st 2 gl 3 hp 75 frg 0
ARGLOG Joe Rogan t  71.6 pos '225.0 -432.4 -104.0' spd 0 yaw   2.8 mode 1 st 2 gl 1 hp 46 frg 0
ARGEVT Carmack route 6 start '593.0 -151.0  24.0' goal '753.0 -887.0 -232.0'
ARGEVT Joe Rogan retreat
ARGLOG Carmack t  71.8 pos '499.4 -109.2   2.1' spd 320.8 yaw 225.9 mode 2 st 0 gl 3 hp 100 frg 6
ARGEVT Joe Rogan death Romero pos '225.0 -432.4 -104.0'
ARGEVT Romero engage Carmack
ARGEVT Carmack engage Romero
ARGEVT Romero goal backpack
ARGLOG Romero t  72.0 pos '576.7 -417.3 -95.4' spd  38.6 yaw 155.5 mode 0 st 2 gl 3 hp 75 frg 1
ARGEVT Romero route 3 start '529.0 -407.0 -104.0' goal '337.0 -247.0 -296.0'
ARGLOG Carmack t  72.3 pos '504.4 -71.3 -104.0' spd 322.9 yaw 288.9 mode 2 st 0 gl 3 hp 100 frg 6
ARGLOG Romero t  72.6 pos '541.0 -408.2 -104.0' spd  91.0 yaw  96.3 mode 2 st 2 gl 3 hp 75 frg 1
ARGLOG Carmack t  72.8 pos '564.1 -73.6 -104.0' spd 321.4 yaw 260.4 mode 2 st 0 gl 3 hp 100 frg 6
ARGLOG Romero t  73.1 pos '640.4 -383.4 -104.0' spd 334.2 yaw 105.2 mode 2 st 2 gl 3 hp 75 frg 1
ARGEVT Carmack hazard
ARGEVT Romero hazard
ARGLOG Carmack t  73.3 pos '455.0 -48.5 -104.0' spd 193.1 yaw 302.5 mode 2 st 0 gl 3 hp 70 frg 6
ARGEVT Joe Rogan respawn
ARGEVT Joe Rogan goal backpack
ARGEVT Joe Rogan engage Romero
ARGLOG Joe Rogan t  73.5 pos '-64.0 -232.0 -72.0' spd 0 yaw 359.2 mode 0 st 2 gl 1 hp 100 frg 0
ARGEVT Joe Rogan route 13 start '-47.0 -247.0 -72.0' goal '-207.0 329.0 -360.0'
ARGLOG Romero t  73.6 pos '573.6 -360.5 -104.0' spd 321.8 yaw 112.1 mode 2 st 2 gl 3 hp 75 frg 1
ARGEVT Carmack grab item_health
ARGLOG Carmack t  73.8 pos '572.9 -24.4 -104.0' spd 334.0 yaw 264.7 mode 2 st 0 gl 3 hp 40 frg 6
ARGLOG Joe Rogan t  74.0 pos ' 57.7 -248.9 -72.0' spd 191.8 yaw 346.6 mode 2 st 2 gl 1 hp 100 frg 0
ARGEVT Carmack retreat
ARGLOG Romero t  74.1 pos '485.8 -358.7 -104.0' spd 320.0 yaw  73.4 mode 2 st 2 gl 3 hp 67 frg 1
ARGEVT Carmack hazard
ARGLOG Carmack t  74.4 pos '566.4   3.2 -104.0' spd 0 yaw 275.0 mode 2 st 0 gl 3 hp 10 frg 6
ARGLOG Joe Rogan t  74.5 pos '111.2 -272.0 -72.0' spd   1.6 yaw 349.1 mode 2 st 2 gl 1 hp 100 frg 0
ARGEVT Joe Rogan grab 
ARGLOG Romero t  74.6 pos '658.0 -388.2 -104.0' spd 347.1 yaw  95.6 mode 2 st 2 gl 3 hp 39 frg 1
ARGEVT Carmack death Romero pos '566.4   3.2 -104.0'
ARGEVT Romero engage Joe Rogan
ARGEVT Joe Rogan hazard
ARGEVT Romero goal item_health
ARGEVT Romero route 2 start '625.0 -375.0 -104.0' goal '977.0 -471.0 -104.0'
ARGEVT Romero retreat
ARGLOG Joe Rogan t  75.0 pos '196.1 -282.5 -56.0' spd 139.3 yaw 344.0 mode 2 st 2 gl 1 hp 100 frg 0
ARGLOG Romero t  75.1 pos '629.0 -383.2 -104.0' spd 168.2 yaw 167.0 mode 2 st 2 gl 3 hp 14 frg 2
ARGEVT Romero jump
ARGEVT Romero weapon sg
ARGLOG Joe Rogan t  75.5 pos '197.7 -282.1 -56.0' spd 106.4 yaw 339.2 mode 2 st 2 gl 1 hp 96 frg 0
ARGLOG Romero t  75.6 pos '687.3 -458.9 -70.0' spd  29.7 yaw 158.5 mode 2 st 2 gl 3 hp 3 frg 2
ARGEVT Joe Rogan hazard
ARGEVT Romero death Joe Rogan pos '651.5 -449.9 -136.0'
ARGUS Joe Rogan watch spawn
ARGLOG Joe Rogan t  76.0 pos '189.6 -283.7 -56.0' spd 139.4 yaw 173.4 mode 2 st 2 gl 1 hp 96 frg 1
ARGEVT Joe Rogan goal backpack
ARGEVT Joe Rogan route 7 start '145.0 -279.0 -56.0' goal '337.0 -247.0 -296.0'
ARGEVT Joe Rogan jump
ARGEVT Carmack respawn
ARGEVT Carmack goal weapon_rocketlauncher
ARGLOG Carmack t  76.3 pos '776.0 -808.0 -232.0' spd 0 yaw  94.5 mode 1 st 0 gl 3 hp 100 frg 6
ARGLOG Joe Rogan t  76.5 pos '112.0 -295.3 -12.3' spd  36.4 yaw 310.3 mode 2 st 2 gl 1 hp 96 frg 1
ARGEVT Carmack hazard
ARGLOG Carmack t  76.8 pos '727.1 -747.7 -216.0' spd 330.6 yaw 255.4 mode 1 st 0 gl 3 hp 100 frg 6
ARGEVT Joe Rogan hazard
ARGEVT Joe Rogan jump
ARGLOG Joe Rogan t  77.1 pos '164.7 -306.4 -32.6' spd 310.9 yaw 318 mode 2 st 2 gl 1 hp 96 frg 1
ARGEVT Carmack goal backpack
ARGEVT Carmack route 5 start '753.0 -887.0 -232.0' goal '625.0 -471.0 -136.0'
ARGLOG Carmack t  77.3 pos '815.5 -863.7 -232.0' spd 452.1 yaw  66.3 mode 0 st 0 gl 4 hp 100 frg 6
ARGEVT Carmack route 6 start '817.0 -855.0 -232.0' goal '625.0 -471.0 -136.0'
ARGEVT Romero respawn
ARGEVT Romero goal backpack
ARGLOG Romero t  77.5 pos '-64.0 512.0 -296.0' spd 0 yaw 265.2 mode 0 st 2 gl 3 hp 100 frg 2
ARGEVT Romero route 3 start '-79.0 553.0 -296.0' goal '-207.0 329.0 -360.0'
ARGLOG Joe Rogan t  77.6 pos '250.5 -373.8 -12.8' spd 309.0 yaw 181 mode 2 st 2 gl 1 hp 96 frg 1
ARGEVT Carmack hazard
ARGLOG Carmack t  77.8 pos '749.9 -852.1 -232.0' spd 429.2 yaw 200.7 mode 0 st 0 gl 4 hp 100 frg 6
ARGEVT Carmack route 5 start '753.0 -887.0 -232.0' goal '625.0 -471.0 -136.0'
ARGLOG Romero t  78.0 pos '-175.3 408.1 -296.0' spd 332.3 yaw 184.9 mode 2 st 2 gl 3 hp 100 frg 2
ARGLOG Joe Rogan t  78.1 pos '272.9 -517.6 -104.0' spd 321.8 yaw 342.0 mode 2 st 2 gl 1 hp 96 frg 1
ARGEVT Romero jump
ARGUS routecache adopt
ARGEVT Carmack route 5 start '753.0 -887.0 -232.0' goal '625.0 -471.0 -136.0'
ARGLOG Carmack t  78.4 pos '722.0 -834.8 -232.0' spd 322.7 yaw 100 mode 0 st 0 gl 4 hp 100 frg 6
ARGUS routecache adopt
ARGEVT Carmack route 5 start '753.0 -887.0 -232.0' goal '625.0 -471.0 -136.0'
ARGEVT Romero abandon
ARGEVT Joe Rogan hazard
ARGEVT Romero goal weapon_rocketlauncher
ARGLOG Romero t  78.5 pos '-240.0 360.9 -254.5' spd  21.2 yaw  85.3 mode 0 st 2 gl 3 hp 100 frg 2
ARGEVT Romero route 5 start '-207.0 425.0 -296.0' goal ' 81.0  73.0 -296.0'
ARGLOG Joe Rogan t  78.6 pos '424.4 -499.3 -104.0' spd 325.8 yaw 148 mode 2 st 2 gl 1 hp 96 frg 1
ARGLOG Carmack t  78.9 pos '811.0 -728.8 -216.0' spd 333.6 yaw 118 mode 2 st 0 gl 4 hp 100 frg 6
ARGLOG Romero t  79.0 pos '-192.9 414.3 -296.0' spd 325.6 yaw 292 mode 2 st 2 gl 3 hp 100 frg 2
ARGLOG Joe Rogan t  79.1 pos '348.2 -412.3 -104.0' spd 334.7 yaw 176 mode 2 st 2 gl 1 hp 96 frg 1
ARGLOG Carmack t  79.4 pos '795.3 -893.2 -232.0' spd 405.2 yaw 172.4 mode 0 st 0 gl 4 hp 100 frg 6
ARGEVT Carmack route 5 start '753.0 -887.0 -232.0' goal '625.0 -471.0 -136.0'
ARGEVT Romero hazard
ARGEVT Carmack hazard
ARGLOG Romero t  79.5 pos '-39.2 442.2 -296.0' spd 224.8 yaw 253 mode 2 st 2 gl 3 hp 100 frg 2
ARGLOG Joe Rogan t  79.6 pos '182.9 -402.4 -104.0' spd 328.8 yaw 111.4 mode 0 st 2 gl 1 hp 96 frg 1
ARGUS routecache adopt
ARGEVT Carmack route 5 start '753.0 -887.0 -232.0' goal '625.0 -471.0 -136.0'
ARGEVT Joe Rogan route 5 start '145.0 -407.0 -104.0' goal '337.0 -247.0 -296.0'
ARGEVT Joe Rogan hazard
ARGEVT Carmack route 6 start '753.0 -759.0 -232.0' goal '625.0 -471.0 -136.0'
ARGLOG Carmack t  79.9 pos '730.8 -781.6 -232.0' spd 324.8 yaw 112 mode 2 st 0 gl 4 hp 100 frg 6
ARGLOG Romero t  80.0 pos ' 33.9 409.0 -296.0' spd  59.7 yaw 240 mode 2 st 2 gl 3 hp 100 frg 2
ARGLOG Joe Rogan t  80.1 pos '145.9 -385.6 -104.0' spd 322.6 yaw 357 mode 2 st 2 gl 1 hp 96 frg 1
ARGEVT Joe Rogan route 5 start '145.0 -407.0 -104.0' goal '337.0 -247.0 -296.0'
ARGLOG Carmack t  80.4 pos '827.1 -723.7 -216.0' spd 143.1 yaw 119 mode 2 st 0 gl 4 hp 100 frg 6
ARGEVT Romero hazard
ARGLOG Romero t  80.6 pos ' 59.4 402.1 -296.0' spd  48.4 yaw 236 mode 2 st 2 gl 3 hp 100 frg 2
ARGLOG Joe Rogan t  80.6 pos '312.0 -394.0 -104.0' spd 320.8 yaw 357 mode 2 st 2 gl 1 hp 96 frg 1
ARGLOG Carmack t  80.9 pos '782.8 -880.0 -232.0' spd 372.5 yaw 189.4 mode 0 st 0 gl 4 hp 100 frg 6
ARGEVT Carmack hazard
ARGEVT Carmack route 5 start '753.0 -887.0 -232.0' goal '625.0 -471.0 -136.0'
ARGLOG Romero t  81.1 pos ' 81.9 396.1 -296.0' spd  43.8 yaw 233 mode 2 st 2 gl 3 hp 100 frg 2
ARGLOG Joe Rogan t  81.1 pos '474.6 -398.9 -104.0' spd 320.5 yaw 352 mode 2 st 2 gl 1 hp 96 frg 1
ARGEVT Joe Rogan jump
ARGEVT Carmack route 6 start '753.0 -759.0 -232.0' goal '625.0 -471.0 -136.0'
ARGLOG Carmack t  81.4 pos '723.0 -769.5 -232.0' spd 353.1 yaw 112 mode 2 st 0 gl 4 hp 100 frg 6
ARGEVT Romero hazard
ARGLOG Romero t  81.6 pos ' 78.0 393.6 -296.0' spd 220.7 yaw 233 mode 2 st 2 gl 3 hp 100 frg 2
ARGLOG Joe Rogan t  81.6 pos '634.5 -413.5 -68.3' spd 321.7 yaw 150 mode 2 st 2 gl 1 hp 96 frg 1
ARGEVT Romero stall
ARGEVT Romero stallnode '-111.0 201.0 -296.0'
ARGEVT Romero jump
ARGEVT Romero route 6 start ' 81.0 425.0 -296.0' goal ' 81.0  73.0 -296.0'
ARGEVT Carmack goal backpack
ARGEVT Carmack route 10 start '817.0 -727.0 -216.0' goal '-207.0 329.0 -360.0'
ARGLOG Carmack t  81.9 pos '835.1 -720.0 -216.0' spd 199.6 yaw  32.8 mode 2 st 0 gl 4 hp 100 frg 6
ARGEVT Carmack hazard
ARGLOG Romero t  82.1 pos '-34.9 356.7 -258.7' spd 254.5 yaw 127 mode 2 st 3 gl 3 hp 100 frg 2
ARGLOG Joe Rogan t  82.1 pos '453.7 -240.0 -296.0' spd 300 yaw 184 mode 2 st 2 gl 1 hp 96 frg 1
ARGLOG Carmack t  82.4 pos '790.5 -702.7 -200.0' spd 337.3 yaw 120 mode 2 st 0 gl 4 hp 100 frg 6
ARGEVT Romero hazard
ARGLOG Romero t  82.6 pos '-102.3 298.1 -296.0' spd  60.3 yaw 93 mode 2 st 3 gl 3 hp 100 frg 2
ARGLOG Joe Rogan t  82.6 pos '487.0 -252.1 -296.0' spd 364.2 yaw 178 mode 2 st 2 gl 1 hp 96 frg 1
ARGEVT Joe Rogan hazard
ARGLOG Carmack t  82.9 pos '752.0 -628.4 -168.0' spd 112.8 yaw 118 mode 2 st 0 gl 4 hp 100 frg 6
ARGLOG Romero t  83.1 pos '-111.0 386.5 -296.0' spd 382.1 yaw 264 mode 2 st 3 gl 3 hp 100 frg 2
ARGLOG Joe Rogan t  83.1 pos '639.3 -272.0 -296.0' spd 165.6 yaw 175 mode 2 st 2 gl 1 hp 96 frg 1
ARGLOG Carmack t  83.4 pos '746.0 -785.8 -232.0' spd 378.5 yaw 214 mode 2 st 0 gl 4 hp 100 frg 6
ARGEVT Carmack hazard
ARGEVT Romero hazard
ARGLOG Romero t  83.6 pos '-114.0 418.7 -296.0' spd 370.2 yaw 265 mode 2 st 3 gl 3 hp 100 frg 2
ARGLOG Joe Rogan t  83.6 pos '601.5 -272.0 -296.0' spd  87.6 yaw 174 mode 2 st 2 gl 1 hp 96 frg 1
ARGUS routecache adopt
ARGEVT Carmack route 9 start '753.0 -887.0 -232.0' goal '-207.0 329.0 -360.0'
ARGEVT Joe Rogan hazard
ARGUS routecache adopt
ARGEVT Carmack route 9 start '753.0 -887.0 -232.0' goal '-207.0 329.0 -360.0'
ARGLOG Carmack t  83.9 pos '720.0 -822.4 -232.0' spd 324.3 yaw 100 mode 2 st 0 gl 4 hp 100 frg 6
ARGLOG Romero t  84.1 pos '-49.8 246.5 -296.0' spd 361.5 yaw 305 mode 2 st 3 gl 3 hp 100 frg 2
ARGLOG Joe Rogan t  84.1 pos '563.8 -272.0 -296.0' spd  60.7 yaw 173 mode 2 st 2 gl 1 hp 96 frg 1
ARGLOG Carmack t  84.4 pos '720.0 -752.0 -232.0' spd 0 yaw 103 mode 2 st 0 gl 4 hp 100 frg 6
ARGLOG Romero t  84.6 pos '-40.9  85.0 -296.0' spd 348.2 yaw 317.4 mode 1 st 3 gl 3 hp 100 frg 2
ARGLOG Joe Rogan t  84.6 pos '536.8 -272.0 -296.0' spd  47.6 yaw 172 mode 2 st 2 gl 1 hp 96 frg 1
ARGEVT Joe Rogan hazard
ARGEVT Romero hazard
ARGEVT Carmack hazard
ARGLOG Carmack t  84.9 pos '744.9 -720.0 -216.0' spd 295.3 yaw 115 mode 2 st 0 gl 4 hp 100 frg 6
ARGLOG Romero t  85.1 pos '-16.0  40.1 -296.0' spd 369.2 yaw  42.8 mode 1 st 3 gl 3 hp 100 frg 2
ARGLOG Joe Rogan t  85.1 pos '514.3 -272.0 -296.0' spd  41.5 yaw 171 mode 2 st 2 gl 1 hp 96 frg 1
ARGLOG Carmack t  85.4 pos '833.2 -827.1 -232.0' spd 394.9 yaw 117 mode 2 st 0 gl 4 hp 100 frg 6
ARGEVT Romero goal item_armorInv
ARGEVT Romero route 13 start ' 81.0  73.0 -296.0' goal '817.0 -855.0 -232.0'
ARGLOG Romero t  85.6 pos ' 84.9  63.0 -296.0' spd 249.0 yaw 239 mode 2 st 3 gl 4 hp 100 frg 2
ARGLOG Joe Rogan t  85.7 pos '455.8 -272.0 -296.0' spd 331.2 yaw 191.2 mode 2 st 2 gl 1 hp 96 frg 1
ARGEVT Joe Rogan engage Carmack
ARGEVT Carmack engage Joe Rogan
ARGEVT Carmack route 9 start '753.0 -887.0 -232.0' goal '-207.0 329.0 -360.0'
ARGUS Carmack leadclip
ARGUS routecache adopt
ARGEVT Carmack route 7 start '369.0   9.0 -296.0' goal '-207.0 329.0 -360.0'
ARGLOG Carmack t  85.9 pos '368.0  -0.1 -276.1' spd 300 yaw 282.4 mode 0 st 0 gl 4 hp 100 frg 6
ARGLOG Romero t  86.1 pos '-82.0  49.0 -296.0' spd 396.1 yaw 289 mode 2 st 3 gl 4 hp 100 frg 2
ARGEVT Romero hazard
ARGLOG Joe Rogan t  86.2 pos '488.3 -221.1 -296.0' spd 261.5 yaw 130.0 mode 2 st 2 gl 1 hp 96 frg 1
ARGEVT Joe Rogan hazard
ARGEVT Joe Rogan retreat
ARGLOG Carmack t  86.5 pos '368.0 -34.9 -296.0' spd 177.4 yaw 286.9 mode 2 st 0 gl 4 hp 95 frg 6
ARGEVT Carmack hazard
ARGLOG Romero t  86.6 pos '-34.2  44.9 -296.0' spd 341.3 yaw 280 mode 2 st 3 gl 4 hp 100 frg 2
ARGLOG Joe Rogan t  86.7 pos '551.9 -272.0 -296.0' spd 324.4 yaw 140.3 mode 2 st 2 gl 1 hp 17 frg 1
ARGEVT Joe Rogan pursue
ARGEVT Carmack pursue
ARGLOG Carmack t  87.0 pos '342.2 -121.9 -296.0' spd 330.1 yaw 317 mode 2 st 0 gl 4 hp 95 frg 6
ARGUS Carmack hunch 
ARGEVT Carmack pursue
ARGUS Carmack prefire
ARGUS Joe Rogan hunch item_artifact_super_damage
ARGEVT Romero hazard
ARGLOG Romero t  87.2 pos ' 51.3  48.3 -296.0' spd  43.2 yaw 264 mode 2 st 3 gl 4 hp 100 frg 2
ARGEVT Carmack goal backpack
ARGEVT Carmack route 2 start '337.0 -119.0 -296.0' goal '337.0 -247.0 -296.0'
ARGLOG Joe Rogan t  87.2 pos '608.3 -202.7 -296.0' spd 202.2 yaw 268.5 mode 2 st 2 gl 1 hp 17 frg 1
ARGEVT Carmack pursue
ARGEVT Joe Rogan goal item_health
ARGEVT Joe Rogan route 2 start '593.0 -215.0 -296.0' goal '529.0  73.0 -296.0'
ARGEVT Joe Rogan death Carmack pos '594.9 -210.2 -296.0'
ARGUS Carmack watch spawn
ARGEVT Carmack goal backpack
ARGEVT Carmack route 1 start '369.0 -215.0 -296.0' goal '337.0 -247.0 -296.0'
ARGLOG Carmack t  87.5 pos '392.8 -217.2 -296.0' spd 199.0 yaw 316.0 mode 2 st 0 gl 4 hp 74 frg 7
ARGLOG Romero t  87.7 pos ' 72.7  49.0 -296.0' spd  39.3 yaw 260 mode 2 st 3 gl 4 hp 100 frg 2
ARGLOG Carmack t  88.0 pos '547.8 -248.1 -296.0' spd 320.3 yaw 345 mode 2 st 0 gl 4 hp 74 frg 7
ARGEVT Romero hazard
ARGEVT Carmack hazard
ARGLOG Romero t  88.2 pos ' 93.8  48.2 -296.0' spd  36.9 yaw 256 mode 2 st 3 gl 4 hp 100 frg 2
ARGLOG Carmack t  88.5 pos '616.6 -265.9 -296.0' spd 327.8 yaw 186.6 mode 2 st 0 gl 4 hp 74 frg 7
ARGLOG Romero t  88.7 pos ' 10.5  48.0 -296.0' spd 281.0 yaw 272 mode 2 st 3 gl 4 hp 100 frg 2
ARGEVT Joe Rogan respawn
ARGEVT Joe Rogan goal backpack
ARGLOG Joe Rogan t  88.8 pos '784.0 -176.0  24.0' spd 0 yaw 175.5 mode 0 st 2 gl 1 hp 100 frg 1
ARGEVT Joe Rogan route 10 start '785.0 -183.0  24.0' goal '-207.0 329.0 -360.0'
ARGLOG Carmack t  89.0 pos '446.7 -265.6 -296.0' spd 276.5 yaw 278.7 mode 2 st 0 gl 4 hp 74 frg 7
ARGEVT Carmack hazard
ARGLOG Romero t  89.2 pos '-39.4 -83.0 -296.0' spd 392.1 yaw 337 mode 2 st 3 gl 4 hp 100 frg 2
ARGLOG Joe Rogan t  89.3 pos '637.2 -163.2  24.0' spd 320 yaw 175 mode 2 st 2 gl 1 hp 100 frg 1
ARGEVT Romero hazard
ARGLOG Carmack t  89.5 pos '432.0 -274.4 -296.0' spd 0 yaw 360 mode 2 st 0 gl 4 hp 74 frg 7
ARGEVT Carmack engage Romero
ARGUS Carmack leadclip
ARGEVT Carmack grab 
ARGEVT Romero engage Carmack
ARGEVT Romero grab 
ARGEVT Joe Rogan engage Romero
ARGEVT Joe Rogan grab item_armor1
ARGEVT Romero route 9 start ' 17.0 -247.0 -296.0' goal '817.0 -855.0 -232.0'
ARGLOG Romero t  89.7 pos ' 14.1 -247.1 -296.0' spd 370.3 yaw 341.2 mode 2 st 3 gl 4 hp 100 frg 2
ARGLOG Joe Rogan t  89.8 pos '473.5 -133.3  -7.1' spd 331.8 yaw 200.0 mode 2 st 2 gl 1 hp 100 frg 1
ARGLOG Carmack t  90.0 pos '292.7 -282.6 -296.0' spd 320.0 yaw 162.3 mode 1 st 0 gl 4 hp 74 frg 7
ARGEVT Romero weapon sg
ARGEVT Carmack weapon sg
ARGEVT Joe Rogan grab 
ARGLOG Romero t  90.2 pos '160.6 -252.4 -296.0' spd 143.6 yaw 345.0 mode 2 st 3 gl 4 hp 68 frg 2
ARGEVT Carmack hazard
ARGLOG Joe Rogan t  90.3 pos '544.4 -40.1 -104.0' spd 288.5 yaw 213.6 mode 2 st 2 gl 1 hp 100 frg 1
ARGLOG Carmack t  90.5 pos '284.6 -224.3 -296.0' spd  71.1 yaw 183.5 mode 1 st 0 gl 4 hp 70 frg 7
ARGEVT Romero grab 
ARGEVT Romero hazard
ARGEVT Joe Rogan pursue
ARGLOG Romero t  90.7 pos '147.8 -253.1 -296.0' spd 353.6 yaw   1.9 mode 2 st 3 gl 4 hp 44 frg 2
ARGEVT Joe Rogan jump
ARGLOG Joe Rogan t  90.8 pos '609.9 -179.6 -96.6' spd 312.8 yaw 189 mode 2 st 2 gl 1 hp 100 frg 1
ARGEVT Carmack weapon rl
ARGEVT Romero weapon rl
ARGLOG Carmack t  91.0 pos '270.3 -244.7 -296.0' spd  34.3 yaw 186.3 mode 1 st 0 gl 4 hp 67 frg 7
ARGLOG Romero t  91.2 pos ' 53.5 -256.3 -296.0' spd 131.7 yaw 356.1 mode 2 st 3 gl 4 hp 36 frg 2
ARGEVT Carmack hazard
ARGEVT Carmack death Romero pos '259.3 -242.8 -296.0'
ARGUS Romero watch spawn
ARGEVT Romero engage Joe Rogan
ARGUS Romero leadclip
ARGLOG Joe Rogan t  91.3 pos '528.8 -315.5 -77.1' spd 312.8 yaw 175.1 mode 2 st 2 gl 1 hp 100 frg 1
ARGEVT Romero death Carmack pos ' 52.2 -258.7 -296.0'
ARGEVT Joe Rogan hazard
ARGLOG Joe Rogan t  91.8 pos '379.7 -404.5 -104.0' spd 460.5 yaw 345 mode 2 st 2 gl 1 hp 100 frg 1
ARGEVT Joe Rogan route 9 start '305.0 -407.0 -104.0' goal '-207.0 329.0 -360.0'
ARGLOG Joe Rogan t  92.4 pos '346.6 -402.2 -104.0' spd 334.1 yaw 347 mode 2 st 2 gl 1 hp 100 frg 1
ARGEVT Carmack respawn
ARGEVT Carmack goal item_armorInv
ARGLOG Carmack t  92.8 pos '776.0 -808.0 -232.0' spd 0 yaw  94.5 mode 1 st 0 gl 4 hp 100 frg 8
ARGLOG Joe Rogan t  92.9 pos '504.1 -350.4 -104.0' spd 322.3 yaw  28.9 mode 2 st 2 gl 1 hp 100 frg 1
ARGEVT Romero respawn
ARGEVT Romero goal item_health
ARGLOG Romero t  92.9 pos '-64.0 512.0 -296.0' spd 0 yaw 274.5 mode 1 st 3 gl 4 hp 100 frg 3
ARGEVT Carmack hazard
ARGEVT Romero hazard
ARGLOG Carmack t  93.3 pos '723.4 -813.4 -232.0' spd 380.6 yaw 236.6 mode 1 st 0 gl 4 hp 100 frg 8
ARGLOG Joe Rogan t  93.4 pos '555.2 -189.5 -104.0' spd 480.5 yaw 188.9 mode 2 st 2 gl 1 hp 100 frg 1
ARGLOG Romero t  93.4 pos ' 33.5 417.0 -296.0' spd 359.1 yaw  21.0 mode 1 st 3 gl 4 hp 100 frg 3
ARGEVT Joe Rogan hazard
ARGEVT Joe Rogan engage Carmack
ARGEVT Carmack engage Joe Rogan
ARGEVT Joe Rogan route 8 start '465.0 -279.0 -104.0' goal '-207.0 329.0 -360.0'
ARGLOG Carmack t  93.8 pos '368.0   0.5 -275.7' spd 300 yaw 290.2 mode 1 st 0 gl 4 hp 100 frg 8
ARGLOG Joe Rogan t  93.9 pos '509.3 -218.9 -104.0' spd 346.5 yaw 114.9 mode 2 st 2 gl 1 hp 100 frg 1
ARGLOG Romero t  93.9 pos ' 10.6 438.5 -296.0' spd 200.6 yaw  89.2 mode 1 st 3 gl 4 hp 100 frg 3
ARGEVT Carmack pursue
ARGEVT Joe Rogan pursue
ARGLOG Carmack t  94.3 pos '368.0 -34.9 -296.0' spd 300 yaw 301.0 mode 1 st 0 gl 4 hp 100 frg 8
ARGEVT Romero goal weapon_lightning
ARGLOG Joe Rogan t  94.4 pos '578.8 -96.0 -104.0' spd 359.3 yaw 151 mode 0 st 2 gl 1 hp 100 frg 1
ARGEVT Joe Rogan route 8 start '561.0 -87.0 -104.0' goal '-207.0 329.0 -360.0'
ARGLOG Romero t  94.4 pos '-12.8 608.0 -296.0' spd 189.8 yaw 343.0 mode 0 st 3 gl 5 hp 200 frg 3
ARGEVT Romero hazard
ARGUS Carmack hunch 
ARGEVT Romero route 16 start '-47.0 585.0 -296.0' goal '529.0 -311.0 -104.0'
ARGEVT Carmack hazard
ARGEVT Joe Rogan hazard
ARGUS Joe Rogan hunch item_artifact_super_damage
ARGEVT Carmack goal backpack
ARGEVT Carmack pursue
ARGEVT Joe Rogan pursue
ARGEVT Joe Rogan goal backpack
ARGEVT Joe Rogan route 4 start '529.0 -55.0 -104.0' goal ' 17.0 -247.0 -296.0'
ARGEVT Carmack pursue
ARGLOG Carmack t  94.8 pos '344.3 -182.6 -296.0' spd 330.2 yaw 248.1 mode 1 st 0 gl 4 hp 100 frg 8
ARGLOG Joe Rogan t  94.9 pos '509.1 -100.7 -104.0' spd 320.5 yaw 275.2 mode 2 st 2 gl 1 hp 100 frg 1
ARGLOG Romero t  94.9 pos ' 12.2 482.8 -296.0' spd 320.0 yaw 285.8 mode 2 st 3 gl 5 hp 200 frg 3
ARGEVT Carmack goal item_armorInv
ARGEVT Carmack route 8 start '337.0 -247.0 -296.0' goal '817.0 -855.0 -232.0'
ARGEVT Carmack rjump
ARGEVT Carmack weapon ng
ARGLOG Carmack t  95.3 pos '416.6 -309.6 -183.0' spd 230.7 yaw   1.1 mode 2 st 0 gl 5 hp 49 frg 8
ARGLOG Joe Rogan t  95.4 pos '467.7 -256.2 -104.0' spd  84.0 yaw 217.2 mode 2 st 2 gl 1 hp 100 frg 1
ARGEVT Carmack retreat
ARGLOG Romero t  95.4 pos '-60.6 418.7 -296.0' spd 295.2 yaw 273 mode 2 st 3 gl 5 hp 200 frg 3
ARGEVT Romero hazard
ARGEVT Carmack weapon rl
ARGLOG Carmack t  95.8 pos '354.7 -368.4 -85.0' spd 198.7 yaw  12.5 mode 2 st 0 gl 5 hp 25 frg 8
ARGLOG Joe Rogan t  95.9 pos '582.0 -279.3 -104.0' spd 350.9 yaw 208.5 mode 2 st 2 gl 1 hp 100 frg 1
ARGLOG Romero t  96.0 pos '-60.8 336.6 -296.0' spd 294.7 yaw 273 mode 2 st 3 gl 5 hp 200 frg 3
ARGUS Carmack leadclip
ARGLOG Carmack t  96.3 pos '323.8 -492.7 -104.0' spd 328.5 yaw  56.1 mode 2 st 0 gl 5 hp 17 frg 8
ARGLOG Joe Rogan t  96.4 pos '585.0 -148.9 -104.0' spd 447.8 yaw 228.9 mode 2 st 2 gl 1 hp 51 frg 1
ARGLOG Romero t  96.5 pos '-64.8 237.3 -296.0' spd 322.7 yaw 273 mode 2 st 3 gl 5 hp 200 frg 3
ARGEVT Joe Rogan route 4 start '561.0 -87.0 -104.0' goal ' 17.0 -247.0 -296.0'
ARGEVT Joe Rogan hazard
ARGLOG Carmack t  96.8 pos '368.0 -645.9 -104.0' spd 322.8 yaw  87.8 mode 0 st 0 gl 5 hp 17 frg 8
ARGLOG Joe Rogan t  96.9 pos '480.8 -99.2 -104.0' spd 337.2 yaw 259.7 mode 2 st 2 gl 1 hp 51 frg 1
ARGEVT Carmack route 7 start '337.0 -663.0 -104.0' goal '817.0 -855.0 -232.0'
ARGLOG Romero t  97.0 pos '-55.7  76.5 -296.0' spd 323.4 yaw 286.8 mode 2 st 3 gl 5 hp 200 frg 3
ARGEVT Joe Rogan pursue
ARGEVT Carmack pursue
ARGEVT Carmack hazard
ARGLOG Carmack t  97.3 pos '379.3 -754.3 -104.0' spd 116.3 yaw  93.4 mode 2 st 0 gl 5 hp 17 frg 8
ARGLOG Joe Rogan t  97.4 pos '561.4 -247.2 -104.0' spd 344.7 yaw 242 mode 2 st 2 gl 1 hp 51 frg 1
ARGLOG Romero t  97.5 pos '-18.4 -88.2 -296.0' spd 332.3 yaw 283 mode 2 st 3 gl 5 hp 200 frg 3
ARGEVT Romero engage Joe Rogan
ARGEVT Romero grab 
ARGEVT Romero route 11 start ' 17.0 -247.0 -296.0' goal '529.0 -311.0 -104.0'
ARGLOG Carmack t  97.9 pos '408.9 -757.3 -104.0' spd  64.4 yaw 110 mode 2 st 0 gl 5 hp 17 frg 8
ARGLOG Joe Rogan t  97.9 pos '506.3 -404.2 -104.0' spd 321.0 yaw 236 mode 2 st 2 gl 1 hp 51 frg 1
ARGUS Romero leadclip
ARGLOG Romero t  98.0 pos ' 33.6 -237.7 -296.0' spd 402.2 yaw 346.3 mode 0 st 3 gl 5 hp 200 frg 3
ARGEVT Joe Rogan hazard
ARGEVT Joe Rogan goal weapon_lightning
ARGUS routecache adopt
ARGEVT Romero route 11 start ' 17.0 -247.0 -296.0' goal '529.0 -311.0 -104.0'
ARGEVT Romero hazard
ARGEVT Carmack hazard
ARGLOG Carmack t  98.4 pos '439.5 -752.0 -104.0' spd  42.3 yaw 118 mode 2 st 0 gl 5 hp 17 frg 8
ARGEVT Joe Rogan pursue
ARGEVT Romero pursue
ARGLOG Joe Rogan t  98.4 pos '630.5 -432.0 -109.7' spd 321.1 yaw  86.6 mode 1 st 2 gl 1 hp 51 frg 1
ARGLOG Romero t  98.5 pos '156.2 -256.5 -296.0' spd 320.0 yaw 334 mode 2 st 3 gl 5 hp 200 frg 3
ARGUS Romero hunch item_health
ARGEVT Romero goal item_armorInv
ARGEVT Romero pursue
ARGEVT Romero route 9 start '145.0 -247.0 -296.0' goal '817.0 -855.0 -232.0'
ARGEVT Romero pursue
ARGLOG Carmack t  98.9 pos '379.5 -752.0 -104.0' spd 225.3 yaw 102 mode 2 st 0 gl 5 hp 17 frg 8
ARGEVT Romero pursue
ARGEVT Carmack pursue
ARGLOG Joe Rogan t  98.9 pos '613.8 -294.4 -104.0' spd 411.9 yaw 192.4 mode 1 st 2 gl 1 hp 51 frg 1
ARGLOG Romero t  99.0 pos '252.1 -207.4 -296.0' spd 337.5 yaw  31.4 mode 2 st 3 gl 5 hp 200 frg 3
ARGUS Carmack prefire
ARGEVT Carmack death Carmack pos '346.6 -648.1 -104.0'
ARGEVT Joe Rogan engage Romero
ARGEVT Joe Rogan grab item_health
ARGEVT Romero hazard
ARGLOG Joe Rogan t  99.4 pos '454.4 -363.3 -104.0' spd 397.9 yaw 142.8 mode 1 st 2 gl 1 hp 51 frg 1
ARGLOG Romero t  99.5 pos '388.1 -179.8 -296.0' spd 324.0 yaw 298.1 mode 2 st 3 gl 5 hp 199 frg 3
ARGEVT Romero pursue
ARGEVT Joe Rogan pursue
ARGLOG Joe Rogan t  99.9 pos '544.6 -384.8 -104.0' spd  41.8 yaw 129 mode 1 st 2 gl 1 hp 51 frg 1
ARGLOG Romero t 100.0 pos '373.4 -98.3 -296.0' spd 267.7 yaw 287 mode 2 st 3 gl 5 hp 199 frg 3
ARGEVT Romero pursue
ARGEVT Joe Rogan hazard
ARGEVT Romero rjump
ARGEVT Joe Rogan pursue
ARGUS Romero leadclip
ARGLOG Joe Rogan t 100.5 pos '472.1 -262.6 -104.0' spd 180.3 yaw 137.5 mode 1 st 2 gl 1 hp 51 frg 1
ARGLOG Romero t 100.5 pos '350.3 -249.8 -238.0' spd 388.0 yaw 339.9 mode 2 st 3 gl 5 hp 148 frg 3
ARGEVT Romero weapon sg
ARGEVT Romero weapon rl
ARGEVT Carmack respawn
ARGEVT Carmack goal weapon_rocketlauncher
ARGLOG Carmack t 100.8 pos '776.0 -808.0 -232.0' spd 0 yaw  94.5 mode 1 st 0 gl 5 hp 100 frg 7
ARGLOG Joe Rogan t 101.0 pos '505.4 -335.5 -104.0' spd 243.2 yaw 157.8 mode 1 st 2 gl 1 hp 51 frg 1
ARGLOG Romero t 101.0 pos '251.9 -237.4 -81.0' spd 207.3 yaw 351.3 mode 2 st 3 gl 5 hp 148 frg 3
ARGEVT Carmack hazard
ARGEVT Romero weapon sg
ARGLOG Carmack t 101.3 pos '728.8 -726.6 -216.0' spd 205.4 yaw 213.6 mode 1 st 0 gl 5 hp 100 frg 7
ARGEVT Joe Rogan goal backpack
ARGEVT Joe Rogan route 4 start '561.0 -183.0 -104.0' goal '337.0 -663.0 -104.0'
ARGLOG Joe Rogan t 101.5 pos '530.2 -174.2 -104.0' spd 331.1 yaw 187.8 mode 2 st 2 gl 1 hp 51 frg 1
ARGLOG Romero t 101.5 pos '214.7 -243.7 -126.1' spd  37.1 yaw  14.0 mode 2 st 3 gl 5 hp 143 frg 3
ARGEVT Joe Rogan death Romero pos '524.3 -141.4 -104.0'
ARGUS Romero watch spawn
ARGEVT Romero goal backpack
ARGEVT Romero route 12 start '145.0 -247.0 -296.0' goal '561.0 -183.0 -104.0'
ARGLOG Carmack t 101.8 pos '720.0 -904.3 -232.0' spd 407.6 yaw 201.8 mode 1 st 0 gl 5 hp 100 frg 7
ARGLOG Romero t 102.0 pos '253.1 -258.3 -296.0' spd 321.7 yaw 3 mode 2 st 3 gl 5 hp 143 frg 4
ARGEVT Romero hazard
ARGLOG Carmack t 102.3 pos '720.1 -804.0 -232.0' spd 320.8 yaw  81.2 mode 1 st 0 gl 5 hp 100 frg 7
ARGEVT Carmack hazard
ARGLOG Romero t 102.5 pos '420.2 -221.3 -296.0' spd 360.5 yaw 323 mode 2 st 3 gl 5 hp 142 frg 4
ARGLOG Carmack t 102.8 pos '802.9 -665.3 -184.0' spd 387.4 yaw 104.2 mode 1 st 0 gl 5 hp 100 frg 7
ARGLOG Romero t 103.0 pos '590.7 -270.8 -296.0' spd 408.5 yaw 84 mode 2 st 3 gl 5 hp 142 frg 4
ARGEVT Joe Rogan respawn
ARGEVT Carmack engage Joe Rogan
ARGEVT Joe Rogan goal backpack
ARGEVT Joe Rogan engage Carmack
ARGLOG Joe Rogan t 103.1 pos '776.0 -808.0 -232.0' spd 0 yaw  90.1 mode 0 st 2 gl 1 hp 100 frg 1
ARGEVT Joe Rogan route 12 start '753.0 -759.0 -232.0' goal '337.0 -663.0 -104.0'
ARGEVT Romero hazard
ARGLOG Carmack t 103.3 pos '783.7 -528.0 -120.0' spd 234.7 yaw 262.4 mode 1 st 0 gl 5 hp 100 frg 7
ARGLOG Romero t 103.6 pos '598.0 -108.7 -296.0' spd 279.7 yaw 214.4 mode 2 st 3 gl 5 hp 141 frg 4
ARGLOG Joe Rogan t 103.6 pos '806.9 -789.3 -232.0' spd 321.1 yaw  78.7 mode 2 st 2 gl 1 hp 100 frg 1
ARGLOG Carmack t 103.8 pos '939.6 -570.9 -104.0' spd 330.9 yaw 249.7 mode 1 st 0 gl 5 hp 100 frg 7
ARGEVT Joe Rogan pursue
ARGEVT Carmack pursue
ARGUS Carmack hunch 
ARGEVT Carmack goal weapon_rocketlauncher
ARGEVT Carmack route 3 start '945.0 -567.0 -104.0' goal '753.0 -887.0 -232.0'
ARGLOG Romero t 104.1 pos '618.6 -198.2 -296.0' spd 325.8 yaw 305 mode 2 st 3 gl 5 hp 141 frg 4
ARGLOG Joe Rogan t 104.1 pos '781.0 -686.0 -184.0' spd 357.1 yaw 64 mode 2 st 2 gl 1 hp 100 frg 1
ARGEVT Carmack pursue
ARGEVT Romero hazard
ARGLOG Carmack t 104.3 pos '951.9 -579.7 -104.0' spd 164.1 yaw 163.1 mode 2 st 0 gl 5 hp 100 frg 7
ARGEVT Romero route 9 start '593.0 -215.0 -296.0' goal '561.0 -183.0 -104.0'
ARGEVT Joe Rogan hazard
ARGLOG Romero t 104.6 pos '550.0 -272.0 -296.0' spd 336.9 yaw 78 mode 2 st 3 gl 5 hp 140 frg 4
ARGLOG Joe Rogan t 104.6 pos '808.0 -638.5 -168.0' spd 257.4 yaw  10.7 mode 2 st 2 gl 1 hp 100 frg 1
ARGLOG Carmack t 104.8 pos '882.1 -533.3 -104.0' spd 323.0 yaw 215.2 mode 2 st 0 gl 5 hp 100 frg 7
ARGLOG Romero t 105.1 pos '408.2 -213.7 -296.0' spd 243.4 yaw  30.8 mode 2 st 3 gl 5 hp 140 frg 4
ARGLOG Joe Rogan t 105.1 pos '760.5 -530.4 -120.0' spd 196.0 yaw  47.3 mode 0 st 2 gl 1 hp 76 frg 1
ARGEVT Joe Rogan route 14 start '753.0 -503.0 -104.0' goal '337.0 -663.0 -104.0'
ARGEVT Carmack hazard
ARGEVT Joe Rogan grab item_health
ARGEVT Romero hazard
ARGLOG Carmack t 105.3 pos '798.1 -412.0 -104.0' spd 323.2 yaw 242.5 mode 2 st 0 gl 5 hp 96 frg 7
ARGLOG Romero t 105.6 pos '400.4 -150.3 -296.0' spd 126.1 yaw 48 mode 2 st 3 gl 5 hp 139 frg 4
ARGLOG Joe Rogan t 105.6 pos '842.6 -528.5 -104.0' spd 327.4 yaw 113.7 mode 2 st 2 gl 1 hp 76 frg 1
ARGLOG Carmack t 105.8 pos '825.1 -411.1 -104.0' spd 176.4 yaw 311.0 mode 2 st 0 gl 5 hp 96 frg 7
ARGLOG Romero t 106.1 pos '403.2 -79.8 -296.0' spd  87.3 yaw 39 mode 2 st 3 gl 5 hp 139 frg 4
ARGLOG Joe Rogan t 106.1 pos '997.2 -453.1 -104.0' spd 296.6 yaw 167.1 mode 2 st 2 gl 1 hp 100 frg 1
ARGEVT Carmack jump
ARGEVT Romero hazard
ARGLOG Carmack t 106.3 pos '809.2 -541.5 -70.2' spd 345.2 yaw  11.9 mode 2 st 0 gl 5 hp 96 frg 7
ARGLOG Romero t 106.6 pos '401.8 -49.7 -296.0' spd  74.6 yaw 34 mode 2 st 3 gl 5 hp 138 frg 4
ARGLOG Joe Rogan t 106.6 pos '1040.0 -575.5 -104.0' spd 320.4 yaw 194.2 mode 2 st 2 gl 1 hp 100 frg 1
ARGEVT Joe Rogan grab item_armor2
ARGLOG Carmack t 106.8 pos '802.5 -624.0 -106.5' spd   1.0 yaw   6.4 mode 2 st 0 gl 5 hp 93 frg 7
ARGEVT Joe Rogan hazard
ARGLOG Romero t 107.1 pos '410.6 -148.4 -296.0' spd 150.7 yaw 49 mode 2 st 3 gl 5 hp 138 frg 4
ARGLOG Joe Rogan t 107.1 pos '1038.9 -612.7 -104.0' spd 139.8 yaw 177.6 mode 2 st 2 gl 1 hp 92 frg 1
ARGEVT Carmack grab weapon_rocketlauncher
ARGLOG Carmack t 107.4 pos '812.3 -666.3 -184.0' spd  91.4 yaw  17.3 mode 2 st 0 gl 5 hp 93 frg 7
ARGEVT Joe Rogan pursue
ARGEVT Romero hazard
ARGEVT Carmack pursue
ARGLOG Romero t 107.6 pos '464.3 -240.6 -296.0' spd 333.5 yaw 310 mode 2 st 3 gl 5 hp 137 frg 4
ARGLOG Joe Rogan t 107.6 pos '952.2 -601.8 -104.0' spd 320.1 yaw 190 mode 2 st 2 gl 1 hp 92 frg 1
ARGUS Joe Rogan hunch weapon_rocketlauncher
ARGLOG Carmack t 107.9 pos '801.4 -825.0 -232.0' spd 378.9 yaw 328.0 mode 1 st 0 gl 5 hp 93 frg 7
ARGEVT Carmack goal backpack
ARGEVT Carmack route 9 start '817.0 -855.0 -232.0' goal '337.0 -663.0 -104.0'
ARGEVT Joe Rogan goal backpack
ARGEVT Carmack hazard
ARGUS Carmack leadclip
ARGEVT Joe Rogan route 16 start '849.0 -599.0 -104.0' goal '561.0 -183.0 -104.0'
ARGLOG Romero t 108.1 pos '619.4 -224.6 -296.0' spd 321.0 yaw  34.5 mode 2 st 3 gl 5 hp 137 frg 4
ARGLOG Joe Rogan t 108.2 pos '816.0 -594.1 -106.5' spd  80.2 yaw 235.0 mode 2 st 2 gl 1 hp 92 frg 1
ARGLOG Carmack t 108.4 pos '368.0  -9.4 -281.3' spd 300 yaw 305.9 mode 0 st 0 gl 6 hp 93 frg 7
ARGEVT Carmack route 6 start '369.0   9.0 -296.0' goal '337.0 -663.0 -104.0'
ARGEVT Joe Rogan pursue
ARGEVT Carmack pursue
ARGLOG Romero t 108.6 pos '656.0 -114.8 -296.0' spd 312.2 yaw 256 mode 2 st 3 gl 5 hp 136 frg 4
ARGLOG Joe Rogan t 108.7 pos '767.5 -504.9 -104.0' spd 337.5 yaw 152.9 mode 2 st 2 gl 1 hp 92 frg 1
ARGEVT Joe Rogan hazard
ARGEVT Joe Rogan jump
ARGLOG Carmack t 108.9 pos '368.5 -36.4 -296.0' spd 320.7 yaw 309 mode 2 st 0 gl 6 hp 93 frg 7
ARGEVT Romero hazard
ARGLOG Romero t 109.1 pos '656.0 -16.0 -296.0' spd 221.8 yaw 286 mode 2 st 3 gl 5 hp 136 frg 4
ARGLOG Joe Rogan t 109.2 pos '752.0 -434.2 -60.3' spd  31.9 yaw 258.9 mode 2 st 2 gl 1 hp 92 frg 1
ARGEVT Carmack hazard
ARGEVT Carmack pursue
ARGEVT Carmack rjump
ARGEVT Carmack pursue
ARGLOG Carmack t 109.4 pos '394.3 -200.0 -276.6' spd 403.3 yaw 317 mode 2 st 0 gl 6 hp 83 frg 7
ARGEVT Carmack pursue
ARGLOG Romero t 109.6 pos '630.5 -185.2 -296.0' spd 414.9 yaw 185.3 mode 2 st 3 gl 5 hp 135 frg 4
ARGLOG Joe Rogan t 109.7 pos '757.1 -487.2 -104.0' spd 320.0 yaw 276 mode 2 st 2 gl 1 hp 92 frg 1
ARGEVT Carmack pursue
ARGLOG Carmack t 109.9 pos '362.4 -392.3 -85.8' spd 417.2 yaw 347.1 mode 2 st 0 gl 6 hp 83 frg 7
ARGEVT Romero route 9 start '593.0 -215.0 -296.0' goal '561.0 -183.0 -104.0'
ARGEVT Romero hazard
ARGLOG Romero t 110.1 pos '462.9 -235.2 -296.0' spd 307.9 yaw 139.0 mode 2 st 3 gl 5 hp 135 frg 4
ARGLOG Joe Rogan t 110.2 pos '776.9 -648.3 -168.0' spd 320 yaw 276 mode 2 st 2 gl 1 hp 92 frg 1
ARGUS Carmack hunch 
ARGEVT Carmack pursue
ARGLOG Carmack t 110.4 pos '398.0 -528.0 -101.1' spd  43.9 yaw 233.1 mode 1 st 0 gl 6 hp 83 frg 7
ARGEVT Carmack goal backpack
ARGEVT Carmack route 2 start '369.0 -471.0 -104.0' goal '337.0 -663.0 -104.0'
ARGLOG Romero t 110.7 pos '419.7 -206.2 -296.0' spd  71.8 yaw 23 mode 2 st 3 gl 5 hp 134 frg 4
ARGLOG Joe Rogan t 110.7 pos '794.2 -809.0 -232.0' spd 324.1 yaw 260.6 mode 2 st 2 gl 1 hp 92 frg 1
ARGLOG Carmack t 110.9 pos '366.1 -562.9 -104.0' spd 320.0 yaw 268 mode 1 st 0 gl 6 hp 83 frg 7
ARGEVT Joe Rogan hazard
ARGEVT Romero engage Joe Rogan
ARGEVT Joe Rogan route 12 start '369.0  73.0 -288.0' goal '561.0 -183.0 -104.0'
ARGEVT Joe Rogan engage Romero
ARGLOG Romero t 111.2 pos '384.2 -208.8 -296.0' spd 321.6 yaw  86.8 mode 2 st 3 gl 5 hp 134 frg 4
ARGLOG Joe Rogan t 111.2 pos '368.0 -12.7 -283.3' spd 300 yaw 242.2 mode 2 st 2 gl 1 hp 92 frg 1
ARGEVT Carmack goal backpack
ARGEVT Carmack route 5 start '337.0 -663.0 -104.0' goal '337.0 -247.0 -296.0'
ARGEVT Romero hazard
ARGLOG Carmack t 111.4 pos '351.0 -726.9 -104.0' spd 383.0 yaw 76 mode 2 st 0 gl 7 hp 83 frg 7
ARGLOG Romero t 111.7 pos '400.0 -203.1 -296.0' spd  96.2 yaw  90.2 mode 2 st 3 gl 5 hp 133 frg 4
ARGLOG Joe Rogan t 111.7 pos '364.7 -46.9 -296.0' spd 322.3 yaw 283.1 mode 2 st 2 gl 1 hp 92 frg 1
ARGEVT Carmack hazard
ARGLOG Carmack t 111.9 pos '166.2 -758.4 -104.0' spd 208.7 yaw 55 mode 2 st 0 gl 7 hp 83 frg 7
ARGLOG Romero t 112.2 pos '382.3 -274.7 -296.0' spd 370.0 yaw  88.8 mode 2 st 3 gl 5 hp 109 frg 4
ARGLOG Joe Rogan t 112.2 pos '365.8 -128.6 -296.0' spd 277.9 yaw 264.6 mode 2 st 2 gl 1 hp 84 frg 1
ARGEVT Joe Rogan hazard
ARGEVT Romero hazard
ARGLOG Carmack t 112.4 pos '262.4 -752.0 -104.0' spd 365.4 yaw 65 mode 2 st 0 gl 7 hp 83 frg 7
ARGLOG Romero t 112.7 pos '475.1 -223.8 -296.0' spd 320.0 yaw 124.5 mode 2 st 3 gl 5 hp 108 frg 4
ARGLOG Joe Rogan t 112.7 pos '388.3 -96.9 -296.0' spd 199.7 yaw 307.7 mode 2 st 2 gl 1 hp 68 frg 1
ARGEVT Carmack hazard
ARGLOG Carmack t 112.9 pos '352.5 -647.2 -104.0' spd 342.2 yaw 73 mode 2 st 0 gl 7 hp 83 frg 7
ARGEVT Romero grab 
ARGLOG Romero t 113.2 pos '515.7 -230.3 -296.0' spd  96.6 yaw 129.8 mode 2 st 3 gl 5 hp 84 frg 4
ARGLOG Joe Rogan t 113.2 pos '366.8   0.9 -296.0' spd 373.4 yaw 304.6 mode 2 st 2 gl 1 hp 44 frg 1
ARGEVT Carmack engage Joe Rogan
ARGEVT Carmack grab item_health
ARGUS Carmack leadclip
ARGEVT Joe Rogan pursue
ARGEVT Romero pursue
ARGLOG Carmack t 113.4 pos '393.8 -488.1 -104.0' spd 383.1 yaw  85.7 mode 2 st 0 gl 7 hp 83 frg 7
ARGUS Romero hunch 
ARGEVT Romero hazard
ARGEVT Joe Rogan hazard
ARGEVT Joe Rogan pursue
ARGEVT Romero goal item_armorInv
ARGEVT Romero route 12 start '593.0 -215.0 -296.0' goal '817.0 -855.0 -232.0'
ARGLOG Romero t 113.7 pos '576.1 -216.5 -296.0' spd 322.8 yaw  13.4 mode 2 st 3 gl 5 hp 84 frg 4
ARGEVT Romero pursue
ARGLOG Joe Rogan t 113.7 pos '395.4 -74.1 -296.0' spd 323.8 yaw 292 mode 2 st 2 gl 1 hp 44 frg 1
ARGEVT Romero pursue
ARGEVT Carmack hazard
ARGEVT Carmack pursue
ARGLOG Carmack t 113.9 pos '408.7 -504.4 -104.0' spd 341.2 yaw 92 mode 2 st 0 gl 7 hp 75 frg 7
ARGEVT Joe Rogan pursue
ARGUS Joe Rogan hunch 
ARGLOG Romero t 114.2 pos '647.9 -91.0 -296.0' spd 379.3 yaw 137.6 mode 2 st 3 gl 5 hp 84 frg 4
ARGLOG Joe Rogan t 114.2 pos '428.3 -247.6 -296.0' spd 381.9 yaw 342.9 mode 2 st 2 gl 1 hp 44 frg 1
ARGEVT Joe Rogan goal backpack
ARGEVT Joe Rogan route 9 start '465.0 -247.0 -296.0' goal '561.0 -183.0 -104.0'
ARGLOG Carmack t 114.5 pos '437.6 -365.4 -104.0' spd 344.3 yaw  68.8 mode 2 st 0 gl 7 hp 75 frg 7
ARGEVT Romero pursue
ARGEVT Carmack pursue
ARGEVT Joe Rogan pursue
ARGEVT Romero grab item_armor1
ARGLOG Romero t 114.7 pos '590.5  64.9 -296.0' spd 313.5 yaw 158.2 mode 2 st 3 gl 5 hp 100 frg 4
ARGLOG Joe Rogan t 114.7 pos '586.5 -220.1 -296.0' spd 209.5 yaw  78.8 mode 2 st 2 gl 1 hp 44 frg 1
ARGEVT Joe Rogan hazard
ARGEVT Romero route 10 start '625.0 105.0 -296.0' goal '817.0 -855.0 -232.0'
ARGUS Carmack bodyblock
ARGLOG Carmack t 115.0 pos '515.8 -219.1 -104.0' spd 251.3 yaw 121 mode 2 st 0 gl 7 hp 75 frg 7
ARGEVT Romero route 11 start '689.0  73.0 -296.0' goal '817.0 -855.0 -232.0'
ARGEVT Joe Rogan goal weapon_rocketlauncher
ARGEVT Joe Rogan route 8 start '593.0 -215.0 -296.0' goal ' 81.0  73.0 -296.0'
ARGLOG Romero t 115.2 pos '735.8  92.9 -296.0' spd  77.1 yaw 250.5 mode 2 st 3 gl 5 hp 100 frg 4
ARGLOG Joe Rogan t 115.2 pos '635.3 -224.0 -296.0' spd 107.4 yaw  69.5 mode 2 st 2 gl 1 hp 44 frg 1
ARGEVT Carmack route 3 start '465.0 -151.0 -104.0' goal '337.0 -247.0 -296.0'
ARGEVT Joe Rogan retreat
ARGLOG Carmack t 115.5 pos '456.6 -74.9 -104.0' spd 324.3 yaw 135 mode 2 st 0 gl 7 hp 75 frg 7
ARGEVT Carmack hazard
ARGEVT Romero route 10 start '625.0 105.0 -296.0' goal '817.0 -855.0 -232.0'
ARGLOG Romero t 115.7 pos '586.2  93.8 -296.0' spd 320.0 yaw 256.7 mode 0 st 3 gl 5 hp 100 frg 4
ARGEVT Carmack pursue
ARGLOG Joe Rogan t 115.8 pos '505.2 -237.1 -296.0' spd 320.7 yaw  74.3 mode 2 st 2 gl 1 hp 20 frg 1
ARGEVT Romero route 11 start '529.0  73.0 -296.0' goal '817.0 -855.0 -232.0'
ARGEVT Romero pursue
ARGEVT Joe Rogan pursue
ARGEVT Joe Rogan hazard
ARGLOG Carmack t 116.0 pos '458.0 -133.5 -104.0' spd 371.4 yaw 240.6 mode 2 st 0 gl 7 hp 75 frg 7
ARGEVT Romero hazard
ARGEVT Joe Rogan route 7 start '465.0 -247.0 -296.0' goal ' 81.0  73.0 -296.0'
ARGLOG Romero t 116.2 pos '545.4  30.8 -296.0' spd 326.6 yaw 331.9 mode 2 st 3 gl 5 hp 100 frg 4
ARGLOG Joe Rogan t 116.3 pos '423.7 -227.1 -296.0' spd 224.4 yaw  64.0 mode 0 st 2 gl 1 hp 20 frg 1
ARGEVT Romero pursue
ARGEVT Joe Rogan route 6 start '369.0 -215.0 -296.0' goal ' 81.0  73.0 -296.0'
ARGEVT Joe Rogan pursue
ARGLOG Carmack t 116.5 pos '498.0 -213.4 -104.0' spd 332.4 yaw  14.6 mode 2 st 0 gl 7 hp 75 frg 7
ARGEVT Joe Rogan pursue
ARGEVT Joe Rogan pursue
ARGUS routecache adopt
ARGEVT Joe Rogan route 6 start '369.0 -215.0 -296.0' goal ' 81.0  73.0 -296.0'
ARGEVT Joe Rogan pursue
ARGEVT Joe Rogan pursue
ARGLOG Romero t 116.7 pos '647.0 -52.4 -296.0' spd 332.8 yaw 268.2 mode 2 st 3 gl 5 hp 100 frg 4
ARGLOG Joe Rogan t 116.8 pos '279.6 -196.5 -296.0' spd 202.0 yaw  86.8 mode 2 st 2 gl 1 hp 20 frg 1
ARGEVT Joe Rogan hazard
ARGLOG Carmack t 117.0 pos '607.2 -91.3 -104.0' spd 369.1 yaw 112 mode 2 st 0 gl 7 hp 75 frg 7
ARGLOG Romero t 117.2 pos '592.0 -202.2 -296.0' spd 313.6 yaw 187.9 mode 2 st 3 gl 5 hp 100 frg 4
ARGLOG Joe Rogan t 117.3 pos '133.6 -203.8 -296.0' spd 320.9 yaw 256.5 mode 2 st 2 gl 1 hp 20 frg 1
ARGLOG Carmack t 117.5 pos '530.9 -14.7 -104.0' spd 320.2 yaw 205 mode 2 st 0 gl 7 hp 75 frg 7
ARGEVT Romero route 12 start '593.0 -215.0 -296.0' goal '817.0 -855.0 -232.0'
ARGEVT Carmack engage Joe Rogan
ARGEVT Carmack weapon rl
ARGUS Carmack leadclip
ARGEVT Carmack weapon lg
ARGEVT Romero hazard
ARGEVT Joe Rogan death Romero pos '112.0 -206.7 -296.0'
ARGUS Romero watch spawn
ARGLOG Romero t 117.7 pos '550.6 -234.5 -296.0' spd 325.1 yaw 247.7 mode 2 st 3 gl 5 hp 100 frg 5
ARGEVT Romero goal item_armorInv
ARGEVT Romero route 12 start '465.0 -247.0 -296.0' goal '817.0 -855.0 -232.0'
ARGLOG Carmack t 118.0 pos '512.0 -177.5 -104.0' spd 325.4 yaw 292 mode 2 st 0 gl 7 hp 75 frg 7
ARGLOG Romero t 118.2 pos '400.6 -235.7 -296.0' spd 320.1 yaw 174 mode 2 st 3 gl 5 hp 100 frg 5
ARGLOG Carmack t 118.5 pos '570.1 -328.4 -104.0' spd 332.9 yaw 315.4 mode 2 st 0 gl 7 hp 75 frg 7
ARGEVT Romero hazard
ARGEVT Romero route 14 start '337.0 -247.0 -296.0' goal '817.0 -855.0 -232.0'
ARGLOG Romero t 118.7 pos '242.2 -210.0 -296.0' spd 360.6 yaw 178 mode 2 st 3 gl 5 hp 100 frg 5
ARGEVT Carmack hazard
ARGLOG Carmack t 119.0 pos '676.0 -418.9 -120.0' spd 101.5 yaw 116.6 mode 2 st 0 gl 7 hp 75 frg 7
ARGEVT Joe Rogan respawn
ARGEVT Joe Rogan goal weapon_rocketlauncher
ARGLOG Joe Rogan t 119.2 pos '776.0 -808.0 -232.0' spd 0 yaw  94.5 mode 0 st 2 gl 1 hp 100 frg 1
ARGEVT Joe Rogan route 10 start '753.0 -759.0 -232.0' goal ' 81.0  73.0 -296.0'
ARGLOG Romero t 119.2 pos '153.2 -230.1 -296.0' spd 302.1 yaw 357 mode 2 st 3 gl 5 hp 100 frg 5
ARGLOG Carmack t 119.5 pos '553.6 -317.6 -104.0' spd 323.5 yaw 164 mode 2 st 0 gl 7 hp 75 frg 7
ARGEVT Joe Rogan hazard
ARGEVT Romero hazard
ARGEVT Romero engage Carmack
ARGEVT Carmack engage Romero
ARGLOG Joe Rogan t 119.7 pos '721.3 -755.6 -232.0' spd 263.0 yaw 162.2 mode 2 st 2 gl 1 hp 100 frg 1
ARGLOG Romero t 119.8 pos '269.6 -224.6 -296.0' spd 149.7 yaw  57.0 mode 2 st 3 gl 5 hp 100 frg 5
ARGLOG Carmack t 120.0 pos '471.3 -379.2 -104.0' spd 333.3 yaw 166.9 mode 2 st 0 gl 7 hp 75 frg 7
ARGLOG Joe Rogan t 120.2 pos '720.0 -752.0 -232.0' spd 0 yaw 113 mode 2 st 2 gl 1 hp 100 frg 1
ARGLOG Romero t 120.3 pos '201.2 -231.5 -296.0' spd 342.6 yaw 329.7 mode 2 st 3 gl 5 hp 100 frg 5
ARGLOG Carmack t 120.5 pos '352.4 -458.8 -104.0' spd 320.1 yaw 121.3 mode 2 st 0 gl 7 hp 75 frg 7
ARGEVT Carmack pursue
ARGEVT Romero pursue
ARGUS Romero hunch item_artifact_super_damage
ARGEVT Romero goal item_armorInv
ARGLOG Joe Rogan t 120.7 pos '720.0 -798.8 -232.0' spd 320.1 yaw 111 mode 2 st 2 gl 1 hp 100 frg 1
ARGEVT Romero route 15 start '145.0 -247.0 -296.0' goal '817.0 -855.0 -232.0'
ARGEVT Romero hazard
ARGLOG Romero t 120.8 pos '198.8 -237.6 -296.0' spd 112.0 yaw 340.8 mode 2 st 3 gl 5 hp 100 frg 5
ARGEVT Romero pursue
ARGEVT Carmack route 4 start '273.0 -407.0 -104.0' goal '337.0 -247.0 -296.0'
ARGUS Carmack hunch item_artifact_super_damage
ARGEVT Carmack grab weapon_grenadelauncher
ARGLOG Carmack t 121.0 pos '217.5 -415.0 -104.0' spd 330.9 yaw 358.6 mode 2 st 0 gl 7 hp 75 frg 7
ARGEVT Joe Rogan route 9 start '753.0 -887.0 -232.0' goal ' 81.0  73.0 -296.0'
ARGEVT Joe Rogan engage Romero
ARGEVT Carmack goal weapon_grenadelauncher
ARGLOG Joe Rogan t 121.2 pos '368.0   3.8 -274.1' spd 300 yaw 243.9 mode 0 st 2 gl 1 hp 100 frg 1
ARGUS routecache adopt
ARGEVT Joe Rogan route 7 start '369.0   9.0 -296.0' goal ' 81.0  73.0 -296.0'
ARGEVT Carmack hazard
ARGLOG Romero t 121.3 pos '295.2 -216.1 -296.0' spd 356.3 yaw 239.5 mode 2 st 3 gl 5 hp 100 frg 5
ARGEVT Carmack goal backpack
ARGEVT Carmack route 5 start '145.0 -407.0 -104.0' goal '337.0 -247.0 -296.0'
ARGLOG Carmack t 121.5 pos '136.0 -385.1 -104.0' spd 320.0 yaw  41.1 mode 2 st 0 gl 8 hp 75 frg 7
ARGLOG Joe Rogan t 121.7 pos '368.0 -31.0 -296.0' spd 300 yaw 283.3 mode 2 st 2 gl 1 hp 100 frg 1
ARGLOG Romero t 121.8 pos '447.9 -219.0 -296.0' spd 406.5 yaw 208.9 mode 2 st 3 gl 5 hp 58 frg 5
ARGUS routecache adopt
ARGEVT Carmack route 5 start '145.0 -407.0 -104.0' goal '337.0 -247.0 -296.0'
ARGLOG Carmack t 122.0 pos '184.0 -427.6 -104.0' spd  36.8 yaw  31.8 mode 0 st 0 gl 8 hp 71 frg 7
ARGUS routecache adopt
ARGEVT Carmack route 5 start '145.0 -407.0 -104.0' goal '337.0 -247.0 -296.0'
ARGEVT Joe Rogan hazard
ARGLOG Joe Rogan t 122.3 pos '387.3 -83.3 -296.0' spd  18.9 yaw 309.3 mode 2 st 2 gl 1 hp 100 frg 1
ARGLOG Romero t 122.3 pos '492.8 -222.3 -296.0' spd 111.5 yaw 217.8 mode 2 st 3 gl 5 hp 50 frg 5
ARGUS routecache adopt
ARGEVT Carmack route 5 start '145.0 -407.0 -104.0' goal '337.0 -247.0 -296.0'
ARGLOG Carmack t 122.5 pos '153.9 -417.8 -104.0' spd 276.2 yaw  29.4 mode 2 st 0 gl 8 hp 70 frg 7
ARGEVT Carmack hazard
ARGLOG Joe Rogan t 122.8 pos '347.2 -210.1 -296.0' spd 227.8 yaw 345.7 mode 2 st 2 gl 1 hp 100 frg 1
ARGLOG Romero t 122.8 pos '466.8 -228.7 -296.0' spd 189.1 yaw 203.1 mode 2 st 3 gl 5 hp 36 frg 5
ARGEVT Romero hazard
ARGLOG Carmack t 123.1 pos '167.0 -418.1 -104.0' spd 110.4 yaw  23.4 mode 0 st 0 gl 8 hp 70 frg 7
ARGUS routecache adopt
ARGEVT Carmack route 5 start '145.0 -407.0 -104.0' goal '337.0 -247.0 -296.0'
ARGEVT Romero death Carmack pos '472.0 -219.5 -296.0'
ARGUS Carmack watch spawn
ARGEVT Joe Rogan engage Carmack
ARGEVT Carmack engage Joe Rogan
ARGEVT Joe Rogan hazard
ARGLOG Joe Rogan t 123.3 pos '332.3 -227.3 -296.0' spd 106.6 yaw 326.1 mode 2 st 2 gl 1 hp 100 frg 1
ARGEVT Carmack goal backpack
ARGEVT Carmack route 5 start '145.0 -407.0 -104.0' goal '465.0 -247.0 -296.0'
ARGEVT Joe Rogan route 6 start '369.0 -247.0 -296.0' goal ' 81.0  73.0 -296.0'
ARGLOG Carmack t 123.6 pos '142.6 -384.3 -104.0' spd  71.8 yaw  29.2 mode 2 st 0 gl 8 hp 70 frg 8
ARGUS routecache adopt
ARGEVT Joe Rogan route 6 start '369.0 -247.0 -296.0' goal ' 81.0  73.0 -296.0'
ARGEVT Carmack route 5 start '145.0 -407.0 -104.0' goal '465.0 -247.0 -296.0'
ARGLOG Joe Rogan t 123.8 pos '369.5 -238.2 -296.0' spd 302.9 yaw 226.4 mode 0 st 2 gl 1 hp 100 frg 1
ARGEVT Carmack weapon rl
ARGUS Carmack leadclip
ARGEVT Joe Rogan route 5 start '337.0 -247.0 -296.0' goal ' 81.0  73.0 -296.0'
ARGEVT Carmack route 5 start '145.0 -407.0 -104.0' goal '465.0 -247.0 -296.0'
ARGLOG Carmack t 124.1 pos '141.8 -386.1 -104.0' spd 323.3 yaw  60.3 mode 0 st 0 gl 8 hp 68 frg 8
ARGEVT Joe Rogan grab 
ARGUS routecache adopt
ARGEVT Carmack route 5 start '145.0 -407.0 -104.0' goal '465.0 -247.0 -296.0'
ARGLOG Joe Rogan t 124.3 pos '365.0 -209.3 -296.0' spd 320.5 yaw 216.7 mode 0 st 2 gl 1 hp 100 frg 1
ARGEVT Joe Rogan route 6 start '369.0 -215.0 -296.0' goal ' 81.0  73.0 -296.0'
ARGEVT Carmack goal item_cells
ARGEVT Carmack route 3 start '145.0 -407.0 -104.0' goal '337.0 -599.0  24.0'
ARGEVT Carmack hazard
ARGEVT Joe Rogan hazard
ARGEVT Joe Rogan route 6 start '369.0 -215.0 -296.0' goal ' 81.0  73.0 -296.0'
ARGLOG Carmack t 124.6 pos '168.2 -425.8 -104.0' spd 108.3 yaw  35.7 mode 2 st 0 gl 8 hp 64 frg 8
ARGEVT Joe Rogan death Carmack pos '397.7 -206.3 -296.0'
ARGEVT Romero respawn
ARGEVT Romero goal weapon_rocketlauncher
ARGLOG Romero t 124.7 pos '784.0 -176.0  24.0' spd 0 yaw 184.8 mode 0 st 3 gl 5 hp 100 frg 5
ARGEVT Carmack goal item_cells
ARGEVT Romero route 10 start '785.0 -183.0  24.0' goal ' 81.0  73.0 -296.0'
ARGEVT Carmack route 3 start '273.0 -407.0 -104.0' goal '337.0 -599.0  24.0'
ARGEVT Carmack engage Romero
ARGEVT Romero engage Carmack
ARGLOG Carmack t 125.1 pos '248.4 -430.6 -104.0' spd 209.2 yaw  15.2 mode 2 st 0 gl 8 hp 64 frg 9
ARGLOG Romero t 125.2 pos '638.4 -167.4  24.0' spd 331.7 yaw 210.7 mode 2 st 3 gl 5 hp 100 frg 5
ARGEVT Carmack grab item_cells
ARGEVT Romero grab item_armor1
ARGLOG Carmack t 125.6 pos '379.6 -501.0 -104.0' spd 344.1 yaw  78.0 mode 2 st 0 gl 8 hp 64 frg 9
ARGEVT Carmack hazard
ARGLOG Romero t 125.7 pos '498.2 -88.7   2.1' spd 145.3 yaw 250.9 mode 2 st 3 gl 5 hp 100 frg 5
ARGUS Carmack leadclip
ARGEVT Romero grab 
ARGLOG Carmack t 126.1 pos '363.1 -528.0 -99.6' spd 319.2 yaw  70.7 mode 2 st 0 gl 8 hp 64 frg 9
ARGEVT Joe Rogan respawn
ARGEVT Joe Rogan goal weapon_lightning
ARGLOG Joe Rogan t 126.1 pos '272.0 -952.0  24.0' spd 0 yaw   5.1 mode 0 st 2 gl 1 hp 100 frg 1
ARGEVT Joe Rogan route 6 start '305.0 -983.0  24.0' goal '529.0 -311.0 -104.0'
ARGLOG Romero t 126.2 pos '516.9 -159.5 -104.0' spd 300.4 yaw 251.3 mode 2 st 3 gl 5 hp 46 frg 5
ARGEVT Carmack jump
ARGLOG Carmack t 126.6 pos '309.4 -539.6 -67.6' spd  30.6 yaw  55.0 mode 2 st 0 gl 8 hp 64 frg 9
ARGLOG Joe Rogan t 126.6 pos '370.0 -833.6  24.0' spd 324.2 yaw  81.8 mode 2 st 2 gl 1 hp 100 frg 1
ARGLOG Romero t 126.7 pos '543.5 -212.0 -104.0' spd 320.0 yaw 245.6 mode 2 st 3 gl 5 hp 46 frg 5
ARGEVT Joe Rogan hazard
ARGLOG Carmack t 127.1 pos '342.8 -610.8 -104.0' spd 283.3 yaw  80.2 mode 2 st 0 gl 8 hp 61 frg 9
ARGLOG Joe Rogan t 127.1 pos '352.0 -669.6  24.0' spd 338.7 yaw 72 mode 2 st 2 gl 1 hp 100 frg 1
ARGUS Joe Rogan bodyblock
ARGLOG Romero t 127.3 pos '476.8 -164.0 -104.0' spd 164.9 yaw 252.6 mode 2 st 3 gl 5 hp 46 frg 5
ARGEVT Carmack goal item_armorInv
ARGEVT Carmack route 6 start '337.0 -567.0 -104.0' goal '817.0 -855.0 -232.0'
ARGLOG Carmack t 127.6 pos '332.8 -589.6 -104.0' spd 318.5 yaw  62.5 mode 2 st 0 gl 8 hp 61 frg 9
ARGLOG Joe Rogan t 127.7 pos '354.2 -667.8  24.0' spd 340.6 yaw  15.8 mode 2 st 2 gl 1 hp 100 frg 1
ARGLOG Romero t 127.8 pos '549.3 -127.6 -104.0' spd 321.4 yaw 243.5 mode 2 st 3 gl 5 hp 46 frg 5
ARGEVT Carmack grab item_health
ARGLOG Carmack t 128.1 pos '323.5 -533.6 -104.0' spd 135.1 yaw  70.2 mode 2 st 0 gl 8 hp 59 frg 9
ARGUS Carmack leadclip
ARGLOG Joe Rogan t 128.2 pos '365.2 -613.2  24.0' spd 321.5 yaw  85.0 mode 2 st 2 gl 1 hp 100 frg 1
ARGEVT Joe Rogan engage Romero
ARGLOG Romero t 128.3 pos '539.4 -113.7 -104.0' spd 320.6 yaw 248.2 mode 2 st 3 gl 5 hp 46 frg 5
ARGEVT Carmack hazard
ARGLOG Carmack t 128.6 pos '415.3 -475.7 -104.0' spd 130.3 yaw  62.7 mode 2 st 0 gl 8 hp 59 frg 9
ARGLOG Joe Rogan t 128.7 pos '272.3 -475.9  24.0' spd 321.9 yaw  46.1 mode 2 st 2 gl 1 hp 100 frg 1
ARGLOG Romero t 128.8 pos '624.0 -201.8 -104.0' spd 398.7 yaw 235.5 mode 2 st 3 gl 5 hp 46 frg 5
ARGLOG Carmack t 129.1 pos '398.9 -461.8 -104.0' spd 122.3 yaw  63.2 mode 2 st 0 gl 8 hp 55 frg 9
ARGEVT Romero death Carmack pos '549.0 -231.5 -104.0'
ARGEVT Joe Rogan engage Carmack
ARGEVT Carmack engage Joe Rogan
ARGLOG Joe Rogan t 129.2 pos '239.0 -416.1 -25.9' spd  44.1 yaw  24.1 mode 2 st 2 gl 1 hp 100 frg 1
ARGEVT Carmack goal item_armorInv
ARGEVT Carmack route 6 start '369.0 -471.0 -104.0' goal '817.0 -855.0 -232.0'
ARGEVT Carmack weapon sg
ARGLOG Carmack t 129.6 pos '396.8 -489.5 -104.0' spd 252.3 yaw 176.6 mode 2 st 0 gl 8 hp 52 frg 10
ARGLOG Joe Rogan t 129.7 pos '246.2 -502.3 -104.0' spd 256.4 yaw 350.5 mode 2 st 2 gl 1 hp 100 frg 1
ARGEVT Joe Rogan hazard
ARGEVT Carmack hazard
ARGLOG Carmack t 130.1 pos '402.8 -405.6 -104.0' spd 266.7 yaw 209.4 mode 2 st 0 gl 8 hp 52 frg 10
ARGLOG Joe Rogan t 130.2 pos '289.1 -528.0 -104.0' spd 204.3 yaw  36.4 mode 2 st 2 gl 1 hp 76 frg 1
ARGEVT Carmack weapon rl
ARGLOG Carmack t 130.6 pos '446.6 -379.8 -104.0' spd 328.8 yaw 228.0 mode 2 st 0 gl 8 hp 48 frg 10
ARGEVT Romero respawn
ARGEVT Romero goal weapon_rocketlauncher
ARGLOG Romero t 130.7 pos '776.0 -808.0 -232.0' spd 0 yaw  94.5 mode 1 st 3 gl 5 hp 100 frg 5
ARGLOG Joe Rogan t 130.7 pos '305.6 -528.4 -104.0' spd 330.3 yaw  53.1 mode 2 st 2 gl 1 hp 52 frg 1
ARGEVT Romero hazard
ARGEVT Carmack grab 
ARGEVT Joe Rogan death Carmack pos '240.6 -417.9 -104.0'
ARGUS Carmack watch spawn
ARGLOG Carmack t 131.1 pos '512.3 -338.6 -104.0' spd 370.4 yaw  51.7 mode 2 st 0 gl 8 hp 48 frg 11
ARGLOG Romero t 131.2 pos '738.2 -720.0 -216.0' spd 148.9 yaw 175.2 mode 1 st 3 gl 5 hp 100 frg 5
ARGEVT Carmack goal item_health
ARGEVT Carmack route 3 start '529.0 -311.0 -104.0' goal '465.0 -471.0  24.0'
ARGLOG Carmack t 131.6 pos '626.6 -294.7 -104.0' spd 327.3 yaw 290 mode 2 st 0 gl 8 hp 48 frg 11
ARGLOG Romero t 131.7 pos '734.1 -850.0 -232.0' spd 395.3 yaw 337.8 mode 1 st 3 gl 5 hp 100 frg 5
ARGEVT Romero hazard
ARGEVT Carmack hazard
ARGLOG Carmack t 132.2 pos '666.9 -449.9 -136.0' spd 325.1 yaw 162 mode 2 st 0 gl 8 hp 48 frg 11
ARGLOG Romero t 132.2 pos '825.5 -810.3 -232.0' spd 323.2 yaw 120 mode 1 st 3 gl 5 hp 100 frg 5
ARGEVT Joe Rogan respawn
ARGEVT Joe Rogan goal weapon_rocketlauncher
ARGLOG Joe Rogan t 132.6 pos '272.0 -952.0  24.0' spd 0 yaw   4.5 mode 0 st 2 gl 1 hp 100 frg 1
ARGLOG Carmack t 132.7 pos '453.7 -240.0 -296.0' spd 300 yaw 295 mode 2 st 0 gl 8 hp 48 frg 11
ARGEVT Joe Rogan route 12 start '305.0 -983.0  24.0' goal ' 81.0  73.0 -296.0'
ARGLOG Romero t 132.7 pos '753.7 -665.0 -184.0' spd 329.0 yaw 139.9 mode 1 st 3 gl 5 hp 100 frg 5
ARGLOG Joe Rogan t 133.1 pos '383.4 -851.9  24.0' spd 327.4 yaw 73 mode 2 st 2 gl 1 hp 100 frg 1
ARGLOG Carmack t 133.2 pos '542.0 -267.4 -296.0' spd 313.2 yaw 265 mode 2 st 0 gl 8 hp 48 frg 11
ARGEVT Carmack hazard
ARGLOG Romero t 133.2 pos '752.6 -722.5 -216.0' spd 321.0 yaw 276 mode 1 st 3 gl 5 hp 100 frg 5
ARGEVT Joe Rogan hazard
ARGEVT Romero hazard
ARGLOG Joe Rogan t 133.6 pos '482.8 -768.0  24.0' spd 367.5 yaw 80 mode 2 st 2 gl 1 hp 100 frg 1
ARGLOG Carmack t 133.7 pos '590.8 -269.9 -296.0' spd  39.5 yaw 246 mode 2 st 0 gl 8 hp 48 frg 11
ARGLOG Romero t 133.7 pos '720.0 -877.7 -232.0' spd  29.5 yaw 118.9 mode 1 st 3 gl 5 hp 100 frg 5
ARGLOG Joe Rogan t 134.1 pos '484.8 -777.9  24.0' spd 264.1 yaw 80 mode 2 st 2 gl 1 hp 100 frg 1
ARGLOG Carmack t 134.2 pos '610.1 -267.2 -296.0' spd  38.3 yaw 240 mode 2 st 0 gl 8 hp 48 frg 11
ARGEVT Carmack hazard
ARGLOG Romero t 134.2 pos '736.1 -737.1 -216.0' spd 337.7 yaw  66.8 mode 1 st 3 gl 5 hp 100 frg 5
ARGUS routecache adopt
ARGEVT Joe Rogan route 10 start '465.0 -855.0  24.0' goal ' 81.0  73.0 -296.0'
ARGEVT Romero hazard
ARGLOG Joe Rogan t 134.7 pos '446.0 -892.7  24.0' spd 370.2 yaw 216.4 mode 0 st 2 gl 1 hp 100 frg 1
ARGLOG Carmack t 134.7 pos '630.3 -266.9 -296.0' spd  45.7 yaw 235 mode 2 st 0 gl 8 hp 48 frg 11
ARGEVT Joe Rogan route 11 start '401.0 -887.0  24.0' goal ' 81.0  73.0 -296.0'
ARGLOG Romero t 134.7 pos '816.0 -684.7 -184.0' spd 320.2 yaw 262.9 mode 1 st 3 gl 5 hp 100 frg 5
ARGLOG Joe Rogan t 135.2 pos '274.3 -889.0  24.0' spd 487.1 yaw 70 mode 2 st 2 gl 1 hp 100 frg 1
ARGLOG Carmack t 135.2 pos '589.5 -272.0 -296.0' spd 293.5 yaw 246 mode 2 st 0 gl 8 hp 48 frg 11
ARGLOG Romero t 135.2 pos '829.5 -852.8 -232.0' spd 321.3 yaw 295 mode 1 st 3 gl 5 hp 100 frg 5
ARGEVT Romero hazard
ARGEVT Carmack hazard
ARGLOG Joe Rogan t 135.7 pos '429.0 -782.6  24.0' spd 408.3 yaw 77 mode 2 st 2 gl 1 hp 100 frg 1
ARGEVT Joe Rogan hazard
ARGLOG Carmack t 135.7 pos '499.0 -272.0 -296.0' spd  75.3 yaw 283 mode 2 st 0 gl 8 hp 48 frg 11
ARGLOG Romero t 135.7 pos '848.0 -912.0 -232.0' spd 0 yaw 289 mode 1 st 3 gl 5 hp 100 frg 5
ARGLOG Joe Rogan t 136.2 pos '624.0  17.7 -296.0' spd 300 yaw 240 mode 2 st 2 gl 1 hp 100 frg 1
ARGEVT Romero stall
ARGEVT Romero jump
ARGEVT Romero route 1 start '817.0 -855.0 -232.0' goal '753.0 -887.0 -232.0'
ARGLOG Carmack t 136.2 pos '469.1 -272.0 -296.0' spd  48.1 yaw 294 mode 2 st 0 gl 8 hp 48 frg 11
ARGLOG Romero t 136.2 pos '848.0 -912.0 -218.0' spd 0 yaw 289 mode 1 st 4 gl 5 hp 100 frg 5
ARGEVT Carmack hazard
ARGLOG Joe Rogan t 136.7 pos '624.5 -10.1 -296.0' spd 320.0 yaw 237 mode 2 st 2 gl 1 hp 100 frg 1
ARGLOG Carmack t 136.7 pos '446.7 -272.0 -296.0' spd  40.2 yaw 302 mode 2 st 0 gl 8 hp 48 frg 11
ARGLOG Romero t 136.7 pos '848.0 -912.0 -210.0' spd 0 yaw 289 mode 1 st 4 gl 5 hp 100 frg 5
ARGEVT Romero stall
ARGEVT Romero jump
ARGEVT Romero goal backpack
ARGEVT Romero route 5 start '817.0 -855.0 -232.0' goal '337.0 -247.0 -296.0'
ARGLOG Joe Rogan t 137.2 pos '594.4 -175.1 -296.0' spd 352.1 yaw 198 mode 2 st 2 gl 1 hp 100 frg 1
ARGLOG Carmack t 137.2 pos '427.0 -272.2 -296.0' spd  38.3 yaw 308 mode 2 st 0 gl 8 hp 48 frg 11
ARGEVT Joe Rogan engage Carmack
ARGEVT Joe Rogan grab 
ARGEVT Carmack engage Joe Rogan
ARGEVT Carmack grab 
ARGLOG Romero t 137.3 pos '837.3 -911.9 -188.7' spd  31.3 yaw 115 mode 2 st 5 gl 5 hp 100 frg 5
ARGEVT Romero engage Carmack
ARGEVT Romero grab weapon_nailgun
ARGUS routecache adopt
ARGEVT Romero route 3 start '369.0  73.0 -288.0' goal '337.0 -247.0 -296.0'
ARGEVT Carmack hazard
ARGLOG Joe Rogan t 137.7 pos '607.8 -171.8 -296.0' spd 270.7 yaw 187.7 mode 2 st 2 gl 1 hp 100 frg 1
ARGLOG Carmack t 137.7 pos '347.6 -207.5 -296.0' spd 124.7 yaw   6.2 mode 2 st 0 gl 8 hp 48 frg 11
ARGLOG Romero t 137.8 pos '368.0 -30.7 -296.0' spd 300 yaw 261.2 mode 2 st 5 gl 5 hp 100 frg 5
ARGEVT Carmack pursue
ARGUS Carmack hunch 
ARGEVT Joe Rogan hazard
ARGEVT Carmack goal item_health
ARGEVT Carmack pursue
ARGEVT Carmack route 4 start '337.0 -119.0 -296.0' goal '529.0  73.0 -296.0'
ARGEVT Romero hazard
ARGLOG Joe Rogan t 138.2 pos '593.0 -87.3 -296.0' spd  23.8 yaw 232 mode 2 st 2 gl 1 hp 100 frg 1
ARGLOG Carmack t 138.2 pos '346.5 -83.7 -296.0' spd 347.3 yaw 103.5 mode 2 st 0 gl 8 hp 48 frg 11
ARGLOG Romero t 138.3 pos '378.9 -24.3 -296.0' spd 284.2 yaw 238.7 mode 2 st 5 gl 5 hp 100 frg 5
ARGEVT Carmack pursue
ARGEVT Carmack pursue
ARGEVT Joe Rogan pursue
ARGEVT Carmack hazard
ARGLOG Joe Rogan t 138.7 pos '575.9 -237.2 -296.0' spd 384.2 yaw 179 mode 2 st 2 gl 1 hp 100 frg 1
ARGLOG Carmack t 138.7 pos '395.0  69.0 -288.0' spd 252.5 yaw 333.4 mode 2 st 0 gl 8 hp 30 frg 11
ARGLOG Romero t 138.8 pos '354.0  98.0 -288.0' spd 326.9 yaw 296.5 mode 2 st 5 gl 5 hp 100 frg 5
ARGUS Joe Rogan hunch item_artifact_super_damage
ARGEVT Joe Rogan goal weapon_rocketlauncher
ARGEVT Joe Rogan pursue
ARGEVT Joe Rogan route 7 start '465.0 -247.0 -296.0' goal ' 81.0  73.0 -296.0'
ARGLOG Joe Rogan t 139.2 pos '509.7 -247.1 -296.0' spd 322.1 yaw  36.8 mode 2 st 2 gl 1 hp 100 frg 1
ARGLOG Carmack t 139.2 pos '400.0 -30.4 -296.0' spd 328.7 yaw 287 mode 2 st 0 gl 8 hp 12 frg 11
ARGLOG Romero t 139.3 pos '352.1  21.1 -288.0' spd 118.8 yaw 317.6 mode 2 st 5 gl 5 hp 100 frg 5
ARGLOG Joe Rogan t 139.7 pos '592.0 -177.5 -296.0' spd 302.0 yaw 142.9 mode 2 st 2 gl 1 hp 100 frg 1
ARGEVT Carmack pursue
ARGLOG Carmack t 139.8 pos '384.2 -198.8 -296.0' spd 406.9 yaw 330.9 mode 2 st 0 gl 8 hp 12 frg 11
ARGLOG Romero t 139.8 pos '358.7  82.7 -288.0' spd 149.5 yaw 273.3 mode 2 st 5 gl 5 hp 100 frg 5
ARGEVT Carmack pursue
ARGEVT Carmack hazard
ARGEVT Joe Rogan hazard
ARGLOG Joe Rogan t 140.2 pos '592.2 -108.1 -296.0' spd  39.1 yaw 212 mode 2 st 2 gl 1 hp 100 frg 1
ARGLOG Carmack t 140.3 pos '455.1 -250.4 -296.0' spd 320.7 yaw 37 mode 2 st 0 gl 8 hp 12 frg 11
ARGLOG Romero t 140.3 pos '373.4  52.0 -288.0' spd 117.0 yaw 297.5 mode 2 st 5 gl 5 hp 100 frg 5
ARGEVT Romero hazard
ARGEVT Joe Rogan engage Carmack
ARGEVT Carmack engage Joe Rogan
ARGEVT Carmack grab 
ARGEVT Carmack retreat
ARGEVT Romero pursue
ARGUS Romero hunch item_artifact_super_damage
ARGLOG Joe Rogan t 140.7 pos '594.6 -78.1 -296.0' spd 214.1 yaw 245.7 mode 2 st 2 gl 1 hp 100 frg 1
ARGEVT Romero pursue
ARGLOG Carmack t 140.8 pos '589.0 -217.5 -296.0' spd 144.0 yaw  82.9 mode 2 st 0 gl 8 hp 12 frg 11
ARGEVT Romero pursue
ARGLOG Romero t 140.8 pos '384.8 -12.4 -296.0' spd 343.1 yaw 303.0 mode 2 st 5 gl 5 hp 100 frg 5
ARGEVT Romero pursue
ARGEVT Romero goal backpack
ARGEVT Romero route 2 start '369.0   9.0 -296.0' goal '337.0 -247.0 -296.0'
ARGEVT Carmack hazard
ARGEVT Joe Rogan grab item_armor1
ARGLOG Joe Rogan t 141.2 pos '616.1 -34.2 -296.0' spd 213.8 yaw 240.2 mode 2 st 2 gl 1 hp 100 frg 1
ARGLOG Carmack t 141.3 pos '452.3 -263.5 -296.0' spd 408.3 yaw  61.7 mode 2 st 0 gl 8 hp 3 frg 11
ARGLOG Romero t 141.3 pos '370.2 -146.7 -296.0' spd 106.2 yaw 293.2 mode 2 st 5 gl 5 hp 100 frg 5
ARGEVT Carmack death Romero pos '431.8 -263.3 -296.0'
ARGUS Romero watch spawn
ARGEVT Joe Rogan route 9 start '625.0 -23.0 -296.0' goal ' 81.0  73.0 -296.0'
ARGEVT Romero goal backpack
ARGEVT Romero jump
ARGEVT Joe Rogan hazard
ARGLOG Joe Rogan t 141.7 pos '694.1  41.9 -296.0' spd 125.7 yaw 269.4 mode 2 st 2 gl 1 hp 100 frg 1
ARGLOG Romero t 141.8 pos '365.2 -291.9 -256.4' spd 372.2 yaw  15.8 mode 1 st 5 gl 5 hp 100 frg 6
ARGEVT Romero goal backpack
ARGEVT Romero route 1 start '369.0 -247.0 -296.0' goal '337.0 -247.0 -296.0'
ARGLOG Joe Rogan t 142.2 pos '604.5 -42.3 -296.0' spd 323.5 yaw 236 mode 2 st 2 gl 1 hp 100 frg 1
ARGLOG Romero t 142.3 pos '431.5 -329.3 -318.8' spd  35.5 yaw 138 mode 2 st 5 gl 5 hp 100 frg 6
ARGEVT Romero swim
ARGEVT Romero weapon ng
ARGEVT Romero swim
ARGEVT Romero weapon lg
ARGLOG Joe Rogan t 142.8 pos '591.4 -210.8 -296.0' spd 311.7 yaw 197.0 mode 2 st 2 gl 1 hp 100 frg 1
ARGEVT Romero swim
ARGLOG Romero t 142.8 pos '431.1 -304.0 -382.8' spd  42.2 yaw 53 mode 2 st 5 gl 5 hp 94 frg 6
ARGEVT Carmack respawn
ARGEVT Carmack goal weapon_rocketlauncher
ARGLOG Carmack t 142.8 pos '776.0 -808.0 -232.0' spd 0 yaw  94.8 mode 1 st 0 gl 8 hp 100 frg 11
ARGEVT Romero swim
ARGEVT Romero swim
ARGEVT Romero swim
ARGEVT Carmack hazard
ARGEVT Joe Rogan hazard
ARGEVT Romero swim
ARGLOG Joe Rogan t 143.3 pos '452.8 -234.4 -296.0' spd 410.6 yaw 182 mode 2 st 2 gl 1 hp 100 frg 1
ARGEVT Romero swim
ARGLOG Romero t 143.3 pos '432.0 -304.0 -383.5' spd 0 yaw 53 mode 2 st 5 gl 5 hp 88 frg 6
ARGLOG Carmack t 143.3 pos '726.4 -748.9 -216.0' spd 324.3 yaw 257.0 mode 1 st 0 gl 8 hp 100 frg 11
ARGEVT Romero swim
ARGEVT Joe Rogan route 6 start '369.0 -215.0 -296.0' goal ' 81.0  73.0 -296.0'
ARGEVT Romero swim
ARGEVT Romero weapon ng
ARGUS routecache adopt
ARGEVT Joe Rogan route 6 start '369.0 -215.0 -296.0' goal ' 81.0  73.0 -296.0'
ARGEVT Romero swim
ARGEVT Carmack goal item_armorInv
ARGEVT Romero weapon lg
ARGLOG Joe Rogan t 143.8 pos '285.9 -197.3 -296.0' spd 347.4 yaw 207.9 mode 2 st 2 gl 1 hp 100 frg 1
ARGEVT Romero swim
ARGLOG Romero t 143.8 pos '432.0 -305.2 -383.4' spd  32.1 yaw 329.8 mode 2 st 5 gl 5 hp 84 frg 6
ARGLOG Carmack t 143.9 pos '818.5 -880.3 -232.0' spd 462.9 yaw  56.6 mode 1 st 0 gl 9 hp 100 frg 11
ARGEVT Romero swim
ARGEVT Romero swim
ARGEVT Romero swim
ARGEVT Joe Rogan engage Romero
ARGEVT Romero engage Joe Rogan
ARGEVT Romero weapon ng
ARGEVT Romero weapon lg
ARGEVT Romero weapon ng
ARGEVT Romero swim
ARGEVT Romero weapon lg
ARGLOG Joe Rogan t 144.3 pos '152.1 -240.3 -296.0' spd 278.4 yaw  23.6 mode 2 st 2 gl 1 hp 100 frg 1
ARGEVT Romero weapon ng
ARGEVT Romero swim
ARGEVT Romero weapon lg
ARGEVT Joe Rogan hazard
ARGLOG Romero t 144.3 pos '432.0 -311.5 -382.9' spd  45.4 yaw 173.9 mode 2 st 5 gl 5 hp 76 frg 6
ARGLOG Carmack t 144.4 pos '788.6 -719.8 -200.0' spd 419.8 yaw 191.0 mode 1 st 0 gl 9 hp 100 frg 11
ARGEVT Carmack hazard
ARGEVT Romero weapon ng
ARGEVT Romero swim
ARGEVT Romero weapon lg
ARGEVT Romero weapon ng
ARGEVT Romero swim
ARGEVT Romero weapon lg
ARGEVT Joe Rogan pursue
ARGEVT Romero pursue
ARGEVT Romero swim
ARGEVT Romero swim
ARGLOG Joe Rogan t 144.8 pos '189.0 -245.7 -296.0' spd 324.4 yaw 344 mode 2 st 2 gl 1 hp 100 frg 1
ARGLOG Romero t 144.9 pos '421.8 -304.0 -384.0' spd  45.1 yaw 169 mode 2 st 5 gl 5 hp 72 frg 6
ARGEVT Joe Rogan pursue
ARGEVT Romero swim
ARGLOG Carmack t 144.9 pos '770.3 -730.9 -216.0' spd 326.7 yaw 270.6 mode 1 st 0 gl 9 hp 100 frg 11
ARGUS Joe Rogan hunch 
ARGEVT Romero swim
ARGEVT Joe Rogan pursue
ARGEVT Joe Rogan goal backpack
ARGEVT Joe Rogan route 0 start '337.0 -247.0 -296.0' goal '337.0 -247.0 -296.0'
ARGEVT Joe Rogan pursue
ARGEVT Romero swim
ARGEVT Romero swim
ARGLOG Joe Rogan t 145.3 pos '189.6 -269.8 -296.0' spd 387.6 yaw 242.4 mode 2 st 2 gl 1 hp 100 frg 1
ARGEVT Romero weapon ng
ARGEVT Romero swim
ARGLOG Romero t 145.4 pos '385.2 -304.0 -383.7' spd  83.1 yaw 169.3 mode 2 st 5 gl 5 hp 64 frg 6
ARGEVT Romero weapon lg
ARGLOG Carmack t 145.4 pos '761.0 -901.8 -232.0' spd 339.9 yaw 248.5 mode 1 st 0 gl 9 hp 100 frg 11
ARGEVT Romero weapon ng
ARGEVT Romero swim
ARGEVT Romero weapon lg
ARGEVT Carmack engage Joe Rogan
ARGUS Carmack leadclip
ARGEVT Joe Rogan hazard
ARGEVT Romero weapon ng
ARGEVT Romero swim
ARGEVT Romero weapon lg
ARGEVT Romero weapon ng
ARGEVT Romero swim
ARGEVT Romero pursue
ARGEVT Joe Rogan pursue
ARGLOG Joe Rogan t 145.8 pos '106.9 -225.4 -296.0' spd  64.7 yaw 345 mode 2 st 2 gl 1 hp 100 frg 1
ARGEVT Romero swim
ARGLOG Romero t 145.9 pos '368.2 -304.0 -383.2' spd  37.9 yaw 170 mode 2 st 5 gl 5 hp 60 frg 6
ARGLOG Carmack t 145.9 pos '368.0 -31.3 -296.0' spd 300 yaw 225.3 mode 1 st 0 gl 9 hp 100 frg 11
ARGEVT Romero swim
ARGEVT Romero swim
ARGEVT Joe Rogan pursue
ARGEVT Romero swim
ARGEVT Romero swim
ARGLOG Joe Rogan t 146.3 pos '238.4 -244.4 -259.2' spd  71.9 yaw 339 mode 2 st 2 gl 1 hp 23 frg 1
ARGEVT Romero swim
ARGEVT Romero weapon lg
ARGLOG Romero t 146.4 pos '340.7 -304.8 -383.6' spd  65.4 yaw 161.8 mode 2 st 5 gl 5 hp 52 frg 6
ARGLOG Carmack t 146.4 pos '381.5 -106.6 -296.0' spd 322.7 yaw 234.0 mode 1 st 0 gl 9 hp 100 frg 11
ARGEVT Romero weapon ng
ARGEVT Romero swim
ARGEVT Carmack hazard
ARGEVT Romero weapon lg
ARGEVT Romero weapon ng
ARGEVT Romero swim
ARGEVT Romero weapon lg
ARGEVT Romero weapon ng
ARGEVT Romero swim
ARGEVT Romero weapon lg
ARGLOG Joe Rogan t 146.8 pos '264.8 -218.6  46.1' spd  77.7 yaw 287.8 mode 2 st 2 gl 1 hp 23 frg 1
ARGEVT Romero weapon ng
ARGEVT Romero swim
ARGEVT Romero weapon lg
ARGEVT Romero weapon ng
ARGLOG Romero t 146.9 pos '322.5 -340.4 -384.6' spd 110.4 yaw  90.6 mode 2 st 5 gl 5 hp 32 frg 6
ARGEVT Romero swim
ARGLOG Carmack t 146.9 pos '405.3 -48.0 -296.0' spd   3.9 yaw 222.2 mode 1 st 0 gl 9 hp 100 frg 11
ARGEVT Romero swim
ARGEVT Romero swim
ARGEVT Romero swim
ARGEVT Joe Rogan death Carmack pos '281.7 -187.2  89.9'
ARGUS Carmack watch spawn
ARGEVT Carmack goal item_armorInv
ARGEVT Romero swim
ARGEVT Carmack route 8 start '369.0   9.0 -296.0' goal '817.0 -855.0 -232.0'
ARGLOG Romero t 147.4 pos '300.4 -368.0 -383.8' spd  71.0 yaw 202.4 mode 2 st 5 gl 5 hp 2 frg 6
ARGLOG Carmack t 147.4 pos '405.1 -48.0 -296.0' spd   4.4 yaw 128.4 mode 2 st 0 gl 9 hp 100 frg 12
ARGEVT Romero weapon lg
ARGEVT Romero swim
ARGEVT Carmack hazard
ARGEVT Romero death world pos '287.7 -367.9 -383.4'
ARGLOG Carmack t 147.9 pos '347.0   7.4 -296.0' spd 172.1 yaw 266 mode 2 st 0 gl 9 hp 100 frg 12
ARGLOG Carmack t 148.4 pos '362.2 -145.0 -296.0' spd 400.8 yaw 260.5 mode 2 st 0 gl 9 hp 100 frg 12
ARGEVT Carmack rjump
ARGEVT Joe Rogan respawn
ARGEVT Joe Rogan goal backpack
ARGLOG Joe Rogan t 148.8 pos '112.0 -1136.0 -104.0' spd 0 yaw  49.5 mode 0 st 2 gl 1 hp 100 frg 1
ARGEVT Joe Rogan route 8 start '113.0 -1079.0 -104.0' goal '337.0 -247.0 -296.0'
ARGLOG Carmack t 148.9 pos '404.2 -331.8 -138.6' spd 224.8 yaw 7 mode 2 st 0 gl 9 hp 58 frg 12
ARGEVT Romero respawn
ARGEVT Romero goal item_armor2
ARGLOG Romero t 149.1 pos '776.0 -808.0 -232.0' spd 0 yaw  85.2 mode 0 st 5 gl 5 hp 100 frg 5
ARGEVT Romero route 24 start '753.0 -759.0 -232.0' goal '1169.0 -599.0  24.0'
ARGLOG Joe Rogan t 149.3 pos '143.6 -993.6 -104.0' spd 321.9 yaw 74 mode 2 st 2 gl 1 hp 100 frg 1
ARGEVT Carmack hazard
ARGEVT Romero hazard
ARGLOG Carmack t 149.4 pos '421.9 -343.0 -104.0' spd 322.8 yaw 352 mode 2 st 0 gl 9 hp 58 frg 12
ARGLOG Romero t 149.6 pos '747.4 -725.6 -216.0' spd 189.9 yaw 115 mode 2 st 5 gl 5 hp 100 frg 5
ARGLOG Joe Rogan t 149.8 pos '183.4 -834.1 -104.0' spd 320.0 yaw 74 mode 2 st 2 gl 1 hp 100 frg 1
ARGEVT Carmack jump
ARGLOG Carmack t 149.9 pos '587.0 -398.8 -93.3' spd 452.6 yaw 237.7 mode 2 st 0 gl 9 hp 58 frg 12
ARGEVT Joe Rogan hazard
ARGLOG Romero t 150.1 pos '744.1 -880.8 -232.0' spd 375.7 yaw 335.8 mode 0 st 5 gl 5 hp 100 frg 5
ARGUS routecache adopt
ARGEVT Romero route 23 start '753.0 -887.0 -232.0' goal '1169.0 -599.0  24.0'
ARGLOG Joe Rogan t 150.3 pos '167.7 -754.0 -104.0' spd  31.8 yaw 47 mode 2 st 2 gl 1 hp 100 frg 1
ARGUS routecache adopt
ARGEVT Romero route 21 start '369.0   9.0 -296.0' goal '1169.0 -599.0  24.0'
ARGLOG Carmack t 150.5 pos '658.6 -464.0 -80.9' spd 102.5 yaw 321 mode 2 st 0 gl 9 hp 58 frg 12
ARGEVT Romero engage Carmack
ARGEVT Carmack engage Romero
ARGLOG Romero t 150.6 pos '368.0 -34.0 -296.0' spd 300 yaw 290.1 mode 2 st 5 gl 5 hp 100 frg 5
ARGEVT Carmack route 13 start '369.0 -247.0 -296.0' goal '817.0 -855.0 -232.0'
ARGLOG Joe Rogan t 150.8 pos '233.5 -752.0 -104.0' spd 392.5 yaw 60 mode 2 st 2 gl 1 hp 100 frg 1
ARGLOG Carmack t 151.0 pos '453.4 -240.0 -296.0' spd 300 yaw 125.9 mode 2 st 0 gl 9 hp 58 frg 12
ARGLOG Romero t 151.1 pos '345.7 -81.3 -296.0' spd  52.5 yaw 302.5 mode 2 st 5 gl 5 hp 100 frg 5
ARGEVT Joe Rogan hazard
ARGEVT Romero hazard
ARGEVT Carmack retreat
ARGLOG Joe Rogan t 151.3 pos '343.4 -652.4 -104.0' spd 343.4 yaw 75 mode 2 st 2 gl 1 hp 100 frg 1
ARGUS Carmack leadclip
ARGEVT Romero retreat
ARGLOG Carmack t 151.5 pos '533.2 -263.9 -296.0' spd 324.5 yaw 132.6 mode 2 st 0 gl 9 hp 34 frg 12
ARGLOG Romero t 151.6 pos '418.9 -119.4 -262.0' spd 450.4 yaw 313.5 mode 2 st 5 gl 5 hp 16 frg 5
ARGEVT Carmack pursue
ARGLOG Joe Rogan t 151.8 pos '364.4 -490.4 -108.0' spd 320.0 yaw 79 mode 2 st 2 gl 1 hp 100 frg 1
ARGEVT Romero pursue
ARGEVT Joe Rogan engage Romero
ARGEVT Joe Rogan grab 
ARGUS Carmack hunch 
ARGLOG Carmack t 152.0 pos '614.7 -148.5 -296.0' spd 343.7 yaw  35.2 mode 2 st 0 gl 9 hp 34 frg 12
ARGUS Romero hunch 
ARGEVT Carmack goal item_health
ARGEVT Carmack pursue
ARGEVT Romero pursue
ARGLOG Romero t 152.1 pos '390.4 -187.4 -288.3' spd 159.4 yaw 230.9 mode 2 st 5 gl 5 hp 16 frg 5
ARGEVT Romero pursue
ARGEVT Romero goal backpack
ARGEVT Romero route 9 start '369.0 -215.0 -296.0' goal '465.0 -279.0 -104.0'
ARGEVT Romero pursue
ARGLOG Joe Rogan t 152.3 pos '242.0 -408.0 -104.0' spd 145.4 yaw  65.2 mode 2 st 2 gl 1 hp 100 frg 1
ARGEVT Romero hazard
ARGEVT Joe Rogan grab weapon_grenadelauncher
ARGLOG Carmack t 152.5 pos '653.0  14.7 -296.0' spd 344.0 yaw 124.2 mode 1 st 0 gl 9 hp 34 frg 12
ARGLOG Romero t 152.6 pos '432.0 -275.7 -296.0' spd   5.8 yaw 359.8 mode 2 st 5 gl 5 hp 8 frg 5
ARGEVT Joe Rogan route 5 start '145.0 -407.0 -104.0' goal '337.0 -247.0 -296.0'
ARGEVT Joe Rogan hazard
ARGLOG Joe Rogan t 152.8 pos '122.1 -396.2 -104.0' spd 321.2 yaw  32.1 mode 2 st 2 gl 1 hp 100 frg 1
ARGLOG Carmack t 153.0 pos '399.0 -864.0  27.4' spd 300 yaw 140.3 mode 1 st 0 gl 9 hp 59 frg 12
ARGLOG Romero t 153.1 pos '525.0 -211.3 -296.0' spd 363.0 yaw 42 mode 2 st 5 gl 5 hp 8 frg 5
ARGEVT Romero pursue
ARGUS routecache adopt
ARGEVT Joe Rogan route 5 start '145.0 -407.0 -104.0' goal '337.0 -247.0 -296.0'
ARGLOG Joe Rogan t 153.4 pos '165.1 -423.0 -104.0' spd 100.2 yaw  16.9 mode 0 st 2 gl 1 hp 100 frg 1
ARGUS routecache adopt
ARGEVT Joe Rogan route 5 start '145.0 -407.0 -104.0' goal '337.0 -247.0 -296.0'
ARGLOG Carmack t 153.5 pos '390.6 -864.0  24.0' spd 300 yaw 92 mode 1 st 0 gl 9 hp 59 frg 12
ARGLOG Romero t 153.6 pos '640.6 -96.9 -296.0' spd 437.0 yaw 152.2 mode 2 st 5 gl 5 hp 8 frg 5
ARGUS routecache adopt
ARGEVT Joe Rogan route 4 start '273.0 -407.0 -104.0' goal '337.0 -247.0 -296.0'
ARGEVT Romero hazard
ARGLOG Joe Rogan t 153.9 pos '253.2 -421.5 -104.0' spd 265.7 yaw  73.1 mode 2 st 2 gl 1 hp 100 frg 1
ARGEVT Joe Rogan pursue
ARGUS Joe Rogan hunch 
ARGLOG Carmack t 154.0 pos '332.5 -718.5  24.0' spd 331.5 yaw 75 mode 1 st 0 gl 9 hp 59 frg 12
ARGEVT Joe Rogan pursue
ARGEVT Joe Rogan goal backpack
ARGEVT Joe Rogan route 4 start '305.0 -407.0 -104.0' goal '337.0 -247.0 -296.0'
ARGLOG Romero t 154.2 pos '577.6  49.0 -296.0' spd 322.6 yaw 103.1 mode 2 st 5 gl 5 hp 8 frg 5
ARGLOG Joe Rogan t 154.4 pos '386.8 -475.2 -104.0' spd 340.4 yaw 345.8 mode 2 st 2 gl 1 hp 100 frg 1
ARGEVT Joe Rogan hazard
ARGLOG Carmack t 154.5 pos '354.9 -555.4  24.0' spd 364.4 yaw 124.9 mode 1 st 0 gl 9 hp 59 frg 12
ARGEVT Joe Rogan goal item_armorInv
ARGEVT Joe Rogan pursue
ARGEVT Joe Rogan route 6 start '369.0 -471.0 -104.0' goal '817.0 -855.0 -232.0'
ARGEVT Romero route 5 start '401.0 -887.0  24.0' goal '465.0 -279.0 -104.0'
ARGLOG Romero t 154.7 pos '416.7 -864.0  35.4' spd 300 yaw  25.4 mode 2 st 5 gl 5 hp 8 frg 5
ARGEVT Romero engage Carmack
ARGEVT Carmack engage Romero
ARGUS Carmack leadclip
ARGEVT Carmack grab item_health
ARGLOG Joe Rogan t 154.9 pos '318.8 -524.5 -104.0' spd 342.5 yaw 147.1 mode 2 st 2 gl 1 hp 100 frg 1
ARGLOG Carmack t 155.0 pos '409.9 -439.6  24.0' spd 348.5 yaw 257.8 mode 1 st 0 gl 9 hp 59 frg 12
ARGLOG Romero t 155.2 pos '390.9 -864.0  24.0' spd 300 yaw  89.3 mode 2 st 5 gl 5 hp 8 frg 5
ARGEVT Carmack weapon sg
ARGEVT Romero pursue
ARGEVT Carmack pursue
ARGLOG Joe Rogan t 155.4 pos '236.0 -407.4 -104.0' spd 239.7 yaw  39.0 mode 2 st 2 gl 1 hp 100 frg 1
ARGEVT Joe Rogan hazard
ARGEVT Carmack hazard
ARGLOG Carmack t 155.5 pos '534.6 -487.1  24.0' spd 332.9 yaw 240.0 mode 1 st 0 gl 9 hp 51 frg 12
ARGLOG Romero t 155.7 pos '340.1 -782.4  24.0' spd 325.2 yaw 85 mode 2 st 5 gl 5 hp 8 frg 5
ARGLOG Joe Rogan t 155.9 pos '334.0 -388.7 -104.0' spd 321.1 yaw 2 mode 2 st 2 gl 1 hp 100 frg 1
ARGEVT Carmack pursue
ARGEVT Carmack pursue
ARGLOG Carmack t 156.0 pos '384.3 -485.1  24.0' spd  67.1 yaw 180.9 mode 1 st 0 gl 9 hp 51 frg 12
ARGLOG Romero t 156.2 pos '358.1 -704.1  24.0' spd 322.2 yaw  76.1 mode 2 st 5 gl 5 hp 8 frg 5
ARGLOG Joe Rogan t 156.4 pos '496.7 -379.3 -104.0' spd 320.0 yaw 1 mode 2 st 2 gl 1 hp 100 frg 1
ARGEVT Carmack pursue
ARGEVT Romero pursue
ARGLOG Carmack t 156.5 pos '445.8 -508.5  24.0' spd 268.0 yaw 246.8 mode 1 st 0 gl 9 hp 51 frg 12
ARGEVT Joe Rogan jump
ARGLOG Romero t 156.7 pos '384.1 -821.7  24.0' spd 185.8 yaw 88 mode 0 st 5 gl 5 hp 8 frg 5
ARGEVT Romero route 5 start '401.0 -791.0  24.0' goal '465.0 -279.0 -104.0'
ARGEVT Carmack pursue
ARGEVT Romero hazard
ARGLOG Joe Rogan t 156.9 pos '667.9 -410.3 -62.4' spd 375.9 yaw 233.0 mode 2 st 2 gl 1 hp 100 frg 1
ARGEVT Romero grab item_health
ARGEVT Romero death Carmack pos '369.6 -778.1  24.0'
ARGUS Carmack watch spawn
ARGLOG Carmack t 157.0 pos '319.8 -527.7  24.0' spd 153.4 yaw 348.9 mode 1 st 0 gl 9 hp 27 frg 13
ARGEVT Carmack goal weapon_lightning
ARGEVT Carmack route 2 start '369.0 -471.0  24.0' goal '529.0 -311.0 -104.0'
ARGEVT Carmack hazard
ARGLOG Joe Rogan t 157.4 pos '414.7 -240.0 -276.4' spd 300 yaw 237.1 mode 0 st 2 gl 1 hp 100 frg 1
ARGEVT Joe Rogan route 13 start '369.0 -247.0 -296.0' goal '817.0 -855.0 -232.0'
ARGLOG Carmack t 157.5 pos '368.0 -616.5  24.0' spd 320.2 yaw 272 mode 2 st 0 gl 9 hp 27 frg 13
ARGLOG Joe Rogan t 157.9 pos '453.4 -240.0 -296.0' spd 300 yaw 256 mode 2 st 2 gl 1 hp 100 frg 1
ARGLOG Carmack t 158.0 pos '387.6 -792.1  24.0' spd 430.9 yaw 83 mode 2 st 0 gl 9 hp 27 frg 13
ARGEVT Joe Rogan hazard
ARGEVT Carmack route 5 start '401.0 -791.0  24.0' goal '529.0 -311.0 -104.0'
ARGEVT Carmack hazard
ARGLOG Joe Rogan t 158.4 pos '589.0 -270.8 -296.0' spd 346.9 yaw 84 mode 2 st 2 gl 1 hp 100 frg 1
ARGEVT Romero respawn
ARGEVT Romero goal weapon_rocketlauncher
ARGLOG Romero t 158.5 pos '-64.0 512.0 -296.0' spd 0 yaw 274.8 mode 0 st 5 gl 5 hp 100 frg 5
ARGEVT Romero route 5 start '-79.0 553.0 -296.0' goal ' 81.0  73.0 -296.0'
ARGLOG Carmack t 158.6 pos '400.2 -753.9  24.0' spd 326.7 yaw 112 mode 2 st 0 gl 9 hp 27 frg 13
ARGLOG Joe Rogan t 158.9 pos '607.5 -121.1 -296.0' spd 375.4 yaw 194.6 mode 2 st 2 gl 1 hp 100 frg 1
ARGLOG Romero t 159.0 pos '-80.0 367.6 -296.0' spd 320.1 yaw 257 mode 2 st 5 gl 5 hp 100 frg 5
ARGLOG Carmack t 159.1 pos '319.1 -694.2  24.0' spd 335.5 yaw  49.8 mode 2 st 0 gl 9 hp 27 frg 13
ARGEVT Joe Rogan hazard
ARGEVT Romero hazard
ARGEVT Carmack hazard
ARGLOG Joe Rogan t 159.4 pos '592.0 -25.9 -296.0' spd 343.3 yaw 262 mode 2 st 2 gl 1 hp 100 frg 1
ARGLOG Romero t 159.5 pos '-74.9 194.9 -296.0' spd 340.9 yaw 325 mode 2 st 5 gl 5 hp 100 frg 5
ARGLOG Carmack t 159.6 pos '368.0 -609.7  24.0' spd 273.5 yaw 272 mode 2 st 0 gl 9 hp 27 frg 13
ARGEVT Joe Rogan route 10 start '625.0 105.0 -296.0' goal '817.0 -855.0 -232.0'
ARGEVT Joe Rogan engage Carmack
ARGEVT Joe Rogan weapon sg
ARGEVT Joe Rogan grab item_rockets
ARGEVT Carmack engage Joe Rogan
ARGEVT Carmack grab item_rockets
ARGEVT Carmack retreat
ARGLOG Joe Rogan t 159.9 pos '425.4 -864.0  38.2' spd 300 yaw  58.5 mode 0 st 2 gl 1 hp 100 frg 1
ARGEVT Joe Rogan route 9 start '401.0 -887.0  24.0' goal '817.0 -855.0 -232.0'
ARGLOG Romero t 160.0 pos ' 20.2  51.5 -296.0' spd 388.3 yaw 11 mode 1 st 5 gl 5 hp 100 frg 5
ARGLOG Carmack t 160.1 pos '345.2 -702.9  24.0' spd 324.0 yaw 302.2 mode 2 st 0 gl 9 hp 27 frg 13
ARGEVT Joe Rogan weapon gl
ARGEVT Romero goal backpack
ARGEVT Romero route 8 start ' 81.0  73.0 -296.0' goal '465.0 -279.0 -104.0'
ARGEVT Romero hazard
ARGLOG Joe Rogan t 160.4 pos '390.9 -864.0  24.0' spd 295.9 yaw  98.8 mode 2 st 2 gl 1 hp 76 frg 1
ARGLOG Romero t 160.6 pos ' 94.4 121.0 -296.0' spd 301.0 yaw 243 mode 2 st 5 gl 6 hp 100 frg 5
ARGLOG Carmack t 160.6 pos '310.3 -546.6  24.0' spd 338.2 yaw 288.0 mode 2 st 0 gl 9 hp 27 frg 13
ARGLOG Joe Rogan t 160.9 pos '456.6 -817.0  24.0' spd 326.4 yaw 109.4 mode 2 st 2 gl 1 hp 76 frg 1
ARGLOG Romero t 161.1 pos '-76.3  90.4 -296.0' spd 428.9 yaw 286 mode 2 st 5 gl 6 hp 100 frg 5
ARGLOG Carmack t 161.1 pos '261.0 -391.4  14.7' spd 248.7 yaw 295.4 mode 2 st 0 gl 9 hp 27 frg 13
ARGEVT Joe Rogan hazard
ARGEVT Carmack pursue
ARGEVT Joe Rogan pursue
ARGEVT Romero hazard
ARGUS Joe Rogan hunch item_artifact_super_damage
ARGEVT Joe Rogan goal item_rockets
ARGLOG Joe Rogan t 161.4 pos '426.5 -768.1  24.0' spd 153.4 yaw 279.5 mode 0 st 2 gl 1 hp 76 frg 1
ARGEVT Joe Rogan route 3 start '401.0 -791.0  24.0' goal '401.0 -791.0 -104.0'
ARGEVT Joe Rogan pursue
ARGLOG Romero t 161.6 pos '-167.7  48.0 -296.0' spd  39.3 yaw 303 mode 2 st 5 gl 6 hp 100 frg 5
ARGLOG Carmack t 161.6 pos '206.6 -409.2 -104.0' spd 274.1 yaw 296 mode 2 st 0 gl 9 hp 27 frg 13
ARGEVT Carmack hazard
ARGLOG Joe Rogan t 161.9 pos '326.1 -871.8  24.0' spd 385.9 yaw 161.4 mode 2 st 2 gl 1 hp 76 frg 1
ARGLOG Romero t 162.1 pos '-186.9  48.0 -296.0' spd  36.3 yaw 305 mode 2 st 5 gl 6 hp 100 frg 5
ARGLOG Carmack t 162.1 pos '327.1 -522.5 -104.0' spd 326.6 yaw 286 mode 2 st 0 gl 9 hp 27 frg 13
ARGEVT Romero hazard
ARGLOG Joe Rogan t 162.5 pos '211.2 -778.8  24.0' spd 324.5 yaw  78.5 mode 2 st 2 gl 1 hp 76 frg 1
ARGEVT Joe Rogan hazard
ARGLOG Romero t 162.6 pos '-205.0  48.0 -296.0' spd  34.4 yaw 307 mode 2 st 5 gl 6 hp 100 frg 5
ARGLOG Carmack t 162.6 pos '368.0 -677.4 -104.0' spd 332.6 yaw 287 mode 2 st 0 gl 9 hp 27 frg 13
ARGEVT Carmack route 4 start '401.0 -791.0 -104.0' goal '529.0 -311.0 -104.0'
ARGUS Carmack hunch item_armorInv
ARGLOG Joe Rogan t 163.0 pos '208.0 -769.0  24.0' spd 158.8 yaw 210 mode 2 st 2 gl 1 hp 76 frg 1
ARGEVT Joe Rogan pursue
ARGLOG Romero t 163.1 pos '-117.0  48.0 -296.0' spd 318.7 yaw 295 mode 2 st 5 gl 6 hp 100 frg 5
ARGEVT Carmack goal item_health
ARGLOG Carmack t 163.1 pos '423.0 -832.1 -104.0' spd 344.1 yaw 345.8 mode 1 st 0 gl 9 hp 27 frg 13
ARGEVT Carmack hazard
ARGLOG Joe Rogan t 163.5 pos '208.0 -816.1  24.0' spd   3.9 yaw 185 mode 2 st 2 gl 1 hp 76 frg 1
ARGLOG Romero t 163.6 pos '-22.1 -63.7 -296.0' spd 341.4 yaw 283 mode 2 st 5 gl 6 hp 100 frg 5
ARGLOG Carmack t 163.6 pos '447.8 -984.7 -104.0' spd 362.9 yaw 212.1 mode 1 st 0 gl 9 hp 72 frg 13
ARGEVT Carmack weapon rl
ARGLOG Joe Rogan t 164.0 pos '208.0 -820.0  24.0' spd  54.6 yaw 213.8 mode 2 st 2 gl 1 hp 48 frg 1
ARGEVT Romero route 4 start ' 17.0 -247.0 -296.0' goal '465.0 -279.0 -104.0'
ARGLOG Romero t 164.1 pos ' -5.7 -237.3 -296.0' spd 388.1 yaw 334 mode 0 st 5 gl 6 hp 100 frg 5
ARGLOG Carmack t 164.1 pos '277.9 -964.6 -104.0' spd 486.9 yaw  49.2 mode 1 st 0 gl 9 hp 72 frg 13
ARGEVT Romero hazard
ARGUS routecache adopt
ARGEVT Romero route 4 start ' 17.0 -247.0 -296.0' goal '465.0 -279.0 -104.0'
ARGLOG Joe Rogan t 164.5 pos '237.8 -964.7  24.0' spd 343.9 yaw 324 mode 2 st 2 gl 1 hp 48 frg 1
ARGLOG Romero t 164.6 pos '152.7 -262.3 -296.0' spd 320.8 yaw 4 mode 2 st 5 gl 6 hp 100 frg 5
ARGLOG Carmack t 164.6 pos '420.0 -842.3 -104.0' spd 340.3 yaw 345 mode 1 st 0 gl 9 hp 72 frg 13
ARGEVT Carmack hazard
ARGLOG Joe Rogan t 165.0 pos '407.7 -990.7  24.0' spd 474.5 yaw 104.7 mode 2 st 2 gl 1 hp 48 frg 1
ARGLOG Romero t 165.1 pos '315.1 -253.6 -296.0' spd 320.0 yaw 345 mode 2 st 5 gl 6 hp 100 frg 5
ARGEVT Romero rjump
ARGLOG Carmack t 165.1 pos '447.6 -989.3 -104.0' spd 374.6 yaw 207.1 mode 1 st 0 gl 9 hp 72 frg 13
ARGEVT Romero engage Carmack
ARGUS Romero leadclip
ARGEVT Romero grab weapon_lightning
ARGEVT Carmack engage Romero
ARGUS Carmack leadclip
ARGLOG Joe Rogan t 165.5 pos '292.7 -860.7  24.0' spd 476.4 yaw 265.0 mode 2 st 2 gl 1 hp 48 frg 1
ARGLOG Romero t 165.6 pos '426.5 -201.9 -87.2' spd 232.6 yaw 271.9 mode 2 st 5 gl 6 hp 49 frg 5
ARGLOG Carmack t 165.6 pos '298.7 -967.1 -104.0' spd 368.6 yaw  80.0 mode 1 st 0 gl 9 hp 72 frg 13
ARGEVT Carmack grab item_rockets
ARGLOG Joe Rogan t 166.0 pos '314.1 -1039.8  24.0' spd 356.6 yaw  33.0 mode 2 st 2 gl 1 hp 48 frg 1
ARGLOG Romero t 166.1 pos '540.7 -175.5 -56.2' spd 250.4 yaw 249.4 mode 2 st 5 gl 6 hp 49 frg 5
ARGLOG Carmack t 166.1 pos '252.9 -802.6 -104.0' spd 364.3 yaw  69.4 mode 1 st 0 gl 9 hp 72 frg 13
ARGEVT Carmack hazard
ARGLOG Joe Rogan t 166.5 pos '370.9 -877.9  24.0' spd 476.2 yaw 188 mode 2 st 2 gl 1 hp 48 frg 1
ARGEVT Romero pursue
ARGLOG Romero t 166.6 pos '578.6 -284.0 -104.0' spd 322.4 yaw 239 mode 2 st 5 gl 6 hp 49 frg 5
ARGLOG Carmack t 166.6 pos '225.7 -777.3 -104.0' spd 324.0 yaw 323 mode 1 st 0 gl 9 hp 72 frg 13
ARGEVT Carmack pursue
ARGUS Carmack prefire
ARGUS Joe Rogan bodyblock
ARGLOG Joe Rogan t 167.0 pos '298.7 -824.0  24.0' spd 305.0 yaw 17 mode 2 st 2 gl 1 hp 48 frg 1
ARGUS Romero hunch 
ARGEVT Romero goal item_armorInv
ARGLOG Romero t 167.1 pos '505.2 -426.7 -104.0' spd 172.2 yaw  20.3 mode 0 st 5 gl 6 hp 49 frg 5
ARGEVT Romero hazard
ARGLOG Carmack t 167.2 pos '356.9 -717.3 -104.0' spd 331.5 yaw 70 mode 1 st 0 gl 9 hp 72 frg 13
ARGEVT Romero route 5 start '529.0 -407.0 -104.0' goal '817.0 -855.0 -232.0'
ARGEVT Romero pursue
ARGEVT Romero jump
ARGLOG Joe Rogan t 167.5 pos '254.5 -988.7  24.0' spd 485.8 yaw 132.6 mode 2 st 2 gl 1 hp 48 frg 1
ARGEVT Carmack pursue
ARGLOG Romero t 167.6 pos '653.8 -377.7 -65.6' spd 327.2 yaw 315.3 mode 2 st 5 gl 6 hp 49 frg 5
ARGLOG Carmack t 167.7 pos '368.0 -547.5 -104.0' spd 350.9 yaw 64 mode 1 st 0 gl 9 hp 72 frg 13
ARGUS Carmack leadclip
ARGLOG Joe Rogan t 168.0 pos '229.7 -852.8  24.0' spd 320.7 yaw 19 mode 2 st 2 gl 1 hp 48 frg 1
ARGLOG Romero t 168.1 pos '679.1 -357.5 -104.0' spd 187.4 yaw 197.9 mode 2 st 5 gl 6 hp 49 frg 5
ARGLOG Carmack t 168.2 pos '403.2 -408.2 -104.0' spd 118.3 yaw  16.9 mode 1 st 0 gl 9 hp 72 frg 13
ARGEVT Joe Rogan hazard
ARGEVT Romero death Carmack pos '661.4 -316.8 -104.0'
ARGUS Carmack watch spawn
ARGEVT Carmack goal item_armorInv
ARGEVT Carmack route 6 start '369.0 -471.0 -104.0' goal '817.0 -855.0 -232.0'
ARGLOG Joe Rogan t 168.5 pos '208.0 -795.2  24.0' spd 205.4 yaw 1 mode 2 st 2 gl 1 hp 48 frg 1
ARGLOG Carmack t 168.7 pos '358.0 -502.6 -104.0' spd 425.4 yaw 25 mode 2 st 0 gl 9 hp 42 frg 14
ARGEVT Carmack hazard
ARGLOG Joe Rogan t 169.0 pos '208.0 -836.3  24.0' spd  26.8 yaw 13 mode 2 st 2 gl 1 hp 48 frg 1
ARGLOG Carmack t 169.2 pos '285.3 -401.7 -104.0' spd 298.9 yaw 4 mode 2 st 0 gl 9 hp 42 frg 14
ARGLOG Joe Rogan t 169.6 pos '208.0 -827.9  24.0' spd   2.3 yaw 10 mode 2 st 2 gl 1 hp 48 frg 1
ARGLOG Carmack t 169.7 pos '446.6 -380.9 -104.0' spd 320.1 yaw 4 mode 2 st 0 gl 9 hp 42 frg 14
ARGEVT Romero respawn
ARGEVT Romero goal backpack
ARGLOG Romero t 169.8 pos '-64.0 512.0 -296.0' spd 0 yaw 265.5 mode 0 st 5 gl 6 hp 100 frg 5
ARGEVT Romero route 3 start '-79.0 553.0 -296.0' goal '-207.0 329.0 -360.0'
ARGEVT Joe Rogan stall
ARGEVT Joe Rogan stallnode '113.0 -823.0 -104.0'
ARGEVT Joe Rogan jump
ARGEVT Joe Rogan route 3 start '241.0 -887.0  24.0' goal '401.0 -791.0 -104.0'
ARGLOG Joe Rogan t 170.1 pos '208.0 -820.4  61.2' spd  45.7 yaw 182 mode 2 st 3 gl 1 hp 48 frg 1
ARGLOG Carmack t 170.2 pos '607.1 -369.4 -104.0' spd 321.1 yaw 312 mode 2 st 0 gl 9 hp 42 frg 14
ARGLOG Romero t 170.3 pos '-175.1 408.0 -296.0' spd 331.9 yaw 185.2 mode 2 st 5 gl 6 hp 100 frg 5
ARGEVT Carmack jump
ARGEVT Romero jump
ARGLOG Joe Rogan t 170.6 pos '210.5 -794.7  24.0' spd 157.6 yaw 1 mode 2 st 3 gl 1 hp 48 frg 1
ARGEVT Joe Rogan hazard
ARGLOG Carmack t 170.7 pos '688.0 -421.6 -60.5' spd 134.0 yaw 304 mode 2 st 0 gl 9 hp 42 frg 14
ARGEVT Romero abandon
ARGEVT Romero goal backpack
ARGLOG Romero t 170.8 pos '-238.6 364.2 -254.5' spd  32.4 yaw  74.9 mode 0 st 5 gl 6 hp 100 frg 5
ARGEVT Romero route 16 start '-207.0 425.0 -296.0' goal '465.0 -279.0 -104.0'
ARGLOG Joe Rogan t 171.1 pos '208.0 -758.9  24.0' spd  60.0 yaw 351 mode 2 st 3 gl 1 hp 48 frg 1
ARGEVT Carmack route 13 start '369.0 -247.0 -296.0' goal '817.0 -855.0 -232.0'
ARGLOG Carmack t 171.2 pos '436.6 -240.0 -286.5' spd 300 yaw 61 mode 2 st 0 gl 9 hp 42 frg 14
ARGEVT Joe Rogan stall
ARGEVT Joe Rogan stallnode '113.0 -823.0 -104.0'
ARGEVT Joe Rogan jump
ARGLOG Romero t 171.3 pos '-185.2 415.6 -296.0' spd 323.4 yaw 290 mode 2 st 5 gl 6 hp 100 frg 5
ARGEVT Joe Rogan route 2 start '241.0 -759.0  24.0' goal '401.0 -791.0 -104.0'
ARGLOG Joe Rogan t 171.6 pos '208.0 -852.4  67.4' spd  29.1 yaw 162 mode 2 st 4 gl 1 hp 48 frg 1
ARGEVT Romero hazard
ARGLOG Carmack t 171.7 pos '458.5 -239.7 -296.0' spd 322.5 yaw 64 mode 2 st 0 gl 9 hp 42 frg 14
ARGLOG Romero t 171.8 pos '-29.9 434.0 -296.0' spd 252.2 yaw 268 mode 2 st 5 gl 6 hp 100 frg 5
ARGEVT Carmack hazard
ARGLOG Joe Rogan t 172.1 pos '220.0 -810.1  24.0' spd 320.1 yaw 187 mode 2 st 4 gl 1 hp 48 frg 1
ARGEVT Joe Rogan hazard
ARGLOG Carmack t 172.2 pos '623.2 -187.8 -296.0' spd 391.7 yaw 257 mode 2 st 0 gl 9 hp 42 frg 14
ARGLOG Romero t 172.3 pos ' 29.1 414.2 -296.0' spd  51.3 yaw 258 mode 2 st 5 gl 6 hp 100 frg 5
ARGLOG Joe Rogan t 172.6 pos '208.0 -766.3  24.0' spd 105.5 yaw 353 mode 2 st 4 gl 1 hp 48 frg 1
ARGEVT Romero hazard
ARGLOG Carmack t 172.7 pos '650.6 -22.6 -296.0' spd 320.9 yaw 258 mode 2 st 0 gl 9 hp 42 frg 14
ARGLOG Romero t 172.8 pos ' 48.0 415.8 -296.0' spd  36.4 yaw 255 mode 2 st 5 gl 6 hp 100 frg 5
ARGLOG Joe Rogan t 173.1 pos '208.0 -840.0  24.0' spd   8.5 yaw 14 mode 2 st 4 gl 1 hp 48 frg 1
ARGEVT Joe Rogan engage Carmack
ARGEVT Joe Rogan grab item_rockets
ARGEVT Carmack engage Joe Rogan
ARGEVT Carmack grab item_rockets
ARGEVT Carmack route 9 start '465.0 -855.0  24.0' goal '817.0 -855.0 -232.0'
ARGLOG Carmack t 173.2 pos '425.7 -864.0  38.3' spd 300 yaw 172.4 mode 2 st 0 gl 9 hp 42 frg 14
ARGLOG Romero t 173.4 pos ' 65.4 417.3 -296.0' spd  32.3 yaw 252 mode 2 st 5 gl 6 hp 100 frg 5
ARGUS Carmack leadclip
ARGEVT Joe Rogan hazard
ARGLOG Joe Rogan t 173.6 pos '208.0 -769.5  24.0' spd 100.3 yaw 309.9 mode 2 st 4 gl 1 hp 48 frg 1
ARGEVT Romero hazard
ARGLOG Carmack t 173.7 pos '391.2 -864.0  24.0' spd 300 yaw 156.7 mode 2 st 0 gl 9 hp 42 frg 14
ARGEVT Joe Rogan weapon sg
ARGLOG Romero t 173.9 pos ' 82.7 416.2 -296.0' spd  82.1 yaw 250 mode 2 st 5 gl 6 hp 100 frg 5
ARGEVT Joe Rogan death Carmack pos '208.0 -772.6  24.0'
ARGEVT Carmack goal item_rockets
ARGEVT Carmack route 4 start '401.0 -887.0  24.0' goal '401.0 -791.0 -104.0'
ARGLOG Carmack t 174.2 pos '382.3 -752.0  24.0' spd 142.6 yaw 153.2 mode 2 st 0 gl 9 hp 42 frg 15
ARGLOG Romero t 174.4 pos ' 73.6 400.5 -296.0' spd 242.1 yaw 250 mode 2 st 5 gl 6 hp 100 frg 5
ARGEVT Romero hazard
ARGLOG Carmack t 174.7 pos '226.5 -768.3  24.0' spd 325.2 yaw 353 mode 2 st 0 gl 9 hp 42 frg 15
ARGLOG Romero t 174.9 pos '-50.1 423.6 -296.0' spd 275.3 yaw 271 mode 2 st 5 gl 6 hp 100 frg 5
ARGLOG Carmack t 175.2 pos '208.0 -834.0  24.0' spd  33.9 yaw 12 mode 2 st 0 gl 9 hp 42 frg 15
ARGLOG Romero t 175.4 pos '-114.5 267.0 -296.0' spd 341.1 yaw 280 mode 2 st 5 gl 6 hp 100 frg 5
ARGEVT Joe Rogan respawn
ARGEVT Romero engage Joe Rogan
ARGEVT Joe Rogan goal backpack
ARGEVT Joe Rogan engage Romero
ARGEVT Joe Rogan grab item_health
ARGLOG Joe Rogan t 175.4 pos '-64.0 512.0 -296.0' spd 0 yaw 269.8 mode 0 st 4 gl 1 hp 100 frg 1
ARGEVT Joe Rogan route 3 start '-79.0 553.0 -296.0' goal '-207.0 329.0 -360.0'
ARGLOG Carmack t 175.8 pos '208.0 -827.5  24.0' spd   2.5 yaw 10 mode 2 st 0 gl 9 hp 42 frg 15
ARGLOG Romero t 175.9 pos '-88.6 217.6 -296.0' spd 164.0 yaw  74.8 mode 2 st 5 gl 6 hp 100 frg 5
ARGLOG Joe Rogan t 175.9 pos '-55.1 593.5 -296.0' spd 331.2 yaw 258.5 mode 2 st 4 gl 1 hp 200 frg 1
ARGEVT Carmack stall
ARGEVT Carmack stallnode '113.0 -823.0 -104.0'
ARGEVT Carmack jump
ARGEVT Carmack route 3 start '241.0 -887.0  24.0' goal '401.0 -791.0 -104.0'
ARGEVT Romero hazard
ARGLOG Carmack t 176.3 pos '208.0 -815.0  67.6' spd  45.7 yaw 185 mode 2 st 1 gl 9 hp 42 frg 15
ARGLOG Romero t 176.4 pos '-84.9 279.1 -296.0' spd 199.3 yaw  84.9 mode 2 st 5 gl 6 hp 100 frg 5
ARGLOG Joe Rogan t 176.5 pos '-24.9 582.2 -296.0' spd 260.8 yaw 260.4 mode 2 st 4 gl 1 hp 200 frg 1
ARGEVT Carmack hazard
ARGLOG Carmack t 176.8 pos '229.7 -770.9  24.0' spd 341.8 yaw 354 mode 2 st 1 gl 9 hp 42 frg 15
ARGLOG Romero t 176.9 pos '-78.5 341.0 -296.0' spd 210.4 yaw  94.8 mode 2 st 5 gl 6 hp 80 frg 5
ARGLOG Joe Rogan t 177.0 pos '-94.1 601.6 -296.0' spd 202.0 yaw 269.5 mode 2 st 4 gl 1 hp 176 frg 1
ARGEVT Romero hazard
ARGLOG Carmack t 177.3 pos '208.0 -783.2  24.0' spd 168.2 yaw 358 mode 2 st 1 gl 9 hp 42 frg 15
ARGEVT Carmack stall
ARGEVT Carmack stallnode '113.0 -823.0 -104.0'
ARGEVT Carmack jump
ARGLOG Romero t 177.4 pos '-101.8 420.0 -296.0' spd 357.5 yaw  75.5 mode 0 st 5 gl 6 hp 68 frg 5
ARGLOG Joe Rogan t 177.5 pos '-76.7 591.1 -296.0' spd 320.0 yaw 255.6 mode 2 st 4 gl 1 hp 176 frg 1
ARGUS routecache adopt
ARGEVT Carmack route 2 start '241.0 -759.0  24.0' goal '401.0 -791.0 -104.0'
ARGEVT Romero route 15 start '-111.0 457.0 -296.0' goal '465.0 -279.0 -104.0'
ARGLOG Carmack t 177.8 pos '208.0 -873.6  64.7' spd  38.9 yaw 151 mode 2 st 2 gl 9 hp 42 frg 15
ARGLOG Romero t 177.9 pos '-23.2 441.8 -296.0' spd 311.4 yaw  81.4 mode 2 st 5 gl 6 hp 44 frg 5
ARGLOG Joe Rogan t 178.0 pos '-19.5 570.9 -296.0' spd  73.1 yaw 265.3 mode 2 st 4 gl 1 hp 160 frg 1
ARGEVT Joe Rogan hazard
ARGLOG Carmack t 178.3 pos '228.9 -799.3  24.0' spd 321.1 yaw 2 mode 2 st 2 gl 9 hp 42 frg 15
ARGEVT Carmack hazard
ARGEVT Romero hazard
ARGLOG Romero t 178.4 pos '-54.8 422.7 -296.0' spd 100.5 yaw 121.7 mode 2 st 5 gl 6 hp 40 frg 5
ARGLOG Joe Rogan t 178.5 pos '-124.8 524.2 -296.0' spd  50.4 yaw 308.5 mode 2 st 4 gl 1 hp 156 frg 1
ARGEVT Romero retreat
ARGLOG Carmack t 178.8 pos '208.0 -776.9  24.0' spd 220.0 yaw 356 mode 2 st 2 gl 9 hp 42 frg 15
ARGEVT Joe Rogan goal weapon_rocketlauncher
ARGEVT Joe Rogan route 20 start '-47.0 585.0 -296.0' goal '753.0 -887.0 -232.0'
ARGLOG Romero t 179.0 pos ' 95.5 418.0 -296.0' spd 279.5 yaw 119.3 mode 2 st 5 gl 6 hp 16 frg 5
ARGLOG Joe Rogan t 179.0 pos '-31.8 607.4 -296.0' spd  59.6 yaw 303.1 mode 2 st 4 gl 1 hp 132 frg 1
ARGEVT Joe Rogan pursue
ARGEVT Romero pursue
ARGUS Romero hunch item_artifact_super_damage
ARGLOG Carmack t 179.3 pos '208.0 -840.3  24.0' spd  29.5 yaw 14 mode 2 st 2 gl 9 hp 42 frg 15
ARGEVT Joe Rogan route 20 start '-79.0 553.0 -296.0' goal '753.0 -887.0 -232.0'
ARGEVT Romero goal item_health
ARGEVT Romero route 11 start ' 81.0 425.0 -296.0' goal '529.0  73.0 -296.0'
ARGEVT Romero hazard
ARGLOG Romero t 179.5 pos ' 54.4 432.0 -296.0' spd  57.6 yaw 167.1 mode 2 st 5 gl 6 hp 16 frg 5
ARGLOG Joe Rogan t 179.5 pos '-62.9 467.6 -296.0' spd 233.7 yaw 332.6 mode 2 st 4 gl 1 hp 132 frg 1
ARGLOG Carmack t 179.8 pos '208.0 -825.7  24.0' spd   1.6 yaw 10 mode 2 st 2 gl 9 hp 42 frg 15
ARGEVT Joe Rogan route 20 start '-79.0 553.0 -296.0' goal '753.0 -887.0 -232.0'
ARGLOG Romero t 180.0 pos '108.7 398.8 -296.0' spd  74.6 yaw 131.9 mode 2 st 5 gl 6 hp 12 frg 5
ARGLOG Joe Rogan t 180.0 pos '-46.4 590.4 -296.0' spd 351.3 yaw 319.9 mode 2 st 4 gl 1 hp 108 frg 1
ARGEVT Joe Rogan hazard
ARGEVT Carmack stall
ARGEVT Carmack stallnode '113.0 -823.0 -104.0'
ARGEVT Carmack jump
ARGEVT Romero pursue
ARGEVT Joe Rogan pursue
ARGLOG Carmack t 180.3 pos '208.0 -821.8  51.8' spd  45.8 yaw 136.1 mode 0 st 3 gl 9 hp 42 frg 15
ARGEVT Carmack route 2 start '241.0 -759.0  24.0' goal '401.0 -791.0 -104.0'
ARGEVT Romero pursue
ARGLOG Romero t 180.5 pos ' 49.5 428.9 -296.0' spd 338.6 yaw 144.0 mode 2 st 5 gl 6 hp 12 frg 5
ARGEVT Romero death Joe Rogan pos ' 39.8 429.8 -296.0'
ARGUS Joe Rogan watch spawn
ARGLOG Joe Rogan t 180.5 pos '-41.6 516.2 -296.0' spd 240.8 yaw 317.4 mode 0 st 4 gl 1 hp 108 frg 2
ARGEVT Joe Rogan goal backpack
ARGLOG Carmack t 180.8 pos '208.0 -798.6  29.8' spd  45.8 yaw 195 mode 2 st 3 gl 9 hp 42 frg 15
ARGEVT Carmack hazard
ARGLOG Joe Rogan t 181.0 pos '-63.4 615.2 -296.0' spd  13.8 yaw 329.8 mode 1 st 4 gl 1 hp 107 frg 2
ARGLOG Carmack t 181.3 pos '208.0 -762.1  24.0' spd  11.6 yaw 352 mode 2 st 3 gl 9 hp 42 frg 15
ARGLOG Joe Rogan t 181.5 pos '  8.2 492.3 -296.0' spd 350.4 yaw 243.9 mode 1 st 4 gl 1 hp 107 frg 2
ARGEVT Carmack stall
ARGEVT Carmack stallnode '113.0 -823.0 -104.0'
ARGEVT Carmack jump
ARGEVT Joe Rogan hazard
ARGEVT Joe Rogan goal weapon_rocketlauncher
ARGEVT Joe Rogan route 20 start '-15.0 457.0 -296.0' goal '753.0 -887.0 -232.0'
ARGLOG Carmack t 181.9 pos '208.0 -852.0  64.7' spd 214.4 yaw 272.1 mode 0 st 4 gl 9 hp 42 frg 15
ARGEVT Carmack route 3 start '241.0 -887.0  24.0' goal '401.0 -791.0 -104.0'
ARGEVT Romero respawn
ARGLOG Joe Rogan t 182.0 pos ' 93.9 409.0 -296.0' spd 186.0 yaw 226 mode 2 st 4 gl 2 hp 106 frg 2
ARGEVT Romero goal item_armorInv
ARGLOG Romero t 182.0 pos '-64.0 512.0 -296.0' spd 0 yaw 274.5 mode 0 st 5 gl 6 hp 100 frg 5
ARGEVT Romero route 20 start '-79.0 553.0 -296.0' goal '817.0 -855.0 -232.0'
ARGEVT Joe Rogan engage Romero
ARGEVT Romero engage Joe Rogan
ARGLOG Carmack t 182.4 pos '243.2 -939.3  24.0' spd 264.4 yaw 138 mode 2 st 4 gl 9 hp 42 frg 15
ARGEVT Romero route 20 start '-15.0 457.0 -296.0' goal '817.0 -855.0 -232.0'
ARGLOG Joe Rogan t 182.6 pos ' 90.9 404.3 -296.0' spd 223.7 yaw 129.2 mode 2 st 4 gl 2 hp 106 frg 2
ARGLOG Romero t 182.6 pos '-20.1 496.7 -296.0' spd 320.6 yaw 311.0 mode 2 st 5 gl 6 hp 100 frg 5
ARGEVT Joe Rogan hazard
ARGLOG Carmack t 182.9 pos '268.9 -773.9  24.0' spd 381.1 yaw 353 mode 2 st 4 gl 9 hp 42 frg 15
ARGEVT Carmack hazard
ARGLOG Joe Rogan t 183.1 pos '112.0 396.6 -296.0' spd 262.2 yaw 135.5 mode 2 st 4 gl 2 hp 85 frg 2
ARGLOG Romero t 183.1 pos ' -5.8 512.0 -296.0' spd 145.9 yaw 328.2 mode 2 st 5 gl 6 hp 100 frg 5
ARGLOG Carmack t 183.4 pos '208.0 -826.8  24.0' spd 149.9 yaw 10 mode 2 st 4 gl 9 hp 42 frg 15
ARGLOG Joe Rogan t 183.6 pos '112.0 401.3 -296.0' spd 248.8 yaw 185.6 mode 2 st 4 gl 2 hp 85 frg 2
ARGLOG Romero t 183.6 pos '-70.2 385.4 -296.0' spd 369.5 yaw   0.5 mode 2 st 5 gl 6 hp 84 frg 5
ARGLOG Carmack t 183.9 pos '208.0 -831.4  24.0' spd  27.7 yaw 11 mode 2 st 4 gl 9 hp 42 frg 15
ARGEVT Romero hazard
ARGLOG Joe Rogan t 184.1 pos '101.6 391.7 -296.0' spd 257.5 yaw 197.7 mode 2 st 4 gl 2 hp 61 frg 2
ARGLOG Romero t 184.1 pos '-108.4 316.1 -296.0' spd  38.3 yaw  21.6 mode 2 st 5 gl 6 hp 60 frg 5
ARGEVT Joe Rogan hazard
ARGLOG Carmack t 184.4 pos '208.0 -827.2  24.0' spd   2.3 yaw 10 mode 2 st 4 gl 9 hp 42 frg 15
ARGEVT Carmack stall
ARGEVT Carmack stallnode '113.0 -823.0 -104.0'
ARGEVT Carmack jump
ARGLOG Joe Rogan t 184.6 pos '102.9 408.2 -296.0' spd 311.0 yaw 171.8 mode 2 st 4 gl 2 hp 37 frg 2
ARGLOG Romero t 184.6 pos '-120.5 460.2 -296.0' spd 343.8 yaw   5.2 mode 2 st 5 gl 6 hp 52 frg 5
ARGEVT Carmack route 2 start '241.0 -759.0  24.0' goal '401.0 -791.0 -104.0'
ARGLOG Carmack t 184.9 pos '208.0 -809.0  62.3' spd  46.1 yaw 189 mode 2 st 5 gl 9 hp 42 frg 15
ARGEVT Romero route 20 start '-79.0 553.0 -296.0' goal '817.0 -855.0 -232.0'
ARGEVT Romero hazard
ARGLOG Joe Rogan t 185.1 pos '112.0 386.3 -296.0' spd 262.2 yaw 132.1 mode 2 st 4 gl 2 hp 37 frg 2
ARGLOG Romero t 185.1 pos '-51.1 610.1 -296.0' spd 337.6 yaw 319.0 mode 2 st 5 gl 6 hp 52 frg 5
ARGEVT Joe Rogan hazard
ARGEVT Joe Rogan pursue
ARGEVT Romero pursue
ARGEVT Carmack hazard
ARGUS Romero hunch item_artifact_super_damage
ARGEVT Romero goal weapon_rocketlauncher
ARGEVT Romero route 5 start '-47.0 585.0 -296.0' goal ' 81.0  73.0 -296.0'
ARGLOG Carmack t 185.4 pos '208.0 -767.4  24.0' spd  42.0 yaw 354 mode 2 st 5 gl 9 hp 42 frg 15
ARGLOG Joe Rogan t 185.6 pos '  8.4 423.3 -296.0' spd 258.0 yaw 117.3 mode 2 st 4 gl 2 hp 37 frg 2
ARGLOG Romero t 185.6 pos '-13.7 511.8 -296.0' spd 153.6 yaw 271.1 mode 2 st 5 gl 6 hp 52 frg 5
ARGEVT Romero retreat
ARGUS routecache adopt
ARGEVT Romero route 5 start '-47.0 585.0 -296.0' goal ' 81.0  73.0 -296.0'
ARGEVT Carmack stall
ARGEVT Carmack stallnode '113.0 -823.0 -104.0'
ARGEVT Carmack jump
ARGEVT Carmack route 2 start '241.0 -759.0  24.0' goal '401.0 -791.0 -104.0'
ARGLOG Carmack t 185.9 pos '208.0 -804.8  34.4' spd 216.9 yaw 191 mode 2 st 6 gl 9 hp 42 frg 15
ARGLOG Joe Rogan t 186.1 pos '-129.6 433.8 -296.0' spd 325.0 yaw  95.6 mode 2 st 4 gl 2 hp 13 frg 2
ARGLOG Romero t 186.1 pos '-101.3 580.7 -296.0' spd 196.3 yaw 266.1 mode 2 st 5 gl 6 hp 28 frg 5
