LOG started on: 08/18/2026 13:37:59 
Playing registered version.
UDP Initialized
WIPX_OpenSocket: Address family not supported by protocol family
WIPX_Init: Unable to open control socket, IPX disabled
Exe: 20:02:47 Jul 31 2024
256.0 megabyte heap

Language initialization
Couldn't load 'localization/loc_english.txt'
from 'C:\argus\engine'

========= Quake Initialized =========

execing autoexec.cfg
SpawnServer: dm4
Clearing memory
Programs occupy 528K.
trying to open external vis file
maps/dm4.vis not found, trying argus.vis
external vis not found
ARGUS slots 8
ARGUS worldspawn reached
ARGNAV 145 nodes, 825 links
0 entities inhibited
ARGUS init on dm4
ARGEVT Reap spawned
ARGEVT Omi spawned
ARGEVT Zeus spawned
Server spawned.
ARGLOG Zeus t   1.2 pos '272.0 -952.0  24.0' spd 0 yaw 323.2 mode 0 st 0 gl 0 hp 100 frg 0
ARGLOG Omi t   1.2 pos '-64.0 -232.0 -72.0' spd 0 yaw  10.2 mode 0 st 0 gl 0 hp 100 frg 0
ARGLOG Reap t   1.2 pos '-64.0 512.0 -296.0' spd 0 yaw 252.0 mode 0 st 0 gl 0 hp 100 frg 0
ARGLOG Zeus t   1.7 pos '393.4 -1033.1  24.0' spd 182.9 yaw  97.5 mode 0 st 0 gl 0 hp 100 frg 0
ARGLOG Omi t   1.7 pos ' 88.9 -208.0 -72.0' spd 322.8 yaw  10.2 mode 0 st 0 gl 0 hp 100 frg 0
ARGLOG Reap t   1.7 pos ' -5.1 442.9 -296.0' spd 184.8 yaw 134.9 mode 0 st 0 gl 0 hp 100 frg 0
ARGLOG Zeus t   2.2 pos '406.9 -876.6  24.0' spd 320.5 yaw  97.5 mode 0 st 0 gl 0 hp 100 frg 0
ARGLOG Omi t   2.2 pos '225.9 -204.2 -78.2' spd  74.4 yaw 203.1 mode 0 st 0 gl 0 hp 100 frg 0
ARGLOG Reap t   2.2 pos '-88.4 575.2 -296.0' spd 320.5 yaw 134.9 mode 0 st 0 gl 0 hp 100 frg 0
ARGEVT Reap hazard
ARGLOG Zeus t   2.7 pos '366.5 -800.8  24.0' spd 326.6 yaw 245.7 mode 0 st 0 gl 0 hp 100 frg 0
ARGLOG Omi t   2.7 pos '225.4 -242.5 -236.9' spd  74.4 yaw 203.1 mode 0 st 0 gl 0 hp 100 frg 0
ARGLOG Reap t   2.7 pos '-25.5 614.1 -296.0' spd 183.3 yaw 191.9 mode 0 st 0 gl 0 hp 200 frg 0
ARGEVT Omi hazard
ARGLOG Zeus t   3.3 pos '289.8 -946.1  24.0' spd 320.1 yaw 245.7 mode 0 st 0 gl 0 hp 100 frg 0
ARGLOG Omi t   3.3 pos '212.7 -278.9 -296.0' spd 320.1 yaw 355.9 mode 0 st 0 gl 0 hp 100 frg 0
ARGLOG Reap t   3.3 pos '-88.8 517.6 -296.0' spd 332.6 yaw 312.9 mode 0 st 0 gl 0 hp 200 frg 0
ARGEVT Reap hazard
ARGLOG Zeus t   3.8 pos '230.6 -973.2  24.0' spd 323.9 yaw  95.1 mode 0 st 0 gl 0 hp 100 frg 0
ARGLOG Omi t   3.8 pos '294.9 -281.3 -296.0' spd  60.6 yaw 211.9 mode 0 st 0 gl 0 hp 100 frg 0
ARGLOG Reap t   3.8 pos '-51.2 453.3 -296.0' spd 320.1 yaw 146.0 mode 0 st 0 gl 0 hp 200 frg 0
ARGLOG Zeus t   4.3 pos '208.8 -810.0  24.0' spd 320.0 yaw  95.1 mode 0 st 0 gl 0 hp 100 frg 0
ARGLOG Omi t   4.3 pos '201.7 -250.6 -296.0' spd 324.2 yaw 196.9 mode 0 st 0 gl 0 hp 100 frg 0
ARGLOG Reap t   4.3 pos '-88.5 464.4 -296.0' spd 320.3 yaw 317.2 mode 0 st 0 gl 0 hp 200 frg 0
ARGLOG Zeus t   4.8 pos '208.0 -866.6  24.0' spd 352.1 yaw 236.4 mode 0 st 0 gl 0 hp 100 frg 0
ARGLOG Omi t   4.8 pos '250.6 -228.1 -296.0' spd 183.2 yaw 148.7 mode 0 st 0 gl 0 hp 100 frg 0
ARGLOG Reap t   4.8 pos '-125.6 502.0 -296.0' spd 166.1 yaw 357.8 mode 0 st 0 gl 0 hp 200 frg 0
ARGEVT Omi hazard
ARGEVT Zeus hazard
ARGLOG Zeus t   5.3 pos '216.2 -1031.4  24.0' spd 157.8 yaw  60.2 mode 0 st 0 gl 0 hp 100 frg 0
ARGLOG Omi t   5.3 pos '156.0 -229.4 -296.0' spd 320.0 yaw 199.2 mode 0 st 0 gl 0 hp 100 frg 0
ARGLOG Reap t   5.3 pos '-11.6 563.5 -296.0' spd 350.0 yaw 121.1 mode 0 st 0 gl 0 hp 200 frg 0
ARGEVT Reap hazard
ARGLOG Zeus t   5.8 pos '319.3 -906.9  24.0' spd 320.3 yaw  60.2 mode 0 st 0 gl 0 hp 100 frg 0
ARGEVT Omi engage Reap
ARGLOG Omi t   5.8 pos ' -2.5 -272.0 -296.0' spd 330.4 yaw 186.8 mode 0 st 0 gl 0 hp 100 frg 0
ARGEVT Reap engage Omi
ARGLOG Reap t   5.8 pos '-112.2 605.8 -296.0' spd 216.6 yaw 242.3 mode 0 st 0 gl 0 hp 200 frg 0
ARGLOG Zeus t   6.3 pos '405.1 -765.8  24.0' spd 320.0 yaw 289.6 mode 0 st 0 gl 0 hp 100 frg 0
ARGLOG Omi t   6.3 pos '-74.8 -118.9 -296.0' spd 322.5 yaw 91 mode 0 st 0 gl 0 hp 100 frg 0
ARGLOG Reap t   6.3 pos '-103.6 442.3 -296.0' spd 323.3 yaw 276 mode 0 st 0 gl 0 hp 200 frg 0
ARGLOG Zeus t   6.9 pos '624.0  34.2 -290.2' spd 300 yaw 270 mode 0 st 0 gl 0 hp 100 frg 0
ARGLOG Omi t   6.9 pos '-36.6 -13.0 -296.0' spd 294.9 yaw 84 mode 0 st 0 gl 0 hp 100 frg 0
ARGLOG Reap t   6.9 pos ' 16.0 433.2 -296.0' spd  87.1 yaw 262 mode 0 st 0 gl 0 hp 200 frg 0
ARGEVT Reap hazard
ARGLOG Zeus t   7.4 pos '626.6 -129.2 -296.0' spd 320 yaw 270 mode 0 st 0 gl 0 hp 100 frg 0
ARGLOG Omi t   7.4 pos '-102.3  58.8 -296.0' spd 320.1 yaw 70 mode 0 st 0 gl 0 hp 96 frg 0
ARGLOG Reap t   7.4 pos '  0.8 411.5 -296.0' spd 131.5 yaw 257 mode 0 st 0 gl 0 hp 196 frg 0
ARGLOG Zeus t   7.9 pos '624.5 -231.8 -296.0' spd 239.8 yaw  95.4 mode 0 st 0 gl 0 hp 100 frg 0
ARGLOG Omi t   7.9 pos '-227.2 105.5 -296.0' spd  97.8 yaw 76 mode 0 st 0 gl 0 hp 76 frg 0
ARGLOG Reap t   7.9 pos '-123.8 450.7 -296.0' spd 101.9 yaw 256 mode 0 st 0 gl 0 hp 175 frg 0
ARGEVT Reap hazard
ARGLOG Zeus t   8.4 pos '607.9 -68.2 -296.0' spd 320.0 yaw  95.4 mode 0 st 0 gl 0 hp 100 frg 0
ARGLOG Omi t   8.4 pos '-66.4  98.4 -296.0' spd 327.1 yaw 104 mode 0 st 0 gl 0 hp 76 frg 0
ARGLOG Reap t   8.4 pos '-132.3 424.8 -296.0' spd 329.6 yaw 285.7 mode 0 st 0 gl 0 hp 167 frg 0
ARGLOG Zeus t   8.9 pos '593.5  96.3 -296.0' spd 320.0 yaw 235.4 mode 0 st 0 gl 0 hp 100 frg 0
ARGLOG Omi t   8.9 pos '-90.4  78.5 -296.0' spd 336.2 yaw 83 mode 0 st 0 gl 0 hp 52 frg 0
ARGLOG Reap t   8.9 pos '-43.2 464.4 -296.0' spd 336.4 yaw 261 mode 0 st 0 gl 0 hp 146 frg 0
ARGEVT Reap hazard
ARGEVT Omi hazard
ARGLOG Zeus t   9.4 pos '541.8 111.4 -296.0' spd 210.7 yaw 193.9 mode 0 st 0 gl 0 hp 100 frg 0
ARGLOG Omi t   9.4 pos '-227.7 111.0 -296.0' spd 102.4 yaw 47 mode 0 st 0 gl 0 hp 36 frg 0
ARGLOG Reap t   9.4 pos ' 18.5 432.0 -296.0' spd 256.8 yaw 234 mode 0 st 0 gl 0 hp 142 frg 0
ARGEVT Zeus hazard
ARGLOG Zeus t   9.9 pos '561.1 108.6 -296.0' spd 321.3 yaw  28.3 mode 0 st 0 gl 0 hp 100 frg 0
ARGLOG Omi t   9.9 pos '-70.0  75.8 -296.0' spd 331.7 yaw 97 mode 0 st 0 gl 0 hp 36 frg 0
ARGLOG Reap t   9.9 pos '-132.4 465.1 -296.0' spd  99.3 yaw 282 mode 0 st 0 gl 0 hp 129 frg 0
ARGLOG Zeus t  10.5 pos '312.0 -865.4  24.0' spd 320 yaw 180 mode 0 st 0 gl 0 hp 100 frg 0
ARGLOG Omi t  10.5 pos ' 59.1 109.8 -296.0' spd 117.2 yaw 106.7 mode 0 st 0 gl 0 hp 36 frg 0
ARGLOG Reap t  10.5 pos '-14.8 473.7 -296.0' spd 106.9 yaw 286 mode 0 st 0 gl 0 hp 112 frg 0
ARGEVT Reap death Omi pos '-145.9 414.2 -296.0'
ARGLOG Zeus t  11.0 pos '208.0 -867.2  24.0' spd 0 yaw 180 mode 0 st 0 gl 0 hp 100 frg 0
ARGLOG Omi t  11.0 pos '-99.6  91.2 -296.0' spd 321.0 yaw  72.3 mode 0 st 0 gl 0 hp 20 frg 1
ARGLOG Zeus t  11.5 pos '208.0 -867.2  24.0' spd 0 yaw 180 mode 0 st 0 gl 0 hp 100 frg 0
ARGLOG Omi t  11.5 pos '-162.6  95.7 -296.0' spd 153.9 yaw 257.8 mode 0 st 0 gl 0 hp 20 frg 1
ARGEVT Zeus stall
ARGEVT Zeus jump
ARGEVT Omi hazard
ARGLOG Zeus t  12.0 pos '212.5 -866.0  58.4' spd 30 yaw 344.9 mode 0 st 1 gl 0 hp 100 frg 0
ARGLOG Omi t  12.0 pos '-240.0  97.4 -296.0' spd 172.8 yaw 265.3 mode 0 st 0 gl 0 hp 20 frg 1
ARGEVT Reap respawn
ARGLOG Zeus t  12.5 pos '236.6 -865.2  24.0' spd 177.8 yaw 344.9 mode 0 st 1 gl 0 hp 100 frg 0
ARGLOG Omi t  12.5 pos '-182.1  91.9 -296.0' spd  81.8 yaw 242.2 mode 0 st 0 gl 0 hp 20 frg 1
ARGLOG Reap t  12.5 pos '112.0 -1136.0 -104.0' spd 0 yaw  18.9 mode 0 st 0 gl 0 hp 100 frg 0
ARGLOG Zeus t  13.0 pos '395.7 -905.1  24.0' spd 320.0 yaw 344.9 mode 0 st 1 gl 0 hp 100 frg 0
ARGLOG Omi t  13.0 pos '-91.4  88.3 -296.0' spd 321.2 yaw  28.6 mode 0 st 0 gl 0 hp 20 frg 1
ARGLOG Reap t  13.0 pos '254.0 -1096.5 -104.0' spd 201.5 yaw 251.1 mode 0 st 0 gl 0 hp 100 frg 0
ARGEVT Omi hazard
ARGEVT Zeus hazard
ARGLOG Zeus t  13.5 pos '468.4 -944.0  24.0' spd  75.8 yaw 117.1 mode 0 st 1 gl 0 hp 100 frg 0
ARGLOG Omi t  13.5 pos '-122.3  87.6 -296.0' spd 320.5 yaw 185.2 mode 0 st 0 gl 0 hp 20 frg 1
ARGLOG Reap t  13.5 pos '207.4 -998.0 -104.0' spd 320 yaw 116.0 mode 0 st 0 gl 0 hp 100 frg 0
ARGLOG Zeus t  14.1 pos '387.9 -808.0  24.0' spd 320.1 yaw 117.1 mode 0 st 1 gl 0 hp 100 frg 0
ARGLOG Omi t  14.1 pos '-219.1  55.5 -296.0' spd 185.6 yaw  61.8 mode 0 st 0 gl 0 hp 20 frg 1
ARGLOG Reap t  14.1 pos '137.9 -849.0 -104.0' spd 320 yaw 116.0 mode 0 st 0 gl 0 hp 100 frg 0
ARGLOG Zeus t  14.6 pos '313.5 -662.0  24.0' spd 320.0 yaw 117.1 mode 0 st 1 gl 0 hp 100 frg 0
ARGLOG Omi t  14.6 pos '-149.5  83.2 -296.0' spd 107.0 yaw 117.9 mode 0 st 0 gl 0 hp 20 frg 1
ARGLOG Reap t  14.6 pos '140.8 -802.2 -104.0' spd 320.9 yaw 309.9 mode 0 st 0 gl 0 hp 100 frg 0
ARGEVT Zeus hazard
ARGLOG Zeus t  15.1 pos '310.1 -753.2  24.0' spd 320.0 yaw 270.3 mode 0 st 1 gl 0 hp 100 frg 0
ARGLOG Omi t  15.1 pos '-28.9  72.8 -296.0' spd 320.7 yaw 336.9 mode 0 st 0 gl 0 hp 20 frg 1
ARGLOG Reap t  15.1 pos '250.9 -924.5 -104.0' spd 320.0 yaw 309.9 mode 0 st 0 gl 0 hp 100 frg 0
ARGEVT Omi hazard
ARGLOG Zeus t  15.6 pos '312.9 -918.7  24.0' spd 320.0 yaw 270.3 mode 0 st 1 gl 0 hp 100 frg 0
ARGLOG Omi t  15.6 pos '104.4  88.4 -296.0' spd 171.9 yaw 173.5 mode 0 st 0 gl 0 hp 20 frg 1
ARGLOG Reap t  15.6 pos '350.8 -1018.8 -104.0' spd 310.4 yaw  58.0 mode 0 st 0 gl 0 hp 100 frg 0
ARGLOG Zeus t  16.1 pos '315.8 -1083.4  24.0' spd 320 yaw 270.3 mode 0 st 1 gl 0 hp 100 frg 0
ARGLOG Omi t  16.1 pos ' 49.3 116.0 -296.0' spd 320.5 yaw 355.8 mode 0 st 0 gl 0 hp 20 frg 1
ARGLOG Reap t  16.1 pos '458.9 -892.2 -104.0' spd 320.3 yaw 294.3 mode 0 st 0 gl 0 hp 100 frg 0
ARGEVT Reap hazard
ARGLOG Zeus t  16.6 pos '335.8 -1226.8 -24.0' spd 246.6 yaw  31.4 mode 0 st 1 gl 0 hp 100 frg 0
ARGLOG Omi t  16.6 pos '-11.8 124.0 -296.0' spd 320.0 yaw 315.8 mode 0 st 0 gl 0 hp 20 frg 1
ARGLOG Reap t  16.6 pos '430.2 -756.4 -104.0' spd 230.3 yaw 155.6 mode 0 st 0 gl 0 hp 100 frg 0
ARGEVT Reap engage Zeus
ARGEVT Zeus engage Reap
ARGLOG Zeus t  17.1 pos '255.4 -1211.6 -40.0' spd  95.5 yaw 157.3 mode 0 st 1 gl 0 hp 100 frg 0
ARGLOG Omi t  17.1 pos ' 34.3  90.0 -296.0' spd 326.8 yaw 327.0 mode 0 st 0 gl 0 hp 20 frg 1
ARGLOG Reap t  17.1 pos '295.0 -782.2 -104.0' spd 212.1 yaw 266 mode 0 st 0 gl 0 hp 100 frg 0
ARGEVT Omi hazard
ARGEVT Zeus pursue
ARGEVT Reap pursue
ARGLOG Zeus t  17.7 pos '318.1 -1170.7 -24.0' spd 335.4 yaw 92 mode 0 st 1 gl 0 hp 100 frg 0
ARGLOG Omi t  17.7 pos ' 75.3  75.3 -296.0' spd 303.4 yaw 135.3 mode 0 st 0 gl 0 hp 20 frg 1
ARGLOG Reap t  17.7 pos '431.5 -862.2 -104.0' spd 300.1 yaw 246 mode 0 st 0 gl 0 hp 100 frg 0
ARGLOG Zeus t  18.2 pos '293.4 -1136.0  -8.0' spd   5.8 yaw 88 mode 0 st 1 gl 0 hp 100 frg 0
ARGLOG Omi t  18.2 pos ' 94.3  93.1 -296.0' spd  97.0 yaw 155.3 mode 0 st 0 gl 0 hp 20 frg 1
ARGLOG Reap t  18.2 pos '399.0 -1028.8 -104.0' spd 322.8 yaw  69.0 mode 0 st 0 gl 0 hp 100 frg 0
ARGLOG Zeus t  18.7 pos '295.7 -1136.0  -8.0' spd   2.9 yaw 89 mode 0 st 1 gl 0 hp 100 frg 0
ARGLOG Omi t  18.7 pos ' 71.4  83.2 -296.0' spd 267.1 yaw 172.5 mode 0 st 0 gl 0 hp 20 frg 1
ARGLOG Reap t  18.7 pos '386.8 -895.5 -104.0' spd 400.4 yaw 184.5 mode 0 st 0 gl 0 hp 100 frg 0
ARGLOG Zeus t  19.2 pos '297.2 -1136.0  -8.0' spd   2.8 yaw 89 mode 0 st 1 gl 0 hp 100 frg 0
ARGLOG Omi t  19.2 pos '-93.6  93.2 -296.0' spd 320.1 yaw 172.5 mode 0 st 0 gl 0 hp 20 frg 1
ARGLOG Reap t  19.2 pos '236.7 -974.6 -104.0' spd 353.5 yaw 279 mode 0 st 0 gl 0 hp 100 frg 0
ARGLOG Zeus t  19.7 pos '279.6 -1220.9 -24.0' spd 186.3 yaw 139.7 mode 0 st 1 gl 0 hp 64 frg 0
ARGLOG Omi t  19.7 pos '-231.9  96.4 -296.0' spd 190.5 yaw 313.0 mode 0 st 0 gl 0 hp 20 frg 1
ARGLOG Reap t  19.7 pos '144.9 -1118.0 -104.0' spd 322.3 yaw 327 mode 0 st 0 gl 0 hp 100 frg 0
ARGEVT Omi hazard
ARGEVT Reap hazard
ARGEVT Zeus goal weapon_rocketlauncher
ARGEVT Omi goal item_health
ARGEVT Reap goal weapon_lightning
ARGLOG Zeus t  20.2 pos '337.8 -1141.6  -8.0' spd 336.0 yaw 198.1 mode 0 st 1 gl 0 hp 48 frg 0
ARGLOG Omi t  20.2 pos '-208.4  53.4 -296.0' spd 263.8 yaw 163 mode 0 st 0 gl 0 hp 20 frg 1
ARGLOG Reap t  20.2 pos '109.2 -1185.7 -104.0' spd 322.3 yaw  13.1 mode 0 st 0 gl 0 hp 76 frg 0
ARGEVT Zeus route 13 start '273.0 -1111.0   8.0' goal '721.0 -887.0 -232.0'
ARGEVT Omi stall
ARGEVT Omi jump
ARGEVT Omi route 17 start '-239.0  73.0 -296.0' goal '-239.0 -471.0 -72.0'
ARGEVT Reap route 6 start ' 81.0 -1079.0 -104.0' goal '529.0 -311.0 -104.0'
ARGLOG Zeus t  20.8 pos '351.9 -1179.2 -24.0' spd 174.5 yaw 133 mode 2 st 1 gl 0 hp 44 frg 0
ARGLOG Omi t  20.8 pos '-215.8 204.2 -257.1' spd 351.0 yaw 323 mode 2 st 1 gl 0 hp 20 frg 1
ARGLOG Reap t  20.8 pos '140.0 -1017.1 -104.0' spd 329.3 yaw 321 mode 2 st 0 gl 0 hp 56 frg 0
ARGLOG Zeus t  21.3 pos '229.3 -1216.5 -56.0' spd 199.1 yaw 130 mode 2 st 1 gl 0 hp 44 frg 0
ARGLOG Omi t  21.3 pos '-64.2 245.1 -296.0' spd 377.5 yaw 276 mode 2 st 1 gl 0 hp 20 frg 1
ARGLOG Reap t  21.3 pos ' 92.9 -1037.6 -104.0' spd  99.3 yaw 314 mode 2 st 0 gl 0 hp 56 frg 0
ARGEVT Omi hazard
ARGEVT Zeus death Reap pos '254.0 -1173.3 -40.0'
ARGLOG Omi t  21.8 pos '-88.2  85.6 -296.0' spd 330.8 yaw 273 mode 2 st 1 gl 0 hp 20 frg 1
ARGLOG Reap t  21.8 pos '228.9 -987.1 -104.0' spd 320.4 yaw 1 mode 2 st 0 gl 0 hp 36 frg 1
ARGLOG Omi t  22.3 pos '-89.7  48.0 -296.0' spd  11.6 yaw 274 mode 2 st 1 gl 0 hp 20 frg 1
ARGLOG Reap t  22.3 pos '374.3 -906.1 -104.0' spd 338.0 yaw 79 mode 2 st 0 gl 0 hp 36 frg 1
ARGEVT Omi stall
ARGEVT Omi stallnode '-79.0 -151.0 -296.0'
ARGEVT Omi jump
ARGEVT Reap hazard
ARGLOG Omi t  22.8 pos '-85.0  52.6 -261.6' spd  31.3 yaw  39.1 mode 0 st 2 gl 0 hp 20 frg 1
ARGLOG Reap t  22.8 pos '386.2 -752.0 -104.0' spd 275.0 yaw 104 mode 2 st 0 gl 0 hp 36 frg 1
ARGEVT Omi route 16 start '-47.0  73.0 -296.0' goal '-239.0 -471.0 -72.0'
ARGEVT Zeus respawn
ARGEVT Zeus goal weapon_rocketlauncher
ARGLOG Zeus t  23.0 pos '776.0 -808.0 -232.0' spd 0 yaw 106.3 mode 1 st 1 gl 0 hp 100 frg 0
ARGEVT Zeus hazard
ARGLOG Omi t  23.3 pos '-62.0  49.8 -296.0' spd 194.4 yaw 266 mode 2 st 2 gl 0 hp 20 frg 1
ARGLOG Reap t  23.3 pos '323.1 -610.4 -104.0' spd 331.4 yaw 73 mode 2 st 0 gl 0 hp 36 frg 1
ARGLOG Zeus t  23.5 pos '720.0 -792.5 -222.5' spd 341.3 yaw 271.4 mode 1 st 1 gl 0 hp 100 frg 0
ARGEVT Zeus goal weapon_lightning
ARGLOG Omi t  23.8 pos '-53.4 -116.3 -296.0' spd 329.9 yaw 299 mode 2 st 2 gl 0 hp 20 frg 1
ARGLOG Reap t  23.8 pos '360.8 -449.4 -104.0' spd 320.4 yaw 69 mode 2 st 0 gl 0 hp 36 frg 1
ARGEVT Zeus route 4 start '721.0 -887.0 -232.0' goal '529.0 -311.0 -104.0'
ARGEVT Reap engage Omi
ARGEVT Reap hazard
ARGLOG Zeus t  24.1 pos '837.2 -901.4 -232.0' spd 408.9 yaw  66.2 mode 2 st 1 gl 1 hp 100 frg 0
ARGEVT Omi engage Reap
ARGLOG Omi t  24.4 pos '-10.2 -254.3 -296.0' spd 173.8 yaw 300 mode 2 st 2 gl 0 hp 20 frg 1
ARGLOG Reap t  24.4 pos '347.0 -473.6 -108.0' spd 321.8 yaw 122.9 mode 1 st 0 gl 0 hp 36 frg 1
ARGLOG Zeus t  24.6 pos '762.5 -757.7 -232.0' spd 415.9 yaw 230.7 mode 2 st 1 gl 1 hp 100 frg 0
ARGEVT Omi pursue
ARGEVT Reap pursue
ARGEVT Zeus hazard
ARGEVT Omi hazard
ARGLOG Omi t  24.9 pos '133.7 -230.2 -296.0' spd 345.1 yaw 324 mode 2 st 2 gl 0 hp 20 frg 1
ARGLOG Reap t  24.9 pos '240.6 -472.9 -104.0' spd 320.6 yaw 102.0 mode 1 st 0 gl 0 hp 36 frg 1
ARGLOG Zeus t  25.1 pos '720.0 -912.0 -232.0' spd 0 yaw 185.8 mode 0 st 1 gl 1 hp 100 frg 0
ARGEVT Reap hazard
ARGEVT Zeus route 4 start '721.0 -887.0 -232.0' goal '529.0 -311.0 -104.0'
ARGEVT Zeus route 4 start '721.0 -887.0 -232.0' goal '529.0 -311.0 -104.0'
ARGLOG Omi t  25.4 pos '262.1 -280.3 -296.0' spd  94.1 yaw 255.6 mode 2 st 2 gl 0 hp 20 frg 1
ARGLOG Reap t  25.4 pos '216.9 -400.6 -104.0' spd  99.1 yaw  71.9 mode 1 st 0 gl 0 hp 36 frg 1
ARGEVT Zeus route 5 start '721.0 -759.0 -232.0' goal '529.0 -311.0 -104.0'
ARGLOG Zeus t  25.6 pos '722.7 -762.9 -232.0' spd 330.9 yaw  53.0 mode 2 st 1 gl 1 hp 100 frg 0
ARGEVT Omi death Reap pos '162.6 -260.0 -296.0'
ARGLOG Reap t  25.9 pos '255.9 -414.8 -104.0' spd 258.0 yaw  77.7 mode 1 st 0 gl 0 hp 36 frg 2
ARGLOG Zeus t  26.1 pos '848.0 -769.5 -232.0' spd 341.4 yaw 247.9 mode 2 st 1 gl 1 hp 100 frg 0
ARGEVT Reap hazard
ARGLOG Reap t  26.4 pos '406.2 -385.1 -104.0' spd 342.9 yaw 33 mode 1 st 0 gl 0 hp 36 frg 2
ARGLOG Zeus t  26.6 pos '737.2 -898.7 -232.0' spd 367.9 yaw 147.7 mode 0 st 1 gl 1 hp 100 frg 0
ARGEVT Zeus hazard
ARGEVT Zeus goal weapon_grenadelauncher
ARGEVT Reap goal item_health
ARGEVT Zeus route 7 start '721.0 -887.0 -232.0' goal '113.0 -407.0 -104.0'
ARGLOG Reap t  26.9 pos '563.1 -315.9 -104.0' spd 363.7 yaw 326.4 mode 0 st 0 gl 1 hp 36 frg 2
ARGEVT Zeus route 7 start '721.0 -887.0 -232.0' goal '113.0 -407.0 -104.0'
ARGLOG Zeus t  27.1 pos '727.0 -758.7 -232.0' spd 347.7 yaw  36.7 mode 2 st 1 gl 1 hp 100 frg 0
ARGEVT Reap route 9 start '625.0 -343.0 -104.0' goal '497.0 -471.0  24.0'
ARGEVT Omi respawn
ARGEVT Omi goal item_armor2
ARGLOG Omi t  27.3 pos '784.0 -176.0  24.0' spd 0 yaw 196.3 mode 0 st 2 gl 0 hp 100 frg 1
ARGEVT Omi route 5 start '753.0 -151.0  24.0' goal '1169.0 -599.0  24.0'
ARGLOG Reap t  27.4 pos '391.3 -240.0 -271.1' spd 300 yaw  16.6 mode 2 st 0 gl 1 hp 36 frg 2
ARGEVT Omi hazard
ARGLOG Zeus t  27.7 pos '818.0 -761.7 -232.0' spd 337.6 yaw 233 mode 2 st 1 gl 1 hp 100 frg 0
ARGEVT Reap jump
ARGLOG Omi t  27.9 pos '679.6 -208.0  24.0' spd  86.5 yaw 345 mode 2 st 2 gl 0 hp 100 frg 1
ARGLOG Reap t  28.0 pos '558.6 -217.1 -258.3' spd 349.4 yaw 112.3 mode 2 st 0 gl 1 hp 36 frg 2
ARGEVT Zeus hazard
ARGLOG Zeus t  28.2 pos '733.4 -870.2 -232.0' spd 384.8 yaw 144.4 mode 0 st 1 gl 1 hp 100 frg 0
ARGEVT Zeus route 7 start '721.0 -887.0 -232.0' goal '113.0 -407.0 -104.0'
ARGLOG Omi t  28.4 pos '845.1 -231.0  24.0' spd 385.8 yaw 259 mode 2 st 2 gl 0 hp 100 frg 1
ARGEVT Reap hazard
ARGLOG Reap t  28.5 pos '592.0 -197.9 -296.0' spd  17.6 yaw 166 mode 2 st 0 gl 1 hp 36 frg 2
ARGEVT Reap jump
ARGLOG Zeus t  28.7 pos '721.6 -774.8 -232.0' spd 237.1 yaw 270 mode 2 st 1 gl 1 hp 100 frg 0
ARGLOG Omi t  28.9 pos '857.2 -404.2  24.0' spd 322.8 yaw 250 mode 2 st 2 gl 0 hp 100 frg 1
ARGLOG Reap t  29.0 pos '579.4 -213.7 -266.1' spd  44.9 yaw 148 mode 2 st 0 gl 1 hp 36 frg 2
ARGEVT Zeus route 7 start '721.0 -887.0 -232.0' goal '113.0 -407.0 -104.0'
ARGEVT Zeus hazard
ARGLOG Zeus t  29.2 pos '720.0 -891.6 -232.0' spd 225.3 yaw 155.2 mode 0 st 1 gl 1 hp 100 frg 0
ARGEVT Zeus route 7 start '721.0 -887.0 -232.0' goal '113.0 -407.0 -104.0'
ARGEVT Reap jump
ARGLOG Omi t  29.4 pos '826.1 -570.4  24.0' spd 374.0 yaw 329.2 mode 2 st 2 gl 0 hp 100 frg 1
ARGEVT Zeus route 7 start '721.0 -887.0 -232.0' goal '113.0 -407.0 -104.0'
ARGLOG Reap t  29.5 pos '484.7 -208.0 -267.0' spd 287.4 yaw  56.8 mode 2 st 0 gl 1 hp 36 frg 2
ARGLOG Zeus t  29.7 pos '720.0 -752.0 -232.0' spd 0 yaw 177.6 mode 2 st 1 gl 1 hp 100 frg 0
ARGLOG Omi t  29.9 pos '982.0 -619.6  24.0' spd 320.7 yaw 10 mode 1 st 2 gl 0 hp 100 frg 1
ARGLOG Reap t  30.0 pos '483.5 -208.0 -296.0' spd  33.6 yaw 28 mode 2 st 0 gl 1 hp 36 frg 2
ARGEVT Reap jump
ARGLOG Zeus t  30.2 pos '720.0 -874.7 -232.0' spd 344.4 yaw 221.1 mode 0 st 1 gl 1 hp 100 frg 0
ARGEVT Zeus route 7 start '721.0 -887.0 -232.0' goal '113.0 -407.0 -104.0'
ARGEVT Zeus hazard
ARGEVT Omi goal weapon_supernailgun
ARGLOG Omi t  30.4 pos '1140.9 -584.8  24.0' spd 238.7 yaw 254.9 mode 0 st 2 gl 1 hp 100 frg 1
ARGEVT Zeus route 7 start '721.0 -887.0 -232.0' goal '113.0 -407.0 -104.0'
ARGLOG Reap t  30.5 pos '595.5 -198.1 -258.1' spd 100.6 yaw 167 mode 2 st 0 gl 1 hp 36 frg 2
ARGEVT Omi hazard
ARGEVT Zeus route 7 start '721.0 -887.0 -232.0' goal '113.0 -407.0 -104.0'
ARGEVT Zeus stall
ARGEVT Zeus stallnode '721.0 -887.0 -232.0'
ARGLOG Zeus t  30.7 pos '720.0 -808.1 -232.0' spd 320.4 yaw 301.5 mode 0 st 2 gl 1 hp 100 frg 0
ARGEVT Zeus jump
ARGEVT Reap hazard
ARGEVT Zeus route 8 start '721.0 -759.0 -232.0' goal '113.0 -407.0 -104.0'
ARGLOG Omi t  30.9 pos '1026.8 -605.9  24.0' spd 329.9 yaw 145 mode 0 st 2 gl 1 hp 100 frg 1
ARGEVT Reap jump
ARGLOG Reap t  31.0 pos '592.0 -137.4 -284.1' spd 141.6 yaw 216 mode 2 st 0 gl 1 hp 36 frg 2
ARGEVT Omi routefail
ARGLOG Zeus t  31.3 pos '803.0 -741.7 -209.6' spd 237.2 yaw 241 mode 2 st 2 gl 1 hp 100 frg 0
ARGEVT Omi goal weapon_grenadelauncher
ARGEVT Omi route 7 start '977.0 -599.0  24.0' goal '113.0 -407.0 -104.0'
ARGLOG Omi t  31.5 pos '879.9 -528.6  24.0' spd 321.2 yaw 132.4 mode 2 st 2 gl 1 hp 100 frg 1
ARGLOG Reap t  31.6 pos '592.0 -146.5 -283.2' spd  50.5 yaw 211 mode 2 st 0 gl 1 hp 36 frg 2
ARGLOG Zeus t  31.8 pos '750.0 -881.2 -232.0' spd 354.1 yaw 177.4 mode 0 st 2 gl 1 hp 100 frg 0
ARGEVT Zeus hazard
ARGEVT Reap jump
ARGEVT Zeus route 7 start '721.0 -887.0 -232.0' goal '113.0 -407.0 -104.0'
ARGLOG Omi t  32.0 pos '803.3 -400.0  24.0' spd  20.0 yaw 84 mode 2 st 2 gl 1 hp 100 frg 1
ARGEVT Zeus engage Omi
ARGEVT Omi engage Zeus
ARGLOG Reap t  32.1 pos '573.0 -231.3 -258.3' spd 199.4 yaw 132 mode 2 st 0 gl 1 hp 36 frg 2
ARGLOG Zeus t  32.3 pos '792.2 -770.3 -232.0' spd 336.5 yaw  79.4 mode 2 st 2 gl 1 hp 100 frg 0
ARGLOG Omi t  32.5 pos '900.6 -434.3  24.0' spd 320.5 yaw 320.6 mode 2 st 2 gl 1 hp 100 frg 1
ARGEVT Omi pursue
ARGEVT Reap hazard
ARGEVT Zeus pursue
ARGLOG Reap t  32.6 pos '506.3 -212.5 -296.0' spd 309.8 yaw 52 mode 2 st 0 gl 1 hp 36 frg 2
ARGEVT Reap jump
ARGLOG Zeus t  32.8 pos '764.2 -680.3 -184.0' spd 329.0 yaw  62.4 mode 2 st 2 gl 1 hp 92 frg 0
ARGLOG Omi t  33.0 pos '1034.5 -516.1 -71.7' spd 120.5 yaw 215 mode 0 st 2 gl 1 hp 100 frg 1
ARGLOG Reap t  33.1 pos '575.0 -208.0 -266.2' spd  33.6 yaw 151 mode 2 st 0 gl 1 hp 36 frg 2
ARGEVT Omi route 13 start '977.0 -471.0 -104.0' goal '113.0 -407.0 -104.0'
ARGLOG Zeus t  33.3 pos '826.0 -739.1 -216.0' spd 351.2 yaw  80.5 mode 2 st 2 gl 1 hp 83 frg 0
ARGEVT Omi pursue
ARGEVT Zeus pursue
ARGEVT Reap jump
ARGLOG Omi t  33.5 pos '895.8 -514.4 -104.0' spd 348.1 yaw 228 mode 2 st 2 gl 1 hp 100 frg 1
ARGEVT Zeus hazard
ARGLOG Reap t  33.6 pos '487.3 -208.0 -266.9' spd 259.8 yaw  57.1 mode 2 st 0 gl 1 hp 36 frg 2
ARGLOG Zeus t  33.8 pos '848.0 -801.6 -232.0' spd 353.4 yaw 291.1 mode 2 st 2 gl 1 hp 83 frg 0
ARGLOG Omi t  34.0 pos '778.2 -624.0 -125.2' spd  52.8 yaw 273 mode 2 st 2 gl 1 hp 100 frg 1
ARGLOG Reap t  34.1 pos '488.9 -208.0 -296.0' spd  34.5 yaw 31 mode 2 st 0 gl 1 hp 36 frg 2
ARGEVT Reap jump
ARGLOG Zeus t  34.3 pos '742.4 -862.9 -232.0' spd 129.9 yaw 183.4 mode 0 st 2 gl 1 hp 70 frg 0
ARGEVT Zeus route 7 start '721.0 -887.0 -232.0' goal '113.0 -407.0 -104.0'
ARGLOG Omi t  34.5 pos '770.2 -645.4 -168.0' spd 100.4 yaw 283 mode 2 st 2 gl 1 hp 100 frg 1
ARGLOG Reap t  34.6 pos '585.4 -208.0 -257.8' spd  27.6 yaw 156 mode 2 st 0 gl 1 hp 36 frg 2
ARGLOG Zeus t  34.9 pos '779.3 -870.2 -232.0' spd 327.2 yaw  99.7 mode 2 st 2 gl 1 hp 66 frg 0
ARGLOG Omi t  35.1 pos '785.8 -676.6 -184.0' spd 264.6 yaw 262 mode 2 st 2 gl 1 hp 100 frg 1
ARGEVT Reap jump
ARGLOG Reap t  35.2 pos '521.3 -208.0 -284.3' spd 320.1 yaw 101.4 mode 2 st 0 gl 1 hp 36 frg 2
ARGEVT Zeus route 11 start '817.0 -855.0 -232.0' goal '113.0 -407.0 -104.0'
ARGEVT Zeus weapon sg
ARGLOG Zeus t  35.4 pos '828.4 -887.7 -232.0' spd 101.8 yaw 93 mode 2 st 2 gl 1 hp 62 frg 0
ARGLOG Omi t  35.6 pos '805.6 -761.6 -205.8' spd 170.1 yaw 259 mode 2 st 2 gl 1 hp 65 frg 1
ARGLOG Reap t  35.7 pos '473.5 -208.0 -282.7' spd  32.6 yaw 24 mode 2 st 0 gl 1 hp 36 frg 2
ARGEVT Zeus weapon rl
ARGEVT Zeus weapon sg
ARGEVT Zeus route 9 start '337.0   9.0 -296.0' goal '113.0 -407.0 -104.0'
ARGLOG Zeus t  35.9 pos '368.0   9.5 -273.8' spd 300 yaw 280 mode 2 st 2 gl 1 hp 58 frg 0
ARGEVT Reap jump
ARGEVT Zeus hazard
ARGEVT Zeus pursue
ARGEVT Omi pursue
ARGLOG Omi t  36.1 pos '743.5 -737.8 -216.0' spd 121.3 yaw 183.9 mode 2 st 2 gl 1 hp 65 frg 1
ARGEVT Omi hazard
ARGLOG Reap t  36.2 pos '594.9 -208.0 -258.3' spd 217.1 yaw 138.2 mode 2 st 0 gl 1 hp 36 frg 2
ARGLOG Zeus t  36.4 pos '403.9 -147.7 -296.0' spd 324.3 yaw 286.3 mode 2 st 2 gl 1 hp 58 frg 0
ARGLOG Omi t  36.6 pos '738.6 -876.8 -232.0' spd 371.4 yaw 346.3 mode 0 st 2 gl 1 hp 65 frg 1
ARGEVT Reap hazard
ARGLOG Reap t  36.7 pos '592.4 -152.4 -296.0' spd 142.1 yaw 206 mode 2 st 0 gl 1 hp 36 frg 2
ARGEVT Omi route 10 start '721.0 -887.0 -232.0' goal '113.0 -407.0 -104.0'
ARGEVT Reap jump
ARGEVT Reap engage Zeus
ARGLOG Zeus t  36.9 pos '410.1 -286.7 -296.0' spd 336.4 yaw  11.8 mode 2 st 2 gl 1 hp 45 frg 0
ARGEVT Omi route 9 start '337.0   9.0 -296.0' goal '113.0 -407.0 -104.0'
ARGLOG Omi t  37.1 pos '359.8 -50.0 -296.0' spd 307.4 yaw 271 mode 2 st 2 gl 1 hp 65 frg 1
ARGLOG Reap t  37.2 pos '587.2 -252.2 -266.2' spd  59.1 yaw 171 mode 2 st 0 gl 1 hp 36 frg 2
ARGEVT Zeus hazard
ARGLOG Zeus t  37.4 pos '392.8 -222.7 -296.0' spd 130.3 yaw 114 mode 2 st 2 gl 1 hp 21 frg 0
ARGEVT Zeus death Reap pos '393.8 -236.0 -296.0'
ARGEVT Reap jump
ARGLOG Omi t  37.6 pos '363.1 -144.0 -296.0' spd 327.5 yaw 315 mode 2 st 2 gl 1 hp 65 frg 1
ARGEVT Omi hazard
ARGLOG Reap t  37.7 pos '516.7 -208.0 -267.1' spd 229.6 yaw  80.4 mode 2 st 0 gl 1 hp 36 frg 3
ARGEVT Omi engage Reap
ARGEVT Reap engage Omi
ARGLOG Omi t  38.1 pos '355.9 -246.4 -296.0' spd 359.4 yaw 1 mode 2 st 2 gl 1 hp 65 frg 1
ARGLOG Reap t  38.2 pos '507.9 -229.6 -296.0' spd  62.5 yaw 161.1 mode 2 st 0 gl 1 hp 36 frg 3
ARGEVT Reap jump
ARGLOG Omi t  38.7 pos '282.3 -254.5 -296.0' spd 519.5 yaw  12.2 mode 2 st 2 gl 1 hp 29 frg 1
ARGEVT Omi hazard
ARGLOG Reap t  38.8 pos '490.4 -237.6 -257.1' spd  52.8 yaw 191 mode 2 st 0 gl 1 hp 36 frg 3
ARGEVT Zeus respawn
ARGEVT Zeus goal item_health
ARGLOG Zeus t  39.0 pos '-64.0 512.0 -296.0' spd 0 yaw 286.3 mode 1 st 2 gl 1 hp 100 frg 0
ARGEVT Omi route 10 start '241.0 -279.0 -296.0' goal '113.0 -407.0 -104.0'
ARGLOG Omi t  39.2 pos '201.3 -225.1 -296.0' spd 278.7 yaw 351.8 mode 2 st 2 gl 1 hp 5 frg 1
ARGLOG Reap t  39.3 pos '472.8 -234.3 -296.0' spd 169.5 yaw 175 mode 2 st 0 gl 1 hp 18 frg 3
ARGEVT Reap jump
ARGEVT Omi death Reap pos '205.9 -241.5 -296.0'
ARGEVT Zeus hazard
ARGLOG Zeus t  39.5 pos ' 13.7 475.1 -296.0' spd 315.8 yaw  90.8 mode 1 st 2 gl 1 hp 100 frg 0
ARGLOG Reap t  39.8 pos '440.4 -216.4 -273.6' spd  88.2 yaw  34.2 mode 2 st 0 gl 1 hp 18 frg 4
ARGEVT Zeus goal 
ARGEVT Zeus route 1 start '-15.0 553.0 -296.0' goal '-143.0 361.0 -296.0'
ARGLOG Zeus t  40.0 pos '-34.6 624.0 -296.0' spd 333.6 yaw 153.8 mode 2 st 2 gl 2 hp 200 frg 0
ARGEVT Reap jump
ARGLOG Reap t  40.3 pos '548.5 -208.0 -261.6' spd 328.3 yaw  87.0 mode 2 st 0 gl 1 hp 18 frg 4
ARGLOG Zeus t  40.6 pos '-124.4 534.7 -296.0' spd 327.6 yaw 282 mode 1 st 2 gl 2 hp 200 frg 0
ARGEVT Reap hazard
ARGLOG Reap t  40.8 pos '592.0 -153.0 -296.0' spd 200.9 yaw 206 mode 2 st 0 gl 1 hp 18 frg 4
ARGEVT Zeus goal weapon_rocketlauncher
ARGEVT Zeus hazard
ARGEVT Omi respawn
ARGEVT Zeus route 3 start '-111.0 457.0 -296.0' goal ' 49.0 105.0 -296.0'
ARGEVT Omi goal weapon_grenadelauncher
ARGLOG Omi t  40.9 pos '-64.0 -232.0 -72.0' spd 0 yaw 343.4 mode 0 st 2 gl 1 hp 100 frg 1
ARGEVT Reap jump
ARGEVT Omi route 4 start '-47.0 -215.0 -72.0' goal '113.0 -407.0 -104.0'
ARGLOG Zeus t  41.1 pos '-47.6 420.8 -296.0' spd 326.5 yaw 253.4 mode 2 st 2 gl 3 hp 200 frg 0
ARGLOG Reap t  41.3 pos '592.0 -133.6 -261.4' spd  42.7 yaw 219 mode 2 st 0 gl 1 hp 18 frg 4
ARGLOG Omi t  41.4 pos ' 92.1 -213.9 -72.0' spd 323.4 yaw 30 mode 2 st 2 gl 1 hp 100 frg 1
ARGLOG Zeus t  41.6 pos '-86.1 262.0 -296.0' spd 342.8 yaw 251 mode 2 st 2 gl 3 hp 200 frg 0
ARGEVT Reap jump
ARGEVT Omi hazard
ARGLOG Reap t  41.8 pos '592.0 -205.8 -274.5' spd 230.7 yaw 160 mode 2 st 0 gl 1 hp 18 frg 4
ARGLOG Omi t  42.0 pos '185.9 -272.0 -72.0' spd 294.6 yaw 235 mode 2 st 2 gl 1 hp 100 frg 1
ARGLOG Zeus t  42.1 pos '-56.3 116.6 -296.0' spd 343.5 yaw 339 mode 1 st 2 gl 3 hp 200 frg 0
ARGEVT Omi jump
ARGEVT Omi engage Reap
ARGEVT Reap engage Omi
ARGEVT Reap weapon ssg
ARGLOG Reap t  42.4 pos '518.0 -248.9 -294.6' spd 187.7 yaw 138.6 mode 2 st 0 gl 1 hp 18 frg 4
ARGLOG Omi t  42.5 pos '115.4 -307.9 -18.1' spd  32.4 yaw 332.9 mode 2 st 2 gl 1 hp 100 frg 1
ARGEVT Reap weapon lg
ARGEVT Zeus goal 
ARGEVT Zeus route 3 start ' 49.0 105.0 -296.0' goal '113.0 -279.0 -296.0'
ARGEVT Reap jump
ARGLOG Zeus t  42.6 pos ' 57.3  82.1 -296.0' spd 269.1 yaw 142.4 mode 2 st 2 gl 4 hp 200 frg 0
ARGEVT Zeus hazard
ARGLOG Reap t  42.9 pos '430.3 -238.8 -257.1' spd 166.8 yaw 205 mode 2 st 0 gl 1 hp 18 frg 4
ARGLOG Omi t  43.0 pos '161.2 -394.6  -8.0' spd 373.3 yaw 35 mode 2 st 2 gl 1 hp 70 frg 1
ARGLOG Zeus t  43.1 pos '-79.8  36.5 -296.0' spd 358.5 yaw 271 mode 2 st 2 gl 4 hp 200 frg 0
ARGLOG Reap t  43.4 pos '346.7 -241.8 -296.0' spd 122.2 yaw 228 mode 2 st 0 gl 1 hp 10 frg 4
ARGEVT Omi death Reap pos '179.6 -445.8  67.3'
ARGEVT Reap hazard
ARGLOG Zeus t  43.7 pos '-76.5 -127.5 -296.0' spd 327.0 yaw 302.0 mode 2 st 2 gl 4 hp 200 frg 0
ARGEVT Reap engage Zeus
ARGEVT Zeus engage Reap
ARGLOG Reap t  43.9 pos '422.6 -210.4 -296.0' spd 326.7 yaw 310.3 mode 2 st 0 gl 1 hp 10 frg 5
ARGLOG Zeus t  44.2 pos '-16.3 -141.5 -296.0' spd  96.7 yaw 332 mode 1 st 2 gl 4 hp 200 frg 0
ARGEVT Reap pursue
ARGLOG Reap t  44.4 pos '366.8 -235.8 -296.0' spd 291.5 yaw 197.0 mode 2 st 0 gl 1 hp 10 frg 5
ARGEVT Reap hazard
ARGLOG Zeus t  44.7 pos '-43.4 -241.7 -296.0' spd 271.1 yaw 352 mode 1 st 2 gl 4 hp 116 frg 0
ARGEVT Omi respawn
ARGLOG Reap t  44.9 pos '332.5 -179.6 -296.0' spd 320.6 yaw 173 mode 2 st 0 gl 1 hp 10 frg 5
ARGEVT Omi goal item_armorInv
ARGLOG Omi t  45.0 pos '272.0 -952.0  24.0' spd 0 yaw 10 mode 0 st 2 gl 1 hp 100 frg 1
ARGEVT Omi route 12 start '305.0 -983.0  24.0' goal '817.0 -855.0 -232.0'
ARGEVT Zeus pursue
ARGLOG Zeus t  45.2 pos '-73.1 -66.4 -296.0' spd 480.5 yaw 355.4 mode 1 st 2 gl 4 hp 45 frg 0
ARGEVT Zeus hazard
ARGLOG Reap t  45.4 pos '328.2 -106.2 -296.0' spd 314.8 yaw 272.9 mode 2 st 0 gl 1 hp 10 frg 5
ARGLOG Omi t  45.5 pos '394.7 -855.5  24.0' spd 399.5 yaw 124 mode 2 st 2 gl 1 hp 100 frg 1
ARGEVT Reap hazard
ARGLOG Zeus t  45.7 pos '-36.4 -127.4 -296.0' spd 320.7 yaw 255 mode 1 st 2 gl 4 hp 45 frg 0
ARGEVT Reap pursue
ARGEVT Reap weapon ssg
ARGLOG Reap t  46.0 pos '420.2 -178.7 -296.0' spd  98.7 yaw 276.2 mode 2 st 0 gl 1 hp 10 frg 5
ARGLOG Omi t  46.0 pos '338.2 -700.3  24.0' spd 324.0 yaw 108 mode 2 st 2 gl 1 hp 100 frg 1
ARGLOG Zeus t  46.2 pos '-48.6 -164.7 -296.0' spd 328.6 yaw  10.0 mode 1 st 2 gl 4 hp 10 frg 0
ARGEVT Reap pursue
ARGEVT Zeus pursue
ARGLOG Reap t  46.5 pos '362.6 -125.4 -296.0' spd 335.3 yaw 210.6 mode 2 st 0 gl 1 hp 10 frg 5
ARGLOG Omi t  46.5 pos '350.4 -533.7  24.0' spd 334.6 yaw 41 mode 2 st 2 gl 1 hp 100 frg 1
ARGEVT Zeus hazard
ARGEVT Omi engage Reap
ARGLOG Zeus t  46.7 pos '-31.3 -117.6 -296.0' spd 331.0 yaw 269.4 mode 1 st 2 gl 4 hp 10 frg 0
ARGEVT Reap abandon
ARGEVT Reap goal item_health
ARGEVT Reap route 5 start '401.0 -247.0 -296.0' goal '529.0  73.0 -296.0'
ARGLOG Reap t  47.0 pos '361.1 -271.1 -296.0' spd 183.6 yaw 188.3 mode 2 st 0 gl 1 hp 10 frg 5
ARGLOG Omi t  47.0 pos '299.6 -432.4  24.0' spd 320.0 yaw 61 mode 2 st 2 gl 1 hp 100 frg 1
ARGEVT Zeus death Zeus pos '-30.8 -202.0 -296.0'
ARGEVT Reap engage Omi
ARGEVT Reap death Omi pos '358.3 -248.6 -296.0'
ARGLOG Omi t  47.6 pos '258.6 -406.0 -70.4' spd  39.6 yaw 6 mode 2 st 2 gl 1 hp 100 frg 2
ARGLOG Omi t  48.1 pos '386.5 -393.5 -104.0' spd 320.0 yaw 7 mode 2 st 2 gl 1 hp 100 frg 2
ARGEVT Omi jump
ARGEVT Zeus respawn
ARGLOG Omi t  48.6 pos '549.5 -374.1 -65.1' spd 320.0 yaw  46.6 mode 2 st 2 gl 1 hp 100 frg 2
ARGEVT Zeus plan powerup via weapon
ARGEVT Zeus goal weapon_supershotgun
ARGLOG Zeus t  48.6 pos '112.0 -1136.0 -104.0' spd 0 yaw  28.4 mode 1 st 2 gl 4 hp 100 frg -1
ARGEVT Reap respawn
ARGEVT Reap plan powerup via weapon
ARGEVT Reap goal weapon_grenadelauncher
ARGLOG Reap t  48.9 pos '776.0 -808.0 -232.0' spd 0 yaw 106.3 mode 0 st 0 gl 1 hp 100 frg 5
ARGEVT Reap route 11 start '817.0 -855.0 -232.0' goal '113.0 -407.0 -104.0'
ARGEVT Omi plan powerup via weapon
ARGEVT Omi goal weapon_grenadelauncher
ARGLOG Omi t  49.1 pos '651.7 -276.9 -104.0' spd 341.9 yaw 129.3 mode 0 st 2 gl 1 hp 100 frg 2
ARGEVT Omi route 3 start '625.0 -343.0 -104.0' goal '113.0 -407.0 -104.0'
ARGLOG Zeus t  49.2 pos '252.9 -1069.2 -104.0' spd 320.0 yaw 26 mode 1 st 2 gl 4 hp 100 frg -1
ARGEVT Reap hazard
ARGEVT Zeus plan powerup via weapon
ARGEVT Zeus goal weapon_grenadelauncher
ARGLOG Reap t  49.5 pos '720.0 -793.6 -222.3' spd 342.5 yaw 271 mode 2 st 0 gl 1 hp 100 frg 5
ARGEVT Zeus route 4 start '273.0 -1015.0 -104.0' goal '113.0 -407.0 -104.0'
ARGLOG Omi t  49.6 pos '508.4 -309.8 -104.0' spd 330.3 yaw 220.0 mode 2 st 2 gl 1 hp 100 frg 2
ARGLOG Zeus t  49.7 pos '322.5 -944.4 -104.0' spd 333.0 yaw 96 mode 2 st 2 gl 5 hp 100 frg -1
ARGEVT Reap route 10 start '721.0 -887.0 -232.0' goal '113.0 -407.0 -104.0'
ARGEVT Zeus engage Omi
ARGEVT Omi engage Zeus
ARGLOG Reap t  50.0 pos '720.0 -877.5 -232.0' spd 285.8 yaw 139.2 mode 0 st 0 gl 1 hp 100 frg 5
ARGLOG Omi t  50.1 pos '425.3 -401.1 -104.0' spd 306.1 yaw 248.7 mode 2 st 2 gl 1 hp 100 frg 2
ARGLOG Zeus t  50.2 pos '383.6 -806.5 -104.0' spd 340.9 yaw  77.3 mode 2 st 2 gl 5 hp 100 frg -1
ARGEVT Reap route 11 start '721.0 -759.0 -232.0' goal '113.0 -407.0 -104.0'
ARGEVT Omi route 2 start '497.0 -407.0 -104.0' goal '113.0 -407.0 -104.0'
ARGEVT Omi hazard
ARGEVT Reap hazard
ARGEVT Zeus hazard
ARGLOG Reap t  50.5 pos '720.0 -752.0 -232.0' spd 0 yaw 160.2 mode 2 st 0 gl 1 hp 100 frg 5
ARGLOG Omi t  50.6 pos '488.5 -432.0 -104.0' spd 320.1 yaw 172 mode 2 st 2 gl 1 hp 100 frg 2
ARGEVT Zeus pursue
ARGLOG Zeus t  50.7 pos '364.9 -746.4 -104.0' spd 379.4 yaw 114.7 mode 2 st 2 gl 5 hp 100 frg -1
ARGEVT Omi pursue
ARGLOG Reap t  51.0 pos '720.9 -855.1 -232.0' spd 320.0 yaw 254.7 mode 2 st 0 gl 1 hp 100 frg 5
ARGLOG Omi t  51.2 pos '323.3 -420.0 -104.0' spd 323.5 yaw 272 mode 2 st 2 gl 1 hp 88 frg 2
ARGLOG Zeus t  51.2 pos '329.1 -645.9 -104.0' spd 129.4 yaw  94.7 mode 2 st 2 gl 5 hp 96 frg -1
ARGEVT Reap route 10 start '721.0 -887.0 -232.0' goal '113.0 -407.0 -104.0'
ARGLOG Reap t  51.5 pos '720.0 -826.1 -232.0' spd 329.1 yaw 94 mode 0 st 0 gl 1 hp 100 frg 5
ARGLOG Omi t  51.7 pos '312.9 -396.9 -104.0' spd 392.3 yaw 285 mode 1 st 2 gl 1 hp 48 frg 2
ARGEVT Omi hazard
ARGLOG Zeus t  51.7 pos '338.3 -590.7 -104.0' spd 183.8 yaw 90 mode 2 st 2 gl 5 hp 96 frg -1
ARGEVT Reap route 11 start '721.0 -759.0 -232.0' goal '113.0 -407.0 -104.0'
ARGEVT Reap hazard
ARGLOG Reap t  52.0 pos '720.0 -730.1 -216.0' spd 194.2 yaw 192.9 mode 2 st 0 gl 1 hp 100 frg 5
ARGLOG Omi t  52.2 pos '419.0 -425.7 -104.0' spd 238.9 yaw 211 mode 1 st 2 gl 1 hp 48 frg 2
ARGLOG Zeus t  52.2 pos '300.2 -508.6 -104.0' spd 372.5 yaw 41 mode 2 st 2 gl 5 hp 72 frg -1
ARGLOG Reap t  52.6 pos '720.0 -896.3 -232.0' spd 365.2 yaw 204.4 mode 0 st 0 gl 1 hp 100 frg 5
ARGLOG Omi t  52.7 pos '427.7 -510.3 -104.0' spd 107.9 yaw 154 mode 1 st 2 gl 1 hp 12 frg 2
ARGLOG Zeus t  52.8 pos '224.3 -432.0 -104.0' spd 246.8 yaw 332 mode 1 st 2 gl 5 hp 48 frg -1
ARGEVT Reap route 10 start '721.0 -887.0 -232.0' goal '113.0 -407.0 -104.0'
ARGEVT Omi death Zeus pos '432.0 -429.1 -104.0'
ARGEVT Reap plan powerup via weapon
ARGEVT Reap goal weapon_supernailgun
ARGLOG Reap t  53.1 pos '721.8 -775.1 -232.0' spd 333.7 yaw  84.4 mode 0 st 0 gl 1 hp 100 frg 5
ARGEVT Zeus goal item_artifact_super_damage
ARGEVT Reap routefail
ARGEVT Zeus hazard
ARGEVT Reap hazard
ARGLOG Zeus t  53.3 pos '114.5 -411.0 -104.0' spd 164.2 yaw 161.4 mode 0 st 2 gl 6 hp 48 frg 0
ARGEVT Reap goal item_artifact_super_damage
ARGEVT Reap routefail
ARGEVT Reap goal 
ARGLOG Reap t  53.6 pos '771.3 -681.8 -184.0' spd 326.3 yaw 76 mode 0 st 0 gl 1 hp 100 frg 5
ARGEVT Reap route 11 start '753.0 -663.0 -184.0' goal '401.0 -471.0 -104.0'
ARGLOG Zeus t  53.8 pos '179.8 -391.5 -104.0' spd 355.8 yaw 356.0 mode 0 st 2 gl 6 hp 48 frg 0
ARGEVT Zeus routefail
ARGEVT Zeus goal item_health
ARGLOG Reap t  54.1 pos '752.0 -506.7 -104.0' spd 326.0 yaw 142.2 mode 0 st 0 gl 1 hp 100 frg 5
ARGEVT Zeus route 10 start '209.0 -375.0 -104.0' goal '497.0 -471.0  24.0'
ARGLOG Zeus t  54.3 pos '339.8 -444.4 -104.0' spd 335.4 yaw 13 mode 2 st 2 gl 6 hp 48 frg 0
ARGEVT Reap route 13 start '753.0 -471.0 -104.0' goal '401.0 -471.0 -104.0'
ARGEVT Reap goal weapon_rocketlauncher
ARGEVT Reap route 3 start '849.0 -439.0 -104.0' goal '721.0 -887.0 -232.0'
ARGEVT Omi respawn
ARGEVT Omi goal item_armor2
ARGLOG Omi t  54.6 pos '784.0 -176.0  24.0' spd 0 yaw 196.3 mode 0 st 2 gl 1 hp 100 frg 2
ARGLOG Reap t  54.6 pos '800.2 -452.8 -104.0' spd 363.4 yaw 248 mode 2 st 0 gl 1 hp 100 frg 5
ARGEVT Omi route 5 start '753.0 -151.0  24.0' goal '1169.0 -599.0  24.0'
ARGLOG Zeus t  54.8 pos '492.7 -378.6 -104.0' spd 345.8 yaw 79 mode 2 st 2 gl 6 hp 48 frg 0
ARGEVT Omi hazard
ARGLOG Omi t  55.1 pos '679.8 -208.0  24.0' spd  87.3 yaw 345 mode 2 st 2 gl 1 hp 100 frg 2
ARGLOG Reap t  55.1 pos '762.1 -618.1 -152.0' spd 321.0 yaw 262 mode 2 st 0 gl 1 hp 100 frg 5
ARGLOG Zeus t  55.3 pos '538.9 -218.9 -104.0' spd 322.1 yaw 93 mode 2 st 2 gl 6 hp 48 frg 0
ARGLOG Omi t  55.6 pos '845.0 -230.5  24.0' spd 385.5 yaw 260 mode 2 st 2 gl 1 hp 100 frg 2
ARGLOG Reap t  55.6 pos '752.0 -781.5 -226.6' spd 321.7 yaw 280 mode 1 st 0 gl 1 hp 100 frg 5
ARGLOG Zeus t  55.8 pos '537.2 -54.0 -104.0' spd 337.9 yaw  52.0 mode 2 st 2 gl 6 hp 48 frg 0
ARGEVT Reap goal item_rockets
ARGEVT Zeus hazard
ARGEVT Reap hazard
ARGEVT Reap route 8 start '721.0 -887.0 -232.0' goal ' 81.0 -823.0 -104.0'
ARGLOG Omi t  56.1 pos '857.5 -403.4  24.0' spd 322.9 yaw 250 mode 2 st 2 gl 1 hp 100 frg 2
ARGLOG Reap t  56.1 pos '368.0  25.1 -267.4' spd 300 yaw 252 mode 0 st 0 gl 2 hp 100 frg 5
ARGEVT Reap route 7 start '337.0   9.0 -296.0' goal ' 81.0 -823.0 -104.0'
ARGLOG Zeus t  56.3 pos '566.4   3.2 -104.0' spd 0 yaw 5 mode 2 st 2 gl 6 hp 48 frg 0
ARGLOG Omi t  56.7 pos '826.5 -568.2  24.0' spd 373.5 yaw 328.6 mode 2 st 2 gl 1 hp 100 frg 2
ARGLOG Reap t  56.7 pos '377.0 -135.1 -296.0' spd 322.1 yaw 265 mode 2 st 0 gl 2 hp 100 frg 5
ARGEVT Reap rjump
ARGLOG Zeus t  56.9 pos '566.4   3.2 -104.0' spd 0 yaw 5 mode 2 st 2 gl 6 hp 48 frg 0
ARGEVT Zeus hazard
ARGEVT Zeus stall
ARGEVT Zeus stallnode '625.0   9.0 -296.0'
ARGEVT Zeus jump
ARGEVT Zeus engage Reap
ARGEVT Reap engage Zeus
ARGLOG Omi t  57.2 pos '980.9 -619.6  24.0' spd 320.8 yaw 10 mode 1 st 2 gl 1 hp 100 frg 2
ARGLOG Reap t  57.2 pos '389.0 -344.2 -143.3' spd 466.3 yaw  16.6 mode 2 st 0 gl 2 hp 90 frg 5
ARGEVT Zeus route 7 start '529.0 -55.0 -104.0' goal '497.0 -471.0  24.0'
ARGLOG Zeus t  57.4 pos '570.1  -4.2 -65.1' spd  33.3 yaw 234.7 mode 2 st 3 gl 6 hp 48 frg 0
ARGEVT Omi goal weapon_lightning
ARGLOG Omi t  57.7 pos '1143.9 -595.0  24.0' spd 320.0 yaw  25.9 mode 0 st 2 gl 2 hp 100 frg 2
ARGLOG Reap t  57.7 pos '365.3 -387.8 -76.5' spd  56.5 yaw 57 mode 2 st 0 gl 2 hp 90 frg 5
ARGEVT Omi route 6 start '1169.0 -599.0  24.0' goal '529.0 -311.0 -104.0'
ARGEVT Omi hazard
ARGLOG Zeus t  57.9 pos '593.4 -50.8 -104.0' spd 328.2 yaw 242 mode 2 st 3 gl 6 hp 48 frg 0
ARGLOG Omi t  58.2 pos '1066.2 -560.0  24.0' spd 321.0 yaw 162 mode 2 st 2 gl 2 hp 100 frg 2
ARGLOG Reap t  58.2 pos '440.4 -426.7 -104.0' spd 149.7 yaw 35 mode 2 st 0 gl 2 hp 90 frg 5
ARGLOG Zeus t  58.4 pos '624.0 -194.2 -104.0' spd 365.6 yaw 242 mode 2 st 3 gl 6 hp 11 frg 0
ARGEVT Zeus weapon ssg
ARGLOG Omi t  58.7 pos '902.4 -529.1  24.0' spd 321.5 yaw 153 mode 2 st 2 gl 2 hp 100 frg 2
ARGEVT Reap weapon ssg
ARGLOG Reap t  58.7 pos '501.2 -412.1 -60.8' spd 189.1 yaw  25.9 mode 2 st 0 gl 2 hp 69 frg 5
ARGEVT Zeus death Reap pos '636.6 -321.6 -104.0'
ARGEVT Reap weapon rl
ARGLOG Omi t  59.2 pos '796.2 -400.4  24.0' spd 335.6 yaw 82 mode 2 st 2 gl 2 hp 100 frg 2
ARGEVT Omi hazard
ARGLOG Reap t  59.2 pos '588.9 -432.0 -104.0' spd  16.5 yaw 221.1 mode 2 st 0 gl 2 hp 69 frg 6
ARGEVT Reap hazard
ARGLOG Omi t  59.7 pos '836.6 -273.4  24.0' spd 334.7 yaw 124 mode 2 st 2 gl 2 hp 100 frg 2
ARGLOG Reap t  59.7 pos '438.1 -240.0 -290.4' spd 300 yaw 277.1 mode 2 st 0 gl 2 hp 69 frg 6
ARGEVT Zeus respawn
ARGLOG Omi t  60.3 pos '730.3 -146.7  24.0' spd 337.9 yaw 182 mode 2 st 2 gl 2 hp 100 frg 2
ARGLOG Reap t  60.3 pos '533.3 -263.0 -296.0' spd 121.6 yaw 238 mode 2 st 0 gl 2 hp 69 frg 6
ARGEVT Reap hazard
ARGEVT Zeus goal weapon_lightning
ARGLOG Zeus t  60.3 pos '-64.0 512.0 -296.0' spd 0 yaw 286.3 mode 0 st 3 gl 6 hp 100 frg 0
ARGEVT Zeus route 16 start '-15.0 553.0 -296.0' goal '529.0 -311.0 -104.0'
ARGEVT Zeus hazard
ARGLOG Omi t  60.8 pos '564.0 -155.4  24.0' spd 345.7 yaw 233.6 mode 1 st 2 gl 2 hp 100 frg 2
ARGLOG Reap t  60.8 pos '546.5 -272.0 -296.0' spd 290.9 yaw 234 mode 2 st 0 gl 2 hp 69 frg 6
ARGLOG Zeus t  60.8 pos ' 27.9 413.9 -296.0' spd 190.7 yaw 229 mode 2 st 3 gl 6 hp 100 frg 0
ARGEVT Omi engage Reap
ARGEVT Reap engage Omi
ARGLOG Omi t  61.3 pos '424.6 -282.2 -71.2' spd 349.1 yaw 256.6 mode 1 st 2 gl 2 hp 100 frg 2
ARGLOG Reap t  61.3 pos '381.5 -242.9 -296.0' spd 335.4 yaw 270.6 mode 2 st 0 gl 2 hp 69 frg 6
ARGLOG Zeus t  61.3 pos ' 79.5 404.7 -296.0' spd 109.2 yaw 211 mode 2 st 3 gl 6 hp 100 frg 0
ARGEVT Reap weapon ssg
ARGEVT Reap hazard
ARGEVT Zeus hazard
ARGEVT Omi hazard
ARGLOG Omi t  61.8 pos '432.0 -307.9 -298.0' spd  86.0 yaw 132.7 mode 1 st 2 gl 2 hp 76 frg 2
ARGLOG Reap t  61.8 pos '320.0 -197.7 -296.0' spd 326.4 yaw 316 mode 2 st 0 gl 2 hp 69 frg 6
ARGLOG Zeus t  61.9 pos '-71.3 412.2 -296.0' spd 268.2 yaw 277 mode 2 st 3 gl 6 hp 100 frg 0
ARGEVT Reap weapon rl
ARGEVT Omi swim
ARGLOG Omi t  62.3 pos '427.8 -320.7 -383.1' spd 128.6 yaw 145.8 mode 1 st 2 gl 2 hp 64 frg 2
ARGLOG Reap t  62.3 pos '221.6 -221.8 -296.0' spd 326.7 yaw 327.3 mode 2 st 0 gl 2 hp 65 frg 6
ARGLOG Zeus t  62.4 pos '-75.2 244.0 -296.0' spd 320.2 yaw 280 mode 2 st 3 gl 6 hp 100 frg 0
ARGEVT Omi swim
ARGEVT Reap hazard
ARGLOG Omi t  62.8 pos '416.4 -368.0 -384.9' spd  33.9 yaw 155.5 mode 1 st 2 gl 2 hp 56 frg 2
ARGEVT Omi swim
ARGLOG Reap t  62.8 pos '190.4 -222.3 -296.0' spd 129.0 yaw 326 mode 2 st 0 gl 2 hp 58 frg 6
ARGLOG Zeus t  62.9 pos '-104.4  97.0 -296.0' spd 352.4 yaw 276 mode 2 st 3 gl 6 hp 100 frg 0
ARGEVT Zeus hazard
ARGEVT Omi swim
ARGLOG Omi t  63.4 pos '427.5 -368.0 -386.9' spd  33.5 yaw 153 mode 1 st 2 gl 2 hp 40 frg 2
ARGEVT Omi swim
ARGLOG Reap t  63.4 pos '187.8 -260.1 -296.0' spd  79.8 yaw 330 mode 2 st 0 gl 2 hp 58 frg 6
ARGLOG Zeus t  63.4 pos '-192.0  57.6 -296.0' spd 129.3 yaw 299 mode 2 st 3 gl 6 hp 100 frg 0
ARGEVT Omi death Reap pos '431.9 -368.0 -383.5'
ARGLOG Reap t  63.9 pos '236.8 -292.4 -293.3' spd 320.6 yaw 313 mode 2 st 0 gl 2 hp 55 frg 7
ARGLOG Zeus t  63.9 pos '-117.4  48.0 -296.0' spd 276.3 yaw 281 mode 2 st 3 gl 6 hp 100 frg 0
ARGEVT Reap hazard
ARGLOG Reap t  64.4 pos '342.6 -304.0 -391.2' spd 206.1 yaw 290 mode 2 st 0 gl 2 hp 53 frg 7
ARGEVT Reap swim
ARGLOG Zeus t  64.4 pos '-55.1 -58.8 -296.0' spd 320.3 yaw 291 mode 2 st 3 gl 6 hp 100 frg 0
ARGEVT Reap swim
ARGEVT Zeus engage Reap
ARGEVT Reap engage Zeus
ARGLOG Reap t  64.9 pos '418.4 -367.4 -378.2' spd 204.7 yaw 254.3 mode 2 st 0 gl 2 hp 20 frg 7
ARGLOG Zeus t  64.9 pos '-16.6 -217.3 -296.0' spd 322.6 yaw 320.6 mode 2 st 3 gl 6 hp 100 frg 0
ARGEVT Reap death world pos '429.6 -368.0 -385.0'
ARGEVT Omi respawn
ARGEVT Omi goal weapon_lightning
ARGLOG Omi t  65.1 pos '-64.0 -232.0 -72.0' spd 0 yaw 354 mode 0 st 2 gl 2 hp 100 frg 2
ARGEVT Omi route 5 start '-47.0 -215.0 -72.0' goal '529.0 -311.0 -104.0'
ARGEVT Zeus hazard
ARGLOG Zeus t  65.5 pos ' 83.7 -229.9 -296.0' spd 370.8 yaw 13 mode 2 st 3 gl 6 hp 100 frg 0
ARGLOG Omi t  65.6 pos ' 88.6 -208.0 -72.0' spd 308.3 yaw 23 mode 2 st 2 gl 2 hp 100 frg 2
ARGEVT Zeus engage Omi
ARGEVT Omi engage Zeus
ARGLOG Zeus t  66.0 pos '242.9 -204.3 -296.0' spd 349.2 yaw 343.4 mode 2 st 3 gl 6 hp 100 frg 0
ARGLOG Omi t  66.1 pos '198.4 -234.9 -72.0' spd  56.8 yaw 348 mode 2 st 2 gl 2 hp 100 frg 2
ARGEVT Omi hazard
ARGEVT Zeus hazard
ARGLOG Zeus t  66.5 pos '378.6 -237.2 -296.0' spd 348.8 yaw 300.1 mode 2 st 3 gl 6 hp 100 frg 0
ARGEVT Reap respawn
ARGEVT Reap goal 
ARGLOG Reap t  66.6 pos '272.0 -952.0  24.0' spd 0 yaw 343.4 mode 0 st 0 gl 2 hp 100 frg 6
ARGEVT Reap route 3 start '305.0 -983.0  24.0' goal '241.0 -1143.0 -40.0'
ARGLOG Omi t  66.6 pos '230.5 -249.4 -116.8' spd  78.2 yaw 1 mode 2 st 2 gl 2 hp 100 frg 2
ARGLOG Zeus t  67.0 pos '463.8 -247.2 -296.0' spd 272.3 yaw 191.8 mode 2 st 3 gl 6 hp 76 frg 0
ARGLOG Reap t  67.1 pos '410.3 -1029.6  24.0' spd 366.9 yaw 262.4 mode 2 st 0 gl 2 hp 100 frg 6
ARGEVT Reap hazard
ARGLOG Omi t  67.2 pos '269.3 -246.1 -296.0' spd 167.7 yaw 6 mode 2 st 2 gl 2 hp 100 frg 2
ARGEVT Omi hazard
ARGLOG Zeus t  67.5 pos '476.7 -248.8 -296.0' spd 191.5 yaw 184 mode 2 st 3 gl 6 hp 52 frg 0
ARGEVT Zeus weapon sg
ARGEVT Zeus hazard
ARGLOG Reap t  67.6 pos '455.6 -1040.0  24.0' spd 267.4 yaw 235 mode 2 st 0 gl 2 hp 100 frg 6
ARGLOG Omi t  67.7 pos '324.6 -219.5 -296.0' spd 350.0 yaw 352 mode 2 st 2 gl 2 hp 100 frg 2
ARGLOG Zeus t  68.0 pos '504.5 -253.8 -296.0' spd  75.0 yaw 175.1 mode 2 st 3 gl 6 hp 28 frg 0
ARGLOG Reap t  68.1 pos '304.0 -1089.0  24.0' spd 311.9 yaw 240 mode 1 st 0 gl 2 hp 100 frg 6
ARGLOG Omi t  68.2 pos '370.9 -238.5 -296.0' spd  65.9 yaw 0 mode 2 st 2 gl 2 hp 76 frg 2
ARGEVT Reap goal weapon_lightning
ARGEVT Omi hazard
ARGEVT Reap route 7 start '337.0 -1207.0 -24.0' goal '529.0 -311.0 -104.0'
ARGLOG Zeus t  68.6 pos '531.8 -225.3 -296.0' spd 181.3 yaw 192.7 mode 2 st 3 gl 6 hp 4 frg 0
ARGLOG Reap t  68.7 pos '255.3 -1223.9 -40.0' spd 323.9 yaw 133.7 mode 2 st 0 gl 3 hp 100 frg 6
ARGEVT Zeus death Omi pos '551.1 -240.0 -296.0'
ARGLOG Omi t  68.7 pos '400.8 -213.1 -296.0' spd 328.3 yaw 357 mode 2 st 2 gl 2 hp 52 frg 3
ARGEVT Omi jump
ARGEVT Omi route 9 start '497.0 -247.0 -296.0' goal '529.0 -311.0 -104.0'
ARGLOG Reap t  69.2 pos '170.5 -1073.6 -84.6' spd 350.8 yaw  28.4 mode 2 st 0 gl 3 hp 100 frg 6
ARGLOG Omi t  69.2 pos '494.4 -272.0 -274.5' spd 220.2 yaw 352.0 mode 2 st 2 gl 2 hp 52 frg 3
ARGLOG Reap t  69.7 pos '263.0 -958.5 -104.0' spd 340.0 yaw   7.6 mode 2 st 0 gl 3 hp 100 frg 6
ARGLOG Omi t  69.7 pos '607.9 -269.2 -294.6' spd 223.5 yaw 94 mode 2 st 2 gl 2 hp 52 frg 3
ARGLOG Reap t  70.2 pos '392.3 -852.5 -104.0' spd 354.7 yaw 100 mode 2 st 0 gl 3 hp 100 frg 6
ARGEVT Zeus respawn
ARGLOG Omi t  70.3 pos '634.3 -122.3 -296.0' spd 320.0 yaw 92 mode 2 st 2 gl 2 hp 52 frg 3
ARGEVT Reap engage Zeus
ARGEVT Zeus goal item_armorInv
ARGEVT Zeus engage Reap
ARGLOG Zeus t  70.3 pos '112.0 -1136.0 -104.0' spd 0 yaw 52 mode 0 st 3 gl 6 hp 100 frg 0
ARGEVT Zeus route 16 start ' 81.0 -1079.0 -104.0' goal '817.0 -855.0 -232.0'
ARGLOG Reap t  70.7 pos '448.4 -851.9 -104.0' spd 111.2 yaw 207.9 mode 2 st 0 gl 3 hp 100 frg 6
ARGLOG Omi t  70.8 pos '630.9  42.1 -296.0' spd 320.0 yaw 93 mode 2 st 2 gl 2 hp 52 frg 3
ARGLOG Zeus t  70.8 pos '218.0 -1190.4 -56.0' spd 321.2 yaw 55 mode 2 st 3 gl 6 hp 100 frg 0
ARGEVT Omi engage Zeus
ARGEVT Reap pursue
ARGEVT Zeus pursue
ARGEVT Omi route 5 start '401.0 -887.0  24.0' goal '529.0 -311.0 -104.0'
ARGLOG Reap t  71.2 pos '294.9 -849.6 -104.0' spd 364.0 yaw 252 mode 2 st 0 gl 3 hp 100 frg 6
ARGLOG Omi t  71.3 pos '361.5 -864.9  20.0' spd 321.3 yaw 253.9 mode 2 st 2 gl 2 hp 52 frg 3
ARGLOG Zeus t  71.3 pos '368.0 -1180.3 -24.0' spd 270.6 yaw 76 mode 2 st 3 gl 6 hp 100 frg 0
ARGEVT Reap route 5 start '273.0 -887.0 -104.0' goal '529.0 -311.0 -104.0'
ARGLOG Reap t  71.7 pos '221.7 -1000.4 -104.0' spd 321.3 yaw 260 mode 2 st 0 gl 3 hp 100 frg 6
ARGLOG Omi t  71.8 pos '208.0 -910.5  24.0' spd 156.4 yaw 305 mode 2 st 2 gl 2 hp 52 frg 3
ARGLOG Zeus t  71.8 pos '368.0 -1168.0 -24.0' spd 0 yaw 75 mode 2 st 3 gl 6 hp 84 frg 0
ARGEVT Omi route 6 start '209.0 -1015.0  24.0' goal '529.0 -311.0 -104.0'
ARGEVT Reap hazard
ARGEVT Reap route 5 start '177.0 -1111.0 -104.0' goal '529.0 -311.0 -104.0'
ARGLOG Reap t  72.3 pos '234.1 -1136.0 -104.0' spd 344.2 yaw 343.2 mode 2 st 0 gl 3 hp 100 frg 6
ARGLOG Omi t  72.3 pos '242.5 -1034.7  24.0' spd 327.0 yaw 302.7 mode 2 st 2 gl 2 hp 52 frg 3
ARGLOG Zeus t  72.4 pos '368.0 -1168.0 -24.0' spd 0 yaw 75 mode 2 st 3 gl 6 hp 84 frg 0
ARGEVT Omi pursue
ARGLOG Reap t  72.8 pos '258.7 -1135.9 -104.0' spd 322.6 yaw 277.3 mode 2 st 0 gl 3 hp 100 frg 6
ARGLOG Omi t  72.8 pos '411.0 -1029.3  24.0' spd 332.7 yaw 252 mode 2 st 2 gl 2 hp 52 frg 3
ARGLOG Zeus t  72.9 pos '368.0 -1168.0 -24.0' spd 0 yaw 75 mode 2 st 3 gl 6 hp 84 frg 0
ARGEVT Reap hazard
ARGLOG Reap t  73.3 pos '272.0 -1096.2 -104.0' spd 314.8 yaw 49 mode 2 st 0 gl 3 hp 100 frg 6
ARGLOG Omi t  73.3 pos '317.3 -1017.9  24.0' spd 336.7 yaw 291 mode 2 st 2 gl 2 hp 52 frg 3
ARGLOG Zeus t  73.4 pos '361.9 -1132.5   8.0' spd 247.4 yaw 110 mode 2 st 3 gl 6 hp 60 frg 0
ARGEVT Zeus engage Omi
ARGLOG Reap t  73.8 pos '319.9 -928.9 -104.0' spd 320.1 yaw 64 mode 2 st 0 gl 3 hp 100 frg 6
ARGLOG Omi t  73.9 pos '226.8 -897.6  24.0' spd 367.9 yaw 319 mode 2 st 2 gl 2 hp 52 frg 3
ARGLOG Zeus t  73.9 pos '328.9 -990.9  24.0' spd 282.5 yaw 136 mode 2 st 3 gl 6 hp 36 frg 0
ARGLOG Reap t  74.3 pos '374.0 -772.5 -104.0' spd 328.6 yaw 100 mode 2 st 0 gl 3 hp 100 frg 6
ARGLOG Omi t  74.4 pos '337.9 -772.1  24.0' spd 320.6 yaw 315 mode 2 st 2 gl 2 hp 52 frg 3
ARGLOG Zeus t  74.4 pos '441.4 -871.3  24.0' spd 353.7 yaw 131 mode 2 st 3 gl 6 hp 12 frg 0
ARGEVT Zeus route 13 start '625.0   9.0 -296.0' goal '817.0 -855.0 -232.0'
ARGEVT Omi route 3 start '305.0 -599.0  24.0' goal '529.0 -311.0 -104.0'
ARGEVT Omi pursue
ARGLOG Reap t  74.8 pos '353.7 -680.3 -104.0' spd 320.3 yaw 98 mode 2 st 0 gl 3 hp 100 frg 6
ARGEVT Zeus pursue
ARGLOG Omi t  74.9 pos '368.0 -624.4  24.0' spd 322.9 yaw  34.9 mode 2 st 2 gl 2 hp 28 frg 3
ARGLOG Zeus t  74.9 pos '613.2 -47.1 -296.0' spd 322.3 yaw 250 mode 2 st 3 gl 6 hp 12 frg 0
ARGLOG Reap t  75.3 pos '361.4 -514.5 -104.0' spd 320.6 yaw 77 mode 2 st 0 gl 3 hp 100 frg 6
ARGLOG Omi t  75.4 pos '435.8 -495.7  24.0' spd 336.2 yaw  34.0 mode 2 st 2 gl 2 hp 28 frg 3
ARGLOG Zeus t  75.4 pos '590.8 -216.1 -296.0' spd 336.6 yaw 246 mode 0 st 3 gl 6 hp 12 frg 0
ARGEVT Reap engage Omi
ARGEVT Zeus hazard
ARGEVT Omi hazard
ARGEVT Zeus route 14 start '593.0 -215.0 -296.0' goal '817.0 -855.0 -232.0'
ARGLOG Reap t  75.9 pos '414.0 -372.5 -104.0' spd 338.0 yaw 338.4 mode 1 st 0 gl 3 hp 100 frg 6
ARGLOG Omi t  75.9 pos '529.3 -503.6  24.0' spd 276.2 yaw 228.5 mode 2 st 2 gl 2 hp 53 frg 3
ARGEVT Reap pursue
ARGLOG Zeus t  76.0 pos '656.0 -231.7 -296.0' spd 137.7 yaw 295.3 mode 2 st 3 gl 6 hp 12 frg 0
ARGEVT Reap hazard
ARGLOG Reap t  76.4 pos '546.5 -428.9 -104.0' spd 333.2 yaw 350.9 mode 1 st 0 gl 3 hp 100 frg 6
ARGLOG Omi t  76.4 pos '361.8 -506.1  24.0' spd 328.1 yaw 167.3 mode 2 st 2 gl 2 hp 53 frg 3
ARGLOG Zeus t  76.5 pos '537.9 -267.1 -296.0' spd 344.2 yaw 130.8 mode 2 st 3 gl 6 hp 12 frg 0
ARGEVT Zeus hazard
ARGEVT Omi hazard
ARGLOG Reap t  76.9 pos '667.7 -327.8 -104.0' spd 420.3 yaw 155.0 mode 1 st 0 gl 3 hp 100 frg 6
ARGLOG Omi t  76.9 pos '222.0 -523.5  24.0' spd  84.6 yaw 327.4 mode 2 st 2 gl 2 hp 53 frg 3
ARGLOG Zeus t  77.0 pos '388.0 -232.4 -296.0' spd 320.5 yaw 164.4 mode 2 st 3 gl 6 hp 12 frg 0
ARGEVT Omi pursue
ARGLOG Reap t  77.4 pos '629.5 -402.8 -120.0' spd 374.4 yaw 179 mode 1 st 0 gl 3 hp 100 frg 6
ARGLOG Omi t  77.5 pos '123.5 -415.6   8.0' spd 318.3 yaw 34 mode 2 st 2 gl 2 hp 53 frg 3
ARGLOG Zeus t  77.5 pos '282.7 -224.6 -296.0' spd 208.2 yaw   2.0 mode 0 st 3 gl 6 hp 12 frg 0
ARGEVT Zeus engage Omi
ARGEVT Zeus death Omi pos '313.3 -234.5 -296.0'
ARGEVT Omi engage Reap
ARGLOG Reap t  77.9 pos '587.8 -366.7 -104.0' spd 320.3 yaw 179 mode 1 st 0 gl 3 hp 100 frg 6
ARGLOG Omi t  78.0 pos '162.6 -380.5  -8.0' spd 322.0 yaw 0 mode 2 st 2 gl 2 hp 41 frg 4
ARGEVT Omi goal item_health
ARGEVT Reap goal weapon_rocketlauncher
ARGEVT Omi route 5 start '209.0 -503.0  24.0' goal '-239.0 -471.0 -72.0'
ARGLOG Reap t  78.4 pos '532.1 -210.8 -104.0' spd 381.6 yaw 216 mode 0 st 0 gl 3 hp 80 frg 6
ARGLOG Omi t  78.5 pos '217.5 -516.6  24.0' spd 132.2 yaw 49 mode 2 st 2 gl 2 hp 41 frg 4
ARGEVT Reap route 5 start '529.0 -183.0 -104.0' goal ' 49.0 105.0 -296.0'
ARGLOG Reap t  78.9 pos '588.7 -279.8 -104.0' spd 383.8 yaw 198 mode 2 st 0 gl 3 hp 60 frg 6
ARGLOG Omi t  79.0 pos '158.2 -369.5   2.6' spd 321.5 yaw 9 mode 2 st 2 gl 2 hp 41 frg 4
ARGEVT Zeus respawn
ARGEVT Reap weapon ssg
ARGEVT Zeus goal weapon_supernailgun
ARGLOG Zeus t  79.2 pos '776.0 -808.0 -232.0' spd 0 yaw 106.3 mode 0 st 3 gl 6 hp 100 frg 0
ARGEVT Zeus routefail
ARGEVT Zeus goal weapon_rocketlauncher
ARGEVT Zeus route 7 start '721.0 -759.0 -232.0' goal ' 49.0 105.0 -296.0'
ARGLOG Reap t  79.5 pos '623.2 -448.3 -136.0' spd 323.6 yaw 173 mode 0 st 0 gl 3 hp 60 frg 6
ARGLOG Omi t  79.5 pos '117.9 -397.2  -8.0' spd 326.8 yaw   9.5 mode 2 st 2 gl 2 hp 29 frg 4
ARGEVT Reap weapon lg
ARGEVT Zeus hazard
ARGEVT Reap route 5 start '401.0 -247.0 -296.0' goal ' 49.0 105.0 -296.0'
ARGLOG Zeus t  79.7 pos '720.0 -752.6 -216.0' spd 257.8 yaw 227.2 mode 2 st 3 gl 6 hp 100 frg 0
ARGEVT Reap weapon ssg
ARGLOG Reap t  80.0 pos '489.9 -254.6 -296.0' spd  86.4 yaw 251.6 mode 2 st 0 gl 3 hp 60 frg 6
ARGLOG Omi t  80.0 pos '167.9 -491.4  24.0' spd 265.4 yaw 35 mode 2 st 2 gl 2 hp 29 frg 4
ARGEVT Zeus engage Omi
ARGLOG Zeus t  80.2 pos '368.0  40.4 -263.2' spd 300 yaw 259.1 mode 0 st 3 gl 6 hp 100 frg 0
ARGEVT Zeus route 5 start '337.0   9.0 -296.0' goal ' 49.0 105.0 -296.0'
ARGEVT Reap weapon lg
ARGLOG Reap t  80.5 pos '479.8 -222.0 -296.0' spd 117.2 yaw 200 mode 2 st 0 gl 3 hp 60 frg 6
ARGLOG Omi t  80.5 pos '113.7 -334.7 -40.0' spd 321.2 yaw 14 mode 2 st 2 gl 2 hp 29 frg 4
ARGLOG Zeus t  80.7 pos '398.6 -117.7 -296.0' spd 320.0 yaw 182.3 mode 2 st 3 gl 6 hp 100 frg 0
ARGEVT Reap hazard
ARGEVT Zeus hazard
ARGLOG Reap t  81.0 pos '407.3 -257.2 -296.0' spd 230.5 yaw 190.2 mode 2 st 0 gl 3 hp 56 frg 6
ARGLOG Omi t  81.1 pos '126.1 -263.8 -72.0' spd 320.7 yaw 4 mode 2 st 2 gl 2 hp 29 frg 4
ARGLOG Zeus t  81.3 pos '336.0 -82.2 -296.0' spd 206.3 yaw 251 mode 2 st 3 gl 6 hp 100 frg 0
ARGLOG Reap t  81.5 pos '358.1 -251.3 -296.0' spd 268.6 yaw 220 mode 2 st 0 gl 3 hp 40 frg 6
ARGLOG Omi t  81.6 pos '175.0 -385.6  -8.0' spd  98.1 yaw 38 mode 2 st 2 gl 2 hp 29 frg 4
ARGLOG Zeus t  81.8 pos '340.6 -124.2 -296.0' spd 251.7 yaw 200 mode 2 st 3 gl 6 hp 100 frg 0
ARGEVT Reap route 5 start '369.0 -215.0 -296.0' goal ' 49.0 105.0 -296.0'
ARGEVT Zeus hazard
ARGLOG Reap t  82.0 pos '376.8 -237.1 -296.0' spd 254.1 yaw 176 mode 2 st 0 gl 3 hp 24 frg 6
ARGLOG Omi t  82.1 pos '124.6 -231.9 -72.0' spd 330.4 yaw 355 mode 2 st 2 gl 2 hp 29 frg 4
ARGEVT Zeus pursue
ARGLOG Zeus t  82.3 pos '308.7 -252.7 -296.0' spd 578.4 yaw 201 mode 2 st 3 gl 6 hp 94 frg 0
ARGEVT Reap pursue
ARGEVT Omi pursue
ARGEVT Reap hazard
ARGEVT Omi hazard
ARGLOG Reap t  82.5 pos '330.2 -267.7 -296.0' spd 243.3 yaw 188 mode 2 st 0 gl 3 hp 24 frg 6
ARGEVT Omi death Reap pos '178.3 -295.2 -56.0'
ARGEVT Zeus engage Reap
ARGEVT Reap engage Zeus
ARGLOG Zeus t  82.8 pos '193.9 -223.8 -296.0' spd  85.3 yaw 275.3 mode 2 st 3 gl 6 hp 94 frg 0
ARGEVT Reap route 5 start '369.0 -215.0 -296.0' goal ' 49.0 105.0 -296.0'
ARGLOG Reap t  83.1 pos '399.5 -254.8 -296.0' spd  97.4 yaw 178 mode 2 st 0 gl 3 hp 24 frg 7
ARGEVT Zeus hazard
ARGLOG Zeus t  83.3 pos '198.4 -243.3 -296.0' spd 245.7 yaw 3 mode 2 st 3 gl 6 hp 88 frg 0
ARGLOG Reap t  83.6 pos '371.5 -229.8 -296.0' spd 152.1 yaw 178.1 mode 2 st 0 gl 3 hp 6 frg 7
ARGEVT Reap death Zeus pos '368.6 -215.1 -296.0'
ARGLOG Zeus t  83.8 pos '215.3 -203.1 -296.0' spd 327.1 yaw  87.8 mode 2 st 3 gl 6 hp 82 frg 1
ARGEVT Omi respawn
ARGEVT Omi goal item_armor2
ARGLOG Omi t  84.1 pos '784.0 -176.0  24.0' spd 0 yaw 196.3 mode 0 st 2 gl 2 hp 100 frg 4
ARGEVT Omi route 5 start '753.0 -151.0  24.0' goal '1169.0 -599.0  24.0'
ARGLOG Zeus t  84.3 pos '176.8 -200.6 -296.0' spd 324.9 yaw 197 mode 2 st 3 gl 6 hp 82 frg 1
ARGEVT Omi hazard
ARGEVT Zeus hazard
ARGLOG Omi t  84.7 pos '680.0 -208.0  24.0' spd  86.6 yaw 345 mode 2 st 2 gl 2 hp 100 frg 4
ARGLOG Zeus t  84.9 pos ' 44.2 -241.8 -296.0' spd 336.4 yaw 164.0 mode 2 st 3 gl 6 hp 82 frg 1
ARGEVT Reap respawn
ARGEVT Zeus engage Reap
ARGLOG Omi t  85.2 pos '846.0 -231.5  24.0' spd 386.1 yaw 259 mode 2 st 2 gl 2 hp 100 frg 4
ARGEVT Reap goal item_health
ARGEVT Reap engage Zeus
ARGLOG Reap t  85.2 pos '-64.0 512.0 -296.0' spd 0 yaw 263 mode 1 st 0 gl 3 hp 100 frg 7
ARGLOG Zeus t  85.4 pos '-79.7 -133.3 -296.0' spd 320.1 yaw 81 mode 2 st 3 gl 6 hp 82 frg 1
ARGLOG Omi t  85.7 pos '857.3 -405.5  24.0' spd 322.6 yaw 250 mode 2 st 2 gl 2 hp 100 frg 4
ARGLOG Reap t  85.7 pos '-106.5 416.9 -296.0' spd 160.6 yaw 273 mode 1 st 0 gl 3 hp 100 frg 7
ARGLOG Zeus t  85.9 pos '-56.9 -22.6 -296.0' spd 197.0 yaw 115 mode 2 st 3 gl 6 hp 82 frg 1
ARGLOG Omi t  86.2 pos '826.0 -571.0  24.0' spd 373.9 yaw 329.2 mode 2 st 2 gl 2 hp 100 frg 4
ARGLOG Reap t  86.2 pos '-228.4 400.6 -296.0' spd 328.0 yaw 298 mode 1 st 0 gl 3 hp 100 frg 7
ARGLOG Zeus t  86.4 pos '  1.3  61.5 -296.0' spd 326.3 yaw 103.4 mode 1 st 3 gl 6 hp 78 frg 1
ARGEVT Zeus weapon sg
ARGEVT Zeus hazard
ARGEVT Zeus goal item_rockets
ARGEVT Zeus route 5 start ' 49.0 105.0 -296.0' goal '-111.0 585.0 -296.0'
ARGLOG Omi t  86.7 pos '981.3 -619.6  24.0' spd 320.8 yaw 10 mode 1 st 2 gl 2 hp 100 frg 4
ARGLOG Reap t  86.7 pos '-108.9 443.3 -296.0' spd 323.2 yaw 284 mode 1 st 0 gl 3 hp 100 frg 7
ARGLOG Zeus t  86.9 pos '-67.9  68.5 -296.0' spd 355.4 yaw 65 mode 2 st 3 gl 7 hp 74 frg 1
ARGEVT Reap death Zeus pos '  8.8 450.5 -296.0'
ARGEVT Omi goal weapon_rocketlauncher
ARGLOG Omi t  87.2 pos '1143.9 -593.9  24.0' spd 320.1 yaw 357.6 mode 0 st 2 gl 3 hp 100 frg 4
ARGEVT Omi route 4 start '1169.0 -599.0  24.0' goal '721.0 -887.0 -232.0'
ARGEVT Omi hazard
ARGLOG Zeus t  87.4 pos '-106.7 166.2 -296.0' spd 320.2 yaw 69 mode 2 st 3 gl 7 hp 74 frg 2
ARGEVT Omi route 4 start '1169.0 -599.0  24.0' goal '721.0 -887.0 -232.0'
ARGEVT Zeus hazard
ARGEVT Omi route 4 start '1169.0 -599.0  24.0' goal '721.0 -887.0 -232.0'
ARGLOG Omi t  87.7 pos '1190.1 -612.3  24.0' spd 332.9 yaw 258.4 mode 2 st 2 gl 3 hp 100 frg 4
ARGLOG Zeus t  87.9 pos '-122.0 322.7 -296.0' spd 331.6 yaw 85 mode 2 st 3 gl 7 hp 74 frg 2
ARGEVT Omi route 4 start '1169.0 -599.0  24.0' goal '721.0 -887.0 -232.0'
ARGLOG Omi t  88.3 pos '1062.9 -622.4  24.0' spd 320.3 yaw 175 mode 2 st 2 gl 3 hp 100 frg 4
ARGLOG Zeus t  88.5 pos '-116.3 488.2 -296.0' spd 321.5 yaw 73 mode 1 st 3 gl 7 hp 74 frg 2
ARGEVT Reap respawn
ARGEVT Reap goal weapon_grenadelauncher
ARGLOG Reap t  88.6 pos '-64.0 -232.0 -72.0' spd 0 yaw 343.7 mode 0 st 0 gl 3 hp 100 frg 7
ARGEVT Reap route 4 start '-47.0 -215.0 -72.0' goal '113.0 -407.0 -104.0'
ARGEVT Zeus goal item_health
ARGLOG Omi t  88.8 pos '898.3 -608.3  24.0' spd 320.0 yaw 175 mode 2 st 2 gl 3 hp 100 frg 4
ARGEVT Zeus hazard
ARGLOG Zeus t  89.0 pos '-65.1 624.0 -296.0' spd 335.1 yaw 218.6 mode 1 st 3 gl 8 hp 174 frg 2
ARGEVT Zeus goal 
ARGLOG Reap t  89.1 pos ' 91.5 -213.5 -72.0' spd 323.6 yaw 29 mode 2 st 0 gl 3 hp 100 frg 7
ARGLOG Omi t  89.3 pos '752.0 -624.0  11.2' spd 0 yaw 264 mode 2 st 2 gl 3 hp 100 frg 4
ARGLOG Zeus t  89.5 pos '-48.6 473.7 -296.0' spd 391.4 yaw 355 mode 1 st 3 gl 9 hp 174 frg 2
ARGEVT Reap hazard
ARGLOG Reap t  89.6 pos '256.7 -240.8 -78.3' spd 277.2 yaw 224.2 mode 2 st 0 gl 3 hp 100 frg 7
ARGEVT Zeus goal item_spikes
ARGLOG Omi t  89.8 pos '752.0 -625.5 -168.0' spd  29.8 yaw 264 mode 2 st 2 gl 3 hp 100 frg 4
ARGEVT Zeus route 19 start '-15.0 425.0 -296.0' goal '-143.0 -503.0 -72.0'
ARGLOG Zeus t  90.0 pos '-54.9 366.2 -296.0' spd 328.3 yaw 273 mode 2 st 3 gl 10 hp 174 frg 2
ARGEVT Zeus hazard
ARGLOG Reap t  90.2 pos '300.6 -368.0 -235.3' spd   0.5 yaw 183 mode 2 st 0 gl 3 hp 100 frg 7
ARGLOG Omi t  90.3 pos '752.0 -780.9 -226.6' spd 321.4 yaw 280 mode 1 st 2 gl 3 hp 100 frg 4
ARGEVT Reap swim
ARGLOG Zeus t  90.5 pos '-101.0 211.2 -296.0' spd 355.0 yaw 292 mode 2 st 3 gl 10 hp 174 frg 2
ARGEVT Omi goal item_rockets
ARGEVT Omi route 7 start '721.0 -887.0 -232.0' goal '401.0 -759.0 -104.0'
ARGEVT Omi hazard
ARGLOG Reap t  90.7 pos '262.3 -368.0 -384.3' spd 127.1 yaw 183 mode 2 st 0 gl 3 hp 60 frg 7
ARGEVT Reap swim
ARGEVT Omi route 7 start '721.0 -887.0 -232.0' goal '401.0 -759.0 -104.0'
ARGLOG Omi t  90.8 pos '720.0 -912.0 -232.0' spd 0 yaw 203.8 mode 2 st 2 gl 4 hp 100 frg 4
ARGEVT Reap swim
ARGEVT Omi route 7 start '721.0 -887.0 -232.0' goal '401.0 -759.0 -104.0'
ARGLOG Zeus t  91.0 pos '-72.2  44.3 -296.0' spd 329.2 yaw 268 mode 2 st 3 gl 10 hp 174 frg 2
ARGLOG Reap t  91.2 pos '172.0 -368.0 -386.2' spd 189.1 yaw 187 mode 2 st 0 gl 3 hp 20 frg 7
ARGEVT Reap swim
ARGEVT Omi route 7 start '721.0 -887.0 -232.0' goal '401.0 -759.0 -104.0'
ARGLOG Omi t  91.3 pos '720.0 -912.0 -232.0' spd 0 yaw 261 mode 0 st 2 gl 4 hp 100 frg 4
ARGEVT Omi route 7 start '721.0 -887.0 -232.0' goal '401.0 -759.0 -104.0'
ARGEVT Reap swim
ARGEVT Reap death world pos '112.0 -368.0 -383.0'
ARGLOG Zeus t  91.5 pos '-45.9 -122.7 -296.0' spd 328.1 yaw 297 mode 2 st 3 gl 10 hp 174 frg 2
ARGEVT Omi route 7 start '721.0 -887.0 -232.0' goal '401.0 -759.0 -104.0'
ARGEVT Omi route 7 start '721.0 -887.0 -232.0' goal '401.0 -759.0 -104.0'
ARGEVT Omi stall
ARGEVT Omi stallnode '369.0 105.0 -288.0'
ARGLOG Omi t  91.9 pos '720.0 -912.0 -232.0' spd 0 yaw 433.5 mode 0 st 3 gl 4 hp 100 frg 4
ARGEVT Omi jump
ARGEVT Omi route 7 start '721.0 -887.0 -232.0' goal '401.0 -759.0 -104.0'
ARGLOG Zeus t  92.1 pos ' 53.5 -263.6 -296.0' spd 394.6 yaw 20 mode 2 st 3 gl 10 hp 174 frg 2
ARGEVT Zeus hazard
ARGEVT Omi route 7 start '721.0 -887.0 -232.0' goal '401.0 -759.0 -104.0'
ARGLOG Omi t  92.4 pos '731.4 -899.5 -208.9' spd  43.6 yaw  41.5 mode 0 st 3 gl 4 hp 100 frg 4
ARGEVT Omi route 7 start '721.0 -887.0 -232.0' goal '401.0 -759.0 -104.0'
ARGLOG Zeus t  92.6 pos '204.0 -218.5 -296.0' spd 341.9 yaw 10 mode 2 st 3 gl 10 hp 174 frg 2
ARGEVT Omi route 7 start '721.0 -887.0 -232.0' goal '401.0 -759.0 -104.0'
ARGEVT Omi route 8 start '721.0 -759.0 -232.0' goal '401.0 -759.0 -104.0'
ARGLOG Omi t  92.9 pos '720.0 -789.6 -232.0' spd 310.9 yaw 145.0 mode 2 st 3 gl 4 hp 100 frg 4
ARGEVT Omi hazard
ARGEVT Reap respawn
ARGLOG Zeus t  93.1 pos '373.9 -226.0 -296.0' spd 320.3 yaw 2 mode 2 st 3 gl 10 hp 174 frg 2
ARGEVT Reap goal weapon_supershotgun
ARGLOG Reap t  93.1 pos '272.0 -952.0  24.0' spd 0 yaw 343.7 mode 0 st 0 gl 3 hp 100 frg 6
ARGEVT Reap route 2 start '305.0 -983.0  24.0' goal '273.0 -1015.0 -104.0'
ARGEVT Zeus hazard
ARGLOG Omi t  93.4 pos '720.0 -824.7 -232.0' spd 331.9 yaw 271 mode 2 st 3 gl 4 hp 100 frg 4
ARGLOG Zeus t  93.6 pos '541.3 -239.7 -296.0' spd 326.9 yaw 25 mode 2 st 3 gl 10 hp 174 frg 2
ARGLOG Reap t  93.6 pos '324.8 -1094.1  24.0' spd 419.2 yaw 178.2 mode 2 st 0 gl 3 hp 100 frg 6
ARGEVT Omi route 7 start '721.0 -887.0 -232.0' goal '401.0 -759.0 -104.0'
ARGEVT Omi route 7 start '721.0 -887.0 -232.0' goal '401.0 -759.0 -104.0'
ARGLOG Omi t  93.9 pos '720.0 -912.0 -232.0' spd 0 yaw 244.4 mode 2 st 3 gl 4 hp 100 frg 4
ARGEVT Omi route 7 start '721.0 -887.0 -232.0' goal '401.0 -759.0 -104.0'
ARGLOG Zeus t  94.1 pos '646.8 -109.9 -296.0' spd 330.2 yaw 95 mode 2 st 3 gl 10 hp 173 frg 2
ARGLOG Reap t  94.1 pos '124.2 -1097.6 -51.2' spd 288.1 yaw  34.4 mode 1 st 0 gl 3 hp 100 frg 6
ARGEVT Omi route 7 start '721.0 -887.0 -232.0' goal '401.0 -759.0 -104.0'
ARGLOG Omi t  94.4 pos '720.0 -912.0 -232.0' spd 0 yaw 261 mode 0 st 3 gl 4 hp 100 frg 4
ARGEVT Omi route 7 start '721.0 -887.0 -232.0' goal '401.0 -759.0 -104.0'
ARGLOG Zeus t  94.6 pos '645.5  55.9 -296.0' spd 320.8 yaw 104 mode 2 st 3 gl 10 hp 173 frg 2
ARGLOG Reap t  94.6 pos '220.0 -1016.3 -104.0' spd 330.3 yaw 352 mode 1 st 0 gl 3 hp 100 frg 6
ARGEVT Omi route 7 start '721.0 -887.0 -232.0' goal '401.0 -759.0 -104.0'
ARGEVT Omi stall
ARGEVT Omi stallnode '369.0 105.0 -288.0'
ARGEVT Omi jump
ARGEVT Omi route 7 start '721.0 -887.0 -232.0' goal '401.0 -759.0 -104.0'
ARGLOG Omi t  94.9 pos '725.2 -912.0 -197.6' spd  37.7 yaw 331.8 mode 2 st 4 gl 4 hp 100 frg 4
ARGEVT Reap goal weapon_grenadelauncher
ARGEVT Reap route 4 start '273.0 -1015.0 -104.0' goal '113.0 -407.0 -104.0'
ARGEVT Omi route 7 start '721.0 -887.0 -232.0' goal '401.0 -759.0 -104.0'
ARGLOG Zeus t  95.2 pos '351.9 -828.4  24.0' spd 362.1 yaw 101 mode 2 st 3 gl 10 hp 172 frg 2
ARGLOG Reap t  95.2 pos '387.5 -984.6 -104.0' spd 387.9 yaw  93.9 mode 2 st 0 gl 4 hp 100 frg 6
ARGLOG Omi t  95.5 pos '368.0 -21.1 -292.7' spd 300 yaw 282 mode 2 st 4 gl 4 hp 100 frg 4
ARGLOG Zeus t  95.7 pos '304.3 -668.4  24.0' spd 320.0 yaw 89 mode 2 st 3 gl 10 hp 172 frg 2
ARGLOG Reap t  95.7 pos '371.1 -808.2 -104.0' spd 320.0 yaw 114 mode 2 st 0 gl 4 hp 100 frg 6
ARGEVT Omi hazard
ARGLOG Omi t  96.0 pos '400.1 -182.9 -296.0' spd 392.7 yaw 257.3 mode 2 st 4 gl 4 hp 100 frg 4
ARGEVT Omi rjump
ARGEVT Reap route 2 start '305.0 -663.0 -104.0' goal '113.0 -407.0 -104.0'
ARGEVT Omi engage Zeus
ARGEVT Zeus engage Omi
ARGLOG Zeus t  96.2 pos '302.3 -502.2  24.0' spd 344.7 yaw 112.4 mode 2 st 3 gl 10 hp 171 frg 2
ARGLOG Reap t  96.2 pos '307.3 -653.8 -104.0' spd 332.0 yaw 90 mode 2 st 0 gl 4 hp 100 frg 6
ARGEVT Reap engage Omi
ARGLOG Omi t  96.5 pos '354.6 -280.9 -105.9' spd  48.3 yaw 225.4 mode 2 st 4 gl 4 hp 79 frg 4
ARGLOG Zeus t  96.7 pos '250.0 -400.4   2.8' spd  78.4 yaw 39 mode 2 st 3 gl 10 hp 171 frg 2
ARGLOG Reap t  96.7 pos '335.9 -556.4 -104.0' spd 152.6 yaw 84 mode 2 st 0 gl 4 hp 100 frg 6
ARGLOG Omi t  97.0 pos '400.3 -213.1 -132.4' spd 346.0 yaw 259 mode 2 st 4 gl 4 hp 58 frg 4
ARGEVT Reap hazard
ARGLOG Zeus t  97.2 pos '324.4 -481.7 -104.0' spd 320.1 yaw 81 mode 2 st 3 gl 10 hp 136 frg 2
ARGLOG Reap t  97.2 pos '263.1 -522.8 -104.0' spd 267.9 yaw 64 mode 2 st 0 gl 4 hp 53 frg 6
ARGEVT Omi hazard
ARGLOG Omi t  97.5 pos '366.7 -76.3 -296.0' spd 323.8 yaw 269.5 mode 2 st 4 gl 4 hp 58 frg 4
ARGEVT Reap pursue
ARGEVT Zeus pursue
ARGLOG Zeus t  97.7 pos '366.6 -473.1 -108.0' spd 303.9 yaw 82 mode 2 st 3 gl 10 hp 136 frg 2
ARGLOG Reap t  97.7 pos '419.1 -501.4 -104.0' spd 378.8 yaw 91 mode 2 st 0 gl 4 hp 53 frg 6
ARGEVT Zeus hazard
ARGLOG Omi t  98.0 pos '369.3 -111.3 -296.0' spd 184.3 yaw 247.5 mode 2 st 4 gl 4 hp 46 frg 4
ARGEVT Reap hazard
ARGLOG Zeus t  98.2 pos '312.4 -402.2 -104.0' spd 320.0 yaw 76 mode 2 st 3 gl 10 hp 135 frg 2
ARGLOG Reap t  98.2 pos '359.0 -423.7 -104.0' spd 371.6 yaw 89 mode 2 st 0 gl 4 hp 53 frg 6
ARGEVT Omi death Zeus pos '384.7 -26.7 -296.0'
ARGEVT Zeus engage Reap
ARGEVT Reap engage Zeus
ARGLOG Zeus t  98.8 pos '266.3 -405.7 -104.0' spd 327.9 yaw  27.2 mode 2 st 3 gl 10 hp 135 frg 3
ARGLOG Reap t  98.8 pos '397.6 -431.8 -104.0' spd 320.1 yaw 138.8 mode 2 st 0 gl 4 hp 53 frg 6
ARGEVT Reap death Omi pos '434.0 -391.7 -104.0'
ARGLOG Zeus t  99.3 pos '299.6 -452.9 -104.0' spd 385.2 yaw 117.8 mode 2 st 3 gl 10 hp 134 frg 3
ARGEVT Zeus hazard
ARGLOG Zeus t  99.8 pos '160.7 -415.6 -104.0' spd 343.6 yaw 230 mode 2 st 3 gl 10 hp 134 frg 3
ARGEVT Zeus jump
ARGEVT Omi respawn
ARGEVT Omi goal item_armorInv
ARGLOG Omi t 100.1 pos '112.0 -1136.0 -104.0' spd 0 yaw  28.7 mode 0 st 4 gl 4 hp 100 frg 5
ARGEVT Omi route 16 start ' 81.0 -1079.0 -104.0' goal '817.0 -855.0 -232.0'
ARGLOG Zeus t 100.3 pos '129.7 -428.6 -104.0' spd 169.2 yaw 249 mode 2 st 3 gl 10 hp 133 frg 3
ARGEVT Zeus hazard
ARGEVT Reap respawn
ARGEVT Reap plan powerup via weapon
ARGEVT Reap goal weapon_supernailgun
ARGLOG Reap t 100.6 pos '776.0 -808.0 -232.0' spd 0 yaw 106.3 mode 0 st 0 gl 4 hp 100 frg 6
ARGEVT Zeus jump
ARGLOG Omi t 100.6 pos '261.8 -1129.9 -104.0' spd 182.2 yaw 131.7 mode 2 st 4 gl 4 hp 100 frg 5
ARGEVT Reap routefail
ARGEVT Omi plan powerup via weapon
ARGEVT Omi goal weapon_supernailgun
ARGEVT Reap goal item_artifact_super_damage
ARGLOG Zeus t 100.8 pos '112.0 -425.9 -82.1' spd  34.3 yaw 272 mode 2 st 3 gl 10 hp 133 frg 3
ARGEVT Omi routefail
ARGEVT Reap hazard
ARGEVT Omi goal item_artifact_super_damage
ARGEVT Omi routefail
ARGLOG Reap t 101.1 pos '763.6 -697.2 -200.0' spd 328.8 yaw 73 mode 0 st 0 gl 4 hp 100 frg 6
ARGEVT Omi goal 
ARGLOG Omi t 101.1 pos '228.8 -972.8 -104.0' spd 321.0 yaw  74.7 mode 0 st 4 gl 4 hp 100 frg 5
ARGEVT Omi route 4 start '177.0 -983.0 -104.0' goal '401.0 -471.0 -104.0'
ARGEVT Reap routefail
ARGLOG Zeus t 101.3 pos '154.8 -422.9 -104.0' spd 113.1 yaw 230 mode 2 st 3 gl 10 hp 132 frg 3
ARGEVT Reap goal 
ARGEVT Reap route 4 start '753.0 -567.0 -136.0' goal '305.0 -87.0 -296.0'
ARGEVT Zeus jump
ARGLOG Reap t 101.6 pos '756.4 -530.3 -120.0' spd 285.2 yaw 193.9 mode 2 st 0 gl 4 hp 100 frg 6
ARGLOG Omi t 101.6 pos '275.9 -811.9 -104.0' spd 329.9 yaw  58.6 mode 2 st 4 gl 4 hp 100 frg 5
ARGLOG Zeus t 101.9 pos '112.4 -432.0 -104.0' spd   3.1 yaw 271 mode 2 st 3 gl 10 hp 132 frg 3
ARGEVT Zeus hazard
ARGEVT Zeus stall
ARGEVT Zeus stallnode '113.0 -471.0  24.0'
ARGEVT Zeus jump
ARGLOG Reap t 102.1 pos '752.0 -667.3 -165.4' spd 322.7 yaw 262 mode 2 st 0 gl 4 hp 100 frg 6
ARGLOG Omi t 102.2 pos '343.4 -658.8 -104.0' spd 320.1 yaw 72 mode 2 st 4 gl 4 hp 100 frg 5
ARGLOG Zeus t 102.4 pos '171.4 -400.0 -92.8' spd  18.5 yaw 177.0 mode 0 st 4 gl 10 hp 131 frg 3
ARGEVT Zeus route 15 start '113.0 -407.0 -104.0' goal '-143.0 -503.0 -72.0'
ARGEVT Zeus engage Omi
ARGEVT Omi engage Zeus
ARGLOG Reap t 102.6 pos '750.5 -834.6 -232.0' spd 335.2 yaw 241 mode 2 st 0 gl 4 hp 100 frg 6
ARGLOG Omi t 102.7 pos '367.0 -504.5 -104.0' spd 151.1 yaw  86.5 mode 1 st 4 gl 4 hp 100 frg 5
ARGEVT Reap hazard
ARGEVT Reap route 2 start '721.0 -887.0 -232.0' goal '305.0 -87.0 -296.0'
ARGLOG Zeus t 102.9 pos '127.9 -404.1 -104.0' spd 255.3 yaw 284.0 mode 0 st 4 gl 10 hp 131 frg 3
ARGEVT Zeus route 15 start '113.0 -407.0 -104.0' goal '-143.0 -503.0 -72.0'
ARGEVT Zeus hazard
ARGEVT Omi pursue
ARGEVT Reap route 2 start '721.0 -887.0 -232.0' goal '305.0 -87.0 -296.0'
ARGEVT Zeus pursue
ARGLOG Reap t 103.1 pos '720.0 -860.6 -232.0' spd 328.7 yaw  92.4 mode 0 st 0 gl 4 hp 100 frg 6
ARGLOG Omi t 103.2 pos '284.0 -513.4 -104.0' spd 324.2 yaw 145 mode 1 st 4 gl 4 hp 100 frg 5
ARGEVT Reap route 2 start '721.0 -887.0 -232.0' goal '305.0 -87.0 -296.0'
ARGLOG Zeus t 103.4 pos '200.3 -432.0 -104.0' spd 332.5 yaw 337 mode 0 st 4 gl 10 hp 130 frg 3
ARGEVT Zeus route 15 start '113.0 -407.0 -104.0' goal '-143.0 -503.0 -72.0'
ARGLOG Reap t 103.7 pos '832.8 -747.7 -216.0' spd 420.7 yaw 290.8 mode 2 st 0 gl 4 hp 100 frg 6
ARGLOG Omi t 103.7 pos '342.7 -422.1 -104.0' spd 551.9 yaw 168 mode 1 st 4 gl 4 hp 10 frg 5
ARGEVT Omi goal item_health
ARGEVT Omi death Zeus pos '380.4 -439.7 -104.0'
ARGLOG Zeus t 103.9 pos '122.1 -414.0 -104.0' spd 161.8 yaw  26.3 mode 0 st 4 gl 10 hp 106 frg 4
ARGEVT Zeus route 15 start '113.0 -407.0 -104.0' goal '-143.0 -503.0 -72.0'
ARGEVT Zeus hazard
ARGLOG Reap t 104.2 pos '786.2 -892.1 -232.0' spd 359.2 yaw 175 mode 2 st 0 gl 4 hp 100 frg 6
ARGEVT Reap hazard
ARGLOG Zeus t 104.4 pos '209.9 -400.9 -104.0' spd 236.9 yaw 184 mode 2 st 4 gl 10 hp 105 frg 4
ARGEVT Reap route 2 start '721.0 -887.0 -232.0' goal '305.0 -87.0 -296.0'
ARGLOG Reap t 104.7 pos '723.3 -776.4 -232.0' spd 399.4 yaw 181.3 mode 2 st 0 gl 4 hp 100 frg 6
ARGLOG Zeus t 104.9 pos '112.0 -382.2 -104.0' spd 134.4 yaw 234.0 mode 0 st 4 gl 10 hp 104 frg 4
ARGEVT Zeus route 15 start '113.0 -407.0 -104.0' goal '-143.0 -503.0 -72.0'
ARGEVT Zeus hazard
ARGLOG Reap t 105.2 pos '720.3 -847.2 -232.0' spd 320.0 yaw 254.7 mode 2 st 0 gl 4 hp 100 frg 6
ARGEVT Reap route 2 start '721.0 -887.0 -232.0' goal '305.0 -87.0 -296.0'
ARGEVT Reap hazard
ARGEVT Omi respawn
ARGEVT Zeus engage Reap
ARGEVT Zeus weapon rl
ARGLOG Zeus t 105.4 pos '127.8 -432.0 -104.0' spd 320.8 yaw 186.1 mode 0 st 4 gl 10 hp 104 frg 4
ARGEVT Omi goal item_armor1
ARGLOG Omi t 105.4 pos '784.0 -176.0  24.0' spd 0 yaw 163.4 mode 0 st 4 gl 5 hp 100 frg 5
ARGEVT Reap engage Zeus
ARGEVT Zeus route 15 start '113.0 -407.0 -104.0' goal '-143.0 -503.0 -72.0'
ARGEVT Omi engage Zeus
ARGEVT Reap route 1 start '337.0   9.0 -296.0' goal '305.0 -87.0 -296.0'
ARGEVT Omi route 2 start '753.0 -151.0  24.0' goal '529.0 -55.0 -104.0'
ARGEVT Zeus weapon lg
ARGLOG Reap t 105.7 pos '343.1 -12.8 -293.0' spd 285.2 yaw 245.8 mode 1 st 0 gl 4 hp 100 frg 6
ARGEVT Zeus route 14 start '209.0 -375.0 -104.0' goal '-143.0 -503.0 -72.0'
ARGLOG Zeus t 106.0 pos '233.2 -407.6 -104.0' spd 320.1 yaw  78.1 mode 2 st 4 gl 10 hp 103 frg 4
ARGLOG Omi t 106.0 pos '630.0 -173.8  24.0' spd 347.1 yaw 212 mode 2 st 4 gl 5 hp 100 frg 5
ARGLOG Reap t 106.2 pos '358.7   7.8 -296.0' spd 323.6 yaw 263 mode 1 st 0 gl 4 hp 100 frg 6
ARGLOG Zeus t 106.5 pos '337.7 -426.1 -104.0' spd 234.2 yaw 81 mode 2 st 4 gl 10 hp 83 frg 4
ARGLOG Omi t 106.5 pos '489.7 -83.4   2.6' spd 323.7 yaw 245 mode 1 st 4 gl 5 hp 100 frg 5
ARGEVT Reap hazard
ARGEVT Zeus weapon rl
ARGEVT Omi goal 
ARGEVT Omi route 2 start '433.0 -119.0 -104.0' goal '401.0 -311.0 -440.0'
ARGLOG Reap t 106.7 pos '356.9   1.3 -296.0' spd 293.1 yaw 255 mode 1 st 0 gl 4 hp 100 frg 6
ARGLOG Zeus t 107.0 pos '164.3 -407.3 -104.0' spd 338.6 yaw 36 mode 2 st 4 gl 10 hp 47 frg 4
ARGLOG Omi t 107.0 pos '493.1 -114.8 -104.0' spd 320.4 yaw 218 mode 2 st 4 gl 5 hp 100 frg 5
ARGEVT Zeus hazard
ARGLOG Reap t 107.3 pos '349.4   2.2 -296.0' spd 703.5 yaw 247 mode 1 st 0 gl 4 hp 88 frg 6
ARGEVT Zeus route 15 start '113.0 -407.0 -104.0' goal '-143.0 -503.0 -72.0'
ARGLOG Zeus t 107.5 pos '199.3 -424.1 -104.0' spd 358.1 yaw 61 mode 2 st 4 gl 10 hp 15 frg 4
ARGLOG Omi t 107.5 pos '570.6 -261.1 -104.0' spd 320.9 yaw 206 mode 2 st 4 gl 5 hp 100 frg 5
ARGEVT Zeus death Omi pos '268.4 -412.0 -104.0'
ARGLOG Reap t 107.8 pos '360.2   2.0 -296.0' spd 326.0 yaw 278 mode 1 st 0 gl 4 hp 88 frg 6
ARGEVT Reap goal item_rockets
ARGLOG Omi t 108.0 pos '504.3 -322.8 -104.0' spd 381.2 yaw 109 mode 2 st 4 gl 5 hp 100 frg 6
ARGEVT Reap route 6 start '305.0 -87.0 -296.0' goal '401.0 -759.0 -104.0'
ARGEVT Reap engage Omi
ARGEVT Omi engage Reap
ARGLOG Reap t 108.3 pos '375.4 -145.4 -296.0' spd 187.4 yaw 321.0 mode 2 st 0 gl 5 hp 88 frg 6
ARGEVT Reap hazard
ARGEVT Reap rjump
ARGLOG Omi t 108.5 pos '493.4 -162.5 -104.0' spd 343.2 yaw 173.4 mode 2 st 4 gl 5 hp 100 frg 6
ARGEVT Reap weapon sg
ARGLOG Reap t 108.8 pos '377.2 -232.9 -157.9' spd 335.1 yaw  20.3 mode 2 st 0 gl 5 hp 74 frg 6
ARGLOG Omi t 109.1 pos '539.8 -157.1 -104.0' spd 332.3 yaw 204 mode 2 st 4 gl 5 hp 100 frg 6
ARGEVT Zeus respawn
ARGEVT Zeus goal weapon_lightning
ARGLOG Zeus t 109.3 pos '-64.0 512.0 -296.0' spd 0 yaw 286.3 mode 0 st 4 gl 10 hp 100 frg 4
ARGLOG Reap t 109.3 pos '223.0 -259.0 -97.9' spd 409.4 yaw 1 mode 2 st 0 gl 5 hp 72 frg 6
ARGEVT Zeus route 16 start '-15.0 553.0 -296.0' goal '529.0 -311.0 -104.0'
ARGEVT Zeus hazard
ARGLOG Omi t 109.6 pos '582.6 -321.0 -104.0' spd 334.5 yaw 174 mode 2 st 4 gl 5 hp 95 frg 6
ARGLOG Zeus t 109.8 pos ' 27.4 414.5 -296.0' spd 195.2 yaw 229 mode 2 st 4 gl 10 hp 100 frg 4
ARGLOG Reap t 109.8 pos '208.1 -241.3 -248.0' spd  35.6 yaw 337 mode 2 st 0 gl 5 hp 72 frg 6
ARGEVT Reap hazard
ARGLOG Omi t 110.1 pos '565.3 -391.0 -104.0' spd 320.0 yaw 160 mode 2 st 4 gl 5 hp 95 frg 6
ARGEVT Omi pursue
ARGEVT Reap pursue
ARGEVT Zeus goal weapon_nailgun
ARGLOG Zeus t 110.3 pos ' 92.1 414.1 -296.0' spd 196.7 yaw  59.8 mode 0 st 4 gl 10 hp 100 frg 4
ARGEVT Reap route 10 start '241.0 -279.0 -296.0' goal '401.0 -759.0 -104.0'
ARGLOG Reap t 110.3 pos '246.6 -283.2 -296.0' spd 327.9 yaw  22.0 mode 2 st 0 gl 5 hp 72 frg 6
ARGEVT Zeus route 10 start ' 81.0 393.0 -296.0' goal '337.0   9.0 -296.0'
ARGEVT Zeus hazard
ARGLOG Omi t 110.6 pos '470.6 -266.1 -104.0' spd 368.1 yaw 172 mode 2 st 4 gl 5 hp 95 frg 6
ARGEVT Omi hazard
ARGLOG Zeus t 110.8 pos '112.0 368.4 -296.0' spd 320.0 yaw 254.4 mode 2 st 4 gl 10 hp 100 frg 4
ARGLOG Reap t 110.9 pos '347.1 -200.8 -296.0' spd 137.4 yaw 326.4 mode 2 st 0 gl 5 hp 54 frg 6
ARGLOG Omi t 111.1 pos '348.7 -212.5 -153.1' spd  58.9 yaw 216.7 mode 2 st 4 gl 5 hp 90 frg 6
ARGEVT Reap hazard
ARGLOG Zeus t 111.3 pos '-15.3 424.0 -296.0' spd 349.9 yaw 218.3 mode 2 st 4 gl 10 hp 100 frg 4
ARGLOG Reap t 111.4 pos '446.2 -248.7 -296.0' spd 261.1 yaw 316.4 mode 2 st 0 gl 5 hp 54 frg 6
ARGLOG Omi t 111.6 pos '309.0 -211.9 -296.0' spd 219.0 yaw 340.3 mode 2 st 4 gl 5 hp 90 frg 6
ARGEVT Zeus hazard
ARGEVT Omi hazard
ARGLOG Zeus t 111.8 pos '-78.6 385.5 -296.0' spd 335.1 yaw 280 mode 2 st 4 gl 10 hp 100 frg 4
ARGLOG Reap t 111.9 pos '499.8 -259.5 -296.0' spd 124.6 yaw 208.1 mode 2 st 0 gl 5 hp 34 frg 6
ARGEVT Reap death Omi pos '533.4 -229.6 -296.0'
ARGLOG Omi t 112.1 pos '195.7 -256.4 -296.0' spd 125.2 yaw  21.3 mode 2 st 4 gl 5 hp 90 frg 7
ARGLOG Zeus t 112.4 pos '-39.5 224.2 -296.0' spd 321.7 yaw 268 mode 2 st 4 gl 10 hp 100 frg 4
ARGLOG Omi t 112.7 pos '225.1 -198.4 -296.0' spd 322.7 yaw 20 mode 2 st 4 gl 5 hp 90 frg 7
ARGLOG Zeus t 112.9 pos '-45.8  59.7 -296.0' spd 320.2 yaw 262 mode 2 st 4 gl 10 hp 100 frg 4
ARGEVT Omi hazard
ARGLOG Omi t 113.2 pos '399.9 -201.5 -296.0' spd 337.1 yaw 353.7 mode 2 st 4 gl 5 hp 90 frg 7
ARGLOG Zeus t 113.4 pos '-58.9 -106.2 -296.0' spd 340.2 yaw 299 mode 2 st 4 gl 10 hp 100 frg 4
ARGEVT Omi engage Zeus
ARGEVT Omi weapon sg
ARGEVT Reap respawn
ARGEVT Zeus engage Omi
ARGLOG Omi t 113.7 pos '503.0 -263.7 -296.0' spd 183.1 yaw 197.5 mode 2 st 4 gl 5 hp 90 frg 7
ARGEVT Reap goal 
ARGLOG Reap t 113.7 pos '-64.0 -232.0 -72.0' spd 0 yaw 343.4 mode 0 st 0 gl 5 hp 100 frg 6
ARGEVT Reap route 3 start '-47.0 -215.0 -72.0' goal '305.0 -407.0 -104.0'
ARGLOG Zeus t 113.9 pos '  4.9 -252.3 -296.0' spd 138.3 yaw 2 mode 2 st 4 gl 10 hp 100 frg 4
ARGEVT Omi weapon lg
ARGLOG Omi t 114.2 pos '493.4 -247.2 -296.0' spd  32.8 yaw 173 mode 2 st 4 gl 5 hp 76 frg 7
ARGLOG Reap t 114.2 pos ' 90.9 -214.1 -72.0' spd 323.5 yaw 29 mode 2 st 0 gl 5 hp 100 frg 6
ARGEVT Reap engage Omi
ARGLOG Zeus t 114.4 pos ' 69.0 -241.3 -296.0' spd 179.1 yaw 354 mode 2 st 4 gl 10 hp 100 frg 4
ARGEVT Zeus hazard
ARGEVT Reap hazard
ARGLOG Omi t 114.7 pos '463.6 -255.9 -296.0' spd 336.4 yaw 172 mode 2 st 4 gl 5 hp 62 frg 7
ARGLOG Reap t 114.7 pos '189.0 -279.3 -56.0' spd 212.2 yaw 3 mode 2 st 0 gl 5 hp 100 frg 6
ARGLOG Zeus t 114.9 pos ' 76.9 -251.1 -296.0' spd 321.0 yaw 2 mode 2 st 4 gl 10 hp 100 frg 4
ARGEVT Omi hazard
ARGLOG Omi t 115.2 pos '462.2 -255.6 -296.0' spd 106.4 yaw 169 mode 2 st 4 gl 5 hp 52 frg 7
ARGLOG Reap t 115.2 pos '210.7 -231.0 -152.1' spd  37.5 yaw 355 mode 2 st 0 gl 5 hp 100 frg 6
ARGLOG Zeus t 115.4 pos ' 83.9 -239.0 -296.0' spd  90.9 yaw 0 mode 2 st 4 gl 10 hp 100 frg 4
ARGEVT Zeus hazard
ARGLOG Omi t 115.7 pos '469.8 -227.3 -296.0' spd 327.0 yaw 183 mode 2 st 4 gl 5 hp 29 frg 7
ARGLOG Reap t 115.7 pos '195.1 -245.7 -296.0' spd  19.2 yaw 360 mode 2 st 0 gl 5 hp 58 frg 6
ARGLOG Zeus t 115.9 pos '161.9 -240.8 -296.0' spd 137.7 yaw 356 mode 2 st 4 gl 10 hp 100 frg 4
ARGEVT Reap death Omi pos '199.0 -239.3 -296.0'
ARGEVT Omi weapon sg
ARGLOG Omi t 116.3 pos '464.3 -226.2 -296.0' spd 124.9 yaw 183 mode 2 st 4 gl 5 hp 8 frg 8
ARGLOG Zeus t 116.5 pos '198.3 -245.5 -296.0' spd 262.4 yaw 347 mode 2 st 4 gl 10 hp 88 frg 4
ARGEVT Zeus hazard
ARGEVT Omi hazard
ARGLOG Omi t 116.8 pos '461.8 -256.8 -296.0' spd 345.4 yaw 179 mode 2 st 4 gl 5 hp 8 frg 8
ARGLOG Zeus t 117.0 pos '225.2 -260.1 -296.0' spd 367.7 yaw 6 mode 2 st 4 gl 10 hp 64 frg 4
ARGEVT Omi death Zeus pos '458.7 -235.2 -296.0'
ARGLOG Zeus t 117.5 pos '226.1 -243.2 -296.0' spd 322.1 yaw 346 mode 2 st 4 gl 10 hp 64 frg 5
ARGEVT Reap respawn
ARGEVT Reap goal weapon_rocketlauncher
ARGLOG Reap t 117.5 pos '272.0 -952.0  24.0' spd 0 yaw  16.6 mode 0 st 0 gl 5 hp 100 frg 6
ARGEVT Zeus hazard
ARGEVT Reap route 10 start '305.0 -983.0  24.0' goal ' 49.0 105.0 -296.0'
ARGLOG Zeus t 118.0 pos '379.1 -188.8 -296.0' spd 379.7 yaw 117.8 mode 2 st 4 gl 10 hp 64 frg 5
ARGLOG Reap t 118.1 pos '407.1 -868.0  24.0' spd 328.5 yaw 8 mode 2 st 0 gl 5 hp 100 frg 6
ARGEVT Zeus goal weapon_rocketlauncher
ARGLOG Zeus t 118.5 pos '338.1 -52.6 -296.0' spd 399.6 yaw 105 mode 0 st 4 gl 11 hp 64 frg 5
ARGEVT Zeus route 5 start '305.0 -87.0 -296.0' goal ' 49.0 105.0 -296.0'
ARGLOG Reap t 118.6 pos '622.8 -14.5 -296.0' spd 321.2 yaw 262 mode 2 st 0 gl 5 hp 100 frg 6
ARGEVT Omi respawn
ARGEVT Omi goal item_armor2
ARGLOG Omi t 118.8 pos '112.0 -1136.0 -104.0' spd 0 yaw  28.7 mode 0 st 4 gl 5 hp 100 frg 8
ARGEVT Zeus hazard
ARGEVT Omi route 16 start ' 81.0 -1079.0 -104.0' goal '1169.0 -599.0  24.0'
ARGLOG Zeus t 119.0 pos '390.8 101.8 -288.0' spd 207.5 yaw 300.5 mode 2 st 4 gl 11 hp 64 frg 5
ARGLOG Reap t 119.1 pos '603.4 -177.9 -296.0' spd 320.4 yaw 240.4 mode 2 st 0 gl 5 hp 100 frg 6
ARGLOG Omi t 119.3 pos '268.2 -1136.0 -104.0' spd 265.7 yaw 254.8 mode 2 st 4 gl 5 hp 100 frg 8
ARGEVT Omi hazard
ARGEVT Reap route 4 start '497.0 -247.0 -296.0' goal ' 49.0 105.0 -296.0'
ARGLOG Zeus t 119.6 pos '400.0 -45.2 -296.0' spd 320.0 yaw 271 mode 2 st 4 gl 11 hp 64 frg 5
ARGEVT Reap hazard
ARGEVT Zeus engage Reap
ARGEVT Reap engage Zeus
ARGLOG Reap t 119.6 pos '464.8 -271.1 -296.0' spd 321.0 yaw 175.1 mode 2 st 0 gl 5 hp 100 frg 6
ARGLOG Omi t 119.9 pos '138.8 -1151.0 -104.0' spd 364.8 yaw 249.6 mode 2 st 4 gl 5 hp 100 frg 8
ARGEVT Omi jump
ARGEVT Zeus hazard
ARGLOG Zeus t 120.1 pos '393.2 -103.2 -296.0' spd 100.4 yaw 306.2 mode 2 st 4 gl 11 hp 64 frg 5
ARGLOG Reap t 120.1 pos '488.8 -260.3 -296.0' spd 321.7 yaw 127 mode 2 st 0 gl 5 hp 100 frg 6
ARGLOG Omi t 120.4 pos ' 86.5 -1232.0 -81.8' spd  44.3 yaw 5 mode 2 st 4 gl 5 hp 100 frg 8
ARGLOG Zeus t 120.6 pos '370.4 -79.7 -296.0' spd 328.6 yaw 312.4 mode 2 st 4 gl 11 hp 40 frg 5
ARGLOG Reap t 120.6 pos '458.5 -231.1 -296.0' spd 320.2 yaw 118 mode 2 st 0 gl 5 hp 100 frg 6
ARGLOG Omi t 120.9 pos '200.8 -1223.3 -72.0' spd 320.0 yaw 6 mode 2 st 4 gl 5 hp 100 frg 8
ARGLOG Zeus t 121.1 pos '368.6  -9.8 -296.0' spd 171.9 yaw 279 mode 2 st 4 gl 11 hp 16 frg 5
ARGEVT Zeus hazard
ARGLOG Reap t 121.2 pos '391.7 -254.4 -296.0' spd 323.5 yaw 88 mode 2 st 0 gl 5 hp 91 frg 6
ARGEVT Reap hazard
ARGEVT Zeus death Reap pos '368.1 -13.1 -296.0'
ARGLOG Omi t 121.4 pos '359.4 -1168.7 -24.0' spd 392.1 yaw 106 mode 2 st 4 gl 5 hp 100 frg 8
ARGLOG Reap t 121.7 pos '290.1 -232.8 -296.0' spd 346.0 yaw 183 mode 2 st 0 gl 5 hp 91 frg 7
ARGLOG Omi t 121.9 pos '328.1 -1019.6  24.0' spd 321.8 yaw 97 mode 2 st 4 gl 5 hp 100 frg 8
ARGLOG Reap t 122.2 pos '139.7 -242.1 -296.0' spd 327.0 yaw 183 mode 2 st 0 gl 5 hp 91 frg 7
ARGLOG Omi t 122.4 pos '307.7 -856.1  24.0' spd 320.3 yaw 91 mode 2 st 4 gl 5 hp 100 frg 8
ARGLOG Reap t 122.7 pos '-27.2 -211.5 -296.0' spd 383.3 yaw 105 mode 2 st 0 gl 5 hp 91 frg 7
ARGEVT Zeus respawn
ARGEVT Zeus goal weapon_rocketlauncher
ARGLOG Zeus t 122.8 pos '776.0 -808.0 -232.0' spd 0 yaw 106.3 mode 1 st 4 gl 11 hp 100 frg 5
ARGLOG Omi t 122.9 pos '306.6 -691.6  24.0' spd 328.4 yaw 63 mode 2 st 4 gl 5 hp 100 frg 8
ARGEVT Zeus hazard
ARGLOG Reap t 123.2 pos '-77.6 -54.2 -296.0' spd 328.4 yaw  56.4 mode 2 st 0 gl 5 hp 91 frg 7
ARGLOG Zeus t 123.3 pos '720.0 -758.5 -216.0' spd 323.9 yaw 270.5 mode 1 st 4 gl 11 hp 100 frg 5
ARGLOG Omi t 123.5 pos '368.0 -538.7  24.0' spd 265.5 yaw 45 mode 2 st 4 gl 5 hp 100 frg 8
ARGEVT Zeus goal item_rockets
ARGEVT Zeus route 7 start '721.0 -887.0 -232.0' goal '401.0 -759.0 -104.0'
ARGEVT Reap goal weapon_supernailgun
ARGLOG Reap t 123.7 pos ' 34.1  71.7 -296.0' spd 343.4 yaw 342.7 mode 0 st 0 gl 6 hp 91 frg 7
ARGEVT Reap route 7 start ' 49.0 105.0 -296.0' goal '177.0 -55.0 -104.0'
ARGEVT Zeus engage Omi
ARGLOG Zeus t 123.8 pos '368.0  40.7 -263.1' spd 300 yaw 280.9 mode 0 st 4 gl 12 hp 100 frg 5
ARGEVT Omi engage Zeus
ARGEVT Zeus route 6 start '337.0   9.0 -296.0' goal '401.0 -759.0 -104.0'
ARGEVT Reap hazard
ARGLOG Omi t 124.0 pos '465.7 -389.6  17.7' spd 385.5 yaw  84.4 mode 2 st 4 gl 5 hp 100 frg 8
ARGEVT Zeus hazard
ARGLOG Reap t 124.2 pos ' 69.6  50.8 -296.0' spd 335.4 yaw 178.8 mode 2 st 0 gl 6 hp 91 frg 7
ARGLOG Zeus t 124.3 pos '341.3 -95.3 -296.0' spd 146.6 yaw 352 mode 2 st 4 gl 12 hp 100 frg 5
ARGLOG Omi t 124.5 pos '566.7 -226.9 -104.0' spd 321.3 yaw 162 mode 2 st 4 gl 5 hp 100 frg 8
ARGEVT Omi jump
ARGEVT Zeus pursue
ARGEVT Omi pursue
ARGLOG Reap t 124.7 pos '-80.0  22.4 -296.0' spd 315.4 yaw 271 mode 2 st 0 gl 6 hp 91 frg 7
ARGLOG Zeus t 124.8 pos '408.5 -96.6 -296.0' spd 214.1 yaw 285.4 mode 2 st 4 gl 12 hp 94 frg 5
ARGLOG Omi t 125.0 pos '594.6 -62.4 -69.0' spd 335.2 yaw 186 mode 2 st 4 gl 5 hp 100 frg 8
ARGEVT Zeus hazard
ARGLOG Reap t 125.3 pos '-79.7 -142.2 -296.0' spd 324.6 yaw 254 mode 2 st 0 gl 6 hp 91 frg 7
ARGLOG Zeus t 125.4 pos '432.0 -213.1 -296.0' spd 288.2 yaw 314 mode 2 st 4 gl 12 hp 94 frg 5
ARGEVT Reap engage Zeus
ARGLOG Omi t 125.5 pos '501.1 -29.5 -104.0' spd 320.9 yaw 201 mode 2 st 4 gl 5 hp 100 frg 8
ARGEVT Omi hazard
ARGEVT Reap hazard
ARGLOG Reap t 125.8 pos '-22.1 -139.2 -296.0' spd 280.3 yaw 333.1 mode 2 st 0 gl 6 hp 91 frg 7
ARGLOG Zeus t 125.9 pos '524.2 -272.0 -296.0' spd  91.1 yaw 190.8 mode 2 st 4 gl 12 hp 94 frg 5
ARGLOG Omi t 126.0 pos '463.8 -156.2 -104.0' spd 333.9 yaw 239.6 mode 2 st 4 gl 5 hp 100 frg 8
ARGEVT Zeus rjump
ARGLOG Reap t 126.3 pos '-20.0 -177.4 -296.0' spd 342.1 yaw 222.2 mode 2 st 0 gl 6 hp 91 frg 7
ARGLOG Zeus t 126.4 pos '332.2 -224.3 -241.0' spd 588.0 yaw 341.9 mode 2 st 4 gl 12 hp 84 frg 5
ARGLOG Omi t 126.5 pos '472.8 -229.8 -104.0' spd 321.6 yaw 202.0 mode 2 st 4 gl 5 hp 100 frg 8
ARGEVT Zeus routefail
ARGLOG Reap t 126.8 pos '-26.7 -180.3 -296.0' spd 320.0 yaw 290.9 mode 2 st 0 gl 6 hp 66 frg 7
ARGEVT Reap pursue
ARGEVT Zeus goal item_rockets
ARGLOG Zeus t 126.9 pos '112.0 -268.9 -183.2' spd 262.2 yaw 35 mode 0 st 4 gl 12 hp 80 frg 5
ARGEVT Zeus route 3 start '209.0 -375.0 -104.0' goal ' 81.0 -823.0 -104.0'
ARGEVT Reap weapon sg
ARGLOG Omi t 127.1 pos '472.7 -157.2 -104.0' spd 320.0 yaw 201 mode 2 st 4 gl 5 hp 100 frg 8
ARGEVT Zeus hazard
ARGLOG Reap t 127.3 pos '-25.2 -233.0 -296.0' spd 301.0 yaw 347 mode 2 st 0 gl 6 hp 66 frg 7
ARGLOG Zeus t 127.4 pos '103.4 -263.4 -296.0' spd 183.8 yaw 342 mode 2 st 4 gl 12 hp 72 frg 5
ARGLOG Omi t 127.6 pos '487.2 -288.9 -104.0' spd  89.3 yaw 170 mode 2 st 4 gl 5 hp 100 frg 8
ARGEVT Omi hazard
ARGLOG Reap t 127.8 pos '-31.3 -72.8 -296.0' spd 161.9 yaw 298 mode 2 st 0 gl 6 hp 66 frg 7
ARGEVT Reap pursue
ARGLOG Zeus t 127.9 pos ' 50.5 -235.5 -296.0' spd  58.5 yaw 360 mode 2 st 4 gl 12 hp 72 frg 5
ARGEVT Zeus weapon ng
ARGLOG Omi t 128.1 pos '342.7 -248.1 -135.7' spd 328.7 yaw 177 mode 2 st 4 gl 5 hp 58 frg 8
ARGEVT Reap hazard
ARGLOG Reap t 128.3 pos '-16.0 -196.4 -296.0' spd 319.1 yaw 330.7 mode 2 st 0 gl 6 hp 66 frg 7
ARGEVT Zeus hazard
ARGEVT Omi route 17 start '241.0 -279.0 -296.0' goal '1169.0 -599.0  24.0'
ARGLOG Zeus t 128.4 pos ' 81.7 -254.3 -296.0' spd 186.2 yaw 350.9 mode 2 st 4 gl 12 hp 64 frg 5
ARGLOG Omi t 128.6 pos '197.3 -242.7 -296.0' spd 189.8 yaw 185 mode 2 st 4 gl 5 hp 58 frg 8
ARGLOG Reap t 128.9 pos '-111.5 -261.1 -296.0' spd  31.2 yaw 11 mode 2 st 0 gl 6 hp 66 frg 7
ARGLOG Zeus t 129.0 pos '  0.5 -242.3 -296.0' spd  55.3 yaw 4 mode 2 st 4 gl 12 hp 43 frg 5
ARGEVT Omi hazard
ARGLOG Omi t 129.1 pos '144.8 -242.4 -296.0' spd 162.2 yaw 184 mode 2 st 4 gl 5 hp 46 frg 8
ARGEVT Reap hazard
ARGLOG Reap t 129.4 pos '-93.7 -259.6 -296.0' spd 107.5 yaw 13 mode 2 st 0 gl 6 hp 66 frg 7
ARGLOG Zeus t 129.5 pos ' 10.3 -244.7 -296.0' spd 250.8 yaw 8 mode 2 st 4 gl 12 hp 15 frg 5
ARGLOG Omi t 129.6 pos '178.1 -232.1 -296.0' spd 286.1 yaw 179 mode 2 st 4 gl 5 hp 34 frg 8
ARGEVT Zeus death Omi pos ' 54.9 -231.1 -296.0'
ARGEVT Reap engage Omi
ARGEVT Reap weapon rl
ARGEVT Omi engage Reap
ARGLOG Reap t 129.9 pos '-98.4 -234.2 -296.0' spd 256.1 yaw 356 mode 2 st 0 gl 6 hp 66 frg 7
ARGLOG Omi t 130.1 pos '183.9 -240.1 -296.0' spd 189.4 yaw 174 mode 2 st 4 gl 5 hp 34 frg 9
ARGLOG Reap t 130.4 pos '-51.9 -99.0 -296.0' spd 400.0 yaw 348 mode 2 st 0 gl 6 hp 20 frg 7
ARGEVT Reap pursue
ARGLOG Omi t 130.7 pos '143.1 -237.2 -296.0' spd 136.3 yaw 102.0 mode 2 st 4 gl 5 hp 34 frg 9
ARGEVT Omi hazard
ARGEVT Omi pursue
ARGEVT Reap hazard
ARGLOG Reap t 130.9 pos '-16.0 -114.9 -296.0' spd 364.1 yaw 338 mode 2 st 0 gl 6 hp 20 frg 7
ARGEVT Reap weapon sg
ARGLOG Omi t 131.2 pos ' 22.3 -213.5 -296.0' spd 163.2 yaw 156 mode 0 st 4 gl 5 hp 34 frg 9
ARGEVT Zeus respawn
ARGEVT Omi route 17 start ' 17.0 -247.0 -296.0' goal '1169.0 -599.0  24.0'
ARGEVT Zeus goal weapon_grenadelauncher
ARGLOG Zeus t 131.3 pos '784.0 -176.0  24.0' spd 0 yaw 196.6 mode 0 st 4 gl 12 hp 100 frg 5
ARGEVT Zeus route 4 start '753.0 -151.0  24.0' goal '113.0 -407.0 -104.0'
ARGLOG Reap t 131.4 pos '-80.3 -214.8 -296.0' spd 320.2 yaw 348 mode 2 st 0 gl 6 hp 2 frg 7
ARGEVT Reap weapon rl
ARGEVT Reap death Omi pos '-76.5 -247.7 -296.0'
ARGLOG Omi t 131.7 pos '121.7 -247.2 -296.0' spd 114.7 yaw 157.2 mode 2 st 4 gl 5 hp 34 frg 10
ARGEVT Omi engage Zeus
ARGEVT Zeus engage Omi
ARGLOG Zeus t 131.8 pos '629.6 -198.2  24.0' spd 321.2 yaw 176 mode 2 st 4 gl 12 hp 100 frg 5
ARGEVT Omi hazard
ARGLOG Omi t 132.2 pos '211.1 -231.3 -296.0' spd 266.0 yaw  33.9 mode 2 st 4 gl 5 hp 34 frg 10
ARGLOG Zeus t 132.4 pos '527.1 -316.4  24.0' spd 320.0 yaw 164 mode 2 st 4 gl 12 hp 100 frg 5
ARGLOG Omi t 132.7 pos '182.9 -231.7 -296.0' spd 146.1 yaw 308 mode 2 st 4 gl 5 hp 34 frg 10
ARGLOG Zeus t 132.9 pos '446.6 -460.0  24.0' spd 322.9 yaw 137 mode 2 st 4 gl 12 hp 100 frg 5
ARGEVT Reap respawn
ARGEVT Reap goal item_health
ARGLOG Reap t 133.2 pos '-64.0 512.0 -296.0' spd 0 yaw 286.6 mode 1 st 0 gl 6 hp 100 frg 7
ARGEVT Zeus route 2 start '401.0 -503.0  24.0' goal '113.0 -407.0 -104.0'
ARGLOG Omi t 133.2 pos '223.4 -220.8 -296.0' spd 262.1 yaw 269 mode 2 st 4 gl 5 hp 29 frg 10
ARGEVT Zeus pursue
ARGLOG Zeus t 133.4 pos '319.4 -546.4  24.0' spd 102.3 yaw 109 mode 2 st 4 gl 12 hp 100 frg 5
ARGEVT Omi pursue
ARGEVT Omi hazard
ARGEVT Reap hazard
ARGLOG Reap t 133.7 pos ' 13.7 475.2 -296.0' spd 315.8 yaw  91.4 mode 1 st 0 gl 6 hp 100 frg 7
ARGLOG Omi t 133.7 pos '178.2 -247.5 -296.0' spd 335.5 yaw 334 mode 2 st 4 gl 5 hp 15 frg 10
ARGLOG Zeus t 133.9 pos '314.6 -407.2  17.7' spd 178.8 yaw 133 mode 2 st 4 gl 12 hp 100 frg 5
ARGEVT Reap goal weapon_supernailgun
ARGEVT Reap routefail
ARGEVT Reap goal weapon_grenadelauncher
ARGLOG Reap t 134.2 pos '-92.4 597.0 -296.0' spd 417.6 yaw 240.8 mode 0 st 0 gl 7 hp 200 frg 7
ARGLOG Omi t 134.3 pos '178.5 -217.4 -296.0' spd 250.0 yaw 298 mode 2 st 4 gl 5 hp 1 frg 10
ARGEVT Reap route 15 start '-111.0 585.0 -296.0' goal '113.0 -407.0 -104.0'
ARGLOG Zeus t 134.4 pos '259.8 -378.7 -104.0' spd 232.4 yaw 146.8 mode 1 st 4 gl 12 hp 91 frg 5
ARGLOG Reap t 134.7 pos '-136.1 444.0 -296.0' spd 329.5 yaw 282.3 mode 2 st 0 gl 7 hp 200 frg 7
ARGLOG Omi t 134.8 pos '189.6 -241.0 -296.0' spd  94.2 yaw 236 mode 2 st 4 gl 5 hp 1 frg 10
ARGEVT Reap hazard
ARGEVT Zeus goal item_rockets
ARGEVT Reap goal weapon_supershotgun
ARGEVT Zeus route 4 start '113.0 -407.0 -104.0' goal ' 81.0 -823.0 -104.0'
ARGLOG Zeus t 134.9 pos '128.7 -411.9 -104.0' spd  79.6 yaw 117.3 mode 2 st 4 gl 13 hp 91 frg 5
ARGEVT Omi hazard
ARGEVT Reap route 14 start '-15.0 425.0 -296.0' goal '273.0 -1015.0 -104.0'
ARGLOG Reap t 135.2 pos ' 23.5 417.8 -296.0' spd 319.9 yaw 252.4 mode 2 st 0 gl 7 hp 200 frg 7
ARGLOG Omi t 135.3 pos ' 31.2 -224.3 -296.0' spd 334.5 yaw 274 mode 0 st 4 gl 5 hp 1 frg 10
ARGEVT Omi route 17 start ' 17.0 -247.0 -296.0' goal '1169.0 -599.0  24.0'
ARGLOG Zeus t 135.4 pos '127.9 -417.6 -104.0' spd 131.2 yaw 165 mode 2 st 4 gl 13 hp 91 frg 5
ARGEVT Zeus pursue
ARGEVT Reap engage Omi
ARGEVT Zeus hazard
ARGLOG Reap t 135.8 pos ' 12.4 431.7 -296.0' spd 158.5 yaw 268.5 mode 2 st 0 gl 7 hp 200 frg 7
ARGLOG Omi t 135.8 pos ' 34.6 -267.0 -296.0' spd 324.2 yaw 19 mode 2 st 4 gl 5 hp 1 frg 10
ARGLOG Zeus t 136.0 pos '118.8 -369.4 -104.0' spd  99.0 yaw  20.1 mode 2 st 4 gl 13 hp 91 frg 5
ARGEVT Omi pursue
ARGEVT Omi hazard
ARGEVT Reap hazard
ARGLOG Reap t 136.3 pos ' 47.2 400.2 -296.0' spd 181.9 yaw 218 mode 2 st 0 gl 7 hp 200 frg 7
ARGLOG Omi t 136.3 pos '178.8 -209.3 -296.0' spd 326.1 yaw 298.6 mode 2 st 4 gl 5 hp 1 frg 10
ARGLOG Zeus t 136.5 pos '172.1 -423.7 -104.0' spd 320.9 yaw  75.3 mode 2 st 4 gl 13 hp 91 frg 5
ARGEVT Reap pursue
ARGLOG Reap t 136.8 pos '-59.0 413.2 -296.0' spd 277.2 yaw 273 mode 2 st 0 gl 7 hp 200 frg 7
ARGLOG Omi t 136.8 pos '166.0 -252.5 -296.0' spd 320.6 yaw 297 mode 2 st 4 gl 5 hp 1 frg 10
ARGLOG Zeus t 137.0 pos '247.2 -425.4 -104.0' spd 320.3 yaw 120.1 mode 2 st 4 gl 13 hp 91 frg 5
ARGEVT Reap hazard
ARGEVT Omi hazard
ARGLOG Reap t 137.3 pos '-42.6 266.2 -296.0' spd 378.2 yaw 272 mode 2 st 0 gl 7 hp 200 frg 7
ARGEVT Zeus pursue
ARGLOG Omi t 137.3 pos '155.2 -265.6 -296.0' spd 217.3 yaw 273.0 mode 2 st 4 gl 5 hp 1 frg 10
ARGLOG Zeus t 137.5 pos '112.0 -382.1 -104.0' spd 360.0 yaw  57.7 mode 2 st 4 gl 13 hp 91 frg 5
ARGEVT Zeus hazard
ARGLOG Reap t 137.8 pos '-76.7  99.3 -296.0' spd 326.5 yaw 278 mode 2 st 0 gl 7 hp 200 frg 7
ARGLOG Omi t 137.9 pos '196.2 -267.8 -296.0' spd 326.9 yaw 297 mode 2 st 4 gl 5 hp 1 frg 10
ARGEVT Zeus weapon sg
ARGLOG Zeus t 138.0 pos '244.8 -432.2 -104.0' spd 341.1 yaw  81.5 mode 2 st 4 gl 13 hp 91 frg 5
ARGLOG Reap t 138.3 pos '-67.2 -66.5 -296.0' spd 323.5 yaw 296 mode 2 st 0 gl 7 hp 200 frg 7
ARGLOG Omi t 138.4 pos '176.3 -247.5 -296.0' spd 320.0 yaw 289.8 mode 2 st 4 gl 5 hp 1 frg 10
ARGLOG Zeus t 138.5 pos '268.0 -455.3 -104.0' spd 331.7 yaw 114.7 mode 2 st 4 gl 13 hp 91 frg 5
ARGEVT Omi hazard
ARGEVT Reap engage Omi
ARGEVT Zeus pursue
ARGLOG Reap t 138.8 pos '-22.2 -230.2 -296.0' spd 330.9 yaw 345 mode 2 st 0 gl 7 hp 200 frg 7
ARGLOG Omi t 138.9 pos '133.7 -273.0 -296.0' spd 108.9 yaw 18 mode 2 st 4 gl 5 hp 1 frg 10
ARGEVT Omi abandon
ARGEVT Omi goal item_health
ARGEVT Omi route 5 start '113.0 -279.0 -296.0' goal '529.0  73.0 -296.0'
ARGLOG Zeus t 139.0 pos '305.1 -498.6 -104.0' spd 189.7 yaw 120 mode 2 st 4 gl 13 hp 43 frg 5
ARGEVT Omi pursue
ARGEVT Omi death Reap pos '245.9 -235.5 -296.0'
ARGLOG Reap t 139.4 pos ' 25.8 -242.5 -296.0' spd 209.3 yaw 13 mode 2 st 0 gl 7 hp 199 frg 8
ARGEVT Zeus route 3 start '305.0 -407.0 -104.0' goal ' 81.0 -823.0 -104.0'
ARGEVT Zeus hazard
ARGEVT Zeus engage Reap
ARGEVT Reap engage Zeus
ARGEVT Reap hazard
ARGLOG Zeus t 139.6 pos '193.8 -414.9 -104.0' spd 325.6 yaw 117 mode 2 st 4 gl 13 hp 43 frg 5
ARGEVT Zeus death Zeus pos '126.6 -426.9 -104.0'
ARGLOG Reap t 139.9 pos ' 37.7 -262.0 -296.0' spd  75.4 yaw 345.3 mode 2 st 0 gl 7 hp 199 frg 8
ARGLOG Reap t 140.4 pos '156.3 -206.4 -296.0' spd 322.0 yaw 11 mode 2 st 0 gl 7 hp 198 frg 8
ARGEVT Omi respawn
ARGEVT Omi goal weapon_lightning
ARGLOG Omi t 140.9 pos '-64.0 -232.0 -72.0' spd 0 yaw 354 mode 0 st 4 gl 5 hp 100 frg 10
ARGLOG Reap t 140.9 pos '320.1 -192.5 -296.0' spd 322.5 yaw 356 mode 2 st 0 gl 7 hp 198 frg 8
ARGEVT Reap hazard
ARGEVT Omi route 5 start '-47.0 -215.0 -72.0' goal '529.0 -311.0 -104.0'
ARGEVT Zeus respawn
ARGEVT Reap engage Omi
ARGEVT Zeus goal weapon_lightning
ARGLOG Zeus t 141.4 pos '272.0 -952.0  24.0' spd 0 yaw  16.6 mode 0 st 4 gl 13 hp 100 frg 4
ARGEVT Omi engage Reap
ARGLOG Omi t 141.4 pos ' 90.8 -214.8 -72.0' spd 337.7 yaw 11 mode 2 st 4 gl 5 hp 100 frg 10
ARGLOG Reap t 141.4 pos '401.4 -87.0 -296.0' spd  89.5 yaw 300.4 mode 2 st 0 gl 7 hp 197 frg 8
ARGEVT Zeus route 6 start '305.0 -983.0  24.0' goal '529.0 -311.0 -104.0'
ARGLOG Zeus t 141.9 pos '353.1 -817.9  24.0' spd 345.2 yaw 102 mode 2 st 4 gl 13 hp 100 frg 4
ARGLOG Omi t 141.9 pos '158.4 -226.4 -72.0' spd 116.8 yaw 31 mode 2 st 4 gl 5 hp 100 frg 10
ARGLOG Reap t 141.9 pos '350.9 -111.0 -296.0' spd 324.2 yaw 211 mode 2 st 0 gl 7 hp 196 frg 8
ARGEVT Omi hazard
ARGLOG Zeus t 142.4 pos '329.9 -654.4  24.0' spd 320.4 yaw 97 mode 2 st 4 gl 13 hp 100 frg 4
ARGLOG Omi t 142.4 pos '218.0 -231.7 -78.2' spd 109.9 yaw 349 mode 2 st 4 gl 5 hp 100 frg 10
ARGLOG Reap t 142.4 pos '405.6 -259.8 -296.0' spd 119.6 yaw 188.7 mode 2 st 0 gl 7 hp 172 frg 8
ARGEVT Reap hazard
ARGEVT Zeus engage Omi
ARGLOG Zeus t 142.9 pos '309.5 -490.5  24.0' spd 328.2 yaw  91.4 mode 2 st 4 gl 13 hp 100 frg 4
ARGLOG Omi t 143.0 pos '253.7 -240.7 -231.3' spd  51.3 yaw 6 mode 2 st 4 gl 5 hp 91 frg 10
ARGLOG Reap t 143.0 pos '394.6 -245.5 -296.0' spd 192.5 yaw 173.6 mode 2 st 0 gl 7 hp 147 frg 8
ARGEVT Omi hazard
ARGLOG Zeus t 143.4 pos '160.7 -414.4  17.7' spd 322.5 yaw  59.3 mode 2 st 4 gl 13 hp 100 frg 4
ARGLOG Omi t 143.5 pos '262.9 -247.4 -296.0' spd  45.0 yaw 0 mode 2 st 4 gl 5 hp 64 frg 10
ARGLOG Reap t 143.5 pos '392.7 -244.4 -296.0' spd 180.3 yaw 182 mode 2 st 0 gl 7 hp 123 frg 8
ARGEVT Reap hazard
ARGEVT Zeus hazard
ARGEVT Zeus pursue
ARGLOG Zeus t 143.9 pos '175.6 -371.2  -8.0' spd 381.4 yaw 53 mode 2 st 4 gl 13 hp 100 frg 4
ARGEVT Reap weapon sg
ARGLOG Omi t 144.0 pos '276.6 -240.3 -296.0' spd 211.6 yaw 1 mode 2 st 4 gl 5 hp 22 frg 10
ARGLOG Reap t 144.0 pos '477.6 -256.0 -296.0' spd 286.5 yaw 176 mode 2 st 0 gl 7 hp 99 frg 8
ARGEVT Omi death Reap pos '279.0 -235.2 -296.0'
ARGEVT Zeus engage Reap
ARGEVT Reap engage Zeus
ARGLOG Zeus t 144.4 pos '173.5 -244.1 -72.0' spd 320.7 yaw 359 mode 2 st 4 gl 13 hp 100 frg 4
ARGLOG Reap t 144.5 pos '465.6 -253.2 -296.0' spd  96.2 yaw 183 mode 2 st 0 gl 7 hp 99 frg 9
ARGEVT Reap hazard
ARGLOG Zeus t 145.0 pos '205.6 -221.3 -72.0' spd 103.6 yaw   2.9 mode 2 st 4 gl 13 hp 92 frg 4
ARGLOG Reap t 145.0 pos '468.2 -239.2 -296.0' spd  47.4 yaw 175 mode 2 st 0 gl 7 hp 99 frg 9
ARGLOG Zeus t 145.5 pos '208.0 -265.5 -148.0' spd  30.0 yaw 2 mode 2 st 4 gl 13 hp 68 frg 4
ARGLOG Reap t 145.5 pos '404.1 -250.5 -296.0' spd  67.6 yaw 186.1 mode 2 st 0 gl 7 hp 75 frg 9
ARGEVT Omi respawn
ARGEVT Omi goal item_armorInv
ARGLOG Omi t 145.7 pos '112.0 -1136.0 -104.0' spd 0 yaw  28.7 mode 0 st 4 gl 5 hp 100 frg 10
ARGEVT Omi route 16 start ' 81.0 -1079.0 -104.0' goal '817.0 -855.0 -232.0'
ARGLOG Zeus t 146.0 pos '211.1 -228.6 -296.0' spd 303.2 yaw 8 mode 2 st 4 gl 13 hp 68 frg 4
ARGLOG Reap t 146.0 pos '375.5 -198.2 -296.0' spd 326.3 yaw 187 mode 2 st 0 gl 7 hp 51 frg 9
ARGEVT Omi hazard
ARGLOG Omi t 146.2 pos '268.0 -1132.1 -104.0' spd 285.8 yaw 249.2 mode 2 st 4 gl 5 hp 100 frg 10
ARGEVT Zeus hazard
ARGLOG Zeus t 146.5 pos '177.5 -247.0 -296.0' spd 327.8 yaw 25 mode 2 st 4 gl 13 hp 44 frg 4
ARGLOG Reap t 146.6 pos '365.6 -109.5 -296.0' spd 158.6 yaw 209 mode 2 st 0 gl 7 hp 35 frg 9
ARGLOG Omi t 146.8 pos '143.0 -1146.5 -104.0' spd 374.9 yaw 249.3 mode 2 st 4 gl 5 hp 100 frg 10
ARGEVT Omi jump
ARGLOG Zeus t 147.0 pos '182.9 -226.4 -296.0' spd 329.1 yaw 25 mode 2 st 4 gl 13 hp 24 frg 4
ARGLOG Reap t 147.1 pos '378.5 -103.2 -296.0' spd 242.0 yaw 209 mode 2 st 0 gl 7 hp 15 frg 9
ARGEVT Reap hazard
ARGLOG Omi t 147.3 pos ' 86.0 -1232.0 -81.4' spd  47.9 yaw 5 mode 2 st 4 gl 5 hp 100 frg 10
ARGEVT Reap death Zeus pos '375.2 -154.0 -296.0'
ARGLOG Zeus t 147.5 pos '177.5 -236.7 -296.0' spd 173.6 yaw 351.4 mode 2 st 4 gl 13 hp 16 frg 5
ARGEVT Zeus stall
ARGEVT Zeus stallnode '401.0 -343.0 -104.0'
ARGEVT Zeus jump
ARGLOG Omi t 147.8 pos '201.2 -1223.3 -72.0' spd 320.0 yaw 6 mode 2 st 4 gl 5 hp 100 frg 10
ARGEVT Zeus route 11 start '241.0 -279.0 -296.0' goal '529.0 -311.0 -104.0'
ARGLOG Zeus t 148.0 pos '291.5 -329.9 -261.1' spd 288.4 yaw 340.1 mode 2 st 5 gl 13 hp 16 frg 5
ARGLOG Omi t 148.3 pos '360.1 -1167.9  -8.0' spd 392.4 yaw 106 mode 2 st 4 gl 5 hp 100 frg 10
ARGEVT Zeus death world pos '377.5 -360.5 -384.5'
ARGLOG Omi t 148.8 pos '328.7 -1020.6  24.0' spd 321.8 yaw 98 mode 2 st 4 gl 5 hp 100 frg 10
ARGEVT Reap respawn
ARGEVT Omi goal weapon_lightning
ARGEVT Reap goal weapon_lightning
ARGLOG Reap t 149.0 pos '776.0 -808.0 -232.0' spd 0 yaw 106.3 mode 0 st 0 gl 7 hp 100 frg 9
ARGEVT Omi route 6 start '305.0 -983.0  24.0' goal '529.0 -311.0 -104.0'
ARGLOG Omi t 149.3 pos '316.1 -855.9  24.0' spd 320.3 yaw 94 mode 2 st 4 gl 5 hp 100 frg 10
ARGEVT Reap route 12 start '721.0 -759.0 -232.0' goal '529.0 -311.0 -104.0'
ARGLOG Reap t 149.5 pos '756.1 -715.5 -200.0' spd 237.1 yaw  17.1 mode 2 st 0 gl 7 hp 100 frg 9
ARGLOG Omi t 149.8 pos '310.6 -691.4  24.0' spd 320.1 yaw 91 mode 2 st 4 gl 5 hp 100 frg 10
ARGEVT Zeus respawn
ARGLOG Reap t 150.0 pos '822.4 -792.7 -232.0' spd 367.1 yaw 223 mode 2 st 0 gl 7 hp 100 frg 9
ARGEVT Zeus plan powerup via weapon
ARGEVT Zeus goal weapon_lightning
ARGLOG Zeus t 150.1 pos '784.0 -176.0  24.0' spd 0 yaw 196.3 mode 0 st 5 gl 13 hp 100 frg 4
ARGEVT Zeus route 2 start '753.0 -151.0  24.0' goal '529.0 -311.0 -104.0'
ARGLOG Omi t 150.4 pos '307.8 -526.3  24.0' spd 320.0 yaw 92 mode 2 st 4 gl 5 hp 100 frg 10
ARGEVT Omi engage Zeus
ARGEVT Zeus engage Omi
ARGEVT Reap hazard
ARGLOG Reap t 150.6 pos '721.4 -903.4 -232.0' spd 166.4 yaw 115.4 mode 0 st 0 gl 7 hp 100 frg 9
ARGEVT Reap route 11 start '721.0 -887.0 -232.0' goal '529.0 -311.0 -104.0'
ARGLOG Zeus t 150.6 pos '649.5 -184.9  24.0' spd 186.3 yaw 211.3 mode 2 st 5 gl 13 hp 100 frg 4
ARGLOG Omi t 150.9 pos '388.5 -503.5  24.0' spd 257.8 yaw 56 mode 2 st 4 gl 5 hp 100 frg 10
ARGEVT Reap route 12 start '721.0 -759.0 -232.0' goal '529.0 -311.0 -104.0'
ARGLOG Reap t 151.1 pos '726.2 -737.7 -216.0' spd 332.8 yaw  48.4 mode 2 st 0 gl 7 hp 100 frg 9
ARGLOG Zeus t 151.1 pos '527.2 -173.2  17.8' spd 321.0 yaw 229 mode 1 st 5 gl 13 hp 100 frg 4
ARGLOG Omi t 151.4 pos '320.3 -395.1   2.8' spd 126.6 yaw 54 mode 2 st 4 gl 5 hp 100 frg 10
ARGEVT Reap hazard
ARGLOG Reap t 151.6 pos '838.5 -773.0 -232.0' spd 320.7 yaw 243.9 mode 2 st 0 gl 7 hp 100 frg 9
ARGLOG Zeus t 151.6 pos '460.6 -193.5 -104.0' spd 192.8 yaw 247 mode 1 st 5 gl 13 hp 96 frg 4
ARGEVT Omi plan powerup via weapon
ARGEVT Omi goal weapon_supershotgun
ARGLOG Omi t 151.9 pos '365.4 -423.1 -104.0' spd 320.8 yaw 44 mode 0 st 4 gl 5 hp 76 frg 10
ARGEVT Reap plan powerup via weapon
ARGEVT Reap goal weapon_supershotgun
ARGEVT Omi route 3 start '401.0 -471.0 -104.0' goal '273.0 -1015.0 -104.0'
ARGEVT Zeus goal item_artifact_super_damage
ARGEVT Zeus routefail
ARGLOG Reap t 152.1 pos '722.7 -890.2 -232.0' spd 325.4 yaw 234.0 mode 0 st 0 gl 7 hp 100 frg 9
ARGEVT Zeus goal item_armor2
ARGLOG Zeus t 152.2 pos '565.9 -319.8 -104.0' spd 320.0 yaw 230 mode 0 st 5 gl 14 hp 96 frg 4
ARGEVT Reap route 9 start '721.0 -887.0 -232.0' goal '273.0 -1015.0 -104.0'
ARGEVT Reap route 9 start '721.0 -887.0 -232.0' goal '273.0 -1015.0 -104.0'
ARGLOG Omi t 152.4 pos '383.6 -421.3 -104.0' spd 334.0 yaw   2.5 mode 2 st 4 gl 5 hp 46 frg 10
ARGEVT Reap route 9 start '721.0 -887.0 -232.0' goal '273.0 -1015.0 -104.0'
ARGLOG Reap t 152.6 pos '720.0 -796.8 -232.0' spd 340.1 yaw 135.4 mode 2 st 0 gl 7 hp 100 frg 9
ARGLOG Zeus t 152.7 pos '391.6 -240.0 -271.2' spd 300 yaw 349.3 mode 0 st 5 gl 14 hp 92 frg 4
ARGEVT Reap hazard
ARGEVT Zeus route 17 start '401.0 -247.0 -296.0' goal '1169.0 -599.0  24.0'
ARGLOG Omi t 152.9 pos '419.0 -486.8 -104.0' spd  84.9 yaw  91.6 mode 2 st 4 gl 5 hp 16 frg 10
ARGEVT Zeus hazard
ARGEVT Omi pursue
ARGEVT Reap stall
ARGEVT Reap stallnode '369.0 105.0 -288.0'
ARGLOG Reap t 153.1 pos '720.0 -854.1 -232.0' spd 320.2 yaw 427.5 mode 0 st 1 gl 7 hp 100 frg 9
ARGEVT Reap jump
ARGEVT Omi route 3 start '401.0 -471.0 -104.0' goal '273.0 -1015.0 -104.0'
ARGLOG Zeus t 153.2 pos '392.9 -262.7 -296.0' spd 339.1 yaw 13 mode 2 st 5 gl 14 hp 92 frg 4
ARGEVT Omi hazard
ARGEVT Reap route 9 start '721.0 -887.0 -232.0' goal '273.0 -1015.0 -104.0'
ARGLOG Omi t 153.4 pos '308.6 -402.2 -104.0' spd 333.2 yaw 82 mode 2 st 4 gl 5 hp 16 frg 10
ARGEVT Reap engage Zeus
ARGEVT Reap route 8 start '721.0 -887.0 -232.0' goal '273.0 -1015.0 -104.0'
ARGLOG Reap t 153.7 pos '368.0  40.7 -263.1' spd 300 yaw 279 mode 0 st 1 gl 7 hp 100 frg 9
ARGLOG Zeus t 153.7 pos '379.8 -156.2 -296.0' spd 122.4 yaw 265.1 mode 2 st 5 gl 14 hp 76 frg 4
ARGEVT Reap weapon ng
ARGEVT Reap route 7 start '337.0   9.0 -296.0' goal '273.0 -1015.0 -104.0'
ARGLOG Omi t 154.0 pos '435.3 -387.4 -104.0' spd 325.5 yaw 109 mode 2 st 4 gl 5 hp 16 frg 10
ARGLOG Reap t 154.2 pos '367.1   5.4 -296.0' spd 252.4 yaw 285 mode 2 st 1 gl 7 hp 100 frg 9
ARGLOG Zeus t 154.2 pos '387.8 -125.1 -296.0' spd 258.2 yaw 298 mode 2 st 5 gl 14 hp 52 frg 4
ARGEVT Zeus pursue
ARGEVT Omi pursue
ARGLOG Omi t 154.5 pos '582.2 -312.2 -104.0' spd 325.5 yaw 141 mode 0 st 4 gl 5 hp 16 frg 10
ARGEVT Zeus hazard
ARGEVT Omi route 4 start '529.0 -311.0 -104.0' goal '273.0 -1015.0 -104.0'
ARGLOG Reap t 154.7 pos '373.6  18.6 -288.0' spd 272.4 yaw 269 mode 2 st 1 gl 7 hp 100 frg 9
ARGLOG Zeus t 154.7 pos '374.7 -161.2 -296.0' spd 325.6 yaw 294 mode 2 st 5 gl 14 hp 25 frg 4
ARGEVT Reap weapon rl
ARGLOG Omi t 155.0 pos '487.7 -182.7 -104.0' spd 326.7 yaw 175.6 mode 2 st 4 gl 5 hp 16 frg 10
ARGEVT Omi hazard
ARGEVT Reap hazard
ARGEVT Zeus death Reap pos '406.4 -217.9 -296.0'
ARGEVT Omi engage Reap
ARGEVT Reap engage Omi
ARGLOG Reap t 155.2 pos '361.2 -21.9 -296.0' spd 105.8 yaw 275.3 mode 2 st 1 gl 7 hp 100 frg 10
ARGLOG Omi t 155.5 pos '359.3 -252.6 -148.8' spd 138.6 yaw 130.4 mode 2 st 4 gl 5 hp 16 frg 10
ARGLOG Reap t 155.7 pos '376.4 -91.9 -296.0' spd 174.1 yaw 271 mode 2 st 1 gl 7 hp 100 frg 10
ARGEVT Omi death Reap pos '392.0 -293.8 -296.0'
ARGLOG Reap t 156.2 pos '361.3 -167.6 -296.0' spd 362.4 yaw 283.6 mode 2 st 1 gl 7 hp 90 frg 11
ARGEVT Reap rjump
ARGEVT Zeus respawn
ARGEVT Zeus goal weapon_rocketlauncher
ARGLOG Zeus t 156.7 pos '-64.0 512.0 -296.0' spd 0 yaw 286.3 mode 0 st 5 gl 14 hp 100 frg 4
ARGLOG Reap t 156.7 pos '321.7 -368.0 -130.6' spd 116.6 yaw 15 mode 2 st 1 gl 7 hp 80 frg 11
ARGEVT Zeus route 4 start '-15.0 553.0 -296.0' goal ' 49.0 105.0 -296.0'
ARGEVT Zeus hazard
ARGLOG Zeus t 157.3 pos '-49.9 351.3 -296.0' spd 353.6 yaw 232 mode 2 st 5 gl 14 hp 100 frg 4
ARGLOG Reap t 157.3 pos '374.9 -361.1 -161.3' spd  82.5 yaw 18 mode 2 st 1 gl 7 hp 80 frg 11
ARGEVT Omi respawn
ARGEVT Omi goal weapon_supernailgun
ARGLOG Omi t 157.5 pos '-64.0 -232.0 -72.0' spd 0 yaw  16.3 mode 0 st 4 gl 5 hp 100 frg 10
ARGEVT Omi routefail
ARGEVT Omi goal weapon_rocketlauncher
ARGLOG Zeus t 157.8 pos '-67.1 183.5 -296.0' spd 347.9 yaw 226 mode 2 st 5 gl 14 hp 100 frg 4
ARGLOG Reap t 157.8 pos '404.8 -331.1 -403.5' spd  82.5 yaw 9 mode 2 st 1 gl 7 hp 78 frg 11
ARGEVT Reap swim
ARGEVT Omi route 9 start '-47.0 -215.0 -72.0' goal ' 49.0 105.0 -296.0'
ARGEVT Reap weapon rl
ARGLOG Omi t 158.0 pos ' 87.2 -228.6 -72.0' spd 371.0 yaw 282.1 mode 2 st 4 gl 5 hp 100 frg 10
ARGEVT Reap weapon lg
ARGEVT Reap swim
ARGLOG Zeus t 158.3 pos '-34.3  23.6 -296.0' spd 412.3 yaw 19 mode 1 st 5 gl 14 hp 100 frg 4
ARGEVT Omi hazard
ARGEVT Reap weapon rl
ARGLOG Reap t 158.3 pos '432.0 -307.2 -384.0' spd  35.8 yaw 358 mode 2 st 1 gl 7 hp 68 frg 11
ARGEVT Zeus hazard
ARGLOG Omi t 158.5 pos '114.5 -353.8 -24.0' spd 100.9 yaw 139 mode 2 st 4 gl 5 hp 100 frg 10
ARGEVT Reap weapon lg
ARGEVT Reap swim
ARGEVT Omi goal 
ARGEVT Omi route 3 start '145.0 -279.0 -56.0' goal '113.0 -407.0 -104.0'
ARGEVT Zeus goal 
ARGLOG Zeus t 158.8 pos ' 56.3  78.2 -296.0' spd 331.7 yaw  17.4 mode 0 st 5 gl 15 hp 100 frg 4
ARGLOG Reap t 158.8 pos '432.0 -306.8 -385.5' spd  12.2 yaw 358 mode 2 st 1 gl 7 hp 64 frg 11
ARGEVT Reap swim
ARGEVT Zeus route 3 start ' 49.0 105.0 -296.0' goal '-111.0 -247.0 -296.0'
ARGEVT Reap stall
ARGEVT Reap stallnode '529.0 -311.0 -104.0'
ARGEVT Reap abandon
ARGLOG Omi t 159.0 pos ' 69.3 -225.5 -72.0' spd 265.3 yaw 263.2 mode 2 st 4 gl 5 hp 100 frg 10
ARGEVT Reap swim
ARGEVT Reap goal item_health
ARGEVT Reap abandon
ARGEVT Reap routefail
ARGLOG Zeus t 159.3 pos ' 13.5 122.2 -296.0' spd 329.7 yaw 182.2 mode 2 st 5 gl 15 hp 100 frg 4
ARGEVT Omi hazard
ARGEVT Reap weapon rl
ARGEVT Reap goal 
ARGLOG Reap t 159.3 pos '426.5 -318.4 -387.3' spd  49.8 yaw 237.2 mode 0 st 2 gl 7 hp 56 frg 11
ARGEVT Reap swim
ARGEVT Reap route 1 start '401.0 -311.0 -440.0' goal '305.0 -343.0 -440.0'
ARGLOG Omi t 159.5 pos '-17.1 -265.3 -72.0' spd 127.6 yaw 303 mode 2 st 4 gl 5 hp 100 frg 10
ARGEVT Reap weapon lg
ARGEVT Reap swim
ARGEVT Zeus hazard
ARGLOG Zeus t 159.8 pos '-134.4  48.0 -296.0' spd 287.9 yaw 286 mode 2 st 5 gl 15 hp 100 frg 4
ARGLOG Reap t 159.8 pos '393.4 -354.5 -380.7' spd 134.9 yaw 172 mode 2 st 2 gl 7 hp 49 frg 11
ARGEVT Reap swim
ARGLOG Omi t 160.0 pos '-70.3 -263.4 -72.0' spd 111.7 yaw 312 mode 2 st 4 gl 5 hp 100 frg 10
ARGEVT Reap weapon rl
ARGEVT Reap swim
ARGEVT Reap abandon
ARGLOG Zeus t 160.3 pos '-205.7  48.4 -296.0' spd 139.0 yaw 303 mode 2 st 5 gl 15 hp 100 frg 4
ARGEVT Reap weapon lg
ARGEVT Reap goal item_health
ARGEVT Reap abandon
ARGLOG Reap t 160.3 pos '317.4 -368.0 -382.6' spd 109.5 yaw  81.5 mode 0 st 2 gl 7 hp 19 frg 11
ARGEVT Reap routefail
ARGEVT Reap swim
ARGLOG Omi t 160.5 pos ' 98.1 -272.0 -72.0' spd 265.8 yaw 275 mode 2 st 4 gl 5 hp 100 frg 10
ARGEVT Reap goal item_health
ARGEVT Reap abandon
ARGEVT Reap routefail
ARGEVT Reap death world pos '291.5 -344.7 -388.1'
ARGLOG Zeus t 160.9 pos '-75.8  39.8 -296.0' spd 228.0 yaw 270 mode 2 st 5 gl 15 hp 100 frg 4
ARGEVT Omi jump
ARGLOG Omi t 161.1 pos '138.9 -400.0   3.7' spd  17.5 yaw 250 mode 2 st 4 gl 5 hp 100 frg 10
ARGLOG Zeus t 161.4 pos '-62.0 -126.5 -296.0' spd 322.6 yaw 252 mode 1 st 5 gl 15 hp 100 frg 4
ARGLOG Omi t 161.6 pos '122.1 -410.4   8.0' spd  42.1 yaw 262 mode 2 st 4 gl 5 hp 100 frg 10
ARGEVT Zeus goal item_rockets
ARGLOG Zeus t 161.9 pos '-102.9 -257.2 -296.0' spd 171.8 yaw  94.9 mode 0 st 5 gl 16 hp 100 frg 4
ARGEVT Zeus route 9 start '-111.0 -247.0 -296.0' goal ' 81.0 -823.0 -104.0'
ARGEVT Zeus hazard
ARGLOG Omi t 162.1 pos '200.7 -507.0  24.0' spd 361.1 yaw  51.2 mode 2 st 4 gl 5 hp 100 frg 10
ARGEVT Reap respawn
ARGEVT Reap goal item_armor2
ARGLOG Reap t 162.2 pos '272.0 -952.0  24.0' spd 0 yaw  16.6 mode 0 st 2 gl 7 hp 100 frg 10
ARGEVT Reap route 12 start '305.0 -983.0  24.0' goal '1169.0 -599.0  24.0'
ARGLOG Zeus t 162.4 pos '-16.0 -206.3 -296.0' spd  45.9 yaw 345 mode 2 st 5 gl 16 hp 100 frg 4
ARGEVT Omi hazard
ARGLOG Omi t 162.6 pos '186.1 -377.2   2.4' spd 416.3 yaw 203 mode 2 st 4 gl 5 hp 100 frg 10
ARGLOG Reap t 162.8 pos '378.4 -835.5  24.0' spd 374.4 yaw 124 mode 2 st 2 gl 7 hp 100 frg 10
ARGLOG Zeus t 162.9 pos '134.5 -251.0 -296.0' spd 320.1 yaw 354 mode 2 st 5 gl 16 hp 100 frg 4
ARGEVT Zeus hazard
ARGLOG Omi t 163.1 pos '112.0 -494.6  24.0' spd 366.8 yaw 204.1 mode 1 st 4 gl 5 hp 100 frg 10
ARGLOG Reap t 163.3 pos '337.1 -671.9  24.0' spd 320.3 yaw 113 mode 2 st 2 gl 7 hp 100 frg 10
ARGLOG Zeus t 163.4 pos '298.9 -233.3 -296.0' spd 324.7 yaw 353 mode 2 st 5 gl 16 hp 100 frg 4
ARGEVT Omi engage Reap
ARGEVT Reap engage Omi
ARGEVT Zeus rjump
ARGLOG Omi t 163.6 pos '117.6 -403.7   8.0' spd 370.6 yaw  75.3 mode 1 st 4 gl 5 hp 100 frg 10
ARGEVT Zeus engage Omi
ARGLOG Reap t 163.8 pos '323.9 -538.0  24.0' spd 262.5 yaw  99.8 mode 2 st 2 gl 7 hp 100 frg 10
ARGLOG Zeus t 163.9 pos '401.8 -228.1 -157.0' spd 125.4 yaw 270.5 mode 2 st 5 gl 16 hp 48 frg 4
ARGLOG Omi t 164.1 pos '146.9 -370.8  -8.0' spd 323.3 yaw 350 mode 1 st 4 gl 5 hp 100 frg 10
ARGLOG Reap t 164.3 pos '399.5 -417.5  19.4' spd 158.7 yaw 179 mode 2 st 2 gl 7 hp 80 frg 10
ARGLOG Zeus t 164.5 pos '466.3 -229.0 -93.1' spd 125.9 yaw 230 mode 2 st 5 gl 16 hp 48 frg 4
ARGLOG Omi t 164.7 pos '114.0 -450.0  24.0' spd 320.1 yaw 358 mode 1 st 4 gl 5 hp 76 frg 10
ARGEVT Reap jump
ARGLOG Reap t 164.8 pos '482.8 -426.1 -92.3' spd 228.9 yaw 167 mode 2 st 2 gl 7 hp 68 frg 10
ARGLOG Zeus t 165.0 pos '537.4 -343.5 -104.0' spd 332.8 yaw 163 mode 2 st 5 gl 16 hp 48 frg 4
ARGLOG Omi t 165.2 pos '140.2 -286.7 -56.0' spd 322.6 yaw 345 mode 1 st 4 gl 5 hp 72 frg 10
ARGLOG Reap t 165.3 pos '606.2 -412.1 -91.1' spd 314.4 yaw 159 mode 2 st 2 gl 7 hp 56 frg 10
ARGLOG Zeus t 165.5 pos '544.8 -271.9 -104.0' spd 320.0 yaw 170.4 mode 2 st 5 gl 16 hp 48 frg 4
ARGLOG Omi t 165.7 pos '160.2 -285.8 -56.0' spd 320.9 yaw 356 mode 1 st 4 gl 5 hp 68 frg 10
ARGLOG Reap t 165.8 pos '686.8 -313.1 -104.0' spd 322.5 yaw 188 mode 2 st 2 gl 7 hp 56 frg 10
ARGEVT Reap hazard
ARGLOG Zeus t 166.0 pos '509.1 -109.1 -104.0' spd 331.6 yaw 233 mode 0 st 5 gl 16 hp 48 frg 4
ARGEVT Zeus route 5 start '529.0 -55.0 -104.0' goal ' 81.0 -823.0 -104.0'
ARGLOG Omi t 166.2 pos '178.2 -452.4  24.0' spd 327.1 yaw 19 mode 1 st 4 gl 5 hp 64 frg 10
ARGEVT Zeus hazard
ARGLOG Reap t 166.4 pos '564.3 -223.0 -104.0' spd 320.1 yaw 215 mode 2 st 2 gl 7 hp 52 frg 10
ARGLOG Zeus t 166.5 pos '496.9 -101.9 -104.0' spd 321.3 yaw 244.3 mode 2 st 5 gl 16 hp 48 frg 4
ARGLOG Omi t 166.7 pos '201.8 -463.5  24.0' spd 324.4 yaw 53 mode 1 st 4 gl 5 hp 60 frg 10
ARGLOG Reap t 166.9 pos '498.1 -190.9 -104.0' spd 320.4 yaw 213.1 mode 2 st 2 gl 7 hp 52 frg 10
ARGLOG Zeus t 167.0 pos '613.0 -227.8 -104.0' spd 351.9 yaw 175 mode 2 st 5 gl 16 hp 34 frg 4
ARGLOG Omi t 167.2 pos '112.0 -332.6 -40.0' spd 320.2 yaw 7 mode 1 st 4 gl 5 hp 36 frg 10
ARGEVT Reap jump
ARGLOG Reap t 167.4 pos '558.1 -351.6 -75.5' spd 421.9 yaw 166.1 mode 2 st 2 gl 7 hp 28 frg 10
ARGLOG Zeus t 167.5 pos '617.8 -391.1 -104.0' spd 317.9 yaw 140 mode 2 st 5 gl 16 hp 34 frg 4
ARGLOG Omi t 167.8 pos '113.6 -258.5 -72.0' spd 320.0 yaw 341 mode 1 st 4 gl 5 hp 16 frg 10
ARGEVT Zeus death Zeus pos '619.6 -454.1 -116.9'
ARGEVT Reap death Zeus pos '585.8 -428.2 -98.1'
ARGLOG Omi t 168.3 pos '141.8 -409.4   8.0' spd 362.4 yaw 209 mode 1 st 4 gl 5 hp 16 frg 10
ARGEVT Omi hazard
ARGLOG Omi t 168.8 pos '112.0 -440.6  24.0' spd 320 yaw 90 mode 1 st 4 gl 5 hp 16 frg 10
ARGEVT Zeus respawn
ARGLOG Omi t 169.3 pos '112.0 -289.3 -51.9' spd  22.9 yaw 255.8 mode 1 st 4 gl 5 hp 16 frg 10
ARGEVT Reap respawn
ARGEVT Zeus goal weapon_supershotgun
ARGLOG Zeus t 169.4 pos '112.0 -1136.0 -104.0' spd 0 yaw  28.0 mode 1 st 5 gl 16 hp 100 frg 4
ARGEVT Reap goal weapon_grenadelauncher
ARGLOG Reap t 169.4 pos '776.0 -808.0 -232.0' spd 0 yaw 107.0 mode 0 st 2 gl 7 hp 100 frg 10
ARGEVT Reap route 11 start '817.0 -855.0 -232.0' goal '113.0 -407.0 -104.0'
ARGEVT Reap hazard
ARGLOG Omi t 169.8 pos '112.8 -431.2   8.0' spd 321.2 yaw 246.7 mode 1 st 4 gl 5 hp 16 frg 10
ARGLOG Zeus t 169.9 pos '253.1 -1069.1 -104.0' spd 320.0 yaw 26 mode 1 st 5 gl 16 hp 100 frg 4
ARGEVT Omi hazard
ARGLOG Reap t 169.9 pos '720.0 -792.0 -222.2' spd 342.3 yaw 271 mode 2 st 2 gl 7 hp 100 frg 10
ARGEVT Zeus goal weapon_grenadelauncher
ARGEVT Zeus route 4 start '273.0 -1015.0 -104.0' goal '113.0 -407.0 -104.0'
ARGLOG Omi t 170.3 pos '112.0 -466.6  24.0' spd 300.2 yaw 90 mode 1 st 4 gl 5 hp 16 frg 10
ARGLOG Zeus t 170.4 pos '316.3 -941.6 -104.0' spd 327.5 yaw 94 mode 2 st 5 gl 17 hp 100 frg 4
ARGLOG Reap t 170.4 pos '720.0 -876.9 -232.0' spd 288.8 yaw 138.8 mode 0 st 2 gl 7 hp 100 frg 10
ARGEVT Reap route 10 start '721.0 -887.0 -232.0' goal '113.0 -407.0 -104.0'
ARGEVT Reap hazard
ARGLOG Omi t 170.8 pos '112.0 -293.8 -23.7' spd 284.0 yaw 221.5 mode 1 st 4 gl 5 hp 16 frg 10
ARGLOG Zeus t 170.9 pos '319.2 -776.8 -104.0' spd 320.3 yaw 97 mode 2 st 5 gl 17 hp 100 frg 4
ARGLOG Reap t 170.9 pos '720.0 -773.2 -232.0' spd 239.8 yaw 237.7 mode 2 st 2 gl 7 hp 100 frg 10
ARGEVT Reap route 10 start '721.0 -887.0 -232.0' goal '113.0 -407.0 -104.0'
ARGLOG Omi t 171.4 pos '113.3 -390.8  -8.0' spd 320.0 yaw 268 mode 1 st 4 gl 5 hp 16 frg 10
ARGLOG Zeus t 171.4 pos '312.8 -612.1 -104.0' spd 320.0 yaw 92 mode 2 st 5 gl 17 hp 100 frg 4
ARGLOG Reap t 171.4 pos '720.0 -903.3 -232.0' spd 166.0 yaw 172.1 mode 0 st 2 gl 7 hp 100 frg 10
ARGEVT Reap route 10 start '721.0 -887.0 -232.0' goal '113.0 -407.0 -104.0'
ARGEVT Omi engage Zeus
ARGLOG Omi t 171.9 pos '195.5 -505.7  24.0' spd 359.4 yaw  21.1 mode 1 st 4 gl 5 hp 16 frg 10
ARGLOG Zeus t 171.9 pos '307.6 -447.3 -104.0' spd 328.6 yaw 126.0 mode 1 st 5 gl 17 hp 100 frg 4
ARGLOG Reap t 171.9 pos '720.0 -752.0 -232.0' spd 0 yaw 159.6 mode 2 st 2 gl 7 hp 100 frg 10
ARGEVT Reap hazard
ARGEVT Zeus engage Omi
ARGLOG Omi t 172.4 pos '217.4 -429.0  -8.2' spd  44.2 yaw 307.8 mode 1 st 4 gl 5 hp 16 frg 10
ARGLOG Zeus t 172.4 pos '277.5 -508.4 -104.0' spd 370.3 yaw 135 mode 1 st 5 gl 17 hp 100 frg 4
ARGLOG Reap t 172.4 pos '720.0 -856.8 -232.0' spd 326.8 yaw 238.0 mode 0 st 2 gl 7 hp 100 frg 10
ARGEVT Omi death Zeus pos '227.0 -424.9 -104.0'
ARGEVT Reap route 10 start '721.0 -887.0 -232.0' goal '113.0 -407.0 -104.0'
ARGLOG Zeus t 173.0 pos '331.8 -482.8 -104.0' spd 345.0 yaw 166 mode 1 st 5 gl 17 hp 100 frg 5
ARGLOG Reap t 173.0 pos '720.0 -824.3 -232.0' spd 320.8 yaw 95 mode 0 st 2 gl 7 hp 100 frg 10
ARGEVT Reap route 11 start '721.0 -759.0 -232.0' goal '113.0 -407.0 -104.0'
ARGEVT Reap hazard
ARGLOG Zeus t 173.5 pos '215.9 -428.3 -104.0' spd 300.8 yaw 183 mode 1 st 5 gl 17 hp 100 frg 5
ARGLOG Reap t 173.5 pos '720.0 -752.0 -232.0' spd 0 yaw 194.2 mode 2 st 2 gl 7 hp 100 frg 10
ARGEVT Zeus goal 
ARGEVT Reap goal 
ARGEVT Zeus route 2 start '113.0 -407.0 -104.0' goal '497.0 -407.0 -104.0'
ARGEVT Zeus hazard
ARGEVT Zeus route 2 start '113.0 -407.0 -104.0' goal '497.0 -407.0 -104.0'
ARGLOG Zeus t 174.0 pos '113.4 -401.7 -104.0' spd  94.2 yaw 269.6 mode 2 st 5 gl 18 hp 100 frg 5
ARGLOG Reap t 174.0 pos '741.3 -720.0 -216.0' spd 104.7 yaw 56 mode 0 st 2 gl 7 hp 100 frg 10
ARGEVT Zeus route 2 start '113.0 -407.0 -104.0' goal '497.0 -407.0 -104.0'
ARGEVT Omi respawn
ARGEVT Omi goal item_armor2
ARGLOG Omi t 174.3 pos '784.0 -176.0  24.0' spd 0 yaw 196.6 mode 0 st 4 gl 5 hp 100 frg 10
ARGEVT Omi route 5 start '753.0 -151.0  24.0' goal '1169.0 -599.0  24.0'
ARGLOG Zeus t 174.5 pos '248.1 -430.5 -104.0' spd 320.2 yaw 5 mode 2 st 5 gl 18 hp 100 frg 5
ARGEVT Omi hazard
ARGLOG Reap t 174.5 pos '777.0 -572.7 -136.0' spd 342.8 yaw 134 mode 0 st 2 gl 7 hp 100 frg 10
ARGEVT Reap route 13 start '753.0 -567.0 -136.0' goal '593.0 -439.0 -120.0'
ARGLOG Omi t 174.8 pos '679.7 -208.0  24.0' spd  87.3 yaw 345 mode 2 st 4 gl 5 hp 100 frg 10
ARGEVT Reap hazard
ARGLOG Zeus t 175.0 pos '411.9 -424.0 -104.0' spd 320.4 yaw 356 mode 1 st 5 gl 18 hp 100 frg 5
ARGLOG Reap t 175.0 pos '753.6 -446.2 -104.0' spd 155.3 yaw 232.9 mode 2 st 2 gl 7 hp 100 frg 10
ARGEVT Zeus goal 
ARGLOG Omi t 175.3 pos '845.8 -231.0  24.0' spd 385.8 yaw 259 mode 2 st 4 gl 5 hp 100 frg 10
ARGLOG Zeus t 175.5 pos '472.2 -384.7 -104.0' spd 335.8 yaw  85.0 mode 1 st 5 gl 19 hp 100 frg 5
ARGEVT Omi engage Reap
ARGLOG Reap t 175.5 pos '755.6 -610.9 -152.0' spd 320.0 yaw 268 mode 2 st 2 gl 7 hp 100 frg 10
ARGLOG Omi t 175.8 pos '859.4 -371.6  24.0' spd 185.7 yaw 259 mode 2 st 4 gl 5 hp 100 frg 10
ARGEVT Omi pursue
ARGLOG Zeus t 176.0 pos '582.4 -273.7 -104.0' spd 431.5 yaw 292 mode 1 st 5 gl 19 hp 100 frg 5
ARGEVT Reap engage Omi
ARGLOG Reap t 176.0 pos '752.0 -775.3 -215.4' spd 322.3 yaw 246.1 mode 2 st 2 gl 7 hp 100 frg 10
ARGLOG Omi t 176.4 pos '773.0 -465.7   2.6' spd 194.0 yaw 277 mode 2 st 4 gl 5 hp 100 frg 10
ARGEVT Zeus goal 
ARGLOG Zeus t 176.6 pos '669.2 -427.0 -120.0' spd 331.5 yaw 240.7 mode 0 st 5 gl 20 hp 100 frg 5
ARGEVT Reap goal item_health
ARGLOG Reap t 176.6 pos '817.0 -831.8 -232.0' spd 221.0 yaw 138.1 mode 0 st 2 gl 7 hp 100 frg 10
ARGEVT Zeus route 2 start '593.0 -439.0 -120.0' goal '401.0 -247.0 -296.0'
ARGEVT Zeus goal 
ARGEVT Omi jump
ARGEVT Zeus route 3 start '401.0 -247.0 -296.0' goal '209.0 -311.0 -440.0'
ARGLOG Omi t 176.9 pos '784.4 -565.6 -98.4' spd 197.0 yaw 260 mode 2 st 4 gl 5 hp 100 frg 10
ARGEVT Zeus hazard
ARGEVT Reap route 9 start '721.0 -887.0 -232.0' goal '-15.0 553.0 -296.0'
ARGLOG Zeus t 177.1 pos '522.3 -272.0 -296.0' spd 397.8 yaw 244.5 mode 2 st 5 gl 21 hp 100 frg 5
ARGLOG Reap t 177.1 pos '774.9 -844.9 -232.0' spd 324.8 yaw 87 mode 2 st 2 gl 7 hp 96 frg 10
ARGEVT Omi pursue
ARGEVT Reap pursue
ARGLOG Omi t 177.4 pos '784.3 -624.0 -119.4' spd  27.4 yaw 277.8 mode 2 st 4 gl 5 hp 100 frg 10
ARGLOG Zeus t 177.6 pos '446.9 -272.0 -296.0' spd 320.1 yaw 182 mode 2 st 5 gl 21 hp 100 frg 5
ARGEVT Omi jump
ARGLOG Reap t 177.6 pos '759.8 -809.3 -232.0' spd 320.9 yaw 83 mode 2 st 2 gl 7 hp 96 frg 10
ARGLOG Omi t 177.9 pos '794.9 -624.1 -129.1' spd  32.9 yaw 274 mode 2 st 4 gl 5 hp 76 frg 10
ARGLOG Zeus t 178.1 pos '282.5 -276.8 -296.0' spd 320.0 yaw 199.6 mode 2 st 5 gl 21 hp 100 frg 5
ARGLOG Reap t 178.1 pos '825.8 -815.9 -232.0' spd  80.7 yaw 106 mode 2 st 2 gl 7 hp 92 frg 10
ARGEVT Zeus hazard
ARGLOG Omi t 178.4 pos '794.9 -601.3 -152.0' spd 284.6 yaw 252 mode 2 st 4 gl 5 hp 52 frg 10
ARGEVT Omi jump
ARGEVT Reap hazard
ARGLOG Zeus t 178.6 pos '179.9 -276.6 -296.0' spd 271.8 yaw 347.2 mode 1 st 5 gl 21 hp 100 frg 5
ARGLOG Reap t 178.6 pos '771.4 -840.0 -232.0' spd 330.7 yaw  86.6 mode 2 st 2 gl 7 hp 89 frg 10
ARGLOG Omi t 178.9 pos '796.5 -554.2 -101.1' spd 160.5 yaw 275 mode 2 st 4 gl 5 hp 28 frg 10
ARGLOG Zeus t 179.1 pos '331.6 -221.7 -296.0' spd 397.7 yaw 340 mode 1 st 5 gl 21 hp 100 frg 5
ARGLOG Reap t 179.1 pos '742.7 -863.1 -232.0' spd 328.3 yaw 89 mode 0 st 2 gl 7 hp 85 frg 10
ARGEVT Reap route 9 start '721.0 -887.0 -232.0' goal '-15.0 553.0 -296.0'
ARGEVT Zeus hazard
ARGLOG Omi t 179.4 pos '846.6 -518.8 -104.0' spd 323.8 yaw 258 mode 2 st 4 gl 5 hp 8 frg 10
ARGLOG Zeus t 179.6 pos '449.2 -271.5 -296.0' spd  66.9 yaw 198 mode 1 st 5 gl 21 hp 100 frg 5
ARGLOG Reap t 179.6 pos '810.3 -845.3 -232.0' spd 262.9 yaw 74 mode 2 st 2 gl 7 hp 85 frg 10
ARGEVT Reap pursue
ARGEVT Omi pursue
ARGLOG Omi t 180.0 pos '985.0 -591.8 -104.0' spd 360.2 yaw 237 mode 2 st 4 gl 5 hp 8 frg 10
ARGLOG Zeus t 180.2 pos '292.4 -237.5 -296.0' spd 344.6 yaw 199.3 mode 1 st 5 gl 21 hp 100 frg 5
ARGLOG Reap t 180.2 pos '759.9 -693.1 -200.0' spd 331.7 yaw 63 mode 2 st 2 gl 7 hp 85 frg 10
ARGEVT Zeus hazard
ARGLOG Omi t 180.5 pos '887.0 -576.8 -104.0' spd 348.1 yaw 194 mode 2 st 4 gl 5 hp 8 frg 10
ARGLOG Zeus t 180.7 pos '274.4 -256.4 -296.0' spd 179.3 yaw 264.9 mode 1 st 5 gl 21 hp 100 frg 5
ARGLOG Reap t 180.7 pos '768.0 -546.0 -120.0' spd 320.2 yaw 20 mode 0 st 2 gl 7 hp 81 frg 10
ARGEVT Omi death Reap pos '921.4 -452.3 -104.0'
ARGEVT Reap route 12 start '753.0 -471.0 -104.0' goal '-15.0 553.0 -296.0'
ARGLOG Zeus t 181.2 pos '142.7 -279.9 -296.0' spd 324.2 yaw 297.8 mode 1 st 5 gl 21 hp 100 frg 5
ARGLOG Reap t 181.2 pos '833.6 -400.0 -104.0' spd 373.5 yaw 327.4 mode 2 st 2 gl 7 hp 81 frg 11
ARGLOG Zeus t 181.7 pos '233.3 -285.9 -296.0' spd 328.1 yaw 23 mode 1 st 5 gl 21 hp 100 frg 5
ARGLOG Reap t 181.7 pos '888.1 -548.9 -104.0' spd 399.3 yaw 188 mode 2 st 2 gl 7 hp 81 frg 11
ARGEVT Zeus hazard
ARGLOG Zeus t 182.2 pos '326.7 -250.1 -296.0' spd 339.0 yaw 316.1 mode 1 st 5 gl 21 hp 100 frg 5
ARGLOG Reap t 182.2 pos '752.0 -595.8 -135.9' spd  33.9 yaw 237.9 mode 2 st 2 gl 7 hp 81 frg 11
ARGEVT Omi respawn
ARGEVT Omi goal item_health
ARGLOG Omi t 182.4 pos '-64.0 512.0 -296.0' spd 0 yaw 286.3 mode 1 st 4 gl 5 hp 100 frg 10
ARGLOG Zeus t 182.7 pos '473.7 -272.0 -296.0' spd 247.9 yaw 250.5 mode 1 st 5 gl 21 hp 100 frg 5
ARGLOG Reap t 182.7 pos '752.0 -722.7 -189.0' spd 321.4 yaw 260 mode 2 st 2 gl 7 hp 81 frg 11
ARGEVT Omi hazard
ARGLOG Omi t 182.9 pos ' 13.7 475.4 -296.0' spd 316.1 yaw  91.1 mode 1 st 4 gl 5 hp 100 frg 10
ARGEVT Reap goal weapon_lightning
ARGLOG Zeus t 183.3 pos '357.6 -263.6 -296.0' spd 333.1 yaw 150 mode 1 st 5 gl 21 hp 100 frg 5
ARGEVT Omi goal weapon_supernailgun
ARGLOG Reap t 183.3 pos '725.6 -888.9 -232.0' spd 362.3 yaw 193.1 mode 0 st 2 gl 7 hp 81 frg 11
ARGEVT Reap hazard
ARGEVT Reap route 11 start '721.0 -887.0 -232.0' goal '529.0 -311.0 -104.0'
ARGLOG Omi t 183.5 pos '-23.9 624.0 -296.0' spd  16.7 yaw 349.0 mode 0 st 4 gl 6 hp 200 frg 10
ARGEVT Zeus hazard
ARGEVT Omi routefail
ARGEVT Omi goal weapon_lightning
ARGLOG Zeus t 183.8 pos '193.2 -272.1 -296.0' spd 414.4 yaw 265.2 mode 1 st 5 gl 21 hp 100 frg 5
ARGLOG Reap t 183.8 pos '720.9 -783.2 -232.0' spd 326.4 yaw 60 mode 0 st 2 gl 7 hp 81 frg 11
ARGEVT Omi route 16 start '-15.0 553.0 -296.0' goal '529.0 -311.0 -104.0'
ARGLOG Omi t 184.0 pos ' 10.9 473.1 -296.0' spd 337.9 yaw 249 mode 2 st 4 gl 6 hp 200 frg 10
ARGEVT Reap route 5 start '721.0 -759.0 -232.0' goal '529.0 -311.0 -104.0'
ARGEVT Omi hazard
ARGLOG Zeus t 184.3 pos '213.9 -281.7 -296.0' spd 320.6 yaw 4 mode 1 st 5 gl 21 hp 100 frg 5
ARGLOG Reap t 184.3 pos '816.0 -688.0 -200.0' spd 0 yaw 320.8 mode 2 st 2 gl 7 hp 81 frg 11
ARGLOG Omi t 184.5 pos ' 69.0 410.4 -296.0' spd 110.6 yaw 216 mode 2 st 4 gl 6 hp 200 frg 10
ARGEVT Zeus hazard
ARGLOG Zeus t 184.8 pos '377.2 -273.1 -296.0' spd 282.3 yaw 236.1 mode 1 st 5 gl 21 hp 100 frg 5
ARGLOG Reap t 184.8 pos '791.8 -838.4 -232.0' spd 339.7 yaw 215 mode 2 st 2 gl 7 hp 81 frg 11
ARGLOG Omi t 185.0 pos '-60.5 426.4 -296.0' spd 260.4 yaw 274 mode 2 st 4 gl 6 hp 200 frg 10
ARGEVT Reap hazard
ARGEVT Reap route 4 start '721.0 -887.0 -232.0' goal '529.0 -311.0 -104.0'
ARGLOG Zeus t 185.3 pos '253.6 -270.8 -296.0' spd 322.5 yaw 162 mode 1 st 5 gl 21 hp 100 frg 5
ARGLOG Reap t 185.3 pos '720.0 -856.3 -232.0' spd 330.0 yaw 109 mode 0 st 2 gl 7 hp 81 frg 11
ARGEVT Reap route 5 start '721.0 -759.0 -232.0' goal '529.0 -311.0 -104.0'
ARGLOG Omi t 185.5 pos '-79.1 263.1 -296.0' spd 320.3 yaw 280 mode 2 st 4 gl 6 hp 200 frg 10
ARGEVT Omi hazard
ARGLOG Zeus t 185.8 pos '218.3 -198.3 -296.0' spd 320.7 yaw 357.8 mode 1 st 5 gl 21 hp 100 frg 5
ARGLOG Reap t 185.8 pos '720.0 -742.1 -216.0' spd 156.4 yaw 224.2 mode 2 st 2 gl 7 hp 81 frg 11
ARGEVT Zeus hazard
ARGLOG Omi t 186.0 pos '-62.3 177.0 -296.0' spd 146.4 yaw 268 mode 2 st 4 gl 6 hp 200 frg 10
