LOG started on: 08/28/2026 22:48:57 
Playing registered version.
UDP Initialized
WIPX_OpenSocket: Address family not supported by protocol family
WIPX_Init: Unable to open control socket, IPX disabled
Exe: 20:02:47 Jul 31 2024
256.0 megabyte heap

Language initialization
Couldn't load 'localization/loc_english.txt'
from 'C:/argus/engine'

========= Quake Initialized =========

execing autoexec.cfg
SpawnServer: dm3
Clearing memory
Programs occupy 660K.
trying to open external vis file
maps/dm3.vis not found, trying argus.vis
external vis not found
ARGUS slots 8
ARGUS worldspawn reached
ARGNAV 259 nodes, 1034 links
0 entities inhibited
ARGUS init on dm3
ARGEVT Carmack spawned
ARGEVT Romero spawned
ARGEVT Joe Rogan spawned
Server spawned.
ARGLOG Joe Rogan t   1.2 pos '1472.0 -928.0 -24.0' spd 0 yaw  53.2 mode 0 st 0 gl 0 hp 100 frg 0
ARGLOG Romero t   1.2 pos '192.0 -208.0 -176.0' spd 0 yaw 100.2 mode 0 st 0 gl 0 hp 100 frg 0
ARGLOG Carmack t   1.2 pos '-880.0 -232.0 -16.0' spd 0 yaw  72.0 mode 0 st 0 gl 0 hp 100 frg 0
Bonus item fell out of level at '1472.0 -912.0 -42.0'
ARGEVT Joe Rogan hazard
ARGLOG Joe Rogan t   1.7 pos '1528.7 -783.6 -24.0' spd 334.6 yaw  53.2 mode 0 st 0 gl 0 hp 100 frg 0
ARGLOG Romero t   1.7 pos '165.0 -55.1 -176.0' spd 320 yaw 100.2 mode 0 st 0 gl 0 hp 100 frg 0
ARGLOG Carmack t   1.7 pos '-832.0 -84.4 -16.0' spd 320 yaw  72.0 mode 0 st 0 gl 0 hp 100 frg 0
ARGLOG Joe Rogan t   2.2 pos '1614.8 -642.4 -24.0' spd 320.1 yaw  53.2 mode 0 st 0 gl 0 hp 100 frg 0
ARGLOG Romero t   2.2 pos '165.1 -17.5 -176.0' spd 320.1 yaw 284.0 mode 0 st 0 gl 0 hp 100 frg 0
ARGLOG Carmack t   2.2 pos '-800.0  75.8 -16.0' spd 329.3 yaw  72.0 mode 0 st 0 gl 0 hp 100 frg 0
ARGEVT Joe Rogan hazard
ARGLOG Joe Rogan t   2.7 pos '1514.7 -629.9 -24.0' spd 111.1 yaw   4.8 mode 0 st 0 gl 0 hp 100 frg 0
ARGLOG Romero t   2.7 pos '207.6 -176.3 -176.0' spd 320.0 yaw 284.0 mode 0 st 0 gl 0 hp 100 frg 0
ARGLOG Carmack t   2.7 pos '-794.2 244.3 -16.0' spd 324.0 yaw  72.0 mode 0 st 0 gl 0 hp 100 frg 0
ARGLOG Joe Rogan t   3.3 pos '1663.5 -628.3 -24.0' spd 320.0 yaw   4.8 mode 0 st 0 gl 0 hp 100 frg 0
ARGLOG Romero t   3.3 pos '140.4 -187.6 -176.0' spd 321.9 yaw 137.6 mode 0 st 0 gl 0 hp 100 frg 0
ARGLOG Carmack t   3.3 pos '-785.5 411.7 -16.0' spd 335.8 yaw 112.9 mode 0 st 0 gl 0 hp 100 frg 0
ARGLOG Joe Rogan t   3.8 pos '1827.3 -617.1 -24.0' spd 320.0 yaw   4.8 mode 0 st 0 gl 0 hp 100 frg 0
ARGLOG Romero t   3.8 pos ' 35.2 -208.7 -176.0' spd 201.4 yaw 105.8 mode 0 st 0 gl 0 hp 100 frg 0
ARGLOG Carmack t   3.8 pos '-831.2 570.4 -16.0' spd 320.2 yaw 112.9 mode 0 st 0 gl 0 hp 100 frg 0
ARGEVT Joe Rogan goal item_artifact_super_damage
ARGEVT Romero goal item_health
ARGEVT Carmack goal weapon_supernailgun
ARGEVT Joe Rogan route 12 start '1853.0 -647.0 -24.0' goal '957.0 297.0  56.0'
ARGLOG Joe Rogan t   4.3 pos '1809.7 -669.0 -24.0' spd 322.3 yaw 190 mode 2 st 0 gl 0 hp 100 frg 0
ARGLOG Romero t   4.3 pos ' 64.9 -225.5 -176.0' spd 365.1 yaw  18.3 mode 0 st 0 gl 0 hp 100 frg 0
ARGLOG Carmack t   4.3 pos '-863.0 727.5 -16.0' spd 314.7 yaw  32.2 mode 0 st 0 gl 0 hp 100 frg 0
ARGEVT Romero route 25 start ' 29.0 -183.0 -176.0' goal '557.0 -55.0 -168.0'
ARGEVT Carmack routefail
ARGLOG Joe Rogan t   4.8 pos '1648.5 -688.8 -24.0' spd 372.8 yaw 125 mode 0 st 0 gl 0 hp 100 frg 0
ARGLOG Romero t   4.8 pos '219.1 -169.6 -176.0' spd 396.9 yaw 189 mode 2 st 0 gl 0 hp 100 frg 0
ARGLOG Carmack t   4.8 pos '-702.5 728.6 -16.0' spd 339.3 yaw 305 mode 0 st 0 gl 0 hp 100 frg 0
ARGEVT Carmack hazard
ARGEVT Carmack goal weapon_rocketlauncher
ARGEVT Joe Rogan route 11 start '1629.0 -711.0 -24.0' goal '957.0 297.0  56.0'
ARGEVT Romero hazard
ARGEVT Carmack routefail
ARGLOG Joe Rogan t   5.3 pos '1496.2 -620.0 -24.0' spd 379.6 yaw 278 mode 2 st 0 gl 0 hp 100 frg 0
ARGEVT Joe Rogan hazard
ARGLOG Romero t   5.3 pos '141.1 -149.6 -176.0' spd 404.7 yaw 195 mode 2 st 0 gl 0 hp 100 frg 0
ARGLOG Carmack t   5.3 pos '-688.0 742.6 -16.0' spd  37.9 yaw 354 mode 0 st 0 gl 0 hp 100 frg 0
ARGEVT Carmack goal item_health
ARGEVT Carmack goal item_health
ARGLOG Joe Rogan t   5.8 pos '1449.2 -786.7 -24.0' spd 353.6 yaw 214 mode 2 st 0 gl 0 hp 100 frg 0
ARGLOG Romero t   5.8 pos ' -6.2 -231.4 -176.0' spd 324.3 yaw 233 mode 2 st 0 gl 0 hp 100 frg 0
ARGLOG Carmack t   5.8 pos '-690.5 655.4 -16.0' spd 320.1 yaw 264 mode 1 st 0 gl 1 hp 100 frg 0
ARGEVT Carmack goal item_shells
ARGEVT Carmack route 1 start '-867.0 601.0 -16.0' goal '-691.0 761.0 -16.0'
ARGLOG Joe Rogan t   6.3 pos '1500.6 -940.9 -24.0' spd 350.8 yaw 96 mode 2 st 0 gl 0 hp 100 frg 0
ARGEVT Joe Rogan hazard
ARGLOG Romero t   6.3 pos '-187.0 -241.3 -176.0' spd 344.1 yaw 313 mode 2 st 0 gl 0 hp 100 frg 0
ARGEVT Romero hazard
ARGLOG Carmack t   6.3 pos '-815.9 623.3 -16.0' spd 380.9 yaw  84.5 mode 2 st 0 gl 2 hp 100 frg 0
ARGLOG Joe Rogan t   6.9 pos '1312.9 -939.8 -24.0' spd 320.1 yaw 88 mode 2 st 0 gl 0 hp 100 frg 0
ARGLOG Romero t   6.9 pos '-175.5 -424.7 -112.0' spd 320.4 yaw 348 mode 2 st 0 gl 0 hp 100 frg 0
ARGLOG Carmack t   6.9 pos '-726.1 780.0 -16.0' spd 343.6 yaw 354 mode 1 st 0 gl 2 hp 100 frg 0
ARGEVT Carmack goal weapon_lightning
ARGLOG Joe Rogan t   7.4 pos '1219.9 -864.0 -24.0' spd  14.9 yaw 103 mode 0 st 0 gl 0 hp 100 frg 0
ARGEVT Joe Rogan hazard
ARGLOG Romero t   7.4 pos '-36.6 -439.2 -48.0' spd 341.2 yaw 264 mode 2 st 0 gl 0 hp 100 frg 0
ARGEVT Romero jump
ARGLOG Carmack t   7.4 pos '-564.4 772.6 -16.0' spd 320.3 yaw 336 mode 0 st 0 gl 3 hp 100 frg 0
ARGEVT Joe Rogan route 8 start '1229.0 -935.0 -24.0' goal '957.0 297.0  56.0'
ARGEVT Carmack hazard
ARGEVT Carmack routefail
ARGUS routecache adopt
ARGEVT Joe Rogan route 7 start '1341.0 441.0  56.0' goal '957.0 297.0  56.0'
ARGEVT Carmack plan powerup via weapon
ARGEVT Carmack goal weapon_nailgun
ARGEVT Carmack routefail
ARGLOG Joe Rogan t   8.0 pos '1328.0 487.9  60.0' spd 300 yaw 168 mode 2 st 0 gl 0 hp 100 frg 0
ARGLOG Romero t   8.0 pos ' -8.2 -452.3 -32.0' spd  35.2 yaw 208 mode 2 st 0 gl 0 hp 100 frg 0
ARGEVT Romero hazard
ARGLOG Carmack t   8.0 pos '-554.9 609.2 -16.0' spd 341.2 yaw 291 mode 0 st 0 gl 3 hp 100 frg 0
ARGEVT Carmack plan powerup via weapon
ARGEVT Carmack goal weapon_grenadelauncher
ARGEVT Carmack routefail
ARGEVT Carmack goal item_spikes
ARGEVT Carmack routefail
ARGLOG Joe Rogan t   8.5 pos '1317.4 468.0  56.0' spd 363.7 yaw 165 mode 2 st 0 gl 0 hp 100 frg 0
ARGLOG Romero t   8.5 pos ' 17.0 -533.9 -16.0' spd 332.3 yaw 188 mode 2 st 0 gl 0 hp 100 frg 0
ARGLOG Carmack t   8.5 pos '-554.5 417.7 -16.0' spd 351.2 yaw 212.0 mode 0 st 0 gl 3 hp 100 frg 0
ARGEVT Carmack goal item_rockets
ARGEVT Carmack route 1 start '-595.0 473.0 -16.0' goal '-643.0 233.0 -16.0'
ARGEVT Carmack hazard
ARGLOG Joe Rogan t   9.1 pos '1152.2 389.8  56.0' spd 360.6 yaw 165 mode 2 st 0 gl 0 hp 100 frg 0
ARGLOG Romero t   9.1 pos '-83.7 -682.0 -16.0' spd 387.9 yaw 183 mode 2 st 0 gl 0 hp 100 frg 0
ARGLOG Carmack t   9.1 pos '-688.0 304.1 -16.0' spd 371.2 yaw 294 mode 1 st 0 gl 3 hp 100 frg 0
ARGEVT Carmack goal item_health
ARGEVT Carmack routefail
ARGEVT Carmack goal item_artifact_super_damage
ARGEVT Carmack routefail
ARGLOG Joe Rogan t   9.7 pos '998.4 487.9  56.0' spd 321.3 yaw 201 mode 2 st 0 gl 0 hp 100 frg 0
ARGLOG Romero t   9.7 pos '-218.7 -570.9 -16.0' spd 347.7 yaw 202 mode 2 st 0 gl 0 hp 100 frg 0
ARGLOG Carmack t   9.7 pos '-676.3 367.3 -16.0' spd 358.7 yaw 136.5 mode 0 st 0 gl 4 hp 100 frg 0
ARGEVT Carmack hazard
ARGEVT Carmack goal item_rockets
ARGEVT Carmack routefail
ARGEVT Joe Rogan hazard
ARGEVT Romero hazard
ARGEVT Carmack goal item_artifact_invulnerability
ARGEVT Carmack routefail
ARGLOG Joe Rogan t  10.2 pos '833.6 500.0  56.0' spd 377.8 yaw 212 mode 2 st 0 gl 0 hp 100 frg 0
ARGLOG Romero t  10.2 pos '-336.4 -596.8 -16.0' spd 336.9 yaw 205 mode 2 st 0 gl 0 hp 100 frg 0
ARGLOG Carmack t  10.2 pos '-566.0 478.7 -16.0' spd 323.0 yaw  49.0 mode 0 st 0 gl 4 hp 100 frg 0
ARGEVT Carmack goal item_health
ARGEVT Carmack route 2 start '-595.0 473.0 -16.0' goal '-387.0 233.0 -16.0'
ARGLOG Joe Rogan t  10.7 pos '665.3 481.9  56.0' spd 346.6 yaw 281 mode 2 st 0 gl 0 hp 100 frg 0
ARGLOG Romero t  10.7 pos '-436.4 -729.9 -16.0' spd 336.0 yaw 132 mode 2 st 0 gl 0 hp 100 frg 0
ARGLOG Carmack t  10.7 pos '-554.9 616.3 -16.0' spd  62.0 yaw 258 mode 2 st 0 gl 4 hp 100 frg 0
ARGLOG Joe Rogan t  11.3 pos '605.0 384.0  56.0' spd  73.8 yaw 322 mode 2 st 0 gl 0 hp 100 frg 0
ARGLOG Romero t  11.3 pos '-616.8 -727.9 -16.0' spd 372.7 yaw 26 mode 2 st 0 gl 0 hp 100 frg 0
ARGLOG Carmack t  11.3 pos '-581.5 447.6 -16.0' spd 320.1 yaw 313 mode 2 st 0 gl 4 hp 100 frg 0
ARGEVT Carmack hazard
ARGLOG Joe Rogan t  11.8 pos '688.8 232.4  56.0' spd 320.1 yaw 334 mode 2 st 0 gl 0 hp 100 frg 0
ARGLOG Romero t  11.8 pos '-672.4 -551.2 -16.0' spd 324.6 yaw 14 mode 2 st 0 gl 0 hp 100 frg 0
ARGLOG Carmack t  11.8 pos '-547.8 368.0 -16.0' spd  97.6 yaw 320 mode 2 st 0 gl 4 hp 100 frg 0
ARGEVT Romero route 16 start '-659.0 -487.0 -16.0' goal '557.0 -55.0 -168.0'
ARGLOG Joe Rogan t  12.4 pos '828.1 118.3  56.0' spd 323.7 yaw 54 mode 2 st 0 gl 0 hp 100 frg 0
ARGLOG Romero t  12.4 pos '-549.1 -421.6 -16.0' spd 367.8 yaw 7 mode 2 st 0 gl 0 hp 100 frg 0
ARGLOG Carmack t  12.4 pos '-591.3 220.5 -16.0' spd 382.7 yaw 3 mode 2 st 0 gl 4 hp 100 frg 0
ARGEVT Romero engage Joe Rogan
ARGUS routecache adopt
ARGEVT Romero route 15 start '173.0 -327.0  56.0' goal '557.0 -55.0 -168.0'
ARGEVT Carmack hazard
ARGEVT Carmack jump
ARGLOG Joe Rogan t  13.0 pos '984.8 187.8  56.0' spd 364.0 yaw 106 mode 1 st 0 gl 0 hp 100 frg 0
ARGLOG Romero t  13.0 pos '263.7 -280.3  60.0' spd 300 yaw  44.7 mode 2 st 0 gl 0 hp 100 frg 0
ARGLOG Carmack t  13.0 pos '-640.0 329.2  -2.0' spd 229.1 yaw 346.2 mode 2 st 0 gl 4 hp 100 frg 0
ARGEVT Joe Rogan engage Romero
ARGEVT Joe Rogan goal item_artifact_invulnerability
ARGLOG Joe Rogan t  13.5 pos '899.2 253.1  56.0' spd 327.5 yaw 220.9 mode 0 st 0 gl 1 hp 100 frg 0
ARGLOG Romero t  13.5 pos '355.0 -203.2  56.0' spd 320.0 yaw  45.3 mode 2 st 0 gl 0 hp 100 frg 0
ARGLOG Carmack t  13.5 pos '-627.7 375.9 -16.0' spd  57.9 yaw 330 mode 2 st 0 gl 4 hp 100 frg 0
ARGEVT Joe Rogan route 19 start '957.0 297.0  56.0' goal '1005.0 793.0 -296.0'
ARGEVT Romero grab item_artifact_invisibility
ARGEVT Romero retreat
ARGEVT Carmack hazard
ARGLOG Joe Rogan t  14.1 pos '769.6 132.4  56.0' spd 361.1 yaw 199.4 mode 2 st 0 gl 1 hp 100 frg 0
ARGEVT Joe Rogan hazard
ARGLOG Romero t  14.1 pos '258.9 -77.1  56.0' spd 331.4 yaw  21.5 mode 2 st 0 gl 0 hp 68 frg 0
ARGLOG Carmack t  14.1 pos '-478.4 375.0 -16.0' spd 347.3 yaw 303 mode 2 st 0 gl 4 hp 100 frg 0
ARGEVT Romero pursue
ARGLOG Joe Rogan t  14.6 pos '827.7  53.9  56.0' spd 375.1 yaw 13 mode 2 st 0 gl 1 hp 100 frg 0
ARGLOG Romero t  14.6 pos '222.8 -13.9  56.0' spd 326.2 yaw 18 mode 2 st 0 gl 0 hp 68 frg 0
ARGLOG Carmack t  14.6 pos '-420.5 379.0 -16.0' spd 320.4 yaw 283 mode 2 st 0 gl 4 hp 100 frg 0
ARGEVT Joe Rogan pursue
ARGEVT Carmack hazard
ARGLOG Joe Rogan t  15.1 pos '937.4 -80.5  56.0' spd 406.0 yaw 194.1 mode 2 st 0 gl 1 hp 100 frg 0
ARGLOG Romero t  15.1 pos '169.9  90.5  56.0' spd 350.9 yaw 321.7 mode 2 st 0 gl 0 hp 68 frg 0
ARGLOG Carmack t  15.1 pos '-486.5 368.2 -16.0' spd 198.4 yaw 307 mode 2 st 0 gl 4 hp 100 frg 0
ARGEVT Romero hazard
ARGUS Joe Rogan hunch item_health
ARGEVT Joe Rogan goal item_artifact_invulnerability
ARGUS routecache adopt
ARGEVT Joe Rogan route 17 start '893.0 -135.0  56.0' goal '1005.0 793.0 -296.0'
ARGLOG Joe Rogan t  15.6 pos '811.3 -122.5  56.0' spd 260.8 yaw  47.1 mode 2 st 0 gl 1 hp 100 frg 0
ARGLOG Romero t  15.6 pos '144.0 199.7  56.0' spd 107.5 yaw 356.7 mode 2 st 0 gl 0 hp 68 frg 0
ARGLOG Carmack t  15.6 pos '-414.6 368.0 -16.0' spd 234.5 yaw 282 mode 2 st 0 gl 4 hp 100 frg 0
ARGEVT Joe Rogan pursue
ARGEVT Carmack hazard
ARGLOG Joe Rogan t  16.2 pos '948.0 -153.1  56.0' spd 398.8 yaw 228.9 mode 2 st 0 gl 1 hp 100 frg 0
ARGLOG Romero t  16.2 pos '169.4 284.7  56.0' spd 177.5 yaw 314.0 mode 2 st 0 gl 0 hp 68 frg 0
ARGLOG Carmack t  16.2 pos '-505.5 368.0 -16.0' spd  21.0 yaw 312 mode 2 st 0 gl 4 hp 100 frg 0
ARGLOG Joe Rogan t  16.8 pos '812.0 -288.7  56.0' spd 322.1 yaw 224 mode 2 st 0 gl 1 hp 100 frg 0
ARGLOG Romero t  16.8 pos '172.4 155.7  56.0' spd 320.6 yaw 306.9 mode 2 st 0 gl 0 hp 68 frg 0
ARGLOG Carmack t  16.8 pos '-419.4 377.1 -16.0' spd 320.8 yaw 283 mode 2 st 0 gl 4 hp 100 frg 0
ARGEVT Carmack hazard
ARGEVT Romero pursue
ARGLOG Joe Rogan t  17.3 pos '643.8 -343.7  56.0' spd 349.7 yaw 137 mode 2 st 0 gl 1 hp 100 frg 0
ARGLOG Romero t  17.3 pos '155.1 -20.7  56.0' spd 380.1 yaw 335 mode 2 st 0 gl 0 hp 68 frg 0
ARGLOG Carmack t  17.3 pos '-500.7 369.3 -16.0' spd 139.8 yaw 310 mode 2 st 0 gl 4 hp 100 frg 0
ARGEVT Joe Rogan hazard
ARGEVT Joe Rogan route 16 start '685.0 -231.0  56.0' goal '1005.0 793.0 -296.0'
ARGLOG Joe Rogan t  17.8 pos '678.2 -254.4  56.0' spd 321.0 yaw 274 mode 2 st 0 gl 1 hp 100 frg 0
ARGLOG Romero t  17.8 pos '287.4 -119.6  56.0' spd 321.3 yaw 356.3 mode 2 st 0 gl 0 hp 68 frg 0
ARGLOG Carmack t  17.8 pos '-400.0 374.8 -16.0' spd 280.3 yaw 276 mode 2 st 0 gl 4 hp 100 frg 0
ARGEVT Carmack hazard
ARGLOG Joe Rogan t  18.4 pos '836.7 -282.5  56.0' spd 404.8 yaw 232.3 mode 2 st 0 gl 1 hp 100 frg 0
ARGLOG Romero t  18.4 pos '191.8 -260.3  56.0' spd 320.7 yaw 334.7 mode 0 st 0 gl 0 hp 68 frg 0
ARGLOG Carmack t  18.4 pos '-504.4 377.0 -16.0' spd 145.5 yaw 310 mode 2 st 0 gl 4 hp 100 frg 0
ARGEVT Romero route 15 start '173.0 -327.0  56.0' goal '557.0 -55.0 -168.0'
ARGEVT Romero pursue
ARGLOG Joe Rogan t  18.9 pos '684.3 -384.3  56.0' spd 330.8 yaw 161.0 mode 2 st 0 gl 1 hp 100 frg 0
ARGLOG Romero t  18.9 pos '255.5 -351.8  60.0' spd 330.1 yaw 13 mode 2 st 0 gl 0 hp 68 frg 0
ARGLOG Carmack t  18.9 pos '-400.0 377.7 -16.0' spd 267.4 yaw 276 mode 2 st 0 gl 4 hp 100 frg 0
ARGEVT Carmack hazard
ARGEVT Joe Rogan hazard
ARGLOG Joe Rogan t  19.5 pos '610.5 -444.4  88.0' spd 201.6 yaw 313 mode 2 st 0 gl 1 hp 100 frg 0
ARGLOG Romero t  19.5 pos '432.9 -326.2  56.0' spd 320.1 yaw 15 mode 0 st 0 gl 0 hp 68 frg 0
ARGLOG Carmack t  19.5 pos '-501.2 369.5 -16.0' spd 144.7 yaw 310 mode 2 st 0 gl 4 hp 100 frg 0
ARGEVT Romero route 15 start '381.0 -375.0  56.0' goal '557.0 -55.0 -168.0'
ARGUS Romero hunch item_health
ARGEVT Romero hazard
ARGEVT Romero pursue
ARGLOG Joe Rogan t  20.0 pos '632.1 -606.1  88.0' spd 380.5 yaw 192.6 mode 0 st 0 gl 1 hp 100 frg 0
ARGLOG Romero t  20.0 pos '490.0 -296.7  56.0' spd 338.5 yaw 141.3 mode 2 st 0 gl 0 hp 68 frg 0
ARGLOG Carmack t  20.0 pos '-400.0 376.7 -16.0' spd 275.3 yaw 276 mode 2 st 0 gl 4 hp 100 frg 0
ARGEVT Romero goal item_health
ARGUS routecache adopt
ARGEVT Romero route 15 start '381.0 -375.0  56.0' goal '557.0 -55.0 -168.0'
ARGEVT Romero pursue
ARGEVT Carmack hazard
ARGEVT Joe Rogan hazard
ARGEVT Joe Rogan route 14 start '701.0 -663.0  88.0' goal '1005.0 793.0 -296.0'
ARGLOG Joe Rogan t  20.5 pos '616.4 -610.3  88.0' spd 345.4 yaw 351 mode 2 st 0 gl 1 hp 100 frg 0
ARGLOG Romero t  20.5 pos '382.8 -203.8  56.0' spd  67.9 yaw 357 mode 2 st 0 gl 0 hp 68 frg 0
ARGLOG Carmack t  20.5 pos '-504.1 377.4 -16.0' spd 142.8 yaw 310 mode 2 st 0 gl 4 hp 100 frg 0
ARGEVT Joe Rogan route 15 start '637.0 -455.0  88.0' goal '1005.0 793.0 -296.0'
ARGLOG Joe Rogan t  21.1 pos '619.8 -432.8  88.0' spd 322.0 yaw 311 mode 2 st 0 gl 1 hp 100 frg 0
ARGLOG Romero t  21.1 pos '469.0 -336.4  56.0' spd 387.0 yaw 192.2 mode 2 st 0 gl 0 hp 68 frg 0
ARGLOG Carmack t  21.1 pos '-400.0 377.5 -16.0' spd 266.6 yaw 276 mode 2 st 0 gl 4 hp 100 frg 0
ARGEVT Carmack hazard
ARGLOG Joe Rogan t  21.6 pos '616.6 -418.6  72.0' spd 322.1 yaw 310 mode 2 st 0 gl 1 hp 100 frg 0
ARGLOG Romero t  21.6 pos '319.3 -268.6  56.0' spd 365.4 yaw 109 mode 2 st 0 gl 0 hp 68 frg 0
ARGLOG Carmack t  21.6 pos '-501.9 369.0 -16.0' spd 141.9 yaw 311 mode 2 st 0 gl 4 hp 100 frg 0
ARGEVT Joe Rogan stall
ARGEVT Joe Rogan stallnode '701.0 -663.0  88.0'
ARGEVT Joe Rogan jump
ARGUS routecache adopt
ARGEVT Joe Rogan route 15 start '637.0 -455.0  88.0' goal '1005.0 793.0 -296.0'
ARGLOG Joe Rogan t  22.2 pos '665.2 -591.6 118.8' spd 320.9 yaw 334 mode 0 st 1 gl 1 hp 100 frg 0
ARGLOG Romero t  22.2 pos '292.7 -86.9  56.0' spd 329.8 yaw 66 mode 2 st 0 gl 0 hp 68 frg 0
ARGLOG Carmack t  22.2 pos '-419.8 379.1 -16.0' spd 320.7 yaw 283 mode 2 st 0 gl 4 hp 100 frg 0
ARGEVT Carmack hazard
ARGUS routecache adopt
ARGEVT Joe Rogan route 14 start '701.0 -663.0  88.0' goal '1005.0 793.0 -296.0'
ARGLOG Joe Rogan t  22.7 pos '794.1 -691.7  88.0' spd 352.3 yaw 2 mode 2 st 1 gl 1 hp 100 frg 0
ARGLOG Romero t  22.7 pos '254.5  71.5  56.0' spd 367.9 yaw 41 mode 2 st 0 gl 0 hp 68 frg 0
ARGLOG Carmack t  22.7 pos '-484.6 368.0 -16.0' spd 283.9 yaw 306 mode 2 st 0 gl 4 hp 100 frg 0
ARGLOG Joe Rogan t  23.3 pos '943.9 -791.9  88.0' spd 321.6 yaw 45 mode 2 st 1 gl 1 hp 100 frg 0
ARGLOG Romero t  23.3 pos '393.1 188.5  56.0' spd 320.1 yaw 45 mode 2 st 0 gl 0 hp 68 frg 0
ARGLOG Carmack t  23.3 pos '-431.7 369.1 -16.0' spd 254.5 yaw 289 mode 2 st 0 gl 4 hp 100 frg 0
ARGEVT Carmack hazard
ARGLOG Joe Rogan t  23.9 pos '1098.6 -694.4  78.7' spd 410.1 yaw 56 mode 2 st 1 gl 1 hp 100 frg 0
ARGLOG Romero t  23.9 pos '524.4 310.0  56.0' spd 320.2 yaw 32 mode 2 st 0 gl 0 hp 68 frg 0
ARGLOG Carmack t  23.9 pos '-460.7 368.0 -16.0' spd 358.0 yaw 299 mode 2 st 0 gl 4 hp 100 frg 0
ARGEVT Romero jump
ARGEVT Carmack hazard
ARGLOG Joe Rogan t  24.4 pos '1078.1 -646.9 -24.0' spd 336.1 yaw 24 mode 2 st 1 gl 1 hp 100 frg 0
ARGLOG Romero t  24.4 pos '552.0 439.3  86.8' spd 232.8 yaw 19 mode 2 st 0 gl 0 hp 68 frg 0
ARGLOG Carmack t  24.4 pos '-451.8 372.0 -16.0' spd 323.5 yaw 295 mode 2 st 0 gl 4 hp 100 frg 0
ARGEVT Romero hazard
ARGLOG Joe Rogan t  25.0 pos '1241.6 -609.2 -24.0' spd 326.4 yaw 28 mode 2 st 1 gl 1 hp 100 frg 0
ARGLOG Romero t  25.0 pos '542.5 572.6  56.0' spd 195.7 yaw 0 mode 2 st 0 gl 0 hp 68 frg 0
ARGLOG Carmack t  25.0 pos '-437.1 368.0 -16.0' spd 390.1 yaw 291 mode 2 st 0 gl 4 hp 100 frg 0
ARGEVT Carmack hazard
ARGLOG Joe Rogan t  25.5 pos '1383.8 -498.3 -24.0' spd 322.4 yaw 13 mode 2 st 1 gl 1 hp 100 frg 0
ARGLOG Romero t  25.5 pos '547.9 622.5  56.0' spd 299.2 yaw 352 mode 2 st 0 gl 0 hp 68 frg 0
ARGLOG Carmack t  25.5 pos '-465.3 373.2 -16.0' spd 212.4 yaw 300 mode 2 st 0 gl 4 hp 100 frg 0
ARGEVT Romero hazard
ARGLOG Joe Rogan t  26.1 pos '1539.1 -404.4 -24.0' spd 357.0 yaw 90 mode 2 st 1 gl 1 hp 100 frg 0
ARGLOG Romero t  26.1 pos '552.0 435.2  56.0' spd 222.7 yaw 19 mode 2 st 0 gl 0 hp 68 frg 0
ARGLOG Carmack t  26.1 pos '-409.3 368.0 -16.0' spd 403.2 yaw 280 mode 2 st 0 gl 4 hp 100 frg 0
ARGEVT Carmack hazard
ARGLOG Joe Rogan t  26.6 pos '1579.2 -199.8 -110.5' spd 334.8 yaw 153 mode 2 st 1 gl 1 hp 100 frg 0
ARGLOG Romero t  26.6 pos '552.0 345.1  56.0' spd 147.3 yaw 30 mode 2 st 0 gl 0 hp 68 frg 0
ARGLOG Carmack t  26.6 pos '-466.1 372.2 -16.0' spd 170.8 yaw 300 mode 2 st 0 gl 4 hp 100 frg 0
ARGEVT Romero hazard
ARGEVT Joe Rogan swim
ARGLOG Joe Rogan t  27.2 pos '1586.1 -93.7 -281.4' spd 147.2 yaw 175 mode 2 st 1 gl 1 hp 100 frg 0
ARGLOG Romero t  27.2 pos '552.0 270.1  56.0' spd 126.5 yaw 38 mode 2 st 0 gl 0 hp 68 frg 0
ARGLOG Carmack t  27.2 pos '-421.6 370.8 -16.0' spd 401.9 yaw 285 mode 2 st 0 gl 4 hp 100 frg 0
ARGEVT Carmack hazard
ARGLOG Joe Rogan t  27.8 pos '1552.0  29.4 -361.6' spd 225.7 yaw 145 mode 2 st 1 gl 1 hp 100 frg 0
ARGLOG Romero t  27.8 pos '552.0 453.1  56.0' spd 410.9 yaw 17 mode 2 st 0 gl 0 hp 68 frg 0
ARGEVT Romero hazard
ARGLOG Carmack t  27.8 pos '-465.7 372.8 -16.0' spd 163.7 yaw 300 mode 2 st 0 gl 4 hp 100 frg 0
ARGLOG Joe Rogan t  28.3 pos '1460.7  38.4 -352.7' spd 240.6 yaw 132 mode 2 st 1 gl 1 hp 100 frg 0
ARGLOG Romero t  28.3 pos '552.0 610.6  56.0' spd 170.3 yaw 354 mode 2 st 0 gl 0 hp 68 frg 0
ARGLOG Carmack t  28.3 pos '-413.1 368.0 -16.0' spd 399.8 yaw 281 mode 2 st 0 gl 4 hp 100 frg 0
ARGEVT Carmack hazard
ARGEVT Romero hazard
ARGLOG Joe Rogan t  28.8 pos '1343.6 -21.0 -347.9' spd 251.8 yaw 92 mode 2 st 1 gl 1 hp 100 frg 0
ARGLOG Romero t  28.8 pos '545.5 582.5  56.0' spd 378.4 yaw 358 mode 2 st 0 gl 0 hp 68 frg 0
ARGLOG Carmack t  28.8 pos '-465.8 373.4 -16.0' spd 215.3 yaw 300 mode 2 st 0 gl 4 hp 100 frg 0
ARGLOG Joe Rogan t  29.4 pos '1301.7  72.5 -353.1' spd 253.0 yaw 86 mode 2 st 1 gl 1 hp 100 frg 0
ARGLOG Romero t  29.4 pos '542.6 441.1  56.0' spd 161.3 yaw 18 mode 2 st 0 gl 0 hp 68 frg 0
ARGLOG Carmack t  29.4 pos '-412.6 368.0 -16.0' spd 403.5 yaw 281 mode 2 st 0 gl 4 hp 100 frg 0
ARGUS routecache adopt
ARGEVT Joe Rogan route 6 start '1325.0 -71.0 -392.0' goal '1005.0 793.0 -296.0'
ARGEVT Carmack hazard
ARGEVT Romero hazard
ARGLOG Joe Rogan t  30.0 pos '1292.3  96.0 -358.7' spd 118.2 yaw 69 mode 2 st 1 gl 1 hp 100 frg 0
ARGLOG Romero t  30.0 pos '546.0 509.4  56.0' spd 322.5 yaw 8 mode 2 st 0 gl 0 hp 68 frg 0
ARGEVT Carmack stall
ARGEVT Carmack stallnode '-387.0 233.0 -16.0'
ARGLOG Carmack t  30.0 pos '-475.2 374.0 -16.0' spd 164.7 yaw 516.9 mode 0 st 1 gl 4 hp 100 frg 0
ARGEVT Carmack jump
ARGEVT Carmack route 2 start '-595.0 473.0 -16.0' goal '-387.0 233.0 -16.0'
ARGLOG Joe Rogan t  30.5 pos '1221.8  34.1 -349.1' spd 199.0 yaw 55 mode 2 st 1 gl 1 hp 100 frg 0
ARGLOG Romero t  30.5 pos '539.0 616.5  56.0' spd 154.7 yaw 353 mode 2 st 0 gl 0 hp 68 frg 0
ARGEVT Carmack abandon
ARGEVT Carmack goal weapon_supernailgun
ARGLOG Carmack t  30.5 pos '-473.2 373.4  -3.9' spd  54.5 yaw 122.5 mode 0 st 1 gl 4 hp 100 frg 0
ARGEVT Carmack routefail
ARGEVT Carmack jump
ARGEVT Carmack goal weapon_rocketlauncher
ARGEVT Carmack routefail
ARGEVT Romero hazard
ARGLOG Joe Rogan t  31.0 pos '1292.4  16.8 -359.5' spd 217.0 yaw 85 mode 2 st 1 gl 1 hp 100 frg 0
ARGLOG Romero t  31.0 pos '552.0 553.9  56.0' spd 403.1 yaw 2 mode 2 st 0 gl 0 hp 68 frg 0
ARGEVT Carmack goal item_spikes
ARGLOG Carmack t  31.0 pos '-532.6 400.0  19.6' spd 138.4 yaw  67.5 mode 0 st 1 gl 4 hp 100 frg 0
ARGEVT Carmack routefail
ARGEVT Carmack goal item_health
ARGEVT Carmack routefail
ARGEVT Carmack hazard
ARGEVT Carmack trapped
ARGEVT Carmack death Carmack pos '-477.3 400.0 -16.0'
ARGLOG Joe Rogan t  31.6 pos '1359.1  96.0 -349.9' spd   5.3 yaw 116 mode 0 st 1 gl 1 hp 100 frg 0
ARGLOG Romero t  31.6 pos '552.0 401.9  56.0' spd 167.8 yaw 24 mode 2 st 0 gl 0 hp 68 frg 0
ARGEVT Joe Rogan route 6 start '1325.0 -71.0 -392.0' goal '1005.0 793.0 -296.0'
ARGEVT Romero hazard
ARGLOG Joe Rogan t  32.1 pos '1314.3  96.0 -360.0' spd 174.1 yaw 83 mode 2 st 1 gl 1 hp 100 frg 0
ARGLOG Romero t  32.1 pos '552.0 327.0  56.0' spd 136.6 yaw 32 mode 2 st 0 gl 0 hp 68 frg 0
ARGLOG Joe Rogan t  32.6 pos '1252.8  18.0 -350.4' spd 219.3 yaw 66 mode 2 st 1 gl 1 hp 100 frg 0
ARGLOG Romero t  32.6 pos '552.0 293.9  56.0' spd 263.0 yaw 36 mode 2 st 0 gl 0 hp 68 frg 0
ARGEVT Romero hazard
ARGEVT Carmack respawn
ARGEVT Carmack goal weapon_lightning
ARGLOG Carmack t  33.1 pos '1520.0 432.0 -88.0' spd 0 yaw 340.2 mode 0 st 1 gl 4 hp 100 frg -1
ARGEVT Carmack route 11 start '1517.0 409.0 -88.0' goal '1533.0 -231.0 -392.0'
ARGLOG Joe Rogan t  33.2 pos '1334.8  52.7 -355.7' spd 215.6 yaw 91 mode 2 st 1 gl 1 hp 100 frg 0
ARGLOG Romero t  33.2 pos '552.0 503.7  56.0' spd 392.3 yaw 9 mode 2 st 0 gl 0 hp 68 frg 0
ARGEVT Joe Rogan route 5 start '1325.0 185.0 -392.0' goal '1005.0 793.0 -296.0'
ARGEVT Carmack jump
ARGLOG Carmack t  33.6 pos '1686.6 400.0 -74.1' spd 330.1 yaw 326 mode 2 st 1 gl 4 hp 100 frg -1
ARGLOG Joe Rogan t  33.8 pos '1336.5  96.0 -361.2' spd  44.1 yaw 92 mode 2 st 1 gl 1 hp 100 frg 0
ARGLOG Romero t  33.8 pos '552.0 629.9  56.0' spd 157.3 yaw 351 mode 2 st 0 gl 0 hp 68 frg 0
ARGEVT Joe Rogan route 6 start '1325.0 -71.0 -392.0' goal '1005.0 793.0 -296.0'
ARGEVT Romero hazard
ARGLOG Carmack t  34.2 pos '1871.8 400.0 -88.0' spd 330.1 yaw 301 mode 2 st 1 gl 4 hp 100 frg -1
ARGLOG Joe Rogan t  34.3 pos '1284.1  96.0 -321.9' spd 175.3 yaw 65 mode 2 st 1 gl 1 hp 100 frg 0
ARGLOG Romero t  34.3 pos '542.8 546.1  56.0' spd 391.4 yaw 3 mode 2 st 0 gl 0 hp 68 frg 0
ARGEVT Carmack hazard
ARGLOG Carmack t  34.8 pos '2030.3 447.7 -88.0' spd 397.8 yaw 267 mode 2 st 1 gl 4 hp 100 frg -1
ARGLOG Joe Rogan t  34.9 pos '1222.0  22.5 -282.6' spd 206.6 yaw 57 mode 2 st 1 gl 1 hp 100 frg 0
ARGLOG Romero t  34.9 pos '542.9 420.5  56.0' spd 140.0 yaw 21 mode 2 st 0 gl 0 hp 68 frg 0
ARGEVT Romero hazard
ARGLOG Carmack t  35.3 pos '2017.8 270.5 -88.0' spd 321.2 yaw 265 mode 2 st 1 gl 4 hp 100 frg -1
ARGLOG Joe Rogan t  35.4 pos '1289.8  27.7 -240.0' spd 130 yaw 77 mode 2 st 1 gl 1 hp 100 frg 0
ARGLOG Romero t  35.4 pos '552.0 499.9  56.0' spd 351.7 yaw 10 mode 2 st 0 gl 0 hp 68 frg 0
ARGEVT Joe Rogan abandon
ARGEVT Joe Rogan goal weapon_rocketlauncher
ARGEVT Joe Rogan route 13 start '1325.0 -71.0 -392.0' goal '1517.0 489.0 -88.0'
ARGLOG Carmack t  35.9 pos '1997.7  89.9 -136.0' spd 350.4 yaw 212.0 mode 0 st 1 gl 4 hp 100 frg -1
ARGEVT Carmack engage Joe Rogan
ARGLOG Joe Rogan t 36 pos '1353.6  32.7 -240.0' spd  95.4 yaw 212 mode 2 st 1 gl 1 hp 100 frg 0
ARGLOG Romero t 36 pos '552.0 621.3  56.0' spd 158.0 yaw 353 mode 2 st 0 gl 0 hp 68 frg 0
ARGEVT Carmack route 7 start '1949.0  57.0 -152.0' goal '1533.0 -231.0 -392.0'
ARGEVT Romero hazard
ARGEVT Carmack pursue
ARGLOG Carmack t  36.4 pos '1856.6 -40.2 -168.0' spd 328.3 yaw 171 mode 2 st 1 gl 4 hp 100 frg -1
ARGLOG Joe Rogan t  36.6 pos '1406.5  32.6 -240.0' spd 130 yaw 300.2 mode 2 st 1 gl 1 hp 100 frg 0
ARGLOG Romero t  36.6 pos '544.8 537.6  56.0' spd 393.0 yaw 4 mode 2 st 0 gl 0 hp 68 frg 0
ARGLOG Carmack t  36.9 pos '1690.9 -60.2 -168.0' spd 322.4 yaw 164 mode 2 st 1 gl 4 hp 100 frg -1
ARGEVT Carmack route 7 start '1629.0 -103.0 -168.0' goal '1533.0 -231.0 -392.0'
ARGLOG Joe Rogan t  37.1 pos '1508.0  37.4 -240.0' spd 250.4 yaw 351 mode 2 st 1 gl 1 hp 100 frg 0
ARGLOG Romero t  37.1 pos '536.4 423.0  56.0' spd 153.3 yaw 20 mode 2 st 0 gl 0 hp 68 frg 0
ARGEVT Romero hazard
ARGEVT Romero stall
ARGEVT Romero stallnode '701.0 505.0  56.0'
ARGEVT Romero jump
ARGLOG Carmack t  37.5 pos '1517.1 -15.7 -168.0' spd 320.0 yaw 163 mode 2 st 1 gl 4 hp 100 frg -1
ARGEVT Romero route 12 start '397.0 505.0  56.0' goal '557.0 -55.0 -168.0'
ARGLOG Joe Rogan t  37.7 pos '1627.8  39.2 -240.0' spd 216.7 yaw 346 mode 2 st 1 gl 1 hp 100 frg 0
ARGLOG Romero t  37.7 pos '552.0 545.0  92.3' spd  30.1 yaw 264 mode 2 st 1 gl 0 hp 68 frg 0
ARGUS Carmack hunch weapon_lightning
ARGEVT Carmack route 8 start '1405.0 -39.0 -168.0' goal '1533.0 -231.0 -392.0'
ARGEVT Joe Rogan engage Carmack
ARGLOG Carmack t  38.0 pos '1353.1  65.2 -171.2' spd 330.2 yaw  79.3 mode 2 st 1 gl 4 hp 100 frg -1
ARGEVT Joe Rogan route 5 start '1949.0  57.0 -152.0' goal '1517.0 489.0 -88.0'
ARGEVT Carmack goal weapon_lightning
ARGEVT Carmack route 8 start '1405.0 -39.0 -168.0' goal '1533.0 -231.0 -392.0'
ARGLOG Joe Rogan t  38.2 pos '1713.3  33.2 -240.0' spd 157.1 yaw 163.4 mode 2 st 1 gl 1 hp 99 frg 0
ARGLOG Romero t  38.2 pos '516.8 523.7  56.0' spd 320.3 yaw 273 mode 2 st 1 gl 0 hp 68 frg 0
ARGEVT Carmack swim
ARGEVT Romero hazard
ARGLOG Carmack t  38.5 pos '1266.9  48.0 -200.5' spd  26.6 yaw 359.4 mode 2 st 1 gl 4 hp 100 frg -1
ARGLOG Joe Rogan t  38.7 pos '1757.2  65.4 -236.8' spd 217.2 yaw 184.3 mode 2 st 1 gl 1 hp 93 frg 0
ARGLOG Romero t  38.7 pos '487.7 435.8  56.0' spd 332.6 yaw 17 mode 2 st 1 gl 0 hp 68 frg 0
ARGLOG Carmack t  39.1 pos '1289.5  57.5 -206.0' spd  51.4 yaw   9.8 mode 2 st 1 gl 4 hp 100 frg -1
ARGEVT Carmack swim
ARGEVT Romero jump
ARGLOG Joe Rogan t  39.3 pos '1767.1 165.0 -228.1' spd  52.2 yaw 190.0 mode 2 st 1 gl 1 hp 90 frg 0
ARGLOG Romero t  39.3 pos '552.0 265.5  69.7' spd 285.4 yaw 39 mode 2 st 1 gl 0 hp 68 frg 0
ARGLOG Carmack t  39.6 pos '1287.0  96.0 -221.9' spd  44.7 yaw   1.7 mode 2 st 1 gl 4 hp 84 frg -1
ARGLOG Joe Rogan t  39.9 pos '1776.9  61.4 -228.1' spd 269.1 yaw 177.1 mode 2 st 1 gl 1 hp 86 frg 0
ARGLOG Romero t  39.9 pos '552.0 254.2  56.0' spd  34.9 yaw 40 mode 2 st 1 gl 0 hp 68 frg 0
ARGEVT Carmack retreat
ARGLOG Carmack t  40.2 pos '1298.2  96.0 -221.8' spd 200.5 yaw 356.8 mode 2 st 1 gl 4 hp 52 frg -1
ARGEVT Romero abandon
ARGEVT Romero goal item_health
ARGEVT Romero route 8 start '525.0 313.0  56.0' goal '-723.0  73.0 184.0'
ARGLOG Joe Rogan t  40.4 pos '1767.1  48.0 -228.1' spd   1.3 yaw 178.7 mode 2 st 1 gl 1 hp 83 frg 0
ARGLOG Romero t  40.4 pos '550.6 432.4  56.0' spd 327.0 yaw 160 mode 2 st 1 gl 0 hp 68 frg 0
ARGLOG Carmack t  40.7 pos '1152.3 100.5 -221.7' spd 285.8 yaw 359.1 mode 2 st 1 gl 4 hp 52 frg -1
ARGLOG Joe Rogan t  41.0 pos '1687.0  54.6 -228.0' spd 243.1 yaw 177.9 mode 2 st 1 gl 1 hp 83 frg 0
ARGLOG Romero t  41.0 pos '407.2 545.4  56.0' spd 323.8 yaw 185 mode 2 st 1 gl 0 hp 68 frg 0
ARGEVT Carmack route 9 start '1181.0 -103.0 -168.0' goal '1533.0 -231.0 -392.0'
ARGLOG Carmack t  41.3 pos '1056.0 104.0 -221.6' spd   5.8 yaw 358.7 mode 2 st 1 gl 4 hp 36 frg -1
ARGLOG Joe Rogan t  41.6 pos '1557.6  48.0 -228.0' spd  99.9 yaw 176.6 mode 0 st 1 gl 1 hp 80 frg 0
ARGLOG Romero t  41.6 pos '228.1 566.7  56.0' spd 324.5 yaw 187 mode 2 st 1 gl 0 hp 68 frg 0
ARGEVT Joe Rogan route 14 start '1533.0  41.0 -392.0' goal '1517.0 489.0 -88.0'
ARGLOG Carmack t  41.9 pos '1056.0 119.8 -221.5' spd  43.7 yaw 354.1 mode 2 st 1 gl 4 hp 4 frg -1
ARGLOG Joe Rogan t  42.1 pos '1525.2 135.0 -312.6' spd 251.7 yaw 184.7 mode 2 st 1 gl 1 hp 80 frg 0
ARGLOG Romero t  42.1 pos ' 51.5 534.5  40.0' spd 320.1 yaw 185 mode 2 st 1 gl 0 hp 68 frg 0
ARGEVT Carmack pursue
ARGEVT Romero jump
ARGLOG Carmack t  42.4 pos '1059.7 139.4 -221.5' spd  63.5 yaw 355 mode 2 st 1 gl 4 hp 4 frg -1
ARGEVT Joe Rogan route 15 start '1533.0 281.0 -392.0' goal '1517.0 489.0 -88.0'
ARGLOG Joe Rogan t  42.6 pos '1494.3 270.2 -337.6' spd 284.4 yaw  64.2 mode 2 st 1 gl 1 hp 80 frg 0
ARGLOG Romero t  42.6 pos '-105.7 500.9  72.0' spd 322.3 yaw 164 mode 2 st 1 gl 0 hp 68 frg 0
ARGEVT Joe Rogan pursue
ARGLOG Carmack t  43.0 pos '1175.9 133.7 -221.5' spd 267.4 yaw 354 mode 2 st 1 gl 4 hp 4 frg -1
ARGLOG Joe Rogan t  43.2 pos '1557.5 335.9 -357.8' spd 154.4 yaw 245.0 mode 2 st 1 gl 1 hp 80 frg 0
ARGLOG Romero t  43.2 pos '-283.8 473.1  -0.5' spd 322.3 yaw 95 mode 2 st 1 gl 0 hp 68 frg 0
ARGEVT Romero jump
ARGEVT Carmack pursue
ARGLOG Carmack t  43.5 pos '1248.0 113.5 -221.4' spd  33.4 yaw 356 mode 2 st 1 gl 4 hp 4 frg -1
ARGUS Joe Rogan hunch item_health
ARGEVT Joe Rogan goal weapon_rocketlauncher
ARGUS routecache adopt
ARGEVT Joe Rogan route 15 start '1533.0 281.0 -392.0' goal '1517.0 489.0 -88.0'
ARGLOG Joe Rogan t  43.7 pos '1505.4 262.7 -348.0' spd 161.4 yaw 353.7 mode 0 st 1 gl 1 hp 80 frg 0
ARGLOG Romero t  43.7 pos '-288.0 479.9   6.9' spd  30.2 yaw 92 mode 2 st 1 gl 0 hp 68 frg 0
ARGEVT Romero jump
ARGEVT Joe Rogan pursue
ARGLOG Carmack t  44.1 pos '1248.0 100.9 -221.4' spd  15.4 yaw 359 mode 2 st 1 gl 4 hp 4 frg -1
ARGLOG Joe Rogan t  44.2 pos '1524.0 178.3 -357.6' spd 229.6 yaw 215.5 mode 2 st 1 gl 1 hp 80 frg 0
ARGLOG Romero t  44.2 pos '-293.7 592.0  15.9' spd  90.1 yaw 209.8 mode 2 st 1 gl 0 hp 68 frg 0
ARGUS Carmack hunch weapon_lightning
ARGEVT Carmack goal weapon_lightning
ARGEVT Carmack route 8 start '1405.0 -39.0 -168.0' goal '1533.0 -231.0 -392.0'
ARGEVT Carmack death Joe Rogan pos '1248.0 103.7 -221.1'
ARGUS Joe Rogan watch spawn
ARGEVT Joe Rogan goal weapon_lightning
ARGEVT Joe Rogan route 1 start '1533.0  41.0 -392.0' goal '1533.0 -231.0 -392.0'
ARGLOG Joe Rogan t  44.8 pos '1485.1  95.7 -348.1' spd  47.6 yaw 160.5 mode 2 st 1 gl 1 hp 80 frg 1
ARGLOG Romero t  44.8 pos '-298.4 560.0 -16.0' spd  54.8 yaw 278 mode 2 st 1 gl 0 hp 68 frg 0
ARGEVT Romero jump
ARGLOG Joe Rogan t  45.4 pos '1380.2  78.8 -353.8' spd 230.8 yaw 297 mode 2 st 1 gl 1 hp 80 frg 1
ARGLOG Romero t  45.4 pos '-267.5 543.5   6.5' spd  75.3 yaw 239.0 mode 2 st 1 gl 0 hp 68 frg 0
ARGEVT Romero jump
ARGLOG Joe Rogan t  45.9 pos '1412.1   7.9 -359.6' spd 210.3 yaw 297 mode 2 st 1 gl 1 hp 80 frg 1
ARGLOG Romero t  45.9 pos '-291.3 463.2  20.3' spd  53.1 yaw 89 mode 2 st 1 gl 0 hp 68 frg 0
ARGEVT Carmack respawn
ARGEVT Carmack goal weapon_lightning
ARGLOG Carmack t  46.2 pos '-632.0 -680.0 -16.0' spd 0 yaw  70.8 mode 0 st 1 gl 4 hp 100 frg -1
ARGLOG Joe Rogan t  46.4 pos '1456.0 -39.2 -355.3' spd 194.1 yaw 300 mode 1 st 1 gl 1 hp 80 frg 1
ARGLOG Romero t  46.4 pos '-294.5 464.0 -16.0' spd  78.2 yaw 87 mode 2 st 1 gl 0 hp 68 frg 0
ARGEVT Carmack route 18 start '-659.0 -743.0 -16.0' goal '1533.0 -231.0 -392.0'
ARGEVT Romero jump
ARGEVT Carmack hazard
ARGLOG Carmack t  46.8 pos '-598.8 -566.9 -16.0' spd 108.6 yaw 126 mode 2 st 1 gl 4 hp 100 frg -1
ARGLOG Joe Rogan t  47.0 pos '1487.9 -160.5 -315.9' spd 253.8 yaw 331 mode 1 st 1 gl 1 hp 80 frg 1
ARGLOG Romero t  47.0 pos '-262.8 491.9   6.5' spd  95.0 yaw 114 mode 2 st 1 gl 0 hp 68 frg 0
ARGEVT Romero hazard
ARGEVT Romero jump
ARGLOG Carmack t  47.3 pos '-649.3 -714.6 -16.0' spd 383.5 yaw 25 mode 2 st 1 gl 4 hp 100 frg -1
ARGLOG Joe Rogan t  47.5 pos '1602.5 -190.2 -276.6' spd 186.7 yaw 122.0 mode 1 st 1 gl 1 hp 80 frg 1
ARGLOG Romero t  47.5 pos '-304.0 445.1  20.3' spd  27.4 yaw 83 mode 2 st 1 gl 0 hp 68 frg 0
ARGLOG Carmack t  47.8 pos '-664.6 -562.2 -16.0' spd 320.1 yaw 15 mode 2 st 1 gl 4 hp 100 frg -1
ARGLOG Joe Rogan t  48.1 pos '1551.3 -162.7 -237.2' spd 191.8 yaw 257 mode 1 st 1 gl 1 hp 80 frg 1
ARGLOG Romero t  48.1 pos '-291.0 464.0 -16.0' spd  74.8 yaw 90 mode 2 st 1 gl 0 hp 68 frg 0
ARGEVT Romero jump
ARGUS routecache adopt
ARGEVT Carmack route 17 start '-659.0 -487.0 -16.0' goal '1533.0 -231.0 -392.0'
ARGLOG Carmack t  48.4 pos '-574.2 -429.8 -16.0' spd 372.2 yaw 7 mode 2 st 1 gl 4 hp 100 frg -1
ARGLOG Joe Rogan t  48.7 pos '1570.3 -239.8 -228.3' spd 164.1 yaw  74.0 mode 1 st 1 gl 1 hp 80 frg 1
ARGLOG Romero t  48.7 pos '-261.4 499.2  -4.6' spd 103.5 yaw 118 mode 2 st 1 gl 0 hp 68 frg 0
ARGUS routecache adopt
ARGEVT Carmack route 16 start '173.0 -327.0  56.0' goal '1533.0 -231.0 -392.0'
ARGEVT Romero hazard
ARGEVT Romero jump
ARGLOG Carmack t  48.9 pos '263.5 -280.5  60.0' spd 300 yaw 96 mode 2 st 1 gl 4 hp 100 frg -1
ARGLOG Joe Rogan t  49.2 pos '1552.7 -179.2 -228.2' spd 188.9 yaw 228.5 mode 1 st 1 gl 1 hp 80 frg 1
ARGLOG Romero t  49.2 pos '-303.9 447.4  21.6' spd  30.4 yaw 83 mode 2 st 1 gl 0 hp 68 frg 0
ARGLOG Carmack t  49.5 pos '255.9 -173.3  56.0' spd 335.4 yaw 98 mode 2 st 1 gl 4 hp 100 frg -1
ARGLOG Joe Rogan t  49.7 pos '1526.5 -238.2 -228.2' spd 160.6 yaw  27.8 mode 1 st 1 gl 1 hp 80 frg 1
ARGLOG Romero t  49.7 pos '-291.2 464.0 -16.0' spd  74.1 yaw 89 mode 2 st 1 gl 0 hp 68 frg 0
ARGEVT Romero jump
ARGLOG Carmack t  50.0 pos '253.6   7.1  56.0' spd 337.3 yaw 48 mode 2 st 1 gl 4 hp 100 frg -1
ARGLOG Joe Rogan t  50.3 pos '1555.8 -184.9 -228.0' spd 178.4 yaw 194.3 mode 1 st 1 gl 1 hp 80 frg 1
ARGLOG Romero t  50.3 pos '-261.6 498.6  -3.9' spd 102.3 yaw 118 mode 2 st 1 gl 0 hp 68 frg 0
ARGEVT Romero hazard
ARGEVT Romero jump
ARGLOG Carmack t  50.6 pos '371.9 143.3  56.0' spd 320.0 yaw 357 mode 2 st 1 gl 4 hp 100 frg -1
ARGLOG Joe Rogan t  50.8 pos '1510.6 -226.6 -227.9' spd 161.1 yaw  12.6 mode 1 st 1 gl 1 hp 80 frg 1
ARGLOG Romero t  50.8 pos '-303.9 447.5  21.5' spd  30.5 yaw 83 mode 2 st 1 gl 0 hp 68 frg 0
ARGLOG Carmack t  51.2 pos '492.7 273.9  56.0' spd 320.0 yaw 328 mode 2 st 1 gl 4 hp 100 frg -1
ARGEVT Romero jump
ARGEVT Carmack hazard
ARGLOG Joe Rogan t  51.4 pos '1553.6 -183.1 -227.7' spd 170.8 yaw 185.5 mode 1 st 1 gl 1 hp 80 frg 1
ARGLOG Romero t  51.4 pos '-286.7 464.0  -2.3' spd  73.7 yaw 92 mode 2 st 1 gl 0 hp 68 frg 0
ARGLOG Carmack t  51.7 pos '552.0 389.4  56.0' spd 126.3 yaw 325 mode 2 st 1 gl 4 hp 100 frg -1
ARGLOG Joe Rogan t  52.0 pos '1505.7 -217.4 -227.5' spd 162.2 yaw   4.7 mode 1 st 1 gl 1 hp 80 frg 1
ARGLOG Romero t  52.0 pos '-262.0 505.2 -16.0' spd 106.3 yaw 181 mode 2 st 1 gl 0 hp 68 frg 0
ARGUS routecache adopt
ARGEVT Carmack route 12 start '525.0 313.0  56.0' goal '1533.0 -231.0 -392.0'
ARGEVT Romero hazard
ARGEVT Romero jump
ARGLOG Carmack t  52.3 pos '546.6 396.6  56.0' spd 321.6 yaw 305 mode 2 st 1 gl 4 hp 100 frg -1
ARGLOG Joe Rogan t  52.5 pos '1553.7 -181.6 -227.5' spd 166.3 yaw 180.8 mode 1 st 1 gl 1 hp 80 frg 1
ARGLOG Romero t  52.5 pos '-303.9 449.5  19.7' spd  30.7 yaw 82 mode 2 st 1 gl 0 hp 68 frg 0
ARGEVT Carmack hazard
ARGLOG Carmack t  52.8 pos '552.0 240.1  56.0' spd 166.3 yaw 341 mode 2 st 1 gl 4 hp 100 frg -1
ARGEVT Romero jump
ARGLOG Joe Rogan t  53.0 pos '1500.4 -203.8 -227.6' spd 161.5 yaw 340.8 mode 1 st 1 gl 1 hp 80 frg 1
ARGLOG Romero t  53.0 pos '-286.7 464.0  -2.1' spd  73.6 yaw 92 mode 2 st 1 gl 0 hp 68 frg 0
ARGLOG Carmack t  53.3 pos '552.0 240.0  56.0' spd 0 yaw 341 mode 2 st 1 gl 4 hp 100 frg -1
ARGLOG Joe Rogan t  53.6 pos '1557.8 -190.3 -227.3' spd 163.6 yaw 159.4 mode 1 st 1 gl 1 hp 80 frg 1
ARGLOG Romero t  53.6 pos '-261.9 504.8 -16.0' spd 106.0 yaw 179 mode 2 st 1 gl 0 hp 68 frg 0
ARGEVT Romero hazard
ARGEVT Carmack hazard
ARGEVT Romero jump
ARGLOG Carmack t  53.9 pos '552.0 240.0  56.0' spd 0 yaw 341 mode 2 st 1 gl 4 hp 100 frg -1
ARGLOG Joe Rogan t  54.1 pos '1500.3 -201.7 -227.1' spd 162.5 yaw 338.6 mode 1 st 1 gl 1 hp 80 frg 1
ARGLOG Romero t  54.1 pos '-303.9 450.4  19.7' spd  30.7 yaw 82 mode 2 st 1 gl 0 hp 68 frg 0
ARGEVT Carmack stall
ARGEVT Carmack stallnode '733.0 121.0  56.0'
ARGEVT Carmack jump
ARGUS routecache adopt
ARGEVT Carmack route 12 start '525.0 313.0  56.0' goal '1533.0 -231.0 -392.0'
ARGLOG Carmack t  54.4 pos '552.0 242.9  93.7' spd  29.0 yaw 327 mode 2 st 2 gl 4 hp 100 frg -1
ARGEVT Romero jump
ARGLOG Joe Rogan t  54.7 pos '1558.5 -191.3 -226.7' spd 164.2 yaw 156.5 mode 1 st 1 gl 1 hp 80 frg 1
ARGLOG Romero t  54.7 pos '-282.0 466.3   8.3' spd  81.0 yaw 95 mode 2 st 1 gl 0 hp 68 frg 0
ARGLOG Carmack t  54.9 pos '532.5 303.5  56.0' spd 329.7 yaw 335 mode 2 st 2 gl 4 hp 100 frg -1
ARGEVT Carmack hazard
ARGLOG Joe Rogan t  55.2 pos '1501.5 -189.5 -226.8' spd 162.3 yaw 316.5 mode 1 st 1 gl 1 hp 80 frg 1
ARGLOG Romero t  55.2 pos '-262.0 506.5 -16.0' spd 108.3 yaw 183 mode 2 st 1 gl 0 hp 68 frg 0
ARGEVT Romero hazard
ARGEVT Romero jump
ARGUS routecache adopt
ARGEVT Carmack route 12 start '525.0 313.0  56.0' goal '1533.0 -231.0 -392.0'
ARGLOG Carmack t  55.5 pos '552.0 425.8  56.0' spd 193.3 yaw 301 mode 2 st 2 gl 4 hp 100 frg -1
ARGLOG Joe Rogan t  55.8 pos '1559.1 -201.0 -226.7' spd 163.1 yaw 136.0 mode 1 st 1 gl 1 hp 80 frg 1
ARGLOG Romero t  55.8 pos '-303.9 447.8  19.8' spd  30.6 yaw 83 mode 2 st 1 gl 0 hp 68 frg 0
ARGLOG Carmack t  56.1 pos '552.0 253.8  56.0' spd 137.2 yaw 339 mode 2 st 2 gl 4 hp 100 frg -1
ARGEVT Romero jump
ARGEVT Carmack hazard
ARGLOG Joe Rogan t  56.3 pos '1505.4 -179.5 -226.8' spd 161.8 yaw 296.0 mode 1 st 1 gl 1 hp 80 frg 1
ARGLOG Romero t  56.3 pos '-286.7 464.0  -2.0' spd  71.8 yaw 92 mode 2 st 1 gl 0 hp 68 frg 0
ARGLOG Carmack t  56.6 pos '552.0 262.1  56.0' spd  20.7 yaw 338 mode 2 st 2 gl 4 hp 100 frg -1
ARGLOG Joe Rogan t  56.8 pos '1548.3 -217.4 -226.8' spd 161.9 yaw  96.4 mode 1 st 1 gl 1 hp 80 frg 1
ARGLOG Romero t  56.8 pos '-262.1 498.1  -5.3' spd 100.3 yaw 117 mode 2 st 1 gl 0 hp 68 frg 0
ARGEVT Romero hazard
ARGEVT Romero jump
ARGEVT Carmack stall
ARGEVT Carmack stallnode '733.0 121.0  56.0'
ARGLOG Carmack t  57.1 pos '552.0 269.9  56.0' spd  13.8 yaw 547.2 mode 0 st 3 gl 4 hp 100 frg -1
ARGEVT Carmack jump
ARGLOG Joe Rogan t  57.3 pos '1511.8 -171.6 -226.7' spd 163.2 yaw 275.9 mode 1 st 1 gl 1 hp 80 frg 1
ARGLOG Romero t  57.3 pos '-303.9 449.3  21.6' spd  30.6 yaw 82 mode 2 st 1 gl 0 hp 68 frg 0
ARGEVT Carmack route 12 start '525.0 313.0  56.0' goal '1533.0 -231.0 -392.0'
ARGLOG Carmack t  57.7 pos '552.0 269.9  67.4' spd  30.7 yaw 321 mode 2 st 3 gl 4 hp 100 frg -1
ARGLOG Joe Rogan t  57.8 pos '1539.1 -222.7 -226.9' spd 161.3 yaw  76.5 mode 1 st 1 gl 1 hp 80 frg 1
ARGLOG Romero t  57.8 pos '-290.6 464.0 -16.0' spd  75.5 yaw 90 mode 2 st 1 gl 0 hp 68 frg 0
ARGEVT Romero jump
ARGEVT Carmack hazard
ARGLOG Carmack t  58.3 pos '552.0 370.9  56.0' spd  14.1 yaw 327 mode 2 st 3 gl 4 hp 100 frg -1
ARGLOG Joe Rogan t  58.4 pos '1520.4 -167.2 -226.6' spd 163.9 yaw 254.8 mode 1 st 1 gl 1 hp 80 frg 1
ARGLOG Romero t  58.4 pos '-261.3 499.2  -3.5' spd 103.6 yaw 118 mode 2 st 1 gl 0 hp 68 frg 0
ARGEVT Romero hazard
ARGEVT Romero jump
ARGLOG Carmack t  58.8 pos '552.0 378.7  56.0' spd  13.8 yaw 326 mode 2 st 3 gl 4 hp 100 frg -1
ARGLOG Joe Rogan t  58.9 pos '1537.4 -223.3 -226.6' spd 162.0 yaw  74.9 mode 1 st 1 gl 1 hp 80 frg 1
ARGLOG Romero t  58.9 pos '-303.9 446.1  21.5' spd  30.4 yaw 83 mode 2 st 1 gl 0 hp 68 frg 0
ARGEVT Carmack hazard
ARGLOG Carmack t  59.3 pos '552.0 385.7  56.0' spd  13.8 yaw 325 mode 2 st 3 gl 4 hp 100 frg -1
ARGEVT Carmack stall
ARGEVT Carmack stallnode '733.0 121.0  56.0'
ARGEVT Carmack jump
ARGEVT Romero jump
ARGUS routecache adopt
ARGEVT Carmack route 12 start '525.0 313.0  56.0' goal '1533.0 -231.0 -392.0'
ARGLOG Joe Rogan t  59.5 pos '1520.6 -167.4 -226.5' spd 164.1 yaw 253.4 mode 1 st 1 gl 1 hp 80 frg 1
ARGLOG Romero t  59.5 pos '-286.9 464.0  -2.3' spd  73.7 yaw 92 mode 2 st 1 gl 0 hp 68 frg 0
ARGLOG Carmack t  59.9 pos '551.9 375.4  79.4' spd  32.2 yaw 306 mode 2 st 4 gl 4 hp 100 frg -1
ARGLOG Joe Rogan t  60.1 pos '1536.2 -224.5 -226.4' spd 161.7 yaw  72.9 mode 1 st 1 gl 1 hp 80 frg 1
ARGLOG Romero t  60.1 pos '-262.0 505.3 -16.0' spd 106.3 yaw 181 mode 2 st 1 gl 0 hp 68 frg 0
ARGEVT Romero hazard
ARGEVT Romero jump
ARGLOG Carmack t  60.4 pos '540.1 255.0  56.0' spd 378.3 yaw 340 mode 2 st 4 gl 4 hp 100 frg -1
ARGEVT Carmack hazard
ARGEVT Romero abandon
ARGEVT Romero goal weapon_supernailgun
ARGEVT Romero route 4 start '-259.0 441.0 -16.0' goal '-515.0 441.0 120.0'
ARGLOG Joe Rogan t  60.6 pos '1521.8 -166.8 -226.2' spd 164.0 yaw 250.8 mode 1 st 1 gl 1 hp 80 frg 1
ARGLOG Romero t  60.6 pos '-304.0 445.6  19.8' spd  30.1 yaw 77 mode 2 st 1 gl 0 hp 68 frg 0
ARGLOG Carmack t  60.9 pos '552.0 263.5  56.0' spd  13.6 yaw 338 mode 2 st 4 gl 4 hp 100 frg -1
ARGLOG Joe Rogan t  61.2 pos '1534.3 -223.8 -226.2' spd 162.8 yaw  70.4 mode 1 st 1 gl 1 hp 80 frg 1
ARGLOG Romero t  61.2 pos '-212.1 475.5  -8.0' spd 320.1 yaw 159 mode 2 st 1 gl 0 hp 68 frg 0
ARGEVT Carmack hazard
ARGLOG Carmack t  61.5 pos '552.0 271.3  56.0' spd  13.8 yaw 337 mode 2 st 4 gl 4 hp 100 frg -1
ARGEVT Carmack stall
ARGEVT Carmack stallnode '733.0 121.0  56.0'
ARGEVT Carmack jump
ARGLOG Joe Rogan t  61.7 pos '1522.6 -165.4 -226.2' spd 162.9 yaw 248.7 mode 1 st 1 gl 1 hp 80 frg 1
ARGLOG Romero t  61.7 pos '-38.2 529.9  40.0' spd 367.7 yaw 174 mode 2 st 1 gl 0 hp 68 frg 0
ARGEVT Carmack route 12 start '525.0 313.0  56.0' goal '1533.0 -231.0 -392.0'
ARGEVT Romero jump
ARGLOG Carmack t  62.1 pos '552.0 269.0  86.6' spd   5.6 yaw 321 mode 2 st 5 gl 4 hp 100 frg -1
ARGLOG Joe Rogan t  62.3 pos '1533.4 -222.7 -226.1' spd 162.9 yaw  68.2 mode 1 st 1 gl 1 hp 80 frg 1
ARGLOG Romero t  62.3 pos '-139.9 656.0  92.2' spd 367.9 yaw 215 mode 2 st 1 gl 0 hp 68 frg 0
ARGEVT Carmack hazard
ARGLOG Carmack t  62.6 pos '552.0 310.2  56.0' spd  13.6 yaw 333 mode 2 st 5 gl 4 hp 100 frg -1
ARGLOG Joe Rogan t  62.9 pos '1524.2 -163.8 -225.9' spd 163.6 yaw 245.7 mode 1 st 1 gl 1 hp 80 frg 1
ARGLOG Romero t  62.9 pos '-288.0 652.2  -7.0' spd  30.0 yaw 269 mode 2 st 1 gl 0 hp 68 frg 0
ARGEVT Carmack stall
ARGEVT Carmack stallnode '733.0 121.0  56.0'
ARGEVT Carmack jump
ARGEVT Romero jump
ARGUS routecache adopt
ARGEVT Carmack route 12 start '525.0 313.0  56.0' goal '1533.0 -231.0 -392.0'
ARGLOG Carmack t  63.2 pos '552.0 317.9  69.7' spd  13.8 yaw 333.0 mode 0 st 6 gl 4 hp 100 frg -1
ARGLOG Joe Rogan t  63.4 pos '1531.6 -221.9 -225.7' spd 163.2 yaw  64.3 mode 1 st 1 gl 1 hp 80 frg 1
ARGLOG Romero t  63.4 pos '-289.7 560.0  20.2' spd   8.1 yaw 269 mode 2 st 1 gl 0 hp 68 frg 0
ARGLOG Carmack t  63.7 pos '552.0 299.1  56.0' spd  42.4 yaw 334 mode 2 st 6 gl 4 hp 100 frg -1
ARGEVT Carmack hazard
ARGLOG Joe Rogan t  64.0 pos '1525.3 -163.2 -225.7' spd 162.3 yaw 243.5 mode 1 st 1 gl 1 hp 80 frg 1
ARGLOG Romero t  64.0 pos '-291.6 560.0 -16.0' spd   3.5 yaw 271 mode 2 st 1 gl 0 hp 68 frg 0
ARGEVT Romero jump
ARGLOG Carmack t  64.3 pos '552.0 306.9  56.0' spd  14.1 yaw 333 mode 2 st 6 gl 4 hp 100 frg -1
ARGEVT Romero stall
ARGEVT Romero stallnode '-291.0 505.0 120.0'
ARGEVT Romero route 4 start '-259.0 441.0 -16.0' goal '-515.0 441.0 120.0'
ARGLOG Joe Rogan t  64.5 pos '1531.3 -221.7 -225.5' spd 163.3 yaw  62.7 mode 1 st 1 gl 1 hp 80 frg 1
ARGLOG Romero t  64.5 pos '-287.8 560.0  -3.7' spd  19.3 yaw 347 mode 2 st 2 gl 0 hp 68 frg 0
ARGEVT Carmack stall
ARGEVT Carmack stallnode '733.0 121.0  56.0'
ARGEVT Carmack jump
ARGEVT Carmack route 12 start '525.0 313.0  56.0' goal '1533.0 -231.0 -392.0'
ARGLOG Carmack t  64.9 pos '552.0 309.5  92.3' spd  25.2 yaw 333 mode 2 st 7 gl 4 hp 100 frg -1
ARGEVT Joe Rogan abandon
ARGEVT Joe Rogan goal weapon_rocketlauncher
ARGEVT Joe Rogan route 7 start '1629.0 -103.0 -168.0' goal '1517.0 489.0 -88.0'
ARGLOG Joe Rogan t  65.1 pos '1533.5 -143.4 -225.3' spd 224.0 yaw 18 mode 2 st 1 gl 1 hp 80 frg 1
ARGLOG Romero t  65.1 pos '-215.3 421.5  -8.0' spd 381.2 yaw 132 mode 2 st 2 gl 0 hp 68 frg 0
ARGEVT Carmack hazard
ARGLOG Carmack t  65.4 pos '552.0 297.4  56.0' spd  14.1 yaw 334 mode 2 st 7 gl 4 hp 100 frg -1
ARGLOG Joe Rogan t  65.7 pos '1587.0 -112.0 -225.2' spd 223.2 yaw 15 mode 2 st 1 gl 1 hp 80 frg 1
ARGLOG Romero t  65.7 pos '-53.0 508.8  40.0' spd 384.5 yaw 169 mode 2 st 2 gl 0 hp 68 frg 0
ARGEVT Romero jump
ARGLOG Carmack t  66.0 pos '552.0 305.1  56.0' spd  13.6 yaw 333 mode 2 st 7 gl 4 hp 100 frg -1
ARGEVT Carmack stall
ARGEVT Carmack stallnode '733.0 121.0  56.0'
ARGEVT Carmack jump
ARGLOG Joe Rogan t  66.2 pos '1675.3 -112.0 -225.0' spd  24.5 yaw 22 mode 2 st 1 gl 1 hp 80 frg 1
ARGLOG Romero t  66.2 pos '-167.3 694.1  63.1' spd 407.3 yaw 229 mode 2 st 2 gl 0 hp 68 frg 0
ARGEVT Carmack route 12 start '525.0 313.0  56.0' goal '1533.0 -231.0 -392.0'
ARGEVT Carmack abandon
ARGEVT Carmack plan powerup via weapon
ARGEVT Carmack goal weapon_rocketlauncher
ARGEVT Romero hazard
ARGLOG Carmack t  66.5 pos '552.0 297.9  86.8' spd  42.8 yaw 11 mode 0 st 8 gl 4 hp 100 frg -1
ARGEVT Carmack route 17 start '525.0 313.0  56.0' goal '1517.0 489.0 -88.0'
ARGEVT Carmack hazard
ARGLOG Joe Rogan t  66.8 pos '1595.1 -112.0 -224.9' spd  77.6 yaw 15 mode 2 st 1 gl 1 hp 80 frg 1
ARGLOG Romero t  66.8 pos '-271.2 646.3 -16.0' spd 326.4 yaw 259 mode 2 st 2 gl 0 hp 68 frg 0
ARGEVT Carmack stall
ARGEVT Carmack stallnode '701.0 505.0  56.0'
ARGEVT Carmack jump
ARGEVT Romero jump
ARGLOG Carmack t  67.1 pos '551.6 290.6  92.2' spd  30.0 yaw 267.4 mode 0 st 9 gl 4 hp 100 frg -1
ARGLOG Joe Rogan t  67.3 pos '1655.3 -112.0 -224.7' spd  99.1 yaw 20 mode 2 st 1 gl 1 hp 80 frg 1
ARGLOG Romero t  67.3 pos '-282.7 466.0  21.5' spd 322.7 yaw 95 mode 2 st 2 gl 0 hp 68 frg 0
ARGLOG Carmack t  67.7 pos '552.0 279.5  56.0' spd 196.7 yaw  73.8 mode 0 st 9 gl 4 hp 100 frg -1
ARGEVT Romero jump
ARGLOG Joe Rogan t  67.9 pos '1606.2 -112.0 -224.8' spd  83.6 yaw 16 mode 2 st 1 gl 1 hp 80 frg 1
ARGLOG Romero t  67.9 pos '-292.8 464.0  -2.1' spd  48.3 yaw 88 mode 2 st 2 gl 0 hp 68 frg 0
ARGEVT Romero stall
ARGEVT Romero stallnode '-291.0 505.0 120.0'
ARGEVT Romero route 4 start '-259.0 441.0 -16.0' goal '-515.0 441.0 120.0'
ARGLOG Carmack t  68.2 pos '552.0 462.1  56.0' spd 326.3 yaw  73.8 mode 0 st 9 gl 4 hp 100 frg -1
ARGEVT Carmack plan powerup via weapon
ARGEVT Carmack goal weapon_supernailgun
ARGEVT Carmack route 5 start '397.0 505.0  56.0' goal '-515.0 441.0 120.0'
ARGLOG Joe Rogan t  68.5 pos '1652.1 -112.0 -224.6' spd  50.7 yaw 19 mode 2 st 1 gl 1 hp 80 frg 1
ARGLOG Romero t  68.5 pos '-267.1 480.4 -16.0' spd  59.1 yaw 6 mode 2 st 3 gl 0 hp 68 frg 0
ARGEVT Romero engage Carmack
ARGEVT Carmack engage Romero
ARGLOG Carmack t  68.8 pos '482.0 614.2  56.0' spd 354.7 yaw 189.8 mode 2 st 9 gl 4 hp 100 frg -1
ARGEVT Joe Rogan stall
ARGEVT Joe Rogan stallnode '1629.0 -103.0 -168.0'
ARGEVT Joe Rogan route 7 start '1629.0 -103.0 -168.0' goal '1517.0 489.0 -88.0'
ARGLOG Joe Rogan t  69.0 pos '1603.2 -112.0 -224.4' spd  55.5 yaw 16 mode 2 st 2 gl 1 hp 80 frg 1
ARGLOG Romero t  69.0 pos '-101.0 517.8  24.0' spd 331.9 yaw  28.4 mode 2 st 3 gl 0 hp 68 frg 0
ARGEVT Romero jump
ARGLOG Carmack t  69.3 pos '346.7 593.1  56.0' spd 324.2 yaw 175.3 mode 2 st 9 gl 4 hp 100 frg -1
ARGLOG Joe Rogan t  69.6 pos '1653.5 -112.0 -224.4' spd  50.2 yaw 20 mode 2 st 2 gl 1 hp 80 frg 1
ARGLOG Romero t  69.6 pos '-66.6 656.0  76.3' spd  55.1 yaw 319.2 mode 2 st 3 gl 0 hp 56 frg 0
ARGEVT Romero retreat
ARGLOG Carmack t  69.9 pos '327.3 585.5  56.0' spd 321.4 yaw 169.1 mode 2 st 9 gl 4 hp 91 frg -1
ARGLOG Joe Rogan t  70.1 pos '1607.8 -112.0 -224.3' spd   5.4 yaw 16 mode 2 st 2 gl 1 hp 80 frg 1
ARGLOG Romero t  70.1 pos '-131.7 615.7  24.0' spd 327.6 yaw   9.8 mode 2 st 3 gl 0 hp 32 frg 0
ARGLOG Carmack t  70.5 pos '325.3 557.2  56.0' spd 320.0 yaw 188.9 mode 2 st 9 gl 4 hp 91 frg -1
ARGLOG Joe Rogan t  70.7 pos '1644.5 -112.0 -224.2' spd  59.0 yaw 19 mode 2 st 2 gl 1 hp 80 frg 1
ARGLOG Romero t  70.7 pos '-156.0 436.4   8.0' spd 320.2 yaw  15.8 mode 2 st 3 gl 0 hp 24 frg 0
ARGEVT Romero pursue
ARGEVT Carmack pursue
ARGEVT Romero hazard
ARGLOG Carmack t  71.0 pos '241.1 593.8  56.0' spd 365.9 yaw 194 mode 2 st 9 gl 4 hp 91 frg -1
ARGLOG Joe Rogan t  71.3 pos '1624.4 -112.0 -224.1' spd 109.7 yaw 17 mode 2 st 2 gl 1 hp 80 frg 1
ARGLOG Romero t  71.3 pos '-78.4 408.6  40.0' spd  56.1 yaw  57.5 mode 2 st 3 gl 0 hp 24 frg 0
ARGEVT Romero death Carmack pos '-87.2 403.7  24.0'
ARGUS Carmack watch spawn
ARGEVT Carmack goal 
ARGEVT Carmack route 1 start '157.0 569.0  56.0' goal '-67.0 505.0  40.0'
ARGLOG Carmack t  71.6 pos ' 53.9 620.6  40.0' spd 367.0 yaw 238 mode 2 st 9 gl 4 hp 91 frg 0
ARGLOG Joe Rogan t  71.8 pos '1627.5 -112.0 -224.2' spd 110.4 yaw 17 mode 2 st 2 gl 1 hp 80 frg 1
ARGEVT Joe Rogan stall
ARGEVT Joe Rogan stallnode '1629.0 -103.0 -168.0'
ARGEVT Joe Rogan route 7 start '1629.0 -103.0 -168.0' goal '1517.0 489.0 -88.0'
ARGLOG Carmack t  72.1 pos '-65.6 478.0  40.0' spd 324.3 yaw 247 mode 1 st 9 gl 4 hp 91 frg 0
ARGLOG Joe Rogan t  72.3 pos '1633.1 -112.0 -224.0' spd 123.3 yaw 18 mode 2 st 3 gl 1 hp 80 frg 1
ARGEVT Carmack goal weapon_supernailgun
ARGEVT Carmack route 3 start '-67.0 505.0  40.0' goal '-515.0 441.0 120.0'
ARGLOG Carmack t  72.7 pos '-184.5 345.8   8.0' spd 394.3 yaw 126.0 mode 2 st 9 gl 5 hp 91 frg 0
ARGLOG Joe Rogan t  72.8 pos '1620.6 -112.0 -224.0' spd 104.8 yaw 17 mode 2 st 3 gl 1 hp 80 frg 1
ARGEVT Romero respawn
ARGEVT Romero plan powerup via weapon
ARGEVT Romero goal weapon_lightning
ARGLOG Romero t  72.9 pos '512.0 768.0 216.0' spd 0 yaw 249.5 mode 0 st 3 gl 0 hp 100 frg 0
ARGEVT Romero route 13 start '525.0 825.0 216.0' goal '1533.0 -231.0 -392.0'
ARGEVT Romero hazard
ARGLOG Carmack t  73.3 pos '-171.7 498.2   8.0' spd 423.0 yaw 315 mode 2 st 9 gl 5 hp 91 frg 0
ARGEVT Joe Rogan stall
ARGEVT Joe Rogan stallnode '1629.0 -103.0 -168.0'
ARGLOG Joe Rogan t  73.4 pos '1642.9 -112.0 -223.7' spd  22.9 yaw 101 mode 0 st 4 gl 1 hp 80 frg 1
ARGEVT Joe Rogan route 7 start '1629.0 -103.0 -168.0' goal '1517.0 489.0 -88.0'
ARGLOG Romero t  73.4 pos '467.1 633.8 216.0' spd 121.1 yaw 87 mode 2 st 3 gl 0 hp 100 frg 0
ARGEVT Carmack jump
ARGLOG Carmack t  73.8 pos '-104.0 376.0  76.3' spd 254.3 yaw 136 mode 2 st 9 gl 5 hp 91 frg 0
ARGLOG Joe Rogan t  73.9 pos '1620.1 -112.0 -223.7' spd  45.1 yaw 17 mode 2 st 4 gl 1 hp 80 frg 1
ARGLOG Romero t  74.0 pos '502.2 791.6 216.0' spd 325.0 yaw 102.7 mode 2 st 3 gl 0 hp 100 frg 0
ARGEVT Joe Rogan stall
ARGEVT Joe Rogan stallnode '1629.0 -103.0 -168.0'
ARGLOG Carmack t  74.4 pos '-216.8 371.4  -8.0' spd 238.1 yaw 112 mode 2 st 9 gl 5 hp 91 frg 0
ARGLOG Joe Rogan t  74.5 pos '1597.6 -112.0 -223.5' spd 180.4 yaw 154.8 mode 0 st 5 gl 1 hp 80 frg 1
ARGLOG Romero t  74.6 pos '465.3 944.0 129.9' spd  16.6 yaw 323 mode 2 st 3 gl 0 hp 100 frg 0
ARGEVT Carmack jump
ARGLOG Carmack t  74.9 pos '-288.0 508.0  20.3' spd 276.4 yaw 120.5 mode 2 st 9 gl 5 hp 91 frg 0
ARGLOG Joe Rogan t  75.0 pos '1480.4 -112.0 -223.6' spd 256.2 yaw 154.8 mode 0 st 5 gl 1 hp 80 frg 1
ARGLOG Romero t  75.1 pos '542.2 919.9  40.0' spd 320.0 yaw 310 mode 2 st 3 gl 0 hp 100 frg 0
ARGEVT Romero hazard
ARGEVT Carmack hazard
ARGLOG Carmack t  75.4 pos '-270.1 572.2 -16.0' spd 287.4 yaw 253 mode 2 st 9 gl 5 hp 91 frg 0
ARGEVT Carmack jump
ARGLOG Joe Rogan t  75.6 pos '1332.5 -112.0 -223.3' spd 269.4 yaw 154.8 mode 0 st 5 gl 1 hp 80 frg 1
ARGEVT Joe Rogan goal item_artifact_super_damage
ARGLOG Romero t  75.6 pos '560.0 936.5  94.2' spd 136.2 yaw 299 mode 2 st 3 gl 0 hp 100 frg 0
ARGEVT Joe Rogan route 20 start '1181.0 -103.0 -168.0' goal '957.0 297.0  56.0'
ARGLOG Carmack t  76.0 pos '-258.0 444.9  -4.6' spd 274.8 yaw 106 mode 2 st 9 gl 5 hp 91 frg 0
ARGLOG Joe Rogan t  76.1 pos '1189.8 -112.0 -223.3' spd 268.9 yaw 18 mode 2 st 5 gl 1 hp 80 frg 1
ARGEVT Romero hazard
ARGLOG Romero t  76.2 pos '560.0 896.0  40.0' spd 0 yaw 311 mode 2 st 3 gl 0 hp 100 frg 0
ARGEVT Carmack jump
ARGLOG Carmack t  76.6 pos '-280.6 589.4  21.6' spd 328.8 yaw 221.7 mode 2 st 9 gl 5 hp 91 frg 0
ARGLOG Joe Rogan t  76.7 pos '1145.0 -112.0 -223.2' spd 128.3 yaw 15 mode 2 st 5 gl 1 hp 80 frg 1
ARGLOG Romero t  76.7 pos '560.0 896.0  40.0' spd 0 yaw 311 mode 2 st 3 gl 0 hp 100 frg 0
ARGEVT Carmack jump
ARGEVT Romero stall
ARGEVT Romero stallnode '621.0 889.0  24.0'
ARGEVT Romero jump
ARGLOG Carmack t  77.1 pos '-289.5 560.0  -2.1' spd   9.1 yaw 269 mode 2 st 9 gl 5 hp 91 frg 0
ARGLOG Joe Rogan t  77.2 pos '1217.2 -112.0 -223.1' spd  26.3 yaw 21 mode 2 st 5 gl 1 hp 80 frg 1
ARGLOG Romero t  77.2 pos '560.0 896.0  64.3' spd 0 yaw 314.6 mode 0 st 4 gl 0 hp 100 frg 0
ARGEVT Romero route 12 start '477.0 905.0  40.0' goal '1533.0 -231.0 -392.0'
ARGLOG Carmack t  77.7 pos '-293.7 560.0 -16.0' spd   3.3 yaw 273 mode 2 st 9 gl 5 hp 91 frg 0
ARGEVT Romero hazard
ARGLOG Joe Rogan t  77.8 pos '1150.1 -112.0 -223.1' spd  20.6 yaw 15 mode 2 st 5 gl 1 hp 80 frg 1
ARGLOG Romero t  77.8 pos '559.6 896.0  40.0' spd   3.5 yaw 354 mode 2 st 4 gl 0 hp 100 frg 0
ARGEVT Romero stall
ARGEVT Romero stallnode '477.0 905.0  40.0'
ARGEVT Romero jump
ARGEVT Carmack jump
ARGEVT Carmack stall
ARGEVT Carmack stallnode '-291.0 505.0 120.0'
ARGEVT Carmack route 4 start '-259.0 441.0 -16.0' goal '-515.0 441.0 120.0'
ARGLOG Carmack t  78.2 pos '-289.8 560.0  19.9' spd   4.4 yaw 347 mode 2 st 10 gl 5 hp 91 frg 0
ARGLOG Joe Rogan t  78.4 pos '1207.9 -112.0 -222.9' spd  23.3 yaw 20 mode 2 st 5 gl 1 hp 80 frg 1
ARGLOG Romero t  78.4 pos '550.8 905.3  63.1' spd 30 yaw 134.6 mode 0 st 5 gl 0 hp 100 frg 0
ARGLOG Carmack t  78.8 pos '-260.9 468.0 -16.0' spd 329.3 yaw 321.4 mode 2 st 10 gl 5 hp 91 frg 0
ARGLOG Joe Rogan t  78.9 pos '1157.5 -112.0 -222.5' spd   1.1 yaw 16 mode 2 st 5 gl 1 hp 80 frg 1
ARGLOG Romero t  78.9 pos '470.9 991.4  40.0' spd  60.3 yaw 325.9 mode 0 st 5 gl 0 hp 100 frg 0
ARGEVT Joe Rogan stall
ARGEVT Joe Rogan stallnode '1181.0 -103.0 -168.0'
ARGLOG Carmack t  79.4 pos '-84.7 450.3  24.0' spd 351.6 yaw 165 mode 2 st 10 gl 5 hp 91 frg 0
ARGEVT Romero goal weapon_rocketlauncher
ARGLOG Joe Rogan t  79.5 pos '1201.9 -112.0 -222.5' spd  18.2 yaw 121 mode 0 st 6 gl 1 hp 80 frg 1
ARGLOG Romero t  79.5 pos '502.6 906.0  40.0' spd 320.4 yaw 230.4 mode 0 st 5 gl 0 hp 100 frg 0
ARGEVT Joe Rogan route 20 start '1181.0 -103.0 -168.0' goal '957.0 297.0  56.0'
ARGEVT Romero hazard
ARGEVT Carmack jump
ARGLOG Carmack t  79.9 pos '-112.1 644.7  77.6' spd 405.9 yaw 208 mode 2 st 10 gl 5 hp 91 frg 0
ARGEVT Romero route 20 start '477.0 905.0  40.0' goal '1517.0 489.0 -88.0'
ARGLOG Joe Rogan t  80.0 pos '1167.4 -112.0 -222.3' spd  58.1 yaw 17 mode 2 st 6 gl 1 hp 80 frg 1
ARGLOG Romero t  80.0 pos '543.2 926.5  40.0' spd 356.0 yaw 260 mode 2 st 5 gl 0 hp 100 frg 0
ARGEVT Romero lift
ARGLOG Carmack t  80.4 pos '-292.2 727.0 -16.0' spd 411.9 yaw 271 mode 2 st 10 gl 5 hp 91 frg 0
ARGEVT Carmack hazard
ARGEVT Romero board
ARGLOG Joe Rogan t  80.6 pos '1182.7 -112.0 -222.3' spd 110.0 yaw 18 mode 2 st 6 gl 1 hp 80 frg 1
ARGLOG Romero t  80.6 pos '466.1 857.3  66.5' spd 0 yaw 273 mode 2 st 5 gl 0 hp 100 frg 0
ARGEVT Joe Rogan stall
ARGEVT Joe Rogan stallnode '1181.0 -103.0 -168.0'
ARGEVT Carmack jump
ARGLOG Carmack t  81.0 pos '-264.3 544.8  -2.1' spd 331.3 yaw 237 mode 2 st 10 gl 5 hp 91 frg 0
ARGEVT Joe Rogan route 20 start '1181.0 -103.0 -168.0' goal '957.0 297.0  56.0'
ARGLOG Joe Rogan t  81.2 pos '1164.0 -112.0 -222.1' spd   0.6 yaw 16 mode 2 st 7 gl 1 hp 80 frg 1
ARGLOG Romero t  81.2 pos '466.1 857.3 150.3' spd 0 yaw 273 mode 2 st 5 gl 0 hp 100 frg 0
ARGLOG Carmack t  81.5 pos '-303.9 427.8 -16.0' spd  30.3 yaw 84 mode 2 st 10 gl 5 hp 91 frg 0
ARGLOG Joe Rogan t  81.7 pos '1190.4 -112.0 -222.1' spd  72.7 yaw 18 mode 2 st 7 gl 1 hp 80 frg 1
ARGLOG Romero t  81.7 pos '511.2 794.6 216.0' spd 327.0 yaw 272 mode 2 st 5 gl 0 hp 100 frg 0
ARGEVT Carmack jump
ARGLOG Carmack t  82.0 pos '-277.9 471.4  21.5' spd  67.8 yaw 99 mode 2 st 10 gl 5 hp 91 frg 0
ARGLOG Joe Rogan t  82.2 pos '1180.3 -112.0 -222.2' spd  99.5 yaw 18 mode 2 st 7 gl 1 hp 80 frg 1
ARGLOG Romero t  82.2 pos '489.5 634.4 216.0' spd 325.4 yaw 329 mode 2 st 5 gl 0 hp 100 frg 0
ARGEVT Joe Rogan stall
ARGEVT Joe Rogan stallnode '1181.0 -103.0 -168.0'
ARGEVT Romero hazard
ARGUS routecache adopt
ARGEVT Joe Rogan route 20 start '1181.0 -103.0 -168.0' goal '957.0 297.0  56.0'
ARGEVT Carmack hazard
ARGEVT Carmack jump
ARGLOG Carmack t  82.6 pos '-288.0 549.8  -2.1' spd 233.0 yaw 223.2 mode 2 st 10 gl 5 hp 91 frg 0
ARGLOG Joe Rogan t  82.8 pos '1171.2 -112.0 -221.9' spd  46.2 yaw 17 mode 2 st 8 gl 1 hp 80 frg 1
ARGLOG Romero t  82.8 pos '535.6 592.0 129.5' spd   3.1 yaw 333 mode 2 st 5 gl 0 hp 100 frg 0
ARGEVT Joe Rogan stall
ARGEVT Joe Rogan stallnode '1181.0 -103.0 -168.0'
ARGLOG Carmack t  83.2 pos '-288.0 542.6 -16.0' spd  30.1 yaw 266 mode 2 st 10 gl 5 hp 91 frg 0
ARGLOG Joe Rogan t  83.3 pos '1165.4 -115.4 -221.7' spd 152.3 yaw 186.3 mode 0 st 9 gl 1 hp 80 frg 1
ARGLOG Romero t  83.3 pos '530.8 476.2  56.0' spd 320.0 yaw 9 mode 2 st 5 gl 0 hp 100 frg 0
ARGEVT Carmack jump
ARGLOG Carmack t  83.7 pos '-304.0 388.7  19.7' spd  73.7 yaw 85 mode 2 st 10 gl 5 hp 91 frg 0
ARGLOG Joe Rogan t  83.9 pos '1068.5 -133.6 -221.8' spd  50.4 yaw 346.4 mode 0 st 9 gl 1 hp 80 frg 1
ARGLOG Romero t  83.9 pos '545.6 294.2  56.0' spd 367.7 yaw 35 mode 2 st 5 gl 0 hp 100 frg 0
ARGEVT Romero jump
ARGEVT Carmack jump
ARGLOG Carmack t  84.3 pos '-292.6 464.0   8.3' spd  41.4 yaw 88 mode 2 st 10 gl 5 hp 91 frg 0
ARGLOG Joe Rogan t  84.5 pos '1170.6 -168.4 -221.5' spd 262.6 yaw 346.4 mode 0 st 9 gl 1 hp 80 frg 1
ARGLOG Romero t  84.5 pos '552.0 254.7  68.8' spd  34.9 yaw 40 mode 2 st 5 gl 0 hp 100 frg 0
ARGEVT Joe Rogan goal item_artifact_invulnerability
ARGEVT Joe Rogan route 13 start '1181.0 -103.0 -168.0' goal '1005.0 793.0 -296.0'
ARGLOG Carmack t  84.8 pos '-279.1 491.6 -16.0' spd 215.4 yaw 100 mode 2 st 10 gl 5 hp 91 frg 0
ARGEVT Romero hazard
ARGEVT Carmack jump
ARGLOG Joe Rogan t  85.0 pos '1292.1 -145.1 -221.2' spd 190.2 yaw 43 mode 2 st 9 gl 1 hp 80 frg 1
ARGLOG Romero t  85.0 pos '552.0 393.3  56.0' spd  47.5 yaw 25 mode 2 st 5 gl 0 hp 100 frg 0
ARGLOG Carmack t  85.4 pos '-304.0 578.9  15.0' spd  30.4 yaw 280 mode 2 st 10 gl 5 hp 91 frg 0
ARGLOG Joe Rogan t  85.6 pos '1209.5 -112.0 -221.0' spd 244.4 yaw 20 mode 2 st 9 gl 1 hp 80 frg 1
ARGLOG Romero t  85.6 pos '552.0 379.9  56.0' spd  23.8 yaw 26 mode 2 st 5 gl 0 hp 100 frg 0
ARGEVT Carmack jump
ARGLOG Carmack t  85.9 pos '-282.3 557.9  15.7' spd  69.2 yaw 261 mode 2 st 10 gl 5 hp 91 frg 0
ARGEVT Romero hazard
ARGLOG Joe Rogan t  86.1 pos '1139.9 -112.0 -220.9' spd  79.6 yaw 15 mode 2 st 9 gl 1 hp 80 frg 1
ARGLOG Romero t  86.1 pos '552.0 366.3  56.0' spd  24.6 yaw 28 mode 2 st 5 gl 0 hp 100 frg 0
ARGLOG Carmack t  86.5 pos '-280.5 507.0 -16.0' spd 326.6 yaw 194.8 mode 2 st 10 gl 5 hp 91 frg 0
ARGEVT Carmack hazard
ARGEVT Carmack jump
ARGLOG Joe Rogan t  86.7 pos '1216.9 -112.0 -220.7' spd  20.2 yaw 21 mode 2 st 9 gl 1 hp 80 frg 1
ARGLOG Romero t  86.7 pos '552.0 352.7  56.0' spd  24.6 yaw 30 mode 2 st 5 gl 0 hp 100 frg 0
ARGEVT Romero hazard
ARGLOG Carmack t  87.1 pos '-303.9 440.9   6.7' spd  30.6 yaw 83 mode 2 st 10 gl 5 hp 91 frg 0
ARGLOG Joe Rogan t  87.3 pos '1152.0 -112.0 -220.6' spd  50.7 yaw 16 mode 2 st 9 gl 1 hp 80 frg 1
ARGLOG Romero t  87.3 pos '552.0 339.2  56.0' spd  24.2 yaw 31 mode 2 st 5 gl 0 hp 100 frg 0
ARGEVT Carmack jump
ARGLOG Carmack t  87.6 pos '-274.7 472.3  20.3' spd  85.8 yaw 101 mode 2 st 10 gl 5 hp 91 frg 0
ARGLOG Joe Rogan t  87.8 pos '1206.7 -112.0 -220.4' spd  41.2 yaw 20 mode 2 st 9 gl 1 hp 80 frg 1
ARGLOG Romero t  87.8 pos '552.0 325.7  56.0' spd  24.2 yaw 33 mode 2 st 5 gl 0 hp 100 frg 0
ARGEVT Carmack hazard
ARGEVT Romero hazard
ARGLOG Carmack t  88.2 pos '-288.0 473.4 -16.0' spd 245.9 yaw 92 mode 2 st 10 gl 5 hp 91 frg 0
ARGEVT Carmack jump
ARGEVT Joe Rogan stall
ARGEVT Joe Rogan stallnode '1181.0 -103.0 -168.0'
ARGUS routecache adopt
ARGEVT Joe Rogan route 13 start '1181.0 -103.0 -168.0' goal '1005.0 793.0 -296.0'
ARGLOG Joe Rogan t  88.3 pos '1158.9 -112.0 -220.5' spd  55.7 yaw  85.8 mode 0 st 10 gl 1 hp 80 frg 1
ARGLOG Romero t  88.3 pos '552.0 313.4  56.0' spd  24.2 yaw 34 mode 2 st 5 gl 0 hp 100 frg 0
ARGLOG Carmack t  88.7 pos '-303.8 458.1  -3.5' spd  30.9 yaw 82 mode 2 st 10 gl 5 hp 91 frg 0
ARGLOG Joe Rogan t  88.9 pos '1201.2 -112.0 -220.2' spd  89.2 yaw 19 mode 2 st 10 gl 1 hp 80 frg 1
ARGLOG Romero t  88.9 pos '552.0 300.0  56.0' spd  23.8 yaw 35 mode 2 st 5 gl 0 hp 100 frg 0
ARGEVT Carmack jump
ARGEVT Romero hazard
ARGLOG Carmack t  89.3 pos '-269.2 477.0  21.6' spd  91.0 yaw 105 mode 2 st 10 gl 5 hp 91 frg 0
ARGLOG Joe Rogan t  89.4 pos '1160.3 -112.0 -220.2' spd  39.4 yaw 16 mode 2 st 10 gl 1 hp 80 frg 1
ARGLOG Romero t  89.4 pos '552.0 286.3  56.0' spd  24.2 yaw 37 mode 2 st 5 gl 0 hp 100 frg 0
ARGEVT Carmack hazard
ARGEVT Carmack jump
ARGLOG Carmack t  89.9 pos '-288.0 457.9  -2.0' spd 256.6 yaw 91 mode 2 st 10 gl 5 hp 91 frg 0
ARGLOG Joe Rogan t  90.0 pos '1199.0 -112.0 -220.2' spd  28.7 yaw 19 mode 2 st 10 gl 1 hp 80 frg 1
ARGLOG Romero t  90.0 pos '552.0 272.6  56.0' spd  24.2 yaw 38 mode 2 st 5 gl 0 hp 100 frg 0
ARGEVT Romero hazard
ARGLOG Carmack t  90.4 pos '-303.7 457.9 -16.0' spd  30.9 yaw 82 mode 2 st 10 gl 5 hp 91 frg 0
ARGLOG Joe Rogan t  90.6 pos '1174.4 -112.0 -220.0' spd  95.0 yaw 17 mode 2 st 10 gl 1 hp 80 frg 1
ARGLOG Romero t  90.6 pos '552.0 259.0  56.0' spd  24.2 yaw 39 mode 2 st 5 gl 0 hp 100 frg 0
ARGEVT Carmack jump
ARGLOG Carmack t  91.0 pos '-266.5 481.5  19.8' spd  92.4 yaw 108 mode 2 st 10 gl 5 hp 91 frg 0
ARGLOG Joe Rogan t  91.1 pos '1174.3 -112.0 -219.8' spd  93.0 yaw 17 mode 2 st 10 gl 1 hp 80 frg 1
ARGLOG Romero t  91.1 pos '552.0 245.6  56.0' spd  23.8 yaw 40 mode 2 st 5 gl 0 hp 100 frg 0
ARGEVT Joe Rogan stall
ARGEVT Joe Rogan stallnode '1181.0 -103.0 -168.0'
ARGUS routecache adopt
ARGEVT Joe Rogan route 13 start '1181.0 -103.0 -168.0' goal '1005.0 793.0 -296.0'
ARGEVT Romero hazard
ARGEVT Carmack hazard
ARGEVT Carmack jump
ARGLOG Carmack t  91.5 pos '-297.1 451.5   8.4' spd 188.0 yaw 86 mode 2 st 10 gl 5 hp 91 frg 0
ARGLOG Joe Rogan t  91.7 pos '1188.7 -112.0 -219.5' spd  14.6 yaw 18 mode 2 st 11 gl 1 hp 80 frg 1
ARGLOG Romero t  91.7 pos '552.0 240.0  56.0' spd 0 yaw 41 mode 2 st 5 gl 0 hp 100 frg 0
ARGEVT Joe Rogan stall
ARGEVT Joe Rogan stallnode '1181.0 -103.0 -168.0'
ARGEVT Romero stall
ARGEVT Romero stallnode '701.0 505.0  56.0'
ARGEVT Romero jump
ARGLOG Carmack t  92.1 pos '-300.0 464.0 -16.0' spd  59.1 yaw 84 mode 2 st 10 gl 5 hp 91 frg 0
ARGLOG Joe Rogan t  92.2 pos '1166.7 -124.3 -219.5' spd 133.4 yaw 218.6 mode 0 st 12 gl 1 hp 80 frg 1
ARGLOG Romero t  92.2 pos '552.0 242.9  87.9' spd  27.2 yaw 14 mode 0 st 6 gl 0 hp 100 frg 0
ARGEVT Carmack jump
ARGEVT Romero route 17 start '525.0 313.0  56.0' goal '1517.0 489.0 -88.0'
ARGEVT Carmack abandon
ARGEVT Carmack plan powerup via weapon
ARGEVT Carmack goal weapon_lightning
ARGLOG Carmack t  92.7 pos '-262.0 485.1  15.1' spd  89.0 yaw  58.2 mode 0 st 10 gl 5 hp 91 frg 0
ARGEVT Carmack route 16 start '-259.0 441.0 -16.0' goal '1533.0 -231.0 -392.0'
ARGLOG Joe Rogan t  92.8 pos '1065.3 -208.3 -219.3' spd 277.6 yaw  38.9 mode 0 st 12 gl 1 hp 80 frg 1
ARGLOG Romero t  92.8 pos '541.4 292.3  56.0' spd 323.7 yaw 35 mode 2 st 6 gl 0 hp 100 frg 0
ARGEVT Romero hazard
ARGLOG Carmack t  93.2 pos '-155.0 508.1   8.0' spd 320.9 yaw 0 mode 2 st 10 gl 5 hp 91 frg 0
ARGLOG Joe Rogan t  93.3 pos '1100.5 -189.6 -219.3' spd 214.3 yaw  38.9 mode 0 st 12 gl 1 hp 80 frg 1
ARGLOG Romero t  93.3 pos '552.0 370.3  56.0' spd  24.6 yaw 28 mode 2 st 6 gl 0 hp 100 frg 0
ARGEVT Joe Rogan goal item_health
ARGEVT Joe Rogan route 3 start '1181.0 -103.0 -168.0' goal '557.0 -55.0 -168.0'
ARGLOG Carmack t  93.7 pos ' 21.3 536.7  40.0' spd 320.1 yaw 356 mode 2 st 10 gl 5 hp 91 frg 0
ARGLOG Joe Rogan t  93.8 pos '1185.7 -112.0 -219.1' spd  14.9 yaw 174 mode 2 st 12 gl 1 hp 80 frg 1
ARGLOG Romero t  93.8 pos '552.0 356.8  56.0' spd  25.0 yaw 29 mode 2 st 6 gl 0 hp 100 frg 0
ARGEVT Romero hazard
ARGLOG Carmack t  94.3 pos '201.1 543.4  56.0' spd 320.7 yaw 325 mode 2 st 10 gl 5 hp 91 frg 0
ARGLOG Joe Rogan t  94.4 pos '1097.3 -112.0 -219.1' spd 221.1 yaw 173 mode 2 st 12 gl 1 hp 80 frg 1
ARGLOG Romero t  94.4 pos '552.0 343.1  56.0' spd  24.6 yaw 31 mode 2 st 6 gl 0 hp 100 frg 0
ARGLOG Carmack t  94.8 pos '378.8 510.2  56.0' spd 332.9 yaw 313 mode 2 st 10 gl 5 hp 91 frg 0
ARGLOG Joe Rogan t  94.9 pos '1064.0 -112.0 -219.1' spd 0 yaw 172 mode 2 st 12 gl 1 hp 80 frg 1
ARGLOG Romero t  94.9 pos '552.0 330.9  56.0' spd  24.6 yaw 32 mode 2 st 6 gl 0 hp 100 frg 0
ARGEVT Romero engage Carmack
ARGEVT Carmack engage Romero
ARGLOG Carmack t  95.3 pos '528.4 453.5  56.0' spd 333.7 yaw 211.3 mode 2 st 10 gl 5 hp 91 frg 0
ARGLOG Joe Rogan t  95.4 pos '1064.0 -112.0 -219.2' spd 0 yaw 172 mode 2 st 12 gl 1 hp 80 frg 1
ARGLOG Romero t  95.4 pos '420.2 299.8  56.0' spd 359.8 yaw  44.3 mode 0 st 6 gl 0 hp 100 frg 0
ARGEVT Carmack hazard
ARGEVT Joe Rogan stall
ARGEVT Joe Rogan stallnode '957.0  -7.0 -184.0'
ARGUS routecache adopt
ARGEVT Joe Rogan route 3 start '1181.0 -103.0 -168.0' goal '557.0 -55.0 -168.0'
ARGEVT Romero route 17 start '525.0 313.0  56.0' goal '1517.0 489.0 -88.0'
ARGEVT Romero pursue
ARGLOG Carmack t  95.9 pos '439.6 548.7  56.0' spd 352.2 yaw 306.6 mode 2 st 10 gl 5 hp 67 frg 0
ARGLOG Joe Rogan t  96.0 pos '1065.0 -112.0 -219.1' spd  15.0 yaw 135 mode 2 st 13 gl 1 hp 80 frg 1
ARGLOG Romero t  96.0 pos '481.1 307.6  56.0' spd 370.8 yaw 63 mode 2 st 6 gl 0 hp 100 frg 0
ARGUS Romero hunch item_artifact_super_damage
ARGEVT Romero hazard
ARGEVT Romero plan powerup via weapon
ARGEVT Romero goal weapon_rocketlauncher
ARGUS routecache adopt
ARGEVT Romero route 17 start '525.0 313.0  56.0' goal '1517.0 489.0 -88.0'
ARGLOG Carmack t  96.5 pos '361.4 560.3  56.0' spd 327.8 yaw 284.8 mode 2 st 10 gl 5 hp 67 frg 0
ARGLOG Joe Rogan t  96.5 pos '1160.2 -112.0 -218.8' spd 251.5 yaw 152 mode 2 st 13 gl 1 hp 80 frg 1
ARGLOG Romero t  96.5 pos '491.1 364.6  56.0' spd 320.6 yaw 107.2 mode 2 st 6 gl 0 hp 82 frg 0
ARGEVT Carmack pursue
ARGLOG Carmack t  97.0 pos '530.2 569.9  56.0' spd 323.8 yaw 276.4 mode 2 st 10 gl 5 hp 67 frg 0
ARGLOG Joe Rogan t  97.1 pos '1223.4 -112.0 -218.8' spd  95.3 yaw 158 mode 2 st 13 gl 1 hp 80 frg 1
ARGLOG Romero t  97.1 pos '459.3 329.0  56.0' spd 320.0 yaw  75.5 mode 2 st 6 gl 0 hp 82 frg 0
ARGLOG Carmack t  97.6 pos '387.1 526.0  56.0' spd 321.8 yaw 272.8 mode 2 st 10 gl 5 hp 67 frg 0
ARGLOG Joe Rogan t  97.6 pos '1145.1 -112.0 -218.5' spd  16.1 yaw 150 mode 2 st 13 gl 1 hp 80 frg 1
ARGLOG Romero t  97.6 pos '473.6 292.6  56.0' spd 326.7 yaw 116.1 mode 2 st 6 gl 0 hp 64 frg 0
ARGEVT Carmack hazard
ARGUS routecache adopt
ARGEVT Romero route 17 start '525.0 313.0  56.0' goal '1517.0 489.0 -88.0'
ARGEVT Romero pursue
ARGEVT Romero hazard
ARGLOG Joe Rogan t  98.1 pos '1206.9 -112.0 -218.6' spd  95.3 yaw 157 mode 2 st 13 gl 1 hp 80 frg 1
ARGLOG Romero t  98.1 pos '353.1 328.2  56.0' spd 368.7 yaw  39.3 mode 2 st 6 gl 0 hp 64 frg 0
ARGEVT Carmack pursue
ARGLOG Carmack t  98.1 pos '431.8 468.4  56.0' spd 350.3 yaw 297 mode 2 st 10 gl 5 hp 67 frg 0
ARGLOG Joe Rogan t  98.7 pos '1158.7 -112.0 -218.5' spd  72.6 yaw 152 mode 2 st 13 gl 1 hp 80 frg 1
ARGLOG Romero t  98.7 pos '438.8 289.5  56.0' spd 347.7 yaw  55.0 mode 2 st 6 gl 0 hp 55 frg 0
ARGLOG Carmack t  98.7 pos '539.1 402.7  56.0' spd 316.2 yaw 256.1 mode 2 st 10 gl 5 hp 43 frg 0
ARGLOG Joe Rogan t  99.2 pos '1201.0 -112.0 -218.7' spd  71.2 yaw 156 mode 2 st 13 gl 1 hp 80 frg 1
ARGLOG Romero t  99.2 pos '496.0 231.0  56.0' spd 0 yaw  77.5 mode 2 st 6 gl 0 hp 55 frg 0
ARGLOG Carmack t  99.2 pos '537.7 454.5  56.0' spd  49.7 yaw 270.2 mode 2 st 10 gl 5 hp 35 frg 0
ARGEVT Carmack retreat
ARGLOG Joe Rogan t  99.7 pos '1163.4 -112.0 -218.7' spd  50.0 yaw 153 mode 2 st 13 gl 1 hp 80 frg 1
ARGLOG Romero t  99.7 pos '530.2 251.5  56.0' spd  60.5 yaw  83.5 mode 2 st 6 gl 0 hp 46 frg 0
ARGLOG Carmack t  99.7 pos '551.4 465.1  56.0' spd 399.1 yaw 243.2 mode 2 st 10 gl 5 hp 11 frg 0
ARGEVT Carmack hazard
ARGEVT Joe Rogan stall
ARGEVT Joe Rogan stallnode '1181.0 -103.0 -168.0'
ARGLOG Joe Rogan t 100.3 pos '1195.0 -112.0 -218.7' spd  41.8 yaw 167.3 mode 0 st 14 gl 1 hp 80 frg 1
ARGLOG Romero t 100.3 pos '372.8 323.4  56.0' spd 323.0 yaw  59.6 mode 2 st 6 gl 0 hp 37 frg 0
ARGEVT Romero hazard
ARGLOG Carmack t 100.3 pos '552.0 647.1  56.0' spd 320.1 yaw 244.6 mode 2 st 10 gl 5 hp 11 frg 0
ARGEVT Joe Rogan route 3 start '1181.0 -103.0 -168.0' goal '557.0 -55.0 -168.0'
ARGEVT Carmack pursue
ARGEVT Romero pursue
ARGEVT Carmack route 13 start '397.0 505.0  56.0' goal '1533.0 -231.0 -392.0'
ARGEVT Carmack weapon sg
ARGEVT Carmack death Romero pos '491.4 641.9  56.0'
ARGUS Romero watch spawn
ARGLOG Joe Rogan t 100.8 pos '1164.6 -112.0 -218.6' spd  96.6 yaw 153 mode 2 st 14 gl 1 hp 80 frg 1
ARGEVT Romero plan powerup via weapon
ARGEVT Romero goal weapon_rocketlauncher
ARGLOG Romero t 100.8 pos '519.4 312.8  56.0' spd 322.2 yaw  30.8 mode 0 st 6 gl 0 hp 37 frg 1
ARGEVT Romero route 17 start '525.0 313.0  56.0' goal '1517.0 489.0 -88.0'
ARGLOG Joe Rogan t 101.4 pos '1189.3 -112.0 -218.6' spd 116.2 yaw 155 mode 2 st 14 gl 1 hp 80 frg 1
ARGLOG Romero t 101.4 pos '538.6 477.3  56.0' spd 321.2 yaw 108 mode 2 st 6 gl 0 hp 28 frg 1
ARGLOG Joe Rogan t 101.9 pos '1176.3 -112.0 -218.8' spd 116.2 yaw 154 mode 2 st 14 gl 1 hp 80 frg 1
ARGLOG Romero t 101.9 pos '456.2 616.5  56.0' spd 384.9 yaw 336 mode 2 st 6 gl 0 hp 28 frg 1
ARGEVT Carmack respawn
ARGEVT Carmack goal item_health
ARGLOG Carmack t 102.3 pos '-880.0 -232.0 -16.0' spd 0 yaw  69.8 mode 0 st 10 gl 5 hp 100 frg 0
ARGLOG Joe Rogan t 102.4 pos '1181.2 -112.0 -219.0' spd 118.3 yaw 154 mode 2 st 14 gl 1 hp 80 frg 1
ARGLOG Romero t 102.4 pos '391.6 481.9  56.0' spd 420.7 yaw  12.8 mode 2 st 6 gl 0 hp 28 frg 1
ARGEVT Carmack route 10 start '-931.0 -279.0 -16.0' goal '-723.0  73.0 184.0'
ARGLOG Carmack t 102.8 pos '-874.0 -77.4 -16.0' spd 338.2 yaw 111 mode 2 st 10 gl 5 hp 100 frg 0
ARGLOG Joe Rogan t 102.9 pos '1187.1 -112.0 -219.0' spd 109.8 yaw 155 mode 2 st 14 gl 1 hp 80 frg 1
ARGLOG Romero t 102.9 pos '522.2 578.4  56.0' spd 389.5 yaw 338 mode 2 st 6 gl 0 hp 28 frg 1
ARGLOG Carmack t 103.4 pos '-960.5  84.4   8.0' spd 325.3 yaw 90 mode 2 st 10 gl 5 hp 100 frg 0
ARGLOG Joe Rogan t 103.5 pos '1168.4 -112.0 -218.9' spd  33.8 yaw 153 mode 2 st 14 gl 1 hp 80 frg 1
ARGLOG Romero t 103.5 pos '371.0 564.2  56.0' spd 422.7 yaw 323.5 mode 0 st 6 gl 0 hp 28 frg 1
ARGEVT Carmack jump
ARGEVT Romero route 18 start '397.0 505.0  56.0' goal '1517.0 489.0 -88.0'
ARGEVT Joe Rogan stall
ARGEVT Joe Rogan stallnode '1181.0 -103.0 -168.0'
ARGLOG Carmack t 104.0 pos '-967.3 153.2  55.1' spd  30.0 yaw 89 mode 2 st 10 gl 5 hp 100 frg 0
ARGLOG Joe Rogan t 104.0 pos '1184.2 -112.0 -218.7' spd  75.6 yaw 149.8 mode 0 st 15 gl 1 hp 80 frg 1
ARGLOG Romero t 104.0 pos '504.9 420.9  56.0' spd 344.1 yaw 23 mode 2 st 6 gl 0 hp 28 frg 1
ARGEVT Joe Rogan route 3 start '1181.0 -103.0 -168.0' goal '557.0 -55.0 -168.0'
ARGEVT Romero jump
ARGLOG Carmack t 104.5 pos '-962.4 289.8 104.0' spd 320.0 yaw 90 mode 2 st 10 gl 5 hp 100 frg 0
ARGLOG Joe Rogan t 104.6 pos '1168.2 -112.0 -218.6' spd 130.5 yaw 153 mode 2 st 15 gl 1 hp 80 frg 1
ARGLOG Romero t 104.6 pos '552.0 249.0  80.4' spd 286.7 yaw 40 mode 2 st 6 gl 0 hp 28 frg 1
ARGEVT Joe Rogan stall
ARGEVT Joe Rogan stallnode '1181.0 -103.0 -168.0'
ARGLOG Carmack t 105.1 pos '-959.2 468.3 120.0' spd 320.0 yaw 23 mode 2 st 10 gl 5 hp 100 frg 0
ARGLOG Joe Rogan t 105.1 pos '1262.8 -152.1 -218.4' spd 249.4 yaw 315.2 mode 0 st 16 gl 1 hp 80 frg 1
ARGLOG Romero t 105.1 pos '552.0 265.1  56.0' spd 180.2 yaw 39 mode 2 st 6 gl 0 hp 28 frg 1
ARGEVT Romero hazard
ARGLOG Carmack t 105.6 pos '-958.8 648.7 120.0' spd 329.2 yaw 340 mode 2 st 10 gl 5 hp 100 frg 0
ARGLOG Joe Rogan t 105.7 pos '1372.0 -240.0 -218.4' spd 143.2 yaw  85.0 mode 0 st 16 gl 1 hp 80 frg 1
ARGLOG Romero t 105.7 pos '552.0 466.0  56.0' spd 394.5 yaw 15 mode 2 st 6 gl 0 hp 28 frg 1
ARGEVT Carmack jump
ARGLOG Carmack t 106.2 pos '-848.0 728.6 157.5' spd  30.6 yaw 321 mode 2 st 10 gl 5 hp 100 frg 0
ARGEVT Joe Rogan goal weapon_lightning
ARGLOG Joe Rogan t 106.3 pos '1411.9 -136.8 -218.3' spd 262.1 yaw  64.8 mode 1 st 16 gl 1 hp 80 frg 1
ARGLOG Romero t 106.3 pos '552.0 608.2  56.0' spd 166.1 yaw 354 mode 2 st 6 gl 0 hp 28 frg 1
ARGEVT Romero hazard
ARGLOG Carmack t 106.8 pos '-848.0 711.2  28.6' spd  31.0 yaw 323 mode 2 st 10 gl 5 hp 100 frg 0
ARGLOG Joe Rogan t 106.8 pos '1501.4 -135.6 -218.4' spd 240.4 yaw 308 mode 1 st 16 gl 1 hp 80 frg 1
ARGLOG Romero t 106.8 pos '552.0 555.3  56.0' spd 357.3 yaw 2 mode 2 st 6 gl 0 hp 28 frg 1
ARGEVT Carmack jump
ARGLOG Carmack t 107.3 pos '-813.8 579.5  -2.3' spd 320.0 yaw 343 mode 2 st 10 gl 5 hp 100 frg 0
ARGLOG Joe Rogan t 107.4 pos '1553.3 -248.5 -218.2' spd 200.0 yaw 167.6 mode 1 st 16 gl 1 hp 80 frg 1
ARGLOG Romero t 107.4 pos '536.2 426.7  56.0' spd 154.2 yaw 20 mode 2 st 6 gl 0 hp 28 frg 1
ARGEVT Romero hazard
ARGLOG Carmack t 107.9 pos '-795.6 408.8 -16.0' spd 302.2 yaw 23 mode 2 st 10 gl 5 hp 100 frg 0
ARGLOG Joe Rogan t 107.9 pos '1509.6 -213.3 -218.1' spd 184.6 yaw 31 mode 1 st 16 gl 1 hp 80 frg 1
ARGLOG Romero t 107.9 pos '541.2 553.5  56.0' spd 188.1 yaw 2 mode 2 st 6 gl 0 hp 28 frg 1
ARGEVT Carmack hazard
ARGEVT Carmack jump
ARGLOG Carmack t 108.4 pos '-784.0 502.2   8.3' spd 308.6 yaw 0 mode 2 st 10 gl 5 hp 100 frg 0
ARGLOG Joe Rogan t 108.5 pos '1595.9 -201.9 -218.1' spd 168.5 yaw 222.2 mode 1 st 16 gl 1 hp 80 frg 1
ARGLOG Romero t 108.5 pos '548.4 475.5  56.0' spd 249.8 yaw 13 mode 2 st 6 gl 0 hp 28 frg 1
ARGEVT Romero hazard
ARGLOG Carmack t 109.0 pos '-849.8 608.5 -16.0' spd 253.1 yaw 340 mode 2 st 10 gl 5 hp 100 frg 0
ARGLOG Joe Rogan t 109.1 pos '1537.0 -211.8 -218.1' spd 186.4 yaw 70 mode 1 st 16 gl 1 hp 80 frg 1
ARGLOG Romero t 109.1 pos '552.0 475.6  56.0' spd 301.4 yaw 14 mode 2 st 6 gl 0 hp 28 frg 1
ARGEVT Carmack jump
ARGLOG Carmack t 109.6 pos '-806.7 528.0  14.8' spd  90.2 yaw 355 mode 2 st 10 gl 5 hp 100 frg 0
ARGLOG Joe Rogan t 109.6 pos '1587.6 -165.6 -218.0' spd 160.2 yaw 250.2 mode 1 st 16 gl 1 hp 80 frg 1
ARGLOG Romero t 109.6 pos '537.0 589.2  56.0' spd 154.9 yaw 358 mode 2 st 6 gl 0 hp 28 frg 1
ARGEVT Romero hazard
ARGEVT Carmack jump
ARGEVT Romero stall
ARGEVT Romero stallnode '701.0 505.0  56.0'
ARGEVT Romero jump
ARGLOG Carmack t 110.1 pos '-870.3 621.8  15.9' spd 355.2 yaw 339 mode 2 st 10 gl 5 hp 100 frg 0
ARGLOG Joe Rogan t 110.2 pos '1538.0 -203.4 -217.9' spd 180.0 yaw  85.7 mode 1 st 16 gl 1 hp 80 frg 1
ARGLOG Romero t 110.2 pos '548.6 455.2  87.9' spd 344.1 yaw 2 mode 0 st 7 gl 0 hp 28 frg 1
ARGEVT Romero route 18 start '397.0 505.0  56.0' goal '1517.0 489.0 -88.0'
ARGLOG Carmack t 110.7 pos '-849.7 592.4 -16.0' spd 320.0 yaw 343 mode 2 st 10 gl 5 hp 100 frg 0
ARGLOG Joe Rogan t 110.8 pos '1570.7 -151.7 -217.8' spd 160.7 yaw 266.8 mode 1 st 16 gl 1 hp 80 frg 1
ARGLOG Romero t 110.8 pos '531.8 415.7  56.0' spd 324.6 yaw 267 mode 2 st 7 gl 0 hp 28 frg 1
ARGEVT Carmack jump
ARGEVT Romero hazard
ARGLOG Carmack t 111.3 pos '-784.0 455.2   6.5' spd 243.8 yaw 13 mode 2 st 10 gl 5 hp 100 frg 0
ARGLOG Joe Rogan t 111.3 pos '1534.6 -201.8 -217.9' spd 170.2 yaw  93.8 mode 1 st 16 gl 1 hp 80 frg 1
ARGLOG Romero t 111.3 pos '370.4 484.7  56.0' spd 195.4 yaw 3 mode 2 st 7 gl 0 hp 28 frg 1
ARGEVT Carmack hazard
ARGEVT Carmack jump
ARGLOG Carmack t 111.8 pos '-784.0 526.7  15.7' spd 317.5 yaw 354 mode 2 st 10 gl 5 hp 100 frg 0
ARGLOG Joe Rogan t 111.9 pos '1560.8 -149.1 -217.6' spd 162.6 yaw 275.0 mode 1 st 16 gl 1 hp 80 frg 1
ARGLOG Romero t 111.9 pos '501.5 437.5  56.0' spd 378.9 yaw 18 mode 2 st 7 gl 0 hp 28 frg 1
ARGLOG Carmack t 112.3 pos '-852.1 616.1 -16.0' spd 255.7 yaw 338 mode 2 st 10 gl 5 hp 100 frg 0
ARGLOG Joe Rogan t 112.4 pos '1543.4 -205.0 -217.7' spd 165.8 yaw 117.5 mode 1 st 16 gl 1 hp 80 frg 1
ARGLOG Romero t 112.4 pos '552.0 276.7  56.0' spd 327.7 yaw 38 mode 2 st 7 gl 0 hp 28 frg 1
ARGEVT Romero hazard
ARGEVT Romero jump
ARGEVT Carmack jump
ARGLOG Carmack t 112.9 pos '-815.2 528.0  14.7' spd  78.1 yaw 355 mode 2 st 10 gl 5 hp 100 frg 0
ARGLOG Joe Rogan t 112.9 pos '1547.6 -146.3 -217.8' spd 161.5 yaw 297.7 mode 1 st 16 gl 1 hp 80 frg 1
ARGLOG Romero t 112.9 pos '552.0 250.0  78.3' spd  34.7 yaw 40 mode 2 st 7 gl 0 hp 28 frg 1
ARGEVT Carmack jump
ARGLOG Carmack t 113.4 pos '-823.0 646.6  16.1' spd 351.5 yaw 330 mode 2 st 10 gl 5 hp 100 frg 0
ARGLOG Joe Rogan t 113.5 pos '1542.3 -205.8 -217.8' spd 165.9 yaw 120.8 mode 1 st 16 gl 1 hp 80 frg 1
ARGLOG Romero t 113.5 pos '552.0 394.8  56.0' spd 362.9 yaw 25 mode 2 st 7 gl 0 hp 28 frg 1
ARGEVT Romero hazard
ARGLOG Carmack t 114.0 pos '-856.8 642.7 -16.0' spd 320.0 yaw 334 mode 2 st 10 gl 5 hp 100 frg 0
ARGLOG Joe Rogan t 114.1 pos '1542.7 -146.9 -217.6' spd 162.6 yaw 302.3 mode 1 st 16 gl 1 hp 80 frg 1
ARGLOG Romero t 114.1 pos '552.0 338.0  56.0' spd  87.1 yaw 31 mode 2 st 7 gl 0 hp 28 frg 1
ARGEVT Carmack jump
ARGEVT Romero hazard
ARGLOG Carmack t 114.6 pos '-784.0 483.7  14.7' spd 284.4 yaw 5 mode 2 st 10 gl 5 hp 100 frg 0
ARGLOG Joe Rogan t 114.6 pos '1542.7 -206.0 -217.5' spd 162.2 yaw 122.2 mode 1 st 16 gl 1 hp 80 frg 1
ARGLOG Romero t 114.6 pos '552.0 290.2  56.0' spd  82.6 yaw 36 mode 2 st 7 gl 0 hp 28 frg 1
ARGEVT Carmack hazard
ARGEVT Carmack jump
ARGLOG Joe Rogan t 115.1 pos '1532.5 -149.8 -217.5' spd 162.6 yaw 322.5 mode 1 st 16 gl 1 hp 80 frg 1
ARGLOG Romero t 115.1 pos '552.0 248.1  56.0' spd  85.1 yaw 40 mode 2 st 7 gl 0 hp 28 frg 1
ARGLOG Carmack t 115.1 pos '-787.5 509.0   8.3' spd 349.6 yaw 359 mode 2 st 10 gl 5 hp 100 frg 0
ARGEVT Romero hazard
ARGLOG Joe Rogan t 115.7 pos '1553.1 -204.9 -217.4' spd 162.9 yaw 142.7 mode 1 st 16 gl 1 hp 80 frg 1
ARGLOG Romero t 115.7 pos '548.9 430.4  56.0' spd 393.4 yaw 20 mode 2 st 7 gl 0 hp 28 frg 1
ARGLOG Carmack t 115.7 pos '-852.7 622.6 -16.0' spd 259.1 yaw 337 mode 2 st 10 gl 5 hp 100 frg 0
ARGEVT Carmack jump
ARGLOG Joe Rogan t 116.2 pos '1523.7 -155.6 -217.5' spd 161.9 yaw 343.0 mode 1 st 16 gl 1 hp 80 frg 1
ARGLOG Romero t 116.2 pos '545.0 575.4  56.0' spd 191.3 yaw 0 mode 2 st 7 gl 0 hp 28 frg 1
ARGLOG Carmack t 116.2 pos '-826.9 528.0  19.5' spd  64.7 yaw 355 mode 2 st 10 gl 5 hp 100 frg 0
ARGEVT Romero hazard
ARGEVT Carmack jump
ARGLOG Joe Rogan t 116.7 pos '1561.9 -200.4 -217.4' spd 162.0 yaw 162.8 mode 1 st 16 gl 1 hp 80 frg 1
ARGLOG Romero t 116.7 pos '549.3 636.8  56.0' spd 231.6 yaw 350 mode 2 st 7 gl 0 hp 28 frg 1
ARGLOG Carmack t 116.7 pos '-760.6 613.4   8.4' spd 348.5 yaw 330 mode 2 st 10 gl 5 hp 100 frg 0
ARGLOG Joe Rogan t 117.2 pos '1517.6 -163.8 -217.5' spd 161.7 yaw   2.2 mode 1 st 16 gl 1 hp 80 frg 1
ARGLOG Romero t 117.2 pos '552.0 476.5  56.0' spd 206.3 yaw 13 mode 2 st 7 gl 0 hp 28 frg 1
ARGLOG Carmack t 117.2 pos '-836.4 702.1 -16.0' spd 296.4 yaw 323 mode 2 st 10 gl 5 hp 100 frg 0
ARGEVT Carmack jump
ARGEVT Romero hazard
ARGLOG Joe Rogan t 117.7 pos '1571.3 -183.7 -217.7' spd 161.6 yaw 201.6 mode 1 st 16 gl 1 hp 80 frg 1
ARGLOG Romero t 117.7 pos '544.7 399.6  56.0' spd 144.8 yaw 24 mode 2 st 7 gl 0 hp 28 frg 1
ARGLOG Carmack t 117.7 pos '-835.9 535.8  16.0' spd 341.6 yaw 354 mode 2 st 10 gl 5 hp 100 frg 0
ARGLOG Joe Rogan t 118.3 pos '1514.0 -172.7 -217.7' spd 162.9 yaw  22.0 mode 1 st 16 gl 1 hp 80 frg 1
ARGLOG Romero t 118.3 pos '541.4 565.8  56.0' spd 285.3 yaw 0 mode 2 st 7 gl 0 hp 28 frg 1
ARGLOG Carmack t 118.3 pos '-790.6 556.7 -16.0' spd 329.4 yaw 347 mode 2 st 10 gl 5 hp 100 frg 0
ARGEVT Carmack jump
ARGEVT Romero hazard
ARGLOG Joe Rogan t 118.8 pos '1572.1 -173.3 -217.7' spd 161.6 yaw 221.4 mode 1 st 16 gl 1 hp 80 frg 1
ARGLOG Romero t 118.8 pos '552.0 507.2  56.0' spd 264.2 yaw 9 mode 2 st 7 gl 0 hp 28 frg 1
ARGLOG Carmack t 118.8 pos '-807.6 703.8  14.3' spd 310.5 yaw 319 mode 2 st 10 gl 5 hp 100 frg 0
ARGEVT Carmack jump
ARGLOG Joe Rogan t 119.4 pos '1514.1 -183.0 -217.5' spd 163.1 yaw  42.5 mode 1 st 16 gl 1 hp 80 frg 1
ARGLOG Romero t 119.4 pos '545.1 413.4  56.0' spd 148.4 yaw 22 mode 2 st 7 gl 0 hp 28 frg 1
ARGLOG Carmack t 119.4 pos '-850.6 573.5  -2.3' spd 341.5 yaw 346 mode 2 st 10 gl 5 hp 100 frg 0
ARGEVT Romero hazard
ARGLOG Joe Rogan t 119.9 pos '1571.2 -172.0 -217.4' spd 162.8 yaw 223 mode 1 st 16 gl 1 hp 80 frg 1
ARGLOG Romero t 119.9 pos '544.3 558.3  56.0' spd 176.1 yaw 1 mode 2 st 7 gl 0 hp 28 frg 1
ARGLOG Carmack t 119.9 pos '-789.6 530.2 -16.0' spd 112.7 yaw 354 mode 2 st 10 gl 5 hp 100 frg 0
ARGEVT Carmack jump
ARGLOG Joe Rogan t 120.5 pos '1513.7 -183.5 -217.3' spd 163.4 yaw  44.1 mode 1 st 16 gl 1 hp 80 frg 1
ARGLOG Romero t 120.5 pos '552.0 499.4  56.0' spd 241.2 yaw 10 mode 2 st 7 gl 0 hp 28 frg 1
ARGLOG Carmack t 120.5 pos '-871.8 648.5  19.9' spd  30.1 yaw 334 mode 2 st 10 gl 5 hp 100 frg 0
ARGEVT Romero hazard
ARGEVT Carmack jump
ARGLOG Joe Rogan t 121.0 pos '1567.0 -162.1 -217.4' spd 161.6 yaw 243.2 mode 1 st 16 gl 1 hp 80 frg 1
ARGLOG Romero t 121.0 pos '552.0 475.4  56.0' spd 267.1 yaw 14 mode 2 st 7 gl 0 hp 28 frg 1
ARGLOG Carmack t 121.0 pos '-829.9 579.2  -2.0' spd 320.0 yaw 344 mode 2 st 10 gl 5 hp 100 frg 0
ARGEVT Romero abandon
ARGEVT Romero goal item_health
ARGEVT Romero route 12 start '397.0 505.0  56.0' goal '557.0 -55.0 -168.0'
ARGLOG Joe Rogan t 121.6 pos '1516.8 -192.4 -217.3' spd 163.3 yaw  64.3 mode 1 st 16 gl 1 hp 80 frg 1
ARGLOG Romero t 121.6 pos '531.0 444.5  56.0' spd 362.0 yaw 268 mode 2 st 7 gl 0 hp 28 frg 1
ARGLOG Carmack t 121.6 pos '-786.0 430.2 -16.0' spd 268.1 yaw 19 mode 2 st 10 gl 5 hp 100 frg 0
ARGEVT Carmack hazard
ARGEVT Romero hazard
ARGEVT Carmack jump
ARGLOG Joe Rogan t 122.1 pos '1559.3 -153.8 -217.4' spd 161.8 yaw 264.3 mode 1 st 16 gl 1 hp 80 frg 1
ARGLOG Romero t 122.1 pos '466.1 384.7  56.0' spd 294.3 yaw 310 mode 2 st 7 gl 0 hp 28 frg 1
ARGLOG Carmack t 122.1 pos '-794.6 483.1  -2.3' spd 334.7 yaw 5 mode 2 st 10 gl 5 hp 100 frg 0
ARGLOG Joe Rogan t 122.6 pos '1531.6 -204.7 -217.4' spd 161.8 yaw 103.7 mode 1 st 16 gl 1 hp 80 frg 1
ARGLOG Romero t 122.6 pos '356.3 496.6  56.0' spd 416.8 yaw 1 mode 2 st 7 gl 0 hp 28 frg 1
ARGEVT Carmack abandon
ARGEVT Carmack goal weapon_supernailgun
ARGLOG Carmack t 122.6 pos '-818.5 620.5  -4.8' spd 286.1 yaw 254.8 mode 0 st 10 gl 5 hp 100 frg 0
ARGEVT Carmack routefail
ARGEVT Carmack goal weapon_lightning
ARGEVT Carmack routefail
ARGEVT Carmack hazard
ARGEVT Carmack goal item_health
ARGLOG Joe Rogan t 123.1 pos '1549.9 -149.0 -217.1' spd 164.2 yaw 285.8 mode 1 st 16 gl 1 hp 80 frg 1
ARGLOG Romero t 123.1 pos '421.7 471.0  56.0' spd 349.7 yaw 6 mode 2 st 7 gl 0 hp 28 frg 1
ARGLOG Carmack t 123.1 pos '-777.8 557.0 -16.0' spd 368.1 yaw 31 mode 1 st 10 gl 5 hp 100 frg 0
ARGEVT Carmack goal item_health
ARGEVT Carmack goal item_shells
ARGEVT Carmack route 0 start '-691.0 761.0 -16.0' goal '-691.0 761.0 -16.0'
ARGLOG Joe Rogan t 123.7 pos '1533.8 -205.6 -217.0' spd 162.2 yaw 106.9 mode 1 st 16 gl 1 hp 80 frg 1
ARGLOG Romero t 123.7 pos '544.7 337.4  56.0' spd 352.6 yaw 31 mode 2 st 7 gl 0 hp 28 frg 1
ARGLOG Carmack t 123.7 pos '-690.6 698.7 -16.0' spd 320.2 yaw 90 mode 2 st 10 gl 7 hp 100 frg 0
ARGEVT Romero hazard
ARGLOG Joe Rogan t 124.2 pos '1548.9 -149.2 -216.6' spd 164.5 yaw 289.3 mode 1 st 16 gl 1 hp 80 frg 1
ARGLOG Romero t 124.2 pos '552.0 255.5  56.0' spd  45.6 yaw 40 mode 2 st 7 gl 0 hp 28 frg 1
ARGLOG Carmack t 124.2 pos '-676.3 771.8 -16.0' spd 320.0 yaw 355 mode 1 st 10 gl 7 hp 100 frg 0
ARGEVT Carmack goal weapon_rocketlauncher
ARGEVT Carmack routefail
ARGEVT Carmack hazard
ARGLOG Joe Rogan t 124.8 pos '1536.0 -207.0 -216.6' spd 161.3 yaw 108.8 mode 1 st 16 gl 1 hp 80 frg 1
ARGLOG Romero t 124.8 pos '552.0 240.0  56.0' spd 0 yaw 41 mode 2 st 7 gl 0 hp 28 frg 1
ARGEVT Carmack plan powerup via weapon
ARGEVT Carmack goal weapon_grenadelauncher
ARGLOG Carmack t 124.8 pos '-533.4 692.5 -16.0' spd 344.2 yaw 315.3 mode 0 st 10 gl 8 hp 100 frg 0
ARGEVT Carmack routefail
ARGEVT Romero hazard
ARGEVT Carmack plan powerup via weapon
ARGEVT Carmack goal weapon_nailgun
ARGEVT Carmack routefail
ARGEVT Carmack goal item_spikes
ARGEVT Carmack routefail
ARGLOG Joe Rogan t 125.3 pos '1549.5 -150.6 -216.5' spd 163.3 yaw 289.6 mode 1 st 16 gl 1 hp 80 frg 1
ARGLOG Romero t 125.3 pos '552.0 240.0  56.0' spd 0 yaw 41 mode 2 st 7 gl 0 hp 28 frg 1
ARGLOG Carmack t 125.3 pos '-543.8 688.0 -16.0' spd  20.4 yaw 264 mode 0 st 10 gl 8 hp 100 frg 0
ARGEVT Carmack goal 
ARGEVT Carmack routefail
ARGEVT Romero stall
ARGEVT Romero stallnode '701.0 505.0  56.0'
ARGEVT Romero jump
ARGLOG Joe Rogan t 125.9 pos '1536.8 -208.0 -216.5' spd 162.1 yaw 109.4 mode 1 st 16 gl 1 hp 80 frg 1
ARGLOG Romero t 125.9 pos '552.0 242.9  87.9' spd  27.2 yaw 359.8 mode 0 st 8 gl 0 hp 28 frg 1
ARGLOG Carmack t 125.9 pos '-545.1 514.3 -16.0' spd 320.6 yaw 264 mode 0 st 10 gl 8 hp 100 frg 0
ARGEVT Romero route 11 start '525.0 313.0  56.0' goal '557.0 -55.0 -168.0'
ARGEVT Joe Rogan abandon
ARGEVT Joe Rogan goal item_health
ARGLOG Joe Rogan t 126.5 pos '1549.6 -151.1 -216.3' spd 164.0 yaw 330.9 mode 0 st 16 gl 1 hp 80 frg 1
ARGLOG Romero t 126.5 pos '541.7 290.7  56.0' spd 323.9 yaw 35 mode 2 st 8 gl 0 hp 28 frg 1
ARGLOG Carmack t 126.5 pos '-535.4 375.4 -16.0' spd 228.5 yaw  49.1 mode 0 st 10 gl 8 hp 100 frg 0
ARGEVT Joe Rogan route 6 start '1629.0 -103.0 -168.0' goal '1837.0 617.0 -180.0'
ARGEVT Romero hazard
ARGEVT Carmack hazard
ARGLOG Joe Rogan t 127.0 pos '1645.8 -125.0 -216.5' spd 205.1 yaw 22 mode 2 st 16 gl 1 hp 80 frg 1
ARGLOG Romero t 127.0 pos '552.0 360.9  56.0' spd  49.0 yaw 29 mode 2 st 8 gl 0 hp 28 frg 1
ARGLOG Carmack t 127.0 pos '-524.8 366.8 -16.0' spd 320.1 yaw  65.8 mode 0 st 10 gl 8 hp 100 frg 0
ARGLOG Joe Rogan t 127.5 pos '1610.4 -112.0 -216.4' spd  25.2 yaw 16 mode 2 st 16 gl 1 hp 80 frg 1
ARGLOG Romero t 127.5 pos '552.0 334.2  56.0' spd  48.1 yaw 32 mode 2 st 8 gl 0 hp 28 frg 1
ARGLOG Carmack t 127.5 pos '-658.1 381.7 -16.0' spd 320.9 yaw 197.3 mode 0 st 10 gl 8 hp 100 frg 0
ARGEVT Romero hazard
ARGEVT Joe Rogan stall
ARGEVT Joe Rogan stallnode '1629.0 -103.0 -168.0'
ARGUS routecache adopt
ARGEVT Joe Rogan route 6 start '1629.0 -103.0 -168.0' goal '1837.0 617.0 -180.0'
ARGLOG Joe Rogan t 128.1 pos '1647.3 -112.0 -216.4' spd   2.9 yaw 19 mode 2 st 17 gl 1 hp 80 frg 1
ARGLOG Romero t 128.1 pos '552.0 307.7  56.0' spd  46.6 yaw 35 mode 2 st 8 gl 0 hp 28 frg 1
ARGLOG Carmack t 128.1 pos '-555.1 418.2 -16.0' spd 320.1 yaw 147.4 mode 0 st 10 gl 8 hp 100 frg 0
ARGLOG Joe Rogan t 128.7 pos '1619.0 -112.0 -216.3' spd  74.7 yaw 17 mode 2 st 17 gl 1 hp 80 frg 1
ARGLOG Romero t 128.7 pos '552.0 281.2  56.0' spd  46.6 yaw 37 mode 2 st 8 gl 0 hp 28 frg 1
ARGLOG Carmack t 128.7 pos '-560.2 533.8 -16.0' spd 235.9 yaw 138.4 mode 0 st 10 gl 8 hp 100 frg 0
ARGEVT Romero hazard
ARGLOG Joe Rogan t 129.2 pos '1625.0 -112.0 -216.1' spd 103.7 yaw 17 mode 2 st 17 gl 1 hp 80 frg 1
ARGLOG Romero t 129.2 pos '552.0 255.2  56.0' spd  45.7 yaw 40 mode 2 st 8 gl 0 hp 28 frg 1
ARGLOG Carmack t 129.2 pos '-544.0 470.6 -16.0' spd 299.8 yaw 145.0 mode 0 st 10 gl 8 hp 100 frg 0
ARGEVT Joe Rogan stall
ARGEVT Joe Rogan stallnode '1629.0 -103.0 -168.0'
ARGUS routecache adopt
ARGEVT Joe Rogan route 6 start '1629.0 -103.0 -168.0' goal '1837.0 617.0 -180.0'
ARGEVT Carmack hazard
ARGLOG Joe Rogan t 129.7 pos '1638.1 -112.0 -216.2' spd  61.1 yaw 18 mode 2 st 18 gl 1 hp 80 frg 1
ARGLOG Romero t 129.7 pos '552.0 240.0  56.0' spd 0 yaw 41 mode 2 st 8 gl 0 hp 28 frg 1
ARGLOG Carmack t 129.7 pos '-615.6 404.4 -16.0' spd 320.2 yaw 270.7 mode 0 st 10 gl 8 hp 100 frg 0
ARGEVT Romero hazard
ARGEVT Carmack goal weapon_lightning
ARGEVT Carmack routefail
ARGEVT Romero stall
ARGEVT Romero stallnode '701.0 505.0  56.0'
ARGEVT Romero jump
ARGLOG Joe Rogan t 130.3 pos '1638.2 -112.0 -180.1' spd  87.1 yaw 28 mode 2 st 18 gl 1 hp 80 frg 1
ARGLOG Romero t 130.3 pos '552.0 240.0  70.0' spd 0 yaw  39.8 mode 0 st 9 gl 0 hp 28 frg 1
ARGEVT Carmack plan powerup via weapon
ARGEVT Carmack goal weapon_supershotgun
ARGLOG Carmack t 130.3 pos '-544.0 497.8 -16.0' spd 359.8 yaw  10.6 mode 0 st 10 gl 8 hp 100 frg 0
ARGEVT Romero route 11 start '525.0 313.0  56.0' goal '557.0 -55.0 -168.0'
ARGEVT Carmack routefail
ARGEVT Joe Rogan swim
ARGEVT Carmack goal item_rockets
ARGEVT Carmack routefail
ARGLOG Joe Rogan t 130.8 pos '1689.5 -112.0 -223.4' spd 124.9 yaw 33 mode 2 st 18 gl 1 hp 80 frg 1
ARGLOG Romero t 130.8 pos '552.0 259.1  56.0' spd  39.4 yaw 58 mode 2 st 9 gl 0 hp 28 frg 1
ARGLOG Carmack t 130.8 pos '-544.0 687.8 -16.0' spd 320.1 yaw 111.7 mode 0 st 10 gl 8 hp 100 frg 0
ARGEVT Carmack goal item_shells
ARGEVT Carmack routefail
ARGEVT Romero hazard
ARGEVT Carmack goal item_artifact_super_damage
ARGEVT Carmack routefail
ARGLOG Joe Rogan t 131.4 pos '1804.2 -112.0 -223.1' spd 219.5 yaw 49 mode 2 st 18 gl 1 hp 80 frg 1
ARGLOG Romero t 131.4 pos '552.0 387.0  56.0' spd  41.8 yaw 26 mode 2 st 9 gl 0 hp 28 frg 1
ARGLOG Carmack t 131.4 pos '-678.6 777.8 -16.0' spd 342.7 yaw 233.5 mode 0 st 10 gl 8 hp 100 frg 0
ARGEVT Carmack goal item_rockets
ARGEVT Carmack routefail
ARGEVT Carmack goal item_health
ARGEVT Carmack routefail
ARGLOG Joe Rogan t 131.9 pos '1837.8 -118.2 -223.2' spd  55.4 yaw 57 mode 2 st 18 gl 1 hp 80 frg 1
ARGLOG Romero t 131.9 pos '552.0 362.7  56.0' spd  48.3 yaw 28 mode 2 st 9 gl 0 hp 28 frg 1
ARGLOG Carmack t 131.9 pos '-737.2 622.3 -16.0' spd 363.1 yaw 315 mode 0 st 10 gl 8 hp 100 frg 0
ARGEVT Carmack hazard
ARGEVT Romero hazard
ARGLOG Joe Rogan t 132.5 pos '1830.6 -112.5 -223.0' spd  10.6 yaw 55 mode 2 st 18 gl 1 hp 80 frg 1
ARGLOG Romero t 132.5 pos '552.0 336.2  56.0' spd  46.4 yaw 31 mode 2 st 9 gl 0 hp 28 frg 1
ARGLOG Carmack t 132.5 pos '-807.4 580.7 -16.0' spd 320.0 yaw 190.7 mode 0 st 10 gl 8 hp 100 frg 0
ARGLOG Joe Rogan t 133.0 pos '1830.0 -112.0 -222.8' spd 0 yaw 54 mode 2 st 18 gl 1 hp 80 frg 1
ARGLOG Romero t 133.0 pos '552.0 310.5  56.0' spd  46.0 yaw 34 mode 2 st 9 gl 0 hp 28 frg 1
ARGLOG Carmack t 133.0 pos '-743.6 594.8 -16.0' spd 320.0 yaw  12.5 mode 0 st 10 gl 8 hp 100 frg 0
ARGEVT Joe Rogan stall
ARGEVT Joe Rogan stallnode '1853.0 -39.0 -168.0'
ARGEVT Joe Rogan route 5 start '1853.0 -39.0 -168.0' goal '1837.0 617.0 -180.0'
ARGEVT Romero hazard
ARGLOG Joe Rogan t 133.6 pos '1830.0 -112.0 -222.7' spd 0 yaw 54 mode 2 st 19 gl 1 hp 80 frg 1
ARGLOG Romero t 133.6 pos '552.0 284.4  56.0' spd  47.7 yaw 37 mode 2 st 9 gl 0 hp 28 frg 1
ARGLOG Carmack t 133.6 pos '-753.8 723.0 -16.0' spd 322.1 yaw 132.6 mode 0 st 10 gl 8 hp 100 frg 0
ARGEVT Carmack hazard
ARGEVT Joe Rogan stall
ARGEVT Joe Rogan stallnode '1853.0 -39.0 -168.0'
ARGLOG Joe Rogan t 134.1 pos '1817.3 -112.0 -222.7' spd  93.4 yaw 129.6 mode 0 st 20 gl 1 hp 80 frg 1
ARGLOG Romero t 134.1 pos '552.0 257.8  56.0' spd  47.4 yaw 39 mode 2 st 9 gl 0 hp 28 frg 1
ARGLOG Carmack t 134.1 pos '-711.9 739.8 -16.0' spd  41.5 yaw 159.4 mode 0 st 10 gl 8 hp 100 frg 0
ARGEVT Romero hazard
ARGLOG Joe Rogan t 134.7 pos '1731.3 -112.0 -222.6' spd 178.2 yaw 129.6 mode 0 st 20 gl 1 hp 80 frg 1
ARGLOG Romero t 134.7 pos '552.0 240.0  56.0' spd 0 yaw 41 mode 2 st 9 gl 0 hp 28 frg 1
ARGLOG Carmack t 134.7 pos '-775.6 777.2 -16.0' spd 320.1 yaw 355.0 mode 0 st 10 gl 8 hp 100 frg 0
ARGLOG Joe Rogan t 135.2 pos '1638.2 -112.0 -222.6' spd 189.1 yaw 129.6 mode 0 st 20 gl 1 hp 80 frg 1
ARGLOG Romero t 135.2 pos '552.0 240.0  56.0' spd 0 yaw 41 mode 2 st 9 gl 0 hp 28 frg 1
ARGLOG Carmack t 135.2 pos '-615.7 766.0 -16.0' spd 320.0 yaw 355.0 mode 0 st 10 gl 8 hp 100 frg 0
ARGEVT Romero hazard
ARGEVT Joe Rogan goal item_artifact_super_damage
ARGEVT Romero stall
ARGEVT Romero stallnode '701.0 505.0  56.0'
ARGEVT Romero jump
ARGEVT Carmack hazard
ARGEVT Joe Rogan route 18 start '1629.0 -103.0 -168.0' goal '957.0 297.0  56.0'
ARGLOG Joe Rogan t 135.7 pos '1526.8 -112.0 -222.5' spd 185.2 yaw 12 mode 2 st 20 gl 1 hp 80 frg 1
ARGLOG Romero t 135.7 pos '552.0 245.8  93.6' spd  17.8 yaw 345 mode 0 st 10 gl 0 hp 28 frg 1
ARGLOG Carmack t 135.7 pos '-581.0 732.7 -16.0' spd 181.0 yaw  56.6 mode 0 st 10 gl 8 hp 100 frg 0
ARGEVT Romero route 11 start '525.0 313.0  56.0' goal '557.0 -55.0 -168.0'
ARGEVT Carmack goal item_artifact_invulnerability
ARGEVT Carmack routefail
ARGLOG Joe Rogan t 136.3 pos '1560.0 -112.0 -222.4' spd 210.1 yaw 13 mode 2 st 20 gl 1 hp 80 frg 1
ARGLOG Romero t 136.3 pos '550.5 293.1  56.0' spd 325.5 yaw 36 mode 2 st 10 gl 0 hp 28 frg 1
ARGLOG Carmack t 136.3 pos '-534.8 775.1 -16.0' spd 231.1 yaw 298.5 mode 0 st 10 gl 8 hp 100 frg 0
ARGEVT Carmack goal item_armor2
ARGEVT Carmack routefail
ARGEVT Romero hazard
ARGEVT Carmack goal item_health
ARGEVT Carmack routefail
ARGLOG Joe Rogan t 136.9 pos '1678.2 -112.0 -222.5' spd  85.9 yaw 22 mode 2 st 20 gl 1 hp 80 frg 1
ARGLOG Romero t 136.9 pos '552.0 385.8  56.0' spd  49.5 yaw 26 mode 2 st 10 gl 0 hp 28 frg 1
ARGLOG Carmack t 136.9 pos '-559.4 594.7 -16.0' spd 320.0 yaw 260 mode 0 st 10 gl 8 hp 100 frg 0
ARGEVT Carmack goal item_health
ARGEVT Carmack route 2 start '-595.0 473.0 -16.0' goal '-387.0 233.0 -16.0'
ARGLOG Joe Rogan t 137.4 pos '1607.2 -112.0 -222.3' spd 168.1 yaw 16 mode 2 st 20 gl 1 hp 80 frg 1
ARGLOG Romero t 137.4 pos '552.0 359.0  56.0' spd  47.5 yaw 29 mode 2 st 10 gl 0 hp 28 frg 1
ARGLOG Carmack t 137.4 pos '-591.0 416.9 -16.0' spd 320.0 yaw 318 mode 2 st 10 gl 8 hp 100 frg 0
ARGEVT Carmack hazard
ARGEVT Romero hazard
ARGLOG Joe Rogan t 138.0 pos '1640.2 -112.0 -222.3' spd 164.7 yaw 18 mode 2 st 20 gl 1 hp 80 frg 1
ARGLOG Romero t 138.0 pos '552.0 332.3  56.0' spd  48.1 yaw 32 mode 2 st 10 gl 0 hp 28 frg 1
ARGLOG Carmack t 138.0 pos '-663.7 271.3 -16.0' spd 341.3 yaw 308.8 mode 2 st 10 gl 8 hp 100 frg 0
ARGLOG Joe Rogan t 138.5 pos '1628.2 -112.0 -222.4' spd 153.6 yaw 17 mode 2 st 20 gl 1 hp 80 frg 1
ARGLOG Romero t 138.5 pos '552.0 308.4  56.0' spd  47.5 yaw 34 mode 2 st 10 gl 0 hp 28 frg 1
ARGLOG Carmack t 138.5 pos '-527.6 236.4 -16.0' spd 323.1 yaw 359 mode 2 st 10 gl 8 hp 100 frg 0
ARGEVT Carmack jump
ARGEVT Romero hazard
ARGLOG Joe Rogan t 139.0 pos '1626.9 -112.0 -222.4' spd 139.2 yaw 17 mode 2 st 20 gl 1 hp 80 frg 1
ARGLOG Romero t 139.0 pos '552.0 284.7  56.0' spd  46.7 yaw 37 mode 2 st 10 gl 0 hp 28 frg 1
ARGLOG Carmack t 139.0 pos '-512.0 249.0   6.3' spd  15.4 yaw 353 mode 2 st 10 gl 8 hp 100 frg 0
ARGEVT Joe Rogan stall
ARGEVT Joe Rogan stallnode '1629.0 -103.0 -168.0'
ARGEVT Carmack hazard
ARGEVT Joe Rogan route 18 start '1629.0 -103.0 -168.0' goal '957.0 297.0  56.0'
ARGLOG Joe Rogan t 139.6 pos '1625.0 -112.0 -222.3' spd 136.1 yaw 17 mode 2 st 21 gl 1 hp 80 frg 1
ARGLOG Romero t 139.6 pos '552.0 258.5  56.0' spd  46.9 yaw 39 mode 2 st 10 gl 0 hp 28 frg 1
ARGLOG Carmack t 139.6 pos '-516.3 331.3 -16.0' spd 158.5 yaw 323 mode 2 st 10 gl 8 hp 100 frg 0
ARGEVT Romero hazard
ARGLOG Joe Rogan t 140.1 pos '1635.2 -112.0 -222.3' spd 127.0 yaw 18 mode 2 st 21 gl 1 hp 80 frg 1
ARGLOG Romero t 140.1 pos '552.0 240.0  56.0' spd 0 yaw 41 mode 2 st 10 gl 0 hp 28 frg 1
ARGLOG Carmack t 140.1 pos '-512.0 362.7 -16.0' spd  20.7 yaw 314 mode 2 st 10 gl 8 hp 100 frg 0
ARGEVT Carmack hazard
ARGEVT Joe Rogan stall
ARGEVT Joe Rogan stallnode '1629.0 -103.0 -168.0'
ARGLOG Joe Rogan t 140.6 pos '1615.3 -112.0 -222.2' spd  86.4 yaw 151.1 mode 0 st 22 gl 1 hp 80 frg 1
ARGLOG Romero t 140.6 pos '552.0 240.0  56.0' spd 0 yaw 41 mode 2 st 10 gl 0 hp 28 frg 1
ARGLOG Carmack t 140.6 pos '-413.6 370.6 -16.0' spd 393.4 yaw 281 mode 2 st 10 gl 8 hp 100 frg 0
ARGUS routecache adopt
ARGEVT Joe Rogan route 18 start '1629.0 -103.0 -168.0' goal '957.0 297.0  56.0'
ARGEVT Romero stall
ARGEVT Romero stallnode '701.0 505.0  56.0'
ARGEVT Romero jump
ARGEVT Romero route 11 start '525.0 313.0  56.0' goal '557.0 -55.0 -168.0'
ARGLOG Joe Rogan t 141.1 pos '1640.1 -112.0 -222.3' spd 105.3 yaw 18 mode 2 st 22 gl 1 hp 80 frg 1
ARGLOG Romero t 141.1 pos '552.0 251.8  86.5' spd  39.5 yaw 59 mode 2 st 11 gl 0 hp 28 frg 1
ARGLOG Carmack t 141.1 pos '-466.0 372.8 -16.0' spd 215.4 yaw 300 mode 2 st 10 gl 8 hp 100 frg 0
ARGEVT Romero abandon
ARGEVT Romero goal item_health
ARGEVT Carmack hazard
ARGEVT Romero route 8 start '525.0 313.0  56.0' goal '-387.0 233.0 -16.0'
ARGLOG Joe Rogan t 141.7 pos '1614.0 -112.0 -222.0' spd  30.2 yaw 16 mode 2 st 22 gl 1 hp 80 frg 1
ARGLOG Romero t 141.7 pos '486.7 350.0  56.0' spd 320.3 yaw 146 mode 2 st 11 gl 0 hp 28 frg 1
ARGLOG Carmack t 141.7 pos '-412.5 368.0 -16.0' spd 404.2 yaw 281 mode 2 st 10 gl 8 hp 100 frg 0
ARGEVT Romero hazard
ARGEVT Joe Rogan stall
ARGEVT Joe Rogan stallnode '1629.0 -103.0 -168.0'
ARGLOG Joe Rogan t 142.2 pos '1635.3 -112.0 -221.9' spd  80.1 yaw 149 mode 0 st 23 gl 1 hp 80 frg 1
ARGLOG Romero t 142.2 pos '405.8 514.2  56.0' spd 341.9 yaw 182 mode 2 st 11 gl 0 hp 28 frg 1
ARGLOG Carmack t 142.2 pos '-475.4 374.0 -16.0' spd 163.9 yaw 303 mode 2 st 10 gl 8 hp 100 frg 0
ARGEVT Carmack hazard
ARGEVT Joe Rogan route 18 start '1629.0 -103.0 -168.0' goal '957.0 297.0  56.0'
ARGLOG Joe Rogan t 142.8 pos '1597.9 -112.0 -221.9' spd  92.7 yaw 15 mode 2 st 23 gl 1 hp 80 frg 1
ARGLOG Romero t 142.8 pos '232.2 567.7  56.0' spd 330.9 yaw 187 mode 2 st 11 gl 0 hp 28 frg 1
ARGLOG Carmack t 142.8 pos '-405.2 391.0 -16.0' spd 392.6 yaw 277 mode 2 st 10 gl 8 hp 100 frg 0
ARGLOG Joe Rogan t 143.3 pos '1661.2 -112.0 -222.1' spd  12.4 yaw 20 mode 2 st 23 gl 1 hp 80 frg 1
ARGLOG Romero t 143.3 pos ' 72.2 543.8  40.0' spd 320.4 yaw 187 mode 2 st 11 gl 0 hp 28 frg 1
ARGLOG Carmack t 143.3 pos '-466.6 372.2 -16.0' spd 168.4 yaw 300 mode 2 st 10 gl 8 hp 100 frg 0
ARGEVT Carmack hazard
ARGEVT Romero jump
ARGLOG Joe Rogan t 143.9 pos '1602.1 -112.0 -222.1' spd  18.1 yaw 16 mode 2 st 23 gl 1 hp 80 frg 1
ARGLOG Romero t 143.9 pos '-103.9 502.7  71.9' spd 323.0 yaw 164 mode 2 st 11 gl 0 hp 28 frg 1
ARGLOG Carmack t 143.9 pos '-420.7 369.5 -16.0' spd 407.3 yaw 284 mode 2 st 10 gl 8 hp 100 frg 0
ARGEVT Carmack hazard
ARGLOG Joe Rogan t 144.4 pos '1652.9 -112.0 -221.9' spd   3.8 yaw 20 mode 2 st 23 gl 1 hp 80 frg 1
ARGLOG Romero t 144.4 pos '-281.8 472.0  -0.1' spd 323.0 yaw 96 mode 2 st 11 gl 0 hp 28 frg 1
ARGLOG Carmack t 144.4 pos '-490.4 372.2 -16.0' spd 159.7 yaw 307 mode 2 st 10 gl 8 hp 100 frg 0
ARGEVT Romero jump
ARGLOG Joe Rogan t 145.0 pos '1610.1 -112.0 -221.8' spd  47.7 yaw 16 mode 2 st 23 gl 1 hp 80 frg 1
ARGLOG Romero t 145.0 pos '-288.0 478.2   6.9' spd  30.2 yaw 92 mode 2 st 11 gl 0 hp 28 frg 1
ARGLOG Carmack t 145.0 pos '-413.5 401.9 -16.0' spd 156.2 yaw 279 mode 2 st 10 gl 8 hp 100 frg 0
ARGEVT Romero jump
ARGEVT Carmack hazard
ARGLOG Joe Rogan t 145.5 pos '1645.1 -112.0 -222.1' spd  56.5 yaw 19 mode 2 st 23 gl 1 hp 80 frg 1
ARGLOG Romero t 145.5 pos '-293.0 592.0  16.1' spd  78.5 yaw 207.8 mode 2 st 11 gl 0 hp 28 frg 1
ARGLOG Carmack t 145.5 pos '-485.7 376.6 -16.0' spd 157.3 yaw 305 mode 2 st 10 gl 8 hp 100 frg 0
ARGLOG Joe Rogan t 146.1 pos '1623.5 -112.0 -222.1' spd 107.9 yaw 17 mode 2 st 23 gl 1 hp 80 frg 1
ARGLOG Romero t 146.1 pos '-298.2 560.0 -16.0' spd  54.9 yaw 278 mode 2 st 11 gl 0 hp 28 frg 1
ARGLOG Carmack t 146.1 pos '-400.1 399.9 -16.0' spd 143.9 yaw 275 mode 2 st 10 gl 8 hp 100 frg 0
ARGEVT Romero jump
ARGEVT Carmack hazard
ARGEVT Joe Rogan stall
ARGEVT Joe Rogan stallnode '1629.0 -103.0 -168.0'
ARGLOG Joe Rogan t 146.6 pos '1621.9 -112.0 -221.9' spd 103.2 yaw 194.0 mode 0 st 24 gl 1 hp 80 frg 1
ARGLOG Romero t 146.6 pos '-267.4 543.6   7.2' spd  75.0 yaw 239 mode 2 st 11 gl 0 hp 28 frg 1
ARGLOG Carmack t 146.6 pos '-493.5 376.9 -16.0' spd 148.4 yaw 307 mode 2 st 10 gl 8 hp 100 frg 0
ARGUS routecache adopt
ARGEVT Joe Rogan route 18 start '1629.0 -103.0 -168.0' goal '957.0 297.0  56.0'
ARGEVT Romero jump
ARGLOG Joe Rogan t 147.2 pos '1637.4 -112.0 -221.8' spd 122.0 yaw 18 mode 2 st 24 gl 1 hp 80 frg 1
ARGLOG Romero t 147.2 pos '-291.6 461.5  20.3' spd  58.4 yaw 89 mode 2 st 11 gl 0 hp 28 frg 1
ARGLOG Carmack t 147.2 pos '-400.0 393.9 -16.0' spd  96.2 yaw 275 mode 2 st 10 gl 8 hp 100 frg 0
ARGEVT Carmack hazard
ARGLOG Joe Rogan t 147.7 pos '1613.6 -112.0 -221.5' spd  68.2 yaw 16 mode 2 st 24 gl 1 hp 80 frg 1
ARGLOG Romero t 147.7 pos '-290.8 464.0 -16.0' spd  60.7 yaw 90 mode 2 st 11 gl 0 hp 28 frg 1
ARGEVT Romero jump
ARGLOG Carmack t 147.7 pos '-502.3 378.2 -16.0' spd 144.4 yaw 309 mode 2 st 10 gl 8 hp 100 frg 0
ARGEVT Joe Rogan stall
ARGEVT Joe Rogan stallnode '1629.0 -103.0 -168.0'
ARGUS routecache adopt
ARGEVT Joe Rogan route 18 start '1629.0 -103.0 -168.0' goal '957.0 297.0  56.0'
ARGLOG Joe Rogan t 148.3 pos '1643.2 -112.0 -221.5' spd  26.6 yaw 19 mode 2 st 25 gl 1 hp 80 frg 1
ARGLOG Romero t 148.3 pos '-264.4 493.6  -4.6' spd  88.2 yaw 114 mode 2 st 11 gl 0 hp 28 frg 1
ARGLOG Carmack t 148.3 pos '-400.0 376.2 -16.0' spd 269.6 yaw 276 mode 2 st 10 gl 8 hp 100 frg 0
ARGEVT Romero hazard
ARGEVT Carmack hazard
ARGEVT Romero jump
ARGEVT Joe Rogan stall
ARGEVT Joe Rogan stallnode '1629.0 -103.0 -168.0'
ARGLOG Joe Rogan t 148.8 pos '1627.7 -112.0 -221.2' spd  98.0 yaw 191.3 mode 0 st 26 gl 1 hp 80 frg 1
ARGLOG Romero t 148.8 pos '-288.0 542.1  21.5' spd  30.1 yaw 266 mode 2 st 11 gl 0 hp 28 frg 1
ARGLOG Carmack t 148.8 pos '-500.9 368.0 -16.0' spd  19.1 yaw 311 mode 2 st 10 gl 8 hp 100 frg 0
ARGEVT Romero jump
ARGLOG Joe Rogan t 149.4 pos '1584.9 -112.0 -221.0' spd 183.0 yaw 143.1 mode 0 st 26 gl 1 hp 80 frg 1
ARGLOG Romero t 149.4 pos '-288.0 459.0  -2.3' spd 337.1 yaw 91 mode 2 st 11 gl 0 hp 28 frg 1
ARGLOG Carmack t 149.4 pos '-443.3 368.0 -16.0' spd 354.7 yaw 293 mode 2 st 10 gl 8 hp 100 frg 0
ARGEVT Carmack hazard
ARGLOG Joe Rogan t 150.0 pos '1462.4 -112.0 -220.9' spd 232.2 yaw 143.1 mode 0 st 26 gl 1 hp 80 frg 1
ARGLOG Romero t 150.0 pos '-303.9 388.2 -16.0' spd  30.2 yaw 85 mode 2 st 11 gl 0 hp 28 frg 1
ARGLOG Carmack t 150.0 pos '-443.0 368.0 -16.0' spd 379.4 yaw 293 mode 2 st 10 gl 8 hp 100 frg 0
ARGEVT Romero jump
ARGEVT Joe Rogan goal item_artifact_invulnerability
ARGLOG Joe Rogan t 150.5 pos '1344.8 -112.0 -221.0' spd 223.5 yaw 110 mode 0 st 26 gl 1 hp 80 frg 1
ARGLOG Romero t 150.5 pos '-285.3 466.0  21.5' spd  49.6 yaw 93 mode 2 st 11 gl 0 hp 28 frg 1
ARGLOG Carmack t 150.5 pos '-452.1 373.2 -16.0' spd 321.5 yaw 295 mode 2 st 10 gl 8 hp 100 frg 0
ARGEVT Joe Rogan route 12 start '1405.0 -39.0 -168.0' goal '1005.0 793.0 -296.0'
ARGEVT Carmack hazard
ARGEVT Romero jump
ARGLOG Joe Rogan t 151.0 pos '1338.4 -112.0 -220.8' spd 137.1 yaw 1 mode 2 st 26 gl 1 hp 80 frg 1
ARGLOG Romero t 151.0 pos '-288.0 546.9  -2.1' spd 309.3 yaw 189.2 mode 2 st 11 gl 0 hp 28 frg 1
ARGLOG Carmack t 151.0 pos '-437.8 368.0 -16.0' spd 387.6 yaw 291 mode 2 st 10 gl 8 hp 100 frg 0
ARGLOG Joe Rogan t 151.6 pos '1412.4 -112.0 -220.6' spd  74.4 yaw 2 mode 2 st 26 gl 1 hp 80 frg 1
ARGLOG Romero t 151.6 pos '-304.0 577.5 -16.0' spd  30.5 yaw 281 mode 2 st 11 gl 0 hp 28 frg 1
ARGLOG Carmack t 151.6 pos '-454.6 370.8 -16.0' spd 177.7 yaw 297 mode 2 st 10 gl 8 hp 100 frg 0
ARGEVT Carmack hazard
ARGEVT Romero jump
ARGLOG Joe Rogan t 152.1 pos '1414.5 -112.0 -220.8' spd  27.3 yaw 2 mode 2 st 26 gl 1 hp 80 frg 1
ARGLOG Romero t 152.1 pos '-275.8 552.7  21.5' spd  71.1 yaw 253 mode 2 st 11 gl 0 hp 28 frg 1
ARGLOG Carmack t 152.1 pos '-470.2 368.6 -16.0' spd 314.1 yaw 302 mode 2 st 10 gl 8 hp 100 frg 0
ARGEVT Carmack stall
ARGEVT Carmack stallnode '-387.0 233.0 -16.0'
ARGEVT Carmack jump
ARGEVT Carmack route 2 start '-515.0 441.0 120.0' goal '-387.0 233.0 -16.0'
ARGEVT Romero jump
ARGLOG Joe Rogan t 152.6 pos '1403.1 -112.0 -220.6' spd   6.6 yaw 2 mode 2 st 26 gl 1 hp 80 frg 1
ARGLOG Romero t 152.6 pos '-288.0 480.0  -2.3' spd 216.2 yaw 92 mode 2 st 11 gl 0 hp 28 frg 1
ARGLOG Carmack t 152.6 pos '-407.7 368.0  15.1' spd  31.3 yaw 284 mode 2 st 11 gl 8 hp 100 frg 0
ARGEVT Carmack jump
ARGLOG Joe Rogan t 153.1 pos '1404.7 -112.0 -220.7' spd   5.7 yaw 2 mode 2 st 26 gl 1 hp 80 frg 1
ARGLOG Romero t 153.1 pos '-288.0 474.6  -5.1' spd  30.1 yaw 92 mode 2 st 11 gl 0 hp 28 frg 1
ARGLOG Carmack t 153.1 pos '-490.4 400.0   8.4' spd 260.6 yaw 311 mode 2 st 11 gl 8 hp 100 frg 0
ARGEVT Joe Rogan stall
ARGEVT Joe Rogan stallnode '1405.0 -39.0 -168.0'
ARGEVT Romero jump
ARGEVT Joe Rogan route 12 start '1405.0 -39.0 -168.0' goal '1005.0 793.0 -296.0'
ARGLOG Joe Rogan t 153.7 pos '1398.0 -112.0 -220.5' spd  12.8 yaw 2 mode 2 st 27 gl 1 hp 80 frg 1
ARGLOG Romero t 153.7 pos '-294.2 591.8  21.6' spd  36.4 yaw 239.6 mode 2 st 11 gl 0 hp 28 frg 1
ARGLOG Carmack t 153.7 pos '-551.3 441.0 -16.0' spd 232.8 yaw 316 mode 2 st 11 gl 8 hp 100 frg 0
ARGEVT Carmack hazard
ARGEVT Carmack jump
ARGEVT Joe Rogan stall
ARGEVT Joe Rogan stallnode '1405.0 -39.0 -168.0'
ARGEVT Romero jump
ARGLOG Joe Rogan t 154.3 pos '1397.4 -112.0 -220.4' spd  56.0 yaw 128.1 mode 0 st 28 gl 1 hp 80 frg 1
ARGLOG Romero t 154.3 pos '-291.2 560.0  -2.1' spd  57.0 yaw 271 mode 2 st 11 gl 0 hp 28 frg 1
ARGLOG Carmack t 154.3 pos '-544.0 462.2 -16.0' spd 297.4 yaw 311 mode 2 st 11 gl 8 hp 100 frg 0
ARGEVT Carmack jump
ARGLOG Joe Rogan t 154.8 pos '1321.3 -112.0 -220.4' spd 167.7 yaw 128.1 mode 0 st 28 gl 1 hp 80 frg 1
ARGLOG Romero t 154.8 pos '-262.3 535.5 -16.0' spd  79.0 yaw 227 mode 2 st 11 gl 0 hp 28 frg 1
ARGLOG Carmack t 154.8 pos '-544.0 485.6  -3.3' spd 255.7 yaw 308 mode 2 st 11 gl 8 hp 100 frg 0
ARGEVT Romero jump
ARGEVT Carmack hazard
ARGLOG Joe Rogan t 155.4 pos '1221.2 -112.0 -220.4' spd 182.7 yaw 128.1 mode 0 st 28 gl 1 hp 80 frg 1
ARGLOG Romero t 155.4 pos '-299.3 464.0  19.7' spd  60.1 yaw 84 mode 2 st 11 gl 0 hp 28 frg 1
ARGLOG Carmack t 155.4 pos '-544.0 408.0 -16.0' spd  51.0 yaw 322 mode 2 st 11 gl 8 hp 100 frg 0
ARGEVT Carmack jump
ARGEVT Joe Rogan goal weapon_lightning
ARGEVT Joe Rogan route 9 start '1181.0 -103.0 -168.0' goal '1533.0 -231.0 -392.0'
ARGEVT Romero jump
ARGLOG Joe Rogan t 156.0 pos '1151.6 -112.0 -220.3' spd  31.0 yaw 16 mode 2 st 28 gl 1 hp 80 frg 1
ARGLOG Romero t 156.0 pos '-282.9 466.2   8.2' spd  70.7 yaw 95 mode 2 st 11 gl 0 hp 28 frg 1
ARGEVT Carmack stall
ARGEVT Carmack stallnode '-515.0 441.0 120.0'
ARGLOG Carmack t 156.0 pos '-544.0 429.4 -16.0' spd 288.3 yaw 549.3 mode 0 st 12 gl 8 hp 100 frg 0
ARGEVT Carmack jump
ARGEVT Carmack route 2 start '-595.0 473.0 -16.0' goal '-387.0 233.0 -16.0'
ARGLOG Joe Rogan t 156.5 pos '1205.8 -112.0 -220.3' spd  28.5 yaw 20 mode 2 st 28 gl 1 hp 80 frg 1
ARGLOG Romero t 156.5 pos '-275.8 507.4 -16.0' spd 223.6 yaw 190 mode 2 st 11 gl 0 hp 28 frg 1
ARGEVT Romero hazard
ARGLOG Carmack t 156.5 pos '-532.9 365.3  -4.6' spd  48.0 yaw 231 mode 2 st 12 gl 8 hp 100 frg 0
ARGEVT Romero jump
ARGLOG Joe Rogan t 157.1 pos '1161.3 -112.0 -220.3' spd  55.6 yaw 16 mode 2 st 28 gl 1 hp 80 frg 1
ARGLOG Romero t 157.1 pos '-288.0 537.1  14.6' spd  30.1 yaw 265 mode 2 st 11 gl 0 hp 28 frg 1
ARGLOG Carmack t 157.1 pos '-610.2 468.5 -16.0' spd 339.0 yaw 314 mode 2 st 12 gl 8 hp 100 frg 0
ARGEVT Carmack hazard
ARGEVT Carmack abandon
ARGEVT Carmack goal weapon_supernailgun
ARGEVT Carmack routefail
ARGEVT Romero jump
ARGEVT Carmack goal weapon_rocketlauncher
ARGEVT Carmack routefail
ARGLOG Joe Rogan t 157.6 pos '1194.2 -112.0 -219.8' spd  90.8 yaw 19 mode 2 st 28 gl 1 hp 80 frg 1
ARGLOG Romero t 157.6 pos '-289.9 416.1  15.7' spd 340.1 yaw 90 mode 2 st 11 gl 0 hp 28 frg 1
ARGLOG Carmack t 157.6 pos '-591.8 453.9 -16.0' spd 365.5 yaw 358.8 mode 0 st 12 gl 8 hp 100 frg 0
ARGEVT Carmack goal item_spikes
ARGEVT Carmack routefail
ARGEVT Joe Rogan stall
ARGEVT Joe Rogan stallnode '1181.0 -103.0 -168.0'
ARGEVT Joe Rogan route 9 start '1181.0 -103.0 -168.0' goal '1533.0 -231.0 -392.0'
ARGEVT Carmack goal item_health
ARGEVT Carmack routefail
ARGLOG Joe Rogan t 158.2 pos '1178.8 -112.0 -219.5' spd 120.8 yaw 17 mode 2 st 29 gl 1 hp 80 frg 1
ARGLOG Romero t 158.2 pos '-300.0 419.2 -16.0' spd 320.0 yaw 86 mode 2 st 11 gl 0 hp 28 frg 1
ARGLOG Carmack t 158.2 pos '-547.2 595.8 -16.0' spd 335.6 yaw 146.4 mode 0 st 12 gl 8 hp 100 frg 0
ARGEVT Romero jump
ARGLOG Joe Rogan t 158.7 pos '1178.6 -112.0 -219.6' spd 116.8 yaw 17 mode 2 st 29 gl 1 hp 80 frg 1
ARGLOG Romero t 158.7 pos '-280.8 470.6  14.5' spd  52.8 yaw 97 mode 2 st 11 gl 0 hp 28 frg 1
ARGLOG Carmack t 158.7 pos '-592.0 744.7 -16.0' spd 333.2 yaw 128.8 mode 0 st 12 gl 8 hp 100 frg 0
ARGEVT Carmack hazard
ARGEVT Romero jump
ARGLOG Joe Rogan t 159.2 pos '1193.8 -112.0 -219.5' spd  66.3 yaw 19 mode 2 st 29 gl 1 hp 80 frg 1
ARGLOG Romero t 159.2 pos '-297.5 578.6  15.8' spd 263.1 yaw 228.5 mode 2 st 11 gl 0 hp 28 frg 1
ARGLOG Carmack t 159.2 pos '-579.5 781.7 -16.0' spd 320.1 yaw 305.0 mode 0 st 12 gl 8 hp 100 frg 0
ARGEVT Joe Rogan stall
ARGEVT Joe Rogan stallnode '1181.0 -103.0 -168.0'
ARGUS routecache adopt
ARGEVT Joe Rogan route 9 start '1181.0 -103.0 -168.0' goal '1533.0 -231.0 -392.0'
ARGLOG Joe Rogan t 159.8 pos '1173.2 -112.0 -219.2' spd  40.7 yaw 17 mode 2 st 30 gl 1 hp 80 frg 1
ARGLOG Romero t 159.8 pos '-298.0 560.0 -16.0' spd  57.5 yaw 278 mode 2 st 11 gl 0 hp 28 frg 1
ARGLOG Carmack t 159.8 pos '-539.3 726.9 -16.0' spd 322.7 yaw 101.9 mode 0 st 12 gl 8 hp 100 frg 0
ARGEVT Romero jump
ARGEVT Joe Rogan stall
ARGEVT Joe Rogan stallnode '1181.0 -103.0 -168.0'
ARGLOG Joe Rogan t 160.3 pos '1188.9 -131.6 -219.4' spd 145.6 yaw 278.0 mode 0 st 31 gl 1 hp 80 frg 1
ARGLOG Romero t 160.3 pos '-269.0 546.3  14.3' spd  75.1 yaw 243 mode 2 st 11 gl 0 hp 28 frg 1
ARGLOG Carmack t 160.3 pos '-626.7 784.0 -16.0' spd 321.0 yaw 173.7 mode 0 st 12 gl 8 hp 100 frg 0
ARGEVT Romero hazard
ARGEVT Romero jump
ARGLOG Joe Rogan t 160.9 pos '1206.2 -265.1 -219.3' spd 279.3 yaw 278.0 mode 0 st 31 gl 1 hp 80 frg 1
ARGLOG Romero t 160.9 pos '-304.0 434.0  15.9' spd 207.6 yaw 83 mode 2 st 11 gl 0 hp 28 frg 1
ARGLOG Carmack t 160.9 pos '-806.4 784.0 -16.0' spd 321.0 yaw 353.1 mode 0 st 12 gl 8 hp 100 frg 0
ARGLOG Joe Rogan t 161.4 pos '1225.0 -421.8 -219.2' spd 206.3 yaw 150.5 mode 0 st 31 gl 1 hp 80 frg 1
ARGEVT Romero abandon
ARGEVT Romero goal item_health
ARGLOG Romero t 161.4 pos '-297.1 464.0 -16.0' spd  65.7 yaw  58.2 mode 0 st 11 gl 0 hp 28 frg 1
ARGLOG Carmack t 161.4 pos '-659.5 762.6 -16.0' spd 320.0 yaw 353.1 mode 0 st 12 gl 8 hp 100 frg 0
ARGEVT Romero route 6 start '-259.0 441.0 -16.0' goal '-387.0 233.0 -16.0'
ARGEVT Joe Rogan goal weapon_rocketlauncher
ARGEVT Joe Rogan route 9 start '1181.0 -103.0 -168.0' goal '1517.0 489.0 -88.0'
ARGLOG Joe Rogan t 162.0 pos '1179.6 -352.7 -219.2' spd 235.8 yaw 54 mode 2 st 31 gl 1 hp 80 frg 1
ARGLOG Romero t 162.0 pos '-134.2 503.5  24.0' spd 321.2 yaw 179 mode 2 st 11 gl 0 hp 28 frg 1
ARGLOG Carmack t 162.0 pos '-566.8 762.9 -16.0' spd 320.5 yaw 162.3 mode 0 st 12 gl 8 hp 100 frg 0
ARGEVT Romero hazard
ARGEVT Romero jump
ARGEVT Carmack plan powerup via weapon
ARGEVT Carmack goal weapon_lightning
ARGEVT Carmack routefail
ARGLOG Joe Rogan t 162.5 pos '1172.3 -217.1 -219.2' spd 287.8 yaw 37 mode 2 st 31 gl 1 hp 80 frg 1
ARGLOG Romero t 162.5 pos '-68.0 422.5  53.9' spd 321.1 yaw 149 mode 2 st 11 gl 0 hp 28 frg 1
ARGLOG Carmack t 162.5 pos '-723.7 783.6 -16.0' spd 320.2 yaw 202.3 mode 0 st 12 gl 8 hp 100 frg 0
ARGEVT Carmack plan powerup via weapon
ARGEVT Carmack goal weapon_grenadelauncher
ARGEVT Carmack routefail
ARGEVT Carmack goal item_health
ARGLOG Joe Rogan t 163.1 pos '1183.4 -112.0 -219.1' spd   7.7 yaw 18 mode 2 st 31 gl 1 hp 80 frg 1
ARGLOG Romero t 163.1 pos '-214.9 318.6  37.5' spd 322.1 yaw 188.8 mode 1 st 11 gl 0 hp 28 frg 1
ARGLOG Carmack t 163.1 pos '-771.6 633.3 -16.0' spd 413.8 yaw 10 mode 1 st 12 gl 8 hp 100 frg 0
ARGEVT Carmack goal item_rockets
ARGEVT Carmack hazard
ARGEVT Carmack routefail
ARGLOG Joe Rogan t 163.6 pos '1181.6 -112.0 -219.2' spd  10.0 yaw 18 mode 2 st 31 gl 1 hp 80 frg 1
ARGLOG Romero t 163.6 pos '-361.7 248.5 -16.0' spd 326.7 yaw 228.8 mode 1 st 11 gl 0 hp 68 frg 1
ARGLOG Carmack t 163.6 pos '-688.7 644.2 -16.0' spd 108.9 yaw 284.5 mode 0 st 12 gl 9 hp 100 frg 0
ARGEVT Carmack goal item_shells
ARGEVT Carmack routefail
ARGEVT Romero hazard
ARGEVT Joe Rogan stall
ARGEVT Joe Rogan stallnode '1181.0 -103.0 -168.0'
ARGUS routecache adopt
ARGEVT Joe Rogan route 9 start '1181.0 -103.0 -168.0' goal '1517.0 489.0 -88.0'
ARGEVT Carmack trapped
ARGEVT Carmack death Carmack pos '-758.4 564.5 -16.0'
ARGLOG Joe Rogan t 164.1 pos '1182.0 -112.0 -219.2' spd  10.2 yaw 18 mode 2 st 32 gl 1 hp 80 frg 1
ARGLOG Romero t 164.1 pos '-387.7 271.9 -16.0' spd 108.7 yaw 209.0 mode 1 st 11 gl 0 hp 68 frg 1
ARGEVT Joe Rogan stall
ARGEVT Joe Rogan stallnode '1181.0 -103.0 -168.0'
ARGLOG Joe Rogan t 164.7 pos '1178.2 -112.0 -219.2' spd  55.7 yaw 161.5 mode 0 st 33 gl 1 hp 80 frg 1
ARGLOG Romero t 164.7 pos '-406.4 238.3 -16.0' spd 329.2 yaw 110.7 mode 1 st 11 gl 0 hp 68 frg 1
ARGEVT Romero hazard
ARGLOG Joe Rogan t 165.2 pos '1075.2 -112.0 -219.0' spd 143.1 yaw  26.2 mode 0 st 33 gl 1 hp 80 frg 1
ARGLOG Romero t 165.2 pos '-391.3 214.9 -16.0' spd 131.9 yaw 170.9 mode 1 st 11 gl 0 hp 68 frg 1
ARGEVT Romero stall
ARGEVT Romero jump
ARGEVT Romero route 0 start '-387.0 233.0 -16.0' goal '-387.0 233.0 -16.0'
ARGEVT Carmack respawn
ARGEVT Carmack goal weapon_rocketlauncher
ARGLOG Carmack t 165.5 pos '192.0 -208.0 -176.0' spd 0 yaw  70.2 mode 0 st 12 gl 9 hp 100 frg -1
ARGEVT Carmack route 31 start ' 29.0 -183.0 -176.0' goal '1517.0 489.0 -88.0'
ARGLOG Joe Rogan t 165.8 pos '1136.7 -112.0 -218.8' spd 213.7 yaw  26.2 mode 0 st 33 gl 1 hp 80 frg 1
ARGLOG Romero t 165.8 pos '-416.0 270.4  15.1' spd  19.4 yaw 230.7 mode 1 st 12 gl 0 hp 68 frg 1
ARGEVT Joe Rogan goal item_health
ARGEVT Romero stall
ARGEVT Romero jump
ARGLOG Carmack t 166.1 pos '220.0 -49.2 -176.0' spd 367.9 yaw 205 mode 2 st 12 gl 9 hp 100 frg -1
ARGEVT Joe Rogan route 3 start '1181.0 -103.0 -168.0' goal '557.0 -55.0 -168.0'
ARGLOG Joe Rogan t 166.3 pos '1251.7 -112.0 -218.9' spd 178.4 yaw 160 mode 2 st 33 gl 1 hp 80 frg 1
ARGLOG Romero t 166.3 pos '-398.5 208.0  15.9' spd 132.3 yaw  50.4 mode 0 st 13 gl 0 hp 68 frg 1
ARGEVT Carmack hazard
ARGLOG Carmack t 166.6 pos '144.0 -133.3 -176.0' spd 364.6 yaw 197 mode 2 st 12 gl 9 hp 100 frg -1
ARGLOG Joe Rogan t 166.9 pos '1208.2 -112.0 -218.9' spd 216.9 yaw 157 mode 2 st 33 gl 1 hp 80 frg 1
ARGLOG Romero t 166.9 pos '-310.8 230.7 -16.0' spd 325.1 yaw  50.4 mode 0 st 13 gl 0 hp 68 frg 1
ARGLOG Carmack t 167.2 pos '-13.6 -233.5 -176.0' spd 324.7 yaw 234 mode 2 st 12 gl 9 hp 100 frg -1
ARGLOG Joe Rogan t 167.4 pos '1144.1 -112.0 -218.1' spd  79.2 yaw 150 mode 2 st 33 gl 1 hp 80 frg 1
ARGLOG Romero t 167.4 pos '-190.2 357.9   8.0' spd 320.0 yaw  50.4 mode 0 st 13 gl 0 hp 68 frg 1
ARGEVT Romero goal item_health
ARGEVT Romero route 5 start '-67.0 505.0  40.0' goal '-723.0  73.0 184.0'
ARGLOG Carmack t 167.7 pos '-190.0 -239.8 -176.0' spd 343.3 yaw 314 mode 2 st 12 gl 9 hp 100 frg -1
ARGEVT Carmack hazard
ARGLOG Joe Rogan t 168.0 pos '1212.6 -112.0 -217.4' spd   3.2 yaw 157 mode 2 st 33 gl 1 hp 80 frg 1
ARGLOG Romero t 168.0 pos '-80.6 496.1  24.0' spd 326.2 yaw 164 mode 2 st 13 gl 0 hp 68 frg 1
ARGEVT Romero jump
ARGLOG Carmack t 168.3 pos '-188.6 -381.7 -112.0' spd 320 yaw 343 mode 2 st 12 gl 9 hp 100 frg -1
ARGLOG Joe Rogan t 168.5 pos '1153.9 -112.0 -217.4' spd   5.5 yaw 151 mode 2 st 33 gl 1 hp 80 frg 1
ARGLOG Romero t 168.5 pos '-122.5 671.3  68.9' spd 328.9 yaw 216 mode 2 st 13 gl 0 hp 68 frg 1
ARGLOG Carmack t 168.8 pos '-56.2 -461.0 -64.0' spd 320.4 yaw 268 mode 2 st 12 gl 9 hp 100 frg -1
ARGEVT Carmack jump
ARGLOG Joe Rogan t 169.1 pos '1204.8 -112.0 -217.3' spd  14.8 yaw 157 mode 2 st 33 gl 1 hp 80 frg 1
ARGLOG Romero t 169.1 pos '-286.4 655.8 -16.0' spd 360.0 yaw 268 mode 2 st 13 gl 0 hp 68 frg 1
ARGEVT Romero jump
ARGLOG Carmack t 169.4 pos ' -8.2 -464.0 -24.9' spd   7.7 yaw 206 mode 2 st 12 gl 9 hp 100 frg -1
ARGEVT Carmack hazard
ARGLOG Joe Rogan t 169.6 pos '1163.1 -112.0 -217.2' spd  56.6 yaw 152 mode 2 st 33 gl 1 hp 80 frg 1
ARGLOG Romero t 169.6 pos '-289.6 560.0  21.5' spd   6.9 yaw 269 mode 2 st 13 gl 0 hp 68 frg 1
ARGLOG Carmack t 169.9 pos ' 24.0 -523.7 -16.0' spd 337.2 yaw 190 mode 2 st 12 gl 9 hp 100 frg -1
ARGEVT Romero jump
ARGLOG Joe Rogan t 170.2 pos '1191.2 -112.0 -217.0' spd 100.2 yaw 155 mode 2 st 33 gl 1 hp 80 frg 1
ARGLOG Romero t 170.2 pos '-291.0 560.0  -2.3' spd   3.5 yaw 270 mode 2 st 13 gl 0 hp 68 frg 1
ARGLOG Carmack t 170.5 pos '-76.9 -671.9 -16.0' spd 388.9 yaw 184 mode 2 st 12 gl 9 hp 100 frg -1
ARGEVT Romero stall
ARGEVT Romero stallnode '-291.0 505.0 120.0'
ARGEVT Romero route 6 start '-259.0 441.0 -16.0' goal '-723.0  73.0 184.0'
ARGLOG Joe Rogan t 170.8 pos '1182.5 -112.0 -217.0' spd 122.1 yaw 155 mode 2 st 33 gl 1 hp 80 frg 1
ARGLOG Romero t 170.8 pos '-290.7 560.0 -16.0' spd   9.4 yaw 347 mode 2 st 14 gl 0 hp 68 frg 1
ARGLOG Carmack t 171.1 pos '-229.9 -571.3 -16.0' spd 364.1 yaw 202 mode 2 st 12 gl 9 hp 100 frg -1
ARGLOG Joe Rogan t 171.3 pos '1169.2 -112.0 -216.9' spd  86.0 yaw 153 mode 2 st 33 gl 1 hp 80 frg 1
ARGLOG Romero t 171.3 pos '-211.3 405.7  -8.0' spd 382.2 yaw 128 mode 2 st 14 gl 0 hp 68 frg 1
ARGEVT Carmack hazard
ARGLOG Carmack t 171.6 pos '-350.7 -629.8 -16.0' spd 346.5 yaw 201 mode 2 st 12 gl 9 hp 100 frg -1
ARGLOG Joe Rogan t 171.9 pos '1181.3 -112.0 -216.7' spd  62.0 yaw 174 mode 2 st 33 gl 1 hp 80 frg 1
ARGLOG Romero t 171.9 pos '-55.4 503.7  40.0' spd 383.7 yaw 168 mode 2 st 14 gl 0 hp 68 frg 1
ARGEVT Romero jump
ARGEVT Joe Rogan stall
ARGEVT Joe Rogan stallnode '957.0  -7.0 -184.0'
ARGEVT Joe Rogan route 3 start '1181.0 -103.0 -168.0' goal '557.0 -55.0 -168.0'
ARGLOG Carmack t 172.2 pos '-477.9 -746.7 -16.0' spd 327.0 yaw 124 mode 2 st 12 gl 9 hp 100 frg -1
ARGLOG Joe Rogan t 172.4 pos '1075.8 -112.0 -216.8' spd 227.1 yaw 173 mode 2 st 34 gl 1 hp 80 frg 1
ARGLOG Romero t 172.4 pos '-177.2 687.7  62.3' spd 406.9 yaw 230 mode 2 st 14 gl 0 hp 68 frg 1
ARGLOG Carmack t 172.7 pos '-634.1 -708.6 -16.0' spd 378.2 yaw 25 mode 2 st 12 gl 9 hp 100 frg -1
ARGEVT Romero hazard
ARGLOG Joe Rogan t 173.0 pos '1064.0 -112.0 -216.6' spd 0 yaw 172 mode 2 st 34 gl 1 hp 80 frg 1
ARGLOG Romero t 173.0 pos '-300.6 707.7 -16.0' spd 320.0 yaw 274 mode 2 st 14 gl 0 hp 68 frg 1
ARGLOG Carmack t 173.3 pos '-672.0 -529.3 -16.0' spd 324.8 yaw 28 mode 2 st 12 gl 9 hp 100 frg -1
ARGEVT Joe Rogan stall
ARGEVT Joe Rogan stallnode '957.0  -7.0 -184.0'
ARGLOG Joe Rogan t 173.5 pos '1064.0 -112.0 -216.7' spd 0 yaw 328.5 mode 0 st 35 gl 1 hp 80 frg 1
ARGLOG Romero t 173.5 pos '-295.5 688.0 -16.0' spd   6.9 yaw 272 mode 2 st 14 gl 0 hp 68 frg 1
ARGUS routecache adopt
ARGEVT Joe Rogan route 3 start '1181.0 -103.0 -168.0' goal '557.0 -55.0 -168.0'
ARGEVT Carmack route 22 start '-659.0 -487.0 -16.0' goal '1517.0 489.0 -88.0'
ARGLOG Carmack t 173.8 pos '-538.0 -417.4 -16.0' spd 327.3 yaw 7 mode 2 st 12 gl 9 hp 100 frg -1
ARGUS routecache adopt
ARGEVT Carmack route 21 start '173.0 -327.0  56.0' goal '1517.0 489.0 -88.0'
ARGLOG Joe Rogan t 174.1 pos '1102.6 -112.0 -216.6' spd 183.6 yaw 173 mode 2 st 35 gl 1 hp 80 frg 1
ARGLOG Romero t 174.1 pos '-292.7 688.0 -16.0' spd   3.5 yaw 271 mode 2 st 14 gl 0 hp 68 frg 1
ARGEVT Romero stall
ARGEVT Romero stallnode '-291.0 505.0 120.0'
ARGEVT Romero jump
ARGLOG Carmack t 174.4 pos '263.5 -280.5  60.0' spd 300 yaw 96 mode 2 st 12 gl 9 hp 100 frg -1
ARGEVT Romero route 7 start '-227.0 745.0  -8.0' goal '-723.0  73.0 184.0'
ARGLOG Joe Rogan t 174.6 pos '1133.4 -112.0 -216.7' spd 100.8 yaw 174 mode 2 st 35 gl 1 hp 80 frg 1
ARGLOG Romero t 174.6 pos '-287.2 688.0  20.3' spd  32.8 yaw 321 mode 2 st 15 gl 0 hp 68 frg 1
ARGLOG Carmack t 174.9 pos '248.7 -155.5  56.0' spd 332.3 yaw 95 mode 2 st 12 gl 9 hp 100 frg -1
ARGLOG Joe Rogan t 175.1 pos '1064.0 -112.0 -216.5' spd 0 yaw 172 mode 2 st 35 gl 1 hp 80 frg 1
ARGLOG Romero t 175.1 pos '-223.2 679.8  -8.0' spd 320.0 yaw 312 mode 2 st 15 gl 0 hp 68 frg 1
ARGLOG Carmack t 175.5 pos '258.0  22.5  56.0' spd 334.1 yaw 47 mode 2 st 12 gl 9 hp 100 frg -1
ARGLOG Joe Rogan t 175.6 pos '1064.0 -112.0 -216.7' spd 0 yaw 172 mode 2 st 35 gl 1 hp 80 frg 1
ARGLOG Romero t 175.6 pos '-79.3 604.6  40.0' spd 345.5 yaw 206 mode 2 st 15 gl 0 hp 68 frg 1
ARGEVT Joe Rogan stall
ARGEVT Joe Rogan stallnode '957.0  -7.0 -184.0'
ARGEVT Joe Rogan route 3 start '1181.0 -103.0 -168.0' goal '557.0 -55.0 -168.0'
ARGEVT Romero jump
ARGLOG Carmack t 176.0 pos '370.0 139.1  56.0' spd 320.1 yaw 47 mode 2 st 12 gl 9 hp 100 frg -1
ARGLOG Joe Rogan t 176.2 pos '1080.7 -112.0 -216.4' spd 125.3 yaw 139 mode 2 st 36 gl 1 hp 80 frg 1
ARGLOG Romero t 176.2 pos '-107.9 417.9  76.2' spd 388.1 yaw 143 mode 2 st 15 gl 0 hp 68 frg 1
ARGLOG Carmack t 176.6 pos '491.2 270.7  56.0' spd 320.1 yaw 48 mode 2 st 12 gl 9 hp 100 frg -1
ARGLOG Joe Rogan t 176.7 pos '1138.5 -112.0 -216.3' spd  61.5 yaw 174 mode 2 st 36 gl 1 hp 80 frg 1
ARGLOG Romero t 176.7 pos '-285.4 308.6 -16.0' spd 394.4 yaw 91 mode 2 st 15 gl 0 hp 68 frg 1
ARGEVT Romero hazard
ARGEVT Carmack hazard
ARGEVT Romero jump
ARGLOG Carmack t 177.1 pos '552.0 440.4  56.0' spd 379.9 yaw 19 mode 2 st 12 gl 9 hp 100 frg -1
ARGEVT Carmack jump
ARGLOG Joe Rogan t 177.3 pos '1064.0 -112.0 -216.2' spd 0 yaw 172 mode 2 st 36 gl 1 hp 80 frg 1
ARGLOG Romero t 177.3 pos '-288.7 464.0  15.7' spd   6.8 yaw 91 mode 2 st 15 gl 0 hp 68 frg 1
ARGLOG Carmack t 177.6 pos '552.0 581.6  91.5' spd 175.8 yaw 359 mode 2 st 12 gl 9 hp 100 frg -1
ARGLOG Joe Rogan t 177.8 pos '1064.0 -112.0 -216.4' spd 0 yaw 172 mode 2 st 36 gl 1 hp 80 frg 1
ARGLOG Romero t 177.8 pos '-292.0 464.0 -16.0' spd  10.6 yaw 89 mode 2 st 15 gl 0 hp 68 frg 1
ARGEVT Carmack hazard
ARGEVT Romero jump
ARGEVT Joe Rogan stall
ARGEVT Joe Rogan stallnode '957.0  -7.0 -184.0'
ARGUS routecache adopt
ARGEVT Joe Rogan route 3 start '1181.0 -103.0 -168.0' goal '557.0 -55.0 -168.0'
ARGEVT Romero stall
ARGEVT Romero stallnode '-291.0 505.0 120.0'
ARGEVT Romero route 6 start '-259.0 441.0 -16.0' goal '-723.0  73.0 184.0'
ARGLOG Carmack t 178.2 pos '552.0 502.7  56.0' spd 351.0 yaw 10 mode 2 st 12 gl 9 hp 100 frg -1
ARGLOG Joe Rogan t 178.4 pos '1073.3 -112.0 -216.3' spd  86.2 yaw 137 mode 2 st 37 gl 1 hp 80 frg 1
ARGLOG Romero t 178.4 pos '-284.0 464.0  14.7' spd  32.8 yaw 10 mode 2 st 16 gl 0 hp 68 frg 1
ARGLOG Carmack t 178.7 pos '552.0 381.2  56.0' spd 159.0 yaw 26 mode 2 st 12 gl 9 hp 100 frg -1
ARGLOG Joe Rogan t 178.9 pos '1143.0 -112.0 -216.1' spd  10.3 yaw 174 mode 2 st 37 gl 1 hp 80 frg 1
ARGLOG Romero t 178.9 pos '-167.0 483.5   8.0' spd 320.0 yaw 170 mode 2 st 16 gl 0 hp 68 frg 1
ARGEVT Carmack hazard
ARGLOG Carmack t 179.3 pos '552.0 302.7  56.0' spd 130.5 yaw 35 mode 2 st 12 gl 9 hp 100 frg -1
ARGLOG Joe Rogan t 179.5 pos '1064.0 -112.0 -216.0' spd 0 yaw 172 mode 2 st 37 gl 1 hp 80 frg 1
ARGLOG Romero t 179.5 pos '-34.3 594.3  40.0' spd 402.2 yaw 190 mode 2 st 16 gl 0 hp 68 frg 1
ARGEVT Romero jump
ARGLOG Carmack t 179.8 pos '552.0 399.1  56.0' spd 362.8 yaw 24 mode 2 st 12 gl 9 hp 100 frg -1
ARGLOG Joe Rogan t 180.0 pos '1064.0 -112.0 -216.0' spd 0 yaw 172 mode 2 st 37 gl 1 hp 80 frg 1
ARGLOG Romero t 180.0 pos '-181.7 733.8  70.6' spd 415.8 yaw 239 mode 2 st 16 gl 0 hp 68 frg 1
ARGEVT Carmack hazard
ARGEVT Joe Rogan stall
ARGEVT Joe Rogan stallnode '957.0  -7.0 -184.0'
ARGEVT Joe Rogan route 3 start '1181.0 -103.0 -168.0' goal '557.0 -55.0 -168.0'
ARGEVT Romero hazard
ARGLOG Carmack t 180.4 pos '552.0 584.6  56.0' spd 201.8 yaw 358 mode 2 st 12 gl 9 hp 100 frg -1
ARGLOG Joe Rogan t 180.5 pos '1065.9 -112.0 -174.7' spd  22.1 yaw 136 mode 2 st 38 gl 1 hp 80 frg 1
ARGLOG Romero t 180.5 pos '-379.6 755.2 -16.0' spd 208.3 yaw 294 mode 2 st 16 gl 0 hp 68 frg 1
ARGLOG Carmack t 180.9 pos '552.0 600.7  56.0' spd 315.5 yaw 356 mode 2 st 12 gl 9 hp 100 frg -1
ARGEVT Joe Rogan swim
ARGEVT Carmack hazard
ARGLOG Joe Rogan t 181.1 pos '1093.0 -112.0 -221.3' spd 128.0 yaw 142 mode 2 st 38 gl 1 hp 80 frg 1
ARGLOG Romero t 181.1 pos '-311.2 752.0 -16.0' spd 251.1 yaw 276 mode 2 st 16 gl 0 hp 68 frg 1
ARGEVT Romero engage Carmack
ARGLOG Carmack t 181.5 pos '541.9 444.6  56.0' spd 167.7 yaw 17 mode 2 st 12 gl 9 hp 100 frg -1
ARGLOG Joe Rogan t 181.7 pos '1214.0 -112.0 -221.3' spd 191.3 yaw 157 mode 2 st 38 gl 1 hp 80 frg 1
ARGLOG Romero t 181.7 pos '-175.1 629.4   8.0' spd 323.1 yaw 344.6 mode 2 st 16 gl 0 hp 68 frg 1
ARGLOG Carmack t 182.0 pos '526.9 509.3  56.0' spd 360.2 yaw 150.3 mode 2 st 12 gl 9 hp 88 frg -1
ARGLOG Joe Rogan t 182.2 pos '1191.4 -112.0 -221.3' spd 185.7 yaw 155 mode 2 st 38 gl 1 hp 80 frg 1
ARGLOG Romero t 182.2 pos '-21.3 600.3  40.0' spd 324.9 yaw 351.4 mode 2 st 16 gl 0 hp 68 frg 1
ARGLOG Carmack t 182.5 pos '433.6 508.3  56.0' spd 324.0 yaw 193.3 mode 2 st 12 gl 9 hp 64 frg -1
ARGEVT Romero route 6 start '-67.0 649.0  56.0' goal '-723.0  73.0 184.0'
ARGLOG Joe Rogan t 182.7 pos '1165.9 -112.0 -221.3' spd 137.7 yaw 153 mode 2 st 38 gl 1 hp 80 frg 1
ARGLOG Romero t 182.7 pos ' 39.4 590.2  40.0' spd 320.6 yaw 359.3 mode 2 st 16 gl 0 hp 68 frg 1
ARGEVT Romero hazard
ARGLOG Carmack t 183.0 pos '455.0 658.7  56.0' spd  99.0 yaw 169.4 mode 2 st 12 gl 9 hp 44 frg -1
ARGLOG Joe Rogan t 183.3 pos '1195.8 -112.0 -221.2' spd 120.9 yaw 156 mode 2 st 38 gl 1 hp 80 frg 1
ARGLOG Romero t 183.3 pos ' 44.9 620.6  40.0' spd 323.1 yaw 354.8 mode 2 st 16 gl 0 hp 68 frg 1
ARGEVT Carmack retreat
ARGLOG Carmack t 183.6 pos '462.7 493.2  56.0' spd 321.1 yaw 185.7 mode 2 st 12 gl 9 hp 24 frg -1
ARGLOG Joe Rogan t 183.8 pos '1172.1 -112.0 -221.2' spd 124.0 yaw 153 mode 2 st 38 gl 1 hp 80 frg 1
ARGLOG Romero t 183.8 pos ' 42.5 547.7  40.0' spd 361.6 yaw 348.3 mode 2 st 16 gl 0 hp 59 frg 1
ARGLOG Carmack t 184.1 pos '512.6 339.8  56.0' spd 320.0 yaw 137.0 mode 2 st 12 gl 9 hp 24 frg -1
ARGEVT Romero pursue
ARGEVT Carmack pursue
ARGLOG Joe Rogan t 184.3 pos '1189.8 -112.0 -221.2' spd 113.4 yaw 155 mode 2 st 38 gl 1 hp 80 frg 1
ARGLOG Romero t 184.3 pos '137.2 585.3  56.0' spd 348.2 yaw 339 mode 2 st 16 gl 0 hp 59 frg 1
ARGUS Carmack hunch item_artifact_super_damage
ARGEVT Carmack pursue
ARGLOG Carmack t 184.6 pos '422.8 307.8  56.0' spd 292.0 yaw 253.3 mode 2 st 12 gl 9 hp 24 frg -1
ARGEVT Carmack plan powerup via weapon
ARGEVT Carmack goal weapon_rocketlauncher
ARGLOG Joe Rogan t 184.9 pos '1174.9 -112.0 -221.3' spd 113.9 yaw 154 mode 2 st 38 gl 1 hp 80 frg 1
ARGLOG Romero t 184.9 pos '295.2 548.2  56.0' spd 321.1 yaw 333 mode 0 st 16 gl 0 hp 59 frg 1
ARGEVT Carmack route 17 start '525.0 313.0  56.0' goal '1517.0 489.0 -88.0'
ARGLOG Carmack t 185.2 pos '267.5 245.5  56.0' spd 357.0 yaw 124 mode 2 st 12 gl 9 hp 24 frg -1
ARGEVT Romero route 7 start '397.0 505.0  56.0' goal '-723.0  73.0 184.0'
ARGUS Romero hunch item_artifact_super_damage
ARGEVT Romero plan powerup via weapon
ARGEVT Romero goal weapon_lightning
ARGLOG Joe Rogan t 185.4 pos '1174.8 -112.0 -221.3' spd 113.9 yaw 154 mode 2 st 38 gl 1 hp 80 frg 1
ARGLOG Romero t 185.4 pos '459.8 472.6  56.0' spd 320.2 yaw 329 mode 0 st 16 gl 0 hp 59 frg 1
ARGEVT Joe Rogan stall
ARGEVT Joe Rogan stallnode '1181.0 -103.0 -168.0'
ARGEVT Carmack hazard
ARGEVT Romero route 13 start '397.0 505.0  56.0' goal '1533.0 -231.0 -392.0'
ARGEVT Joe Rogan route 3 start '1181.0 -103.0 -168.0' goal '557.0 -55.0 -168.0'
ARGEVT Romero pursue
ARGLOG Carmack t 185.7 pos '198.7 317.5  56.0' spd 310.9 yaw 7 mode 0 st 12 gl 9 hp 24 frg -1
ARGEVT Carmack route 19 start '173.0 185.0  56.0' goal '1517.0 489.0 -88.0'
ARGLOG Joe Rogan t 186.0 pos '1189.0 -112.0 -221.1' spd 113.9 yaw 155 mode 2 st 39 gl 1 hp 80 frg 1
ARGLOG Romero t 186.0 pos '542.6 321.8  56.0' spd 320.0 yaw 187.2 mode 2 st 16 gl 0 hp 59 frg 1
ARGEVT Joe Rogan abandon
ARGEVT Joe Rogan goal weapon_lightning
ARGLOG Carmack t 186.3 pos '180.5 193.4  56.0' spd 320.3 yaw  39.0 mode 2 st 12 gl 9 hp 16 frg -1
