LOG started on: 09/16/2026 16:50:19 
Playing registered version.
UDP Initialized
WIPX_OpenSocket: Address family not supported by protocol family
WIPX_Init: Unable to open control socket, IPX disabled
Exe: 20:02:47 Jul 31 2024
256.0 megabyte heap

Language initialization
Couldn't load 'localization/loc_english.txt'
from 'C:/argus/engine'

========= Quake Initialized =========

execing autoexec.cfg
SpawnServer: dm2
Clearing memory
Programs occupy 886K.
trying to open external vis file
maps/dm2.vis not found, trying argus.vis
external vis not found
ARGUS slots 8
ARGUS worldspawn reached
ARGNAV 215 nodes, 1005 links
0 entities inhibited
ARGUS init on dm2
ARGEVT Carmack spawned
ARGEVT Romero spawned
ARGEVT Joe Rogan spawned
Server spawned.
ARGLOG Joe Rogan t   1.2 pos '2624.0 -488.0  32.0' spd 0 yaw 177.6 mode 0 st 0 gl 0 hp 100 frg 0
ARGLOG Romero t   1.2 pos '2704.0 -2048.0 128.0' spd 0 yaw 317.5 mode 0 st 0 gl 0 hp 100 frg 0
ARGLOG Carmack t   1.2 pos '2560.0 -192.0  32.0' spd 0 yaw 209.6 mode 0 st 0 gl 0 hp 100 frg 0
ARGUS Carmack wallslide
ARGEVT Joe Rogan engage Carmack
ARGEVT Joe Rogan grab item_armorInv
ARGEVT Carmack engage Joe Rogan
ARGLOG Joe Rogan t   1.7 pos '2477.1 -443.3   8.0' spd 309.7 yaw  98.3 mode 0 st 0 gl 0 hp 100 frg 0
ARGLOG Romero t   1.7 pos '2712.0 -2090.6 128.0' spd 322.0 yaw 157.1 mode 0 st 0 gl 0 hp 100 frg 0
ARGLOG Carmack t   1.7 pos '2437.9 -239.5  24.0' spd  62.6 yaw 237.4 mode 0 st 0 gl 0 hp 100 frg 0
ARGEVT Joe Rogan hazard
ARGUS Joe Rogan wallslide
ARGLOG Joe Rogan t   2.2 pos '2365.0 -527.5   8.0' spd 121.1 yaw  75.0 mode 0 st 0 gl 0 hp 100 frg 0
ARGLOG Romero t   2.2 pos '2723.9 -2193.2 120.0' spd 321.4 yaw 304.1 mode 0 st 0 gl 0 hp 100 frg 0
ARGLOG Carmack t   2.2 pos '2420.9 -232.9  24.0' spd 320.5 yaw 248.7 mode 0 st 0 gl 0 hp 100 frg 0
ARGLOG Joe Rogan t   2.7 pos '2336.4 -527.9   8.0' spd  45.4 yaw 104.0 mode 0 st 0 gl 0 hp 100 frg 0
ARGLOG Romero t   2.7 pos '2695.0 -2296.8 120.0' spd 329.8 yaw 181.3 mode 0 st 0 gl 0 hp 100 frg 0
ARGLOG Carmack t   2.7 pos '2258.1 -240.0  24.0' spd 348.3 yaw 277.3 mode 0 st 0 gl 0 hp 100 frg 0
ARGEVT Joe Rogan hazard
ARGUS Joe Rogan wallslide
ARGEVT Romero hazard
ARGLOG Joe Rogan t   3.2 pos '2306.4 -527.7   8.0' spd 206.8 yaw  97.6 mode 0 st 0 gl 0 hp 91 frg 0
ARGLOG Romero t   3.2 pos '2541.0 -2329.0 120.0' spd 286.6 yaw 331.5 mode 0 st 0 gl 0 hp 100 frg 0
ARGLOG Carmack t   3.2 pos '2308.4 -221.8  24.0' spd 343.0 yaw 276.5 mode 0 st 0 gl 0 hp 88 frg 0
ARGLOG Joe Rogan t   3.7 pos '2154.6 -470.1   8.0' spd 333.5 yaw  46.5 mode 0 st 0 gl 0 hp 91 frg 0
ARGLOG Romero t   3.7 pos '2569.7 -2283.4 120.0' spd 177.2 yaw 267.4 mode 0 st 0 gl 0 hp 100 frg 0
ARGLOG Carmack t   3.7 pos '2416.9 -222.5  24.0' spd 269.0 yaw 203.9 mode 0 st 0 gl 0 hp 88 frg 0
ARGEVT Romero stall
ARGEVT Romero jump
ARGEVT Joe Rogan pursue
ARGEVT Carmack pursue
ARGEVT Joe Rogan plan powerup via weapon
ARGEVT Joe Rogan goal weapon_rocketlauncher
ARGEVT Romero goal item_armorInv
ARGEVT Carmack goal item_armorInv
ARGEVT Joe Rogan routefail
ARGLOG Joe Rogan t   4.2 pos '2222.0 -400.9   8.0' spd 328.2 yaw  65.0 mode 0 st 0 gl 0 hp 91 frg 0
ARGLOG Romero t   4.2 pos '2496.6 -2351.0 161.2' spd 194.9 yaw 92 mode 0 st 1 gl 0 hp 100 frg 0
ARGLOG Carmack t   4.2 pos '2254.4 -217.8  24.0' spd 332.6 yaw 264.7 mode 0 st 0 gl 0 hp 88 frg 0
ARGEVT Joe Rogan plan powerup via weapon
ARGEVT Joe Rogan goal weapon_rocketlauncher
ARGEVT Joe Rogan route 15 start '2273.0 -375.0   8.0' goal '2465.0 -1719.0  24.0'
ARGEVT Romero route 30 start '2433.0 -2359.0 120.0' goal '2465.0 -1975.0 120.0'
ARGEVT Carmack hazard
ARGEVT Carmack route 4 start '2209.0 -279.0  24.0' goal '2369.0 -567.0  56.0'
ARGEVT Romero hazard
ARGLOG Joe Rogan t   4.7 pos '2251.7 -430.1   8.0' spd 325.3 yaw 135.6 mode 2 st 0 gl 0 hp 82 frg 0
ARGLOG Romero t   4.7 pos '2450.9 -2273.7 120.0' spd 419.8 yaw 141 mode 2 st 1 gl 0 hp 100 frg 0
ARGLOG Carmack t   4.7 pos '2141.7 -306.5  24.0' spd 196.7 yaw 297.2 mode 2 st 0 gl 0 hp 88 frg 0
ARGEVT Joe Rogan hazard
ARGLOG Joe Rogan t   5.2 pos '2152.4 -513.2   8.0' spd  87.7 yaw  59.9 mode 2 st 0 gl 0 hp 64 frg 0
ARGLOG Romero t   5.2 pos '2483.7 -2352.0 120.0' spd 354.0 yaw 139 mode 2 st 1 gl 0 hp 100 frg 0
ARGLOG Carmack t   5.2 pos '2296.4 -337.6   8.0' spd 341.5 yaw 237.8 mode 2 st 0 gl 0 hp 88 frg 0
ARGLOG Joe Rogan t   5.8 pos '2142.8 -493.8   8.0' spd  85.8 yaw  55.2 mode 2 st 0 gl 0 hp 55 frg 0
ARGLOG Romero t   5.8 pos '2438.1 -2456.2 120.0' spd 322.3 yaw 240.1 mode 0 st 1 gl 0 hp 100 frg 0
ARGLOG Carmack t   5.8 pos '2217.2 -296.7  24.0' spd 324.5 yaw 236.4 mode 2 st 0 gl 0 hp 88 frg 0
ARGEVT Romero hazard
ARGEVT Romero route 29 start '2433.0 -2487.0 120.0' goal '2465.0 -1975.0 120.0'
ARGEVT Romero route 30 start '2337.0 -2455.0 152.0' goal '2465.0 -1975.0 120.0'
ARGEVT Carmack weapon sg
ARGLOG Joe Rogan t   6.3 pos '2291.2 -459.5   8.0' spd 324.0 yaw 115.7 mode 2 st 0 gl 0 hp 55 frg 0
ARGLOG Romero t   6.3 pos '2300.0 -2428.0 168.0' spd 402.6 yaw 132 mode 2 st 1 gl 0 hp 100 frg 0
ARGLOG Carmack t   6.3 pos '2192.9 -238.8  24.0' spd 340.6 yaw 305.0 mode 0 st 0 gl 0 hp 64 frg 0
ARGEVT Carmack route 4 start '2209.0 -279.0  24.0' goal '2369.0 -567.0  56.0'
ARGEVT Joe Rogan retreat
ARGLOG Joe Rogan t   6.8 pos '2434.3 -512.1   8.0' spd 287.8 yaw 116.4 mode 2 st 0 gl 0 hp 21 frg 0
ARGLOG Romero t   6.8 pos '2351.5 -2429.3 152.0' spd 333.9 yaw 134 mode 2 st 1 gl 0 hp 100 frg 0
ARGLOG Carmack t   6.8 pos '2344.7 -175.0  24.0' spd 323.5 yaw 283.0 mode 2 st 0 gl 0 hp 64 frg 0
ARGEVT Joe Rogan hazard
ARGUS Joe Rogan wallslide
ARGEVT Joe Rogan route 16 start '2465.0 -503.0   8.0' goal '2465.0 -1719.0  24.0'
ARGEVT Romero hazard
ARGEVT Romero route 29 start '2433.0 -2487.0 120.0' goal '2465.0 -1975.0 120.0'
ARGEVT Carmack grab item_health
ARGLOG Joe Rogan t   7.3 pos '2506.5 -499.9   8.0' spd 129.3 yaw  89.4 mode 2 st 0 gl 0 hp 21 frg 0
ARGLOG Romero t   7.3 pos '2471.7 -2472.5 120.0' spd 366.8 yaw  52.5 mode 0 st 1 gl 0 hp 100 frg 0
ARGLOG Carmack t   7.3 pos '2508.3 -162.4  24.0' spd 379.2 yaw 271.9 mode 2 st 0 gl 0 hp 64 frg 0
ARGUS routecache adopt
ARGEVT Romero route 29 start '2433.0 -2487.0 120.0' goal '2465.0 -1975.0 120.0'
ARGEVT Joe Rogan pursue
ARGEVT Carmack hazard
ARGUS Carmack wallslide
ARGLOG Joe Rogan t   7.8 pos '2511.3 -447.4   8.0' spd  81.9 yaw 102 mode 2 st 0 gl 0 hp 21 frg 0
ARGLOG Romero t   7.8 pos '2413.8 -2307.4 120.0' spd 458.5 yaw 139 mode 2 st 1 gl 0 hp 100 frg 0
ARGLOG Carmack t   7.8 pos '2480.1 -239.2  24.0' spd 323.2 yaw 214 mode 2 st 0 gl 0 hp 64 frg 0
ARGEVT Carmack pursue
ARGLOG Joe Rogan t   8.3 pos '2433.2 -464.6   8.0' spd 323.5 yaw  90.8 mode 2 st 0 gl 0 hp 21 frg 0
ARGLOG Romero t   8.3 pos '2408.0 -2356.5 120.0' spd 320.0 yaw 137 mode 2 st 1 gl 0 hp 100 frg 0
ARGLOG Carmack t   8.3 pos '2469.4 -216.8  24.0' spd 321.3 yaw 272.0 mode 2 st 0 gl 0 hp 64 frg 0
ARGEVT Joe Rogan hazard
ARGUS Joe Rogan wallslide
ARGEVT Joe Rogan pursue
ARGEVT Carmack pursue
ARGEVT Romero hazard
ARGUS Carmack hunch item_armorInv
ARGUS routecache adopt
ARGEVT Romero route 29 start '2433.0 -2487.0 120.0' goal '2465.0 -1975.0 120.0'
ARGEVT Carmack goal item_armorInv
ARGEVT Carmack route 6 start '2529.0 -183.0  32.0' goal '2369.0 -567.0  56.0'
ARGLOG Joe Rogan t   8.8 pos '2422.0 -512.5   8.0' spd 278.8 yaw 80 mode 2 st 0 gl 0 hp 21 frg 0
ARGLOG Romero t   8.8 pos '2460.7 -2497.7 120.0' spd 321.0 yaw 349.1 mode 0 st 1 gl 0 hp 100 frg 0
ARGLOG Carmack t   8.8 pos '2533.5 -212.7  32.0' spd 121.9 yaw  75.6 mode 2 st 0 gl 0 hp 64 frg 0
ARGEVT Carmack pursue
ARGUS Romero wallslide
ARGEVT Carmack hazard
ARGEVT Romero route 29 start '2433.0 -2487.0 120.0' goal '2465.0 -1975.0 120.0'
ARGUS Carmack wallslide
ARGLOG Joe Rogan t   9.3 pos '2448.8 -404.8   8.0' spd 216.7 yaw  86.5 mode 2 st 0 gl 0 hp 21 frg 0
ARGLOG Romero t   9.3 pos '2470.5 -2323.3 120.0' spd 384.5 yaw 140 mode 2 st 1 gl 0 hp 100 frg 0
ARGLOG Carmack t   9.3 pos '2475.6 -153.7  24.0' spd 244.6 yaw 248.6 mode 2 st 0 gl 0 hp 64 frg 0
ARGEVT Carmack route 6 start '2529.0 -183.0  32.0' goal '2369.0 -567.0  56.0'
ARGEVT Carmack grab item_health
ARGEVT Joe Rogan pursue
ARGEVT Joe Rogan hazard
ARGEVT Carmack pursue
ARGLOG Joe Rogan t   9.8 pos '2438.7 -508.1   8.0' spd 282.5 yaw 84 mode 2 st 0 gl 0 hp 21 frg 0
ARGLOG Romero t   9.8 pos '2392.8 -2377.9 120.0' spd 338.2 yaw 136 mode 2 st 1 gl 0 hp 100 frg 0
ARGLOG Carmack t   9.8 pos '2540.5 -197.8  32.0' spd 293.5 yaw 247 mode 2 st 0 gl 0 hp 64 frg 0
ARGEVT Carmack pursue
ARGEVT Romero hazard
ARGEVT Romero route 29 start '2433.0 -2487.0 120.0' goal '2465.0 -1975.0 120.0'
ARGLOG Joe Rogan t  10.3 pos '2462.8 -433.5   8.0' spd 320.0 yaw  95.6 mode 2 st 0 gl 0 hp 21 frg 0
ARGLOG Romero t  10.3 pos '1342.3 -1376.0 150.3' spd 300 yaw 332 mode 0 st 1 gl 0 hp 100 frg 0
ARGLOG Carmack t  10.3 pos '2467.2 -204.9  24.0' spd 328.7 yaw 273.4 mode 2 st 0 gl 0 hp 64 frg 0
ARGEVT Romero route 28 start '1377.0 -1335.0 136.0' goal '2465.0 -1975.0 120.0'
ARGEVT Carmack route 6 start '2529.0 -183.0  32.0' goal '2369.0 -567.0  56.0'
ARGUS Joe Rogan wallslide
ARGEVT Joe Rogan pursue
ARGEVT Carmack pursue
ARGLOG Joe Rogan t  10.8 pos '2482.8 -510.3   8.0' spd 306.8 yaw 93 mode 2 st 0 gl 0 hp 21 frg 0
ARGLOG Romero t  10.8 pos '1360.0 -1376.0 144.0' spd 300 yaw 101 mode 2 st 1 gl 0 hp 100 frg 0
ARGLOG Carmack t  10.8 pos '2548.1 -194.3  32.0' spd 321.6 yaw 251 mode 2 st 0 gl 0 hp 64 frg 0
ARGEVT Carmack hazard
ARGEVT Carmack pursue
ARGUS Carmack wallslide
ARGLOG Joe Rogan t  11.3 pos '2496.8 -350.0   8.0' spd 209.9 yaw 106.6 mode 2 st 0 gl 0 hp 21 frg 0
ARGLOG Romero t  11.3 pos '1364.2 -1259.3 136.0' spd 322.6 yaw 106 mode 2 st 1 gl 0 hp 100 frg 0
ARGLOG Carmack t  11.3 pos '2403.1 -239.3  24.0' spd 269.4 yaw 216.2 mode 2 st 0 gl 0 hp 64 frg 0
ARGEVT Romero jump
ARGEVT Carmack grab item_health
ARGLOG Joe Rogan t  11.8 pos '2460.7 -475.2   8.0' spd 327.2 yaw  81.7 mode 2 st 0 gl 0 hp 21 frg 0
ARGLOG Romero t  11.8 pos '1309.7 -1197.2 195.6' spd 119.9 yaw 97 mode 2 st 1 gl 0 hp 100 frg 0
ARGLOG Carmack t  11.8 pos '2516.8 -183.9  32.0' spd 361.7 yaw 263.1 mode 2 st 0 gl 0 hp 64 frg 0
ARGEVT Joe Rogan hazard
ARGUS routecache adopt
ARGEVT Carmack route 6 start '2529.0 -183.0  32.0' goal '2369.0 -567.0  56.0'
ARGEVT Joe Rogan pursue
ARGEVT Carmack pursue
ARGLOG Joe Rogan t  12.3 pos '2508.3 -446.7   8.0' spd 335.0 yaw 100 mode 2 st 0 gl 0 hp 21 frg 0
ARGLOG Romero t  12.3 pos '1276.2 -1106.9 200.0' spd 321.1 yaw 36 mode 2 st 1 gl 0 hp 100 frg 0
ARGLOG Carmack t  12.3 pos '2484.3 -206.2  24.0' spd 320.6 yaw 161.9 mode 2 st 0 gl 0 hp 64 frg 0
ARGUS Joe Rogan hunch item_armorInv
ARGEVT Romero route 26 start '1313.0 -1047.0 200.0' goal '2465.0 -1975.0 120.0'
ARGLOG Joe Rogan t  12.8 pos '2506.3 -325.5   8.0' spd 169.4 yaw 181.3 mode 2 st 0 gl 0 hp 21 frg 0
ARGLOG Romero t  12.8 pos '1288.4 -937.3 183.8' spd 342.1 yaw 359.6 mode 2 st 1 gl 0 hp 100 frg 0
ARGLOG Carmack t  12.8 pos '2339.2 -223.5  24.0' spd 125.2 yaw 300.4 mode 2 st 0 gl 0 hp 64 frg 0
ARGEVT Joe Rogan goal item_health
ARGEVT Joe Rogan route 6 start '2529.0 -343.0  24.0' goal '2593.0 -247.0 120.0'
ARGEVT Joe Rogan pursue
ARGEVT Carmack pursue
ARGEVT Carmack hazard
ARGLOG Joe Rogan t  13.3 pos '2577.2 -361.8  24.0' spd 316.0 yaw 146 mode 2 st 0 gl 0 hp 21 frg 0
ARGLOG Romero t  13.3 pos '1359.0 -891.5  32.0' spd 163.5 yaw 230 mode 2 st 1 gl 0 hp 100 frg 0
ARGLOG Carmack t  13.3 pos '2494.2 -235.0  24.0' spd 314.4 yaw 258.0 mode 2 st 0 gl 0 hp 64 frg 0
ARGUS Carmack wallslide
ARGEVT Joe Rogan hazard
ARGEVT Joe Rogan pursue
ARGLOG Joe Rogan t  13.8 pos '2431.5 -306.9   8.0' spd 133.6 yaw 120.7 mode 2 st 0 gl 0 hp 21 frg 0
ARGLOG Romero t  13.8 pos '1696.0 -918.5  32.3' spd 300 yaw 262.9 mode 0 st 1 gl 0 hp 100 frg 0
ARGLOG Carmack t  13.8 pos '2422.0 -213.6  24.0' spd 370.9 yaw 258.8 mode 2 st 0 gl 0 hp 64 frg 0
ARGEVT Romero route 23 start '1697.0 -663.0  24.0' goal '2465.0 -1975.0 120.0'
ARGEVT Carmack grab item_health
ARGUS Joe Rogan wallslide
ARGLOG Joe Rogan t  14.4 pos '2544.9 -383.0  24.0' spd 254.2 yaw  99.1 mode 2 st 0 gl 0 hp 21 frg 0
ARGLOG Romero t  14.4 pos '1696.0 -954.2  20.0' spd 300 yaw 81 mode 2 st 1 gl 0 hp 100 frg 0
ARGLOG Carmack t  14.4 pos '2510.4 -148.4  24.0' spd 337.8 yaw 282.3 mode 2 st 0 gl 0 hp 64 frg 0
ARGEVT Carmack pursue
ARGEVT Joe Rogan pursue
ARGEVT Carmack route 6 start '2529.0 -183.0  32.0' goal '2369.0 -567.0  56.0'
ARGEVT Carmack hazard
ARGEVT Joe Rogan hazard
ARGUS Carmack wallslide
ARGLOG Joe Rogan t  14.9 pos '2524.4 -318.6  24.0' spd 327.8 yaw 156.5 mode 2 st 0 gl 0 hp 21 frg 0
ARGLOG Romero t  14.9 pos '1698.2 -883.6  20.0' spd 320.0 yaw 80 mode 2 st 1 gl 0 hp 100 frg 0
ARGEVT Carmack pursue
ARGLOG Carmack t  14.9 pos '2465.4 -238.8  24.0' spd 308.1 yaw 201.7 mode 2 st 0 gl 0 hp 64 frg 0
ARGEVT Joe Rogan pursue
ARGLOG Joe Rogan t  15.4 pos '2503.5 -353.8   8.0' spd 320.9 yaw 117.5 mode 2 st 0 gl 0 hp 21 frg 0
ARGLOG Romero t  15.4 pos '1703.3 -721.4  20.0' spd 323.7 yaw 45 mode 2 st 1 gl 0 hp 100 frg 0
ARGLOG Carmack t  15.4 pos '2441.5 -195.2  24.0' spd 325.9 yaw 301.5 mode 2 st 0 gl 0 hp 64 frg 0
ARGEVT Joe Rogan pursue
ARGEVT Carmack pursue
ARGUS routecache adopt
ARGEVT Carmack route 6 start '2529.0 -183.0  32.0' goal '2369.0 -567.0  56.0'
ARGEVT Joe Rogan hazard
ARGEVT Carmack hazard
ARGLOG Joe Rogan t  15.9 pos '2564.0 -320.8  24.0' spd 206.0 yaw 147 mode 2 st 0 gl 0 hp 21 frg 0
ARGLOG Romero t  15.9 pos '1740.6 -562.1  24.0' spd 320.3 yaw 23 mode 2 st 1 gl 0 hp 100 frg 0
ARGUS Carmack hunch item_health
ARGLOG Carmack t  15.9 pos '2546.8 -215.9  32.0' spd 397.4 yaw 212.9 mode 2 st 0 gl 0 hp 64 frg 0
ARGEVT Carmack goal item_armorInv
ARGUS routecache adopt
ARGEVT Carmack route 6 start '2529.0 -183.0  32.0' goal '2369.0 -567.0  56.0'
ARGUS Joe Rogan wallslide
ARGEVT Carmack pursue
ARGEVT Romero hazard
ARGEVT Joe Rogan pursue
ARGLOG Joe Rogan t  16.4 pos '2479.1 -312.1   8.0' spd 323.1 yaw 197 mode 2 st 0 gl 0 hp 21 frg 0
ARGLOG Romero t  16.4 pos '1863.8 -486.9  56.0' spd 330.7 yaw 53 mode 2 st 1 gl 0 hp 100 frg 0
ARGLOG Carmack t  16.4 pos '2378.0 -207.6  24.0' spd 329.7 yaw 185.9 mode 2 st 0 gl 0 hp 64 frg 0
ARGEVT Romero jump
ARGLOG Joe Rogan t  16.9 pos '2382.7 -446.1   8.0' spd 322.5 yaw  75.7 mode 2 st 0 gl 0 hp 21 frg 0
ARGLOG Romero t  16.9 pos '2029.4 -495.4 109.1' spd 329.7 yaw 17 mode 2 st 1 gl 0 hp 100 frg 0
ARGEVT Carmack grab item_health
ARGLOG Carmack t  16.9 pos '2489.6 -155.9  24.0' spd 347.7 yaw 256.3 mode 2 st 0 gl 0 hp 64 frg 0
ARGEVT Joe Rogan hazard
ARGUS routecache adopt
ARGEVT Carmack route 6 start '2529.0 -183.0  32.0' goal '2369.0 -567.0  56.0'
ARGEVT Joe Rogan pursue
ARGEVT Carmack pursue
ARGLOG Joe Rogan t  17.4 pos '2327.3 -494.8   8.0' spd 339.8 yaw 66 mode 2 st 0 gl 0 hp 21 frg 0
ARGLOG Romero t  17.4 pos '2054.8 -345.3  88.0' spd 332.1 yaw 91 mode 2 st 1 gl 0 hp 100 frg 0
ARGLOG Carmack t  17.4 pos '2518.5 -209.0  32.0' spd 324.4 yaw 157.2 mode 2 st 0 gl 0 hp 64 frg 0
ARGEVT Romero engage Carmack
ARGEVT Joe Rogan weapon axe
ARGLOG Joe Rogan t  17.9 pos '2358.2 -515.5   8.0' spd 273.2 yaw  57.4 mode 2 st 0 gl 0 hp 21 frg 0
ARGLOG Romero t  17.9 pos '2040.2 -278.2  56.0' spd 320.1 yaw   9.3 mode 2 st 1 gl 0 hp 100 frg 0
ARGLOG Carmack t  17.9 pos '2547.5 -202.7  32.0' spd 377.0 yaw 239.7 mode 0 st 0 gl 0 hp 56 frg 0
ARGUS Joe Rogan wallslide
ARGUS routecache adopt
ARGEVT Carmack route 6 start '2529.0 -183.0  32.0' goal '2369.0 -567.0  56.0'
ARGEVT Carmack pursue
ARGEVT Joe Rogan pursue
ARGUS Romero wallslide
ARGUS Carmack wallslide
ARGEVT Carmack pursue
ARGLOG Joe Rogan t  18.4 pos '2476.0 -451.1   8.0' spd 341.8 yaw  88.3 mode 2 st 0 gl 0 hp 21 frg 0
ARGLOG Romero t  18.4 pos '2058.7 -292.0  56.0' spd 320.1 yaw 92 mode 2 st 1 gl 0 hp 100 frg 0
ARGLOG Carmack t  18.4 pos '2457.7 -239.8  24.0' spd 337.6 yaw 211.8 mode 2 st 0 gl 0 hp 56 frg 0
ARGEVT Romero pursue
ARGEVT Carmack grab item_health
ARGEVT Joe Rogan route 7 start '2561.0 -503.0  24.0' goal '2593.0 -247.0 120.0'
ARGLOG Joe Rogan t  18.9 pos '2556.9 -523.8  24.0' spd 291.8 yaw  89.7 mode 2 st 0 gl 0 hp 21 frg 0
ARGLOG Romero t  18.9 pos '2068.6 -129.1  24.0' spd 321.2 yaw 358.2 mode 2 st 1 gl 0 hp 100 frg 0
ARGLOG Carmack t  18.9 pos '2546.7 -174.0  32.0' spd 371.7 yaw 274.3 mode 2 st 0 gl 0 hp 56 frg 0
ARGEVT Joe Rogan pursue
ARGEVT Carmack pursue
ARGEVT Joe Rogan hazard
ARGUS routecache adopt
ARGEVT Joe Rogan route 7 start '2561.0 -503.0  24.0' goal '2593.0 -247.0 120.0'
ARGUS Joe Rogan hunch item_armorInv
ARGEVT Carmack hazard
ARGEVT Joe Rogan goal item_health
ARGUS routecache adopt
ARGEVT Joe Rogan route 7 start '2561.0 -503.0  24.0' goal '2593.0 -247.0 120.0'
ARGEVT Joe Rogan pursue
ARGEVT Romero pursue
ARGLOG Joe Rogan t  19.4 pos '2620.1 -478.8  32.0' spd 257.4 yaw 237.4 mode 2 st 0 gl 0 hp 21 frg 0
ARGLOG Romero t  19.4 pos '2120.0  24.9  24.0' spd 313.1 yaw 338 mode 2 st 1 gl 0 hp 100 frg 0
ARGLOG Carmack t  19.4 pos '2512.6 -238.0  32.0' spd 320.1 yaw 203.0 mode 2 st 0 gl 0 hp 56 frg 0
ARGUS Carmack wallslide
ARGEVT Romero hazard
ARGEVT Carmack pursue
ARGUS Romero hunch item_health
ARGEVT Romero pursue
ARGEVT Romero goal item_artifact_super_damage
ARGEVT Romero routefail
ARGLOG Joe Rogan t  19.9 pos '2565.0 -509.9  24.0' spd 150.4 yaw 136.6 mode 2 st 0 gl 0 hp 21 frg 0
ARGLOG Romero t  19.9 pos '2156.9 152.6  24.0' spd 338.1 yaw  73.6 mode 0 st 1 gl 0 hp 100 frg 0
ARGLOG Carmack t  19.9 pos '2358.8 -221.1  24.0' spd  92.5 yaw 252.3 mode 2 st 0 gl 0 hp 56 frg 0
ARGEVT Romero goal item_armorInv
ARGEVT Romero route 7 start '2145.0 201.0  24.0' goal '2369.0 -567.0  56.0'
ARGEVT Carmack grab item_health
ARGEVT Joe Rogan pursue
ARGEVT Romero route 7 start '2305.0 265.0  24.0' goal '2369.0 -567.0  56.0'
ARGLOG Joe Rogan t  20.4 pos '2476.9 -494.6   8.0' spd 310.9 yaw 112 mode 2 st 0 gl 0 hp 21 frg 0
ARGLOG Romero t  20.4 pos '2275.2 281.4  24.0' spd 427.4 yaw 312.2 mode 2 st 1 gl 0 hp 100 frg 0
ARGLOG Carmack t  20.4 pos '2496.8 -172.9  24.0' spd 372.8 yaw 276.0 mode 2 st 0 gl 0 hp 56 frg 0
ARGEVT Romero hazard
ARGEVT Carmack pursue
ARGEVT Carmack route 6 start '2529.0 -183.0  32.0' goal '2369.0 -567.0  56.0'
ARGEVT Carmack hazard
ARGUS Carmack wallslide
ARGLOG Joe Rogan t  20.9 pos '2379.4 -356.1   8.0' spd 325.9 yaw 97 mode 2 st 0 gl 0 hp 21 frg 0
ARGLOG Romero t  20.9 pos '2395.2 241.8 -24.0' spd 198.6 yaw 209 mode 2 st 1 gl 0 hp 100 frg 0
ARGLOG Carmack t  20.9 pos '2468.9 -238.2  24.0' spd 336.9 yaw 152.9 mode 2 st 0 gl 0 hp 56 frg 0
ARGEVT Carmack pursue
ARGEVT Joe Rogan pursue
ARGUS routecache adopt
ARGEVT Carmack route 6 start '2529.0 -183.0  32.0' goal '2369.0 -567.0  56.0'
ARGLOG Joe Rogan t  21.4 pos '2271.1 -367.4   8.0' spd 232.3 yaw 35 mode 2 st 0 gl 0 hp 21 frg 0
ARGLOG Romero t  21.4 pos '2320.0 239.6   8.0' spd  14.5 yaw 218 mode 2 st 1 gl 0 hp 100 frg 0
ARGLOG Carmack t  21.4 pos '2544.0 -205.6  32.0' spd 138.3 yaw 220 mode 2 st 0 gl 0 hp 56 frg 0
ARGEVT Carmack pursue
ARGUS Romero wallslide
ARGLOG Joe Rogan t  21.9 pos '2404.3 -357.2   8.0' spd 358.8 yaw  59.0 mode 2 st 0 gl 0 hp 21 frg 0
ARGLOG Romero t  21.9 pos '2216.8 226.4  24.0' spd 386.0 yaw 240 mode 2 st 1 gl 0 hp 100 frg 0
ARGLOG Carmack t  21.9 pos '2445.3 -223.0  24.0' spd 208.1 yaw 238.7 mode 2 st 0 gl 0 hp 56 frg 0
ARGEVT Joe Rogan route 6 start '2401.0 -343.0   8.0' goal '2593.0 -247.0 120.0'
ARGEVT Romero engage Joe Rogan
ARGEVT Carmack grab item_health
ARGLOG Joe Rogan t  22.5 pos '2481.8 -503.7   8.0' spd 334.5 yaw 118.7 mode 2 st 0 gl 0 hp 21 frg 0
ARGEVT Joe Rogan hazard
ARGLOG Romero t  22.5 pos '2164.2  55.2  24.0' spd 333.8 yaw 301.5 mode 2 st 1 gl 0 hp 100 frg 0
ARGLOG Carmack t  22.5 pos '2331.0 -213.1  24.0' spd 209.4 yaw 299.1 mode 2 st 0 gl 0 hp 56 frg 0
ARGEVT Romero pursue
ARGLOG Joe Rogan t  23.0 pos '2404.3 -511.4   8.0' spd  81.0 yaw  80.5 mode 2 st 0 gl 0 hp 21 frg 0
ARGLOG Romero t  23.0 pos '2221.2 -98.2  24.0' spd 323.4 yaw 304 mode 2 st 1 gl 0 hp 100 frg 0
ARGLOG Carmack t  23.0 pos '2487.4 -182.7  24.0' spd 320.1 yaw 260.8 mode 2 st 0 gl 0 hp 56 frg 0
ARGEVT Carmack route 6 start '2529.0 -183.0  32.0' goal '2369.0 -567.0  56.0'
ARGEVT Joe Rogan pursue
ARGEVT Carmack pursue
ARGEVT Romero hazard
ARGLOG Joe Rogan t  23.5 pos '2399.5 -484.2   8.0' spd 321.0 yaw 75 mode 2 st 0 gl 0 hp 21 frg 0
ARGEVT Romero pursue
ARGLOG Romero t  23.5 pos '2311.3 -227.6  24.0' spd 332.2 yaw 286.4 mode 2 st 1 gl 0 hp 100 frg 0
ARGLOG Carmack t  23.5 pos '2514.2 -197.3  32.0' spd 340.1 yaw 251 mode 2 st 0 gl 0 hp 56 frg 0
ARGEVT Romero pursue
ARGUS Romero wallslide
ARGUS Carmack hunch item_armorInv
ARGEVT Carmack pursue
ARGEVT Carmack goal item_armorInv
ARGUS routecache adopt
ARGEVT Carmack route 6 start '2529.0 -183.0  32.0' goal '2369.0 -567.0  56.0'
ARGEVT Carmack hazard
ARGUS Carmack wallslide
ARGLOG Joe Rogan t  24.0 pos '2454.4 -331.9   8.0' spd 321.3 yaw 80 mode 2 st 0 gl 0 hp 9 frg 0
ARGLOG Romero t  24.0 pos '2460.7 -215.3  24.0' spd 366.2 yaw 275.4 mode 2 st 1 gl 0 hp 100 frg 0
ARGLOG Carmack t  24.0 pos '2495.5 -144.0  24.0' spd  24.8 yaw   9.7 mode 2 st 0 gl 0 hp 56 frg 0
ARGEVT Joe Rogan hazard
ARGEVT Joe Rogan pursue
ARGEVT Joe Rogan pursue
ARGUS Joe Rogan wallslide
ARGUS routecache adopt
ARGEVT Carmack route 6 start '2529.0 -183.0  32.0' goal '2369.0 -567.0  56.0'
ARGUS Carmack bodyblock
ARGEVT Romero pursue
ARGUS routecache adopt
ARGEVT Carmack route 6 start '2529.0 -183.0  32.0' goal '2369.0 -567.0  56.0'
ARGEVT Romero hazard
ARGLOG Joe Rogan t  24.5 pos '2436.1 -304.0   8.0' spd  26.6 yaw 70 mode 2 st 0 gl 0 hp 9 frg 0
ARGLOG Romero t  24.5 pos '2510.1 -216.7  32.0' spd  40.9 yaw 231.2 mode 2 st 1 gl 0 hp 100 frg 0
ARGLOG Carmack t  24.5 pos '2544.8 -226.1  32.0' spd 124.7 yaw  85.3 mode 2 st 0 gl 0 hp 56 frg 0
ARGEVT Carmack pursue
ARGUS Romero wallslide
ARGEVT Romero pursue
ARGLOG Joe Rogan t  25.0 pos '2434.1 -304.0   8.0' spd  16.1 yaw 69 mode 2 st 0 gl 0 hp 9 frg 0
ARGLOG Romero t  25.0 pos '2388.5 -184.8  24.0' spd 327.5 yaw 279.3 mode 2 st 1 gl 0 hp 100 frg 0
ARGLOG Carmack t  25.0 pos '2436.5 -144.7  24.0' spd 333.3 yaw 200.9 mode 2 st 0 gl 0 hp 56 frg 0
ARGEVT Joe Rogan hazard
ARGUS Carmack wallslide
ARGUS Joe Rogan wallslide
ARGUS Romero bodyblock
ARGLOG Joe Rogan t  25.5 pos '2515.0 -352.8  24.0' spd 320.0 yaw  96.3 mode 2 st 0 gl 0 hp 9 frg 0
ARGLOG Romero t  25.5 pos '2471.0 -149.6  24.0' spd 119.7 yaw 282.5 mode 2 st 1 gl 0 hp 100 frg 0
ARGLOG Carmack t  25.5 pos '2505.6 -180.0  24.0' spd 348.7 yaw 279.3 mode 2 st 0 gl 0 hp 56 frg 0
ARGEVT Carmack pursue
ARGEVT Joe Rogan pursue
ARGEVT Romero pursue
ARGEVT Carmack hazard
ARGUS Romero hunch item_health
ARGUS Romero wallslide
ARGEVT Carmack pursue
ARGEVT Romero hazard
ARGUS Joe Rogan hunch item_armorInv
ARGEVT Romero goal weapon_nailgun
ARGLOG Joe Rogan t  26.0 pos '2551.4 -318.4  24.0' spd 194.9 yaw 311.6 mode 2 st 0 gl 0 hp 9 frg 0
ARGLOG Romero t  26.0 pos '2429.0 -240.0  24.0' spd 0 yaw 263.8 mode 1 st 1 gl 0 hp 100 frg 0
ARGLOG Carmack t  26.0 pos '2464.8 -236.3  24.0' spd 112.7 yaw  99.8 mode 2 st 0 gl 0 hp 56 frg 0
ARGEVT Carmack pursue
ARGEVT Joe Rogan pursue
ARGUS Carmack bodyblock
ARGEVT Joe Rogan goal item_health
ARGEVT Joe Rogan route 6 start '2529.0 -343.0  24.0' goal '2593.0 -247.0 120.0'
ARGUS Carmack wallslide
ARGEVT Joe Rogan hazard
ARGEVT Romero stall
ARGLOG Joe Rogan t  26.5 pos '2638.4 -335.5  24.0' spd 359.0 yaw  45.2 mode 0 st 0 gl 0 hp 9 frg 0
ARGUS Joe Rogan wallslide
ARGLOG Romero t  26.5 pos '2429.0 -240.0  24.0' spd 0 yaw 128.2 mode 0 st 2 gl 0 hp 100 frg 0
ARGLOG Carmack t  26.5 pos '2370.6 -145.3  24.0' spd 335.8 yaw 205.6 mode 2 st 0 gl 0 hp 56 frg 0
ARGEVT Joe Rogan route 6 start '2593.0 -375.0  24.0' goal '2593.0 -247.0 120.0'
ARGEVT Joe Rogan route 6 start '2529.0 -343.0  24.0' goal '2593.0 -247.0 120.0'
ARGEVT Romero route 0 start '2433.0 -183.0  24.0' goal '2433.0 -183.0  24.0'
ARGLOG Joe Rogan t  27.0 pos '2501.5 -304.3   8.0' spd 324.6 yaw 195.3 mode 2 st 0 gl 0 hp 9 frg 0
ARGLOG Romero t  27.0 pos '2429.0 -240.0  24.0' spd 0 yaw  47.5 mode 1 st 2 gl 0 hp 100 frg 0
ARGLOG Carmack t  27.0 pos '2248.7 -267.8  24.0' spd 345.5 yaw 283 mode 2 st 0 gl 0 hp 56 frg 0
ARGEVT Carmack pursue
ARGEVT Carmack hazard
ARGEVT Carmack weapon axe
ARGUS Carmack wallslide
ARGEVT Joe Rogan death Romero pos '2404.8 -416.0   8.0'
ARGUS Romero watch spawn
ARGLOG Romero t  27.5 pos '2429.0 -240.0  24.0' spd 0 yaw 324.4 mode 1 st 2 gl 0 hp 100 frg 1
ARGLOG Carmack t  27.5 pos '2255.9 -266.4  24.0' spd  39.9 yaw 323 mode 2 st 0 gl 0 hp 56 frg 0
ARGEVT Romero goal backpack
ARGEVT Romero route 3 start '2433.0 -183.0  24.0' goal '2369.0 -407.0   8.0'
ARGEVT Romero engage Carmack
ARGEVT Romero grab 
ARGEVT Carmack engage Romero
ARGEVT Carmack grab 
ARGLOG Romero t  28.0 pos '2429.0 -240.0  24.0' spd 0 yaw 186.1 mode 1 st 2 gl 0 hp 100 frg 1
ARGLOG Carmack t  28.0 pos '2256.0 -256.6  24.0' spd   4.2 yaw   6.0 mode 2 st 0 gl 0 hp 56 frg 0
ARGLOG Romero t  28.5 pos '2429.0 -240.0  24.0' spd 0 yaw 185.7 mode 1 st 2 gl 0 hp 100 frg 1
ARGLOG Carmack t  28.5 pos '2256.0 -254.7  24.0' spd   3.1 yaw   6.4 mode 2 st 0 gl 0 hp 56 frg 0
ARGEVT Joe Rogan respawn
ARGEVT Joe Rogan goal weapon_nailgun
ARGEVT Joe Rogan engage Carmack
ARGLOG Joe Rogan t  29.0 pos '2560.0 -192.0  32.0' spd 0 yaw 180.7 mode 1 st 0 gl 0 hp 100 frg 0
ARGLOG Romero t  29.0 pos '2429.0 -240.0  24.0' spd 0 yaw 185.8 mode 1 st 2 gl 0 hp 100 frg 1
ARGLOG Carmack t  29.0 pos '2256.0 -253.2  24.0' spd   3.3 yaw   1.4 mode 2 st 0 gl 0 hp 36 frg 0
ARGLOG Joe Rogan t  29.5 pos '2538.2 -222.9  32.0' spd  66.8 yaw 182.9 mode 1 st 0 gl 0 hp 100 frg 0
ARGLOG Romero t  29.5 pos '2429.0 -240.0  24.0' spd 0 yaw 179.2 mode 1 st 2 gl 0 hp 91 frg 1
ARGLOG Carmack t  29.5 pos '2256.0 -251.6  24.0' spd   2.3 yaw 358.7 mode 2 st 0 gl 0 hp 12 frg 0
ARGEVT Carmack death Romero pos '2256.0 -250.5  24.0'
ARGEVT Joe Rogan engage Romero
ARGLOG Joe Rogan t  30.0 pos '2505.0 -208.5  24.0' spd 204.3 yaw 199.5 mode 1 st 0 gl 0 hp 100 frg 0
ARGEVT Romero engage Joe Rogan
ARGLOG Romero t  30.1 pos '2429.0 -240.0  24.0' spd 0 yaw 138.5 mode 1 st 2 gl 0 hp 82 frg 2
ARGEVT Romero goal item_armorInv
ARGEVT Romero route 5 start '2433.0 -183.0  24.0' goal '2369.0 -567.0  56.0'
ARGEVT Joe Rogan hazard
ARGEVT Romero grab item_health
ARGLOG Joe Rogan t  30.5 pos '2545.4 -169.4  32.0' spd 179.3 yaw 204.0 mode 1 st 0 gl 0 hp 100 frg 0
ARGLOG Romero t  30.6 pos '2429.0 -240.0  24.0' spd 0 yaw  30.4 mode 2 st 2 gl 0 hp 73 frg 2
ARGLOG Joe Rogan t  31.0 pos '2560.3 -158.8  32.0' spd  23.5 yaw 209.6 mode 1 st 0 gl 0 hp 68 frg 0
ARGEVT Joe Rogan grab item_health
ARGLOG Romero t  31.1 pos '2429.0 -240.0  24.0' spd 0 yaw  27.5 mode 2 st 2 gl 0 hp 64 frg 2
ARGEVT Joe Rogan retreat
ARGEVT Joe Rogan hazard
ARGEVT Carmack respawn
ARGLOG Joe Rogan t  31.5 pos '2561.8 -175.1  32.0' spd 203.9 yaw 188.9 mode 1 st 0 gl 0 hp 12 frg 0
ARGEVT Carmack goal weapon_rocketlauncher
ARGLOG Carmack t  31.5 pos '2624.0 -488.0  32.0' spd 0 yaw 175.5 mode 0 st 0 gl 0 hp 100 frg 0
ARGEVT Carmack routefail
ARGLOG Romero t  31.6 pos '2429.0 -240.0  24.0' spd 0 yaw  21.0 mode 2 st 2 gl 0 hp 64 frg 2
ARGEVT Carmack goal weapon_rocketlauncher
ARGEVT Carmack route 17 start '2561.0 -503.0  24.0' goal '2465.0 -1719.0  24.0'
ARGEVT Romero grab 
ARGUS Joe Rogan wallslide
ARGLOG Joe Rogan t  32.0 pos '2575.0 -201.5  32.0' spd  30.8 yaw 184.1 mode 1 st 0 gl 0 hp 12 frg 0
ARGEVT Carmack engage Romero
ARGEVT Carmack grab item_armorInv
ARGLOG Carmack t  32.0 pos '2484.4 -446.9   8.0' spd 343.3 yaw 150.9 mode 2 st 0 gl 0 hp 100 frg 0
ARGLOG Romero t  32.1 pos '2429.0 -240.0  24.0' spd 0 yaw  12.0 mode 2 st 2 gl 0 hp 64 frg 2
ARGEVT Joe Rogan death Romero pos '2574.1 -212.6  32.0'
ARGEVT Romero engage Carmack
ARGEVT Romero goal item_health
ARGEVT Romero grab 
ARGEVT Carmack hazard
ARGUS Carmack wallslide
ARGLOG Carmack t  32.5 pos '2364.2 -527.8   8.0' spd 112.2 yaw  84.4 mode 2 st 0 gl 0 hp 100 frg 0
ARGLOG Romero t  32.6 pos '2429.0 -240.0  24.0' spd 0 yaw 256.3 mode 1 st 2 gl 0 hp 64 frg 3
ARGEVT Romero pursue
ARGEVT Carmack pursue
ARGLOG Carmack t  33.0 pos '2364.9 -454.7   8.0' spd 320.5 yaw 73 mode 2 st 0 gl 0 hp 100 frg 0
ARGLOG Romero t  33.1 pos '2429.0 -240.0  24.0' spd 0 yaw 264 mode 1 st 2 gl 0 hp 64 frg 3
ARGUS Carmack hunch 
ARGUS Carmack wallslide
ARGLOG Carmack t  33.5 pos '2411.0 -304.6   8.0' spd 100.5 yaw  67.0 mode 2 st 0 gl 0 hp 100 frg 0
ARGEVT Carmack grab weapon_nailgun
ARGEVT Joe Rogan respawn
ARGLOG Romero t  33.6 pos '2429.0 -240.0  24.0' spd 0 yaw 262.3 mode 1 st 2 gl 0 hp 64 frg 3
ARGEVT Carmack goal backpack
ARGEVT Carmack route 4 start '2401.0 -343.0   8.0' goal '2529.0 -183.0  32.0'
ARGEVT Joe Rogan goal item_armorInv
ARGLOG Joe Rogan t  33.6 pos '1712.0 -504.0  24.0' spd 0 yaw 274.8 mode 0 st 0 gl 0 hp 100 frg 0
ARGEVT Joe Rogan route 9 start '1761.0 -503.0  24.0' goal '2369.0 -567.0  56.0'
ARGUS Romero unstick fightpin '2337.0 -215.0  24.0'
ARGEVT Joe Rogan hazard
ARGLOG Carmack t  34.0 pos '2475.0 -343.0   8.0' spd  45.0 yaw 128.9 mode 2 st 0 gl 0 hp 100 frg 0
ARGEVT Romero grab item_health
ARGLOG Romero t  34.1 pos '2410.0 -187.2  24.0' spd 350.9 yaw 303.6 mode 0 st 2 gl 0 hp 64 frg 3
ARGLOG Joe Rogan t  34.1 pos '1832.4 -541.4  40.0' spd 321.1 yaw 17 mode 2 st 0 gl 0 hp 100 frg 0
ARGEVT Carmack hazard
ARGEVT Romero jump
ARGEVT Joe Rogan jump
ARGEVT Romero pursue
ARGEVT Carmack pursue
ARGLOG Carmack t  34.5 pos '2493.3 -310.9   8.0' spd 324.1 yaw 194.1 mode 2 st 0 gl 0 hp 100 frg 0
ARGLOG Romero t  34.6 pos '2512.0 -187.2  67.6' spd  41.2 yaw 257 mode 0 st 2 gl 0 hp 100 frg 3
ARGEVT Carmack pursue
ARGLOG Joe Rogan t  34.6 pos '1904.0 -496.4 115.0' spd  98.8 yaw 29 mode 2 st 0 gl 0 hp 100 frg 0
ARGEVT Carmack pursue
ARGEVT Carmack pursue
ARGLOG Carmack t  35.1 pos '2342.9 -332.0   8.0' spd 136.2 yaw 108.5 mode 2 st 0 gl 0 hp 100 frg 0
ARGEVT Romero jump
ARGUS Joe Rogan wallslide
ARGLOG Romero t  35.1 pos '2480.8 -180.1  27.7' spd 320.3 yaw 228.1 mode 0 st 2 gl 0 hp 100 frg 3
ARGLOG Joe Rogan t  35.1 pos '1928.4 -464.1  88.0' spd 315.9 yaw 25 mode 2 st 0 gl 0 hp 100 frg 0
ARGEVT Joe Rogan hazard
ARGLOG Carmack t  35.6 pos '2470.9 -402.5   8.0' spd  74.1 yaw 102.9 mode 2 st 0 gl 0 hp 100 frg 0
ARGLOG Romero t  35.6 pos '2352.0 -112.4  56.0' spd  23.7 yaw 284.7 mode 0 st 2 gl 0 hp 100 frg 3
ARGLOG Joe Rogan t  35.6 pos '2055.8 -407.5 104.0' spd 341.0 yaw 99 mode 2 st 0 gl 0 hp 100 frg 0
ARGEVT Carmack grab item_armorInv
ARGLOG Carmack t  36.1 pos '2343.9 -476.1   8.0' spd 387.2 yaw  88.5 mode 2 st 0 gl 0 hp 80 frg 0
ARGEVT Joe Rogan engage Romero
ARGLOG Romero t  36.1 pos '2339.3 -207.9  24.0' spd 218.1 yaw 273.9 mode 0 st 2 gl 0 hp 100 frg 3
ARGEVT Carmack hazard
ARGLOG Joe Rogan t  36.2 pos '2030.5 -244.5  40.0' spd 321.1 yaw  47.4 mode 2 st 0 gl 0 hp 100 frg 0
ARGEVT Romero hazard
ARGEVT Romero weapon ng
ARGLOG Carmack t  36.6 pos '2422.8 -512.3   8.0' spd  76.3 yaw 121.4 mode 2 st 0 gl 0 hp 72 frg 0
ARGLOG Romero t  36.6 pos '2186.2 -266.5  24.0' spd 342.6 yaw 309.2 mode 0 st 2 gl 0 hp 100 frg 3
ARGLOG Joe Rogan t  36.7 pos '2072.9 -82.8  24.0' spd 364.2 yaw 311.6 mode 2 st 0 gl 0 hp 100 frg 0
ARGLOG Carmack t  37.1 pos '2407.7 -504.5   8.0' spd  72.9 yaw 156.5 mode 2 st 0 gl 0 hp 72 frg 0
ARGLOG Romero t  37.2 pos '2132.8 -415.0   8.0' spd 320.1 yaw 333.6 mode 0 st 2 gl 0 hp 100 frg 3
ARGLOG Joe Rogan t  37.2 pos '2240.0  -6.0  24.0' spd 340.2 yaw 249.8 mode 2 st 0 gl 0 hp 84 frg 0
ARGLOG Carmack t  37.6 pos '2389.3 -471.0   8.0' spd 323.2 yaw 151.8 mode 2 st 0 gl 0 hp 72 frg 0
ARGLOG Romero t  37.7 pos '2215.9 -362.0   8.0' spd 320.1 yaw 347.0 mode 0 st 2 gl 0 hp 92 frg 3
ARGLOG Joe Rogan t  37.7 pos '2394.8 -56.9  88.0' spd 324.4 yaw 243.1 mode 2 st 0 gl 0 hp 84 frg 0
ARGUS Romero wallslide
ARGLOG Carmack t  38.1 pos '2439.4 -338.4   8.0' spd  49.3 yaw 150.4 mode 2 st 0 gl 0 hp 45 frg 0
ARGEVT Joe Rogan grab 
ARGLOG Romero t  38.2 pos '2267.3 -195.9  24.0' spd 362.8 yaw 328.5 mode 0 st 2 gl 0 hp 83 frg 3
ARGLOG Joe Rogan t  38.2 pos '2448.0 -80.0 104.0' spd 0 yaw 216.6 mode 2 st 0 gl 0 hp 84 frg 0
ARGEVT Romero hazard
ARGEVT Romero pursue
ARGEVT Carmack pursue
ARGLOG Carmack t  38.6 pos '2294.8 -353.3   8.0' spd 356.5 yaw 120 mode 2 st 0 gl 0 hp 45 frg 0
ARGLOG Romero t  38.7 pos '2303.0 -191.5  24.0' spd 326.5 yaw 303 mode 0 st 2 gl 0 hp 77 frg 3
ARGLOG Joe Rogan t  38.7 pos '2448.0 -80.0 104.0' spd 0 yaw 210.4 mode 2 st 0 gl 0 hp 84 frg 0
ARGUS Romero wallslide
ARGLOG Carmack t  39.1 pos '2189.8 -219.7  24.0' spd 343.9 yaw  14.4 mode 2 st 0 gl 0 hp 45 frg 0
ARGLOG Romero t  39.2 pos '2404.6 -195.8  24.0' spd 341.3 yaw 187.1 mode 0 st 2 gl 0 hp 74 frg 3
ARGLOG Joe Rogan t  39.2 pos '2448.0 -80.0 104.0' spd 0 yaw 253.0 mode 2 st 0 gl 0 hp 84 frg 0
ARGEVT Carmack grab item_health
ARGLOG Carmack t  39.6 pos '2165.0 -64.8  24.0' spd 364.2 yaw 346.3 mode 2 st 0 gl 0 hp 45 frg 0
ARGLOG Romero t  39.7 pos '2396.1 -144.0  24.0' spd  17.6 yaw 155.8 mode 0 st 2 gl 0 hp 65 frg 3
ARGLOG Joe Rogan t  39.7 pos '2452.0 -75.3 120.0' spd 166.4 yaw 230.7 mode 2 st 0 gl 0 hp 84 frg 0
ARGEVT Romero pursue
ARGEVT Carmack pursue
ARGUS Romero wallslide
ARGLOG Carmack t  40.1 pos '2126.0 -37.9  24.0' spd 255.1 yaw 338.4 mode 2 st 0 gl 0 hp 45 frg 0
ARGLOG Romero t  40.2 pos '2315.3 -144.6  24.0' spd 220.7 yaw 158.4 mode 0 st 2 gl 0 hp 56 frg 3
ARGLOG Joe Rogan t  40.2 pos '2409.9 -19.6  88.0' spd 323.2 yaw 229.4 mode 2 st 0 gl 0 hp 84 frg 0
ARGUS Joe Rogan wallslide
ARGEVT Carmack retreat
ARGEVT Carmack route 4 start '1953.0 -23.0  24.0' goal '2529.0 -183.0  32.0'
ARGLOG Carmack t  40.6 pos '2004.0 -27.4  24.0' spd 321.0 yaw 318.5 mode 2 st 0 gl 0 hp 52 frg 0
ARGLOG Romero t  40.7 pos '2185.7 -246.7  24.0' spd 325.3 yaw 145.3 mode 0 st 2 gl 0 hp 49 frg 3
ARGLOG Joe Rogan t  40.7 pos '2380.6 -38.0  72.0' spd 320.2 yaw 233.2 mode 2 st 0 gl 0 hp 84 frg 0
ARGEVT Carmack hazard
ARGLOG Carmack t  41.1 pos '1916.0 -11.1  24.0' spd  23.3 yaw 317.5 mode 2 st 0 gl 0 hp 34 frg 0
ARGLOG Romero t  41.2 pos '2189.8 -217.1  24.0' spd 350.7 yaw 138.7 mode 0 st 2 gl 0 hp 38 frg 3
ARGLOG Joe Rogan t  41.2 pos '2418.1 -201.3  59.9' spd 342.2 yaw 194.0 mode 2 st 0 gl 0 hp 84 frg 0
ARGUS Joe Rogan wallslide
ARGEVT Romero weapon axe
ARGLOG Carmack t  41.7 pos '1930.7 -17.9  24.0' spd  97.1 yaw 345.3 mode 2 st 0 gl 0 hp 16 frg 0
ARGLOG Romero t  41.7 pos '2223.8 -84.6  24.0' spd 254.0 yaw 166.3 mode 0 st 2 gl 0 hp 14 frg 3
ARGLOG Joe Rogan t  41.7 pos '2423.3 -165.5  24.0' spd 320.0 yaw 150.5 mode 2 st 0 gl 0 hp 84 frg 0
ARGEVT Joe Rogan pursue
ARGEVT Romero grab item_spikes
ARGLOG Carmack t  42.2 pos '1946.3 -166.8  24.0' spd 351.5 yaw  36.7 mode 2 st 0 gl 0 hp 16 frg 0
ARGLOG Romero t  42.2 pos '2056.3 -55.9  24.0' spd 366.0 yaw 217.7 mode 0 st 2 gl 0 hp 14 frg 3
ARGLOG Joe Rogan t  42.3 pos '2425.3 -144.0  24.0' spd 329.2 yaw 165 mode 2 st 0 gl 0 hp 84 frg 0
ARGUS Joe Rogan wallslide
ARGLOG Carmack t  42.7 pos '2058.4 -299.4  56.0' spd 305.1 yaw 119.5 mode 2 st 0 gl 0 hp 16 frg 0
ARGEVT Carmack grab item_health
ARGLOG Romero t  42.7 pos '1985.4 -216.8  24.0' spd 355.2 yaw 301.2 mode 0 st 2 gl 0 hp 14 frg 3
ARGLOG Joe Rogan t  42.8 pos '2315.1 -190.8  24.0' spd 333.7 yaw 185.5 mode 2 st 0 gl 0 hp 84 frg 0
ARGUS Carmack wallslide
ARGEVT Romero death Carmack pos '2029.0 -337.1  88.0'
ARGUS Carmack watch spawn
ARGEVT Carmack goal item_health
ARGLOG Carmack t  43.2 pos '2043.0 -461.0 104.0' spd 322.1 yaw 265.6 mode 1 st 0 gl 0 hp 41 frg 1
ARGLOG Joe Rogan t  43.3 pos '2222.4 -140.1  24.0' spd 378.2 yaw 184.9 mode 2 st 0 gl 0 hp 84 frg 0
ARGEVT Carmack hazard
ARGEVT Carmack engage Joe Rogan
ARGEVT Carmack grab item_health
ARGEVT Joe Rogan engage Carmack
ARGLOG Carmack t  43.7 pos '2023.5 -545.0 104.0' spd  83.1 yaw  61.5 mode 1 st 0 gl 0 hp 66 frg 1
ARGLOG Joe Rogan t  43.8 pos '2043.4 -200.3  24.0' spd 338.7 yaw 271.7 mode 2 st 0 gl 0 hp 84 frg 0
ARGEVT Carmack grab item_health
ARGUS Joe Rogan wallslide
ARGEVT Joe Rogan route 6 start '1953.0 -215.0  24.0' goal '2369.0 -567.0  56.0'
ARGLOG Carmack t  44.2 pos '2006.2 -553.8 104.0' spd 205.7 yaw 108.9 mode 1 st 0 gl 0 hp 46 frg 1
ARGLOG Joe Rogan t  44.3 pos '1957.1 -237.3  24.0' spd 294.0 yaw 281.5 mode 2 st 0 gl 0 hp 84 frg 0
ARGEVT Carmack hazard
ARGEVT Carmack retreat
ARGEVT Romero respawn
ARGEVT Romero goal item_armor2
ARGEVT Romero engage Carmack
ARGLOG Romero t  44.6 pos '1712.0 -504.0  24.0' spd 0 yaw 272.9 mode 0 st 2 gl 0 hp 100 frg 3
ARGEVT Romero route 15 start '1761.0 -503.0  24.0' goal '2049.0 -983.0  32.0'
ARGLOG Carmack t  44.7 pos '2022.4 -547.9 104.0' spd 230.2 yaw  88.4 mode 1 st 0 gl 0 hp 34 frg 1
ARGLOG Joe Rogan t  44.8 pos '2028.0 -247.6  40.0' spd 320.4 yaw 262.9 mode 2 st 0 gl 0 hp 84 frg 0
ARGLOG Romero t  45.1 pos '1732.7 -619.5  24.0' spd  57.3 yaw  29.0 mode 2 st 2 gl 0 hp 100 frg 3
ARGLOG Carmack t  45.2 pos '1877.7 -476.3  72.0' spd 320.0 yaw  63.0 mode 1 st 0 gl 0 hp 34 frg 1
ARGEVT Joe Rogan hazard
ARGLOG Joe Rogan t  45.3 pos '2049.8 -319.2  72.0' spd 350.0 yaw 228.0 mode 2 st 0 gl 0 hp 84 frg 0
ARGUS Carmack wallslide
ARGEVT Joe Rogan pursue
ARGEVT Carmack hazard
ARGLOG Romero t  45.6 pos '1643.0 -505.1  24.0' spd 362.6 yaw  24.1 mode 2 st 2 gl 0 hp 100 frg 3
ARGEVT Joe Rogan grab item_health
ARGLOG Carmack t  45.7 pos '1744.1 -471.8  24.0' spd 196.8 yaw  43.1 mode 1 st 0 gl 0 hp 10 frg 1
ARGEVT Romero hazard
ARGLOG Joe Rogan t  45.8 pos '2004.9 -479.0 104.0' spd 320.2 yaw 188.0 mode 2 st 0 gl 0 hp 84 frg 0
ARGEVT Joe Rogan route 9 start '1953.0 -535.0 104.0' goal '2369.0 -567.0  56.0'
ARGLOG Romero t  46.1 pos '1510.2 -527.4  24.0' spd 194.0 yaw  24.3 mode 2 st 2 gl 0 hp 100 frg 3
ARGEVT Joe Rogan grab item_artifact_super_damage
ARGEVT Carmack death Romero pos '1600.9 -473.1  24.0'
ARGUS Romero watch spawn
ARGEVT Joe Rogan engage Romero
ARGEVT Romero engage Joe Rogan
ARGEVT Romero goal backpack
ARGEVT Romero route 0 start '1633.0 -535.0  24.0' goal '1633.0 -535.0  24.0'
ARGLOG Joe Rogan t  46.3 pos '2033.0 -537.5 104.0' spd 341.7 yaw 166.0 mode 2 st 0 gl 0 hp 80 frg 0
ARGEVT Joe Rogan hazard
ARGEVT Romero jump
ARGLOG Romero t  46.6 pos '1517.6 -506.9  38.0' spd  39.6 yaw 358.8 mode 1 st 2 gl 0 hp 100 frg 4
ARGEVT Joe Rogan grab item_health
ARGLOG Joe Rogan t  46.8 pos '2033.1 -550.3 104.0' spd 247.5 yaw 170.2 mode 2 st 0 gl 0 hp 76 frg 0
ARGLOG Romero t  47.2 pos '1503.7 -497.7  45.4' spd  44.8 yaw 359.2 mode 1 st 2 gl 0 hp 100 frg 4
ARGEVT Romero hazard
ARGLOG Joe Rogan t  47.3 pos '2014.8 -543.2 104.0' spd 114.8 yaw 176.1 mode 2 st 0 gl 0 hp 76 frg 0
ARGEVT Romero grab 
ARGLOG Romero t  47.7 pos '1510.5 -501.8  24.0' spd 183.0 yaw 354.9 mode 1 st 2 gl 0 hp 100 frg 4
ARGEVT Carmack respawn
ARGEVT Carmack goal weapon_rocketlauncher
ARGLOG Carmack t  47.7 pos '2248.0 -16.0 -136.0' spd 0 yaw 354.9 mode 0 st 0 gl 0 hp 100 frg 1
ARGEVT Carmack route 21 start '2241.0 -55.0 -136.0' goal '2465.0 -1719.0  24.0'
ARGLOG Joe Rogan t  47.8 pos '2016.1 -541.4 104.0' spd 122.3 yaw 170.9 mode 2 st 0 gl 0 hp 60 frg 0
ARGEVT Carmack hazard
ARGLOG Romero t  48.2 pos '1516.5 -519.9  24.0' spd  36.2 yaw 358.3 mode 1 st 2 gl 0 hp 100 frg 4
ARGUS Carmack wallslide
ARGEVT Joe Rogan hazard
ARGEVT Joe Rogan grab item_health
ARGLOG Carmack t  48.2 pos '2391.7 -79.1 -72.0' spd 382.3 yaw 33 mode 2 st 0 gl 0 hp 100 frg 1
ARGEVT Romero hazard
ARGLOG Joe Rogan t  48.3 pos '2007.9 -554.3 104.0' spd 141.7 yaw 180.9 mode 2 st 0 gl 0 hp 56 frg 0
ARGLOG Romero t  48.7 pos '1514.6 -502.3  24.0' spd  93.2 yaw 356.8 mode 1 st 2 gl 0 hp 100 frg 4
ARGEVT Joe Rogan grab item_artifact_super_damage
ARGLOG Carmack t  48.7 pos '2561.4 -42.0 -64.0' spd 345.9 yaw 90 mode 2 st 0 gl 0 hp 100 frg 1
ARGLOG Joe Rogan t  48.8 pos '1981.2 -542.3 104.0' spd 200.6 yaw 174.8 mode 2 st 0 gl 0 hp 44 frg 0
ARGLOG Romero t  49.2 pos '1516.5 -501.7  24.0' spd 115.4 yaw 358.9 mode 1 st 2 gl 0 hp 92 frg 4
ARGLOG Carmack t  49.2 pos '2619.0 119.4 -72.0' spd 337.8 yaw 141 mode 2 st 0 gl 0 hp 100 frg 1
ARGEVT Romero hazard
ARGEVT Joe Rogan retreat
ARGLOG Joe Rogan t  49.3 pos '2034.9 -540.8 104.0' spd 161.9 yaw 185.0 mode 2 st 0 gl 0 hp 32 frg 0
ARGLOG Romero t  49.7 pos '1512.3 -499.5  24.0' spd 132.5 yaw   4.4 mode 1 st 2 gl 0 hp 92 frg 4
ARGLOG Carmack t  49.7 pos '2518.4 256.8 -72.0' spd 341.0 yaw 177 mode 2 st 0 gl 0 hp 100 frg 1
ARGEVT Carmack jump
ARGLOG Joe Rogan t  49.8 pos '2021.8 -395.7 104.0' spd 320.5 yaw 186.1 mode 2 st 0 gl 0 hp 32 frg 0
ARGEVT Romero pursue
ARGEVT Joe Rogan pursue
ARGUS Joe Rogan hunch weapon_rocketlauncher
ARGEVT Romero goal item_armorInv
ARGEVT Romero route 10 start '1633.0 -535.0  24.0' goal '2369.0 -567.0  56.0'
ARGLOG Romero t  50.2 pos '1558.0 -490.2  24.0' spd 335.7 yaw 5 mode 2 st 2 gl 1 hp 92 frg 4
ARGEVT Joe Rogan pursue
ARGLOG Carmack t  50.2 pos '2416.0 310.7 -36.8' spd  32.8 yaw 218 mode 2 st 0 gl 0 hp 100 frg 1
ARGEVT Joe Rogan goal item_health
ARGLOG Joe Rogan t  50.3 pos '2032.1 -297.4  56.0' spd 355.6 yaw 313.9 mode 0 st 0 gl 0 hp 32 frg 0
ARGEVT Joe Rogan routefail
ARGEVT Joe Rogan hazard
ARGEVT Joe Rogan goal item_health
ARGUS Romero wallslide
ARGEVT Joe Rogan routefail
ARGUS Joe Rogan wallslide
ARGLOG Romero t  50.7 pos '1716.9 -464.0  24.0' spd 320.4 yaw 4 mode 2 st 2 gl 1 hp 92 frg 4
ARGLOG Carmack t  50.7 pos '2292.7 247.0  24.0' spd 326.9 yaw 262 mode 2 st 0 gl 0 hp 100 frg 1
ARGEVT Joe Rogan goal item_armor2
ARGUS Carmack wallslide
ARGEVT Joe Rogan route 14 start '2017.0 -375.0 104.0' goal '2049.0 -983.0  32.0'
ARGLOG Joe Rogan t  50.9 pos '2047.8 -451.2 104.0' spd 160.5 yaw 209.9 mode 2 st 0 gl 0 hp 24 frg 0
ARGEVT Joe Rogan weapon axe
ARGEVT Carmack engage Joe Rogan
ARGEVT Romero hazard
ARGLOG Romero t  51.2 pos '1846.8 -543.5  56.0' spd 330.7 yaw  32.3 mode 2 st 2 gl 1 hp 92 frg 4
ARGLOG Carmack t  51.2 pos '2151.9 154.9  24.0' spd 331.5 yaw 256.1 mode 2 st 0 gl 0 hp 100 frg 1
ARGLOG Joe Rogan t  51.4 pos '1969.3 -333.5  72.0' spd 268.9 yaw 246.0 mode 2 st 0 gl 0 hp 24 frg 0
ARGEVT Romero pursue
ARGLOG Romero t  51.7 pos '1935.7 -517.2  88.0' spd 322.9 yaw  84.3 mode 2 st 2 gl 1 hp 92 frg 4
ARGLOG Carmack t  51.7 pos '2121.8  70.2  24.0' spd 325.0 yaw 241.6 mode 2 st 0 gl 0 hp 100 frg 1
ARGEVT Romero grab item_artifact_super_damage
ARGLOG Joe Rogan t  51.9 pos '1968.0 -171.1  35.5' spd 319.1 yaw 262.8 mode 2 st 0 gl 0 hp 24 frg 0
ARGEVT Joe Rogan pursue
ARGEVT Romero pursue
ARGLOG Romero t  52.2 pos '1900.4 -533.6  72.0' spd 323.5 yaw 76 mode 2 st 2 gl 1 hp 92 frg 4
ARGLOG Carmack t  52.2 pos '2175.0 -40.5  24.0' spd 327.2 yaw 206.3 mode 2 st 0 gl 0 hp 100 frg 1
ARGUS Romero hunch item_artifact_super_damage
ARGLOG Joe Rogan t  52.4 pos '1960.1 -168.2  24.0' spd 320.1 yaw 268 mode 2 st 0 gl 0 hp 24 frg 0
ARGEVT Romero goal weapon_rocketlauncher
ARGEVT Romero routefail
ARGEVT Joe Rogan death Carmack pos '1958.5 -210.7  24.0'
ARGUS Carmack watch spawn
ARGEVT Romero goal item_armorInv
ARGEVT Carmack goal weapon_rocketlauncher
ARGEVT Romero route 10 start '1857.0 -535.0  56.0' goal '2369.0 -567.0  56.0'
ARGLOG Romero t  52.7 pos '1840.0 -498.2  56.0' spd 364.7 yaw 152.3 mode 2 st 2 gl 1 hp 92 frg 4
ARGLOG Carmack t  52.7 pos '2203.4 -207.9  24.0' spd 415.0 yaw 202.0 mode 0 st 0 gl 0 hp 100 frg 2
ARGEVT Romero hazard
ARGEVT Carmack hazard
ARGEVT Carmack route 14 start '2209.0 -279.0  24.0' goal '2465.0 -1719.0  24.0'
ARGLOG Romero t  53.2 pos '1733.0 -468.3  24.0' spd 257.8 yaw 33 mode 2 st 2 gl 1 hp 92 frg 4
ARGLOG Carmack t  53.3 pos '2132.8 -285.3  24.0' spd 307.8 yaw  65.5 mode 2 st 0 gl 0 hp 100 frg 2
ARGEVT Romero jump
ARGLOG Romero t  53.7 pos '1896.3 -465.4  86.0' spd 320.4 yaw 57 mode 2 st 2 gl 1 hp 92 frg 4
ARGLOG Carmack t  53.8 pos '2066.3 -126.1  24.0' spd 399.6 yaw 198 mode 2 st 0 gl 0 hp 100 frg 2
ARGEVT Romero engage Carmack
ARGEVT Carmack engage Romero
ARGEVT Joe Rogan respawn
ARGEVT Joe Rogan goal item_armorInv
ARGLOG Joe Rogan t  54.0 pos '2576.0 -1328.0  24.0' spd 0 yaw 265.5 mode 0 st 0 gl 0 hp 100 frg 0
ARGEVT Joe Rogan route 10 start '2561.0 -1303.0  24.0' goal '2465.0 -1975.0 120.0'
ARGLOG Romero t  54.2 pos '1975.7 -442.0 104.0' spd 207.2 yaw  92.6 mode 2 st 2 gl 1 hp 92 frg 4
ARGLOG Carmack t  54.3 pos '1925.6 -136.2  24.0' spd 101.8 yaw 272.1 mode 2 st 0 gl 0 hp 100 frg 2
ARGLOG Joe Rogan t  54.5 pos '2457.1 -1429.6  24.0' spd 320.4 yaw 261 mode 2 st 0 gl 0 hp 100 frg 0
ARGLOG Romero t  54.7 pos '1997.0 -382.6 104.0' spd 322.7 yaw  85.1 mode 2 st 2 gl 1 hp 92 frg 4
ARGLOG Carmack t  54.8 pos '2079.4 -141.0  24.0' spd 337.6 yaw 261.6 mode 2 st 0 gl 0 hp 100 frg 2
ARGUS Joe Rogan wallslide
ARGLOG Joe Rogan t  55.1 pos '2353.3 -1564.9  24.0' spd 325.3 yaw 268 mode 2 st 0 gl 0 hp 100 frg 0
ARGLOG Romero t  55.2 pos '2029.1 -386.4 104.0' spd 275.2 yaw  87.9 mode 2 st 2 gl 1 hp 92 frg 4
ARGLOG Carmack t  55.3 pos '1987.3 -137.1  24.0' spd 325.5 yaw 274.6 mode 2 st 0 gl 0 hp 100 frg 2
ARGLOG Joe Rogan t  55.6 pos '2378.2 -1725.4  24.0' spd 335.0 yaw 218 mode 2 st 0 gl 0 hp 100 frg 0
ARGLOG Romero t  55.8 pos '2053.7 -328.8  72.0' spd  68.3 yaw 116.0 mode 2 st 2 gl 1 hp 88 frg 4
ARGLOG Carmack t  55.8 pos '1971.5 -128.3  24.0' spd 325.3 yaw 301.5 mode 2 st 0 gl 0 hp 92 frg 2
ARGLOG Joe Rogan t  56.1 pos '2304.6 -1878.4  24.0' spd 362.4 yaw 218 mode 2 st 0 gl 0 hp 100 frg 0
ARGLOG Romero t  56.3 pos '2027.8 -336.1  88.0' spd 320.0 yaw  65.2 mode 2 st 2 gl 1 hp 88 frg 4
ARGLOG Carmack t  56.3 pos '2142.1 -123.0  24.0' spd 339.1 yaw 243.3 mode 2 st 0 gl 0 hp 84 frg 2
ARGLOG Joe Rogan t  56.6 pos '2145.2 -1965.9  56.0' spd 423.5 yaw 356 mode 2 st 0 gl 0 hp 100 frg 0
ARGEVT Carmack hazard
ARGEVT Joe Rogan door
ARGLOG Romero t  56.8 pos '1996.5 -233.8  24.0' spd 345.8 yaw  19.6 mode 2 st 2 gl 1 hp 88 frg 4
ARGLOG Carmack t  56.8 pos '2278.4 -224.0  24.0' spd 349.9 yaw 185.2 mode 2 st 0 gl 0 hp 84 frg 2
ARGEVT Joe Rogan hazard
ARGLOG Joe Rogan t  57.1 pos '2218.2 -2139.1  88.0' spd 372.0 yaw 20 mode 2 st 0 gl 0 hp 100 frg 0
ARGUS Joe Rogan wallslide
ARGLOG Romero t  57.3 pos '2004.1 -69.1  24.0' spd 326.7 yaw 348.2 mode 2 st 2 gl 1 hp 88 frg 4
ARGLOG Carmack t  57.3 pos '2328.7 -183.3  24.0' spd 321.2 yaw 166.1 mode 2 st 0 gl 0 hp 84 frg 2
ARGEVT Romero hazard
ARGLOG Joe Rogan t  57.6 pos '2224.0 -2157.6  88.0' spd  26.1 yaw 23 mode 2 st 0 gl 0 hp 100 frg 0
ARGLOG Romero t  57.8 pos '2037.8 -47.0  24.0' spd 320.1 yaw 333.2 mode 2 st 2 gl 1 hp 88 frg 4
ARGLOG Carmack t  57.8 pos '2408.0 -159.0  24.0' spd 354.7 yaw 156.6 mode 2 st 0 gl 0 hp 84 frg 2
ARGUS Carmack wallslide
ARGEVT Carmack grab item_health
ARGLOG Joe Rogan t  58.1 pos '2232.0 -2160.0  88.0' spd 0 yaw 24 mode 2 st 0 gl 0 hp 100 frg 0
ARGEVT Joe Rogan stall
ARGEVT Joe Rogan stallnode '2273.0 -1975.0 120.0'
ARGEVT Joe Rogan jump
ARGUS routecache adopt
ARGEVT Joe Rogan route 3 start '2177.0 -2071.0  88.0' goal '2465.0 -1975.0 120.0'
ARGLOG Romero t  58.3 pos '2039.0 -134.4  24.0' spd 311.7 yaw 358.2 mode 2 st 2 gl 1 hp 88 frg 4
ARGLOG Carmack t  58.3 pos '2518.1 -186.5  32.0' spd 322.6 yaw 175.2 mode 2 st 0 gl 0 hp 84 frg 2
ARGLOG Joe Rogan t  58.6 pos '2232.0 -2160.0  88.0' spd 0 yaw 24 mode 2 st 1 gl 0 hp 100 frg 0
ARGUS Romero wallslide
ARGLOG Romero t  58.8 pos '2081.5  16.0  24.0' spd 159.6 yaw 336.8 mode 2 st 2 gl 1 hp 76 frg 4
ARGLOG Carmack t  58.8 pos '2545.9 -212.9  32.0' spd 127.3 yaw 155.6 mode 2 st 0 gl 0 hp 84 frg 2
ARGEVT Joe Rogan stall
ARGEVT Joe Rogan stallnode '2177.0 -2071.0  88.0'
ARGEVT Joe Rogan jump
ARGEVT Joe Rogan goal weapon_rocketlauncher
ARGEVT Joe Rogan route 5 start '2177.0 -2071.0  88.0' goal '2465.0 -1719.0  24.0'
ARGLOG Joe Rogan t  59.1 pos '2222.3 -2170.8  88.0' spd 201.1 yaw 225.7 mode 2 st 2 gl 0 hp 100 frg 0
ARGEVT Joe Rogan hazard
ARGEVT Romero hazard
ARGLOG Romero t  59.3 pos '2180.3  76.9  24.0' spd 133.8 yaw 325.0 mode 0 st 2 gl 1 hp 76 frg 4
ARGEVT Romero route 6 start '2145.0 105.0  24.0' goal '2369.0 -567.0  56.0'
ARGLOG Carmack t  59.3 pos '2543.5 -206.8  32.0' spd  19.2 yaw 145.4 mode 2 st 0 gl 0 hp 76 frg 2
ARGUS Joe Rogan wallslide
ARGEVT Carmack grab item_health
ARGLOG Joe Rogan t  59.6 pos '2232.0 -2308.5  88.0' spd  17.2 yaw  27.9 mode 2 st 2 gl 0 hp 100 frg 0
ARGEVT Carmack hazard
ARGLOG Romero t  59.8 pos '2118.1 -68.4  24.0' spd 326.2 yaw 343.1 mode 2 st 2 gl 1 hp 76 frg 4
ARGLOG Carmack t  59.8 pos '2556.0 -171.4  32.0' spd 129.5 yaw 156.6 mode 2 st 0 gl 0 hp 60 frg 2
ARGLOG Joe Rogan t  60.1 pos '2232.0 -2170.5  88.0' spd 363.7 yaw 25 mode 2 st 2 gl 0 hp 100 frg 0
ARGLOG Romero t  60.3 pos '2112.1 -232.1  24.0' spd 324.2 yaw   3.2 mode 2 st 2 gl 1 hp 76 frg 4
ARGUS Romero wallslide
ARGLOG Carmack t  60.3 pos '2547.3 -169.0  32.0' spd  37.1 yaw 180.1 mode 2 st 0 gl 0 hp 56 frg 2
ARGLOG Joe Rogan t  60.6 pos '2232.0 -2160.0  88.0' spd 0 yaw 24 mode 2 st 2 gl 0 hp 100 frg 0
ARGLOG Romero t  60.8 pos '2184.1 -322.8  24.0' spd 320.1 yaw  17.3 mode 2 st 2 gl 1 hp 76 frg 4
ARGLOG Carmack t  60.8 pos '2543.8 -167.9  32.0' spd  48.0 yaw 195.1 mode 2 st 0 gl 0 hp 52 frg 2
ARGEVT Joe Rogan stall
ARGEVT Joe Rogan stallnode '2177.0 -1975.0  72.0'
ARGEVT Joe Rogan jump
ARGEVT Carmack grab item_health
ARGEVT Carmack pursue
ARGEVT Joe Rogan route 5 start '2177.0 -2071.0  88.0' goal '2465.0 -1719.0  24.0'
ARGEVT Romero pursue
ARGLOG Joe Rogan t  61.1 pos '2232.0 -2160.0  91.4' spd 0 yaw  51.5 mode 2 st 3 gl 0 hp 100 frg 0
ARGEVT Joe Rogan hazard
ARGLOG Romero t  61.3 pos '2309.4 -399.6   8.0' spd 352.4 yaw 44 mode 2 st 2 gl 1 hp 76 frg 4
ARGLOG Carmack t  61.4 pos '2477.5 -231.4  24.0' spd 330.2 yaw 191 mode 2 st 0 gl 0 hp 52 frg 2
ARGUS Carmack wallslide
ARGLOG Joe Rogan t  61.6 pos '2232.0 -2160.0  88.0' spd 0 yaw 24 mode 2 st 3 gl 0 hp 100 frg 0
ARGEVT Joe Rogan stall
ARGEVT Joe Rogan stallnode '2177.0 -1975.0  72.0'
ARGEVT Joe Rogan jump
ARGEVT Joe Rogan goal item_health
ARGEVT Joe Rogan route 2 start '2177.0 -2071.0  88.0' goal '2401.0 -1975.0 120.0'
ARGEVT Romero route 2 start '2465.0 -407.0   8.0' goal '2369.0 -567.0  56.0'
ARGLOG Romero t  61.8 pos '2475.7 -385.5   8.0' spd 320.3 yaw  71.7 mode 2 st 2 gl 1 hp 76 frg 4
ARGLOG Carmack t  61.9 pos '2541.3 -205.1  32.0' spd 349.9 yaw 254.1 mode 2 st 0 gl 0 hp 52 frg 2
ARGUS Romero wallslide
ARGEVT Romero hazard
ARGEVT Carmack pursue
ARGEVT Romero pursue
ARGUS Carmack hunch item_armorInv
ARGEVT Carmack hazard
ARGLOG Joe Rogan t  62.1 pos '2198.1 -2101.7  88.0' spd 389.9 yaw  56.7 mode 2 st 4 gl 0 hp 100 frg 0
ARGEVT Carmack goal item_health
ARGEVT Carmack jump
ARGEVT Carmack route 5 start '2529.0 -183.0  32.0' goal '2593.0 -247.0 120.0'
ARGUS Romero hunch item_armorInv
ARGEVT Joe Rogan jump
ARGEVT Carmack pursue
ARGEVT Romero goal item_armorInv
ARGLOG Romero t  62.3 pos '2511.3 -321.0   8.0' spd 137.5 yaw 287.2 mode 0 st 2 gl 1 hp 76 frg 4
ARGEVT Romero route 3 start '2529.0 -343.0  24.0' goal '2369.0 -567.0  56.0'
ARGLOG Carmack t  62.4 pos '2576.0 -220.4  37.3' spd  56.2 yaw 128.5 mode 2 st 0 gl 0 hp 52 frg 2
ARGEVT Romero pursue
ARGLOG Joe Rogan t  62.6 pos '2230.1 -1968.0 131.6' spd  35.8 yaw 358 mode 2 st 4 gl 0 hp 100 frg 0
ARGEVT Joe Rogan hazard
ARGLOG Romero t  62.8 pos '2454.8 -397.3   8.0' spd 206.3 yaw 158.1 mode 2 st 2 gl 1 hp 76 frg 4
ARGLOG Carmack t  62.9 pos '2451.1 -175.6  24.0' spd 101.7 yaw 244.7 mode 1 st 0 gl 0 hp 52 frg 2
ARGEVT Carmack jump
ARGEVT Romero weapon axe
ARGLOG Joe Rogan t  63.1 pos '2230.0 -1968.0 120.0' spd   5.8 yaw 358 mode 2 st 4 gl 0 hp 100 frg 0
ARGEVT Romero hazard
ARGLOG Romero t  63.3 pos '2517.6 -316.7  24.0' spd 249.1 yaw  93.9 mode 2 st 2 gl 1 hp 76 frg 4
ARGEVT Carmack pursue
ARGLOG Carmack t  63.4 pos '2510.5 -206.3  66.6' spd  34.3 yaw 271.3 mode 1 st 0 gl 0 hp 92 frg 2
ARGEVT Romero pursue
ARGLOG Joe Rogan t  63.6 pos '2227.1 -1968.0 120.0' spd   5.8 yaw 358 mode 2 st 4 gl 0 hp 100 frg 0
ARGEVT Carmack hazard
ARGEVT Joe Rogan stall
ARGEVT Joe Rogan stallnode '2401.0 -1975.0 120.0'
ARGEVT Joe Rogan jump
ARGEVT Carmack jump
ARGLOG Romero t  63.9 pos '2356.0 -347.0   8.0' spd 344.2 yaw 168.6 mode 2 st 2 gl 1 hp 76 frg 4
ARGLOG Carmack t  63.9 pos '2550.7 -238.6  48.0' spd 328.0 yaw 358.1 mode 1 st 0 gl 0 hp 92 frg 2
ARGEVT Joe Rogan route 3 start '2177.0 -1975.0  72.0' goal '2401.0 -1975.0 120.0'
ARGUS Carmack wallslide
ARGLOG Joe Rogan t  64.1 pos '2232.0 -1969.1 163.6' spd  10.6 yaw 358 mode 2 st 5 gl 0 hp 100 frg 0
ARGEVT Romero route 4 start '2209.0 -279.0  24.0' goal '2369.0 -567.0  56.0'
ARGEVT Carmack pursue
ARGEVT Romero pursue
ARGEVT Carmack grab weapon_nailgun
ARGLOG Romero t  64.4 pos '2221.4 -242.6  24.0' spd 384.1 yaw  43.0 mode 2 st 2 gl 1 hp 76 frg 4
ARGLOG Carmack t  64.4 pos '2555.5 -160.5  32.0' spd 326.4 yaw 166.0 mode 1 st 0 gl 0 hp 92 frg 2
ARGEVT Joe Rogan hazard
ARGEVT Joe Rogan stall
ARGEVT Joe Rogan stallnode '2177.0 -2071.0  88.0'
ARGEVT Joe Rogan jump
ARGEVT Joe Rogan goal item_armor2
ARGEVT Joe Rogan route 20 start '2177.0 -1975.0  72.0' goal '2049.0 -983.0  32.0'
ARGEVT Carmack jump
ARGLOG Joe Rogan t  64.7 pos '2228.7 -1989.6 150.2' spd  81.1 yaw 217.2 mode 2 st 6 gl 0 hp 100 frg 0
ARGEVT Joe Rogan abandon
ARGLOG Romero t  64.9 pos '2383.6 -166.2  24.0' spd 404.3 yaw 328.9 mode 2 st 2 gl 1 hp 76 frg 4
ARGLOG Carmack t  64.9 pos '2437.4 -248.0  63.4' spd   3.0 yaw 111.6 mode 1 st 0 gl 0 hp 92 frg 2
ARGEVT Joe Rogan goal item_health
ARGEVT Carmack hazard
ARGEVT Joe Rogan route 19 start '2177.0 -2071.0  88.0' goal '2049.0 -983.0 344.0'
ARGUS Carmack bodyblock
ARGUS Romero bodyblock
ARGLOG Joe Rogan t  65.2 pos '2214.7 -2000.0 121.4' spd  33.5 yaw 212.5 mode 2 st 6 gl 0 hp 100 frg 0
ARGLOG Romero t  65.4 pos '2419.9 -200.9  24.0' spd 218.6 yaw 274.6 mode 2 st 2 gl 1 hp 67 frg 4
ARGLOG Carmack t  65.4 pos '2452.4 -237.1  55.5' spd 224.4 yaw 118.6 mode 1 st 0 gl 0 hp 92 frg 2
ARGEVT Joe Rogan hazard
ARGUS Romero wallslide
ARGEVT Carmack jump
ARGLOG Joe Rogan t  65.7 pos '2150.6 -1918.1  40.0' spd 335.3 yaw 49 mode 2 st 6 gl 0 hp 100 frg 0
ARGLOG Romero t  65.9 pos '2499.4 -203.3  24.0' spd 315.1 yaw  39.7 mode 2 st 2 gl 1 hp 49 frg 4
ARGLOG Carmack t  65.9 pos '2542.4 -170.8  40.5' spd 226.9 yaw 217.1 mode 1 st 0 gl 0 hp 92 frg 2
ARGEVT Carmack hazard
ARGLOG Joe Rogan t  66.2 pos '2311.7 -1844.8  24.0' spd 362.9 yaw 75 mode 2 st 6 gl 0 hp 100 frg 0
ARGEVT Carmack grab item_spikes
ARGLOG Romero t  66.4 pos '2540.5 -195.6  32.0' spd  80.6 yaw 350.4 mode 2 st 2 gl 1 hp 22 frg 4
ARGLOG Carmack t  66.4 pos '2576.9 -203.8  32.0' spd 0 yaw 170.1 mode 1 st 0 gl 0 hp 72 frg 2
ARGEVT Romero death Carmack pos '2534.5 -191.8  32.0'
ARGUS Carmack watch spawn
ARGLOG Joe Rogan t  66.7 pos '2474.1 -1788.7  24.0' spd 433.0 yaw 103 mode 2 st 6 gl 0 hp 100 frg 0
ARGEVT Carmack goal item_armorInv
ARGEVT Carmack route 6 start '2529.0 -183.0  32.0' goal '2369.0 -567.0  56.0'
ARGLOG Carmack t  66.9 pos '2576.9 -203.8  32.0' spd 0 yaw 192 mode 2 st 0 gl 0 hp 52 frg 3
ARGLOG Joe Rogan t  67.2 pos '2453.9 -1614.1  24.0' spd 320.7 yaw 87 mode 2 st 6 gl 0 hp 100 frg 0
ARGEVT Carmack stall
ARGEVT Carmack stallnode '2433.0 -183.0  24.0'
ARGLOG Carmack t  67.4 pos '2576.9 -203.8  32.0' spd 0 yaw 189.6 mode 0 st 1 gl 0 hp 52 frg 3
ARGUS routecache adopt
ARGEVT Carmack route 6 start '2529.0 -183.0  32.0' goal '2369.0 -567.0  56.0'
ARGLOG Joe Rogan t  67.7 pos '2431.2 -1452.4  24.0' spd 323.7 yaw 85 mode 2 st 6 gl 0 hp 100 frg 0
ARGEVT Joe Rogan route 14 start '2465.0 -1431.0  24.0' goal '2049.0 -983.0 344.0'
ARGLOG Carmack t  67.9 pos '2576.9 -203.8  32.0' spd 0 yaw 192 mode 2 st 1 gl 0 hp 52 frg 3
ARGEVT Carmack stall
ARGEVT Carmack stallnode '2433.0 -183.0  24.0'
ARGEVT Romero respawn
ARGEVT Romero goal item_armor2
ARGLOG Romero t  68.2 pos '2544.0 -32.0 -64.0' spd 0 yaw 184.5 mode 0 st 2 gl 1 hp 100 frg 4
ARGEVT Romero route 1 start '2561.0 -23.0 -64.0' goal '2817.0 -55.0 -72.0'
ARGLOG Joe Rogan t  68.2 pos '2447.6 -1296.0  24.0' spd  23.6 yaw 87 mode 2 st 6 gl 0 hp 100 frg 0
ARGEVT Carmack goal item_health
ARGEVT Carmack route 6 start '2529.0 -183.0  32.0' goal '2561.0 233.0 -72.0'
ARGEVT Romero door
ARGLOG Carmack t  68.4 pos '2576.9 -203.8  32.0' spd 0 yaw 160 mode 2 st 2 gl 0 hp 52 frg 3
ARGEVT Romero hazard
ARGEVT Romero route 2 start '2465.0 -55.0 -72.0' goal '2817.0 -55.0 -72.0'
ARGLOG Romero t  68.7 pos '2406.2 -73.9 -72.0' spd 331.7 yaw 205.9 mode 2 st 2 gl 1 hp 100 frg 4
ARGLOG Joe Rogan t  68.7 pos '2461.6 -1156.9  24.0' spd 320.1 yaw 89 mode 2 st 6 gl 0 hp 100 frg 0
ARGUS Romero wallslide
ARGEVT Carmack stall
ARGEVT Carmack stallnode '2433.0 -183.0  24.0'
ARGEVT Joe Rogan lift
ARGEVT Carmack route 6 start '2529.0 -183.0  32.0' goal '2561.0 233.0 -72.0'
ARGLOG Carmack t  68.9 pos '2576.9 -203.8  32.0' spd 0 yaw 160 mode 2 st 3 gl 0 hp 52 frg 3
ARGEVT Joe Rogan board
ARGLOG Romero t  69.2 pos '2243.3 -125.0 -136.0' spd 382.8 yaw 277 mode 2 st 2 gl 1 hp 100 frg 4
ARGLOG Joe Rogan t  69.2 pos '2468.1 -1008.3  43.0' spd 0 yaw 63 mode 2 st 6 gl 0 hp 100 frg 0
ARGEVT Romero route 4 start '2241.0 -183.0 -136.0' goal '2817.0 -55.0 -72.0'
ARGLOG Carmack t  69.5 pos '2576.9 -203.8  32.0' spd 0 yaw 160 mode 2 st 3 gl 0 hp 52 frg 3
ARGEVT Romero hazard
ARGEVT Carmack stall
ARGEVT Carmack stallnode '2433.0 -183.0  24.0'
ARGLOG Romero t  69.7 pos '2231.8 -208.0 -136.0' spd 313.3 yaw 316 mode 2 st 2 gl 1 hp 100 frg 4
ARGEVT Carmack plan powerup via weapon
ARGEVT Carmack goal weapon_grenadelauncher
ARGLOG Joe Rogan t  69.7 pos '2469.6 -906.5 120.0' spd 160.5 yaw 65 mode 2 st 6 gl 0 hp 100 frg 0
ARGEVT Carmack route 10 start '2529.0 -183.0  32.0' goal '2049.0 -919.0 344.0'
ARGLOG Carmack t  70.0 pos '2576.9 -203.8  32.0' spd 0 yaw 160 mode 2 st 4 gl 0 hp 52 frg 3
ARGLOG Romero t  70.2 pos '2246.4 -213.9 -136.0' spd 195.5 yaw 36 mode 2 st 2 gl 1 hp 100 frg 4
ARGEVT Carmack stall
ARGEVT Carmack stallnode '2433.0 -183.0  24.0'
ARGLOG Joe Rogan t  70.2 pos '2558.5 -772.4 120.0' spd 326.4 yaw 85 mode 2 st 6 gl 0 hp 100 frg 0
ARGUS routecache adopt
ARGEVT Carmack route 10 start '2529.0 -183.0  32.0' goal '2049.0 -919.0 344.0'
ARGUS Romero wallslide
ARGLOG Carmack t  70.5 pos '2576.9 -203.8  32.0' spd 0 yaw 160 mode 2 st 5 gl 0 hp 52 frg 3
ARGEVT Joe Rogan route 9 start '2593.0 -631.0 120.0' goal '2049.0 -983.0 344.0'
ARGUS Joe Rogan wallslide
ARGLOG Romero t  70.7 pos '2289.3 -70.7 -120.0' spd 392.7 yaw 9 mode 2 st 2 gl 1 hp 100 frg 4
ARGLOG Joe Rogan t  70.7 pos '2576.2 -599.5 120.0' spd 321.0 yaw 87 mode 2 st 6 gl 0 hp 100 frg 0
ARGEVT Carmack stall
ARGEVT Carmack stallnode '2433.0 -183.0  24.0'
ARGLOG Carmack t  71.0 pos '2576.9 -203.8  32.0' spd 0 yaw 141.6 mode 0 st 6 gl 0 hp 52 frg 3
ARGEVT Carmack plan powerup via weapon
ARGEVT Carmack goal weapon_supershotgun
ARGEVT Carmack route 18 start '2529.0 -183.0  32.0' goal '2721.0 -2327.0 120.0'
ARGLOG Romero t  71.2 pos '2450.6  14.5 -72.0' spd 333.5 yaw 350 mode 2 st 2 gl 1 hp 100 frg 4
ARGLOG Joe Rogan t  71.2 pos '2582.4 -436.0 120.0' spd 366.1 yaw 133.4 mode 0 st 6 gl 0 hp 100 frg 0
ARGEVT Joe Rogan route 8 start '2593.0 -375.0 120.0' goal '2049.0 -983.0 344.0'
ARGLOG Carmack t  71.5 pos '2576.9 -203.8  32.0' spd 0 yaw 160 mode 2 st 6 gl 0 hp 52 frg 3
ARGEVT Carmack stall
ARGEVT Carmack stallnode '2433.0 -183.0  24.0'
ARGLOG Romero t  71.7 pos '2611.6 -20.0 -72.0' spd 324.0 yaw 357 mode 1 st 2 gl 1 hp 100 frg 4
ARGLOG Joe Rogan t  71.7 pos '2557.5 -304.0 136.0' spd  81.2 yaw 68 mode 2 st 6 gl 0 hp 100 frg 0
ARGEVT Carmack route 18 start '2529.0 -183.0  32.0' goal '2721.0 -2327.0 120.0'
ARGLOG Carmack t  72.0 pos '2576.9 -203.8  32.0' spd 0 yaw 160 mode 2 st 7 gl 0 hp 52 frg 3
ARGUS Joe Rogan bodyblock
backup past 0
ARGLOG Romero t  72.2 pos '2772.6 -33.9 -72.0' spd 337.3 yaw  25.0 mode 1 st 2 gl 1 hp 100 frg 4
ARGLOG Joe Rogan t  72.2 pos '2630.1 -183.7 120.0' spd 321.0 yaw 78 mode 2 st 6 gl 0 hp 100 frg 0
ARGEVT Joe Rogan hazard
ARGEVT Romero hazard
ARGUS Carmack wallslide
ARGLOG Carmack t  72.5 pos '2453.4 -144.0  24.0' spd 150.8 yaw  62.3 mode 2 st 7 gl 0 hp 52 frg 3
ARGUS Joe Rogan wallslide
ARGLOG Romero t  72.7 pos '1328.6 -1024.0 352.0' spd 300 yaw 33 mode 1 st 2 gl 1 hp 100 frg 4
ARGLOG Joe Rogan t  72.8 pos '2639.6 -21.2 120.0' spd 211.6 yaw 357 mode 2 st 6 gl 0 hp 100 frg 0
ARGEVT Carmack hazard
ARGLOG Carmack t  73.0 pos '2555.8 -165.1  32.0' spd  81.5 yaw 149 mode 2 st 7 gl 0 hp 52 frg 3
ARGLOG Romero t  73.2 pos '1337.9 -1023.0 344.0' spd 343.3 yaw 34 mode 1 st 2 gl 1 hp 100 frg 4
ARGLOG Joe Rogan t  73.3 pos '2640.0 -25.2 120.0' spd  36.5 yaw 358 mode 2 st 6 gl 0 hp 100 frg 0
ARGUS Carmack wallslide
ARGLOG Carmack t  73.5 pos '2410.8 -144.0  24.0' spd 369.7 yaw  94.8 mode 2 st 7 gl 0 hp 52 frg 3
ARGEVT Romero hazard
ARGUS Romero wallslide
ARGLOG Romero t  73.7 pos '1423.5 -976.0 344.0' spd   7.7 yaw 104.4 mode 1 st 2 gl 1 hp 100 frg 4
ARGLOG Joe Rogan t  73.8 pos '2640.0 -27.4 120.0' spd   0.8 yaw 359 mode 2 st 6 gl 0 hp 100 frg 0
ARGUS Joe Rogan wallslide
ARGLOG Carmack t  74.0 pos '2462.9 -144.0  24.0' spd 334.2 yaw 18 mode 2 st 7 gl 0 hp 52 frg 3
ARGEVT Carmack hazard
ARGLOG Romero t  74.2 pos '1338.2 -874.2 344.0' spd 412.3 yaw  52.8 mode 1 st 2 gl 1 hp 100 frg 4
ARGLOG Joe Rogan t  74.3 pos '2640.0 -29.4 120.0' spd 0 yaw 360 mode 2 st 6 gl 0 hp 100 frg 0
ARGLOG Carmack t  74.5 pos '2545.3 -153.0  32.0' spd 327.2 yaw 144.8 mode 2 st 7 gl 0 hp 52 frg 3
ARGUS Carmack wallslide
ARGLOG Romero t  74.8 pos '1364.6 -698.4 344.0' spd 354.6 yaw 130.5 mode 1 st 2 gl 1 hp 100 frg 4
ARGLOG Joe Rogan t  74.8 pos '2640.0 -29.4 120.0' spd 0 yaw 360 mode 2 st 6 gl 0 hp 100 frg 0
ARGUS Joe Rogan wallslide
ARGLOG Carmack t  75.0 pos '2390.9 -144.0  24.0' spd  14.0 yaw  36.0 mode 2 st 7 gl 0 hp 52 frg 3
ARGLOG Romero t  75.3 pos '1309.9 -535.3 247.5' spd 328.5 yaw 18 mode 1 st 2 gl 1 hp 100 frg 4
ARGLOG Joe Rogan t  75.3 pos '2640.0 -31.8 120.0' spd   5.5 yaw 216 mode 2 st 6 gl 0 hp 100 frg 0
ARGEVT Carmack hazard
ARGLOG Carmack t  75.5 pos '2526.9 -144.0  32.0' spd  28.5 yaw 150 mode 2 st 7 gl 0 hp 52 frg 3
ARGUS Carmack wallslide
ARGUS Romero wallslide
ARGLOG Romero t  75.8 pos '1360.0 -401.6 184.0' spd 185.5 yaw 14 mode 1 st 2 gl 1 hp 100 frg 4
ARGLOG Joe Rogan t  75.8 pos '2640.0 -34.4 120.0' spd   4.7 yaw 216 mode 2 st 6 gl 0 hp 100 frg 0
ARGEVT Joe Rogan stall
ARGEVT Joe Rogan stallnode '2817.0 -55.0 -72.0'
ARGEVT Joe Rogan jump
ARGEVT Joe Rogan route 7 start '2561.0 -23.0 120.0' goal '2049.0 -983.0 344.0'
ARGLOG Carmack t  76.1 pos '2377.3 -144.0  24.0' spd 341.8 yaw 95 mode 2 st 7 gl 0 hp 52 frg 3
ARGEVT Joe Rogan engage Carmack
ARGEVT Carmack engage Joe Rogan
ARGUS Joe Rogan leadclip
ARGLOG Romero t  76.3 pos '1501.1 -336.3 184.0' spd 325.1 yaw 13 mode 1 st 2 gl 1 hp 100 frg 4
ARGLOG Joe Rogan t  76.3 pos '2640.0 -55.3 152.2' spd  45.9 yaw 200.5 mode 2 st 7 gl 0 hp 100 frg 0
ARGEVT Carmack pursue
ARGLOG Carmack t  76.6 pos '2357.8 -238.0  24.0' spd 133.3 yaw  38.4 mode 2 st 7 gl 0 hp 52 frg 3
ARGLOG Romero t  76.8 pos '1667.4 -336.0 184.0' spd 327.5 yaw 15 mode 1 st 2 gl 1 hp 100 frg 4
ARGLOG Joe Rogan t  76.8 pos '2569.4   1.3 120.0' spd 470.2 yaw 225.1 mode 2 st 7 gl 0 hp 61 frg 0
ARGEVT Joe Rogan hazard
ARGEVT Joe Rogan pursue
ARGUS Joe Rogan wallslide
ARGUS Carmack hunch item_armorInv
ARGLOG Carmack t  77.1 pos '2487.8 -151.1  24.0' spd 270.8 yaw 256.0 mode 2 st 7 gl 0 hp 52 frg 3
ARGEVT Carmack goal weapon_rocketlauncher
ARGEVT Carmack routefail
ARGEVT Carmack pursue
ARGEVT Joe Rogan weapon sg
ARGLOG Romero t  77.3 pos '1833.5 -336.0 184.0' spd 332.6 yaw 17 mode 1 st 2 gl 1 hp 100 frg 4
ARGEVT Carmack goal item_health
ARGEVT Carmack route 6 start '2529.0 -183.0  32.0' goal '2017.0 -535.0 104.0'
ARGLOG Joe Rogan t  77.3 pos '2416.8 -62.4 104.0' spd 320.3 yaw 283.8 mode 2 st 7 gl 0 hp 61 frg 0
ARGEVT Romero hazard
ARGUS Romero wallslide
ARGEVT Carmack retreat
ARGLOG Carmack t  77.6 pos '2520.7 -193.6  32.0' spd 230.3 yaw 169.2 mode 2 st 7 gl 0 hp 28 frg 3
ARGEVT Joe Rogan weapon rl
ARGEVT Carmack hazard
ARGEVT Joe Rogan route 10 start '2337.0 -215.0  24.0' goal '2049.0 -983.0 344.0'
ARGLOG Romero t  77.8 pos '1872.2 -488.7 181.7' spd 322.1 yaw 299.4 mode 1 st 2 gl 1 hp 100 frg 4
ARGLOG Joe Rogan t  77.8 pos '2329.9 -213.4  41.4' spd 334.5 yaw 355.9 mode 2 st 7 gl 0 hp 52 frg 0
ARGUS Joe Rogan wallslide
ARGEVT Joe Rogan hazard
ARGLOG Carmack t  78.1 pos '2565.3 -153.6  32.0' spd  40.7 yaw 187.0 mode 2 st 7 gl 0 hp 28 frg 3
ARGEVT Carmack death Joe Rogan pos '2568.3 -162.2  32.0'
ARGUS Joe Rogan watch spawn
ARGEVT Joe Rogan goal item_artifact_super_damage
ARGLOG Romero t  78.3 pos '1900.4 -557.8  72.0' spd 186.4 yaw 38 mode 1 st 2 gl 1 hp 100 frg 4
ARGLOG Joe Rogan t  78.3 pos '2290.7 -144.0  24.4' spd   7.8 yaw  62.1 mode 0 st 7 gl 0 hp 43 frg 1
ARGEVT Joe Rogan routefail
ARGEVT Joe Rogan goal item_armorInv
ARGEVT Joe Rogan route 5 start '2241.0 -183.0  24.0' goal '2369.0 -567.0  56.0'
ARGLOG Romero t  78.8 pos '2032.1 -466.9 104.0' spd 320.1 yaw 39 mode 1 st 2 gl 1 hp 100 frg 4
ARGLOG Joe Rogan t  78.8 pos '2401.1 -149.3  24.0' spd 320.5 yaw 351 mode 2 st 7 gl 0 hp 34 frg 1
ARGEVT Romero hazard
ARGUS Romero wallslide
ARGEVT Joe Rogan hazard
ARGLOG Romero t  79.3 pos '2064.0 -313.1  92.9' spd 325.3 yaw 79 mode 1 st 2 gl 1 hp 100 frg 4
ARGLOG Joe Rogan t  79.3 pos '2550.7 -227.6  32.0' spd 341.4 yaw 227.4 mode 0 st 7 gl 0 hp 34 frg 1
ARGEVT Joe Rogan route 6 start '2529.0 -183.0  32.0' goal '2369.0 -567.0  56.0'
ARGUS Joe Rogan wallslide
ARGEVT Joe Rogan engage Romero
ARGUS Joe Rogan leadclip
ARGEVT Joe Rogan retreat
ARGEVT Romero engage Joe Rogan
ARGEVT Carmack respawn
ARGEVT Carmack goal item_armorInv
ARGLOG Carmack t  79.8 pos '2704.0 -2048.0 128.0' spd 0 yaw 265.2 mode 0 st 7 gl 0 hp 100 frg 3
ARGLOG Romero t  79.8 pos '2072.2 -154.7  24.0' spd 323.8 yaw 356.8 mode 1 st 2 gl 1 hp 100 frg 4
ARGEVT Carmack route 32 start '2721.0 -2103.0 120.0' goal '2465.0 -1975.0 120.0'
ARGLOG Joe Rogan t  79.9 pos '2551.6 -237.6  32.0' spd 306.4 yaw 161.4 mode 2 st 7 gl 0 hp 34 frg 1
ARGLOG Carmack t  80.3 pos '2677.4 -2193.9 120.0' spd 321.1 yaw 231 mode 2 st 7 gl 0 hp 100 frg 3
ARGLOG Romero t  80.4 pos '2121.6   2.9  24.0' spd 324.0 yaw 343.1 mode 1 st 2 gl 1 hp 100 frg 4
ARGLOG Joe Rogan t  80.4 pos '2549.5 -186.8  32.0' spd  79.3 yaw 159.6 mode 2 st 7 gl 0 hp 34 frg 1
ARGUS Carmack wallslide
ARGLOG Carmack t  80.8 pos '2572.2 -2306.0 120.0' spd 347.6 yaw 233 mode 2 st 7 gl 0 hp 100 frg 3
ARGLOG Romero t  80.9 pos '2117.8 -63.7  24.0' spd 320.4 yaw 338.8 mode 1 st 2 gl 1 hp 100 frg 4
ARGLOG Joe Rogan t  80.9 pos '2521.3 -204.1  32.0' spd 320.9 yaw 176.6 mode 2 st 7 gl 0 hp 34 frg 1
ARGEVT Joe Rogan hazard
ARGUS Joe Rogan wallslide
ARGLOG Carmack t  81.3 pos '2402.1 -2341.8 120.0' spd 438.2 yaw 138 mode 2 st 7 gl 0 hp 100 frg 3
ARGLOG Romero t  81.4 pos '2054.7 -240.0  69.0' spd 511.0 yaw 352.3 mode 1 st 2 gl 1 hp 57 frg 4
ARGLOG Joe Rogan t  81.4 pos '2389.4 -239.7  24.0' spd 421.4 yaw 179.8 mode 2 st 7 gl 0 hp 34 frg 1
ARGUS Joe Rogan leadclip
ARGEVT Romero grab item_health
ARGEVT Joe Rogan weapon ng
ARGEVT Carmack hazard
ARGLOG Carmack t  81.8 pos '2450.4 -2496.5 120.0' spd 379.1 yaw  24.3 mode 0 st 7 gl 0 hp 100 frg 3
ARGUS routecache adopt
ARGEVT Carmack route 29 start '2433.0 -2487.0 120.0' goal '2465.0 -1975.0 120.0'
ARGLOG Romero t  81.9 pos '1969.7 -260.3  40.0' spd 183.8 yaw   3.5 mode 1 st 2 gl 1 hp 57 frg 4
ARGLOG Joe Rogan t  81.9 pos '2281.7 -231.8  24.0' spd 320.7 yaw 199.7 mode 2 st 7 gl 0 hp 14 frg 1
ARGUS Carmack wallslide
ARGUS routecache adopt
ARGEVT Carmack route 29 start '2433.0 -2487.0 120.0' goal '2465.0 -1975.0 120.0'
ARGEVT Romero grab item_health
ARGEVT Romero pursue
ARGEVT Joe Rogan pursue
ARGLOG Carmack t  82.3 pos '2448.0 -2338.0 120.0' spd 424.2 yaw 139 mode 2 st 7 gl 0 hp 100 frg 3
ARGLOG Romero t  82.4 pos '2024.3 -338.8 175.3' spd 135.3 yaw 22 mode 1 st 2 gl 1 hp 26 frg 4
ARGLOG Joe Rogan t  82.4 pos '2237.2 -153.4  24.0' spd 348.2 yaw 204 mode 2 st 7 gl 0 hp 14 frg 1
ARGUS Romero hunch item_armorInv
ARGEVT Romero goal item_health
ARGEVT Joe Rogan grab item_health
ARGLOG Carmack t  82.8 pos '2403.2 -2365.2 120.0' spd 327.7 yaw 137 mode 2 st 7 gl 0 hp 100 frg 3
ARGLOG Romero t  82.9 pos '2064.0 -377.6 151.4' spd  89.6 yaw 194.2 mode 1 st 2 gl 1 hp 26 frg 4
ARGLOG Joe Rogan t  82.9 pos '2066.3 -178.1  24.0' spd 350.4 yaw 242.7 mode 0 st 7 gl 0 hp 14 frg 1
ARGEVT Joe Rogan route 6 start '2017.0 -183.0  24.0' goal '2369.0 -567.0  56.0'
ARGEVT Joe Rogan retreat
ARGEVT Carmack hazard
ARGEVT Carmack route 29 start '2433.0 -2487.0 120.0' goal '2465.0 -1975.0 120.0'
ARGEVT Romero grab item_health
ARGLOG Carmack t  83.4 pos '2464.2 -2494.2 120.0' spd 336.5 yaw  10.4 mode 0 st 7 gl 0 hp 100 frg 3
ARGEVT Joe Rogan hazard
ARGLOG Romero t  83.4 pos '2013.0 -479.4 104.0' spd 328.6 yaw 102.3 mode 1 st 2 gl 1 hp 51 frg 4
ARGLOG Joe Rogan t  83.4 pos '1922.7 -96.3  24.0' spd 319.7 yaw 270.6 mode 2 st 7 gl 0 hp 14 frg 1
ARGUS routecache adopt
ARGEVT Carmack route 29 start '2433.0 -2487.0 120.0' goal '2465.0 -1975.0 120.0'
ARGUS Carmack wallslide
ARGEVT Romero hazard
ARGEVT Joe Rogan pursue
ARGEVT Romero pursue
ARGLOG Carmack t  83.9 pos '2454.9 -2321.7 120.0' spd 414.5 yaw 140 mode 2 st 7 gl 0 hp 100 frg 3
ARGLOG Romero t  83.9 pos '1984.3 -533.6 104.0' spd 302.8 yaw 98 mode 1 st 2 gl 1 hp 76 frg 4
ARGLOG Joe Rogan t  83.9 pos '1923.2 -110.4  24.0' spd 233.4 yaw 283 mode 2 st 7 gl 0 hp 14 frg 1
ARGEVT Joe Rogan death Romero pos '1928.5 -190.4  24.0'
ARGUS Romero watch spawn
ARGLOG Carmack t  84.4 pos '2378.5 -2347.8 120.0' spd 342.4 yaw 137 mode 2 st 7 gl 0 hp 100 frg 3
ARGEVT Romero goal item_armorInv
ARGEVT Romero route 8 start '2017.0 -375.0 104.0' goal '2369.0 -567.0  56.0'
ARGLOG Romero t  84.4 pos '1995.4 -373.3 104.0' spd 134.3 yaw 234.1 mode 2 st 2 gl 1 hp 73 frg 5
ARGUS Romero wallslide
ARGEVT Romero hazard
ARGLOG Carmack t  84.9 pos '2432.4 -2457.6 120.0' spd 320.1 yaw 293.4 mode 0 st 7 gl 0 hp 100 frg 3
ARGLOG Romero t  84.9 pos '1968.0 -404.3 104.0' spd 325.6 yaw 102 mode 2 st 2 gl 1 hp 73 frg 5
ARGEVT Carmack route 29 start '2433.0 -2487.0 120.0' goal '2465.0 -1975.0 120.0'
ARGEVT Carmack hazard
ARGUS routecache adopt
ARGEVT Carmack route 28 start '1313.0 -1367.0 144.0' goal '2465.0 -1975.0 120.0'
ARGLOG Carmack t  85.4 pos '1360.0 -1376.0 144.0' spd 300 yaw 101 mode 2 st 7 gl 0 hp 100 frg 3
ARGLOG Romero t  85.4 pos '1968.0 -233.1  48.0' spd 334.5 yaw 350 mode 2 st 2 gl 1 hp 73 frg 5
ARGEVT Joe Rogan respawn
ARGEVT Joe Rogan goal backpack
ARGLOG Joe Rogan t  85.9 pos '2544.0 -32.0 -64.0' spd 0 yaw 184.8 mode 0 st 7 gl 0 hp 100 frg 1
ARGLOG Carmack t  85.9 pos '1379.9 -1342.9 136.0' spd 343.8 yaw 108 mode 2 st 7 gl 0 hp 100 frg 3
ARGEVT Joe Rogan route 7 start '2561.0 -23.0 -64.0' goal '1953.0 -215.0  24.0'
ARGLOG Romero t  86.0 pos '2103.1 -127.7  24.0' spd 482.5 yaw 280.2 mode 2 st 2 gl 1 hp 73 frg 5
ARGEVT Romero hazard
ARGEVT Joe Rogan hazard
ARGEVT Carmack jump
ARGLOG Joe Rogan t  86.4 pos '2410.5 -66.7 -72.0' spd 320.4 yaw 63 mode 2 st 7 gl 0 hp 100 frg 1
ARGLOG Carmack t  86.4 pos '1338.8 -1200.0 171.8' spd 111.3 yaw 104 mode 2 st 7 gl 0 hp 100 frg 3
ARGLOG Romero t  86.5 pos '2133.1 -331.3  24.0' spd 390.4 yaw 348 mode 2 st 2 gl 1 hp 73 frg 5
ARGUS Romero wallslide
ARGEVT Joe Rogan route 8 start '2305.0 -55.0 -120.0' goal '1953.0 -215.0  24.0'
ARGLOG Joe Rogan t  86.9 pos '2241.4 -96.0 -136.0' spd 331.4 yaw 230 mode 2 st 7 gl 0 hp 100 frg 1
ARGLOG Carmack t  86.9 pos '1284.0 -1180.3 169.3' spd 134.8 yaw 41 mode 2 st 7 gl 0 hp 100 frg 3
ARGLOG Romero t  87.0 pos '2200.0 -490.1   8.0' spd 453.1 yaw  33.8 mode 2 st 2 gl 1 hp 73 frg 5
ARGEVT Joe Rogan hazard
ARGEVT Joe Rogan route 9 start '2241.0 -183.0 -136.0' goal '1953.0 -215.0  24.0'
ARGLOG Joe Rogan t  87.4 pos '2219.4 -205.1 -136.0' spd 110.8 yaw 33 mode 2 st 7 gl 0 hp 100 frg 1
ARGLOG Carmack t  87.4 pos '1277.7 -1027.4 200.0' spd 320.5 yaw 40 mode 2 st 7 gl 0 hp 100 frg 3
ARGLOG Romero t  87.5 pos '2326.0 -346.8   8.0' spd 328.9 yaw 327 mode 2 st 2 gl 1 hp 73 frg 5
ARGUS Romero wallslide
ARGEVT Carmack route 26 start '1313.0 -1047.0 200.0' goal '2465.0 -1975.0 120.0'
ARGLOG Joe Rogan t  87.9 pos '2186.6 -87.1 -103.8' spd 407.2 yaw 11 mode 2 st 7 gl 0 hp 100 frg 1
ARGLOG Carmack t  87.9 pos '1344.1 -878.8 118.6' spd 362.3 yaw 239 mode 2 st 7 gl 0 hp 100 frg 3
ARGLOG Romero t  88.0 pos '2467.3 -337.2   8.0' spd 347.9 yaw 247 mode 2 st 2 gl 1 hp 73 frg 5
ARGEVT Romero hazard
ARGLOG Joe Rogan t  88.4 pos '2354.8 -15.2 -88.0' spd 321.0 yaw 18 mode 2 st 7 gl 0 hp 100 frg 1
ARGLOG Carmack t  88.4 pos '1337.1 -971.0  32.0' spd 346.2 yaw 28 mode 2 st 7 gl 0 hp 100 frg 3
ARGLOG Romero t  88.5 pos '2513.3 -458.2  24.0' spd 399.4 yaw 218 mode 2 st 2 gl 1 hp 73 frg 5
ARGEVT Romero door
ARGUS routecache adopt
ARGEVT Carmack route 23 start '1697.0 -663.0  24.0' goal '2465.0 -1975.0 120.0'
ARGUS Romero wallslide
ARGLOG Joe Rogan t  88.9 pos '2523.5  -9.1 -64.0' spd 346.0 yaw 81 mode 2 st 7 gl 0 hp 100 frg 1
ARGLOG Carmack t  88.9 pos '1696.0 -955.7  20.0' spd 300 yaw 81 mode 2 st 7 gl 0 hp 100 frg 3
ARGLOG Romero t  89.0 pos '2580.5 -527.9  32.0' spd 242.6 yaw 199 mode 2 st 2 gl 1 hp 73 frg 5
ARGEVT Romero jump
ARGUS Romero aircontrol
ARGLOG Joe Rogan t  89.4 pos '2625.8 128.7 -72.0' spd 365.5 yaw 144 mode 2 st 7 gl 0 hp 100 frg 1
ARGLOG Carmack t  89.4 pos '1696.6 -956.6  20.0' spd 189.7 yaw 81 mode 2 st 7 gl 0 hp 100 frg 3
ARGLOG Romero t  89.5 pos '2415.2 -528.0   8.0' spd 332.4 yaw 256 mode 2 st 2 gl 1 hp 73 frg 5
ARGEVT Romero jump
ARGLOG Joe Rogan t  89.9 pos '2518.1 265.8 -72.0' spd 344.7 yaw 181 mode 2 st 7 gl 0 hp 100 frg 1
ARGLOG Carmack t  89.9 pos '1699.7 -798.1  20.0' spd 320.1 yaw 78 mode 2 st 7 gl 0 hp 100 frg 3
ARGEVT Joe Rogan jump
ARGLOG Romero t  90.0 pos '2360.8 -528.0  39.5' spd  31.7 yaw 354 mode 1 st 2 gl 1 hp 73 frg 5
ARGUS Romero wallslide
ARGLOG Joe Rogan t  90.5 pos '2416.0 306.5 -37.1' spd  45.9 yaw 217 mode 2 st 7 gl 0 hp 100 frg 1
ARGLOG Carmack t  90.5 pos '1719.3 -636.3  24.0' spd 321.1 yaw 35 mode 2 st 7 gl 0 hp 100 frg 3
ARGLOG Romero t  90.5 pos '2411.5 -528.0   8.0' spd  69.0 yaw 260 mode 1 st 2 gl 1 hp 73 frg 5
ARGEVT Romero hazard
ARGLOG Joe Rogan t  91.0 pos '2288.6 245.0  24.0' spd 328.7 yaw 219 mode 2 st 7 gl 0 hp 100 frg 1
ARGLOG Carmack t  91.0 pos '1786.6 -482.2  24.0' spd 395.4 yaw 41 mode 2 st 7 gl 0 hp 100 frg 3
ARGUS Joe Rogan wallslide
ARGEVT Carmack hazard
ARGLOG Romero t  91.0 pos '2436.0 -528.0   8.0' spd  41.6 yaw 240.0 mode 1 st 2 gl 1 hp 73 frg 5
ARGUS Carmack wallslide
ARGEVT Carmack jump
ARGEVT Joe Rogan engage Carmack
ARGLOG Joe Rogan t  91.5 pos '2147.7 154.5  24.0' spd 353.5 yaw 224.6 mode 2 st 7 gl 0 hp 100 frg 1
ARGEVT Carmack engage Joe Rogan
ARGLOG Carmack t  91.5 pos '1948.3 -466.2 111.6' spd 320.4 yaw  74.5 mode 2 st 7 gl 0 hp 100 frg 3
ARGLOG Romero t  91.6 pos '2445.8 -528.0   8.0' spd  13.1 yaw 286 mode 1 st 2 gl 1 hp 73 frg 5
ARGEVT Romero hazard
ARGLOG Joe Rogan t  92.0 pos '2148.2   8.6  24.0' spd 335.7 yaw 261.2 mode 2 st 7 gl 0 hp 100 frg 1
ARGLOG Carmack t  92.0 pos '2019.0 -447.1 104.0' spd 320.1 yaw  78.1 mode 2 st 7 gl 0 hp 100 frg 3
ARGEVT Romero stall
ARGLOG Romero t  92.1 pos '2452.0 -528.0   8.0' spd   8.4 yaw 444.6 mode 0 st 3 gl 1 hp 73 frg 5
ARGEVT Romero jump
ARGEVT Romero route 2 start '2465.0 -503.0   8.0' goal '2369.0 -567.0  56.0'
ARGEVT Romero engage Joe Rogan
ARGEVT Romero grab item_armorInv
ARGLOG Joe Rogan t  92.5 pos '2274.5 -89.4  24.0' spd 199.7 yaw 238.9 mode 2 st 7 gl 0 hp 100 frg 1
ARGLOG Carmack t  92.5 pos '2049.1 -435.4 104.0' spd 116.7 yaw  56.5 mode 2 st 7 gl 0 hp 100 frg 3
ARGLOG Romero t  92.6 pos '2443.6 -528.0  39.3' spd  62.1 yaw 242.5 mode 2 st 3 gl 1 hp 73 frg 5
ARGEVT Carmack pursue
ARGEVT Joe Rogan pursue
ARGUS Romero wallslide
ARGLOG Joe Rogan t  93.0 pos '2170.2 -165.7  24.0' spd 312.1 yaw 231.8 mode 2 st 7 gl 0 hp 100 frg 1
ARGLOG Carmack t  93.0 pos '2048.5 -276.6  56.0' spd 353.8 yaw  54.3 mode 2 st 7 gl 0 hp 100 frg 3
ARGEVT Carmack grab 
ARGLOG Romero t  93.1 pos '2389.9 -528.0   8.0' spd  68.3 yaw 276.5 mode 2 st 3 gl 1 hp 73 frg 5
ARGEVT Romero hazard
ARGEVT Carmack hazard
ARGEVT Joe Rogan goal item_armorInv
ARGLOG Joe Rogan t  93.5 pos '2122.3 -110.4  24.0' spd 272.4 yaw 197.9 mode 0 st 7 gl 0 hp 76 frg 1
ARGLOG Carmack t  93.5 pos '1921.9 -139.5  24.0' spd 434.9 yaw  10.4 mode 2 st 7 gl 0 hp 97 frg 3
ARGEVT Joe Rogan route 6 start '2145.0 -119.0  24.0' goal '2369.0 -567.0  56.0'
ARGLOG Romero t  93.6 pos '2392.2 -528.0   8.0' spd   8.4 yaw 274.8 mode 2 st 3 gl 1 hp 73 frg 5
ARGUS Joe Rogan wallslide
ARGLOG Joe Rogan t  94.0 pos '2055.0 -240.1  40.0' spd 320.9 yaw 112.0 mode 2 st 7 gl 0 hp 76 frg 1
ARGLOG Carmack t  94.0 pos '1996.6   3.6  24.0' spd 333.6 yaw 276.3 mode 2 st 7 gl 0 hp 100 frg 3
ARGLOG Romero t  94.1 pos '2423.1 -488.6   8.0' spd 321.6 yaw  63.5 mode 2 st 3 gl 1 hp 73 frg 5
ARGEVT Romero pursue
ARGEVT Joe Rogan hazard
ARGLOG Joe Rogan t  94.5 pos '2064.0 -243.2  40.0' spd  13.6 yaw  72.0 mode 2 st 7 gl 0 hp 76 frg 1
ARGLOG Carmack t  94.5 pos '2153.9 -34.6  24.0' spd 338.3 yaw 262.8 mode 2 st 7 gl 0 hp 97 frg 3
ARGEVT Romero grab weapon_nailgun
ARGEVT Romero hazard
ARGLOG Romero t  94.6 pos '2407.6 -323.0   8.0' spd 397.1 yaw  56.5 mode 2 st 3 gl 1 hp 73 frg 5
ARGUS Romero wallslide
ARGLOG Joe Rogan t  95.0 pos '1986.3 -124.4  24.0' spd 353.0 yaw   4.3 mode 2 st 7 gl 0 hp 76 frg 1
ARGEVT Romero pursue
ARGLOG Carmack t  95.0 pos '2281.0 -148.7  24.0' spd 367.9 yaw 170.3 mode 2 st 7 gl 0 hp 97 frg 3
ARGLOG Romero t  95.1 pos '2367.1 -320.8   8.0' spd 291.1 yaw 249.2 mode 2 st 3 gl 1 hp 73 frg 5
ARGEVT Carmack hazard
ARGLOG Joe Rogan t  95.5 pos '1964.5 -88.3  24.0' spd 331.0 yaw 336.1 mode 2 st 7 gl 0 hp 67 frg 1
ARGLOG Carmack t  95.5 pos '2344.4 -197.6  24.0' spd 342.4 yaw 168.8 mode 2 st 7 gl 0 hp 97 frg 3
ARGLOG Romero t  95.6 pos '2409.8 -318.7   8.0' spd 322.7 yaw  55.5 mode 2 st 3 gl 1 hp 73 frg 5
ARGUS Carmack wallslide
ARGUS Romero wallslide
ARGEVT Romero pursue
ARGUS Joe Rogan wallslide
ARGLOG Joe Rogan t  96.0 pos '1956.1 -239.7  24.0' spd  82.3 yaw   5.8 mode 2 st 7 gl 0 hp 67 frg 1
ARGLOG Carmack t  96.0 pos '2347.2 -153.6  24.0' spd 222.6 yaw 203.9 mode 2 st 7 gl 0 hp 97 frg 3
ARGLOG Romero t  96.1 pos '2474.9 -388.3   8.0' spd 331.2 yaw 250 mode 2 st 3 gl 1 hp 73 frg 5
ARGEVT Carmack hazard
ARGLOG Joe Rogan t  96.5 pos '2026.7 -346.5  88.0' spd 330.2 yaw  28.8 mode 2 st 7 gl 0 hp 58 frg 1
ARGEVT Romero hazard
ARGLOG Carmack t  96.5 pos '2255.1 -171.1  24.0' spd 320.0 yaw 227.1 mode 2 st 7 gl 0 hp 97 frg 3
ARGEVT Romero abandon
ARGLOG Romero t  96.6 pos '2416.7 -511.5   8.0' spd 161.7 yaw  40.3 mode 0 st 3 gl 1 hp 73 frg 5
ARGEVT Carmack pursue
ARGEVT Romero goal item_health
ARGEVT Romero route 12 start '2465.0 -503.0   8.0' goal '2049.0 -983.0 344.0'
ARGLOG Joe Rogan t  97.0 pos '2063.2 -278.7  56.0' spd 312.2 yaw  46.7 mode 2 st 7 gl 0 hp 58 frg 1
ARGLOG Carmack t  97.0 pos '2102.8 -172.6  24.0' spd 278.0 yaw 228.7 mode 2 st 7 gl 0 hp 97 frg 3
ARGLOG Romero t  97.1 pos '2415.5 -354.7   8.0' spd 365.9 yaw 146 mode 2 st 3 gl 1 hp 73 frg 5
ARGUS Romero wallslide
ARGUS Romero hunch item_artifact_super_damage
ARGEVT Carmack route 19 start '2049.0 -87.0  24.0' goal '2465.0 -1975.0 120.0'
ARGEVT Romero pursue
ARGEVT Romero goal weapon_rocketlauncher
ARGLOG Joe Rogan t  97.5 pos '1988.9 -274.3  56.0' spd 169.6 yaw  94.0 mode 2 st 7 gl 0 hp 49 frg 1
ARGLOG Carmack t  97.5 pos '1969.7 -84.6  24.0' spd 346.0 yaw 266.9 mode 2 st 7 gl 0 hp 88 frg 3
ARGEVT Romero routefail
ARGLOG Romero t  97.6 pos '2426.6 -319.1   8.0' spd 353.8 yaw  25.8 mode 0 st 3 gl 1 hp 73 frg 5
ARGEVT Carmack hazard
ARGEVT Romero goal item_health
ARGEVT Romero route 12 start '2401.0 -343.0   8.0' goal '2049.0 -983.0 344.0'
ARGEVT Romero hazard
ARGEVT Joe Rogan retreat
ARGLOG Joe Rogan t  98.0 pos '2071.7 -195.6  24.0' spd 200.4 yaw 134.2 mode 2 st 7 gl 0 hp 31 frg 1
ARGLOG Carmack t  98.0 pos '1970.0 -87.9  24.0' spd 320.2 yaw 327.7 mode 2 st 7 gl 0 hp 88 frg 3
ARGLOG Romero t  98.2 pos '2544.9 -306.4  24.0' spd 186.0 yaw 166.7 mode 2 st 3 gl 1 hp 73 frg 5
ARGUS Joe Rogan wallslide
ARGLOG Joe Rogan t  98.6 pos '2037.4 -297.6  56.0' spd 320.9 yaw  75.7 mode 2 st 7 gl 0 hp 31 frg 1
ARGLOG Carmack t  98.6 pos '2125.8  -2.5  24.0' spd 354.8 yaw 255.1 mode 2 st 7 gl 0 hp 79 frg 3
ARGLOG Romero t  98.7 pos '2382.2 -313.1   8.0' spd 343.8 yaw 152.1 mode 2 st 3 gl 1 hp 73 frg 5
ARGUS Romero wallslide
ARGEVT Romero engage Carmack
ARGEVT Carmack jump
ARGLOG Joe Rogan t  99.1 pos '1983.8 -451.1 104.0' spd 320.0 yaw  52.0 mode 2 st 7 gl 0 hp 31 frg 1
ARGLOG Carmack t  99.1 pos '2305.4 -31.6  47.4' spd 334.8 yaw 245.1 mode 2 st 7 gl 0 hp 70 frg 3
ARGLOG Romero t  99.2 pos '2216.1 -300.8  24.0' spd 344.8 yaw 108.2 mode 2 st 3 gl 1 hp 73 frg 5
ARGEVT Joe Rogan pursue
ARGEVT Romero pursue
ARGLOG Joe Rogan t  99.6 pos '2006.1 -453.2 104.0' spd 320.7 yaw 64 mode 2 st 7 gl 0 hp 31 frg 1
ARGLOG Carmack t  99.6 pos '2349.0 -65.0  65.9' spd  53.3 yaw  33.5 mode 2 st 7 gl 0 hp 70 frg 3
ARGEVT Carmack pursue
ARGLOG Romero t  99.7 pos '2134.9 -179.4  24.0' spd 349.6 yaw  36.4 mode 2 st 3 gl 1 hp 73 frg 5
ARGUS Joe Rogan hunch item_artifact_super_damage
ARGEVT Joe Rogan hazard
ARGEVT Joe Rogan pursue
ARGEVT Carmack hazard
ARGEVT Joe Rogan goal item_health
ARGLOG Joe Rogan t 100.1 pos '2053.0 -354.2  88.0' spd 230.5 yaw 265.2 mode 0 st 7 gl 0 hp 31 frg 1
ARGLOG Carmack t 100.1 pos '2472.8 -80.0 120.0' spd 171.4 yaw 283.2 mode 2 st 7 gl 0 hp 70 frg 3
ARGEVT Joe Rogan route 6 start '2017.0 -375.0 104.0' goal '2593.0 -247.0 120.0'
ARGLOG Romero t 100.2 pos '2137.9 -15.3  24.0' spd 327.3 yaw 359.3 mode 2 st 3 gl 1 hp 73 frg 5
ARGLOG Joe Rogan t 100.6 pos '2061.6 -525.0 104.0' spd 258.8 yaw  12.1 mode 2 st 7 gl 0 hp 31 frg 1
ARGLOG Carmack t 100.6 pos '2395.7 -80.4  88.0' spd 202.9 yaw 218 mode 2 st 7 gl 0 hp 70 frg 3
ARGUS Carmack hunch item_artifact_super_damage
ARGLOG Romero t 100.7 pos '2176.3  94.5  24.0' spd 205.6 yaw 319.9 mode 2 st 3 gl 1 hp 73 frg 5
ARGEVT Carmack goal weapon_rocketlauncher
ARGEVT Carmack pursue
ARGUS Joe Rogan wallslide
ARGEVT Carmack route 12 start '2369.0 -55.0  72.0' goal '2465.0 -1719.0  24.0'
ARGLOG Joe Rogan t 101.1 pos '2063.7 -432.2 104.0' spd 328.9 yaw 106 mode 2 st 7 gl 0 hp 31 frg 1
ARGLOG Carmack t 101.1 pos '2427.0 -190.0  42.9' spd 323.5 yaw 261.8 mode 2 st 7 gl 0 hp 70 frg 3
ARGEVT Joe Rogan pursue
ARGEVT Joe Rogan pursue
ARGLOG Romero t 101.2 pos '2100.4 -46.6  24.0' spd 322.2 yaw 332.6 mode 2 st 3 gl 1 hp 73 frg 5
ARGEVT Carmack hazard
ARGUS Carmack wallslide
ARGLOG Joe Rogan t 101.6 pos '2038.5 -268.0  40.0' spd 332.6 yaw 86 mode 2 st 7 gl 0 hp 31 frg 1
ARGLOG Carmack t 101.6 pos '2364.0 -230.7  24.0' spd 379.6 yaw 122.2 mode 2 st 7 gl 0 hp 61 frg 3
ARGEVT Carmack grab item_health
ARGLOG Romero t 101.7 pos '2058.9 -206.8  24.0' spd 327.6 yaw 349.3 mode 0 st 3 gl 1 hp 73 frg 5
ARGUS Joe Rogan bodyblock
ARGUS Romero bodyblock
ARGEVT Romero route 11 start '2017.0 -183.0  24.0' goal '2049.0 -983.0 344.0'
ARGLOG Joe Rogan t 102.1 pos '2015.6 -338.8  88.0' spd 320.2 yaw  17.5 mode 2 st 7 gl 0 hp 31 frg 1
ARGLOG Carmack t 102.1 pos '2462.1 -194.9  24.0' spd 323.7 yaw 205.6 mode 2 st 7 gl 0 hp 61 frg 3
ARGLOG Romero t 102.2 pos '1963.2 -192.7  24.0' spd 283.4 yaw 359.7 mode 2 st 3 gl 1 hp 70 frg 5
ARGEVT Carmack pursue
ARGEVT Joe Rogan pursue
ARGEVT Joe Rogan hazard
ARGLOG Joe Rogan t 102.6 pos '2042.5 -356.6  88.0' spd 322.1 yaw  80.6 mode 2 st 7 gl 0 hp 31 frg 1
ARGLOG Carmack t 102.6 pos '2459.3 -227.2  24.0' spd 321.9 yaw 185 mode 2 st 7 gl 0 hp 57 frg 3
ARGUS Romero wallslide
ARGUS Joe Rogan wallslide
ARGLOG Romero t 102.7 pos '2044.2 -314.4  72.0' spd 239.3 yaw   9.7 mode 2 st 3 gl 1 hp 70 frg 5
ARGEVT Joe Rogan pursue
ARGEVT Romero hazard
ARGUS Carmack wallslide
ARGEVT Romero pursue
ARGLOG Joe Rogan t 103.1 pos '1970.9 -282.2  56.0' spd  12.8 yaw  80.6 mode 2 st 7 gl 0 hp 31 frg 1
ARGLOG Carmack t 103.1 pos '2298.9 -240.0  24.0' spd 321.5 yaw 186 mode 0 st 7 gl 0 hp 57 frg 3
ARGEVT Carmack route 14 start '2337.0 -215.0  24.0' goal '2465.0 -1719.0  24.0'
ARGLOG Romero t 103.2 pos '1967.5 -239.8  24.0' spd 323.6 yaw  19.3 mode 2 st 3 gl 1 hp 70 frg 5
ARGEVT Romero route 11 start '1953.0 -215.0  24.0' goal '2049.0 -983.0 344.0'
ARGEVT Joe Rogan pursue
ARGLOG Joe Rogan t 103.6 pos '2053.4 -274.2  56.0' spd 323.1 yaw   8.9 mode 2 st 7 gl 0 hp 22 frg 1
ARGLOG Carmack t 103.6 pos '2191.0 -234.0  24.0' spd 226.3 yaw 194.2 mode 2 st 7 gl 0 hp 51 frg 3
ARGLOG Romero t 103.7 pos '1912.0 -95.7  24.0' spd 335.4 yaw 342.3 mode 2 st 3 gl 1 hp 70 frg 5
ARGEVT Carmack pursue
ARGEVT Joe Rogan pursue
ARGLOG Joe Rogan t 104.2 pos '2001.6 -418.5 104.0' spd 321.8 yaw  57.1 mode 2 st 7 gl 0 hp 22 frg 1
ARGLOG Carmack t 104.2 pos '2112.4 -117.9  24.0' spd 320.1 yaw 246.0 mode 2 st 7 gl 0 hp 43 frg 3
ARGLOG Romero t 104.3 pos '1946.9 -15.2  24.0' spd 310.3 yaw 324.4 mode 2 st 3 gl 1 hp 70 frg 5
ARGEVT Joe Rogan grab item_artifact_super_damage
ARGEVT Joe Rogan route 6 start '1953.0 -471.0 104.0' goal '2593.0 -247.0 120.0'
ARGEVT Joe Rogan hazard
ARGUS Carmack bodyblock
ARGUS Romero bodyblock
ARGLOG Joe Rogan t 104.7 pos '1969.7 -549.7 104.0' spd 171.0 yaw  90.1 mode 2 st 7 gl 0 hp 72 frg 1
ARGLOG Carmack t 104.7 pos '1958.3 -107.4  24.0' spd 328.8 yaw 270.2 mode 0 st 7 gl 0 hp 26 frg 3
ARGEVT Carmack route 15 start '1953.0 -87.0  24.0' goal '2465.0 -1719.0  24.0'
ARGUS Carmack wallslide
ARGLOG Romero t 104.8 pos '1922.8 -133.3  24.0' spd 365.6 yaw   7.0 mode 2 st 3 gl 1 hp 70 frg 5
ARGEVT Carmack retreat
ARGEVT Carmack hazard
ARGLOG Joe Rogan t 105.2 pos '1988.7 -535.9 104.0' spd  46.5 yaw  99.0 mode 2 st 7 gl 0 hp 63 frg 1
ARGLOG Carmack t 105.2 pos '1951.2   6.0  24.0' spd 321.7 yaw 276.9 mode 2 st 7 gl 0 hp 20 frg 3
ARGLOG Romero t 105.3 pos '2046.8 -215.6  24.0' spd 105.9 yaw 106.7 mode 2 st 3 gl 1 hp 70 frg 5
ARGLOG Joe Rogan t 105.7 pos '1981.4 -531.1 104.0' spd  11.7 yaw  72.6 mode 2 st 7 gl 0 hp 63 frg 1
ARGLOG Carmack t 105.7 pos '2110.8 -23.3  24.0' spd 321.2 yaw 266.2 mode 2 st 7 gl 0 hp 19 frg 3
ARGEVT Romero hazard
ARGLOG Romero t 105.8 pos '1924.4 -171.9  24.0' spd 365.8 yaw  47.9 mode 2 st 3 gl 1 hp 70 frg 5
ARGEVT Joe Rogan grab item_health
ARGLOG Joe Rogan t 106.2 pos '1984.2 -535.7 104.0' spd  55.0 yaw  62.3 mode 2 st 7 gl 0 hp 63 frg 1
ARGLOG Carmack t 106.2 pos '2270.7 -56.0  24.0' spd 320.0 yaw 243.8 mode 2 st 7 gl 0 hp 19 frg 3
ARGEVT Joe Rogan pursue
ARGEVT Carmack pursue
ARGEVT Carmack jump
ARGLOG Romero t 106.3 pos '1948.4  -7.0  24.0' spd 194.9 yaw 359.4 mode 2 st 3 gl 1 hp 70 frg 5
ARGLOG Joe Rogan t 106.7 pos '2029.4 -412.3 104.0' spd 320.0 yaw 71 mode 2 st 7 gl 0 hp 63 frg 1
ARGLOG Carmack t 106.7 pos '2317.5 -80.0  82.7' spd  49.7 yaw 234 mode 2 st 7 gl 0 hp 13 frg 3
ARGLOG Romero t 106.8 pos '1964.1 -132.5  24.0' spd 322.9 yaw   2.3 mode 2 st 3 gl 1 hp 70 frg 5
ARGUS Carmack wallslide
ARGUS Joe Rogan wallslide
ARGLOG Joe Rogan t 107.2 pos '2062.7 -258.8  63.0' spd 215.2 yaw  59.1 mode 2 st 7 gl 0 hp 63 frg 1
ARGLOG Carmack t 107.2 pos '2258.4 -101.9  24.0' spd 341.3 yaw 226.8 mode 2 st 7 gl 0 hp 13 frg 3
ARGLOG Romero t 107.3 pos '1985.4 -183.4  24.0' spd 323.5 yaw  20.5 mode 2 st 3 gl 1 hp 70 frg 5
ARGEVT Carmack route 14 start '2241.0 -183.0  24.0' goal '2465.0 -1719.0  24.0'
ARGEVT Carmack hazard
ARGLOG Joe Rogan t 107.7 pos '2005.3 -226.5  24.0' spd 337.5 yaw   2.0 mode 2 st 7 gl 0 hp 63 frg 1
ARGLOG Carmack t 107.7 pos '2258.6 -237.4  24.0' spd  34.0 yaw 168.9 mode 2 st 7 gl 0 hp 13 frg 3
ARGLOG Romero t 107.8 pos '2023.3 -20.5  24.0' spd 335.1 yaw 324.7 mode 2 st 3 gl 1 hp 70 frg 5
ARGEVT Romero hazard
ARGLOG Joe Rogan t 108.2 pos '2042.3 -64.1  24.0' spd 336.6 yaw 327.4 mode 2 st 7 gl 0 hp 63 frg 1
ARGLOG Carmack t 108.2 pos '2255.4 -247.7  24.0' spd 171.9 yaw 130.7 mode 2 st 7 gl 0 hp 1 frg 3
ARGUS Carmack wallslide
ARGEVT Joe Rogan weapon axe
ARGLOG Romero t 108.3 pos '2170.0  27.2  24.0' spd 146.1 yaw 294.9 mode 2 st 3 gl 1 hp 70 frg 5
ARGEVT Carmack death Romero pos '2264.5 -370.0   8.0'
ARGUS Romero watch spawn
ARGEVT Joe Rogan engage Romero
ARGEVT Romero engage Joe Rogan
ARGEVT Romero weapon axe
ARGLOG Joe Rogan t 108.7 pos '2168.7 -93.9  24.0' spd 150.5 yaw 253.3 mode 2 st 7 gl 0 hp 45 frg 1
ARGEVT Romero goal backpack
ARGEVT Romero route 3 start '2113.0   9.0  24.0' goal '2273.0 -375.0   8.0'
ARGLOG Romero t 108.8 pos '2098.9 -61.9  24.0' spd 356.6 yaw 313.4 mode 2 st 3 gl 1 hp 70 frg 6
ARGUS Joe Rogan bodyblock
ARGUS Romero wallslide
ARGUS Joe Rogan wallslide
ARGUS Romero bodyblock
ARGLOG Joe Rogan t 109.2 pos '2118.1 -51.6  24.0' spd  69.0 yaw 274.6 mode 2 st 7 gl 0 hp 36 frg 1
ARGLOG Romero t 109.3 pos '2147.9 -83.6  24.0' spd 212.8 yaw 114.1 mode 2 st 3 gl 1 hp 70 frg 6
ARGLOG Joe Rogan t 109.7 pos '2135.2 -63.3  24.0' spd 247.2 yaw  47.4 mode 2 st 7 gl 0 hp 36 frg 1
ARGLOG Romero t 109.8 pos '2139.4 -24.4  24.0' spd  88.0 yaw 249.2 mode 2 st 3 gl 1 hp 70 frg 6
ARGEVT Carmack respawn
ARGEVT Carmack goal weapon_rocketlauncher
ARGLOG Carmack t 110.2 pos '1712.0 -504.0  24.0' spd 0 yaw 274.5 mode 0 st 7 gl 0 hp 100 frg 3
ARGEVT Carmack route 17 start '1761.0 -503.0  24.0' goal '2465.0 -1719.0  24.0'
ARGLOG Joe Rogan t 110.2 pos '2092.8 -39.2  24.0' spd 406.4 yaw 205.7 mode 2 st 7 gl 0 hp 36 frg 1
ARGLOG Romero t 110.3 pos '2080.7 -102.5  24.0' spd 167.2 yaw  69.9 mode 2 st 3 gl 1 hp 70 frg 6
ARGEVT Carmack hazard
ARGUS Joe Rogan wallslide
ARGUS Romero wallslide
ARGLOG Carmack t 110.7 pos '1837.0 -531.3  40.0' spd 378.3 yaw 62 mode 2 st 7 gl 0 hp 100 frg 3
ARGLOG Joe Rogan t 110.7 pos '2073.5 -80.5  24.0' spd  44.8 yaw  55.2 mode 2 st 7 gl 0 hp 36 frg 1
ARGEVT Carmack jump
ARGLOG Romero t 110.8 pos '2062.2 -46.7  24.0' spd 137.3 yaw 258.4 mode 2 st 3 gl 1 hp 70 frg 6
ARGUS Romero bodyblock
ARGEVT Carmack engage Joe Rogan
ARGLOG Carmack t 111.2 pos '1965.7 -464.0 115.5' spd 241.0 yaw  74.8 mode 2 st 7 gl 0 hp 100 frg 3
ARGLOG Joe Rogan t 111.2 pos '2058.8 -70.5  24.0' spd 0 yaw 193.3 mode 2 st 7 gl 0 hp 36 frg 1
ARGLOG Romero t 111.4 pos '2031.2 -114.1  24.0' spd 204.7 yaw  31.5 mode 2 st 3 gl 1 hp 70 frg 6
ARGLOG Carmack t 111.7 pos '2010.3 -449.6 104.0' spd 320.0 yaw  88.1 mode 2 st 7 gl 0 hp 100 frg 3
ARGLOG Joe Rogan t 111.7 pos '2053.8 -98.6  24.0' spd 307.7 yaw 326.9 mode 2 st 7 gl 0 hp 36 frg 1
ARGUS Joe Rogan wallslide
ARGLOG Romero t 111.9 pos '2115.8 -66.2  24.0' spd 240.1 yaw 181.3 mode 2 st 3 gl 1 hp 70 frg 6
ARGLOG Carmack t 112.2 pos '2033.5 -426.3 104.0' spd 254.2 yaw  77.3 mode 2 st 7 gl 0 hp 100 frg 3
ARGUS Romero wallslide
ARGLOG Joe Rogan t 112.3 pos '2100.0 -40.4  24.0' spd 167.0 yaw 174.7 mode 2 st 7 gl 0 hp 36 frg 1
ARGLOG Romero t 112.4 pos '2067.4 -57.9  24.0' spd  99.8 yaw  17.8 mode 2 st 3 gl 1 hp 70 frg 6
ARGLOG Carmack t 112.7 pos '2045.3 -387.3 104.0' spd  83.2 yaw  79.4 mode 2 st 7 gl 0 hp 100 frg 3
ARGLOG Joe Rogan t 112.8 pos '2108.3 -89.4  24.0' spd 161.8 yaw 346.6 mode 2 st 7 gl 0 hp 12 frg 1
ARGEVT Joe Rogan death Carmack pos '2111.8 -93.7  24.0'
ARGUS Carmack watch spawn
ARGEVT Romero engage Carmack
ARGEVT Carmack engage Romero
ARGEVT Carmack goal weapon_rocketlauncher
ARGEVT Carmack route 16 start '2017.0 -375.0 104.0' goal '2465.0 -1719.0  24.0'
ARGLOG Romero t 112.9 pos '2144.0 -46.8  24.0' spd  86.7 yaw 212.0 mode 2 st 3 gl 1 hp 70 frg 6
ARGLOG Carmack t 113.2 pos '2019.3 -331.2  72.0' spd 321.5 yaw  74.7 mode 2 st 7 gl 0 hp 100 frg 4
ARGLOG Romero t 113.4 pos '2078.9 -181.5  24.0' spd 327.6 yaw 239.2 mode 2 st 3 gl 1 hp 70 frg 6
ARGLOG Carmack t 113.7 pos '1977.3 -337.3  88.0' spd 324.2 yaw  50.6 mode 2 st 7 gl 0 hp 100 frg 4
ARGLOG Romero t 113.9 pos '1991.6 -314.7  72.0' spd 259.1 yaw 242.5 mode 2 st 3 gl 1 hp 61 frg 6
ARGEVT Carmack route 16 start '1953.0 -471.0 104.0' goal '2465.0 -1719.0  24.0'
ARGUS Romero wallslide
ARGLOG Carmack t 114.2 pos '1968.7 -500.9 104.0' spd 320 yaw  87.7 mode 2 st 7 gl 0 hp 100 frg 4
ARGEVT Joe Rogan respawn
ARGEVT Romero grab item_health
ARGEVT Joe Rogan goal item_armor2
ARGLOG Joe Rogan t 114.3 pos '2624.0 -488.0  32.0' spd 0 yaw 175.5 mode 0 st 7 gl 0 hp 100 frg 1
ARGEVT Joe Rogan route 8 start '2561.0 -503.0  24.0' goal '2817.0 -55.0 -72.0'
ARGEVT Carmack hazard
ARGLOG Romero t 114.4 pos '1969.6 -469.2 104.0' spd 239.7 yaw 273.1 mode 2 st 3 gl 1 hp 47 frg 6
ARGUS Carmack bodyblock
ARGUS Romero bodyblock
ARGEVT Romero route 6 start '1953.0 -535.0 104.0' goal '2273.0 -375.0   8.0'
ARGEVT Carmack grab item_artifact_super_damage
ARGLOG Carmack t 114.7 pos '2046.7 -515.1 104.0' spd 357.9 yaw 166.0 mode 2 st 7 gl 0 hp 100 frg 4
ARGEVT Romero grab item_artifact_super_damage
ARGLOG Joe Rogan t 114.8 pos '2478.1 -491.4   8.0' spd 320.2 yaw 186 mode 2 st 7 gl 0 hp 100 frg 1
ARGEVT Romero hazard
ARGLOG Romero t 114.9 pos '2037.3 -513.9 104.0' spd 413.3 yaw  36.7 mode 2 st 3 gl 1 hp 47 frg 6
ARGLOG Carmack t 115.3 pos '1966.0 -465.1 104.0' spd 172.9 yaw 337.8 mode 2 st 7 gl 0 hp 100 frg 4
ARGUS Romero wallslide
ARGEVT Romero grab item_health
ARGLOG Joe Rogan t 115.3 pos '2316.7 -507.7   8.0' spd 320.0 yaw 185 mode 2 st 7 gl 0 hp 100 frg 1
ARGLOG Romero t 115.4 pos '1978.9 -461.4 104.0' spd 282.5 yaw 212.6 mode 2 st 3 gl 1 hp 47 frg 6
ARGEVT Carmack hazard
ARGLOG Carmack t 115.8 pos '1985.9 -547.7 104.0' spd 269.2 yaw 126.8 mode 2 st 7 gl 0 hp 100 frg 4
ARGEVT Joe Rogan hazard
ARGEVT Romero grab item_artifact_super_damage
ARGLOG Joe Rogan t 115.8 pos '2156.7 -516.8   8.0' spd 349.0 yaw 78 mode 2 st 7 gl 0 hp 100 frg 1
ARGLOG Romero t 115.9 pos '1992.5 -540.6 104.0' spd 376.4 yaw 347.1 mode 2 st 3 gl 1 hp 47 frg 6
ARGEVT Romero hazard
ARGUS Joe Rogan wallslide
ARGLOG Carmack t 116.3 pos '2041.7 -421.7 104.0' spd 320.9 yaw 269.5 mode 2 st 7 gl 0 hp 100 frg 4
ARGLOG Joe Rogan t 116.3 pos '2143.5 -357.3  24.0' spd 324.6 yaw 53 mode 2 st 7 gl 0 hp 100 frg 1
ARGUS Romero wallslide
ARGLOG Romero t 116.4 pos '2053.0 -433.1 104.0' spd  53.3 yaw 109.7 mode 2 st 3 gl 1 hp 23 frg 6
ARGEVT Joe Rogan engage Carmack
ARGEVT Joe Rogan grab 
ARGLOG Carmack t 116.8 pos '1980.5 -270.3  40.0' spd 320.4 yaw 292.4 mode 2 st 7 gl 0 hp 100 frg 4
ARGLOG Joe Rogan t 116.9 pos '2135.0 -218.0  24.0' spd 122.4 yaw 195.4 mode 2 st 7 gl 0 hp 100 frg 1
ARGEVT Romero death Carmack pos '1996.3 -319.0  72.0'
ARGEVT Carmack engage Joe Rogan
ARGEVT Carmack goal backpack
ARGEVT Carmack grab 
ARGLOG Carmack t 117.3 pos '1963.4 -240.0  24.0' spd  91.0 yaw 351.5 mode 1 st 7 gl 0 hp 100 frg 5
ARGLOG Joe Rogan t 117.4 pos '2229.2 -342.9   8.0' spd 322.6 yaw 162.3 mode 2 st 7 gl 0 hp 100 frg 1
ARGEVT Joe Rogan pursue
ARGEVT Carmack pursue
ARGEVT Carmack jump
ARGUS Carmack hunch 
ARGEVT Joe Rogan hazard
ARGEVT Carmack goal backpack
ARGLOG Carmack t 117.8 pos '2047.1 -290.5  96.0' spd  33.6 yaw 163.8 mode 1 st 7 gl 0 hp 100 frg 5
ARGUS Joe Rogan hunch item_artifact_super_damage
ARGLOG Joe Rogan t 117.9 pos '2151.9 -357.6  24.0' spd 142.0 yaw 312.3 mode 2 st 7 gl 0 hp 100 frg 1
ARGEVT Joe Rogan pursue
ARGEVT Joe Rogan goal item_armorInv
ARGEVT Joe Rogan route 4 start '2177.0 -375.0   8.0' goal '2369.0 -567.0  56.0'
ARGEVT Carmack pursue
ARGLOG Carmack t 118.3 pos '2028.1 -333.4  72.0' spd 348.8 yaw 302.7 mode 1 st 7 gl 0 hp 100 frg 5
ARGEVT Carmack goal weapon_rocketlauncher
ARGLOG Joe Rogan t 118.4 pos '2195.4 -499.7   8.0' spd 400.2 yaw 206.4 mode 2 st 7 gl 0 hp 100 frg 1
ARGEVT Romero respawn
ARGEVT Romero goal item_armor2
ARGLOG Romero t 118.4 pos '2544.0 -32.0 -64.0' spd 0 yaw 184.5 mode 0 st 3 gl 1 hp 100 frg 6
ARGEVT Carmack routefail
ARGEVT Carmack hazard
ARGEVT Carmack goal weapon_rocketlauncher
ARGEVT Carmack route 16 start '2017.0 -375.0 104.0' goal '2465.0 -1719.0  24.0'
ARGEVT Carmack pursue
ARGUS Joe Rogan wallslide
ARGLOG Carmack t 118.8 pos '2059.1 -502.7 104.0' spd 359.3 yaw 313.5 mode 2 st 7 gl 1 hp 100 frg 5
ARGEVT Romero route 2 start '2465.0 -55.0 -72.0' goal '2817.0 -55.0 -72.0'
ARGUS Carmack wallslide
ARGLOG Joe Rogan t 118.9 pos '2128.5 -388.2   8.0' spd 331.6 yaw  67.8 mode 2 st 7 gl 0 hp 100 frg 1
ARGLOG Romero t 118.9 pos '2405.7 -79.3 -72.0' spd 320.0 yaw 3 mode 2 st 3 gl 1 hp 100 frg 6
ARGUS Romero wallslide
ARGEVT Carmack pursue
ARGEVT Joe Rogan pursue
ARGLOG Carmack t 119.3 pos '2064.0 -490.0 104.0' spd 321.4 yaw  87.4 mode 2 st 7 gl 1 hp 100 frg 5
ARGLOG Joe Rogan t 119.4 pos '2231.0 -247.3  24.0' spd 341.8 yaw  74.3 mode 2 st 7 gl 0 hp 100 frg 1
ARGLOG Romero t 119.4 pos '2225.3 -91.6 -136.0' spd 330.0 yaw 211 mode 0 st 3 gl 1 hp 100 frg 6
ARGEVT Romero hazard
ARGEVT Romero route 4 start '2241.0 -183.0 -136.0' goal '2817.0 -55.0 -72.0'
ARGUS Joe Rogan wallslide
ARGLOG Carmack t 119.8 pos '2022.5 -326.6  72.0' spd 324.0 yaw  92.5 mode 2 st 7 gl 1 hp 100 frg 5
ARGEVT Joe Rogan route 5 start '2241.0 -87.0  24.0' goal '2369.0 -567.0  56.0'
ARGLOG Joe Rogan t 119.9 pos '2288.0 -90.4  24.0' spd 188.2 yaw 337.1 mode 2 st 7 gl 0 hp 100 frg 1
ARGLOG Romero t 119.9 pos '2231.9 -208.0 -105.6' spd 292.8 yaw 33 mode 2 st 3 gl 1 hp 100 frg 6
ARGEVT Joe Rogan hazard
ARGEVT Carmack hazard
ARGUS Romero wallslide
ARGLOG Carmack t 120.3 pos '2033.7 -225.9  24.0' spd 328.5 yaw  44.6 mode 2 st 7 gl 1 hp 100 frg 5
ARGLOG Joe Rogan t 120.4 pos '2202.1 -17.5  24.0' spd 320.2 yaw 206.8 mode 2 st 7 gl 0 hp 100 frg 1
ARGLOG Romero t 120.4 pos '2288.0 -90.3 -136.0' spd 340.7 yaw 13 mode 2 st 3 gl 1 hp 100 frg 6
ARGEVT Romero hazard
ARGLOG Carmack t 120.8 pos '1935.4 -97.0  24.0' spd 325.2 yaw  51.3 mode 2 st 7 gl 1 hp 73 frg 5
ARGEVT Joe Rogan route 6 start '2145.0 105.0  24.0' goal '2369.0 -567.0  56.0'
ARGEVT Carmack grab item_health
ARGLOG Joe Rogan t 120.9 pos '2112.6  78.5  24.0' spd 148.0 yaw 199.1 mode 2 st 7 gl 0 hp 76 frg 1
ARGLOG Romero t 120.9 pos '2228.2  16.0 -136.0' spd 328.8 yaw 170.7 mode 2 st 3 gl 1 hp 100 frg 6
ARGUS Romero bodyblock
ARGLOG Carmack t 121.3 pos '1929.5 -28.7  24.0' spd 324.6 yaw 351.4 mode 2 st 7 gl 1 hp 98 frg 5
ARGLOG Joe Rogan t 121.4 pos '2144.9 -78.3  24.0' spd 327.2 yaw 194.2 mode 2 st 7 gl 0 hp 76 frg 1
ARGLOG Romero t 121.4 pos '2201.9 -51.6 -126.9' spd 301.5 yaw 4 mode 2 st 3 gl 1 hp 100 frg 6
ARGEVT Romero hazard
ARGUS Romero wallslide
ARGLOG Carmack t 121.8 pos '1936.8 -189.9  24.0' spd 328.3 yaw 349.8 mode 2 st 7 gl 1 hp 71 frg 5
ARGLOG Joe Rogan t 121.9 pos '2138.5 -246.3  24.0' spd 330.6 yaw 183.6 mode 2 st 7 gl 0 hp 52 frg 1
ARGLOG Romero t 121.9 pos '2290.1  16.0 -120.0' spd 145.0 yaw 170.3 mode 2 st 3 gl 1 hp 100 frg 6
ARGEVT Carmack route 15 start '1953.0 -215.0  24.0' goal '2465.0 -1719.0  24.0'
ARGLOG Carmack t 122.3 pos '1973.9 -134.6  24.0' spd 321.5 yaw 332.3 mode 2 st 7 gl 1 hp 53 frg 5
ARGLOG Joe Rogan t 122.4 pos '2171.9 -220.2  24.0' spd 320.8 yaw 123.7 mode 2 st 7 gl 0 hp 44 frg 1
ARGLOG Romero t 122.5 pos '2180.0 -73.9 -94.0' spd 369.7 yaw 7 mode 2 st 3 gl 1 hp 100 frg 6
ARGEVT Joe Rogan retreat
ARGLOG Carmack t 122.8 pos '2017.1 -102.8  24.0' spd 323.1 yaw 348.1 mode 2 st 7 gl 1 hp 44 frg 5
ARGLOG Joe Rogan t 122.9 pos '2279.5 -136.1  24.0' spd 336.4 yaw 191.7 mode 2 st 7 gl 0 hp 28 frg 1
ARGUS Joe Rogan wallslide
ARGLOG Romero t 123.0 pos '2212.5 -110.7 -136.0' spd 336.7 yaw 14 mode 2 st 3 gl 1 hp 100 frg 6
ARGEVT Joe Rogan hazard
ARGEVT Romero hazard
ARGLOG Carmack t 123.4 pos '2038.5 -265.7  40.0' spd 334.2 yaw  26.8 mode 2 st 7 gl 1 hp 44 frg 5
ARGLOG Joe Rogan t 123.5 pos '2274.5 -110.3  24.0' spd  77.6 yaw 233.6 mode 2 st 7 gl 0 hp 28 frg 1
ARGLOG Romero t 123.5 pos '2273.4 -186.6 -136.0' spd 238.1 yaw 276.2 mode 2 st 3 gl 1 hp 100 frg 6
ARGLOG Carmack t 123.9 pos '2011.1 -198.5  24.0' spd 329.8 yaw  21.5 mode 2 st 7 gl 1 hp 44 frg 5
ARGLOG Joe Rogan t 124.0 pos '2288.6 -144.6  24.0' spd 113.4 yaw 172.6 mode 2 st 7 gl 0 hp 28 frg 1
ARGLOG Romero t 124.0 pos '2240.0 -212.0 -136.0' spd  11.1 yaw 189 mode 2 st 3 gl 1 hp 100 frg 6
ARGEVT Romero hazard
ARGLOG Carmack t 124.4 pos '2010.8 -45.0  24.0' spd  43.0 yaw 343.3 mode 2 st 7 gl 1 hp 44 frg 5
ARGLOG Joe Rogan t 124.5 pos '2431.4 -198.2  24.0' spd 320.2 yaw 160.1 mode 2 st 7 gl 0 hp 28 frg 1
ARGLOG Romero t 124.5 pos '2225.8 -192.8 -136.0' spd 305.7 yaw 152 mode 2 st 3 gl 1 hp 100 frg 6
ARGEVT Joe Rogan hazard
ARGLOG Carmack t 124.9 pos '1999.7 -178.4  24.0' spd 329.4 yaw 354.9 mode 2 st 7 gl 1 hp 35 frg 5
ARGLOG Joe Rogan t 125.0 pos '2563.2 -194.2  32.0' spd 305.4 yaw 190.0 mode 0 st 7 gl 0 hp 20 frg 1
ARGLOG Romero t 125.0 pos '2206.7 -30.3 -134.0' spd 429.9 yaw 1 mode 2 st 3 gl 1 hp 100 frg 6
ARGEVT Carmack hazard
ARGUS Carmack wallslide
ARGEVT Joe Rogan route 6 start '2529.0 -183.0  32.0' goal '2369.0 -567.0  56.0'
ARGLOG Carmack t 125.4 pos '2064.0 -283.8  56.0' spd  90.0 yaw  11.8 mode 2 st 7 gl 1 hp 35 frg 5
ARGEVT Romero hazard
ARGEVT Carmack grab item_health
ARGLOG Joe Rogan t 125.5 pos '2562.1 -227.5  32.0' spd 107.3 yaw 181.0 mode 2 st 7 gl 0 hp 20 frg 1
ARGLOG Romero t 125.5 pos '2395.9 -71.7 -72.0' spd 265.2 yaw 2 mode 2 st 3 gl 1 hp 100 frg 6
ARGUS Romero wallslide
ARGEVT Joe Rogan pursue
ARGEVT Carmack pursue
ARGEVT Joe Rogan weapon sg
ARGLOG Carmack t 125.9 pos '2057.1 -301.3  56.0' spd 320.0 yaw   6.9 mode 2 st 7 gl 1 hp 35 frg 5
ARGEVT Joe Rogan hazard
ARGLOG Joe Rogan t 126 pos '2539.9 -224.1  32.0' spd  77.7 yaw 190.2 mode 2 st 7 gl 0 hp 20 frg 1
ARGLOG Romero t 126.0 pos '2499.1 -79.7 -64.0' spd 329.1 yaw 4 mode 2 st 3 gl 1 hp 100 frg 6
ARGEVT Joe Rogan pursue
ARGEVT Carmack route 16 start '2017.0 -375.0 104.0' goal '2465.0 -1719.0  24.0'
ARGEVT Carmack hazard
ARGLOG Carmack t 126.4 pos '2052.9 -472.2 104.0' spd 387.0 yaw 349.5 mode 2 st 7 gl 1 hp 60 frg 5
ARGLOG Joe Rogan t 126.5 pos '2448.3 -183.7  24.0' spd 323.5 yaw 191 mode 2 st 7 gl 0 hp 20 frg 1
ARGLOG Romero t 126.5 pos '2671.7 -34.9 -72.0' spd 418.5 yaw 300.9 mode 1 st 3 gl 1 hp 100 frg 6
ARGEVT Romero hazard
ARGUS Carmack wallslide
ARGLOG Carmack t 126.9 pos '2061.7 -449.5 104.0' spd 323.4 yaw 104 mode 2 st 7 gl 1 hp 85 frg 5
ARGUS Romero wallslide
ARGLOG Joe Rogan t 127.0 pos '2288.0 -208.8  24.0' spd 320.1 yaw 193 mode 2 st 7 gl 0 hp 20 frg 1
ARGLOG Romero t 127.0 pos '2762.2 -79.7 -72.0' spd 279.9 yaw 173.5 mode 1 st 3 gl 1 hp 100 frg 6
ARGEVT Carmack pursue
ARGLOG Carmack t 127.4 pos '2028.4 -291.8  56.0' spd 328.7 yaw  88.1 mode 2 st 7 gl 1 hp 85 frg 5
ARGEVT Joe Rogan hazard
ARGLOG Joe Rogan t 127.5 pos '2136.1 -251.4  24.0' spd 289.2 yaw 192.7 mode 2 st 7 gl 0 hp 20 frg 1
ARGLOG Romero t 127.5 pos '2654.1 -22.5 -72.0' spd 332.3 yaw 204.0 mode 1 st 3 gl 1 hp 100 frg 6
ARGLOG Carmack t 127.9 pos '2023.4 -112.2  24.0' spd 373.5 yaw 299.0 mode 2 st 7 gl 1 hp 65 frg 5
ARGEVT Carmack pursue
ARGLOG Joe Rogan t 128.0 pos '2194.7 -407.5   8.0' spd 320.6 yaw 116.4 mode 2 st 7 gl 0 hp 20 frg 1
ARGLOG Romero t 128.1 pos '2494.9 -68.6 -72.0' spd 327.9 yaw 214.0 mode 1 st 3 gl 1 hp 100 frg 6
ARGEVT Romero hazard
ARGLOG Carmack t 128.4 pos '2173.8 -41.6  24.0' spd 325.1 yaw 279.3 mode 2 st 7 gl 1 hp 65 frg 5
ARGUS Romero wallslide
ARGLOG Joe Rogan t 128.5 pos '2275.7 -521.2   8.0' spd 175.4 yaw  97.6 mode 2 st 7 gl 0 hp 20 frg 1
ARGLOG Romero t 128.6 pos '2368.4 -79.4 -88.0' spd 260.9 yaw 255.3 mode 1 st 3 gl 1 hp 100 frg 6
ARGEVT Carmack jump
ARGLOG Carmack t 128.9 pos '2320.9  -9.4  62.5' spd  33.9 yaw 268.6 mode 2 st 7 gl 1 hp 49 frg 5
ARGLOG Joe Rogan t 129.1 pos '2390.9 -469.8   8.0' spd 320.0 yaw  96.3 mode 2 st 7 gl 0 hp 20 frg 1
ARGEVT Joe Rogan pursue
ARGLOG Romero t 129.1 pos '2427.5 -74.6 -72.0' spd 321.9 yaw  12.8 mode 1 st 3 gl 1 hp 100 frg 6
ARGEVT Carmack pursue
ARGLOG Carmack t 129.4 pos '2337.2 -19.5  56.0' spd  48.7 yaw 286.1 mode 2 st 7 gl 1 hp 49 frg 5
ARGLOG Joe Rogan t 129.6 pos '2507.4 -347.3   8.0' spd 324.4 yaw 111.8 mode 2 st 7 gl 0 hp 20 frg 1
ARGLOG Romero t 129.6 pos '2587.9 -36.0 -64.0' spd 328.8 yaw  38.6 mode 1 st 3 gl 1 hp 100 frg 6
ARGEVT Carmack pursue
ARGUS Joe Rogan wallslide
ARGUS Romero wallslide
ARGLOG Carmack t 129.9 pos '2478.6 -17.2 120.0' spd 364.7 yaw 270 mode 2 st 7 gl 1 hp 49 frg 5
ARGEVT Joe Rogan pursue
ARGEVT Romero hazard
ARGLOG Joe Rogan t 130.1 pos '2568.6 -343.5  24.0' spd 320.9 yaw 233.2 mode 2 st 7 gl 0 hp 20 frg 1
ARGUS Carmack hunch item_armorInv
ARGLOG Romero t 130.1 pos '2705.8 -55.3 -72.0' spd 307.9 yaw 237.3 mode 1 st 3 gl 1 hp 100 frg 6
ARGEVT Joe Rogan hazard
ARGEVT Carmack pursue
ARGEVT Carmack goal item_health
ARGEVT Carmack route 1 start '2465.0 -55.0 120.0' goal '2593.0 -119.0 120.0'
ARGEVT Carmack hazard
ARGLOG Carmack t 130.4 pos '2480.8   4.9 120.0' spd 323.3 yaw 144.2 mode 2 st 7 gl 1 hp 49 frg 5
ARGLOG Joe Rogan t 130.6 pos '2501.5 -364.2   8.0' spd 357.6 yaw 127.6 mode 2 st 7 gl 0 hp 20 frg 1
ARGLOG Romero t 130.6 pos '2609.5 -35.6 -72.0' spd 320.1 yaw 156.0 mode 1 st 3 gl 1 hp 100 frg 6
ARGEVT Carmack weapon axe
ARGEVT Romero door
ARGUS Romero bodyblock
ARGLOG Carmack t 130.9 pos '2440.8 -32.7 104.0' spd 348.3 yaw 271.2 mode 2 st 7 gl 1 hp 49 frg 5
ARGLOG Joe Rogan t 131.1 pos '2384.6 -424.6   8.0' spd 326.2 yaw  72.3 mode 2 st 7 gl 0 hp 20 frg 1
ARGLOG Romero t 131.1 pos '2441.2  -9.8 -72.0' spd 334.9 yaw 184.7 mode 1 st 3 gl 1 hp 100 frg 6
ARGEVT Carmack grab item_health
ARGEVT Joe Rogan hazard
ARGUS Joe Rogan wallslide
ARGLOG Carmack t 131.5 pos '2434.5 -80.0 104.0' spd  80.7 yaw 258.1 mode 1 st 7 gl 1 hp 49 frg 5
ARGLOG Joe Rogan t 131.6 pos '2373.4 -527.8   8.0' spd  51.5 yaw  84.4 mode 2 st 7 gl 0 hp 20 frg 1
ARGLOG Romero t 131.6 pos '2285.5 -80.7 -136.0' spd 196.2 yaw 259 mode 1 st 3 gl 1 hp 100 frg 6
ARGLOG Carmack t 132.0 pos '2395.0 -84.7  88.0' spd 139.1 yaw 269.5 mode 1 st 7 gl 1 hp 40 frg 5
ARGEVT Romero hazard
ARGLOG Joe Rogan t 132.1 pos '2398.7 -528.0   8.0' spd  52.6 yaw  94.5 mode 2 st 7 gl 0 hp 20 frg 1
ARGLOG Romero t 132.1 pos '2272.1 -181.9 -136.0' spd 352.9 yaw 309.1 mode 1 st 3 gl 1 hp 100 frg 6
ARGEVT Joe Rogan hazard
ARGUS Joe Rogan wallslide
ARGLOG Carmack t 132.5 pos '2362.9 -234.3  33.9' spd 293.6 yaw 280.0 mode 1 st 7 gl 1 hp 31 frg 5
ARGUS Carmack wallslide
ARGLOG Joe Rogan t 132.6 pos '2423.8 -528.0   8.0' spd  43.3 yaw 103.6 mode 2 st 7 gl 0 hp 20 frg 1
ARGLOG Romero t 132.6 pos '2240.0 -210.9 -136.0' spd  12.0 yaw 226.4 mode 1 st 3 gl 1 hp 100 frg 6
ARGEVT Carmack grab item_health
ARGLOG Carmack t 133.0 pos '2389.6 -240.0  24.0' spd 130.7 yaw 280.6 mode 1 st 7 gl 1 hp 31 frg 5
ARGEVT Romero hazard
ARGEVT Joe Rogan weapon sg
ARGLOG Joe Rogan t 133.1 pos '2453.2 -528.0   8.0' spd  84.3 yaw  91.3 mode 2 st 7 gl 0 hp 20 frg 1
ARGLOG Romero t 133.1 pos '2280.4 -196.9 -136.0' spd 193.3 yaw   1.2 mode 1 st 3 gl 1 hp 100 frg 6
ARGUS Romero wallslide
ARGLOG Carmack t 133.5 pos '2482.6 -218.1  24.0' spd 324.1 yaw 253.6 mode 1 st 7 gl 1 hp 27 frg 5
ARGEVT Carmack jump
ARGLOG Joe Rogan t 133.6 pos '2388.6 -495.7   8.0' spd 327.2 yaw  72.8 mode 2 st 7 gl 0 hp 20 frg 1
ARGLOG Romero t 133.6 pos '2291.8 -41.5 -120.0' spd 368.0 yaw  42.8 mode 1 st 3 gl 1 hp 100 frg 6
ARGEVT Joe Rogan pursue
ARGEVT Carmack pursue
ARGEVT Carmack hazard
ARGLOG Carmack t 134.0 pos '2531.0 -186.6  32.0' spd 348.1 yaw 255 mode 1 st 7 gl 1 hp 27 frg 5
ARGEVT Romero hazard
ARGLOG Joe Rogan t 134.1 pos '2324.1 -369.8   8.0' spd 349.5 yaw 45 mode 2 st 7 gl 0 hp 20 frg 1
ARGLOG Romero t 134.1 pos '2442.3 -57.7 -72.0' spd 373.3 yaw 277.3 mode 1 st 3 gl 1 hp 100 frg 6
ARGUS Carmack wallslide
ARGEVT Carmack pursue
ARGUS Romero wallslide
ARGEVT Joe Rogan hazard
ARGUS Joe Rogan hunch item_health
ARGEVT Joe Rogan goal item_health
ARGEVT Joe Rogan route 6 start '2401.0 -343.0   8.0' goal '2593.0 -247.0 120.0'
ARGEVT Joe Rogan pursue
ARGLOG Carmack t 134.5 pos '2457.6 -240.0  24.0' spd   3.1 yaw 266 mode 1 st 7 gl 1 hp 27 frg 5
ARGLOG Joe Rogan t 134.6 pos '2332.1 -309.3   8.0' spd 345.7 yaw 137.8 mode 2 st 7 gl 0 hp 20 frg 1
ARGLOG Romero t 134.6 pos '2607.7 -75.8 -72.0' spd 321.4 yaw 12 mode 1 st 3 gl 1 hp 100 frg 6
ARGUS Joe Rogan wallslide
ARGEVT Joe Rogan pursue
ARGLOG Carmack t 135.0 pos '2456.2 -240.0  24.0' spd   3.9 yaw 253.7 mode 1 st 7 gl 1 hp 27 frg 5
ARGEVT Carmack hazard
ARGLOG Joe Rogan t 135.1 pos '2201.5 -243.5  24.0' spd  56.6 yaw  15.6 mode 2 st 7 gl 0 hp 20 frg 1
ARGLOG Romero t 135.1 pos '2769.3  -9.6 -72.0' spd 284.1 yaw 132.1 mode 1 st 3 gl 1 hp 100 frg 6
ARGEVT Romero hazard
ARGUS Carmack wallslide
ARGEVT Carmack grab item_health
ARGLOG Carmack t 135.5 pos '2443.9 -239.8  24.0' spd  13.3 yaw 221.8 mode 1 st 7 gl 1 hp 27 frg 5
ARGEVT Carmack pursue
ARGEVT Joe Rogan pursue
ARGLOG Joe Rogan t 135.6 pos '2245.4 -388.0   8.0' spd 313.3 yaw  32.6 mode 2 st 7 gl 0 hp 20 frg 1
ARGLOG Romero t 135.6 pos '2717.0 -44.8 -72.0' spd 328.7 yaw 216 mode 1 st 3 gl 1 hp 100 frg 6
ARGUS Romero wallslide
ARGLOG Carmack t 136.0 pos '2421.9 -232.5  24.0' spd 217.7 yaw 249.9 mode 1 st 7 gl 1 hp 27 frg 5
ARGLOG Joe Rogan t 136.1 pos '2347.8 -342.6   8.0' spd 323.9 yaw  61.6 mode 2 st 7 gl 0 hp 20 frg 1
ARGLOG Romero t 136.1 pos '2563.0 -58.6 -64.0' spd 407.8 yaw 111.4 mode 1 st 3 gl 1 hp 100 frg 6
ARGEVT Carmack jump
ARGEVT Joe Rogan hazard
ARGEVT Joe Rogan pursue
ARGEVT Carmack pursue
ARGLOG Carmack t 136.5 pos '2566.5 -212.1  32.6' spd 189.8 yaw 217 mode 1 st 7 gl 1 hp 27 frg 5
ARGEVT Carmack hazard
ARGUS Carmack hunch item_armorInv
ARGLOG Joe Rogan t 136.6 pos '2420.5 -330.5   8.0' spd 402.7 yaw  80.5 mode 2 st 7 gl 0 hp 20 frg 1
ARGLOG Romero t 136.6 pos '2391.8 -30.7 -72.0' spd 426.4 yaw 261 mode 1 st 3 gl 1 hp 100 frg 6
ARGEVT Carmack goal item_health
ARGEVT Carmack route 5 start '2529.0 -183.0  32.0' goal '2593.0 -119.0 120.0'
ARGEVT Carmack pursue
ARGEVT Romero hazard
ARGEVT Joe Rogan grab item_health
ARGUS Joe Rogan wallslide
ARGLOG Carmack t 137.0 pos '2544.8 -200.4  32.0' spd 331.5 yaw 218.2 mode 2 st 7 gl 1 hp 27 frg 5
ARGLOG Joe Rogan t 137.1 pos '2426.9 -304.5   8.0' spd 295.1 yaw  29.5 mode 2 st 7 gl 0 hp 20 frg 1
ARGLOG Romero t 137.1 pos '2350.9 -77.2 -104.0' spd 320.1 yaw 5 mode 1 st 3 gl 1 hp 100 frg 6
ARGEVT Carmack grab item_health
ARGEVT Carmack pursue
ARGEVT Joe Rogan route 6 start '2529.0 -343.0  24.0' goal '2593.0 -247.0 120.0'
ARGLOG Carmack t 137.5 pos '2530.4 -156.9  32.0' spd 135.4 yaw 234.1 mode 2 st 7 gl 1 hp 27 frg 5
ARGLOG Joe Rogan t 137.6 pos '2591.7 -308.3  24.0' spd 397.6 yaw  66.6 mode 2 st 7 gl 0 hp 20 frg 1
ARGEVT Joe Rogan hazard
ARGLOG Romero t 137.7 pos '2511.4 -64.8 -64.0' spd 320.0 yaw 6 mode 1 st 3 gl 1 hp 100 frg 6
ARGEVT Carmack jump
ARGEVT Joe Rogan route 6 start '2593.0 -375.0  24.0' goal '2593.0 -247.0 120.0'
ARGUS Joe Rogan wallslide
ARGLOG Carmack t 138.0 pos '2413.8 -240.0  67.5' spd 237.8 yaw 265.0 mode 1 st 7 gl 1 hp 27 frg 5
ARGEVT Joe Rogan route 6 start '2529.0 -343.0  24.0' goal '2593.0 -247.0 120.0'
ARGLOG Joe Rogan t 138.1 pos '2546.3 -304.1  24.0' spd 323.9 yaw 193.9 mode 2 st 7 gl 0 hp 20 frg 1
ARGLOG Romero t 138.2 pos '2675.1 -54.4 -72.0' spd 369.0 yaw 316.4 mode 1 st 3 gl 1 hp 100 frg 6
ARGUS Carmack wallslide
ARGUS Romero wallslide
ARGEVT Romero hazard
ARGEVT Carmack pursue
ARGEVT Joe Rogan pursue
ARGEVT Romero abandon
ARGEVT Romero goal weapon_rocketlauncher
ARGLOG Carmack t 138.5 pos '2449.9 -236.2  55.5' spd 113.1 yaw  17.9 mode 1 st 7 gl 1 hp 27 frg 5
ARGEVT Romero route 19 start '2753.0 -23.0 -72.0' goal '2465.0 -1719.0  24.0'
ARGLOG Joe Rogan t 138.7 pos '2382.5 -331.9   8.0' spd 340.3 yaw 162.7 mode 2 st 7 gl 0 hp 20 frg 1
ARGLOG Romero t 138.7 pos '2739.1 -78.1 -72.0' spd 322.2 yaw 119 mode 2 st 3 gl 1 hp 100 frg 6
ARGEVT Carmack jump
ARGLOG Carmack t 139.0 pos '2512.0 -224.1  57.7' spd  74.4 yaw 272.9 mode 1 st 7 gl 1 hp 27 frg 5
ARGEVT Joe Rogan pursue
ARGLOG Joe Rogan t 139.2 pos '2222.0 -277.7  24.0' spd 388.0 yaw  79.9 mode 2 st 7 gl 0 hp 20 frg 1
ARGLOG Romero t 139.2 pos '2651.5 -19.0 -72.0' spd 439.0 yaw 232.3 mode 2 st 3 gl 1 hp 100 frg 6
ARGEVT Joe Rogan retreat
ARGEVT Romero hazard
ARGEVT Joe Rogan hazard
ARGLOG Carmack t 139.5 pos '2503.8 -227.6  24.0' spd  75.7 yaw 193.4 mode 1 st 7 gl 1 hp 52 frg 5
ARGLOG Joe Rogan t 139.7 pos '2135.8 -320.3  24.0' spd 299.2 yaw   9.2 mode 2 st 7 gl 0 hp 20 frg 1
ARGLOG Romero t 139.7 pos '2482.6 -77.8 -72.0' spd 320.8 yaw 98 mode 2 st 3 gl 1 hp 100 frg 6
ARGEVT Carmack jump
ARGUS Romero wallslide
ARGEVT Carmack pursue
ARGEVT Joe Rogan pursue
ARGLOG Carmack t 140.1 pos '2429.2 -112.0  66.8' spd 204.5 yaw 210 mode 1 st 7 gl 1 hp 52 frg 5
ARGLOG Joe Rogan t 140.2 pos '2201.1 -370.6   8.0' spd 323.4 yaw 24 mode 2 st 7 gl 0 hp 20 frg 1
ARGLOG Romero t 140.2 pos '2326.8  -5.0 -104.0' spd 362.9 yaw 185.3 mode 2 st 3 gl 1 hp 100 frg 6
ARGUS Carmack wallslide
ARGEVT Romero route 21 start '2241.0 -55.0 -136.0' goal '2465.0 -1719.0  24.0'
ARGEVT Romero hazard
ARGLOG Carmack t 140.6 pos '2346.2 -174.2  47.3' spd 215.9 yaw 206 mode 1 st 7 gl 1 hp 52 frg 5
ARGLOG Joe Rogan t 140.7 pos '2353.6 -317.7   8.0' spd 361.3 yaw  53.7 mode 2 st 7 gl 0 hp 20 frg 1
ARGLOG Romero t 140.7 pos '2196.3 -88.7 -118.4' spd 333.9 yaw 258 mode 2 st 3 gl 1 hp 100 frg 6
ARGLOG Carmack t 141.1 pos '2307.2 -212.4  24.0' spd 277.0 yaw 324.5 mode 1 st 7 gl 1 hp 52 frg 5
ARGLOG Joe Rogan t 141.2 pos '2507.3 -378.3   8.0' spd 225.1 yaw 135.7 mode 0 st 7 gl 0 hp 20 frg 1
ARGLOG Romero t 141.2 pos '2262.2 -209.1 -136.0' spd 331.4 yaw 38 mode 2 st 3 gl 1 hp 100 frg 6
ARGEVT Joe Rogan route 6 start '2529.0 -343.0  24.0' goal '2593.0 -247.0 120.0'
ARGEVT Joe Rogan pursue
ARGEVT Carmack pursue
ARGUS Romero wallslide
ARGLOG Carmack t 141.6 pos '2441.0 -229.2  24.0' spd 386.9 yaw 261 mode 1 st 7 gl 1 hp 52 frg 5
ARGUS Carmack wallslide
ARGEVT Carmack hazard
ARGLOG Joe Rogan t 141.7 pos '2442.1 -312.1   8.0' spd 320.1 yaw 142 mode 2 st 7 gl 0 hp 20 frg 1
ARGLOG Romero t 141.7 pos '2302.1 -37.0 -120.0' spd 427.9 yaw  13.7 mode 2 st 3 gl 1 hp 100 frg 6
ARGUS Joe Rogan hunch item_armorInv
ARGUS Joe Rogan wallslide
ARGEVT Joe Rogan goal item_armorInv
ARGEVT Joe Rogan route 3 start '2401.0 -343.0   8.0' goal '2369.0 -567.0  56.0'
ARGEVT Joe Rogan pursue
ARGEVT Carmack jump
ARGLOG Carmack t 142.1 pos '2474.8 -197.5  27.7' spd 309.1 yaw 285.9 mode 1 st 7 gl 1 hp 52 frg 5
ARGLOG Joe Rogan t 142.2 pos '2530.8 -365.6  24.0' spd 322.5 yaw 103.4 mode 2 st 7 gl 0 hp 20 frg 1
ARGLOG Romero t 142.2 pos '2484.5 -64.6 -72.0' spd 329.0 yaw 75 mode 2 st 3 gl 1 hp 100 frg 6
ARGEVT Romero hazard
ARGEVT Joe Rogan pursue
ARGEVT Carmack pursue
ARGEVT Joe Rogan hazard
ARGLOG Carmack t 142.6 pos '2512.0 -152.9  54.0' spd  45.5 yaw 251 mode 1 st 7 gl 1 hp 67 frg 5
ARGLOG Joe Rogan t 142.7 pos '2504.3 -313.4   8.0' spd 320.5 yaw 171.6 mode 2 st 7 gl 0 hp 20 frg 1
ARGLOG Romero t 142.7 pos '2650.4 -33.0 -72.0' spd 436.8 yaw 104.8 mode 2 st 3 gl 1 hp 100 frg 6
ARGEVT Carmack jump
ARGEVT Joe Rogan pursue
ARGUS Carmack hunch item_armorInv
ARGEVT Carmack goal weapon_rocketlauncher
ARGLOG Carmack t 143.1 pos '2499.6 -230.6  62.4' spd 116.6 yaw  69.3 mode 0 st 7 gl 1 hp 67 frg 5
ARGEVT Carmack routefail
ARGLOG Joe Rogan t 143.2 pos '2354.7 -398.5   8.0' spd 416.5 yaw 300.7 mode 2 st 7 gl 0 hp 20 frg 1
ARGLOG Romero t 143.2 pos '2591.5  36.3 -72.0' spd 320.0 yaw 258 mode 2 st 3 gl 1 hp 100 frg 6
ARGEVT Carmack plan powerup via weapon
ARGEVT Carmack goal weapon_rocketlauncher
ARGEVT Carmack route 15 start '2529.0 -183.0  32.0' goal '2465.0 -1719.0  24.0'
ARGEVT Carmack pursue
ARGEVT Romero hazard
ARGUS Joe Rogan wallslide
ARGLOG Carmack t 143.6 pos '2504.2 -205.4  24.0' spd 191.4 yaw 181.3 mode 2 st 7 gl 1 hp 67 frg 5
ARGLOG Joe Rogan t 143.7 pos '2474.8 -524.3   8.0' spd 376.8 yaw  47.3 mode 2 st 7 gl 0 hp 20 frg 1
ARGLOG Romero t 143.7 pos '2599.4 -75.6 -72.0' spd  58.5 yaw 116 mode 2 st 3 gl 1 hp 100 frg 6
ARGLOG Carmack t 144.1 pos '2357.6 -233.2  24.0' spd  50.9 yaw 294.7 mode 2 st 7 gl 1 hp 67 frg 5
ARGLOG Joe Rogan t 144.2 pos '2505.4 -515.8   8.0' spd  57.0 yaw 118.8 mode 2 st 7 gl 0 hp 20 frg 1
ARGLOG Romero t 144.2 pos '2460.4   6.3 -72.0' spd 377.8 yaw 194.3 mode 2 st 3 gl 1 hp 100 frg 6
ARGEVT Romero hazard
ARGLOG Carmack t 144.6 pos '2500.4 -208.6  24.0' spd 330.9 yaw 265.5 mode 2 st 7 gl 1 hp 67 frg 5
ARGEVT Romero route 20 start '2305.0 -55.0 -120.0' goal '2465.0 -1719.0  24.0'
ARGLOG Joe Rogan t 144.7 pos '2462.0 -523.2   8.0' spd 100.6 yaw  89.5 mode 2 st 7 gl 0 hp 2 frg 1
ARGLOG Romero t 144.7 pos '2297.6 -73.2 -120.0' spd 360.3 yaw 24 mode 2 st 3 gl 1 hp 100 frg 6
ARGEVT Carmack hazard
ARGEVT Joe Rogan pursue
ARGEVT Carmack pursue
ARGEVT Carmack route 15 start '2529.0 -183.0  32.0' goal '2465.0 -1719.0  24.0'
ARGUS Romero wallslide
ARGLOG Carmack t 145.1 pos '2491.5 -212.2  24.0' spd 321.2 yaw 191.0 mode 2 st 7 gl 1 hp 67 frg 5
ARGLOG Joe Rogan t 145.2 pos '2444.5 -424.7   8.0' spd 198.6 yaw  85.4 mode 2 st 7 gl 0 hp 2 frg 1
ARGLOG Romero t 145.2 pos '2291.7 -76.8 -120.0' spd 157.4 yaw 24 mode 2 st 3 gl 1 hp 100 frg 6
ARGUS Carmack wallslide
ARGEVT Joe Rogan jump
ARGLOG Carmack t 145.6 pos '2344.5 -239.5  24.0' spd  23.7 yaw 277.1 mode 2 st 7 gl 1 hp 67 frg 5
ARGLOG Joe Rogan t 145.7 pos '2411.3 -528.0  35.8' spd  19.4 yaw 101.0 mode 2 st 7 gl 0 hp 2 frg 1
ARGLOG Romero t 145.7 pos '2453.3 -50.0 -72.0' spd 386.1 yaw 69 mode 2 st 3 gl 1 hp 100 frg 6
ARGLOG Carmack t 146.1 pos '2482.0 -239.0  24.0' spd  90.9 yaw 248.1 mode 2 st 7 gl 1 hp 63 frg 5
ARGLOG Joe Rogan t 146.2 pos '2369.5 -528.0  13.5' spd 114.8 yaw  68.4 mode 1 st 7 gl 0 hp 2 frg 1
ARGLOG Romero t 146.3 pos '2625.2 -26.1 -72.0' spd 443.3 yaw 106.2 mode 2 st 3 gl 1 hp 100 frg 6
ARGUS Joe Rogan wallslide
ARGEVT Romero hazard
ARGLOG Carmack t 146.6 pos '2345.6 -222.2  24.0' spd 320.1 yaw 235.5 mode 2 st 7 gl 1 hp 63 frg 5
ARGEVT Joe Rogan death Carmack pos '2253.9 -481.8   8.0'
ARGUS Carmack watch spawn
ARGLOG Romero t 146.8 pos '2578.7 146.5 -72.0' spd  73.1 yaw 140 mode 2 st 3 gl 1 hp 100 frg 6
ARGUS Romero wallslide
ARGEVT Carmack goal item_armorInv
ARGEVT Carmack route 5 start '2337.0 -215.0  24.0' goal '2369.0 -567.0  56.0'
ARGUS Carmack wallslide
ARGLOG Carmack t 147.1 pos '2365.2 -239.8  24.0' spd 241.3 yaw 263.7 mode 2 st 7 gl 1 hp 63 frg 6
ARGLOG Romero t 147.3 pos '2539.3 226.0 -72.0' spd 342.3 yaw 170 mode 2 st 3 gl 1 hp 100 frg 6
ARGEVT Romero jump
ARGLOG Carmack t 147.6 pos '2325.0 -240.0  24.0' spd 301.0 yaw 249 mode 2 st 7 gl 1 hp 63 frg 6
ARGLOG Romero t 147.8 pos '2416.0 319.4 -29.9' spd 106.7 yaw 219 mode 2 st 3 gl 1 hp 100 frg 6
ARGLOG Carmack t 148.1 pos '2170.3 -335.9  24.0' spd 415.2 yaw 302 mode 2 st 7 gl 1 hp 63 frg 6
ARGEVT Joe Rogan respawn
ARGEVT Joe Rogan goal item_armorInv
ARGLOG Joe Rogan t 148.2 pos '2704.0 -2048.0 128.0' spd 0 yaw 265.2 mode 0 st 7 gl 0 hp 100 frg 1
ARGLOG Romero t 148.3 pos '2319.5 266.3  24.0' spd 326.9 yaw 258 mode 2 st 3 gl 1 hp 100 frg 6
ARGEVT Joe Rogan route 32 start '2721.0 -2103.0 120.0' goal '2465.0 -1975.0 120.0'
ARGUS Romero wallslide
ARGLOG Carmack t 148.7 pos '2259.2 -490.3   8.0' spd 405.1 yaw 358 mode 2 st 7 gl 1 hp 63 frg 6
ARGEVT Romero engage Carmack
ARGLOG Joe Rogan t 148.8 pos '2677.8 -2191.9 120.0' spd 321.1 yaw 231 mode 2 st 7 gl 0 hp 100 frg 1
ARGLOG Romero t 148.8 pos '2170.8 181.8  24.0' spd 409.9 yaw 265.2 mode 2 st 3 gl 1 hp 100 frg 6
ARGUS Joe Rogan wallslide
ARGLOG Carmack t 149.2 pos '2423.0 -421.2   8.0' spd 451.6 yaw 125.8 mode 2 st 7 gl 1 hp 63 frg 6
ARGEVT Romero pursue
ARGLOG Joe Rogan t 149.3 pos '2574.5 -2304.6 120.0' spd 347.1 yaw 233 mode 2 st 7 gl 0 hp 100 frg 1
ARGLOG Romero t 149.3 pos '2150.9   2.9  24.0' spd 347.3 yaw 289 mode 2 st 3 gl 1 hp 100 frg 6
ARGEVT Carmack engage Romero
ARGLOG Carmack t 149.7 pos '2266.1 -337.3   8.0' spd 361.0 yaw 202.0 mode 2 st 7 gl 1 hp 63 frg 6
ARGLOG Joe Rogan t 149.8 pos '2401.0 -2339.3 120.0' spd 437.7 yaw 138 mode 2 st 7 gl 0 hp 100 frg 1
ARGEVT Carmack route 3 start '2273.0 -375.0   8.0' goal '2369.0 -567.0  56.0'
ARGLOG Romero t 149.8 pos '2136.9 -167.1  24.0' spd 346.8 yaw 298.2 mode 2 st 3 gl 1 hp 100 frg 6
ARGLOG Carmack t 150.2 pos '2151.7 -373.9   8.0' spd 204.9 yaw 129.4 mode 2 st 7 gl 1 hp 63 frg 6
ARGEVT Romero route 15 start '2017.0 -279.0  56.0' goal '2465.0 -1719.0  24.0'
ARGEVT Joe Rogan hazard
ARGLOG Joe Rogan t 150.3 pos '2447.2 -2498.6 120.0' spd 401.6 yaw  19.7 mode 0 st 7 gl 0 hp 100 frg 1
ARGLOG Romero t 150.3 pos '2045.5 -235.2  24.0' spd 193.8 yaw 312.1 mode 2 st 3 gl 1 hp 100 frg 6
ARGEVT Joe Rogan route 29 start '2433.0 -2487.0 120.0' goal '2465.0 -1975.0 120.0'
ARGEVT Carmack weapon sg
ARGEVT Carmack pursue
ARGUS routecache adopt
ARGEVT Joe Rogan route 29 start '2433.0 -2487.0 120.0' goal '2465.0 -1975.0 120.0'
ARGLOG Carmack t 150.7 pos '2242.6 -243.9  24.0' spd 348.7 yaw 141.2 mode 2 st 7 gl 1 hp 39 frg 6
ARGLOG Joe Rogan t 150.8 pos '2434.0 -2351.0 120.0' spd 399.1 yaw 138 mode 2 st 7 gl 0 hp 100 frg 1
ARGLOG Romero t 150.8 pos '2138.7 -100.2  24.0' spd 330.6 yaw 324.6 mode 2 st 3 gl 1 hp 88 frg 6
ARGUS Carmack wallslide
ARGLOG Carmack t 151.2 pos '2355.6 -144.1  24.0' spd 262.2 yaw 136.3 mode 2 st 7 gl 1 hp 39 frg 6
ARGLOG Joe Rogan t 151.3 pos '2395.5 -2342.5 120.0' spd 320.3 yaw 137 mode 2 st 7 gl 0 hp 100 frg 1
ARGUS Romero wallslide
ARGLOG Romero t 151.3 pos '2250.2  15.9  24.0' spd 245.7 yaw 313.8 mode 2 st 3 gl 1 hp 88 frg 6
ARGLOG Carmack t 151.7 pos '2483.7 -172.3  24.0' spd 289.8 yaw 134.7 mode 2 st 7 gl 1 hp 39 frg 6
ARGUS routecache adopt
ARGEVT Joe Rogan route 29 start '2433.0 -2487.0 120.0' goal '2465.0 -1975.0 120.0'
ARGEVT Romero pursue
ARGLOG Joe Rogan t 151.8 pos '2442.4 -2498.8 120.0' spd 371.5 yaw 336.2 mode 0 st 7 gl 0 hp 100 frg 1
ARGEVT Joe Rogan hazard
ARGLOG Romero t 151.8 pos '2353.4 -19.8  72.0' spd 317.7 yaw 296.3 mode 2 st 3 gl 1 hp 88 frg 6
ARGUS routecache adopt
ARGEVT Joe Rogan route 29 start '2433.0 -2487.0 120.0' goal '2465.0 -1975.0 120.0'
ARGEVT Romero hazard
ARGUS Joe Rogan wallslide
ARGLOG Carmack t 152.2 pos '2337.6 -239.5  24.0' spd 320.6 yaw  98.3 mode 2 st 7 gl 1 hp 39 frg 6
ARGEVT Joe Rogan route 30 start '2433.0 -2359.0 120.0' goal '2465.0 -1975.0 120.0'
ARGLOG Joe Rogan t 152.3 pos '2478.4 -2344.6 120.0' spd 348.2 yaw 140 mode 2 st 7 gl 0 hp 100 frg 1
ARGLOG Romero t 152.3 pos '2279.8 -80.0  48.6' spd 318.3 yaw 277.5 mode 2 st 3 gl 1 hp 88 frg 6
ARGLOG Carmack t 152.7 pos '2385.5 -180.9  24.0' spd 320.4 yaw 118.8 mode 2 st 7 gl 1 hp 39 frg 6
ARGLOG Joe Rogan t 152.8 pos '2393.5 -2346.2 120.0' spd 338.5 yaw 137 mode 2 st 7 gl 0 hp 100 frg 1
ARGLOG Romero t 152.8 pos '2357.9 -44.8  72.0' spd 320.0 yaw 300.6 mode 2 st 3 gl 1 hp 88 frg 6
ARGUS Carmack wallslide
ARGUS routecache adopt
ARGEVT Joe Rogan route 29 start '2433.0 -2487.0 120.0' goal '2465.0 -1975.0 120.0'
ARGLOG Carmack t 153.2 pos '2445.6 -154.1  24.0' spd 337.1 yaw  98.8 mode 2 st 7 gl 1 hp 39 frg 6
ARGEVT Joe Rogan hazard
ARGLOG Joe Rogan t 153.3 pos '1316.2 -1376.0 154.8' spd 300 yaw 352.4 mode 0 st 7 gl 0 hp 100 frg 1
ARGLOG Romero t 153.3 pos '2522.4 -13.7 120.0' spd 388.5 yaw 253.6 mode 2 st 3 gl 1 hp 88 frg 6
ARGUS routecache adopt
ARGEVT Joe Rogan route 28 start '1313.0 -1367.0 144.0' goal '2465.0 -1975.0 120.0'
ARGLOG Carmack t 153.7 pos '2328.2 -196.6  24.0' spd 348.0 yaw  19.9 mode 2 st 7 gl 1 hp 39 frg 6
ARGEVT Carmack hazard
ARGLOG Joe Rogan t 153.8 pos '1363.6 -1376.0 144.0' spd 300 yaw 102 mode 2 st 7 gl 0 hp 100 frg 1
ARGLOG Romero t 153.9 pos '2580.6 -36.3 120.0' spd 327.0 yaw 207.9 mode 2 st 3 gl 1 hp 88 frg 6
ARGUS Carmack wallslide
ARGEVT Romero hazard
ARGEVT Carmack retreat
ARGLOG Carmack t 154.2 pos '2305.9 -187.0  24.0' spd 335.8 yaw  47.9 mode 2 st 7 gl 1 hp 19 frg 6
ARGLOG Joe Rogan t 154.3 pos '1372.7 -1290.6 136.0' spd 322.4 yaw 106 mode 2 st 7 gl 0 hp 100 frg 1
ARGLOG Romero t 154.4 pos '2513.2 -20.6 120.0' spd 320.6 yaw 224.0 mode 2 st 3 gl 1 hp 79 frg 6
ARGEVT Carmack route 5 start '2241.0 -183.0  24.0' goal '2369.0 -567.0  56.0'
ARGUS Romero wallslide
ARGEVT Joe Rogan jump
ARGLOG Carmack t 154.7 pos '2144.3 -156.2  24.0' spd 320.2 yaw   5.5 mode 2 st 7 gl 1 hp 19 frg 6
ARGLOG Joe Rogan t 154.8 pos '1319.7 -1199.4 193.7' spd 116.1 yaw 100 mode 2 st 7 gl 0 hp 100 frg 1
ARGLOG Romero t 154.9 pos '2564.4 -112.3 120.0' spd 327.2 yaw 192.4 mode 2 st 3 gl 1 hp 79 frg 6
ARGEVT Romero route 10 start '2593.0 -247.0 120.0' goal '2465.0 -1719.0  24.0'
ARGLOG Carmack t 155.2 pos '1980.6 -143.6  24.0' spd 320.0 yaw 352.1 mode 2 st 7 gl 1 hp 19 frg 6
ARGLOG Joe Rogan t 155.4 pos '1277.2 -1131.6 200.0' spd 321.5 yaw 38 mode 2 st 7 gl 0 hp 100 frg 1
ARGLOG Romero t 155.4 pos '2493.4 -231.4 120.2' spd 341.1 yaw 171.7 mode 2 st 3 gl 1 hp 71 frg 6
ARGEVT Carmack hazard
ARGLOG Carmack t 155.7 pos '1910.7 -225.9  24.0' spd 163.6 yaw 358.5 mode 2 st 7 gl 1 hp 19 frg 6
ARGUS Carmack wallslide
ARGEVT Romero route 15 start '2433.0 -247.0  56.0' goal '2465.0 -1719.0  24.0'
ARGLOG Joe Rogan t 155.9 pos '1285.0 -961.8 192.3' spd 341.9 yaw  20.0 mode 0 st 7 gl 0 hp 100 frg 1
ARGLOG Romero t 155.9 pos '2324.8 -237.8  24.0' spd 317.2 yaw 178.3 mode 2 st 3 gl 1 hp 71 frg 6
ARGEVT Joe Rogan route 26 start '1313.0 -1047.0 200.0' goal '2465.0 -1975.0 120.0'
ARGLOG Carmack t 156.2 pos '1907.1 -208.4  24.0' spd 149.8 yaw  25.3 mode 2 st 7 gl 1 hp 3 frg 6
ARGLOG Joe Rogan t 156.4 pos '1360.0 -886.4  34.0' spd  34.3 yaw 231 mode 2 st 7 gl 0 hp 100 frg 1
ARGLOG Romero t 156.4 pos '2238.7 -97.3  24.0' spd 320.7 yaw 194.9 mode 2 st 3 gl 1 hp 71 frg 6
ARGEVT Carmack death Romero pos '1921.8 -226.2  24.0'
ARGUS Romero watch spawn
ARGEVT Romero goal backpack
ARGEVT Romero route 2 start '2177.0 -23.0  24.0' goal '1953.0 -215.0  24.0'
ARGLOG Joe Rogan t 156.9 pos '1301.9 -1021.2  32.0' spd 322.1 yaw 244.4 mode 0 st 7 gl 0 hp 100 frg 1
ARGEVT Joe Rogan hazard
ARGLOG Romero t 156.9 pos '2127.2  31.8  24.0' spd 439.9 yaw 222.4 mode 2 st 3 gl 1 hp 68 frg 7
ARGEVT Romero hazard
ARGEVT Joe Rogan route 23 start '1697.0 -663.0  24.0' goal '2465.0 -1975.0 120.0'
ARGUS Romero wallslide
ARGLOG Joe Rogan t 157.4 pos '1696.0 -954.8  20.0' spd 300 yaw 81 mode 2 st 7 gl 0 hp 100 frg 1
ARGLOG Romero t 157.4 pos '2030.6 -85.0  24.0' spd 320.7 yaw 229 mode 1 st 3 gl 1 hp 68 frg 7
ARGEVT Romero plan powerup via weapon
ARGEVT Romero goal weapon_rocketlauncher
ARGEVT Romero route 15 start '1953.0 -215.0  24.0' goal '2465.0 -1719.0  24.0'
ARGLOG Joe Rogan t 157.9 pos '1697.9 -907.0  20.0' spd 320.0 yaw 81 mode 2 st 7 gl 0 hp 100 frg 1
ARGLOG Romero t 157.9 pos '1924.2 -208.4  24.0' spd 344.6 yaw 20 mode 2 st 3 gl 2 hp 68 frg 7
ARGEVT Romero hazard
ARGUS Romero wallslide
ARGEVT Carmack respawn
ARGEVT Romero engage Carmack
ARGEVT Romero grab item_health
ARGEVT Carmack goal item_armorInv
ARGEVT Carmack engage Romero
ARGLOG Carmack t 158.1 pos '2560.0 -192.0  32.0' spd 0 yaw 179.9 mode 0 st 7 gl 1 hp 100 frg 6
ARGEVT Carmack route 6 start '2529.0 -183.0  32.0' goal '2369.0 -567.0  56.0'
ARGLOG Joe Rogan t 158.4 pos '1701.0 -745.0  20.0' spd 325.5 yaw 47 mode 2 st 7 gl 0 hp 100 frg 1
ARGLOG Romero t 158.4 pos '2018.2 -168.8  24.0' spd 355.3 yaw  14.6 mode 2 st 3 gl 2 hp 68 frg 7
ARGLOG Carmack t 158.6 pos '2466.5 -218.6  24.0' spd 320.7 yaw 162.9 mode 2 st 7 gl 1 hp 100 frg 6
ARGUS Carmack wallslide
ARGLOG Joe Rogan t 158.9 pos '1735.8 -587.0  24.0' spd 322.9 yaw 62 mode 2 st 7 gl 0 hp 100 frg 1
ARGLOG Romero t 158.9 pos '1969.1   2.5  24.0' spd 279.3 yaw 346.2 mode 2 st 3 gl 2 hp 85 frg 7
ARGLOG Carmack t 159.2 pos '2430.5 -144.0  24.0' spd  13.3 yaw 163.9 mode 2 st 7 gl 1 hp 100 frg 6
ARGEVT Joe Rogan hazard
ARGUS Romero wallslide
ARGLOG Joe Rogan t 159.4 pos '1731.0 -468.6  24.0' spd  32.4 yaw 33 mode 2 st 7 gl 0 hp 100 frg 1
ARGLOG Romero t 159.4 pos '1905.1 -133.6  24.0' spd 322.1 yaw 356.7 mode 2 st 3 gl 2 hp 85 frg 7
ARGLOG Carmack t 159.7 pos '2421.7 -144.0  24.0' spd  79.5 yaw 183.3 mode 2 st 7 gl 1 hp 100 frg 6
ARGEVT Romero route 15 start '1953.0 -215.0  24.0' goal '2465.0 -1719.0  24.0'
ARGUS Carmack wallslide
ARGEVT Joe Rogan jump
ARGLOG Joe Rogan t 159.9 pos '1878.7 -468.5  75.9' spd 320.0 yaw 53 mode 2 st 7 gl 0 hp 100 frg 1
ARGLOG Romero t 159.9 pos '1911.5 -182.2  24.0' spd 325.9 yaw   3.2 mode 2 st 3 gl 2 hp 79 frg 7
ARGLOG Carmack t 160.2 pos '2338.3 -144.0  24.0' spd 154.7 yaw 178.3 mode 2 st 7 gl 1 hp 100 frg 6
ARGEVT Joe Rogan engage Romero
ARGLOG Joe Rogan t 160.4 pos '2016.3 -470.6 104.0' spd  52.2 yaw  85.4 mode 2 st 7 gl 0 hp 100 frg 1
ARGLOG Romero t 160.5 pos '1931.1 -19.2  24.0' spd 332.8 yaw 328.4 mode 2 st 3 gl 2 hp 79 frg 7
ARGEVT Romero weapon sg
ARGEVT Romero hazard
ARGLOG Carmack t 160.7 pos '2251.2 -240.4  24.0' spd 246.9 yaw 147.8 mode 2 st 7 gl 1 hp 91 frg 6
ARGUS Joe Rogan wallslide
ARGLOG Joe Rogan t 160.9 pos '1864.8 -464.0  56.0' spd 331.1 yaw  82.9 mode 2 st 7 gl 0 hp 100 frg 1
ARGLOG Romero t 161.0 pos '1907.0 -98.7  24.0' spd 223.0 yaw 321.8 mode 2 st 3 gl 2 hp 78 frg 7
ARGEVT Joe Rogan hazard
ARGLOG Carmack t 161.2 pos '2145.3 -355.3  24.0' spd 200.3 yaw 127.1 mode 2 st 7 gl 1 hp 67 frg 6
ARGLOG Joe Rogan t 161.4 pos '1935.4 -464.0  88.0' spd 366.1 yaw 66 mode 2 st 7 gl 0 hp 100 frg 1
ARGLOG Romero t 161.5 pos '2038.4 -54.2  24.0' spd 320.2 yaw 302.7 mode 2 st 3 gl 2 hp 78 frg 7
ARGLOG Carmack t 161.7 pos '2240.5 -277.0  24.0' spd 320.0 yaw 122.1 mode 2 st 7 gl 1 hp 67 frg 6
ARGEVT Carmack hazard
ARGUS Carmack wallslide
ARGLOG Joe Rogan t 161.9 pos '2027.0 -443.4 104.0' spd 321.6 yaw  77.8 mode 2 st 7 gl 0 hp 100 frg 1
ARGLOG Romero t 162.0 pos '2172.0 -10.7  24.0' spd 103.4 yaw 300.2 mode 2 st 3 gl 2 hp 78 frg 7
ARGLOG Carmack t 162.2 pos '2301.1 -157.8  24.0' spd 174.9 yaw 144.9 mode 2 st 7 gl 1 hp 47 frg 6
ARGLOG Joe Rogan t 162.4 pos '2045.2 -411.7 104.0' spd  69.2 yaw  73.2 mode 2 st 7 gl 0 hp 100 frg 1
ARGLOG Romero t 162.5 pos '2081.1 -139.3  24.0' spd 293.2 yaw 331.1 mode 2 st 3 gl 2 hp 66 frg 7
ARGLOG Carmack t 162.7 pos '2190.0 -270.5  24.0' spd 320.5 yaw 158.4 mode 2 st 7 gl 1 hp 47 frg 6
ARGEVT Carmack retreat
ARGEVT Romero route 15 start '2017.0 -183.0  24.0' goal '2465.0 -1719.0  24.0'
ARGLOG Joe Rogan t 163.0 pos '2025.4 -376.9 104.0' spd 297.5 yaw  79.6 mode 2 st 7 gl 0 hp 100 frg 1
ARGLOG Romero t 163.0 pos '2010.0 -283.3  56.0' spd 143.1 yaw 328.6 mode 2 st 3 gl 2 hp 66 frg 7
ARGEVT Romero pursue
ARGEVT Carmack pursue
ARGUS Romero hunch item_health
ARGLOG Carmack t 163.2 pos '2227.9 -428.1   8.0' spd 166.7 yaw 136.3 mode 2 st 7 gl 1 hp 23 frg 6
ARGEVT Joe Rogan hazard
ARGEVT Romero pursue
ARGEVT Romero goal item_health
ARGLOG Joe Rogan t 163.5 pos '1987.5 -468.8 104.0' spd 257.3 yaw  68.4 mode 2 st 7 gl 0 hp 100 frg 1
ARGLOG Romero t 163.5 pos '2105.8 -205.8  24.0' spd 331.7 yaw 339.6 mode 1 st 3 gl 2 hp 66 frg 7
ARGLOG Carmack t 163.7 pos '2186.7 -437.3   8.0' spd 321.8 yaw  94.9 mode 2 st 7 gl 1 hp 23 frg 6
ARGEVT Joe Rogan pursue
ARGLOG Joe Rogan t 164.0 pos '2008.8 -466.1 104.0' spd 376.8 yaw 70 mode 2 st 7 gl 0 hp 100 frg 1
ARGLOG Romero t 164.0 pos '2271.2 -173.5  24.0' spd 382.0 yaw 266.8 mode 1 st 3 gl 2 hp 57 frg 7
ARGLOG Carmack t 164.2 pos '2313.0 -521.7   8.0' spd 332.2 yaw  84.2 mode 2 st 7 gl 1 hp 23 frg 6
ARGLOG Joe Rogan t 164.5 pos '2035.4 -298.9  56.0' spd 325.6 yaw 55 mode 2 st 7 gl 0 hp 100 frg 1
ARGEVT Romero grab item_health
ARGLOG Romero t 164.5 pos '2439.5 -167.9  24.0' spd 346.9 yaw 266.6 mode 1 st 3 gl 2 hp 53 frg 7
ARGUS Joe Rogan hunch item_artifact_super_damage
ARGUS Joe Rogan wallslide
ARGEVT Joe Rogan hazard
ARGEVT Joe Rogan plan powerup via weapon
ARGEVT Joe Rogan goal weapon_rocketlauncher
ARGLOG Carmack t 164.7 pos '2473.0 -496.5   8.0' spd 320.2 yaw  81.7 mode 2 st 7 gl 1 hp 23 frg 6
ARGEVT Joe Rogan routefail
ARGEVT Joe Rogan plan powerup via weapon
ARGEVT Joe Rogan goal weapon_rocketlauncher
ARGEVT Carmack pursue
ARGEVT Joe Rogan route 15 start '2017.0 -279.0  56.0' goal '2465.0 -1719.0  24.0'
ARGUS Carmack hunch item_health
ARGLOG Joe Rogan t 165.0 pos '2064.0 -296.8  56.0' spd 332.8 yaw   7.9 mode 2 st 7 gl 0 hp 100 frg 1
ARGLOG Romero t 165.0 pos '2551.1 -225.2  32.0' spd 165.8 yaw 130.3 mode 1 st 3 gl 2 hp 53 frg 7
ARGEVT Carmack pursue
ARGEVT Carmack goal item_health
ARGEVT Carmack route 7 start '2561.0 -503.0  24.0' goal '2593.0 -119.0 120.0'
ARGEVT Romero pursue
ARGLOG Carmack t 165.2 pos '2513.0 -494.7  24.0' spd 339.4 yaw 175.4 mode 2 st 7 gl 1 hp 23 frg 6
ARGEVT Joe Rogan pursue
ARGLOG Joe Rogan t 165.5 pos '2064.6 -195.6  24.0' spd 322.3 yaw   5.9 mode 2 st 7 gl 0 hp 100 frg 1
ARGLOG Romero t 165.5 pos '2455.6 -193.5  24.0' spd 259.6 yaw 249.0 mode 1 st 3 gl 2 hp 53 frg 7
ARGLOG Carmack t 165.7 pos '2401.1 -520.0   8.0' spd  53.5 yaw  73.4 mode 2 st 7 gl 1 hp 23 frg 6
ARGEVT Carmack pursue
ARGLOG Joe Rogan t 166.0 pos '2089.2 -79.5  24.0' spd 185.1 yaw 344.5 mode 2 st 7 gl 0 hp 100 frg 1
ARGEVT Romero pursue
ARGLOG Romero t 166.0 pos '2536.6 -209.6  32.0' spd 270.1 yaw 249 mode 1 st 3 gl 2 hp 50 frg 7
ARGEVT Romero hazard
ARGLOG Carmack t 166.2 pos '2402.8 -454.1   8.0' spd 320.3 yaw 74 mode 2 st 7 gl 1 hp 23 frg 6
ARGEVT Romero pursue
ARGUS Romero wallslide
ARGEVT Romero grab item_health
ARGLOG Joe Rogan t 166.5 pos '2089.5 -220.5  24.0' spd  50.0 yaw 356.0 mode 2 st 7 gl 0 hp 100 frg 1
ARGLOG Romero t 166.5 pos '2439.1 -218.6  24.0' spd 292.1 yaw 256.4 mode 1 st 3 gl 2 hp 46 frg 7
ARGLOG Carmack t 166.7 pos '2401.8 -495.3   8.0' spd 347.5 yaw  73.4 mode 2 st 7 gl 1 hp 23 frg 6
ARGEVT Carmack hazard
ARGEVT Carmack pursue
ARGLOG Joe Rogan t 167.0 pos '2128.6 -78.1  24.0' spd 320.9 yaw 352.1 mode 2 st 7 gl 0 hp 100 frg 1
ARGEVT Romero pursue
ARGLOG Romero t 167.0 pos '2561.5 -173.2  32.0' spd 172.1 yaw 247.6 mode 1 st 3 gl 2 hp 45 frg 7
ARGEVT Romero hazard
ARGLOG Carmack t 167.2 pos '2479.3 -453.3   8.0' spd 333.6 yaw 95 mode 2 st 7 gl 1 hp 23 frg 6
ARGEVT Joe Rogan pursue
ARGEVT Romero pursue
ARGEVT Romero pursue
ARGUS Romero wallslide
ARGLOG Joe Rogan t 167.5 pos '2204.2 -19.9  24.0' spd 320.1 yaw 338 mode 2 st 7 gl 0 hp 100 frg 1
ARGLOG Romero t 167.5 pos '2433.5 -239.8  24.0' spd 333.4 yaw 239.8 mode 1 st 3 gl 2 hp 45 frg 7
ARGLOG Carmack t 167.7 pos '2507.5 -332.3   8.0' spd 276.4 yaw 128.8 mode 2 st 7 gl 1 hp 23 frg 6
ARGEVT Joe Rogan jump
ARGLOG Joe Rogan t 168.0 pos '2339.5 -80.0  78.4' spd  99.2 yaw 310.8 mode 2 st 7 gl 0 hp 100 frg 1
ARGLOG Romero t 168.0 pos '2430.4 -225.0  24.0' spd 291.4 yaw 313.5 mode 1 st 3 gl 2 hp 45 frg 7
ARGEVT Romero pursue
ARGEVT Carmack pursue
ARGEVT Carmack route 6 start '2593.0 -375.0  24.0' goal '2593.0 -119.0 120.0'
ARGLOG Carmack t 168.2 pos '2591.5 -361.8  24.0' spd 293.5 yaw 146 mode 2 st 7 gl 1 hp 23 frg 6
ARGEVT Romero hazard
ARGEVT Carmack hazard
ARGUS Romero wallslide
ARGLOG Joe Rogan t 168.5 pos '2426.7 -67.6 104.0' spd 320.2 yaw 292.7 mode 2 st 7 gl 0 hp 100 frg 1
ARGLOG Romero t 168.5 pos '2487.9 -240.0  24.0' spd  61.0 yaw 219.8 mode 1 st 3 gl 2 hp 33 frg 7
ARGEVT Carmack pursue
ARGEVT Romero grab item_health
ARGLOG Carmack t 168.7 pos '2451.1 -318.1   8.0' spd 209.2 yaw 136.4 mode 2 st 7 gl 1 hp 23 frg 6
ARGLOG Joe Rogan t 169.0 pos '2592.2 -79.3 120.0' spd 333.8 yaw 241.8 mode 2 st 7 gl 0 hp 100 frg 1
ARGLOG Romero t 169.0 pos '2514.6 -210.5  32.0' spd 325.7 yaw 265.2 mode 1 st 3 gl 2 hp 33 frg 7
ARGEVT Joe Rogan hazard
ARGLOG Carmack t 169.3 pos '2478.8 -466.6   8.0' spd 326.7 yaw  71.1 mode 2 st 7 gl 1 hp 23 frg 6
ARGEVT Carmack pursue
ARGEVT Romero pursue
ARGEVT Joe Rogan pursue
ARGUS Romero hunch item_health
ARGEVT Romero pursue
ARGEVT Romero goal item_health
ARGEVT Romero jump
ARGEVT Romero route 5 start '2529.0 -183.0  32.0' goal '2593.0 -247.0 120.0'
ARGLOG Joe Rogan t 169.5 pos '2551.3 -65.9 120.0' spd 371.2 yaw 247 mode 2 st 7 gl 0 hp 100 frg 1
ARGLOG Romero t 169.6 pos '2532.6 -189.3  45.6' spd 268.0 yaw 104.3 mode 2 st 3 gl 2 hp 33 frg 7
ARGEVT Joe Rogan pursue
ARGUS Joe Rogan bodyblock
ARGLOG Carmack t 169.8 pos '2478.4 -375.4   8.0' spd 320.1 yaw 94 mode 2 st 7 gl 1 hp 23 frg 6
ARGUS Romero wallslide
ARGEVT Carmack hazard
ARGLOG Joe Rogan t 170.1 pos '2556.1 -145.8 120.0' spd 306.7 yaw 165.0 mode 0 st 7 gl 0 hp 100 frg 1
ARGEVT Carmack grab item_health
ARGEVT Joe Rogan route 11 start '2593.0 -119.0 120.0' goal '2465.0 -1719.0  24.0'
ARGLOG Romero t 170.1 pos '2452.9 -148.1  24.0' spd 260.4 yaw 221.0 mode 1 st 3 gl 2 hp 9 frg 7
ARGUS Carmack wallslide
ARGLOG Carmack t 170.3 pos '2411.3 -304.0   8.0' spd  81.3 yaw  74.2 mode 2 st 7 gl 1 hp 23 frg 6
ARGEVT Romero jump
ARGEVT Romero grab item_health
ARGLOG Joe Rogan t 170.6 pos '2483.3   9.5 120.0' spd 380.3 yaw 260.1 mode 2 st 7 gl 0 hp 100 frg 1
ARGLOG Romero t 170.6 pos '2487.8 -153.7  59.6' spd 175.8 yaw 263.8 mode 1 st 3 gl 2 hp 9 frg 7
ARGUS Joe Rogan wallslide
ARGLOG Carmack t 170.8 pos '2443.7 -304.8   8.0' spd  26.5 yaw  70.1 mode 2 st 7 gl 1 hp 23 frg 6
ARGEVT Romero pursue
ARGEVT Carmack pursue
ARGEVT Carmack hazard
ARGLOG Joe Rogan t 171.1 pos '2324.7 -50.0  56.0' spd 344.9 yaw 328.1 mode 2 st 7 gl 0 hp 100 frg 1
ARGLOG Romero t 171.1 pos '2514.0 -161.5  32.0' spd 212.9 yaw 240 mode 1 st 3 gl 2 hp 12 frg 7
ARGEVT Romero jump
ARGEVT Carmack pursue
ARGLOG Carmack t 171.3 pos '2428.5 -304.0   8.0' spd 341.6 yaw 154.8 mode 2 st 7 gl 1 hp 23 frg 6
ARGEVT Romero pursue
ARGUS Carmack wallslide
ARGUS Carmack hunch item_health
ARGEVT Carmack pursue
ARGEVT Carmack goal item_health
ARGEVT Carmack route 6 start '2401.0 -343.0   8.0' goal '2017.0 -535.0 104.0'
ARGEVT Carmack pursue
ARGLOG Joe Rogan t 171.6 pos '2411.9   2.7  88.0' spd 337.6 yaw 291.0 mode 2 st 7 gl 0 hp 100 frg 1
ARGLOG Romero t 171.6 pos '2456.3 -240.0  65.9' spd 122.0 yaw 239.6 mode 1 st 3 gl 2 hp 12 frg 7
ARGEVT Romero weapon sg
ARGUS Joe Rogan wallslide
ARGLOG Carmack t 171.8 pos '2341.1 -362.4   8.0' spd 118.5 yaw  48.0 mode 2 st 7 gl 1 hp 23 frg 6
ARGLOG Joe Rogan t 172.1 pos '2581.6 -10.8 120.0' spd 351.6 yaw 232.4 mode 2 st 7 gl 0 hp 100 frg 1
ARGLOG Romero t 172.1 pos '2357.3 -215.1  24.0' spd 320.4 yaw 231.6 mode 1 st 3 gl 2 hp 12 frg 7
ARGLOG Carmack t 172.3 pos '2225.0 -290.5  24.0' spd 327.9 yaw  55.7 mode 2 st 7 gl 1 hp 23 frg 6
ARGEVT Carmack death Romero pos '2209.7 -280.3  24.0'
ARGUS Romero watch spawn
ARGEVT Romero goal item_health
ARGEVT Romero engage Joe Rogan
ARGEVT Romero retreat
ARGEVT Romero death Joe Rogan pos '2243.8 -173.5  24.0'
ARGUS Joe Rogan watch spawn
ARGLOG Joe Rogan t 172.6 pos '2609.0   0.0 120.0' spd 346.2 yaw 150.5 mode 2 st 7 gl 0 hp 100 frg 2
ARGEVT Joe Rogan goal backpack
ARGEVT Joe Rogan route 3 start '2561.0 -23.0 120.0' goal '2241.0 -183.0  24.0'
ARGLOG Joe Rogan t 173.1 pos '2453.8 -24.9 120.0' spd 327.6 yaw 223 mode 2 st 7 gl 0 hp 100 frg 2
ARGEVT Joe Rogan hazard
ARGLOG Joe Rogan t 173.6 pos '2350.9 -151.9  55.9' spd 339.9 yaw 215 mode 1 st 7 gl 0 hp 100 frg 2
ARGEVT Carmack respawn
ARGEVT Carmack plan powerup via weapon
ARGEVT Carmack goal weapon_rocketlauncher
ARGLOG Carmack t 173.9 pos '1712.0 -504.0  24.0' spd 0 yaw 274.5 mode 0 st 7 gl 1 hp 100 frg 6
ARGEVT Carmack route 17 start '1761.0 -503.0  24.0' goal '2465.0 -1719.0  24.0'
ARGEVT Romero respawn
ARGEVT Joe Rogan engage Romero
ARGEVT Joe Rogan grab 
ARGEVT Romero goal item_armorInv
ARGEVT Romero engage Joe Rogan
ARGLOG Romero t 174.0 pos '2560.0 -192.0  32.0' spd 0 yaw 180.3 mode 0 st 3 gl 2 hp 100 frg 8
ARGEVT Romero route 6 start '2529.0 -183.0  32.0' goal '2369.0 -567.0  56.0'
ARGEVT Carmack hazard
ARGLOG Joe Rogan t 174.1 pos '2275.4 -230.1  24.0' spd 303.8 yaw 102.3 mode 1 st 7 gl 0 hp 100 frg 2
ARGEVT Joe Rogan plan powerup via weapon
ARGEVT Joe Rogan goal weapon_grenadelauncher
ARGEVT Joe Rogan route 9 start '2241.0 -183.0  24.0' goal '2049.0 -919.0 344.0'
ARGLOG Carmack t 174.4 pos '1835.0 -537.2  40.0' spd 336.3 yaw 37 mode 2 st 7 gl 1 hp 100 frg 6
ARGEVT Joe Rogan grab 
ARGLOG Romero t 174.5 pos '2519.6 -223.6  32.0' spd  47.2 yaw 162.9 mode 2 st 3 gl 2 hp 100 frg 8
ARGEVT Carmack jump
ARGLOG Joe Rogan t 174.6 pos '2235.5 -81.9  24.0' spd  62.2 yaw 337.1 mode 2 st 7 gl 1 hp 100 frg 2
ARGLOG Carmack t 174.9 pos '1905.3 -464.0 115.6' spd  30.6 yaw 58 mode 2 st 7 gl 1 hp 100 frg 6
ARGLOG Romero t 175.0 pos '2515.7 -211.2  32.0' spd 320.2 yaw 176.1 mode 2 st 3 gl 2 hp 96 frg 8
ARGLOG Joe Rogan t 175.1 pos '2174.6 -215.7  24.0' spd 320.5 yaw   0.4 mode 2 st 7 gl 1 hp 100 frg 2
ARGUS Carmack wallslide
ARGLOG Carmack t 175.4 pos '1955.1 -464.0 104.0' spd 276.4 yaw 23 mode 2 st 7 gl 1 hp 100 frg 6
ARGUS Romero wallslide
ARGLOG Romero t 175.6 pos '2464.2 -144.0  24.0' spd 137.8 yaw 181.2 mode 2 st 3 gl 2 hp 96 frg 8
ARGLOG Joe Rogan t 175.6 pos '2160.1 -119.1  24.0' spd 323.6 yaw   1.0 mode 2 st 7 gl 1 hp 99 frg 2
ARGEVT Carmack hazard
ARGLOG Carmack t 175.9 pos '2045.8 -359.1  88.0' spd 328.3 yaw 89 mode 2 st 7 gl 1 hp 100 frg 6
ARGEVT Carmack engage Joe Rogan
ARGLOG Romero t 176.1 pos '2451.7 -144.0  24.0' spd 186.3 yaw 153.5 mode 2 st 3 gl 2 hp 84 frg 8
ARGLOG Joe Rogan t 176.2 pos '2182.1  20.1  24.0' spd  96.4 yaw 318.8 mode 2 st 7 gl 1 hp 95 frg 2
ARGLOG Carmack t 176.4 pos '1954.3 -218.4  24.0' spd 324.2 yaw  49.0 mode 2 st 7 gl 1 hp 100 frg 6
ARGEVT Romero hazard
ARGLOG Romero t 176.6 pos '2482.7 -227.5  24.0' spd 320.0 yaw 159.0 mode 2 st 3 gl 2 hp 64 frg 8
ARGLOG Joe Rogan t 176.7 pos '2143.0 -129.3  24.0' spd 321.7 yaw 341.3 mode 2 st 7 gl 1 hp 95 frg 2
ARGEVT Romero route 6 start '2529.0 -183.0  32.0' goal '2369.0 -567.0  56.0'
ARGLOG Carmack t 176.9 pos '1914.1 -54.0  24.0' spd 364.1 yaw 336.1 mode 2 st 7 gl 1 hp 100 frg 6
ARGLOG Romero t 177.1 pos '2544.6 -182.0  32.0' spd 328.0 yaw 188.1 mode 0 st 3 gl 2 hp 52 frg 8
ARGUS routecache adopt
ARGEVT Romero route 6 start '2529.0 -183.0  32.0' goal '2369.0 -567.0  56.0'
ARGEVT Carmack hazard
ARGLOG Joe Rogan t 177.2 pos '2148.0 -293.1  24.0' spd 322.8 yaw  12.0 mode 2 st 7 gl 1 hp 95 frg 2
ARGLOG Carmack t 177.4 pos '2049.8  14.8  24.0' spd 320.1 yaw 292.1 mode 2 st 7 gl 1 hp 100 frg 6
ARGUS Carmack wallslide
ARGEVT Joe Rogan route 10 start '2177.0 -375.0   8.0' goal '2049.0 -919.0 344.0'
ARGEVT Romero pursue
ARGEVT Joe Rogan pursue
ARGLOG Romero t 177.6 pos '2497.5 -150.9  24.0' spd 353.2 yaw 200 mode 2 st 3 gl 2 hp 52 frg 8
ARGLOG Joe Rogan t 177.7 pos '2240.0 -422.8   8.0' spd 442.0 yaw 36 mode 2 st 7 gl 1 hp 87 frg 2
ARGUS Romero wallslide
ARGLOG Carmack t 177.9 pos '2192.0  19.7  24.0' spd  19.9 yaw 285.7 mode 2 st 7 gl 1 hp 100 frg 6
ARGLOG Romero t 178.1 pos '2328.8 -146.7  24.0' spd 332.4 yaw 267.6 mode 2 st 3 gl 2 hp 52 frg 8
ARGLOG Joe Rogan t 178.2 pos '2407.9 -368.5   8.0' spd 327.0 yaw 50 mode 2 st 7 gl 1 hp 87 frg 2
ARGEVT Joe Rogan grab item_health
ARGLOG Carmack t 178.4 pos '2110.0 -51.4  24.0' spd 329.6 yaw 317.0 mode 2 st 7 gl 1 hp 100 frg 6
ARGLOG Romero t 178.6 pos '2190.7 -246.1  24.0' spd 345.0 yaw 338.9 mode 2 st 3 gl 2 hp 52 frg 8
ARGLOG Joe Rogan t 178.7 pos '2520.9 -339.9  24.0' spd 215.0 yaw 168.6 mode 2 st 7 gl 1 hp 87 frg 2
ARGEVT Carmack pursue
ARGEVT Joe Rogan route 11 start '2529.0 -343.0  24.0' goal '2049.0 -919.0 344.0'
ARGLOG Carmack t 178.9 pos '2094.7 -196.5  24.0' spd 351.2 yaw 338 mode 2 st 7 gl 1 hp 100 frg 6
ARGEVT Romero retreat
ARGLOG Romero t 179.1 pos '2162.0 -404.7   8.0' spd 123.1 yaw   6.5 mode 2 st 3 gl 2 hp 32 frg 8
ARGLOG Joe Rogan t 179.2 pos '2611.2 -325.6  24.0' spd 159.4 yaw 192.4 mode 0 st 7 gl 1 hp 87 frg 2
ARGEVT Joe Rogan route 11 start '2593.0 -375.0  24.0' goal '2049.0 -919.0 344.0'
ARGEVT Joe Rogan hazard
ARGLOG Carmack t 179.4 pos '2236.8 -279.8  24.0' spd 321.5 yaw 344 mode 2 st 7 gl 1 hp 100 frg 6
ARGUS routecache adopt
ARGEVT Joe Rogan route 11 start '2593.0 -375.0  24.0' goal '2049.0 -919.0 344.0'
ARGUS Carmack wallslide
ARGEVT Carmack hazard
ARGLOG Romero t 179.6 pos '2176.8 -267.7  24.0' spd 324.2 yaw 355.5 mode 2 st 3 gl 2 hp 24 frg 8
ARGUS routecache adopt
ARGEVT Joe Rogan route 11 start '2593.0 -375.0  24.0' goal '2049.0 -919.0 344.0'
ARGLOG Joe Rogan t 179.7 pos '2619.6 -327.6  24.0' spd 131.2 yaw 169.2 mode 0 st 7 gl 1 hp 87 frg 2
ARGUS routecache adopt
ARGEVT Joe Rogan route 11 start '2593.0 -375.0  24.0' goal '2049.0 -919.0 344.0'
ARGEVT Carmack pursue
ARGLOG Carmack t 180.0 pos '2273.6 -157.3  24.0' spd 334.1 yaw 334.1 mode 2 st 7 gl 1 hp 72 frg 6
ARGEVT Romero route 5 start '2241.0 -183.0  24.0' goal '2369.0 -567.0  56.0'
ARGEVT Joe Rogan pursue
ARGEVT Romero pursue
ARGEVT Joe Rogan route 11 start '2593.0 -375.0  24.0' goal '2049.0 -919.0 344.0'
ARGLOG Romero t 180.1 pos '2220.2 -126.5  24.0' spd 334.1 yaw 334 mode 2 st 3 gl 2 hp 24 frg 8
ARGLOG Joe Rogan t 180.2 pos '2535.3 -366.8  24.0' spd 337.8 yaw 166 mode 2 st 7 gl 1 hp 87 frg 2
ARGUS Romero wallslide
ARGUS Carmack bodyblock
ARGLOG Carmack t 180.5 pos '2332.6 -188.6  24.0' spd 296.0 yaw 335 mode 2 st 7 gl 1 hp 72 frg 6
ARGLOG Romero t 180.6 pos '2360.3 -166.5  24.0' spd 329.7 yaw 328 mode 2 st 3 gl 2 hp 24 frg 8
ARGLOG Joe Rogan t 180.7 pos '2371.9 -344.6   8.0' spd 320.3 yaw 136.8 mode 2 st 7 gl 1 hp 87 frg 2
ARGUS Carmack hunch item_artifact_super_damage
ARGEVT Romero hazard
ARGEVT Carmack pursue
ARGLOG Carmack t 181.0 pos '2464.1 -223.9  24.0' spd 241.1 yaw 102.2 mode 2 st 7 gl 1 hp 72 frg 6
ARGEVT Carmack plan powerup via weapon
ARGEVT Carmack goal weapon_rocketlauncher
ARGEVT Carmack route 14 start '2433.0 -183.0  24.0' goal '2465.0 -1719.0  24.0'
ARGLOG Romero t 181.1 pos '2261.3 -146.6  24.0' spd 334.5 yaw 261.8 mode 2 st 3 gl 2 hp 24 frg 8
ARGUS Carmack wallslide
ARGLOG Joe Rogan t 181.2 pos '2216.6 -300.6  24.0' spd 320.0 yaw  84.0 mode 2 st 7 gl 1 hp 87 frg 2
ARGEVT Carmack grab item_health
ARGEVT Romero death Joe Rogan pos '2203.2 -130.2  24.0'
ARGUS Joe Rogan watch spawn
ARGEVT Joe Rogan engage Carmack
ARGLOG Carmack t 181.5 pos '2536.7 -177.7  32.0' spd 357.7 yaw 175.4 mode 2 st 7 gl 1 hp 72 frg 6
ARGEVT Joe Rogan plan powerup via weapon
ARGEVT Joe Rogan goal weapon_grenadelauncher
ARGEVT Joe Rogan route 10 start '2113.0 -215.0  24.0' goal '2049.0 -919.0 344.0'
ARGEVT Joe Rogan grab 
ARGEVT Carmack route 15 start '2529.0 -183.0  32.0' goal '2465.0 -1719.0  24.0'
ARGLOG Joe Rogan t 181.7 pos '2121.2 -166.0  24.0' spd 374.2 yaw 353.7 mode 2 st 7 gl 1 hp 87 frg 3
ARGLOG Carmack t 182.0 pos '2547.9 -206.6  32.0' spd 293.3 yaw 165.8 mode 2 st 7 gl 1 hp 48 frg 6
ARGLOG Joe Rogan t 182.2 pos '2230.8 -27.7  24.0' spd 320.3 yaw 332.4 mode 2 st 7 gl 1 hp 87 frg 3
ARGUS Joe Rogan wallslide
ARGLOG Carmack t 182.5 pos '2546.2 -205.3  32.0' spd  27.6 yaw 141.8 mode 2 st 7 gl 1 hp 48 frg 6
ARGEVT Joe Rogan jump
ARGLOG Joe Rogan t 182.7 pos '2288.8 -53.6  57.2' spd 330.8 yaw 323.9 mode 2 st 7 gl 1 hp 87 frg 3
ARGEVT Romero respawn
ARGEVT Romero goal item_armorInv
ARGLOG Romero t 182.9 pos '2048.0 -1352.0 136.0' spd 0 yaw 184.8 mode 0 st 3 gl 2 hp 100 frg 8
ARGEVT Romero route 28 start '2049.0 -1367.0 136.0' goal '2465.0 -1975.0 120.0'
ARGLOG Carmack t 183.0 pos '2533.9 -219.4  32.0' spd 124.5 yaw 153.8 mode 2 st 7 gl 1 hp 36 frg 6
ARGLOG Joe Rogan t 183.3 pos '2258.6 -219.2  57.9' spd 283.7 yaw   2.6 mode 2 st 7 gl 1 hp 87 frg 3
ARGEVT Romero hazard
ARGLOG Romero t 183.4 pos '1892.3 -1306.1  88.0' spd 329.5 yaw 51 mode 2 st 3 gl 2 hp 100 frg 8
ARGLOG Carmack t 183.5 pos '2548.6 -219.5  32.0' spd 139.6 yaw 187.6 mode 2 st 7 gl 1 hp 36 frg 6
ARGLOG Joe Rogan t 183.8 pos '2256.3 -125.2  24.0' spd 322.3 yaw 353.1 mode 2 st 7 gl 1 hp 87 frg 3
ARGLOG Romero t 183.9 pos '1936.0 -1233.5  90.8' spd 165.7 yaw 47 mode 2 st 3 gl 2 hp 100 frg 8
ARGLOG Carmack t 184.0 pos '2509.3 -195.0  24.0' spd 320.7 yaw 154.7 mode 2 st 7 gl 1 hp 36 frg 6
ARGUS Romero wallslide
ARGUS Carmack wallslide
ARGUS Joe Rogan wallslide
ARGLOG Joe Rogan t 184.3 pos '2334.5  13.8  56.0' spd 314.5 yaw 303.6 mode 2 st 7 gl 1 hp 87 frg 3
ARGEVT Romero hazard
ARGLOG Romero t 184.4 pos '1934.4 -1171.4  20.0' spd  45.0 yaw 27 mode 2 st 3 gl 2 hp 100 frg 8
ARGLOG Carmack t 184.5 pos '2365.1 -237.6  24.0' spd 330.3 yaw  89.7 mode 2 st 7 gl 1 hp 36 frg 6
ARGLOG Joe Rogan t 184.8 pos '2499.4 -11.5 120.0' spd 353.2 yaw 233.5 mode 2 st 7 gl 1 hp 87 frg 3
ARGLOG Romero t 184.9 pos '1930.2 -1151.4  20.0' spd  36.5 yaw 18 mode 2 st 3 gl 2 hp 100 frg 8
ARGLOG Carmack t 185.0 pos '2223.5 -142.5  24.0' spd 355.5 yaw  21.0 mode 2 st 7 gl 1 hp 36 frg 6
ARGLOG Joe Rogan t 185.3 pos '2581.8 -161.3 120.0' spd 352.5 yaw 169.7 mode 2 st 7 gl 1 hp 100 frg 3
ARGEVT Romero hazard
ARGLOG Romero t 185.4 pos '1926.4 -1133.7  20.0' spd  36.0 yaw 10 mode 2 st 3 gl 2 hp 100 frg 8
ARGEVT Carmack hazard
ARGUS Carmack wallslide
ARGEVT Carmack retreat
ARGLOG Carmack t 185.5 pos '2199.4  11.2  24.0' spd 303.0 yaw 330.7 mode 2 st 7 gl 1 hp 12 frg 6
ARGLOG Joe Rogan t 185.8 pos '2602.5 -177.2 120.0' spd 326.7 yaw 146.0 mode 2 st 7 gl 1 hp 97 frg 3
ARGLOG Romero t 185.9 pos '1922.8 -1116.8  20.0' spd  37.3 yaw 2 mode 2 st 3 gl 2 hp 100 frg 8
ARGLOG Carmack t 186.0 pos '2035.8  -1.1  24.0' spd 320.1 yaw 348.4 mode 2 st 7 gl 1 hp 12 frg 6
