LOG started on: 08/29/2026 08:38:25 
Playing registered version.
UDP Initialized
WIPX_OpenSocket: Address family not supported by protocol family
WIPX_Init: Unable to open control socket, IPX disabled
Exe: 20:02:47 Jul 31 2024
256.0 megabyte heap

Language initialization
Couldn't load 'localization/loc_english.txt'
from 'C:/argus/engine'

========= Quake Initialized =========

execing autoexec.cfg
SpawnServer: dm2
Clearing memory
Programs occupy 660K.
trying to open external vis file
maps/dm2.vis not found, trying argus.vis
external vis not found
ARGUS slots 8
ARGUS worldspawn reached
ARGNAV 216 nodes, 1075 links
0 entities inhibited
ARGUS init on dm2
ARGEVT Carmack spawned
ARGEVT Romero spawned
ARGEVT Joe Rogan spawned
Server spawned.
ARGLOG Joe Rogan t   1.2 pos '2624.0 -488.0  32.0' spd 0 yaw 143.2 mode 0 st 0 gl 0 hp 100 frg 0
ARGLOG Romero t   1.2 pos '2544.0 -32.0 -64.0' spd 0 yaw 190.2 mode 0 st 0 gl 0 hp 100 frg 0
ARGLOG Carmack t   1.2 pos '2560.0 -192.0  32.0' spd 0 yaw 162.0 mode 0 st 0 gl 0 hp 100 frg 0
ARGEVT Joe Rogan hazard
ARGLOG Joe Rogan t   1.7 pos '2627.2 -470.8  32.0' spd 380.4 yaw 316.6 mode 0 st 0 gl 0 hp 100 frg 0
ARGLOG Romero t   1.7 pos '2472.9  10.4 -72.0' spd 372.7 yaw  17.1 mode 0 st 0 gl 0 hp 100 frg 0
ARGLOG Carmack t   1.7 pos '2412.7 -144.1  24.0' spd 320 yaw 162.0 mode 0 st 0 gl 0 hp 100 frg 0
ARGEVT Romero hazard
ARGLOG Joe Rogan t   2.2 pos '2640.0 -480.3  32.0' spd 321.2 yaw  87.0 mode 0 st 0 gl 0 hp 100 frg 0
ARGLOG Romero t   2.2 pos '2615.3 -71.4 -72.0' spd 417.4 yaw  83.2 mode 0 st 0 gl 0 hp 100 frg 0
ARGLOG Carmack t   2.2 pos '2246.2 -138.2  24.0' spd 324.1 yaw 162.0 mode 0 st 0 gl 0 hp 100 frg 0
ARGLOG Joe Rogan t   2.7 pos '2622.1 -500.4  32.0' spd 245.2 yaw  48.5 mode 0 st 0 gl 0 hp 100 frg 0
ARGLOG Romero t   2.7 pos '2676.1  11.7 -72.0' spd 362.7 yaw 157.1 mode 0 st 0 gl 0 hp 100 frg 0
ARGLOG Carmack t   2.7 pos '2087.4 -94.5  24.0' spd 320.0 yaw 162.0 mode 0 st 0 gl 0 hp 100 frg 0
ARGEVT Joe Rogan hazard
ARGLOG Joe Rogan t   3.3 pos '2640.0 -496.8  32.0' spd 241.2 yaw  73.6 mode 0 st 0 gl 0 hp 100 frg 0
ARGLOG Romero t   3.3 pos '2558.1 -27.5 -64.0' spd 320.3 yaw 245 mode 0 st 0 gl 0 hp 100 frg 0
ARGLOG Carmack t   3.3 pos '1931.4 -43.5  24.0' spd 320.0 yaw 341.6 mode 0 st 0 gl 0 hp 100 frg 0
ARGLOG Joe Rogan t   3.8 pos '2517.2 -465.5  24.0' spd 323.2 yaw 162.5 mode 0 st 0 gl 0 hp 100 frg 0
ARGLOG Romero t   3.8 pos '2645.9 -27.3 -72.0' spd 368.2 yaw 319.4 mode 0 st 0 gl 0 hp 100 frg 0
ARGLOG Carmack t   3.8 pos '2053.3 -83.1  24.0' spd 320.0 yaw 341.6 mode 0 st 0 gl 0 hp 100 frg 0
ARGEVT Romero hazard
ARGEVT Joe Rogan plan powerup via weapon
ARGEVT Joe Rogan goal weapon_rocketlauncher
ARGEVT Romero goal item_armorInv
ARGEVT Carmack plan powerup via weapon
ARGEVT Carmack goal weapon_rocketlauncher
ARGEVT Joe Rogan route 10 start '2425.0 -447.0   8.0' goal '1465.0 -687.0 184.0'
ARGLOG Joe Rogan t   4.3 pos '2411.1 -338.6   8.0' spd 349.4 yaw 64 mode 2 st 0 gl 0 hp 100 frg 0
ARGLOG Romero t   4.3 pos '2669.4 -23.4 -72.0' spd 336.7 yaw 130.0 mode 0 st 0 gl 0 hp 100 frg 0
ARGLOG Carmack t   4.3 pos '2204.3 -154.4  24.0' spd 367.6 yaw 281 mode 0 st 0 gl 0 hp 100 frg 0
ARGEVT Romero route 11 start '2649.0 -47.0 -72.0' goal '2393.0 -655.0  56.0'
ARGEVT Carmack route 10 start '2233.0 -223.0  24.0' goal '2473.0 -1711.0  24.0'
ARGEVT Joe Rogan engage Carmack
ARGEVT Carmack engage Joe Rogan
ARGLOG Joe Rogan t   4.8 pos '2539.1 -344.1  24.0' spd 385.8 yaw 208.2 mode 2 st 0 gl 0 hp 100 frg 0
ARGLOG Romero t   4.8 pos '2591.4 119.9 -72.0' spd 320.7 yaw 150 mode 2 st 0 gl 0 hp 100 frg 0
ARGLOG Carmack t   4.8 pos '2256.3 -310.7  24.0' spd 320.0 yaw 334.8 mode 2 st 0 gl 0 hp 100 frg 0
ARGEVT Carmack grab item_armorInv
ARGLOG Joe Rogan t   5.3 pos '2559.5 -351.4  24.0' spd 320.0 yaw 207.8 mode 2 st 0 gl 0 hp 100 frg 0
ARGLOG Romero t   5.3 pos '2594.2 283.5 -72.0' spd 349.6 yaw 184 mode 2 st 0 gl 0 hp 100 frg 0
ARGLOG Carmack t   5.3 pos '2284.7 -474.2   8.0' spd 324.2 yaw   5.5 mode 2 st 0 gl 0 hp 100 frg 0
ARGEVT Romero jump
ARGLOG Joe Rogan t   5.8 pos '2479.8 -304.0   8.0' spd 107.9 yaw 226.0 mode 2 st 0 gl 0 hp 91 frg 0
ARGLOG Romero t   5.8 pos '2433.0 240.0 -27.0' spd 249.2 yaw 200 mode 2 st 0 gl 0 hp 100 frg 0
ARGLOG Carmack t   5.8 pos '2180.7 -521.0   8.0' spd 406.5 yaw  37.3 mode 0 st 0 gl 0 hp 76 frg 0
ARGEVT Carmack route 9 start '2153.0 -479.0   8.0' goal '2473.0 -1711.0  24.0'
ARGEVT Carmack hazard
ARGLOG Joe Rogan t   6.3 pos '2512.3 -453.6  24.0' spd 320.5 yaw 199.0 mode 2 st 0 gl 0 hp 91 frg 0
ARGLOG Romero t   6.3 pos '2328.1 246.3   8.0' spd 320 yaw 210 mode 2 st 0 gl 0 hp 100 frg 0
ARGLOG Carmack t   6.3 pos '2185.9 -521.2   8.0' spd 191.1 yaw 353.9 mode 2 st 0 gl 0 hp 76 frg 0
ARGEVT Joe Rogan jump
ARGUS routecache adopt
ARGEVT Carmack route 9 start '2153.0 -479.0   8.0' goal '2473.0 -1711.0  24.0'
ARGEVT Romero engage Carmack
ARGLOG Joe Rogan t   6.9 pos '2510.0 -501.1   8.0' spd 176.6 yaw 175.0 mode 2 st 0 gl 0 hp 82 frg 0
ARGLOG Romero t   6.9 pos '2175.6 185.2  24.0' spd 373.9 yaw 272.5 mode 2 st 0 gl 0 hp 100 frg 0
ARGLOG Carmack t   6.9 pos '2228.4 -497.8   8.0' spd 234.6 yaw  16.8 mode 2 st 0 gl 0 hp 76 frg 0
ARGEVT Carmack route 10 start '2169.0 -351.0  24.0' goal '2473.0 -1711.0  24.0'
ARGLOG Joe Rogan t   7.4 pos '2489.6 -338.7   8.0' spd 320.7 yaw 170.9 mode 2 st 0 gl 0 hp 73 frg 0
ARGLOG Romero t   7.4 pos '2126.0  36.8  24.0' spd 334.3 yaw 289.1 mode 2 st 0 gl 0 hp 100 frg 0
ARGLOG Carmack t   7.4 pos '2226.4 -331.1   8.0' spd 320.2 yaw  13.8 mode 2 st 0 gl 0 hp 64 frg 0
ARGLOG Joe Rogan t   7.9 pos '2416.3 -415.4   8.0' spd 337.7 yaw 122.3 mode 2 st 0 gl 0 hp 73 frg 0
ARGLOG Romero t   7.9 pos '2003.3 -75.1  24.0' spd 336.0 yaw 336.4 mode 2 st 0 gl 0 hp 100 frg 0
ARGLOG Carmack t   7.9 pos '2291.0 -181.0  24.0' spd 325.6 yaw 275.3 mode 2 st 0 gl 0 hp 48 frg 0
ARGEVT Joe Rogan pursue
ARGEVT Carmack pursue
ARGEVT Carmack route 11 start '2361.0 -175.0  24.0' goal '2473.0 -1711.0  24.0'
ARGEVT Carmack grab item_health
ARGEVT Carmack retreat
ARGLOG Joe Rogan t   8.4 pos '2313.6 -389.4   8.0' spd 231.2 yaw  49.2 mode 2 st 0 gl 0 hp 73 frg 0
ARGLOG Romero t   8.4 pos '1971.8 -239.9  24.0' spd 322.5 yaw 359.8 mode 0 st 0 gl 0 hp 100 frg 0
ARGLOG Carmack t   8.4 pos '2442.7 -235.1  24.0' spd 420.3 yaw 245.6 mode 2 st 0 gl 0 hp 24 frg 0
ARGEVT Romero route 6 start '1929.0 -223.0  24.0' goal '2393.0 -655.0  56.0'
ARGEVT Carmack weapon sg
ARGEVT Joe Rogan pursue
ARGEVT Carmack hazard
ARGEVT Romero hazard
ARGEVT Carmack pursue
ARGLOG Joe Rogan t   8.9 pos '2434.1 -357.5   8.0' spd 352.0 yaw 105 mode 2 st 0 gl 0 hp 73 frg 0
ARGLOG Romero t   8.9 pos '2049.8 -325.8  72.0' spd 364.0 yaw 29 mode 2 st 0 gl 0 hp 100 frg 0
ARGLOG Carmack t   8.9 pos '2536.3 -146.7  32.0' spd 238.4 yaw 234 mode 2 st 0 gl 0 hp 24 frg 0
ARGEVT Joe Rogan hazard
ARGEVT Joe Rogan grab item_health
ARGLOG Joe Rogan t   9.4 pos '2412.3 -304.0   8.0' spd 183.8 yaw  57.4 mode 2 st 0 gl 0 hp 73 frg 0
ARGLOG Romero t   9.4 pos '2064.0 -242.5  40.0' spd 176.7 yaw   8.7 mode 2 st 0 gl 0 hp 100 frg 0
ARGLOG Carmack t   9.4 pos '2498.7 -163.0  24.0' spd 320.0 yaw 243.9 mode 2 st 0 gl 0 hp 12 frg 0
ARGEVT Carmack death Romero pos '2526.5 -149.5  32.0'
ARGUS Romero watch spawn
ARGEVT Romero goal item_armorInv
ARGEVT Romero route 6 start '2041.0 -159.0  24.0' goal '2393.0 -655.0  56.0'
ARGLOG Joe Rogan t   9.9 pos '2411.3 -304.0   8.0' spd 327.7 yaw 159 mode 2 st 0 gl 0 hp 73 frg 0
ARGLOG Romero t   9.9 pos '2112.2 -83.2  24.0' spd 394.5 yaw 343.8 mode 2 st 0 gl 0 hp 100 frg 1
ARGEVT Romero engage Joe Rogan
ARGEVT Joe Rogan engage Romero
ARGLOG Joe Rogan t  10.5 pos '2255.0 -327.9   8.0' spd 106.6 yaw 109.7 mode 0 st 0 gl 0 hp 73 frg 0
ARGLOG Romero t  10.5 pos '2230.3 -129.2  24.0' spd 302.5 yaw 271.7 mode 2 st 0 gl 0 hp 100 frg 1
ARGEVT Joe Rogan route 10 start '2329.0 -351.0   8.0' goal '1465.0 -687.0 184.0'
ARGEVT Romero hazard
ARGLOG Joe Rogan t  11.0 pos '2330.0 -353.4   8.0' spd 333.2 yaw 146.7 mode 2 st 0 gl 0 hp 73 frg 0
ARGLOG Romero t  11.0 pos '2122.4 -235.7  24.0' spd 101.4 yaw 334.9 mode 2 st 0 gl 0 hp 100 frg 1
ARGEVT Carmack respawn
ARGEVT Carmack goal weapon_rocketlauncher
ARGLOG Carmack t  11.2 pos '2176.0 -2176.0  84.0' spd 0 yaw  73.7 mode 0 st 0 gl 0 hp 100 frg 0
ARGEVT Carmack route 3 start '2153.0 -2175.0  88.0' goal '2473.0 -1711.0  24.0'
ARGEVT Joe Rogan grab item_health
ARGLOG Joe Rogan t  11.5 pos '2200.4 -459.7   8.0' spd 321.0 yaw  83.3 mode 2 st 0 gl 0 hp 73 frg 0
ARGLOG Romero t  11.5 pos '2261.7 -153.4  24.0' spd 352.5 yaw 254.2 mode 2 st 0 gl 0 hp 76 frg 1
ARGLOG Carmack t  11.7 pos '2175.6 -2020.7  88.0' spd 320.7 yaw 38 mode 2 st 0 gl 0 hp 100 frg 0
ARGLOG Joe Rogan t 12 pos '2161.2 -526.5   8.0' spd  99.1 yaw  91.9 mode 2 st 0 gl 0 hp 69 frg 0
ARGLOG Romero t 12 pos '2179.7 -96.7  24.0' spd 331.0 yaw 268.1 mode 2 st 0 gl 0 hp 52 frg 1
ARGEVT Joe Rogan hazard
ARGLOG Carmack t  12.3 pos '2197.0 -1854.7  24.0' spd 399.4 yaw 27 mode 2 st 0 gl 0 hp 100 frg 0
ARGEVT Romero grab item_health
ARGEVT Romero route 6 start '2041.0 -159.0  24.0' goal '2393.0 -655.0  56.0'
ARGLOG Joe Rogan t  12.5 pos '2154.4 -511.3   8.0' spd 155.7 yaw 106.7 mode 2 st 0 gl 0 hp 53 frg 0
ARGLOG Romero t  12.5 pos '2008.8 -90.4  24.0' spd 361.7 yaw 290.4 mode 2 st 0 gl 0 hp 52 frg 1
ARGEVT Romero pursue
ARGEVT Joe Rogan pursue
ARGLOG Carmack t  12.8 pos '2371.0 -1815.5  24.0' spd 341.6 yaw 43 mode 1 st 0 gl 0 hp 100 frg 0
ARGLOG Joe Rogan t  13.0 pos '2134.0 -414.0   8.0' spd 320.7 yaw 99 mode 2 st 0 gl 0 hp 53 frg 0
ARGLOG Romero t  13.0 pos '1959.4 -166.1  24.0' spd 327.7 yaw 301 mode 2 st 0 gl 0 hp 77 frg 1
ARGEVT Carmack goal item_armorInv
ARGEVT Carmack route 5 start '2457.0 -1791.0  24.0' goal '2473.0 -1999.0 120.0'
ARGLOG Carmack t  13.3 pos '2513.1 -1722.1  24.0' spd 364.2 yaw 209 mode 2 st 0 gl 1 hp 100 frg 0
ARGLOG Joe Rogan t  13.5 pos '2128.0 -258.4  24.0' spd 318.0 yaw 107 mode 2 st 0 gl 0 hp 53 frg 0
ARGLOG Romero t  13.5 pos '2036.2 -311.7  72.0' spd 320.2 yaw 303 mode 2 st 0 gl 0 hp 77 frg 1
ARGEVT Carmack hazard
ARGUS Romero hunch item_armorInv
ARGEVT Romero goal item_armorInv
ARGLOG Carmack t  13.8 pos '2551.8 -1834.0  24.0' spd 358.7 yaw 193 mode 2 st 0 gl 1 hp 100 frg 0
ARGEVT Romero route 7 start '1993.0 -415.0 104.0' goal '2393.0 -655.0  56.0'
ARGEVT Romero grab item_health
ARGLOG Joe Rogan t  14.1 pos '2055.1 -114.9  24.0' spd 372.7 yaw 254.9 mode 2 st 0 gl 0 hp 45 frg 0
ARGLOG Romero t  14.1 pos '2001.9 -441.8 104.0' spd 370.8 yaw  83.5 mode 2 st 0 gl 0 hp 100 frg 1
ARGLOG Carmack t  14.3 pos '2393.8 -1889.6  24.0' spd 320.2 yaw 208 mode 2 st 0 gl 1 hp 100 frg 0
ARGEVT Joe Rogan hazard
ARGLOG Joe Rogan t  14.6 pos '1922.4 -100.1  24.0' spd 102.7 yaw 280.2 mode 0 st 0 gl 0 hp 37 frg 0
ARGLOG Romero t  14.6 pos '2020.3 -483.3 104.0' spd 327.6 yaw  99.8 mode 2 st 0 gl 0 hp 92 frg 1
ARGEVT Joe Rogan route 10 start '1929.0 -63.0  24.0' goal '1465.0 -687.0 184.0'
ARGLOG Carmack t  14.8 pos '2229.8 -1904.0  24.0' spd 322.9 yaw 236 mode 2 st 0 gl 1 hp 100 frg 0
ARGLOG Joe Rogan t  15.1 pos '2083.6 -119.1  24.0' spd 332.0 yaw 245.2 mode 2 st 0 gl 0 hp 37 frg 0
ARGLOG Romero t  15.1 pos '1864.7 -476.0  56.0' spd  99.1 yaw  59.7 mode 2 st 0 gl 0 hp 100 frg 1
ARGEVT Carmack jump
ARGEVT Joe Rogan pursue
ARGEVT Carmack door
ARGLOG Carmack t  15.3 pos '2128.0 -2005.5  93.7' spd 265.7 yaw 346.0 mode 2 st 0 gl 1 hp 100 frg 0
ARGEVT Romero pursue
ARGUS Joe Rogan hunch item_artifact_super_damage
ARGEVT Joe Rogan plan powerup via weapon
ARGEVT Joe Rogan goal weapon_rocketlauncher
ARGEVT Joe Rogan pursue
ARGLOG Joe Rogan t  15.6 pos '2134.0 -215.2  24.0' spd 236.1 yaw  83.0 mode 0 st 0 gl 0 hp 37 frg 0
ARGLOG Romero t  15.6 pos '2009.2 -439.9 104.0' spd 380.0 yaw 91 mode 2 st 0 gl 0 hp 100 frg 1
ARGEVT Joe Rogan route 9 start '2233.0 -223.0  24.0' goal '1465.0 -687.0 184.0'
ARGEVT Carmack hazard
ARGLOG Carmack t  15.9 pos '2212.4 -2051.1  88.0' spd 354.4 yaw 9 mode 2 st 0 gl 1 hp 100 frg 0
ARGEVT Carmack jump
ARGLOG Joe Rogan t  16.1 pos '2064.2 -64.8  24.0' spd 339.3 yaw 252.5 mode 2 st 0 gl 0 hp 37 frg 0
ARGLOG Romero t  16.1 pos '1986.6 -283.6  56.0' spd 333.3 yaw  70.6 mode 2 st 0 gl 0 hp 96 frg 1
ARGLOG Carmack t  16.4 pos '2232.0 -1968.0 120.0' spd 0 yaw 358 mode 2 st 0 gl 1 hp 100 frg 0
ARGEVT Joe Rogan retreat
ARGEVT Joe Rogan hazard
ARGLOG Joe Rogan t  16.6 pos '1913.2 -70.9  24.0' spd 149.5 yaw 321.9 mode 0 st 0 gl 0 hp 21 frg 0
ARGLOG Romero t  16.6 pos '2093.7 -208.5  24.0' spd 322.7 yaw 145.6 mode 2 st 0 gl 0 hp 84 frg 1
ARGEVT Joe Rogan route 10 start '1929.0 -63.0  24.0' goal '1465.0 -687.0 184.0'
ARGEVT Carmack hazard
ARGLOG Carmack t  16.9 pos '2232.0 -1968.0 120.0' spd 0 yaw 358 mode 2 st 0 gl 1 hp 100 frg 0
ARGLOG Joe Rogan t  17.1 pos '1917.9 -133.0  24.0' spd 221.8 yaw  10.1 mode 2 st 0 gl 0 hp 13 frg 0
ARGLOG Romero t  17.1 pos '2139.2 -47.2  24.0' spd 341.1 yaw 197.2 mode 2 st 0 gl 0 hp 84 frg 1
ARGEVT Joe Rogan death Romero pos '1918.6 -171.7  24.0'
ARGUS Romero watch spawn
ARGLOG Carmack t  17.4 pos '2232.0 -1968.0 120.0' spd 0 yaw 358 mode 2 st 0 gl 1 hp 100 frg 0
ARGEVT Romero goal item_armorInv
ARGEVT Carmack stall
ARGEVT Carmack stallnode '2473.0 -1999.0 120.0'
ARGEVT Carmack jump
ARGEVT Romero route 7 start '2041.0 -15.0  24.0' goal '2393.0 -655.0  56.0'
ARGEVT Carmack route 2 start '2153.0 -2015.0  88.0' goal '2473.0 -1999.0 120.0'
ARGLOG Romero t  17.7 pos '2128.8 -43.5  24.0' spd 363.1 yaw 222.4 mode 2 st 0 gl 0 hp 84 frg 2
ARGLOG Carmack t  17.9 pos '2232.0 -1969.5 154.8' spd   7.3 yaw 358 mode 2 st 1 gl 1 hp 100 frg 0
ARGLOG Romero t  18.2 pos '1984.5 -142.8  24.0' spd 339.5 yaw 329 mode 2 st 0 gl 0 hp 84 frg 2
ARGEVT Carmack hazard
ARGEVT Carmack stall
ARGEVT Carmack stallnode '2153.0 -2015.0  88.0'
ARGEVT Carmack jump
ARGEVT Romero hazard
ARGLOG Carmack t  18.4 pos '2228.2 -1970.7 154.4' spd  30.0 yaw 215.4 mode 0 st 2 gl 1 hp 100 frg 0
ARGLOG Romero t  18.7 pos '1951.9 -240.0  24.0' spd 294.7 yaw 344.5 mode 2 st 0 gl 0 hp 84 frg 2
ARGEVT Joe Rogan respawn
ARGLOG Carmack t  18.9 pos '2215.7 -1979.6  93.3' spd  30.0 yaw 215.4 mode 0 st 2 gl 1 hp 100 frg 0
ARGEVT Joe Rogan plan powerup via weapon
ARGEVT Joe Rogan goal weapon_rocketlauncher
ARGLOG Joe Rogan t  19.0 pos '2576.0 -1328.0  24.0' spd 0 yaw 253.7 mode 0 st 0 gl 0 hp 100 frg 0
ARGEVT Joe Rogan route 13 start '2585.0 -1375.0  24.0' goal '1465.0 -687.0 184.0'
ARGLOG Romero t  19.2 pos '2082.0 -146.0  24.0' spd 419.1 yaw 149.3 mode 2 st 0 gl 0 hp 84 frg 2
ARGEVT Carmack hazard
ARGLOG Carmack t  19.5 pos '2143.5 -2011.9  88.0' spd 290.1 yaw  73.5 mode 0 st 2 gl 1 hp 100 frg 0
ARGLOG Joe Rogan t  19.5 pos '2436.9 -1396.0  24.0' spd 351.9 yaw 144 mode 0 st 0 gl 0 hp 100 frg 0
ARGEVT Joe Rogan route 13 start '2489.0 -1471.0  24.0' goal '1465.0 -687.0 184.0'
ARGEVT Joe Rogan hazard
ARGLOG Romero t  19.7 pos '1915.6 -105.1  24.0' spd 414.3 yaw 330 mode 2 st 0 gl 0 hp 84 frg 2
ARGEVT Carmack goal item_health
ARGEVT Carmack route 3 start '2153.0 -1919.0  40.0' goal '2377.0 -1999.0 120.0'
ARGLOG Carmack t  20.0 pos '2209.0 -1857.2  24.0' spd 378.8 yaw 351.2 mode 2 st 2 gl 1 hp 100 frg 0
ARGEVT Romero route 6 start '1929.0 -223.0  24.0' goal '2393.0 -655.0  56.0'
ARGLOG Joe Rogan t  20.0 pos '2352.6 -1470.9  24.0' spd 321.1 yaw 56 mode 2 st 0 gl 0 hp 100 frg 0
ARGLOG Romero t  20.2 pos '1993.3 -239.7  24.0' spd 320.2 yaw 342 mode 2 st 0 gl 0 hp 84 frg 2
ARGEVT Joe Rogan engage Carmack
ARGEVT Carmack engage Joe Rogan
ARGLOG Carmack t  20.5 pos '2337.1 -1816.9  24.0' spd 285.8 yaw 330 mode 2 st 2 gl 1 hp 100 frg 0
ARGLOG Joe Rogan t  20.5 pos '2463.1 -1588.6  24.0' spd 320.3 yaw 250.8 mode 2 st 0 gl 0 hp 100 frg 0
ARGLOG Romero t  20.7 pos '2158.6 -236.7  24.0' spd 343.0 yaw 299 mode 2 st 0 gl 0 hp 84 frg 2
ARGEVT Carmack grab item_health
ARGUS Carmack shove
ARGEVT Romero hazard
ARGLOG Carmack t  21.0 pos '2444.4 -1883.4  24.0' spd 123.4 yaw 331 mode 2 st 2 gl 1 hp 76 frg 0
ARGLOG Joe Rogan t  21.0 pos '2593.9 -1688.6  24.0' spd 320.3 yaw 232.7 mode 2 st 0 gl 0 hp 100 frg 0
ARGLOG Romero t  21.3 pos '2256.0 -248.0  24.0' spd  46.7 yaw 280 mode 2 st 0 gl 0 hp 84 frg 2
ARGEVT Joe Rogan death Carmack pos '2496.5 -1675.6  24.0'
ARGUS Carmack watch spawn
ARGEVT Carmack route 5 start '2553.0 -1871.0  24.0' goal '2377.0 -1999.0 120.0'
ARGLOG Carmack t  21.5 pos '2504.4 -1888.3  24.0' spd 280.8 yaw  28.5 mode 2 st 2 gl 1 hp 52 frg 1
ARGEVT Carmack goal item_health
ARGUS routecache adopt
ARGEVT Carmack route 5 start '2553.0 -1871.0  24.0' goal '2377.0 -1999.0 120.0'
ARGLOG Romero t  21.8 pos '2340.5 -240.0  24.0' spd 216.1 yaw 261 mode 2 st 0 gl 0 hp 84 frg 2
ARGEVT Carmack hazard
ARGLOG Carmack t  22.0 pos '2608.0 -1770.8  24.0' spd 328.0 yaw  44.8 mode 2 st 2 gl 1 hp 52 frg 1
ARGEVT Romero hazard
ARGLOG Romero t  22.3 pos '2352.2 -240.0  24.0' spd  20.3 yaw 258 mode 2 st 0 gl 0 hp 84 frg 2
ARGLOG Carmack t  22.5 pos '2604.6 -1667.7  24.0' spd 241.9 yaw 274 mode 2 st 2 gl 1 hp 52 frg 1
ARGEVT Romero stall
ARGEVT Romero stallnode '2329.0 -351.0   8.0'
ARGEVT Romero jump
ARGLOG Romero t  22.8 pos '2358.6 -240.0  58.5' spd  45.4 yaw 275 mode 0 st 1 gl 0 hp 84 frg 2
ARGEVT Romero route 6 start '2361.0 -175.0  24.0' goal '2393.0 -655.0  56.0'
ARGEVT Joe Rogan respawn
ARGEVT Joe Rogan plan powerup via weapon
ARGEVT Joe Rogan goal weapon_rocketlauncher
ARGLOG Joe Rogan t  23.0 pos '2704.0 -2048.0 128.0' spd 0 yaw 253.4 mode 0 st 0 gl 0 hp 100 frg 0
ARGLOG Carmack t  23.1 pos '2608.0 -1833.6  24.0' spd 320.7 yaw 275 mode 2 st 2 gl 1 hp 52 frg 1
ARGEVT Joe Rogan route 12 start '2713.0 -2111.0 120.0' goal '1465.0 -687.0 184.0'
ARGEVT Carmack hazard
ARGEVT Carmack abandon
ARGLOG Romero t  23.3 pos '2352.0 -243.3  56.0' spd  44.9 yaw 258 mode 2 st 1 gl 0 hp 84 frg 2
ARGEVT Carmack goal 
ARGLOG Joe Rogan t  23.5 pos '2679.2 -2195.2 120.0' spd 322.0 yaw 268.7 mode 2 st 0 gl 0 hp 100 frg 0
ARGLOG Carmack t  23.6 pos '2593.8 -1828.0  24.0' spd 323.9 yaw 103 mode 1 st 2 gl 1 hp 52 frg 1
ARGLOG Romero t  23.8 pos '2242.2 -222.2  24.0' spd 355.2 yaw 282 mode 2 st 1 gl 0 hp 84 frg 2
ARGEVT Carmack goal item_health
ARGEVT Carmack route 2 start '2569.0 -1727.0  24.0' goal '2457.0 -1311.0  24.0'
ARGLOG Joe Rogan t  24.0 pos '2565.7 -2302.7 120.0' spd 425.4 yaw 104.2 mode 2 st 0 gl 0 hp 100 frg 0
ARGLOG Carmack t  24.1 pos '2564.3 -1665.6  24.0' spd 320.8 yaw 106 mode 2 st 2 gl 2 hp 52 frg 1
ARGEVT Joe Rogan hazard
ARGLOG Romero t  24.3 pos '2237.1 -381.1   8.0' spd 349.7 yaw 341 mode 2 st 1 gl 0 hp 84 frg 2
ARGLOG Joe Rogan t  24.6 pos '2394.6 -2244.3 120.0' spd 376.0 yaw 141 mode 2 st 0 gl 0 hp 100 frg 0
ARGLOG Carmack t  24.6 pos '2512.8 -1508.9  24.0' spd 320.3 yaw 105 mode 2 st 2 gl 2 hp 52 frg 1
ARGLOG Romero t  24.9 pos '2383.3 -458.9   8.0' spd 321.8 yaw 277 mode 2 st 1 gl 0 hp 84 frg 2
ARGLOG Joe Rogan t  25.1 pos '2450.2 -2397.6 120.0' spd 417.8 yaw  41.3 mode 2 st 0 gl 0 hp 100 frg 0
ARGLOG Carmack t  25.1 pos '2449.1 -1357.5  24.0' spd 321.6 yaw 127 mode 1 st 2 gl 2 hp 52 frg 1
ARGEVT Carmack hazard
ARGLOG Romero t  25.4 pos '2544.1 -498.9  24.0' spd 342.0 yaw 226 mode 2 st 1 gl 0 hp 84 frg 2
ARGEVT Romero jump
ARGLOG Joe Rogan t  25.6 pos '2465.8 -2322.9 120.0' spd 320.0 yaw 81 mode 2 st 0 gl 0 hp 100 frg 0
ARGLOG Carmack t  25.6 pos '2369.2 -1308.9  24.0' spd 173.0 yaw  28.1 mode 1 st 2 gl 2 hp 100 frg 1
ARGEVT Joe Rogan hazard
ARGLOG Romero t  25.9 pos '2566.0 -528.0  24.0' spd  32.5 yaw 217 mode 2 st 1 gl 0 hp 84 frg 2
ARGLOG Joe Rogan t  26.1 pos '2391.3 -2275.9 120.0' spd 334.0 yaw 140 mode 2 st 0 gl 0 hp 100 frg 0
ARGLOG Carmack t  26.1 pos '2512.9 -1369.3  24.0' spd 402.0 yaw 234.4 mode 1 st 2 gl 2 hp 100 frg 1
ARGEVT Romero jump
ARGLOG Romero t  26.4 pos '2409.0 -528.0  29.5' spd 321.8 yaw 230.0 mode 2 st 1 gl 0 hp 84 frg 2
ARGLOG Joe Rogan t  26.6 pos '2371.1 -2278.3 120.0' spd 335.6 yaw 72 mode 2 st 0 gl 0 hp 100 frg 0
ARGLOG Carmack t  26.7 pos '2368.0 -1432.4  24.0' spd 355.8 yaw 126 mode 1 st 2 gl 2 hp 100 frg 1
ARGEVT Carmack hazard
ARGEVT Joe Rogan hazard
ARGLOG Romero t  26.9 pos '2308.4 -528.0   9.7' spd   8.2 yaw 304 mode 2 st 1 gl 0 hp 84 frg 2
ARGEVT Romero hazard
ARGLOG Joe Rogan t  27.1 pos '2531.0 -2292.3 120.0' spd 384.6 yaw 143 mode 2 st 0 gl 0 hp 100 frg 0
ARGLOG Carmack t  27.2 pos '2419.1 -1304.5  24.0' spd 327.7 yaw   8.5 mode 1 st 2 gl 2 hp 100 frg 1
ARGLOG Romero t  27.4 pos '2410.2 -528.0   8.0' spd 207.0 yaw 263 mode 2 st 1 gl 0 hp 84 frg 2
ARGLOG Joe Rogan t  27.6 pos '2545.2 -2352.0 120.0' spd 350.5 yaw 142 mode 2 st 0 gl 0 hp 100 frg 0
ARGLOG Carmack t  27.7 pos '2509.5 -1174.5  24.0' spd 423.8 yaw 173.6 mode 1 st 2 gl 2 hp 100 frg 1
ARGEVT Carmack hazard
ARGLOG Romero t  27.9 pos '2493.2 -528.0   8.0' spd 134.7 yaw 232 mode 2 st 1 gl 0 hp 84 frg 2
ARGEVT Romero hazard
ARGLOG Joe Rogan t  28.2 pos '2385.9 -2429.5 120.0' spd 342.6 yaw 136 mode 2 st 0 gl 0 hp 100 frg 0
ARGLOG Carmack t  28.2 pos '2460.1 -1278.3  24.0' spd 352.1 yaw 331.6 mode 1 st 2 gl 2 hp 100 frg 1
ARGEVT Joe Rogan hazard
ARGEVT Romero stall
ARGEVT Romero stallnode '2393.0 -655.0  56.0'
ARGEVT Romero jump
ARGLOG Romero t  28.5 pos '2408.0 -528.0  29.6' spd 328.7 yaw 263 mode 0 st 2 gl 0 hp 84 frg 2
ARGEVT Joe Rogan route 8 start '2377.0 -2495.0 136.0' goal '1465.0 -687.0 184.0'
ARGEVT Romero route 1 start '2393.0 -543.0  56.0' goal '2393.0 -655.0  56.0'
ARGLOG Joe Rogan t  28.7 pos '2255.5 -2507.7 200.0' spd 373.4 yaw 130 mode 2 st 0 gl 0 hp 100 frg 0
ARGLOG Carmack t  28.7 pos '2470.0 -1444.8  24.0' spd 412.7 yaw 165.9 mode 1 st 2 gl 2 hp 100 frg 1
ARGLOG Romero t  29.0 pos '2311.3 -528.0   8.9' spd   4.5 yaw 303 mode 2 st 2 gl 0 hp 84 frg 2
ARGEVT Carmack hazard
ARGEVT Romero hazard
ARGLOG Joe Rogan t  29.2 pos '2192.0 -2366.3 200.0' spd  67.5 yaw 132 mode 2 st 0 gl 0 hp 100 frg 0
ARGLOG Carmack t  29.2 pos '2352.0 -1357.8  24.0' spd 324.1 yaw  70.4 mode 1 st 2 gl 2 hp 100 frg 1
ARGEVT Joe Rogan hazard
ARGLOG Romero t  29.5 pos '2410.4 -528.0   8.0' spd 202.8 yaw 263 mode 2 st 2 gl 0 hp 84 frg 2
ARGLOG Joe Rogan t  29.7 pos '2212.3 -2352.0 193.7' spd 131.1 yaw 133 mode 2 st 0 gl 0 hp 100 frg 0
ARGLOG Carmack t  29.8 pos '2486.6 -1291.0  24.0' spd 366.3 yaw  70.4 mode 1 st 2 gl 2 hp 100 frg 1
ARGLOG Romero t  30.0 pos '2497.2 -528.0   8.0' spd 132.4 yaw 231 mode 2 st 2 gl 0 hp 84 frg 2
ARGEVT Romero hazard
ARGLOG Joe Rogan t  30.2 pos '2224.0 -2344.0  88.0' spd  69.3 yaw 133 mode 2 st 0 gl 0 hp 100 frg 0
ARGEVT Carmack hazard
ARGLOG Carmack t  30.3 pos '2452.9 -1124.8  24.0' spd 434.6 yaw 235.2 mode 1 st 2 gl 2 hp 100 frg 1
ARGEVT Joe Rogan hazard
ARGLOG Romero t  30.5 pos '2411.4 -528.0   8.0' spd 293.4 yaw 262 mode 2 st 2 gl 0 hp 84 frg 2
ARGLOG Joe Rogan t  30.7 pos '2232.0 -2319.7  88.0' spd   2.8 yaw 134 mode 2 st 0 gl 0 hp 100 frg 0
ARGLOG Carmack t  30.8 pos '2453.8 -1214.5  24.0' spd 345.9 yaw 321.3 mode 1 st 2 gl 2 hp 100 frg 1
ARGLOG Romero t  31.0 pos '2315.9 -525.7   8.0' spd 147.7 yaw 301 mode 2 st 2 gl 0 hp 84 frg 2
ARGEVT Romero hazard
ARGLOG Joe Rogan t  31.3 pos '2232.0 -2318.2  88.0' spd   2.9 yaw 134 mode 2 st 0 gl 0 hp 100 frg 0
ARGLOG Carmack t  31.3 pos '2510.2 -1378.4  24.0' spd 378.2 yaw 210.1 mode 1 st 2 gl 2 hp 100 frg 1
ARGEVT Joe Rogan stall
ARGEVT Joe Rogan stallnode '2377.0 -2495.0 136.0'
ARGEVT Joe Rogan jump
ARGLOG Romero t  31.6 pos '2251.7 -523.5   8.0' spd 113.3 yaw 318 mode 2 st 2 gl 0 hp 84 frg 2
ARGLOG Joe Rogan t  31.8 pos '2232.0 -2311.6  88.0' spd 114.4 yaw  48.9 mode 0 st 1 gl 0 hp 100 frg 0
ARGEVT Carmack hazard
ARGLOG Carmack t  31.8 pos '2357.7 -1415.9  24.0' spd 381.9 yaw 100.0 mode 1 st 2 gl 2 hp 100 frg 1
ARGEVT Joe Rogan route 13 start '2153.0 -2335.0  88.0' goal '1465.0 -687.0 184.0'
ARGEVT Joe Rogan hazard
ARGLOG Romero t  32.1 pos '2385.4 -528.0   8.0' spd 306.5 yaw 274 mode 2 st 2 gl 0 hp 84 frg 2
ARGEVT Romero hazard
ARGLOG Joe Rogan t  32.3 pos '2155.3 -2194.0  88.0' spd 373.7 yaw 352 mode 2 st 1 gl 0 hp 100 frg 0
ARGLOG Carmack t  32.3 pos '2450.9 -1301.7  24.0' spd 358.2 yaw 309 mode 1 st 2 gl 2 hp 100 frg 1
ARGEVT Joe Rogan jump
ARGLOG Romero t  32.6 pos '2481.7 -528.0   8.0' spd 144.9 yaw 236 mode 2 st 2 gl 0 hp 84 frg 2
ARGLOG Joe Rogan t  32.8 pos '2202.8 -2048.2 125.8' spd 320.0 yaw 324 mode 2 st 1 gl 0 hp 100 frg 0
ARGLOG Carmack t  32.8 pos '2452.9 -1457.7  24.0' spd 432.6 yaw 143.2 mode 1 st 2 gl 2 hp 100 frg 1
ARGLOG Romero t  33.1 pos '2443.0 -528.0   8.0' spd 327.4 yaw 249 mode 2 st 2 gl 0 hp 84 frg 2
ARGEVT Carmack hazard
ARGLOG Joe Rogan t  33.3 pos '2224.0 -2100.9  88.0' spd 332.2 yaw 330 mode 2 st 1 gl 0 hp 100 frg 0
ARGEVT Romero hazard
ARGLOG Carmack t  33.4 pos '2359.5 -1342.1  24.0' spd 357.9 yaw  31.1 mode 1 st 2 gl 2 hp 100 frg 1
ARGLOG Romero t  33.6 pos '2332.2 -526.3   8.0' spd 165.2 yaw 296 mode 2 st 2 gl 0 hp 84 frg 2
ARGLOG Joe Rogan t  33.8 pos '2232.0 -2262.5  88.0' spd 168.3 yaw 5 mode 2 st 1 gl 0 hp 100 frg 0
ARGLOG Carmack t  33.9 pos '2510.9 -1356.1  24.0' spd 404.8 yaw 240.8 mode 1 st 2 gl 2 hp 100 frg 1
ARGLOG Romero t  34.1 pos '2263.2 -523.9   8.0' spd 118.0 yaw 315 mode 2 st 2 gl 0 hp 84 frg 2
ARGLOG Joe Rogan t  34.3 pos '2232.0 -2230.7  88.0' spd  31.8 yaw 358 mode 2 st 1 gl 0 hp 100 frg 0
ARGEVT Romero abandon
ARGLOG Carmack t  34.4 pos '2372.6 -1434.3  24.0' spd 354.5 yaw 129.0 mode 1 st 2 gl 2 hp 100 frg 1
ARGEVT Carmack hazard
ARGEVT Romero goal item_armor2
ARGLOG Romero t  34.7 pos '2226.7 -474.3   8.0' spd 372.8 yaw 196.8 mode 0 st 2 gl 0 hp 84 frg 2
ARGEVT Romero route 12 start '2297.0 -495.0   8.0' goal '2057.0 -943.0  32.0'
ARGLOG Joe Rogan t  34.9 pos '2232.0 -2238.1  88.0' spd   2.8 yaw 0 mode 2 st 1 gl 0 hp 100 frg 0
ARGEVT Romero hazard
ARGLOG Carmack t  34.9 pos '2416.2 -1315.0  24.0' spd 321.0 yaw 358.1 mode 1 st 2 gl 2 hp 100 frg 1
ARGEVT Joe Rogan stall
ARGEVT Joe Rogan stallnode '2281.0 -2239.0  88.0'
ARGEVT Joe Rogan jump
ARGLOG Romero t  35.2 pos '2217.7 -528.0   8.0' spd 325.9 yaw 5 mode 2 st 2 gl 0 hp 84 frg 2
ARGEVT Joe Rogan route 11 start '2281.0 -2239.0  88.0' goal '1465.0 -687.0 184.0'
ARGLOG Joe Rogan t  35.4 pos '2232.0 -2213.1  88.0' spd 257.3 yaw 354 mode 2 st 2 gl 0 hp 100 frg 0
ARGLOG Carmack t  35.4 pos '2531.4 -1207.8  24.0' spd 425.5 yaw 163.6 mode 1 st 2 gl 2 hp 100 frg 1
ARGEVT Carmack hazard
ARGLOG Romero t  35.7 pos '2382.9 -519.0   8.0' spd 320.1 yaw 8 mode 2 st 2 gl 0 hp 84 frg 2
ARGLOG Joe Rogan t  35.9 pos '2232.0 -2242.3  88.0' spd 321.0 yaw 0 mode 2 st 2 gl 0 hp 100 frg 0
ARGLOG Carmack t  36.0 pos '2478.9 -1272.4  24.0' spd 331.5 yaw 295.0 mode 1 st 2 gl 2 hp 100 frg 1
ARGEVT Romero jump
ARGLOG Romero t  36.2 pos '2555.9 -496.7  48.0' spd 320.1 yaw 91 mode 2 st 2 gl 0 hp 84 frg 2
ARGLOG Joe Rogan t  36.5 pos '2232.0 -2229.4  88.0' spd   6.4 yaw 358 mode 2 st 2 gl 0 hp 100 frg 0
ARGEVT Romero hazard
ARGLOG Carmack t  36.5 pos '2440.5 -1439.4  24.0' spd 394.6 yaw 157.0 mode 1 st 2 gl 2 hp 100 frg 1
ARGEVT Carmack hazard
ARGLOG Romero t  36.8 pos '2535.6 -449.5  24.0' spd 324.3 yaw 79 mode 2 st 2 gl 0 hp 84 frg 2
ARGEVT Romero jump
ARGLOG Joe Rogan t  37.0 pos '2232.0 -2238.2  88.0' spd 0 yaw 0 mode 2 st 2 gl 0 hp 100 frg 0
ARGLOG Carmack t  37.1 pos '2364.7 -1316.9  24.0' spd 354.6 yaw  23.5 mode 1 st 2 gl 2 hp 100 frg 1
ARGEVT Joe Rogan stall
ARGEVT Joe Rogan stallnode '2281.0 -2239.0  88.0'
ARGEVT Joe Rogan jump
ARGLOG Romero t  37.3 pos '2413.0 -528.0  43.6' spd  28.4 yaw 51 mode 2 st 2 gl 0 hp 84 frg 2
ARGUS routecache adopt
ARGEVT Joe Rogan route 11 start '2281.0 -2239.0  88.0' goal '1465.0 -687.0 184.0'
ARGLOG Joe Rogan t  37.6 pos '2232.0 -2205.2  88.0' spd 318.9 yaw 352 mode 2 st 3 gl 0 hp 100 frg 0
ARGEVT Joe Rogan hazard
ARGLOG Carmack t  37.7 pos '2532.1 -1252.7  24.0' spd 401.1 yaw 123.7 mode 1 st 2 gl 2 hp 100 frg 1
ARGLOG Romero t  37.8 pos '2492.3 -511.5   8.0' spd 320.0 yaw 69 mode 2 st 2 gl 0 hp 84 frg 2
ARGEVT Romero jump
ARGEVT Carmack hazard
ARGLOG Joe Rogan t  38.1 pos '2228.5 -2168.3  88.0' spd 341.2 yaw 343 mode 2 st 3 gl 0 hp 100 frg 0
ARGLOG Carmack t  38.2 pos '2461.2 -1219.2  24.0' spd 330.7 yaw 284.6 mode 1 st 2 gl 2 hp 100 frg 1
ARGLOG Romero t  38.3 pos '2528.1 -474.0  30.0' spd  95.8 yaw 78 mode 2 st 2 gl 0 hp 84 frg 2
ARGEVT Romero hazard
ARGEVT Romero jump
ARGLOG Joe Rogan t  38.7 pos '2232.0 -2246.5  88.0' spd 155.2 yaw 1 mode 2 st 3 gl 0 hp 100 frg 0
ARGLOG Carmack t  38.7 pos '2488.5 -1399.5  24.0' spd 367.3 yaw 199.7 mode 1 st 2 gl 2 hp 100 frg 1
ARGLOG Romero t  38.8 pos '2493.9 -528.0  60.3' spd   7.0 yaw 71 mode 2 st 2 gl 0 hp 84 frg 2
ARGEVT Carmack hazard
ARGLOG Joe Rogan t  39.2 pos '2232.0 -2237.5  88.0' spd   3.5 yaw 0 mode 2 st 3 gl 0 hp 100 frg 0
ARGLOG Carmack t  39.3 pos '2355.7 -1372.0  24.0' spd 333.1 yaw  54.7 mode 1 st 2 gl 2 hp 100 frg 1
ARGLOG Romero t  39.4 pos '2535.9 -509.0  24.0' spd 320.1 yaw 83 mode 2 st 2 gl 0 hp 84 frg 2
ARGEVT Romero jump
ARGEVT Joe Rogan stall
ARGEVT Joe Rogan stallnode '2281.0 -2239.0  88.0'
ARGEVT Joe Rogan jump
ARGLOG Joe Rogan t  39.7 pos '2232.0 -2236.0  88.0' spd  25.1 yaw  59.5 mode 0 st 4 gl 0 hp 100 frg 0
ARGEVT Romero hazard
ARGUS routecache adopt
ARGEVT Joe Rogan route 11 start '2281.0 -2239.0  88.0' goal '1465.0 -687.0 184.0'
ARGLOG Carmack t  39.8 pos '2493.6 -1290.5  24.0' spd 343.3 yaw  54.4 mode 1 st 2 gl 2 hp 100 frg 1
ARGEVT Joe Rogan hazard
ARGLOG Romero t  39.9 pos '2561.4 -448.0  32.0' spd 320.1 yaw 94 mode 2 st 2 gl 0 hp 84 frg 2
ARGLOG Joe Rogan t  40.3 pos '2224.0 -2116.8  88.0' spd 117.9 yaw 333 mode 2 st 4 gl 0 hp 100 frg 0
ARGEVT Carmack hazard
ARGLOG Carmack t  40.3 pos '2477.2 -1132.7  24.0' spd 404.1 yaw 232.9 mode 1 st 2 gl 2 hp 100 frg 1
ARGLOG Romero t  40.5 pos '2458.0 -528.0   8.0' spd 247.1 yaw 61 mode 2 st 2 gl 0 hp 84 frg 2
ARGEVT Romero jump
ARGLOG Joe Rogan t  40.8 pos '2232.0 -2266.1  88.0' spd  21.9 yaw 6 mode 2 st 4 gl 0 hp 100 frg 0
ARGLOG Carmack t  40.9 pos '2482.6 -1260.7  24.0' spd 326.9 yaw 301 mode 1 st 2 gl 2 hp 100 frg 1
ARGLOG Romero t  41.0 pos '2516.5 -492.7  39.0' spd  74.8 yaw 75 mode 2 st 2 gl 0 hp 84 frg 2
ARGLOG Joe Rogan t  41.4 pos '2232.0 -2236.2  88.0' spd  43.7 yaw 0 mode 2 st 4 gl 0 hp 100 frg 0
ARGEVT Romero jump
ARGLOG Carmack t  41.5 pos '2463.4 -1430.0  24.0' spd 384.0 yaw 168 mode 1 st 2 gl 2 hp 100 frg 1
ARGLOG Romero t  41.6 pos '2632.5 -528.0  44.9' spd 132.1 yaw 114 mode 2 st 2 gl 0 hp 84 frg 2
ARGEVT Carmack hazard
ARGEVT Joe Rogan stall
ARGEVT Joe Rogan stallnode '2281.0 -2239.0  88.0'
ARGEVT Joe Rogan jump
ARGLOG Joe Rogan t  41.9 pos '2232.0 -2237.8  92.8' spd  10.3 yaw  39.7 mode 0 st 5 gl 0 hp 100 frg 0
ARGUS routecache adopt
ARGEVT Joe Rogan route 11 start '2281.0 -2239.0  88.0' goal '1465.0 -687.0 184.0'
ARGLOG Carmack t  42.0 pos '2359.1 -1330.1  24.0' spd 348.9 yaw 44 mode 1 st 2 gl 2 hp 100 frg 1
ARGEVT Joe Rogan hazard
ARGLOG Romero t  42.1 pos '2514.7 -460.1  24.0' spd 370.1 yaw 70 mode 2 st 2 gl 0 hp 84 frg 2
ARGEVT Romero jump
ARGLOG Joe Rogan t  42.4 pos '2216.2 -2118.2  88.0' spd 153.5 yaw 334 mode 2 st 5 gl 0 hp 100 frg 0
ARGLOG Carmack t  42.5 pos '2511.5 -1280.8  24.0' spd 370.5 yaw 84 mode 1 st 2 gl 2 hp 100 frg 1
ARGLOG Romero t  42.7 pos '2542.4 -304.6  38.6' spd 338.3 yaw 274 mode 2 st 2 gl 0 hp 84 frg 2
ARGLOG Joe Rogan t  43.0 pos '2232.0 -2255.9  88.0' spd 269.0 yaw 4 mode 2 st 5 gl 0 hp 100 frg 0
ARGEVT Romero hazard
ARGEVT Carmack hazard
ARGEVT Joe Rogan abandon
ARGEVT Joe Rogan goal weapon_rocketlauncher
ARGEVT Joe Rogan route 4 start '2281.0 -2239.0  88.0' goal '2473.0 -1711.0  24.0'
ARGLOG Carmack t  43.1 pos '2448.0 -1183.5  24.0' spd 263.8 yaw 263.8 mode 1 st 2 gl 2 hp 100 frg 1
ARGLOG Romero t  43.2 pos '2525.4 -384.0  24.0' spd 271.8 yaw 284 mode 2 st 2 gl 0 hp 84 frg 2
ARGLOG Joe Rogan t  43.5 pos '2232.0 -2229.1  88.0' spd   8.6 yaw 145 mode 2 st 5 gl 0 hp 100 frg 0
ARGLOG Carmack t  43.6 pos '2494.0 -1341.8  24.0' spd 343.7 yaw 247.0 mode 1 st 2 gl 2 hp 100 frg 1
ARGLOG Romero t  43.7 pos '2595.3 -384.0  24.0' spd 240.5 yaw 250 mode 2 st 2 gl 0 hp 84 frg 2
ARGEVT Romero hazard
ARGEVT Joe Rogan stall
ARGEVT Joe Rogan stallnode '2281.0 -2239.0  88.0'
ARGLOG Joe Rogan t  44.0 pos '2232.0 -2238.2  88.0' spd 0 yaw 320.8 mode 0 st 6 gl 0 hp 100 frg 0
ARGEVT Joe Rogan jump
ARGEVT Carmack abandon
ARGEVT Carmack goal item_armorInv
ARGEVT Carmack hazard
ARGEVT Carmack route 6 start '2377.0 -1407.0  24.0' goal '2473.0 -1999.0 120.0'
ARGLOG Carmack t  44.1 pos '2363.4 -1460.5  24.0' spd 325.7 yaw 270 mode 2 st 2 gl 2 hp 100 frg 1
ARGLOG Romero t  44.3 pos '2533.1 -384.0  24.0' spd 210.1 yaw 281 mode 2 st 2 gl 0 hp 84 frg 2
ARGEVT Joe Rogan route 4 start '2281.0 -2239.0  88.0' goal '2473.0 -1711.0  24.0'
ARGEVT Carmack route 5 start '2377.0 -1567.0  24.0' goal '2473.0 -1999.0 120.0'
ARGEVT Joe Rogan hazard
ARGLOG Joe Rogan t  44.6 pos '2218.1 -2129.7  88.0' spd 250.2 yaw 215 mode 2 st 6 gl 0 hp 100 frg 0
ARGLOG Carmack t  44.7 pos '2354.1 -1653.1  24.0' spd 320.0 yaw 233 mode 2 st 2 gl 2 hp 100 frg 1
ARGLOG Romero t  44.8 pos '2624.3 -384.0  24.0' spd 178.5 yaw 155 mode 2 st 2 gl 0 hp 84 frg 2
ARGEVT Romero hazard
ARGLOG Joe Rogan t  45.1 pos '2232.0 -2260.4  88.0' spd 226.6 yaw 132 mode 2 st 6 gl 0 hp 100 frg 0
ARGEVT Romero stall
ARGEVT Romero stallnode '2553.0 -495.0 147.0'
ARGEVT Romero jump
ARGLOG Carmack t  45.3 pos '2352.6 -1833.7  24.0' spd 349.1 yaw 223 mode 2 st 2 gl 2 hp 100 frg 1
ARGEVT Romero abandon
ARGLOG Romero t  45.4 pos '2515.2 -384.0  48.0' spd 200.2 yaw 218.7 mode 0 st 3 gl 0 hp 84 frg 2
ARGEVT Romero goal item_armor2
ARGEVT Romero route 6 start '2473.0 -319.0   8.0' goal '2777.0 -15.0 -72.0'
ARGEVT Joe Rogan engage Carmack
ARGLOG Joe Rogan t  45.7 pos '2232.0 -2231.5  88.0' spd  37.9 yaw 100.2 mode 2 st 6 gl 0 hp 100 frg 0
ARGEVT Carmack engage Joe Rogan
ARGEVT Joe Rogan hazard
ARGLOG Carmack t  45.8 pos '2211.6 -1907.3  40.0' spd  63.2 yaw 240.4 mode 2 st 2 gl 2 hp 100 frg 1
ARGLOG Romero t  46.0 pos '2390.3 -443.0   8.0' spd 384.4 yaw 343 mode 2 st 3 gl 0 hp 84 frg 2
ARGLOG Joe Rogan t  46.2 pos '2169.9 -2118.9  88.0' spd 288.2 yaw 106.6 mode 2 st 6 gl 0 hp 100 frg 0
ARGLOG Carmack t  46.3 pos '2146.1 -1905.5  40.0' spd 175.0 yaw 270.7 mode 2 st 2 gl 2 hp 80 frg 1
ARGLOG Romero t  46.5 pos '2507.2 -517.0   8.0' spd 323.3 yaw 25 mode 2 st 3 gl 0 hp 84 frg 2
ARGEVT Romero jump
ARGUS Carmack shove
ARGEVT Carmack retreat
ARGLOG Joe Rogan t  46.7 pos '2132.6 -2064.6  88.0' spd  52.8 yaw  51.4 mode 2 st 6 gl 0 hp 100 frg 0
ARGEVT Romero hazard
ARGLOG Carmack t  46.9 pos '2330.5 -1847.8  24.0' spd 322.0 yaw 259.1 mode 2 st 2 gl 2 hp 29 frg 1
ARGLOG Romero t  47.0 pos '2590.0 -457.9  32.0' spd 320.0 yaw 109 mode 2 st 3 gl 0 hp 84 frg 2
ARGEVT Joe Rogan pursue
ARGEVT Carmack pursue
ARGLOG Joe Rogan t  47.3 pos '2182.2 -2017.0  88.0' spd 364.2 yaw 59 mode 2 st 6 gl 0 hp 100 frg 0
ARGEVT Romero jump
ARGUS Carmack hunch item_armorInv
ARGLOG Carmack t  47.5 pos '2369.9 -1899.4  24.0' spd 323.7 yaw  93.2 mode 2 st 2 gl 2 hp 29 frg 1
ARGEVT Carmack weapon sg
ARGLOG Romero t  47.6 pos '2461.9 -528.0  44.3' spd  27.2 yaw 62 mode 2 st 3 gl 0 hp 84 frg 2
ARGEVT Carmack goal item_armorInv
ARGEVT Carmack route 4 start '2361.0 -1871.0  24.0' goal '2473.0 -1999.0 120.0'
ARGLOG Joe Rogan t  47.8 pos '2237.3 -1859.5  24.0' spd 321.2 yaw 350.1 mode 0 st 6 gl 0 hp 100 frg 0
ARGEVT Carmack weapon rl
ARGEVT Joe Rogan route 2 start '2233.0 -1839.0  24.0' goal '2473.0 -1711.0  24.0'
ARGLOG Carmack t  48.0 pos '2473.7 -1825.4  24.0' spd 346.9 yaw 211.3 mode 2 st 2 gl 2 hp 17 frg 1
ARGLOG Romero t  48.1 pos '2505.0 -515.6   8.0' spd 320.0 yaw 73 mode 2 st 3 gl 0 hp 84 frg 2
ARGEVT Carmack grab weapon_rocketlauncher
ARGEVT Romero jump
ARGEVT Joe Rogan goal item_health
ARGLOG Joe Rogan t  48.3 pos '2194.7 -1890.8  24.0' spd 231.5 yaw  28.2 mode 0 st 6 gl 0 hp 13 frg 0
ARGEVT Joe Rogan route 3 start '2153.0 -1919.0  40.0' goal '2377.0 -1999.0 120.0'
ARGEVT Carmack route 5 start '2473.0 -1711.0  24.0' goal '2473.0 -1999.0 120.0'
ARGEVT Joe Rogan hazard
ARGEVT Romero hazard
ARGLOG Carmack t  48.5 pos '2459.6 -1662.0  24.0' spd 326.0 yaw 214.1 mode 2 st 2 gl 2 hp 17 frg 1
ARGLOG Romero t  48.6 pos '2603.0 -448.7  32.0' spd 372.8 yaw 117 mode 2 st 3 gl 0 hp 84 frg 2
ARGUS Carmack shove
ARGEVT Carmack pursue
ARGEVT Joe Rogan pursue
ARGLOG Joe Rogan t  48.8 pos '2184.0 -1854.6  24.0' spd 321.6 yaw 24 mode 2 st 6 gl 0 hp 13 frg 0
ARGEVT Romero jump
ARGEVT Joe Rogan death Carmack pos '2271.8 -1855.3  24.0'
ARGUS Carmack watch spawn
ARGLOG Carmack t  49.0 pos '2352.0 -1647.3  24.0' spd 208.3 yaw 220 mode 2 st 2 gl 2 hp 17 frg 2
ARGLOG Romero t  49.1 pos '2444.7 -503.0  32.4' spd 373.1 yaw 54 mode 2 st 3 gl 0 hp 84 frg 2
ARGEVT Carmack goal item_armorInv
ARGEVT Carmack route 5 start '2329.0 -1711.0  24.0' goal '2473.0 -1999.0 120.0'
ARGEVT Carmack hazard
ARGLOG Carmack t  49.5 pos '2232.5 -1737.9  24.0' spd 345.2 yaw 247 mode 2 st 2 gl 2 hp 17 frg 2
ARGLOG Romero t  49.6 pos '2427.9 -527.6   8.0' spd  30.6 yaw 54 mode 2 st 3 gl 0 hp 84 frg 2
ARGEVT Romero jump
ARGLOG Carmack t  50.1 pos '2303.8 -1744.0  24.0' spd 373.3 yaw 230 mode 2 st 2 gl 2 hp 17 frg 2
ARGLOG Romero t  50.1 pos '2593.9 -486.5  43.8' spd 320.0 yaw 106 mode 2 st 3 gl 0 hp 84 frg 2
ARGEVT Romero hazard
ARGEVT Joe Rogan respawn
ARGEVT Joe Rogan plan powerup via weapon
ARGEVT Joe Rogan goal weapon_nailgun
ARGLOG Joe Rogan t  50.6 pos '1712.0 -504.0  24.0' spd 0 yaw 289.5 mode 0 st 6 gl 0 hp 100 frg 0
ARGEVT Romero jump
ARGEVT Joe Rogan route 7 start '1705.0 -575.0  24.0' goal '2473.0 -191.0  24.0'
ARGLOG Carmack t  50.6 pos '2332.8 -1880.5  24.0' spd 416.3 yaw 161 mode 2 st 2 gl 2 hp 17 frg 2
ARGLOG Romero t  50.7 pos '2516.3 -449.5  48.0' spd 340.1 yaw 69 mode 2 st 3 gl 0 hp 84 frg 2
ARGLOG Joe Rogan t  51.1 pos '1856.8 -560.0  56.0' spd 320 yaw 46 mode 2 st 6 gl 0 hp 100 frg 0
ARGLOG Carmack t  51.2 pos '2143.0 -1858.1  24.0' spd 350.0 yaw 274 mode 2 st 2 gl 2 hp 17 frg 2
ARGEVT Carmack hazard
ARGLOG Romero t  51.3 pos '2511.4 -526.2   8.0' spd 356.7 yaw 76 mode 2 st 3 gl 0 hp 84 frg 2
ARGEVT Romero jump
ARGEVT Carmack jump
ARGEVT Carmack door
ARGLOG Joe Rogan t  51.7 pos '2015.2 -482.3 104.0' spd 367.2 yaw 87 mode 2 st 6 gl 0 hp 100 frg 0
ARGLOG Carmack t  51.8 pos '2133.1 -1999.7  93.5' spd  36.6 yaw 119.8 mode 2 st 2 gl 2 hp 17 frg 2
ARGLOG Romero t  51.8 pos '2607.9 -450.8  32.0' spd 321.9 yaw 118 mode 2 st 3 gl 0 hp 84 frg 2
ARGEVT Carmack jump
ARGEVT Romero hazard
ARGEVT Romero jump
ARGLOG Joe Rogan t  52.3 pos '2023.4 -298.6  56.0' spd 320.5 yaw 20 mode 2 st 6 gl 0 hp 100 frg 0
ARGLOG Carmack t  52.3 pos '2206.8 -1944.4  86.7' spd 324.9 yaw 355 mode 2 st 2 gl 2 hp 17 frg 2
ARGLOG Romero t  52.4 pos '2466.0 -509.4  39.9' spd  21.9 yaw 61 mode 2 st 3 gl 0 hp 84 frg 2
ARGEVT Joe Rogan engage Romero
ARGLOG Joe Rogan t  52.8 pos '2045.0 -244.2  40.0' spd 320.1 yaw 337.7 mode 2 st 6 gl 0 hp 100 frg 0
ARGLOG Carmack t  52.9 pos '2317.3 -1904.0  24.0' spd 320.9 yaw 346 mode 2 st 2 gl 2 hp 17 frg 2
ARGLOG Romero t  52.9 pos '2511.4 -496.3   8.0' spd 320.1 yaw 74 mode 2 st 3 gl 0 hp 84 frg 2
ARGEVT Romero jump
ARGUS routecache adopt
ARGEVT Joe Rogan route 3 start '2025.0 -287.0  56.0' goal '2473.0 -191.0  24.0'
ARGEVT Joe Rogan pursue
ARGUS Joe Rogan hunch item_armorInv
ARGEVT Joe Rogan plan powerup via weapon
ARGEVT Joe Rogan goal weapon_grenadelauncher
ARGEVT Joe Rogan pursue
ARGLOG Joe Rogan t  53.4 pos '2027.6 -338.4  88.0' spd 299.3 yaw 127.8 mode 0 st 6 gl 0 hp 100 frg 0
ARGEVT Romero hazard
ARGLOG Carmack t  53.4 pos '2500.8 -1904.0  24.0' spd 339.0 yaw 328 mode 2 st 2 gl 2 hp 17 frg 2
ARGEVT Joe Rogan route 11 start '1993.0 -415.0 104.0' goal '2057.0 -943.0 344.0'
ARGLOG Romero t  53.5 pos '2610.8 -449.8  32.0' spd 375.2 yaw 165 mode 2 st 3 gl 0 hp 84 frg 2
ARGEVT Carmack hazard
ARGEVT Romero engage Joe Rogan
ARGEVT Romero jump
ARGEVT Carmack route 5 start '2553.0 -1871.0  24.0' goal '2473.0 -1999.0 120.0'
ARGLOG Joe Rogan t  53.9 pos '2047.5 -170.2  24.0' spd 320.6 yaw 327.4 mode 2 st 6 gl 0 hp 100 frg 0
ARGLOG Carmack t  54.0 pos '2551.8 -1900.3  24.0' spd 349.0 yaw 311 mode 2 st 2 gl 2 hp 17 frg 2
ARGLOG Romero t  54.1 pos '2425.9 -434.2  44.3' spd 337.6 yaw 141.8 mode 2 st 3 gl 0 hp 84 frg 2
ARGEVT Carmack stall
ARGEVT Carmack stallnode '2361.0 -1871.0  24.0'
ARGEVT Carmack jump
ARGUS routecache adopt
ARGEVT Carmack route 5 start '2553.0 -1871.0  24.0' goal '2473.0 -1999.0 120.0'
ARGLOG Joe Rogan t  54.5 pos '2189.0 -59.5  24.0' spd 328.8 yaw 282.6 mode 2 st 6 gl 0 hp 100 frg 0
ARGLOG Carmack t  54.6 pos '2572.9 -1904.0  61.6' spd 135.3 yaw 303 mode 2 st 3 gl 2 hp 17 frg 2
ARGLOG Romero t  54.6 pos '2243.4 -430.1   8.0' spd 323.3 yaw  93.9 mode 2 st 3 gl 0 hp 72 frg 2
ARGEVT Joe Rogan grab weapon_nailgun
ARGEVT Romero grab item_health
ARGEVT Carmack hazard
ARGLOG Joe Rogan t  55.1 pos '2370.2 -73.4  72.0' spd 332.7 yaw 237.7 mode 2 st 6 gl 0 hp 100 frg 0
ARGLOG Carmack t  55.1 pos '2570.7 -1904.0  24.0' spd 189.2 yaw 304 mode 2 st 3 gl 2 hp 17 frg 2
ARGEVT Romero route 7 start '2153.0 -479.0   8.0' goal '2777.0 -15.0 -72.0'
ARGLOG Romero t  55.2 pos '2130.7 -488.0   8.0' spd 359.5 yaw  53.5 mode 2 st 3 gl 0 hp 52 frg 2
ARGEVT Romero hazard
ARGEVT Joe Rogan pursue
ARGEVT Joe Rogan grab 
ARGLOG Joe Rogan t  55.6 pos '2467.9 -222.4  40.1' spd 317.8 yaw 198.6 mode 2 st 6 gl 0 hp 100 frg 0
ARGLOG Carmack t  55.6 pos '2570.0 -1904.0  24.0' spd 327.4 yaw 304 mode 2 st 3 gl 2 hp 17 frg 2
ARGLOG Romero t  55.7 pos '2135.6 -500.1   8.0' spd 184.9 yaw  32.6 mode 2 st 3 gl 0 hp 52 frg 2
ARGEVT Joe Rogan hazard
ARGEVT Joe Rogan pursue
ARGEVT Romero pursue
ARGEVT Carmack hazard
ARGLOG Joe Rogan t  56.1 pos '2523.1 -236.3  32.0' spd 321.4 yaw 177 mode 2 st 6 gl 0 hp 100 frg 0
ARGLOG Carmack t  56.1 pos '2554.9 -1904.0  24.0' spd 158.6 yaw 311 mode 2 st 3 gl 2 hp 17 frg 2
ARGEVT Joe Rogan pursue
ARGLOG Romero t  56.2 pos '2195.9 -451.7   8.0' spd 320.0 yaw 40 mode 2 st 3 gl 0 hp 52 frg 2
ARGLOG Joe Rogan t  56.6 pos '2389.3 -240.0  24.0' spd  39.3 yaw 261.8 mode 2 st 6 gl 0 hp 100 frg 0
ARGLOG Carmack t  56.6 pos '2602.7 -1881.5  24.0' spd 388.1 yaw 282 mode 2 st 3 gl 2 hp 17 frg 2
ARGLOG Romero t  56.8 pos '2362.3 -404.5   8.0' spd 321.9 yaw  63.5 mode 2 st 3 gl 0 hp 52 frg 2
ARGEVT Carmack hazard
ARGLOG Joe Rogan t  57.2 pos '2355.7 -214.8  24.0' spd 341.3 yaw 240.9 mode 2 st 6 gl 0 hp 84 frg 0
ARGLOG Carmack t  57.2 pos '2538.8 -1902.6  24.0' spd 141.3 yaw 317 mode 2 st 3 gl 2 hp 17 frg 2
ARGLOG Romero t  57.4 pos '2264.5 -357.4   8.0' spd 320.2 yaw  84.2 mode 2 st 3 gl 0 hp 52 frg 2
ARGLOG Joe Rogan t  57.7 pos '2195.3 -180.6  24.0' spd 355.3 yaw 242.9 mode 2 st 6 gl 0 hp 60 frg 0
ARGLOG Carmack t  57.7 pos '2608.0 -1883.9  24.0' spd 228.5 yaw 280 mode 2 st 3 gl 2 hp 17 frg 2
ARGEVT Romero retreat
ARGEVT Romero hazard
ARGLOG Romero t  57.9 pos '2136.3 -363.9  24.0' spd 383.9 yaw  89.0 mode 2 st 3 gl 0 hp 25 frg 2
ARGEVT Carmack stall
ARGEVT Carmack stallnode '2361.0 -1871.0  24.0'
ARGEVT Carmack jump
ARGEVT Carmack route 5 start '2553.0 -1871.0  24.0' goal '2473.0 -1999.0 120.0'
ARGLOG Joe Rogan t  58.2 pos '2226.5 -170.7  24.0' spd 331.9 yaw 259.2 mode 2 st 6 gl 0 hp 48 frg 0
ARGLOG Carmack t  58.2 pos '2535.3 -1904.0  60.3' spd  33.8 yaw 318 mode 2 st 4 gl 2 hp 17 frg 2
ARGLOG Romero t  58.4 pos '2163.8 -522.5   8.0' spd 340.4 yaw  70.3 mode 2 st 3 gl 0 hp 25 frg 2
ARGEVT Carmack hazard
ARGEVT Romero death Joe Rogan pos '2207.8 -520.3   8.0'
ARGUS Joe Rogan watch spawn
ARGEVT Joe Rogan goal item_armorInv
ARGLOG Joe Rogan t  58.8 pos '2394.3 -240.0  24.0' spd 247.9 yaw 268.2 mode 0 st 6 gl 0 hp 48 frg 1
ARGLOG Carmack t  58.8 pos '2601.6 -1896.0  24.0' spd 352.7 yaw 285 mode 2 st 4 gl 2 hp 17 frg 2
ARGEVT Joe Rogan hazard
ARGEVT Joe Rogan route 6 start '2361.0 -175.0  24.0' goal '2393.0 -655.0  56.0'
ARGLOG Joe Rogan t  59.4 pos '2258.7 -237.1  24.0' spd 322.5 yaw 205.6 mode 2 st 6 gl 0 hp 48 frg 1
ARGLOG Carmack t  59.4 pos '2548.8 -1900.9  24.0' spd 148.6 yaw 313 mode 2 st 4 gl 2 hp 17 frg 2
ARGEVT Carmack abandon
ARGEVT Carmack goal item_health
ARGEVT Carmack route 5 start '2553.0 -1871.0  24.0' goal '2377.0 -1999.0 120.0'
ARGLOG Joe Rogan t  59.9 pos '2155.8 -363.2   8.0' spd 337.0 yaw 283 mode 2 st 6 gl 0 hp 48 frg 1
ARGLOG Carmack t  59.9 pos '2602.9 -1818.2  24.0' spd 352.5 yaw 193 mode 2 st 4 gl 2 hp 17 frg 2
ARGEVT Romero respawn
ARGEVT Romero goal item_armorInv
ARGLOG Romero t  60.2 pos '2048.0 -1352.0 136.0' spd 0 yaw 160.8 mode 0 st 3 gl 0 hp 100 frg 2
ARGEVT Romero route 16 start '1977.0 -1343.0 136.0' goal '2393.0 -655.0  56.0'
ARGLOG Joe Rogan t  60.4 pos '2226.7 -527.1   8.0' spd 389.4 yaw 24 mode 2 st 6 gl 0 hp 48 frg 1
ARGLOG Carmack t  60.4 pos '2432.4 -1776.2  24.0' spd 342.8 yaw 208 mode 2 st 4 gl 2 hp 17 frg 2
ARGEVT Romero jump
ARGLOG Romero t  60.8 pos '1938.6 -1232.0 160.4' spd 126.0 yaw 70 mode 2 st 3 gl 0 hp 100 frg 2
ARGLOG Joe Rogan t  61.0 pos '2274.6 -380.0   8.0' spd 422.3 yaw 208.5 mode 2 st 6 gl 0 hp 48 frg 1
ARGLOG Carmack t  61.0 pos '2278.6 -1867.5  24.0' spd 320.3 yaw 230 mode 2 st 4 gl 2 hp 17 frg 2
ARGEVT Joe Rogan route 4 start '2153.0 -479.0   8.0' goal '2393.0 -655.0  56.0'
ARGLOG Romero t  61.4 pos '1962.2 -1246.3 136.0' spd 214.1 yaw 299 mode 2 st 3 gl 0 hp 100 frg 2
ARGEVT Carmack jump
ARGLOG Joe Rogan t  61.5 pos '2184.0 -523.8   8.0' spd 409.5 yaw 4 mode 2 st 6 gl 0 hp 48 frg 1
ARGEVT Joe Rogan hazard
ARGLOG Carmack t  61.5 pos '2128.0 -1966.7  69.7' spd 283.9 yaw 347 mode 2 st 4 gl 2 hp 17 frg 2
ARGEVT Carmack door
ARGEVT Romero hazard
ARGLOG Romero t  61.9 pos '2065.8 -1381.6 136.0' spd 347.9 yaw 95 mode 2 st 3 gl 0 hp 100 frg 2
ARGLOG Joe Rogan t  62.1 pos '2367.5 -496.7   8.0' spd 320.3 yaw 360 mode 2 st 6 gl 0 hp 48 frg 1
ARGLOG Carmack t  62.1 pos '2149.6 -1980.9  72.0' spd 211.2 yaw 360 mode 2 st 4 gl 2 hp 17 frg 2
ARGEVT Carmack jump
ARGLOG Romero t  62.5 pos '2096.0 -1310.2 136.0' spd 273.9 yaw 289 mode 2 st 3 gl 0 hp 100 frg 2
ARGLOG Joe Rogan t  62.7 pos '2547.7 -502.9  24.0' spd 349.1 yaw 225 mode 2 st 6 gl 0 hp 48 frg 1
ARGLOG Carmack t  62.7 pos '2224.0 -1986.1  84.3' spd   9.3 yaw 360 mode 2 st 4 gl 2 hp 17 frg 2
ARGEVT Joe Rogan hazard
ARGEVT Carmack hazard
ARGEVT Joe Rogan jump
ARGLOG Romero t  63.0 pos '1977.6 -1378.2 136.0' spd 356.2 yaw 83 mode 2 st 3 gl 0 hp 100 frg 2
ARGLOG Joe Rogan t  63.2 pos '2595.1 -528.0  32.0' spd 203.2 yaw 213 mode 2 st 6 gl 0 hp 48 frg 1
ARGEVT Romero hazard
ARGLOG Carmack t  63.2 pos '2228.6 -1879.9  24.0' spd 202.0 yaw 346 mode 2 st 4 gl 2 hp 17 frg 2
ARGLOG Romero t  63.6 pos '1936.0 -1256.4  95.0' spd   4.9 yaw 301.0 mode 2 st 3 gl 0 hp 100 frg 2
ARGLOG Joe Rogan t  63.8 pos '2413.4 -528.0   8.0' spd 340.7 yaw 234.3 mode 2 st 6 gl 0 hp 48 frg 1
ARGLOG Carmack t  63.8 pos '2404.9 -1896.1  24.0' spd 321.0 yaw 339 mode 2 st 4 gl 2 hp 17 frg 2
ARGEVT Joe Rogan hazard
ARGEVT Romero jump
ARGLOG Romero t  64.1 pos '1936.0 -1200.9  33.7' spd 278.9 yaw 67 mode 2 st 3 gl 0 hp 100 frg 2
ARGEVT Carmack hazard
ARGLOG Joe Rogan t  64.3 pos '2288.6 -516.4   8.0' spd 152.4 yaw 307 mode 2 st 6 gl 0 hp 48 frg 1
ARGLOG Carmack t  64.3 pos '2578.7 -1880.3  24.0' spd 389.0 yaw 294 mode 2 st 4 gl 2 hp 17 frg 2
ARGLOG Romero t  64.7 pos '1936.0 -1142.2  20.0' spd  31.2 yaw 59 mode 2 st 3 gl 0 hp 100 frg 2
ARGEVT Romero hazard
ARGLOG Joe Rogan t  64.9 pos '2366.7 -528.0   8.0' spd 337.8 yaw 282 mode 2 st 6 gl 0 hp 48 frg 1
ARGEVT Romero jump
ARGLOG Carmack t  64.9 pos '2582.5 -1903.8  24.0' spd 323.0 yaw 298 mode 2 st 4 gl 2 hp 17 frg 2
ARGEVT Joe Rogan hazard
ARGLOG Romero t  65.3 pos '1936.0 -1262.7  55.7' spd  19.7 yaw 71 mode 2 st 3 gl 0 hp 100 frg 2
ARGEVT Carmack hazard
ARGLOG Joe Rogan t  65.5 pos '2497.8 -528.0   8.0' spd 160.0 yaw 231 mode 2 st 6 gl 0 hp 48 frg 1
ARGLOG Carmack t  65.5 pos '2559.1 -1904.0  24.0' spd 160.4 yaw 310 mode 2 st 4 gl 2 hp 17 frg 2
ARGEVT Romero jump
ARGLOG Romero t  65.8 pos '1936.0 -1157.0  44.4' spd 309.4 yaw 61 mode 2 st 3 gl 0 hp 100 frg 2
ARGLOG Joe Rogan t  66.0 pos '2379.4 -528.0   8.0' spd 257.7 yaw 277 mode 2 st 6 gl 0 hp 48 frg 1
ARGEVT Joe Rogan hazard
ARGLOG Carmack t  66.0 pos '2523.3 -1904.0  24.0' spd 260.2 yaw 322 mode 2 st 4 gl 2 hp 17 frg 2
ARGEVT Romero hazard
ARGLOG Romero t  66.4 pos '1935.5 -1152.0  20.0' spd 208.5 yaw 60 mode 2 st 3 gl 0 hp 100 frg 2
ARGEVT Carmack hazard
ARGEVT Romero jump
ARGLOG Joe Rogan t  66.6 pos '2274.2 -524.3   8.0' spd 151.0 yaw 313 mode 2 st 6 gl 0 hp 48 frg 1
ARGLOG Carmack t  66.6 pos '2558.5 -1895.6  24.0' spd 165.9 yaw 307 mode 2 st 4 gl 2 hp 17 frg 2
ARGLOG Romero t  67.0 pos '1936.0 -1260.8  50.7' spd  30.9 yaw 71 mode 2 st 3 gl 0 hp 100 frg 2
ARGLOG Joe Rogan t  67.1 pos '2330.0 -528.0   8.0' spd 359.7 yaw 297 mode 2 st 6 gl 0 hp 48 frg 1
ARGLOG Carmack t  67.1 pos '2559.3 -1899.2  24.0' spd 296.4 yaw 308 mode 2 st 4 gl 2 hp 17 frg 2
ARGEVT Joe Rogan hazard
ARGEVT Romero jump
ARGLOG Romero t  67.5 pos '1936.0 -1157.5  44.4' spd 312.4 yaw 61 mode 2 st 3 gl 0 hp 100 frg 2
ARGEVT Carmack hazard
ARGLOG Joe Rogan t  67.7 pos '2478.8 -528.0   8.0' spd 170.5 yaw 236 mode 2 st 6 gl 0 hp 48 frg 1
ARGLOG Carmack t  67.7 pos '2589.1 -1903.4  24.0' spd 322.3 yaw 294 mode 2 st 4 gl 2 hp 17 frg 2
ARGEVT Romero hazard
ARGLOG Romero t  68.0 pos '1935.5 -1152.7  20.0' spd 214.3 yaw 61 mode 2 st 3 gl 0 hp 100 frg 2
ARGEVT Romero jump
ARGLOG Joe Rogan t  68.3 pos '2416.1 -528.0   8.0' spd 324.2 yaw 260 mode 2 st 6 gl 0 hp 48 frg 1
ARGLOG Carmack t  68.3 pos '2588.1 -1892.4  24.0' spd 321.0 yaw 292 mode 2 st 4 gl 2 hp 17 frg 2
ARGEVT Joe Rogan hazard
ARGEVT Carmack hazard
ARGLOG Romero t  68.6 pos '1936.0 -1260.8  51.0' spd  30.9 yaw 71 mode 2 st 3 gl 0 hp 100 frg 2
ARGLOG Joe Rogan t  68.8 pos '2292.7 -525.0   8.0' spd 158.5 yaw 308 mode 2 st 6 gl 0 hp 48 frg 1
ARGLOG Carmack t  68.8 pos '2599.2 -1904.0  24.0' spd 365.7 yaw 288 mode 2 st 4 gl 2 hp 17 frg 2
ARGEVT Romero jump
ARGLOG Romero t  69.1 pos '1936.0 -1144.4  51.9' spd 225.1 yaw 59 mode 2 st 3 gl 0 hp 100 frg 2
ARGLOG Joe Rogan t  69.4 pos '2314.6 -528.0   8.0' spd 350.6 yaw 302 mode 2 st 6 gl 0 hp 48 frg 1
ARGLOG Carmack t  69.4 pos '2540.7 -1899.9  24.0' spd 136.5 yaw 315 mode 2 st 4 gl 2 hp 17 frg 2
ARGEVT Romero hazard
ARGEVT Carmack hazard
ARGEVT Joe Rogan hazard
ARGLOG Romero t  69.7 pos '1934.9 -1171.6  20.0' spd 308.2 yaw 63 mode 2 st 3 gl 0 hp 100 frg 2
ARGEVT Romero jump
ARGEVT Carmack abandon
ARGLOG Joe Rogan t  69.9 pos '2465.4 -528.0   8.0' spd 195.2 yaw 241 mode 2 st 6 gl 0 hp 48 frg 1
ARGLOG Carmack t  69.9 pos '2580.0 -1889.4  24.0' spd 213.7 yaw  82.8 mode 0 st 4 gl 2 hp 17 frg 2
ARGEVT Carmack goal item_health
ARGEVT Carmack route 3 start '2553.0 -1871.0  24.0' goal '2457.0 -1311.0  24.0'
ARGLOG Romero t  70.3 pos '1936.0 -1258.4  42.9' spd  37.4 yaw 71 mode 2 st 3 gl 0 hp 100 frg 2
ARGUS routecache adopt
ARGEVT Carmack route 2 start '2569.0 -1727.0  24.0' goal '2457.0 -1311.0  24.0'
ARGLOG Joe Rogan t  70.4 pos '2458.5 -528.0   8.0' spd 342.1 yaw 243 mode 2 st 6 gl 0 hp 48 frg 1
ARGLOG Carmack t  70.4 pos '2557.6 -1730.0  24.0' spd 320.1 yaw 103 mode 2 st 4 gl 2 hp 17 frg 2
ARGEVT Joe Rogan stall
ARGEVT Joe Rogan stallnode '2393.0 -655.0  56.0'
ARGEVT Joe Rogan jump
ARGEVT Romero jump
ARGLOG Romero t  70.8 pos '1936.0 -1143.1  51.9' spd 217.2 yaw 59 mode 2 st 3 gl 0 hp 100 frg 2
ARGEVT Joe Rogan route 1 start '2393.0 -543.0  56.0' goal '2393.0 -655.0  56.0'
ARGLOG Joe Rogan t  70.9 pos '2322.0 -528.0  38.3' spd  14.1 yaw 349 mode 2 st 7 gl 0 hp 48 frg 1
ARGLOG Carmack t  70.9 pos '2519.7 -1573.9  24.0' spd 320.1 yaw 103 mode 2 st 4 gl 2 hp 17 frg 2
ARGEVT Joe Rogan jump
ARGEVT Romero hazard
ARGLOG Romero t  71.3 pos '1935.5 -1152.3  20.0' spd 208.6 yaw 60 mode 2 st 3 gl 0 hp 100 frg 2
ARGEVT Romero jump
ARGLOG Joe Rogan t  71.5 pos '2339.3 -528.0  43.8' spd  31.0 yaw 345 mode 2 st 7 gl 0 hp 48 frg 1
ARGLOG Carmack t  71.5 pos '2468.6 -1400.8  24.0' spd 321.7 yaw 122 mode 1 st 4 gl 2 hp 17 frg 2
ARGEVT Joe Rogan abandon
ARGLOG Romero t  71.8 pos '1936.0 -1260.8  50.8' spd  30.9 yaw 71 mode 2 st 3 gl 0 hp 100 frg 2
ARGEVT Carmack hazard
ARGEVT Joe Rogan plan powerup via weapon
ARGEVT Joe Rogan goal weapon_rocketlauncher
ARGLOG Joe Rogan t  72.1 pos '2312.8 -443.2   8.0' spd 323.6 yaw 137.7 mode 0 st 7 gl 0 hp 48 frg 1
ARGLOG Carmack t  72.1 pos '2420.6 -1296.0  24.0' spd 251.5 yaw  26.4 mode 1 st 4 gl 2 hp 67 frg 2
ARGEVT Joe Rogan route 10 start '2297.0 -495.0   8.0' goal '1465.0 -687.0 184.0'
ARGEVT Romero jump
ARGLOG Romero t  72.4 pos '1936.0 -1144.7  51.9' spd 229.1 yaw 59 mode 2 st 3 gl 0 hp 100 frg 2
ARGLOG Joe Rogan t  72.6 pos '2227.8 -277.4  24.0' spd 342.0 yaw 156.6 mode 0 st 7 gl 0 hp 48 frg 1
ARGLOG Carmack t  72.6 pos '2558.3 -1395.3  24.0' spd 407.1 yaw 207.6 mode 1 st 4 gl 2 hp 67 frg 2
ARGEVT Joe Rogan route 10 start '2169.0 -351.0  24.0' goal '1465.0 -687.0 184.0'
ARGEVT Romero hazard
ARGLOG Romero t  72.9 pos '1935.4 -1173.4  20.0' spd 317.7 yaw 63 mode 2 st 3 gl 0 hp 100 frg 2
ARGEVT Romero jump
ARGLOG Joe Rogan t  73.1 pos '2177.3 -121.4  24.0' spd 338.4 yaw 22 mode 2 st 7 gl 0 hp 48 frg 1
ARGLOG Carmack t  73.1 pos '2398.8 -1410.2  24.0' spd 320.0 yaw 166.5 mode 1 st 4 gl 2 hp 67 frg 2
ARGEVT Carmack hazard
ARGLOG Romero t  73.5 pos '1936.0 -1258.5  43.2' spd  37.4 yaw 71 mode 2 st 3 gl 0 hp 100 frg 2
ARGLOG Joe Rogan t  73.7 pos '2294.6  13.1  40.0' spd 365.7 yaw 356 mode 2 st 7 gl 0 hp 48 frg 1
ARGLOG Carmack t  73.7 pos '2352.0 -1538.3  24.0' spd 213.3 yaw 146.7 mode 1 st 4 gl 2 hp 67 frg 2
ARGEVT Joe Rogan jump
ARGEVT Romero jump
ARGLOG Romero t  74.0 pos '1936.0 -1136.9  56.1' spd 133.7 yaw 58 mode 2 st 3 gl 0 hp 100 frg 2
ARGLOG Joe Rogan t  74.2 pos '2360.0  -7.4  87.8' spd  56.8 yaw 353 mode 2 st 7 gl 0 hp 48 frg 1
ARGLOG Carmack t  74.2 pos '2372.5 -1409.4  24.0' spd 337.4 yaw  31.6 mode 1 st 4 gl 2 hp 67 frg 2
ARGEVT Romero hazard
ARGLOG Romero t  74.6 pos '1934.1 -1194.0  20.0' spd 348.9 yaw 65 mode 2 st 3 gl 0 hp 100 frg 2
ARGEVT Romero jump
ARGLOG Joe Rogan t  74.7 pos '2479.0  -9.7 120.0' spd 322.9 yaw 355 mode 2 st 7 gl 0 hp 48 frg 1
ARGLOG Carmack t  74.7 pos '2505.9 -1301.6  24.0' spd 353.2 yaw 91 mode 1 st 4 gl 2 hp 67 frg 2
ARGLOG Romero t  75.1 pos '1936.0 -1258.4  41.8' spd  37.4 yaw 71 mode 2 st 3 gl 0 hp 100 frg 2
ARGEVT Carmack hazard
ARGLOG Joe Rogan t  75.2 pos '2637.8 -37.6 120.0' spd 324.3 yaw 215 mode 2 st 7 gl 0 hp 48 frg 1
ARGLOG Carmack t  75.2 pos '2454.6 -1137.2  24.0' spd 308.1 yaw 239.2 mode 1 st 4 gl 2 hp 67 frg 2
ARGEVT Romero jump
ARGLOG Romero t  75.6 pos '1936.0 -1142.4  52.1' spd 217.2 yaw 59 mode 2 st 3 gl 0 hp 100 frg 2
ARGLOG Joe Rogan t  75.7 pos '2640.0 -42.9 120.0' spd 0 yaw 215 mode 2 st 7 gl 0 hp 48 frg 1
ARGLOG Carmack t  75.7 pos '2471.1 -1251.7  24.0' spd 351.8 yaw 310 mode 1 st 4 gl 2 hp 67 frg 2
ARGEVT Romero hazard
ARGLOG Romero t  76.2 pos '1934.8 -1171.7  20.0' spd 310.2 yaw 63 mode 2 st 3 gl 0 hp 100 frg 2
ARGEVT Romero jump
ARGLOG Joe Rogan t  76.3 pos '2640.0 -42.9 120.0' spd 0 yaw 215 mode 2 st 7 gl 0 hp 48 frg 1
ARGLOG Carmack t  76.3 pos '2470.8 -1424.5  24.0' spd 396.4 yaw 172 mode 1 st 4 gl 2 hp 67 frg 2
ARGEVT Joe Rogan stall
ARGEVT Joe Rogan stallnode '2905.0 -47.0 -72.0'
ARGEVT Joe Rogan jump
ARGEVT Carmack hazard
ARGLOG Romero t  76.7 pos '1936.0 -1260.8  50.3' spd  30.9 yaw 71 mode 2 st 3 gl 0 hp 100 frg 2
ARGLOG Joe Rogan t  76.8 pos '2640.0 -49.2 157.5' spd  32.2 yaw 259.8 mode 0 st 8 gl 0 hp 48 frg 1
ARGLOG Carmack t  76.8 pos '2355.8 -1365.6  24.0' spd 333.1 yaw  52.7 mode 1 st 4 gl 2 hp 67 frg 2
ARGEVT Joe Rogan route 6 start '2585.0 -15.0 120.0' goal '1465.0 -687.0 184.0'
ARGEVT Romero jump
ARGLOG Romero t  77.2 pos '1936.0 -1157.3  44.4' spd 311.9 yaw 61 mode 2 st 3 gl 0 hp 100 frg 2
ARGLOG Joe Rogan t  77.4 pos '2574.7 -16.9 120.0' spd 365.0 yaw 355 mode 2 st 8 gl 0 hp 48 frg 1
ARGLOG Carmack t  77.4 pos '2503.7 -1345.2  24.0' spd 388.6 yaw 248.8 mode 1 st 4 gl 2 hp 67 frg 2
ARGEVT Romero hazard
ARGLOG Romero t  77.7 pos '1935.5 -1152.1  20.0' spd 208.5 yaw 60 mode 2 st 3 gl 0 hp 100 frg 2
ARGEVT Romero jump
ARGLOG Joe Rogan t  77.9 pos '2640.0 -27.3 120.0' spd 315.2 yaw 215 mode 2 st 8 gl 0 hp 48 frg 1
ARGLOG Carmack t  77.9 pos '2367.7 -1436.6  24.0' spd 348.3 yaw 128 mode 1 st 4 gl 2 hp 67 frg 2
ARGEVT Carmack hazard
ARGLOG Romero t  78.2 pos '1936.0 -1262.7  55.7' spd  19.7 yaw 71 mode 2 st 3 gl 0 hp 100 frg 2
ARGLOG Joe Rogan t  78.5 pos '2640.0 -77.9 120.0' spd  20.7 yaw 214 mode 2 st 8 gl 0 hp 48 frg 1
ARGLOG Carmack t  78.5 pos '2426.6 -1305.5  24.0' spd 333.0 yaw   4.3 mode 1 st 4 gl 2 hp 67 frg 2
ARGEVT Romero jump
ARGLOG Romero t  78.8 pos '1936.0 -1157.1  44.5' spd 311.9 yaw 61 mode 2 st 3 gl 0 hp 100 frg 2
ARGLOG Joe Rogan t  79.0 pos '2640.0 -68.0 120.0' spd  13.8 yaw 214 mode 2 st 8 gl 0 hp 48 frg 1
ARGLOG Carmack t  79.0 pos '2514.4 -1171.0  24.0' spd 414.1 yaw 183.5 mode 1 st 4 gl 2 hp 67 frg 2
ARGEVT Carmack hazard
ARGEVT Romero hazard
ARGLOG Romero t  79.4 pos '1935.5 -1153.1  20.0' spd 214.3 yaw 61 mode 2 st 3 gl 0 hp 100 frg 2
ARGEVT Joe Rogan stall
ARGEVT Joe Rogan stallnode '2905.0 -47.0 -72.0'
ARGEVT Joe Rogan jump
ARGEVT Romero jump
ARGLOG Joe Rogan t  79.6 pos '2640.0 -62.0 144.4' spd   0.8 yaw 323.3 mode 0 st 9 gl 0 hp 48 frg 1
ARGLOG Carmack t  79.6 pos '2487.7 -1286.1  24.0' spd 320.3 yaw 283.0 mode 1 st 4 gl 2 hp 67 frg 2
ARGUS routecache adopt
ARGEVT Joe Rogan route 6 start '2585.0 -15.0 120.0' goal '1465.0 -687.0 184.0'
ARGLOG Romero t  79.9 pos '1936.0 -1260.8  51.1' spd  30.9 yaw 71 mode 2 st 3 gl 0 hp 100 frg 2
ARGLOG Joe Rogan t  80.2 pos '2624.4 -76.4 120.0' spd 207.2 yaw 144.8 mode 2 st 9 gl 0 hp 48 frg 1
ARGLOG Carmack t  80.2 pos '2424.3 -1443.1  24.0' spd 384.5 yaw 151 mode 1 st 4 gl 2 hp 67 frg 2
ARGEVT Romero jump
ARGEVT Carmack hazard
ARGEVT Romero abandon
ARGEVT Romero goal item_armor2
ARGEVT Romero route 5 start '1817.0 -1295.0  56.0' goal '2057.0 -943.0  32.0'
ARGLOG Romero t  80.5 pos '1936.0 -1139.2  51.9' spd 313.7 yaw 253 mode 2 st 3 gl 0 hp 100 frg 2
ARGLOG Joe Rogan t  80.7 pos '2613.2  14.9 120.0' spd 325.5 yaw 349 mode 2 st 9 gl 0 hp 48 frg 1
ARGLOG Carmack t  80.7 pos '2387.1 -1337.8  24.0' spd 381.4 yaw 352.5 mode 1 st 4 gl 2 hp 67 frg 2
ARGEVT Joe Rogan hazard
ARGLOG Romero t  81.0 pos '1918.4 -1144.6  20.0' spd 320.0 yaw 258 mode 2 st 3 gl 0 hp 100 frg 2
ARGLOG Joe Rogan t  81.3 pos '2640.0 -65.1 120.0' spd  13.8 yaw 214 mode 2 st 9 gl 0 hp 48 frg 1
ARGLOG Carmack t  81.3 pos '2544.0 -1240.8  24.0' spd 384.7 yaw 132.3 mode 1 st 4 gl 2 hp 67 frg 2
ARGEVT Romero jump
ARGLOG Romero t  81.6 pos '1820.6 -1264.0  51.8' spd 176.1 yaw 340 mode 2 st 3 gl 0 hp 100 frg 2
ARGEVT Carmack hazard
ARGLOG Joe Rogan t  81.8 pos '2640.0 -59.7 120.0' spd   7.0 yaw 214 mode 2 st 9 gl 0 hp 48 frg 1
ARGLOG Carmack t  81.8 pos '2448.0 -1136.2  24.0' spd 174.1 yaw 257.0 mode 1 st 4 gl 2 hp 67 frg 2
ARGLOG Romero t  82.2 pos '1857.7 -1315.6  72.0' spd 329.5 yaw 29 mode 2 st 3 gl 0 hp 100 frg 2
ARGEVT Romero jump
ARGLOG Joe Rogan t  82.4 pos '2640.0 -56.0 120.0' spd   3.4 yaw 214 mode 2 st 9 gl 0 hp 48 frg 1
ARGLOG Carmack t  82.4 pos '2497.9 -1310.1  24.0' spd 329.4 yaw 267 mode 1 st 4 gl 2 hp 67 frg 2
ARGEVT Joe Rogan stall
ARGEVT Joe Rogan stallnode '2905.0 -47.0 -72.0'
ARGEVT Joe Rogan jump
ARGEVT Joe Rogan engage Carmack
ARGEVT Joe Rogan grab item_health
ARGLOG Romero t  82.7 pos '1946.5 -1314.5 120.0' spd 200.8 yaw 68 mode 2 st 3 gl 0 hp 100 frg 2
ARGEVT Joe Rogan route 6 start '2585.0 -15.0 120.0' goal '1465.0 -687.0 184.0'
ARGLOG Joe Rogan t  82.9 pos '2639.6 -65.9 150.6' spd  34.7 yaw 243.0 mode 2 st 10 gl 0 hp 48 frg 1
ARGLOG Carmack t  82.9 pos '2414.1 -1442.5  24.0' spd 377.6 yaw 146 mode 1 st 4 gl 2 hp 67 frg 2
ARGEVT Carmack hazard
ARGEVT Joe Rogan pursue
ARGEVT Romero jump
ARGLOG Romero t  83.2 pos '2025.2 -1173.6 181.5' spd 325.6 yaw 82 mode 2 st 3 gl 0 hp 100 frg 2
ARGLOG Joe Rogan t  83.4 pos '2612.4 -161.7 120.0' spd 321.4 yaw 265 mode 2 st 10 gl 0 hp 48 frg 1
ARGLOG Carmack t  83.4 pos '2366.6 -1314.2  24.0' spd 357.7 yaw  19.5 mode 1 st 4 gl 2 hp 67 frg 2
ARGLOG Romero t  83.7 pos '2074.5 -1096.3 200.0' spd 326.9 yaw 96 mode 2 st 3 gl 0 hp 100 frg 2
ARGLOG Joe Rogan t  84.0 pos '2592.1 -341.2 120.0' spd 320.0 yaw 265 mode 2 st 10 gl 0 hp 48 frg 1
ARGLOG Carmack t  84.0 pos '2541.5 -1260.2  24.0' spd 396.0 yaw 120.6 mode 1 st 4 gl 2 hp 67 frg 2
ARGLOG Romero t  84.2 pos '2064.5 -913.9 168.5' spd 322.2 yaw 165.3 mode 1 st 3 gl 0 hp 100 frg 2
ARGEVT Carmack hazard
ARGEVT Joe Rogan route 7 start '2553.0 -351.0 147.0' goal '1465.0 -687.0 184.0'
ARGLOG Joe Rogan t  84.5 pos '2578.0 -501.8 120.0' spd 320.0 yaw 264 mode 2 st 10 gl 0 hp 48 frg 1
ARGLOG Carmack t  84.5 pos '2459.5 -1222.0  24.0' spd 340.9 yaw 281.3 mode 1 st 4 gl 2 hp 67 frg 2
ARGLOG Romero t  84.8 pos '2016.3 -898.6  32.0' spd 333.4 yaw 331.8 mode 1 st 3 gl 0 hp 100 frg 2
ARGLOG Joe Rogan t  85.0 pos '2566.0 -528.0 120.0' spd  17.3 yaw 265 mode 2 st 10 gl 0 hp 48 frg 1
ARGEVT Romero hazard
ARGLOG Carmack t  85.0 pos '2471.6 -1399.3  24.0' spd 395.7 yaw 172.0 mode 1 st 4 gl 2 hp 67 frg 2
ARGUS Joe Rogan hunch item_armorInv
ARGEVT Joe Rogan plan powerup via weapon
ARGEVT Joe Rogan goal weapon_rocketlauncher
ARGLOG Romero t  85.3 pos '2068.2 -1008.0  32.0' spd 186.2 yaw 232.3 mode 1 st 3 gl 0 hp 100 frg 2
ARGEVT Carmack hazard
ARGEVT Joe Rogan route 8 start '2553.0 -495.0 147.0' goal '1465.0 -687.0 184.0'
ARGLOG Joe Rogan t  85.6 pos '2556.8 -396.8 136.7' spd 324.3 yaw  73.8 mode 2 st 10 gl 0 hp 48 frg 1
ARGLOG Carmack t  85.6 pos '2370.3 -1310.1  24.0' spd 351.5 yaw  24.8 mode 1 st 4 gl 2 hp 67 frg 2
ARGLOG Romero t  85.9 pos '1696.0 -952.1  20.0' spd 300 yaw 2 mode 1 st 3 gl 0 hp 100 frg 2
ARGLOG Joe Rogan t  86.1 pos '2603.0 -223.8 120.0' spd 320.2 yaw 75 mode 2 st 10 gl 0 hp 48 frg 1
ARGLOG Carmack t  86.1 pos '2539.0 -1244.2  24.0' spd 396.6 yaw 124.3 mode 1 st 4 gl 2 hp 67 frg 2
ARGLOG Romero t  86.5 pos '1791.8 -987.5  20.0' spd 331.9 yaw 11 mode 1 st 3 gl 0 hp 100 frg 2
ARGEVT Carmack hazard
ARGLOG Joe Rogan t  86.7 pos '2640.0 -68.6 120.0' spd 334.9 yaw 214 mode 2 st 10 gl 0 hp 48 frg 1
ARGLOG Carmack t  86.7 pos '2460.9 -1087.8  24.0' spd 349.7 yaw 196.6 mode 1 st 4 gl 2 hp 67 frg 2
ARGLOG Romero t  87.0 pos '1936.0 -941.6  20.0' spd 313.4 yaw 56 mode 1 st 3 gl 0 hp 100 frg 2
ARGLOG Joe Rogan t  87.2 pos '2640.0  -0.9 120.0' spd  57.9 yaw 216 mode 2 st 10 gl 0 hp 48 frg 1
ARGEVT Romero hazard
ARGLOG Carmack t  87.2 pos '2448.0 -1147.5  24.0' spd 323.4 yaw 256.0 mode 1 st 4 gl 2 hp 67 frg 2
ARGLOG Romero t  87.6 pos '1936.0 -924.4  20.0' spd 328.4 yaw 301 mode 1 st 3 gl 0 hp 100 frg 2
ARGEVT Carmack hazard
ARGLOG Joe Rogan t  87.8 pos '2640.0 -33.1 120.0' spd  21.5 yaw 215 mode 2 st 10 gl 0 hp 48 frg 1
ARGLOG Carmack t  87.8 pos '2528.7 -1255.0  24.0' spd 405.7 yaw  25.9 mode 1 st 4 gl 2 hp 67 frg 2
ARGLOG Romero t  88.1 pos '1936.0 -1010.2  20.0' spd  57.2 yaw 337 mode 1 st 3 gl 0 hp 100 frg 2
ARGLOG Joe Rogan t  88.3 pos '2640.0 -36.8 120.0' spd   7.1 yaw 215 mode 2 st 10 gl 0 hp 48 frg 1
ARGEVT Romero hazard
ARGLOG Carmack t  88.3 pos '2536.1 -1215.0  24.0' spd 336.3 yaw 225.6 mode 1 st 4 gl 2 hp 67 frg 2
ARGEVT Joe Rogan stall
ARGEVT Joe Rogan stallnode '2905.0 -47.0 -72.0'
ARGEVT Joe Rogan jump
ARGLOG Romero t  88.6 pos '1936.0 -1017.2  20.0' spd  60.7 yaw 340 mode 1 st 3 gl 0 hp 100 frg 2
ARGLOG Joe Rogan t  88.8 pos '2640.0 -45.6 157.5' spd  33.1 yaw 259.5 mode 0 st 11 gl 0 hp 48 frg 1
ARGLOG Carmack t  88.8 pos '2493.3 -1373.0  24.0' spd 327.3 yaw 232.0 mode 1 st 4 gl 2 hp 67 frg 2
ARGEVT Joe Rogan route 6 start '2585.0 -15.0 120.0' goal '1465.0 -687.0 184.0'
ARGEVT Romero stall
ARGEVT Romero jump
ARGLOG Romero t  89.2 pos '1936.0 -1021.3  33.7' spd  58.7 yaw 359.5 mode 0 st 4 gl 0 hp 100 frg 2
ARGEVT Carmack hazard
ARGLOG Joe Rogan t  89.3 pos '2589.3 -30.8 120.0' spd 346.4 yaw 358 mode 2 st 11 gl 0 hp 48 frg 1
ARGLOG Carmack t  89.3 pos '2359.4 -1411.0  24.0' spd 367.0 yaw 105.5 mode 1 st 4 gl 2 hp 67 frg 2
ARGEVT Romero route 1 start '2025.0 -991.0  32.0' goal '2057.0 -943.0  32.0'
ARGLOG Romero t  89.7 pos '1936.0 -1018.4  30.7' spd  45.0 yaw 31 mode 2 st 4 gl 0 hp 100 frg 2
ARGLOG Joe Rogan t  89.8 pos '2640.0   7.2 120.0' spd 105.5 yaw 349 mode 2 st 11 gl 0 hp 48 frg 1
ARGLOG Carmack t  89.8 pos '2436.7 -1315.7  24.0' spd 324.9 yaw  23.8 mode 1 st 4 gl 2 hp 67 frg 2
ARGEVT Romero hazard
ARGEVT Carmack abandon
ARGEVT Carmack goal item_artifact_super_damage
ARGLOG Romero t  90.3 pos '1936.0 -972.1  20.0' spd  71.8 yaw 325.4 mode 1 st 4 gl 0 hp 100 frg 2
ARGLOG Joe Rogan t  90.3 pos '2640.0 -82.8 120.0' spd  27.2 yaw 213 mode 2 st 11 gl 0 hp 48 frg 1
ARGLOG Carmack t  90.3 pos '2508.0 -1166.3  24.0' spd 352.7 yaw 141 mode 0 st 4 gl 2 hp 67 frg 2
ARGEVT Carmack route 13 start '2473.0 -1151.0  24.0' goal '1913.0 -719.0 184.0'
ARGEVT Romero stall
ARGEVT Romero jump
ARGEVT Carmack lift
ARGEVT Carmack board
ARGLOG Romero t  90.8 pos '1936.0 -1013.2  51.8' spd  25.5 yaw 355 mode 0 st 5 gl 0 hp 100 frg 2
ARGLOG Joe Rogan t  90.9 pos '2640.0 -70.8 120.0' spd  17.3 yaw 214 mode 2 st 11 gl 0 hp 48 frg 1
ARGLOG Carmack t  90.9 pos '2452.2 -992.1  50.5' spd 0 yaw 112 mode 2 st 4 gl 2 hp 67 frg 2
ARGEVT Romero route 1 start '2025.0 -991.0  32.0' goal '2057.0 -943.0  32.0'
ARGEVT Romero stall
ARGEVT Romero stallnode '2025.0 -991.0  32.0'
ARGLOG Romero t  91.4 pos '1936.0 -1008.7  20.0' spd  80.0 yaw 265.3 mode 0 st 6 gl 0 hp 100 frg 2
ARGEVT Romero jump
ARGEVT Joe Rogan stall
ARGEVT Joe Rogan stallnode '2905.0 -47.0 -72.0'
ARGLOG Joe Rogan t  91.5 pos '2640.0 -63.4 120.0' spd  10.6 yaw 415.7 mode 0 st 12 gl 0 hp 48 frg 1
ARGEVT Joe Rogan jump
ARGEVT Carmack door
ARGLOG Carmack t  91.5 pos '2499.6 -879.5 120.0' spd 325.4 yaw 141.6 mode 2 st 4 gl 2 hp 67 frg 2
ARGEVT Joe Rogan route 6 start '2585.0 -15.0 120.0' goal '1465.0 -687.0 184.0'
ARGLOG Romero t  92.0 pos '1906.0 -980.5  31.6' spd  76.1 yaw 228.9 mode 0 st 6 gl 0 hp 100 frg 2
ARGLOG Joe Rogan t  92.0 pos '2638.6 -76.5 131.9' spd  43.9 yaw 183.8 mode 2 st 12 gl 0 hp 48 frg 1
ARGLOG Carmack t  92.0 pos '2499.6 -879.5 120.0' spd 0 yaw 270.0 mode 2 st 4 gl 2 hp 67 frg 2
ARGLOG Romero t  92.5 pos '1905.4 -1114.7  20.0' spd 190.0 yaw 129.2 mode 0 st 6 gl 0 hp 100 frg 2
ARGLOG Joe Rogan t  92.6 pos '2574.3  16.0 120.0' spd 210.7 yaw 350 mode 2 st 12 gl 0 hp 48 frg 1
ARGLOG Carmack t  92.6 pos '2499.6 -879.5 120.0' spd 0 yaw 270.0 mode 2 st 4 gl 2 hp 67 frg 2
ARGEVT Romero goal weapon_rocketlauncher
ARGEVT Joe Rogan hazard
ARGLOG Romero t  93.1 pos '1922.5 -955.9  20.0' spd 354.3 yaw 7 mode 0 st 6 gl 0 hp 100 frg 2
ARGEVT Romero route 19 start '2057.0 -943.0  32.0' goal '2473.0 -1711.0  24.0'
ARGLOG Joe Rogan t  93.1 pos '2640.0 -67.6 120.0' spd  18.4 yaw 214 mode 2 st 12 gl 0 hp 48 frg 1
ARGLOG Carmack t  93.1 pos '2499.6 -879.5 120.0' spd 0 yaw 270.0 mode 2 st 4 gl 2 hp 67 frg 2
ARGEVT Romero hazard
ARGEVT Carmack door
ARGEVT Carmack hazard
ARGLOG Romero t  93.6 pos '1936.0 -933.1  20.0' spd  17.8 yaw 5 mode 2 st 6 gl 0 hp 100 frg 2
ARGLOG Joe Rogan t  93.6 pos '2640.0 -61.6 120.0' spd  10.7 yaw 214 mode 2 st 12 gl 0 hp 48 frg 1
ARGLOG Carmack t  93.6 pos '2448.0 -983.9 120.0' spd 122.6 yaw 104 mode 2 st 4 gl 2 hp 67 frg 2
ARGLOG Romero t  94.1 pos '1936.0 -932.1  20.0' spd  17.3 yaw 327 mode 2 st 6 gl 0 hp 100 frg 2
ARGLOG Joe Rogan t  94.2 pos '2640.0 -57.3 120.0' spd   6.9 yaw 214 mode 2 st 12 gl 0 hp 48 frg 1
ARGLOG Carmack t  94.2 pos '2422.3 -817.6 120.0' spd 345.5 yaw 96 mode 2 st 4 gl 2 hp 67 frg 2
ARGEVT Romero stall
ARGEVT Romero stallnode '2057.0 -943.0  32.0'
ARGEVT Romero jump
ARGEVT Joe Rogan stall
ARGEVT Joe Rogan stallnode '2905.0 -47.0 -72.0'
ARGEVT Joe Rogan jump
ARGUS routecache adopt
ARGEVT Romero route 19 start '2057.0 -943.0  32.0' goal '2473.0 -1711.0  24.0'
ARGEVT Carmack abandon
ARGLOG Romero t  94.7 pos '1936.0 -931.7  57.6' spd   6.6 yaw 327 mode 2 st 7 gl 0 hp 100 frg 2
ARGEVT Carmack goal item_armorInv
ARGEVT Carmack hazard
ARGLOG Joe Rogan t  94.8 pos '2640.0 -61.3 157.6' spd  31.8 yaw 261.8 mode 0 st 13 gl 0 hp 48 frg 1
ARGLOG Carmack t  94.8 pos '2352.0 -749.6  56.0' spd 171.0 yaw 189.3 mode 1 st 4 gl 2 hp 67 frg 2
ARGEVT Joe Rogan route 6 start '2585.0 -15.0 120.0' goal '1465.0 -687.0 184.0'
ARGLOG Romero t  95.3 pos '1936.0 -932.9  20.0' spd  17.3 yaw 5 mode 2 st 7 gl 0 hp 100 frg 2
ARGLOG Joe Rogan t  95.3 pos '2573.1 -33.9 120.0' spd 364.4 yaw 358 mode 2 st 13 gl 0 hp 48 frg 1
ARGLOG Carmack t  95.3 pos '2365.1 -718.2  56.0' spd 322.8 yaw 69 mode 1 st 4 gl 2 hp 67 frg 2
ARGEVT Joe Rogan hazard
ARGEVT Carmack abandon
ARGEVT Romero hazard
ARGEVT Carmack goal item_health
ARGLOG Romero t  95.8 pos '1936.0 -889.2  20.0' spd  89.1 yaw 27 mode 2 st 7 gl 0 hp 100 frg 2
ARGEVT Carmack hazard
ARGEVT Carmack route 11 start '2393.0 -655.0  56.0' goal '2057.0 -991.0 344.0'
ARGLOG Joe Rogan t  95.9 pos '2640.0 -12.6 120.0' spd  29.8 yaw 216 mode 2 st 13 gl 0 hp 48 frg 1
ARGLOG Carmack t  95.9 pos '2358.0 -668.2  56.0' spd 347.6 yaw 41 mode 2 st 4 gl 2 hp 67 frg 2
ARGLOG Romero t  96.4 pos '1936.0 -874.4  20.0' spd 145.5 yaw 308 mode 2 st 7 gl 0 hp 100 frg 2
ARGLOG Joe Rogan t  96.4 pos '2640.0 -24.5 120.0' spd  17.0 yaw 215 mode 2 st 13 gl 0 hp 48 frg 1
ARGLOG Carmack t  96.4 pos '2353.8 -701.5  56.0' spd 324.4 yaw 46 mode 2 st 4 gl 2 hp 67 frg 2
ARGEVT Romero stall
ARGEVT Romero stallnode '2057.0 -943.0  32.0'
ARGEVT Romero jump
ARGEVT Romero route 19 start '2057.0 -863.0  32.0' goal '2473.0 -1711.0  24.0'
ARGLOG Romero t  96.9 pos '1936.0 -889.1  57.7' spd  44.9 yaw 352.8 mode 2 st 8 gl 0 hp 100 frg 2
ARGLOG Joe Rogan t  97.0 pos '2640.0 -31.3 120.0' spd  10.6 yaw 215 mode 2 st 13 gl 0 hp 48 frg 1
ARGLOG Carmack t  97.0 pos '2413.2 -531.8  56.0' spd 360.3 yaw 14 mode 2 st 4 gl 2 hp 67 frg 2
ARGEVT Romero stall
ARGEVT Romero stallnode '2057.0 -863.0  32.0'
ARGEVT Romero jump
ARGEVT Joe Rogan stall
ARGEVT Joe Rogan stallnode '2905.0 -47.0 -72.0'
ARGEVT Joe Rogan jump
ARGLOG Romero t  97.4 pos '1936.0 -869.1  33.7' spd 158.4 yaw 283.5 mode 0 st 9 gl 0 hp 100 frg 2
ARGEVT Carmack jump
ARGLOG Joe Rogan t  97.5 pos '2640.0 -36.5 144.0' spd  17.0 yaw 318.3 mode 0 st 14 gl 0 hp 48 frg 1
ARGLOG Carmack t  97.5 pos '2546.9 -479.2  37.5' spd 312.9 yaw 87 mode 2 st 4 gl 2 hp 67 frg 2
ARGEVT Carmack hazard
ARGEVT Joe Rogan route 6 start '2585.0 -15.0 120.0' goal '1465.0 -687.0 184.0'
ARGLOG Romero t  98.0 pos '1936.0 -885.5  20.0' spd  30.9 yaw 283.5 mode 0 st 9 gl 0 hp 100 frg 2
ARGLOG Joe Rogan t  98.1 pos '2624.2 -51.4 120.0' spd 207.3 yaw 141.0 mode 2 st 14 gl 0 hp 48 frg 1
ARGLOG Carmack t  98.1 pos '2544.6 -513.5  24.0' spd 347.8 yaw 87 mode 2 st 4 gl 2 hp 67 frg 2
ARGEVT Carmack jump
ARGLOG Romero t  98.5 pos '1905.7 -882.3  20.0' spd 328.5 yaw 239.8 mode 0 st 9 gl 0 hp 100 frg 2
ARGLOG Joe Rogan t  98.7 pos '2626.9  14.5 120.0' spd 328.8 yaw 348 mode 2 st 14 gl 0 hp 48 frg 1
ARGLOG Carmack t  98.7 pos '2513.1 -331.2  44.0' spd 356.6 yaw 296.8 mode 2 st 4 gl 2 hp 67 frg 2
ARGEVT Romero goal weapon_rocketlauncher
ARGEVT Carmack hazard
ARGEVT Romero route 18 start '2057.0 -863.0  32.0' goal '1465.0 -687.0 184.0'
ARGLOG Romero t  99.1 pos '1788.5 -1022.7  20.0' spd 365.2 yaw 7 mode 2 st 9 gl 0 hp 100 frg 2
ARGLOG Joe Rogan t  99.2 pos '2640.0 -75.7 120.0' spd  24.9 yaw 214 mode 2 st 14 gl 0 hp 48 frg 1
ARGLOG Carmack t  99.2 pos '2613.3 -373.2  24.0' spd 349.6 yaw 159 mode 2 st 4 gl 2 hp 67 frg 2
ARGUS routecache adopt
ARGEVT Romero route 15 start '1673.0 -703.0  24.0' goal '1465.0 -687.0 184.0'
ARGLOG Romero t  99.6 pos '1633.2 -928.1  20.0' spd 357.4 yaw 78 mode 2 st 9 gl 0 hp 100 frg 2
ARGLOG Joe Rogan t  99.8 pos '2640.0 -66.6 120.0' spd  14.3 yaw 214 mode 2 st 14 gl 0 hp 48 frg 1
ARGLOG Carmack t  99.8 pos '2554.5 -384.0  24.0' spd 259.7 yaw 270 mode 2 st 4 gl 2 hp 67 frg 2
ARGEVT Romero hazard
ARGEVT Carmack hazard
ARGLOG Romero t 100.2 pos '1691.6 -759.2  20.0' spd 325.7 yaw 57 mode 2 st 9 gl 0 hp 100 frg 2
ARGLOG Joe Rogan t 100.3 pos '2640.0 -60.3 120.0' spd  10.6 yaw 214 mode 2 st 14 gl 0 hp 48 frg 1
ARGLOG Carmack t 100.3 pos '2555.2 -381.5  24.0' spd 345.7 yaw 269 mode 2 st 4 gl 2 hp 67 frg 2
ARGEVT Joe Rogan stall
ARGEVT Joe Rogan stallnode '2905.0 -47.0 -72.0'
ARGEVT Joe Rogan jump
ARGLOG Romero t 100.8 pos '1718.2 -579.0  24.0' spd 343.3 yaw 3 mode 2 st 9 gl 0 hp 100 frg 2
ARGEVT Joe Rogan route 6 start '2585.0 -15.0 120.0' goal '1465.0 -687.0 184.0'
ARGEVT Carmack jump
ARGLOG Joe Rogan t 100.9 pos '2639.5 -71.3 142.5' spd  38.5 yaw 202.3 mode 2 st 15 gl 0 hp 48 frg 1
ARGLOG Carmack t 100.9 pos '2512.0 -455.4  21.7' spd 326.5 yaw 68 mode 2 st 4 gl 2 hp 67 frg 2
ARGEVT Joe Rogan hazard
ARGLOG Romero t 101.3 pos '1892.7 -523.2  72.0' spd 323.2 yaw 47 mode 2 st 9 gl 0 hp 100 frg 2
ARGLOG Joe Rogan t 101.5 pos '2613.1 -14.9 120.0' spd 392.2 yaw 354 mode 2 st 15 gl 0 hp 48 frg 1
ARGLOG Carmack t 101.5 pos '2554.5 -515.2  24.0' spd 236.1 yaw 90 mode 2 st 4 gl 2 hp 67 frg 2
ARGEVT Carmack hazard
ARGEVT Carmack jump
ARGLOG Romero t 101.8 pos '2042.7 -469.6 104.0' spd 399.8 yaw 95 mode 2 st 9 gl 0 hp 100 frg 2
ARGLOG Joe Rogan t 102.0 pos '2640.0 -19.0 120.0' spd  20.7 yaw 215 mode 2 st 15 gl 0 hp 48 frg 1
ARGLOG Carmack t 102.0 pos '2398.5 -466.9  59.9' spd 373.1 yaw 36 mode 2 st 4 gl 2 hp 67 frg 2
ARGLOG Romero t 102.4 pos '2027.8 -279.0  56.0' spd 360.1 yaw 51 mode 2 st 9 gl 0 hp 100 frg 2
ARGEVT Joe Rogan engage Romero
ARGEVT Romero engage Joe Rogan
ARGLOG Joe Rogan t 102.6 pos '2609.6 -38.8 120.0' spd 320.0 yaw 192.0 mode 2 st 15 gl 0 hp 48 frg 1
ARGEVT Carmack engage Romero
ARGLOG Carmack t 102.6 pos '2404.3 -517.9   8.0' spd 320 yaw  88.8 mode 2 st 4 gl 2 hp 67 frg 2
ARGLOG Romero t 103.0 pos '2114.7 -109.8  24.0' spd 326.4 yaw  10.5 mode 2 st 9 gl 0 hp 100 frg 2
ARGEVT Joe Rogan grab item_health
ARGEVT Joe Rogan route 6 start '2457.0   1.0 120.0' goal '1465.0 -687.0 184.0'
ARGLOG Joe Rogan t 103.1 pos '2505.0 -55.8 120.0' spd 332.6 yaw 180.2 mode 2 st 15 gl 0 hp 48 frg 1
ARGLOG Carmack t 103.1 pos '2401.9 -455.7   8.0' spd 321.3 yaw 144.8 mode 2 st 4 gl 2 hp 67 frg 2
ARGLOG Romero t 103.5 pos '1964.9 -100.9  24.0' spd 321.3 yaw 359.8 mode 2 st 9 gl 0 hp 100 frg 2
ARGLOG Joe Rogan t 103.7 pos '2552.5 -132.8 120.0' spd 334.9 yaw 163.6 mode 2 st 15 gl 0 hp 59 frg 1
ARGEVT Carmack pursue
ARGLOG Carmack t 103.7 pos '2426.7 -304.0   8.0' spd  18.2 yaw 151 mode 2 st 4 gl 2 hp 67 frg 2
ARGEVT Joe Rogan hazard
ARGUS Carmack hunch item_artifact_super_damage
ARGEVT Carmack pursue
ARGLOG Romero t 104.1 pos '2081.4 -34.9  24.0' spd 320.8 yaw 340.1 mode 2 st 9 gl 0 hp 97 frg 2
ARGEVT Carmack goal item_health
ARGLOG Joe Rogan t 104.2 pos '2432.0 -216.0  73.6' spd 293.1 yaw 169.8 mode 2 st 15 gl 0 hp 55 frg 1
ARGLOG Carmack t 104.2 pos '2443.2 -319.7   8.0' spd 368.4 yaw  59.6 mode 0 st 4 gl 2 hp 67 frg 2
ARGEVT Carmack hazard
ARGEVT Carmack route 10 start '2473.0 -319.0   8.0' goal '2057.0 -991.0 344.0'
ARGLOG Romero t 104.6 pos '2063.5 -183.5  24.0' spd 323.4 yaw   1.2 mode 2 st 9 gl 0 hp 97 frg 2
ARGEVT Joe Rogan retreat
ARGLOG Joe Rogan t 104.8 pos '2322.8 -168.3  24.0' spd 342.8 yaw 215.7 mode 2 st 15 gl 0 hp 31 frg 1
ARGLOG Carmack t 104.8 pos '2372.1 -304.0   8.0' spd 322.9 yaw 189.7 mode 2 st 4 gl 2 hp 67 frg 2
ARGEVT Carmack grab weapon_nailgun
ARGLOG Romero t 105.2 pos '2051.8 -118.0  24.0' spd 323.8 yaw 357.3 mode 2 st 9 gl 0 hp 94 frg 2
ARGLOG Joe Rogan t 105.3 pos '2502.1 -144.0  24.0' spd 418.9 yaw 181.7 mode 2 st 15 gl 0 hp 19 frg 1
ARGLOG Carmack t 105.3 pos '2378.0 -304.0   8.0' spd 295.7 yaw 162.2 mode 2 st 4 gl 2 hp 67 frg 2
ARGEVT Joe Rogan abandon
ARGEVT Joe Rogan goal item_health
ARGEVT Joe Rogan jump
ARGEVT Joe Rogan route 5 start '2521.0 -191.0  32.0' goal '2521.0 -207.0 120.0'
ARGEVT Carmack pursue
ARGUS routecache adopt
ARGEVT Joe Rogan route 5 start '2521.0 -191.0  32.0' goal '2521.0 -207.0 120.0'
ARGEVT Joe Rogan pursue
ARGEVT Romero pursue
ARGLOG Romero t 105.7 pos '1911.4  16.0 144.0' spd 114.8 yaw 344 mode 0 st 9 gl 0 hp 50 frg 2
ARGEVT Romero route 10 start '1945.0 -63.0 213.0' goal '1465.0 -687.0 184.0'
ARGLOG Joe Rogan t 105.8 pos '2538.6 -176.6  32.0' spd 329.4 yaw 173 mode 2 st 15 gl 0 hp 19 frg 1
ARGLOG Carmack t 105.8 pos '2323.3 -305.8   8.0' spd 326.8 yaw 215.5 mode 2 st 4 gl 2 hp 67 frg 2
ARGEVT Carmack pursue
ARGUS Carmack prefire
ARGLOG Romero t 106.3 pos '1974.7  12.6  24.0' spd 115.8 yaw 336.7 mode 2 st 9 gl 0 hp 75 frg 2
ARGUS Carmack shove
ARGEVT Carmack route 10 start '2169.0 -351.0  24.0' goal '2057.0 -991.0 344.0'
ARGLOG Joe Rogan t 106.4 pos '2415.1 -178.6  24.0' spd 230.5 yaw 148.7 mode 1 st 15 gl 0 hp 3 frg 1
ARGLOG Carmack t 106.4 pos '2156.0 -371.7   8.0' spd 320.6 yaw  90.7 mode 2 st 4 gl 2 hp 67 frg 2
ARGEVT Joe Rogan jump
ARGEVT Joe Rogan death Romero pos '2512.0 -213.3  56.0'
ARGUS Romero watch spawn
ARGEVT Romero engage Carmack
ARGLOG Romero t 106.8 pos '2054.1 -164.7  24.0' spd 335.0 yaw 313.8 mode 2 st 9 gl 0 hp 42 frg 3
ARGEVT Carmack hazard
ARGEVT Romero goal item_health
ARGLOG Carmack t 106.9 pos '2236.2 -272.3  24.0' spd 392.8 yaw 125.3 mode 2 st 4 gl 2 hp 62 frg 2
ARGEVT Carmack weapon sg
ARGEVT Romero route 5 start '2041.0 -159.0  24.0' goal '2521.0 -207.0 120.0'
ARGLOG Romero t 107.4 pos '2193.2 -69.6  24.0' spd 373.7 yaw 270.2 mode 2 st 9 gl 0 hp 42 frg 3
ARGEVT Carmack weapon rl
ARGLOG Carmack t 107.4 pos '2189.2 -236.4  24.0' spd 387.8 yaw  42.4 mode 2 st 4 gl 2 hp 59 frg 2
ARGEVT Carmack grab item_rockets
ARGEVT Romero death Carmack pos '2305.7 -59.8  40.0'
ARGUS Carmack watch spawn
ARGEVT Carmack goal 
ARGEVT Carmack route 3 start '2169.0 -95.0  24.0' goal '2473.0 -191.0  24.0'
ARGLOG Carmack t 108.0 pos '2163.1 -113.3  24.0' spd 326.5 yaw 343 mode 2 st 4 gl 2 hp 59 frg 3
ARGEVT Joe Rogan respawn
ARGEVT Joe Rogan goal 
ARGLOG Joe Rogan t 108.4 pos '2248.0 -16.0 -136.0' spd 0 yaw 340.5 mode 0 st 15 gl 0 hp 100 frg 1
ARGEVT Joe Rogan route 9 start '2233.0 -31.0 -136.0' goal '2473.0 -191.0  24.0'
ARGLOG Carmack t 108.6 pos '2322.4 -73.6  56.0' spd 411.7 yaw 252.3 mode 1 st 4 gl 2 hp 59 frg 3
ARGEVT Joe Rogan hazard
ARGEVT Carmack hazard
ARGUS routecache adopt
ARGEVT Joe Rogan route 8 start '2361.0 -47.0 -88.0' goal '2473.0 -191.0  24.0'
ARGLOG Joe Rogan t 108.9 pos '2360.3 -76.6 -88.0' spd 129.5 yaw 193.0 mode 2 st 15 gl 0 hp 100 frg 1
ARGLOG Carmack t 109.1 pos '2259.1 -73.8  24.0' spd 320.0 yaw 195.5 mode 1 st 4 gl 2 hp 59 frg 3
ARGEVT Romero respawn
ARGEVT Romero goal item_armor2
ARGLOG Romero t 109.2 pos '2560.0 -192.0  32.0' spd 0 yaw 188 mode 0 st 9 gl 0 hp 100 frg 3
ARGEVT Romero engage Carmack
ARGEVT Romero grab 
ARGEVT Carmack engage Romero
ARGUS Carmack shove
ARGEVT Romero route 6 start '2521.0 -191.0  32.0' goal '2777.0 -15.0 -72.0'
ARGEVT Carmack goal item_health
ARGEVT Joe Rogan route 9 start '2233.0 -31.0 -136.0' goal '2473.0 -191.0  24.0'
ARGLOG Joe Rogan t 109.5 pos '2208.3 -90.9 -136.0' spd  51.0 yaw 260.5 mode 2 st 15 gl 0 hp 100 frg 1
ARGEVT Joe Rogan goal weapon_rocketlauncher
ARGLOG Carmack t 109.6 pos '2144.7 -209.0  24.0' spd 341.3 yaw  32.4 mode 0 st 4 gl 2 hp 59 frg 3
ARGLOG Romero t 109.8 pos '2426.2 -144.0  24.0' spd 278.9 yaw 222.4 mode 2 st 9 gl 0 hp 100 frg 3
ARGEVT Joe Rogan route 19 start '2249.0 -191.0 -136.0' goal '2473.0 -1711.0  24.0'
ARGEVT Joe Rogan hazard
ARGEVT Carmack route 5 start '2169.0 -351.0  24.0' goal '2521.0 -207.0 120.0'
ARGLOG Joe Rogan t 110.0 pos '2283.9 -166.3 -136.0' spd 277.2 yaw 321.0 mode 2 st 15 gl 0 hp 100 frg 1
ARGLOG Carmack t 110.2 pos '2220.2 -372.1   8.0' spd 326.4 yaw  30.4 mode 2 st 4 gl 2 hp 59 frg 3
ARGLOG Romero t 110.4 pos '2391.9 -240.0  24.0' spd 175.6 yaw 253.3 mode 2 st 9 gl 0 hp 100 frg 3
ARGLOG Joe Rogan t 110.6 pos '2240.0 -209.2 -136.0' spd  36.8 yaw 53 mode 2 st 15 gl 0 hp 100 frg 1
ARGLOG Carmack t 110.7 pos '2373.5 -467.0   8.0' spd 328.3 yaw 100.6 mode 2 st 4 gl 2 hp 59 frg 3
ARGLOG Romero t 110.9 pos '2367.4 -207.1  24.0' spd 339.8 yaw 303.6 mode 2 st 9 gl 0 hp 100 frg 3
ARGEVT Joe Rogan hazard
ARGEVT Carmack route 4 start '2553.0 -495.0  24.0' goal '2521.0 -207.0 120.0'
ARGLOG Joe Rogan t 111.2 pos '2184.7 -132.6 -101.1' spd 262.2 yaw 287.7 mode 2 st 15 gl 0 hp 100 frg 1
ARGLOG Carmack t 111.3 pos '2479.7 -481.0   8.0' spd 313.6 yaw  90.7 mode 2 st 4 gl 2 hp 58 frg 3
ARGEVT Romero pursue
ARGLOG Romero t 111.5 pos '2380.7 -191.5  24.0' spd 304.0 yaw 286 mode 2 st 9 gl 0 hp 100 frg 3
ARGLOG Joe Rogan t 111.7 pos '2281.8 -208.0 -136.0' spd 201.6 yaw 23 mode 2 st 15 gl 0 hp 100 frg 1
ARGLOG Carmack t 111.8 pos '2335.3 -502.0   8.0' spd  51.6 yaw  86.1 mode 2 st 4 gl 2 hp 58 frg 3
ARGLOG Romero t 112.0 pos '2380.3 -222.0  24.0' spd 328.2 yaw 295.1 mode 2 st 9 gl 0 hp 100 frg 3
ARGLOG Joe Rogan t 112.2 pos '2341.8 -32.4 -104.0' spd 412.3 yaw 324.5 mode 2 st 15 gl 0 hp 100 frg 1
ARGLOG Carmack t 112.3 pos '2505.3 -483.7   8.0' spd 334.9 yaw 144.8 mode 2 st 4 gl 2 hp 58 frg 3
ARGEVT Carmack jump
ARGEVT Carmack pursue
ARGEVT Joe Rogan hazard
ARGEVT Romero pursue
ARGLOG Romero t 112.6 pos '2234.2 -253.3  24.0' spd 193.2 yaw 307 mode 2 st 9 gl 0 hp 100 frg 3
ARGUS Carmack hunch item_artifact_super_damage
ARGLOG Joe Rogan t 112.8 pos '2525.2 -55.5 -64.0' spd 322.5 yaw 66 mode 2 st 15 gl 0 hp 100 frg 1
ARGEVT Carmack goal item_health
ARGUS routecache adopt
ARGEVT Carmack route 4 start '2553.0 -495.0  24.0' goal '2521.0 -207.0 120.0'
ARGLOG Carmack t 112.9 pos '2582.2 -477.1  32.0' spd 290.8 yaw 216.1 mode 2 st 4 gl 2 hp 58 frg 3
ARGEVT Romero route 6 start '2329.0 -351.0   8.0' goal '2777.0 -15.0 -72.0'
ARGLOG Romero t 113.2 pos '2272.9 -429.7   8.0' spd 322.8 yaw   0.9 mode 2 st 9 gl 0 hp 100 frg 3
ARGEVT Carmack jump
ARGLOG Joe Rogan t 113.3 pos '2688.0 -80.0 -72.0' spd 0 yaw 132 mode 2 st 15 gl 0 hp 100 frg 1
ARGEVT Romero death Carmack pos '2274.4 -508.5   8.0'
ARGLOG Carmack t 113.5 pos '2568.8 -466.2  38.6' spd  33.1 yaw 228.7 mode 2 st 4 gl 2 hp 58 frg 4
ARGEVT Carmack goal 
ARGEVT Carmack route 1 start '2553.0 -495.0  24.0' goal '2297.0 -495.0   8.0'
ARGLOG Joe Rogan t 113.9 pos '2800.0 -33.5 -72.0' spd 366.3 yaw 282.4 mode 2 st 15 gl 0 hp 100 frg 1
ARGEVT Joe Rogan hazard
ARGLOG Carmack t 114.0 pos '2435.0 -441.2   8.0' spd 378.7 yaw  85.8 mode 2 st 4 gl 2 hp 58 frg 4
ARGEVT Carmack hazard
ARGLOG Joe Rogan t 114.5 pos '2780.3 -66.7 -72.0' spd 390.5 yaw 188.2 mode 0 st 15 gl 0 hp 100 frg 1
ARGEVT Joe Rogan route 17 start '2777.0 -15.0 -72.0' goal '2473.0 -1711.0  24.0'
ARGLOG Carmack t 114.6 pos '2510.6 -322.0   8.0' spd 383.0 yaw 45 mode 2 st 4 gl 2 hp 58 frg 4
ARGEVT Romero respawn
ARGEVT Joe Rogan engage Romero
ARGLOG Joe Rogan t 115.0 pos '2619.4 -23.3 -72.0' spd 363.0 yaw 179.2 mode 2 st 15 gl 0 hp 100 frg 1
ARGEVT Romero goal weapon_rocketlauncher
ARGEVT Romero engage Joe Rogan
ARGLOG Romero t 115.0 pos '2544.0 -32.0 -64.0' spd 0 yaw 135.4 mode 0 st 9 gl 0 hp 100 frg 3
ARGEVT Romero route 6 start '2489.0 -31.0 -72.0' goal '1465.0 -687.0 184.0'
ARGLOG Carmack t 115.2 pos '2485.3 -322.2   8.0' spd 330.0 yaw 185.8 mode 2 st 4 gl 2 hp 58 frg 4
ARGEVT Carmack hazard
ARGLOG Joe Rogan t 115.5 pos '2689.5 -49.8 -72.0' spd 347.9 yaw 162.8 mode 2 st 15 gl 0 hp 91 frg 1
ARGLOG Romero t 115.5 pos '2496.0  16.0 -72.0' spd 0 yaw 345.3 mode 2 st 9 gl 0 hp 76 frg 3
ARGLOG Carmack t 115.7 pos '2310.5 -304.0   8.0' spd 261.8 yaw 125.6 mode 2 st 4 gl 2 hp 58 frg 4
ARGEVT Joe Rogan hazard
ARGLOG Joe Rogan t 116.1 pos '2678.0  -3.6 -72.0' spd 313.4 yaw 176.9 mode 2 st 15 gl 0 hp 85 frg 1
ARGLOG Romero t 116.1 pos '2496.0  16.0 -72.0' spd 0 yaw 357.8 mode 2 st 9 gl 0 hp 52 frg 3
ARGLOG Carmack t 116.3 pos '2136.8 -250.8  24.0' spd 390.0 yaw  65.2 mode 2 st 4 gl 2 hp 58 frg 4
ARGLOG Joe Rogan t 116.6 pos '2615.6 138.0 -72.0' spd 326.6 yaw 219.9 mode 2 st 15 gl 0 hp 85 frg 1
ARGLOG Romero t 116.6 pos '2462.1  16.0 -72.0' spd 219.6 yaw  44.0 mode 2 st 9 gl 0 hp 52 frg 3
ARGEVT Carmack route 3 start '2169.0 -95.0  24.0' goal '2297.0 -495.0   8.0'
ARGEVT Joe Rogan grab item_health
ARGLOG Carmack t 116.8 pos '2218.0 -99.7  24.0' spd 328.4 yaw 24 mode 2 st 4 gl 2 hp 58 frg 4
ARGLOG Joe Rogan t 117.1 pos '2507.1 294.2 -72.0' spd 453.2 yaw 276.2 mode 0 st 15 gl 0 hp 92 frg 1
ARGLOG Romero t 117.1 pos '2521.1 -47.9 -64.0' spd 352.9 yaw  96.1 mode 2 st 9 gl 0 hp 44 frg 3
ARGEVT Joe Rogan route 16 start '2505.0 257.0 -72.0' goal '2473.0 -1711.0  24.0'
ARGLOG Carmack t 117.3 pos '2382.4 -24.8  72.0' spd 331.3 yaw 352 mode 2 st 4 gl 2 hp 58 frg 4
ARGEVT Romero retreat
ARGLOG Joe Rogan t 117.7 pos '2319.4 266.5  24.0' spd 342.4 yaw 324.0 mode 2 st 15 gl 0 hp 91 frg 1
ARGLOG Romero t 117.7 pos '2686.7 -15.1 -72.0' spd 358.8 yaw 142.6 mode 2 st 9 gl 0 hp 32 frg 3
ARGEVT Romero hazard
ARGLOG Carmack t 117.9 pos '2564.3 -55.3 120.0' spd 331.0 yaw 16 mode 0 st 4 gl 2 hp 58 frg 4
ARGEVT Carmack route 4 start '2585.0 -15.0 120.0' goal '2297.0 -495.0   8.0'
ARGEVT Romero pursue
ARGEVT Joe Rogan pursue
ARGLOG Joe Rogan t 118.3 pos '2367.0 302.4  -8.0' spd 320.7 yaw 318 mode 2 st 15 gl 0 hp 91 frg 1
ARGLOG Romero t 118.3 pos '2678.0  16.0 -72.0' spd 160.5 yaw 144 mode 2 st 9 gl 0 hp 32 frg 3
ARGEVT Joe Rogan hazard
ARGLOG Carmack t 118.4 pos '2640.0   0.5 120.0' spd 322.3 yaw  98.4 mode 0 st 4 gl 2 hp 58 frg 4
ARGUS Joe Rogan hunch item_health
ARGEVT Joe Rogan goal weapon_rocketlauncher
ARGUS Romero hunch item_artifact_super_damage
ARGUS routecache adopt
ARGEVT Carmack route 4 start '2585.0 -15.0 120.0' goal '2297.0 -495.0   8.0'
ARGEVT Joe Rogan pursue
ARGEVT Romero goal item_health
ARGEVT Romero pursue
ARGEVT Joe Rogan route 14 start '2409.0 225.0 -24.0' goal '2473.0 -1711.0  24.0'
ARGLOG Joe Rogan t 118.8 pos '2443.2 329.4 -40.0' spd 346.2 yaw   2.0 mode 2 st 15 gl 0 hp 91 frg 1
ARGLOG Romero t 118.8 pos '2644.6  69.1 -72.0' spd 334.0 yaw  67.2 mode 0 st 9 gl 0 hp 32 frg 3
ARGEVT Romero hazard
ARGLOG Carmack t 119.0 pos '2503.4  12.4 120.0' spd 334.2 yaw 225.2 mode 2 st 4 gl 2 hp 58 frg 4
ARGEVT Romero route 8 start '2633.0 193.0 -72.0' goal '2521.0 -207.0 120.0'
ARGLOG Joe Rogan t 119.4 pos '2392.1 277.4 -24.0' spd 320.1 yaw 316.7 mode 2 st 15 gl 0 hp 88 frg 1
ARGLOG Romero t 119.4 pos '2688.0 -43.7 -72.0' spd 293.6 yaw 127.3 mode 2 st 9 gl 0 hp 24 frg 3
ARGLOG Carmack t 119.6 pos '2479.2 -73.9 120.0' spd 323.9 yaw   3.4 mode 2 st 4 gl 2 hp 58 frg 4
ARGEVT Romero pursue
ARGEVT Joe Rogan pursue
ARGLOG Joe Rogan t 119.9 pos '2555.2 300.3 -72.0' spd 353.7 yaw 264.2 mode 0 st 15 gl 0 hp 88 frg 1
ARGLOG Romero t 119.9 pos '2566.6 -16.1 -64.0' spd  51.5 yaw  88.4 mode 2 st 9 gl 0 hp 24 frg 3
ARGEVT Romero death Joe Rogan pos '2573.0 -25.6 -64.0'
ARGUS Joe Rogan watch spawn
ARGEVT Joe Rogan goal 
ARGEVT Carmack hazard
ARGEVT Joe Rogan route 2 start '2505.0 257.0 -72.0' goal '2649.0 -47.0 -72.0'
ARGLOG Carmack t 120.1 pos '2640.0 -90.7 120.0' spd  99.6 yaw 354.0 mode 2 st 4 gl 2 hp 58 frg 4
ARGLOG Joe Rogan t 120.5 pos '2663.8 159.3 -72.0' spd 330.8 yaw 264 mode 2 st 15 gl 0 hp 88 frg 2
ARGEVT Carmack route 4 start '2585.0 -15.0 120.0' goal '2297.0 -495.0   8.0'
ARGLOG Carmack t 120.7 pos '2633.7  16.0 120.0' spd  49.3 yaw 102 mode 2 st 4 gl 2 hp 58 frg 4
ARGLOG Joe Rogan t 121.0 pos '2657.5  -2.0 -72.0' spd 321.2 yaw 243 mode 1 st 15 gl 0 hp 88 frg 2
ARGEVT Joe Rogan goal weapon_rocketlauncher
ARGEVT Joe Rogan hazard
ARGLOG Carmack t 121.2 pos '2626.1  16.0 120.0' spd 234.1 yaw 259 mode 2 st 4 gl 2 hp 58 frg 4
ARGEVT Joe Rogan route 16 start '2649.0 -47.0 -72.0' goal '2473.0 -1711.0  24.0'
ARGLOG Joe Rogan t 121.5 pos '2540.9 -68.5 -64.0' spd 336.5 yaw 144.7 mode 2 st 15 gl 1 hp 88 frg 2
ARGEVT Romero respawn
ARGEVT Romero goal item_armorInv
ARGLOG Romero t 121.6 pos '2624.0 -488.0  32.0' spd 0 yaw 199.5 mode 0 st 9 gl 0 hp 100 frg 3
ARGEVT Romero route 2 start '2553.0 -495.0  24.0' goal '2393.0 -655.0  56.0'
ARGLOG Carmack t 121.7 pos '2634.1 -100.4 120.0' spd 323.2 yaw 259 mode 2 st 4 gl 2 hp 58 frg 4
ARGEVT Romero jump
ARGLOG Joe Rogan t 122.1 pos '2508.3  12.9 -64.0' spd 201.6 yaw 327 mode 2 st 15 gl 1 hp 88 frg 2
ARGLOG Romero t 122.2 pos '2457.1 -525.6  29.3' spd 320.1 yaw 244 mode 2 st 9 gl 0 hp 100 frg 3
ARGLOG Carmack t 122.3 pos '2514.9 -222.1 120.0' spd 404.7 yaw 112.1 mode 2 st 4 gl 2 hp 83 frg 4
ARGEVT Romero hazard
ARGEVT Joe Rogan hazard
ARGEVT Romero engage Carmack
ARGEVT Carmack engage Romero
ARGLOG Joe Rogan t 122.6 pos '2668.7 -14.6 -72.0' spd 390.2 yaw 137 mode 2 st 15 gl 1 hp 88 frg 2
ARGEVT Romero grab item_armorInv
ARGLOG Romero t 122.7 pos '2401.7 -528.0   8.0' spd  20.7 yaw 267 mode 2 st 9 gl 0 hp 100 frg 3
ARGLOG Carmack t 122.9 pos '2461.5 -116.2  56.0' spd 337.1 yaw 262.6 mode 2 st 4 gl 2 hp 83 frg 4
ARGEVT Carmack hazard
ARGLOG Joe Rogan t 123.2 pos '2641.4 125.4 -72.0' spd 348.6 yaw 161.5 mode 2 st 15 gl 1 hp 88 frg 2
ARGLOG Romero t 123.3 pos '2444.9 -528.0   8.0' spd 332.5 yaw 334.5 mode 2 st 9 gl 0 hp 100 frg 3
ARGEVT Romero retreat
ARGUS Carmack shove
ARGLOG Carmack t 123.4 pos '2427.8 -117.8  56.0' spd 321.7 yaw 305.2 mode 2 st 4 gl 2 hp 83 frg 4
ARGEVT Carmack grab item_health
ARGLOG Joe Rogan t 123.7 pos '2576.0 129.3 -72.0' spd 343.9 yaw 162 mode 2 st 15 gl 1 hp 88 frg 2
ARGEVT Joe Rogan hazard
ARGEVT Carmack pursue
ARGUS Carmack prefire
ARGLOG Romero t 123.9 pos '2634.8 -458.0  32.0' spd 327.6 yaw 220 mode 2 st 9 gl 0 hp 1 frg 3
ARGEVT Romero pursue
ARGLOG Carmack t 124.0 pos '2339.4 -214.6  24.0' spd 321.0 yaw 292 mode 2 st 4 gl 2 hp 83 frg 4
ARGEVT Romero hazard
ARGEVT Romero death Carmack pos '2597.6 -524.7  32.0'
ARGUS Carmack watch spawn
ARGLOG Joe Rogan t 124.3 pos '2521.0 -55.3 -64.0' spd 329.3 yaw 213 mode 2 st 15 gl 1 hp 88 frg 2
ARGEVT Carmack goal 
ARGEVT Carmack route 4 start '2361.0 -175.0  24.0' goal '2553.0 -495.0  24.0'
ARGLOG Carmack t 124.5 pos '2446.7 -240.0  24.0' spd  80.1 yaw 224 mode 2 st 4 gl 2 hp 83 frg 5
ARGLOG Joe Rogan t 124.9 pos '2366.4 -17.8 -88.0' spd 328.6 yaw 132.3 mode 2 st 15 gl 1 hp 88 frg 2
ARGLOG Carmack t 125.1 pos '2287.7 -230.5  24.0' spd 320.2 yaw 289 mode 2 st 4 gl 2 hp 83 frg 5
ARGLOG Joe Rogan t 125.4 pos '2223.5 -59.8 -136.0' spd 398.4 yaw 311.8 mode 2 st 15 gl 1 hp 88 frg 2
ARGLOG Carmack t 125.7 pos '2178.9 -349.4   8.0' spd 412.7 yaw 310 mode 2 st 4 gl 2 hp 83 frg 5
ARGEVT Romero respawn
ARGEVT Joe Rogan route 18 start '2233.0 -31.0 -136.0' goal '2473.0 -1711.0  24.0'
ARGEVT Romero goal item_armorInv
ARGLOG Romero t 125.8 pos '2176.0 -2176.0  84.0' spd 0 yaw  70.5 mode 0 st 9 gl 0 hp 100 frg 3
ARGEVT Romero route 3 start '2153.0 -2175.0  88.0' goal '2473.0 -1999.0 120.0'
ARGEVT Joe Rogan hazard
ARGLOG Joe Rogan t 126.0 pos '2281.8 -200.8 -136.0' spd 117.2 yaw 62 mode 2 st 15 gl 1 hp 88 frg 2
ARGEVT Romero door
ARGEVT Romero jump
ARGLOG Carmack t 126.2 pos '2354.5 -426.5   8.0' spd 320.0 yaw 341 mode 2 st 4 gl 2 hp 83 frg 5
ARGLOG Romero t 126.3 pos '2164.6 -2005.2 112.4' spd 321.5 yaw  56.8 mode 2 st 9 gl 0 hp 100 frg 3
ARGLOG Joe Rogan t 126.5 pos '2321.6 -24.3 -104.0' spd 386.7 yaw 351.2 mode 0 st 15 gl 1 hp 88 frg 2
ARGEVT Joe Rogan route 18 start '2297.0 -31.0 -120.0' goal '2473.0 -1711.0  24.0'
ARGLOG Carmack t 126.8 pos '2522.3 -490.2  24.0' spd 320.2 yaw 332 mode 1 st 4 gl 2 hp 83 frg 5
ARGEVT Joe Rogan hazard
ARGLOG Romero t 126.9 pos '2168.4 -1968.1  72.0' spd  30.0 yaw 358 mode 2 st 9 gl 0 hp 100 frg 3
ARGEVT Romero jump
ARGEVT Carmack goal item_rockets
ARGLOG Joe Rogan t 127.1 pos '2473.5 -70.6 -72.0' spd 109.6 yaw 168 mode 2 st 15 gl 1 hp 88 frg 2
ARGEVT Carmack route 9 start '2553.0 -495.0  24.0' goal '2057.0 -991.0 344.0'
ARGEVT Carmack hazard
ARGEVT Carmack jump
ARGLOG Carmack t 127.3 pos '2563.9 -461.0  45.7' spd 397.0 yaw 95 mode 2 st 4 gl 3 hp 83 frg 5
ARGLOG Romero t 127.5 pos '2224.0 -1974.0 103.7' spd  14.2 yaw 359 mode 2 st 9 gl 0 hp 100 frg 3
ARGLOG Joe Rogan t 127.7 pos '2300.6 -32.6 -120.0' spd 346.7 yaw 213.2 mode 0 st 15 gl 1 hp 88 frg 2
ARGEVT Romero hazard
ARGLOG Carmack t 127.9 pos '2426.8 -509.8   8.0' spd 366.5 yaw 51 mode 2 st 4 gl 3 hp 83 frg 5
ARGLOG Romero t 128.0 pos '2224.0 -1913.0  40.0' spd 205.8 yaw 350 mode 2 st 9 gl 0 hp 100 frg 3
ARGEVT Joe Rogan route 18 start '2233.0 -31.0 -136.0' goal '2473.0 -1711.0  24.0'
ARGEVT Carmack jump
ARGLOG Joe Rogan t 128.2 pos '2230.9 -174.8 -136.0' spd 354.2 yaw 316 mode 2 st 15 gl 1 hp 88 frg 2
ARGEVT Joe Rogan hazard
ARGLOG Carmack t 128.5 pos '2514.6 -512.6  43.8' spd  43.7 yaw 76 mode 2 st 4 gl 3 hp 83 frg 5
ARGLOG Romero t 128.5 pos '2378.3 -1904.0  24.0' spd 314.6 yaw 342 mode 2 st 9 gl 0 hp 100 frg 3
ARGLOG Joe Rogan t 128.7 pos '2288.0 -84.4 -136.0' spd 363.6 yaw 5 mode 2 st 15 gl 1 hp 88 frg 2
ARGEVT Carmack jump
ARGLOG Carmack t 129.0 pos '2632.9 -489.2  48.0' spd 343.9 yaw 120 mode 2 st 4 gl 3 hp 83 frg 5
ARGLOG Romero t 129.1 pos '2568.4 -1904.0  24.0' spd 356.6 yaw 305 mode 2 st 9 gl 0 hp 100 frg 3
ARGEVT Romero hazard
ARGLOG Joe Rogan t 129.3 pos '2468.1 -69.1 -72.0' spd 322.4 yaw 57 mode 2 st 15 gl 1 hp 88 frg 2
ARGLOG Carmack t 129.6 pos '2526.7 -511.2  24.0' spd 389.8 yaw 80 mode 2 st 4 gl 3 hp 83 frg 5
ARGLOG Romero t 129.6 pos '2539.7 -1904.0  24.0' spd 143.3 yaw 317 mode 2 st 9 gl 0 hp 100 frg 3
ARGEVT Carmack jump
ARGLOG Joe Rogan t 129.8 pos '2646.3 -30.1 -72.0' spd 346.1 yaw 327.3 mode 2 st 15 gl 1 hp 88 frg 2
ARGEVT Romero hazard
ARGLOG Carmack t 130.1 pos '2504.5 -332.1  39.4' spd 354.1 yaw 287 mode 2 st 4 gl 3 hp 83 frg 5
ARGLOG Romero t 130.2 pos '2595.9 -1904.0  24.0' spd 384.5 yaw 290 mode 2 st 9 gl 0 hp 100 frg 3
ARGEVT Joe Rogan hazard
ARGLOG Joe Rogan t 130.4 pos '2827.0  16.0 -72.0' spd 281.3 yaw 153 mode 2 st 15 gl 1 hp 88 frg 2
ARGEVT Carmack hazard
ARGLOG Carmack t 130.7 pos '2526.4 -384.0  24.0' spd 106.7 yaw 284 mode 2 st 4 gl 3 hp 83 frg 5
ARGLOG Romero t 130.8 pos '2546.6 -1902.9  24.0' spd 148.9 yaw 314 mode 2 st 9 gl 0 hp 100 frg 3
ARGLOG Joe Rogan t 131.0 pos '2736.0   8.3 -72.0' spd  56.9 yaw 146 mode 2 st 15 gl 1 hp 88 frg 2
ARGEVT Romero hazard
ARGLOG Carmack t 131.3 pos '2634.3 -380.6  24.0' spd 172.6 yaw 159 mode 2 st 4 gl 3 hp 83 frg 5
ARGEVT Joe Rogan hazard
ARGLOG Romero t 131.3 pos '2608.0 -1878.2  24.0' spd  91.8 yaw 279 mode 2 st 9 gl 0 hp 100 frg 3
ARGLOG Joe Rogan t 131.5 pos '2736.0   5.3 -72.0' spd  50.9 yaw 146 mode 2 st 15 gl 1 hp 88 frg 2
ARGEVT Carmack hazard
ARGLOG Romero t 131.8 pos '2565.7 -1899.8  24.0' spd 294.9 yaw 305 mode 2 st 9 gl 0 hp 100 frg 3
ARGLOG Carmack t 131.8 pos '2523.3 -384.0  24.0' spd  13.5 yaw 285 mode 2 st 4 gl 3 hp 83 frg 5
ARGEVT Joe Rogan stall
ARGEVT Joe Rogan stallnode '2633.0 193.0 -72.0'
ARGLOG Joe Rogan t 132.0 pos '2736.0   6.9 -72.0' spd  94.3 yaw 357.8 mode 0 st 16 gl 1 hp 88 frg 2
ARGEVT Joe Rogan jump
ARGEVT Carmack jump
ARGEVT Romero hazard
ARGLOG Romero t 132.3 pos '2567.8 -1904.0  24.0' spd 162.4 yaw 306 mode 2 st 9 gl 0 hp 100 frg 3
ARGLOG Carmack t 132.3 pos '2512.0 -515.8  44.3' spd 326.3 yaw 76 mode 2 st 4 gl 3 hp 83 frg 5
ARGEVT Joe Rogan route 17 start '2777.0 -15.0 -72.0' goal '2473.0 -1711.0  24.0'
ARGLOG Joe Rogan t 132.6 pos '2736.0 -13.4 -60.8' spd  35.4 yaw 116 mode 2 st 16 gl 1 hp 88 frg 2
ARGEVT Carmack hazard
ARGLOG Romero t 132.9 pos '2548.8 -1902.3  24.0' spd 175.8 yaw 313 mode 2 st 9 gl 0 hp 100 frg 3
ARGLOG Carmack t 132.9 pos '2539.1 -472.0  24.0' spd 371.5 yaw 83 mode 2 st 4 gl 3 hp 83 frg 5
ARGEVT Carmack jump
ARGLOG Joe Rogan t 133.1 pos '2591.7  17.6 -72.0' spd 402.5 yaw 131 mode 2 st 16 gl 1 hp 88 frg 2
ARGEVT Romero hazard
ARGLOG Romero t 133.4 pos '2599.5 -1868.7  24.0' spd  86.5 yaw 283 mode 2 st 9 gl 0 hp 100 frg 3
ARGLOG Carmack t 133.4 pos '2356.8 -471.9  46.3' spd 358.5 yaw 31 mode 2 st 4 gl 3 hp 83 frg 5
ARGLOG Joe Rogan t 133.6 pos '2610.0 184.1 -72.0' spd 320.1 yaw 170 mode 2 st 16 gl 1 hp 88 frg 2
ARGLOG Romero t 134.0 pos '2519.8 -1901.6  24.0' spd 148.9 yaw 322 mode 2 st 9 gl 0 hp 100 frg 3
ARGLOG Carmack t 134.0 pos '2449.7 -517.8   8.0' spd 320.4 yaw 58 mode 2 st 4 gl 3 hp 83 frg 5
ARGEVT Carmack jump
ARGLOG Joe Rogan t 134.1 pos '2517.0 307.4 -72.0' spd 381.7 yaw 189 mode 2 st 16 gl 1 hp 88 frg 2
ARGEVT Romero abandon
ARGEVT Joe Rogan jump
ARGEVT Romero hazard
ARGEVT Romero goal weapon_rocketlauncher
ARGLOG Romero t 134.5 pos '2592.7 -1833.0  24.0' spd 347.2 yaw  98.9 mode 1 st 9 gl 0 hp 100 frg 3
ARGLOG Carmack t 134.5 pos '2520.8 -485.5  38.7' spd  71.5 yaw 76 mode 2 st 4 gl 3 hp 83 frg 5
ARGLOG Joe Rogan t 134.7 pos '2446.5 232.0 -20.3' spd 151.6 yaw 198 mode 2 st 16 gl 1 hp 88 frg 2
ARGEVT Joe Rogan hazard
ARGEVT Carmack jump
ARGEVT Joe Rogan goal weapon_rocketlauncher
ARGEVT Romero goal item_armorInv
ARGLOG Romero t 135.1 pos '2481.6 -1691.6  24.0' spd 320.7 yaw 125 mode 0 st 9 gl 1 hp 100 frg 3
ARGLOG Carmack t 135.1 pos '2610.8 -528.0  44.8' spd  23.7 yaw 108 mode 2 st 4 gl 3 hp 83 frg 5
ARGEVT Joe Rogan route 7 start '2409.0 225.0 -24.0' goal '1465.0 -687.0 184.0'
ARGLOG Joe Rogan t 135.3 pos '2444.1 198.7 -105.2' spd  44.5 yaw 310 mode 2 st 16 gl 1 hp 88 frg 2
ARGEVT Romero route 6 start '2489.0 -1631.0  24.0' goal '2393.0 -655.0  56.0'
ARGEVT Joe Rogan swim
ARGLOG Romero t 135.6 pos '2435.9 -1517.6  24.0' spd 320.0 yaw 87 mode 2 st 9 gl 1 hp 100 frg 3
ARGLOG Carmack t 135.6 pos '2510.2 -435.6   8.0' spd 377.6 yaw 63 mode 2 st 4 gl 3 hp 83 frg 5
ARGLOG Joe Rogan t 135.8 pos '2448.0 189.4 -145.9' spd   5.2 yaw 311 mode 2 st 16 gl 1 hp 72 frg 2
ARGEVT Carmack hazard
ARGLOG Romero t 136.2 pos '2451.9 -1338.3  24.0' spd 320.7 yaw 94 mode 0 st 9 gl 1 hp 100 frg 3
ARGLOG Carmack t 136.2 pos '2636.7 -326.4  24.0' spd 143.9 yaw 197 mode 2 st 4 gl 3 hp 83 frg 5
ARGUS routecache adopt
ARGEVT Romero route 4 start '2457.0 -1311.0  24.0' goal '2393.0 -655.0  56.0'
ARGLOG Joe Rogan t 136.4 pos '2448.0 190.0 -145.8' spd   2.8 yaw 311 mode 2 st 16 gl 1 hp 48 frg 2
ARGEVT Joe Rogan stall
ARGEVT Joe Rogan stallnode '2633.0 193.0 -72.0'
ARGLOG Romero t 136.8 pos '2453.3 -1159.7  24.0' spd 320.0 yaw 78 mode 2 st 9 gl 1 hp 100 frg 3
ARGLOG Carmack t 136.8 pos '2522.8 -384.0  24.0' spd 131.2 yaw 286 mode 2 st 4 gl 3 hp 83 frg 5
ARGEVT Joe Rogan route 6 start '2553.0  81.0 -72.0' goal '1465.0 -687.0 184.0'
ARGLOG Joe Rogan t 136.9 pos '2447.4 148.7 -145.8' spd 193.0 yaw 316 mode 2 st 17 gl 1 hp 32 frg 2
ARGEVT Romero lift
ARGEVT Romero board
ARGEVT Carmack jump
ARGLOG Romero t 137.3 pos '2473.6 -980.1  41.2' spd 0 yaw 121 mode 2 st 9 gl 1 hp 100 frg 3
ARGLOG Carmack t 137.3 pos '2512.0 -485.4  32.5' spd 332.5 yaw 73 mode 2 st 4 gl 3 hp 83 frg 5
ARGLOG Joe Rogan t 137.5 pos '2537.3  80.2 -145.7' spd 249.0 yaw 312 mode 2 st 17 gl 1 hp 13 frg 2
ARGEVT Joe Rogan death world pos '2544.0  80.4 -145.7'
ARGEVT Romero door
ARGLOG Romero t 137.8 pos '2504.0 -878.5 120.0' spd 349.7 yaw 129.8 mode 2 st 9 gl 1 hp 100 frg 3
ARGLOG Carmack t 137.8 pos '2562.2 -492.9  24.0' spd 329.6 yaw 93 mode 2 st 4 gl 3 hp 83 frg 5
ARGEVT Carmack jump
ARGLOG Romero t 138.4 pos '2504.0 -878.5 120.0' spd 0 yaw 269 mode 2 st 9 gl 1 hp 100 frg 3
ARGLOG Carmack t 138.4 pos '2425.2 -459.9  55.2' spd 256.7 yaw 281 mode 2 st 4 gl 3 hp 83 frg 5
ARGEVT Carmack hazard
ARGEVT Romero door
ARGLOG Romero t 138.9 pos '2488.6 -907.7 120.0' spd 324.2 yaw 110 mode 2 st 9 gl 1 hp 100 frg 3
ARGLOG Carmack t 138.9 pos '2308.4 -528.0   8.0' spd 193.9 yaw 35 mode 2 st 4 gl 3 hp 83 frg 5
ARGEVT Romero hazard
ARGEVT Joe Rogan respawn
ARGEVT Joe Rogan goal weapon_rocketlauncher
ARGLOG Joe Rogan t 139.2 pos '2576.0 -1328.0  24.0' spd 0 yaw 250.5 mode 0 st 17 gl 1 hp 100 frg 1
ARGEVT Romero engage Joe Rogan
ARGEVT Joe Rogan engage Romero
ARGEVT Joe Rogan route 13 start '2585.0 -1375.0  24.0' goal '1465.0 -687.0 184.0'
ARGLOG Romero t 139.5 pos '2558.3 -847.2 120.0' spd 345.3 yaw 244.2 mode 2 st 9 gl 1 hp 100 frg 3
ARGLOG Carmack t 139.5 pos '2451.0 -528.0   8.0' spd 308.2 yaw 279 mode 2 st 4 gl 3 hp 83 frg 5
ARGEVT Carmack jump
ARGLOG Joe Rogan t 139.7 pos '2412.9 -1346.9  24.0' spd 330.4 yaw  61.9 mode 2 st 17 gl 1 hp 100 frg 1
ARGUS Romero shove
ARGEVT Joe Rogan hazard
ARGEVT Romero pursue
ARGEVT Joe Rogan pursue
ARGLOG Romero t 140.1 pos '2550.1 -825.3 120.0' spd 267.9 yaw 262 mode 2 st 9 gl 1 hp 54 frg 3
ARGLOG Carmack t 140.1 pos '2522.6 -527.1  38.8' spd  37.2 yaw 80 mode 2 st 4 gl 3 hp 83 frg 5
ARGUS Joe Rogan hunch item_armorInv
ARGLOG Joe Rogan t 140.3 pos '2361.4 -1324.1  24.0' spd 178.5 yaw 262.2 mode 2 st 17 gl 1 hp 100 frg 1
ARGEVT Joe Rogan pursue
ARGEVT Joe Rogan plan powerup via weapon
ARGEVT Joe Rogan goal weapon_rocketlauncher
ARGEVT Carmack jump
ARGLOG Romero t 140.6 pos '2482.2 -1018.5  71.4' spd 325.1 yaw 280.3 mode 2 st 9 gl 1 hp 54 frg 3
ARGLOG Carmack t 140.6 pos '2579.5 -448.1  45.0' spd  31.2 yaw 321.5 mode 2 st 4 gl 3 hp 83 frg 5
ARGEVT Joe Rogan route 13 start '2377.0 -1407.0  24.0' goal '1465.0 -687.0 184.0'
ARGLOG Joe Rogan t 140.9 pos '2383.8 -1439.7  24.0' spd 305.2 yaw  73.2 mode 2 st 17 gl 1 hp 100 frg 1
ARGEVT Carmack hazard
ARGEVT Romero grab item_health
ARGLOG Romero t 141.2 pos '2529.4 -1166.9  24.0' spd 123.8 yaw 270.0 mode 0 st 9 gl 1 hp 54 frg 3
ARGLOG Carmack t 141.2 pos '2522.7 -528.0  24.0' spd 330.4 yaw 80 mode 2 st 4 gl 3 hp 83 frg 5
ARGEVT Carmack jump
ARGEVT Romero route 4 start '2473.0 -1151.0  24.0' goal '2393.0 -655.0  56.0'
ARGEVT Romero retreat
ARGLOG Joe Rogan t 141.4 pos '2491.4 -1460.3  24.0' spd 324.4 yaw  88.0 mode 2 st 17 gl 1 hp 100 frg 1
ARGLOG Romero t 141.7 pos '2507.1 -1090.9  24.0' spd 320.8 yaw 302.9 mode 2 st 9 gl 1 hp 30 frg 3
ARGLOG Carmack t 141.7 pos '2362.3 -498.8  38.5' spd 322.1 yaw  40.1 mode 2 st 4 gl 3 hp 83 frg 5
ARGEVT Joe Rogan death Romero pos '2591.5 -1454.8  24.0'
ARGUS Romero watch spawn
ARGEVT Romero hazard
ARGEVT Romero goal item_armorInv
ARGEVT Romero route 4 start '2473.0 -991.0  24.0' goal '2393.0 -655.0  56.0'
ARGLOG Romero t 142.2 pos '2544.0 -955.1  87.8' spd 311.6 yaw 262.8 mode 2 st 9 gl 1 hp 30 frg 4
ARGLOG Carmack t 142.2 pos '2443.3 -501.3   8.0' spd 350.0 yaw 276 mode 2 st 4 gl 3 hp 83 frg 5
ARGEVT Carmack hazard
ARGLOG Romero t 142.8 pos '2523.8 -1194.3  24.0' spd 321.3 yaw 255.0 mode 2 st 9 gl 1 hp 30 frg 4
ARGLOG Carmack t 142.8 pos '2324.6 -528.0   8.0' spd 211.1 yaw 286 mode 2 st 4 gl 3 hp 83 frg 5
ARGEVT Joe Rogan respawn
ARGEVT Joe Rogan plan powerup via weapon
ARGEVT Joe Rogan goal weapon_rocketlauncher
ARGLOG Joe Rogan t 143.3 pos '2704.0 -2048.0 128.0' spd 0 yaw 250.2 mode 0 st 17 gl 1 hp 100 frg 1
ARGLOG Romero t 143.4 pos '2483.7 -1369.8  24.0' spd 320.3 yaw 249.0 mode 2 st 9 gl 1 hp 30 frg 4
ARGLOG Carmack t 143.4 pos '2402.5 -528.0   8.0' spd 356.6 yaw 288.3 mode 2 st 4 gl 3 hp 83 frg 5
ARGEVT Joe Rogan route 12 start '2713.0 -2111.0 120.0' goal '1465.0 -687.0 184.0'
ARGEVT Joe Rogan hazard
ARGEVT Carmack hazard
ARGEVT Romero route 5 start '2489.0 -1471.0  24.0' goal '2393.0 -655.0  56.0'
ARGEVT Carmack jump
ARGEVT Romero hazard
ARGLOG Joe Rogan t 143.9 pos '2689.9 -2213.3 120.0' spd 321.0 yaw 198 mode 2 st 17 gl 1 hp 100 frg 1
ARGLOG Romero t 143.9 pos '2362.4 -1400.6  24.0' spd 323.1 yaw  70.1 mode 2 st 9 gl 1 hp 30 frg 4
ARGLOG Carmack t 143.9 pos '2515.8 -528.0  44.3' spd  31.0 yaw 78 mode 2 st 4 gl 3 hp 83 frg 5
ARGLOG Joe Rogan t 144.4 pos '2590.9 -2319.3 120.0' spd 320.0 yaw 220 mode 2 st 17 gl 1 hp 100 frg 1
ARGLOG Romero t 144.5 pos '2510.5 -1320.5  24.0' spd 320.2 yaw 90 mode 2 st 9 gl 1 hp 80 frg 4
ARGLOG Carmack t 144.5 pos '2574.6 -471.1  24.0' spd 323.7 yaw 100 mode 2 st 4 gl 3 hp 83 frg 5
ARGEVT Carmack jump
ARGLOG Joe Rogan t 144.9 pos '2410.5 -2337.3 120.0' spd 366.2 yaw 139 mode 2 st 17 gl 1 hp 100 frg 1
ARGEVT Joe Rogan hazard
ARGEVT Carmack hazard
ARGLOG Romero t 145.0 pos '2503.2 -1251.3  24.0' spd 353.9 yaw 89 mode 2 st 9 gl 1 hp 80 frg 4
ARGLOG Carmack t 145.0 pos '2597.8 -522.2  32.0' spd 362.7 yaw 104 mode 2 st 4 gl 3 hp 83 frg 5
ARGEVT Carmack jump
ARGLOG Joe Rogan t 145.4 pos '2379.5 -2499.9 136.0' spd 368.2 yaw 187.5 mode 0 st 17 gl 1 hp 100 frg 1
ARGEVT Romero lift
ARGLOG Romero t 145.6 pos '2452.7 -1075.6  24.0' spd 322.5 yaw 104 mode 2 st 9 gl 1 hp 80 frg 4
ARGLOG Carmack t 145.6 pos '2426.9 -473.3  61.5' spd 329.5 yaw 44 mode 2 st 4 gl 3 hp 83 frg 5
ARGEVT Joe Rogan route 8 start '2377.0 -2495.0 136.0' goal '1465.0 -687.0 184.0'
ARGLOG Joe Rogan t 146.0 pos '2214.7 -2423.5 200.0' spd 270.5 yaw 131 mode 2 st 17 gl 1 hp 100 frg 1
ARGEVT Carmack hazard
ARGLOG Romero t 146.2 pos '2453.5 -1054.8  24.0' spd 0 yaw 106 mode 2 st 9 gl 1 hp 80 frg 4
ARGLOG Carmack t 146.2 pos '2530.6 -376.9  24.0' spd 339.7 yaw 281 mode 2 st 4 gl 3 hp 83 frg 5
ARGEVT Romero board
ARGLOG Joe Rogan t 146.5 pos '2346.0 -2473.6 152.0' spd 321.0 yaw 130 mode 2 st 17 gl 1 hp 100 frg 1
ARGLOG Romero t 146.7 pos '2484.6 -962.6  97.1' spd 198.4 yaw 128 mode 2 st 9 gl 1 hp 80 frg 4
ARGLOG Carmack t 146.7 pos '2605.9 -384.0  24.0' spd 282.7 yaw 148 mode 2 st 4 gl 3 hp 83 frg 5
ARGUS routecache adopt
ARGEVT Joe Rogan route 8 start '2377.0 -2495.0 136.0' goal '1465.0 -687.0 184.0'
ARGEVT Romero door
ARGLOG Joe Rogan t 147.1 pos '2468.6 -2372.7 120.0' spd 415.6 yaw 139 mode 2 st 17 gl 1 hp 100 frg 1
ARGEVT Carmack hazard
ARGEVT Carmack abandon
ARGEVT Carmack goal item_artifact_super_damage
ARGEVT Joe Rogan hazard
ARGLOG Romero t 147.3 pos '2501.3 -882.7 120.0' spd  58.8 yaw 252.2 mode 2 st 9 gl 1 hp 80 frg 4
ARGLOG Carmack t 147.3 pos '2503.3 -415.9   8.0' spd 325.7 yaw 252.6 mode 0 st 4 gl 3 hp 83 frg 5
ARGEVT Carmack route 7 start '2473.0 -319.0   8.0' goal '1913.0 -719.0 184.0'
ARGEVT Romero weapon sg
ARGLOG Joe Rogan t 147.7 pos '2383.0 -2450.4 136.0' spd 320.3 yaw 131 mode 2 st 17 gl 1 hp 100 frg 1
ARGLOG Romero t 147.8 pos '2501.3 -882.7 120.0' spd 0 yaw 270 mode 2 st 9 gl 1 hp 80 frg 4
ARGLOG Carmack t 147.8 pos '2420.2 -528.0   8.0' spd 186.2 yaw 283 mode 2 st 4 gl 3 hp 83 frg 5
ARGEVT Joe Rogan route 8 start '2377.0 -2495.0 136.0' goal '1465.0 -687.0 184.0'
ARGEVT Romero stall
ARGEVT Romero stallnode '2393.0 -847.0 120.0'
ARGEVT Romero jump
ARGEVT Carmack hazard
ARGLOG Joe Rogan t 148.2 pos '2237.1 -2444.0 200.0' spd 394.0 yaw 131 mode 2 st 17 gl 1 hp 100 frg 1
ARGEVT Romero route 2 start '2505.0 -895.0 120.0' goal '2393.0 -655.0  56.0'
ARGLOG Romero t 148.4 pos '2451.9 -958.2 150.8' spd 192.3 yaw 117 mode 2 st 10 gl 1 hp 80 frg 4
ARGLOG Carmack t 148.4 pos '2306.3 -528.0   8.0' spd 181.5 yaw 82 mode 2 st 4 gl 3 hp 83 frg 5
ARGLOG Joe Rogan t 148.8 pos '2322.9 -2439.4 152.0' spd 332.7 yaw 134 mode 2 st 17 gl 1 hp 100 frg 1
ARGLOG Romero t 149.0 pos '2500.1 -847.2 120.0' spd 382.0 yaw 119 mode 2 st 10 gl 1 hp 80 frg 4
ARGLOG Carmack t 149.0 pos '2443.5 -528.0   8.0' spd 263.4 yaw 280 mode 2 st 4 gl 3 hp 83 frg 5
ARGEVT Joe Rogan hazard
ARGEVT Romero hazard
ARGEVT Joe Rogan route 8 start '2377.0 -2495.0 136.0' goal '1465.0 -687.0 184.0'
ARGLOG Joe Rogan t 149.3 pos '2320.0 -2512.0 152.0' spd 0 yaw 132 mode 2 st 17 gl 1 hp 100 frg 1
ARGLOG Romero t 149.5 pos '2352.0 -837.3 117.0' spd  73.9 yaw 127.6 mode 2 st 10 gl 1 hp 80 frg 4
ARGLOG Carmack t 149.5 pos '2599.9 -489.0  32.0' spd 376.7 yaw  98.9 mode 2 st 4 gl 3 hp 83 frg 5
ARGEVT Carmack hazard
ARGUS routecache adopt
ARGEVT Joe Rogan route 7 start '1289.0 -1375.0 144.0' goal '1465.0 -687.0 184.0'
ARGLOG Joe Rogan t 149.8 pos '1367.2 -1376.0 144.0' spd 300 yaw 106 mode 2 st 17 gl 1 hp 100 frg 1
ARGLOG Romero t 150.1 pos '2364.6 -755.9  56.0' spd 320.1 yaw 75 mode 1 st 10 gl 1 hp 80 frg 4
ARGLOG Carmack t 150.1 pos '2496.7 -483.4   8.0' spd 380.7 yaw 271 mode 2 st 4 gl 3 hp 83 frg 5
ARGLOG Joe Rogan t 150.4 pos '1367.2 -1376.0 144.0' spd 300 yaw 106 mode 2 st 17 gl 1 hp 100 frg 1
ARGEVT Romero hazard
ARGLOG Romero t 150.6 pos '2410.1 -588.7  56.0' spd 345.9 yaw 116.6 mode 1 st 10 gl 1 hp 80 frg 4
ARGLOG Carmack t 150.6 pos '2334.3 -528.0   8.0' spd 263.6 yaw 291.2 mode 2 st 4 gl 3 hp 83 frg 5
ARGEVT Carmack hazard
ARGEVT Carmack engage Romero
ARGEVT Carmack weapon sg
ARGEVT Carmack grab 
ARGEVT Romero engage Carmack
ARGEVT Romero grab 
ARGLOG Joe Rogan t 150.9 pos '1313.1 -1218.0 152.0' spd 320.5 yaw 103 mode 2 st 17 gl 1 hp 100 frg 1
ARGEVT Joe Rogan jump
ARGEVT Carmack weapon rl
ARGEVT Carmack weapon ng
ARGLOG Romero t 151.2 pos '2375.1 -599.7  56.0' spd  91.1 yaw 115.8 mode 1 st 10 gl 1 hp 80 frg 4
ARGLOG Carmack t 151.2 pos '2275.0 -429.0   8.0' spd 710.7 yaw 321.5 mode 2 st 4 gl 3 hp 73 frg 5
ARGLOG Joe Rogan t 151.4 pos '1264.0 -1148.0 203.6' spd  85.2 yaw 82 mode 2 st 17 gl 1 hp 100 frg 1
ARGLOG Romero t 151.8 pos '2374.3 -553.3  56.0' spd 320.1 yaw  74.2 mode 1 st 10 gl 1 hp 80 frg 4
ARGLOG Carmack t 151.8 pos '2423.3 -306.2   8.0' spd 337.9 yaw 243.1 mode 2 st 4 gl 3 hp 72 frg 5
ARGEVT Joe Rogan jump
ARGLOG Joe Rogan t 152.0 pos '1347.3 -1054.1 224.4' spd 349.6 yaw 121 mode 2 st 17 gl 1 hp 100 frg 1
ARGLOG Romero t 152.3 pos '2290.4 -438.4   8.0' spd 279.4 yaw  14.3 mode 1 st 10 gl 1 hp 80 frg 4
ARGLOG Carmack t 152.3 pos '2559.0 -367.2  24.0' spd 256.0 yaw 204.5 mode 0 st 4 gl 3 hp 68 frg 5
ARGEVT Carmack route 8 start '2601.0 -383.0  24.0' goal '1913.0 -719.0 184.0'
ARGEVT Carmack grab item_health
ARGLOG Joe Rogan t 152.6 pos '1281.8 -966.1 179.9' spd 254.4 yaw 273 mode 2 st 17 gl 1 hp 100 frg 1
ARGLOG Romero t 152.8 pos '2346.5 -498.9   8.0' spd 303.6 yaw  35.9 mode 1 st 10 gl 1 hp 80 frg 4
ARGLOG Carmack t 152.8 pos '2560.5 -327.6  24.0' spd 143.2 yaw 198.2 mode 2 st 4 gl 3 hp 64 frg 5
ARGEVT Joe Rogan hazard
ARGLOG Joe Rogan t 153.1 pos '1302.2 -1018.8  32.0' spd 318.4 yaw 102 mode 2 st 17 gl 1 hp 100 frg 1
ARGLOG Romero t 153.4 pos '2286.7 -322.4   8.0' spd 339.3 yaw 359.4 mode 1 st 10 gl 1 hp 77 frg 4
ARGLOG Carmack t 153.4 pos '2596.7 -308.3  24.0' spd 291.0 yaw 187.7 mode 2 st 4 gl 3 hp 62 frg 5
ARGEVT Joe Rogan route 15 start '1673.0 -703.0  24.0' goal '1465.0 -687.0 184.0'
ARGEVT Carmack hazard
ARGLOG Joe Rogan t 153.7 pos '1696.0 -952.1  20.0' spd 300 yaw 88 mode 2 st 17 gl 1 hp 100 frg 1
ARGLOG Romero t 153.9 pos '2326.3 -463.5   8.0' spd 322.3 yaw  25.8 mode 1 st 10 gl 1 hp 77 frg 4
ARGLOG Carmack t 153.9 pos '2633.1 -329.8  24.0' spd  99.2 yaw 229.2 mode 2 st 4 gl 3 hp 58 frg 5
ARGLOG Joe Rogan t 154.2 pos '1689.8 -880.5  20.0' spd 320.0 yaw 87 mode 2 st 17 gl 1 hp 100 frg 1
ARGLOG Romero t 154.4 pos '2327.1 -411.2   8.0' spd 321.9 yaw  13.0 mode 1 st 10 gl 1 hp 77 frg 4
ARGLOG Carmack t 154.4 pos '2615.2 -344.8  24.0' spd 322.5 yaw 168.6 mode 2 st 4 gl 3 hp 54 frg 5
ARGEVT Romero grab weapon_nailgun
ARGLOG Joe Rogan t 154.8 pos '1687.0 -701.4  24.0' spd 320.6 yaw 47 mode 2 st 17 gl 1 hp 100 frg 1
ARGLOG Romero t 155.0 pos '2392.1 -307.6   8.0' spd 338.3 yaw 358.1 mode 1 st 10 gl 1 hp 76 frg 4
ARGLOG Carmack t 155.0 pos '2603.1 -321.8  24.0' spd 360.9 yaw 155.4 mode 2 st 4 gl 3 hp 48 frg 5
ARGEVT Romero hazard
ARGEVT Romero grab item_health
ARGLOG Joe Rogan t 155.3 pos '1749.0 -532.9  24.0' spd 383.7 yaw 355 mode 2 st 17 gl 1 hp 100 frg 1
ARGLOG Romero t 155.6 pos '2429.1 -304.0   8.0' spd 184.4 yaw 358.3 mode 1 st 10 gl 1 hp 75 frg 4
ARGEVT Carmack retreat
ARGLOG Carmack t 155.6 pos '2599.8 -318.1  24.0' spd 149.6 yaw 209.6 mode 2 st 4 gl 3 hp 24 frg 5
ARGEVT Carmack hazard
ARGLOG Joe Rogan t 155.9 pos '1937.4 -519.1 104.0' spd 325.1 yaw 23 mode 2 st 17 gl 1 hp 100 frg 1
ARGLOG Romero t 156.1 pos '2426.0 -313.1   8.0' spd 109.3 yaw   0.3 mode 1 st 10 gl 1 hp 74 frg 4
ARGLOG Carmack t 156.1 pos '2634.6 -331.3  24.0' spd 320.2 yaw 162.2 mode 2 st 4 gl 3 hp 24 frg 5
ARGEVT Romero hazard
ARGEVT Joe Rogan hazard
ARGEVT Romero grab item_health
ARGLOG Joe Rogan t 156.4 pos '2064.0 -421.4 104.0' spd 312.9 yaw 106 mode 2 st 17 gl 1 hp 100 frg 1
ARGEVT Carmack death Romero pos '2639.0 -354.6  24.0'
ARGUS Romero watch spawn
ARGLOG Romero t 156.7 pos '2436.7 -304.0   8.0' spd  84.5 yaw 348.7 mode 1 st 10 gl 1 hp 74 frg 5
ARGEVT Romero goal 
ARGLOG Joe Rogan t 157.0 pos '2044.8 -237.1  24.0' spd 389.3 yaw   4.8 mode 2 st 17 gl 1 hp 100 frg 1
ARGEVT Romero engage Joe Rogan
ARGEVT Romero grab 
ARGEVT Joe Rogan engage Romero
ARGLOG Romero t 157.2 pos '2523.9 -377.3  24.0' spd 238.2 yaw 162.5 mode 1 st 10 gl 1 hp 74 frg 5
ARGEVT Joe Rogan pursue
ARGLOG Joe Rogan t 157.5 pos '2151.4 -160.8  24.0' spd 321.4 yaw 327 mode 2 st 17 gl 1 hp 100 frg 1
ARGEVT Romero grab item_health
ARGEVT Romero pursue
ARGEVT Romero goal item_health
ARGEVT Romero hazard
ARGLOG Romero t 157.8 pos '2581.3 -312.6  24.0' spd 329.3 yaw 169 mode 0 st 10 gl 1 hp 74 frg 5
ARGEVT Romero route 11 start '2601.0 -383.0  24.0' goal '2057.0 -991.0 344.0'
ARGLOG Joe Rogan t 158.1 pos '2323.0 -217.5  24.0' spd 322.4 yaw 316 mode 2 st 17 gl 1 hp 100 frg 1
ARGEVT Carmack respawn
ARGEVT Carmack plan powerup via weapon
ARGEVT Carmack goal weapon_rocketlauncher
ARGLOG Carmack t 158.3 pos '1712.0 -504.0  24.0' spd 0 yaw 249.8 mode 0 st 4 gl 3 hp 100 frg 5
ARGEVT Joe Rogan grab weapon_nailgun
ARGLOG Romero t 158.4 pos '2399.8 -304.0   8.0' spd 325.4 yaw 164 mode 2 st 10 gl 1 hp 74 frg 5
ARGEVT Carmack route 14 start '1705.0 -575.0  24.0' goal '1465.0 -687.0 184.0'
ARGLOG Joe Rogan t 158.6 pos '2464.6 -209.0  24.0' spd 258.9 yaw 205.9 mode 2 st 17 gl 1 hp 100 frg 1
ARGUS Romero hunch item_artifact_super_damage
ARGEVT Romero plan powerup via weapon
ARGEVT Romero goal weapon_rocketlauncher
ARGEVT Romero pursue
ARGLOG Carmack t 158.8 pos '1662.8 -653.5  24.0' spd 385.3 yaw 14 mode 2 st 4 gl 3 hp 100 frg 5
ARGEVT Romero route 10 start '2329.0 -351.0   8.0' goal '1465.0 -687.0 184.0'
ARGLOG Romero t 158.9 pos '2234.8 -304.7  24.0' spd 340.5 yaw 149 mode 2 st 10 gl 1 hp 74 frg 5
ARGEVT Carmack hazard
ARGLOG Joe Rogan t 159.1 pos '2360.3 -154.7  24.0' spd 224.0 yaw 238.7 mode 2 st 17 gl 1 hp 100 frg 1
ARGEVT Romero hazard
ARGLOG Carmack t 159.4 pos '1744.0 -571.0  24.0' spd 360.4 yaw 30 mode 2 st 4 gl 3 hp 100 frg 5
ARGLOG Romero t 159.4 pos '2256.0 -274.1  24.0' spd 293.5 yaw   0.2 mode 2 st 10 gl 1 hp 73 frg 5
ARGLOG Joe Rogan t 159.7 pos '2446.8 -240.0  24.0' spd 185.6 yaw 232.8 mode 2 st 17 gl 1 hp 97 frg 1
ARGEVT Joe Rogan pursue
ARGEVT Romero pursue
ARGUS routecache adopt
ARGEVT Romero route 10 start '2329.0 -351.0   8.0' goal '1465.0 -687.0 184.0'
ARGLOG Carmack t 159.9 pos '1851.9 -467.2  56.0' spd 198.4 yaw 20 mode 2 st 4 gl 3 hp 100 frg 5
ARGLOG Romero t 160.0 pos '2349.9 -402.7   8.0' spd 321.4 yaw 109.4 mode 2 st 10 gl 1 hp 73 frg 5
ARGLOG Joe Rogan t 160.2 pos '2317.0 -227.1  24.0' spd  50.4 yaw 325.8 mode 2 st 17 gl 1 hp 97 frg 1
ARGEVT Romero pursue
ARGLOG Carmack t 160.5 pos '2033.1 -468.1 104.0' spd 333.3 yaw 40 mode 2 st 4 gl 3 hp 100 frg 5
ARGLOG Romero t 160.5 pos '2473.7 -314.9   8.0' spd 361.3 yaw 134 mode 2 st 10 gl 1 hp 73 frg 5
ARGEVT Romero hazard
ARGEVT Carmack hazard
ARGLOG Joe Rogan t 160.8 pos '2477.6 -164.9  24.0' spd 356.7 yaw 221.7 mode 2 st 17 gl 1 hp 97 frg 1
ARGEVT Joe Rogan pursue
ARGLOG Carmack t 161.0 pos '2012.0 -299.4  56.0' spd 344.0 yaw  60.2 mode 2 st 4 gl 3 hp 100 frg 5
ARGEVT Joe Rogan hazard
ARGLOG Romero t 161.1 pos '2333.8 -304.0   8.0' spd 181.6 yaw 61 mode 2 st 10 gl 1 hp 73 frg 5
ARGUS Joe Rogan hunch item_artifact_super_damage
ARGEVT Carmack engage Joe Rogan
ARGEVT Joe Rogan plan powerup via weapon
ARGEVT Joe Rogan goal weapon_rocketlauncher
ARGEVT Joe Rogan pursue
ARGLOG Joe Rogan t 161.4 pos '2528.8 -198.4  32.0' spd 320.6 yaw 105.9 mode 0 st 17 gl 1 hp 97 frg 1
ARGEVT Joe Rogan route 11 start '2521.0 -191.0  32.0' goal '2473.0 -1711.0  24.0'
ARGLOG Carmack t 161.5 pos '2048.0 -136.4  24.0' spd 320.0 yaw 352.4 mode 2 st 4 gl 3 hp 100 frg 5
ARGEVT Romero grab item_rockets
ARGLOG Romero t 161.6 pos '2236.7 -266.5  24.0' spd 337.2 yaw  42.0 mode 2 st 10 gl 1 hp 73 frg 5
ARGLOG Joe Rogan t 161.9 pos '2401.9 -144.0  24.0' spd 303.1 yaw 169.8 mode 2 st 17 gl 1 hp 96 frg 1
ARGLOG Romero t 162.1 pos '2243.5 -105.9  24.0' spd 322.6 yaw 358.2 mode 2 st 10 gl 1 hp 71 frg 5
ARGEVT Carmack pursue
ARGLOG Carmack t 162.1 pos '2108.8  33.4  24.0' spd 324.9 yaw 331 mode 2 st 4 gl 3 hp 100 frg 5
ARGEVT Carmack hazard
ARGLOG Joe Rogan t 162.4 pos '2448.2 -144.0  24.0' spd 194.7 yaw 167.5 mode 2 st 17 gl 1 hp 87 frg 1
ARGEVT Joe Rogan pursue
ARGEVT Romero pursue
ARGLOG Romero t 162.7 pos '2288.0 -88.5  24.0' spd  67.4 yaw  40.8 mode 2 st 10 gl 1 hp 71 frg 5
ARGLOG Carmack t 162.7 pos '2142.5  62.3  24.0' spd 322.7 yaw 324.9 mode 2 st 4 gl 3 hp 91 frg 5
ARGEVT Joe Rogan grab item_health
ARGEVT Romero pursue
ARGEVT Romero jump
ARGEVT Joe Rogan weapon sg
ARGLOG Joe Rogan t 163.0 pos '2399.5 -163.7  24.0' spd 323.7 yaw 126.4 mode 2 st 17 gl 1 hp 87 frg 1
ARGLOG Romero t 163.2 pos '2329.1 -25.9  95.0' spd 223.0 yaw 317.0 mode 2 st 10 gl 1 hp 67 frg 5
ARGLOG Carmack t 163.2 pos '2075.6 -86.1  24.0' spd  56.6 yaw 344.4 mode 2 st 4 gl 3 hp 91 frg 5
ARGLOG Joe Rogan t 163.5 pos '2564.1 -215.6  32.0' spd 147.5 yaw 141.3 mode 2 st 17 gl 1 hp 73 frg 1
ARGLOG Romero t 163.8 pos '2202.2 -10.3  24.0' spd 380.2 yaw 348.3 mode 2 st 10 gl 1 hp 65 frg 5
ARGLOG Carmack t 163.8 pos '2165.1  58.5  24.0' spd 322.2 yaw 326.0 mode 2 st 4 gl 3 hp 91 frg 5
ARGEVT Carmack hazard
ARGEVT Joe Rogan grab item_spikes
ARGEVT Romero grab item_health
ARGLOG Joe Rogan t 164.1 pos '2535.2 -231.0  32.0' spd  38.0 yaw 158.4 mode 2 st 17 gl 1 hp 67 frg 1
ARGEVT Joe Rogan hazard
ARGEVT Romero route 9 start '2169.0 -95.0  24.0' goal '1465.0 -687.0 184.0'
ARGLOG Romero t 164.3 pos '2027.4 -74.3  24.0' spd 396.2 yaw 335.1 mode 2 st 10 gl 1 hp 61 frg 5
ARGLOG Carmack t 164.3 pos '2117.9 -39.0  24.0' spd 323.6 yaw 340.9 mode 2 st 4 gl 3 hp 91 frg 5
ARGEVT Joe Rogan grab item_health
ARGLOG Joe Rogan t 164.6 pos '2556.5 -229.0  32.0' spd 187.0 yaw 166.2 mode 0 st 17 gl 1 hp 58 frg 1
ARGEVT Joe Rogan route 11 start '2521.0 -191.0  32.0' goal '2473.0 -1711.0  24.0'
ARGLOG Romero t 164.9 pos '2113.7 -29.7  24.0' spd 329.3 yaw 332.2 mode 2 st 10 gl 1 hp 86 frg 5
ARGLOG Carmack t 164.9 pos '2091.1 -212.6  24.0' spd 323.2 yaw   0.1 mode 2 st 4 gl 3 hp 91 frg 5
ARGLOG Joe Rogan t 165.1 pos '2553.0 -206.5  32.0' spd  99.0 yaw 148.4 mode 2 st 17 gl 1 hp 50 frg 1
ARGLOG Romero t 165.4 pos '2172.7  16.5  24.0' spd 320.1 yaw 324.2 mode 2 st 10 gl 1 hp 86 frg 5
ARGLOG Carmack t 165.4 pos '2130.4 -89.6  24.0' spd 321.7 yaw 344.5 mode 2 st 4 gl 3 hp 91 frg 5
ARGLOG Joe Rogan t 165.7 pos '2540.6 -205.6  32.0' spd 174.7 yaw 157.2 mode 2 st 17 gl 1 hp 50 frg 1
ARGLOG Romero t 165.9 pos '2103.0 -84.1  24.0' spd 332.8 yaw 343.1 mode 2 st 10 gl 1 hp 86 frg 5
ARGLOG Carmack t 165.9 pos '2246.3  -5.3  24.0' spd 327.4 yaw 323.6 mode 2 st 4 gl 3 hp 73 frg 5
ARGEVT Joe Rogan grab item_health
ARGLOG Joe Rogan t 166.2 pos '2547.3 -194.4  32.0' spd 320.0 yaw 176.2 mode 2 st 17 gl 1 hp 49 frg 1
ARGEVT Joe Rogan hazard
ARGEVT Carmack pursue
ARGLOG Romero t 166.5 pos '2084.1 -212.9  24.0' spd 175.6 yaw 346.7 mode 2 st 10 gl 1 hp 86 frg 5
ARGLOG Carmack t 166.5 pos '2297.6   7.6  40.0' spd 201.6 yaw 318 mode 2 st 4 gl 3 hp 73 frg 5
ARGLOG Joe Rogan t 166.7 pos '2541.1 -159.6  32.0' spd 318.8 yaw 175.0 mode 2 st 17 gl 1 hp 46 frg 1
ARGEVT Carmack grab item_health
ARGLOG Romero t 167.0 pos '2118.8 -36.6  24.0' spd 322.4 yaw   1.7 mode 2 st 10 gl 1 hp 86 frg 5
ARGLOG Carmack t 167.0 pos '2434.8 -133.9  85.0' spd 323.8 yaw 354.3 mode 2 st 4 gl 3 hp 73 frg 5
ARGLOG Joe Rogan t 167.3 pos '2544.6 -180.3  32.0' spd 232.2 yaw 153.5 mode 2 st 17 gl 1 hp 43 frg 1
ARGEVT Romero hazard
ARGLOG Romero t 167.5 pos '2185.8  90.9  24.0' spd  53.7 yaw 303.1 mode 2 st 10 gl 1 hp 86 frg 5
ARGLOG Carmack t 167.5 pos '2521.1 -231.1  32.0' spd 201.6 yaw  83.3 mode 2 st 4 gl 3 hp 64 frg 5
ARGEVT Joe Rogan grab item_health
ARGEVT Romero pursue
ARGLOG Joe Rogan t 167.8 pos '2511.5 -185.2  24.0' spd 206.8 yaw 151.5 mode 2 st 17 gl 1 hp 34 frg 1
ARGLOG Romero t 168.1 pos '2158.6 -76.7  24.0' spd 321.1 yaw 349.3 mode 2 st 10 gl 1 hp 86 frg 5
ARGLOG Carmack t 168.1 pos '2544.0 -222.2  32.0' spd 265.2 yaw 175.8 mode 2 st 4 gl 3 hp 64 frg 5
ARGLOG Joe Rogan t 168.3 pos '2512.0 -197.8  24.0' spd  81.0 yaw 179.0 mode 2 st 17 gl 1 hp 25 frg 1
ARGEVT Carmack grab item_health
ARGEVT Joe Rogan retreat
ARGLOG Romero t 168.7 pos '2148.3 -255.4  24.0' spd 322.0 yaw  11.9 mode 2 st 10 gl 1 hp 86 frg 5
ARGLOG Carmack t 168.7 pos '2540.1 -171.5  32.0' spd 184.5 yaw 308.0 mode 2 st 4 gl 3 hp 55 frg 5
ARGLOG Joe Rogan t 168.9 pos '2542.7 -199.4  32.0' spd 172.1 yaw 202.8 mode 2 st 17 gl 1 hp 9 frg 1
ARGEVT Joe Rogan death Romero pos '2514.1 -187.8  32.0'
ARGUS Romero watch spawn
ARGEVT Romero goal item_armorInv
ARGEVT Romero route 5 start '2169.0 -351.0  24.0' goal '2393.0 -655.0  56.0'
ARGLOG Romero t 169.2 pos '2210.3 -405.4   8.0' spd 363.0 yaw   4.8 mode 2 st 10 gl 1 hp 86 frg 6
ARGLOG Carmack t 169.2 pos '2513.4 -176.3  32.0' spd 320.1 yaw 146 mode 2 st 4 gl 3 hp 55 frg 5
ARGEVT Romero engage Carmack
ARGEVT Romero grab item_spikes
ARGEVT Carmack engage Romero
ARGLOG Romero t 169.7 pos '2393.9 -364.2   8.0' spd 339.3 yaw  66.2 mode 2 st 10 gl 1 hp 86 frg 6
ARGLOG Carmack t 169.7 pos '2413.0 -234.5  24.0' spd 213.1 yaw 272.7 mode 2 st 4 gl 3 hp 55 frg 5
ARGEVT Carmack grab item_health
ARGLOG Romero t 170.2 pos '2552.8 -331.8  24.0' spd 321.4 yaw  72.2 mode 2 st 10 gl 1 hp 86 frg 6
ARGEVT Carmack pursue
ARGLOG Carmack t 170.2 pos '2560.2 -191.7  32.0' spd 287.8 yaw 253.1 mode 2 st 4 gl 3 hp 55 frg 5
ARGEVT Carmack hazard
ARGEVT Romero pursue
ARGUS Carmack hunch item_artifact_super_damage
ARGEVT Carmack plan powerup via weapon
ARGEVT Carmack goal weapon_rocketlauncher
ARGEVT Carmack pursue
ARGEVT Joe Rogan respawn
ARGUS Romero hunch item_armorInv
ARGEVT Romero hazard
ARGEVT Joe Rogan plan powerup via weapon
ARGEVT Joe Rogan goal weapon_rocketlauncher
ARGLOG Joe Rogan t 170.6 pos '2048.0 -1352.0 136.0' spd 0 yaw 200.2 mode 0 st 17 gl 1 hp 100 frg 1
ARGEVT Romero goal item_armorInv
ARGEVT Carmack route 10 start '2521.0 -191.0  32.0' goal '1465.0 -687.0 184.0'
ARGEVT Romero pursue
ARGEVT Joe Rogan hazard
ARGLOG Romero t 170.8 pos '2632.1 -348.9  24.0' spd 362.3 yaw 254.7 mode 0 st 10 gl 1 hp 86 frg 6
ARGLOG Carmack t 170.8 pos '2439.2 -147.0  24.0' spd 372.6 yaw 214.9 mode 2 st 4 gl 3 hp 55 frg 5
ARGEVT Joe Rogan route 20 start '1977.0 -1391.0 136.0' goal '2473.0 -1711.0  24.0'
ARGEVT Romero route 4 start '2601.0 -383.0  24.0' goal '2393.0 -655.0  56.0'
ARGLOG Joe Rogan t 171.1 pos '1989.0 -1380.1 136.0' spd 328.3 yaw 84 mode 2 st 17 gl 1 hp 100 frg 1
ARGEVT Carmack pursue
ARGLOG Romero t 171.3 pos '2474.3 -329.6   8.0' spd 380.8 yaw  79.2 mode 2 st 10 gl 1 hp 86 frg 6
ARGLOG Carmack t 171.3 pos '2393.1 -240.0  24.0' spd 320.0 yaw 290 mode 2 st 4 gl 3 hp 55 frg 5
ARGEVT Joe Rogan jump
ARGLOG Joe Rogan t 171.7 pos '2065.4 -1232.0 149.9' spd  82.5 yaw 99 mode 2 st 17 gl 1 hp 100 frg 1
ARGEVT Romero pursue
ARGEVT Carmack pursue
ARGLOG Romero t 171.9 pos '2512.0 -392.1   8.0' spd  66.7 yaw  96.9 mode 2 st 10 gl 1 hp 86 frg 6
ARGLOG Carmack t 171.9 pos '2563.3 -235.1  32.0' spd 243.1 yaw 223.2 mode 0 st 4 gl 3 hp 55 frg 5
ARGEVT Carmack hazard
ARGEVT Carmack route 10 start '2521.0 -191.0  32.0' goal '1465.0 -687.0 184.0'
ARGEVT Romero hazard
ARGLOG Joe Rogan t 172.3 pos '2020.9 -1215.9 152.0' spd 223.8 yaw 118 mode 2 st 17 gl 1 hp 100 frg 1
ARGEVT Romero grab item_health
ARGEVT Carmack grab item_health
ARGLOG Romero t 172.4 pos '2410.8 -304.0   8.0' spd 257.5 yaw  63.4 mode 2 st 10 gl 1 hp 86 frg 6
ARGLOG Carmack t 172.4 pos '2438.8 -199.8  24.0' spd 245.6 yaw 269.0 mode 2 st 4 gl 3 hp 55 frg 5
ARGLOG Joe Rogan t 172.8 pos '2020.5 -1036.3 200.0' spd 320.3 yaw 136 mode 2 st 17 gl 1 hp 100 frg 1
ARGUS routecache adopt
ARGEVT Carmack route 10 start '2521.0 -191.0  32.0' goal '1465.0 -687.0 184.0'
ARGEVT Carmack pursue
ARGLOG Romero t 173.0 pos '2516.0 -310.8  24.0' spd 283.1 yaw 326.2 mode 2 st 10 gl 1 hp 86 frg 6
ARGLOG Carmack t 173.0 pos '2540.5 -185.6  32.0' spd 303.9 yaw 222 mode 2 st 4 gl 3 hp 55 frg 5
ARGEVT Romero pursue
ARGEVT Carmack hazard
ARGEVT Joe Rogan route 19 start '2025.0 -1119.0 200.0' goal '2473.0 -1711.0  24.0'
ARGLOG Joe Rogan t 173.4 pos '2058.5 -854.5  86.6' spd 295.4 yaw 257 mode 2 st 17 gl 1 hp 100 frg 1
ARGEVT Romero hazard
ARGLOG Romero t 173.5 pos '2640.0 -317.2  24.0' spd 333.6 yaw  86.2 mode 2 st 10 gl 1 hp 86 frg 6
ARGLOG Carmack t 173.5 pos '2400.8 -240.0  24.0' spd 306.7 yaw 175.2 mode 2 st 4 gl 3 hp 55 frg 5
ARGEVT Carmack pursue
ARGLOG Joe Rogan t 173.9 pos '2086.0 -993.1  32.0' spd 322.6 yaw 178 mode 2 st 17 gl 1 hp 100 frg 1
ARGEVT Romero pursue
ARGLOG Romero t 174.1 pos '2457.0 -329.5   8.0' spd 372.0 yaw 226.3 mode 2 st 10 gl 1 hp 86 frg 6
ARGEVT Carmack pursue
ARGLOG Carmack t 174.1 pos '2216.1 -251.1  24.0' spd 327.0 yaw 195.0 mode 2 st 4 gl 3 hp 55 frg 5
ARGLOG Joe Rogan t 174.5 pos '1696.0 -952.4  20.0' spd 300 yaw 70 mode 2 st 17 gl 1 hp 100 frg 1
ARGLOG Romero t 174.6 pos '2316.1 -444.8   8.0' spd 333.0 yaw  83.8 mode 2 st 10 gl 1 hp 86 frg 6
ARGLOG Carmack t 174.6 pos '2241.9 -165.1  24.0' spd 344.5 yaw 278.0 mode 2 st 4 gl 3 hp 55 frg 5
ARGEVT Romero grab item_armorInv
ARGEVT Romero hazard
ARGEVT Romero pursue
ARGLOG Joe Rogan t 175.1 pos '1747.5 -988.7  20.0' spd 348.7 yaw 84 mode 2 st 17 gl 1 hp 100 frg 1
ARGLOG Romero t 175.2 pos '2355.5 -510.5   8.0' spd 367.2 yaw  61.5 mode 2 st 10 gl 1 hp 86 frg 6
ARGLOG Carmack t 175.2 pos '2424.8 -159.9  24.0' spd 321.0 yaw 258.0 mode 2 st 4 gl 3 hp 55 frg 5
ARGEVT Carmack grab item_health
ARGLOG Joe Rogan t 175.6 pos '1928.0 -1007.3  20.0' spd 321.1 yaw 121 mode 2 st 17 gl 1 hp 100 frg 1
ARGEVT Romero pursue
ARGLOG Romero t 175.8 pos '2402.2 -518.3   8.0' spd 226.3 yaw 79 mode 2 st 10 gl 1 hp 86 frg 6
ARGEVT Carmack pursue
ARGLOG Carmack t 175.8 pos '2547.9 -214.1  32.0' spd 156.5 yaw 240 mode 0 st 4 gl 3 hp 55 frg 5
ARGEVT Carmack route 10 start '2521.0 -191.0  32.0' goal '1465.0 -687.0 184.0'
ARGEVT Carmack pursue
ARGLOG Joe Rogan t 176.1 pos '1936.0 -996.0  20.0' spd   8.7 yaw 124 mode 2 st 17 gl 1 hp 100 frg 1
ARGLOG Romero t 176.3 pos '2458.4 -368.9   8.0' spd 175.1 yaw 106.8 mode 2 st 10 gl 1 hp 82 frg 6
ARGLOG Carmack t 176.3 pos '2416.6 -234.6  24.0' spd  89.5 yaw 296.6 mode 2 st 4 gl 3 hp 55 frg 5
ARGLOG Joe Rogan t 176.6 pos '1936.0 -993.5  20.0' spd   2.8 yaw 124 mode 2 st 17 gl 1 hp 100 frg 1
ARGEVT Romero pursue
ARGEVT Carmack pursue
ARGUS routecache adopt
ARGEVT Carmack route 10 start '2521.0 -191.0  32.0' goal '1465.0 -687.0 184.0'
ARGLOG Romero t 176.8 pos '2596.4 -332.8  24.0' spd 287.0 yaw 138.2 mode 2 st 10 gl 1 hp 82 frg 6
ARGUS Carmack hunch item_armorInv
ARGLOG Carmack t 176.8 pos '2563.2 -225.8  32.0' spd 312.6 yaw  31.3 mode 2 st 4 gl 3 hp 55 frg 5
ARGEVT Carmack hazard
ARGEVT Romero hazard
ARGEVT Carmack pursue
ARGUS Romero hunch item_armorInv
ARGEVT Carmack goal item_armorInv
ARGEVT Joe Rogan stall
ARGEVT Joe Rogan stallnode '2025.0 -991.0  32.0'
ARGEVT Joe Rogan jump
ARGEVT Carmack route 6 start '2521.0 -191.0  32.0' goal '2393.0 -655.0  56.0'
ARGEVT Romero goal item_armorInv
ARGEVT Romero pursue
ARGLOG Joe Rogan t 177.2 pos '1936.0 -990.7  48.9' spd  19.7 yaw 19 mode 0 st 18 gl 1 hp 100 frg 1
ARGEVT Joe Rogan route 20 start '1945.0 -1135.0 136.0' goal '2473.0 -1711.0  24.0'
ARGEVT Romero route 4 start '2601.0 -383.0  24.0' goal '2393.0 -655.0  56.0'
ARGLOG Romero t 177.3 pos '2614.2 -368.2  24.0' spd 375.3 yaw 247.2 mode 2 st 10 gl 1 hp 82 frg 6
ARGLOG Carmack t 177.3 pos '2572.0 -215.6  32.0' spd 348.0 yaw 235 mode 0 st 4 gl 3 hp 55 frg 5
ARGEVT Carmack route 6 start '2521.0 -191.0  32.0' goal '2393.0 -655.0  56.0'
ARGLOG Joe Rogan t 177.7 pos '1936.0 -991.5  20.0' spd  30.8 yaw 305 mode 2 st 18 gl 1 hp 100 frg 1
ARGEVT Joe Rogan stall
ARGEVT Joe Rogan stallnode '1945.0 -1135.0 136.0'
ARGEVT Joe Rogan jump
ARGEVT Carmack pursue
ARGLOG Romero t 177.8 pos '2487.8 -335.6   8.0' spd 338.0 yaw 125 mode 2 st 10 gl 1 hp 82 frg 6
ARGLOG Carmack t 177.8 pos '2411.1 -240.0  24.0' spd 339.0 yaw 245.6 mode 2 st 4 gl 3 hp 55 frg 5
ARGEVT Romero grab item_health
ARGLOG Joe Rogan t 178.2 pos '1891.3 -1042.4  49.6' spd 134.7 yaw 139.3 mode 0 st 19 gl 1 hp 100 frg 1
ARGEVT Romero hazard
ARGLOG Romero t 178.3 pos '2380.0 -304.0   8.0' spd  94.9 yaw 172.5 mode 2 st 10 gl 1 hp 82 frg 6
ARGLOG Carmack t 178.3 pos '2235.7 -241.6  24.0' spd 388.2 yaw 338.2 mode 2 st 4 gl 3 hp 55 frg 5
ARGLOG Joe Rogan t 178.7 pos '1786.9 -1013.4  20.0' spd 321.7 yaw 139.3 mode 0 st 19 gl 1 hp 100 frg 1
ARGLOG Romero t 178.9 pos '2498.5 -333.4   8.0' spd 318.0 yaw 212.0 mode 2 st 10 gl 1 hp 82 frg 6
ARGEVT Carmack grab item_health
ARGLOG Carmack t 178.9 pos '2190.8 -409.0   8.0' spd 328.1 yaw  14.4 mode 2 st 4 gl 3 hp 55 frg 5
ARGEVT Carmack hazard
ARGLOG Joe Rogan t 179.2 pos '1671.8 -891.1  20.0' spd 378.8 yaw  57.4 mode 0 st 19 gl 1 hp 100 frg 1
ARGEVT Joe Rogan plan powerup via weapon
ARGEVT Joe Rogan goal weapon_rocketlauncher
ARGEVT Carmack retreat
ARGLOG Romero t 179.4 pos '2635.8 -336.4  24.0' spd 130.1 yaw 185.5 mode 2 st 10 gl 1 hp 80 frg 6
ARGLOG Carmack t 179.4 pos '2150.2 -503.8   8.0' spd 239.8 yaw  21.4 mode 2 st 4 gl 3 hp 28 frg 5
ARGEVT Joe Rogan route 16 start '1769.0 -751.0  24.0' goal '1465.0 -687.0 184.0'
ARGEVT Romero hazard
ARGLOG Joe Rogan t 179.7 pos '1756.1 -736.8  24.0' spd 323.8 yaw 34 mode 2 st 19 gl 1 hp 100 frg 1
ARGEVT Joe Rogan hazard
ARGLOG Romero t 179.9 pos '2599.9 -369.3  24.0' spd 136.7 yaw 159.8 mode 2 st 10 gl 1 hp 77 frg 6
ARGLOG Carmack t 179.9 pos '2137.3 -339.4  24.0' spd 320.1 yaw 360.0 mode 2 st 4 gl 3 hp 28 frg 5
ARGEVT Romero grab item_health
ARGLOG Joe Rogan t 180.3 pos '1713.5 -645.0  24.0' spd 371.7 yaw  51.4 mode 2 st 19 gl 1 hp 100 frg 1
ARGLOG Romero t 180.4 pos '2566.7 -317.9  24.0' spd 187.8 yaw 147.0 mode 2 st 10 gl 1 hp 73 frg 6
ARGLOG Carmack t 180.4 pos '2134.4 -173.7  24.0' spd 320.0 yaw 340.2 mode 2 st 4 gl 3 hp 28 frg 5
ARGEVT Romero pursue
ARGEVT Carmack pursue
ARGLOG Joe Rogan t 180.8 pos '1813.1 -501.4  40.0' spd 322.9 yaw 31 mode 2 st 19 gl 1 hp 100 frg 1
ARGLOG Romero t 180.9 pos '2465.7 -306.4   8.0' spd 320.0 yaw 174 mode 2 st 10 gl 1 hp 73 frg 6
ARGLOG Carmack t 180.9 pos '2257.0 -144.1  24.0' spd 325.1 yaw 330 mode 2 st 4 gl 3 hp 28 frg 5
ARGLOG Joe Rogan t 181.3 pos '1942.3 -485.6 104.0' spd 320.2 yaw 356.0 mode 2 st 19 gl 1 hp 100 frg 1
ARGLOG Romero t 181.4 pos '2359.8 -304.0   8.0' spd  86.6 yaw 102.1 mode 2 st 10 gl 1 hp 73 frg 6
ARGLOG Carmack t 181.4 pos '2340.0 -157.2  24.0' spd  91.8 yaw 278.7 mode 2 st 4 gl 3 hp 28 frg 5
ARGEVT Joe Rogan hazard
ARGEVT Carmack pursue
ARGEVT Romero pursue
ARGEVT Romero hazard
ARGLOG Joe Rogan t 181.8 pos '2063.7 -422.5 104.0' spd 320.5 yaw 105 mode 2 st 19 gl 1 hp 100 frg 1
ARGLOG Romero t 182.0 pos '2421.8 -304.0   8.0' spd  35.1 yaw 118 mode 2 st 10 gl 1 hp 73 frg 6
ARGLOG Carmack t 182.0 pos '2342.9 -240.0  24.0' spd  20.3 yaw 263 mode 2 st 4 gl 3 hp 28 frg 5
ARGEVT Joe Rogan engage Carmack
ARGLOG Joe Rogan t 182.3 pos '1991.7 -263.8  40.0' spd 323.6 yaw  10.5 mode 2 st 19 gl 1 hp 100 frg 1
ARGEVT Romero weapon sg
ARGLOG Romero t 182.5 pos '2491.9 -318.6   8.0' spd 345.4 yaw 139.2 mode 2 st 10 gl 1 hp 73 frg 6
ARGLOG Carmack t 182.5 pos '2292.8 -144.0  24.0' spd 212.5 yaw 320.7 mode 2 st 4 gl 3 hp 28 frg 5
ARGEVT Carmack pursue
ARGLOG Joe Rogan t 182.8 pos '2044.3 -310.7  72.0' spd 240.7 yaw  38.7 mode 2 st 19 gl 1 hp 100 frg 1
ARGLOG Romero t 183.0 pos '2395.6 -400.0   8.0' spd 323.0 yaw 122.9 mode 2 st 10 gl 1 hp 73 frg 6
ARGLOG Carmack t 183.0 pos '2215.6 -119.7  24.0' spd 321.3 yaw 301.0 mode 2 st 4 gl 3 hp 24 frg 5
ARGEVT Carmack death Joe Rogan pos '2202.9 -109.4  24.0'
ARGUS Joe Rogan watch spawn
ARGEVT Joe Rogan plan powerup via weapon
ARGEVT Joe Rogan goal weapon_rocketlauncher
ARGEVT Romero engage Joe Rogan
ARGEVT Joe Rogan route 10 start '2041.0 -159.0  24.0' goal '1465.0 -687.0 184.0'
ARGEVT Joe Rogan engage Romero
ARGEVT Joe Rogan grab 
ARGLOG Joe Rogan t 183.4 pos '2007.9 -146.9  24.0' spd 390.1 yaw 357.0 mode 2 st 19 gl 1 hp 100 frg 2
ARGLOG Romero t 183.5 pos '2293.0 -355.3   8.0' spd 343.4 yaw 134.7 mode 2 st 10 gl 1 hp 73 frg 6
ARGEVT Romero hazard
ARGLOG Joe Rogan t 183.9 pos '2169.6 -143.9  24.0' spd 162.8 yaw 286.2 mode 2 st 19 gl 1 hp 91 frg 2
ARGEVT Romero route 5 start '2169.0 -351.0  24.0' goal '2393.0 -655.0  56.0'
ARGLOG Romero t 184.1 pos '2180.3 -351.7   8.0' spd 320.4 yaw 112.8 mode 2 st 10 gl 1 hp 60 frg 6
ARGLOG Joe Rogan t 184.4 pos '2032.2 -255.3  40.0' spd 335.2 yaw 344.0 mode 2 st 19 gl 1 hp 91 frg 2
ARGEVT Joe Rogan pursue
ARGEVT Romero pursue
ARGEVT Carmack respawn
ARGLOG Romero t 184.6 pos '2174.4 -258.3  24.0' spd 325.9 yaw 147 mode 2 st 10 gl 1 hp 60 frg 6
ARGEVT Carmack goal item_armorInv
ARGLOG Carmack t 184.6 pos '2248.0 -16.0 -136.0' spd 0 yaw 340.2 mode 0 st 4 gl 3 hp 100 frg 5
ARGUS Romero hunch item_artifact_super_damage
ARGUS Joe Rogan hunch item_armorInv
ARGEVT Joe Rogan route 10 start '2025.0 -287.0  56.0' goal '1465.0 -687.0 184.0'
ARGEVT Joe Rogan plan powerup via weapon
ARGEVT Joe Rogan goal weapon_rocketlauncher
ARGEVT Carmack hazard
ARGEVT Romero plan powerup via weapon
ARGEVT Romero goal weapon_nailgun
ARGEVT Romero grab item_health
ARGEVT Joe Rogan grab item_health
ARGLOG Joe Rogan t 185.0 pos '2011.9 -372.8 104.0' spd 225.2 yaw  93.9 mode 0 st 19 gl 1 hp 82 frg 2
ARGEVT Joe Rogan route 11 start '1993.0 -415.0 104.0' goal '1465.0 -687.0 184.0'
ARGLOG Romero t 185.1 pos '2025.3 -174.2  24.0' spd 404.5 yaw 261.0 mode 0 st 10 gl 1 hp 48 frg 6
ARGLOG Carmack t 185.1 pos '2352.0 -80.0 -104.0' spd 0 yaw 299.5 mode 0 st 4 gl 3 hp 100 frg 5
ARGEVT Carmack route 13 start '2329.0 -79.0 -104.0' goal '2393.0 -655.0  56.0'
ARGEVT Romero route 3 start '1929.0 -63.0  24.0' goal '2473.0 -191.0  24.0'
ARGEVT Romero grab item_spikes
ARGLOG Joe Rogan t 185.6 pos '2023.9 -495.2 104.0' spd 311.8 yaw  92.5 mode 2 st 19 gl 1 hp 100 frg 2
ARGLOG Romero t 185.7 pos '1941.6 -94.4  24.0' spd 333.3 yaw 270.8 mode 2 st 10 gl 1 hp 73 frg 6
ARGLOG Carmack t 185.7 pos '2352.0 -80.0 -104.0' spd 0 yaw 44 mode 2 st 4 gl 3 hp 100 frg 5
ARGEVT Carmack hazard
ARGEVT Joe Rogan pursue
ARGLOG Joe Rogan t 186.1 pos '1842.5 -498.1  56.0' spd 326.3 yaw 76 mode 2 st 19 gl 1 hp 100 frg 2
ARGEVT Romero pursue
ARGEVT Joe Rogan hazard
ARGLOG Romero t 186.2 pos '1963.3 -237.1  24.0' spd 330.3 yaw 321.2 mode 2 st 10 gl 1 hp 73 frg 6
ARGLOG Carmack t 186.2 pos '2352.0 -80.0 -104.0' spd 0 yaw 223.6 mode 2 st 4 gl 3 hp 100 frg 5
