LOG started on: 09/16/2026 15:04:29 
Playing registered version.
UDP Initialized
WIPX_OpenSocket: Address family not supported by protocol family
WIPX_Init: Unable to open control socket, IPX disabled
Exe: 20:02:47 Jul 31 2024
256.0 megabyte heap

Language initialization
Couldn't load 'localization/loc_english.txt'
from 'C:/argus/engine'

========= Quake Initialized =========

execing autoexec.cfg
SpawnServer: dm4
Clearing memory
Programs occupy 885K.
trying to open external vis file
maps/dm4.vis not found, trying argus.vis
external vis not found
ARGUS slots 8
ARGUS worldspawn reached
ARGNAV 137 nodes, 678 links
0 entities inhibited
ARGUS init on dm4
ARGEVT Carmack spawned
ARGEVT Romero spawned
ARGEVT Joe Rogan spawned
Server spawned.
ARGLOG Joe Rogan t   1.2 pos '-64.0 -232.0 -72.0' spd 0 yaw 357.6 mode 0 st 0 gl 0 hp 100 frg 0
ARGLOG Romero t   1.2 pos '112.0 -1136.0 -104.0' spd 0 yaw  92.5 mode 0 st 0 gl 0 hp 100 frg 0
ARGLOG Carmack t   1.2 pos '-64.0 512.0 -296.0' spd 0 yaw 299.6 mode 0 st 0 gl 0 hp 100 frg 0
ARGEVT Carmack hazard
ARGLOG Joe Rogan t   1.7 pos ' 80.9 -237.1 -72.0' spd 320 yaw 357.6 mode 0 st 0 gl 0 hp 100 frg 0
ARGLOG Romero t   1.7 pos '106.9 -991.1 -104.0' spd 320 yaw  92.5 mode 0 st 0 gl 0 hp 100 frg 0
ARGLOG Carmack t   1.7 pos '  4.9 469.6 -296.0' spd 336.4 yaw  66.4 mode 0 st 0 gl 0 hp 100 frg 0
ARGUS Carmack wallslide
ARGLOG Joe Rogan t   2.2 pos '247.5 -243.1 -78.0' spd 320 yaw 357.6 mode 0 st 0 gl 0 hp 100 frg 0
ARGLOG Romero t   2.2 pos '101.3 -828.9 -104.0' spd 320 yaw  92.5 mode 0 st 0 gl 0 hp 100 frg 0
ARGLOG Carmack t   2.2 pos ' -0.1 452.2 -296.0' spd 258.1 yaw 102.1 mode 0 st 0 gl 0 hp 100 frg 0
ARGLOG Joe Rogan t   2.7 pos '385.6 -252.3 -229.3' spd  54.8 yaw 185.8 mode 0 st 0 gl 0 hp 100 frg 0
ARGLOG Romero t   2.7 pos '149.8 -833.2 -104.0' spd 321.2 yaw 295.7 mode 0 st 0 gl 0 hp 100 frg 0
ARGLOG Carmack t   2.7 pos '-35.3 604.8 -296.0' spd 189.0 yaw 322.2 mode 0 st 0 gl 0 hp 200 frg 0
ARGEVT Carmack hazard
ARGUS Carmack wallslide
ARGEVT Joe Rogan hazard
ARGLOG Joe Rogan t   3.2 pos '415.5 -260.9 -296.0' spd 320.0 yaw   5.9 mode 0 st 0 gl 0 hp 100 frg 0
ARGLOG Romero t   3.2 pos '226.5 -975.9 -104.0' spd 320.0 yaw 295.7 mode 0 st 0 gl 0 hp 100 frg 0
ARGLOG Carmack t   3.2 pos '  8.9 499.4 -296.0' spd 330.6 yaw 296.8 mode 0 st 0 gl 0 hp 200 frg 0
ARGEVT Romero hazard
ARGLOG Joe Rogan t   3.7 pos '575.2 -246.9 -296.0' spd 320.0 yaw   5.9 mode 0 st 0 gl 0 hp 100 frg 0
ARGLOG Romero t   3.7 pos '272.0 -1044.6 -104.0' spd 318.1 yaw  78.5 mode 0 st 0 gl 0 hp 100 frg 0
ARGLOG Carmack t   3.7 pos '  6.4 485.5 -296.0' spd 320.0 yaw 100.1 mode 0 st 0 gl 0 hp 200 frg 0
ARGEVT Joe Rogan goal weapon_lightning
ARGEVT Romero goal item_armorInv
ARGEVT Carmack goal weapon_rocketlauncher
ARGEVT Carmack hazard
ARGEVT Joe Rogan route 8 start '593.0 -215.0 -296.0' goal '529.0 -311.0 -104.0'
ARGLOG Joe Rogan t   4.2 pos '566.7 -264.9 -296.0' spd 335.5 yaw 81 mode 2 st 0 gl 0 hp 100 frg 0
ARGLOG Romero t   4.2 pos '296.8 -879.6 -104.0' spd 359.4 yaw  37.5 mode 0 st 0 gl 0 hp 100 frg 0
ARGLOG Carmack t   4.2 pos '-10.8 592.7 -296.0' spd 232.3 yaw 280 mode 0 st 0 gl 0 hp 200 frg 0
ARGEVT Romero route 9 start '273.0 -887.0 -104.0' goal '817.0 -855.0 -232.0'
ARGEVT Joe Rogan hazard
ARGEVT Carmack stall
ARGEVT Carmack jump
ARGEVT Carmack route 5 start '-15.0 457.0 -296.0' goal ' 81.0  73.0 -296.0'
ARGEVT Romero hazard
ARGUS Romero wallslide
ARGLOG Joe Rogan t   4.7 pos '441.6 -240.2 -296.0' spd 224.6 yaw 62 mode 2 st 0 gl 0 hp 100 frg 0
ARGLOG Romero t   4.7 pos '373.1 -752.0 -104.0' spd 124.3 yaw 80 mode 2 st 0 gl 0 hp 100 frg 0
ARGLOG Carmack t   4.7 pos ' 16.0 434.6 -256.4' spd 315.1 yaw 242 mode 2 st 1 gl 0 hp 200 frg 0
ARGUS Joe Rogan wallslide
ARGLOG Joe Rogan t   5.2 pos '608.0 -202.1 -296.0' spd 374.8 yaw 258 mode 2 st 0 gl 0 hp 100 frg 0
ARGLOG Romero t   5.2 pos '337.9 -614.3 -104.0' spd 335.0 yaw 39 mode 2 st 0 gl 0 hp 100 frg 0
ARGLOG Carmack t   5.2 pos '-81.0 330.8 -296.0' spd 318.3 yaw 257 mode 2 st 1 gl 0 hp 200 frg 0
ARGEVT Carmack hazard
ARGLOG Joe Rogan t   5.8 pos '651.0 -40.1 -296.0' spd 320.9 yaw 258 mode 2 st 0 gl 0 hp 100 frg 0
ARGLOG Romero t   5.8 pos '388.4 -455.5 -104.0' spd 339.2 yaw 353 mode 2 st 0 gl 0 hp 100 frg 0
ARGLOG Carmack t   5.8 pos '-97.7 423.9 -296.0' spd 443.5 yaw 262 mode 2 st 1 gl 0 hp 200 frg 0
ARGEVT Joe Rogan route 6 start '625.0 105.0 -296.0' goal '529.0 -311.0 -104.0'
ARGLOG Joe Rogan t   6.3 pos '442.8 -864.0  42.0' spd 300 yaw 111 mode 2 st 0 gl 0 hp 100 frg 0
ARGLOG Romero t   6.3 pos '534.0 -368.0 -104.0' spd 329.9 yaw 329 mode 2 st 0 gl 0 hp 100 frg 0
ARGLOG Carmack t   6.3 pos '-164.2 420.5 -296.0' spd 347.9 yaw 274 mode 2 st 1 gl 0 hp 200 frg 0
ARGEVT Carmack hazard
ARGEVT Romero jump
ARGLOG Joe Rogan t   6.8 pos '390.3 -864.0  24.0' spd 300 yaw 101 mode 2 st 0 gl 0 hp 100 frg 0
ARGLOG Romero t   6.8 pos '688.0 -399.7 -67.0' spd 131.8 yaw 301 mode 2 st 0 gl 0 hp 100 frg 0
ARGLOG Carmack t   6.8 pos '-228.6 388.1 -296.0' spd 168.1 yaw 287 mode 2 st 1 gl 0 hp 200 frg 0
ARGLOG Joe Rogan t   7.3 pos '319.5 -770.7  24.0' spd 346.3 yaw 80 mode 2 st 0 gl 0 hp 100 frg 0
ARGLOG Romero t   7.3 pos '384.7 -240.0 -269.5' spd 300 yaw 313.2 mode 0 st 0 gl 0 hp 100 frg 0
ARGLOG Carmack t   7.3 pos '-174.8 411.8 -296.0' spd 182.6 yaw 276 mode 2 st 1 gl 0 hp 200 frg 0
ARGEVT Carmack hazard
ARGEVT Romero route 12 start '465.0 -247.0 -296.0' goal '817.0 -855.0 -232.0'
ARGLOG Joe Rogan t   7.8 pos '323.1 -602.9  24.0' spd 322.2 yaw 64 mode 2 st 0 gl 0 hp 100 frg 0
ARGLOG Romero t   7.8 pos '454.0 -240.0 -296.0' spd 300 yaw 63 mode 2 st 0 gl 0 hp 100 frg 0
ARGLOG Carmack t   7.8 pos '-105.8 310.3 -296.0' spd 327.4 yaw 308 mode 2 st 1 gl 0 hp 199 frg 0
ARGUS Romero wallslide
ARGLOG Joe Rogan t   8.3 pos '379.5 -449.2  24.0' spd 323.1 yaw 42 mode 2 st 0 gl 0 hp 100 frg 0
ARGLOG Romero t   8.3 pos '569.5 -208.0 -296.0' spd 341.8 yaw 79 mode 2 st 0 gl 0 hp 100 frg 0
ARGLOG Carmack t   8.3 pos '-81.4 154.9 -296.0' spd 320.0 yaw 320.4 mode 1 st 1 gl 0 hp 199 frg 0
ARGLOG Joe Rogan t   8.8 pos '463.6 -305.0 -58.1' spd 322.9 yaw  22.9 mode 1 st 0 gl 0 hp 100 frg 0
ARGLOG Romero t   8.8 pos '654.3 -78.9 -296.0' spd 349.4 yaw 125.8 mode 2 st 0 gl 0 hp 100 frg 0
ARGLOG Carmack t   8.8 pos ' 51.4  67.1 -296.0' spd 162.2 yaw 147.1 mode 1 st 1 gl 0 hp 198 frg 0
ARGEVT Carmack goal weapon_lightning
ARGEVT Carmack route 7 start ' 81.0  73.0 -296.0' goal '529.0 -311.0 -104.0'
ARGEVT Joe Rogan goal weapon_rocketlauncher
ARGEVT Carmack goal weapon_nailgun
ARGEVT Joe Rogan route 5 start '465.0 -279.0 -104.0' goal '753.0 -887.0 -232.0'
ARGEVT Romero hazard
ARGEVT Carmack hazard
ARGEVT Carmack route 5 start '-47.0  73.0 -296.0' goal '369.0   9.0 -296.0'
ARGLOG Joe Rogan t   9.3 pos '561.1 -163.6 -104.0' spd 418.4 yaw 129.2 mode 2 st 0 gl 0 hp 100 frg 0
ARGLOG Romero t   9.3 pos '592.0 -16.2 -296.0' spd 302.3 yaw 258 mode 2 st 0 gl 0 hp 100 frg 0
ARGLOG Carmack t   9.3 pos '-36.2  35.5 -296.0' spd 379.2 yaw 281 mode 2 st 1 gl 1 hp 198 frg 0
ARGUS Carmack wallslide
ARGEVT Joe Rogan hazard
ARGEVT Joe Rogan route 6 start '529.0 -55.0 -104.0' goal '753.0 -887.0 -232.0'
ARGLOG Joe Rogan t   9.8 pos '462.9 -72.3 -104.0' spd 294.2 yaw 299 mode 2 st 0 gl 0 hp 100 frg 0
ARGLOG Romero t   9.8 pos '648.5 -180.6 -296.0' spd 245.8 yaw  50.0 mode 2 st 0 gl 0 hp 100 frg 0
ARGLOG Carmack t   9.8 pos '-31.9 -128.2 -296.0' spd 326.8 yaw 343 mode 2 st 1 gl 1 hp 197 frg 0
ARGEVT Joe Rogan engage Carmack
ARGEVT Joe Rogan weapon sg
ARGEVT Carmack engage Joe Rogan
ARGEVT Carmack route 3 start ' 17.0 -247.0 -296.0' goal '369.0   9.0 -296.0'
ARGUS Carmack leadclip
ARGEVT Romero hazard
ARGUS routecache adopt
ARGEVT Carmack route 3 start ' 17.0 -247.0 -296.0' goal '369.0   9.0 -296.0'
ARGLOG Joe Rogan t  10.3 pos '454.3 -235.8 -104.0' spd 320.7 yaw 186.8 mode 2 st 0 gl 0 hp 100 frg 0
ARGLOG Romero t  10.3 pos '603.5 -87.9 -296.0' spd 333.1 yaw 260 mode 2 st 0 gl 0 hp 100 frg 0
ARGLOG Carmack t  10.3 pos '  4.6 -242.8 -296.0' spd 239.8 yaw   6.4 mode 2 st 1 gl 1 hp 197 frg 0
ARGEVT Joe Rogan weapon lg
ARGEVT Joe Rogan hazard
ARGLOG Joe Rogan t  10.8 pos '461.1 -240.9 -104.0' spd 146.5 yaw 183.0 mode 2 st 0 gl 0 hp 100 frg 0
ARGLOG Romero t  10.8 pos '602.5  78.5 -296.0' spd 337.8 yaw 108.9 mode 0 st 0 gl 0 hp 100 frg 0
ARGLOG Carmack t  10.8 pos ' 62.8 -238.0 -296.0' spd 205.5 yaw 355.4 mode 2 st 1 gl 1 hp 196 frg 0
ARGEVT Carmack hazard
ARGUS Romero wallslide
ARGEVT Romero route 10 start '625.0 105.0 -296.0' goal '817.0 -855.0 -232.0'
ARGEVT Romero route 9 start '401.0 -887.0  24.0' goal '817.0 -855.0 -232.0'
ARGLOG Joe Rogan t  11.3 pos '454.5 -257.3 -104.0' spd  82.7 yaw 180.3 mode 2 st 0 gl 0 hp 100 frg 0
ARGLOG Romero t  11.3 pos '390.9 -864.0  24.0' spd 300 yaw 118 mode 2 st 0 gl 0 hp 100 frg 0
ARGLOG Carmack t  11.3 pos ' 23.3 -243.0 -296.0' spd 120.8 yaw 350.6 mode 2 st 1 gl 1 hp 136 frg 0
ARGEVT Joe Rogan weapon sg
ARGLOG Joe Rogan t  11.8 pos '460.6 -292.3 -104.0' spd 321.4 yaw 175.9 mode 2 st 0 gl 0 hp 100 frg 0
ARGLOG Romero t  11.8 pos '332.3 -826.4  24.0' spd 361.3 yaw 102.2 mode 2 st 0 gl 0 hp 100 frg 0
ARGLOG Carmack t  11.8 pos ' -7.8 -240.0 -296.0' spd 163.6 yaw 341.2 mode 0 st 1 gl 1 hp 63 frg 0
ARGEVT Carmack route 3 start ' 17.0 -247.0 -296.0' goal '369.0   9.0 -296.0'
ARGUS Romero wallslide
ARGEVT Romero hazard
ARGUS routecache adopt
ARGEVT Carmack route 3 start ' 17.0 -247.0 -296.0' goal '369.0   9.0 -296.0'
ARGUS Carmack leadclip
ARGEVT Joe Rogan hazard
ARGLOG Joe Rogan t  12.3 pos '496.9 -422.0 -104.0' spd 282.0 yaw 157.8 mode 2 st 0 gl 0 hp 100 frg 0
ARGLOG Romero t  12.3 pos '327.2 -702.3  24.0' spd 320.6 yaw  76.2 mode 2 st 0 gl 0 hp 100 frg 0
ARGUS routecache adopt
ARGEVT Carmack route 3 start ' 17.0 -247.0 -296.0' goal '369.0   9.0 -296.0'
ARGLOG Carmack t  12.3 pos ' 21.9 -224.2 -296.0' spd 244.0 yaw 338.4 mode 0 st 1 gl 1 hp 55 frg 0
ARGEVT Carmack hazard
ARGEVT Romero engage Joe Rogan
ARGLOG Joe Rogan t  12.8 pos '584.1 -284.3 -104.0' spd 320.5 yaw 170.4 mode 2 st 0 gl 0 hp 100 frg 0
ARGLOG Romero t  12.8 pos '305.3 -535.7  24.0' spd 265.0 yaw 118.7 mode 2 st 0 gl 0 hp 100 frg 0
ARGLOG Carmack t  12.8 pos ' 84.7 -225.8 -296.0' spd  60.9 yaw 357.3 mode 2 st 1 gl 1 hp 55 frg 0
ARGEVT Carmack pursue
ARGEVT Joe Rogan pursue
ARGEVT Joe Rogan weapon lg
ARGEVT Romero grab weapon_grenadelauncher
ARGLOG Joe Rogan t  13.3 pos '531.8 -155.8 -104.0' spd 384.1 yaw 189.5 mode 2 st 0 gl 0 hp 100 frg 0
ARGLOG Romero t  13.3 pos '277.1 -403.1  11.2' spd 101.9 yaw  42.0 mode 2 st 0 gl 0 hp 100 frg 0
ARGLOG Carmack t  13.3 pos '119.4 -221.5 -296.0' spd 258.5 yaw  12.1 mode 2 st 1 gl 1 hp 55 frg 0
ARGEVT Romero hazard
ARGLOG Joe Rogan t  13.8 pos '483.5 -124.4 -104.0' spd 320.5 yaw 197.7 mode 2 st 0 gl 0 hp 92 frg 0
ARGLOG Romero t  13.8 pos '236.9 -391.1 -104.0' spd 320.2 yaw  52.6 mode 2 st 0 gl 0 hp 100 frg 0
ARGLOG Carmack t  13.8 pos '193.8 -250.1 -296.0' spd 268.5 yaw   8.3 mode 2 st 1 gl 1 hp 55 frg 0
ARGEVT Carmack hazard
ARGEVT Carmack weapon sg
ARGEVT Joe Rogan weapon sg
ARGEVT Carmack retreat
ARGEVT Joe Rogan hazard
ARGLOG Joe Rogan t  14.4 pos '467.0 -102.7 -104.0' spd 261.1 yaw 212.2 mode 2 st 0 gl 0 hp 90 frg 0
ARGLOG Romero t  14.4 pos '118.9 -378.9 -104.0' spd 178.3 yaw  37.7 mode 2 st 0 gl 0 hp 100 frg 0
ARGLOG Carmack t  14.4 pos '150.0 -259.4 -296.0' spd 350.1 yaw  32.8 mode 2 st 1 gl 1 hp 25 frg 0
ARGLOG Joe Rogan t  14.9 pos '521.3 -246.2 -104.0' spd 266.8 yaw 187.3 mode 2 st 0 gl 0 hp 90 frg 0
ARGLOG Romero t  14.9 pos '159.4 -421.8 -104.0' spd 187.1 yaw   0.2 mode 2 st 0 gl 0 hp 100 frg 0
ARGLOG Carmack t  14.9 pos '-21.4 -265.9 -296.0' spd 344.1 yaw   1.3 mode 0 st 1 gl 1 hp 25 frg 0
ARGEVT Carmack route 4 start '-79.0 -247.0 -296.0' goal '369.0   9.0 -296.0'
ARGEVT Carmack hazard
ARGUS routecache adopt
ARGEVT Carmack route 4 start '-79.0 -247.0 -296.0' goal '369.0   9.0 -296.0'
ARGUS Carmack wallslide
ARGEVT Romero hazard
ARGLOG Joe Rogan t  15.4 pos '468.9 -129.6 -104.0' spd 218.7 yaw 186.2 mode 2 st 0 gl 0 hp 90 frg 0
ARGLOG Romero t  15.4 pos '153.2 -399.4 -104.0' spd 131.3 yaw  55.3 mode 2 st 0 gl 0 hp 100 frg 0
ARGLOG Carmack t  15.4 pos '-84.4 -209.9 -296.0' spd 102.1 yaw   5.6 mode 0 st 1 gl 1 hp 25 frg 0
ARGUS routecache adopt
ARGEVT Carmack route 4 start '-79.0 -247.0 -296.0' goal '369.0   9.0 -296.0'
ARGUS routecache adopt
ARGEVT Carmack route 4 start '-79.0 -247.0 -296.0' goal '369.0   9.0 -296.0'
ARGEVT Carmack route 4 start '-47.0 -151.0 -296.0' goal '369.0   9.0 -296.0'
ARGLOG Joe Rogan t  15.9 pos '495.0 -243.8 -104.0' spd 318.3 yaw 172.3 mode 2 st 0 gl 0 hp 88 frg 0
ARGLOG Romero t  15.9 pos '139.8 -396.6 -104.0' spd 175.0 yaw 359.2 mode 2 st 0 gl 0 hp 100 frg 0
ARGLOG Carmack t  15.9 pos '-62.6 -150.9 -296.0' spd 320.6 yaw 356.4 mode 2 st 1 gl 1 hp 25 frg 0
ARGEVT Joe Rogan pursue
ARGUS Joe Rogan hunch item_artifact_super_damage
ARGEVT Carmack hazard
ARGLOG Joe Rogan t  16.4 pos '400.6 -306.4 -141.9' spd  87.9 yaw  32.6 mode 2 st 0 gl 0 hp 88 frg 0
ARGLOG Romero t  16.4 pos '157.7 -418.7 -104.0' spd  54.6 yaw  17.9 mode 2 st 0 gl 0 hp 100 frg 0
ARGLOG Carmack t  16.4 pos '-17.5  11.0 -296.0' spd 383.7 yaw   2.9 mode 2 st 1 gl 1 hp 25 frg 0
ARGUS Carmack wallslide
ARGEVT Joe Rogan goal weapon_rocketlauncher
ARGEVT Joe Rogan route 5 start '465.0 -279.0 -104.0' goal '753.0 -887.0 -232.0'
ARGEVT Romero hazard
ARGLOG Joe Rogan t  16.9 pos '424.3 -311.9 -369.7' spd  30.2 yaw 38 mode 2 st 0 gl 0 hp 88 frg 0
ARGLOG Romero t  16.9 pos '132.2 -412.1 -104.0' spd 244.7 yaw  14.7 mode 2 st 0 gl 0 hp 100 frg 0
ARGLOG Carmack t  16.9 pos '-16.0 -38.4 -296.0' spd 323.5 yaw 279 mode 2 st 1 gl 1 hp 25 frg 0
ARGEVT Joe Rogan pursue
ARGEVT Joe Rogan swim
ARGEVT Joe Rogan swim
ARGEVT Joe Rogan swim
ARGEVT Joe Rogan swim
ARGEVT Carmack pursue
ARGLOG Joe Rogan t  17.4 pos '423.2 -304.0 -382.9' spd  54.8 yaw 144.1 mode 2 st 0 gl 0 hp 60 frg 0
ARGLOG Romero t  17.4 pos '152.0 -411.2 -104.0' spd 151.1 yaw  25.3 mode 2 st 0 gl 0 hp 100 frg 0
ARGLOG Carmack t  17.4 pos '-15.6 -208.5 -296.0' spd 387.4 yaw 311.0 mode 0 st 1 gl 1 hp 25 frg 0
ARGEVT Joe Rogan swim
ARGEVT Carmack route 3 start ' 17.0 -247.0 -296.0' goal '369.0   9.0 -296.0'
ARGEVT Carmack hazard
ARGEVT Romero pursue
ARGEVT Joe Rogan swim
ARGUS routecache adopt
ARGEVT Carmack route 3 start ' 17.0 -247.0 -296.0' goal '369.0   9.0 -296.0'
ARGEVT Joe Rogan swim
ARGUS Romero hunch item_artifact_super_damage
ARGUS Carmack hunch item_artifact_super_damage
ARGEVT Carmack pursue
ARGEVT Joe Rogan swim
ARGEVT Romero goal item_armorInv
ARGEVT Carmack goal item_health
ARGEVT Romero route 6 start '273.0 -407.0 -104.0' goal '817.0 -855.0 -232.0'
ARGLOG Joe Rogan t  17.9 pos '388.1 -304.0 -384.1' spd  81.6 yaw 166 mode 2 st 0 gl 0 hp 46 frg 0
ARGEVT Joe Rogan swim
ARGLOG Romero t  17.9 pos '238.3 -409.8 -104.0' spd 331.8 yaw 119.7 mode 2 st 0 gl 0 hp 100 frg 0
ARGLOG Carmack t  17.9 pos ' 82.6 -226.6 -296.0' spd 158.3 yaw 255.1 mode 0 st 1 gl 1 hp 25 frg 0
ARGEVT Joe Rogan swim
ARGEVT Carmack pursue
ARGEVT Carmack route 5 start '145.0 -247.0 -296.0' goal '529.0  73.0 -296.0'
ARGEVT Joe Rogan swim
ARGEVT Romero pursue
ARGEVT Joe Rogan swim
ARGEVT Joe Rogan swim
ARGLOG Joe Rogan t  18.4 pos '346.4 -304.0 -383.4' spd  15.3 yaw 164.1 mode 2 st 0 gl 0 hp 9 frg 0
ARGLOG Romero t  18.4 pos '381.8 -433.9 -104.0' spd 372.0 yaw 84 mode 2 st 0 gl 0 hp 100 frg 0
ARGLOG Carmack t  18.4 pos '211.8 -239.9 -296.0' spd 337.2 yaw 342.7 mode 2 st 1 gl 1 hp 25 frg 0
ARGEVT Joe Rogan swim
ARGEVT Carmack hazard
ARGEVT Joe Rogan swim
ARGEVT Joe Rogan pursue
ARGEVT Carmack pursue
ARGEVT Joe Rogan swim
ARGEVT Carmack pursue
ARGEVT Joe Rogan death world pos '351.8 -304.0 -383.3'
ARGEVT Romero engage Carmack
ARGEVT Carmack engage Romero
ARGEVT Carmack grab weapon_nailgun
ARGEVT Carmack retreat
ARGLOG Romero t  18.9 pos '458.3 -347.3 -104.0' spd 236.4 yaw 114.0 mode 2 st 0 gl 0 hp 100 frg 0
ARGLOG Carmack t  18.9 pos '313.9 -221.9 -296.0' spd 240.1 yaw 326.3 mode 2 st 1 gl 1 hp 25 frg 0
ARGLOG Romero t  19.4 pos '325.6 -439.6 -104.0' spd 327.5 yaw 129.1 mode 2 st 0 gl 0 hp 100 frg 0
ARGLOG Carmack t  19.4 pos '258.6 -256.1 -296.0' spd 320.2 yaw 296.5 mode 2 st 1 gl 1 hp 25 frg 0
ARGEVT Romero route 6 start '273.0 -503.0 -104.0' goal '817.0 -855.0 -232.0'
ARGEVT Romero pursue
ARGEVT Carmack hazard
ARGEVT Romero hazard
ARGLOG Romero t  19.9 pos '232.9 -413.2 -104.0' spd 305.2 yaw 115.0 mode 2 st 0 gl 0 hp 100 frg 0
ARGLOG Carmack t  19.9 pos '123.9 -263.7 -296.0' spd 293.6 yaw 269.0 mode 0 st 1 gl 1 hp 25 frg 0
ARGEVT Carmack route 5 start ' 17.0 -247.0 -296.0' goal '529.0  73.0 -296.0'
ARGEVT Joe Rogan respawn
ARGEVT Joe Rogan goal weapon_rocketlauncher
ARGLOG Joe Rogan t  20.3 pos '272.0 -952.0  24.0' spd 0 yaw   4.8 mode 0 st 0 gl 0 hp 100 frg -1
ARGEVT Joe Rogan route 10 start '305.0 -983.0  24.0' goal '753.0 -887.0 -232.0'
ARGLOG Romero t  20.4 pos '138.1 -419.7 -104.0' spd 200.8 yaw 153.3 mode 2 st 0 gl 0 hp 100 frg 0
ARGLOG Carmack t  20.4 pos '-38.2 -272.0 -296.0' spd 320 yaw 311.7 mode 0 st 1 gl 1 hp 25 frg 0
ARGEVT Romero pursue
ARGEVT Carmack route 6 start '-79.0 -247.0 -296.0' goal '529.0  73.0 -296.0'
ARGEVT Carmack pursue
ARGUS routecache adopt
ARGEVT Carmack route 6 start '-79.0 -247.0 -296.0' goal '529.0  73.0 -296.0'
ARGLOG Joe Rogan t  20.8 pos '365.5 -829.5  24.0' spd 349.8 yaw 108 mode 2 st 0 gl 0 hp 100 frg -1
ARGUS Carmack wallslide
ARGEVT Romero hazard
ARGLOG Romero t  20.9 pos '118.3 -373.3 -104.0' spd  98.2 yaw  41.3 mode 2 st 0 gl 0 hp 100 frg 0
ARGUS routecache adopt
ARGEVT Carmack route 6 start '-79.0 -247.0 -296.0' goal '529.0  73.0 -296.0'
ARGLOG Carmack t  20.9 pos '-80.4 -208.0 -296.0' spd 143.9 yaw  58.7 mode 0 st 1 gl 1 hp 25 frg 0
ARGEVT Carmack hazard
ARGEVT Carmack route 6 start '-47.0 -151.0 -296.0' goal '529.0  73.0 -296.0'
ARGLOG Joe Rogan t  21.3 pos '340.2 -663.7  24.0' spd 320.9 yaw 112 mode 2 st 0 gl 0 hp 100 frg -1
ARGLOG Romero t  21.4 pos '260.5 -393.4 -104.0' spd 321.1 yaw 6 mode 2 st 0 gl 0 hp 100 frg 0
ARGLOG Carmack t  21.4 pos '-18.6 -119.3 -296.0' spd 102.6 yaw 286 mode 2 st 1 gl 1 hp 25 frg 0
ARGEVT Carmack pursue
ARGLOG Joe Rogan t  21.8 pos '344.8 -496.9  24.0' spd 323.5 yaw  66.4 mode 2 st 0 gl 0 hp 100 frg -1
ARGUS routecache adopt
ARGEVT Carmack route 6 start '-47.0 -151.0 -296.0' goal '529.0  73.0 -296.0'
ARGEVT Joe Rogan engage Romero
ARGUS Carmack wallslide
ARGLOG Romero t  22.0 pos '321.0 -451.8 -104.0' spd 331.3 yaw 179.9 mode 2 st 0 gl 0 hp 100 frg 0
ARGLOG Carmack t  22.0 pos '-79.8 -203.2 -296.0' spd  32.9 yaw 329.8 mode 0 st 1 gl 1 hp 25 frg 0
ARGEVT Carmack route 6 start '-79.0 -247.0 -296.0' goal '529.0  73.0 -296.0'
ARGUS routecache adopt
ARGEVT Carmack route 6 start '-79.0 -247.0 -296.0' goal '529.0  73.0 -296.0'
ARGEVT Romero route 6 start '273.0 -503.0 -104.0' goal '817.0 -855.0 -232.0'
ARGEVT Romero pursue
ARGEVT Carmack pursue
ARGLOG Joe Rogan t  22.3 pos '404.2 -356.5 -18.5' spd 266.3 yaw 238.0 mode 2 st 0 gl 0 hp 100 frg -1
ARGEVT Romero hazard
ARGEVT Carmack route 6 start '-79.0 -247.0 -296.0' goal '529.0  73.0 -296.0'
ARGEVT Romero pursue
ARGLOG Romero t  22.5 pos '244.5 -478.2 -104.0' spd 328.1 yaw  92.2 mode 2 st 0 gl 0 hp 100 frg 0
ARGLOG Carmack t  22.5 pos '-19.5 -242.3 -296.0' spd 320.7 yaw 334 mode 0 st 1 gl 1 hp 25 frg 0
ARGUS Romero wallslide
ARGUS routecache adopt
ARGEVT Carmack route 5 start ' 17.0 -247.0 -296.0' goal '529.0  73.0 -296.0'
ARGEVT Carmack hazard
ARGEVT Carmack pursue
ARGLOG Joe Rogan t  22.8 pos '496.8 -316.8 -104.0' spd 310.4 yaw 196.3 mode 2 st 0 gl 0 hp 100 frg -1
ARGEVT Romero weapon sg
ARGLOG Romero t  23.0 pos '133.2 -408.3 -104.0' spd 202.2 yaw 102.9 mode 2 st 0 gl 0 hp 100 frg 0
ARGLOG Carmack t  23.0 pos ' 93.9 -244.8 -296.0' spd 156.7 yaw 293.2 mode 2 st 1 gl 1 hp 25 frg 0
ARGEVT Joe Rogan hazard
ARGEVT Carmack pursue
ARGEVT Romero pursue
ARGLOG Joe Rogan t  23.3 pos '483.9 -286.7 -104.0' spd 321.0 yaw 205.8 mode 2 st 0 gl 0 hp 100 frg -1
ARGEVT Romero hazard
ARGLOG Romero t  23.5 pos '127.3 -386.1 -104.0' spd 334.0 yaw  80.5 mode 2 st 0 gl 0 hp 100 frg 0
ARGLOG Carmack t  23.5 pos ' 14.5 -251.5 -296.0' spd 330.2 yaw 315 mode 2 st 1 gl 1 hp 25 frg 0
ARGEVT Romero pursue
ARGEVT Carmack pursue
ARGEVT Romero pursue
ARGLOG Joe Rogan t  23.8 pos '501.8 -419.1 -104.0' spd 105.1 yaw 172.2 mode 2 st 0 gl 0 hp 100 frg -1
ARGUS Romero hunch item_artifact_super_damage
ARGLOG Romero t  24.0 pos '128.7 -382.7 -104.0' spd 211.9 yaw  14.2 mode 2 st 0 gl 0 hp 100 frg 0
ARGLOG Carmack t  24.0 pos '166.0 -258.1 -296.0' spd  65.3 yaw 311.8 mode 2 st 1 gl 1 hp 25 frg 0
ARGEVT Romero goal item_armorInv
ARGEVT Romero route 7 start '145.0 -407.0 -104.0' goal '817.0 -855.0 -232.0'
ARGEVT Carmack hazard
ARGLOG Joe Rogan t  24.3 pos '472.9 -264.4 -104.0' spd 327.3 yaw 198.3 mode 2 st 0 gl 0 hp 100 frg -1
ARGLOG Romero t  24.5 pos '146.1 -426.8 -104.0' spd 112.7 yaw 110.2 mode 2 st 0 gl 0 hp 76 frg 0
ARGLOG Carmack t  24.5 pos ' 21.9 -227.1 -296.0' spd 326.1 yaw 294.8 mode 2 st 1 gl 1 hp 25 frg 0
ARGEVT Carmack pursue
ARGUS routecache adopt
ARGEVT Romero route 7 start '145.0 -407.0 -104.0' goal '817.0 -855.0 -232.0'
ARGEVT Carmack route 5 start ' 17.0 -247.0 -296.0' goal '529.0  73.0 -296.0'
ARGEVT Romero hazard
ARGEVT Romero pursue
ARGUS Romero wallslide
ARGLOG Joe Rogan t  24.8 pos '497.2 -371.0 -104.0' spd 322.7 yaw 194.1 mode 2 st 0 gl 0 hp 100 frg -1
ARGUS routecache adopt
ARGEVT Carmack route 5 start ' 17.0 -247.0 -296.0' goal '529.0  73.0 -296.0'
ARGEVT Romero route 7 start '145.0 -407.0 -104.0' goal '817.0 -855.0 -232.0'
ARGUS Carmack hunch item_artifact_super_damage
ARGLOG Romero t  25.0 pos '202.9 -432.0 -104.0' spd  30.0 yaw 212.0 mode 2 st 0 gl 0 hp 76 frg 0
ARGLOG Carmack t  25.0 pos ' -2.5 -264.1 -296.0' spd 282.2 yaw 170.3 mode 0 st 1 gl 1 hp 25 frg 0
ARGEVT Carmack goal item_health
ARGEVT Carmack route 15 start ' 17.0 -247.0 -296.0' goal '-207.0 -471.0 -72.0'
ARGEVT Carmack hazard
ARGEVT Romero route 7 start '145.0 -407.0 -104.0' goal '817.0 -855.0 -232.0'
ARGEVT Carmack pursue
ARGLOG Joe Rogan t  25.3 pos '479.1 -347.8 -104.0' spd 320.3 yaw 190.8 mode 2 st 0 gl 0 hp 100 frg -1
ARGLOG Romero t  25.5 pos '133.6 -390.2 -104.0' spd  27.0 yaw  87.9 mode 2 st 0 gl 0 hp 52 frg 0
ARGLOG Carmack t  25.5 pos '-99.7 -219.5 -296.0' spd  57.9 yaw 215.0 mode 0 st 1 gl 1 hp 25 frg 0
ARGEVT Carmack route 16 start '-79.0 -247.0 -296.0' goal '-207.0 -471.0 -72.0'
ARGEVT Joe Rogan hazard
ARGEVT Romero hazard
ARGLOG Joe Rogan t  25.8 pos '468.1 -369.1 -104.0' spd 321.0 yaw 191.9 mode 2 st 0 gl 0 hp 100 frg -1
ARGUS routecache adopt
ARGEVT Carmack route 16 start '-79.0 -247.0 -296.0' goal '-207.0 -471.0 -72.0'
ARGEVT Romero route 6 start '273.0 -407.0 -104.0' goal '817.0 -855.0 -232.0'
ARGEVT Romero pursue
ARGLOG Romero t  26.0 pos '249.9 -422.0 -104.0' spd 173.1 yaw 356.8 mode 2 st 0 gl 0 hp 28 frg 0
ARGLOG Carmack t  26.0 pos '-38.0 -271.6 -296.0' spd  49.0 yaw 217.0 mode 0 st 1 gl 1 hp 25 frg 0
ARGUS Carmack wallslide
ARGEVT Carmack route 16 start '-79.0 -247.0 -296.0' goal '-207.0 -471.0 -72.0'
ARGEVT Carmack pursue
ARGUS routecache adopt
ARGEVT Carmack route 16 start '-79.0 -247.0 -296.0' goal '-207.0 -471.0 -72.0'
ARGEVT Carmack hazard
ARGLOG Joe Rogan t  26.3 pos '456.6 -357.2 -104.0' spd 260.1 yaw 204.8 mode 2 st 0 gl 0 hp 100 frg -1
ARGEVT Romero grab item_health
ARGLOG Romero t  26.5 pos '412.1 -385.6 -104.0' spd 234.2 yaw 102.5 mode 2 st 0 gl 0 hp 4 frg 0
ARGLOG Carmack t  26.5 pos '-81.9 -219.7 -296.0' spd 262.8 yaw 270.8 mode 0 st 1 gl 1 hp 25 frg 0
ARGUS routecache adopt
ARGEVT Carmack route 15 start ' 17.0 -247.0 -296.0' goal '-207.0 -471.0 -72.0'
ARGUS Romero wallslide
ARGLOG Joe Rogan t  26.8 pos '606.1 -316.5 -104.0' spd 354.0 yaw 233.7 mode 2 st 0 gl 0 hp 100 frg -1
ARGUS routecache adopt
ARGEVT Carmack route 15 start ' 17.0 -247.0 -296.0' goal '-207.0 -471.0 -72.0'
ARGEVT Romero death Joe Rogan pos '558.4 -410.8 -104.0'
ARGUS Joe Rogan watch spawn
ARGLOG Carmack t  27.0 pos ' 76.4 -234.3 -296.0' spd 333.1 yaw 265.5 mode 2 st 1 gl 1 hp 25 frg 0
ARGEVT Joe Rogan hazard
ARGEVT Joe Rogan goal weapon_rocketlauncher
ARGEVT Joe Rogan route 5 start '657.0 -311.0 -104.0' goal '753.0 -887.0 -232.0'
ARGUS Joe Rogan wallslide
ARGLOG Joe Rogan t  27.4 pos '638.7 -272.0 -104.0' spd 234.2 yaw 153.8 mode 2 st 0 gl 0 hp 100 frg 0
ARGLOG Carmack t  27.5 pos '199.6 -239.2 -296.0' spd 320.1 yaw 358 mode 2 st 1 gl 1 hp 25 frg 0
ARGEVT Carmack hazard
ARGEVT Carmack engage Joe Rogan
ARGEVT Carmack retreat
ARGEVT Joe Rogan engage Carmack
ARGEVT Joe Rogan grab 
ARGLOG Joe Rogan t  27.9 pos '487.5 -329.1 -104.0' spd 256.0 yaw 203.4 mode 2 st 0 gl 0 hp 100 frg 0
ARGLOG Carmack t  28.0 pos '362.4 -217.3 -296.0' spd 320.3 yaw 325.7 mode 2 st 1 gl 1 hp 25 frg 0
ARGEVT Joe Rogan jump
ARGEVT Joe Rogan pursue
ARGEVT Carmack pursue
ARGLOG Joe Rogan t  28.4 pos '620.7 -379.4 -76.5' spd 259.4 yaw 153.7 mode 2 st 0 gl 0 hp 100 frg 0
ARGEVT Carmack pursue
ARGEVT Romero respawn
ARGEVT Carmack pursue
ARGEVT Romero goal item_armorInv
ARGLOG Romero t  28.5 pos '112.0 -1136.0 -104.0' spd 0 yaw  40.5 mode 0 st 0 gl 0 hp 100 frg 0
ARGLOG Carmack t  28.5 pos '385.8 -227.2 -296.0' spd 333.2 yaw 314 mode 2 st 1 gl 1 hp 25 frg 0
ARGEVT Romero route 10 start '113.0 -1079.0 -104.0' goal '817.0 -855.0 -232.0'
ARGEVT Carmack pursue
ARGEVT Carmack hazard
ARGEVT Carmack pursue
ARGLOG Joe Rogan t  28.9 pos '637.0 -272.0 -97.2' spd  30.2 yaw 173 mode 2 st 0 gl 0 hp 100 frg 0
ARGLOG Romero t  29.0 pos '162.7 -994.1 -104.0' spd 321.2 yaw 62 mode 2 st 0 gl 0 hp 100 frg 0
ARGLOG Carmack t  29.0 pos '386.2 -270.2 -296.0' spd 342.9 yaw 16 mode 2 st 1 gl 1 hp 25 frg 0
ARGLOG Joe Rogan t  29.4 pos '514.8 -266.8 -104.0' spd 320.1 yaw 171 mode 2 st 0 gl 0 hp 100 frg 0
ARGEVT Carmack pursue
ARGUS Joe Rogan hunch item_artifact_super_damage
ARGEVT Joe Rogan goal weapon_lightning
ARGLOG Romero t  29.5 pos '205.2 -835.8 -104.0' spd 331.5 yaw 48 mode 2 st 0 gl 0 hp 100 frg 0
ARGLOG Carmack t  29.5 pos '527.1 -213.8 -296.0' spd 327.8 yaw  10.0 mode 2 st 1 gl 1 hp 25 frg 0
ARGUS Carmack wallslide
ARGEVT Joe Rogan pursue
ARGEVT Romero hazard
ARGEVT Romero engage Joe Rogan
ARGEVT Carmack hazard
ARGEVT Joe Rogan pursue
ARGLOG Joe Rogan t  29.9 pos '458.0 -386.5 -104.0' spd 392.1 yaw 320.9 mode 1 st 0 gl 0 hp 100 frg 0
ARGEVT Joe Rogan hazard
ARGEVT Carmack route 12 start '593.0 -215.0 -296.0' goal '-207.0 -471.0 -72.0'
ARGLOG Romero t  30.0 pos '337.5 -752.3 -104.0' spd 335.4 yaw  59.7 mode 2 st 0 gl 0 hp 100 frg 0
ARGLOG Carmack t  30.0 pos '613.0 -264.1 -296.0' spd 341.6 yaw 263.3 mode 2 st 1 gl 1 hp 25 frg 0
ARGLOG Joe Rogan t  30.4 pos '615.1 -403.0 -120.0' spd 389.5 yaw  72.9 mode 1 st 0 gl 0 hp 100 frg 0
ARGEVT Romero pursue
ARGLOG Romero t  30.5 pos '456.3 -799.6 -104.0' spd  60.8 yaw  62.7 mode 2 st 0 gl 0 hp 100 frg 0
ARGLOG Carmack t  30.5 pos '634.9 -252.9 -296.0' spd 359.0 yaw  65.9 mode 2 st 1 gl 1 hp 25 frg 0
ARGUS Romero hunch item_artifact_super_damage
ARGEVT Romero goal item_armorInv
ARGUS Joe Rogan wallslide
ARGEVT Romero route 8 start '401.0 -791.0 -104.0' goal '817.0 -855.0 -232.0'
ARGEVT Romero pursue
ARGLOG Joe Rogan t  30.9 pos '638.5 -272.0 -104.0' spd 295.5 yaw 142 mode 1 st 0 gl 0 hp 100 frg 0
ARGLOG Romero t  31.0 pos '406.1 -838.1 -104.0' spd 369.6 yaw 181.8 mode 2 st 0 gl 0 hp 100 frg 0
ARGLOG Carmack t  31.0 pos '643.5 -84.8 -296.0' spd 395.5 yaw 155.5 mode 2 st 1 gl 1 hp 25 frg 0
ARGEVT Carmack hazard
ARGUS Carmack wallslide
ARGEVT Joe Rogan engage Romero
ARGEVT Joe Rogan grab item_armor1
ARGEVT Romero grab weapon_supershotgun
ARGEVT Joe Rogan hazard
ARGLOG Joe Rogan t  31.4 pos '480.8 -207.2 -104.0' spd 320.7 yaw 216.2 mode 1 st 0 gl 0 hp 100 frg 0
ARGLOG Romero t  31.5 pos '254.4 -860.9 -104.0' spd 308.3 yaw  76.9 mode 2 st 0 gl 0 hp 100 frg 0
ARGLOG Carmack t  31.5 pos '584.1  56.2 -296.0' spd 325.8 yaw 263 mode 2 st 1 gl 1 hp 50 frg 0
ARGEVT Carmack route 9 start '465.0 -855.0  24.0' goal '-207.0 -471.0 -72.0'
ARGLOG Joe Rogan t  31.9 pos '467.0 -188.7 -104.0' spd 320.4 yaw 254.4 mode 1 st 0 gl 0 hp 100 frg 0
ARGLOG Romero t  32.1 pos '306.0 -992.1 -104.0' spd 193.1 yaw  75.7 mode 2 st 0 gl 0 hp 100 frg 0
ARGLOG Carmack t  32.1 pos '390.6 -864.0  24.0' spd 300 yaw 144.8 mode 2 st 1 gl 1 hp 50 frg 0
ARGEVT Joe Rogan pursue
ARGEVT Romero pursue
ARGUS Carmack bodyblock
ARGLOG Joe Rogan t  32.4 pos '480.1 -353.2 -104.0' spd 328.5 yaw 253 mode 1 st 0 gl 0 hp 100 frg 0
ARGLOG Romero t  32.6 pos '341.7 -850.5 -104.0' spd 320.4 yaw 79 mode 2 st 0 gl 0 hp 100 frg 0
ARGLOG Carmack t  32.6 pos '378.7 -846.2  24.0' spd 359.1 yaw  94.5 mode 2 st 1 gl 1 hp 50 frg 0
ARGEVT Joe Rogan hazard
ARGEVT Joe Rogan pursue
ARGUS Joe Rogan wallslide
ARGLOG Joe Rogan t  32.9 pos '580.7 -432.0 -104.0' spd 374.1 yaw 323.0 mode 1 st 0 gl 0 hp 100 frg 0
ARGEVT Joe Rogan pursue
ARGLOG Romero t  33.1 pos '326.4 -714.3 -104.0' spd 320.0 yaw 75 mode 2 st 0 gl 0 hp 100 frg 0
ARGLOG Carmack t  33.1 pos '342.8 -677.0  24.0' spd 428.7 yaw 211.2 mode 2 st 1 gl 1 hp 50 frg 0
ARGEVT Carmack hazard
ARGLOG Joe Rogan t  33.4 pos '678.0 -449.5 -136.0' spd 307.4 yaw 240.7 mode 1 st 0 gl 0 hp 100 frg 0
ARGUS Romero wallslide
ARGLOG Romero t  33.6 pos '367.8 -568.1 -104.0' spd 324.7 yaw 75 mode 2 st 0 gl 0 hp 100 frg 0
ARGLOG Carmack t  33.6 pos '309.1 -706.7  24.0' spd 321.2 yaw 269 mode 2 st 1 gl 1 hp 50 frg 0
ARGLOG Joe Rogan t  33.9 pos '454.6 -240.0 -296.0' spd 300 yaw 259.6 mode 1 st 0 gl 0 hp 100 frg 0
ARGEVT Carmack route 9 start '305.0 -855.0  24.0' goal '-207.0 -471.0 -72.0'
ARGLOG Romero t  34.1 pos '389.3 -405.9 -104.0' spd 321.1 yaw  65.5 mode 2 st 0 gl 0 hp 100 frg 0
ARGEVT Romero hazard
ARGLOG Carmack t  34.1 pos '302.9 -868.0  24.0' spd 320.0 yaw 270 mode 2 st 1 gl 1 hp 50 frg 0
ARGEVT Romero pursue
ARGEVT Joe Rogan jump
ARGEVT Romero pursue
ARGLOG Joe Rogan t  34.4 pos '511.7 -272.0 -258.7' spd 199.9 yaw 340.5 mode 1 st 0 gl 0 hp 100 frg 0
ARGUS Romero bodyblock
ARGLOG Romero t  34.6 pos '503.6 -290.2 -104.0' spd 249.4 yaw 301.5 mode 2 st 0 gl 0 hp 100 frg 0
ARGLOG Carmack t  34.6 pos '363.5 -1027.1  24.0' spd 446.0 yaw 99 mode 2 st 1 gl 1 hp 50 frg 0
ARGEVT Carmack hazard
ARGUS Joe Rogan wallslide
ARGLOG Joe Rogan t  34.9 pos '610.6 -272.0 -296.0' spd 116.2 yaw 242.3 mode 1 st 0 gl 0 hp 100 frg 0
ARGEVT Joe Rogan hazard
ARGEVT Romero jump
ARGLOG Romero t  35.1 pos '640.1 -375.4 -90.2' spd 321.8 yaw 308 mode 2 st 0 gl 0 hp 100 frg 0
ARGLOG Carmack t  35.1 pos '436.8 -911.2  24.0' spd 327.9 yaw 111 mode 2 st 1 gl 1 hp 50 frg 0
ARGEVT Joe Rogan jump
ARGLOG Joe Rogan t  35.4 pos '523.8 -272.0 -252.4' spd 224.9 yaw 136.9 mode 1 st 0 gl 0 hp 100 frg 0
ARGLOG Romero t  35.6 pos '688.0 -464.0 -83.5' spd 0 yaw 314 mode 2 st 0 gl 0 hp 100 frg 0
ARGLOG Carmack t  35.6 pos '347.3 -771.2  24.0' spd 324.4 yaw 123 mode 2 st 1 gl 1 hp 50 frg 0
ARGEVT Joe Rogan engage Romero
ARGEVT Romero engage Joe Rogan
ARGEVT Romero route 13 start '369.0 -247.0 -296.0' goal '817.0 -855.0 -232.0'
ARGEVT Joe Rogan jump
ARGLOG Joe Rogan t  35.9 pos '511.7 -270.9 -285.3' spd 306.1 yaw 162.2 mode 1 st 0 gl 0 hp 100 frg 0
ARGUS Carmack wallslide
ARGLOG Romero t  36.1 pos '454.0 -240.0 -296.0' spd 141.2 yaw 338.2 mode 2 st 0 gl 0 hp 76 frg 0
ARGLOG Carmack t  36.1 pos '304.5 -616.7  24.0' spd 320.4 yaw  90.2 mode 2 st 1 gl 1 hp 50 frg 0
ARGLOG Joe Rogan t  36.4 pos '656.0 -266.5 -266.5' spd  30.0 yaw 176.4 mode 1 st 0 gl 0 hp 75 frg 0
ARGLOG Romero t  36.6 pos '485.7 -235.4 -296.0' spd 245.5 yaw 350.4 mode 2 st 0 gl 0 hp 72 frg 0
ARGLOG Carmack t  36.6 pos '353.0 -459.1  24.0' spd 324.3 yaw  50.2 mode 2 st 1 gl 1 hp 50 frg 0
ARGLOG Joe Rogan t  37.0 pos '648.1 -184.2 -296.0' spd   8.0 yaw 202.1 mode 1 st 0 gl 0 hp 75 frg 0
ARGEVT Joe Rogan hazard
ARGUS Joe Rogan wallslide
ARGLOG Romero t  37.1 pos '523.6 -248.2 -296.0' spd 227.5 yaw  11.5 mode 2 st 0 gl 0 hp 48 frg 0
ARGLOG Carmack t  37.1 pos '458.8 -312.1 -48.6' spd 348.7 yaw 28 mode 0 st 1 gl 1 hp 50 frg 0
ARGEVT Carmack route 10 start '465.0 -279.0 -104.0' goal '-207.0 -471.0 -72.0'
ARGUS Romero bodyblock
ARGUS Carmack bodyblock
ARGEVT Romero hazard
ARGUS routecache adopt
ARGEVT Carmack route 10 start '465.0 -279.0 -104.0' goal '-207.0 -471.0 -72.0'
ARGLOG Joe Rogan t  37.5 pos '648.4 -204.7 -296.0' spd 233.0 yaw 167.0 mode 1 st 0 gl 0 hp 36 frg 0
ARGLOG Romero t  37.6 pos '513.1 -239.0 -296.0' spd 283.8 yaw  13.5 mode 2 st 0 gl 0 hp 48 frg 0
ARGLOG Carmack t  37.6 pos '593.1 -202.3 -104.0' spd 378.9 yaw 224 mode 2 st 1 gl 1 hp 50 frg 0
ARGLOG Joe Rogan t  38.0 pos '653.3 -250.7 -296.0' spd 123.4 yaw 171.3 mode 1 st 0 gl 0 hp 17 frg 0
ARGLOG Romero t  38.1 pos '511.1 -248.1 -296.0' spd 131.8 yaw   3.1 mode 2 st 0 gl 0 hp 48 frg 0
ARGLOG Carmack t  38.1 pos '535.6 -219.7 -104.0' spd 334.1 yaw 131.5 mode 2 st 1 gl 1 hp 50 frg 0
ARGEVT Carmack hazard
ARGLOG Joe Rogan t  38.5 pos '613.1 -107.3 -296.0' spd 103.1 yaw 231.4 mode 1 st 0 gl 0 hp 17 frg 0
ARGUS Romero wallslide
ARGEVT Romero hazard
ARGLOG Romero t  38.6 pos '610.8 -268.6 -296.0' spd 364.6 yaw  68.3 mode 2 st 0 gl 0 hp 24 frg 0
ARGLOG Carmack t  38.6 pos '476.0 -172.5 -104.0' spd 338.7 yaw 316.3 mode 2 st 1 gl 1 hp 50 frg 0
ARGLOG Joe Rogan t  39.0 pos '627.0 -110.3 -296.0' spd  90.6 yaw 271.6 mode 1 st 0 gl 0 hp 17 frg 0
ARGEVT Romero death Joe Rogan pos '642.3 -238.4 -296.0'
ARGUS Joe Rogan watch spawn
ARGEVT Joe Rogan goal weapon_lightning
ARGLOG Carmack t  39.1 pos '620.8 -268.4 -104.0' spd 322.9 yaw 323.8 mode 2 st 1 gl 1 hp 50 frg 0
ARGEVT Joe Rogan route 7 start '625.0 -119.0 -296.0' goal '529.0 -311.0 -104.0'
ARGEVT Joe Rogan hazard
ARGEVT Carmack hazard
ARGLOG Joe Rogan t  39.5 pos '652.4 -95.3 -296.0' spd 276.8 yaw 251 mode 2 st 0 gl 0 hp 17 frg 1
ARGUS Carmack wallslide
ARGLOG Carmack t  39.6 pos '685.4 -321.9 -104.0' spd 320.7 yaw 106 mode 2 st 1 gl 1 hp 50 frg 0
ARGEVT Joe Rogan route 8 start '593.0 -215.0 -296.0' goal '529.0 -311.0 -104.0'
ARGLOG Joe Rogan t  40.0 pos '601.0 -250.8 -296.0' spd 336.2 yaw 86 mode 2 st 0 gl 0 hp 17 frg 1
ARGLOG Carmack t  40.1 pos '596.8 -272.0 -104.0' spd 327.1 yaw 216 mode 2 st 1 gl 1 hp 50 frg 0
ARGEVT Joe Rogan goal item_health
ARGEVT Joe Rogan route 10 start '465.0 -247.0 -296.0' goal '977.0 -471.0 -104.0'
ARGLOG Joe Rogan t  40.5 pos '556.4 -251.5 -296.0' spd 321.8 yaw 79 mode 2 st 0 gl 0 hp 17 frg 1
ARGEVT Carmack hazard
ARGEVT Romero respawn
ARGEVT Romero goal weapon_rocketlauncher
ARGEVT Romero engage Carmack
ARGLOG Romero t  40.6 pos '-64.0 -232.0 -72.0' spd 0 yaw 359.4 mode 0 st 0 gl 0 hp 100 frg 0
ARGLOG Carmack t  40.7 pos '525.9 -409.6 -104.0' spd 426.0 yaw   1.9 mode 2 st 1 gl 1 hp 50 frg 0
ARGEVT Romero route 13 start '-47.0 -247.0 -72.0' goal ' 81.0  73.0 -296.0'
ARGEVT Joe Rogan hazard
ARGLOG Joe Rogan t  41.0 pos '651.7 -241.9 -296.0' spd 224.9 yaw 248.6 mode 2 st 0 gl 0 hp 17 frg 1
ARGEVT Carmack engage Romero
ARGEVT Carmack weapon sg
ARGEVT Carmack route 10 start '657.0 -311.0 -104.0' goal '-207.0 -471.0 -72.0'
ARGLOG Romero t  41.1 pos ' 76.5 -267.4 -72.0' spd 321.8 yaw 348.5 mode 2 st 0 gl 0 hp 100 frg 0
ARGLOG Carmack t  41.2 pos '677.2 -318.5 -104.0' spd 372.6 yaw 138.3 mode 2 st 1 gl 1 hp 50 frg 0
ARGEVT Joe Rogan engage Romero
ARGUS Carmack wallslide
ARGEVT Carmack weapon lg
ARGLOG Joe Rogan t  41.5 pos '531.2 -246.2 -296.0' spd 252.6 yaw 191.8 mode 2 st 0 gl 0 hp 17 frg 1
ARGLOG Romero t  41.7 pos '200.6 -245.8 -72.0' spd 194.6 yaw 354.5 mode 2 st 0 gl 0 hp 100 frg 0
ARGEVT Romero hazard
ARGLOG Carmack t  41.7 pos '601.1 -246.9 -104.0' spd 335.7 yaw 178.8 mode 2 st 1 gl 1 hp 50 frg 0
ARGEVT Romero retreat
ARGEVT Romero route 13 start '145.0 -247.0 -72.0' goal ' 81.0  73.0 -296.0'
ARGEVT Joe Rogan hazard
ARGLOG Joe Rogan t  42.0 pos '462.8 -238.5 -296.0' spd 169.9 yaw 185.0 mode 2 st 0 gl 0 hp 17 frg 1
ARGEVT Carmack weapon sg
ARGUS Romero wallslide
ARGLOG Romero t  42.2 pos ' 65.5 -271.8 -72.0' spd 321.4 yaw  18.6 mode 2 st 0 gl 0 hp 2 frg 0
ARGLOG Carmack t  42.2 pos '544.9 -93.3 -104.0' spd 322.2 yaw 205.1 mode 2 st 1 gl 1 hp 46 frg 0
ARGEVT Joe Rogan pursue
ARGUS Carmack wallslide
ARGEVT Carmack route 11 start '529.0 -55.0 -104.0' goal '-207.0 -471.0 -72.0'
ARGLOG Joe Rogan t  42.5 pos '368.3 -215.1 -296.0' spd 323.9 yaw 191 mode 2 st 0 gl 0 hp 17 frg 1
ARGUS Joe Rogan hunch item_artifact_super_damage
ARGEVT Carmack hazard
ARGEVT Joe Rogan goal item_health
ARGEVT Joe Rogan pursue
ARGLOG Romero t  42.7 pos '-96.1 -272.5 -72.0' spd 321.5 yaw  23.0 mode 2 st 0 gl 0 hp 2 frg 0
ARGEVT Joe Rogan route 12 start '337.0 -247.0 -296.0' goal '977.0 -471.0 -104.0'
ARGLOG Carmack t  42.7 pos '459.1 -81.8 -104.0' spd 251.9 yaw 205.0 mode 2 st 1 gl 1 hp 46 frg 0
ARGEVT Romero hazard
ARGEVT Joe Rogan pursue
ARGLOG Joe Rogan t  43.0 pos '196.8 -211.0 -296.0' spd 353.3 yaw 215 mode 2 st 0 gl 0 hp 17 frg 1
ARGEVT Joe Rogan hazard
ARGLOG Romero t  43.2 pos '-124.5 -255.4 -72.0' spd 291.8 yaw   5.8 mode 2 st 0 gl 0 hp 2 frg 0
ARGLOG Carmack t  43.2 pos '447.6 -197.3 -104.0' spd 128.1 yaw 185.5 mode 2 st 1 gl 1 hp 46 frg 0
ARGEVT Romero death Carmack pos '-131.7 -282.2 -72.0'
ARGUS Carmack watch spawn
ARGEVT Joe Rogan engage Carmack
ARGEVT Carmack engage Joe Rogan
ARGEVT Carmack weapon lg
ARGEVT Carmack goal item_health
ARGEVT Carmack route 10 start '465.0 -151.0 -104.0' goal '-207.0 -471.0 -72.0'
ARGEVT Joe Rogan route 13 start '145.0 -247.0 -296.0' goal '977.0 -471.0 -104.0'
ARGLOG Joe Rogan t  43.5 pos ' 86.8 -254.1 -296.0' spd  47.2 yaw 359.6 mode 2 st 0 gl 0 hp 17 frg 1
ARGLOG Carmack t  43.7 pos '475.4 -324.6 -104.0' spd 335.9 yaw 167.5 mode 2 st 1 gl 1 hp 46 frg 1
ARGEVT Carmack grab item_health
ARGLOG Joe Rogan t  44.0 pos ' 66.9 -250.1 -296.0' spd 252.5 yaw 333.4 mode 2 st 0 gl 0 hp 17 frg 1
ARGEVT Carmack weapon sg
ARGEVT Carmack hazard
ARGUS Carmack wallslide
ARGEVT Joe Rogan hazard
ARGLOG Carmack t  44.2 pos '476.0 -427.4 -104.0' spd  16.1 yaw 161.5 mode 2 st 1 gl 1 hp 42 frg 1
ARGLOG Joe Rogan t  44.6 pos ' 44.8 -230.3 -296.0' spd 320.1 yaw 341.5 mode 2 st 0 gl 0 hp 17 frg 1
ARGLOG Carmack t  44.7 pos '528.7 -407.8 -104.0' spd  17.2 yaw 159.9 mode 2 st 1 gl 1 hp 38 frg 1
ARGEVT Romero respawn
ARGEVT Romero goal weapon_rocketlauncher
ARGEVT Romero engage Carmack
ARGLOG Romero t  44.8 pos '-64.0 -232.0 -72.0' spd 0 yaw 359.4 mode 0 st 0 gl 0 hp 100 frg 0
ARGEVT Romero grab 
ARGEVT Romero route 13 start '-47.0 -247.0 -72.0' goal ' 81.0  73.0 -296.0'
ARGEVT Joe Rogan pursue
ARGEVT Carmack pursue
ARGEVT Joe Rogan pursue
ARGEVT Carmack weapon lg
ARGLOG Joe Rogan t  45.1 pos '100.9 -219.8 -296.0' spd  90.6 yaw 340.2 mode 2 st 0 gl 0 hp 17 frg 1
ARGLOG Carmack t  45.2 pos '489.5 -431.0 -104.0' spd 153.1 yaw 150.1 mode 2 st 1 gl 1 hp 38 frg 1
ARGEVT Carmack hazard
ARGUS Carmack wallslide
ARGLOG Romero t  45.3 pos '-110.8 -337.5 -72.0' spd 189.0 yaw 263 mode 2 st 0 gl 0 hp 100 frg 0
ARGEVT Romero pursue
ARGUS Romero hunch item_health
ARGEVT Romero pursue
ARGEVT Joe Rogan pursue
ARGEVT Carmack pursue
ARGLOG Joe Rogan t  45.6 pos '195.4 -238.8 -296.0' spd 238.9 yaw 329 mode 2 st 0 gl 0 hp 17 frg 1
ARGEVT Joe Rogan pursue
ARGEVT Romero goal weapon_rocketlauncher
ARGEVT Romero route 11 start '-47.0 -471.0 -72.0' goal ' 81.0  73.0 -296.0'
ARGEVT Joe Rogan hazard
ARGLOG Carmack t  45.7 pos '531.4 -351.0 -104.0' spd 361.4 yaw 164 mode 2 st 1 gl 1 hp 38 frg 1
ARGLOG Romero t  45.8 pos '-40.7 -492.6 -72.0' spd 368.7 yaw 357.7 mode 2 st 0 gl 0 hp 100 frg 0
ARGEVT Romero hazard
ARGUS Romero wallslide
ARGLOG Joe Rogan t  46.1 pos '296.5 -251.5 -296.0' spd 145.2 yaw 350.5 mode 2 st 0 gl 0 hp 17 frg 1
ARGEVT Joe Rogan death Carmack pos '283.7 -239.4 -296.0'
ARGEVT Carmack goal item_health
ARGEVT Romero pursue
ARGLOG Carmack t  46.2 pos '466.3 -259.3 -104.0' spd  73.7 yaw  89.1 mode 0 st 1 gl 1 hp 30 frg 2
ARGEVT Carmack route 10 start '465.0 -279.0 -104.0' goal '-207.0 -471.0 -72.0'
ARGLOG Romero t  46.3 pos '-48.0 -610.4 -72.0' spd   6.6 yaw 241.1 mode 2 st 0 gl 0 hp 100 frg 0
ARGEVT Carmack hazard
ARGLOG Carmack t  46.7 pos '467.5 -143.7 -104.0' spd 139.6 yaw 242 mode 2 st 1 gl 1 hp 30 frg 2
ARGLOG Romero t  46.8 pos '-40.0 -617.9 -72.0' spd 303.9 yaw 200.1 mode 2 st 0 gl 0 hp 100 frg 0
ARGEVT Romero pursue
ARGLOG Carmack t  47.2 pos '472.2 -292.7 -104.0' spd 341.3 yaw 228.4 mode 2 st 1 gl 1 hp 30 frg 2
ARGLOG Romero t  47.3 pos '-119.5 -499.8 -72.0' spd 377.6 yaw  74.1 mode 2 st 0 gl 0 hp 100 frg 0
ARGEVT Romero hazard
ARGEVT Joe Rogan respawn
ARGEVT Joe Rogan goal weapon_rocketlauncher
ARGLOG Joe Rogan t  47.7 pos '776.0 -808.0 -232.0' spd 0 yaw  94.8 mode 1 st 0 gl 0 hp 100 frg 1
ARGLOG Carmack t  47.8 pos '378.3 -432.0 -104.0' spd 338.3 yaw 255.1 mode 2 st 1 gl 1 hp 30 frg 2
ARGLOG Romero t  47.8 pos '-94.0 -361.0 -72.0' spd 120.9 yaw 273.2 mode 2 st 0 gl 0 hp 100 frg 0
ARGEVT Joe Rogan hazard
ARGUS Carmack wallslide
ARGLOG Joe Rogan t  48.2 pos '723.1 -770.6 -232.0' spd  69.4 yaw 144.8 mode 1 st 0 gl 0 hp 100 frg 1
ARGLOG Carmack t  48.3 pos '366.2 -610.2 -104.0' spd 354.6 yaw 131 mode 2 st 1 gl 1 hp 30 frg 2
ARGUS Joe Rogan wallslide
ARGLOG Romero t  48.3 pos '-87.8 -524.5 -72.0' spd 406.2 yaw 339.2 mode 2 st 0 gl 0 hp 100 frg 0
ARGEVT Carmack hazard
ARGEVT Joe Rogan goal backpack
ARGLOG Joe Rogan t  48.7 pos '736.2 -854.7 -232.0' spd 192.7 yaw  77.5 mode 0 st 0 gl 1 hp 100 frg 1
ARGEVT Joe Rogan route 4 start '753.0 -887.0 -232.0' goal '337.0 -247.0 -296.0'
ARGLOG Carmack t  48.8 pos '304.0 -742.1 -104.0' spd   4.6 yaw 97 mode 2 st 1 gl 1 hp 30 frg 2
ARGEVT Romero hazard
ARGLOG Romero t  48.8 pos '-36.6 -448.9 -72.0' spd 322.0 yaw 20 mode 2 st 0 gl 0 hp 100 frg 0
ARGEVT Joe Rogan route 5 start '753.0 -759.0 -232.0' goal '337.0 -247.0 -296.0'
ARGUS Romero wallslide
ARGEVT Joe Rogan hazard
ARGLOG Joe Rogan t  49.2 pos '728.6 -729.3 -216.0' spd 236.3 yaw 114 mode 2 st 0 gl 1 hp 100 frg 1
ARGLOG Carmack t  49.3 pos '304.0 -614.5 -104.0' spd 328.6 yaw 105 mode 2 st 1 gl 1 hp 30 frg 2
ARGLOG Romero t  49.3 pos '-193.3 -489.8 -72.0' spd 449.2 yaw 19 mode 2 st 0 gl 0 hp 100 frg 0
ARGEVT Carmack jump
ARGUS routecache adopt
ARGEVT Joe Rogan route 4 start '753.0 -887.0 -232.0' goal '337.0 -247.0 -296.0'
ARGLOG Joe Rogan t  49.7 pos '750.9 -890.9 -232.0' spd 389.1 yaw 345.4 mode 0 st 0 gl 1 hp 100 frg 1
ARGEVT Romero route 10 start '-143.0 -599.0 -72.0' goal ' 81.0  73.0 -296.0'
ARGEVT Carmack engage Joe Rogan
ARGEVT Carmack weapon sg
ARGEVT Carmack grab weapon_grenadelauncher
ARGEVT Carmack retreat
ARGEVT Joe Rogan engage Carmack
ARGEVT Joe Rogan grab weapon_nailgun
ARGLOG Carmack t  49.8 pos '286.3 -432.7 -61.0' spd 386.6 yaw 156.8 mode 2 st 1 gl 1 hp 30 frg 2
ARGLOG Romero t  49.9 pos '754.5 -176.0  53.0' spd 300 yaw  56.5 mode 0 st 0 gl 0 hp 100 frg 0
ARGEVT Carmack weapon lg
ARGEVT Joe Rogan route 2 start '369.0   9.0 -296.0' goal '337.0 -247.0 -296.0'
ARGEVT Romero route 10 start '785.0 -183.0  24.0' goal ' 81.0  73.0 -296.0'
ARGLOG Joe Rogan t  50.2 pos '368.0 -34.3 -296.0' spd 300 yaw 251.0 mode 2 st 0 gl 1 hp 100 frg 1
ARGUS Joe Rogan leadclip
ARGLOG Carmack t  50.3 pos '240.9 -391.3 -104.0' spd 201.1 yaw  72.0 mode 2 st 1 gl 1 hp 30 frg 2
ARGLOG Romero t  50.4 pos '810.3 -176.0  24.0' spd 300 yaw 166.5 mode 2 st 0 gl 0 hp 100 frg 0
ARGEVT Joe Rogan hazard
ARGLOG Joe Rogan t  50.7 pos '392.6 -33.7 -296.0' spd 445.7 yaw 238.5 mode 2 st 0 gl 1 hp 88 frg 1
ARGEVT Carmack weapon sg
ARGEVT Romero hazard
ARGEVT Carmack weapon rl
ARGUS Carmack leadclip
ARGLOG Carmack t  50.8 pos '136.3 -396.8 -104.0' spd 321.9 yaw  57.2 mode 2 st 1 gl 1 hp 30 frg 2
ARGEVT Carmack hazard
ARGLOG Romero t  50.9 pos '728.9 -198.9  24.0' spd 348.7 yaw 198.5 mode 2 st 0 gl 0 hp 100 frg 0
ARGEVT Romero engage Carmack
ARGUS Romero wallslide
ARGUS Carmack wallslide
ARGLOG Joe Rogan t  51.2 pos '382.4   5.7 -296.0' spd 221.0 yaw 261.6 mode 2 st 0 gl 1 hp 88 frg 1
ARGLOG Carmack t  51.3 pos '218.2 -432.0 -104.0' spd 322.1 yaw  70.0 mode 2 st 1 gl 1 hp 30 frg 2
ARGEVT Carmack jump
ARGLOG Romero t  51.4 pos '565.0 -173.0  24.0' spd 324.8 yaw 205.8 mode 2 st 0 gl 0 hp 100 frg 0
ARGLOG Joe Rogan t  51.7 pos '386.1  64.2 -288.0' spd 250.9 yaw 273.4 mode 2 st 0 gl 1 hp 67 frg 1
ARGLOG Carmack t  51.8 pos '382.7 -432.0 -66.3' spd 321.8 yaw  94.9 mode 2 st 1 gl 1 hp 30 frg 2
ARGLOG Romero t  51.9 pos '481.4 -120.4 -76.5' spd  31.7 yaw 250.9 mode 2 st 0 gl 0 hp 100 frg 0
ARGEVT Carmack weapon lg
ARGEVT Joe Rogan hazard
ARGEVT Carmack hazard
ARGLOG Joe Rogan t  52.2 pos '364.6 -38.2 -296.0' spd 338.1 yaw 284.5 mode 2 st 0 gl 1 hp 67 frg 1
ARGUS Joe Rogan leadclip
ARGLOG Carmack t  52.3 pos '548.6 -424.6 -104.0' spd 346.2 yaw 115.6 mode 2 st 1 gl 1 hp 6 frg 2
ARGLOG Romero t  52.4 pos '602.5 -160.8 -104.0' spd 320.1 yaw 264.6 mode 2 st 0 gl 0 hp 100 frg 0
ARGEVT Joe Rogan pursue
ARGUS Romero wallslide
ARGEVT Carmack pursue
ARGEVT Carmack route 10 start '625.0 -375.0 -104.0' goal '-207.0 -471.0 -72.0'
ARGEVT Carmack death Romero pos '606.2 -360.8 -104.0'
ARGUS Romero watch spawn
ARGLOG Joe Rogan t  52.7 pos '400.7 -160.3 -296.0' spd 320.5 yaw 277.2 mode 1 st 0 gl 1 hp 67 frg 1
ARGEVT Romero goal weapon_rocketlauncher
ARGEVT Romero route 8 start '561.0 -183.0 -104.0' goal ' 81.0  73.0 -296.0'
ARGLOG Romero t  52.9 pos '551.0 -207.3 -104.0' spd 405.4 yaw 130 mode 2 st 0 gl 0 hp 100 frg 1
ARGEVT Romero hazard
ARGEVT Joe Rogan hazard
ARGEVT Romero route 8 start '465.0 -151.0 -104.0' goal ' 81.0  73.0 -296.0'
ARGLOG Joe Rogan t  53.2 pos '375.7 -265.6 -296.0' spd  58.9 yaw 291.9 mode 1 st 0 gl 1 hp 67 frg 1
ARGEVT Romero engage Joe Rogan
ARGEVT Joe Rogan engage Romero
ARGEVT Joe Rogan grab 
ARGLOG Romero t  53.4 pos '482.8 -110.5 -104.0' spd 207.2 yaw 249.4 mode 2 st 0 gl 0 hp 100 frg 1
ARGEVT Joe Rogan goal backpack
ARGEVT Joe Rogan route 2 start '337.0 -247.0 -296.0' goal '529.0 -311.0 -104.0'
ARGLOG Joe Rogan t  53.7 pos '234.9 -269.3 -296.0' spd 350.7 yaw  28.9 mode 2 st 0 gl 2 hp 67 frg 1
ARGEVT Romero grab 
ARGEVT Joe Rogan pursue
ARGEVT Romero pursue
ARGUS Joe Rogan hunch 
ARGEVT Joe Rogan pursue
ARGLOG Romero t  53.9 pos '554.8 -247.2 -104.0' spd 347.6 yaw 188 mode 2 st 0 gl 0 hp 100 frg 1
ARGEVT Joe Rogan pursue
ARGEVT Joe Rogan goal backpack
ARGEVT Joe Rogan route 3 start '145.0 -247.0 -296.0' goal '529.0 -311.0 -104.0'
ARGEVT Joe Rogan goal item_health
ARGEVT Carmack respawn
ARGLOG Joe Rogan t  54.2 pos '171.3 -252.3 -296.0' spd 100.7 yaw 350.3 mode 0 st 0 gl 2 hp 67 frg 1
ARGEVT Carmack goal item_armorInv
ARGEVT Carmack engage Romero
ARGLOG Carmack t  54.2 pos '-64.0 -232.0 -72.0' spd 0 yaw 359.3 mode 0 st 1 gl 1 hp 100 frg 2
ARGEVT Joe Rogan route 7 start '145.0 -247.0 -296.0' goal '-47.0 585.0 -296.0'
ARGUS Joe Rogan leadclip
ARGLOG Romero t  54.4 pos '466.3 -392.1 -104.0' spd 326.7 yaw 157.1 mode 2 st 0 gl 0 hp 100 frg 1
ARGEVT Carmack route 10 start '-47.0 -247.0 -72.0' goal '817.0 -855.0 -232.0'
ARGEVT Joe Rogan hazard
ARGLOG Joe Rogan t  54.7 pos '183.7 -254.3 -296.0' spd 138.1 yaw 322.1 mode 2 st 0 gl 2 hp 67 frg 1
ARGLOG Carmack t  54.7 pos ' 18.3 -248.4 -72.0' spd 234.4 yaw 334.1 mode 2 st 1 gl 1 hp 100 frg 2
ARGEVT Romero grab item_cells
ARGLOG Romero t  54.9 pos '345.1 -491.4 -108.0' spd 364.6 yaw 128.4 mode 2 st 0 gl 0 hp 100 frg 1
ARGEVT Romero pursue
ARGEVT Joe Rogan pursue
ARGEVT Carmack pursue
ARGEVT Joe Rogan pursue
ARGLOG Joe Rogan t  55.2 pos '254.5 -251.4 -296.0' spd 384.8 yaw 316 mode 2 st 0 gl 2 hp 67 frg 1
ARGLOG Carmack t  55.2 pos '155.0 -220.4 -72.0' spd 329.0 yaw 306.1 mode 2 st 1 gl 1 hp 100 frg 2
ARGEVT Romero route 9 start '273.0 -503.0 -104.0' goal ' 81.0  73.0 -296.0'
ARGEVT Joe Rogan pursue
ARGLOG Romero t  55.4 pos '244.5 -420.5 -104.0' spd 149.6 yaw  96.7 mode 2 st 0 gl 0 hp 100 frg 1
ARGEVT Carmack hazard
ARGLOG Joe Rogan t  55.7 pos '381.8 -200.0 -296.0' spd 363.6 yaw 254.2 mode 0 st 0 gl 2 hp 67 frg 1
ARGLOG Carmack t  55.7 pos '125.6 -291.2 -56.0' spd 358.5 yaw 309.4 mode 2 st 1 gl 1 hp 100 frg 2
ARGEVT Joe Rogan hazard
ARGEVT Joe Rogan route 9 start '465.0 -247.0 -296.0' goal '-47.0 585.0 -296.0'
ARGLOG Romero t  55.9 pos '358.2 -474.6 -108.0' spd 348.2 yaw  72.1 mode 2 st 0 gl 0 hp 100 frg 1
ARGUS Carmack wallslide
ARGEVT Joe Rogan pursue
ARGEVT Romero pursue
ARGEVT Romero hazard
ARGUS routecache adopt
ARGEVT Joe Rogan route 9 start '465.0 -247.0 -296.0' goal '-47.0 585.0 -296.0'
ARGEVT Joe Rogan pursue
ARGLOG Joe Rogan t  56.2 pos '464.1 -240.2 -296.0' spd 162.2 yaw 226 mode 2 st 0 gl 2 hp 67 frg 1
ARGLOG Carmack t  56.2 pos '112.1 -455.6  24.0' spd 321.7 yaw 347.4 mode 2 st 1 gl 1 hp 100 frg 2
ARGUS Romero hunch item_artifact_super_damage
ARGLOG Romero t  56.4 pos '409.1 -416.4 -104.0' spd 329.9 yaw 275.6 mode 2 st 0 gl 0 hp 100 frg 1
ARGEVT Romero goal weapon_rocketlauncher
ARGEVT Romero route 8 start '433.0 -375.0 -104.0' goal ' 81.0  73.0 -296.0'
ARGEVT Romero pursue
ARGEVT Joe Rogan route 9 start '465.0 -247.0 -296.0' goal '-47.0 585.0 -296.0'
ARGLOG Joe Rogan t  56.8 pos '401.2 -266.4 -296.0' spd 348.8 yaw 149.8 mode 2 st 0 gl 2 hp 67 frg 1
ARGLOG Carmack t  56.8 pos '120.1 -378.6  -8.0' spd 334.6 yaw 351.7 mode 2 st 1 gl 1 hp 100 frg 2
ARGEVT Joe Rogan hazard
ARGUS routecache adopt
ARGEVT Joe Rogan route 7 start '337.0 -247.0 -296.0' goal '-47.0 585.0 -296.0'
ARGUS Romero wallslide
ARGLOG Romero t  56.9 pos '388.0 -524.7 -104.0' spd 219.6 yaw 197.7 mode 2 st 0 gl 0 hp 100 frg 1
ARGEVT Joe Rogan pursue
ARGLOG Joe Rogan t  57.3 pos '234.2 -219.9 -296.0' spd 329.4 yaw 188 mode 2 st 0 gl 2 hp 67 frg 1
ARGLOG Carmack t  57.3 pos '185.9 -259.7 -72.0' spd 130.1 yaw 294.0 mode 2 st 1 gl 1 hp 100 frg 2
ARGEVT Romero hazard
ARGEVT Joe Rogan pursue
ARGLOG Romero t  57.4 pos '260.6 -463.6 -104.0' spd 323.5 yaw  77.2 mode 2 st 0 gl 0 hp 100 frg 1
ARGEVT Carmack hazard
ARGUS Joe Rogan leadclip
ARGLOG Joe Rogan t  57.8 pos ' 61.2 -229.6 -296.0' spd 328.0 yaw 302.4 mode 2 st 0 gl 2 hp 67 frg 1
ARGLOG Carmack t  57.8 pos '117.8 -379.4  -8.0' spd 147.6 yaw 329.9 mode 2 st 1 gl 1 hp 100 frg 2
ARGLOG Romero t  57.9 pos '186.3 -428.5 -82.6' spd  32.4 yaw 132.8 mode 0 st 0 gl 0 hp 55 frg 1
ARGEVT Carmack pursue
ARGEVT Romero route 10 start '145.0 -407.0 -104.0' goal ' 81.0  73.0 -296.0'
ARGUS Carmack bodyblock
ARGUS routecache adopt
ARGEVT Romero route 10 start '145.0 -407.0 -104.0' goal ' 81.0  73.0 -296.0'
ARGUS Romero bodyblock
ARGEVT Joe Rogan pursue
ARGEVT Romero pursue
ARGEVT Carmack route 7 start '145.0 -471.0  24.0' goal '817.0 -855.0 -232.0'
ARGEVT Joe Rogan hazard
ARGLOG Joe Rogan t  58.3 pos '-80.7 -255.4 -296.0' spd 125.1 yaw 329 mode 2 st 0 gl 2 hp 67 frg 1
ARGLOG Carmack t  58.3 pos '199.8 -478.7  24.0' spd 358.8 yaw  38.9 mode 2 st 1 gl 1 hp 100 frg 2
ARGUS Carmack hunch item_artifact_super_damage
ARGEVT Carmack goal item_armorInv
ARGEVT Romero route 10 start '145.0 -407.0 -104.0' goal ' 81.0  73.0 -296.0'
ARGLOG Romero t  58.4 pos '139.5 -379.6 -104.0' spd 320.0 yaw 142.6 mode 2 st 0 gl 0 hp 55 frg 1
ARGEVT Romero hazard
ARGEVT Romero pursue
ARGEVT Joe Rogan pursue
ARGEVT Carmack route 7 start '305.0 -471.0  24.0' goal '817.0 -855.0 -232.0'
ARGUS Romero wallslide
ARGEVT Romero pursue
ARGLOG Joe Rogan t  58.8 pos ' 59.9 -251.2 -296.0' spd 345.9 yaw 335.6 mode 2 st 0 gl 2 hp 67 frg 1
ARGEVT Carmack pursue
ARGLOG Carmack t  58.8 pos '323.9 -367.2  -5.6' spd 331.1 yaw 312.4 mode 2 st 1 gl 1 hp 100 frg 2
ARGLOG Romero t  59.0 pos '112.0 -368.5 -104.0' spd 263.3 yaw  87.3 mode 2 st 0 gl 0 hp 55 frg 1
ARGEVT Romero pursue
ARGEVT Joe Rogan hazard
ARGLOG Joe Rogan t  59.3 pos '222.6 -220.7 -296.0' spd 288.8 yaw 289.6 mode 2 st 0 gl 2 hp 67 frg 1
ARGLOG Carmack t  59.3 pos '467.2 -408.5 -104.0' spd 247.8 yaw 188.3 mode 2 st 1 gl 1 hp 100 frg 2
ARGEVT Joe Rogan route 7 start '145.0 -247.0 -296.0' goal '-47.0 585.0 -296.0'
ARGLOG Romero t  59.5 pos '253.0 -406.7 -104.0' spd 322.2 yaw  85.4 mode 0 st 0 gl 0 hp 55 frg 1
ARGEVT Romero weapon sg
ARGEVT Romero route 9 start '273.0 -407.0 -104.0' goal ' 81.0  73.0 -296.0'
ARGEVT Romero retreat
ARGEVT Romero hazard
ARGUS Joe Rogan leadclip
ARGLOG Joe Rogan t  59.8 pos '292.3 -221.0 -296.0' spd  59.9 yaw 283.9 mode 2 st 0 gl 2 hp 58 frg 1
ARGLOG Carmack t  59.8 pos '468.3 -362.7 -104.0' spd 309.5 yaw 196.8 mode 2 st 1 gl 1 hp 100 frg 2
ARGLOG Romero t  60.0 pos '353.0 -429.9 -104.0' spd 320.7 yaw  99.4 mode 2 st 0 gl 0 hp 14 frg 1
ARGUS Carmack wallslide
ARGEVT Romero death Carmack pos '400.5 -448.3 -104.0'
ARGUS Carmack watch spawn
ARGEVT Carmack goal weapon_rocketlauncher
ARGUS routecache adopt
ARGEVT Carmack route 8 start '529.0 -407.0 -104.0' goal ' 81.0  73.0 -296.0'
ARGEVT Carmack jump
ARGEVT Joe Rogan hazard
ARGLOG Joe Rogan t  60.3 pos '257.2 -249.3 -296.0' spd 389.5 yaw 203.0 mode 2 st 0 gl 2 hp 58 frg 1
ARGLOG Carmack t  60.3 pos '586.3 -420.2 -84.4' spd 361.1 yaw 72 mode 2 st 1 gl 1 hp 100 frg 3
ARGLOG Joe Rogan t  60.8 pos '112.0 -280.1 -296.0' spd  18.8 yaw 121 mode 2 st 0 gl 2 hp 58 frg 1
ARGLOG Carmack t  60.8 pos '683.6 -284.2 -86.7' spd 382.7 yaw 170 mode 2 st 1 gl 1 hp 100 frg 3
ARGUS Joe Rogan wallslide
ARGEVT Joe Rogan engage Carmack
ARGEVT Carmack engage Joe Rogan
ARGEVT Carmack grab 
ARGLOG Joe Rogan t  61.3 pos ' 32.4 -271.7 -296.0' spd 238.1 yaw 267.8 mode 2 st 0 gl 2 hp 58 frg 1
ARGLOG Carmack t  61.3 pos '562.3 -269.3 -104.0' spd 356.3 yaw 172.2 mode 2 st 1 gl 1 hp 100 frg 3
ARGEVT Romero respawn
ARGEVT Romero goal item_armorInv
ARGLOG Romero t  61.6 pos '272.0 -952.0  24.0' spd 0 yaw   4.8 mode 0 st 0 gl 0 hp 100 frg 1
ARGEVT Romero route 10 start '305.0 -983.0  24.0' goal '817.0 -855.0 -232.0'
ARGUS Joe Rogan leadclip
ARGLOG Joe Rogan t  61.8 pos ' 47.2 -250.3 -296.0' spd 110.8 yaw 341.4 mode 2 st 0 gl 2 hp 58 frg 1
ARGLOG Carmack t  61.8 pos '421.3 -363.6 -104.0' spd 325.2 yaw 170.5 mode 2 st 1 gl 1 hp 100 frg 3
ARGEVT Joe Rogan hazard
ARGLOG Romero t  62.1 pos '377.3 -842.9  24.0' spd 332.3 yaw 85 mode 2 st 0 gl 0 hp 100 frg 1
ARGLOG Joe Rogan t  62.3 pos ' 59.3 -250.3 -296.0' spd 256.2 yaw 323.3 mode 2 st 0 gl 2 hp 58 frg 1
ARGLOG Carmack t  62.3 pos '341.6 -507.5 -104.0' spd 338.4 yaw 143.0 mode 2 st 1 gl 1 hp 100 frg 3
ARGEVT Romero hazard
ARGUS Romero wallslide
ARGEVT Joe Rogan pursue
ARGEVT Carmack pursue
ARGUS Joe Rogan hunch item_artifact_super_damage
ARGEVT Joe Rogan pursue
ARGEVT Joe Rogan pursue
ARGLOG Romero t  62.6 pos '345.9 -717.2  24.0' spd 336.0 yaw 94 mode 2 st 0 gl 0 hp 100 frg 1
ARGEVT Joe Rogan goal item_health
ARGEVT Joe Rogan route 6 start ' 17.0 -247.0 -296.0' goal '-47.0 585.0 -296.0'
ARGEVT Carmack route 9 start '273.0 -503.0 -104.0' goal ' 81.0  73.0 -296.0'
ARGEVT Joe Rogan pursue
ARGLOG Joe Rogan t  62.8 pos ' 20.4 -268.1 -296.0' spd 398.3 yaw 234.9 mode 2 st 0 gl 2 hp 58 frg 1
ARGLOG Carmack t  62.8 pos '252.9 -463.6 -104.0' spd 320.1 yaw 129 mode 2 st 1 gl 1 hp 100 frg 3
ARGUS Joe Rogan wallslide
ARGUS Carmack wallslide
ARGEVT Carmack hazard
ARGEVT Joe Rogan pursue
ARGLOG Romero t  63.1 pos '325.9 -552.5  24.0' spd 338.4 yaw 58 mode 2 st 0 gl 0 hp 100 frg 1
ARGEVT Joe Rogan hazard
ARGEVT Carmack pursue
ARGEVT Carmack pursue
ARGLOG Joe Rogan t  63.3 pos '-109.6 -230.3 -296.0' spd 162.5 yaw 226.2 mode 2 st 0 gl 2 hp 58 frg 1
ARGLOG Carmack t  63.3 pos '150.5 -396.4 -104.0' spd  50.6 yaw  50.6 mode 2 st 1 gl 1 hp 100 frg 3
ARGEVT Romero engage Carmack
ARGLOG Romero t  63.7 pos '372.4 -408.8  18.0' spd  29.3 yaw 161.9 mode 2 st 0 gl 0 hp 100 frg 1
ARGEVT Carmack pursue
ARGLOG Joe Rogan t  63.8 pos ' -6.7 -272.0 -296.0' spd 340.5 yaw 343.8 mode 2 st 0 gl 2 hp 58 frg 1
ARGLOG Carmack t  63.8 pos '132.7 -375.4 -104.0' spd 136.5 yaw  50.0 mode 2 st 1 gl 1 hp 100 frg 3
ARGUS Joe Rogan leadclip
ARGLOG Romero t  64.2 pos '351.8 -423.9 -104.0' spd 192.4 yaw 173.8 mode 2 st 0 gl 0 hp 100 frg 1
ARGLOG Joe Rogan t  64.4 pos ' 54.7 -249.7 -296.0' spd 320.6 yaw 302.8 mode 2 st 0 gl 2 hp 58 frg 1
ARGLOG Carmack t  64.4 pos '153.3 -429.0 -104.0' spd 325.9 yaw 116.2 mode 2 st 1 gl 1 hp 84 frg 3
ARGEVT Carmack hazard
ARGLOG Romero t  64.7 pos '377.3 -452.0 -104.0' spd 261.7 yaw 167.7 mode 2 st 0 gl 0 hp 100 frg 1
ARGEVT Carmack pursue
ARGEVT Joe Rogan pursue
ARGLOG Joe Rogan t  64.9 pos '-37.1 -242.5 -296.0' spd 335.0 yaw 322 mode 2 st 0 gl 2 hp 58 frg 1
ARGLOG Carmack t  64.9 pos '134.8 -388.2 -104.0' spd 322.2 yaw 113 mode 2 st 1 gl 1 hp 60 frg 3
ARGEVT Joe Rogan hazard
ARGUS Romero wallslide
ARGLOG Romero t  65.2 pos '341.1 -551.3 -104.0' spd 320.3 yaw 150.9 mode 2 st 0 gl 0 hp 100 frg 1
ARGUS Carmack wallslide
ARGEVT Joe Rogan pursue
ARGEVT Romero hazard
ARGEVT Romero route 6 start '337.0 -567.0 -104.0' goal '817.0 -855.0 -232.0'
ARGEVT Joe Rogan pursue
ARGEVT Carmack hazard
ARGLOG Joe Rogan t  65.4 pos ' 99.9 -220.0 -296.0' spd 337.3 yaw  26.5 mode 2 st 0 gl 2 hp 58 frg 1
ARGEVT Romero pursue
ARGLOG Carmack t  65.4 pos '125.9 -380.9 -104.0' spd  30.1 yaw 111.7 mode 2 st 1 gl 1 hp 60 frg 3
ARGLOG Romero t  65.7 pos '271.5 -476.6 -104.0' spd 273.8 yaw 150.3 mode 2 st 0 gl 0 hp 100 frg 1
ARGLOG Joe Rogan t  65.9 pos '119.2 -225.0 -296.0' spd 285.6 yaw 315.4 mode 2 st 0 gl 2 hp 57 frg 1
ARGLOG Carmack t  65.9 pos '247.3 -411.5 -104.0' spd 112.3 yaw 118.2 mode 2 st 1 gl 1 hp 60 frg 3
ARGEVT Joe Rogan hazard
ARGUS Joe Rogan leadclip
ARGLOG Romero t  66.2 pos '360.5 -522.6 -104.0' spd 334.2 yaw 136.4 mode 2 st 0 gl 0 hp 100 frg 1
ARGUS Joe Rogan wallslide
ARGLOG Joe Rogan t  66.4 pos ' 15.3 -208.2 -296.0' spd 309.8 yaw 309.5 mode 2 st 0 gl 2 hp 57 frg 1
ARGLOG Carmack t  66.4 pos '129.6 -420.6 -104.0' spd 130.5 yaw 115.8 mode 2 st 1 gl 1 hp 60 frg 3
ARGEVT Joe Rogan pursue
ARGEVT Carmack pursue
ARGLOG Romero t  66.7 pos '430.3 -384.1 -104.0' spd  11.2 yaw 180.2 mode 2 st 0 gl 0 hp 100 frg 1
ARGEVT Carmack hazard
ARGUS Carmack hunch item_artifact_super_damage
ARGLOG Joe Rogan t  66.9 pos '-81.3 -266.2 -296.0' spd 101.6 yaw   9.9 mode 2 st 0 gl 2 hp 57 frg 1
ARGLOG Carmack t  66.9 pos '152.4 -392.5 -104.0' spd 194.4 yaw 327.7 mode 2 st 1 gl 1 hp 56 frg 3
ARGEVT Carmack goal weapon_rocketlauncher
ARGEVT Joe Rogan pursue
ARGEVT Carmack route 10 start '145.0 -407.0 -104.0' goal ' 81.0  73.0 -296.0'
ARGEVT Romero hazard
ARGEVT Carmack pursue
ARGLOG Romero t  67.2 pos '383.7 -516.7 -104.0' spd 354.4 yaw 159.0 mode 2 st 0 gl 0 hp 100 frg 1
ARGLOG Joe Rogan t  67.4 pos ' 68.3 -240.0 -296.0' spd 298.7 yaw 335.1 mode 2 st 0 gl 2 hp 57 frg 1
ARGLOG Carmack t  67.4 pos '302.6 -421.2 -104.0' spd 261.8 yaw  88.3 mode 2 st 1 gl 1 hp 56 frg 3
ARGEVT Joe Rogan hazard
ARGEVT Romero route 6 start '337.0 -567.0 -104.0' goal '817.0 -855.0 -232.0'
ARGLOG Romero t  67.7 pos '361.3 -508.0 -104.0' spd 320.0 yaw 118.8 mode 2 st 0 gl 0 hp 100 frg 1
ARGEVT Carmack hazard
ARGLOG Joe Rogan t  67.9 pos '142.9 -229.1 -296.0' spd 205.1 yaw 294.7 mode 2 st 0 gl 2 hp 57 frg 1
ARGLOG Carmack t  67.9 pos '271.0 -517.5 -104.0' spd 175.7 yaw 110.9 mode 2 st 1 gl 1 hp 52 frg 3
ARGEVT Joe Rogan pursue
ARGEVT Carmack pursue
ARGLOG Romero t  68.2 pos '417.8 -400.4 -104.0' spd 158.9 yaw 211.6 mode 2 st 0 gl 0 hp 100 frg 1
ARGEVT Joe Rogan route 7 start '145.0 -247.0 -296.0' goal '-47.0 585.0 -296.0'
ARGLOG Joe Rogan t  68.4 pos '224.3 -255.8 -296.0' spd 249.6 yaw 261.1 mode 2 st 0 gl 2 hp 57 frg 1
ARGLOG Carmack t  68.4 pos '261.4 -408.4 -104.0' spd 194.5 yaw 109.3 mode 2 st 1 gl 1 hp 52 frg 3
ARGEVT Joe Rogan weapon ssg
ARGEVT Romero hazard
ARGEVT Joe Rogan hazard
ARGLOG Romero t  68.7 pos '397.8 -485.2 -104.0' spd 305.3 yaw 150.9 mode 2 st 0 gl 0 hp 100 frg 1
ARGLOG Joe Rogan t  68.9 pos '101.4 -224.1 -296.0' spd 291.7 yaw 317.3 mode 2 st 0 gl 2 hp 55 frg 1
ARGLOG Carmack t  68.9 pos '306.2 -438.9 -104.0' spd 284.3 yaw 133.5 mode 2 st 1 gl 1 hp 52 frg 3
ARGEVT Carmack hazard
ARGLOG Romero t  69.2 pos '430.9 -490.1 -104.0' spd 321.0 yaw 184.1 mode 2 st 0 gl 0 hp 100 frg 1
ARGEVT Joe Rogan pursue
ARGEVT Carmack pursue
ARGUS Joe Rogan hunch item_artifact_super_damage
ARGLOG Joe Rogan t  69.4 pos ' 79.7 -263.1 -296.0' spd 207.5 yaw  93.6 mode 2 st 0 gl 2 hp 55 frg 1
ARGLOG Carmack t  69.4 pos '266.6 -445.7 -104.0' spd 354.1 yaw 125 mode 2 st 1 gl 1 hp 40 frg 3
ARGEVT Joe Rogan pursue
ARGEVT Carmack retreat
ARGEVT Joe Rogan goal weapon_lightning
ARGEVT Joe Rogan route 11 start ' 17.0 -247.0 -296.0' goal '529.0 -311.0 -104.0'
ARGLOG Romero t  69.7 pos '430.6 -399.0 -104.0' spd 322.9 yaw 172.4 mode 2 st 0 gl 0 hp 100 frg 1
ARGEVT Romero hazard
ARGLOG Joe Rogan t  69.9 pos '-20.4 -250.1 -296.0' spd 179.2 yaw 324.4 mode 0 st 0 gl 2 hp 55 frg 1
ARGLOG Carmack t  69.9 pos '291.6 -414.8 -104.0' spd 320.0 yaw 145.3 mode 2 st 1 gl 1 hp 16 frg 3
ARGUS routecache adopt
ARGEVT Joe Rogan route 11 start ' 17.0 -247.0 -296.0' goal '529.0 -311.0 -104.0'
ARGEVT Carmack death Romero pos '340.6 -427.1 -104.0'
ARGUS Romero watch spawn
ARGEVT Joe Rogan hazard
ARGUS routecache adopt
ARGEVT Joe Rogan route 11 start ' 17.0 -247.0 -296.0' goal '529.0 -311.0 -104.0'
ARGEVT Joe Rogan engage Romero
ARGEVT Romero goal weapon_rocketlauncher
ARGLOG Romero t  70.2 pos '432.0 -438.8 -104.0' spd  16.8 yaw  31.2 mode 0 st 0 gl 0 hp 100 frg 2
ARGEVT Romero route 8 start '433.0 -375.0 -104.0' goal ' 81.0  73.0 -296.0'
ARGEVT Romero engage Joe Rogan
ARGEVT Romero grab weapon_lightning
ARGLOG Joe Rogan t  70.4 pos '-40.3 -237.9 -296.0' spd 322.6 yaw 347.2 mode 0 st 0 gl 2 hp 55 frg 1
ARGEVT Joe Rogan route 12 start '-79.0 -247.0 -296.0' goal '529.0 -311.0 -104.0'
ARGEVT Joe Rogan goal backpack
ARGEVT Romero weapon sg
ARGEVT Joe Rogan route 9 start ' 17.0 -247.0 -296.0' goal '305.0 -407.0 -104.0'
ARGLOG Romero t  70.7 pos '491.5 -329.6 -104.0' spd  96.5 yaw 159.3 mode 2 st 0 gl 0 hp 96 frg 2
ARGUS routecache adopt
ARGEVT Joe Rogan route 9 start ' 17.0 -247.0 -296.0' goal '305.0 -407.0 -104.0'
ARGEVT Romero grab 
ARGLOG Joe Rogan t  70.9 pos ' 31.9 -245.3 -296.0' spd 176.2 yaw 342.0 mode 2 st 0 gl 2 hp 55 frg 1
ARGEVT Romero weapon lg
ARGLOG Romero t  71.2 pos '401.6 -433.6 -104.0' spd 323.2 yaw 153.5 mode 2 st 0 gl 0 hp 96 frg 2
ARGEVT Joe Rogan hazard
ARGEVT Joe Rogan goal item_health
ARGEVT Joe Rogan route 6 start ' 17.0 -247.0 -296.0' goal '-47.0 585.0 -296.0'
ARGLOG Joe Rogan t  71.5 pos ' 80.2 -238.7 -296.0' spd  28.6 yaw 325.5 mode 2 st 0 gl 2 hp 55 frg 1
ARGEVT Romero pursue
ARGEVT Joe Rogan pursue
ARGEVT Carmack respawn
ARGEVT Carmack goal weapon_grenadelauncher
ARGLOG Carmack t  71.6 pos '-64.0 -232.0 -72.0' spd 0 yaw 355.2 mode 0 st 1 gl 1 hp 100 frg 3
ARGEVT Carmack route 6 start '-47.0 -247.0 -72.0' goal '145.0 -407.0 -104.0'
ARGEVT Romero hazard
ARGEVT Romero route 9 start '273.0 -503.0 -104.0' goal ' 81.0  73.0 -296.0'
ARGLOG Romero t  71.7 pos '253.1 -487.0 -104.0' spd 225.7 yaw 125 mode 2 st 0 gl 0 hp 96 frg 2
ARGUS Romero hunch item_artifact_super_damage
ARGEVT Romero goal item_armorInv
ARGEVT Romero route 6 start '273.0 -503.0 -104.0' goal '817.0 -855.0 -232.0'
ARGEVT Romero pursue
ARGLOG Joe Rogan t  72.0 pos '198.8 -268.6 -296.0' spd 333.1 yaw 266.0 mode 2 st 0 gl 2 hp 55 frg 1
ARGUS Carmack wallslide
ARGLOG Carmack t  72.1 pos ' 77.5 -271.9 -72.0' spd 346.2 yaw 335 mode 2 st 1 gl 1 hp 100 frg 3
ARGLOG Romero t  72.2 pos '263.0 -426.2 -104.0' spd 364.8 yaw 134 mode 2 st 0 gl 0 hp 96 frg 2
ARGEVT Carmack hazard
ARGUS Carmack bodyblock
ARGEVT Joe Rogan hazard
ARGLOG Joe Rogan t  72.5 pos '185.5 -227.1 -296.0' spd 363.8 yaw 274.1 mode 2 st 0 gl 2 hp 55 frg 1
ARGLOG Carmack t  72.6 pos '188.1 -273.5 -56.0' spd 208.0 yaw 240.4 mode 2 st 1 gl 1 hp 100 frg 3
ARGLOG Romero t  72.7 pos '134.6 -403.6 -104.0' spd 141.3 yaw  76.0 mode 2 st 0 gl 0 hp 72 frg 2
ARGEVT Carmack jump
ARGEVT Romero hazard
ARGLOG Joe Rogan t  73.0 pos '120.5 -221.3 -296.0' spd  18.8 yaw 282.9 mode 2 st 0 gl 2 hp 55 frg 1
ARGLOG Carmack t  73.1 pos '112.0 -329.8 -14.6' spd 115.7 yaw 306.8 mode 2 st 1 gl 1 hp 100 frg 3
ARGLOG Romero t  73.2 pos '158.3 -432.0 -96.7' spd  30.0 yaw  95.2 mode 2 st 0 gl 0 hp 48 frg 2
ARGEVT Carmack hazard
ARGLOG Joe Rogan t  73.5 pos '103.5 -223.8 -296.0' spd  17.8 yaw 278.7 mode 2 st 0 gl 2 hp 55 frg 1
ARGEVT Joe Rogan pursue
ARGEVT Romero pursue
ARGLOG Carmack t  73.7 pos '173.9 -280.4 -56.0' spd 347.1 yaw 109.7 mode 2 st 1 gl 1 hp 100 frg 3
ARGEVT Joe Rogan hazard
ARGLOG Romero t  73.8 pos '192.0 -413.9 -104.0' spd 367.3 yaw 105.2 mode 2 st 0 gl 0 hp 48 frg 2
ARGEVT Romero retreat
ARGUS Romero wallslide
ARGLOG Joe Rogan t  74.0 pos ' 17.2 -216.9 -296.0' spd 334.5 yaw 312.7 mode 2 st 0 gl 2 hp 55 frg 1
ARGEVT Carmack engage Romero
ARGLOG Carmack t  74.2 pos '151.2 -209.7 -72.0' spd  69.0 yaw 306.4 mode 2 st 1 gl 1 hp 100 frg 3
ARGLOG Romero t  74.3 pos '326.4 -438.0 -104.0' spd 320.3 yaw 147.3 mode 2 st 0 gl 0 hp 28 frg 2
ARGEVT Romero pursue
ARGEVT Joe Rogan pursue
ARGLOG Joe Rogan t  74.5 pos ' 17.9 -224.6 -296.0' spd 224.8 yaw 321.7 mode 2 st 0 gl 2 hp 55 frg 1
ARGLOG Carmack t  74.7 pos '146.0 -238.9 -72.0' spd 320.0 yaw 324.0 mode 2 st 1 gl 1 hp 100 frg 3
ARGLOG Romero t  74.8 pos '440.1 -432.0 -100.6' spd  30.4 yaw 151.8 mode 2 st 0 gl 0 hp 12 frg 2
ARGEVT Joe Rogan hazard
ARGEVT Romero weapon sg
ARGUS Romero wallslide
ARGLOG Joe Rogan t  75.0 pos ' 16.4 -244.4 -296.0' spd 354.7 yaw 335.7 mode 2 st 0 gl 2 hp 55 frg 1
ARGEVT Romero hazard
ARGLOG Carmack t  75.2 pos '143.0 -310.4 -40.0' spd 322.1 yaw 334.8 mode 2 st 1 gl 1 hp 100 frg 3
ARGEVT Romero death Carmack pos '471.5 -432.0 -104.0'
ARGUS Carmack watch spawn
ARGUS Joe Rogan wallslide
ARGEVT Carmack goal weapon_rocketlauncher
ARGEVT Carmack route 11 start '145.0 -343.0 -24.0' goal ' 81.0  73.0 -296.0'
ARGLOG Joe Rogan t  75.5 pos ' 41.9 -217.0 -296.0' spd 344.4 yaw 314 mode 2 st 0 gl 2 hp 55 frg 1
ARGLOG Carmack t  75.7 pos '216.5 -465.6  24.0' spd 372.4 yaw 8 mode 2 st 1 gl 1 hp 100 frg 4
ARGEVT Joe Rogan engage Carmack
ARGEVT Carmack engage Joe Rogan
ARGEVT Joe Rogan hazard
ARGLOG Joe Rogan t  76.0 pos ' 10.6 -208.9 -296.0' spd 321.4 yaw 320.3 mode 2 st 0 gl 2 hp 55 frg 1
ARGLOG Carmack t  76.2 pos '367.9 -417.6  19.4' spd  84.3 yaw 145.1 mode 2 st 1 gl 1 hp 100 frg 4
ARGEVT Carmack grab 
ARGEVT Carmack pursue
ARGEVT Joe Rogan pursue
ARGLOG Joe Rogan t  76.5 pos '-31.6 -231.3 -296.0' spd 328.3 yaw 330 mode 2 st 0 gl 2 hp 55 frg 1
ARGLOG Carmack t  76.7 pos '374.4 -412.4 -104.0' spd 155.4 yaw 155.0 mode 2 st 1 gl 1 hp 100 frg 4
ARGEVT Romero respawn
ARGEVT Romero goal item_armorInv
ARGLOG Romero t  76.7 pos '112.0 -1136.0 -104.0' spd 0 yaw  40.5 mode 0 st 0 gl 0 hp 100 frg 2
ARGEVT Romero route 10 start '113.0 -1079.0 -104.0' goal '817.0 -855.0 -232.0'
ARGEVT Romero engage Carmack
ARGEVT Romero grab weapon_supershotgun
ARGLOG Joe Rogan t  77.0 pos ' 68.1 -227.1 -296.0' spd 123.7 yaw 336.8 mode 2 st 0 gl 2 hp 49 frg 1
ARGEVT Carmack jump
ARGEVT Joe Rogan hazard
ARGLOG Carmack t  77.2 pos '517.4 -394.2 -76.4' spd 242.2 yaw 159.4 mode 2 st 1 gl 1 hp 100 frg 4
ARGLOG Romero t  77.2 pos '232.2 -1044.5 -104.0' spd 330.2 yaw  63.6 mode 2 st 0 gl 0 hp 100 frg 2
ARGEVT Joe Rogan retreat
ARGEVT Romero pursue
ARGLOG Joe Rogan t  77.5 pos '121.1 -214.9 -296.0' spd 148.7 yaw 338.4 mode 2 st 0 gl 2 hp 25 frg 1
ARGLOG Carmack t  77.7 pos '590.4 -407.0 -97.5' spd  74.9 yaw 155.1 mode 2 st 1 gl 1 hp 100 frg 4
ARGLOG Romero t  77.7 pos '350.5 -926.9 -104.0' spd 326.8 yaw 79 mode 2 st 0 gl 0 hp 100 frg 2
ARGUS Joe Rogan wallslide
ARGLOG Joe Rogan t  78.1 pos '-39.9 -206.3 -296.0' spd 335.2 yaw 344.9 mode 2 st 0 gl 2 hp 25 frg 1
ARGEVT Carmack hazard
ARGUS Romero hunch item_artifact_super_damage
ARGLOG Carmack t  78.2 pos '462.3 -347.1 -104.0' spd 297.8 yaw 164.6 mode 2 st 1 gl 1 hp 100 frg 4
ARGLOG Romero t  78.2 pos '391.5 -773.5 -104.0' spd 241.5 yaw 204.3 mode 2 st 0 gl 0 hp 100 frg 2
ARGEVT Joe Rogan hazard
ARGEVT Romero pursue
ARGEVT Romero goal item_armorInv
ARGEVT Romero route 8 start '401.0 -791.0 -104.0' goal '817.0 -855.0 -232.0'
ARGLOG Joe Rogan t  78.6 pos '-71.3 -209.7 -296.0' spd 131.2 yaw 344.8 mode 2 st 0 gl 2 hp 9 frg 1
ARGLOG Carmack t  78.7 pos '386.8 -417.7 -104.0' spd 346.2 yaw 157.1 mode 2 st 1 gl 1 hp 84 frg 4
ARGLOG Romero t  78.7 pos '329.5 -763.6 -104.0' spd 321.9 yaw  84.7 mode 2 st 0 gl 0 hp 100 frg 2
ARGEVT Carmack grab item_health
ARGLOG Joe Rogan t  79.1 pos '-30.8 -125.5 -296.0' spd 307.4 yaw 321.5 mode 2 st 0 gl 2 hp 9 frg 1
ARGEVT Romero hazard
ARGEVT Carmack pursue
ARGLOG Carmack t  79.2 pos '426.7 -455.8 -104.0' spd 210.9 yaw 148 mode 2 st 1 gl 1 hp 84 frg 4
ARGEVT Joe Rogan pursue
ARGLOG Romero t  79.3 pos '432.0 -756.9 -104.0' spd 259.4 yaw  91.3 mode 2 st 0 gl 0 hp 100 frg 2
ARGUS Romero wallslide
ARGEVT Romero pursue
ARGEVT Carmack hazard
ARGLOG Joe Rogan t  79.6 pos '-60.4 -158.1 -296.0' spd 237.1 yaw 326.7 mode 2 st 0 gl 2 hp 1 frg 1
ARGLOG Carmack t  79.7 pos '463.7 -427.8 -104.0' spd 314.0 yaw 149.6 mode 2 st 1 gl 1 hp 84 frg 4
ARGLOG Romero t  79.8 pos '339.7 -752.1 -104.0' spd 304.6 yaw  72.8 mode 2 st 0 gl 0 hp 100 frg 2
ARGUS Carmack wallslide
ARGUS Joe Rogan wallslide
ARGEVT Carmack pursue
ARGLOG Joe Rogan t  80.1 pos '-20.5 -10.1 -296.0' spd 359.4 yaw 134.6 mode 2 st 0 gl 2 hp 1 frg 1
ARGEVT Romero hazard
ARGEVT Joe Rogan pursue
ARGLOG Carmack t  80.2 pos '497.3 -371.4 -104.0' spd 331.0 yaw 159 mode 2 st 1 gl 1 hp 84 frg 4
ARGLOG Romero t  80.3 pos '416.9 -752.6 -104.0' spd 151.5 yaw  82.5 mode 2 st 0 gl 0 hp 100 frg 2
ARGUS Carmack hunch item_artifact_super_damage
ARGUS Romero wallslide
ARGEVT Carmack goal weapon_rocketlauncher
ARGEVT Carmack route 8 start '465.0 -279.0 -104.0' goal ' 81.0  73.0 -296.0'
ARGEVT Romero pursue
ARGEVT Carmack pursue
ARGLOG Joe Rogan t  80.6 pos '-159.9  94.4 -296.0' spd 404.6 yaw 228.0 mode 0 st 0 gl 2 hp 1 frg 1
ARGEVT Joe Rogan route 4 start '-207.0  73.0 -296.0' goal '-47.0 585.0 -296.0'
ARGLOG Carmack t  80.7 pos '520.3 -244.9 -104.0' spd 338.6 yaw  84.0 mode 2 st 1 gl 1 hp 84 frg 4
ARGEVT Joe Rogan hazard
ARGUS Joe Rogan hunch item_artifact_super_damage
ARGLOG Romero t  80.8 pos '354.9 -696.8 -104.0' spd 332.3 yaw 76 mode 2 st 0 gl 0 hp 100 frg 2
ARGEVT Joe Rogan goal item_health
ARGUS routecache adopt
ARGEVT Joe Rogan route 4 start '-207.0  73.0 -296.0' goal '-47.0 585.0 -296.0'
ARGEVT Joe Rogan pursue
ARGLOG Joe Rogan t  81.1 pos '-210.9 110.8 -296.0' spd 342.2 yaw  63.5 mode 2 st 0 gl 2 hp 1 frg 1
ARGEVT Carmack route 8 start '561.0 -87.0 -104.0' goal ' 81.0  73.0 -296.0'
ARGLOG Carmack t  81.2 pos '478.8 -72.3 -104.0' spd 427.1 yaw 195.3 mode 2 st 1 gl 1 hp 82 frg 4
ARGEVT Carmack hazard
ARGLOG Romero t  81.3 pos '335.1 -535.3 -104.0' spd 349.6 yaw  72.1 mode 2 st 0 gl 0 hp 100 frg 2
ARGEVT Carmack pursue
ARGLOG Joe Rogan t  81.6 pos '-86.2 106.4 -296.0' spd 356.5 yaw 317.4 mode 0 st 0 gl 2 hp 1 frg 1
ARGUS Romero wallslide
ARGEVT Joe Rogan route 4 start '-47.0  73.0 -296.0' goal '-47.0 585.0 -296.0'
ARGEVT Carmack pursue
ARGLOG Carmack t  81.7 pos '405.3 -200.8 -107.5' spd 325.0 yaw 185.2 mode 2 st 1 gl 1 hp 82 frg 4
ARGEVT Romero hazard
ARGLOG Romero t  81.8 pos '232.3 -421.8 -104.0' spd 351.1 yaw  54.1 mode 2 st 0 gl 0 hp 100 frg 2
ARGEVT Joe Rogan hazard
ARGEVT Carmack goal weapon_grenadelauncher
ARGEVT Carmack route 3 start '465.0 -151.0 -104.0' goal '145.0 -407.0 -104.0'
ARGEVT Romero grab weapon_grenadelauncher
ARGLOG Joe Rogan t  82.1 pos ' 67.8  64.1 -296.0' spd 331.4 yaw  35.2 mode 2 st 0 gl 2 hp 1 frg 1
ARGLOG Carmack t  82.3 pos '301.5 -214.6 -252.8' spd 196.4 yaw 120.8 mode 2 st 1 gl 1 hp 68 frg 4
ARGLOG Romero t  82.3 pos '207.3 -432.0 -104.0' spd 320.0 yaw  66.8 mode 2 st 0 gl 0 hp 100 frg 2
ARGEVT Carmack hazard
ARGEVT Carmack goal weapon_rocketlauncher
ARGEVT Carmack route 14 start '337.0 -247.0 -296.0' goal '753.0 -887.0 -232.0'
ARGEVT Carmack engage Romero
ARGLOG Joe Rogan t  82.6 pos ' -2.6 123.9 -296.0' spd 329.8 yaw 166.6 mode 2 st 0 gl 2 hp 1 frg 1
ARGLOG Carmack t  82.8 pos '262.1 -247.8 -296.0' spd 107.4 yaw 241.8 mode 2 st 1 gl 1 hp 68 frg 4
ARGLOG Romero t  82.8 pos '156.8 -421.5 -104.0' spd 320.5 yaw  52.5 mode 2 st 0 gl 0 hp 100 frg 2
ARGEVT Joe Rogan route 3 start '-143.0 105.0 -296.0' goal '-47.0 585.0 -296.0'
ARGUS Romero wallslide
ARGEVT Joe Rogan hazard
ARGEVT Carmack grab weapon_nailgun
ARGLOG Joe Rogan t  83.1 pos '-160.1  59.0 -296.0' spd 196.2 yaw 82 mode 2 st 0 gl 2 hp 1 frg 1
ARGLOG Carmack t  83.3 pos '382.7 -192.3 -296.0' spd 272.6 yaw 255.2 mode 2 st 1 gl 1 hp 68 frg 4
ARGLOG Romero t  83.3 pos '316.1 -433.8 -104.0' spd 320.7 yaw  52.5 mode 2 st 0 gl 0 hp 88 frg 2
ARGEVT Carmack hazard
ARGEVT Romero grab item_health
ARGLOG Joe Rogan t  83.6 pos '-48.4  94.4 -296.0' spd 373.9 yaw 336 mode 2 st 0 gl 2 hp 1 frg 1
ARGLOG Carmack t  83.8 pos '343.1 -78.1 -296.0' spd 238.2 yaw 278.4 mode 2 st 1 gl 1 hp 68 frg 4
ARGLOG Romero t  83.8 pos '431.1 -431.9 -104.0' spd  65.8 yaw 112.0 mode 2 st 0 gl 0 hp 84 frg 2
ARGEVT Joe Rogan hazard
ARGUS Romero wallslide
ARGLOG Joe Rogan t  84.1 pos '106.4 101.6 -296.0' spd 365.1 yaw 121 mode 2 st 0 gl 2 hp 1 frg 1
ARGLOG Carmack t  84.3 pos '333.5 -48.0 -296.0' spd  16.1 yaw 300.1 mode 2 st 1 gl 1 hp 68 frg 4
ARGEVT Carmack death Romero pos '333.5 -48.0 -296.0'
ARGUS Romero watch spawn
ARGLOG Romero t  84.3 pos '486.8 -421.7 -104.0' spd 207.6 yaw  44.8 mode 2 st 0 gl 0 hp 84 frg 3
ARGEVT Romero goal item_armorInv
ARGEVT Romero route 5 start '529.0 -407.0 -104.0' goal '817.0 -855.0 -232.0'
ARGLOG Joe Rogan t  84.7 pos '105.0 120.6 -296.0' spd 142.7 yaw 122 mode 2 st 0 gl 2 hp 1 frg 1
ARGLOG Romero t  84.8 pos '522.8 -256.5 -104.0' spd 343.3 yaw 132 mode 2 st 0 gl 0 hp 84 frg 3
ARGEVT Romero hazard
ARGLOG Joe Rogan t  85.2 pos '  0.9  71.7 -296.0' spd 376.3 yaw 260.1 mode 2 st 0 gl 2 hp 1 frg 1
ARGLOG Romero t  85.3 pos '455.3 -105.6 -104.0' spd 252.1 yaw 194.0 mode 2 st 0 gl 0 hp 84 frg 3
ARGEVT Romero route 6 start '465.0 -151.0 -104.0' goal '817.0 -855.0 -232.0'
ARGUS Joe Rogan wallslide
ARGLOG Joe Rogan t  85.7 pos '-78.5 -82.6 -296.0' spd 323.4 yaw 283.2 mode 2 st 0 gl 2 hp 1 frg 1
ARGEVT Carmack respawn
ARGEVT Carmack goal weapon_rocketlauncher
ARGLOG Carmack t  85.8 pos '784.0 -176.0  24.0' spd 0 yaw 184.5 mode 0 st 1 gl 1 hp 100 frg 4
ARGEVT Carmack route 5 start '785.0 -183.0  24.0' goal '753.0 -887.0 -232.0'
ARGLOG Romero t  85.8 pos '316.0 -72.5 -138.8' spd 322.5 yaw 316 mode 2 st 0 gl 0 hp 84 frg 3
ARGEVT Joe Rogan route 5 start '-47.0 -151.0 -296.0' goal '-47.0 585.0 -296.0'
ARGEVT Joe Rogan hazard
ARGEVT Carmack hazard
ARGLOG Joe Rogan t  86.2 pos '-16.0 -169.8 -296.0' spd 272.4 yaw 114 mode 2 st 0 gl 2 hp 1 frg 1
ARGUS Carmack wallslide
ARGLOG Carmack t  86.3 pos '655.3 -207.9  24.0' spd 188.7 yaw 255.8 mode 2 st 1 gl 1 hp 100 frg 4
ARGLOG Romero t  86.4 pos '231.3 -176.0 -362.7' spd  32.2 yaw 334 mode 2 st 0 gl 0 hp 84 frg 3
ARGEVT Romero swim
ARGEVT Romero engage Carmack
ARGEVT Carmack engage Romero
ARGLOG Joe Rogan t  86.7 pos '-47.8  -9.3 -296.0' spd 328.3 yaw 106 mode 2 st 0 gl 2 hp 1 frg 1
ARGEVT Romero swim
ARGEVT Romero retreat
ARGEVT Romero swim
ARGLOG Carmack t  86.8 pos '533.5 -154.7  16.2' spd 352.9 yaw 173.7 mode 0 st 1 gl 1 hp 100 frg 4
ARGEVT Carmack route 6 start '593.0 -151.0  24.0' goal '753.0 -887.0 -232.0'
ARGLOG Romero t  86.9 pos '240.0 -186.3 -383.2' spd  52.8 yaw  57.9 mode 2 st 0 gl 0 hp 34 frg 3
ARGEVT Romero swim
ARGEVT Romero swim
ARGEVT Joe Rogan hazard
ARGEVT Romero swim
ARGLOG Joe Rogan t  87.2 pos '-45.6 172.9 -296.0' spd 316.2 yaw 352.7 mode 0 st 0 gl 2 hp 1 frg 1
ARGEVT Joe Rogan route 2 start '-111.0 201.0 -296.0' goal '-47.0 585.0 -296.0'
ARGEVT Romero swim
ARGLOG Carmack t  87.3 pos '469.3 -66.5 -104.0' spd 229.7 yaw 222.5 mode 2 st 1 gl 1 hp 100 frg 4
ARGEVT Romero swim
ARGLOG Romero t  87.4 pos '240.0 -217.6 -383.5' spd  75.7 yaw  27.0 mode 2 st 0 gl 0 hp 14 frg 3
ARGEVT Romero swim
ARGEVT Romero swim
ARGEVT Romero pursue
ARGEVT Romero death world pos '240.0 -235.4 -383.5'
ARGLOG Joe Rogan t  87.7 pos '-80.2 314.6 -296.0' spd 325.4 yaw 82 mode 2 st 0 gl 2 hp 1 frg 1
ARGLOG Carmack t  87.8 pos '491.9 -233.2 -104.0' spd 391.8 yaw 315 mode 2 st 1 gl 1 hp 100 frg 4
ARGEVT Carmack hazard
ARGLOG Joe Rogan t  88.2 pos '-113.2 485.0 -296.0' spd 350.3 yaw 52 mode 1 st 0 gl 2 hp 1 frg 1
ARGLOG Carmack t  88.3 pos '442.1 -403.8 -104.0' spd 338.3 yaw 278.1 mode 2 st 1 gl 1 hp 100 frg 4
ARGUS Carmack wallslide
ARGEVT Joe Rogan goal backpack
ARGEVT Joe Rogan hazard
ARGEVT Joe Rogan route 8 start '-47.0 585.0 -296.0' goal '337.0 -119.0 -296.0'
ARGLOG Joe Rogan t  88.7 pos '-49.5 620.7 -296.0' spd 334.0 yaw 262 mode 2 st 0 gl 3 hp 101 frg 1
ARGLOG Carmack t  88.9 pos '324.3 -444.6 -104.0' spd 416.6 yaw 115.8 mode 2 st 1 gl 1 hp 100 frg 4
ARGEVT Carmack hazard
ARGEVT Carmack jump
ARGEVT Joe Rogan route 8 start '-79.0 553.0 -296.0' goal '337.0 -119.0 -296.0'
ARGEVT Carmack route 6 start '273.0 -407.0 -104.0' goal '753.0 -887.0 -232.0'
ARGEVT Romero respawn
ARGEVT Romero goal item_armorInv
ARGLOG Romero t  89.1 pos '272.0 -952.0  24.0' spd 0 yaw   4.8 mode 0 st 0 gl 0 hp 100 frg 2
ARGEVT Romero route 10 start '305.0 -983.0  24.0' goal '817.0 -855.0 -232.0'
ARGLOG Joe Rogan t  89.2 pos '-116.0 494.4 -296.0' spd 320.5 yaw 280 mode 2 st 0 gl 3 hp 101 frg 1
ARGLOG Carmack t  89.4 pos '242.9 -318.0 -60.6' spd 331.7 yaw 352 mode 2 st 1 gl 1 hp 100 frg 4
ARGLOG Romero t  89.6 pos '370.7 -833.6  24.0' spd 354.5 yaw 90 mode 2 st 0 gl 0 hp 100 frg 2
ARGLOG Joe Rogan t  89.7 pos '-113.6 332.8 -296.0' spd 320.0 yaw 285 mode 2 st 0 gl 3 hp 101 frg 1
ARGEVT Joe Rogan hazard
ARGLOG Carmack t  89.9 pos '345.1 -187.8 -152.0' spd 350.6 yaw 288.2 mode 2 st 1 gl 1 hp 100 frg 4
ARGUS Romero wallslide
ARGEVT Romero hazard
ARGLOG Romero t  90.1 pos '373.0 -752.0  24.0' spd  22.9 yaw 79 mode 2 st 0 gl 0 hp 100 frg 2
ARGEVT Carmack hazard
ARGLOG Joe Rogan t  90.2 pos '-97.6 161.2 -296.0' spd 378.6 yaw 286 mode 2 st 0 gl 3 hp 101 frg 1
ARGLOG Carmack t  90.4 pos '432.0 -207.8 -296.0' spd 259.5 yaw 320 mode 2 st 1 gl 1 hp 100 frg 4
ARGLOG Romero t  90.6 pos '371.9 -752.0  24.0' spd  28.2 yaw 90 mode 2 st 0 gl 0 hp 100 frg 2
ARGUS Carmack wallslide
ARGLOG Joe Rogan t  90.7 pos '-26.5   6.3 -296.0' spd 320.5 yaw 280 mode 2 st 0 gl 3 hp 101 frg 1
ARGLOG Carmack t  90.9 pos '557.2 -271.4 -296.0' spd 154.8 yaw 304 mode 2 st 1 gl 1 hp 100 frg 4
ARGLOG Romero t  91.1 pos '346.8 -633.3  24.0' spd 324.5 yaw 71 mode 2 st 0 gl 0 hp 100 frg 2
ARGEVT Carmack hazard
ARGLOG Joe Rogan t  91.2 pos '-31.3 -158.6 -296.0' spd 340.1 yaw 347 mode 2 st 0 gl 3 hp 101 frg 1
ARGEVT Joe Rogan engage Carmack
ARGLOG Carmack t  91.4 pos '590.6 -272.0 -296.0' spd  47.0 yaw 289 mode 2 st 1 gl 1 hp 100 frg 4
ARGUS Joe Rogan leadclip
ARGEVT Joe Rogan route 3 start ' 17.0 -247.0 -296.0' goal '337.0 -119.0 -296.0'
ARGEVT Romero engage Joe Rogan
ARGLOG Romero t  91.6 pos '368.5 -471.5  24.0' spd 332.2 yaw  26.5 mode 2 st 0 gl 0 hp 100 frg 2
ARGUS Carmack wallslide
ARGEVT Joe Rogan hazard
ARGLOG Joe Rogan t  91.7 pos ' 71.4 -248.3 -296.0' spd 275.4 yaw 355.7 mode 2 st 0 gl 3 hp 101 frg 1
ARGEVT Carmack engage Joe Rogan
ARGLOG Carmack t  91.9 pos '612.8 -271.4 -296.0' spd  54.5 yaw 265.2 mode 2 st 1 gl 1 hp 100 frg 4
ARGLOG Romero t  92.2 pos '377.0 -379.8 -39.7' spd  97.7 yaw 160.2 mode 2 st 0 gl 0 hp 100 frg 2
ARGLOG Joe Rogan t  92.3 pos ' 84.6 -237.6 -296.0' spd 142.1 yaw   1.9 mode 2 st 0 gl 3 hp 85 frg 1
ARGEVT Romero hazard
ARGEVT Carmack grab item_armor1
ARGLOG Carmack t  92.4 pos '613.3 -121.3 -296.0' spd 357.4 yaw 191.4 mode 2 st 1 gl 1 hp 100 frg 4
ARGEVT Carmack route 11 start '625.0 -119.0 -296.0' goal '753.0 -887.0 -232.0'
ARGEVT Joe Rogan pursue
ARGEVT Carmack pursue
ARGLOG Romero t  92.7 pos '300.1 -450.5 -104.0' spd 329.0 yaw 136.2 mode 2 st 0 gl 0 hp 100 frg 2
ARGUS Carmack hunch item_artifact_super_damage
ARGUS Joe Rogan prefire
ARGEVT Carmack goal weapon_rocketlauncher
ARGLOG Joe Rogan t  92.8 pos '149.2 -230.2 -296.0' spd 320.1 yaw 4 mode 2 st 0 gl 3 hp 85 frg 1
ARGEVT Carmack pursue
ARGEVT Carmack route 11 start '625.0 -23.0 -296.0' goal '753.0 -887.0 -232.0'
ARGEVT Romero route 6 start '273.0 -503.0 -104.0' goal '817.0 -855.0 -232.0'
ARGEVT Carmack hazard
ARGLOG Carmack t  92.9 pos '655.9  -8.0 -296.0' spd 327.4 yaw 326.2 mode 2 st 1 gl 1 hp 100 frg 4
ARGUS Carmack wallslide
ARGEVT Romero pursue
ARGLOG Romero t  93.2 pos '294.4 -422.9 -104.0' spd 344.2 yaw 125.2 mode 2 st 0 gl 0 hp 100 frg 2
ARGLOG Joe Rogan t  93.3 pos '309.1 -218.5 -296.0' spd 320.0 yaw 5 mode 1 st 0 gl 3 hp 85 frg 1
ARGLOG Carmack t  93.4 pos '646.1 -91.9 -296.0' spd 358.8 yaw 220.8 mode 2 st 1 gl 1 hp 100 frg 4
ARGUS Joe Rogan hunch item_artifact_super_damage
ARGEVT Joe Rogan pursue
ARGEVT Joe Rogan hazard
ARGEVT Joe Rogan goal backpack
ARGLOG Romero t  93.7 pos '384.3 -414.1 -104.0' spd 334.3 yaw  86.0 mode 2 st 0 gl 0 hp 100 frg 2
ARGLOG Joe Rogan t  93.8 pos '303.0 -198.2 -296.0' spd 366.5 yaw  99.1 mode 1 st 0 gl 3 hp 85 frg 1
ARGLOG Carmack t  93.9 pos '592.5 -159.3 -296.0' spd 308.8 yaw 82 mode 2 st 1 gl 1 hp 100 frg 4
ARGLOG Romero t  94.2 pos '530.9 -331.2 -104.0' spd 336.9 yaw 146.6 mode 2 st 0 gl 0 hp 100 frg 2
ARGLOG Joe Rogan t  94.3 pos '291.2 -206.9 -296.0' spd 346.6 yaw 2 mode 1 st 0 gl 3 hp 85 frg 1
ARGLOG Carmack t  94.4 pos '610.5   1.5 -296.0' spd 320.0 yaw 82 mode 2 st 1 gl 1 hp 100 frg 4
ARGEVT Romero pursue
ARGEVT Carmack pursue
ARGLOG Romero t  94.7 pos '533.6 -191.4 -104.0' spd 362.9 yaw 182 mode 2 st 0 gl 0 hp 100 frg 2
ARGLOG Joe Rogan t  94.8 pos '457.2 -219.4 -296.0' spd 355.0 yaw  41.6 mode 1 st 0 gl 3 hp 85 frg 1
ARGUS Romero hunch item_artifact_super_damage
ARGEVT Carmack route 9 start '465.0 -855.0  24.0' goal '753.0 -887.0 -232.0'
ARGEVT Joe Rogan hazard
ARGEVT Romero goal item_armorInv
ARGEVT Romero route 6 start '465.0 -151.0 -104.0' goal '817.0 -855.0 -232.0'
ARGLOG Carmack t  94.9 pos '400.2 -864.0  28.1' spd 300 yaw 114 mode 2 st 1 gl 1 hp 100 frg 4
ARGEVT Romero pursue
ARGUS Joe Rogan wallslide
ARGLOG Romero t  95.2 pos '570.6 -156.2 -104.0' spd 399.4 yaw 295.8 mode 2 st 0 gl 0 hp 100 frg 2
ARGLOG Joe Rogan t  95.3 pos '518.1 -209.0 -296.0' spd 328.1 yaw 202.6 mode 1 st 0 gl 3 hp 85 frg 1
ARGUS Romero wallslide
ARGLOG Carmack t  95.4 pos '391.8 -864.0  24.0' spd 300 yaw 78 mode 2 st 1 gl 1 hp 100 frg 4
ARGLOG Romero t  95.7 pos '578.5 -317.6 -104.0' spd 411.0 yaw 175.0 mode 2 st 0 gl 0 hp 100 frg 2
ARGLOG Joe Rogan t  95.8 pos '481.9 -265.0 -296.0' spd 306.2 yaw 142.4 mode 1 st 0 gl 3 hp 85 frg 1
ARGUS Carmack wallslide
ARGLOG Carmack t  95.9 pos '368.0 -717.5  24.0' spd 320.0 yaw 89 mode 2 st 1 gl 1 hp 100 frg 4
ARGEVT Romero hazard
ARGUS Joe Rogan leadclip
ARGLOG Romero t  96.2 pos '446.2 -357.0 -104.0' spd 180.8 yaw 118.7 mode 2 st 0 gl 0 hp 100 frg 2
ARGEVT Joe Rogan hazard
ARGLOG Joe Rogan t  96.3 pos '325.5 -201.6 -296.0' spd 343.8 yaw 284.1 mode 1 st 0 gl 3 hp 73 frg 1
ARGLOG Carmack t  96.4 pos '368.0 -549.0  24.0' spd 326.6 yaw  82.7 mode 2 st 1 gl 1 hp 100 frg 4
ARGEVT Carmack engage Romero
ARGEVT Joe Rogan grab 
ARGLOG Romero t  96.7 pos '529.0 -214.4 -104.0' spd 341.4 yaw 177.0 mode 2 st 0 gl 0 hp 100 frg 2
ARGLOG Joe Rogan t  96.8 pos '239.9 -222.9 -296.0' spd 235.6 yaw 358.6 mode 1 st 0 gl 3 hp 73 frg 1
ARGEVT Joe Rogan pursue
ARGEVT Romero pursue
ARGLOG Carmack t  96.9 pos '306.6 -402.9  16.5' spd 138.6 yaw  45.8 mode 2 st 1 gl 1 hp 100 frg 4
ARGEVT Joe Rogan pursue
ARGEVT Romero hazard
ARGEVT Joe Rogan grab 
ARGLOG Romero t  97.2 pos '474.8 -147.5 -104.0' spd 109.6 yaw 204.6 mode 2 st 0 gl 0 hp 76 frg 2
ARGEVT Joe Rogan hazard
ARGLOG Joe Rogan t  97.3 pos '343.8 -196.0 -296.0' spd 293.1 yaw  28.5 mode 1 st 0 gl 3 hp 49 frg 1
ARGLOG Carmack t  97.4 pos '342.9 -366.4 -140.4' spd  30.2 yaw  56.6 mode 2 st 1 gl 1 hp 100 frg 4
ARGEVT Joe Rogan goal weapon_lightning
ARGEVT Joe Rogan route 10 start '337.0 -119.0 -296.0' goal '529.0 -311.0 -104.0'
ARGLOG Romero t  97.7 pos '505.8 -271.1 -104.0' spd 302.5 yaw 148.6 mode 2 st 0 gl 0 hp 64 frg 2
ARGEVT Joe Rogan pursue
ARGEVT Romero pursue
ARGLOG Joe Rogan t  97.8 pos '368.3 -72.7 -296.0' spd 250.9 yaw 318 mode 2 st 0 gl 4 hp 49 frg 1
ARGEVT Carmack swim
ARGLOG Carmack t  97.9 pos '323.8 -368.0 -384.9' spd  73.6 yaw  15.0 mode 2 st 1 gl 1 hp 80 frg 4
ARGEVT Carmack pursue
ARGUS Joe Rogan leadclip
ARGEVT Romero grab item_health
ARGEVT Carmack swim
ARGEVT Carmack swim
ARGLOG Romero t  98.2 pos '515.1 -334.7 -104.0' spd 345.6 yaw 116.2 mode 2 st 0 gl 0 hp 64 frg 2
ARGEVT Carmack swim
ARGLOG Joe Rogan t  98.3 pos '384.9 -86.7 -296.0' spd 119.6 yaw 299.7 mode 2 st 0 gl 4 hp 49 frg 1
ARGEVT Joe Rogan pursue
ARGEVT Carmack swim
ARGEVT Romero pursue
ARGLOG Carmack t  98.5 pos '332.1 -349.4 -383.1' spd  72.2 yaw 31 mode 2 st 1 gl 1 hp 40 frg 4
ARGEVT Joe Rogan hazard
ARGEVT Joe Rogan pursue
ARGEVT Carmack swim
ARGEVT Carmack swim
ARGEVT Joe Rogan pursue
ARGLOG Romero t  98.7 pos '607.3 -257.8 -104.0' spd 402.6 yaw 144 mode 2 st 0 gl 0 hp 21 frg 2
ARGEVT Carmack swim
ARGEVT Joe Rogan pursue
ARGLOG Joe Rogan t  98.8 pos '404.3 -230.9 -296.0' spd 356.0 yaw 311.5 mode 2 st 0 gl 4 hp 49 frg 1
ARGEVT Joe Rogan pursue
ARGEVT Carmack swim
ARGLOG Carmack t  99.0 pos '363.1 -320.4 -383.4' spd  96.1 yaw 28 mode 2 st 1 gl 1 hp 20 frg 4
ARGEVT Romero route 6 start '561.0 -183.0 -104.0' goal '817.0 -855.0 -232.0'
ARGEVT Carmack swim
ARGUS Joe Rogan wallslide
ARGEVT Carmack swim
ARGEVT Carmack swim
ARGLOG Romero t  99.2 pos '497.4 -127.1 -104.0' spd 326.9 yaw 160 mode 2 st 0 gl 0 hp 21 frg 2
ARGEVT Carmack death world pos '386.5 -304.0 -383.1'
ARGEVT Joe Rogan pursue
ARGEVT Romero hazard
ARGLOG Joe Rogan t  99.3 pos '556.1 -245.6 -296.0' spd 373.9 yaw  69.2 mode 2 st 0 gl 4 hp 49 frg 1
ARGEVT Romero pursue
ARGUS Joe Rogan hunch item_health
ARGEVT Joe Rogan goal item_health
ARGEVT Joe Rogan route 6 start '625.0 -119.0 -296.0' goal '465.0 -471.0  24.0'
ARGLOG Romero t  99.7 pos '466.5 -263.8 -104.0' spd 327.8 yaw 294.0 mode 2 st 0 gl 0 hp 21 frg 2
ARGEVT Joe Rogan pursue
ARGEVT Romero pursue
ARGLOG Joe Rogan t  99.8 pos '604.7 -95.0 -296.0' spd 134.8 yaw 303.8 mode 2 st 0 gl 4 hp 49 frg 1
ARGLOG Romero t 100.2 pos '604.5 -367.8 -104.0' spd 425.8 yaw  56.8 mode 2 st 0 gl 0 hp 21 frg 2
ARGEVT Joe Rogan hazard
ARGLOG Joe Rogan t 100.3 pos '629.2 -249.4 -296.0' spd 393.8 yaw 205 mode 0 st 0 gl 4 hp 49 frg 1
ARGEVT Joe Rogan route 7 start '593.0 -215.0 -296.0' goal '465.0 -471.0  24.0'
ARGEVT Romero hazard
ARGEVT Romero jump
ARGUS Joe Rogan wallslide
ARGLOG Romero t 100.7 pos '631.4 -272.0 -66.5' spd 177.3 yaw 197.1 mode 2 st 0 gl 0 hp 21 frg 2
ARGEVT Carmack respawn
ARGEVT Carmack goal weapon_lightning
ARGLOG Carmack t 100.8 pos '112.0 -1136.0 -104.0' spd 0 yaw  49.5 mode 0 st 1 gl 1 hp 100 frg 3
ARGEVT Carmack route 6 start '113.0 -1079.0 -104.0' goal '529.0 -311.0 -104.0'
ARGLOG Joe Rogan t 100.8 pos '460.9 -257.1 -296.0' spd 386.8 yaw 102.2 mode 2 st 0 gl 4 hp 49 frg 1
ARGEVT Carmack goal weapon_rocketlauncher
ARGEVT Carmack route 10 start '177.0 -983.0 -104.0' goal '753.0 -887.0 -232.0'
ARGLOG Romero t 101.2 pos '550.8 -301.6 -104.0' spd 222.6 yaw 312 mode 2 st 0 gl 0 hp 21 frg 2
ARGLOG Carmack t 101.3 pos '164.3 -993.0 -104.0' spd 320.2 yaw 62 mode 2 st 1 gl 1 hp 100 frg 3
ARGLOG Joe Rogan t 101.3 pos '428.1 -228.1 -296.0' spd 322.5 yaw 323 mode 2 st 0 gl 4 hp 49 frg 1
ARGEVT Joe Rogan hazard
ARGLOG Romero t 101.7 pos '646.0 -429.8 -120.0' spd 322.9 yaw 316 mode 2 st 0 gl 0 hp 21 frg 2
ARGLOG Carmack t 101.8 pos '222.4 -840.4 -104.0' spd 325.1 yaw 67 mode 2 st 1 gl 1 hp 100 frg 3
ARGLOG Joe Rogan t 101.8 pos '578.4 -232.1 -296.0' spd 379.5 yaw  74.3 mode 2 st 0 gl 4 hp 49 frg 1
ARGEVT Romero hazard
ARGEVT Carmack hazard
ARGUS Romero wallslide
ARGLOG Romero t 102.3 pos '678.8 -460.8 -136.0' spd 256.5 yaw 315 mode 2 st 0 gl 0 hp 21 frg 2
ARGLOG Carmack t 102.3 pos '335.4 -727.4 -104.0' spd 383.4 yaw 74 mode 2 st 1 gl 1 hp 100 frg 3
ARGLOG Joe Rogan t 102.3 pos '622.4 -110.9 -296.0' spd 201.1 yaw 236.5 mode 2 st 0 gl 4 hp 49 frg 1
ARGEVT Romero route 12 start '465.0 -247.0 -296.0' goal '817.0 -855.0 -232.0'
ARGEVT Romero engage Joe Rogan
ARGEVT Romero retreat
ARGEVT Joe Rogan engage Romero
ARGEVT Joe Rogan weapon ssg
ARGLOG Romero t 102.8 pos '453.7 -240.0 -296.0' spd 300 yaw  23.5 mode 2 st 0 gl 0 hp 21 frg 2
ARGLOG Carmack t 102.8 pos '359.2 -557.0 -104.0' spd 335.9 yaw 34 mode 2 st 1 gl 1 hp 100 frg 3
ARGEVT Joe Rogan route 7 start '593.0 -215.0 -296.0' goal '465.0 -471.0  24.0'
ARGLOG Joe Rogan t 102.8 pos '586.4 -251.1 -296.0' spd 198.6 yaw 193.4 mode 2 st 0 gl 4 hp 49 frg 1
ARGEVT Romero death Joe Rogan pos '462.8 -244.4 -296.0'
ARGUS Joe Rogan watch spawn
ARGEVT Joe Rogan weapon rl
ARGEVT Joe Rogan goal backpack
ARGEVT Joe Rogan hazard
ARGLOG Carmack t 103.3 pos '411.9 -398.7 -104.0' spd 329.1 yaw 40 mode 2 st 1 gl 1 hp 100 frg 3
ARGLOG Joe Rogan t 103.3 pos '595.3 -151.2 -296.0' spd 310.2 yaw 198.0 mode 1 st 0 gl 4 hp 49 frg 2
ARGUS Joe Rogan wallslide
ARGLOG Carmack t 103.8 pos '530.0 -285.9 -104.0' spd 320.9 yaw 316 mode 2 st 1 gl 1 hp 100 frg 3
ARGLOG Joe Rogan t 103.9 pos '589.5 -233.2 -296.0' spd 366.3 yaw 230 mode 1 st 0 gl 4 hp 49 frg 2
ARGUS Carmack wallslide
ARGLOG Carmack t 104.3 pos '622.2 -325.6 -104.0' spd 325.8 yaw 266.0 mode 2 st 1 gl 1 hp 100 frg 3
ARGLOG Joe Rogan t 104.4 pos '580.8 -253.1 -296.0' spd 320.1 yaw 177 mode 1 st 0 gl 4 hp 49 frg 2
ARGEVT Carmack jump
ARGEVT Romero respawn
ARGEVT Romero goal item_armorInv
ARGLOG Romero t 104.6 pos '-64.0 512.0 -296.0' spd 0 yaw 274.8 mode 0 st 0 gl 0 hp 100 frg 2
ARGEVT Romero route 20 start '-79.0 553.0 -296.0' goal '817.0 -855.0 -232.0'
ARGEVT Joe Rogan goal item_health
ARGEVT Joe Rogan route 7 start '465.0 -247.0 -296.0' goal '465.0 -471.0  24.0'
ARGEVT Joe Rogan hazard
ARGLOG Carmack t 104.8 pos '592.0 -462.2 -63.6' spd  32.5 yaw 111.0 mode 2 st 1 gl 1 hp 100 frg 3
ARGLOG Joe Rogan t 104.9 pos '410.4 -236.4 -296.0' spd 441.4 yaw 57 mode 2 st 0 gl 5 hp 49 frg 2
ARGEVT Romero hazard
ARGLOG Romero t 105.1 pos '-39.1 362.7 -296.0' spd 356.5 yaw 269 mode 2 st 0 gl 0 hp 100 frg 2
ARGUS Carmack wallslide
ARGLOG Carmack t 105.3 pos '589.9 -416.1 -104.0' spd 333.5 yaw 116.0 mode 2 st 1 gl 1 hp 100 frg 3
ARGLOG Joe Rogan t 105.4 pos '389.7 -145.5 -296.0' spd 357.6 yaw 46 mode 2 st 0 gl 5 hp 49 frg 2
ARGLOG Romero t 105.6 pos '-59.5 199.5 -296.0' spd 321.6 yaw 273 mode 2 st 0 gl 0 hp 100 frg 2
ARGEVT Joe Rogan hazard
ARGLOG Carmack t 105.8 pos '533.4 -256.2 -104.0' spd 370.0 yaw 309 mode 2 st 1 gl 1 hp 100 frg 3
ARGLOG Joe Rogan t 105.9 pos '398.4 -53.1 -296.0' spd 125.9 yaw 34 mode 2 st 0 gl 5 hp 49 frg 2
ARGEVT Carmack route 6 start '561.0 -183.0 -104.0' goal '753.0 -887.0 -232.0'
ARGLOG Romero t 106.1 pos '-52.0  38.9 -296.0' spd 320.0 yaw 284 mode 2 st 0 gl 0 hp 100 frg 2
ARGUS Carmack wallslide
ARGLOG Carmack t 106.3 pos '624.0 -172.3 -104.0' spd 312.5 yaw 264.9 mode 2 st 1 gl 1 hp 100 frg 3
ARGLOG Joe Rogan t 106.4 pos '397.8 -22.8 -296.0' spd  39.8 yaw 29 mode 2 st 0 gl 5 hp 49 frg 2
ARGLOG Romero t 106.6 pos '-35.0 -124.9 -296.0' spd 323.8 yaw 342 mode 2 st 0 gl 0 hp 100 frg 2
ARGEVT Joe Rogan hazard
ARGUS Romero wallslide
ARGEVT Romero engage Carmack
ARGLOG Carmack t 106.8 pos '526.9 -315.8 -104.0' spd 346.2 yaw 321 mode 2 st 1 gl 1 hp 100 frg 3
ARGEVT Romero route 15 start ' 17.0 -247.0 -296.0' goal '817.0 -855.0 -232.0'
ARGLOG Joe Rogan t 106.9 pos '393.6  -4.5 -296.0' spd  35.0 yaw 25 mode 2 st 0 gl 5 hp 49 frg 2
ARGEVT Carmack engage Romero
ARGEVT Joe Rogan engage Romero
ARGUS routecache adopt
ARGEVT Romero route 15 start ' 17.0 -247.0 -296.0' goal '817.0 -855.0 -232.0'
ARGLOG Romero t 107.1 pos ' 35.2 -249.1 -296.0' spd 277.8 yaw 340.8 mode 2 st 0 gl 0 hp 100 frg 2
ARGEVT Romero hazard
ARGUS Carmack wallslide
ARGLOG Carmack t 107.3 pos '431.0 -432.5 -104.0' spd 272.8 yaw 144.0 mode 2 st 1 gl 1 hp 100 frg 3
ARGLOG Joe Rogan t 107.4 pos '348.7  23.0 -288.0' spd 151.0 yaw 219.7 mode 2 st 0 gl 5 hp 49 frg 2
ARGLOG Romero t 107.6 pos ' 46.7 -244.3 -296.0' spd 272.4 yaw 331.6 mode 2 st 0 gl 0 hp 100 frg 2
ARGEVT Carmack pursue
ARGEVT Romero pursue
ARGLOG Carmack t 107.8 pos '294.3 -513.9 -104.0' spd 362.4 yaw 130 mode 0 st 1 gl 1 hp 96 frg 3
ARGLOG Joe Rogan t 107.9 pos '365.1  47.3 -288.0' spd 337.9 yaw 223.5 mode 2 st 0 gl 5 hp 49 frg 2
ARGEVT Carmack hazard
ARGEVT Carmack route 6 start '273.0 -503.0 -104.0' goal '753.0 -887.0 -232.0'
ARGUS Romero hunch item_artifact_super_damage
ARGLOG Romero t 108.1 pos '192.7 -238.9 -296.0' spd 347.5 yaw  10.0 mode 2 st 0 gl 0 hp 100 frg 2
ARGEVT Romero pursue
ARGEVT Romero grab 
ARGEVT Romero hazard
ARGEVT Romero goal weapon_rocketlauncher
ARGEVT Romero route 5 start '145.0 -247.0 -296.0' goal ' 81.0  73.0 -296.0'
ARGLOG Carmack t 108.4 pos '186.3 -401.8 -104.0' spd 323.6 yaw  88.6 mode 2 st 1 gl 1 hp 96 frg 3
ARGLOG Joe Rogan t 108.4 pos '356.8  31.0 -288.0' spd 145.1 yaw 248.7 mode 2 st 0 gl 5 hp 49 frg 2
ARGEVT Romero retreat
ARGEVT Romero death Joe Rogan pos '272.0 -253.4 -296.0'
ARGEVT Joe Rogan engage Carmack
ARGEVT Joe Rogan weapon rl
ARGEVT Carmack engage Joe Rogan
ARGEVT Joe Rogan goal item_health
ARGUS Joe Rogan leadclip
ARGEVT Joe Rogan route 4 start '369.0   9.0 -296.0' goal '529.0  73.0 -296.0'
ARGEVT Joe Rogan hazard
ARGEVT Joe Rogan weapon lg
ARGLOG Carmack t 108.9 pos '206.4 -404.3 -104.0' spd 324.3 yaw  67.3 mode 2 st 1 gl 1 hp 96 frg 3
ARGLOG Joe Rogan t 108.9 pos '349.0  -3.1 -296.0' spd  58.2 yaw 259.4 mode 2 st 0 gl 5 hp 49 frg 3
ARGEVT Carmack grab item_health
ARGLOG Carmack t 109.4 pos '363.6 -461.8 -104.0' spd 343.0 yaw  84.3 mode 2 st 1 gl 1 hp 66 frg 3
ARGLOG Joe Rogan t 109.4 pos '370.4 -42.5 -296.0' spd 242.1 yaw 270.5 mode 2 st 0 gl 5 hp 49 frg 3
ARGEVT Carmack hazard
ARGLOG Carmack t 109.9 pos '416.0 -503.7 -104.0' spd 126.8 yaw  98.4 mode 2 st 1 gl 1 hp 66 frg 3
ARGEVT Carmack pursue
ARGLOG Joe Rogan t 109.9 pos '374.8 -123.2 -296.0' spd 158.6 yaw 215.6 mode 2 st 0 gl 5 hp 49 frg 3
ARGEVT Joe Rogan pursue
ARGUS Joe Rogan hunch item_artifact_super_damage
ARGEVT Joe Rogan hazard
ARGEVT Romero respawn
ARGEVT Romero goal weapon_rocketlauncher
ARGLOG Romero t 110.0 pos '-64.0 -232.0 -72.0' spd 0 yaw 355.5 mode 0 st 0 gl 0 hp 100 frg 2
ARGEVT Romero route 13 start '-47.0 -247.0 -72.0' goal ' 81.0  73.0 -296.0'
ARGEVT Joe Rogan goal item_armorInv
ARGEVT Joe Rogan route 14 start '337.0 -119.0 -296.0' goal '817.0 -855.0 -232.0'
ARGLOG Carmack t 110.4 pos '441.9 -420.5 -104.0' spd 204.0 yaw  96.8 mode 2 st 1 gl 1 hp 66 frg 3
ARGUS Romero wallslide
ARGLOG Joe Rogan t 110.5 pos '375.9 -116.9 -296.0' spd  88.8 yaw 281.0 mode 2 st 0 gl 5 hp 49 frg 3
ARGEVT Romero engage Carmack
ARGLOG Romero t 110.6 pos ' 76.5 -261.8 -72.0' spd 379.3 yaw   1.5 mode 2 st 0 gl 0 hp 100 frg 2
ARGEVT Carmack pursue
ARGEVT Joe Rogan pursue
ARGLOG Carmack t 110.9 pos '497.1 -391.4 -104.0' spd 320.1 yaw 115 mode 2 st 1 gl 1 hp 66 frg 3
ARGLOG Joe Rogan t 111.0 pos '394.8 -192.1 -296.0' spd 321.2 yaw 280 mode 2 st 0 gl 5 hp 49 frg 3
ARGLOG Romero t 111.1 pos '143.9 -293.6 -56.0' spd 320.2 yaw 341.3 mode 2 st 0 gl 0 hp 100 frg 2
ARGEVT Joe Rogan hazard
ARGEVT Joe Rogan grab 
ARGEVT Carmack hazard
ARGEVT Carmack grab item_armor1
ARGLOG Carmack t 111.4 pos '469.7 -247.1 -100.6' spd 304.5 yaw 171.1 mode 2 st 1 gl 1 hp 66 frg 3
ARGLOG Joe Rogan t 111.5 pos '294.8 -254.2 -296.0' spd 351.1 yaw   0.1 mode 2 st 0 gl 5 hp 49 frg 3
ARGLOG Romero t 111.6 pos '179.5 -454.8  24.0' spd 337.9 yaw  30.4 mode 2 st 0 gl 0 hp 100 frg 2
ARGEVT Joe Rogan grab 
ARGEVT Romero hazard
ARGLOG Carmack t 111.9 pos '496.6 -85.2 -104.0' spd 352.6 yaw 202.4 mode 2 st 1 gl 1 hp 66 frg 3
ARGEVT Romero route 10 start '273.0 -503.0  24.0' goal ' 81.0  73.0 -296.0'
ARGLOG Joe Rogan t 112.0 pos '204.7 -240.5 -296.0' spd  42.6 yaw  22.2 mode 2 st 0 gl 5 hp 45 frg 3
ARGEVT Carmack route 6 start '529.0 -55.0 -104.0' goal '753.0 -887.0 -232.0'
ARGLOG Romero t 112.1 pos '317.5 -519.0  24.0' spd 321.5 yaw  64.7 mode 2 st 0 gl 0 hp 100 frg 2
ARGEVT Joe Rogan hazard
ARGLOG Carmack t 112.4 pos '525.7 -135.4 -104.0' spd 324.2 yaw 203.5 mode 2 st 1 gl 1 hp 66 frg 3
ARGLOG Joe Rogan t 112.5 pos '251.1 -223.4 -296.0' spd  56.5 yaw  24.7 mode 2 st 0 gl 5 hp 45 frg 3
ARGLOG Romero t 112.6 pos '479.1 -516.2  24.0' spd 330.0 yaw  75.6 mode 2 st 0 gl 0 hp 100 frg 2
ARGEVT Joe Rogan weapon rl
ARGUS Joe Rogan leadclip
ARGEVT Joe Rogan pursue
ARGEVT Carmack pursue
ARGEVT Joe Rogan pursue
ARGEVT Joe Rogan pursue
ARGLOG Carmack t 112.9 pos '502.5 -276.6 -104.0' spd 362.1 yaw 171 mode 2 st 1 gl 1 hp 66 frg 3
ARGEVT Joe Rogan retreat
ARGEVT Carmack hazard
ARGLOG Joe Rogan t 113.0 pos '280.5 -218.1 -296.0' spd 281.2 yaw 352.1 mode 2 st 0 gl 5 hp 29 frg 3
ARGLOG Romero t 113.1 pos '470.9 -469.5  24.0' spd 320.1 yaw  90.4 mode 2 st 0 gl 0 hp 100 frg 2
ARGLOG Carmack t 113.4 pos '462.3 -372.3 -104.0' spd 250.4 yaw 152.7 mode 2 st 1 gl 1 hp 64 frg 3
ARGLOG Joe Rogan t 113.5 pos '116.3 -202.9 -296.0' spd 358.5 yaw 338.7 mode 0 st 0 gl 5 hp 17 frg 3
ARGEVT Joe Rogan hazard
ARGLOG Romero t 113.6 pos '349.2 -430.9   3.4' spd 109.8 yaw  31.6 mode 2 st 0 gl 0 hp 100 frg 2
ARGEVT Joe Rogan route 15 start '145.0 -247.0 -296.0' goal '817.0 -855.0 -232.0'
ARGLOG Carmack t 113.9 pos '469.8 -386.2 -104.0' spd 138.9 yaw 156.7 mode 2 st 1 gl 1 hp 48 frg 3
ARGLOG Joe Rogan t 114.0 pos '112.0 -203.2 -296.0' spd   9.0 yaw 329.8 mode 2 st 0 gl 5 hp 13 frg 3
ARGEVT Romero grab weapon_grenadelauncher
ARGLOG Romero t 114.1 pos '333.8 -451.0 -104.0' spd 288.2 yaw  24.0 mode 2 st 0 gl 0 hp 100 frg 2
ARGEVT Romero hazard
ARGLOG Carmack t 114.4 pos '509.7 -358.5 -104.0' spd 321.7 yaw 163.0 mode 2 st 1 gl 1 hp 37 frg 3
ARGLOG Joe Rogan t 114.5 pos ' 50.6 -260.2 -296.0' spd 339.7 yaw 344.4 mode 2 st 0 gl 5 hp 1 frg 3
ARGLOG Romero t 114.6 pos '257.9 -493.8 -104.0' spd  68.2 yaw  25.0 mode 2 st 0 gl 0 hp 100 frg 2
ARGUS Joe Rogan leadclip
ARGEVT Joe Rogan route 15 start ' 17.0 -247.0 -296.0' goal '817.0 -855.0 -232.0'
ARGLOG Carmack t 114.9 pos '471.6 -354.0 -104.0' spd 346.0 yaw 168.9 mode 2 st 1 gl 1 hp 21 frg 3
ARGEVT Joe Rogan death Carmack pos ' 10.5 -230.3 -296.0'
ARGUS Carmack watch spawn
ARGEVT Carmack engage Romero
ARGEVT Carmack goal item_health
ARGEVT Carmack death Joe Rogan pos '473.0 -306.2 -104.0'
ARGUS Joe Rogan watch spawn
ARGLOG Romero t 115.1 pos '269.9 -482.6 -104.0' spd  70.6 yaw 324.5 mode 2 st 0 gl 0 hp 100 frg 2
ARGLOG Romero t 115.6 pos '425.0 -452.1 -104.0' spd 351.6 yaw 65 mode 2 st 0 gl 0 hp 100 frg 2
ARGUS Romero wallslide
ARGLOG Romero t 116.1 pos '537.4 -327.7 -104.0' spd 450.8 yaw 158 mode 2 st 0 gl 0 hp 100 frg 2
ARGEVT Romero hazard
ARGEVT Joe Rogan respawn
ARGEVT Joe Rogan goal weapon_rocketlauncher
ARGLOG Joe Rogan t 116.5 pos '776.0 -808.0 -232.0' spd 0 yaw  94.8 mode 1 st 0 gl 5 hp 100 frg 4
ARGEVT Romero route 6 start '369.0 -247.0 -296.0' goal ' 81.0  73.0 -296.0'
ARGEVT Carmack respawn
ARGLOG Romero t 116.6 pos '411.4 -240.0 -275.3' spd 300 yaw 231.4 mode 2 st 0 gl 0 hp 100 frg 2
ARGEVT Carmack goal weapon_rocketlauncher
ARGLOG Carmack t 116.6 pos '112.0 -1136.0 -104.0' spd 0 yaw  49.5 mode 0 st 1 gl 1 hp 100 frg 4
ARGEVT Carmack route 13 start '113.0 -1079.0 -104.0' goal ' 81.0  73.0 -296.0'
ARGEVT Joe Rogan hazard
ARGEVT Romero route 7 start '465.0 -247.0 -296.0' goal ' 81.0  73.0 -296.0'
ARGLOG Joe Rogan t 117.0 pos '722.8 -773.2 -232.0' spd 136.6 yaw 166.0 mode 1 st 0 gl 5 hp 100 frg 4
ARGUS Joe Rogan wallslide
ARGLOG Romero t 117.1 pos '454.3 -240.0 -296.0' spd 300 yaw 279 mode 2 st 0 gl 0 hp 100 frg 2
ARGLOG Carmack t 117.1 pos '161.3 -999.7 -104.0' spd 320.4 yaw 78 mode 2 st 1 gl 1 hp 100 frg 4
ARGEVT Joe Rogan goal backpack
ARGEVT Joe Rogan route 5 start '753.0 -887.0 -232.0' goal ' 17.0 -247.0 -296.0'
ARGLOG Joe Rogan t 117.5 pos '733.7 -818.2 -232.0' spd 320.3 yaw  67.4 mode 2 st 0 gl 6 hp 100 frg 4
ARGEVT Romero hazard
ARGLOG Romero t 117.6 pos '480.7 -263.2 -296.0' spd 335.2 yaw 177 mode 2 st 0 gl 0 hp 100 frg 2
ARGLOG Carmack t 117.6 pos '253.0 -857.1 -104.0' spd 362.2 yaw 358 mode 2 st 1 gl 1 hp 100 frg 4
ARGEVT Romero route 6 start '369.0 -215.0 -296.0' goal ' 81.0  73.0 -296.0'
ARGEVT Joe Rogan hazard
ARGLOG Joe Rogan t 118.0 pos '727.5 -728.4 -216.0' spd 228.3 yaw 114 mode 2 st 0 gl 6 hp 100 frg 4
ARGUS routecache adopt
ARGEVT Romero route 5 start '337.0 -247.0 -296.0' goal ' 81.0  73.0 -296.0'
ARGLOG Romero t 118.1 pos '393.4 -270.3 -296.0' spd 417.0 yaw 247.2 mode 0 st 0 gl 0 hp 100 frg 2
ARGLOG Carmack t 118.1 pos '416.8 -833.2 -104.0' spd 321.5 yaw 353 mode 2 st 1 gl 1 hp 100 frg 4
ARGEVT Carmack hazard
ARGEVT Romero route 6 start '369.0 -247.0 -296.0' goal ' 81.0  73.0 -296.0'
ARGUS Carmack wallslide
ARGUS routecache adopt
ARGEVT Romero route 5 start '337.0 -247.0 -296.0' goal ' 81.0  73.0 -296.0'
ARGLOG Joe Rogan t 118.5 pos '752.5 -891.8 -232.0' spd 394.5 yaw 345.2 mode 0 st 0 gl 6 hp 100 frg 4
ARGEVT Joe Rogan route 5 start '753.0 -887.0 -232.0' goal ' 17.0 -247.0 -296.0'
ARGEVT Romero engage Joe Rogan
ARGEVT Joe Rogan engage Romero
ARGEVT Joe Rogan grab weapon_nailgun
ARGLOG Romero t 118.6 pos '283.6 -279.4 -296.0' spd 356.3 yaw 132.0 mode 2 st 0 gl 0 hp 100 frg 2
ARGLOG Carmack t 118.6 pos '401.8 -752.5 -104.0' spd 142.7 yaw  48.0 mode 2 st 1 gl 1 hp 100 frg 4
ARGUS Joe Rogan leadclip
ARGLOG Joe Rogan t 119.0 pos '368.0 -34.3 -296.0' spd 300 yaw 214.7 mode 2 st 0 gl 6 hp 100 frg 4
ARGEVT Romero hazard
ARGEVT Romero grab 
ARGLOG Romero t 119.1 pos '119.0 -235.6 -296.0' spd 323.9 yaw  46.8 mode 2 st 0 gl 0 hp 100 frg 2
ARGLOG Carmack t 119.1 pos '459.8 -801.7 -104.0' spd  28.9 yaw 117 mode 2 st 1 gl 1 hp 100 frg 4
ARGEVT Carmack hazard
ARGUS Carmack wallslide
ARGLOG Joe Rogan t 119.5 pos '379.9 -113.0 -296.0' spd 320.1 yaw 202.8 mode 2 st 0 gl 6 hp 100 frg 4
ARGEVT Joe Rogan goal backpack
ARGEVT Joe Rogan route 0 start '337.0 -119.0 -296.0' goal '337.0 -119.0 -296.0'
ARGEVT Romero retreat
ARGLOG Romero t 119.6 pos '  6.8 -239.3 -284.7' spd 425.0 yaw   4.6 mode 2 st 0 gl 0 hp 3 frg 2
ARGLOG Carmack t 119.6 pos '340.8 -740.9 -104.0' spd 394.5 yaw 116 mode 2 st 1 gl 1 hp 100 frg 4
ARGLOG Joe Rogan t 120.0 pos '392.0 -216.6 -296.0' spd 241.1 yaw 175.6 mode 2 st 0 gl 6 hp 100 frg 4
ARGUS Romero leadclip
ARGLOG Romero t 120.1 pos ' 10.2 -208.0 -225.2' spd  38.6 yaw   1.2 mode 2 st 0 gl 0 hp 3 frg 2
ARGLOG Carmack t 120.1 pos '316.4 -631.4 -104.0' spd 320.2 yaw 79 mode 2 st 1 gl 1 hp 100 frg 4
ARGEVT Romero death Joe Rogan pos '  2.4 -208.0 -275.0'
ARGEVT Joe Rogan goal backpack
ARGEVT Joe Rogan route 3 start '369.0   9.0 -296.0' goal ' 17.0 -247.0 -296.0'
ARGLOG Joe Rogan t 120.5 pos '422.7 -48.0 -276.2' spd  43.0 yaw 186.0 mode 2 st 0 gl 6 hp 79 frg 5
ARGEVT Joe Rogan engage Carmack
ARGEVT Carmack engage Joe Rogan
ARGLOG Carmack t 120.6 pos '354.1 -477.6 -108.0' spd 329.6 yaw  78.5 mode 2 st 1 gl 1 hp 100 frg 4
ARGEVT Joe Rogan hazard
ARGUS Carmack wallslide
ARGUS Joe Rogan leadclip
ARGLOG Joe Rogan t 121.0 pos '413.6 -48.0 -296.0' spd   0.8 yaw 277.0 mode 2 st 0 gl 6 hp 79 frg 5
ARGLOG Carmack t 121.1 pos '469.9 -410.2 -104.0' spd 321.8 yaw  92.4 mode 2 st 1 gl 1 hp 100 frg 4
ARGEVT Joe Rogan pursue
ARGEVT Carmack pursue
ARGUS Joe Rogan hunch 
ARGLOG Joe Rogan t 121.5 pos '338.2 -118.6 -296.0' spd 351.5 yaw 120.7 mode 2 st 0 gl 6 hp 79 frg 5
ARGEVT Joe Rogan pursue
ARGEVT Joe Rogan goal backpack
ARGLOG Carmack t 121.6 pos '579.3 -323.5 -104.0' spd 352.4 yaw 121 mode 2 st 1 gl 1 hp 100 frg 4
ARGEVT Joe Rogan route 3 start '337.0 -119.0 -296.0' goal ' 17.0 -247.0 -296.0'
ARGEVT Joe Rogan hazard
ARGEVT Joe Rogan pursue
ARGEVT Romero respawn
ARGEVT Romero goal item_armor2
ARGLOG Romero t 121.8 pos '776.0 -808.0 -232.0' spd 0 yaw  94.5 mode 0 st 0 gl 0 hp 100 frg 2
ARGEVT Romero route 24 start '753.0 -759.0 -232.0' goal '1169.0 -599.0  24.0'
ARGLOG Joe Rogan t 122.0 pos '335.0 -93.6 -296.0' spd 144.4 yaw 236.0 mode 2 st 0 gl 6 hp 79 frg 5
ARGEVT Romero hazard
ARGLOG Carmack t 122.1 pos '518.0 -169.7 -104.0' spd 322.4 yaw 130 mode 2 st 1 gl 1 hp 100 frg 4
ARGEVT Joe Rogan pursue
ARGLOG Romero t 122.3 pos '721.4 -774.3 -232.0' spd 146.2 yaw 112 mode 2 st 0 gl 0 hp 100 frg 2
ARGEVT Carmack route 8 start '465.0 -151.0 -104.0' goal ' 81.0  73.0 -296.0'
ARGUS Romero wallslide
ARGEVT Carmack hazard
ARGLOG Joe Rogan t 122.5 pos '354.4 -252.6 -296.0' spd 320.7 yaw  40.1 mode 2 st 0 gl 6 hp 79 frg 5
ARGLOG Carmack t 122.7 pos '498.7 -134.8 -104.0' spd 320.5 yaw 231.3 mode 2 st 1 gl 1 hp 100 frg 4
ARGEVT Joe Rogan route 2 start '369.0 -247.0 -296.0' goal ' 17.0 -247.0 -296.0'
ARGLOG Romero t 122.8 pos '720.7 -906.0 -232.0' spd 373.4 yaw 318.9 mode 0 st 0 gl 0 hp 100 frg 2
ARGUS routecache adopt
ARGEVT Joe Rogan route 1 start '337.0 -247.0 -296.0' goal ' 17.0 -247.0 -296.0'
ARGEVT Romero route 23 start '753.0 -887.0 -232.0' goal '1169.0 -599.0  24.0'
ARGEVT Carmack pursue
ARGEVT Joe Rogan pursue
ARGEVT Romero engage Joe Rogan
ARGLOG Joe Rogan t 123.0 pos '294.3 -253.4 -296.0' spd 139.3 yaw  35.0 mode 2 st 0 gl 6 hp 79 frg 5
ARGUS routecache adopt
ARGEVT Romero route 22 start '369.0  73.0 -288.0' goal '1169.0 -599.0  24.0'
ARGEVT Joe Rogan hazard
ARGLOG Carmack t 123.2 pos '512.7 -267.5 -104.0' spd 371.9 yaw 175 mode 2 st 1 gl 1 hp 100 frg 4
ARGUS Carmack hunch 
ARGEVT Carmack pursue
ARGEVT Carmack goal weapon_lightning
ARGLOG Romero t 123.3 pos '368.0 -31.6 -296.0' spd 300 yaw 268.4 mode 2 st 0 gl 0 hp 100 frg 2
ARGEVT Joe Rogan route 2 start '369.0 -215.0 -296.0' goal ' 17.0 -247.0 -296.0'
ARGLOG Joe Rogan t 123.6 pos '442.6 -210.0 -296.0' spd 274.4 yaw 108.8 mode 0 st 0 gl 6 hp 79 frg 5
ARGLOG Carmack t 123.7 pos '572.6 -231.5 -104.0' spd 378.2 yaw  88.1 mode 1 st 1 gl 1 hp 100 frg 4
ARGEVT Joe Rogan route 3 start '465.0 -247.0 -296.0' goal ' 17.0 -247.0 -296.0'
ARGLOG Romero t 123.9 pos '363.4 -77.2 -296.0' spd 357.4 yaw 291.9 mode 2 st 0 gl 0 hp 100 frg 2
ARGEVT Joe Rogan route 2 start '369.0 -215.0 -296.0' goal ' 17.0 -247.0 -296.0'
ARGEVT Joe Rogan pursue
ARGEVT Romero hazard
ARGEVT Joe Rogan pursue
ARGLOG Joe Rogan t 124.1 pos '350.1 -215.8 -296.0' spd 320.0 yaw 182.1 mode 0 st 0 gl 6 hp 79 frg 5
ARGUS routecache adopt
ARGEVT Joe Rogan route 2 start '369.0 -215.0 -296.0' goal ' 17.0 -247.0 -296.0'
ARGEVT Joe Rogan pursue
ARGEVT Joe Rogan pursue
ARGLOG Carmack t 124.2 pos '531.5 -56.5 -104.0' spd 413.9 yaw 195.4 mode 1 st 1 gl 1 hp 100 frg 4
ARGEVT Joe Rogan hazard
ARGEVT Joe Rogan grab 
ARGLOG Romero t 124.4 pos '379.8 -78.3 -296.0' spd 126.2 yaw 237.0 mode 2 st 0 gl 0 hp 100 frg 2
ARGEVT Joe Rogan weapon ng
ARGLOG Joe Rogan t 124.6 pos '228.0 -238.0 -296.0' spd 232.1 yaw   1.9 mode 1 st 0 gl 6 hp 79 frg 5
ARGEVT Carmack hazard
ARGLOG Carmack t 124.7 pos '463.5 -136.8 -104.0' spd  25.9 yaw 208.1 mode 1 st 1 gl 1 hp 100 frg 4
ARGLOG Romero t 124.9 pos '347.4 -102.9 -296.0' spd 104.2 yaw 224.9 mode 2 st 0 gl 0 hp 100 frg 2
ARGEVT Romero hazard
ARGLOG Joe Rogan t 125.1 pos '228.6 -252.5 -296.0' spd  62.8 yaw  30.4 mode 1 st 0 gl 6 hp 71 frg 5
ARGLOG Carmack t 125.2 pos '483.8 -113.6 -104.0' spd 324.5 yaw 213.4 mode 1 st 1 gl 1 hp 100 frg 4
ARGLOG Romero t 125.4 pos '356.3 -119.2 -296.0' spd 248.7 yaw 218.3 mode 2 st 0 gl 0 hp 100 frg 2
ARGEVT Joe Rogan hazard
ARGLOG Joe Rogan t 125.6 pos '245.0 -232.2 -296.0' spd 112.1 yaw 344.1 mode 1 st 0 gl 6 hp 67 frg 5
ARGLOG Carmack t 125.7 pos '525.6 -272.6 -104.0' spd 332.4 yaw 175.4 mode 1 st 1 gl 1 hp 100 frg 4
ARGEVT Joe Rogan grab 
ARGEVT Carmack pursue
ARGEVT Joe Rogan pursue
ARGLOG Romero t 125.9 pos '402.8 -165.6 -296.0' spd 201.7 yaw 202.8 mode 2 st 0 gl 0 hp 100 frg 2
ARGLOG Joe Rogan t 126.1 pos '167.1 -258.6 -296.0' spd 321.4 yaw 325.0 mode 1 st 0 gl 6 hp 63 frg 5
ARGEVT Romero hazard
ARGLOG Carmack t 126.2 pos '455.6 -416.1 -104.0' spd 320.1 yaw 156.4 mode 1 st 1 gl 1 hp 100 frg 4
ARGUS Joe Rogan leadclip
ARGUS Carmack wallslide
ARGEVT Joe Rogan goal item_health
ARGEVT Joe Rogan route 7 start '145.0 -247.0 -296.0' goal '-47.0 585.0 -296.0'
ARGLOG Romero t 126.4 pos '360.0 -133.1 -296.0' spd 320.1 yaw 215.3 mode 2 st 0 gl 0 hp 100 frg 2
ARGLOG Joe Rogan t 126.6 pos '151.6 -219.7 -296.0' spd 333.5 yaw 312.1 mode 2 st 0 gl 7 hp 59 frg 5
ARGEVT Joe Rogan hazard
ARGEVT Carmack pursue
ARGEVT Joe Rogan pursue
ARGEVT Joe Rogan pursue
ARGLOG Carmack t 126.7 pos '322.5 -480.4 -104.0' spd 374.5 yaw 131 mode 1 st 1 gl 1 hp 100 frg 4
ARGEVT Joe Rogan pursue
ARGLOG Romero t 126.9 pos '357.7 -153.5 -296.0' spd 149.1 yaw 214.4 mode 2 st 0 gl 0 hp 100 frg 2
ARGEVT Joe Rogan pursue
ARGEVT Joe Rogan grab 
ARGEVT Carmack grab weapon_grenadelauncher
ARGLOG Joe Rogan t 127.1 pos '300.9 -243.0 -296.0' spd 122.3 yaw 265.3 mode 0 st 0 gl 7 hp 49 frg 5
ARGEVT Joe Rogan route 7 start '337.0 -247.0 -296.0' goal '-47.0 585.0 -296.0'
ARGLOG Carmack t 127.2 pos '182.9 -398.5 -104.0' spd 367.7 yaw  63.0 mode 1 st 1 gl 1 hp 100 frg 4
ARGEVT Romero hazard
ARGEVT Carmack hazard
ARGEVT Joe Rogan retreat
ARGLOG Romero t 127.4 pos '383.2 -171.4 -296.0' spd 125.0 yaw 214.3 mode 2 st 0 gl 0 hp 100 frg 2
ARGLOG Joe Rogan t 127.6 pos '255.9 -253.4 -296.0' spd 209.2 yaw 240.5 mode 2 st 0 gl 7 hp 25 frg 5
ARGEVT Joe Rogan hazard
ARGLOG Carmack t 127.7 pos '181.5 -409.1 -104.0' spd 330.8 yaw  82.0 mode 1 st 1 gl 1 hp 17 frg 4
ARGLOG Romero t 127.9 pos '343.3 -167.7 -296.0' spd 222.7 yaw 203.6 mode 2 st 0 gl 0 hp 100 frg 2
ARGLOG Joe Rogan t 128.1 pos '140.4 -208.8 -296.0' spd 320.5 yaw 322.8 mode 2 st 0 gl 7 hp 13 frg 5
ARGLOG Carmack t 128.2 pos '314.2 -422.1 -104.0' spd 167.3 yaw 141.4 mode 1 st 1 gl 1 hp 17 frg 4
ARGUS Joe Rogan leadclip
ARGLOG Romero t 128.4 pos '370.1 -256.5 -296.0' spd 154.7 yaw 176.6 mode 2 st 0 gl 0 hp 100 frg 2
ARGEVT Romero hazard
ARGLOG Joe Rogan t 128.6 pos '190.3 -222.7 -296.0' spd  24.0 yaw 304.6 mode 2 st 0 gl 7 hp 13 frg 5
ARGEVT Joe Rogan hazard
ARGLOG Carmack t 128.7 pos '314.5 -431.1 -104.0' spd 324.2 yaw 119.1 mode 1 st 1 gl 1 hp 17 frg 4
ARGEVT Joe Rogan death Romero pos '163.5 -221.0 -296.0'
ARGUS Romero watch spawn
ARGEVT Carmack engage Romero
ARGEVT Carmack retreat
ARGEVT Romero engage Carmack
ARGLOG Romero t 128.9 pos '281.7 -236.9 -296.0' spd 330.1 yaw 205.1 mode 2 st 0 gl 0 hp 100 frg 3
ARGEVT Romero goal weapon_rocketlauncher
ARGEVT Romero route 5 start '337.0 -247.0 -296.0' goal ' 81.0  73.0 -296.0'
ARGEVT Romero grab 
ARGUS Romero leadclip
ARGLOG Carmack t 129.2 pos '458.1 -427.6 -104.0' spd 321.0 yaw 148.0 mode 1 st 1 gl 1 hp 17 frg 4
ARGUS Carmack wallslide
ARGLOG Romero t 129.4 pos '178.3 -243.3 -296.0' spd 116.3 yaw 321.2 mode 2 st 0 gl 0 hp 100 frg 3
ARGEVT Romero hazard
ARGEVT Romero grab 
ARGEVT Carmack pursue
ARGEVT Romero pursue
ARGLOG Carmack t 129.7 pos '586.7 -417.2 -104.0' spd 208.7 yaw 155 mode 1 st 1 gl 1 hp 17 frg 4
ARGUS Romero hunch item_health
ARGLOG Romero t 129.9 pos '259.2 -263.3 -296.0' spd 129.1 yaw 183.1 mode 2 st 0 gl 0 hp 100 frg 3
ARGEVT Romero goal item_armorInv
ARGEVT Romero route 8 start '337.0 -247.0 -296.0' goal '817.0 -855.0 -232.0'
ARGLOG Carmack t 130.3 pos '469.1 -376.4 -104.0' spd 319.5 yaw 147.7 mode 1 st 1 gl 1 hp 17 frg 4
ARGEVT Joe Rogan respawn
ARGEVT Joe Rogan goal weapon_lightning
ARGLOG Joe Rogan t 130.4 pos '112.0 -1136.0 -104.0' spd 0 yaw  49.5 mode 0 st 0 gl 7 hp 100 frg 5
ARGEVT Carmack hazard
ARGEVT Joe Rogan route 6 start '113.0 -1079.0 -104.0' goal '529.0 -311.0 -104.0'
ARGLOG Romero t 130.4 pos '249.3 -218.1 -296.0' spd 210.9 yaw 338.7 mode 2 st 0 gl 0 hp 100 frg 3
ARGUS Carmack wallslide
ARGEVT Romero pursue
ARGEVT Carmack pursue
ARGLOG Carmack t 130.8 pos '540.5 -427.6 -104.0' spd 211.9 yaw 146 mode 1 st 1 gl 1 hp 17 frg 4
ARGEVT Romero hazard
ARGLOG Joe Rogan t 130.9 pos '143.9 -993.5 -104.0' spd 322.9 yaw 59 mode 2 st 0 gl 7 hp 100 frg 5
ARGEVT Romero pursue
ARGLOG Romero t 130.9 pos '294.3 -211.6 -296.0' spd 357.2 yaw 330.4 mode 2 st 0 gl 0 hp 100 frg 3
ARGEVT Romero rjump
ARGEVT Romero grab weapon_lightning
ARGEVT Romero weapon sg
ARGEVT Carmack weapon sg
ARGLOG Carmack t 131.3 pos '456.7 -355.3 -104.0' spd 236.5 yaw 102.0 mode 1 st 1 gl 1 hp 17 frg 4
ARGEVT Carmack grab item_health
ARGLOG Joe Rogan t 131.4 pos '186.0 -836.2 -104.0' spd 324.9 yaw  60.4 mode 2 st 0 gl 7 hp 100 frg 5
ARGLOG Romero t 131.4 pos '432.0 -237.8 -125.2' spd  23.2 yaw 287.1 mode 2 st 0 gl 0 hp 25 frg 3
ARGEVT Romero weapon rl
ARGUS Romero leadclip
ARGEVT Carmack weapon gl
ARGEVT Carmack hazard
ARGEVT Joe Rogan hazard
ARGUS Joe Rogan wallslide
ARGEVT Romero weapon sg
ARGEVT Carmack weapon sg
ARGLOG Carmack t 131.8 pos '519.4 -408.3 -104.0' spd 126.1 yaw 117.5 mode 1 st 1 gl 1 hp 17 frg 4
ARGEVT Joe Rogan engage Romero
ARGEVT Carmack death Romero pos '523.2 -400.8 -104.0'
ARGEVT Romero engage Joe Rogan
ARGEVT Romero weapon rl
ARGEVT Romero retreat
ARGLOG Joe Rogan t 131.9 pos '303.9 -752.1 -104.0' spd 320.7 yaw  65.3 mode 2 st 0 gl 7 hp 100 frg 5
ARGLOG Romero t 131.9 pos '431.5 -249.1 -86.7' spd  72.2 yaw 281.5 mode 2 st 0 gl 0 hp 1 frg 4
ARGEVT Romero goal item_health
ARGLOG Joe Rogan t 132.4 pos '445.7 -753.6 -104.0' spd  61.5 yaw  80.5 mode 2 st 0 gl 7 hp 100 frg 5
ARGEVT Romero pursue
ARGLOG Romero t 132.4 pos '531.7 -194.5 -104.0' spd 250.7 yaw 255.8 mode 1 st 0 gl 0 hp 1 frg 4
ARGEVT Joe Rogan pursue
ARGEVT Joe Rogan goal weapon_rocketlauncher
ARGEVT Joe Rogan route 11 start '401.0 -791.0 -104.0' goal ' 81.0  73.0 -296.0'
ARGLOG Joe Rogan t 132.9 pos '355.3 -721.3 -104.0' spd 335.7 yaw 80 mode 2 st 0 gl 7 hp 100 frg 5
ARGLOG Romero t 132.9 pos '531.8 -338.4 -104.0' spd 322.2 yaw 247 mode 1 st 0 gl 0 hp 1 frg 4
ARGEVT Romero jump
ARGEVT Romero pursue
ARGEVT Carmack respawn
ARGEVT Carmack goal item_armorInv
ARGLOG Carmack t 133.4 pos '776.0 -808.0 -232.0' spd 0 yaw  94.5 mode 1 st 1 gl 1 hp 100 frg 4
ARGLOG Joe Rogan t 133.4 pos '365.4 -557.1 -104.0' spd 320.4 yaw 78 mode 2 st 0 gl 7 hp 100 frg 5
ARGLOG Romero t 133.5 pos '490.2 -432.0 -60.4' spd  37.0 yaw 327.4 mode 1 st 0 gl 0 hp 1 frg 4
ARGEVT Carmack hazard
ARGLOG Carmack t 133.9 pos '720.7 -775.6 -232.0' spd 152.5 yaw 164.3 mode 1 st 1 gl 1 hp 100 frg 4
ARGUS Carmack wallslide
ARGLOG Joe Rogan t 133.9 pos '365.3 -419.4 -104.0' spd  50.7 yaw 358.6 mode 2 st 0 gl 7 hp 100 frg 5
ARGEVT Romero jump
ARGLOG Romero t 134.0 pos '539.3 -423.0 -100.3' spd 320.0 yaw 171.6 mode 1 st 0 gl 0 hp 1 frg 4
ARGLOG Carmack t 134.4 pos '720.1 -900.4 -232.0' spd 320.8 yaw 268.7 mode 1 st 1 gl 1 hp 100 frg 4
ARGLOG Joe Rogan t 134.4 pos '387.5 -497.8 -104.0' spd 283.6 yaw  25.5 mode 2 st 0 gl 7 hp 100 frg 5
ARGLOG Romero t 134.5 pos '688.0 -384.3 -74.3' spd  33.9 yaw 202.2 mode 1 st 0 gl 0 hp 1 frg 4
ARGEVT Romero pursue
ARGEVT Joe Rogan pursue
ARGEVT Carmack engage Joe Rogan
ARGLOG Carmack t 134.9 pos '368.0  -9.1 -281.1' spd 300 yaw 275.0 mode 1 st 1 gl 1 hp 100 frg 4
ARGLOG Joe Rogan t 134.9 pos '396.8 -461.9 -104.0' spd 360.6 yaw   5.5 mode 2 st 0 gl 7 hp 70 frg 5
ARGLOG Romero t 135.0 pos '648.8 -406.3 -120.0' spd 287.6 yaw 192.4 mode 1 st 0 gl 0 hp 1 frg 4
ARGEVT Joe Rogan hazard
ARGEVT Joe Rogan grab item_health
ARGEVT Joe Rogan pursue
ARGEVT Romero pursue
ARGUS Joe Rogan hunch item_health
ARGLOG Carmack t 135.4 pos '367.4 -38.7 -296.0' spd 298.7 yaw 273.6 mode 1 st 1 gl 1 hp 100 frg 4
ARGEVT Joe Rogan pursue
ARGLOG Joe Rogan t 135.4 pos '410.3 -456.8 -104.0' spd 342.7 yaw 120.9 mode 2 st 0 gl 7 hp 70 frg 5
ARGLOG Romero t 135.5 pos '454.0 -240.0 -296.0' spd 300 yaw 256 mode 1 st 0 gl 0 hp 1 frg 4
ARGEVT Joe Rogan goal weapon_rocketlauncher
ARGUS routecache adopt
ARGEVT Joe Rogan route 8 start '433.0 -375.0 -104.0' goal ' 81.0  73.0 -296.0'
ARGLOG Carmack t 135.9 pos '357.0 -132.0 -296.0' spd  97.7 yaw 291.7 mode 1 st 1 gl 1 hp 100 frg 4
ARGLOG Joe Rogan t 135.9 pos '490.6 -331.8 -104.0' spd 342.9 yaw  15.5 mode 2 st 0 gl 7 hp 70 frg 5
ARGEVT Romero hazard
ARGLOG Romero t 136.0 pos '488.6 -252.0 -296.0' spd 298.4 yaw 296.6 mode 1 st 0 gl 0 hp 1 frg 4
ARGEVT Carmack hazard
ARGUS Romero wallslide
ARGEVT Carmack pursue
ARGLOG Carmack t 136.4 pos '353.3 -179.2 -296.0' spd 341.7 yaw 306 mode 1 st 1 gl 1 hp 100 frg 4
ARGLOG Joe Rogan t 136.4 pos '665.7 -349.0 -104.0' spd 441.8 yaw 254.0 mode 2 st 0 gl 7 hp 70 frg 5
ARGEVT Romero pursue
ARGLOG Romero t 136.5 pos '640.4 -256.3 -296.0' spd 292.8 yaw 317.7 mode 1 st 0 gl 0 hp 1 frg 4
ARGUS Carmack hunch item_artifact_super_damage
ARGUS Joe Rogan wallslide
ARGUS Carmack bodyblock
ARGEVT Carmack death Joe Rogan pos '404.3 -262.2 -296.0'
ARGLOG Joe Rogan t 136.9 pos '427.9 -240.0 -282.0' spd 300 yaw 358.5 mode 0 st 0 gl 7 hp 70 frg 6
ARGEVT Joe Rogan goal weapon_rocketlauncher
ARGLOG Romero t 137.0 pos '597.4 -228.5 -296.0' spd 336.2 yaw 182.3 mode 1 st 0 gl 0 hp 1 frg 4
ARGEVT Joe Rogan route 7 start '465.0 -247.0 -296.0' goal ' 81.0  73.0 -296.0'
ARGEVT Romero hazard
ARGEVT Joe Rogan death Romero pos '454.3 -240.0 -296.0'
ARGUS Romero watch spawn
ARGEVT Romero goal item_health
ARGEVT Romero route 10 start '593.0 -215.0 -296.0' goal '977.0 -471.0 -104.0'
ARGLOG Romero t 137.5 pos '636.9 -210.1 -296.0' spd 400.9 yaw  83.2 mode 2 st 0 gl 0 hp 1 frg 5
ARGLOG Romero t 138.0 pos '594.5 -45.5 -296.0' spd 327.3 yaw 261 mode 2 st 0 gl 0 hp 1 frg 5
ARGEVT Carmack respawn
ARGEVT Carmack goal weapon_rocketlauncher
ARGLOG Carmack t 138.3 pos '-64.0 -232.0 -72.0' spd 0 yaw   4.5 mode 0 st 1 gl 1 hp 100 frg 4
ARGEVT Carmack route 13 start '-47.0 -247.0 -72.0' goal ' 81.0  73.0 -296.0'
ARGEVT Romero route 8 start '625.0 105.0 -296.0' goal '977.0 -471.0 -104.0'
ARGLOG Romero t 138.5 pos '447.3 -864.0  42.5' spd 300 yaw 124.4 mode 0 st 0 gl 0 hp 1 frg 5
ARGEVT Carmack hazard
ARGEVT Romero route 7 start '401.0 -887.0  24.0' goal '977.0 -471.0 -104.0'
ARGEVT Joe Rogan respawn
ARGEVT Romero engage Joe Rogan
ARGEVT Romero grab item_health
ARGEVT Romero retreat
ARGEVT Joe Rogan goal item_armorInv
ARGEVT Joe Rogan engage Romero
ARGEVT Joe Rogan grab weapon_supershotgun
ARGLOG Joe Rogan t 138.8 pos '272.0 -952.0  24.0' spd 0 yaw   2.4 mode 0 st 0 gl 7 hp 100 frg 6
ARGEVT Joe Rogan route 10 start '305.0 -983.0  24.0' goal '817.0 -855.0 -232.0'
ARGLOG Carmack t 138.8 pos ' 81.2 -262.7 -72.0' spd 169.3 yaw 237 mode 2 st 1 gl 1 hp 100 frg 4
ARGUS Carmack wallslide
ARGLOG Romero t 139.0 pos '390.9 -864.0  24.0' spd 300 yaw 222.5 mode 2 st 0 gl 0 hp 1 frg 5
ARGLOG Joe Rogan t 139.3 pos '331.2 -1036.6  24.0' spd 173.5 yaw  64.7 mode 2 st 0 gl 7 hp 100 frg 6
ARGLOG Carmack t 139.3 pos '-52.6 -272.0 -72.0' spd 439.8 yaw 255 mode 2 st 1 gl 1 hp 100 frg 4
ARGLOG Romero t 139.5 pos '427.6 -799.1  24.0' spd 322.9 yaw 250.1 mode 2 st 0 gl 0 hp 1 frg 5
ARGEVT Romero grab item_health
ARGEVT Romero hazard
ARGEVT Joe Rogan grab item_health
ARGEVT Romero death Joe Rogan pos '463.7 -797.5  24.0'
ARGUS Joe Rogan watch spawn
ARGLOG Joe Rogan t 139.8 pos '332.8 -1024.3  24.0' spd  50.2 yaw  59.3 mode 2 st 0 gl 7 hp 10 frg 7
ARGEVT Joe Rogan goal item_health
ARGLOG Carmack t 139.8 pos '-118.9 -399.4 -72.0' spd 325.2 yaw 14 mode 2 st 1 gl 1 hp 100 frg 4
ARGEVT Joe Rogan route 5 start '305.0 -983.0  24.0' goal '465.0 -471.0  24.0'
ARGLOG Joe Rogan t 140.3 pos '413.3 -893.9  24.0' spd 381.4 yaw 114 mode 2 st 0 gl 7 hp 10 frg 7
ARGLOG Carmack t 140.3 pos '-129.2 -561.2 -72.0' spd 320.3 yaw 261.3 mode 0 st 1 gl 1 hp 100 frg 4
ARGEVT Carmack route 10 start '-143.0 -599.0 -72.0' goal ' 81.0  73.0 -296.0'
ARGUS Joe Rogan wallslide
ARGLOG Joe Rogan t 140.8 pos '368.2 -752.0  24.0' spd 174.6 yaw 136.3 mode 2 st 0 gl 7 hp 10 frg 7
ARGLOG Carmack t 140.8 pos '810.9 -176.0  24.0' spd 300 yaw 222 mode 2 st 1 gl 1 hp 100 frg 4
ARGEVT Joe Rogan hazard
ARGEVT Romero respawn
ARGLOG Joe Rogan t 141.3 pos '270.5 -832.1  24.0' spd 384.7 yaw 299.8 mode 2 st 0 gl 7 hp 10 frg 7
ARGEVT Romero goal item_health
ARGLOG Romero t 141.3 pos '-64.0 512.0 -296.0' spd 0 yaw 274.5 mode 1 st 0 gl 0 hp 100 frg 5
ARGLOG Carmack t 141.3 pos '790.7 -195.5  24.0' spd 322.6 yaw 221 mode 2 st 1 gl 1 hp 100 frg 4
ARGUS Carmack wallslide
ARGUS Romero wallslide
ARGLOG Joe Rogan t 141.8 pos '428.4 -904.5  24.0' spd 486.8 yaw 97 mode 2 st 0 gl 7 hp 10 frg 7
ARGLOG Romero t 141.8 pos ' 71.5 431.8 -296.0' spd 426.2 yaw  75.4 mode 1 st 0 gl 0 hp 100 frg 5
ARGEVT Romero hazard
ARGLOG Carmack t 141.8 pos '619.3 -208.6  24.0' spd 412.2 yaw 243.6 mode 2 st 1 gl 1 hp 100 frg 4
ARGEVT Joe Rogan route 5 start '625.0 105.0 -296.0' goal '465.0 -471.0  24.0'
ARGEVT Joe Rogan route 6 start '625.0 -23.0 -296.0' goal '465.0 -471.0  24.0'
ARGLOG Joe Rogan t 142.3 pos '624.0  17.7 -296.0' spd 300 yaw 260 mode 2 st 0 gl 7 hp 10 frg 7
ARGLOG Romero t 142.3 pos '-33.6 456.9 -296.0' spd 452.3 yaw  88.6 mode 1 st 0 gl 0 hp 100 frg 5
ARGLOG Carmack t 142.3 pos '472.9 -339.9 -18.3' spd 371.9 yaw 266 mode 2 st 1 gl 1 hp 100 frg 4
ARGEVT Romero goal item_armorInv
ARGEVT Romero route 20 start '-47.0 585.0 -296.0' goal '817.0 -855.0 -232.0'
ARGLOG Joe Rogan t 142.8 pos '624.4  12.6 -296.0' spd 125.5 yaw 260 mode 2 st 0 gl 7 hp 10 frg 7
ARGLOG Romero t 142.8 pos '-18.6 592.7 -296.0' spd 209.8 yaw 257 mode 2 st 0 gl 1 hp 200 frg 5
ARGLOG Carmack t 142.8 pos '377.9 -496.9 -104.0' spd 339.1 yaw 5 mode 2 st 1 gl 1 hp 100 frg 4
ARGEVT Carmack route 9 start '337.0 -567.0 -104.0' goal ' 81.0  73.0 -296.0'
ARGEVT Joe Rogan route 5 start '625.0 105.0 -296.0' goal '465.0 -471.0  24.0'
ARGLOG Joe Rogan t 143.3 pos '395.7 -864.0  25.7' spd 300 yaw 102 mode 2 st 0 gl 7 hp 10 frg 7
ARGLOG Romero t 143.3 pos '-67.9 440.6 -296.0' spd 321.7 yaw 274 mode 2 st 0 gl 1 hp 200 frg 5
ARGLOG Carmack t 143.3 pos '351.5 -603.4 -104.0' spd 339.4 yaw 294 mode 2 st 1 gl 1 hp 100 frg 4
ARGEVT Carmack hazard
ARGUS Carmack wallslide
ARGLOG Joe Rogan t 143.8 pos '391.2 -864.0  24.0' spd 300 yaw 101 mode 2 st 0 gl 7 hp 10 frg 7
ARGLOG Romero t 143.8 pos '-98.1 279.8 -296.0' spd 335.9 yaw 277 mode 2 st 0 gl 1 hp 200 frg 5
ARGLOG Carmack t 143.8 pos '368.0 -720.1 -104.0' spd 109.7 yaw  80.3 mode 0 st 1 gl 1 hp 100 frg 4
ARGEVT Carmack route 10 start '337.0 -663.0 -104.0' goal ' 81.0  73.0 -296.0'
ARGLOG Joe Rogan t 144.3 pos '311.2 -717.6  24.0' spd 333.3 yaw 76 mode 2 st 0 gl 7 hp 10 frg 7
ARGLOG Romero t 144.3 pos '-74.7 118.2 -296.0' spd 320.7 yaw 285 mode 2 st 0 gl 1 hp 200 frg 5
ARGLOG Carmack t 144.3 pos '353.0 -563.6 -104.0' spd 341.5 yaw 55 mode 2 st 1 gl 1 hp 100 frg 4
ARGLOG Joe Rogan t 144.8 pos '336.8 -554.8  24.0' spd 340.2 yaw  46.0 mode 1 st 0 gl 7 hp 10 frg 7
ARGLOG Romero t 144.8 pos '-52.8 -43.0 -296.0' spd 320.1 yaw 333 mode 2 st 0 gl 1 hp 200 frg 5
ARGLOG Carmack t 144.8 pos '411.6 -407.7 -104.0' spd 330.0 yaw 344 mode 2 st 1 gl 1 hp 100 frg 4
ARGEVT Carmack engage Joe Rogan
ARGEVT Joe Rogan engage Carmack
ARGEVT Joe Rogan grab item_health
ARGEVT Joe Rogan retreat
ARGEVT Joe Rogan hazard
ARGUS Romero wallslide
ARGEVT Romero engage Carmack
ARGLOG Joe Rogan t 145.3 pos '374.4 -528.0  24.0' spd 237.4 yaw  66.7 mode 1 st 0 gl 7 hp 10 frg 7
ARGLOG Romero t 145.3 pos '-16.0 -201.8 -296.0' spd 325.6 yaw 350.2 mode 0 st 0 gl 1 hp 200 frg 5
ARGLOG Carmack t 145.4 pos '555.4 -346.2 -104.0' spd 373.5 yaw 236.4 mode 2 st 1 gl 1 hp 100 frg 4
ARGEVT Romero route 15 start ' 17.0 -247.0 -296.0' goal '817.0 -855.0 -232.0'
ARGUS routecache adopt
ARGEVT Romero route 15 start ' 17.0 -247.0 -296.0' goal '817.0 -855.0 -232.0'
ARGEVT Romero hazard
ARGEVT Carmack pursue
ARGEVT Joe Rogan pursue
ARGEVT Carmack hazard
ARGLOG Joe Rogan t 145.8 pos '347.7 -607.6  24.0' spd 315.2 yaw 58 mode 1 st 0 gl 7 hp 10 frg 7
ARGLOG Romero t 145.8 pos '123.0 -260.1 -296.0' spd 339.7 yaw 345.7 mode 2 st 0 gl 1 hp 200 frg 5
ARGLOG Carmack t 145.9 pos '388.9 -240.0 -270.0' spd 300 yaw 351.0 mode 0 st 1 gl 1 hp 100 frg 4
ARGEVT Carmack route 6 start '369.0 -247.0 -296.0' goal ' 81.0  73.0 -296.0'
ARGEVT Carmack route 7 start '465.0 -247.0 -296.0' goal ' 81.0  73.0 -296.0'
ARGEVT Romero grab 
ARGLOG Joe Rogan t 146.3 pos '397.8 -444.2  24.0' spd 333.4 yaw  46.5 mode 1 st 0 gl 7 hp 10 frg 7
ARGLOG Romero t 146.3 pos '211.9 -225.4 -296.0' spd 162.9 yaw 357.4 mode 2 st 0 gl 1 hp 200 frg 5
ARGLOG Carmack t 146.4 pos '463.7 -240.5 -296.0' spd 491.8 yaw 261.6 mode 2 st 1 gl 1 hp 76 frg 4
ARGEVT Carmack pursue
ARGEVT Joe Rogan pursue
ARGUS Carmack hunch item_health
ARGLOG Joe Rogan t 146.8 pos '516.9 -326.2 -64.0' spd 304.5 yaw 103.1 mode 1 st 0 gl 7 hp 10 frg 7
ARGLOG Romero t 146.8 pos '243.2 -232.4 -296.0' spd  30.0 yaw 357.9 mode 2 st 0 gl 1 hp 200 frg 5
ARGLOG Carmack t 146.9 pos '597.0 -262.4 -296.0' spd 311.1 yaw  37.1 mode 2 st 1 gl 1 hp 52 frg 4
ARGEVT Carmack goal weapon_rocketlauncher
ARGEVT Carmack route 8 start '593.0 -215.0 -296.0' goal ' 81.0  73.0 -296.0'
ARGEVT Carmack hazard
ARGEVT Carmack pursue
ARGUS Joe Rogan hunch item_artifact_super_damage
ARGUS Carmack wallslide
ARGEVT Joe Rogan goal item_health
ARGEVT Joe Rogan route 2 start '561.0 -183.0 -104.0' goal '529.0  73.0 -296.0'
ARGEVT Joe Rogan pursue
ARGLOG Joe Rogan t 147.3 pos '499.4 -167.5 -104.0' spd 348.6 yaw  84.8 mode 2 st 0 gl 7 hp 10 frg 7
ARGLOG Romero t 147.3 pos '237.3 -231.1 -296.0' spd  20.1 yaw   6.5 mode 2 st 0 gl 1 hp 200 frg 5
ARGLOG Carmack t 147.4 pos '642.1 -122.1 -296.0' spd 370.7 yaw 147.8 mode 2 st 1 gl 1 hp 44 frg 4
ARGEVT Romero pursue
ARGEVT Joe Rogan hazard
ARGUS Joe Rogan wallslide
ARGLOG Joe Rogan t 147.9 pos '487.3 -36.5 -104.0' spd  27.5 yaw 191.3 mode 2 st 0 gl 7 hp 10 frg 7
ARGLOG Romero t 147.9 pos '173.7 -256.6 -296.0' spd 365.6 yaw 246.6 mode 2 st 0 gl 1 hp 199 frg 5
ARGEVT Romero hazard
ARGLOG Carmack t 147.9 pos '595.8 -39.3 -296.0' spd 266.9 yaw 239.2 mode 2 st 1 gl 1 hp 44 frg 4
ARGUS Carmack wallslide
ARGEVT Carmack pursue
ARGLOG Joe Rogan t 148.4 pos '479.0 -173.0 -104.0' spd 321.0 yaw 275.1 mode 2 st 0 gl 7 hp 10 frg 7
ARGLOG Romero t 148.4 pos '119.7 -262.9 -296.0' spd 263.9 yaw 356.6 mode 2 st 0 gl 1 hp 199 frg 5
ARGLOG Carmack t 148.4 pos '589.1 -230.4 -296.0' spd 373.2 yaw 229 mode 2 st 1 gl 1 hp 44 frg 4
ARGEVT Carmack hazard
ARGEVT Joe Rogan pursue
ARGLOG Joe Rogan t 148.9 pos '606.2 -288.2 -104.0' spd 437.8 yaw  59.6 mode 2 st 0 gl 7 hp 10 frg 7
ARGLOG Romero t 148.9 pos '174.3 -229.1 -296.0' spd 150.0 yaw 357.5 mode 2 st 0 gl 1 hp 198 frg 5
ARGLOG Carmack t 148.9 pos '541.5 -250.3 -296.0' spd 271.3 yaw 178 mode 2 st 1 gl 1 hp 20 frg 4
ARGEVT Joe Rogan hazard
ARGEVT Romero hazard
ARGUS Joe Rogan wallslide
ARGEVT Carmack engage Romero
ARGEVT Carmack retreat
ARGEVT Carmack route 6 start '369.0 -247.0 -296.0' goal ' 81.0  73.0 -296.0'
ARGEVT Carmack death Romero pos '401.5 -240.0 -296.0'
ARGUS Romero watch spawn
ARGLOG Joe Rogan t 149.4 pos '603.4 -264.9 -104.0' spd 341.3 yaw 142.9 mode 2 st 0 gl 7 hp 10 frg 7
ARGLOG Romero t 149.4 pos '255.2 -242.4 -296.0' spd 186.4 yaw  76.2 mode 2 st 0 gl 1 hp 198 frg 6
ARGEVT Romero goal item_armorInv
ARGEVT Romero route 14 start '337.0 -247.0 -296.0' goal '817.0 -855.0 -232.0'
ARGEVT Romero engage Joe Rogan
ARGEVT Joe Rogan engage Romero
ARGEVT Romero grab 
ARGLOG Joe Rogan t 149.9 pos '467.0 -271.2 -104.0' spd 348.2 yaw 107.2 mode 2 st 0 gl 7 hp 10 frg 7
ARGLOG Romero t 149.9 pos '378.1 -273.2 -296.0' spd  76.1 yaw   3.2 mode 2 st 0 gl 1 hp 197 frg 6
ARGEVT Romero pursue
ARGEVT Romero hazard
ARGEVT Joe Rogan pursue
ARGUS Romero hunch item_health
ARGLOG Joe Rogan t 150.4 pos '491.4 -420.1 -104.0' spd 110.8 yaw 126 mode 2 st 0 gl 7 hp 10 frg 7
ARGLOG Romero t 150.4 pos '379.1 -252.4 -296.0' spd 208.2 yaw  78.9 mode 2 st 0 gl 1 hp 197 frg 6
ARGEVT Romero pursue
ARGEVT Romero goal item_armorInv
ARGEVT Romero route 13 start '369.0 -215.0 -296.0' goal '817.0 -855.0 -232.0'
ARGEVT Romero pursue
ARGEVT Joe Rogan hazard
ARGEVT Romero grab weapon_nailgun
ARGEVT Carmack respawn
ARGEVT Carmack goal weapon_rocketlauncher
ARGLOG Carmack t 150.9 pos '112.0 -1136.0 -104.0' spd 0 yaw  40.2 mode 0 st 1 gl 1 hp 100 frg 4
ARGLOG Joe Rogan t 150.9 pos '412.5 -381.6 -104.0' spd 188.8 yaw 53 mode 2 st 0 gl 7 hp 10 frg 7
ARGLOG Romero t 150.9 pos '457.6 -234.8 -296.0' spd  87.8 yaw 267.8 mode 2 st 0 gl 1 hp 196 frg 6
ARGEVT Carmack route 10 start '113.0 -1079.0 -104.0' goal '753.0 -887.0 -232.0'
ARGEVT Carmack engage Joe Rogan
ARGEVT Carmack grab weapon_supershotgun
ARGEVT Romero pursue
ARGEVT Joe Rogan pursue
ARGLOG Carmack t 151.4 pos '230.7 -1042.1 -104.0' spd 333.4 yaw  66.2 mode 2 st 1 gl 1 hp 100 frg 4
ARGLOG Joe Rogan t 151.4 pos '516.1 -427.2 -104.0' spd 110.3 yaw 106 mode 2 st 0 gl 7 hp 10 frg 7
ARGLOG Romero t 151.4 pos '469.3 -229.6 -296.0' spd 129.3 yaw 262.8 mode 2 st 0 gl 1 hp 196 frg 6
ARGEVT Romero hazard
ARGEVT Carmack pursue
ARGUS Romero wallslide
ARGLOG Carmack t 151.9 pos '349.6 -924.9 -104.0' spd 327.2 yaw 79 mode 2 st 1 gl 1 hp 100 frg 4
ARGLOG Joe Rogan t 151.9 pos '490.0 -281.1 -104.0' spd 324.3 yaw  94.6 mode 2 st 0 gl 7 hp 10 frg 7
ARGLOG Romero t 151.9 pos '607.7 -270.7 -296.0' spd 344.7 yaw  33.0 mode 2 st 0 gl 1 hp 195 frg 6
ARGEVT Romero pursue
ARGEVT Joe Rogan pursue
ARGEVT Carmack hazard
ARGLOG Carmack t 152.4 pos '390.3 -769.1 -104.0' spd 330.3 yaw  99.9 mode 2 st 1 gl 1 hp 100 frg 4
ARGLOG Joe Rogan t 152.4 pos '591.7 -140.6 -104.0' spd 428.9 yaw 316.5 mode 2 st 0 gl 7 hp 10 frg 7
ARGLOG Romero t 152.4 pos '640.6 -115.8 -296.0' spd 398.8 yaw 159.0 mode 2 st 0 gl 1 hp 195 frg 6
ARGUS Carmack wallslide
ARGUS Joe Rogan wallslide
ARGEVT Carmack pursue
ARGEVT Romero hazard
ARGLOG Carmack t 152.9 pos '324.7 -628.8 -104.0' spd 346.2 yaw 62 mode 0 st 1 gl 1 hp 100 frg 4
ARGLOG Joe Rogan t 152.9 pos '607.1 -277.6 -104.0' spd 368.9 yaw 210.0 mode 0 st 0 gl 7 hp 10 frg 7
ARGLOG Romero t 152.9 pos '597.0 -64.8 -296.0' spd 328.0 yaw 223.8 mode 2 st 0 gl 1 hp 194 frg 6
ARGUS routecache adopt
ARGEVT Carmack route 7 start '337.0 -663.0 -104.0' goal '753.0 -887.0 -232.0'
ARGEVT Joe Rogan route 3 start '561.0 -311.0 -104.0' goal '529.0  73.0 -296.0'
ARGUS Romero wallslide
ARGEVT Joe Rogan hazard
ARGLOG Carmack t 153.4 pos '330.4 -468.5 -104.0' spd 327.5 yaw  49.7 mode 2 st 1 gl 1 hp 100 frg 4
ARGLOG Joe Rogan t 153.4 pos '446.3 -351.3 -104.0' spd 297.6 yaw 104.4 mode 2 st 0 gl 7 hp 5 frg 7
ARGLOG Romero t 153.4 pos '592.8 -93.4 -296.0' spd 323.0 yaw 80 mode 2 st 0 gl 1 hp 194 frg 6
ARGUS Joe Rogan hunch item_artifact_super_damage
ARGEVT Joe Rogan goal item_health
ARGEVT Joe Rogan route 3 start '433.0 -375.0 -104.0' goal '465.0 -471.0  24.0'
ARGEVT Joe Rogan death Carmack pos '409.4 -450.8 -104.0'
ARGUS Carmack watch spawn
ARGLOG Carmack t 153.9 pos '274.6 -467.9 -104.0' spd 225.2 yaw 332.6 mode 2 st 1 gl 1 hp 100 frg 5
ARGLOG Romero t 153.9 pos '613.4  67.0 -296.0' spd 345.8 yaw 113.8 mode 0 st 0 gl 1 hp 193 frg 6
ARGEVT Carmack goal backpack
ARGEVT Romero route 10 start '625.0 105.0 -296.0' goal '817.0 -855.0 -232.0'
ARGEVT Romero hazard
ARGEVT Carmack jump
ARGEVT Carmack goal weapon_rocketlauncher
ARGEVT Carmack route 9 start '369.0 -471.0 -104.0' goal ' 81.0  73.0 -296.0'
ARGLOG Carmack t 154.4 pos '432.0 -522.4 -62.3' spd  30.8 yaw 65 mode 2 st 1 gl 2 hp 100 frg 5
ARGLOG Romero t 154.4 pos '391.8 -864.0  24.0' spd 300 yaw 87 mode 2 st 0 gl 1 hp 193 frg 6
ARGLOG Carmack t 154.9 pos '432.0 -491.4 -104.0' spd 288.7 yaw 61 mode 2 st 1 gl 2 hp 100 frg 5
ARGLOG Romero t 154.9 pos '357.2 -813.4  24.0' spd 350.7 yaw 80 mode 2 st 0 gl 1 hp 192 frg 6
ARGEVT Joe Rogan respawn
ARGEVT Joe Rogan goal weapon_rocketlauncher
ARGLOG Joe Rogan t 155.3 pos '-64.0 512.0 -296.0' spd 0 yaw 274.5 mode 0 st 0 gl 7 hp 100 frg 7
ARGEVT Joe Rogan route 20 start '-79.0 553.0 -296.0' goal '753.0 -887.0 -232.0'
ARGLOG Carmack t 155.4 pos '496.2 -327.8 -104.0' spd 439.8 yaw 153 mode 2 st 1 gl 2 hp 100 frg 5
ARGLOG Romero t 155.4 pos '361.6 -649.1  24.0' spd 321.9 yaw 73 mode 2 st 0 gl 1 hp 192 frg 6
ARGUS Romero wallslide
ARGEVT Joe Rogan hazard
ARGLOG Joe Rogan t 155.8 pos '-38.0 359.8 -296.0' spd 350.5 yaw 269 mode 2 st 0 gl 7 hp 100 frg 7
ARGLOG Carmack t 155.9 pos '653.1 -438.3 -120.0' spd 415.9 yaw 229.7 mode 0 st 1 gl 2 hp 100 frg 5
ARGLOG Romero t 155.9 pos '373.5 -478.1  24.0' spd 337.9 yaw 22 mode 2 st 0 gl 1 hp 191 frg 6
ARGEVT Romero engage Carmack
ARGEVT Carmack engage Romero
ARGEVT Carmack route 6 start '369.0 -247.0 -296.0' goal ' 81.0  73.0 -296.0'
ARGEVT Carmack route 7 start '465.0 -247.0 -296.0' goal ' 81.0  73.0 -296.0'
ARGLOG Joe Rogan t 156.3 pos '-118.2 194.6 -296.0' spd 374.4 yaw 282 mode 2 st 0 gl 7 hp 100 frg 7
ARGLOG Carmack t 156.4 pos '453.1 -240.0 -296.0' spd 300 yaw 245.7 mode 2 st 1 gl 2 hp 100 frg 5
ARGLOG Romero t 156.4 pos '377.9 -353.6 -29.3' spd 209.4 yaw  56.9 mode 2 st 0 gl 1 hp 191 frg 6
ARGLOG Joe Rogan t 156.8 pos '-10.8  67.0 -296.0' spd 321.1 yaw 318 mode 2 st 0 gl 7 hp 100 frg 7
ARGEVT Joe Rogan hazard
ARGLOG Carmack t 156.9 pos '532.3 -218.8 -296.0' spd 321.8 yaw 221.2 mode 2 st 1 gl 2 hp 76 frg 5
ARGLOG Romero t 156.9 pos '429.7 -274.9 -276.7' spd  96.3 yaw  37.0 mode 2 st 0 gl 1 hp 190 frg 6
ARGEVT Carmack goal weapon_nailgun
ARGEVT Carmack route 3 start '593.0 -215.0 -296.0' goal '369.0   9.0 -296.0'
ARGEVT Carmack weapon ssg
ARGLOG Joe Rogan t 157.3 pos ' 86.7  49.4 -296.0' spd  46.8 yaw 257 mode 2 st 0 gl 7 hp 100 frg 7
ARGLOG Carmack t 157.4 pos '603.7 -212.5 -296.0' spd 328.7 yaw 180.2 mode 2 st 1 gl 2 hp 76 frg 5
ARGLOG Romero t 157.4 pos '379.4 -238.5 -296.0' spd 255.8 yaw   3.2 mode 2 st 0 gl 1 hp 143 frg 6
ARGUS Joe Rogan wallslide
ARGLOG Joe Rogan t 157.9 pos ' 55.5  48.3 -296.0' spd 271.4 yaw 263 mode 2 st 0 gl 7 hp 100 frg 7
ARGLOG Carmack t 157.9 pos '620.2 -237.3 -296.0' spd 336.9 yaw 181.5 mode 2 st 1 gl 2 hp 64 frg 5
ARGLOG Romero t 158.0 pos '386.4 -242.7 -296.0' spd 268.8 yaw   6.1 mode 2 st 0 gl 1 hp 142 frg 6
ARGEVT Romero hazard
ARGLOG Joe Rogan t 158.4 pos '-54.6 -22.5 -296.0' spd 392.2 yaw 302.0 mode 2 st 0 gl 7 hp 100 frg 7
ARGLOG Carmack t 158.4 pos '601.8 -141.1 -296.0' spd 263.2 yaw 199.9 mode 2 st 1 gl 2 hp 64 frg 5
ARGLOG Romero t 158.5 pos '363.7 -249.9 -296.0' spd 187.5 yaw  15.7 mode 2 st 0 gl 1 hp 102 frg 6
ARGEVT Carmack grab item_armor1
ARGEVT Carmack pursue
ARGUS Joe Rogan wallslide
ARGUS Carmack hunch item_artifact_super_damage
ARGLOG Joe Rogan t 158.9 pos '-16.0 -194.7 -296.0' spd 366.8 yaw 307.3 mode 0 st 0 gl 7 hp 100 frg 7
ARGEVT Carmack goal item_health
ARGEVT Carmack pursue
ARGEVT Joe Rogan engage Romero
ARGUS Joe Rogan leadclip
ARGLOG Carmack t 158.9 pos '622.4 -63.5 -296.0' spd 245.5 yaw  16.0 mode 1 st 1 gl 2 hp 64 frg 5
ARGLOG Romero t 159.0 pos '394.8 -98.6 -296.0' spd 341.3 yaw  49.1 mode 0 st 0 gl 1 hp 101 frg 6
ARGEVT Romero route 14 start '337.0 -119.0 -296.0' goal '817.0 -855.0 -232.0'
ARGEVT Carmack hazard
ARGEVT Joe Rogan route 9 start ' 17.0 -247.0 -296.0' goal '753.0 -887.0 -232.0'
ARGEVT Romero hazard
ARGEVT Joe Rogan hazard
ARGEVT Romero pursue
ARGUS routecache adopt
ARGEVT Joe Rogan route 9 start ' 17.0 -247.0 -296.0' goal '753.0 -887.0 -232.0'
ARGUS Romero hunch item_artifact_super_damage
ARGUS Carmack wallslide
ARGEVT Romero pursue
ARGEVT Romero goal item_armorInv
ARGLOG Joe Rogan t 159.4 pos '-28.7 -184.9 -296.0' spd 322.1 yaw  23.1 mode 0 st 0 gl 7 hp 100 frg 7
ARGEVT Romero route 14 start '337.0 -119.0 -296.0' goal '817.0 -855.0 -232.0'
ARGEVT Joe Rogan route 10 start '-47.0 -151.0 -296.0' goal '753.0 -887.0 -232.0'
ARGLOG Carmack t 159.4 pos '656.0 -20.2 -296.0' spd 250.0 yaw 270.4 mode 1 st 1 gl 2 hp 64 frg 5
ARGLOG Romero t 159.5 pos '344.1 -82.5 -296.0' spd  73.8 yaw 101.8 mode 2 st 0 gl 1 hp 101 frg 6
ARGEVT Joe Rogan pursue
ARGUS Joe Rogan hunch item_artifact_super_damage
ARGEVT Romero pursue
ARGEVT Joe Rogan goal weapon_lightning
ARGEVT Joe Rogan route 13 start '-47.0 -23.0 -296.0' goal '529.0 -311.0 -104.0'
ARGLOG Joe Rogan t 159.9 pos '-38.8  -6.3 -296.0' spd 360.0 yaw 131.3 mode 2 st 0 gl 7 hp 49 frg 7
ARGEVT Romero pursue
ARGEVT Joe Rogan pursue
ARGEVT Carmack pursue
ARGLOG Carmack t 160.0 pos '602.6 -181.1 -296.0' spd 326.8 yaw 169.8 mode 1 st 1 gl 2 hp 64 frg 5
ARGLOG Romero t 160.0 pos '374.1  54.4 -288.0' spd 255.1 yaw 337.8 mode 2 st 0 gl 1 hp 100 frg 6
ARGEVT Romero hazard
ARGEVT Joe Rogan hazard
ARGLOG Joe Rogan t 160.4 pos '-81.1 150.6 -296.0' spd 328.8 yaw  62.8 mode 2 st 0 gl 7 hp 49 frg 7
ARGLOG Carmack t 160.5 pos '489.5 -252.3 -296.0' spd 333.8 yaw 168.4 mode 1 st 1 gl 2 hp 64 frg 5
ARGLOG Romero t 160.5 pos '390.0   1.3 -296.0' spd 320.1 yaw 265 mode 2 st 0 gl 1 hp 100 frg 6
ARGEVT Carmack pursue
ARGEVT Joe Rogan route 14 start '-111.0 201.0 -296.0' goal '529.0 -311.0 -104.0'
ARGLOG Joe Rogan t 160.9 pos '-57.1 273.8 -296.0' spd 207.4 yaw 324.0 mode 2 st 0 gl 7 hp 49 frg 7
ARGLOG Carmack t 161.0 pos '355.3 -257.4 -296.0' spd  95.6 yaw  92.7 mode 1 st 1 gl 2 hp 46 frg 5
ARGLOG Romero t 161.0 pos '377.4 -91.8 -296.0' spd 108.5 yaw 261.1 mode 2 st 0 gl 1 hp 100 frg 6
ARGEVT Carmack jump
ARGEVT Romero hazard
ARGLOG Joe Rogan t 161.4 pos '-46.1 180.8 -296.0' spd 320.1 yaw 270 mode 2 st 0 gl 7 hp 49 frg 7
ARGLOG Carmack t 161.5 pos '509.8 -239.4 -254.5' spd 324.8 yaw 133.7 mode 1 st 1 gl 2 hp 46 frg 5
ARGEVT Joe Rogan pursue
ARGLOG Romero t 161.5 pos '374.4 -122.5 -296.0' spd 243.4 yaw 324.8 mode 2 st 0 gl 1 hp 72 frg 6
ARGEVT Carmack pursue
ARGEVT Romero pursue
ARGLOG Joe Rogan t 161.9 pos '-17.8  17.5 -296.0' spd 336.9 yaw 261 mode 2 st 0 gl 7 hp 49 frg 7
ARGUS Joe Rogan wallslide
ARGEVT Romero pursue
ARGLOG Carmack t 162.0 pos '626.2 -167.6 -296.0' spd 316.1 yaw 171 mode 1 st 1 gl 2 hp 46 frg 5
ARGLOG Romero t 162.0 pos '391.7 -203.7 -296.0' spd 352.3 yaw 336.0 mode 2 st 0 gl 1 hp 72 frg 6
ARGEVT Carmack hazard
ARGUS Carmack wallslide
ARGLOG Joe Rogan t 162.4 pos '-34.8 -144.1 -296.0' spd 343.3 yaw 345 mode 2 st 0 gl 7 hp 49 frg 7
ARGLOG Carmack t 162.5 pos '592.0 -11.0 -296.0' spd 345.8 yaw 115 mode 1 st 1 gl 2 hp 46 frg 5
ARGLOG Romero t 162.5 pos '534.9 -253.4 -296.0' spd 364.8 yaw 56 mode 2 st 0 gl 1 hp 72 frg 6
ARGEVT Joe Rogan engage Romero
ARGUS Joe Rogan leadclip
ARGEVT Carmack pursue
ARGUS routecache adopt
ARGEVT Joe Rogan route 11 start ' 17.0 -247.0 -296.0' goal '529.0 -311.0 -104.0'
ARGEVT Joe Rogan hazard
ARGLOG Joe Rogan t 162.9 pos ' 77.5 -252.2 -296.0' spd 240.7 yaw  10.3 mode 2 st 0 gl 7 hp 49 frg 7
ARGLOG Carmack t 163.0 pos '519.6  91.2 -296.0' spd 196.9 yaw 296.0 mode 1 st 1 gl 2 hp 71 frg 5
ARGLOG Romero t 163.0 pos '623.8 -181.8 -296.0' spd 253.3 yaw 112.6 mode 2 st 0 gl 1 hp 72 frg 6
ARGEVT Romero pursue
ARGEVT Carmack pursue
ARGEVT Joe Rogan pursue
ARGEVT Joe Rogan pursue
ARGLOG Joe Rogan t 163.4 pos ' 84.5 -222.6 -296.0' spd 222.5 yaw 3 mode 2 st 0 gl 7 hp 49 frg 7
ARGUS Carmack wallslide
ARGEVT Romero grab item_armor1
ARGLOG Carmack t 163.5 pos '569.5  17.4 -296.0' spd 293.5 yaw 335.5 mode 1 st 1 gl 2 hp 71 frg 5
ARGLOG Romero t 163.5 pos '605.1 -60.0 -296.0' spd 335.5 yaw 103.5 mode 2 st 0 gl 1 hp 72 frg 6
ARGEVT Romero retreat
ARGEVT Romero hazard
ARGEVT Joe Rogan pursue
ARGEVT Carmack hazard
ARGLOG Joe Rogan t 163.9 pos '240.8 -231.9 -296.0' spd 332.4 yaw   1.2 mode 2 st 0 gl 7 hp 49 frg 7
ARGLOG Carmack t 164.0 pos '554.0 110.9 -296.0' spd 118.5 yaw 297.9 mode 1 st 1 gl 2 hp 53 frg 5
ARGEVT Joe Rogan pursue
ARGUS Joe Rogan prefire
ARGLOG Romero t 164 pos '653.1 -135.2 -296.0' spd 339.9 yaw 110.3 mode 2 st 0 gl 1 hp 16 frg 6
ARGEVT Romero death Joe Rogan pos '650.5 -255.3 -296.0'
ARGUS Joe Rogan watch spawn
ARGLOG Joe Rogan t 164.4 pos '382.2 -241.4 -296.0' spd 209.1 yaw  73.5 mode 2 st 0 gl 7 hp 49 frg 8
ARGEVT Joe Rogan hazard
ARGLOG Carmack t 164.5 pos '392.1 -864.0  24.0' spd 300 yaw 80 mode 1 st 1 gl 2 hp 44 frg 5
ARGEVT Joe Rogan goal backpack
ARGLOG Joe Rogan t 164.9 pos '425.0 -263.6 -296.0' spd 351.3 yaw 351.7 mode 1 st 0 gl 7 hp 49 frg 8
ARGLOG Carmack t 165.0 pos '363.7 -822.7  24.0' spd 353.8 yaw 78 mode 1 st 1 gl 2 hp 44 frg 5
ARGLOG Joe Rogan t 165.4 pos '587.6 -249.8 -296.0' spd 324.4 yaw  16.9 mode 1 st 0 gl 7 hp 49 frg 8
ARGUS Carmack wallslide
ARGLOG Carmack t 165.5 pos '367.9 -658.0  24.0' spd 328.1 yaw 76 mode 1 st 1 gl 2 hp 44 frg 5
ARGEVT Joe Rogan hazard
ARGEVT Joe Rogan goal item_armorInv
ARGEVT Joe Rogan route 12 start '593.0 -215.0 -296.0' goal '817.0 -855.0 -232.0'
ARGUS Joe Rogan wallslide
ARGEVT Romero respawn
ARGEVT Carmack engage Romero
ARGEVT Carmack grab item_health
ARGEVT Romero goal weapon_lightning
ARGEVT Romero engage Carmack
ARGLOG Romero t 165.9 pos '272.0 -952.0  24.0' spd 0 yaw   3.3 mode 0 st 0 gl 1 hp 100 frg 6
ARGLOG Joe Rogan t 165.9 pos '647.2 -114.3 -296.0' spd 383.8 yaw 150.0 mode 2 st 0 gl 8 hp 49 frg 8
ARGEVT Romero route 6 start '305.0 -983.0  24.0' goal '529.0 -311.0 -104.0'
ARGLOG Carmack t 166.0 pos '385.5 -494.5  24.0' spd 395.5 yaw 350.1 mode 1 st 1 gl 2 hp 44 frg 5
ARGUS Romero wallslide
ARGEVT Carmack grab weapon_lightning
ARGLOG Romero t 166.4 pos '208.1 -853.6  24.0' spd 395.9 yaw  53.1 mode 2 st 0 gl 1 hp 100 frg 6
ARGLOG Joe Rogan t 166.4 pos '609.6 -64.7 -296.0' spd 321.5 yaw 283 mode 2 st 0 gl 8 hp 49 frg 8
ARGEVT Romero pursue
ARGEVT Carmack pursue
ARGEVT Carmack hazard
ARGLOG Carmack t 166.5 pos '545.6 -448.9  24.0' spd 204.0 yaw 238 mode 1 st 1 gl 2 hp 69 frg 5
ARGUS Romero hunch item_artifact_super_damage
ARGEVT Romero hazard
ARGEVT Romero goal weapon_lightning
ARGEVT Romero route 5 start '241.0 -759.0  24.0' goal '529.0 -311.0 -104.0'
ARGEVT Romero pursue
ARGUS Carmack hunch item_armorInv
ARGEVT Carmack pursue
ARGEVT Carmack goal weapon_rocketlauncher
ARGLOG Romero t 166.9 pos '208.0 -804.2  24.0' spd 322.7 yaw 265.0 mode 2 st 0 gl 1 hp 100 frg 6
ARGEVT Carmack route 6 start '465.0 -471.0  24.0' goal '753.0 -887.0 -232.0'
ARGLOG Joe Rogan t 166.9 pos '605.4 -226.3 -296.0' spd 321.1 yaw 254 mode 2 st 0 gl 8 hp 49 frg 8
ARGEVT Joe Rogan hazard
ARGLOG Carmack t 167.0 pos '435.2 -489.0  24.0' spd 322.5 yaw 134.7 mode 2 st 1 gl 2 hp 69 frg 5
ARGEVT Joe Rogan route 12 start '593.0 -215.0 -296.0' goal '817.0 -855.0 -232.0'
ARGLOG Romero t 167.4 pos '230.7 -931.0  24.0' spd 141.6 yaw  55.9 mode 2 st 0 gl 1 hp 100 frg 6
ARGLOG Joe Rogan t 167.4 pos '649.0 -252.7 -296.0' spd 317.2 yaw 235.4 mode 2 st 0 gl 8 hp 49 frg 8
ARGLOG Carmack t 167.5 pos '369.1 -358.7  -1.8' spd 268.3 yaw 256.0 mode 2 st 1 gl 2 hp 69 frg 5
ARGEVT Romero pursue
ARGLOG Romero t 167.9 pos '248.3 -778.8  24.0' spd 321.0 yaw  66.2 mode 2 st 0 gl 1 hp 100 frg 6
ARGLOG Joe Rogan t 167.9 pos '490.1 -249.9 -296.0' spd 336.9 yaw 69 mode 2 st 0 gl 8 hp 49 frg 8
ARGEVT Romero hazard
ARGEVT Joe Rogan engage Carmack
ARGEVT Joe Rogan weapon ng
ARGEVT Joe Rogan grab weapon_lightning
ARGLOG Carmack t 168.0 pos '432.0 -250.3 -205.9' spd 200.8 yaw 341.5 mode 2 st 1 gl 2 hp 69 frg 5
ARGUS Joe Rogan bodyblock
ARGEVT Joe Rogan hazard
ARGEVT Carmack pursue
ARGUS Romero wallslide
ARGEVT Carmack hazard
ARGEVT Romero pursue
ARGUS Joe Rogan wallslide
ARGLOG Romero t 168.4 pos '303.5 -752.0  24.0' spd 386.1 yaw  41.6 mode 2 st 0 gl 1 hp 100 frg 6
ARGLOG Joe Rogan t 168.4 pos '537.2 -211.8 -296.0' spd 237.9 yaw 259.6 mode 2 st 0 gl 8 hp 49 frg 8
ARGUS Carmack wallslide
ARGLOG Carmack t 168.5 pos '541.6 -272.8 -296.0' spd 290.1 yaw 265 mode 2 st 1 gl 2 hp 64 frg 5
ARGUS Carmack bodyblock
ARGLOG Romero t 168.9 pos '367.9 -609.0  24.0' spd 318.9 yaw 88 mode 2 st 0 gl 1 hp 100 frg 6
ARGLOG Joe Rogan t 169.0 pos '452.7 -256.8 -296.0' spd 352.0 yaw 343.7 mode 2 st 0 gl 8 hp 49 frg 8
ARGLOG Carmack t 169.0 pos '541.6 -272.8 -296.0' spd 0 yaw 286.4 mode 2 st 1 gl 2 hp 46 frg 5
ARGEVT Joe Rogan hazard
ARGLOG Romero t 169.5 pos '373.9 -443.1  24.0' spd 358.4 yaw 49 mode 2 st 0 gl 1 hp 100 frg 6
ARGLOG Joe Rogan t 169.5 pos '475.3 -256.7 -296.0' spd 166.2 yaw 353.6 mode 2 st 0 gl 8 hp 49 frg 8
ARGLOG Carmack t 169.6 pos '541.6 -272.8 -296.0' spd 0 yaw 265 mode 2 st 1 gl 2 hp 1 frg 5
ARGEVT Carmack death Joe Rogan pos '541.6 -272.8 -296.0'
ARGEVT Joe Rogan engage Romero
ARGEVT Joe Rogan weapon rl
ARGEVT Romero engage Joe Rogan
ARGEVT Romero grab weapon_lightning
ARGEVT Joe Rogan goal backpack
ARGUS Joe Rogan leadclip
ARGLOG Romero t 170.0 pos '430.4 -268.0 -68.2' spd 358.1 yaw 100.7 mode 1 st 0 gl 1 hp 100 frg 6
ARGLOG Joe Rogan t 170.0 pos '373.2 -208.2 -296.0' spd 320.8 yaw 328.0 mode 1 st 0 gl 8 hp 49 frg 9
ARGEVT Joe Rogan grab 
ARGEVT Joe Rogan hazard
ARGEVT Joe Rogan retreat
ARGEVT Romero goal item_armorInv
ARGEVT Romero route 6 start '529.0 -311.0 -104.0' goal '817.0 -855.0 -232.0'
ARGLOG Romero t 170.5 pos '540.7 -325.1 -104.0' spd 411.3 yaw 154.4 mode 2 st 0 gl 2 hp 100 frg 6
ARGLOG Joe Rogan t 170.5 pos '427.7 -235.0 -296.0' spd 216.0 yaw 311.1 mode 1 st 0 gl 8 hp 15 frg 9
ARGEVT Romero pursue
ARGEVT Joe Rogan pursue
ARGUS Joe Rogan hunch item_artifact_super_damage
ARGEVT Joe Rogan goal item_health
ARGEVT Joe Rogan pursue
ARGEVT Joe Rogan route 11 start '369.0 -247.0 -296.0' goal '977.0 -471.0 -104.0'
ARGEVT Romero hazard
ARGLOG Romero t 171.0 pos '468.7 -320.5 -104.0' spd  33.6 yaw 137.7 mode 2 st 0 gl 2 hp 100 frg 6
ARGLOG Joe Rogan t 171.0 pos '358.9 -264.0 -296.0' spd 165.5 yaw 328.7 mode 2 st 0 gl 8 hp 15 frg 9
ARGEVT Joe Rogan death Romero pos '332.0 -261.2 -296.0'
ARGUS Romero watch spawn
ARGEVT Carmack respawn
ARGEVT Carmack goal backpack
ARGEVT Carmack engage Romero
ARGLOG Carmack t 171.1 pos '-64.0 -232.0 -72.0' spd 0 yaw 359.7 mode 0 st 1 gl 2 hp 100 frg 5
ARGEVT Carmack route 8 start '-47.0 -247.0 -72.0' goal '337.0 -247.0 -296.0'
ARGEVT Romero goal item_health
ARGEVT Romero route 3 start '433.0 -375.0 -104.0' goal '977.0 -471.0 -104.0'
ARGEVT Carmack hazard
ARGUS Carmack wallslide
ARGLOG Romero t 171.5 pos '492.9 -374.1  51.6' spd  31.5 yaw  86.5 mode 2 st 0 gl 2 hp 8 frg 7
ARGEVT Carmack route 8 start '-47.0 -247.0 -72.0' goal '337.0 -247.0 -296.0'
ARGLOG Carmack t 171.6 pos '-10.9 -272.0 -72.0' spd 323.8 yaw 350.7 mode 2 st 1 gl 2 hp 100 frg 5
ARGEVT Carmack pursue
ARGEVT Romero engage Carmack
ARGEVT Romero weapon sg
ARGEVT Romero retreat
ARGEVT Romero death Carmack pos '496.4 -366.8 107.4'
ARGUS Carmack watch spawn
ARGEVT Carmack goal weapon_rocketlauncher
ARGEVT Carmack route 10 start ' 49.0 -247.0 -72.0' goal '753.0 -887.0 -232.0'
ARGLOG Carmack t 172.1 pos '155.8 -212.3 -72.0' spd 430.4 yaw 267 mode 2 st 1 gl 2 hp 100 frg 6
ARGEVT Carmack jump
ARGEVT Joe Rogan respawn
ARGEVT Carmack engage Joe Rogan
ARGEVT Carmack grab weapon_grenadelauncher
ARGEVT Joe Rogan goal weapon_grenadelauncher
ARGEVT Joe Rogan engage Carmack
ARGLOG Joe Rogan t 172.6 pos '-64.0 -232.0 -72.0' spd 0 yaw 359.0 mode 0 st 0 gl 8 hp 100 frg 9
ARGEVT Joe Rogan route 6 start '-47.0 -247.0 -72.0' goal '145.0 -407.0 -104.0'
ARGLOG Carmack t 172.7 pos '112.0 -292.3 -28.6' spd  97.9 yaw 283.5 mode 2 st 1 gl 2 hp 100 frg 6
ARGUS Joe Rogan wallslide
ARGEVT Joe Rogan pursue
ARGEVT Joe Rogan hazard
ARGLOG Joe Rogan t 173.1 pos '-66.2 -272.0 -72.0' spd 176.2 yaw 348.6 mode 2 st 0 gl 8 hp 100 frg 9
ARGLOG Carmack t 173.2 pos '115.5 -402.6   8.0' spd 350.9 yaw 307.8 mode 2 st 1 gl 2 hp 100 frg 6
ARGEVT Romero respawn
ARGEVT Romero goal item_armorInv
ARGEVT Romero engage Joe Rogan
ARGLOG Romero t 173.3 pos '784.0 -176.0  24.0' spd 0 yaw 180.1 mode 0 st 0 gl 2 hp 100 frg 7
ARGEVT Carmack pursue
ARGEVT Romero route 5 start '785.0 -183.0  24.0' goal '817.0 -855.0 -232.0'
ARGLOG Joe Rogan t 173.6 pos ' 94.5 -271.3 -72.0' spd 347.3 yaw 341.9 mode 2 st 0 gl 8 hp 100 frg 9
ARGLOG Carmack t 173.7 pos '265.5 -487.0  24.0' spd 202.3 yaw  79.7 mode 2 st 1 gl 2 hp 100 frg 6
ARGEVT Joe Rogan jump
ARGLOG Romero t 173.8 pos '640.4 -192.4  24.0' spd 317.3 yaw 190.6 mode 2 st 0 gl 2 hp 100 frg 7
ARGEVT Romero grab 
ARGEVT Joe Rogan grab weapon_grenadelauncher
ARGLOG Joe Rogan t 174.1 pos '169.8 -270.8 -35.2' spd 225.2 yaw 265.9 mode 2 st 0 gl 8 hp 76 frg 9
ARGLOG Carmack t 174.2 pos '143.7 -423.7   8.0' spd 321.2 yaw  86.4 mode 2 st 1 gl 2 hp 100 frg 6
ARGLOG Romero t 174.3 pos '511.8 -305.3   2.5' spd 356.5 yaw 176.6 mode 2 st 0 gl 2 hp 100 frg 7
ARGUS Joe Rogan wallslide
ARGEVT Romero route 5 start '433.0 -375.0 -104.0' goal '817.0 -855.0 -232.0'
ARGEVT Joe Rogan jump
ARGEVT Romero hazard
ARGLOG Joe Rogan t 174.6 pos '112.0 -337.7 -11.0' spd 30 yaw 317.1 mode 2 st 0 gl 8 hp 36 frg 9
ARGLOG Carmack t 174.7 pos '225.6 -432.0   9.4' spd   3.7 yaw 139.8 mode 2 st 1 gl 2 hp 76 frg 6
ARGEVT Joe Rogan retreat
ARGLOG Romero t 174.8 pos '416.2 -385.0 -104.0' spd 320.3 yaw 176.6 mode 2 st 0 gl 2 hp 100 frg 7
ARGLOG Joe Rogan t 175.2 pos '112.0 -305.9 -23.2' spd  90.7 yaw 312.7 mode 2 st 0 gl 8 hp 12 frg 9
ARGLOG Carmack t 175.2 pos '209.0 -415.7 -104.0' spd 139.0 yaw 134.0 mode 2 st 1 gl 2 hp 40 frg 6
ARGLOG Romero t 175.3 pos '380.3 -462.8 -104.0' spd 313.0 yaw 147.0 mode 2 st 0 gl 2 hp 100 frg 7
ARGEVT Carmack weapon sg
ARGEVT Carmack weapon gl
ARGEVT Carmack route 7 start '145.0 -407.0 -104.0' goal '753.0 -887.0 -232.0'
ARGEVT Joe Rogan pursue
ARGEVT Carmack pursue
ARGEVT Joe Rogan goal item_health
ARGEVT Joe Rogan route 4 start '145.0 -247.0 -72.0' goal '-207.0 -471.0 -72.0'
ARGEVT Joe Rogan death Romero pos '125.3 -234.4 -72.0'
ARGEVT Carmack engage Romero
ARGEVT Romero engage Carmack
ARGEVT Carmack grab 
ARGLOG Carmack t 175.7 pos '113.4 -380.1 -104.0' spd 265.4 yaw  15.8 mode 2 st 1 gl 2 hp 40 frg 6
ARGEVT Carmack hazard
ARGUS Carmack wallslide
ARGEVT Romero goal item_armorInv
ARGEVT Romero route 5 start '433.0 -375.0 -104.0' goal '817.0 -855.0 -232.0'
ARGLOG Romero t 175.8 pos '426.4 -419.7 -104.0' spd 333.3 yaw 171.0 mode 2 st 0 gl 2 hp 100 frg 8
ARGEVT Romero hazard
ARGLOG Carmack t 176.2 pos '112.0 -372.7 -104.0' spd  10.0 yaw 337.9 mode 2 st 1 gl 2 hp 40 frg 6
ARGLOG Romero t 176.3 pos '425.6 -472.6 -104.0' spd 323.3 yaw 154.3 mode 2 st 0 gl 2 hp 100 frg 8
ARGLOG Carmack t 176.7 pos '112.1 -375.6 -104.0' spd  80.4 yaw 357.6 mode 2 st 1 gl 2 hp 36 frg 6
ARGEVT Carmack hazard
ARGUS Carmack wallslide
ARGEVT Carmack retreat
ARGLOG Romero t 176.8 pos '407.8 -419.1 -104.0' spd 320.7 yaw 175.0 mode 2 st 0 gl 2 hp 100 frg 8
ARGEVT Joe Rogan respawn
ARGEVT Joe Rogan goal backpack
ARGLOG Joe Rogan t 177.1 pos '-64.0 -232.0 -72.0' spd 0 yaw 355.5 mode 1 st 0 gl 8 hp 100 frg 9
ARGLOG Carmack t 177.2 pos '112.1 -376.8 -104.0' spd 199.3 yaw   8.2 mode 2 st 1 gl 2 hp 12 frg 6
ARGEVT Joe Rogan engage Romero
ARGEVT Joe Rogan grab 
ARGLOG Romero t 177.3 pos '450.0 -402.2 -104.0' spd 352.0 yaw 171.0 mode 2 st 0 gl 2 hp 100 frg 8
ARGEVT Joe Rogan goal backpack
ARGEVT Joe Rogan route 8 start ' 49.0 -247.0 -72.0' goal '337.0 -247.0 -296.0'
ARGLOG Joe Rogan t 177.6 pos ' 77.4 -237.9 -72.0' spd 264.4 yaw 347.9 mode 2 st 0 gl 9 hp 100 frg 9
ARGLOG Carmack t 177.7 pos '130.4 -402.8 -104.0' spd 320.9 yaw  41.4 mode 2 st 1 gl 2 hp 12 frg 6
ARGEVT Carmack hazard
ARGLOG Romero t 177.8 pos '465.9 -259.7 -104.0' spd  86.5 yaw 198.9 mode 2 st 0 gl 2 hp 100 frg 8
ARGEVT Romero grab 
ARGEVT Carmack route 7 start '145.0 -407.0 -104.0' goal '753.0 -887.0 -232.0'
ARGEVT Joe Rogan jump
ARGUS routecache adopt
ARGEVT Carmack route 7 start '145.0 -407.0 -104.0' goal '753.0 -887.0 -232.0'
ARGLOG Joe Rogan t 178.1 pos '163.6 -273.9 -36.4' spd 151.7 yaw 353.5 mode 2 st 0 gl 9 hp 100 frg 9
ARGLOG Carmack t 178.2 pos '143.1 -431.0 -104.0' spd 100.3 yaw 350.6 mode 2 st 1 gl 2 hp 12 frg 6
ARGLOG Romero t 178.3 pos '544.3 -369.0 -104.0' spd  74.6 yaw 195.8 mode 2 st 0 gl 2 hp 96 frg 8
ARGLOG Joe Rogan t 178.6 pos '198.1 -262.2 -72.0' spd 263.7 yaw 352.3 mode 2 st 0 gl 9 hp 100 frg 9
ARGEVT Carmack weapon sg
ARGLOG Carmack t 178.7 pos '129.0 -391.9 -104.0' spd  26.2 yaw  39.9 mode 2 st 1 gl 2 hp 12 frg 6
ARGEVT Carmack death Romero pos '130.1 -394.2 -104.0'
ARGUS Romero watch spawn
ARGEVT Romero engage Joe Rogan
ARGEVT Romero goal item_armorInv
ARGLOG Romero t 178.8 pos '502.1 -229.3 -104.0' spd 378.6 yaw 191.8 mode 0 st 0 gl 2 hp 96 frg 9
ARGEVT Romero route 5 start '465.0 -279.0 -104.0' goal '817.0 -855.0 -232.0'
ARGEVT Romero grab item_armor1
ARGLOG Joe Rogan t 179.1 pos '238.3 -231.9 -137.7' spd  54.6 yaw  18.0 mode 1 st 0 gl 9 hp 100 frg 9
ARGEVT Joe Rogan grab 
ARGLOG Romero t 179.3 pos '497.7 -158.6 -104.0' spd 326.3 yaw 205.4 mode 2 st 0 gl 2 hp 96 frg 9
ARGLOG Joe Rogan t 179.6 pos '240.0 -230.4 -296.0' spd 147.0 yaw   2.8 mode 1 st 0 gl 9 hp 100 frg 9
ARGEVT Joe Rogan grab 
ARGLOG Romero t 179.8 pos '509.9 -323.9 -104.0' spd 332.7 yaw 170.7 mode 2 st 0 gl 2 hp 96 frg 9
ARGEVT Joe Rogan hazard
ARGLOG Joe Rogan t 180.1 pos '243.0 -212.4 -296.0' spd  11.9 yaw 325.5 mode 1 st 0 gl 9 hp 100 frg 9
ARGUS Romero wallslide
ARGEVT Carmack respawn
ARGEVT Carmack goal weapon_rocketlauncher
ARGLOG Carmack t 180.3 pos '112.0 -1136.0 -104.0' spd 0 yaw  40.5 mode 0 st 1 gl 2 hp 100 frg 6
ARGEVT Carmack route 10 start '113.0 -1079.0 -104.0' goal '753.0 -887.0 -232.0'
ARGEVT Carmack engage Romero
ARGLOG Romero t 180.4 pos '413.0 -433.0 -104.0' spd 330.0 yaw 129.2 mode 2 st 0 gl 2 hp 96 frg 9
ARGEVT Joe Rogan goal backpack
ARGEVT Joe Rogan route 5 start '337.0 -247.0 -296.0' goal '145.0 -407.0 -104.0'
ARGUS Joe Rogan leadclip
ARGLOG Joe Rogan t 180.7 pos '367.5 -164.3 -296.0' spd 326.9 yaw 274.3 mode 2 st 0 gl 10 hp 100 frg 9
ARGEVT Carmack pursue
ARGLOG Carmack t 180.8 pos '175.6 -1007.4 -104.0' spd 320.1 yaw  65.9 mode 2 st 1 gl 2 hp 100 frg 6
ARGLOG Romero t 180.9 pos '447.9 -400.3 -104.0' spd 325.1 yaw  96.3 mode 2 st 0 gl 2 hp 50 frg 9
ARGEVT Joe Rogan hazard
ARGLOG Joe Rogan t 181.2 pos '385.0 -148.8 -296.0' spd 118.8 yaw 303.2 mode 2 st 0 gl 10 hp 100 frg 9
ARGEVT Carmack pursue
ARGEVT Romero pursue
ARGLOG Carmack t 181.3 pos '245.8 -860.7 -104.0' spd 320.0 yaw  65.0 mode 2 st 1 gl 2 hp 100 frg 6
ARGEVT Joe Rogan pursue
ARGUS Joe Rogan hunch item_artifact_super_damage
ARGLOG Romero t 181.4 pos '571.6 -306.5 -104.0' spd 327.6 yaw 144 mode 2 st 0 gl 2 hp 50 frg 9
ARGEVT Joe Rogan pursue
ARGEVT Joe Rogan goal item_rockets
ARGEVT Joe Rogan route 7 start '337.0 -119.0 -296.0' goal '401.0 -791.0 -104.0'
ARGLOG Joe Rogan t 181.7 pos '338.5 -28.4 -296.0' spd 335.0 yaw 184.1 mode 2 st 0 gl 10 hp 100 frg 9
ARGUS Joe Rogan wallslide
ARGUS Romero hunch item_artifact_super_damage
ARGLOG Carmack t 181.8 pos '320.8 -736.2 -104.0' spd 317.7 yaw  69.0 mode 2 st 1 gl 2 hp 100 frg 6
ARGLOG Romero t 181.9 pos '484.2 -166.8 -104.0' spd 332.9 yaw  65.1 mode 2 st 0 gl 2 hp 50 frg 9
ARGEVT Romero goal weapon_rocketlauncher
ARGEVT Romero route 8 start '465.0 -151.0 -104.0' goal ' 81.0  73.0 -296.0'
ARGUS Carmack wallslide
ARGLOG Joe Rogan t 182.2 pos '365.3  93.6 -288.0' spd 297.7 yaw 312.9 mode 2 st 0 gl 10 hp 100 frg 9
ARGEVT Joe Rogan pursue
ARGEVT Romero pursue
ARGLOG Carmack t 182.3 pos '368.0 -583.1 -104.0' spd 334.4 yaw  71.7 mode 2 st 1 gl 2 hp 100 frg 6
ARGEVT Joe Rogan hazard
ARGEVT Romero hazard
ARGLOG Romero t 182.4 pos '525.5 -25.0 -104.0' spd 320.0 yaw 168.2 mode 2 st 0 gl 2 hp 50 frg 9
ARGEVT Romero pursue
ARGEVT Joe Rogan pursue
ARGEVT Carmack grab 
ARGLOG Joe Rogan t 182.7 pos '383.8 -14.5 -296.0' spd 384.4 yaw 275.0 mode 2 st 0 gl 10 hp 100 frg 9
ARGUS Joe Rogan leadclip
ARGLOG Carmack t 182.8 pos '282.1 -443.6 -104.0' spd 333.3 yaw  67.0 mode 2 st 1 gl 2 hp 100 frg 6
ARGLOG Romero t 182.9 pos '469.4 -103.8 -101.2' spd  95.2 yaw 174.3 mode 2 st 0 gl 2 hp 45 frg 9
ARGLOG Joe Rogan t 183.2 pos '339.4 -113.9 -296.0' spd 158.0 yaw   2.0 mode 2 st 0 gl 10 hp 96 frg 9
ARGLOG Carmack t 183.3 pos '199.4 -422.9 -104.0' spd 322.2 yaw  46.9 mode 2 st 1 gl 2 hp 100 frg 6
ARGUS Carmack wallslide
ARGEVT Joe Rogan pursue
ARGEVT Romero pursue
ARGLOG Romero t 183.4 pos '521.5 -96.3 -104.0' spd 315.1 yaw 188.7 mode 2 st 0 gl 2 hp 29 frg 9
ARGEVT Joe Rogan hazard
ARGEVT Romero hazard
ARGEVT Joe Rogan pursue
ARGLOG Joe Rogan t 183.7 pos '380.7 -177.7 -296.0' spd 301.3 yaw 335.5 mode 0 st 0 gl 10 hp 96 frg 9
ARGLOG Carmack t 183.8 pos '358.3 -456.4 -104.0' spd 320.1 yaw  61.2 mode 2 st 1 gl 2 hp 100 frg 6
ARGEVT Joe Rogan route 8 start '369.0 -215.0 -296.0' goal '401.0 -791.0 -104.0'
ARGLOG Romero t 183.9 pos '455.9 -235.6 -104.0' spd 320.3 yaw 196.7 mode 2 st 0 gl 2 hp 29 frg 9
ARGEVT Romero death Joe Rogan pos '451.1 -253.2 -104.0'
ARGUS Joe Rogan watch spawn
ARGEVT Joe Rogan goal backpack
ARGEVT Joe Rogan route 10 start '337.0 -247.0 -296.0' goal '465.0 -279.0 -104.0'
ARGLOG Joe Rogan t 184.2 pos '294.7 -267.8 -296.0' spd 277.4 yaw 289.4 mode 2 st 0 gl 10 hp 80 frg 10
ARGEVT Joe Rogan engage Carmack
ARGEVT Carmack engage Joe Rogan
ARGEVT Carmack grab 
ARGEVT Carmack hazard
ARGLOG Carmack t 184.3 pos '382.0 -406.6 -104.0' spd 243.6 yaw 100.8 mode 2 st 1 gl 2 hp 100 frg 6
ARGEVT Joe Rogan hazard
ARGLOG Joe Rogan t 184.7 pos '142.6 -278.2 -296.0' spd 174.0 yaw   1.2 mode 2 st 0 gl 10 hp 80 frg 10
ARGUS Joe Rogan leadclip
ARGLOG Carmack t 184.8 pos '445.6 -338.1 -104.0' spd 320.6 yaw 160.8 mode 2 st 1 gl 2 hp 100 frg 6
ARGEVT Joe Rogan goal item_armorInv
ARGEVT Joe Rogan route 15 start '145.0 -247.0 -296.0' goal '817.0 -855.0 -232.0'
ARGLOG Joe Rogan t 185.2 pos '140.1 -255.0 -296.0' spd  67.7 yaw 355.5 mode 2 st 0 gl 10 hp 80 frg 10
ARGEVT Joe Rogan grab 
ARGLOG Carmack t 185.3 pos '494.4 -249.5 -104.0' spd 320.3 yaw 178.5 mode 2 st 1 gl 2 hp 100 frg 6
ARGEVT Romero respawn
ARGEVT Romero goal weapon_rocketlauncher
ARGLOG Romero t 185.5 pos '-64.0 512.0 -296.0' spd 0 yaw 274.5 mode 0 st 0 gl 2 hp 100 frg 9
ARGEVT Romero route 5 start '-79.0 553.0 -296.0' goal ' 81.0  73.0 -296.0'
ARGLOG Joe Rogan t 185.7 pos '245.5 -214.1 -296.0' spd 240.1 yaw 340.9 mode 2 st 0 gl 10 hp 60 frg 10
ARGEVT Romero hazard
ARGEVT Joe Rogan hazard
ARGLOG Carmack t 185.8 pos '447.5 -350.6 -104.0' spd 199.5 yaw 151.1 mode 2 st 1 gl 2 hp 100 frg 6
ARGLOG Romero t 186.0 pos ' 31.8 414.0 -296.0' spd 239.9 yaw 241 mode 2 st 0 gl 2 hp 100 frg 9
ARGEVT Carmack retreat
