LOG started on: 08/21/2026 10:33:47 
Playing registered version.
UDP Initialized
WIPX_OpenSocket: Address family not supported by protocol family
WIPX_Init: Unable to open control socket, IPX disabled
Exe: 20:02:47 Jul 31 2024
256.0 megabyte heap

Language initialization
Couldn't load 'localization/loc_english.txt'
from 'C:/argus/engine'

========= Quake Initialized =========

execing autoexec.cfg
SpawnServer: dm2
Clearing memory
Programs occupy 587K.
trying to open external vis file
maps/dm2.vis not found, trying argus.vis
external vis not found
ARGUS slots 8
ARGUS worldspawn reached
ARGNAV 163 nodes, 544 links
0 entities inhibited
ARGUS init on dm2
ARGEVT Carmack spawned
ARGEVT Romero spawned
ARGEVT Joe Rogan spawned
Server spawned.
ARGLOG Joe Rogan t   1.2 pos '2624.0 -488.0  32.0' spd 0 yaw 143.2 mode 0 st 0 gl 0 hp 100 frg 0
ARGLOG Romero t   1.2 pos '2544.0 -32.0 -64.0' spd 0 yaw 190.2 mode 0 st 0 gl 0 hp 100 frg 0
ARGLOG Carmack t   1.2 pos '2560.0 -192.0  32.0' spd 0 yaw 162.0 mode 0 st 0 gl 0 hp 100 frg 0
ARGEVT Joe Rogan plan powerup via weapon
ARGEVT Joe Rogan goal weapon_rocketlauncher
ARGEVT Romero goal item_armorInv
ARGEVT Carmack plan powerup via weapon
ARGEVT Carmack goal weapon_rocketlauncher
ARGEVT Joe Rogan route 13 start '2553.0 -511.0  24.0' goal '1465.0 -703.0 184.0'
ARGEVT Romero hazard
ARGEVT Carmack engage Joe Rogan
ARGEVT Romero routefail
ARGEVT Joe Rogan engage Carmack
ARGLOG Joe Rogan t   1.7 pos '2498.3 -522.5   8.0' spd 366.9 yaw 132.2 mode 2 st 0 gl 0 hp 100 frg 0
ARGLOG Romero t   1.7 pos '2379.4 -80.0 -72.0' spd 416.2 yaw 223.5 mode 0 st 0 gl 0 hp 100 frg 0
ARGLOG Carmack t   1.7 pos '2402.5 -185.2  24.0' spd 321.6 yaw 268.9 mode 0 st 0 gl 0 hp 100 frg 0
ARGEVT Romero goal item_armor2
ARGEVT Romero route 2 start '2361.0 -63.0 -88.0' goal '2777.0   1.0 -72.0'
ARGEVT Carmack pursue
ARGEVT Carmack hazard
ARGEVT Carmack routefail
ARGEVT Joe Rogan pursue
ARGEVT Joe Rogan grab item_armorInv
ARGLOG Joe Rogan t   2.2 pos '2343.9 -503.9   8.0' spd 345.6 yaw  96.9 mode 2 st 0 gl 0 hp 100 frg 0
ARGLOG Romero t   2.2 pos '2226.7 -134.3 -136.0' spd 303.1 yaw 323.3 mode 2 st 0 gl 0 hp 100 frg 0
ARGEVT Carmack plan powerup via weapon
ARGEVT Carmack goal weapon_rocketlauncher
ARGLOG Carmack t   2.2 pos '2251.6 -247.2  24.0' spd 326.8 yaw 266.1 mode 0 st 0 gl 0 hp 100 frg 0
ARGEVT Carmack route 10 start '2233.0 -223.0  24.0' goal '1465.0 -703.0 184.0'
ARGEVT Joe Rogan hazard
ARGEVT Romero hazard
ARGLOG Joe Rogan t   2.8 pos '2417.7 -528.0   8.0' spd 211.4 yaw 145.8 mode 2 st 0 gl 0 hp 100 frg 0
ARGLOG Romero t   2.8 pos '2273.4 -200.7 -136.0' spd 280.0 yaw 21 mode 2 st 0 gl 0 hp 100 frg 0
ARGLOG Carmack t   2.8 pos '2130.6 -338.9  24.0' spd 142.6 yaw 329.2 mode 2 st 0 gl 0 hp 76 frg 0
ARGLOG Joe Rogan t   3.3 pos '2495.9 -513.6   8.0' spd 175.0 yaw 133.7 mode 2 st 0 gl 0 hp 100 frg 0
ARGLOG Romero t   3.3 pos '2282.0 -153.3 -136.0' spd 297.9 yaw 17 mode 2 st 0 gl 0 hp 100 frg 0
ARGLOG Carmack t   3.3 pos '2225.0 -221.5  24.0' spd 327.4 yaw 319.5 mode 2 st 0 gl 0 hp 68 frg 0
ARGLOG Joe Rogan t   3.8 pos '2420.8 -528.0   8.0' spd 256.0 yaw  98.0 mode 2 st 0 gl 0 hp 100 frg 0
ARGLOG Romero t   3.8 pos '2378.5 -37.4 -88.0' spd 378.9 yaw 318.1 mode 2 st 0 gl 0 hp 100 frg 0
ARGEVT Carmack grab item_health
ARGLOG Carmack t   3.8 pos '2367.4 -144.0  24.0' spd 320.3 yaw 265.4 mode 2 st 0 gl 0 hp 68 frg 0
ARGEVT Romero route 2 start '2361.0 -63.0 -88.0' goal '2777.0   1.0 -72.0'
ARGEVT Romero hazard
ARGLOG Joe Rogan t   4.3 pos '2258.2 -486.9   8.0' spd 345.4 yaw  50.4 mode 2 st 0 gl 0 hp 91 frg 0
ARGLOG Romero t   4.3 pos '2545.3 -63.9 -64.0' spd 320.7 yaw 15 mode 2 st 0 gl 0 hp 100 frg 0
ARGLOG Carmack t   4.3 pos '2527.8 -190.8  32.0' spd 325.9 yaw 211.7 mode 0 st 0 gl 0 hp 68 frg 0
ARGEVT Carmack route 11 start '2521.0 -191.0  32.0' goal '1465.0 -703.0 184.0'
ARGEVT Joe Rogan pursue
ARGEVT Carmack pursue
ARGLOG Joe Rogan t   4.8 pos '2224.3 -345.6   8.0' spd 342.0 yaw 34 mode 2 st 0 gl 0 hp 91 frg 0
ARGLOG Romero t   4.8 pos '2688.0 -76.8 -72.0' spd  42.4 yaw 21 mode 1 st 0 gl 0 hp 100 frg 0
ARGLOG Carmack t   4.8 pos '2470.4 -210.0  24.0' spd 362.3 yaw 236 mode 2 st 0 gl 0 hp 68 frg 0
ARGEVT Joe Rogan hazard
ARGEVT Carmack hazard
ARGLOG Joe Rogan t   5.3 pos '2357.3 -312.0   8.0' spd 223.5 yaw  78.0 mode 2 st 0 gl 0 hp 91 frg 0
ARGLOG Romero t   5.3 pos '2816.3 -72.9 -72.0' spd 376.8 yaw 278.4 mode 1 st 0 gl 0 hp 100 frg 0
ARGEVT Romero hazard
ARGLOG Carmack t   5.3 pos '2369.7 -226.8  24.0' spd 261.3 yaw 265.0 mode 2 st 0 gl 0 hp 52 frg 0
ARGEVT Carmack grab item_health
ARGLOG Joe Rogan t   5.8 pos '2256.9 -310.1  24.0' spd 360.8 yaw 112 mode 2 st 0 gl 0 hp 91 frg 0
ARGLOG Romero t   5.8 pos '1398.1 -1077.4 344.0' spd 347.9 yaw  16.4 mode 1 st 0 gl 0 hp 100 frg 0
ARGLOG Carmack t   5.8 pos '2509.5 -213.0  24.0' spd 250.7 yaw 180.3 mode 0 st 0 gl 0 hp 52 frg 0
ARGEVT Carmack pursue
ARGUS routecache adopt
ARGEVT Carmack route 11 start '2521.0 -191.0  32.0' goal '1465.0 -703.0 184.0'
ARGEVT Joe Rogan pursue
ARGEVT Carmack weapon sg
ARGLOG Joe Rogan t   6.4 pos '2176.9 -148.4  24.0' spd 359.4 yaw 355.3 mode 2 st 0 gl 0 hp 58 frg 0
ARGLOG Romero t   6.4 pos '1447.8 -980.7 344.0' spd 328.1 yaw 119.3 mode 1 st 0 gl 0 hp 100 frg 0
ARGLOG Carmack t   6.4 pos '2549.8 -168.5  32.0' spd 189.8 yaw 181.4 mode 2 st 0 gl 0 hp 44 frg 0
ARGEVT Joe Rogan grab item_health
ARGEVT Carmack pursue
ARGEVT Joe Rogan pursue
ARGLOG Joe Rogan t   6.9 pos '2158.3 -98.5  24.0' spd 283.0 yaw 349 mode 2 st 0 gl 0 hp 50 frg 0
ARGLOG Romero t   6.9 pos '1348.7 -858.2 344.0' spd 417.5 yaw 29 mode 1 st 0 gl 0 hp 100 frg 0
ARGLOG Carmack t   6.9 pos '2526.2 -165.7  32.0' spd 256.7 yaw 168.9 mode 2 st 0 gl 0 hp 44 frg 0
ARGEVT Carmack retreat
ARGLOG Joe Rogan t   7.4 pos '2024.6 -75.4  24.0' spd 326.8 yaw 350.3 mode 2 st 0 gl 0 hp 38 frg 0
ARGLOG Romero t   7.4 pos '1347.4 -694.7 344.0' spd 332.0 yaw 118.4 mode 1 st 0 gl 0 hp 100 frg 0
ARGLOG Carmack t   7.4 pos '2541.0 -183.8  32.0' spd 157.9 yaw 171.9 mode 2 st 0 gl 0 hp 28 frg 0
ARGEVT Carmack hazard
ARGEVT Joe Rogan route 10 start '2041.0   1.0  24.0' goal '1465.0 -703.0 184.0'
ARGLOG Joe Rogan t   7.9 pos '2072.3 -106.7  24.0' spd 353.5 yaw 351.7 mode 2 st 0 gl 0 hp 59 frg 0
ARGLOG Romero t   7.9 pos '1275.2 -529.7 226.4' spd 318.2 yaw 18 mode 1 st 0 gl 0 hp 100 frg 0
ARGLOG Carmack t   7.9 pos '2567.3 -212.4  32.0' spd 217.1 yaw 172.4 mode 2 st 0 gl 0 hp 28 frg 0
ARGLOG Joe Rogan t   8.4 pos '2105.5 -209.9  24.0' spd 247.8 yaw 355.2 mode 2 st 0 gl 0 hp 55 frg 0
ARGLOG Romero t   8.4 pos '1360.0 -412.0 184.0' spd 142.2 yaw 14 mode 1 st 0 gl 0 hp 100 frg 0
ARGLOG Carmack t   8.4 pos '2550.6 -216.0  32.0' spd 150.3 yaw 181.5 mode 2 st 0 gl 0 hp 8 frg 0
ARGEVT Carmack hazard
ARGEVT Carmack death Joe Rogan pos '2561.5 -218.9  32.0'
ARGLOG Joe Rogan t   8.9 pos '2151.9 -50.2  24.0' spd 324.7 yaw  43.7 mode 2 st 0 gl 0 hp 51 frg 1
ARGLOG Romero t   8.9 pos '1492.7 -346.5 184.0' spd 320.6 yaw 13 mode 1 st 0 gl 0 hp 100 frg 0
ARGEVT Joe Rogan plan powerup via weapon
ARGEVT Joe Rogan goal weapon_rocketlauncher
ARGUS routecache adopt
ARGEVT Joe Rogan route 9 start '2169.0 -95.0  24.0' goal '1465.0 -703.0 184.0'
ARGLOG Joe Rogan t   9.5 pos '2314.1  -3.8  40.0' spd 336.9 yaw 323 mode 2 st 0 gl 0 hp 51 frg 1
ARGEVT Joe Rogan jump
ARGLOG Romero t   9.5 pos '1657.7 -336.0 184.0' spd 325.6 yaw 14 mode 1 st 0 gl 0 hp 100 frg 0
ARGLOG Joe Rogan t  10.0 pos '2320.0 -56.8  62.4' spd 102.9 yaw 330 mode 2 st 0 gl 0 hp 51 frg 1
ARGLOG Romero t  10.0 pos '1826.0 -336.0 184.0' spd 328.3 yaw 17 mode 1 st 0 gl 0 hp 100 frg 0
ARGEVT Romero hazard
ARGEVT Carmack respawn
ARGLOG Joe Rogan t  10.5 pos '2320.0 -80.0  40.0' spd 0 yaw 334 mode 2 st 0 gl 0 hp 51 frg 1
ARGLOG Romero t  10.5 pos '1873.0 -487.1 181.9' spd 321.5 yaw 293.6 mode 1 st 0 gl 0 hp 100 frg 0
ARGEVT Carmack goal item_armorInv
ARGLOG Carmack t  10.5 pos '2176.0 -2176.0  84.0' spd 0 yaw  73.4 mode 0 st 0 gl 0 hp 100 frg 0
ARGEVT Carmack routefail
ARGEVT Carmack goal item_health
ARGEVT Carmack hazard
ARGEVT Carmack routefail
ARGEVT Carmack goal item_spikes
ARGLOG Joe Rogan t  11.0 pos '2320.0 -80.0  40.0' spd 0 yaw 334 mode 2 st 0 gl 0 hp 51 frg 1
ARGLOG Romero t  11.0 pos '1890.9 -555.6  72.0' spd 175.0 yaw 29 mode 1 st 0 gl 0 hp 100 frg 0
ARGLOG Carmack t  11.0 pos '2222.1 -2030.6  88.0' spd 324.8 yaw 102 mode 1 st 0 gl 0 hp 100 frg 0
ARGLOG Joe Rogan t  11.5 pos '2320.0 -80.0  40.0' spd 0 yaw 334 mode 2 st 0 gl 0 hp 51 frg 1
ARGLOG Romero t  11.5 pos '2034.8 -477.1 104.0' spd 320.0 yaw 30 mode 1 st 0 gl 0 hp 100 frg 0
ARGEVT Carmack goal item_health
ARGLOG Carmack t  11.5 pos '2198.1 -1865.8  24.0' spd 329.0 yaw 73 mode 0 st 0 gl 1 hp 100 frg 0
ARGEVT Carmack route 4 start '2233.0 -1823.0  24.0' goal '2457.0 -1311.0  24.0'
ARGEVT Romero hazard
ARGEVT Joe Rogan stall
ARGEVT Joe Rogan stallnode '2457.0 -63.0 120.0'
ARGEVT Joe Rogan jump
ARGEVT Joe Rogan route 8 start '2361.0 -63.0  72.0' goal '1465.0 -703.0 184.0'
ARGLOG Joe Rogan t  12.0 pos '2325.2 -80.0  77.7' spd  40.7 yaw 3 mode 2 st 1 gl 0 hp 51 frg 1
ARGLOG Romero t  12.0 pos '2064.0 -321.1  97.7' spd 322.9 yaw 80 mode 1 st 0 gl 0 hp 100 frg 0
ARGLOG Carmack t  12.0 pos '2340.1 -1830.0  24.0' spd 371.1 yaw 87 mode 2 st 0 gl 1 hp 100 frg 0
ARGEVT Joe Rogan jump
ARGLOG Joe Rogan t  12.6 pos '2384.0 -72.6  83.7' spd  42.8 yaw 2 mode 2 st 1 gl 0 hp 51 frg 1
ARGLOG Romero t  12.6 pos '2100.8 -164.3  24.0' spd 361.1 yaw 10 mode 1 st 0 gl 0 hp 100 frg 0
ARGLOG Carmack t  12.6 pos '2499.6 -1806.2  24.0' spd 418.8 yaw 109 mode 2 st 0 gl 1 hp 100 frg 0
ARGEVT Joe Rogan engage Romero
ARGEVT Joe Rogan grab item_health
ARGEVT Romero engage Joe Rogan
ARGLOG Joe Rogan t  13.1 pos '2405.6 -67.2  88.0' spd  47.8 yaw 171.5 mode 2 st 1 gl 0 hp 51 frg 1
ARGLOG Romero t  13.1 pos '2177.2 -32.1  24.0' spd 320.1 yaw 355.9 mode 1 st 0 gl 0 hp 100 frg 0
ARGLOG Carmack t  13.1 pos '2452.8 -1635.0  24.0' spd 328.7 yaw 111 mode 2 st 0 gl 1 hp 100 frg 0
ARGLOG Joe Rogan t  13.6 pos '2469.1 -234.2  27.8' spd 351.9 yaw 154.3 mode 2 st 1 gl 0 hp 51 frg 1
ARGLOG Romero t  13.6 pos '2152.0 -88.6  24.0' spd 320.3 yaw 335.4 mode 1 st 0 gl 0 hp 97 frg 0
ARGLOG Carmack t  13.6 pos '2375.6 -1486.4  24.0' spd 336.3 yaw 94 mode 1 st 0 gl 1 hp 100 frg 0
ARGEVT Romero hazard
ARGLOG Joe Rogan t  14.1 pos '2534.0 -220.0  32.0' spd 322.3 yaw 184.7 mode 2 st 1 gl 0 hp 43 frg 1
ARGLOG Romero t  14.1 pos '2130.9 -250.7  24.0' spd 352.1 yaw   4.8 mode 1 st 0 gl 0 hp 88 frg 0
ARGEVT Carmack goal item_artifact_super_damage
ARGLOG Carmack t  14.1 pos '2359.1 -1317.3  24.0' spd 320.4 yaw  69.5 mode 0 st 0 gl 2 hp 100 frg 0
ARGEVT Carmack hazard
ARGEVT Joe Rogan grab item_health
ARGEVT Carmack routefail
ARGEVT Carmack goal item_armor2
ARGEVT Joe Rogan pursue
ARGEVT Carmack route 18 start '2457.0 -1311.0  24.0' goal '2009.0 -991.0  32.0'
ARGLOG Joe Rogan t  14.7 pos '2526.8 -185.3  32.0' spd 334.8 yaw 193 mode 2 st 1 gl 0 hp 43 frg 1
ARGEVT Romero pursue
ARGLOG Romero t  14.7 pos '2224.1 -405.0   8.0' spd 321.8 yaw 35 mode 1 st 0 gl 0 hp 88 frg 0
ARGLOG Carmack t  14.7 pos '2523.3 -1237.4  24.0' spd 394.1 yaw 90 mode 2 st 0 gl 2 hp 100 frg 0
ARGEVT Joe Rogan retreat
ARGLOG Joe Rogan t  15.2 pos '2475.4 -197.9  24.0' spd 405.2 yaw 244.2 mode 2 st 1 gl 0 hp 31 frg 1
ARGLOG Romero t  15.2 pos '2400.2 -347.1   8.0' spd 382.7 yaw  62.3 mode 1 st 0 gl 0 hp 88 frg 0
ARGEVT Carmack lift
ARGLOG Carmack t  15.2 pos '2486.5 -1055.7  24.0' spd 331.1 yaw 112 mode 2 st 0 gl 2 hp 100 frg 0
ARGEVT Carmack board
ARGEVT Joe Rogan pursue
ARGEVT Romero pursue
ARGEVT Romero hazard
ARGLOG Joe Rogan t  15.8 pos '2421.1 -174.5  24.0' spd 343.6 yaw 264 mode 2 st 1 gl 0 hp 31 frg 1
ARGLOG Romero t  15.8 pos '2569.3 -335.9  24.0' spd 346.6 yaw 109.6 mode 1 st 0 gl 0 hp 88 frg 0
ARGLOG Carmack t  15.8 pos '2469.9 -958.5  97.3' spd 195.2 yaw 121 mode 2 st 0 gl 2 hp 100 frg 0
ARGEVT Carmack door
ARGLOG Joe Rogan t  16.4 pos '2396.9 -240.0  24.0' spd  10.6 yaw 272 mode 2 st 1 gl 0 hp 31 frg 1
ARGLOG Romero t  16.4 pos '2554.1 -306.8  24.0' spd 320.4 yaw 353 mode 1 st 0 gl 0 hp 88 frg 0
ARGLOG Carmack t  16.4 pos '2506.7 -910.2 120.0' spd  28.6 yaw 271.2 mode 2 st 0 gl 2 hp 100 frg 0
ARGEVT Romero hazard
ARGEVT Carmack stall
ARGEVT Carmack stallnode '2393.0 -831.0 120.0'
ARGEVT Carmack jump
ARGLOG Joe Rogan t  16.9 pos '2399.8 -240.0  24.0' spd   3.5 yaw 271 mode 2 st 1 gl 0 hp 31 frg 1
ARGLOG Romero t  16.9 pos '2622.1 -313.4  24.0' spd 328.1 yaw 132.8 mode 1 st 0 gl 0 hp 88 frg 0
ARGLOG Carmack t  16.9 pos '2506.7 -910.2 133.9' spd 0 yaw 229 mode 0 st 1 gl 2 hp 100 frg 0
ARGUS routecache adopt
ARGEVT Carmack route 16 start '2521.0 -895.0 120.0' goal '2009.0 -991.0  32.0'
ARGEVT Carmack door
ARGEVT Carmack door
ARGEVT Carmack door
ARGEVT Carmack door
ARGLOG Joe Rogan t  17.4 pos '2400.2 -240.0  24.0' spd 0 yaw 270 mode 2 st 1 gl 0 hp 31 frg 1
ARGLOG Romero t  17.4 pos '2623.6 -304.0  24.0' spd 320.2 yaw 336.5 mode 1 st 0 gl 0 hp 88 frg 0
ARGLOG Carmack t  17.4 pos '2487.8 -919.4 130.2' spd  52.1 yaw 120 mode 2 st 1 gl 2 hp 100 frg 0
ARGEVT Carmack hazard
ARGLOG Joe Rogan t  17.9 pos '2433.4 -240.0  24.0' spd 298.2 yaw 349.7 mode 2 st 1 gl 0 hp 31 frg 1
ARGLOG Romero t  17.9 pos '2638.5 -347.9  24.0' spd 321.4 yaw  82.2 mode 1 st 0 gl 0 hp 88 frg 0
ARGEVT Romero hazard
ARGLOG Carmack t  17.9 pos '2405.9 -817.8 120.0' spd 322.1 yaw 92 mode 2 st 1 gl 2 hp 100 frg 0
ARGEVT Carmack abandon
ARGEVT Joe Rogan hazard
ARGLOG Joe Rogan t  18.4 pos '2566.6 -171.6  32.0' spd 328.3 yaw 20 mode 2 st 1 gl 0 hp 31 frg 1
ARGLOG Romero t  18.4 pos '2623.9 -304.0  24.0' spd 330.0 yaw   1.5 mode 1 st 0 gl 0 hp 88 frg 0
ARGLOG Carmack t  18.4 pos '2364.7 -734.9  56.0' spd 207.0 yaw   3.2 mode 0 st 1 gl 2 hp 100 frg 0
ARGEVT Carmack goal item_health
ARGEVT Carmack route 12 start '2361.0 -703.0  56.0' goal '2073.0 -991.0 344.0'
ARGEVT Carmack abandon
ARGEVT Carmack goal item_armor2
ARGEVT Carmack hazard
ARGEVT Carmack route 12 start '2361.0 -703.0  56.0' goal '1273.0 -991.0  32.0'
ARGEVT Carmack abandon
ARGLOG Joe Rogan t  18.9 pos '2570.5 -176.9  32.0' spd 347.7 yaw 21 mode 2 st 1 gl 0 hp 31 frg 1
ARGLOG Romero t  18.9 pos '2629.9 -350.2  24.0' spd 341.4 yaw  80.6 mode 1 st 0 gl 0 hp 88 frg 0
ARGLOG Carmack t  18.9 pos '2376.0 -651.1  56.0' spd 183.4 yaw 303.2 mode 0 st 1 gl 2 hp 100 frg 0
ARGEVT Carmack goal item_rockets
ARGEVT Romero hazard
ARGEVT Carmack route 12 start '2361.0 -703.0  56.0' goal '2073.0 -991.0 344.0'
ARGEVT Joe Rogan hazard
ARGLOG Joe Rogan t  19.5 pos '2524.1 -145.8  32.0' spd 134.9 yaw 14 mode 2 st 1 gl 0 hp 31 frg 1
ARGLOG Romero t  19.5 pos '2478.8 -324.6   8.0' spd 367.6 yaw 255 mode 1 st 0 gl 0 hp 88 frg 0
ARGLOG Carmack t  19.5 pos '2419.4 -714.1  56.0' spd 320.1 yaw 98 mode 2 st 1 gl 2 hp 100 frg 0
ARGEVT Carmack abandon
ARGEVT Carmack goal weapon_nailgun
ARGEVT Carmack route 5 start '2361.0 -703.0  56.0' goal '2521.0 -191.0  32.0'
ARGEVT Carmack hazard
ARGLOG Joe Rogan t  20.1 pos '2576.0 -151.0  32.0' spd 328.1 yaw 17 mode 2 st 1 gl 0 hp 31 frg 1
ARGLOG Romero t  20.1 pos '2402.0 -492.0   8.0' spd 322.0 yaw 267 mode 1 st 0 gl 0 hp 88 frg 0
ARGLOG Carmack t  20.1 pos '2357.2 -849.7  56.0' spd 182.5 yaw 129.3 mode 2 st 1 gl 2 hp 100 frg 0
ARGEVT Romero hazard
ARGEVT Joe Rogan hazard
ARGLOG Joe Rogan t  20.6 pos '2574.9 -187.9  32.0' spd 250.9 yaw 23 mode 2 st 1 gl 0 hp 31 frg 1
ARGLOG Romero t  20.6 pos '2510.3 -528.0   8.0' spd 267.4 yaw 297.5 mode 1 st 0 gl 0 hp 88 frg 0
ARGLOG Carmack t  20.6 pos '2360.1 -706.5  56.0' spd 320.8 yaw 78 mode 2 st 1 gl 2 hp 100 frg 0
ARGEVT Joe Rogan stall
ARGEVT Joe Rogan stallnode '2649.0 -63.0 -72.0'
ARGEVT Joe Rogan jump
ARGEVT Joe Rogan route 11 start '2521.0 -191.0  32.0' goal '1465.0 -703.0 184.0'
ARGLOG Joe Rogan t  21.1 pos '2540.3 -147.0  32.0' spd 321.1 yaw 172 mode 2 st 2 gl 0 hp 31 frg 1
ARGEVT Romero engage Carmack
ARGLOG Romero t  21.1 pos '2583.2 -465.1  32.0' spd 376.3 yaw 141.1 mode 1 st 0 gl 0 hp 88 frg 0
ARGEVT Carmack engage Romero
ARGLOG Carmack t  21.1 pos '2379.3 -572.0  56.0' spd 200.2 yaw  67.3 mode 2 st 1 gl 2 hp 100 frg 0
ARGEVT Joe Rogan engage Carmack
ARGLOG Joe Rogan t  21.7 pos '2355.8 -144.0  24.0' spd 357.2 yaw 262.6 mode 2 st 2 gl 0 hp 31 frg 1
ARGLOG Romero t  21.7 pos '2634.5 -458.2  32.0' spd 571.8 yaw 167.3 mode 1 st 0 gl 0 hp 56 frg 0
ARGEVT Romero hazard
ARGLOG Carmack t  21.7 pos '2343.7 -372.3   8.0' spd 345.8 yaw 302.0 mode 2 st 1 gl 2 hp 100 frg 0
ARGEVT Joe Rogan hazard
ARGEVT Romero abandon
ARGEVT Romero goal item_health
ARGEVT Romero route 7 start '2553.0 -511.0  24.0' goal '2521.0 -223.0 120.0'
ARGEVT Joe Rogan pursue
ARGLOG Joe Rogan t  22.2 pos '2253.2 -161.2  24.0' spd 335.3 yaw 292 mode 2 st 2 gl 0 hp 31 frg 1
ARGLOG Romero t  22.2 pos '2600.7 -465.9  32.0' spd 175.4 yaw 167.5 mode 2 st 0 gl 0 hp 56 frg 0
ARGLOG Carmack t  22.2 pos '2317.3 -409.7   8.0' spd 323.2 yaw 329.1 mode 2 st 1 gl 2 hp 96 frg 0
ARGLOG Joe Rogan t  22.8 pos '2184.4 -152.5  24.0' spd 372.0 yaw 285.7 mode 2 st 2 gl 0 hp 31 frg 1
ARGLOG Romero t  22.8 pos '2502.0 -454.7  30.9' spd 227.9 yaw 192.1 mode 2 st 0 gl 0 hp 24 frg 0
ARGLOG Carmack t  22.8 pos '2274.8 -485.0   8.0' spd 320.8 yaw   2.0 mode 2 st 1 gl 2 hp 88 frg 0
ARGEVT Carmack weapon sg
ARGEVT Carmack weapon rl
ARGLOG Joe Rogan t  23.4 pos '2276.9   5.9  24.0' spd 320.3 yaw 274.3 mode 2 st 2 gl 0 hp 31 frg 1
ARGLOG Romero t  23.4 pos '2363.3 -528.0   8.0' spd 292.8 yaw 112.2 mode 2 st 0 gl 0 hp 24 frg 0
ARGLOG Carmack t  23.4 pos '2297.7 -355.8   8.0' spd 243.7 yaw 275.2 mode 2 st 1 gl 2 hp 79 frg 0
ARGEVT Carmack weapon sg
ARGLOG Joe Rogan t  23.9 pos '2288.0  16.0  24.0' spd 0 yaw 253.4 mode 2 st 2 gl 0 hp 31 frg 1
ARGLOG Romero t  23.9 pos '2197.5 -521.1   8.0' spd 141.0 yaw 121.2 mode 2 st 0 gl 0 hp 24 frg 0
ARGLOG Carmack t  23.9 pos '2135.9 -419.7   8.0' spd 421.3 yaw 309.4 mode 2 st 1 gl 2 hp 72 frg 0
ARGEVT Carmack hazard
ARGEVT Romero retreat
ARGLOG Joe Rogan t  24.5 pos '2116.7  13.0  24.0' spd 320 yaw 295.3 mode 2 st 2 gl 0 hp 31 frg 1
ARGLOG Romero t  24.5 pos '2270.7 -499.4   8.0' spd 326.4 yaw  94.7 mode 2 st 0 gl 0 hp 15 frg 0
ARGLOG Carmack t  24.5 pos '2263.3 -326.0   8.0' spd 389.8 yaw 281.4 mode 2 st 1 gl 2 hp 68 frg 0
ARGEVT Joe Rogan pursue
ARGLOG Joe Rogan t  25.0 pos '1951.0   1.6  24.0' spd 169.1 yaw 317 mode 0 st 2 gl 0 hp 31 frg 1
ARGLOG Romero t  25.0 pos '2450.5 -465.5   8.0' spd 326.3 yaw  92.1 mode 2 st 0 gl 0 hp 6 frg 0
ARGLOG Carmack t  25.0 pos '2443.4 -304.0   8.0' spd 364.8 yaw 284.2 mode 2 st 1 gl 2 hp 64 frg 0
ARGEVT Carmack hazard
ARGEVT Joe Rogan route 10 start '2041.0   1.0  24.0' goal '1465.0 -703.0 184.0'
ARGEVT Romero death Carmack pos '2548.3 -458.4  24.0'
ARGEVT Carmack weapon rl
ARGEVT Carmack goal 
ARGEVT Carmack route 1 start '2489.0 -319.0   8.0' goal '2553.0 -511.0  24.0'
ARGLOG Joe Rogan t  25.6 pos '2062.5 -133.7  24.0' spd 320.5 yaw 321 mode 2 st 2 gl 0 hp 31 frg 1
ARGLOG Carmack t  25.6 pos '2578.5 -339.0  24.0' spd 360.3 yaw 269.8 mode 2 st 1 gl 2 hp 64 frg 1
ARGLOG Joe Rogan t  26.2 pos '2200.7 -247.9  24.0' spd 320.0 yaw 321 mode 2 st 2 gl 0 hp 31 frg 1
ARGLOG Carmack t  26.2 pos '2523.0 -384.0  24.0' spd 337.0 yaw 228.5 mode 2 st 1 gl 2 hp 64 frg 1
ARGEVT Carmack engage Joe Rogan
ARGEVT Carmack grab 
ARGEVT Carmack hazard
ARGEVT Carmack goal item_health
ARGEVT Carmack route 6 start '2425.0 -447.0   8.0' goal '2521.0 -223.0 120.0'
ARGEVT Carmack pursue
ARGLOG Joe Rogan t  26.7 pos '2254.5 -155.8  24.0' spd 321.4 yaw 325.0 mode 2 st 2 gl 0 hp 31 frg 1
ARGLOG Carmack t  26.7 pos '2513.7 -339.4  24.0' spd 350.1 yaw 166 mode 2 st 1 gl 3 hp 60 frg 1
ARGEVT Romero respawn
ARGEVT Romero goal item_armorInv
ARGLOG Romero t  26.9 pos '2576.0 -1328.0  24.0' spd 0 yaw 250.2 mode 0 st 0 gl 0 hp 100 frg 0
ARGEVT Romero route 5 start '2585.0 -1375.0  24.0' goal '2361.0 -703.0  56.0'
ARGEVT Joe Rogan pursue
ARGLOG Joe Rogan t  27.2 pos '2254.1   2.7  24.0' spd 336.7 yaw 307 mode 2 st 2 gl 0 hp 31 frg 1
ARGLOG Carmack t  27.2 pos '2360.6 -304.0   8.0' spd 323.5 yaw 166 mode 2 st 1 gl 3 hp 60 frg 1
ARGEVT Joe Rogan jump
ARGUS routecache adopt
ARGEVT Romero route 4 start '2457.0 -1311.0  24.0' goal '2361.0 -703.0  56.0'
ARGLOG Romero t  27.4 pos '2438.8 -1378.8  24.0' spd 406.1 yaw 93 mode 0 st 0 gl 0 hp 100 frg 0
ARGEVT Romero hazard
ARGLOG Joe Rogan t  27.8 pos '2320.0 -80.0  76.1' spd 0 yaw 307 mode 2 st 2 gl 0 hp 31 frg 1
ARGLOG Carmack t  27.8 pos '2177.6 -300.3  24.0' spd 372.9 yaw 103.8 mode 2 st 1 gl 3 hp 60 frg 1
ARGLOG Romero t  28.0 pos '2372.4 -1301.7  24.0' spd 261.0 yaw 69 mode 2 st 0 gl 0 hp 100 frg 0
ARGLOG Joe Rogan t  28.3 pos '2407.3 -134.1  56.0' spd 327.7 yaw 296 mode 2 st 2 gl 0 hp 31 frg 1
ARGLOG Carmack t  28.3 pos '2226.2 -122.0  24.0' spd 361.0 yaw 338.5 mode 2 st 1 gl 3 hp 60 frg 1
ARGLOG Romero t  28.5 pos '2487.1 -1183.4  24.0' spd 332.3 yaw 83 mode 2 st 0 gl 0 hp 100 frg 0
ARGEVT Joe Rogan death Carmack pos '2467.7 -214.6  25.5'
ARGEVT Carmack goal 
ARGEVT Romero lift
ARGLOG Carmack t  28.9 pos '2366.3 -10.3  72.0' spd 390.0 yaw 301.5 mode 1 st 1 gl 3 hp 60 frg 2
ARGEVT Romero board
ARGLOG Romero t  29.0 pos '2467.6 -1021.4  32.0' spd 338.9 yaw 111 mode 2 st 0 gl 0 hp 100 frg 0
ARGLOG Carmack t  29.5 pos '2345.3 -80.0  85.2' spd 321.4 yaw 201 mode 1 st 1 gl 3 hp 60 frg 2
ARGEVT Romero door
ARGLOG Romero t  29.6 pos '2512.0 -912.0 116.2' spd 127.5 yaw 18 mode 2 st 0 gl 0 hp 100 frg 0
ARGLOG Carmack t  30.0 pos '2263.0 -181.9  24.0' spd 410.4 yaw 349 mode 1 st 1 gl 3 hp 60 frg 2
ARGEVT Joe Rogan respawn
ARGLOG Romero t  30.1 pos '2518.0 -912.0 120.0' spd 0 yaw 126 mode 2 st 0 gl 0 hp 100 frg 0
ARGEVT Joe Rogan goal item_health
ARGLOG Joe Rogan t  30.2 pos '2704.0 -2048.0 128.0' spd 0 yaw 250.2 mode 0 st 2 gl 0 hp 100 frg 1
ARGEVT Romero door
ARGEVT Joe Rogan routefail
ARGEVT Joe Rogan hazard
ARGEVT Romero hazard
ARGEVT Joe Rogan goal weapon_rocketlauncher
ARGLOG Carmack t  30.6 pos '2438.4 -237.9  24.0' spd 322.2 yaw  32.3 mode 1 st 1 gl 3 hp 60 frg 2
ARGEVT Joe Rogan route 29 start '2713.0 -2111.0 120.0' goal '1465.0 -703.0 184.0'
ARGLOG Romero t  30.7 pos '2448.0 -1022.5 120.0' spd 100.4 yaw 105 mode 2 st 0 gl 0 hp 100 frg 0
ARGEVT Carmack goal item_armor2
ARGEVT Carmack route 6 start '2521.0 -191.0  32.0' goal '2777.0   1.0 -72.0'
ARGLOG Joe Rogan t  30.8 pos '2672.0 -1984.8 120.0' spd  18.8 yaw 183 mode 0 st 2 gl 0 hp 100 frg 1
ARGEVT Carmack hazard
ARGEVT Joe Rogan route 30 start '2777.0 -1983.0 120.0' goal '1465.0 -703.0 184.0'
ARGLOG Carmack t  31.1 pos '2503.9 -158.1  24.0' spd 378.8 yaw 169 mode 2 st 1 gl 4 hp 60 frg 2
ARGLOG Romero t  31.3 pos '2437.6 -836.9 120.0' spd 398.4 yaw 131.8 mode 2 st 0 gl 0 hp 100 frg 0
ARGLOG Joe Rogan t  31.3 pos '2672.0 -2000.0 120.0' spd 0 yaw 277 mode 2 st 2 gl 0 hp 100 frg 1
ARGLOG Carmack t  31.6 pos '2343.3 -148.0  24.0' spd 321.7 yaw 78 mode 2 st 1 gl 4 hp 60 frg 2
ARGLOG Romero t  31.8 pos '2352.0 -741.6  73.0' spd 198.3 yaw  32.3 mode 1 st 0 gl 0 hp 100 frg 0
ARGLOG Joe Rogan t  31.8 pos '2694.1 -2130.4 120.0' spd 320.1 yaw 236 mode 2 st 2 gl 0 hp 100 frg 1
ARGLOG Carmack t  32.2 pos '2173.9 -83.3  24.0' spd 377.9 yaw 4 mode 2 st 1 gl 4 hp 60 frg 2
ARGLOG Romero t  32.3 pos '2507.6 -683.1  56.0' spd 364.4 yaw  79.8 mode 1 st 0 gl 0 hp 100 frg 0
ARGEVT Romero hazard
ARGLOG Joe Rogan t  32.4 pos '2676.9 -2310.4 120.0' spd 377.9 yaw 185 mode 2 st 2 gl 0 hp 100 frg 1
ARGEVT Joe Rogan hazard
ARGEVT Carmack hazard
ARGLOG Carmack t  32.7 pos '2263.3 -12.8  24.0' spd 320.1 yaw 346 mode 2 st 1 gl 4 hp 60 frg 2
ARGLOG Romero t  32.9 pos '2383.8 -618.0  56.0' spd 367.9 yaw 259.0 mode 1 st 0 gl 0 hp 100 frg 0
ARGEVT Carmack jump
ARGLOG Joe Rogan t  32.9 pos '2502.8 -2352.0 120.0' spd 333.4 yaw 226 mode 2 st 2 gl 0 hp 100 frg 1
ARGLOG Carmack t  33.3 pos '2328.7 -80.0  71.1' spd  39.8 yaw 3 mode 2 st 1 gl 4 hp 60 frg 2
ARGLOG Romero t  33.4 pos '2382.2 -788.1  56.0' spd 330.7 yaw 229.4 mode 1 st 0 gl 0 hp 100 frg 0
ARGLOG Joe Rogan t  33.5 pos '2380.1 -2441.4 136.0' spd 323.7 yaw 193 mode 2 st 2 gl 0 hp 100 frg 1
ARGEVT Romero hazard
ARGEVT Joe Rogan hazard
ARGEVT Carmack jump
ARGLOG Carmack t  33.8 pos '2416.0 -65.9 112.3' spd  42.7 yaw 10 mode 2 st 1 gl 4 hp 60 frg 2
ARGLOG Romero t  33.9 pos '2352.4 -801.5  56.0' spd 320.0 yaw 75 mode 1 st 0 gl 0 hp 100 frg 0
ARGLOG Joe Rogan t  34.1 pos '2235.6 -2491.5 200.0' spd 320.4 yaw 122 mode 2 st 2 gl 0 hp 100 frg 1
ARGLOG Carmack t  34.4 pos '2462.9 -46.9 120.0' spd 320.5 yaw 8 mode 2 st 1 gl 4 hp 60 frg 2
ARGLOG Romero t  34.5 pos '2406.5 -629.9  56.0' spd 390.7 yaw  15.2 mode 1 st 0 gl 0 hp 100 frg 0
ARGLOG Joe Rogan t  34.6 pos '2128.7 -2423.1 200.0' spd 320.6 yaw 88 mode 2 st 2 gl 0 hp 100 frg 1
ARGEVT Romero hazard
ARGLOG Carmack t  34.9 pos '2623.6 -54.9 120.0' spd 328.5 yaw 20 mode 2 st 1 gl 4 hp 60 frg 2
ARGLOG Romero t  35.1 pos '2342.9 -514.6  52.9' spd 350.8 yaw 155 mode 1 st 0 gl 0 hp 100 frg 0
ARGLOG Joe Rogan t  35.1 pos '2157.6 -2261.5 169.0' spd 321.6 yaw 93 mode 2 st 2 gl 0 hp 100 frg 1
ARGLOG Carmack t  35.4 pos '2640.0   5.5 120.0' spd  79.2 yaw 359 mode 2 st 1 gl 4 hp 60 frg 2
ARGLOG Romero t  35.6 pos '2235.3 -516.1   8.0' spd 392.5 yaw 329 mode 1 st 0 gl 0 hp 100 frg 0
ARGLOG Joe Rogan t  35.7 pos '2151.8 -2081.9  88.0' spd 320.0 yaw 42 mode 2 st 2 gl 0 hp 100 frg 1
ARGLOG Carmack t  36.0 pos '2640.0   5.9 120.0' spd   6.9 yaw 358 mode 2 st 1 gl 4 hp 60 frg 2
ARGLOG Romero t  36.2 pos '2413.1 -528.0   8.0' spd 340.8 yaw 317 mode 1 st 0 gl 0 hp 100 frg 0
ARGLOG Joe Rogan t  36.2 pos '2157.4 -1899.6  24.0' spd 366.3 yaw 58 mode 2 st 2 gl 0 hp 100 frg 1
ARGEVT Romero hazard
ARGEVT Carmack stall
ARGEVT Carmack stallnode '2777.0   1.0 -72.0'
ARGEVT Carmack jump
ARGEVT Carmack route 2 start '2585.0   1.0 120.0' goal '2777.0   1.0 -72.0'
ARGLOG Carmack t  36.6 pos '2640.0   1.2 156.3' spd  26.9 yaw 279 mode 2 st 2 gl 4 hp 60 frg 2
ARGLOG Romero t  36.7 pos '2440.0 -528.0   8.0' spd 321.0 yaw 194.0 mode 1 st 0 gl 0 hp 100 frg 0
ARGLOG Joe Rogan t  36.8 pos '2340.6 -1862.0  24.0' spd 338.2 yaw 87 mode 2 st 2 gl 0 hp 100 frg 1
ARGLOG Carmack t  37.1 pos '2589.6 -33.4 120.0' spd 338.6 yaw 10 mode 2 st 2 gl 4 hp 60 frg 2
ARGLOG Romero t  37.3 pos '2320.7 -528.0   8.0' spd 281.8 yaw 352.8 mode 1 st 0 gl 0 hp 100 frg 0
ARGLOG Joe Rogan t  37.4 pos '2478.9 -1769.3  24.0' spd 368.9 yaw 108 mode 2 st 2 gl 0 hp 100 frg 1
ARGEVT Joe Rogan engage Carmack
ARGEVT Carmack hazard
ARGEVT Romero hazard
ARGLOG Carmack t  37.7 pos '2632.2 -151.8 120.0' spd 419.5 yaw 46 mode 2 st 2 gl 4 hp 75 frg 2
ARGLOG Romero t  37.9 pos '2509.2 -525.7   8.0' spd 272.5 yaw 230.3 mode 1 st 0 gl 0 hp 100 frg 0
ARGLOG Joe Rogan t  37.9 pos '2451.1 -1585.6  24.0' spd 322.7 yaw  79.3 mode 2 st 2 gl 0 hp 100 frg 1
ARGEVT Joe Rogan pursue
ARGLOG Carmack t  38.2 pos '2640.0  15.3 120.0' spd 169.6 yaw 355 mode 2 st 2 gl 4 hp 75 frg 2
ARGLOG Romero t  38.4 pos '2368.4 -528.0   8.0' spd 354.0 yaw 246.4 mode 1 st 0 gl 0 hp 100 frg 0
ARGLOG Joe Rogan t  38.5 pos '2470.4 -1407.6  24.0' spd 320.0 yaw 82 mode 2 st 2 gl 0 hp 100 frg 1
ARGLOG Carmack t  38.8 pos '2640.0   8.8 120.0' spd  10.6 yaw 357 mode 2 st 2 gl 4 hp 75 frg 2
ARGEVT Joe Rogan route 17 start '2457.0 -1311.0  24.0' goal '1465.0 -703.0 184.0'
ARGEVT Romero abandon
ARGLOG Romero t  39.0 pos '2361.2 -496.9   8.0' spd 345.3 yaw  96.0 mode 0 st 0 gl 0 hp 100 frg 0
ARGLOG Joe Rogan t  39.0 pos '2495.2 -1231.4  24.0' spd 320.0 yaw 82 mode 2 st 2 gl 0 hp 100 frg 1
ARGEVT Romero goal item_armor2
ARGEVT Romero route 13 start '2425.0 -447.0   8.0' goal '2009.0 -991.0  32.0'
ARGEVT Carmack stall
ARGEVT Carmack stallnode '2777.0   1.0 -72.0'
ARGEVT Carmack jump
ARGLOG Carmack t  39.3 pos '2640.0   5.1 133.9' spd   3.5 yaw 347 mode 0 st 3 gl 4 hp 75 frg 2
ARGEVT Carmack route 2 start '2585.0   1.0 120.0' goal '2777.0   1.0 -72.0'
ARGLOG Romero t  39.5 pos '2311.5 -343.0   8.0' spd 375.3 yaw 119 mode 2 st 0 gl 0 hp 100 frg 0
ARGLOG Joe Rogan t  39.6 pos '2520.3 -1052.7  24.0' spd 320.0 yaw 82 mode 2 st 2 gl 0 hp 100 frg 1
ARGEVT Joe Rogan hazard
ARGEVT Carmack engage Romero
ARGEVT Carmack grab item_health
ARGLOG Carmack t  39.9 pos '2639.7  -9.2 130.2' spd  37.9 yaw 180.8 mode 2 st 3 gl 4 hp 75 frg 2
ARGEVT Romero engage Carmack
ARGLOG Romero t  40.0 pos '2180.1 -264.0  24.0' spd  71.9 yaw  22.4 mode 2 st 0 gl 0 hp 100 frg 0
ARGLOG Joe Rogan t  40.1 pos '2456.5 -912.0  98.2' spd  15.2 yaw 76 mode 2 st 2 gl 0 hp 100 frg 1
ARGEVT Romero pursue
ARGEVT Carmack pursue
ARGLOG Carmack t  40.4 pos '2583.7 -132.5 120.0' spd 320.0 yaw 217.1 mode 2 st 3 gl 4 hp 75 frg 2
ARGLOG Romero t  40.5 pos '2311.5 -340.6   8.0' spd 350.9 yaw 45 mode 2 st 0 gl 0 hp 100 frg 0
ARGLOG Joe Rogan t  40.7 pos '2598.1 -839.3 120.0' spd 376.7 yaw  89.4 mode 2 st 2 gl 0 hp 100 frg 1
ARGEVT Romero hazard
ARGEVT Romero grab weapon_nailgun
ARGLOG Carmack t  40.9 pos '2568.6 -311.5 120.0' spd 323.3 yaw 142.6 mode 2 st 3 gl 4 hp 84 frg 2
ARGEVT Carmack weapon sg
ARGEVT Carmack grab weapon_nailgun
ARGLOG Romero t  41.1 pos '2470.8 -304.0   8.0' spd  96.6 yaw 346.0 mode 0 st 0 gl 0 hp 100 frg 0
ARGEVT Romero route 13 start '2489.0 -319.0   8.0' goal '2009.0 -991.0  32.0'
ARGLOG Joe Rogan t  41.2 pos '2617.2 -718.7 120.0' spd 325.0 yaw 101.1 mode 0 st 2 gl 0 hp 100 frg 1
ARGEVT Romero pursue
ARGEVT Carmack pursue
ARGLOG Carmack t  41.5 pos '2560.0 -302.8 120.0' spd  21.6 yaw 181 mode 2 st 3 gl 4 hp 80 frg 2
ARGEVT Joe Rogan route 14 start '2585.0 -767.0 120.0' goal '1465.0 -703.0 184.0'
ARGEVT Joe Rogan grab item_armorInv
ARGLOG Romero t  41.7 pos '2560.6 -308.5  24.0' spd 376.4 yaw 103.2 mode 2 st 0 gl 0 hp 100 frg 0
ARGEVT Carmack hazard
ARGLOG Joe Rogan t  41.8 pos '2606.7 -653.8 120.0' spd 144.0 yaw 100.1 mode 2 st 2 gl 0 hp 100 frg 1
ARGLOG Carmack t  42.0 pos '2554.6 -227.9 120.0' spd 342.2 yaw 146.0 mode 2 st 3 gl 4 hp 80 frg 2
ARGLOG Romero t  42.2 pos '2502.6 -315.0   8.0' spd 320.5 yaw 192 mode 2 st 0 gl 0 hp 100 frg 0
ARGEVT Carmack weapon rl
ARGLOG Joe Rogan t  42.3 pos '2604.9 -698.5 120.0' spd 156.8 yaw 108.2 mode 2 st 2 gl 0 hp 100 frg 1
ARGEVT Carmack weapon sg
ARGEVT Joe Rogan pursue
ARGLOG Carmack t  42.5 pos '2438.1 -163.9  65.8' spd  30.4 yaw 237.7 mode 2 st 3 gl 4 hp 52 frg 2
ARGLOG Romero t  42.7 pos '2357.1 -309.8   8.0' spd  50.2 yaw  59.1 mode 2 st 0 gl 0 hp 100 frg 0
ARGLOG Joe Rogan t  42.8 pos '2576.0 -631.4 120.0' spd 320.4 yaw 94 mode 2 st 2 gl 0 hp 100 frg 1
ARGEVT Romero pursue
ARGLOG Carmack t  43.1 pos '2541.1 -222.1  32.0' spd 324.0 yaw 223.2 mode 2 st 3 gl 4 hp 40 frg 2
ARGEVT Romero hazard
ARGEVT Carmack hazard
ARGLOG Romero t  43.3 pos '2502.6 -313.9   8.0' spd 194.0 yaw 156.2 mode 2 st 0 gl 0 hp 100 frg 0
ARGEVT Carmack pursue
ARGLOG Joe Rogan t  43.4 pos '2572.9 -452.4 120.0' spd 320.2 yaw 96 mode 2 st 2 gl 0 hp 100 frg 1
ARGLOG Carmack t  43.6 pos '2453.4 -224.4  24.0' spd 240.5 yaw 245 mode 2 st 3 gl 4 hp 28 frg 2
ARGLOG Romero t  43.8 pos '2336.1 -348.4   8.0' spd 329.9 yaw  55.3 mode 2 st 0 gl 0 hp 100 frg 0
ARGLOG Joe Rogan t  44.0 pos '2560.0 -276.3 120.0' spd 322.4 yaw 120.2 mode 2 st 2 gl 0 hp 100 frg 1
ARGEVT Romero pursue
ARGLOG Carmack t  44.2 pos '2399.0 -240.0  24.0' spd  18.2 yaw 274 mode 2 st 3 gl 4 hp 8 frg 2
ARGEVT Carmack death Romero pos '2401.2 -240.0  24.0'
ARGLOG Romero t  44.4 pos '2256.0 -246.4  24.0' spd 332.5 yaw 359.0 mode 2 st 0 gl 0 hp 100 frg 1
ARGEVT Joe Rogan engage Romero
ARGLOG Joe Rogan t  44.5 pos '2549.8 -162.1 120.0' spd 181.2 yaw 183.6 mode 2 st 2 gl 0 hp 100 frg 1
ARGEVT Romero engage Joe Rogan
ARGEVT Joe Rogan grab 
ARGEVT Romero goal 
ARGLOG Joe Rogan t  45.0 pos '2406.2 -215.9  72.7' spd 320.3 yaw 125.0 mode 2 st 2 gl 0 hp 100 frg 1
ARGLOG Romero t  45.0 pos '2286.3 -67.9  24.0' spd 342.0 yaw 306.0 mode 1 st 0 gl 0 hp 100 frg 1
ARGEVT Romero goal item_armor2
ARGEVT Romero route 5 start '2265.0   1.0  24.0' goal '2777.0   1.0 -72.0'
ARGLOG Joe Rogan t  45.5 pos '2249.2 -218.0  24.0' spd 342.9 yaw  39.0 mode 2 st 2 gl 0 hp 100 frg 1
ARGLOG Romero t  45.5 pos '2444.9 -27.1 104.0' spd 361.0 yaw 214.7 mode 2 st 0 gl 0 hp 100 frg 1
ARGEVT Romero pursue
ARGEVT Carmack respawn
ARGEVT Joe Rogan route 9 start '2169.0 -95.0  24.0' goal '1465.0 -703.0 184.0'
ARGLOG Joe Rogan t  46.0 pos '2167.4 -55.5  24.0' spd 329.2 yaw 354.4 mode 2 st 2 gl 0 hp 100 frg 1
ARGLOG Romero t  46.0 pos '2432.8 -80.0 116.9' spd 189.1 yaw 174.4 mode 2 st 0 gl 0 hp 84 frg 1
ARGEVT Carmack goal weapon_rocketlauncher
ARGLOG Carmack t  46.0 pos '1712.0 -504.0  24.0' spd 0 yaw 289.2 mode 0 st 3 gl 4 hp 100 frg 2
ARGEVT Carmack route 14 start '1721.0 -575.0  24.0' goal '1465.0 -703.0 184.0'
ARGLOG Joe Rogan t  46.5 pos '2176.8  18.2  24.0' spd 320.5 yaw   5.1 mode 2 st 2 gl 0 hp 92 frg 1
ARGLOG Romero t  46.5 pos '2395.7   3.8  88.0' spd 323.7 yaw 190.5 mode 2 st 0 gl 0 hp 72 frg 1
ARGEVT Romero hazard
ARGLOG Carmack t  46.5 pos '1838.8 -541.1  40.0' spd 328.2 yaw 35 mode 2 st 3 gl 4 hp 100 frg 2
ARGEVT Carmack jump
ARGLOG Joe Rogan t  47.1 pos '2197.7 -159.6  24.0' spd 320.2 yaw 357.5 mode 2 st 2 gl 0 hp 92 frg 1
ARGEVT Romero retreat
ARGLOG Romero t  47.1 pos '2386.5 -166.4  80.7' spd 449.2 yaw 187.1 mode 2 st 0 gl 0 hp 32 frg 1
ARGLOG Carmack t  47.1 pos '1840.0 -475.2  52.5' spd 118.4 yaw 29 mode 2 st 3 gl 4 hp 100 frg 2
ARGEVT Romero route 6 start '2521.0 -191.0  32.0' goal '2777.0   1.0 -72.0'
ARGLOG Joe Rogan t  47.6 pos '2208.3 -339.4   8.0' spd 327.7 yaw  28.7 mode 2 st 2 gl 0 hp 68 frg 1
ARGLOG Romero t  47.6 pos '2540.0 -196.4  32.0' spd 320 yaw 209.0 mode 2 st 0 gl 0 hp 32 frg 1
ARGLOG Carmack t  47.6 pos '1972.9 -467.5 104.0' spd 335.7 yaw 25 mode 2 st 3 gl 4 hp 100 frg 2
ARGEVT Romero pursue
ARGEVT Joe Rogan pursue
ARGEVT Carmack hazard
ARGEVT Joe Rogan route 11 start '2329.0 -351.0   8.0' goal '1465.0 -703.0 184.0'
ARGLOG Joe Rogan t  48.2 pos '2354.8 -373.5   8.0' spd 330.8 yaw 44 mode 2 st 2 gl 0 hp 68 frg 1
ARGLOG Romero t  48.2 pos '2443.6 -165.7  24.0' spd 322.4 yaw 201 mode 2 st 0 gl 0 hp 32 frg 1
ARGLOG Carmack t  48.2 pos '2061.9 -382.6 104.0' spd 109.4 yaw 102 mode 2 st 3 gl 4 hp 100 frg 2
ARGLOG Joe Rogan t  48.7 pos '2399.0 -344.4   8.0' spd 320.2 yaw 135.7 mode 2 st 2 gl 0 hp 68 frg 1
ARGLOG Romero t  48.7 pos '2275.6 -222.0  24.0' spd 324.5 yaw 320.6 mode 2 st 0 gl 0 hp 32 frg 1
ARGLOG Carmack t  48.7 pos '2034.8 -555.8 104.0' spd 349.2 yaw 203.8 mode 2 st 3 gl 4 hp 100 frg 2
ARGEVT Joe Rogan pursue
ARGEVT Joe Rogan hazard
ARGEVT Romero pursue
ARGEVT Romero death Joe Rogan pos '2160.0 -249.3  24.0'
ARGEVT Carmack hazard
ARGLOG Joe Rogan t  49.3 pos '2244.0 -332.7   8.0' spd 320.6 yaw 192.6 mode 2 st 2 gl 0 hp 68 frg 2
ARGLOG Carmack t  49.3 pos '1870.9 -483.0  56.0' spd 408.7 yaw  25.6 mode 2 st 3 gl 4 hp 100 frg 2
ARGEVT Joe Rogan goal 
ARGEVT Joe Rogan jump
ARGEVT Joe Rogan goal item_health
ARGLOG Joe Rogan t  49.8 pos '2155.5 -232.7  55.6' spd 401.4 yaw  16.6 mode 0 st 2 gl 1 hp 68 frg 2
ARGLOG Carmack t  49.8 pos '1936.0 -464.0  88.0' spd 0 yaw 48 mode 2 st 3 gl 4 hp 100 frg 2
ARGEVT Joe Rogan route 9 start '2233.0 -223.0  24.0' goal '2073.0 -991.0 344.0'
ARGEVT Joe Rogan hazard
ARGLOG Joe Rogan t  50.4 pos '2272.3 -78.8  24.0' spd 330.5 yaw 272 mode 2 st 2 gl 1 hp 68 frg 2
ARGLOG Carmack t  50.4 pos '1936.0 -464.0  88.0' spd 0 yaw 48 mode 2 st 3 gl 4 hp 100 frg 2
ARGEVT Romero respawn
ARGEVT Romero goal item_armorInv
ARGLOG Romero t  50.8 pos '2048.0 -1352.0 136.0' spd 0 yaw 199.5 mode 0 st 0 gl 0 hp 100 frg 1
ARGEVT Romero routefail
ARGLOG Joe Rogan t  50.9 pos '2315.5 -220.1  24.0' spd 379.1 yaw 47 mode 2 st 2 gl 1 hp 68 frg 2
ARGEVT Romero hazard
ARGLOG Carmack t  50.9 pos '1936.0 -464.0  88.0' spd 0 yaw 48 mode 2 st 3 gl 4 hp 100 frg 2
ARGEVT Romero goal weapon_rocketlauncher
ARGEVT Romero routefail
ARGEVT Romero goal item_health
ARGEVT Romero routefail
ARGLOG Romero t  51.3 pos '1968.0 -1392.0 120.0' spd 0 yaw 12 mode 0 st 0 gl 0 hp 100 frg 1
ARGLOG Joe Rogan t  51.5 pos '2422.3 -144.0  24.0' spd 245.1 yaw 181.6 mode 2 st 2 gl 1 hp 68 frg 2
ARGEVT Romero goal item_health
ARGLOG Carmack t  51.5 pos '1936.0 -464.0  88.0' spd 0 yaw 48 mode 2 st 3 gl 4 hp 100 frg 2
ARGEVT Romero routefail
ARGEVT Romero trapped
ARGEVT Romero death Romero pos '2085.9 -1352.8 136.0'
ARGLOG Joe Rogan t  52.1 pos '2238.8 -158.6  24.0' spd 383.3 yaw 23 mode 2 st 2 gl 1 hp 68 frg 2
ARGLOG Carmack t  52.1 pos '1936.0 -464.0  88.0' spd 0 yaw 48 mode 2 st 3 gl 4 hp 100 frg 2
ARGLOG Joe Rogan t  52.6 pos '2312.5 -14.8  40.0' spd 386.0 yaw 342 mode 2 st 2 gl 1 hp 68 frg 2
ARGEVT Joe Rogan jump
ARGLOG Carmack t  52.6 pos '1936.0 -464.0  88.0' spd 0 yaw 48 mode 2 st 3 gl 4 hp 100 frg 2
ARGLOG Joe Rogan t  53.2 pos '2327.4 -30.5  56.0' spd  42.3 yaw 355 mode 2 st 2 gl 1 hp 68 frg 2
ARGEVT Carmack stall
ARGEVT Carmack stallnode '2041.0 -287.0  56.0'
ARGLOG Carmack t  53.2 pos '1936.0 -464.0  88.0' spd 0 yaw 267.0 mode 0 st 4 gl 4 hp 100 frg 2
ARGEVT Carmack jump
ARGEVT Romero respawn
ARGEVT Romero goal item_armor2
ARGLOG Romero t  53.3 pos '2248.0 -16.0 -136.0' spd 0 yaw 359 mode 0 st 0 gl 0 hp 100 frg 0
ARGEVT Romero route 2 start '2233.0 -31.0 -136.0' goal '2777.0   1.0 -72.0'
ARGEVT Joe Rogan jump
ARGEVT Carmack route 13 start '1913.0 -543.0  88.0' goal '1465.0 -703.0 184.0'
ARGLOG Joe Rogan t  53.7 pos '2421.7 -74.1 125.5' spd  85.5 yaw 3 mode 2 st 2 gl 1 hp 68 frg 2
ARGLOG Carmack t  53.7 pos '1924.4 -464.2  99.2' spd  36.1 yaw 56 mode 2 st 4 gl 4 hp 100 frg 2
ARGLOG Romero t  53.8 pos '2401.5 -21.6 -72.0' spd 321.1 yaw 359 mode 0 st 0 gl 0 hp 100 frg 0
ARGEVT Carmack hazard
ARGEVT Romero door
ARGEVT Romero route 1 start '2489.0 -31.0 -72.0' goal '2777.0   1.0 -72.0'
ARGLOG Joe Rogan t  54.3 pos '2522.6 -74.8 120.0' spd 320.0 yaw 4 mode 2 st 2 gl 1 hp 68 frg 2
ARGLOG Carmack t  54.3 pos '2010.7 -553.7 104.0' spd 320.0 yaw 85 mode 2 st 4 gl 4 hp 100 frg 2
ARGEVT Romero hazard
ARGLOG Romero t  54.4 pos '2582.0 -68.2 -64.0' spd 393.6 yaw 238.7 mode 2 st 0 gl 0 hp 100 frg 0
ARGLOG Joe Rogan t  54.8 pos '2640.0 -64.1 120.0' spd  10.2 yaw 214 mode 2 st 2 gl 1 hp 68 frg 2
ARGLOG Carmack t  54.8 pos '2060.5 -413.8 104.0' spd 320.5 yaw 94 mode 2 st 4 gl 4 hp 100 frg 2
ARGLOG Romero t  55.0 pos '2592.0 -80.0 -72.0' spd 0 yaw 205 mode 2 st 0 gl 0 hp 100 frg 0
ARGLOG Joe Rogan t  55.4 pos '2640.0 -59.1 120.0' spd   7.0 yaw 214 mode 2 st 2 gl 1 hp 68 frg 2
ARGLOG Carmack t  55.4 pos '2043.6 -234.2  24.0' spd 334.5 yaw 28 mode 2 st 4 gl 4 hp 100 frg 2
ARGEVT Joe Rogan engage Carmack
ARGLOG Romero t  55.5 pos '2592.0 -80.0 -72.0' spd 0 yaw 205 mode 2 st 0 gl 0 hp 100 frg 0
ARGEVT Carmack engage Joe Rogan
ARGLOG Joe Rogan t  55.9 pos '2542.5 -12.7 120.0' spd 326.0 yaw 207.7 mode 0 st 2 gl 1 hp 68 frg 2
ARGLOG Carmack t  55.9 pos '2159.7 -203.0  24.0' spd 328.3 yaw  24.9 mode 2 st 4 gl 4 hp 100 frg 2
ARGEVT Joe Rogan pursue
ARGEVT Carmack pursue
ARGEVT Romero stall
ARGEVT Romero stallnode '2777.0   1.0 -72.0'
ARGLOG Romero t  56.1 pos '2592.0 -80.0 -72.0' spd 0 yaw 398.0 mode 0 st 1 gl 0 hp 100 frg 0
ARGEVT Romero jump
ARGEVT Joe Rogan route 6 start '2585.0   1.0 120.0' goal '2073.0 -991.0 344.0'
ARGEVT Romero route 1 start '2649.0 -63.0 -72.0' goal '2777.0   1.0 -72.0'
ARGLOG Joe Rogan t  56.5 pos '2360.7  15.6  72.0' spd 320.4 yaw 273.5 mode 2 st 2 gl 1 hp 68 frg 2
ARGLOG Carmack t  56.5 pos '2340.0 -206.3  24.0' spd 322.7 yaw  70.6 mode 2 st 4 gl 4 hp 100 frg 2
ARGLOG Romero t  56.6 pos '2578.4 -79.9 -49.7' spd  33.0 yaw 206.0 mode 2 st 1 gl 0 hp 100 frg 0
ARGEVT Carmack hazard
ARGLOG Joe Rogan t  57.0 pos '2180.9 -50.4  24.0' spd 355.3 yaw 339.5 mode 0 st 2 gl 1 hp 44 frg 2
ARGLOG Carmack t  57.0 pos '2480.0 -144.0  24.0' spd   4.9 yaw 163.8 mode 2 st 4 gl 4 hp 76 frg 2
ARGEVT Joe Rogan route 8 start '2169.0 -95.0  24.0' goal '2073.0 -991.0 344.0'
ARGLOG Romero t  57.1 pos '2438.8 -80.0 -72.0' spd 336.7 yaw 206.0 mode 2 st 1 gl 0 hp 100 frg 0
ARGEVT Joe Rogan grab item_health
ARGLOG Joe Rogan t  57.6 pos '2070.4 -140.7  24.0' spd 342.4 yaw 350.4 mode 2 st 2 gl 1 hp 36 frg 2
ARGEVT Carmack grab item_health
ARGLOG Carmack t  57.6 pos '2466.7 -144.0  24.0' spd  44.3 yaw 177.6 mode 2 st 4 gl 4 hp 60 frg 2
ARGEVT Romero route 2 start '2361.0 -63.0 -88.0' goal '2777.0   1.0 -72.0'
ARGLOG Romero t  57.6 pos '2259.4 -80.0 -119.3' spd 363.3 yaw 239.0 mode 2 st 1 gl 0 hp 100 frg 0
ARGEVT Joe Rogan retreat
ARGEVT Joe Rogan route 9 start '1913.0 -63.0  24.0' goal '2073.0 -991.0 344.0'
ARGLOG Joe Rogan t  58.1 pos '2016.8 -45.5  24.0' spd 332.7 yaw 344.2 mode 2 st 2 gl 1 hp 57 frg 2
ARGLOG Carmack t  58.1 pos '2536.8 -163.0  32.0' spd 173.2 yaw 169.6 mode 2 st 4 gl 4 hp 60 frg 2
ARGLOG Romero t  58.2 pos '2243.9 -208.0 -136.0' spd 263.3 yaw 297 mode 2 st 1 gl 0 hp 100 frg 0
ARGEVT Carmack pursue
ARGEVT Romero hazard
ARGLOG Joe Rogan t  58.7 pos '2079.9 -213.7  24.0' spd 320.1 yaw   6.4 mode 2 st 2 gl 1 hp 57 frg 2
ARGLOG Carmack t  58.7 pos '2548.4 -167.6  32.0' spd  39.1 yaw 185.7 mode 2 st 4 gl 4 hp 60 frg 2
ARGLOG Romero t  58.8 pos '2274.6 -190.2 -136.0' spd 342.1 yaw 20 mode 2 st 1 gl 0 hp 100 frg 0
ARGLOG Joe Rogan t  59.3 pos '2100.3 -64.1  24.0' spd 324.6 yaw 334.7 mode 2 st 2 gl 1 hp 41 frg 2
ARGLOG Carmack t  59.3 pos '2559.6 -196.8  32.0' spd 309.6 yaw 157.7 mode 2 st 4 gl 4 hp 60 frg 2
ARGLOG Romero t  59.3 pos '2248.8  -8.7 -136.0' spd 384.1 yaw 192.4 mode 2 st 1 gl 0 hp 100 frg 0
ARGLOG Joe Rogan t  59.8 pos '2182.4  96.5  24.0' spd 323.8 yaw 312.8 mode 2 st 2 gl 1 hp 41 frg 2
ARGEVT Joe Rogan hazard
ARGLOG Carmack t  59.8 pos '2530.3 -200.2  32.0' spd 320.0 yaw 136.2 mode 2 st 4 gl 4 hp 60 frg 2
ARGLOG Romero t  59.9 pos '2226.6 -159.3 -113.0' spd 398.0 yaw  12.2 mode 2 st 1 gl 0 hp 100 frg 0
ARGEVT Carmack pursue
ARGEVT Joe Rogan pursue
ARGEVT Romero hazard
ARGLOG Joe Rogan t  60.4 pos '2210.8 -47.0  24.0' spd 346.3 yaw 310.7 mode 2 st 2 gl 1 hp 41 frg 2
ARGEVT Carmack retreat
ARGLOG Carmack t  60.4 pos '2362.7 -181.1  24.0' spd 108.3 yaw 145.7 mode 2 st 4 gl 4 hp 32 frg 2
ARGEVT Joe Rogan retreat
ARGLOG Romero t  60.4 pos '2249.7 -90.5 -136.0' spd 322.0 yaw 83 mode 2 st 1 gl 0 hp 100 frg 0
ARGEVT Carmack hazard
ARGLOG Joe Rogan t  60.9 pos '2194.8  16.0  24.0' spd  23.2 yaw 326.3 mode 2 st 2 gl 1 hp 17 frg 2
ARGEVT Carmack grab item_health
ARGLOG Carmack t  60.9 pos '2462.2 -144.0  24.0' spd  51.6 yaw 142.9 mode 2 st 4 gl 4 hp 32 frg 2
ARGLOG Romero t  61.0 pos '2324.0 -23.1 -104.0' spd 336.6 yaw 306.8 mode 2 st 1 gl 0 hp 100 frg 0
ARGEVT Romero hazard
ARGLOG Joe Rogan t  61.4 pos '2170.3 -52.3  24.0' spd 320.7 yaw 335.3 mode 2 st 2 gl 1 hp 17 frg 2
ARGLOG Carmack t  61.4 pos '2543.4 -207.3  32.0' spd 185.3 yaw 163.9 mode 2 st 4 gl 4 hp 24 frg 2
ARGLOG Romero t  61.6 pos '2406.2 -80.0 -72.0' spd 227.9 yaw 241 mode 0 st 1 gl 0 hp 100 frg 0
ARGEVT Romero route 2 start '2361.0 -63.0 -88.0' goal '2777.0   1.0 -72.0'
ARGLOG Joe Rogan t  62.0 pos '2142.1 -229.5  24.0' spd 325.3 yaw   4.3 mode 2 st 2 gl 1 hp 13 frg 2
ARGEVT Joe Rogan death Carmack pos '2144.2 -249.8  24.0'
ARGLOG Carmack t  62.0 pos '2541.8 -197.5  32.0' spd 185.2 yaw 187.7 mode 2 st 4 gl 4 hp 20 frg 3
ARGEVT Carmack hazard
ARGLOG Romero t  62.1 pos '2296.7 -80.0 -120.0' spd  99.9 yaw 9 mode 2 st 1 gl 0 hp 100 frg 0
ARGEVT Carmack goal item_health
ARGEVT Carmack jump
ARGEVT Carmack route 5 start '2521.0 -191.0  32.0' goal '2521.0 -223.0 120.0'
ARGLOG Carmack t  62.5 pos '2557.9 -238.4  32.0' spd 203.8 yaw 173 mode 2 st 4 gl 4 hp 20 frg 3
ARGLOG Romero t  62.6 pos '2433.2 -71.3 -72.0' spd 320.2 yaw 6 mode 0 st 1 gl 0 hp 100 frg 0
ARGEVT Romero route 1 start '2489.0 -31.0 -72.0' goal '2777.0   1.0 -72.0'
ARGLOG Carmack t  63.1 pos '2380.4 -216.6  24.0' spd 320.0 yaw 173 mode 1 st 4 gl 4 hp 20 frg 3
ARGLOG Romero t  63.2 pos '2610.8 -47.1 -72.0' spd 328.0 yaw 333.7 mode 1 st 1 gl 0 hp 100 frg 0
ARGEVT Romero hazard
ARGEVT Joe Rogan respawn
ARGEVT Carmack engage Joe Rogan
ARGEVT Carmack grab 
ARGEVT Carmack retreat
ARGEVT Joe Rogan plan powerup via weapon
ARGEVT Joe Rogan goal weapon_nailgun
ARGEVT Joe Rogan engage Carmack
ARGLOG Joe Rogan t  63.6 pos '2560.0 -192.0  32.0' spd 0 yaw 194.2 mode 1 st 2 gl 1 hp 100 frg 2
ARGLOG Carmack t  63.6 pos '2200.3 -205.9  24.0' spd 375.0 yaw  82.8 mode 1 st 4 gl 4 hp 20 frg 3
ARGLOG Romero t  63.7 pos '2771.5 -79.5 -72.0' spd 239.5 yaw 235.4 mode 1 st 1 gl 0 hp 100 frg 0
ARGLOG Joe Rogan t  64.2 pos '2525.3 -168.0  32.0' spd 181.8 yaw 202.9 mode 1 st 2 gl 1 hp 92 frg 2
ARGLOG Carmack t  64.2 pos '2138.8 -286.4  24.0' spd 268.7 yaw  12.2 mode 1 st 4 gl 4 hp 20 frg 3
ARGEVT Carmack hazard
ARGLOG Romero t  64.3 pos '2702.4 -56.3 -72.0' spd 336.8 yaw 200 mode 1 st 1 gl 0 hp 100 frg 0
ARGEVT Romero hazard
ARGEVT Carmack pursue
ARGEVT Joe Rogan pursue
ARGLOG Joe Rogan t  64.7 pos '2466.8 -163.2  24.0' spd 350.4 yaw 201 mode 1 st 2 gl 1 hp 92 frg 2
ARGLOG Carmack t  64.7 pos '2167.3 -360.1   8.0' spd 320.7 yaw 25 mode 1 st 4 gl 4 hp 20 frg 3
ARGLOG Romero t  64.8 pos '2584.8 -68.6 -64.0' spd 318.6 yaw 320.0 mode 1 st 1 gl 0 hp 100 frg 0
ARGLOG Joe Rogan t  65.3 pos '2286.2 -199.7  24.0' spd 321.9 yaw 211 mode 1 st 2 gl 1 hp 92 frg 2
ARGLOG Carmack t  65.3 pos '2336.3 -304.0   8.0' spd 330.7 yaw 31 mode 1 st 4 gl 4 hp 20 frg 3
ARGLOG Romero t  65.4 pos '2723.6 -16.0 -72.0' spd 178.3 yaw 135.7 mode 1 st 1 gl 0 hp 100 frg 0
ARGEVT Carmack hazard
ARGEVT Carmack death Joe Rogan pos '2457.3 -304.6   8.0'
ARGLOG Joe Rogan t  65.9 pos '2150.9 -318.6  24.0' spd 464.5 yaw   2.3 mode 1 st 2 gl 1 hp 68 frg 3
ARGEVT Romero door
ARGLOG Romero t  65.9 pos '2582.9 -74.0 -64.0' spd 320.0 yaw 206 mode 1 st 1 gl 0 hp 100 frg 0
ARGEVT Romero hazard
ARGEVT Joe Rogan plan powerup via weapon
ARGEVT Joe Rogan goal weapon_rocketlauncher
ARGEVT Joe Rogan route 11 start '2137.0 -479.0   8.0' goal '1465.0 -703.0 184.0'
ARGLOG Joe Rogan t  66.4 pos '2269.3 -440.6   8.0' spd 356.7 yaw 39 mode 0 st 2 gl 1 hp 68 frg 3
ARGLOG Romero t  66.5 pos '2398.8 -71.8 -72.0' spd 321.2 yaw 168 mode 1 st 1 gl 0 hp 100 frg 0
ARGEVT Joe Rogan route 11 start '2329.0 -351.0   8.0' goal '1465.0 -703.0 184.0'
ARGLOG Joe Rogan t  67.0 pos '2415.2 -332.2   8.0' spd 361.0 yaw 136 mode 2 st 2 gl 1 hp 68 frg 3
ARGLOG Romero t  67.0 pos '2231.3 -109.9 -136.0' spd 386.2 yaw 282 mode 1 st 1 gl 0 hp 100 frg 0
ARGEVT Carmack respawn
ARGEVT Romero hazard
ARGEVT Carmack goal weapon_nailgun
ARGLOG Carmack t  67.5 pos '2544.0 -32.0 -64.0' spd 0 yaw 199.8 mode 0 st 4 gl 4 hp 100 frg 3
ARGLOG Joe Rogan t  67.5 pos '2286.2 -339.7   8.0' spd 375.7 yaw 274 mode 2 st 2 gl 1 hp 68 frg 3
ARGEVT Carmack route 13 start '2489.0 -31.0 -72.0' goal '2521.0 -191.0  32.0'
ARGLOG Romero t  67.6 pos '2288.0 -173.4 -136.0' spd 300.4 yaw 307.8 mode 1 st 1 gl 0 hp 100 frg 0
ARGEVT Carmack hazard
ARGEVT Joe Rogan route 12 start '2297.0 -511.0   8.0' goal '1465.0 -703.0 184.0'
ARGLOG Carmack t  68.0 pos '2414.1 -70.8 -72.0' spd 116.1 yaw 2 mode 2 st 4 gl 4 hp 100 frg 3
ARGLOG Joe Rogan t  68.1 pos '2397.5 -448.0   8.0' spd 413.0 yaw 74 mode 2 st 2 gl 1 hp 68 frg 3
ARGLOG Romero t  68.2 pos '2252.1 -211.0 -136.0' spd 198.4 yaw 288.6 mode 1 st 1 gl 0 hp 100 frg 0
ARGEVT Joe Rogan hazard
ARGLOG Carmack t  68.5 pos '2558.0 -75.4 -64.0' spd 320.3 yaw 4 mode 2 st 4 gl 4 hp 100 frg 3
ARGLOG Joe Rogan t  68.7 pos '2395.9 -309.9   8.0' spd 323.2 yaw 204 mode 0 st 2 gl 1 hp 68 frg 3
ARGEVT Joe Rogan route 12 start '2489.0 -319.0   8.0' goal '1465.0 -703.0 184.0'
ARGLOG Romero t  68.7 pos '2280.5 -193.8 -136.0' spd 261.9 yaw 68 mode 1 st 1 gl 0 hp 100 frg 0
ARGEVT Carmack engage Romero
ARGEVT Romero engage Carmack
ARGLOG Carmack t  69.1 pos '2681.2 -47.6 -72.0' spd 320.0 yaw 187.4 mode 2 st 4 gl 4 hp 100 frg 3
ARGLOG Joe Rogan t  69.2 pos '2354.6 -461.9   8.0' spd 416.1 yaw 102 mode 2 st 2 gl 1 hp 68 frg 3
ARGLOG Romero t  69.3 pos '2273.8 -14.2 -136.0' spd 322.1 yaw   0.8 mode 1 st 1 gl 0 hp 100 frg 0
ARGLOG Carmack t  69.7 pos '2632.1 125.2 -72.0' spd 323.8 yaw 205.4 mode 2 st 4 gl 4 hp 100 frg 3
ARGLOG Joe Rogan t  69.8 pos '2500.5 -349.4   8.0' spd 379.2 yaw 124 mode 2 st 2 gl 1 hp 68 frg 3
ARGEVT Joe Rogan hazard
ARGLOG Romero t  69.9 pos '2296.1  -5.3 -120.0' spd 101.1 yaw  34.4 mode 1 st 1 gl 0 hp 100 frg 0
ARGEVT Carmack route 13 start '2649.0 193.0 -72.0' goal '2521.0 -191.0  32.0'
ARGEVT Romero hazard
ARGLOG Carmack t  70.2 pos '2638.2  97.6 -72.0' spd 320.0 yaw 207.1 mode 2 st 4 gl 4 hp 100 frg 3
ARGLOG Joe Rogan t  70.3 pos '2352.2 -305.2   8.0' spd 263.6 yaw 89 mode 2 st 2 gl 1 hp 68 frg 3
ARGLOG Romero t  70.4 pos '2354.4 -21.2 -88.0' spd 320.7 yaw  15.1 mode 1 st 1 gl 0 hp 91 frg 0
ARGLOG Carmack t  70.8 pos '2675.1 -64.5 -72.0' spd  86.9 yaw 165.6 mode 2 st 4 gl 4 hp 84 frg 3
ARGLOG Joe Rogan t  70.9 pos '2196.6 -236.1  24.0' spd 413.2 yaw 59 mode 2 st 2 gl 1 hp 68 frg 3
ARGLOG Romero t  71.0 pos '2352.1 -16.1 -88.0' spd 320.3 yaw 358.3 mode 1 st 1 gl 0 hp 82 frg 0
ARGEVT Carmack grab item_health
ARGLOG Carmack t  71.3 pos '2656.1  65.9 -72.0' spd 320.1 yaw 191.2 mode 2 st 4 gl 4 hp 68 frg 3
ARGLOG Joe Rogan t  71.4 pos '2261.7 -80.9  24.0' spd 340.0 yaw 18 mode 2 st 2 gl 1 hp 68 frg 3
ARGEVT Joe Rogan jump
ARGLOG Romero t  71.5 pos '2349.2  16.0 -91.1' spd  21.2 yaw  17.4 mode 1 st 1 gl 0 hp 81 frg 0
ARGUS routecache adopt
ARGEVT Carmack route 13 start '2649.0 193.0 -72.0' goal '2521.0 -191.0  32.0'
ARGEVT Romero pursue
ARGEVT Carmack pursue
ARGLOG Carmack t  71.9 pos '2616.4 222.1 -72.0' spd  56.7 yaw 218 mode 2 st 4 gl 4 hp 93 frg 3
ARGLOG Joe Rogan t  72.0 pos '2384.0   4.5  72.0' spd  73.4 yaw 346 mode 2 st 2 gl 1 hp 68 frg 3
ARGLOG Romero t  72.1 pos '2320.0  16.0 -120.0' spd 0 yaw 15 mode 1 st 1 gl 0 hp 81 frg 0
ARGEVT Carmack hazard
ARGLOG Carmack t  72.5 pos '2522.8 213.1 -72.0' spd 176.6 yaw 295 mode 2 st 4 gl 4 hp 93 frg 3
ARGLOG Joe Rogan t  72.5 pos '2421.9 -80.0 116.9' spd 318.4 yaw 174.2 mode 2 st 2 gl 1 hp 68 frg 3
ARGLOG Romero t  72.6 pos '2320.0  16.0 -120.0' spd 0 yaw 15 mode 1 st 1 gl 0 hp 81 frg 0
ARGLOG Carmack t  73.0 pos '2621.1  87.7 -72.0' spd 372.8 yaw 224.8 mode 2 st 4 gl 4 hp 93 frg 3
ARGLOG Joe Rogan t  73.1 pos '2294.2  -9.2  40.0' spd 321.5 yaw 131.2 mode 0 st 2 gl 1 hp 68 frg 3
ARGEVT Joe Rogan route 10 start '2265.0   1.0  24.0' goal '1465.0 -703.0 184.0'
ARGLOG Romero t  73.2 pos '2320.0  16.0 -120.0' spd 0 yaw 354.7 mode 1 st 1 gl 0 hp 81 frg 0
ARGEVT Romero abandon
ARGEVT Romero goal item_armorInv
ARGLOG Carmack t  73.6 pos '2559.4 -46.0 -64.0' spd 189.3 yaw 172.9 mode 2 st 4 gl 4 hp 93 frg 3
ARGEVT Romero routefail
ARGLOG Joe Rogan t  73.6 pos '2149.0  80.0  24.0' spd 320.4 yaw 111.4 mode 2 st 2 gl 1 hp 68 frg 3
ARGEVT Romero plan powerup via weapon
ARGEVT Romero goal weapon_rocketlauncher
ARGLOG Romero t  73.8 pos '2362.2   9.1 -88.0' spd 321.1 yaw 353.1 mode 0 st 1 gl 0 hp 81 frg 0
ARGEVT Carmack grab weapon_nailgun
ARGEVT Romero routefail
ARGEVT Romero goal weapon_nailgun
ARGEVT Romero route 13 start '2361.0 -63.0 -88.0' goal '2521.0 -191.0  32.0'
ARGLOG Carmack t  74.1 pos '2543.6 -46.7 -64.0' spd 189.9 yaw 172.2 mode 2 st 4 gl 4 hp 69 frg 3
ARGLOG Joe Rogan t  74.2 pos '2224.9 221.5  24.0' spd 387.3 yaw 296 mode 2 st 2 gl 1 hp 68 frg 3
ARGEVT Joe Rogan hazard
ARGEVT Joe Rogan engage Romero
ARGLOG Romero t  74.3 pos '2371.3 -12.1 -88.0' spd 322.5 yaw 338.6 mode 2 st 1 gl 0 hp 73 frg 0
ARGEVT Romero hazard
ARGEVT Joe Rogan route 12 start '2297.0 321.0  24.0' goal '1465.0 -703.0 184.0'
ARGLOG Carmack t  74.7 pos '2651.2 -48.8 -72.0' spd 110.4 yaw 156.4 mode 2 st 4 gl 4 hp 45 frg 3
ARGLOG Joe Rogan t  74.7 pos '2379.1 278.0  -8.0' spd 320.1 yaw 291.6 mode 2 st 2 gl 1 hp 68 frg 3
ARGEVT Carmack hazard
ARGLOG Romero t  74.9 pos '2496.0  16.0 -72.0' spd 0 yaw 324.9 mode 2 st 1 gl 0 hp 61 frg 0
ARGEVT Carmack retreat
ARGLOG Carmack t  75.2 pos '2688.0 -54.9 -72.0' spd  71.7 yaw 159.4 mode 2 st 4 gl 4 hp 25 frg 3
ARGLOG Joe Rogan t  75.3 pos '2557.9 295.6 -72.0' spd 325.9 yaw 254.1 mode 0 st 2 gl 1 hp 68 frg 3
ARGEVT Joe Rogan route 8 start '2489.0 257.0 -72.0' goal '1465.0 -703.0 184.0'
ARGLOG Romero t  75.4 pos '2496.0  16.0 -72.0' spd 0 yaw 340.0 mode 2 st 1 gl 0 hp 52 frg 0
ARGLOG Carmack t  75.8 pos '2688.0 -42.3 -72.0' spd  35.7 yaw 162.1 mode 2 st 4 gl 4 hp 1 frg 3
ARGLOG Joe Rogan t  75.9 pos '2655.0 213.0 -72.0' spd 186.8 yaw 233.7 mode 2 st 2 gl 1 hp 68 frg 3
ARGEVT Carmack hazard
ARGEVT Carmack death Romero pos '2688.0 -46.2 -72.0'
ARGLOG Romero t  75.9 pos '2496.0  16.0 -72.0' spd 0 yaw 341.3 mode 2 st 1 gl 0 hp 43 frg 1
ARGEVT Romero goal item_health
ARGEVT Romero route 15 start '2489.0 -31.0 -72.0' goal '2521.0 -223.0 120.0'
ARGEVT Romero engage Joe Rogan
ARGLOG Joe Rogan t  76.4 pos '2482.4 263.1 -72.0' spd 325.7 yaw 267.6 mode 0 st 2 gl 1 hp 68 frg 3
ARGLOG Romero t  76.5 pos '2450.6  16.0 -72.0' spd 320.2 yaw  90.7 mode 2 st 1 gl 0 hp 40 frg 1
ARGEVT Joe Rogan route 12 start '2393.0 225.0 -24.0' goal '1465.0 -703.0 184.0'
ARGEVT Joe Rogan hazard
ARGLOG Joe Rogan t  77.0 pos '2410.8 241.3 -24.0' spd  73.0 yaw 242.6 mode 2 st 2 gl 1 hp 68 frg 3
ARGLOG Romero t  77.0 pos '2270.6  16.0 -117.8' spd 324.1 yaw  62.7 mode 0 st 1 gl 0 hp 40 frg 1
ARGEVT Romero route 16 start '2233.0 -31.0 -136.0' goal '2521.0 -223.0 120.0'
ARGEVT Romero pursue
ARGEVT Romero hazard
ARGEVT Carmack respawn
ARGLOG Joe Rogan t  77.5 pos '2242.8 272.4  24.0' spd 339.8 yaw 300.3 mode 2 st 2 gl 1 hp 68 frg 3
ARGEVT Carmack goal weapon_rocketlauncher
ARGLOG Carmack t  77.5 pos '2624.0 -488.0  32.0' spd 0 yaw 160.2 mode 0 st 4 gl 4 hp 100 frg 3
ARGLOG Romero t  77.6 pos '2406.7   2.9 -72.0' spd 384.5 yaw  64.2 mode 2 st 1 gl 0 hp 40 frg 1
ARGEVT Carmack routefail
ARGEVT Carmack plan powerup via weapon
ARGEVT Carmack goal weapon_nailgun
ARGEVT Carmack route 5 start '2553.0 -511.0  24.0' goal '2521.0 -191.0  32.0'
ARGLOG Joe Rogan t  78.1 pos '2376.3 333.8  -8.0' spd 324.6 yaw 278.2 mode 2 st 2 gl 1 hp 68 frg 3
ARGLOG Carmack t  78.1 pos '2458.3 -426.5   8.0' spd 369.1 yaw  98.6 mode 2 st 4 gl 4 hp 100 frg 3
ARGLOG Romero t  78.2 pos '2425.8  -0.6 -72.0' spd 323.3 yaw  83.7 mode 2 st 1 gl 0 hp 39 frg 1
ARGEVT Romero grab weapon_nailgun
ARGEVT Joe Rogan route 8 start '2489.0 257.0 -72.0' goal '1465.0 -703.0 184.0'
ARGEVT Romero hazard
ARGEVT Carmack hazard
ARGLOG Joe Rogan t  78.7 pos '2552.7 302.4 -72.0' spd 323.1 yaw 242.9 mode 2 st 2 gl 1 hp 68 frg 3
ARGLOG Carmack t  78.7 pos '2390.0 -304.0   8.0' spd 184.2 yaw 80 mode 2 st 4 gl 4 hp 100 frg 3
ARGLOG Romero t  78.7 pos '2377.3 -71.6 -88.0' spd  65.1 yaw  56.4 mode 2 st 1 gl 0 hp 36 frg 1
ARGLOG Joe Rogan t  79.2 pos '2651.4 214.6 -72.0' spd 176.7 yaw 231.6 mode 2 st 2 gl 1 hp 68 frg 3
ARGLOG Carmack t  79.2 pos '2286.6 -304.6   8.0' spd 273.1 yaw 62 mode 2 st 4 gl 4 hp 100 frg 3
ARGLOG Romero t  79.3 pos '2375.3 -76.2 -88.0' spd 346.8 yaw  53.6 mode 2 st 1 gl 0 hp 28 frg 1
ARGEVT Joe Rogan pursue
ARGUS routecache adopt
ARGEVT Joe Rogan route 8 start '2489.0 257.0 -72.0' goal '1465.0 -703.0 184.0'
ARGLOG Joe Rogan t  79.8 pos '2493.6 257.0 -72.0' spd 367.6 yaw 232.8 mode 0 st 2 gl 1 hp 68 frg 3
ARGLOG Carmack t  79.8 pos '2254.4 -181.8  24.0' spd 331.2 yaw 55 mode 2 st 4 gl 4 hp 100 frg 3
ARGEVT Romero route 16 start '2233.0 -31.0 -136.0' goal '2521.0 -223.0 120.0'
ARGEVT Joe Rogan hazard
ARGEVT Romero pursue
ARGLOG Romero t  79.8 pos '2269.5 -118.5 -136.0' spd  47.6 yaw 49 mode 2 st 1 gl 0 hp 28 frg 1
ARGLOG Joe Rogan t  80.3 pos '2328.2 287.8   8.0' spd 320.9 yaw 252.6 mode 2 st 2 gl 1 hp 52 frg 3
ARGLOG Carmack t  80.3 pos '2303.9 -11.3  40.0' spd 323.3 yaw 65 mode 2 st 4 gl 4 hp 100 frg 3
ARGEVT Joe Rogan pursue
ARGLOG Romero t  80.4 pos '2218.6 -14.1 -136.0' spd 207.2 yaw  76.8 mode 2 st 1 gl 0 hp 28 frg 1
ARGEVT Romero pursue
ARGEVT Joe Rogan route 12 start '2297.0 321.0  24.0' goal '1465.0 -703.0 184.0'
ARGLOG Joe Rogan t  80.9 pos '2187.5 201.0  24.0' spd 345.4 yaw 260 mode 2 st 2 gl 1 hp 52 frg 3
ARGLOG Carmack t  80.9 pos '2320.0  16.0  40.0' spd 0 yaw 66 mode 2 st 4 gl 4 hp 100 frg 3
ARGLOG Romero t  81.0 pos '2374.1  12.6 -88.0' spd 341.4 yaw   4.5 mode 0 st 1 gl 0 hp 28 frg 1
ARGEVT Romero route 15 start '2361.0 -63.0 -88.0' goal '2521.0 -223.0 120.0'
ARGEVT Carmack engage Joe Rogan
ARGLOG Joe Rogan t  81.5 pos '2191.1  16.3  24.0' spd 326.1 yaw 307 mode 2 st 2 gl 1 hp 52 frg 3
ARGLOG Carmack t  81.5 pos '2331.9  16.0  56.0' spd 198.4 yaw 198.2 mode 2 st 4 gl 4 hp 100 frg 3
ARGLOG Romero t  81.5 pos '2486.9  16.0 -72.0' spd 100.0 yaw 112 mode 2 st 1 gl 0 hp 28 frg 1
ARGEVT Joe Rogan hazard
ARGEVT Joe Rogan jump
ARGEVT Romero hazard
ARGLOG Joe Rogan t  82.0 pos '2288.0 -58.5  48.4' spd 166.6 yaw 357 mode 2 st 2 gl 1 hp 28 frg 3
ARGLOG Carmack t  82.0 pos '2435.1 -69.5 104.0' spd 392.7 yaw 168.0 mode 1 st 4 gl 4 hp 100 frg 3
ARGLOG Romero t  82.1 pos '2378.9  16.0 -72.0' spd 140.3 yaw  54.3 mode 2 st 1 gl 0 hp 28 frg 1
ARGLOG Joe Rogan t  82.6 pos '2325.9 -62.9  56.0' spd 331.7 yaw 330.7 mode 2 st 2 gl 1 hp 4 frg 3
ARGLOG Romero t  82.6 pos '2480.6  16.0 -72.0' spd 343.5 yaw  62.7 mode 2 st 1 gl 0 hp 28 frg 1
ARGLOG Carmack t  82.6 pos '2397.4 -91.3  88.0' spd 219.4 yaw 172.2 mode 1 st 4 gl 4 hp 100 frg 3
ARGEVT Joe Rogan death Carmack pos '2377.8 -103.2  72.0'
ARGEVT Carmack goal 
ARGLOG Romero t  83.1 pos '2568.8 -45.9 -64.0' spd 376.4 yaw 243.8 mode 2 st 1 gl 0 hp 28 frg 1
ARGLOG Carmack t  83.1 pos '2479.8 -124.7  56.0' spd 185.1 yaw 112 mode 1 st 4 gl 4 hp 100 frg 4
ARGEVT Romero hazard
ARGEVT Carmack goal item_artifact_super_damage
ARGEVT Carmack routefail
ARGLOG Romero t  83.6 pos '2429.6 -80.0 -72.0' spd 321.2 yaw 3 mode 2 st 1 gl 0 hp 28 frg 1
ARGLOG Carmack t  83.6 pos '2348.2 -79.0  56.0' spd 321.2 yaw 161 mode 0 st 4 gl 5 hp 100 frg 4
ARGEVT Carmack goal weapon_rocketlauncher
ARGEVT Carmack route 8 start '2361.0 -63.0  72.0' goal '1465.0 -703.0 184.0'
ARGLOG Romero t  84.2 pos '2363.9 -79.3 -88.0' spd 195.2 yaw 3 mode 2 st 1 gl 0 hp 28 frg 1
ARGLOG Carmack t  84.2 pos '2193.5 -131.0  24.0' spd 410.8 yaw 14 mode 2 st 4 gl 5 hp 100 frg 4
ARGEVT Joe Rogan respawn
ARGEVT Joe Rogan goal item_armorInv
ARGLOG Joe Rogan t  84.4 pos '2176.0 -2176.0  84.0' spd 0 yaw  70.5 mode 0 st 2 gl 1 hp 100 frg 3
ARGEVT Joe Rogan routefail
ARGEVT Romero hazard
ARGEVT Joe Rogan goal item_health
ARGEVT Joe Rogan hazard
ARGLOG Romero t  84.8 pos '2496.0 -80.0 -72.0' spd 0 yaw 243.0 mode 2 st 1 gl 0 hp 28 frg 1
ARGLOG Carmack t  84.8 pos '2361.0 -151.0  24.0' spd 369.6 yaw 42 mode 2 st 4 gl 5 hp 100 frg 4
ARGEVT Joe Rogan routefail
ARGEVT Joe Rogan goal item_spikes
ARGLOG Joe Rogan t  84.9 pos '2223.6 -2016.2  88.0' spd 321.0 yaw 103 mode 1 st 2 gl 1 hp 100 frg 3
ARGLOG Romero t  85.3 pos '2335.5 -75.3 -104.0' spd 340.1 yaw 2 mode 2 st 1 gl 0 hp 28 frg 1
ARGLOG Carmack t  85.3 pos '2363.4 -144.0  24.0' spd  36.3 yaw 40 mode 2 st 4 gl 5 hp 100 frg 4
ARGEVT Joe Rogan goal item_health
ARGEVT Joe Rogan route 4 start '2233.0 -1823.0  24.0' goal '2457.0 -1311.0  24.0'
ARGLOG Joe Rogan t  85.5 pos '2199.0 -1834.9  24.0' spd 355.5 yaw 58 mode 2 st 2 gl 2 hp 100 frg 3
ARGEVT Carmack stall
ARGEVT Carmack stallnode '2361.0 -63.0  72.0'
ARGEVT Carmack jump
ARGLOG Romero t  85.8 pos '2415.9 -79.6 -72.0' spd 320.1 yaw 3 mode 2 st 1 gl 0 hp 28 frg 1
ARGLOG Carmack t  85.8 pos '2355.9 -143.5  61.4' spd  32.6 yaw 190.5 mode 0 st 5 gl 5 hp 100 frg 4
ARGEVT Carmack route 10 start '2361.0 -159.0  24.0' goal '1465.0 -703.0 184.0'
ARGLOG Joe Rogan t  86.0 pos '2350.2 -1849.4  24.0' spd 320.0 yaw 88 mode 2 st 2 gl 2 hp 100 frg 3
ARGEVT Romero hazard
ARGEVT Carmack hazard
ARGLOG Romero t  86.3 pos '2496.0 -80.0 -72.0' spd 0 yaw 223.8 mode 2 st 1 gl 0 hp 28 frg 1
ARGLOG Carmack t  86.3 pos '2352.0 -142.7  56.0' spd  80.7 yaw 83 mode 2 st 5 gl 5 hp 100 frg 4
ARGLOG Joe Rogan t  86.6 pos '2484.9 -1753.7  24.0' spd 366.5 yaw 109 mode 2 st 2 gl 2 hp 100 frg 3
ARGLOG Romero t  86.9 pos '2367.9 -74.7 -88.0' spd 127.4 yaw 2 mode 2 st 1 gl 0 hp 28 frg 1
ARGLOG Carmack t  86.9 pos '2259.5 -139.0  24.0' spd 325.3 yaw 36 mode 2 st 5 gl 5 hp 100 frg 4
ARGLOG Joe Rogan t  87.1 pos '2411.8 -1583.9  24.0' spd 323.8 yaw 80 mode 2 st 2 gl 2 hp 100 frg 3
ARGLOG Romero t  87.4 pos '2526.4 -76.3 -64.0' spd 320.2 yaw 4 mode 2 st 1 gl 0 hp 28 frg 1
ARGLOG Carmack t  87.4 pos '2177.8  -8.1  24.0' spd 406.3 yaw 349 mode 2 st 5 gl 5 hp 100 frg 4
ARGEVT Carmack hazard
ARGEVT Romero door
ARGLOG Joe Rogan t  87.7 pos '2370.6 -1408.7  24.0' spd 320.2 yaw 95 mode 1 st 2 gl 2 hp 100 frg 3
ARGEVT Romero hazard
ARGEVT Carmack jump
ARGEVT Joe Rogan goal item_armor2
ARGLOG Romero t  87.9 pos '2682.3 -76.7 -72.0' spd 112.2 yaw 248 mode 2 st 1 gl 0 hp 28 frg 1
ARGLOG Carmack t  87.9 pos '2320.0 -24.6  53.9' spd  66.7 yaw 359 mode 2 st 5 gl 5 hp 100 frg 4
ARGEVT Joe Rogan hazard
ARGLOG Joe Rogan t  88.2 pos '2427.4 -1296.0  24.0' spd 103.9 yaw 136.2 mode 0 st 2 gl 3 hp 100 frg 3
ARGEVT Joe Rogan route 18 start '2457.0 -1311.0  24.0' goal '2009.0 -991.0  32.0'
ARGLOG Romero t  88.5 pos '2592.0 -80.0 -72.0' spd 0 yaw 205 mode 2 st 1 gl 0 hp 28 frg 1
ARGLOG Carmack t  88.5 pos '2347.2 -59.8  56.0' spd 223.3 yaw 4 mode 2 st 5 gl 5 hp 100 frg 4
ARGEVT Carmack jump
ARGLOG Joe Rogan t  88.8 pos '2424.9 -1296.0  24.0' spd 280.3 yaw 76 mode 2 st 2 gl 3 hp 100 frg 3
ARGEVT Romero stall
ARGEVT Romero stallnode '2905.0 -47.0 -72.0'
ARGEVT Romero jump
ARGLOG Romero t  89.1 pos '2590.2 -80.0 -47.6' spd  29.6 yaw 189 mode 0 st 2 gl 0 hp 28 frg 1
ARGLOG Carmack t  89.1 pos '2423.3 -58.3 123.6' spd  30.4 yaw 5 mode 2 st 5 gl 5 hp 100 frg 4
ARGEVT Romero route 14 start '2649.0 -63.0 -72.0' goal '2521.0 -223.0 120.0'
ARGLOG Joe Rogan t  89.3 pos '2480.3 -1162.8  24.0' spd 324.7 yaw 81 mode 2 st 2 gl 3 hp 100 frg 3
ARGEVT Joe Rogan lift
ARGLOG Romero t  89.6 pos '2574.2 -80.0 -64.0' spd  33.4 yaw 206 mode 2 st 2 gl 0 hp 28 frg 1
ARGLOG Carmack t  89.6 pos '2521.9 -48.7 120.0' spd 320.0 yaw 5 mode 2 st 5 gl 5 hp 100 frg 4
ARGEVT Joe Rogan board
ARGLOG Joe Rogan t  89.9 pos '2479.9 -980.9  50.6' spd 0 yaw 120 mode 2 st 2 gl 3 hp 100 frg 3
ARGLOG Romero t  90.1 pos '2393.0 -80.0 -72.0' spd 357.5 yaw 228 mode 2 st 2 gl 0 hp 28 frg 1
ARGLOG Carmack t  90.1 pos '2640.0 -39.5 120.0' spd   3.5 yaw 214 mode 2 st 5 gl 5 hp 100 frg 4
ARGEVT Joe Rogan door
ARGLOG Joe Rogan t  90.4 pos '2520.1 -912.0 120.0' spd  54.1 yaw 343.7 mode 2 st 2 gl 3 hp 100 frg 3
ARGEVT Romero route 15 start '2361.0 -63.0 -88.0' goal '2521.0 -223.0 120.0'
ARGLOG Romero t  90.6 pos '2217.6 -96.8 -136.0' spd 330.6 yaw 286 mode 2 st 2 gl 0 hp 28 frg 1
ARGLOG Carmack t  90.6 pos '2640.0 -41.3 120.0' spd   3.5 yaw 214 mode 2 st 5 gl 5 hp 100 frg 4
ARGEVT Carmack stall
ARGEVT Carmack stallnode '2905.0 -47.0 -72.0'
ARGEVT Carmack jump
ARGLOG Joe Rogan t  90.9 pos '2520.1 -912.0 120.0' spd 0 yaw 266 mode 2 st 2 gl 3 hp 100 frg 3
ARGEVT Romero hazard
ARGEVT Carmack route 7 start '2585.0   1.0 120.0' goal '1465.0 -703.0 184.0'
ARGLOG Romero t  91.2 pos '2277.8 -184.2 -136.0' spd 101.2 yaw 249 mode 2 st 2 gl 0 hp 28 frg 1
ARGLOG Carmack t  91.2 pos '2639.9 -52.9 150.3' spd  34.6 yaw 217.6 mode 2 st 6 gl 5 hp 100 frg 4
ARGEVT Joe Rogan door
ARGLOG Joe Rogan t  91.4 pos '2488.3 -955.8 120.0' spd 341.4 yaw 116 mode 2 st 2 gl 3 hp 100 frg 3
ARGEVT Joe Rogan hazard
ARGLOG Romero t  91.7 pos '2251.7 -206.7 -136.0' spd 200.7 yaw 19 mode 2 st 2 gl 0 hp 28 frg 1
ARGLOG Carmack t  91.7 pos '2568.4   8.2 120.0' spd 380.7 yaw 351 mode 2 st 6 gl 5 hp 100 frg 4
ARGLOG Joe Rogan t  92.0 pos '2448.0 -933.0 120.0' spd 333.2 yaw 110 mode 2 st 2 gl 3 hp 100 frg 3
ARGLOG Romero t  92.2 pos '2318.6 -58.2 -120.0' spd 405.5 yaw 1 mode 2 st 2 gl 0 hp 28 frg 1
ARGLOG Carmack t  92.2 pos '2640.0 -30.7 120.0' spd 321.1 yaw 215 mode 2 st 6 gl 5 hp 100 frg 4
ARGEVT Carmack hazard
ARGLOG Joe Rogan t  92.5 pos '2362.9 -791.5 116.9' spd 318.8 yaw 83 mode 2 st 2 gl 3 hp 100 frg 3
ARGLOG Romero t  92.7 pos '2483.0 -23.5 -72.0' spd 323.7 yaw 357 mode 2 st 2 gl 0 hp 28 frg 1
ARGLOG Carmack t  92.7 pos '2640.0 -75.6 120.0' spd  21.4 yaw 213 mode 2 st 6 gl 5 hp 100 frg 4
ARGEVT Joe Rogan abandon
ARGEVT Joe Rogan goal item_armor2
ARGEVT Joe Rogan route 8 start '2361.0 -703.0  56.0' goal '2777.0   1.0 -72.0'
ARGEVT Joe Rogan abandon
ARGLOG Joe Rogan t  93.1 pos '2391.8 -707.5  56.0' spd 234.2 yaw  15.5 mode 0 st 2 gl 3 hp 100 frg 3
ARGEVT Joe Rogan goal weapon_nailgun
ARGEVT Joe Rogan route 5 start '2361.0 -703.0  56.0' goal '2521.0 -191.0  32.0'
ARGLOG Romero t  93.3 pos '2660.0 -55.7 -72.0' spd 324.6 yaw 214 mode 2 st 2 gl 0 hp 28 frg 1
ARGLOG Carmack t  93.3 pos '2640.0 -81.7 120.0' spd 152.7 yaw 303.5 mode 2 st 6 gl 5 hp 100 frg 4
ARGEVT Joe Rogan hazard
ARGLOG Joe Rogan t  93.6 pos '2448.5 -592.0  56.0' spd 284.1 yaw 138 mode 2 st 2 gl 3 hp 100 frg 3
ARGEVT Carmack hazard
ARGEVT Joe Rogan engage Carmack
ARGLOG Romero t  93.8 pos '2840.2 -56.5 -72.0' spd 320.4 yaw 210 mode 2 st 2 gl 0 hp 28 frg 1
ARGEVT Carmack engage Joe Rogan
ARGEVT Carmack grab weapon_nailgun
ARGLOG Carmack t  93.8 pos '2633.2 -262.2 120.0' spd 313.9 yaw 244.9 mode 0 st 6 gl 5 hp 100 frg 4
ARGEVT Carmack route 8 start '2521.0 -223.0 120.0' goal '1465.0 -703.0 184.0'
ARGLOG Joe Rogan t  94.1 pos '2419.6 -540.9  56.0' spd 197.4 yaw  55.0 mode 2 st 2 gl 3 hp 100 frg 3
ARGEVT Joe Rogan pursue
ARGLOG Romero t  94.3 pos '1376.2 -960.8 344.0' spd 361.9 yaw 102 mode 2 st 2 gl 0 hp 28 frg 1
ARGLOG Carmack t  94.3 pos '2515.4 -231.1 120.0' spd 323.3 yaw 234.4 mode 2 st 6 gl 5 hp 100 frg 4
ARGEVT Carmack pursue
ARGLOG Joe Rogan t  94.6 pos '2371.1 -379.4   8.0' spd 356.8 yaw  68.6 mode 2 st 2 gl 3 hp 100 frg 3
ARGEVT Joe Rogan weapon sg
ARGEVT Joe Rogan goal item_rockets
ARGEVT Joe Rogan hazard
ARGLOG Romero t  94.9 pos '1351.0 -822.7 344.0' spd 320.2 yaw 104 mode 2 st 2 gl 0 hp 28 frg 1
ARGLOG Carmack t  94.9 pos '2428.2 -205.0  24.0' spd 240.7 yaw 224.5 mode 2 st 6 gl 5 hp 100 frg 4
ARGEVT Joe Rogan route 8 start '2329.0 -351.0   8.0' goal '1465.0 -703.0 184.0'
ARGLOG Joe Rogan t  95.2 pos '2362.6 -361.1   8.0' spd 346.0 yaw  74.3 mode 2 st 2 gl 3 hp 100 frg 3
ARGEVT Joe Rogan weapon rl
ARGLOG Romero t  95.5 pos '1304.3 -630.8 334.8' spd 320.0 yaw 24 mode 2 st 2 gl 0 hp 28 frg 1
ARGLOG Carmack t  95.5 pos '2336.3 -215.9  24.0' spd 357.7 yaw 316.1 mode 2 st 6 gl 5 hp 100 frg 4
ARGEVT Carmack pursue
ARGLOG Joe Rogan t  95.8 pos '2542.7 -339.3  24.0' spd 334.9 yaw 137.2 mode 2 st 2 gl 3 hp 100 frg 3
ARGEVT Joe Rogan pursue
ARGLOG Romero t  96.0 pos '1265.6 -474.6 184.0' spd 320.0 yaw 348 mode 2 st 2 gl 0 hp 28 frg 1
ARGLOG Carmack t  96.0 pos '2383.4 -237.8  24.0' spd 346.5 yaw 277 mode 2 st 6 gl 5 hp 100 frg 4
ARGEVT Joe Rogan hazard
ARGEVT Carmack hazard
ARGEVT Romero abandon
ARGEVT Romero goal item_health
ARGEVT Joe Rogan route 9 start '2489.0 -319.0   8.0' goal '1465.0 -703.0 184.0'
ARGLOG Joe Rogan t  96.3 pos '2444.5 -309.3   8.0' spd 355.1 yaw 161.5 mode 2 st 2 gl 3 hp 100 frg 3
ARGEVT Romero route 10 start '1433.0 -543.0 184.0' goal '2521.0 -223.0 120.0'
ARGEVT Joe Rogan weapon sg
ARGLOG Romero t  96.5 pos '1433.8 -470.3 184.0' spd 321.6 yaw 311 mode 2 st 2 gl 0 hp 28 frg 1
ARGEVT Romero hazard
ARGLOG Carmack t  96.5 pos '2375.9 -240.0  24.0' spd  82.5 yaw 233.5 mode 2 st 6 gl 5 hp 100 frg 4
ARGEVT Joe Rogan weapon rl
ARGLOG Joe Rogan t  96.8 pos '2273.5 -347.4   8.0' spd 132.9 yaw  81.0 mode 2 st 2 gl 3 hp 98 frg 3
ARGEVT Carmack pursue
ARGEVT Joe Rogan pursue
ARGLOG Romero t  97.1 pos '1550.6 -607.7 184.0' spd 343.0 yaw 10 mode 2 st 2 gl 0 hp 28 frg 1
ARGLOG Carmack t  97.1 pos '2288.6 -177.2  24.0' spd 344.8 yaw 293 mode 0 st 6 gl 5 hp 100 frg 4
ARGEVT Carmack hazard
ARGEVT Joe Rogan hazard
ARGEVT Joe Rogan goal item_health
ARGEVT Carmack route 10 start '2233.0 -223.0  24.0' goal '1465.0 -703.0 184.0'
ARGLOG Joe Rogan t  97.4 pos '2357.6 -304.0   8.0' spd 163.4 yaw 139.8 mode 0 st 2 gl 3 hp 98 frg 3
ARGEVT Joe Rogan weapon sg
ARGLOG Romero t  97.6 pos '1584.0 -671.7 184.0' spd 231.9 yaw 21 mode 2 st 2 gl 0 hp 28 frg 1
ARGEVT Romero hazard
ARGLOG Carmack t  97.6 pos '2175.0 -246.0  24.0' spd 420.1 yaw 332.8 mode 2 st 6 gl 5 hp 76 frg 4
ARGEVT Joe Rogan route 10 start '2329.0 -351.0   8.0' goal '2073.0 -991.0 344.0'
ARGEVT Joe Rogan weapon rl
ARGLOG Joe Rogan t  97.9 pos '2217.0 -393.9   8.0' spd 369.5 yaw  79.2 mode 2 st 2 gl 3 hp 94 frg 3
ARGLOG Romero t  98.2 pos '1584.0 -571.1 184.0' spd  87.6 yaw 15 mode 2 st 2 gl 0 hp 28 frg 1
ARGLOG Carmack t  98.2 pos '2277.8 -179.9  24.0' spd 354.4 yaw 240.0 mode 2 st 6 gl 5 hp 76 frg 4
ARGEVT Joe Rogan route 10 start '2137.0 -479.0   8.0' goal '2073.0 -991.0 344.0'
ARGLOG Joe Rogan t  98.5 pos '2193.7 -502.2   8.0' spd 329.3 yaw  36.6 mode 2 st 2 gl 3 hp 94 frg 3
ARGEVT Carmack grab item_health
ARGLOG Romero t  98.8 pos '1691.5 -489.8  73.3' spd 234.3 yaw 9 mode 2 st 2 gl 0 hp 28 frg 1
ARGLOG Carmack t  98.8 pos '2444.1 -236.4  24.0' spd 322.4 yaw 227.4 mode 2 st 6 gl 5 hp 76 frg 4
ARGEVT Joe Rogan weapon sg
ARGLOG Joe Rogan t  99.1 pos '2204.4 -434.7   8.0' spd 320.6 yaw  29.6 mode 0 st 2 gl 3 hp 94 frg 3
ARGEVT Carmack route 11 start '2521.0 -191.0  32.0' goal '1465.0 -703.0 184.0'
ARGEVT Joe Rogan pursue
ARGEVT Carmack pursue
ARGLOG Romero t  99.3 pos '1854.1 -464.0  56.0' spd 320 yaw 0 mode 2 st 2 gl 0 hp 28 frg 1
ARGLOG Carmack t  99.3 pos '2490.5 -194.8  24.0' spd 335.5 yaw 234 mode 2 st 6 gl 5 hp 76 frg 4
ARGEVT Joe Rogan route 9 start '2169.0 -351.0  24.0' goal '2073.0 -991.0 344.0'
ARGLOG Joe Rogan t  99.6 pos '2301.6 -304.0  24.0' spd 325.4 yaw 28 mode 2 st 2 gl 3 hp 94 frg 3
ARGLOG Romero t  99.8 pos '2014.5 -464.0 104.0' spd 320.0 yaw 359 mode 2 st 2 gl 0 hp 53 frg 1
ARGLOG Carmack t  99.8 pos '2357.5 -240.0  24.0' spd 319.1 yaw 292.1 mode 2 st 6 gl 5 hp 76 frg 4
ARGEVT Romero hazard
ARGEVT Joe Rogan route 11 start '2425.0 -447.0   8.0' goal '2073.0 -991.0 344.0'
ARGLOG Joe Rogan t 100.2 pos '2463.0 -383.1   8.0' spd 368.3 yaw  95.1 mode 2 st 2 gl 3 hp 90 frg 3
ARGLOG Romero t 100.4 pos '2061.2 -488.8 104.0' spd 322.5 yaw 95 mode 2 st 2 gl 0 hp 78 frg 1
ARGEVT Carmack grab item_health
ARGLOG Carmack t 100.4 pos '2421.8 -228.5  24.0' spd 320.0 yaw 327.6 mode 2 st 6 gl 5 hp 60 frg 4
ARGEVT Carmack pursue
ARGEVT Carmack hazard
ARGEVT Joe Rogan pursue
ARGLOG Joe Rogan t 100.8 pos '2618.7 -309.6  24.0' spd 286.3 yaw 165.2 mode 2 st 2 gl 3 hp 90 frg 3
ARGEVT Joe Rogan hazard
ARGEVT Carmack route 11 start '2521.0 -191.0  32.0' goal '1465.0 -703.0 184.0'
ARGLOG Romero t 100.9 pos '1945.0 -560.0 104.0' spd 247.8 yaw 312.8 mode 2 st 2 gl 0 hp 78 frg 1
ARGLOG Carmack t 100.9 pos '2535.1 -229.4  32.0' spd 119.8 yaw 198.5 mode 2 st 6 gl 5 hp 60 frg 4
ARGLOG Joe Rogan t 101.3 pos '2459.5 -308.3   8.0' spd 324.7 yaw 177.2 mode 2 st 2 gl 3 hp 90 frg 3
ARGLOG Romero t 101.4 pos '2024.5 -532.0 104.0' spd 322.7 yaw 38 mode 2 st 2 gl 0 hp 78 frg 1
ARGLOG Carmack t 101.4 pos '2454.6 -183.6  24.0' spd 358.5 yaw 260.4 mode 2 st 6 gl 5 hp 48 frg 4
ARGEVT Romero hazard
ARGUS routecache adopt
ARGEVT Carmack route 11 start '2521.0 -191.0  32.0' goal '1465.0 -703.0 184.0'
ARGLOG Joe Rogan t 101.8 pos '2493.8 -409.5   8.0' spd  55.7 yaw  67.0 mode 2 st 2 gl 3 hp 88 frg 3
ARGEVT Joe Rogan pursue
ARGEVT Carmack pursue
ARGLOG Romero t 102.0 pos '2046.6 -371.4 104.0' spd 320.1 yaw 91 mode 2 st 2 gl 0 hp 78 frg 1
ARGLOG Carmack t 102.0 pos '2533.8 -208.1  32.0' spd 320.3 yaw 234 mode 2 st 6 gl 5 hp 48 frg 4
ARGEVT Carmack hazard
ARGEVT Joe Rogan hazard
ARGLOG Joe Rogan t 102.4 pos '2424.3 -316.7   8.0' spd 259.4 yaw  87.4 mode 2 st 2 gl 3 hp 88 frg 3
ARGEVT Romero engage Carmack
ARGEVT Carmack grab item_health
ARGLOG Romero t 102.5 pos '2047.7 -210.3  24.0' spd 320.2 yaw   0.3 mode 2 st 2 gl 0 hp 78 frg 1
ARGLOG Carmack t 102.5 pos '2451.0 -197.1  24.0' spd 267.4 yaw 238.3 mode 2 st 6 gl 5 hp 48 frg 4
ARGUS routecache adopt
ARGEVT Carmack route 11 start '2521.0 -191.0  32.0' goal '1465.0 -703.0 184.0'
ARGEVT Carmack pursue
ARGEVT Joe Rogan pursue
ARGLOG Joe Rogan t 102.9 pos '2312.4 -353.1   8.0' spd 323.7 yaw  43.8 mode 2 st 2 gl 3 hp 88 frg 3
ARGEVT Romero grab item_health
ARGLOG Romero t 103.1 pos '2051.8 -35.2  24.0' spd 378.8 yaw 337.9 mode 2 st 2 gl 0 hp 78 frg 1
ARGLOG Carmack t 103.1 pos '2507.5 -231.0  24.0' spd 320.0 yaw 184.3 mode 2 st 6 gl 5 hp 28 frg 4
ARGEVT Carmack retreat
ARGEVT Romero route 4 start '1913.0 -63.0  24.0' goal '2521.0 -223.0 120.0'
ARGLOG Joe Rogan t 103.5 pos '2413.0 -358.5   8.0' spd 267.6 yaw  92.4 mode 2 st 2 gl 3 hp 88 frg 3
ARGLOG Romero t 103.6 pos '1917.3 -84.1  24.0' spd 343.5 yaw 354.3 mode 2 st 2 gl 0 hp 100 frg 1
ARGLOG Carmack t 103.6 pos '2373.0 -164.1  24.0' spd 320.0 yaw 300.7 mode 2 st 6 gl 5 hp 12 frg 4
ARGEVT Carmack hazard
ARGEVT Carmack abandon
ARGEVT Carmack goal item_health
ARGLOG Joe Rogan t 104.1 pos '2550.4 -327.6  24.0' spd 160.8 yaw 136.0 mode 0 st 2 gl 3 hp 88 frg 3
ARGEVT Carmack death Romero pos '2286.6 -133.0  24.0'
ARGEVT Romero goal weapon_rocketlauncher
ARGLOG Romero t 104.1 pos '1915.6 -216.8  24.0' spd 174.9 yaw  74.2 mode 0 st 2 gl 0 hp 100 frg 2
ARGEVT Joe Rogan route 11 start '2489.0 -319.0   8.0' goal '2073.0 -991.0 344.0'
ARGEVT Joe Rogan engage Romero
ARGEVT Romero engage Joe Rogan
ARGEVT Romero route 11 start '1913.0 -223.0  24.0' goal '1465.0 -703.0 184.0'
ARGLOG Joe Rogan t 104.6 pos '2396.5 -403.4   8.0' spd 342.6 yaw 162.7 mode 2 st 2 gl 3 hp 88 frg 3
ARGLOG Romero t 104.7 pos '1988.9 -291.7  56.0' spd 326.7 yaw 338.6 mode 2 st 2 gl 0 hp 100 frg 2
ARGEVT Joe Rogan pursue
ARGEVT Romero pursue
ARGEVT Romero hazard
ARGLOG Joe Rogan t 105.1 pos '2240.1 -442.4   8.0' spd 334.1 yaw 136 mode 2 st 2 gl 3 hp 88 frg 3
ARGLOG Romero t 105.2 pos '2052.5 -285.2  56.0' spd 320.6 yaw  96.6 mode 2 st 2 gl 0 hp 100 frg 2
ARGEVT Joe Rogan hazard
ARGLOG Joe Rogan t 105.6 pos '2138.2 -331.6  24.0' spd 353.5 yaw 82 mode 2 st 2 gl 3 hp 88 frg 3
ARGEVT Carmack respawn
ARGEVT Joe Rogan grab 
ARGEVT Romero grab 
ARGEVT Carmack goal item_armorInv
ARGLOG Carmack t 105.7 pos '2576.0 -1328.0  24.0' spd 0 yaw 262 mode 0 st 6 gl 5 hp 100 frg 4
ARGLOG Romero t 105.7 pos '2067.4 -120.5  24.0' spd 375.9 yaw 317.4 mode 2 st 2 gl 0 hp 100 frg 2
ARGEVT Carmack routefail
ARGEVT Carmack goal 
ARGEVT Carmack route 9 start '2585.0 -1375.0  24.0' goal '2361.0 -159.0  24.0'
ARGLOG Joe Rogan t 106.1 pos '2238.4 -206.6  24.0' spd 329.0 yaw 105.4 mode 2 st 2 gl 3 hp 84 frg 3
ARGEVT Carmack goal weapon_rocketlauncher
ARGLOG Carmack t 106.2 pos '2518.2 -1473.4  24.0' spd 382.7 yaw 201.5 mode 1 st 6 gl 5 hp 100 frg 4
ARGLOG Romero t 106.2 pos '2220.3 -81.6  24.0' spd 275.0 yaw 304.3 mode 2 st 2 gl 0 hp 91 frg 2
ARGEVT Joe Rogan weapon rl
ARGLOG Joe Rogan t 106.7 pos '2210.5 -243.9  24.0' spd 328.1 yaw 132.0 mode 2 st 2 gl 3 hp 80 frg 3
ARGLOG Carmack t 106.7 pos '2464.8 -1636.7  24.0' spd 396.0 yaw   0.4 mode 1 st 6 gl 5 hp 100 frg 4
ARGLOG Romero t 106.8 pos '2076.5 -100.1  24.0' spd 321.2 yaw 293.4 mode 2 st 2 gl 0 hp 91 frg 2
ARGEVT Joe Rogan hazard
ARGEVT Joe Rogan weapon ssg
ARGLOG Joe Rogan t 107.2 pos '2215.5 -262.0  24.0' spd 320.4 yaw  86.2 mode 2 st 2 gl 3 hp 76 frg 3
ARGLOG Carmack t 107.3 pos '2606.2 -1751.2  24.0' spd 331.1 yaw 229.4 mode 1 st 6 gl 5 hp 100 frg 4
ARGEVT Joe Rogan weapon rl
ARGLOG Romero t 107.4 pos '2288.0 -97.7 107.0' spd  66.3 yaw 247.1 mode 0 st 2 gl 0 hp 53 frg 2
ARGEVT Joe Rogan weapon ssg
ARGEVT Romero route 8 start '2361.0 -63.0  72.0' goal '1465.0 -703.0 184.0'
ARGEVT Joe Rogan weapon rl
ARGLOG Joe Rogan t 107.8 pos '2132.8 -163.7  24.0' spd 333.2 yaw  49.1 mode 2 st 2 gl 3 hp 72 frg 3
ARGLOG Carmack t 107.9 pos '2447.6 -1834.8  24.0' spd 359.0 yaw 129 mode 1 st 6 gl 5 hp 100 frg 4
ARGLOG Romero t 107.9 pos '2320.0   5.0  40.0' spd 239.8 yaw 214.1 mode 2 st 2 gl 0 hp 42 frg 2
ARGLOG Joe Rogan t 108.4 pos '2027.1  -6.7  24.0' spd 344.0 yaw 342.0 mode 2 st 2 gl 3 hp 68 frg 3
ARGLOG Carmack t 108.4 pos '2374.0 -1669.9  24.0' spd 363.0 yaw 33 mode 1 st 6 gl 5 hp 100 frg 4
ARGEVT Romero retreat
ARGLOG Romero t 108.5 pos '2227.9 -90.5  41.8' spd 860.3 yaw 161.9 mode 2 st 2 gl 0 hp 5 frg 2
ARGEVT Joe Rogan route 9 start '2041.0   1.0  24.0' goal '2073.0 -991.0 344.0'
ARGLOG Joe Rogan t 108.9 pos '1955.7 -146.4  24.0' spd 332.3 yaw 358.6 mode 2 st 2 gl 3 hp 60 frg 3
ARGLOG Carmack t 109.0 pos '2547.1 -1618.8  24.0' spd 368.9 yaw 291 mode 1 st 6 gl 5 hp 100 frg 4
ARGLOG Romero t 109.0 pos '2512.0 -238.8  60.4' spd  19.7 yaw 169.6 mode 2 st 2 gl 0 hp 30 frg 2
ARGLOG Joe Rogan t 109.5 pos '2041.1 -301.6  56.0' spd 332.2 yaw  33.1 mode 2 st 2 gl 3 hp 59 frg 3
ARGEVT Romero hazard
ARGEVT Joe Rogan hazard
ARGLOG Carmack t 109.5 pos '2563.2 -1797.4  24.0' spd 364.5 yaw 189 mode 1 st 6 gl 5 hp 100 frg 4
ARGLOG Romero t 109.6 pos '2563.3 -146.1  32.0' spd 260.6 yaw 206.2 mode 2 st 2 gl 0 hp 30 frg 2
ARGEVT Romero pursue
ARGLOG Joe Rogan t 110.0 pos '2064.0 -297.4  84.9' spd 331.2 yaw 62 mode 2 st 2 gl 3 hp 59 frg 3
ARGLOG Carmack t 110.1 pos '2384.6 -1774.3  24.0' spd 365.5 yaw 88 mode 1 st 6 gl 5 hp 100 frg 4
ARGLOG Romero t 110.2 pos '2419.1 -193.8  24.0' spd 207.3 yaw 183.1 mode 2 st 2 gl 0 hp 30 frg 2
ARGEVT Romero death Joe Rogan pos '2442.5 -227.7  24.0'
ARGEVT Joe Rogan goal 
ARGLOG Joe Rogan t 110.5 pos '2063.0 -113.6  24.0' spd 377.6 yaw  11.8 mode 0 st 2 gl 3 hp 56 frg 4
ARGEVT Joe Rogan route 2 start '2041.0 -159.0  24.0' goal '2521.0 -191.0  32.0'
ARGLOG Carmack t 110.7 pos '2444.7 -1605.8  24.0' spd 366.9 yaw 344 mode 1 st 6 gl 5 hp 100 frg 4
ARGLOG Joe Rogan t 111.1 pos '2250.0 -87.7  24.0' spd 325.4 yaw 332 mode 2 st 2 gl 3 hp 56 frg 4
ARGEVT Joe Rogan hazard
ARGLOG Carmack t 111.2 pos '2596.4 -1702.1  24.0' spd 368.8 yaw 240 mode 1 st 6 gl 5 hp 100 frg 4
ARGLOG Joe Rogan t 111.7 pos '2383.1 -202.4  24.0' spd 320.2 yaw 332 mode 1 st 2 gl 3 hp 56 frg 4
ARGEVT Joe Rogan goal item_armorInv
ARGLOG Carmack t 111.8 pos '2468.7 -1828.5  24.0' spd 367.9 yaw 139 mode 1 st 6 gl 5 hp 100 frg 4
ARGEVT Joe Rogan routefail
ARGEVT Romero respawn
ARGEVT Romero goal weapon_rocketlauncher
ARGLOG Romero t 112.0 pos '2704.0 -2048.0 128.0' spd 0 yaw 250.2 mode 0 st 2 gl 0 hp 100 frg 2
ARGEVT Romero route 11 start '2713.0 -2111.0 120.0' goal '2489.0 -1631.0  24.0'
ARGEVT Joe Rogan goal item_health
ARGEVT Joe Rogan route 10 start '2521.0 -191.0  32.0' goal '2073.0 -991.0 344.0'
ARGLOG Joe Rogan t 112.2 pos '2407.8 -240.0  24.0' spd 133.5 yaw 120 mode 2 st 2 gl 4 hp 56 frg 4
ARGLOG Carmack t 112.3 pos '2374.8 -1675.7  24.0' spd 368.4 yaw 36 mode 1 st 6 gl 5 hp 100 frg 4
ARGLOG Romero t 112.5 pos '2699.2 -2218.3 120.0' spd 320.4 yaw 219 mode 2 st 2 gl 0 hp 100 frg 2
ARGLOG Joe Rogan t 112.8 pos '2538.3 -201.4  32.0' spd 383.7 yaw 101.9 mode 2 st 2 gl 4 hp 56 frg 4
ARGEVT Romero hazard
ARGEVT Joe Rogan hazard
ARGLOG Carmack t 112.9 pos '2544.7 -1616.8  24.0' spd 367.4 yaw 291 mode 1 st 6 gl 5 hp 100 frg 4
ARGLOG Romero t 113.1 pos '2682.4 -2348.3 120.0' spd 187.8 yaw 177 mode 2 st 2 gl 0 hp 100 frg 2
ARGLOG Joe Rogan t 113.3 pos '2409.8 -150.6  24.0' spd 320.8 yaw 167 mode 2 st 2 gl 4 hp 56 frg 4
ARGLOG Carmack t 113.5 pos '2567.3 -1794.4  24.0' spd 366.0 yaw 191 mode 1 st 6 gl 5 hp 100 frg 4
ARGLOG Romero t 113.6 pos '2510.2 -2300.6 120.0' spd 323.2 yaw 233 mode 2 st 2 gl 0 hp 100 frg 2
ARGLOG Joe Rogan t 113.9 pos '2229.6 -131.5  24.0' spd 327.7 yaw 16 mode 2 st 2 gl 4 hp 56 frg 4
ARGEVT Romero hazard
ARGLOG Carmack t 114.0 pos '2388.7 -1782.4  24.0' spd 367.2 yaw 91 mode 1 st 6 gl 5 hp 100 frg 4
ARGLOG Romero t 114.2 pos '2379.2 -2321.7 120.0' spd 107.3 yaw 216 mode 2 st 2 gl 0 hp 100 frg 2
ARGLOG Joe Rogan t 114.5 pos '2238.3  13.8  24.0' spd 339.4 yaw 341 mode 2 st 2 gl 4 hp 56 frg 4
ARGLOG Carmack t 114.6 pos '2434.3 -1610.0  24.0' spd 370.3 yaw 351 mode 1 st 6 gl 5 hp 100 frg 4
ARGEVT Joe Rogan jump
ARGLOG Romero t 114.8 pos '2370.1 -2352.0 120.0' spd  13.8 yaw 212 mode 2 st 2 gl 0 hp 100 frg 2
ARGLOG Joe Rogan t 115.0 pos '2321.2 -62.5  77.5' spd 156.6 yaw 0 mode 2 st 2 gl 4 hp 56 frg 4
ARGLOG Carmack t 115.1 pos '2595.2 -1690.4  24.0' spd 366.9 yaw 247 mode 1 st 6 gl 5 hp 100 frg 4
ARGEVT Romero hazard
ARGLOG Romero t 115.3 pos '2370.6 -2352.0 120.0' spd  24.2 yaw 212 mode 2 st 2 gl 0 hp 100 frg 2
ARGEVT Romero stall
ARGEVT Romero stallnode '2361.0 -2495.0 136.0'
ARGEVT Romero jump
ARGEVT Joe Rogan jump
ARGLOG Joe Rogan t 115.6 pos '2416.0 -69.2 101.7' spd  40.7 yaw 2 mode 2 st 2 gl 4 hp 56 frg 4
ARGLOG Carmack t 115.7 pos '2482.4 -1829.6  24.0' spd 367.0 yaw 146 mode 1 st 6 gl 5 hp 100 frg 4
ARGEVT Romero route 8 start '2361.0 -2335.0 120.0' goal '2489.0 -1631.0  24.0'
ARGLOG Romero t 115.9 pos '2378.1 -2352.0 151.0' spd  40.0 yaw 211 mode 2 st 3 gl 0 hp 100 frg 2
ARGLOG Joe Rogan t 116.1 pos '2442.6 -48.4 104.0' spd 215.3 yaw 0 mode 2 st 2 gl 4 hp 56 frg 4
ARGLOG Carmack t 116.2 pos '2370.1 -1691.5  24.0' spd 368.3 yaw 44 mode 1 st 6 gl 5 hp 100 frg 4
ARGLOG Romero t 116.4 pos '2377.4 -2463.6 136.0' spd 325.5 yaw 151 mode 2 st 3 gl 0 hp 100 frg 2
ARGEVT Romero hazard
ARGLOG Joe Rogan t 116.7 pos '2621.0 -57.1 120.0' spd 320.3 yaw 214 mode 2 st 2 gl 4 hp 56 frg 4
ARGLOG Carmack t 116.8 pos '2530.7 -1632.1  24.0' spd 407.9 yaw 258.8 mode 1 st 6 gl 5 hp 100 frg 4
ARGLOG Romero t 117.0 pos '2215.6 -2490.6 200.0' spd 320.6 yaw 116 mode 2 st 3 gl 0 hp 100 frg 2
ARGEVT Carmack goal item_health
ARGEVT Romero goal item_armor2
ARGLOG Joe Rogan t 117.2 pos '2640.0 -55.5 120.0' spd   3.5 yaw 214 mode 2 st 2 gl 4 hp 56 frg 4
ARGEVT Carmack routefail
ARGEVT Carmack goal item_armor2
ARGLOG Carmack t 117.4 pos '2450.3 -1802.6  24.0' spd 340.6 yaw 231.8 mode 0 st 6 gl 6 hp 100 frg 4
ARGEVT Joe Rogan engage Carmack
ARGEVT Joe Rogan grab item_health
ARGEVT Carmack route 21 start '2457.0 -1791.0  24.0' goal '2009.0 -991.0  32.0'
ARGLOG Romero t 117.6 pos '2179.4 -2389.0 200.0' spd 342.2 yaw 75 mode 0 st 3 gl 0 hp 100 frg 2
ARGEVT Romero hazard
ARGLOG Joe Rogan t 117.7 pos '2580.9 -126.7 120.0' spd 320.0 yaw 233.8 mode 2 st 2 gl 4 hp 71 frg 4
ARGEVT Romero route 19 start '2137.0 -2495.0 200.0' goal '2777.0   1.0 -72.0'
ARGEVT Joe Rogan pursue
ARGEVT Carmack hazard
ARGLOG Carmack t 117.9 pos '2274.8 -1811.0  24.0' spd 413.5 yaw 57 mode 2 st 6 gl 6 hp 100 frg 4
ARGEVT Joe Rogan hazard
ARGEVT Romero engage Carmack
ARGEVT Carmack engage Romero
ARGEVT Joe Rogan route 7 start '2521.0 -223.0 120.0' goal '2073.0 -991.0 344.0'
ARGLOG Romero t 118.1 pos '2213.2 -2202.6 135.1' spd 322.4 yaw 143.0 mode 2 st 3 gl 0 hp 100 frg 2
ARGLOG Joe Rogan t 118.3 pos '2472.2 -240.0 101.0' spd 169.2 yaw 327.8 mode 2 st 2 gl 4 hp 71 frg 4
ARGLOG Carmack t 118.4 pos '2346.9 -1845.3  24.0' spd 324.3 yaw 219.0 mode 2 st 6 gl 6 hp 100 frg 4
ARGEVT Romero pursue
ARGEVT Carmack pursue
ARGEVT Romero route 17 start '2137.0 -2175.0  88.0' goal '2777.0   1.0 -72.0'
ARGLOG Romero t 118.6 pos '2184.1 -2041.9  88.0' spd 349.1 yaw 74 mode 2 st 3 gl 0 hp 100 frg 2
ARGLOG Joe Rogan t 118.8 pos '2524.6 -212.4  32.0' spd 320.0 yaw 32 mode 2 st 2 gl 4 hp 71 frg 4
ARGEVT Romero grab item_health
ARGEVT Carmack weapon sg
ARGLOG Carmack t 118.9 pos '2281.9 -1871.7  24.0' spd 170.4 yaw 235.8 mode 2 st 6 gl 6 hp 100 frg 4
ARGEVT Joe Rogan jump
ARGLOG Romero t 119.1 pos '2194.5 -1936.3  56.0' spd  94.8 yaw  28.4 mode 2 st 3 gl 0 hp 76 frg 2
ARGEVT Romero hazard
ARGLOG Joe Rogan t 119.3 pos '2576.0 -149.6  32.0' spd  30.1 yaw 266 mode 2 st 2 gl 4 hp 71 frg 4
ARGLOG Carmack t 119.4 pos '2297.8 -1842.9  24.0' spd 323.3 yaw 223.6 mode 2 st 6 gl 6 hp 100 frg 4
ARGEVT Joe Rogan hazard
ARGLOG Romero t 119.6 pos '2198.3 -1946.5  56.0' spd 204.3 yaw  75.7 mode 2 st 3 gl 0 hp 76 frg 2
ARGEVT Carmack hazard
ARGEVT Carmack weapon rl
ARGLOG Joe Rogan t 119.9 pos '2561.2 -235.0  32.0' spd 311.1 yaw  26.3 mode 2 st 2 gl 4 hp 71 frg 4
ARGLOG Carmack t 120.0 pos '2255.3 -1827.6  24.0' spd 320.0 yaw 254.3 mode 2 st 6 gl 6 hp 64 frg 4
ARGEVT Joe Rogan jump
ARGLOG Romero t 120.2 pos '2203.3 -2022.2  88.0' spd  39.6 yaw  57.4 mode 2 st 3 gl 0 hp 76 frg 2
ARGLOG Joe Rogan t 120.4 pos '2574.0 -156.2  32.0' spd 198.4 yaw 51 mode 2 st 2 gl 4 hp 71 frg 4
ARGEVT Romero pursue
ARGEVT Carmack pursue
ARGLOG Carmack t 120.6 pos '2338.8 -1901.8  24.0' spd 326.4 yaw 174.5 mode 2 st 6 gl 6 hp 64 frg 4
ARGEVT Joe Rogan hazard
ARGEVT Carmack weapon sg
ARGLOG Romero t 120.7 pos '2210.2 -1917.2  40.0' spd 321.9 yaw  17.8 mode 2 st 3 gl 0 hp 76 frg 2
ARGEVT Joe Rogan jump
ARGEVT Carmack weapon rl
ARGLOG Joe Rogan t 121 pos '2576.0 -147.6  48.0' spd 270.9 yaw 49 mode 2 st 2 gl 4 hp 71 frg 4
ARGLOG Carmack t 121.1 pos '2353.6 -1832.8  24.0' spd 345.9 yaw 187.8 mode 2 st 6 gl 6 hp 64 frg 4
ARGUS routecache adopt
ARGEVT Romero route 16 start '2137.0 -1919.0  40.0' goal '2777.0   1.0 -72.0'
ARGLOG Romero t 121.3 pos '2139.1 -1861.8  24.0' spd 304.7 yaw  23.8 mode 2 st 3 gl 0 hp 52 frg 2
ARGEVT Joe Rogan stall
ARGEVT Joe Rogan stallnode '2633.0 -143.0 120.0'
ARGEVT Joe Rogan jump
ARGLOG Joe Rogan t 121.5 pos '2567.3 -198.9  45.7' spd 154.3 yaw  15.2 mode 0 st 3 gl 4 hp 71 frg 4
ARGEVT Joe Rogan route 10 start '2521.0 -191.0  32.0' goal '2073.0 -991.0 344.0'
ARGEVT Romero pursue
ARGEVT Carmack pursue
ARGLOG Carmack t 121.6 pos '2310.5 -1648.0  24.0' spd 276.9 yaw 232 mode 2 st 6 gl 6 hp 36 frg 4
ARGEVT Joe Rogan hazard
ARGLOG Romero t 121.8 pos '2224.0 -1918.3  40.0' spd 214.8 yaw 42 mode 2 st 3 gl 0 hp 52 frg 2
ARGEVT Carmack hazard
ARGLOG Joe Rogan t 122.1 pos '2552.1 -149.9  32.0' spd 352.4 yaw 171 mode 2 st 3 gl 4 hp 71 frg 4
ARGLOG Carmack t 122.2 pos '2177.2 -1741.4  24.0' spd 261.5 yaw 319.7 mode 2 st 6 gl 6 hp 36 frg 4
ARGLOG Romero t 122.4 pos '2360.4 -1807.3  24.0' spd 323.8 yaw  31.3 mode 2 st 3 gl 0 hp 52 frg 2
ARGEVT Carmack weapon sg
ARGLOG Joe Rogan t 122.6 pos '2374.3 -154.2  24.0' spd 327.8 yaw 98 mode 2 st 3 gl 4 hp 71 frg 4
ARGEVT Carmack retreat
ARGEVT Carmack weapon rl
ARGLOG Carmack t 122.7 pos '2298.1 -1672.0  24.0' spd 366.0 yaw 273.9 mode 2 st 6 gl 6 hp 8 frg 4
ARGLOG Romero t 122.9 pos '2378.9 -1847.5  24.0' spd 330.6 yaw 125.8 mode 2 st 3 gl 0 hp 40 frg 2
ARGLOG Joe Rogan t 123.1 pos '2213.7 -122.2  24.0' spd 345.5 yaw 13 mode 2 st 3 gl 4 hp 71 frg 4
ARGEVT Carmack death Carmack pos '2215.6 -1662.8  24.0'
ARGLOG Romero t 123.4 pos '2220.3 -1872.6  24.0' spd 390.8 yaw  93.1 mode 0 st 3 gl 0 hp 40 frg 2
ARGEVT Romero route 16 start '2233.0 -1823.0  24.0' goal '2777.0   1.0 -72.0'
ARGEVT Romero hazard
ARGLOG Joe Rogan t 123.7 pos '2262.3   8.9  24.0' spd 338.2 yaw 340 mode 2 st 3 gl 4 hp 71 frg 4
ARGEVT Joe Rogan jump
ARGLOG Romero t 124.0 pos '2206.9 -1824.4  24.0' spd 320.3 yaw 59 mode 2 st 3 gl 0 hp 40 frg 2
ARGLOG Joe Rogan t 124.2 pos '2323.1 -73.2  76.0' spd 161.5 yaw 1 mode 2 st 3 gl 4 hp 71 frg 4
ARGLOG Romero t 124.5 pos '2378.3 -1802.0  24.0' spd 401.8 yaw 116.2 mode 2 st 3 gl 0 hp 40 frg 2
ARGEVT Joe Rogan jump
ARGEVT Carmack respawn
ARGEVT Carmack goal weapon_rocketlauncher
ARGLOG Carmack t 124.7 pos '1712.0 -504.0  24.0' spd 0 yaw 249.8 mode 0 st 6 gl 6 hp 100 frg 3
ARGLOG Joe Rogan t 124.8 pos '2416.0 -66.5 112.5' spd  41.1 yaw 2 mode 2 st 3 gl 4 hp 71 frg 4
ARGEVT Carmack route 14 start '1721.0 -575.0  24.0' goal '1465.0 -703.0 184.0'
ARGEVT Romero hazard
ARGLOG Romero t 125.1 pos '2278.9 -1654.7  24.0' spd 327.4 yaw 62 mode 2 st 3 gl 0 hp 40 frg 2
ARGLOG Carmack t 125.3 pos '1729.4 -667.6  24.0' spd 406.1 yaw 19 mode 2 st 6 gl 6 hp 100 frg 3
ARGEVT Carmack hazard
ARGLOG Joe Rogan t 125.3 pos '2462.0 -48.1 120.0' spd 320.6 yaw 0 mode 2 st 3 gl 4 hp 71 frg 4
ARGLOG Romero t 125.7 pos '2173.7 -1663.3  24.0' spd 138.6 yaw 51 mode 2 st 3 gl 0 hp 40 frg 2
ARGLOG Carmack t 125.8 pos '1789.3 -739.5  24.0' spd 359.3 yaw 35 mode 2 st 6 gl 6 hp 100 frg 3
ARGLOG Joe Rogan t 125.9 pos '2640.0 -58.6 120.0' spd  24.0 yaw 214 mode 2 st 3 gl 4 hp 71 frg 4
ARGEVT Romero hazard
ARGLOG Romero t 126.2 pos '2327.3 -1648.0  24.0' spd 367.4 yaw 68 mode 2 st 3 gl 0 hp 40 frg 2
ARGLOG Carmack t 126.4 pos '1749.2 -720.0  24.0' spd  54.5 yaw 28 mode 2 st 6 gl 6 hp 100 frg 3
ARGEVT Carmack hazard
ARGLOG Joe Rogan t 126.5 pos '2640.0 -55.4 120.0' spd   3.5 yaw 214 mode 2 st 3 gl 4 hp 71 frg 4
ARGEVT Joe Rogan stall
ARGEVT Joe Rogan stallnode '2905.0 -47.0 -72.0'
ARGEVT Joe Rogan jump
ARGLOG Romero t 126.8 pos '2393.5 -1493.8  24.0' spd 321.3 yaw 82 mode 2 st 3 gl 0 hp 40 frg 2
ARGEVT Joe Rogan route 6 start '2585.0   1.0 120.0' goal '2073.0 -991.0 344.0'
ARGLOG Carmack t 127.0 pos '1739.6 -577.8  24.0' spd 300.5 yaw 3 mode 2 st 6 gl 6 hp 100 frg 3
ARGLOG Joe Rogan t 127.0 pos '2640.0 -61.0 155.9' spd  15.9 yaw  39.4 mode 2 st 4 gl 4 hp 71 frg 4
ARGLOG Romero t 127.3 pos '2437.5 -1321.1  24.0' spd 322.2 yaw 78 mode 2 st 3 gl 0 hp 65 frg 2
ARGLOG Carmack t 127.5 pos '1894.5 -529.0  72.0' spd 323.9 yaw 58 mode 2 st 6 gl 6 hp 100 frg 3
ARGLOG Joe Rogan t 127.6 pos '2565.0   5.1 120.0' spd 376.8 yaw 352 mode 2 st 4 gl 4 hp 71 frg 4
ARGLOG Romero t 127.9 pos '2451.9 -1223.4  24.0' spd 320.0 yaw 78 mode 2 st 3 gl 0 hp 65 frg 2
ARGLOG Carmack t 128.1 pos '2052.8 -451.7 104.0' spd 350.6 yaw 92 mode 2 st 6 gl 6 hp 100 frg 3
ARGLOG Joe Rogan t 128.1 pos '2533.4 -79.6 120.0' spd 321.4 yaw 5 mode 2 st 4 gl 4 hp 71 frg 4
ARGEVT Romero lift
ARGLOG Romero t 128.4 pos '2463.8 -1045.5  24.0' spd 325.5 yaw 108 mode 2 st 3 gl 0 hp 65 frg 2
ARGEVT Romero board
ARGLOG Carmack t 128.6 pos '2052.1 -271.0  40.0' spd 320.1 yaw 56 mode 2 st 6 gl 6 hp 100 frg 3
ARGLOG Joe Rogan t 128.7 pos '2640.0 -65.3 120.0' spd  13.6 yaw 214 mode 2 st 4 gl 4 hp 71 frg 4
ARGEVT Joe Rogan engage Carmack
ARGEVT Joe Rogan grab weapon_nailgun
ARGLOG Romero t 129.0 pos '2506.1 -928.1 106.6' spd 320 yaw 122 mode 2 st 3 gl 0 hp 65 frg 2
ARGEVT Romero door
ARGLOG Carmack t 129.2 pos '2134.4 -114.2  24.0' spd 336.0 yaw 9 mode 2 st 6 gl 6 hp 100 frg 3
ARGLOG Joe Rogan t 129.2 pos '2553.8 -135.2 120.0' spd 320.0 yaw 154.1 mode 0 st 4 gl 4 hp 71 frg 4
ARGEVT Joe Rogan pursue
ARGEVT Joe Rogan route 7 start '2521.0 -223.0 120.0' goal '2073.0 -991.0 344.0'
ARGLOG Romero t 129.6 pos '2513.1 -908.9 120.0' spd   3.8 yaw 268 mode 2 st 3 gl 0 hp 65 frg 2
ARGEVT Carmack jump
ARGLOG Carmack t 129.7 pos '2308.7 -65.3  53.7' spd 321.0 yaw 0 mode 2 st 6 gl 6 hp 100 frg 3
ARGLOG Joe Rogan t 129.8 pos '2362.3 -208.8  33.1' spd 329.4 yaw 176 mode 2 st 4 gl 4 hp 96 frg 4
ARGEVT Joe Rogan weapon ssg
ARGEVT Carmack engage Joe Rogan
ARGEVT Carmack grab weapon_nailgun
ARGEVT Joe Rogan weapon rl
ARGLOG Romero t 130.1 pos '2513.1 -908.9 120.0' spd 0 yaw 126 mode 2 st 3 gl 0 hp 65 frg 2
ARGEVT Romero door
ARGLOG Carmack t 130.3 pos '2397.2 -29.5  88.0' spd 122.7 yaw 293.5 mode 2 st 6 gl 6 hp 52 frg 3
ARGLOG Joe Rogan t 130.4 pos '2475.9 -209.9  24.0' spd 357.9 yaw 141.4 mode 2 st 4 gl 4 hp 72 frg 4
ARGEVT Romero hazard
ARGEVT Joe Rogan jump
ARGLOG Romero t 130.7 pos '2448.0 -1013.6 120.0' spd 155.1 yaw 105 mode 2 st 3 gl 0 hp 65 frg 2
ARGEVT Joe Rogan retreat
ARGLOG Carmack t 130.9 pos '2406.3   3.0  88.0' spd 327.4 yaw 304.5 mode 2 st 6 gl 6 hp 52 frg 3
ARGLOG Joe Rogan t 130.9 pos '2576.0 -240.0  36.1' spd 0 yaw 126.6 mode 2 st 4 gl 4 hp 16 frg 4
ARGEVT Joe Rogan hazard
ARGLOG Romero t 131.2 pos '2425.9 -827.4 120.0' spd 389.2 yaw 96 mode 2 st 3 gl 0 hp 65 frg 2
ARGEVT Joe Rogan death Carmack pos '2509.8 -233.8  24.0'
ARGEVT Carmack goal 
ARGLOG Carmack t 131.4 pos '2352.5 -68.9  72.0' spd 196.6 yaw 356.3 mode 1 st 6 gl 6 hp 52 frg 4
ARGEVT Romero abandon
ARGLOG Romero t 131.8 pos '2360.4 -727.0  56.0' spd 233.7 yaw  51.6 mode 0 st 3 gl 0 hp 65 frg 2
ARGEVT Romero goal item_armor2
ARGEVT Romero route 14 start '2361.0 -703.0  56.0' goal '2009.0 -991.0  32.0'
ARGEVT Romero abandon
ARGLOG Carmack t 132.0 pos '2461.3 -169.1  69.8' spd 309.1 yaw 306 mode 1 st 6 gl 6 hp 52 frg 4
ARGEVT Romero goal item_health
ARGEVT Romero hazard
ARGEVT Carmack goal item_artifact_super_damage
ARGEVT Carmack hazard
ARGEVT Romero route 12 start '2361.0 -703.0  56.0' goal '2073.0 -991.0 344.0'
ARGLOG Romero t 132.4 pos '2357.4 -716.9  56.0' spd 134.5 yaw 102.0 mode 2 st 3 gl 0 hp 65 frg 2
ARGLOG Carmack t 132.5 pos '2425.8 -240.0  24.0' spd 344.7 yaw 223 mode 0 st 6 gl 7 hp 52 frg 4
ARGEVT Carmack routefail
ARGEVT Carmack goal item_health
ARGEVT Carmack route 3 start '2361.0 -159.0  24.0' goal '2041.0 -559.0 104.0'
ARGEVT Joe Rogan respawn
ARGLOG Romero t 132.9 pos '2380.5 -584.0  56.0' spd  96.7 yaw 69 mode 2 st 3 gl 0 hp 65 frg 2
ARGEVT Joe Rogan goal weapon_rocketlauncher
ARGLOG Joe Rogan t 132.9 pos '2048.0 -1352.0 136.0' spd 0 yaw 160.2 mode 0 st 4 gl 4 hp 100 frg 4
ARGEVT Joe Rogan routefail
ARGEVT Romero engage Carmack
ARGEVT Carmack engage Romero
ARGLOG Carmack t 133.0 pos '2236.9 -236.1  24.0' spd 327.8 yaw 282.4 mode 2 st 6 gl 7 hp 52 frg 4
ARGEVT Joe Rogan goal item_armorInv
ARGEVT Joe Rogan routefail
ARGEVT Joe Rogan hazard
ARGEVT Joe Rogan goal item_health
ARGLOG Romero t 133.4 pos '2501.2 -446.5   9.9' spd 321.4 yaw 182.2 mode 2 st 3 gl 0 hp 65 frg 2
ARGEVT Joe Rogan routefail
ARGLOG Joe Rogan t 133.5 pos '1874.8 -1331.3 117.4' spd 323.7 yaw 248.4 mode 0 st 4 gl 4 hp 100 frg 4
ARGLOG Carmack t 133.6 pos '2128.7 -368.2   8.0' spd 320.4 yaw  18.1 mode 2 st 6 gl 7 hp 52 frg 4
ARGEVT Joe Rogan goal item_armor2
ARGEVT Joe Rogan routefail
ARGEVT Carmack death Romero pos '2139.6 -447.5   8.0'
ARGEVT Joe Rogan trapped
ARGEVT Joe Rogan death Joe Rogan pos '1746.0 -1388.9  32.0'
ARGLOG Romero t 134.0 pos '2507.7 -359.4   8.0' spd 324.8 yaw 214.5 mode 2 st 3 gl 0 hp 65 frg 3
ARGEVT Romero goal 
ARGEVT Romero route 2 start '2489.0 -319.0   8.0' goal '2137.0 -479.0   8.0'
ARGLOG Romero t 134.5 pos '2331.1 -401.3   8.0' spd 325.9 yaw 155 mode 1 st 3 gl 0 hp 65 frg 3
ARGLOG Romero t 135.1 pos '2161.4 -335.1  24.0' spd 345.3 yaw 209.5 mode 1 st 3 gl 0 hp 65 frg 3
ARGEVT Romero hazard
ARGEVT Carmack respawn
ARGEVT Carmack goal 
ARGLOG Carmack t 135.4 pos '2248.0 -16.0 -136.0' spd 0 yaw 340.2 mode 0 st 6 gl 7 hp 100 frg 4
ARGEVT Carmack route 14 start '2233.0 -31.0 -136.0' goal '2137.0 -479.0   8.0'
ARGEVT Joe Rogan respawn
ARGEVT Joe Rogan goal 
ARGLOG Joe Rogan t 135.5 pos '2560.0 -192.0  32.0' spd 0 yaw 200.2 mode 0 st 4 gl 4 hp 100 frg 3
ARGEVT Romero goal item_health
ARGEVT Carmack goal item_armorInv
ARGEVT Carmack hazard
ARGEVT Joe Rogan routefail
ARGLOG Romero t 135.7 pos '2184.5 -490.7   8.0' spd 398.1 yaw  29.0 mode 0 st 3 gl 1 hp 65 frg 3
ARGEVT Joe Rogan goal weapon_grenadelauncher
ARGLOG Carmack t 135.9 pos '2384.0 -80.0 -88.0' spd 0 yaw 340.8 mode 0 st 6 gl 7 hp 100 frg 4
ARGEVT Joe Rogan route 10 start '2521.0 -191.0  32.0' goal '2073.0 -991.0 344.0'
ARGLOG Joe Rogan t 136.0 pos '2419.3 -239.6  24.0' spd 320.3 yaw 108 mode 2 st 4 gl 4 hp 100 frg 3
ARGEVT Joe Rogan engage Romero
ARGEVT Romero engage Joe Rogan
ARGEVT Romero weapon ssg
ARGLOG Romero t 136.2 pos '2270.6 -360.4   8.0' spd 341.4 yaw  54.8 mode 0 st 3 gl 1 hp 65 frg 3
ARGEVT Romero route 10 start '2329.0 -351.0   8.0' goal '2073.0 -991.0 344.0'
ARGLOG Carmack t 136.4 pos '2384.0 -80.0 -88.0' spd 0 yaw 342 mode 0 st 6 gl 7 hp 100 frg 4
ARGEVT Carmack routefail
ARGEVT Joe Rogan pursue
ARGLOG Joe Rogan t 136.5 pos '2275.2 -207.2  24.0' spd 360.4 yaw 275.0 mode 2 st 4 gl 4 hp 100 frg 3
ARGEVT Romero pursue
ARGEVT Carmack goal item_armor2
ARGEVT Carmack hazard
ARGEVT Carmack route 7 start '2361.0 -63.0 -88.0' goal '1337.0 -863.0  32.0'
ARGLOG Romero t 136.7 pos '2378.0 -304.0   8.0' spd 150.3 yaw 187.0 mode 2 st 3 gl 1 hp 65 frg 3
ARGEVT Romero hazard
ARGLOG Carmack t 136.9 pos '2475.0 -79.6 -72.0' spd 320.7 yaw 4 mode 2 st 6 gl 7 hp 100 frg 4
ARGLOG Joe Rogan t 137.1 pos '2194.1 -389.8   8.0' spd 370.4 yaw  17.3 mode 2 st 4 gl 4 hp 48 frg 3
ARGLOG Romero t 137.3 pos '2354.3 -415.5   8.0' spd 320.3 yaw 207.3 mode 2 st 3 gl 1 hp 61 frg 3
ARGEVT Joe Rogan grab item_health
ARGEVT Carmack door
ARGEVT Romero weapon rl
ARGLOG Carmack t 137.4 pos '2635.5 -69.8 -72.0' spd 328.1 yaw 329 mode 2 st 6 gl 7 hp 100 frg 4
ARGEVT Joe Rogan hazard
ARGLOG Joe Rogan t 137.6 pos '2144.8 -512.8   8.0' spd 309.9 yaw 356.3 mode 0 st 4 gl 4 hp 48 frg 3
ARGEVT Joe Rogan route 10 start '2137.0 -479.0   8.0' goal '2073.0 -991.0 344.0'
ARGEVT Carmack hazard
ARGEVT Joe Rogan death Romero pos '2139.6 -467.7   8.0'
ARGLOG Romero t 137.8 pos '2399.1 -486.8   8.0' spd 326.4 yaw 110.5 mode 2 st 3 gl 1 hp 57 frg 4
ARGEVT Romero goal item_health
ARGLOG Carmack t 137.9 pos '2615.2 -80.0 -72.0' spd 331.9 yaw 203 mode 2 st 6 gl 7 hp 100 frg 4
ARGEVT Romero route 11 start '2425.0 -447.0   8.0' goal '2073.0 -991.0 344.0'
ARGLOG Romero t 138.4 pos '2252.8 -407.0   8.0' spd 357.7 yaw 232 mode 2 st 3 gl 1 hp 57 frg 4
ARGLOG Carmack t 138.5 pos '2592.0 -80.0 -72.0' spd 0 yaw 205 mode 2 st 6 gl 7 hp 100 frg 4
ARGEVT Romero route 10 start '2137.0 -479.0   8.0' goal '2073.0 -991.0 344.0'
ARGEVT Romero hazard
ARGEVT Carmack stall
ARGEVT Carmack stallnode '2905.0 -47.0 -72.0'
ARGEVT Carmack jump
ARGLOG Romero t 138.9 pos '2183.9 -527.6   8.0' spd 173.2 yaw 91 mode 2 st 3 gl 1 hp 57 frg 4
ARGLOG Carmack t 139.0 pos '2588.3 -80.0 -40.1' spd  31.3 yaw 198 mode 0 st 7 gl 7 hp 100 frg 4
ARGEVT Carmack route 6 start '2649.0 -63.0 -72.0' goal '1337.0 -863.0  32.0'
ARGEVT Joe Rogan respawn
ARGEVT Carmack engage Joe Rogan
ARGEVT Carmack grab item_armor2
ARGEVT Joe Rogan goal weapon_rocketlauncher
ARGEVT Joe Rogan engage Carmack
ARGLOG Joe Rogan t 139.4 pos '2544.0 -32.0 -64.0' spd 0 yaw 224.7 mode 0 st 4 gl 4 hp 100 frg 3
ARGEVT Joe Rogan routefail
ARGLOG Romero t 139.5 pos '2156.6 -389.7   8.0' spd 351.3 yaw  25.5 mode 2 st 3 gl 1 hp 57 frg 4
ARGLOG Carmack t 139.5 pos '2599.1 -80.0 -64.0' spd 207.2 yaw 352.8 mode 2 st 7 gl 7 hp 100 frg 4
ARGEVT Joe Rogan goal item_armorInv
ARGEVT Joe Rogan routefail
ARGEVT Joe Rogan goal item_rockets
ARGEVT Carmack hazard
ARGLOG Joe Rogan t 139.9 pos '2445.6 -52.3 -72.0' spd  69.5 yaw   4.5 mode 1 st 4 gl 4 hp 100 frg 3
ARGLOG Romero t 140.0 pos '2342.7 -367.3   8.0' spd 351.1 yaw  44.4 mode 2 st 3 gl 1 hp 57 frg 4
ARGLOG Carmack t 140.1 pos '2688.0 -40.2 -72.0' spd  61.5 yaw 344.5 mode 2 st 7 gl 7 hp 76 frg 4
ARGEVT Romero hazard
ARGLOG Joe Rogan t 140.5 pos '2496.0  16.0 -72.0' spd 0 yaw 348.4 mode 1 st 4 gl 4 hp 100 frg 3
ARGLOG Romero t 140.5 pos '2433.8 -304.0   8.0' spd  51.7 yaw 80 mode 2 st 3 gl 1 hp 57 frg 4
ARGLOG Carmack t 140.6 pos '2688.0 -29.3 -72.0' spd  74.6 yaw 338.8 mode 2 st 7 gl 7 hp 60 frg 4
ARGEVT Romero route 11 start '2489.0 -319.0   8.0' goal '2073.0 -991.0 344.0'
ARGLOG Joe Rogan t 141.0 pos '2496.0  16.0 -72.0' spd 0 yaw 339.2 mode 1 st 4 gl 4 hp 100 frg 3
ARGLOG Romero t 141.1 pos '2442.8 -304.0   8.0' spd   3.5 yaw 80 mode 2 st 3 gl 1 hp 57 frg 4
ARGLOG Carmack t 141.2 pos '2656.4 -30.3 -72.0' spd 326.7 yaw 103.2 mode 2 st 7 gl 7 hp 36 frg 4
ARGEVT Carmack grab item_health
ARGEVT Carmack retreat
ARGEVT Romero hazard
ARGLOG Joe Rogan t 141.6 pos '2489.1  16.0 -72.0' spd  68.2 yaw  32.7 mode 1 st 4 gl 4 hp 100 frg 3
ARGLOG Romero t 141.6 pos '2443.4 -304.0   8.0' spd   3.5 yaw 80 mode 2 st 3 gl 1 hp 57 frg 4
ARGLOG Carmack t 141.7 pos '2626.4 125.9 -72.0' spd 320.5 yaw  87.2 mode 2 st 7 gl 7 hp 24 frg 4
ARGEVT Joe Rogan hazard
ARGEVT Carmack route 7 start '2649.0 193.0 -72.0' goal '1337.0 -863.0  32.0'
ARGLOG Joe Rogan t 142.1 pos '2432.3 -40.2 -72.0' spd 352.8 yaw  59.3 mode 1 st 4 gl 4 hp 100 frg 3
ARGLOG Romero t 142.1 pos '2439.7 -304.0   8.0' spd  14.1 yaw 94 mode 2 st 3 gl 1 hp 57 frg 4
ARGLOG Carmack t 142.2 pos '2600.5 246.1 -72.0' spd 229.9 yaw  87.2 mode 2 st 7 gl 7 hp 49 frg 4
ARGEVT Carmack pursue
ARGEVT Joe Rogan pursue
ARGEVT Carmack route 8 start '2489.0 257.0 -72.0' goal '1337.0 -863.0  32.0'
ARGEVT Romero hazard
ARGLOG Joe Rogan t 142.6 pos '2568.5 -17.1 -64.0' spd 336.7 yaw 73 mode 1 st 4 gl 4 hp 100 frg 3
ARGLOG Romero t 142.6 pos '2441.5 -304.0   8.0' spd   3.6 yaw 72 mode 2 st 3 gl 1 hp 57 frg 4
ARGLOG Carmack t 142.7 pos '2459.0 244.6 -56.0' spd 346.9 yaw 247 mode 2 st 7 gl 7 hp 49 frg 4
ARGEVT Carmack hazard
ARGEVT Joe Rogan grab item_armor2
ARGEVT Joe Rogan hazard
ARGLOG Joe Rogan t 143.1 pos '2666.0  11.2 -72.0' spd 350.7 yaw 144.0 mode 1 st 4 gl 4 hp 100 frg 3
ARGLOG Romero t 143.1 pos '2439.8 -304.0   8.0' spd   3.5 yaw 65 mode 2 st 3 gl 1 hp 57 frg 4
ARGLOG Carmack t 143.2 pos '2273.6 240.0  24.0' spd 319.3 yaw 180.5 mode 0 st 7 gl 7 hp 49 frg 4
ARGEVT Carmack route 11 start '2169.0 257.0  24.0' goal '1337.0 -863.0  32.0'
ARGEVT Romero hazard
ARGEVT Joe Rogan pursue
ARGEVT Carmack pursue
ARGLOG Joe Rogan t 143.7 pos '2661.5 -15.4 -72.0' spd 320 yaw 145 mode 1 st 4 gl 4 hp 100 frg 3
ARGLOG Romero t 143.7 pos '2435.3 -304.0   8.0' spd  87.2 yaw 141 mode 2 st 3 gl 1 hp 57 frg 4
ARGLOG Carmack t 143.7 pos '2128.8 143.1  24.0' spd 368.8 yaw 289 mode 2 st 7 gl 7 hp 49 frg 4
ARGEVT Romero stall
ARGEVT Romero stallnode '2169.0 -351.0  24.0'
ARGEVT Romero jump
ARGEVT Romero engage Carmack
ARGEVT Romero grab item_health
ARGLOG Joe Rogan t 144.2 pos '2544.4   5.1 -64.0' spd 355.9 yaw 160.7 mode 1 st 4 gl 4 hp 100 frg 3
ARGLOG Romero t 144.2 pos '2419.3 -304.0  45.4' spd  20.5 yaw 133.9 mode 0 st 4 gl 1 hp 57 frg 4
ARGEVT Romero route 11 start '2489.0 -319.0   8.0' goal '2073.0 -991.0 344.0'
ARGLOG Carmack t 144.2 pos '2158.0 -18.4  24.0' spd 321.3 yaw 295 mode 2 st 7 gl 7 hp 49 frg 4
ARGEVT Joe Rogan hazard
ARGLOG Joe Rogan t 144.7 pos '2343.3   5.6 -104.0' spd 361.5 yaw 120.4 mode 1 st 4 gl 4 hp 100 frg 3
ARGEVT Romero pursue
ARGLOG Romero t 144.7 pos '2508.7 -332.3   8.0' spd 324.6 yaw 142.8 mode 0 st 4 gl 1 hp 47 frg 4
ARGLOG Carmack t 144.7 pos '2224.2 -164.5  24.0' spd 320.0 yaw 296 mode 2 st 7 gl 7 hp 49 frg 4
ARGUS routecache adopt
ARGEVT Romero route 11 start '2489.0 -319.0   8.0' goal '2073.0 -991.0 344.0'
ARGEVT Carmack hazard
ARGLOG Joe Rogan t 145.2 pos '2214.9  13.5 -136.0' spd 322.0 yaw 212.6 mode 1 st 4 gl 4 hp 100 frg 3
ARGEVT Romero weapon ssg
ARGLOG Romero t 145.2 pos '2386.3 -304.0   8.0' spd 350.6 yaw 104.9 mode 2 st 4 gl 1 hp 47 frg 4
ARGLOG Carmack t 145.2 pos '2343.2 -217.1  24.0' spd 349.9 yaw  52.5 mode 2 st 7 gl 7 hp 49 frg 4
ARGEVT Romero hazard
ARGEVT Carmack abandon
ARGEVT Joe Rogan goal item_health
ARGEVT Romero weapon rl
ARGEVT Carmack goal item_health
ARGEVT Joe Rogan route 13 start '2233.0 -31.0 -136.0' goal '1913.0 -63.0  24.0'
ARGLOG Joe Rogan t 145.7 pos '2228.3 -115.0 -136.0' spd 338.0 yaw 292.3 mode 2 st 4 gl 5 hp 100 frg 3
ARGLOG Romero t 145.7 pos '2402.7 -324.7   8.0' spd 322.0 yaw 127.2 mode 2 st 4 gl 1 hp 47 frg 4
ARGLOG Carmack t 145.7 pos '2298.2 -144.0  24.0' spd 231.2 yaw  62.0 mode 1 st 7 gl 7 hp 49 frg 4
ARGEVT Joe Rogan hazard
ARGEVT Romero pursue
ARGLOG Joe Rogan t 146.2 pos '2288.0 -94.5 -126.4' spd 337.8 yaw 332.6 mode 2 st 4 gl 5 hp 100 frg 3
ARGLOG Romero t 146.2 pos '2242.2 -348.9   8.0' spd 361.6 yaw 74 mode 2 st 4 gl 1 hp 41 frg 4
ARGLOG Carmack t 146.2 pos '2403.3 -155.8  24.0' spd 352.9 yaw 293.8 mode 1 st 7 gl 7 hp 49 frg 4
ARGEVT Joe Rogan jump
ARGEVT Carmack engage Romero
ARGEVT Carmack hazard
ARGLOG Joe Rogan t 146.7 pos '2288.3 -80.0 -98.5' spd   1.2 yaw 274 mode 0 st 4 gl 5 hp 100 frg 3
ARGLOG Romero t 146.7 pos '2242.0 -182.8  24.0' spd 321.5 yaw 342.9 mode 2 st 4 gl 1 hp 41 frg 4
ARGLOG Carmack t 146.7 pos '2443.8 -240.0  24.0' spd 168.7 yaw 156.3 mode 1 st 7 gl 7 hp 49 frg 4
ARGUS routecache adopt
ARGEVT Joe Rogan route 12 start '2361.0 -63.0 -88.0' goal '1913.0 -63.0  24.0'
ARGEVT Carmack death Romero pos '2401.1 -240.0  24.0'
ARGUS routecache adopt
ARGEVT Joe Rogan route 13 start '2233.0 -31.0 -136.0' goal '1913.0 -63.0  24.0'
ARGEVT Romero goal item_health
ARGLOG Joe Rogan t 147.3 pos '2265.4 -148.9 -136.0' spd 339.6 yaw 12 mode 2 st 4 gl 5 hp 100 frg 3
ARGLOG Romero t 147.3 pos '2369.5 -48.0  72.0' spd 414.3 yaw 296.3 mode 1 st 4 gl 1 hp 37 frg 5
ARGEVT Joe Rogan hazard
ARGLOG Joe Rogan t 147.8 pos '2288.0 -144.9 -136.0' spd 346.1 yaw 12 mode 2 st 4 gl 5 hp 100 frg 3
ARGLOG Romero t 147.8 pos '2416.8 -215.5  41.0' spd 320.0 yaw 331.2 mode 1 st 4 gl 1 hp 37 frg 5
ARGEVT Romero jump
ARGLOG Joe Rogan t 148.3 pos '2411.8 -50.0 -72.0' spd 409.3 yaw 0 mode 2 st 4 gl 5 hp 100 frg 3
ARGLOG Romero t 148.3 pos '2550.5 -201.8  44.9' spd 339.7 yaw 107.5 mode 1 st 4 gl 1 hp 37 frg 5
ARGEVT Carmack respawn
ARGEVT Romero hazard
ARGEVT Carmack goal item_armorInv
ARGLOG Carmack t 148.6 pos '2624.0 -488.0  32.0' spd 0 yaw 159.8 mode 0 st 7 gl 7 hp 100 frg 4
ARGEVT Carmack routefail
ARGLOG Joe Rogan t 148.8 pos '2573.3 -79.3 -64.0' spd 322.9 yaw 5 mode 2 st 4 gl 5 hp 100 frg 3
ARGLOG Romero t 148.8 pos '2472.5 -187.2  24.0' spd 324.4 yaw 242.2 mode 1 st 4 gl 1 hp 37 frg 5
ARGEVT Carmack goal weapon_rocketlauncher
ARGEVT Carmack routefail
ARGEVT Carmack goal item_spikes
ARGLOG Carmack t 149.1 pos '2482.5 -430.3   8.0' spd 351.9 yaw 128 mode 1 st 7 gl 7 hp 100 frg 4
ARGEVT Romero engage Carmack
ARGEVT Romero weapon ssg
ARGEVT Romero grab 
ARGLOG Joe Rogan t 149.3 pos '2688.0 -71.1 -72.0' spd   4.0 yaw 213 mode 2 st 4 gl 5 hp 100 frg 3
ARGLOG Romero t 149.3 pos '2459.9 -223.7  24.0' spd 214.1 yaw 253.8 mode 1 st 4 gl 1 hp 37 frg 5
ARGEVT Carmack engage Romero
ARGEVT Carmack grab 
ARGLOG Carmack t 149.6 pos '2359.2 -313.3   8.0' spd 362.2 yaw  73.9 mode 1 st 7 gl 7 hp 100 frg 4
ARGEVT Carmack hazard
ARGEVT Joe Rogan hazard
ARGEVT Romero grab item_health
ARGLOG Joe Rogan t 149.8 pos '2716.3 -64.0 -72.0' spd 189.9 yaw 266.2 mode 2 st 4 gl 5 hp 100 frg 3
ARGEVT Romero weapon rl
ARGLOG Romero t 149.8 pos '2436.1 -194.6  24.0' spd 321.6 yaw 245.2 mode 1 st 4 gl 1 hp 37 frg 5
ARGEVT Romero jump
ARGEVT Carmack pursue
ARGLOG Carmack t 150.1 pos '2392.4 -382.5   8.0' spd 254.4 yaw 88 mode 1 st 7 gl 7 hp 100 frg 4
ARGEVT Romero pursue
ARGLOG Joe Rogan t 150.3 pos '2623.1 -80.0 -72.0' spd 227.1 yaw 214 mode 2 st 4 gl 5 hp 100 frg 3
ARGLOG Romero t 150.3 pos '2560.9 -214.4  32.0' spd  72.8 yaw 206 mode 1 st 4 gl 1 hp 37 frg 5
ARGEVT Carmack hazard
ARGLOG Carmack t 150.6 pos '2411.2 -306.4   8.0' spd 211.2 yaw 96 mode 1 st 7 gl 7 hp 100 frg 4
ARGLOG Joe Rogan t 150.8 pos '2688.0 -75.2 -72.0' spd  24.6 yaw 212 mode 2 st 4 gl 5 hp 100 frg 3
ARGLOG Romero t 150.8 pos '2405.4 -240.0  24.0' spd 352.0 yaw 226 mode 1 st 4 gl 1 hp 37 frg 5
ARGEVT Romero weapon ssg
ARGLOG Carmack t 151.1 pos '2356.3 -360.9   8.0' spd 320.0 yaw  66.4 mode 1 st 7 gl 7 hp 100 frg 4
ARGEVT Romero weapon rl
ARGLOG Joe Rogan t 151.3 pos '2688.0 -70.5 -72.0' spd  21.1 yaw 213 mode 2 st 4 gl 5 hp 100 frg 3
ARGLOG Romero t 151.3 pos '2452.1 -225.0  24.0' spd 383.6 yaw 199.5 mode 1 st 4 gl 1 hp 34 frg 5
ARGEVT Romero grab item_health
ARGEVT Carmack pursue
ARGEVT Romero pursue
ARGLOG Carmack t 151.7 pos '2256.0 -261.6  24.0' spd 265.8 yaw 13 mode 1 st 7 gl 7 hp 100 frg 4
ARGEVT Romero weapon ssg
ARGLOG Joe Rogan t 151.9 pos '2688.0 -72.1 -72.0' spd  56.1 yaw 324 mode 2 st 4 gl 5 hp 100 frg 3
ARGEVT Joe Rogan hazard
ARGEVT Romero weapon rl
ARGLOG Romero t 151.9 pos '2450.2 -235.9  24.0' spd 337.1 yaw 150.0 mode 1 st 4 gl 1 hp 30 frg 5
ARGEVT Romero jump
ARGLOG Carmack t 152.3 pos '2281.7 -88.1  24.0' spd 322.8 yaw 346.4 mode 1 st 7 gl 7 hp 92 frg 4
ARGLOG Joe Rogan t 152.4 pos '2592.0 -80.0 -72.0' spd 0 yaw 225.4 mode 2 st 4 gl 5 hp 100 frg 3
ARGLOG Romero t 152.4 pos '2552.7 -157.8  32.0' spd 215.9 yaw 137.5 mode 1 st 4 gl 1 hp 26 frg 5
ARGEVT Romero death Romero pos '2534.0 -173.7  32.0'
ARGLOG Carmack t 152.8 pos '2382.4   4.4  72.0' spd 324.1 yaw 313 mode 1 st 7 gl 7 hp 92 frg 4
ARGLOG Joe Rogan t 152.9 pos '2624.3 -80.0 -72.0' spd 311.8 yaw 214 mode 2 st 4 gl 5 hp 100 frg 3
ARGEVT Carmack hazard
ARGLOG Carmack t 153.3 pos '2514.4 -53.9 120.0' spd 377.5 yaw 326.2 mode 1 st 7 gl 7 hp 92 frg 4
ARGLOG Joe Rogan t 153.4 pos '2688.0 -71.6 -72.0' spd  20.7 yaw 213 mode 2 st 4 gl 5 hp 100 frg 3
ARGLOG Carmack t 153.9 pos '2601.5 -207.3 120.0' spd 320.4 yaw 270 mode 1 st 7 gl 7 hp 92 frg 4
ARGLOG Joe Rogan t 154.0 pos '2688.0 -71.9 -72.0' spd  20.7 yaw 213 mode 2 st 4 gl 5 hp 100 frg 3
ARGEVT Romero respawn
ARGEVT Romero goal weapon_rocketlauncher
ARGLOG Romero t 154.1 pos '2176.0 -2176.0  84.0' spd 0 yaw  69.8 mode 0 st 4 gl 1 hp 100 frg 4
ARGEVT Romero route 4 start '2137.0 -2175.0  88.0' goal '2489.0 -1631.0  24.0'
ARGEVT Joe Rogan stall
ARGEVT Joe Rogan stallnode '2905.0 -47.0 -72.0'
ARGEVT Joe Rogan jump
ARGLOG Carmack t 154.4 pos '2560.0 -307.1 120.0' spd 150.6 yaw 109.7 mode 1 st 7 gl 7 hp 92 frg 4
ARGEVT Joe Rogan route 11 start '2649.0 -63.0 -72.0' goal '1913.0 -63.0  24.0'
ARGLOG Joe Rogan t 154.5 pos '2688.0 -72.3 -36.3' spd  31.1 yaw 213 mode 2 st 5 gl 5 hp 100 frg 3
ARGLOG Romero t 154.6 pos '2175.4 -2022.5  88.0' spd 322.0 yaw 73 mode 2 st 4 gl 1 hp 100 frg 4
ARGLOG Carmack t 155.0 pos '2600.5 -130.8 120.0' spd 387.4 yaw 345 mode 1 st 7 gl 7 hp 100 frg 4
ARGEVT Joe Rogan door
ARGLOG Joe Rogan t 155.0 pos '2611.3 -66.0 -72.0' spd 363.0 yaw 206 mode 2 st 5 gl 5 hp 100 frg 3
ARGEVT Carmack hazard
ARGLOG Romero t 155.1 pos '2199.8 -1846.9  24.0' spd 363.4 yaw 36 mode 2 st 4 gl 1 hp 100 frg 4
ARGEVT Joe Rogan route 12 start '2489.0 -31.0 -72.0' goal '1913.0 -63.0  24.0'
ARGLOG Carmack t 155.5 pos '2598.3 -208.7 120.0' spd 383.8 yaw 205.5 mode 1 st 7 gl 7 hp 100 frg 4
ARGLOG Joe Rogan t 155.6 pos '2437.1 -61.2 -72.0' spd 323.5 yaw 196.0 mode 2 st 5 gl 5 hp 100 frg 3
ARGLOG Romero t 155.7 pos '2375.8 -1798.8  24.0' spd 340.0 yaw 39 mode 1 st 4 gl 1 hp 100 frg 4
ARGEVT Joe Rogan hazard
ARGEVT Romero engage Carmack
ARGEVT Carmack engage Romero
ARGEVT Carmack grab 
ARGLOG Joe Rogan t 156.1 pos '2272.8 -92.0 -136.0' spd 339.3 yaw 264 mode 0 st 5 gl 5 hp 100 frg 3
ARGEVT Romero goal item_health
ARGLOG Carmack t 156.1 pos '2607.9 -355.7 120.0' spd  87.5 yaw 254.9 mode 1 st 7 gl 7 hp 100 frg 4
ARGEVT Romero routefail
ARGLOG Romero t 156.3 pos '2485.7 -1660.5  24.0' spd 322.9 yaw  93.8 mode 0 st 4 gl 2 hp 100 frg 4
ARGEVT Romero goal item_armor2
ARGEVT Romero route 20 start '2489.0 -1631.0  24.0' goal '2009.0 -991.0  32.0'
ARGLOG Joe Rogan t 156.6 pos '2283.2 -195.6 -136.0' spd 353.1 yaw 299 mode 0 st 5 gl 5 hp 100 frg 3
ARGLOG Carmack t 156.6 pos '2544.3 -201.4 120.0' spd 320.8 yaw 266.4 mode 1 st 7 gl 7 hp 100 frg 4
ARGEVT Romero pursue
ARGEVT Carmack pursue
ARGEVT Joe Rogan route 14 start '2233.0 -191.0 -136.0' goal '1913.0 -63.0  24.0'
ARGLOG Romero t 156.8 pos '2508.9 -1482.9  24.0' spd 320.0 yaw 85 mode 2 st 4 gl 2 hp 100 frg 4
ARGEVT Joe Rogan hazard
ARGEVT Carmack hazard
ARGLOG Joe Rogan t 157.2 pos '2272.5 -196.9 -136.0' spd 359.2 yaw 56 mode 2 st 5 gl 5 hp 100 frg 3
ARGLOG Carmack t 157.2 pos '2576.2 -272.7 120.0' spd 342.9 yaw 267 mode 1 st 7 gl 7 hp 100 frg 4
ARGLOG Romero t 157.4 pos '2524.5 -1304.1  24.0' spd 320 yaw 86 mode 0 st 4 gl 2 hp 100 frg 4
ARGEVT Romero route 18 start '2457.0 -1311.0  24.0' goal '2009.0 -991.0  32.0'
ARGLOG Joe Rogan t 157.8 pos '2365.2 -43.4 -88.0' spd 415.9 yaw 316 mode 2 st 5 gl 5 hp 100 frg 3
ARGLOG Carmack t 157.8 pos '2588.6 -452.7 120.0' spd 320.2 yaw 266 mode 1 st 7 gl 7 hp 100 frg 4
ARGLOG Romero t 157.9 pos '2540.1 -1125.9  24.0' spd 320.0 yaw 86 mode 2 st 4 gl 2 hp 100 frg 4
ARGLOG Joe Rogan t 158.3 pos '2550.3 -77.9 -64.0' spd 320.5 yaw 4 mode 2 st 5 gl 5 hp 100 frg 3
ARGLOG Carmack t 158.3 pos '2579.2 -631.3 120.0' spd 320.0 yaw 265 mode 1 st 7 gl 7 hp 100 frg 4
ARGLOG Romero t 158.5 pos '2544.0 -1040.0  24.0' spd 0 yaw 86 mode 2 st 4 gl 2 hp 100 frg 4
ARGEVT Carmack grab item_armorInv
ARGLOG Joe Rogan t 158.9 pos '2700.7 -63.3 -72.0' spd 201.6 yaw 213 mode 2 st 5 gl 5 hp 100 frg 3
ARGLOG Carmack t 158.9 pos '2562.6 -798.1 120.0' spd 204.5 yaw 260.4 mode 1 st 7 gl 7 hp 100 frg 4
ARGLOG Romero t 159.0 pos '2505.4 -1018.1  32.0' spd 320.0 yaw  75.4 mode 2 st 4 gl 2 hp 76 frg 4
ARGEVT Romero lift
ARGEVT Romero board
ARGEVT Carmack hazard
ARGEVT Joe Rogan hazard
ARGLOG Joe Rogan t 159.4 pos '2847.0 -60.4 -72.0' spd 325.7 yaw 323.7 mode 2 st 5 gl 5 hp 100 frg 3
ARGEVT Romero retreat
ARGLOG Carmack t 159.4 pos '2449.4 -797.4 120.0' spd  64.0 yaw 270.0 mode 1 st 7 gl 7 hp 100 frg 4
ARGLOG Romero t 159.5 pos '2448.4 -1099.1  79.4' spd 320.0 yaw  69.8 mode 2 st 4 gl 2 hp 26 frg 4
ARGLOG Joe Rogan t 159.9 pos '1412.3 -983.6 344.0' spd 383.9 yaw 106 mode 2 st 5 gl 5 hp 100 frg 3
ARGLOG Carmack t 159.9 pos '2511.4 -799.5 120.0' spd  98.3 yaw 263.9 mode 1 st 7 gl 7 hp 100 frg 4
ARGUS routecache adopt
ARGEVT Romero route 18 start '2457.0 -1311.0  24.0' goal '2009.0 -991.0  32.0'
ARGLOG Romero t 160.1 pos '2449.8 -1278.6  24.0' spd 320 yaw  84.6 mode 0 st 4 gl 2 hp 51 frg 4
ARGLOG Joe Rogan t 160.5 pos '1328.0 -844.8 344.0' spd 340.0 yaw 99 mode 2 st 5 gl 5 hp 100 frg 3
ARGLOG Carmack t 160.5 pos '2473.9 -845.4 120.0' spd 333.7 yaw 269.6 mode 1 st 7 gl 7 hp 100 frg 4
ARGLOG Romero t 160.6 pos '2452.2 -1458.9  24.0' spd 320.0 yaw  88.8 mode 0 st 4 gl 2 hp 35 frg 4
ARGEVT Romero route 19 start '2489.0 -1471.0  24.0' goal '2009.0 -991.0  32.0'
ARGLOG Joe Rogan t 161.0 pos '1303.8 -662.6 340.9' spd 320.7 yaw 31 mode 2 st 5 gl 5 hp 100 frg 3
ARGLOG Carmack t 161.0 pos '2451.9 -1006.0 120.0' spd 320.0 yaw 261.9 mode 1 st 7 gl 7 hp 100 frg 4
ARGEVT Romero hazard
ARGLOG Romero t 161.2 pos '2383.3 -1610.7  24.0' spd 370.6 yaw  76.0 mode 2 st 4 gl 2 hp 35 frg 4
ARGEVT Carmack pursue
ARGEVT Romero pursue
ARGLOG Joe Rogan t 161.5 pos '1286.5 -502.8 202.7' spd 320.7 yaw 351 mode 2 st 5 gl 5 hp 100 frg 3
ARGEVT Romero weapon sg
ARGLOG Carmack t 161.5 pos '2448.0 -1166.4  53.7' spd 320.9 yaw 266 mode 1 st 7 gl 7 hp 100 frg 4
ARGLOG Romero t 161.7 pos '2352.0 -1620.2  24.0' spd 207.9 yaw  75.1 mode 2 st 4 gl 2 hp 35 frg 4
ARGEVT Romero route 21 start '2329.0 -1727.0  24.0' goal '2009.0 -991.0  32.0'
ARGLOG Joe Rogan t 162.0 pos '1415.0 -481.3 184.0' spd 328.4 yaw 343 mode 2 st 5 gl 5 hp 100 frg 3
ARGLOG Carmack t 162.0 pos '2519.1 -1306.7  24.0' spd 321.9 yaw 241.2 mode 1 st 7 gl 7 hp 100 frg 4
ARGEVT Romero hazard
ARGEVT Joe Rogan hazard
ARGLOG Romero t 162.2 pos '2320.9 -1732.9  24.0' spd  68.8 yaw  56.3 mode 2 st 4 gl 2 hp 35 frg 4
ARGLOG Joe Rogan t 162.5 pos '1549.5 -505.9 152.8' spd 258.2 yaw 339 mode 2 st 5 gl 5 hp 100 frg 3
ARGLOG Carmack t 162.5 pos '2655.6 -1396.7  24.0' spd 328.9 yaw 230.0 mode 1 st 7 gl 7 hp 80 frg 4
ARGLOG Romero t 162.8 pos '2352.0 -1802.9  24.0' spd 317.8 yaw  39.9 mode 2 st 4 gl 2 hp 27 frg 4
ARGLOG Joe Rogan t 163.0 pos '1536.7 -527.7  24.0' spd 330.4 yaw 358 mode 2 st 5 gl 5 hp 100 frg 3
ARGLOG Carmack t 163.0 pos '2735.3 -1525.1  72.0' spd 366.2 yaw 223.7 mode 1 st 7 gl 7 hp 80 frg 4
ARGLOG Romero t 163.3 pos '2298.0 -1900.4  24.0' spd 322.0 yaw  31.5 mode 2 st 4 gl 2 hp 27 frg 4
ARGLOG Joe Rogan t 163.5 pos '1681.7 -500.3  24.0' spd 360.9 yaw 350 mode 2 st 5 gl 5 hp 100 frg 3
ARGLOG Carmack t 163.5 pos '2707.4 -1693.2 120.0' spd 383.1 yaw 197.9 mode 1 st 7 gl 7 hp 80 frg 4
ARGEVT Romero route 22 start '2233.0 -1823.0  24.0' goal '2009.0 -991.0  32.0'
ARGEVT Joe Rogan hazard
ARGLOG Romero t 163.8 pos '2129.1 -1844.5  24.0' spd 347.8 yaw   4.9 mode 2 st 4 gl 2 hp 27 frg 4
ARGEVT Romero hazard
ARGLOG Joe Rogan t 164.1 pos '1845.1 -536.9  56.0' spd 322.9 yaw 51 mode 2 st 5 gl 5 hp 100 frg 3
ARGLOG Carmack t 164.1 pos '2664.0 -1853.6 120.0' spd  45.6 yaw 183.4 mode 1 st 7 gl 7 hp 80 frg 4
ARGLOG Romero t 164.3 pos '2154.2 -1853.6  24.0' spd 110.0 yaw   9.1 mode 2 st 4 gl 2 hp 7 frg 4
ARGEVT Romero death Carmack pos '2149.8 -1842.5  24.0'
ARGEVT Carmack hazard
ARGLOG Joe Rogan t 164.6 pos '2006.0 -547.3 104.0' spd 321.3 yaw 84 mode 2 st 5 gl 5 hp 100 frg 3
ARGEVT Carmack goal item_armorInv
ARGLOG Carmack t 164.6 pos '2693.6 -1729.6 120.0' spd 132.0 yaw 186.4 mode 0 st 7 gl 7 hp 80 frg 5
ARGEVT Carmack routefail
ARGEVT Carmack goal weapon_rocketlauncher
ARGEVT Carmack route 21 start '2713.0 -1727.0 120.0' goal '1465.0 -703.0 184.0'
ARGLOG Joe Rogan t 165.1 pos '2060.5 -409.8 104.0' spd 320.5 yaw 94 mode 2 st 5 gl 5 hp 100 frg 3
ARGLOG Carmack t 165.1 pos '2664.0 -1764.9 120.0' spd 127.9 yaw 190 mode 2 st 7 gl 7 hp 80 frg 5
ARGEVT Joe Rogan abandon
ARGEVT Joe Rogan goal 
ARGEVT Joe Rogan route 3 start '2041.0 -287.0  56.0' goal '2521.0 -191.0  32.0'
ARGLOG Joe Rogan t 165.7 pos '2040.3 -231.0  24.0' spd 321.3 yaw 12 mode 2 st 5 gl 5 hp 100 frg 3
ARGLOG Carmack t 165.7 pos '2664.0 -1824.9 120.0' spd  72.7 yaw 183 mode 2 st 7 gl 7 hp 80 frg 5
ARGEVT Romero respawn
ARGEVT Romero goal item_armor2
ARGLOG Romero t 165.9 pos '2576.0 -1328.0  24.0' spd 0 yaw 282 mode 0 st 4 gl 2 hp 100 frg 4
ARGEVT Romero route 19 start '2585.0 -1375.0  24.0' goal '2009.0 -991.0  32.0'
ARGLOG Joe Rogan t 166.2 pos '2140.3 -107.0  24.0' spd 348.3 yaw 348 mode 2 st 5 gl 5 hp 100 frg 3
ARGLOG Carmack t 166.2 pos '2664.0 -1835.8 120.0' spd   7.1 yaw 182 mode 2 st 7 gl 7 hp 80 frg 5
ARGLOG Romero t 166.5 pos '2608.0 -1496.0  24.0' spd 314.1 yaw 282 mode 2 st 4 gl 2 hp 100 frg 4
ARGLOG Joe Rogan t 166.8 pos '2288.0 -134.3  24.0' spd 128.1 yaw 347 mode 2 st 5 gl 5 hp 100 frg 3
ARGLOG Carmack t 166.8 pos '2664.0 -1839.7 120.0' spd   7.0 yaw 182 mode 2 st 7 gl 7 hp 80 frg 5
ARGLOG Romero t 167.0 pos '2605.8 -1659.5  24.0' spd 332.1 yaw 227.8 mode 0 st 4 gl 2 hp 100 frg 4
ARGEVT Carmack stall
ARGEVT Carmack stallnode '2745.0 -1599.0 104.0'
ARGEVT Carmack jump
ARGEVT Romero route 21 start '2585.0 -1727.0  24.0' goal '2009.0 -991.0  32.0'
ARGLOG Joe Rogan t 167.3 pos '2419.4 -179.8  24.0' spd 324.1 yaw 7 mode 1 st 5 gl 5 hp 100 frg 3
ARGLOG Carmack t 167.3 pos '2664.0 -1813.8 120.0' spd 179.5 yaw 137 mode 0 st 8 gl 7 hp 80 frg 5
ARGEVT Carmack route 21 start '2713.0 -1727.0 120.0' goal '1465.0 -703.0 184.0'
ARGLOG Romero t 167.6 pos '2539.8 -1835.7  24.0' spd 342.9 yaw 97 mode 2 st 4 gl 2 hp 100 frg 4
ARGEVT Joe Rogan goal item_health
ARGEVT Carmack engage Romero
ARGEVT Joe Rogan hazard
ARGEVT Joe Rogan route 10 start '2521.0 -191.0  32.0' goal '2073.0 -991.0 344.0'
ARGLOG Joe Rogan t 167.8 pos '2570.7 -168.2  32.0' spd 237.7 yaw 169 mode 2 st 5 gl 6 hp 100 frg 3
ARGLOG Carmack t 167.8 pos '2693.1 -1756.2 120.0' spd 322.9 yaw 200.8 mode 2 st 8 gl 7 hp 80 frg 5
ARGLOG Romero t 168.1 pos '2393.0 -1813.5  24.0' spd 417.5 yaw 74 mode 2 st 4 gl 2 hp 100 frg 4
ARGEVT Carmack pursue
ARGEVT Romero engage Carmack
ARGLOG Joe Rogan t 168.4 pos '2454.6 -227.8  24.0' spd 334.6 yaw 155 mode 2 st 5 gl 6 hp 100 frg 3
ARGLOG Carmack t 168.4 pos '2676.4 -1872.6 120.0' spd 208.1 yaw 148.8 mode 2 st 8 gl 7 hp 80 frg 5
ARGLOG Romero t 168.6 pos '2407.2 -1795.7  24.0' spd 325.7 yaw   6.1 mode 2 st 4 gl 2 hp 100 frg 4
ARGLOG Joe Rogan t 168.9 pos '2290.8 -151.8  24.0' spd 320.0 yaw 51 mode 2 st 5 gl 6 hp 100 frg 3
ARGLOG Carmack t 168.9 pos '2678.9 -1737.1 120.0' spd 173.3 yaw 206.3 mode 2 st 8 gl 7 hp 80 frg 5
ARGLOG Romero t 169.2 pos '2375.0 -1825.2  24.0' spd 328.5 yaw 359.7 mode 2 st 4 gl 2 hp 76 frg 4
ARGLOG Joe Rogan t 169.5 pos '2191.1 -10.1  24.0' spd 402.2 yaw 349 mode 2 st 5 gl 6 hp 100 frg 3
ARGLOG Carmack t 169.5 pos '2694.0 -1900.9 120.0' spd  58.1 yaw 149.6 mode 2 st 8 gl 7 hp 80 frg 5
ARGLOG Romero t 169.8 pos '2364.6 -1764.8  24.0' spd 322.7 yaw 349.9 mode 2 st 4 gl 2 hp 68 frg 4
ARGEVT Joe Rogan jump
ARGEVT Romero grab item_armorInv
ARGLOG Joe Rogan t 170.1 pos '2320.0 -32.5  71.8' spd 140.1 yaw 348 mode 2 st 5 gl 6 hp 100 frg 3
ARGEVT Romero pursue
ARGEVT Carmack pursue
ARGLOG Carmack t 170.1 pos '2719.4 -1732.2 120.0' spd 341.5 yaw 187.0 mode 2 st 8 gl 7 hp 76 frg 5
ARGLOG Romero t 170.3 pos '2394.9 -1901.5  24.0' spd 140.5 yaw  29.8 mode 2 st 4 gl 2 hp 68 frg 4
ARGLOG Joe Rogan t 170.6 pos '2360.8 -76.5  72.0' spd 320.0 yaw 2 mode 2 st 5 gl 6 hp 100 frg 3
ARGEVT Romero grab 
ARGLOG Carmack t 170.6 pos '2682.5 -1807.1 120.0' spd 319.0 yaw 191.4 mode 2 st 8 gl 7 hp 72 frg 5
ARGEVT Joe Rogan jump
ARGLOG Romero t 170.8 pos '2278.7 -1858.2  24.0' spd 320.0 yaw 353.3 mode 2 st 4 gl 2 hp 68 frg 4
ARGLOG Joe Rogan t 171.1 pos '2423.4 -56.9 123.7' spd  50.0 yaw 1 mode 2 st 5 gl 6 hp 100 frg 3
ARGLOG Carmack t 171.1 pos '2684.4 -1840.8 120.0' spd 317.9 yaw 180.7 mode 2 st 8 gl 7 hp 68 frg 5
ARGEVT Romero route 22 start '2233.0 -1823.0  24.0' goal '2009.0 -991.0  32.0'
ARGLOG Romero t 171.4 pos '2146.9 -1865.5  24.0' spd 346.0 yaw  13.1 mode 2 st 4 gl 2 hp 68 frg 4
ARGLOG Joe Rogan t 171.6 pos '2542.1 -51.4 120.0' spd 320.2 yaw 0 mode 2 st 5 gl 6 hp 100 frg 3
ARGLOG Carmack t 171.6 pos '2667.1 -1757.4 120.0' spd 274.8 yaw 197.1 mode 2 st 8 gl 7 hp 60 frg 5
ARGLOG Romero t 171.9 pos '2203.9 -2038.0  88.0' spd 320.5 yaw  21.1 mode 2 st 4 gl 2 hp 68 frg 4
ARGEVT Carmack pursue
ARGEVT Romero hazard
ARGEVT Carmack hazard
ARGLOG Joe Rogan t 172.2 pos '2640.0 -55.9 120.0' spd   3.5 yaw 214 mode 2 st 5 gl 6 hp 100 frg 3
ARGLOG Carmack t 172.2 pos '2674.6 -1897.4 120.0' spd 243.4 yaw 127.8 mode 2 st 8 gl 7 hp 60 frg 5
ARGLOG Romero t 172.5 pos '2224.0 -2128.9  88.0' spd 241.3 yaw 60 mode 2 st 4 gl 2 hp 68 frg 4
ARGLOG Joe Rogan t 172.7 pos '2640.0 -54.0 120.0' spd   3.4 yaw 214 mode 2 st 5 gl 6 hp 100 frg 3
ARGLOG Carmack t 172.7 pos '2664.0 -1789.7 120.0' spd  60.3 yaw 198 mode 2 st 8 gl 7 hp 60 frg 5
ARGEVT Romero pursue
ARGEVT Joe Rogan stall
ARGEVT Joe Rogan stallnode '2905.0 -47.0 -72.0'
ARGEVT Joe Rogan jump
ARGLOG Romero t 173.1 pos '2224.0 -1932.1  69.2' spd 359.5 yaw 21 mode 2 st 4 gl 2 hp 68 frg 4
ARGEVT Carmack weapon axe
ARGEVT Carmack hazard
ARGEVT Joe Rogan route 6 start '2585.0   1.0 120.0' goal '2073.0 -991.0 344.0'
ARGLOG Joe Rogan t 173.3 pos '2639.9 -63.3 150.5' spd  33.7 yaw 221.2 mode 2 st 6 gl 6 hp 100 frg 3
ARGLOG Carmack t 173.3 pos '2664.0 -1871.1 120.0' spd  14.3 yaw 175.1 mode 2 st 8 gl 7 hp 60 frg 5
ARGLOG Romero t 173.6 pos '2237.3 -1871.3  24.0' spd 320.0 yaw   0.2 mode 2 st 4 gl 2 hp 68 frg 4
ARGEVT Joe Rogan hazard
ARGLOG Joe Rogan t 173.9 pos '2540.8 -16.1 120.0' spd 392.4 yaw 356 mode 2 st 6 gl 6 hp 100 frg 3
ARGLOG Carmack t 173.9 pos '2664.0 -1868.9 120.0' spd   3.5 yaw 166.5 mode 2 st 8 gl 7 hp 44 frg 5
ARGLOG Romero t 174.2 pos '2275.2 -1852.5  24.0' spd 321.8 yaw   0.1 mode 2 st 4 gl 2 hp 68 frg 4
ARGLOG Joe Rogan t 174.4 pos '2640.0 -48.3 120.0' spd 185.0 yaw 214 mode 2 st 6 gl 6 hp 100 frg 3
ARGLOG Carmack t 174.4 pos '2664.0 -1867.0 120.0' spd  10.2 yaw 178.3 mode 2 st 8 gl 7 hp 32 frg 5
ARGLOG Romero t 174.7 pos '2315.4 -1833.2  24.0' spd 186.4 yaw 355.0 mode 2 st 4 gl 2 hp 68 frg 4
ARGLOG Joe Rogan t 174.9 pos '2640.0 -64.8 120.0' spd  13.8 yaw 214 mode 2 st 6 gl 6 hp 100 frg 3
ARGLOG Carmack t 174.9 pos '2664.0 -1862.8 120.0' spd  20.7 yaw 178.8 mode 2 st 8 gl 7 hp 24 frg 5
ARGLOG Romero t 175.3 pos '2353.2 -1806.5  24.0' spd 320.4 yaw 348.4 mode 2 st 4 gl 2 hp 68 frg 4
ARGLOG Joe Rogan t 175.5 pos '2640.0 -59.4 120.0' spd   6.9 yaw 214 mode 2 st 6 gl 6 hp 100 frg 3
ARGLOG Carmack t 175.5 pos '2664.0 -1842.5 120.0' spd 131.8 yaw 141.8 mode 2 st 8 gl 7 hp 12 frg 5
ARGEVT Joe Rogan stall
ARGEVT Joe Rogan stallnode '2905.0 -47.0 -72.0'
ARGEVT Joe Rogan jump
ARGLOG Romero t 175.9 pos '2423.2 -1640.6  24.0' spd 320.6 yaw 335.6 mode 2 st 4 gl 2 hp 68 frg 4
ARGEVT Carmack death Romero pos '2664.0 -1726.9 120.0'
ARGEVT Joe Rogan engage Romero
ARGLOG Joe Rogan t 176.1 pos '2640.0 -57.9 152.0' spd  20.3 yaw 277.0 mode 0 st 7 gl 6 hp 100 frg 3
ARGEVT Romero engage Joe Rogan
ARGUS routecache adopt
ARGEVT Joe Rogan route 6 start '2585.0   1.0 120.0' goal '2073.0 -991.0 344.0'
ARGEVT Romero goal item_armorInv
ARGEVT Romero route 6 start '2489.0 -1631.0  24.0' goal '2361.0 -703.0  56.0'
ARGLOG Romero t 176.4 pos '2494.8 -1493.4  24.0' spd 323.1 yaw  81.1 mode 2 st 4 gl 2 hp 68 frg 5
ARGEVT Romero grab item_health
ARGLOG Joe Rogan t 176.6 pos '2636.9 -103.0 120.0' spd 320.0 yaw 250.8 mode 2 st 7 gl 6 hp 100 frg 3
ARGEVT Joe Rogan pursue
ARGEVT Romero pursue
ARGUS routecache adopt
ARGEVT Romero route 4 start '2457.0 -1311.0  24.0' goal '2361.0 -703.0  56.0'
ARGLOG Romero t 176.9 pos '2445.1 -1311.4  24.0' spd 334.5 yaw 81 mode 0 st 4 gl 2 hp 68 frg 5
ARGLOG Joe Rogan t 177.2 pos '2621.2 -282.5 120.0' spd 320.0 yaw 264 mode 2 st 7 gl 6 hp 100 frg 3
ARGLOG Romero t 177.4 pos '2466.4 -1184.6  24.0' spd 320.0 yaw 81 mode 2 st 4 gl 2 hp 68 frg 5
ARGEVT Carmack respawn
ARGEVT Carmack goal weapon_rocketlauncher
ARGLOG Carmack t 177.5 pos '2704.0 -2048.0 128.0' spd 0 yaw 250.2 mode 0 st 8 gl 7 hp 100 frg 5
ARGEVT Carmack route 29 start '2713.0 -2111.0 120.0' goal '1465.0 -703.0 184.0'
ARGEVT Carmack hazard
ARGLOG Joe Rogan t 177.7 pos '2605.6 -461.3 120.0' spd 320 yaw 264 mode 0 st 7 gl 6 hp 100 frg 3
ARGEVT Romero lift
ARGEVT Romero board
ARGEVT Joe Rogan route 8 start '2553.0 -511.0 147.0' goal '2073.0 -991.0 344.0'
ARGLOG Romero t 178.0 pos '2500.7 -988.2  41.5' spd 0 yaw 81 mode 2 st 4 gl 2 hp 68 frg 5
ARGLOG Carmack t 178.0 pos '2664.9 -2213.1 120.0' spd 326.2 yaw 230.0 mode 2 st 8 gl 7 hp 100 frg 5
ARGLOG Joe Rogan t 178.3 pos '2617.3 -638.1 120.0' spd 423.4 yaw 241.8 mode 2 st 7 gl 6 hp 84 frg 3
ARGLOG Romero t 178.5 pos '2513.4 -945.1 120.0' spd 330.9 yaw  73.8 mode 2 st 4 gl 2 hp 68 frg 5
ARGLOG Carmack t 178.6 pos '2527.6 -2308.5 120.0' spd 310.3 yaw 97 mode 2 st 8 gl 7 hp 100 frg 5
ARGEVT Carmack hazard
ARGLOG Joe Rogan t 178.9 pos '2606.2 -631.3 120.0' spd 322.6 yaw 232.8 mode 2 st 7 gl 6 hp 75 frg 3
ARGEVT Joe Rogan hazard
ARGLOG Romero t 179.1 pos '2483.8 -873.8 120.0' spd 323.7 yaw  57.5 mode 2 st 4 gl 2 hp 68 frg 5
ARGLOG Carmack t 179.2 pos '2390.7 -2316.2 120.0' spd 323.8 yaw 216 mode 2 st 8 gl 7 hp 100 frg 5
ARGEVT Romero death Joe Rogan pos '2521.6 -886.4 120.0'
ARGEVT Joe Rogan goal item_artifact_super_damage
ARGLOG Joe Rogan t 179.4 pos '2594.8 -690.9 120.0' spd 341.9 yaw 241.0 mode 0 st 7 gl 6 hp 66 frg 4
ARGEVT Joe Rogan routefail
ARGEVT Joe Rogan goal 
ARGLOG Carmack t 179.7 pos '2377.3 -2464.7 136.0' spd 325.4 yaw 151 mode 2 st 8 gl 7 hp 100 frg 5
ARGEVT Carmack hazard
ARGLOG Joe Rogan t 180.0 pos '2529.8 -860.9 120.0' spd 341.7 yaw 281 mode 1 st 7 gl 6 hp 66 frg 4
ARGEVT Joe Rogan goal item_health
ARGEVT Joe Rogan route 14 start '2521.0 -895.0 120.0' goal '2073.0 -991.0 344.0'
ARGLOG Carmack t 180.3 pos '2214.6 -2491.5 200.0' spd 320.4 yaw 116 mode 2 st 8 gl 7 hp 100 frg 5
ARGLOG Joe Rogan t 180.5 pos '2518.1 -1041.7  61.5' spd 315.8 yaw 147.2 mode 2 st 7 gl 7 hp 66 frg 4
ARGEVT Romero respawn
ARGEVT Romero goal item_armorInv
ARGLOG Romero t 180.7 pos '1712.0 -504.0  24.0' spd 0 yaw 289.8 mode 0 st 4 gl 2 hp 100 frg 5
ARGLOG Carmack t 180.8 pos '2144.6 -2416.0 200.0' spd 256.1 yaw 91 mode 2 st 8 gl 7 hp 100 frg 5
ARGEVT Romero routefail
ARGEVT Joe Rogan hazard
ARGLOG Joe Rogan t 181.0 pos '2490.6 -992.0  16.0' spd 273.4 yaw 83 mode 2 st 7 gl 7 hp 66 frg 4
ARGEVT Romero goal item_armor2
ARGEVT Romero route 15 start '1721.0 -575.0  24.0' goal '2009.0 -991.0  32.0'
ARGLOG Romero t 181.3 pos '1808.0 -560.0  24.0' spd 0 yaw 356 mode 2 st 4 gl 2 hp 100 frg 5
ARGLOG Carmack t 181.4 pos '2157.1 -2241.7 152.7' spd 321.5 yaw 93 mode 2 st 8 gl 7 hp 100 frg 5
ARGLOG Joe Rogan t 181.5 pos '2498.7 -992.0  16.0' spd  10.2 yaw 87 mode 2 st 7 gl 7 hp 66 frg 4
ARGLOG Romero t 181.9 pos '1808.0 -560.0  24.0' spd 0 yaw 356 mode 2 st 4 gl 2 hp 100 frg 5
ARGLOG Carmack t 181.9 pos '2150.3 -2063.0  88.0' spd 320.0 yaw 39 mode 2 st 8 gl 7 hp 100 frg 5
ARGLOG Joe Rogan t 182.1 pos '2501.9 -992.0  16.0' spd   3.5 yaw 89 mode 2 st 7 gl 7 hp 66 frg 4
ARGEVT Romero hazard
ARGEVT Romero jump
ARGEVT Joe Rogan hazard
ARGLOG Romero t 182.4 pos '1841.8 -559.1  71.7' spd  30.7 yaw 53 mode 2 st 4 gl 2 hp 100 frg 5
ARGLOG Carmack t 182.5 pos '2172.0 -1883.4  24.0' spd 380.8 yaw 59 mode 2 st 8 gl 7 hp 100 frg 5
ARGEVT Joe Rogan stall
ARGEVT Joe Rogan stallnode '2521.0 -895.0 120.0'
ARGEVT Joe Rogan jump
ARGLOG Joe Rogan t 182.7 pos '2506.7 -992.0  29.9' spd 0 yaw 101.2 mode 0 st 8 gl 7 hp 66 frg 4
ARGLOG Romero t 182.9 pos '1885.6 -556.6  72.0' spd 320.0 yaw 60 mode 2 st 4 gl 2 hp 100 frg 5
ARGEVT Carmack engage Joe Rogan
ARGEVT Joe Rogan route 16 start '2457.0 -991.0  24.0' goal '2073.0 -991.0 344.0'
ARGLOG Carmack t 183.0 pos '2356.5 -1854.5  24.0' spd 305.4 yaw  68.6 mode 2 st 8 gl 7 hp 100 frg 5
ARGEVT Joe Rogan lift
ARGLOG Joe Rogan t 183.2 pos '2485.4 -1001.8  16.0' spd 202.8 yaw 118 mode 2 st 8 gl 7 hp 66 frg 4
ARGEVT Joe Rogan hazard
ARGEVT Romero hazard
ARGLOG Romero t 183.5 pos '2050.3 -527.8 104.0' spd 366.1 yaw 91 mode 2 st 4 gl 2 hp 100 frg 5
ARGEVT Joe Rogan engage Carmack
ARGLOG Carmack t 183.6 pos '2424.4 -1683.1  24.0' spd 321.2 yaw  94.5 mode 2 st 8 gl 7 hp 100 frg 5
ARGLOG Joe Rogan t 183.8 pos '2460.4 -1117.7  24.0' spd 342.4 yaw 241.3 mode 2 st 8 gl 7 hp 66 frg 4
ARGLOG Romero t 184.0 pos '2057.7 -367.2  88.0' spd 321.1 yaw 94 mode 2 st 4 gl 2 hp 100 frg 5
ARGLOG Carmack t 184.1 pos '2383.3 -1573.8  24.0' spd 206.0 yaw  70.4 mode 2 st 8 gl 7 hp 100 frg 5
ARGLOG Joe Rogan t 184.3 pos '2476.4 -1176.0  24.0' spd 320.1 yaw 287.3 mode 2 st 8 gl 7 hp 66 frg 4
ARGLOG Romero t 184.5 pos '2068.2 -186.9  24.0' spd 339.1 yaw 22 mode 2 st 4 gl 2 hp 100 frg 5
ARGEVT Joe Rogan grab item_health
ARGLOG Carmack t 184.7 pos '2563.0 -1601.3  24.0' spd 327.3 yaw 101.1 mode 2 st 8 gl 7 hp 100 frg 5
ARGLOG Joe Rogan t 184.8 pos '2463.1 -1229.7  24.0' spd 328.9 yaw 270.0 mode 2 st 8 gl 7 hp 57 frg 4
ARGLOG Romero t 185.1 pos '2218.5 -85.5  24.0' spd 323.3 yaw 5 mode 2 st 4 gl 2 hp 100 frg 5
ARGLOG Carmack t 185.2 pos '2545.3 -1604.4  24.0' spd 320.0 yaw 121.3 mode 2 st 8 gl 7 hp 100 frg 5
ARGEVT Joe Rogan route 16 start '2457.0 -1311.0  24.0' goal '2073.0 -991.0 344.0'
ARGEVT Romero jump
ARGLOG Joe Rogan t 185.4 pos '2366.3 -1349.1  24.0' spd  44.1 yaw 316.4 mode 2 st 8 gl 7 hp 98 frg 4
ARGLOG Romero t 185.7 pos '2325.9 -51.2  77.5' spd  65.7 yaw 358 mode 2 st 4 gl 2 hp 100 frg 5
ARGLOG Carmack t 185.7 pos '2542.8 -1642.4  24.0' spd 329.3 yaw  98.0 mode 2 st 8 gl 7 hp 55 frg 5
ARGLOG Joe Rogan t 185.9 pos '2506.9 -1272.7  24.0' spd 355.3 yaw 238.3 mode 2 st 8 gl 7 hp 90 frg 4
ARGEVT Joe Rogan hazard
ARGEVT Carmack death Joe Rogan pos '2440.2 -1652.8  24.0'
ARGEVT Joe Rogan goal 
ARGEVT Joe Rogan route 2 start '2457.0 -1311.0  24.0' goal '2489.0 -1631.0  24.0'
ARGEVT Romero jump
ARGLOG Romero t 186.2 pos '2416.0 -49.5 101.7' spd  58.9 yaw 0 mode 2 st 4 gl 2 hp 100 frg 5
ARGLOG Joe Rogan t 186.5 pos '2544.3 -1311.2  24.0' spd 320.4 yaw 274 mode 2 st 8 gl 7 hp 90 frg 5
ARGLOG Romero t 186.8 pos '2442.1 -79.3 104.0' spd 206.8 yaw 3 mode 2 st 4 gl 2 hp 100 frg 5
ARGLOG Joe Rogan t 187.0 pos '2554.1 -1471.2  24.0' spd 320.0 yaw 273 mode 2 st 8 gl 7 hp 90 frg 5
ARGLOG Romero t 187.3 pos '2602.1 -69.2 120.0' spd 320.0 yaw 214 mode 2 st 4 gl 2 hp 100 frg 5
ARGLOG Joe Rogan t 187.5 pos '2535.7 -1650.9  24.0' spd 345.9 yaw 213 mode 1 st 8 gl 7 hp 90 frg 5
ARGEVT Carmack respawn
ARGEVT Carmack goal weapon_rocketlauncher
ARGLOG Carmack t 187.6 pos '2048.0 -1352.0 136.0' spd 0 yaw 159.8 mode 0 st 8 gl 7 hp 100 frg 5
ARGEVT Carmack routefail
ARGEVT Joe Rogan goal item_armorInv
ARGLOG Romero t 187.8 pos '2640.0 -61.4 120.0' spd  10.6 yaw 214 mode 2 st 4 gl 2 hp 100 frg 5
ARGEVT Carmack goal item_armorInv
ARGEVT Joe Rogan routefail
ARGEVT Joe Rogan goal item_health
ARGLOG Joe Rogan t 188.1 pos '2370.6 -1668.0  24.0' spd 409.9 yaw  64.2 mode 0 st 8 gl 8 hp 90 frg 5
ARGLOG Carmack t 188.2 pos '1884.1 -1369.8  88.0' spd 405.4 yaw 299.4 mode 0 st 8 gl 7 hp 100 frg 5
ARGEVT Carmack hazard
ARGEVT Joe Rogan routefail
ARGEVT Joe Rogan goal item_spikes
ARGEVT Joe Rogan route 2 start '2361.0 -1567.0  24.0' goal '2233.0 -1823.0  24.0'
ARGLOG Romero t 188.4 pos '2640.0 -57.3 120.0' spd   6.8 yaw 214 mode 2 st 4 gl 2 hp 100 frg 5
ARGEVT Joe Rogan route 2 start '2489.0 -1631.0  24.0' goal '2233.0 -1823.0  24.0'
ARGLOG Joe Rogan t 188.6 pos '2514.0 -1568.6  24.0' spd 361.2 yaw 307 mode 2 st 8 gl 8 hp 90 frg 5
ARGEVT Romero stall
ARGEVT Romero stallnode '2905.0 -47.0 -72.0'
ARGEVT Romero jump
ARGLOG Carmack t 188.7 pos '2061.4 -1388.4 136.0' spd 320.1 yaw 4 mode 0 st 8 gl 7 hp 100 frg 5
ARGEVT Carmack routefail
ARGLOG Romero t 188.9 pos '2640.0 -57.2 151.9' spd  23.0 yaw 301.2 mode 0 st 5 gl 2 hp 100 frg 5
ARGEVT Romero route 8 start '2585.0   1.0 120.0' goal '2009.0 -991.0  32.0'
ARGEVT Carmack goal 
ARGEVT Carmack routefail
ARGLOG Joe Rogan t 189.2 pos '2538.4 -1743.7  24.0' spd 343.1 yaw 195.5 mode 2 st 8 gl 8 hp 90 frg 5
ARGLOG Carmack t 189.3 pos '2036.9 -1384.0 136.0' spd 351.1 yaw 184.8 mode 0 st 8 gl 7 hp 100 frg 5
ARGEVT Carmack goal item_armor2
ARGEVT Carmack route 3 start '1945.0 -1375.0 120.0' goal '2009.0 -991.0  32.0'
ARGLOG Romero t 189.5 pos '2606.7 -62.1 120.0' spd 327.4 yaw 122.6 mode 2 st 5 gl 2 hp 100 frg 5
ARGEVT Romero hazard
ARGLOG Joe Rogan t 189.7 pos '2389.7 -1815.8  24.0' spd 323.0 yaw 183.0 mode 2 st 8 gl 8 hp 90 frg 5
ARGLOG Carmack t 189.8 pos '1872.1 -1392.0  88.0' spd 314.6 yaw 63 mode 2 st 8 gl 7 hp 100 frg 5
ARGEVT Carmack hazard
ARGLOG Romero t 190.0 pos '2635.6  14.5 120.0' spd 329.6 yaw 348 mode 2 st 5 gl 2 hp 100 frg 5
ARGEVT Joe Rogan goal item_health
ARGLOG Joe Rogan t 190.3 pos '2213.3 -1851.5  24.0' spd 320.0 yaw 171.2 mode 0 st 8 gl 9 hp 90 frg 5
ARGLOG Carmack t 190.3 pos '1909.6 -1371.1 104.0' spd 322.8 yaw 351.3 mode 2 st 8 gl 7 hp 100 frg 5
ARGEVT Joe Rogan route 20 start '2233.0 -1823.0  24.0' goal '2073.0 -991.0 344.0'
ARGEVT Joe Rogan hazard
ARGLOG Romero t 190.5 pos '2640.0 -73.2 120.0' spd  17.6 yaw 213 mode 2 st 5 gl 2 hp 100 frg 5
ARGLOG Joe Rogan t 190.8 pos '2217.5 -1808.0  24.0' spd 345.0 yaw 59 mode 2 st 8 gl 9 hp 90 frg 5
ARGLOG Carmack t 190.8 pos '2074.3 -1389.4 136.0' spd 332.6 yaw 103 mode 2 st 8 gl 7 hp 100 frg 5
ARGEVT Carmack hazard
ARGLOG Romero t 191.1 pos '2640.0 -64.8 120.0' spd  13.4 yaw 214 mode 2 st 5 gl 2 hp 100 frg 5
