LOG started on: 08/18/2026 07:42:38 
Playing registered version.
UDP Initialized
WIPX_OpenSocket: Address family not supported by protocol family
WIPX_Init: Unable to open control socket, IPX disabled
Exe: 20:02:47 Jul 31 2024
256.0 megabyte heap

Language initialization
Couldn't load 'localization/loc_english.txt'
from 'C:\argus\engine'

========= Quake Initialized =========

execing autoexec.cfg
SpawnServer: dm4
Clearing memory
Programs occupy 524K.
trying to open external vis file
maps/dm4.vis not found, trying argus.vis
external vis not found
ARGUS slots 8
ARGUS worldspawn reached
ARGNAV 142 nodes, 819 links
0 entities inhibited
ARGUS init on dm4
ARGEVT Reap spawned
ARGEVT Omi spawned
ARGEVT Zeus spawned
Server spawned.
ARGLOG Zeus t   1.2 pos '272.0 -952.0  24.0' spd 0 yaw 323.2 mode 0 st 0 gl 0 hp 100 frg 0
ARGLOG Omi t   1.2 pos '-64.0 -232.0 -72.0' spd 0 yaw  10.2 mode 0 st 0 gl 0 hp 100 frg 0
ARGLOG Reap t   1.2 pos '-64.0 512.0 -296.0' spd 0 yaw 252.0 mode 0 st 0 gl 0 hp 100 frg 0
ARGLOG Zeus t   1.7 pos '393.6 -1033.3  24.0' spd 182.9 yaw  97.5 mode 0 st 0 gl 0 hp 100 frg 0
ARGLOG Omi t   1.7 pos ' 89.1 -208.0 -72.0' spd 322.8 yaw  10.2 mode 0 st 0 gl 0 hp 100 frg 0
ARGLOG Reap t   1.7 pos ' -4.9 442.9 -296.0' spd 184.9 yaw 134.9 mode 0 st 0 gl 0 hp 100 frg 0
ARGEVT Omi hazard
ARGLOG Zeus t   2.2 pos '406.8 -876.0  24.0' spd 320.5 yaw  97.5 mode 0 st 0 gl 0 hp 100 frg 0
ARGLOG Omi t   2.2 pos '211.0 -206.1 -74.1' spd 235.2 yaw 203.1 mode 0 st 0 gl 0 hp 100 frg 0
ARGLOG Reap t   2.2 pos '-88.8 575.7 -296.0' spd 320.5 yaw 134.9 mode 0 st 0 gl 0 hp 100 frg 0
ARGEVT Reap hazard
ARGLOG Zeus t   2.7 pos '366.6 -800.2  24.0' spd 326.7 yaw 245.7 mode 0 st 0 gl 0 hp 100 frg 0
ARGLOG Omi t   2.7 pos '211.5 -270.0 -211.3' spd  67.8 yaw 195.1 mode 0 st 0 gl 0 hp 100 frg 0
ARGLOG Reap t   2.7 pos '-25.9 614.4 -296.0' spd 180.5 yaw 191.9 mode 0 st 0 gl 0 hp 200 frg 0
ARGLOG Zeus t   3.3 pos '288.7 -947.7  24.0' spd 320.1 yaw 245.7 mode 0 st 0 gl 0 hp 100 frg 0
ARGLOG Omi t   3.3 pos '155.1 -264.5 -296.0' spd  99.4 yaw   2.1 mode 0 st 0 gl 0 hp 100 frg 0
ARGLOG Reap t   3.3 pos '-93.7 613.2 -296.0' spd 180.6 yaw 286.3 mode 0 st 0 gl 0 hp 200 frg 0
ARGLOG Zeus t   3.8 pos '271.0 -980.3  24.0' spd 320.0 yaw  67.8 mode 0 st 0 gl 0 hp 100 frg 0
ARGLOG Omi t   3.8 pos '167.3 -227.1 -296.0' spd 253.9 yaw 280.6 mode 0 st 0 gl 0 hp 100 frg 0
ARGLOG Reap t   3.8 pos '-29.0 462.6 -296.0' spd 320.2 yaw 286.3 mode 0 st 0 gl 0 hp 200 frg 0
ARGEVT Omi hazard
ARGLOG Zeus t   4.3 pos '334.0 -828.1  24.0' spd 320.0 yaw  67.8 mode 0 st 0 gl 0 hp 100 frg 0
ARGLOG Omi t   4.3 pos '214.4 -223.1 -296.0' spd 127.1 yaw 254.3 mode 0 st 0 gl 0 hp 100 frg 0
ARGLOG Reap t   4.3 pos '-60.6 466.6 -296.0' spd 325.7 yaw 201.7 mode 0 st 0 gl 0 hp 200 frg 0
ARGLOG Zeus t   4.8 pos '304.0 -744.3  24.0' spd  56.6 yaw 202.5 mode 0 st 0 gl 0 hp 100 frg 0
ARGLOG Omi t   4.8 pos '159.6 -215.2 -296.0' spd 337.0 yaw 206.7 mode 0 st 0 gl 0 hp 100 frg 0
ARGLOG Reap t   4.8 pos '-195.2 404.5 -296.0' spd 322.3 yaw  72.2 mode 0 st 0 gl 0 hp 200 frg 0
ARGEVT Reap hazard
ARGEVT Omi hazard
ARGLOG Zeus t   5.3 pos '208.0 -820.8  24.0' spd 170.7 yaw 202.5 mode 0 st 0 gl 0 hp 100 frg 0
ARGLOG Omi t   5.3 pos '132.3 -233.7 -296.0' spd 391.2 yaw 206.7 mode 0 st 0 gl 0 hp 100 frg 0
ARGLOG Reap t   5.3 pos '-159.5 429.9 -296.0' spd 327.8 yaw 339.7 mode 0 st 0 gl 0 hp 200 frg 0
ARGLOG Zeus t   5.8 pos '208.0 -954.4  24.0' spd 293.1 yaw 202.5 mode 0 st 0 gl 0 hp 100 frg 0
ARGLOG Omi t   5.8 pos '132.3 -233.7 -296.0' spd 398.8 yaw 206.7 mode 0 st 0 gl 0 hp 100 frg 0
ARGLOG Reap t   5.8 pos '-235.9 406.1 -296.0' spd 215.0 yaw 248.6 mode 0 st 0 gl 0 hp 200 frg 0
ARGEVT Omi stall
ARGEVT Omi jump
ARGEVT Zeus hazard
ARGEVT Reap hazard
ARGLOG Zeus t   6.4 pos '214.7 -1035.0  24.0' spd 163.2 yaw  37.6 mode 0 st 0 gl 0 hp 100 frg 0
ARGLOG Omi t   6.4 pos '121.5 -340.7 -258.1' spd 255.8 yaw  16.6 mode 0 st 1 gl 0 hp 100 frg 0
ARGLOG Reap t   6.4 pos '-197.1 422.9 -296.0' spd 335.3 yaw 119.5 mode 0 st 0 gl 0 hp 200 frg 0
ARGLOG Zeus t   6.9 pos '345.0 -936.7  24.0' spd 320 yaw  37.6 mode 0 st 0 gl 0 hp 100 frg 0
ARGLOG Omi t   6.9 pos '120.4 -359.7 -384.5' spd  56.6 yaw 144.4 mode 0 st 1 gl 0 hp 90 frg 0
ARGEVT Omi swim
ARGLOG Reap t   6.9 pos '-180.7 432.0 -296.0' spd 320.2 yaw   4.8 mode 0 st 0 gl 0 hp 200 frg 0
ARGEVT Omi swim
ARGLOG Zeus t   7.4 pos '452.0 -858.9  24.0' spd  94.4 yaw 223.0 mode 0 st 0 gl 0 hp 100 frg 0
ARGLOG Omi t   7.4 pos '119.8 -341.8 -386.3' spd  30.1 yaw  36.6 mode 0 st 1 gl 0 hp 50 frg 0
ARGEVT Omi swim
ARGLOG Reap t   7.4 pos '-15.9 436.8 -296.0' spd 320.0 yaw   4.8 mode 0 st 0 gl 0 hp 200 frg 0
ARGEVT Omi swim
ARGLOG Zeus t   7.9 pos '338.4 -971.5  24.0' spd 320.0 yaw 223.0 mode 0 st 0 gl 0 hp 100 frg 0
ARGLOG Omi t   7.9 pos '113.4 -335.8 -387.9' spd  31.5 yaw  47.3 mode 0 st 1 gl 0 hp 30 frg 0
ARGEVT Omi swim
ARGLOG Reap t   7.9 pos '  9.8 449.8 -296.0' spd 163.2 yaw 138.5 mode 0 st 0 gl 0 hp 199 frg 0
ARGEVT Omi death
ARGEVT Omi death world pos '122.4 -334.3 -384.2'
ARGLOG Zeus t   8.4 pos '237.2 -975.2  24.0' spd 330.6 yaw  97.7 mode 0 st 0 gl 0 hp 100 frg 0
ARGLOG Reap t   8.4 pos '-111.0 558.6 -296.0' spd 320 yaw 331.9 mode 0 st 0 gl 0 hp 199 frg 0
ARGEVT Reap hazard
ARGLOG Zeus t   8.9 pos '208.0 -813.6  24.0' spd 321.7 yaw  97.7 mode 0 st 0 gl 0 hp 100 frg 0
ARGLOG Reap t   8.9 pos ' -0.2 528.6 -296.0' spd 223.3 yaw  93.7 mode 0 st 0 gl 0 hp 198 frg 0
ARGLOG Zeus t   9.4 pos '208.0 -861.5  24.0' spd 368.5 yaw 225.6 mode 0 st 0 gl 0 hp 100 frg 0
ARGLOG Reap t   9.4 pos '-51.7 536.2 -296.0' spd 322.4 yaw 252.0 mode 0 st 0 gl 0 hp 197 frg 0
ARGEVT Omi respawn
ARGLOG Omi t   9.7 pos '112.0 -1136.0 -104.0' spd 0 yaw 45 mode 0 st 1 gl 0 hp 100 frg -1
ARGEVT Zeus hazard
ARGLOG Zeus t  10.0 pos '208.0 -1033.9  24.0' spd 307.0 yaw  12.6 mode 0 st 0 gl 0 hp 100 frg 0
ARGLOG Reap t  10.0 pos '-21.0 459.2 -296.0' spd 327.0 yaw  28.4 mode 0 st 0 gl 0 hp 197 frg 0
ARGLOG Omi t  10.2 pos '221.6 -1026.4 -104.0' spd 320 yaw 45 mode 0 st 1 gl 0 hp 100 frg -1
ARGLOG Zeus t  10.5 pos '343.6 -1006.4  24.0' spd 320.0 yaw  12.6 mode 0 st 0 gl 0 hp 100 frg 0
ARGLOG Reap t  10.5 pos '-108.4 526.6 -296.0' spd 320.8 yaw 349.7 mode 0 st 0 gl 0 hp 196 frg 0
ARGLOG Omi t  10.7 pos '287.0 -874.3 -104.0' spd 321.9 yaw  87.8 mode 0 st 1 gl 0 hp 100 frg -1
ARGLOG Zeus t  11.0 pos '474.1 -962.4  24.0' spd 200.1 yaw 150.2 mode 0 st 0 gl 0 hp 100 frg 0
ARGLOG Reap t  11.0 pos ' -8.4 499.6 -296.0' spd 228.0 yaw 221.5 mode 0 st 0 gl 0 hp 196 frg 0
ARGLOG Omi t  11.2 pos '299.7 -752.0 -104.0' spd   6.4 yaw  87.8 mode 0 st 1 gl 0 hp 100 frg -1
ARGLOG Zeus t  11.5 pos '346.1 -860.0  20.0' spd 320.3 yaw 150.2 mode 0 st 0 gl 0 hp 100 frg 0
ARGLOG Reap t  11.5 pos '-69.8 481.8 -296.0' spd 324.5 yaw  81.9 mode 0 st 0 gl 0 hp 195 frg 0
ARGLOG Omi t  11.7 pos '302.9 -752.0 -104.0' spd   6.3 yaw  87.8 mode 0 st 1 gl 0 hp 100 frg -1
ARGLOG Zeus t  12.0 pos '208.0 -775.1  24.0' spd 160.1 yaw 150.2 mode 0 st 0 gl 0 hp 100 frg 0
ARGLOG Reap t  12.0 pos '-26.0 596.3 -296.0' spd 325.9 yaw 315.4 mode 0 st 0 gl 0 hp 195 frg 0
ARGEVT Reap hazard
ARGEVT Omi hazard
ARGLOG Omi t  12.3 pos '304.0 -681.6 -104.0' spd 179.8 yaw 252.0 mode 0 st 1 gl 0 hp 100 frg -1
ARGLOG Zeus t  12.5 pos '210.2 -874.9  24.0' spd 320.0 yaw 270.7 mode 0 st 0 gl 0 hp 100 frg 0
ARGLOG Reap t  12.5 pos '-112.1 573.8 -296.0' spd 324.2 yaw  67.6 mode 0 st 0 gl 0 hp 194 frg 0
ARGLOG Omi t  12.8 pos '289.0 -847.4 -104.0' spd 321.0 yaw 252.0 mode 0 st 1 gl 0 hp 100 frg -1
ARGLOG Zeus t  13.0 pos '210.7 -1028.2  24.0' spd 101.1 yaw 105.1 mode 0 st 0 gl 0 hp 100 frg 0
ARGLOG Reap t  13.0 pos '-68.1 528.7 -296.0' spd 321.3 yaw 272.4 mode 0 st 0 gl 0 hp 194 frg 0
ARGLOG Omi t  13.3 pos '243.6 -1005.9 -104.0' spd 320.0 yaw 252.0 mode 0 st 1 gl 0 hp 100 frg -1
ARGLOG Zeus t  13.5 pos '208.0 -878.4  24.0' spd 326.6 yaw 105.1 mode 0 st 0 gl 0 hp 100 frg 0
ARGLOG Reap t  13.5 pos ' -6.1 509.6 -296.0' spd 323.0 yaw  61.2 mode 0 st 0 gl 0 hp 193 frg 0
ARGEVT Reap hazard
ARGLOG Omi t  13.8 pos '235.2 -1119.6 -104.0' spd 282.0 yaw  37.3 mode 0 st 1 gl 0 hp 100 frg -1
ARGLOG Zeus t  14.1 pos '208.0 -805.4  24.0' spd 320.4 yaw 262.5 mode 0 st 0 gl 0 hp 100 frg 0
ARGLOG Reap t  14.1 pos '  3.5 523.3 -296.0' spd 129.0 yaw 298.2 mode 0 st 0 gl 0 hp 193 frg 0
ARGLOG Omi t  14.3 pos '149.6 -1038.0 -104.0' spd 321.2 yaw 161.9 mode 0 st 1 gl 0 hp 100 frg -1
ARGLOG Zeus t  14.6 pos '208.0 -971.4  24.0' spd 321.6 yaw 262.5 mode 0 st 0 gl 0 hp 100 frg 0
ARGLOG Reap t  14.6 pos '  3.5 523.3 -296.0' spd 129.0 yaw 298.2 mode 0 st 0 gl 0 hp 192 frg 0
ARGEVT Reap stall
ARGEVT Reap jump
ARGLOG Omi t  14.8 pos '159.7 -936.5 -104.0' spd 324.0 yaw  32.5 mode 0 st 1 gl 0 hp 100 frg -1
ARGLOG Zeus t  15.1 pos '208.0 -943.3  24.0' spd 320.1 yaw  91.9 mode 0 st 0 gl 0 hp 100 frg 0
ARGLOG Reap t  15.1 pos ' -5.6 572.0 -266.1' spd 107.2 yaw  90.1 mode 0 st 1 gl 0 hp 192 frg 0
ARGLOG Omi t  15.3 pos '293.7 -841.9 -104.0' spd 320.0 yaw  32.5 mode 0 st 1 gl 0 hp 100 frg -1
ARGLOG Zeus t  15.6 pos '208.0 -778.8  24.0' spd 320.0 yaw 235.9 mode 0 st 0 gl 0 hp 100 frg 0
ARGLOG Reap t  15.6 pos '-21.6 512.4 -296.0' spd 320.1 yaw 264.6 mode 0 st 1 gl 0 hp 191 frg 0
ARGLOG Omi t  15.9 pos '432.9 -754.3 -104.0' spd 320.0 yaw 221.4 mode 0 st 1 gl 0 hp 100 frg -1
ARGLOG Zeus t  16.1 pos '208.0 -902.9  24.0' spd 353.5 yaw 235.9 mode 0 st 0 gl 0 hp 100 frg 0
ARGLOG Reap t  16.1 pos '-37.7 349.3 -296.0' spd 320.0 yaw 264.6 mode 0 st 1 gl 0 hp 191 frg 0
ARGLOG Omi t  16.4 pos '343.5 -846.4 -104.0' spd 320.0 yaw 221.4 mode 0 st 1 gl 0 hp 100 frg -1
ARGEVT Zeus hazard
ARGLOG Zeus t  16.6 pos '208.0 -1009.3  24.0' spd 269.9 yaw 104.3 mode 0 st 0 gl 0 hp 100 frg 0
ARGLOG Reap t  16.6 pos '-49.2 196.0 -296.0' spd 107.3 yaw 275.4 mode 0 st 1 gl 0 hp 190 frg 0
ARGLOG Omi t  16.9 pos '221.0 -957.1 -104.0' spd 320.0 yaw 221.4 mode 0 st 1 gl 0 hp 100 frg -1
ARGLOG Zeus t  17.1 pos '208.0 -842.2  24.0' spd 325.8 yaw 104.3 mode 0 st 0 gl 0 hp 100 frg 0
ARGLOG Reap t  17.1 pos '-27.9  37.0 -296.0' spd 320.0 yaw 275.4 mode 0 st 1 gl 0 hp 190 frg 0
ARGLOG Omi t  17.4 pos ' 99.3 -1066.7 -104.0' spd 320 yaw 344.7 mode 0 st 1 gl 0 hp 100 frg -1
ARGLOG Zeus t  17.7 pos '208.0 -827.2  24.0' spd 348.1 yaw 235.2 mode 0 st 0 gl 0 hp 100 frg 0
ARGLOG Reap t  17.7 pos '-16.0 -126.6 -296.0' spd 320.8 yaw 275.4 mode 0 st 1 gl 0 hp 189 frg 0
ARGLOG Omi t  17.9 pos '227.4 -1136.0 -104.0' spd 326.6 yaw 344.7 mode 0 st 1 gl 0 hp 100 frg -1
ARGLOG Zeus t  18.2 pos '208.0 -1010.9  24.0' spd 354.2 yaw 235.2 mode 0 st 0 gl 0 hp 100 frg 0
ARGLOG Reap t  18.2 pos ' 21.7 -244.8 -296.0' spd 327.7 yaw  41.4 mode 0 st 1 gl 0 hp 189 frg 0
ARGEVT Zeus hazard
ARGEVT Reap hazard
ARGLOG Omi t  18.4 pos '136.2 -1106.1 -104.0' spd 320.1 yaw 170.0 mode 0 st 1 gl 0 hp 100 frg -1
ARGLOG Zeus t  18.7 pos '229.6 -912.1  24.0' spd 320.1 yaw  76.8 mode 0 st 0 gl 0 hp 100 frg 0
ARGLOG Reap t  18.7 pos '-20.5 -207.2 -296.0' spd 325.0 yaw 167.3 mode 0 st 1 gl 0 hp 188 frg 0
ARGLOG Omi t  19.0 pos '155.4 -1190.7 -88.0' spd 321.2 yaw 315.5 mode 0 st 1 gl 0 hp 100 frg -1
ARGLOG Zeus t  19.2 pos '261.8 -762.0  24.0' spd 123.3 yaw 233.5 mode 0 st 0 gl 0 hp 100 frg 0
ARGLOG Reap t  19.2 pos ' -4.4 -246.8 -296.0' spd 320.6 yaw 335.5 mode 0 st 1 gl 0 hp 188 frg 0
ARGLOG Omi t  19.5 pos '233.6 -1116.4 -58.1' spd 322.4 yaw  81.9 mode 0 st 1 gl 0 hp 100 frg -1
ARGLOG Zeus t  19.7 pos '208.0 -892.5  24.0' spd 356.7 yaw 233.5 mode 0 st 0 gl 0 hp 100 frg 0
ARGLOG Reap t  19.7 pos ' 42.7 -214.2 -296.0' spd 328.0 yaw 171.5 mode 0 st 1 gl 0 hp 187 frg 0
ARGLOG Omi t  20.0 pos '274.1 -954.8 -104.0' spd 320.4 yaw  81.9 mode 0 st 1 gl 0 hp 100 frg -1
ARGEVT Zeus goal weapon_rocketlauncher
ARGEVT Reap goal weapon_rocketlauncher
ARGEVT Reap hazard
ARGEVT Omi goal item_armorInv
ARGLOG Zeus t  20.2 pos '248.2 -1038.8  24.0' spd 326.3 yaw 16 mode 0 st 0 gl 0 hp 100 frg 0
ARGLOG Reap t  20.2 pos '-80.0 -201.5 -296.0' spd 288.0 yaw 121.9 mode 0 st 1 gl 0 hp 187 frg 0
ARGEVT Zeus route 13 start '209.0 -1015.0  24.0' goal '721.0 -887.0 -232.0'
ARGEVT Reap route 2 start '-79.0 -151.0 -296.0' goal ' 49.0 105.0 -296.0'
ARGLOG Omi t  20.5 pos '351.6 -806.9 -104.0' spd 371.8 yaw 356 mode 0 st 1 gl 0 hp 100 frg -1
ARGEVT Omi route 18 start '305.0 -791.0 -104.0' goal '817.0 -855.0 -232.0'
ARGLOG Zeus t  20.8 pos '324.6 -901.8  24.0' spd 425.3 yaw 172 mode 2 st 0 gl 0 hp 100 frg 0
ARGLOG Reap t  20.8 pos '-80.0 -201.5 -296.0' spd 328.6 yaw 89 mode 2 st 1 gl 0 hp 186 frg 0
ARGEVT Omi hazard
ARGLOG Omi t  21.0 pos '454.4 -752.9 -104.0' spd 138.3 yaw 160.8 mode 2 st 1 gl 0 hp 100 frg -1
ARGEVT Reap stall
ARGEVT Reap stallnode '-79.0 -23.0 -296.0'
ARGEVT Reap jump
ARGEVT Reap route 2 start '-79.0 -151.0 -296.0' goal ' 49.0 105.0 -296.0'
ARGLOG Zeus t  21.3 pos '244.6 -752.0  24.0' spd  80.2 yaw  25.8 mode 2 st 0 gl 0 hp 100 frg 0
ARGLOG Reap t  21.3 pos '-75.0 -196.1 -266.8' spd  54.2 yaw   5.4 mode 2 st 2 gl 0 hp 186 frg 0
ARGLOG Omi t  21.5 pos '292.3 -757.8 -104.0' spd 327.8 yaw 215.0 mode 2 st 1 gl 0 hp 100 frg -1
ARGLOG Zeus t  21.8 pos '351.0 -636.3  24.0' spd 385.7 yaw 141 mode 2 st 0 gl 0 hp 100 frg 0
ARGLOG Reap t  21.8 pos '-50.8 -180.4 -296.0' spd  59.8 yaw 100 mode 2 st 2 gl 0 hp 185 frg 0
ARGLOG Omi t  22.0 pos '151.6 -851.9 -104.0' spd 322.7 yaw 235 mode 2 st 1 gl 0 hp 100 frg -1
ARGLOG Zeus t  22.3 pos '363.4 -466.2  24.0' spd 347.7 yaw 28 mode 2 st 0 gl 0 hp 100 frg 0
ARGLOG Reap t  22.3 pos '-70.4 -22.8 -296.0' spd 338.7 yaw  57.7 mode 2 st 2 gl 0 hp 185 frg 0
ARGLOG Omi t  22.6 pos ' 90.6 -1006.4 -104.0' spd 321.9 yaw 268 mode 2 st 1 gl 0 hp 100 frg -1
ARGLOG Zeus t  22.8 pos '496.2 -358.9 -35.5' spd 329.3 yaw 50 mode 2 st 0 gl 0 hp 100 frg 0
ARGEVT Reap goal weapon_lightning
ARGLOG Reap t  22.8 pos ' 61.7  86.3 -296.0' spd 323.9 yaw 343.3 mode 0 st 2 gl 1 hp 184 frg 0
ARGEVT Reap route 14 start ' 49.0 105.0 -296.0' goal '529.0 -311.0 -104.0'
ARGEVT Reap hazard
ARGEVT Zeus jump
ARGEVT Reap goal weapon_supernailgun
ARGLOG Omi t  23.1 pos '102.4 -1174.5 -104.0' spd 369.9 yaw 337 mode 2 st 1 gl 0 hp 100 frg -1
ARGEVT Omi jump
ARGEVT Reap routefail
ARGEVT Reap goal weapon_grenadelauncher
ARGEVT Reap route 13 start ' 49.0 105.0 -296.0' goal '113.0 -407.0 -104.0'
ARGLOG Zeus t  23.3 pos '572.1 -228.4 -65.1' spd 291.3 yaw 303.8 mode 2 st 0 gl 0 hp 100 frg 0
ARGLOG Reap t  23.3 pos ' 66.9  48.0 -296.0' spd 326.8 yaw 180.7 mode 2 st 2 gl 1 hp 184 frg 0
ARGLOG Omi t  23.6 pos '208.0 -1232.0 -72.0' spd 0 yaw 10 mode 2 st 1 gl 0 hp 100 frg -1
ARGLOG Zeus t  23.8 pos '590.9 -270.5 -104.0' spd 327.7 yaw 196 mode 2 st 0 gl 0 hp 100 frg 0
ARGEVT Zeus jump
ARGLOG Reap t  23.8 pos '-80.0  23.5 -296.0' spd 311.1 yaw 271 mode 2 st 2 gl 1 hp 183 frg 0
ARGLOG Omi t  24.1 pos '352.6 -1168.5 -24.0' spd 390.9 yaw 104 mode 2 st 1 gl 0 hp 100 frg -1
ARGLOG Zeus t  24.4 pos '450.7 -301.4 -81.8' spd 305.0 yaw  30.6 mode 2 st 0 gl 0 hp 100 frg 0
ARGLOG Reap t  24.4 pos '-52.5 -140.4 -296.0' spd 324.5 yaw 304 mode 2 st 2 gl 1 hp 183 frg 0
ARGEVT Zeus engage Reap
ARGEVT Zeus weapon sg
ARGEVT Reap engage Zeus
ARGLOG Omi t  24.6 pos '351.5 -993.6  24.0' spd 320.9 yaw 108 mode 2 st 1 gl 0 hp 100 frg -1
ARGLOG Zeus t  24.9 pos '472.9 -142.4 -104.0' spd 333.6 yaw  66.2 mode 2 st 0 gl 0 hp 100 frg 0
ARGLOG Reap t  24.9 pos ' 24.8 -244.4 -296.0' spd 325.6 yaw 21 mode 2 st 2 gl 1 hp 182 frg 0
ARGEVT Zeus weapon lg
ARGLOG Omi t  25.1 pos '317.6 -831.4  24.0' spd 320.2 yaw 93 mode 2 st 1 gl 0 hp 100 frg -1
ARGEVT Reap hazard
ARGLOG Zeus t  25.4 pos '461.8 -104.6 -104.0' spd 320.1 yaw 174.4 mode 2 st 0 gl 0 hp 100 frg 0
ARGLOG Reap t  25.4 pos ' 80.4 -238.0 -296.0' spd 120.9 yaw 20 mode 2 st 2 gl 1 hp 182 frg 0
ARGEVT Zeus weapon sg
ARGEVT Omi engage Zeus
ARGLOG Omi t  25.7 pos '311.7 -665.4  24.0' spd 334.1 yaw 72 mode 2 st 1 gl 0 hp 100 frg -1
ARGLOG Zeus t  25.9 pos '549.5 -126.6  45.9' spd  35.7 yaw 198 mode 2 st 0 gl 0 hp 19 frg 0
ARGLOG Reap t  25.9 pos ' 76.6 -241.1 -296.0' spd 110.6 yaw 13 mode 2 st 2 gl 1 hp 181 frg 0
ARGLOG Omi t  26.2 pos '330.5 -538.6  24.0' spd 329.0 yaw 62 mode 2 st 1 gl 0 hp 100 frg -1
ARGEVT Reap hazard
ARGEVT Zeus death
ARGEVT Zeus death Reap pos '533.7 -121.3  23.6'
ARGEVT Omi engage Reap
ARGEVT Reap engage Omi
ARGLOG Reap t  26.4 pos '103.8 -243.1 -296.0' spd 315.2 yaw   3.3 mode 2 st 2 gl 1 hp 181 frg 1
ARGLOG Omi t  26.7 pos '207.6 -450.2  24.0' spd 331.4 yaw 116 mode 2 st 1 gl 0 hp 100 frg -1
ARGEVT Omi route 9 start '209.0 -503.0  24.0' goal '817.0 -855.0 -232.0'
ARGEVT Omi hazard
ARGLOG Reap t  26.9 pos '199.2 -265.7 -296.0' spd  90.2 yaw 255.3 mode 2 st 2 gl 1 hp 180 frg 1
ARGEVT Omi pursue
ARGLOG Omi t  27.2 pos '140.1 -415.2   8.0' spd 328.3 yaw 90 mode 2 st 1 gl 0 hp 100 frg -1
ARGEVT Reap hazard
ARGLOG Reap t  27.5 pos '229.7 -260.4 -296.0' spd 322.5 yaw 24 mode 2 st 2 gl 1 hp 179 frg 1
ARGEVT Reap pursue
ARGLOG Omi t  27.7 pos '181.5 -250.7 -72.0' spd 384.1 yaw 16 mode 2 st 1 gl 0 hp 100 frg -1
ARGEVT Zeus respawn
ARGEVT Omi route 9 start '145.0 -183.0 -72.0' goal '817.0 -855.0 -232.0'
ARGEVT Zeus goal weapon_rocketlauncher
ARGLOG Zeus t  28.0 pos '776.0 -808.0 -232.0' spd 0 yaw 106.6 mode 1 st 0 gl 0 hp 100 frg 0
ARGLOG Reap t  28.0 pos '348.2 -226.8 -296.0' spd 354.5 yaw 267.1 mode 2 st 2 gl 1 hp 155 frg 1
ARGEVT Omi goal weapon_grenadelauncher
ARGEVT Omi route 3 start '145.0 -279.0 -56.0' goal '113.0 -407.0 -104.0'
ARGEVT Zeus hazard
ARGLOG Omi t  28.2 pos '302.9 -246.7 -130.9' spd 251.5 yaw 9 mode 2 st 1 gl 0 hp 100 frg -1
ARGEVT Reap weapon sg
ARGLOG Zeus t  28.5 pos '720.0 -774.1 -218.0' spd 326.8 yaw 271.1 mode 1 st 0 gl 0 hp 100 frg 0
ARGLOG Reap t  28.5 pos '389.3 -271.8 -296.0' spd 320.0 yaw 159.2 mode 2 st 2 gl 1 hp 130 frg 1
ARGEVT Reap hazard
ARGLOG Omi t  28.7 pos '338.3 -234.5 -296.0' spd  96.9 yaw 335 mode 2 st 1 gl 0 hp 76 frg -1
ARGEVT Zeus goal item_rockets
ARGEVT Zeus route 9 start '721.0 -887.0 -232.0' goal ' 81.0 -823.0 -104.0'
ARGEVT Zeus engage Omi
ARGLOG Zeus t  29.0 pos '368.0  25.4 -267.2' spd 300 yaw 259 mode 0 st 0 gl 1 hp 100 frg 0
ARGLOG Reap t  29.0 pos '496.9 -231.3 -296.0' spd 369.7 yaw 176 mode 2 st 2 gl 1 hp 106 frg 1
ARGEVT Zeus route 8 start '337.0   9.0 -296.0' goal ' 81.0 -823.0 -104.0'
ARGEVT Omi hazard
ARGLOG Omi t  29.2 pos '343.9 -229.9 -296.0' spd 263.3 yaw 1 mode 2 st 1 gl 0 hp 52 frg -1
ARGEVT Zeus weapon ng
ARGLOG Zeus t  29.5 pos '380.7 -95.3 -296.0' spd 184.9 yaw 264 mode 2 st 0 gl 1 hp 100 frg 0
ARGLOG Reap t  29.5 pos '513.8 -238.7 -296.0' spd  58.5 yaw 174 mode 2 st 2 gl 1 hp 82 frg 1
ARGEVT Zeus hazard
ARGLOG Omi t  29.8 pos '357.3 -251.1 -296.0' spd 331.3 yaw 6 mode 2 st 1 gl 0 hp 19 frg -1
ARGEVT Zeus weapon rl
ARGEVT Zeus weapon ng
ARGLOG Zeus t  30.0 pos '380.4 -71.2 -296.0' spd  86.6 yaw 266 mode 2 st 0 gl 1 hp 100 frg 0
ARGLOG Reap t  30.0 pos '504.6 -246.1 -296.0' spd  39.7 yaw 164 mode 2 st 2 gl 1 hp 58 frg 1
ARGEVT Omi death
ARGEVT Omi death Reap pos '375.4 -224.9 -296.0'
ARGEVT Zeus weapon rl
ARGEVT Reap weapon rl
ARGEVT Reap hazard
ARGLOG Zeus t  30.5 pos '396.2 -155.6 -296.0' spd 322.2 yaw 344 mode 2 st 0 gl 1 hp 100 frg 0
ARGLOG Reap t  30.5 pos '488.4 -208.5 -296.0' spd 150.2 yaw  26.8 mode 2 st 2 gl 1 hp 58 frg 2
ARGEVT Zeus engage Reap
ARGEVT Zeus weapon ng
ARGEVT Zeus hazard
ARGEVT Reap engage Zeus
ARGEVT Reap weapon sg
ARGLOG Zeus t  31.0 pos '404.7 -250.1 -296.0' spd 324.9 yaw 351 mode 2 st 0 gl 1 hp 100 frg 0
ARGLOG Reap t  31.0 pos '578.6 -262.1 -296.0' spd 122.1 yaw  83.9 mode 2 st 2 gl 1 hp 58 frg 2
ARGEVT Reap weapon rl
ARGEVT Zeus weapon rl
ARGLOG Zeus t  31.6 pos '333.0 -234.0 -296.0' spd 431.9 yaw 1 mode 2 st 0 gl 1 hp 91 frg 0
ARGLOG Reap t  31.6 pos '596.7 -261.5 -296.0' spd  95.3 yaw 172 mode 2 st 2 gl 1 hp 11 frg 2
ARGEVT Omi respawn
ARGEVT Omi goal item_armor2
ARGLOG Omi t  31.7 pos '784.0 -176.0  24.0' spd 0 yaw 196.3 mode 0 st 1 gl 0 hp 100 frg -1
ARGEVT Omi route 5 start '753.0 -151.0  24.0' goal '1169.0 -599.0  24.0'
ARGEVT Omi hazard
ARGEVT Reap death
ARGEVT Reap death Zeus pos '593.1 -166.3 -296.0'
ARGLOG Zeus t  32.1 pos '419.6 -238.7 -296.0' spd 323.4 yaw 7 mode 2 st 0 gl 1 hp 91 frg 1
ARGLOG Omi t  32.2 pos '712.6 -206.8  24.0' spd  97.1 yaw 339 mode 2 st 1 gl 0 hp 100 frg -1
ARGLOG Zeus t  32.6 pos '584.5 -217.3 -296.0' spd 350.8 yaw  64.3 mode 2 st 0 gl 1 hp 91 frg 1
ARGLOG Omi t  32.7 pos '861.1 -267.8  24.0' spd 388.4 yaw 248 mode 2 st 1 gl 0 hp 100 frg -1
ARGLOG Zeus t  33.1 pos '655.7 -60.1 -296.0' spd 325.6 yaw 98 mode 2 st 0 gl 1 hp 91 frg 1
ARGLOG Omi t  33.2 pos '850.2 -436.9  24.0' spd 321.9 yaw 249 mode 2 st 1 gl 0 hp 100 frg -1
ARGEVT Reap respawn
ARGEVT Reap goal weapon_grenadelauncher
ARGLOG Reap t  33.5 pos '-64.0 512.0 -296.0' spd 0 yaw 281 mode 0 st 2 gl 1 hp 100 frg 2
ARGEVT Reap route 15 start '-15.0 553.0 -296.0' goal '113.0 -407.0 -104.0'
ARGLOG Zeus t  33.6 pos '637.6 104.2 -296.0' spd 321.3 yaw 124.6 mode 2 st 0 gl 1 hp 91 frg 1
ARGLOG Omi t  33.7 pos '848.4 -604.7  24.0' spd 399.4 yaw 2 mode 2 st 1 gl 0 hp 100 frg -1
ARGLOG Reap t  34.0 pos '-45.2 357.6 -296.0' spd 320.4 yaw 270 mode 2 st 2 gl 1 hp 100 frg 2
ARGLOG Zeus t  34.1 pos '295.7 -860.3  24.0' spd 320.0 yaw 177 mode 2 st 0 gl 1 hp 91 frg 1
ARGLOG Omi t  34.2 pos '1014.7 -616.0  24.0' spd 320.5 yaw 11 mode 1 st 1 gl 0 hp 100 frg -1
ARGLOG Reap t  34.5 pos '-43.4 193.4 -296.0' spd 320.0 yaw 269 mode 2 st 2 gl 1 hp 100 frg 2
ARGEVT Omi goal weapon_supershotgun
ARGLOG Zeus t  34.6 pos '208.0 -840.2  24.0' spd  86.0 yaw 172 mode 2 st 0 gl 1 hp 91 frg 1
ARGEVT Omi route 10 start '1169.0 -599.0  24.0' goal '273.0 -1015.0 -104.0'
ARGEVT Omi hazard
ARGLOG Omi t  34.8 pos '1181.3 -620.4  24.0' spd 286.2 yaw 250.6 mode 2 st 1 gl 1 hp 100 frg -1
ARGLOG Reap t  35.0 pos '-52.8  28.2 -296.0' spd 320.2 yaw 262 mode 2 st 2 gl 1 hp 100 frg 2
ARGLOG Zeus t  35.2 pos '208.0 -821.3  24.0' spd   2.8 yaw 181 mode 2 st 0 gl 1 hp 91 frg 1
ARGLOG Omi t  35.3 pos '1061.2 -615.2  24.0' spd 332.5 yaw 152 mode 2 st 1 gl 1 hp 100 frg -1
ARGLOG Reap t  35.5 pos '-50.8 -139.1 -296.0' spd 331.1 yaw 303 mode 2 st 2 gl 1 hp 100 frg 2
ARGEVT Zeus stall
ARGEVT Zeus stallnode ' 81.0 -823.0 -104.0'
ARGLOG Zeus t  35.7 pos '208.0 -822.8  24.0' spd   2.9 yaw 301.2 mode 0 st 1 gl 1 hp 91 frg 1
ARGEVT Zeus jump
ARGLOG Omi t  35.8 pos '908.5 -548.2  24.0' spd 320.4 yaw 147 mode 2 st 1 gl 1 hp 100 frg -1
ARGEVT Zeus route 2 start '209.0 -887.0  24.0' goal ' 81.0 -823.0 -104.0'
ARGLOG Reap t  36.0 pos ' 72.1 -252.1 -296.0' spd 352.5 yaw 18 mode 2 st 2 gl 1 hp 100 frg 2
ARGEVT Reap hazard
ARGLOG Zeus t  36.2 pos '211.2 -836.8  46.4' spd  31.0 yaw 268 mode 2 st 1 gl 1 hp 91 frg 1
ARGLOG Omi t  36.3 pos '802.9 -419.6  24.0' spd 336.1 yaw 85 mode 2 st 1 gl 1 hp 100 frg -1
ARGEVT Omi hazard
ARGLOG Reap t  36.6 pos ' 72.1 -252.1 -296.0' spd 346.9 yaw 18 mode 2 st 2 gl 1 hp 100 frg 2
ARGLOG Zeus t  36.7 pos '208.0 -887.9  24.0' spd  69.4 yaw 152 mode 2 st 1 gl 1 hp 91 frg 1
ARGLOG Omi t  36.8 pos '787.4 -400.0  24.0' spd 195.3 yaw 79 mode 2 st 1 gl 1 hp 100 frg -1
ARGEVT Reap stall
ARGEVT Reap stallnode '273.0 -183.0 -296.0'
ARGEVT Reap jump
ARGEVT Reap route 10 start '113.0 -279.0 -296.0' goal '113.0 -407.0 -104.0'
ARGLOG Reap t  37.1 pos ' 97.6 -235.8 -261.6' spd  73.9 yaw 279.8 mode 2 st 3 gl 1 hp 100 frg 2
ARGLOG Zeus t  37.2 pos '208.0 -809.0  24.0' spd  60.3 yaw 187 mode 2 st 1 gl 1 hp 91 frg 1
ARGEVT Omi stall
ARGEVT Omi stallnode '817.0 -247.0  24.0'
ARGEVT Omi jump
ARGLOG Omi t  37.3 pos '775.0 -409.1  45.5' spd 147.3 yaw 271.1 mode 0 st 2 gl 1 hp 100 frg -1
ARGEVT Omi route 8 start '785.0 -471.0  24.0' goal '273.0 -1015.0 -104.0'
ARGLOG Reap t  37.6 pos '136.9 -251.2 -296.0' spd 198.3 yaw 26 mode 2 st 3 gl 1 hp 100 frg 2
ARGLOG Zeus t  37.7 pos '208.0 -815.4  24.0' spd  11.4 yaw 184 mode 2 st 1 gl 1 hp 91 frg 1
ARGEVT Reap hazard
ARGEVT Zeus stall
ARGEVT Zeus stallnode ' 81.0 -823.0 -104.0'
ARGEVT Zeus jump
ARGLOG Omi t  37.8 pos '752.9 -462.7  25.7' spd 107.7 yaw   9.7 mode 2 st 2 gl 1 hp 100 frg -1
ARGEVT Zeus route 1 start '209.0 -759.0  24.0' goal ' 81.0 -823.0 -104.0'
ARGLOG Reap t  38.1 pos '262.4 -240.4 -296.0' spd 378.5 yaw 22 mode 2 st 3 gl 1 hp 100 frg 2
ARGLOG Zeus t  38.3 pos '210.8 -830.2  58.9' spd  50.7 yaw 191.9 mode 2 st 2 gl 1 hp 91 frg 1
ARGLOG Omi t  38.4 pos '807.8 -436.4 -104.0' spd 327.5 yaw 87 mode 2 st 2 gl 1 hp 100 frg -1
ARGEVT Omi hazard
ARGEVT Zeus stall
ARGEVT Zeus stallnode '209.0 -759.0  24.0'
ARGEVT Zeus jump
ARGLOG Reap t  38.6 pos '434.1 -232.6 -296.0' spd 320.0 yaw 6 mode 2 st 3 gl 1 hp 100 frg 2
ARGLOG Zeus t  38.8 pos '213.5 -822.5  58.5' spd  43.5 yaw 281.6 mode 0 st 3 gl 1 hp 91 frg 1
ARGLOG Omi t  38.9 pos '815.6 -403.8 -104.0' spd 435.5 yaw 89 mode 2 st 2 gl 1 hp 100 frg -1
ARGLOG Reap t  39.1 pos '599.0 -204.3 -296.0' spd 362.3 yaw  72.6 mode 2 st 3 gl 1 hp 100 frg 2
ARGLOG Zeus t  39.3 pos '233.3 -841.9  24.0' spd 179.9 yaw 281.6 mode 0 st 3 gl 1 hp 91 frg 1
ARGEVT Omi stall
ARGEVT Omi stallnode '817.0 -247.0  24.0'
ARGLOG Omi t  39.4 pos '815.6 -403.8 -104.0' spd 437.7 yaw 261.7 mode 0 st 3 gl 1 hp 100 frg -1
ARGEVT Omi jump
ARGEVT Omi route 12 start '849.0 -439.0 -104.0' goal '273.0 -1015.0 -104.0'
ARGLOG Reap t  39.6 pos '654.2 -43.6 -296.0' spd 320.9 yaw 99 mode 2 st 3 gl 1 hp 100 frg 2
ARGLOG Zeus t  39.8 pos '270.6 -1001.1  24.0' spd 320.0 yaw 281.6 mode 0 st 3 gl 1 hp 91 frg 1
ARGLOG Omi t  39.9 pos '926.3 -522.5 -81.3' spd 344.4 yaw 195 mode 2 st 3 gl 1 hp 100 frg -1
ARGEVT Zeus goal weapon_supershotgun
ARGEVT Zeus route 2 start '305.0 -983.0  24.0' goal '273.0 -1015.0 -104.0'
ARGEVT Zeus engage Reap
ARGEVT Zeus weapon ng
ARGEVT Reap engage Zeus
ARGLOG Reap t  40.2 pos '440.4 -864.0  40.8' spd 300 yaw 190.7 mode 2 st 3 gl 1 hp 100 frg 2
ARGLOG Zeus t  40.3 pos '314.8 -932.8  24.0' spd 113.6 yaw 39 mode 2 st 3 gl 1 hp 91 frg 1
ARGLOG Omi t  40.4 pos '814.7 -609.6 -104.0' spd 347.3 yaw 145 mode 2 st 3 gl 1 hp 100 frg -1
ARGLOG Reap t  40.7 pos '340.7 -774.1  24.0' spd 321.8 yaw 226 mode 2 st 3 gl 1 hp 100 frg 2
ARGEVT Omi hazard
ARGLOG Zeus t  40.8 pos '208.0 -859.3  24.0' spd 343.8 yaw 39 mode 2 st 3 gl 1 hp 91 frg 1
ARGLOG Omi t  40.9 pos '752.0 -633.3 -142.3' spd 323.3 yaw 264 mode 2 st 3 gl 1 hp 100 frg -1
ARGLOG Reap t  41.2 pos '351.9 -833.0  24.0' spd 371.9 yaw 161.3 mode 2 st 3 gl 1 hp 91 frg 2
ARGLOG Zeus t  41.3 pos '208.0 -804.9  24.0' spd 322.0 yaw 326 mode 2 st 3 gl 1 hp 87 frg 1
ARGLOG Omi t  41.4 pos '748.2 -800.1 -232.0' spd 323.1 yaw 253 mode 2 st 3 gl 1 hp 100 frg -1
ARGLOG Reap t  41.7 pos '292.5 -999.5  24.0' spd 358.7 yaw 132 mode 0 st 3 gl 1 hp 91 frg 2
ARGEVT Reap route 5 start '305.0 -983.0  24.0' goal '113.0 -407.0 -104.0'
ARGEVT Reap hazard
ARGEVT Omi route 9 start '721.0 -887.0 -232.0' goal '273.0 -1015.0 -104.0'
ARGLOG Zeus t  41.9 pos '208.0 -944.5  24.0' spd 307.5 yaw 301 mode 2 st 3 gl 1 hp 83 frg 1
ARGEVT Omi hazard
ARGLOG Omi t  42.0 pos '720.0 -912.0 -232.0' spd 0 yaw 251 mode 0 st 3 gl 1 hp 100 frg -1
ARGEVT Omi route 9 start '721.0 -887.0 -232.0' goal '273.0 -1015.0 -104.0'
ARGLOG Reap t  42.2 pos '369.5 -983.4  24.0' spd 386.0 yaw 174.8 mode 2 st 3 gl 1 hp 73 frg 2
ARGEVT Omi route 9 start '721.0 -887.0 -232.0' goal '273.0 -1015.0 -104.0'
ARGEVT Zeus weapon rl
ARGEVT Zeus hazard
ARGLOG Zeus t  42.4 pos '213.0 -1029.7  24.0' spd 105.7 yaw  25.2 mode 2 st 3 gl 1 hp 79 frg 1
ARGEVT Omi route 9 start '721.0 -887.0 -232.0' goal '273.0 -1015.0 -104.0'
ARGLOG Omi t  42.5 pos '720.0 -912.0 -232.0' spd 0 yaw 234.7 mode 2 st 3 gl 1 hp 100 frg -1
ARGEVT Omi route 9 start '721.0 -887.0 -232.0' goal '273.0 -1015.0 -104.0'
ARGEVT Zeus weapon ng
ARGLOG Reap t  42.7 pos '316.5 -816.4  24.0' spd 329.8 yaw 227 mode 2 st 3 gl 1 hp 73 frg 2
ARGEVT Omi route 9 start '721.0 -887.0 -232.0' goal '273.0 -1015.0 -104.0'
ARGLOG Zeus t  42.9 pos '208.0 -879.9  24.0' spd 364.5 yaw 51 mode 2 st 3 gl 1 hp 75 frg 1
ARGEVT Omi hazard
ARGEVT Omi stall
ARGLOG Omi t  43.0 pos '720.0 -912.0 -232.0' spd 0 yaw 371.2 mode 0 st 4 gl 1 hp 100 frg -1
ARGEVT Omi jump
ARGEVT Reap hazard
ARGEVT Omi route 9 start '721.0 -887.0 -232.0' goal '273.0 -1015.0 -104.0'
ARGLOG Reap t  43.2 pos '208.0 -775.7  24.0' spd 100.5 yaw 270 mode 2 st 3 gl 1 hp 73 frg 2
ARGEVT Omi route 9 start '721.0 -887.0 -232.0' goal '273.0 -1015.0 -104.0'
ARGLOG Zeus t  43.4 pos '208.0 -930.0  24.0' spd  91.5 yaw  96.7 mode 2 st 3 gl 1 hp 71 frg 1
ARGEVT Omi route 9 start '721.0 -887.0 -232.0' goal '273.0 -1015.0 -104.0'
ARGLOG Omi t  43.5 pos '368.0  40.7 -263.1' spd 300 yaw 268 mode 0 st 4 gl 1 hp 100 frg -1
ARGEVT Omi route 8 start '337.0   9.0 -296.0' goal '273.0 -1015.0 -104.0'
ARGLOG Reap t  43.8 pos '208.0 -811.1  24.0' spd  24.6 yaw 271 mode 2 st 3 gl 1 hp 37 frg 2
ARGLOG Zeus t  43.9 pos '208.0 -946.0  24.0' spd  60.4 yaw 85 mode 2 st 3 gl 1 hp 67 frg 1
ARGLOG Omi t  44.0 pos '379.3 -118.3 -296.0' spd 322.2 yaw 289 mode 2 st 4 gl 1 hp 100 frg -1
ARGEVT Omi hazard
ARGLOG Reap t  44.3 pos '208.0 -829.2  24.0' spd  22.5 yaw 273 mode 2 st 3 gl 1 hp 10 frg 2
ARGLOG Zeus t  44.4 pos '208.0 -969.0  24.0' spd  52.9 yaw 92 mode 2 st 3 gl 1 hp 63 frg 1
ARGEVT Reap death
ARGEVT Reap death Zeus pos '208.0 -837.2  24.0'
ARGLOG Omi t  44.5 pos '383.0 -134.3 -296.0' spd 371.8 yaw 291 mode 2 st 4 gl 1 hp 100 frg -1
ARGEVT Zeus weapon rl
ARGLOG Zeus t  44.9 pos '322.5 -935.4  24.0' spd 400.8 yaw 292.9 mode 2 st 3 gl 1 hp 59 frg 2
ARGLOG Omi t  45.0 pos '383.0 -134.3 -296.0' spd 372.3 yaw 291 mode 2 st 4 gl 1 hp 100 frg -1
ARGEVT Omi hazard
ARGEVT Omi stall
ARGEVT Omi stallnode '401.0 -183.0 -296.0'
ARGEVT Omi jump
ARGEVT Omi route 7 start '401.0 -183.0 -296.0' goal '273.0 -1015.0 -104.0'
ARGLOG Zeus t  45.5 pos '304.0 -1089.0  24.0' spd  56.3 yaw 127.8 mode 2 st 3 gl 1 hp 59 frg 2
ARGEVT Zeus hazard
ARGLOG Omi t  45.6 pos '412.0 -231.7 -261.2' spd 241.6 yaw 5 mode 2 st 5 gl 1 hp 100 frg -1
ARGLOG Zeus t  46.0 pos '304.0 -1089.0  24.0' spd 374.5 yaw 112 mode 2 st 3 gl 1 hp 59 frg 2
ARGEVT Reap respawn
ARGLOG Omi t  46.1 pos '516.5 -249.2 -296.0' spd 320.7 yaw 24 mode 2 st 5 gl 1 hp 100 frg -1
ARGEVT Reap plan powerup via weapon
ARGEVT Reap goal weapon_supernailgun
ARGLOG Reap t  46.1 pos '-64.0 -232.0 -72.0' spd 0 yaw  16.6 mode 0 st 3 gl 1 hp 100 frg 2
ARGEVT Reap routefail
ARGEVT Reap plan powerup via weapon
ARGEVT Reap goal weapon_grenadelauncher
ARGEVT Reap route 4 start '-47.0 -215.0 -72.0' goal '113.0 -407.0 -104.0'
ARGEVT Zeus stall
ARGEVT Zeus stallnode '273.0 -1015.0 -104.0'
ARGLOG Zeus t  46.5 pos '304.0 -1089.0  24.0' spd 385.2 yaw 295.1 mode 0 st 4 gl 1 hp 59 frg 2
ARGEVT Zeus jump
ARGLOG Omi t  46.6 pos '636.1 -134.3 -296.0' spd 336.8 yaw 92 mode 2 st 5 gl 1 hp 100 frg -1
ARGLOG Reap t  46.6 pos ' 87.0 -208.0 -72.0' spd 329.0 yaw 23 mode 2 st 3 gl 1 hp 100 frg 2
ARGEVT Zeus route 1 start '273.0 -1111.0   8.0' goal '273.0 -1015.0 -104.0'
ARGLOG Zeus t  47.0 pos '324.0 -1104.3  46.7' spd  83.7 yaw  99.3 mode 2 st 4 gl 1 hp 59 frg 2
ARGEVT Reap hazard
ARGLOG Omi t  47.1 pos '645.5  30.9 -296.0' spd 321.2 yaw 100 mode 2 st 5 gl 1 hp 100 frg -1
ARGLOG Reap t  47.1 pos '223.2 -229.5 -72.0' spd 358.0 yaw 243.5 mode 2 st 3 gl 1 hp 100 frg 2
ARGEVT Zeus engage Omi
ARGEVT Omi engage Zeus
ARGEVT Zeus weapon ng
ARGLOG Zeus t  47.5 pos '277.2 -1002.2  24.0' spd 320.0 yaw  92.7 mode 1 st 4 gl 1 hp 59 frg 2
ARGLOG Omi t  47.6 pos '403.0 -910.7  24.0' spd 341.5 yaw 197.3 mode 2 st 5 gl 1 hp 100 frg -1
ARGLOG Reap t  47.6 pos '223.2 -229.5 -72.0' spd 161.2 yaw 233 mode 2 st 3 gl 1 hp 100 frg 2
ARGEVT Zeus weapon rl
ARGLOG Zeus t  48.0 pos '262.3 -836.3  24.0' spd 373.3 yaw 344.4 mode 1 st 4 gl 1 hp 59 frg 2
ARGEVT Reap hazard
ARGLOG Omi t  48.1 pos '334.4 -1063.2  24.0' spd 363.4 yaw 94 mode 2 st 5 gl 1 hp 100 frg -1
ARGLOG Reap t  48.1 pos '223.2 -229.5 -72.0' spd 161.4 yaw 233 mode 2 st 3 gl 1 hp 100 frg 2
ARGLOG Zeus t  48.5 pos '434.9 -758.4  24.0' spd 354.5 yaw 242 mode 1 st 4 gl 1 hp 37 frg 2
ARGLOG Omi t  48.7 pos '287.4 -1025.6  24.0' spd 324.1 yaw 53 mode 2 st 5 gl 1 hp 100 frg -1
ARGLOG Reap t  48.7 pos '223.2 -229.5 -72.0' spd 159.3 yaw 233 mode 2 st 3 gl 1 hp 100 frg 2
ARGEVT Zeus hazard
ARGEVT Reap stall
ARGEVT Reap stallnode '113.0 -375.0  -8.0'
ARGEVT Reap jump
ARGEVT Reap abandon
ARGEVT Reap route 3 start '145.0 -279.0 -56.0' goal '113.0 -407.0 -104.0'
ARGLOG Zeus t  49.1 pos '434.7 -800.0  24.0' spd 322.9 yaw 213 mode 1 st 4 gl 1 hp 13 frg 2
ARGEVT Zeus death
ARGEVT Zeus death Omi pos '449.3 -847.0  24.0'
ARGLOG Omi t  49.2 pos '208.0 -888.6  24.0' spd 321.4 yaw 8 mode 2 st 5 gl 1 hp 100 frg 0
ARGEVT Reap plan powerup via weapon
ARGEVT Reap goal weapon_supershotgun
ARGEVT Reap abandon
ARGLOG Reap t  49.2 pos '270.9 -226.5 -37.0' spd  58.1 yaw  94.5 mode 0 st 4 gl 1 hp 100 frg 2
ARGEVT Reap route 5 start '145.0 -279.0 -56.0' goal '273.0 -1015.0 -104.0'
ARGEVT Reap goal item_artifact_super_damage
ARGEVT Reap routefail
ARGEVT Reap goal item_armorInv
ARGLOG Omi t  49.7 pos '315.9 -948.6  24.0' spd 380.5 yaw 238 mode 2 st 5 gl 1 hp 100 frg 0
ARGLOG Reap t  49.7 pos '267.6 -229.5 -183.0' spd  46.9 yaw 203.3 mode 0 st 4 gl 1 hp 100 frg 2
ARGEVT Reap route 17 start '209.0 -375.0 -104.0' goal '817.0 -855.0 -232.0'
ARGEVT Reap hazard
ARGEVT Omi hazard
ARGLOG Omi t  50.2 pos '338.2 -1067.5  24.0' spd 323.5 yaw 348.2 mode 1 st 5 gl 1 hp 100 frg 0
ARGLOG Reap t  50.2 pos '244.1 -277.6 -296.0' spd 347.7 yaw 251 mode 2 st 4 gl 1 hp 100 frg 2
ARGEVT Zeus respawn
ARGEVT Omi engage Zeus
ARGLOG Omi t  50.7 pos '352.6 -1035.0  24.0' spd 341.5 yaw 135 mode 1 st 5 gl 1 hp 100 frg 0
ARGLOG Reap t  50.7 pos '244.1 -277.6 -296.0' spd 392.5 yaw 251 mode 2 st 4 gl 1 hp 100 frg 2
ARGEVT Zeus goal weapon_grenadelauncher
ARGEVT Zeus engage Omi
ARGLOG Zeus t  50.8 pos '272.0 -952.0  24.0' spd 0 yaw 349.3 mode 0 st 4 gl 1 hp 100 frg 2
ARGEVT Zeus route 5 start '305.0 -983.0  24.0' goal '113.0 -407.0 -104.0'
ARGEVT Reap stall
ARGEVT Reap stallnode '209.0 -375.0 -104.0'
ARGEVT Reap jump
ARGEVT Reap route 17 start '241.0 -279.0 -296.0' goal '817.0 -855.0 -232.0'
ARGLOG Omi t  51.2 pos '397.8 -883.8  24.0' spd 368.2 yaw 216 mode 1 st 5 gl 1 hp 100 frg 0
ARGLOG Reap t  51.2 pos '196.9 -230.9 -257.1' spd 211.3 yaw  21.9 mode 2 st 5 gl 1 hp 100 frg 2
ARGLOG Zeus t  51.3 pos '208.0 -1026.0  24.0' spd  29.8 yaw 44 mode 2 st 4 gl 1 hp 100 frg 2
ARGEVT Omi weapon sg
ARGLOG Omi t  51.7 pos '286.9 -754.9  24.0' spd 324.1 yaw 227 mode 1 st 5 gl 1 hp 100 frg 0
ARGEVT Omi hazard
ARGLOG Reap t  51.7 pos '215.7 -122.7 -362.5' spd 219.6 yaw 342 mode 2 st 5 gl 1 hp 100 frg 2
ARGLOG Zeus t  51.8 pos '208.0 -809.7  24.0' spd 658.2 yaw  36.4 mode 2 st 4 gl 1 hp 20 frg 2
ARGEVT Reap swim
ARGEVT Reap swim
ARGLOG Omi t  52.3 pos '364.3 -710.3  24.0' spd 344.6 yaw 215.5 mode 1 st 5 gl 1 hp 91 frg 0
ARGLOG Reap t  52.3 pos '287.1 -61.3 -382.5' spd 172.1 yaw 314 mode 2 st 5 gl 1 hp 50 frg 2
ARGLOG Zeus t  52.3 pos '225.3 -807.3  24.0' spd 334.1 yaw  31.7 mode 2 st 4 gl 1 hp 20 frg 2
ARGEVT Zeus death
ARGEVT Zeus death Omi pos '233.8 -822.6  24.0'
ARGEVT Reap swim
ARGEVT Omi weapon rl
ARGEVT Reap swim
ARGLOG Omi t  52.8 pos '304.9 -771.5  24.0' spd 320.5 yaw 276 mode 1 st 5 gl 1 hp 91 frg 1
ARGLOG Reap t  52.8 pos '304.0 -80.5 -378.3' spd 105.8 yaw 314 mode 2 st 5 gl 1 hp 20 frg 2
ARGEVT Reap swim
ARGEVT Reap death
ARGEVT Reap death world pos '304.0 -110.8 -379.2'
ARGLOG Omi t  53.3 pos '319.3 -935.7  24.0' spd 320.0 yaw 276 mode 1 st 5 gl 1 hp 91 frg 1
ARGLOG Omi t  53.8 pos '310.3 -1103.7  24.0' spd 381.0 yaw 188.4 mode 1 st 5 gl 1 hp 91 frg 1
ARGEVT Zeus respawn
ARGEVT Omi engage Zeus
ARGEVT Zeus goal weapon_lightning
ARGEVT Zeus engage Omi
ARGLOG Zeus t  53.9 pos '112.0 -1136.0 -104.0' spd 0 yaw  34.1 mode 0 st 4 gl 1 hp 100 frg 2
ARGEVT Zeus route 6 start ' 81.0 -1079.0 -104.0' goal '529.0 -311.0 -104.0'
ARGLOG Omi t  54.3 pos '189.0 -1232.0 -70.4' spd 231.2 yaw 92 mode 1 st 5 gl 1 hp 91 frg 1
ARGLOG Zeus t  54.4 pos '219.2 -1020.8 -104.0' spd 365.9 yaw 286.6 mode 2 st 4 gl 1 hp 100 frg 2
ARGEVT Reap respawn
ARGEVT Reap goal weapon_rocketlauncher
ARGLOG Reap t  54.6 pos '776.0 -808.0 -232.0' spd 0 yaw 106.6 mode 0 st 5 gl 1 hp 100 frg 1
ARGEVT Reap route 7 start '817.0 -855.0 -232.0' goal ' 49.0 105.0 -296.0'
ARGEVT Omi goal weapon_grenadelauncher
ARGEVT Omi route 6 start ' 81.0 -1207.0 -104.0' goal '113.0 -407.0 -104.0'
ARGLOG Omi t  54.8 pos '102.2 -1193.0 -104.0' spd 320.0 yaw 58 mode 2 st 5 gl 1 hp 91 frg 1
ARGEVT Omi hazard
ARGEVT Reap hazard
ARGLOG Zeus t  54.9 pos '211.0 -983.6 -104.0' spd 320.2 yaw 243 mode 2 st 4 gl 1 hp 100 frg 2
ARGLOG Reap t  55.1 pos '720.0 -774.1 -218.0' spd 326.5 yaw 271 mode 2 st 5 gl 1 hp 100 frg 1
ARGLOG Omi t  55.4 pos '197.2 -1221.5 -72.0' spd 295.6 yaw 107 mode 2 st 5 gl 1 hp 75 frg 1
ARGEVT Zeus route 6 start ' 81.0 -951.0 -104.0' goal '529.0 -311.0 -104.0'
ARGLOG Zeus t  55.5 pos '104.7 -949.3 -104.0' spd 224.8 yaw 296 mode 2 st 4 gl 1 hp 100 frg 2
ARGEVT Reap route 6 start '721.0 -887.0 -232.0' goal ' 49.0 105.0 -296.0'
ARGLOG Reap t  55.7 pos '368.0  56.0 -261.0' spd 300 yaw 253.4 mode 0 st 5 gl 1 hp 100 frg 1
ARGEVT Reap route 5 start '369.0 105.0 -288.0' goal ' 49.0 105.0 -296.0'
ARGLOG Omi t  55.9 pos '348.6 -1175.7 -24.0' spd 103.2 yaw 116 mode 2 st 5 gl 1 hp 61 frg 1
ARGLOG Zeus t  56.0 pos '234.3 -918.5 -104.0' spd 115.9 yaw 291 mode 2 st 4 gl 1 hp 100 frg 2
ARGLOG Reap t  56.2 pos '375.0 -102.9 -296.0' spd 322.1 yaw 253.0 mode 2 st 5 gl 1 hp 100 frg 1
ARGEVT Reap hazard
ARGLOG Omi t  56.4 pos '207.6 -1221.3 -72.0' spd 376.5 yaw 113 mode 2 st 5 gl 1 hp 49 frg 1
ARGLOG Zeus t  56.5 pos '101.6 -1010.5 -104.0' spd 320.2 yaw 288 mode 2 st 4 gl 1 hp 100 frg 2
ARGLOG Reap t  56.7 pos '349.7 -154.1 -296.0' spd 346.6 yaw 229 mode 2 st 5 gl 1 hp 100 frg 1
ARGLOG Omi t  56.9 pos '127.1 -1232.0 -104.0' spd 169.0 yaw 61 mode 2 st 5 gl 1 hp 49 frg 1
ARGLOG Zeus t  57.0 pos '231.5 -1047.9 -104.0' spd 324.2 yaw 245 mode 2 st 4 gl 1 hp 100 frg 2
ARGEVT Zeus hazard
ARGEVT Omi hazard
ARGLOG Reap t  57.2 pos '349.7 -154.1 -296.0' spd 332.5 yaw 229 mode 2 st 5 gl 1 hp 100 frg 1
ARGEVT Zeus death
ARGEVT Zeus death Omi pos '253.3 -1043.7 -104.0'
ARGEVT Reap stall
ARGEVT Reap stallnode '241.0 -279.0 -296.0'
ARGEVT Reap jump
ARGLOG Omi t  57.4 pos '108.4 -1197.8 -104.0' spd 322.5 yaw 47 mode 2 st 5 gl 1 hp 32 frg 2
ARGEVT Reap route 5 start '305.0 -87.0 -296.0' goal ' 49.0 105.0 -296.0'
ARGLOG Reap t  57.7 pos '262.4 -61.8 -260.9' spd 319.0 yaw 351.4 mode 2 st 6 gl 1 hp 100 frg 1
ARGLOG Omi t  57.9 pos '223.6 -1079.5 -104.0' spd 330.5 yaw 74 mode 2 st 5 gl 1 hp 32 frg 2
ARGLOG Reap t  58.2 pos '301.8 -48.0 -408.0' spd  76.2 yaw 307 mode 2 st 6 gl 1 hp 96 frg 1
ARGEVT Reap swim
ARGLOG Omi t  58.4 pos '285.6 -925.9 -104.0' spd 321.1 yaw 81 mode 2 st 5 gl 1 hp 32 frg 2
ARGEVT Reap swim
ARGEVT Zeus respawn
ARGLOG Reap t  58.7 pos '304.0 -119.6 -380.1' spd 170.9 yaw 327 mode 2 st 6 gl 1 hp 90 frg 1
ARGEVT Zeus goal weapon_lightning
ARGLOG Zeus t  58.8 pos '784.0 -176.0  24.0' spd 0 yaw 196.3 mode 0 st 4 gl 1 hp 100 frg 2
ARGEVT Zeus route 2 start '753.0 -151.0  24.0' goal '529.0 -311.0 -104.0'
ARGLOG Omi t  59.0 pos '307.9 -763.3 -104.0' spd 320.4 yaw 90 mode 2 st 5 gl 1 hp 32 frg 2
ARGEVT Reap swim
ARGEVT Omi route 3 start '305.0 -791.0 -104.0' goal '113.0 -407.0 -104.0'
ARGEVT Reap swim
ARGLOG Reap t  59.3 pos '304.0 -200.1 -381.8' spd 117.6 yaw 9 mode 2 st 6 gl 1 hp 82 frg 1
ARGEVT Zeus engage Omi
ARGLOG Zeus t  59.3 pos '629.8 -169.3  24.0' spd 320.9 yaw 176.7 mode 2 st 4 gl 1 hp 100 frg 2
ARGEVT Omi engage Zeus
ARGLOG Omi t  59.5 pos '336.5 -614.4 -104.0' spd 324.8 yaw 60 mode 2 st 5 gl 1 hp 32 frg 2
ARGEVT Reap swim
ARGEVT Reap swim
ARGLOG Reap t  59.8 pos '304.0 -218.5 -383.6' spd  33.4 yaw 20 mode 2 st 6 gl 1 hp 78 frg 1
ARGLOG Zeus t  59.8 pos '599.9 -288.2  24.0' spd 234.4 yaw 225.3 mode 1 st 4 gl 1 hp 100 frg 2
ARGEVT Reap swim
ARGLOG Omi t  60.0 pos '300.5 -497.0 -104.0' spd 343.3 yaw  40.2 mode 2 st 5 gl 1 hp 23 frg 2
ARGEVT Reap swim
ARGEVT Reap engage Omi
ARGLOG Reap t  60.3 pos '304.0 -188.5 -379.0' spd  63.9 yaw 345.4 mode 2 st 6 gl 1 hp 72 frg 1
ARGLOG Zeus t  60.3 pos '462.9 -256.3  -7.7' spd 222.1 yaw 217 mode 1 st 4 gl 1 hp 100 frg 2
ARGEVT Reap swim
ARGLOG Omi t  60.5 pos '259.1 -439.1 -104.0' spd 333.5 yaw 40 mode 1 st 5 gl 1 hp 14 frg 2
ARGEVT Reap pursue
ARGEVT Reap swim
ARGLOG Reap t  60.8 pos '304.0 -181.0 -380.6' spd  75.2 yaw 313.0 mode 2 st 6 gl 1 hp 66 frg 1
ARGLOG Zeus t  60.9 pos '406.4 -302.9 -228.9' spd  38.7 yaw 254 mode 1 st 4 gl 1 hp 100 frg 2
ARGEVT Reap stall
ARGEVT Reap stallnode '401.0 -183.0 -296.0'
ARGEVT Omi death
ARGEVT Omi death Omi pos '381.6 -527.6 -104.0'
ARGEVT Zeus hazard
ARGEVT Reap swim
ARGEVT Reap abandon
ARGEVT Reap routefail
ARGEVT Reap goal weapon_rocketlauncher
ARGEVT Reap swim
ARGEVT Reap routefail
ARGEVT Reap engage Zeus
ARGLOG Reap t  61.3 pos '295.3 -215.5 -380.1' spd 132.0 yaw 263.3 mode 0 st 7 gl 1 hp 58 frg 1
ARGLOG Zeus t  61.4 pos '349.3 -247.6 -296.0' spd 324.5 yaw 109.8 mode 1 st 4 gl 1 hp 95 frg 2
ARGEVT Zeus engage Reap
ARGEVT Reap goal weapon_lightning
ARGEVT Reap routefail
ARGEVT Reap swim
ARGEVT Reap goal item_health
ARGEVT Reap routefail
ARGEVT Reap swim
ARGEVT Reap goal item_health
ARGLOG Reap t  61.8 pos '240.0 -260.1 -381.8' spd  36.2 yaw  11.0 mode 0 st 7 gl 1 hp 54 frg 1
ARGEVT Reap routefail
ARGLOG Zeus t  61.9 pos '360.0 -187.5 -296.0' spd 386.7 yaw 203 mode 1 st 4 gl 1 hp 95 frg 2
ARGEVT Reap pursue
ARGEVT Reap swim
ARGEVT Zeus hazard
ARGEVT Reap goal weapon_nailgun
ARGEVT Reap abandon
ARGEVT Reap routefail
ARGEVT Zeus pursue
ARGEVT Reap goal item_health
ARGEVT Reap swim
ARGEVT Reap routefail
ARGEVT Reap abandon
ARGLOG Reap t  62.3 pos '243.1 -253.1 -379.8' spd  71.4 yaw 294.7 mode 0 st 7 gl 1 hp 36 frg 1
ARGLOG Zeus t  62.4 pos '343.4 -215.2 -296.0' spd 320.8 yaw 328.3 mode 1 st 4 gl 1 hp 95 frg 2
ARGEVT Omi respawn
ARGEVT Reap goal item_health
ARGEVT Reap abandon
ARGEVT Reap routefail
ARGEVT Omi goal weapon_rocketlauncher
ARGLOG Omi t  62.5 pos '-64.0 512.0 -296.0' spd 0 yaw 286.6 mode 0 st 5 gl 1 hp 100 frg 1
ARGEVT Reap swim
ARGEVT Omi route 4 start '-15.0 553.0 -296.0' goal ' 49.0 105.0 -296.0'
ARGEVT Reap goal item_health
ARGEVT Reap abandon
ARGEVT Reap routefail
ARGEVT Omi hazard
ARGEVT Reap swim
ARGEVT Reap goal item_health
ARGLOG Reap t  62.9 pos '240.0 -275.0 -381.6' spd  76.0 yaw 103.8 mode 0 st 7 gl 1 hp 6 frg 1
ARGEVT Reap routefail
ARGLOG Zeus t  62.9 pos '389.7 -272.4 -296.0' spd  94.4 yaw 164 mode 1 st 4 gl 1 hp 95 frg 2
ARGEVT Reap death
ARGEVT Reap death world pos '240.0 -278.9 -381.8'
ARGLOG Omi t  63.0 pos '-61.7 438.4 -296.0' spd 433.6 yaw 249 mode 2 st 5 gl 1 hp 100 frg 1
ARGEVT Zeus hazard
ARGLOG Zeus t  63.4 pos '341.7 -236.0 -296.0' spd 209.3 yaw 358.9 mode 1 st 4 gl 1 hp 95 frg 2
ARGLOG Omi t  63.5 pos '-61.7 438.4 -296.0' spd 448.0 yaw 249 mode 2 st 5 gl 1 hp 100 frg 1
ARGEVT Omi hazard
ARGLOG Zeus t  63.9 pos '487.8 -233.9 -296.0' spd 347.8 yaw 300 mode 1 st 4 gl 1 hp 95 frg 2
ARGEVT Zeus jump
ARGLOG Omi t  64.0 pos '-61.7 438.4 -296.0' spd 449.6 yaw 249 mode 2 st 5 gl 1 hp 100 frg 1
ARGLOG Zeus t  64.5 pos '628.0 -272.0 -266.4' spd 263.0 yaw 245.1 mode 1 st 4 gl 1 hp 95 frg 2
ARGEVT Reap respawn
ARGEVT Reap goal 
ARGLOG Reap t  64.5 pos '-64.0 -232.0 -72.0' spd 0 yaw 343.4 mode 0 st 7 gl 1 hp 100 frg 0
ARGEVT Reap route 4 start '-47.0 -215.0 -72.0' goal '337.0 -567.0 -104.0'
ARGLOG Omi t  64.6 pos '-61.7 438.4 -296.0' spd 448.1 yaw 249 mode 2 st 5 gl 1 hp 100 frg 1
ARGEVT Omi hazard
ARGEVT Zeus jump
ARGLOG Zeus t  65.0 pos '552.3 -271.4 -274.5' spd 320.3 yaw 177 mode 1 st 4 gl 1 hp 95 frg 2
ARGEVT Zeus engage Reap
ARGEVT Reap engage Zeus
ARGLOG Reap t  65.0 pos ' 91.7 -214.1 -72.0' spd 323.5 yaw  16.3 mode 2 st 7 gl 1 hp 100 frg 0
ARGLOG Omi t  65.1 pos '-61.7 438.4 -296.0' spd 448.9 yaw 249 mode 2 st 5 gl 1 hp 100 frg 1
ARGEVT Omi stall
ARGEVT Omi stallnode '-143.0 233.0 -296.0'
ARGEVT Omi jump
ARGEVT Reap jump
ARGEVT Omi route 4 start '-15.0 425.0 -296.0' goal ' 49.0 105.0 -296.0'
ARGLOG Zeus t  65.5 pos '448.1 -259.5 -294.9' spd  45.7 yaw 203 mode 1 st 4 gl 1 hp 95 frg 2
ARGLOG Reap t  65.5 pos '167.1 -354.8 -10.9' spd 320.9 yaw 18 mode 2 st 7 gl 1 hp 100 frg 0
ARGLOG Omi t  65.6 pos ' 59.1 299.4 -261.0' spd 448.0 yaw  48.3 mode 2 st 6 gl 1 hp 100 frg 1
ARGEVT Zeus jump
ARGEVT Omi hazard
ARGLOG Zeus t  66.0 pos '571.8 -210.5 -257.1' spd 284.7 yaw 211 mode 1 st 4 gl 1 hp 95 frg 2
ARGLOG Reap t  66.1 pos '247.9 -420.3 -20.8' spd 281.5 yaw 29 mode 1 st 7 gl 1 hp 100 frg 0
ARGLOG Omi t  66.1 pos '110.5 280.1 -312.0' spd  38.3 yaw 130 mode 2 st 6 gl 1 hp 100 frg 1
ARGEVT Zeus pursue
ARGEVT Reap pursue
ARGLOG Zeus t  66.5 pos '602.3 -250.0 -296.0' spd 325.8 yaw 201 mode 1 st 4 gl 1 hp 95 frg 2
ARGEVT Zeus jump
ARGLOG Reap t  66.6 pos '383.3 -407.7 -104.0' spd 336.7 yaw 54 mode 1 st 7 gl 1 hp 100 frg 0
ARGEVT Omi stall
ARGEVT Omi stallnode '-15.0 425.0 -296.0'
ARGLOG Omi t  66.6 pos '110.5 280.1 -312.0' spd  69.7 yaw 269.5 mode 0 st 7 gl 1 hp 100 frg 1
ARGEVT Omi jump
ARGEVT Omi routefail
ARGEVT Zeus goal weapon_rocketlauncher
ARGLOG Zeus t  67.0 pos '456.6 -272.0 -266.7' spd 281.3 yaw 226.9 mode 0 st 4 gl 1 hp 95 frg 2
ARGEVT Omi goal weapon_supernailgun
ARGEVT Zeus route 4 start '497.0 -247.0 -296.0' goal ' 49.0 105.0 -296.0'
ARGLOG Reap t  67.1 pos '491.1 -279.4 -104.0' spd 335.4 yaw  97.0 mode 1 st 7 gl 1 hp 100 frg 0
ARGEVT Omi abandon
ARGLOG Omi t  67.1 pos '112.0 252.9 -290.0' spd  52.6 yaw 78 mode 0 st 7 gl 1 hp 100 frg 1
ARGEVT Omi goal weapon_grenadelauncher
ARGEVT Omi routefail
ARGEVT Zeus hazard
ARGEVT Omi hazard
ARGEVT Reap hazard
ARGEVT Omi goal weapon_nailgun
ARGEVT Omi routefail
ARGLOG Zeus t  67.5 pos '332.6 -222.7 -296.0' spd 340.5 yaw 139.5 mode 2 st 4 gl 1 hp 65 frg 2
ARGLOG Reap t  67.6 pos '466.2 -197.2 -104.0' spd 295.6 yaw 186.3 mode 1 st 7 gl 1 hp 100 frg 0
ARGEVT Omi goal item_armor2
ARGLOG Omi t  67.7 pos '112.0 280.6 -312.0' spd 109.2 yaw 317.8 mode 0 st 7 gl 1 hp 100 frg 1
ARGEVT Omi routefail
ARGEVT Omi goal item_armor1
ARGEVT Omi routefail
ARGLOG Zeus t  68.1 pos '353.4 -88.1 -296.0' spd  86.7 yaw  31.8 mode 0 st 4 gl 1 hp 65 frg 2
ARGEVT Omi goal item_armor1
ARGEVT Zeus route 5 start '305.0 -87.0 -296.0' goal ' 49.0 105.0 -296.0'
ARGLOG Reap t  68.1 pos '523.6 -153.1 -104.0' spd 328.6 yaw 165.8 mode 1 st 7 gl 1 hp 100 frg 0
ARGLOG Omi t  68.2 pos '112.0 280.6 -312.0' spd  49.2 yaw 267 mode 0 st 7 gl 1 hp 100 frg 1
ARGEVT Zeus pursue
ARGEVT Omi goal 
ARGEVT Reap pursue
ARGEVT Omi routefail
ARGEVT Omi hazard
ARGEVT Zeus hazard
ARGEVT Omi goal 
ARGEVT Omi routefail
ARGEVT Reap hazard
ARGLOG Zeus t  68.6 pos '403.0 -151.5 -296.0' spd 320.1 yaw 249.8 mode 2 st 4 gl 1 hp 65 frg 2
ARGLOG Reap t  68.6 pos '453.9 -58.3 -104.0' spd 236.3 yaw 225.0 mode 1 st 7 gl 1 hp 100 frg 0
ARGEVT Omi goal 
ARGLOG Omi t  68.7 pos '112.0 280.6 -312.0' spd 332.4 yaw 278 mode 0 st 7 gl 1 hp 100 frg 1
ARGEVT Omi routefail
ARGEVT Omi stall
ARGEVT Omi jump
ARGEVT Omi goal 
ARGEVT Omi routefail
ARGEVT Omi abandon
ARGLOG Zeus t  69.1 pos '352.2 -135.1 -296.0' spd 366.1 yaw 143.4 mode 2 st 4 gl 1 hp 65 frg 2
ARGEVT Omi goal item_rockets
ARGEVT Omi routefail
ARGEVT Omi abandon
ARGLOG Reap t  69.1 pos '494.2 -112.2 -104.0' spd 368.6 yaw 202.6 mode 1 st 7 gl 1 hp 100 frg 0
ARGLOG Omi t  69.2 pos '110.1 218.1 -277.0' spd  95.9 yaw 202.0 mode 0 st 8 gl 1 hp 100 frg 1
ARGEVT Omi goal item_health
ARGEVT Omi routefail
ARGEVT Zeus pursue
ARGEVT Omi abandon
ARGEVT Omi hazard
ARGEVT Reap pursue
ARGEVT Omi goal item_spikes
ARGEVT Omi abandon
ARGEVT Omi routefail
ARGEVT Zeus hazard
ARGEVT Reap hazard
ARGLOG Zeus t  69.6 pos '360.6 -79.2 -296.0' spd 338.4 yaw  24.9 mode 2 st 4 gl 1 hp 65 frg 2
ARGLOG Reap t  69.7 pos '467.9 -216.0 -104.0' spd 209.1 yaw 121 mode 1 st 7 gl 1 hp 100 frg 0
ARGEVT Omi goal item_health
ARGEVT Omi abandon
ARGLOG Omi t  69.7 pos '120.0 221.6 -296.0' spd 358.0 yaw 297.8 mode 0 st 8 gl 1 hp 100 frg 1
ARGEVT Omi routefail
ARGEVT Omi goal item_health
ARGEVT Omi abandon
ARGEVT Omi routefail
ARGEVT Zeus pursue
ARGEVT Reap pursue
ARGLOG Zeus t  70.1 pos '361.9 -96.8 -296.0' spd 352.3 yaw 312 mode 2 st 4 gl 1 hp 65 frg 2
ARGEVT Omi goal item_cells
ARGEVT Omi abandon
ARGEVT Omi routefail
ARGLOG Reap t  70.2 pos '528.4 -77.4 -104.0' spd 318.9 yaw 174 mode 1 st 7 gl 1 hp 100 frg 0
ARGEVT Omi stall
ARGLOG Omi t  70.2 pos '120.0 221.6 -296.0' spd 242.4 yaw 480.0 mode 0 st 9 gl 1 hp 100 frg 1
ARGEVT Omi jump
ARGEVT Omi goal item_rockets
ARGEVT Omi abandon
ARGEVT Omi routefail
ARGEVT Omi hazard
ARGEVT Omi goal item_cells
ARGEVT Omi abandon
ARGEVT Omi routefail
ARGEVT Zeus hazard
ARGLOG Zeus t  70.6 pos '335.5 -147.0 -296.0' spd 412.8 yaw 322.7 mode 2 st 4 gl 1 hp 65 frg 2
ARGLOG Reap t  70.7 pos '484.6 -111.7 -104.0' spd 332.1 yaw 191 mode 1 st 7 gl 1 hp 100 frg 0
ARGEVT Omi goal item_shells
ARGEVT Omi abandon
ARGLOG Omi t  70.7 pos '119.4 216.8 -296.0' spd 321.4 yaw 304.3 mode 0 st 9 gl 1 hp 100 frg 1
ARGEVT Omi routefail
ARGEVT Omi goal item_rockets
ARGEVT Omi abandon
ARGEVT Omi stall
ARGEVT Omi jump
ARGEVT Omi routefail
ARGLOG Zeus t  71.1 pos '345.0 -100.0 -296.0' spd 268.9 yaw 313 mode 2 st 4 gl 1 hp 65 frg 2
ARGLOG Reap t  71.2 pos '479.7 -231.5 -104.0' spd 217.7 yaw 137 mode 1 st 7 gl 1 hp 100 frg 0
ARGLOG Omi t  71.2 pos '119.9 239.3 -296.0' spd 288.4 yaw  78.5 mode 0 st 10 gl 1 hp 100 frg 1
ARGEVT Reap weapon sg
ARGEVT Omi hazard
ARGEVT Reap pursue
ARGLOG Zeus t  71.7 pos '401.3 -127.9 -296.0' spd 223.0 yaw 313.8 mode 2 st 4 gl 1 hp 65 frg 2
ARGEVT Zeus hazard
ARGLOG Reap t  71.7 pos '518.1 -100.3 -104.0' spd 367.6 yaw 182 mode 1 st 7 gl 1 hp 100 frg 0
ARGLOG Omi t  71.8 pos '118.9 236.1 -296.0' spd 104.9 yaw  87.9 mode 0 st 10 gl 1 hp 100 frg 1
ARGEVT Reap hazard
ARGLOG Zeus t  72.2 pos '337.7 -157.1 -296.0' spd 352.2 yaw 340.0 mode 2 st 4 gl 1 hp 41 frg 2
ARGLOG Reap t  72.2 pos '488.3 -117.4 -104.0' spd 327.5 yaw 202 mode 1 st 7 gl 1 hp 100 frg 0
ARGLOG Omi t  72.3 pos '118.9 236.1 -296.0' spd 106.1 yaw  87.9 mode 0 st 10 gl 1 hp 100 frg 1
ARGEVT Omi stall
ARGEVT Omi jump
ARGEVT Omi goal item_health
ARGEVT Omi abandon
ARGEVT Omi routefail
ARGEVT Zeus pursue
ARGEVT Omi hazard
ARGEVT Reap pursue
ARGLOG Zeus t  72.7 pos '363.2 -206.7 -296.0' spd 323.8 yaw  70.9 mode 0 st 4 gl 1 hp 41 frg 2
ARGEVT Zeus hazard
ARGEVT Omi goal item_spikes
ARGEVT Omi routefail
ARGLOG Reap t  72.7 pos '490.4 -246.8 -104.0' spd 335.8 yaw 149 mode 1 st 7 gl 1 hp 100 frg 0
ARGLOG Omi t  72.8 pos '120.0 224.7 -296.0' spd 113.1 yaw  82.3 mode 0 st 11 gl 1 hp 100 frg 1
ARGEVT Zeus route 4 start '401.0 -183.0 -296.0' goal ' 49.0 105.0 -296.0'
ARGEVT Omi goal item_health
ARGEVT Omi abandon
ARGEVT Reap hazard
ARGEVT Omi routefail
ARGEVT Omi goal item_rockets
ARGEVT Omi stall
ARGEVT Omi jump
ARGEVT Omi routefail
ARGLOG Zeus t  73.2 pos '403.3 -236.3 -296.0' spd 125.9 yaw 349.9 mode 2 st 4 gl 1 hp 17 frg 2
ARGLOG Reap t  73.3 pos '456.0 -242.4 -104.0' spd 310.9 yaw 185 mode 1 st 7 gl 1 hp 100 frg 0
ARGLOG Omi t  73.3 pos '116.4 221.6 -296.0' spd  66.7 yaw  68.2 mode 0 st 12 gl 1 hp 100 frg 1
ARGEVT Zeus weapon sg
ARGEVT Omi hazard
ARGLOG Zeus t  73.7 pos '408.5 -228.9 -296.0' spd 276.8 yaw   1.3 mode 2 st 4 gl 1 hp 9 frg 2
ARGLOG Reap t  73.8 pos '456.0 -242.4 -104.0' spd 390.1 yaw 153.3 mode 1 st 7 gl 1 hp 94 frg 0
ARGEVT Omi stall
ARGLOG Omi t  73.8 pos '119.2 227.3 -296.0' spd  57.4 yaw 298.1 mode 0 st 13 gl 1 hp 100 frg 1
ARGEVT Omi jump
ARGEVT Zeus death
ARGEVT Zeus death Reap pos '407.6 -248.2 -296.0'
ARGEVT Reap hazard
ARGLOG Reap t  74.3 pos '353.0 -256.4 -125.0' spd 327.3 yaw 167 mode 1 st 7 gl 1 hp 94 frg 1
ARGLOG Omi t  74.3 pos '117.3 218.2 -296.0' spd 393.1 yaw 250.5 mode 0 st 13 gl 1 hp 100 frg 1
ARGEVT Omi stall
ARGEVT Omi jump
ARGEVT Omi hazard
ARGLOG Reap t  74.8 pos '186.7 -279.0 -296.0' spd 328.6 yaw 134.4 mode 1 st 7 gl 1 hp 94 frg 1
ARGLOG Omi t  74.9 pos '118.1 209.8 -296.0' spd 272.2 yaw  15.6 mode 0 st 14 gl 1 hp 100 frg 1
ARGEVT Reap hazard
ARGLOG Reap t  75.3 pos '136.2 -240.6 -296.0' spd 223.7 yaw 329.2 mode 1 st 7 gl 1 hp 94 frg 1
ARGLOG Omi t  75.4 pos '118.1 209.8 -296.0' spd 149.9 yaw  59.0 mode 0 st 14 gl 1 hp 100 frg 1
ARGEVT Zeus respawn
ARGEVT Zeus goal item_armorInv
ARGLOG Zeus t  75.5 pos '272.0 -952.0  24.0' spd 0 yaw 10 mode 0 st 4 gl 1 hp 100 frg 2
ARGEVT Zeus route 12 start '305.0 -983.0  24.0' goal '817.0 -855.0 -232.0'
ARGEVT Omi hazard
ARGLOG Reap t  75.8 pos '275.8 -248.8 -296.0' spd 356.3 yaw  33.6 mode 1 st 7 gl 1 hp 94 frg 1
ARGLOG Omi t  75.9 pos '120.0 222.5 -296.0' spd 126.6 yaw 120.0 mode 0 st 14 gl 1 hp 100 frg 1
ARGLOG Zeus t  76.0 pos '394.4 -855.4  24.0' spd 399.4 yaw 124 mode 2 st 4 gl 1 hp 100 frg 2
ARGEVT Omi goal item_armorInv
ARGEVT Omi abandon
ARGEVT Omi routefail
ARGEVT Omi goal 
ARGEVT Omi abandon
ARGEVT Omi routefail
ARGLOG Reap t  76.3 pos '398.6 -275.0 -296.0' spd 428.4 yaw 262.0 mode 1 st 7 gl 1 hp 94 frg 1
ARGEVT Reap hazard
ARGLOG Omi t  76.4 pos '113.6 221.4 -296.0' spd 153.4 yaw 142.9 mode 0 st 14 gl 1 hp 100 frg 1
ARGEVT Omi goal item_spikes
ARGEVT Omi abandon
ARGEVT Omi routefail
ARGLOG Zeus t  76.5 pos '339.0 -700.9  24.0' spd 324.1 yaw 108 mode 2 st 4 gl 1 hp 100 frg 2
ARGEVT Omi goal item_shells
ARGEVT Omi abandon
ARGEVT Omi routefail
ARGEVT Omi hazard
ARGLOG Reap t  76.9 pos '432.0 -285.1 -296.0' spd  11.6 yaw  12.6 mode 1 st 7 gl 1 hp 94 frg 1
ARGEVT Omi goal item_spikes
ARGEVT Omi abandon
ARGLOG Omi t  76.9 pos '120.0 208.0 -296.0' spd 172.2 yaw 155.9 mode 0 st 14 gl 1 hp 100 frg 1
ARGEVT Omi routefail
ARGLOG Zeus t  77.1 pos '349.6 -534.1  24.0' spd 334.8 yaw 41 mode 2 st 4 gl 1 hp 100 frg 2
ARGEVT Omi goal item_spikes
ARGEVT Omi abandon
ARGEVT Omi routefail
ARGEVT Reap engage Zeus
ARGEVT Zeus engage Reap
ARGEVT Omi goal item_health
ARGEVT Omi routefail
ARGLOG Reap t  77.4 pos '386.7 -223.3 -296.0' spd 244.1 yaw 154.8 mode 1 st 7 gl 1 hp 94 frg 1
ARGLOG Omi t  77.4 pos '118.9 229.7 -296.0' spd 193.3 yaw 353.1 mode 0 st 14 gl 1 hp 100 frg 1
ARGEVT Omi goal item_health
ARGEVT Omi routefail
ARGLOG Zeus t  77.6 pos '360.7 -437.4  24.0' spd 330.5 yaw 85 mode 2 st 4 gl 1 hp 100 frg 2
ARGEVT Omi goal item_health
ARGEVT Reap hazard
ARGEVT Omi routefail
ARGEVT Omi hazard
ARGLOG Reap t  77.9 pos '283.1 -241.5 -296.0' spd 286.1 yaw 255 mode 1 st 7 gl 1 hp 94 frg 1
ARGLOG Omi t  77.9 pos '118.9 229.7 -296.0' spd  70.8 yaw 106 mode 0 st 14 gl 1 hp 100 frg 1
ARGLOG Zeus t  78.1 pos '208.0 -415.6 -53.1' spd  38.5 yaw 58 mode 2 st 4 gl 1 hp 100 frg 2
ARGEVT Omi stall
ARGEVT Omi jump
ARGLOG Reap t  78.4 pos '284.9 -256.2 -296.0' spd 321.0 yaw 266 mode 1 st 7 gl 1 hp 94 frg 1
ARGLOG Omi t  78.5 pos '116.0 229.8 -296.0' spd  23.5 yaw 105.3 mode 0 st 15 gl 1 hp 100 frg 1
ARGLOG Zeus t  78.6 pos '322.5 -435.8 -104.0' spd 325.9 yaw 78 mode 2 st 4 gl 1 hp 84 frg 2
ARGEVT Reap pursue
ARGEVT Zeus pursue
ARGEVT Omi stall
ARGEVT Omi jump
ARGEVT Reap hazard
ARGLOG Reap t  78.9 pos '388.4 -267.6 -296.0' spd 322.3 yaw 205.4 mode 1 st 7 gl 1 hp 94 frg 1
ARGLOG Omi t  79.0 pos '118.4 240.0 -290.1' spd  29.9 yaw 355.8 mode 0 st 16 gl 1 hp 100 frg 1
ARGEVT Omi hazard
ARGLOG Zeus t  79.1 pos '424.4 -349.6 -101.9' spd 320.8 yaw 111.8 mode 2 st 4 gl 1 hp 84 frg 2
ARGEVT Zeus hazard
ARGLOG Reap t  79.4 pos '411.4 -225.3 -296.0' spd 304.9 yaw 285.4 mode 1 st 7 gl 1 hp 94 frg 1
ARGLOG Omi t  79.5 pos '120.0 227.8 -296.0' spd 209.5 yaw  86.2 mode 0 st 16 gl 1 hp 100 frg 1
ARGEVT Omi stall
ARGEVT Omi jump
ARGLOG Zeus t  79.6 pos '535.5 -251.0 -104.0' spd 357.1 yaw 175.6 mode 2 st 4 gl 1 hp 84 frg 2
ARGEVT Zeus pursue
ARGEVT Reap hazard
ARGLOG Reap t  79.9 pos '389.0 -275.6 -296.0' spd 349.7 yaw 290.3 mode 1 st 7 gl 1 hp 94 frg 1
ARGLOG Omi t  80.0 pos '115.6 216.9 -296.0' spd 201.4 yaw 319.6 mode 0 st 17 gl 1 hp 100 frg 1
ARGEVT Omi hazard
ARGLOG Zeus t  80.1 pos '454.9 -236.5 -104.0' spd  77.8 yaw 206.6 mode 2 st 4 gl 1 hp 84 frg 2
ARGEVT Omi stall
ARGEVT Omi jump
ARGLOG Reap t  80.5 pos '408.4 -237.0 -296.0' spd 320.5 yaw  14.6 mode 1 st 7 gl 1 hp 94 frg 1
ARGLOG Omi t  80.5 pos '117.5 220.4 -296.0' spd  30.0 yaw 139.4 mode 0 st 18 gl 1 hp 100 frg 1
ARGLOG Zeus t  80.7 pos '478.5 -248.6 -104.0' spd 327.2 yaw 175.3 mode 2 st 4 gl 1 hp 84 frg 2
ARGEVT Zeus hazard
ARGEVT Zeus pursue
ARGEVT Zeus jump
ARGEVT Reap hazard
ARGLOG Reap t  81.0 pos '483.7 -270.5 -296.0' spd 229.6 yaw 241.4 mode 1 st 7 gl 1 hp 94 frg 1
ARGEVT Omi stall
ARGLOG Omi t  81.0 pos '117.5 220.4 -296.0' spd 213.1 yaw 244.7 mode 0 st 19 gl 1 hp 100 frg 1
ARGEVT Omi jump
ARGLOG Zeus t  81.2 pos '452.3 -408.4 -66.3' spd 317.6 yaw 175.3 mode 2 st 4 gl 1 hp 84 frg 2
ARGEVT Omi hazard
ARGEVT Reap pursue
ARGLOG Reap t  81.5 pos '358.3 -275.8 -296.0' spd 320.5 yaw 171.7 mode 1 st 7 gl 1 hp 94 frg 1
ARGLOG Omi t  81.5 pos '120.0 234.2 -296.0' spd 215.5 yaw  82.2 mode 0 st 19 gl 1 hp 100 frg 1
ARGLOG Zeus t  81.7 pos '380.7 -411.9 -104.0' spd 264.5 yaw 107.6 mode 2 st 4 gl 1 hp 84 frg 2
ARGEVT Omi goal weapon_rocketlauncher
ARGEVT Omi abandon
ARGEVT Omi routefail
ARGLOG Reap t  82.0 pos '370.6 -245.9 -296.0' spd  86.3 yaw 253.0 mode 1 st 7 gl 1 hp 94 frg 1
ARGEVT Omi goal item_health
ARGLOG Omi t  82.1 pos '120.0 233.0 -296.0' spd 318.3 yaw  10.3 mode 0 st 19 gl 1 hp 100 frg 1
ARGEVT Omi routefail
ARGLOG Zeus t  82.2 pos '411.7 -404.1 -104.0' spd 341.6 yaw 103 mode 2 st 4 gl 1 hp 68 frg 2
ARGEVT Omi goal item_health
ARGEVT Omi hazard
ARGEVT Omi routefail
ARGEVT Zeus jump
ARGEVT Omi stall
ARGEVT Omi jump
ARGEVT Reap pursue
ARGLOG Reap t  82.5 pos '495.7 -240.1 -296.0' spd 320.6 yaw 266.7 mode 1 st 7 gl 1 hp 92 frg 1
ARGEVT Zeus pursue
ARGLOG Omi t  82.6 pos '120.0 228.2 -290.1' spd  10.4 yaw 292.9 mode 0 st 20 gl 1 hp 100 frg 1
ARGEVT Reap hazard
ARGLOG Zeus t  82.7 pos '560.9 -364.8 -66.1' spd 299.9 yaw 146 mode 2 st 4 gl 1 hp 68 frg 2
ARGLOG Reap t  83.0 pos '381.3 -274.5 -296.0' spd 320.8 yaw 188 mode 1 st 7 gl 1 hp 92 frg 1
ARGLOG Omi t  83.1 pos '118.2 227.3 -296.0' spd 359.0 yaw 316.4 mode 0 st 20 gl 1 hp 100 frg 1
ARGEVT Omi stall
ARGEVT Omi jump
ARGLOG Zeus t  83.2 pos '536.8 -232.9 -104.0' spd 356.3 yaw 185 mode 2 st 4 gl 1 hp 68 frg 2
ARGEVT Omi hazard
ARGEVT Zeus hazard
ARGLOG Reap t  83.6 pos '261.5 -235.2 -296.0' spd 348.9 yaw 117.5 mode 1 st 7 gl 1 hp 76 frg 1
ARGLOG Omi t  83.6 pos '111.0 222.7 -296.0' spd 107.8 yaw 108.9 mode 0 st 21 gl 1 hp 100 frg 1
ARGLOG Zeus t  83.8 pos '477.9 -308.3 -104.0' spd 333.0 yaw 163 mode 2 st 4 gl 1 hp 68 frg 2
ARGEVT Zeus jump
ARGEVT Reap hazard
ARGLOG Reap t  84.1 pos '258.6 -205.5 -296.0' spd 429.2 yaw   9.6 mode 1 st 7 gl 1 hp 60 frg 1
ARGLOG Omi t  84.1 pos '111.3 247.7 -312.0' spd  93.8 yaw 256.9 mode 0 st 21 gl 1 hp 100 frg 1
ARGLOG Zeus t  84.3 pos '444.5 -432.0 -74.4' spd  64.7 yaw 127 mode 2 st 4 gl 1 hp 68 frg 2
ARGEVT Omi hazard
ARGLOG Reap t  84.6 pos '194.8 -216.0 -296.0' spd 384.1 yaw 301.1 mode 1 st 7 gl 1 hp 52 frg 1
ARGLOG Omi t  84.6 pos '112.0 225.0 -312.0' spd 210.1 yaw 146.8 mode 0 st 21 gl 1 hp 100 frg 1
ARGEVT Reap goal weapon_supernailgun
ARGEVT Omi goal weapon_supershotgun
ARGLOG Zeus t  84.8 pos '350.7 -478.0 -108.0' spd 320.2 yaw 133 mode 2 st 4 gl 1 hp 68 frg 2
ARGEVT Reap routefail
ARGEVT Reap hazard
ARGEVT Reap goal weapon_rocketlauncher
ARGEVT Reap pursue
ARGEVT Zeus pursue
ARGEVT Reap route 17 start '113.0 -279.0 -296.0' goal '721.0 -887.0 -232.0'
ARGLOG Reap t  85.1 pos '178.8 -277.7 -296.0' spd 341.9 yaw   0.3 mode 2 st 7 gl 1 hp 52 frg 1
ARGLOG Omi t  85.1 pos '112.0 225.0 -312.0' spd  91.5 yaw 100 mode 0 st 21 gl 1 hp 100 frg 1
ARGEVT Omi routefail
ARGLOG Zeus t  85.3 pos '237.0 -413.7 -104.0' spd 353.2 yaw  92.6 mode 2 st 4 gl 1 hp 68 frg 2
ARGEVT Zeus hazard
ARGEVT Omi stall
ARGEVT Omi jump
ARGLOG Reap t  85.6 pos '226.8 -201.2 -296.0' spd 295.3 yaw 278 mode 2 st 7 gl 1 hp 52 frg 1
ARGEVT Reap death
ARGEVT Reap death Zeus pos '210.5 -203.4 -296.0'
ARGLOG Omi t  85.7 pos ' 85.8 177.3 -273.1' spd  86.1 yaw 259.8 mode 0 st 22 gl 1 hp 100 frg 1
ARGEVT Omi goal 
ARGEVT Omi routefail
ARGLOG Zeus t  85.8 pos '277.6 -393.2 -104.0' spd 322.3 yaw  27.1 mode 2 st 4 gl 1 hp 68 frg 3
ARGEVT Omi abandon
ARGLOG Omi t  86.2 pos ' 77.3 188.3 -360.0' spd  30.2 yaw  87.4 mode 0 st 22 gl 1 hp 90 frg 1
ARGLOG Zeus t  86.3 pos '444.0 -386.1 -104.0' spd 320.1 yaw 7 mode 2 st 4 gl 1 hp 68 frg 3
ARGEVT Omi hazard
ARGEVT Zeus jump
ARGLOG Omi t  86.7 pos ' 76.5 223.3 -360.0' spd  69.2 yaw  80.4 mode 0 st 22 gl 1 hp 70 frg 1
ARGLOG Zeus t  86.8 pos '607.9 -369.1 -74.2' spd 321.4 yaw 113.6 mode 2 st 4 gl 1 hp 68 frg 3
ARGEVT Reap respawn
ARGEVT Omi goal weapon_rocketlauncher
ARGEVT Omi abandon
ARGLOG Omi t  87.2 pos ' 69.7 230.9 -360.0' spd  99.0 yaw 162.2 mode 0 st 22 gl 1 hp 40 frg 1
ARGEVT Reap goal weapon_rocketlauncher
ARGLOG Reap t  87.2 pos '112.0 -1136.0 -104.0' spd 0 yaw  28.7 mode 0 st 7 gl 1 hp 100 frg 1
ARGEVT Omi routefail
ARGEVT Zeus jump
ARGLOG Zeus t  87.4 pos '553.4 -316.3 -92.1' spd 372.9 yaw 248 mode 2 st 4 gl 1 hp 68 frg 3
ARGEVT Reap route 16 start '177.0 -1111.0 -104.0' goal '721.0 -887.0 -232.0'
ARGEVT Omi goal weapon_grenadelauncher
ARGEVT Omi abandon
ARGEVT Omi routefail
ARGLOG Omi t  87.7 pos ' 52.4 245.2 -360.0' spd 151.8 yaw 213.7 mode 0 st 22 gl 1 hp 20 frg 1
ARGLOG Reap t  87.7 pos '261.4 -1087.1 -104.0' spd 362.6 yaw 315.4 mode 2 st 7 gl 1 hp 100 frg 1
ARGEVT Reap hazard
ARGLOG Zeus t  87.9 pos '478.7 -432.0 -90.9' spd 214.5 yaw 48 mode 2 st 4 gl 1 hp 68 frg 3
ARGEVT Omi death
ARGEVT Omi death world pos ' 35.8 261.8 -360.0'
ARGEVT Zeus jump
ARGLOG Reap t  88.2 pos '204.2 -1133.5 -104.0' spd 335.0 yaw 211 mode 2 st 7 gl 1 hp 100 frg 1
ARGLOG Zeus t  88.4 pos '577.6 -313.9 -66.3' spd 357.5 yaw 184.2 mode 2 st 4 gl 1 hp 68 frg 3
ARGEVT Reap jump
ARGEVT Zeus engage Reap
ARGEVT Reap engage Zeus
ARGLOG Reap t  88.7 pos ' 83.4 -1226.2 -65.1' spd 145.9 yaw 350.6 mode 2 st 7 gl 1 hp 100 frg 1
ARGEVT Zeus hazard
ARGLOG Zeus t  88.9 pos '467.2 -289.0 -104.0' spd 323.1 yaw 246 mode 2 st 4 gl 1 hp 68 frg 3
ARGLOG Reap t  89.3 pos '150.3 -1196.2 -88.0' spd 325.8 yaw 66 mode 2 st 7 gl 1 hp 100 frg 1
ARGLOG Zeus t  89.4 pos '418.9 -445.8 -104.0' spd 320.0 yaw 257 mode 2 st 4 gl 1 hp 68 frg 3
ARGEVT Omi respawn
ARGEVT Zeus goal weapon_grenadelauncher
ARGEVT Omi goal 
ARGLOG Omi t  89.5 pos '776.0 -808.0 -232.0' spd 0 yaw 106.6 mode 0 st 22 gl 1 hp 100 frg 0
ARGEVT Zeus route 2 start '401.0 -471.0 -104.0' goal '113.0 -407.0 -104.0'
ARGEVT Omi hazard
ARGLOG Reap t  89.8 pos '218.7 -1045.4 -103.9' spd 320.4 yaw 74 mode 2 st 7 gl 1 hp 100 frg 1
ARGEVT Omi route 8 start '721.0 -759.0 -232.0' goal '305.0 -855.0  24.0'
ARGLOG Zeus t  89.9 pos '335.0 -523.9 -104.0' spd 320.0 yaw 258 mode 2 st 4 gl 1 hp 68 frg 3
ARGLOG Omi t  90.0 pos '720.0 -831.7 -232.0' spd 328.2 yaw 270.8 mode 2 st 22 gl 1 hp 100 frg 0
ARGEVT Reap goal weapon_rocketlauncher
ARGEVT Reap route 10 start '177.0 -983.0 -104.0' goal ' 49.0 105.0 -296.0'
ARGEVT Zeus hazard
ARGEVT Reap pursue
ARGLOG Reap t  90.3 pos '127.8 -916.1 -104.0' spd 313.9 yaw 60 mode 2 st 7 gl 1 hp 100 frg 1
ARGEVT Omi engage Zeus
ARGEVT Omi route 6 start '369.0 105.0 -288.0' goal '305.0 -855.0  24.0'
ARGLOG Zeus t  90.4 pos '288.7 -528.0 -104.0' spd  96.7 yaw 186.4 mode 2 st 4 gl 1 hp 68 frg 3
ARGLOG Omi t  90.5 pos '368.0  -5.8 -282.2' spd 300 yaw 260 mode 2 st 22 gl 1 hp 100 frg 0
ARGEVT Zeus pursue
ARGLOG Reap t  90.8 pos '180.2 -753.1 -104.0' spd 337.5 yaw  19.7 mode 2 st 7 gl 1 hp 100 frg 1
ARGEVT Reap hazard
ARGLOG Zeus t  91.0 pos '253.1 -427.9 -104.0' spd 365.6 yaw  21.3 mode 1 st 4 gl 1 hp 68 frg 3
ARGLOG Omi t  91.1 pos '374.9 -121.7 -296.0' spd 181.2 yaw 256 mode 2 st 22 gl 1 hp 100 frg 0
ARGEVT Omi hazard
ARGLOG Reap t  91.3 pos '278.7 -796.3 -104.0' spd 264.2 yaw 358.1 mode 2 st 7 gl 1 hp 100 frg 1
ARGLOG Zeus t  91.5 pos '287.9 -491.9 -104.0' spd 332.0 yaw 260 mode 1 st 4 gl 1 hp 68 frg 3
ARGLOG Omi t  91.6 pos '359.3 -149.0 -296.0' spd 299.6 yaw 266 mode 2 st 22 gl 1 hp 100 frg 0
ARGEVT Zeus pursue
ARGEVT Omi pursue
ARGLOG Reap t  91.8 pos '204.5 -752.0 -104.0' spd 330.0 yaw 329.6 mode 2 st 7 gl 1 hp 100 frg 1
ARGLOG Zeus t  92.0 pos '358.1 -632.7 -104.0' spd 322.7 yaw 250 mode 1 st 4 gl 1 hp 1 frg 3
ARGEVT Zeus weapon sg
ARGLOG Omi t  92.1 pos '378.4 -271.2 -296.0' spd 333.1 yaw 296.2 mode 2 st 22 gl 1 hp 100 frg 0
ARGLOG Reap t  92.3 pos '211.0 -803.0 -104.0' spd 309.8 yaw  13.6 mode 2 st 7 gl 1 hp 76 frg 1
ARGEVT Zeus weapon rl
ARGLOG Zeus t  92.5 pos '356.4 -761.5 -104.0' spd 334.0 yaw 189.2 mode 1 st 4 gl 1 hp 1 frg 3
ARGEVT Zeus death
ARGEVT Zeus death Reap pos '363.4 -795.7 -104.0'
ARGLOG Omi t  92.6 pos '455.1 -251.9 -296.0' spd 329.6 yaw 15 mode 2 st 22 gl 1 hp 100 frg 0
ARGLOG Reap t  92.9 pos '212.3 -863.9 -104.0' spd 326.6 yaw 323 mode 2 st 7 gl 1 hp 76 frg 2
ARGLOG Omi t  93.1 pos '615.0 -189.6 -296.0' spd 390.4 yaw  87.9 mode 2 st 22 gl 1 hp 100 frg 0
ARGLOG Reap t  93.4 pos '355.9 -950.5 -104.0' spd 382.9 yaw  49.6 mode 2 st 7 gl 1 hp 76 frg 2
ARGLOG Omi t  93.6 pos '651.6 -24.0 -296.0' spd 320.4 yaw 99 mode 2 st 22 gl 1 hp 100 frg 0
ARGLOG Reap t  93.9 pos '438.4 -795.0 -104.0' spd 354.5 yaw 136 mode 2 st 7 gl 1 hp 100 frg 2
ARGEVT Reap hazard
ARGEVT Zeus respawn
ARGEVT Zeus goal weapon_rocketlauncher
ARGLOG Zeus t  94.2 pos '784.0 -176.0  24.0' spd 0 yaw 163.4 mode 0 st 4 gl 1 hp 100 frg 3
ARGLOG Omi t  94.2 pos '424.8 -864.0  36.5' spd 300 yaw 179 mode 1 st 22 gl 1 hp 100 frg 0
ARGEVT Zeus route 6 start '753.0 -151.0  24.0' goal ' 49.0 105.0 -296.0'
ARGLOG Reap t  94.4 pos '331.7 -680.7 -104.0' spd 343.6 yaw 87 mode 2 st 7 gl 1 hp 100 frg 2
ARGEVT Reap engage Zeus
ARGEVT Zeus engage Reap
ARGLOG Zeus t  94.7 pos '626.9 -162.2  24.0' spd 379.4 yaw 214.4 mode 2 st 4 gl 1 hp 100 frg 3
ARGEVT Omi goal item_rockets
ARGLOG Omi t  94.7 pos '259.9 -873.3  24.0' spd 343.5 yaw 201.9 mode 0 st 22 gl 2 hp 100 frg 0
ARGEVT Omi route 2 start '305.0 -855.0  24.0' goal ' 81.0 -823.0 -104.0'
ARGLOG Reap t  94.9 pos '356.3 -537.3 -104.0' spd 349.7 yaw 50 mode 2 st 7 gl 1 hp 100 frg 2
ARGLOG Zeus t  95.2 pos '529.3 -204.5  21.9' spd 324.8 yaw 231 mode 2 st 4 gl 1 hp 100 frg 3
ARGLOG Omi t  95.2 pos '243.7 -1005.8  24.0' spd 390.1 yaw   6.7 mode 2 st 22 gl 2 hp 100 frg 0
ARGEVT Reap hazard
ARGLOG Reap t  95.4 pos '270.7 -409.3 -104.0' spd 111.7 yaw 48 mode 2 st 7 gl 1 hp 96 frg 2
ARGLOG Zeus t  95.7 pos '440.1 -230.2 -104.0' spd 172.3 yaw 241 mode 2 st 4 gl 1 hp 100 frg 3
ARGLOG Omi t  95.7 pos '372.5 -907.0  24.0' spd 399.0 yaw 142 mode 2 st 22 gl 2 hp 100 frg 0
ARGLOG Reap t  96.0 pos '394.3 -499.3 -104.0' spd 332.8 yaw 58 mode 2 st 7 gl 1 hp 72 frg 2
ARGLOG Zeus t  96.2 pos '493.4 -321.8 -104.0' spd 257.4 yaw 238 mode 2 st 4 gl 1 hp 100 frg 3
ARGLOG Omi t  96.2 pos '221.2 -821.1  24.0' spd 350.5 yaw 218 mode 2 st 22 gl 2 hp 100 frg 0
ARGLOG Reap t  96.5 pos '311.2 -441.2 -104.0' spd 364.1 yaw  22.5 mode 2 st 7 gl 1 hp 48 frg 2
ARGLOG Zeus t  96.7 pos '498.8 -407.1 -104.0' spd  84.6 yaw 193 mode 2 st 4 gl 1 hp 100 frg 3
ARGLOG Omi t  96.7 pos '208.0 -835.0  24.0' spd  30.2 yaw 174 mode 2 st 22 gl 2 hp 100 frg 0
ARGLOG Reap t  97.0 pos '314.2 -532.6 -104.0' spd 249.8 yaw 53 mode 2 st 7 gl 1 hp 24 frg 2
ARGLOG Zeus t  97.2 pos '513.0 -395.3 -104.0' spd 322.3 yaw 219 mode 2 st 4 gl 1 hp 100 frg 3
ARGLOG Omi t  97.2 pos '208.0 -828.1  24.0' spd   8.5 yaw 177 mode 2 st 22 gl 2 hp 100 frg 0
ARGLOG Reap t  97.5 pos '320.6 -446.9 -104.0' spd 320.5 yaw 21 mode 2 st 7 gl 1 hp 24 frg 2
ARGEVT Reap hazard
ARGLOG Zeus t  97.8 pos '468.5 -310.7 -104.0' spd 322.3 yaw 219 mode 2 st 4 gl 1 hp 100 frg 3
ARGLOG Omi t  97.8 pos '208.0 -825.0  24.0' spd   2.9 yaw 179 mode 2 st 22 gl 2 hp 100 frg 0
ARGEVT Reap death
ARGEVT Reap death Zeus pos '324.4 -441.7 -104.0'
ARGEVT Zeus hazard
ARGEVT Omi stall
ARGEVT Omi stallnode ' 81.0 -823.0 -104.0'
ARGEVT Omi jump
ARGEVT Omi route 2 start '209.0 -887.0  24.0' goal ' 81.0 -823.0 -104.0'
ARGLOG Zeus t  98.3 pos '365.9 -259.2 -125.2' spd 325.2 yaw  81.2 mode 2 st 4 gl 1 hp 100 frg 4
ARGLOG Omi t  98.3 pos '216.7 -824.3  62.9' spd  37.3 yaw   7.6 mode 2 st 23 gl 2 hp 100 frg 0
ARGLOG Zeus t  98.8 pos '336.9 -133.9 -296.0' spd 271.7 yaw 303.0 mode 2 st 4 gl 1 hp 100 frg 4
ARGLOG Omi t  98.8 pos '220.9 -866.6  24.0' spd 334.1 yaw 215.4 mode 2 st 23 gl 2 hp 100 frg 0
ARGEVT Zeus hazard
ARGLOG Zeus t  99.3 pos '359.7 -249.4 -296.0' spd 353.6 yaw 195 mode 2 st 4 gl 1 hp 100 frg 4
ARGLOG Omi t  99.3 pos '208.0 -865.6  24.0' spd 269.1 yaw 161 mode 2 st 23 gl 2 hp 100 frg 0
ARGEVT Reap respawn
ARGEVT Reap goal weapon_rocketlauncher
ARGLOG Reap t  99.4 pos '-64.0 512.0 -296.0' spd 0 yaw 286.3 mode 0 st 7 gl 1 hp 100 frg 2
ARGEVT Reap route 4 start '-15.0 553.0 -296.0' goal ' 49.0 105.0 -296.0'
ARGEVT Reap hazard
ARGLOG Zeus t  99.8 pos '218.4 -239.6 -296.0' spd 339.9 yaw 183 mode 2 st 4 gl 1 hp 100 frg 4
ARGLOG Omi t  99.8 pos '208.0 -806.9  24.0' spd  28.4 yaw 188 mode 2 st 23 gl 2 hp 100 frg 0
ARGLOG Reap t  99.9 pos '-62.8 438.0 -296.0' spd 435.0 yaw 249 mode 2 st 7 gl 1 hp 100 frg 2
ARGEVT Zeus hazard
ARGLOG Zeus t 100.3 pos '112.0 -278.9 -296.0' spd 175.4 yaw 161 mode 2 st 4 gl 1 hp 100 frg 4
ARGLOG Omi t 100.3 pos '208.0 -816.6  24.0' spd  11.4 yaw 183 mode 2 st 23 gl 2 hp 100 frg 0
ARGLOG Reap t 100.4 pos '-62.8 438.0 -296.0' spd 444.6 yaw 249 mode 2 st 7 gl 1 hp 100 frg 2
ARGEVT Reap hazard
ARGEVT Reap engage Zeus
ARGEVT Zeus engage Reap
ARGEVT Zeus weapon sg
ARGLOG Zeus t 100.8 pos ' -4.7 -210.8 -296.0' spd 363.0 yaw 101.9 mode 2 st 4 gl 1 hp 100 frg 4
ARGEVT Omi stall
ARGEVT Omi stallnode ' 81.0 -823.0 -104.0'
ARGLOG Omi t 100.8 pos '208.0 -820.3  24.0' spd   5.7 yaw 394.3 mode 0 st 24 gl 2 hp 100 frg 0
ARGEVT Omi jump
ARGLOG Reap t 100.9 pos '-26.1 426.6 -296.0' spd 396.5 yaw 263.1 mode 2 st 7 gl 1 hp 100 frg 2
ARGEVT Omi route 1 start '209.0 -759.0  24.0' goal ' 81.0 -823.0 -104.0'
ARGEVT Zeus weapon lg
ARGLOG Zeus t 101.4 pos '-33.8 -61.0 -296.0' spd 289.4 yaw 92 mode 2 st 4 gl 1 hp 76 frg 4
ARGLOG Omi t 101.4 pos '218.3 -806.1  45.6' spd  40.9 yaw 101 mode 2 st 24 gl 2 hp 100 frg 0
ARGLOG Reap t 101.5 pos ' 25.4 409.1 -296.0' spd 321.4 yaw 266 mode 2 st 7 gl 1 hp 100 frg 2
ARGLOG Zeus t 101.9 pos '-30.2 -27.2 -296.0' spd 140.5 yaw 72 mode 2 st 4 gl 1 hp 76 frg 4
ARGLOG Omi t 101.9 pos '208.0 -794.3  24.0' spd 107.1 yaw 193 mode 2 st 24 gl 2 hp 100 frg 0
ARGLOG Reap t 102.0 pos ' 52.0 414.1 -296.0' spd 323.6 yaw 255 mode 2 st 7 gl 1 hp 100 frg 2
ARGLOG Zeus t 102.4 pos '-80.0  35.6 -296.0' spd  78.7 yaw 80 mode 1 st 4 gl 1 hp 72 frg 4
ARGLOG Omi t 102.4 pos '208.0 -829.1  24.0' spd  11.4 yaw 177 mode 2 st 24 gl 2 hp 100 frg 0
ARGLOG Reap t 102.5 pos '-115.3 461.2 -296.0' spd 326.8 yaw 272 mode 2 st 7 gl 1 hp 70 frg 2
ARGLOG Zeus t 102.9 pos '-199.0  83.3 -296.0' spd 325.4 yaw 65 mode 1 st 4 gl 1 hp 72 frg 4
ARGLOG Omi t 102.9 pos '208.0 -825.5  24.0' spd   5.8 yaw 178 mode 2 st 24 gl 2 hp 100 frg 0
ARGEVT Omi stall
ARGEVT Omi stallnode ' 81.0 -823.0 -104.0'
ARGEVT Omi jump
ARGLOG Reap t 103.0 pos '-24.4 429.1 -296.0' spd  95.2 yaw 236 mode 2 st 7 gl 1 hp 70 frg 2
ARGEVT Omi route 2 start '209.0 -887.0  24.0' goal ' 81.0 -823.0 -104.0'
ARGEVT Reap death
ARGEVT Reap death Zeus pos '-104.3 511.4 -296.0'
ARGLOG Zeus t 103.4 pos '-135.4  99.8 -296.0' spd 346.0 yaw  29.4 mode 1 st 4 gl 1 hp 72 frg 5
ARGLOG Omi t 103.4 pos '213.4 -813.8  59.0' spd  44.9 yaw 345.6 mode 2 st 25 gl 2 hp 100 frg 0
ARGLOG Zeus t 103.9 pos ' 31.0 103.6 -296.0' spd 330.6 yaw 322 mode 1 st 4 gl 1 hp 72 frg 5
ARGLOG Omi t 103.9 pos '214.2 -885.4  24.0' spd 359.2 yaw 201.0 mode 2 st 25 gl 2 hp 100 frg 0
ARGEVT Zeus goal item_artifact_super_damage
ARGEVT Zeus routefail
ARGEVT Zeus goal item_health
ARGEVT Zeus hazard
ARGEVT Zeus route 5 start ' 49.0 105.0 -296.0' goal '-15.0 553.0 -296.0'
ARGLOG Zeus t 104.4 pos '110.0  48.0 -296.0' spd 322.8 yaw  63.4 mode 2 st 4 gl 2 hp 72 frg 5
ARGLOG Omi t 104.4 pos '208.0 -859.2  24.0' spd 286.9 yaw 164 mode 2 st 25 gl 2 hp 100 frg 0
ARGEVT Reap respawn
ARGEVT Reap goal weapon_supernailgun
ARGLOG Reap t 104.9 pos '-64.0 -232.0 -72.0' spd 0 yaw  16.3 mode 0 st 7 gl 1 hp 100 frg 2
ARGLOG Zeus t 105.0 pos '104.8 129.8 -296.0' spd 104.1 yaw 201 mode 2 st 4 gl 2 hp 72 frg 5
ARGLOG Omi t 105.0 pos '208.0 -807.1  24.0' spd  32.7 yaw 188 mode 2 st 25 gl 2 hp 100 frg 0
ARGEVT Reap routefail
ARGEVT Reap goal weapon_grenadelauncher
ARGEVT Reap route 4 start '-47.0 -215.0 -72.0' goal '113.0 -407.0 -104.0'
ARGLOG Reap t 105.4 pos ' 86.9 -208.0 -72.0' spd 328.9 yaw 23 mode 2 st 7 gl 1 hp 100 frg 2
ARGLOG Zeus t 105.5 pos '-47.8  74.0 -296.0' spd 349.3 yaw 145.7 mode 2 st 4 gl 2 hp 72 frg 5
ARGLOG Omi t 105.5 pos '208.0 -817.3  24.0' spd   8.7 yaw 183 mode 2 st 25 gl 2 hp 100 frg 0
ARGEVT Zeus hazard
ARGEVT Omi stall
ARGEVT Omi stallnode ' 81.0 -823.0 -104.0'
ARGEVT Omi jump
ARGLOG Reap t 105.9 pos '229.0 -294.4 -78.2' spd 407.2 yaw 218.8 mode 2 st 7 gl 1 hp 100 frg 2
ARGLOG Zeus t 106.0 pos '-129.7 115.1 -296.0' spd 322.3 yaw 46 mode 2 st 4 gl 2 hp 72 frg 5
ARGLOG Omi t 106.0 pos '208.9 -819.1  45.5' spd  30.1 yaw  78.4 mode 0 st 26 gl 2 hp 100 frg 0
ARGEVT Omi route 1 start '209.0 -759.0  24.0' goal ' 81.0 -823.0 -104.0'
ARGEVT Reap abandon
ARGEVT Reap goal weapon_nailgun
ARGEVT Reap route 4 start '209.0 -375.0 -104.0' goal '337.0   9.0 -296.0'
ARGLOG Reap t 106.5 pos '246.0 -368.0 -237.5' spd  31.3 yaw 207.2 mode 2 st 7 gl 1 hp 100 frg 2
ARGLOG Zeus t 106.5 pos '-78.8 246.2 -296.0' spd 322.0 yaw 70 mode 2 st 4 gl 2 hp 72 frg 5
ARGLOG Omi t 106.5 pos '217.4 -802.8  25.1' spd  41.5 yaw 131.3 mode 2 st 26 gl 2 hp 100 frg 0
ARGEVT Reap swim
ARGLOG Reap t 107.0 pos '200.9 -368.0 -379.6' spd 172.6 yaw 249.6 mode 2 st 7 gl 1 hp 60 frg 2
ARGLOG Zeus t 107.0 pos '-46.4 392.6 -296.0' spd 320.2 yaw 78 mode 2 st 4 gl 2 hp 72 frg 5
ARGLOG Omi t 107.0 pos '208.0 -804.0  24.0' spd 129.9 yaw 189 mode 2 st 26 gl 2 hp 100 frg 0
ARGEVT Reap swim
ARGEVT Reap swim
ARGLOG Reap t 107.5 pos '181.4 -368.0 -381.6' spd  83.5 yaw 346 mode 2 st 7 gl 1 hp 30 frg 2
ARGEVT Zeus goal item_rockets
ARGLOG Zeus t 107.5 pos '-21.9 556.4 -296.0' spd 320.6 yaw 106.6 mode 1 st 4 gl 3 hp 172 frg 5
ARGLOG Omi t 107.5 pos '208.0 -829.2  24.0' spd  11.4 yaw 177 mode 2 st 26 gl 2 hp 100 frg 0
ARGEVT Reap swim
ARGEVT Zeus goal 
ARGEVT Reap swim
ARGEVT Zeus hazard
ARGEVT Reap death
ARGEVT Reap death world pos '230.4 -368.0 -379.1'
ARGLOG Zeus t 108.1 pos '-116.5 580.5 -296.0' spd 320.6 yaw 271.4 mode 1 st 4 gl 4 hp 172 frg 5
ARGEVT Omi stall
ARGEVT Omi stallnode ' 81.0 -823.0 -104.0'
ARGLOG Omi t 108.1 pos '208.0 -825.6  24.0' spd   5.8 yaw 394.0 mode 0 st 27 gl 2 hp 100 frg 0
ARGEVT Omi jump
ARGEVT Omi route 1 start '209.0 -759.0  24.0' goal ' 81.0 -823.0 -104.0'
ARGEVT Zeus goal 
ARGEVT Zeus route 2 start '-111.0 457.0 -296.0' goal ' 81.0 329.0 -360.0'
ARGLOG Zeus t 108.6 pos '-130.6 409.5 -296.0' spd 367.2 yaw 328.3 mode 2 st 4 gl 5 hp 172 frg 5
ARGLOG Omi t 108.6 pos '215.4 -810.8  45.8' spd  37.0 yaw 97 mode 2 st 27 gl 2 hp 100 frg 0
ARGEVT Omi hazard
ARGLOG Zeus t 109.1 pos '-47.7 337.7 -296.0' spd 261.4 yaw 69 mode 2 st 4 gl 5 hp 172 frg 5
ARGLOG Omi t 109.1 pos '208.0 -758.7  24.0' spd  69.9 yaw 207 mode 2 st 27 gl 2 hp 100 frg 0
ARGEVT Zeus hazard
ARGEVT Reap respawn
ARGEVT Omi engage Reap
ARGEVT Omi weapon sg
ARGEVT Reap goal weapon_supershotgun
ARGEVT Reap engage Omi
ARGLOG Reap t 109.5 pos '272.0 -952.0  24.0' spd 0 yaw  10.9 mode 0 st 7 gl 1 hp 100 frg 1
ARGEVT Reap route 2 start '305.0 -983.0  24.0' goal '273.0 -1015.0 -104.0'
ARGLOG Zeus t 109.6 pos '  0.6 444.4 -296.0' spd 410.4 yaw 312.4 mode 2 st 4 gl 5 hp 172 frg 5
ARGLOG Omi t 109.6 pos '216.2 -834.8  24.0' spd 158.6 yaw 202.0 mode 2 st 27 gl 2 hp 100 frg 0
ARGEVT Omi weapon rl
ARGLOG Reap t 110.1 pos '353.9 -844.3  24.0' spd 399.1 yaw 119.3 mode 2 st 7 gl 1 hp 100 frg 1
ARGLOG Zeus t 110.1 pos ' 31.3 408.5 -296.0' spd 355.1 yaw 302 mode 2 st 4 gl 5 hp 172 frg 5
ARGLOG Omi t 110.1 pos '225.4 -982.3  24.0' spd 356.1 yaw 325.8 mode 2 st 27 gl 2 hp 100 frg 0
ARGEVT Zeus hazard
ARGLOG Reap t 110.6 pos '208.0 -766.1  24.0' spd  72.3 yaw 227.4 mode 2 st 7 gl 1 hp 100 frg 1
ARGLOG Zeus t 110.6 pos ' 31.3 408.5 -296.0' spd 355.1 yaw 302 mode 2 st 4 gl 5 hp 172 frg 5
ARGLOG Omi t 110.6 pos '374.4 -1033.5  24.0' spd 190.8 yaw  89.2 mode 0 st 27 gl 2 hp 100 frg 0
ARGEVT Omi route 2 start '401.0 -1015.0  24.0' goal ' 81.0 -823.0 -104.0'
ARGLOG Reap t 111.1 pos '208.9 -922.4  24.0' spd 321.3 yaw 335.4 mode 2 st 7 gl 1 hp 100 frg 1
ARGLOG Zeus t 111.1 pos ' 31.3 408.5 -296.0' spd 355.1 yaw 302 mode 2 st 4 gl 5 hp 172 frg 5
ARGLOG Omi t 111.1 pos '458.9 -926.8  24.0' spd  90.8 yaw 182 mode 2 st 27 gl 2 hp 100 frg 0
ARGEVT Zeus hazard
ARGEVT Zeus stall
ARGEVT Zeus stallnode ' 81.0 329.0 -360.0'
ARGEVT Zeus jump
ARGEVT Reap hazard
ARGEVT Zeus route 1 start ' 81.0 393.0 -296.0' goal ' 81.0 329.0 -360.0'
ARGEVT Omi weapon sg
ARGLOG Reap t 111.6 pos '273.7 -990.6  24.0' spd 332.3 yaw 3 mode 1 st 7 gl 1 hp 35 frg 1
ARGLOG Zeus t 111.7 pos '112.0 405.9 -261.0' spd  17.8 yaw 341.6 mode 2 st 5 gl 5 hp 172 frg 5
ARGLOG Omi t 111.7 pos '444.1 -992.6  24.0' spd 342.8 yaw 174 mode 2 st 27 gl 2 hp 96 frg 0
ARGEVT Omi weapon rl
ARGLOG Reap t 112.1 pos '294.2 -825.8  24.0' spd 325.7 yaw  39.3 mode 1 st 7 gl 1 hp 11 frg 1
ARGLOG Zeus t 112.2 pos '109.1 381.5 -296.0' spd 156.8 yaw 242 mode 2 st 5 gl 5 hp 172 frg 5
ARGLOG Omi t 112.2 pos '624.0  34.5 -290.0' spd 300 yaw 246 mode 0 st 27 gl 2 hp 96 frg 0
ARGEVT Omi route 5 start '625.0   9.0 -296.0' goal ' 81.0 -823.0 -104.0'
ARGEVT Zeus hazard
ARGEVT Reap pursue
ARGEVT Omi pursue
ARGEVT Reap hazard
ARGLOG Reap t 112.6 pos '365.7 -687.7  24.0' spd 324.9 yaw 310.8 mode 1 st 7 gl 1 hp 11 frg 1
ARGEVT Zeus stall
ARGEVT Zeus stallnode ' 81.0 329.0 -360.0'
ARGLOG Zeus t 112.7 pos '109.1 381.5 -296.0' spd 355.0 yaw 432.6 mode 0 st 6 gl 5 hp 171 frg 5
ARGEVT Zeus jump
ARGLOG Omi t 112.7 pos '595.0 -123.7 -296.0' spd 321.2 yaw 248 mode 2 st 27 gl 2 hp 89 frg 0
ARGEVT Zeus route 1 start ' 81.0 393.0 -296.0' goal ' 81.0 329.0 -360.0'
ARGEVT Omi route 6 start '593.0 -215.0 -296.0' goal ' 81.0 -823.0 -104.0'
ARGEVT Omi hazard
ARGLOG Reap t 113.2 pos '389.8 -803.6  24.0' spd 329.0 yaw 309 mode 1 st 7 gl 1 hp 11 frg 1
ARGLOG Zeus t 113.2 pos ' -5.2 482.4 -274.2' spd 327.8 yaw 333.8 mode 2 st 6 gl 5 hp 171 frg 5
ARGLOG Omi t 113.2 pos '580.3 -259.6 -296.0' spd 323.8 yaw 195.7 mode 2 st 27 gl 2 hp 89 frg 0
ARGEVT Zeus hazard
ARGLOG Reap t 113.7 pos '425.6 -968.1  24.0' spd 366.3 yaw 201.7 mode 1 st 7 gl 1 hp 11 frg 1
ARGLOG Zeus t 113.7 pos ' 47.9 422.1 -296.0' spd 376.8 yaw 321.7 mode 2 st 6 gl 5 hp 170 frg 5
ARGLOG Omi t 113.7 pos '469.7 -215.5 -296.0' spd 327.7 yaw 163.4 mode 2 st 27 gl 2 hp 89 frg 0
ARGEVT Omi hazard
ARGLOG Reap t 114.2 pos '276.4 -929.7  24.0' spd 434.9 yaw  37.5 mode 1 st 7 gl 1 hp 11 frg 1
ARGLOG Zeus t 114.2 pos '102.8 378.3 -296.0' spd 206.4 yaw 247 mode 2 st 6 gl 5 hp 170 frg 5
ARGLOG Omi t 114.2 pos '447.3 -264.1 -296.0' spd 284.9 yaw 327.6 mode 2 st 27 gl 2 hp 89 frg 0
ARGEVT Zeus hazard
ARGLOG Reap t 114.7 pos '436.6 -888.3  24.0' spd 431.9 yaw 247.4 mode 1 st 7 gl 1 hp 11 frg 1
ARGLOG Zeus t 114.7 pos '102.8 378.3 -296.0' spd 401.2 yaw 247 mode 2 st 6 gl 5 hp 169 frg 5
ARGLOG Omi t 114.7 pos '547.7 -208.0 -296.0' spd 220.4 yaw 69 mode 2 st 27 gl 2 hp 89 frg 0
ARGEVT Zeus stall
ARGEVT Zeus stallnode ' 81.0 329.0 -360.0'
ARGEVT Zeus jump
ARGEVT Omi abandon
ARGEVT Omi goal weapon_grenadelauncher
ARGEVT Omi route 7 start '593.0 -215.0 -296.0' goal '113.0 -407.0 -104.0'
ARGEVT Zeus route 1 start ' 81.0 393.0 -296.0' goal ' 81.0 329.0 -360.0'
ARGLOG Reap t 115.2 pos '355.9 -1039.1  24.0' spd 323.7 yaw 165 mode 1 st 7 gl 1 hp 11 frg 1
ARGLOG Zeus t 115.3 pos '111.1 368.9 -261.0' spd  36.9 yaw 133 mode 1 st 7 gl 5 hp 169 frg 5
ARGLOG Omi t 115.3 pos '608.7 -119.5 -296.0' spd 320.6 yaw 86 mode 2 st 27 gl 2 hp 89 frg 0
ARGEVT Zeus stall
ARGEVT Zeus jump
ARGLOG Reap t 115.7 pos '271.2 -906.6  24.0' spd 424.5 yaw   4.8 mode 1 st 7 gl 1 hp 11 frg 1
ARGLOG Zeus t 115.8 pos ' 80.1 413.8 -261.6' spd 179.7 yaw 142.8 mode 0 st 8 gl 5 hp 168 frg 5
ARGLOG Omi t 115.8 pos '623.9  44.3 -296.0' spd 320.1 yaw 89 mode 2 st 27 gl 2 hp 89 frg 0
ARGEVT Reap engage Omi
ARGEVT Omi engage Reap
ARGEVT Omi weapon sg
ARGLOG Reap t 116.2 pos '304.8 -887.4  24.0' spd 266.7 yaw 10 mode 1 st 7 gl 1 hp 11 frg 1
ARGLOG Zeus t 116.3 pos ' 82.1 408.2 -296.0' spd 176.0 yaw 317.6 mode 0 st 8 gl 5 hp 168 frg 5
ARGLOG Omi t 116.3 pos '460.2 -871.2  24.0' spd 280.1 yaw 182.8 mode 2 st 27 gl 2 hp 89 frg 0
ARGEVT Zeus hazard
ARGEVT Omi weapon rl
ARGEVT Omi route 6 start '625.0   9.0 -296.0' goal '113.0 -407.0 -104.0'
ARGEVT Omi pursue
ARGEVT Reap pursue
ARGLOG Reap t 116.8 pos '305.8 -746.2  24.0' spd 208.6 yaw  28.0 mode 1 st 7 gl 1 hp 11 frg 1
ARGLOG Zeus t 116.8 pos '-13.6 422.3 -296.0' spd 320.0 yaw 168.9 mode 0 st 8 gl 5 hp 167 frg 5
ARGLOG Omi t 116.8 pos '612.6 -47.1 -296.0' spd 322.0 yaw 250 mode 2 st 27 gl 2 hp 89 frg 0
ARGEVT Reap hazard
ARGEVT Zeus goal item_armorInv
ARGEVT Zeus route 22 start '-111.0 457.0 -296.0' goal '817.0 -855.0 -232.0'
ARGLOG Reap t 117.3 pos '399.7 -841.5  24.0' spd 340.1 yaw 313.4 mode 1 st 7 gl 1 hp 11 frg 1
ARGLOG Zeus t 117.3 pos '-148.8 428.5 -296.0' spd 237.6 yaw 251.1 mode 2 st 8 gl 5 hp 167 frg 5
ARGLOG Omi t 117.3 pos '590.8 -217.0 -296.0' spd 336.7 yaw 246 mode 0 st 27 gl 2 hp 89 frg 0
ARGEVT Zeus hazard
ARGEVT Omi hazard
ARGEVT Omi route 7 start '593.0 -215.0 -296.0' goal '113.0 -407.0 -104.0'
ARGLOG Reap t 117.8 pos '391.4 -1002.6  24.0' spd 415.1 yaw 155.4 mode 1 st 7 gl 1 hp 11 frg 1
ARGLOG Zeus t 117.8 pos '-132.5 427.7 -296.0' spd 435.5 yaw 291 mode 2 st 8 gl 5 hp 166 frg 5
ARGLOG Omi t 117.8 pos '545.6 -256.8 -296.0' spd 342.0 yaw 117.1 mode 2 st 27 gl 2 hp 89 frg 0
ARGLOG Reap t 118.3 pos '307.6 -871.7  24.0' spd 438.5 yaw 0 mode 1 st 7 gl 1 hp 11 frg 1
ARGLOG Zeus t 118.3 pos '-132.5 427.7 -296.0' spd 450.2 yaw 291 mode 2 st 8 gl 5 hp 166 frg 5
ARGLOG Omi t 118.3 pos '404.9 -242.1 -296.0' spd 320.3 yaw 183 mode 2 st 27 gl 2 hp 89 frg 0
ARGEVT Zeus hazard
ARGEVT Zeus stall
ARGEVT Zeus stallnode '-47.0 201.0 -296.0'
ARGEVT Zeus jump
ARGEVT Omi hazard
ARGEVT Zeus route 22 start '-111.0 457.0 -296.0' goal '817.0 -855.0 -232.0'
ARGLOG Reap t 118.8 pos '624.0  64.8 -275.5' spd 300 yaw 255 mode 1 st 7 gl 1 hp 11 frg 1
ARGLOG Zeus t 118.9 pos ' 53.5 417.9 -261.2' spd 451.0 yaw  73.9 mode 2 st 9 gl 5 hp 165 frg 5
ARGLOG Omi t 118.9 pos '293.7 -199.4 -296.0' spd 339.5 yaw 117.4 mode 2 st 27 gl 2 hp 89 frg 0
ARGLOG Reap t 119.3 pos '606.3 -95.6 -296.0' spd 320.5 yaw 254 mode 1 st 7 gl 1 hp 11 frg 1
ARGLOG Zeus t 119.4 pos ' 39.1 432.0 -296.0' spd 322.3 yaw 170 mode 2 st 9 gl 5 hp 165 frg 5
ARGLOG Omi t 119.4 pos '320.9 -191.4 -296.0' spd 369.9 yaw 20 mode 2 st 27 gl 2 hp 89 frg 0
ARGEVT Omi hazard
ARGEVT Omi engage Reap
ARGEVT Reap engage Omi
ARGLOG Reap t 119.8 pos '586.0 -247.3 -296.0' spd 104.3 yaw 199.2 mode 1 st 7 gl 1 hp 11 frg 1
ARGLOG Zeus t 119.9 pos '-128.6 419.0 -296.0' spd 385.7 yaw 264.6 mode 2 st 9 gl 5 hp 164 frg 5
ARGEVT Zeus hazard
ARGLOG Omi t 119.9 pos '334.7 -233.4 -296.0' spd 321.6 yaw 353 mode 2 st 27 gl 2 hp 89 frg 0
ARGLOG Reap t 120.4 pos '546.3 -238.6 -296.0' spd 174.2 yaw 174 mode 1 st 7 gl 1 hp 11 frg 1
ARGLOG Zeus t 120.4 pos '-85.6 276.5 -296.0' spd 322.7 yaw 281 mode 2 st 9 gl 5 hp 164 frg 5
ARGEVT Omi weapon sg
ARGLOG Omi t 120.4 pos '366.9 -211.5 -296.0' spd  90.2 yaw 349 mode 2 st 27 gl 2 hp 87 frg 0
ARGEVT Reap death
ARGEVT Reap death Omi pos '532.7 -253.9 -296.0'
ARGEVT Omi weapon rl
ARGLOG Zeus t 120.9 pos '-47.5 166.5 -296.0' spd 402.7 yaw 265 mode 2 st 9 gl 5 hp 163 frg 5
ARGEVT Zeus hazard
ARGLOG Omi t 120.9 pos '490.2 -208.0 -296.0' spd 282.2 yaw 49 mode 2 st 27 gl 2 hp 87 frg 1
ARGLOG Zeus t 121.4 pos '-112.4  51.7 -296.0' spd 338.4 yaw 280 mode 2 st 9 gl 5 hp 163 frg 5
ARGLOG Omi t 121.4 pos '628.4 -136.7 -296.0' spd 338.6 yaw 90 mode 2 st 27 gl 2 hp 87 frg 1
ARGLOG Zeus t 121.9 pos '-112.4  51.7 -296.0' spd 331.1 yaw 280 mode 2 st 9 gl 5 hp 162 frg 5
ARGEVT Zeus hazard
ARGLOG Omi t 121.9 pos '643.9  27.9 -296.0' spd 321.1 yaw 99 mode 2 st 27 gl 2 hp 87 frg 1
ARGEVT Reap respawn
ARGEVT Reap goal weapon_rocketlauncher
ARGLOG Reap t 122.1 pos '112.0 -1136.0 -104.0' spd 0 yaw  28.4 mode 0 st 7 gl 1 hp 100 frg 1
ARGEVT Reap route 16 start ' 81.0 -1079.0 -104.0' goal '721.0 -887.0 -232.0'
ARGLOG Zeus t 122.5 pos '-112.4  51.7 -296.0' spd 332.2 yaw 280 mode 2 st 9 gl 5 hp 162 frg 5
ARGLOG Omi t 122.5 pos '364.0 -842.8  24.0' spd 378.9 yaw 103 mode 2 st 27 gl 2 hp 87 frg 1
ARGEVT Reap hazard
ARGLOG Reap t 122.6 pos '268.7 -1132.2 -104.0' spd 282.4 yaw 249.2 mode 2 st 7 gl 1 hp 100 frg 1
ARGEVT Zeus stall
ARGEVT Zeus stallnode '-79.0 -151.0 -296.0'
ARGEVT Zeus jump
ARGLOG Zeus t 123.0 pos '-165.6  74.1 -261.6' spd 299.5 yaw  27.3 mode 0 st 10 gl 5 hp 161 frg 5
ARGLOG Omi t 123.0 pos '304.0 -685.0  24.0' spd 320.8 yaw 89 mode 2 st 27 gl 2 hp 87 frg 1
ARGEVT Zeus route 20 start '-143.0 105.0 -296.0' goal '817.0 -855.0 -232.0'
ARGLOG Reap t 123.1 pos '143.1 -1146.1 -104.0' spd 374.9 yaw 249.0 mode 2 st 7 gl 1 hp 100 frg 1
ARGEVT Reap jump
ARGLOG Zeus t 123.5 pos '-94.8 182.7 -296.0' spd 283.9 yaw 294 mode 2 st 10 gl 5 hp 160 frg 5
ARGLOG Omi t 123.5 pos '306.9 -519.0  24.0' spd 320.0 yaw 90 mode 2 st 27 gl 2 hp 87 frg 1
ARGEVT Zeus hazard
ARGLOG Reap t 123.6 pos ' 86.2 -1232.0 -82.5' spd  48.0 yaw 5 mode 2 st 7 gl 1 hp 100 frg 1
ARGEVT Zeus route 20 start '-47.0 201.0 -296.0' goal '817.0 -855.0 -232.0'
ARGLOG Zeus t 124.0 pos '-121.1 132.7 -296.0' spd 388.7 yaw 279 mode 2 st 10 gl 5 hp 160 frg 5
ARGLOG Omi t 124.0 pos '272.2 -350.3   3.0' spd 363.4 yaw 200 mode 2 st 27 gl 2 hp 87 frg 1
ARGLOG Reap t 124.1 pos '201.1 -1223.3 -72.0' spd 320.0 yaw 6 mode 2 st 7 gl 1 hp 100 frg 1
ARGLOG Zeus t 124.5 pos '-151.0  53.6 -296.0' spd 344.9 yaw 290 mode 2 st 10 gl 5 hp 159 frg 5
ARGLOG Omi t 124.5 pos '207.8 -266.2 -198.8' spd  33.4 yaw 237 mode 2 st 27 gl 2 hp 87 frg 1
ARGEVT Zeus hazard
ARGLOG Reap t 124.6 pos '360.4 -1168.1 -24.0' spd 392.3 yaw 106 mode 2 st 7 gl 1 hp 100 frg 1
ARGEVT Omi hazard
ARGLOG Zeus t 125.0 pos '-151.0  53.6 -296.0' spd 347.2 yaw 290 mode 2 st 10 gl 5 hp 159 frg 5
ARGLOG Omi t 125.0 pos '191.3 -279.8 -296.0' spd 403.3 yaw 239 mode 2 st 27 gl 2 hp 86 frg 1
ARGLOG Reap t 125.1 pos '328.2 -1020.0  24.0' spd 321.8 yaw 98 mode 2 st 7 gl 1 hp 100 frg 1
ARGLOG Zeus t 125.6 pos '-151.0  53.6 -296.0' spd 346.1 yaw 290 mode 2 st 10 gl 5 hp 158 frg 5
ARGLOG Omi t 125.6 pos '191.3 -279.8 -296.0' spd 407.2 yaw 239 mode 2 st 27 gl 2 hp 86 frg 1
ARGEVT Zeus hazard
ARGEVT Zeus stall
ARGEVT Zeus stallnode '-79.0 -151.0 -296.0'
ARGEVT Zeus jump
ARGLOG Reap t 125.7 pos '307.6 -856.9  24.0' spd 320.3 yaw 91 mode 2 st 7 gl 1 hp 100 frg 1
ARGEVT Omi hazard
ARGEVT Zeus route 20 start '-239.0  73.0 -296.0' goal '817.0 -855.0 -232.0'
ARGLOG Zeus t 126.1 pos '-240.0  96.2 -261.0' spd 254.6 yaw   0.1 mode 2 st 11 gl 5 hp 158 frg 5
ARGEVT Omi stall
ARGEVT Omi stallnode '113.0 -407.0 -104.0'
ARGLOG Omi t 126.1 pos '191.3 -279.8 -296.0' spd 406.5 yaw 372.8 mode 0 st 28 gl 2 hp 86 frg 1
ARGEVT Omi jump
ARGLOG Reap t 126.2 pos '306.2 -692.3  24.0' spd 328.4 yaw 63 mode 2 st 7 gl 1 hp 100 frg 1
ARGEVT Omi route 10 start '113.0 -279.0 -296.0' goal '113.0 -407.0 -104.0'
ARGLOG Zeus t 126.6 pos '-162.0 190.9 -360.0' spd 342.3 yaw 315 mode 2 st 11 gl 5 hp 137 frg 5
ARGLOG Omi t 126.6 pos '164.5 -260.3 -273.8' spd  60.4 yaw 35 mode 2 st 28 gl 2 hp 86 frg 1
ARGLOG Reap t 126.7 pos '368.0 -538.1  24.0' spd 265.0 yaw 45 mode 2 st 7 gl 1 hp 100 frg 1
ARGEVT Omi engage Reap
ARGEVT Omi hazard
ARGEVT Reap engage Omi
ARGLOG Zeus t 127.1 pos '-144.0 144.0 -360.0' spd 0 yaw 324 mode 2 st 11 gl 5 hp 117 frg 5
ARGLOG Omi t 127.1 pos '186.5 -248.8 -296.0' spd 320.3 yaw 330.6 mode 2 st 28 gl 2 hp 86 frg 1
ARGLOG Reap t 127.2 pos '362.8 -477.0  24.0' spd 321.1 yaw 115.2 mode 2 st 7 gl 1 hp 100 frg 1
ARGLOG Zeus t 127.6 pos '-144.0 144.0 -360.0' spd 0 yaw 324 mode 2 st 11 gl 5 hp 87 frg 5
ARGLOG Omi t 127.6 pos '142.5 -269.7 -296.0' spd 118.5 yaw 315.6 mode 2 st 28 gl 2 hp 86 frg 1
ARGEVT Reap pursue
ARGLOG Reap t 127.7 pos '215.2 -505.4  24.0' spd 374.8 yaw 99 mode 2 st 7 gl 1 hp 100 frg 1
ARGEVT Zeus stall
ARGEVT Zeus stallnode '-47.0  73.0 -296.0'
ARGEVT Zeus jump
ARGEVT Zeus abandon
ARGEVT Reap route 9 start '209.0 -503.0  24.0' goal '721.0 -887.0 -232.0'
ARGEVT Zeus goal weapon_supernailgun
ARGEVT Zeus abandon
ARGLOG Zeus t 128.1 pos '-144.0 145.3 -321.1' spd  16.8 yaw 302.2 mode 0 st 12 gl 5 hp 77 frg 5
ARGEVT Omi pursue
ARGLOG Omi t 128.1 pos '255.7 -241.3 -296.0' spd 320.5 yaw   4.4 mode 2 st 28 gl 2 hp 86 frg 1
ARGEVT Zeus routefail
ARGEVT Zeus goal item_cells
ARGEVT Zeus abandon
ARGLOG Reap t 128.2 pos '164.4 -343.6 -24.0' spd 323.1 yaw  75.3 mode 2 st 7 gl 1 hp 100 frg 1
ARGEVT Zeus route 12 start '-143.0 105.0 -296.0' goal '305.0 -407.0 -104.0'
ARGEVT Zeus goal item_health
ARGEVT Zeus abandon
ARGEVT Zeus routefail
ARGEVT Zeus stall
ARGEVT Zeus jump
ARGEVT Reap hazard
ARGLOG Zeus t 128.6 pos '-150.6 146.6 -338.7' spd  50.1 yaw 249.8 mode 0 st 13 gl 5 hp 57 frg 5
ARGLOG Omi t 128.6 pos '375.7 -229.6 -296.0' spd 134.2 yaw 237.2 mode 2 st 28 gl 2 hp 86 frg 1
ARGLOG Reap t 128.7 pos '175.9 -283.0 -56.0' spd 320.8 yaw 12 mode 2 st 7 gl 1 hp 100 frg 1
ARGEVT Omi hazard
ARGLOG Zeus t 129.2 pos '-162.1 145.4 -357.8' spd  40.8 yaw  67.4 mode 0 st 13 gl 5 hp 47 frg 5
ARGLOG Omi t 129.2 pos '409.6 -252.7 -296.0' spd 331.8 yaw 175.8 mode 2 st 28 gl 2 hp 82 frg 1
ARGEVT Reap route 9 start '145.0 -279.0 -56.0' goal '721.0 -887.0 -232.0'
ARGLOG Reap t 129.3 pos '199.0 -225.1 -72.0' spd 106.3 yaw 349 mode 2 st 7 gl 1 hp 100 frg 1
ARGEVT Reap hazard
ARGLOG Zeus t 129.7 pos '-164.2 184.2 -360.0' spd  78.0 yaw  11.4 mode 0 st 13 gl 5 hp 17 frg 5
ARGLOG Omi t 129.7 pos '423.0 -246.6 -296.0' spd 394.4 yaw 179 mode 2 st 28 gl 2 hp 78 frg 1
ARGEVT Omi weapon sg
ARGLOG Reap t 129.8 pos '213.6 -228.3 -78.3' spd 226.0 yaw 358 mode 2 st 7 gl 1 hp 100 frg 1
ARGEVT Omi hazard
ARGEVT Zeus death
ARGEVT Zeus death world pos '-154.7 183.1 -360.0'
ARGLOG Omi t 130.2 pos '423.0 -246.6 -296.0' spd 433.3 yaw 172 mode 2 st 28 gl 2 hp 75 frg 1
ARGLOG Reap t 130.3 pos '248.2 -236.5 -236.9' spd  72.3 yaw 358 mode 2 st 7 gl 1 hp 100 frg 1
ARGEVT Reap hazard
ARGLOG Omi t 130.7 pos '491.8 -241.7 -296.0' spd  59.0 yaw 176 mode 2 st 28 gl 2 hp 71 frg 1
ARGLOG Reap t 130.8 pos '278.4 -239.8 -296.0' spd 305.8 yaw 358 mode 2 st 7 gl 1 hp 100 frg 1
ARGLOG Omi t 131.2 pos '490.4 -245.2 -296.0' spd  67.3 yaw 182 mode 2 st 28 gl 2 hp 67 frg 1
ARGLOG Reap t 131.3 pos '278.4 -239.8 -296.0' spd 362.0 yaw 355 mode 2 st 7 gl 1 hp 76 frg 1
ARGEVT Omi hazard
ARGEVT Zeus respawn
ARGEVT Zeus goal weapon_rocketlauncher
ARGLOG Zeus t 131.6 pos '776.0 -808.0 -232.0' spd 0 yaw 106.3 mode 1 st 13 gl 5 hp 100 frg 4
ARGEVT Reap hazard
ARGLOG Omi t 131.7 pos '460.4 -242.9 -296.0' spd 200.5 yaw 176 mode 2 st 28 gl 2 hp 67 frg 1
ARGEVT Zeus hazard
ARGLOG Reap t 131.8 pos '278.4 -239.8 -296.0' spd 362.3 yaw 2 mode 2 st 7 gl 1 hp 52 frg 1
ARGLOG Zeus t 132.1 pos '720.0 -774.9 -218.0' spd 327.0 yaw 270.8 mode 1 st 13 gl 5 hp 100 frg 4
ARGLOG Omi t 132.2 pos '456.0 -242.2 -296.0' spd 395.1 yaw 178 mode 2 st 28 gl 2 hp 63 frg 1
ARGEVT Reap goal weapon_lightning
ARGLOG Reap t 132.3 pos '278.4 -239.8 -296.0' spd 393.0 yaw 2 mode 0 st 7 gl 1 hp 52 frg 1
ARGEVT Zeus goal item_rockets
ARGEVT Reap route 11 start '241.0 -279.0 -296.0' goal '529.0 -311.0 -104.0'
ARGEVT Omi hazard
ARGEVT Zeus engage Reap
ARGLOG Zeus t 132.6 pos '368.0  40.4 -263.2' spd 300 yaw 253 mode 0 st 13 gl 6 hp 100 frg 4
ARGEVT Zeus route 9 start '337.0   9.0 -296.0' goal '401.0 -759.0 -104.0'
ARGEVT Reap hazard
ARGLOG Omi t 132.8 pos '456.0 -242.2 -296.0' spd 408.0 yaw 179 mode 2 st 28 gl 2 hp 58 frg 1
ARGLOG Reap t 132.9 pos '278.4 -239.8 -296.0' spd 376.3 yaw 6 mode 2 st 7 gl 1 hp 40 frg 1
ARGEVT Zeus hazard
ARGLOG Zeus t 133.1 pos '404.2 -60.7 -296.0' spd 320.8 yaw 230 mode 2 st 13 gl 6 hp 100 frg 4
ARGEVT Reap death
ARGEVT Reap death Zeus pos '278.4 -239.8 -296.0'
ARGEVT Zeus engage Omi
ARGEVT Omi engage Zeus
ARGLOG Omi t 133.3 pos '456.0 -242.2 -296.0' spd 425.2 yaw 164.5 mode 2 st 28 gl 2 hp 58 frg 1
ARGEVT Zeus weapon ng
ARGLOG Zeus t 133.6 pos '347.9 -99.8 -296.0' spd 160.4 yaw 303 mode 2 st 13 gl 6 hp 100 frg 5
ARGLOG Omi t 133.8 pos '371.3 -236.7 -296.0' spd 334.7 yaw 82 mode 2 st 28 gl 2 hp 58 frg 1
ARGLOG Zeus t 134.1 pos '361.7 -96.8 -296.0' spd  18.0 yaw 285 mode 2 st 13 gl 6 hp 96 frg 5
ARGLOG Omi t 134.3 pos '348.2 -229.0 -296.0' spd  96.2 yaw 90 mode 2 st 28 gl 2 hp 49 frg 1
ARGEVT Zeus hazard
ARGLOG Zeus t 134.7 pos '378.1 -82.5 -296.0' spd 237.4 yaw 265 mode 2 st 13 gl 6 hp 92 frg 5
ARGEVT Reap respawn
ARGLOG Omi t 134.8 pos '333.3 -232.3 -296.0' spd 123.1 yaw 77 mode 2 st 28 gl 2 hp 49 frg 1
ARGEVT Reap goal weapon_lightning
ARGLOG Reap t 134.8 pos '784.0 -176.0  24.0' spd 0 yaw 196.6 mode 0 st 7 gl 1 hp 100 frg 1
ARGEVT Reap route 2 start '753.0 -151.0  24.0' goal '529.0 -311.0 -104.0'
ARGEVT Omi abandon
ARGEVT Omi goal item_health
ARGEVT Omi route 4 start '369.0 -279.0 -296.0' goal '529.0  73.0 -296.0'
ARGEVT Omi hazard
ARGLOG Zeus t 135.2 pos '346.5 -109.8 -296.0' spd 108.2 yaw 285 mode 2 st 13 gl 6 hp 88 frg 5
ARGLOG Omi t 135.3 pos '346.7 -254.9 -296.0' spd 332.8 yaw 70 mode 2 st 28 gl 2 hp 22 frg 1
ARGLOG Reap t 135.3 pos '628.9 -169.8  24.0' spd 321.2 yaw 164 mode 2 st 7 gl 1 hp 100 frg 1
ARGEVT Reap engage Omi
ARGLOG Zeus t 135.7 pos '366.0 -104.9 -296.0' spd 238.1 yaw 273 mode 2 st 13 gl 6 hp 84 frg 5
ARGLOG Omi t 135.8 pos '346.7 -254.9 -296.0' spd 438.6 yaw  82.5 mode 2 st 28 gl 2 hp 13 frg 1
ARGLOG Reap t 135.8 pos '515.0 -237.8  -7.9' spd 310.4 yaw 183.1 mode 1 st 7 gl 1 hp 100 frg 1
ARGEVT Reap goal weapon_rocketlauncher
ARGEVT Omi hazard
ARGEVT Reap route 5 start '529.0 -311.0 -104.0' goal ' 49.0 105.0 -296.0'
ARGLOG Zeus t 136.2 pos '389.6 -104.4 -296.0' spd 108.9 yaw 259 mode 2 st 13 gl 6 hp 80 frg 5
ARGLOG Omi t 136.4 pos '346.7 -254.9 -296.0' spd 431.9 yaw 87 mode 2 st 28 gl 2 hp 4 frg 1
ARGLOG Reap t 136.4 pos '432.5 -378.8 -104.0' spd 333.9 yaw 127.1 mode 2 st 7 gl 2 hp 100 frg 1
ARGEVT Omi death
ARGEVT Omi death Zeus pos '346.7 -254.9 -296.0'
ARGEVT Zeus engage Reap
ARGEVT Zeus weapon rl
ARGEVT Reap engage Zeus
ARGLOG Zeus t 136.7 pos '350.7 -121.2 -296.0' spd  90.7 yaw 295 mode 2 st 13 gl 6 hp 80 frg 6
ARGEVT Zeus hazard
ARGLOG Reap t 136.9 pos '530.9 -364.0 -104.0' spd 323.6 yaw 123 mode 2 st 7 gl 2 hp 100 frg 1
ARGEVT Reap pursue
ARGEVT Zeus pursue
ARGLOG Zeus t 137.2 pos '402.0 -163.9 -296.0' spd 293.8 yaw 303.3 mode 2 st 13 gl 6 hp 75 frg 6
ARGLOG Reap t 137.4 pos '548.3 -233.8 -104.0' spd 336.2 yaw 150 mode 2 st 7 gl 2 hp 100 frg 1
ARGEVT Reap hazard
ARGLOG Zeus t 137.8 pos '432.0 -276.8 -296.0' spd  84.5 yaw  12.2 mode 2 st 13 gl 6 hp 75 frg 6
ARGEVT Omi respawn
ARGLOG Reap t 137.9 pos '464.1 -159.2 -104.0' spd 181.9 yaw 232 mode 2 st 7 gl 2 hp 100 frg 1
ARGEVT Omi goal weapon_rocketlauncher
ARGLOG Omi t 138.0 pos '-64.0 512.0 -296.0' spd 0 yaw 286.3 mode 0 st 28 gl 2 hp 100 frg 1
ARGEVT Omi route 4 start '-15.0 553.0 -296.0' goal ' 49.0 105.0 -296.0'
ARGEVT Omi hazard
ARGLOG Zeus t 138.3 pos '534.2 -232.5 -296.0' spd 352.3 yaw 326.0 mode 2 st 13 gl 6 hp 75 frg 6
ARGLOG Reap t 138.4 pos '464.1 -159.2 -104.0' spd 143.0 yaw 232 mode 2 st 7 gl 2 hp 100 frg 1
ARGLOG Omi t 138.5 pos '-62.7 438.6 -296.0' spd 432.9 yaw 249 mode 2 st 28 gl 2 hp 100 frg 1
ARGEVT Zeus hazard
ARGEVT Reap hazard
ARGLOG Zeus t 138.8 pos '648.7 -272.0 -296.0' spd 355.3 yaw  32.0 mode 2 st 13 gl 6 hp 75 frg 6
ARGEVT Reap stall
ARGEVT Reap stallnode '369.0 -279.0 -296.0'
ARGLOG Reap t 138.9 pos '464.1 -159.2 -104.0' spd 143.4 yaw 432.8 mode 0 st 8 gl 2 hp 100 frg 1
ARGEVT Reap jump
ARGLOG Omi t 139.0 pos '-62.7 438.6 -296.0' spd 445.4 yaw 249 mode 2 st 28 gl 2 hp 100 frg 1
ARGEVT Reap route 5 start '433.0 -119.0 -104.0' goal ' 49.0 105.0 -296.0'
ARGEVT Omi hazard
ARGLOG Zeus t 139.3 pos '655.7 -268.3 -296.0' spd 336.1 yaw 228.1 mode 2 st 13 gl 6 hp 75 frg 6
ARGLOG Reap t 139.4 pos '433.3 -93.2 -80.9' spd 149.1 yaw 233.6 mode 2 st 8 gl 2 hp 100 frg 1
ARGLOG Omi t 139.5 pos '-62.7 438.6 -296.0' spd 445.7 yaw 249 mode 2 st 28 gl 2 hp 100 frg 1
ARGLOG Zeus t 139.8 pos '501.9 -214.0 -296.0' spd 402.5 yaw  63.6 mode 2 st 13 gl 6 hp 75 frg 6
ARGEVT Zeus hazard
ARGLOG Reap t 140.0 pos '355.8 -109.7 -268.5' spd 170.8 yaw 279.7 mode 2 st 8 gl 2 hp 100 frg 1
ARGLOG Omi t 140.0 pos '-62.7 438.6 -296.0' spd 445.7 yaw 249 mode 2 st 28 gl 2 hp 100 frg 1
ARGEVT Reap hazard
ARGEVT Zeus engage Reap
ARGEVT Zeus weapon ng
ARGEVT Omi hazard
ARGEVT Reap engage Zeus
ARGLOG Zeus t 140.3 pos '479.8 -211.7 -296.0' spd 228.6 yaw  70.4 mode 2 st 13 gl 6 hp 75 frg 6
ARGLOG Reap t 140.5 pos '331.1 -209.5 -296.0' spd 325.3 yaw 280.0 mode 2 st 8 gl 2 hp 100 frg 1
ARGLOG Omi t 140.5 pos '-62.7 438.6 -296.0' spd 444.1 yaw 249 mode 2 st 28 gl 2 hp 100 frg 1
ARGEVT Omi stall
ARGEVT Omi stallnode '-143.0 233.0 -296.0'
ARGEVT Omi jump
ARGLOG Zeus t 140.8 pos '455.6 -252.5 -296.0' spd 158.7 yaw 171 mode 2 st 13 gl 6 hp 75 frg 6
ARGEVT Omi route 4 start '-15.0 425.0 -296.0' goal ' 49.0 105.0 -296.0'
ARGLOG Reap t 141.0 pos '329.5 -227.8 -296.0' spd 342.6 yaw 2 mode 2 st 8 gl 2 hp 100 frg 1
ARGEVT Zeus weapon rl
ARGLOG Omi t 141.0 pos '  5.2 450.6 -258.1' spd 233.3 yaw 176 mode 2 st 29 gl 2 hp 100 frg 1
ARGEVT Reap hazard
ARGLOG Zeus t 141.3 pos '570.3 -229.6 -296.0' spd 286.5 yaw 187 mode 2 st 13 gl 6 hp 35 frg 6
ARGLOG Reap t 141.5 pos '329.5 -227.8 -296.0' spd 434.9 yaw   0.9 mode 2 st 8 gl 2 hp 82 frg 1
ARGLOG Omi t 141.6 pos '-68.1 482.2 -296.0' spd 340.8 yaw 254 mode 2 st 29 gl 2 hp 100 frg 1
ARGEVT Zeus death
ARGEVT Zeus death Reap pos '623.5 -214.4 -296.0'
ARGEVT Omi hazard
ARGEVT Reap stall
ARGEVT Reap stallnode ' 17.0 -247.0 -296.0'
ARGEVT Reap jump
ARGLOG Reap t 142.0 pos '355.1 -223.5 -261.6' spd 144.2 yaw 234.2 mode 0 st 9 gl 2 hp 82 frg 2
ARGEVT Reap route 4 start '369.0 -279.0 -296.0' goal ' 49.0 105.0 -296.0'
ARGLOG Omi t 142.1 pos '-89.4 333.1 -296.0' spd 331.6 yaw 242 mode 2 st 29 gl 2 hp 100 frg 1
ARGEVT Reap hazard
ARGLOG Reap t 142.5 pos '361.5 -292.1 -296.0' spd 221.7 yaw 173 mode 2 st 9 gl 2 hp 82 frg 2
ARGLOG Omi t 142.6 pos '-90.3 208.0 -296.0' spd 330.7 yaw 243 mode 2 st 29 gl 2 hp 100 frg 1
ARGEVT Omi hazard
ARGLOG Reap t 143.0 pos '257.1 -248.4 -296.0' spd 390.4 yaw 179 mode 2 st 9 gl 2 hp 82 frg 2
ARGLOG Omi t 143.1 pos '-19.3 104.6 -296.0' spd 358.6 yaw 338 mode 1 st 29 gl 2 hp 100 frg 1
ARGEVT Zeus respawn
ARGEVT Zeus goal weapon_grenadelauncher
ARGLOG Zeus t 143.2 pos '-64.0 -232.0 -72.0' spd 0 yaw 343.4 mode 0 st 13 gl 6 hp 100 frg 6
ARGEVT Zeus route 4 start '-47.0 -215.0 -72.0' goal '113.0 -407.0 -104.0'
ARGEVT Reap goal weapon_supernailgun
ARGEVT Omi goal item_rockets
ARGEVT Reap routefail
ARGEVT Reap goal item_cells
ARGEVT Reap route 9 start '241.0 -279.0 -296.0' goal '305.0 -407.0 -104.0'
ARGLOG Reap t 143.6 pos '185.1 -260.0 -296.0' spd 393.8 yaw 102.7 mode 2 st 9 gl 2 hp 82 frg 2
ARGLOG Omi t 143.6 pos '112.0  96.6 -296.0' spd 320.2 yaw 109.5 mode 0 st 29 gl 3 hp 100 frg 1
ARGLOG Zeus t 143.7 pos ' 91.1 -214.3 -72.0' spd 323.5 yaw 30 mode 2 st 13 gl 6 hp 100 frg 6
ARGEVT Reap hazard
ARGEVT Omi route 5 start ' 49.0 105.0 -296.0' goal '-111.0 585.0 -296.0'
ARGEVT Zeus engage Reap
ARGEVT Reap engage Zeus
ARGLOG Reap t 144.1 pos '268.8 -249.7 -296.0' spd 288.7 yaw  39.6 mode 2 st 9 gl 2 hp 82 frg 2
ARGEVT Zeus hazard
ARGLOG Omi t 144.1 pos ' -9.0  96.4 -296.0' spd 323.2 yaw 193.4 mode 2 st 29 gl 3 hp 100 frg 1
ARGLOG Zeus t 144.2 pos '213.4 -252.1 -72.0' spd 295.2 yaw   1.7 mode 2 st 13 gl 6 hp 100 frg 6
ARGEVT Omi hazard
ARGLOG Reap t 144.6 pos '342.8 -203.8 -296.0' spd 310.5 yaw 147.4 mode 2 st 9 gl 2 hp 70 frg 2
ARGLOG Omi t 144.6 pos '-160.7 102.8 -296.0' spd 107.8 yaw 40 mode 2 st 29 gl 3 hp 100 frg 1
ARGLOG Zeus t 144.7 pos '213.4 -252.1 -72.0' spd 391.2 yaw 6 mode 2 st 13 gl 6 hp 100 frg 6
ARGLOG Reap t 145.1 pos '377.6 -234.1 -296.0' spd 189.7 yaw 186 mode 2 st 9 gl 2 hp 62 frg 2
ARGLOG Omi t 145.2 pos '-109.1 219.3 -296.0' spd 327.1 yaw 60 mode 2 st 29 gl 3 hp 100 frg 1
ARGEVT Reap hazard
ARGEVT Zeus death
ARGEVT Zeus death Reap pos '264.9 -234.5  -1.9'
ARGEVT Omi hazard
ARGLOG Reap t 145.6 pos '346.5 -278.9 -296.0' spd 327.3 yaw 335.8 mode 2 st 9 gl 2 hp 62 frg 3
ARGLOG Omi t 145.7 pos '-103.3 235.2 -296.0' spd 431.9 yaw 59 mode 2 st 29 gl 3 hp 100 frg 1
ARGLOG Reap t 146.1 pos '470.5 -217.9 -296.0' spd 339.2 yaw 1 mode 2 st 9 gl 2 hp 62 frg 3
ARGLOG Omi t 146.2 pos '-103.3 235.2 -296.0' spd 432.7 yaw 59 mode 2 st 29 gl 3 hp 100 frg 1
ARGEVT Omi stall
ARGEVT Omi stallnode '-47.0 329.0 -296.0'
ARGEVT Omi jump
ARGEVT Omi route 3 start '-143.0 233.0 -296.0' goal '-111.0 585.0 -296.0'
ARGLOG Reap t 146.6 pos '638.9 -183.5 -296.0' spd 394.5 yaw  90.9 mode 2 st 9 gl 2 hp 62 frg 3
ARGEVT Zeus respawn
ARGLOG Omi t 146.7 pos '-153.5 333.7 -258.3' spd 433.6 yaw 168.4 mode 2 st 30 gl 3 hp 100 frg 1
ARGEVT Zeus goal weapon_supershotgun
ARGLOG Zeus t 146.8 pos '272.0 -952.0  24.0' spd 0 yaw 343.4 mode 0 st 13 gl 6 hp 100 frg 6
ARGEVT Zeus route 2 start '305.0 -983.0  24.0' goal '273.0 -1015.0 -104.0'
ARGEVT Omi hazard
ARGLOG Reap t 147.2 pos '648.5 -18.5 -296.0' spd 320.2 yaw 98 mode 2 st 9 gl 2 hp 62 frg 3
ARGLOG Omi t 147.2 pos '-220.5 412.8 -296.0' spd 303.0 yaw 294 mode 2 st 30 gl 3 hp 100 frg 1
ARGLOG Zeus t 147.3 pos '325.9 -1093.6  24.0' spd 419.3 yaw 178.9 mode 2 st 13 gl 6 hp 100 frg 6
ARGLOG Reap t 147.7 pos '409.8 -864.0  30.4' spd 300 yaw 130.4 mode 2 st 9 gl 2 hp 62 frg 3
ARGLOG Omi t 147.7 pos '-201.4 403.1 -296.0' spd 317.5 yaw 289 mode 2 st 30 gl 3 hp 100 frg 1
ARGLOG Zeus t 147.8 pos '125.2 -1097.4 -51.9' spd 284.2 yaw  33.8 mode 1 st 13 gl 6 hp 100 frg 6
ARGEVT Omi hazard
ARGLOG Reap t 148.2 pos '310.2 -735.2  24.0' spd 327.5 yaw 92 mode 2 st 9 gl 2 hp 62 frg 3
ARGLOG Omi t 148.2 pos '-201.4 403.1 -296.0' spd 296.3 yaw 289 mode 2 st 30 gl 3 hp 100 frg 1
ARGLOG Zeus t 148.3 pos '220.9 -1016.8 -104.0' spd 329.6 yaw 352 mode 1 st 13 gl 6 hp 100 frg 6
ARGEVT Zeus goal weapon_grenadelauncher
ARGEVT Omi stall
ARGEVT Omi stallnode '-143.0 233.0 -296.0'
ARGEVT Omi jump
ARGEVT Zeus route 4 start '273.0 -1015.0 -104.0' goal '113.0 -407.0 -104.0'
ARGEVT Omi route 2 start '-239.0 393.0 -296.0' goal '-111.0 585.0 -296.0'
ARGLOG Reap t 148.7 pos '306.0 -571.1  24.0' spd 320.0 yaw 90 mode 2 st 9 gl 2 hp 62 frg 3
ARGLOG Omi t 148.8 pos '-157.3 414.9 -267.0' spd 296.4 yaw 67 mode 1 st 31 gl 3 hp 100 frg 1
ARGLOG Zeus t 148.8 pos '381.6 -963.4 -104.0' spd 399.9 yaw 112.8 mode 2 st 13 gl 7 hp 100 frg 6
ARGLOG Reap t 149.2 pos '310.6 -405.7  22.0' spd 342.5 yaw  43.0 mode 1 st 9 gl 2 hp 62 frg 3
ARGLOG Omi t 149.3 pos '-13.1 461.6 -296.0' spd 300.7 yaw 121 mode 1 st 31 gl 3 hp 100 frg 1
ARGLOG Zeus t 149.3 pos '359.3 -789.3 -104.0' spd 320.4 yaw 113 mode 2 st 13 gl 7 hp 100 frg 6
ARGEVT Zeus engage Reap
ARGEVT Reap engage Zeus
ARGEVT Omi goal item_artifact_super_damage
ARGLOG Reap t 149.7 pos '370.7 -244.1 -114.8' spd 337.8 yaw 272.9 mode 1 st 9 gl 2 hp 62 frg 3
ARGLOG Omi t 149.8 pos '-78.5 611.9 -296.0' spd 333.4 yaw 168.0 mode 0 st 31 gl 4 hp 200 frg 1
ARGEVT Omi routefail
ARGLOG Zeus t 149.8 pos '327.9 -666.8 -104.0' spd 275.6 yaw  86.9 mode 2 st 13 gl 7 hp 100 frg 6
ARGEVT Omi goal item_armor2
ARGEVT Omi hazard
ARGEVT Reap weapon sg
ARGEVT Omi route 22 start '-111.0 585.0 -296.0' goal '1169.0 -599.0  24.0'
ARGEVT Reap hazard
ARGEVT Zeus pursue
ARGEVT Reap pursue
ARGLOG Reap t 150.2 pos '365.2 -157.9 -296.0' spd  80.9 yaw 266 mode 1 st 9 gl 2 hp 57 frg 3
ARGLOG Omi t 150.3 pos '-131.1 511.7 -296.0' spd 320.5 yaw 266 mode 2 st 31 gl 4 hp 200 frg 1
ARGLOG Zeus t 150.3 pos '317.7 -574.6 -104.0' spd 341.8 yaw 82 mode 2 st 13 gl 7 hp 100 frg 6
ARGEVT Reap goal item_health
ARGEVT Reap route 4 start '369.0 -279.0 -296.0' goal '529.0  73.0 -296.0'
ARGEVT Reap weapon lg
ARGLOG Reap t 150.8 pos '378.0 -245.4 -296.0' spd 267.3 yaw  57.3 mode 2 st 9 gl 2 hp 57 frg 3
ARGLOG Omi t 150.8 pos '-89.0 417.8 -296.0' spd 317.8 yaw 281 mode 2 st 31 gl 4 hp 200 frg 1
ARGLOG Zeus t 150.9 pos '301.2 -401.1 -90.1' spd 317.0 yaw  65.3 mode 1 st 13 gl 7 hp 48 frg 6
ARGEVT Omi hazard
ARGLOG Reap t 151.3 pos '361.4 -232.7 -296.0' spd 140.0 yaw 309.4 mode 2 st 9 gl 2 hp 57 frg 3
ARGLOG Omi t 151.3 pos '-89.0 417.8 -296.0' spd 231.4 yaw 281 mode 2 st 31 gl 4 hp 200 frg 1
ARGLOG Zeus t 151.4 pos '316.0 -370.2 -69.0' spd  74.3 yaw 73 mode 1 st 13 gl 7 hp 48 frg 6
ARGEVT Reap weapon sg
ARGEVT Omi stall
ARGEVT Omi stallnode '-47.0 201.0 -296.0'
ARGEVT Omi jump
ARGEVT Omi route 22 start '-111.0 457.0 -296.0' goal '1169.0 -599.0  24.0'
ARGEVT Zeus weapon ssg
ARGLOG Reap t 151.8 pos '321.3 -238.9 -296.0' spd 329.6 yaw 270 mode 2 st 9 gl 2 hp 57 frg 3
ARGLOG Omi t 151.8 pos '-95.7 439.9 -258.1' spd 113.0 yaw 269.8 mode 2 st 32 gl 4 hp 200 frg 1
ARGEVT Reap death
ARGEVT Reap death Zeus pos '286.9 -236.7 -296.0'
ARGEVT Zeus abandon
ARGLOG Zeus t 151.9 pos '314.2 -368.0 -212.5' spd  45.3 yaw 241 mode 0 st 13 gl 7 hp 24 frg 7
ARGEVT Zeus weapon rl
ARGEVT Zeus goal item_health
ARGEVT Zeus abandon
ARGEVT Zeus route 5 start '273.0 -375.0 -296.0' goal '529.0  73.0 -296.0'
ARGEVT Omi hazard
ARGEVT Zeus death
ARGEVT Zeus death world pos '310.1 -366.3 -415.7'
ARGLOG Omi t 152.4 pos '-128.7 422.4 -296.0' spd 328.0 yaw 291 mode 2 st 32 gl 4 hp 200 frg 1
ARGLOG Omi t 152.9 pos '-128.7 422.4 -296.0' spd 390.7 yaw 291 mode 2 st 32 gl 4 hp 200 frg 1
ARGEVT Omi stall
ARGEVT Omi stallnode '-47.0 201.0 -296.0'
ARGEVT Omi jump
ARGEVT Omi route 22 start '-111.0 457.0 -296.0' goal '1169.0 -599.0  24.0'
ARGLOG Omi t 153.4 pos ' 16.0 432.3 -266.5' spd  28.2 yaw 265.2 mode 2 st 33 gl 4 hp 200 frg 1
ARGEVT Reap respawn
ARGEVT Reap goal item_armorInv
ARGLOG Reap t 153.4 pos '112.0 -1136.0 -104.0' spd 0 yaw  28.4 mode 0 st 9 gl 2 hp 100 frg 3
ARGEVT Reap route 16 start ' 81.0 -1079.0 -104.0' goal '817.0 -855.0 -232.0'
ARGEVT Omi hazard
ARGEVT Zeus respawn
ARGEVT Zeus goal 
ARGLOG Zeus t 153.9 pos '776.0 -808.0 -232.0' spd 0 yaw 106.6 mode 0 st 13 gl 7 hp 100 frg 6
ARGEVT Reap goal weapon_grenadelauncher
ARGEVT Zeus route 4 start '817.0 -855.0 -232.0' goal '593.0 -215.0 -296.0'
ARGLOG Omi t 153.9 pos '-79.4 433.0 -296.0' spd 370.2 yaw 248.0 mode 2 st 33 gl 4 hp 200 frg 1
ARGLOG Reap t 154.0 pos '268.2 -1136.0 -104.0' spd 284.2 yaw 348.0 mode 0 st 9 gl 2 hp 100 frg 3
ARGEVT Reap hazard
ARGEVT Reap route 4 start '273.0 -1015.0 -104.0' goal '113.0 -407.0 -104.0'
ARGEVT Zeus hazard
ARGLOG Zeus t 154.4 pos '720.0 -774.2 -218.0' spd 326.8 yaw 271 mode 2 st 13 gl 7 hp 100 frg 6
ARGLOG Omi t 154.4 pos '-77.9 316.6 -296.0' spd 325.6 yaw 285 mode 2 st 33 gl 4 hp 200 frg 1
ARGLOG Reap t 154.5 pos '276.6 -974.0 -104.0' spd 320.7 yaw 81 mode 2 st 9 gl 2 hp 100 frg 3
ARGEVT Omi hazard
ARGEVT Zeus route 3 start '721.0 -887.0 -232.0' goal '593.0 -215.0 -296.0'
ARGLOG Zeus t 154.9 pos '720.4 -892.0 -232.0' spd 222.7 yaw 155.2 mode 0 st 13 gl 7 hp 100 frg 6
ARGEVT Zeus route 3 start '721.0 -887.0 -232.0' goal '593.0 -215.0 -296.0'
ARGLOG Omi t 154.9 pos '-61.1 190.1 -296.0' spd 332.8 yaw 277 mode 2 st 33 gl 4 hp 199 frg 1
ARGLOG Reap t 155.0 pos '297.6 -810.1 -104.0' spd 320.1 yaw 87 mode 2 st 9 gl 2 hp 100 frg 3
ARGEVT Zeus route 3 start '721.0 -887.0 -232.0' goal '593.0 -215.0 -296.0'
ARGEVT Reap route 3 start '305.0 -791.0 -104.0' goal '113.0 -407.0 -104.0'
ARGEVT Zeus hazard
ARGLOG Zeus t 155.4 pos '720.2 -743.4 -216.0' spd 166.4 yaw 202.2 mode 2 st 13 gl 7 hp 100 frg 6
ARGLOG Omi t 155.5 pos '-87.2  48.0 -296.0' spd  12.4 yaw 273 mode 2 st 33 gl 4 hp 199 frg 1
ARGLOG Reap t 155.5 pos '299.9 -752.0 -104.0' spd  19.9 yaw 97 mode 0 st 9 gl 2 hp 100 frg 3
ARGEVT Reap route 3 start '305.0 -791.0 -104.0' goal '113.0 -407.0 -104.0'
ARGEVT Reap route 3 start '305.0 -791.0 -104.0' goal '113.0 -407.0 -104.0'
ARGLOG Zeus t 155.9 pos '721.4 -816.4 -232.0' spd 320.0 yaw 270 mode 2 st 13 gl 7 hp 100 frg 6
ARGEVT Reap route 3 start '305.0 -791.0 -104.0' goal '113.0 -407.0 -104.0'
ARGLOG Omi t 156.0 pos '-83.8  48.0 -296.0' spd   5.8 yaw 272 mode 2 st 33 gl 4 hp 198 frg 1
ARGLOG Reap t 156.0 pos '297.4 -752.0 -104.0' spd  17.4 yaw 88 mode 2 st 9 gl 2 hp 100 frg 3
ARGEVT Reap stall
ARGEVT Reap jump
ARGEVT Zeus route 3 start '721.0 -887.0 -232.0' goal '593.0 -215.0 -296.0'
ARGEVT Zeus route 3 start '721.0 -887.0 -232.0' goal '593.0 -215.0 -296.0'
ARGLOG Zeus t 156.4 pos '720.0 -896.9 -232.0' spd 290.2 yaw 121.5 mode 0 st 13 gl 7 hp 100 frg 6
ARGLOG Omi t 156.5 pos '-81.5  48.0 -296.0' spd   2.8 yaw 271 mode 2 st 33 gl 4 hp 198 frg 1
ARGEVT Omi stall
ARGEVT Omi stallnode '-79.0 -151.0 -296.0'
ARGEVT Omi jump
ARGLOG Reap t 156.5 pos '284.4 -753.9 -69.1' spd  32.0 yaw 169 mode 0 st 10 gl 2 hp 100 frg 3
ARGEVT Zeus route 3 start '721.0 -887.0 -232.0' goal '593.0 -215.0 -296.0'
ARGEVT Omi route 19 start '-47.0  73.0 -296.0' goal '1169.0 -599.0  24.0'
ARGLOG Zeus t 156.9 pos '720.0 -752.0 -232.0' spd 0 yaw 105 mode 0 st 13 gl 7 hp 100 frg 6
ARGEVT Zeus route 4 start '721.0 -759.0 -232.0' goal '593.0 -215.0 -296.0'
ARGEVT Zeus hazard
ARGLOG Omi t 157.0 pos '-66.4  54.7 -266.2' spd  59.1 yaw 279.4 mode 2 st 34 gl 4 hp 197 frg 1
ARGLOG Reap t 157.0 pos '202.6 -752.0 -104.0' spd 323.5 yaw 169 mode 0 st 10 gl 2 hp 100 frg 3
ARGEVT Reap route 4 start '209.0 -759.0 -104.0' goal '113.0 -407.0 -104.0'
ARGEVT Reap hazard
ARGLOG Zeus t 157.5 pos '720.0 -752.0 -232.0' spd 122.2 yaw 268.8 mode 2 st 13 gl 7 hp 100 frg 6
ARGLOG Omi t 157.5 pos '-56.9 -43.2 -296.0' spd 320.9 yaw 276.6 mode 2 st 34 gl 4 hp 197 frg 1
ARGLOG Reap t 157.6 pos ' 85.5 -820.3 -104.0' spd 326.9 yaw 300.5 mode 2 st 10 gl 2 hp 100 frg 3
ARGLOG Zeus t 158.0 pos '720.0 -902.1 -232.0' spd 332.3 yaw 199.1 mode 0 st 13 gl 7 hp 100 frg 6
ARGEVT Zeus route 3 start '721.0 -887.0 -232.0' goal '593.0 -215.0 -296.0'
ARGEVT Zeus hazard
ARGLOG Omi t 158.0 pos '-16.0 -204.4 -296.0' spd 289.3 yaw 320.6 mode 2 st 34 gl 4 hp 196 frg 1
ARGLOG Reap t 158.1 pos '235.5 -888.9 -104.0' spd 365.3 yaw 54 mode 2 st 10 gl 2 hp 100 frg 3
ARGEVT Zeus route 3 start '721.0 -887.0 -232.0' goal '593.0 -215.0 -296.0'
ARGEVT Omi hazard
ARGEVT Zeus route 4 start '721.0 -759.0 -232.0' goal '593.0 -215.0 -296.0'
ARGLOG Zeus t 158.5 pos '720.0 -777.4 -232.0' spd 341.0 yaw 135.6 mode 2 st 13 gl 7 hp 100 frg 6
ARGLOG Omi t 158.5 pos '117.4 -246.1 -296.0' spd 350.1 yaw 22 mode 2 st 34 gl 4 hp 195 frg 1
ARGLOG Reap t 158.6 pos '324.6 -743.9 -104.0' spd 325.1 yaw 93 mode 2 st 10 gl 2 hp 100 frg 3
ARGLOG Zeus t 159.0 pos '720.0 -797.9 -232.0' spd 320.1 yaw 271 mode 2 st 13 gl 7 hp 100 frg 6
ARGLOG Omi t 159.0 pos '256.1 -231.0 -296.0' spd 326.7 yaw 18 mode 2 st 34 gl 4 hp 195 frg 1
ARGLOG Reap t 159.1 pos '326.3 -579.3 -104.0' spd 320.2 yaw 97 mode 2 st 10 gl 2 hp 100 frg 3
ARGEVT Zeus hazard
ARGEVT Omi hazard
ARGEVT Zeus route 3 start '721.0 -887.0 -232.0' goal '593.0 -215.0 -296.0'
ARGLOG Zeus t 159.5 pos '720.0 -912.0 -232.0' spd 251.2 yaw 140.1 mode 0 st 13 gl 7 hp 100 frg 6
ARGEVT Omi engage Reap
ARGLOG Omi t 159.6 pos '272.9 -228.9 -296.0' spd 352.9 yaw   6.5 mode 2 st 34 gl 4 hp 194 frg 1
ARGEVT Reap engage Omi
ARGLOG Reap t 159.6 pos '301.2 -416.3 -104.0' spd 301.0 yaw 125.4 mode 1 st 10 gl 2 hp 100 frg 3
ARGEVT Zeus route 3 start '721.0 -887.0 -232.0' goal '593.0 -215.0 -296.0'
ARGEVT Reap hazard
ARGEVT Zeus route 3 start '721.0 -887.0 -232.0' goal '593.0 -215.0 -296.0'
ARGLOG Zeus t 160.0 pos '720.0 -827.7 -232.0' spd 324.2 yaw 103 mode 0 st 13 gl 7 hp 100 frg 6
ARGEVT Zeus route 3 start '721.0 -887.0 -232.0' goal '593.0 -215.0 -296.0'
ARGLOG Omi t 160.1 pos '372.3 -263.3 -296.0' spd 240.2 yaw 254 mode 2 st 34 gl 4 hp 194 frg 1
ARGLOG Reap t 160.1 pos '358.4 -455.5 -104.0' spd 340.5 yaw  90.4 mode 1 st 10 gl 2 hp 100 frg 3
ARGEVT Reap pursue
ARGEVT Zeus hazard
ARGLOG Zeus t 160.5 pos '720.0 -745.9 -216.0' spd 223.7 yaw 267.2 mode 2 st 13 gl 7 hp 100 frg 6
ARGLOG Omi t 160.6 pos '432.0 -284.6 -296.0' spd   5.8 yaw 23 mode 2 st 34 gl 4 hp 193 frg 1
ARGLOG Reap t 160.6 pos '438.5 -363.4 -104.0' spd 382.8 yaw 160.3 mode 1 st 10 gl 2 hp 100 frg 3
ARGLOG Zeus t 161.1 pos '720.0 -912.0 -232.0' spd 0 yaw 188.1 mode 0 st 13 gl 7 hp 100 frg 6
ARGEVT Zeus route 3 start '721.0 -887.0 -232.0' goal '593.0 -215.0 -296.0'
ARGLOG Omi t 161.1 pos '511.9 -225.7 -296.0' spd 379.2 yaw 303 mode 2 st 34 gl 4 hp 163 frg 1
ARGEVT Omi pursue
ARGEVT Reap pursue
ARGLOG Reap t 161.2 pos '550.1 -245.4 -104.0' spd 322.0 yaw 117.3 mode 1 st 10 gl 2 hp 100 frg 3
ARGEVT Zeus goal 
ARGEVT Zeus route 3 start '721.0 -887.0 -232.0' goal '401.0 -311.0 -440.0'
ARGEVT Omi hazard
ARGEVT Zeus route 3 start '721.0 -887.0 -232.0' goal '401.0 -311.0 -440.0'
ARGEVT Reap hazard
ARGLOG Zeus t 161.6 pos '723.2 -826.7 -232.0' spd 322.6 yaw 78 mode 0 st 13 gl 7 hp 100 frg 6
ARGLOG Omi t 161.6 pos '570.8 -268.7 -296.0' spd 191.4 yaw 141.8 mode 2 st 34 gl 4 hp 162 frg 1
ARGLOG Reap t 161.7 pos '467.0 -207.5 -104.0' spd 322.7 yaw 234.4 mode 1 st 10 gl 2 hp 100 frg 3
ARGEVT Zeus route 4 start '721.0 -759.0 -232.0' goal '401.0 -311.0 -440.0'
ARGEVT Zeus hazard
ARGLOG Zeus t 162.1 pos '805.7 -676.8 -184.0' spd 413.2 yaw 306.5 mode 2 st 13 gl 7 hp 100 frg 6
ARGLOG Omi t 162.1 pos '425.3 -247.0 -296.0' spd 345.5 yaw 142.4 mode 2 st 34 gl 4 hp 162 frg 1
ARGLOG Reap t 162.2 pos '472.3 -377.7 -104.0' spd 328.7 yaw 244.7 mode 1 st 10 gl 2 hp 100 frg 3
ARGEVT Omi hazard
ARGLOG Zeus t 162.6 pos '778.9 -761.9 -232.0' spd 320.1 yaw 246 mode 2 st 13 gl 7 hp 100 frg 6
ARGLOG Omi t 162.6 pos '321.7 -265.6 -296.0' spd 191.6 yaw 265.4 mode 2 st 34 gl 4 hp 157 frg 1
ARGLOG Reap t 162.7 pos '344.7 -410.1 -104.0' spd 328.1 yaw  97.2 mode 1 st 10 gl 2 hp 100 frg 3
ARGLOG Zeus t 163.1 pos '720.0 -912.0 -232.0' spd 0 yaw 160.4 mode 0 st 13 gl 7 hp 100 frg 6
ARGEVT Zeus hazard
ARGEVT Zeus route 3 start '721.0 -887.0 -232.0' goal '401.0 -311.0 -440.0'
ARGLOG Omi t 163.2 pos '395.0 -271.4 -296.0' spd 316.1 yaw 262 mode 2 st 34 gl 4 hp 133 frg 1
ARGLOG Reap t 163.2 pos '408.6 -408.9 -104.0' spd 322.6 yaw 94 mode 1 st 10 gl 2 hp 100 frg 3
ARGEVT Zeus route 3 start '721.0 -887.0 -232.0' goal '401.0 -311.0 -440.0'
ARGEVT Reap pursue
ARGEVT Zeus route 4 start '721.0 -759.0 -232.0' goal '401.0 -311.0 -440.0'
ARGLOG Zeus t 163.6 pos '728.5 -759.9 -232.0' spd 351.0 yaw  33.0 mode 2 st 13 gl 7 hp 100 frg 6
ARGLOG Omi t 163.7 pos '483.3 -267.8 -296.0' spd 320.2 yaw 356.2 mode 2 st 34 gl 4 hp 132 frg 1
ARGLOG Reap t 163.7 pos '496.2 -335.2 -104.0' spd 351.3 yaw 152 mode 1 st 10 gl 2 hp 100 frg 3
ARGEVT Reap hazard
ARGEVT Omi pursue
ARGLOG Zeus t 164.1 pos '816.5 -770.4 -232.0' spd 339.8 yaw 231 mode 2 st 13 gl 7 hp 100 frg 6
ARGLOG Omi t 164.2 pos '595.2 -159.5 -296.0' spd 421.1 yaw 160.7 mode 2 st 34 gl 4 hp 132 frg 1
ARGLOG Reap t 164.2 pos '389.4 -271.0 -110.3' spd 320 yaw 178 mode 1 st 10 gl 2 hp 100 frg 3
ARGEVT Zeus hazard
ARGLOG Zeus t 164.7 pos '725.4 -894.7 -232.0' spd 386.6 yaw 140.4 mode 0 st 13 gl 7 hp 100 frg 6
ARGLOG Omi t 164.7 pos '599.5  13.7 -296.0' spd 321.1 yaw  94.6 mode 2 st 34 gl 4 hp 131 frg 1
ARGLOG Reap t 164.8 pos '225.0 -265.2 -268.9' spd 320 yaw 151.4 mode 1 st 10 gl 2 hp 100 frg 3
ARGEVT Zeus route 3 start '721.0 -887.0 -232.0' goal '401.0 -311.0 -440.0'
ARGEVT Zeus route 3 start '721.0 -887.0 -232.0' goal '401.0 -311.0 -440.0'
ARGEVT Reap hazard
ARGLOG Zeus t 165.2 pos '750.7 -780.8 -232.0' spd 383.2 yaw 359.8 mode 2 st 13 gl 7 hp 100 frg 6
ARGLOG Omi t 165.2 pos '503.1  85.0 -296.0' spd 330.0 yaw 259.8 mode 2 st 34 gl 4 hp 131 frg 1
ARGEVT Omi hazard
ARGLOG Reap t 165.3 pos '144.8 -231.2 -296.0' spd  92.2 yaw  19.2 mode 1 st 10 gl 2 hp 100 frg 3
ARGLOG Zeus t 165.7 pos '831.5 -855.4 -232.0' spd 369.7 yaw 196 mode 2 st 13 gl 7 hp 100 frg 6
ARGLOG Omi t 165.7 pos '636.6  26.1 -296.0' spd 360.3 yaw  63.9 mode 2 st 34 gl 4 hp 130 frg 1
ARGLOG Reap t 165.8 pos '204.2 -232.8 -296.0' spd 221.0 yaw 246 mode 1 st 10 gl 2 hp 100 frg 3
ARGEVT Zeus hazard
ARGEVT Reap hazard
ARGLOG Zeus t 166.2 pos '744.8 -829.1 -232.0' spd 361.5 yaw 121 mode 0 st 13 gl 7 hp 100 frg 6
ARGLOG Omi t 166.2 pos '409.8 -864.0  30.4' spd 300 yaw 114.1 mode 0 st 34 gl 4 hp 130 frg 1
ARGEVT Omi route 11 start '401.0 -887.0  24.0' goal '1169.0 -599.0  24.0'
ARGLOG Reap t 166.3 pos ' 81.4 -254.6 -296.0' spd 342.1 yaw 211 mode 1 st 10 gl 2 hp 100 frg 3
ARGEVT Zeus route 4 start '721.0 -759.0 -232.0' goal '401.0 -311.0 -440.0'
ARGLOG Zeus t 166.7 pos '724.0 -724.0 -216.0' spd 155.1 yaw 205.9 mode 2 st 13 gl 7 hp 100 frg 6
ARGLOG Omi t 166.8 pos '317.9 -733.3  24.0' spd 324.6 yaw 95 mode 2 st 34 gl 4 hp 129 frg 1
ARGLOG Reap t 166.8 pos '  5.9 -272.0 -296.0' spd 322.1 yaw 358 mode 1 st 10 gl 2 hp 100 frg 3
ARGEVT Reap hazard
ARGLOG Zeus t 167.2 pos '720.6 -856.1 -232.0' spd 328.4 yaw 270.3 mode 0 st 13 gl 7 hp 100 frg 6
ARGLOG Omi t 167.3 pos '344.5 -568.3  24.0' spd 330.7 yaw 46 mode 2 st 34 gl 4 hp 129 frg 1
ARGLOG Reap t 167.3 pos '137.8 -272.1 -296.0' spd 320.1 yaw 358 mode 1 st 10 gl 2 hp 100 frg 3
ARGEVT Zeus hazard
ARGEVT Zeus route 3 start '721.0 -887.0 -232.0' goal '401.0 -311.0 -440.0'
ARGEVT Zeus engage Omi
ARGEVT Omi engage Zeus
ARGEVT Reap engage Zeus
ARGEVT Zeus route 2 start '337.0   9.0 -296.0' goal '401.0 -311.0 -440.0'
ARGLOG Zeus t 167.7 pos '368.0 -21.4 -293.0' spd 300 yaw 266 mode 2 st 13 gl 7 hp 100 frg 6
ARGLOG Omi t 167.8 pos '387.8 -421.1  24.0' spd 343.9 yaw 98 mode 2 st 34 gl 4 hp 128 frg 1
ARGLOG Reap t 167.8 pos '186.7 -221.4 -296.0' spd 122.3 yaw 44 mode 1 st 10 gl 2 hp 100 frg 3
ARGLOG Zeus t 168.3 pos '360.7 -123.4 -296.0' spd 213.2 yaw 255 mode 2 st 13 gl 7 hp 100 frg 6
ARGLOG Omi t 168.3 pos '288.7 -379.9 -92.2' spd 154.1 yaw 67 mode 2 st 34 gl 4 hp 128 frg 1
ARGLOG Reap t 168.4 pos '175.7 -219.7 -296.0' spd  94.5 yaw 24 mode 1 st 10 gl 2 hp 100 frg 3
ARGLOG Zeus t 168.8 pos '366.8 -69.5 -196.4' spd 285.4 yaw 286 mode 2 st 13 gl 7 hp 76 frg 6
ARGLOG Omi t 168.8 pos '428.6 -392.7 -104.0' spd 326.1 yaw 102 mode 2 st 34 gl 4 hp 127 frg 1
ARGLOG Reap t 168.9 pos '182.0 -227.1 -296.0' spd  61.0 yaw 46 mode 1 st 10 gl 2 hp 100 frg 3
ARGEVT Omi jump
ARGEVT Reap hazard
ARGLOG Zeus t 169.3 pos '370.0 -49.8 -117.6' spd 488.2 yaw 306 mode 2 st 13 gl 7 hp 42 frg 6
ARGLOG Omi t 169.3 pos '592.9 -358.9 -68.9' spd 327.1 yaw 126 mode 2 st 34 gl 4 hp 127 frg 1
ARGLOG Reap t 169.4 pos '200.6 -253.3 -296.0' spd 319.3 yaw 54 mode 1 st 10 gl 2 hp 100 frg 3
ARGLOG Zeus t 169.8 pos '246.8 -48.0 109.8' spd 239.6 yaw 319 mode 2 st 13 gl 7 hp 26 frg 6
ARGLOG Omi t 169.9 pos '613.7 -332.3 -104.0' spd 325.0 yaw 138 mode 2 st 34 gl 4 hp 97 frg 1
ARGEVT Omi jump
ARGLOG Reap t 169.9 pos '248.0 -198.2 -296.0' spd 133.1 yaw 99 mode 1 st 10 gl 2 hp 100 frg 3
ARGEVT Omi abandon
ARGEVT Omi goal weapon_lightning
ARGEVT Zeus death
ARGEVT Zeus death Omi pos '196.5 -48.0  35.2'
ARGEVT Omi engage Reap
ARGEVT Reap engage Omi
ARGLOG Omi t 170.4 pos '482.4 -421.8 -74.4' spd 195.1 yaw 148 mode 1 st 34 gl 4 hp 97 frg 2
ARGLOG Reap t 170.4 pos '173.4 -235.4 -296.0' spd 322.7 yaw  35.7 mode 1 st 10 gl 2 hp 100 frg 3
ARGEVT Reap hazard
ARGLOG Omi t 170.9 pos '459.5 -318.1 -104.0' spd 110.1 yaw 163 mode 1 st 34 gl 4 hp 95 frg 2
ARGEVT Omi hazard
ARGLOG Reap t 170.9 pos '208.0 -247.5 -296.0' spd 320.0 yaw 351 mode 1 st 10 gl 2 hp 100 frg 3
ARGLOG Omi t 171.4 pos '385.2 -443.6 -104.0' spd 329.9 yaw 129 mode 1 st 34 gl 4 hp 95 frg 2
ARGLOG Reap t 171.4 pos '112.0 -111.6 -254.1' spd 436.2 yaw 309.3 mode 1 st 10 gl 2 hp 9 frg 3
ARGEVT Zeus respawn
ARGEVT Zeus goal weapon_lightning
ARGLOG Zeus t 171.8 pos '784.0 -176.0  24.0' spd 0 yaw 196.3 mode 0 st 13 gl 7 hp 100 frg 6
ARGEVT Zeus route 2 start '753.0 -151.0  24.0' goal '529.0 -311.0 -104.0'
ARGLOG Omi t 171.9 pos '245.4 -522.4 -104.0' spd 224.9 yaw 105 mode 1 st 34 gl 4 hp 73 frg 2
ARGEVT Omi hazard
ARGLOG Reap t 172.0 pos '112.0 -48.0 -295.9' spd 0 yaw 288 mode 1 st 10 gl 2 hp 9 frg 3
ARGEVT Zeus engage Omi
ARGEVT Reap death
ARGEVT Reap death world pos '112.0 -48.0 -371.4'
ARGEVT Omi engage Zeus
ARGLOG Zeus t 172.3 pos '630.4 -153.4  24.0' spd 325.4 yaw 223.0 mode 2 st 13 gl 7 hp 100 frg 6
ARGLOG Omi t 172.4 pos '319.7 -430.6 -104.0' spd 351.8 yaw  55.1 mode 1 st 34 gl 4 hp 73 frg 2
ARGLOG Zeus t 172.8 pos '487.1 -72.1  -7.7' spd 320.2 yaw 253 mode 2 st 13 gl 7 hp 100 frg 6
ARGLOG Omi t 172.9 pos '432.0 -438.4 -104.0' spd  74.7 yaw 90 mode 1 st 34 gl 4 hp 65 frg 2
ARGEVT Omi hazard
ARGLOG Zeus t 173.4 pos '529.4 -69.3 -104.0' spd 334.5 yaw 258 mode 2 st 13 gl 7 hp 56 frg 6
ARGLOG Omi t 173.5 pos '424.2 -437.0 -104.0' spd 168.6 yaw 64 mode 1 st 34 gl 4 hp 49 frg 2
ARGEVT Reap respawn
ARGEVT Reap goal weapon_rocketlauncher
ARGLOG Reap t 173.8 pos '-64.0 512.0 -296.0' spd 0 yaw 286.6 mode 0 st 10 gl 2 hp 100 frg 2
ARGEVT Reap route 4 start '-15.0 553.0 -296.0' goal ' 49.0 105.0 -296.0'
ARGLOG Zeus t 173.9 pos '624.0 -187.9 -104.0' spd 358.2 yaw 226 mode 1 st 13 gl 7 hp 56 frg 6
ARGLOG Omi t 174.0 pos '417.8 -443.8 -104.0' spd  85.6 yaw 48 mode 1 st 34 gl 4 hp 33 frg 2
ARGEVT Reap hazard
ARGLOG Reap t 174.3 pos '-61.7 438.4 -296.0' spd 434.2 yaw 249 mode 2 st 10 gl 2 hp 100 frg 2
ARGLOG Zeus t 174.4 pos '622.4 -389.1 -104.0' spd 323.7 yaw 205.7 mode 1 st 13 gl 7 hp 17 frg 6
ARGEVT Omi hazard
ARGEVT Omi death
ARGEVT Omi death Omi pos '429.4 -476.3 -104.0'
ARGLOG Reap t 174.8 pos '-61.7 438.4 -296.0' spd 448.9 yaw 249 mode 2 st 10 gl 2 hp 100 frg 2
ARGLOG Zeus t 174.9 pos '570.6 -380.0 -104.0' spd 321.3 yaw 119 mode 1 st 13 gl 7 hp 17 frg 6
ARGEVT Reap hazard
ARGEVT Zeus goal item_health
ARGEVT Zeus route 9 start '529.0 -311.0 -104.0' goal '497.0 -471.0  24.0'
ARGLOG Reap t 175.3 pos '-61.7 438.4 -296.0' spd 448.5 yaw 249 mode 2 st 10 gl 2 hp 100 frg 2
ARGEVT Zeus hazard
ARGLOG Zeus t 175.4 pos '467.8 -269.7 -104.0' spd 330.4 yaw 117.5 mode 2 st 13 gl 8 hp 17 frg 6
ARGLOG Reap t 175.8 pos '-61.7 438.4 -296.0' spd 449.2 yaw 249 mode 2 st 10 gl 2 hp 100 frg 2
ARGLOG Zeus t 175.9 pos '475.4 -185.6 -104.0' spd 323.5 yaw 67 mode 2 st 13 gl 8 hp 17 frg 6
ARGEVT Omi respawn
ARGEVT Zeus engage Omi
ARGEVT Zeus weapon sg
ARGEVT Omi goal weapon_supernailgun
ARGEVT Omi engage Zeus
ARGLOG Omi t 176.0 pos '-64.0 -232.0 -72.0' spd 0 yaw  12.5 mode 0 st 34 gl 4 hp 100 frg 1
ARGEVT Reap hazard
ARGEVT Omi routefail
ARGEVT Omi goal weapon_grenadelauncher
ARGEVT Omi route 4 start '-47.0 -215.0 -72.0' goal '113.0 -407.0 -104.0'
ARGLOG Reap t 176.3 pos '-61.7 438.4 -296.0' spd 449.1 yaw 249 mode 2 st 10 gl 2 hp 100 frg 2
ARGEVT Zeus weapon lg
ARGLOG Zeus t 176.4 pos '465.9 -53.4 -104.0' spd  95.5 yaw 163.6 mode 2 st 13 gl 8 hp 17 frg 6
ARGEVT Reap stall
ARGEVT Reap stallnode '-143.0 233.0 -296.0'
ARGEVT Reap jump
ARGLOG Omi t 176.5 pos ' 52.4 -259.1 -72.0' spd 162.9 yaw 22 mode 2 st 34 gl 4 hp 100 frg 1
ARGEVT Reap route 4 start '-15.0 425.0 -296.0' goal ' 49.0 105.0 -296.0'
ARGEVT Omi hazard
ARGLOG Reap t 176.9 pos ' 60.1 298.2 -261.3' spd 448.5 yaw  16.9 mode 2 st 11 gl 2 hp 100 frg 2
ARGLOG Zeus t 177.0 pos '519.4 -198.4 -104.0' spd 328.5 yaw 200 mode 2 st 13 gl 8 hp 1 frg 6
ARGLOG Omi t 177.1 pos '126.9 -293.8 -56.0' spd 305.9 yaw 6 mode 2 st 34 gl 4 hp 40 frg 1
ARGEVT Omi jump
ARGEVT Reap hazard
ARGLOG Reap t 177.4 pos '111.1 277.4 -312.0' spd 372.1 yaw 130 mode 2 st 11 gl 2 hp 100 frg 2
ARGEVT Omi death
ARGEVT Omi death Zeus pos '113.3 -401.4  10.9'
ARGLOG Zeus t 177.5 pos '535.0 -362.8 -104.0' spd 320.4 yaw 168.7 mode 2 st 13 gl 8 hp 1 frg 7
ARGEVT Zeus hazard
ARGLOG Reap t 177.9 pos '111.1 277.4 -312.0' spd  61.7 yaw 130 mode 2 st 11 gl 2 hp 100 frg 2
ARGLOG Zeus t 178.0 pos '451.3 -337.6 -104.0' spd 147.1 yaw 74 mode 2 st 13 gl 8 hp 1 frg 7
ARGEVT Reap hazard
ARGLOG Reap t 178.4 pos '111.1 277.4 -312.0' spd  80.4 yaw 130 mode 2 st 11 gl 2 hp 100 frg 2
ARGLOG Zeus t 178.5 pos '451.3 -337.6 -104.0' spd 136.7 yaw 74 mode 2 st 13 gl 8 hp 1 frg 7
ARGEVT Reap stall
ARGEVT Reap stallnode '-15.0 425.0 -296.0'
ARGEVT Reap jump
ARGEVT Reap routefail
ARGEVT Zeus stall
ARGEVT Zeus stallnode '529.0 -55.0 -104.0'
ARGEVT Zeus jump
ARGEVT Reap goal weapon_grenadelauncher
ARGLOG Reap t 178.9 pos '112.0 258.0 -273.1' spd  64.2 yaw 271 mode 0 st 12 gl 2 hp 100 frg 2
ARGEVT Reap routefail
ARGEVT Omi respawn
ARGLOG Zeus t 179.0 pos '427.2 -353.7 -69.6' spd 146.3 yaw 306 mode 0 st 14 gl 8 hp 1 frg 7
ARGEVT Omi goal item_armorInv
ARGLOG Omi t 179.0 pos '272.0 -952.0  24.0' spd 0 yaw 10 mode 0 st 34 gl 4 hp 100 frg 1
ARGEVT Reap goal 
ARGEVT Zeus route 10 start '401.0 -343.0 -104.0' goal '497.0 -471.0  24.0'
ARGEVT Reap hazard
ARGEVT Omi route 12 start '305.0 -983.0  24.0' goal '817.0 -855.0 -232.0'
ARGLOG Reap t 179.4 pos '112.0 234.7 -312.0' spd 107.4 yaw  75.2 mode 0 st 12 gl 2 hp 100 frg 2
ARGLOG Zeus t 179.5 pos '397.6 -423.8 -104.0' spd 218.1 yaw 338 mode 1 st 14 gl 8 hp 1 frg 7
ARGLOG Omi t 179.5 pos '424.4 -914.1  24.0' spd 361.4 yaw  75.3 mode 2 st 34 gl 4 hp 100 frg 1
ARGEVT Reap routefail
ARGEVT Zeus hazard
ARGEVT Reap goal 
ARGEVT Reap routefail
ARGEVT Reap goal item_armorInv
ARGEVT Reap abandon
ARGLOG Reap t 179.9 pos '112.0 234.7 -312.0' spd  92.5 yaw 241 mode 0 st 12 gl 2 hp 100 frg 2
ARGEVT Reap routefail
ARGLOG Zeus t 180.0 pos '522.9 -389.4 -104.0' spd 394.0 yaw 307.1 mode 1 st 14 gl 8 hp 1 frg 7
ARGLOG Omi t 180.0 pos '367.6 -769.7  24.0' spd 433.8 yaw 207.1 mode 2 st 34 gl 4 hp 100 frg 1
ARGEVT Reap stall
ARGEVT Reap jump
ARGEVT Reap goal 
ARGEVT Reap routefail
ARGEVT Reap goal weapon_supershotgun
ARGEVT Omi hazard
ARGEVT Reap route 12 start ' 49.0 105.0 -296.0' goal '273.0 -1015.0 -104.0'
ARGLOG Reap t 180.5 pos '104.9  98.9 -277.2' spd 329.2 yaw 264.7 mode 2 st 13 gl 2 hp 100 frg 2
ARGLOG Zeus t 180.6 pos '422.5 -240.0 -281.8' spd 300 yaw 294.1 mode 1 st 14 gl 8 hp 1 frg 7
ARGLOG Omi t 180.6 pos '215.9 -754.2  24.0' spd 162.5 yaw 60 mode 2 st 34 gl 4 hp 100 frg 1
ARGEVT Reap hazard
ARGLOG Reap t 181.0 pos '  4.2  55.9 -296.0' spd 323.0 yaw 179.6 mode 2 st 13 gl 2 hp 100 frg 2
ARGLOG Zeus t 181.1 pos '575.0 -271.1 -296.0' spd 320.0 yaw 2 mode 1 st 14 gl 8 hp 1 frg 7
ARGLOG Omi t 181.1 pos '210.2 -755.8  24.0' spd 117.1 yaw 58 mode 2 st 34 gl 4 hp 100 frg 1
ARGEVT Zeus hazard
ARGEVT Omi hazard
ARGLOG Reap t 181.5 pos '-78.8 -42.3 -296.0' spd 320.0 yaw 287.3 mode 2 st 13 gl 2 hp 100 frg 2
ARGLOG Zeus t 181.6 pos '616.6 -266.8 -296.0' spd 340.3 yaw 198.2 mode 1 st 14 gl 8 hp 1 frg 7
ARGLOG Omi t 181.6 pos '210.2 -755.8  24.0' spd 114.9 yaw 58 mode 2 st 34 gl 4 hp 100 frg 1
ARGEVT Omi stall
ARGEVT Omi stallnode '305.0 -599.0  24.0'
ARGEVT Omi jump
ARGEVT Zeus engage Reap
ARGEVT Zeus weapon rl
ARGEVT Reap engage Zeus
ARGLOG Reap t 182.0 pos '-22.1 -197.9 -296.0' spd 322.2 yaw 317.7 mode 2 st 13 gl 2 hp 100 frg 2
ARGEVT Omi route 11 start '209.0 -759.0  24.0' goal '817.0 -855.0 -232.0'
ARGLOG Zeus t 182.1 pos '461.8 -248.1 -296.0' spd 363.1 yaw 165 mode 1 st 14 gl 8 hp 1 frg 7
ARGLOG Omi t 182.1 pos '213.3 -771.1  59.0' spd  55.5 yaw 25 mode 2 st 35 gl 4 hp 100 frg 1
ARGEVT Zeus hazard
ARGLOG Reap t 182.5 pos '-17.2 -192.9 -296.0' spd 320.3 yaw 354 mode 2 st 13 gl 2 hp 100 frg 2
ARGEVT Zeus weapon lg
ARGLOG Zeus t 182.6 pos '461.8 -248.1 -296.0' spd 366.9 yaw 182 mode 1 st 14 gl 8 hp 1 frg 7
ARGLOG Omi t 182.6 pos '293.9 -752.0  24.0' spd 309.3 yaw  72.0 mode 2 st 35 gl 4 hp 100 frg 1
ARGEVT Zeus weapon rl
ARGEVT Zeus death
ARGEVT Zeus death Reap pos '461.8 -248.1 -296.0'
ARGLOG Reap t 183.0 pos '-16.0 -165.8 -296.0' spd 260.2 yaw 357 mode 2 st 13 gl 2 hp 70 frg 3
ARGEVT Reap hazard
ARGLOG Omi t 183.1 pos '338.3 -586.8  24.0' spd 333.5 yaw  57.1 mode 2 st 35 gl 4 hp 100 frg 1
ARGLOG Reap t 183.5 pos '-18.4 -64.0 -296.0' spd 259.5 yaw 338 mode 2 st 13 gl 2 hp 70 frg 3
ARGLOG Omi t 183.6 pos '428.2 -442.9  24.0' spd 323.4 yaw 33 mode 2 st 35 gl 4 hp 100 frg 1
ARGLOG Reap t 184.1 pos '-16.0 -43.8 -296.0' spd 291.6 yaw 273.7 mode 0 st 13 gl 2 hp 70 frg 3
ARGEVT Reap route 11 start '-79.0 -23.0 -296.0' goal '273.0 -1015.0 -104.0'
ARGLOG Omi t 184.2 pos '522.3 -315.3 -52.0' spd 305.6 yaw 44 mode 2 st 35 gl 4 hp 100 frg 1
ARGEVT Zeus respawn
ARGEVT Zeus goal weapon_supershotgun
ARGLOG Zeus t 184.5 pos '112.0 -1136.0 -104.0' spd 0 yaw  28.7 mode 1 st 14 gl 8 hp 100 frg 7
ARGEVT Omi engage Reap
ARGEVT Omi jump
ARGEVT Reap engage Omi
ARGLOG Reap t 184.6 pos '-28.8 -211.5 -296.0' spd 357.1 yaw 328.3 mode 2 st 13 gl 2 hp 70 frg 3
ARGLOG Omi t 184.7 pos '601.1 -186.0 -74.9' spd 226.0 yaw  80.7 mode 2 st 35 gl 4 hp 100 frg 1
ARGEVT Reap hazard
ARGLOG Zeus t 185.0 pos '252.5 -1069.4 -104.0' spd 320.0 yaw 26 mode 1 st 14 gl 8 hp 100 frg 7
ARGLOG Reap t 185.1 pos ' 83.8 -211.2 -296.0' spd 261.7 yaw 18 mode 2 st 13 gl 2 hp 70 frg 3
ARGLOG Omi t 185.2 pos '562.5 -74.2 -104.0' spd 231.0 yaw 193 mode 2 st 35 gl 4 hp 100 frg 1
ARGEVT Reap goal item_rockets
ARGEVT Zeus goal item_armorInv
ARGEVT Reap route 10 start ' 17.0 -247.0 -296.0' goal '401.0 -759.0 -104.0'
ARGLOG Zeus t 185.5 pos '364.2 -982.4 -104.0' spd 324.6 yaw 16 mode 0 st 14 gl 9 hp 100 frg 7
ARGLOG Reap t 185.6 pos ' 49.7 -224.3 -296.0' spd  94.7 yaw 17 mode 2 st 13 gl 2 hp 70 frg 3
ARGEVT Zeus route 17 start '369.0 -983.0 -104.0' goal '817.0 -855.0 -232.0'
ARGLOG Omi t 185.7 pos '478.3 -123.8 -104.0' spd 323.4 yaw 196 mode 2 st 35 gl 4 hp 100 frg 1
ARGEVT Zeus hazard
ARGLOG Zeus t 186.1 pos '463.7 -898.4 -104.0' spd 321.6 yaw 112 mode 0 st 14 gl 9 hp 100 frg 7
