LOG started on: 08/18/2026 09:31:47 
Playing registered version.
UDP Initialized
WIPX_OpenSocket: Address family not supported by protocol family
WIPX_Init: Unable to open control socket, IPX disabled
Exe: 20:02:47 Jul 31 2024
256.0 megabyte heap

Language initialization
Couldn't load 'localization/loc_english.txt'
from 'C:\argus\engine'

========= Quake Initialized =========

execing autoexec.cfg
SpawnServer: dm4
Clearing memory
Programs occupy 503K.
trying to open external vis file
maps/dm4.vis not found, trying argus.vis
external vis not found
ARGUS slots 8
ARGUS worldspawn reached
ARGNAV 145 nodes, 822 links
0 entities inhibited
ARGUS init on dm4
ARGEVT Reap spawned
ARGEVT Omi spawned
ARGEVT Zeus spawned
Server spawned.
ARGLOG Zeus t   1.2 pos '272.0 -952.0  24.0' spd 0 yaw 323.2 mode 0 st 0 gl 0 hp 100 frg 0
ARGLOG Omi t   1.2 pos '-64.0 -232.0 -72.0' spd 0 yaw  10.2 mode 0 st 0 gl 0 hp 100 frg 0
ARGLOG Reap t   1.2 pos '-64.0 512.0 -296.0' spd 0 yaw 252.0 mode 0 st 0 gl 0 hp 100 frg 0
ARGLOG Zeus t   1.7 pos '393.8 -1033.0  24.0' spd 181.7 yaw  97.5 mode 0 st 0 gl 0 hp 100 frg 0
ARGLOG Omi t   1.7 pos ' 89.6 -208.0 -72.0' spd 322.8 yaw  10.2 mode 0 st 0 gl 0 hp 100 frg 0
ARGLOG Reap t   1.7 pos ' -5.4 442.7 -296.0' spd 183.3 yaw 134.9 mode 0 st 0 gl 0 hp 100 frg 0
ARGEVT Omi hazard
ARGLOG Zeus t   2.2 pos '407.0 -875.7  24.0' spd 320.5 yaw  97.5 mode 0 st 0 gl 0 hp 100 frg 0
ARGLOG Omi t   2.2 pos '216.5 -208.4 -78.3' spd 103.4 yaw 203.1 mode 0 st 0 gl 0 hp 100 frg 0
ARGLOG Reap t   2.2 pos '-89.2 575.4 -296.0' spd 320.5 yaw 134.9 mode 0 st 0 gl 0 hp 100 frg 0
ARGLOG Zeus t   2.7 pos '366.1 -800.4  24.0' spd 326.6 yaw 245.7 mode 0 st 0 gl 0 hp 100 frg 0
ARGLOG Omi t   2.7 pos '208.0 -256.0 -238.0' spd  92.1 yaw 203.1 mode 0 st 0 gl 0 hp 100 frg 0
ARGLOG Reap t   2.7 pos '-32.6 603.7 -296.0' spd 259.1 yaw 213.6 mode 0 st 0 gl 0 hp 200 frg 0
ARGEVT Omi hazard
ARGLOG Zeus t   3.3 pos '288.9 -946.8  24.0' spd 320.1 yaw 245.7 mode 0 st 0 gl 0 hp 100 frg 0
ARGLOG Omi t   3.3 pos '143.6 -268.2 -296.0' spd 175.7 yaw  55.6 mode 0 st 0 gl 0 hp 100 frg 0
ARGLOG Reap t   3.3 pos '-103.2 517.5 -296.0' spd 274.8 yaw   6.7 mode 0 st 0 gl 0 hp 200 frg 0
ARGLOG Zeus t   3.8 pos '231.3 -972.9  24.0' spd 323.6 yaw  93.9 mode 0 st 0 gl 0 hp 100 frg 0
ARGLOG Omi t   3.8 pos '238.8 -203.1 -296.0' spd 320.6 yaw   3.5 mode 0 st 0 gl 0 hp 100 frg 0
ARGLOG Reap t   3.8 pos '-63.0 494.4 -296.0' spd 320.8 yaw 195.4 mode 0 st 0 gl 0 hp 200 frg 0
ARGLOG Zeus t   4.3 pos '212.8 -808.6  24.0' spd 320.0 yaw  93.9 mode 0 st 0 gl 0 hp 100 frg 0
ARGLOG Omi t   4.3 pos '308.3 -196.0 -296.0' spd 320.0 yaw 184.1 mode 0 st 0 gl 0 hp 100 frg 0
ARGLOG Reap t   4.3 pos '-81.1 520.8 -296.0' spd 320.9 yaw  34.3 mode 0 st 0 gl 0 hp 200 frg 0
ARGLOG Zeus t   4.8 pos '208.0 -852.8  24.0' spd 370.6 yaw 222.4 mode 0 st 0 gl 0 hp 100 frg 0
ARGLOG Omi t   4.8 pos '153.6 -212.6 -296.0' spd 170.5 yaw 322.8 mode 0 st 0 gl 0 hp 100 frg 0
ARGLOG Reap t   4.8 pos ' -7.8 483.9 -296.0' spd 324.7 yaw 259.5 mode 0 st 0 gl 0 hp 200 frg 0
ARGEVT Omi hazard
ARGEVT Zeus hazard
ARGLOG Zeus t   5.3 pos '212.5 -1034.4  24.0' spd 140.7 yaw 100.3 mode 0 st 0 gl 0 hp 100 frg 0
ARGLOG Omi t   5.3 pos '143.7 -214.5 -296.0' spd 320.3 yaw 327.9 mode 0 st 0 gl 0 hp 100 frg 0
ARGLOG Reap t   5.3 pos ' -7.2 545.6 -296.0' spd 320.0 yaw  87.8 mode 0 st 0 gl 0 hp 200 frg 0
ARGLOG Zeus t   5.8 pos '208.0 -887.8  24.0' spd 323.0 yaw 100.3 mode 0 st 0 gl 0 hp 100 frg 0
ARGLOG Omi t   5.8 pos '213.0 -221.9 -296.0' spd 152.4 yaw  67.6 mode 0 st 0 gl 0 hp 100 frg 0
ARGLOG Reap t   5.8 pos '-24.2 516.2 -296.0' spd 320.4 yaw 267.9 mode 0 st 0 gl 0 hp 200 frg 0
ARGEVT Omi hazard
ARGLOG Zeus t   6.4 pos '208.0 -780.5  24.0' spd 209.1 yaw 250.7 mode 0 st 0 gl 0 hp 100 frg 0
ARGLOG Omi t   6.4 pos '187.4 -277.7 -296.0' spd 114.4 yaw 130.8 mode 0 st 0 gl 0 hp 100 frg 0
ARGLOG Reap t   6.4 pos '-76.8 500.1 -296.0' spd 322.4 yaw 115.8 mode 0 st 0 gl 0 hp 200 frg 0
ARGEVT Reap hazard
ARGLOG Zeus t   6.9 pos '208.0 -949.3  24.0' spd 330.7 yaw 250.7 mode 0 st 0 gl 0 hp 100 frg 0
ARGLOG Omi t   6.9 pos '193.8 -237.7 -296.0' spd  89.9 yaw 145.4 mode 0 st 0 gl 0 hp 100 frg 0
ARGLOG Reap t   6.9 pos '-95.5 530.5 -296.0' spd 320.4 yaw 288.3 mode 0 st 0 gl 0 hp 200 frg 0
ARGLOG Zeus t   7.4 pos '275.7 -983.8  24.0' spd 324.2 yaw  51.0 mode 0 st 0 gl 0 hp 100 frg 0
ARGLOG Omi t   7.4 pos '202.9 -230.8 -296.0' spd 207.2 yaw 246.0 mode 0 st 0 gl 0 hp 100 frg 0
ARGLOG Reap t   7.4 pos '-72.6 500.1 -296.0' spd 320.2 yaw 103.1 mode 0 st 0 gl 0 hp 200 frg 0
ARGEVT Omi hazard
ARGLOG Zeus t   7.9 pos '387.2 -862.6  24.0' spd 320.0 yaw  51.0 mode 0 st 0 gl 0 hp 100 frg 0
ARGLOG Omi t   7.9 pos '176.9 -223.3 -296.0' spd 288.9 yaw 221.6 mode 0 st 0 gl 0 hp 100 frg 0
ARGLOG Reap t   7.9 pos '-58.7 583.4 -296.0' spd 325.2 yaw 309.7 mode 0 st 0 gl 0 hp 199 frg 0
ARGLOG Zeus t   8.4 pos '495.4 -752.0  24.0' spd 247.2 yaw 270.5 mode 0 st 0 gl 0 hp 100 frg 0
ARGEVT Zeus hazard
ARGLOG Omi t   8.4 pos '142.3 -264.4 -296.0' spd 270.5 yaw 116.6 mode 0 st 0 gl 0 hp 100 frg 0
ARGLOG Reap t   8.4 pos '-36.8 552.5 -296.0' spd 320.2 yaw 138.8 mode 0 st 0 gl 0 hp 199 frg 0
ARGEVT Omi hazard
ARGLOG Zeus t   8.9 pos '433.8 -763.4  24.0' spd 334.5 yaw 216.1 mode 0 st 0 gl 0 hp 100 frg 0
ARGLOG Omi t   8.9 pos ' 99.6 -249.7 -296.0' spd 109.7 yaw  44.7 mode 0 st 0 gl 0 hp 100 frg 0
ARGLOG Reap t   8.9 pos '-45.5 623.7 -296.0' spd 324.8 yaw 353.0 mode 0 st 0 gl 0 hp 198 frg 0
ARGLOG Zeus t   9.4 pos '291.4 -847.5  24.0' spd 320.1 yaw 216.1 mode 0 st 0 gl 0 hp 100 frg 0
ARGLOG Omi t   9.4 pos ' 30.1 -264.3 -296.0' spd 171.8 yaw 356.4 mode 0 st 0 gl 0 hp 100 frg 0
ARGLOG Reap t   9.4 pos '-101.7 589.8 -296.0' spd 113.2 yaw 359.9 mode 0 st 0 gl 0 hp 197 frg 0
ARGEVT Reap engage Omi
ARGEVT Omi engage Reap
ARGLOG Zeus t  10.0 pos '208.0 -959.6  24.0' spd 329.5 yaw 216.1 mode 0 st 0 gl 0 hp 100 frg 0
ARGLOG Omi t  10.0 pos '-26.8 -230.7 -296.0' spd 335.7 yaw 173.7 mode 0 st 0 gl 0 hp 100 frg 0
ARGLOG Reap t  10.0 pos ' -9.2 513.8 -296.0' spd 320.8 yaw 269 mode 0 st 0 gl 0 hp 197 frg 0
ARGEVT Zeus hazard
ARGEVT Reap hazard
ARGLOG Zeus t  10.5 pos '307.2 -1028.9  24.0' spd 322.7 yaw  19.5 mode 0 st 0 gl 0 hp 100 frg 0
ARGLOG Omi t  10.5 pos '-59.9 -76.8 -296.0' spd 262.9 yaw  72.5 mode 0 st 0 gl 0 hp 84 frg 0
ARGLOG Reap t  10.5 pos ' 55.5 399.6 -296.0' spd 320.1 yaw 253 mode 0 st 0 gl 0 hp 196 frg 0
ARGLOG Zeus t  11.0 pos '465.8 -982.5  24.0' spd 320.0 yaw  19.5 mode 0 st 0 gl 0 hp 100 frg 0
ARGLOG Omi t  11.0 pos '-45.6 -19.4 -296.0' spd 250.8 yaw 90 mode 0 st 0 gl 0 hp 72 frg 0
ARGLOG Reap t  11.0 pos '-45.6 422.7 -296.0' spd 323.2 yaw 266 mode 0 st 0 gl 0 hp 192 frg 0
ARGLOG Zeus t  11.5 pos '368.5 -980.1  24.0' spd 320.1 yaw 186.8 mode 0 st 0 gl 0 hp 100 frg 0
ARGLOG Omi t  11.5 pos '-80.0  32.2 -296.0' spd 122.1 yaw 74 mode 0 st 0 gl 0 hp 60 frg 0
ARGLOG Reap t  11.5 pos ' 81.6 401.6 -296.0' spd 325.8 yaw 246 mode 0 st 0 gl 0 hp 191 frg 0
ARGEVT Omi hazard
ARGLOG Zeus t  12.0 pos '208.0 -999.5  24.0' spd  37.3 yaw 186.8 mode 0 st 0 gl 0 hp 100 frg 0
ARGLOG Omi t  12.0 pos '-104.8 100.3 -296.0' spd 326.5 yaw 70 mode 0 st 0 gl 0 hp 44 frg 0
ARGLOG Reap t  12.0 pos ' -6.9 433.5 -296.0' spd 323.5 yaw 258 mode 0 st 0 gl 0 hp 191 frg 0
ARGLOG Zeus t  12.5 pos '208.0 -960.6  24.0' spd 341.0 yaw 131.5 mode 0 st 0 gl 0 hp 100 frg 0
ARGLOG Omi t  12.5 pos ' 68.6  90.5 -296.0' spd 411.1 yaw 123 mode 0 st 0 gl 0 hp 20 frg 0
ARGLOG Reap t  12.5 pos '-162.1 424.7 -296.0' spd 100.3 yaw 306 mode 0 st 0 gl 0 hp 190 frg 0
ARGLOG Zeus t  13.0 pos '208.0 -771.8  24.0' spd 367.7 yaw 270.3 mode 0 st 0 gl 0 hp 100 frg 0
ARGLOG Omi t  13.0 pos ' 15.0  76.7 -296.0' spd 355.6 yaw 88 mode 0 st 0 gl 0 hp 4 frg 0
ARGLOG Reap t  13.0 pos '-20.7 466.1 -296.0' spd 326.6 yaw 274 mode 0 st 0 gl 0 hp 190 frg 0
ARGEVT Omi death Reap pos '-137.6  71.6 -296.0'
ARGLOG Zeus t  13.6 pos '210.5 -894.5  24.0' spd 320.0 yaw 270.3 mode 0 st 0 gl 0 hp 100 frg 0
ARGLOG Reap t  13.6 pos '-105.8 467.2 -296.0' spd 190.0 yaw  51.0 mode 0 st 0 gl 0 hp 189 frg 1
ARGLOG Zeus t  14.1 pos '246.9 -1012.6  24.0' spd 323.1 yaw  39.9 mode 0 st 0 gl 0 hp 100 frg 0
ARGLOG Reap t  14.1 pos '-23.1 624.0 -261.8' spd 134.0 yaw 241.6 mode 0 st 0 gl 0 hp 71 frg 1
ARGLOG Zeus t  14.6 pos '388.2 -924.9  24.0' spd 320.2 yaw  39.9 mode 0 st 0 gl 0 hp 100 frg 0
ARGLOG Reap t  14.6 pos '-92.1 624.0 -218.2' spd 134.0 yaw 241.6 mode 0 st 0 gl 0 hp 71 frg 1
ARGEVT Omi respawn
ARGLOG Omi t  15.1 pos '112.0 -1136.0 -104.0' spd 0 yaw 350.9 mode 0 st 0 gl 0 hp 100 frg 0
ARGLOG Zeus t  15.1 pos '624.0  19.5 -296.0' spd 300 yaw 270 mode 0 st 0 gl 0 hp 100 frg 0
ARGLOG Reap t  15.1 pos '-121.1 578.4 -296.0' spd 325.7 yaw 241.6 mode 0 st 0 gl 0 hp 71 frg 1
ARGLOG Omi t  15.6 pos '208.0 -1162.1 -72.0' spd  66.7 yaw 350.9 mode 0 st 0 gl 0 hp 100 frg 0
ARGLOG Zeus t  15.6 pos '626.9 -145.6 -296.0' spd 320 yaw 270 mode 0 st 0 gl 0 hp 100 frg 0
ARGLOG Reap t  15.6 pos '-77.4 502.3 -296.0' spd 327.5 yaw  36.6 mode 0 st 0 gl 0 hp 71 frg 1
ARGLOG Omi t  16.1 pos '344.8 -1197.3 -24.0' spd 320.1 yaw 214.4 mode 0 st 0 gl 0 hp 100 frg 0
ARGLOG Zeus t  16.1 pos '637.3 -246.3 -296.0' spd 167.4 yaw 168.5 mode 0 st 0 gl 0 hp 100 frg 0
ARGLOG Reap t  16.1 pos ' 14.4 457.3 -296.0' spd 321.9 yaw 269.3 mode 0 st 0 gl 0 hp 71 frg 1
ARGEVT Omi hazard
ARGLOG Omi t  16.6 pos '352.4 -1162.6  -8.0' spd 265.5 yaw 176.2 mode 0 st 0 gl 0 hp 100 frg 0
ARGLOG Zeus t  16.6 pos '478.3 -209.0 -296.0' spd 320.0 yaw 168.5 mode 0 st 0 gl 0 hp 100 frg 0
ARGLOG Reap t  16.6 pos '-78.2 514.9 -296.0' spd 320.8 yaw 127.6 mode 0 st 0 gl 0 hp 71 frg 1
ARGEVT Zeus hazard
ARGLOG Omi t  17.1 pos '190.4 -1135.1 -28.8' spd 320.5 yaw 176.2 mode 0 st 0 gl 0 hp 100 frg 0
ARGLOG Zeus t  17.2 pos '349.9 -223.1 -296.0' spd 282.8 yaw 307.6 mode 0 st 0 gl 0 hp 100 frg 0
ARGLOG Reap t  17.2 pos '-139.8 467.2 -296.0' spd 321.5 yaw 269.4 mode 0 st 0 gl 0 hp 71 frg 1
ARGEVT Reap hazard
ARGLOG Omi t  17.6 pos '144.6 -1129.1 -104.0' spd 320.1 yaw   3.1 mode 0 st 0 gl 0 hp 100 frg 0
ARGLOG Zeus t  17.7 pos '388.1 -231.2 -296.0' spd 333.4 yaw 211.7 mode 0 st 0 gl 0 hp 100 frg 0
ARGLOG Reap t  17.7 pos '-158.5 417.1 -296.0' spd 242.6 yaw  26.7 mode 0 st 0 gl 0 hp 71 frg 1
ARGEVT Zeus hazard
ARGLOG Omi t  18.1 pos '224.2 -1088.9 -104.0' spd 327.3 yaw 150.7 mode 0 st 0 gl 0 hp 100 frg 0
ARGLOG Zeus t  18.2 pos '407.5 -178.6 -296.0' spd 183.7 yaw 169.2 mode 0 st 0 gl 0 hp 100 frg 0
ARGLOG Reap t  18.2 pos '-11.4 491.4 -296.0' spd 320.0 yaw 254.4 mode 0 st 0 gl 0 hp 71 frg 1
ARGLOG Omi t  18.6 pos ' 98.1 -998.4 -104.0' spd 135.0 yaw 357.3 mode 0 st 0 gl 0 hp 100 frg 0
ARGLOG Zeus t  18.7 pos '384.3 -108.3 -296.0' spd 326.4 yaw 176.0 mode 0 st 0 gl 0 hp 100 frg 0
ARGLOG Reap t  18.7 pos '-55.6 485.7 -296.0' spd 323.4 yaw 125.2 mode 0 st 0 gl 0 hp 71 frg 1
ARGLOG Omi t  19.2 pos '249.6 -985.2 -104.0' spd 320.2 yaw 357.3 mode 0 st 0 gl 0 hp 100 frg 0
ARGLOG Zeus t  19.2 pos '389.2 -96.9 -296.0' spd 151.5 yaw 218.6 mode 0 st 0 gl 0 hp 100 frg 0
ARGLOG Reap t  19.2 pos '-80.3 567.1 -296.0' spd 326.0 yaw 336.4 mode 0 st 0 gl 0 hp 71 frg 1
ARGEVT Zeus hazard
ARGLOG Omi t  19.7 pos '415.3 -989.2 -104.0' spd 320.0 yaw 357.3 mode 0 st 0 gl 0 hp 100 frg 0
ARGLOG Zeus t  19.7 pos '332.8 -53.8 -296.0' spd 320.1 yaw  96.5 mode 0 st 0 gl 0 hp 100 frg 0
ARGLOG Reap t  19.7 pos '-80.1 551.4 -296.0' spd 320.3 yaw 170.2 mode 0 st 0 gl 0 hp 71 frg 1
ARGEVT Zeus goal weapon_lightning
ARGEVT Reap goal weapon_supernailgun
ARGEVT Omi goal item_armorInv
ARGLOG Omi t  20.2 pos '464.0 -914.9 -104.0' spd 320.0 yaw 106.5 mode 0 st 0 gl 0 hp 100 frg 0
ARGEVT Zeus route 10 start '337.0   9.0 -296.0' goal '529.0 -311.0 -104.0'
ARGLOG Zeus t  20.2 pos '339.6  10.0 -296.0' spd 336.5 yaw  46.9 mode 2 st 0 gl 0 hp 100 frg 0
ARGLOG Reap t  20.2 pos '-28.3 620.2 -296.0' spd 354.5 yaw 335.0 mode 0 st 0 gl 0 hp 71 frg 1
ARGEVT Reap hazard
ARGEVT Zeus hazard
ARGEVT Reap routefail
ARGEVT Reap goal weapon_rocketlauncher
ARGEVT Omi hazard
ARGEVT Reap route 22 start '-15.0 553.0 -296.0' goal '721.0 -887.0 -232.0'
ARGLOG Omi t  20.7 pos '454.2 -755.3 -104.0' spd 347.5 yaw  49.0 mode 0 st 0 gl 0 hp 100 frg 0
ARGLOG Zeus t  20.8 pos '384.5  74.9 -288.0' spd 323.7 yaw 274 mode 2 st 0 gl 0 hp 100 frg 0
ARGLOG Reap t  20.8 pos ' 15.3 462.5 -296.0' spd 326.7 yaw 249.7 mode 2 st 0 gl 0 hp 71 frg 1
ARGEVT Omi route 18 start '401.0 -759.0 -104.0' goal '817.0 -855.0 -232.0'
ARGLOG Omi t  21.2 pos '463.7 -898.9 -104.0' spd 322.4 yaw 244.6 mode 2 st 0 gl 0 hp 100 frg 0
ARGLOG Zeus t  21.3 pos '400.1 -83.1 -296.0' spd 320.0 yaw 271 mode 2 st 0 gl 0 hp 100 frg 0
ARGLOG Reap t  21.3 pos ' 85.6 395.2 -296.0' spd 116.4 yaw 207 mode 2 st 0 gl 0 hp 71 frg 1
ARGEVT Reap hazard
ARGEVT Zeus hazard
ARGLOG Omi t  21.7 pos '319.1 -966.8 -104.0' spd 380.0 yaw 117 mode 2 st 0 gl 0 hp 100 frg 0
ARGLOG Zeus t  21.8 pos '432.0 -203.4 -296.0' spd  90.5 yaw 356 mode 2 st 0 gl 0 hp 100 frg 0
ARGLOG Reap t  21.8 pos ' 11.6 412.7 -296.0' spd 388.6 yaw 236 mode 2 st 0 gl 0 hp 71 frg 1
ARGLOG Omi t  22.3 pos '216.0 -830.0 -104.0' spd 332.9 yaw 154.9 mode 2 st 0 gl 0 hp 100 frg 0
ARGLOG Zeus t  22.3 pos '555.1 -219.8 -296.0' spd 321.1 yaw  21.6 mode 2 st 0 gl 0 hp 100 frg 0
ARGLOG Reap t  22.3 pos '-77.2 362.5 -296.0' spd 330.3 yaw 281 mode 2 st 0 gl 0 hp 71 frg 1
ARGEVT Reap hazard
ARGLOG Omi t  22.8 pos ' 80.6 -858.5 -104.0' spd 320.0 yaw 287.3 mode 0 st 0 gl 0 hp 100 frg 0
ARGLOG Zeus t  22.8 pos '655.1 -96.6 -296.0' spd 320.8 yaw 97 mode 2 st 0 gl 0 hp 100 frg 0
ARGLOG Reap t  22.8 pos '-62.0 205.7 -296.0' spd 333.5 yaw 277 mode 2 st 0 gl 0 hp 71 frg 1
ARGEVT Omi route 16 start ' 81.0 -951.0 -104.0' goal '817.0 -855.0 -232.0'
ARGLOG Omi t  23.3 pos '176.3 -1001.8 -104.0' spd 360.5 yaw 254.4 mode 2 st 0 gl 0 hp 100 frg 0
ARGLOG Zeus t  23.3 pos '639.4  66.3 -296.0' spd 320.1 yaw 101 mode 2 st 0 gl 0 hp 100 frg 0
ARGLOG Reap t  23.3 pos '-92.4  48.0 -296.0' spd   9.7 yaw 274 mode 2 st 0 gl 0 hp 71 frg 1
ARGLOG Omi t  23.8 pos '141.2 -1172.1 -104.0' spd 328.1 yaw 274.6 mode 2 st 0 gl 0 hp 100 frg 0
ARGEVT Omi jump
ARGLOG Zeus t  23.8 pos '341.7 -813.9  24.0' spd 351.5 yaw 99 mode 2 st 0 gl 0 hp 100 frg 0
ARGLOG Reap t  23.8 pos '-87.1  48.0 -296.0' spd   8.5 yaw 273 mode 2 st 0 gl 0 hp 71 frg 1
ARGLOG Omi t  24.3 pos '121.9 -1232.0 -81.3' spd  30.2 yaw 6 mode 2 st 0 gl 0 hp 100 frg 0
ARGLOG Zeus t  24.4 pos '304.9 -652.7  24.0' spd 320.0 yaw 89 mode 2 st 0 gl 0 hp 100 frg 0
ARGLOG Reap t  24.4 pos '-83.7  48.0 -296.0' spd   5.7 yaw 272 mode 2 st 0 gl 0 hp 71 frg 1
ARGEVT Reap stall
ARGEVT Reap stallnode '-79.0 -151.0 -296.0'
ARGEVT Reap jump
ARGLOG Omi t  24.8 pos '232.9 -1221.5 -56.0' spd 320.0 yaw 7 mode 2 st 0 gl 0 hp 100 frg 0
ARGLOG Zeus t  24.9 pos '307.8 -487.2  24.0' spd 327.4 yaw  58.4 mode 2 st 0 gl 0 hp 100 frg 0
ARGLOG Reap t  24.9 pos '-84.5  49.6 -267.0' spd  31.5 yaw 185.4 mode 0 st 1 gl 0 hp 71 frg 1
ARGEVT Reap route 19 start '-47.0  73.0 -296.0' goal '721.0 -887.0 -232.0'
ARGEVT Zeus engage Omi
ARGEVT Omi engage Zeus
ARGLOG Omi t  25.3 pos '349.5 -1120.5   8.0' spd 331.3 yaw 95 mode 2 st 0 gl 0 hp 100 frg 0
ARGLOG Zeus t  25.4 pos '340.3 -515.4  24.0' spd 320.6 yaw 325.5 mode 2 st 0 gl 0 hp 100 frg 0
ARGLOG Reap t  25.4 pos '-108.1  48.0 -296.0' spd  39.3 yaw 279 mode 2 st 1 gl 0 hp 71 frg 1
ARGEVT Reap hazard
ARGLOG Omi t  25.9 pos '248.1 -1009.6  24.0' spd 320.6 yaw 79 mode 2 st 0 gl 0 hp 100 frg 0
ARGLOG Zeus t  25.9 pos '321.2 -627.6  24.0' spd 305.8 yaw 255 mode 2 st 0 gl 0 hp 96 frg 0
ARGLOG Reap t  25.9 pos '-67.7 -41.0 -296.0' spd 322.6 yaw 282.3 mode 2 st 1 gl 0 hp 71 frg 1
ARGLOG Omi t  26.4 pos '208.0 -878.8  24.0' spd 379.8 yaw 55 mode 2 st 0 gl 0 hp 100 frg 0
ARGEVT Zeus route 4 start '305.0 -727.0  24.0' goal '529.0 -311.0 -104.0'
ARGLOG Zeus t  26.4 pos '335.4 -701.9  24.0' spd 306.1 yaw 231.3 mode 2 st 0 gl 0 hp 96 frg 0
ARGLOG Reap t  26.4 pos '-16.0 -198.1 -296.0' spd 286.5 yaw 319.3 mode 2 st 1 gl 0 hp 71 frg 1
ARGEVT Reap hazard
ARGLOG Omi t  26.9 pos '210.5 -801.4  24.0' spd 320.8 yaw 346 mode 2 st 0 gl 0 hp 100 frg 0
ARGLOG Zeus t  26.9 pos '360.1 -844.8  24.0' spd 324.2 yaw 165 mode 2 st 0 gl 0 hp 40 frg 0
ARGLOG Reap t  26.9 pos '108.5 -208.0 -296.0' spd 272.0 yaw 8 mode 2 st 1 gl 0 hp 71 frg 1
ARGEVT Zeus death Omi pos '337.6 -924.3  24.0'
ARGLOG Omi t  27.4 pos '271.2 -920.0  24.0' spd 401.1 yaw  64.6 mode 2 st 0 gl 0 hp 100 frg 1
ARGLOG Reap t  27.4 pos '273.1 -196.3 -296.0' spd 320.0 yaw 5 mode 2 st 1 gl 0 hp 71 frg 1
ARGLOG Omi t  27.9 pos '347.6 -759.0  24.0' spd 327.8 yaw 104 mode 2 st 0 gl 0 hp 100 frg 1
ARGLOG Reap t  28.0 pos '432.0 -197.0 -296.0' spd  21.7 yaw 354 mode 2 st 1 gl 0 hp 71 frg 1
ARGLOG Omi t  28.4 pos '331.5 -591.0  24.0' spd 353.6 yaw 51 mode 2 st 0 gl 0 hp 100 frg 1
ARGLOG Reap t  28.5 pos '432.0 -204.0 -296.0' spd  11.4 yaw 357 mode 2 st 1 gl 0 hp 71 frg 1
ARGEVT Zeus respawn
ARGEVT Zeus goal weapon_rocketlauncher
ARGLOG Zeus t  28.7 pos '776.0 -808.0 -232.0' spd 0 yaw 106.6 mode 1 st 0 gl 0 hp 100 frg 0
ARGEVT Reap engage Omi
ARGEVT Omi engage Reap
ARGEVT Omi goal weapon_lightning
ARGLOG Omi t  28.9 pos '434.6 -448.5  24.0' spd 361.1 yaw 79 mode 1 st 0 gl 0 hp 100 frg 1
ARGEVT Zeus hazard
ARGLOG Reap t  29.0 pos '485.6 -231.6 -296.0' spd 320.3 yaw 291.9 mode 2 st 1 gl 0 hp 71 frg 1
ARGLOG Zeus t  29.2 pos '720.0 -792.7 -222.3' spd 341.4 yaw 271.8 mode 1 st 0 gl 0 hp 100 frg 0
ARGEVT Omi pursue
ARGEVT Reap hazard
ARGEVT Reap goal weapon_lightning
ARGLOG Omi t  29.5 pos '543.1 -371.3  24.0' spd 348.5 yaw 120 mode 1 st 0 gl 0 hp 100 frg 1
ARGEVT Reap pursue
ARGEVT Reap route 8 start '593.0 -215.0 -296.0' goal '529.0 -311.0 -104.0'
ARGLOG Reap t  29.5 pos '607.0 -224.8 -296.0' spd 348.6 yaw 143.5 mode 2 st 1 gl 0 hp 71 frg 1
ARGEVT Zeus goal weapon_grenadelauncher
ARGEVT Zeus route 10 start '721.0 -887.0 -232.0' goal '113.0 -407.0 -104.0'
ARGLOG Zeus t  29.8 pos '368.0  25.1 -267.4' spd 300 yaw 241 mode 0 st 0 gl 1 hp 100 frg 0
ARGEVT Zeus engage Omi
ARGEVT Zeus route 9 start '337.0   9.0 -296.0' goal '113.0 -407.0 -104.0'
ARGLOG Omi t  30.0 pos '481.2 -212.7 -20.2' spd 329.4 yaw 214.6 mode 1 st 0 gl 0 hp 100 frg 1
ARGLOG Reap t  30.0 pos '592.0 -199.0 -296.0' spd 339.5 yaw 237 mode 2 st 1 gl 0 hp 71 frg 1
ARGEVT Zeus hazard
ARGEVT Reap jump
ARGLOG Zeus t  30.3 pos '349.5 -14.7 -296.0' spd 117.2 yaw 283 mode 2 st 0 gl 1 hp 100 frg 0
ARGEVT Reap route 8 start '593.0 -215.0 -296.0' goal '529.0 -311.0 -104.0'
ARGLOG Omi t  30.5 pos '333.2 -211.7 -264.5' spd 308.3 yaw 285.2 mode 1 st 0 gl 0 hp 100 frg 1
ARGLOG Reap t  30.5 pos '544.3 -264.6 -258.1' spd 106.5 yaw 167 mode 2 st 1 gl 0 hp 71 frg 1
ARGEVT Omi hazard
ARGLOG Zeus t  30.8 pos '350.1 -59.7 -296.0' spd 262.1 yaw 248 mode 2 st 0 gl 1 hp 100 frg 0
ARGEVT Zeus weapon sg
ARGLOG Omi t  31.0 pos '272.5 -237.8 -296.0' spd 229.3 yaw 8 mode 1 st 0 gl 0 hp 95 frg 1
ARGLOG Reap t  31.0 pos '512.2 -224.8 -296.0' spd 105.0 yaw 187 mode 2 st 1 gl 0 hp 51 frg 1
ARGLOG Zeus t  31.3 pos '350.3 -111.6 -296.0' spd 320.6 yaw 239 mode 2 st 0 gl 1 hp 100 frg 0
ARGEVT Zeus hazard
ARGEVT Omi death Reap pos '277.7 -240.6 -296.0'
ARGEVT Reap engage Zeus
ARGEVT Reap weapon sg
ARGEVT Reap hazard
ARGEVT Zeus engage Reap
ARGLOG Reap t  31.6 pos '458.4 -210.0 -296.0' spd 106.5 yaw 148 mode 2 st 1 gl 0 hp 51 frg 2
ARGLOG Zeus t  31.8 pos '362.6 -111.6 -296.0' spd 298.7 yaw 293.1 mode 2 st 0 gl 1 hp 90 frg 0
ARGLOG Reap t  32.1 pos '356.4 -264.2 -296.0' spd 217.3 yaw 81 mode 2 st 1 gl 0 hp 27 frg 2
ARGEVT Reap weapon rl
ARGEVT Reap weapon sg
ARGLOG Zeus t  32.3 pos '366.9 -96.2 -296.0' spd 169.5 yaw 270 mode 2 st 0 gl 1 hp 86 frg 0
ARGEVT Zeus hazard
ARGLOG Reap t  32.6 pos '389.1 -257.3 -296.0' spd 343.6 yaw 104.9 mode 2 st 1 gl 0 hp 11 frg 2
ARGEVT Reap hazard
ARGLOG Zeus t  32.9 pos '386.8 -85.6 -296.0' spd 101.6 yaw 293.1 mode 2 st 0 gl 1 hp 82 frg 0
ARGEVT Omi respawn
ARGEVT Omi goal item_armor2
ARGLOG Omi t  33.0 pos '784.0 -176.0  24.0' spd 0 yaw 196.6 mode 0 st 0 gl 0 hp 100 frg 1
ARGEVT Omi route 5 start '753.0 -151.0  24.0' goal '1169.0 -599.0  24.0'
ARGLOG Reap t  33.1 pos '476.8 -241.3 -296.0' spd 247.7 yaw 142 mode 2 st 1 gl 0 hp 7 frg 2
ARGEVT Omi hazard
ARGEVT Zeus weapon rl
ARGEVT Reap weapon rl
ARGLOG Zeus t  33.4 pos '322.3 -160.5 -296.0' spd 174.7 yaw 336 mode 2 st 0 gl 1 hp 78 frg 0
ARGLOG Omi t  33.5 pos '679.3 -208.0  24.0' spd  87.0 yaw 345 mode 2 st 0 gl 0 hp 100 frg 1
ARGLOG Reap t  33.6 pos '503.1 -266.7 -296.0' spd 352.9 yaw 119 mode 2 st 1 gl 0 hp 7 frg 2
ARGEVT Reap death Reap pos '550.2 -243.7 -296.0'
ARGEVT Zeus hazard
ARGLOG Zeus t  33.9 pos '386.4 -107.5 -296.0' spd 310.4 yaw 333 mode 2 st 0 gl 1 hp 78 frg 0
ARGLOG Omi t  34.0 pos '844.9 -231.6  24.0' spd 387.4 yaw 259 mode 2 st 0 gl 0 hp 100 frg 1
ARGLOG Zeus t  34.4 pos '412.4 -92.7 -296.0' spd 195.5 yaw 326 mode 2 st 0 gl 1 hp 78 frg 0
ARGLOG Omi t  34.5 pos '856.5 -405.7  24.0' spd 322.8 yaw 250 mode 2 st 0 gl 0 hp 100 frg 1
ARGEVT Zeus hazard
ARGLOG Zeus t  34.9 pos '408.2 -69.9 -296.0' spd 264.9 yaw 322 mode 2 st 0 gl 1 hp 78 frg 0
ARGEVT Zeus stall
ARGEVT Zeus stallnode '593.0 -215.0 -296.0'
ARGEVT Zeus jump
ARGLOG Omi t  35.0 pos '825.6 -570.9  24.0' spd 373.6 yaw 329.2 mode 2 st 0 gl 0 hp 100 frg 1
ARGEVT Zeus route 8 start '401.0 -183.0 -296.0' goal '113.0 -407.0 -104.0'
ARGEVT Reap respawn
ARGEVT Reap goal item_health
ARGLOG Reap t  35.3 pos '-64.0 512.0 -296.0' spd 0 yaw 286.3 mode 1 st 1 gl 0 hp 100 frg 1
ARGLOG Zeus t  35.4 pos '404.8 -264.9 -261.2' spd 382.7 yaw 305.9 mode 2 st 1 gl 1 hp 78 frg 0
ARGLOG Omi t  35.5 pos '981.4 -619.6  24.0' spd 320.8 yaw 10 mode 1 st 0 gl 0 hp 100 frg 1
ARGEVT Reap hazard
ARGLOG Reap t  35.8 pos ' 13.7 475.4 -296.0' spd 315.9 yaw  91.4 mode 1 st 1 gl 0 hp 100 frg 1
ARGEVT Zeus swim
ARGLOG Zeus t  35.9 pos '432.0 -364.0 -380.9' spd  57.3 yaw 42 mode 2 st 1 gl 1 hp 72 frg 0
ARGEVT Omi goal weapon_lightning
ARGLOG Omi t  36.0 pos '1147.2 -602.3  24.0' spd 326.5 yaw   3.5 mode 0 st 0 gl 1 hp 100 frg 1
ARGEVT Omi route 6 start '1169.0 -599.0  24.0' goal '529.0 -311.0 -104.0'
ARGEVT Zeus swim
ARGEVT Reap goal weapon_lightning
ARGEVT Omi hazard
ARGEVT Reap route 16 start '-15.0 553.0 -296.0' goal '529.0 -311.0 -104.0'
ARGLOG Reap t  36.4 pos '-27.3 624.0 -296.0' spd  47.5 yaw 358.3 mode 2 st 1 gl 1 hp 200 frg 1
ARGEVT Zeus swim
ARGLOG Zeus t  36.5 pos '432.0 -325.3 -382.5' spd 101.9 yaw 34 mode 2 st 1 gl 1 hp 68 frg 0
ARGLOG Omi t  36.6 pos '1117.6 -560.0  24.0' spd 343.9 yaw 167.7 mode 2 st 0 gl 1 hp 100 frg 1
ARGEVT Zeus swim
ARGEVT Zeus swim
ARGLOG Reap t  36.9 pos ' -0.2 480.7 -296.0' spd 325.5 yaw 253 mode 2 st 1 gl 1 hp 200 frg 1
ARGLOG Zeus t  37.0 pos '432.0 -304.0 -378.1' spd 0 yaw 28 mode 2 st 1 gl 1 hp 62 frg 0
ARGEVT Reap hazard
ARGLOG Omi t  37.1 pos '951.1 -548.2  24.0' spd 324.1 yaw 155 mode 2 st 0 gl 1 hp 100 frg 1
ARGEVT Zeus swim
ARGEVT Zeus swim
ARGLOG Reap t  37.4 pos ' 62.6 402.7 -296.0' spd 117.2 yaw 214 mode 2 st 1 gl 1 hp 200 frg 1
ARGLOG Zeus t  37.5 pos '432.0 -304.0 -380.0' spd 0 yaw 28 mode 2 st 1 gl 1 hp 56 frg 0
ARGLOG Omi t  37.6 pos '813.4 -453.7  24.0' spd 355.7 yaw 88 mode 2 st 0 gl 1 hp 100 frg 1
ARGEVT Zeus swim
ARGEVT Omi hazard
ARGEVT Zeus stall
ARGEVT Zeus stallnode '593.0 -215.0 -296.0'
ARGEVT Zeus swim
ARGLOG Reap t  37.9 pos ' -0.5 423.3 -296.0' spd 397.6 yaw 244 mode 2 st 1 gl 1 hp 200 frg 1
ARGEVT Zeus abandon
ARGEVT Zeus goal item_health
ARGEVT Zeus abandon
ARGLOG Zeus t  38.0 pos '432.0 -304.0 -381.8' spd 0 yaw 206.6 mode 0 st 2 gl 1 hp 39 frg 0
ARGEVT Zeus routefail
ARGEVT Zeus swim
ARGLOG Omi t  38.1 pos '772.0 -412.1 -20.5' spd  34.0 yaw 74 mode 2 st 0 gl 1 hp 100 frg 1
ARGEVT Reap hazard
ARGEVT Zeus goal item_health
ARGEVT Zeus abandon
ARGEVT Zeus routefail
ARGEVT Zeus swim
ARGEVT Zeus goal item_health
ARGEVT Zeus abandon
ARGLOG Reap t  38.4 pos '-95.4 407.2 -296.0' spd 327.4 yaw 284 mode 2 st 1 gl 1 hp 200 frg 1
ARGEVT Zeus routefail
ARGLOG Zeus t  38.5 pos '432.0 -304.8 -379.4' spd   0.7 yaw 170.7 mode 0 st 2 gl 1 hp 9 frg 0
ARGEVT Zeus death world pos '430.5 -304.6 -381.6'
ARGLOG Omi t  38.6 pos '843.8 -400.3 -104.0' spd 277.2 yaw 99 mode 2 st 0 gl 1 hp 100 frg 1
ARGEVT Omi hazard
ARGLOG Reap t  38.9 pos '-35.8 250.7 -296.0' spd 323.5 yaw 267 mode 2 st 1 gl 1 hp 200 frg 1
ARGLOG Omi t  39.1 pos '854.6 -400.0 -104.0' spd 285.4 yaw 103 mode 2 st 0 gl 1 hp 100 frg 1
ARGEVT Omi stall
ARGEVT Omi stallnode '817.0 -247.0  24.0'
ARGEVT Omi jump
ARGLOG Reap t  39.4 pos '-40.4  85.5 -296.0' spd 320.4 yaw 261 mode 2 st 1 gl 1 hp 200 frg 1
ARGEVT Omi route 14 start '849.0 -439.0 -104.0' goal '529.0 -311.0 -104.0'
ARGLOG Omi t  39.6 pos '752.0 -444.7 -69.1' spd 155.5 yaw 291.6 mode 2 st 1 gl 1 hp 100 frg 1
ARGLOG Reap t  40.0 pos '-58.8 -79.9 -296.0' spd 342.3 yaw 295 mode 2 st 1 gl 1 hp 200 frg 1
ARGEVT Zeus respawn
ARGEVT Zeus goal weapon_lightning
ARGLOG Zeus t  40.2 pos '-64.0 -232.0 -72.0' spd 0 yaw 354 mode 0 st 2 gl 1 hp 100 frg -1
ARGLOG Omi t  40.2 pos '755.4 -565.4 -136.0' spd 320.2 yaw 269 mode 2 st 1 gl 1 hp 100 frg 1
ARGEVT Zeus route 5 start '-47.0 -215.0 -72.0' goal '529.0 -311.0 -104.0'
ARGLOG Reap t  40.5 pos '  6.6 -234.6 -296.0' spd 357.7 yaw 357.3 mode 2 st 1 gl 1 hp 200 frg 1
ARGLOG Zeus t  40.7 pos ' 88.8 -208.0 -72.0' spd 308.1 yaw 23 mode 2 st 2 gl 1 hp 100 frg -1
ARGLOG Omi t  40.7 pos '752.0 -729.9 -190.2' spd 322.3 yaw 259 mode 2 st 1 gl 1 hp 100 frg 1
ARGEVT Reap hazard
ARGLOG Reap t  41.0 pos '150.8 -215.2 -296.0' spd 329.2 yaw 14 mode 2 st 1 gl 1 hp 200 frg 1
ARGEVT Zeus engage Reap
ARGEVT Reap engage Zeus
ARGEVT Zeus hazard
ARGLOG Zeus t  41.2 pos '208.0 -223.9 -78.3' spd  85.9 yaw 284.7 mode 2 st 2 gl 1 hp 100 frg -1
ARGLOG Omi t  41.2 pos '724.9 -896.0 -232.0' spd 370.6 yaw 187.4 mode 0 st 1 gl 1 hp 100 frg 1
ARGEVT Omi hazard
ARGEVT Omi route 11 start '721.0 -887.0 -232.0' goal '529.0 -311.0 -104.0'
ARGLOG Reap t  41.5 pos '136.8 -232.1 -296.0' spd 120.4 yaw  22.3 mode 2 st 1 gl 1 hp 199 frg 1
ARGLOG Zeus t  41.7 pos '217.5 -206.5 -239.1' spd  45.4 yaw 220.1 mode 2 st 2 gl 1 hp 100 frg -1
ARGLOG Omi t  41.7 pos '720.0 -804.9 -232.0' spd 320.2 yaw 87 mode 0 st 1 gl 1 hp 100 frg 1
ARGEVT Omi route 11 start '721.0 -887.0 -232.0' goal '529.0 -311.0 -104.0'
ARGEVT Reap hazard
ARGLOG Reap t  42.0 pos ' 91.2 -237.7 -296.0' spd 342.2 yaw 11 mode 2 st 1 gl 1 hp 175 frg 1
ARGLOG Zeus t  42.2 pos '334.2 -245.3 -296.0' spd 135.6 yaw 185 mode 2 st 2 gl 1 hp 56 frg -1
ARGLOG Omi t  42.2 pos '816.0 -704.5 -200.0' spd 151.5 yaw 282.8 mode 2 st 1 gl 1 hp 100 frg 1
ARGEVT Zeus hazard
ARGLOG Reap t  42.5 pos '131.5 -246.7 -296.0' spd 320.0 yaw 20 mode 2 st 1 gl 1 hp 162 frg 1
ARGLOG Zeus t  42.7 pos '350.5 -250.6 -296.0' spd 327.7 yaw 172 mode 2 st 2 gl 1 hp 24 frg -1
ARGLOG Omi t  42.7 pos '763.7 -860.2 -232.0' spd 330.3 yaw 213 mode 2 st 1 gl 1 hp 100 frg 1
ARGEVT Omi hazard
ARGEVT Reap hazard
ARGLOG Reap t  43.0 pos '166.7 -240.6 -296.0' spd 259.7 yaw   9.1 mode 2 st 1 gl 1 hp 138 frg 1
ARGEVT Zeus death Reap pos '346.3 -262.7 -296.0'
ARGEVT Omi route 11 start '721.0 -887.0 -232.0' goal '529.0 -311.0 -104.0'
ARGLOG Omi t  43.2 pos '721.8 -767.7 -232.0' spd 330.3 yaw  54.4 mode 2 st 1 gl 1 hp 100 frg 1
ARGLOG Reap t  43.6 pos '258.7 -240.0 -296.0' spd 384.0 yaw 21 mode 2 st 1 gl 1 hp 137 frg 2
ARGLOG Omi t  43.8 pos '848.0 -768.4 -216.0' spd 337.6 yaw 248.9 mode 2 st 1 gl 1 hp 100 frg 1
ARGLOG Reap t  44.1 pos '431.6 -233.9 -296.0' spd 320.0 yaw 6 mode 2 st 1 gl 1 hp 136 frg 2
ARGLOG Omi t  44.3 pos '737.6 -898.5 -232.0' spd 366.1 yaw 149.0 mode 0 st 1 gl 1 hp 100 frg 1
ARGEVT Omi hazard
ARGLOG Reap t  44.6 pos '597.0 -204.4 -296.0' spd 363.3 yaw  74.2 mode 2 st 1 gl 1 hp 136 frg 2
ARGEVT Omi route 11 start '721.0 -887.0 -232.0' goal '529.0 -311.0 -104.0'
ARGEVT Zeus respawn
ARGEVT Zeus goal weapon_rocketlauncher
ARGLOG Zeus t  44.7 pos '272.0 -952.0  24.0' spd 0 yaw  16.3 mode 0 st 2 gl 1 hp 100 frg -1
ARGLOG Omi t  44.8 pos '720.0 -755.1 -232.0' spd 369.2 yaw 158.3 mode 2 st 1 gl 1 hp 100 frg 1
ARGEVT Zeus route 10 start '305.0 -983.0  24.0' goal ' 49.0 105.0 -296.0'
ARGLOG Reap t  45.1 pos '655.1 -43.1 -296.0' spd 321.3 yaw 99 mode 2 st 1 gl 1 hp 135 frg 2
ARGLOG Zeus t  45.3 pos '406.5 -868.3  24.0' spd 328.7 yaw 8 mode 2 st 2 gl 1 hp 100 frg -1
ARGLOG Omi t  45.3 pos '720.3 -837.6 -232.0' spd 320.0 yaw 271 mode 2 st 1 gl 1 hp 100 frg 1
ARGEVT Reap engage Zeus
ARGEVT Reap weapon ssg
ARGEVT Zeus engage Reap
ARGEVT Omi hazard
ARGLOG Reap t  45.6 pos '675.1  38.5 -296.0' spd 321.5 yaw 137 mode 2 st 1 gl 1 hp 135 frg 2
ARGEVT Omi route 11 start '721.0 -887.0 -232.0' goal '529.0 -311.0 -104.0'
ARGEVT Reap hazard
ARGLOG Zeus t  45.8 pos '605.9  92.3 -296.0' spd 196.3 yaw 322 mode 2 st 2 gl 1 hp 100 frg -1
ARGLOG Omi t  45.8 pos '720.0 -890.1 -232.0' spd 265.5 yaw 108 mode 0 st 1 gl 1 hp 100 frg 1
ARGEVT Omi route 11 start '721.0 -887.0 -232.0' goal '529.0 -311.0 -104.0'
ARGEVT Reap weapon rl
ARGLOG Reap t  46.1 pos '711.6 100.0 -296.0' spd 205.8 yaw 196.6 mode 2 st 1 gl 1 hp 120 frg 2
ARGLOG Zeus t  46.3 pos '544.7  39.2 -296.0' spd 153.6 yaw  14.3 mode 2 st 2 gl 1 hp 93 frg -1
ARGLOG Omi t  46.3 pos '720.4 -732.6 -216.0' spd 217.9 yaw 190.9 mode 2 st 1 gl 1 hp 100 frg 1
ARGEVT Reap weapon ssg
ARGLOG Reap t  46.6 pos '729.2  85.7 -296.0' spd 243.0 yaw 185 mode 2 st 1 gl 1 hp 106 frg 2
ARGLOG Zeus t  46.8 pos '602.5  34.8 -296.0' spd 320.6 yaw  15.7 mode 2 st 2 gl 1 hp 93 frg -1
ARGLOG Omi t  46.9 pos '721.5 -841.2 -232.0' spd 320.0 yaw 253.4 mode 2 st 1 gl 1 hp 100 frg 1
ARGEVT Reap weapon rl
ARGEVT Omi hazard
ARGEVT Omi route 11 start '721.0 -887.0 -232.0' goal '529.0 -311.0 -104.0'
ARGLOG Reap t  47.2 pos '427.4 -854.0  36.6' spd 294.3 yaw 147.7 mode 0 st 1 gl 1 hp 105 frg 2
ARGLOG Zeus t  47.3 pos '636.1 -150.3 -296.0' spd 339.3 yaw 346.2 mode 2 st 2 gl 1 hp 53 frg -1
ARGEVT Reap route 5 start '401.0 -887.0  24.0' goal '529.0 -311.0 -104.0'
ARGLOG Omi t  47.4 pos '720.0 -829.3 -232.0' spd 331.1 yaw  92.7 mode 0 st 1 gl 1 hp 100 frg 1
ARGEVT Zeus pursue
ARGEVT Reap pursue
ARGEVT Omi route 11 start '721.0 -887.0 -232.0' goal '529.0 -311.0 -104.0'
ARGEVT Zeus hazard
ARGLOG Reap t  47.7 pos '367.5 -744.0  24.0' spd 217.6 yaw  97.7 mode 2 st 1 gl 1 hp 105 frg 2
ARGLOG Zeus t  47.8 pos '656.0 -203.1 -296.0' spd 320.5 yaw 84 mode 2 st 2 gl 1 hp 53 frg -1
ARGLOG Omi t  47.9 pos '795.4 -721.6 -216.0' spd 340.7 yaw 316.5 mode 2 st 1 gl 1 hp 100 frg 1
ARGLOG Reap t  48.2 pos '367.7 -575.5  24.0' spd 321.8 yaw  81.6 mode 2 st 1 gl 1 hp 104 frg 2
ARGLOG Zeus t  48.3 pos '656.0 -37.6 -296.0' spd 323.4 yaw 78 mode 2 st 2 gl 1 hp 53 frg -1
ARGLOG Omi t  48.4 pos '803.1 -861.4 -232.0' spd 348.9 yaw 198 mode 2 st 1 gl 1 hp 100 frg 1
ARGEVT Omi hazard
ARGLOG Reap t  48.7 pos '408.8 -413.0  22.0' spd 321.7 yaw 59 mode 2 st 1 gl 1 hp 104 frg 2
ARGLOG Zeus t  48.9 pos '440.4 -864.0  40.8' spd 300 yaw 147.0 mode 0 st 2 gl 1 hp 53 frg -1
ARGLOG Omi t  48.9 pos '720.0 -810.2 -232.0' spd 320.2 yaw 88 mode 0 st 1 gl 1 hp 100 frg 1
ARGEVT Omi route 11 start '721.0 -887.0 -232.0' goal '529.0 -311.0 -104.0'
ARGEVT Zeus route 9 start '401.0 -887.0  24.0' goal ' 49.0 105.0 -296.0'
ARGLOG Reap t  49.2 pos '479.0 -263.3 -104.0' spd 321.7 yaw 56 mode 1 st 1 gl 1 hp 103 frg 2
ARGLOG Zeus t  49.4 pos '365.3 -751.0  24.0' spd 333.1 yaw 69 mode 2 st 2 gl 1 hp 53 frg -1
ARGLOG Omi t  49.4 pos '816.0 -707.8 -200.0' spd 140.2 yaw 284.5 mode 2 st 1 gl 1 hp 100 frg 1
ARGEVT Zeus hazard
ARGLOG Reap t  49.7 pos '586.7 -135.9 -104.0' spd 380.8 yaw 331.8 mode 1 st 1 gl 1 hp 103 frg 2
ARGLOG Zeus t  49.9 pos '362.5 -657.9  24.0' spd 254.3 yaw 305 mode 2 st 2 gl 1 hp 53 frg -1
ARGLOG Omi t  49.9 pos '768.1 -864.6 -232.0' spd 335.1 yaw 206 mode 2 st 1 gl 1 hp 100 frg 1
ARGEVT Omi hazard
ARGLOG Reap t  50.2 pos '595.6 -259.0 -104.0' spd 340.2 yaw 214 mode 1 st 1 gl 1 hp 102 frg 2
ARGEVT Reap goal item_artifact_super_damage
ARGEVT Omi route 11 start '721.0 -887.0 -232.0' goal '529.0 -311.0 -104.0'
ARGLOG Zeus t  50.4 pos '415.2 -829.0  24.0' spd 351.3 yaw 343 mode 2 st 2 gl 1 hp 53 frg -1
ARGEVT Omi goal weapon_grenadelauncher
ARGLOG Omi t  50.5 pos '725.5 -778.1 -232.0' spd 173.3 yaw 324.2 mode 0 st 1 gl 1 hp 100 frg 1
ARGEVT Omi route 11 start '721.0 -759.0 -232.0' goal '113.0 -407.0 -104.0'
ARGEVT Reap hazard
ARGLOG Reap t  50.8 pos '452.4 -270.0 -104.0' spd 339.4 yaw 107.4 mode 0 st 1 gl 2 hp 102 frg 2
ARGEVT Reap routefail
ARGLOG Zeus t  50.9 pos '622.9 -14.1 -296.0' spd 321.2 yaw 262 mode 2 st 2 gl 1 hp 53 frg -1
ARGLOG Omi t  51.0 pos '846.4 -859.0 -232.0' spd 346.7 yaw 226.0 mode 2 st 1 gl 1 hp 100 frg 1
ARGEVT Reap goal weapon_supernailgun
ARGEVT Reap routefail
ARGEVT Reap goal item_cells
ARGEVT Reap route 3 start '433.0 -119.0 -104.0' goal '305.0 -407.0 -104.0'
ARGLOG Reap t  51.3 pos '475.4 -103.0 -104.0' spd 351.8 yaw  25.7 mode 2 st 1 gl 2 hp 101 frg 2
ARGEVT Omi route 9 start '337.0   9.0 -296.0' goal '113.0 -407.0 -104.0'
ARGLOG Zeus t  51.4 pos '603.4 -177.3 -296.0' spd 320.4 yaw 240.4 mode 2 st 2 gl 1 hp 53 frg -1
ARGLOG Omi t  51.5 pos '368.0 -36.7 -296.0' spd 300 yaw 283 mode 2 st 1 gl 1 hp 100 frg 1
ARGEVT Zeus route 4 start '497.0 -247.0 -296.0' goal ' 49.0 105.0 -296.0'
ARGEVT Zeus engage Omi
ARGEVT Omi engage Zeus
ARGLOG Reap t  51.8 pos '622.4 -131.2 -104.0' spd 359.4 yaw 221.2 mode 2 st 1 gl 2 hp 101 frg 2
ARGLOG Zeus t  51.9 pos '464.8 -253.5 -296.0' spd 350.5 yaw 132 mode 2 st 2 gl 1 hp 53 frg -1
ARGEVT Zeus hazard
ARGLOG Omi t  52.0 pos '381.2 -127.6 -296.0' spd 220.9 yaw 303 mode 2 st 1 gl 1 hp 100 frg 1
ARGLOG Reap t  52.3 pos '502.4 -259.0 -104.0' spd 341.9 yaw 259.2 mode 2 st 1 gl 2 hp 100 frg 2
ARGEVT Omi hazard
ARGLOG Zeus t  52.5 pos '549.6 -242.0 -296.0' spd 223.5 yaw 138.1 mode 2 st 2 gl 1 hp 53 frg -1
ARGEVT Zeus pursue
ARGEVT Omi pursue
ARGLOG Omi t  52.5 pos '385.4 -98.0 -296.0' spd 110.9 yaw 308 mode 2 st 1 gl 1 hp 100 frg 1
ARGEVT Reap engage Omi
ARGLOG Reap t  52.8 pos '422.5 -385.2 -104.0' spd 334.0 yaw 174.0 mode 1 st 1 gl 2 hp 100 frg 2
ARGLOG Zeus t  53.0 pos '510.7 -231.4 -296.0' spd 124.6 yaw 161 mode 2 st 2 gl 1 hp 35 frg -1
ARGLOG Omi t  53.0 pos '384.5 -215.1 -296.0' spd 330.5 yaw 347 mode 2 st 1 gl 1 hp 96 frg 1
ARGLOG Reap t  53.3 pos '531.0 -317.5 -104.0' spd 326.0 yaw 145 mode 1 st 1 gl 2 hp 100 frg 2
ARGEVT Reap pursue
ARGLOG Zeus t  53.5 pos '553.1 -226.3 -296.0' spd 116.8 yaw 173 mode 2 st 2 gl 1 hp 8 frg -1
ARGLOG Omi t  53.5 pos '396.1 -227.5 -296.0' spd 292.9 yaw 348 mode 2 st 1 gl 1 hp 92 frg 1
ARGEVT Reap hazard
ARGEVT Omi hazard
ARGEVT Zeus death Omi pos '526.0 -221.0 -296.0'
ARGEVT Omi engage Reap
ARGLOG Reap t  53.8 pos '441.1 -233.1 -104.0' spd 221.5 yaw 180.5 mode 1 st 1 gl 2 hp 100 frg 2
ARGLOG Omi t  54.1 pos '338.8 -248.1 -296.0' spd 188.0 yaw  10.2 mode 2 st 1 gl 1 hp 80 frg 2
ARGLOG Reap t  54.4 pos '337.7 -223.0 -199.7' spd 211.0 yaw 156.4 mode 1 st 1 gl 2 hp 100 frg 2
ARGLOG Omi t  54.6 pos '180.0 -212.9 -296.0' spd 432.6 yaw 352 mode 0 st 1 gl 1 hp 56 frg 2
ARGEVT Omi routefail
ARGEVT Omi goal weapon_rocketlauncher
ARGEVT Omi route 3 start '113.0 -279.0 -296.0' goal ' 49.0 105.0 -296.0'
ARGLOG Reap t  54.9 pos '328.0 -231.7 -296.0' spd 200.5 yaw 176 mode 1 st 1 gl 2 hp 88 frg 2
ARGEVT Reap hazard
ARGEVT Omi death Reap pos ' 50.8 -232.4 -296.0'
ARGEVT Zeus respawn
ARGEVT Zeus goal weapon_supershotgun
ARGLOG Zeus t  55.4 pos '112.0 -1136.0 -104.0' spd 0 yaw  28.4 mode 1 st 2 gl 1 hp 100 frg -1
ARGLOG Reap t  55.4 pos '239.8 -280.9 -296.0' spd 324.0 yaw 193 mode 1 st 1 gl 2 hp 82 frg 3
ARGLOG Zeus t  55.9 pos '252.3 -1069.5 -104.0' spd 320.0 yaw 26 mode 1 st 2 gl 1 hp 100 frg -1
ARGLOG Reap t  55.9 pos ' 73.0 -250.9 -296.0' spd 384.1 yaw  94.4 mode 1 st 1 gl 2 hp 82 frg 3
ARGEVT Reap hazard
ARGEVT Zeus goal weapon_rocketlauncher
ARGEVT Zeus route 10 start '273.0 -1015.0 -104.0' goal ' 49.0 105.0 -296.0'
ARGLOG Zeus t  56.4 pos '321.5 -958.6 -104.0' spd 322.6 yaw 68 mode 2 st 2 gl 2 hp 100 frg -1
ARGLOG Reap t  56.4 pos ' 86.8 -208.0 -296.0' spd 294.1 yaw 319 mode 1 st 1 gl 2 hp 82 frg 3
ARGEVT Omi respawn
ARGEVT Omi goal item_armor2
ARGLOG Omi t  56.6 pos '776.0 -808.0 -232.0' spd 0 yaw  73.4 mode 0 st 1 gl 1 hp 100 frg 2
ARGEVT Omi route 18 start '817.0 -855.0 -232.0' goal '1169.0 -599.0  24.0'
ARGEVT Omi hazard
ARGLOG Zeus t  56.9 pos '372.3 -799.9 -104.0' spd 332.2 yaw 98 mode 2 st 2 gl 2 hp 100 frg -1
ARGLOG Reap t  56.9 pos '206.1 -266.4 -296.0' spd 338.8 yaw  48.3 mode 1 st 1 gl 2 hp 82 frg 3
ARGLOG Omi t  57.1 pos '835.9 -741.7 -216.0' spd 274.4 yaw 267.9 mode 2 st 1 gl 1 hp 100 frg 2
ARGLOG Zeus t  57.4 pos '355.6 -695.8 -104.0' spd 320.5 yaw 98 mode 2 st 2 gl 2 hp 100 frg -1
ARGLOG Reap t  57.4 pos '369.4 -228.3 -296.0' spd 366.1 yaw 309.1 mode 1 st 1 gl 2 hp 82 frg 3
ARGEVT Reap hazard
ARGLOG Omi t  57.6 pos '753.7 -887.7 -232.0' spd 344.9 yaw 174.7 mode 2 st 1 gl 1 hp 100 frg 2
ARGEVT Omi route 17 start '721.0 -887.0 -232.0' goal '1169.0 -599.0  24.0'
ARGLOG Zeus t  58.0 pos '357.6 -530.2 -104.0' spd 320.8 yaw 76 mode 2 st 2 gl 2 hp 100 frg -1
ARGLOG Reap t  58.0 pos '534.4 -266.8 -296.0' spd 310.7 yaw 253.4 mode 1 st 1 gl 2 hp 82 frg 3
ARGLOG Omi t  58.1 pos '741.5 -777.8 -232.0' spd 376.2 yaw   9.2 mode 2 st 1 gl 1 hp 100 frg 2
ARGEVT Reap goal 
ARGEVT Omi hazard
ARGEVT Reap goal 
ARGEVT Reap route 2 start '593.0 -215.0 -296.0' goal '401.0 -311.0 -440.0'
ARGLOG Zeus t  58.5 pos '417.5 -374.8 -104.0' spd 335.8 yaw 29 mode 2 st 2 gl 2 hp 100 frg -1
ARGLOG Reap t  58.5 pos '581.6 -240.7 -296.0' spd 338.7 yaw 273.1 mode 2 st 1 gl 3 hp 82 frg 3
ARGEVT Reap hazard
ARGLOG Omi t  58.6 pos '837.1 -846.1 -232.0' spd 372.8 yaw 205.7 mode 2 st 1 gl 1 hp 100 frg 2
ARGEVT Reap stall
ARGEVT Reap stallnode '497.0 -247.0 -296.0'
ARGEVT Reap jump
ARGLOG Zeus t  59.0 pos '541.8 -258.0 -104.0' spd 380.9 yaw 117.9 mode 2 st 2 gl 2 hp 100 frg -1
ARGLOG Reap t  59.0 pos '530.2 -270.3 -274.7' spd 212.6 yaw 305.7 mode 0 st 2 gl 3 hp 82 frg 3
ARGEVT Reap route 1 start '497.0 -247.0 -296.0' goal '401.0 -311.0 -440.0'
ARGLOG Omi t  59.1 pos '720.3 -852.4 -232.0' spd 321.0 yaw  68.4 mode 0 st 1 gl 1 hp 100 frg 2
ARGEVT Omi route 17 start '721.0 -887.0 -232.0' goal '1169.0 -599.0  24.0'
ARGEVT Zeus hazard
ARGLOG Zeus t  59.5 pos '467.5 -221.1 -104.0' spd 424.1 yaw 211 mode 2 st 2 gl 2 hp 100 frg -1
ARGLOG Reap t  59.5 pos '465.4 -272.0 -294.6' spd 122.7 yaw 212 mode 2 st 2 gl 3 hp 82 frg 3
ARGEVT Omi hazard
ARGLOG Omi t  59.7 pos '846.1 -794.0 -232.0' spd 427.9 yaw 263.3 mode 2 st 1 gl 1 hp 100 frg 2
ARGEVT Reap hazard
ARGEVT Reap engage Zeus
ARGEVT Zeus engage Reap
ARGLOG Zeus t  60.0 pos '436.2 -359.5 -104.0' spd 338.1 yaw 127 mode 2 st 2 gl 2 hp 100 frg -1
ARGLOG Reap t  60.0 pos '371.2 -232.0 -296.0' spd 128.0 yaw 254.0 mode 1 st 2 gl 3 hp 82 frg 3
ARGEVT Omi engage Reap
ARGLOG Omi t  60.2 pos '368.0  40.7 -263.1' spd 300 yaw 266 mode 0 st 1 gl 1 hp 100 frg 2
ARGEVT Omi route 16 start '337.0   9.0 -296.0' goal '1169.0 -599.0  24.0'
ARGEVT Omi weapon sg
ARGLOG Zeus t  60.5 pos '512.7 -257.5 -104.0' spd 329.1 yaw 158.9 mode 2 st 2 gl 2 hp 100 frg -1
ARGLOG Reap t  60.5 pos '297.7 -202.1 -296.0' spd 277.9 yaw 355 mode 1 st 2 gl 3 hp 77 frg 3
ARGEVT Omi hazard
ARGLOG Omi t  60.7 pos '396.7 -99.0 -296.0' spd 195.3 yaw 211 mode 2 st 1 gl 1 hp 100 frg 2
ARGEVT Zeus pursue
ARGEVT Reap hazard
ARGEVT Omi weapon rl
ARGLOG Zeus t  61.1 pos '465.7 -118.3 -104.0' spd 322.4 yaw 206 mode 2 st 2 gl 2 hp 100 frg -1
ARGEVT Zeus hazard
ARGLOG Reap t  61.1 pos '183.6 -245.7 -296.0' spd 334.5 yaw 27 mode 1 st 2 gl 3 hp 56 frg 3
ARGLOG Omi t  61.2 pos '339.9 -118.5 -296.0' spd 117.9 yaw 219 mode 2 st 1 gl 1 hp 100 frg 2
ARGEVT Reap death Omi pos '150.0 -236.1 -296.0'
ARGLOG Zeus t  61.6 pos '534.6 -174.4 -104.0' spd 379.3 yaw 213 mode 2 st 2 gl 2 hp 70 frg -1
ARGLOG Omi t  61.7 pos '327.8 -189.7 -296.0' spd 336.4 yaw 305.9 mode 2 st 1 gl 1 hp 100 frg 3
ARGEVT Omi engage Zeus
ARGEVT Zeus engage Omi
ARGLOG Zeus t  62.1 pos '467.6 -274.1 -104.0' spd  97.4 yaw 152 mode 2 st 2 gl 2 hp 70 frg -1
ARGLOG Omi t  62.2 pos '372.2 -256.8 -296.0' spd  85.6 yaw  13.5 mode 2 st 1 gl 1 hp 100 frg 3
ARGEVT Omi hazard
ARGLOG Zeus t  62.6 pos '473.1 -237.0 -104.0' spd 321.5 yaw 176 mode 2 st 2 gl 2 hp 70 frg -1
ARGLOG Omi t  62.8 pos '277.7 -239.1 -296.0' spd 150.3 yaw 346 mode 2 st 1 gl 1 hp 76 frg 3
ARGEVT Reap respawn
ARGEVT Reap goal weapon_rocketlauncher
ARGLOG Reap t  63.0 pos '784.0 -176.0  24.0' spd 0 yaw 163.7 mode 0 st 2 gl 3 hp 100 frg 3
ARGLOG Zeus t  63.1 pos '419.6 -394.1 -104.0' spd 325.7 yaw 141 mode 2 st 2 gl 2 hp 70 frg -1
ARGEVT Reap route 6 start '753.0 -151.0  24.0' goal ' 49.0 105.0 -296.0'
ARGLOG Omi t  63.3 pos '232.8 -206.1 -296.0' spd 320.6 yaw 303 mode 0 st 1 gl 1 hp 64 frg 3
ARGEVT Omi route 17 start '241.0 -279.0 -296.0' goal '1169.0 -599.0  24.0'
ARGEVT Reap engage Zeus
ARGLOG Reap t  63.5 pos '671.0 -189.5  24.0' spd 333.9 yaw 212 mode 2 st 2 gl 3 hp 100 frg 3
ARGLOG Zeus t  63.6 pos '287.3 -495.1 -104.0' spd 321.2 yaw 119 mode 2 st 2 gl 2 hp 70 frg -1
ARGEVT Omi hazard
ARGEVT Zeus pursue
ARGLOG Omi t  63.8 pos '121.9 -273.0 -296.0' spd  89.0 yaw   3.3 mode 2 st 1 gl 1 hp 64 frg 3
ARGEVT Zeus hazard
ARGLOG Reap t  64.0 pos '545.2 -131.5  22.0' spd 320.6 yaw 222 mode 2 st 2 gl 3 hp 100 frg 3
ARGLOG Zeus t  64.1 pos '206.3 -405.0 -104.0' spd 324.7 yaw 98 mode 2 st 2 gl 2 hp 62 frg -1
ARGLOG Omi t  64.3 pos '144.2 -276.5 -296.0' spd  66.5 yaw 307.8 mode 2 st 1 gl 1 hp 64 frg 3
ARGLOG Reap t  64.5 pos '430.3 -52.5 -104.0' spd  63.2 yaw 238 mode 2 st 2 gl 3 hp 100 frg 3
ARGLOG Zeus t  64.7 pos '196.4 -405.9 -104.0' spd 331.6 yaw 103.5 mode 2 st 2 gl 2 hp 42 frg -1
ARGLOG Omi t  64.8 pos '190.4 -257.5 -296.0' spd  97.3 yaw 281 mode 2 st 1 gl 1 hp 64 frg 3
ARGEVT Omi weapon rl
ARGEVT Zeus death Reap pos '214.0 -423.5 -93.9'
ARGEVT Omi engage Reap
ARGEVT Reap engage Omi
ARGEVT Omi hazard
ARGLOG Reap t  65.1 pos '526.7 -176.8 -104.0' spd 342.0 yaw 193.9 mode 2 st 2 gl 3 hp 100 frg 4
ARGLOG Omi t  65.3 pos '136.6 -237.4 -296.0' spd 251.9 yaw 356 mode 2 st 1 gl 1 hp 64 frg 3
ARGLOG Reap t  65.6 pos '534.4 -344.8 -104.0' spd 328.4 yaw 165 mode 2 st 2 gl 3 hp 100 frg 4
ARGLOG Omi t  65.8 pos '184.6 -240.0 -296.0' spd 176.5 yaw 329.5 mode 2 st 1 gl 1 hp 56 frg 3
ARGEVT Reap hazard
ARGEVT Omi pursue
ARGEVT Reap pursue
ARGLOG Reap t  66.1 pos '487.5 -372.6 -104.0' spd 362.4 yaw 149 mode 2 st 2 gl 3 hp 100 frg 4
ARGEVT Omi hazard
ARGLOG Omi t  66.3 pos '277.5 -221.3 -296.0' spd 163.0 yaw 348 mode 2 st 1 gl 1 hp 36 frg 3
ARGEVT Zeus respawn
ARGEVT Zeus goal weapon_rocketlauncher
ARGLOG Zeus t  66.5 pos '-64.0 512.0 -296.0' spd 0 yaw 286.3 mode 0 st 2 gl 2 hp 100 frg -1
ARGEVT Zeus route 4 start '-15.0 553.0 -296.0' goal ' 49.0 105.0 -296.0'
ARGLOG Reap t  66.6 pos '471.6 -200.5 -104.0' spd 330.3 yaw 197 mode 2 st 2 gl 3 hp 100 frg 4
ARGEVT Zeus hazard
ARGLOG Omi t  66.9 pos '270.0 -235.5 -296.0' spd 229.7 yaw 12 mode 2 st 1 gl 1 hp 16 frg 3
ARGLOG Zeus t  67.0 pos '-49.7 352.3 -296.0' spd 354.7 yaw 232 mode 2 st 2 gl 2 hp 100 frg -1
ARGEVT Omi death Reap pos '274.0 -216.1 -296.0'
ARGLOG Reap t  67.1 pos '461.1 -282.5 -104.0' spd  90.3 yaw 162 mode 2 st 2 gl 3 hp 100 frg 5
ARGEVT Reap hazard
ARGLOG Zeus t  67.5 pos '-111.9 196.2 -296.0' spd 320.3 yaw 268.6 mode 2 st 2 gl 2 hp 100 frg -1
ARGLOG Reap t  67.6 pos '343.9 -187.9 -149.1' spd 371.6 yaw  18.4 mode 2 st 2 gl 3 hp 100 frg 5
ARGLOG Zeus t  68.0 pos '-25.3  53.5 -296.0' spd 346.8 yaw 5 mode 1 st 2 gl 2 hp 100 frg -1
ARGLOG Reap t  68.1 pos '408.5 -152.0 -296.0' spd 359.7 yaw 218 mode 2 st 2 gl 3 hp 100 frg 5
ARGEVT Zeus goal item_rockets
ARGEVT Reap goal 
ARGEVT Zeus route 5 start ' 49.0 105.0 -296.0' goal '-111.0 585.0 -296.0'
ARGEVT Reap hazard
ARGLOG Zeus t  68.6 pos '110.7 119.4 -296.0' spd 332.5 yaw 126.4 mode 2 st 2 gl 3 hp 100 frg -1
ARGEVT Reap goal 
ARGEVT Reap route 1 start '369.0 -279.0 -296.0' goal '401.0 -311.0 -440.0'
ARGEVT Zeus hazard
ARGEVT Omi respawn
ARGLOG Reap t  68.7 pos '379.3 -268.0 -296.0' spd 320.0 yaw 337.0 mode 2 st 2 gl 3 hp 100 frg 5
ARGEVT Omi goal item_armor2
ARGLOG Omi t  68.7 pos '-64.0 -232.0 -72.0' spd 0 yaw 344 mode 0 st 1 gl 1 hp 100 frg 3
ARGEVT Omi route 8 start '-47.0 -215.0 -72.0' goal '1169.0 -599.0  24.0'
ARGEVT Omi hazard
ARGLOG Zeus t  69.1 pos '-41.7  86.6 -296.0' spd 335.4 yaw 159.1 mode 2 st 2 gl 3 hp 100 frg -1
ARGLOG Reap t  69.2 pos '447.6 -272.0 -296.0' spd 207.9 yaw 170.9 mode 1 st 2 gl 3 hp 100 frg 5
ARGLOG Omi t  69.2 pos ' 73.0 -272.0 -72.0' spd 131.7 yaw 210.6 mode 2 st 1 gl 1 hp 100 frg 3
ARGLOG Zeus t  69.6 pos '-174.4 108.1 -296.0' spd 100.7 yaw 36 mode 2 st 2 gl 3 hp 100 frg -1
ARGEVT Zeus hazard
ARGLOG Reap t  69.7 pos '280.5 -242.6 -296.0' spd 371.0 yaw 235.9 mode 1 st 2 gl 3 hp 100 frg 5
ARGEVT Reap hazard
ARGLOG Omi t  69.7 pos '-88.2 -278.3 -72.0' spd 403.0 yaw 251.6 mode 2 st 1 gl 1 hp 100 frg 3
ARGEVT Omi route 7 start '-143.0 -375.0 -72.0' goal '1169.0 -599.0  24.0'
ARGLOG Zeus t  70.1 pos '-58.6 187.6 -296.0' spd 328.2 yaw 85 mode 2 st 2 gl 3 hp 100 frg -1
ARGLOG Reap t  70.2 pos '134.4 -258.2 -296.0' spd 406.0 yaw 269.2 mode 1 st 2 gl 3 hp 100 frg 5
ARGLOG Omi t  70.3 pos '-76.8 -447.5 -72.0' spd 322.6 yaw 284.0 mode 2 st 1 gl 1 hp 100 frg 3
ARGLOG Zeus t  70.6 pos '-102.6 328.4 -296.0' spd 332.7 yaw 93 mode 2 st 2 gl 3 hp 100 frg -1
ARGEVT Omi hazard
ARGEVT Zeus hazard
ARGLOG Reap t  70.7 pos '239.7 -284.1 -296.0' spd 345.2 yaw  37.3 mode 1 st 2 gl 3 hp 100 frg 5
ARGLOG Omi t  70.8 pos '735.3 -176.0  56.9' spd 300 yaw 343.7 mode 0 st 1 gl 1 hp 100 frg 3
ARGEVT Reap hazard
ARGEVT Omi route 5 start '753.0 -151.0  24.0' goal '1169.0 -599.0  24.0'
ARGLOG Zeus t  71.1 pos '-75.2 493.6 -296.0' spd 322.4 yaw 98 mode 1 st 2 gl 3 hp 100 frg -1
ARGLOG Reap t  71.2 pos '405.6 -235.6 -296.0' spd 362.0 yaw 315.4 mode 1 st 2 gl 3 hp 100 frg 5
ARGLOG Omi t  71.3 pos '875.6 -247.7  24.0' spd 392.8 yaw 246 mode 2 st 1 gl 1 hp 100 frg 3
ARGEVT Zeus goal weapon_supernailgun
ARGEVT Zeus routefail
ARGEVT Zeus goal item_armorInv
ARGLOG Zeus t  71.7 pos '-84.0 624.0 -296.0' spd  98.2 yaw   0.9 mode 0 st 2 gl 4 hp 100 frg -1
ARGLOG Reap t  71.8 pos '474.6 -272.0 -296.0' spd 321.7 yaw 199 mode 1 st 2 gl 3 hp 100 frg 5
ARGEVT Zeus route 22 start '-111.0 585.0 -296.0' goal '817.0 -855.0 -232.0'
ARGLOG Omi t  71.8 pos '857.4 -417.0  24.0' spd 321.2 yaw 249 mode 2 st 1 gl 1 hp 100 frg 3
ARGLOG Zeus t  72.2 pos '-14.0 513.9 -296.0' spd 346.4 yaw 230 mode 2 st 2 gl 4 hp 100 frg -1
ARGEVT Reap hazard
ARGLOG Reap t  72.3 pos '312.9 -277.2 -296.0' spd 320.7 yaw 231.9 mode 1 st 2 gl 3 hp 100 frg 5
ARGLOG Omi t  72.3 pos '820.3 -581.7  24.0' spd 374.8 yaw 328.6 mode 2 st 1 gl 1 hp 100 frg 3
ARGEVT Zeus hazard
ARGLOG Zeus t  72.7 pos '-107.4 408.8 -296.0' spd 233.2 yaw 287 mode 2 st 2 gl 4 hp 100 frg -1
ARGLOG Reap t  72.8 pos '326.5 -285.3 -296.0' spd 358.4 yaw  19.0 mode 1 st 2 gl 3 hp 100 frg 5
ARGLOG Omi t  72.8 pos '973.5 -617.4  24.0' spd 320.4 yaw 8 mode 1 st 1 gl 1 hp 100 frg 3
ARGLOG Zeus t  73.2 pos '-41.2 263.6 -296.0' spd 391.0 yaw 269 mode 2 st 2 gl 4 hp 100 frg -1
ARGEVT Omi goal item_armorInv
ARGEVT Omi route 3 start '1073.0 -567.0  24.0' goal '817.0 -855.0 -232.0'
ARGLOG Reap t  73.3 pos '349.8 -213.4 -296.0' spd 329.4 yaw 167.2 mode 1 st 2 gl 3 hp 100 frg 5
ARGLOG Omi t  73.3 pos '1138.5 -598.2  24.0' spd 340.9 yaw 323.7 mode 0 st 1 gl 2 hp 100 frg 3
ARGEVT Omi route 4 start '1169.0 -599.0  24.0' goal '817.0 -855.0 -232.0'
ARGEVT Omi hazard
ARGEVT Reap hazard
ARGLOG Zeus t  73.7 pos '-80.7  97.1 -296.0' spd 323.3 yaw 271 mode 2 st 2 gl 4 hp 100 frg -1
ARGLOG Reap t  73.8 pos '311.1 -266.6 -296.0' spd 360.7 yaw 332.0 mode 1 st 2 gl 3 hp 100 frg 5
ARGLOG Omi t  73.9 pos '1137.5 -623.4  24.0' spd 320.6 yaw 165 mode 0 st 1 gl 2 hp 100 frg 3
ARGEVT Omi route 4 start '1169.0 -599.0  24.0' goal '817.0 -855.0 -232.0'
ARGLOG Zeus t  74.2 pos '-82.5  48.0 -296.0' spd   5.8 yaw 272 mode 2 st 2 gl 4 hp 100 frg -1
ARGLOG Reap t  74.3 pos '358.9 -272.0 -296.0' spd 265.3 yaw 272.1 mode 1 st 2 gl 3 hp 100 frg 5
ARGLOG Omi t  74.4 pos '972.7 -601.1  24.0' spd 320.4 yaw 179 mode 2 st 1 gl 2 hp 100 frg 3
ARGEVT Reap hazard
ARGLOG Zeus t  74.7 pos '-80.9  48.0 -296.0' spd   2.9 yaw 271 mode 2 st 2 gl 4 hp 100 frg -1
ARGLOG Reap t  74.8 pos '432.0 -278.6 -296.0' spd  84.5 yaw 266.8 mode 1 st 2 gl 3 hp 100 frg 5
ARGLOG Omi t  74.9 pos '808.4 -599.0  24.0' spd 329.2 yaw 214.6 mode 2 st 1 gl 2 hp 100 frg 3
ARGEVT Zeus stall
ARGEVT Zeus stallnode '-79.0 -151.0 -296.0'
ARGEVT Zeus jump
ARGLOG Zeus t  75.3 pos '-89.2  49.0 -257.1' spd  44.2 yaw 249.3 mode 0 st 3 gl 4 hp 100 frg -1
ARGEVT Zeus route 19 start '-47.0  73.0 -296.0' goal '817.0 -855.0 -232.0'
ARGLOG Reap t  75.4 pos '298.4 -269.0 -296.0' spd 361.5 yaw 102.6 mode 1 st 2 gl 3 hp 100 frg 5
ARGLOG Omi t  75.4 pos '759.1 -624.0 -52.0' spd  38.6 yaw 285 mode 2 st 1 gl 2 hp 100 frg 3
ARGEVT Zeus hazard
ARGEVT Reap hazard
ARGLOG Zeus t  75.8 pos '-85.3  48.0 -296.0' spd 108.9 yaw 272 mode 2 st 3 gl 4 hp 100 frg -1
ARGLOG Reap t  75.9 pos '231.8 -230.7 -296.0' spd 321.7 yaw 325 mode 1 st 2 gl 3 hp 100 frg 5
ARGLOG Omi t  75.9 pos '793.8 -696.9 -200.0' spd 320.2 yaw 282 mode 1 st 1 gl 2 hp 100 frg 3
ARGLOG Zeus t  76.3 pos '-58.9 -91.7 -296.0' spd 328.4 yaw 329.6 mode 2 st 3 gl 4 hp 100 frg -1
ARGEVT Omi goal item_health
ARGEVT Zeus goal 
ARGLOG Reap t  76.4 pos '359.6 -284.4 -296.0' spd 328.6 yaw  23.6 mode 1 st 2 gl 3 hp 100 frg 5
ARGEVT Omi route 10 start '817.0 -855.0 -232.0' goal '-15.0 553.0 -296.0'
ARGLOG Omi t  76.4 pos '848.0 -855.2 -232.0' spd 254.4 yaw 337.7 mode 2 st 1 gl 3 hp 100 frg 3
ARGEVT Zeus engage Reap
ARGEVT Reap engage Zeus
ARGEVT Zeus route 11 start '-79.0 -151.0 -296.0' goal '209.0 -375.0 -104.0'
ARGEVT Omi hazard
ARGEVT Reap hazard
ARGLOG Zeus t  76.8 pos '-13.4 -251.4 -296.0' spd 323.2 yaw 356.3 mode 2 st 3 gl 4 hp 100 frg -1
ARGEVT Omi engage Reap
ARGLOG Reap t  76.9 pos '393.3 -250.3 -296.0' spd 322.3 yaw 154.8 mode 1 st 2 gl 3 hp 100 frg 5
ARGLOG Omi t  77.0 pos '370.2   9.4 -273.8' spd 301.1 yaw 281 mode 0 st 1 gl 3 hp 100 frg 3
ARGEVT Omi route 8 start '337.0   9.0 -296.0' goal '-15.0 553.0 -296.0'
ARGLOG Zeus t  77.3 pos ' 26.6 -250.2 -296.0' spd 120.1 yaw 11 mode 2 st 3 gl 4 hp 100 frg -1
ARGLOG Reap t  77.4 pos '348.8 -126.5 -296.0' spd 322.1 yaw 195 mode 1 st 2 gl 3 hp 100 frg 5
ARGLOG Omi t  77.5 pos '375.7  -8.2 -296.0' spd 321.3 yaw 253 mode 2 st 1 gl 3 hp 100 frg 3
ARGEVT Zeus death Reap pos ' 53.1 -252.7 -296.0'
ARGEVT Reap engage Omi
ARGEVT Reap weapon sg
ARGEVT Reap weapon rl
ARGEVT Reap weapon sg
ARGLOG Reap t  77.9 pos '370.4 -113.4 -296.0' spd 158.8 yaw 109.3 mode 1 st 2 gl 3 hp 76 frg 6
ARGLOG Omi t  78.0 pos '366.2  62.4 -288.0' spd 163.2 yaw 271 mode 2 st 1 gl 3 hp 100 frg 3
ARGEVT Omi hazard
ARGLOG Reap t  78.4 pos '369.2 -109.5 -296.0' spd 134.2 yaw 85 mode 1 st 2 gl 3 hp 52 frg 6
ARGLOG Omi t  78.5 pos '381.2  50.7 -288.0' spd 108.2 yaw 268 mode 2 st 1 gl 3 hp 96 frg 3
ARGLOG Reap t  79.0 pos '366.9 -103.4 -296.0' spd 255.7 yaw  86.1 mode 1 st 2 gl 3 hp 28 frg 6
ARGEVT Zeus respawn
ARGLOG Omi t  79.0 pos '368.1  30.0 -288.0' spd 143.0 yaw 273 mode 2 st 1 gl 3 hp 92 frg 3
ARGEVT Zeus goal 
ARGLOG Zeus t  79.1 pos '272.0 -952.0  24.0' spd 0 yaw  16.3 mode 0 st 3 gl 4 hp 100 frg -1
ARGEVT Zeus route 5 start '305.0 -983.0  24.0' goal '209.0 -375.0 -104.0'
ARGLOG Reap t  79.5 pos '379.1 -123.8 -296.0' spd 292.7 yaw  89.9 mode 1 st 2 gl 3 hp 16 frg 6
ARGLOG Omi t  79.5 pos '365.1  18.0 -288.0' spd 272.0 yaw 280 mode 2 st 1 gl 3 hp 88 frg 3
ARGLOG Zeus t  79.6 pos '353.2 -818.7  24.0' spd 345.8 yaw 102 mode 2 st 3 gl 4 hp 100 frg -1
ARGEVT Reap death Omi pos '363.2 -119.7 -296.0'
ARGLOG Omi t  80.0 pos '377.6 -99.3 -296.0' spd 324.1 yaw 251.4 mode 2 st 1 gl 3 hp 88 frg 4
ARGLOG Zeus t  80.1 pos '329.9 -654.5  24.0' spd 320.4 yaw 97 mode 2 st 3 gl 4 hp 100 frg -1
ARGEVT Omi hazard
ARGLOG Omi t  80.5 pos '272.5 -219.0 -296.0' spd 330.3 yaw 187 mode 2 st 1 gl 3 hp 88 frg 4
ARGLOG Zeus t  80.6 pos '307.6 -491.8  24.0' spd 327.6 yaw 130.0 mode 2 st 3 gl 4 hp 100 frg -1
ARGEVT Omi engage Zeus
ARGEVT Zeus engage Omi
ARGLOG Omi t  81.1 pos '209.1 -251.4 -296.0' spd 320.6 yaw 296 mode 2 st 1 gl 3 hp 88 frg 4
ARGLOG Zeus t  81.1 pos '278.8 -385.9  -7.9' spd 152.1 yaw 115.2 mode 1 st 3 gl 4 hp 100 frg -1
ARGEVT Reap respawn
ARGEVT Omi hazard
ARGEVT Reap goal weapon_lightning
ARGLOG Reap t  81.2 pos '112.0 -1136.0 -104.0' spd 0 yaw  61.3 mode 0 st 2 gl 3 hp 100 frg 6
ARGEVT Reap route 6 start ' 81.0 -1079.0 -104.0' goal '529.0 -311.0 -104.0'
ARGEVT Zeus goal item_rockets
ARGEVT Zeus route 3 start '209.0 -375.0 -104.0' goal ' 81.0 -823.0 -104.0'
ARGLOG Omi t  81.6 pos '251.3 -200.9 -296.0' spd  96.3 yaw 258.8 mode 2 st 1 gl 3 hp 88 frg 4
ARGLOG Zeus t  81.6 pos '202.0 -405.4 -104.0' spd 345.7 yaw 64 mode 2 st 3 gl 5 hp 76 frg -1
ARGLOG Reap t  81.7 pos '234.2 -1040.6 -104.0' spd 321.5 yaw 23 mode 2 st 2 gl 3 hp 100 frg 6
ARGEVT Zeus hazard
ARGLOG Omi t  82.1 pos '239.8 -209.7 -296.0' spd 326.1 yaw 244 mode 2 st 1 gl 3 hp 88 frg 4
ARGLOG Zeus t  82.1 pos '152.8 -412.1 -104.0' spd 328.8 yaw 58 mode 2 st 3 gl 5 hp 60 frg -1
ARGLOG Reap t  82.2 pos '361.2 -932.3 -104.0' spd 329.8 yaw 77 mode 2 st 2 gl 3 hp 100 frg 6
ARGEVT Reap engage Zeus
ARGLOG Omi t  82.6 pos '206.9 -219.4 -296.0' spd 320.7 yaw 299 mode 2 st 1 gl 3 hp 88 frg 4
ARGEVT Omi hazard
ARGLOG Zeus t  82.6 pos '309.2 -413.4 -104.0' spd 102.4 yaw 114 mode 2 st 3 gl 5 hp 60 frg -1
ARGLOG Reap t  82.8 pos '450.3 -801.9 -104.0' spd 136.8 yaw 115 mode 2 st 2 gl 3 hp 100 frg 6
ARGLOG Omi t  83.1 pos '251.3 -201.3 -296.0' spd 283.5 yaw 243 mode 2 st 1 gl 3 hp 88 frg 4
ARGLOG Zeus t  83.2 pos '157.9 -402.9 -104.0' spd 331.8 yaw  61.4 mode 2 st 3 gl 5 hp 48 frg -1
ARGLOG Reap t  83.3 pos '300.9 -821.0 -104.0' spd 320.0 yaw 108 mode 2 st 2 gl 3 hp 100 frg 6
ARGEVT Reap pursue
ARGEVT Zeus weapon sg
ARGEVT Zeus hazard
ARGEVT Reap hazard
ARGLOG Omi t  83.6 pos '283.6 -265.7 -296.0' spd  65.8 yaw 230 mode 2 st 1 gl 3 hp 88 frg 4
ARGEVT Omi hazard
ARGLOG Zeus t  83.7 pos '148.2 -420.0 -104.0' spd 132.2 yaw  40.3 mode 2 st 3 gl 5 hp 28 frg -1
ARGLOG Reap t  83.8 pos '197.7 -755.3 -104.0' spd 120.3 yaw 53 mode 2 st 2 gl 3 hp 100 frg 6
ARGLOG Omi t  84.1 pos '159.3 -254.3 -296.0' spd  98.4 yaw 259 mode 2 st 1 gl 3 hp 88 frg 4
ARGLOG Zeus t  84.2 pos '129.4 -385.6 -104.0' spd 182.7 yaw 70 mode 2 st 3 gl 5 hp 4 frg -1
ARGLOG Reap t  84.3 pos '186.4 -752.0 -104.0' spd 264.2 yaw 50 mode 2 st 2 gl 3 hp 100 frg 6
ARGLOG Omi t  84.6 pos '207.0 -252.7 -296.0' spd 285.5 yaw 294 mode 2 st 1 gl 3 hp 88 frg 4
ARGEVT Omi hazard
ARGLOG Zeus t  84.7 pos '285.0 -421.7 -104.0' spd 336.9 yaw 110 mode 2 st 3 gl 5 hp 4 frg -1
ARGLOG Reap t  84.8 pos '341.0 -721.9 -104.0' spd 330.1 yaw 91 mode 2 st 2 gl 3 hp 100 frg 6
ARGEVT Zeus death Omi pos '284.7 -440.9 -104.0'
ARGLOG Omi t  85.2 pos '195.8 -227.3 -296.0' spd 379.4 yaw 253.7 mode 2 st 1 gl 3 hp 88 frg 5
ARGLOG Reap t  85.3 pos '333.1 -600.1 -104.0' spd 321.7 yaw 75 mode 2 st 2 gl 3 hp 100 frg 6
ARGLOG Omi t  85.7 pos ' 89.2 -235.5 -296.0' spd 320.4 yaw 190 mode 2 st 1 gl 3 hp 88 frg 5
ARGLOG Reap t  85.8 pos '373.0 -441.1 -104.0' spd 320.0 yaw  57.4 mode 2 st 2 gl 3 hp 100 frg 6
ARGEVT Omi engage Reap
ARGEVT Reap engage Omi
ARGEVT Reap hazard
ARGLOG Omi t  86.2 pos ' -6.9 -246.7 -296.0' spd  79.3 yaw 241.4 mode 2 st 1 gl 3 hp 88 frg 5
ARGLOG Reap t  86.3 pos '337.4 -492.1 -108.0' spd 325.3 yaw 142 mode 1 st 2 gl 3 hp 100 frg 6
ARGEVT Reap pursue
ARGEVT Omi pursue
ARGEVT Zeus respawn
ARGEVT Zeus goal weapon_lightning
ARGLOG Zeus t  86.6 pos '776.0 -808.0 -232.0' spd 0 yaw 106.6 mode 0 st 3 gl 5 hp 100 frg -1
ARGEVT Omi hazard
ARGLOG Omi t  86.7 pos ' 67.0 -269.3 -296.0' spd 341.6 yaw 352.3 mode 2 st 1 gl 3 hp 88 frg 5
ARGEVT Zeus route 12 start '817.0 -855.0 -232.0' goal '529.0 -311.0 -104.0'
ARGLOG Reap t  86.9 pos '240.0 -434.8 -104.0' spd 332.9 yaw 139 mode 1 st 2 gl 3 hp 100 frg 6
ARGEVT Zeus hazard
ARGLOG Zeus t  87.1 pos '720.0 -797.5 -222.2' spd 346.1 yaw 247.2 mode 2 st 3 gl 5 hp 100 frg -1
ARGLOG Omi t  87.2 pos '183.4 -253.8 -296.0' spd 320.0 yaw 254.0 mode 0 st 1 gl 3 hp 87 frg 5
ARGEVT Reap hazard
ARGLOG Reap t  87.4 pos '122.2 -384.8 -104.0' spd 142.7 yaw  64.7 mode 1 st 2 gl 3 hp 100 frg 6
ARGEVT Zeus route 11 start '721.0 -887.0 -232.0' goal '529.0 -311.0 -104.0'
ARGLOG Zeus t  87.6 pos '720.0 -894.2 -232.0' spd 188.3 yaw 140.8 mode 0 st 3 gl 5 hp 100 frg -1
ARGEVT Omi route 6 start '145.0 -183.0 -296.0' goal '-15.0 553.0 -296.0'
ARGLOG Omi t  87.7 pos '182.0 -230.4 -296.0' spd 321.2 yaw 253 mode 2 st 1 gl 3 hp 85 frg 5
ARGLOG Reap t  87.9 pos '190.7 -423.5 -104.0' spd 345.9 yaw 92 mode 1 st 2 gl 3 hp 36 frg 6
ARGEVT Zeus route 11 start '721.0 -887.0 -232.0' goal '529.0 -311.0 -104.0'
ARGLOG Zeus t  88.1 pos '744.7 -731.9 -216.0' spd 375.6 yaw   7.7 mode 2 st 3 gl 5 hp 100 frg -1
ARGLOG Omi t  88.2 pos '253.2 -235.1 -296.0' spd 320.0 yaw 280 mode 2 st 1 gl 3 hp 83 frg 5
ARGEVT Omi hazard
ARGLOG Reap t  88.4 pos '263.5 -408.1 -104.0' spd 320.0 yaw 99 mode 1 st 2 gl 3 hp 36 frg 6
ARGLOG Zeus t  88.7 pos '813.5 -794.9 -232.0' spd 353.4 yaw 225 mode 2 st 3 gl 5 hp 100 frg -1
ARGLOG Omi t  88.8 pos '157.2 -278.8 -296.0' spd 320.1 yaw 256.5 mode 2 st 1 gl 3 hp 79 frg 5
ARGLOG Reap t  88.9 pos '117.7 -397.6 -104.0' spd  81.8 yaw  77.3 mode 1 st 2 gl 3 hp 36 frg 6
ARGEVT Reap death Omi pos '138.1 -404.5 -104.0'
ARGEVT Zeus hazard
ARGLOG Zeus t  89.2 pos '720.6 -903.7 -232.0' spd 163.2 yaw 120.1 mode 0 st 3 gl 5 hp 100 frg -1
ARGEVT Zeus route 11 start '721.0 -887.0 -232.0' goal '529.0 -311.0 -104.0'
ARGLOG Omi t  89.3 pos '177.9 -280.1 -296.0' spd 253.8 yaw 168 mode 2 st 1 gl 3 hp 79 frg 6
ARGEVT Zeus route 12 start '721.0 -759.0 -232.0' goal '529.0 -311.0 -104.0'
ARGLOG Zeus t  89.7 pos '723.5 -739.4 -216.0' spd 330.1 yaw  53.4 mode 2 st 3 gl 5 hp 100 frg -1
ARGLOG Omi t  89.8 pos ' 56.9 -246.0 -296.0' spd 326.2 yaw 159.0 mode 2 st 1 gl 3 hp 79 frg 6
ARGLOG Zeus t  90.2 pos '847.7 -769.5 -232.0' spd 320.7 yaw 248.2 mode 2 st 3 gl 5 hp 100 frg -1
ARGLOG Omi t  90.3 pos '-61.9 -127.8 -296.0' spd 328.6 yaw 87 mode 2 st 1 gl 3 hp 79 frg 6
ARGEVT Reap respawn
ARGEVT Reap goal weapon_lightning
ARGLOG Reap t  90.6 pos '784.0 -176.0  24.0' spd 0 yaw 196.3 mode 0 st 2 gl 3 hp 100 frg 6
ARGEVT Reap route 2 start '753.0 -151.0  24.0' goal '529.0 -311.0 -104.0'
ARGLOG Zeus t  90.7 pos '738.3 -898.1 -232.0' spd 365.5 yaw 150.4 mode 0 st 3 gl 5 hp 100 frg -1
ARGEVT Zeus hazard
ARGLOG Omi t  90.8 pos '-73.1  38.7 -296.0' spd 321.0 yaw 80 mode 2 st 1 gl 3 hp 79 frg 6
ARGEVT Omi hazard
ARGEVT Zeus route 11 start '721.0 -887.0 -232.0' goal '529.0 -311.0 -104.0'
ARGLOG Reap t  91.1 pos '628.8 -169.2  24.0' spd 321.2 yaw 165 mode 2 st 2 gl 3 hp 100 frg 6
ARGLOG Zeus t  91.2 pos '720.0 -754.4 -232.0' spd 368.4 yaw 158.6 mode 2 st 3 gl 5 hp 100 frg -1
ARGLOG Omi t  91.3 pos '-92.9 205.5 -296.0' spd 338.7 yaw 69 mode 2 st 1 gl 3 hp 79 frg 6
ARGLOG Reap t  91.6 pos '454.3 -196.0  -8.2' spd 372.4 yaw 305 mode 1 st 2 gl 3 hp 100 frg 6
ARGLOG Zeus t  91.7 pos '720.3 -838.2 -232.0' spd 320.0 yaw 271 mode 2 st 3 gl 5 hp 100 frg -1
ARGLOG Omi t  91.8 pos '-49.3 366.9 -296.0' spd 321.5 yaw 79 mode 2 st 1 gl 3 hp 79 frg 6
ARGEVT Zeus hazard
ARGEVT Zeus route 11 start '721.0 -887.0 -232.0' goal '529.0 -311.0 -104.0'
ARGLOG Reap t  92.1 pos '410.7 -325.2 -230.3' spd  30.2 yaw  68.9 mode 1 st 2 gl 3 hp 100 frg 6
ARGLOG Zeus t  92.3 pos '720.0 -890.1 -232.0' spd 265.5 yaw 108 mode 0 st 3 gl 5 hp 100 frg -1
ARGEVT Reap abandon
ARGLOG Omi t  92.4 pos '-20.6 528.6 -296.0' spd 321.0 yaw 92 mode 1 st 1 gl 3 hp 79 frg 6
ARGEVT Reap swim
ARGEVT Reap goal weapon_supernailgun
ARGEVT Zeus route 11 start '721.0 -887.0 -232.0' goal '529.0 -311.0 -104.0'
ARGEVT Omi goal weapon_lightning
ARGLOG Reap t  92.6 pos '431.3 -304.0 -399.5' spd  12.7 yaw 118.6 mode 0 st 2 gl 3 hp 40 frg 6
ARGEVT Omi route 16 start '-15.0 553.0 -296.0' goal '529.0 -311.0 -104.0'
ARGLOG Zeus t  92.8 pos '720.0 -743.4 -216.0' spd 166.4 yaw 191.6 mode 2 st 3 gl 5 hp 100 frg -1
ARGEVT Reap abandon
ARGEVT Reap routefail
ARGLOG Omi t  92.9 pos '-114.6 611.0 -296.0' spd 199.4 yaw 246.3 mode 2 st 1 gl 4 hp 179 frg 6
ARGEVT Reap goal item_health
ARGEVT Reap swim
ARGEVT Reap routefail
ARGEVT Reap abandon
ARGLOG Reap t  93.1 pos '385.8 -307.6 -380.1' spd 117.8 yaw 233.9 mode 0 st 2 gl 3 hp 10 frg 6
ARGEVT Reap death world pos '380.2 -305.5 -378.1'
ARGLOG Zeus t  93.3 pos '720.0 -870.1 -232.0' spd 326.8 yaw 238.4 mode 0 st 3 gl 5 hp 100 frg -1
ARGLOG Omi t  93.4 pos '-101.8 446.3 -296.0' spd 323.0 yaw 296 mode 2 st 1 gl 4 hp 179 frg 6
ARGEVT Zeus hazard
ARGEVT Zeus route 11 start '721.0 -887.0 -232.0' goal '529.0 -311.0 -104.0'
ARGLOG Zeus t  93.8 pos '720.0 -856.2 -232.0' spd 329.0 yaw 109 mode 0 st 3 gl 5 hp 100 frg -1
ARGEVT Omi hazard
ARGLOG Omi t  93.9 pos '-46.0 295.3 -296.0' spd 321.9 yaw 270 mode 2 st 1 gl 4 hp 179 frg 6
ARGEVT Zeus route 11 start '721.0 -887.0 -232.0' goal '529.0 -311.0 -104.0'
ARGLOG Zeus t  94.3 pos '730.3 -725.7 -216.0' spd  26.8 yaw 223.9 mode 2 st 3 gl 5 hp 100 frg -1
ARGLOG Omi t  94.4 pos '-53.7 143.3 -296.0' spd 406.5 yaw 266 mode 2 st 1 gl 4 hp 179 frg 6
ARGEVT Reap respawn
ARGEVT Omi engage Reap
ARGEVT Reap goal weapon_grenadelauncher
ARGEVT Reap engage Omi
ARGLOG Reap t  94.8 pos '-64.0 512.0 -296.0' spd 0 yaw 280.9 mode 0 st 2 gl 3 hp 100 frg 5
ARGLOG Zeus t  94.8 pos '720.0 -876.3 -232.0' spd 338.4 yaw 220.7 mode 0 st 3 gl 5 hp 100 frg -1
ARGEVT Reap route 15 start '-15.0 553.0 -296.0' goal '113.0 -407.0 -104.0'
ARGEVT Zeus hazard
ARGLOG Omi t  94.9 pos '-29.1  -2.1 -296.0' spd 220.3 yaw 205.6 mode 2 st 1 gl 4 hp 179 frg 6
ARGEVT Zeus route 11 start '721.0 -887.0 -232.0' goal '529.0 -311.0 -104.0'
ARGLOG Reap t  95.3 pos '-69.0 491.7 -296.0' spd 320.4 yaw 281 mode 2 st 2 gl 3 hp 100 frg 5
ARGLOG Zeus t  95.3 pos '720.0 -795.7 -232.0' spd 320.2 yaw 88 mode 0 st 3 gl 5 hp 100 frg -1
ARGLOG Omi t  95.4 pos '-50.1  10.8 -296.0' spd  99.6 yaw 96 mode 2 st 1 gl 4 hp 179 frg 6
ARGEVT Zeus route 12 start '721.0 -759.0 -232.0' goal '529.0 -311.0 -104.0'
ARGLOG Reap t  95.8 pos '-39.9 472.3 -296.0' spd 320.1 yaw 282 mode 2 st 2 gl 3 hp 100 frg 5
ARGLOG Zeus t  95.9 pos '808.3 -708.5 -200.0' spd 344.0 yaw 324.8 mode 2 st 3 gl 5 hp 100 frg -1
ARGLOG Omi t  96.0 pos ' 51.4  86.7 -296.0' spd 324.4 yaw 94 mode 2 st 1 gl 4 hp 178 frg 6
ARGEVT Omi hazard
ARGEVT Reap hazard
ARGLOG Reap t  96.3 pos '-44.5 420.1 -296.0' spd 203.5 yaw 287 mode 2 st 2 gl 3 hp 100 frg 5
ARGLOG Zeus t  96.4 pos '793.3 -850.6 -232.0' spd 349.5 yaw 207 mode 2 st 3 gl 5 hp 100 frg -1
ARGLOG Omi t  96.5 pos ' 20.7  90.9 -296.0' spd 322.6 yaw 94 mode 2 st 1 gl 4 hp 174 frg 6
ARGEVT Zeus hazard
ARGEVT Zeus route 11 start '721.0 -887.0 -232.0' goal '529.0 -311.0 -104.0'
ARGLOG Reap t  96.8 pos '105.4 390.8 -296.0' spd 101.6 yaw 236 mode 2 st 2 gl 3 hp 100 frg 5
ARGLOG Zeus t  96.9 pos '720.0 -832.2 -232.0' spd 331.1 yaw 109 mode 0 st 3 gl 5 hp 100 frg -1
ARGLOG Omi t  97.0 pos '-100.5  79.0 -296.0' spd 220.6 yaw 63 mode 2 st 1 gl 4 hp 170 frg 6
ARGEVT Zeus route 12 start '721.0 -759.0 -232.0' goal '529.0 -311.0 -104.0'
ARGEVT Omi hazard
ARGLOG Reap t  97.3 pos ' 49.0 399.4 -296.0' spd 320.3 yaw 262 mode 2 st 2 gl 3 hp 100 frg 5
ARGLOG Zeus t  97.4 pos '773.6 -707.0 -200.0' spd 320.8 yaw  13.7 mode 2 st 3 gl 5 hp 100 frg -1
ARGLOG Omi t  97.5 pos ' 40.6  76.6 -296.0' spd 339.7 yaw 77 mode 2 st 1 gl 4 hp 165 frg 6
ARGEVT Reap hazard
ARGEVT Zeus hazard
ARGLOG Reap t  97.9 pos '108.8 391.4 -296.0' spd  65.8 yaw 255 mode 2 st 2 gl 3 hp 15 frg 5
ARGLOG Zeus t  97.9 pos '807.4 -712.0 -200.0' spd 325.9 yaw 244 mode 2 st 3 gl 5 hp 100 frg -1
ARGLOG Omi t  98.0 pos ' 16.2  95.3 -296.0' spd 320.7 yaw 79 mode 2 st 1 gl 4 hp 161 frg 6
ARGEVT Reap death Omi pos ' 80.4 388.6 -296.0'
ARGLOG Zeus t  98.4 pos '740.2 -863.3 -232.0' spd 334.4 yaw 202.0 mode 0 st 3 gl 5 hp 100 frg -1
ARGLOG Omi t  98.5 pos '  0.5 103.2 -296.0' spd 320.1 yaw 359.1 mode 2 st 1 gl 4 hp 142 frg 7
ARGEVT Zeus route 11 start '721.0 -887.0 -232.0' goal '529.0 -311.0 -104.0'
ARGEVT Omi hazard
ARGLOG Zeus t  98.9 pos '720.0 -822.3 -232.0' spd 330.4 yaw  92.7 mode 0 st 3 gl 5 hp 100 frg -1
ARGLOG Omi t  99.0 pos ' 62.8  48.0 -296.0' spd 359.2 yaw 235 mode 2 st 1 gl 4 hp 142 frg 7
ARGEVT Zeus route 12 start '721.0 -759.0 -232.0' goal '529.0 -311.0 -104.0'
ARGLOG Zeus t  99.4 pos '799.4 -723.7 -216.0' spd 343.1 yaw 312.5 mode 2 st 3 gl 5 hp 100 frg -1
ARGLOG Omi t  99.6 pos '-80.0 -36.8 -296.0' spd 320 yaw 271 mode 2 st 1 gl 4 hp 141 frg 7
ARGEVT Reap respawn
ARGEVT Reap plan powerup via weapon
ARGEVT Reap goal weapon_grenadelauncher
ARGLOG Reap t  99.9 pos '-64.0 -232.0 -72.0' spd 0 yaw 343.7 mode 0 st 2 gl 3 hp 100 frg 5
ARGEVT Reap route 4 start '-47.0 -215.0 -72.0' goal '113.0 -407.0 -104.0'
ARGLOG Zeus t 100.0 pos '800.1 -867.2 -232.0' spd 350.7 yaw 195 mode 2 st 3 gl 5 hp 100 frg -1
ARGLOG Omi t 100.1 pos '-28.2 -194.6 -296.0' spd 323.3 yaw 311 mode 2 st 1 gl 4 hp 141 frg 7
ARGEVT Zeus hazard
ARGEVT Omi hazard
ARGLOG Reap t 100.4 pos ' 89.9 -214.2 -72.0' spd 323.6 yaw 29 mode 2 st 2 gl 3 hp 100 frg 5
ARGLOG Zeus t 100.5 pos '720.0 -826.3 -232.0' spd 330.4 yaw  92.7 mode 0 st 3 gl 5 hp 100 frg -1
ARGEVT Zeus route 11 start '721.0 -887.0 -232.0' goal '529.0 -311.0 -104.0'
ARGLOG Omi t 100.6 pos '121.1 -269.8 -296.0' spd 340.4 yaw 29 mode 2 st 1 gl 4 hp 140 frg 7
ARGEVT Omi engage Reap
ARGEVT Reap engage Omi
ARGEVT Reap hazard
ARGLOG Reap t 100.9 pos '176.9 -272.0 -72.0' spd 315.1 yaw 307.6 mode 2 st 2 gl 3 hp 100 frg 5
ARGLOG Zeus t 101.0 pos '720.0 -770.5 -218.1' spd 323.8 yaw 257.8 mode 2 st 3 gl 5 hp 100 frg -1
ARGLOG Omi t 101.1 pos '168.8 -235.9 -296.0' spd 140.4 yaw 331.8 mode 2 st 1 gl 4 hp 140 frg 7
ARGEVT Reap pursue
ARGEVT Zeus hazard
ARGLOG Reap t 101.5 pos '138.3 -219.0 -72.0' spd 340.8 yaw 319.0 mode 2 st 2 gl 3 hp 100 frg 5
ARGLOG Zeus t 101.5 pos '720.0 -912.0 -232.0' spd 0 yaw 171.8 mode 0 st 3 gl 5 hp 100 frg -1
ARGEVT Omi hazard
ARGEVT Zeus route 11 start '721.0 -887.0 -232.0' goal '529.0 -311.0 -104.0'
ARGEVT Omi pursue
ARGLOG Omi t 101.6 pos '264.6 -218.2 -296.0' spd 327.8 yaw 337.9 mode 2 st 1 gl 4 hp 139 frg 7
ARGEVT Zeus route 11 start '721.0 -887.0 -232.0' goal '529.0 -311.0 -104.0'
ARGLOG Reap t 102.0 pos '243.6 -231.3 -103.9' spd 140.1 yaw 356 mode 2 st 2 gl 3 hp 100 frg 5
ARGLOG Zeus t 102.0 pos '720.0 -788.0 -232.0' spd 328.9 yaw 125.3 mode 2 st 3 gl 5 hp 100 frg -1
ARGLOG Omi t 102.1 pos '392.6 -240.1 -296.0' spd 272.8 yaw 214.3 mode 2 st 1 gl 4 hp 115 frg 7
ARGEVT Omi weapon sg
ARGLOG Reap t 102.5 pos '309.2 -240.9 -296.0' spd 117.3 yaw 352 mode 2 st 2 gl 3 hp 96 frg 5
ARGLOG Zeus t 102.5 pos '720.3 -775.6 -232.0' spd 320.0 yaw 271 mode 2 st 3 gl 5 hp 100 frg -1
ARGEVT Omi hazard
ARGLOG Omi t 102.6 pos '469.5 -235.2 -296.0' spd 320.5 yaw 175 mode 2 st 1 gl 4 hp 90 frg 7
ARGEVT Reap hazard
ARGEVT Zeus hazard
ARGEVT Zeus route 11 start '721.0 -887.0 -232.0' goal '529.0 -311.0 -104.0'
ARGLOG Reap t 103.0 pos '356.1 -240.3 -296.0' spd 222.9 yaw 3 mode 2 st 2 gl 3 hp 72 frg 5
ARGLOG Zeus t 103.1 pos '721.1 -892.0 -232.0' spd 221.6 yaw 153.8 mode 0 st 3 gl 5 hp 100 frg -1
ARGLOG Omi t 103.2 pos '495.5 -258.0 -296.0' spd 359.0 yaw 161 mode 2 st 1 gl 4 hp 66 frg 7
ARGEVT Omi weapon rl
ARGEVT Zeus route 11 start '721.0 -887.0 -232.0' goal '529.0 -311.0 -104.0'
ARGLOG Reap t 103.5 pos '345.1 -229.1 -296.0' spd 327.0 yaw 351 mode 2 st 2 gl 3 hp 48 frg 5
ARGLOG Zeus t 103.6 pos '734.3 -728.0 -216.0' spd 364.2 yaw  21.4 mode 2 st 3 gl 5 hp 100 frg -1
ARGLOG Omi t 103.7 pos '538.7 -228.7 -296.0' spd 165.9 yaw 178 mode 2 st 1 gl 4 hp 42 frg 7
ARGEVT Omi weapon sg
ARGLOG Reap t 104.0 pos '382.3 -227.4 -296.0' spd 137.1 yaw 352 mode 2 st 2 gl 3 hp 48 frg 5
ARGLOG Zeus t 104.1 pos '843.0 -801.9 -232.0' spd 350.3 yaw 216.6 mode 2 st 3 gl 5 hp 100 frg -1
ARGLOG Omi t 104.2 pos '521.6 -241.9 -296.0' spd 162.9 yaw 196.5 mode 2 st 1 gl 4 hp 18 frg 7
ARGEVT Reap hazard
ARGEVT Zeus hazard
ARGLOG Reap t 104.5 pos '404.9 -243.8 -296.0' spd  47.6 yaw 360 mode 2 st 2 gl 3 hp 48 frg 5
ARGLOG Zeus t 104.6 pos '722.6 -879.0 -232.0' spd 393.2 yaw 118.1 mode 0 st 3 gl 5 hp 100 frg -1
ARGEVT Omi death Reap pos '547.6 -238.2 -296.0'
ARGEVT Zeus route 11 start '721.0 -887.0 -232.0' goal '529.0 -311.0 -104.0'
ARGLOG Reap t 105.1 pos '388.6 -265.9 -296.0' spd 375.6 yaw 218.8 mode 2 st 2 gl 3 hp 24 frg 6
ARGLOG Zeus t 105.1 pos '760.1 -713.0 -200.0' spd 393.3 yaw 348.8 mode 2 st 3 gl 5 hp 100 frg -1
ARGEVT Reap hazard
ARGLOG Reap t 105.6 pos '214.4 -250.1 -296.0' spd 403.6 yaw 231 mode 2 st 2 gl 3 hp 24 frg 6
ARGLOG Zeus t 105.6 pos '803.4 -809.4 -232.0' spd 341.9 yaw 224 mode 2 st 3 gl 5 hp 100 frg -1
ARGEVT Zeus hazard
ARGLOG Reap t 106.1 pos ' 85.7 -266.7 -296.0' spd 174.1 yaw 285 mode 2 st 2 gl 3 hp 24 frg 6
ARGLOG Zeus t 106.1 pos '720.0 -859.6 -232.0' spd 323.0 yaw 109 mode 0 st 3 gl 5 hp 100 frg -1
ARGEVT Omi respawn
ARGEVT Omi goal weapon_supershotgun
ARGLOG Omi t 106.3 pos '272.0 -952.0  24.0' spd 0 yaw 343.7 mode 0 st 1 gl 4 hp 100 frg 7
ARGEVT Zeus route 11 start '721.0 -887.0 -232.0' goal '529.0 -311.0 -104.0'
ARGEVT Reap hazard
ARGEVT Omi route 2 start '305.0 -983.0  24.0' goal '273.0 -1015.0 -104.0'
ARGLOG Reap t 106.6 pos ' 42.4 -265.0 -296.0' spd 244.2 yaw 303 mode 2 st 2 gl 3 hp 24 frg 6
ARGLOG Zeus t 106.7 pos '720.0 -742.4 -216.0' spd 152.7 yaw 224.5 mode 2 st 3 gl 5 hp 100 frg -1
ARGEVT Zeus abandon
ARGEVT Zeus goal item_artifact_super_damage
ARGLOG Omi t 106.8 pos '326.0 -1093.6  24.0' spd 419.7 yaw 178.9 mode 2 st 1 gl 4 hp 100 frg 7
ARGEVT Zeus routefail
ARGEVT Zeus goal item_rockets
ARGEVT Zeus route 9 start '721.0 -887.0 -232.0' goal ' 81.0 -823.0 -104.0'
ARGEVT Zeus hazard
ARGLOG Reap t 107.1 pos '174.5 -274.9 -296.0' spd 160.8 yaw 239 mode 2 st 2 gl 3 hp 24 frg 6
ARGLOG Zeus t 107.2 pos '720.0 -893.9 -232.0' spd 313.7 yaw 224.2 mode 0 st 3 gl 5 hp 100 frg -1
ARGEVT Zeus route 9 start '721.0 -887.0 -232.0' goal ' 81.0 -823.0 -104.0'
ARGLOG Omi t 107.3 pos '125.7 -1097.6 -50.6' spd 288.0 yaw  34.4 mode 1 st 1 gl 4 hp 100 frg 7
ARGEVT Zeus route 9 start '721.0 -887.0 -232.0' goal ' 81.0 -823.0 -104.0'
ARGEVT Reap hazard
ARGLOG Reap t 107.6 pos '238.3 -273.8 -296.0' spd 113.3 yaw 219 mode 2 st 2 gl 3 hp 24 frg 6
ARGEVT Zeus route 9 start '721.0 -887.0 -232.0' goal ' 81.0 -823.0 -104.0'
ARGLOG Zeus t 107.7 pos '720.0 -912.0 -232.0' spd 0 yaw 250.4 mode 2 st 3 gl 5 hp 100 frg -1
ARGLOG Omi t 107.8 pos '222.4 -1015.9 -104.0' spd 330.2 yaw 352 mode 1 st 1 gl 4 hp 100 frg 7
ARGEVT Zeus route 9 start '721.0 -887.0 -232.0' goal ' 81.0 -823.0 -104.0'
ARGEVT Zeus stall
ARGEVT Zeus jump
ARGEVT Zeus route 9 start '721.0 -887.0 -232.0' goal ' 81.0 -823.0 -104.0'
ARGEVT Omi goal weapon_lightning
ARGEVT Omi route 5 start '273.0 -1015.0 -104.0' goal '529.0 -311.0 -104.0'
ARGLOG Reap t 108.2 pos '143.7 -273.6 -296.0' spd 291.8 yaw 254 mode 2 st 2 gl 3 hp 24 frg 6
ARGLOG Zeus t 108.2 pos '720.0 -908.8 -203.0' spd  31.6 yaw 125.9 mode 0 st 4 gl 5 hp 100 frg -1
ARGEVT Zeus route 9 start '721.0 -887.0 -232.0' goal ' 81.0 -823.0 -104.0'
ARGLOG Omi t 108.3 pos '392.5 -1021.8 -104.0' spd 365.8 yaw  58.6 mode 2 st 1 gl 5 hp 100 frg 7
ARGEVT Zeus route 9 start '721.0 -887.0 -232.0' goal ' 81.0 -823.0 -104.0'
ARGEVT Reap hazard
ARGLOG Reap t 108.7 pos '124.6 -278.1 -296.0' spd 330.0 yaw 264 mode 2 st 2 gl 3 hp 24 frg 6
ARGEVT Zeus route 9 start '721.0 -887.0 -232.0' goal ' 81.0 -823.0 -104.0'
ARGLOG Zeus t 108.7 pos '720.0 -885.9 -232.0' spd  23.1 yaw 192.1 mode 2 st 4 gl 5 hp 100 frg -1
ARGEVT Zeus hazard
ARGLOG Omi t 108.8 pos '457.3 -859.2 -104.0' spd 335.4 yaw 119 mode 2 st 1 gl 5 hp 100 frg 7
ARGEVT Zeus route 9 start '721.0 -887.0 -232.0' goal ' 81.0 -823.0 -104.0'
ARGEVT Zeus route 9 start '721.0 -887.0 -232.0' goal ' 81.0 -823.0 -104.0'
ARGEVT Omi hazard
ARGLOG Reap t 109.2 pos '176.1 -256.7 -296.0' spd 128.8 yaw 242 mode 2 st 2 gl 3 hp 24 frg 6
ARGLOG Zeus t 109.2 pos '720.0 -912.0 -232.0' spd 0 yaw 267 mode 0 st 4 gl 5 hp 100 frg -1
ARGEVT Zeus route 9 start '721.0 -887.0 -232.0' goal ' 81.0 -823.0 -104.0'
ARGLOG Omi t 109.3 pos '377.2 -752.0 -104.0' spd 229.9 yaw 102 mode 2 st 1 gl 5 hp 100 frg 7
ARGEVT Zeus route 9 start '721.0 -887.0 -232.0' goal ' 81.0 -823.0 -104.0'
ARGEVT Reap hazard
ARGLOG Reap t 109.7 pos '190.5 -276.9 -296.0' spd 338.4 yaw 232 mode 2 st 2 gl 3 hp 24 frg 6
ARGEVT Zeus route 9 start '721.0 -887.0 -232.0' goal ' 81.0 -823.0 -104.0'
ARGLOG Zeus t 109.8 pos '720.0 -912.0 -232.0' spd 0 yaw 250.4 mode 2 st 4 gl 5 hp 100 frg -1
ARGLOG Omi t 109.9 pos '329.0 -594.8 -104.0' spd 328.1 yaw 74 mode 2 st 1 gl 5 hp 100 frg 7
ARGEVT Zeus route 9 start '721.0 -887.0 -232.0' goal ' 81.0 -823.0 -104.0'
ARGEVT Zeus route 9 start '721.0 -887.0 -232.0' goal ' 81.0 -823.0 -104.0'
ARGEVT Zeus stall
ARGEVT Zeus jump
ARGLOG Reap t 110.2 pos ' 57.0 -261.7 -296.0' spd 216.3 yaw 297 mode 2 st 2 gl 3 hp 24 frg 6
ARGLOG Zeus t 110.3 pos '720.0 -912.0 -220.1' spd 0 yaw  66.3 mode 0 st 5 gl 5 hp 100 frg -1
ARGEVT Zeus route 9 start '721.0 -887.0 -232.0' goal ' 81.0 -823.0 -104.0'
ARGLOG Omi t 110.4 pos '367.9 -434.0 -104.0' spd 320.3 yaw  53.7 mode 2 st 1 gl 5 hp 100 frg 7
ARGEVT Reap engage Omi
ARGEVT Omi engage Reap
ARGEVT Zeus route 9 start '721.0 -887.0 -232.0' goal ' 81.0 -823.0 -104.0'
ARGLOG Reap t 110.7 pos ' 46.5 -257.0 -296.0' spd 101.4 yaw 332 mode 2 st 2 gl 3 hp 24 frg 6
ARGEVT Zeus route 9 start '721.0 -887.0 -232.0' goal ' 81.0 -823.0 -104.0'
ARGLOG Zeus t 110.8 pos '727.5 -896.9 -218.5' spd  34.2 yaw  82.3 mode 2 st 5 gl 5 hp 100 frg -1
ARGLOG Omi t 110.9 pos '283.8 -487.0 -104.0' spd 321.4 yaw 129 mode 1 st 1 gl 5 hp 100 frg 7
ARGEVT Zeus route 9 start '721.0 -887.0 -232.0' goal ' 81.0 -823.0 -104.0'
ARGEVT Omi pursue
ARGEVT Reap pursue
ARGEVT Omi hazard
ARGEVT Reap hazard
ARGEVT Zeus route 9 start '721.0 -887.0 -232.0' goal ' 81.0 -823.0 -104.0'
ARGLOG Reap t 111.2 pos '128.0 -274.3 -296.0' spd 237.7 yaw 262 mode 2 st 2 gl 3 hp 24 frg 6
ARGLOG Zeus t 111.3 pos '767.1 -773.4 -232.0' spd 358.8 yaw 131.9 mode 2 st 5 gl 5 hp 100 frg -1
ARGLOG Omi t 111.4 pos '215.5 -407.1 -104.0' spd 322.7 yaw 106.3 mode 1 st 1 gl 5 hp 100 frg 7
ARGEVT Zeus hazard
ARGEVT Reap death Omi pos '195.3 -256.3 -296.0'
ARGLOG Zeus t 111.8 pos '720.0 -819.5 -228.8' spd 337.2 yaw 271 mode 2 st 5 gl 5 hp 100 frg -1
ARGLOG Omi t 111.9 pos '174.7 -400.7 -104.0' spd 334.1 yaw 15 mode 1 st 1 gl 5 hp 100 frg 8
ARGEVT Zeus route 9 start '721.0 -887.0 -232.0' goal ' 81.0 -823.0 -104.0'
ARGLOG Zeus t 112.3 pos '720.0 -912.0 -232.0' spd 0 yaw 269 mode 0 st 5 gl 5 hp 100 frg -1
ARGEVT Zeus route 9 start '721.0 -887.0 -232.0' goal ' 81.0 -823.0 -104.0'
ARGLOG Omi t 112.4 pos '343.0 -414.2 -104.0' spd 337.7 yaw  27.3 mode 1 st 1 gl 5 hp 100 frg 8
ARGEVT Zeus hazard
ARGEVT Zeus route 9 start '721.0 -887.0 -232.0' goal ' 81.0 -823.0 -104.0'
ARGEVT Zeus route 9 start '721.0 -887.0 -232.0' goal ' 81.0 -823.0 -104.0'
ARGLOG Zeus t 112.8 pos '720.0 -912.0 -232.0' spd 0 yaw 252.7 mode 2 st 5 gl 5 hp 100 frg -1
ARGLOG Omi t 112.9 pos '499.1 -349.3 -104.0' spd 327.8 yaw  99.8 mode 1 st 1 gl 5 hp 100 frg 8
ARGEVT Zeus route 9 start '721.0 -887.0 -232.0' goal ' 81.0 -823.0 -104.0'
ARGEVT Omi goal item_armor2
ARGEVT Reap respawn
ARGEVT Zeus stall
ARGEVT Zeus jump
ARGEVT Reap goal weapon_supernailgun
ARGLOG Reap t 113.1 pos '112.0 -1136.0 -104.0' spd 0 yaw  61.3 mode 0 st 2 gl 3 hp 100 frg 6
ARGEVT Omi route 16 start '529.0 -311.0 -104.0' goal '1169.0 -599.0  24.0'
ARGLOG Zeus t 113.3 pos '720.0 -904.3 -194.3' spd  45.8 yaw 180.1 mode 0 st 6 gl 5 hp 100 frg -1
ARGEVT Reap routefail
ARGLOG Omi t 113.5 pos '554.3 -185.2 -104.0' spd 330.3 yaw 101 mode 2 st 1 gl 6 hp 100 frg 8
ARGEVT Reap goal weapon_nailgun
ARGEVT Reap route 8 start '177.0 -983.0 -104.0' goal '337.0   9.0 -296.0'
ARGLOG Reap t 113.6 pos '146.3 -984.0 -104.0' spd 320.4 yaw 76 mode 2 st 2 gl 3 hp 100 frg 6
ARGEVT Zeus hazard
ARGEVT Zeus stall
ARGEVT Zeus jump
ARGEVT Zeus route 9 start '721.0 -887.0 -232.0' goal ' 81.0 -823.0 -104.0'
ARGLOG Zeus t 113.9 pos '720.0 -912.0 -220.1' spd 0 yaw 109.1 mode 2 st 7 gl 5 hp 100 frg -1
ARGLOG Omi t 114.0 pos '546.3 -15.6 -104.0' spd 366.4 yaw  31.4 mode 2 st 1 gl 6 hp 100 frg 8
ARGEVT Omi hazard
ARGLOG Reap t 114.1 pos '227.9 -839.1 -104.0' spd 325.9 yaw 31 mode 2 st 2 gl 3 hp 100 frg 6
ARGEVT Omi engage Reap
ARGEVT Omi weapon ssg
ARGEVT Reap engage Omi
ARGLOG Zeus t 114.4 pos '720.0 -895.9 -218.9' spd  31.7 yaw 109.1 mode 2 st 7 gl 5 hp 100 frg -1
ARGLOG Omi t 114.5 pos '577.5 -97.9 -104.0' spd 325.3 yaw 333.3 mode 2 st 1 gl 6 hp 100 frg 8
ARGEVT Reap route 6 start '305.0 -791.0 -104.0' goal '337.0   9.0 -296.0'
ARGEVT Omi weapon gl
ARGLOG Reap t 114.6 pos '337.2 -713.0 -104.0' spd 321.7 yaw  72.7 mode 2 st 2 gl 3 hp 100 frg 6
ARGEVT Reap pursue
ARGEVT Omi pursue
ARGLOG Zeus t 114.9 pos '720.0 -768.0 -232.0' spd 330.6 yaw 109.1 mode 2 st 7 gl 5 hp 100 frg -1
ARGLOG Omi t 115.0 pos '531.4 -256.5 -104.0' spd 320.9 yaw 245 mode 2 st 1 gl 6 hp 100 frg 8
ARGEVT Omi weapon lg
ARGLOG Reap t 115.1 pos '352.5 -563.4 -104.0' spd 305.2 yaw  69.3 mode 2 st 2 gl 3 hp 70 frg 6
ARGEVT Omi hazard
ARGEVT Zeus goal item_rockets
ARGEVT Zeus hazard
ARGLOG Zeus t 115.4 pos '722.2 -743.7 -216.0' spd 166.4 yaw 142.1 mode 0 st 7 gl 5 hp 100 frg -1
ARGEVT Omi route 17 start '401.0 -343.0 -104.0' goal '1169.0 -599.0  24.0'
ARGLOG Omi t 115.5 pos '470.5 -388.7 -104.0' spd 327.8 yaw 211 mode 2 st 1 gl 6 hp 100 frg 8
ARGEVT Zeus route 11 start '721.0 -759.0 -232.0' goal '401.0 -759.0 -104.0'
ARGLOG Reap t 115.7 pos '240.0 -454.7 -104.0' spd 306.2 yaw  15.1 mode 2 st 2 gl 3 hp 10 frg 6
ARGEVT Reap death Omi pos '240.0 -438.0 -104.0'
ARGLOG Zeus t 115.9 pos '720.0 -811.8 -228.8' spd 324.8 yaw 271 mode 2 st 7 gl 5 hp 100 frg -1
ARGLOG Omi t 116.0 pos '393.6 -394.6 -104.0' spd 219.5 yaw  77.5 mode 2 st 1 gl 6 hp 100 frg 9
ARGEVT Zeus route 10 start '721.0 -887.0 -232.0' goal '401.0 -759.0 -104.0'
ARGLOG Zeus t 116.4 pos '720.0 -912.0 -232.0' spd 0 yaw 260 mode 0 st 7 gl 5 hp 100 frg -1
ARGEVT Zeus route 10 start '721.0 -887.0 -232.0' goal '401.0 -759.0 -104.0'
ARGLOG Omi t 116.5 pos '477.2 -286.6 -104.0' spd 320.9 yaw 63 mode 2 st 1 gl 6 hp 100 frg 9
ARGEVT Zeus route 10 start '721.0 -887.0 -232.0' goal '401.0 -759.0 -104.0'
ARGEVT Zeus route 10 start '721.0 -887.0 -232.0' goal '401.0 -759.0 -104.0'
ARGLOG Zeus t 116.9 pos '720.0 -912.0 -232.0' spd 0 yaw 260 mode 0 st 7 gl 5 hp 100 frg -1
ARGLOG Omi t 117.1 pos '529.5 -129.5 -104.0' spd 322.0 yaw 90 mode 2 st 1 gl 6 hp 100 frg 9
ARGEVT Zeus route 10 start '721.0 -887.0 -232.0' goal '401.0 -759.0 -104.0'
ARGEVT Reap respawn
ARGEVT Zeus engage Reap
ARGEVT Zeus weapon sg
ARGEVT Reap goal weapon_nailgun
ARGEVT Reap engage Zeus
ARGLOG Reap t 117.3 pos '776.0 -808.0 -232.0' spd 0 yaw 100.9 mode 0 st 2 gl 3 hp 100 frg 6
ARGEVT Zeus route 10 start '721.0 -887.0 -232.0' goal '401.0 -759.0 -104.0'
ARGEVT Zeus weapon rl
ARGLOG Zeus t 117.5 pos '368.0  40.4 -263.2' spd 300 yaw 291.6 mode 0 st 7 gl 5 hp 100 frg -1
ARGEVT Omi hazard
ARGEVT Zeus route 9 start '369.0 105.0 -288.0' goal '401.0 -759.0 -104.0'
ARGLOG Omi t 117.6 pos '566.4   3.2 -104.0' spd 0 yaw 5 mode 2 st 1 gl 6 hp 100 frg 9
ARGEVT Reap goal 
ARGEVT Reap route 4 start '817.0 -727.0 -216.0' goal '593.0 -215.0 -296.0'
ARGEVT Zeus hazard
ARGEVT Zeus pursue
ARGEVT Reap pursue
ARGLOG Reap t 117.8 pos '789.3 -667.8 -184.0' spd 326.8 yaw 140.3 mode 2 st 2 gl 3 hp 100 frg 6
ARGEVT Reap hazard
ARGLOG Zeus t 118.0 pos '390.3 -116.8 -296.0' spd 331.7 yaw 301 mode 2 st 7 gl 5 hp 100 frg -1
ARGLOG Omi t 118.1 pos '566.4   3.2 -104.0' spd 0 yaw 5 mode 2 st 1 gl 6 hp 100 frg 9
ARGEVT Omi stall
ARGEVT Omi stallnode '625.0   9.0 -296.0'
ARGEVT Omi jump
ARGLOG Reap t 118.3 pos '752.0 -696.5 -184.0' spd 320.3 yaw 264 mode 2 st 2 gl 3 hp 100 frg 6
ARGLOG Zeus t 118.5 pos '440.4 -272.0 -296.0' spd 357.9 yaw 338.0 mode 2 st 7 gl 5 hp 100 frg -1
ARGEVT Omi route 14 start '529.0 -55.0 -104.0' goal '1169.0 -599.0  24.0'
ARGLOG Omi t 118.6 pos '566.4   3.2 -65.1' spd 0 yaw  95.0 mode 2 st 2 gl 6 hp 100 frg 9
ARGLOG Reap t 118.8 pos '746.7 -862.1 -232.0' spd 339.5 yaw 242.7 mode 2 st 2 gl 3 hp 100 frg 6
ARGEVT Reap goal 
ARGLOG Zeus t 119.0 pos '600.0 -225.4 -296.0' spd 323.2 yaw  30.4 mode 2 st 7 gl 5 hp 100 frg -1
ARGEVT Reap hazard
ARGEVT Reap route 10 start '721.0 -887.0 -232.0' goal '241.0 -503.0 -104.0'
ARGLOG Omi t 119.1 pos '528.4 -26.8 -104.0' spd 335.1 yaw 259.2 mode 2 st 2 gl 6 hp 100 frg 9
ARGEVT Zeus hazard
ARGLOG Reap t 119.3 pos '720.0 -817.9 -232.0' spd 333.6 yaw 127.2 mode 0 st 2 gl 3 hp 100 frg 6
ARGEVT Reap route 11 start '721.0 -759.0 -232.0' goal '241.0 -503.0 -104.0'
ARGLOG Zeus t 119.5 pos '656.0 -191.7 -296.0' spd 321.9 yaw 283 mode 2 st 7 gl 5 hp 100 frg -1
ARGLOG Omi t 119.6 pos '604.9 -162.5 -104.0' spd 430.8 yaw  63.7 mode 2 st 2 gl 6 hp 100 frg 9
ARGEVT Zeus route 7 start '593.0 -215.0 -296.0' goal '401.0 -759.0 -104.0'
ARGLOG Reap t 119.8 pos '720.0 -787.0 -222.3' spd 320.9 yaw 274 mode 2 st 2 gl 3 hp 100 frg 6
ARGLOG Zeus t 120.0 pos '556.1 -271.1 -296.0' spd 323.8 yaw 152.5 mode 2 st 7 gl 5 hp 100 frg -1
ARGLOG Omi t 120.1 pos '573.2 -10.5 -104.0' spd 330.3 yaw  21.7 mode 2 st 2 gl 6 hp 100 frg 9
ARGEVT Omi hazard
ARGEVT Reap hazard
ARGEVT Reap route 10 start '721.0 -887.0 -232.0' goal '241.0 -503.0 -104.0'
ARGEVT Zeus hazard
ARGLOG Reap t 120.3 pos '720.7 -892.1 -232.0' spd 221.0 yaw 155.2 mode 0 st 2 gl 3 hp 100 frg 6
ARGLOG Zeus t 120.6 pos '461.9 -208.0 -296.0' spd 189.5 yaw 42 mode 2 st 7 gl 5 hp 100 frg -1
ARGLOG Omi t 120.7 pos '566.4   3.2 -104.0' spd 0 yaw 5 mode 2 st 2 gl 6 hp 100 frg 9
ARGEVT Reap route 10 start '721.0 -887.0 -232.0' goal '241.0 -503.0 -104.0'
ARGLOG Reap t 120.9 pos '734.0 -728.7 -216.0' spd 363.4 yaw  21.8 mode 2 st 2 gl 3 hp 100 frg 6
ARGLOG Zeus t 121.1 pos '617.9 -168.5 -296.0' spd 352.3 yaw 88 mode 2 st 7 gl 5 hp 100 frg -1
ARGEVT Omi stall
ARGEVT Omi stallnode '625.0   9.0 -296.0'
ARGLOG Omi t 121.2 pos '566.4   3.2 -104.0' spd 0 yaw 187.4 mode 0 st 3 gl 6 hp 100 frg 9
ARGEVT Omi jump
ARGLOG Reap t 121.4 pos '843.0 -801.5 -232.0' spd 349.6 yaw 217.3 mode 2 st 2 gl 3 hp 100 frg 6
ARGEVT Omi route 14 start '529.0 -55.0 -104.0' goal '1169.0 -599.0  24.0'
ARGLOG Zeus t 121.6 pos '644.6  -3.9 -296.0' spd 321.7 yaw 97 mode 2 st 7 gl 5 hp 100 frg -1
ARGLOG Omi t 121.7 pos '552.5  -5.9 -81.6' spd  38.0 yaw 245 mode 2 st 3 gl 6 hp 100 frg 9
ARGEVT Reap hazard
ARGLOG Reap t 121.9 pos '722.0 -879.2 -232.0' spd 393.2 yaw 118.4 mode 0 st 2 gl 3 hp 100 frg 6
ARGLOG Zeus t 122.1 pos '394.5 -864.0  24.0' spd 300 yaw 177 mode 2 st 7 gl 5 hp 100 frg -1
ARGEVT Reap route 10 start '721.0 -887.0 -232.0' goal '241.0 -503.0 -104.0'
ARGLOG Omi t 122.2 pos '566.2 -119.4 -104.0' spd 397.1 yaw   2.9 mode 2 st 3 gl 6 hp 100 frg 9
ARGLOG Reap t 122.4 pos '759.4 -715.0 -200.0' spd 391.8 yaw 349.8 mode 2 st 2 gl 3 hp 100 frg 6
ARGLOG Zeus t 122.6 pos '230.2 -856.8  24.0' spd 320.0 yaw 178 mode 2 st 7 gl 5 hp 100 frg -1
ARGLOG Omi t 122.7 pos '588.8 -41.6 -104.0' spd 372.8 yaw 54 mode 2 st 3 gl 6 hp 100 frg 9
ARGEVT Omi hazard
ARGLOG Reap t 122.9 pos '804.7 -810.1 -232.0' spd 342.9 yaw 223 mode 2 st 2 gl 3 hp 100 frg 6
ARGEVT Zeus hazard
ARGLOG Zeus t 123.1 pos '235.9 -752.0  24.0' spd 366.2 yaw  13.5 mode 2 st 7 gl 5 hp 100 frg -1
ARGLOG Omi t 123.2 pos '566.4   3.2 -104.0' spd 0 yaw 5 mode 2 st 3 gl 6 hp 100 frg 9
ARGEVT Reap hazard
ARGLOG Reap t 123.4 pos '720.0 -838.7 -232.0' spd 358.3 yaw 105.8 mode 0 st 2 gl 3 hp 100 frg 6
ARGEVT Reap route 10 start '721.0 -887.0 -232.0' goal '241.0 -503.0 -104.0'
ARGLOG Zeus t 123.6 pos '400.4 -757.2  24.0' spd 320.7 yaw 349 mode 1 st 7 gl 5 hp 100 frg -1
ARGLOG Omi t 123.7 pos '566.4   3.2 -104.0' spd 0 yaw 5 mode 2 st 3 gl 6 hp 100 frg 9
ARGEVT Omi hazard
ARGLOG Reap t 123.9 pos '799.0 -695.2 -200.0' spd 411.5 yaw 316.2 mode 2 st 2 gl 3 hp 100 frg 6
ARGEVT Omi stall
ARGEVT Omi stallnode '625.0   9.0 -296.0'
ARGEVT Omi jump
ARGLOG Zeus t 124.1 pos '463.2 -790.2  24.0' spd 269.5 yaw 211.5 mode 1 st 7 gl 5 hp 100 frg -1
ARGLOG Omi t 124.3 pos '562.8  -0.1 -69.6' spd  34.2 yaw 270.3 mode 0 st 4 gl 6 hp 100 frg 9
ARGEVT Omi route 14 start '529.0 -55.0 -104.0' goal '1169.0 -599.0  24.0'
ARGLOG Reap t 124.5 pos '783.7 -832.6 -232.0' spd 331.3 yaw 221 mode 2 st 2 gl 3 hp 100 frg 6
ARGLOG Zeus t 124.7 pos '313.2 -741.5  24.0' spd 421.8 yaw  47.0 mode 1 st 7 gl 5 hp 100 frg -1
ARGEVT Reap hazard
ARGEVT Omi engage Zeus
ARGEVT Omi weapon ssg
ARGLOG Omi t 124.8 pos '549.3 -23.3 -104.0' spd 182.6 yaw 246 mode 2 st 4 gl 6 hp 100 frg 9
ARGEVT Zeus hazard
ARGEVT Omi weapon gl
ARGLOG Reap t 125.0 pos '720.0 -800.3 -232.0' spd 321.5 yaw 88 mode 0 st 2 gl 3 hp 100 frg 6
ARGEVT Reap route 10 start '721.0 -887.0 -232.0' goal '241.0 -503.0 -104.0'
ARGLOG Zeus t 125.2 pos '367.4 -700.9  24.0' spd 323.8 yaw 257 mode 1 st 7 gl 5 hp 100 frg -1
ARGEVT Omi pursue
ARGLOG Omi t 125.3 pos '504.7 -180.8 -104.0' spd 320.1 yaw 252 mode 2 st 4 gl 6 hp 100 frg 9
ARGLOG Reap t 125.5 pos '829.9 -736.5 -216.0' spd 374.8 yaw 282.9 mode 2 st 2 gl 3 hp 100 frg 6
ARGLOG Zeus t 125.7 pos '624.0  96.0 -269.0' spd 300 yaw 259 mode 1 st 7 gl 5 hp 100 frg -1
ARGLOG Omi t 125.8 pos '454.6 -338.5 -104.0' spd 320.0 yaw 251 mode 0 st 4 gl 6 hp 100 frg 9
ARGEVT Omi route 17 start '401.0 -343.0 -104.0' goal '1169.0 -599.0  24.0'
ARGLOG Reap t 126.0 pos '774.2 -884.3 -232.0' spd 346.4 yaw 183 mode 2 st 2 gl 3 hp 100 frg 6
ARGEVT Reap hazard
ARGLOG Zeus t 126.2 pos '616.0 -63.1 -296.0' spd 320.6 yaw 258 mode 1 st 7 gl 5 hp 100 frg -1
ARGLOG Omi t 126.3 pos '402.6 -494.9 -104.0' spd 320.0 yaw 250 mode 2 st 4 gl 6 hp 100 frg 9
ARGEVT Reap route 10 start '721.0 -887.0 -232.0' goal '241.0 -503.0 -104.0'
ARGLOG Reap t 126.5 pos '721.8 -777.3 -232.0' spd 329.5 yaw  55.4 mode 2 st 2 gl 3 hp 100 frg 6
ARGLOG Zeus t 126.7 pos '585.3 -225.4 -296.0' spd 320.0 yaw 257 mode 1 st 7 gl 5 hp 100 frg -1
ARGEVT Omi route 18 start '337.0 -567.0 -104.0' goal '1169.0 -599.0  24.0'
ARGEVT Zeus hazard
ARGLOG Omi t 126.8 pos '337.3 -599.1 -104.0' spd 329.0 yaw 268 mode 2 st 4 gl 6 hp 100 frg 9
ARGLOG Reap t 127.0 pos '819.6 -739.0 -216.0' spd 322.5 yaw 251.5 mode 2 st 2 gl 3 hp 100 frg 6
ARGEVT Omi hazard
ARGLOG Zeus t 127.2 pos '449.0 -272.0 -296.0' spd 366.0 yaw 257.3 mode 1 st 7 gl 5 hp 100 frg -1
ARGLOG Omi t 127.3 pos '368.0 -747.0 -104.0' spd 104.9 yaw  71.8 mode 2 st 4 gl 6 hp 100 frg 9
ARGLOG Reap t 127.5 pos '739.8 -888.3 -232.0' spd 355.5 yaw 172.0 mode 0 st 2 gl 3 hp 100 frg 6
ARGEVT Reap hazard
ARGLOG Zeus t 127.8 pos '331.0 -257.8 -296.0' spd 318.1 yaw 290.0 mode 1 st 7 gl 5 hp 100 frg -1
ARGEVT Omi weapon lg
ARGLOG Omi t 127.9 pos '368.0 -597.4 -104.0' spd 325.6 yaw 75 mode 2 st 4 gl 6 hp 100 frg 9
ARGEVT Reap route 10 start '721.0 -887.0 -232.0' goal '241.0 -503.0 -104.0'
ARGEVT Zeus hazard
ARGLOG Reap t 128.1 pos '733.7 -736.0 -216.0' spd 363.7 yaw  22.1 mode 2 st 2 gl 3 hp 100 frg 6
ARGLOG Zeus t 128.3 pos '465.4 -245.3 -296.0' spd 372.5 yaw 326 mode 1 st 7 gl 5 hp 100 frg -1
ARGLOG Omi t 128.4 pos '416.4 -435.7 -104.0' spd 321.8 yaw  60.6 mode 2 st 4 gl 6 hp 100 frg 9
ARGLOG Reap t 128.6 pos '811.1 -767.5 -232.0' spd 344.2 yaw 233 mode 2 st 2 gl 3 hp 100 frg 6
ARGLOG Zeus t 128.8 pos '628.7 -272.0 -296.0' spd 320.0 yaw  16.3 mode 1 st 7 gl 5 hp 100 frg -1
ARGLOG Omi t 128.9 pos '496.5 -291.3 -104.0' spd 320.8 yaw 73 mode 2 st 4 gl 6 hp 100 frg 9
ARGEVT Zeus hazard
ARGEVT Reap hazard
ARGLOG Reap t 129.1 pos '724.6 -873.3 -232.0' spd 380.2 yaw 148.7 mode 0 st 2 gl 3 hp 100 frg 6
ARGLOG Zeus t 129.3 pos '656.0 -193.2 -296.0' spd 197.6 yaw 278.1 mode 1 st 7 gl 5 hp 100 frg -1
ARGEVT Reap route 10 start '721.0 -887.0 -232.0' goal '241.0 -503.0 -104.0'
ARGLOG Omi t 129.4 pos '531.1 -129.9 -104.0' spd 321.1 yaw 91 mode 2 st 4 gl 6 hp 100 frg 9
ARGLOG Reap t 129.6 pos '761.2 -719.4 -200.0' spd 320.4 yaw 348.8 mode 2 st 2 gl 3 hp 100 frg 6
ARGLOG Zeus t 129.8 pos '547.6 -272.0 -296.0' spd 284.5 yaw 283.3 mode 1 st 7 gl 5 hp 100 frg -1
ARGEVT Omi hazard
ARGLOG Omi t 129.9 pos '566.4   3.2 -104.0' spd 0 yaw 5 mode 2 st 4 gl 6 hp 100 frg 9
ARGEVT Zeus hazard
ARGLOG Reap t 130.1 pos '826.2 -835.2 -232.0' spd 361.7 yaw 207 mode 2 st 2 gl 3 hp 100 frg 6
ARGLOG Zeus t 130.3 pos '426.2 -272.0 -296.0' spd 219.3 yaw 249.4 mode 1 st 7 gl 5 hp 100 frg -1
ARGLOG Omi t 130.4 pos '566.4   3.2 -104.0' spd 0 yaw 5 mode 2 st 4 gl 6 hp 100 frg 9
ARGEVT Reap hazard
ARGEVT Omi stall
ARGEVT Omi stallnode '625.0   9.0 -296.0'
ARGEVT Omi jump
ARGLOG Reap t 130.6 pos '720.0 -843.8 -232.0' spd 322.8 yaw 88 mode 0 st 2 gl 3 hp 100 frg 6
ARGEVT Reap route 10 start '721.0 -887.0 -232.0' goal '241.0 -503.0 -104.0'
ARGLOG Zeus t 130.8 pos '260.1 -276.7 -296.0' spd 347.2 yaw 161.7 mode 1 st 7 gl 5 hp 100 frg -1
ARGEVT Zeus engage Omi
ARGEVT Omi engage Zeus
ARGEVT Omi weapon gl
ARGLOG Omi t 130.9 pos '555.2  -5.6 -68.9' spd  57.3 yaw 267.7 mode 0 st 5 gl 6 hp 100 frg 9
ARGEVT Omi route 14 start '529.0 -55.0 -104.0' goal '1169.0 -599.0  24.0'
ARGEVT Omi weapon lg
ARGLOG Reap t 131.1 pos '800.9 -701.6 -200.0' spd 411.2 yaw 316.2 mode 2 st 2 gl 3 hp 100 frg 6
ARGLOG Zeus t 131.4 pos '183.3 -252.7 -296.0' spd 320.1 yaw  53.5 mode 1 st 7 gl 5 hp 100 frg -1
ARGEVT Omi pursue
ARGLOG Omi t 131.5 pos '566.8 -93.2 -104.0' spd 320.1 yaw 202 mode 2 st 5 gl 6 hp 100 frg 9
ARGEVT Zeus pursue
ARGEVT Zeus hazard
ARGLOG Reap t 131.7 pos '776.3 -758.1 -232.0' spd 320.1 yaw 247 mode 2 st 2 gl 3 hp 100 frg 6
ARGLOG Zeus t 131.9 pos '192.8 -243.1 -296.0' spd 337.1 yaw 25 mode 1 st 7 gl 5 hp 100 frg -1
ARGEVT Omi hazard
ARGLOG Omi t 132.0 pos '472.4 -126.8 -93.2' spd 417.5 yaw 207 mode 2 st 5 gl 6 hp 49 frg 9
ARGEVT Reap hazard
ARGLOG Reap t 132.2 pos '720.0 -912.0 -232.0' spd 0 yaw 162.1 mode 0 st 2 gl 3 hp 100 frg 6
ARGEVT Reap route 10 start '721.0 -887.0 -232.0' goal '241.0 -503.0 -104.0'
ARGLOG Zeus t 132.4 pos '168.2 -241.9 -296.0' spd 146.3 yaw 358 mode 1 st 7 gl 5 hp 88 frg -1
ARGLOG Omi t 132.5 pos '594.1 -303.5 -102.9' spd 417.5 yaw 170 mode 2 st 5 gl 6 hp 49 frg 9
ARGEVT Omi weapon gl
ARGEVT Reap route 10 start '721.0 -887.0 -232.0' goal '241.0 -503.0 -104.0'
ARGLOG Reap t 132.7 pos '724.4 -759.7 -232.0' spd 329.7 yaw  53.0 mode 2 st 2 gl 3 hp 100 frg 6
ARGEVT Zeus hazard
ARGEVT Omi pursue
ARGEVT Zeus pursue
ARGLOG Zeus t 132.9 pos '217.4 -226.4 -296.0' spd 280.4 yaw 344 mode 1 st 7 gl 5 hp 88 frg -1
ARGLOG Omi t 133.0 pos '590.1 -267.8 -104.0' spd 320.0 yaw 174 mode 2 st 5 gl 6 hp 49 frg 9
ARGEVT Reap hazard
ARGEVT Omi abandon
ARGEVT Omi goal item_health
ARGLOG Reap t 133.2 pos '841.5 -771.1 -232.0' spd 400.3 yaw 248.9 mode 2 st 2 gl 3 hp 100 frg 6
ARGEVT Omi route 9 start '529.0 -311.0 -104.0' goal '497.0 -471.0  24.0'
ARGEVT Omi hazard
ARGLOG Zeus t 133.4 pos '366.0 -257.2 -296.0' spd 373.3 yaw 11 mode 1 st 7 gl 5 hp 88 frg -1
ARGEVT Omi weapon lg
ARGLOG Omi t 133.5 pos '463.1 -209.0 -104.0' spd 320.8 yaw 189.2 mode 2 st 5 gl 6 hp 49 frg 9
ARGLOG Reap t 133.7 pos '727.0 -893.6 -232.0' spd 371.6 yaw 147.7 mode 0 st 2 gl 3 hp 100 frg 6
ARGEVT Reap route 10 start '721.0 -887.0 -232.0' goal '241.0 -503.0 -104.0'
ARGLOG Zeus t 133.9 pos '428.7 -216.0 -296.0' spd 231.0 yaw  12.3 mode 1 st 7 gl 5 hp 88 frg -1
ARGLOG Omi t 134.0 pos '485.3 -186.1 -104.0' spd 281.8 yaw 223.7 mode 2 st 5 gl 6 hp 49 frg 9
ARGEVT Omi pursue
ARGEVT Reap hazard
ARGLOG Reap t 134.2 pos '723.0 -754.5 -232.0' spd  99.0 yaw 246.9 mode 2 st 2 gl 3 hp 100 frg 6
ARGEVT Zeus pursue
ARGEVT Omi hazard
ARGLOG Zeus t 134.4 pos '589.8 -255.9 -296.0' spd 378.0 yaw  70.9 mode 1 st 7 gl 5 hp 88 frg -1
ARGLOG Omi t 134.5 pos '478.3 -142.9 -104.0' spd 323.2 yaw  62.1 mode 2 st 5 gl 6 hp 49 frg 9
ARGLOG Reap t 134.7 pos '720.0 -912.0 -232.0' spd 0 yaw 189.1 mode 0 st 2 gl 3 hp 100 frg 6
ARGEVT Zeus hazard
ARGEVT Reap route 10 start '721.0 -887.0 -232.0' goal '241.0 -503.0 -104.0'
ARGLOG Zeus t 134.9 pos '592.0 -83.6 -296.0' spd 226.4 yaw 234.4 mode 1 st 7 gl 5 hp 88 frg -1
ARGLOG Omi t 135.1 pos '418.1 -48.0 -104.0' spd 341.2 yaw 160.4 mode 2 st 5 gl 6 hp 49 frg 9
ARGLOG Reap t 135.3 pos '720.9 -761.3 -232.0' spd 320.0 yaw 89 mode 0 st 2 gl 3 hp 100 frg 6
ARGEVT Reap route 11 start '721.0 -759.0 -232.0' goal '241.0 -503.0 -104.0'
ARGEVT Reap hazard
ARGLOG Zeus t 135.5 pos '587.8 -213.2 -296.0' spd 372.2 yaw 209.0 mode 1 st 7 gl 5 hp 88 frg -1
ARGEVT Zeus abandon
ARGEVT Zeus goal weapon_supernailgun
ARGLOG Omi t 135.6 pos '309.2 -147.2 -179.6' spd 160.2 yaw 316.2 mode 0 st 5 gl 6 hp 49 frg 9
ARGEVT Zeus routefail
ARGEVT Zeus goal 
ARGEVT Omi route 9 start '273.0 -183.0 -296.0' goal '497.0 -471.0  24.0'
ARGLOG Reap t 135.8 pos '816.0 -656.0 -184.0' spd 0 yaw 285.2 mode 2 st 2 gl 3 hp 100 frg 6
ARGEVT Zeus route 1 start '497.0 -247.0 -296.0' goal '401.0 -311.0 -440.0'
ARGLOG Zeus t 136.0 pos '555.4 -259.0 -296.0' spd 153.3 yaw 144.1 mode 2 st 7 gl 5 hp 76 frg -1
ARGLOG Omi t 136.1 pos '330.6 -86.3 -296.0' spd 285.8 yaw 331 mode 2 st 5 gl 6 hp 49 frg 9
ARGEVT Omi hazard
ARGLOG Reap t 136.3 pos '777.1 -808.2 -232.0' spd 323.1 yaw 235 mode 2 st 2 gl 3 hp 100 frg 6
ARGEVT Omi pursue
ARGEVT Zeus pursue
ARGLOG Zeus t 136.5 pos '612.1 -129.2 -296.0' spd 288.1 yaw 205.0 mode 2 st 7 gl 5 hp 76 frg -1
ARGEVT Zeus hazard
ARGEVT Reap hazard
ARGLOG Omi t 136.6 pos '420.1 -192.3 -296.0' spd 362.5 yaw 334 mode 2 st 5 gl 6 hp 49 frg 9
ARGEVT Reap route 10 start '721.0 -887.0 -232.0' goal '241.0 -503.0 -104.0'
ARGEVT Zeus weapon ng
ARGLOG Reap t 136.8 pos '720.0 -889.6 -232.0' spd 276.3 yaw  99.2 mode 0 st 2 gl 3 hp 100 frg 6
ARGLOG Zeus t 137.0 pos '654.7 -253.0 -296.0' spd 612.4 yaw 171 mode 2 st 7 gl 5 hp 58 frg -1
ARGLOG Omi t 137.1 pos '520.7 -246.3 -296.0' spd 259.6 yaw   9.7 mode 2 st 5 gl 6 hp 37 frg 9
ARGEVT Reap route 10 start '721.0 -887.0 -232.0' goal '241.0 -503.0 -104.0'
ARGLOG Reap t 137.3 pos '741.2 -723.6 -216.0' spd 363.1 yaw  19.4 mode 2 st 2 gl 3 hp 100 frg 6
ARGEVT Omi hazard
ARGEVT Zeus weapon rl
ARGLOG Zeus t 137.5 pos '616.0 -74.7 -296.0' spd 173.9 yaw 228 mode 2 st 7 gl 5 hp 52 frg -1
ARGLOG Omi t 137.6 pos '528.2 -232.3 -296.0' spd 320.1 yaw 50 mode 2 st 5 gl 6 hp 37 frg 9
ARGLOG Reap t 137.8 pos '809.1 -712.4 -200.0' spd 327.9 yaw 244 mode 2 st 2 gl 3 hp 100 frg 6
ARGEVT Omi death Zeus pos '621.2 -270.5 -296.0'
ARGEVT Zeus hazard
ARGLOG Zeus t 138.0 pos '592.0 -84.9 -296.0' spd 373.4 yaw 240 mode 2 st 7 gl 5 hp 30 frg 0
ARGLOG Reap t 138.3 pos '743.0 -863.9 -232.0' spd 322.3 yaw 214.7 mode 2 st 2 gl 3 hp 100 frg 6
ARGEVT Reap hazard
ARGLOG Zeus t 138.5 pos '543.8 -260.0 -296.0' spd 399.4 yaw 164 mode 2 st 7 gl 5 hp 30 frg 0
ARGEVT Reap route 10 start '721.0 -887.0 -232.0' goal '241.0 -503.0 -104.0'
ARGLOG Reap t 138.9 pos '720.9 -838.5 -232.0' spd 320.3 yaw 86 mode 0 st 2 gl 3 hp 100 frg 6
ARGEVT Reap route 10 start '721.0 -887.0 -232.0' goal '241.0 -503.0 -104.0'
ARGLOG Zeus t 139.1 pos '363.6 -282.3 -296.0' spd 326.4 yaw 292.9 mode 1 st 7 gl 5 hp 30 frg 0
ARGEVT Zeus hazard
ARGEVT Reap abandon
ARGEVT Reap goal item_rockets
ARGEVT Reap route 11 start '721.0 -759.0 -232.0' goal '401.0 -759.0 -104.0'
ARGLOG Reap t 139.4 pos '763.3 -717.2 -200.0' spd 320.8 yaw   4.4 mode 2 st 2 gl 3 hp 100 frg 6
ARGEVT Omi respawn
ARGEVT Omi goal item_armorInv
ARGLOG Omi t 139.5 pos '784.0 -176.0  24.0' spd 0 yaw 196.6 mode 0 st 5 gl 6 hp 100 frg 9
ARGEVT Omi route 5 start '753.0 -151.0  24.0' goal '817.0 -855.0 -232.0'
ARGLOG Zeus t 139.6 pos '432.0 -283.0 -296.0' spd  43.1 yaw  31.6 mode 1 st 7 gl 5 hp 30 frg 0
ARGEVT Omi hazard
ARGLOG Reap t 139.9 pos '820.9 -818.7 -232.0' spd 374.6 yaw 215 mode 2 st 2 gl 3 hp 100 frg 6
ARGLOG Omi t 140.0 pos '679.9 -208.0  24.0' spd  92.2 yaw 345 mode 2 st 5 gl 6 hp 100 frg 9
ARGLOG Zeus t 140.1 pos '542.0 -254.8 -296.0' spd 416.2 yaw 264.4 mode 1 st 7 gl 5 hp 30 frg 0
ARGEVT Zeus hazard
ARGEVT Reap hazard
ARGEVT Reap route 10 start '721.0 -887.0 -232.0' goal '401.0 -759.0 -104.0'
ARGLOG Reap t 140.4 pos '725.1 -842.5 -232.0' spd 327.7 yaw 110 mode 2 st 2 gl 3 hp 100 frg 6
ARGLOG Omi t 140.5 pos '846.4 -247.0  24.0' spd 419.4 yaw 258 mode 2 st 5 gl 6 hp 100 frg 9
ARGEVT Reap route 11 start '721.0 -759.0 -232.0' goal '401.0 -759.0 -104.0'
ARGLOG Zeus t 140.6 pos '493.0 -272.0 -296.0' spd 320.0 yaw 164.4 mode 1 st 7 gl 5 hp 30 frg 0
ARGEVT Omi engage Reap
ARGLOG Reap t 140.9 pos '778.7 -720.0 -216.0' spd 326.1 yaw 331.1 mode 2 st 2 gl 3 hp 100 frg 6
ARGLOG Omi t 141.0 pos '857.5 -378.7  24.0' spd 207.4 yaw 262 mode 2 st 5 gl 6 hp 100 frg 9
ARGEVT Omi pursue
ARGLOG Zeus t 141.1 pos '364.6 -264.5 -296.0' spd 400.2 yaw 296.2 mode 1 st 7 gl 5 hp 30 frg 0
ARGEVT Zeus hazard
ARGLOG Reap t 141.4 pos '814.4 -851.3 -232.0' spd 355.1 yaw 201 mode 2 st 2 gl 3 hp 100 frg 6
ARGLOG Omi t 141.5 pos '763.9 -517.5  11.2' spd 325.2 yaw 261 mode 2 st 5 gl 6 hp 100 frg 9
ARGLOG Zeus t 141.6 pos '410.5 -243.7 -296.0' spd 340.3 yaw  67.3 mode 1 st 7 gl 5 hp 30 frg 0
ARGEVT Reap hazard
ARGEVT Reap route 10 start '721.0 -887.0 -232.0' goal '401.0 -759.0 -104.0'
ARGLOG Reap t 141.9 pos '720.0 -842.8 -232.0' spd 155.3 yaw  81.4 mode 0 st 2 gl 3 hp 96 frg 6
ARGEVT Reap route 10 start '721.0 -887.0 -232.0' goal '401.0 -759.0 -104.0'
ARGLOG Omi t 142.1 pos '755.1 -624.0 -168.0' spd  31.0 yaw 269 mode 2 st 5 gl 6 hp 100 frg 9
ARGLOG Zeus t 142.2 pos '539.9 -272.0 -296.0' spd 240.4 yaw 261.8 mode 1 st 7 gl 5 hp 30 frg 0
ARGEVT Zeus hazard
ARGEVT Omi goal weapon_rocketlauncher
ARGEVT Reap weapon sg
ARGEVT Omi route 7 start '753.0 -663.0 -184.0' goal ' 49.0 105.0 -296.0'
ARGLOG Reap t 142.5 pos '812.2 -812.8 -232.0' spd 243.9 yaw 102.3 mode 2 st 2 gl 3 hp 93 frg 6
ARGLOG Omi t 142.6 pos '780.2 -653.5 -168.0' spd 222.9 yaw 271 mode 2 st 5 gl 6 hp 76 frg 9
ARGEVT Reap weapon rl
ARGLOG Zeus t 142.7 pos '467.1 -272.0 -296.0' spd 322.3 yaw 189 mode 1 st 7 gl 5 hp 30 frg 0
ARGLOG Reap t 143.0 pos '802.0 -830.9 -232.0' spd 377.8 yaw 98 mode 2 st 2 gl 3 hp 89 frg 6
ARGLOG Omi t 143.1 pos '802.8 -652.5 -168.0' spd 120.0 yaw 280 mode 2 st 5 gl 6 hp 76 frg 9
ARGLOG Zeus t 143.2 pos '356.3 -264.7 -296.0' spd 244.4 yaw 304.2 mode 1 st 7 gl 5 hp 30 frg 0
ARGEVT Reap weapon sg
ARGEVT Zeus hazard
ARGLOG Reap t 143.5 pos '742.9 -851.7 -232.0' spd 219.5 yaw  62.3 mode 0 st 2 gl 3 hp 85 frg 6
ARGLOG Omi t 143.6 pos '823.3 -725.9 -216.0' spd 253.2 yaw 250 mode 2 st 5 gl 6 hp 76 frg 9
ARGEVT Reap route 10 start '721.0 -887.0 -232.0' goal '401.0 -759.0 -104.0'
ARGLOG Zeus t 143.7 pos '461.9 -269.0 -296.0' spd 356.5 yaw 270.9 mode 1 st 7 gl 5 hp 30 frg 0
ARGEVT Reap hazard
ARGEVT Reap weapon rl
ARGEVT Omi hazard
ARGEVT Reap weapon sg
ARGLOG Reap t 144.0 pos '840.3 -911.1 -232.0' spd 133.3 yaw 124 mode 2 st 2 gl 3 hp 81 frg 6
ARGLOG Omi t 144.1 pos '749.4 -769.4 -232.0' spd 258.4 yaw 316.5 mode 2 st 5 gl 6 hp 76 frg 9
ARGEVT Reap weapon rl
ARGEVT Zeus engage Reap
ARGLOG Zeus t 144.2 pos '459.3 -230.9 -296.0' spd 265.2 yaw 164.3 mode 1 st 7 gl 5 hp 30 frg 0
ARGEVT Reap route 9 start '337.0   9.0 -296.0' goal '401.0 -759.0 -104.0'
ARGEVT Omi pursue
ARGLOG Reap t 144.5 pos '396.8 -28.3 -296.0' spd 137.9 yaw 272 mode 2 st 2 gl 3 hp 75 frg 6
ARGEVT Zeus pursue
ARGLOG Omi t 144.6 pos '803.4 -617.5 -152.0' spd 383.5 yaw 324.0 mode 2 st 5 gl 6 hp 76 frg 9
ARGLOG Zeus t 144.7 pos '500.1 -227.7 -296.0' spd 283.3 yaw 133.3 mode 1 st 7 gl 5 hp 30 frg 0
ARGEVT Zeus hazard
ARGEVT Zeus weapon ng
ARGEVT Reap pursue
ARGLOG Reap t 145.0 pos '415.3 -189.4 -296.0' spd 290.2 yaw 332.6 mode 2 st 2 gl 3 hp 73 frg 6
ARGEVT Reap hazard
ARGLOG Omi t 145.1 pos '809.3 -790.7 -232.0' spd 320.4 yaw 280 mode 2 st 5 gl 6 hp 76 frg 9
ARGLOG Zeus t 145.2 pos '496.5 -272.0 -296.0' spd 258.8 yaw 167.7 mode 1 st 7 gl 5 hp 30 frg 0
ARGLOG Reap t 145.6 pos '532.3 -259.3 -296.0' spd 285.2 yaw 36 mode 2 st 2 gl 3 hp 68 frg 6
ARGLOG Omi t 145.7 pos '368.0   9.8 -273.6' spd 300 yaw 280.4 mode 0 st 5 gl 6 hp 76 frg 9
ARGEVT Omi route 5 start '337.0   9.0 -296.0' goal ' 49.0 105.0 -296.0'
ARGLOG Zeus t 145.8 pos '654.3 -246.8 -296.0' spd 383.4 yaw 155 mode 1 st 7 gl 5 hp 30 frg 0
ARGEVT Zeus hazard
ARGLOG Reap t 146.1 pos '656.0 -167.5 -296.0' spd 306.6 yaw 284.1 mode 2 st 2 gl 3 hp 21 frg 6
ARGLOG Omi t 146.2 pos '402.5 -148.2 -296.0' spd 323.0 yaw 266.0 mode 2 st 5 gl 6 hp 76 frg 9
ARGEVT Reap death Zeus pos '656.0 -217.3 -296.0'
ARGEVT Zeus engage Omi
ARGLOG Zeus t 146.3 pos '633.1 -252.5 -296.0' spd 242.1 yaw 102.4 mode 1 st 7 gl 5 hp 30 frg 1
ARGEVT Omi engage Zeus
ARGEVT Omi hazard
ARGLOG Omi t 146.7 pos '401.6 -253.4 -296.0' spd 118.2 yaw   0.5 mode 2 st 5 gl 6 hp 76 frg 9
ARGLOG Zeus t 146.8 pos '600.5 -89.6 -296.0' spd 328.9 yaw 207 mode 1 st 7 gl 5 hp 30 frg 1
ARGEVT Omi pursue
ARGEVT Zeus pursue
ARGEVT Omi stall
ARGEVT Omi stallnode '241.0 -279.0 -296.0'
ARGLOG Omi t 147.2 pos '400.1 -225.8 -296.0' spd 342.1 yaw 553.7 mode 0 st 6 gl 6 hp 76 frg 9
ARGEVT Omi jump
ARGLOG Zeus t 147.3 pos '592.3 -215.5 -296.0' spd 320.5 yaw 225.2 mode 1 st 7 gl 5 hp 30 frg 1
ARGEVT Omi routefail
ARGEVT Omi goal weapon_lightning
ARGEVT Omi route 9 start '497.0 -247.0 -296.0' goal '529.0 -311.0 -104.0'
ARGLOG Omi t 147.7 pos '464.8 -239.6 -263.6' spd  44.4 yaw 317.6 mode 2 st 6 gl 6 hp 46 frg 9
ARGEVT Reap respawn
ARGEVT Reap goal item_health
ARGLOG Reap t 147.8 pos '-64.0 512.0 -296.0' spd 0 yaw 286.3 mode 1 st 2 gl 3 hp 100 frg 6
ARGLOG Zeus t 147.8 pos '600.1 -189.7 -296.0' spd  89.8 yaw 200 mode 1 st 7 gl 5 hp 30 frg 1
ARGEVT Omi death Zeus pos '441.6 -245.0 -284.4'
ARGEVT Reap hazard
ARGLOG Reap t 148.3 pos ' 13.6 475.6 -296.0' spd 316.0 yaw  91.4 mode 1 st 2 gl 3 hp 100 frg 6
ARGLOG Zeus t 148.3 pos '485.7 -272.0 -296.0' spd 320.1 yaw 165.4 mode 1 st 7 gl 5 hp 30 frg 2
ARGEVT Zeus hazard
ARGEVT Reap goal weapon_lightning
ARGEVT Reap route 16 start '-15.0 553.0 -296.0' goal '529.0 -311.0 -104.0'
ARGLOG Reap t 148.8 pos '-21.8 622.7 -296.0' spd  27.8 yaw 341.1 mode 2 st 2 gl 4 hp 200 frg 6
ARGLOG Zeus t 148.8 pos '376.8 -259.8 -296.0' spd 409.7 yaw 297.5 mode 1 st 7 gl 5 hp 30 frg 2
ARGLOG Reap t 149.3 pos ' -2.9 469.7 -296.0' spd 324.4 yaw 253 mode 2 st 2 gl 4 hp 200 frg 6
ARGLOG Zeus t 149.4 pos '530.9 -269.6 -296.0' spd 320.2 yaw 345.6 mode 1 st 7 gl 5 hp 30 frg 2
ARGEVT Omi respawn
ARGEVT Omi goal weapon_grenadelauncher
ARGLOG Omi t 149.4 pos '-64.0 -232.0 -72.0' spd 0 yaw 343.7 mode 0 st 6 gl 6 hp 100 frg 9
ARGEVT Reap hazard
ARGEVT Omi route 4 start '-47.0 -215.0 -72.0' goal '113.0 -407.0 -104.0'
ARGEVT Zeus hazard
ARGLOG Reap t 149.8 pos ' 72.4 397.8 -296.0' spd 121.7 yaw 210 mode 2 st 2 gl 4 hp 200 frg 6
ARGLOG Zeus t 149.9 pos '632.7 -272.0 -296.0' spd 209.7 yaw 189 mode 1 st 7 gl 5 hp 30 frg 2
ARGEVT Zeus engage Omi
ARGEVT Zeus weapon rl
ARGEVT Omi engage Zeus
ARGLOG Omi t 149.9 pos ' 91.3 -213.9 -72.0' spd 323.6 yaw  14.5 mode 2 st 6 gl 6 hp 100 frg 9
ARGEVT Zeus weapon lg
ARGLOG Reap t 150.3 pos ' 47.3 409.9 -296.0' spd 375.1 yaw 221 mode 2 st 2 gl 4 hp 200 frg 6
ARGLOG Zeus t 150.4 pos '526.5 -241.8 -296.0' spd 214.0 yaw 188.9 mode 1 st 7 gl 5 hp 30 frg 2
ARGLOG Omi t 150.4 pos '186.7 -295.3 -56.0' spd 163.4 yaw 7 mode 2 st 6 gl 6 hp 70 frg 9
ARGEVT Reap hazard
ARGLOG Reap t 150.9 pos '-52.4 419.0 -296.0' spd 330.8 yaw 272 mode 2 st 2 gl 4 hp 200 frg 6
ARGLOG Zeus t 150.9 pos '459.5 -249.8 -296.0' spd 299.2 yaw 172 mode 1 st 7 gl 5 hp 30 frg 2
ARGEVT Zeus hazard
ARGLOG Omi t 151.0 pos ' 95.2 -233.1 -57.4' spd 231.7 yaw 358 mode 2 st 6 gl 6 hp 40 frg 9
ARGEVT Zeus pursue
ARGEVT Omi pursue
ARGLOG Reap t 151.4 pos '-76.2 273.5 -296.0' spd 357.4 yaw 279 mode 2 st 2 gl 4 hp 200 frg 6
ARGLOG Zeus t 151.4 pos '354.3 -265.9 -296.0' spd 366.2 yaw 156.4 mode 1 st 7 gl 5 hp 30 frg 2
ARGLOG Omi t 151.5 pos ' 98.1 -222.6 -72.0' spd 321.4 yaw 356 mode 2 st 6 gl 6 hp 40 frg 9
ARGEVT Reap hazard
ARGEVT Omi hazard
ARGLOG Reap t 151.9 pos '-38.1 110.0 -296.0' spd 364.1 yaw 262 mode 2 st 2 gl 4 hp 200 frg 6
ARGLOG Zeus t 151.9 pos '260.0 -246.9 -296.0' spd 303.3 yaw 165.7 mode 1 st 7 gl 5 hp 6 frg 2
ARGLOG Omi t 152.0 pos '192.5 -263.8 -72.0' spd 103.0 yaw  17.0 mode 2 st 6 gl 6 hp 40 frg 9
ARGEVT Zeus hazard
ARGLOG Reap t 152.4 pos '-38.3 -58.7 -296.0' spd 323.4 yaw 247 mode 2 st 2 gl 4 hp 200 frg 6
ARGLOG Zeus t 152.5 pos '360.6 -240.5 -296.0' spd 367.4 yaw 181.3 mode 1 st 7 gl 5 hp 6 frg 2
ARGLOG Omi t 152.5 pos '166.6 -248.3 -50.6' spd  82.5 yaw 360 mode 2 st 6 gl 6 hp 10 frg 9
ARGEVT Omi death Zeus pos '162.9 -246.2 -52.8'
ARGEVT Zeus engage Reap
ARGEVT Reap engage Zeus
ARGEVT Reap hazard
ARGLOG Reap t 152.9 pos '-16.0 -205.9 -296.0' spd 119.0 yaw 341.3 mode 2 st 2 gl 4 hp 200 frg 6
ARGLOG Zeus t 153.0 pos '313.5 -277.9 -296.0' spd 212.2 yaw 226.3 mode 1 st 7 gl 5 hp 6 frg 3
ARGEVT Zeus death Reap pos '363.4 -234.2 -296.0'
ARGLOG Reap t 153.4 pos ' 14.0 -226.1 -296.0' spd 232.8 yaw 9 mode 2 st 2 gl 4 hp 200 frg 7
ARGLOG Reap t 153.9 pos '172.5 -249.8 -296.0' spd 373.1 yaw 33 mode 2 st 2 gl 4 hp 199 frg 7
ARGEVT Omi respawn
ARGEVT Omi goal weapon_rocketlauncher
ARGLOG Omi t 154.1 pos '272.0 -952.0  24.0' spd 0 yaw 8 mode 0 st 6 gl 6 hp 100 frg 9
ARGEVT Reap hazard
ARGEVT Omi route 12 start '305.0 -983.0  24.0' goal '721.0 -887.0 -232.0'
ARGLOG Reap t 154.5 pos '325.2 -227.2 -296.0' spd 324.3 yaw 2 mode 2 st 2 gl 4 hp 199 frg 7
ARGLOG Omi t 154.6 pos '398.0 -859.6  24.0' spd 404.5 yaw 125 mode 2 st 6 gl 6 hp 100 frg 9
ARGEVT Zeus respawn
ARGEVT Zeus plan powerup via weapon
ARGEVT Zeus goal weapon_supershotgun
ARGLOG Zeus t 154.9 pos '112.0 -1136.0 -104.0' spd 0 yaw  28.4 mode 1 st 7 gl 5 hp 100 frg 3
ARGLOG Reap t 155.0 pos '432.0 -199.0 -296.0' spd  14.5 yaw 355 mode 2 st 2 gl 4 hp 198 frg 7
ARGLOG Omi t 155.1 pos '346.3 -694.6  24.0' spd 320.0 yaw 113 mode 2 st 6 gl 6 hp 100 frg 9
ARGLOG Zeus t 155.4 pos '251.7 -1069.8 -104.0' spd 320.0 yaw 26 mode 1 st 7 gl 5 hp 100 frg 3
ARGEVT Reap stall
ARGEVT Reap stallnode '593.0 -215.0 -296.0'
ARGLOG Reap t 155.5 pos '432.0 -204.9 -296.0' spd   8.5 yaw 594.6 mode 0 st 3 gl 4 hp 197 frg 7
ARGEVT Reap jump
ARGLOG Omi t 155.6 pos '354.5 -528.9  24.0' spd 337.0 yaw 41 mode 2 st 6 gl 6 hp 100 frg 9
ARGEVT Reap route 9 start '401.0 -183.0 -296.0' goal '529.0 -311.0 -104.0'
ARGEVT Zeus plan powerup via weapon
ARGEVT Zeus goal weapon_rocketlauncher
ARGEVT Reap engage Omi
ARGEVT Omi engage Reap
ARGEVT Zeus route 17 start '273.0 -1015.0 -104.0' goal '721.0 -887.0 -232.0'
ARGLOG Zeus t 155.9 pos '364.9 -982.9 -104.0' spd 345.6 yaw 342.0 mode 2 st 7 gl 6 hp 100 frg 3
ARGLOG Reap t 156 pos '426.1 -223.9 -273.3' spd  54.1 yaw 272.7 mode 2 st 3 gl 4 hp 197 frg 7
ARGLOG Omi t 156.2 pos '494.7 -440.1  24.0' spd 320.5 yaw 107.2 mode 2 st 6 gl 6 hp 100 frg 9
ARGEVT Zeus hazard
ARGEVT Omi hazard
ARGEVT Reap weapon sg
ARGLOG Zeus t 156.5 pos '398.2 -1037.4 -104.0' spd 329.5 yaw 199 mode 2 st 7 gl 6 hp 100 frg 3
ARGEVT Omi pursue
ARGEVT Reap pursue
ARGLOG Reap t 156.5 pos '374.0 -242.6 -296.0' spd 189.0 yaw 329.5 mode 2 st 3 gl 4 hp 196 frg 7
ARGEVT Reap hazard
ARGLOG Omi t 156.7 pos '532.3 -304.8  24.0' spd 345.5 yaw 143 mode 2 st 6 gl 6 hp 100 frg 9
ARGLOG Zeus t 157.0 pos '226.0 -1055.6 -104.0' spd 347.0 yaw 227 mode 2 st 7 gl 6 hp 100 frg 3
ARGLOG Reap t 157.0 pos '507.0 -258.2 -296.0' spd 350.0 yaw 337.6 mode 2 st 3 gl 4 hp 196 frg 7
ARGEVT Zeus engage Omi
ARGLOG Omi t 157.2 pos '428.0 -167.1 -70.4' spd 337.2 yaw  39.4 mode 2 st 6 gl 6 hp 100 frg 9
ARGEVT Zeus pursue
ARGLOG Zeus t 157.5 pos '188.8 -964.5 -104.0' spd 321.8 yaw 125.4 mode 2 st 7 gl 6 hp 100 frg 3
ARGLOG Reap t 157.5 pos '645.1 -171.6 -296.0' spd 415.7 yaw 141.8 mode 2 st 3 gl 4 hp 195 frg 7
ARGEVT Omi hazard
ARGLOG Omi t 157.7 pos '416.5 -101.1 -296.0' spd 225.0 yaw 342 mode 2 st 6 gl 6 hp 95 frg 9
ARGEVT Reap hazard
ARGEVT Zeus route 17 start '177.0 -855.0 -104.0' goal '721.0 -887.0 -232.0'
ARGLOG Zeus t 158.0 pos '202.5 -796.7 -104.0' spd 322.3 yaw 67 mode 2 st 7 gl 6 hp 100 frg 3
ARGLOG Reap t 158.1 pos '592.0 -107.8 -296.0' spd 325.5 yaw 234.7 mode 2 st 3 gl 4 hp 195 frg 7
ARGEVT Zeus hazard
ARGLOG Omi t 158.2 pos '432.0 -207.2 -296.0' spd  81.9 yaw 6 mode 2 st 6 gl 6 hp 95 frg 9
ARGLOG Zeus t 158.5 pos ' 81.0 -753.8 -104.0' spd 329.9 yaw 215.5 mode 2 st 7 gl 6 hp 100 frg 3
ARGEVT Reap route 8 start '593.0 -215.0 -296.0' goal '529.0 -311.0 -104.0'
ARGLOG Reap t 158.6 pos '618.6 -265.1 -296.0' spd 148.4 yaw 174 mode 2 st 3 gl 4 hp 182 frg 7
ARGLOG Omi t 158.7 pos '501.8 -241.1 -296.0' spd 190.0 yaw 3 mode 2 st 6 gl 6 hp 95 frg 9
ARGEVT Reap hazard
ARGLOG Zeus t 159.0 pos ' 84.3 -847.2 -104.0' spd 238.1 yaw  83.0 mode 0 st 7 gl 6 hp 100 frg 3
ARGLOG Reap t 159.1 pos '655.0 -244.4 -296.0' spd 321.5 yaw 180.4 mode 2 st 3 gl 4 hp 158 frg 7
ARGEVT Zeus route 17 start ' 81.0 -823.0 -104.0' goal '721.0 -887.0 -232.0'
ARGLOG Omi t 159.2 pos '522.4 -241.3 -296.0' spd 173.4 yaw 6 mode 2 st 6 gl 6 hp 71 frg 9
ARGLOG Zeus t 159.5 pos '172.6 -754.4 -104.0' spd 334.8 yaw 319.1 mode 2 st 7 gl 6 hp 100 frg 3
ARGLOG Reap t 159.6 pos '650.4 -225.1 -296.0' spd 322.0 yaw 196 mode 2 st 3 gl 4 hp 133 frg 7
ARGEVT Omi hazard
ARGLOG Omi t 159.8 pos '444.4 -251.9 -296.0' spd 253.1 yaw 26 mode 2 st 6 gl 6 hp 51 frg 9
ARGLOG Zeus t 160.1 pos '212.6 -911.7 -104.0' spd 374.0 yaw 197 mode 2 st 7 gl 6 hp 100 frg 3
ARGLOG Reap t 160.1 pos '594.5 -81.6 -296.0' spd  96.4 yaw 217 mode 2 st 3 gl 4 hp 133 frg 7
ARGEVT Omi pursue
ARGEVT Reap hazard
ARGLOG Omi t 160.3 pos '416.5 -245.5 -296.0' spd 385.4 yaw 17 mode 2 st 6 gl 6 hp 51 frg 9
ARGLOG Zeus t 160.6 pos '106.2 -1045.6 -104.0' spd 327.2 yaw 262 mode 2 st 7 gl 6 hp 100 frg 3
ARGLOG Reap t 160.6 pos '592.8 -82.2 -296.0' spd 324.1 yaw 81 mode 2 st 3 gl 4 hp 132 frg 7
ARGLOG Omi t 160.8 pos '575.4 -208.0 -296.0' spd 332.1 yaw  33.2 mode 2 st 6 gl 6 hp 51 frg 9
ARGEVT Omi jump
ARGEVT Zeus jump
ARGLOG Zeus t 161.1 pos '119.8 -1216.8 -82.5' spd 385.3 yaw 9 mode 2 st 7 gl 6 hp 100 frg 3
ARGLOG Reap t 161.1 pos '611.6   5.4 -296.0' spd 345.3 yaw 353.5 mode 2 st 3 gl 4 hp 108 frg 7
ARGLOG Omi t 161.3 pos '627.8 -180.4 -266.2' spd  87.5 yaw 91 mode 2 st 6 gl 6 hp 51 frg 9
ARGLOG Zeus t 161.6 pos '231.3 -1227.7 -56.0' spd 320.5 yaw 11 mode 2 st 7 gl 6 hp 100 frg 3
ARGEVT Omi jump
ARGLOG Reap t 161.7 pos '609.2   8.8 -296.0' spd 101.2 yaw 274 mode 2 st 3 gl 4 hp 83 frg 7
ARGLOG Omi t 161.8 pos '606.0 -140.0 -267.0' spd  81.0 yaw 77 mode 2 st 6 gl 6 hp 51 frg 9
ARGEVT Reap hazard
ARGLOG Zeus t 162.1 pos '366.1 -1131.9   8.0' spd 373.6 yaw 112 mode 2 st 7 gl 6 hp 100 frg 3
ARGLOG Reap t 162.2 pos '615.4  26.8 -296.0' spd 305.1 yaw 278 mode 2 st 3 gl 4 hp 67 frg 7
ARGLOG Omi t 162.3 pos '624.4 -194.0 -292.8' spd  89.8 yaw 79 mode 2 st 6 gl 6 hp 27 frg 9
ARGEVT Omi jump
ARGLOG Zeus t 162.6 pos '340.0 -965.2  24.0' spd 320.3 yaw 107 mode 2 st 7 gl 6 hp 100 frg 3
ARGLOG Reap t 162.7 pos '624.1  49.7 -296.0' spd 373.6 yaw 272 mode 2 st 3 gl 4 hp 51 frg 7
ARGLOG Omi t 162.8 pos '619.3 -268.2 -257.9' spd 143.1 yaw 97 mode 2 st 6 gl 6 hp 3 frg 9
ARGEVT Omi death Reap pos '619.3 -268.2 -257.9'
ARGLOG Zeus t 163.2 pos '313.2 -802.8  24.0' spd 320.7 yaw 92 mode 2 st 7 gl 6 hp 100 frg 3
ARGLOG Reap t 163.2 pos '594.5  17.2 -296.0' spd 331.3 yaw  35.9 mode 2 st 3 gl 4 hp 76 frg 8
ARGEVT Zeus engage Reap
ARGEVT Reap engage Zeus
ARGLOG Zeus t 163.7 pos '332.7 -636.8  24.0' spd 380.2 yaw  30.5 mode 2 st 7 gl 6 hp 100 frg 3
ARGEVT Reap route 5 start '401.0 -887.0  24.0' goal '529.0 -311.0 -104.0'
ARGLOG Reap t 163.7 pos '409.5 -864.0  30.2' spd 300 yaw 136.7 mode 2 st 3 gl 4 hp 76 frg 8
ARGLOG Zeus t 164.2 pos '337.1 -617.3  24.0' spd 163.7 yaw 282.5 mode 2 st 7 gl 6 hp 76 frg 3
ARGLOG Reap t 164.2 pos '246.1 -848.6  24.0' spd 330.7 yaw 64 mode 2 st 3 gl 4 hp 76 frg 8
ARGEVT Omi respawn
ARGEVT Omi goal weapon_rocketlauncher
ARGLOG Omi t 164.4 pos '776.0 -808.0 -232.0' spd 0 yaw 106.3 mode 1 st 6 gl 6 hp 100 frg 9
ARGEVT Reap hazard
ARGEVT Zeus pursue
ARGLOG Zeus t 164.7 pos '346.5 -652.2  24.0' spd 320.5 yaw 239 mode 2 st 7 gl 6 hp 76 frg 3
ARGEVT Omi hazard
ARGLOG Reap t 164.7 pos '248.7 -752.0  24.0' spd 325.5 yaw 69 mode 2 st 3 gl 4 hp 76 frg 8
ARGLOG Omi t 165.0 pos '720.0 -793.1 -222.3' spd 341.5 yaw 271.8 mode 1 st 6 gl 6 hp 100 frg 9
ARGEVT Zeus plan powerup via weapon
ARGEVT Zeus goal weapon_grenadelauncher
ARGLOG Zeus t 165.2 pos '332.5 -665.2  24.0' spd 203.6 yaw 248.4 mode 0 st 7 gl 6 hp 52 frg 3
ARGEVT Zeus route 3 start '305.0 -727.0  24.0' goal '113.0 -407.0 -104.0'
ARGEVT Omi goal item_rockets
ARGLOG Reap t 165.3 pos '275.4 -866.4  24.0' spd 362.0 yaw  60.7 mode 2 st 3 gl 4 hp 40 frg 8
ARGEVT Zeus hazard
ARGEVT Omi route 10 start '721.0 -887.0 -232.0' goal '401.0 -759.0 -104.0'
ARGLOG Omi t 165.5 pos '368.0   9.2 -274.0' spd 300 yaw 277 mode 0 st 6 gl 7 hp 100 frg 9
ARGEVT Omi route 9 start '337.0   9.0 -296.0' goal '401.0 -759.0 -104.0'
ARGLOG Zeus t 165.7 pos '343.2 -658.2  24.0' spd 147.6 yaw 247 mode 2 st 7 gl 6 hp 28 frg 3
ARGLOG Reap t 165.8 pos '208.0 -878.2  24.0' spd  81.4 yaw 59 mode 2 st 3 gl 4 hp 24 frg 8
ARGEVT Omi hazard
ARGLOG Omi t 166.0 pos '398.1 -142.2 -296.0' spd 322.0 yaw 307.6 mode 2 st 6 gl 7 hp 100 frg 9
ARGLOG Zeus t 166.2 pos '348.3 -662.7  24.0' spd 332.0 yaw 216.9 mode 2 st 7 gl 6 hp 4 frg 3
ARGLOG Reap t 166.3 pos '240.1 -769.2  24.0' spd 315.6 yaw 57 mode 2 st 3 gl 4 hp 24 frg 8
ARGLOG Omi t 166.5 pos '524.0 -258.9 -296.0' spd 362.6 yaw 32 mode 2 st 6 gl 7 hp 100 frg 9
ARGEVT Zeus death Reap pos '322.5 -636.3  24.0'
ARGLOG Reap t 166.8 pos '374.7 -756.7  24.0' spd 364.4 yaw 113 mode 2 st 3 gl 4 hp 24 frg 9
ARGLOG Omi t 167.0 pos '639.8 -136.2 -296.0' spd 329.6 yaw 93 mode 2 st 6 gl 7 hp 100 frg 9
ARGLOG Reap t 167.3 pos '324.1 -636.0  24.0' spd 323.0 yaw 96 mode 2 st 3 gl 4 hp 24 frg 9
ARGLOG Omi t 167.5 pos '643.4  29.0 -296.0' spd 320.8 yaw 99 mode 2 st 6 gl 7 hp 100 frg 9
ARGLOG Reap t 167.8 pos '307.9 -470.4  24.0' spd 347.8 yaw 53 mode 2 st 3 gl 4 hp 24 frg 9
ARGEVT Omi engage Reap
ARGEVT Reap engage Omi
ARGLOG Omi t 168.0 pos '370.9 -856.6  24.0' spd 322.9 yaw 130.3 mode 2 st 6 gl 7 hp 100 frg 9
ARGEVT Zeus respawn
ARGEVT Zeus plan powerup via weapon
ARGEVT Zeus goal weapon_lightning
ARGLOG Zeus t 168.2 pos '784.0 -176.0  24.0' spd 0 yaw 196.6 mode 0 st 7 gl 6 hp 100 frg 3
ARGEVT Zeus route 2 start '753.0 -151.0  24.0' goal '529.0 -311.0 -104.0'
ARGLOG Reap t 168.3 pos '179.7 -453.0  24.0' spd 321.8 yaw 304.6 mode 2 st 3 gl 4 hp 24 frg 9
ARGEVT Zeus engage Reap
ARGEVT Omi pursue
ARGEVT Reap pursue
ARGLOG Omi t 168.6 pos '217.1 -829.9  24.0' spd 339.5 yaw 81 mode 2 st 6 gl 7 hp 100 frg 9
ARGLOG Zeus t 168.7 pos '626.9 -201.8  24.0' spd 327.4 yaw 216 mode 2 st 7 gl 6 hp 100 frg 3
ARGEVT Omi hazard
ARGEVT Reap abandon
ARGEVT Reap goal item_health
ARGEVT Reap route 1 start '209.0 -503.0  24.0' goal '497.0 -471.0  24.0'
ARGLOG Reap t 168.9 pos '223.9 -515.5  24.0' spd 325.8 yaw 9 mode 2 st 3 gl 4 hp 24 frg 9
ARGLOG Omi t 169.1 pos '310.0 -751.5  24.0' spd 326.1 yaw  25.8 mode 2 st 6 gl 7 hp 100 frg 9
ARGLOG Zeus t 169.2 pos '472.2 -149.6 -20.5' spd 170.1 yaw 250 mode 1 st 7 gl 6 hp 100 frg 3
ARGLOG Reap t 169.4 pos '266.7 -527.4  24.0' spd 116.7 yaw 295.0 mode 2 st 3 gl 4 hp 19 frg 9
ARGEVT Reap death Omi pos '312.6 -528.3  24.0'
ARGLOG Omi t 169.6 pos '323.2 -740.8  24.0' spd 210.1 yaw  60.4 mode 2 st 6 gl 7 hp 94 frg 10
ARGLOG Zeus t 169.7 pos '487.7 -239.4 -104.0' spd 329.0 yaw 302 mode 1 st 7 gl 6 hp 100 frg 3
ARGEVT Omi hazard
ARGEVT Zeus goal item_artifact_super_damage
ARGEVT Zeus routefail
ARGEVT Zeus goal item_cells
ARGLOG Omi t 170.1 pos '368.0 -674.7  24.0' spd 229.1 yaw 292 mode 2 st 6 gl 7 hp 94 frg 10
ARGLOG Zeus t 170.3 pos '476.7 -405.0 -104.0' spd 371.9 yaw 191 mode 1 st 7 gl 7 hp 100 frg 3
ARGLOG Omi t 170.6 pos '441.2 -830.8  24.0' spd 390.6 yaw  28.3 mode 1 st 6 gl 7 hp 94 frg 10
ARGEVT Zeus goal weapon_grenadelauncher
ARGLOG Zeus t 170.8 pos '312.9 -451.1 -104.0' spd 321.5 yaw 174 mode 1 st 7 gl 8 hp 100 frg 3
ARGEVT Reap respawn
ARGEVT Reap goal weapon_rocketlauncher
ARGLOG Reap t 171.1 pos '-64.0 512.0 -296.0' spd 0 yaw 286.6 mode 0 st 3 gl 4 hp 100 frg 9
ARGEVT Reap route 4 start '-15.0 553.0 -296.0' goal ' 49.0 105.0 -296.0'
ARGLOG Omi t 171.1 pos '620.8 -31.5 -296.0' spd 321.3 yaw 259 mode 1 st 6 gl 7 hp 94 frg 10
ARGLOG Zeus t 171.3 pos '240.0 -440.8 -104.0' spd  14.5 yaw 176 mode 1 st 7 gl 8 hp 100 frg 3
ARGEVT Reap hazard
ARGEVT Zeus engage Omi
ARGEVT Zeus weapon sg
ARGEVT Omi engage Zeus
ARGLOG Reap t 171.6 pos '-48.9 351.3 -296.0' spd 353.5 yaw 232 mode 2 st 3 gl 4 hp 100 frg 9
ARGEVT Zeus weapon lg
ARGLOG Omi t 171.6 pos '597.9 -196.0 -296.0' spd 353.5 yaw 233.5 mode 1 st 6 gl 7 hp 94 frg 10
ARGLOG Zeus t 171.8 pos '236.8 -415.7 -104.0' spd 128.6 yaw 122.8 mode 1 st 7 gl 8 hp 100 frg 3
ARGEVT Zeus pursue
ARGEVT Omi pursue
ARGLOG Reap t 172.1 pos '-112.0 195.2 -296.0' spd 320.2 yaw 267.3 mode 2 st 3 gl 4 hp 100 frg 9
ARGLOG Omi t 172.2 pos '517.8 -220.3 -296.0' spd 374.5 yaw 215 mode 1 st 6 gl 7 hp 94 frg 10
ARGLOG Zeus t 172.3 pos '363.7 -428.6 -104.0' spd 370.5 yaw  65.6 mode 1 st 7 gl 8 hp 100 frg 3
ARGEVT Omi hazard
ARGLOG Reap t 172.6 pos '-27.1  52.8 -296.0' spd 349.0 yaw 5 mode 1 st 3 gl 4 hp 100 frg 9
ARGLOG Omi t 172.7 pos '373.1 -264.2 -296.0' spd 358.4 yaw 292.4 mode 1 st 6 gl 7 hp 94 frg 10
ARGLOG Zeus t 172.8 pos '492.0 -369.8 -104.0' spd 337.6 yaw 133 mode 1 st 7 gl 8 hp 100 frg 3
ARGEVT Zeus pursue
ARGEVT Omi pursue
ARGEVT Reap goal weapon_supernailgun
ARGEVT Reap hazard
ARGEVT Reap routefail
ARGEVT Reap goal item_rockets
ARGLOG Reap t 173.1 pos '103.9 121.0 -296.0' spd 328.4 yaw 336.1 mode 0 st 3 gl 5 hp 100 frg 9
ARGEVT Reap route 5 start ' 49.0 105.0 -296.0' goal '-111.0 585.0 -296.0'
ARGEVT Zeus hazard
ARGLOG Omi t 173.2 pos '440.2 -268.1 -296.0' spd 378.4 yaw 330.0 mode 1 st 6 gl 7 hp 94 frg 10
ARGLOG Zeus t 173.3 pos '446.6 -324.5 -104.0' spd 329.6 yaw 256 mode 1 st 7 gl 8 hp 100 frg 3
ARGLOG Reap t 173.7 pos ' 65.5  51.5 -296.0' spd 320.0 yaw 171.3 mode 2 st 3 gl 5 hp 100 frg 9
ARGLOG Omi t 173.7 pos '605.7 -263.9 -296.0' spd 320.0 yaw 5 mode 1 st 6 gl 7 hp 94 frg 10
ARGLOG Zeus t 173.9 pos '355.3 -463.7 -104.0' spd 401.4 yaw 141.1 mode 1 st 7 gl 8 hp 100 frg 3
ARGEVT Omi hazard
ARGEVT Reap hazard
ARGLOG Reap t 174.2 pos '-92.5 109.5 -296.0' spd 329.1 yaw 78 mode 2 st 3 gl 5 hp 100 frg 9
ARGEVT Zeus hazard
ARGLOG Omi t 174.2 pos '575.0 -271.0 -296.0' spd 345.3 yaw 200.8 mode 1 st 6 gl 7 hp 94 frg 10
ARGLOG Zeus t 174.4 pos '182.7 -394.3 -104.0' spd 333.0 yaw 173.1 mode 1 st 7 gl 8 hp 100 frg 3
ARGEVT Zeus goal 
ARGLOG Reap t 174.7 pos '-118.5 266.6 -296.0' spd 371.6 yaw 87 mode 2 st 3 gl 5 hp 100 frg 9
ARGEVT Zeus route 12 start '113.0 -407.0 -104.0' goal '145.0 -279.0 -56.0'
ARGLOG Omi t 174.7 pos '454.9 -238.5 -296.0' spd 177.8 yaw 203 mode 1 st 6 gl 7 hp 94 frg 10
ARGLOG Zeus t 174.9 pos '115.8 -375.8 -104.0' spd 166.4 yaw  92.3 mode 2 st 7 gl 9 hp 100 frg 3
ARGLOG Reap t 175.2 pos '-81.8 429.4 -296.0' spd 321.8 yaw 92 mode 1 st 3 gl 5 hp 100 frg 9
ARGLOG Omi t 175.2 pos '482.0 -234.6 -296.0' spd 224.1 yaw 210 mode 1 st 6 gl 7 hp 94 frg 10
ARGEVT Zeus route 12 start '113.0 -407.0 -104.0' goal '145.0 -279.0 -56.0'
ARGLOG Zeus t 175.4 pos '222.3 -409.1 -104.0' spd 383.5 yaw  38.7 mode 2 st 7 gl 9 hp 4 frg 3
ARGEVT Omi hazard
ARGEVT Reap goal item_armor2
ARGLOG Reap t 175.7 pos '-74.7 596.5 -296.0' spd 352.8 yaw  35.4 mode 0 st 3 gl 6 hp 100 frg 9
ARGEVT Reap route 22 start '-111.0 585.0 -296.0' goal '1169.0 -599.0  24.0'
ARGLOG Omi t 175.8 pos '484.6 -228.0 -296.0' spd 259.5 yaw 241 mode 1 st 6 gl 7 hp 94 frg 10
ARGEVT Omi pursue
ARGLOG Zeus t 175.9 pos '370.3 -488.3 -104.0' spd 320.4 yaw 59 mode 2 st 7 gl 9 hp 4 frg 3
ARGEVT Reap hazard
ARGEVT Zeus pursue
ARGLOG Reap t 176.2 pos ' -0.5 523.2 -296.0' spd 345.3 yaw 230.6 mode 2 st 3 gl 6 hp 100 frg 9
ARGLOG Omi t 176.3 pos '393.2 -273.8 -296.0' spd 322.3 yaw 191 mode 1 st 6 gl 7 hp 94 frg 10
ARGLOG Zeus t 176.4 pos '440.7 -373.1 -104.0' spd 323.0 yaw 72 mode 2 st 7 gl 9 hp 4 frg 3
ARGLOG Reap t 176.7 pos '-116.4 404.6 -296.0' spd 385.3 yaw 275.6 mode 2 st 3 gl 6 hp 100 frg 9
ARGEVT Zeus route 10 start '433.0 -247.0 -104.0' goal '145.0 -279.0 -56.0'
ARGLOG Omi t 176.8 pos '394.1 -205.2 -296.0' spd 107.7 yaw 289.9 mode 1 st 6 gl 7 hp 94 frg 10
ARGEVT Zeus weapon gl
ARGLOG Zeus t 176.9 pos '499.9 -217.2 -104.0' spd 340.6 yaw 172.3 mode 2 st 7 gl 9 hp 4 frg 3
ARGEVT Omi hazard
ARGEVT Reap hazard
ARGEVT Zeus pursue
ARGEVT Zeus hazard
ARGLOG Reap t 177.3 pos '-49.6 256.0 -296.0' spd 360.8 yaw 271 mode 2 st 3 gl 6 hp 100 frg 9
ARGLOG Omi t 177.3 pos '488.3 -267.7 -296.0' spd 325.4 yaw 15 mode 1 st 6 gl 7 hp 94 frg 10
ARGLOG Zeus t 177.5 pos '380.5 -163.8 -116.6' spd 326.5 yaw 157.8 mode 2 st 7 gl 9 hp 4 frg 3
ARGEVT Omi pursue
ARGLOG Reap t 177.8 pos '-88.0  91.1 -296.0' spd 323.5 yaw 273 mode 2 st 3 gl 6 hp 100 frg 9
ARGLOG Omi t 177.8 pos '636.0 -207.1 -296.0' spd 359.6 yaw 269.2 mode 1 st 6 gl 7 hp 94 frg 10
ARGLOG Zeus t 178.0 pos '247.4 -175.3 -296.8' spd 220.6 yaw  38.4 mode 2 st 7 gl 9 hp 4 frg 3
ARGEVT Zeus death world pos '215.1 -176.0 -392.5'
ARGLOG Reap t 178.3 pos '-86.8  48.0 -296.0' spd   8.5 yaw 273 mode 2 st 3 gl 6 hp 100 frg 9
ARGLOG Omi t 178.3 pos '616.9 -122.5 -296.0' spd 339.4 yaw 257 mode 1 st 6 gl 7 hp 94 frg 10
ARGEVT Omi hazard
ARGEVT Reap stall
ARGEVT Reap stallnode '-79.0 -151.0 -296.0'
ARGLOG Reap t 178.8 pos '-83.6  48.0 -296.0' spd   5.7 yaw 508.6 mode 0 st 4 gl 6 hp 100 frg 9
ARGEVT Reap jump
ARGLOG Omi t 178.8 pos '605.2 -265.2 -296.0' spd 337.2 yaw 307.3 mode 1 st 6 gl 7 hp 94 frg 10
ARGEVT Reap route 19 start '-47.0  73.0 -296.0' goal '1169.0 -599.0  24.0'
ARGLOG Reap t 179.3 pos '-85.5  66.6 -273.6' spd  63.5 yaw 343.8 mode 2 st 4 gl 6 hp 100 frg 9
ARGLOG Omi t 179.4 pos '560.3 -272.0 -296.0' spd 325.0 yaw 192 mode 1 st 6 gl 7 hp 94 frg 10
ARGEVT Zeus respawn
ARGEVT Zeus goal 
ARGLOG Zeus t 179.7 pos '-64.0 -232.0 -72.0' spd 0 yaw 343.7 mode 1 st 7 gl 9 hp 100 frg 2
ARGLOG Reap t 179.8 pos '-51.6 -32.9 -296.0' spd 326.7 yaw 257 mode 2 st 4 gl 6 hp 100 frg 9
ARGLOG Omi t 179.9 pos '392.5 -274.0 -296.0' spd 322.8 yaw 192 mode 1 st 6 gl 7 hp 94 frg 10
ARGLOG Zeus t 180.2 pos ' 85.7 -272.0 -72.0' spd 329.0 yaw 335 mode 1 st 7 gl 9 hp 100 frg 2
ARGEVT Omi hazard
ARGEVT Zeus goal 
ARGEVT Omi engage Reap
ARGEVT Reap engage Omi
ARGLOG Reap t 180.3 pos '-17.1 -195.6 -296.0' spd 323.2 yaw 312.7 mode 2 st 4 gl 6 hp 100 frg 9
ARGEVT Zeus route 3 start '145.0 -279.0 -56.0' goal '305.0 -599.0  24.0'
ARGLOG Omi t 180.4 pos '225.1 -272.5 -296.0' spd 159.8 yaw 151.1 mode 1 st 6 gl 7 hp 94 frg 10
ARGEVT Zeus engage Omi
ARGEVT Zeus hazard
ARGLOG Zeus t 180.8 pos '162.9 -304.9 -40.0' spd 326.6 yaw 315.0 mode 2 st 7 gl 10 hp 100 frg 2
ARGLOG Reap t 180.9 pos ' 36.3 -230.7 -296.0' spd 232.4 yaw 355 mode 2 st 4 gl 6 hp 100 frg 9
ARGLOG Omi t 180.9 pos '354.9 -256.8 -296.0' spd 342.0 yaw 172 mode 1 st 6 gl 7 hp 94 frg 10
ARGEVT Omi weapon ng
ARGLOG Zeus t 181.3 pos '176.6 -295.1 -56.0' spd 320.0 yaw 13 mode 2 st 7 gl 10 hp 100 frg 2
ARGEVT Reap hazard
ARGLOG Reap t 181.4 pos ' 83.2 -239.3 -296.0' spd 260.9 yaw 5 mode 2 st 4 gl 6 hp 100 frg 9
ARGEVT Reap death Omi pos ' 81.1 -256.6 -296.0'
ARGEVT Omi engage Zeus
ARGLOG Omi t 181.4 pos '375.0 -219.5 -296.0' spd 320.4 yaw 194.5 mode 1 st 6 gl 7 hp 94 frg 11
ARGLOG Zeus t 181.8 pos '171.7 -263.6 -72.0' spd 320.1 yaw 8 mode 2 st 7 gl 10 hp 100 frg 2
ARGLOG Omi t 181.9 pos '356.0 -241.2 -296.0' spd  88.8 yaw 202.5 mode 1 st 6 gl 7 hp 93 frg 11
ARGEVT Omi hazard
ARGLOG Zeus t 182.3 pos '194.5 -249.1 -72.0' spd 304.9 yaw 356 mode 2 st 7 gl 10 hp 100 frg 2
ARGEVT Zeus hazard
ARGLOG Omi t 182.5 pos '394.6 -231.1 -296.0' spd 321.7 yaw 186 mode 1 st 6 gl 7 hp 89 frg 11
ARGLOG Zeus t 182.8 pos '229.1 -236.0 -120.5' spd  30.3 yaw 360 mode 2 st 7 gl 10 hp 82 frg 2
ARGEVT Reap respawn
ARGLOG Omi t 183.0 pos '377.1 -221.1 -296.0' spd 311.6 yaw 185 mode 1 st 6 gl 7 hp 85 frg 11
ARGEVT Reap goal item_armor2
ARGLOG Reap t 183.0 pos '272.0 -952.0  24.0' spd 0 yaw  16.3 mode 0 st 4 gl 6 hp 100 frg 9
ARGEVT Reap route 12 start '305.0 -983.0  24.0' goal '1169.0 -599.0  24.0'
ARGLOG Zeus t 183.3 pos '237.2 -231.8 -296.0' spd 176.9 yaw 354 mode 2 st 7 gl 10 hp 82 frg 2
ARGLOG Omi t 183.5 pos '392.7 -240.3 -296.0' spd 159.7 yaw 184 mode 1 st 6 gl 7 hp 81 frg 11
ARGLOG Reap t 183.5 pos '377.3 -835.8  24.0' spd 374.8 yaw 123 mode 2 st 4 gl 6 hp 100 frg 9
ARGEVT Zeus hazard
ARGEVT Omi hazard
ARGLOG Zeus t 183.8 pos '267.4 -241.7 -296.0' spd 262.6 yaw 353 mode 2 st 7 gl 10 hp 46 frg 2
ARGLOG Omi t 184.0 pos '456.6 -227.2 -296.0' spd 123.2 yaw 185 mode 1 st 6 gl 7 hp 78 frg 11
ARGLOG Reap t 184.0 pos '336.3 -671.7  24.0' spd 320.4 yaw 113 mode 2 st 4 gl 6 hp 100 frg 9
ARGEVT Zeus goal item_health
ARGEVT Zeus route 5 start '241.0 -279.0 -296.0' goal '529.0  73.0 -296.0'
ARGLOG Zeus t 184.4 pos '266.0 -233.1 -296.0' spd  54.7 yaw 1 mode 2 st 7 gl 10 hp 28 frg 2
ARGLOG Omi t 184.5 pos '468.8 -249.2 -296.0' spd  88.8 yaw 187 mode 1 st 6 gl 7 hp 74 frg 11
ARGLOG Reap t 184.5 pos '366.2 -507.4  24.0' spd 330.8 yaw 39 mode 2 st 4 gl 6 hp 100 frg 9
ARGEVT Zeus hazard
ARGEVT Reap engage Zeus
ARGEVT Omi hazard
ARGEVT Zeus death Omi pos '276.9 -227.5 -296.0'
ARGEVT Omi engage Reap
ARGEVT Reap engage Omi
ARGLOG Omi t 185.0 pos '420.0 -239.2 -296.0' spd  88.2 yaw 223.0 mode 1 st 6 gl 7 hp 74 frg 12
ARGLOG Reap t 185.0 pos '445.7 -392.9  11.5' spd 202.3 yaw 87 mode 2 st 4 gl 6 hp 100 frg 9
ARGEVT Omi abandon
ARGEVT Omi goal item_armorInv
ARGEVT Reap pursue
ARGEVT Omi pursue
ARGLOG Omi t 185.5 pos '525.4 -243.2 -296.0' spd 232.0 yaw 238 mode 0 st 6 gl 7 hp 74 frg 12
ARGLOG Reap t 185.5 pos '499.2 -307.4 -104.0' spd 323.8 yaw  80.6 mode 2 st 4 gl 6 hp 100 frg 9
ARGEVT Reap jump
ARGEVT Omi route 15 start '497.0 -247.0 -296.0' goal '817.0 -855.0 -232.0'
ARGEVT Omi hazard
ARGLOG Omi t 186.1 pos '470.5 -268.5 -296.0' spd 321.8 yaw 23 mode 2 st 6 gl 7 hp 74 frg 12
ARGLOG Reap t 186.1 pos '547.4 -178.3 -81.3' spd 313.1 yaw 208 mode 2 st 4 gl 6 hp 100 frg 9
