LOG started on: 08/20/2026 22:18:45 
Playing registered version.
UDP Initialized
WIPX_OpenSocket: Address family not supported by protocol family
WIPX_Init: Unable to open control socket, IPX disabled
Exe: 20:02:47 Jul 31 2024
256.0 megabyte heap

Language initialization
Couldn't load 'localization/loc_english.txt'
from 'C:/argus/engine'

========= Quake Initialized =========

execing autoexec.cfg
SpawnServer: dm4
Clearing memory
Programs occupy 584K.
trying to open external vis file
maps/dm4.vis not found, trying argus.vis
external vis not found
ARGUS slots 8
ARGUS worldspawn reached
ARGNAV 145 nodes, 831 links
0 entities inhibited
ARGUS init on dm4
ARGEVT Carmack spawned
ARGEVT Romero spawned
ARGEVT Joe Rogan spawned
Server spawned.
ARGLOG Joe Rogan t   1.2 pos '272.0 -952.0  24.0' spd 0 yaw 323.2 mode 0 st 0 gl 0 hp 100 frg 0
ARGLOG Romero t   1.2 pos '-64.0 -232.0 -72.0' spd 0 yaw  10.2 mode 0 st 0 gl 0 hp 100 frg 0
ARGLOG Carmack t   1.2 pos '-64.0 512.0 -296.0' spd 0 yaw 252.0 mode 0 st 0 gl 0 hp 100 frg 0
ARGEVT Joe Rogan goal weapon_rocketlauncher
ARGEVT Romero goal weapon_rocketlauncher
ARGEVT Carmack goal weapon_supernailgun
ARGEVT Carmack hazard
ARGEVT Joe Rogan route 12 start '305.0 -983.0  24.0' goal '721.0 -887.0 -232.0'
ARGEVT Romero hazard
ARGLOG Joe Rogan t   1.7 pos '425.0 -996.0  24.0' spd 402.1 yaw 114 mode 2 st 0 gl 0 hp 100 frg 0
ARGLOG Romero t   1.7 pos ' 90.9 -215.4 -72.0' spd 354.6 yaw  88.6 mode 0 st 0 gl 0 hp 100 frg 0
ARGLOG Carmack t   1.7 pos '-61.1 370.0 -296.0' spd 331.0 yaw 284.7 mode 0 st 0 gl 0 hp 100 frg 0
ARGEVT Romero route 9 start ' 49.0 -247.0 -72.0' goal ' 49.0 105.0 -296.0'
ARGEVT Carmack routefail
ARGEVT Carmack goal weapon_rocketlauncher
ARGEVT Carmack route 2 start '-47.0 201.0 -296.0' goal ' 49.0 105.0 -296.0'
ARGLOG Joe Rogan t   2.2 pos '386.9 -831.7  24.0' spd 334.0 yaw 109 mode 2 st 0 gl 0 hp 100 frg 0
ARGLOG Romero t   2.2 pos ' 47.8 -224.2 -72.0' spd 339.9 yaw 245 mode 2 st 0 gl 0 hp 100 frg 0
ARGLOG Carmack t   2.2 pos '-44.6 195.5 -296.0' spd 324.1 yaw 316 mode 2 st 0 gl 0 hp 100 frg 0
ARGLOG Joe Rogan t   2.7 pos '305.5 -690.1  24.0' spd 329.2 yaw 54 mode 2 st 0 gl 0 hp 100 frg 0
ARGLOG Romero t   2.7 pos '-111.8 -292.1 -72.0' spd 397.7 yaw 271.0 mode 0 st 0 gl 0 hp 100 frg 0
ARGLOG Carmack t   2.7 pos ' 31.7  48.0 -296.0' spd 345.4 yaw 18 mode 1 st 0 gl 0 hp 100 frg 0
ARGEVT Romero plan powerup via weapon
ARGEVT Romero goal weapon_lightning
ARGEVT Carmack goal item_artifact_super_damage
ARGEVT Romero route 4 start '-143.0 -375.0 -72.0' goal '529.0 -311.0 -104.0'
ARGEVT Carmack hazard
ARGEVT Carmack route 6 start ' 49.0 105.0 -296.0' goal '177.0  73.0 -104.0'
ARGEVT Romero hazard
ARGLOG Joe Rogan t   3.3 pos '368.0 -537.3  24.0' spd 261.9 yaw 53 mode 2 st 0 gl 0 hp 100 frg 0
ARGLOG Romero t   3.3 pos '-82.7 -417.3 -72.0' spd 163.3 yaw 71 mode 2 st 0 gl 0 hp 100 frg 0
ARGLOG Carmack t   3.3 pos ' 69.8 119.8 -296.0' spd 345.7 yaw 242 mode 2 st 0 gl 1 hp 100 frg 0
ARGEVT Romero route 5 start '-143.0 -247.0 -72.0' goal '529.0 -311.0 -104.0'
ARGLOG Joe Rogan t   3.8 pos '483.0 -392.2  11.4' spd 325.2 yaw 50 mode 2 st 0 gl 0 hp 100 frg 0
ARGEVT Romero engage Joe Rogan
ARGLOG Romero t   3.8 pos '-74.6 -241.9 -72.0' spd 333.4 yaw  26.4 mode 2 st 0 gl 0 hp 100 frg 0
ARGLOG Carmack t   3.8 pos '-93.8  57.2 -296.0' spd 368.6 yaw 267 mode 2 st 0 gl 1 hp 100 frg 0
ARGEVT Carmack hazard
ARGEVT Romero goal item_armorInv
ARGEVT Romero route 8 start ' 49.0 -247.0 -72.0' goal '817.0 -855.0 -232.0'
ARGLOG Joe Rogan t   4.3 pos '560.3 -252.1 -104.0' spd 331.9 yaw 1 mode 2 st 0 gl 0 hp 100 frg 0
ARGLOG Romero t   4.3 pos ' 49.2 -239.6 -72.0' spd 290.2 yaw   2.2 mode 2 st 0 gl 0 hp 100 frg 0
ARGLOG Carmack t   4.3 pos '-201.6  48.0 -296.0' spd 139.9 yaw 288 mode 2 st 0 gl 1 hp 100 frg 0
ARGEVT Joe Rogan jump
ARGEVT Joe Rogan weapon sg
ARGEVT Joe Rogan grab item_armor1
ARGLOG Joe Rogan t   4.8 pos '622.7 -109.5 -69.3' spd 276.8 yaw 196.5 mode 2 st 0 gl 0 hp 84 frg 0
ARGEVT Romero grab weapon_grenadelauncher
ARGLOG Romero t   4.8 pos '129.9 -292.4 -56.0' spd 330.5 yaw  18.7 mode 2 st 0 gl 0 hp 100 frg 0
ARGLOG Carmack t   4.8 pos '-96.7  48.0 -296.0' spd 338.0 yaw 302 mode 2 st 0 gl 1 hp 100 frg 0
ARGEVT Carmack hazard
ARGLOG Joe Rogan t   5.3 pos '510.2 -63.7 -104.0' spd 336.2 yaw 222.4 mode 2 st 0 gl 0 hp 68 frg 0
ARGLOG Romero t   5.3 pos '118.4 -464.4  24.0' spd 287.1 yaw  45.5 mode 2 st 0 gl 0 hp 84 frg 0
ARGEVT Romero hazard
ARGLOG Carmack t   5.3 pos '-29.2 -90.1 -296.0' spd 332.0 yaw 332 mode 2 st 0 gl 1 hp 100 frg 0
ARGEVT Joe Rogan hazard
ARGEVT Carmack engage Joe Rogan
ARGLOG Joe Rogan t   5.8 pos '472.7 -105.2 -104.0' spd 320.4 yaw 227.0 mode 2 st 0 gl 0 hp 57 frg 0
ARGLOG Romero t   5.8 pos '118.5 -437.6  24.0' spd 165.0 yaw  39.0 mode 2 st 0 gl 0 hp 80 frg 0
ARGLOG Carmack t   5.8 pos '-26.9 -254.2 -296.0' spd 325.4 yaw   5.8 mode 2 st 0 gl 1 hp 100 frg 0
ARGEVT Carmack hazard
ARGLOG Joe Rogan t   6.4 pos '478.0 -104.5 -104.0' spd 157.6 yaw 220.1 mode 2 st 0 gl 0 hp 43 frg 0
ARGLOG Romero t   6.4 pos '112.8 -439.2  24.0' spd 175.9 yaw  37.7 mode 2 st 0 gl 0 hp 60 frg 0
ARGLOG Carmack t   6.4 pos ' 74.5 -230.2 -296.0' spd 255.2 yaw  16.8 mode 2 st 0 gl 1 hp 100 frg 0
ARGEVT Joe Rogan weapon lg
ARGEVT Romero retreat
ARGEVT Romero hazard
ARGLOG Joe Rogan t   6.9 pos '508.6 -203.1 -104.0' spd 373.4 yaw 233.6 mode 2 st 0 gl 0 hp 43 frg 0
ARGLOG Romero t   6.9 pos '233.8 -526.4  25.2' spd 159.0 yaw  49.2 mode 0 st 0 gl 0 hp 30 frg 0
ARGLOG Carmack t   6.9 pos ' 75.8 -219.1 -296.0' spd 108.4 yaw 339.6 mode 2 st 0 gl 1 hp 100 frg 0
ARGEVT Romero route 9 start '209.0 -503.0  24.0' goal '817.0 -855.0 -232.0'
ARGEVT Romero death Joe Rogan pos '127.9 -492.4  24.0'
ARGEVT Joe Rogan engage Carmack
ARGEVT Carmack hazard
ARGEVT Joe Rogan goal item_artifact_super_damage
ARGEVT Joe Rogan weapon sg
ARGLOG Joe Rogan t   7.4 pos '495.7 -296.7 -104.0' spd 169.1 yaw 173.7 mode 0 st 0 gl 0 hp 41 frg 1
ARGLOG Carmack t   7.4 pos ' 61.0 -218.6 -296.0' spd 103.1 yaw 334.2 mode 2 st 0 gl 1 hp 100 frg 0
ARGEVT Joe Rogan routefail
ARGEVT Joe Rogan weapon lg
ARGEVT Joe Rogan goal item_health
ARGEVT Joe Rogan grab item_health
ARGEVT Joe Rogan route 9 start '529.0 -311.0 -104.0' goal '497.0 -471.0  24.0'
ARGLOG Joe Rogan t   7.9 pos '496.6 -257.5 -104.0' spd 243.7 yaw 182.7 mode 2 st 0 gl 0 hp 41 frg 1
ARGLOG Carmack t   7.9 pos ' 74.2 -239.9 -296.0' spd 255.6 yaw 341.0 mode 2 st 0 gl 1 hp 100 frg 0
ARGEVT Joe Rogan weapon sg
ARGLOG Joe Rogan t   8.4 pos '557.2 -251.7 -104.0' spd 114.2 yaw 178.7 mode 2 st 0 gl 0 hp 41 frg 1
ARGLOG Carmack t   8.4 pos ' 83.2 -243.4 -296.0' spd  38.9 yaw 353.7 mode 2 st 0 gl 1 hp 92 frg 0
ARGEVT Romero respawn
ARGEVT Romero goal item_armorInv
ARGLOG Romero t   8.9 pos '112.0 -1136.0 -104.0' spd 0 yaw  28.7 mode 0 st 0 gl 0 hp 100 frg 0
ARGLOG Joe Rogan t   8.9 pos '537.9 -402.2 -104.0' spd 321.0 yaw 158.9 mode 0 st 0 gl 0 hp 41 frg 1
ARGEVT Joe Rogan jump
ARGLOG Carmack t   8.9 pos ' 96.1 -232.5 -296.0' spd 251.2 yaw 326.5 mode 2 st 0 gl 1 hp 92 frg 0
ARGEVT Romero route 16 start ' 81.0 -1079.0 -104.0' goal '817.0 -855.0 -232.0'
ARGEVT Joe Rogan route 9 start '497.0 -407.0 -104.0' goal '497.0 -471.0  24.0'
ARGEVT Romero hazard
ARGLOG Romero t   9.4 pos '261.3 -1103.2 -104.0' spd 322.1 yaw 231 mode 2 st 0 gl 0 hp 100 frg 0
ARGLOG Joe Rogan t   9.5 pos '559.3 -424.8 -81.6' spd  48.3 yaw 159.7 mode 2 st 0 gl 0 hp 41 frg 1
ARGLOG Carmack t   9.5 pos ' 60.2 -245.0 -296.0' spd 101.3 yaw 335.8 mode 2 st 0 gl 1 hp 68 frg 0
ARGEVT Carmack hazard
ARGEVT Joe Rogan grab item_cells
ARGEVT Carmack weapon sg
ARGLOG Romero t   9.9 pos '138.1 -1159.2 -104.0' spd 375.6 yaw 347 mode 2 st 0 gl 0 hp 100 frg 0
ARGEVT Romero jump
ARGEVT Joe Rogan weapon lg
ARGLOG Joe Rogan t  10.0 pos '518.3 -332.6 -104.0' spd 339.8 yaw 162.8 mode 2 st 0 gl 0 hp 41 frg 1
ARGLOG Carmack t  10.0 pos '100.6 -222.0 -296.0' spd  92.6 yaw 342.2 mode 2 st 0 gl 1 hp 44 frg 0
ARGEVT Romero engage Joe Rogan
ARGEVT Joe Rogan hazard
ARGLOG Romero t  10.4 pos '107.3 -1231.9 -81.8' spd 117.4 yaw  67.7 mode 2 st 0 gl 0 hp 100 frg 0
ARGEVT Carmack retreat
ARGLOG Joe Rogan t  10.5 pos '445.6 -371.4 -104.0' spd 338.4 yaw 159.5 mode 2 st 0 gl 0 hp 41 frg 1
ARGLOG Carmack t  10.5 pos '114.0 -226.6 -296.0' spd 152.8 yaw 332.2 mode 2 st 0 gl 1 hp 14 frg 0
ARGEVT Joe Rogan route 10 start '401.0 -471.0 -104.0' goal '497.0 -471.0  24.0'
ARGLOG Romero t  11.0 pos '177.5 -1134.3 -104.0' spd 321.8 yaw  76.3 mode 2 st 0 gl 0 hp 100 frg 0
ARGLOG Joe Rogan t  11.0 pos '351.1 -414.3 -104.0' spd 208.1 yaw 144.2 mode 2 st 0 gl 0 hp 25 frg 1
ARGLOG Carmack t  11.0 pos ' 84.9 -220.8 -296.0' spd 320.7 yaw 328.0 mode 2 st 0 gl 1 hp 14 frg 0
ARGEVT Romero pursue
ARGEVT Joe Rogan grab 
ARGLOG Romero t  11.5 pos '227.1 -976.9 -104.0' spd 320 yaw 73 mode 2 st 0 gl 0 hp 100 frg 0
ARGEVT Carmack pursue
ARGEVT Joe Rogan pursue
ARGLOG Joe Rogan t  11.5 pos '265.1 -474.8 -104.0' spd  77.6 yaw 125 mode 2 st 0 gl 0 hp 25 frg 1
ARGLOG Carmack t  11.5 pos ' 56.5 -238.7 -296.0' spd  85.6 yaw 325 mode 2 st 0 gl 1 hp 14 frg 0
ARGEVT Carmack hazard
ARGEVT Joe Rogan grab weapon_grenadelauncher
ARGEVT Carmack death Joe Rogan pos '158.9 -265.9 -296.0'
ARGEVT Joe Rogan goal item_health
ARGLOG Romero t  12.0 pos '275.4 -819.0 -104.0' spd 320.0 yaw 74 mode 0 st 0 gl 0 hp 100 frg 0
ARGLOG Joe Rogan t  12.0 pos '173.8 -412.0 -104.0' spd 389.5 yaw 257.2 mode 0 st 0 gl 0 hp 25 frg 2
ARGEVT Joe Rogan route 10 start '209.0 -375.0 -104.0' goal '497.0 -471.0  24.0'
ARGEVT Joe Rogan hazard
ARGEVT Romero route 18 start '305.0 -791.0 -104.0' goal '817.0 -855.0 -232.0'
ARGEVT Joe Rogan route 11 start '113.0 -407.0 -104.0' goal '497.0 -471.0  24.0'
ARGLOG Romero t  12.5 pos '329.6 -682.5 -104.0' spd 321.7 yaw 77 mode 2 st 0 gl 0 hp 100 frg 0
ARGLOG Joe Rogan t  12.6 pos '122.1 -420.2 -104.0' spd 339.2 yaw 324.1 mode 2 st 0 gl 0 hp 25 frg 2
ARGUS routecache adopt
ARGEVT Joe Rogan route 10 start '209.0 -375.0 -104.0' goal '497.0 -471.0  24.0'
ARGEVT Joe Rogan engage Romero
ARGEVT Joe Rogan retreat
ARGLOG Romero t  13.0 pos '318.2 -571.2 -104.0' spd 156.4 yaw 120.2 mode 2 st 0 gl 0 hp 100 frg 0
ARGLOG Joe Rogan t  13.1 pos '216.9 -401.1 -104.0' spd 318.7 yaw 299.8 mode 2 st 0 gl 0 hp 9 frg 2
ARGEVT Romero grab 
ARGUS routecache adopt
ARGEVT Joe Rogan route 11 start '113.0 -407.0 -104.0' goal '497.0 -471.0  24.0'
ARGEVT Joe Rogan hazard
ARGEVT Joe Rogan death Romero pos '120.1 -389.1 -104.0'
ARGEVT Romero goal item_armorInv
ARGEVT Carmack respawn
ARGEVT Carmack goal weapon_rocketlauncher
ARGLOG Carmack t  13.5 pos '776.0 -808.0 -232.0' spd 0 yaw 106.6 mode 1 st 0 gl 1 hp 100 frg 0
ARGLOG Romero t  13.5 pos '315.2 -462.2 -104.0' spd 350.3 yaw 205.6 mode 0 st 0 gl 0 hp 100 frg 1
ARGEVT Romero route 17 start '401.0 -471.0 -104.0' goal '817.0 -855.0 -232.0'
ARGEVT Romero hazard
ARGEVT Carmack hazard
ARGLOG Carmack t  14.0 pos '722.1 -804.8 -232.0' spd 359.6 yaw 245.5 mode 1 st 0 gl 1 hp 100 frg 0
ARGLOG Romero t  14.0 pos '335.0 -534.4 -104.0' spd 338.1 yaw 328 mode 2 st 0 gl 0 hp 100 frg 1
ARGEVT Carmack goal 
ARGEVT Carmack route 7 start '721.0 -887.0 -232.0' goal '113.0 -407.0 -104.0'
ARGUS routecache adopt
ARGEVT Carmack route 7 start '721.0 -887.0 -232.0' goal '113.0 -407.0 -104.0'
ARGUS routecache adopt
ARGEVT Carmack route 7 start '721.0 -887.0 -232.0' goal '113.0 -407.0 -104.0'
ARGLOG Carmack t  14.5 pos '724.7 -895.4 -232.0' spd 305.5 yaw 113.0 mode 0 st 0 gl 1 hp 100 frg 0
ARGLOG Romero t  14.6 pos '433.5 -428.2 -104.0' spd 333.3 yaw 75 mode 2 st 0 gl 0 hp 100 frg 1
ARGUS routecache adopt
ARGEVT Carmack route 7 start '721.0 -887.0 -232.0' goal '113.0 -407.0 -104.0'
ARGEVT Joe Rogan respawn
ARGEVT Carmack hazard
ARGEVT Joe Rogan goal item_armor2
ARGLOG Joe Rogan t  15.0 pos '784.0 -176.0  24.0' spd 0 yaw 196.6 mode 0 st 0 gl 0 hp 100 frg 2
ARGLOG Carmack t  15.0 pos '728.5 -721.6 -216.0' spd 367.5 yaw 113 mode 2 st 0 gl 1 hp 100 frg 0
ARGEVT Joe Rogan route 5 start '753.0 -151.0  24.0' goal '1169.0 -599.0  24.0'
ARGLOG Romero t  15.1 pos '564.5 -337.2 -104.0' spd 422.3 yaw 291 mode 2 st 0 gl 0 hp 100 frg 1
ARGEVT Joe Rogan hazard
ARGLOG Joe Rogan t  15.5 pos '639.1 -205.7  24.0' spd 317.7 yaw 232.7 mode 2 st 0 gl 0 hp 100 frg 2
ARGEVT Romero hazard
ARGLOG Carmack t  15.5 pos '725.8 -848.3 -232.0' spd 320.6 yaw 116 mode 2 st 0 gl 1 hp 100 frg 0
ARGLOG Romero t  15.6 pos '685.6 -461.0 -136.0' spd 338.1 yaw 111 mode 2 st 0 gl 0 hp 100 frg 1
ARGEVT Carmack route 7 start '721.0 -887.0 -232.0' goal '113.0 -407.0 -104.0'
ARGEVT Romero engage Carmack
ARGEVT Carmack engage Romero
ARGEVT Carmack grab weapon_nailgun
ARGEVT Joe Rogan engage Carmack
ARGLOG Joe Rogan t  16.0 pos '510.2 -311.9  11.1' spd 158.3 yaw 116.6 mode 2 st 0 gl 0 hp 100 frg 2
ARGEVT Romero jump
ARGEVT Carmack route 6 start '337.0   9.0 -296.0' goal '113.0 -407.0 -104.0'
ARGLOG Carmack t  16.1 pos '368.0 -21.7 -293.2' spd 300 yaw 318.2 mode 2 st 0 gl 1 hp 100 frg 0
ARGLOG Romero t  16.1 pos '523.2 -239.4 -274.7' spd 342.9 yaw 125.8 mode 2 st 0 gl 0 hp 100 frg 1
ARGEVT Carmack pursue
ARGEVT Romero pursue
ARGLOG Joe Rogan t  16.5 pos '443.8 -379.7 -104.0' spd 326.0 yaw 113.1 mode 0 st 0 gl 0 hp 100 frg 2
ARGEVT Carmack rjump
ARGEVT Joe Rogan route 16 start '497.0 -407.0 -104.0' goal '1169.0 -599.0  24.0'
ARGLOG Carmack t  16.6 pos '353.1 -189.7 -284.1' spd 375.4 yaw 326 mode 2 st 0 gl 1 hp 81 frg 0
ARGLOG Romero t  16.6 pos '656.0 -168.5 -294.9' spd 280.5 yaw 146 mode 2 st 0 gl 0 hp 100 frg 1
ARGEVT Romero hazard
ARGEVT Joe Rogan grab 
ARGLOG Joe Rogan t  17.0 pos '344.6 -426.3 -104.0' spd 159.2 yaw  70.2 mode 2 st 0 gl 0 hp 100 frg 2
ARGEVT Romero jump
ARGLOG Carmack t  17.1 pos '388.0 -318.1 -118.9' spd 217.8 yaw 54 mode 2 st 0 gl 1 hp 77 frg 0
ARGLOG Romero t  17.1 pos '592.0 -161.2 -284.1' spd 392.1 yaw 200 mode 2 st 0 gl 0 hp 100 frg 1
ARGLOG Joe Rogan t  17.5 pos '183.8 -407.5 -104.0' spd 321.6 yaw  30.1 mode 0 st 0 gl 0 hp 100 frg 2
ARGEVT Joe Rogan route 17 start '209.0 -375.0 -104.0' goal '1169.0 -599.0  24.0'
ARGEVT Carmack goal item_health
ARGLOG Carmack t  17.6 pos '432.0 -260.6 -192.1' spd 186.8 yaw 117 mode 0 st 0 gl 1 hp 73 frg 0
ARGLOG Romero t  17.7 pos '501.7 -272.0 -282.5' spd 284.4 yaw 153.5 mode 2 st 0 gl 0 hp 100 frg 1
ARGEVT Carmack weapon ng
ARGEVT Carmack route 8 start '433.0 -247.0 -104.0' goal '-15.0 553.0 -296.0'
ARGEVT Joe Rogan hazard
ARGEVT Carmack hazard
ARGEVT Romero jump
ARGEVT Joe Rogan route 18 start '113.0 -407.0 -104.0' goal '1169.0 -599.0  24.0'
ARGEVT Joe Rogan grab 
ARGLOG Joe Rogan t  18.1 pos '135.8 -388.3 -104.0' spd 226.9 yaw  38.3 mode 2 st 0 gl 0 hp 100 frg 2
ARGEVT Carmack weapon rl
ARGEVT Carmack retreat
ARGLOG Carmack t  18.1 pos '409.7 -174.3 -296.0' spd 119.7 yaw 355.6 mode 2 st 0 gl 1 hp 11 frg 0
ARGLOG Romero t  18.2 pos '622.4 -235.4 -255.2' spd 427.3 yaw 162.2 mode 2 st 0 gl 0 hp 82 frg 1
ARGEVT Carmack death Carmack pos '397.8 -189.7 -296.0'
ARGUS routecache adopt
ARGEVT Joe Rogan route 18 start '113.0 -407.0 -104.0' goal '1169.0 -599.0  24.0'
ARGUS routecache adopt
ARGEVT Joe Rogan route 18 start '113.0 -407.0 -104.0' goal '1169.0 -599.0  24.0'
ARGLOG Joe Rogan t  18.6 pos '130.3 -398.8 -104.0' spd 238.4 yaw 28 mode 2 st 0 gl 0 hp 100 frg 2
ARGUS routecache adopt
ARGEVT Joe Rogan route 18 start '113.0 -407.0 -104.0' goal '1169.0 -599.0  24.0'
ARGEVT Joe Rogan engage Romero
ARGEVT Joe Rogan weapon sg
ARGEVT Romero engage Joe Rogan
ARGLOG Romero t  18.7 pos '651.0 -177.7 -296.0' spd 117.7 yaw 207.1 mode 2 st 0 gl 0 hp 82 frg 1
ARGEVT Romero hazard
ARGEVT Romero jump
ARGEVT Joe Rogan weapon lg
ARGEVT Joe Rogan hazard
ARGLOG Joe Rogan t  19.1 pos '216.5 -423.7 -104.0' spd 163.2 yaw  30.9 mode 2 st 0 gl 0 hp 100 frg 2
ARGLOG Romero t  19.2 pos '580.3 -256.1 -257.1' spd 143.6 yaw 205.8 mode 2 st 0 gl 0 hp 82 frg 1
ARGEVT Joe Rogan pursue
ARGEVT Romero pursue
ARGLOG Joe Rogan t  19.6 pos '323.8 -416.6 -104.0' spd 371.2 yaw 38 mode 2 st 0 gl 0 hp 100 frg 2
ARGLOG Romero t  19.7 pos '494.8 -244.2 -296.0' spd 320.1 yaw 155.1 mode 2 st 0 gl 0 hp 82 frg 1
ARGEVT Romero jump
ARGEVT Carmack respawn
ARGEVT Carmack goal item_health
ARGLOG Carmack t  19.8 pos '-64.0 512.0 -296.0' spd 0 yaw 286.3 mode 1 st 0 gl 1 hp 100 frg -1
ARGLOG Joe Rogan t  20.1 pos '491.9 -378.1 -104.0' spd 330.3 yaw 121.7 mode 2 st 0 gl 0 hp 100 frg 2
ARGEVT Carmack hazard
ARGLOG Romero t  20.2 pos '367.8 -208.0 -273.6' spd 246.5 yaw 234 mode 2 st 0 gl 0 hp 82 frg 1
ARGEVT Joe Rogan pursue
ARGLOG Carmack t  20.3 pos ' 13.7 475.4 -296.0' spd 315.9 yaw  91.8 mode 1 st 0 gl 1 hp 100 frg -1
ARGEVT Romero hazard
ARGLOG Joe Rogan t  20.6 pos '515.7 -234.7 -104.0' spd 323.0 yaw 111.7 mode 2 st 0 gl 0 hp 100 frg 2
ARGEVT Carmack goal weapon_lightning
ARGLOG Romero t  20.7 pos '234.5 -265.6 -296.0' spd 328.5 yaw 351.2 mode 2 st 0 gl 0 hp 82 frg 1
ARGEVT Carmack route 16 start '-15.0 553.0 -296.0' goal '529.0 -311.0 -104.0'
ARGLOG Carmack t  20.9 pos '-91.6 598.5 -296.0' spd 416.8 yaw 277 mode 2 st 0 gl 2 hp 200 frg -1
ARGEVT Joe Rogan hazard
ARGLOG Joe Rogan t  21.2 pos '474.1 -141.7 -104.0' spd 244.8 yaw 202.5 mode 2 st 0 gl 0 hp 100 frg 2
ARGLOG Romero t  21.3 pos '186.3 -226.1 -296.0' spd 337.9 yaw 345.9 mode 0 st 0 gl 0 hp 52 frg 1
ARGEVT Carmack hazard
ARGLOG Carmack t  21.4 pos '-108.6 426.5 -296.0' spd 326.1 yaw 286 mode 2 st 0 gl 2 hp 200 frg -1
ARGEVT Romero route 18 start '209.0 -183.0 -296.0' goal '817.0 -855.0 -232.0'
ARGEVT Joe Rogan weapon sg
ARGLOG Joe Rogan t  21.7 pos '492.5 -306.4 -104.0' spd 328.3 yaw 162.0 mode 2 st 0 gl 0 hp 100 frg 2
ARGEVT Romero weapon sg
ARGLOG Romero t  21.8 pos '212.6 -228.6 -296.0' spd 112.9 yaw 335.4 mode 2 st 0 gl 0 hp 52 frg 1
ARGEVT Romero retreat
ARGLOG Carmack t  21.9 pos '-73.3 260.5 -296.0' spd 322.2 yaw 299 mode 2 st 0 gl 2 hp 200 frg -1
ARGEVT Romero hazard
ARGLOG Joe Rogan t  22.2 pos '538.8 -258.5 -104.0' spd 340.7 yaw 175.3 mode 2 st 0 gl 0 hp 100 frg 2
ARGLOG Romero t  22.3 pos ' 89.9 -227.4 -296.0' spd 336.5 yaw   1.3 mode 2 st 0 gl 0 hp 28 frg 1
ARGLOG Carmack t  22.4 pos '-45.5  94.8 -296.0' spd 350.9 yaw 322.6 mode 2 st 0 gl 2 hp 200 frg -1
ARGEVT Carmack engage Romero
ARGEVT Carmack hazard
ARGEVT Romero route 17 start ' 17.0 -247.0 -296.0' goal '817.0 -855.0 -232.0'
ARGLOG Joe Rogan t  22.7 pos '486.0 -125.2 -104.0' spd 346.9 yaw 188.0 mode 2 st 0 gl 0 hp 100 frg 2
ARGEVT Joe Rogan hazard
ARGLOG Romero t  22.8 pos '-70.7 -190.0 -296.0' spd 334.5 yaw  12.1 mode 0 st 0 gl 0 hp 16 frg 1
ARGLOG Carmack t  22.9 pos '-40.1 -43.0 -296.0' spd 175.2 yaw 253.9 mode 2 st 0 gl 2 hp 200 frg -1
ARGEVT Romero pursue
ARGEVT Romero route 18 start '-79.0 -151.0 -296.0' goal '817.0 -855.0 -232.0'
ARGEVT Romero death Carmack pos '-48.5 -197.5 -296.0'
ARGEVT Carmack goal weapon_supernailgun
ARGLOG Joe Rogan t  23.2 pos '483.1 -41.5 -104.0' spd 367.8 yaw  61.4 mode 2 st 0 gl 0 hp 100 frg 2
ARGEVT Carmack routefail
ARGEVT Carmack goal 
ARGEVT Carmack jump
ARGLOG Carmack t  23.4 pos '-43.9 -153.2 -274.4' spd 365.5 yaw 237 mode 1 st 0 gl 2 hp 200 frg 0
ARGEVT Carmack goal weapon_rocketlauncher
ARGEVT Carmack route 2 start '-79.0 -151.0 -296.0' goal ' 49.0 105.0 -296.0'
ARGEVT Joe Rogan engage Carmack
ARGLOG Joe Rogan t  23.7 pos '519.5 -20.3 -104.0' spd 322.5 yaw 204.6 mode 2 st 0 gl 0 hp 100 frg 2
ARGEVT Carmack engage Joe Rogan
ARGEVT Joe Rogan hazard
ARGLOG Carmack t  23.9 pos '-60.6 -270.2 -294.9' spd  30.0 yaw  30.0 mode 2 st 0 gl 3 hp 200 frg 0
ARGLOG Joe Rogan t  24.3 pos '454.0 -110.2 -104.0' spd  89.4 yaw 193.2 mode 2 st 0 gl 0 hp 100 frg 2
ARGEVT Carmack hazard
ARGLOG Carmack t  24.5 pos '-27.9 -160.5 -296.0' spd 331.3 yaw  14.3 mode 2 st 0 gl 3 hp 200 frg 0
ARGEVT Romero respawn
ARGEVT Joe Rogan pursue
ARGEVT Romero goal item_armorInv
ARGEVT Romero engage Joe Rogan
ARGLOG Romero t  24.7 pos '-64.0 -232.0 -72.0' spd 0 yaw  14.9 mode 0 st 0 gl 0 hp 100 frg 1
ARGLOG Joe Rogan t  24.8 pos '465.4 -127.6 -104.0' spd 236.1 yaw 162.7 mode 2 st 0 gl 0 hp 100 frg 2
ARGEVT Romero route 8 start '-47.0 -215.0 -72.0' goal '817.0 -855.0 -232.0'
ARGEVT Carmack pursue
ARGLOG Carmack t  25.0 pos '-59.1   5.9 -296.0' spd 337.7 yaw  65.0 mode 2 st 0 gl 3 hp 200 frg 0
ARGEVT Joe Rogan hazard
ARGLOG Romero t  25.2 pos '-13.9 -243.7 -72.0' spd 161.6 yaw  19.9 mode 2 st 0 gl 0 hp 100 frg 1
ARGLOG Joe Rogan t  25.3 pos '378.8 -66.1 -110.9' spd 274.7 yaw 203 mode 2 st 0 gl 0 hp 92 frg 2
ARGLOG Carmack t  25.5 pos ' 78.8 101.6 -296.0' spd 345.9 yaw 331 mode 1 st 0 gl 3 hp 200 frg 0
ARGEVT Carmack hazard
ARGEVT Joe Rogan abandon
ARGLOG Romero t  25.7 pos ' 33.7 -228.7 -72.0' spd 322.4 yaw  32.8 mode 2 st 0 gl 0 hp 100 frg 1
ARGLOG Joe Rogan t  25.8 pos '248.1 -77.0 -272.6' spd 217.6 yaw  78.4 mode 0 st 0 gl 0 hp 92 frg 2
ARGEVT Joe Rogan route 16 start '305.0 -87.0 -296.0' goal '1169.0 -599.0  24.0'
ARGEVT Joe Rogan goal weapon_rocketlauncher
ARGEVT Joe Rogan abandon
ARGEVT Joe Rogan route 5 start '305.0 -87.0 -296.0' goal ' 49.0 105.0 -296.0'
ARGEVT Joe Rogan swim
ARGLOG Carmack t  26.0 pos ' 86.7  66.7 -296.0' spd 364.0 yaw 199.2 mode 1 st 0 gl 3 hp 199 frg 0
ARGEVT Romero pursue
ARGEVT Joe Rogan goal item_health
ARGEVT Joe Rogan routefail
ARGLOG Romero t  26.2 pos '162.4 -252.8 -72.0' spd 363.9 yaw 57 mode 2 st 0 gl 0 hp 100 frg 1
ARGEVT Joe Rogan goal item_health
ARGLOG Joe Rogan t  26.3 pos '174.6 -63.3 -394.8' spd 210.7 yaw 223 mode 0 st 0 gl 0 hp 42 frg 2
ARGEVT Romero hazard
ARGEVT Joe Rogan routefail
ARGEVT Joe Rogan goal item_armor1
ARGEVT Joe Rogan death Romero pos '132.3 -90.3 -393.0'
ARGLOG Carmack t  26.5 pos '-65.9   7.9 -296.0' spd 367.9 yaw 265.4 mode 1 st 0 gl 3 hp 199 frg 0
ARGEVT Romero goal 
ARGLOG Romero t  26.7 pos '223.1 -218.8 -116.5' spd  46.5 yaw 344.4 mode 0 st 0 gl 0 hp 100 frg 2
ARGEVT Romero route 7 start '145.0 -183.0 -72.0' goal '145.0 -183.0 -296.0'
ARGEVT Carmack hazard
ARGLOG Carmack t  27.0 pos '-16.7 -143.5 -296.0' spd 124.9 yaw  56.9 mode 1 st 0 gl 3 hp 198 frg 0
ARGLOG Romero t  27.3 pos '261.3 -212.7 -296.0' spd 294.0 yaw 228 mode 2 st 0 gl 0 hp 100 frg 2
ARGEVT Romero hazard
ARGLOG Carmack t  27.6 pos '-39.7  10.7 -296.0' spd 331.2 yaw  67.4 mode 1 st 0 gl 3 hp 197 frg 0
ARGEVT Romero jump
ARGLOG Romero t  27.8 pos '150.1 -228.7 -267.0' spd 375.0 yaw 256 mode 2 st 0 gl 0 hp 100 frg 2
ARGEVT Joe Rogan respawn
ARGEVT Joe Rogan goal item_spikes
ARGLOG Joe Rogan t  28.1 pos '272.0 -952.0  24.0' spd 0 yaw  16.3 mode 1 st 0 gl 0 hp 100 frg 2
ARGLOG Carmack t  28.1 pos ' 75.3  81.6 -296.0' spd 356.9 yaw 297 mode 1 st 0 gl 3 hp 197 frg 0
ARGEVT Carmack hazard
ARGLOG Romero t  28.3 pos ' 73.5 -208.0 -296.0' spd  31.5 yaw 284 mode 2 st 0 gl 0 hp 100 frg 2
ARGEVT Romero jump
ARGLOG Joe Rogan t  28.6 pos '356.5 -819.3  24.0' spd 332.2 yaw 102 mode 1 st 0 gl 0 hp 100 frg 2
ARGLOG Carmack t  28.6 pos '106.9  68.8 -296.0' spd 313.7 yaw   2.9 mode 1 st 0 gl 3 hp 196 frg 0
ARGLOG Romero t  28.8 pos '225.0 -166.6 -258.1' spd 327.1 yaw 242 mode 2 st 0 gl 0 hp 100 frg 2
ARGLOG Joe Rogan t  29.1 pos '338.3 -654.3  24.0' spd 320.3 yaw 104 mode 1 st 0 gl 0 hp 100 frg 2
ARGLOG Carmack t  29.1 pos '100.5 119.8 -296.0' spd 261.7 yaw 329 mode 1 st 0 gl 3 hp 196 frg 0
ARGEVT Romero abandon
ARGEVT Romero goal weapon_rocketlauncher
ARGEVT Carmack hazard
ARGEVT Romero route 3 start '145.0 -183.0 -296.0' goal ' 49.0 105.0 -296.0'
ARGLOG Romero t  29.3 pos '158.1 -48.0 -385.4' spd 170.6 yaw 235 mode 2 st 0 gl 0 hp 90 frg 2
ARGEVT Romero swim
ARGEVT Romero engage Joe Rogan
ARGEVT Romero swim
ARGEVT Joe Rogan engage Romero
ARGEVT Joe Rogan grab 
ARGLOG Joe Rogan t  29.6 pos '296.4 -493.1  24.0' spd 345.3 yaw 100.5 mode 1 st 0 gl 0 hp 100 frg 2
ARGLOG Carmack t  29.6 pos '107.7  94.7 -296.0' spd 340.2 yaw  66.3 mode 1 st 0 gl 3 hp 195 frg 0
ARGEVT Romero swim
ARGLOG Romero t  29.8 pos '188.9 -87.1 -385.2' spd 199.0 yaw 272.0 mode 2 st 0 gl 0 hp 50 frg 2
ARGEVT Romero retreat
ARGEVT Romero swim
ARGLOG Joe Rogan t  30.2 pos '219.9 -437.7  24.0' spd 325.5 yaw  95.2 mode 1 st 0 gl 0 hp 100 frg 2
ARGLOG Carmack t  30.2 pos '106.3  64.3 -296.0' spd 166.4 yaw  66.6 mode 1 st 0 gl 3 hp 195 frg 0
ARGEVT Romero swim
ARGLOG Romero t  30.4 pos '174.5 -67.3 -384.9' spd 206.7 yaw 292.6 mode 2 st 0 gl 0 hp 10 frg 2
ARGEVT Romero death world pos '174.5 -67.3 -384.9'
ARGEVT Carmack hazard
ARGLOG Joe Rogan t  30.7 pos '293.5 -403.3 -94.0' spd  55.9 yaw 268 mode 1 st 0 gl 0 hp 100 frg 2
ARGLOG Carmack t  30.7 pos ' 95.1  57.6 -296.0' spd  81.2 yaw  28.1 mode 1 st 0 gl 3 hp 194 frg 0
ARGEVT Joe Rogan hazard
ARGLOG Joe Rogan t  31.2 pos '240.0 -469.5 -104.0' spd 350.9 yaw 135.8 mode 1 st 0 gl 0 hp 100 frg 2
ARGLOG Carmack t  31.2 pos '102.0 115.2 -296.0' spd 274.9 yaw 321.2 mode 1 st 0 gl 3 hp 194 frg 0
ARGEVT Carmack hazard
ARGLOG Joe Rogan t  31.7 pos '128.9 -415.0 -104.0' spd 320.9 yaw 180.4 mode 1 st 0 gl 0 hp 100 frg 2
ARGLOG Carmack t  31.7 pos '112.0 104.5 -296.0' spd 317.1 yaw  26.8 mode 1 st 0 gl 3 hp 193 frg 0
ARGEVT Romero respawn
ARGEVT Romero goal item_armorInv
ARGLOG Romero t  32.0 pos '112.0 -1136.0 -104.0' spd 0 yaw  61.6 mode 0 st 0 gl 0 hp 100 frg 1
ARGEVT Romero route 16 start ' 81.0 -1079.0 -104.0' goal '817.0 -855.0 -232.0'
ARGEVT Joe Rogan hazard
ARGLOG Joe Rogan t  32.2 pos '145.0 -425.3 -104.0' spd  63.9 yaw 147.1 mode 1 st 0 gl 0 hp 100 frg 2
ARGLOG Carmack t  32.2 pos ' 41.4  48.0 -296.0' spd 217.4 yaw 254.3 mode 1 st 0 gl 3 hp 193 frg 0
ARGLOG Romero t  32.5 pos '149.0 -984.7 -104.0' spd 320.3 yaw 84 mode 2 st 0 gl 0 hp 100 frg 1
ARGEVT Carmack hazard
ARGLOG Joe Rogan t  32.7 pos '114.9 -415.7 -104.0' spd 298.9 yaw 180.0 mode 1 st 0 gl 0 hp 100 frg 2
ARGLOG Carmack t  32.7 pos '-80.0  38.8 -296.0' spd   8.5 yaw 254.6 mode 1 st 0 gl 3 hp 192 frg 0
ARGLOG Romero t  33.0 pos '170.6 -820.6 -104.0' spd 320.0 yaw 84 mode 0 st 0 gl 0 hp 100 frg 1
ARGEVT Romero route 17 start '177.0 -855.0 -104.0' goal '817.0 -855.0 -232.0'
ARGEVT Joe Rogan hazard
ARGEVT Romero hazard
ARGLOG Joe Rogan t  33.2 pos '166.4 -387.0 -104.0' spd 389.9 yaw  14.3 mode 1 st 0 gl 0 hp 100 frg 2
ARGLOG Carmack t  33.2 pos '-19.6 -112.9 -296.0' spd 310.4 yaw  53.9 mode 1 st 0 gl 3 hp 192 frg 0
ARGLOG Romero t  33.5 pos ' 85.8 -782.6 -104.0' spd 346.1 yaw 270 mode 2 st 0 gl 0 hp 100 frg 1
ARGLOG Joe Rogan t  33.8 pos '300.1 -488.8 -104.0' spd 345.9 yaw 266 mode 1 st 0 gl 0 hp 100 frg 2
ARGLOG Carmack t  33.8 pos '-18.8   9.1 -296.0' spd 320.0 yaw  76.7 mode 1 st 0 gl 3 hp 191 frg 0
ARGLOG Romero t  34.0 pos ' 81.2 -953.8 -104.0' spd 320.0 yaw 291 mode 2 st 0 gl 0 hp 100 frg 1
ARGEVT Carmack hazard
ARGLOG Joe Rogan t  34.3 pos '307.7 -656.1 -104.0' spd 321.0 yaw 258 mode 1 st 0 gl 0 hp 100 frg 2
ARGEVT Carmack goal weapon_lightning
ARGLOG Carmack t  34.3 pos ' 96.3  85.5 -296.0' spd 422.9 yaw 274 mode 0 st 0 gl 4 hp 191 frg 0
ARGEVT Carmack route 7 start ' 49.0 105.0 -296.0' goal '529.0 -311.0 -104.0'
ARGEVT Joe Rogan engage Romero
ARGEVT Romero engage Joe Rogan
ARGLOG Romero t  34.5 pos ' 91.5 -1118.5 -104.0' spd 353.2 yaw  23.1 mode 2 st 0 gl 0 hp 100 frg 1
ARGEVT Joe Rogan jump
ARGEVT Romero jump
ARGLOG Joe Rogan t  34.8 pos '347.5 -824.4 -69.6' spd 356.6 yaw 247.3 mode 1 st 0 gl 0 hp 100 frg 2
ARGLOG Carmack t  34.8 pos '-61.9  20.9 -296.0' spd 400 yaw 287 mode 2 st 0 gl 4 hp 190 frg 0
ARGEVT Joe Rogan grab weapon_supershotgun
ARGLOG Romero t  35.1 pos '133.5 -1232.0 -66.5' spd  68.1 yaw  46.3 mode 2 st 0 gl 0 hp 84 frg 1
ARGLOG Joe Rogan t  35.3 pos '413.4 -994.1 -104.0' spd 352.2 yaw 218.7 mode 1 st 0 gl 0 hp 100 frg 2
ARGLOG Carmack t  35.3 pos '-32.5 -142.5 -296.0' spd 321.2 yaw 334 mode 2 st 0 gl 4 hp 190 frg 0
ARGEVT Joe Rogan hazard
ARGEVT Joe Rogan pursue
ARGLOG Romero t  35.6 pos ' 81.8 -1182.5 -104.0' spd 321.1 yaw  36.4 mode 2 st 0 gl 0 hp 84 frg 1
ARGLOG Joe Rogan t  35.8 pos '246.2 -993.4 -104.0' spd 321.1 yaw 243.3 mode 1 st 0 gl 0 hp 100 frg 2
ARGLOG Carmack t  35.8 pos ' 67.8 -272.0 -296.0' spd 320.1 yaw 359 mode 2 st 0 gl 4 hp 189 frg 0
ARGEVT Carmack hazard
ARGEVT Romero hazard
ARGLOG Romero t  36.1 pos '216.0 -1207.5 -56.0' spd 323.5 yaw 103.3 mode 2 st 0 gl 0 hp 52 frg 1
ARGLOG Joe Rogan t  36.3 pos ' 86.8 -984.3 -104.0' spd 128.1 yaw 320.6 mode 1 st 0 gl 0 hp 92 frg 2
ARGLOG Carmack t  36.3 pos '234.2 -240.9 -296.0' spd 322.9 yaw 358 mode 2 st 0 gl 4 hp 189 frg 0
ARGEVT Romero grab item_health
ARGLOG Romero t  36.6 pos '355.5 -1114.2   8.0' spd 322.9 yaw 137.3 mode 2 st 0 gl 0 hp 52 frg 1
ARGEVT Carmack rjump
ARGEVT Joe Rogan pursue
ARGLOG Joe Rogan t  36.9 pos '192.3 -882.1 -104.0' spd 321.8 yaw 296 mode 1 st 0 gl 0 hp 80 frg 2
ARGEVT Romero pursue
ARGLOG Carmack t  36.9 pos '396.3 -221.8 -284.1' spd 358.7 yaw 327 mode 2 st 0 gl 4 hp 138 frg 0
ARGLOG Romero t  37.1 pos '304.3 -979.6  24.0' spd 353.1 yaw 176 mode 2 st 0 gl 0 hp 52 frg 1
ARGLOG Joe Rogan t  37.4 pos '296.2 -1000.9 -104.0' spd 325.0 yaw 280 mode 1 st 0 gl 0 hp 80 frg 2
ARGLOG Carmack t  37.4 pos '576.0 -259.6 -283.3' spd 354.2 yaw 228 mode 2 st 0 gl 4 hp 138 frg 0
ARGEVT Carmack jump
ARGEVT Joe Rogan hazard
ARGLOG Romero t  37.6 pos '208.0 -956.6  24.0' spd  27.9 yaw 187 mode 2 st 0 gl 0 hp 52 frg 1
ARGLOG Joe Rogan t  37.9 pos '380.5 -1014.3 -104.0' spd 375.7 yaw  85.1 mode 1 st 0 gl 0 hp 95 frg 2
ARGLOG Carmack t  37.9 pos '594.7 -272.0 -266.4' spd  34.7 yaw 211 mode 2 st 0 gl 4 hp 137 frg 0
ARGEVT Carmack hazard
ARGLOG Romero t  38.2 pos '208.0 -963.7  24.0' spd   8.7 yaw 182 mode 2 st 0 gl 0 hp 52 frg 1
ARGEVT Carmack jump
ARGEVT Joe Rogan jump
ARGLOG Joe Rogan t  38.4 pos '301.8 -873.5 -92.1' spd 433.8 yaw 250.2 mode 1 st 0 gl 0 hp 95 frg 2
ARGLOG Carmack t  38.4 pos '500.2 -272.0 -266.9' spd 309.4 yaw 292.9 mode 2 st 0 gl 4 hp 137 frg 0
ARGLOG Romero t  38.7 pos '208.0 -965.9  24.0' spd   2.9 yaw 181 mode 2 st 0 gl 0 hp 52 frg 1
ARGLOG Joe Rogan t  38.9 pos '111.5 -966.3 -91.2' spd 432.4 yaw 319 mode 1 st 0 gl 0 hp 95 frg 2
ARGLOG Carmack t  38.9 pos '489.8 -272.0 -296.0' spd  40.3 yaw 316 mode 2 st 0 gl 4 hp 136 frg 0
ARGEVT Romero stall
ARGEVT Romero stallnode '305.0 -855.0  24.0'
ARGEVT Romero jump
ARGEVT Carmack jump
ARGLOG Romero t  39.2 pos '208.0 -963.1  58.5' spd  32.3 yaw  98.1 mode 0 st 1 gl 0 hp 52 frg 1
ARGEVT Romero route 13 start '209.0 -1015.0  24.0' goal '817.0 -855.0 -232.0'
ARGLOG Joe Rogan t  39.4 pos '204.8 -1000.0 -104.0' spd 353.1 yaw 69 mode 1 st 0 gl 0 hp 95 frg 2
ARGLOG Carmack t  39.4 pos '575.9 -272.0 -258.2' spd  27.5 yaw 220 mode 2 st 0 gl 4 hp 136 frg 0
ARGLOG Romero t  39.7 pos '208.3 -938.8  24.0' spd 175.8 yaw 65 mode 2 st 1 gl 0 hp 52 frg 1
ARGEVT Carmack hazard
ARGEVT Joe Rogan jump
ARGEVT Carmack jump
ARGLOG Joe Rogan t  40.0 pos '283.4 -850.9 -82.5' spd 329.1 yaw 108 mode 1 st 0 gl 0 hp 95 frg 2
ARGLOG Carmack t  40.0 pos '514.2 -268.9 -284.1' spd 280.8 yaw 284.3 mode 2 st 0 gl 4 hp 135 frg 0
ARGLOG Romero t  40.2 pos '238.1 -774.6  24.0' spd 341.5 yaw 69 mode 2 st 1 gl 0 hp 52 frg 1
ARGEVT Joe Rogan goal item_rockets
ARGEVT Romero hazard
ARGLOG Joe Rogan t  40.5 pos '320.2 -684.7 -103.1' spd 330.3 yaw  82.4 mode 1 st 0 gl 0 hp 95 frg 2
ARGLOG Carmack t  40.5 pos '499.2 -272.0 -283.6' spd  43.9 yaw 308 mode 2 st 0 gl 4 hp 135 frg 0
ARGEVT Joe Rogan hazard
ARGLOG Romero t  40.7 pos '349.2 -653.2  24.0' spd 371.5 yaw 70 mode 2 st 1 gl 0 hp 52 frg 1
ARGEVT Carmack jump
ARGLOG Joe Rogan t  41.0 pos '365.5 -562.0 -104.0' spd 106.5 yaw 276.6 mode 1 st 0 gl 0 hp 95 frg 2
ARGLOG Carmack t  41.0 pos '570.3 -272.0 -258.2' spd  12.1 yaw 224 mode 2 st 0 gl 4 hp 134 frg 0
ARGLOG Romero t  41.3 pos '380.5 -485.7  24.0' spd 333.5 yaw 48 mode 2 st 1 gl 0 hp 52 frg 1
ARGEVT Carmack hazard
ARGLOG Joe Rogan t  41.5 pos '346.4 -725.2 -104.0' spd 337.6 yaw 259.6 mode 1 st 0 gl 0 hp 95 frg 2
ARGLOG Carmack t  41.5 pos '531.1 -272.0 -296.0' spd 253.2 yaw 266.6 mode 2 st 0 gl 4 hp 134 frg 0
ARGEVT Carmack jump
ARGLOG Romero t  41.8 pos '502.2 -355.5 -20.8' spd 296.8 yaw 19 mode 2 st 1 gl 0 hp 52 frg 1
ARGEVT Carmack goal item_armorInv
ARGLOG Joe Rogan t  42.0 pos '446.1 -848.9 -104.0' spd 422.1 yaw  64.8 mode 1 st 0 gl 0 hp 95 frg 2
ARGEVT Joe Rogan hazard
ARGLOG Carmack t  42.0 pos '491.0 -266.1 -266.4' spd  37.8 yaw  75.1 mode 0 st 0 gl 4 hp 133 frg 0
ARGEVT Carmack route 15 start '497.0 -247.0 -296.0' goal '817.0 -855.0 -232.0'
ARGEVT Joe Rogan goal item_health
ARGLOG Romero t  42.3 pos '591.7 -223.0 -104.0' spd 325.7 yaw 354 mode 2 st 1 gl 0 hp 52 frg 1
ARGEVT Romero jump
ARGLOG Joe Rogan t  42.5 pos '444.4 -757.3 -104.0' spd 208.1 yaw 325.2 mode 1 st 0 gl 1 hp 95 frg 2
ARGLOG Carmack t  42.5 pos '577.7 -221.6 -296.0' spd 330.1 yaw 347.7 mode 2 st 0 gl 4 hp 132 frg 0
ARGEVT Carmack hazard
ARGLOG Romero t  42.8 pos '624.0 -152.5 -82.0' spd  25.0 yaw 334 mode 2 st 1 gl 0 hp 52 frg 1
ARGLOG Joe Rogan t  43.1 pos '464.0 -846.2 -104.0' spd 237.2 yaw 83 mode 1 st 0 gl 1 hp 95 frg 2
ARGLOG Carmack t  43.1 pos '556.3 -272.0 -296.0' spd 317.3 yaw 80 mode 2 st 0 gl 4 hp 132 frg 0
ARGEVT Romero jump
ARGEVT Joe Rogan hazard
ARGLOG Romero t  43.3 pos '624.0 -209.2 -69.4' spd  58.5 yaw 349 mode 2 st 1 gl 0 hp 52 frg 1
ARGLOG Joe Rogan t  43.6 pos '444.1 -757.4 -104.0' spd 201.0 yaw 326.8 mode 1 st 0 gl 1 hp 95 frg 2
ARGLOG Carmack t  43.6 pos '413.4 -203.4 -296.0' spd 195.6 yaw  18.1 mode 2 st 0 gl 4 hp 131 frg 0
ARGEVT Carmack hazard
ARGLOG Romero t  43.8 pos '624.0 -189.9 -104.0' spd  88.9 yaw 344 mode 2 st 1 gl 0 hp 52 frg 1
ARGEVT Romero jump
ARGLOG Joe Rogan t  44.1 pos '459.1 -870.3 -104.0' spd 114.6 yaw  66.6 mode 1 st 0 gl 1 hp 95 frg 2
ARGLOG Carmack t  44.1 pos '418.4 -250.4 -296.0' spd 351.2 yaw 334 mode 2 st 0 gl 4 hp 131 frg 0
ARGLOG Romero t  44.3 pos '624.0 -167.8 -69.2' spd  23.5 yaw 338 mode 2 st 1 gl 0 hp 52 frg 1
ARGEVT Joe Rogan hazard
ARGLOG Joe Rogan t  44.6 pos '423.5 -752.0 -104.0' spd  45.7 yaw 359.4 mode 1 st 0 gl 1 hp 95 frg 2
ARGLOG Carmack t  44.6 pos '578.1 -230.1 -296.0' spd 377.2 yaw  96.6 mode 2 st 0 gl 4 hp 130 frg 0
ARGEVT Romero jump
ARGEVT Carmack hazard
ARGLOG Romero t  44.9 pos '624.0 -185.5 -82.7' spd  12.5 yaw 343 mode 2 st 1 gl 0 hp 52 frg 1
ARGLOG Joe Rogan t  45.1 pos '463.7 -886.9 -104.0' spd 320.5 yaw 264 mode 1 st 0 gl 1 hp 95 frg 2
ARGLOG Carmack t  45.1 pos '594.1 -44.6 -296.0' spd 329.3 yaw 264 mode 2 st 0 gl 4 hp 130 frg 0
ARGLOG Romero t  45.4 pos '624.0 -184.3 -102.9' spd  13.2 yaw 342 mode 2 st 1 gl 0 hp 52 frg 1
ARGEVT Romero stall
ARGEVT Romero stallnode '657.0 -183.0  24.0'
ARGEVT Romero jump
ARGEVT Joe Rogan hazard
ARGLOG Joe Rogan t  45.6 pos '437.0 -1038.9 -104.0' spd 368.7 yaw 245.4 mode 1 st 0 gl 1 hp 100 frg 2
ARGLOG Carmack t  45.6 pos '440.7 -864.0  40.9' spd 300 yaw 117 mode 2 st 0 gl 4 hp 129 frg 0
ARGEVT Romero route 15 start '529.0 -183.0 -104.0' goal '817.0 -855.0 -232.0'
ARGLOG Romero t  45.9 pos '624.0 -193.6 -69.3' spd  33.2 yaw 89 mode 2 st 2 gl 0 hp 52 frg 1
ARGLOG Joe Rogan t  46.2 pos '265.8 -1000.3 -104.0' spd 391.8 yaw  79.6 mode 1 st 0 gl 1 hp 100 frg 2
ARGLOG Carmack t  46.2 pos '334.0 -744.1  24.0' spd 325.8 yaw 74 mode 2 st 0 gl 4 hp 129 frg 0
ARGLOG Romero t  46.4 pos '565.4 -150.6 -104.0' spd 329.7 yaw 69 mode 2 st 2 gl 0 hp 52 frg 1
ARGEVT Carmack engage Romero
ARGLOG Joe Rogan t  46.7 pos '367.4 -868.2 -104.0' spd 320.9 yaw 12 mode 1 st 0 gl 1 hp 100 frg 2
ARGLOG Carmack t  46.7 pos '329.2 -577.1  24.0' spd 322.9 yaw  71.3 mode 2 st 0 gl 4 hp 128 frg 0
ARGEVT Romero hazard
ARGEVT Joe Rogan hazard
ARGLOG Romero t  46.9 pos '561.4   0.7 -104.0' spd 227.2 yaw 64 mode 2 st 2 gl 0 hp 52 frg 1
ARGEVT Romero engage Carmack
ARGEVT Romero weapon sg
ARGEVT Romero grab item_health
ARGLOG Joe Rogan t  47.2 pos '450.9 -771.5 -104.0' spd 321.4 yaw 113.2 mode 1 st 0 gl 1 hp 100 frg 2
ARGLOG Carmack t  47.2 pos '426.8 -458.2  24.0' spd 338.5 yaw  74.7 mode 2 st 0 gl 4 hp 128 frg 0
ARGEVT Romero weapon lg
ARGLOG Romero t  47.5 pos '566.4   3.2 -104.0' spd 0 yaw 266.0 mode 2 st 2 gl 0 hp 52 frg 1
ARGEVT Romero death Carmack pos '566.4   3.2 -104.0'
ARGEVT Carmack hazard
ARGLOG Joe Rogan t  47.7 pos '304.0 -683.4 -104.0' spd 361.9 yaw 74 mode 1 st 0 gl 1 hp 100 frg 2
ARGEVT Carmack goal 
ARGLOG Carmack t  47.7 pos '560.0 -406.9  24.0' spd 327.4 yaw  85.9 mode 0 st 0 gl 4 hp 123 frg 1
ARGEVT Carmack route 3 start '529.0 -375.0  24.0' goal '529.0 -55.0 -104.0'
ARGEVT Joe Rogan engage Carmack
ARGEVT Carmack engage Joe Rogan
ARGLOG Joe Rogan t  48.2 pos '352.8 -549.8 -104.0' spd 326.0 yaw  48.9 mode 1 st 0 gl 1 hp 100 frg 2
ARGLOG Carmack t  48.2 pos '569.6 -289.3  24.0' spd 234.6 yaw 240.6 mode 2 st 0 gl 4 hp 123 frg 1
ARGEVT Joe Rogan grab weapon_grenadelauncher
ARGLOG Joe Rogan t  48.7 pos '279.4 -426.9 -104.0' spd 348.8 yaw  44.5 mode 1 st 0 gl 1 hp 100 frg 2
ARGLOG Carmack t  48.7 pos '498.5 -202.8  15.1' spd 322.9 yaw 209.5 mode 2 st 0 gl 4 hp 102 frg 1
ARGEVT Romero respawn
ARGEVT Romero goal weapon_rocketlauncher
ARGLOG Romero t  49.1 pos '776.0 -808.0 -232.0' spd 0 yaw 106.6 mode 1 st 2 gl 0 hp 100 frg 1
ARGEVT Carmack grab 
ARGEVT Joe Rogan hazard
ARGLOG Joe Rogan t  49.3 pos '124.4 -390.1 -104.0' spd 379.2 yaw  37.9 mode 1 st 0 gl 1 hp 100 frg 2
ARGLOG Carmack t  49.3 pos '499.1 -145.3 -104.0' spd 325.4 yaw 187.2 mode 1 st 0 gl 4 hp 74 frg 1
ARGEVT Romero hazard
ARGLOG Romero t  49.6 pos '720.0 -753.0 -216.0' spd 309.1 yaw 211.9 mode 1 st 2 gl 0 hp 100 frg 1
ARGEVT Carmack weapon rl
ARGLOG Joe Rogan t  49.8 pos '193.4 -411.9 -104.0' spd 316.4 yaw  57.1 mode 1 st 0 gl 1 hp 100 frg 2
ARGEVT Carmack goal weapon_supernailgun
ARGLOG Carmack t  49.8 pos '552.2  -4.6 -104.0' spd 151.7 yaw 249.8 mode 0 st 0 gl 5 hp 74 frg 1
ARGEVT Romero goal weapon_supernailgun
ARGEVT Carmack routefail
ARGEVT Carmack goal item_health
ARGEVT Carmack weapon lg
ARGEVT Carmack route 7 start '529.0 -55.0 -104.0' goal '497.0 -471.0  24.0'
ARGLOG Romero t  50.1 pos '775.6 -902.5 -232.0' spd 391.6 yaw  22.8 mode 0 st 2 gl 1 hp 100 frg 1
ARGEVT Romero route 7 start '721.0 -887.0 -232.0' goal '177.0 -55.0 -104.0'
ARGLOG Joe Rogan t  50.3 pos '350.9 -466.3 -108.0' spd 343.8 yaw  17.1 mode 1 st 0 gl 1 hp 70 frg 2
ARGLOG Carmack t  50.3 pos '624.0 -126.8 -104.0' spd 284.1 yaw 233.9 mode 2 st 0 gl 5 hp 74 frg 1
ARGEVT Joe Rogan hazard
ARGLOG Romero t  50.6 pos '811.0 -764.9 -232.0' spd 359.2 yaw 150 mode 2 st 2 gl 1 hp 100 frg 1
ARGLOG Joe Rogan t  50.8 pos '405.3 -463.8 -104.0' spd 320.4 yaw 358.3 mode 1 st 0 gl 1 hp 40 frg 2
ARGEVT Romero hazard
ARGLOG Carmack t  50.8 pos '635.2 -312.2 -104.0' spd 327.5 yaw 208.4 mode 2 st 0 gl 5 hp 74 frg 1
ARGEVT Joe Rogan retreat
ARGEVT Joe Rogan death Carmack pos '369.4 -458.8 -104.0'
ARGEVT Carmack goal 
ARGEVT Carmack route 2 start '625.0 -343.0 -104.0' goal '401.0 -471.0 -104.0'
ARGLOG Romero t  51.1 pos '752.0 -727.0 -190.5' spd 322.3 yaw 114 mode 2 st 2 gl 1 hp 100 frg 1
ARGEVT Carmack hazard
ARGLOG Carmack t  51.3 pos '399.9 -244.4 -275.4' spd 184.1 yaw 271 mode 2 st 0 gl 5 hp 74 frg 2
ARGLOG Romero t  51.6 pos '723.2 -875.3 -232.0' spd 225.5 yaw 128.8 mode 0 st 2 gl 1 hp 100 frg 1
ARGEVT Carmack jump
ARGEVT Romero route 7 start '721.0 -887.0 -232.0' goal '177.0 -55.0 -104.0'
ARGLOG Carmack t  51.8 pos '545.6 -272.0 -261.5' spd 368.6 yaw 235 mode 2 st 0 gl 5 hp 74 frg 2
ARGEVT Romero route 8 start '721.0 -759.0 -232.0' goal '177.0 -55.0 -104.0'
ARGLOG Romero t  52.2 pos '732.5 -743.8 -216.0' spd 349.7 yaw 113 mode 2 st 2 gl 1 hp 100 frg 1
ARGEVT Romero hazard
ARGEVT Carmack hazard
ARGLOG Carmack t  52.4 pos '581.5 -269.0 -296.0' spd 178.7 yaw 229 mode 2 st 0 gl 5 hp 74 frg 2
ARGEVT Joe Rogan respawn
ARGEVT Carmack jump
ARGEVT Joe Rogan goal item_spikes
ARGLOG Joe Rogan t  52.5 pos '784.0 -176.0  24.0' spd 0 yaw 163.7 mode 0 st 0 gl 1 hp 100 frg 2
ARGEVT Joe Rogan route 3 start '753.0 -151.0  24.0' goal '881.0 -567.0  24.0'
ARGLOG Romero t  52.7 pos '727.1 -822.5 -232.0' spd 320.1 yaw 111 mode 2 st 2 gl 1 hp 100 frg 1
ARGLOG Carmack t  52.9 pos '478.4 -272.0 -261.2' spd  28.0 yaw 249 mode 2 st 0 gl 5 hp 74 frg 2
ARGLOG Joe Rogan t  53.0 pos '635.3 -150.5  24.0' spd 326.6 yaw 309 mode 2 st 0 gl 1 hp 100 frg 2
ARGEVT Romero route 7 start '721.0 -887.0 -232.0' goal '177.0 -55.0 -104.0'
ARGUS routecache adopt
ARGEVT Romero route 7 start '721.0 -887.0 -232.0' goal '177.0 -55.0 -104.0'
ARGLOG Romero t  53.2 pos '720.0 -876.1 -232.0' spd 283.3 yaw 114.6 mode 0 st 2 gl 1 hp 100 frg 1
ARGEVT Carmack jump
ARGLOG Carmack t  53.4 pos '554.6 -268.6 -274.5' spd 289.9 yaw 233 mode 2 st 0 gl 5 hp 74 frg 2
ARGEVT Romero route 8 start '721.0 -759.0 -232.0' goal '177.0 -55.0 -104.0'
ARGLOG Joe Rogan t  53.5 pos '486.5 -274.4 -20.2' spd 351.6 yaw 344 mode 2 st 0 gl 1 hp 100 frg 2
ARGLOG Romero t  53.7 pos '765.3 -714.7 -200.0' spd 388.3 yaw 115 mode 2 st 2 gl 1 hp 100 frg 1
ARGEVT Romero hazard
ARGLOG Carmack t  53.9 pos '565.7 -272.0 -294.3' spd  41.8 yaw 231 mode 2 st 0 gl 5 hp 74 frg 2
ARGEVT Carmack hazard
ARGLOG Joe Rogan t  54.1 pos '590.6 -374.7 -104.0' spd 344.3 yaw 0 mode 2 st 0 gl 1 hp 100 frg 2
ARGEVT Carmack jump
ARGLOG Romero t  54.2 pos '805.4 -732.9 -216.0' spd 326.5 yaw 117 mode 2 st 2 gl 1 hp 100 frg 1
ARGEVT Joe Rogan hazard
ARGLOG Carmack t  54.4 pos '488.9 -272.0 -257.1' spd  18.3 yaw 247 mode 2 st 0 gl 5 hp 74 frg 2
ARGLOG Joe Rogan t  54.6 pos '673.4 -272.0 -104.0' spd 129.5 yaw 325 mode 2 st 0 gl 1 hp 100 frg 2
ARGLOG Romero t  54.7 pos '727.8 -879.2 -232.0' spd 352.8 yaw 182.7 mode 0 st 2 gl 1 hp 100 frg 1
ARGEVT Romero hazard
ARGUS routecache adopt
ARGEVT Romero route 7 start '721.0 -887.0 -232.0' goal '177.0 -55.0 -104.0'
ARGLOG Carmack t  54.9 pos '539.6 -270.7 -296.0' spd 269.8 yaw 236 mode 2 st 0 gl 5 hp 74 frg 2
ARGEVT Carmack jump
ARGUS routecache adopt
ARGEVT Romero route 7 start '721.0 -887.0 -232.0' goal '177.0 -55.0 -104.0'
ARGLOG Joe Rogan t  55.1 pos '669.9 -272.0 -104.0' spd  94.7 yaw 326 mode 2 st 0 gl 1 hp 100 frg 2
ARGUS routecache adopt
ARGEVT Romero route 8 start '721.0 -759.0 -232.0' goal '177.0 -55.0 -104.0'
ARGLOG Romero t  55.2 pos '733.6 -813.8 -232.0' spd 320.0 yaw  92.7 mode 0 st 2 gl 1 hp 100 frg 1
ARGEVT Joe Rogan hazard
ARGLOG Carmack t  55.5 pos '559.8 -272.0 -273.6' spd  43.6 yaw 232 mode 2 st 0 gl 5 hp 74 frg 2
ARGLOG Joe Rogan t  55.6 pos '684.0 -272.0 -104.0' spd 229.6 yaw 323 mode 2 st 0 gl 1 hp 100 frg 2
ARGEVT Carmack hazard
ARGLOG Romero t  55.8 pos '720.8 -761.1 -232.0' spd 336.7 yaw 112 mode 2 st 2 gl 1 hp 100 frg 1
ARGEVT Carmack jump
ARGLOG Carmack t  56.0 pos '488.3 -272.0 -261.5' spd  15.3 yaw 247 mode 2 st 0 gl 5 hp 74 frg 2
ARGLOG Joe Rogan t  56.1 pos '681.9 -356.7 -104.0' spd 122.7 yaw 353 mode 2 st 0 gl 1 hp 100 frg 2
ARGEVT Romero hazard
ARGLOG Romero t  56.3 pos '368.0  40.7 -263.1' spd 300 yaw 304.3 mode 0 st 2 gl 1 hp 100 frg 1
ARGEVT Romero route 6 start '337.0   9.0 -296.0' goal '177.0 -55.0 -104.0'
ARGLOG Carmack t  56.5 pos '515.7 -272.0 -296.0' spd 191.1 yaw  14.2 mode 2 st 0 gl 5 hp 74 frg 2
ARGEVT Carmack jump
ARGLOG Joe Rogan t  56.6 pos '677.0 -293.8 -104.0' spd 364.6 yaw 138 mode 2 st 0 gl 1 hp 100 frg 2
ARGLOG Romero t  56.8 pos '375.0 -120.4 -296.0' spd 336.3 yaw 196 mode 2 st 2 gl 1 hp 100 frg 1
ARGLOG Carmack t  57.0 pos '656.0 -201.3 -261.2' spd 283.5 yaw 147 mode 2 st 0 gl 5 hp 74 frg 2
ARGLOG Joe Rogan t  57.2 pos '537.8 -224.6 -104.0' spd 327.7 yaw 130 mode 2 st 0 gl 1 hp 100 frg 2
ARGEVT Romero engage Joe Rogan
ARGLOG Romero t  57.3 pos '315.7 -197.2 -296.0' spd 326.6 yaw 136.5 mode 2 st 2 gl 1 hp 100 frg 1
ARGEVT Joe Rogan engage Romero
ARGEVT Romero hazard
ARGEVT Joe Rogan hazard
ARGEVT Carmack hazard
ARGLOG Carmack t  57.5 pos '605.1 -58.0 -296.0' spd 359.5 yaw 244 mode 2 st 0 gl 5 hp 74 frg 2
ARGEVT Joe Rogan route 13 start '433.0 -119.0 -104.0' goal '881.0 -567.0  24.0'
ARGLOG Joe Rogan t  57.7 pos '490.6 -173.4 -104.0' spd 321.8 yaw 210.1 mode 2 st 0 gl 1 hp 100 frg 2
ARGLOG Romero t  57.8 pos '336.6 -227.4 -296.0' spd  95.6 yaw 335.3 mode 2 st 2 gl 1 hp 100 frg 1
ARGEVT Romero pursue
ARGEVT Joe Rogan pursue
ARGLOG Carmack t  58.0 pos '592.0 -103.2 -296.0' spd 326.5 yaw 243 mode 2 st 0 gl 5 hp 74 frg 2
ARGLOG Joe Rogan t  58.2 pos '478.2 -315.1 -104.0' spd 370.5 yaw 148.4 mode 2 st 0 gl 1 hp 100 frg 2
ARGEVT Carmack engage Romero
ARGLOG Romero t  58.3 pos '459.7 -247.3 -296.0' spd 388.2 yaw 76 mode 2 st 2 gl 1 hp 100 frg 1
ARGEVT Romero hazard
ARGLOG Carmack t  58.5 pos '646.7 -231.2 -296.0' spd 253.5 yaw 165.6 mode 2 st 0 gl 5 hp 74 frg 2
ARGEVT Carmack hazard
ARGEVT Romero route 5 start '497.0 -247.0 -296.0' goal '177.0 -55.0 -104.0'
ARGLOG Joe Rogan t  58.7 pos '320.5 -213.7 -148.8' spd 323.1 yaw  61.9 mode 2 st 0 gl 1 hp 100 frg 2
ARGEVT Joe Rogan death Romero pos '288.1 -221.3 -180.7'
ARGEVT Romero engage Carmack
ARGLOG Romero t  58.9 pos '465.0 -246.5 -296.0' spd 256.7 yaw 136.2 mode 2 st 2 gl 1 hp 80 frg 2
ARGEVT Romero goal item_artifact_super_damage
ARGEVT Romero route 4 start '497.0 -247.0 -296.0' goal '177.0  73.0 -104.0'
ARGLOG Carmack t  59.1 pos '605.0 -109.9 -296.0' spd 324.0 yaw 210.6 mode 2 st 0 gl 5 hp 74 frg 2
ARGEVT Romero grab 
ARGEVT Romero pursue
ARGLOG Romero t  59.4 pos '356.8 -193.3 -296.0' spd  82.7 yaw 4 mode 2 st 2 gl 1 hp 80 frg 2
ARGEVT Carmack pursue
ARGLOG Carmack t  59.6 pos '579.1 -242.1 -296.0' spd 321.1 yaw 169.5 mode 2 st 0 gl 5 hp 74 frg 2
ARGEVT Carmack jump
ARGEVT Romero hazard
ARGEVT Carmack death Romero pos '560.0 -269.8 -274.7'
ARGEVT Romero goal 
ARGLOG Romero t  59.9 pos '329.0 -163.1 -296.0' spd  68.7 yaw 287.6 mode 1 st 2 gl 1 hp 62 frg 3
ARGEVT Joe Rogan respawn
ARGEVT Joe Rogan plan powerup via weapon
ARGEVT Joe Rogan goal weapon_rocketlauncher
ARGLOG Joe Rogan t  60.4 pos '-64.0 512.0 -296.0' spd 0 yaw 286.3 mode 0 st 0 gl 1 hp 100 frg 2
ARGLOG Romero t  60.4 pos '460.8 -256.5 -296.0' spd 342.4 yaw 18 mode 1 st 2 gl 1 hp 62 frg 3
ARGEVT Joe Rogan route 4 start '-15.0 553.0 -296.0' goal ' 49.0 105.0 -296.0'
ARGEVT Joe Rogan hazard
ARGEVT Romero goal item_artifact_super_damage
ARGLOG Joe Rogan t  60.9 pos '-48.2 350.6 -296.0' spd 345.8 yaw 249 mode 2 st 0 gl 1 hp 100 frg 2
ARGLOG Romero t  60.9 pos '609.9 -190.3 -296.0' spd 339.8 yaw  83.6 mode 0 st 2 gl 2 hp 62 frg 3
ARGEVT Romero routefail
ARGEVT Romero goal item_health
ARGEVT Romero route 2 start '593.0 -215.0 -296.0' goal '529.0  73.0 -296.0'
ARGEVT Carmack respawn
ARGEVT Romero hazard
ARGEVT Carmack goal weapon_rocketlauncher
ARGLOG Carmack t  61.3 pos '-64.0 -232.0 -72.0' spd 0 yaw 5 mode 0 st 0 gl 5 hp 100 frg 2
ARGEVT Carmack route 9 start '-47.0 -215.0 -72.0' goal ' 49.0 105.0 -296.0'
ARGLOG Joe Rogan t  61.4 pos '-70.5 181.1 -296.0' spd 370.2 yaw 323 mode 1 st 0 gl 1 hp 100 frg 2
ARGLOG Romero t  61.4 pos '594.2 -16.2 -296.0' spd 205.9 yaw 240.2 mode 1 st 2 gl 2 hp 62 frg 3
ARGLOG Carmack t  61.8 pos ' 91.0 -219.1 -72.0' spd 320.0 yaw 6 mode 2 st 0 gl 5 hp 100 frg 2
ARGEVT Joe Rogan hazard
ARGLOG Joe Rogan t  62.0 pos ' 37.2  49.3 -296.0' spd 318.6 yaw 213.5 mode 1 st 0 gl 1 hp 100 frg 2
ARGLOG Romero t  62.0 pos '594.2 -141.3 -296.0' spd 320.0 yaw 253.4 mode 1 st 2 gl 2 hp 62 frg 3
ARGEVT Romero engage Carmack
ARGEVT Carmack engage Romero
ARGEVT Carmack jump
ARGEVT Carmack route 9 start '145.0 -183.0 -72.0' goal ' 49.0 105.0 -296.0'
ARGLOG Carmack t  62.3 pos '247.6 -238.5 -37.5' spd 312.4 yaw   1.4 mode 2 st 0 gl 5 hp 100 frg 2
ARGLOG Joe Rogan t  62.5 pos '-61.4 106.6 -296.0' spd 324.3 yaw  48.4 mode 1 st 0 gl 1 hp 100 frg 2
ARGLOG Romero t  62.5 pos '578.0 -230.7 -296.0' spd  80.2 yaw 186.7 mode 1 st 2 gl 2 hp 62 frg 3
ARGEVT Romero pursue
ARGEVT Carmack retreat
ARGLOG Carmack t  62.8 pos '187.1 -276.4 -54.2' spd 574.8 yaw   5.1 mode 2 st 0 gl 5 hp 10 frg 2
ARGEVT Joe Rogan jump
ARGLOG Joe Rogan t  63.0 pos '-49.4 178.5 -284.1' spd 319.0 yaw 262 mode 1 st 0 gl 1 hp 100 frg 2
ARGLOG Romero t  63.0 pos '471.6 -247.3 -296.0' spd 192.7 yaw 185.6 mode 1 st 2 gl 2 hp 62 frg 3
ARGLOG Carmack t  63.3 pos ' 83.9 -272.0 -72.0' spd 304.6 yaw 358.0 mode 2 st 0 gl 5 hp 10 frg 2
ARGEVT Romero weapon rl
ARGLOG Joe Rogan t  63.5 pos '-56.0  13.7 -283.6' spd 319.0 yaw 299 mode 1 st 0 gl 1 hp 100 frg 2
ARGLOG Romero t  63.5 pos '487.3 -237.5 -296.0' spd 313.1 yaw 182.7 mode 1 st 2 gl 2 hp 62 frg 3
ARGEVT Romero pursue
ARGEVT Carmack pursue
ARGLOG Carmack t  63.9 pos ' 80.5 -268.7 -72.0' spd 320.0 yaw 2 mode 2 st 0 gl 5 hp 10 frg 2
ARGEVT Joe Rogan hazard
ARGLOG Joe Rogan t  64.0 pos '-23.6 -150.6 -296.0' spd 327.2 yaw 357.3 mode 1 st 0 gl 1 hp 100 frg 2
ARGLOG Romero t  64.0 pos '359.6 -242.7 -296.0' spd 320.1 yaw 170.4 mode 1 st 2 gl 2 hp 62 frg 3
ARGEVT Romero weapon lg
ARGEVT Joe Rogan engage Romero
ARGLOG Carmack t  64.4 pos '120.8 -275.2 -56.0' spd 283.2 yaw  13.3 mode 2 st 0 gl 5 hp 10 frg 2
ARGEVT Romero weapon rl
ARGLOG Joe Rogan t  64.5 pos ' -1.3 -237.7 -296.0' spd  77.9 yaw   0.2 mode 1 st 0 gl 1 hp 100 frg 2
ARGLOG Romero t  64.5 pos '248.7 -245.2 -296.0' spd  44.7 yaw 198.4 mode 1 st 2 gl 2 hp 56 frg 3
ARGEVT Romero pursue
ARGEVT Carmack pursue
ARGEVT Romero hazard
ARGLOG Carmack t  64.9 pos '200.4 -264.8 -72.0' spd 325.5 yaw 342.0 mode 2 st 0 gl 5 hp 10 frg 2
ARGEVT Carmack hazard
ARGEVT Joe Rogan hazard
ARGLOG Joe Rogan t  65.1 pos '  4.8 -265.7 -296.0' spd 323.4 yaw  14.9 mode 1 st 0 gl 1 hp 100 frg 2
ARGLOG Romero t  65.1 pos '132.2 -225.7 -296.0' spd 187.1 yaw  52.5 mode 1 st 2 gl 2 hp 44 frg 3
ARGLOG Carmack t  65.4 pos '143.3 -244.0 -72.0' spd 329.7 yaw   6.9 mode 2 st 0 gl 5 hp 10 frg 2
ARGLOG Joe Rogan t  65.6 pos '-28.5 -95.7 -296.0' spd 334.7 yaw 334.7 mode 1 st 0 gl 1 hp 100 frg 2
ARGLOG Romero t  65.6 pos '292.6 -242.0 -296.0' spd 329.4 yaw 346 mode 1 st 2 gl 2 hp 32 frg 3
ARGEVT Carmack pursue
ARGEVT Joe Rogan pursue
ARGLOG Carmack t  65.9 pos '137.3 -239.1 -72.0' spd 329.9 yaw 357.6 mode 2 st 0 gl 5 hp 10 frg 2
ARGLOG Joe Rogan t  66.1 pos '-62.2 -168.6 -296.0' spd 321.7 yaw 303.6 mode 1 st 0 gl 1 hp 100 frg 2
ARGLOG Romero t  66.1 pos '416.0 -222.7 -296.0' spd 344.8 yaw 200.8 mode 1 st 2 gl 2 hp 24 frg 3
ARGEVT Romero hazard
ARGEVT Carmack death Romero pos '183.1 -333.2 -40.0'
ARGEVT Romero engage Joe Rogan
ARGEVT Romero retreat
ARGEVT Romero goal item_health
ARGEVT Romero route 5 start '401.0 -247.0 -296.0' goal '529.0  73.0 -296.0'
ARGLOG Joe Rogan t  66.6 pos '  1.0 -216.6 -296.0' spd 140.8 yaw 354.9 mode 1 st 0 gl 1 hp 100 frg 2
ARGLOG Romero t  66.6 pos '465.3 -253.0 -296.0' spd 333.0 yaw 187.8 mode 2 st 2 gl 2 hp 16 frg 4
ARGEVT Romero death Joe Rogan pos '498.6 -246.5 -296.0'
ARGEVT Joe Rogan hazard
ARGEVT Joe Rogan goal weapon_rocketlauncher
ARGEVT Joe Rogan route 2 start ' 17.0 -247.0 -296.0' goal ' 49.0 105.0 -296.0'
ARGLOG Joe Rogan t  67.1 pos '128.8 -271.1 -296.0' spd 320.4 yaw 6 mode 2 st 0 gl 1 hp 100 frg 3
ARGEVT Joe Rogan route 3 start '241.0 -279.0 -296.0' goal ' 49.0 105.0 -296.0'
ARGLOG Joe Rogan t  67.6 pos '293.5 -258.4 -296.0' spd 320.1 yaw 8 mode 2 st 0 gl 1 hp 100 frg 3
ARGEVT Carmack respawn
ARGEVT Carmack goal weapon_lightning
ARGLOG Carmack t  67.9 pos '272.0 -952.0  24.0' spd 0 yaw  16.6 mode 0 st 0 gl 5 hp 100 frg 2
ARGEVT Carmack route 6 start '305.0 -983.0  24.0' goal '529.0 -311.0 -104.0'
ARGEVT Joe Rogan hazard
ARGEVT Joe Rogan route 5 start '401.0 -247.0 -296.0' goal ' 49.0 105.0 -296.0'
ARGLOG Joe Rogan t  68.2 pos '443.7 -215.4 -296.0' spd 207.0 yaw 185 mode 2 st 0 gl 1 hp 100 frg 3
ARGEVT Romero respawn
ARGEVT Romero goal item_armorInv
ARGLOG Romero t  68.3 pos '112.0 -1136.0 -104.0' spd 0 yaw  28.7 mode 0 st 2 gl 2 hp 100 frg 4
ARGLOG Carmack t  68.4 pos '352.5 -817.6  24.0' spd 345.2 yaw 97 mode 2 st 0 gl 5 hp 100 frg 2
ARGEVT Romero route 16 start ' 81.0 -1079.0 -104.0' goal '817.0 -855.0 -232.0'
ARGLOG Joe Rogan t  68.7 pos '295.0 -254.8 -296.0' spd 331.7 yaw 237.0 mode 2 st 0 gl 1 hp 100 frg 3
ARGEVT Romero hazard
ARGLOG Romero t  68.8 pos '261.4 -1104.3 -104.0' spd 322.0 yaw 231 mode 2 st 2 gl 2 hp 100 frg 4
ARGLOG Carmack t  68.9 pos '304.6 -658.6  24.0' spd 322.2 yaw 73 mode 2 st 0 gl 5 hp 100 frg 2
ARGLOG Joe Rogan t  69.2 pos '259.1 -272.3 -296.0' spd 349.2 yaw 143 mode 2 st 0 gl 1 hp 100 frg 3
ARGEVT Joe Rogan hazard
ARGLOG Romero t  69.3 pos '136.5 -1159.6 -104.0' spd 376.7 yaw 347 mode 2 st 2 gl 2 hp 100 frg 4
ARGEVT Romero jump
ARGLOG Carmack t  69.4 pos '306.1 -493.9  24.0' spd 328.7 yaw 39 mode 2 st 0 gl 5 hp 100 frg 2
ARGEVT Joe Rogan engage Carmack
ARGEVT Carmack engage Joe Rogan
ARGEVT Carmack grab 
ARGLOG Joe Rogan t  69.7 pos '299.6 -255.8 -296.0' spd 314.6 yaw 277.1 mode 2 st 0 gl 1 hp 100 frg 3
ARGLOG Romero t  69.9 pos ' 86.2 -1231.6 -81.3' spd  30.0 yaw 48 mode 2 st 2 gl 2 hp 100 frg 4
ARGLOG Carmack t  70.0 pos '318.4 -534.1  24.0' spd 191.3 yaw  72.5 mode 2 st 0 gl 5 hp 100 frg 2
ARGEVT Joe Rogan jump
ARGEVT Carmack pursue
ARGEVT Joe Rogan route 5 start '401.0 -247.0 -296.0' goal ' 49.0 105.0 -296.0'
ARGEVT Joe Rogan grab 
ARGLOG Joe Rogan t  70.2 pos '470.1 -246.9 -267.9' spd 371.8 yaw 313.0 mode 2 st 0 gl 1 hp 80 frg 3
ARGLOG Romero t  70.4 pos '197.3 -1223.1 -72.0' spd 320.0 yaw 65 mode 2 st 2 gl 2 hp 100 frg 4
ARGLOG Carmack t  70.5 pos '324.0 -529.2  24.0' spd 320.2 yaw  45.5 mode 2 st 0 gl 5 hp 100 frg 2
ARGEVT Carmack hazard
ARGEVT Joe Rogan pursue
ARGEVT Carmack pursue
ARGEVT Romero engage Carmack
ARGLOG Joe Rogan t  70.7 pos '648.5 -256.9 -296.0' spd 221.5 yaw 214 mode 2 st 0 gl 1 hp 45 frg 3
ARGEVT Joe Rogan hazard
ARGLOG Romero t  70.9 pos '336.6 -1152.8  -8.0' spd 345.2 yaw  90.5 mode 2 st 2 gl 2 hp 100 frg 4
ARGLOG Carmack t  71.0 pos '354.2 -466.4  24.0' spd 320.0 yaw 62 mode 2 st 0 gl 5 hp 100 frg 2
ARGLOG Joe Rogan t  71.2 pos '512.8 -272.0 -296.0' spd 320.3 yaw 183 mode 2 st 0 gl 1 hp 45 frg 3
ARGEVT Romero grab weapon_supershotgun
ARGLOG Romero t  71.4 pos '324.9 -1014.0  24.0' spd 302.3 yaw  83.5 mode 2 st 2 gl 2 hp 100 frg 4
ARGLOG Carmack t  71.5 pos '439.1 -305.0 -53.1' spd 320.0 yaw  90.8 mode 1 st 0 gl 5 hp 100 frg 2
ARGEVT Romero pursue
ARGEVT Joe Rogan retreat
ARGEVT Joe Rogan death Joe Rogan pos '446.6 -238.9 -296.0'
ARGLOG Romero t  71.9 pos '355.3 -948.9  24.0' spd 322.0 yaw 86 mode 2 st 2 gl 2 hp 100 frg 4
ARGLOG Carmack t  72.0 pos '356.6 -215.3 -125.4' spd 321.3 yaw 222.0 mode 1 st 0 gl 5 hp 100 frg 2
ARGLOG Romero t  72.4 pos '372.8 -784.9  24.0' spd 320.1 yaw 88 mode 2 st 2 gl 2 hp 100 frg 4
ARGEVT Carmack hazard
ARGLOG Carmack t  72.5 pos '263.0 -253.0 -296.0' spd 286.2 yaw 357 mode 1 st 0 gl 5 hp 100 frg 2
ARGLOG Romero t  72.9 pos '377.2 -752.0  24.0' spd   5.8 yaw 88 mode 2 st 2 gl 2 hp 100 frg 4
ARGLOG Carmack t  73.1 pos '434.1 -247.5 -296.0' spd 327.1 yaw 329 mode 1 st 0 gl 5 hp 100 frg 2
ARGEVT Carmack jump
ARGEVT Joe Rogan respawn
ARGEVT Joe Rogan goal weapon_rocketlauncher
ARGLOG Joe Rogan t  73.3 pos '776.0 -808.0 -232.0' spd 0 yaw 106.6 mode 1 st 0 gl 1 hp 100 frg 2
ARGLOG Romero t  73.5 pos '379.9 -752.0  24.0' spd   2.8 yaw 89 mode 2 st 2 gl 2 hp 100 frg 4
ARGEVT Joe Rogan hazard
ARGLOG Carmack t  73.6 pos '589.2 -272.0 -261.1' spd 300.3 yaw 306.1 mode 1 st 0 gl 5 hp 100 frg 2
ARGLOG Joe Rogan t  73.8 pos '725.6 -720.0 -216.0' spd 262.6 yaw 189.2 mode 1 st 0 gl 1 hp 100 frg 2
ARGEVT Carmack hazard
ARGLOG Romero t  74.0 pos '342.1 -700.8  24.0' spd 323.0 yaw 110 mode 2 st 2 gl 2 hp 100 frg 4
ARGEVT Carmack jump
ARGLOG Carmack t  74.1 pos '583.7 -272.0 -284.3' spd 326.3 yaw 195 mode 1 st 0 gl 5 hp 100 frg 2
ARGLOG Joe Rogan t  74.3 pos '744.6 -887.3 -232.0' spd 378.8 yaw 354.0 mode 1 st 0 gl 1 hp 100 frg 2
ARGEVT Joe Rogan engage Carmack
ARGEVT Carmack engage Joe Rogan
ARGEVT Carmack grab weapon_lightning
ARGLOG Romero t  74.5 pos '368.0 -540.9  24.0' spd 227.9 yaw 53 mode 2 st 2 gl 2 hp 100 frg 4
ARGEVT Romero engage Joe Rogan
ARGEVT Romero grab 
ARGLOG Carmack t  74.6 pos '445.5 -264.2 -282.9' spd  34.3 yaw 104.3 mode 1 st 0 gl 5 hp 100 frg 2
ARGLOG Joe Rogan t  74.8 pos '380.8 -12.8 -296.0' spd 204.5 yaw 293.2 mode 1 st 0 gl 1 hp 100 frg 2
ARGEVT Carmack jump
ARGLOG Romero t  75.0 pos '330.4 -531.4  24.0' spd 266.9 yaw  90.2 mode 2 st 2 gl 2 hp 100 frg 4
ARGLOG Carmack t  75.1 pos '480.0 -267.5 -258.3' spd  43.3 yaw  89.6 mode 1 st 0 gl 5 hp 76 frg 2
ARGLOG Joe Rogan t  75.3 pos '367.7  24.6 -288.0' spd 239.6 yaw 292.8 mode 1 st 0 gl 1 hp 100 frg 2
ARGEVT Joe Rogan hazard
ARGLOG Romero t  75.5 pos '335.4 -529.6  24.0' spd 232.0 yaw  84.2 mode 2 st 2 gl 2 hp 100 frg 4
ARGLOG Carmack t  75.6 pos '474.8 -264.3 -296.0' spd  63.1 yaw 128.4 mode 1 st 0 gl 5 hp 76 frg 2
ARGEVT Carmack hazard
ARGEVT Carmack weapon sg
ARGEVT Carmack jump
ARGEVT Romero pursue
ARGLOG Joe Rogan t  75.8 pos '410.4 -166.2 -296.0' spd 129.0 yaw 304.1 mode 1 st 0 gl 1 hp 79 frg 2
ARGEVT Carmack weapon rl
ARGLOG Romero t  76.0 pos '333.4 -489.0  24.0' spd  97.9 yaw  84.0 mode 2 st 2 gl 2 hp 100 frg 4
ARGLOG Carmack t  76.1 pos '519.8 -272.0 -255.1' spd 157.0 yaw 124.6 mode 1 st 0 gl 5 hp 52 frg 2
ARGLOG Joe Rogan t  76.3 pos '355.0 -110.4 -296.0' spd 325.1 yaw 317.9 mode 1 st 0 gl 1 hp 76 frg 2
ARGEVT Joe Rogan hazard
ARGEVT Carmack jump
ARGLOG Romero t  76.6 pos '189.8 -490.2  24.0' spd 332.5 yaw  58.7 mode 0 st 2 gl 2 hp 100 frg 4
ARGLOG Carmack t  76.7 pos '615.0 -211.6 -266.9' spd 334.7 yaw 137.9 mode 1 st 0 gl 5 hp 52 frg 2
ARGEVT Romero route 9 start '209.0 -503.0  24.0' goal '817.0 -855.0 -232.0'
ARGEVT Carmack pursue
ARGLOG Joe Rogan t  76.9 pos '395.6 -46.6 -296.0' spd 374.7 yaw  25.0 mode 1 st 0 gl 1 hp 73 frg 2
ARGLOG Romero t  77.1 pos '128.2 -350.2 -24.0' spd 193.7 yaw  55.8 mode 2 st 2 gl 2 hp 100 frg 4
ARGEVT Joe Rogan pursue
ARGLOG Carmack t  77.2 pos '639.7 -58.5 -296.0' spd 325.1 yaw 195 mode 1 st 0 gl 5 hp 52 frg 2
ARGEVT Carmack hazard
ARGLOG Joe Rogan t  77.4 pos '400.0 -10.1 -290.0' spd 321.0 yaw 273 mode 1 st 0 gl 1 hp 69 frg 2
ARGLOG Romero t  77.6 pos '107.2 -244.3 -72.0' spd 322.7 yaw  27.5 mode 0 st 2 gl 2 hp 100 frg 4
ARGLOG Carmack t  77.7 pos '592.0 -176.1 -296.0' spd 333.2 yaw 244 mode 1 st 0 gl 5 hp 52 frg 2
ARGEVT Romero route 8 start ' 49.0 -247.0 -72.0' goal '817.0 -855.0 -232.0'
ARGLOG Joe Rogan t  77.9 pos '406.6 -175.5 -296.0' spd 328.5 yaw 326.7 mode 1 st 0 gl 1 hp 69 frg 2
ARGEVT Romero pursue
ARGEVT Carmack weapon sg
ARGEVT Carmack jump
ARGEVT Carmack retreat
ARGLOG Romero t  78.1 pos '170.3 -314.0 -40.0' spd 332.1 yaw  16.2 mode 2 st 2 gl 2 hp 100 frg 4
ARGEVT Romero hazard
ARGEVT Carmack weapon rl
ARGEVT Joe Rogan hazard
ARGLOG Carmack t  78.2 pos '594.6 -272.0 -254.9' spd 115.4 yaw 154.0 mode 1 st 0 gl 5 hp 28 frg 2
ARGLOG Joe Rogan t  78.4 pos '400.9 -240.5 -296.0' spd 255.1 yaw 358.1 mode 1 st 0 gl 1 hp 65 frg 2
ARGEVT Carmack hazard
ARGLOG Romero t  78.6 pos '231.2 -472.6  24.0' spd 336.3 yaw  55.1 mode 2 st 2 gl 2 hp 100 frg 4
ARGLOG Carmack t  78.7 pos '643.2 -220.8 -296.0' spd 327.2 yaw 121.0 mode 1 st 0 gl 5 hp 16 frg 2
ARGLOG Joe Rogan t  78.9 pos '422.0 -48.9 -277.3' spd  66.9 yaw 334.9 mode 1 st 0 gl 1 hp 4 frg 2
ARGEVT Carmack pursue
ARGEVT Joe Rogan death Romero pos '397.0 -74.1 -296.0'
ARGLOG Romero t  79.1 pos '385.5 -473.5  24.0' spd 320.9 yaw  88.2 mode 0 st 2 gl 2 hp 100 frg 5
ARGEVT Romero route 9 start '305.0 -471.0  24.0' goal '817.0 -855.0 -232.0'
ARGEVT Romero goal weapon_lightning
ARGLOG Carmack t  79.2 pos '611.2 -76.0 -296.0' spd 402.5 yaw 241 mode 1 st 0 gl 5 hp 16 frg 2
ARGLOG Romero t  79.7 pos '500.9 -334.7  21.9' spd 342.2 yaw 106 mode 1 st 2 gl 2 hp 100 frg 5
ARGLOG Carmack t  79.8 pos '597.1 -156.5 -296.0' spd 330.5 yaw 237 mode 1 st 0 gl 5 hp 16 frg 2
ARGEVT Carmack jump
ARGLOG Romero t  80.2 pos '524.8 -159.0 -104.0' spd 342.2 yaw 134 mode 1 st 2 gl 2 hp 100 frg 5
ARGLOG Carmack t  80.3 pos '554.0 -272.0 -261.5' spd 117.9 yaw 147.1 mode 1 st 0 gl 5 hp 16 frg 2
ARGEVT Romero hazard
ARGEVT Joe Rogan respawn
ARGLOG Romero t  80.7 pos '416.6 -78.3 -104.0' spd 320.3 yaw 238 mode 1 st 2 gl 2 hp 100 frg 5
ARGEVT Joe Rogan goal weapon_lightning
ARGLOG Joe Rogan t  80.7 pos '784.0 -176.0  24.0' spd 0 yaw 196.3 mode 0 st 0 gl 1 hp 100 frg 2
ARGEVT Joe Rogan route 2 start '753.0 -151.0  24.0' goal '529.0 -311.0 -104.0'
ARGLOG Carmack t  80.8 pos '494.4 -254.3 -296.0' spd 208.1 yaw 83 mode 1 st 0 gl 5 hp 16 frg 2
ARGEVT Romero engage Carmack
ARGEVT Romero grab weapon_lightning
ARGEVT Carmack engage Romero
ARGEVT Carmack retreat
ARGEVT Carmack hazard
ARGEVT Carmack jump
ARGLOG Romero t  81.2 pos '328.1 -236.5 -221.1' spd 324.7 yaw 359.4 mode 1 st 2 gl 2 hp 100 frg 5
ARGLOG Joe Rogan t  81.3 pos '635.2 -200.6  24.0' spd 327.8 yaw 204.9 mode 2 st 0 gl 1 hp 100 frg 2
ARGEVT Joe Rogan engage Romero
ARGEVT Joe Rogan grab weapon_lightning
ARGLOG Carmack t  81.3 pos '649.6 -231.4 -258.2' spd 350.6 yaw 202.8 mode 1 st 0 gl 5 hp 16 frg 2
ARGEVT Romero grab 
ARGEVT Carmack death Romero pos '654.7 -232.6 -266.5'
ARGEVT Romero engage Joe Rogan
ARGEVT Romero goal weapon_rocketlauncher
ARGEVT Romero route 4 start '369.0 -279.0 -296.0' goal ' 49.0 105.0 -296.0'
ARGLOG Romero t  81.7 pos '342.0 -212.0 -296.0' spd 232.0 yaw 331.3 mode 2 st 2 gl 2 hp 100 frg 6
ARGEVT Romero hazard
ARGLOG Joe Rogan t  81.8 pos '486.8 -314.2 -20.5' spd 318.7 yaw 137.5 mode 1 st 0 gl 1 hp 100 frg 2
ARGEVT Joe Rogan goal 
ARGEVT Joe Rogan route 3 start '529.0 -311.0 -104.0' goal '593.0 -215.0 -296.0'
ARGEVT Joe Rogan pursue
ARGEVT Romero pursue
ARGLOG Romero t  82.2 pos '337.3 -119.4 -296.0' spd 101.2 yaw 307 mode 2 st 2 gl 2 hp 100 frg 6
ARGLOG Joe Rogan t  82.3 pos '612.7 -336.9 -104.0' spd 253.6 yaw 150 mode 2 st 0 gl 2 hp 100 frg 2
ARGLOG Romero t  82.7 pos '401.4 -239.7 -296.0' spd 336.1 yaw 316 mode 2 st 2 gl 2 hp 100 frg 6
ARGLOG Joe Rogan t  82.8 pos '490.4 -228.1 -104.0' spd 324.5 yaw 148.7 mode 2 st 0 gl 2 hp 100 frg 2
ARGEVT Romero hazard
ARGEVT Joe Rogan hazard
ARGEVT Carmack respawn
ARGEVT Carmack goal weapon_supernailgun
ARGLOG Carmack t  83.0 pos '-64.0 512.0 -296.0' spd 0 yaw 286.6 mode 0 st 0 gl 5 hp 100 frg 2
ARGEVT Carmack routefail
ARGEVT Carmack goal weapon_rocketlauncher
ARGEVT Carmack route 4 start '-15.0 425.0 -296.0' goal ' 49.0 105.0 -296.0'
ARGLOG Romero t  83.3 pos '491.5 -272.0 -296.0' spd 239.4 yaw 182 mode 2 st 2 gl 2 hp 100 frg 6
ARGEVT Carmack hazard
ARGLOG Joe Rogan t  83.3 pos '459.8 -149.1 -104.0' spd 240.9 yaw 279.2 mode 2 st 0 gl 2 hp 100 frg 2
ARGLOG Carmack t  83.5 pos ' 32.7 407.5 -296.0' spd 228.2 yaw 240 mode 2 st 0 gl 5 hp 100 frg 2
ARGLOG Romero t  83.8 pos '326.1 -276.6 -296.0' spd 320.0 yaw 174 mode 2 st 2 gl 2 hp 100 frg 6
ARGLOG Joe Rogan t  83.8 pos '526.6 -306.6 -104.0' spd 353.9 yaw 246.0 mode 2 st 0 gl 2 hp 100 frg 2
ARGEVT Romero hazard
ARGLOG Carmack t  84.0 pos '-51.3 390.3 -296.0' spd 357.1 yaw 253 mode 2 st 0 gl 5 hp 100 frg 2
ARGEVT Joe Rogan grab 
ARGLOG Romero t  84.3 pos '175.6 -242.7 -296.0' spd 283.3 yaw 323.8 mode 2 st 2 gl 2 hp 100 frg 6
ARGLOG Joe Rogan t  84.3 pos '400.3 -429.4 -104.0' spd 327.0 yaw 129.6 mode 2 st 0 gl 2 hp 84 frg 2
ARGEVT Carmack hazard
ARGLOG Carmack t  84.6 pos '-69.4 273.7 -296.0' spd 372.0 yaw 296 mode 2 st 0 gl 5 hp 100 frg 2
ARGEVT Romero pursue
ARGEVT Joe Rogan route 5 start '337.0 -567.0 -104.0' goal '593.0 -215.0 -296.0'
ARGEVT Joe Rogan grab item_health
ARGEVT Joe Rogan pursue
ARGLOG Romero t  84.8 pos '145.1 -276.6 -296.0' spd 340.6 yaw 300.4 mode 2 st 2 gl 2 hp 100 frg 6
ARGLOG Joe Rogan t  84.9 pos '306.9 -511.4 -104.0' spd 224.6 yaw 114 mode 2 st 0 gl 2 hp 84 frg 2
ARGEVT Romero hazard
ARGLOG Carmack t  85.1 pos '-92.5 115.9 -296.0' spd 417.3 yaw 307 mode 1 st 0 gl 5 hp 100 frg 2
ARGEVT Joe Rogan hazard
ARGLOG Romero t  85.3 pos '239.8 -264.8 -296.0' spd 320.2 yaw 293.4 mode 2 st 2 gl 2 hp 100 frg 6
ARGLOG Joe Rogan t  85.4 pos '318.5 -411.3 -87.4' spd 373.7 yaw 114.4 mode 2 st 0 gl 2 hp 60 frg 2
ARGEVT Carmack hazard
ARGLOG Carmack t  85.6 pos '-21.8 -17.6 -296.0' spd 324.4 yaw 346.3 mode 1 st 0 gl 5 hp 100 frg 2
ARGLOG Romero t  85.8 pos '380.2 -211.5 -296.0' spd 325.7 yaw 284.7 mode 0 st 2 gl 2 hp 79 frg 6
ARGEVT Romero route 5 start '369.0 -215.0 -296.0' goal ' 49.0 105.0 -296.0'
ARGLOG Joe Rogan t  85.9 pos '424.5 -452.2 -104.0' spd  22.4 yaw 101.0 mode 2 st 0 gl 2 hp 60 frg 2
ARGEVT Joe Rogan pursue
ARGEVT Romero pursue
ARGEVT Romero hazard
ARGLOG Carmack t  86.1 pos '-19.5  22.0 -296.0' spd 321.7 yaw  85.4 mode 1 st 0 gl 5 hp 100 frg 2
ARGLOG Romero t  86.4 pos '337.3 -262.3 -296.0' spd 212.2 yaw 282.1 mode 2 st 2 gl 2 hp 79 frg 6
ARGLOG Joe Rogan t  86.4 pos '372.5 -421.4 -104.0' spd 303.0 yaw  93.1 mode 2 st 0 gl 2 hp 48 frg 2
ARGEVT Romero goal weapon_rocketlauncher
ARGEVT Carmack goal 
ARGEVT Romero route 16 start '369.0 -279.0 -296.0' goal '721.0 -887.0 -232.0'
ARGLOG Carmack t  86.6 pos ' 97.9  76.8 -296.0' spd 359.9 yaw 304 mode 0 st 0 gl 6 hp 100 frg 2
ARGEVT Carmack hazard
ARGEVT Romero grab 
ARGEVT Carmack route 6 start ' 49.0 105.0 -296.0' goal '593.0 -215.0 -296.0'
ARGLOG Romero t  86.9 pos '515.1 -255.4 -296.0' spd 363.4 yaw 223.7 mode 2 st 2 gl 2 hp 79 frg 6
ARGLOG Joe Rogan t  86.9 pos '309.4 -457.2 -104.0' spd 322.5 yaw  47.9 mode 2 st 0 gl 2 hp 48 frg 2
ARGEVT Joe Rogan goal item_health
ARGEVT Romero pursue
ARGEVT Romero hazard
ARGEVT Carmack goal item_armorInv
ARGLOG Carmack t  87.1 pos '-12.3  48.0 -296.0' spd 333.0 yaw 218.3 mode 0 st 0 gl 6 hp 100 frg 2
ARGEVT Joe Rogan pursue
ARGEVT Joe Rogan route 10 start '401.0 -471.0 -104.0' goal '497.0 -471.0  24.0'
ARGLOG Romero t  87.4 pos '545.1 -243.2 -296.0' spd 320.0 yaw 215 mode 2 st 2 gl 2 hp 79 frg 6
ARGLOG Joe Rogan t  87.4 pos '432.0 -461.4 -102.4' spd 281.3 yaw 77 mode 2 st 0 gl 2 hp 48 frg 2
ARGEVT Carmack route 19 start '-79.0 -23.0 -296.0' goal '817.0 -855.0 -232.0'
ARGLOG Carmack t  87.6 pos '-18.5 -80.3 -296.0' spd 323.1 yaw 283 mode 2 st 0 gl 6 hp 100 frg 2
ARGEVT Carmack hazard
ARGLOG Romero t  87.9 pos '388.9 -235.8 -296.0' spd 371.8 yaw 230.6 mode 2 st 2 gl 2 hp 79 frg 6
ARGLOG Joe Rogan t  88.0 pos '477.3 -307.9 -104.0' spd 320.0 yaw 150.3 mode 2 st 0 gl 2 hp 48 frg 2
ARGEVT Carmack engage Romero
ARGLOG Carmack t  88.2 pos '-14.7 -235.7 -296.0' spd 320.1 yaw 344.2 mode 2 st 0 gl 6 hp 100 frg 2
ARGEVT Romero hazard
ARGEVT Joe Rogan pursue
ARGEVT Joe Rogan hazard
ARGLOG Romero t  88.4 pos '356.1 -271.0 -296.0' spd 217.9 yaw 352.2 mode 2 st 2 gl 2 hp 79 frg 6
ARGLOG Joe Rogan t  88.5 pos '463.9 -216.8 -104.0' spd 348.4 yaw 206.2 mode 2 st 0 gl 2 hp 48 frg 2
ARGLOG Carmack t  88.7 pos ' 29.0 -257.0 -296.0' spd 114.3 yaw  28.6 mode 2 st 0 gl 6 hp 100 frg 2
ARGEVT Romero retreat
ARGLOG Romero t  88.9 pos '432.0 -98.0 -224.0' spd 349.5 yaw 320.3 mode 2 st 2 gl 2 hp 2 frg 6
ARGLOG Joe Rogan t  89.0 pos '529.8 -300.7 -104.0' spd 326.2 yaw 116.6 mode 2 st 0 gl 2 hp 48 frg 2
ARGEVT Romero pursue
ARGEVT Joe Rogan pursue
ARGLOG Carmack t  89.2 pos ' 65.7 -230.7 -296.0' spd  74.5 yaw  25.6 mode 2 st 0 gl 6 hp 100 frg 2
ARGLOG Romero t  89.5 pos '386.6 -86.6 -296.0' spd 319.6 yaw 290 mode 2 st 2 gl 2 hp 2 frg 6
ARGLOG Joe Rogan t  89.5 pos '537.0 -195.7 -104.0' spd 337.4 yaw 167 mode 2 st 0 gl 2 hp 48 frg 2
ARGEVT Romero hazard
ARGEVT Joe Rogan hazard
ARGLOG Carmack t  89.7 pos ' 64.5 -225.8 -296.0' spd 271.9 yaw 344.6 mode 2 st 0 gl 6 hp 100 frg 2
ARGEVT Romero death Joe Rogan pos '394.5 -192.0 -296.0'
ARGEVT Joe Rogan engage Carmack
ARGEVT Joe Rogan weapon gl
ARGEVT Carmack engage Joe Rogan
ARGEVT Joe Rogan goal 
ARGLOG Joe Rogan t  90.0 pos '432.0 -245.2 -116.6' spd 206.4 yaw 176.2 mode 1 st 0 gl 2 hp 48 frg 3
ARGLOG Carmack t  90.2 pos ' 60.0 -249.9 -296.0' spd 144.6 yaw   0.2 mode 2 st 0 gl 6 hp 100 frg 2
ARGEVT Joe Rogan grab 
ARGEVT Carmack hazard
ARGLOG Joe Rogan t  90.5 pos '417.1 -235.2 -296.0' spd  39.6 yaw 150.8 mode 1 st 0 gl 2 hp 48 frg 3
ARGEVT Joe Rogan death Carmack pos '405.9 -213.0 -296.0'
ARGLOG Carmack t  90.7 pos '126.1 -233.9 -296.0' spd 309.8 yaw 331.6 mode 2 st 0 gl 6 hp 100 frg 3
ARGEVT Carmack goal 
ARGLOG Carmack t  91.3 pos '294.0 -238.6 -296.0' spd 331.2 yaw 38 mode 1 st 0 gl 6 hp 100 frg 3
ARGEVT Romero respawn
ARGEVT Romero goal item_armorInv
ARGLOG Romero t  91.5 pos '-64.0 -232.0 -72.0' spd 0 yaw 6 mode 0 st 2 gl 2 hp 100 frg 6
ARGEVT Carmack goal weapon_grenadelauncher
ARGEVT Romero route 8 start '-47.0 -215.0 -72.0' goal '817.0 -855.0 -232.0'
ARGEVT Carmack hazard
ARGEVT Carmack route 6 start '305.0 -87.0 -296.0' goal '113.0 -407.0 -104.0'
ARGLOG Carmack t  91.8 pos '336.5 -87.5 -296.0' spd 296.1 yaw 219.9 mode 2 st 0 gl 7 hp 100 frg 3
ARGEVT Carmack engage Romero
ARGEVT Romero engage Carmack
ARGLOG Romero t  92.0 pos ' 94.0 -233.7 -72.0' spd 363.7 yaw  25.6 mode 2 st 2 gl 2 hp 100 frg 6
ARGEVT Joe Rogan respawn
ARGEVT Joe Rogan goal weapon_rocketlauncher
ARGLOG Joe Rogan t  92.2 pos '272.0 -952.0  24.0' spd 0 yaw  16.3 mode 0 st 0 gl 2 hp 100 frg 3
ARGEVT Romero hazard
ARGLOG Carmack t  92.3 pos '378.3 -113.6 -296.0' spd 268.2 yaw 195.6 mode 2 st 0 gl 7 hp 100 frg 3
ARGEVT Joe Rogan route 12 start '305.0 -983.0  24.0' goal '721.0 -887.0 -232.0'
ARGEVT Romero grab weapon_grenadelauncher
ARGLOG Romero t  92.5 pos '152.6 -234.8 -72.0' spd 148.0 yaw  37.9 mode 2 st 2 gl 2 hp 100 frg 6
ARGLOG Joe Rogan t  92.7 pos '350.5 -818.4  24.0' spd 336.1 yaw 108 mode 2 st 0 gl 2 hp 100 frg 3
ARGEVT Carmack hazard
ARGLOG Carmack t  92.8 pos '373.2 -141.9 -296.0' spd 320.3 yaw 231.0 mode 2 st 0 gl 7 hp 92 frg 3
ARGLOG Romero t  93.0 pos '112.0 -368.0 -24.0' spd 0 yaw  42.7 mode 2 st 2 gl 2 hp 100 frg 6
ARGEVT Carmack route 9 start '369.0 -215.0 -296.0' goal '113.0 -407.0 -104.0'
ARGLOG Joe Rogan t  93.2 pos '312.3 -656.3  24.0' spd 321.1 yaw  89.7 mode 2 st 0 gl 2 hp 100 frg 3
ARGEVT Romero pursue
ARGEVT Carmack pursue
ARGLOG Carmack t  93.3 pos '368.5 -263.0 -296.0' spd 321.0 yaw 285.7 mode 2 st 0 gl 7 hp 92 frg 3
ARGEVT Joe Rogan engage Romero
ARGLOG Romero t  93.5 pos '131.4 -412.9   8.0' spd 217.8 yaw  31.9 mode 2 st 2 gl 2 hp 100 frg 6
ARGEVT Romero hazard
ARGLOG Joe Rogan t  93.7 pos '321.2 -490.6  24.0' spd 320.9 yaw 174.2 mode 2 st 0 gl 2 hp 100 frg 3
ARGLOG Carmack t  93.8 pos '350.5 -232.4 -296.0' spd 290.8 yaw 210.8 mode 2 st 0 gl 7 hp 72 frg 3
ARGEVT Carmack pursue
ARGEVT Carmack hazard
ARGEVT Romero pursue
ARGLOG Romero t  94.0 pos '128.1 -403.5   8.0' spd 369.3 yaw 32 mode 2 st 2 gl 2 hp 100 frg 6
ARGLOG Joe Rogan t  94.2 pos '318.7 -404.0 -35.5' spd  36.6 yaw 161.7 mode 2 st 0 gl 2 hp 100 frg 3
ARGLOG Carmack t  94.4 pos '208.0 -258.7 -296.0' spd 335.3 yaw 204.0 mode 0 st 0 gl 7 hp 72 frg 3
ARGEVT Carmack route 10 start '241.0 -279.0 -296.0' goal '113.0 -407.0 -104.0'
ARGEVT Joe Rogan grab weapon_grenadelauncher
ARGLOG Romero t  94.6 pos '160.0 -241.1 -72.0' spd 389.2 yaw 29 mode 2 st 2 gl 2 hp 76 frg 6
ARGEVT Romero hazard
ARGEVT Joe Rogan hazard
ARGLOG Joe Rogan t  94.8 pos '246.9 -471.6 -104.0' spd 346.5 yaw 102.8 mode 2 st 0 gl 2 hp 100 frg 3
ARGLOG Carmack t  94.9 pos ' 38.5 -216.1 -296.0' spd 380.7 yaw  38.6 mode 2 st 0 gl 7 hp 72 frg 3
ARGEVT Romero route 9 start '145.0 -279.0 -56.0' goal '817.0 -855.0 -232.0'
ARGLOG Romero t  95.1 pos '289.3 -293.1 -113.3' spd 256.4 yaw 166.5 mode 2 st 2 gl 2 hp 52 frg 6
ARGLOG Joe Rogan t  95.3 pos '252.8 -487.6 -104.0' spd 122.1 yaw  63.6 mode 2 st 0 gl 2 hp 100 frg 3
ARGLOG Carmack t  95.4 pos ' -0.3 -242.4 -296.0' spd  69.9 yaw   1.1 mode 2 st 0 gl 7 hp 68 frg 3
ARGLOG Romero t  95.6 pos '418.7 -271.7 -296.0' spd 273.8 yaw 176.5 mode 0 st 2 gl 2 hp 52 frg 6
ARGEVT Romero hazard
ARGEVT Joe Rogan pursue
ARGEVT Romero route 17 start '401.0 -247.0 -296.0' goal '817.0 -855.0 -232.0'
ARGLOG Joe Rogan t  95.8 pos '251.1 -467.7 -104.0' spd 355.1 yaw 62 mode 2 st 0 gl 2 hp 100 frg 3
ARGLOG Carmack t  95.9 pos ' 27.1 -231.7 -296.0' spd  68.5 yaw 336.9 mode 2 st 0 gl 7 hp 48 frg 3
ARGEVT Romero retreat
ARGLOG Romero t  96.1 pos '416.7 -274.6 -296.0' spd 333.9 yaw 169.7 mode 2 st 2 gl 2 hp 28 frg 6
ARGEVT Romero death Carmack pos '432.0 -279.1 -296.0'
ARGEVT Joe Rogan engage Carmack
ARGEVT Carmack engage Joe Rogan
ARGEVT Carmack goal item_health
ARGEVT Carmack route 10 start ' 17.0 -247.0 -296.0' goal '497.0 -471.0  24.0'
ARGLOG Joe Rogan t  96.3 pos '230.3 -432.0 -104.0' spd  16.9 yaw 138.2 mode 2 st 0 gl 2 hp 100 frg 3
ARGEVT Joe Rogan hazard
ARGLOG Carmack t  96.4 pos ' 86.0 -246.4 -296.0' spd 326.5 yaw 319.6 mode 2 st 0 gl 7 hp 36 frg 4
ARGEVT Carmack hazard
ARGEVT Carmack retreat
ARGLOG Joe Rogan t  96.8 pos '154.3 -432.0 -104.0' spd 323.4 yaw 141.3 mode 0 st 0 gl 2 hp 100 frg 3
ARGLOG Carmack t  96.9 pos ' 33.5 -208.0 -296.0' spd 318.6 yaw 313.0 mode 2 st 0 gl 7 hp 12 frg 4
ARGEVT Joe Rogan route 18 start '113.0 -407.0 -104.0' goal '721.0 -887.0 -232.0'
ARGEVT Joe Rogan pursue
ARGEVT Carmack pursue
ARGUS routecache adopt
ARGEVT Joe Rogan route 18 start '113.0 -407.0 -104.0' goal '721.0 -887.0 -232.0'
ARGLOG Joe Rogan t  97.4 pos '154.9 -383.8 -104.0' spd 296.9 yaw  63.4 mode 0 st 0 gl 2 hp 100 frg 3
ARGEVT Joe Rogan hazard
ARGLOG Carmack t  97.5 pos '  4.1 -265.1 -296.0' spd 347.2 yaw 353.3 mode 2 st 0 gl 7 hp 12 frg 4
ARGEVT Romero respawn
ARGEVT Carmack hazard
ARGEVT Romero goal item_armorInv
ARGLOG Romero t  97.7 pos '112.0 -1136.0 -104.0' spd 0 yaw  28.7 mode 0 st 2 gl 2 hp 100 frg 6
ARGEVT Carmack death Carmack pos ' 76.3 -249.4 -296.0'
ARGEVT Romero route 16 start ' 81.0 -1079.0 -104.0' goal '817.0 -855.0 -232.0'
ARGLOG Joe Rogan t  97.9 pos '149.2 -422.0 -104.0' spd 322.1 yaw 178.4 mode 2 st 0 gl 2 hp 100 frg 3
ARGLOG Romero t  98.2 pos '262.2 -1078.8 -104.0' spd 372.4 yaw  87.2 mode 2 st 2 gl 2 hp 100 frg 6
ARGEVT Joe Rogan route 18 start '113.0 -407.0 -104.0' goal '721.0 -887.0 -232.0'
ARGLOG Joe Rogan t  98.4 pos '161.6 -387.1 -104.0' spd 353.8 yaw 29 mode 2 st 0 gl 2 hp 100 frg 3
ARGLOG Romero t  98.7 pos '272.0 -913.6 -104.0' spd 320.0 yaw 91 mode 0 st 2 gl 2 hp 100 frg 6
ARGEVT Romero engage Joe Rogan
ARGEVT Joe Rogan engage Romero
ARGLOG Joe Rogan t  98.9 pos '328.0 -405.4 -104.0' spd 320.3 yaw   7.4 mode 2 st 0 gl 2 hp 100 frg 3
ARGEVT Romero grab weapon_supershotgun
ARGEVT Romero route 17 start '273.0 -887.0 -104.0' goal '817.0 -855.0 -232.0'
ARGLOG Romero t  99.3 pos '332.3 -949.0 -104.0' spd 329.4 yaw  98.9 mode 2 st 2 gl 2 hp 100 frg 6
ARGEVT Carmack respawn
ARGLOG Joe Rogan t  99.4 pos '240.0 -442.5 -104.0' spd 223.0 yaw 276.9 mode 2 st 0 gl 2 hp 100 frg 3
ARGEVT Carmack goal weapon_rocketlauncher
ARGLOG Carmack t  99.4 pos '776.0 -808.0 -232.0' spd 0 yaw 106.6 mode 1 st 0 gl 7 hp 100 frg 3
ARGEVT Romero pursue
ARGEVT Carmack hazard
ARGEVT Joe Rogan pursue
ARGLOG Romero t  99.8 pos '251.7 -1006.0 -104.0' spd 362.1 yaw  81.6 mode 2 st 2 gl 2 hp 100 frg 6
ARGLOG Joe Rogan t  99.9 pos '351.8 -549.8 -104.0' spd 320.3 yaw 299.1 mode 2 st 0 gl 2 hp 100 frg 3
ARGLOG Carmack t  99.9 pos '720.0 -838.4 -232.0' spd 326.8 yaw 279.2 mode 1 st 0 gl 7 hp 100 frg 3
ARGEVT Joe Rogan goal item_rockets
ARGEVT Carmack goal item_rockets
ARGEVT Joe Rogan route 1 start '337.0 -567.0 -104.0' goal '401.0 -759.0 -104.0'
ARGEVT Romero death Joe Rogan pos '361.4 -947.6 -104.0'
ARGEVT Joe Rogan goal 
ARGEVT Joe Rogan route 5 start '337.0 -567.0 -104.0' goal '113.0 -279.0 -296.0'
ARGLOG Joe Rogan t 100.5 pos '363.7 -620.8 -104.0' spd 360.6 yaw 267 mode 2 st 0 gl 2 hp 84 frg 4
ARGLOG Carmack t 100.5 pos '368.0 -21.4 -293.0' spd 300 yaw 277 mode 0 st 0 gl 8 hp 100 frg 3
ARGEVT Carmack route 6 start '337.0   9.0 -296.0' goal '401.0 -759.0 -104.0'
ARGEVT Carmack rjump
ARGEVT Joe Rogan route 6 start '401.0 -759.0 -104.0' goal '113.0 -279.0 -296.0'
ARGLOG Joe Rogan t 101.0 pos '362.5 -785.6 -104.0' spd 320.0 yaw 248.4 mode 2 st 0 gl 2 hp 84 frg 4
ARGLOG Carmack t 101.0 pos '376.3 -185.5 -284.3' spd 321.5 yaw 275 mode 2 st 0 gl 8 hp 100 frg 3
ARGLOG Joe Rogan t 101.5 pos '220.8 -851.0 -104.0' spd 427.1 yaw  83.2 mode 2 st 0 gl 2 hp 84 frg 4
ARGLOG Carmack t 101.5 pos '367.0 -368.0 -149.4' spd 120.3 yaw 357.4 mode 2 st 0 gl 8 hp 92 frg 3
ARGEVT Joe Rogan hazard
ARGEVT Romero respawn
ARGEVT Romero goal item_armor2
ARGLOG Romero t 101.7 pos '784.0 -176.0  24.0' spd 0 yaw 196.3 mode 0 st 2 gl 2 hp 100 frg 6
ARGEVT Romero route 5 start '753.0 -151.0  24.0' goal '1169.0 -599.0  24.0'
ARGEVT Romero hazard
ARGLOG Joe Rogan t 102.0 pos '285.1 -752.0 -104.0' spd 268.7 yaw 81 mode 2 st 0 gl 2 hp 84 frg 4
ARGLOG Carmack t 102.0 pos '392.2 -343.8 -212.1' spd  57.8 yaw 274 mode 2 st 0 gl 8 hp 92 frg 3
ARGLOG Romero t 102.3 pos '679.9 -208.0  24.0' spd  88.1 yaw 310 mode 2 st 2 gl 2 hp 100 frg 6
ARGEVT Carmack swim
ARGLOG Joe Rogan t 102.5 pos '357.2 -617.0 -104.0' spd 320.0 yaw 75 mode 2 st 0 gl 2 hp 84 frg 4
ARGLOG Carmack t 102.5 pos '420.4 -326.1 -406.2' spd 128.0 yaw 318.1 mode 2 st 0 gl 8 hp 84 frg 3
ARGLOG Romero t 102.8 pos '845.8 -245.4  24.0' spd 419.8 yaw 261 mode 2 st 2 gl 2 hp 100 frg 6
ARGLOG Joe Rogan t 103.0 pos '381.6 -452.9 -104.0' spd 323.2 yaw 67 mode 2 st 0 gl 2 hp 84 frg 4
ARGLOG Carmack t 103.0 pos '423.3 -368.0 -398.0' spd  39.4 yaw 260 mode 2 st 0 gl 8 hp 76 frg 3
ARGLOG Romero t 103.3 pos '812.7 -422.9  24.0' spd 339.9 yaw 224.4 mode 2 st 2 gl 2 hp 100 frg 6
ARGLOG Joe Rogan t 103.5 pos '475.0 -315.3 -104.0' spd 343.4 yaw 161 mode 2 st 0 gl 2 hp 84 frg 4
ARGLOG Carmack t 103.5 pos '400.6 -368.0 -393.4' spd  43.4 yaw 262 mode 2 st 0 gl 8 hp 64 frg 3
ARGLOG Romero t 103.8 pos '752.0 -586.6 -52.0' spd 280.0 yaw 359 mode 2 st 2 gl 2 hp 100 frg 6
ARGLOG Joe Rogan t 104.1 pos '559.2 -175.6 -104.0' spd 415.7 yaw 169.4 mode 2 st 0 gl 2 hp 84 frg 4
ARGLOG Carmack t 104.1 pos '380.7 -368.0 -389.0' spd  34.4 yaw 264 mode 2 st 0 gl 8 hp 56 frg 3
ARGEVT Joe Rogan hazard
ARGLOG Romero t 104.3 pos '816.0 -604.5 -152.0' spd 171.1 yaw  72.6 mode 2 st 2 gl 2 hp 100 frg 6
ARGLOG Joe Rogan t 104.6 pos '475.4 -240.1 -104.0' spd 358.8 yaw 245 mode 2 st 0 gl 2 hp 84 frg 4
ARGLOG Carmack t 104.6 pos '421.6 -363.4 -384.6' spd 208.6 yaw  54.1 mode 2 st 0 gl 8 hp 21 frg 3
ARGEVT Carmack swim
ARGLOG Romero t 104.8 pos '761.0 -483.0 -104.0' spd 320.2 yaw 345 mode 2 st 2 gl 2 hp 100 frg 6
ARGEVT Carmack swim
ARGLOG Joe Rogan t 105.1 pos '427.1 -371.8 -104.0' spd 257.2 yaw 153 mode 2 st 0 gl 2 hp 84 frg 4
ARGLOG Carmack t 105.1 pos '432.0 -304.0 -384.2' spd 0 yaw 68 mode 2 st 0 gl 8 hp 1 frg 3
ARGEVT Carmack death world pos '432.0 -304.0 -384.2'
ARGEVT Romero hazard
ARGEVT Joe Rogan hazard
ARGLOG Romero t 105.3 pos '851.7 -425.3 -104.0' spd 334.6 yaw 332.9 mode 2 st 2 gl 2 hp 100 frg 6
ARGLOG Joe Rogan t 105.6 pos '347.8 -413.0 -104.0' spd 253.3 yaw 128 mode 2 st 0 gl 2 hp 84 frg 4
ARGLOG Romero t 105.9 pos '1010.9 -442.6 -104.0' spd 136.8 yaw 316 mode 2 st 2 gl 2 hp 100 frg 6
ARGLOG Joe Rogan t 106.1 pos '259.9 -396.4 -104.0' spd  76.7 yaw 99 mode 2 st 0 gl 2 hp 84 frg 4
ARGEVT Joe Rogan hazard
ARGLOG Romero t 106.4 pos '858.6 -400.0 -104.0' spd 308.4 yaw 328 mode 2 st 2 gl 2 hp 100 frg 6
ARGLOG Joe Rogan t 106.6 pos '403.2 -402.3 -104.0' spd 237.8 yaw 142 mode 2 st 0 gl 2 hp 84 frg 4
ARGEVT Carmack respawn
ARGEVT Carmack goal weapon_lightning
ARGLOG Carmack t 106.7 pos '-64.0 512.0 -296.0' spd 0 yaw 286.6 mode 0 st 0 gl 8 hp 100 frg 2
ARGEVT Carmack route 16 start '-15.0 553.0 -296.0' goal '529.0 -311.0 -104.0'
ARGLOG Romero t 106.9 pos '771.2 -530.7 -120.0' spd 424.5 yaw 355.0 mode 2 st 2 gl 2 hp 100 frg 6
ARGEVT Carmack hazard
ARGLOG Joe Rogan t 107.2 pos '461.2 -273.4 -104.0' spd 211.6 yaw 182 mode 2 st 0 gl 2 hp 84 frg 4
ARGLOG Carmack t 107.2 pos ' 39.6 411.0 -296.0' spd 241.1 yaw 248 mode 2 st 0 gl 8 hp 100 frg 2
ARGLOG Romero t 107.4 pos '947.5 -504.2 -104.0' spd 335.4 yaw 337 mode 2 st 2 gl 2 hp 100 frg 6
ARGEVT Romero hazard
ARGLOG Joe Rogan t 107.7 pos '307.6 -256.7 -181.1' spd 315.5 yaw 199 mode 2 st 0 gl 2 hp 84 frg 4
ARGEVT Romero jump
ARGLOG Carmack t 107.7 pos '-17.2 414.2 -296.0' spd 359.0 yaw 263 mode 2 st 0 gl 8 hp 100 frg 2
ARGLOG Romero t 107.9 pos '1037.8 -605.8 -69.5' spd 321.8 yaw 2 mode 2 st 2 gl 2 hp 100 frg 6
ARGEVT Joe Rogan swim
ARGLOG Joe Rogan t 108.2 pos '384.9 -344.9 -394.5' spd 198.3 yaw 155 mode 2 st 0 gl 2 hp 56 frg 4
ARGLOG Carmack t 108.2 pos '-78.4 249.3 -296.0' spd 324.4 yaw 270 mode 2 st 0 gl 8 hp 100 frg 2
ARGLOG Romero t 108.4 pos '1014.9 -638.4 -104.0' spd 176.0 yaw 14 mode 2 st 2 gl 2 hp 100 frg 6
ARGEVT Romero jump
ARGLOG Joe Rogan t 108.7 pos '369.9 -304.0 -390.0' spd 109.9 yaw 169 mode 2 st 0 gl 2 hp 28 frg 4
ARGLOG Carmack t 108.8 pos '-63.7  83.7 -296.0' spd 320.8 yaw 284 mode 2 st 0 gl 8 hp 100 frg 2
ARGEVT Joe Rogan death world pos '360.8 -304.0 -387.8'
ARGLOG Romero t 109.0 pos '897.1 -524.0 -69.5' spd 316.5 yaw 345 mode 2 st 2 gl 2 hp 100 frg 6
ARGLOG Carmack t 109.3 pos '-65.3 -83.7 -296.0' spd 339.0 yaw 344 mode 2 st 0 gl 8 hp 100 frg 2
ARGLOG Romero t 109.5 pos '889.9 -605.5 -104.0' spd 348.3 yaw 1 mode 2 st 2 gl 2 hp 100 frg 6
ARGEVT Romero jump
ARGLOG Carmack t 109.8 pos '  7.9 -235.4 -296.0' spd 356.1 yaw 7 mode 2 st 0 gl 8 hp 100 frg 2
ARGLOG Romero t 110 pos '1040.0 -600.6 -74.5' spd 226.7 yaw 0 mode 2 st 2 gl 2 hp 100 frg 6
ARGLOG Carmack t 110.3 pos '181.5 -242.5 -296.0' spd 327.7 yaw 15 mode 2 st 0 gl 8 hp 100 frg 2
ARGEVT Romero jump
ARGEVT Joe Rogan respawn
ARGLOG Romero t 110.5 pos '944.0 -590.8 -74.8' spd 356.7 yaw 358 mode 2 st 2 gl 2 hp 100 frg 6
ARGEVT Joe Rogan plan powerup via weapon
ARGEVT Joe Rogan goal weapon_supernailgun
ARGLOG Joe Rogan t 110.6 pos '-64.0 -232.0 -72.0' spd 0 yaw  16.6 mode 0 st 0 gl 2 hp 100 frg 3
ARGEVT Joe Rogan routefail
ARGEVT Joe Rogan plan powerup via weapon
ARGEVT Joe Rogan goal weapon_lightning
ARGEVT Joe Rogan route 5 start '-47.0 -215.0 -72.0' goal '529.0 -311.0 -104.0'
ARGLOG Carmack t 110.8 pos '342.5 -199.6 -296.0' spd 323.6 yaw 24 mode 2 st 0 gl 8 hp 100 frg 2
ARGLOG Romero t 111.0 pos '918.9 -623.5 -104.0' spd  31.8 yaw 5 mode 2 st 2 gl 2 hp 100 frg 6
ARGLOG Joe Rogan t 111.1 pos ' 87.7 -208.0 -72.0' spd 328.9 yaw 279 mode 2 st 0 gl 2 hp 100 frg 3
ARGEVT Romero jump
ARGEVT Carmack engage Joe Rogan
ARGEVT Carmack hazard
ARGEVT Joe Rogan engage Carmack
ARGLOG Carmack t 111.3 pos '446.4 -222.4 -296.0' spd 265.3 yaw 183.1 mode 2 st 0 gl 8 hp 100 frg 2
ARGLOG Romero t 111.6 pos '1040.0 -564.3 -66.1' spd 122.5 yaw 345 mode 2 st 2 gl 2 hp 100 frg 6
ARGLOG Joe Rogan t 111.6 pos '219.2 -232.4 -74.0' spd 290.2 yaw   1.2 mode 2 st 0 gl 2 hp 100 frg 3
ARGLOG Carmack t 111.9 pos '475.7 -250.5 -296.0' spd 133.3 yaw 182.2 mode 2 st 0 gl 8 hp 88 frg 2
ARGLOG Romero t 112.1 pos '990.6 -486.2 -104.0' spd 323.3 yaw 153 mode 2 st 2 gl 2 hp 100 frg 6
ARGLOG Joe Rogan t 112.1 pos '316.9 -235.1 -211.8' spd 192.5 yaw 354.8 mode 2 st 0 gl 2 hp 100 frg 3
ARGEVT Carmack weapon sg
ARGEVT Carmack grab weapon_lightning
ARGLOG Carmack t 112.4 pos '498.7 -230.8 -296.0' spd 304.1 yaw 181.7 mode 2 st 0 gl 8 hp 64 frg 2
ARGEVT Carmack weapon rl
ARGLOG Romero t 112.6 pos '840.5 -414.5 -104.0' spd 321.3 yaw 152 mode 2 st 2 gl 2 hp 100 frg 6
ARGLOG Joe Rogan t 112.6 pos '351.3 -186.4 -296.0' spd 349.9 yaw 344.3 mode 2 st 0 gl 2 hp 76 frg 3
ARGEVT Carmack hazard
ARGEVT Romero hazard
ARGLOG Carmack t 112.9 pos '618.8 -267.0 -296.0' spd 293.3 yaw 123.4 mode 2 st 0 gl 8 hp 40 frg 2
ARGEVT Joe Rogan route 10 start '305.0 -87.0 -296.0' goal '529.0 -311.0 -104.0'
ARGEVT Carmack pursue
ARGEVT Carmack death Carmack pos '589.0 -266.9 -296.0'
ARGLOG Romero t 113.1 pos '762.4 -493.8 -104.0' spd 326.2 yaw 269.2 mode 2 st 2 gl 2 hp 100 frg 6
ARGLOG Joe Rogan t 113.1 pos '385.9 -83.9 -296.0' spd 231.0 yaw 328 mode 2 st 0 gl 2 hp 76 frg 3
ARGLOG Romero t 113.6 pos '753.8 -662.8 -184.0' spd 331.5 yaw 236.2 mode 2 st 2 gl 2 hp 100 frg 6
ARGLOG Joe Rogan t 113.7 pos '450.2 -238.0 -296.0' spd 344.2 yaw 349 mode 2 st 0 gl 2 hp 76 frg 3
ARGLOG Romero t 114.1 pos '720.0 -779.1 -232.0' spd 160.2 yaw 97 mode 2 st 2 gl 2 hp 100 frg 6
ARGLOG Joe Rogan t 114.2 pos '613.8 -250.4 -296.0' spd 377.6 yaw 88 mode 2 st 0 gl 2 hp 76 frg 3
ARGEVT Joe Rogan hazard
ARGEVT Carmack respawn
ARGLOG Romero t 114.6 pos '720.0 -752.0 -232.0' spd 0 yaw 97 mode 2 st 2 gl 2 hp 100 frg 6
ARGEVT Carmack goal weapon_lightning
ARGLOG Carmack t 114.6 pos '272.0 -952.0  24.0' spd 0 yaw  16.6 mode 0 st 0 gl 8 hp 100 frg 1
ARGLOG Joe Rogan t 114.7 pos '593.6 -73.5 -296.0' spd 324.7 yaw 229.8 mode 2 st 0 gl 2 hp 76 frg 3
ARGEVT Carmack route 6 start '305.0 -983.0  24.0' goal '529.0 -311.0 -104.0'
ARGLOG Romero t 115.2 pos '720.0 -752.0 -232.0' spd 0 yaw 97 mode 2 st 2 gl 2 hp 100 frg 6
ARGLOG Carmack t 115.2 pos '359.5 -821.9  24.0' spd 324.7 yaw 90 mode 2 st 0 gl 8 hp 100 frg 1
ARGLOG Joe Rogan t 115.2 pos '605.4 -168.6 -296.0' spd 320.0 yaw 277 mode 2 st 0 gl 2 hp 76 frg 3
ARGEVT Joe Rogan route 8 start '593.0 -215.0 -296.0' goal '529.0 -311.0 -104.0'
ARGLOG Romero t 115.7 pos '720.0 -752.0 -232.0' spd 0 yaw 97 mode 2 st 2 gl 2 hp 100 frg 6
ARGLOG Carmack t 115.7 pos '368.0 -657.1  24.0' spd 320.0 yaw 83 mode 2 st 0 gl 8 hp 100 frg 1
ARGLOG Joe Rogan t 115.7 pos '603.2 -272.0 -296.0' spd 320.0 yaw 86 mode 2 st 0 gl 2 hp 76 frg 3
ARGEVT Joe Rogan hazard
ARGLOG Romero t 116.2 pos '720.0 -752.0 -232.0' spd 0 yaw 97 mode 2 st 2 gl 2 hp 100 frg 6
ARGLOG Carmack t 116.2 pos '325.2 -496.3  24.0' spd 323.2 yaw 42 mode 2 st 0 gl 8 hp 100 frg 1
ARGEVT Joe Rogan engage Carmack
ARGEVT Joe Rogan grab weapon_lightning
ARGLOG Joe Rogan t 116.2 pos '471.8 -219.5 -296.0' spd  84.3 yaw 104.4 mode 2 st 0 gl 2 hp 76 frg 3
ARGEVT Carmack engage Joe Rogan
ARGEVT Joe Rogan retreat
ARGLOG Romero t 116.7 pos '734.2 -720.0 -216.0' spd 148.3 yaw 15 mode 2 st 2 gl 2 hp 100 frg 6
ARGLOG Carmack t 116.7 pos '311.0 -397.5 -21.1' spd  88.7 yaw 332.3 mode 2 st 0 gl 8 hp 100 frg 1
ARGEVT Joe Rogan pursue
ARGLOG Joe Rogan t 116.8 pos '579.4 -230.7 -296.0' spd 320.1 yaw 222 mode 2 st 0 gl 2 hp 33 frg 3
ARGEVT Romero hazard
ARGEVT Carmack hazard
ARGLOG Romero t 117.2 pos '792.0 -601.3 -152.0' spd 373.8 yaw 157 mode 2 st 2 gl 2 hp 100 frg 6
ARGLOG Carmack t 117.2 pos '407.0 -376.6 -104.0' spd 325.6 yaw 30 mode 1 st 0 gl 8 hp 100 frg 1
ARGLOG Joe Rogan t 117.3 pos '466.8 -263.7 -296.0' spd 352.1 yaw 122.4 mode 2 st 0 gl 2 hp 33 frg 3
ARGEVT Carmack pursue
ARGEVT Joe Rogan hazard
ARGEVT Carmack goal item_artifact_super_damage
ARGEVT Joe Rogan goal item_artifact_super_damage
ARGEVT Carmack routefail
ARGLOG Romero t 117.7 pos '782.6 -439.9 -104.0' spd 375.8 yaw  42.2 mode 2 st 2 gl 2 hp 100 frg 6
ARGEVT Carmack goal weapon_rocketlauncher
ARGLOG Carmack t 117.7 pos '489.0 -231.7 -104.0' spd 367.9 yaw 144 mode 0 st 0 gl 9 hp 100 frg 1
ARGLOG Joe Rogan t 117.8 pos '314.4 -236.2 -296.0' spd 354.2 yaw 275.1 mode 0 st 0 gl 2 hp 33 frg 3
ARGEVT Carmack route 5 start '433.0 -247.0 -104.0' goal ' 49.0 105.0 -296.0'
ARGEVT Romero hazard
ARGEVT Joe Rogan death Carmack pos '277.2 -241.6 -296.0'
ARGEVT Carmack goal 
ARGEVT Carmack route 2 start '433.0 -247.0 -104.0' goal '241.0 -279.0 -296.0'
ARGLOG Romero t 118.3 pos '900.4 -400.8 -104.0' spd  93.4 yaw 165 mode 2 st 2 gl 2 hp 100 frg 6
ARGLOG Carmack t 118.3 pos '504.6 -233.8 -104.0' spd 338.3 yaw  49.7 mode 2 st 0 gl 9 hp 100 frg 2
ARGLOG Romero t 118.8 pos '756.1 -439.3 -104.0' spd 320.0 yaw 339 mode 2 st 2 gl 2 hp 100 frg 6
ARGLOG Carmack t 118.8 pos '518.6 -78.9 -104.0' spd 435.2 yaw 214 mode 2 st 0 gl 9 hp 100 frg 2
ARGEVT Carmack hazard
ARGLOG Romero t 119.3 pos '815.7 -599.9 -152.0' spd 350.7 yaw 246.2 mode 2 st 2 gl 2 hp 100 frg 6
ARGLOG Carmack t 119.3 pos '479.0 -124.8 -104.0' spd 344.7 yaw 235 mode 2 st 0 gl 9 hp 100 frg 2
ARGEVT Joe Rogan respawn
ARGEVT Joe Rogan goal item_armorInv
ARGLOG Joe Rogan t 119.5 pos '112.0 -1136.0 -104.0' spd 0 yaw  28.4 mode 0 st 0 gl 2 hp 100 frg 3
ARGEVT Romero hazard
ARGEVT Joe Rogan route 16 start ' 81.0 -1079.0 -104.0' goal '817.0 -855.0 -232.0'
ARGLOG Romero t 119.8 pos '751.3 -720.0 -216.0' spd  94.7 yaw 16 mode 2 st 2 gl 2 hp 100 frg 6
ARGLOG Carmack t 119.8 pos '369.8 -284.8 -125.0' spd 376.8 yaw 154 mode 1 st 0 gl 9 hp 100 frg 2
ARGEVT Joe Rogan hazard
ARGLOG Joe Rogan t 120.1 pos '262.0 -1103.6 -104.0' spd 321.7 yaw 231 mode 2 st 0 gl 2 hp 100 frg 3
ARGLOG Romero t 120.3 pos '812.9 -609.9 -152.0' spd 375.5 yaw 145 mode 2 st 2 gl 2 hp 100 frg 6
ARGLOG Carmack t 120.3 pos '202.8 -304.0 -328.0' spd 254.8 yaw  65.6 mode 1 st 0 gl 9 hp 100 frg 2
ARGEVT Carmack abandon
ARGEVT Carmack weapon sg
ARGEVT Carmack goal weapon_rocketlauncher
ARGEVT Carmack abandon
ARGEVT Carmack swim
ARGEVT Carmack routefail
ARGLOG Joe Rogan t 120.6 pos '137.3 -1159.3 -104.0' spd 376.1 yaw 347 mode 2 st 0 gl 2 hp 100 frg 3
ARGEVT Joe Rogan jump
ARGEVT Romero hazard
ARGEVT Carmack goal 
ARGEVT Carmack route 1 start '209.0 -311.0 -440.0' goal '401.0 -311.0 -440.0'
ARGLOG Romero t 120.8 pos '767.8 -453.2 -104.0' spd 328.2 yaw 341 mode 2 st 2 gl 2 hp 100 frg 6
ARGLOG Carmack t 120.8 pos '211.8 -304.0 -390.4' spd 173.3 yaw 43 mode 2 st 0 gl 9 hp 40 frg 2
ARGLOG Joe Rogan t 121.1 pos ' 86.2 -1231.6 -82.0' spd  30.0 yaw 48 mode 2 st 0 gl 2 hp 100 frg 3
ARGEVT Carmack death world pos '264.5 -302.7 -388.1'
ARGLOG Romero t 121.4 pos '904.5 -462.9 -104.0' spd 334.4 yaw 333 mode 2 st 2 gl 2 hp 100 frg 6
ARGLOG Joe Rogan t 121.6 pos '197.3 -1223.1 -72.0' spd 320.0 yaw 65 mode 2 st 0 gl 2 hp 100 frg 3
ARGEVT Romero jump
ARGEVT Romero abandon
ARGEVT Romero goal item_armorInv
ARGEVT Romero route 3 start '945.0 -567.0 -104.0' goal '817.0 -855.0 -232.0'
ARGLOG Romero t 121.9 pos '999.5 -601.6 -66.2' spd 326.1 yaw 172 mode 2 st 2 gl 2 hp 100 frg 6
ARGLOG Joe Rogan t 122.1 pos '357.0 -1169.5 -24.0' spd 391.7 yaw 99 mode 2 st 0 gl 2 hp 100 frg 3
ARGLOG Romero t 122.4 pos '992.8 -632.4 -104.0' spd 298.7 yaw 188 mode 2 st 2 gl 2 hp 100 frg 6
ARGLOG Joe Rogan t 122.6 pos '328.2 -1018.9  24.0' spd 321.7 yaw 94 mode 2 st 0 gl 2 hp 100 frg 3
ARGEVT Carmack respawn
ARGEVT Carmack goal weapon_rocketlauncher
ARGLOG Carmack t 122.7 pos '776.0 -808.0 -232.0' spd 0 yaw  73.4 mode 1 st 0 gl 9 hp 100 frg 1
ARGEVT Carmack engage Romero
ARGEVT Romero engage Carmack
ARGLOG Romero t 122.9 pos '830.2 -589.4 -104.0' spd 367.8 yaw 256.0 mode 2 st 2 gl 2 hp 100 frg 6
ARGLOG Joe Rogan t 123.2 pos '411.1 -875.1  24.0' spd 342.0 yaw 3 mode 2 st 0 gl 2 hp 100 frg 3
ARGLOG Carmack t 123.2 pos '737.3 -721.5 -216.0' spd  69.5 yaw  67.0 mode 1 st 0 gl 9 hp 100 frg 1
ARGLOG Romero t 123.4 pos '790.3 -624.2 -168.0' spd 177.0 yaw 266.0 mode 2 st 2 gl 2 hp 76 frg 6
ARGEVT Joe Rogan route 13 start '625.0   9.0 -296.0' goal '817.0 -855.0 -232.0'
ARGLOG Joe Rogan t 123.7 pos '650.7 -10.2 -296.0' spd 320.3 yaw 282 mode 2 st 0 gl 2 hp 100 frg 3
ARGLOG Carmack t 123.7 pos '818.2 -817.4 -232.0' spd 242.7 yaw 107.6 mode 1 st 0 gl 9 hp 96 frg 1
ARGEVT Romero hazard
ARGLOG Romero t 123.9 pos '784.8 -647.5 -168.0' spd 265.1 yaw 279.6 mode 2 st 2 gl 2 hp 56 frg 6
ARGLOG Joe Rogan t 124.2 pos '656.0 -176.7 -296.0' spd 329.1 yaw 288 mode 2 st 0 gl 2 hp 100 frg 3
ARGEVT Romero retreat
ARGLOG Carmack t 124.2 pos '739.6 -822.1 -232.0' spd  81.3 yaw  84.8 mode 1 st 0 gl 9 hp 92 frg 1
ARGEVT Joe Rogan hazard
ARGLOG Romero t 124.5 pos '766.7 -589.9 -136.0' spd 321.8 yaw 269.4 mode 2 st 2 gl 2 hp 32 frg 6
ARGEVT Joe Rogan route 14 start '593.0 -215.0 -296.0' goal '817.0 -855.0 -232.0'
ARGLOG Joe Rogan t 124.7 pos '571.3 -271.7 -296.0' spd 320.1 yaw 82 mode 2 st 0 gl 2 hp 100 frg 3
ARGLOG Carmack t 124.8 pos '756.4 -810.0 -232.0' spd  50.0 yaw  89.2 mode 1 st 0 gl 9 hp 88 frg 1
ARGEVT Romero route 3 start '753.0 -471.0 -104.0' goal '817.0 -855.0 -232.0'
ARGLOG Romero t 125.0 pos '788.3 -425.8 -104.0' spd 320.0 yaw 267.9 mode 2 st 2 gl 2 hp 32 frg 6
ARGEVT Romero hazard
ARGLOG Joe Rogan t 125.2 pos '482.0 -208.0 -296.0' spd 305.3 yaw 356.7 mode 2 st 0 gl 2 hp 100 frg 3
ARGLOG Carmack t 125.3 pos '754.6 -775.8 -232.0' spd  71.0 yaw  87.9 mode 1 st 0 gl 9 hp 85 frg 1
ARGLOG Romero t 125.5 pos '799.4 -426.9 -104.0' spd 127.8 yaw 262.2 mode 2 st 2 gl 2 hp 24 frg 6
ARGEVT Joe Rogan hazard
ARGLOG Joe Rogan t 125.7 pos '637.1 -257.0 -296.0' spd 339.0 yaw 91 mode 2 st 0 gl 2 hp 100 frg 3
ARGLOG Carmack t 125.8 pos '815.3 -756.6 -232.0' spd 226.4 yaw  66.7 mode 1 st 0 gl 9 hp 81 frg 1
ARGEVT Romero pursue
ARGLOG Romero t 126.0 pos '944.9 -499.6 -104.0' spd 320.0 yaw 242 mode 2 st 2 gl 2 hp 54 frg 6
ARGEVT Carmack pursue
ARGLOG Joe Rogan t 126.3 pos '656.0 -256.4 -296.0' spd 330.2 yaw 94 mode 2 st 0 gl 2 hp 100 frg 3
ARGLOG Carmack t 126.3 pos '760.9 -697.7 -200.0' spd 306.2 yaw 72 mode 1 st 0 gl 9 hp 81 frg 1
ARGEVT Romero hazard
ARGLOG Romero t 126.5 pos '881.8 -616.1 -104.0' spd 338.7 yaw 196.5 mode 2 st 2 gl 2 hp 54 frg 6
ARGLOG Joe Rogan t 126.8 pos '485.5 -255.8 -296.0' spd 367.9 yaw 70 mode 2 st 0 gl 2 hp 100 frg 3
ARGLOG Carmack t 126.8 pos '772.0 -573.3 -136.0' spd 336.1 yaw 340.9 mode 1 st 0 gl 9 hp 78 frg 1
ARGEVT Joe Rogan hazard
ARGLOG Romero t 127.0 pos '1005.6 -624.3 -104.0' spd 503.2 yaw 146.6 mode 2 st 2 gl 2 hp 30 frg 6
ARGLOG Joe Rogan t 127.3 pos '469.8 -218.4 -296.0' spd 357.6 yaw 316.0 mode 2 st 0 gl 2 hp 100 frg 3
ARGEVT Carmack hazard
ARGLOG Carmack t 127.3 pos '825.8 -414.4 -104.0' spd 333.5 yaw 316.1 mode 1 st 0 gl 9 hp 74 frg 1
ARGLOG Romero t 127.5 pos '1037.7 -641.2 -104.0' spd 429.5 yaw 137.9 mode 2 st 2 gl 2 hp 18 frg 6
ARGEVT Romero hazard
ARGLOG Joe Rogan t 127.8 pos '628.4 -256.2 -296.0' spd 365.5 yaw 90 mode 2 st 0 gl 2 hp 100 frg 3
ARGLOG Carmack t 127.9 pos '769.8 -542.1 -120.0' spd 331.3 yaw 350.2 mode 1 st 0 gl 9 hp 70 frg 1
ARGEVT Joe Rogan hazard
ARGEVT Romero death Carmack pos '1034.0 -570.7 -104.0'
ARGEVT Carmack goal weapon_rocketlauncher
ARGLOG Joe Rogan t 128.3 pos '653.4 -113.8 -296.0' spd 157.6 yaw 311.0 mode 2 st 0 gl 2 hp 100 frg 3
ARGLOG Carmack t 128.4 pos '816.0 -697.4 -200.0' spd 168.7 yaw 333.9 mode 1 st 0 gl 9 hp 68 frg 2
ARGLOG Joe Rogan t 128.8 pos '656.0 -243.0 -296.0' spd 327.3 yaw 269.4 mode 0 st 0 gl 2 hp 100 frg 3
ARGLOG Carmack t 128.9 pos '811.1 -858.2 -232.0' spd 407.9 yaw 168.5 mode 1 st 0 gl 9 hp 68 frg 2
ARGEVT Joe Rogan route 14 start '593.0 -215.0 -296.0' goal '817.0 -855.0 -232.0'
ARGEVT Carmack hazard
ARGLOG Joe Rogan t 129.4 pos '504.7 -253.4 -296.0' spd 370.9 yaw 72 mode 2 st 0 gl 2 hp 100 frg 3
ARGLOG Carmack t 129.4 pos '752.4 -853.0 -232.0' spd 323.2 yaw 43 mode 1 st 0 gl 9 hp 68 frg 2
ARGEVT Joe Rogan hazard
ARGEVT Romero respawn
ARGEVT Romero goal weapon_rocketlauncher
ARGLOG Romero t 129.6 pos '784.0 -176.0  24.0' spd 0 yaw 196.6 mode 0 st 2 gl 2 hp 100 frg 6
ARGEVT Romero route 6 start '753.0 -151.0  24.0' goal ' 49.0 105.0 -296.0'
ARGLOG Joe Rogan t 129.9 pos '470.0 -221.9 -296.0' spd 333.6 yaw 308 mode 2 st 0 gl 2 hp 100 frg 3
ARGLOG Carmack t 129.9 pos '829.7 -725.0 -216.0' spd 361.0 yaw 336.1 mode 1 st 0 gl 9 hp 68 frg 2
ARGLOG Romero t 130.1 pos '628.1 -182.9  24.0' spd 320.0 yaw 181 mode 2 st 2 gl 2 hp 100 frg 6
ARGLOG Joe Rogan t 130.4 pos '622.6 -252.8 -296.0' spd 374.4 yaw 89 mode 2 st 0 gl 2 hp 100 frg 3
ARGLOG Carmack t 130.4 pos '819.3 -850.9 -232.0' spd 366.2 yaw 188.4 mode 1 st 0 gl 9 hp 68 frg 2
ARGEVT Joe Rogan hazard
ARGEVT Carmack goal 
ARGEVT Carmack route 4 start '817.0 -855.0 -232.0' goal '977.0 -471.0 -104.0'
ARGLOG Romero t 130.6 pos '453.3 -278.5 -20.2' spd 378.7 yaw 315 mode 2 st 2 gl 2 hp 100 frg 6
ARGEVT Carmack hazard
ARGLOG Joe Rogan t 130.9 pos '656.0 -136.9 -296.0' spd  82.8 yaw 279 mode 2 st 0 gl 2 hp 100 frg 3
ARGLOG Carmack t 131.0 pos '750.4 -777.1 -232.0' spd 354.9 yaw 33 mode 2 st 0 gl 10 hp 68 frg 2
ARGEVT Romero hazard
ARGEVT Carmack jump
ARGLOG Romero t 131.2 pos '445.8 -420.5 -104.0' spd 401.1 yaw 145 mode 2 st 2 gl 2 hp 100 frg 6
ARGLOG Joe Rogan t 131.4 pos '608.2 -269.4 -296.0' spd 336.0 yaw 213.8 mode 0 st 0 gl 2 hp 100 frg 3
ARGEVT Joe Rogan route 14 start '593.0 -215.0 -296.0' goal '817.0 -855.0 -232.0'
ARGLOG Carmack t 131.5 pos '816.0 -694.8 -178.1' spd 108.2 yaw 105 mode 2 st 0 gl 10 hp 68 frg 2
ARGLOG Romero t 131.7 pos '519.9 -275.3 -104.0' spd 367.9 yaw 181 mode 2 st 2 gl 2 hp 100 frg 6
ARGEVT Joe Rogan hazard
ARGLOG Joe Rogan t 131.9 pos '447.2 -219.3 -296.0' spd 410.3 yaw  49.3 mode 2 st 0 gl 2 hp 100 frg 3
ARGLOG Carmack t 132.0 pos '767.7 -563.7 -136.0' spd 341.6 yaw  68.0 mode 2 st 0 gl 10 hp 68 frg 2
ARGEVT Romero hazard
ARGLOG Romero t 132.2 pos '465.7 -134.7 -104.0' spd 173.0 yaw 213 mode 2 st 2 gl 2 hp 100 frg 6
ARGEVT Carmack hazard
ARGLOG Joe Rogan t 132.4 pos '547.3 -208.0 -296.0' spd 402.5 yaw 77 mode 2 st 0 gl 2 hp 100 frg 3
ARGLOG Carmack t 132.5 pos '794.2 -409.4 -104.0' spd 339.0 yaw  59.4 mode 2 st 0 gl 10 hp 68 frg 2
ARGLOG Romero t 132.7 pos '466.0 -147.5 -104.0' spd 342.4 yaw 211 mode 2 st 2 gl 2 hp 100 frg 6
ARGLOG Joe Rogan t 133.0 pos '607.7 -74.6 -296.0' spd 342.0 yaw 262 mode 2 st 0 gl 2 hp 100 frg 3
ARGLOG Carmack t 133.0 pos '949.4 -441.7 -104.0' spd 337.3 yaw 271.4 mode 1 st 0 gl 10 hp 68 frg 2
ARGLOG Romero t 133.2 pos '387.3 -215.8 -110.5' spd 334.0 yaw 185 mode 2 st 2 gl 2 hp 100 frg 6
ARGLOG Joe Rogan t 133.5 pos '604.6  89.4 -296.0' spd 338.3 yaw 124.6 mode 2 st 0 gl 2 hp 100 frg 3
ARGEVT Joe Rogan hazard
ARGLOG Carmack t 133.5 pos '853.8 -565.4 -104.0' spd 420.7 yaw 126 mode 1 st 0 gl 10 hp 68 frg 2
ARGLOG Romero t 133.7 pos '223.6 -168.6 -270.5' spd 336.2 yaw 201 mode 2 st 2 gl 2 hp 100 frg 6
ARGEVT Carmack hazard
ARGEVT Joe Rogan route 11 start '401.0 -887.0  24.0' goal '817.0 -855.0 -232.0'
ARGEVT Romero swim
ARGLOG Joe Rogan t 134.0 pos '373.0 -803.8  24.0' spd 352.8 yaw 84 mode 2 st 0 gl 2 hp 100 frg 3
ARGLOG Carmack t 134.0 pos '764.7 -445.0 -104.0' spd 321.0 yaw  55.4 mode 1 st 0 gl 10 hp 68 frg 2
ARGLOG Romero t 134.3 pos '174.8 -176.0 -390.5' spd  89.4 yaw 205 mode 2 st 2 gl 2 hp 58 frg 6
ARGLOG Joe Rogan t 134.5 pos '366.4 -711.0  24.0' spd 328.2 yaw 76 mode 2 st 0 gl 2 hp 100 frg 3
ARGLOG Carmack t 134.6 pos '916.6 -422.1 -104.0' spd 345.8 yaw  40.2 mode 1 st 0 gl 10 hp 68 frg 2
ARGLOG Romero t 134.8 pos '231.5 -176.0 -386.1' spd  84.0 yaw 199 mode 2 st 2 gl 2 hp 30 frg 6
ARGEVT Carmack hazard
ARGLOG Joe Rogan t 135.0 pos '368.0 -541.5  24.0' spd 329.2 yaw 72 mode 2 st 0 gl 2 hp 100 frg 3
ARGEVT Romero swim
ARGLOG Carmack t 135.1 pos '940.2 -432.0 -104.0' spd 303.7 yaw 141 mode 1 st 0 gl 10 hp 68 frg 2
ARGEVT Romero death world pos '249.1 -217.3 -384.3'
ARGLOG Joe Rogan t 135.5 pos '462.4 -378.5   2.8' spd 341.0 yaw 45 mode 2 st 0 gl 2 hp 100 frg 3
ARGLOG Carmack t 135.6 pos '867.8 -400.9 -104.0' spd 320.9 yaw 336.2 mode 1 st 0 gl 10 hp 68 frg 2
ARGLOG Joe Rogan t 136.1 pos '579.2 -250.7 -104.0' spd 320.8 yaw  24.7 mode 2 st 0 gl 2 hp 100 frg 3
ARGEVT Carmack goal weapon_lightning
ARGLOG Carmack t 136.1 pos '1008.8 -485.4 -104.0' spd 326.5 yaw 317.9 mode 0 st 0 gl 11 hp 68 frg 2
ARGEVT Carmack route 7 start '977.0 -471.0 -104.0' goal '529.0 -311.0 -104.0'
ARGEVT Joe Rogan jump
ARGEVT Carmack hazard
ARGLOG Joe Rogan t 136.6 pos '624.0 -205.8 -69.2' spd  32.2 yaw 324 mode 2 st 0 gl 2 hp 100 frg 3
ARGLOG Carmack t 136.6 pos '967.1 -624.0 -104.0' spd 358.4 yaw 191 mode 2 st 0 gl 11 hp 68 frg 2
ARGEVT Romero respawn
ARGEVT Romero goal weapon_rocketlauncher
ARGLOG Romero t 136.8 pos '-64.0 512.0 -296.0' spd 0 yaw 286.3 mode 0 st 2 gl 2 hp 100 frg 5
ARGEVT Romero route 4 start '-15.0 553.0 -296.0' goal ' 49.0 105.0 -296.0'
ARGEVT Joe Rogan jump
ARGEVT Romero hazard
ARGLOG Joe Rogan t 137.1 pos '624.0 -270.7 -82.7' spd 241.3 yaw 331 mode 2 st 0 gl 2 hp 100 frg 3
ARGLOG Carmack t 137.1 pos '789.4 -584.3 -106.1' spd 321.0 yaw 258 mode 2 st 0 gl 11 hp 68 frg 2
ARGLOG Romero t 137.4 pos '-48.3 351.3 -296.0' spd 346.2 yaw 249 mode 2 st 2 gl 2 hp 100 frg 5
ARGLOG Joe Rogan t 137.6 pos '624.0 -395.5 -102.9' spd 241.3 yaw 345 mode 2 st 0 gl 2 hp 100 frg 3
ARGLOG Carmack t 137.7 pos '752.9 -640.8 -168.0' spd 321.4 yaw 117 mode 2 st 0 gl 11 hp 68 frg 2
ARGEVT Joe Rogan hazard
ARGLOG Romero t 137.9 pos '-113.9 196.6 -296.0' spd 320.5 yaw 269.6 mode 2 st 2 gl 2 hp 100 frg 5
ARGLOG Joe Rogan t 138.1 pos '688.0 -400.0 -120.0' spd 0 yaw 49 mode 2 st 0 gl 2 hp 100 frg 3
ARGLOG Carmack t 138.2 pos '752.0 -807.3 -232.0' spd 321.8 yaw 112 mode 2 st 0 gl 11 hp 68 frg 2
ARGLOG Romero t 138.4 pos '-25.4  54.1 -296.0' spd 346.5 yaw 5 mode 1 st 2 gl 2 hp 100 frg 5
ARGEVT Carmack hazard
ARGEVT Carmack route 4 start '721.0 -887.0 -232.0' goal '529.0 -311.0 -104.0'
ARGLOG Joe Rogan t 138.6 pos '667.8 -272.0 -104.0' spd  48.9 yaw 9 mode 2 st 0 gl 2 hp 100 frg 3
ARGEVT Romero goal 
ARGLOG Carmack t 138.7 pos '720.0 -889.3 -232.0' spd 268.9 yaw 108.2 mode 0 st 0 gl 11 hp 68 frg 2
ARGEVT Romero route 5 start ' 49.0 105.0 -296.0' goal '369.0 -279.0 -296.0'
ARGEVT Romero hazard
ARGEVT Carmack route 4 start '721.0 -887.0 -232.0' goal '529.0 -311.0 -104.0'
ARGEVT Joe Rogan hazard
ARGLOG Romero t 138.9 pos '108.6  98.5 -296.0' spd 320.1 yaw 234 mode 2 st 2 gl 3 hp 100 frg 5
ARGLOG Joe Rogan t 139.2 pos '666.9 -272.0 -104.0' spd 112.4 yaw 9 mode 2 st 0 gl 2 hp 100 frg 3
ARGLOG Carmack t 139.2 pos '720.0 -773.4 -232.0' spd 246.7 yaw 111 mode 2 st 0 gl 11 hp 68 frg 2
ARGLOG Romero t 139.4 pos '-31.9 116.2 -296.0' spd 346.4 yaw 278 mode 2 st 2 gl 3 hp 100 frg 5
ARGEVT Joe Rogan abandon
ARGEVT Joe Rogan goal weapon_supernailgun
ARGEVT Joe Rogan stall
ARGEVT Joe Rogan jump
ARGEVT Carmack hazard
ARGUS routecache adopt
ARGEVT Carmack route 4 start '721.0 -887.0 -232.0' goal '529.0 -311.0 -104.0'
ARGLOG Joe Rogan t 139.7 pos '653.1 -272.0 -82.5' spd   8.6 yaw 136.6 mode 0 st 1 gl 2 hp 100 frg 3
ARGEVT Joe Rogan routefail
ARGLOG Carmack t 139.7 pos '720.0 -912.0 -232.0' spd 0 yaw 155.8 mode 0 st 0 gl 11 hp 68 frg 2
ARGEVT Joe Rogan goal weapon_lightning
ARGEVT Romero hazard
ARGUS routecache adopt
ARGEVT Carmack route 4 start '721.0 -887.0 -232.0' goal '529.0 -311.0 -104.0'
ARGLOG Romero t 139.9 pos '-174.4  48.0 -296.0' spd 183.0 yaw 303 mode 2 st 2 gl 3 hp 100 frg 5
ARGUS routecache adopt
ARGEVT Carmack route 4 start '721.0 -887.0 -232.0' goal '529.0 -311.0 -104.0'
ARGLOG Joe Rogan t 140.2 pos '634.2 -272.0 -102.6' spd  39.1 yaw 142 mode 1 st 1 gl 2 hp 100 frg 3
ARGLOG Carmack t 140.2 pos '720.4 -765.0 -232.0' spd 384.6 yaw 111 mode 2 st 0 gl 11 hp 68 frg 2
ARGLOG Romero t 140.4 pos '-145.6  48.0 -296.0' spd 323.3 yaw 299 mode 2 st 2 gl 3 hp 100 frg 5
ARGLOG Joe Rogan t 140.7 pos '537.1 -177.5 -104.0' spd 368.4 yaw 200.3 mode 1 st 1 gl 2 hp 100 frg 3
ARGLOG Carmack t 140.8 pos '721.2 -830.4 -232.0' spd 320.0 yaw 110 mode 2 st 0 gl 11 hp 68 frg 2
ARGEVT Joe Rogan hazard
ARGLOG Romero t 141.0 pos '-51.5 -43.2 -296.0' spd 333.5 yaw 322 mode 2 st 2 gl 3 hp 100 frg 5
ARGEVT Carmack hazard
ARGUS routecache adopt
ARGEVT Carmack route 4 start '721.0 -887.0 -232.0' goal '529.0 -311.0 -104.0'
ARGLOG Joe Rogan t 141.2 pos '478.8 -291.4 -104.0' spd 380.5 yaw 352.5 mode 1 st 1 gl 2 hp 100 frg 3
ARGUS routecache adopt
ARGEVT Carmack route 4 start '721.0 -887.0 -232.0' goal '529.0 -311.0 -104.0'
ARGLOG Carmack t 141.3 pos '726.7 -870.9 -232.0' spd 335.7 yaw 109 mode 0 st 0 gl 11 hp 68 frg 2
ARGEVT Romero engage Joe Rogan
ARGLOG Romero t 141.5 pos '-16.0 -204.6 -296.0' spd 344.7 yaw 348.8 mode 2 st 2 gl 3 hp 100 frg 5
ARGEVT Carmack route 5 start '721.0 -759.0 -232.0' goal '529.0 -311.0 -104.0'
ARGLOG Joe Rogan t 141.7 pos '639.9 -375.6 -104.0' spd 387.4 yaw 253.3 mode 1 st 1 gl 2 hp 100 frg 3
ARGLOG Carmack t 141.8 pos '720.0 -752.0 -232.0' spd 0 yaw 112 mode 2 st 0 gl 11 hp 68 frg 2
ARGEVT Romero pursue
ARGEVT Joe Rogan hazard
ARGEVT Joe Rogan engage Romero
ARGLOG Romero t 142.0 pos '121.7 -276.0 -296.0' spd 112.4 yaw  15.5 mode 2 st 2 gl 3 hp 100 frg 5
ARGEVT Romero hazard
ARGEVT Joe Rogan grab 
ARGLOG Joe Rogan t 142.3 pos '396.4 -227.1 -296.0' spd 187.9 yaw 181.9 mode 1 st 1 gl 2 hp 100 frg 3
ARGUS routecache adopt
ARGEVT Carmack route 4 start '721.0 -887.0 -232.0' goal '529.0 -311.0 -104.0'
ARGLOG Carmack t 142.3 pos '720.0 -893.4 -232.0' spd 365.9 yaw 204.8 mode 0 st 0 gl 11 hp 68 frg 2
ARGEVT Carmack hazard
ARGEVT Romero goal item_armorInv
ARGLOG Romero t 142.5 pos ' 68.8 -247.1 -296.0' spd 233.4 yaw   4.2 mode 0 st 2 gl 3 hp 100 frg 5
ARGUS routecache adopt
ARGEVT Carmack route 4 start '721.0 -887.0 -232.0' goal '529.0 -311.0 -104.0'
ARGEVT Romero route 17 start ' 17.0 -247.0 -296.0' goal '817.0 -855.0 -232.0'
ARGEVT Carmack route 4 start '721.0 -887.0 -232.0' goal '529.0 -311.0 -104.0'
ARGLOG Joe Rogan t 142.8 pos '325.4 -220.9 -296.0' spd 109.8 yaw 193.9 mode 1 st 1 gl 2 hp 100 frg 3
ARGLOG Carmack t 142.8 pos '720.0 -820.9 -232.0' spd 348.9 yaw 110 mode 2 st 0 gl 11 hp 68 frg 2
ARGEVT Romero death Joe Rogan pos ' 88.9 -257.6 -296.0'
ARGEVT Joe Rogan death Romero pos '359.9 -217.8 -296.0'
ARGLOG Carmack t 143.3 pos '720.6 -784.9 -232.0' spd 320.0 yaw 111 mode 2 st 0 gl 11 hp 68 frg 2
ARGEVT Carmack hazard
ARGUS routecache adopt
ARGEVT Carmack route 4 start '721.0 -887.0 -232.0' goal '529.0 -311.0 -104.0'
ARGLOG Carmack t 143.9 pos '720.0 -912.0 -232.0' spd 0 yaw 154.5 mode 0 st 0 gl 11 hp 68 frg 2
ARGUS routecache adopt
ARGEVT Carmack route 4 start '721.0 -887.0 -232.0' goal '529.0 -311.0 -104.0'
ARGUS routecache adopt
ARGEVT Carmack route 4 start '721.0 -887.0 -232.0' goal '529.0 -311.0 -104.0'
ARGLOG Carmack t 144.4 pos '721.1 -763.7 -232.0' spd 384.6 yaw 112 mode 2 st 0 gl 11 hp 68 frg 2
ARGEVT Romero respawn
ARGEVT Joe Rogan respawn
ARGEVT Romero goal item_armorInv
ARGLOG Romero t 144.6 pos '-64.0 -232.0 -72.0' spd 0 yaw 1 mode 0 st 2 gl 3 hp 100 frg 6
ARGEVT Joe Rogan goal 
ARGLOG Joe Rogan t 144.6 pos '272.0 -952.0  24.0' spd 0 yaw  16.3 mode 0 st 1 gl 2 hp 100 frg 4
ARGEVT Romero route 8 start '-47.0 -215.0 -72.0' goal '817.0 -855.0 -232.0'
ARGLOG Carmack t 144.9 pos '720.6 -854.3 -232.0' spd 320.0 yaw 115 mode 2 st 0 gl 11 hp 68 frg 2
ARGEVT Joe Rogan route 7 start '305.0 -983.0  24.0' goal '273.0 -183.0 -296.0'
ARGEVT Carmack route 4 start '721.0 -887.0 -232.0' goal '529.0 -311.0 -104.0'
ARGEVT Carmack hazard
ARGLOG Romero t 145.1 pos ' 91.9 -230.6 -72.0' spd 320.0 yaw 2 mode 2 st 2 gl 3 hp 100 frg 6
ARGLOG Joe Rogan t 145.1 pos '348.5 -815.7  24.0' spd 339.9 yaw 114 mode 2 st 1 gl 2 hp 100 frg 4
ARGEVT Romero engage Carmack
ARGEVT Romero grab 
ARGEVT Carmack engage Romero
ARGLOG Carmack t 145.4 pos '353.7 -27.5 -296.0' spd 257.3 yaw 233.6 mode 2 st 0 gl 11 hp 68 frg 2
ARGLOG Romero t 145.6 pos '117.6 -278.3 -56.0' spd 167.7 yaw  35.3 mode 2 st 2 gl 3 hp 100 frg 6
ARGLOG Joe Rogan t 145.7 pos '304.0 -656.5  24.0' spd 294.0 yaw  99.7 mode 2 st 1 gl 2 hp 100 frg 4
ARGEVT Carmack grab 
ARGEVT Carmack pursue
ARGEVT Romero pursue
ARGEVT Joe Rogan engage Romero
ARGLOG Carmack t 145.9 pos '366.2 -173.6 -296.0' spd 360.6 yaw 205 mode 2 st 0 gl 11 hp 68 frg 2
ARGEVT Carmack rjump
ARGEVT Joe Rogan goal weapon_lightning
ARGEVT Joe Rogan route 2 start '401.0 -503.0  24.0' goal '529.0 -311.0 -104.0'
ARGLOG Romero t 146.1 pos '169.7 -238.4 -72.0' spd 269.6 yaw 355.1 mode 0 st 2 gl 3 hp 38 frg 6
ARGLOG Joe Rogan t 146.2 pos '362.2 -501.2  24.0' spd 324.1 yaw 124.7 mode 2 st 1 gl 2 hp 100 frg 4
ARGEVT Romero route 9 start '145.0 -279.0 -56.0' goal '817.0 -855.0 -232.0'
ARGLOG Carmack t 146.4 pos '293.1 -252.0 -283.5' spd 141.8 yaw 191.7 mode 2 st 0 gl 11 hp 67 frg 2
ARGEVT Carmack hazard
ARGLOG Romero t 146.6 pos '145.7 -268.2 -72.0' spd 257.2 yaw  24.2 mode 2 st 2 gl 3 hp 38 frg 6
ARGEVT Carmack pursue
ARGLOG Joe Rogan t 146.7 pos '464.6 -348.2  -8.2' spd 327.5 yaw 166.0 mode 1 st 1 gl 2 hp 100 frg 4
ARGEVT Romero pursue
ARGEVT Carmack grab 
ARGEVT Romero retreat
ARGLOG Carmack t 146.9 pos '177.9 -216.2 -296.0' spd 350.0 yaw 223.4 mode 0 st 0 gl 11 hp 67 frg 2
ARGEVT Romero hazard
ARGLOG Romero t 147.2 pos '118.5 -304.6 -40.0' spd 361.2 yaw  60.7 mode 2 st 2 gl 3 hp 14 frg 6
ARGEVT Carmack route 11 start '145.0 -183.0 -296.0' goal '529.0 -311.0 -104.0'
ARGLOG Joe Rogan t 147.2 pos '525.1 -188.0 -104.0' spd 344.1 yaw 199.8 mode 1 st 1 gl 2 hp 100 frg 4
ARGEVT Romero pursue
ARGEVT Romero death Joe Rogan pos '132.6 -321.1 -40.0'
ARGEVT Carmack engage Joe Rogan
ARGEVT Joe Rogan engage Carmack
ARGLOG Carmack t 147.5 pos '164.7 -240.7 -296.0' spd 139.4 yaw  14.6 mode 2 st 0 gl 11 hp 67 frg 2
ARGEVT Joe Rogan goal weapon_lightning
ARGLOG Joe Rogan t 147.7 pos '510.0 -183.9 -104.0' spd 320.5 yaw 181.9 mode 1 st 1 gl 2 hp 100 frg 5
ARGEVT Carmack hazard
ARGLOG Carmack t 148.0 pos '200.6 -232.6 -296.0' spd  27.0 yaw 326.4 mode 2 st 0 gl 11 hp 64 frg 2
ARGEVT Carmack goal item_health
ARGEVT Joe Rogan goal 
ARGEVT Carmack route 6 start '241.0 -279.0 -296.0' goal '-15.0 553.0 -296.0'
ARGLOG Joe Rogan t 148.2 pos '494.8 -348.8 -104.0' spd 327.0 yaw 160.9 mode 0 st 1 gl 3 hp 100 frg 5
ARGEVT Joe Rogan route 10 start '497.0 -407.0 -104.0' goal '113.0 -375.0  -8.0'
ARGEVT Joe Rogan grab item_cells
ARGLOG Carmack t 148.5 pos '211.3 -258.5 -296.0' spd 185.7 yaw 302.4 mode 2 st 0 gl 11 hp 64 frg 2
ARGEVT Joe Rogan pursue
ARGEVT Carmack pursue
ARGLOG Joe Rogan t 148.8 pos '375.2 -427.1 -104.0' spd 367.5 yaw 133 mode 2 st 1 gl 3 hp 100 frg 5
ARGEVT Romero respawn
ARGEVT Romero goal item_armorInv
ARGLOG Romero t 149.0 pos '112.0 -1136.0 -104.0' spd 0 yaw  28.4 mode 0 st 2 gl 3 hp 100 frg 6
ARGEVT Joe Rogan grab weapon_grenadelauncher
ARGLOG Carmack t 149.0 pos '351.3 -270.1 -296.0' spd  90.3 yaw 215.0 mode 2 st 0 gl 11 hp 64 frg 2
ARGEVT Romero route 16 start ' 81.0 -1079.0 -104.0' goal '817.0 -855.0 -232.0'
ARGEVT Carmack route 7 start '369.0 -279.0 -296.0' goal '-15.0 553.0 -296.0'
ARGEVT Carmack retreat
ARGLOG Joe Rogan t 149.3 pos '206.5 -400.9 -104.0' spd 326.9 yaw  46.5 mode 0 st 1 gl 3 hp 100 frg 5
ARGEVT Joe Rogan jump
ARGEVT Carmack death Joe Rogan pos '388.1 -192.5 -296.0'
ARGEVT Joe Rogan goal 
ARGEVT Romero hazard
ARGEVT Joe Rogan route 3 start '209.0 -375.0 -104.0' goal '401.0 -183.0 -296.0'
ARGLOG Romero t 149.5 pos '262.1 -1104.3 -104.0' spd 321.0 yaw 248.5 mode 2 st 2 gl 3 hp 100 frg 6
ARGEVT Joe Rogan route 4 start '113.0 -407.0 -104.0' goal '401.0 -183.0 -296.0'
ARGEVT Joe Rogan hazard
ARGUS routecache adopt
ARGEVT Joe Rogan route 4 start '113.0 -407.0 -104.0' goal '401.0 -183.0 -296.0'
ARGLOG Joe Rogan t 149.8 pos '131.7 -423.1 -104.0' spd 301.3 yaw 331.2 mode 0 st 1 gl 3 hp 100 frg 6
ARGLOG Romero t 150.0 pos '121.8 -1098.2 -104.0' spd 407.4 yaw 90 mode 2 st 2 gl 3 hp 100 frg 6
ARGLOG Joe Rogan t 150.3 pos '297.9 -423.8 -104.0' spd 320.0 yaw 52 mode 2 st 1 gl 3 hp 100 frg 6
ARGLOG Romero t 150.5 pos ' 82.4 -930.7 -104.0' spd 320.1 yaw 86 mode 2 st 2 gl 3 hp 100 frg 6
ARGLOG Joe Rogan t 150.8 pos '462.9 -389.0 -104.0' spd 378.2 yaw  87.9 mode 2 st 1 gl 3 hp 100 frg 6
ARGEVT Carmack respawn
ARGEVT Carmack goal weapon_rocketlauncher
ARGLOG Carmack t 150.9 pos '776.0 -808.0 -232.0' spd 0 yaw 106.6 mode 1 st 0 gl 11 hp 100 frg 2
ARGEVT Romero route 17 start ' 81.0 -823.0 -104.0' goal '817.0 -855.0 -232.0'
ARGLOG Romero t 151.0 pos ' 94.5 -765.3 -104.0' spd 328.3 yaw 269 mode 2 st 2 gl 3 hp 100 frg 6
ARGEVT Romero hazard
ARGEVT Carmack hazard
ARGLOG Joe Rogan t 151.3 pos '614.1 -312.2 -104.0' spd 410.5 yaw 292 mode 2 st 1 gl 3 hp 100 frg 6
ARGLOG Carmack t 151.4 pos '723.4 -763.5 -232.0' spd  84.4 yaw 107.0 mode 1 st 0 gl 11 hp 100 frg 2
ARGLOG Romero t 151.5 pos '253.0 -803.1 -104.0' spd 400.3 yaw 247.3 mode 2 st 2 gl 3 hp 100 frg 6
ARGEVT Joe Rogan hazard
ARGLOG Joe Rogan t 151.9 pos '670.3 -460.7 -136.0' spd 320.0 yaw 134 mode 2 st 1 gl 3 hp 100 frg 6
ARGLOG Carmack t 151.9 pos '808.2 -656.8 -184.0' spd 320.4 yaw 107.0 mode 1 st 0 gl 11 hp 100 frg 2
ARGEVT Joe Rogan goal 
ARGLOG Romero t 152.1 pos '123.5 -889.1 -104.0' spd 437.0 yaw 91 mode 2 st 2 gl 3 hp 100 frg 6
ARGEVT Joe Rogan route 2 start '401.0 -247.0 -296.0' goal '401.0 -311.0 -440.0'
ARGEVT Carmack hazard
ARGLOG Joe Rogan t 152.4 pos '516.4 -272.0 -296.0' spd 284.1 yaw 199 mode 2 st 1 gl 4 hp 100 frg 6
ARGEVT Romero route 17 start ' 81.0 -823.0 -104.0' goal '817.0 -855.0 -232.0'
ARGEVT Romero hazard
ARGLOG Carmack t 152.4 pos '752.0 -528.0 -120.0' spd 0 yaw 199.9 mode 1 st 0 gl 11 hp 100 frg 2
ARGLOG Romero t 152.6 pos '128.6 -752.0 -104.0' spd 292.3 yaw 265 mode 2 st 2 gl 3 hp 100 frg 6
ARGLOG Joe Rogan t 152.9 pos '392.4 -275.8 -296.0' spd 333.0 yaw 187.3 mode 1 st 1 gl 4 hp 100 frg 6
ARGLOG Carmack t 152.9 pos '754.9 -665.2 -184.0' spd 320.1 yaw 274 mode 1 st 0 gl 11 hp 100 frg 2
ARGEVT Joe Rogan hazard
ARGLOG Romero t 153.1 pos '239.7 -865.1 -104.0' spd 421.9 yaw 246 mode 2 st 2 gl 3 hp 100 frg 6
ARGLOG Joe Rogan t 153.4 pos '324.9 -181.5 -296.0' spd 334.3 yaw  21.6 mode 1 st 1 gl 4 hp 100 frg 6
ARGLOG Carmack t 153.5 pos '747.5 -835.1 -232.0' spd 380.7 yaw 190.8 mode 1 st 0 gl 11 hp 100 frg 2
ARGEVT Carmack hazard
ARGLOG Romero t 153.6 pos '120.5 -1001.9 -104.0' spd 343.1 yaw 286 mode 2 st 2 gl 3 hp 100 frg 6
ARGLOG Joe Rogan t 153.9 pos '398.2 -138.1 -296.0' spd 320.0 yaw 274 mode 1 st 1 gl 4 hp 100 frg 6
ARGLOG Carmack t 154.0 pos '720.0 -912.0 -232.0' spd 0 yaw 256.4 mode 1 st 0 gl 11 hp 100 frg 2
ARGLOG Romero t 154.1 pos ' 99.2 -1169.1 -104.0' spd 379.2 yaw 351 mode 2 st 2 gl 3 hp 100 frg 6
ARGEVT Romero jump
ARGEVT Joe Rogan hazard
ARGLOG Joe Rogan t 154.4 pos '457.7 -263.9 -296.0' spd 367.6 yaw 305.6 mode 1 st 1 gl 4 hp 100 frg 6
ARGLOG Carmack t 154.5 pos '720.0 -912.0 -232.0' spd 0 yaw 269 mode 1 st 0 gl 11 hp 100 frg 2
ARGEVT Carmack hazard
ARGLOG Romero t 154.6 pos '207.2 -1232.0 -72.0' spd 209.4 yaw 68 mode 2 st 2 gl 3 hp 100 frg 6
ARGLOG Joe Rogan t 155.0 pos '489.5 -265.7 -296.0' spd 323.1 yaw 169 mode 1 st 1 gl 4 hp 100 frg 6
ARGEVT Carmack stall
ARGLOG Carmack t 155.0 pos '720.0 -912.0 -232.0' spd 0 yaw 491.5 mode 0 st 1 gl 11 hp 100 frg 2
ARGEVT Carmack jump
ARGLOG Romero t 155.2 pos '354.2 -1154.0  -8.0' spd 382.6 yaw 99 mode 2 st 2 gl 3 hp 100 frg 6
ARGEVT Carmack route 0 start '721.0 -887.0 -232.0' goal '721.0 -887.0 -232.0'
ARGLOG Joe Rogan t 155.5 pos '320.9 -263.1 -296.0' spd 375.9 yaw 251.6 mode 1 st 1 gl 4 hp 100 frg 6
ARGEVT Joe Rogan hazard
ARGEVT Joe Rogan engage Carmack
ARGEVT Carmack engage Joe Rogan
ARGLOG Carmack t 155.5 pos '368.0  56.0 -261.0' spd 300 yaw 256.7 mode 1 st 1 gl 11 hp 100 frg 2
ARGLOG Romero t 155.7 pos '342.3 -983.1  24.0' spd 320.2 yaw 98 mode 2 st 2 gl 3 hp 100 frg 6
ARGLOG Joe Rogan t 156.0 pos '339.0 -260.0 -296.0' spd 313.4 yaw  77.3 mode 1 st 1 gl 4 hp 88 frg 6
ARGLOG Carmack t 156.0 pos '389.9   1.9 -296.0' spd 279.9 yaw 266.7 mode 1 st 1 gl 11 hp 88 frg 2
