LOG started on: 09/13/2026 19:40:48 
Playing registered version.
UDP Initialized
WIPX_OpenSocket: Address family not supported by protocol family
WIPX_Init: Unable to open control socket, IPX disabled
Exe: 20:02:47 Jul 31 2024
256.0 megabyte heap

Language initialization
Couldn't load 'localization/loc_english.txt'
from 'C:/argus/engine'

========= Quake Initialized =========

execing autoexec.cfg
SpawnServer: dm4
Clearing memory
Programs occupy 877K.
trying to open external vis file
maps/dm4.vis not found, trying argus.vis
external vis not found
ARGUS slots 8
ARGUS worldspawn reached
ARGNAV 137 nodes, 676 links
0 entities inhibited
ARGUS init on dm4
ARGEVT Carmack spawned
ARGEVT Romero spawned
ARGEVT Joe Rogan spawned
Server spawned.
ARGLOG Joe Rogan t   1.2 pos '-64.0 -232.0 -72.0' spd 0 yaw 357.6 mode 0 st 0 gl 0 hp 100 frg 0
ARGLOG Romero t   1.2 pos '112.0 -1136.0 -104.0' spd 0 yaw  92.5 mode 0 st 0 gl 0 hp 100 frg 0
ARGLOG Carmack t   1.2 pos '-64.0 512.0 -296.0' spd 0 yaw 299.6 mode 0 st 0 gl 0 hp 100 frg 0
ARGEVT Carmack hazard
ARGLOG Joe Rogan t   1.7 pos ' 91.3 -237.4 -72.0' spd 320 yaw 357.6 mode 0 st 0 gl 0 hp 100 frg 0
ARGLOG Romero t   1.7 pos '106.6 -980.7 -104.0' spd 320 yaw  92.5 mode 0 st 0 gl 0 hp 100 frg 0
ARGLOG Carmack t   1.7 pos '-48.4 420.4 -296.0' spd 321.5 yaw 178.2 mode 0 st 0 gl 0 hp 100 frg 0
ARGLOG Joe Rogan t   2.2 pos '271.3 -244.1 -84.5' spd 320 yaw 357.6 mode 0 st 0 gl 0 hp 100 frg 0
ARGLOG Romero t   2.2 pos '100.9 -817.0 -104.0' spd 320 yaw  92.5 mode 0 st 0 gl 0 hp 100 frg 0
ARGLOG Carmack t   2.2 pos '-212.3 420.7 -296.0' spd 320.0 yaw  32.2 mode 0 st 0 gl 0 hp 100 frg 0
ARGEVT Romero hazard
ARGEVT Carmack hazard
ARGLOG Joe Rogan t   2.7 pos '389.3 -282.5 -263.0' spd 189.2 yaw 182.4 mode 0 st 0 gl 0 hp 100 frg 0
ARGLOG Romero t   2.7 pos '118.6 -832.3 -104.0' spd 329.8 yaw 250.2 mode 0 st 0 gl 0 hp 100 frg 0
ARGLOG Carmack t   2.7 pos '-224.4 400.1 -296.0' spd 254.5 yaw  49.2 mode 0 st 0 gl 0 hp 100 frg 0
ARGEVT Joe Rogan hazard
ARGEVT Joe Rogan jump
ARGLOG Joe Rogan t   3.3 pos '297.1 -258.5 -261.5' spd 263.3 yaw 139.2 mode 0 st 0 gl 0 hp 100 frg 0
ARGLOG Romero t   3.3 pos ' 80.0 -992.6 -104.0' spd 303.9 yaw  27.2 mode 0 st 0 gl 0 hp 100 frg 0
ARGLOG Carmack t   3.3 pos '-116.5 435.8 -296.0' spd 324.3 yaw  17.7 mode 0 st 0 gl 0 hp 100 frg 0
ARGLOG Joe Rogan t   3.8 pos '197.8 -273.3 -296.0' spd 301.8 yaw 171.6 mode 0 st 0 gl 0 hp 100 frg 0
ARGLOG Romero t   3.8 pos '231.4 -970.1 -104.0' spd 321.1 yaw  27.2 mode 0 st 0 gl 0 hp 100 frg 0
ARGLOG Carmack t   3.8 pos '-14.3 485.9 -296.0' spd 286.5 yaw 159.1 mode 0 st 0 gl 0 hp 100 frg 0
ARGEVT Joe Rogan hazard
ARGEVT Joe Rogan goal weapon_rocketlauncher
ARGEVT Romero goal item_armorInv
ARGEVT Carmack goal item_health
ARGEVT Joe Rogan route 5 start '145.0 -247.0 -296.0' goal ' 81.0  73.0 -296.0'
ARGEVT Carmack hazard
ARGLOG Joe Rogan t   4.3 pos ' 46.8 -244.0 -296.0' spd 323.5 yaw 106 mode 2 st 0 gl 0 hp 100 frg 0
ARGLOG Romero t   4.3 pos '384.9 -908.1 -104.0' spd 322.6 yaw 7 mode 0 st 0 gl 0 hp 100 frg 0
ARGLOG Carmack t   4.3 pos '-118.1 593.2 -296.0' spd 305.1 yaw  75.9 mode 1 st 0 gl 0 hp 100 frg 0
ARGEVT Romero route 8 start '401.0 -887.0 -104.0' goal '817.0 -855.0 -232.0'
ARGEVT Joe Rogan engage Carmack
ARGEVT Romero hazard
ARGEVT Carmack goal weapon_lightning
ARGEVT Carmack route 17 start '-47.0 585.0 -296.0' goal '529.0 -311.0 -104.0'
ARGEVT Carmack engage Joe Rogan
ARGLOG Joe Rogan t   4.8 pos '-51.0 -117.7 -296.0' spd 329.8 yaw  88.6 mode 2 st 0 gl 0 hp 100 frg 0
ARGLOG Romero t   4.8 pos '453.8 -787.1 -104.0' spd 355.7 yaw 117 mode 2 st 0 gl 0 hp 100 frg 0
ARGLOG Carmack t   4.8 pos ' -5.2 559.9 -296.0' spd 336.6 yaw 258.2 mode 2 st 0 gl 1 hp 200 frg 0
ARGLOG Joe Rogan t   5.3 pos '-47.3  17.6 -296.0' spd 177.6 yaw  88.7 mode 1 st 0 gl 0 hp 100 frg 0
ARGLOG Romero t   5.3 pos '324.8 -680.6 -104.0' spd 355.9 yaw 70 mode 2 st 0 gl 0 hp 100 frg 0
ARGLOG Carmack t   5.3 pos '-79.4 434.9 -296.0' spd 324.7 yaw 269.6 mode 2 st 0 gl 1 hp 200 frg 0
ARGEVT Carmack hazard
ARGEVT Joe Rogan grab weapon_rocketlauncher
ARGEVT Joe Rogan goal weapon_grenadelauncher
ARGEVT Joe Rogan route 13 start ' 49.0 105.0 -296.0' goal '145.0 -407.0 -104.0'
ARGLOG Joe Rogan t   5.8 pos ' 69.4  74.4 -296.0' spd 356.9 yaw  81.6 mode 2 st 0 gl 1 hp 80 frg 0
ARGLOG Romero t   5.8 pos '339.4 -508.6 -104.0' spd 347.3 yaw 114 mode 2 st 0 gl 0 hp 100 frg 0
ARGLOG Carmack t   5.8 pos '  2.7 431.1 -296.0' spd 324.6 yaw 284.3 mode 0 st 0 gl 1 hp 176 frg 0
ARGEVT Carmack route 17 start '-15.0 457.0 -296.0' goal '529.0 -311.0 -104.0'
ARGEVT Romero hazard
ARGLOG Joe Rogan t   6.3 pos '-21.1  76.1 -296.0' spd 321.0 yaw 105.6 mode 2 st 0 gl 1 hp 80 frg 0
ARGLOG Romero t   6.3 pos '273.1 -399.9 -104.0' spd 145.6 yaw 4 mode 2 st 0 gl 0 hp 100 frg 0
ARGLOG Carmack t   6.3 pos '-23.5 433.8 -296.0' spd 320.0 yaw 267.5 mode 2 st 0 gl 1 hp 176 frg 0
ARGEVT Carmack hazard
ARGLOG Joe Rogan t   6.9 pos '-186.5 101.3 -296.0' spd 387.6 yaw  62.0 mode 2 st 0 gl 1 hp 56 frg 0
ARGLOG Romero t   6.9 pos '416.3 -384.3 -104.0' spd 320.2 yaw 341 mode 2 st 0 gl 0 hp 100 frg 0
ARGLOG Carmack t   6.9 pos '-65.2 332.3 -296.0' spd 340.5 yaw 240.1 mode 2 st 0 gl 1 hp 123 frg 0
ARGLOG Joe Rogan t   7.4 pos '-70.5  52.4 -296.0' spd 327.2 yaw  94.8 mode 2 st 0 gl 1 hp 56 frg 0
ARGLOG Romero t   7.4 pos '558.9 -302.7 -104.0' spd 410.0 yaw 134.2 mode 2 st 0 gl 0 hp 100 frg 0
ARGEVT Carmack goal weapon_rocketlauncher
ARGLOG Carmack t   7.4 pos '-79.6 244.9 -296.0' spd 428.4 yaw 269.6 mode 0 st 0 gl 1 hp 49 frg 0
ARGEVT Joe Rogan weapon sg
ARGEVT Carmack route 18 start '-111.0 201.0 -296.0' goal '753.0 -887.0 -232.0'
ARGEVT Carmack retreat
ARGEVT Joe Rogan hazard
ARGEVT Romero hazard
ARGLOG Joe Rogan t   7.9 pos '-128.1  51.9 -296.0' spd 164.4 yaw  77.4 mode 2 st 0 gl 1 hp 32 frg 0
ARGLOG Romero t   7.9 pos '471.6 -145.5 -104.0' spd 363.0 yaw 309 mode 2 st 0 gl 0 hp 100 frg 0
ARGLOG Carmack t   7.9 pos '-76.7 195.7 -296.0' spd 317.4 yaw 253.7 mode 0 st 0 gl 1 hp 25 frg 0
ARGEVT Joe Rogan weapon rl
ARGUS routecache adopt
ARGEVT Carmack route 18 start '-111.0 201.0 -296.0' goal '753.0 -887.0 -232.0'
ARGEVT Carmack hazard
ARGLOG Joe Rogan t   8.4 pos ' 33.7  69.9 -296.0' spd 329.6 yaw 118.1 mode 2 st 0 gl 1 hp 32 frg 0
ARGLOG Romero t   8.4 pos '483.4 -185.5 -104.0' spd 326.3 yaw 311 mode 2 st 0 gl 0 hp 100 frg 0
ARGLOG Carmack t   8.4 pos '-118.8 347.6 -296.0' spd 374.8 yaw 298.8 mode 2 st 0 gl 1 hp 25 frg 0
ARGEVT Joe Rogan grab item_artifact_super_damage
ARGLOG Joe Rogan t   8.9 pos ' 75.0  53.2 -296.0' spd 114.9 yaw 113.8 mode 2 st 0 gl 1 hp 24 frg 0
ARGLOG Romero t   8.9 pos '461.0 -346.9 -104.0' spd 320.5 yaw 332 mode 2 st 0 gl 0 hp 100 frg 0
ARGLOG Carmack t   8.9 pos '-93.3 504.7 -296.0' spd 167.0 yaw 290.4 mode 0 st 0 gl 1 hp 25 frg 0
ARGEVT Carmack route 20 start '-111.0 457.0 -296.0' goal '753.0 -887.0 -232.0'
ARGEVT Joe Rogan hazard
ARGEVT Carmack hazard
ARGLOG Joe Rogan t   9.4 pos ' 65.1  48.0 -296.0' spd 317.3 yaw  88.8 mode 2 st 0 gl 1 hp 4 frg 0
ARGLOG Romero t   9.4 pos '392.2 -507.8 -104.0' spd 380.1 yaw 175.8 mode 2 st 0 gl 0 hp 100 frg 0
ARGLOG Carmack t   9.4 pos '-51.2 507.3 -296.0' spd 320.3 yaw 287.8 mode 2 st 0 gl 1 hp 25 frg 0
ARGEVT Joe Rogan death Carmack pos '110.2  48.2 -296.0'
ARGUS Carmack watch spawn
ARGEVT Romero route 6 start '273.0 -503.0 -104.0' goal '817.0 -855.0 -232.0'
ARGLOG Romero t   9.9 pos '240.0 -441.3 -104.0' spd 285.5 yaw 105 mode 2 st 0 gl 0 hp 100 frg 0
ARGLOG Carmack t   9.9 pos '-89.6 450.1 -296.0' spd 304.1 yaw 152.6 mode 2 st 0 gl 1 hp 25 frg 1
ARGEVT Romero hazard
ARGEVT Carmack goal weapon_rocketlauncher
ARGEVT Carmack route 20 start '-111.0 457.0 -296.0' goal '753.0 -887.0 -232.0'
ARGEVT Carmack hazard
ARGLOG Romero t  10.5 pos '255.4 -400.8 -104.0' spd 320.0 yaw 3 mode 2 st 0 gl 0 hp 100 frg 0
ARGLOG Carmack t  10.5 pos '-199.3 404.8 -296.0' spd 388.9 yaw 320 mode 2 st 0 gl 1 hp 25 frg 1
ARGLOG Romero t  11.0 pos '419.7 -384.1 -104.0' spd 320.2 yaw 341 mode 2 st 0 gl 0 hp 100 frg 0
ARGLOG Carmack t  11.0 pos '-63.9 442.9 -296.0' spd 323.2 yaw 336.4 mode 0 st 0 gl 1 hp 25 frg 1
ARGEVT Carmack route 21 start '-15.0 457.0 -296.0' goal '753.0 -887.0 -232.0'
ARGEVT Joe Rogan respawn
ARGEVT Joe Rogan goal backpack
ARGLOG Joe Rogan t  11.4 pos '272.0 -952.0  24.0' spd 0 yaw  16.6 mode 0 st 0 gl 1 hp 100 frg 0
ARGLOG Romero t  11.5 pos '562.9 -303.4 -104.0' spd 409.9 yaw 133.5 mode 2 st 0 gl 0 hp 100 frg 0
ARGLOG Carmack t  11.5 pos ' 16.0 441.0 -296.0' spd 161.1 yaw 222 mode 2 st 0 gl 1 hp 25 frg 1
ARGEVT Joe Rogan route 12 start '305.0 -983.0  24.0' goal ' 81.0  73.0 -296.0'
ARGLOG Joe Rogan t  11.9 pos '406.1 -866.0  24.0' spd 327.7 yaw 77 mode 2 st 0 gl 1 hp 100 frg 0
ARGLOG Romero t 12 pos '469.4 -151.4 -104.0' spd 342.4 yaw 309 mode 2 st 0 gl 0 hp 100 frg 0
ARGEVT Romero hazard
ARGLOG Carmack t 12 pos '-105.4 540.3 -296.0' spd 422.2 yaw 266 mode 2 st 0 gl 1 hp 25 frg 1
ARGEVT Joe Rogan hazard
ARGEVT Carmack hazard
ARGEVT Joe Rogan route 11 start '401.0 -791.0  24.0' goal ' 81.0  73.0 -296.0'
ARGLOG Joe Rogan t  12.5 pos '408.3 -759.4  24.0' spd 320.0 yaw 75 mode 2 st 0 gl 1 hp 100 frg 0
ARGLOG Romero t  12.5 pos '480.4 -153.1 -104.0' spd 322.3 yaw 308 mode 2 st 0 gl 0 hp 100 frg 0
ARGLOG Carmack t  12.5 pos '-85.9 411.4 -296.0' spd 357.5 yaw 276 mode 2 st 0 gl 1 hp 25 frg 1
ARGLOG Joe Rogan t  13.0 pos '292.8 -861.9  24.0' spd 422.7 yaw 71 mode 2 st 0 gl 1 hp 100 frg 0
ARGLOG Romero t  13.0 pos '567.5 -292.5 -104.0' spd 320.1 yaw 312 mode 2 st 0 gl 0 hp 100 frg 0
ARGLOG Carmack t  13.0 pos '-84.6 242.2 -296.0' spd 323.2 yaw 279 mode 2 st 0 gl 1 hp 25 frg 1
ARGEVT Romero jump
ARGLOG Joe Rogan t  13.5 pos '624.0  96.0 -269.0' spd 300 yaw 246 mode 2 st 0 gl 1 hp 100 frg 0
ARGLOG Romero t  13.5 pos '665.8 -424.2 -66.3' spd 321.7 yaw 310 mode 2 st 0 gl 0 hp 100 frg 0
ARGLOG Carmack t  13.5 pos '-27.4 102.2 -296.0' spd 341.4 yaw 266 mode 2 st 0 gl 1 hp 25 frg 1
ARGLOG Joe Rogan t  14.0 pos '624.0  18.9 -296.0' spd 300 yaw 240 mode 2 st 0 gl 1 hp 100 frg 0
ARGLOG Romero t  14.1 pos '422.5 -240.0 -281.8' spd 300 yaw 304 mode 0 st 0 gl 0 hp 100 frg 0
ARGLOG Carmack t  14.1 pos '-25.8 -64.1 -296.0' spd 321.1 yaw 284 mode 2 st 0 gl 1 hp 25 frg 1
ARGEVT Romero route 13 start '369.0 -247.0 -296.0' goal '817.0 -855.0 -232.0'
ARGEVT Romero engage Carmack
ARGEVT Carmack engage Romero
ARGEVT Carmack retreat
ARGLOG Joe Rogan t  14.5 pos '624.9 -97.0 -296.0' spd 328.3 yaw 211 mode 2 st 0 gl 1 hp 100 frg 0
ARGLOG Romero t  14.6 pos '453.4 -240.0 -296.0' spd 300 yaw 157.4 mode 2 st 0 gl 0 hp 100 frg 0
ARGLOG Carmack t  14.6 pos '-22.8 -201.0 -296.0' spd  99.6 yaw 354.6 mode 0 st 0 gl 1 hp 25 frg 1
ARGEVT Romero weapon sg
ARGEVT Carmack route 16 start '-47.0 -151.0 -296.0' goal '753.0 -887.0 -232.0'
ARGEVT Romero hazard
ARGEVT Joe Rogan engage Romero
ARGEVT Carmack hazard
ARGLOG Joe Rogan t  15.0 pos '597.3 -246.3 -296.0' spd 104.7 yaw 194.5 mode 2 st 0 gl 1 hp 100 frg 0
ARGEVT Romero pursue
ARGEVT Carmack pursue
ARGLOG Romero t  15.1 pos '415.2 -270.8 -296.0' spd 322.2 yaw 169 mode 2 st 0 gl 0 hp 100 frg 0
ARGLOG Carmack t  15.1 pos '-64.7 -97.9 -296.0' spd 162.5 yaw 346 mode 2 st 0 gl 1 hp 25 frg 1
ARGUS Carmack hunch item_artifact_super_damage
ARGUS Romero hunch 
ARGEVT Romero pursue
ARGEVT Romero goal backpack
ARGEVT Carmack goal weapon_rocketlauncher
ARGUS routecache adopt
ARGEVT Carmack route 16 start '-47.0 -151.0 -296.0' goal '753.0 -887.0 -232.0'
ARGEVT Carmack pursue
ARGEVT Romero route 5 start '337.0 -247.0 -296.0' goal ' 81.0  73.0 -296.0'
ARGLOG Joe Rogan t  15.5 pos '550.4 -221.3 -296.0' spd 129.7 yaw 183.1 mode 2 st 0 gl 1 hp 100 frg 0
ARGLOG Romero t  15.6 pos '342.5 -217.1 -296.0' spd 332.1 yaw 111.6 mode 2 st 0 gl 0 hp 84 frg 0
ARGLOG Carmack t  15.6 pos '-80.0 -82.7 -296.0' spd 114.1 yaw 247.2 mode 2 st 0 gl 1 hp 25 frg 1
ARGEVT Romero pursue
ARGLOG Joe Rogan t  16.1 pos '515.2 -227.7 -296.0' spd 266.1 yaw 134.2 mode 2 st 0 gl 1 hp 100 frg 0
ARGEVT Romero route 7 start '337.0 -119.0 -296.0' goal ' 81.0  73.0 -296.0'
ARGLOG Romero t  16.1 pos '326.6 -48.0 -296.0' spd   3.2 yaw  55.7 mode 2 st 0 gl 0 hp 68 frg 0
ARGLOG Carmack t  16.1 pos '-34.1 -227.1 -296.0' spd 366.2 yaw 355.2 mode 0 st 0 gl 1 hp 25 frg 1
ARGEVT Romero hazard
ARGEVT Romero weapon lg
ARGEVT Carmack route 15 start ' 17.0 -247.0 -296.0' goal '753.0 -887.0 -232.0'
ARGEVT Joe Rogan hazard
ARGLOG Joe Rogan t  16.6 pos '459.5 -210.4 -296.0' spd 164.4 yaw 125.8 mode 2 st 0 gl 1 hp 100 frg 0
ARGLOG Romero t  16.6 pos '382.3 -125.2 -296.0' spd 201.3 yaw 196.7 mode 2 st 0 gl 0 hp 68 frg 0
ARGLOG Carmack t  16.6 pos '-53.5 -220.3 -296.0' spd 320.0 yaw  13.7 mode 0 st 0 gl 1 hp 25 frg 1
ARGEVT Carmack route 16 start '-79.0 -247.0 -296.0' goal '753.0 -887.0 -232.0'
ARGEVT Carmack hazard
ARGEVT Romero weapon ng
ARGEVT Carmack pursue
ARGEVT Romero weapon lg
ARGLOG Joe Rogan t  17.1 pos '502.3 -255.0 -296.0' spd 321.0 yaw 140.0 mode 2 st 0 gl 1 hp 100 frg 0
ARGLOG Romero t  17.1 pos '343.1 -135.3 -296.0' spd 320.3 yaw 206.1 mode 2 st 0 gl 0 hp 66 frg 0
ARGLOG Carmack t  17.1 pos '-72.6 -253.2 -296.0' spd 113.2 yaw  12.3 mode 0 st 0 gl 1 hp 25 frg 1
ARGUS routecache adopt
ARGEVT Carmack route 16 start '-79.0 -247.0 -296.0' goal '753.0 -887.0 -232.0'
ARGLOG Joe Rogan t  17.6 pos '481.8 -241.2 -296.0' spd 168.3 yaw 186.2 mode 2 st 0 gl 1 hp 100 frg 0
ARGEVT Joe Rogan hazard
ARGLOG Romero t  17.7 pos '329.9 -239.5 -296.0' spd 251.1 yaw 175.1 mode 2 st 0 gl 0 hp 39 frg 0
ARGLOG Carmack t  17.7 pos '-89.3 -230.7 -296.0' spd 322.2 yaw 359.7 mode 2 st 0 gl 1 hp 25 frg 1
ARGEVT Carmack death Romero pos '-75.6 -200.6 -296.0'
ARGUS Romero watch spawn
ARGEVT Romero engage Joe Rogan
ARGEVT Romero hazard
ARGEVT Romero goal backpack
ARGEVT Romero route 5 start '337.0 -247.0 -296.0' goal ' 81.0  73.0 -296.0'
ARGEVT Joe Rogan route 7 start '465.0 -247.0 -296.0' goal ' 81.0  73.0 -296.0'
ARGLOG Joe Rogan t  18.1 pos '439.7 -220.3 -296.0' spd  99.5 yaw 185.5 mode 2 st 0 gl 1 hp 100 frg 0
ARGLOG Romero t  18.2 pos '255.0 -237.1 -296.0' spd 352.1 yaw   3.8 mode 2 st 0 gl 0 hp 23 frg 1
ARGEVT Romero retreat
ARGLOG Joe Rogan t  18.6 pos '474.8 -221.1 -296.0' spd 294.4 yaw 181.6 mode 2 st 0 gl 1 hp 40 frg 0
ARGLOG Romero t  18.7 pos '187.4 -227.3 -296.0' spd  64.2 yaw 359.2 mode 2 st 0 gl 0 hp 7 frg 1
ARGEVT Joe Rogan death Romero pos '517.4 -236.7 -296.0'
ARGEVT Romero hazard
ARGEVT Romero goal backpack
ARGEVT Romero route 5 start '145.0 -247.0 -296.0' goal ' 81.0  73.0 -296.0'
ARGLOG Romero t  19.2 pos '172.3 -203.8 -296.0' spd 148.4 yaw  32.7 mode 2 st 0 gl 0 hp 7 frg 2
ARGEVT Carmack respawn
ARGEVT Carmack goal weapon_rocketlauncher
ARGLOG Carmack t  19.3 pos '-64.0 512.0 -296.0' spd 0 yaw 286.3 mode 0 st 0 gl 1 hp 100 frg 1
ARGEVT Carmack route 21 start '-79.0 553.0 -296.0' goal '753.0 -887.0 -232.0'
ARGEVT Carmack hazard
ARGLOG Romero t  19.7 pos '296.7 -240.4 -296.0' spd 322.0 yaw 355 mode 2 st 0 gl 0 hp 7 frg 2
ARGLOG Carmack t  19.8 pos ' 23.1 409.9 -296.0' spd 168.7 yaw 242 mode 2 st 0 gl 1 hp 100 frg 1
ARGEVT Romero hazard
ARGEVT Romero route 6 start '369.0 -215.0 -296.0' goal ' 81.0  73.0 -296.0'
ARGLOG Romero t  20.2 pos '407.2 -180.2 -296.0' spd 333.8 yaw  63.2 mode 2 st 0 gl 0 hp 7 frg 2
ARGLOG Carmack t  20.3 pos '-82.1 369.2 -296.0' spd 368.3 yaw 276 mode 2 st 0 gl 1 hp 100 frg 1
ARGEVT Joe Rogan respawn
ARGEVT Joe Rogan goal backpack
ARGLOG Joe Rogan t  20.5 pos '776.0 -808.0 -232.0' spd 0 yaw 106.3 mode 0 st 0 gl 1 hp 100 frg 0
ARGEVT Joe Rogan route 5 start '753.0 -759.0 -232.0' goal '465.0 -247.0 -296.0'
ARGEVT Romero route 7 start '337.0 -119.0 -296.0' goal ' 81.0  73.0 -296.0'
ARGLOG Romero t  20.7 pos '341.1 -37.7 -296.0' spd 344.3 yaw 195.7 mode 2 st 0 gl 0 hp 7 frg 2
ARGEVT Joe Rogan hazard
ARGLOG Carmack t  20.8 pos '-97.2 205.5 -296.0' spd 335.6 yaw 279 mode 2 st 0 gl 1 hp 100 frg 1
ARGLOG Joe Rogan t  21.0 pos '728.5 -795.5 -232.0' spd 353.0 yaw 112 mode 2 st 0 gl 1 hp 100 frg 0
ARGEVT Carmack goal backpack
ARGEVT Carmack route 2 start '-47.0  73.0 -296.0' goal '-79.0 -247.0 -296.0'
ARGLOG Romero t  21.3 pos '387.8 -63.6 -296.0' spd 326.4 yaw 290 mode 2 st 0 gl 0 hp 7 frg 2
ARGEVT Joe Rogan route 4 start '753.0 -887.0 -232.0' goal '465.0 -247.0 -296.0'
ARGEVT Romero hazard
ARGLOG Carmack t  21.4 pos '-70.9  41.4 -296.0' spd 325.0 yaw 269 mode 2 st 0 gl 1 hp 100 frg 1
ARGEVT Romero engage Joe Rogan
ARGEVT Romero retreat
ARGEVT Joe Rogan engage Romero
ARGEVT Joe Rogan weapon sg
ARGUS routecache adopt
ARGEVT Joe Rogan route 2 start '369.0   9.0 -296.0' goal '465.0 -247.0 -296.0'
ARGLOG Joe Rogan t  21.5 pos '368.0  25.1 -267.4' spd 300 yaw 281.2 mode 0 st 0 gl 1 hp 100 frg 0
ARGEVT Joe Rogan weapon rl
ARGLOG Romero t  21.8 pos '369.0 -227.7 -296.0' spd 326.8 yaw  93.5 mode 0 st 0 gl 0 hp 7 frg 2
ARGEVT Romero route 6 start '369.0 -215.0 -296.0' goal ' 81.0  73.0 -296.0'
ARGLOG Carmack t  21.9 pos '-58.5 -125.0 -296.0' spd 342.1 yaw 317.3 mode 1 st 0 gl 1 hp 100 frg 1
ARGLOG Joe Rogan t  22.0 pos '368.0 -36.7 -296.0' spd 300 yaw 292.6 mode 2 st 0 gl 1 hp 100 frg 0
ARGEVT Romero death Joe Rogan pos '399.6 -260.2 -296.0'
ARGUS Joe Rogan watch spawn
ARGEVT Joe Rogan engage Carmack
ARGEVT Carmack engage Joe Rogan
ARGEVT Joe Rogan goal backpack
ARGEVT Carmack grab 
ARGLOG Carmack t  22.4 pos ' 37.8 -254.7 -296.0' spd 154.1 yaw  22.7 mode 1 st 0 gl 1 hp 100 frg 1
ARGEVT Joe Rogan grab 
ARGEVT Joe Rogan hazard
ARGLOG Joe Rogan t  22.5 pos '349.7 -138.4 -296.0' spd 322.9 yaw 192.2 mode 1 st 0 gl 1 hp 94 frg 1
ARGEVT Joe Rogan jump
ARGEVT Carmack goal backpack
ARGEVT Carmack route 4 start '-79.0 -247.0 -296.0' goal ' 81.0  73.0 -296.0'
ARGLOG Carmack t  22.9 pos '-80.0 -186.6 -296.0' spd 299.9 yaw   5.8 mode 2 st 0 gl 2 hp 100 frg 1
ARGLOG Joe Rogan t  23.1 pos '432.0 -127.5 -258.6' spd  36.8 yaw 157.8 mode 1 st 0 gl 1 hp 90 frg 1
ARGEVT Joe Rogan pursue
ARGEVT Carmack pursue
ARGUS Carmack hunch 
ARGUS Joe Rogan prefire
ARGEVT Carmack goal backpack
ARGLOG Carmack t  23.4 pos '-24.6 -82.8 -296.0' spd 148.6 yaw 248.3 mode 0 st 0 gl 2 hp 100 frg 1
ARGEVT Carmack route 3 start '-47.0 -23.0 -296.0' goal ' 81.0  73.0 -296.0'
ARGLOG Joe Rogan t  23.6 pos '367.2 -125.7 -296.0' spd 320.3 yaw 195 mode 1 st 0 gl 1 hp 90 frg 1
ARGUS Joe Rogan hunch item_artifact_super_damage
ARGEVT Romero respawn
ARGEVT Carmack pursue
ARGEVT Romero goal item_health
ARGEVT Romero engage Carmack
ARGLOG Romero t  23.7 pos '-64.0 512.0 -296.0' spd 0 yaw 275.9 mode 1 st 0 gl 0 hp 100 frg 2
ARGEVT Joe Rogan goal backpack
ARGEVT Joe Rogan hazard
ARGEVT Joe Rogan pursue
ARGEVT Carmack death Joe Rogan pos '-79.4 -231.7 -296.0'
ARGEVT Joe Rogan goal backpack
ARGLOG Joe Rogan t  24.1 pos '392.3 -128.1 -296.0' spd 177.4 yaw 238.4 mode 1 st 0 gl 1 hp 90 frg 2
ARGEVT Romero hazard
ARGEVT Joe Rogan goal backpack
ARGLOG Romero t  24.2 pos '-54.0 352.6 -296.0' spd 320.3 yaw   7.6 mode 1 st 0 gl 0 hp 100 frg 2
ARGEVT Joe Rogan route 4 start '337.0 -119.0 -296.0' goal '-79.0 -247.0 -296.0'
ARGLOG Joe Rogan t  24.6 pos '283.1 -240.1 -296.0' spd 334.9 yaw 182 mode 2 st 0 gl 2 hp 90 frg 2
ARGLOG Romero t  24.7 pos '-42.4 424.6 -296.0' spd 320.0 yaw 84 mode 1 st 0 gl 0 hp 100 frg 2
ARGEVT Joe Rogan hazard
ARGLOG Joe Rogan t  25.1 pos '130.4 -257.6 -296.0' spd 331.4 yaw 176 mode 1 st 0 gl 2 hp 90 frg 2
ARGLOG Romero t  25.2 pos '-95.8 583.7 -296.0' spd 325.4 yaw 102 mode 1 st 0 gl 0 hp 100 frg 2
ARGEVT Romero hazard
ARGEVT Carmack respawn
ARGEVT Carmack goal weapon_grenadelauncher
ARGLOG Carmack t  25.5 pos '272.0 -952.0  24.0' spd 0 yaw  16.3 mode 0 st 0 gl 2 hp 100 frg 1
ARGEVT Joe Rogan engage Romero
ARGEVT Joe Rogan weapon rl
ARGEVT Joe Rogan grab 
ARGEVT Romero engage Joe Rogan
ARGEVT Carmack route 5 start '305.0 -983.0  24.0' goal '145.0 -407.0 -104.0'
ARGEVT Joe Rogan goal backpack
ARGLOG Joe Rogan t  25.6 pos '-33.2 -223.5 -296.0' spd 402.7 yaw  97.7 mode 0 st 0 gl 3 hp 90 frg 2
ARGEVT Joe Rogan route 4 start '-79.0 -247.0 -296.0' goal ' 81.0  73.0 -296.0'
ARGLOG Romero t  25.7 pos '-121.4 561.3 -296.0' spd 325.2 yaw 277.1 mode 1 st 0 gl 0 hp 100 frg 2
ARGLOG Carmack t  26.0 pos '368.0 -828.8  24.0' spd 326.3 yaw 86 mode 2 st 0 gl 2 hp 100 frg 1
ARGLOG Joe Rogan t  26.1 pos '-71.2 -65.5 -296.0' spd 332.6 yaw  63.2 mode 2 st 0 gl 3 hp 90 frg 2
ARGEVT Carmack hazard
ARGEVT Joe Rogan weapon lg
ARGLOG Romero t  26.2 pos '-99.8 425.9 -296.0' spd 171.4 yaw 278.2 mode 1 st 0 gl 0 hp 100 frg 2
ARGEVT Romero retreat
ARGLOG Carmack t  26.5 pos '344.1 -678.2  24.0' spd 321.1 yaw 98 mode 2 st 0 gl 2 hp 100 frg 1
ARGEVT Romero hazard
ARGEVT Joe Rogan hazard
ARGLOG Joe Rogan t  26.7 pos '-22.4  25.7 -296.0' spd 327.6 yaw 111.4 mode 2 st 0 gl 3 hp 86 frg 2
ARGLOG Romero t  26.8 pos '-232.3 406.4 -290.8' spd  41.8 yaw 307.3 mode 1 st 0 gl 0 hp 34 frg 2
ARGLOG Carmack t  27.0 pos '323.1 -514.3  24.0' spd 320.0 yaw 148 mode 2 st 0 gl 2 hp 100 frg 1
ARGEVT Romero death Joe Rogan pos '-235.6 431.6 -296.0'
ARGLOG Joe Rogan t  27.2 pos '-53.2  95.7 -296.0' spd 339.6 yaw 154.7 mode 1 st 0 gl 3 hp 85 frg 3
ARGEVT Joe Rogan goal backpack
ARGEVT Joe Rogan route 3 start '-47.0  73.0 -296.0' goal '-207.0 425.0 -296.0'
ARGEVT Joe Rogan jump
ARGLOG Carmack t  27.5 pos '271.4 -333.2  -8.2' spd 346.3 yaw 211 mode 2 st 0 gl 2 hp 100 frg 1
ARGLOG Joe Rogan t  27.7 pos '-219.4 178.5 -257.1' spd 378.9 yaw 87 mode 2 st 0 gl 3 hp 85 frg 3
ARGLOG Carmack t  28.0 pos '207.6 -282.9 -229.6' spd  32.1 yaw 244 mode 2 st 0 gl 2 hp 100 frg 1
ARGEVT Joe Rogan hazard
ARGEVT Carmack hazard
ARGLOG Joe Rogan t  28.2 pos '-240.0 248.8 -312.0' spd  87.5 yaw 84 mode 2 st 0 gl 3 hp 85 frg 3
ARGEVT Romero respawn
ARGLOG Carmack t  28.6 pos '143.4 -270.6 -296.0' spd 224.5 yaw 271 mode 2 st 0 gl 2 hp 95 frg 1
ARGEVT Romero goal item_armor2
ARGLOG Romero t  28.6 pos '776.0 -808.0 -232.0' spd 0 yaw  73.4 mode 0 st 0 gl 0 hp 100 frg 2
ARGLOG Joe Rogan t  28.7 pos '-240.0 231.8 -312.0' spd  85.9 yaw 84 mode 2 st 0 gl 3 hp 85 frg 3
ARGEVT Romero route 20 start '753.0 -759.0 -232.0' goal '1169.0 -599.0  24.0'
ARGLOG Carmack t  29.1 pos '112.0 -280.5 -296.0' spd   5.7 yaw 285 mode 2 st 0 gl 2 hp 95 frg 1
ARGLOG Romero t  29.1 pos '804.2 -703.0 -200.0' spd 297.1 yaw 104 mode 2 st 0 gl 0 hp 100 frg 2
ARGEVT Joe Rogan hazard
ARGEVT Carmack hazard
ARGLOG Joe Rogan t  29.2 pos '-240.0 247.5 -312.0' spd 315.3 yaw 83 mode 2 st 0 gl 3 hp 85 frg 3
ARGEVT Romero jump
ARGEVT Carmack stall
ARGEVT Carmack stallnode '145.0 -407.0 -104.0'
ARGLOG Carmack t  29.6 pos '112.0 -283.5 -296.0' spd   5.7 yaw 407.7 mode 0 st 1 gl 2 hp 95 frg 1
ARGEVT Carmack jump
ARGLOG Romero t  29.6 pos '752.1 -649.1 -146.0' spd  30.0 yaw 114 mode 2 st 0 gl 0 hp 100 frg 2
ARGLOG Joe Rogan t  29.7 pos '-238.9 249.6 -312.0' spd  94.9 yaw 84 mode 2 st 0 gl 3 hp 85 frg 3
ARGEVT Carmack route 10 start '145.0 -247.0 -296.0' goal '145.0 -407.0 -104.0'
ARGEVT Romero jump
ARGLOG Carmack t  30.1 pos '116.1 -300.3 -273.4' spd  54.7 yaw 11 mode 2 st 1 gl 2 hp 95 frg 1
ARGLOG Romero t  30.2 pos '753.7 -560.0 -124.3' spd   4.4 yaw 124 mode 2 st 0 gl 0 hp 100 frg 2
ARGEVT Joe Rogan hazard
ARGLOG Joe Rogan t  30.3 pos '-240.0 231.5 -312.0' spd 105.2 yaw 80 mode 2 st 0 gl 3 hp 85 frg 3
ARGEVT Carmack swim
ARGLOG Carmack t  30.6 pos '141.6 -318.7 -403.0' spd  91.8 yaw 17 mode 2 st 1 gl 2 hp 75 frg 1
ARGLOG Romero t  30.7 pos '755.5 -545.3 -120.0' spd  37.7 yaw 148 mode 2 st 0 gl 0 hp 100 frg 2
ARGLOG Joe Rogan t  30.8 pos '-240.0 222.7 -312.0' spd 180.9 yaw 80 mode 2 st 0 gl 3 hp 85 frg 3
ARGEVT Romero hazard
ARGEVT Joe Rogan stall
ARGEVT Joe Rogan stallnode '-207.0 329.0 -360.0'
ARGEVT Joe Rogan jump
ARGEVT Romero jump
ARGLOG Carmack t  31.1 pos '229.8 -304.0 -398.5' spd 214.4 yaw 22 mode 2 st 1 gl 2 hp 15 frg 1
ARGLOG Romero t  31.2 pos '767.7 -416.4 -82.7' spd 158.7 yaw 177 mode 2 st 0 gl 0 hp 100 frg 2
ARGEVT Joe Rogan route 2 start '-239.0 105.0 -296.0' goal '-207.0 425.0 -296.0'
ARGLOG Joe Rogan t  31.3 pos '-240.0 242.1 -277.7' spd  89.8 yaw 69 mode 2 st 1 gl 3 hp 85 frg 3
ARGEVT Carmack death world pos '264.0 -301.7 -397.1'
ARGLOG Romero t  31.7 pos '768.4 -415.6 -102.3' spd  48.3 yaw 177 mode 2 st 0 gl 0 hp 100 frg 2
ARGLOG Joe Rogan t  31.8 pos '-210.2 270.6 -339.7' spd 119.5 yaw 261 mode 2 st 1 gl 3 hp 85 frg 3
ARGEVT Romero hazard
ARGEVT Joe Rogan jump
ARGLOG Romero t  32.2 pos '752.0 -491.5 -104.0' spd 116.9 yaw 159 mode 2 st 0 gl 0 hp 100 frg 2
ARGLOG Joe Rogan t  32.3 pos '-213.8 144.0 -338.4' spd  73.2 yaw 88 mode 2 st 1 gl 3 hp 79 frg 3
ARGLOG Romero t  32.7 pos '752.0 -537.5 -116.9' spd  18.5 yaw 149 mode 2 st 0 gl 0 hp 100 frg 2
ARGLOG Joe Rogan t  32.8 pos '-214.9 153.0 -341.6' spd  71.3 yaw 88 mode 2 st 1 gl 3 hp 79 frg 3
ARGEVT Carmack respawn
ARGEVT Carmack goal weapon_lightning
ARGLOG Carmack t  32.9 pos '784.0 -176.0  24.0' spd 0 yaw 196.3 mode 0 st 1 gl 2 hp 100 frg 0
ARGEVT Carmack route 4 start '785.0 -183.0  24.0' goal '529.0 -311.0 -104.0'
ARGEVT Romero hazard
ARGLOG Romero t  33.2 pos '775.8 -408.3 -104.0' spd 157.7 yaw 179 mode 2 st 0 gl 0 hp 100 frg 2
ARGLOG Joe Rogan t  33.4 pos '-196.3 283.2 -360.0' spd 322.5 yaw 94 mode 2 st 1 gl 3 hp 73 frg 3
ARGEVT Joe Rogan rjump
ARGLOG Carmack t  33.4 pos '631.9 -208.0  24.0' spd 296.1 yaw 204 mode 2 st 1 gl 2 hp 100 frg 0
ARGEVT Joe Rogan weapon lg
ARGEVT Joe Rogan goal item_health
ARGEVT Joe Rogan route 2 start '-207.0 425.0 -296.0' goal '-47.0 585.0 -296.0'
ARGLOG Romero t  33.8 pos '752.0 -492.7 -104.0' spd 121.8 yaw 158 mode 2 st 0 gl 0 hp 100 frg 2
ARGLOG Joe Rogan t  33.9 pos '-205.2 394.9 -221.0' spd 162.2 yaw 50 mode 2 st 1 gl 3 hp 61 frg 3
ARGLOG Carmack t  33.9 pos '468.8 -308.2 -20.5' spd 344.6 yaw 336.2 mode 1 st 1 gl 2 hp 100 frg 0
ARGEVT Romero hazard
ARGLOG Romero t  34.3 pos '752.0 -532.1 -120.0' spd  30.2 yaw 150 mode 2 st 0 gl 0 hp 100 frg 2
ARGEVT Carmack hazard
ARGLOG Joe Rogan t  34.4 pos '-159.6 432.0 -296.0' spd 331.0 yaw  36.3 mode 2 st 1 gl 3 hp 61 frg 3
ARGLOG Carmack t  34.4 pos '533.7 -408.9 -104.0' spd 323.2 yaw  11.7 mode 1 st 1 gl 2 hp 100 frg 0
ARGLOG Romero t  34.8 pos '771.4 -412.6 -104.0' spd 144.7 yaw 178 mode 2 st 0 gl 0 hp 100 frg 2
ARGLOG Joe Rogan t  34.9 pos '-29.3 541.6 -296.0' spd 332.2 yaw 84 mode 1 st 1 gl 3 hp 61 frg 3
ARGLOG Carmack t  34.9 pos '663.4 -305.9 -104.0' spd 389.7 yaw 123 mode 1 st 1 gl 2 hp 100 frg 0
ARGEVT Joe Rogan goal item_armorInv
ARGEVT Joe Rogan hazard
ARGEVT Romero hazard
ARGEVT Joe Rogan route 15 start '-47.0 585.0 -296.0' goal '817.0 -855.0 -232.0'
ARGLOG Romero t  35.3 pos '752.0 -495.0 -104.0' spd 121.8 yaw 158 mode 2 st 0 gl 0 hp 100 frg 2
ARGLOG Joe Rogan t  35.4 pos '-33.7 622.0 -296.0' spd 269.9 yaw 256 mode 2 st 1 gl 4 hp 161 frg 3
ARGLOG Carmack t  35.5 pos '549.5 -219.4 -104.0' spd 324.0 yaw 165 mode 1 st 1 gl 2 hp 100 frg 0
ARGEVT Carmack hazard
ARGLOG Romero t  35.8 pos '752.0 -528.0 -120.0' spd 0 yaw 151 mode 2 st 0 gl 0 hp 100 frg 2
ARGLOG Joe Rogan t  35.9 pos '-28.6 466.6 -296.0' spd 320.7 yaw 253 mode 2 st 1 gl 4 hp 161 frg 3
ARGLOG Carmack t  36.0 pos '477.6 -278.7 -104.0' spd 322.9 yaw 310.9 mode 1 st 1 gl 2 hp 100 frg 0
ARGEVT Romero hazard
ARGEVT Romero stall
ARGEVT Romero stallnode '625.0 -375.0 -104.0'
ARGLOG Romero t  36.3 pos '752.0 -528.0 -120.0' spd 0 yaw 365.7 mode 0 st 1 gl 0 hp 100 frg 2
ARGEVT Romero jump
ARGLOG Joe Rogan t  36.4 pos '-52.1 303.6 -296.0' spd 325.7 yaw 271 mode 2 st 1 gl 4 hp 161 frg 3
ARGLOG Carmack t  36.5 pos '568.8 -431.6 -104.0' spd 394.0 yaw 211.4 mode 1 st 1 gl 2 hp 100 frg 0
ARGEVT Romero route 17 start '753.0 -503.0 -104.0' goal '1169.0 -599.0  24.0'
ARGEVT Joe Rogan hazard
ARGLOG Romero t  36.8 pos '752.1 -514.3 -97.4' spd  37.7 yaw 154 mode 2 st 1 gl 0 hp 100 frg 2
ARGLOG Joe Rogan t  37.0 pos '-87.0 146.0 -296.0' spd 320.1 yaw 278 mode 2 st 1 gl 4 hp 161 frg 3
ARGLOG Carmack t  37.0 pos '462.9 -388.7 -104.0' spd 320.0 yaw 141 mode 1 st 1 gl 2 hp 100 frg 0
ARGEVT Carmack hazard
ARGEVT Romero jump
ARGLOG Romero t  37.4 pos '771.8 -412.2 -75.1' spd  50.3 yaw 178 mode 2 st 1 gl 0 hp 100 frg 2
ARGLOG Joe Rogan t  37.5 pos '-52.8 -14.0 -296.0' spd 320.7 yaw 287 mode 2 st 1 gl 4 hp 161 frg 3
ARGLOG Carmack t  37.5 pos '375.2 -390.0 -104.0' spd 235.1 yaw 29 mode 1 st 1 gl 2 hp 100 frg 0
ARGLOG Romero t  37.9 pos '761.1 -423.0 -104.0' spd  56.1 yaw 176 mode 2 st 1 gl 0 hp 100 frg 2
ARGEVT Romero hazard
ARGLOG Joe Rogan t  38.0 pos '-16.0 -174.6 -296.0' spd 302.7 yaw 349 mode 2 st 1 gl 4 hp 161 frg 3
ARGEVT Joe Rogan engage Carmack
ARGEVT Joe Rogan weapon rl
ARGEVT Carmack goal weapon_rocketlauncher
ARGLOG Carmack t  38.0 pos '525.1 -317.6 -104.0' spd 338.7 yaw  12.9 mode 0 st 1 gl 3 hp 100 frg 0
ARGEVT Carmack route 7 start '529.0 -311.0 -104.0' goal ' 81.0  73.0 -296.0'
ARGEVT Joe Rogan route 9 start ' 17.0 -247.0 -296.0' goal '817.0 -855.0 -232.0'
ARGLOG Romero t  38.4 pos '752.0 -497.1 -104.0' spd 119.5 yaw 158 mode 2 st 1 gl 0 hp 100 frg 2
ARGLOG Joe Rogan t  38.5 pos '103.9 -270.5 -296.0' spd 326.4 yaw 355.7 mode 2 st 1 gl 4 hp 161 frg 3
ARGEVT Carmack hazard
ARGLOG Carmack t  38.5 pos '679.0 -307.4 -104.0' spd 399.5 yaw 275.0 mode 2 st 1 gl 3 hp 100 frg 0
ARGEVT Joe Rogan pursue
ARGLOG Romero t  38.9 pos '752.0 -536.0 -120.0' spd  30.3 yaw 149 mode 2 st 1 gl 0 hp 100 frg 2
ARGEVT Romero hazard
ARGUS Joe Rogan hunch item_artifact_super_damage
ARGEVT Joe Rogan goal item_armorInv
ARGUS routecache adopt
ARGEVT Joe Rogan route 8 start '337.0 -247.0 -296.0' goal '817.0 -855.0 -232.0'
ARGEVT Joe Rogan pursue
ARGLOG Joe Rogan t 39 pos '255.4 -284.9 -296.0' spd  99.1 yaw 149.7 mode 0 st 1 gl 4 hp 161 frg 3
ARGEVT Joe Rogan hazard
ARGLOG Carmack t  39.1 pos '592.0 -437.0 -120.0' spd  57.6 yaw 161 mode 2 st 1 gl 3 hp 100 frg 0
ARGEVT Joe Rogan pursue
ARGLOG Romero t  39.4 pos '770.8 -413.2 -104.0' spd 143.2 yaw 178 mode 2 st 1 gl 0 hp 100 frg 2
ARGEVT Joe Rogan weapon lg
ARGLOG Joe Rogan t  39.5 pos '142.1 -219.3 -296.0' spd  76.7 yaw 349.0 mode 2 st 1 gl 4 hp 161 frg 3
ARGEVT Carmack engage Joe Rogan
ARGLOG Carmack t  39.6 pos '483.1 -380.1 -104.0' spd 314.2 yaw 159.9 mode 2 st 1 gl 3 hp 100 frg 0
ARGLOG Romero t  39.9 pos '752.0 -498.0 -104.0' spd 117.4 yaw 157 mode 2 st 1 gl 0 hp 100 frg 2
ARGEVT Romero hazard
ARGEVT Joe Rogan weapon rl
ARGLOG Joe Rogan t  40.0 pos '149.0 -252.0 -296.0' spd 303.1 yaw  23.0 mode 2 st 1 gl 4 hp 128 frg 3
ARGEVT Carmack grab 
ARGLOG Carmack t  40.1 pos '488.4 -222.6 -104.0' spd 100.0 yaw 181.0 mode 2 st 1 gl 3 hp 70 frg 0
ARGEVT Joe Rogan retreat
ARGLOG Romero t  40.4 pos '752.0 -536.9 -120.0' spd  30.6 yaw 149 mode 2 st 1 gl 0 hp 100 frg 2
ARGEVT Joe Rogan hazard
ARGEVT Joe Rogan death Carmack pos ' 28.3 -268.1 -296.0'
ARGUS Carmack watch spawn
ARGLOG Carmack t  40.6 pos '456.8 -169.3 -104.0' spd 563.2 yaw 109.0 mode 2 st 1 gl 3 hp 20 frg 1
ARGEVT Romero stall
ARGEVT Romero stallnode '625.0 -375.0 -104.0'
ARGEVT Romero jump
ARGEVT Carmack goal item_health
ARGEVT Carmack route 3 start '465.0 -151.0 -104.0' goal '465.0 -471.0  24.0'
ARGEVT Romero route 17 start '753.0 -503.0 -104.0' goal '1169.0 -599.0  24.0'
ARGLOG Romero t  41.0 pos '753.1 -430.9 -65.1' spd 177.1 yaw 156 mode 2 st 2 gl 0 hp 100 frg 2
ARGLOG Carmack t  41.1 pos '500.4 -238.9 -104.0' spd 320.6 yaw 280 mode 2 st 1 gl 3 hp 20 frg 1
ARGLOG Romero t  41.5 pos '809.6 -441.4 -104.0' spd 353.9 yaw 230.3 mode 2 st 2 gl 0 hp 100 frg 2
ARGEVT Carmack jump
ARGEVT Romero jump
ARGLOG Carmack t  41.6 pos '531.6 -400.2 -82.5' spd 320.3 yaw 227 mode 2 st 1 gl 3 hp 20 frg 1
ARGLOG Romero t  42.0 pos '752.0 -540.3 -66.0' spd  29.3 yaw 149 mode 2 st 2 gl 0 hp 100 frg 2
ARGEVT Joe Rogan respawn
ARGEVT Joe Rogan goal weapon_rocketlauncher
ARGLOG Joe Rogan t  42.1 pos '112.0 -1136.0 -104.0' spd 0 yaw  61.6 mode 0 st 1 gl 4 hp 100 frg 3
ARGLOG Carmack t  42.1 pos '524.0 -430.2 -102.3' spd  46.7 yaw 215 mode 2 st 1 gl 3 hp 20 frg 1
ARGEVT Joe Rogan route 13 start '113.0 -1079.0 -104.0' goal ' 81.0  73.0 -296.0'
ARGEVT Romero hazard
ARGEVT Carmack jump
ARGLOG Romero t  42.5 pos '752.0 -491.1 -104.0' spd 317.3 yaw 159 mode 2 st 2 gl 0 hp 100 frg 2
ARGLOG Joe Rogan t  42.6 pos '144.1 -982.0 -104.0' spd 325.9 yaw 64 mode 2 st 1 gl 4 hp 100 frg 3
ARGLOG Carmack t  42.6 pos '589.0 -303.8 -65.1' spd 327.1 yaw 234 mode 2 st 1 gl 3 hp 20 frg 1
ARGLOG Romero t  43.0 pos '752.0 -464.8 -104.0' spd 212.9 yaw 165 mode 2 st 2 gl 0 hp 100 frg 2
ARGLOG Joe Rogan t  43.1 pos '204.8 -827.3 -104.0' spd 322.6 yaw 63 mode 2 st 1 gl 4 hp 100 frg 3
ARGLOG Carmack t  43.2 pos '644.9 -393.2 -104.0' spd 365.1 yaw 204 mode 2 st 1 gl 3 hp 20 frg 1
ARGEVT Joe Rogan hazard
ARGEVT Carmack jump
ARGEVT Romero hazard
ARGLOG Romero t  43.5 pos '752.0 -525.6 -104.0' spd 107.4 yaw 151 mode 2 st 2 gl 0 hp 100 frg 2
ARGLOG Joe Rogan t  43.6 pos '328.2 -729.2 -104.0' spd 375.6 yaw 73 mode 2 st 1 gl 4 hp 100 frg 3
ARGLOG Carmack t  43.7 pos '575.8 -432.0 -82.0' spd  63.3 yaw 200 mode 2 st 1 gl 3 hp 20 frg 1
ARGLOG Romero t  44.0 pos '752.0 -457.8 -104.0' spd 372.2 yaw 167 mode 2 st 2 gl 0 hp 100 frg 2
ARGLOG Joe Rogan t  44.1 pos '362.7 -560.0 -104.0' spd 330.9 yaw 56 mode 2 st 1 gl 4 hp 100 frg 3
ARGEVT Carmack engage Joe Rogan
ARGEVT Carmack grab item_health
ARGEVT Carmack jump
ARGEVT Joe Rogan engage Carmack
ARGLOG Carmack t  44.2 pos '491.2 -367.2 -92.3' spd 353.0 yaw 234.7 mode 2 st 1 gl 3 hp 20 frg 1
ARGEVT Romero hazard
ARGLOG Romero t  44.6 pos '752.0 -468.1 -104.0' spd 193.0 yaw 164 mode 2 st 2 gl 0 hp 100 frg 2
ARGLOG Joe Rogan t  44.7 pos '313.9 -423.3 -104.0' spd 178.9 yaw   5.5 mode 2 st 1 gl 4 hp 100 frg 3
ARGEVT Carmack retreat
ARGLOG Carmack t  44.7 pos '438.2 -406.8 -88.8' spd 135.5 yaw 191.8 mode 2 st 1 gl 3 hp 4 frg 1
ARGEVT Joe Rogan grab weapon_grenadelauncher
ARGEVT Joe Rogan hazard
ARGEVT Joe Rogan death Carmack pos '241.6 -480.3 -104.0'
ARGEVT Carmack jump
ARGEVT Carmack goal item_health
ARGEVT Carmack route 2 start '529.0 -407.0 -104.0' goal '465.0 -471.0  24.0'
ARGLOG Romero t  45.1 pos '752.0 -529.0 -104.0' spd 112.1 yaw 151 mode 2 st 2 gl 0 hp 100 frg 2
ARGLOG Carmack t  45.2 pos '521.7 -432.0 -66.3' spd 127.0 yaw 209.8 mode 2 st 1 gl 3 hp 4 frg 2
ARGEVT Romero hazard
ARGLOG Romero t  45.6 pos '757.0 -437.3 -104.0' spd 405.5 yaw 172 mode 2 st 2 gl 0 hp 100 frg 2
ARGLOG Carmack t  45.7 pos '487.2 -430.7 -104.0' spd 300.8 yaw 177 mode 2 st 1 gl 3 hp 4 frg 2
ARGEVT Carmack jump
ARGLOG Romero t  46.1 pos '752.0 -469.8 -104.0' spd 136.2 yaw 164 mode 2 st 2 gl 0 hp 100 frg 2
ARGLOG Carmack t  46.2 pos '322.3 -422.2 -74.5' spd 320.0 yaw 342 mode 2 st 1 gl 3 hp 4 frg 2
ARGEVT Carmack hazard
ARGEVT Joe Rogan respawn
ARGEVT Joe Rogan goal weapon_rocketlauncher
ARGLOG Joe Rogan t  46.6 pos '-64.0 512.0 -296.0' spd 0 yaw 286.3 mode 0 st 1 gl 4 hp 100 frg 3
ARGEVT Romero hazard
ARGEVT Joe Rogan route 5 start '-79.0 553.0 -296.0' goal ' 81.0  73.0 -296.0'
ARGLOG Romero t  46.6 pos '752.0 -531.4 -120.0' spd 111.0 yaw 150 mode 2 st 2 gl 0 hp 100 frg 2
ARGEVT Joe Rogan hazard
ARGLOG Carmack t  46.8 pos '303.8 -401.2 -104.0' spd 320.0 yaw 337 mode 2 st 1 gl 3 hp 4 frg 2
ARGLOG Joe Rogan t  47.1 pos '-47.7 355.0 -296.0' spd 327.1 yaw 292 mode 2 st 1 gl 4 hp 100 frg 3
ARGLOG Romero t  47.1 pos '752.0 -528.0 -120.0' spd 0 yaw 151 mode 2 st 2 gl 0 hp 100 frg 2
ARGEVT Carmack jump
ARGLOG Carmack t  47.3 pos '470.9 -421.9 -92.3' spd 361.8 yaw 276.4 mode 2 st 1 gl 3 hp 4 frg 2
ARGLOG Joe Rogan t  47.6 pos '-61.8 185.2 -296.0' spd 339.9 yaw 325 mode 2 st 1 gl 4 hp 100 frg 3
ARGEVT Romero hazard
ARGLOG Romero t  47.6 pos '752.0 -528.0 -120.0' spd 0 yaw 151 mode 2 st 2 gl 0 hp 100 frg 2
ARGLOG Carmack t  47.8 pos '519.0 -431.8 -90.9' spd  35.0 yaw 216 mode 2 st 1 gl 3 hp 4 frg 2
ARGEVT Romero stall
ARGEVT Romero stallnode '625.0 -375.0 -104.0'
ARGEVT Romero jump
ARGEVT Carmack jump
ARGEVT Romero route 17 start '753.0 -503.0 -104.0' goal '1169.0 -599.0  24.0'
ARGLOG Joe Rogan t  48.1 pos '-36.2  25.4 -296.0' spd 415.7 yaw 18 mode 1 st 1 gl 4 hp 100 frg 3
ARGEVT Joe Rogan hazard
ARGLOG Romero t  48.1 pos '752.2 -521.5 -81.1' spd  32.9 yaw 152 mode 2 st 3 gl 0 hp 100 frg 2
ARGLOG Carmack t  48.3 pos '534.8 -305.4 -66.3' spd 333.0 yaw 248 mode 2 st 1 gl 3 hp 4 frg 2
ARGEVT Joe Rogan goal backpack
ARGLOG Joe Rogan t  48.6 pos ' 95.5  95.2 -296.0' spd 332.2 yaw 334.1 mode 0 st 1 gl 5 hp 100 frg 3
ARGEVT Romero hazard
ARGEVT Joe Rogan route 4 start ' 81.0  73.0 -296.0' goal ' 17.0 -247.0 -296.0'
ARGLOG Romero t  48.7 pos '762.0 -439.1 -104.0' spd 392.7 yaw 172 mode 2 st 3 gl 0 hp 100 frg 2
ARGEVT Romero jump
ARGEVT Romero abandon
ARGEVT Romero goal item_armorInv
ARGEVT Romero route 3 start '785.0 -471.0 -104.0' goal '817.0 -855.0 -232.0'
ARGLOG Carmack t  48.8 pos '637.3 -348.8 -104.0' spd 344.2 yaw 216 mode 2 st 1 gl 3 hp 4 frg 2
ARGEVT Carmack jump
ARGLOG Joe Rogan t  49.1 pos ' 61.3  63.4 -296.0' spd 383.3 yaw 244 mode 2 st 1 gl 5 hp 100 frg 3
ARGLOG Romero t  49.2 pos '761.8 -424.1 -74.1' spd  44.4 yaw 280 mode 2 st 3 gl 0 hp 100 frg 2
ARGLOG Carmack t  49.3 pos '511.1 -432.0 -66.0' spd 256.0 yaw 221 mode 2 st 1 gl 3 hp 4 frg 2
ARGEVT Joe Rogan hazard
ARGLOG Joe Rogan t  49.6 pos '-108.9  53.2 -296.0' spd 308.3 yaw 293 mode 2 st 1 gl 5 hp 100 frg 3
ARGLOG Romero t  49.7 pos '775.6 -523.3 -104.0' spd 320.1 yaw 278 mode 2 st 3 gl 0 hp 100 frg 2
ARGEVT Carmack jump
ARGLOG Carmack t  49.8 pos '528.3 -376.9 -92.3' spd 349.2 yaw 237 mode 2 st 1 gl 3 hp 4 frg 2
ARGLOG Joe Rogan t  50.2 pos '-192.6  60.4 -296.0' spd 121.4 yaw 305 mode 2 st 1 gl 5 hp 100 frg 3
ARGLOG Romero t  50.2 pos '794.9 -687.0 -184.0' spd 320.5 yaw 281 mode 1 st 3 gl 0 hp 100 frg 2
ARGLOG Carmack t  50.4 pos '592.0 -464.0 -91.2' spd 0 yaw 184 mode 2 st 1 gl 3 hp 4 frg 2
ARGEVT Joe Rogan hazard
ARGLOG Joe Rogan t  50.7 pos '-102.1  48.0 -296.0' spd 379.0 yaw 307.6 mode 2 st 1 gl 5 hp 100 frg 3
ARGLOG Romero t  50.7 pos '813.6 -854.4 -232.0' spd 360.5 yaw 215.8 mode 1 st 3 gl 0 hp 100 frg 2
ARGEVT Carmack engage Romero
ARGEVT Carmack retreat
ARGLOG Carmack t  50.9 pos '453.4 -240.0 -296.0' spd 300 yaw 235.7 mode 2 st 1 gl 3 hp 4 frg 2
ARGEVT Romero engage Carmack
ARGLOG Joe Rogan t  51.2 pos '-18.1 -30.5 -296.0' spd 322.5 yaw 280 mode 2 st 1 gl 5 hp 100 frg 3
ARGLOG Romero t  51.2 pos '368.0 -36.7 -296.0' spd 300 yaw 314.4 mode 1 st 3 gl 0 hp 100 frg 2
ARGLOG Carmack t  51.4 pos '551.9 -256.5 -296.0' spd 320.8 yaw 132.7 mode 2 st 1 gl 3 hp 4 frg 2
ARGEVT Romero pursue
ARGEVT Carmack pursue
ARGEVT Joe Rogan engage Carmack
ARGEVT Joe Rogan grab 
ARGLOG Joe Rogan t  51.7 pos '-24.3 -199.3 -296.0' spd 363.5 yaw 355.4 mode 1 st 1 gl 5 hp 100 frg 3
ARGLOG Romero t  51.8 pos '379.2 -86.7 -296.0' spd 330.0 yaw 301 mode 1 st 3 gl 0 hp 100 frg 2
ARGUS Carmack hunch item_artifact_super_damage
ARGUS Romero hunch item_health
ARGEVT Joe Rogan goal item_armor1
ARGLOG Carmack t  51.9 pos '563.5 -221.9 -296.0' spd 208.7 yaw 261.0 mode 2 st 1 gl 3 hp 4 frg 2
ARGEVT Romero pursue
ARGEVT Carmack pursue
ARGEVT Joe Rogan route 6 start ' 17.0 -247.0 -296.0' goal '529.0 -55.0 -104.0'
ARGEVT Joe Rogan hazard
ARGEVT Carmack goal item_health
ARGEVT Carmack route 2 start '593.0 -215.0 -296.0' goal '529.0  73.0 -296.0'
ARGEVT Romero goal weapon_rocketlauncher
ARGEVT Carmack hazard
ARGEVT Romero route 14 start '337.0 -119.0 -296.0' goal '753.0 -887.0 -232.0'
ARGLOG Joe Rogan t  52.2 pos ' 95.9 -214.6 -296.0' spd 262.9 yaw 357.4 mode 2 st 1 gl 6 hp 100 frg 3
ARGLOG Romero t  52.3 pos '376.2 -89.8 -296.0' spd 325.7 yaw 335.6 mode 2 st 3 gl 0 hp 100 frg 2
ARGEVT Romero hazard
ARGLOG Carmack t  52.4 pos '646.6 -228.8 -296.0' spd 338.5 yaw 151.7 mode 2 st 1 gl 3 hp 4 frg 2
ARGEVT Carmack pursue
ARGEVT Romero pursue
ARGEVT Joe Rogan grab 
ARGLOG Joe Rogan t  52.7 pos '171.1 -250.2 -296.0' spd 136.7 yaw  30.9 mode 2 st 1 gl 6 hp 100 frg 3
ARGEVT Romero pursue
ARGLOG Romero t  52.8 pos '401.9 -185.3 -296.0' spd 373.6 yaw 332 mode 2 st 3 gl 0 hp 100 frg 2
ARGLOG Carmack t  52.9 pos '592.0 -95.8 -296.0' spd 329.0 yaw 110 mode 2 st 1 gl 3 hp 4 frg 2
ARGEVT Joe Rogan pursue
ARGLOG Joe Rogan t  53.3 pos '290.3 -206.5 -296.0' spd 332.6 yaw 1 mode 2 st 1 gl 6 hp 100 frg 3
ARGLOG Romero t  53.3 pos '557.2 -257.5 -296.0' spd 400.0 yaw 63 mode 2 st 3 gl 0 hp 100 frg 2
ARGEVT Joe Rogan hazard
ARGUS Joe Rogan hunch item_artifact_super_damage
ARGLOG Carmack t  53.5 pos '589.4  81.2 -296.0' spd 381.2 yaw 269.1 mode 1 st 1 gl 3 hp 29 frg 2
ARGEVT Joe Rogan goal item_armor1
ARGEVT Romero hazard
ARGEVT Joe Rogan route 5 start '337.0 -119.0 -296.0' goal '529.0 -55.0 -104.0'
ARGEVT Joe Rogan pursue
ARGLOG Joe Rogan t  53.8 pos '360.5 -97.1 -296.0' spd 354.0 yaw  32.1 mode 2 st 1 gl 6 hp 100 frg 3
ARGLOG Romero t  53.8 pos '522.9 -229.1 -296.0' spd 233.7 yaw  44.9 mode 2 st 3 gl 0 hp 100 frg 2
ARGEVT Carmack pursue
ARGEVT Romero pursue
ARGLOG Carmack t  54.0 pos '715.8  63.0 -296.0' spd 146.1 yaw 247.6 mode 1 st 1 gl 3 hp 29 frg 2
ARGLOG Joe Rogan t  54.3 pos '382.0 -28.7 -296.0' spd 318.5 yaw 267 mode 2 st 1 gl 6 hp 100 frg 3
ARGEVT Joe Rogan pursue
ARGLOG Romero t  54.3 pos '604.1 -218.5 -296.0' spd 320.1 yaw 102.9 mode 2 st 3 gl 0 hp 94 frg 2
ARGLOG Carmack t  54.5 pos '564.3  45.2 -296.0' spd 320.0 yaw 268.7 mode 1 st 1 gl 3 hp 29 frg 2
ARGEVT Joe Rogan hazard
ARGEVT Joe Rogan pursue
ARGEVT Joe Rogan rjump
ARGEVT Carmack pursue
ARGLOG Joe Rogan t  54.8 pos '345.6 -198.7 -284.3' spd 544.9 yaw 337.3 mode 2 st 1 gl 6 hp 51 frg 3
ARGLOG Romero t  54.8 pos '541.8 -212.7 -296.0' spd 457.1 yaw  25.6 mode 2 st 3 gl 0 hp 86 frg 2
ARGLOG Carmack t  55.0 pos '630.2 -33.3 -296.0' spd 356.5 yaw 266.3 mode 1 st 1 gl 3 hp 29 frg 2
ARGEVT Romero hazard
ARGEVT Romero route 12 start '593.0 -215.0 -296.0' goal '753.0 -887.0 -232.0'
ARGLOG Joe Rogan t  55.3 pos '372.8 -363.1 -115.1' spd  31.4 yaw 18 mode 2 st 1 gl 6 hp 51 frg 3
ARGLOG Romero t  55.4 pos '529.8 -271.6 -296.0' spd 388.9 yaw  35.4 mode 2 st 3 gl 0 hp 56 frg 2
ARGLOG Carmack t  55.5 pos '630.1 -101.1 -296.0' spd 239.2 yaw 219.7 mode 1 st 1 gl 3 hp 29 frg 2
ARGEVT Carmack weapon sg
ARGEVT Carmack hazard
ARGEVT Joe Rogan engage Romero
ARGEVT Joe Rogan grab item_health
ARGEVT Carmack pursue
ARGLOG Joe Rogan t  55.8 pos '385.5 -350.5 -157.8' spd  38.6 yaw  22.4 mode 2 st 1 gl 6 hp 51 frg 3
ARGEVT Romero pursue
ARGLOG Romero t  55.9 pos '541.3 -229.4 -296.0' spd 328.8 yaw  17.2 mode 2 st 3 gl 0 hp 56 frg 2
ARGLOG Carmack t  56.0 pos '595.1 -143.0 -296.0' spd  99.9 yaw 269.1 mode 1 st 1 gl 3 hp 29 frg 2
ARGEVT Joe Rogan retreat
ARGEVT Romero weapon sg
ARGEVT Joe Rogan death world pos '332.7 -368.0 -366.0'
ARGEVT Carmack retreat
ARGLOG Romero t  56.4 pos '622.4 -261.6 -296.0' spd 227.9 yaw  81.5 mode 2 st 3 gl 0 hp 52 frg 2
ARGLOG Carmack t  56.5 pos '626.0  -2.2 -296.0' spd 345.4 yaw 249.7 mode 1 st 1 gl 3 hp 7 frg 2
ARGLOG Romero t  56.9 pos '487.7 -240.9 -296.0' spd 101.1 yaw  76.2 mode 2 st 3 gl 0 hp 29 frg 2
ARGEVT Romero pursue
ARGEVT Carmack pursue
ARGLOG Carmack t  57.1 pos '588.0  18.7 -296.0' spd 333.2 yaw 341.1 mode 1 st 1 gl 3 hp 7 frg 2
ARGEVT Romero hazard
ARGEVT Carmack death Romero pos '631.7 -14.1 -296.0'
ARGUS Romero watch spawn
ARGEVT Romero goal item_health
ARGLOG Romero t  57.4 pos '641.2 -210.4 -296.0' spd 336.8 yaw  35.0 mode 0 st 3 gl 0 hp 25 frg 3
ARGEVT Romero route 10 start '593.0 -215.0 -296.0' goal '977.0 -471.0 -104.0'
ARGEVT Joe Rogan respawn
ARGEVT Joe Rogan goal weapon_rocketlauncher
ARGLOG Joe Rogan t  57.8 pos '-64.0 -232.0 -72.0' spd 0 yaw 0 mode 0 st 1 gl 6 hp 100 frg 2
ARGLOG Romero t  57.9 pos '649.4 -49.4 -296.0' spd 320.1 yaw 258 mode 2 st 3 gl 0 hp 25 frg 3
ARGEVT Joe Rogan route 9 start '-47.0 -247.0 -72.0' goal '753.0 -887.0 -232.0'
ARGLOG Joe Rogan t  58.3 pos ' 90.8 -232.0 -72.0' spd 320 yaw 0 mode 2 st 1 gl 6 hp 100 frg 2
ARGLOG Romero t  58.4 pos '440.4 -864.0  40.8' spd 300 yaw 134.3 mode 0 st 3 gl 0 hp 25 frg 3
ARGEVT Romero route 7 start '465.0 -855.0  24.0' goal '977.0 -471.0 -104.0'
ARGLOG Joe Rogan t  58.9 pos '273.3 -236.4 -84.9' spd 320.4 yaw 1 mode 2 st 1 gl 6 hp 100 frg 2
ARGEVT Carmack respawn
ARGEVT Romero engage Carmack
ARGEVT Romero grab item_health
ARGEVT Romero retreat
ARGEVT Carmack goal weapon_supershotgun
ARGEVT Carmack engage Romero
ARGEVT Carmack grab weapon_supershotgun
ARGLOG Carmack t  58.9 pos '272.0 -952.0  24.0' spd 0 yaw  37.6 mode 0 st 1 gl 3 hp 100 frg 2
ARGEVT Carmack route 2 start '305.0 -983.0  24.0' goal '273.0 -1015.0 -104.0'
ARGLOG Romero t  59.0 pos '393.9 -864.0  24.0' spd 300 yaw 176.3 mode 2 st 3 gl 0 hp 25 frg 3
ARGLOG Joe Rogan t  59.4 pos '437.4 -245.0 -264.8' spd 320.4 yaw 326 mode 2 st 1 gl 6 hp 100 frg 2
ARGLOG Carmack t  59.4 pos '325.4 -1028.3  24.0' spd 222.9 yaw  67.4 mode 2 st 1 gl 3 hp 76 frg 2
ARGLOG Romero t  59.5 pos '448.0 -790.3  24.0' spd 352.9 yaw 244.7 mode 2 st 3 gl 0 hp 9 frg 3
ARGEVT Joe Rogan hazard
ARGEVT Romero hazard
ARGLOG Joe Rogan t  59.9 pos '544.1 -270.2 -296.0' spd 113.0 yaw 308 mode 2 st 1 gl 6 hp 100 frg 2
ARGEVT Romero death Carmack pos '474.9 -759.9  24.0'
ARGUS Carmack watch spawn
ARGEVT Carmack goal weapon_lightning
ARGLOG Carmack t  59.9 pos '317.4 -1033.2  24.0' spd 280.2 yaw 176.7 mode 0 st 1 gl 3 hp 76 frg 3
ARGEVT Carmack route 6 start '305.0 -1079.0  24.0' goal '529.0 -311.0 -104.0'
ARGLOG Joe Rogan t  60.4 pos '430.4 -264.4 -296.0' spd 374.8 yaw 331 mode 2 st 1 gl 6 hp 100 frg 2
ARGLOG Carmack t  60.4 pos '220.0 -917.7  24.0' spd 400.5 yaw 27 mode 2 st 1 gl 3 hp 76 frg 3
ARGEVT Joe Rogan hazard
ARGLOG Joe Rogan t  60.9 pos '387.2 -276.7 -296.0' spd 308.3 yaw 338 mode 2 st 1 gl 6 hp 100 frg 2
ARGLOG Carmack t  61.0 pos '357.5 -814.6  24.0' spd 325.9 yaw 88 mode 2 st 1 gl 3 hp 76 frg 3
ARGEVT Carmack hazard
ARGLOG Joe Rogan t  61.4 pos '432.0 -272.8 -296.0' spd   5.7 yaw 333 mode 2 st 1 gl 6 hp 100 frg 2
ARGEVT Romero respawn
ARGEVT Carmack engage Romero
ARGEVT Carmack grab item_health
ARGEVT Romero goal item_armorInv
ARGEVT Romero engage Carmack
ARGLOG Romero t  61.5 pos '272.0 -952.0  24.0' spd 0 yaw  36.7 mode 0 st 3 gl 0 hp 100 frg 3
ARGLOG Carmack t  61.5 pos '479.9 -760.6  24.0' spd 180.7 yaw 183.1 mode 2 st 1 gl 3 hp 76 frg 3
ARGEVT Romero grab weapon_supershotgun
ARGEVT Joe Rogan hazard
ARGEVT Romero route 10 start '305.0 -983.0  24.0' goal '817.0 -855.0 -232.0'
ARGLOG Joe Rogan t  61.9 pos '496.1 -269.7 -296.0' spd 151.3 yaw 321 mode 2 st 1 gl 6 hp 100 frg 2
ARGEVT Carmack grab item_health
ARGLOG Romero t  62.0 pos '320.7 -1046.5  24.0' spd 136.5 yaw  46.8 mode 2 st 3 gl 0 hp 76 frg 3
ARGLOG Carmack t  62.0 pos '442.8 -907.9  24.0' spd 342.6 yaw 226.0 mode 2 st 1 gl 3 hp 52 frg 3
ARGEVT Carmack route 6 start '401.0 -1015.0  24.0' goal '529.0 -311.0 -104.0'
ARGEVT Carmack retreat
ARGLOG Joe Rogan t  62.5 pos '559.8 -267.5 -296.0' spd 113.8 yaw 302 mode 2 st 1 gl 6 hp 100 frg 2
ARGLOG Romero t  62.5 pos '323.2 -1033.4  24.0' spd  57.8 yaw  26.4 mode 2 st 3 gl 0 hp 52 frg 3
ARGLOG Carmack t  62.5 pos '425.0 -978.9  24.0' spd 324.7 yaw 210.3 mode 2 st 1 gl 3 hp 28 frg 3
ARGEVT Romero grab item_health
ARGEVT Joe Rogan hazard
ARGLOG Joe Rogan t  63.0 pos '429.4 -261.1 -296.0' spd 393.7 yaw 330 mode 2 st 1 gl 6 hp 100 frg 2
ARGLOG Romero t  63.0 pos '409.9 -994.5  24.0' spd  34.2 yaw  21.5 mode 2 st 3 gl 0 hp 28 frg 3
ARGLOG Carmack t  63.0 pos '482.3 -968.5  24.0' spd 127.4 yaw 200.0 mode 2 st 1 gl 3 hp 4 frg 3
ARGEVT Romero hazard
ARGEVT Carmack death Romero pos '403.1 -927.3  24.0'
ARGUS Romero watch spawn
ARGLOG Joe Rogan t  63.5 pos '401.3 -254.7 -296.0' spd 145.1 yaw 332 mode 2 st 1 gl 6 hp 100 frg 2
ARGEVT Romero goal item_health
ARGLOG Romero t  63.5 pos '479.0 -1032.1  24.0' spd 354.5 yaw  64.6 mode 0 st 3 gl 0 hp 4 frg 4
ARGEVT Romero route 3 start '401.0 -1015.0  24.0' goal '369.0 -983.0 -104.0'
ARGEVT Joe Rogan hazard
ARGLOG Joe Rogan t  64.0 pos '492.2 -265.4 -296.0' spd 145.5 yaw 321 mode 2 st 1 gl 6 hp 100 frg 2
ARGLOG Romero t  64.0 pos '390.7 -926.6  24.0' spd 367.6 yaw 195 mode 2 st 3 gl 0 hp 4 frg 4
ARGLOG Joe Rogan t  64.5 pos '553.8 -258.9 -296.0' spd 110.8 yaw 302 mode 2 st 1 gl 6 hp 100 frg 2
ARGLOG Romero t  64.6 pos '293.4 -1040.0  24.0' spd 147.0 yaw 347.2 mode 2 st 3 gl 0 hp 4 frg 4
ARGEVT Joe Rogan hazard
ARGEVT Carmack respawn
ARGLOG Joe Rogan t  65.0 pos '411.5 -276.9 -296.0' spd 293.1 yaw 336 mode 2 st 1 gl 6 hp 100 frg 2
ARGEVT Carmack goal weapon_lightning
ARGLOG Carmack t  65.0 pos '-64.0 512.0 -296.0' spd 0 yaw 286.3 mode 0 st 1 gl 3 hp 100 frg 3
ARGLOG Romero t  65.1 pos '426.7 -949.5  24.0' spd 409.9 yaw 211 mode 2 st 3 gl 0 hp 4 frg 4
ARGEVT Carmack route 17 start '-79.0 553.0 -296.0' goal '529.0 -311.0 -104.0'
ARGLOG Joe Rogan t  65.5 pos '325.6 -279.9 -296.0' spd 119.4 yaw 343 mode 2 st 1 gl 6 hp 100 frg 2
ARGLOG Carmack t  65.5 pos '-54.6 354.1 -296.0' spd 321.4 yaw 272 mode 2 st 1 gl 3 hp 100 frg 3
ARGLOG Romero t  65.6 pos '271.7 -934.1  24.0' spd 437.6 yaw 306.2 mode 2 st 3 gl 0 hp 4 frg 4
ARGEVT Joe Rogan hazard
ARGLOG Joe Rogan t  66.0 pos '404.1 -265.1 -296.0' spd 314.2 yaw 334 mode 2 st 1 gl 6 hp 100 frg 2
ARGLOG Carmack t  66.0 pos '-103.2 198.2 -296.0' spd 320.1 yaw 285 mode 2 st 1 gl 3 hp 100 frg 3
ARGLOG Romero t  66.1 pos '417.9 -1001.0  24.0' spd 429.0 yaw 102.6 mode 2 st 3 gl 0 hp 4 frg 4
ARGEVT Carmack hazard
ARGLOG Joe Rogan t  66.6 pos '509.3 -265.5 -296.0' spd 267.1 yaw 317 mode 2 st 1 gl 6 hp 100 frg 2
ARGLOG Carmack t  66.6 pos '-81.0  48.0 -296.0' spd 305.6 yaw 289 mode 2 st 1 gl 3 hp 100 frg 3
ARGLOG Romero t  66.6 pos '314.1 -872.1  24.0' spd 375.6 yaw 297 mode 2 st 3 gl 0 hp 4 frg 4
ARGEVT Joe Rogan hazard
ARGLOG Joe Rogan t  67.1 pos '433.8 -262.3 -296.0' spd 358.4 yaw 330 mode 2 st 1 gl 6 hp 100 frg 2
ARGLOG Carmack t  67.1 pos '-23.7 -110.5 -296.0' spd 335.8 yaw 340 mode 2 st 1 gl 3 hp 100 frg 3
ARGLOG Romero t  67.1 pos '208.0 -980.6  24.0' spd 335.9 yaw 264.0 mode 2 st 3 gl 0 hp 4 frg 4
ARGEVT Romero hazard
ARGEVT Joe Rogan engage Carmack
ARGEVT Carmack engage Joe Rogan
ARGUS routecache adopt
ARGEVT Carmack route 12 start '-47.0 -151.0 -296.0' goal '529.0 -311.0 -104.0'
ARGLOG Joe Rogan t  67.6 pos '347.8 -213.0 -296.0' spd 320.9 yaw 174.8 mode 2 st 1 gl 6 hp 100 frg 2
ARGLOG Carmack t  67.6 pos '-16.0 -161.8 -296.0' spd 324.1 yaw 351.5 mode 2 st 1 gl 3 hp 100 frg 3
ARGLOG Romero t  67.6 pos '328.8 -1028.9  24.0' spd 346.6 yaw 48 mode 2 st 3 gl 0 hp 4 frg 4
ARGLOG Joe Rogan t  68.1 pos '242.4 -261.9 -296.0' spd 183.2 yaw 176.5 mode 2 st 1 gl 6 hp 100 frg 2
ARGUS routecache adopt
ARGEVT Carmack route 11 start ' 17.0 -247.0 -296.0' goal '529.0 -311.0 -104.0'
ARGLOG Carmack t  68.1 pos '-20.0 -255.4 -296.0' spd 321.9 yaw 359.5 mode 0 st 1 gl 3 hp 100 frg 3
ARGLOG Romero t  68.2 pos '490.5 -976.1  24.0' spd 372.4 yaw 297.7 mode 1 st 3 gl 0 hp 4 frg 4
ARGUS routecache adopt
ARGEVT Carmack route 11 start ' 17.0 -247.0 -296.0' goal '529.0 -311.0 -104.0'
ARGUS routecache adopt
ARGEVT Carmack route 12 start '-47.0 -151.0 -296.0' goal '529.0 -311.0 -104.0'
ARGLOG Joe Rogan t  68.6 pos '298.4 -249.7 -296.0' spd  96.1 yaw 168.3 mode 2 st 1 gl 6 hp 76 frg 2
ARGLOG Carmack t  68.6 pos '-18.4 -188.7 -296.0' spd 232.1 yaw 352.7 mode 2 st 1 gl 3 hp 88 frg 3
ARGLOG Romero t  68.7 pos '393.1 -1036.5  24.0' spd 399.8 yaw 132.6 mode 1 st 3 gl 0 hp 4 frg 4
ARGEVT Joe Rogan hazard
ARGEVT Carmack route 12 start '-79.0 -247.0 -296.0' goal '529.0 -311.0 -104.0'
ARGLOG Joe Rogan t  69.1 pos '314.0 -231.3 -296.0' spd 213.1 yaw 172.8 mode 2 st 1 gl 6 hp 52 frg 2
ARGLOG Carmack t  69.1 pos '-34.1 -196.4 -296.0' spd 321.4 yaw 357.8 mode 0 st 1 gl 3 hp 64 frg 3
ARGLOG Romero t  69.2 pos '370.8 -882.4  24.0' spd 436.7 yaw 327.2 mode 1 st 3 gl 0 hp 4 frg 4
ARGEVT Carmack route 12 start '-47.0 -151.0 -296.0' goal '529.0 -311.0 -104.0'
ARGEVT Joe Rogan pursue
ARGLOG Joe Rogan t  69.7 pos '312.0 -218.8 -296.0' spd 309.9 yaw 177.5 mode 2 st 1 gl 6 hp 52 frg 2
ARGLOG Carmack t  69.7 pos '-16.6 -194.2 -296.0' spd 342.0 yaw 334.3 mode 2 st 1 gl 3 hp 64 frg 3
ARGLOG Romero t  69.7 pos '456.5 -1002.2  24.0' spd 337.0 yaw 223.0 mode 1 st 3 gl 0 hp 4 frg 4
ARGEVT Romero hazard
ARGUS routecache adopt
ARGEVT Carmack route 11 start ' 17.0 -247.0 -296.0' goal '529.0 -311.0 -104.0'
ARGUS routecache adopt
ARGEVT Carmack route 11 start ' 17.0 -247.0 -296.0' goal '529.0 -311.0 -104.0'
ARGLOG Joe Rogan t  70.2 pos '348.0 -200.3 -296.0' spd 320.7 yaw 174.1 mode 2 st 1 gl 6 hp 52 frg 2
ARGUS routecache adopt
ARGEVT Carmack route 12 start '-47.0 -151.0 -296.0' goal '529.0 -311.0 -104.0'
ARGLOG Carmack t  70.2 pos '-16.0 -170.8 -296.0' spd 323.2 yaw 354.9 mode 0 st 1 gl 3 hp 40 frg 3
ARGLOG Romero t  70.2 pos '308.4 -964.1  24.0' spd 409.2 yaw  58.6 mode 1 st 3 gl 0 hp 4 frg 4
ARGEVT Carmack hazard
ARGLOG Joe Rogan t  70.7 pos '360.9 -32.6 -296.0' spd 376.7 yaw  12.8 mode 0 st 1 gl 6 hp 52 frg 2
ARGLOG Carmack t  70.7 pos '-24.8  -0.6 -296.0' spd 311.1 yaw 355.8 mode 2 st 1 gl 3 hp 40 frg 3
ARGEVT Joe Rogan pursue
ARGLOG Romero t  70.7 pos '451.6 -893.2  24.0' spd 414.6 yaw 273 mode 1 st 3 gl 0 hp 4 frg 4
ARGEVT Joe Rogan hazard
ARGEVT Joe Rogan route 14 start '369.0   9.0 -296.0' goal '753.0 -887.0 -232.0'
ARGUS Joe Rogan hunch item_artifact_super_damage
ARGEVT Joe Rogan pursue
ARGEVT Joe Rogan goal backpack
ARGLOG Joe Rogan t  71.2 pos '384.0 -62.4 -296.0' spd 305.1 yaw 197.0 mode 0 st 1 gl 6 hp 52 frg 2
ARGLOG Carmack t  71.2 pos '-16.0 -26.2 -296.0' spd 321.8 yaw 279 mode 2 st 1 gl 3 hp 40 frg 3
ARGLOG Romero t  71.2 pos '624.0  18.9 -296.0' spd 300 yaw 261 mode 1 st 3 gl 0 hp 4 frg 4
ARGEVT Joe Rogan route 10 start '369.0   9.0 -296.0' goal '465.0 -279.0 -104.0'
ARGEVT Joe Rogan pursue
ARGLOG Joe Rogan t  71.7 pos '359.0 -214.0 -296.0' spd 325.9 yaw 264.7 mode 2 st 1 gl 6 hp 52 frg 2
ARGLOG Carmack t  71.7 pos '-16.0 -194.8 -296.0' spd 338.2 yaw 332.6 mode 2 st 1 gl 3 hp 40 frg 3
ARGLOG Romero t  71.8 pos '616.5 -80.3 -296.0' spd 320.2 yaw 261 mode 1 st 3 gl 0 hp 4 frg 4
ARGEVT Carmack hazard
ARGEVT Carmack route 12 start '-47.0 -151.0 -296.0' goal '529.0 -311.0 -104.0'
ARGEVT Joe Rogan hazard
ARGEVT Romero engage Joe Rogan
ARGEVT Romero grab weapon_lightning
ARGEVT Romero retreat
ARGLOG Joe Rogan t  72.2 pos '343.2 -233.7 -296.0' spd 340.6 yaw 179.1 mode 2 st 1 gl 6 hp 48 frg 2
ARGUS routecache adopt
ARGEVT Carmack route 11 start ' 17.0 -247.0 -296.0' goal '529.0 -311.0 -104.0'
ARGLOG Carmack t  72.2 pos '-14.6 -229.4 -296.0' spd 320.9 yaw 355.8 mode 0 st 1 gl 3 hp 36 frg 3
ARGLOG Romero t  72.3 pos '614.6 -188.5 -296.0' spd 246.8 yaw 200.2 mode 1 st 3 gl 0 hp 4 frg 4
ARGEVT Carmack retreat
ARGUS routecache adopt
ARGEVT Carmack route 11 start ' 17.0 -247.0 -296.0' goal '529.0 -311.0 -104.0'
ARGUS routecache adopt
ARGEVT Carmack route 12 start '-47.0 -151.0 -296.0' goal '529.0 -311.0 -104.0'
ARGEVT Romero pursue
ARGLOG Joe Rogan t  72.7 pos '328.5 -228.8 -296.0' spd 114.6 yaw 168.5 mode 2 st 1 gl 6 hp 36 frg 2
ARGLOG Carmack t  72.7 pos '-76.3 -156.7 -296.0' spd 320.0 yaw 348.6 mode 2 st 1 gl 3 hp 16 frg 3
ARGLOG Romero t  72.8 pos '628.8 -106.5 -296.0' spd 299.4 yaw 208 mode 1 st 3 gl 0 hp 4 frg 4
ARGUS Romero hunch 
ARGEVT Joe Rogan pursue
ARGEVT Romero goal item_health
ARGEVT Romero pursue
ARGEVT Carmack pursue
ARGUS Carmack hunch 
ARGEVT Romero route 9 start '625.0 -119.0 -296.0' goal '977.0 -471.0 -104.0'
ARGLOG Joe Rogan t  73.3 pos '181.9 -264.7 -296.0' spd 337.0 yaw 163 mode 2 st 1 gl 6 hp 36 frg 2
ARGEVT Carmack goal weapon_lightning
ARGLOG Carmack t  73.3 pos '-46.1 -166.7 -296.0' spd 344.6 yaw 243.0 mode 0 st 1 gl 3 hp 16 frg 3
ARGEVT Joe Rogan grab 
ARGLOG Romero t  73.3 pos '651.4 -16.1 -296.0' spd 342.1 yaw 136.9 mode 2 st 3 gl 0 hp 4 frg 4
ARGEVT Carmack route 12 start '-47.0 -151.0 -296.0' goal '529.0 -311.0 -104.0'
ARGEVT Joe Rogan hazard
ARGEVT Carmack death Joe Rogan pos '-74.8 -184.9 -296.0'
ARGUS Joe Rogan watch spawn
ARGEVT Joe Rogan goal backpack
ARGEVT Joe Rogan route 11 start '145.0 -247.0 -296.0' goal '465.0 -279.0 -104.0'
ARGEVT Romero hazard
ARGLOG Joe Rogan t  73.8 pos '285.1 -265.6 -296.0' spd 362.1 yaw  94.5 mode 2 st 1 gl 6 hp 36 frg 3
ARGLOG Romero t  73.8 pos '505.1  72.7 -296.0' spd 156.4 yaw 292.4 mode 2 st 3 gl 0 hp 29 frg 4
ARGEVT Romero pursue
ARGLOG Joe Rogan t  74.3 pos '260.2 -236.0 -296.0' spd 328.5 yaw 165 mode 2 st 1 gl 6 hp 36 frg 3
ARGLOG Romero t  74.3 pos '648.0  42.5 -296.0' spd 320.6 yaw   3.0 mode 2 st 3 gl 0 hp 29 frg 4
ARGEVT Joe Rogan hazard
ARGEVT Romero hazard
ARGLOG Joe Rogan t  74.8 pos '132.8 -208.3 -296.0' spd 159.5 yaw  16.5 mode 0 st 1 gl 6 hp 36 frg 3
ARGLOG Romero t  74.8 pos '730.0  58.1 -296.0' spd 309.9 yaw 210.3 mode 2 st 3 gl 0 hp 29 frg 4
ARGUS routecache adopt
ARGEVT Joe Rogan route 11 start '145.0 -247.0 -296.0' goal '465.0 -279.0 -104.0'
ARGEVT Carmack respawn
ARGEVT Carmack goal weapon_lightning
ARGLOG Carmack t  75.0 pos '784.0 -176.0  24.0' spd 0 yaw 189 mode 0 st 1 gl 3 hp 100 frg 3
ARGEVT Carmack route 4 start '785.0 -183.0  24.0' goal '529.0 -311.0 -104.0'
ARGLOG Joe Rogan t  75.3 pos '284.5 -261.3 -296.0' spd 351.5 yaw  31.6 mode 2 st 1 gl 6 hp 36 frg 3
ARGLOG Romero t  75.4 pos '575.5  92.7 -296.0' spd 347.6 yaw 110.8 mode 2 st 3 gl 0 hp 29 frg 4
ARGLOG Carmack t  75.5 pos '629.3 -200.5  24.0' spd 320 yaw 189 mode 2 st 1 gl 3 hp 100 frg 3
ARGEVT Joe Rogan hazard
ARGEVT Romero hazard
ARGLOG Joe Rogan t  75.8 pos '443.1 -233.1 -296.0' spd 327.1 yaw 48 mode 2 st 1 gl 6 hp 36 frg 3
ARGLOG Romero t  75.9 pos '563.7  26.7 -296.0' spd 390.9 yaw 264 mode 2 st 3 gl 0 hp 29 frg 4
ARGLOG Carmack t  76.0 pos '478.4 -212.4 -20.8' spd 320 yaw 221.6 mode 1 st 1 gl 3 hp 100 frg 3
ARGLOG Joe Rogan t  76.3 pos '557.9 -208.0 -296.0' spd 259.9 yaw 61 mode 2 st 1 gl 6 hp 36 frg 3
ARGEVT Joe Rogan engage Romero
ARGEVT Joe Rogan grab weapon_lightning
ARGEVT Romero engage Joe Rogan
ARGLOG Romero t  76.4 pos '633.0 -96.8 -296.0' spd 340.0 yaw 246.9 mode 2 st 3 gl 0 hp 29 frg 4
ARGEVT Carmack engage Joe Rogan
ARGLOG Carmack t  76.6 pos '318.6 -245.7 -262.4' spd 320.6 yaw 338.0 mode 1 st 1 gl 3 hp 100 frg 3
ARGEVT Joe Rogan route 8 start '593.0 -215.0 -296.0' goal '465.0 -279.0 -104.0'
ARGLOG Joe Rogan t  76.9 pos '582.2 -260.0 -296.0' spd  37.4 yaw  77.4 mode 2 st 1 gl 6 hp 32 frg 3
ARGEVT Carmack hazard
ARGLOG Romero t  76.9 pos '620.0 -121.6 -296.0' spd 196.8 yaw 256.0 mode 2 st 3 gl 0 hp 13 frg 4
ARGEVT Romero hazard
ARGEVT Joe Rogan hazard
ARGLOG Carmack t  77.1 pos '295.5 -256.5 -296.0' spd 101.1 yaw   0.0 mode 1 st 1 gl 3 hp 95 frg 3
ARGEVT Joe Rogan death Carmack pos '577.2 -267.5 -296.0'
ARGUS Carmack watch spawn
ARGLOG Romero t  77.4 pos '637.9 -100.8 -296.0' spd 322.0 yaw 324.4 mode 2 st 3 gl 0 hp 13 frg 4
ARGEVT Carmack goal weapon_rocketlauncher
ARGEVT Carmack route 5 start '145.0 -247.0 -296.0' goal ' 81.0  73.0 -296.0'
ARGLOG Carmack t  77.6 pos '177.7 -205.5 -296.0' spd 317.7 yaw  58.5 mode 2 st 1 gl 3 hp 95 frg 4
ARGLOG Romero t  77.9 pos '603.0 -142.5 -296.0' spd 374.1 yaw 260 mode 2 st 3 gl 0 hp 13 frg 4
ARGEVT Romero hazard
ARGLOG Carmack t  78.1 pos '286.0 -210.0 -296.0' spd 374.7 yaw 321.4 mode 2 st 1 gl 3 hp 95 frg 4
ARGEVT Romero engage Carmack
ARGEVT Romero grab 
ARGEVT Carmack engage Romero
ARGEVT Carmack grab 
ARGLOG Romero t  78.4 pos '551.4 -220.4 -296.0' spd 333.7 yaw 188.7 mode 2 st 3 gl 0 hp 13 frg 4
ARGEVT Romero death Carmack pos '538.1 -230.8 -296.0'
ARGEVT Carmack goal backpack
ARGEVT Carmack route 9 start '369.0 -247.0 -296.0' goal '465.0 -279.0 -104.0'
ARGLOG Carmack t  78.6 pos '439.5 -226.1 -296.0' spd 330.8 yaw 29 mode 2 st 1 gl 3 hp 95 frg 5
ARGEVT Joe Rogan respawn
ARGEVT Joe Rogan goal weapon_rocketlauncher
ARGLOG Joe Rogan t  78.9 pos '112.0 -1136.0 -104.0' spd 0 yaw  61.3 mode 0 st 1 gl 6 hp 100 frg 3
ARGEVT Joe Rogan route 13 start '113.0 -1079.0 -104.0' goal ' 81.0  73.0 -296.0'
ARGLOG Carmack t  79.1 pos '609.7 -185.5 -296.0' spd 417.5 yaw 100.3 mode 2 st 1 gl 3 hp 95 frg 5
ARGLOG Joe Rogan t  79.4 pos '141.3 -982.2 -104.0' spd 322.7 yaw 58 mode 2 st 1 gl 6 hp 100 frg 3
ARGEVT Carmack hazard
ARGLOG Carmack t  79.6 pos '594.3 -33.8 -296.0' spd 156.0 yaw 262 mode 2 st 1 gl 3 hp 95 frg 5
ARGLOG Joe Rogan t  79.9 pos '181.9 -823.0 -104.0' spd 320.2 yaw 81 mode 2 st 1 gl 6 hp 100 frg 3
ARGEVT Romero respawn
ARGEVT Joe Rogan hazard
ARGEVT Romero goal weapon_lightning
ARGLOG Romero t  80.0 pos '784.0 -176.0  24.0' spd 0 yaw 191 mode 0 st 3 gl 0 hp 100 frg 4
ARGEVT Romero route 4 start '785.0 -183.0  24.0' goal '529.0 -311.0 -104.0'
ARGLOG Carmack t  80.1 pos '593.2 -90.0 -296.0' spd 321.0 yaw 261 mode 2 st 1 gl 3 hp 95 frg 5
ARGLOG Joe Rogan t  80.4 pos '209.2 -752.0 -104.0' spd 339.8 yaw 55 mode 2 st 1 gl 6 hp 100 frg 3
ARGLOG Romero t  80.6 pos '630.7 -205.8  24.0' spd 320.0 yaw 190 mode 2 st 3 gl 0 hp 100 frg 4
ARGLOG Carmack t  80.7 pos '565.5  74.5 -296.0' spd 325.6 yaw 145.2 mode 2 st 1 gl 3 hp 95 frg 5
ARGEVT Carmack hazard
ARGLOG Joe Rogan t  80.9 pos '360.4 -678.5 -104.0' spd 359.9 yaw 76 mode 2 st 1 gl 6 hp 100 frg 3
ARGEVT Romero engage Joe Rogan
ARGEVT Romero grab item_armor1
ARGLOG Romero t  81.1 pos '452.0 -239.1 -21.1' spd 320.0 yaw 251.1 mode 1 st 3 gl 0 hp 100 frg 4
ARGEVT Joe Rogan engage Romero
ARGEVT Joe Rogan grab 
ARGLOG Carmack t  81.2 pos '525.8  51.5 -296.0' spd 321.4 yaw 267 mode 2 st 1 gl 3 hp 95 frg 5
ARGLOG Joe Rogan t  81.4 pos '319.7 -514.0 -104.0' spd 332.1 yaw  76.5 mode 2 st 1 gl 6 hp 100 frg 3
ARGEVT Romero grab weapon_nailgun
ARGLOG Romero t  81.6 pos '413.7 -191.5 -263.8' spd  54.0 yaw 245.7 mode 1 st 3 gl 0 hp 100 frg 4
ARGEVT Joe Rogan grab weapon_grenadelauncher
ARGLOG Carmack t  81.7 pos '678.3  43.5 -296.0' spd 333.6 yaw 343.3 mode 2 st 1 gl 3 hp 95 frg 5
ARGEVT Carmack hazard
ARGLOG Joe Rogan t  81.9 pos '231.7 -428.0 -104.0' spd 191.5 yaw  68.1 mode 2 st 1 gl 6 hp 100 frg 3
ARGEVT Romero hazard
ARGLOG Romero t  82.1 pos '354.5 -64.6 -296.0' spd 458.0 yaw 244.0 mode 1 st 3 gl 0 hp 79 frg 4
ARGLOG Carmack t  82.2 pos '695.0  27.8 -296.0' spd 340.3 yaw 191 mode 2 st 1 gl 3 hp 95 frg 5
ARGLOG Joe Rogan t  82.5 pos '150.9 -432.0 -104.0' spd 283.4 yaw  75.1 mode 2 st 1 gl 6 hp 100 frg 3
ARGLOG Romero t  82.6 pos '359.9   0.0 -296.0' spd 101.8 yaw 220.2 mode 1 st 3 gl 0 hp 79 frg 4
ARGLOG Carmack t  82.7 pos '585.4  18.3 -296.0' spd 195.0 yaw 263 mode 2 st 1 gl 3 hp 95 frg 5
ARGEVT Joe Rogan hazard
ARGLOG Joe Rogan t  83.0 pos '172.1 -395.7 -104.0' spd 321.3 yaw  28.5 mode 2 st 1 gl 6 hp 100 frg 3
ARGEVT Carmack hazard
ARGLOG Romero t  83.1 pos '385.0 -15.4 -296.0' spd 127.8 yaw 269.2 mode 1 st 3 gl 0 hp 79 frg 4
ARGLOG Carmack t  83.2 pos '512.1  66.1 -296.0' spd 268.5 yaw 268 mode 2 st 1 gl 3 hp 95 frg 5
ARGLOG Joe Rogan t  83.5 pos '332.1 -432.9 -104.0' spd 320.3 yaw  52.7 mode 2 st 1 gl 6 hp 91 frg 3
ARGLOG Romero t  83.6 pos '368.5 -16.6 -296.0' spd 251.2 yaw 294.1 mode 1 st 3 gl 0 hp 79 frg 4
ARGEVT Joe Rogan grab weapon_lightning
ARGEVT Romero hazard
ARGLOG Carmack t  83.7 pos '514.5  98.5 -296.0' spd 307.2 yaw 190.4 mode 2 st 1 gl 3 hp 95 frg 5
ARGLOG Joe Rogan t  84.0 pos '488.4 -375.9 -104.0' spd 332.1 yaw  99.9 mode 2 st 1 gl 6 hp 91 frg 3
ARGEVT Carmack hazard
ARGEVT Romero goal item_armorInv
ARGLOG Romero t  84.2 pos '361.2 -11.7 -296.0' spd 324.8 yaw 321.2 mode 0 st 3 gl 0 hp 79 frg 4
ARGEVT Joe Rogan grab item_armor1
ARGEVT Romero pursue
ARGLOG Carmack t  84.3 pos '544.0 117.7 -296.0' spd  33.5 yaw  26.2 mode 2 st 1 gl 3 hp 95 frg 5
ARGEVT Romero route 14 start '369.0   9.0 -296.0' goal '817.0 -855.0 -232.0'
ARGEVT Joe Rogan pursue
ARGLOG Joe Rogan t  84.5 pos '545.4 -218.6 -104.0' spd 346.9 yaw 128 mode 2 st 1 gl 6 hp 91 frg 3
ARGLOG Romero t  84.7 pos '389.3 -137.3 -296.0' spd 363.6 yaw 286 mode 2 st 3 gl 0 hp 79 frg 4
ARGLOG Carmack t  84.8 pos '584.3  26.7 -296.0' spd 367.4 yaw 263 mode 2 st 1 gl 3 hp 95 frg 5
ARGEVT Joe Rogan route 8 start '465.0 -151.0 -104.0' goal ' 81.0  73.0 -296.0'
ARGLOG Joe Rogan t  85.0 pos '456.8 -76.7 -104.0' spd 322.0 yaw 176.5 mode 2 st 1 gl 6 hp 91 frg 3
ARGEVT Joe Rogan hazard
ARGEVT Romero hazard
ARGLOG Romero t  85.2 pos '436.1 -255.0 -296.0' spd 321.1 yaw 119.6 mode 2 st 3 gl 0 hp 49 frg 4
ARGEVT Romero retreat
ARGLOG Carmack t  85.3 pos '654.7 -71.2 -296.0' spd 338.4 yaw 229.7 mode 2 st 1 gl 3 hp 95 frg 5
ARGEVT Romero death Joe Rogan pos '486.8 -269.6 -296.0'
ARGUS Joe Rogan watch spawn
ARGEVT Joe Rogan goal weapon_rocketlauncher
ARGUS routecache adopt
ARGEVT Joe Rogan route 8 start '465.0 -151.0 -104.0' goal ' 81.0  73.0 -296.0'
ARGLOG Joe Rogan t  85.5 pos '336.9 -99.0 -180.7' spd  53.1 yaw 321.4 mode 2 st 1 gl 6 hp 91 frg 4
ARGEVT Carmack hazard
ARGLOG Carmack t  85.8 pos '572.2 -232.1 -296.0' spd 386.4 yaw 193 mode 0 st 1 gl 3 hp 95 frg 5
ARGEVT Carmack route 8 start '593.0 -215.0 -296.0' goal '465.0 -279.0 -104.0'
ARGEVT Joe Rogan engage Carmack
ARGEVT Joe Rogan jump
ARGEVT Carmack engage Joe Rogan
ARGLOG Joe Rogan t  86.1 pos '409.3 -149.8 -284.1' spd 335.2 yaw 310.1 mode 2 st 1 gl 6 hp 91 frg 4
ARGLOG Carmack t  86.3 pos '538.6 -238.2 -296.0' spd 167.0 yaw 151.5 mode 2 st 1 gl 3 hp 95 frg 5
ARGLOG Joe Rogan t  86.6 pos '405.7 -164.2 -284.1' spd  97.3 yaw 333.7 mode 2 st 1 gl 6 hp 85 frg 4
ARGEVT Joe Rogan hazard
ARGLOG Carmack t  86.8 pos '645.6 -178.3 -296.0' spd 387.4 yaw 210.5 mode 2 st 1 gl 3 hp 35 frg 5
ARGEVT Romero respawn
ARGEVT Romero goal item_armorInv
ARGLOG Romero t  87.0 pos '784.0 -176.0  24.0' spd 0 yaw 168 mode 0 st 3 gl 0 hp 100 frg 4
ARGEVT Romero route 5 start '785.0 -183.0  24.0' goal '817.0 -855.0 -232.0'
ARGLOG Joe Rogan t  87.1 pos '354.8 -243.1 -296.0' spd 227.0 yaw  24.3 mode 2 st 1 gl 6 hp 79 frg 4
ARGEVT Joe Rogan pursue
ARGEVT Carmack pursue
ARGEVT Carmack hazard
ARGUS Carmack hunch 
ARGEVT Carmack goal backpack
ARGLOG Carmack t  87.3 pos '597.2 -65.1 -296.0' spd 209.3 yaw  73.9 mode 0 st 1 gl 3 hp 35 frg 5
ARGUS Joe Rogan hunch 
ARGEVT Carmack route 7 start '625.0 -23.0 -296.0' goal '465.0 -279.0 -104.0'
ARGEVT Joe Rogan goal weapon_rocketlauncher
ARGLOG Romero t  87.5 pos '632.9 -144.0  24.0' spd 313.0 yaw 168 mode 2 st 3 gl 0 hp 100 frg 4
ARGEVT Joe Rogan route 7 start '337.0 -119.0 -296.0' goal ' 81.0  73.0 -296.0'
ARGEVT Joe Rogan pursue
ARGLOG Joe Rogan t  87.6 pos '370.5 -79.9 -296.0' spd 403.7 yaw 134.8 mode 2 st 1 gl 6 hp 79 frg 4
ARGEVT Carmack pursue
ARGEVT Joe Rogan hazard
ARGEVT Romero engage Joe Rogan
ARGLOG Carmack t  87.9 pos '602.9  82.7 -296.0' spd 378.1 yaw 164.1 mode 0 st 1 gl 3 hp 35 frg 5
ARGEVT Romero route 6 start '593.0 -151.0  24.0' goal '817.0 -855.0 -232.0'
ARGLOG Romero t  88.0 pos '465.0 -103.2 -19.7' spd 283.4 yaw 124.6 mode 2 st 3 gl 0 hp 100 frg 4
ARGEVT Carmack route 5 start '465.0 -855.0  24.0' goal '465.0 -279.0 -104.0'
ARGLOG Joe Rogan t  88.1 pos '376.4  77.4 -288.0' spd 382.3 yaw   1.7 mode 2 st 1 gl 6 hp 79 frg 4
ARGEVT Romero pursue
ARGLOG Carmack t  88.4 pos '394.5 -864.0  24.0' spd 300 yaw 91 mode 2 st 1 gl 3 hp 35 frg 5
ARGLOG Romero t  88.5 pos '510.3 -55.5 -104.0' spd 347.4 yaw  39.7 mode 2 st 3 gl 0 hp 100 frg 4
ARGLOG Joe Rogan t  88.6 pos '398.8 -70.3 -296.0' spd 322.0 yaw 259 mode 2 st 1 gl 6 hp 79 frg 4
ARGEVT Romero hazard
ARGEVT Joe Rogan hazard
ARGLOG Carmack t  88.9 pos '354.3 -790.4  24.0' spd 336.4 yaw 88 mode 2 st 1 gl 3 hp 35 frg 5
ARGEVT Joe Rogan pursue
ARGUS Romero hunch item_artifact_super_damage
ARGLOG Romero t  89.0 pos '542.5  -8.8 -104.0' spd 261.3 yaw 311.8 mode 2 st 3 gl 0 hp 100 frg 4
ARGEVT Romero pursue
ARGLOG Joe Rogan t  89.1 pos '383.2 -237.9 -296.0' spd 322.1 yaw 224.1 mode 0 st 1 gl 6 hp 79 frg 4
ARGEVT Joe Rogan route 6 start '369.0 -247.0 -296.0' goal ' 81.0  73.0 -296.0'
ARGEVT Joe Rogan pursue
ARGEVT Romero goal item_armorInv
ARGEVT Romero route 6 start '529.0 -55.0 -104.0' goal '817.0 -855.0 -232.0'
ARGLOG Carmack t  89.4 pos '346.2 -625.2  24.0' spd 321.5 yaw 81 mode 2 st 1 gl 3 hp 35 frg 5
ARGLOG Romero t  89.6 pos '491.7 -164.3 -104.0' spd 394.5 yaw 198.4 mode 2 st 3 gl 0 hp 100 frg 4
ARGLOG Joe Rogan t  89.7 pos '235.7 -242.2 -296.0' spd 371.3 yaw 182 mode 2 st 1 gl 6 hp 63 frg 4
ARGEVT Romero hazard
ARGEVT Joe Rogan engage Romero
ARGEVT Carmack engage Romero
ARGEVT Carmack grab item_health
ARGLOG Carmack t  89.9 pos '393.0 -467.8  24.0' spd 382.9 yaw  43.9 mode 2 st 1 gl 3 hp 35 frg 5
ARGLOG Romero t  90.1 pos '475.7 -335.6 -104.0' spd 338.5 yaw 165.0 mode 2 st 3 gl 0 hp 100 frg 4
ARGEVT Joe Rogan hazard
ARGLOG Joe Rogan t  90.2 pos '153.7 -259.4 -296.0' spd 117.9 yaw 335.9 mode 2 st 1 gl 6 hp 47 frg 4
ARGLOG Carmack t  90.4 pos '550.8 -385.3  24.0' spd 428.9 yaw 215.2 mode 2 st 1 gl 3 hp 60 frg 5
ARGLOG Romero t  90.6 pos '396.6 -480.1 -104.0' spd 323.0 yaw 132.1 mode 2 st 3 gl 0 hp 91 frg 4
ARGLOG Joe Rogan t  90.7 pos '181.5 -256.3 -296.0' spd 146.4 yaw 307.6 mode 2 st 1 gl 6 hp 47 frg 4
ARGEVT Joe Rogan pursue
ARGEVT Romero pursue
ARGLOG Carmack t  91.0 pos '496.9 -226.2 -20.5' spd 102.7 yaw 210.3 mode 2 st 1 gl 3 hp 60 frg 5
ARGEVT Joe Rogan pursue
ARGLOG Romero t  91.1 pos '262.2 -464.7 -104.0' spd 339.8 yaw 106 mode 0 st 3 gl 0 hp 82 frg 4
ARGEVT Romero route 6 start '273.0 -503.0 -104.0' goal '817.0 -855.0 -232.0'
ARGLOG Joe Rogan t  91.2 pos '346.4 -233.3 -296.0' spd 370.0 yaw 296 mode 2 st 1 gl 6 hp 47 frg 4
ARGEVT Joe Rogan hazard
ARGEVT Romero retreat
ARGEVT Joe Rogan route 6 start '369.0 -247.0 -296.0' goal ' 81.0  73.0 -296.0'
ARGLOG Carmack t  91.5 pos '560.3 -269.5 -104.0' spd  98.7 yaw 224.8 mode 2 st 1 gl 3 hp 60 frg 5
ARGLOG Romero t  91.6 pos '264.8 -487.2 -62.9' spd 309.7 yaw  68.7 mode 2 st 3 gl 0 hp 22 frg 4
ARGEVT Joe Rogan route 6 start '369.0 -215.0 -296.0' goal ' 81.0  73.0 -296.0'
ARGLOG Joe Rogan t  91.7 pos '380.6 -199.6 -296.0' spd  99.7 yaw 248.5 mode 2 st 1 gl 6 hp 31 frg 4
ARGLOG Carmack t  92.0 pos '488.9 -216.7 -104.0' spd 234.7 yaw 237.8 mode 2 st 1 gl 3 hp 60 frg 5
ARGUS routecache adopt
ARGEVT Joe Rogan route 5 start '337.0 -247.0 -296.0' goal ' 81.0  73.0 -296.0'
ARGEVT Romero pursue
ARGEVT Joe Rogan pursue
ARGLOG Romero t  92.1 pos '270.7 -525.9 -104.0' spd  38.3 yaw 70 mode 2 st 3 gl 0 hp 22 frg 4
ARGLOG Joe Rogan t  92.2 pos '247.7 -208.2 -296.0' spd 369.9 yaw 237.1 mode 2 st 1 gl 6 hp 31 frg 4
ARGEVT Joe Rogan hazard
ARGLOG Carmack t  92.5 pos '587.9 -348.3 -104.0' spd 330.3 yaw 170.7 mode 2 st 1 gl 3 hp 60 frg 5
ARGEVT Joe Rogan grab 
ARGLOG Romero t  92.6 pos '325.4 -414.0 -104.0' spd 159.3 yaw 146.5 mode 2 st 3 gl 0 hp 4 frg 4
ARGEVT Joe Rogan weapon gl
ARGLOG Joe Rogan t  92.8 pos ' 93.9 -250.4 -296.0' spd 382.9 yaw 307.9 mode 2 st 1 gl 6 hp 15 frg 4
ARGLOG Carmack t  93.0 pos '590.0 -422.3 -104.0' spd 320.2 yaw 193.0 mode 2 st 1 gl 3 hp 60 frg 5
ARGEVT Joe Rogan pursue
ARGEVT Romero pursue
ARGLOG Romero t  93.2 pos '316.5 -479.6 -104.0' spd 269.4 yaw 134 mode 0 st 3 gl 0 hp 4 frg 4
ARGEVT Romero route 6 start '273.0 -503.0 -104.0' goal '817.0 -855.0 -232.0'
ARGLOG Joe Rogan t  93.3 pos ' -6.7 -250.7 -296.0' spd 318.1 yaw 334 mode 2 st 1 gl 6 hp 15 frg 4
ARGEVT Romero hazard
ARGEVT Romero death Carmack pos '250.9 -406.5 -104.0'
ARGUS Carmack watch spawn
ARGEVT Joe Rogan engage Carmack
ARGEVT Joe Rogan retreat
ARGEVT Carmack engage Joe Rogan
ARGEVT Joe Rogan route 4 start ' 17.0 -247.0 -296.0' goal ' 81.0  73.0 -296.0'
ARGEVT Carmack goal backpack
ARGLOG Carmack t  93.5 pos '513.9 -285.8 -104.0' spd 174.9 yaw 174.9 mode 0 st 1 gl 3 hp 60 frg 6
ARGEVT Carmack route 1 start '529.0 -311.0 -104.0' goal '465.0 -279.0 -104.0'
ARGLOG Joe Rogan t  93.8 pos ' -0.3 -260.8 -296.0' spd 320.0 yaw 319.9 mode 2 st 1 gl 6 hp 15 frg 4
ARGEVT Joe Rogan weapon sg
ARGEVT Carmack grab 
ARGLOG Carmack t  94.0 pos '417.4 -406.5 -104.0' spd 330.5 yaw 153.7 mode 1 st 1 gl 3 hp 60 frg 6
ARGEVT Joe Rogan pursue
ARGEVT Carmack pursue
ARGLOG Joe Rogan t  94.3 pos '-103.9 -219.5 -296.0' spd 158.4 yaw 346 mode 2 st 1 gl 6 hp 15 frg 4
ARGLOG Carmack t  94.6 pos '251.8 -416.9 -104.0' spd 326.9 yaw 150 mode 1 st 1 gl 3 hp 60 frg 6
ARGUS Carmack hunch 
ARGEVT Carmack hazard
ARGEVT Carmack goal backpack
ARGEVT Carmack route 3 start '145.0 -407.0 -104.0' goal '465.0 -279.0 -104.0'
ARGLOG Joe Rogan t  94.8 pos ' 56.3 -251.1 -296.0' spd 320.1 yaw 345 mode 0 st 1 gl 6 hp 15 frg 4
ARGEVT Joe Rogan route 4 start ' 17.0 -247.0 -296.0' goal ' 81.0  73.0 -296.0'
ARGEVT Romero respawn
ARGEVT Romero goal item_armorInv
ARGLOG Romero t  95.0 pos '112.0 -1136.0 -104.0' spd 0 yaw  28.7 mode 0 st 3 gl 0 hp 100 frg 4
ARGLOG Carmack t  95.1 pos '188.0 -426.5 -104.0' spd  85.9 yaw 139.8 mode 0 st 1 gl 3 hp 44 frg 6
ARGEVT Romero route 10 start '113.0 -1079.0 -104.0' goal '817.0 -855.0 -232.0'
ARGEVT Carmack route 3 start '145.0 -407.0 -104.0' goal '465.0 -279.0 -104.0'
ARGEVT Carmack pursue
ARGLOG Joe Rogan t  95.3 pos '-39.1 -272.0 -296.0' spd 321.4 yaw 170.4 mode 2 st 1 gl 6 hp 15 frg 4
ARGUS routecache adopt
ARGEVT Carmack route 3 start '145.0 -407.0 -104.0' goal '465.0 -279.0 -104.0'
ARGEVT Joe Rogan pursue
ARGEVT Joe Rogan hazard
ARGLOG Romero t  95.5 pos '212.0 -1014.5 -104.0' spd 331.8 yaw 92 mode 2 st 3 gl 0 hp 100 frg 4
ARGLOG Carmack t  95.6 pos '133.4 -368.3 -104.0' spd 339.1 yaw  85.0 mode 2 st 1 gl 3 hp 44 frg 6
ARGEVT Carmack pursue
ARGEVT Carmack hazard
ARGLOG Joe Rogan t  95.8 pos '-53.5 -157.0 -296.0' spd 328.6 yaw  30.8 mode 2 st 1 gl 6 hp 15 frg 4
ARGUS Joe Rogan hunch 
ARGUS routecache adopt
ARGEVT Carmack route 2 start '273.0 -407.0 -104.0' goal '465.0 -279.0 -104.0'
ARGLOG Romero t  96.0 pos '223.0 -850.2 -104.0' spd 320.3 yaw 94 mode 2 st 3 gl 0 hp 100 frg 4
ARGEVT Joe Rogan pursue
ARGLOG Carmack t  96.1 pos '268.0 -406.7 -104.0' spd 320.5 yaw 0 mode 2 st 1 gl 3 hp 44 frg 6
ARGEVT Joe Rogan goal weapon_rocketlauncher
ARGEVT Joe Rogan route 3 start '-47.0 -151.0 -296.0' goal ' 81.0  73.0 -296.0'
ARGEVT Romero hazard
ARGLOG Joe Rogan t  96.4 pos '-63.7 -152.5 -296.0' spd 252.7 yaw 321.6 mode 2 st 1 gl 6 hp 15 frg 4
ARGLOG Romero t  96.6 pos '160.4 -752.0 -104.0' spd  77.2 yaw 46 mode 2 st 3 gl 0 hp 100 frg 4
ARGLOG Carmack t  96.6 pos '248.5 -489.7 -104.0' spd 319.0 yaw 119.7 mode 2 st 1 gl 3 hp 36 frg 6
ARGEVT Carmack pursue
ARGEVT Joe Rogan pursue
ARGLOG Joe Rogan t  96.9 pos '-43.2 -37.9 -296.0' spd 300.0 yaw 313 mode 2 st 1 gl 6 hp 15 frg 4
ARGEVT Carmack hazard
ARGEVT Joe Rogan hazard
ARGLOG Romero t  97.1 pos '322.1 -729.8 -104.0' spd 415.7 yaw 93 mode 2 st 3 gl 0 hp 100 frg 4
ARGEVT Carmack pursue
ARGLOG Carmack t  97.1 pos '146.5 -381.0 -104.0' spd 334.5 yaw  99.2 mode 0 st 1 gl 3 hp 36 frg 6
ARGEVT Carmack route 3 start '145.0 -407.0 -104.0' goal '465.0 -279.0 -104.0'
ARGEVT Joe Rogan pursue
ARGEVT Joe Rogan goal item_health
ARGLOG Joe Rogan t  97.4 pos ' 42.2  83.8 -296.0' spd 394.9 yaw 333.2 mode 0 st 1 gl 7 hp 15 frg 4
ARGEVT Joe Rogan route 4 start ' 49.0 105.0 -296.0' goal '-47.0 585.0 -296.0'
ARGEVT Carmack pursue
ARGEVT Romero engage Carmack
ARGLOG Romero t  97.6 pos '355.3 -558.4 -104.0' spd 326.6 yaw 136.4 mode 2 st 3 gl 0 hp 100 frg 4
ARGLOG Carmack t  97.6 pos '183.1 -388.8 -104.0' spd 334.2 yaw 354.8 mode 0 st 1 gl 3 hp 36 frg 6
ARGEVT Joe Rogan pursue
ARGEVT Carmack route 2 start '273.0 -407.0 -104.0' goal '465.0 -279.0 -104.0'
ARGLOG Joe Rogan t  97.9 pos '111.6  63.8 -296.0' spd 333.2 yaw 275.7 mode 2 st 1 gl 7 hp 15 frg 4
ARGEVT Joe Rogan hazard
ARGEVT Carmack pursue
ARGEVT Romero hazard
ARGLOG Romero t  98.1 pos '372.5 -524.8 -104.0' spd 358.4 yaw 112.9 mode 2 st 3 gl 0 hp 100 frg 4
ARGLOG Carmack t  98.1 pos '345.5 -414.7 -104.0' spd 320.9 yaw  48.6 mode 2 st 1 gl 3 hp 12 frg 6
ARGEVT Joe Rogan pursue
ARGLOG Joe Rogan t  98.4 pos '-56.8  55.6 -296.0' spd 320.2 yaw 181.8 mode 2 st 1 gl 7 hp 15 frg 4
ARGEVT Carmack pursue
ARGEVT Carmack death Romero pos '486.3 -354.2 -104.0'
ARGUS Romero watch spawn
ARGLOG Romero t  98.6 pos '335.7 -479.4 -104.0' spd 337.8 yaw  39.6 mode 2 st 3 gl 0 hp 100 frg 5
ARGEVT Romero goal item_armorInv
ARGEVT Romero route 6 start '369.0 -471.0 -104.0' goal '817.0 -855.0 -232.0'
ARGLOG Joe Rogan t  98.9 pos '-230.3  51.6 -296.0' spd 336.9 yaw 73 mode 2 st 1 gl 7 hp 15 frg 4
ARGLOG Romero t  99.1 pos '432.0 -438.1 -104.0' spd 208.2 yaw  83.1 mode 2 st 3 gl 0 hp 100 frg 5
ARGEVT Joe Rogan hazard
ARGEVT Romero hazard
ARGLOG Joe Rogan t  99.4 pos '-156.5 117.1 -296.0' spd 315.3 yaw 82 mode 2 st 1 gl 7 hp 15 frg 4
ARGLOG Romero t  99.6 pos '469.5 -269.8 -104.0' spd 324.9 yaw 321 mode 2 st 3 gl 0 hp 100 frg 5
ARGLOG Joe Rogan t  99.9 pos '-87.5 272.7 -296.0' spd 324.9 yaw 82 mode 2 st 1 gl 7 hp 15 frg 4
ARGLOG Romero t 100.2 pos '624.0 -243.6 -104.0' spd 297.8 yaw 297 mode 2 st 3 gl 0 hp 100 frg 5
ARGEVT Carmack respawn
ARGEVT Joe Rogan hazard
ARGEVT Carmack goal weapon_rocketlauncher
ARGLOG Carmack t 100.2 pos '112.0 -1136.0 -104.0' spd 0 yaw  61.3 mode 0 st 1 gl 3 hp 100 frg 6
ARGEVT Carmack route 10 start '113.0 -1079.0 -104.0' goal '753.0 -887.0 -232.0'
ARGLOG Joe Rogan t 100.5 pos '-117.4 438.0 -296.0' spd 353.4 yaw 60 mode 1 st 1 gl 7 hp 15 frg 4
ARGEVT Romero jump
ARGLOG Romero t 100.7 pos '637.8 -411.0 -74.9' spd 344.0 yaw 314 mode 2 st 3 gl 0 hp 100 frg 5
ARGLOG Carmack t 100.7 pos '169.2 -992.3 -104.0' spd 320.0 yaw 72 mode 2 st 1 gl 3 hp 100 frg 6
ARGEVT Joe Rogan goal backpack
ARGEVT Joe Rogan route 10 start '-79.0 553.0 -296.0' goal '465.0 -279.0 -104.0'
ARGLOG Joe Rogan t 101.0 pos '-40.3 588.6 -296.0' spd 361.2 yaw 255 mode 2 st 1 gl 8 hp 115 frg 4
ARGLOG Romero t 101.2 pos '391.6 -240.0 -271.2' spd 300 yaw 306 mode 0 st 3 gl 0 hp 100 frg 5
ARGLOG Carmack t 101.2 pos '223.3 -836.9 -104.0' spd 320.0 yaw 72 mode 2 st 1 gl 3 hp 100 frg 6
ARGEVT Romero route 13 start '369.0 -247.0 -296.0' goal '817.0 -855.0 -232.0'
ARGLOG Joe Rogan t 101.5 pos '-33.5 515.2 -296.0' spd 352.2 yaw 256 mode 2 st 1 gl 8 hp 115 frg 4
ARGEVT Carmack hazard
ARGLOG Romero t 101.7 pos '453.4 -240.0 -296.0' spd 300 yaw 63 mode 2 st 3 gl 0 hp 100 frg 5
ARGLOG Carmack t 101.7 pos '328.6 -729.0 -104.0' spd 382.9 yaw 73 mode 2 st 1 gl 3 hp 100 frg 6
ARGLOG Joe Rogan t 102.0 pos '-91.7 361.3 -296.0' spd 321.2 yaw 277 mode 2 st 1 gl 8 hp 115 frg 4
ARGEVT Romero hazard
ARGEVT Joe Rogan hazard
ARGLOG Romero t 102.2 pos '585.8 -208.0 -296.0' spd 351.6 yaw 260 mode 2 st 3 gl 0 hp 100 frg 5
ARGLOG Carmack t 102.3 pos '363.5 -560.4 -104.0' spd 331.4 yaw 35 mode 2 st 1 gl 3 hp 100 frg 6
ARGLOG Joe Rogan t 102.5 pos '-86.3 192.8 -296.0' spd 337.3 yaw 277 mode 2 st 1 gl 8 hp 115 frg 4
ARGLOG Romero t 102.7 pos '654.8 -52.1 -296.0' spd 322.1 yaw 257 mode 2 st 3 gl 0 hp 100 frg 5
ARGLOG Carmack t 102.8 pos '434.1 -408.4 -104.0' spd 357.9 yaw 344 mode 2 st 1 gl 3 hp 100 frg 6
ARGLOG Joe Rogan t 103.0 pos '-36.1  34.6 -296.0' spd 322.3 yaw 281 mode 2 st 1 gl 8 hp 115 frg 4
ARGUS routecache adopt
ARGEVT Romero route 10 start '625.0 105.0 -296.0' goal '817.0 -855.0 -232.0'
ARGLOG Romero t 103.2 pos '606.8 107.5 -296.0' spd 381.1 yaw 185.6 mode 0 st 3 gl 0 hp 100 frg 5
ARGEVT Romero hazard
ARGLOG Carmack t 103.3 pos '596.5 -366.5 -104.0' spd 341.2 yaw 314 mode 2 st 1 gl 3 hp 100 frg 6
ARGEVT Carmack jump
ARGLOG Joe Rogan t 103.5 pos '-32.0 -131.7 -296.0' spd 330.1 yaw 343 mode 2 st 1 gl 8 hp 115 frg 4
ARGEVT Romero route 11 start '529.0  73.0 -296.0' goal '817.0 -855.0 -232.0'
ARGLOG Romero t 103.8 pos '581.8  16.0 -296.0' spd 322.4 yaw 318.1 mode 2 st 3 gl 0 hp 100 frg 5
ARGLOG Carmack t 103.8 pos '688.0 -435.9 -69.2' spd 143.2 yaw 307 mode 2 st 1 gl 3 hp 100 frg 6
ARGEVT Joe Rogan hazard
ARGEVT Joe Rogan route 4 start ' 17.0 -247.0 -296.0' goal '465.0 -279.0 -104.0'
ARGEVT Joe Rogan engage Carmack
ARGEVT Carmack engage Joe Rogan
ARGLOG Joe Rogan t 104.1 pos ' 54.9 -247.8 -296.0' spd 351.5 yaw   0.3 mode 2 st 1 gl 8 hp 115 frg 4
ARGEVT Carmack route 13 start '369.0 -247.0 -296.0' goal '753.0 -887.0 -232.0'
ARGLOG Romero t 104.3 pos '648.1 -130.1 -296.0' spd 324.7 yaw 248 mode 2 st 3 gl 0 hp 100 frg 5
ARGLOG Carmack t 104.3 pos '452.8 -240.0 -296.0' spd 300 yaw 184.3 mode 2 st 1 gl 3 hp 100 frg 6
ARGEVT Romero engage Carmack
ARGLOG Joe Rogan t 104.6 pos '166.5 -234.7 -296.0' spd 215.4 yaw 356.8 mode 2 st 1 gl 8 hp 115 frg 4
ARGEVT Carmack death Joe Rogan pos '470.8 -246.2 -296.0'
ARGUS Joe Rogan watch spawn
ARGEVT Joe Rogan engage Romero
ARGEVT Romero engage Joe Rogan
ARGLOG Romero t 104.8 pos '617.6 -232.7 -296.0' spd 246.9 yaw 179.4 mode 0 st 3 gl 0 hp 100 frg 5
ARGEVT Romero route 12 start '593.0 -215.0 -296.0' goal '817.0 -855.0 -232.0'
ARGEVT Romero grab 
ARGEVT Joe Rogan goal backpack
ARGEVT Romero hazard
ARGLOG Joe Rogan t 105.1 pos '213.7 -245.8 -296.0' spd 237.9 yaw 356.2 mode 1 st 1 gl 8 hp 97 frg 5
ARGUS routecache adopt
ARGEVT Romero route 12 start '593.0 -215.0 -296.0' goal '817.0 -855.0 -232.0'
ARGLOG Romero t 105.3 pos '542.8 -244.6 -296.0' spd 343.6 yaw 183.1 mode 0 st 3 gl 0 hp 100 frg 5
ARGEVT Joe Rogan hazard
ARGEVT Romero death Joe Rogan pos '460.8 -261.2 -296.0'
ARGEVT Joe Rogan goal backpack
ARGLOG Joe Rogan t 105.6 pos '182.7 -257.9 -296.0' spd 329.7 yaw 146.4 mode 0 st 1 gl 8 hp 81 frg 6
ARGEVT Joe Rogan route 11 start '145.0 -247.0 -296.0' goal '465.0 -279.0 -104.0'
ARGLOG Joe Rogan t 106.1 pos ' 65.9 -208.2 -296.0' spd 109.7 yaw 353 mode 2 st 1 gl 8 hp 81 frg 6
ARGEVT Carmack respawn
ARGEVT Carmack goal weapon_rocketlauncher
ARGLOG Carmack t 106.3 pos '112.0 -1136.0 -104.0' spd 0 yaw  28.7 mode 0 st 1 gl 3 hp 100 frg 6
ARGEVT Carmack route 10 start '113.0 -1079.0 -104.0' goal '753.0 -887.0 -232.0'
ARGLOG Joe Rogan t 106.6 pos '219.1 -259.0 -296.0' spd 321.5 yaw 1 mode 2 st 1 gl 8 hp 81 frg 6
ARGLOG Carmack t 106.8 pos '210.8 -1013.8 -104.0' spd 333.8 yaw 95 mode 2 st 1 gl 3 hp 100 frg 6
ARGEVT Romero respawn
ARGEVT Romero goal item_armorInv
ARGLOG Romero t 107.1 pos '272.0 -952.0  24.0' spd 0 yaw  16.6 mode 0 st 3 gl 0 hp 100 frg 5
ARGLOG Joe Rogan t 107.1 pos '383.1 -260.7 -296.0' spd 320.2 yaw 30 mode 2 st 1 gl 8 hp 81 frg 6
ARGEVT Romero route 10 start '305.0 -983.0  24.0' goal '817.0 -855.0 -232.0'
ARGEVT Joe Rogan weapon lg
ARGLOG Carmack t 107.3 pos '215.2 -848.6 -104.0' spd 320.2 yaw 96 mode 2 st 1 gl 3 hp 100 frg 6
ARGLOG Romero t 107.6 pos '356.3 -820.6  24.0' spd 334.7 yaw 103 mode 2 st 3 gl 0 hp 100 frg 5
ARGEVT Carmack hazard
ARGLOG Joe Rogan t 107.7 pos '539.9 -208.7 -296.0' spd 324.7 yaw  60.3 mode 2 st 1 gl 8 hp 81 frg 6
ARGEVT Joe Rogan hazard
ARGLOG Carmack t 107.9 pos '301.5 -752.0 -104.0' spd 378.3 yaw 70 mode 2 st 1 gl 3 hp 100 frg 6
ARGLOG Romero t 108.1 pos '339.1 -645.0  24.0' spd 320.4 yaw 106 mode 2 st 3 gl 0 hp 100 frg 5
ARGLOG Joe Rogan t 108.2 pos '451.1 -208.0 -296.0' spd 294.1 yaw 60 mode 2 st 1 gl 8 hp 81 frg 6
ARGLOG Carmack t 108.4 pos '362.1 -591.9 -104.0' spd 320.1 yaw 39 mode 2 st 1 gl 3 hp 100 frg 6
ARGLOG Romero t 108.6 pos '338.6 -478.0  24.0' spd 334.4 yaw 19 mode 2 st 3 gl 0 hp 100 frg 5
ARGLOG Joe Rogan t 108.7 pos '557.1 -208.0 -296.0' spd 370.1 yaw 77 mode 2 st 1 gl 8 hp 81 frg 6
ARGEVT Romero engage Carmack
ARGEVT Carmack engage Romero
ARGLOG Carmack t 108.9 pos '410.4 -433.1 -104.0' spd 360.2 yaw 122.4 mode 2 st 1 gl 3 hp 100 frg 6
ARGLOG Romero t 109.1 pos '386.6 -381.9 -34.9' spd  47.1 yaw   1.9 mode 2 st 3 gl 0 hp 100 frg 5
ARGLOG Joe Rogan t 109.2 pos '656.0 -70.3 -296.0' spd 330.0 yaw 257 mode 2 st 1 gl 8 hp 81 frg 6
ARGLOG Carmack t 109.4 pos '535.9 -320.1 -104.0' spd 445.1 yaw 217.1 mode 2 st 1 gl 3 hp 76 frg 6
ARGLOG Romero t 109.7 pos '396.1 -487.6 -104.0' spd 361.2 yaw  68.5 mode 2 st 3 gl 0 hp 76 frg 5
ARGLOG Joe Rogan t 109.7 pos '545.2  44.1 -296.0' spd 419.9 yaw 265 mode 2 st 1 gl 8 hp 100 frg 6
ARGEVT Joe Rogan hazard
ARGEVT Carmack hazard
ARGEVT Carmack grab item_armor1
ARGLOG Carmack t 109.9 pos '472.9 -137.7 -104.0' spd 438.5 yaw 253.5 mode 2 st 1 gl 3 hp 52 frg 6
ARGLOG Romero t 110.2 pos '293.0 -495.1 -104.0' spd 337.8 yaw  52.6 mode 0 st 3 gl 0 hp 52 frg 5
ARGLOG Joe Rogan t 110.2 pos '603.9  27.1 -296.0' spd 386.4 yaw 262 mode 2 st 1 gl 8 hp 100 frg 6
ARGEVT Romero route 6 start '273.0 -503.0 -104.0' goal '817.0 -855.0 -232.0'
ARGLOG Carmack t 110.4 pos '624.0 -166.3 -104.0' spd 179.7 yaw 211.3 mode 2 st 1 gl 3 hp 41 frg 6
ARGLOG Romero t 110.7 pos '275.6 -434.9 -104.0' spd 329.8 yaw  28.0 mode 2 st 3 gl 0 hp 48 frg 5
ARGLOG Joe Rogan t 110.7 pos '712.5 119.5 -296.0' spd 338.4 yaw 256 mode 2 st 1 gl 8 hp 100 frg 6
ARGEVT Joe Rogan hazard
ARGEVT Romero grab item_health
ARGEVT Romero retreat
ARGLOG Carmack t 110.9 pos '642.0 -330.7 -104.0' spd 336.3 yaw 208.0 mode 2 st 1 gl 3 hp 25 frg 6
ARGEVT Joe Rogan route 5 start '465.0 -855.0  24.0' goal '465.0 -279.0 -104.0'
ARGEVT Carmack jump
ARGEVT Romero hazard
ARGLOG Romero t 111.2 pos '377.9 -514.6 -104.0' spd 338.8 yaw  17.7 mode 2 st 3 gl 0 hp 24 frg 5
ARGLOG Joe Rogan t 111.2 pos '393.9 -864.0  24.0' spd 300 yaw 101 mode 2 st 1 gl 8 hp 100 frg 6
ARGEVT Carmack pursue
ARGEVT Romero pursue
ARGLOG Carmack t 111.5 pos '688.0 -464.0 -69.2' spd 0 yaw 189 mode 2 st 1 gl 3 hp 25 frg 6
ARGLOG Romero t 111.7 pos '483.5 -410.7 -104.0' spd 350.5 yaw  57.5 mode 2 st 3 gl 0 hp 24 frg 5
ARGLOG Joe Rogan t 111.8 pos '389.5 -811.1  24.0' spd 320.3 yaw 81 mode 2 st 1 gl 8 hp 100 frg 6
ARGEVT Joe Rogan hazard
ARGLOG Carmack t 112.0 pos '453.4 -240.0 -296.0' spd 300 yaw 304.4 mode 0 st 1 gl 3 hp 14 frg 6
ARGEVT Carmack route 12 start '465.0 -247.0 -296.0' goal '753.0 -887.0 -232.0'
ARGEVT Romero pursue
ARGEVT Carmack pursue
ARGLOG Romero t 112.2 pos '570.9 -368.8 -104.0' spd 334.3 yaw  44.3 mode 2 st 3 gl 0 hp 24 frg 5
ARGLOG Joe Rogan t 112.3 pos '342.6 -677.0  24.0' spd 333.5 yaw 79 mode 2 st 1 gl 8 hp 100 frg 6
ARGUS Carmack hunch item_health
ARGEVT Carmack goal item_health
ARGEVT Carmack pursue
ARGLOG Carmack t 112.5 pos '493.9 -238.4 -296.0' spd 319.8 yaw  54.9 mode 0 st 1 gl 3 hp 14 frg 6
ARGEVT Romero hazard
ARGEVT Carmack route 7 start '465.0 -247.0 -296.0' goal '465.0 -471.0  24.0'
ARGEVT Carmack hazard
ARGLOG Romero t 112.7 pos '686.6 -362.2 -104.0' spd 323.9 yaw 268 mode 2 st 3 gl 0 hp 24 frg 5
ARGLOG Joe Rogan t 112.8 pos '360.1 -512.1  24.0' spd 320.2 yaw 77 mode 2 st 1 gl 8 hp 100 frg 6
ARGUS Romero hunch item_health
ARGLOG Carmack t 113.0 pos '645.1 -253.1 -296.0' spd 358.9 yaw 280.7 mode 0 st 1 gl 3 hp 14 frg 6
ARGEVT Romero goal weapon_lightning
ARGEVT Joe Rogan engage Romero
ARGEVT Romero pursue
ARGEVT Carmack route 7 start '593.0 -215.0 -296.0' goal '465.0 -471.0  24.0'
ARGLOG Romero t 113.3 pos '586.8 -386.2 -104.0' spd 379.0 yaw  87.6 mode 1 st 3 gl 0 hp 24 frg 5
ARGLOG Joe Rogan t 113.3 pos '406.1 -393.7 -20.2' spd 106.5 yaw  14.1 mode 2 st 1 gl 8 hp 100 frg 6
ARGLOG Carmack t 113.5 pos '470.9 -272.0 -296.0' spd 347.9 yaw 117.2 mode 2 st 1 gl 3 hp 14 frg 6
ARGEVT Romero death Joe Rogan pos '592.2 -272.8 -104.0'
ARGUS Joe Rogan watch spawn
ARGEVT Joe Rogan goal backpack
ARGEVT Carmack hazard
ARGLOG Joe Rogan t 113.8 pos '510.1 -424.5 -104.0' spd 365.5 yaw  40.2 mode 1 st 1 gl 8 hp 100 frg 7
ARGLOG Carmack t 114.0 pos '398.4 -144.2 -296.0' spd 163.4 yaw 312.4 mode 2 st 1 gl 3 hp 14 frg 6
ARGLOG Joe Rogan t 114.3 pos '558.6 -269.8 -104.0' spd 382.7 yaw 167 mode 1 st 1 gl 8 hp 100 frg 7
ARGLOG Carmack t 114.5 pos '447.9 -258.4 -296.0' spd 343.3 yaw 331 mode 2 st 1 gl 3 hp 14 frg 6
ARGEVT Joe Rogan hazard
ARGLOG Joe Rogan t 114.8 pos '400.7 -152.9 -110.3' spd 368.0 yaw  67.8 mode 1 st 1 gl 8 hp 100 frg 7
ARGLOG Carmack t 115.1 pos '602.6 -192.8 -296.0' spd 384.7 yaw 112.3 mode 2 st 1 gl 3 hp 14 frg 6
ARGEVT Romero respawn
ARGEVT Romero goal item_armorInv
ARGLOG Romero t 115.2 pos '112.0 -1136.0 -104.0' spd 0 yaw  61.6 mode 0 st 3 gl 0 hp 100 frg 5
ARGEVT Carmack hazard
ARGEVT Romero route 10 start '113.0 -1079.0 -104.0' goal '817.0 -855.0 -232.0'
ARGLOG Joe Rogan t 115.4 pos '344.1 -48.6 -268.9' spd  32.6 yaw 330 mode 1 st 1 gl 8 hp 100 frg 7
ARGLOG Carmack t 115.6 pos '598.7  -8.1 -296.0' spd 320.1 yaw 262 mode 2 st 1 gl 3 hp 14 frg 6
ARGLOG Romero t 115.7 pos '179.4 -995.0 -104.0' spd 320.0 yaw 66 mode 2 st 3 gl 0 hp 100 frg 5
ARGLOG Joe Rogan t 115.9 pos '405.3 -166.6 -296.0' spd 320.4 yaw 304.3 mode 1 st 1 gl 8 hp 100 frg 7
ARGLOG Carmack t 116.1 pos '543.0 126.9 -296.0' spd  28.2 yaw 216 mode 2 st 1 gl 3 hp 14 frg 6
ARGLOG Romero t 116.2 pos '246.7 -844.5 -104.0' spd 320.0 yaw 67 mode 2 st 3 gl 0 hp 100 frg 5
ARGEVT Carmack hazard
ARGLOG Joe Rogan t 116.4 pos '551.9 -249.8 -296.0' spd 340.0 yaw 26 mode 1 st 1 gl 8 hp 100 frg 7
ARGEVT Joe Rogan jump
ARGLOG Carmack t 116.6 pos '567.4  16.0 -296.0' spd 244.7 yaw 264 mode 2 st 1 gl 3 hp 14 frg 6
ARGEVT Joe Rogan engage Carmack
ARGEVT Joe Rogan grab 
ARGEVT Carmack engage Joe Rogan
ARGLOG Romero t 116.7 pos '317.9 -728.8 -104.0' spd 328.5 yaw 71 mode 2 st 3 gl 0 hp 100 frg 5
ARGLOG Joe Rogan t 116.9 pos '640.9 -183.7 -266.5' spd 243.1 yaw  84.3 mode 1 st 1 gl 8 hp 100 frg 7
ARGEVT Carmack death Joe Rogan pos '632.7  10.3 -296.0'
ARGEVT Joe Rogan goal backpack
ARGEVT Joe Rogan route 4 start '593.0 -215.0 -296.0' goal '465.0 -279.0 -104.0'
ARGLOG Romero t 117.2 pos '368.0 -570.4 -104.0' spd 298.6 yaw 57 mode 2 st 3 gl 0 hp 100 frg 5
ARGEVT Joe Rogan hazard
ARGLOG Joe Rogan t 117.4 pos '643.8 -206.5 -296.0' spd 349.4 yaw  77.9 mode 2 st 1 gl 8 hp 84 frg 8
ARGLOG Romero t 117.7 pos '421.4 -409.3 -104.0' spd 323.1 yaw 49 mode 2 st 3 gl 0 hp 100 frg 5
ARGLOG Joe Rogan t 117.9 pos '655.7 -41.3 -296.0' spd 329.5 yaw 216 mode 2 st 1 gl 8 hp 84 frg 8
ARGLOG Romero t 118.2 pos '523.8 -278.9 -104.0' spd 336.6 yaw 77 mode 2 st 3 gl 0 hp 100 frg 5
ARGLOG Joe Rogan t 118.5 pos '560.6  71.5 -296.0' spd  36.9 yaw 285.8 mode 2 st 1 gl 8 hp 84 frg 8
ARGEVT Carmack respawn
ARGEVT Carmack goal weapon_rocketlauncher
ARGLOG Carmack t 118.7 pos '112.0 -1136.0 -104.0' spd 0 yaw  28.4 mode 0 st 1 gl 3 hp 100 frg 6
ARGEVT Carmack route 10 start '113.0 -1079.0 -104.0' goal '753.0 -887.0 -232.0'
ARGLOG Romero t 118.8 pos '577.5 -121.7 -104.0' spd 320.7 yaw 82 mode 2 st 3 gl 0 hp 100 frg 5
ARGLOG Joe Rogan t 119.0 pos '632.2 -74.4 -296.0' spd 385.0 yaw 219.9 mode 2 st 1 gl 8 hp 84 frg 8
ARGEVT Joe Rogan hazard
ARGEVT Carmack engage Romero
ARGEVT Carmack grab weapon_supershotgun
ARGLOG Carmack t 119.2 pos '203.1 -1005.8 -104.0' spd 335.0 yaw  70.4 mode 2 st 1 gl 3 hp 100 frg 6
ARGEVT Romero hazard
ARGLOG Romero t 119.3 pos '566.4   3.2 -104.0' spd 0 yaw 63 mode 0 st 3 gl 0 hp 100 frg 5
ARGEVT Romero route 6 start '529.0 -55.0 -104.0' goal '817.0 -855.0 -232.0'
ARGLOG Joe Rogan t 119.5 pos '595.1 -141.4 -296.0' spd 324.8 yaw 68 mode 2 st 1 gl 8 hp 84 frg 8
ARGEVT Carmack pursue
ARGLOG Carmack t 119.7 pos '362.9 -929.8 -104.0' spd 343.8 yaw 77 mode 2 st 1 gl 3 hp 100 frg 6
ARGLOG Romero t 119.8 pos '566.4   3.2 -104.0' spd 0 yaw 63 mode 2 st 3 gl 0 hp 100 frg 5
ARGLOG Joe Rogan t 120.0 pos '631.8  23.3 -296.0' spd 371.6 yaw 226 mode 2 st 1 gl 8 hp 84 frg 8
ARGUS Carmack hunch item_artifact_super_damage
ARGLOG Carmack t 120.2 pos '421.1 -773.9 -104.0' spd 320.4 yaw 278.5 mode 2 st 1 gl 3 hp 100 frg 6
ARGEVT Romero hazard
ARGEVT Joe Rogan route 5 start '529.0  73.0 -296.0' goal '465.0 -279.0 -104.0'
ARGLOG Romero t 120.3 pos '566.4   3.2 -104.0' spd 0 yaw 63 mode 2 st 3 gl 0 hp 100 frg 5
ARGEVT Carmack goal weapon_rocketlauncher
ARGEVT Joe Rogan hazard
ARGEVT Carmack pursue
ARGEVT Carmack route 8 start '401.0 -791.0 -104.0' goal '753.0 -887.0 -232.0'
ARGEVT Carmack hazard
ARGLOG Joe Rogan t 120.5 pos '554.3  37.1 -296.0' spd 335.8 yaw 253 mode 2 st 1 gl 8 hp 84 frg 8
ARGLOG Carmack t 120.7 pos '463.1 -886.6 -104.0' spd 183.9 yaw  42.5 mode 2 st 1 gl 3 hp 100 frg 6
ARGLOG Romero t 120.8 pos '564.7   2.3 -104.0' spd  13.0 yaw 62 mode 2 st 3 gl 0 hp 100 frg 5
ARGLOG Joe Rogan t 121.0 pos '636.4 -86.3 -296.0' spd 334.9 yaw 212 mode 2 st 1 gl 8 hp 84 frg 8
ARGLOG Carmack t 121.2 pos '463.7 -760.6 -104.0' spd 322.3 yaw 115.3 mode 2 st 1 gl 3 hp 100 frg 6
ARGEVT Romero hazard
ARGLOG Romero t 121.3 pos '566.4   3.2 -104.0' spd 0 yaw 279 mode 2 st 3 gl 0 hp 100 frg 5
ARGLOG Joe Rogan t 121.5 pos '555.9 -233.5 -296.0' spd 361.2 yaw 251 mode 2 st 1 gl 8 hp 84 frg 8
ARGEVT Carmack pursue
ARGLOG Carmack t 121.7 pos '322.8 -670.8 -104.0' spd 375.6 yaw 69 mode 2 st 1 gl 3 hp 100 frg 6
ARGEVT Romero engage Carmack
ARGEVT Romero grab 
ARGEVT Joe Rogan hazard
ARGLOG Romero t 121.8 pos '603.8 -148.8 -104.0' spd 309.8 yaw 236.8 mode 2 st 3 gl 0 hp 96 frg 5
ARGLOG Joe Rogan t 122.1 pos '401.5 -223.2 -296.0' spd 321.0 yaw 126.4 mode 2 st 1 gl 8 hp 84 frg 8
ARGEVT Joe Rogan rjump
ARGEVT Joe Rogan weapon lg
ARGEVT Joe Rogan engage Romero
ARGLOG Carmack t 122.3 pos '311.5 -532.9 -104.0' spd 327.5 yaw  61.0 mode 2 st 1 gl 3 hp 100 frg 6
ARGLOG Romero t 122.4 pos '484.1 -188.3 -104.0' spd 323.3 yaw 240.9 mode 2 st 3 gl 0 hp 96 frg 5
ARGLOG Joe Rogan t 122.6 pos '155.5 -160.0 -105.8' spd 478.3 yaw 347.0 mode 0 st 1 gl 8 hp 48 frg 8
ARGEVT Joe Rogan route 3 start '145.0 -247.0 -72.0' goal '465.0 -279.0 -104.0'
ARGLOG Carmack t 122.8 pos '270.1 -453.6 -104.0' spd 290.7 yaw  35.2 mode 2 st 1 gl 3 hp 80 frg 6
ARGEVT Romero grab item_health
ARGEVT Carmack grab weapon_grenadelauncher
ARGLOG Romero t 122.9 pos '557.6 -305.7 -104.0' spd 370.0 yaw 214.1 mode 2 st 3 gl 0 hp 80 frg 5
ARGEVT Joe Rogan weapon rl
ARGLOG Joe Rogan t 123.1 pos '112.0 -176.0 -127.8' spd 0 yaw 318.7 mode 2 st 1 gl 8 hp 48 frg 8
ARGLOG Carmack t 123.3 pos '257.2 -470.8 -104.0' spd 109.9 yaw   7.6 mode 2 st 1 gl 3 hp 72 frg 6
ARGLOG Romero t 123.4 pos '574.4 -404.1 -104.0' spd 308.6 yaw 188.0 mode 2 st 3 gl 0 hp 56 frg 5
ARGLOG Joe Rogan t 123.6 pos '112.0 -154.3 -362.0' spd  57.2 yaw 323.1 mode 2 st 1 gl 8 hp 48 frg 8
ARGEVT Joe Rogan swim
ARGEVT Joe Rogan pursue
ARGLOG Carmack t 123.8 pos '268.9 -458.4 -104.0' spd 151.5 yaw   3.6 mode 2 st 1 gl 3 hp 48 frg 6
ARGLOG Romero t 123.9 pos '555.4 -408.7 -104.0' spd 145.5 yaw 188.7 mode 2 st 3 gl 0 hp 56 frg 5
ARGEVT Romero retreat
ARGEVT Joe Rogan death world pos '151.6 -158.5 -393.1'
ARGEVT Romero jump
ARGLOG Carmack t 124.3 pos '149.5 -423.2 -104.0' spd 324.4 yaw  26.5 mode 2 st 1 gl 3 hp 48 frg 6
ARGEVT Carmack hazard
ARGLOG Romero t 124.4 pos '406.9 -240.0 -275.4' spd 300 yaw 249.0 mode 2 st 3 gl 0 hp 20 frg 5
ARGLOG Carmack t 124.8 pos '168.2 -429.7 -104.0' spd 104.4 yaw  21.2 mode 2 st 1 gl 3 hp 44 frg 6
ARGLOG Romero t 124.9 pos '453.4 -240.0 -296.0' spd 300 yaw 210.9 mode 2 st 3 gl 0 hp 20 frg 5
ARGLOG Carmack t 125.4 pos '139.4 -394.2 -104.0' spd  30.0 yaw  13.3 mode 2 st 1 gl 3 hp 32 frg 6
ARGLOG Romero t 125.5 pos '593.4 -249.8 -296.0' spd 327.2 yaw 201.1 mode 2 st 3 gl 0 hp 20 frg 5
ARGEVT Joe Rogan respawn
ARGEVT Joe Rogan goal weapon_rocketlauncher
ARGLOG Joe Rogan t 125.7 pos '-64.0 512.0 -296.0' spd 0 yaw 286.3 mode 0 st 1 gl 8 hp 100 frg 7
ARGEVT Romero hazard
ARGEVT Carmack pursue
ARGEVT Joe Rogan route 5 start '-79.0 553.0 -296.0' goal ' 81.0  73.0 -296.0'
ARGEVT Romero pursue
ARGEVT Joe Rogan hazard
ARGLOG Carmack t 125.9 pos '228.3 -400.7 -104.0' spd 320.6 yaw   7.4 mode 2 st 1 gl 3 hp 32 frg 6
ARGLOG Romero t 126.0 pos '584.7 -231.3 -296.0' spd 322.5 yaw 200 mode 2 st 3 gl 0 hp 20 frg 5
ARGEVT Carmack hazard
ARGEVT Carmack pursue
ARGLOG Joe Rogan t 126.2 pos '-47.9 354.9 -296.0' spd 327.1 yaw 292 mode 2 st 1 gl 8 hp 100 frg 7
ARGUS Carmack hunch 
ARGEVT Carmack goal backpack
ARGEVT Carmack pursue
ARGEVT Carmack route 2 start '369.0 -471.0 -104.0' goal '465.0 -279.0 -104.0'
ARGUS Romero hunch 
ARGLOG Carmack t 126.4 pos '399.0 -411.0 -104.0' spd 321.6 yaw  21.1 mode 2 st 1 gl 3 hp 32 frg 6
ARGEVT Romero pursue
ARGEVT Romero goal item_health
ARGLOG Romero t 126.5 pos '473.6 -246.0 -296.0' spd 342.8 yaw  73.3 mode 0 st 3 gl 0 hp 20 frg 5
ARGEVT Romero route 7 start '465.0 -247.0 -296.0' goal '465.0 -471.0  24.0'
ARGEVT Romero pursue
ARGLOG Joe Rogan t 126.7 pos '-61.7 185.0 -296.0' spd 340.0 yaw 244.3 mode 2 st 1 gl 8 hp 100 frg 7
ARGEVT Romero hazard
ARGLOG Carmack t 126.9 pos '534.5 -311.1 -104.0' spd 352.6 yaw 106.0 mode 2 st 1 gl 3 hp 32 frg 6
ARGLOG Romero t 127.0 pos '510.2 -208.0 -296.0' spd 312.1 yaw 190.4 mode 2 st 3 gl 0 hp 20 frg 5
ARGLOG Joe Rogan t 127.2 pos '-24.2  24.9 -296.0' spd 402.1 yaw  23.6 mode 1 st 1 gl 8 hp 100 frg 7
ARGEVT Joe Rogan hazard
ARGEVT Carmack pursue
ARGLOG Carmack t 127.4 pos '417.7 -235.1 -106.1' spd 324.8 yaw 236.2 mode 2 st 1 gl 3 hp 32 frg 6
ARGEVT Joe Rogan goal backpack
ARGLOG Romero t 127.5 pos '364.0 -254.7 -296.0' spd 151.4 yaw 359.7 mode 2 st 3 gl 0 hp 20 frg 5
ARGEVT Joe Rogan route 6 start ' 49.0 105.0 -296.0' goal '337.0 -119.0 -296.0'
ARGLOG Joe Rogan t 127.7 pos '102.5  98.2 -296.0' spd 399.0 yaw 240 mode 2 st 1 gl 9 hp 100 frg 7
ARGEVT Carmack weapon ssg
ARGEVT Romero hazard
ARGEVT Romero death Carmack pos '306.3 -241.5 -296.0'
ARGUS Carmack watch spawn
ARGLOG Carmack t 127.9 pos '347.6 -238.9 -156.7' spd 112.8 yaw 186.7 mode 2 st 1 gl 3 hp 8 frg 7
ARGEVT Carmack weapon gl
ARGEVT Carmack goal backpack
ARGEVT Carmack route 10 start '337.0 -247.0 -296.0' goal '465.0 -279.0 -104.0'
ARGLOG Joe Rogan t 128.2 pos '-20.7  51.8 -296.0' spd 320.1 yaw 278 mode 2 st 1 gl 9 hp 100 frg 7
ARGEVT Joe Rogan hazard
ARGLOG Carmack t 128.4 pos '383.2 -247.3 -296.0' spd 322.5 yaw 27 mode 2 st 1 gl 3 hp 8 frg 7
ARGEVT Carmack hazard
ARGLOG Joe Rogan t 128.7 pos '-53.1 -40.5 -296.0' spd 357.9 yaw 332 mode 2 st 1 gl 9 hp 100 frg 7
ARGLOG Carmack t 129.0 pos '547.7 -227.2 -296.0' spd 389.3 yaw 117.8 mode 2 st 1 gl 3 hp 8 frg 7
ARGEVT Carmack engage Joe Rogan
ARGEVT Carmack retreat
ARGEVT Joe Rogan engage Carmack
ARGLOG Joe Rogan t 129.3 pos '-16.0 -201.3 -296.0' spd 352.4 yaw 352.1 mode 2 st 1 gl 9 hp 100 frg 7
ARGEVT Joe Rogan route 3 start ' 17.0 -247.0 -296.0' goal '337.0 -119.0 -296.0'
ARGEVT Joe Rogan hazard
ARGEVT Romero respawn
ARGLOG Carmack t 129.5 pos '564.8 -208.0 -296.0' spd 320 yaw 162.0 mode 2 st 1 gl 3 hp 8 frg 7
ARGEVT Romero goal item_armorInv
ARGLOG Romero t 129.5 pos '784.0 -176.0  24.0' spd 0 yaw 189 mode 0 st 3 gl 0 hp 100 frg 5
ARGEVT Romero route 5 start '785.0 -183.0  24.0' goal '817.0 -855.0 -232.0'
ARGEVT Carmack weapon ssg
ARGEVT Carmack hazard
ARGLOG Joe Rogan t 129.8 pos '-16.0 -173.2 -296.0' spd 343.3 yaw 294.6 mode 0 st 1 gl 9 hp 45 frg 7
ARGEVT Carmack pursue
ARGEVT Joe Rogan route 4 start '-47.0 -151.0 -296.0' goal '337.0 -119.0 -296.0'
ARGEVT Joe Rogan pursue
ARGEVT Carmack weapon gl
ARGUS routecache adopt
ARGEVT Joe Rogan route 3 start ' 17.0 -247.0 -296.0' goal '337.0 -119.0 -296.0'
ARGLOG Carmack t 130.0 pos '608.5 -170.3 -296.0' spd 206.3 yaw 236.2 mode 2 st 1 gl 3 hp 8 frg 7
ARGEVT Romero engage Joe Rogan
ARGEVT Romero grab item_armor1
ARGLOG Romero t 130.0 pos '648.0 -159.7  24.0' spd 324.8 yaw 158.0 mode 2 st 3 gl 0 hp 100 frg 5
ARGEVT Romero hazard
ARGEVT Carmack pursue
ARGLOG Joe Rogan t 130.3 pos ' 85.8 -244.4 -296.0' spd 320.8 yaw 4 mode 2 st 1 gl 9 hp 45 frg 7
ARGLOG Carmack t 130.5 pos '593.2 -136.1 -296.0' spd 338.7 yaw 135.4 mode 2 st 1 gl 3 hp 8 frg 7
ARGUS Joe Rogan prefire
ARGLOG Romero t 130.6 pos '743.9 -186.3  24.0' spd 143.3 yaw 185.9 mode 2 st 3 gl 0 hp 100 frg 5
ARGUS Joe Rogan hunch item_health
ARGEVT Romero pursue
ARGEVT Joe Rogan pursue
ARGEVT Joe Rogan goal item_health
ARGEVT Joe Rogan pursue
ARGLOG Joe Rogan t 130.8 pos '195.1 -252.7 -296.0' spd 126.7 yaw 106.9 mode 0 st 1 gl 9 hp 45 frg 7
ARGEVT Joe Rogan route 5 start '145.0 -247.0 -296.0' goal '529.0  73.0 -296.0'
ARGEVT Joe Rogan hazard
ARGEVT Carmack pursue
ARGLOG Carmack t 131.0 pos '609.7  30.7 -296.0' spd 320.7 yaw  91.5 mode 2 st 1 gl 3 hp 8 frg 7
ARGLOG Romero t 131.1 pos '593.5 -160.8  24.0' spd 344.1 yaw 188.2 mode 2 st 3 gl 0 hp 100 frg 5
ARGEVT Carmack hazard
ARGEVT Carmack route 6 start '625.0 105.0 -296.0' goal '465.0 -279.0 -104.0'
ARGLOG Joe Rogan t 131.3 pos '152.7 -210.1 -296.0' spd 320.5 yaw 0 mode 2 st 1 gl 9 hp 21 frg 7
ARGEVT Romero route 6 start '593.0 -151.0  24.0' goal '817.0 -855.0 -232.0'
ARGEVT Joe Rogan pursue
ARGLOG Carmack t 131.5 pos '394.5 -864.0  24.0' spd 300 yaw 122 mode 0 st 1 gl 3 hp 8 frg 7
ARGLOG Romero t 131.6 pos '500.7 -63.8 -51.6' spd 225.3 yaw 218.3 mode 2 st 3 gl 0 hp 100 frg 5
ARGEVT Carmack route 5 start '401.0 -887.0  24.0' goal '465.0 -279.0 -104.0'
ARGLOG Joe Rogan t 131.8 pos '310.7 -280.7 -296.0' spd 342.2 yaw 18 mode 2 st 1 gl 9 hp 1 frg 7
ARGEVT Romero jump
ARGEVT Joe Rogan hazard
ARGEVT Romero pursue
ARGLOG Carmack t 132.0 pos '362.1 -846.8  24.0' spd 359.8 yaw 121 mode 2 st 1 gl 3 hp 8 frg 7
ARGLOG Romero t 132.1 pos '597.3 -92.2 -69.6' spd  30.5 yaw 208 mode 2 st 3 gl 0 hp 100 frg 5
ARGLOG Joe Rogan t 132.4 pos '448.0 -212.6 -296.0' spd 359.0 yaw 332.6 mode 2 st 1 gl 9 hp 1 frg 7
ARGUS Carmack hunch 
ARGEVT Carmack goal item_health
ARGEVT Carmack route 2 start '241.0 -759.0  24.0' goal '401.0 -887.0 -104.0'
ARGLOG Carmack t 132.6 pos '276.6 -808.4  24.0' spd 321.7 yaw 256.9 mode 2 st 1 gl 3 hp 8 frg 7
ARGLOG Romero t 132.6 pos '578.2 -105.5 -104.0' spd 175.9 yaw 208 mode 2 st 3 gl 0 hp 100 frg 5
ARGEVT Joe Rogan death Carmack pos '535.0 -213.5 -296.0'
ARGEVT Romero jump
ARGEVT Carmack goal item_health
ARGEVT Carmack route 2 start '241.0 -887.0  24.0' goal '369.0 -983.0 -104.0'
ARGLOG Carmack t 133.1 pos '208.0 -858.0  24.0' spd 118.4 yaw 323 mode 2 st 1 gl 3 hp 8 frg 8
ARGLOG Romero t 133.1 pos '430.2 -177.6 -69.0' spd 322.9 yaw 337 mode 2 st 3 gl 0 hp 100 frg 5
ARGLOG Carmack t 133.6 pos '208.3 -983.7  24.0' spd 320.1 yaw 288.3 mode 2 st 1 gl 3 hp 8 frg 8
ARGLOG Romero t 133.6 pos '281.2 -249.2 -214.5' spd 322.9 yaw 0 mode 2 st 3 gl 0 hp 100 frg 5
ARGEVT Carmack hazard
ARGEVT Romero route 15 start '145.0 -247.0 -296.0' goal '817.0 -855.0 -232.0'
ARGEVT Romero hazard
ARGLOG Carmack t 134.1 pos '351.8 -1019.4  24.0' spd 360.0 yaw  35.7 mode 1 st 1 gl 3 hp 8 frg 8
ARGEVT Joe Rogan respawn
ARGLOG Romero t 134.2 pos '233.1 -220.1 -296.0' spd 335.8 yaw 354 mode 2 st 3 gl 0 hp 100 frg 5
ARGEVT Joe Rogan goal backpack
ARGLOG Joe Rogan t 134.2 pos '-64.0 512.0 -296.0' spd 0 yaw 286.3 mode 0 st 1 gl 9 hp 100 frg 7
ARGEVT Joe Rogan route 9 start '-79.0 553.0 -296.0' goal '337.0 -119.0 -296.0'
ARGEVT Joe Rogan hazard
ARGLOG Carmack t 134.6 pos '492.2 -1025.8  24.0' spd 320.5 yaw 262.5 mode 1 st 1 gl 3 hp 8 frg 8
ARGLOG Romero t 134.7 pos '394.0 -273.4 -296.0' spd 333.5 yaw 33 mode 2 st 3 gl 0 hp 100 frg 5
ARGLOG Joe Rogan t 134.7 pos '-48.3 354.4 -296.0' spd 326.7 yaw 271 mode 2 st 1 gl 9 hp 100 frg 7
ARGLOG Carmack t 135.1 pos '324.3 -1016.7  24.0' spd 377.3 yaw  97.7 mode 1 st 1 gl 3 hp 8 frg 8
ARGLOG Romero t 135.2 pos '547.3 -208.0 -296.0' spd 364.3 yaw 76 mode 2 st 3 gl 0 hp 100 frg 5
ARGLOG Joe Rogan t 135.2 pos '-62.1 184.3 -296.0' spd 339.5 yaw 275 mode 2 st 1 gl 9 hp 100 frg 7
ARGLOG Carmack t 135.6 pos '397.3 -878.7  24.0' spd 435.5 yaw 292.9 mode 1 st 1 gl 3 hp 8 frg 8
ARGLOG Romero t 135.7 pos '655.7 -86.0 -296.0' spd 322.1 yaw 257 mode 2 st 3 gl 0 hp 100 frg 5
ARGLOG Joe Rogan t 135.7 pos '-35.8  22.5 -296.0' spd 321.8 yaw 282 mode 2 st 1 gl 9 hp 100 frg 7
ARGLOG Carmack t 136.2 pos '386.1 -1038.1  24.0' spd 437.1 yaw 134.4 mode 1 st 1 gl 3 hp 8 frg 8
ARGLOG Romero t 136.2 pos '633.8  77.4 -296.0' spd 331.3 yaw 136.6 mode 0 st 3 gl 0 hp 100 frg 5
ARGLOG Joe Rogan t 136.3 pos '-29.6 -143.1 -296.0' spd 327.5 yaw 345 mode 2 st 1 gl 9 hp 100 frg 7
ARGEVT Romero hazard
ARGEVT Carmack engage Romero
ARGEVT Romero engage Carmack
ARGEVT Romero route 10 start '625.0 105.0 -296.0' goal '817.0 -855.0 -232.0'
ARGEVT Romero route 9 start '401.0 -887.0  24.0' goal '817.0 -855.0 -232.0'
ARGLOG Carmack t 136.7 pos '308.1 -1048.3  24.0' spd 180.0 yaw  96.3 mode 1 st 1 gl 3 hp 8 frg 8
ARGEVT Joe Rogan route 3 start ' 17.0 -247.0 -296.0' goal '337.0 -119.0 -296.0'
ARGLOG Romero t 136.7 pos '394.2 -864.0  24.0' spd 300 yaw 259.5 mode 2 st 3 gl 0 hp 100 frg 5
ARGLOG Joe Rogan t 136.8 pos ' 89.3 -260.1 -296.0' spd 345.9 yaw 9 mode 2 st 1 gl 9 hp 100 frg 7
ARGEVT Carmack death Romero pos '354.0 -1188.8 -24.0'
ARGUS Romero watch spawn
ARGLOG Romero t 137.2 pos '417.7 -890.6  24.0' spd 322.9 yaw 293.7 mode 2 st 3 gl 0 hp 100 frg 6
ARGLOG Joe Rogan t 137.3 pos '254.4 -256.1 -296.0' spd 326.4 yaw 58 mode 2 st 1 gl 9 hp 100 frg 7
ARGEVT Joe Rogan hazard
ARGEVT Romero goal backpack
ARGEVT Romero route 3 start '401.0 -887.0  24.0' goal '305.0 -1143.0  -8.0'
ARGEVT Romero hazard
ARGLOG Romero t 137.8 pos '394.3 -1035.7  24.0' spd 345.8 yaw 221 mode 2 st 3 gl 0 hp 100 frg 6
ARGLOG Joe Rogan t 137.8 pos '356.9 -119.9 -296.0' spd 403.9 yaw 144.3 mode 1 st 1 gl 9 hp 100 frg 7
ARGLOG Romero t 138.3 pos '322.6 -1190.0 -24.0' spd 355.1 yaw 326.3 mode 1 st 3 gl 0 hp 100 frg 6
ARGLOG Joe Rogan t 138.3 pos '336.0 -79.9 -296.0' spd 320 yaw 270 mode 1 st 1 gl 9 hp 100 frg 7
ARGEVT Romero goal item_armorInv
ARGEVT Romero route 12 start '273.0 -1207.0 -24.0' goal '817.0 -855.0 -232.0'
ARGEVT Carmack respawn
ARGEVT Carmack goal weapon_rocketlauncher
ARGLOG Carmack t 138.7 pos '776.0 -808.0 -232.0' spd 0 yaw 106.6 mode 1 st 1 gl 3 hp 100 frg 8
ARGLOG Romero t 138.8 pos '364.1 -1112.2   8.0' spd 298.0 yaw 94 mode 2 st 3 gl 1 hp 100 frg 6
ARGLOG Joe Rogan t 138.8 pos '356.5 -247.5 -296.0' spd 356.8 yaw 223.1 mode 1 st 1 gl 9 hp 100 frg 7
ARGEVT Joe Rogan hazard
ARGEVT Carmack hazard
ARGLOG Carmack t 139.2 pos '720.0 -837.1 -232.0' spd 328.5 yaw 218.3 mode 1 st 1 gl 3 hp 100 frg 8
ARGLOG Romero t 139.3 pos '401.9 -951.3  24.0' spd 363.1 yaw 11 mode 2 st 3 gl 1 hp 100 frg 6
ARGEVT Carmack goal weapon_lightning
ARGEVT Carmack route 4 start '753.0 -887.0 -232.0' goal '529.0 -311.0 -104.0'
ARGLOG Joe Rogan t 139.3 pos '301.0 -241.6 -296.0' spd 320.1 yaw 155 mode 1 st 1 gl 9 hp 100 frg 7
ARGEVT Romero hazard
ARGEVT Carmack route 5 start '817.0 -855.0 -232.0' goal '529.0 -311.0 -104.0'
ARGLOG Carmack t 139.7 pos '823.2 -824.6 -232.0' spd 340.2 yaw 133.3 mode 2 st 1 gl 4 hp 100 frg 8
ARGLOG Romero t 139.8 pos '624.0  34.5 -290.0' spd 300 yaw 302.4 mode 0 st 3 gl 1 hp 100 frg 6
ARGLOG Joe Rogan t 139.9 pos '139.3 -199.8 -296.0' spd 320.2 yaw 152.4 mode 1 st 1 gl 9 hp 100 frg 7
ARGEVT Joe Rogan hazard
ARGEVT Romero route 10 start '625.0 -23.0 -296.0' goal '817.0 -855.0 -232.0'
ARGEVT Carmack hazard
ARGLOG Carmack t 140.2 pos '727.6 -756.3 -232.0' spd 317.3 yaw 113 mode 2 st 1 gl 4 hp 100 frg 8
ARGLOG Romero t 140.3 pos '624.0  19.2 -296.0' spd 300 yaw 240 mode 2 st 3 gl 1 hp 100 frg 6
ARGLOG Joe Rogan t 140.4 pos ' 84.6 -208.0 -296.0' spd 324.7 yaw 17 mode 1 st 1 gl 9 hp 100 frg 7
ARGLOG Carmack t 140.7 pos '368.0  56.0 -261.0' spd 300 yaw 236.4 mode 0 st 1 gl 4 hp 100 frg 8
ARGEVT Carmack route 3 start '369.0  73.0 -288.0' goal '529.0 -311.0 -104.0'
ARGEVT Joe Rogan engage Carmack
ARGEVT Carmack engage Joe Rogan
ARGLOG Romero t 140.8 pos '636.2 -145.6 -296.0' spd 320.4 yaw 281 mode 2 st 3 gl 1 hp 100 frg 6
ARGLOG Joe Rogan t 140.9 pos '252.4 -208.8 -296.0' spd 323.5 yaw  64.2 mode 1 st 1 gl 9 hp 100 frg 7
ARGEVT Romero engage Joe Rogan
ARGEVT Joe Rogan hazard
ARGLOG Carmack t 141.3 pos '368.0 -37.3 -296.0' spd 156.6 yaw 258.9 mode 2 st 1 gl 4 hp 96 frg 8
ARGLOG Romero t 141.4 pos '628.9 -152.0 -296.0' spd 321.1 yaw 213.6 mode 2 st 3 gl 1 hp 100 frg 6
ARGLOG Joe Rogan t 141.4 pos '306.4 -238.0 -296.0' spd 323.1 yaw  71.8 mode 1 st 1 gl 9 hp 100 frg 7
ARGEVT Carmack hazard
ARGEVT Joe Rogan retreat
ARGLOG Carmack t 141.8 pos '340.6 -47.9 -296.0' spd 205.7 yaw 311.8 mode 2 st 1 gl 4 hp 92 frg 8
ARGLOG Romero t 141.9 pos '592.0 -151.4 -296.0' spd 320.6 yaw 217 mode 2 st 3 gl 1 hp 100 frg 6
ARGLOG Joe Rogan t 141.9 pos '481.9 -271.9 -240.4' spd  36.1 yaw 110.8 mode 1 st 1 gl 9 hp 8 frg 7
ARGEVT Romero weapon sg
ARGEVT Joe Rogan death Romero pos '480.5 -272.0 -244.7'
ARGEVT Romero weapon rl
ARGEVT Romero goal backpack
ARGEVT Romero route 4 start '593.0 -215.0 -296.0' goal '465.0 -279.0 -104.0'
ARGEVT Romero hazard
ARGLOG Carmack t 142.3 pos '337.8 105.0 -288.0' spd 326.6 yaw 227.5 mode 2 st 1 gl 4 hp 92 frg 8
ARGLOG Romero t 142.4 pos '531.4 -272.0 -296.0' spd 320.1 yaw 175 mode 2 st 3 gl 1 hp 100 frg 7
ARGEVT Carmack engage Romero
ARGEVT Romero engage Carmack
ARGEVT Romero rjump
ARGLOG Carmack t 142.8 pos '371.1  -5.7 -296.0' spd 269.1 yaw 265.0 mode 2 st 1 gl 4 hp 92 frg 8
ARGLOG Romero t 142.9 pos '378.9 -255.4 -274.5' spd 320.5 yaw  50.1 mode 2 st 3 gl 1 hp 100 frg 7
ARGEVT Carmack hazard
ARGEVT Romero weapon sg
ARGEVT Carmack weapon sg
ARGLOG Carmack t 143.3 pos '355.3 -91.0 -296.0' spd 134.7 yaw 266.3 mode 2 st 1 gl 4 hp 92 frg 8
ARGLOG Romero t 143.4 pos '342.2 -258.7 -296.0' spd 231.5 yaw  81.8 mode 2 st 3 gl 1 hp 70 frg 7
ARGEVT Romero hazard
ARGEVT Joe Rogan respawn
ARGEVT Joe Rogan goal backpack
ARGLOG Joe Rogan t 143.6 pos '776.0 -808.0 -232.0' spd 0 yaw 106 mode 0 st 1 gl 9 hp 100 frg 7
ARGEVT Joe Rogan route 4 start '753.0 -759.0 -232.0' goal '337.0 -119.0 -296.0'
ARGLOG Carmack t 143.8 pos '381.6 -149.7 -296.0' spd 107.0 yaw 241.5 mode 2 st 1 gl 4 hp 88 frg 8
ARGEVT Joe Rogan hazard
ARGLOG Romero t 143.9 pos '339.6 -262.6 -296.0' spd 327.7 yaw  68.2 mode 2 st 3 gl 1 hp 54 frg 7
ARGLOG Joe Rogan t 144.1 pos '720.0 -769.2 -216.0' spd 348.8 yaw 112 mode 2 st 1 gl 9 hp 100 frg 7
ARGEVT Carmack weapon rl
ARGEVT Romero weapon rl
ARGLOG Carmack t 144.3 pos '387.9 -88.9 -296.0' spd 118.8 yaw 247.6 mode 2 st 1 gl 4 hp 84 frg 8
ARGLOG Romero t 144.4 pos '347.7 -263.7 -296.0' spd 128.8 yaw  94.9 mode 2 st 3 gl 1 hp 54 frg 7
ARGEVT Carmack weapon sg
ARGEVT Romero retreat
ARGEVT Romero hazard
ARGUS routecache adopt
ARGEVT Joe Rogan route 3 start '753.0 -887.0 -232.0' goal '337.0 -119.0 -296.0'
ARGLOG Joe Rogan t 144.6 pos '720.3 -903.7 -232.0' spd 163.2 yaw 171.3 mode 0 st 1 gl 9 hp 100 frg 7
ARGEVT Romero weapon sg
ARGEVT Carmack hazard
ARGUS routecache adopt
ARGEVT Joe Rogan route 3 start '753.0 -887.0 -232.0' goal '337.0 -119.0 -296.0'
ARGLOG Carmack t 144.8 pos '354.8 -55.1 -296.0' spd 301.6 yaw 281.4 mode 2 st 1 gl 4 hp 80 frg 8
ARGLOG Romero t 145.0 pos '367.4 -217.5 -296.0' spd 297.9 yaw  96.9 mode 2 st 3 gl 1 hp 15 frg 7
ARGEVT Romero weapon rl
ARGEVT Carmack weapon rl
ARGLOG Joe Rogan t 145.1 pos '739.8 -742.7 -216.0' spd 325.0 yaw 114 mode 2 st 1 gl 9 hp 100 frg 7
ARGEVT Romero death Carmack pos '399.1 -203.7 -296.0'
ARGUS Carmack watch spawn
ARGLOG Carmack t 145.4 pos '353.9  -6.3 -296.0' spd 327.3 yaw 228.6 mode 2 st 1 gl 4 hp 80 frg 9
ARGEVT Carmack goal backpack
ARGLOG Joe Rogan t 145.6 pos '808.0 -633.9 -168.0' spd 292.7 yaw 133 mode 2 st 1 gl 9 hp 100 frg 7
ARGEVT Carmack jump
ARGEVT Joe Rogan hazard
ARGLOG Carmack t 145.9 pos '355.8 -68.8 -267.1' spd 322.0 yaw 288 mode 1 st 1 gl 4 hp 80 frg 9
ARGEVT Joe Rogan route 5 start '753.0 -503.0 -104.0' goal '337.0 -119.0 -296.0'
ARGLOG Joe Rogan t 146.1 pos '752.0 -476.5 -104.0' spd 348.6 yaw 177 mode 2 st 1 gl 9 hp 100 frg 7
ARGEVT Joe Rogan jump
ARGEVT Carmack goal weapon_lightning
ARGEVT Carmack route 1 start '369.0 -215.0 -296.0' goal '529.0 -311.0 -104.0'
ARGLOG Carmack t 146.4 pos '383.5 -232.3 -296.0' spd 322.0 yaw 292.9 mode 2 st 1 gl 5 hp 80 frg 9
ARGEVT Carmack rjump
ARGLOG Joe Rogan t 146.6 pos '778.9 -405.2 -69.0' spd  17.4 yaw 204 mode 2 st 1 gl 9 hp 100 frg 7
ARGEVT Romero respawn
ARGEVT Romero goal item_armor2
ARGLOG Romero t 146.9 pos '784.0 -176.0  24.0' spd 0 yaw 163.7 mode 0 st 3 gl 1 hp 100 frg 7
ARGEVT Romero route 4 start '785.0 -183.0  24.0' goal '1169.0 -599.0  24.0'
ARGEVT Joe Rogan hazard
ARGLOG Carmack t 146.9 pos '407.1 -325.2 -105.9' spd 248.2 yaw 94 mode 1 st 1 gl 5 hp 70 frg 9
ARGLOG Joe Rogan t 147.2 pos '752.0 -465.9 -104.0' spd 177.2 yaw 183 mode 2 st 1 gl 9 hp 100 frg 7
ARGEVT Carmack goal item_health
ARGEVT Carmack route 4 start '529.0 -311.0 -104.0' goal '977.0 -471.0 -104.0'
ARGLOG Romero t 147.4 pos '633.3 -153.8  24.0' spd 355.6 yaw 235 mode 2 st 3 gl 1 hp 100 frg 7
ARGEVT Carmack engage Romero
ARGLOG Carmack t 147.4 pos '512.4 -260.3 -104.0' spd 324.9 yaw  85.1 mode 2 st 1 gl 6 hp 70 frg 9
ARGEVT Romero engage Carmack
ARGLOG Joe Rogan t 147.7 pos '752.0 -527.2 -104.0' spd 107.2 yaw 156 mode 2 st 1 gl 9 hp 100 frg 7
ARGEVT Carmack hazard
ARGLOG Romero t 147.9 pos '567.1 -333.5  37.7' spd 523.2 yaw 126.7 mode 2 st 3 gl 1 hp 40 frg 7
ARGEVT Joe Rogan hazard
ARGLOG Carmack t 147.9 pos '404.3 -201.4 -106.1' spd 323.0 yaw 318.2 mode 2 st 1 gl 6 hp 70 frg 9
ARGEVT Romero retreat
ARGEVT Romero death Carmack pos '543.0 -402.0  80.2'
ARGEVT Carmack goal item_health
ARGLOG Joe Rogan t 148.2 pos '752.0 -459.5 -104.0' spd 373.1 yaw 186 mode 2 st 1 gl 9 hp 100 frg 7
ARGEVT Carmack route 10 start '465.0 -151.0 -104.0' goal '-47.0 585.0 -296.0'
ARGLOG Carmack t 148.4 pos '227.4 -249.4 -296.0' spd 406.3 yaw 339 mode 2 st 1 gl 6 hp 66 frg 10
ARGLOG Joe Rogan t 148.7 pos '752.0 -466.8 -104.0' spd 158.4 yaw 182 mode 2 st 1 gl 9 hp 100 frg 7
ARGEVT Joe Rogan hazard
ARGLOG Carmack t 149.0 pos '397.0 -273.2 -296.0' spd 333.3 yaw 348 mode 2 st 1 gl 6 hp 66 frg 10
ARGLOG Joe Rogan t 149.2 pos '752.0 -528.1 -104.0' spd 111.5 yaw 155 mode 2 st 1 gl 9 hp 100 frg 7
ARGEVT Carmack jump
ARGLOG Carmack t 149.5 pos '503.4 -208.0 -261.5' spd 196.4 yaw 313.0 mode 2 st 1 gl 6 hp 66 frg 10
ARGEVT Romero respawn
ARGEVT Romero goal item_armorInv
ARGLOG Romero t 149.6 pos '112.0 -1136.0 -104.0' spd 0 yaw  28.0 mode 0 st 3 gl 1 hp 100 frg 7
ARGEVT Romero route 10 start '113.0 -1079.0 -104.0' goal '817.0 -855.0 -232.0'
ARGLOG Joe Rogan t 149.7 pos '757.0 -435.2 -104.0' spd 404.7 yaw 196 mode 2 st 1 gl 9 hp 100 frg 7
ARGEVT Joe Rogan hazard
ARGLOG Carmack t 150.0 pos '600.4 -229.4 -296.0' spd 239.1 yaw 253 mode 2 st 1 gl 6 hp 66 frg 10
ARGEVT Carmack hazard
ARGLOG Romero t 150.1 pos '193.7 -1003.4 -104.0' spd 339.2 yaw 100.0 mode 2 st 3 gl 1 hp 100 frg 7
ARGLOG Joe Rogan t 150.3 pos '752.0 -473.6 -104.0' spd 134.9 yaw 178 mode 2 st 1 gl 9 hp 100 frg 7
ARGLOG Carmack t 150.5 pos '545.3 -251.6 -296.0' spd 353.9 yaw 285 mode 2 st 1 gl 6 hp 66 frg 10
ARGLOG Romero t 150.7 pos '217.6 -837.9 -104.0' spd 321.1 yaw 68 mode 2 st 3 gl 1 hp 100 frg 7
ARGEVT Carmack jump
ARGLOG Joe Rogan t 150.8 pos '752.0 -534.1 -106.0' spd 107.1 yaw 153 mode 2 st 1 gl 9 hp 100 frg 7
ARGEVT Romero hazard
ARGLOG Carmack t 151.0 pos '403.5 -208.0 -257.1' spd 274.2 yaw 327 mode 2 st 1 gl 6 hp 66 frg 10
ARGEVT Joe Rogan hazard
ARGLOG Romero t 151.2 pos '332.1 -729.8 -104.0' spd 400.8 yaw 74 mode 2 st 3 gl 1 hp 100 frg 7
ARGLOG Joe Rogan t 151.3 pos '764.3 -419.7 -104.0' spd 334.9 yaw 201 mode 2 st 1 gl 9 hp 100 frg 7
ARGEVT Carmack hazard
ARGLOG Carmack t 151.5 pos '400.8 -253.5 -296.0' spd 338.5 yaw 341 mode 2 st 1 gl 6 hp 66 frg 10
ARGLOG Romero t 151.7 pos '357.0 -559.2 -104.0' spd 323.0 yaw 34 mode 2 st 3 gl 1 hp 100 frg 7
ARGEVT Carmack jump
ARGLOG Joe Rogan t 151.8 pos '752.0 -475.6 -104.0' spd 130.7 yaw 177 mode 2 st 1 gl 9 hp 100 frg 7
ARGLOG Carmack t 152.1 pos '515.0 -208.0 -258.0' spd  22.1 yaw 295 mode 2 st 1 gl 6 hp 66 frg 10
ARGEVT Joe Rogan hazard
ARGLOG Romero t 152.2 pos '423.2 -404.9 -104.0' spd 355.8 yaw 344 mode 2 st 3 gl 1 hp 100 frg 7
ARGLOG Joe Rogan t 152.3 pos '752.0 -508.4 -104.0' spd 208.9 yaw 163 mode 2 st 1 gl 9 hp 100 frg 7
ARGEVT Carmack hazard
ARGEVT Carmack jump
ARGLOG Carmack t 152.6 pos '453.2 -218.0 -284.1' spd 298.8 yaw 320 mode 2 st 1 gl 6 hp 66 frg 10
ARGLOG Romero t 152.7 pos '586.6 -365.6 -104.0' spd 324.7 yaw 315 mode 2 st 3 gl 1 hp 100 frg 7
ARGLOG Joe Rogan t 152.8 pos '781.6 -402.4 -104.0' spd 218.0 yaw 204 mode 2 st 1 gl 9 hp 100 frg 7
ARGEVT Romero jump
ARGLOG Carmack t 153.1 pos '412.2 -110.4 -282.9' spd 269.8 yaw 307 mode 2 st 1 gl 6 hp 66 frg 10
ARGEVT Joe Rogan hazard
ARGLOG Romero t 153.2 pos '688.0 -433.2 -65.9' spd 152.2 yaw 306 mode 2 st 3 gl 1 hp 100 frg 7
ARGLOG Joe Rogan t 153.3 pos '752.0 -502.9 -104.0' spd 113.3 yaw 165 mode 2 st 1 gl 9 hp 100 frg 7
ARGEVT Carmack jump
ARGEVT Romero engage Carmack
ARGEVT Carmack engage Romero
ARGLOG Carmack t 153.6 pos '401.1 -135.2 -258.3' spd  32.2 yaw 271.6 mode 2 st 1 gl 6 hp 66 frg 10
ARGEVT Romero route 13 start '369.0 -247.0 -296.0' goal '817.0 -855.0 -232.0'
ARGLOG Romero t 153.7 pos '453.7 -240.0 -296.0' spd 300 yaw 119.5 mode 2 st 3 gl 1 hp 100 frg 7
ARGLOG Joe Rogan t 153.9 pos '754.2 -526.6 -104.0' spd 173.9 yaw 156 mode 2 st 1 gl 9 hp 100 frg 7
ARGLOG Carmack t 154.1 pos '380.8 -123.0 -296.0' spd 374.4 yaw 298.6 mode 2 st 1 gl 6 hp 62 frg 10
ARGEVT Carmack hazard
ARGEVT Joe Rogan hazard
ARGEVT Romero retreat
ARGLOG Romero t 154.3 pos '507.1 -252.3 -296.0' spd 727.8 yaw 146.4 mode 2 st 3 gl 1 hp 10 frg 7
ARGEVT Romero death Carmack pos '559.4 -263.4 -296.0'
ARGUS Carmack watch spawn
ARGLOG Joe Rogan t 154.4 pos '764.3 -419.7 -104.0' spd 196.3 yaw 201 mode 2 st 1 gl 9 hp 100 frg 7
ARGEVT Carmack goal item_armorInv
ARGUS routecache adopt
ARGEVT Carmack route 13 start '369.0 -247.0 -296.0' goal '817.0 -855.0 -232.0'
ARGLOG Carmack t 154.6 pos '378.5 -262.3 -296.0' spd 372.0 yaw 30 mode 2 st 1 gl 6 hp 62 frg 11
ARGLOG Joe Rogan t 154.9 pos '752.0 -500.7 -104.0' spd 118.5 yaw 166 mode 2 st 1 gl 9 hp 100 frg 7
ARGLOG Carmack t 155.1 pos '541.5 -214.2 -296.0' spd 353.1 yaw  50.6 mode 2 st 1 gl 6 hp 62 frg 11
ARGEVT Joe Rogan hazard
ARGLOG Joe Rogan t 155.4 pos '752.0 -528.0 -120.0' spd 0 yaw 155 mode 2 st 1 gl 9 hp 100 frg 7
ARGLOG Carmack t 155.7 pos '615.4 -80.8 -296.0' spd 350.5 yaw 136.0 mode 2 st 1 gl 6 hp 62 frg 11
ARGLOG Joe Rogan t 155.9 pos '752.0 -528.0 -120.0' spd 0 yaw 155 mode 2 st 1 gl 9 hp 100 frg 7
ARGEVT Romero respawn
ARGEVT Romero goal weapon_rocketlauncher
ARGLOG Romero t 156.0 pos '112.0 -1136.0 -104.0' spd 0 yaw  61.3 mode 0 st 3 gl 1 hp 100 frg 7
ARGEVT Romero route 13 start '113.0 -1079.0 -104.0' goal ' 81.0  73.0 -296.0'
ARGLOG Carmack t 156.2 pos '601.0  83.3 -296.0' spd 329.1 yaw 115.0 mode 0 st 1 gl 6 hp 62 frg 11
ARGEVT Carmack hazard
ARGEVT Joe Rogan stall
ARGEVT Joe Rogan stallnode '625.0 -375.0 -104.0'
ARGEVT Joe Rogan jump
ARGLOG Joe Rogan t 156.4 pos '752.0 -528.0 -98.5' spd 0 yaw 107 mode 0 st 2 gl 9 hp 100 frg 7
ARGLOG Romero t 156.5 pos '141.5 -982.3 -104.0' spd 322.6 yaw 58 mode 2 st 3 gl 1 hp 100 frg 7
ARGEVT Carmack route 9 start '401.0 -887.0  24.0' goal '817.0 -855.0 -232.0'
ARGEVT Joe Rogan route 5 start '753.0 -503.0 -104.0' goal '337.0 -119.0 -296.0'
ARGLOG Carmack t 156.7 pos '394.2 -864.0  24.0' spd 300 yaw 84 mode 2 st 1 gl 6 hp 62 frg 11
ARGEVT Joe Rogan hazard
ARGLOG Joe Rogan t 156.9 pos '752.0 -503.2 -104.0' spd 170.6 yaw 165 mode 2 st 2 gl 9 hp 100 frg 7
ARGLOG Romero t 157.0 pos '188.1 -825.0 -104.0' spd 320.0 yaw 60 mode 2 st 3 gl 1 hp 100 frg 7
ARGEVT Romero hazard
ARGLOG Carmack t 157.2 pos '363.0 -789.3  24.0' spd 321.0 yaw 88 mode 2 st 1 gl 6 hp 62 frg 11
ARGEVT Joe Rogan jump
ARGLOG Joe Rogan t 157.4 pos '754.9 -429.2 -92.1' spd 227.5 yaw 198 mode 2 st 2 gl 9 hp 100 frg 7
ARGLOG Romero t 157.5 pos '323.3 -730.3 -104.0' spd 404.0 yaw 72 mode 2 st 3 gl 1 hp 100 frg 7
ARGLOG Carmack t 157.7 pos '353.4 -613.1  24.0' spd 321.2 yaw 71 mode 2 st 1 gl 6 hp 62 frg 11
ARGLOG Joe Rogan t 158.0 pos '752.0 -442.6 -90.7' spd  43.1 yaw 193 mode 2 st 2 gl 9 hp 100 frg 7
ARGLOG Romero t 158.0 pos '357.9 -561.0 -104.0' spd 323.2 yaw 55 mode 2 st 3 gl 1 hp 100 frg 7
ARGEVT Joe Rogan hazard
ARGLOG Carmack t 158.2 pos '382.8 -441.9  24.0' spd 327.5 yaw 15 mode 2 st 1 gl 6 hp 62 frg 11
ARGEVT Romero engage Carmack
ARGEVT Carmack engage Romero
ARGEVT Carmack grab item_health
ARGEVT Romero grab 
ARGLOG Joe Rogan t 158.5 pos '752.0 -455.5 -104.0' spd 234.4 yaw 187 mode 2 st 2 gl 9 hp 100 frg 7
ARGLOG Romero t 158.5 pos '418.9 -436.5 -104.0' spd 331.2 yaw  58.2 mode 2 st 3 gl 1 hp 100 frg 7
ARGLOG Carmack t 158.7 pos '527.1 -345.7 -93.6' spd 336.0 yaw 247.8 mode 2 st 1 gl 6 hp 62 frg 11
ARGEVT Romero grab item_health
ARGEVT Romero hazard
ARGLOG Joe Rogan t 159.0 pos '752.0 -518.6 -104.0' spd 111.1 yaw 159 mode 2 st 2 gl 9 hp 100 frg 7
ARGLOG Romero t 159.0 pos '572.5 -432.0 -104.0' spd 311.3 yaw 106.9 mode 2 st 3 gl 1 hp 40 frg 7
ARGEVT Joe Rogan hazard
ARGEVT Romero retreat
ARGEVT Romero death Carmack pos '631.3 -432.1 -120.0'
ARGEVT Carmack hazard
ARGEVT Carmack goal backpack
ARGLOG Carmack t 159.3 pos '493.1 -418.6 -104.0' spd 347.7 yaw 259.6 mode 1 st 1 gl 6 hp 56 frg 12
ARGLOG Joe Rogan t 159.5 pos '752.0 -476.9 -104.0' spd 356.4 yaw 177 mode 2 st 2 gl 9 hp 100 frg 7
ARGLOG Carmack t 159.8 pos '532.6 -432.0 -104.0' spd 321.4 yaw 353 mode 1 st 1 gl 6 hp 56 frg 12
ARGLOG Joe Rogan t 160.0 pos '752.2 -458.4 -104.0' spd 234.8 yaw 186 mode 2 st 2 gl 9 hp 100 frg 7
ARGEVT Joe Rogan hazard
ARGEVT Carmack goal item_armorInv
ARGLOG Carmack t 160.3 pos '674.7 -429.6 -120.0' spd  91.3 yaw 230.2 mode 0 st 1 gl 7 hp 56 frg 12
ARGEVT Carmack route 5 start '625.0 -471.0 -136.0' goal '817.0 -855.0 -232.0'
ARGEVT Carmack jump
ARGLOG Joe Rogan t 160.5 pos '752.0 -523.5 -104.0' spd 110.1 yaw 157 mode 2 st 2 gl 9 hp 100 frg 7
ARGEVT Romero respawn
ARGEVT Romero goal weapon_rocketlauncher
ARGLOG Romero t 160.8 pos '-64.0 -232.0 -72.0' spd 0 yaw 345 mode 0 st 3 gl 1 hp 100 frg 7
ARGLOG Carmack t 160.8 pos '437.8 -240.0 -290.2' spd 300 yaw 236.2 mode 2 st 1 gl 7 hp 56 frg 12
ARGEVT Romero route 12 start '-47.0 -247.0 -72.0' goal ' 81.0  73.0 -296.0'
ARGLOG Joe Rogan t 161.0 pos '752.0 -457.0 -104.0' spd 373.2 yaw 187 mode 2 st 2 gl 9 hp 100 frg 7
ARGEVT Joe Rogan hazard
ARGLOG Romero t 161.3 pos ' 86.3 -272.0 -72.0' spd 320.0 yaw 344 mode 2 st 3 gl 1 hp 100 frg 7
ARGLOG Carmack t 161.3 pos '468.3 -247.7 -296.0' spd 334.1 yaw 319 mode 2 st 1 gl 7 hp 56 frg 12
ARGEVT Carmack engage Romero
ARGEVT Romero engage Carmack
ARGUS Romero sprintjump
ARGEVT Romero jump
ARGEVT Romero grab weapon_grenadelauncher
ARGLOG Joe Rogan t 161.6 pos '752.0 -460.0 -104.0' spd 227.5 yaw 185 mode 2 st 2 gl 9 hp 100 frg 7
ARGLOG Romero t 161.8 pos '239.6 -348.0 -21.2' spd 344.5 yaw  26.9 mode 2 st 3 gl 1 hp 100 frg 7
ARGLOG Carmack t 161.8 pos '577.2 -209.8 -296.0' spd 324.5 yaw 197.3 mode 2 st 1 gl 7 hp 56 frg 12
ARGLOG Joe Rogan t 162.1 pos '752.0 -523.4 -104.0' spd 109.8 yaw 157 mode 2 st 2 gl 9 hp 100 frg 7
ARGEVT Carmack pursue
ARGEVT Romero pursue
ARGEVT Joe Rogan hazard
ARGLOG Romero t 162.3 pos '364.1 -419.6 -104.0' spd  99.9 yaw 112.8 mode 2 st 3 gl 1 hp 100 frg 7
ARGLOG Carmack t 162.3 pos '551.2 -229.0 -296.0' spd 332.3 yaw 197 mode 2 st 1 gl 7 hp 56 frg 12
ARGUS Romero hunch item_artifact_super_damage
ARGEVT Romero hazard
ARGEVT Romero goal weapon_rocketlauncher
ARGUS routecache adopt
ARGEVT Romero route 9 start '305.0 -407.0 -104.0' goal ' 81.0  73.0 -296.0'
ARGEVT Romero pursue
ARGUS Carmack hunch item_artifact_super_damage
ARGLOG Joe Rogan t 162.6 pos '752.0 -456.9 -104.0' spd 372.3 yaw 187 mode 2 st 2 gl 9 hp 100 frg 7
ARGEVT Carmack pursue
ARGEVT Carmack goal backpack
ARGEVT Carmack hazard
ARGEVT Carmack route 8 start '465.0 -247.0 -296.0' goal '465.0 -279.0 -104.0'
ARGLOG Romero t 162.9 pos '462.0 -408.1 -104.0' spd 333.2 yaw 67 mode 2 st 3 gl 1 hp 100 frg 7
ARGLOG Carmack t 162.9 pos '540.4 -272.0 -296.0' spd 306.3 yaw 272.9 mode 2 st 1 gl 7 hp 56 frg 12
ARGLOG Joe Rogan t 163.1 pos '752.0 -462.2 -104.0' spd 152.8 yaw 184 mode 2 st 2 gl 9 hp 100 frg 7
ARGEVT Joe Rogan hazard
ARGLOG Romero t 163.4 pos '522.0 -265.7 -104.0' spd 322.8 yaw 275.6 mode 2 st 3 gl 1 hp 100 frg 7
ARGLOG Carmack t 163.4 pos '557.4 -272.5 -296.0' spd 0 yaw 190 mode 2 st 1 gl 7 hp 56 frg 12
ARGEVT Romero pursue
ARGLOG Joe Rogan t 163.6 pos '752.0 -524.9 -104.0' spd 111.4 yaw 157 mode 2 st 2 gl 9 hp 100 frg 7
ARGEVT Joe Rogan abandon
ARGEVT Joe Rogan goal item_armorInv
ARGEVT Joe Rogan route 3 start '753.0 -503.0 -104.0' goal '817.0 -855.0 -232.0'
ARGLOG Romero t 163.9 pos '603.2 -370.3 -104.0' spd 392.4 yaw  34.4 mode 2 st 3 gl 1 hp 100 frg 7
ARGLOG Carmack t 163.9 pos '452.5 -272.0 -296.0' spd 324.9 yaw 194 mode 2 st 1 gl 7 hp 56 frg 12
ARGEVT Romero hazard
ARGLOG Joe Rogan t 164.1 pos '752.0 -567.1 -120.0' spd 321.6 yaw 283 mode 2 st 2 gl 9 hp 100 frg 7
ARGLOG Romero t 164.4 pos '631.6 -272.0 -104.0' spd 320.2 yaw 189.0 mode 2 st 3 gl 1 hp 100 frg 7
ARGLOG Carmack t 164.4 pos '292.6 -227.0 -296.0' spd 337.1 yaw 129.7 mode 0 st 1 gl 7 hp 56 frg 12
ARGEVT Carmack hazard
ARGEVT Carmack route 10 start '337.0 -247.0 -296.0' goal '465.0 -279.0 -104.0'
ARGEVT Joe Rogan hazard
ARGLOG Joe Rogan t 164.6 pos '816.0 -710.3 -200.0' spd  53.4 yaw  67.8 mode 1 st 2 gl 9 hp 100 frg 7
ARGEVT Romero grab 
ARGEVT Carmack grab 
ARGLOG Romero t 164.9 pos '528.1 -397.1 -104.0' spd 381.1 yaw 155.6 mode 2 st 3 gl 1 hp 100 frg 7
ARGEVT Carmack weapon rl
ARGLOG Carmack t 164.9 pos '132.3 -230.0 -296.0' spd 375.7 yaw 321.5 mode 2 st 1 gl 7 hp 56 frg 12
ARGLOG Joe Rogan t 165.2 pos '755.9 -569.4 -136.0' spd 343.5 yaw 173.6 mode 1 st 2 gl 9 hp 100 frg 7
ARGEVT Carmack pursue
ARGEVT Romero pursue
ARGLOG Romero t 165.4 pos '514.5 -399.0 -104.0' spd 321.1 yaw 152 mode 2 st 3 gl 1 hp 100 frg 7
ARGLOG Carmack t 165.4 pos '175.5 -235.6 -296.0' spd 320.0 yaw 341 mode 2 st 1 gl 7 hp 56 frg 12
ARGEVT Carmack weapon lg
ARGLOG Joe Rogan t 165.7 pos '758.1 -633.0 -168.0' spd 323.5 yaw 288 mode 1 st 2 gl 9 hp 100 frg 7
ARGEVT Carmack hazard
ARGEVT Carmack weapon rl
ARGLOG Romero t 165.9 pos '571.7 -424.4 -104.0' spd 327.3 yaw 157.3 mode 2 st 3 gl 1 hp 100 frg 7
ARGLOG Carmack t 165.9 pos '129.5 -243.6 -296.0' spd 132.1 yaw 335.1 mode 2 st 1 gl 7 hp 52 frg 12
ARGEVT Carmack pursue
ARGEVT Romero pursue
ARGLOG Joe Rogan t 166.2 pos '747.9 -801.2 -232.0' spd 399.1 yaw 173.2 mode 1 st 2 gl 9 hp 100 frg 7
ARGEVT Joe Rogan hazard
ARGEVT Carmack pursue
ARGEVT Carmack weapon lg
ARGLOG Romero t 166.4 pos '489.4 -344.3 -104.0' spd 321.8 yaw 158.7 mode 2 st 3 gl 1 hp 100 frg 7
ARGLOG Carmack t 166.4 pos '272.3 -264.5 -296.0' spd 247.4 yaw 341.7 mode 2 st 1 gl 7 hp 36 frg 12
ARGLOG Joe Rogan t 166.7 pos '728.7 -789.7 -232.0' spd 349.1 yaw  66.8 mode 1 st 2 gl 9 hp 100 frg 7
ARGEVT Romero grab item_armor1
ARGLOG Romero t 167.0 pos '460.2 -240.5 -104.0' spd 225.5 yaw 181.9 mode 2 st 3 gl 1 hp 70 frg 7
ARGLOG Carmack t 167.0 pos '161.6 -224.1 -296.0' spd 150.2 yaw 355.4 mode 2 st 1 gl 7 hp 36 frg 12
ARGLOG Joe Rogan t 167.2 pos '803.0 -665.8 -184.0' spd 358.3 yaw  99.7 mode 1 st 2 gl 9 hp 100 frg 7
ARGEVT Romero retreat
ARGEVT Romero death Carmack pos '569.5 -239.8 -54.2'
ARGUS Carmack watch spawn
ARGEVT Carmack hazard
ARGEVT Carmack goal item_health
ARGLOG Carmack t 167.5 pos '136.4 -220.3 -296.0' spd 119.7 yaw  14.4 mode 0 st 1 gl 7 hp 36 frg 13
ARGEVT Carmack route 5 start '145.0 -247.0 -296.0' goal '529.0  73.0 -296.0'
ARGLOG Joe Rogan t 167.7 pos '757.9 -497.6 -104.0' spd 345.1 yaw 170.6 mode 1 st 2 gl 9 hp 100 frg 7
ARGEVT Joe Rogan hazard
ARGLOG Carmack t 168.0 pos '277.9 -211.3 -296.0' spd 322.1 yaw 351 mode 2 st 1 gl 7 hp 36 frg 13
ARGLOG Joe Rogan t 168.2 pos '756.4 -528.6 -120.0' spd 321.8 yaw 282 mode 1 st 2 gl 9 hp 100 frg 7
ARGEVT Carmack hazard
ARGLOG Carmack t 168.5 pos '422.6 -227.7 -296.0' spd 343.3 yaw 70 mode 2 st 1 gl 7 hp 36 frg 13
ARGLOG Joe Rogan t 168.8 pos '752.0 -697.2 -184.0' spd 318.4 yaw 216.4 mode 1 st 2 gl 9 hp 100 frg 7
ARGEVT Romero respawn
ARGEVT Romero goal weapon_rocketlauncher
ARGLOG Romero t 168.9 pos '784.0 -176.0  24.0' spd 0 yaw 190 mode 0 st 3 gl 1 hp 100 frg 7
ARGEVT Romero route 5 start '785.0 -183.0  24.0' goal '753.0 -887.0 -232.0'
ARGLOG Carmack t 169.0 pos '587.6 -208.0 -296.0' spd 171.1 yaw 119.6 mode 2 st 1 gl 7 hp 36 frg 13
ARGEVT Joe Rogan hazard
ARGLOG Joe Rogan t 169.3 pos '723.2 -857.3 -232.0' spd 334.1 yaw 118.2 mode 1 st 2 gl 9 hp 100 frg 7
ARGEVT Romero goal item_armorInv
ARGEVT Romero route 6 start '689.0 -183.0  24.0' goal '817.0 -855.0 -232.0'
ARGLOG Romero t 169.4 pos '632.4 -205.5  24.0' spd 320 yaw 190 mode 2 st 3 gl 1 hp 100 frg 7
ARGEVT Carmack hazard
ARGLOG Carmack t 169.5 pos '473.0 -208.0 -296.0' spd  98.1 yaw 78 mode 2 st 1 gl 7 hp 36 frg 13
ARGLOG Joe Rogan t 169.8 pos '721.9 -739.7 -216.0' spd 320.0 yaw  83.0 mode 1 st 2 gl 9 hp 100 frg 7
ARGLOG Romero t 169.9 pos '461.9 -255.1 -20.2' spd 320 yaw 348 mode 2 st 3 gl 1 hp 100 frg 7
ARGLOG Carmack t 170.0 pos '579.0 -208.0 -296.0' spd 373.2 yaw 100 mode 2 st 1 gl 7 hp 36 frg 13
ARGEVT Romero route 5 start '465.0 -279.0 -104.0' goal '817.0 -855.0 -232.0'
ARGLOG Joe Rogan t 170.3 pos '816.0 -663.9 -184.0' spd 151.0 yaw 278.6 mode 1 st 2 gl 9 hp 100 frg 7
ARGLOG Romero t 170.4 pos '344.5 -186.0 -263.1' spd 296.0 yaw 323 mode 2 st 3 gl 1 hp 100 frg 7
ARGEVT Romero hazard
ARGLOG Carmack t 170.6 pos '640.7 -45.5 -296.0' spd 335.9 yaw 125 mode 1 st 1 gl 7 hp 36 frg 13
ARGEVT Romero route 14 start '337.0 -119.0 -296.0' goal '817.0 -855.0 -232.0'
ARGLOG Joe Rogan t 170.8 pos '815.7 -825.9 -232.0' spd 321.6 yaw 246.4 mode 1 st 2 gl 9 hp 100 frg 7
ARGLOG Romero t 170.9 pos '405.8 -241.6 -296.0' spd 362.5 yaw 29 mode 2 st 3 gl 1 hp 95 frg 7
ARGEVT Romero engage Joe Rogan
ARGLOG Carmack t 171.1 pos '539.8  88.2 -296.0' spd 375.6 yaw 172.3 mode 1 st 1 gl 7 hp 61 frg 13
ARGEVT Romero grab 
ARGEVT Carmack hazard
ARGLOG Joe Rogan t 171.3 pos '368.0 -21.7 -293.2' spd 300 yaw 299 mode 1 st 2 gl 9 hp 100 frg 7
ARGLOG Romero t 171.4 pos '566.0 -222.0 -296.0' spd 339.9 yaw 136.4 mode 2 st 3 gl 1 hp 95 frg 7
ARGLOG Carmack t 171.6 pos '609.6  -2.2 -296.0' spd 320.8 yaw 337.4 mode 1 st 1 gl 7 hp 61 frg 13
ARGEVT Romero hazard
ARGLOG Joe Rogan t 171.8 pos '371.1 -54.5 -296.0' spd 341.3 yaw 300 mode 1 st 2 gl 9 hp 100 frg 7
ARGLOG Romero t 171.9 pos '473.7 -222.1 -296.0' spd  40.1 yaw 34 mode 2 st 3 gl 1 hp 95 frg 7
ARGLOG Carmack t 172.1 pos '665.7  98.6 -296.0' spd 353.4 yaw 130 mode 1 st 1 gl 7 hp 61 frg 13
ARGEVT Joe Rogan engage Romero
ARGEVT Joe Rogan weapon sg
ARGLOG Joe Rogan t 172.4 pos '407.4 -217.7 -296.0' spd 320.7 yaw 343.3 mode 1 st 2 gl 9 hp 100 frg 7
ARGLOG Romero t 172.5 pos '555.9 -232.1 -296.0' spd 254.9 yaw 192.9 mode 0 st 3 gl 1 hp 95 frg 7
ARGLOG Carmack t 172.6 pos '394.5 -864.0  24.0' spd 300 yaw 89 mode 1 st 1 gl 7 hp 61 frg 13
ARGEVT Joe Rogan jump
ARGEVT Romero route 12 start '593.0 -215.0 -296.0' goal '817.0 -855.0 -232.0'
ARGEVT Joe Rogan weapon rl
ARGEVT Romero hazard
ARGEVT Joe Rogan grab 
ARGLOG Joe Rogan t 172.9 pos '392.9 -182.2 -261.6' spd  50.3 yaw 337.4 mode 1 st 2 gl 9 hp 96 frg 7
ARGLOG Romero t 173.0 pos '606.2 -241.8 -296.0' spd 296.8 yaw 161.9 mode 2 st 3 gl 1 hp 71 frg 7
ARGLOG Carmack t 173.1 pos '365.8 -768.3  24.0' spd 323.3 yaw 87 mode 1 st 1 gl 7 hp 61 frg 13
ARGEVT Romero grab item_armor1
ARGLOG Joe Rogan t 173.4 pos '376.3 -207.5 -296.0' spd 201.5 yaw  21.5 mode 1 st 2 gl 9 hp 83 frg 7
ARGEVT Joe Rogan pursue
ARGEVT Joe Rogan hazard
ARGLOG Romero t 173.5 pos '594.9 -94.1 -296.0' spd 330.3 yaw  87.0 mode 2 st 3 gl 1 hp 71 frg 7
ARGUS Joe Rogan hunch 
ARGLOG Carmack t 173.6 pos '368.0 -604.3  24.0' spd 320.5 yaw 86 mode 1 st 1 gl 7 hp 61 frg 13
ARGEVT Joe Rogan goal backpack
ARGEVT Joe Rogan pursue
ARGEVT Joe Rogan route 3 start '337.0 -119.0 -296.0' goal '465.0 -279.0 -104.0'
ARGLOG Joe Rogan t 173.9 pos '349.0 -75.5 -296.0' spd 321.1 yaw 110.7 mode 2 st 2 gl 9 hp 83 frg 7
ARGEVT Romero pursue
ARGEVT Carmack engage Joe Rogan
ARGEVT Carmack weapon rl
ARGEVT Carmack grab item_health
ARGLOG Romero t 174.0 pos '610.2  70.8 -296.0' spd 335.8 yaw 120.0 mode 2 st 3 gl 1 hp 71 frg 7
ARGEVT Romero hazard
ARGLOG Carmack t 174.1 pos '425.9 -459.9  24.0' spd 361.8 yaw  82.2 mode 1 st 1 gl 7 hp 61 frg 13
ARGEVT Romero route 9 start '401.0 -887.0  24.0' goal '817.0 -855.0 -232.0'
ARGLOG Joe Rogan t 174.4 pos '391.0  22.6 -288.0' spd 314.9 yaw 333.9 mode 2 st 2 gl 9 hp 83 frg 7
ARGEVT Carmack grab 
ARGEVT Joe Rogan hazard
ARGLOG Romero t 174.5 pos '394.2 -864.0  24.0' spd 300 yaw 90 mode 2 st 3 gl 1 hp 71 frg 7
ARGLOG Carmack t 174.7 pos '524.9 -344.7  24.0' spd 320.0 yaw 130.1 mode 1 st 1 gl 7 hp 86 frg 13
ARGEVT Carmack weapon lg
ARGEVT Joe Rogan pursue
ARGLOG Joe Rogan t 174.9 pos '357.7 -37.0 -296.0' spd 399.5 yaw 293.0 mode 2 st 2 gl 9 hp 83 frg 7
ARGLOG Romero t 175.0 pos '359.9 -805.8  24.0' spd 344.5 yaw 87 mode 2 st 3 gl 1 hp 71 frg 7
ARGLOG Carmack t 175.2 pos '556.2 -209.4 -20.8' spd  45.1 yaw 153.8 mode 1 st 1 gl 7 hp 86 frg 13
ARGEVT Joe Rogan pursue
ARGUS Joe Rogan prefire
ARGEVT Joe Rogan rjump
ARGEVT Carmack pursue
ARGLOG Joe Rogan t 175.4 pos '410.9 -204.8 -284.3' spd 353.1 yaw 328.3 mode 2 st 2 gl 9 hp 73 frg 7
ARGUS Romero hunch item_artifact_super_damage
ARGLOG Romero t 175.5 pos '349.8 -639.5  24.0' spd 320.6 yaw  34.8 mode 2 st 3 gl 1 hp 71 frg 7
ARGEVT Romero goal weapon_lightning
ARGEVT Romero route 3 start '337.0 -599.0  24.0' goal '529.0 -311.0 -104.0'
ARGLOG Carmack t 175.7 pos '491.1 -187.4 -104.0' spd 119.7 yaw 216.5 mode 1 st 1 gl 7 hp 86 frg 13
ARGEVT Romero hazard
ARGLOG Joe Rogan t 175.9 pos '369.0 -366.9 -98.9' spd 270.6 yaw 19 mode 2 st 2 gl 9 hp 61 frg 7
ARGEVT Joe Rogan engage Carmack
ARGLOG Romero t 176.1 pos '305.6 -712.5  24.0' spd 316.4 yaw 128.2 mode 2 st 3 gl 1 hp 71 frg 7
ARGLOG Carmack t 176.2 pos '569.7 -314.7 -104.0' spd 323.6 yaw 204.5 mode 1 st 1 gl 7 hp 86 frg 13
ARGEVT Joe Rogan goal item_health
ARGEVT Joe Rogan retreat
ARGEVT Joe Rogan hazard
ARGEVT Joe Rogan route 8 start '273.0 -407.0 -104.0' goal '-207.0 -471.0 -72.0'
ARGLOG Joe Rogan t 176.5 pos '277.7 -528.0 -104.0' spd 271.2 yaw 359.7 mode 2 st 2 gl 9 hp 13 frg 7
ARGLOG Romero t 176.6 pos '311.2 -604.4  24.0' spd 327.5 yaw 111 mode 2 st 3 gl 1 hp 71 frg 7
ARGLOG Carmack t 176.7 pos '376.0 -240.0 -269.0' spd 300 yaw 323.3 mode 1 st 1 gl 7 hp 86 frg 13
ARGEVT Joe Rogan pursue
ARGEVT Carmack pursue
ARGEVT Joe Rogan pursue
ARGLOG Joe Rogan t 177.0 pos '366.6 -565.3 -104.0' spd 215.8 yaw  78.2 mode 2 st 2 gl 9 hp 13 frg 7
ARGEVT Romero engage Carmack
ARGEVT Romero grab weapon_grenadelauncher
ARGLOG Romero t 177.1 pos '292.2 -441.2  24.0' spd 355.5 yaw  49.1 mode 2 st 3 gl 1 hp 71 frg 7
ARGLOG Carmack t 177.2 pos '453.1 -240.0 -296.0' spd 300 yaw 237 mode 1 st 1 gl 7 hp 86 frg 13
ARGLOG Joe Rogan t 177.5 pos '454.3 -421.3 -104.0' spd 330.9 yaw 17 mode 2 st 2 gl 9 hp 13 frg 7
ARGUS Carmack hunch item_artifact_super_damage
ARGEVT Romero hazard
ARGEVT Carmack goal backpack
ARGEVT Carmack route 2 start '465.0 -247.0 -296.0' goal '337.0 -119.0 -296.0'
ARGLOG Romero t 177.6 pos '120.5 -395.8  -8.0' spd 402.6 yaw  21.8 mode 2 st 3 gl 1 hp 71 frg 7
ARGEVT Carmack pursue
ARGLOG Carmack t 177.7 pos '413.9 -229.3 -296.0' spd 341.5 yaw 187.0 mode 2 st 1 gl 7 hp 78 frg 13
ARGLOG Joe Rogan t 178.0 pos '598.9 -332.7 -104.0' spd 383.6 yaw 109.6 mode 2 st 2 gl 9 hp 13 frg 7
ARGEVT Romero pursue
ARGEVT Joe Rogan pursue
ARGLOG Romero t 178.1 pos '119.6 -426.5   8.0' spd 144.2 yaw 29 mode 2 st 3 gl 1 hp 71 frg 7
ARGEVT Carmack hazard
ARGEVT Joe Rogan route 9 start '561.0 -311.0 -104.0' goal '-207.0 -471.0 -72.0'
ARGLOG Carmack t 178.3 pos '246.8 -263.0 -296.0' spd 332.7 yaw 171.3 mode 2 st 1 gl 7 hp 78 frg 13
ARGEVT Joe Rogan weapon sg
ARGEVT Joe Rogan death Joe Rogan pos '518.2 -199.5 -104.0'
ARGLOG Romero t 178.6 pos '154.0 -424.4   8.0' spd 136.7 yaw  79.2 mode 2 st 3 gl 1 hp 71 frg 7
ARGEVT Romero pursue
ARGEVT Carmack engage Romero
ARGLOG Carmack t 178.8 pos '233.0 -238.2 -296.0' spd 348.3 yaw 275.9 mode 2 st 1 gl 7 hp 62 frg 13
ARGLOG Romero t 179.1 pos '306.6 -386.2 -51.9' spd  92.3 yaw  99.3 mode 2 st 3 gl 1 hp 71 frg 7
ARGEVT Carmack hazard
ARGEVT Romero retreat
ARGLOG Carmack t 179.3 pos '276.2 -220.0 -296.0' spd  78.0 yaw 277.8 mode 2 st 1 gl 7 hp 46 frg 13
ARGLOG Romero t 179.7 pos '261.2 -492.0 -104.0' spd 143.9 yaw  75.6 mode 2 st 3 gl 1 hp 11 frg 7
ARGEVT Romero pursue
ARGEVT Carmack pursue
ARGLOG Carmack t 179.8 pos '386.9 -194.9 -296.0' spd 101.4 yaw 252 mode 2 st 1 gl 7 hp 30 frg 13
ARGEVT Joe Rogan respawn
ARGEVT Joe Rogan goal backpack
ARGLOG Joe Rogan t 180.1 pos '112.0 -1136.0 -104.0' spd 0 yaw  61.3 mode 0 st 2 gl 9 hp 100 frg 6
ARGEVT Romero hazard
ARGEVT Joe Rogan route 7 start '113.0 -1079.0 -104.0' goal '465.0 -151.0 -104.0'
ARGEVT Romero grab weapon_lightning
ARGLOG Romero t 180.2 pos '324.9 -410.3 -104.0' spd 320.0 yaw  81.4 mode 2 st 3 gl 1 hp 11 frg 7
ARGEVT Romero death Carmack pos '313.8 -402.3 -104.0'
ARGUS Carmack watch spawn
ARGLOG Carmack t 180.3 pos '364.9 -228.4 -296.0' spd 351.5 yaw 342.2 mode 2 st 1 gl 7 hp 14 frg 14
ARGEVT Carmack goal item_health
ARGEVT Carmack route 12 start '369.0 -215.0 -296.0' goal '-207.0 -471.0 -72.0'
ARGLOG Joe Rogan t 180.6 pos '151.2 -984.9 -104.0' spd 320.8 yaw 87 mode 2 st 2 gl 9 hp 100 frg 6
ARGEVT Carmack hazard
ARGLOG Carmack t 180.8 pos '548.9 -272.0 -296.0' spd 342.8 yaw 78 mode 2 st 1 gl 7 hp 14 frg 14
ARGLOG Joe Rogan t 181.1 pos '164.9 -821.3 -104.0' spd 320.0 yaw 88 mode 2 st 2 gl 9 hp 100 frg 6
ARGEVT Joe Rogan hazard
ARGLOG Carmack t 181.4 pos '642.1 -192.9 -296.0' spd 320.6 yaw 114.1 mode 2 st 1 gl 7 hp 14 frg 14
ARGLOG Joe Rogan t 181.6 pos '159.3 -752.0 -104.0' spd 313.5 yaw 46 mode 2 st 2 gl 9 hp 100 frg 6
ARGEVT Carmack hazard
ARGEVT Romero respawn
ARGEVT Joe Rogan engage Romero
ARGEVT Romero goal weapon_lightning
ARGEVT Romero engage Joe Rogan
ARGEVT Romero grab weapon_supershotgun
ARGLOG Romero t 181.8 pos '112.0 -1136.0 -104.0' spd 0 yaw  66.5 mode 0 st 3 gl 1 hp 100 frg 7
ARGEVT Romero route 6 start '113.0 -1079.0 -104.0' goal '529.0 -311.0 -104.0'
ARGLOG Carmack t 181.9 pos '592.0 -20.5 -296.0' spd 321.7 yaw 262 mode 2 st 1 gl 7 hp 14 frg 14
ARGLOG Joe Rogan t 182.1 pos '329.6 -776.5 -104.0' spd 324.7 yaw 251.4 mode 2 st 2 gl 9 hp 100 frg 6
ARGLOG Romero t 182.3 pos '253.8 -1073.4 -104.0' spd 326.4 yaw  59.9 mode 2 st 3 gl 1 hp 84 frg 7
ARGEVT Romero hazard
ARGEVT Carmack route 8 start '465.0 -855.0  24.0' goal '-207.0 -471.0 -72.0'
ARGEVT Joe Rogan grab weapon_supershotgun
ARGLOG Carmack t 182.4 pos '425.1 -864.0  36.6' spd 300 yaw  37.6 mode 2 st 1 gl 7 hp 14 frg 14
ARGLOG Joe Rogan t 182.6 pos '375.0 -842.4 -104.0' spd 321.0 yaw 263.3 mode 2 st 2 gl 9 hp 76 frg 6
ARGEVT Romero grab item_health
ARGLOG Romero t 182.8 pos '398.3 -1016.6 -104.0' spd 353.6 yaw  91.0 mode 2 st 3 gl 1 hp 79 frg 7
ARGEVT Joe Rogan grab item_health
ARGLOG Carmack t 182.9 pos '393.1 -891.4  24.0' spd 300 yaw 100 mode 2 st 1 gl 7 hp 14 frg 14
ARGEVT Joe Rogan retreat
ARGEVT Romero route 5 start '369.0 -983.0 -104.0' goal '529.0 -311.0 -104.0'
ARGLOG Joe Rogan t 183.2 pos '438.6 -815.2 -104.0' spd 354.9 yaw 265.3 mode 2 st 2 gl 9 hp 28 frg 6
ARGEVT Joe Rogan hazard
ARGLOG Romero t 183.4 pos '379.0 -951.6 -104.0' spd 340.2 yaw  73.8 mode 2 st 3 gl 1 hp 84 frg 7
ARGLOG Carmack t 183.4 pos '423.4 -1024.8  24.0' spd 409.6 yaw  39.9 mode 2 st 1 gl 7 hp 14 frg 14
ARGEVT Carmack hazard
ARGLOG Joe Rogan t 183.7 pos '438.4 -773.2 -104.0' spd 183.6 yaw 218.4 mode 2 st 2 gl 9 hp 28 frg 6
ARGEVT Joe Rogan death Romero pos '437.7 -774.8 -104.0'
ARGUS Romero watch spawn
ARGEVT Romero goal backpack
ARGLOG Romero t 183.9 pos '246.4 -848.7 -104.0' spd 385.0 yaw  55.7 mode 1 st 3 gl 1 hp 84 frg 8
ARGLOG Carmack t 183.9 pos '419.7 -900.4  24.0' spd 377.5 yaw 184 mode 2 st 1 gl 7 hp 14 frg 14
ARGEVT Romero hazard
ARGLOG Romero t 184.4 pos '364.4 -713.2 -104.0' spd 314.1 yaw 323 mode 1 st 3 gl 1 hp 84 frg 8
ARGLOG Carmack t 184.4 pos '252.9 -841.8  24.0' spd 385.7 yaw 70 mode 2 st 1 gl 7 hp 14 frg 14
ARGEVT Carmack hazard
ARGLOG Romero t 184.9 pos '404.3 -802.1 -104.0' spd 361.4 yaw 346 mode 1 st 3 gl 1 hp 84 frg 8
ARGLOG Carmack t 185.0 pos '329.7 -767.8  24.0' spd 324.3 yaw 340 mode 2 st 1 gl 7 hp 14 frg 14
ARGEVT Romero goal item_armorInv
ARGEVT Romero route 8 start '401.0 -887.0 -104.0' goal '817.0 -855.0 -232.0'
ARGEVT Joe Rogan respawn
ARGEVT Romero engage Joe Rogan
ARGEVT Joe Rogan goal weapon_lightning
ARGEVT Joe Rogan engage Romero
ARGLOG Joe Rogan t 185.3 pos '112.0 -1136.0 -104.0' spd 0 yaw  47.2 mode 0 st 2 gl 9 hp 100 frg 6
ARGEVT Joe Rogan route 6 start '113.0 -1079.0 -104.0' goal '529.0 -311.0 -104.0'
ARGLOG Romero t 185.4 pos '406.4 -934.5 -104.0' spd 349.7 yaw 222.9 mode 2 st 3 gl 2 hp 84 frg 8
ARGLOG Carmack t 185.5 pos '464.6 -770.4  24.0' spd 402.4 yaw 118 mode 2 st 1 gl 7 hp 14 frg 14
ARGEVT Romero hazard
ARGLOG Joe Rogan t 185.8 pos '226.0 -1224.8 -56.0' spd 114.6 yaw  44.0 mode 2 st 2 gl 9 hp 100 frg 6
ARGEVT Romero route 9 start '369.0 -983.0 -104.0' goal '817.0 -855.0 -232.0'
ARGEVT Joe Rogan pursue
ARGEVT Romero pursue
ARGEVT Carmack hazard
ARGUS Romero hunch 
ARGLOG Romero t 185.9 pos '423.3 -1038.8 -104.0' spd 313.0 yaw  29.7 mode 2 st 3 gl 2 hp 84 frg 8
ARGLOG Carmack t 186.0 pos '304.0 -743.5  24.0' spd  56.8 yaw 218.2 mode 2 st 1 gl 7 hp 14 frg 14
ARGEVT Romero pursue
ARGEVT Romero goal item_armorInv
ARGUS routecache adopt
ARGEVT Romero route 9 start '369.0 -983.0 -104.0' goal '817.0 -855.0 -232.0'
ARGUS Joe Rogan hunch item_artifact_super_damage
ARGEVT Joe Rogan goal weapon_lightning
ARGLOG Joe Rogan t 186.3 pos '272.0 -1107.3 -52.6' spd  18.2 yaw 303.1 mode 0 st 2 gl 9 hp 100 frg 6
ARGEVT Joe Rogan route 7 start '305.0 -1143.0  -8.0' goal '529.0 -311.0 -104.0'
