LOG started on: 08/20/2026 21:42:20 
Playing registered version.
UDP Initialized
WIPX_OpenSocket: Address family not supported by protocol family
WIPX_Init: Unable to open control socket, IPX disabled
Exe: 20:02:47 Jul 31 2024
256.0 megabyte heap

Language initialization
Couldn't load 'localization/loc_english.txt'
from 'C:/argus/engine'

========= Quake Initialized =========

execing autoexec.cfg
SpawnServer: dm4
Clearing memory
Programs occupy 584K.
trying to open external vis file
maps/dm4.vis not found, trying argus.vis
external vis not found
ARGUS slots 8
ARGUS worldspawn reached
ARGNAV 145 nodes, 831 links
0 entities inhibited
ARGUS init on dm4
ARGEVT Carmack spawned
ARGEVT Romero spawned
ARGEVT Joe Rogan spawned
Server spawned.
ARGLOG Joe Rogan t   1.2 pos '272.0 -952.0  24.0' spd 0 yaw 323.2 mode 0 st 0 gl 0 hp 100 frg 0
ARGLOG Romero t   1.2 pos '-64.0 -232.0 -72.0' spd 0 yaw  10.2 mode 0 st 0 gl 0 hp 100 frg 0
ARGLOG Carmack t   1.2 pos '-64.0 512.0 -296.0' spd 0 yaw 252.0 mode 0 st 0 gl 0 hp 100 frg 0
ARGEVT Joe Rogan goal weapon_rocketlauncher
ARGEVT Romero goal weapon_rocketlauncher
ARGEVT Carmack goal weapon_supernailgun
ARGEVT Joe Rogan route 12 start '305.0 -983.0  24.0' goal '721.0 -887.0 -232.0'
ARGEVT Romero hazard
ARGLOG Joe Rogan t   1.7 pos '424.0 -995.4  24.0' spd 401.9 yaw 113 mode 2 st 0 gl 0 hp 100 frg 0
ARGLOG Romero t   1.7 pos ' 90.8 -218.2 -72.0' spd 390.4 yaw  71.6 mode 0 st 0 gl 0 hp 100 frg 0
ARGLOG Carmack t   1.7 pos '-71.8 354.5 -296.0' spd 334.0 yaw 306 mode 0 st 0 gl 0 hp 100 frg 0
ARGEVT Romero route 9 start ' 49.0 -247.0 -72.0' goal ' 49.0 105.0 -296.0'
ARGEVT Carmack routefail
ARGEVT Carmack goal weapon_rocketlauncher
ARGEVT Carmack route 2 start '-47.0 201.0 -296.0' goal ' 49.0 105.0 -296.0'
ARGLOG Joe Rogan t   2.2 pos '386.6 -831.1  24.0' spd 334.2 yaw 109 mode 2 st 0 gl 0 hp 100 frg 0
ARGLOG Romero t   2.2 pos '116.2 -216.8 -72.0' spd 321.7 yaw 212 mode 2 st 0 gl 0 hp 100 frg 0
ARGLOG Carmack t   2.2 pos '-38.7 190.7 -296.0' spd 320.4 yaw 316 mode 2 st 0 gl 0 hp 100 frg 0
ARGEVT Carmack hazard
ARGLOG Joe Rogan t   2.7 pos '305.5 -689.3  24.0' spd 329.2 yaw 54 mode 2 st 0 gl 0 hp 100 frg 0
ARGLOG Romero t   2.7 pos '-38.3 -272.0 -72.0' spd 354.6 yaw 254 mode 2 st 0 gl 0 hp 100 frg 0
ARGLOG Carmack t   2.7 pos ' -7.3  49.4 -296.0' spd  98.6 yaw 9 mode 1 st 0 gl 0 hp 100 frg 0
ARGEVT Romero hazard
ARGEVT Romero plan powerup via weapon
ARGEVT Romero goal weapon_lightning
ARGEVT Carmack goal item_artifact_super_damage
ARGEVT Romero route 5 start '-143.0 -247.0 -72.0' goal '529.0 -311.0 -104.0'
ARGLOG Joe Rogan t   3.3 pos '368.0 -536.3  24.0' spd 261.0 yaw 53 mode 2 st 0 gl 0 hp 100 frg 0
ARGLOG Romero t   3.3 pos '-143.3 -351.2 -72.0' spd  81.2 yaw 105.5 mode 2 st 0 gl 0 hp 100 frg 0
ARGLOG Carmack t   3.3 pos ' 88.5 113.5 -296.0' spd 380.4 yaw 352.4 mode 0 st 0 gl 1 hp 100 frg 0
ARGEVT Carmack route 6 start ' 49.0 105.0 -296.0' goal '177.0  73.0 -104.0'
ARGEVT Romero route 5 start '-143.0 -247.0 -72.0' goal '529.0 -311.0 -104.0'
ARGEVT Romero engage Joe Rogan
ARGLOG Joe Rogan t   3.8 pos '484.2 -391.2  11.2' spd 324.8 yaw 50 mode 2 st 0 gl 0 hp 100 frg 0
ARGLOG Romero t   3.8 pos '-90.7 -213.1 -72.0' spd 326.4 yaw 353.3 mode 2 st 0 gl 0 hp 100 frg 0
ARGLOG Carmack t   3.8 pos ' 43.8  48.0 -296.0' spd 332.3 yaw 239 mode 2 st 0 gl 1 hp 100 frg 0
ARGEVT Romero goal item_armorInv
ARGEVT Carmack hazard
ARGEVT Romero route 8 start ' 49.0 -247.0 -72.0' goal '817.0 -855.0 -232.0'
ARGLOG Joe Rogan t   4.3 pos '560.7 -251.1 -104.0' spd 331.9 yaw 0 mode 2 st 0 gl 0 hp 100 frg 0
ARGLOG Romero t   4.3 pos ' 36.6 -238.9 -72.0' spd 284.0 yaw 359.6 mode 2 st 0 gl 0 hp 100 frg 0
ARGLOG Carmack t   4.3 pos '-130.6  51.2 -296.0' spd 321.9 yaw 274 mode 2 st 0 gl 1 hp 100 frg 0
ARGEVT Joe Rogan weapon sg
ARGEVT Joe Rogan grab item_armor1
ARGEVT Joe Rogan jump
ARGEVT Romero grab weapon_grenadelauncher
ARGLOG Joe Rogan t   4.8 pos '597.4 -58.9 -66.0' spd 360.7 yaw 203.0 mode 2 st 0 gl 0 hp 80 frg 0
ARGLOG Romero t   4.8 pos '116.8 -280.2 -56.0' spd 213.7 yaw  23.8 mode 2 st 0 gl 0 hp 100 frg 0
ARGLOG Carmack t   4.8 pos '-212.8  51.8 -296.0' spd 132.9 yaw 289 mode 2 st 0 gl 1 hp 100 frg 0
ARGEVT Carmack hazard
ARGLOG Joe Rogan t   5.3 pos '486.6 -78.4 -104.0' spd 328.3 yaw 223.4 mode 2 st 0 gl 0 hp 68 frg 0
ARGLOG Romero t   5.3 pos '115.2 -447.4  24.0' spd 343.8 yaw  43.0 mode 2 st 0 gl 0 hp 92 frg 0
ARGEVT Romero hazard
ARGLOG Carmack t   5.3 pos '-83.9  52.2 -296.0' spd 334.5 yaw 324.0 mode 2 st 0 gl 1 hp 100 frg 0
ARGLOG Joe Rogan t   5.8 pos '479.1 -100.8 -104.0' spd  27.0 yaw 220.1 mode 2 st 0 gl 0 hp 60 frg 0
ARGLOG Romero t   5.8 pos '118.5 -437.6  24.0' spd 164.9 yaw  47.3 mode 2 st 0 gl 0 hp 88 frg 0
ARGLOG Carmack t   5.8 pos '-16.0 -47.8 -296.0' spd 320.0 yaw 245 mode 2 st 0 gl 1 hp 100 frg 0
ARGLOG Joe Rogan t   6.4 pos '486.7 -96.9 -104.0' spd  25.9 yaw 224.7 mode 2 st 0 gl 0 hp 60 frg 0
ARGLOG Romero t   6.4 pos '113.1 -442.6  24.0' spd 204.7 yaw  42.3 mode 2 st 0 gl 0 hp 64 frg 0
ARGLOG Carmack t   6.4 pos '-26.1 -216.6 -296.0' spd 320.2 yaw 287.3 mode 2 st 0 gl 1 hp 100 frg 0
ARGEVT Carmack engage Joe Rogan
ARGEVT Joe Rogan hazard
ARGLOG Joe Rogan t   6.9 pos '484.8 -116.4 -104.0' spd 144.0 yaw 243.4 mode 2 st 0 gl 0 hp 44 frg 0
ARGLOG Romero t   6.9 pos '243.2 -528.0  24.0' spd 312.7 yaw  58.1 mode 0 st 0 gl 0 hp 64 frg 0
ARGLOG Carmack t   6.9 pos ' 29.3 -233.0 -296.0' spd 269.9 yaw   9.4 mode 2 st 0 gl 1 hp 100 frg 0
ARGEVT Romero route 9 start '209.0 -503.0  24.0' goal '817.0 -855.0 -232.0'
ARGEVT Joe Rogan weapon lg
ARGEVT Carmack hazard
ARGLOG Joe Rogan t   7.4 pos '477.0 -181.9 -104.0' spd 180.6 yaw 218.7 mode 2 st 0 gl 0 hp 30 frg 0
ARGLOG Romero t   7.4 pos '194.5 -423.6   8.0' spd 371.9 yaw  42.5 mode 2 st 0 gl 0 hp 34 frg 0
ARGLOG Carmack t   7.4 pos ' 97.3 -235.3 -296.0' spd 139.7 yaw  24.0 mode 2 st 0 gl 1 hp 100 frg 0
ARGEVT Romero hazard
ARGEVT Romero death Joe Rogan pos '120.5 -346.1 -24.0'
ARGEVT Joe Rogan engage Carmack
ARGEVT Joe Rogan goal item_artifact_super_damage
ARGLOG Joe Rogan t   7.9 pos '501.1 -58.0 -104.0' spd 127.4 yaw 208.5 mode 0 st 0 gl 0 hp 14 frg 1
ARGLOG Carmack t   7.9 pos '205.5 -251.1 -296.0' spd 325.9 yaw  17.8 mode 2 st 0 gl 1 hp 100 frg 0
ARGEVT Joe Rogan routefail
ARGEVT Joe Rogan goal item_health
ARGEVT Joe Rogan route 2 start '529.0 -55.0 -104.0' goal '529.0  73.0 -296.0'
ARGEVT Carmack rjump
ARGLOG Joe Rogan t   8.4 pos '558.7 -198.7 -104.0' spd  97.0 yaw 181.3 mode 2 st 0 gl 0 hp 14 frg 1
ARGLOG Carmack t   8.4 pos '219.4 -189.2 -175.7' spd  36.8 yaw   3.5 mode 2 st 0 gl 1 hp 49 frg 0
ARGEVT Carmack death Joe Rogan pos '208.0 -215.4 -80.2'
ARGEVT Joe Rogan goal item_health
ARGUS routecache adopt
ARGEVT Joe Rogan route 2 start '529.0 -55.0 -104.0' goal '529.0  73.0 -296.0'
ARGLOG Joe Rogan t   8.9 pos '507.3 -56.2 -104.0' spd 372.2 yaw 181.9 mode 2 st 0 gl 0 hp 14 frg 2
ARGEVT Joe Rogan hazard
ARGEVT Romero respawn
ARGEVT Romero goal item_armorInv
ARGLOG Romero t   9.3 pos '112.0 -1136.0 -104.0' spd 0 yaw  28.4 mode 0 st 0 gl 0 hp 100 frg 0
ARGEVT Romero route 16 start ' 81.0 -1079.0 -104.0' goal '817.0 -855.0 -232.0'
ARGLOG Joe Rogan t   9.5 pos '436.4 -98.4 -104.0' spd 324.5 yaw 148.6 mode 2 st 0 gl 0 hp 14 frg 2
ARGEVT Romero hazard
ARGLOG Romero t   9.8 pos '263.1 -1104.4 -104.0' spd 322.8 yaw 230 mode 2 st 0 gl 0 hp 100 frg 0
ARGEVT Joe Rogan abandon
ARGLOG Joe Rogan t  10.0 pos '257.3 -68.8 -221.6' spd 203.4 yaw  32.0 mode 0 st 0 gl 0 hp 14 frg 2
ARGEVT Joe Rogan goal 
ARGEVT Joe Rogan abandon
ARGEVT Joe Rogan route 2 start '305.0 -87.0 -296.0' goal '241.0 -279.0 -296.0'
ARGEVT Joe Rogan weapon sg
ARGEVT Joe Rogan goal item_health
ARGEVT Joe Rogan abandon
ARGEVT Joe Rogan death world pos '238.3 -48.0 -395.3'
ARGEVT Carmack respawn
ARGLOG Romero t  10.3 pos '138.6 -1154.7 -104.0' spd 355.8 yaw 346 mode 2 st 0 gl 0 hp 100 frg 0
ARGEVT Romero jump
ARGEVT Carmack goal weapon_rocketlauncher
ARGLOG Carmack t  10.3 pos '776.0 -808.0 -232.0' spd 0 yaw 106.3 mode 1 st 0 gl 1 hp 100 frg 0
ARGEVT Carmack hazard
ARGLOG Romero t  10.8 pos ' 87.0 -1232.0 -81.4' spd  47.2 yaw 48 mode 2 st 0 gl 0 hp 100 frg 0
ARGLOG Carmack t  10.8 pos '722.2 -767.2 -232.0' spd 339.0 yaw 158.6 mode 1 st 0 gl 1 hp 100 frg 0
ARGLOG Romero t  11.4 pos '202.7 -1223.2 -72.0' spd 320.0 yaw 66 mode 2 st 0 gl 0 hp 100 frg 0
ARGLOG Carmack t  11.4 pos '720.0 -752.0 -232.0' spd 0 yaw 106 mode 1 st 0 gl 1 hp 100 frg 0
ARGEVT Carmack hazard
ARGEVT Joe Rogan respawn
ARGEVT Joe Rogan goal weapon_rocketlauncher
ARGLOG Joe Rogan t  11.9 pos '784.0 -176.0  24.0' spd 0 yaw 196.6 mode 0 st 0 gl 0 hp 100 frg 1
ARGLOG Romero t  11.9 pos '361.7 -1167.6  -8.0' spd 392.4 yaw 100 mode 2 st 0 gl 0 hp 100 frg 0
ARGLOG Carmack t  11.9 pos '816.0 -667.8 -184.0' spd 300.6 yaw 300.2 mode 1 st 0 gl 1 hp 100 frg 0
ARGEVT Joe Rogan route 5 start '753.0 -151.0  24.0' goal '721.0 -887.0 -232.0'
ARGEVT Joe Rogan hazard
ARGLOG Joe Rogan t  12.4 pos '679.7 -208.0  24.0' spd  90.2 yaw 310 mode 2 st 0 gl 0 hp 100 frg 1
ARGLOG Romero t  12.4 pos '338.2 -1000.5  24.0' spd 320.2 yaw 96 mode 2 st 0 gl 0 hp 100 frg 0
ARGLOG Carmack t  12.4 pos '796.2 -793.0 -232.0' spd 320.7 yaw 253 mode 1 st 0 gl 1 hp 100 frg 0
ARGEVT Carmack goal item_rockets
ARGEVT Carmack route 8 start '817.0 -855.0 -232.0' goal '401.0 -759.0 -104.0'
ARGEVT Joe Rogan goal item_armor2
ARGEVT Joe Rogan route 5 start '753.0 -151.0  24.0' goal '1169.0 -599.0  24.0'
ARGEVT Carmack route 6 start '337.0   9.0 -296.0' goal '401.0 -759.0 -104.0'
ARGLOG Joe Rogan t  12.9 pos '673.7 -144.6  24.0' spd 341.4 yaw 148.7 mode 2 st 0 gl 0 hp 100 frg 1
ARGLOG Romero t  12.9 pos '380.2 -841.0  24.0' spd 390.1 yaw 355 mode 2 st 0 gl 0 hp 100 frg 0
ARGLOG Carmack t  12.9 pos '368.0  -5.8 -282.2' spd 300 yaw 271 mode 2 st 0 gl 2 hp 100 frg 0
ARGEVT Romero hazard
ARGEVT Joe Rogan engage Carmack
ARGEVT Carmack engage Joe Rogan
ARGEVT Carmack grab 
ARGLOG Joe Rogan t  13.4 pos '493.8 -116.8   2.6' spd 299.8 yaw 197.5 mode 0 st 0 gl 0 hp 100 frg 1
ARGLOG Romero t  13.4 pos '452.0 -752.0  24.0' spd 260.4 yaw  40.9 mode 2 st 0 gl 0 hp 100 frg 0
ARGLOG Carmack t  13.4 pos '371.1 -173.9 -296.0' spd 371.7 yaw  51.7 mode 2 st 0 gl 2 hp 100 frg 0
ARGEVT Carmack rjump
ARGEVT Joe Rogan route 6 start '561.0 -151.0  24.0' goal '1169.0 -599.0  24.0'
ARGEVT Carmack weapon ng
ARGLOG Joe Rogan t  13.9 pos '391.6 -211.0 -201.9' spd 145.9 yaw 236.6 mode 2 st 0 gl 0 hp 100 frg 1
ARGLOG Romero t  13.9 pos '338.0 -709.7  24.0' spd 380.4 yaw 79 mode 2 st 0 gl 0 hp 100 frg 0
ARGLOG Carmack t  13.9 pos '307.2 -328.8 -291.5' spd 310.8 yaw  51.8 mode 2 st 0 gl 2 hp 99 frg 0
ARGEVT Carmack weapon rl
ARGEVT Joe Rogan hazard
ARGEVT Carmack swim
ARGEVT Joe Rogan grab 
ARGEVT Carmack weapon ng
ARGLOG Joe Rogan t  14.5 pos '260.8 -228.3 -296.0' spd 391.3 yaw 243.2 mode 2 st 0 gl 0 hp 95 frg 1
ARGLOG Romero t  14.5 pos '322.9 -539.1  24.0' spd 333.1 yaw 118 mode 2 st 0 gl 0 hp 100 frg 0
ARGLOG Carmack t  14.5 pos '194.4 -358.7 -399.0' spd 115.6 yaw  74.2 mode 2 st 0 gl 2 hp 84 frg 0
ARGEVT Joe Rogan weapon sg
ARGEVT Romero engage Joe Rogan
ARGEVT Carmack route 7 start '209.0 -311.0 -440.0' goal '401.0 -759.0 -104.0'
ARGEVT Joe Rogan route 17 start '241.0 -279.0 -296.0' goal '1169.0 -599.0  24.0'
ARGLOG Joe Rogan t  15.0 pos '169.9 -259.1 -296.0' spd 364.3 yaw 316.3 mode 2 st 0 gl 0 hp 95 frg 1
ARGLOG Romero t  15.0 pos '328.1 -392.3   2.8' spd 138.9 yaw 136.1 mode 2 st 0 gl 0 hp 100 frg 0
ARGLOG Carmack t  15.0 pos '248.3 -350.0 -394.5' spd 210.3 yaw 129.8 mode 2 st 0 gl 2 hp 68 frg 0
ARGEVT Joe Rogan weapon rl
ARGEVT Joe Rogan weapon sg
ARGEVT Romero grab weapon_grenadelauncher
ARGEVT Joe Rogan pursue
ARGEVT Carmack pursue
ARGLOG Joe Rogan t  15.5 pos '258.6 -240.6 -296.0' spd 290.9 yaw 310.0 mode 2 st 0 gl 0 hp 83 frg 1
ARGLOG Romero t  15.5 pos '282.3 -368.0 -200.0' spd  51.9 yaw  96.6 mode 2 st 0 gl 0 hp 100 frg 0
ARGLOG Carmack t  15.5 pos '346.5 -304.0 -390.0' spd 101.3 yaw 159 mode 2 st 0 gl 2 hp 60 frg 0
ARGEVT Joe Rogan hazard
ARGEVT Romero swim
ARGLOG Joe Rogan t  16.0 pos '417.0 -262.9 -296.0' spd 326.7 yaw 321.7 mode 2 st 0 gl 0 hp 71 frg 1
ARGLOG Romero t  16.0 pos '249.3 -368.0 -408.0' spd 164.4 yaw  23.9 mode 2 st 0 gl 0 hp 60 frg 0
ARGLOG Carmack t  16.0 pos '275.3 -300.1 -385.5' spd 230.5 yaw 150 mode 2 st 0 gl 2 hp 28 frg 0
ARGEVT Romero retreat
ARGEVT Carmack swim
ARGEVT Carmack death world pos '240.0 -268.6 -384.9'
ARGEVT Joe Rogan weapon rl
ARGEVT Romero death world pos '156.2 -340.9 -400.8'
ARGLOG Joe Rogan t  16.5 pos '586.2 -272.0 -296.0' spd 194.5 yaw 222.2 mode 2 st 0 gl 0 hp 71 frg 1
ARGEVT Joe Rogan hazard
ARGLOG Joe Rogan t  17.0 pos '457.8 -272.0 -296.0' spd 327.3 yaw 197 mode 2 st 0 gl 0 hp 71 frg 1
ARGLOG Joe Rogan t  17.6 pos '304.6 -232.9 -296.0' spd 354.7 yaw 181.0 mode 2 st 0 gl 0 hp 71 frg 1
ARGEVT Joe Rogan hazard
ARGUS routecache adopt
ARGEVT Joe Rogan route 17 start '241.0 -279.0 -296.0' goal '1169.0 -599.0  24.0'
ARGEVT Carmack respawn
ARGEVT Carmack goal item_health
ARGLOG Carmack t  17.9 pos '-64.0 512.0 -296.0' spd 0 yaw 286.6 mode 1 st 0 gl 2 hp 100 frg -1
ARGEVT Romero respawn
ARGEVT Romero goal weapon_grenadelauncher
ARGLOG Romero t  18.0 pos '-64.0 -232.0 -72.0' spd 0 yaw 2 mode 0 st 0 gl 0 hp 100 frg -1
ARGEVT Romero route 4 start '-47.0 -215.0 -72.0' goal '113.0 -407.0 -104.0'
ARGLOG Joe Rogan t  18.1 pos '190.1 -274.9 -296.0' spd  75.2 yaw 23 mode 2 st 0 gl 0 hp 71 frg 1
ARGEVT Carmack hazard
ARGLOG Carmack t  18.4 pos ' 13.6 475.7 -296.0' spd 315.8 yaw  92.4 mode 1 st 0 gl 2 hp 100 frg -1
ARGLOG Romero t  18.5 pos ' 91.5 -211.6 -72.0' spd 323.2 yaw 278 mode 2 st 0 gl 0 hp 100 frg -1
ARGLOG Joe Rogan t  18.6 pos '358.3 -252.3 -296.0' spd 369.3 yaw  82.3 mode 2 st 0 gl 0 hp 71 frg 1
ARGEVT Joe Rogan hazard
ARGEVT Joe Rogan engage Romero
ARGEVT Romero engage Joe Rogan
ARGEVT Carmack goal 
ARGEVT Carmack route 7 start '-15.0 553.0 -296.0' goal '241.0 -215.0 -440.0'
ARGEVT Romero grab 
ARGEVT Romero hazard
ARGLOG Carmack t  19.0 pos '-36.1 621.2 -296.0' spd 107.2 yaw 269 mode 2 st 0 gl 3 hp 200 frg -1
ARGLOG Romero t  19.1 pos '176.8 -299.5 -56.0' spd 343.6 yaw  17.3 mode 2 st 0 gl 0 hp 100 frg -1
ARGLOG Joe Rogan t  19.1 pos '337.7 -256.1 -296.0' spd 186.1 yaw 207.1 mode 2 st 0 gl 0 hp 71 frg 1
ARGEVT Romero grab weapon_grenadelauncher
ARGLOG Carmack t  19.5 pos ' -6.0 485.3 -296.0' spd 323.0 yaw 262 mode 2 st 0 gl 3 hp 200 frg -1
ARGLOG Romero t  19.6 pos '129.2 -299.0 -56.0' spd 324.4 yaw  41.4 mode 2 st 0 gl 0 hp 100 frg -1
ARGEVT Romero jump
ARGLOG Joe Rogan t  19.6 pos '349.1 -103.0 -296.0' spd 346.6 yaw 219.8 mode 2 st 0 gl 0 hp 59 frg 1
ARGEVT Carmack hazard
ARGEVT Joe Rogan weapon sg
ARGLOG Carmack t  20.0 pos ' 62.7 400.2 -296.0' spd 125.1 yaw 242 mode 2 st 0 gl 3 hp 200 frg -1
ARGLOG Romero t  20.1 pos '112.0 -316.1 -34.2' spd  30.0 yaw  42.5 mode 2 st 0 gl 0 hp 100 frg -1
ARGLOG Joe Rogan t  20.1 pos '348.4 -104.1 -296.0' spd 320.6 yaw 231.9 mode 2 st 0 gl 0 hp 43 frg 1
ARGEVT Joe Rogan hazard
ARGEVT Joe Rogan retreat
ARGLOG Carmack t  20.5 pos ' 72.3 401.3 -296.0' spd 336.5 yaw 240 mode 2 st 0 gl 3 hp 200 frg -1
ARGLOG Romero t  20.6 pos '133.4 -444.1  24.0' spd 391.9 yaw  58.3 mode 2 st 0 gl 0 hp 100 frg -1
ARGLOG Joe Rogan t  20.7 pos '373.9 -49.5 -296.0' spd 320.3 yaw 238.7 mode 2 st 0 gl 0 hp 19 frg 1
ARGEVT Romero hazard
ARGEVT Carmack hazard
ARGLOG Carmack t  21.0 pos '-66.2 443.3 -296.0' spd 160.9 yaw 289.6 mode 2 st 0 gl 3 hp 200 frg -1
ARGEVT Joe Rogan route 16 start '337.0   9.0 -296.0' goal '1169.0 -599.0  24.0'
ARGLOG Romero t  21.1 pos '133.8 -372.8  -8.0' spd 322.4 yaw  65.0 mode 2 st 0 gl 0 hp 100 frg -1
ARGLOG Joe Rogan t  21.2 pos '351.0 104.7 -288.0' spd 181.5 yaw 250.0 mode 2 st 0 gl 0 hp 15 frg 1
ARGEVT Joe Rogan hazard
ARGEVT Romero pursue
ARGEVT Joe Rogan pursue
ARGLOG Carmack t  21.5 pos ' 43.5 411.2 -296.0' spd 314.6 yaw 256 mode 2 st 0 gl 3 hp 200 frg -1
ARGEVT Joe Rogan retreat
ARGLOG Romero t  21.6 pos '129.5 -224.4 -72.0' spd 332.8 yaw  55.1 mode 2 st 0 gl 0 hp 100 frg -1
ARGLOG Joe Rogan t  21.7 pos '359.6 109.1 -288.0' spd 116.5 yaw 235.2 mode 2 st 0 gl 0 hp 7 frg 1
ARGEVT Romero pursue
ARGEVT Carmack hazard
ARGEVT Joe Rogan pursue
ARGEVT Joe Rogan death Romero pos '380.4  25.4 -288.0'
ARGEVT Romero hazard
ARGLOG Carmack t  22.1 pos ' 96.5 400.4 -296.0' spd 345.5 yaw 278 mode 2 st 0 gl 3 hp 200 frg -1
ARGEVT Romero goal weapon_supernailgun
ARGLOG Romero t  22.2 pos '187.9 -272.0 -72.0' spd  59.5 yaw  36.6 mode 0 st 0 gl 0 hp 100 frg 0
ARGEVT Romero routefail
ARGEVT Romero goal item_armorInv
ARGEVT Romero route 9 start '145.0 -183.0 -72.0' goal '817.0 -855.0 -232.0'
ARGLOG Carmack t  22.6 pos '-37.3 380.3 -296.0' spd 371.0 yaw 269 mode 2 st 0 gl 3 hp 200 frg -1
ARGLOG Romero t  22.7 pos '302.0 -165.1 -103.9' spd 320.1 yaw 198 mode 2 st 0 gl 0 hp 100 frg 0
ARGLOG Carmack t  23.1 pos '-46.0 208.6 -296.0' spd 321.5 yaw 265 mode 2 st 0 gl 3 hp 200 frg -1
ARGLOG Romero t  23.2 pos '432.0 -87.3 -296.0' spd 150.8 yaw 203 mode 2 st 0 gl 0 hp 100 frg 0
ARGEVT Romero hazard
ARGEVT Joe Rogan respawn
ARGEVT Joe Rogan goal weapon_rocketlauncher
ARGLOG Joe Rogan t  23.6 pos '272.0 -952.0  24.0' spd 0 yaw  16.6 mode 0 st 0 gl 0 hp 100 frg 1
ARGLOG Carmack t  23.6 pos ' 15.0  52.6 -296.0' spd 364.9 yaw 354 mode 2 st 0 gl 3 hp 200 frg -1
ARGEVT Carmack hazard
ARGEVT Joe Rogan route 10 start '305.0 -983.0  24.0' goal ' 49.0 105.0 -296.0'
ARGLOG Romero t  23.7 pos '346.5  52.7 -288.0' spd 326.2 yaw 226 mode 2 st 0 gl 0 hp 100 frg 0
ARGLOG Joe Rogan t  24.1 pos '387.0 -843.0  24.0' spd 370.2 yaw 108 mode 2 st 0 gl 0 hp 100 frg 1
ARGLOG Carmack t  24.1 pos '104.6  86.9 -296.0' spd 207.6 yaw 256 mode 2 st 0 gl 3 hp 199 frg -1
ARGEVT Romero route 16 start '369.0 105.0 -288.0' goal '817.0 -855.0 -232.0'
ARGLOG Romero t  24.2 pos '336.0  47.7 -288.0' spd 345.3 yaw 315 mode 2 st 0 gl 0 hp 100 frg 0
ARGEVT Joe Rogan hazard
ARGEVT Romero hazard
ARGLOG Joe Rogan t  24.6 pos '327.2 -691.6  24.0' spd 327.7 yaw 107 mode 2 st 0 gl 0 hp 100 frg 1
ARGLOG Carmack t  24.6 pos '  5.3  48.0 -296.0' spd  90.8 yaw 355 mode 2 st 0 gl 3 hp 199 frg -1
ARGLOG Romero t  24.7 pos '400.0  60.5 -288.0' spd 134.2 yaw 306 mode 2 st 0 gl 0 hp 100 frg 0
ARGEVT Carmack hazard
ARGLOG Joe Rogan t  25.1 pos '304.0 -528.9  24.0' spd 331.3 yaw 110 mode 0 st 0 gl 0 hp 100 frg 1
ARGEVT Romero engage Joe Rogan
ARGEVT Joe Rogan engage Romero
ARGLOG Carmack t  25.1 pos '106.2  78.2 -296.0' spd  58.3 yaw 255 mode 2 st 0 gl 3 hp 198 frg -1
ARGLOG Romero t  25.3 pos '350.5 -49.7 -296.0' spd 280.2 yaw 270.8 mode 2 st 0 gl 0 hp 100 frg 0
ARGEVT Joe Rogan route 7 start '305.0 -471.0  24.0' goal ' 49.0 105.0 -296.0'
ARGLOG Joe Rogan t  25.6 pos '420.0 -408.1  11.2' spd 328.6 yaw 100.4 mode 2 st 0 gl 0 hp 100 frg 1
ARGLOG Carmack t  25.7 pos ' 42.8  48.0 -296.0' spd 242.6 yaw 344.5 mode 2 st 0 gl 3 hp 197 frg -1
ARGLOG Romero t  25.8 pos '359.3   9.8 -296.0' spd  24.9 yaw 282.8 mode 2 st 0 gl 0 hp 100 frg 0
ARGEVT Carmack hazard
ARGLOG Joe Rogan t  26.1 pos '534.3 -311.0 -104.0' spd 324.9 yaw 126.2 mode 2 st 0 gl 0 hp 100 frg 1
ARGLOG Carmack t  26.2 pos ' 83.1  48.0 -296.0' spd 272.5 yaw 258 mode 2 st 0 gl 3 hp 197 frg -1
ARGEVT Joe Rogan pursue
ARGEVT Romero pursue
ARGLOG Romero t  26.3 pos '356.3 -37.0 -296.0' spd 203.3 yaw 291 mode 2 st 0 gl 0 hp 100 frg 0
ARGEVT Romero hazard
ARGLOG Joe Rogan t  26.6 pos '526.9 -152.8 -104.0' spd 328.1 yaw 134 mode 2 st 0 gl 0 hp 100 frg 1
ARGLOG Carmack t  26.7 pos ' 90.5  57.9 -296.0' spd 335.9 yaw 257 mode 2 st 0 gl 3 hp 196 frg -1
ARGLOG Romero t  26.8 pos '379.0 -191.2 -296.0' spd 368.9 yaw 299 mode 2 st 0 gl 0 hp 100 frg 0
ARGEVT Joe Rogan hazard
ARGEVT Carmack hazard
ARGLOG Joe Rogan t  27.2 pos '434.2 -50.8 -103.8' spd  53.9 yaw 257.6 mode 2 st 0 gl 0 hp 92 frg 1
ARGLOG Carmack t  27.2 pos ' 34.5  51.3 -296.0' spd 268.9 yaw 282.3 mode 2 st 0 gl 3 hp 196 frg -1
ARGLOG Romero t  27.3 pos '362.4 -268.0 -296.0' spd 230.7 yaw  60.8 mode 2 st 0 gl 0 hp 80 frg 0
ARGLOG Joe Rogan t  27.7 pos '545.1 -144.0 -104.0' spd 338.8 yaw 199.6 mode 2 st 0 gl 0 hp 92 frg 1
ARGLOG Carmack t  27.7 pos '112.0  94.6 -296.0' spd 193.6 yaw 255 mode 2 st 0 gl 3 hp 195 frg -1
ARGEVT Joe Rogan pursue
ARGEVT Romero pursue
ARGLOG Romero t  27.8 pos '337.5 -163.0 -296.0' spd 369.0 yaw  45.7 mode 2 st 0 gl 0 hp 80 frg 0
ARGEVT Romero hazard
ARGLOG Joe Rogan t  28.2 pos '469.0 -275.4 -104.0' spd 336.6 yaw 179 mode 2 st 0 gl 0 hp 92 frg 1
ARGEVT Joe Rogan hazard
ARGLOG Carmack t  28.2 pos ' -5.1  48.0 -296.0' spd 283.3 yaw 287.0 mode 2 st 0 gl 3 hp 195 frg -1
ARGLOG Romero t  28.3 pos '395.4 -63.0 -296.0' spd 239.6 yaw 288.1 mode 2 st 0 gl 0 hp 76 frg 0
ARGLOG Joe Rogan t  28.7 pos '539.9 -221.3 -104.0' spd 334.9 yaw 152.3 mode 2 st 0 gl 0 hp 84 frg 1
ARGEVT Romero pursue
ARGLOG Carmack t  28.8 pos '-35.6 -95.4 -296.0' spd 333.3 yaw 340 mode 2 st 0 gl 3 hp 194 frg -1
ARGEVT Joe Rogan pursue
ARGLOG Romero t  28.9 pos '376.8 -97.0 -296.0' spd 312.8 yaw 294 mode 2 st 0 gl 0 hp 76 frg 0
ARGEVT Carmack engage Romero
ARGLOG Joe Rogan t  29.2 pos '491.8 -94.7 -104.0' spd 336.9 yaw 187.6 mode 2 st 0 gl 0 hp 84 frg 1
ARGEVT Romero hazard
ARGEVT Joe Rogan hazard
ARGLOG Carmack t  29.3 pos '  3.6 -246.0 -296.0' spd 322.8 yaw   3.1 mode 2 st 0 gl 3 hp 194 frg -1
ARGLOG Romero t  29.4 pos '415.2 -262.7 -296.0' spd 452.2 yaw  54.3 mode 2 st 0 gl 0 hp 52 frg 0
ARGLOG Joe Rogan t  29.7 pos '347.2 -90.2 -114.7' spd 295.0 yaw 325.7 mode 2 st 0 gl 0 hp 70 frg 1
ARGLOG Carmack t  29.8 pos ' 64.5 -235.7 -296.0' spd 129.9 yaw   1.7 mode 2 st 0 gl 3 hp 193 frg -1
ARGEVT Carmack hazard
ARGEVT Joe Rogan pursue
ARGEVT Romero pursue
ARGLOG Romero t  29.9 pos '540.8 -246.2 -296.0' spd 231.1 yaw 129.9 mode 2 st 0 gl 0 hp 40 frg 0
ARGEVT Romero retreat
ARGLOG Joe Rogan t  30.3 pos '309.2 -93.8 -296.0' spd  44.7 yaw 335.0 mode 2 st 0 gl 0 hp 68 frg 1
ARGEVT Joe Rogan hazard
ARGLOG Carmack t  30.3 pos ' 85.1 -219.4 -296.0' spd 150.8 yaw 359.8 mode 2 st 0 gl 3 hp 193 frg -1
ARGEVT Joe Rogan pursue
ARGEVT Romero pursue
ARGLOG Romero t  30.4 pos '626.7 -200.9 -296.0' spd 325.7 yaw 162 mode 2 st 0 gl 0 hp 24 frg 0
ARGEVT Romero hazard
ARGLOG Joe Rogan t  30.8 pos '398.4 -155.0 -296.0' spd 328.8 yaw 257 mode 2 st 0 gl 0 hp 68 frg 1
ARGLOG Carmack t  30.8 pos '112.9 -238.3 -296.0' spd 189.1 yaw  16.2 mode 2 st 0 gl 3 hp 192 frg -1
ARGEVT Carmack pursue
ARGLOG Romero t  30.9 pos '601.2 -70.7 -296.0' spd 322.4 yaw 83 mode 2 st 0 gl 0 hp 16 frg 0
ARGLOG Joe Rogan t  31.3 pos '469.5 -272.0 -296.0' spd 378.8 yaw 257 mode 2 st 0 gl 0 hp 68 frg 1
ARGEVT Carmack hazard
ARGEVT Joe Rogan hazard
ARGLOG Carmack t  31.3 pos '264.3 -227.1 -296.0' spd 323.1 yaw 5 mode 2 st 0 gl 3 hp 192 frg -1
ARGLOG Romero t  31.4 pos '596.9  97.8 -296.0' spd 374.7 yaw 163.6 mode 2 st 0 gl 0 hp 16 frg 0
ARGEVT Romero route 11 start '401.0 -887.0  24.0' goal '817.0 -855.0 -232.0'
ARGLOG Joe Rogan t  31.8 pos '419.9 -267.6 -296.0' spd  62.6 yaw 132.1 mode 2 st 0 gl 0 hp 68 frg 1
ARGLOG Carmack t  31.9 pos '387.8 -250.7 -296.0' spd  60.8 yaw 14 mode 2 st 0 gl 3 hp 191 frg -1
ARGLOG Romero t  32.0 pos '346.9 -791.4  24.0' spd 336.3 yaw 93 mode 2 st 0 gl 0 hp 16 frg 0
ARGLOG Joe Rogan t  32.3 pos '506.0 -210.1 -296.0' spd 357.5 yaw 100.1 mode 2 st 0 gl 0 hp 68 frg 1
ARGEVT Joe Rogan hazard
ARGLOG Carmack t  32.4 pos '492.7 -245.5 -296.0' spd 322.2 yaw 22 mode 0 st 0 gl 3 hp 191 frg -1
ARGEVT Carmack route 2 start '497.0 -247.0 -296.0' goal '241.0 -215.0 -440.0'
ARGLOG Romero t  32.5 pos '323.7 -626.8  24.0' spd 320.3 yaw 91 mode 2 st 0 gl 0 hp 16 frg 0
ARGEVT Carmack hazard
ARGLOG Joe Rogan t  32.8 pos '538.4 -221.9 -296.0' spd  90.1 yaw 191 mode 2 st 0 gl 0 hp 68 frg 1
ARGLOG Carmack t  32.9 pos '506.4 -209.9 -296.0' spd  39.8 yaw 9 mode 2 st 0 gl 3 hp 190 frg -1
ARGLOG Romero t  33.0 pos '392.4 -473.9  24.0' spd 325.8 yaw 35 mode 2 st 0 gl 0 hp 16 frg 0
ARGEVT Joe Rogan engage Carmack
ARGLOG Joe Rogan t  33.3 pos '461.1 -249.7 -296.0' spd 322.0 yaw 347.7 mode 2 st 0 gl 0 hp 68 frg 1
ARGLOG Carmack t  33.4 pos '619.0 -272.0 -296.0' spd 297.9 yaw 218.9 mode 2 st 0 gl 3 hp 190 frg -1
ARGEVT Joe Rogan hazard
ARGLOG Romero t  33.5 pos '495.0 -308.2 -35.9' spd 352.8 yaw 122 mode 2 st 0 gl 0 hp 16 frg 0
ARGEVT Carmack engage Joe Rogan
ARGLOG Joe Rogan t  33.9 pos '381.5 -247.4 -296.0' spd 344.7 yaw  16.9 mode 2 st 0 gl 0 hp 68 frg 1
ARGLOG Carmack t  33.9 pos '650.0 -150.9 -296.0' spd 341.9 yaw 205.7 mode 2 st 0 gl 3 hp 165 frg -1
ARGEVT Romero engage Joe Rogan
ARGLOG Romero t  34.0 pos '467.9 -163.9 -104.0' spd 247.7 yaw 216.0 mode 2 st 0 gl 0 hp 16 frg 0
ARGEVT Joe Rogan pursue
ARGEVT Carmack hazard
ARGLOG Joe Rogan t  34.4 pos '435.9 -235.4 -296.0' spd 333.0 yaw 12 mode 2 st 0 gl 0 hp 68 frg 1
ARGLOG Carmack t  34.4 pos '592.0   5.2 -296.0' spd 264.9 yaw 206.2 mode 0 st 0 gl 3 hp 165 frg -1
ARGEVT Carmack route 4 start '625.0   9.0 -296.0' goal '241.0 -215.0 -440.0'
ARGEVT Romero pursue
ARGLOG Romero t  34.5 pos '575.5 -54.1 -104.0' spd 104.3 yaw 219 mode 2 st 0 gl 0 hp 16 frg 0
ARGEVT Carmack grab item_armor1
ARGEVT Joe Rogan grab weapon_lightning
ARGLOG Joe Rogan t  34.9 pos '592.2 -227.4 -296.0' spd 270.1 yaw  89.6 mode 0 st 0 gl 0 hp 52 frg 1
ARGEVT Joe Rogan route 5 start '593.0 -215.0 -296.0' goal ' 49.0 105.0 -296.0'
ARGLOG Carmack t  35.0 pos '621.5 -52.7 -296.0' spd 323.8 yaw 255.0 mode 2 st 0 gl 3 hp 144 frg -1
ARGEVT Joe Rogan hazard
ARGEVT Romero hazard
ARGLOG Romero t  35.1 pos '476.4 -158.4 -104.0' spd 326.3 yaw 248.6 mode 2 st 0 gl 0 hp 16 frg 0
ARGLOG Joe Rogan t  35.4 pos '536.4 -252.5 -296.0' spd  59.2 yaw  65.9 mode 2 st 0 gl 0 hp 52 frg 1
ARGLOG Carmack t  35.5 pos '641.4  91.5 -296.0' spd 371.6 yaw 254.9 mode 2 st 0 gl 3 hp 144 frg -1
ARGEVT Carmack pursue
ARGEVT Joe Rogan pursue
ARGLOG Romero t  35.6 pos '451.6 -313.3 -104.0' spd 119.3 yaw 130 mode 2 st 0 gl 0 hp 16 frg 0
ARGEVT Carmack hazard
ARGUS routecache adopt
ARGEVT Joe Rogan route 5 start '593.0 -215.0 -296.0' goal ' 49.0 105.0 -296.0'
ARGLOG Joe Rogan t  35.9 pos '600.1 -200.8 -296.0' spd 264.7 yaw  95.7 mode 0 st 0 gl 0 hp 36 frg 1
ARGLOG Carmack t  36.0 pos '612.7  19.8 -296.0' spd 344.2 yaw 272.8 mode 2 st 0 gl 3 hp 132 frg -1
ARGEVT Joe Rogan hazard
ARGLOG Romero t  36.1 pos '469.8 -255.0 -104.0' spd 320.1 yaw  93.0 mode 2 st 0 gl 0 hp 16 frg 0
ARGUS routecache adopt
ARGEVT Joe Rogan route 5 start '593.0 -215.0 -296.0' goal ' 49.0 105.0 -296.0'
ARGLOG Joe Rogan t  36.4 pos '560.1 -256.6 -296.0' spd 185.0 yaw  82.4 mode 2 st 0 gl 0 hp 34 frg 1
ARGLOG Carmack t  36.5 pos '590.1  39.3 -296.0' spd 326.4 yaw 269.8 mode 2 st 0 gl 3 hp 132 frg -1
ARGLOG Romero t  36.6 pos '501.5 -85.2 -104.0' spd 387.1 yaw 126.6 mode 2 st 0 gl 0 hp 16 frg 0
ARGEVT Romero hazard
ARGUS routecache adopt
ARGEVT Joe Rogan route 5 start '593.0 -215.0 -296.0' goal ' 49.0 105.0 -296.0'
ARGLOG Joe Rogan t  37.0 pos '591.0 -237.6 -296.0' spd 328.6 yaw  81.0 mode 0 st 0 gl 0 hp 26 frg 1
ARGLOG Carmack t  37.0 pos '654.1  51.9 -296.0' spd 400.4 yaw 254.1 mode 2 st 0 gl 3 hp 115 frg -1
ARGLOG Romero t  37.1 pos '569.3  -2.7 -104.0' spd 125.7 yaw 320.9 mode 2 st 0 gl 0 hp 16 frg 0
ARGUS routecache adopt
ARGEVT Joe Rogan route 4 start '497.0 -247.0 -296.0' goal ' 49.0 105.0 -296.0'
ARGEVT Carmack pursue
ARGLOG Joe Rogan t  37.5 pos '545.4 -236.7 -296.0' spd 324.9 yaw 311.4 mode 2 st 0 gl 0 hp 26 frg 1
ARGEVT Joe Rogan pursue
ARGEVT Romero jump
ARGLOG Carmack t  37.5 pos '623.2  60.7 -296.0' spd 360.0 yaw 263.9 mode 2 st 0 gl 3 hp 115 frg -1
ARGEVT Joe Rogan retreat
ARGLOG Romero t  37.6 pos '610.7 -160.7 -82.5' spd 326.2 yaw 229.0 mode 2 st 0 gl 0 hp 16 frg 0
ARGEVT Carmack hazard
ARGLOG Joe Rogan t  38.0 pos '483.2 -232.7 -296.0' spd 320.8 yaw  62.4 mode 2 st 0 gl 0 hp 15 frg 1
ARGEVT Joe Rogan hazard
ARGEVT Carmack pursue
ARGLOG Carmack t  38.0 pos '643.7  -4.0 -296.0' spd 338.4 yaw 251.3 mode 2 st 0 gl 3 hp 114 frg -1
ARGEVT Joe Rogan pursue
ARGLOG Romero t  38.2 pos '626.0 -328.6 -103.1' spd 326.2 yaw  12.5 mode 2 st 0 gl 0 hp 16 frg 0
ARGEVT Romero hazard
ARGLOG Joe Rogan t  38.5 pos '336.1 -175.9 -296.0' spd 354.1 yaw  72.1 mode 2 st 0 gl 0 hp 15 frg 1
ARGLOG Carmack t  38.6 pos '626.8 -168.6 -296.0' spd 322.3 yaw 241 mode 2 st 0 gl 3 hp 114 frg -1
ARGLOG Romero t  38.7 pos '638.0 -272.0 -104.0' spd 306.6 yaw 7 mode 2 st 0 gl 0 hp 16 frg 0
ARGEVT Carmack abandon
ARGEVT Carmack goal weapon_lightning
ARGEVT Carmack jump
ARGEVT Carmack route 8 start '593.0 -215.0 -296.0' goal '529.0 -311.0 -104.0'
ARGLOG Joe Rogan t  39.0 pos '396.4  -8.2 -296.0' spd 334.8 yaw 319.8 mode 2 st 0 gl 0 hp 15 frg 1
ARGEVT Joe Rogan hazard
ARGLOG Carmack t  39.1 pos '530.1 -272.0 -261.5' spd 206.7 yaw 146.4 mode 2 st 0 gl 3 hp 113 frg -1
ARGLOG Romero t  39.2 pos '601.4 -120.1 -104.0' spd 430.9 yaw 339.2 mode 2 st 0 gl 0 hp 16 frg 0
ARGEVT Romero jump
ARGEVT Carmack grab weapon_lightning
ARGEVT Joe Rogan death Carmack pos '386.5 -56.9 -296.0'
ARGEVT Carmack goal weapon_lightning
ARGEVT Carmack route 9 start '497.0 -247.0 -296.0' goal '529.0 -311.0 -104.0'
ARGLOG Carmack t  39.6 pos '489.0 -232.1 -296.0' spd 222.9 yaw 340 mode 2 st 0 gl 3 hp 113 frg 0
ARGLOG Romero t  39.7 pos '623.5 -128.4 -74.1' spd  39.3 yaw 224 mode 2 st 0 gl 0 hp 16 frg 0
ARGEVT Romero jump
ARGLOG Carmack t  40.1 pos '634.0 -154.7 -296.0' spd 409.0 yaw 131.8 mode 2 st 0 gl 3 hp 112 frg 0
ARGLOG Romero t  40.2 pos '558.2 -200.8 -75.0' spd 320.2 yaw 221 mode 2 st 0 gl 0 hp 16 frg 0
ARGEVT Carmack hazard
ARGEVT Carmack goal weapon_rocketlauncher
ARGLOG Carmack t  40.6 pos '592.0 -48.7 -296.0' spd 250.3 yaw 256 mode 0 st 0 gl 3 hp 112 frg 0
ARGEVT Carmack route 6 start '593.0 -87.0 -296.0' goal ' 49.0 105.0 -296.0'
ARGLOG Romero t  40.7 pos '459.7 -326.1 -104.0' spd 311.8 yaw 12 mode 2 st 0 gl 0 hp 16 frg 0
ARGEVT Joe Rogan respawn
ARGEVT Joe Rogan goal weapon_rocketlauncher
ARGLOG Joe Rogan t  40.9 pos '112.0 -1136.0 -104.0' spd 0 yaw  28.4 mode 0 st 0 gl 0 hp 100 frg 1
ARGEVT Joe Rogan route 16 start ' 81.0 -1079.0 -104.0' goal '721.0 -887.0 -232.0'
ARGLOG Carmack t  41.1 pos '589.8 -218.9 -296.0' spd 348.8 yaw 235 mode 0 st 0 gl 3 hp 111 frg 0
ARGLOG Romero t  41.2 pos '580.4 -246.0 -104.0' spd 414.0 yaw 145.9 mode 2 st 0 gl 0 hp 16 frg 0
ARGEVT Carmack route 5 start '593.0 -215.0 -296.0' goal ' 49.0 105.0 -296.0'
ARGEVT Joe Rogan hazard
ARGLOG Joe Rogan t  41.5 pos '261.8 -1104.0 -104.0' spd 321.8 yaw 231 mode 2 st 0 gl 0 hp 100 frg 1
ARGEVT Joe Rogan engage Romero
ARGEVT Romero engage Joe Rogan
ARGEVT Romero weapon sg
ARGEVT Joe Rogan grab weapon_supershotgun
ARGLOG Carmack t  41.7 pos '447.4 -272.0 -296.0' spd 319.2 yaw 176 mode 2 st 0 gl 3 hp 110 frg 0
ARGLOG Romero t  41.8 pos '462.8 -188.9 -104.0' spd 166.4 yaw 254.2 mode 2 st 0 gl 0 hp 16 frg 0
ARGEVT Carmack hazard
ARGLOG Joe Rogan t  42.0 pos '272.0 -1042.6 -104.0' spd 227.3 yaw  70.1 mode 2 st 0 gl 0 hp 100 frg 1
ARGEVT Joe Rogan pursue
ARGEVT Romero pursue
ARGLOG Carmack t  42.2 pos '285.3 -271.7 -296.0' spd 205.0 yaw 313.8 mode 2 st 0 gl 3 hp 110 frg 0
ARGEVT Romero jump
ARGLOG Romero t  42.3 pos '604.3 -149.1 -92.3' spd 195.1 yaw 250 mode 2 st 0 gl 0 hp 16 frg 0
ARGEVT Romero abandon
ARGEVT Romero goal item_health
ARGLOG Joe Rogan t  42.5 pos '336.4 -893.5 -104.0' spd 320.7 yaw 79 mode 0 st 0 gl 0 hp 100 frg 1
ARGEVT Joe Rogan route 17 start '273.0 -887.0 -104.0' goal '721.0 -887.0 -232.0'
ARGLOG Carmack t  42.7 pos '401.1 -230.0 -296.0' spd 320.6 yaw  44.6 mode 0 st 0 gl 3 hp 109 frg 0
ARGEVT Romero route 8 start '529.0 -183.0 -104.0' goal '497.0 -471.0  24.0'
ARGLOG Romero t  42.8 pos '624.0 -199.4 -90.9' spd  98.1 yaw 248 mode 2 st 0 gl 0 hp 16 frg 0
ARGEVT Carmack route 4 start '401.0 -183.0 -296.0' goal ' 49.0 105.0 -296.0'
ARGLOG Joe Rogan t  43.0 pos '368.0 -732.0 -104.0' spd 322.7 yaw 80 mode 0 st 0 gl 0 hp 100 frg 1
ARGEVT Joe Rogan route 18 start '401.0 -759.0 -104.0' goal '721.0 -887.0 -232.0'
ARGLOG Carmack t  43.2 pos '384.2 -60.3 -296.0' spd 382.4 yaw 207 mode 2 st 0 gl 3 hp 109 frg 0
ARGLOG Romero t  43.3 pos '581.3 -329.9 -104.0' spd 320.1 yaw 247 mode 2 st 0 gl 0 hp 16 frg 0
ARGEVT Carmack hazard
ARGLOG Joe Rogan t  43.5 pos '368.0 -565.0 -104.0' spd 325.6 yaw 75 mode 2 st 0 gl 0 hp 100 frg 1
ARGEVT Romero jump
ARGEVT Carmack engage Joe Rogan
ARGLOG Carmack t  43.7 pos '375.7 -23.3 -296.0' spd 322.1 yaw 269.5 mode 2 st 0 gl 3 hp 108 frg 0
ARGEVT Romero route 9 start '497.0 -407.0 -104.0' goal '497.0 -471.0  24.0'
ARGEVT Romero weapon lg
ARGLOG Romero t  43.8 pos '518.7 -432.0 -66.2' spd 123.3 yaw 202.6 mode 2 st 0 gl 0 hp 16 frg 0
ARGEVT Romero death Joe Rogan pos '521.6 -430.3 -66.1'
ARGEVT Joe Rogan engage Carmack
ARGEVT Joe Rogan hazard
ARGEVT Joe Rogan goal 
ARGLOG Joe Rogan t  44.0 pos '356.6 -415.2 -104.0' spd 395.5 yaw  74.5 mode 1 st 0 gl 0 hp 70 frg 2
ARGLOG Carmack t  44.2 pos '373.9 -104.2 -296.0' spd 166.4 yaw 227.1 mode 2 st 0 gl 3 hp 108 frg 0
ARGEVT Joe Rogan grab weapon_grenadelauncher
ARGEVT Carmack hazard
ARGLOG Joe Rogan t  44.5 pos '239.8 -410.1 -104.0' spd 320.1 yaw  57.8 mode 1 st 0 gl 0 hp 70 frg 2
ARGLOG Carmack t  44.8 pos '347.4 -140.2 -296.0' spd  98.5 yaw 228.4 mode 2 st 0 gl 3 hp 94 frg 0
ARGLOG Joe Rogan t  45.1 pos '128.8 -405.5 -104.0' spd 320.4 yaw  83.8 mode 1 st 0 gl 0 hp 70 frg 2
ARGLOG Carmack t  45.3 pos '365.5 -125.3 -296.0' spd 286.0 yaw 256.5 mode 2 st 0 gl 3 hp 94 frg 0
ARGEVT Romero respawn
ARGEVT Romero goal weapon_rocketlauncher
ARGLOG Romero t  45.5 pos '776.0 -808.0 -232.0' spd 0 yaw 106.3 mode 1 st 0 gl 0 hp 100 frg 0
ARGLOG Joe Rogan t  45.6 pos '224.5 -432.0 -104.0' spd 296.8 yaw  57.6 mode 1 st 0 gl 0 hp 70 frg 2
ARGLOG Carmack t  45.8 pos '367.2 -136.1 -296.0' spd  70.0 yaw 282.1 mode 2 st 0 gl 3 hp 94 frg 0
ARGEVT Romero hazard
ARGEVT Joe Rogan grab 
ARGLOG Romero t  46.0 pos '720.0 -797.3 -232.0' spd 325.3 yaw 237.5 mode 1 st 0 gl 0 hp 100 frg 0
ARGLOG Joe Rogan t  46.1 pos '390.1 -444.7 -104.0' spd 320.8 yaw  95.3 mode 1 st 0 gl 0 hp 70 frg 2
ARGEVT Carmack hazard
ARGLOG Carmack t  46.3 pos '337.4 -207.4 -296.0' spd 320.0 yaw 302.8 mode 2 st 0 gl 3 hp 94 frg 0
ARGEVT Romero goal 
ARGEVT Romero route 5 start '721.0 -887.0 -232.0' goal '593.0 -439.0 -120.0'
ARGEVT Romero engage Carmack
ARGEVT Joe Rogan pursue
ARGLOG Romero t  46.6 pos '368.0   9.8 -273.6' spd 300 yaw 295.2 mode 0 st 0 gl 1 hp 100 frg 0
ARGEVT Carmack pursue
ARGEVT Romero route 4 start '337.0   9.0 -296.0' goal '593.0 -439.0 -120.0'
ARGLOG Joe Rogan t  46.6 pos '427.1 -418.2 -104.0' spd 293.1 yaw 102 mode 1 st 0 gl 0 hp 70 frg 2
ARGEVT Carmack route 5 start '401.0 -247.0 -296.0' goal ' 49.0 105.0 -296.0'
ARGEVT Joe Rogan hazard
ARGLOG Carmack t  46.8 pos '427.1 -246.1 -296.0' spd 319.8 yaw 155.6 mode 2 st 0 gl 3 hp 94 frg 0
ARGEVT Romero hazard
ARGLOG Romero t  47.1 pos '358.2 -118.5 -296.0' spd 351.5 yaw 330.9 mode 2 st 0 gl 1 hp 93 frg 0
ARGLOG Joe Rogan t  47.1 pos '477.5 -417.5 -104.0' spd 321.4 yaw  33.8 mode 1 st 0 gl 0 hp 70 frg 2
ARGEVT Joe Rogan pursue
ARGEVT Joe Rogan goal weapon_supernailgun
ARGLOG Carmack t  47.3 pos '594.7 -272.0 -296.0' spd 304.4 yaw 288.1 mode 0 st 0 gl 3 hp 94 frg 0
ARGEVT Carmack hazard
ARGEVT Romero goal item_health
ARGEVT Joe Rogan routefail
ARGEVT Carmack pursue
ARGEVT Joe Rogan goal weapon_rocketlauncher
ARGEVT Romero abandon
ARGEVT Romero goal item_health
ARGEVT Romero abandon
ARGLOG Romero t  47.6 pos '246.2 -48.0 -213.2' spd 442.1 yaw 276.5 mode 0 st 0 gl 1 hp 71 frg 0
ARGEVT Joe Rogan route 6 start '625.0 -343.0 -104.0' goal ' 49.0 105.0 -296.0'
ARGLOG Joe Rogan t  47.6 pos '560.4 -295.4 -104.0' spd 404.0 yaw 159 mode 2 st 0 gl 1 hp 70 frg 2
ARGEVT Carmack route 5 start '593.0 -215.0 -296.0' goal ' 49.0 105.0 -296.0'
ARGEVT Romero goal item_health
ARGEVT Romero routefail
ARGLOG Carmack t  47.8 pos '554.4 -270.8 -296.0' spd 320.2 yaw 182 mode 2 st 0 gl 3 hp 94 frg 0
ARGEVT Joe Rogan hazard
ARGEVT Romero goal 
ARGEVT Romero route 2 start '145.0 -183.0 -296.0' goal '241.0 -215.0 -440.0'
ARGLOG Romero t  48.1 pos '112.0 -141.8 -245.2' spd 156.9 yaw 332.1 mode 2 st 0 gl 1 hp 71 frg 0
ARGLOG Joe Rogan t  48.1 pos '387.8 -245.0 -110.2' spd 258.8 yaw 284.2 mode 2 st 0 gl 1 hp 70 frg 2
ARGEVT Carmack retreat
ARGLOG Carmack t  48.4 pos '463.5 -208.0 -224.0' spd 181.4 yaw 193.3 mode 2 st 0 gl 3 hp 3 frg 0
ARGEVT Carmack weapon sg
ARGEVT Romero swim
ARGEVT Carmack death Joe Rogan pos '491.5 -208.0 -236.7'
ARGEVT Joe Rogan goal weapon_rocketlauncher
ARGEVT Joe Rogan route 3 start '241.0 -279.0 -296.0' goal ' 49.0 105.0 -296.0'
ARGLOG Romero t  48.6 pos '116.9 -176.0 -392.7' spd  60.2 yaw 325.6 mode 2 st 0 gl 1 hp 65 frg 0
ARGLOG Joe Rogan t  48.7 pos '282.7 -229.3 -256.3' spd 260.6 yaw  28.8 mode 2 st 0 gl 1 hp 52 frg 3
ARGEVT Joe Rogan engage Romero
ARGEVT Joe Rogan grab 
ARGEVT Romero engage Joe Rogan
ARGEVT Romero weapon sg
ARGEVT Romero weapon rl
ARGLOG Romero t  49.1 pos '170.3 -176.0 -388.2' spd  50.6 yaw 352.1 mode 2 st 0 gl 1 hp 53 frg 0
ARGLOG Joe Rogan t  49.2 pos '405.1 -202.1 -296.0' spd 320.1 yaw 177.2 mode 0 st 0 gl 1 hp 52 frg 3
ARGEVT Joe Rogan route 4 start '401.0 -183.0 -296.0' goal ' 49.0 105.0 -296.0'
ARGEVT Romero retreat
ARGLOG Romero t  49.6 pos '180.1 -176.0 -383.8' spd  55.7 yaw 355.9 mode 2 st 0 gl 1 hp 28 frg 0
ARGLOG Joe Rogan t  49.7 pos '432.0 -205.4 -296.0' spd   2.8 yaw 170.8 mode 2 st 0 gl 1 hp 52 frg 3
ARGEVT Romero swim
ARGEVT Romero death world pos '153.5 -176.0 -383.7'
ARGEVT Joe Rogan hazard
ARGEVT Carmack respawn
ARGEVT Carmack goal 
ARGLOG Carmack t  50.1 pos '784.0 -176.0  24.0' spd 0 yaw 190 mode 0 st 0 gl 3 hp 100 frg 0
ARGEVT Carmack route 4 start '753.0 -151.0  24.0' goal '145.0 -183.0 -296.0'
ARGLOG Joe Rogan t  50.2 pos '432.0 -201.4 -296.0' spd  11.6 yaw  97.9 mode 2 st 0 gl 1 hp 52 frg 3
ARGLOG Carmack t  50.6 pos '630.8 -203.2  24.0' spd 320.0 yaw 189 mode 2 st 0 gl 3 hp 100 frg 0
ARGEVT Carmack engage Joe Rogan
ARGEVT Joe Rogan engage Carmack
ARGLOG Joe Rogan t  50.7 pos '311.3 -202.4 -296.0' spd 320.3 yaw 228.0 mode 2 st 0 gl 1 hp 52 frg 3
ARGEVT Carmack grab item_armor1
ARGLOG Carmack t  51.1 pos '456.1 -167.8 -20.8' spd 282.2 yaw 188.4 mode 2 st 0 gl 3 hp 70 frg 0
ARGEVT Joe Rogan grab 
ARGLOG Joe Rogan t  51.2 pos '251.2 -214.2 -296.0' spd  91.4 yaw  20.9 mode 2 st 0 gl 1 hp 52 frg 3
ARGEVT Joe Rogan hazard
ARGEVT Carmack retreat
ARGEVT Romero respawn
ARGEVT Carmack death Joe Rogan pos '451.2 -48.0 -41.8'
ARGEVT Romero goal weapon_rocketlauncher
ARGLOG Romero t  51.5 pos '-64.0 512.0 -296.0' spd 0 yaw 286.3 mode 0 st 0 gl 1 hp 100 frg -1
ARGEVT Romero route 4 start '-15.0 553.0 -296.0' goal ' 49.0 105.0 -296.0'
ARGEVT Joe Rogan goal 
ARGEVT Joe Rogan route 2 start '369.0 -279.0 -296.0' goal '241.0 -87.0 -440.0'
ARGLOG Joe Rogan t  51.8 pos '355.7 -272.1 -296.0' spd 362.5 yaw 323.9 mode 2 st 0 gl 1 hp 52 frg 4
ARGEVT Romero hazard
ARGLOG Romero t  52.0 pos ' 30.4 410.2 -296.0' spd 220.8 yaw 241 mode 2 st 0 gl 1 hp 100 frg -1
ARGLOG Joe Rogan t  52.3 pos '461.3 -233.4 -296.0' spd 337.0 yaw 146 mode 2 st 0 gl 1 hp 52 frg 4
ARGLOG Romero t  52.5 pos ' 95.9 381.0 -296.0' spd 191.5 yaw 230 mode 2 st 0 gl 1 hp 100 frg -1
ARGLOG Joe Rogan t  52.8 pos '341.4 -208.6 -296.0' spd 385.5 yaw  92.4 mode 2 st 0 gl 1 hp 52 frg 4
ARGEVT Joe Rogan hazard
ARGEVT Romero hazard
ARGEVT Carmack respawn
ARGLOG Romero t  53.0 pos '  0.2 432.2 -296.0' spd 320.9 yaw 247 mode 2 st 0 gl 1 hp 100 frg -1
ARGEVT Carmack plan powerup via weapon
ARGEVT Carmack goal weapon_rocketlauncher
ARGLOG Carmack t  53.0 pos '-64.0 -232.0 -72.0' spd 0 yaw 359 mode 0 st 0 gl 3 hp 100 frg 0
ARGEVT Carmack route 9 start '-47.0 -215.0 -72.0' goal ' 49.0 105.0 -296.0'
ARGLOG Joe Rogan t  53.3 pos '380.8 -152.6 -296.0' spd 330.5 yaw 154 mode 2 st 0 gl 1 hp 52 frg 4
ARGLOG Romero t  53.6 pos '-133.6 404.1 -296.0' spd 206.4 yaw 269 mode 2 st 0 gl 1 hp 100 frg -1
ARGLOG Carmack t  53.6 pos ' 90.8 -232.9 -72.0' spd 320.0 yaw 358 mode 2 st 0 gl 3 hp 100 frg 0
ARGEVT Carmack engage Joe Rogan
ARGEVT Joe Rogan engage Carmack
ARGLOG Joe Rogan t  53.8 pos '349.6   2.8 -296.0' spd 324.1 yaw 236.3 mode 2 st 0 gl 1 hp 52 frg 4
ARGEVT Carmack jump
ARGEVT Carmack route 9 start '145.0 -279.0 -56.0' goal ' 49.0 105.0 -296.0'
ARGEVT Romero hazard
ARGLOG Romero t  54.1 pos '-233.9 384.5 -296.0' spd 276.5 yaw 289 mode 2 st 0 gl 1 hp 100 frg -1
ARGLOG Carmack t  54.1 pos '251.1 -277.2 -37.6' spd 320.1 yaw  67.7 mode 2 st 0 gl 3 hp 100 frg 0
ARGEVT Joe Rogan retreat
ARGLOG Joe Rogan t  54.3 pos '381.2  46.2 -288.0' spd 320.6 yaw 256.3 mode 2 st 0 gl 1 hp 28 frg 4
ARGEVT Joe Rogan weapon gl
ARGEVT Joe Rogan hazard
ARGLOG Romero t  54.6 pos '-129.5 428.0 -296.0' spd 220.0 yaw 268 mode 2 st 0 gl 1 hp 100 frg -1
ARGLOG Carmack t  54.6 pos '379.4 -423.9 -36.1' spd 398.0 yaw  93.5 mode 2 st 0 gl 3 hp 70 frg 0
ARGEVT Carmack grab item_health
ARGLOG Joe Rogan t  54.9 pos '357.0 108.5 -288.0' spd 163.4 yaw 276.7 mode 2 st 0 gl 1 hp 24 frg 4
ARGEVT Carmack hazard
ARGLOG Romero t  55.1 pos '-62.6 297.4 -296.0' spd 320.0 yaw 301 mode 2 st 0 gl 1 hp 100 frg -1
ARGEVT Romero hazard
ARGLOG Carmack t  55.1 pos '457.8 -429.6 -104.0' spd 323.2 yaw 102.6 mode 0 st 0 gl 3 hp 70 frg 0
ARGEVT Joe Rogan weapon ssg
ARGLOG Joe Rogan t  55.4 pos '352.9 111.2 -288.0' spd 180.9 yaw 278.9 mode 2 st 0 gl 1 hp 8 frg 4
ARGEVT Carmack route 6 start '497.0 -407.0 -104.0' goal ' 49.0 105.0 -296.0'
ARGEVT Joe Rogan retreat
ARGEVT Joe Rogan retreat
ARGEVT Joe Rogan retreat
ARGLOG Romero t  55.6 pos '-44.2 146.9 -296.0' spd 320 yaw 325.6 mode 1 st 0 gl 1 hp 100 frg -1
ARGLOG Carmack t  55.6 pos '492.0 -415.2 -104.0' spd  82.9 yaw 102.2 mode 2 st 0 gl 3 hp 70 frg 0
ARGEVT Carmack pursue
ARGEVT Joe Rogan pursue
ARGLOG Joe Rogan t  55.9 pos '358.5 -24.0 -296.0' spd 348.9 yaw 288 mode 2 st 0 gl 1 hp 8 frg 4
ARGEVT Carmack goal item_artifact_super_damage
ARGEVT Romero goal item_artifact_super_damage
ARGEVT Carmack routefail
ARGLOG Romero t  56.1 pos '103.3  70.7 -296.0' spd 320.9 yaw   3.3 mode 0 st 0 gl 2 hp 100 frg -1
ARGEVT Romero hazard
ARGEVT Carmack goal 
ARGLOG Carmack t  56.1 pos '477.7 -276.4 -104.0' spd 320.4 yaw 109 mode 1 st 0 gl 3 hp 70 frg 0
ARGEVT Joe Rogan hazard
ARGEVT Romero route 6 start ' 49.0 105.0 -296.0' goal '177.0  73.0 -104.0'
ARGEVT Joe Rogan weapon lg
ARGEVT Carmack grab 
ARGEVT Joe Rogan death Carmack pos '400.5 -138.5 -296.0'
ARGEVT Carmack goal 
ARGEVT Carmack route 1 start '529.0 -183.0 -104.0' goal '401.0 -183.0 -296.0'
ARGLOG Romero t  56.7 pos ' 98.8 123.0 -296.0' spd 321.6 yaw 238 mode 2 st 0 gl 2 hp 100 frg -1
ARGLOG Carmack t  56.7 pos '497.0 -210.8 -104.0' spd 340.6 yaw 235.4 mode 2 st 0 gl 3 hp 70 frg 1
ARGEVT Carmack hazard
ARGLOG Romero t  57.2 pos '-15.7  48.0 -296.0' spd 348.9 yaw 253 mode 2 st 0 gl 2 hp 100 frg -1
ARGLOG Carmack t  57.2 pos '328.0 -283.5 -135.7' spd 371.7 yaw  70.9 mode 2 st 0 gl 3 hp 70 frg 1
ARGLOG Romero t  57.7 pos '-16.0 -116.6 -296.0' spd 320.3 yaw 338 mode 2 st 0 gl 2 hp 100 frg -1
ARGEVT Romero hazard
ARGLOG Carmack t  57.7 pos '259.6 -133.3 -359.6' spd 348.6 yaw 341 mode 2 st 0 gl 3 hp 70 frg 1
ARGEVT Carmack swim
ARGEVT Joe Rogan respawn
ARGEVT Joe Rogan goal 
ARGLOG Joe Rogan t  57.9 pos '272.0 -952.0  24.0' spd 0 yaw  16.6 mode 0 st 0 gl 1 hp 100 frg 4
ARGEVT Joe Rogan route 8 start '305.0 -983.0  24.0' goal '241.0 -87.0 -440.0'
ARGEVT Carmack engage Romero
ARGEVT Carmack grab 
ARGEVT Carmack retreat
ARGEVT Romero engage Carmack
ARGLOG Romero t  58.2 pos '-11.4 -260.6 -296.0' spd 217.2 yaw  38.2 mode 2 st 0 gl 2 hp 100 frg -1
ARGLOG Carmack t  58.2 pos '304.0 -80.2 -389.2' spd  42.2 yaw 224.7 mode 1 st 0 gl 3 hp 10 frg 1
ARGEVT Carmack death world pos '304.0 -80.2 -389.2'
ARGLOG Joe Rogan t  58.5 pos '409.0 -871.2  24.0' spd 354.7 yaw 85 mode 2 st 0 gl 1 hp 100 frg 4
ARGLOG Romero t  58.7 pos ' 65.9 -208.0 -296.0' spd 321.8 yaw 68 mode 2 st 0 gl 2 hp 100 frg -1
ARGEVT Romero hazard
ARGEVT Joe Rogan hazard
ARGLOG Joe Rogan t  59.0 pos '486.5 -768.9  24.0' spd 332.5 yaw 81 mode 2 st 0 gl 1 hp 100 frg 4
ARGLOG Romero t  59.2 pos '221.8 -229.9 -296.0' spd 362.3 yaw 4 mode 2 st 0 gl 2 hp 100 frg -1
ARGEVT Romero rjump
ARGLOG Joe Rogan t  59.5 pos '624.0  80.7 -271.1' spd 300 yaw 296.0 mode 0 st 0 gl 1 hp 100 frg 4
ARGUS routecache adopt
ARGEVT Joe Rogan route 4 start '625.0   9.0 -296.0' goal '241.0 -87.0 -440.0'
ARGLOG Romero t  59.8 pos '432.0 -156.1 -129.4' spd 341.4 yaw 135 mode 0 st 0 gl 2 hp 51 frg -1
ARGEVT Carmack respawn
ARGEVT Carmack goal 
ARGLOG Carmack t  59.8 pos '112.0 -1136.0 -104.0' spd 0 yaw  61.3 mode 0 st 0 gl 3 hp 100 frg 0
ARGEVT Romero routefail
ARGEVT Romero goal item_health
ARGLOG Joe Rogan t  60.0 pos '592.3 -77.9 -296.0' spd 320.0 yaw 241 mode 2 st 0 gl 1 hp 100 frg 4
ARGEVT Romero route 8 start '433.0 -119.0 -104.0' goal '-15.0 553.0 -296.0'
ARGLOG Romero t  60.3 pos '379.4 -48.0 -127.4' spd 136.5 yaw 280 mode 2 st 0 gl 2 hp 51 frg -1
ARGEVT Carmack route 7 start '177.0 -983.0 -104.0' goal '305.0 -87.0 -296.0'
ARGLOG Carmack t  60.3 pos '156.1 -987.5 -104.0' spd 320.1 yaw 43 mode 2 st 0 gl 3 hp 100 frg 0
ARGLOG Joe Rogan t  60.5 pos '572.0 -244.9 -296.0' spd 378.0 yaw 187.4 mode 2 st 0 gl 1 hp 100 frg 4
ARGEVT Carmack goal item_armorInv
ARGEVT Joe Rogan engage Romero
ARGEVT Romero engage Joe Rogan
ARGEVT Carmack route 17 start '273.0 -887.0 -104.0' goal '817.0 -855.0 -232.0'
ARGLOG Romero t  60.8 pos '337.0 -57.3 -296.0' spd 181.3 yaw 318.4 mode 2 st 0 gl 2 hp 51 frg -1
ARGLOG Carmack t  60.8 pos '296.8 -898.3 -104.0' spd 335.2 yaw 236 mode 2 st 0 gl 3 hp 100 frg 0
ARGEVT Joe Rogan hazard
ARGLOG Joe Rogan t  61.0 pos '472.5 -219.2 -296.0' spd 327.5 yaw 116.2 mode 2 st 0 gl 1 hp 100 frg 4
ARGEVT Romero retreat
ARGLOG Romero t  61.3 pos '343.9  27.4 -288.0' spd 321.1 yaw 279.7 mode 2 st 0 gl 2 hp 27 frg -1
ARGEVT Carmack hazard
ARGLOG Carmack t  61.3 pos '350.2 -1025.3 -104.0' spd 430.9 yaw 215 mode 2 st 0 gl 3 hp 100 frg 0
ARGEVT Joe Rogan death Romero pos '336.8 -254.0 -296.0'
ARGEVT Romero hazard
ARGEVT Romero goal item_health
ARGEVT Romero route 8 start '337.0   9.0 -296.0' goal '-15.0 553.0 -296.0'
ARGLOG Romero t  61.8 pos '400.0 -26.5 -296.0' spd 325.5 yaw 286 mode 2 st 0 gl 2 hp 27 frg 0
ARGLOG Carmack t  61.9 pos '186.9 -989.9 -104.0' spd 320.4 yaw 244 mode 2 st 0 gl 3 hp 100 frg 0
ARGLOG Romero t  62.3 pos '386.1 -200.4 -296.0' spd 360.1 yaw 188 mode 2 st 0 gl 2 hp 27 frg 0
ARGLOG Carmack t  62.4 pos ' 85.6 -1067.9 -104.0' spd 321.5 yaw 304 mode 2 st 0 gl 3 hp 100 frg 0
ARGEVT Romero hazard
ARGEVT Carmack jump
ARGLOG Romero t  62.8 pos '270.4 -276.5 -296.0' spd  88.1 yaw 353.8 mode 2 st 0 gl 2 hp 27 frg 0
ARGLOG Carmack t  62.9 pos '146.0 -1230.6 -74.9' spd 364.3 yaw 57 mode 2 st 0 gl 3 hp 100 frg 0
ARGEVT Joe Rogan respawn
ARGEVT Joe Rogan goal item_armorInv
ARGLOG Joe Rogan t  63.0 pos '776.0 -808.0 -232.0' spd 0 yaw  73.4 mode 1 st 0 gl 1 hp 100 frg 4
ARGEVT Joe Rogan hazard
ARGEVT Romero route 8 start '401.0 -247.0 -296.0' goal '-15.0 553.0 -296.0'
ARGLOG Romero t  63.4 pos '403.8 -231.2 -296.0' spd 352.5 yaw 197 mode 2 st 0 gl 2 hp 27 frg 0
ARGLOG Carmack t  63.4 pos '263.8 -1222.1 -40.0' spd 320.0 yaw 80 mode 2 st 0 gl 3 hp 100 frg 0
ARGLOG Joe Rogan t  63.5 pos '817.2 -720.0 -216.0' spd   1.4 yaw  77.2 mode 1 st 0 gl 1 hp 100 frg 4
ARGEVT Romero hazard
ARGLOG Romero t  63.9 pos '356.7 -71.0 -296.0' spd 226.2 yaw 238.7 mode 2 st 0 gl 2 hp 27 frg 0
ARGLOG Carmack t  63.9 pos '367.2 -1093.4  24.0' spd 352.7 yaw 104 mode 2 st 0 gl 3 hp 100 frg 0
ARGLOG Joe Rogan t  64.0 pos '754.5 -630.7 -168.0' spd 320.1 yaw 138.3 mode 1 st 0 gl 1 hp 100 frg 4
ARGEVT Joe Rogan hazard
ARGLOG Romero t  64.4 pos '366.5 -214.7 -296.0' spd 413.6 yaw 186 mode 2 st 0 gl 2 hp 27 frg 0
ARGLOG Carmack t  64.4 pos '335.3 -929.2  24.0' spd 321.8 yaw 95 mode 2 st 0 gl 3 hp 100 frg 0
ARGLOG Joe Rogan t  64.6 pos '753.5 -603.7 -152.0' spd 327.4 yaw 287 mode 1 st 0 gl 1 hp 100 frg 4
ARGLOG Romero t  64.9 pos '216.2 -245.3 -296.0' spd 320.9 yaw 143 mode 2 st 0 gl 2 hp 27 frg 0
ARGLOG Carmack t  65.0 pos '311.8 -765.9  24.0' spd 320.4 yaw 71 mode 2 st 0 gl 3 hp 100 frg 0
ARGLOG Joe Rogan t  65.1 pos '783.2 -769.4 -232.0' spd 356.9 yaw 224.1 mode 1 st 0 gl 1 hp 100 frg 4
ARGEVT Joe Rogan hazard
ARGLOG Romero t  65.4 pos ' 51.7 -244.4 -296.0' spd 320.1 yaw 102 mode 2 st 0 gl 2 hp 27 frg 0
ARGLOG Carmack t  65.5 pos '332.4 -601.1  24.0' spd 326.9 yaw 48 mode 2 st 0 gl 3 hp 100 frg 0
ARGLOG Joe Rogan t  65.6 pos '368.0  40.7 -263.1' spd 300 yaw 312.3 mode 1 st 0 gl 1 hp 100 frg 4
ARGEVT Joe Rogan engage Carmack
ARGEVT Carmack engage Joe Rogan
ARGLOG Romero t  65.9 pos '-77.4 -135.8 -296.0' spd 336.0 yaw 84 mode 2 st 0 gl 2 hp 27 frg 0
ARGLOG Carmack t  66.0 pos '419.8 -458.8  24.0' spd 345.1 yaw  97.8 mode 2 st 0 gl 3 hp 100 frg 0
ARGLOG Joe Rogan t  66.1 pos '372.6 -101.7 -296.0' spd 210.9 yaw 279.9 mode 1 st 0 gl 1 hp 100 frg 4
ARGEVT Romero hazard
ARGLOG Romero t  66.5 pos '-30.3  24.4 -296.0' spd 335.8 yaw 93 mode 2 st 0 gl 2 hp 27 frg 0
ARGEVT Carmack hazard
ARGLOG Carmack t  66.5 pos '554.0 -372.2  24.0' spd 324.8 yaw 123.6 mode 2 st 0 gl 3 hp 100 frg 0
ARGLOG Joe Rogan t  66.6 pos '382.1 -105.8 -296.0' spd 314.0 yaw 308.0 mode 1 st 0 gl 1 hp 96 frg 4
ARGEVT Joe Rogan pursue
ARGEVT Carmack pursue
ARGEVT Joe Rogan hazard
ARGLOG Romero t  67.0 pos '102.9 123.5 -296.0' spd 376.7 yaw 126 mode 2 st 0 gl 2 hp 27 frg 0
ARGLOG Carmack t  67.0 pos '538.8 -202.5  25.3' spd 344.6 yaw 159 mode 2 st 0 gl 3 hp 100 frg 0
ARGLOG Joe Rogan t  67.1 pos '399.3 -226.4 -296.0' spd 320.6 yaw 268.7 mode 1 st 0 gl 1 hp 96 frg 4
ARGLOG Romero t  67.5 pos ' 15.8  53.0 -296.0' spd 329.8 yaw 102 mode 2 st 0 gl 2 hp 27 frg 0
ARGLOG Carmack t  67.5 pos '405.1 -100.1 -79.7' spd 329.3 yaw 285.8 mode 2 st 0 gl 3 hp 100 frg 0
ARGEVT Joe Rogan pursue
ARGLOG Joe Rogan t  67.6 pos '543.6 -252.2 -296.0' spd 356.0 yaw 117 mode 1 st 0 gl 1 hp 96 frg 4
ARGEVT Carmack grab 
ARGLOG Romero t  68.0 pos '-119.8 137.3 -296.0' spd 363.2 yaw 69 mode 2 st 0 gl 2 hp 27 frg 0
ARGEVT Carmack hazard
ARGLOG Carmack t  68.1 pos '349.8 -239.7 -296.0' spd 355.8 yaw   1.1 mode 2 st 0 gl 3 hp 71 frg 0
ARGLOG Joe Rogan t  68.2 pos '478.5 -231.3 -296.0' spd 272.9 yaw 198.4 mode 1 st 0 gl 1 hp 72 frg 4
ARGEVT Joe Rogan hazard
ARGEVT Romero hazard
ARGEVT Carmack route 17 start '241.0 -279.0 -296.0' goal '817.0 -855.0 -232.0'
ARGLOG Romero t  68.5 pos '-101.8 311.9 -296.0' spd 406.4 yaw  10.4 mode 2 st 0 gl 2 hp 27 frg 0
ARGLOG Carmack t  68.6 pos '272.8 -225.1 -296.0' spd 333.4 yaw   1.2 mode 2 st 0 gl 3 hp 71 frg 0
ARGLOG Joe Rogan t  68.7 pos '457.9 -237.7 -296.0' spd 263.5 yaw 175.7 mode 1 st 0 gl 1 hp 48 frg 4
ARGEVT Joe Rogan retreat
ARGLOG Romero t  69.0 pos '-21.1 453.6 -296.0' spd 349.6 yaw 91 mode 1 st 0 gl 2 hp 27 frg 0
ARGLOG Carmack t  69.1 pos '286.6 -239.3 -296.0' spd 165.2 yaw   5.5 mode 2 st 0 gl 3 hp 51 frg 0
ARGEVT Carmack hazard
ARGLOG Joe Rogan t  69.2 pos '543.1 -215.1 -296.0' spd 330.0 yaw 190.2 mode 1 st 0 gl 1 hp 24 frg 4
ARGEVT Romero hazard
ARGEVT Joe Rogan death Carmack pos '626.5 -210.4 -296.0'
ARGEVT Romero goal item_armorInv
ARGEVT Carmack goal weapon_lightning
ARGLOG Romero t  69.5 pos '  2.0 533.7 -296.0' spd 307.5 yaw 301 mode 0 st 0 gl 3 hp 127 frg 0
ARGEVT Romero route 22 start '-15.0 553.0 -296.0' goal '817.0 -855.0 -232.0'
ARGLOG Carmack t  69.6 pos '339.0 -270.5 -296.0' spd 320.7 yaw 349.9 mode 0 st 0 gl 3 hp 51 frg 1
ARGEVT Carmack route 10 start '369.0 -279.0 -296.0' goal '529.0 -311.0 -104.0'
ARGLOG Romero t  70.1 pos ' 57.9 405.2 -296.0' spd 180.5 yaw 243 mode 2 st 0 gl 3 hp 127 frg 0
ARGLOG Carmack t  70.1 pos '504.3 -236.9 -296.0' spd 323.7 yaw 59 mode 2 st 0 gl 3 hp 51 frg 1
ARGEVT Romero hazard
ARGLOG Romero t  70.6 pos ' 73.4 391.2 -296.0' spd 301.7 yaw 238 mode 2 st 0 gl 3 hp 127 frg 0
ARGLOG Carmack t  70.6 pos '629.2 -127.0 -296.0' spd 406.9 yaw 142.2 mode 2 st 0 gl 3 hp 51 frg 1
ARGEVT Carmack hazard
ARGEVT Joe Rogan respawn
ARGEVT Joe Rogan goal weapon_rocketlauncher
ARGLOG Joe Rogan t  71.0 pos '784.0 -176.0  24.0' spd 0 yaw 188 mode 0 st 0 gl 1 hp 100 frg 4
ARGEVT Joe Rogan route 5 start '753.0 -151.0  24.0' goal '721.0 -887.0 -232.0'
ARGLOG Romero t  71.1 pos '-73.0 439.6 -296.0' spd 184.2 yaw 275 mode 2 st 0 gl 3 hp 127 frg 0
ARGLOG Carmack t  71.1 pos '594.6  49.6 -296.0' spd 327.3 yaw  88.6 mode 2 st 0 gl 3 hp 51 frg 1
ARGLOG Joe Rogan t  71.5 pos '630.0 -198.3  24.0' spd 320.0 yaw 187 mode 2 st 0 gl 1 hp 100 frg 4
ARGLOG Romero t  71.6 pos '-49.5 321.9 -296.0' spd 321.7 yaw 271 mode 2 st 0 gl 3 hp 127 frg 0
ARGLOG Carmack t  71.7 pos '376.6 -831.0  24.0' spd 360.6 yaw 80 mode 2 st 0 gl 3 hp 51 frg 1
ARGLOG Joe Rogan t  72.0 pos '449.8 -222.0 -21.1' spd 320.0 yaw 236.3 mode 0 st 0 gl 1 hp 100 frg 4
ARGEVT Joe Rogan engage Carmack
ARGLOG Romero t  72.1 pos '-40.2 156.5 -296.0' spd 321.0 yaw 279 mode 2 st 0 gl 3 hp 127 frg 0
ARGEVT Carmack engage Joe Rogan
ARGEVT Joe Rogan route 6 start '561.0 -279.0  24.0' goal '721.0 -887.0 -232.0'
ARGEVT Joe Rogan grab weapon_lightning
ARGLOG Carmack t  72.2 pos '357.2 -661.3  24.0' spd 359.2 yaw  75.3 mode 2 st 0 gl 3 hp 51 frg 1
ARGLOG Joe Rogan t  72.5 pos '396.9 -249.0 -265.2' spd  47.3 yaw 197.3 mode 2 st 0 gl 1 hp 100 frg 4
ARGEVT Carmack pursue
ARGLOG Romero t  72.6 pos '-30.8  -9.7 -296.0' spd 321.5 yaw 282 mode 2 st 0 gl 3 hp 127 frg 0
ARGEVT Joe Rogan hazard
ARGLOG Carmack t  72.7 pos '352.4 -553.6  24.0' spd 320.3 yaw 78 mode 2 st 0 gl 3 hp 51 frg 1
ARGEVT Joe Rogan grab 
ARGLOG Joe Rogan t  73.1 pos '281.5 -249.7 -296.0' spd 345.5 yaw 293.6 mode 2 st 0 gl 1 hp 91 frg 4
ARGLOG Romero t  73.2 pos '-35.0 -184.9 -296.0' spd 376.6 yaw 325 mode 2 st 0 gl 3 hp 127 frg 0
ARGEVT Romero engage Joe Rogan
ARGLOG Carmack t  73.2 pos '301.9 -443.4  24.0' spd 328.4 yaw 104.7 mode 2 st 0 gl 3 hp 51 frg 1
ARGEVT Carmack retreat
ARGLOG Joe Rogan t  73.6 pos '302.0 -234.8 -296.0' spd 159.3 yaw 244.4 mode 2 st 0 gl 1 hp 91 frg 4
ARGLOG Romero t  73.7 pos ' 25.1 -253.4 -296.0' spd 292.9 yaw   7.8 mode 2 st 0 gl 3 hp 127 frg 0
ARGLOG Carmack t  73.7 pos '218.6 -506.7  24.0' spd 335.3 yaw  72.3 mode 2 st 0 gl 3 hp 27 frg 1
ARGEVT Carmack hazard
ARGEVT Joe Rogan death Romero pos '310.7 -239.1 -296.0'
ARGEVT Romero engage Carmack
ARGEVT Carmack engage Romero
ARGEVT Carmack retreat
ARGEVT Romero hazard
ARGEVT Romero goal item_armorInv
ARGLOG Romero t  74.2 pos ' 72.7 -246.2 -296.0' spd 242.7 yaw 309.1 mode 0 st 0 gl 3 hp 127 frg 1
ARGEVT Romero grab 
ARGLOG Carmack t  74.2 pos '298.6 -498.1  24.0' spd 328.0 yaw 133.6 mode 2 st 0 gl 3 hp 27 frg 1
ARGEVT Romero route 17 start '113.0 -279.0 -296.0' goal '817.0 -855.0 -232.0'
ARGEVT Carmack pursue
ARGLOG Romero t  74.7 pos '214.8 -275.7 -296.0' spd 354.8 yaw  31.4 mode 2 st 0 gl 3 hp 126 frg 1
ARGLOG Carmack t  74.8 pos '328.8 -521.7  24.0' spd 320.0 yaw 131 mode 2 st 0 gl 3 hp 27 frg 1
ARGEVT Romero grab 
ARGLOG Romero t  75.2 pos '292.3 -236.7 -296.0' spd 288.0 yaw 275.9 mode 2 st 0 gl 3 hp 126 frg 1
ARGEVT Romero hazard
ARGLOG Carmack t  75.3 pos '321.8 -522.3  24.0' spd 320.0 yaw  98.0 mode 2 st 0 gl 3 hp 27 frg 1
ARGEVT Joe Rogan respawn
ARGEVT Joe Rogan goal weapon_supernailgun
ARGLOG Joe Rogan t  75.5 pos '-64.0 512.0 -296.0' spd 0 yaw 277 mode 0 st 0 gl 1 hp 100 frg 4
ARGEVT Carmack pursue
ARGEVT Romero pursue
ARGEVT Joe Rogan routefail
ARGEVT Joe Rogan goal weapon_rocketlauncher
ARGEVT Joe Rogan hazard
ARGLOG Romero t  75.7 pos '249.4 -219.8 -296.0' spd 329.1 yaw  21.4 mode 0 st 0 gl 3 hp 125 frg 1
ARGLOG Carmack t  75.8 pos '357.9 -553.8  24.0' spd 320.8 yaw 99 mode 2 st 0 gl 3 hp 27 frg 1
ARGUS routecache adopt
ARGEVT Romero route 16 start '273.0 -183.0 -296.0' goal '817.0 -855.0 -232.0'
ARGEVT Joe Rogan route 22 start '-15.0 425.0 -296.0' goal '721.0 -887.0 -232.0'
ARGLOG Joe Rogan t  76.0 pos ' 35.1 405.8 -296.0' spd 286.5 yaw 249 mode 2 st 0 gl 1 hp 100 frg 4
ARGLOG Romero t  76.3 pos '277.3 -241.9 -296.0' spd 265.6 yaw 287.2 mode 2 st 0 gl 3 hp 109 frg 1
ARGLOG Carmack t  76.3 pos '358.6 -517.2  24.0' spd 320.0 yaw 103.8 mode 2 st 0 gl 3 hp 27 frg 1
ARGEVT Romero hazard
ARGLOG Joe Rogan t  76.6 pos '102.1 385.7 -296.0' spd 196.6 yaw 232 mode 2 st 0 gl 1 hp 100 frg 4
ARGEVT Romero pursue
ARGEVT Carmack pursue
ARGEVT Joe Rogan hazard
ARGLOG Romero t  76.8 pos '332.7 -251.7 -296.0' spd 328.0 yaw 330.6 mode 2 st 0 gl 3 hp 108 frg 1
ARGLOG Carmack t  76.8 pos '336.1 -558.7  24.0' spd 324.4 yaw 98 mode 2 st 0 gl 3 hp 27 frg 1
ARGLOG Joe Rogan t  77.1 pos '-21.4 424.3 -296.0' spd 325.3 yaw 264 mode 2 st 0 gl 1 hp 100 frg 4
ARGEVT Romero grab weapon_lightning
ARGLOG Romero t  77.3 pos '510.3 -254.8 -296.0' spd 384.2 yaw 223.2 mode 2 st 0 gl 3 hp 88 frg 1
ARGLOG Carmack t  77.3 pos '254.9 -497.8  24.0' spd 329.9 yaw  41.1 mode 2 st 0 gl 3 hp 27 frg 1
ARGEVT Romero weapon rl
ARGEVT Carmack hazard
ARGEVT Carmack pursue
ARGLOG Joe Rogan t  77.6 pos '-71.3 250.2 -296.0' spd 383.0 yaw 309 mode 2 st 0 gl 1 hp 100 frg 4
ARGEVT Romero pursue
ARGEVT Romero hazard
ARGLOG Romero t  77.8 pos '484.9 -271.5 -296.0' spd 336.3 yaw 273.6 mode 2 st 0 gl 3 hp 88 frg 1
ARGEVT Romero weapon lg
ARGLOG Carmack t  77.9 pos '246.5 -438.3  24.0' spd 329.1 yaw  36.1 mode 2 st 0 gl 3 hp 27 frg 1
ARGEVT Carmack death Romero pos '230.5 -439.4  24.0'
ARGLOG Joe Rogan t  78.1 pos '-25.1  83.7 -296.0' spd 353.3 yaw 325 mode 2 st 0 gl 1 hp 100 frg 4
ARGEVT Romero goal item_armorInv
ARGEVT Joe Rogan hazard
ARGEVT Romero route 15 start '497.0 -247.0 -296.0' goal '817.0 -855.0 -232.0'
ARGLOG Romero t  78.3 pos '396.6 -224.7 -296.0' spd 323.3 yaw 183.5 mode 2 st 0 gl 3 hp 68 frg 2
ARGLOG Joe Rogan t  78.6 pos '-40.4 -55.2 -296.0' spd 321.1 yaw 287 mode 2 st 0 gl 1 hp 100 frg 4
ARGEVT Romero hazard
ARGLOG Romero t  78.8 pos '256.7 -276.3 -296.0' spd 127.7 yaw 348.2 mode 0 st 0 gl 3 hp 68 frg 2
ARGEVT Romero engage Joe Rogan
ARGEVT Joe Rogan engage Romero
ARGEVT Romero route 17 start '241.0 -279.0 -296.0' goal '817.0 -855.0 -232.0'
ARGLOG Joe Rogan t  79.1 pos '-16.0 -207.0 -296.0' spd 238.0 yaw 355.9 mode 2 st 0 gl 1 hp 100 frg 4
ARGLOG Romero t  79.4 pos '392.5 -220.7 -296.0' spd 309.4 yaw 182.0 mode 2 st 0 gl 3 hp 68 frg 2
ARGEVT Romero weapon rl
ARGEVT Carmack respawn
ARGEVT Carmack goal weapon_lightning
ARGLOG Carmack t  79.6 pos '-64.0 -232.0 -72.0' spd 0 yaw 356 mode 0 st 0 gl 3 hp 100 frg 1
ARGEVT Carmack route 5 start '-47.0 -215.0 -72.0' goal '529.0 -311.0 -104.0'
ARGLOG Joe Rogan t  79.7 pos '-18.0 -172.5 -296.0' spd 341.4 yaw 348.7 mode 2 st 0 gl 1 hp 70 frg 4
ARGEVT Romero hazard
ARGLOG Romero t  79.9 pos '469.1 -232.4 -296.0' spd 167.0 yaw 190.4 mode 2 st 0 gl 3 hp 68 frg 2
ARGLOG Carmack t  80.1 pos ' 91.6 -239.3 -72.0' spd 327.9 yaw  29.0 mode 2 st 0 gl 3 hp 100 frg 1
ARGLOG Joe Rogan t  80.2 pos '-64.1 -191.7 -296.0' spd 322.1 yaw 352.3 mode 0 st 0 gl 1 hp 70 frg 4
ARGEVT Carmack engage Romero
ARGEVT Joe Rogan route 18 start '-111.0 -247.0 -296.0' goal '721.0 -887.0 -232.0'
ARGEVT Carmack grab weapon_grenadelauncher
ARGLOG Romero t  80.4 pos '445.5 -262.0 -296.0' spd  76.7 yaw 141.7 mode 2 st 0 gl 3 hp 60 frg 2
ARGEVT Carmack jump
ARGEVT Romero pursue
ARGLOG Carmack t  80.6 pos '166.4 -336.0 -18.7' spd  11.6 yaw  20.7 mode 2 st 0 gl 3 hp 100 frg 1
ARGEVT Joe Rogan hazard
ARGLOG Joe Rogan t  80.7 pos '-25.7 -30.9 -296.0' spd 350.3 yaw  14.4 mode 2 st 0 gl 1 hp 70 frg 4
ARGLOG Romero t  80.9 pos '342.2 -219.1 -296.0' spd 320.1 yaw 176 mode 2 st 0 gl 3 hp 40 frg 2
ARGEVT Romero hazard
ARGLOG Carmack t  81.1 pos '151.3 -354.2 -24.0' spd 176.9 yaw  51.0 mode 2 st 0 gl 3 hp 100 frg 1
ARGLOG Joe Rogan t  81.2 pos '-16.0 -45.7 -296.0' spd 322.3 yaw 280 mode 2 st 0 gl 1 hp 70 frg 4
ARGLOG Romero t  81.4 pos '175.7 -214.4 -296.0' spd 320.1 yaw 190.6 mode 0 st 0 gl 3 hp 40 frg 2
ARGEVT Carmack pursue
ARGEVT Romero route 17 start '145.0 -183.0 -296.0' goal '817.0 -855.0 -232.0'
ARGLOG Carmack t  81.6 pos '147.1 -387.5  -8.0' spd 320.4 yaw 48 mode 2 st 0 gl 3 hp 100 frg 1
ARGEVT Romero weapon sg
ARGLOG Joe Rogan t  81.7 pos '-24.4 -211.2 -296.0' spd 419.4 yaw 353.7 mode 2 st 0 gl 1 hp 46 frg 4
ARGEVT Romero retreat
ARGEVT Carmack hazard
ARGEVT Romero weapon rl
ARGLOG Romero t  81.9 pos '148.9 -223.4 -296.0' spd 320.2 yaw 182.1 mode 2 st 0 gl 3 hp 16 frg 2
ARGEVT Joe Rogan route 18 start '-111.0 -247.0 -296.0' goal '721.0 -887.0 -232.0'
ARGLOG Carmack t  82.1 pos '182.4 -238.3 -72.0' spd 173.4 yaw  14.4 mode 2 st 0 gl 3 hp 100 frg 1
ARGLOG Joe Rogan t  82.2 pos '-78.5 -179.5 -296.0' spd 327.6 yaw 355.6 mode 0 st 0 gl 1 hp 46 frg 4
ARGLOG Romero t  82.5 pos '314.4 -224.3 -296.0' spd 320.0 yaw 147.1 mode 2 st 0 gl 3 hp 16 frg 2
ARGEVT Joe Rogan route 18 start '-79.0 -151.0 -296.0' goal '721.0 -887.0 -232.0'
ARGEVT Romero pursue
ARGEVT Joe Rogan pursue
ARGEVT Romero death Carmack pos '347.3 -221.4 -296.0'
ARGEVT Carmack goal weapon_rocketlauncher
ARGLOG Carmack t  82.7 pos '216.7 -221.7 -84.6' spd  39.4 yaw 171 mode 0 st 0 gl 3 hp 100 frg 2
ARGLOG Joe Rogan t  82.8 pos '-20.2 -122.4 -296.0' spd 321.9 yaw 349 mode 2 st 0 gl 1 hp 46 frg 4
ARGEVT Joe Rogan hazard
ARGEVT Carmack route 9 start '145.0 -183.0 -72.0' goal ' 49.0 105.0 -296.0'
ARGEVT Joe Rogan engage Carmack
ARGEVT Carmack engage Joe Rogan
ARGLOG Carmack t  83.2 pos '198.3 -218.7 -264.8' spd  52.1 yaw 192.3 mode 2 st 0 gl 3 hp 100 frg 2
ARGLOG Joe Rogan t  83.3 pos ' -6.6 -241.7 -296.0' spd 103.9 yaw   6.0 mode 2 st 0 gl 1 hp 46 frg 4
ARGEVT Carmack jump
ARGEVT Joe Rogan retreat
ARGLOG Carmack t  83.7 pos '222.5 -242.7 -254.4' spd 155.9 yaw 165.9 mode 2 st 0 gl 3 hp 76 frg 2
ARGLOG Joe Rogan t  83.8 pos '-75.7 -165.4 -296.0' spd 352.6 yaw 348.4 mode 0 st 0 gl 1 hp 22 frg 4
ARGEVT Joe Rogan hazard
ARGEVT Joe Rogan route 18 start '-79.0 -151.0 -296.0' goal '721.0 -887.0 -232.0'
ARGEVT Joe Rogan pursue
ARGEVT Romero respawn
ARGEVT Carmack pursue
ARGEVT Romero goal item_armorInv
ARGLOG Romero t  84.2 pos '272.0 -952.0  24.0' spd 0 yaw 10 mode 0 st 0 gl 3 hp 100 frg 2
ARGLOG Carmack t  84.2 pos '256.0 -247.0 -296.0' spd 287.5 yaw 188.7 mode 2 st 0 gl 3 hp 76 frg 2
ARGLOG Joe Rogan t  84.3 pos '-47.2 -104.7 -296.0' spd 320.5 yaw 333 mode 2 st 0 gl 1 hp 22 frg 4
ARGEVT Romero route 12 start '305.0 -983.0  24.0' goal '817.0 -855.0 -232.0'
ARGEVT Carmack jump
ARGEVT Carmack weapon sg
ARGLOG Romero t  84.7 pos '398.3 -857.0  24.0' spd 367.9 yaw 105 mode 2 st 0 gl 3 hp 100 frg 2
ARGLOG Carmack t  84.7 pos ' 99.5 -247.9 -259.0' spd 170.0 yaw 157.5 mode 2 st 0 gl 3 hp 52 frg 2
ARGLOG Joe Rogan t  84.8 pos '-52.1 -168.0 -296.0' spd 340.4 yaw 327.3 mode 2 st 0 gl 1 hp 6 frg 4
ARGEVT Carmack weapon rl
ARGEVT Romero hazard
ARGEVT Carmack weapon sg
ARGEVT Carmack weapon rl
ARGEVT Carmack death Carmack pos ' 30.2 -208.0 -296.0'
ARGEVT Joe Rogan route 18 start '-79.0 -151.0 -296.0' goal '721.0 -887.0 -232.0'
ARGLOG Romero t  85.2 pos '334.7 -716.7  24.0' spd 325.9 yaw 120 mode 2 st 0 gl 3 hp 100 frg 2
ARGLOG Joe Rogan t  85.3 pos '-73.6  -5.8 -296.0' spd 347.6 yaw  37.1 mode 2 st 0 gl 1 hp 6 frg 4
ARGEVT Joe Rogan hazard
ARGLOG Romero t  85.8 pos '317.9 -556.8  24.0' spd 321.7 yaw  87.4 mode 2 st 0 gl 3 hp 100 frg 2
ARGLOG Joe Rogan t  85.9 pos ' 87.7  61.1 -296.0' spd 335.7 yaw 308 mode 2 st 0 gl 1 hp 6 frg 4
ARGLOG Romero t  86.3 pos '288.7 -375.3  11.2' spd 322.3 yaw 19 mode 2 st 0 gl 3 hp 100 frg 2
ARGLOG Joe Rogan t  86.4 pos ' -7.7  48.0 -296.0' spd 139.3 yaw 321 mode 2 st 0 gl 1 hp 6 frg 4
ARGEVT Carmack respawn
ARGEVT Carmack goal weapon_lightning
ARGLOG Carmack t  86.7 pos '112.0 -1136.0 -104.0' spd 0 yaw  61.6 mode 0 st 0 gl 3 hp 100 frg 1
ARGEVT Carmack route 6 start ' 81.0 -1079.0 -104.0' goal '529.0 -311.0 -104.0'
ARGLOG Romero t  86.8 pos '304.6 -219.3 -170.5' spd 315.6 yaw 347 mode 2 st 0 gl 3 hp 100 frg 2
ARGLOG Joe Rogan t  86.9 pos '-24.6  -8.8 -296.0' spd 329.4 yaw 288 mode 2 st 0 gl 1 hp 6 frg 4
ARGEVT Romero hazard
ARGLOG Carmack t  87.3 pos '235.0 -1039.7 -104.0' spd 321.4 yaw 59 mode 2 st 0 gl 3 hp 100 frg 1
ARGLOG Romero t  87.3 pos '378.8 -143.0 -296.0' spd 227.9 yaw 241.4 mode 2 st 0 gl 3 hp 95 frg 2
ARGLOG Joe Rogan t  87.4 pos '-16.0 -175.9 -296.0' spd 332.4 yaw 359 mode 2 st 0 gl 1 hp 6 frg 4
ARGEVT Joe Rogan engage Romero
ARGEVT Romero engage Joe Rogan
ARGEVT Romero grab weapon_nailgun
ARGEVT Joe Rogan hazard
ARGLOG Carmack t  87.8 pos '362.1 -931.7 -104.0' spd 329.6 yaw 93 mode 2 st 0 gl 3 hp 100 frg 1
ARGLOG Romero t  87.8 pos '332.0 -115.3 -296.0' spd 326.8 yaw 183.5 mode 2 st 0 gl 3 hp 95 frg 2
ARGLOG Joe Rogan t  87.9 pos '-77.8 -132.3 -296.0' spd  64.6 yaw  19.6 mode 0 st 0 gl 1 hp 6 frg 4
ARGEVT Joe Rogan pursue
ARGEVT Joe Rogan death Joe Rogan pos '-65.3 -113.3 -296.0'
ARGEVT Romero hazard
ARGEVT Romero route 16 start '337.0   9.0 -296.0' goal '817.0 -855.0 -232.0'
ARGLOG Carmack t  88.3 pos '393.0 -768.5 -104.0' spd 324.2 yaw 88 mode 2 st 0 gl 3 hp 100 frg 1
ARGEVT Carmack hazard
ARGLOG Romero t  88.3 pos '400.0  33.9 -288.0' spd 179.0 yaw 288.5 mode 2 st 0 gl 3 hp 95 frg 2
ARGLOG Carmack t  88.8 pos '327.6 -612.8 -104.0' spd 331.5 yaw 56 mode 2 st 0 gl 3 hp 100 frg 1
ARGLOG Romero t  88.8 pos '342.9 -94.7 -296.0' spd 338.9 yaw 335 mode 2 st 0 gl 3 hp 95 frg 2
ARGLOG Carmack t  89.3 pos '362.4 -450.4 -104.0' spd 320.4 yaw 39 mode 2 st 0 gl 3 hp 100 frg 1
ARGLOG Romero t  89.4 pos '378.0 -260.1 -296.0' spd 334.7 yaw 254.6 mode 2 st 0 gl 3 hp 95 frg 2
ARGEVT Romero hazard
ARGEVT Romero engage Carmack
ARGEVT Carmack engage Romero
ARGEVT Carmack grab weapon_lightning
ARGEVT Joe Rogan respawn
ARGEVT Joe Rogan goal weapon_rocketlauncher
ARGLOG Joe Rogan t  89.6 pos '776.0 -808.0 -232.0' spd 0 yaw 106.6 mode 1 st 0 gl 1 hp 100 frg 3
ARGEVT Joe Rogan hazard
ARGLOG Carmack t  89.8 pos '471.2 -323.6 -104.0' spd 326.8 yaw 105.5 mode 1 st 0 gl 3 hp 100 frg 1
ARGLOG Romero t  89.9 pos '447.3 -243.7 -296.0' spd 324.5 yaw 344.0 mode 2 st 0 gl 3 hp 95 frg 2
ARGEVT Carmack grab item_armor1
ARGEVT Carmack goal weapon_rocketlauncher
ARGLOG Joe Rogan t  90.1 pos '720.0 -842.6 -232.0' spd 383.0 yaw 314.8 mode 1 st 0 gl 1 hp 100 frg 3
ARGEVT Carmack pursue
ARGEVT Carmack route 16 start '529.0 -311.0 -104.0' goal '721.0 -887.0 -232.0'
ARGEVT Joe Rogan goal 
ARGEVT Romero pursue
ARGEVT Joe Rogan route 4 start '721.0 -887.0 -232.0' goal '145.0 -183.0 -296.0'
ARGEVT Carmack goal 
ARGEVT Carmack route 4 start '529.0 -183.0 -104.0' goal '-79.0 -151.0 -296.0'
ARGLOG Carmack t  90.3 pos '515.3 -175.0 -104.0' spd 420.1 yaw 190.0 mode 2 st 0 gl 4 hp 100 frg 1
ARGLOG Romero t  90.4 pos '606.1 -212.0 -296.0' spd 343.2 yaw 311.8 mode 2 st 0 gl 3 hp 95 frg 2
ARGEVT Carmack hazard
ARGEVT Joe Rogan route 3 start '337.0   9.0 -296.0' goal '145.0 -183.0 -296.0'
ARGEVT Joe Rogan engage Carmack
ARGEVT Romero hazard
ARGLOG Joe Rogan t  90.6 pos '377.6 -17.8 -296.0' spd 115.9 yaw 326.0 mode 2 st 0 gl 2 hp 100 frg 3
ARGLOG Carmack t  90.9 pos '450.3 -178.6 -104.0' spd 320.2 yaw 232.7 mode 2 st 0 gl 4 hp 100 frg 1
ARGLOG Romero t  90.9 pos '600.4 -260.2 -296.0' spd 323.7 yaw 207 mode 2 st 0 gl 3 hp 95 frg 2
ARGLOG Joe Rogan t  91.1 pos '376.7 -99.1 -296.0' spd 320.1 yaw 266.8 mode 2 st 0 gl 2 hp 100 frg 3
ARGLOG Carmack t  91.4 pos '229.4 -279.3 -35.9' spd 849.1 yaw   5.9 mode 2 st 0 gl 4 hp 38 frg 1
ARGLOG Romero t  91.4 pos '452.5 -235.8 -296.0' spd 189.4 yaw 184.9 mode 2 st 0 gl 3 hp 95 frg 2
ARGEVT Romero hazard
ARGEVT Joe Rogan hazard
ARGLOG Joe Rogan t  91.6 pos '401.6 -193.7 -296.0' spd 329.7 yaw 187.3 mode 2 st 0 gl 2 hp 100 frg 3
ARGEVT Romero retreat
ARGEVT Carmack grab weapon_grenadelauncher
ARGEVT Romero death Carmack pos '430.6 -269.1 -296.0'
ARGEVT Carmack engage Joe Rogan
ARGEVT Carmack goal item_health
ARGLOG Carmack t  91.9 pos '112.0 -266.3  -2.9' spd 30 yaw 358.2 mode 0 st 0 gl 4 hp 32 frg 2
ARGEVT Carmack route 4 start '113.0 -375.0  -8.0' goal '-239.0 -471.0 -72.0'
ARGLOG Joe Rogan t  92.2 pos '364.8 -216.0 -296.0' spd 127.6 yaw 194.9 mode 2 st 0 gl 2 hp 100 frg 3
ARGEVT Carmack death Joe Rogan pos '112.2 -283.1 -56.0'
ARGEVT Joe Rogan goal 
ARGEVT Joe Rogan route 3 start '369.0 -215.0 -296.0' goal '145.0 -183.0 -296.0'
ARGLOG Joe Rogan t  92.7 pos '236.2 -275.8 -296.0' spd 327.9 yaw 156 mode 1 st 0 gl 2 hp 100 frg 4
ARGEVT Joe Rogan hazard
ARGEVT Joe Rogan goal 
ARGEVT Joe Rogan route 2 start '113.0 -279.0 -296.0' goal '-79.0 -151.0 -296.0'
ARGLOG Joe Rogan t  93.2 pos ' 93.3 -215.9 -296.0' spd 204.8 yaw  37.1 mode 2 st 0 gl 3 hp 100 frg 4
ARGEVT Romero respawn
ARGEVT Romero goal item_armor2
ARGLOG Romero t  93.4 pos '784.0 -176.0  24.0' spd 0 yaw 187 mode 0 st 0 gl 3 hp 100 frg 2
ARGEVT Romero route 5 start '753.0 -151.0  24.0' goal '1169.0 -599.0  24.0'
ARGLOG Joe Rogan t  93.7 pos '238.0 -267.9 -296.0' spd 341.1 yaw 159 mode 2 st 0 gl 3 hp 100 frg 4
ARGEVT Carmack respawn
ARGEVT Carmack goal 
ARGLOG Carmack t  93.8 pos '-64.0 512.0 -296.0' spd 0 yaw 284 mode 0 st 0 gl 4 hp 100 frg 2
ARGEVT Carmack route 17 start '-15.0 553.0 -296.0' goal '145.0 -183.0 -72.0'
ARGLOG Romero t  93.9 pos '629.7 -195.9  24.0' spd 320.0 yaw 186 mode 2 st 0 gl 3 hp 100 frg 2
ARGEVT Joe Rogan engage Romero
ARGEVT Joe Rogan grab 
ARGEVT Romero engage Joe Rogan
ARGEVT Joe Rogan hazard
ARGLOG Joe Rogan t  94.2 pos '278.6 -246.7 -296.0' spd 375.6 yaw 328.0 mode 2 st 0 gl 3 hp 100 frg 4
ARGLOG Carmack t  94.3 pos '-39.5 357.9 -296.0' spd 320.9 yaw 269 mode 2 st 0 gl 4 hp 100 frg 2
ARGLOG Romero t  94.4 pos '542.2 -302.6  24.0' spd 320.8 yaw 161.6 mode 2 st 0 gl 3 hp 100 frg 2
ARGLOG Joe Rogan t  94.7 pos '285.8 -224.4 -296.0' spd 327.0 yaw 292.4 mode 2 st 0 gl 3 hp 96 frg 4
ARGLOG Carmack t  94.8 pos '-40.1 192.1 -296.0' spd 320.1 yaw 264 mode 2 st 0 gl 4 hp 100 frg 2
ARGLOG Romero t  94.9 pos '457.2 -445.7  24.0' spd 473.9 yaw 122.3 mode 0 st 0 gl 3 hp 56 frg 2
ARGEVT Romero route 8 start '497.0 -471.0  24.0' goal '1169.0 -599.0  24.0'
ARGEVT Romero grab item_health
ARGEVT Carmack hazard
ARGLOG Joe Rogan t  95.2 pos '310.0 -230.0 -296.0' spd 274.8 yaw 321.4 mode 2 st 0 gl 3 hp 92 frg 4
ARGLOG Carmack t  95.3 pos ' 20.9  48.3 -296.0' spd 350.3 yaw 270 mode 2 st 0 gl 4 hp 100 frg 2
ARGEVT Joe Rogan hazard
ARGLOG Romero t  95.5 pos '514.2 -444.8  24.0' spd 326.3 yaw 137.6 mode 2 st 0 gl 3 hp 81 frg 2
ARGEVT Romero hazard
ARGLOG Joe Rogan t  95.8 pos '327.0 -216.1 -296.0' spd 346.6 yaw 276.6 mode 2 st 0 gl 3 hp 92 frg 4
ARGLOG Carmack t  95.8 pos ' 81.9  51.2 -296.0' spd 223.7 yaw 258 mode 2 st 0 gl 4 hp 100 frg 2
ARGLOG Romero t  96.0 pos '435.6 -432.0  -2.8' spd 301.7 yaw 101.9 mode 2 st 0 gl 3 hp 81 frg 2
ARGEVT Joe Rogan route 3 start '401.0 -183.0 -296.0' goal '-79.0 -151.0 -296.0'
ARGEVT Joe Rogan weapon ng
ARGLOG Joe Rogan t  96.3 pos '365.3 -160.4 -296.0' spd  89.6 yaw 247.1 mode 2 st 0 gl 3 hp 89 frg 4
ARGLOG Carmack t  96.3 pos '-62.6 -23.4 -296.0' spd 396.3 yaw 305.3 mode 2 st 0 gl 4 hp 100 frg 2
ARGLOG Romero t  96.5 pos '287.9 -425.2 -104.0' spd  87.8 yaw  75.8 mode 2 st 0 gl 3 hp 81 frg 2
ARGEVT Romero grab weapon_grenadelauncher
ARGEVT Joe Rogan goal weapon_supernailgun
ARGLOG Joe Rogan t  96.8 pos '371.1 -114.2 -296.0' spd 152.8 yaw 234.2 mode 0 st 0 gl 3 hp 85 frg 4
ARGLOG Carmack t  96.8 pos '-16.0 -194.8 -296.0' spd 350.2 yaw 2 mode 2 st 0 gl 4 hp 100 frg 2
ARGEVT Joe Rogan routefail
ARGEVT Carmack engage Joe Rogan
ARGEVT Joe Rogan goal weapon_grenadelauncher
ARGLOG Romero t  97.0 pos '201.2 -431.5 -104.0' spd 320.0 yaw  57.6 mode 0 st 0 gl 3 hp 81 frg 2
ARGEVT Joe Rogan route 8 start '401.0 -183.0 -296.0' goal '113.0 -407.0 -104.0'
ARGEVT Joe Rogan goal 
ARGEVT Romero hazard
ARGEVT Romero route 18 start '113.0 -407.0 -104.0' goal '1169.0 -599.0  24.0'
ARGLOG Joe Rogan t  97.3 pos '353.3 -123.6 -296.0' spd 114.4 yaw 203.5 mode 0 st 0 gl 3 hp 81 frg 4
ARGEVT Joe Rogan hazard
ARGLOG Carmack t  97.4 pos ' 32.7 -249.1 -296.0' spd 125.1 yaw   8.3 mode 2 st 0 gl 4 hp 100 frg 2
ARGUS routecache adopt
ARGEVT Romero route 18 start '113.0 -407.0 -104.0' goal '1169.0 -599.0  24.0'
ARGLOG Romero t  97.5 pos '122.0 -388.5 -104.0' spd 154.3 yaw 357.5 mode 0 st 0 gl 3 hp 72 frg 2
ARGEVT Joe Rogan route 10 start '401.0 -183.0 -296.0' goal '145.0 -183.0 -72.0'
ARGEVT Carmack hazard
ARGLOG Joe Rogan t  97.8 pos '392.3 -267.8 -296.0' spd 546.2 yaw 234.1 mode 2 st 0 gl 3 hp 69 frg 4
ARGLOG Carmack t  97.9 pos ' 91.1 -236.9 -296.0' spd 145.2 yaw 358.8 mode 2 st 0 gl 4 hp 100 frg 2
ARGEVT Carmack grab 
ARGLOG Romero t  98.0 pos '166.4 -410.4 -104.0' spd 249.1 yaw  73.1 mode 0 st 0 gl 3 hp 72 frg 2
ARGEVT Romero route 18 start '113.0 -407.0 -104.0' goal '1169.0 -599.0  24.0'
ARGLOG Joe Rogan t  98.3 pos '319.1 -214.7 -293.4' spd 335.9 yaw 279.4 mode 2 st 0 gl 3 hp 69 frg 4
ARGLOG Carmack t  98.4 pos '100.8 -218.4 -296.0' spd 113.8 yaw 321.4 mode 2 st 0 gl 4 hp 100 frg 2
ARGEVT Carmack weapon sg
ARGLOG Romero t  98.5 pos '307.2 -448.9 -104.0' spd 354.4 yaw 170.6 mode 2 st 0 gl 3 hp 72 frg 2
ARGEVT Joe Rogan grab 
ARGEVT Joe Rogan route 12 start '241.0 -279.0 -296.0' goal '145.0 -183.0 -72.0'
ARGLOG Joe Rogan t  98.9 pos '148.6 -331.2 -299.7' spd 235.2 yaw  76.4 mode 2 st 0 gl 3 hp 54 frg 4
ARGLOG Carmack t  98.9 pos '116.0 -220.7 -296.0' spd  26.9 yaw 280.6 mode 2 st 0 gl 4 hp 100 frg 2
ARGEVT Joe Rogan weapon sg
ARGLOG Romero t  99.1 pos '392.9 -407.9 -104.0' spd 319.4 yaw 177.2 mode 2 st 0 gl 3 hp 72 frg 2
ARGEVT Joe Rogan retreat
ARGEVT Joe Rogan swim
ARGEVT Joe Rogan death world pos '112.0 -337.0 -385.1'
ARGEVT Carmack stall
ARGEVT Carmack stallnode '273.0 -183.0 -296.0'
ARGEVT Carmack jump
ARGLOG Carmack t  99.4 pos '113.2 -219.4 -274.7' spd  30.0 yaw 156 mode 0 st 1 gl 4 hp 100 frg 2
ARGEVT Carmack weapon rl
ARGLOG Romero t  99.6 pos '282.3 -526.1 -104.0' spd 351.5 yaw 133.1 mode 2 st 0 gl 3 hp 72 frg 2
ARGEVT Romero hazard
ARGEVT Carmack route 12 start '145.0 -183.0 -296.0' goal '145.0 -183.0 -72.0'
ARGEVT Carmack engage Romero
ARGEVT Romero engage Carmack
ARGLOG Carmack t  99.9 pos ' 98.7 -219.6 -294.6' spd  30.4 yaw 288.9 mode 2 st 1 gl 4 hp 100 frg 2
ARGLOG Romero t 100.1 pos '188.0 -396.2 -104.0' spd 363.5 yaw 159.8 mode 2 st 0 gl 3 hp 72 frg 2
ARGEVT Romero grab 
ARGLOG Carmack t 100.5 pos ' 95.8 -239.9 -296.0' spd 324.2 yaw 307.1 mode 2 st 1 gl 4 hp 54 frg 2
ARGEVT Romero pursue
ARGEVT Carmack pursue
ARGEVT Romero route 18 start '113.0 -407.0 -104.0' goal '1169.0 -599.0  24.0'
ARGLOG Romero t 100.6 pos '137.4 -393.0 -104.0' spd  93.6 yaw  35.2 mode 2 st 0 gl 3 hp 72 frg 2
ARGEVT Carmack hazard
ARGUS routecache adopt
ARGEVT Romero route 18 start '113.0 -407.0 -104.0' goal '1169.0 -599.0  24.0'
ARGEVT Joe Rogan respawn
ARGEVT Romero hazard
ARGEVT Joe Rogan goal 
ARGLOG Joe Rogan t 100.9 pos '-64.0 -232.0 -72.0' spd 0 yaw 5 mode 1 st 0 gl 3 hp 100 frg 3
ARGLOG Carmack t 101.0 pos '265.1 -253.7 -296.0' spd 365.2 yaw 223.5 mode 2 st 1 gl 4 hp 54 frg 2
ARGUS routecache adopt
ARGEVT Romero route 18 start '113.0 -407.0 -104.0' goal '1169.0 -599.0  24.0'
ARGEVT Carmack weapon sg
ARGEVT Romero weapon sg
ARGLOG Romero t 101.1 pos '149.6 -392.0 -104.0' spd 142.5 yaw  40.9 mode 2 st 0 gl 3 hp 72 frg 2
ARGEVT Romero death Carmack pos '147.6 -388.3 -104.0'
ARGEVT Carmack goal item_health
ARGLOG Joe Rogan t 101.4 pos ' 89.0 -267.9 -72.0' spd 337.0 yaw 298 mode 1 st 0 gl 3 hp 100 frg 3
ARGEVT Carmack route 7 start '273.0 -183.0 -296.0' goal '-15.0 553.0 -296.0'
ARGLOG Carmack t 101.5 pos '260.2 -240.3 -296.0' spd 331.9 yaw 179 mode 2 st 1 gl 4 hp 54 frg 3
ARGEVT Joe Rogan goal 
ARGEVT Joe Rogan route 3 start '145.0 -279.0 -56.0' goal '113.0 -407.0 -104.0'
ARGEVT Carmack hazard
ARGLOG Joe Rogan t 101.9 pos '161.9 -412.7   8.0' spd 351.8 yaw 38 mode 2 st 0 gl 4 hp 100 frg 3
ARGLOG Carmack t 102.0 pos '112.0 -275.6 -296.0' spd  13.0 yaw 127 mode 2 st 1 gl 4 hp 54 frg 3
ARGEVT Joe Rogan hazard
ARGLOG Joe Rogan t 102.5 pos '114.5 -463.5  24.0' spd 345.3 yaw  74.2 mode 2 st 0 gl 4 hp 100 frg 3
ARGLOG Carmack t 102.5 pos '-11.2 -208.0 -296.0' spd 190.0 yaw  68.8 mode 2 st 1 gl 4 hp 54 frg 3
ARGEVT Romero respawn
ARGEVT Romero goal item_armorInv
ARGLOG Romero t 102.8 pos '272.0 -952.0  24.0' spd 0 yaw  16.6 mode 0 st 0 gl 3 hp 100 frg 2
ARGEVT Romero route 12 start '305.0 -983.0  24.0' goal '817.0 -855.0 -232.0'
ARGLOG Joe Rogan t 103.0 pos '219.4 -431.6   6.0' spd 324.7 yaw 284.4 mode 2 st 0 gl 4 hp 100 frg 3
ARGLOG Carmack t 103.0 pos ' 95.0 -208.0 -296.0' spd 358.3 yaw 109 mode 2 st 1 gl 4 hp 54 frg 3
ARGEVT Carmack hazard
ARGEVT Joe Rogan engage Carmack
ARGEVT Carmack engage Joe Rogan
ARGEVT Joe Rogan grab 
ARGLOG Romero t 103.3 pos '359.5 -821.3  24.0' spd 331.3 yaw 99 mode 2 st 0 gl 3 hp 100 frg 2
ARGLOG Joe Rogan t 103.5 pos '230.5 -416.3 -104.0' spd 171.9 yaw  95.9 mode 1 st 0 gl 4 hp 96 frg 3
ARGEVT Carmack route 6 start '241.0 -279.0 -296.0' goal '-15.0 553.0 -296.0'
ARGLOG Carmack t 103.5 pos '256.2 -248.0 -296.0' spd 327.3 yaw 242.9 mode 2 st 1 gl 4 hp 54 frg 3
ARGEVT Carmack grab 
ARGEVT Joe Rogan goal 
ARGLOG Romero t 103.8 pos '333.4 -656.5  24.0' spd 325.0 yaw 118 mode 2 st 0 gl 3 hp 100 frg 2
ARGEVT Carmack retreat
ARGEVT Joe Rogan route 5 start '209.0 -375.0 -104.0' goal '113.0 -343.0 -440.0'
ARGLOG Joe Rogan t 104.0 pos '261.1 -421.4 -104.0' spd 326.5 yaw  64.8 mode 2 st 0 gl 5 hp 84 frg 3
ARGLOG Carmack t 104.1 pos '356.9 -157.8 -296.0' spd 367.2 yaw 262.4 mode 0 st 1 gl 4 hp 24 frg 3
ARGEVT Carmack hazard
ARGEVT Romero engage Carmack
ARGLOG Romero t 104.3 pos '309.2 -498.3  24.0' spd 320.2 yaw  76.6 mode 2 st 0 gl 3 hp 100 frg 2
ARGEVT Carmack route 8 start '305.0 -87.0 -296.0' goal '-15.0 553.0 -296.0'
ARGEVT Joe Rogan hazard
ARGLOG Joe Rogan t 104.5 pos '419.7 -464.1 -104.0' spd 324.2 yaw  97.6 mode 2 st 0 gl 5 hp 84 frg 3
ARGEVT Joe Rogan weapon sg
ARGLOG Carmack t 104.6 pos '376.8 -17.0 -296.0' spd 320.5 yaw 273.2 mode 2 st 1 gl 4 hp 24 frg 3
ARGLOG Romero t 104.8 pos '171.0 -373.5  -7.9' spd 324.3 yaw  62.2 mode 0 st 0 gl 3 hp 100 frg 2
ARGEVT Romero route 10 start '113.0 -375.0  -8.0' goal '817.0 -855.0 -232.0'
ARGEVT Romero jump
ARGLOG Joe Rogan t 105.0 pos '324.0 -417.3 -104.0' spd 335.8 yaw  86.5 mode 2 st 0 gl 5 hp 84 frg 3
ARGEVT Carmack retreat
ARGLOG Carmack t 105.1 pos '381.7 103.0 -288.0' spd 281.2 yaw 257.5 mode 2 st 1 gl 4 hp 12 frg 3
ARGEVT Carmack retreat
ARGEVT Carmack retreat
ARGEVT Carmack death Joe Rogan pos '380.4  77.5 -288.0'
ARGEVT Romero engage Joe Rogan
ARGEVT Joe Rogan engage Romero
ARGEVT Joe Rogan weapon lg
ARGLOG Romero t 105.4 pos '112.0 -226.7  -2.2' spd 292.8 yaw 319.0 mode 2 st 0 gl 3 hp 100 frg 2
ARGEVT Joe Rogan goal item_artifact_super_damage
ARGLOG Joe Rogan t 105.6 pos '338.7 -479.5 -108.0' spd 348.0 yaw 132.6 mode 0 st 0 gl 5 hp 84 frg 4
ARGEVT Joe Rogan routefail
ARGEVT Joe Rogan goal 
ARGEVT Joe Rogan route 6 start '337.0 -567.0 -104.0' goal '369.0 105.0 -288.0'
ARGLOG Romero t 105.9 pos ' 57.2 -224.7 -72.0' spd 323.3 yaw 315.1 mode 2 st 0 gl 3 hp 100 frg 2
ARGEVT Romero pursue
ARGEVT Joe Rogan pursue
ARGLOG Joe Rogan t 106.1 pos '322.0 -453.6 -104.0' spd 320.1 yaw 133 mode 2 st 0 gl 5 hp 84 frg 4
ARGEVT Romero hazard
ARGEVT Joe Rogan hazard
ARGLOG Romero t 106.4 pos '139.1 -276.8 -56.0' spd 393.1 yaw 306.5 mode 2 st 0 gl 3 hp 100 frg 2
ARGLOG Joe Rogan t 106.6 pos '181.4 -424.9 -104.0' spd 335.6 yaw  81.0 mode 2 st 0 gl 5 hp 80 frg 4
ARGEVT Carmack respawn
ARGEVT Carmack goal item_armorInv
ARGLOG Carmack t 106.9 pos '112.0 -1136.0 -104.0' spd 0 yaw  28.4 mode 0 st 1 gl 4 hp 100 frg 3
ARGLOG Romero t 106.9 pos '196.0 -272.1 -56.0' spd 178.4 yaw 228.2 mode 2 st 0 gl 3 hp 100 frg 2
ARGEVT Joe Rogan pursue
ARGEVT Carmack route 16 start ' 81.0 -1079.0 -104.0' goal '817.0 -855.0 -232.0'
ARGLOG Joe Rogan t 107.1 pos '195.7 -404.0 -104.0' spd 338.6 yaw  59.7 mode 0 st 0 gl 5 hp 80 frg 4
ARGEVT Romero pursue
ARGEVT Joe Rogan route 5 start '209.0 -375.0 -104.0' goal '369.0 105.0 -288.0'
ARGEVT Joe Rogan hazard
ARGEVT Romero hazard
ARGEVT Carmack hazard
ARGLOG Carmack t 107.4 pos '261.4 -1104.1 -104.0' spd 322.7 yaw 231 mode 2 st 1 gl 4 hp 100 frg 3
ARGLOG Romero t 107.4 pos '126.1 -357.0 -24.0' spd 209.1 yaw 339.5 mode 2 st 0 gl 3 hp 100 frg 2
ARGLOG Joe Rogan t 107.6 pos '295.2 -476.4 -104.0' spd 369.3 yaw 132.2 mode 2 st 0 gl 5 hp 72 frg 4
ARGEVT Carmack jump
ARGLOG Carmack t 107.9 pos '125.2 -1128.4 -82.4' spd 356.5 yaw  96.5 mode 2 st 1 gl 4 hp 100 frg 3
ARGLOG Romero t 107.9 pos '121.2 -347.5 -24.0' spd  98.6 yaw 322.1 mode 2 st 0 gl 3 hp 100 frg 2
ARGLOG Joe Rogan t 108.1 pos '335.2 -459.9 -104.0' spd 322.4 yaw 140.9 mode 2 st 0 gl 5 hp 72 frg 4
ARGEVT Joe Rogan weapon sg
ARGLOG Carmack t 108.4 pos ' 80.0 -1064.1 -102.6' spd 138.8 yaw 69 mode 2 st 1 gl 4 hp 100 frg 3
ARGLOG Romero t 108.4 pos '127.8 -399.8  -8.0' spd 331.6 yaw 346.6 mode 2 st 0 gl 3 hp 70 frg 2
ARGLOG Joe Rogan t 108.7 pos '364.7 -502.1 -104.0' spd 321.7 yaw 168.7 mode 2 st 0 gl 5 hp 52 frg 4
ARGEVT Joe Rogan pursue
ARGEVT Romero pursue
ARGLOG Carmack t 108.9 pos '124.9 -916.8 -104.0' spd 327.7 yaw 91 mode 2 st 1 gl 4 hp 100 frg 3
ARGLOG Romero t 109.0 pos '156.0 -450.0  24.0' spd 364.7 yaw 355 mode 2 st 0 gl 3 hp 70 frg 2
ARGEVT Joe Rogan hazard
ARGLOG Joe Rogan t 109.2 pos '304.0 -536.1 -104.0' spd 357.1 yaw 146 mode 2 st 0 gl 5 hp 52 frg 4
ARGEVT Carmack route 17 start '177.0 -855.0 -104.0' goal '817.0 -855.0 -232.0'
ARGEVT Carmack hazard
ARGLOG Carmack t 109.4 pos '121.4 -758.1 -104.0' spd 330.3 yaw 265 mode 2 st 1 gl 4 hp 100 frg 3
ARGLOG Romero t 109.5 pos '320.1 -462.4  24.0' spd 381.1 yaw 229.4 mode 2 st 0 gl 3 hp 70 frg 2
ARGLOG Joe Rogan t 109.7 pos '200.7 -410.0 -104.0' spd 344.6 yaw 162.7 mode 2 st 0 gl 5 hp 52 frg 4
ARGEVT Romero pursue
ARGLOG Carmack t 109.9 pos '103.6 -760.3 -104.0' spd 354.6 yaw 268 mode 2 st 1 gl 4 hp 100 frg 3
ARGLOG Romero t 110.0 pos '333.1 -468.4  24.0' spd 372.1 yaw 165 mode 2 st 0 gl 3 hp 70 frg 2
ARGEVT Joe Rogan hazard
ARGEVT Joe Rogan route 6 start '113.0 -407.0 -104.0' goal '369.0 105.0 -288.0'
ARGLOG Joe Rogan t 110.2 pos '114.0 -407.5 -104.0' spd  88.3 yaw  97.1 mode 0 st 0 gl 5 hp 52 frg 4
ARGUS routecache adopt
ARGEVT Joe Rogan route 6 start '113.0 -407.0 -104.0' goal '369.0 105.0 -288.0'
ARGLOG Carmack t 110.5 pos '251.0 -822.4 -104.0' spd 320.1 yaw 320.8 mode 2 st 1 gl 4 hp 100 frg 3
ARGLOG Romero t 110.5 pos '216.0 -324.1 -12.1' spd 325.8 yaw   0.8 mode 2 st 0 gl 3 hp 70 frg 2
ARGLOG Joe Rogan t 110.7 pos '112.0 -368.0 -104.0' spd 0 yaw  10.1 mode 2 st 0 gl 5 hp 52 frg 4
ARGEVT Carmack engage Romero
ARGLOG Carmack t 111.0 pos '387.6 -802.4 -104.0' spd 357.6 yaw  94.6 mode 0 st 1 gl 4 hp 100 frg 3
ARGUS routecache adopt
ARGEVT Joe Rogan route 6 start '113.0 -407.0 -104.0' goal '369.0 105.0 -288.0'
ARGEVT Joe Rogan retreat
ARGLOG Romero t 111.0 pos '302.8 -174.1 -252.2' spd 451.7 yaw 226.5 mode 2 st 0 gl 3 hp 46 frg 2
ARGEVT Carmack hazard
ARGLOG Joe Rogan t 111.2 pos '150.0 -395.9 -104.0' spd 322.3 yaw  53.2 mode 0 st 0 gl 5 hp 28 frg 4
ARGEVT Romero hazard
ARGEVT Carmack route 18 start '401.0 -759.0 -104.0' goal '817.0 -855.0 -232.0'
ARGEVT Carmack pursue
ARGLOG Carmack t 111.5 pos '375.9 -756.9 -104.0' spd 330.9 yaw 148.7 mode 2 st 1 gl 4 hp 100 frg 3
ARGEVT Joe Rogan route 5 start '209.0 -375.0 -104.0' goal '369.0 105.0 -288.0'
ARGLOG Romero t 111.5 pos '405.8 -254.9 -296.0' spd 326.9 yaw 226.4 mode 2 st 0 gl 3 hp 37 frg 2
ARGLOG Joe Rogan t 111.7 pos '304.5 -440.5 -104.0' spd 325.0 yaw  77.4 mode 2 st 0 gl 5 hp 28 frg 4
ARGEVT Joe Rogan pursue
ARGEVT Carmack route 18 start '305.0 -663.0 -104.0' goal '817.0 -855.0 -232.0'
ARGEVT Romero grab 
ARGLOG Carmack t 112.0 pos '366.0 -632.1 -104.0' spd 347.0 yaw 104 mode 2 st 1 gl 4 hp 100 frg 3
ARGLOG Romero t 112.1 pos '268.5 -267.5 -296.0' spd 270.8 yaw 312.0 mode 2 st 0 gl 3 hp 13 frg 2
ARGLOG Joe Rogan t 112.3 pos '377.1 -428.4 -104.0' spd 325.5 yaw 118.1 mode 2 st 0 gl 5 hp 16 frg 4
ARGEVT Romero hazard
ARGLOG Carmack t 112.5 pos '346.6 -466.3 -108.0' spd 320.6 yaw 108 mode 0 st 1 gl 4 hp 100 frg 3
ARGEVT Carmack route 17 start '401.0 -471.0 -104.0' goal '817.0 -855.0 -232.0'
ARGLOG Romero t 112.6 pos '281.4 -241.8 -296.0' spd 250.4 yaw 260.3 mode 2 st 0 gl 3 hp 13 frg 2
ARGEVT Romero pursue
ARGEVT Joe Rogan pursue
ARGEVT Romero death Carmack pos '274.8 -247.3 -296.0'
ARGEVT Joe Rogan engage Carmack
ARGEVT Joe Rogan retreat
ARGEVT Carmack engage Joe Rogan
ARGLOG Joe Rogan t 112.8 pos '252.2 -454.5 -104.0' spd  61.2 yaw  31.2 mode 2 st 0 gl 5 hp 16 frg 4
ARGEVT Carmack hazard
ARGEVT Carmack goal weapon_rocketlauncher
ARGEVT Carmack route 7 start '305.0 -407.0 -104.0' goal ' 49.0 105.0 -296.0'
ARGEVT Joe Rogan hazard
ARGLOG Carmack t 113.0 pos '380.4 -419.6 -104.0' spd 355.5 yaw 219.7 mode 2 st 1 gl 4 hp 100 frg 4
ARGEVT Joe Rogan death Carmack pos '297.3 -516.9 -104.0'
ARGEVT Carmack goal weapon_rocketlauncher
ARGEVT Carmack route 7 start '401.0 -471.0 -104.0' goal ' 49.0 105.0 -296.0'
ARGLOG Carmack t 113.6 pos '389.3 -518.0 -104.0' spd 373.3 yaw 176 mode 2 st 1 gl 4 hp 76 frg 5
ARGLOG Carmack t 114.1 pos '259.7 -430.7 -104.0' spd 431.8 yaw  19.9 mode 2 st 1 gl 4 hp 76 frg 5
ARGEVT Carmack hazard
ARGEVT Romero respawn
ARGEVT Romero goal weapon_rocketlauncher
ARGLOG Romero t 114.3 pos '776.0 -808.0 -232.0' spd 0 yaw 106.6 mode 1 st 0 gl 3 hp 100 frg 2
ARGEVT Romero hazard
ARGLOG Carmack t 114.6 pos '430.7 -434.0 -104.0' spd 320.0 yaw 111 mode 2 st 1 gl 4 hp 76 frg 5
ARGEVT Joe Rogan respawn
ARGEVT Joe Rogan goal weapon_rocketlauncher
ARGLOG Joe Rogan t 114.8 pos '784.0 -176.0  24.0' spd 0 yaw 196.3 mode 0 st 0 gl 5 hp 100 frg 4
ARGLOG Romero t 114.8 pos '727.1 -721.6 -216.0' spd 251.5 yaw 205.6 mode 1 st 0 gl 3 hp 100 frg 2
ARGEVT Joe Rogan route 5 start '753.0 -151.0  24.0' goal '721.0 -887.0 -232.0'
ARGEVT Joe Rogan hazard
ARGLOG Carmack t 115.1 pos '591.7 -378.2 -104.0' spd 371.3 yaw 314.7 mode 2 st 1 gl 4 hp 76 frg 5
ARGLOG Joe Rogan t 115.3 pos '641.5 -207.3  24.0' spd 308.7 yaw 235.3 mode 2 st 0 gl 5 hp 100 frg 4
ARGLOG Romero t 115.3 pos '755.0 -891.6 -232.0' spd 398.1 yaw   9.8 mode 1 st 0 gl 3 hp 100 frg 2
ARGEVT Carmack hazard
ARGLOG Carmack t 115.6 pos '407.3 -241.3 -275.5' spd 301.0 yaw 306.6 mode 2 st 1 gl 4 hp 76 frg 5
ARGLOG Joe Rogan t 115.8 pos '485.1 -310.8  -7.7' spd 333.1 yaw 247 mode 2 st 0 gl 5 hp 100 frg 4
ARGLOG Romero t 115.8 pos '826.8 -778.9 -232.0' spd 366.7 yaw 157.3 mode 1 st 0 gl 3 hp 100 frg 2
ARGEVT Romero hazard
ARGLOG Carmack t 116.1 pos '549.7 -268.5 -296.0' spd  77.1 yaw 177 mode 2 st 1 gl 4 hp 76 frg 5
ARGEVT Joe Rogan route 17 start '401.0 -343.0 -104.0' goal '721.0 -887.0 -232.0'
ARGLOG Joe Rogan t 116.3 pos '412.8 -455.8 -104.0' spd 417.8 yaw 73 mode 2 st 0 gl 5 hp 100 frg 4
ARGLOG Romero t 116.3 pos '722.7 -816.6 -232.0' spd 333.1 yaw 309.6 mode 1 st 0 gl 3 hp 100 frg 2
ARGEVT Joe Rogan hazard
ARGLOG Carmack t 116.6 pos '399.4 -272.9 -296.0' spd 320.2 yaw 176 mode 2 st 1 gl 4 hp 76 frg 5
ARGEVT Joe Rogan route 17 start '401.0 -471.0 -104.0' goal '721.0 -887.0 -232.0'
ARGLOG Joe Rogan t 116.9 pos '385.9 -528.0 -104.0' spd  17.6 yaw 47 mode 2 st 0 gl 5 hp 100 frg 4
ARGLOG Romero t 116.9 pos '848.0 -897.5 -232.0' spd 277.9 yaw  48.8 mode 1 st 0 gl 3 hp 100 frg 2
ARGEVT Carmack hazard
ARGLOG Carmack t 117.2 pos '241.1 -249.6 -296.0' spd 375.0 yaw 144 mode 2 st 1 gl 4 hp 76 frg 5
ARGLOG Joe Rogan t 117.4 pos '432.0 -442.9 -104.0' spd 328.3 yaw 75 mode 2 st 0 gl 5 hp 100 frg 4
ARGLOG Romero t 117.4 pos '783.2 -743.0 -216.0' spd 406.4 yaw 210 mode 1 st 0 gl 3 hp 100 frg 2
ARGEVT Carmack engage Joe Rogan
ARGEVT Carmack grab 
ARGEVT Joe Rogan engage Carmack
ARGEVT Romero hazard
ARGLOG Carmack t 117.7 pos '231.3 -210.6 -296.0' spd 323.3 yaw 341.3 mode 2 st 1 gl 4 hp 76 frg 5
ARGLOG Joe Rogan t 117.9 pos '477.6 -282.0 -104.0' spd 322.5 yaw 167.2 mode 2 st 0 gl 5 hp 100 frg 4
ARGLOG Romero t 117.9 pos '748.4 -872.4 -232.0' spd 382.6 yaw 358.8 mode 1 st 0 gl 3 hp 100 frg 2
ARGEVT Carmack grab 
ARGEVT Joe Rogan grab item_armor1
ARGLOG Carmack t 118.2 pos '270.2 -234.2 -296.0' spd 149.8 yaw  20.0 mode 2 st 1 gl 4 hp 52 frg 5
ARGLOG Joe Rogan t 118.4 pos '510.9 -130.6 -104.0' spd 127.3 yaw 201.8 mode 2 st 0 gl 5 hp 100 frg 4
ARGLOG Romero t 118.4 pos '837.2 -783.2 -232.0' spd 345.8 yaw 125 mode 1 st 0 gl 3 hp 100 frg 2
ARGEVT Carmack hazard
ARGEVT Carmack pursue
ARGEVT Joe Rogan pursue
ARGLOG Carmack t 118.7 pos '313.2 -223.1 -296.0' spd 325.1 yaw 16 mode 2 st 1 gl 4 hp 52 frg 5
ARGLOG Joe Rogan t 118.9 pos '476.7 -247.2 -104.0' spd 347.1 yaw 177 mode 2 st 0 gl 5 hp 100 frg 4
ARGEVT Joe Rogan hazard
ARGLOG Romero t 118.9 pos '761.1 -634.9 -168.0' spd 320.5 yaw 144.6 mode 1 st 0 gl 3 hp 100 frg 2
ARGEVT Romero hazard
ARGEVT Carmack grab weapon_nailgun
ARGEVT Carmack route 5 start '369.0 -215.0 -296.0' goal ' 49.0 105.0 -296.0'
ARGLOG Carmack t 119.2 pos '369.8 -156.5 -296.0' spd 321.0 yaw 337.1 mode 2 st 1 gl 4 hp 52 frg 5
ARGLOG Joe Rogan t 119.4 pos '510.3 -162.7 -104.0' spd 320.2 yaw 161.3 mode 2 st 0 gl 5 hp 89 frg 4
ARGLOG Romero t 119.4 pos '753.5 -612.9 -152.0' spd 320.2 yaw 274 mode 1 st 0 gl 3 hp 100 frg 2
ARGEVT Carmack pursue
ARGEVT Joe Rogan pursue
ARGEVT Carmack hazard
ARGLOG Carmack t 119.7 pos '405.3 -140.9 -296.0' spd 336.0 yaw 244.4 mode 2 st 1 gl 4 hp 52 frg 5
ARGEVT Joe Rogan grab weapon_lightning
ARGEVT Carmack retreat
ARGLOG Joe Rogan t 119.9 pos '431.8 -213.0 -93.0' spd 313.1 yaw 137.4 mode 2 st 0 gl 5 hp 73 frg 4
ARGLOG Romero t 119.9 pos '759.6 -779.6 -232.0' spd 344.6 yaw 223.1 mode 1 st 0 gl 3 hp 100 frg 2
ARGEVT Joe Rogan goal weapon_lightning
ARGEVT Romero hazard
ARGEVT Romero goal weapon_lightning
ARGLOG Carmack t 120.3 pos '337.3 -264.0 -296.0' spd 202.4 yaw 340.1 mode 2 st 1 gl 4 hp 28 frg 5
ARGEVT Romero route 4 start '721.0 -887.0 -232.0' goal '529.0 -311.0 -104.0'
ARGLOG Joe Rogan t 120.5 pos '401.9 -334.1 -135.1' spd  20.8 yaw 144.3 mode 1 st 0 gl 5 hp 57 frg 4
ARGLOG Romero t 120.5 pos '728.4 -781.3 -232.0' spd 368.6 yaw 112 mode 2 st 0 gl 4 hp 100 frg 2
ARGLOG Carmack t 120.8 pos '190.8 -254.8 -296.0' spd 186.4 yaw 341.9 mode 2 st 1 gl 4 hp 16 frg 5
ARGEVT Carmack death Joe Rogan pos '159.5 -259.7 -296.0'
ARGEVT Joe Rogan goal weapon_rocketlauncher
ARGLOG Joe Rogan t 121.0 pos '418.8 -321.5 -321.5' spd  56.3 yaw 274.8 mode 0 st 0 gl 5 hp 57 frg 5
ARGLOG Romero t 121.0 pos '721.2 -852.8 -232.0' spd 320.0 yaw 115 mode 2 st 0 gl 4 hp 100 frg 2
ARGEVT Joe Rogan route 4 start '369.0 -279.0 -296.0' goal ' 49.0 105.0 -296.0'
ARGEVT Joe Rogan swim
ARGEVT Romero route 4 start '721.0 -887.0 -232.0' goal '529.0 -311.0 -104.0'
ARGEVT Joe Rogan swim
ARGLOG Joe Rogan t 121.5 pos '385.1 -351.9 -385.5' spd 173.5 yaw 109.4 mode 2 st 0 gl 5 hp 15 frg 5
ARGEVT Joe Rogan swim
ARGLOG Romero t 121.5 pos '368.9 -53.8 -296.0' spd 322.6 yaw 280 mode 2 st 0 gl 4 hp 100 frg 2
ARGEVT Joe Rogan death world pos '355.5 -317.4 -385.4'
ARGEVT Romero rjump
ARGLOG Romero t 122.0 pos '386.6 -219.6 -254.8' spd 365.3 yaw 285 mode 2 st 0 gl 4 hp 90 frg 2
ARGEVT Carmack respawn
ARGEVT Carmack goal weapon_rocketlauncher
ARGLOG Carmack t 122.5 pos '-64.0 512.0 -296.0' spd 0 yaw 286.6 mode 0 st 1 gl 4 hp 100 frg 5
ARGEVT Carmack route 4 start '-15.0 553.0 -296.0' goal ' 49.0 105.0 -296.0'
ARGLOG Romero t 122.5 pos '379.2 -368.3 -81.6' spd  82.3 yaw 23 mode 1 st 0 gl 4 hp 90 frg 2
ARGEVT Carmack hazard
ARGLOG Carmack t 123.0 pos '-48.0 349.6 -296.0' spd 345.8 yaw 249 mode 2 st 1 gl 4 hp 100 frg 5
ARGLOG Romero t 123.1 pos '419.6 -391.5 -104.0' spd 198.1 yaw 38 mode 1 st 0 gl 4 hp 90 frg 2
ARGEVT Joe Rogan respawn
ARGEVT Joe Rogan goal weapon_rocketlauncher
ARGEVT Joe Rogan engage Romero
ARGLOG Joe Rogan t 123.3 pos '-64.0 -232.0 -72.0' spd 0 yaw 353.7 mode 0 st 0 gl 5 hp 100 frg 4
ARGEVT Romero goal 
ARGEVT Romero engage Joe Rogan
ARGEVT Romero weapon rl
ARGEVT Romero grab item_cells
ARGEVT Joe Rogan route 9 start '-47.0 -215.0 -72.0' goal ' 49.0 105.0 -296.0'
ARGLOG Carmack t 123.5 pos '-112.8 193.6 -296.0' spd 331.8 yaw 285.3 mode 2 st 1 gl 4 hp 100 frg 5
ARGEVT Romero weapon lg
ARGLOG Romero t 123.6 pos '462.2 -331.2 -104.0' spd 329.3 yaw 162.8 mode 0 st 0 gl 5 hp 90 frg 2
ARGEVT Romero route 4 start '401.0 -343.0 -104.0' goal '209.0 -311.0 -440.0'
ARGLOG Joe Rogan t 123.8 pos ' 35.8 -249.9 -72.0' spd 156.7 yaw 334.5 mode 2 st 0 gl 5 hp 100 frg 4
ARGLOG Carmack t 124.0 pos '-74.5  41.8 -296.0' spd 262.4 yaw 314 mode 1 st 1 gl 4 hp 100 frg 5
ARGLOG Romero t 124.1 pos '336.1 -437.4 -104.0' spd 320.0 yaw 144.1 mode 2 st 0 gl 5 hp 88 frg 2
ARGEVT Joe Rogan hazard
ARGEVT Carmack hazard
ARGLOG Joe Rogan t 124.3 pos '105.3 -252.1 -72.0' spd 325.6 yaw 304.0 mode 2 st 0 gl 5 hp 100 frg 4
ARGEVT Joe Rogan pursue
ARGLOG Carmack t 124.5 pos '-24.6 -107.0 -296.0' spd 374.5 yaw 348.9 mode 1 st 1 gl 4 hp 100 frg 5
ARGLOG Romero t 124.6 pos '288.2 -493.5 -104.0' spd 320.0 yaw 105.0 mode 2 st 0 gl 5 hp 88 frg 2
ARGLOG Joe Rogan t 124.9 pos '141.6 -269.8 -72.0' spd 443.1 yaw 330.2 mode 0 st 0 gl 5 hp 40 frg 4
ARGEVT Joe Rogan route 9 start '145.0 -279.0 -56.0' goal ' 49.0 105.0 -296.0'
ARGEVT Romero grab item_health
ARGEVT Joe Rogan retreat
ARGEVT Romero hazard
ARGLOG Carmack t 125.1 pos '-16.6 -73.7 -296.0' spd 320.1 yaw 93 mode 1 st 1 gl 4 hp 100 frg 5
ARGLOG Romero t 125.1 pos '427.3 -437.7 -104.0' spd  61.9 yaw 158.4 mode 2 st 0 gl 5 hp 84 frg 2
ARGEVT Joe Rogan death Romero pos '112.0 -312.9 -38.0'
ARGEVT Romero goal weapon_supernailgun
ARGEVT Romero route 7 start '497.0 -407.0 -104.0' goal '177.0 -55.0 -104.0'
ARGLOG Carmack t 125.6 pos ' 13.6  95.0 -296.0' spd 400.5 yaw 353.2 mode 1 st 1 gl 4 hp 100 frg 5
ARGLOG Romero t 125.6 pos '517.5 -430.4 -104.0' spd  64.9 yaw 209.8 mode 2 st 0 gl 5 hp 80 frg 3
ARGEVT Carmack goal 
ARGEVT Carmack hazard
ARGEVT Carmack route 4 start ' 49.0 105.0 -296.0' goal '209.0 -311.0 -440.0'
ARGEVT Romero hazard
ARGLOG Carmack t 126.1 pos ' 38.3  48.0 -296.0' spd 316.7 yaw 240 mode 2 st 1 gl 5 hp 100 frg 5
ARGLOG Romero t 126.2 pos '365.0 -407.0 -104.0' spd 325.2 yaw 88 mode 2 st 0 gl 5 hp 80 frg 3
ARGLOG Carmack t 126.6 pos '-71.1  -8.5 -296.0' spd 328.1 yaw 301 mode 2 st 1 gl 5 hp 100 frg 5
ARGLOG Romero t 126.7 pos '435.9 -356.9 -104.0' spd 320.0 yaw 130 mode 2 st 0 gl 5 hp 80 frg 3
ARGEVT Joe Rogan respawn
ARGEVT Joe Rogan goal weapon_supernailgun
ARGLOG Joe Rogan t 126.9 pos '272.0 -952.0  24.0' spd 0 yaw  16.6 mode 0 st 0 gl 5 hp 100 frg 4
ARGEVT Joe Rogan routefail
ARGEVT Joe Rogan goal 
ARGLOG Carmack t 127.1 pos '-16.9 -160.7 -296.0' spd 327.7 yaw 270.4 mode 2 st 1 gl 5 hp 100 frg 5
ARGEVT Joe Rogan route 6 start '305.0 -983.0  24.0' goal '145.0 -279.0 -56.0'
ARGLOG Romero t 127.2 pos '553.5 -239.9 -104.0' spd 401.8 yaw 140.6 mode 2 st 0 gl 5 hp 80 frg 3
ARGEVT Romero engage Carmack
ARGEVT Romero weapon rl
ARGEVT Carmack engage Romero
ARGLOG Joe Rogan t 127.4 pos '348.7 -817.3  24.0' spd 340.0 yaw 97 mode 2 st 0 gl 5 hp 100 frg 4
ARGEVT Romero weapon lg
ARGEVT Romero hazard
ARGLOG Carmack t 127.6 pos ' 37.5 -253.1 -296.0' spd 162.9 yaw   9.3 mode 2 st 1 gl 5 hp 100 frg 5
ARGLOG Romero t 127.7 pos '437.7 -223.1 -104.0' spd 106.7 yaw 182.0 mode 2 st 0 gl 5 hp 80 frg 3
ARGEVT Carmack hazard
ARGEVT Romero weapon rl
ARGLOG Joe Rogan t 127.9 pos '321.0 -652.5  24.0' spd 343.6 yaw 74 mode 2 st 0 gl 5 hp 100 frg 4
ARGEVT Joe Rogan engage Romero
ARGLOG Carmack t 128.2 pos ' 17.8 -217.6 -296.0' spd 150.6 yaw   8.2 mode 2 st 1 gl 5 hp 40 frg 5
ARGLOG Romero t 128.2 pos '522.0 -131.8 -104.0' spd 107.9 yaw 204.7 mode 2 st 0 gl 5 hp 80 frg 3
ARGLOG Joe Rogan t 128.4 pos '285.0 -506.0  24.0' spd 321.7 yaw  57.0 mode 2 st 0 gl 5 hp 100 frg 4
ARGEVT Carmack death Romero pos ' 91.2 -236.1 -296.0'
ARGEVT Joe Rogan grab 
ARGEVT Romero engage Joe Rogan
ARGEVT Romero weapon lg
ARGEVT Romero goal 
ARGLOG Romero t 128.7 pos '508.2 -122.3 -104.0' spd 327.7 yaw 226.3 mode 0 st 0 gl 5 hp 80 frg 4
ARGEVT Romero route 3 start '529.0 -183.0 -104.0' goal '113.0 -279.0 -296.0'
ARGLOG Joe Rogan t 128.9 pos '171.2 -364.2  -7.9' spd 320.1 yaw  44.5 mode 1 st 0 gl 5 hp 100 frg 4
ARGEVT Romero hazard
ARGEVT Joe Rogan goal weapon_grenadelauncher
ARGEVT Joe Rogan grab weapon_grenadelauncher
ARGEVT Joe Rogan route 3 start '145.0 -279.0 -56.0' goal '113.0 -407.0 -104.0'
ARGLOG Romero t 129.2 pos '489.4 -121.1 -104.0' spd 320.7 yaw 211.3 mode 2 st 0 gl 5 hp 76 frg 4
ARGEVT Joe Rogan hazard
ARGLOG Joe Rogan t 129.4 pos '126.3 -380.6  -8.0' spd 353.7 yaw  30.6 mode 2 st 0 gl 6 hp 70 frg 4
ARGEVT Joe Rogan jump
ARGEVT Joe Rogan retreat
ARGLOG Romero t 129.8 pos '539.0 -277.8 -104.0' spd 321.3 yaw 196.0 mode 2 st 0 gl 5 hp 76 frg 4
ARGLOG Joe Rogan t 130.0 pos '112.0 -426.6  63.2' spd  94.2 yaw   8.6 mode 2 st 0 gl 6 hp 10 frg 4
ARGEVT Joe Rogan death Romero pos '112.0 -431.5  62.1'
ARGEVT Carmack respawn
ARGEVT Romero goal item_armorInv
ARGEVT Romero hazard
ARGEVT Carmack goal weapon_supershotgun
ARGLOG Carmack t 130.2 pos '112.0 -1136.0 -104.0' spd 0 yaw  61.6 mode 1 st 1 gl 5 hp 100 frg 5
ARGLOG Romero t 130.3 pos '522.2 -417.7 -104.0' spd 330.7 yaw 187.8 mode 0 st 0 gl 5 hp 75 frg 5
ARGEVT Romero route 16 start '593.0 -439.0 -120.0' goal '817.0 -855.0 -232.0'
ARGEVT Romero engage Carmack
ARGEVT Romero weapon rl
ARGLOG Carmack t 130.7 pos '159.6 -988.1 -104.0' spd 320.0 yaw 76 mode 1 st 1 gl 5 hp 100 frg 5
ARGLOG Romero t 130.8 pos '365.1 -481.4 -108.0' spd 382.1 yaw 241.8 mode 0 st 0 gl 5 hp 75 frg 5
ARGEVT Romero weapon lg
ARGEVT Romero pursue
ARGEVT Romero route 18 start '241.0 -503.0 -104.0' goal '817.0 -855.0 -232.0'
ARGLOG Carmack t 131.2 pos '200.5 -827.5 -104.0' spd 320.0 yaw 77 mode 1 st 1 gl 5 hp 100 frg 5
ARGLOG Romero t 131.3 pos '264.2 -513.6 -104.0' spd 256.3 yaw   9.2 mode 2 st 0 gl 5 hp 75 frg 5
ARGEVT Carmack hazard
ARGEVT Joe Rogan respawn
ARGEVT Joe Rogan goal item_armorInv
ARGLOG Joe Rogan t 131.6 pos '776.0 -808.0 -232.0' spd 0 yaw 106.6 mode 1 st 0 gl 6 hp 100 frg 4
ARGEVT Carmack engage Romero
ARGLOG Carmack t 131.7 pos '316.4 -753.8 -104.0' spd 375.5 yaw  87.8 mode 1 st 1 gl 5 hp 70 frg 5
ARGEVT Romero weapon rl
ARGLOG Romero t 131.8 pos '336.7 -481.4 -108.0' spd 325.8 yaw 292.0 mode 2 st 0 gl 5 hp 75 frg 5
ARGEVT Joe Rogan hazard
ARGEVT Romero hazard
ARGLOG Joe Rogan t 132.1 pos '724.8 -749.7 -216.0' spd 337.1 yaw 229.2 mode 1 st 0 gl 6 hp 100 frg 4
ARGEVT Romero grab 
ARGEVT Carmack grab item_health
ARGLOG Carmack t 132.2 pos '453.4 -793.7 -104.0' spd 182.3 yaw 114.8 mode 1 st 1 gl 5 hp 70 frg 5
ARGEVT Romero pursue
ARGLOG Romero t 132.3 pos '214.3 -404.1 -104.0' spd 381.0 yaw 295 mode 2 st 0 gl 5 hp 70 frg 5
ARGEVT Carmack pursue
ARGLOG Joe Rogan t 132.6 pos '787.6 -904.2 -232.0' spd 406.6 yaw  34.4 mode 1 st 0 gl 6 hp 100 frg 4
ARGLOG Carmack t 132.7 pos '393.1 -804.8 -104.0' spd 262.4 yaw 115.8 mode 1 st 1 gl 5 hp 70 frg 5
ARGLOG Romero t 132.8 pos '173.8 -418.5 -104.0' spd 403.1 yaw 310.1 mode 2 st 0 gl 5 hp 63 frg 5
ARGEVT Carmack hazard
ARGEVT Carmack pursue
ARGEVT Romero pursue
ARGLOG Joe Rogan t 133.2 pos '800.3 -763.7 -232.0' spd 407.4 yaw 184 mode 1 st 0 gl 6 hp 100 frg 4
ARGEVT Romero route 18 start '113.0 -407.0 -104.0' goal '817.0 -855.0 -232.0'
ARGLOG Carmack t 133.3 pos '391.7 -752.6 -104.0' spd 320.9 yaw 169.6 mode 1 st 1 gl 5 hp 70 frg 5
ARGEVT Joe Rogan hazard
ARGLOG Romero t 133.4 pos '212.8 -431.7 -104.0' spd 320.3 yaw 347.4 mode 2 st 0 gl 5 hp 63 frg 5
ARGLOG Joe Rogan t 133.7 pos '720.0 -843.1 -232.0' spd 320.1 yaw 269 mode 1 st 0 gl 6 hp 100 frg 4
ARGLOG Carmack t 133.8 pos '343.0 -768.5 -104.0' spd 355.3 yaw 102.2 mode 1 st 1 gl 5 hp 70 frg 5
ARGLOG Romero t 133.9 pos '288.4 -461.6 -104.0' spd 280.0 yaw 304.2 mode 2 st 0 gl 5 hp 60 frg 5
ARGEVT Joe Rogan engage Romero
ARGEVT Carmack death Romero pos '413.9 -767.5 -104.0'
ARGEVT Joe Rogan grab 
ARGEVT Romero goal item_armorInv
ARGLOG Joe Rogan t 134.2 pos '385.0  26.4 -288.0' spd 199.0 yaw 275.7 mode 1 st 0 gl 6 hp 100 frg 4
ARGEVT Romero route 17 start '401.0 -471.0 -104.0' goal '817.0 -855.0 -232.0'
ARGEVT Romero hazard
ARGEVT Romero engage Joe Rogan
ARGEVT Romero grab item_cells
ARGLOG Romero t 134.4 pos '377.2 -517.4 -104.0' spd 395.7 yaw 176.2 mode 2 st 0 gl 5 hp 60 frg 6
ARGLOG Joe Rogan t 134.7 pos '394.4  -5.4 -296.0' spd 320.1 yaw 265.0 mode 1 st 0 gl 6 hp 100 frg 4
ARGEVT Joe Rogan pursue
ARGEVT Romero pursue
ARGLOG Romero t 134.9 pos '351.4 -597.4 -104.0' spd 311.0 yaw 85 mode 2 st 0 gl 5 hp 60 frg 6
ARGLOG Joe Rogan t 135.2 pos '385.2 -171.0 -296.0' spd 320.4 yaw 266 mode 1 st 0 gl 6 hp 100 frg 4
ARGLOG Romero t 135.4 pos '376.3 -433.1 -104.0' spd 320.1 yaw 87 mode 2 st 0 gl 5 hp 60 frg 6
ARGEVT Joe Rogan hazard
ARGEVT Carmack respawn
ARGEVT Romero retreat
ARGEVT Carmack goal item_armor2
ARGLOG Carmack t 135.5 pos '784.0 -176.0  24.0' spd 0 yaw 196.3 mode 0 st 1 gl 5 hp 100 frg 5
ARGEVT Carmack route 5 start '753.0 -151.0  24.0' goal '1169.0 -599.0  24.0'
ARGLOG Joe Rogan t 135.7 pos '398.8 -254.3 -296.0' spd 263.2 yaw 251.4 mode 1 st 0 gl 6 hp 100 frg 4
ARGEVT Carmack hazard
ARGLOG Romero t 135.9 pos '284.4 -504.6 -60.7' spd 280.5 yaw  73.8 mode 2 st 0 gl 5 hp 16 frg 6
ARGEVT Carmack engage Romero
ARGLOG Carmack t 136.0 pos '636.2 -185.1  24.0' spd 328.7 yaw 219.1 mode 2 st 1 gl 5 hp 100 frg 5
ARGEVT Romero pursue
ARGLOG Joe Rogan t 136.2 pos '350.8 -274.9 -296.0' spd 245.8 yaw 204.3 mode 1 st 0 gl 6 hp 100 frg 4
ARGEVT Romero death Carmack pos '317.4 -475.2 -104.0'
ARGEVT Joe Rogan engage Carmack
ARGEVT Carmack engage Joe Rogan
ARGEVT Joe Rogan grab 
ARGEVT Joe Rogan hazard
ARGEVT Carmack goal 
ARGLOG Carmack t 136.6 pos '476.5 -97.5  -7.9' spd 320.3 yaw 204.2 mode 0 st 1 gl 5 hp 100 frg 6
ARGEVT Carmack route 3 start '529.0 -23.0  24.0' goal '305.0 -407.0 -104.0'
ARGLOG Joe Rogan t 136.8 pos '204.2 -229.4 -296.0' spd 329.0 yaw  29.1 mode 1 st 0 gl 6 hp 100 frg 4
ARGEVT Carmack hazard
ARGLOG Carmack t 137.1 pos '446.5 -52.2 -104.0' spd 311.2 yaw 209.5 mode 2 st 1 gl 5 hp 96 frg 6
ARGLOG Joe Rogan t 137.3 pos ' 69.8 -248.8 -296.0' spd  73.4 yaw   1.3 mode 1 st 0 gl 6 hp 100 frg 4
ARGLOG Carmack t 137.6 pos '532.1 -189.4 -104.0' spd 324.9 yaw 185.3 mode 2 st 1 gl 5 hp 96 frg 6
ARGLOG Joe Rogan t 137.8 pos ' 76.2 -228.0 -296.0' spd 320.2 yaw 342.0 mode 1 st 0 gl 6 hp 84 frg 4
ARGEVT Joe Rogan hazard
ARGEVT Romero respawn
ARGEVT Romero goal item_health
ARGLOG Romero t 137.9 pos '-64.0 512.0 -296.0' spd 0 yaw 286.6 mode 1 st 0 gl 5 hp 100 frg 6
ARGLOG Carmack t 138.1 pos '522.4 -355.0 -104.0' spd 324.0 yaw 163.5 mode 2 st 1 gl 5 hp 96 frg 6
ARGLOG Joe Rogan t 138.3 pos '164.1 -241.9 -296.0' spd 323.4 yaw 315.3 mode 1 st 0 gl 6 hp 76 frg 4
ARGEVT Romero hazard
ARGLOG Romero t 138.5 pos ' 13.7 475.4 -296.0' spd 316.0 yaw  91.8 mode 1 st 0 gl 5 hp 100 frg 6
ARGEVT Carmack pursue
ARGEVT Joe Rogan pursue
ARGLOG Carmack t 138.6 pos '494.9 -359.7 -104.0' spd 354.6 yaw 161.6 mode 2 st 1 gl 5 hp 96 frg 6
ARGEVT Romero goal 
ARGLOG Joe Rogan t 138.8 pos '216.1 -237.7 -296.0' spd 310.9 yaw  13.8 mode 1 st 0 gl 6 hp 76 frg 4
ARGEVT Romero route 14 start '-15.0 553.0 -296.0' goal '305.0 -407.0 -104.0'
ARGLOG Romero t 139.0 pos '-58.6 611.9 -296.0' spd 383.7 yaw 272 mode 2 st 0 gl 6 hp 200 frg 6
ARGEVT Joe Rogan weapon sg
ARGEVT Carmack grab item_armor1
ARGLOG Carmack t 139.1 pos '466.8 -190.8 -104.0' spd 325.3 yaw 196.2 mode 2 st 1 gl 5 hp 96 frg 6
ARGLOG Joe Rogan t 139.3 pos '200.0 -237.0 -296.0' spd  46.9 yaw  28.4 mode 1 st 0 gl 6 hp 52 frg 4
ARGEVT Joe Rogan hazard
ARGEVT Carmack route 3 start '529.0 -23.0  24.0' goal '305.0 -407.0 -104.0'
ARGLOG Romero t 139.5 pos '-116.8 480.1 -296.0' spd 327.6 yaw 285 mode 2 st 0 gl 6 hp 200 frg 6
ARGEVT Romero hazard
ARGLOG Carmack t 139.7 pos '501.3 -31.7  81.1' spd  99.6 yaw 215.1 mode 2 st 1 gl 5 hp 16 frg 6
ARGEVT Carmack death Joe Rogan pos '491.9 -44.4 112.0'
ARGEVT Joe Rogan goal item_armorInv
ARGLOG Joe Rogan t 139.9 pos '316.1 -267.5 -296.0' spd 322.1 yaw 344.6 mode 0 st 0 gl 6 hp 52 frg 5
ARGEVT Joe Rogan route 16 start '369.0 -279.0 -296.0' goal '817.0 -855.0 -232.0'
ARGLOG Romero t 140.0 pos '-184.0 417.4 -296.0' spd 127.6 yaw 303 mode 2 st 0 gl 6 hp 200 frg 6
ARGLOG Joe Rogan t 140.4 pos '486.1 -231.6 -296.0' spd 350.2 yaw 53 mode 2 st 0 gl 6 hp 52 frg 5
ARGEVT Joe Rogan hazard
ARGLOG Romero t 140.5 pos '-144.7 409.6 -296.0' spd 346.8 yaw 296 mode 2 st 0 gl 6 hp 200 frg 6
ARGLOG Joe Rogan t 140.9 pos '635.7 -158.9 -296.0' spd 403.1 yaw 119.9 mode 2 st 0 gl 6 hp 52 frg 5
ARGLOG Romero t 141.0 pos '-39.0 276.1 -296.0' spd 330.0 yaw 265 mode 2 st 0 gl 6 hp 200 frg 6
ARGEVT Romero hazard
ARGEVT Carmack respawn
ARGLOG Joe Rogan t 141.4 pos '594.7  16.3 -296.0' spd 323.8 yaw 264 mode 2 st 0 gl 6 hp 52 frg 5
ARGEVT Carmack goal 
ARGLOG Carmack t 141.4 pos '-64.0 -232.0 -72.0' spd 0 yaw 356 mode 0 st 1 gl 5 hp 100 frg 6
ARGEVT Carmack route 5 start '-47.0 -215.0 -72.0' goal '529.0 -55.0 -104.0'
ARGLOG Romero t 141.6 pos '-76.1 110.4 -296.0' spd 320.3 yaw 285 mode 2 st 0 gl 6 hp 200 frg 6
ARGEVT Joe Rogan hazard
ARGLOG Joe Rogan t 141.9 pos '520.0 103.9 -296.0' spd 271.5 yaw 223.4 mode 0 st 0 gl 6 hp 77 frg 5
ARGLOG Carmack t 141.9 pos ' 93.0 -241.1 -72.0' spd 320.0 yaw 355 mode 2 st 1 gl 5 hp 100 frg 6
ARGEVT Joe Rogan route 13 start '529.0  73.0 -296.0' goal '817.0 -855.0 -232.0'
ARGLOG Romero t 142.1 pos '-75.8 -55.7 -296.0' spd 328.2 yaw 340 mode 2 st 0 gl 6 hp 200 frg 6
ARGEVT Carmack jump
ARGEVT Carmack route 5 start '145.0 -279.0 -56.0' goal '529.0 -55.0 -104.0'
ARGLOG Joe Rogan t 142.4 pos '613.2  16.6 -296.0' spd 325.4 yaw 355.9 mode 2 st 0 gl 6 hp 77 frg 5
ARGLOG Carmack t 142.4 pos '259.7 -250.1 -37.5' spd 327.3 yaw 237 mode 2 st 1 gl 5 hp 100 frg 6
ARGLOG Romero t 142.6 pos '-12.9 -211.4 -296.0' spd 322.1 yaw 3 mode 2 st 0 gl 6 hp 200 frg 6
ARGEVT Romero engage Carmack
ARGEVT Carmack engage Romero
ARGEVT Joe Rogan hazard
ARGLOG Joe Rogan t 143.0 pos '696.3 100.1 -296.0' spd 328.9 yaw 259 mode 2 st 0 gl 6 hp 77 frg 5
ARGLOG Carmack t 143.0 pos '415.4 -248.9 -101.5' spd 290.4 yaw 176.1 mode 2 st 1 gl 5 hp 100 frg 6
ARGLOG Romero t 143.1 pos ' 69.4 -246.4 -296.0' spd 172.9 yaw   1.7 mode 2 st 0 gl 6 hp 200 frg 6
ARGEVT Joe Rogan route 11 start '401.0 -887.0  24.0' goal '817.0 -855.0 -232.0'
ARGEVT Romero hazard
ARGLOG Joe Rogan t 143.5 pos '363.6 -800.0  24.0' spd 344.7 yaw 83 mode 2 st 0 gl 6 hp 77 frg 5
ARGLOG Carmack t 143.5 pos '420.6 -246.4 -296.0' spd 159.4 yaw 178.2 mode 1 st 1 gl 5 hp 80 frg 6
ARGLOG Romero t 143.6 pos '145.2 -232.8 -296.0' spd 288.3 yaw   6.4 mode 2 st 0 gl 6 hp 196 frg 6
ARGEVT Carmack hazard
ARGLOG Joe Rogan t 144.0 pos '360.3 -633.4  24.0' spd 320.5 yaw 82 mode 2 st 0 gl 6 hp 77 frg 5
ARGLOG Carmack t 144.0 pos '348.3 -136.9 -296.0' spd  95.2 yaw 215.9 mode 1 st 1 gl 5 hp 60 frg 6
ARGLOG Romero t 144.1 pos '235.3 -218.5 -296.0' spd 245.0 yaw  21.6 mode 2 st 0 gl 6 hp 195 frg 6
ARGEVT Romero hazard
ARGEVT Joe Rogan engage Carmack
ARGEVT Joe Rogan grab 
ARGLOG Joe Rogan t 144.5 pos '369.7 -468.3  24.0' spd 320.0 yaw  75.9 mode 2 st 0 gl 6 hp 77 frg 5
ARGLOG Carmack t 144.5 pos '387.4 -241.5 -296.0' spd 103.5 yaw 174.2 mode 1 st 1 gl 5 hp 36 frg 6
ARGEVT Carmack retreat
ARGLOG Romero t 144.7 pos '220.5 -224.0 -296.0' spd 341.6 yaw   2.8 mode 2 st 0 gl 6 hp 171 frg 6
ARGEVT Carmack jump
ARGEVT Carmack death Joe Rogan pos '370.3 -130.1 -257.1'
ARGEVT Romero engage Joe Rogan
ARGEVT Joe Rogan goal 
ARGEVT Joe Rogan engage Romero
ARGLOG Joe Rogan t 145.0 pos '217.4 -432.0 -53.1' spd  68.2 yaw 103.5 mode 0 st 0 gl 6 hp 77 frg 6
ARGEVT Joe Rogan route 3 start '209.0 -375.0 -104.0' goal '401.0 -183.0 -296.0'
ARGEVT Romero goal item_armorInv
ARGLOG Romero t 145.2 pos ' 71.9 -238.6 -296.0' spd 360.2 yaw 314.0 mode 0 st 0 gl 6 hp 146 frg 6
ARGEVT Romero route 17 start ' 17.0 -247.0 -296.0' goal '817.0 -855.0 -232.0'
ARGEVT Joe Rogan grab 
ARGLOG Joe Rogan t 145.5 pos '197.1 -432.0 -104.0' spd 264.9 yaw 119.5 mode 2 st 0 gl 6 hp 77 frg 6
ARGEVT Joe Rogan hazard
ARGLOG Romero t 145.7 pos ' 37.4 -256.6 -296.0' spd 320.6 yaw 302.9 mode 2 st 0 gl 6 hp 145 frg 6
ARGEVT Joe Rogan route 4 start '113.0 -407.0 -104.0' goal '401.0 -183.0 -296.0'
ARGEVT Joe Rogan pursue
ARGUS routecache adopt
ARGEVT Joe Rogan route 4 start '113.0 -407.0 -104.0' goal '401.0 -183.0 -296.0'
ARGLOG Joe Rogan t 146.1 pos '134.4 -386.7 -104.0' spd 288.1 yaw  77.3 mode 0 st 0 gl 6 hp 45 frg 6
ARGLOG Romero t 146.2 pos '170.6 -237.3 -296.0' spd 338.6 yaw 253.7 mode 2 st 0 gl 6 hp 145 frg 6
ARGUS routecache adopt
ARGEVT Joe Rogan route 4 start '113.0 -407.0 -104.0' goal '401.0 -183.0 -296.0'
ARGEVT Romero hazard
ARGEVT Joe Rogan retreat
ARGUS routecache adopt
ARGEVT Joe Rogan route 4 start '113.0 -407.0 -104.0' goal '401.0 -183.0 -296.0'
ARGEVT Carmack respawn
ARGLOG Joe Rogan t 146.6 pos '148.7 -432.0 -86.5' spd  30.0 yaw  76.0 mode 2 st 0 gl 6 hp 9 frg 6
ARGEVT Carmack goal weapon_rocketlauncher
ARGLOG Carmack t 146.6 pos '272.0 -952.0  24.0' spd 0 yaw  16.6 mode 0 st 1 gl 5 hp 100 frg 6
ARGUS routecache adopt
ARGEVT Joe Rogan route 4 start '113.0 -407.0 -104.0' goal '401.0 -183.0 -296.0'
ARGEVT Carmack route 12 start '305.0 -983.0  24.0' goal '721.0 -887.0 -232.0'
ARGLOG Romero t 146.7 pos '211.1 -238.0 -296.0' spd 324.3 yaw 257.5 mode 2 st 0 gl 6 hp 144 frg 6
ARGEVT Romero grab 
ARGLOG Joe Rogan t 147.1 pos '260.5 -432.0 -104.0' spd 320 yaw  94.8 mode 2 st 0 gl 6 hp 9 frg 6
ARGLOG Carmack t 147.1 pos '353.5 -817.7  24.0' spd 336.7 yaw 108 mode 2 st 1 gl 5 hp 100 frg 6
ARGEVT Joe Rogan death Joe Rogan pos '293.5 -432.0 -104.0'
ARGLOG Romero t 147.2 pos '181.2 -216.7 -296.0' spd 258.0 yaw 147.3 mode 2 st 0 gl 6 hp 144 frg 6
ARGLOG Carmack t 147.6 pos '332.2 -653.1  24.0' spd 320.1 yaw 104 mode 2 st 1 gl 5 hp 100 frg 6
ARGEVT Romero hazard
ARGLOG Romero t 147.8 pos ' 69.0 -261.1 -296.0' spd 367.6 yaw 312.1 mode 0 st 0 gl 6 hp 143 frg 6
ARGEVT Romero jump
ARGEVT Romero route 17 start '113.0 -279.0 -296.0' goal '817.0 -855.0 -232.0'
ARGLOG Carmack t 148.1 pos '296.4 -491.9  24.0' spd 326.6 yaw 38 mode 2 st 1 gl 5 hp 100 frg 6
ARGEVT Romero engage Carmack
ARGEVT Carmack engage Romero
ARGEVT Carmack grab 
ARGLOG Romero t 148.3 pos '191.7 -266.9 -261.1' spd 259.6 yaw 289.2 mode 2 st 0 gl 6 hp 143 frg 6
ARGLOG Carmack t 148.6 pos '352.7 -399.8 -35.9' spd 234.6 yaw 115.2 mode 2 st 1 gl 5 hp 100 frg 6
ARGEVT Joe Rogan respawn
ARGEVT Joe Rogan goal weapon_lightning
ARGLOG Joe Rogan t 148.7 pos '112.0 -1136.0 -104.0' spd 0 yaw  61.6 mode 0 st 0 gl 6 hp 100 frg 5
ARGEVT Carmack grab item_health
ARGEVT Joe Rogan route 6 start ' 81.0 -1079.0 -104.0' goal '529.0 -311.0 -104.0'
ARGLOG Romero t 148.8 pos '288.4 -226.2 -296.0' spd 320.6 yaw 295.1 mode 2 st 0 gl 6 hp 118 frg 6
ARGEVT Carmack weapon sg
ARGEVT Carmack hazard
ARGLOG Carmack t 149.2 pos '397.2 -522.9 -104.0' spd 436.5 yaw  87.4 mode 2 st 1 gl 5 hp 37 frg 6
ARGEVT Joe Rogan engage Carmack
ARGEVT Romero pursue
ARGEVT Carmack pursue
ARGEVT Joe Rogan grab weapon_supershotgun
ARGLOG Joe Rogan t 149.3 pos '233.1 -1030.1 -104.0' spd 385.4 yaw  67.8 mode 2 st 0 gl 6 hp 100 frg 5
ARGLOG Romero t 149.3 pos '440.9 -221.8 -296.0' spd 345.6 yaw 292.6 mode 2 st 0 gl 6 hp 118 frg 6
ARGEVT Romero hazard
ARGLOG Carmack t 149.7 pos '320.7 -424.0 -104.0' spd 334.9 yaw  66.4 mode 2 st 1 gl 5 hp 33 frg 6
ARGEVT Joe Rogan grab 
ARGLOG Joe Rogan t 149.8 pos '262.7 -926.5 -104.0' spd 375.5 yaw  83.5 mode 2 st 0 gl 6 hp 100 frg 5
ARGLOG Romero t 149.8 pos '586.6 -260.3 -296.0' spd 366.7 yaw  64.2 mode 2 st 0 gl 6 hp 117 frg 6
ARGLOG Carmack t 150.2 pos '432.1 -404.3 -104.0' spd 373.2 yaw  31.6 mode 2 st 1 gl 5 hp 21 frg 6
ARGLOG Joe Rogan t 150.3 pos '336.3 -771.2 -104.0' spd 335.3 yaw  70.1 mode 2 st 0 gl 6 hp 100 frg 5
ARGEVT Carmack jump
ARGLOG Romero t 150.3 pos '596.6 -84.3 -296.0' spd 389.9 yaw 129.8 mode 2 st 0 gl 6 hp 117 frg 6
ARGEVT Joe Rogan pursue
ARGLOG Carmack t 150.7 pos '555.3 -296.8 -69.0' spd 332.0 yaw 163 mode 2 st 1 gl 5 hp 21 frg 6
ARGLOG Joe Rogan t 150.8 pos '329.3 -623.5 -104.0' spd 257.0 yaw  54.8 mode 2 st 0 gl 6 hp 100 frg 5
ARGLOG Romero t 150.8 pos '596.7  83.9 -296.0' spd 354.8 yaw 141.9 mode 2 st 0 gl 6 hp 116 frg 6
ARGEVT Romero hazard
ARGLOG Carmack t 151.2 pos '484.7 -172.8 -104.0' spd 346.7 yaw 209.3 mode 2 st 1 gl 5 hp 21 frg 6
ARGEVT Carmack hazard
ARGEVT Romero route 11 start '401.0 -887.0  24.0' goal '817.0 -855.0 -232.0'
ARGEVT Joe Rogan grab 
ARGLOG Joe Rogan t 151.3 pos '274.3 -502.4 -104.0' spd 321.3 yaw  55.5 mode 2 st 0 gl 6 hp 100 frg 5
ARGLOG Romero t 151.4 pos '357.5 -804.8  24.0' spd 377.6 yaw  88.7 mode 2 st 0 gl 6 hp 116 frg 6
ARGEVT Carmack death Joe Rogan pos '457.8 -307.6 -104.0'
ARGEVT Joe Rogan hazard
ARGEVT Joe Rogan goal item_artifact_super_damage
ARGLOG Joe Rogan t 151.8 pos '231.3 -408.0 -104.0' spd 343.3 yaw  49.8 mode 0 st 0 gl 6 hp 100 frg 6
ARGLOG Romero t 151.9 pos '316.8 -644.2  24.0' spd 320.1 yaw 110 mode 2 st 0 gl 6 hp 115 frg 6
ARGEVT Joe Rogan routefail
ARGEVT Joe Rogan goal weapon_lightning
ARGEVT Joe Rogan route 2 start '209.0 -375.0 -104.0' goal '529.0 -311.0 -104.0'
ARGLOG Joe Rogan t 152.3 pos '302.9 -406.0 -104.0' spd 359.6 yaw 22 mode 2 st 0 gl 6 hp 100 frg 6
ARGLOG Romero t 152.4 pos '294.7 -477.5  24.0' spd 321.3 yaw 36 mode 2 st 0 gl 6 hp 115 frg 6
ARGEVT Joe Rogan engage Romero
ARGEVT Romero engage Joe Rogan
ARGEVT Romero grab 
ARGLOG Joe Rogan t 152.9 pos '247.2 -427.2 -104.0' spd 320.1 yaw 150.7 mode 2 st 0 gl 6 hp 100 frg 6
ARGLOG Romero t 152.9 pos '113.0 -381.9  28.5' spd  31.6 yaw 342.8 mode 0 st 0 gl 6 hp 62 frg 6
ARGEVT Romero route 10 start '113.0 -375.0  -8.0' goal '817.0 -855.0 -232.0'
ARGEVT Carmack respawn
ARGEVT Carmack goal weapon_rocketlauncher
ARGLOG Carmack t 153.2 pos '776.0 -808.0 -232.0' spd 0 yaw 106.6 mode 1 st 1 gl 5 hp 100 frg 6
ARGLOG Joe Rogan t 153.4 pos '272.5 -489.2 -104.0' spd 329.8 yaw 152.2 mode 2 st 0 gl 6 hp 92 frg 6
ARGLOG Romero t 153.4 pos '148.2 -416.1   8.0' spd 251.3 yaw 314.2 mode 2 st 0 gl 6 hp 62 frg 6
ARGEVT Joe Rogan hazard
ARGEVT Carmack hazard
ARGEVT Romero pursue
ARGEVT Joe Rogan pursue
ARGEVT Joe Rogan route 2 start '241.0 -503.0 -104.0' goal '529.0 -311.0 -104.0'
ARGLOG Carmack t 153.7 pos '726.6 -833.5 -232.0' spd 362.9 yaw 310.3 mode 1 st 1 gl 5 hp 100 frg 6
ARGEVT Carmack goal 
ARGEVT Carmack route 5 start '721.0 -887.0 -232.0' goal '433.0 -247.0 -104.0'
ARGLOG Joe Rogan t 153.9 pos '256.8 -443.0 -104.0' spd 326.6 yaw 227.0 mode 2 st 0 gl 6 hp 92 frg 6
ARGLOG Romero t 153.9 pos '218.0 -508.1  24.0' spd 395.4 yaw  83.0 mode 2 st 0 gl 6 hp 62 frg 6
ARGEVT Carmack route 6 start '817.0 -855.0 -232.0' goal '433.0 -247.0 -104.0'
ARGLOG Carmack t 154.2 pos '840.2 -884.3 -232.0' spd 321.1 yaw 115 mode 2 st 1 gl 6 hp 100 frg 6
ARGLOG Joe Rogan t 154.4 pos '116.5 -417.6 -104.0' spd  67.3 yaw 340.3 mode 2 st 0 gl 6 hp 92 frg 6
ARGEVT Romero pursue
ARGEVT Joe Rogan pursue
ARGLOG Romero t 154.5 pos '386.5 -496.7  24.0' spd 347.2 yaw  71.0 mode 2 st 0 gl 6 hp 62 frg 6
ARGEVT Romero grab weapon_lightning
ARGEVT Carmack hazard
ARGEVT Joe Rogan hazard
ARGLOG Carmack t 154.8 pos '731.1 -759.0 -232.0' spd 332.3 yaw 112 mode 2 st 1 gl 6 hp 100 frg 6
ARGLOG Joe Rogan t 154.9 pos '117.4 -409.8 -104.0' spd 230.6 yaw   4.8 mode 2 st 0 gl 6 hp 92 frg 6
ARGLOG Romero t 155.0 pos '506.8 -346.2 -17.9' spd 367.8 yaw 188.6 mode 2 st 0 gl 6 hp 50 frg 6
ARGEVT Romero grab item_health
ARGEVT Joe Rogan goal weapon_rocketlauncher
ARGEVT Joe Rogan route 8 start '113.0 -407.0 -104.0' goal ' 49.0 105.0 -296.0'
ARGLOG Carmack t 155.3 pos '720.0 -890.6 -232.0' spd 365.1 yaw 205.1 mode 0 st 1 gl 6 hp 100 frg 6
ARGEVT Carmack route 5 start '721.0 -887.0 -232.0' goal '433.0 -247.0 -104.0'
ARGEVT Joe Rogan retreat
ARGEVT Joe Rogan retreat
ARGEVT Joe Rogan retreat
ARGLOG Joe Rogan t 155.4 pos '116.8 -384.1 -104.0' spd 174.2 yaw   6.4 mode 2 st 0 gl 6 hp 32 frg 6
ARGEVT Joe Rogan retreat
ARGLOG Romero t 155.5 pos '536.0 -378.8 -104.0' spd 322.5 yaw 186.2 mode 2 st 0 gl 6 hp 50 frg 6
ARGUS routecache adopt
ARGEVT Carmack route 5 start '721.0 -887.0 -232.0' goal '433.0 -247.0 -104.0'
ARGEVT Joe Rogan retreat
ARGEVT Joe Rogan retreat
ARGEVT Joe Rogan retreat
ARGEVT Joe Rogan retreat
ARGUS routecache adopt
ARGEVT Carmack route 5 start '721.0 -887.0 -232.0' goal '433.0 -247.0 -104.0'
ARGEVT Joe Rogan retreat
ARGEVT Joe Rogan hazard
ARGEVT Joe Rogan retreat
ARGLOG Carmack t 155.8 pos '720.0 -801.4 -232.0' spd 348.9 yaw 111 mode 2 st 1 gl 6 hp 100 frg 6
ARGEVT Joe Rogan retreat
ARGEVT Carmack hazard
ARGEVT Joe Rogan retreat
ARGEVT Joe Rogan retreat
ARGLOG Joe Rogan t 155.9 pos '125.8 -409.4 -104.0' spd 281.3 yaw 358.4 mode 2 st 0 gl 6 hp 32 frg 6
ARGEVT Joe Rogan retreat
ARGLOG Romero t 156.0 pos '560.3 -412.3 -104.0' spd 257.6 yaw 183.4 mode 2 st 0 gl 6 hp 38 frg 6
ARGEVT Joe Rogan retreat
ARGEVT Joe Rogan retreat
ARGEVT Joe Rogan retreat
ARGEVT Joe Rogan retreat
ARGEVT Joe Rogan retreat
ARGEVT Joe Rogan retreat
ARGLOG Carmack t 156.3 pos '720.6 -824.5 -232.0' spd 320.0 yaw 254.4 mode 2 st 1 gl 6 hp 100 frg 6
ARGEVT Joe Rogan retreat
ARGEVT Joe Rogan retreat
ARGEVT Joe Rogan death Romero pos '118.4 -386.0 -104.0'
ARGEVT Romero goal item_health
ARGLOG Romero t 156.5 pos '564.1 -421.7 -104.0' spd 231.4 yaw 188.0 mode 0 st 0 gl 6 hp 34 frg 7
ARGEVT Romero jump
ARGUS routecache adopt
ARGEVT Carmack route 5 start '721.0 -887.0 -232.0' goal '433.0 -247.0 -104.0'
ARGEVT Romero route 9 start '593.0 -439.0 -120.0' goal '497.0 -471.0  24.0'
ARGEVT Carmack route 5 start '721.0 -887.0 -232.0' goal '433.0 -247.0 -104.0'
ARGLOG Carmack t 156.8 pos '720.0 -846.9 -232.0' spd 329.3 yaw 109 mode 0 st 1 gl 6 hp 100 frg 6
ARGEVT Carmack route 6 start '721.0 -759.0 -232.0' goal '433.0 -247.0 -104.0'
ARGLOG Romero t 157.0 pos '455.5 -432.0 -81.8' spd 210.5 yaw 175 mode 2 st 0 gl 6 hp 34 frg 7
ARGEVT Carmack hazard
ARGLOG Carmack t 157.3 pos '730.1 -721.2 -216.0' spd 113.9 yaw 113 mode 2 st 1 gl 6 hp 100 frg 6
ARGLOG Romero t 157.6 pos '306.8 -422.7 -104.0' spd 320.0 yaw 174 mode 2 st 0 gl 6 hp 34 frg 7
ARGLOG Carmack t 157.9 pos '720.0 -871.1 -232.0' spd 362.2 yaw 204.8 mode 0 st 1 gl 6 hp 100 frg 6
ARGEVT Romero route 10 start '209.0 -375.0 -104.0' goal '497.0 -471.0  24.0'
ARGEVT Joe Rogan respawn
ARGEVT Carmack route 5 start '721.0 -887.0 -232.0' goal '433.0 -247.0 -104.0'
ARGEVT Joe Rogan goal weapon_rocketlauncher
ARGLOG Joe Rogan t 158.0 pos '784.0 -176.0  24.0' spd 0 yaw 196.6 mode 0 st 0 gl 6 hp 100 frg 6
ARGLOG Romero t 158.1 pos '141.9 -394.0 -104.0' spd 361.5 yaw 109.1 mode 0 st 0 gl 6 hp 34 frg 7
ARGEVT Joe Rogan engage Romero
ARGEVT Romero engage Joe Rogan
ARGEVT Romero weapon ssg
ARGEVT Romero retreat
ARGEVT Joe Rogan route 6 start '753.0 -151.0  24.0' goal ' 49.0 105.0 -296.0'
ARGEVT Romero route 11 start '113.0 -407.0 -104.0' goal '497.0 -471.0  24.0'
ARGLOG Carmack t 158.4 pos '720.0 -806.6 -232.0' spd 326.4 yaw 105 mode 0 st 1 gl 6 hp 100 frg 6
ARGEVT Carmack route 6 start '721.0 -759.0 -232.0' goal '433.0 -247.0 -104.0'
ARGEVT Romero hazard
ARGLOG Joe Rogan t 158.5 pos '650.3 -208.0  24.0' spd 333.7 yaw 198.3 mode 2 st 0 gl 6 hp 100 frg 6
ARGLOG Romero t 158.6 pos '137.3 -429.9 -104.0' spd 211.2 yaw  25.2 mode 0 st 0 gl 6 hp 22 frg 7
ARGEVT Carmack hazard
ARGEVT Joe Rogan grab 
ARGEVT Romero route 11 start '113.0 -407.0 -104.0' goal '497.0 -471.0  24.0'
ARGEVT Romero weapon lg
ARGLOG Carmack t 158.9 pos '720.0 -760.4 -232.0' spd 163.2 yaw 112 mode 2 st 1 gl 6 hp 100 frg 6
ARGUS routecache adopt
ARGEVT Romero route 11 start '113.0 -407.0 -104.0' goal '497.0 -471.0  24.0'
ARGLOG Joe Rogan t 159.0 pos '472.4 -241.7  -7.7' spd 320.5 yaw 206.3 mode 2 st 0 gl 6 hp 96 frg 6
ARGLOG Romero t 159.1 pos '112.0 -396.6 -104.0' spd  98.0 yaw  23.0 mode 2 st 0 gl 6 hp 2 frg 7
ARGUS routecache adopt
ARGEVT Romero route 11 start '113.0 -407.0 -104.0' goal '497.0 -471.0  24.0'
ARGEVT Carmack goal item_rockets
ARGEVT Carmack route 7 start '721.0 -887.0 -232.0' goal '401.0 -759.0 -104.0'
ARGEVT Romero retreat
ARGUS routecache adopt
ARGEVT Carmack route 7 start '721.0 -887.0 -232.0' goal '401.0 -759.0 -104.0'
ARGLOG Carmack t 159.4 pos '720.0 -912.0 -232.0' spd 0 yaw 204.4 mode 0 st 1 gl 6 hp 100 frg 6
ARGEVT Joe Rogan death Romero pos '580.4 -272.1 -104.0'
ARGEVT Romero route 11 start '113.0 -407.0 -104.0' goal '497.0 -471.0  24.0'
ARGEVT Romero goal item_health
ARGLOG Romero t 159.6 pos '121.7 -385.1 -104.0' spd  99.9 yaw 293.3 mode 0 st 0 gl 6 hp 2 frg 8
ARGEVT Romero route 15 start '113.0 -407.0 -104.0' goal '-239.0 -471.0 -72.0'
ARGEVT Romero hazard
ARGEVT Carmack route 8 start '721.0 -759.0 -232.0' goal '401.0 -759.0 -104.0'
ARGLOG Carmack t 159.9 pos '720.0 -766.4 -232.0' spd 328.2 yaw 107 mode 2 st 1 gl 6 hp 100 frg 6
ARGLOG Romero t 160.1 pos '258.0 -424.8 -104.0' spd 331.4 yaw 28 mode 2 st 0 gl 6 hp 2 frg 8
ARGLOG Carmack t 160.4 pos '720.0 -752.0 -232.0' spd 0 yaw 108 mode 2 st 1 gl 6 hp 100 frg 6
ARGLOG Romero t 160.6 pos '419.8 -377.5 -104.0' spd 336.0 yaw 40 mode 2 st 0 gl 6 hp 2 frg 8
ARGLOG Carmack t 161.0 pos '720.0 -752.0 -232.0' spd 0 yaw 108 mode 2 st 1 gl 6 hp 100 frg 6
ARGEVT Joe Rogan respawn
ARGEVT Joe Rogan goal weapon_rocketlauncher
ARGLOG Joe Rogan t 161.1 pos '-64.0 512.0 -296.0' spd 0 yaw 286.3 mode 0 st 0 gl 6 hp 100 frg 6
ARGEVT Joe Rogan route 4 start '-15.0 553.0 -296.0' goal ' 49.0 105.0 -296.0'
ARGLOG Romero t 161.2 pos '548.0 -268.9 -104.0' spd 358.1 yaw 74 mode 2 st 0 gl 6 hp 2 frg 8
ARGEVT Joe Rogan hazard
ARGLOG Carmack t 161.5 pos '720.0 -752.0 -232.0' spd 0 yaw 102 mode 2 st 1 gl 6 hp 100 frg 6
ARGLOG Joe Rogan t 161.6 pos '-46.4 351.8 -296.0' spd 322.8 yaw 269.6 mode 2 st 0 gl 6 hp 100 frg 6
ARGLOG Romero t 161.7 pos '530.1 -100.0 -104.0' spd 390.7 yaw 186.6 mode 2 st 0 gl 6 hp 2 frg 8
ARGEVT Romero hazard
ARGLOG Carmack t 162.0 pos '720.0 -752.0 -232.0' spd 0 yaw 107 mode 2 st 1 gl 6 hp 100 frg 6
ARGLOG Joe Rogan t 162.1 pos '-48.7 181.3 -296.0' spd 361.4 yaw 240.6 mode 2 st 0 gl 6 hp 100 frg 6
ARGLOG Romero t 162.2 pos '503.6 -196.2 -104.0' spd 326.2 yaw 312 mode 2 st 0 gl 6 hp 2 frg 8
ARGLOG Carmack t 162.5 pos '720.0 -752.0 -232.0' spd 0 yaw 107 mode 2 st 1 gl 6 hp 100 frg 6
ARGEVT Joe Rogan hazard
ARGLOG Joe Rogan t 162.7 pos '  7.3  60.0 -296.0' spd 330.7 yaw 3 mode 1 st 0 gl 6 hp 100 frg 6
ARGLOG Romero t 162.7 pos '624.0 -205.1 -104.0' spd 320.0 yaw 89 mode 2 st 0 gl 6 hp 2 frg 8
ARGEVT Joe Rogan goal weapon_supernailgun
ARGEVT Joe Rogan route 7 start ' 49.0 105.0 -296.0' goal '177.0 -55.0 -104.0'
ARGLOG Carmack t 163.0 pos '720.0 -752.0 -232.0' spd 0 yaw 107 mode 2 st 1 gl 6 hp 100 frg 6
ARGLOG Joe Rogan t 163.2 pos '101.1  80.6 -296.0' spd 228.5 yaw 233 mode 2 st 0 gl 7 hp 100 frg 6
ARGLOG Romero t 163.2 pos '589.5 -43.0 -104.0' spd 372.4 yaw 78 mode 2 st 0 gl 6 hp 2 frg 8
ARGEVT Romero hazard
ARGLOG Carmack t 163.5 pos '720.0 -752.0 -232.0' spd 0 yaw 107 mode 2 st 1 gl 6 hp 100 frg 6
ARGLOG Joe Rogan t 163.7 pos '-62.8  44.1 -296.0' spd 365.3 yaw 261 mode 2 st 0 gl 7 hp 100 frg 6
ARGEVT Joe Rogan hazard
ARGLOG Romero t 163.7 pos '592.9 -50.0 -104.0' spd 149.9 yaw 80 mode 2 st 0 gl 6 hp 2 frg 8
ARGLOG Carmack t 164.0 pos '720.0 -752.0 -232.0' spd 0 yaw 107 mode 2 st 1 gl 6 hp 100 frg 6
ARGLOG Joe Rogan t 164.2 pos '-79.6 -123.5 -296.0' spd 322.9 yaw 346 mode 2 st 0 gl 7 hp 100 frg 6
ARGLOG Romero t 164.3 pos '618.6 -101.3 -104.0' spd 101.0 yaw 88 mode 2 st 0 gl 6 hp 2 frg 8
ARGEVT Romero engage Joe Rogan
ARGEVT Romero weapon ssg
ARGEVT Romero retreat
ARGEVT Joe Rogan engage Romero
ARGEVT Carmack stall
ARGEVT Carmack stallnode '721.0 -887.0 -232.0'
ARGLOG Carmack t 164.6 pos '720.0 -752.0 -232.0' spd 0 yaw 273.5 mode 0 st 2 gl 6 hp 100 frg 6
ARGEVT Carmack jump
ARGLOG Joe Rogan t 164.7 pos '-55.4 -261.0 -296.0' spd 343.9 yaw  40.0 mode 2 st 0 gl 7 hp 100 frg 6
ARGLOG Romero t 164.8 pos '568.2  -7.9 -104.0' spd 320.0 yaw 207.3 mode 2 st 0 gl 6 hp 2 frg 8
ARGEVT Carmack route 8 start '721.0 -759.0 -232.0' goal '401.0 -759.0 -104.0'
ARGEVT Joe Rogan hazard
ARGLOG Carmack t 165.1 pos '720.0 -737.2 -209.8' spd  18.7 yaw 112 mode 2 st 2 gl 6 hp 100 frg 6
ARGLOG Joe Rogan t 165.2 pos '104.1 -224.3 -296.0' spd 338.3 yaw  26.0 mode 2 st 0 gl 7 hp 100 frg 6
ARGEVT Romero pursue
ARGLOG Romero t 165.3 pos '551.3  -4.4 -104.0' spd 166.3 yaw 205 mode 2 st 0 gl 6 hp 2 frg 8
ARGEVT Joe Rogan pursue
ARGEVT Romero weapon lg
ARGUS routecache adopt
ARGEVT Carmack route 7 start '721.0 -887.0 -232.0' goal '401.0 -759.0 -104.0'
ARGLOG Carmack t 165.6 pos '720.0 -875.3 -232.0' spd 320.0 yaw 261 mode 0 st 2 gl 6 hp 100 frg 6
ARGLOG Joe Rogan t 165.8 pos '291.8 -255.6 -296.0' spd 371.4 yaw  31.7 mode 2 st 0 gl 7 hp 100 frg 6
ARGLOG Romero t 165.8 pos '553.6 -53.1 -104.0' spd 320.3 yaw 220.7 mode 2 st 0 gl 6 hp 2 frg 8
ARGUS routecache adopt
ARGEVT Carmack route 7 start '721.0 -887.0 -232.0' goal '401.0 -759.0 -104.0'
ARGEVT Joe Rogan pursue
ARGEVT Romero pursue
ARGUS routecache adopt
ARGEVT Carmack route 7 start '721.0 -887.0 -232.0' goal '401.0 -759.0 -104.0'
ARGLOG Carmack t 166.1 pos '720.0 -912.0 -232.0' spd 0 yaw 260.7 mode 0 st 2 gl 6 hp 100 frg 6
ARGEVT Joe Rogan hazard
ARGUS routecache adopt
ARGEVT Carmack route 7 start '721.0 -887.0 -232.0' goal '401.0 -759.0 -104.0'
ARGLOG Joe Rogan t 166.3 pos '430.3 -207.5 -296.0' spd 352.4 yaw 103.6 mode 2 st 0 gl 7 hp 100 frg 6
ARGLOG Romero t 166.3 pos '511.0 -103.6 -104.0' spd 320.0 yaw 208 mode 2 st 0 gl 6 hp 2 frg 8
ARGEVT Romero hazard
ARGUS routecache adopt
ARGEVT Carmack route 7 start '721.0 -887.0 -232.0' goal '401.0 -759.0 -104.0'
ARGUS routecache adopt
ARGEVT Carmack route 7 start '721.0 -887.0 -232.0' goal '401.0 -759.0 -104.0'
ARGLOG Carmack t 166.6 pos '720.0 -912.0 -232.0' spd 0 yaw 261 mode 0 st 2 gl 6 hp 100 frg 6
ARGEVT Carmack stall
ARGEVT Carmack jump
ARGLOG Joe Rogan t 166.8 pos '341.9 -160.3 -296.0' spd  97.7 yaw  17.0 mode 2 st 0 gl 7 hp 70 frg 6
ARGLOG Romero t 166.8 pos '525.4 -82.3 -104.0' spd 322.7 yaw 210.1 mode 2 st 0 gl 6 hp 2 frg 8
ARGUS routecache adopt
ARGEVT Carmack route 7 start '721.0 -887.0 -232.0' goal '401.0 -759.0 -104.0'
ARGUS routecache adopt
ARGEVT Carmack route 7 start '721.0 -887.0 -232.0' goal '401.0 -759.0 -104.0'
ARGEVT Joe Rogan pursue
ARGEVT Romero pursue
ARGLOG Carmack t 167.1 pos '720.0 -912.0 -197.1' spd 0 yaw 261 mode 0 st 3 gl 6 hp 100 frg 6
ARGUS routecache adopt
ARGEVT Carmack route 7 start '721.0 -887.0 -232.0' goal '401.0 -759.0 -104.0'
ARGLOG Joe Rogan t 167.3 pos '442.7 -218.4 -296.0' spd 369.5 yaw 102.6 mode 2 st 0 gl 7 hp 44 frg 6
ARGEVT Joe Rogan hazard
ARGLOG Romero t 167.3 pos '530.0 -50.8 -104.0' spd 328.8 yaw 210 mode 2 st 0 gl 6 hp 2 frg 8
ARGUS routecache adopt
ARGEVT Carmack route 7 start '721.0 -887.0 -232.0' goal '401.0 -759.0 -104.0'
ARGEVT Carmack stall
ARGEVT Carmack jump
ARGEVT Romero hazard
ARGLOG Carmack t 167.7 pos '724.7 -911.6 -197.6' spd 30 yaw   4.0 mode 0 st 4 gl 6 hp 100 frg 6
ARGEVT Joe Rogan grab weapon_nailgun
ARGLOG Joe Rogan t 167.8 pos '411.6 -198.9 -296.0' spd 351.4 yaw  98.9 mode 2 st 0 gl 7 hp 44 frg 6
ARGLOG Romero t 167.9 pos '466.9 -87.1 -104.0' spd 128.8 yaw 229.7 mode 2 st 0 gl 6 hp 2 frg 8
ARGEVT Carmack engage Joe Rogan
ARGEVT Carmack grab weapon_nailgun
ARGEVT Joe Rogan pursue
ARGLOG Carmack t 168.2 pos '368.0   9.8 -273.6' spd 300 yaw 261.0 mode 0 st 4 gl 6 hp 100 frg 6
ARGEVT Romero pursue
ARGEVT Carmack weapon ng
ARGLOG Joe Rogan t 168.3 pos '334.8 -192.3 -296.0' spd 322.8 yaw 45 mode 2 st 0 gl 7 hp 44 frg 6
ARGLOG Romero t 168.4 pos '562.6 -47.1 -104.0' spd 190.5 yaw 219 mode 2 st 0 gl 6 hp 2 frg 8
ARGEVT Joe Rogan hazard
ARGLOG Carmack t 168.7 pos '400.0  13.1 -296.0' spd 321.4 yaw 268.1 mode 0 st 4 gl 6 hp 100 frg 6
ARGEVT Romero hazard
ARGLOG Joe Rogan t 168.8 pos '384.0 -49.3 -296.0' spd 333.8 yaw 142.9 mode 2 st 0 gl 7 hp 17 frg 6
ARGLOG Romero t 168.9 pos '465.3 -173.7 -104.0' spd 273.2 yaw 126.3 mode 2 st 0 gl 6 hp 2 frg 8
ARGEVT Joe Rogan death Romero pos '348.6 -22.1 -296.0'
ARGEVT Romero engage Carmack
ARGEVT Romero retreat
ARGEVT Carmack goal 
ARGEVT Carmack engage Romero
ARGEVT Carmack weapon rl
ARGEVT Carmack grab 
ARGEVT Romero goal item_health
ARGEVT Carmack jump
ARGLOG Carmack t 169.2 pos '336.0  28.5 -266.5' spd 122.6 yaw 292.0 mode 1 st 4 gl 6 hp 100 frg 6
ARGEVT Romero route 9 start '433.0 -247.0 -104.0' goal '497.0 -471.0  24.0'
ARGLOG Romero t 169.4 pos '479.5 -333.9 -104.0' spd 320.3 yaw 112.3 mode 2 st 0 gl 6 hp 2 frg 9
ARGEVT Carmack goal weapon_supernailgun
ARGEVT Carmack route 6 start '337.0   9.0 -296.0' goal '177.0 -55.0 -104.0'
ARGLOG Carmack t 169.7 pos '362.0 -28.6 -286.3' spd 123.2 yaw 284.1 mode 2 st 4 gl 7 hp 100 frg 6
ARGEVT Carmack hazard
ARGEVT Carmack pursue
ARGEVT Romero pursue
ARGLOG Romero t 169.9 pos '509.1 -420.8 -104.0' spd 153.9 yaw 110 mode 2 st 0 gl 6 hp 2 frg 9
ARGLOG Carmack t 170.2 pos '372.0 -179.0 -296.0' spd 325.4 yaw 303 mode 2 st 4 gl 7 hp 100 frg 6
ARGLOG Romero t 170.4 pos '474.6 -263.3 -104.0' spd 320.8 yaw 115 mode 2 st 0 gl 6 hp 2 frg 9
ARGEVT Joe Rogan respawn
ARGEVT Carmack grab 
ARGEVT Joe Rogan goal weapon_supernailgun
ARGEVT Joe Rogan engage Romero
ARGLOG Joe Rogan t 170.6 pos '-64.0 -232.0 -72.0' spd 0 yaw 358.1 mode 0 st 0 gl 7 hp 100 frg 6
ARGEVT Romero hazard
ARGEVT Joe Rogan routefail
ARGLOG Carmack t 170.7 pos '399.5 -275.7 -296.0' spd  39.3 yaw 105.4 mode 2 st 4 gl 7 hp 100 frg 6
ARGEVT Joe Rogan goal weapon_grenadelauncher
ARGEVT Joe Rogan route 4 start '-47.0 -215.0 -72.0' goal '113.0 -407.0 -104.0'
ARGEVT Carmack weapon ng
ARGEVT Carmack hazard
ARGEVT Romero death Joe Rogan pos '407.2 -226.0 -136.4'
ARGEVT Joe Rogan goal 
ARGEVT Joe Rogan route 5 start '-47.0 -215.0 -72.0' goal '433.0 -247.0 -104.0'
ARGEVT Carmack weapon rl
ARGLOG Joe Rogan t 171.1 pos '-15.1 -219.2 -72.0' spd 320.0 yaw  32.4 mode 2 st 0 gl 7 hp 100 frg 7
ARGEVT Joe Rogan hazard
ARGLOG Carmack t 171.3 pos '454.2 -272.0 -296.0' spd 256.1 yaw 225.8 mode 2 st 4 gl 7 hp 88 frg 6
ARGEVT Carmack engage Joe Rogan
ARGEVT Carmack grab 
ARGEVT Joe Rogan engage Carmack
ARGEVT Joe Rogan grab weapon_grenadelauncher
ARGLOG Joe Rogan t 171.6 pos '147.7 -229.3 -72.0' spd 288.4 yaw   1.0 mode 2 st 0 gl 7 hp 100 frg 7
ARGLOG Carmack t 171.8 pos '385.9 -210.9 -296.0' spd 140.9 yaw 228.6 mode 2 st 4 gl 7 hp 88 frg 6
ARGEVT Joe Rogan jump
ARGEVT Joe Rogan goal weapon_grenadelauncher
ARGEVT Joe Rogan route 2 start '113.0 -375.0  -8.0' goal '113.0 -407.0 -104.0'
ARGLOG Joe Rogan t 172.1 pos '161.8 -339.6  -2.2' spd  30.8 yaw  46.4 mode 2 st 0 gl 7 hp 100 frg 7
ARGLOG Carmack t 172.3 pos '370.0 -184.2 -296.0' spd 320.0 yaw 222.9 mode 2 st 4 gl 7 hp 86 frg 6
ARGEVT Romero respawn
ARGEVT Romero goal item_armorInv
ARGLOG Romero t 172.6 pos '272.0 -952.0  24.0' spd 0 yaw 10 mode 0 st 0 gl 6 hp 100 frg 9
ARGLOG Joe Rogan t 172.7 pos '129.0 -398.8  -8.0' spd 320.0 yaw  23.9 mode 2 st 0 gl 7 hp 100 frg 7
ARGEVT Romero route 12 start '305.0 -983.0  24.0' goal '817.0 -855.0 -232.0'
ARGLOG Carmack t 172.8 pos '384.8 -222.9 -296.0' spd 320.9 yaw 218.0 mode 2 st 4 gl 7 hp 83 frg 6
ARGEVT Carmack weapon rl
ARGEVT Carmack hazard
ARGLOG Romero t 173.1 pos '394.8 -854.6  24.0' spd 405.3 yaw 124 mode 2 st 0 gl 6 hp 100 frg 9
ARGEVT Carmack pursue
ARGEVT Joe Rogan pursue
ARGLOG Joe Rogan t 173.2 pos '119.5 -419.0   8.0' spd 144.3 yaw 30 mode 2 st 0 gl 7 hp 100 frg 7
ARGLOG Carmack t 173.3 pos '320.2 -255.2 -296.0' spd 376.9 yaw 272.9 mode 2 st 4 gl 7 hp 83 frg 6
ARGEVT Romero engage Joe Rogan
ARGEVT Joe Rogan death Carmack pos '253.4 -397.2 -14.5'
ARGLOG Romero t 173.6 pos '331.4 -735.1  24.0' spd 333.6 yaw 168.4 mode 2 st 0 gl 6 hp 100 frg 9
ARGEVT Romero hazard
ARGEVT Carmack goal item_health
ARGEVT Carmack route 6 start '241.0 -279.0 -296.0' goal '-15.0 553.0 -296.0'
ARGLOG Carmack t 173.8 pos '201.0 -223.3 -296.0' spd 334.4 yaw 161.3 mode 2 st 4 gl 7 hp 79 frg 7
ARGEVT Carmack hazard
ARGLOG Romero t 174.1 pos '304.0 -662.5  24.0' spd 331.4 yaw 111 mode 2 st 0 gl 6 hp 100 frg 9
ARGLOG Carmack t 174.4 pos ' 40.0 -264.7 -296.0' spd 254.8 yaw 100 mode 2 st 4 gl 7 hp 79 frg 7
ARGLOG Romero t 174.6 pos '327.6 -491.6  24.0' spd 369.4 yaw 143 mode 2 st 0 gl 6 hp 100 frg 9
ARGEVT Romero engage Carmack
ARGEVT Romero grab 
ARGEVT Carmack engage Romero
ARGLOG Carmack t 174.9 pos '127.3 -220.2 -296.0' spd 333.5 yaw 303.6 mode 2 st 4 gl 7 hp 79 frg 7
ARGEVT Carmack hazard
ARGEVT Joe Rogan respawn
ARGEVT Joe Rogan goal weapon_grenadelauncher
ARGLOG Joe Rogan t 175.1 pos '112.0 -1136.0 -104.0' spd 0 yaw  61.6 mode 0 st 0 gl 7 hp 100 frg 7
ARGLOG Romero t 175.1 pos '208.0 -381.0 -35.2' spd 172.6 yaw 100.3 mode 2 st 0 gl 6 hp 100 frg 9
ARGEVT Joe Rogan route 5 start ' 81.0 -1079.0 -104.0' goal '113.0 -407.0 -104.0'
ARGEVT Romero grab weapon_grenadelauncher
ARGLOG Carmack t 175.4 pos '161.0 -254.3 -296.0' spd 134.9 yaw 257.4 mode 2 st 4 gl 7 hp 75 frg 7
ARGEVT Joe Rogan goal item_armorInv
ARGLOG Joe Rogan t 175.7 pos '224.6 -1024.0 -104.0' spd 353.1 yaw  95.6 mode 0 st 0 gl 7 hp 100 frg 7
ARGLOG Romero t 175.7 pos '128.5 -430.1 -104.0' spd 108.5 yaw  76.6 mode 0 st 0 gl 6 hp 100 frg 9
ARGEVT Romero hazard
ARGEVT Joe Rogan route 16 start '177.0 -1111.0 -104.0' goal '817.0 -855.0 -232.0'
ARGEVT Romero pursue
ARGEVT Carmack route 6 start '113.0 -279.0 -296.0' goal '-15.0 553.0 -296.0'
ARGLOG Carmack t 175.9 pos '162.9 -256.8 -296.0' spd  97.9 yaw 309.9 mode 2 st 4 gl 7 hp 75 frg 7
ARGEVT Carmack hazard
ARGLOG Joe Rogan t 176.2 pos '240.9 -853.3 -104.0' spd 321.8 yaw 104 mode 2 st 0 gl 7 hp 100 frg 7
ARGLOG Romero t 176.2 pos '174.1 -386.1 -104.0' spd 320.7 yaw  41.3 mode 0 st 0 gl 6 hp 100 frg 9
ARGEVT Romero route 17 start '209.0 -375.0 -104.0' goal '817.0 -855.0 -232.0'
ARGEVT Joe Rogan hazard
ARGLOG Carmack t 176.4 pos '317.7 -261.1 -296.0' spd 111.3 yaw 266.2 mode 2 st 4 gl 7 hp 75 frg 7
ARGLOG Joe Rogan t 176.7 pos '181.8 -752.3 -104.0' spd  86.0 yaw 357.8 mode 0 st 0 gl 7 hp 100 frg 7
ARGLOG Romero t 176.7 pos '294.2 -435.0 -104.0' spd 328.9 yaw  37.9 mode 2 st 0 gl 6 hp 100 frg 9
ARGEVT Joe Rogan route 17 start '209.0 -759.0 -104.0' goal '817.0 -855.0 -232.0'
ARGEVT Carmack route 7 start '369.0 -279.0 -296.0' goal '-15.0 553.0 -296.0'
ARGEVT Romero pursue
ARGLOG Carmack t 176.9 pos '406.6 -273.5 -296.0' spd 320.6 yaw  19.0 mode 2 st 4 gl 7 hp 71 frg 7
ARGEVT Joe Rogan engage Romero
ARGEVT Carmack pursue
ARGLOG Joe Rogan t 177.2 pos '317.0 -821.7 -104.0' spd 332.5 yaw  69.5 mode 2 st 0 gl 7 hp 100 frg 7
ARGLOG Romero t 177.2 pos '412.3 -380.9 -104.0' spd 339.4 yaw  50.5 mode 2 st 0 gl 6 hp 100 frg 9
ARGEVT Carmack hazard
ARGLOG Carmack t 177.5 pos '527.6 -210.4 -296.0' spd  49.1 yaw 292.7 mode 2 st 4 gl 7 hp 71 frg 7
ARGEVT Carmack pursue
ARGEVT Romero pursue
ARGEVT Joe Rogan pursue
ARGEVT Joe Rogan hazard
ARGLOG Joe Rogan t 177.7 pos '453.9 -811.4 -104.0' spd 327.2 yaw 95 mode 0 st 0 gl 7 hp 100 frg 7
ARGLOG Romero t 177.7 pos '541.2 -324.3 -104.0' spd 348.2 yaw 131 mode 2 st 0 gl 6 hp 100 frg 9
ARGEVT Joe Rogan route 18 start '401.0 -887.0 -104.0' goal '817.0 -855.0 -232.0'
ARGLOG Carmack t 178.0 pos '405.8 -263.5 -296.0' spd 320.6 yaw 186 mode 2 st 4 gl 7 hp 65 frg 7
ARGLOG Joe Rogan t 178.2 pos '337.4 -753.2 -104.0' spd 332.6 yaw 144.9 mode 2 st 0 gl 7 hp 100 frg 7
ARGLOG Romero t 178.2 pos '493.3 -158.8 -104.0' spd 332.9 yaw  89.3 mode 2 st 0 gl 6 hp 100 frg 9
ARGEVT Romero weapon sg
ARGLOG Carmack t 178.5 pos '250.4 -246.8 -296.0' spd 126.8 yaw  56.2 mode 2 st 4 gl 7 hp 65 frg 7
ARGEVT Romero hazard
ARGLOG Joe Rogan t 178.7 pos '323.6 -606.9 -104.0' spd 321.0 yaw  69.6 mode 2 st 0 gl 7 hp 100 frg 7
ARGLOG Romero t 178.7 pos '502.1 -87.6 -104.0' spd 328.5 yaw 205.6 mode 2 st 0 gl 6 hp 92 frg 9
ARGLOG Carmack t 179.0 pos '160.0 -225.0 -296.0' spd  71.0 yaw 348.4 mode 2 st 4 gl 7 hp 65 frg 7
ARGEVT Carmack death Romero pos '167.9 -237.8 -296.0'
ARGEVT Joe Rogan route 18 start '337.0 -567.0 -104.0' goal '817.0 -855.0 -232.0'
ARGEVT Romero engage Joe Rogan
ARGLOG Joe Rogan t 179.3 pos '296.5 -484.1 -104.0' spd 320.5 yaw  41.3 mode 2 st 0 gl 7 hp 100 frg 7
ARGLOG Romero t 179.3 pos '553.5 -238.3 -104.0' spd 191.9 yaw 224.9 mode 2 st 0 gl 6 hp 72 frg 10
ARGEVT Romero goal item_health
ARGEVT Romero retreat
ARGEVT Romero route 8 start '529.0 -183.0 -104.0' goal '497.0 -471.0  24.0'
ARGLOG Joe Rogan t 179.8 pos '293.0 -438.7 -104.0' spd 339.5 yaw  48.6 mode 2 st 0 gl 7 hp 80 frg 7
ARGLOG Romero t 179.8 pos '541.1 -115.0 -104.0' spd 331.3 yaw 235.9 mode 2 st 0 gl 6 hp 12 frg 10
ARGEVT Romero hazard
ARGLOG Joe Rogan t 180.3 pos '405.4 -514.7 -104.0' spd  96.5 yaw  69.8 mode 2 st 0 gl 7 hp 68 frg 7
ARGLOG Romero t 180.3 pos '560.9 -17.0 -104.0' spd 197.4 yaw 254.9 mode 2 st 0 gl 6 hp 4 frg 10
ARGEVT Joe Rogan grab item_health
ARGEVT Carmack respawn
ARGEVT Carmack goal weapon_rocketlauncher
ARGLOG Carmack t 180.7 pos '776.0 -808.0 -232.0' spd 0 yaw 106.3 mode 1 st 4 gl 7 hp 100 frg 7
ARGEVT Joe Rogan hazard
ARGLOG Joe Rogan t 180.8 pos '406.7 -518.5 -104.0' spd 143.9 yaw  73.0 mode 2 st 0 gl 7 hp 60 frg 7
ARGLOG Romero t 180.8 pos '566.4   3.2 -104.0' spd 0 yaw 251.9 mode 2 st 0 gl 6 hp 4 frg 10
ARGEVT Romero death Joe Rogan pos '566.4   3.2 -104.0'
ARGEVT Carmack hazard
ARGEVT Joe Rogan goal weapon_rocketlauncher
ARGLOG Carmack t 181.2 pos '723.4 -763.2 -232.0' spd  64.8 yaw  60.7 mode 1 st 4 gl 7 hp 100 frg 7
ARGEVT Joe Rogan route 17 start '401.0 -471.0 -104.0' goal '721.0 -887.0 -232.0'
ARGLOG Joe Rogan t 181.3 pos '432.0 -465.5 -104.0' spd 238.8 yaw  26.2 mode 2 st 0 gl 7 hp 60 frg 8
ARGLOG Carmack t 181.8 pos '816.0 -656.0 -184.0' spd 0 yaw  94.3 mode 1 st 4 gl 7 hp 100 frg 7
ARGLOG Joe Rogan t 181.9 pos '463.7 -305.3 -104.0' spd 320.3 yaw 71 mode 2 st 0 gl 7 hp 60 frg 8
ARGEVT Carmack hazard
ARGLOG Carmack t 182.3 pos '757.4 -551.0 -120.0' spd 254.8 yaw 251.6 mode 1 st 4 gl 7 hp 100 frg 7
ARGLOG Joe Rogan t 182.4 pos '516.6 -149.2 -104.0' spd 320.0 yaw 71 mode 2 st 0 gl 7 hp 60 frg 8
ARGEVT Romero respawn
ARGEVT Romero goal weapon_lightning
ARGLOG Romero t 182.5 pos '784.0 -176.0  24.0' spd 0 yaw 196.6 mode 0 st 0 gl 6 hp 100 frg 10
ARGEVT Romero route 2 start '753.0 -151.0  24.0' goal '529.0 -311.0 -104.0'
ARGEVT Joe Rogan hazard
ARGLOG Carmack t 182.8 pos '752.0 -719.9 -186.0' spd 348.4 yaw 256.7 mode 1 st 4 gl 7 hp 100 frg 7
ARGLOG Joe Rogan t 182.9 pos '566.4   3.2 -104.0' spd 0 yaw 66 mode 2 st 0 gl 7 hp 60 frg 8
ARGLOG Romero t 183.0 pos '632.0 -144.0  24.0' spd 277.8 yaw 136 mode 2 st 0 gl 6 hp 100 frg 10
ARGEVT Joe Rogan engage Romero
ARGEVT Joe Rogan grab item_health
ARGEVT Romero engage Joe Rogan
ARGLOG Carmack t 183.3 pos '812.0 -861.7 -232.0' spd 333.8 yaw 345.7 mode 1 st 4 gl 7 hp 100 frg 7
ARGEVT Carmack hazard
ARGLOG Joe Rogan t 183.4 pos '566.4   3.2 -104.0' spd 0 yaw 276.8 mode 2 st 0 gl 7 hp 60 frg 8
ARGLOG Romero t 183.6 pos '565.8 -68.5  24.0' spd 283.3 yaw  91.6 mode 2 st 0 gl 6 hp 100 frg 10
ARGEVT Joe Rogan pursue
ARGEVT Carmack engage Romero
ARGLOG Carmack t 183.8 pos '370.9 -37.0 -296.0' spd 300.4 yaw 330.4 mode 1 st 4 gl 7 hp 100 frg 7
ARGLOG Joe Rogan t 183.9 pos '566.4   3.2 -104.0' spd 0 yaw 217.3 mode 2 st 0 gl 7 hp 49 frg 8
ARGLOG Romero t 184.1 pos '415.1 -110.5 -25.7' spd 313.2 yaw  38.2 mode 2 st 0 gl 6 hp 76 frg 10
ARGLOG Carmack t 184.3 pos '347.8 -30.2 -296.0' spd 118.6 yaw 265.3 mode 1 st 4 gl 7 hp 100 frg 7
ARGLOG Joe Rogan t 184.4 pos '566.4   3.2 -104.0' spd 0 yaw 215.3 mode 2 st 0 gl 7 hp 33 frg 8
ARGEVT Carmack hazard
ARGLOG Romero t 184.6 pos '278.8 -228.4 -195.0' spd 380.0 yaw  35.6 mode 2 st 0 gl 6 hp 40 frg 10
ARGEVT Romero retreat
ARGEVT Romero hazard
ARGLOG Carmack t 184.8 pos '350.9  48.9 -288.0' spd 107.2 yaw 243.7 mode 1 st 4 gl 7 hp 100 frg 7
ARGLOG Joe Rogan t 184.9 pos '584.5 -33.4 -104.0' spd 320.3 yaw 208.2 mode 2 st 0 gl 7 hp 33 frg 8
ARGEVT Joe Rogan pursue
ARGEVT Romero pursue
ARGLOG Romero t 185.1 pos '152.7 -233.4 -296.0' spd 229.2 yaw 29 mode 0 st 0 gl 6 hp 16 frg 10
ARGEVT Romero route 11 start '113.0 -279.0 -296.0' goal '529.0 -311.0 -104.0'
ARGEVT Romero death Carmack pos '215.8 -217.4 -296.0'
ARGLOG Carmack t 185.4 pos '354.5  20.0 -288.0' spd 134.9 yaw  48.8 mode 1 st 4 gl 7 hp 100 frg 8
ARGLOG Joe Rogan t 185.5 pos '478.6 -152.4 -104.0' spd 384.5 yaw 135.8 mode 2 st 0 gl 7 hp 33 frg 8
ARGEVT Joe Rogan hazard
ARGEVT Carmack goal weapon_lightning
ARGEVT Carmack route 10 start '337.0   9.0 -296.0' goal '529.0 -311.0 -104.0'
ARGEVT Carmack hazard
ARGLOG Carmack t 185.9 pos '337.7  81.1 -288.0' spd 350.4 yaw 311 mode 2 st 4 gl 7 hp 100 frg 8
ARGLOG Joe Rogan t 186.0 pos '418.0 -67.4 -104.0' spd  60.1 yaw 44 mode 2 st 0 gl 7 hp 33 frg 8
ARGLOG Carmack t 186.4 pos '355.0 -89.3 -296.0' spd 324.0 yaw 333 mode 2 st 4 gl 7 hp 100 frg 8
ARGLOG Joe Rogan t 186.5 pos '554.3  -3.8 -104.0' spd 372.6 yaw 63 mode 2 st 0 gl 7 hp 33 frg 8
ARGEVT Joe Rogan hazard
ARGEVT Romero respawn
ARGEVT Romero goal item_health
ARGLOG Romero t 186.9 pos '-64.0 512.0 -296.0' spd 0 yaw 286.6 mode 1 st 0 gl 6 hp 100 frg 10
ARGLOG Carmack t 186.9 pos '321.6 -248.9 -296.0' spd 414.3 yaw 162 mode 2 st 4 gl 7 hp 100 frg 8
ARGLOG Joe Rogan t 187.0 pos '566.4   3.2 -104.0' spd 0 yaw 66 mode 2 st 0 gl 7 hp 33 frg 8
ARGEVT Romero hazard
ARGLOG Romero t 187.4 pos ' 46.2 430.7 -296.0' spd 337.9 yaw 329 mode 1 st 0 gl 6 hp 100 frg 10
ARGLOG Carmack t 187.4 pos '151.6 -212.7 -296.0' spd 371.4 yaw  87.4 mode 0 st 4 gl 7 hp 100 frg 8
ARGEVT Carmack hazard
ARGEVT Carmack route 12 start '209.0 -183.0 -296.0' goal '529.0 -311.0 -104.0'
ARGLOG Joe Rogan t 187.5 pos '566.4   3.2 -104.0' spd 0 yaw 66 mode 2 st 0 gl 7 hp 33 frg 8
ARGEVT Joe Rogan hazard
ARGLOG Romero t 187.9 pos '106.4 379.1 -296.0' spd 321.0 yaw 338.0 mode 1 st 0 gl 6 hp 100 frg 10
ARGEVT Joe Rogan stall
ARGEVT Joe Rogan stallnode '625.0   9.0 -296.0'
ARGEVT Joe Rogan jump
ARGLOG Carmack t 187.9 pos '219.8 -201.2 -296.0' spd 321.7 yaw  21.6 mode 2 st 4 gl 7 hp 100 frg 8
ARGLOG Joe Rogan t 188.0 pos '566.8   2.3 -82.5' spd  18.4 yaw 332.4 mode 0 st 1 gl 7 hp 33 frg 8
ARGEVT Romero hazard
ARGEVT Joe Rogan route 14 start '529.0 -55.0 -104.0' goal '721.0 -887.0 -232.0'
ARGLOG Romero t 188.4 pos ' 86.3 430.9 -296.0' spd 325.5 yaw  44.2 mode 1 st 0 gl 6 hp 100 frg 10
ARGLOG Carmack t 188.5 pos '365.4 -233.6 -296.0' spd 320.0 yaw 32 mode 2 st 4 gl 7 hp 100 frg 8
ARGEVT Carmack hazard
ARGLOG Joe Rogan t 188.6 pos '572.1 -16.3 -103.1' spd  46.9 yaw 222 mode 2 st 1 gl 7 hp 33 frg 8
ARGLOG Romero t 188.9 pos '-17.0 486.3 -296.0' spd 341.2 yaw 93 mode 1 st 0 gl 6 hp 100 frg 10
ARGLOG Carmack t 189.0 pos '470.1 -258.8 -296.0' spd 320.1 yaw 54 mode 2 st 4 gl 7 hp 100 frg 8
ARGLOG Joe Rogan t 189.1 pos '564.9 -160.6 -104.0' spd 412.6 yaw 78 mode 2 st 1 gl 7 hp 33 frg 8
ARGEVT Romero goal weapon_rocketlauncher
ARGEVT Romero route 4 start '-15.0 553.0 -296.0' goal ' 49.0 105.0 -296.0'
ARGEVT Romero hazard
ARGLOG Romero t 189.4 pos '-82.9 622.8 -296.0' spd 321.8 yaw 262 mode 2 st 0 gl 7 hp 200 frg 10
ARGLOG Carmack t 189.5 pos '620.2 -182.6 -296.0' spd 378.2 yaw 260 mode 2 st 4 gl 7 hp 100 frg 8
ARGLOG Joe Rogan t 189.6 pos '606.3 -76.7 -104.0' spd 347.7 yaw 85 mode 2 st 1 gl 7 hp 33 frg 8
ARGEVT Joe Rogan hazard
ARGLOG Romero t 190.0 pos '-135.8 479.4 -296.0' spd 321.1 yaw 269 mode 2 st 0 gl 7 hp 200 frg 10
ARGLOG Carmack t 190.0 pos '654.0 -15.8 -296.0' spd 322.2 yaw 260 mode 2 st 4 gl 7 hp 100 frg 8
ARGLOG Joe Rogan t 190.1 pos '566.4   3.2 -104.0' spd 0 yaw 66 mode 2 st 1 gl 7 hp 33 frg 8
ARGEVT Romero hazard
ARGLOG Romero t 190.5 pos '-226.9 382.4 -296.0' spd 300.7 yaw 287 mode 2 st 0 gl 7 hp 200 frg 10
ARGLOG Carmack t 190.5 pos '409.2 -864.0  30.0' spd 300 yaw 104 mode 2 st 4 gl 7 hp 100 frg 8
ARGLOG Joe Rogan t 190.6 pos '566.4   3.2 -104.0' spd 0 yaw 66 mode 2 st 1 gl 7 hp 33 frg 8
ARGEVT Joe Rogan stall
ARGEVT Joe Rogan stallnode '625.0   9.0 -296.0'
ARGEVT Joe Rogan jump
ARGLOG Romero t 191.0 pos '-142.0 412.0 -296.0' spd 274.9 yaw 270 mode 2 st 0 gl 7 hp 200 frg 10
ARGEVT Joe Rogan engage Carmack
ARGEVT Carmack engage Joe Rogan
ARGLOG Carmack t 191.0 pos '312.3 -734.1  24.0' spd 326.3 yaw  73.3 mode 2 st 4 gl 7 hp 100 frg 8
ARGLOG Joe Rogan t 191.1 pos '569.5  -4.2 -65.1' spd  37.7 yaw 244.1 mode 0 st 2 gl 7 hp 33 frg 8
ARGEVT Joe Rogan route 14 start '529.0 -55.0 -104.0' goal '721.0 -887.0 -232.0'
