LOG started on: 09/05/2026 16:38:27 
Playing registered version.
UDP Initialized
WIPX_OpenSocket: Address family not supported by protocol family
WIPX_Init: Unable to open control socket, IPX disabled
Exe: 20:02:47 Jul 31 2024
256.0 megabyte heap

Language initialization
Couldn't load 'localization/loc_english.txt'
from 'C:\argus\engine'

========= Quake Initialized =========

execing autoexec.cfg
SpawnServer: dm2
Clearing memory
Programs occupy 859K.
trying to open external vis file
maps/dm2.vis not found, trying argctl.vis
external vis not found
ARGUS slots 8
ARGUS worldspawn reached
ARGNAV 216 nodes, 1075 links
0 entities inhibited
ARGUS init on dm2
ARGEVT Carmack spawned
ARGEVT Romero spawned
ARGEVT Joe Rogan spawned
Server spawned.
ARGLOG Joe Rogan t   1.2 pos '2624.0 -488.0  32.0' spd 0 yaw 177.6 mode 0 st 0 gl 0 hp 100 frg 0
ARGLOG Romero t   1.2 pos '2704.0 -2048.0 128.0' spd 0 yaw 317.5 mode 0 st 0 gl 0 hp 100 frg 0
ARGLOG Carmack t   1.2 pos '2560.0 -192.0  32.0' spd 0 yaw 209.6 mode 0 st 0 gl 0 hp 100 frg 0
ARGEVT Romero hazard
ARGEVT Carmack engage Joe Rogan
ARGLOG Joe Rogan t   1.7 pos '2485.3 -414.7   8.0' spd 356.1 yaw 91 mode 0 st 0 gl 0 hp 100 frg 0
ARGLOG Romero t   1.7 pos '2770.9 -2026.7 120.0' spd 324.1 yaw  97.4 mode 0 st 0 gl 0 hp 100 frg 0
ARGLOG Carmack t   1.7 pos '2429.5 -238.9  24.0' spd 106.5 yaw 281.4 mode 0 st 0 gl 0 hp 100 frg 0
ARGLOG Joe Rogan t   2.2 pos '2521.7 -340.8  24.0' spd 322.6 yaw   5.8 mode 0 st 0 gl 0 hp 100 frg 0
ARGLOG Romero t   2.2 pos '2853.3 -1991.4 120.0' spd 223.6 yaw 127.6 mode 0 st 0 gl 0 hp 100 frg 0
ARGLOG Carmack t   2.2 pos '2552.7 -171.6  32.0' spd 126.0 yaw 288.2 mode 0 st 0 gl 0 hp 100 frg 0
ARGEVT Carmack pursue
ARGUS Carmack hunch item_armorInv
ARGEVT Carmack hazard
ARGEVT Carmack pursue
ARGLOG Joe Rogan t   2.7 pos '2596.3 -360.3  24.0' spd 355.8 yaw 172.1 mode 0 st 0 gl 0 hp 100 frg 0
ARGLOG Romero t   2.7 pos '2763.1 -1968.0 120.0' spd 320.9 yaw 174.3 mode 0 st 0 gl 0 hp 100 frg 0
ARGLOG Carmack t   2.7 pos '2560.0 -179.2  32.0' spd 337.0 yaw 110.4 mode 0 st 0 gl 0 hp 100 frg 0
ARGLOG Joe Rogan t   3.3 pos '2486.0 -355.5   8.0' spd 301.1 yaw 339.2 mode 0 st 0 gl 0 hp 100 frg 0
ARGLOG Romero t   3.3 pos '2723.3 -2042.7 128.0' spd 325.1 yaw 314.6 mode 0 st 0 gl 0 hp 100 frg 0
ARGLOG Carmack t   3.3 pos '2409.4 -148.2  24.0' spd 337.0 yaw 218.3 mode 0 st 0 gl 0 hp 100 frg 0
ARGEVT Romero hazard
ARGEVT Carmack hazard
ARGLOG Joe Rogan t   3.8 pos '2628.8 -309.3  24.0' spd 245.2 yaw 287.7 mode 0 st 0 gl 0 hp 100 frg 0
ARGEVT Joe Rogan hazard
ARGLOG Romero t   3.8 pos '2791.2 -1994.5 120.0' spd  93.2 yaw 263.5 mode 0 st 0 gl 0 hp 100 frg 0
ARGEVT Carmack pursue
ARGLOG Carmack t   3.8 pos '2284.8 -223.8  24.0' spd 168.2 yaw  65.9 mode 0 st 0 gl 0 hp 100 frg 0
ARGEVT Joe Rogan plan powerup via weapon
ARGEVT Joe Rogan goal weapon_rocketlauncher
ARGEVT Romero goal item_armorInv
ARGEVT Carmack goal item_armorInv
ARGEVT Joe Rogan route 11 start '2601.0 -383.0  24.0' goal '1465.0 -687.0 184.0'
ARGLOG Joe Rogan t   4.3 pos '2540.8 -378.2  24.0' spd 346.0 yaw 128.8 mode 2 st 0 gl 0 hp 100 frg 0
ARGLOG Romero t   4.3 pos '2729.0 -2005.0 128.0' spd 349.7 yaw 177 mode 0 st 0 gl 0 hp 100 frg 0
ARGLOG Carmack t   4.3 pos '2373.1 -150.5  24.0' spd 337.6 yaw 318.0 mode 0 st 0 gl 0 hp 100 frg 0
ARGEVT Romero route 8 start '2777.0 -1999.0 120.0' goal '2473.0 -1999.0 120.0'
ARGEVT Romero hazard
ARGEVT Carmack route 6 start '2473.0 -191.0  24.0' goal '2393.0 -655.0  56.0'
ARGEVT Joe Rogan engage Carmack
ARGLOG Joe Rogan t   4.8 pos '2419.7 -316.2   8.0' spd 272.2 yaw  31.2 mode 2 st 0 gl 0 hp 100 frg 0
ARGLOG Romero t   4.8 pos '2685.0 -2125.0 120.0' spd 321.0 yaw 207 mode 2 st 0 gl 0 hp 100 frg 0
ARGLOG Carmack t   4.8 pos '2442.7 -228.3  24.0' spd 191.2 yaw 251.6 mode 2 st 0 gl 0 hp 100 frg 0
ARGLOG Joe Rogan t   5.4 pos '2247.3 -314.0  24.0' spd 264.0 yaw  79.6 mode 0 st 0 gl 0 hp 91 frg 0
ARGLOG Romero t   5.4 pos '2674.4 -2305.6 120.0' spd 380.9 yaw 170 mode 2 st 0 gl 0 hp 100 frg 0
ARGLOG Carmack t   5.4 pos '2304.0 -144.0  24.0' spd 324.8 yaw 226.1 mode 2 st 0 gl 0 hp 100 frg 0
ARGEVT Joe Rogan route 10 start '2169.0 -351.0  24.0' goal '1465.0 -687.0 184.0'
ARGEVT Carmack grab item_health
ARGLOG Joe Rogan t   5.9 pos '2102.0 -223.9  24.0' spd 329.0 yaw  74.4 mode 2 st 0 gl 0 hp 73 frg 0
ARGLOG Romero t   5.9 pos '2503.8 -2271.3 120.0' spd 321.9 yaw 171 mode 2 st 0 gl 0 hp 100 frg 0
ARGLOG Carmack t   5.9 pos '2148.1 -77.7  24.0' spd 394.1 yaw 222.5 mode 2 st 0 gl 0 hp 76 frg 0
ARGEVT Romero hazard
ARGEVT Joe Rogan grab item_health
ARGLOG Joe Rogan t   6.4 pos '1962.7 -140.0  24.0' spd 373.3 yaw  71.8 mode 2 st 0 gl 0 hp 55 frg 0
ARGLOG Romero t   6.4 pos '2404.9 -2302.5 120.0' spd 355.9 yaw 153 mode 2 st 0 gl 0 hp 100 frg 0
ARGLOG Carmack t   6.4 pos '1991.2   2.9  24.0' spd 388.6 yaw 226.4 mode 2 st 0 gl 0 hp 77 frg 0
ARGEVT Romero jump
ARGEVT Joe Rogan hazard
ARGEVT Joe Rogan route 10 start '1929.0 -223.0  24.0' goal '1465.0 -687.0 184.0'
ARGLOG Joe Rogan t   7.0 pos '1982.4 -221.8  24.0' spd 292.5 yaw  54.5 mode 2 st 0 gl 0 hp 37 frg 0
ARGLOG Romero t   7.0 pos '2288.0 -2318.4 143.4' spd  29.9 yaw 133 mode 2 st 0 gl 0 hp 100 frg 0
ARGLOG Carmack t   7.0 pos '2077.3 -65.0  24.0' spd 330.0 yaw 268.9 mode 0 st 0 gl 0 hp 57 frg 0
ARGEVT Carmack route 7 start '2041.0 -15.0  24.0' goal '2393.0 -655.0  56.0'
ARGEVT Joe Rogan retreat
ARGEVT Romero swim
ARGEVT Carmack weapon sg
ARGLOG Joe Rogan t   7.5 pos '2034.5 -378.4 104.0' spd 322.4 yaw  45.6 mode 2 st 0 gl 0 hp 28 frg 0
ARGLOG Romero t   7.5 pos '2288.0 -2290.3  33.0' spd 118.1 yaw 139 mode 2 st 0 gl 0 hp 70 frg 0
ARGLOG Carmack t   7.5 pos '2228.9 -159.4  24.0' spd 321.8 yaw 230.2 mode 2 st 0 gl 0 hp 57 frg 0
ARGEVT Joe Rogan pursue
ARGEVT Carmack pursue
ARGEVT Joe Rogan hazard
ARGLOG Joe Rogan t   8.1 pos '2054.0 -360.9  88.0' spd 362.3 yaw 65 mode 2 st 0 gl 0 hp 53 frg 0
ARGLOG Romero t   8.1 pos '2288.0 -2196.2  33.1' spd 120.8 yaw 171 mode 2 st 0 gl 0 hp 30 frg 0
ARGLOG Carmack t   8.1 pos '2194.2 -288.4  24.0' spd 332.2 yaw 191 mode 2 st 0 gl 0 hp 57 frg 0
ARGUS Joe Rogan hunch item_artifact_super_damage
ARGEVT Carmack hazard
ARGEVT Joe Rogan pursue
ARGEVT Romero death world pos '2288.0 -2191.9  33.2'
ARGEVT Joe Rogan plan powerup via weapon
ARGEVT Joe Rogan goal weapon_rocketlauncher
ARGEVT Joe Rogan route 10 start '2025.0 -287.0  56.0' goal '1465.0 -687.0 184.0'
ARGLOG Joe Rogan t   8.6 pos '2030.9 -196.7  38.0' spd 239.0 yaw 351.7 mode 2 st 0 gl 0 hp 29 frg 0
ARGLOG Carmack t   8.6 pos '2182.5 -229.5  24.0' spd 336.6 yaw 162.2 mode 2 st 0 gl 0 hp 33 frg 0
ARGLOG Joe Rogan t   9.2 pos '1931.5 -202.0  24.0' spd 325.0 yaw 324.4 mode 2 st 0 gl 0 hp 29 frg 0
ARGEVT Carmack pursue
ARGLOG Carmack t   9.2 pos '2154.0 -395.9   8.0' spd 331.9 yaw 131.8 mode 2 st 0 gl 0 hp 33 frg 0
ARGEVT Joe Rogan pursue
ARGUS Carmack hunch item_artifact_super_damage
ARGEVT Carmack pursue
ARGEVT Carmack plan powerup via weapon
ARGEVT Carmack goal weapon_rocketlauncher
ARGEVT Carmack route 9 start '2153.0 -479.0   8.0' goal '2473.0 -1711.0  24.0'
ARGLOG Joe Rogan t   9.8 pos '2048.0 -244.3  40.0' spd 320.2 yaw 347 mode 2 st 0 gl 0 hp 29 frg 0
ARGLOG Carmack t   9.8 pos '2268.1 -446.8   8.0' spd 369.8 yaw  59.8 mode 2 st 0 gl 0 hp 33 frg 0
ARGEVT Romero respawn
ARGEVT Romero goal item_armorInv
ARGLOG Romero t   9.9 pos '2704.0 -2048.0 128.0' spd 0 yaw 250.5 mode 0 st 0 gl 0 hp 100 frg -1
ARGEVT Romero route 7 start '2713.0 -2111.0 120.0' goal '2473.0 -1999.0 120.0'
ARGEVT Carmack hazard
ARGLOG Joe Rogan t  10.3 pos '2046.4 -268.3  40.0' spd 316.7 yaw 348.4 mode 2 st 0 gl 0 hp 29 frg 0
ARGLOG Carmack t  10.3 pos '2285.2 -305.2   8.0' spd 288.4 yaw 160 mode 2 st 0 gl 0 hp 29 frg 0
ARGLOG Romero t  10.5 pos '2699.1 -2218.0 120.0' spd 320.6 yaw 183 mode 2 st 0 gl 0 hp 100 frg -1
ARGEVT Carmack route 10 start '2233.0 -223.0  24.0' goal '2473.0 -1711.0  24.0'
ARGEVT Joe Rogan hazard
ARGEVT Romero hazard
ARGEVT Carmack pursue
ARGLOG Joe Rogan t  10.9 pos '2061.3 -453.4 104.0' spd 312.3 yaw  35.2 mode 2 st 0 gl 0 hp 29 frg 0
ARGLOG Carmack t  10.9 pos '2130.2 -240.9  24.0' spd 365.9 yaw 159.2 mode 2 st 0 gl 0 hp 29 frg 0
ARGEVT Joe Rogan grab item_health
ARGLOG Romero t  11.1 pos '2630.2 -2299.0 120.0' spd 321.6 yaw 170 mode 2 st 0 gl 0 hp 100 frg -1
ARGLOG Joe Rogan t  11.4 pos '1978.1 -513.6 104.0' spd 368.4 yaw  70.7 mode 0 st 0 gl 0 hp 30 frg 0
ARGLOG Carmack t  11.4 pos '2165.0 -211.3  24.0' spd 331.3 yaw 234.3 mode 2 st 0 gl 0 hp 29 frg 0
ARGEVT Joe Rogan route 12 start '1945.0 -511.0 104.0' goal '1465.0 -687.0 184.0'
ARGLOG Romero t  11.6 pos '2456.3 -2257.2 120.0' spd 320.1 yaw 164 mode 2 st 0 gl 0 hp 100 frg -1
ARGEVT Carmack pursue
ARGEVT Joe Rogan hazard
ARGEVT Romero jump
ARGLOG Joe Rogan t  12.0 pos '1851.7 -464.0  56.0' spd  28.2 yaw 19 mode 2 st 0 gl 0 hp 30 frg 0
ARGLOG Carmack t  12.0 pos '2187.5 -365.9   8.0' spd 331.0 yaw 224 mode 2 st 0 gl 0 hp 29 frg 0
ARGLOG Romero t  12.2 pos '2288.0 -2281.1 156.1' spd  50.8 yaw 116 mode 2 st 0 gl 0 hp 100 frg -1
ARGLOG Joe Rogan t  12.5 pos '1872.0 -464.0  56.0' spd 0 yaw 22 mode 2 st 0 gl 0 hp 30 frg 0
ARGLOG Carmack t  12.5 pos '2149.2 -516.3   8.0' spd 320.3 yaw 338.7 mode 2 st 0 gl 0 hp 29 frg 0
ARGEVT Carmack pursue
ARGEVT Romero swim
ARGLOG Romero t  12.7 pos '2288.0 -2262.4  33.4' spd  63.8 yaw 118 mode 2 st 0 gl 0 hp 70 frg -1
ARGEVT Carmack hazard
ARGEVT Joe Rogan stall
ARGEVT Joe Rogan stallnode '1993.0 -415.0 104.0'
ARGEVT Joe Rogan jump
ARGEVT Joe Rogan route 12 start '1913.0 -479.0  88.0' goal '1465.0 -687.0 184.0'
ARGLOG Joe Rogan t  13.1 pos '1877.7 -466.1  93.5' spd  36.2 yaw 321.8 mode 2 st 1 gl 0 hp 30 frg 0
ARGLOG Carmack t  13.1 pos '2300.4 -513.2   8.0' spd  96.7 yaw 221.3 mode 2 st 0 gl 0 hp 29 frg 0
ARGLOG Romero t  13.3 pos '2288.0 -2207.5  33.5' spd 103.5 yaw 125 mode 2 st 0 gl 0 hp 30 frg -1
ARGEVT Joe Rogan hazard
ARGEVT Joe Rogan pursue
ARGLOG Joe Rogan t  13.7 pos '1984.4 -453.6 104.0' spd 380.3 yaw 68 mode 2 st 1 gl 0 hp 30 frg 0
ARGEVT Romero death world pos '2288.0 -2175.6  33.4'
ARGLOG Carmack t  13.7 pos '2138.5 -506.4   8.0' spd 276.4 yaw 133.3 mode 2 st 0 gl 0 hp 29 frg 0
ARGLOG Joe Rogan t  14.2 pos '2048.8 -280.6  56.0' spd 329.6 yaw 54 mode 2 st 1 gl 0 hp 30 frg 0
ARGLOG Carmack t  14.2 pos '2209.1 -343.7   8.0' spd 359.1 yaw 301 mode 2 st 0 gl 0 hp 29 frg 0
ARGEVT Carmack engage Joe Rogan
ARGEVT Joe Rogan engage Carmack
ARGLOG Joe Rogan t  14.8 pos '2050.4 -263.5  40.0' spd 320.1 yaw 307.2 mode 2 st 1 gl 0 hp 30 frg 0
ARGLOG Carmack t  14.8 pos '2192.2 -431.2   8.0' spd 322.6 yaw 139.9 mode 2 st 0 gl 0 hp 29 frg 0
ARGEVT Carmack pursue
ARGEVT Carmack hazard
ARGEVT Joe Rogan pursue
ARGEVT Romero respawn
ARGUS Joe Rogan hunch item_armorInv
ARGEVT Romero goal item_armorInv
ARGLOG Romero t  15.3 pos '2176.0 -2176.0  84.0' spd 0 yaw  69.5 mode 0 st 0 gl 0 hp 100 frg -2
ARGEVT Romero route 3 start '2153.0 -2175.0  88.0' goal '2473.0 -1999.0 120.0'
ARGLOG Joe Rogan t  15.3 pos '2055.8 -412.3 104.0' spd 310.7 yaw 225.3 mode 2 st 1 gl 0 hp 30 frg 0
ARGLOG Carmack t  15.3 pos '2133.9 -350.3  24.0' spd 321.6 yaw 109 mode 2 st 0 gl 0 hp 29 frg 0
ARGEVT Joe Rogan plan powerup via weapon
ARGEVT Joe Rogan goal weapon_rocketlauncher
ARGUS Carmack hunch item_artifact_super_damage
ARGEVT Joe Rogan pursue
ARGEVT Carmack pursue
ARGEVT Joe Rogan route 11 start '1993.0 -415.0 104.0' goal '1465.0 -687.0 184.0'
ARGEVT Carmack plan powerup via weapon
ARGEVT Carmack goal weapon_rocketlauncher
ARGEVT Romero door
ARGEVT Romero jump
ARGEVT Joe Rogan hazard
ARGEVT Carmack route 10 start '2169.0 -351.0  24.0' goal '2473.0 -1711.0  24.0'
ARGLOG Romero t  15.8 pos '2165.5 -2004.9 112.4' spd 321.0 yaw  59.8 mode 2 st 0 gl 0 hp 100 frg -2
ARGLOG Joe Rogan t  15.9 pos '2020.0 -557.2 104.0' spd 382.4 yaw 294.7 mode 2 st 1 gl 0 hp 30 frg 0
ARGLOG Carmack t  15.9 pos '2245.0 -237.6  24.0' spd 345.2 yaw  80.6 mode 2 st 0 gl 0 hp 29 frg 0
ARGLOG Romero t  16.4 pos '2168.5 -1968.0  72.0' spd  30.0 yaw 358 mode 2 st 0 gl 0 hp 100 frg -2
ARGLOG Joe Rogan t  16.4 pos '2064.0 -387.8 104.0' spd 320.4 yaw 105.8 mode 2 st 1 gl 0 hp 30 frg 0
ARGLOG Carmack t  16.4 pos '2205.7 -66.0  24.0' spd 376.4 yaw 197.4 mode 2 st 0 gl 0 hp 29 frg 0
ARGEVT Romero jump
ARGLOG Romero t  16.9 pos '2224.0 -1974.1 102.7' spd  14.2 yaw 359 mode 2 st 0 gl 0 hp 100 frg -2
ARGLOG Joe Rogan t  17.0 pos '1968.0 -240.4  40.0' spd 262.2 yaw  11.7 mode 2 st 1 gl 0 hp 14 frg 0
ARGLOG Carmack t  17.0 pos '2179.8 -156.9  24.0' spd 322.8 yaw 199.2 mode 2 st 0 gl 0 hp 29 frg 0
ARGEVT Romero hazard
ARGEVT Joe Rogan death Carmack pos '1967.4 -159.5  24.0'
ARGUS Carmack watch spawn
ARGEVT Carmack plan powerup via weapon
ARGEVT Carmack goal weapon_rocketlauncher
ARGLOG Romero t  17.5 pos '2224.0 -1902.0  40.0' spd 196.3 yaw 349 mode 2 st 0 gl 0 hp 100 frg -2
ARGEVT Carmack hazard
ARGEVT Carmack route 10 start '2169.0 -351.0  24.0' goal '1465.0 -687.0 184.0'
ARGLOG Carmack t  17.6 pos '2145.2 -339.0  24.0' spd 338.6 yaw 73 mode 2 st 0 gl 0 hp 13 frg 1
ARGLOG Romero t  18.1 pos '2396.4 -1904.0  24.0' spd 312.6 yaw 341 mode 2 st 0 gl 0 hp 100 frg -2
ARGLOG Carmack t  18.1 pos '2162.3 -316.1  24.0' spd 326.0 yaw  93.7 mode 2 st 0 gl 0 hp 13 frg 1
ARGLOG Romero t  18.6 pos '2586.8 -1904.0  24.0' spd 364.1 yaw 295 mode 2 st 0 gl 0 hp 100 frg -2
ARGEVT Romero hazard
ARGLOG Carmack t  18.7 pos '2065.0 -169.2  24.0' spd 342.7 yaw 187 mode 2 st 0 gl 0 hp 13 frg 1
ARGEVT Joe Rogan respawn
ARGEVT Joe Rogan plan powerup via weapon
ARGEVT Joe Rogan goal weapon_rocketlauncher
ARGLOG Joe Rogan t  18.8 pos '2048.0 -1352.0 136.0' spd 0 yaw 200.2 mode 0 st 1 gl 0 hp 100 frg 0
ARGEVT Joe Rogan hazard
ARGEVT Joe Rogan route 21 start '1977.0 -1343.0 136.0' goal '2473.0 -1711.0  24.0'
ARGEVT Carmack weapon ng
ARGLOG Romero t  19.2 pos '2556.9 -1895.2  24.0' spd 138.5 yaw 308 mode 2 st 0 gl 0 hp 100 frg -2
ARGLOG Carmack t  19.2 pos '1953.9 -58.2  24.0' spd 402.8 yaw  28.0 mode 2 st 0 gl 0 hp 13 frg 1
ARGLOG Joe Rogan t  19.4 pos '1870.6 -1392.0 104.5' spd 354.2 yaw 68 mode 2 st 1 gl 0 hp 100 frg 0
ARGEVT Romero stall
ARGEVT Romero stallnode '2473.0 -1999.0 120.0'
ARGEVT Romero jump
ARGLOG Romero t  19.7 pos '2600.1 -1904.0  60.1' spd   3.8 yaw 204.6 mode 0 st 1 gl 0 hp 100 frg -2
ARGLOG Carmack t  19.7 pos '2105.3 -88.5  24.0' spd 424.8 yaw 214.0 mode 2 st 0 gl 0 hp 13 frg 1
ARGEVT Romero route 5 start '2553.0 -1871.0  24.0' goal '2473.0 -1999.0 120.0'
ARGLOG Joe Rogan t  19.9 pos '1814.4 -1274.0  56.0' spd 366.1 yaw 53 mode 2 st 1 gl 0 hp 100 frg 0
ARGEVT Romero hazard
ARGLOG Romero t  20.3 pos '2608.0 -1888.9  24.0' spd 238.4 yaw 280 mode 2 st 1 gl 0 hp 100 frg -2
ARGLOG Carmack t  20.3 pos '1949.1 -168.8  24.0' spd 406.1 yaw 127.5 mode 0 st 0 gl 0 hp 13 frg 1
ARGEVT Joe Rogan jump
ARGEVT Carmack hazard
ARGLOG Joe Rogan t  20.5 pos '1936.0 -1159.3  44.2' spd  55.3 yaw 62 mode 2 st 1 gl 0 hp 100 frg 0
ARGEVT Carmack route 10 start '1929.0 -223.0  24.0' goal '1465.0 -687.0 184.0'
ARGLOG Romero t  20.8 pos '2596.4 -1896.0  24.0' spd 352.4 yaw 288 mode 2 st 1 gl 0 hp 100 frg -2
ARGLOG Carmack t  20.8 pos '1953.9 -240.0  24.0' spd 230.6 yaw 39 mode 2 st 0 gl 0 hp 13 frg 1
ARGEVT Joe Rogan hazard
ARGLOG Joe Rogan t  21.0 pos '1936.0 -1181.5  20.0' spd 204.0 yaw 64 mode 2 st 1 gl 0 hp 100 frg 0
ARGEVT Joe Rogan jump
ARGEVT Romero hazard
ARGLOG Romero t  21.4 pos '2539.5 -1902.1  24.0' spd 154.2 yaw 316 mode 2 st 1 gl 0 hp 100 frg -2
ARGLOG Carmack t  21.4 pos '2095.8 -228.3  24.0' spd 344.8 yaw 56 mode 2 st 0 gl 0 hp 13 frg 1
ARGLOG Joe Rogan t  21.6 pos '1936.0 -1259.3  51.1' spd  22.4 yaw 71 mode 2 st 1 gl 0 hp 100 frg 0
ARGEVT Joe Rogan jump
ARGLOG Romero t  21.9 pos '2606.9 -1881.8  24.0' spd 388.4 yaw 280 mode 2 st 1 gl 0 hp 100 frg -2
ARGLOG Carmack t  21.9 pos '2240.1 -121.1  24.0' spd 335.3 yaw 30 mode 2 st 0 gl 0 hp 13 frg 1
ARGLOG Joe Rogan t  22.1 pos '1936.0 -1145.0  51.8' spd 228.0 yaw 59 mode 2 st 1 gl 0 hp 100 frg 0
ARGEVT Romero hazard
ARGEVT Romero stall
ARGEVT Romero stallnode '2361.0 -1871.0  24.0'
ARGEVT Romero jump
ARGLOG Romero t  22.5 pos '2533.1 -1899.5  37.7' spd 136.6 yaw 334.5 mode 0 st 2 gl 0 hp 100 frg -2
ARGLOG Carmack t  22.5 pos '2300.3  15.8  40.0' spd 198.4 yaw 355 mode 2 st 0 gl 0 hp 13 frg 1
ARGEVT Joe Rogan hazard
ARGEVT Carmack jump
ARGLOG Joe Rogan t  22.7 pos '1934.9 -1171.6  20.0' spd 308.5 yaw 63 mode 2 st 1 gl 0 hp 100 frg 0
ARGEVT Romero route 5 start '2553.0 -1871.0  24.0' goal '2473.0 -1999.0 120.0'
ARGEVT Joe Rogan jump
ARGLOG Romero t  23.1 pos '2550.0 -1904.0  24.0' spd  41.5 yaw 313 mode 2 st 2 gl 0 hp 100 frg -2
ARGLOG Carmack t  23.1 pos '2364.0 -34.9  87.4' spd 107.2 yaw 358 mode 2 st 0 gl 0 hp 13 frg 1
ARGLOG Joe Rogan t  23.2 pos '1936.0 -1258.5  43.9' spd  37.4 yaw 71 mode 2 st 1 gl 0 hp 100 frg 0
ARGEVT Romero hazard
ARGEVT Joe Rogan jump
ARGLOG Romero t  23.6 pos '2578.2 -1904.0  24.0' spd 161.5 yaw 300 mode 2 st 2 gl 0 hp 100 frg -2
ARGLOG Carmack t  23.6 pos '2505.0 -12.8 120.0' spd 330.8 yaw 356 mode 2 st 0 gl 0 hp 13 frg 1
ARGEVT Romero abandon
ARGLOG Joe Rogan t  23.8 pos '1936.0 -1136.8  56.3' spd 132.3 yaw 58 mode 2 st 1 gl 0 hp 100 frg 0
ARGEVT Romero engage Carmack
ARGEVT Romero grab weapon_rocketlauncher
ARGEVT Romero goal weapon_rocketlauncher
ARGEVT Joe Rogan hazard
ARGLOG Romero t  24.2 pos '2503.5 -1778.9  24.0' spd 320.3 yaw  80.0 mode 1 st 2 gl 0 hp 100 frg -2
ARGLOG Carmack t  24.2 pos '2640.0 -41.5 120.0' spd  42.7 yaw 215 mode 2 st 0 gl 0 hp 13 frg 1
ARGEVT Joe Rogan plan powerup via weapon
ARGEVT Joe Rogan goal weapon_rocketlauncher
ARGEVT Romero pursue
ARGLOG Joe Rogan t  24.4 pos '1934.3 -1189.2  20.0' spd 287.4 yaw  21.2 mode 0 st 1 gl 0 hp 100 frg 0
ARGEVT Joe Rogan route 22 start '1817.0 -1295.0  56.0' goal '1465.0 -687.0 184.0'
ARGEVT Romero goal item_armorInv
ARGEVT Romero route 6 start '2473.0 -1711.0  24.0' goal '2393.0 -655.0  56.0'
ARGLOG Romero t  24.7 pos '2484.5 -1599.5  24.0' spd 320.3 yaw 87 mode 2 st 2 gl 1 hp 100 frg -2
ARGLOG Carmack t  24.7 pos '2640.0 -42.8 120.0' spd 0 yaw 215 mode 2 st 0 gl 0 hp 13 frg 1
ARGLOG Joe Rogan t  24.9 pos '1924.2 -1262.5  20.0' spd 195.2 yaw 229 mode 2 st 1 gl 0 hp 100 frg 0
ARGEVT Joe Rogan jump
ARGLOG Romero t  25.3 pos '2492.7 -1422.4  24.0' spd 320.0 yaw 87 mode 2 st 2 gl 1 hp 100 frg -2
ARGLOG Carmack t  25.3 pos '2640.0 -42.8 120.0' spd 0 yaw 215 mode 2 st 0 gl 0 hp 13 frg 1
ARGEVT Carmack stall
ARGEVT Carmack stallnode '2905.0 -47.0 -72.0'
ARGEVT Carmack jump
ARGLOG Joe Rogan t  25.5 pos '1752.6 -1291.2  51.2' spd 312.0 yaw 337 mode 2 st 1 gl 0 hp 100 frg 0
ARGUS routecache adopt
ARGEVT Romero route 4 start '2457.0 -1311.0  24.0' goal '2393.0 -655.0  56.0'
ARGEVT Carmack route 6 start '2585.0 -15.0 120.0' goal '1465.0 -687.0 184.0'
ARGLOG Romero t  25.8 pos '2502.1 -1244.1  24.0' spd 320 yaw 87 mode 2 st 2 gl 1 hp 100 frg -2
ARGLOG Carmack t  25.8 pos '2639.9 -53.2 151.1' spd  33.9 yaw 221.1 mode 2 st 1 gl 0 hp 13 frg 1
ARGLOG Joe Rogan t  26.0 pos '1837.9 -1392.0  56.0' spd 320 yaw 0 mode 2 st 1 gl 0 hp 100 frg 0
ARGEVT Joe Rogan jump
ARGUS Romero hunch item_health
ARGEVT Carmack hazard
ARGEVT Romero goal item_armorInv
ARGLOG Romero t  26.4 pos '2514.4 -1065.1  24.0' spd 337.1 yaw  81.1 mode 0 st 2 gl 1 hp 100 frg -2
ARGLOG Carmack t  26.4 pos '2580.4  16.0 120.0' spd 262.6 yaw 350 mode 2 st 1 gl 0 hp 13 frg 1
ARGEVT Romero route 3 start '2457.0 -1039.0  24.0' goal '2393.0 -655.0  56.0'
ARGLOG Joe Rogan t  26.6 pos '1853.0 -1392.0  72.0' spd 30 yaw 51 mode 2 st 1 gl 0 hp 100 frg 0
ARGEVT Romero hazard
ARGEVT Joe Rogan jump
ARGEVT Romero lift
ARGLOG Romero t  27.0 pos '2454.1 -1047.3  96.8' spd 383.6 yaw 106 mode 2 st 2 gl 1 hp 100 frg -2
ARGLOG Carmack t  27.0 pos '2640.0 -67.7 120.0' spd 227.7 yaw 214 mode 2 st 1 gl 0 hp 13 frg 1
ARGLOG Joe Rogan t  27.2 pos '1939.3 -1386.5 141.6' spd  31.0 yaw 77 mode 2 st 1 gl 0 hp 100 frg 0
ARGEVT Romero board
ARGLOG Romero t  27.5 pos '2448.9 -1082.0  24.0' spd 0 yaw 103 mode 2 st 2 gl 1 hp 100 frg -2
ARGLOG Carmack t  27.5 pos '2640.0 -77.0 120.0' spd  26.0 yaw 214 mode 2 st 1 gl 0 hp 13 frg 1
ARGLOG Joe Rogan t  27.7 pos '1976.1 -1295.7 136.0' spd 320.0 yaw 80 mode 2 st 1 gl 0 hp 100 frg 0
ARGEVT Joe Rogan jump
ARGLOG Romero t  28.1 pos '2448.9 -1082.0  24.0' spd 0 yaw 103 mode 2 st 2 gl 1 hp 100 frg -2
ARGLOG Carmack t  28.1 pos '2640.0 -67.6 120.0' spd  13.8 yaw 214 mode 2 st 1 gl 0 hp 13 frg 1
ARGLOG Joe Rogan t  28.3 pos '2036.6 -1224.3 167.5' spd 114.3 yaw 119 mode 2 st 1 gl 0 hp 100 frg 0
ARGEVT Carmack stall
ARGEVT Carmack stallnode '2905.0 -47.0 -72.0'
ARGEVT Carmack jump
ARGLOG Romero t  28.6 pos '2448.9 -1082.0  24.0' spd 0 yaw 103 mode 2 st 2 gl 1 hp 100 frg -2
ARGLOG Carmack t  28.6 pos '2640.0 -66.1 156.2' spd  30.4 yaw 284.0 mode 0 st 2 gl 0 hp 13 frg 1
ARGEVT Carmack route 6 start '2585.0 -15.0 120.0' goal '1465.0 -687.0 184.0'
ARGLOG Joe Rogan t  28.8 pos '2051.2 -1086.6 200.0' spd 321.4 yaw 130 mode 2 st 1 gl 0 hp 100 frg 0
ARGLOG Romero t  29.2 pos '2448.9 -1082.0  24.0' spd 0 yaw 103 mode 2 st 2 gl 1 hp 100 frg -2
ARGLOG Carmack t  29.2 pos '2588.0 -58.9 120.0' spd 345.4 yaw 2 mode 2 st 2 gl 0 hp 13 frg 1
ARGEVT Joe Rogan route 18 start '2025.0 -1119.0 200.0' goal '1465.0 -687.0 184.0'
ARGLOG Joe Rogan t  29.4 pos '2000.0 -898.1 155.1' spd 300.6 yaw 286 mode 2 st 1 gl 0 hp 100 frg 0
ARGLOG Romero t  29.7 pos '2448.9 -1082.0  24.0' spd 0 yaw 103 mode 2 st 2 gl 1 hp 100 frg -2
ARGLOG Carmack t  29.7 pos '2640.0   2.7 120.0' spd 141.7 yaw 350 mode 2 st 2 gl 0 hp 13 frg 1
ARGLOG Joe Rogan t  29.9 pos '2005.5 -908.3  32.0' spd 320.0 yaw 284 mode 2 st 1 gl 0 hp 100 frg 0
ARGEVT Carmack hazard
ARGLOG Romero t  30.3 pos '2448.9 -1082.0  24.0' spd 0 yaw 103 mode 2 st 2 gl 1 hp 100 frg -2
ARGLOG Carmack t  30.3 pos '2640.0 -34.3 120.0' spd  71.5 yaw 215 mode 2 st 2 gl 0 hp 13 frg 1
ARGLOG Joe Rogan t  30.5 pos '2029.4 -1008.0  32.0' spd  12.8 yaw 236.0 mode 0 st 1 gl 0 hp 100 frg 0
ARGEVT Joe Rogan hazard
ARGEVT Carmack stall
ARGEVT Carmack stallnode '2905.0 -47.0 -72.0'
ARGEVT Carmack jump
ARGUS routecache adopt
ARGEVT Joe Rogan route 17 start '2025.0 -991.0  32.0' goal '1465.0 -687.0 184.0'
ARGLOG Romero t  30.9 pos '2452.6 -1069.8  24.0' spd 201.6 yaw 104 mode 2 st 2 gl 1 hp 100 frg -2
ARGLOG Carmack t  30.9 pos '2640.0 -39.4 156.2' spd  33.5 yaw 278.3 mode 0 st 3 gl 0 hp 13 frg 1
ARGEVT Carmack route 6 start '2585.0 -15.0 120.0' goal '1465.0 -687.0 184.0'
ARGLOG Joe Rogan t  31.0 pos '2000.0 -975.5  32.0' spd  32.7 yaw 173 mode 0 st 1 gl 0 hp 100 frg 0
ARGEVT Joe Rogan route 17 start '2025.0 -991.0  32.0' goal '1465.0 -687.0 184.0'
ARGLOG Romero t  31.4 pos '2483.6 -968.4  97.4' spd 201.6 yaw  92.8 mode 2 st 2 gl 1 hp 100 frg -2
ARGLOG Carmack t  31.4 pos '2589.6 -27.0 120.0' spd 346.3 yaw 357 mode 2 st 3 gl 0 hp 13 frg 1
ARGEVT Carmack hazard
ARGEVT Joe Rogan hazard
ARGLOG Joe Rogan t  31.6 pos '2000.0 -886.6  32.0' spd 108.1 yaw 150 mode 2 st 1 gl 0 hp 100 frg 0
ARGEVT Romero hazard
ARGEVT Romero door
ARGLOG Romero t  32.0 pos '2448.0 -859.7 120.0' spd  70.2 yaw 272.4 mode 2 st 2 gl 1 hp 100 frg -2
ARGLOG Carmack t  32.0 pos '2640.0 -18.1 120.0' spd 303.4 yaw 215 mode 2 st 3 gl 0 hp 13 frg 1
ARGLOG Joe Rogan t  32.2 pos '2000.0 -878.0  32.0' spd  31.7 yaw 112.6 mode 2 st 1 gl 0 hp 100 frg 0
ARGLOG Romero t  32.5 pos '2448.0 -859.7 120.0' spd 0 yaw 277 mode 2 st 2 gl 1 hp 100 frg -2
ARGLOG Carmack t  32.5 pos '2640.0 -47.8 120.0' spd  78.0 yaw 214 mode 2 st 3 gl 0 hp 13 frg 1
ARGEVT Joe Rogan hazard
ARGLOG Joe Rogan t  32.7 pos '2102.8 -862.7  32.0' spd 329.7 yaw  38.7 mode 0 st 1 gl 0 hp 100 frg 0
ARGEVT Joe Rogan route 18 start '2057.0 -863.0  32.0' goal '1465.0 -687.0 184.0'
ARGLOG Romero t  33.1 pos '2448.0 -859.7 120.0' spd 0 yaw 277 mode 2 st 2 gl 1 hp 100 frg -2
ARGLOG Carmack t  33.1 pos '2640.0 -42.5 120.0' spd 0 yaw 215 mode 2 st 3 gl 0 hp 13 frg 1
ARGLOG Joe Rogan t  33.3 pos '2014.6 -848.0  32.0' spd 171.0 yaw  57.6 mode 2 st 1 gl 0 hp 100 frg 0
ARGEVT Romero hazard
ARGEVT Carmack stall
ARGEVT Carmack stallnode '2905.0 -47.0 -72.0'
ARGEVT Carmack jump
ARGLOG Romero t  33.6 pos '2455.3 -930.1 120.0' spd 312.4 yaw 102 mode 2 st 2 gl 1 hp 100 frg -2
ARGLOG Carmack t  33.6 pos '2640.0 -42.5 133.7' spd 0 yaw 340.8 mode 0 st 4 gl 0 hp 13 frg 1
ARGLOG Joe Rogan t  33.8 pos '2064.0 -841.5  32.0' spd   6.8 yaw 358 mode 2 st 1 gl 0 hp 100 frg 0
ARGEVT Carmack route 6 start '2585.0 -15.0 120.0' goal '1465.0 -687.0 184.0'
ARGLOG Romero t  34.2 pos '2437.2 -847.5 120.0' spd 389.5 yaw 138.2 mode 2 st 2 gl 1 hp 100 frg -2
ARGLOG Carmack t  34.2 pos '2636.9 -60.3 120.0' spd  51.0 yaw 163.2 mode 2 st 4 gl 0 hp 13 frg 1
ARGLOG Joe Rogan t  34.4 pos '2064.0 -845.3  32.0' spd   7.0 yaw 358 mode 2 st 1 gl 0 hp 100 frg 0
ARGEVT Carmack hazard
ARGLOG Romero t  34.8 pos '2352.0 -727.6  56.0' spd 201.6 yaw 63 mode 1 st 2 gl 1 hp 100 frg -2
ARGLOG Carmack t  34.8 pos '2640.0  16.0 120.0' spd 0 yaw 347 mode 2 st 4 gl 0 hp 13 frg 1
ARGLOG Joe Rogan t  34.9 pos '2096.4 -853.6  32.0' spd 324.1 yaw 162 mode 2 st 1 gl 0 hp 100 frg 0
ARGEVT Joe Rogan hazard
ARGLOG Romero t  35.3 pos '2474.3 -593.0  56.0' spd 320.0 yaw  21.0 mode 1 st 2 gl 1 hp 100 frg -2
ARGEVT Romero hazard
ARGLOG Carmack t  35.3 pos '2640.0 -83.9 120.0' spd  44.1 yaw 213 mode 2 st 4 gl 0 hp 13 frg 1
ARGLOG Joe Rogan t  35.5 pos '2033.6 -1013.0  32.0' spd 398.4 yaw 140.8 mode 0 st 1 gl 0 hp 100 frg 0
ARGEVT Joe Rogan route 17 start '2025.0 -991.0  32.0' goal '1465.0 -687.0 184.0'
ARGLOG Romero t  35.9 pos '2444.2 -720.0  56.0' spd 281.3 yaw 281.4 mode 1 st 2 gl 1 hp 100 frg -2
ARGLOG Carmack t  35.9 pos '2640.0 -73.0 120.0' spd  17.0 yaw 214 mode 2 st 4 gl 0 hp 13 frg 1
ARGLOG Joe Rogan t  36.1 pos '2057.0 -864.0  32.0' spd 338.4 yaw 32 mode 2 st 1 gl 0 hp 100 frg 0
ARGEVT Joe Rogan hazard
ARGEVT Romero hazard
ARGLOG Romero t  36.4 pos '2494.5 -678.4  56.0' spd 368.7 yaw 73 mode 1 st 2 gl 1 hp 100 frg -2
ARGLOG Carmack t  36.4 pos '2640.0 -64.7 120.0' spd  14.1 yaw 214 mode 2 st 4 gl 0 hp 13 frg 1
ARGEVT Carmack stall
ARGEVT Carmack stallnode '2905.0 -47.0 -72.0'
ARGEVT Carmack jump
ARGLOG Joe Rogan t  36.6 pos '2088.5 -1002.0  32.0' spd 320.0 yaw 290.6 mode 2 st 1 gl 0 hp 100 frg 0
ARGEVT Carmack route 6 start '2585.0 -15.0 120.0' goal '1465.0 -687.0 184.0'
ARGLOG Romero t  37.0 pos '2508.6 -611.5  56.0' spd 329.7 yaw 315.5 mode 1 st 2 gl 1 hp 100 frg -2
ARGLOG Carmack t  37.0 pos '2639.9 -71.6 150.7' spd  33.1 yaw 223.5 mode 2 st 5 gl 0 hp 13 frg 1
ARGLOG Joe Rogan t  37.2 pos '2104.0 -928.5  32.0' spd 320.0 yaw 110.1 mode 0 st 1 gl 0 hp 100 frg 0
ARGEVT Joe Rogan route 18 start '2057.0 -943.0  32.0' goal '1465.0 -687.0 184.0'
ARGEVT Carmack abandon
ARGEVT Carmack goal item_health
ARGLOG Romero t  37.5 pos '2411.0 -703.2  56.0' spd 332.3 yaw 137.6 mode 1 st 2 gl 1 hp 100 frg -2
ARGLOG Carmack t  37.5 pos '2545.6 -10.9 120.0' spd 323.8 yaw 163.3 mode 1 st 5 gl 0 hp 13 frg 1
ARGLOG Joe Rogan t  37.7 pos '2000.0 -892.3  32.0' spd 320.0 yaw 288.0 mode 2 st 1 gl 0 hp 100 frg 0
ARGEVT Romero hazard
ARGEVT Romero door
ARGEVT Romero door
ARGEVT Joe Rogan hazard
ARGLOG Romero t  38.0 pos '2353.3 -584.0  56.0' spd  20.3 yaw  56.9 mode 1 st 2 gl 1 hp 100 frg -2
ARGLOG Carmack t  38.0 pos '2407.9 -68.4  88.0' spd 414.5 yaw 323.3 mode 1 st 5 gl 0 hp 13 frg 1
ARGUS routecache adopt
ARGEVT Joe Rogan route 17 start '2025.0 -991.0  32.0' goal '1465.0 -687.0 184.0'
ARGEVT Romero engage Carmack
ARGEVT Carmack engage Romero
ARGEVT Carmack grab item_health
ARGEVT Carmack retreat
ARGLOG Joe Rogan t  38.3 pos '2000.0 -1005.8  32.0' spd  34.2 yaw 150 mode 0 st 1 gl 0 hp 100 frg 0
ARGUS routecache adopt
ARGEVT Joe Rogan route 17 start '2025.0 -991.0  32.0' goal '1465.0 -687.0 184.0'
ARGLOG Romero t  38.6 pos '2445.8 -528.9  56.0' spd 323.9 yaw  99.1 mode 1 st 2 gl 1 hp 100 frg -2
ARGLOG Carmack t  38.6 pos '2436.2 -240.0  24.0' spd 297.9 yaw 303.4 mode 1 st 5 gl 0 hp 13 frg 1
ARGLOG Joe Rogan t  38.8 pos '2000.0 -904.4  32.0' spd 115.3 yaw 148 mode 2 st 1 gl 0 hp 100 frg 0
ARGLOG Romero t  39.2 pos '2618.4 -467.7  32.0' spd  59.2 yaw 156.6 mode 1 st 2 gl 1 hp 100 frg -2
ARGLOG Carmack t  39.2 pos '2254.9 -241.4  24.0' spd 326.1 yaw 318.5 mode 1 st 5 gl 0 hp 13 frg 1
ARGEVT Joe Rogan hazard
ARGEVT Romero pursue
ARGEVT Carmack pursue
ARGEVT Carmack death Romero pos '2225.1 -284.5  24.0'
ARGUS Romero watch spawn
ARGLOG Joe Rogan t  39.4 pos '2000.0 -875.0  32.0' spd   8.5 yaw 152 mode 2 st 1 gl 0 hp 100 frg 0
ARGEVT Romero goal 
ARGEVT Romero route 3 start '2553.0 -495.0  24.0' goal '2233.0 -223.0  24.0'
ARGLOG Romero t  39.7 pos '2454.9 -490.5   8.0' spd 359.4 yaw 129.8 mode 2 st 2 gl 1 hp 100 frg -1
ARGLOG Joe Rogan t  40.0 pos '2000.0 -878.8  32.0' spd   6.9 yaw 151 mode 2 st 1 gl 0 hp 100 frg 0
ARGEVT Joe Rogan stall
ARGEVT Joe Rogan stallnode '1769.0 -751.0  24.0'
ARGEVT Joe Rogan jump
ARGLOG Romero t  40.3 pos '2378.5 -324.3   8.0' spd 332.8 yaw 65 mode 2 st 2 gl 1 hp 100 frg -1
ARGEVT Romero hazard
ARGEVT Joe Rogan route 18 start '2057.0 -863.0  32.0' goal '1465.0 -687.0 184.0'
ARGLOG Joe Rogan t  40.5 pos '2000.0 -876.4  63.0' spd   9.2 yaw 151 mode 2 st 2 gl 0 hp 100 frg 0
ARGLOG Romero t  40.8 pos '2275.3 -309.1   8.0' spd 232.4 yaw 106.0 mode 1 st 2 gl 1 hp 100 frg -1
ARGEVT Carmack respawn
ARGEVT Carmack plan powerup via weapon
ARGEVT Carmack goal weapon_grenadelauncher
ARGLOG Carmack t  41.0 pos '2576.0 -1328.0  24.0' spd 0 yaw 289.5 mode 0 st 5 gl 0 hp 100 frg 1
ARGLOG Joe Rogan t  41.1 pos '2012.5 -992.2  32.0' spd 340.8 yaw 229.8 mode 0 st 2 gl 0 hp 100 frg 0
ARGEVT Joe Rogan hazard
ARGEVT Carmack route 13 start '2585.0 -1375.0  24.0' goal '2057.0 -943.0 344.0'
ARGLOG Romero t  41.4 pos '2224.9 -259.9  24.0' spd 330.7 yaw 124.8 mode 1 st 2 gl 1 hp 100 frg -1
ARGEVT Joe Rogan route 17 start '2025.0 -991.0  32.0' goal '1465.0 -687.0 184.0'
ARGEVT Romero goal item_artifact_super_damage
ARGLOG Carmack t  41.5 pos '2478.5 -1450.4  24.0' spd 411.4 yaw 92 mode 2 st 5 gl 0 hp 100 frg 1
ARGEVT Romero route 5 start '2233.0 -223.0  24.0' goal '1913.0 -719.0 184.0'
ARGLOG Joe Rogan t  41.6 pos '2000.0 -982.7  32.0' spd 257.7 yaw 139 mode 2 st 2 gl 0 hp 100 frg 0
ARGLOG Romero t  41.9 pos '2201.8 -77.8  24.0' spd 355.7 yaw 230 mode 2 st 2 gl 2 hp 100 frg -1
ARGLOG Carmack t  42.1 pos '2360.2 -1297.9  24.0' spd 333.7 yaw 168.7 mode 0 st 5 gl 0 hp 100 frg 1
ARGEVT Carmack hazard
ARGEVT Joe Rogan hazard
ARGEVT Carmack route 12 start '2457.0 -1311.0  24.0' goal '2057.0 -943.0 344.0'
ARGLOG Joe Rogan t  42.2 pos '2000.0 -880.3  32.0' spd   6.9 yaw 151 mode 2 st 2 gl 0 hp 100 frg 0
ARGLOG Romero t  42.5 pos '2035.5 -83.9  24.0' spd 364.7 yaw 269 mode 2 st 2 gl 2 hp 100 frg -1
ARGLOG Carmack t  42.6 pos '2429.9 -1296.0  24.0' spd 322.8 yaw 79 mode 2 st 5 gl 0 hp 100 frg 1
ARGLOG Joe Rogan t  42.7 pos '2000.0 -877.7  32.0' spd   6.8 yaw 151 mode 2 st 2 gl 0 hp 100 frg 0
ARGEVT Romero jump
ARGEVT Joe Rogan stall
ARGEVT Joe Rogan stallnode '1769.0 -751.0  24.0'
ARGEVT Joe Rogan jump
ARGLOG Romero t  43.1 pos '2010.6 -240.0  48.2' spd  17.2 yaw 273 mode 2 st 2 gl 2 hp 100 frg -1
ARGLOG Carmack t  43.2 pos '2518.6 -1143.2  24.0' spd 339.0 yaw 93 mode 2 st 5 gl 0 hp 100 frg 1
ARGLOG Joe Rogan t  43.3 pos '2000.0 -878.5  68.2' spd  12.9 yaw 182 mode 0 st 3 gl 0 hp 100 frg 0
ARGEVT Carmack lift
ARGEVT Joe Rogan route 18 start '2057.0 -863.0  32.0' goal '1465.0 -687.0 184.0'
ARGEVT Carmack board
ARGLOG Romero t  43.6 pos '2023.4 -285.3  56.0' spd 320.1 yaw 243 mode 2 st 2 gl 2 hp 100 frg -1
ARGLOG Carmack t  43.7 pos '2466.6 -986.3  59.9' spd 0 yaw 61 mode 2 st 5 gl 0 hp 100 frg 1
ARGLOG Joe Rogan t  43.9 pos '2005.3 -932.1  32.0' spd 323.4 yaw 142 mode 2 st 3 gl 0 hp 100 frg 0
ARGEVT Joe Rogan hazard
ARGLOG Romero t  44.2 pos '2027.9 -463.2 104.0' spd 320.1 yaw 246 mode 2 st 2 gl 2 hp 100 frg -1
ARGEVT Joe Rogan abandon
ARGEVT Joe Rogan goal item_health
ARGEVT Joe Rogan jump
ARGLOG Carmack t  44.3 pos '2553.3 -868.8 120.0' spd 329.8 yaw 90 mode 2 st 5 gl 0 hp 100 frg 1
ARGLOG Joe Rogan t  44.4 pos '2000.0 -1006.6  56.3' spd  22.6 yaw 111.1 mode 0 st 3 gl 0 hp 100 frg 0
ARGEVT Joe Rogan route 17 start '2025.0 -991.0  32.0' goal '2057.0 -991.0 344.0'
ARGEVT Romero rjump
ARGLOG Romero t  44.7 pos '1897.0 -542.3 121.7' spd 418.0 yaw 218.4 mode 2 st 2 gl 2 hp 90 frg -1
ARGUS routecache adopt
ARGEVT Joe Rogan route 17 start '2025.0 -991.0  32.0' goal '2057.0 -991.0 344.0'
ARGLOG Carmack t  44.8 pos '2592.1 -694.3 120.0' spd 322.6 yaw 96 mode 2 st 5 gl 0 hp 100 frg 1
ARGLOG Joe Rogan t  45.0 pos '2000.0 -976.7  32.0' spd 203.8 yaw 101 mode 2 st 3 gl 0 hp 100 frg 0
ARGLOG Romero t  45.3 pos '1751.9 -560.0 236.9' spd  28.6 yaw 9 mode 1 st 2 gl 2 hp 90 frg -1
ARGEVT Joe Rogan hazard
ARGLOG Carmack t  45.4 pos '2573.6 -515.7 120.0' spd 336.4 yaw 135.0 mode 2 st 5 gl 0 hp 100 frg 1
ARGLOG Joe Rogan t  45.5 pos '2000.0 -856.6  32.0' spd 136.4 yaw 154 mode 2 st 3 gl 0 hp 100 frg 0
ARGLOG Romero t  45.8 pos '1770.8 -560.0  24.0' spd  37.5 yaw 9 mode 1 st 2 gl 2 hp 90 frg -1
ARGLOG Carmack t  46.0 pos '2560.0 -452.7 120.0' spd  56.4 yaw 190 mode 2 st 5 gl 0 hp 100 frg 1
ARGLOG Joe Rogan t  46.1 pos '2000.0 -848.0  32.0' spd 0 yaw 156 mode 2 st 3 gl 0 hp 100 frg 0
ARGEVT Joe Rogan hazard
ARGLOG Romero t  46.4 pos '1940.9 -536.1 104.0' spd 320.0 yaw 9 mode 1 st 2 gl 2 hp 90 frg -1
ARGLOG Carmack t  46.5 pos '2560.0 -500.7 120.0' spd  88.3 yaw 186 mode 0 st 5 gl 0 hp 100 frg 1
ARGEVT Carmack route 8 start '2553.0 -495.0 147.0' goal '2057.0 -943.0 344.0'
ARGLOG Joe Rogan t  46.6 pos '2000.0 -848.0  32.0' spd 0 yaw 156 mode 2 st 3 gl 0 hp 100 frg 0
ARGEVT Romero hazard
ARGEVT Joe Rogan stall
ARGEVT Joe Rogan stallnode '1769.0 -751.0  24.0'
ARGEVT Joe Rogan jump
ARGLOG Romero t  47.0 pos '2042.2 -548.8 104.0' spd 296.4 yaw 210.5 mode 1 st 2 gl 2 hp 100 frg -1
ARGLOG Carmack t  47.1 pos '2560.0 -526.8 120.0' spd  10.2 yaw 183 mode 2 st 5 gl 0 hp 100 frg 1
ARGEVT Joe Rogan route 18 start '2057.0 -863.0  32.0' goal '2057.0 -991.0 344.0'
ARGLOG Joe Rogan t  47.2 pos '2000.0 -856.1  63.0' spd  32.2 yaw 155 mode 2 st 4 gl 0 hp 100 frg 0
ARGLOG Romero t  47.5 pos '1868.4 -560.0  86.2' spd 320.1 yaw 182 mode 1 st 2 gl 2 hp 100 frg -1
ARGLOG Carmack t  47.6 pos '2560.0 -528.0 120.0' spd 0 yaw 183 mode 2 st 5 gl 0 hp 100 frg 1
ARGEVT Joe Rogan hazard
ARGLOG Joe Rogan t  47.8 pos '2004.5 -975.4  32.0' spd 323.5 yaw 140 mode 2 st 4 gl 0 hp 100 frg 0
ARGEVT Joe Rogan jump
ARGUS routecache adopt
ARGEVT Joe Rogan route 17 start '2025.0 -991.0  32.0' goal '2057.0 -991.0 344.0'
ARGLOG Romero t  48.1 pos '1759.7 -560.0  24.0' spd 189.8 yaw 347 mode 1 st 2 gl 2 hp 100 frg -1
ARGLOG Carmack t  48.2 pos '2562.1 -398.1 120.0' spd 323.9 yaw 76 mode 2 st 5 gl 0 hp 100 frg 1
ARGUS routecache adopt
ARGEVT Joe Rogan route 17 start '2025.0 -991.0  32.0' goal '2057.0 -991.0 344.0'
ARGLOG Joe Rogan t  48.3 pos '2000.2 -997.9  67.8' spd  35.6 yaw 137 mode 2 st 4 gl 0 hp 100 frg 0
ARGLOG Romero t  48.6 pos '1808.0 -560.0  24.0' spd 0 yaw 347 mode 1 st 2 gl 2 hp 100 frg -1
ARGLOG Carmack t  48.8 pos '2607.0 -223.8 120.0' spd 320.1 yaw 76 mode 2 st 5 gl 0 hp 100 frg 1
ARGLOG Joe Rogan t  48.9 pos '2000.0 -924.4  32.0' spd 288.6 yaw 145 mode 2 st 4 gl 0 hp 100 frg 0
ARGEVT Joe Rogan hazard
ARGEVT Romero stall
ARGLOG Romero t  49.2 pos '1808.0 -560.0  24.0' spd 0 yaw 551.1 mode 0 st 3 gl 2 hp 100 frg -1
ARGEVT Romero jump
ARGLOG Carmack t  49.3 pos '2640.0 -45.7 120.0' spd 353.4 yaw 215 mode 2 st 5 gl 0 hp 100 frg 1
ARGLOG Joe Rogan t  49.4 pos '2000.0 -848.0  32.0' spd 0 yaw 156 mode 2 st 4 gl 0 hp 100 frg 0
ARGEVT Romero route 2 start '1849.0 -559.0  56.0' goal '1913.0 -719.0 184.0'
ARGLOG Romero t  49.7 pos '1821.2 -560.0  40.0' spd  30.7 yaw 300 mode 2 st 3 gl 2 hp 100 frg -1
ARGEVT Romero jump
ARGLOG Carmack t  49.9 pos '2640.0  -3.7 120.0' spd  66.3 yaw 216 mode 2 st 5 gl 0 hp 100 frg 1
ARGLOG Joe Rogan t  50.0 pos '2000.0 -848.0  32.0' spd 0 yaw 156 mode 2 st 4 gl 0 hp 100 frg 0
ARGEVT Joe Rogan hazard
ARGLOG Romero t  50.3 pos '1838.6 -560.0  53.0' spd  35.7 yaw 301.2 mode 2 st 3 gl 2 hp 100 frg -1
ARGEVT Romero rjump
ARGEVT Romero weapon ng
ARGLOG Carmack t  50.4 pos '2640.0 -33.2 120.0' spd  10.4 yaw 215 mode 2 st 5 gl 0 hp 100 frg 1
ARGEVT Joe Rogan stall
ARGEVT Joe Rogan stallnode '1769.0 -751.0  24.0'
ARGEVT Joe Rogan jump
ARGLOG Joe Rogan t  50.6 pos '2000.0 -848.0  45.7' spd 0 yaw 176.8 mode 0 st 5 gl 0 hp 100 frg 0
ARGLOG Romero t  50.8 pos '1835.7 -550.5 212.6' spd  31.7 yaw 299 mode 1 st 3 gl 2 hp 89 frg -1
ARGEVT Joe Rogan route 18 start '2057.0 -863.0  32.0' goal '2057.0 -991.0 344.0'
ARGLOG Carmack t  51.0 pos '2640.0 -37.1 120.0' spd   6.9 yaw 215 mode 2 st 5 gl 0 hp 100 frg 1
ARGLOG Joe Rogan t  51.1 pos '2000.0 -862.0  32.0' spd  32.2 yaw 241 mode 2 st 5 gl 0 hp 100 frg 0
ARGEVT Carmack stall
ARGEVT Carmack stallnode '2905.0 -47.0 -72.0'
ARGEVT Carmack jump
ARGLOG Romero t  51.4 pos '1843.5 -566.4 210.5' spd  31.7 yaw 300 mode 1 st 3 gl 2 hp 89 frg -1
ARGEVT Carmack route 6 start '2585.0 -15.0 120.0' goal '2057.0 -943.0 344.0'
ARGLOG Carmack t  51.6 pos '2639.9 -49.6 150.5' spd  34.5 yaw 219.2 mode 2 st 6 gl 0 hp 100 frg 1
ARGLOG Joe Rogan t  51.6 pos '2000.0 -1008.0  32.0' spd 0 yaw 161.6 mode 0 st 5 gl 0 hp 100 frg 0
ARGEVT Joe Rogan jump
ARGEVT Joe Rogan route 17 start '2025.0 -991.0  32.0' goal '2057.0 -991.0 344.0'
ARGEVT Romero goal item_rockets
ARGLOG Romero t  51.9 pos '1911.9 -683.3 184.0' spd 325.8 yaw 294 mode 0 st 3 gl 3 hp 100 frg -1
ARGEVT Romero route 13 start '1913.0 -719.0 184.0' goal '2057.0 -991.0 344.0'
ARGEVT Romero hazard
ARGLOG Carmack t  52.1 pos '2562.7  16.0 120.0' spd  45.8 yaw 350 mode 2 st 6 gl 0 hp 100 frg 1
ARGLOG Joe Rogan t  52.2 pos '2000.0 -993.3  45.2' spd  31.6 yaw 105 mode 2 st 5 gl 0 hp 100 frg 0
ARGLOG Romero t  52.5 pos '1968.0 -634.7 184.0' spd 351.2 yaw 83 mode 2 st 3 gl 3 hp 100 frg -1
ARGEVT Joe Rogan hazard
ARGLOG Carmack t  52.7 pos '2640.0 -53.5 120.0' spd 217.2 yaw 214 mode 2 st 6 gl 0 hp 100 frg 1
ARGLOG Joe Rogan t  52.7 pos '2000.0 -869.0  32.0' spd 232.9 yaw 135.5 mode 2 st 5 gl 0 hp 100 frg 0
ARGLOG Romero t  53.0 pos '1973.6 -436.6 120.1' spd 322.3 yaw 39 mode 2 st 3 gl 3 hp 100 frg -1
ARGLOG Carmack t  53.2 pos '2640.0 -70.5 120.0' spd  17.6 yaw 214 mode 2 st 6 gl 0 hp 100 frg 1
ARGLOG Joe Rogan t  53.3 pos '2000.0 -868.9  32.0' spd  22.0 yaw 115.0 mode 2 st 5 gl 0 hp 100 frg 0
ARGLOG Romero t  53.6 pos '2045.5 -271.6  40.0' spd 347.4 yaw 53 mode 2 st 3 gl 3 hp 100 frg -1
ARGEVT Joe Rogan hazard
ARGLOG Carmack t  53.8 pos '2640.0 -63.2 120.0' spd  10.4 yaw 214 mode 2 st 6 gl 0 hp 100 frg 1
ARGLOG Joe Rogan t  53.8 pos '2000.0 -848.0  32.0' spd 0 yaw 156 mode 2 st 5 gl 0 hp 100 frg 0
ARGEVT Carmack stall
ARGEVT Carmack stallnode '2905.0 -47.0 -72.0'
ARGEVT Carmack jump
ARGLOG Romero t  54.1 pos '2173.9 -206.0  24.0' spd 337.7 yaw 38 mode 2 st 3 gl 3 hp 100 frg -1
ARGEVT Joe Rogan stall
ARGEVT Joe Rogan stallnode '1769.0 -751.0  24.0'
ARGEVT Joe Rogan jump
ARGLOG Carmack t  54.3 pos '2640.0 -63.2 156.3' spd  31.1 yaw 282 mode 0 st 7 gl 0 hp 100 frg 1
ARGLOG Joe Rogan t  54.4 pos '2000.0 -848.6  63.9' spd   8.9 yaw 217.5 mode 0 st 6 gl 0 hp 100 frg 0
ARGEVT Carmack route 6 start '2585.0 -15.0 120.0' goal '2057.0 -943.0 344.0'
ARGEVT Carmack engage Romero
ARGEVT Romero engage Carmack
ARGEVT Romero grab item_rockets
ARGLOG Romero t  54.7 pos '2247.8 -89.6  24.0' spd 168.1 yaw   1.7 mode 2 st 3 gl 3 hp 100 frg -1
ARGEVT Joe Rogan route 18 start '2057.0 -863.0  32.0' goal '2057.0 -991.0 344.0'
ARGLOG Carmack t  54.9 pos '2621.2 -14.5 120.0' spd 320.2 yaw 194.0 mode 2 st 7 gl 0 hp 100 frg 1
ARGLOG Joe Rogan t  55.0 pos '2011.2 -892.6  32.0' spd 322.3 yaw 149 mode 2 st 6 gl 0 hp 100 frg 0
ARGEVT Joe Rogan jump
ARGLOG Romero t  55.3 pos '2241.0 -106.8  24.0' spd 128.8 yaw   0.6 mode 2 st 3 gl 3 hp 97 frg -1
ARGLOG Carmack t  55.4 pos '2564.6 -57.9 120.0' spd 322.2 yaw 188.0 mode 0 st 7 gl 0 hp 100 frg 1
ARGUS routecache adopt
ARGEVT Joe Rogan route 17 start '2025.0 -991.0  32.0' goal '2057.0 -991.0 344.0'
ARGLOG Joe Rogan t  55.5 pos '2013.3 -1008.0  68.3' spd   4.0 yaw 138 mode 2 st 6 gl 0 hp 100 frg 0
ARGUS routecache adopt
ARGEVT Joe Rogan route 17 start '2025.0 -991.0  32.0' goal '2057.0 -991.0 344.0'
ARGEVT Carmack route 6 start '2633.0 -143.0 120.0' goal '2057.0 -943.0 344.0'
ARGLOG Romero t  55.8 pos '2260.8 -88.4  24.0' spd 255.5 yaw 326.1 mode 2 st 3 gl 3 hp 97 frg -1
ARGEVT Romero pursue
ARGEVT Carmack pursue
ARGLOG Carmack t  56.0 pos '2518.7 -224.3 120.0' spd 306.5 yaw 153.1 mode 2 st 7 gl 0 hp 100 frg 1
ARGLOG Joe Rogan t  56.1 pos '2063.0 -970.5  32.0' spd 321.6 yaw  72.2 mode 0 st 6 gl 0 hp 100 frg 0
ARGEVT Joe Rogan jump
ARGEVT Joe Rogan route 17 start '2025.0 -991.0  32.0' goal '2057.0 -991.0 344.0'
ARGLOG Romero t  56.3 pos '2274.3 -48.2  24.0' spd 338.7 yaw 323.8 mode 2 st 3 gl 3 hp 97 frg -1
ARGLOG Carmack t  56.5 pos '2439.3 -156.6  24.0' spd 261.7 yaw 143.9 mode 2 st 7 gl 0 hp 100 frg 1
ARGLOG Joe Rogan t  56.6 pos '2078.9 -852.2  44.1' spd 223.5 yaw 161 mode 2 st 6 gl 0 hp 100 frg 0
ARGLOG Romero t  56.9 pos '2236.6 -149.1  24.0' spd 345.0 yaw 357.6 mode 2 st 3 gl 3 hp 96 frg -1
ARGEVT Carmack retreat
ARGLOG Carmack t  57.1 pos '2420.1 -144.0  24.0' spd 317.7 yaw 208.7 mode 2 st 7 gl 0 hp 64 frg 1
ARGLOG Joe Rogan t  57.2 pos '2005.5 -995.0  32.0' spd 332.1 yaw 138 mode 2 st 6 gl 0 hp 100 frg 0
ARGEVT Joe Rogan hazard
ARGEVT Joe Rogan jump
ARGEVT Carmack death Romero pos '2343.5 -154.5  24.0'
ARGUS Romero watch spawn
ARGEVT Romero goal 
ARGUS routecache adopt
ARGEVT Joe Rogan route 17 start '2025.0 -991.0  32.0' goal '2057.0 -991.0 344.0'
ARGLOG Romero t  57.4 pos '2220.6 -211.4  24.0' spd 344.1 yaw  65.2 mode 1 st 3 gl 3 hp 96 frg 0
ARGUS routecache adopt
ARGEVT Joe Rogan route 17 start '2025.0 -991.0  32.0' goal '2057.0 -991.0 344.0'
ARGLOG Joe Rogan t  57.8 pos '2078.2 -1008.0  54.7' spd 128.3 yaw 140 mode 2 st 6 gl 0 hp 100 frg 0
ARGEVT Romero hazard
ARGLOG Romero t  58.0 pos '2306.4 -80.0  40.0' spd 209.7 yaw 335.5 mode 1 st 3 gl 3 hp 96 frg 0
ARGEVT Joe Rogan jump
ARGLOG Joe Rogan t  58.3 pos '2032.0 -1014.9  45.5' spd  31.7 yaw 139.8 mode 0 st 6 gl 0 hp 100 frg 0
ARGUS routecache adopt
ARGEVT Joe Rogan route 17 start '2025.0 -991.0  32.0' goal '2057.0 -991.0 344.0'
ARGLOG Romero t  58.6 pos '2320.0 -80.0  40.0' spd 0 yaw 335 mode 1 st 3 gl 3 hp 96 frg 0
ARGUS routecache adopt
ARGEVT Joe Rogan route 17 start '2025.0 -991.0  32.0' goal '2057.0 -991.0 344.0'
ARGEVT Carmack respawn
ARGLOG Joe Rogan t  58.9 pos '2038.3 -989.6  32.0' spd 206.8 yaw  40.2 mode 0 st 6 gl 0 hp 100 frg 0
ARGEVT Romero engage Carmack
ARGEVT Carmack goal item_armorInv
ARGEVT Carmack engage Romero
ARGLOG Carmack t  58.9 pos '2560.0 -192.0  32.0' spd 0 yaw 143.7 mode 0 st 7 gl 0 hp 100 frg 1
ARGUS routecache adopt
ARGEVT Joe Rogan route 17 start '2025.0 -991.0  32.0' goal '2057.0 -991.0 344.0'
ARGEVT Carmack route 6 start '2521.0 -191.0  32.0' goal '2393.0 -655.0  56.0'
ARGEVT Joe Rogan hazard
ARGLOG Romero t  59.1 pos '2361.4 -21.7  72.0' spd 320.4 yaw 317.3 mode 1 st 3 gl 3 hp 96 frg 0
ARGUS routecache adopt
ARGEVT Carmack route 6 start '2521.0 -191.0  32.0' goal '2393.0 -655.0  56.0'
ARGEVT Romero hazard
ARGEVT Romero pursue
ARGLOG Joe Rogan t  59.4 pos '2097.8 -950.2  32.0' spd 330.0 yaw 148 mode 2 st 6 gl 0 hp 100 frg 0
ARGLOG Carmack t  59.4 pos '2470.2 -209.9  24.0' spd 328.5 yaw 104.9 mode 2 st 7 gl 0 hp 100 frg 1
ARGEVT Carmack grab 
ARGEVT Joe Rogan jump
ARGLOG Romero t  59.7 pos '2498.1 -14.9 120.0' spd 359.0 yaw 229.7 mode 1 st 3 gl 3 hp 92 frg 0
ARGEVT Romero goal item_rockets
ARGEVT Romero route 3 start '2585.0 -15.0 120.0' goal '2297.0 -79.0 -120.0'
ARGLOG Joe Rogan t  60.0 pos '2032.1 -1014.0  61.0' spd  32.4 yaw 57 mode 0 st 6 gl 0 hp 100 frg 0
ARGLOG Carmack t  60.0 pos '2297.3 -175.1  24.0' spd 361.4 yaw  18.6 mode 2 st 7 gl 0 hp 100 frg 1
ARGEVT Joe Rogan route 17 start '2025.0 -991.0  32.0' goal '2057.0 -991.0 344.0'
ARGLOG Romero t  60.2 pos '2625.8 -139.9 120.0' spd 347.1 yaw 157.0 mode 2 st 3 gl 3 hp 92 frg 0
ARGEVT Carmack pursue
ARGLOG Joe Rogan t  60.5 pos '2083.6 -925.6  32.0' spd 352.4 yaw 115.5 mode 0 st 6 gl 0 hp 100 frg 0
ARGEVT Joe Rogan jump
ARGLOG Carmack t  60.5 pos '2319.7  -9.4  40.0' spd 325.1 yaw 321.0 mode 2 st 7 gl 0 hp 100 frg 1
ARGEVT Joe Rogan route 18 start '2057.0 -943.0  32.0' goal '2057.0 -991.0 344.0'
ARGLOG Romero t  60.8 pos '2559.5 -311.4 136.0' spd 358.3 yaw 142.3 mode 2 st 3 gl 3 hp 90 frg 0
ARGLOG Joe Rogan t  61.1 pos '2094.0 -851.7  45.6' spd  38.8 yaw 162 mode 2 st 6 gl 0 hp 100 frg 0
ARGLOG Carmack t  61.1 pos '2285.7 -88.6  24.0' spd 320.1 yaw 249 mode 2 st 7 gl 0 hp 100 frg 1
ARGEVT Romero pursue
ARGEVT Carmack pursue
ARGLOG Romero t  61.3 pos '2554.3 -388.7 143.3' spd 243.3 yaw 117 mode 0 st 3 gl 3 hp 90 frg 0
ARGEVT Romero route 4 start '2553.0 -351.0 147.0' goal '2297.0 -79.0 -120.0'
ARGEVT Carmack hazard
ARGUS Romero hunch item_armorInv
ARGLOG Joe Rogan t  61.6 pos '2032.2 -972.7  32.0' spd 330.1 yaw 245.3 mode 0 st 6 gl 0 hp 100 frg 0
ARGEVT Joe Rogan jump
ARGLOG Carmack t  61.6 pos '2318.0 -230.2  24.0' spd 326.2 yaw 347 mode 2 st 7 gl 0 hp 100 frg 1
ARGEVT Romero pursue
ARGEVT Romero goal item_rockets
ARGUS routecache adopt
ARGEVT Romero route 4 start '2553.0 -351.0 147.0' goal '2297.0 -79.0 -120.0'
ARGLOG Romero t  61.9 pos '2588.9 -304.0 120.0' spd 130.6 yaw  41.6 mode 2 st 3 gl 3 hp 90 frg 0
ARGUS Carmack hunch item_armorInv
ARGEVT Joe Rogan route 17 start '2025.0 -991.0  32.0' goal '2057.0 -991.0 344.0'
ARGEVT Romero hazard
ARGEVT Carmack goal item_armorInv
ARGEVT Carmack route 6 start '2473.0 -191.0  24.0' goal '2393.0 -655.0  56.0'
ARGLOG Joe Rogan t  62.2 pos '2009.5 -1007.8  44.8' spd  34.5 yaw 34 mode 0 st 6 gl 0 hp 100 frg 0
ARGLOG Carmack t  62.2 pos '2504.6 -240.0  24.0' spd 371.8 yaw 288.7 mode 2 st 7 gl 0 hp 100 frg 1
ARGEVT Joe Rogan jump
ARGLOG Romero t  62.4 pos '2582.0 -155.6 120.0' spd 331.7 yaw 144 mode 2 st 3 gl 3 hp 100 frg 0
ARGEVT Joe Rogan route 17 start '2025.0 -991.0  32.0' goal '2057.0 -991.0 344.0'
ARGEVT Romero pursue
ARGEVT Carmack route 6 start '2521.0 -191.0  32.0' goal '2393.0 -655.0  56.0'
ARGLOG Joe Rogan t  62.7 pos '2104.0 -920.9  69.7' spd 186.5 yaw 153 mode 2 st 6 gl 0 hp 100 frg 0
ARGLOG Carmack t  62.7 pos '2493.9 -239.6  24.0' spd 320.2 yaw 176 mode 2 st 7 gl 0 hp 100 frg 1
ARGEVT Carmack pursue
ARGLOG Romero t  63.0 pos '2633.7 -104.1 120.0' spd 359.2 yaw 204.5 mode 2 st 3 gl 3 hp 100 frg 0
ARGLOG Joe Rogan t  63.3 pos '2034.1 -915.7  32.0' spd 337.9 yaw 148 mode 2 st 6 gl 0 hp 100 frg 0
ARGLOG Carmack t  63.3 pos '2348.3 -167.7  24.0' spd 364.3 yaw 349.4 mode 2 st 7 gl 0 hp 100 frg 1
ARGLOG Romero t  63.5 pos '2621.2 -287.4 120.0' spd 333.7 yaw 150.7 mode 2 st 3 gl 3 hp 100 frg 0
ARGEVT Carmack retreat
ARGEVT Joe Rogan jump
ARGLOG Joe Rogan t  63.9 pos '2000.6 -1008.0  68.2' spd   9.5 yaw 308.7 mode 0 st 6 gl 0 hp 100 frg 0
ARGLOG Carmack t  63.9 pos '2285.9 -190.3  24.0' spd 447.1 yaw   5.1 mode 2 st 7 gl 0 hp 28 frg 1
ARGEVT Joe Rogan route 17 start '2025.0 -991.0  32.0' goal '2057.0 -991.0 344.0'
ARGLOG Romero t  64.1 pos '2636.4 -112.3 120.0' spd 334.0 yaw 197.5 mode 2 st 3 gl 3 hp 99 frg 0
ARGEVT Carmack death Romero pos '2165.3 -260.8  24.0'
ARGUS Romero watch spawn
ARGEVT Joe Rogan abandon
ARGEVT Joe Rogan goal weapon_rocketlauncher
ARGLOG Joe Rogan t  64.4 pos '2055.0 -975.6  32.0' spd 331.0 yaw 76 mode 0 st 6 gl 0 hp 100 frg 0
ARGEVT Joe Rogan route 17 start '2025.0 -991.0  32.0' goal '1465.0 -687.0 184.0'
ARGEVT Romero goal item_armorInv
ARGEVT Romero route 6 start '2585.0 -15.0 120.0' goal '2393.0 -655.0  56.0'
ARGLOG Romero t  64.7 pos '2502.7  -5.3 120.0' spd 366.8 yaw 221 mode 2 st 3 gl 3 hp 99 frg 1
ARGEVT Joe Rogan hazard
ARGLOG Joe Rogan t  65.0 pos '2002.1 -882.9  32.0' spd 320.5 yaw 150 mode 2 st 6 gl 0 hp 100 frg 0
ARGLOG Romero t  65.2 pos '2353.5 -107.0  72.0' spd 321.6 yaw 231 mode 2 st 3 gl 3 hp 99 frg 1
ARGLOG Joe Rogan t  65.5 pos '2013.7 -1008.0  32.0' spd 185.2 yaw 180.5 mode 0 st 6 gl 0 hp 100 frg 0
ARGEVT Joe Rogan route 17 start '2025.0 -991.0  32.0' goal '1465.0 -687.0 184.0'
ARGLOG Romero t  65.8 pos '2350.0 -240.0  24.0' spd  42.8 yaw 237.5 mode 2 st 3 gl 3 hp 99 frg 1
ARGEVT Romero hazard
ARGEVT Carmack respawn
ARGEVT Carmack goal weapon_rocketlauncher
ARGLOG Carmack t  65.8 pos '2704.0 -2048.0 128.0' spd 0 yaw 249.8 mode 0 st 7 gl 0 hp 100 frg 1
ARGEVT Carmack route 7 start '2713.0 -2111.0 120.0' goal '2473.0 -1711.0  24.0'
ARGEVT Joe Rogan hazard
ARGLOG Joe Rogan t  66.1 pos '2000.0 -908.7  32.0' spd 141.3 yaw 147 mode 2 st 6 gl 0 hp 100 frg 0
ARGLOG Romero t  66.3 pos '2214.9 -252.2  24.0' spd 371.5 yaw 258.6 mode 0 st 3 gl 3 hp 99 frg 1
ARGEVT Romero route 5 start '2233.0 -223.0  24.0' goal '2393.0 -655.0  56.0'
ARGLOG Carmack t  66.4 pos '2698.3 -2219.6 120.0' spd 320.7 yaw 183 mode 2 st 7 gl 0 hp 100 frg 1
ARGLOG Joe Rogan t  66.6 pos '2000.0 -848.0  32.0' spd 0 yaw 156 mode 2 st 6 gl 0 hp 100 frg 0
ARGLOG Romero t  66.9 pos '2295.5 -382.3   8.0' spd 421.1 yaw 302 mode 2 st 3 gl 3 hp 99 frg 1
ARGLOG Carmack t  67.0 pos '2566.4 -2308.3 120.0' spd 332.2 yaw 166 mode 2 st 7 gl 0 hp 100 frg 1
ARGEVT Joe Rogan hazard
ARGLOG Joe Rogan t  67.2 pos '2000.0 -848.0  32.0' spd 0 yaw 156 mode 2 st 6 gl 0 hp 100 frg 0
ARGEVT Carmack hazard
ARGLOG Romero t  67.5 pos '2472.7 -399.6   8.0' spd 331.2 yaw 241 mode 2 st 3 gl 3 hp 99 frg 1
ARGLOG Carmack t  67.5 pos '2403.8 -2261.7 120.0' spd 355.3 yaw 160 mode 2 st 7 gl 0 hp 100 frg 1
ARGEVT Joe Rogan stall
ARGEVT Joe Rogan stallnode '1769.0 -751.0  24.0'
ARGEVT Joe Rogan jump
ARGEVT Carmack jump
ARGLOG Joe Rogan t  67.8 pos '2000.0 -848.6  63.7' spd   8.6 yaw 214 mode 0 st 7 gl 0 hp 100 frg 0
ARGEVT Romero jump
ARGEVT Joe Rogan route 18 start '2057.0 -863.0  32.0' goal '1465.0 -687.0 184.0'
ARGLOG Romero t  68.0 pos '2546.7 -528.0  48.0' spd  13.8 yaw 220 mode 2 st 3 gl 3 hp 99 frg 1
ARGLOG Carmack t  68.1 pos '2288.0 -2325.7 143.8' spd  30.1 yaw 131 mode 2 st 7 gl 0 hp 100 frg 1
ARGLOG Joe Rogan t  68.3 pos '2006.7 -897.8  32.0' spd 320.0 yaw 148 mode 2 st 7 gl 0 hp 100 frg 0
ARGEVT Carmack swim
ARGLOG Romero t  68.6 pos '2447.9 -528.0   8.0' spd 321.5 yaw 247 mode 2 st 3 gl 3 hp 99 frg 1
ARGEVT Romero jump
ARGEVT Joe Rogan hazard
ARGLOG Carmack t  68.6 pos '2288.0 -2297.6  32.6' spd 117.7 yaw 137 mode 2 st 7 gl 0 hp 70 frg 1
ARGUS routecache adopt
ARGEVT Joe Rogan route 17 start '2025.0 -991.0  32.0' goal '1465.0 -687.0 184.0'
ARGLOG Joe Rogan t  68.9 pos '2000.0 -1004.0  32.0' spd  62.4 yaw 137 mode 2 st 7 gl 0 hp 100 frg 0
ARGLOG Romero t  69.1 pos '2306.0 -528.0  20.3' spd  78.0 yaw 305 mode 2 st 3 gl 3 hp 99 frg 1
ARGEVT Romero hazard
ARGLOG Carmack t  69.2 pos '2288.0 -2198.6  32.8' spd 148.5 yaw 170 mode 2 st 7 gl 0 hp 30 frg 1
ARGLOG Joe Rogan t  69.4 pos '2000.0 -914.4  32.0' spd 101.4 yaw 147 mode 2 st 7 gl 0 hp 100 frg 0
ARGEVT Carmack death world pos '2288.0 -2186.9  32.9'
ARGLOG Romero t  69.7 pos '2425.1 -528.0   8.0' spd 232.1 yaw 256 mode 2 st 3 gl 3 hp 99 frg 1
ARGEVT Joe Rogan hazard
ARGLOG Joe Rogan t  70.0 pos '2000.0 -890.8  32.0' spd  91.3 yaw 150 mode 2 st 7 gl 0 hp 100 frg 0
ARGLOG Romero t  70.2 pos '2499.7 -527.3   8.0' spd 198.4 yaw 231 mode 2 st 3 gl 3 hp 99 frg 1
ARGEVT Romero hazard
ARGLOG Joe Rogan t  70.5 pos '2000.0 -896.3  32.0' spd 180.8 yaw 149 mode 2 st 7 gl 0 hp 100 frg 0
ARGLOG Romero t  70.8 pos '2336.2 -525.7   8.0' spd 209.8 yaw 294 mode 2 st 3 gl 3 hp 99 frg 1
ARGEVT Joe Rogan hazard
ARGEVT Carmack respawn
ARGEVT Romero engage Carmack
ARGEVT Carmack goal weapon_rocketlauncher
ARGEVT Carmack engage Romero
ARGLOG Carmack t  71.0 pos '2624.0 -488.0  32.0' spd 0 yaw 181.7 mode 0 st 7 gl 0 hp 100 frg 0
ARGLOG Joe Rogan t  71.1 pos '2000.0 -883.8  32.0' spd 189.3 yaw 151 mode 2 st 7 gl 0 hp 100 frg 0
ARGEVT Carmack route 7 start '2553.0 -495.0  24.0' goal '2473.0 -1711.0  24.0'
ARGEVT Joe Rogan stall
ARGEVT Joe Rogan stallnode '1769.0 -751.0  24.0'
ARGEVT Joe Rogan jump
ARGLOG Romero t  71.3 pos '2316.7 -436.2   8.0' spd 323.6 yaw  56.5 mode 2 st 3 gl 3 hp 99 frg 1
ARGEVT Carmack jump
ARGLOG Carmack t  71.6 pos '2570.9 -521.0  48.0' spd 322.4 yaw 140.3 mode 2 st 7 gl 0 hp 100 frg 0
ARGLOG Joe Rogan t  71.7 pos '2000.0 -864.6  67.9' spd  17.1 yaw 178.3 mode 0 st 8 gl 0 hp 100 frg 0
ARGEVT Joe Rogan route 18 start '2057.0 -863.0  32.0' goal '1465.0 -687.0 184.0'
ARGLOG Romero t  71.9 pos '2432.4 -306.5   8.0' spd 132.0 yaw 245.5 mode 0 st 3 gl 3 hp 95 frg 1
ARGEVT Romero route 3 start '2473.0 -319.0   8.0' goal '2393.0 -655.0  56.0'
ARGLOG Carmack t  72.1 pos '2624.2 -470.4  32.0' spd  45.0 yaw 159.4 mode 2 st 7 gl 0 hp 100 frg 0
ARGLOG Joe Rogan t  72.2 pos '2044.0 -848.0  32.0' spd 321.8 yaw 160 mode 2 st 8 gl 0 hp 100 frg 0
ARGEVT Carmack jump
ARGLOG Romero t  72.5 pos '2408.3 -481.2   8.0' spd 332.1 yaw 288.5 mode 2 st 3 gl 3 hp 91 frg 1
ARGEVT Carmack retreat
ARGEVT Romero hazard
ARGLOG Carmack t  72.7 pos '2626.9 -483.0  32.0' spd 321.2 yaw 187.2 mode 2 st 7 gl 0 hp 64 frg 0
ARGEVT Carmack hazard
ARGLOG Joe Rogan t  72.8 pos '2102.9 -963.2  32.0' spd 335.3 yaw 147 mode 2 st 8 gl 0 hp 100 frg 0
ARGEVT Joe Rogan hazard
ARGLOG Romero t  73.0 pos '2394.7 -406.8   8.0' spd 336.2 yaw  42.2 mode 2 st 3 gl 3 hp 91 frg 1
ARGEVT Carmack jump
ARGEVT Romero grab item_spikes
ARGLOG Carmack t  73.3 pos '2618.4 -509.8  48.0' spd   7.0 yaw 127.5 mode 2 st 7 gl 0 hp 64 frg 0
ARGLOG Joe Rogan t  73.3 pos '2104.0 -931.7  32.0' spd 330.6 yaw 151 mode 2 st 8 gl 0 hp 100 frg 0
ARGEVT Carmack pursue
ARGLOG Romero t  73.6 pos '2554.9 -335.7  24.0' spd 329.1 yaw 238.2 mode 2 st 3 gl 3 hp 91 frg 1
ARGEVT Romero pursue
ARGUS Romero hunch item_armorInv
ARGUS Carmack hunch item_armorInv
ARGEVT Carmack pursue
ARGLOG Carmack t  73.8 pos '2558.4 -448.5  24.0' spd 329.7 yaw 151 mode 2 st 7 gl 0 hp 64 frg 0
ARGLOG Joe Rogan t  73.9 pos '2000.0 -874.1  32.0' spd 271.7 yaw 151 mode 2 st 8 gl 0 hp 100 frg 0
ARGEVT Joe Rogan hazard
ARGEVT Romero goal item_armorInv
ARGUS routecache adopt
ARGEVT Romero route 3 start '2473.0 -319.0   8.0' goal '2393.0 -655.0  56.0'
ARGEVT Carmack goal weapon_rocketlauncher
ARGEVT Carmack route 7 start '2553.0 -495.0  24.0' goal '2473.0 -1711.0  24.0'
ARGLOG Romero t  74.1 pos '2516.0 -307.6  24.0' spd 205.0 yaw 337.5 mode 2 st 3 gl 3 hp 81 frg 1
ARGEVT Carmack jump
ARGLOG Carmack t  74.4 pos '2595.7 -528.0  38.7' spd 245.8 yaw  83.1 mode 2 st 7 gl 0 hp 64 frg 0
ARGLOG Joe Rogan t  74.4 pos '2000.0 -1008.0  32.0' spd 0 yaw 150 mode 0 st 8 gl 0 hp 100 frg 0
ARGEVT Romero pursue
ARGEVT Carmack pursue
ARGEVT Romero hazard
ARGEVT Joe Rogan route 17 start '2025.0 -991.0  32.0' goal '1465.0 -687.0 184.0'
ARGLOG Romero t  74.7 pos '2588.9 -371.4  24.0' spd 322.3 yaw 254 mode 2 st 3 gl 3 hp 81 frg 1
ARGEVT Carmack hazard
ARGEVT Romero pursue
ARGLOG Carmack t  74.9 pos '2542.8 -455.6  24.0' spd 336.6 yaw 220.1 mode 2 st 7 gl 0 hp 64 frg 0
ARGEVT Carmack jump
ARGLOG Joe Rogan t  75.0 pos '2000.0 -919.3  32.0' spd 360.4 yaw 146 mode 2 st 8 gl 0 hp 100 frg 0
ARGEVT Romero grab item_health
ARGEVT Joe Rogan hazard
ARGLOG Romero t  75.2 pos '2543.7 -319.3  24.0' spd 320.1 yaw 324.2 mode 2 st 3 gl 3 hp 73 frg 1
ARGLOG Carmack t  75.5 pos '2531.7 -520.6  24.0' spd 165.4 yaw  72.9 mode 2 st 7 gl 0 hp 28 frg 0
ARGLOG Joe Rogan t  75.6 pos '2080.0 -854.8  32.0' spd 359.3 yaw 159 mode 2 st 8 gl 0 hp 100 frg 0
ARGEVT Carmack pursue
ARGEVT Romero pursue
ARGEVT Carmack jump
ARGLOG Romero t  75.8 pos '2516.0 -345.5  24.0' spd 379.5 yaw  58.2 mode 2 st 3 gl 3 hp 53 frg 1
ARGEVT Joe Rogan route 18 start '2057.0 -863.0  32.0' goal '1465.0 -687.0 184.0'
ARGLOG Carmack t  76.0 pos '2532.8 -456.4  29.7' spd  39.9 yaw 112.4 mode 2 st 7 gl 0 hp 28 frg 0
ARGLOG Joe Rogan t  76.1 pos '2012.9 -868.6  32.0' spd 323.9 yaw 166.6 mode 2 st 8 gl 0 hp 100 frg 0
ARGLOG Romero t  76.4 pos '2532.4 -338.5  24.0' spd 246.7 yaw  64.2 mode 2 st 3 gl 3 hp 37 frg 1
ARGEVT Carmack hazard
ARGEVT Carmack jump
ARGLOG Carmack t  76.6 pos '2568.9 -513.1  37.7' spd 272.8 yaw  81.5 mode 2 st 7 gl 0 hp 28 frg 0
ARGLOG Joe Rogan t  76.7 pos '2050.5 -843.3  32.0' spd 340.9 yaw 161 mode 2 st 8 gl 0 hp 100 frg 0
ARGEVT Romero abandon
ARGEVT Carmack pursue
ARGEVT Romero pursue
ARGEVT Romero hazard
ARGEVT Romero goal item_health
ARGLOG Romero t  76.9 pos '2578.3 -320.4  24.0' spd 394.1 yaw 136.6 mode 0 st 3 gl 3 hp 37 frg 1
ARGEVT Romero route 6 start '2601.0 -383.0  24.0' goal '2521.0 -207.0 120.0'
ARGLOG Carmack t  77.2 pos '2550.9 -451.8  24.0' spd 320.2 yaw 182.2 mode 2 st 7 gl 0 hp 28 frg 0
ARGLOG Joe Rogan t  77.2 pos '2102.9 -947.0  32.0' spd 325.0 yaw 149 mode 2 st 8 gl 0 hp 100 frg 0
ARGEVT Carmack jump
ARGEVT Joe Rogan hazard
ARGLOG Romero t  77.5 pos '2394.6 -327.2   8.0' spd 389.4 yaw 317.1 mode 2 st 3 gl 3 hp 13 frg 1
ARGLOG Carmack t  77.7 pos '2522.2 -487.2  29.9' spd 114.2 yaw 155.1 mode 2 st 7 gl 0 hp 28 frg 0
ARGEVT Carmack death Romero pos '2519.6 -493.9  24.0'
ARGUS Romero watch spawn
ARGLOG Joe Rogan t  77.8 pos '1649.4 -925.6 -10.8' spd 208.6 yaw 83 mode 2 st 8 gl 0 hp 100 frg 0
ARGEVT Joe Rogan swim
ARGEVT Romero goal item_health
ARGEVT Romero route 5 start '2297.0 -495.0   8.0' goal '2521.0 -207.0 120.0'
ARGLOG Romero t  78.0 pos '2315.5 -485.9   8.0' spd 397.0 yaw 350.2 mode 2 st 3 gl 3 hp 13 frg 2
ARGLOG Joe Rogan t  78.3 pos '1609.2 -864.8 -49.9' spd 155.8 yaw 68 mode 2 st 8 gl 0 hp 84 frg 0
ARGLOG Romero t  78.6 pos '2502.1 -496.1   8.0' spd 320.1 yaw   6.3 mode 2 st 3 gl 3 hp 13 frg 2
ARGEVT Romero jump
ARGLOG Joe Rogan t  78.9 pos '1688.1 -839.5 -49.7' spd 191.9 yaw 96 mode 2 st 8 gl 0 hp 60 frg 0
ARGLOG Romero t  79.1 pos '2620.0 -517.8  32.0' spd 375.5 yaw 190.0 mode 2 st 3 gl 3 hp 13 frg 2
ARGEVT Romero hazard
ARGEVT Carmack respawn
ARGEVT Carmack goal weapon_rocketlauncher
ARGLOG Carmack t  79.3 pos '1712.0 -504.0  24.0' spd 0 yaw 250.5 mode 0 st 7 gl 0 hp 100 frg 0
ARGLOG Joe Rogan t  79.4 pos '1744.0 -757.9 -49.7' spd 182.5 yaw 142 mode 2 st 8 gl 0 hp 44 frg 0
ARGEVT Romero jump
ARGEVT Carmack route 14 start '1705.0 -575.0  24.0' goal '1465.0 -687.0 184.0'
ARGLOG Romero t  79.7 pos '2453.3 -422.8  60.2' spd 363.1 yaw 35 mode 2 st 3 gl 3 hp 13 frg 2
ARGEVT Joe Rogan engage Carmack
ARGEVT Carmack engage Joe Rogan
ARGLOG Carmack t  79.9 pos '1676.5 -659.1  24.0' spd 270.4 yaw 315.5 mode 2 st 7 gl 0 hp 100 frg 0
ARGLOG Joe Rogan t  80.0 pos '1744.0 -721.5 -49.2' spd  24.5 yaw 148.5 mode 2 st 8 gl 0 hp 28 frg 0
ARGEVT Romero hazard
ARGEVT Joe Rogan pursue
ARGLOG Romero t  80.2 pos '2565.5 -374.1  24.0' spd 341.1 yaw 265 mode 2 st 3 gl 3 hp 13 frg 2
ARGEVT Carmack pursue
ARGLOG Carmack t  80.4 pos '1724.7 -607.6  24.0' spd 357.1 yaw 280 mode 2 st 7 gl 0 hp 100 frg 0
ARGLOG Joe Rogan t  80.6 pos '1722.4 -720.0 -48.8' spd 104.0 yaw 130 mode 2 st 8 gl 0 hp 12 frg 0
ARGUS Carmack hunch item_health
ARGEVT Carmack hazard
ARGUS Joe Rogan hunch weapon_rocketlauncher
ARGEVT Joe Rogan death world pos '1690.6 -720.0 -48.8'
ARGLOG Romero t  80.8 pos '2543.9 -384.0  24.0' spd 282.3 yaw 275 mode 2 st 3 gl 3 hp 13 frg 2
ARGEVT Carmack goal weapon_rocketlauncher
ARGUS routecache adopt
ARGEVT Carmack route 14 start '1705.0 -575.0  24.0' goal '1465.0 -687.0 184.0'
ARGLOG Carmack t  81.0 pos '1704.1 -577.3  24.0' spd 342.8 yaw 3 mode 2 st 7 gl 0 hp 100 frg 0
ARGEVT Romero jump
ARGLOG Romero t  81.4 pos '2512.0 -474.7  32.2' spd 327.6 yaw 71 mode 2 st 3 gl 3 hp 13 frg 2
ARGLOG Carmack t  81.5 pos '1865.7 -533.1  56.0' spd 320.1 yaw 42 mode 2 st 7 gl 0 hp 100 frg 0
ARGLOG Romero t  81.9 pos '2559.1 -497.0  24.0' spd 333.1 yaw 92 mode 2 st 3 gl 3 hp 13 frg 2
ARGEVT Romero hazard
ARGEVT Romero jump
ARGLOG Carmack t  82.1 pos '2029.1 -484.7 104.0' spd 392.2 yaw 91 mode 2 st 7 gl 0 hp 100 frg 0
ARGEVT Joe Rogan respawn
ARGEVT Joe Rogan goal weapon_rocketlauncher
ARGLOG Joe Rogan t  82.4 pos '2576.0 -1328.0  24.0' spd 0 yaw 256 mode 0 st 8 gl 0 hp 100 frg -1
ARGEVT Joe Rogan route 2 start '2585.0 -1375.0  24.0' goal '2473.0 -1711.0  24.0'
ARGLOG Romero t  82.5 pos '2404.2 -426.0  55.5' spd 338.9 yaw 26 mode 2 st 3 gl 3 hp 13 frg 2
ARGLOG Carmack t  82.7 pos '2024.3 -299.6  56.0' spd 334.4 yaw 53 mode 2 st 7 gl 0 hp 100 frg 0
ARGEVT Romero engage Carmack
ARGEVT Romero retreat
ARGEVT Carmack engage Romero
ARGLOG Joe Rogan t  83.0 pos '2514.9 -1485.5  24.0' spd 321.4 yaw 260 mode 2 st 8 gl 0 hp 100 frg -1
ARGLOG Romero t  83.0 pos '2538.0 -376.2  24.0' spd 369.9 yaw 131.1 mode 2 st 3 gl 3 hp 13 frg 2
ARGLOG Carmack t  83.2 pos '2147.5 -157.2  24.0' spd 321.7 yaw 343.2 mode 2 st 7 gl 0 hp 100 frg 0
ARGEVT Romero pursue
ARGEVT Carmack pursue
ARGLOG Joe Rogan t  83.5 pos '2485.0 -1661.0  24.0' spd 320.1 yaw 265 mode 1 st 8 gl 0 hp 100 frg -1
ARGLOG Romero t  83.6 pos '2589.2 -304.0  24.0' spd 321.2 yaw 171 mode 2 st 3 gl 3 hp 13 frg 2
ARGEVT Joe Rogan goal item_armorInv
ARGEVT Joe Rogan route 5 start '2473.0 -1711.0  24.0' goal '2473.0 -1999.0 120.0'
ARGLOG Carmack t  83.8 pos '2307.9 -162.5  24.0' spd 326.6 yaw 314 mode 2 st 7 gl 0 hp 100 frg 0
ARGLOG Joe Rogan t  84.1 pos '2424.9 -1829.1  24.0' spd 349.0 yaw 215 mode 2 st 8 gl 1 hp 100 frg -1
ARGLOG Romero t  84.1 pos '2410.2 -304.0   8.0' spd 323.5 yaw 167 mode 2 st 3 gl 3 hp 13 frg 2
ARGEVT Carmack hazard
ARGLOG Carmack t  84.3 pos '2426.2 -240.0  24.0' spd 182.0 yaw 303 mode 2 st 7 gl 0 hp 100 frg 0
ARGLOG Joe Rogan t  84.6 pos '2262.7 -1903.9  24.0' spd 321.3 yaw 226 mode 2 st 8 gl 1 hp 100 frg -1
ARGLOG Romero t  84.7 pos '2228.9 -310.6  24.0' spd 346.9 yaw 152 mode 0 st 3 gl 3 hp 13 frg 2
ARGEVT Carmack pursue
ARGLOG Carmack t  84.9 pos '2411.1 -240.0  24.0' spd  67.1 yaw 294.1 mode 2 st 7 gl 0 hp 100 frg 0
ARGEVT Romero route 5 start '2169.0 -351.0  24.0' goal '2521.0 -207.0 120.0'
ARGEVT Joe Rogan jump
ARGUS Romero hunch item_armorInv
ARGEVT Romero hazard
ARGEVT Romero goal item_health
ARGUS routecache adopt
ARGEVT Romero route 5 start '2169.0 -351.0  24.0' goal '2521.0 -207.0 120.0'
ARGLOG Joe Rogan t  85.2 pos '2128.9 -1969.6  87.7' spd 30 yaw 348 mode 2 st 8 gl 1 hp 100 frg -1
ARGLOG Romero t  85.2 pos '2152.8 -280.4  24.0' spd 324.5 yaw  29.7 mode 2 st 3 gl 3 hp 13 frg 2
ARGEVT Joe Rogan door
ARGLOG Carmack t  85.4 pos '2434.4 -144.0  24.0' spd 139.5 yaw 237.2 mode 2 st 7 gl 0 hp 100 frg 0
ARGEVT Joe Rogan jump
ARGEVT Carmack pursue
ARGLOG Joe Rogan t  85.7 pos '2190.2 -1982.0  96.5' spd 320.1 yaw 360 mode 2 st 8 gl 1 hp 100 frg -1
ARGEVT Romero pursue
ARGLOG Romero t  85.8 pos '2235.6 -439.2   8.0' spd 320.0 yaw 54 mode 0 st 3 gl 3 hp 13 frg 2
ARGEVT Romero route 5 start '2297.0 -495.0   8.0' goal '2521.0 -207.0 120.0'
ARGLOG Carmack t  86.0 pos '2310.9 -230.7  24.0' spd 329.3 yaw 205 mode 2 st 7 gl 0 hp 82 frg 0
ARGEVT Joe Rogan hazard
ARGLOG Joe Rogan t  86.3 pos '2224.0 -1977.4  72.0' spd 149.5 yaw 360 mode 2 st 8 gl 1 hp 100 frg -1
ARGLOG Romero t  86.3 pos '2371.2 -358.8   8.0' spd 322.0 yaw 167.2 mode 2 st 3 gl 3 hp 13 frg 2
ARGLOG Carmack t  86.5 pos '2160.6 -324.5  24.0' spd 355.5 yaw 359.9 mode 2 st 7 gl 0 hp 82 frg 0
ARGLOG Joe Rogan t  86.8 pos '2265.3 -1871.2  24.0' spd 342.9 yaw 343 mode 2 st 8 gl 1 hp 100 frg -1
ARGEVT Carmack route 10 start '2169.0 -351.0  24.0' goal '1465.0 -687.0 184.0'
ARGLOG Romero t  86.9 pos '2543.1 -311.3  24.0' spd 320.1 yaw 217.8 mode 2 st 3 gl 3 hp 4 frg 2
ARGLOG Carmack t  87.1 pos '2180.1 -504.9   8.0' spd 325.3 yaw  20.8 mode 2 st 7 gl 0 hp 82 frg 0
ARGEVT Romero hazard
ARGLOG Joe Rogan t  87.4 pos '2441.9 -1904.0  24.0' spd 303.1 yaw 337 mode 2 st 8 gl 1 hp 100 frg -1
ARGLOG Romero t  87.5 pos '2606.3 -359.5  24.0' spd 143.8 yaw 171.2 mode 2 st 3 gl 3 hp 4 frg 2
ARGEVT Romero grab item_health
ARGEVT Romero death Carmack pos '2607.5 -321.7  24.0'
ARGUS Carmack watch spawn
ARGLOG Carmack t  87.6 pos '2173.6 -357.5   8.0' spd 320.5 yaw  67.2 mode 2 st 7 gl 0 hp 82 frg 1
ARGEVT Carmack goal weapon_rocketlauncher
ARGUS routecache adopt
ARGEVT Carmack route 10 start '2169.0 -351.0  24.0' goal '1465.0 -687.0 184.0'
ARGEVT Joe Rogan hazard
ARGLOG Joe Rogan t  88.0 pos '2593.8 -1879.7  24.0' spd 204.1 yaw 287 mode 2 st 8 gl 1 hp 100 frg -1
ARGEVT Carmack hazard
ARGLOG Carmack t  88.2 pos '2311.0 -219.6  24.0' spd 320.0 yaw 66 mode 2 st 7 gl 0 hp 82 frg 1
ARGLOG Joe Rogan t  88.5 pos '2513.8 -1904.0  24.0' spd 128.6 yaw 325 mode 2 st 8 gl 1 hp 100 frg -1
ARGLOG Carmack t  88.8 pos '2480.9 -171.7  24.0' spd 401.2 yaw 268.4 mode 2 st 7 gl 0 hp 82 frg 1
ARGEVT Joe Rogan hazard
ARGEVT Carmack hazard
ARGLOG Joe Rogan t  89.1 pos '2601.7 -1873.4  24.0' spd 175.1 yaw 282 mode 2 st 8 gl 1 hp 100 frg -1
ARGEVT Romero respawn
ARGEVT Romero goal item_armor2
ARGLOG Romero t  89.2 pos '2544.0 -32.0 -64.0' spd 0 yaw 199.8 mode 0 st 3 gl 3 hp 100 frg 2
ARGEVT Romero route 1 start '2489.0 -31.0 -72.0' goal '2777.0 -15.0 -72.0'
ARGLOG Carmack t  89.3 pos '2471.7 -222.8  24.0' spd 342.2 yaw 206 mode 0 st 7 gl 0 hp 82 frg 1
ARGEVT Romero door
ARGEVT Romero hazard
ARGEVT Carmack route 10 start '2473.0 -191.0  24.0' goal '1465.0 -687.0 184.0'
ARGLOG Joe Rogan t  89.6 pos '2603.5 -1875.7  24.0' spd 111.3 yaw 281 mode 2 st 8 gl 1 hp 100 frg -1
ARGEVT Romero route 2 start '2393.0 -79.0 -72.0' goal '2777.0 -15.0 -72.0'
ARGLOG Romero t  89.8 pos '2382.7 -80.0 -72.0' spd 320.1 yaw 201.5 mode 2 st 3 gl 3 hp 100 frg 2
ARGLOG Carmack t  89.9 pos '2296.0 -226.0  24.0' spd 287.7 yaw 38 mode 2 st 7 gl 0 hp 82 frg 1
ARGEVT Joe Rogan hazard
ARGLOG Joe Rogan t  90.2 pos '2525.8 -1904.0  24.0' spd 132.8 yaw 321 mode 2 st 8 gl 1 hp 100 frg -1
ARGLOG Romero t  90.3 pos '2219.0 -116.1 -136.0' spd 374.2 yaw 288 mode 2 st 3 gl 3 hp 100 frg 2
ARGLOG Carmack t  90.4 pos '2439.4 -200.9  24.0' spd 385.7 yaw 105 mode 2 st 7 gl 0 hp 82 frg 1
ARGEVT Romero hazard
ARGLOG Joe Rogan t  90.7 pos '2598.8 -1879.7  24.0' spd 407.2 yaw 284 mode 2 st 8 gl 1 hp 100 frg -1
ARGLOG Romero t  90.9 pos '2276.4 -196.8 -136.0' spd 156.6 yaw 246 mode 2 st 3 gl 3 hp 100 frg 2
ARGLOG Carmack t  91.0 pos '2325.3 -144.0  24.0' spd 366.5 yaw 59 mode 2 st 7 gl 0 hp 82 frg 1
ARGEVT Joe Rogan hazard
ARGLOG Joe Rogan t  91.3 pos '2535.7 -1904.0  24.0' spd 146.5 yaw 318 mode 2 st 8 gl 1 hp 100 frg -1
ARGLOG Romero t  91.4 pos '2288.0 -162.2 -136.0' spd 357.4 yaw 16 mode 2 st 3 gl 3 hp 100 frg 2
ARGLOG Carmack t  91.5 pos '2241.1  10.1  24.0' spd 386.6 yaw 358 mode 2 st 7 gl 0 hp 82 frg 1
ARGLOG Joe Rogan t  91.9 pos '2607.8 -1895.4  24.0' spd 273.6 yaw 281 mode 2 st 8 gl 1 hp 100 frg -1
ARGEVT Carmack jump
ARGEVT Carmack engage Romero
ARGEVT Romero engage Carmack
ARGLOG Romero t  92.0 pos '2375.2 -29.0  69.5' spd 0 yaw  45.7 mode 2 st 3 gl 3 hp 100 frg 2
ARGEVT Joe Rogan hazard
ARGLOG Carmack t  92.1 pos '2352.0  -1.5  69.5' spd 0 yaw 313.3 mode 2 st 7 gl 0 hp 82 frg 1
ARGLOG Joe Rogan t  92.4 pos '2555.7 -1904.0  24.0' spd 264.1 yaw 311 mode 2 st 8 gl 1 hp 100 frg -1
ARGLOG Romero t  92.5 pos '2375.2 -29.0  69.5' spd 0 yaw 128.7 mode 2 st 3 gl 3 hp 100 frg 2
ARGLOG Carmack t  92.7 pos '2352.0  -1.5  69.5' spd 0 yaw 310.0 mode 2 st 7 gl 0 hp 82 frg 1
ARGLOG Joe Rogan t  93.0 pos '2559.8 -1898.6  24.0' spd 296.5 yaw 307 mode 2 st 8 gl 1 hp 100 frg -1
ARGEVT Romero grab item_health
ARGLOG Romero t  93.1 pos '2375.2 -29.0  69.5' spd 0 yaw 165.4 mode 2 st 3 gl 3 hp 73 frg 2
ARGEVT Joe Rogan hazard
ARGLOG Carmack t  93.2 pos '2233.7 -26.8  24.0' spd 336.5 yaw   1.6 mode 2 st 7 gl 0 hp 58 frg 1
ARGEVT Carmack retreat
ARGEVT Joe Rogan abandon
ARGEVT Joe Rogan goal item_health
ARGLOG Joe Rogan t  93.5 pos '2604.8 -1834.8  24.0' spd 338.4 yaw 109.2 mode 0 st 8 gl 1 hp 100 frg -1
ARGEVT Joe Rogan route 5 start '2553.0 -1871.0  24.0' goal '2377.0 -1999.0 120.0'
ARGLOG Romero t  93.6 pos '2375.2 -29.0  69.5' spd 0 yaw 161.5 mode 2 st 3 gl 3 hp 46 frg 2
ARGLOG Carmack t  93.8 pos '2101.5  95.1  24.0' spd 321.1 yaw 341.0 mode 2 st 7 gl 0 hp 34 frg 1
ARGEVT Carmack hazard
ARGEVT Carmack weapon sg
ARGEVT Romero pursue
ARGEVT Carmack pursue
ARGLOG Joe Rogan t  94.1 pos '2465.4 -1745.6  24.0' spd 359.4 yaw 210 mode 2 st 8 gl 1 hp 100 frg -1
ARGLOG Romero t  94.2 pos '2375.2 -29.0  69.5' spd 0 yaw 162 mode 2 st 3 gl 3 hp 46 frg 2
ARGUS Carmack hunch item_health
ARGLOG Carmack t  94.3 pos '2188.2  97.3  24.0' spd 321.0 yaw  97.9 mode 2 st 7 gl 0 hp 34 frg 1
ARGEVT Carmack goal item_health
ARGEVT Carmack route 5 start '2121.0 129.0  24.0' goal '2521.0 -207.0 120.0'
ARGEVT Carmack pursue
ARGLOG Joe Rogan t  94.6 pos '2314.4 -1847.3  24.0' spd 320.8 yaw 227 mode 2 st 8 gl 1 hp 100 frg -1
ARGLOG Romero t  94.8 pos '2375.2 -29.0  69.5' spd 0 yaw 162 mode 2 st 3 gl 3 hp 46 frg 2
ARGLOG Carmack t  94.9 pos '2105.8 165.6  24.0' spd 395.1 yaw 234.7 mode 2 st 7 gl 0 hp 34 frg 1
ARGLOG Joe Rogan t  95.2 pos '2155.0 -1929.7  40.0' spd 346.1 yaw 328 mode 2 st 8 gl 1 hp 100 frg -1
ARGEVT Joe Rogan jump
ARGLOG Romero t  95.3 pos '2375.2 -29.0  69.5' spd 0 yaw 160.3 mode 2 st 3 gl 3 hp 46 frg 2
ARGLOG Carmack t  95.4 pos '2141.8  95.4  24.0' spd 321.9 yaw 328.7 mode 2 st 7 gl 0 hp 18 frg 1
ARGEVT Joe Rogan door
ARGEVT Romero pursue
ARGLOG Joe Rogan t  95.7 pos '2134.5 -1978.2  80.1' spd  41.0 yaw 360 mode 2 st 8 gl 1 hp 100 frg -1
ARGEVT Joe Rogan jump
ARGLOG Romero t  95.9 pos '2375.2 -29.0  69.5' spd 0 yaw 161 mode 2 st 3 gl 3 hp 46 frg 2
ARGEVT Carmack hazard
ARGLOG Carmack t  96.0 pos '2256.0 220.6  24.0' spd  98.9 yaw 291.3 mode 2 st 7 gl 0 hp 18 frg 1
ARGLOG Joe Rogan t  96.3 pos '2224.0 -1984.9 103.7' spd   9.6 yaw 360 mode 2 st 8 gl 1 hp 100 frg -1
ARGLOG Romero t  96.4 pos '2375.2 -29.0  69.5' spd 0 yaw 161 mode 2 st 3 gl 3 hp 46 frg 2
ARGEVT Joe Rogan hazard
ARGLOG Carmack t  96.5 pos '2187.5 170.3  24.0' spd 194.5 yaw 299 mode 2 st 7 gl 0 hp 18 frg 1
ARGLOG Joe Rogan t  96.8 pos '2224.0 -1943.9  68.9' spd 223.3 yaw 355 mode 2 st 8 gl 1 hp 100 frg -1
ARGLOG Romero t  97.0 pos '2375.2 -29.0  69.5' spd 0 yaw 161 mode 2 st 3 gl 3 hp 46 frg 2
ARGEVT Carmack pursue
ARGEVT Carmack death Romero pos '2192.0  29.5  24.0'
ARGUS Romero watch spawn
ARGEVT Romero goal item_health
ARGLOG Joe Rogan t  97.4 pos '2304.0 -1878.4  24.0' spd 327.4 yaw 342 mode 2 st 8 gl 1 hp 100 frg -1
ARGLOG Romero t  97.5 pos '2375.2 -29.0  69.5' spd 0 yaw 160 mode 1 st 3 gl 3 hp 46 frg 3
ARGLOG Joe Rogan t  98.0 pos '2482.6 -1904.0  24.0' spd 335.4 yaw 331 mode 2 st 8 gl 1 hp 100 frg -1
ARGLOG Romero t  98.1 pos '2375.2 -29.0  69.5' spd 0 yaw 160 mode 1 st 3 gl 3 hp 46 frg 3
ARGEVT Joe Rogan hazard
ARGLOG Joe Rogan t  98.5 pos '2565.9 -1900.9  24.0' spd 328.8 yaw 305 mode 2 st 8 gl 1 hp 100 frg -1
ARGEVT Romero stall
ARGEVT Carmack respawn
ARGLOG Romero t  98.6 pos '2375.2 -29.0  69.5' spd 0 yaw 317.1 mode 0 st 4 gl 3 hp 46 frg 3
ARGEVT Carmack goal weapon_rocketlauncher
ARGLOG Carmack t  98.6 pos '2544.0 -32.0 -64.0' spd 0 yaw 178 mode 0 st 7 gl 0 hp 100 frg 1
ARGEVT Carmack route 6 start '2489.0 -31.0 -72.0' goal '1465.0 -687.0 184.0'
ARGEVT Romero route 3 start '2361.0 -63.0  72.0' goal '2521.0 -207.0 120.0'
ARGLOG Joe Rogan t  99.1 pos '2483.8 -1904.0  24.0' spd 122.8 yaw 331 mode 2 st 8 gl 1 hp 100 frg -1
ARGEVT Carmack engage Romero
ARGEVT Romero engage Carmack
ARGLOG Romero t  99.2 pos '2369.4 -32.8 -78.1' spd  41.1 yaw  27.6 mode 2 st 4 gl 3 hp 46 frg 3
ARGLOG Carmack t  99.2 pos '2406.4 -10.6 -72.0' spd 293.0 yaw 132.8 mode 2 st 7 gl 0 hp 100 frg 1
ARGEVT Romero jump
ARGEVT Joe Rogan hazard
ARGEVT Carmack hazard
ARGLOG Joe Rogan t  99.6 pos '2604.6 -1876.8  24.0' spd 104.1 yaw 281 mode 2 st 8 gl 1 hp 100 frg -1
ARGEVT Romero retreat
ARGLOG Romero t  99.7 pos '2328.0 -45.3 -54.7' spd 227.9 yaw 356.7 mode 2 st 4 gl 3 hp 22 frg 3
ARGLOG Carmack t  99.7 pos '2522.6 -33.1 -64.0' spd 381.9 yaw 179.0 mode 2 st 7 gl 0 hp 100 frg 1
ARGLOG Joe Rogan t 100.2 pos '2553.7 -1897.9  24.0' spd 272.7 yaw 310 mode 2 st 8 gl 1 hp 100 frg -1
ARGEVT Carmack grab item_armor2
ARGLOG Romero t 100.3 pos '2202.3 -74.7 -127.3' spd 180.2 yaw  15.4 mode 2 st 4 gl 3 hp 2 frg 3
ARGLOG Carmack t 100.3 pos '2598.5 -13.0 -72.0' spd 276.2 yaw 188.7 mode 2 st 7 gl 0 hp 100 frg 1
ARGEVT Romero hazard
ARGEVT Joe Rogan hazard
ARGLOG Joe Rogan t 100.7 pos '2567.2 -1902.8  24.0' spd 173.5 yaw 305 mode 2 st 8 gl 1 hp 100 frg -1
ARGEVT Carmack hazard
ARGLOG Romero t 100.9 pos '2168.0 -174.8 -65.7' spd 199.8 yaw  14.7 mode 2 st 4 gl 3 hp 2 frg 3
ARGLOG Carmack t 100.9 pos '2688.0  -0.3 -72.0' spd  13.1 yaw 198.8 mode 2 st 7 gl 0 hp 100 frg 1
ARGEVT Carmack pursue
ARGEVT Romero pursue
ARGLOG Joe Rogan t 101.3 pos '2602.1 -1890.3  24.0' spd 201.3 yaw 284 mode 2 st 8 gl 1 hp 100 frg -1
ARGEVT Joe Rogan stall
ARGEVT Joe Rogan stallnode '2377.0 -1999.0 120.0'
ARGEVT Joe Rogan jump
ARGLOG Romero t 101.4 pos '2201.4 -171.4 -120.0' spd 165.8 yaw 20 mode 2 st 4 gl 3 hp 2 frg 3
ARGLOG Carmack t 101.4 pos '2563.0 -48.9 -64.0' spd 320.2 yaw 192 mode 0 st 7 gl 0 hp 100 frg 1
ARGUS Romero hunch item_armor2
ARGEVT Carmack route 6 start '2489.0 -31.0 -72.0' goal '1465.0 -687.0 184.0'
ARGEVT Romero goal item_health
ARGLOG Joe Rogan t 101.8 pos '2570.0 -1904.0  55.6' spd  30.0 yaw 357 mode 0 st 9 gl 1 hp 100 frg -1
ARGEVT Romero pursue
ARGEVT Romero route 12 start '2249.0 -191.0 -136.0' goal '2521.0 -207.0 120.0'
ARGLOG Romero t 102.0 pos '2208.4 -130.2 -136.0' spd 324.4 yaw 148.9 mode 2 st 4 gl 3 hp 2 frg 3
ARGLOG Carmack t 102.0 pos '2388.8 -80.0 -72.0' spd 323.1 yaw 193 mode 2 st 7 gl 0 hp 100 frg 1
ARGEVT Joe Rogan hazard
ARGEVT Romero death Carmack pos '2200.0 -112.4 -116.4'
ARGUS Carmack watch spawn
ARGEVT Joe Rogan route 5 start '2553.0 -1871.0  24.0' goal '2377.0 -1999.0 120.0'
ARGEVT Carmack goal 
ARGLOG Joe Rogan t 102.4 pos '2608.0 -1895.4  24.0' spd 305.7 yaw 281 mode 2 st 9 gl 1 hp 100 frg -1
ARGEVT Carmack jump
ARGLOG Carmack t 102.5 pos '2208.0 -80.0 -111.7' spd 324.7 yaw 250 mode 1 st 7 gl 0 hp 100 frg 2
ARGEVT Carmack goal weapon_rocketlauncher
ARGEVT Carmack route 8 start '2169.0 -31.0 -77.0' goal '1465.0 -687.0 184.0'
ARGLOG Joe Rogan t 102.9 pos '2593.7 -1881.4  24.0' spd 376.7 yaw 287 mode 2 st 9 gl 1 hp 100 frg -1
ARGLOG Carmack t 103.1 pos '2169.1 -91.9 -77.6' spd  59.6 yaw 270 mode 2 st 7 gl 1 hp 100 frg 2
ARGEVT Joe Rogan hazard
ARGLOG Joe Rogan t 103.5 pos '2608.0 -1885.2  24.0' spd 297.6 yaw 280 mode 2 st 9 gl 1 hp 100 frg -1
ARGEVT Joe Rogan abandon
ARGEVT Joe Rogan goal item_artifact_super_damage
ARGEVT Romero respawn
ARGEVT Carmack engage Romero
ARGLOG Carmack t 103.6 pos '2217.1 -181.8 -136.0' spd 341.0 yaw  59.4 mode 2 st 7 gl 1 hp 100 frg 2
ARGEVT Romero goal item_armor2
ARGEVT Romero engage Carmack
ARGLOG Romero t 103.7 pos '2248.0 -16.0 -136.0' spd 0 yaw 316.0 mode 0 st 4 gl 3 hp 100 frg 3
ARGEVT Romero grab 
ARGEVT Carmack hazard
ARGEVT Joe Rogan route 15 start '2553.0 -1871.0  24.0' goal '1913.0 -719.0 184.0'
ARGEVT Romero hazard
ARGEVT Romero route 3 start '2233.0 -31.0 -136.0' goal '2777.0 -15.0 -72.0'
ARGLOG Joe Rogan t 104.1 pos '2578.0 -1733.3  24.0' spd 320.0 yaw 105 mode 2 st 9 gl 1 hp 100 frg -1
ARGLOG Carmack t 104.2 pos '2206.4 -200.9 -133.6' spd  67.7 yaw  97.8 mode 2 st 7 gl 1 hp 100 frg 2
ARGLOG Romero t 104.2 pos '2194.5  -1.5 -115.7' spd 231.0 yaw 275.1 mode 2 st 4 gl 3 hp 76 frg 3
ARGLOG Joe Rogan t 104.6 pos '2523.1 -1564.3  24.0' spd 320.0 yaw 97 mode 2 st 9 gl 1 hp 100 frg -1
ARGLOG Carmack t 104.7 pos '2205.1 -185.3 -131.6' spd 321.6 yaw  87.8 mode 2 st 7 gl 1 hp 76 frg 2
ARGLOG Romero t 104.8 pos '2210.4   1.1 -136.0' spd 165.6 yaw 268.4 mode 2 st 4 gl 3 hp 52 frg 3
ARGEVT Carmack hazard
ARGLOG Joe Rogan t 105.2 pos '2478.0 -1390.7  24.0' spd 323.3 yaw 112.2 mode 0 st 9 gl 1 hp 100 frg -1
ARGLOG Carmack t 105.3 pos '2226.1 -183.5 -136.0' spd 320.4 yaw  91.3 mode 2 st 7 gl 1 hp 52 frg 2
ARGEVT Romero retreat
ARGLOG Romero t 105.4 pos '2233.5   1.2 -136.0' spd 307.2 yaw 264.0 mode 2 st 4 gl 3 hp 28 frg 3
ARGEVT Joe Rogan hazard
ARGEVT Joe Rogan route 12 start '2457.0 -1311.0  24.0' goal '1913.0 -719.0 184.0'
ARGLOG Joe Rogan t 105.7 pos '2441.8 -1296.0  24.0' spd  13.6 yaw 81 mode 2 st 9 gl 1 hp 100 frg -1
ARGLOG Carmack t 105.9 pos '2256.5 -171.8 -136.0' spd 324.4 yaw  39.6 mode 2 st 7 gl 1 hp 28 frg 2
ARGLOG Romero t 105.9 pos '2409.7 -38.9 -72.0' spd 337.8 yaw 217.1 mode 2 st 4 gl 3 hp 28 frg 3
ARGLOG Joe Rogan t 106.3 pos '2448.3 -1284.1  24.0' spd 195.2 yaw 81 mode 2 st 9 gl 1 hp 100 frg -1
ARGEVT Carmack grab 
ARGLOG Carmack t 106.4 pos '2201.1  -1.1 -125.5' spd 333.3 yaw 342.7 mode 2 st 7 gl 1 hp 28 frg 2
ARGLOG Romero t 106.5 pos '2397.9 -54.2 -72.0' spd 378.1 yaw 164.7 mode 2 st 4 gl 3 hp 4 frg 3
ARGEVT Carmack hazard
ARGLOG Joe Rogan t 106.8 pos '2456.7 -1110.6  24.0' spd 320.0 yaw 77 mode 2 st 9 gl 1 hp 100 frg -1
ARGEVT Joe Rogan lift
ARGLOG Carmack t 107.0 pos '2199.6 -20.5 -120.0' spd  96.5 yaw 354.8 mode 2 st 7 gl 1 hp 4 frg 2
ARGLOG Romero t 107.0 pos '2408.7 -19.2 -72.0' spd 320.9 yaw 176.6 mode 2 st 4 gl 3 hp 4 frg 3
ARGEVT Joe Rogan board
ARGEVT Carmack death Romero pos '2196.9  -5.4 -119.3'
ARGUS Romero watch spawn
ARGEVT Romero goal item_health
ARGEVT Romero hazard
ARGEVT Romero route 2 start '2393.0 -79.0 -72.0' goal '2633.0 193.0 -72.0'
ARGLOG Joe Rogan t 107.3 pos '2470.9 -989.1  68.9' spd 0 yaw 118 mode 2 st 9 gl 1 hp 100 frg -1
ARGLOG Romero t 107.6 pos '2334.3 -59.9 -104.0' spd 321.1 yaw 163 mode 2 st 4 gl 3 hp 4 frg 4
ARGEVT Joe Rogan door
ARGLOG Joe Rogan t 107.9 pos '2500.8 -887.3 120.0' spd 149.2 yaw 188.1 mode 2 st 9 gl 1 hp 100 frg -1
ARGEVT Romero route 3 start '2233.0 -31.0 -136.0' goal '2633.0 193.0 -72.0'
ARGLOG Romero t 108.1 pos '2249.5  15.1 -136.0' spd 383.1 yaw 352 mode 2 st 4 gl 3 hp 4 frg 4
ARGEVT Romero hazard
ARGLOG Joe Rogan t 108.4 pos '2500.8 -887.3 120.0' spd 0 yaw 270 mode 2 st 9 gl 1 hp 100 frg -1
ARGEVT Carmack respawn
ARGLOG Romero t 108.7 pos '2256.0  15.8 -136.0' spd 328.1 yaw 351 mode 2 st 4 gl 3 hp 4 frg 4
ARGEVT Carmack goal weapon_rocketlauncher
ARGLOG Carmack t 108.7 pos '2176.0 -2176.0  84.0' spd 0 yaw  70.5 mode 0 st 7 gl 1 hp 100 frg 2
ARGEVT Carmack route 3 start '2153.0 -2175.0  88.0' goal '2473.0 -1711.0  24.0'
ARGEVT Joe Rogan hazard
ARGLOG Joe Rogan t 109 pos '2449.9 -968.5 120.0' spd 376.3 yaw 105 mode 2 st 9 gl 1 hp 100 frg -1
ARGLOG Romero t 109.3 pos '2199.3 -114.2 -120.0' spd 396.4 yaw 359.4 mode 2 st 4 gl 3 hp 4 frg 4
ARGLOG Carmack t 109.3 pos '2177.0 -2005.0  88.0' spd 321.2 yaw 36 mode 2 st 7 gl 1 hp 100 frg 2
ARGEVT Romero hazard
ARGLOG Joe Rogan t 109.6 pos '2448.0 -867.9 120.0' spd 361.7 yaw 113 mode 2 st 9 gl 1 hp 100 frg -1
ARGLOG Romero t 109.8 pos '2271.0  -9.7 -136.0' spd 389.8 yaw 137.7 mode 0 st 4 gl 3 hp 4 frg 4
ARGLOG Carmack t 109.8 pos '2216.2 -1835.2  24.0' spd 398.6 yaw 25 mode 2 st 7 gl 1 hp 100 frg 2
ARGEVT Romero route 3 start '2233.0 -31.0 -136.0' goal '2633.0 193.0 -72.0'
ARGEVT Joe Rogan hazard
ARGLOG Joe Rogan t 110.1 pos '2438.2 -816.0 120.0' spd  24.2 yaw 99 mode 2 st 9 gl 1 hp 100 frg -1
ARGLOG Romero t 110.4 pos '2245.5  16.0 -104.3' spd 211.5 yaw 352 mode 2 st 4 gl 3 hp 4 frg 4
ARGLOG Carmack t 110.4 pos '2403.5 -1814.6  24.0' spd 321.6 yaw   4.6 mode 1 st 7 gl 1 hp 100 frg 2
ARGEVT Romero route 3 start '2297.0 -31.0 -120.0' goal '2633.0 193.0 -72.0'
ARGLOG Joe Rogan t 110.7 pos '2480.4 -791.1 120.0' spd 343.7 yaw 109 mode 2 st 9 gl 1 hp 100 frg -1
ARGEVT Carmack engage Joe Rogan
ARGLOG Romero t 110.9 pos '2355.1  -8.0 -88.0' spd 323.1 yaw 35 mode 2 st 4 gl 3 hp 4 frg 4
ARGLOG Carmack t 110.9 pos '2567.5 -1765.1  24.0' spd 373.0 yaw  94.7 mode 1 st 7 gl 1 hp 100 frg 2
ARGLOG Joe Rogan t 111.2 pos '2389.0 -816.0 120.0' spd 246.3 yaw 89 mode 2 st 9 gl 1 hp 100 frg -1
ARGEVT Carmack pursue
ARGLOG Romero t 111.5 pos '2527.4 -33.6 -64.0' spd 320.0 yaw 65 mode 2 st 4 gl 3 hp 4 frg 4
ARGLOG Carmack t 111.5 pos '2573.6 -1588.1  24.0' spd 320.2 yaw 99 mode 1 st 7 gl 1 hp 100 frg 2
ARGEVT Joe Rogan door
ARGLOG Joe Rogan t 111.7 pos '2361.2 -686.6  56.0' spd 322.6 yaw 68 mode 2 st 9 gl 1 hp 100 frg -1
ARGLOG Romero t 112.0 pos '2661.0  69.2 -72.0' spd 345.4 yaw 102 mode 2 st 4 gl 3 hp 4 frg 4
ARGLOG Carmack t 112.0 pos '2550.0 -1418.2  24.0' spd 320.0 yaw 99 mode 1 st 7 gl 1 hp 100 frg 2
ARGLOG Joe Rogan t 112.3 pos '2391.4 -490.6  53.1' spd 329.5 yaw 147 mode 2 st 9 gl 1 hp 100 frg -1
ARGLOG Romero t 112.5 pos '2620.5 245.8 -72.0' spd 344.1 yaw 166.7 mode 1 st 4 gl 3 hp 29 frg 4
ARGLOG Carmack t 112.5 pos '2525.2 -1241.7  24.0' spd 320.0 yaw 99 mode 1 st 7 gl 1 hp 100 frg 2
ARGLOG Joe Rogan t 112.8 pos '2313.0 -338.8   8.0' spd 352.7 yaw 146 mode 2 st 9 gl 1 hp 100 frg -1
ARGEVT Romero hazard
ARGLOG Romero t 113.1 pos '2431.2 251.3 -40.0' spd 328.8 yaw 215.5 mode 1 st 4 gl 3 hp 29 frg 4
ARGLOG Carmack t 113.1 pos '2497.4 -1064.0  24.0' spd 320.0 yaw 100 mode 1 st 7 gl 1 hp 100 frg 2
ARGLOG Joe Rogan t 113.3 pos '2157.8 -282.2  24.0' spd 326.0 yaw 183 mode 2 st 9 gl 1 hp 100 frg -1
ARGUS Carmack hunch item_artifact_super_damage
ARGEVT Carmack goal weapon_rocketlauncher
ARGEVT Carmack route 4 start '2505.0 -895.0 120.0' goal '2473.0 -1711.0  24.0'
ARGLOG Romero t 113.6 pos '2422.1 254.6 -40.0' spd 321.1 yaw 3 mode 1 st 4 gl 3 hp 29 frg 4
ARGLOG Carmack t 113.6 pos '2544.0 -1033.9 103.3' spd 306.3 yaw 244.6 mode 2 st 7 gl 1 hp 100 frg 2
ARGLOG Joe Rogan t 113.9 pos '2013.0 -214.1  24.0' spd 388.0 yaw 272 mode 2 st 9 gl 1 hp 100 frg -1
ARGEVT Joe Rogan jump
ARGEVT Romero hazard
ARGLOG Romero t 114.2 pos '2486.6 336.0 -72.0' spd 311.1 yaw 148.5 mode 1 st 4 gl 3 hp 29 frg 4
ARGLOG Carmack t 114.2 pos '2462.3 -1158.0  24.0' spd 360.1 yaw 86 mode 2 st 7 gl 1 hp 100 frg 2
ARGLOG Joe Rogan t 114.5 pos '1950.6 -240.0  35.0' spd  34.0 yaw 284 mode 2 st 9 gl 1 hp 100 frg -1
ARGEVT Romero engage Joe Rogan
ARGEVT Romero retreat
ARGEVT Carmack hazard
ARGLOG Romero t 114.8 pos '2496.6 322.4 -72.0' spd 320.2 yaw 233.1 mode 1 st 4 gl 3 hp 29 frg 4
ARGLOG Carmack t 114.8 pos '2451.7 -992.0  16.0' spd 185.1 yaw 278 mode 2 st 7 gl 1 hp 100 frg 2
ARGEVT Romero pursue
ARGLOG Joe Rogan t 115.0 pos '2053.9 -348.1  88.0' spd 339.1 yaw 231 mode 2 st 9 gl 1 hp 100 frg -1
ARGUS Romero hunch item_artifact_super_damage
ARGEVT Romero hazard
ARGLOG Romero t 115.3 pos '2519.9 240.8 -72.0' spd  48.6 yaw  55.4 mode 1 st 4 gl 3 hp 29 frg 4
ARGLOG Carmack t 115.3 pos '2540.5 -1077.9  24.0' spd 346.6 yaw 264 mode 2 st 7 gl 1 hp 100 frg 2
ARGEVT Romero pursue
ARGEVT Romero goal item_health
ARGUS routecache adopt
ARGEVT Carmack route 2 start '2473.0 -1151.0  24.0' goal '2473.0 -1711.0  24.0'
ARGLOG Joe Rogan t 115.6 pos '2024.2 -525.8 104.0' spd 371.7 yaw 241 mode 2 st 9 gl 1 hp 100 frg -1
ARGEVT Romero route 9 start '2505.0 257.0 -72.0' goal '2521.0 -207.0 120.0'
ARGLOG Romero t 115.9 pos '2480.0 336.0 -72.0' spd 0 yaw 174.7 mode 2 st 4 gl 3 hp 29 frg 4
ARGLOG Carmack t 115.9 pos '2529.8 -1256.3  24.0' spd 320.2 yaw 263 mode 2 st 7 gl 1 hp 100 frg 2
ARGEVT Joe Rogan rjump
ARGLOG Joe Rogan t 116.1 pos '1829.3 -539.4 156.9' spd 524.8 yaw 257.4 mode 1 st 9 gl 1 hp 90 frg -1
ARGLOG Romero t 116.4 pos '2352.8 256.4  -8.0' spd 322.3 yaw 250.5 mode 2 st 4 gl 3 hp 29 frg 4
ARGEVT Romero hazard
ARGLOG Carmack t 116.4 pos '2502.8 -1431.3  24.0' spd 320.2 yaw 264 mode 2 st 7 gl 1 hp 100 frg 2
ARGLOG Joe Rogan t 116.7 pos '1719.6 -560.0 247.0' spd  34.8 yaw 325 mode 1 st 9 gl 1 hp 90 frg -1
ARGEVT Romero route 7 start '2297.0 305.0  24.0' goal '2521.0 -207.0 120.0'
ARGLOG Romero t 117.0 pos '2383.5 232.3  -8.0' spd 347.8 yaw 291.2 mode 2 st 4 gl 3 hp 29 frg 4
ARGLOG Carmack t 117.0 pos '2486.7 -1607.2  24.0' spd 320.0 yaw 267 mode 1 st 7 gl 1 hp 100 frg 2
ARGLOG Joe Rogan t 117.2 pos '1739.7 -560.0  53.6' spd  36.0 yaw 11 mode 1 st 9 gl 1 hp 90 frg -1
ARGEVT Carmack goal item_armorInv
ARGEVT Carmack route 5 start '2473.0 -1711.0  24.0' goal '2473.0 -1999.0 120.0'
ARGLOG Romero t 117.5 pos '2444.0 208.0 -49.3' spd  30.4 yaw 169 mode 2 st 4 gl 3 hp 29 frg 4
ARGLOG Carmack t 117.5 pos '2466.8 -1768.6  24.0' spd 340.1 yaw 206 mode 2 st 7 gl 2 hp 100 frg 2
ARGLOG Joe Rogan t 117.8 pos '1891.9 -533.5  72.0' spd 320.0 yaw 11 mode 1 st 9 gl 1 hp 90 frg -1
ARGEVT Romero death world pos '2432.7 208.0 -151.1'
ARGLOG Carmack t 118.0 pos '2325.6 -1880.2  24.0' spd 322.8 yaw 218 mode 2 st 7 gl 2 hp 100 frg 2
ARGEVT Joe Rogan hazard
ARGLOG Joe Rogan t 118.3 pos '2034.3 -556.9 104.0' spd 315.0 yaw 218.3 mode 1 st 9 gl 1 hp 100 frg -1
ARGLOG Carmack t 118.6 pos '2152.8 -1932.8  40.0' spd 375.1 yaw 330 mode 2 st 7 gl 2 hp 100 frg 2
ARGEVT Carmack jump
ARGLOG Joe Rogan t 118.9 pos '1855.8 -560.0  73.8' spd 320.4 yaw 203.2 mode 1 st 9 gl 1 hp 100 frg -1
ARGEVT Carmack door
ARGLOG Carmack t 119.1 pos '2138.3 -1975.7  80.3' spd  35.4 yaw 360 mode 2 st 7 gl 2 hp 100 frg 2
ARGEVT Joe Rogan hazard
ARGEVT Carmack jump
ARGEVT Romero respawn
ARGLOG Joe Rogan t 119.5 pos '1813.3 -560.0  40.0' spd 320.0 yaw 4 mode 1 st 9 gl 1 hp 100 frg -1
ARGEVT Romero goal item_armor2
ARGLOG Romero t 119.5 pos '2624.0 -488.0  32.0' spd 0 yaw 160.5 mode 0 st 4 gl 3 hp 100 frg 3
ARGEVT Romero route 5 start '2553.0 -495.0  24.0' goal '2777.0 -15.0 -72.0'
ARGEVT Romero jump
ARGLOG Carmack t 119.7 pos '2224.0 -1979.5 103.7' spd   5.2 yaw 360 mode 2 st 7 gl 2 hp 100 frg 2
ARGEVT Carmack hazard
ARGLOG Joe Rogan t 120.0 pos '1989.8 -554.1 104.0' spd 329.5 yaw 325.3 mode 1 st 9 gl 1 hp 100 frg -1
ARGLOG Romero t 120.0 pos '2469.2 -498.8   8.0' spd 300.1 yaw 60 mode 2 st 4 gl 3 hp 100 frg 3
ARGLOG Carmack t 120.2 pos '2224.0 -2000.0  72.0' spd 0 yaw 2 mode 2 st 7 gl 2 hp 100 frg 2
ARGEVT Romero jump
ARGLOG Joe Rogan t 120.6 pos '2002.1 -560.0 104.0' spd 318.0 yaw 181 mode 1 st 9 gl 1 hp 100 frg -1
ARGLOG Romero t 120.6 pos '2611.2 -448.0  48.0' spd 222.9 yaw 120 mode 2 st 4 gl 3 hp 100 frg 3
ARGLOG Carmack t 120.8 pos '2224.0 -2000.0  72.0' spd 0 yaw 2 mode 2 st 7 gl 2 hp 100 frg 2
ARGEVT Carmack stall
ARGEVT Carmack stallnode '2473.0 -1999.0 120.0'
ARGEVT Carmack jump
ARGEVT Romero hazard
ARGLOG Joe Rogan t 121.1 pos '1823.8 -560.0  58.5' spd 320.0 yaw 240.5 mode 1 st 9 gl 1 hp 100 frg -1
ARGLOG Romero t 121.1 pos '2518.1 -511.5  24.0' spd 358.5 yaw 77 mode 2 st 4 gl 3 hp 100 frg 3
ARGEVT Carmack route 2 start '2153.0 -2015.0  88.0' goal '2473.0 -1999.0 120.0'
ARGEVT Romero jump
ARGEVT Joe Rogan hazard
ARGLOG Carmack t 121.4 pos '2224.0 -1998.6 103.2' spd   6.3 yaw 2 mode 2 st 8 gl 2 hp 100 frg 2
ARGEVT Carmack hazard
ARGLOG Joe Rogan t 121.7 pos '1808.0 -560.0  24.0' spd 0 yaw 342 mode 1 st 9 gl 1 hp 100 frg -1
ARGLOG Romero t 121.7 pos '2464.1 -522.0  39.4' spd  34.0 yaw 62 mode 2 st 4 gl 3 hp 100 frg 3
ARGEVT Carmack stall
ARGEVT Carmack stallnode '2153.0 -2015.0  88.0'
ARGEVT Carmack jump
ARGLOG Carmack t 121.9 pos '2221.1 -1997.6 108.2' spd 30 yaw 139.5 mode 0 st 9 gl 2 hp 100 frg 2
ARGEVT Romero jump
ARGEVT Joe Rogan stall
ARGLOG Joe Rogan t 122.2 pos '1808.0 -560.0  24.0' spd 0 yaw 465.5 mode 0 st 10 gl 1 hp 100 frg -1
ARGEVT Joe Rogan jump
ARGLOG Romero t 122.2 pos '2577.0 -489.0  44.9' spd 320.0 yaw 99 mode 2 st 4 gl 3 hp 100 frg 3
ARGEVT Romero hazard
ARGEVT Joe Rogan route 3 start '1817.0 -559.0  40.0' goal '1913.0 -719.0 184.0'
ARGLOG Carmack t 122.5 pos '2173.2 -1956.0  56.0' spd 320 yaw 139.5 mode 0 st 9 gl 2 hp 100 frg 2
ARGLOG Joe Rogan t 122.8 pos '1821.3 -560.0  40.0' spd  31.3 yaw 300 mode 2 st 10 gl 1 hp 100 frg -1
ARGEVT Joe Rogan jump
ARGLOG Romero t 122.8 pos '2502.5 -454.9   8.0' spd 343.2 yaw 64 mode 2 st 4 gl 3 hp 100 frg 3
ARGEVT Romero jump
ARGLOG Carmack t 123.0 pos '2134.8 -2046.3  88.0' spd 321.2 yaw 281.3 mode 0 st 9 gl 2 hp 100 frg 2
ARGEVT Carmack goal item_artifact_super_damage
ARGEVT Carmack hazard
ARGLOG Joe Rogan t 123.3 pos '1839.0 -560.0  52.5' spd  35.8 yaw 300.5 mode 2 st 10 gl 1 hp 100 frg -1
ARGLOG Romero t 123.3 pos '2406.0 -527.9  31.6' spd  30.6 yaw 50 mode 2 st 4 gl 3 hp 100 frg 3
ARGEVT Joe Rogan rjump
ARGEVT Carmack route 14 start '2153.0 -2175.0  88.0' goal '1913.0 -719.0 184.0'
ARGLOG Carmack t 123.6 pos '2230.9 -2193.9  88.0' spd 387.4 yaw 28 mode 2 st 9 gl 2 hp 100 frg 2
ARGEVT Joe Rogan abandon
ARGEVT Joe Rogan goal item_health
ARGEVT Joe Rogan route 10 start '1833.0 -639.0 184.0' goal '2057.0 -991.0 344.0'
ARGLOG Joe Rogan t 123.9 pos '1852.2 -562.1 215.9' spd  52.3 yaw 257.6 mode 2 st 10 gl 1 hp 90 frg -1
ARGLOG Romero t 123.9 pos '2410.7 -396.3   8.0' spd 399.8 yaw 188.3 mode 2 st 4 gl 3 hp 100 frg 3
ARGEVT Carmack jump
ARGLOG Carmack t 124.1 pos '2232.0 -2160.0  96.0' spd 0 yaw 24 mode 2 st 9 gl 2 hp 100 frg 2
ARGLOG Joe Rogan t 124.4 pos '1872.8 -588.3 211.9' spd  68.2 yaw 152 mode 2 st 10 gl 1 hp 90 frg -1
ARGLOG Romero t 124.4 pos '2232.9 -391.5   8.0' spd 322.7 yaw 204 mode 2 st 4 gl 3 hp 100 frg 3
ARGLOG Carmack t 124.7 pos '2232.0 -2160.0  88.0' spd 0 yaw 24 mode 2 st 9 gl 2 hp 100 frg 2
ARGEVT Romero route 6 start '2169.0 -351.0  24.0' goal '2777.0 -15.0 -72.0'
ARGEVT Romero hazard
ARGEVT Joe Rogan hazard
ARGLOG Joe Rogan t 125.0 pos '1808.0 -581.5 184.0' spd 323.4 yaw 198 mode 2 st 10 gl 1 hp 100 frg -1
ARGLOG Romero t 125.0 pos '2128.0 -483.6   8.0' spd 114.9 yaw 75 mode 2 st 4 gl 3 hp 100 frg 3
ARGLOG Carmack t 125.2 pos '2232.0 -2160.0  88.0' spd 0 yaw 24 mode 2 st 9 gl 2 hp 100 frg 2
ARGEVT Carmack stall
ARGEVT Carmack stallnode '2281.0 -2239.0  88.0'
ARGEVT Carmack jump
ARGLOG Joe Rogan t 125.5 pos '1708.8 -464.0  75.5' spd 180.4 yaw 223 mode 2 st 10 gl 1 hp 100 frg -1
ARGLOG Romero t 125.5 pos '2167.8 -325.2  24.0' spd 342.7 yaw 121.8 mode 2 st 4 gl 3 hp 100 frg 3
ARGEVT Carmack route 14 start '2153.0 -2175.0  88.0' goal '1913.0 -719.0 184.0'
ARGEVT Joe Rogan rjump
ARGLOG Carmack t 125.8 pos '2232.0 -2218.2  88.0' spd 282.4 yaw   3.5 mode 2 st 10 gl 2 hp 100 frg 2
ARGLOG Joe Rogan t 126.1 pos '1538.5 -492.2 154.8' spd 377.6 yaw 210 mode 2 st 10 gl 1 hp 90 frg -1
ARGLOG Romero t 126.1 pos '2050.7 -185.0  24.0' spd 378.6 yaw 216 mode 2 st 4 gl 3 hp 100 frg 3
ARGEVT Carmack hazard
ARGLOG Carmack t 126.3 pos '2222.8 -2153.7  88.0' spd 114.4 yaw 22 mode 2 st 10 gl 2 hp 100 frg 2
ARGEVT Romero hazard
ARGLOG Joe Rogan t 126.6 pos '1341.5 -550.7 243.5' spd 381.7 yaw 4 mode 2 st 10 gl 1 hp 90 frg -1
ARGLOG Romero t 126.6 pos '1952.3 -240.0  24.0' spd 287.3 yaw 302.0 mode 0 st 4 gl 3 hp 100 frg 3
ARGEVT Romero route 6 start '1929.0 -223.0  24.0' goal '2777.0 -15.0 -72.0'
ARGLOG Carmack t 126.9 pos '2218.3 -2007.1  88.0' spd 279.7 yaw 3 mode 2 st 10 gl 2 hp 100 frg 2
ARGEVT Carmack abandon
ARGEVT Joe Rogan hazard
ARGEVT Carmack goal item_health
ARGEVT Carmack route 3 start '2153.0 -1919.0  40.0' goal '2377.0 -1999.0 120.0'
ARGLOG Joe Rogan t 127.2 pos '1374.3 -663.4 238.7' spd 198.4 yaw 58 mode 2 st 10 gl 1 hp 90 frg -1
ARGLOG Romero t 127.2 pos '2053.7 -372.6 104.0' spd 361.9 yaw 201.5 mode 2 st 4 gl 3 hp 100 frg 3
ARGEVT Carmack hazard
ARGLOG Carmack t 127.4 pos '2137.3 -1859.5  24.0' spd 370.1 yaw 313 mode 2 st 10 gl 2 hp 100 frg 2
ARGEVT Joe Rogan engage Romero
ARGEVT Romero engage Joe Rogan
ARGEVT Romero grab item_artifact_super_damage
ARGEVT Romero route 8 start '1945.0 -511.0 104.0' goal '2777.0 -15.0 -72.0'
ARGLOG Joe Rogan t 127.7 pos '1370.5 -554.4 255.1' spd 136.7 yaw 346.2 mode 2 st 10 gl 1 hp 90 frg -1
ARGLOG Romero t 127.7 pos '1918.7 -519.7  88.0' spd 358.7 yaw 188.7 mode 2 st 4 gl 3 hp 100 frg 3
ARGLOG Carmack t 128.0 pos '2142.6 -1951.4  56.0' spd 320.2 yaw 339 mode 2 st 10 gl 2 hp 100 frg 2
ARGEVT Carmack jump
ARGEVT Carmack door
ARGEVT Joe Rogan weapon sg
ARGLOG Joe Rogan t 128.3 pos '1432.0 -517.6 184.0' spd 347.5 yaw   1.2 mode 2 st 10 gl 1 hp 90 frg -1
ARGLOG Romero t 128.3 pos '1959.0 -536.7 104.0' spd 245.2 yaw 172.4 mode 2 st 4 gl 3 hp 100 frg 3
ARGEVT Joe Rogan hazard
ARGLOG Carmack t 128.6 pos '2167.2 -1968.0  68.3' spd  44.6 yaw 358 mode 2 st 10 gl 2 hp 100 frg 2
ARGEVT Romero hazard
ARGEVT Joe Rogan grab weapon_rocketlauncher
ARGEVT Carmack jump
ARGLOG Joe Rogan t 128.9 pos '1462.4 -579.1 184.0' spd 320.0 yaw   8.0 mode 2 st 10 gl 1 hp 90 frg -1
ARGLOG Romero t 128.9 pos '1959.9 -507.8 104.0' spd 304.4 yaw 199.1 mode 2 st 4 gl 3 hp 88 frg 3
ARGLOG Carmack t 129.1 pos '2224.0 -1973.1 103.6' spd  12.7 yaw 359 mode 2 st 10 gl 2 hp 100 frg 2
ARGEVT Joe Rogan grab item_rockets
ARGEVT Joe Rogan pursue
ARGEVT Romero pursue
ARGEVT Carmack hazard
ARGLOG Joe Rogan t 129.4 pos '1537.6 -718.5 184.0' spd 340.8 yaw 26 mode 2 st 10 gl 1 hp 90 frg -1
ARGLOG Romero t 129.4 pos '1962.4 -472.6 104.0' spd 371.4 yaw 195 mode 2 st 4 gl 3 hp 100 frg 3
ARGUS Joe Rogan hunch item_artifact_super_damage
ARGEVT Joe Rogan goal item_health
ARGEVT Joe Rogan pursue
ARGEVT Joe Rogan route 7 start '1465.0 -687.0 184.0' goal '2057.0 -991.0 344.0'
ARGLOG Carmack t 129.7 pos '2224.0 -2000.0  72.0' spd 0 yaw 2 mode 2 st 10 gl 2 hp 100 frg 2
ARGLOG Joe Rogan t 130.0 pos '1447.9 -648.5 184.0' spd 360.5 yaw  84.1 mode 2 st 10 gl 1 hp 90 frg -1
ARGLOG Romero t 130.0 pos '1780.2 -487.8  24.0' spd 321.0 yaw 200 mode 2 st 4 gl 3 hp 100 frg 3
ARGLOG Carmack t 130.2 pos '2224.0 -2000.0  72.0' spd 0 yaw 2 mode 2 st 10 gl 2 hp 100 frg 2
ARGEVT Carmack hazard
ARGEVT Romero route 10 start '1705.0 -575.0  24.0' goal '2777.0 -15.0 -72.0'
ARGLOG Joe Rogan t 130.5 pos '1524.6 -686.5 184.0' spd 321.2 yaw 356.0 mode 2 st 10 gl 1 hp 90 frg -1
ARGEVT Romero pursue
ARGLOG Romero t 130.5 pos '1724.0 -613.5  24.0' spd 323.5 yaw 192.1 mode 2 st 4 gl 3 hp 100 frg 3
ARGEVT Carmack stall
ARGEVT Carmack stallnode '2377.0 -1999.0 120.0'
ARGEVT Carmack jump
ARGEVT Joe Rogan pursue
ARGEVT Carmack route 2 start '2153.0 -2015.0  88.0' goal '2377.0 -1999.0 120.0'
ARGEVT Joe Rogan hazard
ARGUS Romero hunch item_artifact_super_damage
ARGEVT Romero goal item_armorInv
ARGLOG Carmack t 130.8 pos '2224.0 -1999.6 108.3' spd   3.1 yaw 2 mode 2 st 11 gl 2 hp 100 frg 2
ARGEVT Romero route 11 start '1673.0 -703.0  24.0' goal '2393.0 -655.0  56.0'
ARGEVT Romero pursue
ARGLOG Joe Rogan t 131.1 pos '1549.8 -590.8 184.0' spd 324.9 yaw 154 mode 2 st 10 gl 1 hp 90 frg -1
ARGLOG Romero t 131.1 pos '1741.5 -744.9  20.0' spd 392.9 yaw  37.5 mode 2 st 4 gl 3 hp 100 frg 3
ARGEVT Romero hazard
ARGEVT Carmack stall
ARGEVT Carmack stallnode '2153.0 -2015.0  88.0'
ARGEVT Carmack jump
ARGLOG Carmack t 131.3 pos '2224.0 -2000.0  85.5' spd 0 yaw 126.8 mode 0 st 12 gl 2 hp 100 frg 2
ARGEVT Joe Rogan pursue
ARGUS Joe Rogan prefire
ARGEVT Joe Rogan pursue
ARGLOG Joe Rogan t 131.6 pos '1392.9 -527.1 184.0' spd 324.3 yaw 148.1 mode 2 st 10 gl 1 hp 90 frg -1
ARGLOG Romero t 131.6 pos '1699.9 -665.5  24.0' spd 332.8 yaw 166 mode 2 st 4 gl 3 hp 100 frg 3
ARGLOG Carmack t 131.9 pos '2213.9 -1986.5  72.0' spd 30 yaw 126.8 mode 0 st 12 gl 2 hp 100 frg 2
ARGEVT Romero pursue
ARGLOG Joe Rogan t 132.2 pos '1315.8 -368.4 184.0' spd 370.9 yaw  30.8 mode 2 st 10 gl 1 hp 90 frg -1
ARGLOG Romero t 132.2 pos '1665.0 -508.6  24.0' spd 325.8 yaw 111.3 mode 2 st 4 gl 3 hp 100 frg 3
ARGEVT Joe Rogan hazard
ARGEVT Romero hazard
ARGLOG Carmack t 132.4 pos '2151.4 -1874.8  24.0' spd 201.7 yaw 333.0 mode 0 st 12 gl 2 hp 100 frg 2
ARGLOG Joe Rogan t 132.8 pos '1487.4 -375.2 184.0' spd 339.4 yaw 295 mode 2 st 10 gl 1 hp 90 frg -1
ARGLOG Romero t 132.8 pos '1510.9 -485.2  24.0' spd 366.4 yaw 260.0 mode 2 st 4 gl 3 hp 100 frg 3
ARGEVT Carmack goal item_armor2
ARGLOG Carmack t 133.0 pos '2187.0 -1840.1  24.0' spd 355.6 yaw  67.9 mode 0 st 12 gl 2 hp 100 frg 2
ARGEVT Carmack route 15 start '2233.0 -1839.0  24.0' goal '2057.0 -943.0  32.0'
ARGEVT Carmack hazard
ARGLOG Joe Rogan t 133.3 pos '1619.5 -400.0 184.0' spd 327.0 yaw 313.6 mode 0 st 10 gl 1 hp 90 frg -1
ARGLOG Romero t 133.3 pos '1657.5 -549.9  24.0' spd 388.1 yaw 277.0 mode 2 st 4 gl 3 hp 100 frg 3
ARGEVT Joe Rogan route 7 start '1625.0 -367.0 184.0' goal '2057.0 -991.0 344.0'
ARGEVT Joe Rogan hazard
ARGUS routecache adopt
ARGEVT Joe Rogan route 7 start '1625.0 -367.0 184.0' goal '2057.0 -991.0 344.0'
ARGLOG Carmack t 133.6 pos '2343.0 -1828.3  24.0' spd 323.7 yaw 332 mode 2 st 12 gl 2 hp 100 frg 2
ARGEVT Romero hazard
ARGEVT Romero engage Joe Rogan
ARGEVT Joe Rogan route 8 start '1785.0 -367.0 184.0' goal '2057.0 -991.0 344.0'
ARGEVT Joe Rogan engage Romero
ARGLOG Joe Rogan t 133.9 pos '1814.6 -406.2 184.0' spd 367.2 yaw 271.9 mode 2 st 10 gl 1 hp 90 frg -1
ARGLOG Romero t 133.9 pos '1669.5 -739.2  20.0' spd 337.0 yaw  65.5 mode 2 st 4 gl 3 hp 100 frg 3
ARGLOG Carmack t 134.1 pos '2503.1 -1904.0  24.0' spd 276.8 yaw 348.2 mode 0 st 12 gl 2 hp 100 frg 2
ARGEVT Romero pursue
ARGEVT Joe Rogan grab item_artifact_super_damage
ARGLOG Joe Rogan t 134.4 pos '1841.3 -506.5 174.5' spd 343.7 yaw 211.5 mode 2 st 10 gl 1 hp 90 frg -1
ARGLOG Romero t 134.4 pos '1670.5 -716.2  20.0' spd 369.3 yaw 61 mode 2 st 4 gl 3 hp 100 frg 3
ARGEVT Carmack hazard
ARGEVT Carmack route 16 start '2553.0 -1871.0  24.0' goal '2057.0 -943.0  32.0'
ARGLOG Carmack t 134.7 pos '2608.0 -1801.3  24.0' spd 324.5 yaw 335.2 mode 2 st 12 gl 2 hp 100 frg 2
ARGEVT Joe Rogan pursue
ARGLOG Joe Rogan t 135.0 pos '1867.5 -516.9  56.0' spd 338.9 yaw 185.3 mode 2 st 10 gl 1 hp 90 frg -1
ARGLOG Romero t 135.0 pos '1719.6 -673.6  95.0' spd 129.1 yaw 66 mode 2 st 4 gl 3 hp 5 frg 3
ARGUS Joe Rogan prefire
ARGEVT Romero grab 
ARGEVT Romero retreat
ARGLOG Carmack t 135.2 pos '2593.8 -1896.0  24.0' spd 322.8 yaw 289 mode 2 st 12 gl 2 hp 100 frg 2
ARGEVT Joe Rogan weapon sg
ARGEVT Joe Rogan hazard
ARGEVT Carmack hazard
ARGLOG Joe Rogan t 135.5 pos '1724.6 -583.7  24.0' spd 352.2 yaw 284.7 mode 2 st 10 gl 1 hp 88 frg -1
ARGLOG Romero t 135.5 pos '1742.5 -698.0  24.0' spd 200.8 yaw 101.8 mode 2 st 4 gl 3 hp 5 frg 3
ARGLOG Carmack t 135.8 pos '2596.1 -1895.0  24.0' spd 364.3 yaw 288 mode 2 st 12 gl 2 hp 100 frg 2
ARGEVT Joe Rogan weapon rl
ARGLOG Joe Rogan t 136.1 pos '1684.6 -599.8  24.0' spd 330.9 yaw 269.7 mode 2 st 10 gl 1 hp 84 frg -1
ARGLOG Romero t 136.1 pos '1727.1 -874.3  20.0' spd 320 yaw 101.4 mode 2 st 4 gl 3 hp 5 frg 3
ARGEVT Carmack abandon
ARGEVT Carmack goal 
ARGEVT Romero route 11 start '1673.0 -703.0  24.0' goal '2393.0 -655.0  56.0'
ARGLOG Carmack t 136.3 pos '2542.8 -1835.5  24.0' spd 320.2 yaw 128 mode 0 st 12 gl 2 hp 100 frg 2
ARGEVT Romero death Joe Rogan pos '1725.1 -1013.6  20.0'
ARGUS Joe Rogan watch spawn
ARGLOG Joe Rogan t 136.6 pos '1713.7 -607.4  24.0' spd 292.8 yaw 247.5 mode 2 st 10 gl 1 hp 80 frg 0
ARGEVT Carmack route 13 start '2457.0 -1791.0  24.0' goal '1673.0 -703.0  24.0'
ARGEVT Joe Rogan goal item_armorInv
ARGEVT Joe Rogan route 10 start '1705.0 -575.0  24.0' goal '2393.0 -655.0  56.0'
ARGLOG Carmack t 136.9 pos '2419.6 -1704.1  24.0' spd 367.5 yaw 219 mode 2 st 12 gl 2 hp 100 frg 2
ARGEVT Carmack hazard
ARGLOG Joe Rogan t 137.2 pos '1677.9 -785.5  20.0' spd 323.0 yaw 285 mode 2 st 10 gl 1 hp 80 frg 0
ARGLOG Carmack t 137.4 pos '2264.6 -1740.8  24.0' spd 147.7 yaw 238 mode 2 st 12 gl 2 hp 100 frg 2
ARGLOG Joe Rogan t 137.8 pos '1755.2 -947.3  20.0' spd 385.1 yaw 25 mode 0 st 10 gl 1 hp 80 frg 0
ARGEVT Joe Rogan route 11 start '1673.0 -703.0  24.0' goal '2393.0 -655.0  56.0'
ARGEVT Romero respawn
ARGLOG Carmack t 138.0 pos '2314.8 -1744.0  24.0' spd 338.4 yaw 228 mode 2 st 12 gl 2 hp 100 frg 2
ARGEVT Romero goal item_armor2
ARGLOG Romero t 138.1 pos '2560.0 -192.0  32.0' spd 0 yaw 160.2 mode 0 st 4 gl 3 hp 100 frg 3
ARGEVT Romero route 6 start '2521.0 -191.0  32.0' goal '2777.0 -15.0 -72.0'
ARGEVT Joe Rogan hazard
ARGLOG Joe Rogan t 138.3 pos '1832.5 -848.4  20.0' spd 324.7 yaw 185.0 mode 2 st 10 gl 1 hp 80 frg 0
ARGLOG Carmack t 138.6 pos '2322.5 -1899.4  24.0' spd 361.8 yaw 239 mode 2 st 12 gl 2 hp 100 frg 2
ARGEVT Carmack hazard
ARGLOG Romero t 138.6 pos '2391.4 -148.5  24.0' spd 333.7 yaw 174.2 mode 2 st 4 gl 3 hp 100 frg 3
ARGLOG Joe Rogan t 138.9 pos '1665.1 -918.6  20.0' spd 388.0 yaw 83 mode 2 st 10 gl 1 hp 80 frg 0
ARGLOG Carmack t 139.1 pos '2142.5 -1923.8  40.0' spd 367.5 yaw 294 mode 2 st 12 gl 2 hp 100 frg 2
ARGLOG Romero t 139.2 pos '2218.6 -198.3  24.0' spd 324.3 yaw 43 mode 2 st 4 gl 3 hp 100 frg 3
ARGLOG Joe Rogan t 139.4 pos '1682.7 -886.9  20.0' spd 321.1 yaw 85 mode 2 st 10 gl 1 hp 80 frg 0
ARGEVT Joe Rogan hazard
ARGLOG Carmack t 139.7 pos '2167.1 -2102.4  88.0' spd 323.5 yaw 310 mode 2 st 12 gl 2 hp 100 frg 2
ARGLOG Romero t 139.7 pos '2114.1 -78.4  24.0' spd 386.5 yaw 9 mode 2 st 4 gl 3 hp 100 frg 3
ARGEVT Carmack jump
ARGLOG Joe Rogan t 140.0 pos '1712.3 -803.6  20.0' spd 326.4 yaw 66 mode 2 st 10 gl 1 hp 80 frg 0
ARGLOG Carmack t 140.2 pos '2204.9 -2289.1 121.5' spd 360.6 yaw 11 mode 2 st 12 gl 2 hp 100 frg 2
ARGLOG Romero t 140.3 pos '2274.2  12.0  24.0' spd 336.2 yaw 357 mode 2 st 4 gl 3 hp 100 frg 3
ARGEVT Romero jump
ARGLOG Joe Rogan t 140.6 pos '1691.5 -624.5  24.0' spd 322.6 yaw 27 mode 2 st 10 gl 1 hp 80 frg 0
ARGLOG Carmack t 140.8 pos '2232.0 -2253.1  88.0' spd 347.8 yaw 3 mode 2 st 12 gl 2 hp 100 frg 2
ARGLOG Romero t 140.9 pos '2360.0 -23.5  92.0' spd  85.6 yaw 356 mode 2 st 4 gl 3 hp 100 frg 3
ARGLOG Joe Rogan t 141.1 pos '1836.6 -530.3  40.0' spd 321.4 yaw 36 mode 2 st 10 gl 1 hp 80 frg 0
ARGLOG Romero t 141.4 pos '2463.0 -14.2 120.0' spd 335.6 yaw 0 mode 2 st 4 gl 3 hp 100 frg 3
ARGLOG Carmack t 141.4 pos '2232.0 -2248.2  88.0' spd  63.0 yaw 2 mode 2 st 12 gl 2 hp 100 frg 2
ARGLOG Joe Rogan t 141.7 pos '2013.1 -493.5 104.0' spd 391.9 yaw 86 mode 2 st 10 gl 1 hp 100 frg 0
ARGLOG Romero t 141.9 pos '2640.0 -35.4 120.0' spd  76.5 yaw 8 mode 2 st 4 gl 3 hp 100 frg 3
ARGLOG Carmack t 141.9 pos '2232.0 -2240.1  88.0' spd   3.4 yaw 0 mode 2 st 12 gl 2 hp 100 frg 2
ARGLOG Joe Rogan t 142.2 pos '2032.7 -308.5  72.0' spd 326.9 yaw 352 mode 2 st 10 gl 1 hp 100 frg 0
ARGEVT Joe Rogan engage Romero
ARGEVT Carmack stall
ARGEVT Carmack stallnode '2281.0 -2239.0  88.0'
ARGEVT Carmack jump
ARGLOG Romero t 142.5 pos '2640.0 -25.0 120.0' spd  13.4 yaw 4 mode 2 st 4 gl 3 hp 100 frg 3
ARGLOG Carmack t 142.5 pos '2232.0 -2239.7  96.0' spd 0 yaw  20.2 mode 0 st 13 gl 2 hp 100 frg 2
ARGEVT Carmack route 9 start '2281.0 -2239.0  88.0' goal '1673.0 -703.0  24.0'
ARGLOG Joe Rogan t 142.8 pos '2168.2 -214.5  24.0' spd 368.2 yaw  20.5 mode 2 st 10 gl 1 hp 100 frg 0
ARGEVT Romero engage Joe Rogan
ARGEVT Joe Rogan grab item_rockets
ARGLOG Romero t 143.0 pos '2640.0 -72.7 120.0' spd 323.9 yaw 189.7 mode 2 st 4 gl 3 hp 100 frg 3
ARGLOG Carmack t 143.0 pos '2232.0 -2236.5  88.0' spd  10.4 yaw 0 mode 2 st 13 gl 2 hp 100 frg 2
ARGEVT Carmack stall
ARGEVT Carmack stallnode '2281.0 -2239.0  88.0'
ARGEVT Carmack jump
ARGLOG Joe Rogan t 143.3 pos '2266.4 -127.1  24.0' spd 344.8 yaw   8.3 mode 2 st 10 gl 1 hp 100 frg 0
ARGLOG Romero t 143.6 pos '2611.3 -68.0 120.0' spd  96.5 yaw 194.4 mode 2 st 4 gl 3 hp 100 frg 3
ARGLOG Carmack t 143.6 pos '2157.5 -2239.9  88.0' spd 320.0 yaw  50.0 mode 0 st 14 gl 2 hp 100 frg 2
ARGLOG Joe Rogan t 143.9 pos '2221.6 -90.2  24.0' spd 468.7 yaw   8.4 mode 2 st 10 gl 1 hp 86 frg 0
ARGEVT Carmack hazard
ARGLOG Romero t 144.1 pos '2639.8 -36.9 120.0' spd  51.0 yaw 190.7 mode 2 st 4 gl 3 hp 100 frg 3
ARGLOG Carmack t 144.1 pos '2218.9 -2119.5  88.0' spd 179.9 yaw 281.5 mode 0 st 14 gl 2 hp 100 frg 2
ARGLOG Joe Rogan t 144.5 pos '2249.6 -97.4  24.0' spd 107.7 yaw 335.2 mode 2 st 10 gl 1 hp 77 frg 0
ARGEVT Joe Rogan grab 
ARGEVT Romero grab 
ARGLOG Romero t 144.7 pos '2622.4 -205.5 120.0' spd 320.8 yaw 155.1 mode 2 st 4 gl 3 hp 100 frg 3
ARGEVT Carmack goal item_armorInv
ARGLOG Carmack t 144.7 pos '2232.0 -2298.0  88.0' spd 323.2 yaw 301.3 mode 0 st 14 gl 2 hp 100 frg 2
ARGEVT Carmack route 4 start '2281.0 -2239.0  88.0' goal '2473.0 -1999.0 120.0'
ARGLOG Joe Rogan t 145.0 pos '2208.1 -37.4  24.0' spd 320.2 yaw   9.0 mode 2 st 10 gl 1 hp 77 frg 0
ARGEVT Joe Rogan pursue
ARGEVT Romero grab item_spikes
ARGEVT Joe Rogan route 6 start '2249.0   1.0  24.0' goal '2393.0 -655.0  56.0'
ARGLOG Romero t 145.3 pos '2620.1 -186.1 120.0' spd 322.5 yaw 141.6 mode 2 st 4 gl 3 hp 100 frg 3
ARGLOG Carmack t 145.3 pos '2232.0 -2269.0  88.0' spd 340.9 yaw 130 mode 2 st 14 gl 2 hp 100 frg 2
ARGEVT Joe Rogan hazard
ARGLOG Joe Rogan t 145.6 pos '2196.0  16.0  24.0' spd 321.1 yaw 311.8 mode 2 st 10 gl 1 hp 68 frg 0
ARGEVT Romero route 3 start '2553.0 -351.0 147.0' goal '2777.0 -15.0 -72.0'
ARGLOG Romero t 145.8 pos '2600.4 -345.6 120.0' spd  57.3 yaw 139.8 mode 2 st 4 gl 3 hp 100 frg 3
ARGLOG Carmack t 145.8 pos '2232.0 -2246.4  88.0' spd 107.0 yaw 137 mode 2 st 14 gl 2 hp 100 frg 2
ARGEVT Joe Rogan grab item_health
ARGEVT Joe Rogan pursue
ARGEVT Romero pursue
ARGLOG Joe Rogan t 146.1 pos '2162.7 -23.1  24.0' spd 307.0 yaw 330 mode 2 st 10 gl 1 hp 59 frg 0
ARGUS Romero hunch item_rockets
ARGEVT Romero goal item_armorInv
ARGEVT Romero pursue
ARGEVT Romero route 4 start '2553.0 -351.0 147.0' goal '2393.0 -655.0  56.0'
ARGLOG Romero t 146.4 pos '2605.0 -354.4 120.0' spd 331.9 yaw 273.8 mode 2 st 4 gl 3 hp 100 frg 3
ARGLOG Carmack t 146.4 pos '2232.0 -2240.0  88.0' spd   3.5 yaw 140 mode 2 st 14 gl 2 hp 100 frg 2
ARGLOG Joe Rogan t 146.7 pos '2288.0 -135.9  24.0' spd 214.2 yaw 335 mode 2 st 10 gl 1 hp 59 frg 0
ARGEVT Romero jump
ARGEVT Carmack stall
ARGEVT Carmack stallnode '2281.0 -2239.0  88.0'
ARGEVT Carmack jump
ARGLOG Romero t 146.9 pos '2576.0 -545.2 156.2' spd 327.3 yaw 139.6 mode 2 st 4 gl 3 hp 100 frg 3
ARGLOG Carmack t 146.9 pos '2232.0 -2239.8  96.0' spd 0 yaw  20.2 mode 0 st 15 gl 2 hp 100 frg 2
ARGEVT Carmack route 4 start '2281.0 -2239.0  88.0' goal '2473.0 -1999.0 120.0'
ARGLOG Joe Rogan t 147.2 pos '2439.8 -231.6  24.0' spd 321.1 yaw 343 mode 2 st 10 gl 1 hp 59 frg 0
ARGUS Joe Rogan hunch item_armorInv
ARGLOG Romero t 147.5 pos '2560.7 -506.4 120.0' spd 324.9 yaw 125 mode 2 st 4 gl 3 hp 100 frg 3
ARGLOG Carmack t 147.5 pos '2232.0 -2238.5  88.0' spd 0 yaw 141 mode 2 st 15 gl 2 hp 100 frg 2
ARGEVT Joe Rogan pursue
ARGEVT Joe Rogan goal item_rockets
ARGEVT Carmack stall
ARGEVT Carmack stallnode '2281.0 -2239.0  88.0'
ARGEVT Carmack jump
ARGEVT Joe Rogan route 7 start '2473.0 -191.0  24.0' goal '2297.0 -79.0 -120.0'
ARGLOG Joe Rogan t 147.8 pos '2484.8 -150.8  24.0' spd 347.7 yaw  57.5 mode 2 st 10 gl 1 hp 59 frg 0
ARGEVT Joe Rogan hazard
ARGLOG Romero t 148.0 pos '2560.0 -314.5 120.0' spd 363.0 yaw 155.5 mode 2 st 4 gl 3 hp 100 frg 3
ARGEVT Romero hazard
ARGLOG Carmack t 148.0 pos '2170.1 -2281.8  84.0' spd 320 yaw 214.6 mode 0 st 16 gl 2 hp 100 frg 2
ARGEVT Carmack hazard
ARGLOG Joe Rogan t 148.3 pos '2575.0 -182.9  32.0' spd 359.7 yaw 267.0 mode 2 st 10 gl 1 hp 59 frg 0
ARGEVT Romero jump
ARGLOG Romero t 148.6 pos '2551.1 -351.7 151.7' spd 337.8 yaw 212.8 mode 2 st 4 gl 3 hp 100 frg 3
ARGLOG Carmack t 148.6 pos '2178.5 -2181.8  84.0' spd 320.4 yaw  80.7 mode 0 st 16 gl 2 hp 100 frg 2
ARGLOG Joe Rogan t 148.9 pos '2419.7 -224.3  24.0' spd 333.7 yaw 127 mode 2 st 10 gl 1 hp 59 frg 0
ARGLOG Romero t 149.1 pos '2551.9 -528.0 149.6' spd  65.9 yaw 219 mode 2 st 4 gl 3 hp 100 frg 3
ARGEVT Carmack goal item_rockets
ARGLOG Carmack t 149.1 pos '2211.2 -2006.6  88.0' spd 320.0 yaw  60.9 mode 0 st 16 gl 2 hp 100 frg 2
ARGEVT Carmack route 6 start '2153.0 -2015.0  88.0' goal '2153.0 -2495.0 200.0'
ARGEVT Carmack hazard
ARGLOG Joe Rogan t 149.5 pos '2285.7 -132.3  24.0' spd 299.8 yaw 43 mode 2 st 10 gl 1 hp 59 frg 0
ARGLOG Romero t 149.7 pos '2557.0 -528.0 136.0' spd 0 yaw 218 mode 2 st 4 gl 3 hp 100 frg 3
ARGLOG Carmack t 149.7 pos '2222.7 -1934.8  40.0' spd 289.5 yaw 281 mode 2 st 16 gl 2 hp 100 frg 2
ARGLOG Joe Rogan t 150.0 pos '2277.6  16.0  24.0' spd 319.6 yaw 356 mode 2 st 10 gl 1 hp 59 frg 0
ARGEVT Joe Rogan jump
ARGLOG Romero t 150.3 pos '2557.0 -528.0 136.0' spd 0 yaw 218 mode 2 st 4 gl 3 hp 100 frg 3
ARGLOG Carmack t 150.3 pos '2180.6 -2109.3  88.0' spd 320.3 yaw 308 mode 2 st 16 gl 2 hp 100 frg 2
ARGEVT Carmack jump
ARGEVT Romero stall
ARGEVT Romero stallnode '2393.0 -543.0  56.0'
ARGEVT Romero jump
ARGLOG Joe Rogan t 150.6 pos '2359.6 -23.7  92.0' spd  92.5 yaw 356 mode 2 st 10 gl 1 hp 59 frg 0
ARGEVT Romero route 3 start '2553.0 -495.0 147.0' goal '2393.0 -655.0  56.0'
ARGLOG Romero t 150.8 pos '2545.9 -528.0 172.2' spd  33.7 yaw 220 mode 2 st 5 gl 3 hp 100 frg 3
ARGLOG Carmack t 150.8 pos '2149.0 -2282.9 115.6' spd 323.1 yaw 8 mode 2 st 16 gl 2 hp 100 frg 2
ARGLOG Joe Rogan t 151.1 pos '2481.3 -13.7 120.0' spd 330.8 yaw 349.0 mode 2 st 10 gl 1 hp 59 frg 0
ARGEVT Romero stall
ARGEVT Romero stallnode '2393.0 -543.0  56.0'
ARGEVT Romero jump
ARGEVT Romero engage Joe Rogan
ARGEVT Joe Rogan engage Romero
ARGEVT Joe Rogan grab item_health
ARGLOG Romero t 151.4 pos '2560.6 -527.3 167.7' spd  30.0 yaw  70.0 mode 0 st 6 gl 3 hp 100 frg 3
ARGLOG Carmack t 151.4 pos '2232.0 -2264.4  88.0' spd 336.0 yaw 6 mode 2 st 16 gl 2 hp 100 frg 2
ARGLOG Joe Rogan t 151.7 pos '2581.0 -132.6 120.0' spd 339.5 yaw 267.9 mode 2 st 10 gl 1 hp 74 frg 0
ARGEVT Romero grab 
ARGEVT Joe Rogan grab 
ARGEVT Joe Rogan hazard
ARGLOG Romero t 151.9 pos '2576.6 -510.4 120.0' spd 207.9 yaw 109.8 mode 0 st 6 gl 3 hp 100 frg 3
ARGLOG Carmack t 151.9 pos '2232.0 -2247.6  88.0' spd  85.1 yaw 2 mode 2 st 16 gl 2 hp 100 frg 2
ARGEVT Joe Rogan weapon sg
ARGLOG Joe Rogan t 152.2 pos '2483.0 -217.8  81.1' spd  98.3 yaw 294.9 mode 2 st 10 gl 1 hp 47 frg 0
ARGEVT Romero weapon sg
ARGEVT Romero pursue
ARGLOG Romero t 152.5 pos '2579.7 -332.6 120.0' spd 322.8 yaw 105 mode 0 st 6 gl 3 hp 100 frg 3
ARGLOG Carmack t 152.5 pos '2232.0 -2239.9  88.0' spd   3.5 yaw 0 mode 2 st 16 gl 2 hp 100 frg 2
ARGEVT Joe Rogan pursue
ARGUS Romero hunch item_armorInv
ARGEVT Romero goal item_armor2
ARGEVT Romero route 3 start '2521.0 -207.0 120.0' goal '2777.0 -15.0 -72.0'
ARGLOG Joe Rogan t 152.8 pos '2576.0 -155.1  32.0' spd 335.2 yaw   6.8 mode 2 st 10 gl 1 hp 47 frg 0
ARGEVT Carmack stall
ARGEVT Carmack stallnode '2281.0 -2239.0  88.0'
ARGEVT Carmack jump
ARGEVT Carmack route 4 start '2281.0 -2239.0  88.0' goal '2153.0 -2495.0 200.0'
ARGEVT Romero jump
ARGLOG Romero t 153.0 pos '2598.3 -184.6  32.0' spd 0 yaw  94.7 mode 2 st 6 gl 3 hp 100 frg 3
ARGLOG Carmack t 153.0 pos '2232.0 -2240.5  88.0' spd   6.9 yaw 0 mode 2 st 17 gl 2 hp 100 frg 2
ARGLOG Joe Rogan t 153.3 pos '2566.0 -149.6  27.8' spd 0 yaw 272 mode 2 st 10 gl 1 hp 23 frg 0
ARGEVT Carmack stall
ARGEVT Carmack stallnode '2281.0 -2239.0  88.0'
ARGEVT Carmack jump
ARGLOG Romero t 153.6 pos '2598.3 -184.6  32.0' spd 0 yaw 132.0 mode 2 st 6 gl 3 hp 100 frg 3
ARGLOG Carmack t 153.6 pos '2232.0 -2239.8  96.0' spd 0 yaw 155.8 mode 0 st 18 gl 2 hp 100 frg 2
ARGEVT Joe Rogan death Romero pos '2566.0 -149.6  27.8'
ARGUS Romero watch spawn
ARGEVT Romero goal item_armor2
ARGEVT Romero route 6 start '2521.0 -191.0  32.0' goal '2777.0 -15.0 -72.0'
ARGEVT Romero weapon ng
ARGLOG Romero t 154.2 pos '2598.3 -184.6  32.0' spd 0 yaw 205 mode 2 st 6 gl 3 hp 100 frg 4
ARGLOG Carmack t 154.2 pos '2156.0 -2181.7  88.0' spd 234.6 yaw  11.5 mode 0 st 18 gl 2 hp 100 frg 2
ARGLOG Romero t 154.7 pos '2598.3 -184.6  32.0' spd 0 yaw 205 mode 2 st 6 gl 3 hp 100 frg 4
ARGLOG Carmack t 154.7 pos '2153.4 -2171.5  88.0' spd  43.6 yaw  19.7 mode 0 st 18 gl 2 hp 100 frg 2
ARGEVT Carmack goal item_health
ARGEVT Carmack route 3 start '2153.0 -2175.0  88.0' goal '2377.0 -1999.0 120.0'
ARGEVT Carmack hazard
ARGEVT Joe Rogan respawn
ARGEVT Joe Rogan goal weapon_rocketlauncher
ARGLOG Joe Rogan t 155.3 pos '2048.0 -1352.0 136.0' spd 0 yaw 200.2 mode 0 st 10 gl 1 hp 100 frg 0
ARGLOG Romero t 155.3 pos '2598.3 -184.6  32.0' spd 0 yaw 152 mode 2 st 6 gl 3 hp 100 frg 4
ARGLOG Carmack t 155.3 pos '2128.0 -2190.9  88.0' spd 273.8 yaw 54 mode 2 st 18 gl 2 hp 100 frg 2
ARGEVT Joe Rogan hazard
ARGEVT Joe Rogan route 21 start '1977.0 -1343.0 136.0' goal '2473.0 -1711.0  24.0'
ARGEVT Romero stall
ARGEVT Romero stallnode '2361.0 -175.0  24.0'
ARGEVT Romero route 6 start '2521.0 -191.0  32.0' goal '2777.0 -15.0 -72.0'
ARGLOG Joe Rogan t 155.8 pos '1871.3 -1392.0 105.5' spd 357.1 yaw 69 mode 2 st 10 gl 1 hp 100 frg 0
ARGLOG Romero t 155.8 pos '2598.3 -184.6  32.0' spd 0 yaw 152 mode 2 st 7 gl 3 hp 100 frg 4
ARGEVT Carmack door
ARGLOG Carmack t 155.8 pos '2147.6 -2050.4  88.0' spd 320.0 yaw  59.8 mode 2 st 18 gl 2 hp 100 frg 2
ARGEVT Carmack jump
ARGLOG Joe Rogan t 156.4 pos '1816.2 -1273.4  56.0' spd 362.9 yaw 53 mode 2 st 10 gl 1 hp 100 frg 0
ARGEVT Romero stall
ARGEVT Romero stallnode '2361.0 -175.0  24.0'
ARGLOG Romero t 156.4 pos '2598.3 -184.6  32.0' spd 0 yaw 275.6 mode 0 st 8 gl 3 hp 100 frg 4
ARGLOG Carmack t 156.4 pos '2224.0 -1968.0 111.8' spd 0 yaw 358 mode 2 st 18 gl 2 hp 100 frg 2
ARGEVT Carmack jump
ARGEVT Joe Rogan jump
ARGLOG Joe Rogan t 156.9 pos '1936.0 -1159.5  44.5' spd  58.2 yaw 62 mode 2 st 10 gl 1 hp 100 frg 0
ARGLOG Romero t 156.9 pos '2598.3 -184.6  32.0' spd 0 yaw 230.4 mode 0 st 8 gl 3 hp 100 frg 4
ARGLOG Carmack t 156.9 pos '2224.0 -1970.5 107.8' spd   7.8 yaw 359 mode 2 st 18 gl 2 hp 100 frg 2
ARGEVT Romero stall
ARGEVT Carmack hazard
ARGEVT Joe Rogan hazard
ARGLOG Joe Rogan t 157.5 pos '1936.0 -1180.7  20.0' spd 200.9 yaw 64 mode 2 st 10 gl 1 hp 100 frg 0
ARGLOG Romero t 157.5 pos '2598.3 -184.6  32.0' spd 0 yaw 247.4 mode 0 st 9 gl 3 hp 100 frg 4
ARGLOG Carmack t 157.5 pos '2224.0 -2000.0  72.0' spd 0 yaw 2 mode 2 st 18 gl 2 hp 100 frg 2
ARGEVT Joe Rogan jump
ARGEVT Romero stall
ARGLOG Joe Rogan t 158.1 pos '1936.0 -1258.8  51.1' spd  21.6 yaw 71 mode 2 st 10 gl 1 hp 100 frg 0
ARGLOG Romero t 158.1 pos '2598.3 -184.6  32.0' spd 0 yaw 112.1 mode 0 st 10 gl 3 hp 100 frg 4
ARGLOG Carmack t 158.1 pos '2224.0 -2000.0  72.0' spd 0 yaw 2 mode 2 st 18 gl 2 hp 100 frg 2
ARGEVT Carmack hazard
ARGEVT Joe Rogan jump
ARGLOG Joe Rogan t 158.6 pos '1936.0 -1146.4  51.7' spd 225.6 yaw 60 mode 2 st 10 gl 1 hp 100 frg 0
ARGEVT Romero stall
ARGLOG Romero t 158.6 pos '2598.3 -184.6  32.0' spd 0 yaw 278.9 mode 0 st 11 gl 3 hp 100 frg 4
ARGLOG Carmack t 158.6 pos '2224.0 -2000.0  72.0' spd 0 yaw 2 mode 2 st 18 gl 2 hp 100 frg 2
ARGEVT Carmack stall
ARGEVT Carmack stallnode '2377.0 -1999.0 120.0'
ARGEVT Carmack jump
ARGEVT Carmack route 2 start '2153.0 -2015.0  88.0' goal '2377.0 -1999.0 120.0'
ARGEVT Joe Rogan hazard
ARGLOG Joe Rogan t 159.2 pos '1935.4 -1171.7  20.0' spd 307.5 yaw 63 mode 2 st 10 gl 1 hp 100 frg 0
ARGLOG Romero t 159.2 pos '2598.3 -184.6  32.0' spd 0 yaw 155.9 mode 0 st 11 gl 3 hp 100 frg 4
ARGLOG Carmack t 159.2 pos '2224.0 -1998.6 103.5' spd   6.3 yaw 2 mode 2 st 19 gl 2 hp 100 frg 2
ARGEVT Joe Rogan jump
ARGEVT Romero stall
ARGEVT Carmack hazard
ARGEVT Carmack stall
ARGEVT Carmack stallnode '2153.0 -2015.0  88.0'
ARGEVT Carmack jump
ARGLOG Joe Rogan t 159.7 pos '1936.0 -1258.5  42.9' spd  37.4 yaw 71 mode 2 st 10 gl 1 hp 100 frg 0
ARGLOG Romero t 159.7 pos '2598.3 -184.6  32.0' spd 0 yaw 181.4 mode 0 st 12 gl 3 hp 100 frg 4
ARGLOG Carmack t 159.7 pos '2218.3 -2000.5 108.2' spd  32.8 yaw 211.3 mode 0 st 20 gl 2 hp 100 frg 2
ARGEVT Joe Rogan jump
ARGEVT Romero stall
ARGLOG Joe Rogan t 160.3 pos '1936.0 -1136.9  56.2' spd 131.1 yaw 58 mode 2 st 10 gl 1 hp 100 frg 0
ARGLOG Romero t 160.3 pos '2598.3 -184.6  32.0' spd 0 yaw 165.8 mode 0 st 13 gl 3 hp 100 frg 4
ARGLOG Carmack t 160.3 pos '2146.4 -2039.3  88.0' spd 320.0 yaw  35.0 mode 0 st 20 gl 2 hp 100 frg 2
ARGEVT Joe Rogan hazard
ARGEVT Carmack hazard
ARGLOG Joe Rogan t 160.8 pos '1934.1 -1193.2  20.0' spd 346.3 yaw 65 mode 2 st 10 gl 1 hp 100 frg 0
ARGEVT Joe Rogan jump
ARGEVT Romero stall
ARGLOG Romero t 160.8 pos '2598.3 -184.6  32.0' spd 0 yaw 391.8 mode 0 st 14 gl 3 hp 100 frg 4
ARGLOG Carmack t 160.8 pos '2200.5 -2021.4  88.0' spd 321.2 yaw 231.1 mode 0 st 20 gl 2 hp 100 frg 2
ARGEVT Carmack goal item_armorInv
ARGEVT Carmack route 8 start '2153.0 -2015.0  88.0' goal '2393.0 -655.0  56.0'
ARGLOG Joe Rogan t 161.4 pos '1936.0 -1256.0  32.3' spd  41.5 yaw 71 mode 2 st 10 gl 1 hp 100 frg 0
ARGLOG Romero t 161.4 pos '2598.3 -184.6  32.0' spd 0 yaw 230.3 mode 0 st 14 gl 3 hp 100 frg 4
ARGLOG Carmack t 161.4 pos '2175.9 -2192.4  84.0' spd 398.8 yaw   9.7 mode 2 st 20 gl 2 hp 100 frg 2
ARGEVT Romero stall
ARGEVT Joe Rogan jump
ARGEVT Carmack hazard
ARGLOG Joe Rogan t 162.0 pos '1936.0 -1132.7  57.6' spd  57.2 yaw 57 mode 2 st 10 gl 1 hp 100 frg 0
ARGLOG Romero t 162.0 pos '2598.3 -184.6  32.0' spd 0 yaw 207.8 mode 0 st 15 gl 3 hp 100 frg 4
ARGLOG Carmack t 162.0 pos '2223.9 -2151.3  88.0' spd 144.4 yaw 22 mode 2 st 20 gl 2 hp 100 frg 2
ARGEVT Joe Rogan hazard
ARGEVT Romero stall
ARGEVT Joe Rogan jump
ARGLOG Joe Rogan t 162.5 pos '1933.4 -1213.7  33.7' spd 347.4 yaw 67 mode 2 st 10 gl 1 hp 100 frg 0
ARGLOG Romero t 162.5 pos '2598.3 -184.6  32.0' spd 0 yaw 149.8 mode 0 st 16 gl 3 hp 100 frg 4
ARGLOG Carmack t 162.5 pos '2219.1 -2002.3  88.0' spd 282.1 yaw 2 mode 2 st 20 gl 2 hp 100 frg 2
ARGLOG Joe Rogan t 163.1 pos '1936.0 -1253.2  20.0' spd  44.5 yaw 71 mode 2 st 10 gl 1 hp 100 frg 0
ARGEVT Romero stall
ARGLOG Romero t 163.1 pos '2598.3 -184.6  32.0' spd 0 yaw 311.8 mode 0 st 17 gl 3 hp 100 frg 4
ARGLOG Carmack t 163.1 pos '2224.0 -1914.0  40.0' spd  66.8 yaw 351 mode 2 st 20 gl 2 hp 100 frg 2
ARGEVT Carmack hazard
ARGEVT Joe Rogan jump
ARGLOG Joe Rogan t 163.6 pos '1936.0 -1132.3  56.0' spd  16.6 yaw 57 mode 2 st 10 gl 1 hp 100 frg 0
ARGLOG Romero t 163.6 pos '2598.3 -184.6  32.0' spd 0 yaw 118.7 mode 0 st 17 gl 3 hp 100 frg 4
ARGLOG Carmack t 163.6 pos '2224.0 -1905.0  40.0' spd 129.9 yaw 349 mode 2 st 20 gl 2 hp 100 frg 2
ARGEVT Romero stall
ARGEVT Joe Rogan hazard
ARGEVT Carmack abandon
ARGEVT Carmack goal item_armor2
ARGEVT Joe Rogan jump
ARGLOG Joe Rogan t 164.2 pos '1936.0 -1232.7  44.3' spd 327.3 yaw 69 mode 2 st 10 gl 1 hp 100 frg 0
ARGLOG Romero t 164.2 pos '2598.3 -184.6  32.0' spd 0 yaw 179.6 mode 0 st 18 gl 3 hp 100 frg 4
ARGLOG Carmack t 164.2 pos '2262.1 -1837.3  24.0' spd 335.0 yaw  83.2 mode 0 st 20 gl 2 hp 100 frg 2
ARGEVT Carmack route 15 start '2361.0 -1871.0  24.0' goal '2057.0 -943.0  32.0'
ARGEVT Carmack hazard
ARGEVT Romero stall
ARGLOG Joe Rogan t 164.7 pos '1936.0 -1242.7  20.0' spd 211.8 yaw 70 mode 2 st 10 gl 1 hp 100 frg 0
ARGLOG Romero t 164.7 pos '2598.3 -184.6  32.0' spd 0 yaw 200.0 mode 0 st 19 gl 3 hp 100 frg 4
ARGLOG Carmack t 164.7 pos '2334.4 -1843.5  24.0' spd 382.7 yaw 242 mode 2 st 20 gl 2 hp 100 frg 2
ARGEVT Joe Rogan jump
ARGLOG Joe Rogan t 165.3 pos '1936.0 -1133.0  51.1' spd  11.8 yaw 57 mode 2 st 10 gl 1 hp 100 frg 0
ARGEVT Romero stall
ARGLOG Romero t 165.3 pos '2598.3 -184.6  32.0' spd 0 yaw 413.2 mode 0 st 20 gl 3 hp 100 frg 4
ARGLOG Carmack t 165.3 pos '2304.1 -1904.0  24.0' spd 320.9 yaw 241 mode 2 st 20 gl 2 hp 100 frg 2
ARGEVT Joe Rogan hazard
ARGEVT Joe Rogan jump
ARGLOG Joe Rogan t 165.8 pos '1936.0 -1251.5  51.9' spd 246.5 yaw 71 mode 2 st 10 gl 1 hp 100 frg 0
ARGLOG Romero t 165.8 pos '2598.3 -184.6  32.0' spd 0 yaw 237.1 mode 0 st 20 gl 3 hp 100 frg 4
ARGLOG Carmack t 165.8 pos '2140.7 -1972.1  72.0' spd 364.4 yaw 298 mode 2 st 20 gl 2 hp 100 frg 2
ARGEVT Romero stall
ARGLOG Joe Rogan t 166.4 pos '1936.0 -1222.0  20.0' spd 303.8 yaw 68 mode 2 st 10 gl 1 hp 100 frg 0
ARGLOG Romero t 166.4 pos '2598.3 -184.6  32.0' spd 0 yaw 152.7 mode 0 st 21 gl 3 hp 100 frg 4
ARGLOG Carmack t 166.4 pos '2146.0 -2151.4  88.0' spd 335.1 yaw 345 mode 2 st 20 gl 2 hp 100 frg 2
ARGEVT Carmack jump
ARGEVT Joe Rogan jump
ARGEVT Romero stall
ARGLOG Joe Rogan t 167.0 pos '1936.0 -1135.5  43.9' spd  26.3 yaw 58 mode 2 st 10 gl 1 hp 100 frg 0
ARGLOG Romero t 167.0 pos '2598.3 -184.6  32.0' spd 0 yaw 157.9 mode 0 st 22 gl 3 hp 100 frg 4
ARGLOG Carmack t 167.0 pos '2224.0 -2309.1 101.2' spd 121.5 yaw 16 mode 2 st 20 gl 2 hp 100 frg 2
ARGEVT Joe Rogan hazard
ARGEVT Joe Rogan jump
ARGLOG Joe Rogan t 167.5 pos '1936.0 -1260.2  56.1' spd 152.2 yaw 71 mode 2 st 10 gl 1 hp 100 frg 0
ARGEVT Romero stall
ARGLOG Romero t 167.5 pos '2598.3 -184.6  32.0' spd 0 yaw 378.7 mode 0 st 23 gl 3 hp 100 frg 4
ARGLOG Carmack t 167.5 pos '2232.0 -2216.7  88.0' spd  51.9 yaw 355 mode 2 st 20 gl 2 hp 100 frg 2
ARGLOG Joe Rogan t 168.1 pos '1936.0 -1199.3  20.0' spd 345.7 yaw 66 mode 2 st 10 gl 1 hp 100 frg 0
ARGEVT Joe Rogan jump
ARGLOG Romero t 168.1 pos '2598.3 -184.6  32.0' spd 0 yaw 163.7 mode 0 st 23 gl 3 hp 100 frg 4
ARGLOG Carmack t 168.1 pos '2232.0 -2241.9  88.0' spd  29.1 yaw 0 mode 2 st 20 gl 2 hp 100 frg 2
ARGEVT Romero stall
ARGEVT Carmack stall
ARGEVT Carmack stallnode '2281.0 -2239.0  88.0'
ARGEVT Carmack jump
ARGUS routecache adopt
ARGEVT Carmack route 12 start '2281.0 -2239.0  88.0' goal '2057.0 -943.0  32.0'
ARGLOG Joe Rogan t 168.6 pos '1936.0 -1136.6  32.5' spd  35.5 yaw 58 mode 2 st 10 gl 1 hp 100 frg 0
ARGLOG Romero t 168.6 pos '2598.3 -184.6  32.0' spd 0 yaw 262.0 mode 0 st 24 gl 3 hp 100 frg 4
ARGLOG Carmack t 168.6 pos '2232.0 -2238.2  88.0' spd   3.4 yaw 0 mode 2 st 21 gl 2 hp 100 frg 2
ARGEVT Joe Rogan hazard
ARGEVT Joe Rogan jump
ARGEVT Romero stall
ARGEVT Carmack stall
ARGEVT Carmack stallnode '2281.0 -2239.0  88.0'
ARGEVT Carmack jump
ARGLOG Joe Rogan t 169.2 pos '1936.0 -1264.0  57.7' spd 0 yaw 71 mode 2 st 10 gl 1 hp 100 frg 0
ARGLOG Romero t 169.2 pos '2598.3 -184.6  32.0' spd 0 yaw 109.5 mode 0 st 25 gl 3 hp 100 frg 4
ARGLOG Carmack t 169.2 pos '2232.0 -2238.2  96.0' spd 0 yaw 274.3 mode 0 st 22 gl 2 hp 100 frg 2
ARGEVT Joe Rogan jump
ARGLOG Joe Rogan t 169.7 pos '1936.0 -1179.2  33.7' spd 343.5 yaw 64 mode 2 st 10 gl 1 hp 100 frg 0
ARGEVT Romero stall
ARGLOG Romero t 169.7 pos '2598.3 -184.6  32.0' spd 0 yaw 263.7 mode 0 st 26 gl 3 hp 100 frg 4
ARGLOG Carmack t 169.7 pos '2232.0 -2320.0  88.0' spd 0 yaw 274.3 mode 0 st 22 gl 2 hp 100 frg 2
ARGLOG Joe Rogan t 170.3 pos '1936.0 -1140.1  20.0' spd  39.8 yaw 59 mode 2 st 10 gl 1 hp 100 frg 0
ARGEVT Joe Rogan hazard
ARGLOG Romero t 170.3 pos '2598.3 -184.6  32.0' spd 0 yaw 197.9 mode 0 st 26 gl 3 hp 100 frg 4
ARGLOG Carmack t 170.3 pos '2232.0 -2320.0  88.0' spd 0 yaw 274.3 mode 0 st 22 gl 2 hp 100 frg 2
ARGEVT Joe Rogan jump
ARGEVT Romero stall
ARGEVT Carmack stall
ARGEVT Carmack jump
ARGEVT Carmack goal item_armorInv
ARGEVT Carmack route 4 start '2153.0 -2335.0  88.0' goal '2473.0 -1999.0 120.0'
ARGLOG Joe Rogan t 170.8 pos '1936.0 -1262.7  55.8' spd  19.7 yaw 71 mode 2 st 10 gl 1 hp 100 frg 0
ARGLOG Romero t 170.8 pos '2598.3 -184.6  32.0' spd 0 yaw 144.7 mode 0 st 27 gl 3 hp 100 frg 4
ARGLOG Carmack t 170.8 pos '2228.7 -2320.0  88.0' spd  51.9 yaw 103 mode 2 st 23 gl 2 hp 100 frg 2
ARGEVT Carmack hazard
ARGEVT Romero stall
ARGEVT Joe Rogan jump
ARGLOG Joe Rogan t 171.4 pos '1936.0 -1157.9  44.4' spd 310.7 yaw 61 mode 2 st 10 gl 1 hp 100 frg 0
ARGLOG Romero t 171.4 pos '2598.3 -184.6  32.0' spd 0 yaw 102.2 mode 0 st 28 gl 3 hp 100 frg 4
ARGLOG Carmack t 171.4 pos '2129.4 -2268.7  88.0' spd 324.4 yaw 63 mode 2 st 23 gl 2 hp 100 frg 2
ARGEVT Joe Rogan hazard
ARGLOG Joe Rogan t 172.0 pos '1935.5 -1152.8  20.0' spd 211.3 yaw 61 mode 2 st 10 gl 1 hp 100 frg 0
ARGEVT Romero stall
ARGLOG Romero t 172.0 pos '2598.3 -184.6  32.0' spd 0 yaw 276.9 mode 0 st 29 gl 3 hp 100 frg 4
ARGLOG Carmack t 172.0 pos '2147.0 -2091.6  88.0' spd 320.0 yaw 38 mode 2 st 23 gl 2 hp 100 frg 2
ARGEVT Joe Rogan jump
ARGEVT Carmack door
ARGEVT Carmack jump
ARGLOG Joe Rogan t 172.5 pos '1936.0 -1260.9  51.1' spd  30.9 yaw 71 mode 2 st 10 gl 1 hp 100 frg 0
ARGLOG Romero t 172.5 pos '2598.3 -184.6  32.0' spd 0 yaw  97.9 mode 0 st 29 gl 3 hp 100 frg 4
ARGLOG Carmack t 172.5 pos '2201.2 -1968.0 124.0' spd 125.0 yaw 358 mode 2 st 23 gl 2 hp 100 frg 2
ARGEVT Romero stall
ARGEVT Carmack jump
ARGEVT Joe Rogan jump
ARGLOG Joe Rogan t 173.1 pos '1936.0 -1143.5  52.0' spd 222.5 yaw 59 mode 2 st 10 gl 1 hp 100 frg 0
ARGLOG Romero t 173.1 pos '2598.3 -184.6  32.0' spd 0 yaw 226.7 mode 0 st 30 gl 3 hp 100 frg 4
ARGLOG Carmack t 173.1 pos '2224.0 -1969.1 108.3' spd   5.2 yaw 358 mode 2 st 23 gl 2 hp 100 frg 2
ARGEVT Romero stall
ARGEVT Carmack hazard
ARGEVT Joe Rogan hazard
ARGLOG Joe Rogan t 173.6 pos '1934.9 -1170.6  20.0' spd 304.3 yaw 63 mode 2 st 10 gl 1 hp 100 frg 0
ARGLOG Romero t 173.6 pos '2598.3 -184.6  32.0' spd 0 yaw 242.7 mode 0 st 31 gl 3 hp 100 frg 4
ARGLOG Carmack t 173.6 pos '2212.2 -1938.1  56.0' spd 193.7 yaw 354 mode 2 st 23 gl 2 hp 100 frg 2
ARGEVT Joe Rogan jump
ARGLOG Joe Rogan t 174.2 pos '1936.0 -1260.9  51.4' spd  30.9 yaw 71 mode 2 st 10 gl 1 hp 100 frg 0
ARGEVT Romero stall
ARGLOG Romero t 174.2 pos '2598.3 -184.6  32.0' spd 0 yaw 369.4 mode 0 st 32 gl 3 hp 100 frg 4
ARGLOG Carmack t 174.2 pos '2341.7 -1895.3  24.0' spd 323.5 yaw 343 mode 2 st 23 gl 2 hp 100 frg 2
ARGEVT Joe Rogan jump
ARGEVT Romero engage Carmack
ARGLOG Joe Rogan t 174.7 pos '1936.0 -1145.5  51.8' spd 229.9 yaw 60 mode 2 st 10 gl 1 hp 100 frg 0
ARGLOG Romero t 174.7 pos '2598.3 -184.6  32.0' spd 0 yaw 292.1 mode 0 st 32 gl 3 hp 100 frg 4
ARGLOG Carmack t 174.7 pos '2524.7 -1904.0  24.0' spd 344.4 yaw 322 mode 2 st 23 gl 2 hp 100 frg 2
ARGEVT Carmack hazard
ARGEVT Carmack route 5 start '2553.0 -1871.0  24.0' goal '2473.0 -1999.0 120.0'
ARGEVT Joe Rogan hazard
ARGEVT Joe Rogan abandon
ARGEVT Joe Rogan plan powerup via weapon
ARGEVT Joe Rogan goal weapon_rocketlauncher
ARGLOG Joe Rogan t 175.3 pos '1935.4 -1172.1  20.0' spd 307.6 yaw 348.5 mode 0 st 10 gl 1 hp 100 frg 0
ARGLOG Romero t 175.3 pos '2598.3 -184.6  32.0' spd 0 yaw 253.8 mode 0 st 32 gl 3 hp 100 frg 4
ARGLOG Carmack t 175.3 pos '2558.2 -1902.3  24.0' spd 315.4 yaw 293 mode 2 st 23 gl 2 hp 100 frg 2
ARGEVT Joe Rogan route 22 start '1817.0 -1295.0  56.0' goal '1465.0 -687.0 184.0'
ARGUS Romero unstick '2521.0 -191.0  32.0'
ARGEVT Romero goal weapon_rocketlauncher
ARGEVT Carmack stall
ARGEVT Carmack stallnode '2361.0 -1871.0  24.0'
ARGEVT Carmack jump
ARGLOG Joe Rogan t 175.9 pos '1936.0 -1248.1  20.0' spd   5.6 yaw 229 mode 2 st 10 gl 1 hp 100 frg 0
ARGLOG Romero t 175.9 pos '2522.0 -205.1  32.0' spd 200.8 yaw 286.3 mode 0 st 32 gl 3 hp 100 frg 4
ARGLOG Carmack t 175.9 pos '2605.4 -1856.9  37.5' spd 400.2 yaw 279 mode 0 st 24 gl 2 hp 100 frg 2
ARGEVT Romero route 11 start '2521.0 -191.0  32.0' goal '2473.0 -1711.0  24.0'
ARGEVT Romero hazard
ARGEVT Joe Rogan jump
ARGEVT Carmack route 5 start '2553.0 -1871.0  24.0' goal '2473.0 -1999.0 120.0'
ARGEVT Romero pursue
ARGLOG Joe Rogan t 176.4 pos '1753.4 -1269.7  57.7' spd 363.4 yaw 323 mode 2 st 10 gl 1 hp 100 frg 0
ARGLOG Romero t 176.4 pos '2491.3 -157.7  24.0' spd 321.8 yaw 186.1 mode 2 st 32 gl 3 hp 100 frg 4
ARGLOG Carmack t 176.4 pos '2608.0 -1858.9  24.0' spd  30.3 yaw 278 mode 2 st 24 gl 2 hp 100 frg 2
ARGEVT Carmack hazard
ARGLOG Joe Rogan t 177.0 pos '1817.0 -1371.5  56.0' spd 346.1 yaw 354 mode 2 st 10 gl 1 hp 100 frg 0
ARGLOG Romero t 177.0 pos '2347.7 -239.5  24.0' spd 203.1 yaw 278 mode 2 st 32 gl 3 hp 100 frg 4
ARGEVT Romero hazard
ARGLOG Carmack t 177.0 pos '2533.2 -1904.0  24.0' spd 137.5 yaw 319 mode 2 st 24 gl 2 hp 100 frg 2
ARGEVT Joe Rogan jump
ARGUS Romero hunch item_armorInv
ARGEVT Romero goal item_armorInv
ARGEVT Romero pursue
ARGEVT Romero route 16 start '2361.0 -175.0  24.0' goal '2473.0 -1999.0 120.0'
ARGLOG Joe Rogan t 177.5 pos '1882.7 -1353.9 103.2' spd  36.6 yaw 50 mode 2 st 10 gl 1 hp 100 frg 0
ARGLOG Romero t 177.5 pos '2374.0 -144.4  24.0' spd 320.4 yaw 340.7 mode 2 st 32 gl 3 hp 100 frg 4
ARGLOG Carmack t 177.5 pos '2605.3 -1880.1  24.0' spd 401.8 yaw 281 mode 2 st 24 gl 2 hp 100 frg 2
ARGEVT Carmack hazard
ARGLOG Joe Rogan t 178.1 pos '2021.5 -1368.3 136.0' spd 381.6 yaw 89 mode 2 st 10 gl 1 hp 100 frg 0
ARGEVT Romero pursue
ARGLOG Romero t 178.1 pos '2440.0 -234.0  24.0' spd 365.0 yaw 229.7 mode 2 st 32 gl 3 hp 100 frg 4
ARGLOG Carmack t 178.1 pos '2541.6 -1904.0  24.0' spd 143.5 yaw 316 mode 2 st 24 gl 2 hp 100 frg 2
ARGEVT Joe Rogan jump
ARGLOG Joe Rogan t 178.6 pos '2044.4 -1232.0 167.7' spd  77.2 yaw 94 mode 2 st 10 gl 1 hp 100 frg 0
ARGLOG Romero t 178.6 pos '2254.4 -232.7  24.0' spd 324.3 yaw 205.0 mode 2 st 32 gl 3 hp 100 frg 4
ARGLOG Carmack t 178.6 pos '2565.5 -1904.0  24.0' spd 349.8 yaw 307 mode 2 st 24 gl 2 hp 100 frg 2
ARGEVT Carmack hazard
ARGLOG Joe Rogan t 179.2 pos '2010.4 -1171.0 168.0' spd 321.9 yaw 119 mode 2 st 10 gl 1 hp 100 frg 0
ARGLOG Romero t 179.2 pos '2208.4 -381.2   8.0' spd 417.9 yaw 308 mode 2 st 32 gl 3 hp 100 frg 4
ARGLOG Carmack t 179.2 pos '2586.5 -1899.1  24.0' spd 287.7 yaw 294 mode 2 st 24 gl 2 hp 100 frg 2
ARGLOG Joe Rogan t 179.7 pos '2018.8 -972.7 197.1' spd 323.5 yaw 119.8 mode 0 st 10 gl 1 hp 100 frg 0
ARGLOG Romero t 179.7 pos '2381.9 -441.7   8.0' spd 320.0 yaw 343 mode 2 st 32 gl 3 hp 100 frg 4
ARGLOG Carmack t 179.7 pos '2539.7 -1901.4  24.0' spd 135.8 yaw 316 mode 2 st 24 gl 2 hp 100 frg 2
ARGEVT Joe Rogan route 18 start '2025.0 -1119.0 200.0' goal '1465.0 -687.0 184.0'
ARGEVT Carmack hazard
ARGEVT Carmack abandon
ARGEVT Romero jump
ARGLOG Joe Rogan t 180.3 pos '2000.1 -860.2  32.5' spd  30.1 yaw 281 mode 2 st 10 gl 1 hp 100 frg 0
ARGLOG Romero t 180.3 pos '2552.0 -493.8  48.0' spd 320.0 yaw 277 mode 2 st 32 gl 3 hp 100 frg 4
ARGEVT Carmack goal item_artifact_super_damage
ARGLOG Carmack t 180.3 pos '2608.0 -1820.4  24.0' spd 123.0 yaw 280.5 mode 0 st 24 gl 2 hp 100 frg 2
ARGEVT Carmack route 15 start '2553.0 -1871.0  24.0' goal '1913.0 -719.0 184.0'
ARGEVT Romero hazard
ARGLOG Joe Rogan t 180.9 pos '2016.0 -1008.0  32.0' spd  33.4 yaw 133 mode 2 st 10 gl 1 hp 100 frg 0
ARGLOG Romero t 180.9 pos '2512.5 -526.2  24.0' spd 329.2 yaw 287 mode 2 st 32 gl 3 hp 100 frg 4
ARGLOG Carmack t 180.9 pos '2498.3 -1867.0  24.0' spd 352.3 yaw 91 mode 2 st 24 gl 2 hp 100 frg 2
ARGEVT Joe Rogan hazard
ARGEVT Joe Rogan route 15 start '1673.0 -703.0  24.0' goal '1465.0 -687.0 184.0'
ARGLOG Joe Rogan t 181.4 pos '1696.0 -951.5  20.0' spd 300 yaw 88 mode 2 st 10 gl 1 hp 100 frg 0
ARGLOG Romero t 181.4 pos '2331.2 -505.3   8.0' spd 357.3 yaw 315 mode 2 st 32 gl 3 hp 100 frg 4
ARGLOG Carmack t 181.4 pos '2492.3 -1680.3  24.0' spd 321.4 yaw 95 mode 2 st 24 gl 2 hp 100 frg 2
ARGEVT Romero hazard
ARGLOG Joe Rogan t 182.0 pos '1693.9 -941.0  20.0' spd 195.0 yaw 88 mode 2 st 10 gl 1 hp 100 frg 0
ARGLOG Romero t 182.0 pos '2353.6 -525.1   8.0' spd 320.8 yaw 314 mode 2 st 32 gl 3 hp 100 frg 4
ARGLOG Carmack t 182.0 pos '2491.2 -1501.6  24.0' spd 320.4 yaw 94 mode 2 st 24 gl 2 hp 100 frg 2
ARGEVT Romero jump
ARGLOG Joe Rogan t 182.5 pos '1681.4 -762.3  20.0' spd 322.3 yaw 56 mode 2 st 10 gl 1 hp 100 frg 0
ARGLOG Romero t 182.5 pos '2512.0 -521.4  32.4' spd  46.5 yaw 287 mode 2 st 32 gl 3 hp 100 frg 4
ARGLOG Carmack t 182.5 pos '2455.8 -1324.7  24.0' spd 331.7 yaw 130 mode 0 st 24 gl 2 hp 100 frg 2
ARGEVT Carmack hazard
ARGEVT Carmack route 12 start '2457.0 -1311.0  24.0' goal '1913.0 -719.0 184.0'
ARGLOG Joe Rogan t 183.1 pos '1705.2 -583.9  24.0' spd 332.2 yaw 4 mode 2 st 10 gl 1 hp 100 frg 0
ARGLOG Romero t 183.1 pos '2552.6 -500.4  24.0' spd 321.5 yaw  82.8 mode 2 st 32 gl 3 hp 100 frg 4
ARGLOG Carmack t 183.1 pos '2362.4 -1306.7  24.0' spd 262.0 yaw 70 mode 2 st 24 gl 2 hp 100 frg 2
ARGEVT Romero jump
ARGLOG Joe Rogan t 183.6 pos '1875.2 -530.1  72.0' spd 321.3 yaw 44 mode 2 st 10 gl 1 hp 100 frg 0
ARGLOG Romero t 183.6 pos '2558.3 -458.2  24.0' spd 199.5 yaw 275 mode 2 st 32 gl 3 hp 100 frg 4
ARGLOG Carmack t 183.6 pos '2516.2 -1216.9  24.0' spd 373.0 yaw 91 mode 2 st 24 gl 2 hp 100 frg 2
ARGEVT Romero hazard
ARGEVT Carmack lift
ARGLOG Joe Rogan t 184.2 pos '2040.0 -473.6 104.0' spd 400.7 yaw 94 mode 2 st 10 gl 1 hp 100 frg 0
ARGLOG Romero t 184.2 pos '2640.0 -477.4  32.0' spd 337.4 yaw 260 mode 2 st 32 gl 3 hp 100 frg 4
ARGEVT Carmack board
ARGLOG Carmack t 184.2 pos '2474.2 -1039.4  32.0' spd 320.7 yaw 112 mode 2 st 24 gl 2 hp 100 frg 2
ARGEVT Romero jump
ARGLOG Joe Rogan t 184.8 pos '2025.1 -285.0  56.0' spd 363.7 yaw 51 mode 2 st 10 gl 1 hp 100 frg 0
ARGLOG Romero t 184.8 pos '2493.6 -483.2  18.0' spd 317.8 yaw 288 mode 2 st 32 gl 3 hp 100 frg 4
ARGLOG Carmack t 184.8 pos '2488.9 -924.3 105.4' spd 320 yaw 116 mode 2 st 24 gl 2 hp 100 frg 2
ARGEVT Carmack door
ARGEVT Romero engage Joe Rogan
ARGEVT Romero grab item_armorInv
ARGEVT Joe Rogan engage Romero
ARGEVT Romero hazard
ARGLOG Joe Rogan t 185.3 pos '2179.6 -177.0  24.0' spd 321.7 yaw 293.5 mode 2 st 10 gl 1 hp 100 frg 0
ARGLOG Romero t 185.3 pos '2360.0 -528.0   8.0' spd 266.7 yaw  95.4 mode 2 st 32 gl 3 hp 100 frg 4
ARGLOG Carmack t 185.3 pos '2502.8 -884.7 120.0' spd  33.9 yaw 258.4 mode 2 st 24 gl 2 hp 100 frg 2
ARGLOG Joe Rogan t 185.9 pos '2319.5 -146.5  24.0' spd 320.1 yaw 266.6 mode 2 st 10 gl 1 hp 100 frg 0
ARGEVT Romero pursue
ARGLOG Romero t 185.9 pos '2310.7 -505.7   8.0' spd 135.5 yaw  89.7 mode 2 st 32 gl 3 hp 100 frg 4
ARGLOG Carmack t 185.9 pos '2502.8 -884.7 120.0' spd 0 yaw 249.5 mode 2 st 24 gl 2 hp 100 frg 2
ARGEVT Joe Rogan pursue
ARGEVT Carmack hazard
ARGEVT Romero hazard
ARGLOG Joe Rogan t 186.4 pos '2438.0 -237.3  24.0' spd  70.7 yaw 247.3 mode 2 st 10 gl 1 hp 100 frg 0
ARGLOG Romero t 186.4 pos '2313.3 -527.0   8.0' spd  75.8 yaw  74.9 mode 2 st 32 gl 3 hp 100 frg 4
ARGLOG Carmack t 186.4 pos '2448.0 -965.9 120.0' spd 267.3 yaw 106 mode 2 st 24 gl 2 hp 100 frg 2
ARGLOG Joe Rogan t 187.0 pos '2274.6 -191.2  24.0' spd 320.0 yaw 247.1 mode 2 st 10 gl 1 hp 100 frg 0
ARGLOG Romero t 187.0 pos '2172.2 -433.6   8.0' spd 320.0 yaw  89.0 mode 0 st 32 gl 3 hp 100 frg 4
ARGLOG Carmack t 187.0 pos '2438.5 -816.0 120.0' spd  50.6 yaw 118 mode 2 st 24 gl 2 hp 100 frg 2
ARGEVT Romero route 14 start '2153.0 -479.0   8.0' goal '2473.0 -1999.0 120.0'
ARGLOG Joe Rogan t 187.5 pos '2092.0 -172.0  24.0' spd 373.0 yaw 305.1 mode 2 st 10 gl 1 hp 88 frg 0
ARGLOG Romero t 187.5 pos '2245.6 -382.3   8.0' spd 335.2 yaw 144.6 mode 2 st 32 gl 3 hp 100 frg 4
ARGLOG Carmack t 187.5 pos '2352.0 -755.8  89.8' spd 195.6 yaw 108 mode 2 st 24 gl 2 hp 100 frg 2
ARGEVT Carmack door
ARGLOG Joe Rogan t 188.1 pos '1976.9 -312.4  72.0' spd 325.7 yaw 343.0 mode 0 st 10 gl 1 hp 88 frg 0
ARGEVT Romero pursue
ARGLOG Romero t 188.1 pos '2289.5 -392.1   8.0' spd 320.1 yaw 174.2 mode 2 st 32 gl 3 hp 100 frg 4
ARGLOG Carmack t 188.1 pos '2373.7 -602.5  56.0' spd 320.0 yaw  90.8 mode 2 st 24 gl 2 hp 100 frg 2
ARGEVT Carmack hazard
ARGEVT Carmack door
ARGEVT Joe Rogan pursue
ARGEVT Carmack door
ARGEVT Joe Rogan route 10 start '2025.0 -287.0  56.0' goal '1465.0 -687.0 184.0'
ARGEVT Carmack engage Romero
ARGUS Joe Rogan hunch item_artifact_super_damage
ARGUS Romero hunch item_artifact_super_damage
ARGEVT Romero hazard
ARGEVT Joe Rogan plan powerup via weapon
ARGEVT Joe Rogan goal weapon_rocketlauncher
ARGEVT Joe Rogan pursue
ARGLOG Joe Rogan t 188.6 pos '2021.0 -414.9 104.0' spd 328.9 yaw 212.4 mode 0 st 10 gl 1 hp 88 frg 0
ARGLOG Romero t 188.6 pos '2130.8 -355.9  24.0' spd  52.8 yaw 320.8 mode 0 st 32 gl 3 hp 100 frg 4
ARGLOG Carmack t 188.6 pos '2427.5 -509.3  53.0' spd 320.2 yaw 158.9 mode 2 st 24 gl 2 hp 100 frg 2
ARGEVT Romero pursue
ARGEVT Romero plan powerup via weapon
ARGEVT Romero goal weapon_grenadelauncher
ARGEVT Carmack grab 
ARGEVT Romero route 10 start '2169.0 -351.0  24.0' goal '2057.0 -943.0 344.0'
ARGEVT Joe Rogan hazard
ARGEVT Romero death Carmack pos '2299.5 -343.0   8.0'
ARGUS Carmack watch spawn
ARGLOG Joe Rogan t 189.2 pos '1963.1 -560.0 104.0' spd 342.9 yaw 337.2 mode 0 st 10 gl 1 hp 88 frg 0
ARGLOG Carmack t 189.2 pos '2530.3 -360.3  24.0' spd 330.2 yaw  44.8 mode 2 st 24 gl 2 hp 100 frg 3
ARGEVT Joe Rogan route 12 start '1945.0 -559.0 104.0' goal '1465.0 -687.0 184.0'
ARGEVT Carmack hazard
ARGEVT Carmack goal 
ARGEVT Carmack route 1 start '2601.0 -383.0  24.0' goal '2329.0 -351.0   8.0'
ARGLOG Joe Rogan t 189.7 pos '2059.6 -459.4 104.0' spd 338.0 yaw 101 mode 2 st 10 gl 1 hp 100 frg 0
ARGLOG Carmack t 189.7 pos '2573.4 -306.4  24.0' spd 321.0 yaw 174 mode 2 st 24 gl 2 hp 100 frg 3
ARGLOG Joe Rogan t 190.3 pos '2021.6 -281.3  56.0' spd 398.8 yaw 357.3 mode 2 st 10 gl 1 hp 100 frg 0
ARGLOG Carmack t 190.3 pos '2394.5 -304.0   8.0' spd 321.2 yaw 172 mode 1 st 24 gl 2 hp 100 frg 3
ARGEVT Joe Rogan engage Carmack
ARGEVT Carmack engage Joe Rogan
ARGEVT Joe Rogan hazard
ARGEVT Romero respawn
ARGEVT Carmack goal item_artifact_super_damage
ARGEVT Romero goal item_health
ARGLOG Romero t 190.7 pos '2176.0 -2176.0  84.0' spd 0 yaw  70.2 mode 0 st 32 gl 3 hp 100 frg 4
ARGEVT Carmack route 6 start '2329.0 -351.0   8.0' goal '1913.0 -719.0 184.0'
ARGEVT Carmack weapon ng
ARGLOG Joe Rogan t 190.9 pos '2145.5 -207.0  24.0' spd 320.6 yaw 307.6 mode 2 st 10 gl 1 hp 100 frg 0
ARGEVT Carmack weapon rl
ARGLOG Carmack t 190.9 pos '2227.9 -364.2   8.0' spd 324.9 yaw  95.8 mode 2 st 24 gl 3 hp 100 frg 3
ARGEVT Romero route 3 start '2153.0 -2175.0  88.0' goal '2377.0 -1999.0 120.0'
ARGEVT Romero door
ARGLOG Romero t 191.3 pos '2198.6 -2017.1  88.0' spd 372.5 yaw 137.2 mode 2 st 32 gl 3 hp 100 frg 4
ARGEVT Romero jump
ARGLOG Joe Rogan t 191.4 pos '2324.2 -211.3  24.0' spd 326.8 yaw 246.2 mode 2 st 10 gl 1 hp 100 frg 0
ARGLOG Carmack t 191.4 pos '2200.9 -425.7   8.0' spd 320.9 yaw  37.3 mode 2 st 24 gl 3 hp 100 frg 3
ARGEVT Carmack route 7 start '2297.0 -495.0   8.0' goal '1913.0 -719.0 184.0'
ARGLOG Romero t 191.9 pos '2140.5 -1968.0 100.8' spd  30.0 yaw 359 mode 2 st 32 gl 3 hp 100 frg 4
ARGLOG Joe Rogan t 192.0 pos '2417.3 -223.7  24.0' spd 310.5 yaw 258.8 mode 2 st 10 gl 1 hp 100 frg 0
ARGLOG Carmack t 192.0 pos '2364.9 -494.6   8.0' spd 325.1 yaw  99.3 mode 2 st 24 gl 3 hp 100 frg 3
ARGEVT Romero jump
ARGLOG Romero t 192.4 pos '2224.0 -1970.3 108.0' spd   7.6 yaw 359 mode 2 st 32 gl 3 hp 100 frg 4
ARGLOG Joe Rogan t 192.5 pos '2238.1 -228.8  24.0' spd 322.9 yaw 283.2 mode 2 st 10 gl 1 hp 100 frg 0
ARGLOG Carmack t 192.5 pos '2298.7 -513.1   8.0' spd 320.0 yaw 124.3 mode 2 st 24 gl 3 hp 100 frg 3
ARGEVT Romero jump
ARGEVT Carmack hazard
ARGLOG Romero t 193.0 pos '2224.0 -1975.8 109.6' spd  11.8 yaw 359 mode 2 st 32 gl 3 hp 100 frg 4
ARGLOG Joe Rogan t 193.1 pos '2215.6 -263.2  24.0' spd 688.6 yaw 258.2 mode 2 st 10 gl 1 hp 67 frg 0
ARGLOG Carmack t 193.1 pos '2169.1 -525.6   8.0' spd 175.9 yaw  51.8 mode 2 st 24 gl 3 hp 96 frg 3
ARGEVT Romero hazard
ARGLOG Romero t 193.5 pos '2224.0 -1921.8  63.0' spd 253.5 yaw 352 mode 2 st 32 gl 3 hp 100 frg 4
ARGLOG Joe Rogan t 193.6 pos '2207.8 -221.7  24.0' spd 331.3 yaw 299.2 mode 2 st 10 gl 1 hp 67 frg 0
ARGLOG Carmack t 193.6 pos '2345.5 -514.4   8.0' spd 330.2 yaw 137.0 mode 2 st 24 gl 3 hp 96 frg 3
ARGEVT Joe Rogan hazard
ARGEVT Joe Rogan retreat
ARGLOG Romero t 194.1 pos '2331.7 -1863.5  24.0' spd 327.1 yaw 338 mode 2 st 32 gl 3 hp 100 frg 4
ARGLOG Joe Rogan t 194.2 pos '2259.7 -370.0 102.9' spd 316.5 yaw 310.2 mode 0 st 10 gl 1 hp 25 frg 0
ARGLOG Carmack t 194.2 pos '2409.3 -527.1   8.0' spd  42.9 yaw 116.9 mode 2 st 24 gl 3 hp 92 frg 3
ARGEVT Joe Rogan route 10 start '2169.0 -351.0  24.0' goal '1465.0 -687.0 184.0'
ARGLOG Romero t 194.6 pos '2506.9 -1904.0  24.0' spd 339.0 yaw 326 mode 2 st 32 gl 3 hp 100 frg 4
ARGEVT Joe Rogan death Carmack pos '2328.1 -319.8  97.0'
ARGLOG Carmack t 194.8 pos '2509.0 -388.8   8.0' spd 340.3 yaw 106.4 mode 2 st 24 gl 3 hp 92 frg 4
ARGEVT Romero hazard
ARGEVT Carmack goal 
ARGEVT Carmack hazard
ARGLOG Romero t 195.2 pos '2563.3 -1904.0  24.0' spd 277.0 yaw 308 mode 2 st 32 gl 3 hp 100 frg 4
ARGEVT Carmack jump
ARGLOG Carmack t 195.3 pos '2381.4 -352.7  32.4' spd 323.0 yaw 178 mode 1 st 24 gl 3 hp 92 frg 4
ARGEVT Carmack goal item_artifact_super_damage
ARGEVT Carmack route 6 start '2329.0 -351.0   8.0' goal '1913.0 -719.0 184.0'
ARGLOG Romero t 195.7 pos '2504.5 -1904.0  24.0' spd 132.5 yaw 327 mode 2 st 32 gl 3 hp 100 frg 4
ARGLOG Carmack t 195.9 pos '2203.7 -378.8   8.0' spd 376.0 yaw 109.2 mode 2 st 24 gl 4 hp 92 frg 4
ARGEVT Romero hazard
ARGEVT Joe Rogan respawn
ARGEVT Joe Rogan goal weapon_rocketlauncher
ARGLOG Joe Rogan t 196.2 pos '2248.0 -16.0 -136.0' spd 0 yaw 340.5 mode 0 st 10 gl 1 hp 100 frg 0
ARGLOG Romero t 196.3 pos '2565.9 -1892.3  24.0' spd 372.3 yaw 303 mode 2 st 32 gl 3 hp 100 frg 4
ARGEVT Joe Rogan route 7 start '2233.0 -31.0 -136.0' goal '1465.0 -687.0 184.0'
ARGLOG Carmack t 196.4 pos '2259.5 -235.6  24.0' spd 423.0 yaw 292.5 mode 2 st 24 gl 4 hp 92 frg 4
ARGEVT Carmack hazard
ARGEVT Joe Rogan hazard
ARGLOG Joe Rogan t 196.8 pos '2320.6 -80.0 -104.0' spd 307.6 yaw 217 mode 0 st 10 gl 1 hp 100 frg 0
ARGEVT Joe Rogan route 7 start '2329.0 -79.0 -104.0' goal '1465.0 -687.0 184.0'
ARGLOG Romero t 196.9 pos '2578.0 -1901.0  24.0' spd 235.4 yaw 300 mode 2 st 32 gl 3 hp 100 frg 4
ARGLOG Carmack t 197.0 pos '2239.8 -214.2  24.0' spd 330.2 yaw 203.4 mode 2 st 24 gl 4 hp 92 frg 4
ARGEVT Romero hazard
ARGLOG Joe Rogan t 197.3 pos '2218.4 -183.6 -136.0' spd 325.3 yaw 310 mode 2 st 10 gl 1 hp 100 frg 0
ARGLOG Romero t 197.4 pos '2608.0 -1875.1  24.0' spd 348.1 yaw 279 mode 2 st 32 gl 3 hp 100 frg 4
ARGLOG Carmack t 197.5 pos '2139.6 -357.5  24.0' spd 332.8 yaw 148 mode 2 st 24 gl 4 hp 92 frg 4
ARGEVT Carmack hazard
ARGEVT Joe Rogan hazard
ARGLOG Joe Rogan t 197.9 pos '2288.0 -125.2 -136.0' spd 349.5 yaw 12 mode 2 st 10 gl 1 hp 100 frg 0
ARGEVT Romero stall
ARGEVT Romero stallnode '2377.0 -1999.0 120.0'
ARGEVT Romero jump
ARGLOG Romero t 198.0 pos '2540.7 -1900.1  37.7' spd 140.6 yaw 331.5 mode 0 st 33 gl 3 hp 100 frg 4
ARGLOG Carmack t 198.1 pos '2128.0 -379.0   8.0' spd 328.6 yaw 138 mode 2 st 24 gl 4 hp 92 frg 4
ARGEVT Romero route 5 start '2553.0 -1871.0  24.0' goal '2377.0 -1999.0 120.0'
ARGLOG Joe Rogan t 198.5 pos '2421.5  -7.3 -72.0' spd 331.2 yaw 356 mode 2 st 10 gl 1 hp 100 frg 0
ARGLOG Romero t 198.5 pos '2557.6 -1904.0  24.0' spd  43.1 yaw 310 mode 2 st 33 gl 3 hp 100 frg 4
ARGEVT Romero hazard
ARGLOG Carmack t 198.6 pos '2122.5 -224.8  24.0' spd 368.5 yaw 254 mode 2 st 24 gl 4 hp 92 frg 4
ARGLOG Joe Rogan t 199.0 pos '2601.0 -27.5 -72.0' spd 321.0 yaw 357 mode 2 st 10 gl 1 hp 100 frg 0
ARGLOG Romero t 199.1 pos '2559.5 -1902.3  24.0' spd 297.6 yaw 309 mode 2 st 33 gl 3 hp 100 frg 4
ARGLOG Carmack t 199.1 pos '1977.2 -269.0  40.0' spd 421.5 yaw 280 mode 2 st 24 gl 4 hp 92 frg 4
ARGEVT Romero abandon
ARGEVT Romero goal item_armor2
ARGEVT Romero route 11 start '2553.0 -1871.0  24.0' goal '2777.0 -15.0 -72.0'
ARGLOG Joe Rogan t 199.6 pos '2779.3 -48.4 -72.0' spd 320.2 yaw 212 mode 2 st 10 gl 1 hp 100 frg 0
ARGLOG Romero t 199.6 pos '2605.0 -1807.4  24.0' spd 345.9 yaw 106 mode 2 st 33 gl 3 hp 100 frg 4
ARGLOG Carmack t 199.7 pos '2030.4 -448.3 104.0' spd 321.9 yaw 247 mode 2 st 24 gl 4 hp 100 frg 4
