LOG started on: 08/21/2026 07:25:25 
Playing registered version.
UDP Initialized
WIPX_OpenSocket: Address family not supported by protocol family
WIPX_Init: Unable to open control socket, IPX disabled
Exe: 20:02:47 Jul 31 2024
256.0 megabyte heap

Language initialization
Couldn't load 'localization/loc_english.txt'
from 'C:/argus/engine'

========= Quake Initialized =========

execing autoexec.cfg
SpawnServer: dm2
Clearing memory
Programs occupy 585K.
trying to open external vis file
maps/dm2.vis not found, trying argus.vis
external vis not found
ARGUS slots 8
ARGUS worldspawn reached
ARGNAV 163 nodes, 544 links
0 entities inhibited
ARGUS init on dm2
ARGEVT Carmack spawned
ARGEVT Romero spawned
ARGEVT Joe Rogan spawned
Server spawned.
ARGLOG Joe Rogan t   1.2 pos '2624.0 -488.0  32.0' spd 0 yaw 143.2 mode 0 st 0 gl 0 hp 100 frg 0
ARGLOG Romero t   1.2 pos '2544.0 -32.0 -64.0' spd 0 yaw 190.2 mode 0 st 0 gl 0 hp 100 frg 0
ARGLOG Carmack t   1.2 pos '2560.0 -192.0  32.0' spd 0 yaw 162.0 mode 0 st 0 gl 0 hp 100 frg 0
ARGEVT Joe Rogan plan powerup via weapon
ARGEVT Joe Rogan goal weapon_rocketlauncher
ARGEVT Romero goal item_armorInv
ARGEVT Carmack plan powerup via weapon
ARGEVT Carmack goal weapon_rocketlauncher
ARGEVT Joe Rogan route 13 start '2553.0 -511.0  24.0' goal '1465.0 -703.0 184.0'
ARGEVT Romero hazard
ARGEVT Carmack engage Joe Rogan
ARGEVT Romero routefail
ARGEVT Joe Rogan engage Carmack
ARGLOG Joe Rogan t   1.7 pos '2498.8 -522.2   8.0' spd 366.6 yaw 131.5 mode 2 st 0 gl 0 hp 100 frg 0
ARGLOG Romero t   1.7 pos '2380.9 -80.0 -72.0' spd 402.3 yaw 223.5 mode 0 st 0 gl 0 hp 100 frg 0
ARGLOG Carmack t   1.7 pos '2403.2 -185.7  24.0' spd 321.5 yaw 269.1 mode 0 st 0 gl 0 hp 100 frg 0
ARGEVT Romero goal item_armor2
ARGEVT Romero route 2 start '2361.0 -63.0 -88.0' goal '2777.0   1.0 -72.0'
ARGEVT Carmack pursue
ARGEVT Carmack hazard
ARGEVT Carmack routefail
ARGEVT Joe Rogan pursue
ARGEVT Joe Rogan grab item_armorInv
ARGLOG Joe Rogan t   2.2 pos '2344.9 -504.4   8.0' spd 343.0 yaw  96.3 mode 2 st 0 gl 0 hp 100 frg 0
ARGLOG Romero t   2.2 pos '2230.0 -132.9 -136.0' spd 301.4 yaw 322.7 mode 2 st 0 gl 0 hp 100 frg 0
ARGEVT Carmack plan powerup via weapon
ARGEVT Carmack goal weapon_rocketlauncher
ARGLOG Carmack t   2.2 pos '2253.3 -246.9  24.0' spd 321.6 yaw 264.7 mode 0 st 0 gl 0 hp 100 frg 0
ARGEVT Carmack route 10 start '2233.0 -223.0  24.0' goal '1465.0 -703.0 184.0'
ARGEVT Joe Rogan hazard
ARGEVT Romero hazard
ARGLOG Joe Rogan t   2.7 pos '2409.8 -528.0   8.0' spd 200.3 yaw 144.8 mode 2 st 0 gl 0 hp 100 frg 0
ARGLOG Romero t   2.7 pos '2275.5 -200.3 -136.0' spd 278.1 yaw 21 mode 2 st 0 gl 0 hp 100 frg 0
ARGLOG Carmack t   2.7 pos '2132.0 -337.7  24.0' spd 137.7 yaw 327.6 mode 2 st 0 gl 0 hp 76 frg 0
ARGLOG Joe Rogan t   3.3 pos '2491.6 -520.7   8.0' spd  26.7 yaw 131.1 mode 2 st 0 gl 0 hp 100 frg 0
ARGLOG Romero t   3.3 pos '2281.2 -163.2 -136.0' spd 374.4 yaw 18 mode 2 st 0 gl 0 hp 100 frg 0
ARGLOG Carmack t   3.3 pos '2229.9 -221.7  24.0' spd 322.1 yaw 324.7 mode 2 st 0 gl 0 hp 76 frg 0
ARGEVT Joe Rogan hazard
ARGEVT Joe Rogan pursue
ARGEVT Carmack pursue
ARGLOG Joe Rogan t   3.8 pos '2462.6 -495.7   8.0' spd 321.5 yaw 114.6 mode 2 st 0 gl 0 hp 91 frg 0
ARGLOG Romero t   3.8 pos '2386.1 -32.1 -72.0' spd 410.3 yaw 300.4 mode 2 st 0 gl 0 hp 100 frg 0
ARGEVT Carmack grab item_health
ARGLOG Carmack t   3.8 pos '2374.2 -182.9  24.0' spd 363.6 yaw 294.4 mode 2 st 0 gl 0 hp 76 frg 0
ARGEVT Romero route 1 start '2489.0 -31.0 -72.0' goal '2777.0   1.0 -72.0'
ARGLOG Joe Rogan t   4.3 pos '2429.7 -396.5   8.0' spd 323.8 yaw  61.9 mode 2 st 0 gl 0 hp 91 frg 0
ARGLOG Romero t   4.3 pos '2548.9 -74.1 -64.0' spd 323.1 yaw 18 mode 2 st 0 gl 0 hp 100 frg 0
ARGLOG Carmack t   4.3 pos '2540.9 -218.2  32.0' spd 344.9 yaw  48.6 mode 0 st 0 gl 0 hp 76 frg 0
ARGEVT Joe Rogan pursue
ARGEVT Carmack hazard
ARGEVT Carmack route 11 start '2521.0 -191.0  32.0' goal '1465.0 -703.0 184.0'
ARGEVT Carmack pursue
ARGEVT Joe Rogan hazard
ARGLOG Joe Rogan t   4.8 pos '2422.3 -320.5   8.0' spd 321.9 yaw  44.8 mode 2 st 0 gl 0 hp 91 frg 0
ARGLOG Romero t   4.8 pos '2717.0 -63.2 -72.0' spd 382.0 yaw 285.8 mode 1 st 0 gl 0 hp 100 frg 0
ARGLOG Carmack t   4.8 pos '2546.2 -189.8  32.0' spd 320.1 yaw 249.2 mode 2 st 0 gl 0 hp 76 frg 0
ARGEVT Romero hazard
ARGEVT Carmack pursue
ARGEVT Joe Rogan pursue
ARGLOG Joe Rogan t   5.3 pos '2554.0 -317.8  24.0' spd 380.7 yaw 118.6 mode 0 st 0 gl 0 hp 91 frg 0
ARGLOG Romero t   5.3 pos '2852.3 -66.1 -72.0' spd 142.6 yaw 252.8 mode 1 st 0 gl 0 hp 100 frg 0
ARGLOG Carmack t   5.3 pos '2495.1 -240.0  30.0' spd 322.4 yaw 211 mode 2 st 0 gl 0 hp 76 frg 0
ARGEVT Joe Rogan route 12 start '2489.0 -319.0   8.0' goal '1465.0 -703.0 184.0'
ARGLOG Joe Rogan t   5.8 pos '2477.6 -310.9   8.0' spd 322.2 yaw 196 mode 2 st 0 gl 0 hp 91 frg 0
ARGLOG Romero t   5.8 pos '1411.4 -1025.5 344.0' spd 351.2 yaw 35 mode 1 st 0 gl 0 hp 100 frg 0
ARGLOG Carmack t   5.8 pos '2326.9 -226.6  24.0' spd 324.0 yaw 194.3 mode 2 st 0 gl 0 hp 76 frg 0
ARGEVT Romero hazard
ARGEVT Joe Rogan hazard
ARGLOG Joe Rogan t   6.4 pos '2300.7 -314.9   8.0' spd 410.3 yaw 146.0 mode 2 st 0 gl 0 hp 91 frg 0
ARGLOG Romero t   6.4 pos '1369.1 -934.3 344.0' spd 332.8 yaw 102.0 mode 1 st 0 gl 0 hp 100 frg 0
ARGLOG Carmack t   6.4 pos '2181.9 -243.4  24.0' spd 341.2 yaw 294.0 mode 2 st 0 gl 0 hp 52 frg 0
ARGLOG Joe Rogan t   6.9 pos '2134.9 -364.2  24.0' spd 361.3 yaw  54.7 mode 2 st 0 gl 0 hp 82 frg 0
ARGLOG Romero t   6.9 pos '1366.4 -768.5 344.0' spd 320.0 yaw  77.6 mode 1 st 0 gl 0 hp 100 frg 0
ARGLOG Carmack t   6.9 pos '2302.9 -166.5  24.0' spd 442.9 yaw 233.7 mode 2 st 0 gl 0 hp 36 frg 0
ARGEVT Carmack weapon sg
ARGEVT Joe Rogan route 11 start '2137.0 -479.0   8.0' goal '1465.0 -703.0 184.0'
ARGEVT Carmack grab item_health
ARGEVT Joe Rogan grab item_health
ARGEVT Carmack pursue
ARGEVT Carmack hazard
ARGEVT Joe Rogan pursue
ARGLOG Joe Rogan t   7.4 pos '2210.8 -491.2   8.0' spd 178.4 yaw  62.4 mode 2 st 0 gl 0 hp 82 frg 0
ARGLOG Romero t   7.4 pos '1327.4 -582.9 299.8' spd 352.4 yaw  36.4 mode 1 st 0 gl 0 hp 100 frg 0
ARGLOG Carmack t   7.4 pos '2460.1 -234.8  24.0' spd 219.9 yaw 206 mode 2 st 0 gl 0 hp 36 frg 0
ARGLOG Joe Rogan t   7.9 pos '2282.1 -363.9   8.0' spd 320.5 yaw 71 mode 2 st 0 gl 0 hp 82 frg 0
ARGLOG Romero t   7.9 pos '1344.2 -420.4 184.0' spd 326.1 yaw  15.3 mode 1 st 0 gl 0 hp 100 frg 0
ARGLOG Carmack t   7.9 pos '2326.9 -239.7  24.0' spd 320.1 yaw 162.4 mode 2 st 0 gl 0 hp 36 frg 0
ARGEVT Joe Rogan hazard
ARGEVT Carmack retreat
ARGLOG Joe Rogan t   8.4 pos '2229.3 -349.0   8.0' spd 345.6 yaw 105.5 mode 2 st 0 gl 0 hp 58 frg 0
ARGLOG Romero t   8.4 pos '1476.3 -345.3 184.0' spd 321.2 yaw 13 mode 1 st 0 gl 0 hp 100 frg 0
ARGLOG Carmack t   8.4 pos '2201.8 -159.1  24.0' spd 367.8 yaw 283.9 mode 2 st 0 gl 0 hp 12 frg 0
ARGEVT Carmack death Joe Rogan pos '2228.6 -60.2  24.0'
ARGEVT Joe Rogan plan powerup via weapon
ARGEVT Joe Rogan goal weapon_rocketlauncher
ARGUS routecache adopt
ARGEVT Joe Rogan route 11 start '2137.0 -479.0   8.0' goal '1465.0 -703.0 184.0'
ARGLOG Joe Rogan t   8.9 pos '2130.5 -378.6   8.0' spd 394.0 yaw 140.8 mode 2 st 0 gl 0 hp 58 frg 1
ARGLOG Romero t   8.9 pos '1640.1 -338.6 184.0' spd 320.7 yaw 351 mode 1 st 0 gl 0 hp 100 frg 0
ARGLOG Joe Rogan t   9.4 pos '2157.3 -225.7  24.0' spd 320.6 yaw 38 mode 2 st 0 gl 0 hp 58 frg 1
ARGLOG Romero t   9.4 pos '1804.4 -358.8 184.0' spd 320.0 yaw 350 mode 1 st 0 gl 0 hp 100 frg 0
ARGEVT Romero hazard
ARGLOG Joe Rogan t  10.0 pos '2237.2 -73.9  24.0' spd 392.6 yaw 337.2 mode 2 st 0 gl 0 hp 58 frg 1
ARGLOG Romero t  10.0 pos '1872.0 -427.5 184.0' spd 321.9 yaw 278 mode 1 st 0 gl 0 hp 100 frg 0
ARGEVT Joe Rogan jump
ARGEVT Carmack respawn
ARGEVT Carmack goal item_armorInv
ARGLOG Carmack t  10.3 pos '2176.0 -2176.0  84.0' spd 0 yaw  73.4 mode 0 st 0 gl 0 hp 100 frg 0
ARGEVT Carmack routefail
ARGLOG Joe Rogan t  10.5 pos '2312.8 -80.0  77.9' spd  40.5 yaw 228 mode 2 st 0 gl 0 hp 58 frg 1
ARGLOG Romero t  10.5 pos '1888.8 -560.0 107.3' spd  35.6 yaw 27 mode 1 st 0 gl 0 hp 100 frg 0
ARGEVT Carmack goal item_health
ARGEVT Carmack hazard
ARGEVT Carmack routefail
ARGEVT Carmack goal item_spikes
ARGLOG Carmack t  10.8 pos '2222.2 -2030.9  88.0' spd 324.8 yaw 102 mode 1 st 0 gl 0 hp 100 frg 0
ARGLOG Joe Rogan t  11.0 pos '2258.0 -110.4  24.0' spd 326.4 yaw 239 mode 2 st 0 gl 0 hp 58 frg 1
ARGLOG Romero t  11.0 pos '2003.1 -506.0 104.0' spd 320.0 yaw 28 mode 1 st 0 gl 0 hp 100 frg 0
ARGEVT Romero hazard
ARGEVT Carmack goal item_health
ARGLOG Carmack t  11.4 pos '2193.1 -1867.5  24.0' spd 320.6 yaw  93.2 mode 0 st 0 gl 1 hp 100 frg 0
ARGEVT Carmack route 4 start '2233.0 -1823.0  24.0' goal '2457.0 -1311.0  24.0'
ARGEVT Joe Rogan hazard
ARGLOG Joe Rogan t  11.5 pos '2256.0 -251.2  24.0' spd 164.5 yaw 25 mode 2 st 0 gl 0 hp 58 frg 1
ARGLOG Romero t  11.5 pos '2064.0 -367.9 104.0' spd 322.8 yaw 80 mode 1 st 0 gl 0 hp 100 frg 0
ARGEVT Carmack hazard
ARGEVT Joe Rogan engage Romero
ARGEVT Joe Rogan grab 
ARGEVT Romero engage Joe Rogan
ARGLOG Carmack t  11.9 pos '2214.8 -1820.1  24.0' spd 322.6 yaw 59 mode 2 st 0 gl 1 hp 100 frg 0
ARGLOG Joe Rogan t  12.0 pos '2364.0 -157.6  24.0' spd 331.9 yaw 227.6 mode 2 st 0 gl 0 hp 58 frg 1
ARGLOG Romero t  12.0 pos '2064.0 -201.6  24.0' spd 320 yaw  10.7 mode 1 st 0 gl 0 hp 100 frg 0
ARGEVT Joe Rogan grab item_health
ARGEVT Romero grab 
ARGLOG Carmack t  12.4 pos '2372.9 -1875.7  24.0' spd 355.5 yaw 91 mode 2 st 0 gl 1 hp 100 frg 0
ARGEVT Joe Rogan retreat
ARGLOG Joe Rogan t  12.5 pos '2372.3 -173.9  24.0' spd 423.8 yaw 147.0 mode 2 st 0 gl 0 hp 34 frg 1
ARGLOG Romero t  12.5 pos '2108.8 -41.5  24.0' spd 355.6 yaw 335.7 mode 1 st 0 gl 0 hp 100 frg 0
ARGLOG Carmack t  12.9 pos '2464.3 -1731.8  24.0' spd 346.3 yaw 107 mode 2 st 0 gl 1 hp 100 frg 0
ARGLOG Joe Rogan t  13.1 pos '2543.2 -153.4  32.0' spd 286.4 yaw 162.6 mode 2 st 0 gl 0 hp 26 frg 1
ARGLOG Romero t  13.1 pos '2201.2 -62.5  24.0' spd 320.0 yaw 345.4 mode 1 st 0 gl 0 hp 96 frg 0
ARGEVT Joe Rogan hazard
ARGLOG Carmack t  13.4 pos '2400.5 -1576.0  24.0' spd 323.3 yaw 77 mode 2 st 0 gl 1 hp 100 frg 0
ARGLOG Joe Rogan t  13.6 pos '2576.0 -200.1  32.0' spd 224.7 yaw 179.8 mode 2 st 0 gl 0 hp 2 frg 1
ARGLOG Romero t  13.6 pos '2196.0 -227.8  24.0' spd 322.2 yaw   1.8 mode 1 st 0 gl 0 hp 96 frg 0
ARGEVT Joe Rogan retreat
ARGLOG Carmack t  13.9 pos '2367.9 -1413.9  24.0' spd 320.2 yaw 94 mode 1 st 0 gl 1 hp 100 frg 0
ARGEVT Joe Rogan pursue
ARGLOG Joe Rogan t  14.1 pos '2512.1 -148.2  32.0' spd 321.2 yaw 200.3 mode 2 st 0 gl 0 hp 2 frg 1
ARGEVT Romero pursue
ARGLOG Romero t  14.1 pos '2248.1 -385.2   8.0' spd 332.9 yaw 30 mode 1 st 0 gl 0 hp 96 frg 0
ARGEVT Carmack goal item_artifact_super_damage
ARGEVT Carmack hazard
ARGEVT Carmack routefail
ARGEVT Carmack goal item_armor2
ARGLOG Carmack t  14.4 pos '2424.2 -1296.0  24.0' spd 331.9 yaw 28 mode 0 st 0 gl 2 hp 100 frg 0
ARGEVT Carmack route 18 start '2457.0 -1311.0  24.0' goal '2009.0 -991.0  32.0'
ARGLOG Joe Rogan t  14.6 pos '2348.0 -176.6  24.0' spd 322.6 yaw 210 mode 2 st 0 gl 0 hp 2 frg 1
ARGLOG Romero t  14.6 pos '2419.8 -391.4   8.0' spd 333.4 yaw 106.6 mode 1 st 0 gl 0 hp 96 frg 0
ARGLOG Carmack t  15.0 pos '2543.0 -1187.6  24.0' spd 347.9 yaw 94 mode 2 st 0 gl 2 hp 100 frg 0
ARGEVT Romero pursue
ARGLOG Joe Rogan t  15.1 pos '2190.9 -238.9  24.0' spd 374.5 yaw 130.1 mode 2 st 0 gl 0 hp 2 frg 1
ARGLOG Romero t  15.1 pos '2519.5 -324.5  24.0' spd 140.2 yaw 146 mode 1 st 0 gl 0 hp 96 frg 0
ARGEVT Carmack lift
ARGEVT Carmack board
ARGLOG Carmack t  15.5 pos '2472.5 -1033.5  32.0' spd 330.5 yaw 111 mode 2 st 0 gl 2 hp 100 frg 0
ARGEVT Joe Rogan route 10 start '2041.0 -159.0  24.0' goal '1465.0 -703.0 184.0'
ARGEVT Romero hazard
ARGLOG Joe Rogan t  15.6 pos '2017.8 -203.1  24.0' spd 400.7 yaw 262.6 mode 2 st 0 gl 0 hp 2 frg 1
ARGLOG Romero t  15.6 pos '2369.5 -304.0   8.0' spd  67.8 yaw 114 mode 1 st 0 gl 0 hp 96 frg 0
ARGLOG Carmack t  16.0 pos '2501.0 -931.1 109.7' spd 320 yaw 121 mode 2 st 0 gl 2 hp 100 frg 0
ARGEVT Joe Rogan hazard
ARGEVT Carmack door
ARGLOG Joe Rogan t  16.2 pos '2054.7 -308.2  72.0' spd 347.6 yaw 61 mode 2 st 0 gl 0 hp 2 frg 1
ARGLOG Romero t  16.2 pos '2360.9 -304.0   8.0' spd  48.3 yaw 110 mode 1 st 0 gl 0 hp 96 frg 0
ARGLOG Carmack t  16.5 pos '2522.6 -912.0 120.0' spd 0 yaw 271.2 mode 2 st 0 gl 2 hp 100 frg 0
ARGEVT Romero hazard
ARGLOG Joe Rogan t  16.7 pos '2117.6 -149.7  24.0' spd 351.3 yaw 19 mode 2 st 0 gl 0 hp 2 frg 1
ARGLOG Romero t  16.7 pos '2360.4 -304.0   8.0' spd  30.1 yaw 110 mode 1 st 0 gl 0 hp 96 frg 0
ARGLOG Carmack t  17.0 pos '2522.6 -912.0 120.0' spd 0 yaw 266 mode 2 st 0 gl 2 hp 100 frg 0
ARGLOG Joe Rogan t  17.2 pos '2288.0 -144.1  24.0' spd 127.3 yaw 324 mode 2 st 0 gl 0 hp 2 frg 1
ARGLOG Romero t  17.2 pos '2363.2 -304.0   8.0' spd  28.4 yaw  94.4 mode 1 st 0 gl 0 hp 96 frg 0
ARGEVT Joe Rogan engage Romero
ARGLOG Carmack t  17.5 pos '2522.6 -912.0  57.8' spd 0 yaw 266 mode 2 st 0 gl 2 hp 100 frg 0
ARGLOG Joe Rogan t  17.7 pos '2355.6 -144.0  24.0' spd 142.3 yaw 298.2 mode 2 st 0 gl 0 hp 2 frg 1
ARGLOG Romero t  17.7 pos '2438.3 -306.9   8.0' spd 104.3 yaw 115.9 mode 1 st 0 gl 0 hp 96 frg 0
ARGEVT Joe Rogan hazard
ARGLOG Carmack t  18.1 pos '2522.6 -912.0  78.4' spd 0 yaw 266 mode 2 st 0 gl 2 hp 100 frg 0
ARGLOG Joe Rogan t  18.2 pos '2330.1 -161.5  24.0' spd 150.5 yaw 262.3 mode 2 st 0 gl 0 hp 2 frg 1
ARGLOG Romero t  18.2 pos '2290.7 -326.3   8.0' spd 328.6 yaw  80.6 mode 1 st 0 gl 0 hp 96 frg 0
ARGEVT Joe Rogan pursue
ARGEVT Romero pursue
ARGEVT Joe Rogan death Romero pos '2329.8 -214.8  24.0'
ARGEVT Romero goal 
ARGLOG Carmack t  18.6 pos '2522.6 -912.0 120.0' spd 0 yaw 266 mode 2 st 0 gl 2 hp 100 frg 0
ARGLOG Romero t  18.7 pos '2158.2 -264.4  24.0' spd 332.2 yaw 133.8 mode 1 st 0 gl 0 hp 96 frg 1
ARGLOG Carmack t  19.1 pos '2522.6 -912.0 120.0' spd 0 yaw 266 mode 2 st 0 gl 2 hp 100 frg 0
ARGLOG Romero t  19.3 pos '2185.8 -123.0  24.0' spd 381.0 yaw 353 mode 1 st 0 gl 0 hp 96 frg 1
ARGEVT Romero hazard
ARGLOG Carmack t  19.6 pos '2522.6 -912.0  89.3' spd 0 yaw 266 mode 2 st 0 gl 2 hp 100 frg 0
ARGLOG Romero t  19.8 pos '2341.2 -59.7  56.0' spd 370.1 yaw 322.7 mode 1 st 0 gl 0 hp 96 frg 1
ARGEVT Joe Rogan respawn
ARGEVT Joe Rogan goal weapon_rocketlauncher
ARGLOG Joe Rogan t  20.1 pos '2576.0 -1328.0  24.0' spd 0 yaw 253.4 mode 0 st 0 gl 0 hp 100 frg 1
ARGEVT Carmack engage Joe Rogan
ARGLOG Carmack t  20.1 pos '2522.6 -912.0  47.5' spd 0 yaw 212.6 mode 2 st 0 gl 2 hp 100 frg 0
ARGEVT Joe Rogan route 18 start '2585.0 -1375.0  24.0' goal '1465.0 -703.0 184.0'
ARGEVT Joe Rogan engage Carmack
ARGLOG Romero t  20.3 pos '2459.7 -232.6  42.9' spd 403.6 yaw 157.6 mode 1 st 0 gl 0 hp 96 frg 1
ARGUS routecache adopt
ARGEVT Joe Rogan route 18 start '2585.0 -1375.0  24.0' goal '1465.0 -703.0 184.0'
ARGLOG Joe Rogan t  20.6 pos '2603.8 -1382.7  24.0' spd 324.3 yaw 101.8 mode 2 st 0 gl 0 hp 100 frg 1
ARGEVT Romero goal weapon_rocketlauncher
ARGLOG Carmack t  20.6 pos '2506.6 -918.7 120.0' spd 166.4 yaw 291.2 mode 2 st 0 gl 2 hp 100 frg 0
ARGEVT Romero route 10 start '2361.0 -159.0  24.0' goal '1465.0 -703.0 184.0'
ARGLOG Romero t  20.8 pos '2335.6 -160.4  24.0' spd 324.6 yaw 75 mode 2 st 0 gl 1 hp 96 frg 1
ARGEVT Carmack pursue
ARGEVT Joe Rogan pursue
ARGLOG Joe Rogan t  21.1 pos '2606.6 -1357.2  24.0' spd 338.7 yaw 130.0 mode 2 st 0 gl 0 hp 100 frg 1
ARGLOG Carmack t  21.2 pos '2472.8 -1036.6 120.0' spd 320.8 yaw 266.5 mode 2 st 0 gl 2 hp 100 frg 0
ARGLOG Romero t  21.3 pos '2178.8 -98.0  24.0' spd 378.3 yaw 7 mode 2 st 0 gl 1 hp 96 frg 1
ARGEVT Joe Rogan retreat
ARGEVT Romero hazard
ARGLOG Joe Rogan t  21.6 pos '2539.7 -1369.4  76.5' spd 374.3 yaw  94.9 mode 0 st 0 gl 0 hp 6 frg 1
ARGLOG Carmack t  21.7 pos '2515.7 -1102.8  26.1' spd 105.0 yaw 286.1 mode 2 st 0 gl 2 hp 80 frg 0
ARGLOG Romero t  21.8 pos '2269.4 -11.4  24.0' spd 327.9 yaw 345 mode 2 st 0 gl 1 hp 96 frg 1
ARGEVT Joe Rogan route 18 start '2585.0 -1375.0  24.0' goal '1465.0 -703.0 184.0'
ARGEVT Romero jump
ARGLOG Joe Rogan t  22.1 pos '2608.0 -1523.3  59.5' spd 299.4 yaw  99.9 mode 2 st 0 gl 0 hp 6 frg 1
ARGLOG Carmack t  22.2 pos '2524.9 -1116.8  24.0' spd 107.0 yaw 277.8 mode 2 st 0 gl 2 hp 60 frg 0
ARGEVT Carmack grab item_health
ARGLOG Romero t  22.3 pos '2324.8 -68.9  74.7' spd 118.8 yaw 1 mode 2 st 0 gl 1 hp 96 frg 1
ARGEVT Joe Rogan death Carmack pos '2583.3 -1650.9  24.0'
ARGEVT Carmack route 18 start '2457.0 -1151.0  24.0' goal '2009.0 -991.0  32.0'
ARGEVT Carmack goal item_health
ARGLOG Carmack t  22.7 pos '2453.1 -1252.7  24.0' spd 362.6 yaw 298 mode 0 st 0 gl 2 hp 60 frg 1
ARGEVT Carmack route 0 start '2457.0 -1311.0  24.0' goal '2457.0 -1311.0  24.0'
ARGEVT Romero jump
ARGLOG Romero t  22.9 pos '2416.0 -67.4 109.5' spd  41.4 yaw 2 mode 2 st 0 gl 1 hp 96 frg 1
ARGLOG Carmack t  23.2 pos '2505.0 -1414.8  24.0' spd 321.8 yaw 307 mode 1 st 0 gl 2 hp 85 frg 1
ARGLOG Romero t  23.4 pos '2439.9 -47.1 104.0' spd 186.4 yaw 0 mode 2 st 0 gl 1 hp 96 frg 1
ARGEVT Carmack hazard
ARGLOG Carmack t  23.7 pos '2599.6 -1551.6  24.0' spd 322.3 yaw  30.9 mode 1 st 0 gl 2 hp 85 frg 1
ARGLOG Romero t  23.9 pos '2603.6 -54.8 120.0' spd 320.4 yaw 215 mode 2 st 0 gl 1 hp 96 frg 1
ARGEVT Joe Rogan respawn
ARGEVT Joe Rogan goal 
ARGLOG Joe Rogan t  24.1 pos '2704.0 -2048.0 128.0' spd 0 yaw 253.7 mode 0 st 0 gl 0 hp 100 frg 1
ARGEVT Joe Rogan route 11 start '2713.0 -2111.0 120.0' goal '2585.0 -1727.0  24.0'
ARGLOG Carmack t  24.2 pos '2578.7 -1488.7  24.0' spd 327.7 yaw 132 mode 1 st 0 gl 2 hp 85 frg 1
ARGLOG Romero t  24.4 pos '2640.0 -55.8 120.0' spd   2.8 yaw 214 mode 2 st 0 gl 1 hp 96 frg 1
ARGLOG Joe Rogan t  24.6 pos '2701.3 -2202.5 120.0' spd 320.2 yaw 222 mode 2 st 0 gl 0 hp 100 frg 1
ARGEVT Romero stall
ARGEVT Romero stallnode '2905.0 -47.0 -72.0'
ARGEVT Romero jump
ARGLOG Carmack t  24.8 pos '2423.1 -1479.9  24.0' spd 425.9 yaw 296.5 mode 1 st 0 gl 2 hp 85 frg 1
ARGLOG Romero t  24.9 pos '2640.0 -55.8 148.9' spd  19.5 yaw 311.7 mode 0 st 1 gl 1 hp 96 frg 1
ARGEVT Joe Rogan hazard
ARGEVT Romero route 7 start '2585.0   1.0 120.0' goal '1465.0 -703.0 184.0'
ARGEVT Romero engage Carmack
ARGEVT Carmack engage Romero
ARGEVT Carmack grab 
ARGLOG Joe Rogan t  25.1 pos '2696.4 -2347.9 120.0' spd 111.3 yaw 177 mode 2 st 0 gl 0 hp 100 frg 1
ARGLOG Carmack t  25.3 pos '2524.8 -1638.3  24.0' spd 348.0 yaw  82.2 mode 1 st 0 gl 2 hp 85 frg 1
ARGLOG Romero t  25.4 pos '2640.0 -72.7 120.0' spd  32.8 yaw 262.0 mode 2 st 1 gl 1 hp 96 frg 1
ARGEVT Carmack weapon sg
ARGEVT Joe Rogan goal item_health
ARGEVT Romero pursue
ARGEVT Carmack pursue
ARGLOG Joe Rogan t  25.6 pos '2593.7 -2269.7 120.0' spd 328.6 yaw 140.3 mode 0 st 0 gl 0 hp 100 frg 1
ARGEVT Joe Rogan routefail
ARGEVT Joe Rogan goal item_armorInv
ARGLOG Carmack t  25.8 pos '2573.1 -1576.8  24.0' spd 321.0 yaw 87 mode 1 st 0 gl 2 hp 85 frg 1
ARGEVT Joe Rogan route 14 start '2553.0 -2335.0 120.0' goal '2361.0 -703.0  56.0'
ARGLOG Romero t  25.9 pos '2630.4 -229.7 120.0' spd 320.0 yaw 265 mode 2 st 1 gl 1 hp 96 frg 1
ARGLOG Joe Rogan t  26.2 pos '2431.0 -2275.8 120.0' spd 351.3 yaw 217 mode 2 st 0 gl 0 hp 100 frg 1
ARGEVT Joe Rogan hazard
ARGLOG Carmack t  26.3 pos '2587.5 -1412.2  24.0' spd 320.0 yaw 87 mode 1 st 0 gl 2 hp 85 frg 1
ARGEVT Romero route 8 start '2553.0 -351.0 147.0' goal '1465.0 -703.0 184.0'
ARGLOG Romero t  26.5 pos '2616.9 -394.3 120.0' spd 320.0 yaw 264 mode 2 st 1 gl 1 hp 96 frg 1
ARGEVT Carmack hazard
ARGLOG Joe Rogan t  26.7 pos '2384.0 -2359.9 120.0' spd 233.6 yaw  83.5 mode 2 st 0 gl 0 hp 100 frg 1
ARGLOG Carmack t  26.8 pos '2536.4 -1288.5  24.0' spd 356.9 yaw 103.3 mode 1 st 0 gl 2 hp 85 frg 1
ARGLOG Romero t  27.0 pos '2602.5 -559.4 120.0' spd 320 yaw 264 mode 0 st 1 gl 1 hp 96 frg 1
ARGEVT Romero route 15 start '2601.0 -623.0 120.0' goal '1465.0 -703.0 184.0'
ARGLOG Joe Rogan t  27.2 pos '2461.3 -2257.6 120.0' spd 334.6 yaw 217 mode 2 st 0 gl 0 hp 100 frg 1
ARGLOG Carmack t  27.3 pos '2491.9 -1124.5  24.0' spd 292.9 yaw  76.5 mode 1 st 0 gl 2 hp 85 frg 1
ARGLOG Romero t  27.5 pos '2596.6 -723.1 120.0' spd 333.0 yaw 262.3 mode 2 st 1 gl 1 hp 96 frg 1
ARGLOG Joe Rogan t  27.7 pos '2619.6 -2315.1 120.0' spd 403.2 yaw 201 mode 2 st 0 gl 0 hp 100 frg 1
ARGLOG Carmack t  27.9 pos '2462.9 -1026.0  32.0' spd 127.7 yaw  68.1 mode 1 st 0 gl 2 hp 85 frg 1
ARGLOG Romero t  28.0 pos '2574.0 -790.8 120.0' spd 270.5 yaw 253.2 mode 2 st 1 gl 1 hp 96 frg 1
ARGEVT Joe Rogan route 15 start '2617.0 -2207.0 152.0' goal '2361.0 -703.0  56.0'
ARGLOG Joe Rogan t  28.2 pos '2675.2 -2144.8 120.0' spd 325.3 yaw 105 mode 2 st 0 gl 0 hp 100 frg 1
ARGLOG Carmack t  28.4 pos '2448.0 -944.3  63.1' spd 254.7 yaw  38.0 mode 1 st 0 gl 2 hp 69 frg 1
ARGEVT Joe Rogan hazard
ARGLOG Romero t  28.5 pos '2589.2 -779.7 120.0' spd 348.9 yaw 238.7 mode 2 st 1 gl 1 hp 87 frg 1
ARGEVT Romero hazard
ARGLOG Joe Rogan t  28.7 pos '2677.6 -2031.3 128.0' spd 142.4 yaw 224 mode 2 st 0 gl 0 hp 100 frg 1
ARGLOG Carmack t  28.9 pos '2469.4 -926.8 120.0' spd 247.5 yaw  89.6 mode 1 st 0 gl 2 hp 53 frg 1
ARGEVT Carmack retreat
ARGLOG Romero t  29.0 pos '2485.9 -794.8 120.0' spd 231.9 yaw 283.1 mode 2 st 1 gl 1 hp 78 frg 1
ARGEVT Carmack hazard
ARGLOG Joe Rogan t  29.3 pos '2672.0 -2170.0 120.0' spd 380.7 yaw 208 mode 2 st 0 gl 0 hp 100 frg 1
ARGLOG Carmack t  29.4 pos '2527.4 -1068.8 117.6' spd 325.9 yaw  67.7 mode 1 st 0 gl 2 hp 29 frg 1
ARGLOG Romero t  29.6 pos '2619.4 -809.2 120.0' spd  94.5 yaw 254.6 mode 2 st 1 gl 1 hp 78 frg 1
ARGEVT Joe Rogan hazard
ARGEVT Carmack pursue
ARGEVT Romero pursue
ARGLOG Joe Rogan t  29.8 pos '2622.7 -2288.2 120.0' spd 358.6 yaw 191 mode 2 st 0 gl 0 hp 100 frg 1
ARGLOG Carmack t  29.9 pos '2527.6 -1208.9  24.0' spd 320.2 yaw  93.7 mode 1 st 0 gl 2 hp 29 frg 1
ARGLOG Romero t  30.1 pos '2485.8 -897.8 120.0' spd 340.4 yaw 276.2 mode 0 st 1 gl 1 hp 78 frg 1
ARGEVT Romero route 15 start '2521.0 -895.0 120.0' goal '1465.0 -703.0 184.0'
ARGLOG Joe Rogan t  30.3 pos '2450.6 -2295.7 120.0' spd 326.1 yaw 213 mode 2 st 0 gl 0 hp 100 frg 1
ARGLOG Carmack t  30.4 pos '2582.0 -1366.9  24.0' spd 335.0 yaw 105.9 mode 1 st 0 gl 2 hp 21 frg 1
ARGLOG Romero t  30.6 pos '2464.3 -969.5 120.0' spd 320.1 yaw 287.2 mode 2 st 1 gl 1 hp 78 frg 1
ARGEVT Romero pursue
ARGLOG Joe Rogan t  30.8 pos '2381.7 -2437.8 136.0' spd 325.2 yaw 194 mode 2 st 0 gl 0 hp 100 frg 1
ARGEVT Carmack pursue
ARGLOG Carmack t  31.0 pos '2686.3 -1415.3  24.0' spd 285.3 yaw 110 mode 1 st 0 gl 2 hp 21 frg 1
ARGEVT Joe Rogan hazard
ARGEVT Carmack hazard
ARGLOG Romero t  31.1 pos '2544.0 -1091.5 106.4' spd 304.3 yaw 274 mode 2 st 1 gl 1 hp 78 frg 1
ARGLOG Joe Rogan t  31.3 pos '2254.0 -2490.5 200.0' spd 321.5 yaw 126 mode 2 st 0 gl 0 hp 100 frg 1
ARGEVT Romero route 17 start '2457.0 -1151.0  24.0' goal '1465.0 -703.0 184.0'
ARGEVT Carmack death Romero pos '2563.7 -1314.2  24.0'
ARGEVT Romero goal 
ARGLOG Romero t  31.6 pos '2544.0 -1190.7  24.0' spd 220.8 yaw  49.7 mode 1 st 1 gl 1 hp 78 frg 2
ARGEVT Romero hazard
ARGLOG Joe Rogan t  31.8 pos '2128.0 -2438.8 200.0' spd 323.8 yaw 88 mode 2 st 0 gl 0 hp 100 frg 1
ARGLOG Romero t  32.1 pos '2538.5 -1146.7  24.0' spd 320.7 yaw 279 mode 1 st 1 gl 1 hp 78 frg 2
ARGEVT Joe Rogan hazard
ARGLOG Joe Rogan t  32.3 pos '2202.1 -2325.5 193.7' spd 363.7 yaw 99 mode 2 st 0 gl 0 hp 100 frg 1
ARGLOG Romero t  32.7 pos '2554.0 -1315.0  24.0' spd 368.0 yaw 323.3 mode 1 st 1 gl 1 hp 78 frg 2
ARGEVT Romero goal item_armorInv
ARGLOG Joe Rogan t  32.9 pos '2206.0 -2202.5  88.0' spd 348.8 yaw 103 mode 2 st 0 gl 0 hp 100 frg 1
ARGEVT Romero routefail
ARGEVT Romero goal weapon_rocketlauncher
ARGEVT Carmack respawn
ARGEVT Carmack goal weapon_rocketlauncher
ARGLOG Carmack t  33.1 pos '1712.0 -504.0  24.0' spd 0 yaw 253.4 mode 0 st 0 gl 2 hp 100 frg 1
ARGEVT Romero route 18 start '2585.0 -1375.0  24.0' goal '1465.0 -703.0 184.0'
ARGLOG Romero t  33.2 pos '2578.3 -1482.1  24.0' spd 407.2 yaw 176.4 mode 2 st 1 gl 2 hp 78 frg 2
ARGEVT Carmack route 14 start '1721.0 -575.0  24.0' goal '1465.0 -703.0 184.0'
ARGLOG Joe Rogan t  33.4 pos '2129.5 -2063.8  88.0' spd 320.1 yaw 37 mode 2 st 0 gl 0 hp 100 frg 1
ARGEVT Carmack hazard
ARGLOG Carmack t  33.6 pos '1659.8 -641.4  24.0' spd 320.1 yaw 21 mode 2 st 0 gl 2 hp 100 frg 1
ARGLOG Romero t  33.7 pos '2426.5 -1404.4  24.0' spd 363.2 yaw 79 mode 2 st 1 gl 2 hp 78 frg 2
ARGLOG Joe Rogan t  33.9 pos '2161.1 -1898.8  24.0' spd 377.3 yaw 58 mode 2 st 0 gl 0 hp 100 frg 1
ARGEVT Romero route 18 start '2361.0 -1407.0  24.0' goal '1465.0 -703.0 184.0'
ARGEVT Romero hazard
ARGLOG Carmack t  34.1 pos '1787.3 -742.5  24.0' spd 174.0 yaw 57 mode 2 st 0 gl 2 hp 100 frg 1
ARGLOG Romero t  34.2 pos '2360.3 -1321.4  24.0' spd  82.8 yaw 71 mode 2 st 1 gl 2 hp 100 frg 2
ARGEVT Joe Rogan engage Romero
ARGLOG Joe Rogan t  34.4 pos '2331.5 -1862.2  24.0' spd 337.6 yaw  83.3 mode 2 st 0 gl 0 hp 100 frg 1
ARGEVT Joe Rogan hazard
ARGLOG Carmack t  34.6 pos '1708.0 -630.7  24.0' spd 341.6 yaw 23 mode 2 st 0 gl 2 hp 100 frg 1
ARGLOG Romero t  34.7 pos '2510.5 -1265.5  24.0' spd 408.6 yaw 88 mode 2 st 1 gl 2 hp 100 frg 2
ARGLOG Joe Rogan t  34.9 pos '2443.4 -1748.8  24.0' spd 355.8 yaw  81.3 mode 2 st 0 gl 0 hp 100 frg 1
ARGLOG Carmack t  35.1 pos '1823.7 -508.9  40.0' spd 350.7 yaw 348 mode 2 st 0 gl 2 hp 100 frg 1
ARGLOG Romero t  35.2 pos '2501.3 -1170.8  24.0' spd 322.1 yaw 272.8 mode 2 st 1 gl 2 hp 97 frg 2
ARGLOG Joe Rogan t  35.4 pos '2593.2 -1670.1  24.0' spd 320.5 yaw 108.2 mode 2 st 0 gl 0 hp 92 frg 1
ARGLOG Carmack t  35.6 pos '1989.1 -532.7 104.0' spd 322.0 yaw 78 mode 2 st 0 gl 2 hp 100 frg 1
ARGLOG Romero t  35.7 pos '2476.0 -1212.5  24.0' spd 248.9 yaw 279.8 mode 2 st 1 gl 2 hp 96 frg 2
ARGEVT Carmack hazard
ARGLOG Joe Rogan t  36.0 pos '2464.7 -1657.4  24.0' spd 323.9 yaw  80.4 mode 2 st 0 gl 0 hp 92 frg 1
ARGLOG Carmack t  36.2 pos '2056.2 -436.6 104.0' spd 320.2 yaw 93 mode 2 st 0 gl 2 hp 100 frg 1
ARGLOG Romero t  36.3 pos '2477.6 -1237.6  24.0' spd 106.2 yaw 254.9 mode 2 st 1 gl 2 hp 93 frg 2
ARGLOG Joe Rogan t  36.5 pos '2395.0 -1645.0  24.0' spd 323.8 yaw  68.3 mode 2 st 0 gl 0 hp 72 frg 1
ARGLOG Carmack t  36.7 pos '2044.0 -271.1  40.0' spd 320.4 yaw 54 mode 2 st 0 gl 2 hp 100 frg 1
ARGLOG Romero t  36.8 pos '2591.4 -1328.7  24.0' spd 329.0 yaw 260.8 mode 2 st 1 gl 2 hp 93 frg 2
ARGLOG Joe Rogan t  37.0 pos '2556.7 -1680.9  24.0' spd 323.1 yaw  79.0 mode 2 st 0 gl 0 hp 68 frg 1
ARGEVT Joe Rogan route 7 start '2585.0 -1727.0  24.0' goal '2361.0 -703.0  56.0'
ARGLOG Carmack t  37.2 pos '2120.1 -122.2  24.0' spd 341.1 yaw 9 mode 2 st 0 gl 2 hp 100 frg 1
ARGLOG Romero t  37.3 pos '2543.1 -1379.4  24.0' spd 320.1 yaw 270.3 mode 0 st 1 gl 2 hp 84 frg 2
ARGEVT Romero route 18 start '2585.0 -1375.0  24.0' goal '1465.0 -703.0 184.0'
ARGLOG Joe Rogan t  37.5 pos '2494.9 -1684.8  24.0' spd 331.8 yaw  94.6 mode 2 st 0 gl 0 hp 44 frg 1
ARGLOG Carmack t  37.7 pos '2277.8 -70.1  24.0' spd 321.3 yaw 2 mode 2 st 0 gl 2 hp 100 frg 1
ARGEVT Carmack jump
ARGLOG Romero t  37.8 pos '2378.1 -1390.8  24.0' spd 357.3 yaw 267.0 mode 0 st 1 gl 2 hp 72 frg 2
ARGEVT Romero route 18 start '2361.0 -1407.0  24.0' goal '1465.0 -703.0 184.0'
ARGEVT Joe Rogan retreat
ARGLOG Joe Rogan t  38.0 pos '2331.2 -1703.9  24.0' spd 326.8 yaw  74.5 mode 2 st 0 gl 0 hp 32 frg 1
ARGEVT Joe Rogan hazard
ARGLOG Carmack t  38.2 pos '2360.9 -45.1  72.0' spd  60.2 yaw 357 mode 2 st 0 gl 2 hp 100 frg 1
ARGLOG Romero t  38.3 pos '2495.9 -1433.9  24.0' spd 328.9 yaw 234.2 mode 0 st 1 gl 2 hp 72 frg 2
ARGEVT Joe Rogan route 7 start '2329.0 -1727.0  24.0' goal '2361.0 -703.0  56.0'
ARGLOG Joe Rogan t  38.5 pos '2169.0 -1732.2  24.0' spd 430.6 yaw  33.3 mode 2 st 0 gl 0 hp 20 frg 1
ARGEVT Romero route 18 start '2489.0 -1471.0  24.0' goal '1465.0 -703.0 184.0'
ARGLOG Carmack t  38.7 pos '2518.0 -59.2 120.0' spd 320.3 yaw 1 mode 2 st 0 gl 2 hp 100 frg 1
ARGLOG Romero t  38.8 pos '2596.6 -1566.9  24.0' spd 325.5 yaw 199.6 mode 2 st 1 gl 2 hp 72 frg 2
ARGLOG Joe Rogan t  39.0 pos '2048.7 -1744.0   2.5' spd  35.8 yaw  14.1 mode 2 st 0 gl 0 hp 12 frg 1
ARGEVT Joe Rogan retreat
ARGEVT Joe Rogan retreat
ARGEVT Joe Rogan death world pos '2055.7 -1744.0 -35.7'
ARGLOG Carmack t  39.3 pos '2640.0 -61.2 120.0' spd   8.7 yaw 214 mode 2 st 0 gl 2 hp 100 frg 1
ARGEVT Romero route 19 start '2489.0 -1631.0  24.0' goal '1465.0 -703.0 184.0'
ARGLOG Romero t  39.4 pos '2526.3 -1726.3  24.0' spd 348.8 yaw 204.1 mode 2 st 1 gl 2 hp 71 frg 2
ARGLOG Carmack t  39.8 pos '2640.0 -58.1 120.0' spd   5.8 yaw 214 mode 2 st 0 gl 2 hp 100 frg 1
ARGLOG Romero t  39.9 pos '2364.2 -1788.2  24.0' spd 342.9 yaw 138.7 mode 0 st 1 gl 2 hp 71 frg 2
ARGEVT Romero hazard
ARGEVT Carmack stall
ARGEVT Carmack stallnode '2905.0 -47.0 -72.0'
ARGEVT Carmack jump
ARGEVT Romero route 20 start '2329.0 -1727.0  24.0' goal '1465.0 -703.0 184.0'
ARGLOG Carmack t  40.3 pos '2640.0 -58.6 154.6' spd  30.0 yaw 295.4 mode 0 st 1 gl 2 hp 100 frg 1
ARGEVT Carmack route 7 start '2585.0   1.0 120.0' goal '1465.0 -703.0 184.0'
ARGLOG Romero t  40.4 pos '2311.6 -1808.1  24.0' spd 324.7 yaw 166 mode 2 st 1 gl 2 hp 71 frg 2
ARGEVT Joe Rogan respawn
ARGEVT Joe Rogan goal weapon_rocketlauncher
ARGLOG Joe Rogan t  40.8 pos '2048.0 -1352.0 136.0' spd 0 yaw 196.3 mode 0 st 0 gl 0 hp 100 frg 0
ARGLOG Carmack t  40.8 pos '2626.3 -72.5 120.0' spd 176.6 yaw 131.3 mode 2 st 1 gl 2 hp 100 frg 1
ARGEVT Joe Rogan routefail
ARGLOG Romero t  40.9 pos '2141.6 -1833.8  24.0' spd 378.0 yaw 126.4 mode 0 st 1 gl 2 hp 71 frg 2
ARGEVT Romero hazard
ARGEVT Joe Rogan goal 
ARGEVT Joe Rogan hazard
ARGEVT Joe Rogan routefail
ARGEVT Joe Rogan goal item_armor2
ARGEVT Joe Rogan route 3 start '1945.0 -1375.0 120.0' goal '2009.0 -991.0  32.0'
ARGLOG Joe Rogan t  41.3 pos '1952.0 -1392.0 120.0' spd  28.8 yaw 345 mode 2 st 0 gl 0 hp 100 frg 0
ARGLOG Carmack t  41.3 pos '2628.0  15.7 120.0' spd 321.7 yaw 348 mode 2 st 1 gl 2 hp 100 frg 1
ARGLOG Romero t  41.4 pos '2213.5 -1808.0  24.0' spd 366.0 yaw  69.3 mode 0 st 1 gl 2 hp 71 frg 2
ARGEVT Romero route 21 start '2233.0 -1823.0  24.0' goal '1465.0 -703.0 184.0'
ARGEVT Carmack hazard
ARGLOG Joe Rogan t  41.8 pos '1968.0 -1392.0 120.0' spd 0 yaw 345 mode 2 st 0 gl 0 hp 100 frg 0
ARGLOG Carmack t  41.8 pos '2640.0 -76.1 120.0' spd  43.5 yaw 213 mode 2 st 1 gl 2 hp 100 frg 1
ARGLOG Romero t  41.9 pos '2184.8 -1812.6  24.0' spd 341.4 yaw 54 mode 2 st 1 gl 2 hp 71 frg 2
ARGEVT Romero hazard
ARGLOG Joe Rogan t  42.3 pos '2070.0 -1293.1 136.0' spd 357.0 yaw 101 mode 2 st 0 gl 0 hp 100 frg 0
ARGLOG Carmack t  42.3 pos '2640.0 -69.5 120.0' spd  11.6 yaw 214 mode 2 st 1 gl 2 hp 100 frg 1
ARGLOG Romero t  42.5 pos '2135.7 -1948.8  56.0' spd 351.5 yaw 59 mode 2 st 1 gl 2 hp 71 frg 2
ARGEVT Joe Rogan jump
ARGLOG Joe Rogan t  42.9 pos '2034.8 -1168.0 197.1' spd 116.0 yaw 98 mode 2 st 0 gl 0 hp 100 frg 0
ARGLOG Carmack t  42.9 pos '2640.0 -64.1 120.0' spd   8.7 yaw 214 mode 2 st 1 gl 2 hp 100 frg 1
ARGEVT Romero door
ARGLOG Romero t  43.0 pos '2221.4 -2033.6  88.0' spd 215.8 yaw  28.4 mode 2 st 1 gl 2 hp 71 frg 2
ARGEVT Carmack stall
ARGEVT Carmack stallnode '2905.0 -47.0 -72.0'
ARGEVT Carmack jump
ARGEVT Carmack route 7 start '2633.0 -143.0 120.0' goal '1465.0 -703.0 184.0'
ARGLOG Joe Rogan t  43.4 pos '2001.8 -1135.6 200.0' spd 306.2 yaw 87 mode 2 st 0 gl 0 hp 100 frg 0
ARGEVT Romero hazard
ARGLOG Carmack t  43.4 pos '2640.0 -71.6 154.6' spd  32.5 yaw 265 mode 2 st 2 gl 2 hp 100 frg 1
ARGLOG Romero t  43.5 pos '2224.0 -1926.0  53.9' spd 140.4 yaw 352 mode 2 st 1 gl 2 hp 71 frg 2
ARGLOG Joe Rogan t  43.9 pos '2006.6 -953.2 187.2' spd 323.3 yaw 128 mode 1 st 0 gl 0 hp 100 frg 0
ARGLOG Carmack t  43.9 pos '2640.0 -157.2 120.0' spd 346.6 yaw 22 mode 2 st 2 gl 2 hp 100 frg 1
ARGEVT Carmack hazard
ARGLOG Romero t  44.0 pos '2330.7 -1904.0  24.0' spd 325.6 yaw 345 mode 2 st 1 gl 2 hp 71 frg 2
ARGEVT Romero engage Carmack
ARGEVT Romero grab weapon_rocketlauncher
ARGLOG Joe Rogan t  44.4 pos '2000.0 -858.7  32.0' spd  30.1 yaw 265 mode 1 st 0 gl 0 hp 100 frg 0
ARGLOG Carmack t  44.4 pos '2640.0 -116.0 120.0' spd 321.8 yaw 14 mode 2 st 2 gl 2 hp 100 frg 1
ARGEVT Romero route 20 start '2361.0 -1887.0  24.0' goal '1465.0 -703.0 184.0'
ARGLOG Romero t  44.5 pos '2490.5 -1869.0  24.0' spd 351.8 yaw  76.7 mode 2 st 1 gl 2 hp 71 frg 2
ARGEVT Romero pursue
ARGEVT Joe Rogan hazard
ARGLOG Joe Rogan t  44.9 pos '2034.3 -998.9  32.0' spd 323.4 yaw 341.6 mode 1 st 0 gl 0 hp 100 frg 0
ARGLOG Carmack t  44.9 pos '2640.0   6.1 120.0' spd  15.7 yaw 216 mode 2 st 2 gl 2 hp 100 frg 1
ARGEVT Joe Rogan door
ARGLOG Romero t  45.0 pos '2552.1 -1711.1  24.0' spd 320.3 yaw  69.4 mode 2 st 1 gl 2 hp 71 frg 2
ARGLOG Joe Rogan t  45.4 pos '2091.0 -917.7  32.0' spd 381.9 yaw 146 mode 1 st 0 gl 0 hp 100 frg 0
ARGLOG Carmack t  45.4 pos '2640.0 -22.4 120.0' spd  54.9 yaw 215 mode 2 st 2 gl 2 hp 100 frg 1
ARGLOG Romero t  45.5 pos '2608.0 -1556.5  24.0' spd 299.9 yaw  69.4 mode 0 st 1 gl 2 hp 71 frg 2
ARGEVT Romero route 19 start '2489.0 -1631.0  24.0' goal '1465.0 -703.0 184.0'
ARGLOG Joe Rogan t  46.0 pos '2032.0 -840.0  32.0' spd 0 yaw 154 mode 1 st 0 gl 0 hp 100 frg 0
ARGLOG Carmack t  46.0 pos '2640.0 -32.2 120.0' spd   8.7 yaw 215 mode 2 st 2 gl 2 hp 100 frg 1
ARGLOG Romero t  46.1 pos '2623.0 -1388.6  24.0' spd 322.1 yaw  69.4 mode 2 st 1 gl 2 hp 71 frg 2
ARGEVT Romero hazard
ARGLOG Joe Rogan t  46.5 pos '2032.0 -840.0  32.0' spd 0 yaw 154 mode 1 st 0 gl 0 hp 100 frg 0
ARGLOG Carmack t  46.5 pos '2640.0 -35.6 120.0' spd   5.8 yaw 215 mode 2 st 2 gl 2 hp 100 frg 1
ARGLOG Romero t  46.6 pos '2606.5 -1352.0  24.0' spd 176.7 yaw  53.0 mode 2 st 1 gl 2 hp 71 frg 2
ARGEVT Carmack stall
ARGEVT Carmack stallnode '2905.0 -47.0 -72.0'
ARGEVT Carmack jump
ARGEVT Carmack route 7 start '2585.0   1.0 120.0' goal '1465.0 -703.0 184.0'
ARGEVT Romero route 18 start '2585.0 -1375.0  24.0' goal '1465.0 -703.0 184.0'
ARGLOG Joe Rogan t  47.0 pos '2032.0 -840.0  32.0' spd 0 yaw 154 mode 1 st 0 gl 0 hp 100 frg 0
ARGLOG Carmack t  47.0 pos '2640.0 -47.4 154.9' spd  34.0 yaw 226.2 mode 2 st 3 gl 2 hp 100 frg 1
ARGEVT Joe Rogan stall
ARGEVT Joe Rogan jump
ARGLOG Romero t  47.1 pos '2601.6 -1368.5  24.0' spd 320.1 yaw 273 mode 2 st 1 gl 2 hp 71 frg 2
ARGEVT Joe Rogan route 1 start '2073.0 -863.0  32.0' goal '2009.0 -991.0  32.0'
ARGLOG Joe Rogan t  47.5 pos '2033.3 -838.8  42.5' spd  15.4 yaw 154 mode 1 st 1 gl 0 hp 100 frg 0
ARGLOG Carmack t  47.5 pos '2583.5  -0.9 120.0' spd 362.2 yaw 352 mode 2 st 3 gl 2 hp 100 frg 1
ARGLOG Romero t  47.6 pos '2614.2 -1456.0  24.0' spd   5.7 yaw 272 mode 2 st 1 gl 2 hp 71 frg 2
ARGEVT Joe Rogan stall
ARGEVT Joe Rogan jump
ARGLOG Joe Rogan t  48.0 pos '2035.7 -842.9  64.0' spd 30 yaw 322.0 mode 0 st 2 gl 0 hp 100 frg 0
ARGLOG Carmack t  48.0 pos '2640.0 -23.3 120.0' spd 322.4 yaw 215 mode 2 st 3 gl 2 hp 100 frg 1
ARGLOG Romero t  48.1 pos '2616.1 -1456.0  24.0' spd   2.9 yaw 271 mode 2 st 1 gl 2 hp 71 frg 2
ARGEVT Carmack hazard
ARGLOG Joe Rogan t  48.5 pos '2089.6 -883.7  32.0' spd 320 yaw 322.0 mode 0 st 2 gl 0 hp 100 frg 0
ARGLOG Carmack t  48.5 pos '2631.9 -146.1 120.0' spd 219.6 yaw 211 mode 2 st 3 gl 2 hp 100 frg 1
ARGEVT Joe Rogan hazard
ARGEVT Romero stall
ARGEVT Romero stallnode '2457.0 -1311.0  24.0'
ARGEVT Romero jump
ARGLOG Romero t  48.6 pos '2617.6 -1456.0  36.1' spd   2.8 yaw 271 mode 0 st 2 gl 2 hp 71 frg 2
ARGEVT Romero route 18 start '2585.0 -1375.0  24.0' goal '1465.0 -703.0 184.0'
ARGLOG Joe Rogan t  49.1 pos '2104.0 -953.7  32.0' spd 320.4 yaw 273.9 mode 0 st 2 gl 0 hp 100 frg 0
ARGLOG Carmack t  49.1 pos '2640.0 -222.8 120.0' spd 138.8 yaw 209 mode 2 st 3 gl 2 hp 100 frg 1
ARGLOG Romero t  49.2 pos '2620.5 -1456.0  35.7' spd   8.1 yaw 271 mode 2 st 2 gl 2 hp 71 frg 2
ARGEVT Carmack hazard
ARGEVT Joe Rogan goal weapon_nailgun
ARGEVT Romero stall
ARGEVT Romero stallnode '2457.0 -1311.0  24.0'
ARGEVT Romero jump
ARGEVT Joe Rogan routefail
ARGEVT Joe Rogan goal weapon_rocketlauncher
ARGEVT Joe Rogan routefail
ARGLOG Joe Rogan t  49.6 pos '2068.4 -894.3  32.0' spd 340.5 yaw 147 mode 0 st 2 gl 0 hp 100 frg 0
ARGLOG Carmack t  49.6 pos '2635.9 -235.0 120.0' spd 321.9 yaw 120.6 mode 0 st 3 gl 2 hp 100 frg 1
ARGEVT Carmack route 7 start '2633.0 -143.0 120.0' goal '1465.0 -703.0 184.0'
ARGLOG Romero t  49.7 pos '2615.1 -1449.1  61.9' spd  30.1 yaw 136.6 mode 0 st 3 gl 2 hp 71 frg 2
ARGEVT Joe Rogan goal item_health
ARGEVT Joe Rogan routefail
ARGEVT Joe Rogan hazard
ARGEVT Joe Rogan goal item_health
ARGEVT Joe Rogan routefail
ARGLOG Joe Rogan t  50.1 pos '2000.0 -878.7  32.0' spd  37.4 yaw 175.4 mode 0 st 2 gl 0 hp 100 frg 0
ARGLOG Carmack t  50.1 pos '2627.3 -65.0 120.0' spd 378.3 yaw 214 mode 2 st 3 gl 2 hp 100 frg 1
ARGEVT Joe Rogan trapped
ARGEVT Joe Rogan death Joe Rogan pos '2000.0 -878.8  32.0'
ARGLOG Romero t  50.2 pos '2567.2 -1402.1  24.0' spd 320.0 yaw 136.6 mode 0 st 3 gl 2 hp 71 frg 2
ARGLOG Carmack t  50.6 pos '2640.0 -18.4 120.0' spd  17.4 yaw 215 mode 2 st 3 gl 2 hp 100 frg 1
ARGLOG Romero t  50.7 pos '2455.2 -1296.9  24.0' spd 105.0 yaw 302.1 mode 0 st 3 gl 2 hp 96 frg 2
ARGEVT Romero goal item_armorInv
ARGEVT Romero route 4 start '2457.0 -1311.0  24.0' goal '2361.0 -703.0  56.0'
ARGEVT Romero abandon
ARGEVT Romero goal item_health
ARGLOG Carmack t  51.1 pos '2640.0 -25.8 120.0' spd  11.6 yaw 215 mode 2 st 3 gl 2 hp 100 frg 1
ARGEVT Romero routefail
ARGLOG Romero t  51.2 pos '2533.8 -1325.4  24.0' spd 331.6 yaw   7.8 mode 0 st 3 gl 2 hp 96 frg 2
ARGEVT Romero goal item_health
ARGEVT Romero hazard
ARGEVT Romero route 17 start '2585.0 -1375.0  24.0' goal '2073.0 -991.0 344.0'
ARGEVT Carmack stall
ARGEVT Carmack stallnode '2905.0 -47.0 -72.0'
ARGLOG Carmack t  51.6 pos '2640.0 -30.9 120.0' spd   8.5 yaw 386.6 mode 0 st 4 gl 2 hp 100 frg 1
ARGEVT Carmack jump
ARGEVT Joe Rogan respawn
ARGEVT Joe Rogan goal item_armor2
ARGLOG Joe Rogan t  51.7 pos '2248.0 -16.0 -136.0' spd 0 yaw 359 mode 0 st 2 gl 0 hp 100 frg -1
ARGLOG Romero t  51.7 pos '2558.0 -1305.4  24.0' spd 333.5 yaw 95 mode 2 st 3 gl 2 hp 96 frg 2
ARGEVT Joe Rogan route 2 start '2233.0 -31.0 -136.0' goal '2777.0   1.0 -72.0'
ARGEVT Carmack route 7 start '2585.0   1.0 120.0' goal '1465.0 -703.0 184.0'
ARGLOG Carmack t  52.2 pos '2639.2 -46.9 142.0' spd  43.9 yaw 191.9 mode 2 st 4 gl 2 hp 100 frg 1
ARGLOG Joe Rogan t  52.3 pos '2403.8 -22.3 -72.0' spd 321.3 yaw 359 mode 0 st 2 gl 0 hp 100 frg -1
ARGLOG Romero t  52.3 pos '2455.0 -1168.2  24.0' spd 329.0 yaw 76 mode 2 st 3 gl 2 hp 96 frg 2
ARGEVT Joe Rogan route 1 start '2489.0 -31.0 -72.0' goal '2777.0   1.0 -72.0'
ARGEVT Romero lift
ARGEVT Romero board
ARGLOG Carmack t  52.7 pos '2575.9  16.0 120.0' spd   1.5 yaw 350 mode 2 st 4 gl 2 hp 100 frg 1
ARGLOG Joe Rogan t  52.8 pos '2569.7 -20.6 -64.0' spd 320.1 yaw 5 mode 2 st 2 gl 0 hp 100 frg -1
ARGLOG Romero t  52.8 pos '2472.2 -986.4  39.7' spd 0 yaw 117 mode 2 st 3 gl 2 hp 96 frg 2
ARGEVT Carmack abandon
ARGEVT Carmack goal item_armor2
ARGEVT Carmack route 2 start '2585.0   1.0 120.0' goal '2777.0   1.0 -72.0'
ARGLOG Carmack t  53.2 pos '2640.0 -56.6 120.0' spd 329.4 yaw 270.6 mode 2 st 4 gl 2 hp 100 frg 1
ARGEVT Romero door
ARGLOG Joe Rogan t  53.3 pos '2688.0  -9.2 -72.0' spd  13.6 yaw 349 mode 1 st 2 gl 0 hp 100 frg -1
ARGLOG Romero t  53.3 pos '2516.9 -912.0 116.8' spd 120.9 yaw  29.0 mode 2 st 3 gl 2 hp 96 frg 2
ARGEVT Joe Rogan door
ARGEVT Joe Rogan hazard
ARGLOG Carmack t  53.7 pos '2523.8 -163.2 120.0' spd 422.7 yaw 38 mode 2 st 4 gl 2 hp 100 frg 1
ARGLOG Joe Rogan t  53.8 pos '2603.4 -80.0 -72.0' spd 336.1 yaw 184.5 mode 1 st 2 gl 0 hp 100 frg -1
ARGLOG Romero t  53.8 pos '2521.9 -912.0 120.0' spd 0 yaw 266 mode 2 st 3 gl 2 hp 96 frg 2
ARGLOG Carmack t  54.2 pos '2446.5 -112.0  56.0' spd 213.6 yaw 13 mode 2 st 4 gl 2 hp 100 frg 1
ARGEVT Carmack hazard
ARGLOG Joe Rogan t  54.3 pos '2452.1 -75.1 -72.0' spd 320 yaw 179.0 mode 1 st 2 gl 0 hp 100 frg -1
ARGLOG Romero t  54.3 pos '2521.9 -912.0 120.0' spd 0 yaw 127 mode 2 st 3 gl 2 hp 96 frg 2
ARGEVT Romero door
ARGEVT Romero stall
ARGEVT Romero stallnode '2393.0 -831.0 120.0'
ARGEVT Romero jump
ARGEVT Romero route 14 start '2521.0 -895.0 120.0' goal '2073.0 -991.0 344.0'
ARGLOG Carmack t  54.7 pos '2480.0 -112.0  56.0' spd 0 yaw 16 mode 2 st 4 gl 2 hp 100 frg 1
ARGLOG Joe Rogan t  54.8 pos '2284.8 -74.8 -136.0' spd 344.5 yaw 228.6 mode 1 st 2 gl 0 hp 100 frg -1
ARGLOG Romero t  54.8 pos '2487.8 -991.1 149.2' spd 170.1 yaw 120 mode 2 st 4 gl 2 hp 96 frg 2
ARGEVT Joe Rogan hazard
ARGLOG Carmack t  55.3 pos '2480.0 -112.0  56.0' spd 0 yaw 16 mode 2 st 4 gl 2 hp 100 frg 1
ARGLOG Joe Rogan t  55.4 pos '2189.7 -196.2 -108.5' spd 170.0 yaw 332 mode 1 st 2 gl 0 hp 100 frg -1
ARGLOG Romero t  55.4 pos '2488.0 -910.0 120.0' spd 340.0 yaw 121 mode 2 st 4 gl 2 hp 96 frg 2
ARGEVT Romero hazard
ARGLOG Carmack t  55.8 pos '2480.0 -112.0  56.0' spd 0 yaw 16 mode 2 st 4 gl 2 hp 100 frg 1
ARGLOG Joe Rogan t  55.9 pos '2285.4 -142.7 -136.0' spd 261.0 yaw 331.7 mode 1 st 2 gl 0 hp 100 frg -1
ARGLOG Romero t  55.9 pos '2459.0 -789.9 120.0' spd 333.6 yaw 138 mode 2 st 4 gl 2 hp 96 frg 2
ARGEVT Carmack stall
ARGEVT Carmack stallnode '2585.0   1.0 120.0'
ARGEVT Carmack jump
ARGEVT Carmack route 2 start '2457.0 -63.0 120.0' goal '2777.0   1.0 -72.0'
ARGLOG Carmack t  56.3 pos '2478.0 -112.0  94.8' spd  21.9 yaw 16 mode 2 st 5 gl 2 hp 100 frg 1
ARGLOG Joe Rogan t  56.4 pos '2248.8 -208.0 -136.0' spd 313.8 yaw 184.4 mode 1 st 2 gl 0 hp 100 frg -1
ARGLOG Romero t  56.4 pos '2352.0 -836.6  87.8' spd  31.8 yaw 82 mode 2 st 4 gl 2 hp 96 frg 2
ARGEVT Joe Rogan hazard
ARGEVT Carmack jump
ARGLOG Carmack t  56.8 pos '2451.9 -112.0  85.2' spd  58.2 yaw 13 mode 2 st 5 gl 2 hp 100 frg 1
ARGEVT Romero abandon
ARGLOG Joe Rogan t  56.9 pos '2272.0 -212.7 -134.1' spd  29.8 yaw 350.5 mode 1 st 2 gl 0 hp 100 frg -1
ARGLOG Romero t  56.9 pos '2354.0 -733.5  56.0' spd 155.9 yaw  70.5 mode 0 st 4 gl 2 hp 96 frg 2
ARGEVT Romero goal weapon_rocketlauncher
ARGEVT Romero route 13 start '2361.0 -703.0  56.0' goal '1465.0 -703.0 184.0'
ARGLOG Carmack t  57.3 pos '2450.2 -112.1  56.0' spd  32.4 yaw 319.8 mode 2 st 5 gl 2 hp 100 frg 1
ARGLOG Joe Rogan t  57.4 pos '2288.0 -102.9 -136.0' spd 302.3 yaw 350.5 mode 1 st 2 gl 0 hp 100 frg -1
ARGLOG Romero t  57.4 pos '2458.8 -614.4  56.0' spd 416.5 yaw 132 mode 2 st 4 gl 2 hp 96 frg 2
ARGEVT Romero hazard
ARGEVT Carmack hazard
ARGLOG Carmack t  57.8 pos '2526.7 -238.8  32.0' spd  82.0 yaw 55 mode 2 st 5 gl 2 hp 100 frg 1
ARGLOG Joe Rogan t  57.9 pos '2361.1 -72.2 -88.0' spd 320.0 yaw 5 mode 1 st 2 gl 0 hp 100 frg -1
ARGLOG Romero t  57.9 pos '2511.9 -686.2  56.0' spd 321.2 yaw  71.2 mode 2 st 4 gl 2 hp 96 frg 2
ARGEVT Carmack engage Romero
ARGLOG Carmack t  58.4 pos '2360.3 -232.2  24.0' spd 386.1 yaw 264.6 mode 2 st 5 gl 2 hp 100 frg 1
ARGLOG Joe Rogan t  58.5 pos '2525.9 -57.8 -64.0' spd 320.0 yaw 5 mode 1 st 2 gl 0 hp 100 frg -1
ARGEVT Romero engage Carmack
ARGLOG Romero t  58.5 pos '2413.7 -579.9  56.0' spd 375.9 yaw 114.3 mode 2 st 4 gl 2 hp 96 frg 2
ARGEVT Joe Rogan hazard
ARGLOG Carmack t  58.9 pos '2452.8 -240.0  24.0' spd 322.3 yaw 288.1 mode 2 st 5 gl 2 hp 100 frg 1
ARGLOG Joe Rogan t  59.0 pos '2688.0 -68.2 -72.0' spd  70.8 yaw 332.4 mode 1 st 2 gl 0 hp 100 frg -1
ARGLOG Romero t  59.0 pos '2448.0 -528.4  56.0' spd  68.2 yaw  80.2 mode 2 st 4 gl 2 hp 96 frg 2
ARGEVT Romero pursue
ARGLOG Carmack t  59.4 pos '2535.6 -235.9  32.0' spd 295.1 yaw  37.9 mode 2 st 5 gl 2 hp 100 frg 1
ARGLOG Joe Rogan t  59.5 pos '2753.8 -65.5 -72.0' spd 320.3 yaw 332.7 mode 1 st 2 gl 0 hp 100 frg -1
ARGLOG Romero t  59.5 pos '2504.2 -462.5   8.0' spd 320.0 yaw 103 mode 2 st 4 gl 2 hp 96 frg 2
ARGEVT Carmack hazard
ARGEVT Carmack pursue
ARGLOG Carmack t  59.9 pos '2576.0 -195.4  32.0' spd 320.0 yaw 253.7 mode 2 st 5 gl 2 hp 100 frg 1
ARGEVT Romero hazard
ARGLOG Joe Rogan t  60.0 pos '1327.1 -1024.0 352.0' spd 300 yaw 33 mode 1 st 2 gl 0 hp 100 frg -1
ARGLOG Romero t  60.0 pos '2455.4 -308.9   8.0' spd 345.9 yaw 154.2 mode 0 st 4 gl 2 hp 96 frg 2
ARGEVT Romero route 12 start '2489.0 -319.0   8.0' goal '1465.0 -703.0 184.0'
ARGEVT Joe Rogan hazard
ARGLOG Carmack t  60.4 pos '2438.8 -213.8  24.0' spd 327.4 yaw 175.4 mode 2 st 5 gl 2 hp 100 frg 1
ARGLOG Joe Rogan t  60.5 pos '1416.2 -976.0 344.0' spd  77.3 yaw 100.6 mode 1 st 2 gl 0 hp 100 frg -1
ARGLOG Romero t  60.5 pos '2316.8 -322.1   8.0' spd 181.9 yaw  56.6 mode 2 st 4 gl 2 hp 96 frg 2
ARGLOG Carmack t  60.9 pos '2334.2 -229.6  24.0' spd 356.6 yaw 325.1 mode 2 st 5 gl 2 hp 100 frg 1
ARGLOG Joe Rogan t  61.0 pos '1330.9 -873.4 344.0' spd 337.7 yaw 101.4 mode 1 st 2 gl 0 hp 100 frg -1
ARGLOG Romero t  61.0 pos '2465.0 -380.4   8.0' spd 362.7 yaw 126.7 mode 2 st 4 gl 2 hp 95 frg 2
ARGUS routecache adopt
ARGEVT Romero route 12 start '2489.0 -319.0   8.0' goal '1465.0 -703.0 184.0'
ARGEVT Carmack pursue
ARGLOG Carmack t  61.5 pos '2428.0 -148.0  24.0' spd 289.0 yaw 286.0 mode 2 st 5 gl 2 hp 100 frg 1
ARGLOG Joe Rogan t  61.6 pos '1370.6 -708.5 344.0' spd 320.8 yaw  58.0 mode 1 st 2 gl 0 hp 100 frg -1
ARGEVT Joe Rogan hazard
ARGLOG Romero t  61.6 pos '2518.7 -327.0  24.0' spd 320.0 yaw 115.5 mode 2 st 4 gl 2 hp 95 frg 2
ARGEVT Romero pursue
ARGEVT Carmack hazard
ARGLOG Carmack t  62.0 pos '2436.5 -218.5  24.0' spd 270.2 yaw 244.7 mode 2 st 5 gl 2 hp 100 frg 1
ARGLOG Joe Rogan t  62.1 pos '1300.5 -515.6 248.8' spd 372.1 yaw 17 mode 1 st 2 gl 0 hp 100 frg -1
ARGLOG Romero t  62.1 pos '2369.1 -349.2   8.0' spd 340.3 yaw  72.6 mode 2 st 4 gl 2 hp 95 frg 2
ARGEVT Carmack pursue
ARGLOG Carmack t  62.5 pos '2282.3 -189.7  24.0' spd 280.2 yaw 299 mode 2 st 5 gl 2 hp 100 frg 1
ARGLOG Joe Rogan t  62.6 pos '1360.0 -409.4 184.0' spd 281.6 yaw  15.7 mode 1 st 2 gl 0 hp 100 frg -1
ARGLOG Romero t  62.6 pos '2498.5 -324.7   8.0' spd 355.4 yaw 149.2 mode 2 st 4 gl 2 hp 95 frg 2
ARGEVT Romero pursue
ARGEVT Carmack hazard
ARGLOG Carmack t  63.0 pos '2301.1 -208.2  24.0' spd 320.1 yaw  25.4 mode 2 st 5 gl 2 hp 100 frg 1
ARGLOG Joe Rogan t  63.1 pos '1506.2 -336.0 184.0' spd 324.8 yaw 13 mode 1 st 2 gl 0 hp 100 frg -1
ARGLOG Romero t  63.1 pos '2404.2 -304.0   8.0' spd 324.7 yaw 143.3 mode 2 st 4 gl 2 hp 95 frg 2
ARGLOG Carmack t  63.5 pos '2448.7 -212.5  24.0' spd 345.8 yaw 236.0 mode 2 st 5 gl 2 hp 100 frg 1
ARGLOG Joe Rogan t  63.6 pos '1674.3 -336.0 184.0' spd 325.7 yaw 15 mode 1 st 2 gl 0 hp 100 frg -1
ARGLOG Romero t  63.6 pos '2310.2 -354.6   8.0' spd 325.5 yaw  38.1 mode 2 st 4 gl 2 hp 95 frg 2
ARGEVT Carmack pursue
ARGEVT Romero pursue
ARGLOG Carmack t  64.0 pos '2351.5 -231.6  24.0' spd 355.4 yaw 301.4 mode 2 st 5 gl 2 hp 100 frg 1
ARGLOG Joe Rogan t  64.1 pos '1842.9 -336.0 184.0' spd 322.9 yaw 353.4 mode 1 st 2 gl 0 hp 100 frg -1
ARGLOG Romero t  64.1 pos '2405.8 -340.2   8.0' spd 320.1 yaw 121.1 mode 2 st 4 gl 2 hp 95 frg 2
ARGEVT Joe Rogan hazard
ARGEVT Carmack weapon sg
ARGLOG Carmack t  64.6 pos '2212.6 -250.4  24.0' spd 130.9 yaw 299.5 mode 2 st 5 gl 2 hp 76 frg 1
ARGLOG Joe Rogan t  64.7 pos '1873.4 -502.8 177.8' spd 321.5 yaw 310.0 mode 1 st 2 gl 0 hp 100 frg -1
ARGLOG Romero t  64.7 pos '2297.4 -473.6   8.0' spd 381.8 yaw 110.7 mode 2 st 4 gl 2 hp 91 frg 2
ARGEVT Carmack grab item_health
ARGLOG Carmack t  65.1 pos '2375.3 -238.7  24.0' spd 343.7 yaw 228.1 mode 2 st 5 gl 2 hp 76 frg 1
ARGEVT Romero hazard
ARGLOG Joe Rogan t  65.2 pos '1904.4 -546.1  88.0' spd 306.8 yaw 34 mode 1 st 2 gl 0 hp 100 frg -1
ARGEVT Romero pursue
ARGLOG Romero t  65.2 pos '2137.2 -465.1   8.0' spd 349.1 yaw 61 mode 2 st 4 gl 2 hp 91 frg 2
ARGEVT Carmack pursue
ARGLOG Carmack t  65.6 pos '2358.8 -240.0  24.0' spd 283.9 yaw 247 mode 2 st 5 gl 2 hp 76 frg 1
ARGEVT Carmack hazard
ARGLOG Joe Rogan t  65.7 pos '2043.6 -455.4 104.0' spd 320.0 yaw  51.3 mode 1 st 2 gl 0 hp 100 frg -1
ARGLOG Romero t  65.7 pos '2199.0 -306.2  24.0' spd 322.6 yaw 48 mode 2 st 4 gl 2 hp 91 frg 2
ARGEVT Joe Rogan hazard
ARGLOG Carmack t  66.1 pos '2410.4 -196.7  24.0' spd 326.8 yaw 186.0 mode 2 st 5 gl 2 hp 52 frg 1
ARGLOG Joe Rogan t  66.2 pos '2064.0 -295.2  82.8' spd 323.4 yaw 79 mode 1 st 2 gl 0 hp 100 frg -1
ARGLOG Romero t  66.2 pos '2152.4 -188.3  24.0' spd 344.3 yaw   3.9 mode 2 st 4 gl 2 hp 87 frg 2
ARGEVT Joe Rogan engage Romero
ARGEVT Romero grab item_health
ARGLOG Carmack t  66.6 pos '2568.5 -215.0  32.0' spd 218.4 yaw 164.3 mode 2 st 5 gl 2 hp 52 frg 1
ARGEVT Carmack hazard
ARGLOG Joe Rogan t  66.7 pos '1998.0 -170.7  24.0' spd 320.4 yaw  66.1 mode 1 st 2 gl 0 hp 100 frg -1
ARGLOG Romero t  66.7 pos '2051.6 -52.8  24.0' spd 398.3 yaw 347.0 mode 2 st 4 gl 2 hp 79 frg 2
ARGEVT Carmack grab item_health
ARGEVT Carmack pursue
ARGEVT Romero route 10 start '2041.0   1.0  24.0' goal '1465.0 -703.0 184.0'
ARGEVT Romero pursue
ARGLOG Carmack t  67.1 pos '2530.2 -177.4  32.0' spd 166.2 yaw 166 mode 2 st 5 gl 2 hp 52 frg 1
ARGLOG Joe Rogan t  67.2 pos '1965.1 -156.5  24.0' spd 320.6 yaw  62.4 mode 1 st 2 gl 0 hp 100 frg -1
ARGLOG Romero t  67.2 pos '2045.2 -13.7  24.0' spd 409.6 yaw 341 mode 2 st 4 gl 2 hp 96 frg 2
ARGLOG Carmack t  67.7 pos '2370.0 -144.0  24.0' spd 310.5 yaw 164 mode 2 st 5 gl 2 hp 52 frg 1
ARGLOG Joe Rogan t  67.8 pos '2122.4 -206.7  24.0' spd 320.0 yaw  59.7 mode 1 st 2 gl 0 hp 100 frg -1
ARGLOG Romero t  67.8 pos '2213.1 -37.3  24.0' spd 399.8 yaw 336 mode 2 st 4 gl 2 hp 92 frg 2
ARGLOG Carmack t  68.2 pos '2363.0 -152.7  24.0' spd 320.2 yaw 115.0 mode 2 st 5 gl 2 hp 52 frg 1
ARGLOG Joe Rogan t  68.3 pos '2096.5 -135.8  24.0' spd 322.0 yaw  37.3 mode 1 st 2 gl 0 hp 100 frg -1
ARGLOG Romero t  68.3 pos '2288.0  16.0  24.0' spd 192.0 yaw 300.0 mode 2 st 4 gl 2 hp 84 frg 2
ARGEVT Carmack grab item_health
ARGEVT Romero pursue
ARGEVT Carmack pursue
ARGLOG Carmack t  68.7 pos '2538.2 -178.0  32.0' spd 360.5 yaw 142 mode 2 st 5 gl 2 hp 52 frg 1
ARGLOG Joe Rogan t  68.8 pos '2040.4 -13.1  24.0' spd  84.9 yaw   1.7 mode 1 st 2 gl 0 hp 100 frg -1
ARGLOG Romero t  68.8 pos '2301.0  -3.3  40.0' spd 424.7 yaw 303 mode 2 st 4 gl 2 hp 80 frg 2
ARGEVT Romero jump
ARGEVT Carmack retreat
ARGLOG Carmack t  69.2 pos '2523.0 -189.7  32.0' spd 329.9 yaw 142.8 mode 2 st 5 gl 2 hp 32 frg 1
ARGLOG Joe Rogan t  69.3 pos '2085.1 -168.2  24.0' spd 323.2 yaw  22.3 mode 1 st 2 gl 0 hp 100 frg -1
ARGLOG Romero t  69.3 pos '2347.0 -57.0  71.3' spd 265.9 yaw 324.4 mode 2 st 4 gl 2 hp 65 frg 2
ARGEVT Carmack hazard
ARGEVT Romero grab item_health
ARGEVT Romero jump
ARGLOG Carmack t  69.7 pos '2569.3 -198.8  32.0' spd 134.9 yaw 137.6 mode 2 st 5 gl 2 hp 12 frg 1
ARGLOG Joe Rogan t  69.8 pos '2198.2 -279.4  24.0' spd 321.1 yaw  44.5 mode 1 st 2 gl 0 hp 100 frg -1
ARGLOG Romero t  69.8 pos '2416.0 -60.8 117.0' spd 138.3 yaw 314.3 mode 2 st 4 gl 2 hp 17 frg 2
ARGEVT Romero grab item_health
ARGEVT Joe Rogan pursue
ARGLOG Carmack t  70.2 pos '2440.5 -239.1  24.0' spd 324.4 yaw  76.4 mode 2 st 5 gl 2 hp 12 frg 1
ARGLOG Joe Rogan t  70.3 pos '2342.0 -333.7   8.0' spd 339.0 yaw 74 mode 1 st 2 gl 0 hp 100 frg -1
ARGLOG Romero t  70.3 pos '2487.3 -34.2 120.0' spd 159.8 yaw 252.5 mode 2 st 4 gl 2 hp 5 frg 2
ARGEVT Carmack grab item_health
ARGEVT Joe Rogan hazard
ARGEVT Romero hazard
ARGEVT Romero death Carmack pos '2506.7 -75.5 120.0'
ARGEVT Carmack goal item_health
ARGLOG Carmack t  70.8 pos '2457.2 -167.2  24.0' spd 345.2 yaw  80.2 mode 1 st 5 gl 2 hp 12 frg 2
ARGLOG Joe Rogan t  70.9 pos '2384.0 -304.0   8.0' spd  32.2 yaw 80 mode 1 st 2 gl 0 hp 100 frg -1
ARGLOG Carmack t  71.3 pos '2452.1 -144.0  24.0' spd 108.1 yaw 92 mode 1 st 5 gl 2 hp 12 frg 2
ARGLOG Joe Rogan t  71.4 pos '2398.6 -304.0   8.0' spd  31.1 yaw 89 mode 1 st 2 gl 0 hp 100 frg -1
ARGEVT Joe Rogan abandon
ARGEVT Joe Rogan plan powerup via weapon
ARGEVT Joe Rogan goal weapon_rocketlauncher
ARGLOG Carmack t  71.8 pos '2444.6 -144.0  24.0' spd   8.5 yaw 88 mode 1 st 5 gl 2 hp 12 frg 2
ARGEVT Joe Rogan route 11 start '2329.0 -351.0   8.0' goal '1465.0 -703.0 184.0'
ARGLOG Joe Rogan t  71.9 pos '2400.4 -304.0   8.0' spd 0 yaw 90 mode 2 st 2 gl 0 hp 100 frg -1
ARGEVT Romero respawn
ARGEVT Carmack engage Romero
ARGEVT Carmack retreat
ARGEVT Romero goal 
ARGEVT Romero engage Carmack
ARGEVT Romero grab 
ARGLOG Romero t  72.1 pos '2560.0 -192.0  32.0' spd 0 yaw 154.8 mode 0 st 4 gl 2 hp 100 frg 2
ARGEVT Romero route 4 start '2521.0 -191.0  32.0' goal '2457.0 -63.0 120.0'
ARGEVT Joe Rogan engage Romero
ARGLOG Carmack t  72.3 pos '2390.0 -144.0  24.0' spd 334.4 yaw 356.4 mode 1 st 5 gl 2 hp 12 frg 2
ARGEVT Romero hazard
ARGLOG Joe Rogan t  72.4 pos '2399.1 -309.2   8.0' spd 119.3 yaw  42.5 mode 2 st 2 gl 0 hp 100 frg -1
ARGLOG Romero t  72.7 pos '2562.7 -181.8  32.0' spd 151.6 yaw 169.6 mode 2 st 4 gl 2 hp 76 frg 2
ARGEVT Carmack death Romero pos '2256.4 -147.0  24.0'
ARGEVT Joe Rogan pursue
ARGEVT Romero goal item_armorInv
ARGEVT Romero routefail
ARGLOG Joe Rogan t  72.9 pos '2531.8 -351.3  24.0' spd 365.9 yaw 81 mode 0 st 2 gl 0 hp 100 frg -1
ARGEVT Romero goal 
ARGUS routecache adopt
ARGEVT Romero route 4 start '2521.0 -191.0  32.0' goal '2457.0 -63.0 120.0'
ARGEVT Joe Rogan hazard
ARGEVT Joe Rogan route 12 start '2489.0 -319.0   8.0' goal '1465.0 -703.0 184.0'
ARGLOG Romero t  73.2 pos '2515.3 -232.2  32.0' spd 386.3 yaw 207.8 mode 2 st 4 gl 2 hp 76 frg 3
ARGLOG Joe Rogan t  73.4 pos '2551.6 -308.0  24.0' spd 321.0 yaw 191 mode 2 st 2 gl 0 hp 100 frg -1
ARGEVT Romero engage Joe Rogan
ARGLOG Romero t  73.7 pos '2364.9 -191.1  24.0' spd 244.1 yaw  24.4 mode 2 st 4 gl 2 hp 76 frg 3
ARGLOG Joe Rogan t  74.0 pos '2388.1 -339.7   8.0' spd 336.2 yaw  75.8 mode 2 st 2 gl 0 hp 100 frg -1
ARGEVT Joe Rogan pursue
ARGEVT Joe Rogan hazard
ARGEVT Romero grab item_health
ARGLOG Romero t  74.2 pos '2510.9 -175.3  24.0' spd 324.0 yaw 216.0 mode 0 st 4 gl 2 hp 68 frg 3
ARGEVT Carmack respawn
ARGEVT Carmack goal 
ARGLOG Carmack t  74.3 pos '2544.0 -32.0 -64.0' spd 0 yaw 196.6 mode 0 st 5 gl 2 hp 100 frg 2
ARGEVT Carmack route 12 start '2489.0 -31.0 -72.0' goal '2361.0 -159.0  24.0'
ARGEVT Romero route 4 start '2521.0 -191.0  32.0' goal '2457.0 -63.0 120.0'
ARGLOG Joe Rogan t  74.5 pos '2393.3 -304.0   8.0' spd 207.0 yaw 104 mode 2 st 2 gl 0 hp 100 frg -1
ARGEVT Romero pursue
ARGEVT Carmack hazard
ARGLOG Romero t  74.7 pos '2480.2 -225.0  24.0' spd 328.7 yaw 211 mode 2 st 4 gl 2 hp 68 frg 3
ARGEVT Joe Rogan grab 
ARGLOG Carmack t  74.8 pos '2433.9 -78.8 -72.0' spd  93.4 yaw 3 mode 2 st 5 gl 2 hp 100 frg 2
ARGEVT Romero grab 
ARGLOG Joe Rogan t  75.0 pos '2422.8 -304.0   8.0' spd 141.8 yaw 107.7 mode 2 st 2 gl 0 hp 100 frg -1
ARGLOG Romero t  75.2 pos '2327.9 -182.0  24.0' spd 329.0 yaw 298.4 mode 2 st 4 gl 2 hp 68 frg 3
ARGEVT Carmack goal 
ARGLOG Carmack t  75.3 pos '2595.9 -75.7 -72.0' spd 342.7 yaw 316.4 mode 0 st 5 gl 2 hp 100 frg 2
ARGEVT Carmack jump
ARGEVT Carmack route 13 start '2649.0 -63.0 -72.0' goal '2457.0 -63.0 120.0'
ARGLOG Joe Rogan t  75.5 pos '2417.7 -304.0   8.0' spd 324.7 yaw 113.0 mode 2 st 2 gl 0 hp 100 frg -1
ARGEVT Joe Rogan pursue
ARGEVT Romero pursue
ARGLOG Romero t  75.8 pos '2424.4 -167.7  24.0' spd 345.4 yaw 258 mode 1 st 4 gl 2 hp 68 frg 3
ARGEVT Joe Rogan hazard
ARGLOG Carmack t  75.9 pos '2681.9 -80.0 -50.0' spd  31.0 yaw 191 mode 2 st 5 gl 2 hp 100 frg 2
ARGEVT Romero grab item_health
ARGLOG Joe Rogan t  76.0 pos '2301.1 -308.7   8.0' spd 371.9 yaw 148.3 mode 2 st 2 gl 0 hp 100 frg -1
ARGEVT Carmack hazard
ARGEVT Romero pursue
ARGLOG Romero t  76.3 pos '2564.8 -207.6  32.0' spd 366.9 yaw 204 mode 1 st 4 gl 2 hp 68 frg 3
ARGLOG Carmack t  76.4 pos '2600.5 -80.0 -72.0' spd 100.7 yaw 214 mode 2 st 5 gl 2 hp 100 frg 2
ARGLOG Joe Rogan t  76.5 pos '2170.6 -201.3  24.0' spd 444.8 yaw 358.8 mode 2 st 2 gl 0 hp 91 frg -1
ARGLOG Romero t  76.8 pos '2541.1 -210.4  32.0' spd 172.5 yaw 160.9 mode 1 st 4 gl 2 hp 68 frg 3
ARGLOG Carmack t  76.9 pos '2688.0 -69.7 -72.0' spd  18.4 yaw 213 mode 2 st 5 gl 2 hp 100 frg 2
ARGLOG Joe Rogan t  77.0 pos '2162.6 -24.0  24.0' spd 329.5 yaw 336.5 mode 2 st 2 gl 0 hp 91 frg -1
ARGEVT Carmack door
ARGEVT Carmack hazard
ARGLOG Romero t  77.3 pos '2549.4 -206.6  32.0' spd  28.4 yaw 149.0 mode 1 st 4 gl 2 hp 68 frg 3
ARGLOG Carmack t  77.4 pos '2657.6 -71.2 -72.0' spd 334.9 yaw 216.2 mode 2 st 5 gl 2 hp 100 frg 2
ARGLOG Joe Rogan t  77.6 pos '2163.0 -54.2  24.0' spd 320.5 yaw 335.9 mode 2 st 2 gl 0 hp 91 frg -1
ARGEVT Romero hazard
ARGLOG Romero t  77.8 pos '2556.3 -168.6  32.0' spd 321.7 yaw 178.2 mode 1 st 4 gl 2 hp 64 frg 3
ARGLOG Carmack t  77.9 pos '2592.0 -80.0 -72.0' spd 0 yaw 205 mode 2 st 5 gl 2 hp 100 frg 2
ARGEVT Romero grab 
ARGLOG Joe Rogan t  78.1 pos '2145.1 -218.0  24.0' spd 363.3 yaw   0.1 mode 2 st 2 gl 0 hp 83 frg -1
ARGLOG Romero t  78.3 pos '2570.6 -173.6  32.0' spd 149.6 yaw 199.0 mode 1 st 4 gl 2 hp 48 frg 3
ARGEVT Carmack stall
ARGEVT Carmack stallnode '2905.0 -47.0 -72.0'
ARGLOG Carmack t  78.4 pos '2592.0 -80.0 -72.0' spd 0 yaw 378.7 mode 0 st 6 gl 2 hp 100 frg 2
ARGEVT Carmack jump
ARGLOG Joe Rogan t  78.6 pos '2171.0 -386.9   8.0' spd 327.0 yaw  34.5 mode 0 st 2 gl 0 hp 83 frg -1
ARGEVT Romero jump
ARGEVT Romero pursue
ARGUS routecache adopt
ARGEVT Carmack route 13 start '2649.0 -63.0 -72.0' goal '2457.0 -63.0 120.0'
ARGEVT Joe Rogan route 10 start '2169.0 -351.0  24.0' goal '1465.0 -703.0 184.0'
ARGEVT Joe Rogan pursue
ARGLOG Romero t  78.8 pos '2499.3 -144.0  35.5' spd 180.5 yaw 203 mode 1 st 4 gl 2 hp 48 frg 3
ARGLOG Carmack t  79.0 pos '2577.5 -80.0 -49.1' spd  33.3 yaw 206 mode 2 st 6 gl 2 hp 100 frg 2
ARGLOG Joe Rogan t  79.1 pos '2319.8 -390.7   8.0' spd 327.6 yaw 41 mode 2 st 2 gl 0 hp 83 frg -1
ARGLOG Romero t  79.4 pos '2353.6 -181.7  24.0' spd 325.1 yaw 208 mode 1 st 4 gl 2 hp 36 frg 3
ARGLOG Carmack t  79.5 pos '2444.2 -80.0 -70.3' spd 353.2 yaw 219 mode 2 st 6 gl 2 hp 100 frg 2
ARGEVT Joe Rogan route 12 start '2489.0 -319.0   8.0' goal '1465.0 -703.0 184.0'
ARGLOG Joe Rogan t  79.6 pos '2464.8 -325.9   8.0' spd 114.1 yaw 150.2 mode 2 st 2 gl 0 hp 83 frg -1
ARGEVT Joe Rogan grab item_health
ARGEVT Joe Rogan pursue
ARGLOG Romero t  79.9 pos '2204.7 -251.8  24.0' spd 320.2 yaw 227.6 mode 1 st 4 gl 2 hp 36 frg 3
ARGEVT Joe Rogan hazard
ARGLOG Carmack t  80.0 pos '2250.5 -80.0 -116.2' spd 384.9 yaw 273 mode 0 st 6 gl 2 hp 100 frg 2
ARGLOG Joe Rogan t  80.1 pos '2418.9 -304.0   8.0' spd 190.7 yaw 179.2 mode 2 st 2 gl 0 hp 80 frg -1
ARGEVT Carmack route 15 start '2233.0 -31.0 -136.0' goal '2457.0 -63.0 120.0'
ARGEVT Romero retreat
ARGLOG Romero t  80.4 pos '2135.5 -355.0  24.0' spd 208.5 yaw   1.6 mode 1 st 4 gl 2 hp 12 frg 3
ARGEVT Carmack hazard
ARGLOG Carmack t  80.5 pos '2229.7 -203.4 -117.4' spd 379.2 yaw 315.4 mode 2 st 6 gl 2 hp 100 frg 2
ARGLOG Joe Rogan t  80.7 pos '2529.5 -344.1  24.0' spd 327.4 yaw 166.4 mode 0 st 2 gl 0 hp 79 frg -1
ARGEVT Joe Rogan route 12 start '2489.0 -319.0   8.0' goal '1465.0 -703.0 184.0'
ARGEVT Joe Rogan grab item_health
ARGLOG Romero t  80.9 pos '2155.1 -190.8  24.0' spd 320.1 yaw 346.3 mode 1 st 4 gl 2 hp 12 frg 3
ARGLOG Carmack t  81.0 pos '2243.7 -217.0 -135.0' spd  38.6 yaw 20 mode 2 st 6 gl 2 hp 100 frg 2
ARGEVT Joe Rogan pursue
ARGEVT Romero pursue
ARGLOG Joe Rogan t  81.2 pos '2605.3 -346.2  24.0' spd 152.3 yaw 170 mode 2 st 2 gl 0 hp 79 frg -1
ARGLOG Romero t  81.4 pos '2274.0 -150.2  24.0' spd 328.8 yaw 324 mode 1 st 4 gl 2 hp 12 frg 3
ARGLOG Carmack t  81.5 pos '2288.0 -80.7 -136.0' spd 366.9 yaw 2 mode 2 st 6 gl 2 hp 100 frg 2
ARGEVT Carmack jump
ARGLOG Joe Rogan t  81.7 pos '2442.9 -332.7   8.0' spd 320.3 yaw 168 mode 2 st 2 gl 0 hp 79 frg -1
ARGEVT Carmack route 14 start '2361.0 -63.0 -88.0' goal '2457.0 -63.0 120.0'
ARGLOG Romero t  81.9 pos '2415.6 -237.1  24.0' spd 320.4 yaw 320 mode 1 st 4 gl 2 hp 12 frg 3
ARGLOG Carmack t  82.0 pos '2356.4   6.9 -88.0' spd 170.9 yaw 300 mode 2 st 6 gl 2 hp 100 frg 2
ARGLOG Joe Rogan t  82.2 pos '2281.9 -306.5   8.0' spd 300.6 yaw 166 mode 2 st 2 gl 0 hp 79 frg -1
ARGEVT Carmack hazard
ARGEVT Romero hazard
ARGLOG Romero t  82.5 pos '2558.6 -192.2  32.0' spd 395.4 yaw 106.1 mode 1 st 4 gl 2 hp 12 frg 3
ARGLOG Carmack t  82.6 pos '2480.7 -75.8 -72.0' spd 323.9 yaw 3 mode 2 st 6 gl 2 hp 100 frg 2
ARGEVT Romero jump
ARGLOG Joe Rogan t  82.7 pos '2152.3 -296.2  24.0' spd 230.1 yaw  17.4 mode 2 st 2 gl 0 hp 79 frg -1
ARGLOG Romero t  83.0 pos '2558.9 -152.0  32.0' spd 182.7 yaw 213.8 mode 1 st 4 gl 2 hp 12 frg 3
ARGEVT Joe Rogan grab item_health
ARGEVT Romero pursue
ARGLOG Carmack t  83.1 pos '2648.6 -79.0 -72.0' spd 356.0 yaw 213 mode 2 st 6 gl 2 hp 100 frg 2
ARGEVT Joe Rogan pursue
ARGLOG Joe Rogan t  83.2 pos '2222.5 -422.5   8.0' spd 226.3 yaw 40 mode 2 st 2 gl 0 hp 79 frg -1
ARGEVT Carmack hazard
ARGLOG Romero t  83.5 pos '2452.3 -240.0  24.0' spd 322.8 yaw 191 mode 1 st 4 gl 2 hp 12 frg 3
ARGLOG Carmack t  83.6 pos '2792.5 -71.8 -72.0' spd 161.8 yaw 237.2 mode 2 st 6 gl 2 hp 100 frg 2
ARGEVT Romero death Joe Rogan pos '2368.6 -240.0  24.0'
ARGLOG Joe Rogan t  83.8 pos '2364.0 -333.7   8.0' spd 320.9 yaw  81.7 mode 2 st 2 gl 0 hp 79 frg 0
ARGEVT Joe Rogan plan powerup via weapon
ARGEVT Joe Rogan goal weapon_rocketlauncher
ARGEVT Joe Rogan hazard
ARGEVT Joe Rogan route 11 start '2329.0 -351.0   8.0' goal '1465.0 -703.0 184.0'
ARGLOG Carmack t  84.1 pos '2744.2 -74.6 -72.0' spd 163.2 yaw 212 mode 2 st 6 gl 2 hp 100 frg 2
ARGLOG Joe Rogan t  84.3 pos '2266.9 -304.0  24.0' spd  45.0 yaw 68 mode 2 st 2 gl 0 hp 79 frg 0
ARGLOG Carmack t  84.6 pos '1326.5 -1024.0 352.0' spd 300 yaw 38 mode 0 st 6 gl 2 hp 100 frg 2
ARGEVT Carmack route 12 start '1401.0 -1055.0 344.0' goal '2457.0 -63.0 120.0'
ARGLOG Joe Rogan t  84.8 pos '2233.9 -175.6  24.0' spd 400.1 yaw 14 mode 2 st 2 gl 0 hp 79 frg 0
ARGEVT Carmack hazard
ARGLOG Carmack t  85.1 pos '1380.5 -912.0 344.0' spd 307.5 yaw 105 mode 2 st 6 gl 2 hp 100 frg 2
ARGLOG Joe Rogan t  85.3 pos '2344.4 -37.4  56.0' spd 354.2 yaw 0 mode 2 st 2 gl 0 hp 79 frg 0
ARGEVT Romero respawn
ARGEVT Romero goal item_armorInv
ARGLOG Romero t  85.3 pos '2624.0 -488.0  32.0' spd 0 yaw 163.7 mode 0 st 4 gl 2 hp 100 frg 3
ARGEVT Romero routefail
ARGEVT Romero goal item_armor2
ARGEVT Romero route 14 start '2553.0 -511.0  24.0' goal '2009.0 -991.0  32.0'
ARGLOG Carmack t  85.7 pos '1267.4 -811.1 344.0' spd 336.3 yaw 88 mode 2 st 6 gl 2 hp 100 frg 2
ARGLOG Joe Rogan t  85.8 pos '2509.5 -12.9 120.0' spd 320.7 yaw 357 mode 0 st 2 gl 0 hp 79 frg 0
ARGLOG Romero t  85.9 pos '2476.2 -433.6   8.0' spd 340.0 yaw 138 mode 2 st 4 gl 2 hp 100 frg 3
ARGEVT Joe Rogan route 7 start '2585.0   1.0 120.0' goal '1465.0 -703.0 184.0'
ARGLOG Carmack t  86.2 pos '1323.5 -629.7 331.1' spd 346.4 yaw 26 mode 2 st 6 gl 2 hp 100 frg 2
ARGLOG Joe Rogan t  86.3 pos '2640.0 -18.0 120.0' spd  14.5 yaw 356 mode 2 st 2 gl 0 hp 79 frg 0
ARGEVT Joe Rogan engage Romero
ARGEVT Joe Rogan grab 
ARGEVT Romero engage Joe Rogan
ARGLOG Romero t  86.4 pos '2329.0 -348.2   8.0' spd 333.6 yaw  86.6 mode 2 st 4 gl 2 hp 100 frg 3
ARGEVT Romero grab 
ARGEVT Romero hazard
ARGEVT Carmack goal weapon_rocketlauncher
ARGLOG Carmack t  86.7 pos '1363.9 -466.2 184.0' spd 293.4 yaw 323.7 mode 0 st 6 gl 2 hp 100 frg 2
ARGEVT Carmack route 2 start '1273.0 -511.0 184.0' goal '1465.0 -703.0 184.0'
ARGEVT Joe Rogan pursue
ARGLOG Joe Rogan t  86.8 pos '2573.4 -121.8 120.0' spd 336.4 yaw 223 mode 2 st 2 gl 0 hp 94 frg 0
ARGLOG Romero t  86.9 pos '2279.5 -307.4   8.0' spd  48.2 yaw 145.0 mode 2 st 4 gl 2 hp 100 frg 3
ARGEVT Romero pursue
ARGEVT Joe Rogan route 8 start '2521.0 -223.0 120.0' goal '1465.0 -703.0 184.0'
ARGEVT Joe Rogan hazard
ARGLOG Carmack t  87.2 pos '1470.0 -594.5 184.0' spd 325.8 yaw 272 mode 1 st 6 gl 2 hp 100 frg 2
ARGEVT Joe Rogan grab 
ARGLOG Joe Rogan t  87.4 pos '2457.2 -217.6 116.8' spd 154.5 yaw 178.5 mode 2 st 2 gl 0 hp 91 frg 0
ARGLOG Romero t  87.4 pos '2203.5 -201.6  24.0' spd 357.5 yaw 352.6 mode 2 st 4 gl 2 hp 80 frg 3
ARGEVT Joe Rogan plan powerup via weapon
ARGEVT Joe Rogan goal weapon_nailgun
ARGEVT Carmack goal item_artifact_super_damage
ARGEVT Carmack hazard
ARGEVT Carmack routefail
ARGEVT Carmack goal item_rockets
ARGLOG Carmack t  87.7 pos '1531.4 -714.1 184.0' spd 373.3 yaw 346.2 mode 0 st 6 gl 3 hp 100 frg 2
ARGEVT Joe Rogan grab weapon_nailgun
ARGEVT Romero grab weapon_nailgun
ARGEVT Carmack route 12 start '1465.0 -703.0 184.0' goal '2233.0 -31.0 -136.0'
ARGLOG Joe Rogan t  87.9 pos '2418.7 -192.8  24.0' spd 365.7 yaw 168.4 mode 1 st 2 gl 0 hp 82 frg 0
ARGLOG Romero t  87.9 pos '2312.4 -170.7  24.0' spd  12.8 yaw 349.1 mode 2 st 4 gl 2 hp 56 frg 3
ARGEVT Joe Rogan goal weapon_rocketlauncher
ARGEVT Joe Rogan routefail
ARGLOG Carmack t  88.2 pos '1552.5 -593.6 184.0' spd 323.6 yaw 137 mode 2 st 6 gl 3 hp 100 frg 2
ARGEVT Joe Rogan goal item_health
ARGEVT Joe Rogan route 10 start '2521.0 -191.0  32.0' goal '2073.0 -991.0 344.0'
ARGLOG Joe Rogan t  88.4 pos '2521.7 -169.2  32.0' spd 418.8 yaw 157.7 mode 2 st 2 gl 1 hp 73 frg 0
ARGLOG Romero t  88.4 pos '2342.9 -144.0  24.0' spd  79.9 yaw 351.8 mode 2 st 4 gl 2 hp 56 frg 3
ARGEVT Joe Rogan hazard
ARGLOG Carmack t  88.8 pos '1457.3 -690.4 184.0' spd 341.2 yaw 23 mode 2 st 6 gl 3 hp 100 frg 2
ARGEVT Carmack hazard
ARGLOG Joe Rogan t  88.9 pos '2560.9 -208.9  32.0' spd 453.8 yaw 134.5 mode 2 st 2 gl 1 hp 64 frg 0
ARGEVT Romero retreat
ARGLOG Romero t  89.0 pos '2469.6 -144.0  24.0' spd 196.2 yaw 313.1 mode 2 st 4 gl 2 hp 29 frg 3
ARGLOG Carmack t  89.3 pos '1570.8 -648.2 184.0' spd 329.7 yaw 26 mode 2 st 6 gl 3 hp 100 frg 2
ARGLOG Joe Rogan t  89.4 pos '2552.8 -169.5  32.0' spd 167.4 yaw 183.3 mode 2 st 2 gl 1 hp 55 frg 0
ARGLOG Romero t  89.5 pos '2339.2 -150.7  24.0' spd 175.9 yaw 353.9 mode 2 st 4 gl 2 hp 29 frg 3
ARGLOG Carmack t  89.8 pos '1448.5 -522.5 184.0' spd 423.2 yaw 358 mode 2 st 6 gl 3 hp 100 frg 2
ARGLOG Joe Rogan t  89.9 pos '2552.1 -169.5  32.0' spd 117.2 yaw 160.8 mode 2 st 2 gl 1 hp 49 frg 0
ARGLOG Romero t  90.0 pos '2177.0 -105.5  24.0' spd 324.1 yaw 352.3 mode 2 st 4 gl 2 hp 2 frg 3
ARGEVT Carmack hazard
ARGLOG Carmack t  90.3 pos '1563.2 -464.0 162.6' spd 291.0 yaw 348 mode 2 st 6 gl 3 hp 100 frg 2
ARGLOG Joe Rogan t  90.5 pos '2541.5 -167.1  32.0' spd 115.4 yaw 145.0 mode 2 st 2 gl 1 hp 49 frg 0
ARGEVT Romero hazard
ARGLOG Romero t  90.5 pos '2075.5  14.8  24.0' spd 149.7 yaw 340.4 mode 2 st 4 gl 2 hp 2 frg 3
ARGLOG Carmack t  90.8 pos '1711.7 -485.8  24.0' spd 373.3 yaw 345 mode 2 st 6 gl 3 hp 100 frg 2
ARGEVT Romero pursue
ARGEVT Joe Rogan pursue
ARGLOG Joe Rogan t  91.0 pos '2484.2 -167.5  24.0' spd 344.8 yaw 155 mode 2 st 2 gl 1 hp 49 frg 0
ARGLOG Romero t  91.0 pos '2099.9 -17.1  24.0' spd 320.6 yaw 341 mode 2 st 4 gl 2 hp 2 frg 3
ARGEVT Carmack hazard
ARGLOG Carmack t  91.3 pos '1823.1 -485.4  40.0' spd 325.6 yaw 342 mode 2 st 6 gl 3 hp 100 frg 2
ARGLOG Joe Rogan t  91.5 pos '2324.2 -144.0  24.0' spd 342.9 yaw 147 mode 2 st 2 gl 1 hp 49 frg 0
ARGLOG Romero t  91.5 pos '2257.4 -66.8  24.0' spd 320.0 yaw 303.6 mode 2 st 4 gl 2 hp 2 frg 3
ARGLOG Carmack t  91.8 pos '1985.3 -498.0 104.0' spd 346.6 yaw  34.9 mode 2 st 6 gl 3 hp 100 frg 2
ARGLOG Joe Rogan t  92.0 pos '2385.3 -197.0  24.0' spd 348.8 yaw 130.6 mode 2 st 2 gl 1 hp 40 frg 0
ARGLOG Romero t  92.1 pos '2240.2   3.5  24.0' spd 166.4 yaw 314.3 mode 2 st 4 gl 2 hp 2 frg 3
ARGEVT Carmack hazard
ARGLOG Carmack t  92.4 pos '2063.6 -365.0  88.0' spd 376.1 yaw 106 mode 2 st 6 gl 3 hp 100 frg 2
ARGLOG Joe Rogan t  92.5 pos '2477.7 -173.1  24.0' spd 322.3 yaw 130.4 mode 2 st 2 gl 1 hp 32 frg 0
ARGLOG Romero t  92.6 pos '2241.2   8.5  24.0' spd  77.6 yaw 315.7 mode 2 st 4 gl 2 hp 2 frg 3
ARGLOG Carmack t  92.9 pos '2062.6 -365.1  88.0' spd 320.5 yaw 105 mode 2 st 6 gl 3 hp 100 frg 2
ARGLOG Joe Rogan t  93.0 pos '2345.2 -240.0  24.0' spd 321.0 yaw 106.4 mode 2 st 2 gl 1 hp 11 frg 0
ARGLOG Romero t  93.1 pos '2288.0  16.0  24.0' spd 0 yaw 276.5 mode 2 st 4 gl 2 hp 2 frg 3
ARGEVT Joe Rogan pursue
ARGLOG Carmack t  93.4 pos '2064.0 -534.1 104.0' spd 337.4 yaw 93 mode 2 st 6 gl 3 hp 100 frg 2
ARGEVT Carmack hazard
ARGEVT Romero jump
ARGLOG Joe Rogan t  93.5 pos '2243.3 -143.8  24.0' spd 337.2 yaw 74 mode 2 st 2 gl 1 hp 7 frg 0
ARGEVT Joe Rogan death Romero pos '2242.4 -109.7  24.0'
ARGLOG Romero t  93.6 pos '2416.0 -38.3 109.3' spd 186.2 yaw 201.4 mode 2 st 4 gl 2 hp 2 frg 4
ARGEVT Romero goal item_health
ARGEVT Romero route 5 start '2457.0 -63.0 120.0' goal '2041.0 -559.0 104.0'
ARGLOG Carmack t  93.9 pos '2063.8 -485.2 104.0' spd 327.4 yaw 93 mode 2 st 6 gl 3 hp 100 frg 2
ARGLOG Romero t  94.1 pos '2407.6 -80.0  89.7' spd  35.1 yaw 213 mode 2 st 4 gl 2 hp 2 frg 4
ARGLOG Carmack t  94.4 pos '2051.0 -319.8  72.0' spd 321.0 yaw 62 mode 2 st 6 gl 3 hp 100 frg 2
ARGEVT Romero engage Carmack
ARGEVT Romero grab 
ARGEVT Romero retreat
ARGLOG Romero t  94.6 pos '2325.7 -199.3  43.5' spd 335.1 yaw 196.4 mode 2 st 4 gl 2 hp 2 frg 4
ARGEVT Carmack engage Romero
ARGEVT Carmack grab 
ARGLOG Carmack t  94.9 pos '2107.4 -172.3  24.0' spd 347.7 yaw  18.6 mode 2 st 6 gl 3 hp 100 frg 2
ARGEVT Joe Rogan respawn
ARGLOG Romero t  95.1 pos '2376.7 -144.0  24.0' spd 211.2 yaw 178.8 mode 2 st 4 gl 2 hp 2 frg 4
ARGEVT Joe Rogan goal item_health
ARGLOG Joe Rogan t  95.2 pos '2176.0 -2176.0  84.0' spd 0 yaw  73.4 mode 0 st 2 gl 1 hp 100 frg 0
ARGEVT Joe Rogan routefail
ARGEVT Romero death Carmack pos '2447.3 -144.0  24.0'
ARGEVT Joe Rogan goal item_armorInv
ARGEVT Joe Rogan route 9 start '2137.0 -2175.0  88.0' goal '2361.0 -703.0  56.0'
ARGLOG Carmack t  95.5 pos '2248.6 -209.1  24.0' spd 320.0 yaw 322.6 mode 2 st 6 gl 3 hp 91 frg 3
ARGEVT Carmack goal 
ARGEVT Carmack hazard
ARGLOG Joe Rogan t  95.7 pos '2213.6 -2030.6  88.0' spd 358.7 yaw 124 mode 2 st 2 gl 1 hp 100 frg 0
ARGEVT Carmack jump
ARGEVT Joe Rogan hazard
ARGEVT Carmack goal item_health
ARGLOG Carmack t  96.0 pos '2388.5 -176.8  53.2' spd 208.6 yaw 188.7 mode 0 st 6 gl 4 hp 91 frg 3
ARGEVT Carmack route 9 start '2361.0 -159.0  24.0' goal '2073.0 -991.0 344.0'
ARGLOG Joe Rogan t  96.2 pos '2128.9 -2079.5  88.0' spd 320.5 yaw 87 mode 2 st 2 gl 1 hp 100 frg 0
ARGLOG Carmack t  96.5 pos '2352.0 -137.6  56.0' spd  62.6 yaw 83 mode 2 st 6 gl 4 hp 91 frg 3
ARGEVT Carmack hazard
ARGLOG Joe Rogan t  96.7 pos '2218.3 -2216.8  88.0' spd 411.8 yaw 66 mode 2 st 2 gl 1 hp 100 frg 0
ARGEVT Romero respawn
ARGEVT Romero goal item_armorInv
ARGLOG Romero t  97.0 pos '2576.0 -1328.0  24.0' spd 0 yaw 253.4 mode 0 st 4 gl 2 hp 100 frg 4
ARGEVT Romero route 5 start '2585.0 -1375.0  24.0' goal '2361.0 -703.0  56.0'
ARGLOG Carmack t  97.0 pos '2352.0 -141.9  56.0' spd  56.4 yaw 83 mode 2 st 6 gl 4 hp 91 frg 3
ARGEVT Carmack stall
ARGEVT Carmack stallnode '2169.0 -95.0  24.0'
ARGEVT Carmack jump
ARGLOG Joe Rogan t  97.3 pos '2200.2 -2107.2  88.0' spd 321.5 yaw 53 mode 2 st 2 gl 1 hp 100 frg 0
ARGEVT Romero route 5 start '2489.0 -1471.0  24.0' goal '2361.0 -703.0  56.0'
ARGLOG Romero t  97.5 pos '2434.5 -1380.6  24.0' spd 419.7 yaw 79 mode 2 st 4 gl 2 hp 100 frg 4
ARGEVT Carmack route 7 start '2361.0 -63.0  72.0' goal '2073.0 -991.0 344.0'
ARGLOG Carmack t  97.5 pos '2352.0 -145.9  94.9' spd  32.3 yaw 15 mode 2 st 7 gl 4 hp 91 frg 3
ARGEVT Romero hazard
ARGLOG Joe Rogan t  97.8 pos '2146.7 -1950.9  56.0' spd 320.1 yaw 60 mode 2 st 2 gl 1 hp 100 frg 0
ARGLOG Romero t  98.0 pos '2364.2 -1298.1  24.0' spd 256.9 yaw 68 mode 2 st 4 gl 2 hp 100 frg 4
ARGLOG Carmack t  98.0 pos '2369.0 -157.9  24.0' spd 184.8 yaw 18 mode 2 st 7 gl 4 hp 91 frg 3
ARGLOG Joe Rogan t  98.3 pos '2251.1 -1825.3  24.0' spd 367.5 yaw 66 mode 2 st 2 gl 1 hp 100 frg 0
ARGLOG Romero t  98.5 pos '2472.8 -1239.2  24.0' spd 334.4 yaw 82 mode 2 st 4 gl 2 hp 100 frg 4
ARGEVT Joe Rogan engage Romero
ARGEVT Joe Rogan grab weapon_rocketlauncher
ARGLOG Carmack t  98.6 pos '2481.7 -144.0  24.0' spd  24.5 yaw 25 mode 2 st 7 gl 4 hp 91 frg 3
ARGLOG Joe Rogan t  98.8 pos '2426.0 -1818.4  24.0' spd 353.8 yaw  91.9 mode 2 st 2 gl 1 hp 100 frg 0
ARGEVT Romero lift
ARGLOG Romero t  99.0 pos '2472.9 -1079.4  24.0' spd 196.2 yaw   3.9 mode 2 st 4 gl 2 hp 84 frg 4
ARGLOG Carmack t  99.1 pos '2454.1 -144.0  24.0' spd   8.7 yaw 22 mode 2 st 7 gl 4 hp 91 frg 3
ARGLOG Joe Rogan t  99.3 pos '2511.7 -1670.6  24.0' spd 356.4 yaw  79.5 mode 2 st 2 gl 1 hp 100 frg 0
ARGEVT Romero grab item_health
ARGLOG Romero t  99.5 pos '2513.1 -1192.1  24.0' spd 223.1 yaw 279.8 mode 2 st 4 gl 2 hp 84 frg 4
ARGLOG Carmack t  99.6 pos '2456.4 -144.0  24.0' spd   2.9 yaw 22 mode 2 st 7 gl 4 hp 91 frg 3
ARGLOG Joe Rogan t  99.8 pos '2540.1 -1620.2  24.0' spd 321.5 yaw 142.3 mode 2 st 2 gl 1 hp 88 frg 0
ARGEVT Romero route 4 start '2457.0 -1311.0  24.0' goal '2361.0 -703.0  56.0'
ARGEVT Romero grab item_health
ARGLOG Romero t 100.0 pos '2440.1 -1304.9  24.0' spd 233.0 yaw 276.4 mode 2 st 4 gl 2 hp 45 frg 4
ARGEVT Carmack stall
ARGEVT Carmack stallnode '2457.0 -63.0 120.0'
ARGLOG Carmack t 100.1 pos '2457.0 -144.0  24.0' spd 0 yaw 235.5 mode 0 st 8 gl 4 hp 91 frg 3
ARGEVT Carmack jump
ARGLOG Joe Rogan t 100.4 pos '2374.9 -1632.2  24.0' spd 321.2 yaw  84.3 mode 2 st 2 gl 1 hp 76 frg 0
ARGEVT Carmack route 10 start '2521.0 -191.0  32.0' goal '2073.0 -991.0 344.0'
ARGLOG Romero t 100.6 pos '2434.0 -1346.2  24.0' spd 320.5 yaw 269.1 mode 2 st 4 gl 2 hp 70 frg 4
ARGLOG Carmack t 100.6 pos '2427.7 -147.3  54.0' spd 175.3 yaw 168 mode 2 st 8 gl 4 hp 91 frg 3
ARGEVT Romero retreat
ARGLOG Joe Rogan t 100.9 pos '2502.8 -1640.4  24.0' spd 320.1 yaw  67.7 mode 2 st 2 gl 1 hp 56 frg 0
ARGEVT Romero hazard
ARGLOG Romero t 101.1 pos '2598.8 -1296.2  24.0' spd  68.5 yaw 265.2 mode 2 st 4 gl 2 hp 13 frg 4
ARGLOG Carmack t 101.1 pos '2302.2 -144.0  24.0' spd 313.5 yaw 54 mode 2 st 8 gl 4 hp 91 frg 3
ARGLOG Joe Rogan t 101.4 pos '2543.6 -1656.1  24.0' spd 320.6 yaw  96.4 mode 0 st 2 gl 1 hp 32 frg 0
ARGEVT Joe Rogan route 6 start '2489.0 -1631.0  24.0' goal '2361.0 -703.0  56.0'
ARGLOG Romero t 101.6 pos '2510.6 -1280.8  24.0' spd 339.2 yaw 261.5 mode 2 st 4 gl 2 hp 13 frg 4
ARGLOG Carmack t 101.6 pos '2173.2 -42.6  24.0' spd 410.0 yaw 356 mode 2 st 8 gl 4 hp 91 frg 3
ARGEVT Carmack hazard
ARGLOG Joe Rogan t 101.9 pos '2375.5 -1646.2  24.0' spd 324.2 yaw  57.5 mode 2 st 2 gl 1 hp 12 frg 0
ARGEVT Joe Rogan death Romero pos '2375.9 -1644.2  24.0'
ARGEVT Romero goal item_armorInv
ARGUS routecache adopt
ARGEVT Romero route 4 start '2457.0 -1311.0  24.0' goal '2361.0 -703.0  56.0'
ARGLOG Romero t 102.1 pos '2510.8 -1339.5  24.0' spd 371.8 yaw 246 mode 0 st 4 gl 2 hp 13 frg 5
ARGLOG Carmack t 102.2 pos '2187.3  78.7  24.0' spd 118.3 yaw 333 mode 2 st 8 gl 4 hp 91 frg 3
ARGUS routecache adopt
ARGEVT Romero route 5 start '2489.0 -1471.0  24.0' goal '2361.0 -703.0  56.0'
ARGLOG Romero t 102.6 pos '2469.6 -1503.2  24.0' spd 322.4 yaw 236 mode 2 st 4 gl 2 hp 13 frg 5
ARGLOG Carmack t 102.7 pos '2191.0  88.2  24.0' spd 321.2 yaw 331 mode 2 st 8 gl 4 hp 91 frg 3
ARGEVT Carmack hazard
ARGLOG Romero t 103.1 pos '2359.6 -1629.9  24.0' spd 381.6 yaw 80 mode 2 st 4 gl 2 hp 13 frg 5
ARGEVT Romero hazard
ARGLOG Carmack t 103.2 pos '2223.6 -16.2  24.0' spd 359.0 yaw 349 mode 2 st 8 gl 4 hp 91 frg 3
ARGEVT Carmack jump
ARGEVT Joe Rogan respawn
ARGEVT Joe Rogan goal weapon_supershotgun
ARGLOG Joe Rogan t 103.6 pos '2704.0 -2048.0 128.0' spd 0 yaw 278 mode 1 st 2 gl 1 hp 100 frg 0
ARGLOG Romero t 103.7 pos '2384.2 -1511.7  24.0' spd 376.3 yaw   2.4 mode 2 st 4 gl 2 hp 13 frg 5
ARGLOG Carmack t 103.7 pos '2299.9 -80.0  62.8' spd  61.3 yaw 6 mode 2 st 8 gl 4 hp 91 frg 3
ARGLOG Joe Rogan t 104.1 pos '2725.9 -2202.8 120.0' spd 320.0 yaw 276 mode 1 st 2 gl 1 hp 100 frg 0
ARGLOG Romero t 104.2 pos '2515.9 -1595.9  24.0' spd 435.3 yaw 199 mode 2 st 4 gl 2 hp 13 frg 5
ARGLOG Carmack t 104.2 pos '2391.6 -66.9  88.0' spd 320.7 yaw 0 mode 2 st 8 gl 4 hp 91 frg 3
ARGEVT Carmack jump
ARGEVT Joe Rogan goal item_armorInv
ARGEVT Joe Rogan route 15 start '2713.0 -2335.0 120.0' goal '2361.0 -703.0  56.0'
ARGEVT Joe Rogan hazard
ARGLOG Joe Rogan t 104.6 pos '2725.6 -2345.5 120.0' spd 302.1 yaw 178 mode 2 st 2 gl 2 hp 100 frg 0
ARGEVT Romero route 7 start '2329.0 -1727.0  24.0' goal '2361.0 -703.0  56.0'
ARGEVT Romero hazard
ARGLOG Romero t 104.7 pos '2343.2 -1648.8  24.0' spd 414.6 yaw 71 mode 2 st 4 gl 2 hp 13 frg 5
ARGLOG Carmack t 104.7 pos '2465.9 -46.5 120.0' spd 186.7 yaw 0 mode 2 st 8 gl 4 hp 91 frg 3
ARGLOG Joe Rogan t 105.1 pos '2672.0 -2331.9 120.0' spd   5.7 yaw 181 mode 2 st 2 gl 2 hp 100 frg 0
ARGLOG Romero t 105.2 pos '2248.1 -1656.3  24.0' spd 148.8 yaw 58 mode 2 st 4 gl 2 hp 13 frg 5
ARGLOG Carmack t 105.3 pos '2630.8 -56.9 120.0' spd 321.9 yaw 214 mode 2 st 8 gl 4 hp 91 frg 3
ARGLOG Joe Rogan t 105.6 pos '2672.0 -2334.0 120.0' spd   2.9 yaw 181 mode 2 st 2 gl 2 hp 100 frg 0
ARGEVT Romero hazard
ARGLOG Romero t 105.7 pos '2179.5 -1663.5  24.0' spd 123.3 yaw 51 mode 2 st 4 gl 2 hp 13 frg 5
ARGLOG Carmack t 105.8 pos '2640.0 -55.7 120.0' spd   2.8 yaw 214 mode 2 st 8 gl 4 hp 91 frg 3
ARGLOG Joe Rogan t 106.1 pos '2672.0 -2334.9 120.0' spd   2.8 yaw 181 mode 2 st 2 gl 2 hp 100 frg 0
ARGEVT Joe Rogan stall
ARGEVT Joe Rogan stallnode '2553.0 -2335.0 120.0'
ARGEVT Joe Rogan jump
ARGLOG Romero t 106.2 pos '2316.1 -1648.0  24.0' spd 341.4 yaw 67 mode 2 st 4 gl 2 hp 13 frg 5
ARGLOG Carmack t 106.3 pos '2640.0 -54.2 120.0' spd   2.9 yaw 214 mode 2 st 8 gl 4 hp 91 frg 3
ARGEVT Joe Rogan route 15 start '2713.0 -2335.0 120.0' goal '2361.0 -703.0  56.0'
ARGEVT Carmack stall
ARGEVT Carmack stallnode '2905.0 -47.0 -72.0'
ARGEVT Carmack jump
ARGLOG Joe Rogan t 106.6 pos '2672.0 -2324.2 154.7' spd  37.1 yaw 182 mode 2 st 3 gl 2 hp 100 frg 0
ARGLOG Romero t 106.8 pos '2388.9 -1522.8  24.0' spd 328.6 yaw 72 mode 2 st 4 gl 2 hp 13 frg 5
ARGEVT Carmack route 6 start '2585.0   1.0 120.0' goal '2073.0 -991.0 344.0'
ARGLOG Carmack t 106.8 pos '2640.0 -56.1 154.5' spd  31.2 yaw 294.8 mode 2 st 9 gl 4 hp 91 frg 3
ARGLOG Joe Rogan t 107.2 pos '2591.3 -2317.6 120.0' spd 320.0 yaw 218 mode 2 st 3 gl 2 hp 100 frg 0
ARGEVT Joe Rogan hazard
ARGLOG Romero t 107.3 pos '2424.7 -1360.6  24.0' spd 323.3 yaw 78 mode 2 st 4 gl 2 hp 13 frg 5
ARGLOG Carmack t 107.3 pos '2625.9 -69.9 120.0' spd 179.4 yaw 129.6 mode 2 st 9 gl 4 hp 91 frg 3
ARGLOG Joe Rogan t 107.7 pos '2421.4 -2309.5 120.0' spd 369.7 yaw 214 mode 2 st 3 gl 2 hp 100 frg 0
ARGLOG Romero t 107.8 pos '2459.1 -1197.9  24.0' spd 320.8 yaw 78 mode 2 st 4 gl 2 hp 13 frg 5
ARGLOG Carmack t 107.8 pos '2627.8  15.7 120.0' spd 321.9 yaw 348 mode 2 st 9 gl 4 hp 91 frg 3
ARGEVT Romero lift
ARGEVT Carmack hazard
ARGLOG Joe Rogan t 108.2 pos '2384.7 -2472.2 120.0' spd 334.5 yaw 151 mode 2 st 3 gl 2 hp 100 frg 0
ARGEVT Joe Rogan hazard
ARGEVT Romero board
ARGLOG Romero t 108.3 pos '2467.0 -1031.6  32.0' spd 327.7 yaw 110 mode 2 st 4 gl 2 hp 13 frg 5
ARGLOG Carmack t 108.4 pos '2636.3 -121.9 120.0' spd 226.3 yaw 212 mode 2 st 9 gl 4 hp 91 frg 3
ARGLOG Joe Rogan t 108.7 pos '2229.5 -2486.1 200.0' spd 321.5 yaw 121 mode 2 st 3 gl 2 hp 100 frg 0
ARGEVT Romero door
ARGLOG Romero t 108.8 pos '2507.7 -925.8 109.1' spd 320 yaw  48.4 mode 2 st 4 gl 2 hp 13 frg 5
ARGLOG Carmack t 108.9 pos '2625.4 -199.6 120.0' spd 136.9 yaw 210 mode 2 st 9 gl 4 hp 91 frg 3
ARGLOG Joe Rogan t 109.2 pos '2151.2 -2416.0 200.0' spd 191.2 yaw 93 mode 2 st 3 gl 2 hp 100 frg 0
ARGEVT Romero weapon sg
ARGLOG Romero t 109.3 pos '2517.6 -904.6 120.0' spd 0 yaw 267 mode 2 st 4 gl 2 hp 13 frg 5
ARGLOG Carmack t 109.4 pos '2640.0 -79.8 120.0' spd 252.5 yaw 213 mode 2 st 9 gl 4 hp 91 frg 3
ARGLOG Joe Rogan t 109.7 pos '2157.7 -2260.8 168.1' spd 321.5 yaw 93 mode 2 st 3 gl 2 hp 100 frg 0
ARGLOG Romero t 109.8 pos '2517.6 -904.6 120.0' spd 0 yaw 267 mode 2 st 4 gl 2 hp 13 frg 5
ARGLOG Carmack t 109.9 pos '2640.0 -33.2 120.0' spd   8.5 yaw 215 mode 2 st 9 gl 4 hp 91 frg 3
ARGLOG Joe Rogan t 110.3 pos '2152.7 -2095.7  88.0' spd 320.0 yaw 45 mode 2 st 3 gl 2 hp 100 frg 0
ARGEVT Romero door
ARGEVT Romero door
ARGLOG Romero t 110.4 pos '2506.2 -936.9 107.4' spd 166.4 yaw 121 mode 2 st 4 gl 2 hp 13 frg 5
ARGLOG Carmack t 110.4 pos '2640.0 -36.2 120.0' spd   5.8 yaw 215 mode 2 st 9 gl 4 hp 91 frg 3
ARGEVT Romero hazard
ARGLOG Joe Rogan t 110.8 pos '2144.8 -1929.4  40.0' spd 342.8 yaw 59 mode 2 st 3 gl 2 hp 100 frg 0
ARGLOG Romero t 110.9 pos '2487.0 -912.0  78.7' spd  75.2 yaw 121 mode 2 st 4 gl 2 hp 13 frg 5
ARGEVT Carmack stall
ARGEVT Carmack stallnode '2905.0 -47.0 -72.0'
ARGLOG Carmack t 110.9 pos '2640.0 -38.6 120.0' spd   2.8 yaw 391.1 mode 0 st 10 gl 4 hp 91 frg 3
ARGEVT Carmack jump
ARGUS routecache adopt
ARGEVT Carmack route 6 start '2585.0   1.0 120.0' goal '2073.0 -991.0 344.0'
ARGLOG Joe Rogan t 111.3 pos '2296.5 -1847.7  24.0' spd 342.9 yaw 77 mode 2 st 3 gl 2 hp 100 frg 0
ARGLOG Romero t 111.4 pos '2422.4 -828.0 120.0' spd 353.6 yaw 128.4 mode 2 st 4 gl 2 hp 13 frg 5
ARGLOG Carmack t 111.4 pos '2640.0 -40.5 142.2' spd  31.3 yaw  98.2 mode 2 st 10 gl 4 hp 91 frg 3
ARGEVT Carmack stall
ARGEVT Carmack stallnode '2585.0   1.0 120.0'
ARGEVT Carmack jump
ARGEVT Carmack engage Joe Rogan
ARGEVT Joe Rogan engage Carmack
ARGEVT Joe Rogan grab item_armorInv
ARGLOG Joe Rogan t 111.8 pos '2462.4 -1820.9  24.0' spd 408.5 yaw  81.6 mode 2 st 3 gl 2 hp 100 frg 0
ARGLOG Romero t 111.9 pos '2352.0 -738.8  56.0' spd 165.7 yaw 66 mode 1 st 4 gl 2 hp 13 frg 5
ARGLOG Carmack t 112.0 pos '2619.7 -30.7 158.9' spd  36.9 yaw 269.7 mode 0 st 11 gl 4 hp 91 frg 3
ARGEVT Joe Rogan hazard
ARGEVT Joe Rogan route 7 start '2553.0 -1887.0  24.0' goal '2361.0 -703.0  56.0'
ARGLOG Joe Rogan t 112.3 pos '2531.8 -1902.5  24.0' spd  42.9 yaw  83.1 mode 2 st 3 gl 2 hp 100 frg 0
ARGEVT Carmack pursue
ARGEVT Joe Rogan pursue
ARGLOG Romero t 112.4 pos '2428.2 -591.2  56.0' spd 338.9 yaw 71 mode 1 st 4 gl 2 hp 13 frg 5
ARGEVT Romero hazard
ARGLOG Carmack t 112.5 pos '2608.5 -82.7 120.0' spd 320.0 yaw 267 mode 0 st 11 gl 4 hp 91 frg 3
ARGLOG Joe Rogan t 112.8 pos '2545.5 -1774.3  24.0' spd 320.0 yaw 87 mode 2 st 3 gl 2 hp 100 frg 0
ARGLOG Romero t 112.9 pos '2399.3 -418.6  11.8' spd 347.0 yaw 60 mode 1 st 4 gl 2 hp 13 frg 5
ARGLOG Carmack t 113.0 pos '2599.9 -246.6 120.0' spd 320.0 yaw 267 mode 0 st 11 gl 4 hp 91 frg 3
ARGEVT Carmack goal item_health
ARGLOG Joe Rogan t 113.3 pos '2554.1 -1609.4  24.0' spd 320.0 yaw 87 mode 2 st 3 gl 2 hp 100 frg 0
ARGLOG Romero t 113.5 pos '2480.6 -304.6   8.0' spd 323.0 yaw 333.4 mode 1 st 4 gl 2 hp 13 frg 5
ARGLOG Carmack t 113.5 pos '2591.2 -411.8 120.0' spd 320.0 yaw 267 mode 1 st 11 gl 4 hp 91 frg 3
ARGLOG Joe Rogan t 113.9 pos '2562.8 -1443.9  24.0' spd 320 yaw 87 mode 2 st 3 gl 2 hp 100 frg 0
ARGEVT Romero hazard
ARGLOG Romero t 114.0 pos '2628.0 -370.1  24.0' spd 336.9 yaw  39.7 mode 1 st 4 gl 2 hp 13 frg 5
ARGLOG Carmack t 114.0 pos '2582.6 -577.0 120.0' spd 320.0 yaw 266 mode 1 st 11 gl 4 hp 91 frg 3
ARGEVT Joe Rogan hazard
ARGLOG Joe Rogan t 114.4 pos '2547.0 -1296.0  24.0' spd 190.4 yaw 86 mode 2 st 3 gl 2 hp 100 frg 0
ARGLOG Romero t 114.5 pos '2516.4 -304.6  24.0' spd 322.2 yaw 205.1 mode 1 st 4 gl 2 hp 13 frg 5
ARGLOG Carmack t 114.5 pos '2574.5 -742.8 120.0' spd 331.3 yaw 233.0 mode 1 st 11 gl 4 hp 91 frg 3
ARGLOG Joe Rogan t 114.9 pos '2461.8 -1171.2  24.0' spd 124.7 yaw  67.5 mode 2 st 3 gl 2 hp 100 frg 0
ARGLOG Romero t 115.0 pos '2426.2 -445.1   8.0' spd 340.9 yaw 295 mode 1 st 4 gl 2 hp 13 frg 5
ARGEVT Carmack pursue
ARGLOG Carmack t 115.1 pos '2580.3 -793.8 120.0' spd 321.7 yaw 260 mode 1 st 11 gl 4 hp 75 frg 3
ARGEVT Romero hazard
ARGLOG Joe Rogan t 115.4 pos '2468.0 -1142.1  24.0' spd 127.8 yaw  89.3 mode 2 st 3 gl 2 hp 100 frg 0
ARGLOG Romero t 115.5 pos '2427.5 -528.0   8.0' spd  39.9 yaw 279 mode 1 st 4 gl 2 hp 13 frg 5
ARGLOG Carmack t 115.6 pos '2480.8 -824.8 120.0' spd 242.7 yaw 298.5 mode 1 st 11 gl 4 hp 72 frg 3
ARGEVT Joe Rogan death Carmack pos '2516.1 -1108.4  24.0'
ARGEVT Carmack goal 
ARGEVT Carmack route 2 start '2521.0 -895.0 120.0' goal '2457.0 -1151.0  24.0'
ARGEVT Carmack hazard
ARGLOG Romero t 116.0 pos '2440.3 -528.0   8.0' spd  21.8 yaw 276 mode 1 st 4 gl 2 hp 13 frg 5
ARGLOG Carmack t 116.1 pos '2613.2 -877.1 120.0' spd 306.0 yaw 217 mode 2 st 11 gl 4 hp 72 frg 4
ARGEVT Romero hazard
ARGLOG Romero t 116.6 pos '2378.7 -528.0   8.0' spd 188.6 yaw 288 mode 1 st 4 gl 2 hp 13 frg 5
ARGLOG Carmack t 116.6 pos '2450.8 -975.9 107.1' spd 385.7 yaw 282 mode 1 st 11 gl 4 hp 72 frg 4
ARGLOG Romero t 117.1 pos '2307.8 -528.0   8.0' spd  94.9 yaw 347.9 mode 1 st 4 gl 2 hp 13 frg 5
ARGEVT Carmack goal item_health
ARGLOG Carmack t 117.1 pos '2458.8 -1159.8  26.6' spd 329.1 yaw 337.3 mode 0 st 11 gl 5 hp 72 frg 4
ARGEVT Joe Rogan respawn
ARGEVT Carmack routefail
ARGEVT Joe Rogan goal weapon_rocketlauncher
ARGLOG Joe Rogan t 117.3 pos '1712.0 -504.0  24.0' spd 0 yaw 286.6 mode 0 st 3 gl 2 hp 100 frg 0
ARGEVT Carmack goal item_armorInv
ARGEVT Joe Rogan route 14 start '1721.0 -575.0  24.0' goal '1465.0 -703.0 184.0'
ARGEVT Joe Rogan hazard
ARGEVT Romero hazard
ARGLOG Romero t 117.6 pos '2467.2 -528.0   8.0' spd 285.8 yaw 258.7 mode 1 st 4 gl 2 hp 13 frg 5
ARGLOG Carmack t 117.6 pos '2530.6 -1316.0  24.0' spd 378.8 yaw   9.6 mode 0 st 11 gl 5 hp 72 frg 4
ARGEVT Carmack routefail
ARGEVT Carmack goal item_armor2
ARGLOG Joe Rogan t 117.8 pos '1845.5 -559.2  56.0' spd 325.3 yaw 54 mode 2 st 3 gl 2 hp 100 frg 0
ARGEVT Carmack hazard
ARGEVT Carmack route 19 start '2585.0 -1375.0  24.0' goal '2009.0 -991.0  32.0'
ARGLOG Romero t 118.1 pos '2371.0 -528.0   8.0' spd 239.5 yaw 283 mode 1 st 4 gl 2 hp 13 frg 5
ARGLOG Carmack t 118.1 pos '2515.3 -1261.9  24.0' spd 350.9 yaw 103 mode 2 st 11 gl 5 hp 72 frg 4
ARGLOG Joe Rogan t 118.3 pos '2009.9 -559.1 104.0' spd 327.9 yaw 85 mode 2 st 3 gl 2 hp 100 frg 0
ARGEVT Romero hazard
ARGLOG Romero t 118.6 pos '2319.1 -528.0   8.0' spd 239.1 yaw 358 mode 1 st 4 gl 2 hp 13 frg 5
ARGLOG Carmack t 118.7 pos '2459.4 -1103.2  24.0' spd 321.9 yaw 73 mode 2 st 11 gl 5 hp 72 frg 4
ARGEVT Carmack lift
ARGLOG Joe Rogan t 118.8 pos '2054.0 -413.3 104.0' spd 320.8 yaw 92 mode 2 st 3 gl 2 hp 100 frg 0
ARGLOG Romero t 119.1 pos '2480.5 -528.0   8.0' spd 254.9 yaw 242.0 mode 1 st 4 gl 2 hp 13 frg 5
ARGLOG Carmack t 119.2 pos '2456.8 -1069.5  24.0' spd 0 yaw 104 mode 2 st 11 gl 5 hp 72 frg 4
ARGLOG Joe Rogan t 119.3 pos '2046.0 -247.8  40.0' spd 329.5 yaw 30 mode 2 st 3 gl 2 hp 100 frg 0
ARGEVT Romero engage Joe Rogan
ARGEVT Joe Rogan engage Romero
ARGLOG Romero t 119.6 pos '2411.9 -474.0   8.0' spd 335.9 yaw 144.9 mode 1 st 4 gl 2 hp 13 frg 5
ARGLOG Carmack t 119.7 pos '2456.8 -1069.5  24.0' spd 0 yaw 104 mode 2 st 11 gl 5 hp 72 frg 4
ARGLOG Joe Rogan t 119.8 pos '2019.9 -261.0  40.0' spd 325.9 yaw 339.0 mode 2 st 3 gl 2 hp 100 frg 0
ARGEVT Romero grab weapon_nailgun
ARGEVT Romero pursue
ARGEVT Joe Rogan pursue
ARGLOG Romero t 120.2 pos '2411.6 -316.1   8.0' spd 362.0 yaw 162 mode 1 st 4 gl 2 hp 13 frg 5
ARGLOG Carmack t 120.2 pos '2456.8 -1069.5  24.0' spd 0 yaw 92 mode 2 st 11 gl 5 hp 72 frg 4
ARGEVT Joe Rogan hazard
ARGLOG Joe Rogan t 120.4 pos '2059.9 -345.4  88.0' spd 390.3 yaw  34.6 mode 2 st 3 gl 2 hp 100 frg 0
ARGLOG Romero t 120.7 pos '2249.0 -302.1  24.0' spd 336.1 yaw 160.4 mode 1 st 4 gl 2 hp 13 frg 5
ARGLOG Carmack t 120.7 pos '2456.5 -1061.2  24.0' spd 163.2 yaw 92 mode 2 st 11 gl 5 hp 72 frg 4
ARGEVT Carmack board
ARGLOG Joe Rogan t 120.9 pos '2027.2 -223.0  24.0' spd 195.3 yaw 340.7 mode 2 st 3 gl 2 hp 84 frg 0
ARGEVT Joe Rogan grab item_health
ARGEVT Romero grab item_rockets
ARGLOG Romero t 121.2 pos '2256.0 -259.1  24.0' spd 155.7 yaw 197.6 mode 1 st 4 gl 2 hp 13 frg 5
ARGEVT Romero pursue
ARGLOG Carmack t 121.2 pos '2453.6 -979.1  94.1' spd 166.4 yaw 92 mode 2 st 11 gl 5 hp 72 frg 4
ARGEVT Joe Rogan pursue
ARGLOG Joe Rogan t 121.4 pos '2008.0 -375.2 104.0' spd 264.6 yaw 22 mode 2 st 3 gl 2 hp 84 frg 0
ARGEVT Joe Rogan hazard
ARGLOG Romero t 121.7 pos '2113.3 -199.3  24.0' spd 328.6 yaw 211.3 mode 1 st 4 gl 2 hp 13 frg 5
ARGEVT Romero grab item_health
ARGLOG Carmack t 121.8 pos '2447.1 -816.0 120.0' spd   5.7 yaw  75.4 mode 2 st 11 gl 5 hp 72 frg 4
ARGEVT Carmack hazard
ARGLOG Joe Rogan t 121.9 pos '2058.8 -312.2  72.0' spd 163.2 yaw  91.0 mode 2 st 3 gl 2 hp 60 frg 0
ARGEVT Romero abandon
ARGEVT Romero goal item_health
ARGLOG Romero t 122.2 pos '1992.2 -93.4  24.0' spd 322.9 yaw 276.9 mode 1 st 4 gl 2 hp 9 frg 5
ARGLOG Carmack t 122.3 pos '2591.6 -805.8 120.0' spd 392.1 yaw 271.8 mode 2 st 11 gl 5 hp 72 frg 4
ARGLOG Joe Rogan t 122.4 pos '2039.5 -466.0 104.0' spd 230.5 yaw  96.5 mode 0 st 3 gl 2 hp 77 frg 0
ARGEVT Joe Rogan route 13 start '1977.0 -415.0 104.0' goal '1465.0 -703.0 184.0'
ARGLOG Romero t 122.7 pos '1954.4 -45.1  24.0' spd  96.1 yaw 271.9 mode 1 st 4 gl 2 hp 32 frg 5
ARGEVT Joe Rogan grab item_artifact_super_damage
ARGLOG Carmack t 122.8 pos '2499.9 -867.4 120.0' spd 350.0 yaw 146 mode 2 st 11 gl 5 hp 72 frg 4
ARGLOG Joe Rogan t 122.9 pos '1906.5 -543.6  88.0' spd 370.8 yaw  85.3 mode 2 st 3 gl 2 hp 100 frg 0
ARGEVT Carmack door
ARGEVT Joe Rogan hazard
ARGEVT Romero pursue
ARGEVT Joe Rogan pursue
ARGLOG Romero t 123.2 pos '1981.1 -121.8  24.0' spd 358.9 yaw 267 mode 1 st 4 gl 2 hp 32 frg 5
ARGLOG Carmack t 123.3 pos '2454.6 -846.3 120.0' spd  60.1 yaw 276 mode 2 st 11 gl 5 hp 72 frg 4
ARGLOG Joe Rogan t 123.5 pos '1862.2 -472.5  56.0' spd 361.8 yaw  30.1 mode 2 st 3 gl 2 hp 100 frg 0
ARGLOG Romero t 123.8 pos '1998.3 -288.7  56.0' spd 321.4 yaw 260 mode 1 st 4 gl 2 hp 32 frg 5
ARGLOG Carmack t 123.8 pos '2454.6 -846.3 120.0' spd 0 yaw 276 mode 2 st 11 gl 5 hp 72 frg 4
ARGLOG Joe Rogan t 124.0 pos '1948.1 -518.4 104.0' spd 381.5 yaw  46.0 mode 2 st 3 gl 2 hp 76 frg 0
ARGEVT Joe Rogan hazard
ARGLOG Romero t 124.3 pos '2007.3 -382.3 104.0' spd 320.0 yaw 274.7 mode 1 st 4 gl 2 hp 28 frg 5
ARGLOG Carmack t 124.3 pos '2454.6 -846.3 120.0' spd 0 yaw 276 mode 2 st 11 gl 5 hp 72 frg 4
ARGEVT Joe Rogan grab item_health
ARGLOG Joe Rogan t 124.5 pos '1982.7 -553.0 104.0' spd  76.1 yaw  78.7 mode 2 st 3 gl 2 hp 60 frg 0
ARGEVT Romero hazard
ARGLOG Romero t 124.8 pos '2033.9 -347.0  88.0' spd 350.6 yaw 249.1 mode 1 st 4 gl 2 hp 24 frg 5
ARGLOG Carmack t 124.8 pos '2454.6 -846.3 120.0' spd 0 yaw 276 mode 2 st 11 gl 5 hp 72 frg 4
ARGLOG Joe Rogan t 125.0 pos '1959.1 -542.7 104.0' spd 248.8 yaw  86.5 mode 2 st 3 gl 2 hp 36 frg 0
ARGLOG Romero t 125.3 pos '2053.8 -317.0  72.0' spd  98.1 yaw 245.3 mode 1 st 4 gl 2 hp 21 frg 5
ARGLOG Carmack t 125.4 pos '2454.6 -846.3 120.0' spd 0 yaw 276 mode 2 st 11 gl 5 hp 72 frg 4
ARGLOG Joe Rogan t 125.5 pos '1951.9 -539.0 104.0' spd 112.6 yaw  71.0 mode 2 st 3 gl 2 hp 12 frg 0
ARGLOG Romero t 125.8 pos '2033.7 -290.5  56.0' spd 327.1 yaw 255.2 mode 1 st 4 gl 2 hp 17 frg 5
ARGLOG Carmack t 125.9 pos '2454.6 -846.3 120.0' spd 0 yaw 276 mode 2 st 11 gl 5 hp 72 frg 4
ARGLOG Joe Rogan t 126.0 pos '1935.9 -530.3  88.0' spd 226.1 yaw  64.9 mode 2 st 3 gl 2 hp 4 frg 0
ARGLOG Romero t 126.3 pos '1997.7 -288.6  56.0' spd 249.8 yaw 228.2 mode 1 st 4 gl 2 hp 15 frg 5
ARGLOG Carmack t 126.4 pos '2454.6 -846.3 120.0' spd 0 yaw 276 mode 2 st 11 gl 5 hp 72 frg 4
ARGEVT Romero pursue
ARGEVT Joe Rogan pursue
ARGLOG Joe Rogan t 126.6 pos '1871.9 -486.7  56.0' spd 261.6 yaw 52 mode 2 st 3 gl 2 hp 4 frg 0
ARGEVT Joe Rogan hazard
ARGEVT Joe Rogan grab item_health
ARGEVT Joe Rogan death Romero pos '1929.0 -486.8  88.0'
ARGEVT Romero goal item_health
ARGLOG Romero t 126.9 pos '2049.6 -390.2 104.0' spd 317.0 yaw  92.6 mode 1 st 4 gl 2 hp 11 frg 6
ARGLOG Carmack t 126.9 pos '2454.6 -846.3 120.0' spd 0 yaw 276 mode 2 st 11 gl 5 hp 72 frg 4
ARGEVT Romero hazard
ARGLOG Romero t 127.4 pos '1969.5 -295.1  56.0' spd 342.8 yaw 255 mode 1 st 4 gl 2 hp 11 frg 6
ARGLOG Carmack t 127.4 pos '2454.6 -846.3 120.0' spd 0 yaw 276 mode 2 st 11 gl 5 hp 72 frg 4
ARGLOG Romero t 127.9 pos '1967.1 -464.7 104.0' spd 326.0 yaw 255 mode 1 st 4 gl 2 hp 11 frg 6
ARGLOG Carmack t 127.9 pos '2454.6 -846.3 120.0' spd 0 yaw 276 mode 2 st 11 gl 5 hp 72 frg 4
ARGEVT Joe Rogan respawn
ARGEVT Joe Rogan goal weapon_rocketlauncher
ARGLOG Joe Rogan t 128.3 pos '2048.0 -1352.0 136.0' spd 0 yaw 196.6 mode 0 st 3 gl 2 hp 100 frg 0
ARGEVT Joe Rogan routefail
ARGLOG Romero t 128.4 pos '1870.4 -558.2  56.0' spd 320.1 yaw 169.1 mode 1 st 4 gl 2 hp 11 frg 6
ARGLOG Carmack t 128.5 pos '2454.6 -846.3 120.0' spd 0 yaw 276 mode 2 st 11 gl 5 hp 72 frg 4
ARGEVT Joe Rogan goal weapon_rocketlauncher
ARGEVT Joe Rogan hazard
ARGEVT Joe Rogan routefail
ARGEVT Joe Rogan goal item_health
ARGEVT Joe Rogan routefail
ARGEVT Romero hazard
ARGLOG Joe Rogan t 128.8 pos '1894.9 -1385.3  88.0' spd 352.1 yaw 130.7 mode 0 st 3 gl 2 hp 100 frg 0
ARGEVT Joe Rogan goal item_armor2
ARGLOG Romero t 128.9 pos '1726.3 -475.9  24.0' spd 196.6 yaw   4.6 mode 1 st 4 gl 2 hp 11 frg 6
ARGEVT Joe Rogan route 4 start '1849.0 -1375.0  72.0' goal '2009.0 -991.0  32.0'
ARGLOG Carmack t 129.0 pos '2454.6 -846.3 120.0' spd 0 yaw 276 mode 2 st 11 gl 5 hp 72 frg 4
ARGLOG Joe Rogan t 129.3 pos '1887.4 -1197.9  43.2' spd 428.1 yaw 333 mode 2 st 3 gl 2 hp 100 frg 0
ARGLOG Romero t 129.4 pos '1862.0 -475.7  56.0' spd 328.3 yaw 327.0 mode 1 st 4 gl 2 hp 11 frg 6
ARGLOG Carmack t 129.5 pos '2454.6 -846.3 120.0' spd 0 yaw 276 mode 2 st 11 gl 5 hp 72 frg 4
ARGEVT Joe Rogan hazard
ARGEVT Romero hazard
ARGLOG Joe Rogan t 129.8 pos '1918.8 -1239.5  20.0' spd 332.3 yaw 343 mode 2 st 3 gl 2 hp 100 frg 0
ARGLOG Romero t 129.9 pos '1914.4 -560.0 102.0' spd 326.6 yaw 194 mode 1 st 4 gl 2 hp 11 frg 6
ARGLOG Carmack t 130.0 pos '2454.6 -846.3 120.0' spd 0 yaw 276 mode 2 st 11 gl 5 hp 72 frg 4
ARGEVT Carmack door
ARGLOG Joe Rogan t 130.4 pos '1936.0 -1264.0  20.0' spd 0 yaw 38 mode 2 st 3 gl 2 hp 100 frg 0
ARGEVT Carmack door
ARGEVT Carmack hazard
ARGLOG Romero t 130.5 pos '1768.4 -560.0  24.0' spd 107.4 yaw 326.5 mode 1 st 4 gl 2 hp 11 frg 6
ARGLOG Carmack t 130.5 pos '2448.0 -904.2 120.0' spd 241.0 yaw 113 mode 2 st 11 gl 5 hp 72 frg 4
ARGEVT Joe Rogan hazard
ARGLOG Joe Rogan t 130.9 pos '1936.0 -1264.0  20.0' spd 0 yaw 38 mode 2 st 3 gl 2 hp 100 frg 0
ARGLOG Romero t 131.0 pos '1921.2 -553.9  88.0' spd 340.2 yaw 348.3 mode 1 st 4 gl 2 hp 11 frg 6
ARGLOG Carmack t 131.0 pos '2450.5 -912.0 109.1' spd  47.7 yaw 113 mode 2 st 11 gl 5 hp 72 frg 4
ARGEVT Romero hazard
ARGLOG Joe Rogan t 131.4 pos '1936.0 -1264.0  20.0' spd 0 yaw 38 mode 2 st 3 gl 2 hp 100 frg 0
ARGEVT Carmack hazard
ARGLOG Romero t 131.5 pos '2055.4 -553.8 104.0' spd  32.4 yaw 210.2 mode 1 st 4 gl 2 hp 11 frg 6
ARGLOG Carmack t 131.5 pos '2443.8 -816.0 120.0' spd  73.2 yaw 100 mode 2 st 11 gl 5 hp 72 frg 4
ARGEVT Joe Rogan hazard
ARGLOG Joe Rogan t 131.9 pos '1936.0 -1264.0  20.0' spd 0 yaw 38 mode 2 st 3 gl 2 hp 100 frg 0
ARGLOG Romero t 132.0 pos '1897.9 -548.4  72.0' spd 354.9 yaw 229.2 mode 1 st 4 gl 2 hp 11 frg 6
ARGLOG Carmack t 132.1 pos '2447.7 -816.0 120.0' spd  43.5 yaw 101 mode 2 st 11 gl 5 hp 72 frg 4
ARGEVT Romero hazard
ARGLOG Joe Rogan t 132.4 pos '1936.0 -1264.0  20.0' spd 0 yaw 38 mode 2 st 3 gl 2 hp 100 frg 0
ARGLOG Romero t 132.5 pos '1840.0 -560.0  40.0' spd 0 yaw   8.0 mode 1 st 4 gl 2 hp 11 frg 6
ARGEVT Carmack hazard
ARGEVT Carmack stall
ARGEVT Carmack stallnode '2361.0 -703.0  56.0'
ARGLOG Carmack t 132.6 pos '2445.9 -816.0 120.0' spd  56.1 yaw 225.8 mode 0 st 12 gl 5 hp 72 frg 4
ARGEVT Carmack jump
ARGEVT Joe Rogan hazard
ARGEVT Carmack route 15 start '2393.0 -831.0 120.0' goal '2009.0 -991.0  32.0'
ARGLOG Joe Rogan t 132.9 pos '1936.0 -1264.0  20.0' spd 0 yaw 352 mode 2 st 3 gl 2 hp 100 frg 0
ARGLOG Romero t 133.0 pos '2000.7 -558.1 104.0' spd 351.4 yaw 304.8 mode 1 st 4 gl 2 hp 11 frg 6
ARGLOG Carmack t 133.1 pos '2448.0 -805.4 141.5' spd  23.1 yaw 130 mode 2 st 12 gl 5 hp 72 frg 4
ARGEVT Joe Rogan stall
ARGEVT Joe Rogan stallnode '1945.0 -1375.0 120.0'
ARGEVT Joe Rogan jump
ARGEVT Joe Rogan routefail
ARGEVT Carmack stall
ARGEVT Carmack stallnode '2393.0 -831.0 120.0'
ARGEVT Carmack jump
ARGEVT Joe Rogan plan powerup via weapon
ARGEVT Joe Rogan goal weapon_grenadelauncher
ARGLOG Joe Rogan t 133.5 pos '1936.0 -1264.0  58.8' spd 0 yaw 341.9 mode 0 st 4 gl 2 hp 100 frg 0
ARGEVT Joe Rogan routefail
ARGLOG Romero t 133.6 pos '1972.6 -557.6 104.0' spd 328.0 yaw 162 mode 1 st 4 gl 2 hp 11 frg 6
ARGLOG Carmack t 133.6 pos '2448.0 -840.6 158.9' spd  80.5 yaw 317.9 mode 0 st 13 gl 5 hp 72 frg 4
ARGEVT Joe Rogan plan powerup via weapon
ARGEVT Joe Rogan goal weapon_supershotgun
ARGEVT Joe Rogan routefail
ARGEVT Joe Rogan plan powerup via weapon
ARGEVT Joe Rogan goal weapon_nailgun
ARGEVT Joe Rogan stall
ARGEVT Joe Rogan jump
ARGEVT Joe Rogan routefail
ARGLOG Joe Rogan t 134.0 pos '1936.0 -1262.5  41.3' spd  27.8 yaw 254.1 mode 0 st 5 gl 2 hp 100 frg 0
ARGEVT Romero hazard
ARGLOG Romero t 134.1 pos '1799.5 -556.6  24.0' spd 398.5 yaw 277.2 mode 1 st 4 gl 2 hp 11 frg 6
ARGLOG Carmack t 134.1 pos '2476.9 -902.8 120.0' spd 321.2 yaw 317.9 mode 0 st 13 gl 5 hp 72 frg 4
ARGEVT Carmack hazard
ARGLOG Joe Rogan t 134.5 pos '1936.0 -1251.3  21.4' spd  50.4 yaw  15.6 mode 0 st 5 gl 2 hp 100 frg 0
ARGEVT Joe Rogan hazard
ARGLOG Romero t 134.6 pos '1872.2 -550.2  72.0' spd 324.3 yaw  21.0 mode 1 st 4 gl 2 hp 11 frg 6
ARGLOG Carmack t 134.6 pos '2538.8 -887.6 120.0' spd 321.1 yaw  97.2 mode 0 st 13 gl 5 hp 72 frg 4
ARGEVT Carmack goal item_artifact_super_damage
ARGEVT Carmack door
ARGEVT Carmack routefail
ARGLOG Joe Rogan t 135.0 pos '1936.0 -1264.0  20.0' spd 0 yaw  15.6 mode 0 st 5 gl 2 hp 100 frg 0
ARGEVT Carmack goal item_health
ARGLOG Romero t 135.1 pos '2039.1 -557.4 104.0' spd 354.3 yaw 286.7 mode 1 st 4 gl 2 hp 11 frg 6
ARGEVT Romero hazard
ARGLOG Carmack t 135.2 pos '2534.2 -821.8 120.0' spd  80.6 yaw 212.1 mode 0 st 13 gl 5 hp 72 frg 4
ARGEVT Carmack route 14 start '2521.0 -895.0 120.0' goal '2073.0 -991.0 344.0'
ARGEVT Joe Rogan goal item_armorInv
ARGEVT Joe Rogan routefail
ARGLOG Joe Rogan t 135.5 pos '1936.0 -1264.0  20.0' spd 0 yaw 341 mode 0 st 5 gl 2 hp 100 frg 0
ARGEVT Joe Rogan hazard
ARGEVT Joe Rogan goal item_armorInv
ARGLOG Romero t 135.6 pos '1955.7 -560.0 104.0' spd 332.8 yaw 188.2 mode 1 st 4 gl 2 hp 11 frg 6
ARGEVT Joe Rogan routefail
ARGLOG Carmack t 135.7 pos '2534.2 -821.8 120.0' spd 0 yaw 265 mode 2 st 13 gl 5 hp 72 frg 4
ARGEVT Joe Rogan goal 
ARGEVT Joe Rogan route 4 start '1849.0 -1375.0  72.0' goal '2009.0 -991.0  32.0'
ARGEVT Joe Rogan stall
ARGEVT Joe Rogan stallnode '1849.0 -1375.0  72.0'
ARGLOG Joe Rogan t 136.0 pos '1936.0 -1264.0  20.0' spd 0 yaw 498.4 mode 0 st 6 gl 2 hp 100 frg 0
ARGEVT Joe Rogan jump
ARGEVT Carmack door
ARGLOG Romero t 136.1 pos '1790.7 -551.6  24.0' spd 279.4 yaw 295.2 mode 1 st 4 gl 2 hp 11 frg 6
ARGEVT Carmack door
ARGEVT Romero hazard
ARGEVT Carmack door
ARGLOG Carmack t 136.2 pos '2517.7 -895.1 120.0' spd 344.2 yaw 129 mode 2 st 13 gl 5 hp 72 frg 4
ARGUS routecache adopt
ARGEVT Joe Rogan route 3 start '1945.0 -1375.0 120.0' goal '2009.0 -991.0  32.0'
ARGEVT Carmack door
ARGLOG Joe Rogan t 136.6 pos '1936.0 -1264.0  42.4' spd 0 yaw 352 mode 2 st 6 gl 2 hp 100 frg 0
ARGLOG Romero t 136.7 pos '1911.5 -541.7  88.0' spd 328.1 yaw 342.7 mode 1 st 4 gl 2 hp 11 frg 6
ARGEVT Joe Rogan hazard
ARGLOG Carmack t 136.7 pos '2448.0 -948.7 109.3' spd 327.7 yaw 109 mode 2 st 13 gl 5 hp 72 frg 4
ARGEVT Joe Rogan stall
ARGEVT Joe Rogan stallnode '1945.0 -1375.0 120.0'
ARGEVT Joe Rogan jump
ARGEVT Carmack hazard
ARGLOG Joe Rogan t 137.1 pos '1935.6 -1259.3  58.9' spd 30 yaw  94.5 mode 0 st 7 gl 2 hp 100 frg 0
ARGLOG Romero t 137.2 pos '2055.2 -535.9 104.0' spd 155.7 yaw 267.1 mode 1 st 4 gl 2 hp 11 frg 6
ARGLOG Carmack t 137.2 pos '2416.9 -820.9 120.0' spd 322.0 yaw 94 mode 2 st 13 gl 5 hp 72 frg 4
ARGEVT Romero hazard
ARGLOG Joe Rogan t 137.6 pos '1931.8 -1207.0  20.0' spd 320 yaw  94.5 mode 0 st 7 gl 2 hp 100 frg 0
ARGLOG Romero t 137.7 pos '1938.5 -548.6 104.0' spd 167.7 yaw 333.2 mode 1 st 4 gl 2 hp 11 frg 6
ARGLOG Carmack t 137.7 pos '2353.0 -789.8  56.0' spd 190.1 yaw 80 mode 2 st 13 gl 5 hp 72 frg 4
ARGEVT Carmack abandon
ARGEVT Carmack goal item_health
ARGEVT Carmack routefail
ARGLOG Joe Rogan t 138.1 pos '1920.3 -1042.3  20.0' spd 320 yaw  94.5 mode 0 st 7 gl 2 hp 100 frg 0
ARGEVT Carmack goal item_health
ARGLOG Romero t 138.2 pos '2064.0 -516.7 104.0' spd 198.2 yaw 265.4 mode 1 st 4 gl 2 hp 11 frg 6
ARGEVT Carmack routefail
ARGLOG Carmack t 138.3 pos '2352.0 -821.9  56.0' spd 325.8 yaw 253 mode 0 st 13 gl 5 hp 72 frg 4
ARGEVT Joe Rogan goal item_armor2
ARGEVT Joe Rogan routefail
ARGEVT Carmack goal 
ARGEVT Carmack hazard
ARGEVT Romero hazard
ARGEVT Carmack route 15 start '2361.0 -863.0  56.0' goal '2009.0 -991.0  32.0'
ARGEVT Joe Rogan goal item_armor2
ARGEVT Joe Rogan routefail
ARGLOG Joe Rogan t 138.6 pos '1867.3 -884.7  20.0' spd 320.2 yaw 110.5 mode 0 st 7 gl 2 hp 100 frg 0
ARGEVT Joe Rogan hazard
ARGEVT Joe Rogan goal 
ARGLOG Romero t 138.7 pos '1944.2 -530.0 104.0' spd 320.1 yaw 166 mode 1 st 4 gl 2 hp 11 frg 6
ARGEVT Joe Rogan routefail
ARGLOG Carmack t 138.8 pos '2352.0 -792.4  56.0' spd 355.0 yaw 80 mode 2 st 13 gl 5 hp 72 frg 4
ARGEVT Joe Rogan goal item_health
ARGEVT Carmack abandon
ARGEVT Joe Rogan routefail
ARGEVT Carmack goal item_health
ARGEVT Carmack routefail
ARGEVT Joe Rogan goal item_health
ARGLOG Joe Rogan t 139.1 pos '1758.9 -848.0  20.0' spd 184.1 yaw 102 mode 0 st 7 gl 2 hp 100 frg 0
ARGEVT Carmack goal item_health
ARGEVT Joe Rogan routefail
ARGLOG Romero t 139.2 pos '1779.1 -558.0  24.0' spd 209.1 yaw 331.8 mode 1 st 4 gl 2 hp 11 frg 6
ARGLOG Carmack t 139.3 pos '2352.0 -655.5  56.0' spd 353.7 yaw 113.2 mode 0 st 13 gl 5 hp 72 frg 4
ARGEVT Joe Rogan goal item_rockets
ARGEVT Joe Rogan route 15 start '1657.0 -703.0  24.0' goal '1465.0 -703.0 184.0'
ARGEVT Carmack hazard
ARGEVT Carmack route 6 start '2393.0 -543.0  56.0' goal '2521.0 -223.0 120.0'
ARGLOG Joe Rogan t 139.6 pos '1688.4 -712.9  20.0' spd 339.8 yaw 76 mode 2 st 7 gl 2 hp 100 frg 0
ARGLOG Romero t 139.8 pos '1808.0 -560.0  24.0' spd 0 yaw 352 mode 1 st 4 gl 2 hp 11 frg 6
ARGLOG Carmack t 139.8 pos '2407.4 -532.5  56.0' spd 330.0 yaw 142 mode 2 st 13 gl 5 hp 72 frg 4
ARGEVT Romero engage Joe Rogan
ARGEVT Joe Rogan engage Romero
ARGLOG Joe Rogan t 140.2 pos '1721.2 -570.9  24.0' spd 104.0 yaw  71.4 mode 2 st 7 gl 2 hp 100 frg 0
ARGLOG Romero t 140.3 pos '1865.3 -526.1  56.0' spd 348.8 yaw 182.2 mode 1 st 4 gl 2 hp 11 frg 6
ARGLOG Carmack t 140.3 pos '2341.6 -360.2   8.0' spd 362.9 yaw 123 mode 2 st 13 gl 5 hp 72 frg 4
ARGEVT Romero grab item_health
ARGLOG Joe Rogan t 140.7 pos '1745.2 -507.7  24.0' spd 320.7 yaw 283.6 mode 2 st 7 gl 2 hp 76 frg 0
ARGLOG Romero t 140.8 pos '1892.8 -540.4  72.0' spd 158.2 yaw 179.8 mode 1 st 4 gl 2 hp 11 frg 6
ARGLOG Carmack t 140.8 pos '2172.5 -352.7   8.0' spd 323.6 yaw 205 mode 2 st 13 gl 5 hp 72 frg 4
ARGEVT Carmack hazard
ARGLOG Joe Rogan t 141.2 pos '1814.1 -485.0  40.0' spd 146.8 yaw 280.6 mode 2 st 7 gl 2 hp 52 frg 0
ARGLOG Romero t 141.3 pos '2014.7 -535.7 104.0' spd 187.2 yaw 177.5 mode 1 st 4 gl 2 hp 11 frg 6
ARGLOG Carmack t 141.4 pos '2129.2 -363.2  24.0' spd 322.3 yaw 52 mode 2 st 13 gl 5 hp 72 frg 4
ARGEVT Joe Rogan jump
ARGEVT Romero grab item_artifact_super_damage
ARGLOG Joe Rogan t 141.7 pos '1814.0 -545.0  64.4' spd 121.2 yaw  63.7 mode 2 st 7 gl 2 hp 28 frg 0
ARGLOG Romero t 141.8 pos '2040.7 -528.1 104.0' spd 243.6 yaw 182.2 mode 1 st 4 gl 2 hp 11 frg 6
ARGLOG Carmack t 141.9 pos '2100.9 -199.0  24.0' spd 321.9 yaw 146.9 mode 2 st 13 gl 5 hp 72 frg 4
ARGEVT Carmack engage Romero
ARGEVT Romero hazard
ARGEVT Romero grab item_health
ARGLOG Joe Rogan t 142.2 pos '1799.9 -474.9  24.0' spd 110.9 yaw 280.3 mode 2 st 7 gl 2 hp 4 frg 0
ARGLOG Romero t 142.3 pos '2008.0 -558.6 104.0' spd 205.9 yaw 165.6 mode 1 st 4 gl 2 hp 11 frg 6
ARGEVT Carmack pursue
ARGLOG Carmack t 142.4 pos '2208.8 -200.6  24.0' spd 329.2 yaw 244 mode 2 st 13 gl 5 hp 72 frg 4
ARGEVT Joe Rogan death Romero pos '1853.4 -549.5  56.0'
ARGEVT Romero goal item_health
ARGEVT Romero goal item_health
ARGEVT Romero routefail
ARGLOG Romero t 142.8 pos '2064.0 -452.1 104.5' spd 330.3 yaw 117.2 mode 0 st 4 gl 3 hp 57 frg 7
ARGLOG Carmack t 142.9 pos '2197.3 -370.3   8.0' spd 328.9 yaw 228 mode 0 st 13 gl 5 hp 66 frg 4
ARGEVT Romero goal 
ARGEVT Carmack route 5 start '2137.0 -479.0   8.0' goal '2521.0 -223.0 120.0'
ARGEVT Romero hazard
ARGEVT Carmack hazard
ARGUS routecache adopt
ARGEVT Carmack route 5 start '2137.0 -479.0   8.0' goal '2521.0 -223.0 120.0'
ARGLOG Romero t 143.4 pos '1980.2 -334.8  72.0' spd 252.4 yaw 243 mode 1 st 4 gl 3 hp 57 frg 7
ARGLOG Carmack t 143.4 pos '2142.2 -510.2   8.0' spd 223.8 yaw 140.1 mode 2 st 13 gl 5 hp 66 frg 4
ARGLOG Romero t 143.9 pos '1940.7 -505.2 104.0' spd 377.8 yaw 194 mode 1 st 4 gl 3 hp 57 frg 7
ARGLOG Carmack t 143.9 pos '2139.7 -373.6   8.0' spd 328.3 yaw 116.0 mode 2 st 13 gl 5 hp 66 frg 4
ARGEVT Joe Rogan respawn
ARGEVT Joe Rogan goal item_rockets
ARGLOG Joe Rogan t 144.1 pos '2248.0 -16.0 -136.0' spd 0 yaw 343.4 mode 1 st 7 gl 2 hp 100 frg 0
ARGEVT Romero goal item_rockets
ARGEVT Romero routefail
ARGEVT Joe Rogan hazard
ARGEVT Romero goal item_spikes
ARGLOG Romero t 144.4 pos '1777.3 -508.4  24.0' spd 415.5 yaw  68.8 mode 0 st 4 gl 4 hp 57 frg 7
ARGEVT Romero route 6 start '1817.0 -479.0  40.0' goal '1913.0 -223.0  24.0'
ARGEVT Romero hazard
ARGLOG Carmack t 144.4 pos '2100.8 -199.6  24.0' spd 323.9 yaw 148.6 mode 2 st 13 gl 5 hp 66 frg 4
ARGLOG Joe Rogan t 144.6 pos '2329.3 -76.9 -104.0' spd 283.2 yaw 210.9 mode 1 st 7 gl 2 hp 100 frg 0
ARGEVT Joe Rogan goal item_health
ARGEVT Joe Rogan route 12 start '2361.0 -63.0 -88.0' goal '1913.0 -63.0  24.0'
ARGLOG Romero t 144.9 pos '1782.3 -477.1  24.0' spd 348.8 yaw 334 mode 2 st 4 gl 4 hp 57 frg 7
ARGLOG Carmack t 145.0 pos '2090.2 -37.6  24.0' spd 416.5 yaw 355 mode 2 st 13 gl 5 hp 66 frg 4
ARGEVT Joe Rogan route 13 start '2233.0 -31.0 -136.0' goal '1913.0 -63.0  24.0'
ARGLOG Joe Rogan t 145.1 pos '2192.5 -116.4 -112.8' spd 320 yaw 247.0 mode 2 st 7 gl 3 hp 100 frg 0
ARGEVT Joe Rogan hazard
ARGLOG Romero t 145.4 pos '1853.5 -554.0  56.0' spd 269.0 yaw 10 mode 2 st 4 gl 4 hp 57 frg 7
ARGLOG Carmack t 145.5 pos '2220.0 -134.5  24.0' spd 383.3 yaw 231 mode 2 st 13 gl 5 hp 66 frg 4
ARGLOG Joe Rogan t 145.6 pos '2282.4 -195.6 -136.0' spd 354.3 yaw 19 mode 2 st 7 gl 3 hp 100 frg 0
ARGEVT Romero hazard
ARGEVT Joe Rogan jump
ARGLOG Romero t 145.9 pos '1740.2 -496.7  24.0' spd 413.6 yaw 349 mode 2 st 4 gl 4 hp 57 frg 7
ARGLOG Carmack t 146.0 pos '2142.0 -285.7  24.0' spd 321.6 yaw 32 mode 2 st 13 gl 5 hp 66 frg 4
ARGEVT Carmack hazard
ARGUS routecache adopt
ARGEVT Joe Rogan route 12 start '2361.0 -63.0 -88.0' goal '1913.0 -63.0  24.0'
ARGLOG Joe Rogan t 146.1 pos '2291.7 -12.9 -101.6' spd 370.5 yaw  32.0 mode 0 st 7 gl 3 hp 100 frg 0
ARGUS routecache adopt
ARGEVT Joe Rogan route 12 start '2361.0 -63.0 -88.0' goal '1913.0 -63.0  24.0'
ARGEVT Carmack route 5 start '2137.0 -479.0   8.0' goal '2521.0 -223.0 120.0'
ARGLOG Romero t 146.5 pos '1910.3 -512.3  88.0' spd 320.8 yaw 59 mode 2 st 4 gl 4 hp 57 frg 7
ARGEVT Joe Rogan hazard
ARGLOG Carmack t 146.5 pos '2132.7 -451.6   8.0' spd 331.2 yaw 59 mode 2 st 13 gl 5 hp 66 frg 4
ARGUS routecache adopt
ARGEVT Carmack route 5 start '2137.0 -479.0   8.0' goal '2521.0 -223.0 120.0'
ARGEVT Joe Rogan route 13 start '2233.0 -31.0 -136.0' goal '1913.0 -63.0  24.0'
ARGLOG Joe Rogan t 146.7 pos '2320.0  16.0 -120.0' spd 0 yaw 347 mode 2 st 7 gl 3 hp 100 frg 0
ARGLOG Romero t 147.0 pos '2061.3 -522.0 104.0' spd 321.6 yaw 93 mode 2 st 4 gl 4 hp 57 frg 7
ARGEVT Romero hazard
ARGLOG Carmack t 147.0 pos '2136.3 -454.3   8.0' spd 333.7 yaw 60 mode 2 st 13 gl 5 hp 66 frg 4
ARGLOG Joe Rogan t 147.2 pos '2376.0   8.2 -88.0' spd 320.6 yaw 355 mode 2 st 7 gl 3 hp 100 frg 0
ARGEVT Carmack route 4 start '2169.0 -351.0  24.0' goal '2521.0 -223.0 120.0'
ARGLOG Romero t 147.5 pos '2047.7 -356.5  88.0' spd 320.0 yaw 91 mode 2 st 4 gl 4 hp 57 frg 7
ARGLOG Carmack t 147.5 pos '2204.7 -295.5  24.0' spd 348.7 yaw 56 mode 2 st 13 gl 5 hp 66 frg 4
ARGLOG Joe Rogan t 147.7 pos '2536.7 -28.6 -64.0' spd 320.0 yaw 358 mode 2 st 7 gl 3 hp 100 frg 0
ARGEVT Carmack engage Romero
ARGEVT Romero engage Carmack
ARGLOG Romero t 148 pos '2012.5 -290.0  56.0' spd 328.0 yaw  33.4 mode 1 st 4 gl 4 hp 57 frg 7
ARGLOG Carmack t 148.1 pos '2180.0 -148.0  24.0' spd 338.1 yaw 243.7 mode 2 st 13 gl 5 hp 66 frg 4
ARGLOG Joe Rogan t 148.2 pos '2699.1 -63.0 -72.0' spd 321.9 yaw 329.7 mode 2 st 7 gl 3 hp 100 frg 0
ARGEVT Carmack grab item_health
ARGEVT Joe Rogan hazard
ARGLOG Romero t 148.5 pos '1981.3 -304.9  72.0' spd 107.4 yaw  71.6 mode 1 st 4 gl 4 hp 57 frg 7
ARGLOG Carmack t 148.6 pos '2046.5 -32.5  24.0' spd 346.6 yaw 278.2 mode 2 st 13 gl 5 hp 62 frg 4
ARGLOG Joe Rogan t 148.7 pos '2810.4 -79.9 -72.0' spd 186.8 yaw 185.0 mode 2 st 7 gl 3 hp 100 frg 0
ARGEVT Romero hazard
ARGEVT Carmack route 4 start '1913.0 -63.0  24.0' goal '2521.0 -223.0 120.0'
ARGLOG Romero t 149.0 pos '1990.9 -287.5  56.0' spd 321.9 yaw 103.9 mode 1 st 4 gl 4 hp 57 frg 7
ARGLOG Carmack t 149.1 pos '1927.7   3.8  24.0' spd 216.4 yaw 290.0 mode 2 st 13 gl 5 hp 83 frg 4
ARGLOG Joe Rogan t 149.2 pos '2736.0 -80.0 -72.0' spd 0 yaw 186 mode 2 st 7 gl 3 hp 100 frg 0
ARGEVT Joe Rogan hazard
ARGEVT Carmack hazard
ARGLOG Romero t 149.6 pos '2108.2 -228.4  24.0' spd 320.1 yaw  98.3 mode 1 st 4 gl 4 hp 57 frg 7
ARGLOG Carmack t 149.6 pos '2089.8 -22.6  24.0' spd 350.7 yaw 301.6 mode 2 st 13 gl 5 hp 79 frg 4
ARGLOG Joe Rogan t 149.8 pos '2736.0 -80.0 -72.0' spd 0 yaw 194 mode 2 st 7 gl 3 hp 100 frg 0
ARGEVT Carmack weapon ssg
ARGEVT Carmack weapon rl
ARGLOG Romero t 150.1 pos '2110.1 -215.6  24.0' spd 358.7 yaw  52.6 mode 1 st 4 gl 4 hp 49 frg 7
ARGLOG Carmack t 150.1 pos '2266.9 -43.6  24.0' spd 380.7 yaw 200.3 mode 2 st 13 gl 5 hp 75 frg 4
ARGEVT Carmack jump
ARGLOG Joe Rogan t 150.3 pos '2736.0 -80.0 -72.0' spd 0 yaw 194.0 mode 2 st 7 gl 3 hp 100 frg 0
ARGEVT Joe Rogan hazard
ARGLOG Romero t 150.6 pos '2008.5 -77.8  24.0' spd 342.1 yaw 352.8 mode 1 st 4 gl 4 hp 49 frg 7
ARGLOG Carmack t 150.6 pos '2288.0 -130.6  58.6' spd 155.9 yaw 147.6 mode 2 st 13 gl 5 hp 71 frg 4
ARGEVT Romero death Carmack pos '2016.9  -8.5  24.0'
ARGLOG Joe Rogan t 150.8 pos '2736.0 -80.0 -72.0' spd 0 yaw 184.0 mode 2 st 7 gl 3 hp 100 frg 0
ARGEVT Carmack goal 
ARGLOG Carmack t 151.1 pos '2193.8 -189.7  24.0' spd 336.4 yaw 160 mode 1 st 13 gl 5 hp 71 frg 5
ARGLOG Joe Rogan t 151.3 pos '2736.0 -80.0 -72.0' spd 0 yaw 184.0 mode 2 st 7 gl 3 hp 100 frg 0
ARGEVT Joe Rogan hazard
ARGLOG Carmack t 151.7 pos '2035.9 -129.3  24.0' spd 371.6 yaw  85.4 mode 1 st 13 gl 5 hp 71 frg 5
ARGLOG Joe Rogan t 151.8 pos '2736.0 -80.0 -72.0' spd 0 yaw 184.0 mode 2 st 7 gl 3 hp 100 frg 0
ARGEVT Carmack goal item_health
ARGEVT Carmack route 4 start '2041.0   1.0  24.0' goal '2521.0 -223.0 120.0'
ARGLOG Carmack t 152.2 pos '2079.4 -94.0  24.0' spd 330.6 yaw 10 mode 2 st 13 gl 6 hp 71 frg 5
ARGEVT Romero respawn
ARGEVT Carmack engage Romero
ARGEVT Romero goal weapon_nailgun
ARGEVT Romero engage Carmack
ARGEVT Romero grab weapon_nailgun
ARGLOG Romero t 152.3 pos '2560.0 -192.0  32.0' spd 0 yaw 168.9 mode 1 st 4 gl 4 hp 100 frg 7
ARGLOG Joe Rogan t 152.3 pos '2736.0 -73.3 -72.0' spd  14.2 yaw 175.0 mode 2 st 7 gl 3 hp 100 frg 0
ARGEVT Joe Rogan hazard
ARGEVT Romero goal weapon_rocketlauncher
ARGEVT Romero route 11 start '2521.0 -191.0  32.0' goal '1465.0 -703.0 184.0'
ARGLOG Carmack t 152.7 pos '2123.3 -239.2  24.0' spd 320.5 yaw  34.2 mode 2 st 13 gl 6 hp 71 frg 5
ARGLOG Romero t 152.8 pos '2440.2 -166.2  24.0' spd 324.7 yaw 201.7 mode 2 st 4 gl 5 hp 100 frg 7
ARGLOG Joe Rogan t 152.9 pos '2736.0 -80.0 -72.0' spd 0 yaw 205.6 mode 2 st 7 gl 3 hp 100 frg 0
ARGLOG Carmack t 153.2 pos '2213.1 -353.9   8.0' spd 328.1 yaw  30.9 mode 2 st 13 gl 6 hp 71 frg 5
ARGLOG Romero t 153.3 pos '2363.9 -193.9  24.0' spd 341.4 yaw 252.0 mode 2 st 4 gl 5 hp 100 frg 7
ARGLOG Joe Rogan t 153.4 pos '2736.0 -80.0 -72.0' spd 0 yaw 197 mode 2 st 7 gl 3 hp 100 frg 0
ARGEVT Joe Rogan hazard
ARGEVT Carmack route 5 start '2329.0 -351.0   8.0' goal '2521.0 -223.0 120.0'
ARGLOG Carmack t 153.7 pos '2352.2 -445.6   8.0' spd 330.2 yaw  83.8 mode 2 st 13 gl 6 hp 70 frg 5
ARGLOG Romero t 153.8 pos '2422.3 -201.5  24.0' spd 325.6 yaw 280.5 mode 2 st 4 gl 5 hp 100 frg 7
ARGLOG Joe Rogan t 153.9 pos '2736.0 -80.0 -72.0' spd 0 yaw 211 mode 2 st 7 gl 3 hp 100 frg 0
ARGEVT Romero pursue
ARGLOG Carmack t 154.3 pos '2524.7 -460.6  24.0' spd 343.4 yaw 147.8 mode 0 st 13 gl 6 hp 69 frg 5
ARGEVT Carmack route 7 start '2553.0 -511.0  24.0' goal '2521.0 -223.0 120.0'
ARGLOG Romero t 154.4 pos '2341.4 -231.5  24.0' spd 132.7 yaw 304.6 mode 2 st 4 gl 5 hp 100 frg 7
ARGLOG Joe Rogan t 154.4 pos '1295.6 -1024.0 360.8' spd 300 yaw 92 mode 2 st 7 gl 3 hp 100 frg 0
ARGLOG Carmack t 154.8 pos '2404.3 -504.4   8.0' spd 338.7 yaw  66.3 mode 2 st 13 gl 6 hp 69 frg 5
ARGLOG Romero t 154.9 pos '2489.4 -183.7  24.0' spd 377.6 yaw 231.7 mode 2 st 4 gl 5 hp 100 frg 7
ARGLOG Joe Rogan t 154.9 pos '1368.5 -895.4 344.0' spd 327.7 yaw 103 mode 2 st 7 gl 3 hp 100 frg 0
ARGEVT Carmack pursue
ARGEVT Romero route 11 start '2521.0 -191.0  32.0' goal '1465.0 -703.0 184.0'
ARGEVT Romero hazard
ARGLOG Carmack t 155.3 pos '2315.8 -398.6   8.0' spd 338.5 yaw 60 mode 2 st 13 gl 6 hp 69 frg 5
ARGLOG Romero t 155.4 pos '2501.8 -240.0  32.0' spd 361.7 yaw 208.8 mode 2 st 4 gl 5 hp 100 frg 7
ARGLOG Joe Rogan t 155.4 pos '1338.1 -732.9 344.0' spd 321.9 yaw 50 mode 2 st 7 gl 3 hp 100 frg 0
ARGEVT Romero pursue
ARGLOG Carmack t 155.8 pos '2395.5 -304.0   8.0' spd 251.6 yaw 72 mode 2 st 13 gl 6 hp 69 frg 5
ARGLOG Romero t 155.9 pos '2364.9 -240.0  24.0' spd  48.8 yaw 283 mode 2 st 4 gl 5 hp 100 frg 7
ARGLOG Joe Rogan t 155.9 pos '1284.1 -560.6 268.0' spd 320.1 yaw 4 mode 2 st 7 gl 3 hp 100 frg 0
ARGEVT Carmack hazard
ARGLOG Carmack t 156.3 pos '2416.2 -304.0   8.0' spd 198.5 yaw 84 mode 2 st 13 gl 6 hp 69 frg 5
ARGLOG Romero t 156.4 pos '2397.3 -231.8  24.0' spd 167.0 yaw 256.1 mode 2 st 4 gl 5 hp 100 frg 7
ARGLOG Joe Rogan t 156.5 pos '1344.9 -469.6 184.0' spd 328.9 yaw 345 mode 2 st 7 gl 3 hp 100 frg 0
ARGEVT Joe Rogan hazard
ARGEVT Romero pursue
ARGLOG Carmack t 156.8 pos '2377.2 -304.0   8.0' spd 133.8 yaw 63 mode 2 st 13 gl 6 hp 69 frg 5
ARGEVT Carmack weapon ssg
ARGEVT Carmack grab item_health
ARGLOG Romero t 156.9 pos '2349.7 -187.8  24.0' spd 369.9 yaw 296 mode 2 st 4 gl 5 hp 100 frg 7
ARGLOG Joe Rogan t 157.0 pos '1458.8 -496.5 184.0' spd 285.2 yaw 344 mode 2 st 7 gl 3 hp 100 frg 0
ARGEVT Romero hazard
ARGEVT Carmack pursue
ARGLOG Carmack t 157.3 pos '2486.8 -321.8   8.0' spd 113.6 yaw 135 mode 2 st 13 gl 6 hp 69 frg 5
ARGLOG Romero t 157.4 pos '2310.6 -240.0  24.0' spd 335.3 yaw 238.4 mode 2 st 4 gl 5 hp 100 frg 7
ARGLOG Joe Rogan t 157.5 pos '1577.4 -617.8 184.0' spd 335.0 yaw 12 mode 2 st 7 gl 3 hp 100 frg 0
ARGEVT Carmack hazard
ARGEVT Joe Rogan hazard
ARGEVT Carmack weapon rl
ARGLOG Carmack t 157.9 pos '2333.3 -304.0   8.0' spd 299.1 yaw 126.4 mode 2 st 13 gl 6 hp 69 frg 5
ARGEVT Romero grab item_spikes
ARGLOG Romero t 158.0 pos '2138.3 -268.8  24.0' spd 368.4 yaw 312.2 mode 2 st 4 gl 5 hp 100 frg 7
ARGLOG Joe Rogan t 158.0 pos '1584.0 -677.8 184.0' spd 200.2 yaw 22 mode 2 st 7 gl 3 hp 100 frg 0
ARGEVT Romero retreat
ARGEVT Romero weapon sg
ARGEVT Carmack grab item_health
ARGLOG Carmack t 158.4 pos '2423.4 -304.0   8.0' spd 350.8 yaw 134.4 mode 2 st 13 gl 6 hp 68 frg 5
ARGLOG Romero t 158.5 pos '2256.0 -225.6  39.3' spd 321.1 yaw 335.2 mode 2 st 4 gl 5 hp 19 frg 7
ARGLOG Joe Rogan t 158.5 pos '1615.0 -493.9 171.4' spd 366.2 yaw 21 mode 2 st 7 gl 3 hp 100 frg 0
ARGEVT Romero pursue
ARGEVT Carmack pursue
ARGEVT Carmack hazard
ARGLOG Carmack t 158.9 pos '2495.8 -329.2   8.0' spd 350.7 yaw 131.0 mode 2 st 13 gl 6 hp 57 frg 5
ARGLOG Romero t 159.0 pos '2249.8 -99.5  24.0' spd 323.9 yaw 317.3 mode 2 st 4 gl 5 hp 19 frg 7
ARGLOG Joe Rogan t 159.0 pos '1696.6 -470.4  24.0' spd 261.1 yaw 328.4 mode 2 st 7 gl 3 hp 100 frg 0
ARGEVT Carmack route 6 start '2489.0 -319.0   8.0' goal '2521.0 -223.0 120.0'
ARGEVT Romero pursue
ARGEVT Carmack pursue
ARGLOG Carmack t 159.4 pos '2508.5 -338.9   8.0' spd 194.8 yaw 137 mode 2 st 13 gl 6 hp 57 frg 5
ARGEVT Joe Rogan hazard
ARGLOG Romero t 159.5 pos '2208.2  -2.8  24.0' spd 243.5 yaw 312 mode 2 st 4 gl 5 hp 19 frg 7
ARGLOG Joe Rogan t 159.6 pos '1867.9 -471.2  56.0' spd 376.5 yaw 303 mode 2 st 7 gl 3 hp 100 frg 0
ARGEVT Romero hazard
ARGEVT Carmack hazard
ARGLOG Carmack t 159.9 pos '2348.7 -313.7   8.0' spd 396.1 yaw 135.6 mode 2 st 13 gl 6 hp 57 frg 5
ARGLOG Romero t 160.0 pos '2288.0 -139.6  24.0' spd 357.7 yaw 319 mode 2 st 4 gl 5 hp 19 frg 7
ARGLOG Joe Rogan t 160.1 pos '1797.1 -481.2  24.0' spd 349.3 yaw 244.3 mode 2 st 7 gl 3 hp 100 frg 0
ARGLOG Carmack t 160.4 pos '2183.3 -263.0  24.0' spd 398.6 yaw  48.4 mode 2 st 13 gl 6 hp 57 frg 5
ARGLOG Romero t 160.5 pos '2407.1 -240.0  24.0' spd 370.4 yaw 218.0 mode 2 st 4 gl 5 hp 19 frg 7
ARGLOG Joe Rogan t 160.6 pos '1829.3 -554.3  40.0' spd 345.9 yaw 43 mode 2 st 7 gl 3 hp 100 frg 0
ARGEVT Romero death Carmack pos '2446.1 -240.0  24.0'
ARGEVT Carmack goal item_armorInv
ARGEVT Carmack routefail
ARGLOG Carmack t 161.0 pos '2218.9 -98.8  24.0' spd 409.4 yaw 331.5 mode 0 st 13 gl 6 hp 57 frg 6
ARGEVT Carmack goal 
ARGEVT Carmack hazard
ARGLOG Joe Rogan t 161.1 pos '1983.0 -488.9 104.0' spd 320.2 yaw 29 mode 2 st 7 gl 3 hp 100 frg 0
ARGEVT Joe Rogan hazard
ARGLOG Carmack t 161.5 pos '2402.9 -101.2  88.0' spd 381.7 yaw 280 mode 1 st 13 gl 6 hp 57 frg 6
ARGLOG Joe Rogan t 161.6 pos '2064.0 -430.0 104.0' spd 211.4 yaw 99 mode 2 st 7 gl 3 hp 100 frg 0
ARGLOG Carmack t 162.0 pos '2469.8 -240.0  24.0' spd 320 yaw 148.7 mode 1 st 13 gl 6 hp 57 frg 6
ARGEVT Carmack goal item_health
ARGLOG Joe Rogan t 162.1 pos '1999.8 -557.6 104.0' spd 323.5 yaw 167.4 mode 2 st 7 gl 3 hp 100 frg 0
ARGEVT Carmack route 10 start '2521.0 -191.0  32.0' goal '2073.0 -991.0 344.0'
ARGEVT Romero respawn
ARGEVT Romero goal weapon_rocketlauncher
ARGLOG Romero t 162.2 pos '2544.0 -32.0 -64.0' spd 0 yaw 196.3 mode 0 st 4 gl 5 hp 100 frg 7
ARGEVT Romero route 7 start '2489.0 -31.0 -72.0' goal '1465.0 -703.0 184.0'
ARGEVT Joe Rogan hazard
ARGLOG Carmack t 162.5 pos '2315.4 -167.7  24.0' spd 393.9 yaw  66.8 mode 2 st 13 gl 7 hp 57 frg 6
ARGEVT Carmack hazard
ARGEVT Romero hazard
ARGLOG Joe Rogan t 162.7 pos '1864.1 -492.8  56.0' spd  79.4 yaw 24 mode 2 st 7 gl 3 hp 100 frg 0
ARGLOG Romero t 162.8 pos '2397.6 -69.4 -72.0' spd 360.9 yaw 2 mode 2 st 4 gl 5 hp 100 frg 7
ARGLOG Carmack t 163.0 pos '2335.4 -171.3  24.0' spd 320.1 yaw 324 mode 2 st 13 gl 7 hp 57 frg 6
ARGLOG Joe Rogan t 163.2 pos '1936.0 -464.0  88.0' spd 0 yaw 24 mode 2 st 7 gl 3 hp 100 frg 0
ARGLOG Romero t 163.3 pos '2470.9 -78.8 -72.0' spd 320.1 yaw 4 mode 2 st 4 gl 5 hp 100 frg 7
ARGLOG Carmack t 163.5 pos '2499.1 -196.4  24.0' spd 409.6 yaw  94.9 mode 0 st 13 gl 7 hp 57 frg 6
ARGEVT Carmack hazard
ARGLOG Joe Rogan t 163.7 pos '1936.0 -464.0  88.0' spd 0 yaw 24 mode 2 st 7 gl 3 hp 100 frg 0
ARGLOG Romero t 163.8 pos '2637.9 -79.1 -72.0' spd 320.7 yaw 213 mode 2 st 4 gl 5 hp 100 frg 7
ARGEVT Carmack route 10 start '2521.0 -191.0  32.0' goal '2073.0 -991.0 344.0'
ARGLOG Carmack t 164.0 pos '2389.6 -148.7  24.0' spd 322.7 yaw 108 mode 2 st 13 gl 7 hp 57 frg 6
ARGLOG Joe Rogan t 164.2 pos '1936.0 -464.0  88.0' spd 0 yaw 24 mode 2 st 7 gl 3 hp 100 frg 0
ARGLOG Romero t 164.3 pos '2688.0 -68.5 -72.0' spd  14.2 yaw 213 mode 2 st 4 gl 5 hp 100 frg 7
ARGEVT Romero door
ARGEVT Romero hazard
ARGLOG Carmack t 164.6 pos '2221.8 -130.1  24.0' spd 329.9 yaw 15 mode 2 st 13 gl 7 hp 57 frg 6
ARGEVT Joe Rogan abandon
ARGEVT Joe Rogan goal weapon_rocketlauncher
ARGLOG Joe Rogan t 164.7 pos '1936.0 -464.0  88.0' spd 0 yaw 24 mode 0 st 7 gl 3 hp 100 frg 0
ARGEVT Joe Rogan route 13 start '1913.0 -543.0  88.0' goal '1465.0 -703.0 184.0'
ARGLOG Romero t 164.8 pos '2688.0 -80.0 -72.0' spd 0 yaw 233.5 mode 2 st 4 gl 5 hp 100 frg 7
ARGEVT Romero stall
ARGEVT Romero stallnode '2905.0 -47.0 -72.0'
ARGEVT Romero jump
ARGEVT Carmack hazard
ARGLOG Carmack t 165.1 pos '2159.7  24.4  24.0' spd 206.6 yaw 344 mode 2 st 13 gl 7 hp 57 frg 6
ARGEVT Joe Rogan engage Carmack
ARGUS routecache adopt
ARGEVT Romero route 6 start '2649.0 -63.0 -72.0' goal '1465.0 -703.0 184.0'
ARGLOG Joe Rogan t 165.2 pos '1990.2 -478.6 104.0' spd 320.7 yaw  71.8 mode 2 st 7 gl 3 hp 100 frg 0
ARGLOG Romero t 165.3 pos '2614.2 -64.3 -37.0' spd 163.2 yaw 206 mode 2 st 5 gl 5 hp 100 frg 7
ARGLOG Carmack t 165.6 pos '2271.7 -29.5  24.0' spd 321.8 yaw 322.4 mode 2 st 13 gl 7 hp 57 frg 6
ARGEVT Joe Rogan pursue
ARGEVT Carmack jump
ARGLOG Joe Rogan t 165.7 pos '1997.5 -416.3 104.0' spd 373.7 yaw 66 mode 2 st 7 gl 3 hp 100 frg 0
ARGEVT Romero route 7 start '2489.0 -31.0 -72.0' goal '1465.0 -703.0 184.0'
ARGLOG Romero t 165.8 pos '2486.8 -80.0 -64.0' spd 337.3 yaw 214 mode 2 st 5 gl 5 hp 100 frg 7
ARGEVT Carmack engage Joe Rogan
ARGLOG Carmack t 166.1 pos '2282.8 -106.2  53.8' spd  72.9 yaw 181.9 mode 2 st 13 gl 7 hp 36 frg 6
ARGLOG Joe Rogan t 166.3 pos '2019.1 -244.7  40.0' spd 332.6 yaw  27.7 mode 2 st 7 gl 3 hp 100 frg 0
ARGLOG Romero t 166.4 pos '2296.8 -80.0 -93.4' spd 382.5 yaw 237 mode 0 st 5 gl 5 hp 100 frg 7
ARGEVT Carmack retreat
ARGLOG Carmack t 166.6 pos '2284.4 -201.0  24.0' spd 400.1 yaw 142.3 mode 2 st 13 gl 7 hp 12 frg 6
ARGEVT Joe Rogan route 10 start '2041.0 -159.0  24.0' goal '1465.0 -703.0 184.0'
ARGLOG Joe Rogan t 166.8 pos '2058.9 -88.9  42.9' spd 720.4 yaw 339.0 mode 2 st 7 gl 3 hp 56 frg 0
ARGEVT Romero route 9 start '2233.0 -191.0 -136.0' goal '1465.0 -703.0 184.0'
ARGLOG Romero t 166.9 pos '2202.3 -183.8 -127.4' spd 359.5 yaw 319 mode 2 st 5 gl 5 hp 100 frg 7
ARGEVT Romero hazard
ARGEVT Joe Rogan grab item_health
ARGEVT Carmack death Joe Rogan pos '2443.2 -167.6  24.0'
ARGEVT Joe Rogan goal 
ARGLOG Joe Rogan t 167.3 pos '2414.3 -192.8 113.6' spd 721.0 yaw  36.0 mode 1 st 7 gl 3 hp 56 frg 1
ARGEVT Joe Rogan goal item_health
ARGLOG Romero t 167.4 pos '2240.0 -215.1 -136.0' spd  11.2 yaw 295.3 mode 2 st 5 gl 5 hp 100 frg 7
ARGEVT Joe Rogan jump
ARGLOG Joe Rogan t 167.8 pos '2507.6 -212.0  45.6' spd  40.4 yaw 164 mode 1 st 7 gl 3 hp 81 frg 1
ARGLOG Romero t 167.9 pos '2277.5 -119.3 -136.0' spd 322.8 yaw 34 mode 2 st 5 gl 5 hp 100 frg 7
ARGEVT Romero jump
ARGLOG Joe Rogan t 168.3 pos '2496.2 -194.0  24.6' spd  41.8 yaw 168 mode 1 st 7 gl 3 hp 81 frg 1
ARGUS routecache adopt
ARGEVT Romero route 7 start '2361.0 -63.0 -88.0' goal '1465.0 -703.0 184.0'
ARGLOG Romero t 168.4 pos '2307.4  16.0 -97.1' spd 118.8 yaw 308 mode 0 st 5 gl 5 hp 100 frg 7
ARGEVT Carmack respawn
ARGEVT Carmack goal weapon_rocketlauncher
ARGLOG Carmack t 168.7 pos '2624.0 -488.0  32.0' spd 0 yaw 163.4 mode 0 st 13 gl 7 hp 100 frg 6
ARGEVT Carmack routefail
ARGLOG Joe Rogan t 168.8 pos '2358.3 -160.3  24.0' spd 320.2 yaw 187.6 mode 1 st 7 gl 3 hp 81 frg 1
ARGLOG Romero t 168.9 pos '2399.8 -68.1 -72.0' spd 322.9 yaw 2 mode 2 st 5 gl 5 hp 100 frg 7
ARGEVT Romero hazard
ARGEVT Carmack goal weapon_rocketlauncher
ARGEVT Carmack route 13 start '2553.0 -511.0  24.0' goal '1465.0 -703.0 184.0'
ARGLOG Carmack t 169.2 pos '2477.1 -424.9   8.0' spd 354.9 yaw 123 mode 2 st 13 gl 7 hp 100 frg 6
ARGEVT Joe Rogan engage Carmack
ARGLOG Joe Rogan t 169.4 pos '2256.0 -283.0  24.0' spd 389.6 yaw 330.0 mode 1 st 7 gl 3 hp 81 frg 1
ARGEVT Carmack engage Joe Rogan
ARGLOG Romero t 169.5 pos '2565.4 -66.3 -64.0' spd 320.0 yaw 3 mode 2 st 5 gl 5 hp 100 frg 7
ARGEVT Joe Rogan weapon sg
ARGEVT Joe Rogan weapon rl
ARGLOG Carmack t 169.8 pos '2420.7 -325.8   8.0' spd 275.5 yaw 217.1 mode 2 st 13 gl 7 hp 100 frg 6
ARGEVT Joe Rogan weapon sg
ARGEVT Joe Rogan weapon rl
ARGEVT Joe Rogan grab item_armorInv
ARGLOG Joe Rogan t 169.9 pos '2280.5 -449.1   8.0' spd 330.1 yaw  19.9 mode 1 st 7 gl 3 hp 81 frg 1
ARGLOG Romero t 170.0 pos '2688.0 -76.9 -72.0' spd  25.5 yaw 212 mode 2 st 5 gl 5 hp 100 frg 7
ARGEVT Joe Rogan hazard
ARGLOG Carmack t 170.3 pos '2509.6 -467.6   8.0' spd 332.9 yaw 183.5 mode 0 st 13 gl 7 hp 76 frg 6
ARGLOG Joe Rogan t 170.4 pos '2264.4 -493.4   8.0' spd  70.8 yaw 342.0 mode 1 st 7 gl 3 hp 72 frg 1
ARGUS routecache adopt
ARGEVT Carmack route 13 start '2553.0 -511.0  24.0' goal '1465.0 -703.0 184.0'
ARGEVT Carmack grab item_armorInv
ARGLOG Romero t 170.5 pos '2688.0 -67.1 -72.0' spd  14.2 yaw 213 mode 2 st 5 gl 5 hp 100 frg 7
ARGEVT Carmack hazard
ARGEVT Carmack retreat
ARGLOG Carmack t 170.8 pos '2621.9 -496.7  32.0' spd 295.3 yaw 183.6 mode 2 st 13 gl 7 hp 8 frg 6
ARGLOG Joe Rogan t 170.9 pos '2239.7 -514.8   8.0' spd 118.1 yaw  29.2 mode 1 st 7 gl 3 hp 60 frg 1
ARGLOG Romero t 171.0 pos '2777.8 -59.1 -72.0' spd 320.0 yaw 211 mode 2 st 5 gl 5 hp 100 frg 7
ARGLOG Carmack t 171.3 pos '2635.6 -511.0  32.0' spd 102.9 yaw 181.1 mode 2 st 13 gl 7 hp 8 frg 6
ARGLOG Joe Rogan t 171.4 pos '2254.5 -516.6   8.0' spd 264.0 yaw   2.3 mode 1 st 7 gl 3 hp 60 frg 1
ARGLOG Romero t 171.5 pos '1343.4 -1017.2 344.0' spd 357.8 yaw 85 mode 2 st 5 gl 5 hp 100 frg 7
ARGEVT Carmack death Joe Rogan pos '2635.9 -491.5  32.0'
ARGEVT Joe Rogan goal 
ARGEVT Joe Rogan route 1 start '2297.0 -511.0   8.0' goal '2553.0 -511.0  24.0'
ARGLOG Joe Rogan t 171.9 pos '2375.4 -411.4   8.0' spd 369.4 yaw 339 mode 2 st 7 gl 3 hp 57 frg 2
ARGLOG Romero t 172.0 pos '1339.1 -871.0 344.0' spd 320.4 yaw 74 mode 2 st 5 gl 5 hp 100 frg 7
ARGLOG Joe Rogan t 172.4 pos '2519.5 -450.0  24.0' spd 236.2 yaw 331 mode 1 st 7 gl 3 hp 57 frg 2
ARGLOG Romero t 172.6 pos '1341.8 -703.2 344.0' spd 324.3 yaw 0 mode 2 st 5 gl 5 hp 100 frg 7
ARGEVT Joe Rogan goal item_health
ARGEVT Joe Rogan hazard
ARGEVT Joe Rogan route 12 start '2553.0 -511.0  24.0' goal '2073.0 -991.0 344.0'
ARGLOG Joe Rogan t 173.0 pos '2634.6 -473.8  32.0' spd 214.3 yaw 158 mode 2 st 7 gl 4 hp 57 frg 2
ARGLOG Romero t 173.1 pos '1376.0 -547.3 247.5' spd 274.7 yaw 300 mode 2 st 5 gl 5 hp 100 frg 7
ARGEVT Carmack respawn
ARGEVT Carmack goal item_armorInv
ARGLOG Carmack t 173.1 pos '2176.0 -2176.0  84.0' spd 0 yaw  73.7 mode 0 st 13 gl 7 hp 100 frg 6
ARGEVT Carmack routefail
ARGEVT Carmack goal weapon_rocketlauncher
ARGEVT Carmack hazard
ARGEVT Carmack route 22 start '2137.0 -2175.0  88.0' goal '1465.0 -703.0 184.0'
ARGLOG Joe Rogan t 173.5 pos '2527.3 -517.1  24.0' spd 370.4 yaw 120 mode 2 st 7 gl 4 hp 57 frg 2
ARGLOG Romero t 173.6 pos '1473.1 -575.7 184.0' spd 346.5 yaw 270 mode 1 st 5 gl 5 hp 100 frg 7
ARGLOG Carmack t 173.6 pos '2205.6 -2029.8  88.0' spd 343.5 yaw 121 mode 2 st 13 gl 7 hp 100 frg 6
ARGEVT Carmack goal item_health
ARGLOG Joe Rogan t 174.0 pos '2528.9 -354.1  24.0' spd 322.6 yaw  20.8 mode 2 st 7 gl 4 hp 57 frg 2
ARGEVT Romero goal item_health
ARGEVT Carmack routefail
ARGLOG Romero t 174.1 pos '1481.3 -683.7 184.0' spd 233.8 yaw  71.8 mode 0 st 5 gl 6 hp 100 frg 7
ARGEVT Carmack goal weapon_nailgun
ARGLOG Carmack t 174.2 pos '2147.6 -1859.1  24.0' spd 405.7 yaw  42.6 mode 0 st 13 gl 7 hp 100 frg 6
ARGEVT Carmack route 13 start '2137.0 -1919.0  40.0' goal '2521.0 -191.0  32.0'
ARGEVT Joe Rogan hazard
ARGEVT Romero hazard
ARGEVT Romero routefail
ARGLOG Joe Rogan t 174.5 pos '2582.3 -384.0  24.0' spd 344.5 yaw 175 mode 2 st 7 gl 4 hp 57 frg 2
ARGEVT Romero goal item_health
ARGLOG Romero t 174.6 pos '1575.9 -633.8 184.0' spd 334.5 yaw 268.7 mode 0 st 5 gl 6 hp 100 frg 7
ARGEVT Romero route 7 start '1561.0 -607.0 184.0' goal '2073.0 -991.0 344.0'
ARGLOG Carmack t 174.7 pos '2291.9 -1831.3  24.0' spd 331.0 yaw 75 mode 2 st 13 gl 7 hp 100 frg 6
ARGLOG Joe Rogan t 175.0 pos '2415.6 -371.0   8.0' spd 320.4 yaw 131 mode 2 st 7 gl 4 hp 57 frg 2
ARGLOG Romero t 175.1 pos '1458.0 -685.5 184.0' spd 361.6 yaw 152 mode 2 st 5 gl 6 hp 100 frg 7
ARGLOG Carmack t 175.2 pos '2458.6 -1861.7  24.0' spd 402.6 yaw 102 mode 2 st 13 gl 7 hp 100 frg 6
ARGLOG Joe Rogan t 175.5 pos '2250.8 -352.8   8.0' spd 326.9 yaw 69 mode 2 st 7 gl 4 hp 57 frg 2
ARGLOG Romero t 175.6 pos '1416.5 -519.2 184.0' spd 396.7 yaw 243 mode 2 st 5 gl 6 hp 100 frg 7
ARGLOG Carmack t 175.7 pos '2468.5 -1683.1  24.0' spd 332.3 yaw 111 mode 2 st 13 gl 7 hp 100 frg 6
ARGLOG Joe Rogan t 176.1 pos '2152.2 -213.1  24.0' spd 332.5 yaw 35 mode 2 st 7 gl 4 hp 57 frg 2
ARGEVT Romero lift
ARGLOG Romero t 176.2 pos '1264.0 -570.1 184.0' spd 0 yaw 272 mode 2 st 5 gl 6 hp 100 frg 7
ARGLOG Carmack t 176.2 pos '2392.2 -1534.2  24.0' spd 321.7 yaw 73 mode 2 st 13 gl 7 hp 100 frg 6
ARGLOG Joe Rogan t 176.6 pos '2240.0 -70.2  24.0' spd 341.1 yaw 1 mode 2 st 7 gl 4 hp 57 frg 2
ARGLOG Romero t 176.7 pos '1264.0 -570.1 184.0' spd 0 yaw 272 mode 2 st 5 gl 6 hp 100 frg 7
ARGEVT Joe Rogan jump
ARGLOG Carmack t 176.7 pos '2405.2 -1367.4  24.0' spd 330.5 yaw 81 mode 2 st 13 gl 7 hp 100 frg 6
ARGLOG Joe Rogan t 177.1 pos '2384.0 -29.2  78.0' spd  52.3 yaw 353 mode 2 st 7 gl 4 hp 57 frg 2
ARGLOG Romero t 177.2 pos '1264.0 -570.1 184.0' spd 0 yaw 272 mode 2 st 5 gl 6 hp 100 frg 7
ARGLOG Carmack t 177.2 pos '2467.0 -1223.2  24.0' spd 324.7 yaw 80 mode 2 st 13 gl 7 hp 100 frg 6
ARGLOG Joe Rogan t 177.6 pos '2502.0 -65.1 120.0' spd 324.4 yaw 2 mode 2 st 7 gl 4 hp 57 frg 2
ARGLOG Romero t 177.7 pos '1267.7 -578.0 184.0' spd 166.4 yaw 271 mode 2 st 5 gl 6 hp 100 frg 7
ARGEVT Carmack lift
ARGEVT Romero board
ARGLOG Carmack t 177.8 pos '2466.1 -1057.1  24.0' spd 323.6 yaw 107 mode 2 st 13 gl 7 hp 100 frg 6
ARGEVT Carmack board
ARGLOG Joe Rogan t 178.1 pos '2640.0 -68.0 120.0' spd  11.6 yaw 214 mode 2 st 7 gl 4 hp 57 frg 2
ARGLOG Romero t 178.2 pos '1294.3 -637.4 254.1' spd 0 yaw 267 mode 2 st 5 gl 6 hp 100 frg 7
ARGLOG Carmack t 178.3 pos '2482.2 -973.7  94.1' spd 166.4 yaw 122 mode 2 st 13 gl 7 hp 100 frg 6
ARGEVT Carmack door
ARGLOG Joe Rogan t 178.6 pos '2640.0 -62.8 120.0' spd   8.5 yaw 214 mode 2 st 7 gl 4 hp 57 frg 2
ARGLOG Romero t 178.7 pos '1296.6 -688.0 331.2' spd   3.3 yaw 286 mode 2 st 5 gl 6 hp 100 frg 7
ARGLOG Carmack t 178.8 pos '2521.3 -912.0 120.0' spd 0 yaw 275.5 mode 2 st 13 gl 7 hp 100 frg 6
ARGLOG Joe Rogan t 179.2 pos '2640.0 -59.1 120.0' spd   5.7 yaw 214 mode 2 st 7 gl 4 hp 57 frg 2
ARGEVT Joe Rogan stall
ARGEVT Joe Rogan stallnode '2905.0 -47.0 -72.0'
ARGEVT Joe Rogan jump
ARGLOG Romero t 179.3 pos '1285.7 -842.9 344.0' spd 320.0 yaw 299 mode 2 st 5 gl 6 hp 100 frg 7
ARGLOG Carmack t 179.3 pos '2521.3 -912.0 120.0' spd 0 yaw 266 mode 2 st 13 gl 7 hp 100 frg 6
ARGEVT Joe Rogan route 6 start '2585.0   1.0 120.0' goal '2073.0 -991.0 344.0'
ARGLOG Joe Rogan t 179.7 pos '2640.0 -68.5 154.8' spd  28.0 yaw  34.6 mode 2 st 8 gl 4 hp 57 frg 2
ARGLOG Romero t 179.8 pos '1337.7 -1001.4 344.0' spd 326.9 yaw 355 mode 2 st 5 gl 6 hp 100 frg 7
ARGLOG Carmack t 179.8 pos '2521.3 -912.0  73.8' spd 0 yaw 266 mode 2 st 13 gl 7 hp 100 frg 6
ARGEVT Romero train
ARGEVT Joe Rogan stall
ARGEVT Joe Rogan stallnode '2585.0   1.0 120.0'
ARGEVT Joe Rogan jump
ARGLOG Joe Rogan t 180.2 pos '2640.0 -30.6 154.5' spd 100.0 yaw 338.7 mode 0 st 9 gl 4 hp 57 frg 2
ARGLOG Romero t 180.3 pos '1386.3 -1049.4 344.0' spd 0 yaw 4 mode 2 st 5 gl 6 hp 100 frg 7
ARGLOG Carmack t 180.3 pos '2454.3 -1007.1  62.9' spd 350.7 yaw 107 mode 2 st 13 gl 7 hp 100 frg 6
ARGEVT Carmack hazard
ARGLOG Joe Rogan t 180.7 pos '2640.0 -28.2 120.0' spd  71.3 yaw 338.7 mode 0 st 9 gl 4 hp 57 frg 2
ARGLOG Romero t 180.8 pos '1386.3 -1049.4 344.0' spd 0 yaw 4 mode 2 st 5 gl 6 hp 100 frg 7
ARGLOG Carmack t 180.9 pos '2448.0 -1045.6  24.0' spd 169.4 yaw 104 mode 2 st 13 gl 7 hp 100 frg 6
ARGEVT Joe Rogan hazard
ARGLOG Joe Rogan t 181.2 pos '2626.9 -70.5 120.0' spd 244.4 yaw 123.2 mode 0 st 9 gl 4 hp 57 frg 2
ARGLOG Romero t 181.3 pos '1386.3 -1049.4 344.0' spd 0 yaw 4 mode 2 st 5 gl 6 hp 100 frg 7
ARGLOG Carmack t 181.4 pos '2448.0 -992.0  16.0' spd 0 yaw 106 mode 2 st 13 gl 7 hp 100 frg 6
ARGEVT Joe Rogan goal item_artifact_super_damage
ARGEVT Joe Rogan routefail
ARGEVT Joe Rogan goal item_health
ARGLOG Joe Rogan t 181.7 pos '2581.5 -51.1 120.0' spd 343.5 yaw 253 mode 1 st 9 gl 4 hp 57 frg 2
ARGLOG Romero t 181.8 pos '1386.3 -1049.4 344.0' spd 0 yaw 4 mode 2 st 5 gl 6 hp 100 frg 7
ARGLOG Carmack t 181.9 pos '2448.0 -992.0  16.0' spd 0 yaw 106 mode 2 st 13 gl 7 hp 100 frg 6
ARGLOG Joe Rogan t 182.3 pos '2557.4 -217.6 120.0' spd 322.8 yaw 243.6 mode 1 st 9 gl 4 hp 72 frg 2
ARGEVT Joe Rogan hazard
ARGEVT Carmack stall
ARGEVT Carmack stallnode '2393.0 -831.0 120.0'
ARGEVT Carmack jump
ARGLOG Romero t 182.4 pos '1386.3 -1049.4 344.0' spd 0 yaw 4 mode 2 st 5 gl 6 hp 100 frg 7
ARGLOG Carmack t 182.4 pos '2448.0 -992.0  37.3' spd 0 yaw 87 mode 0 st 14 gl 7 hp 100 frg 6
ARGEVT Carmack route 9 start '2457.0 -991.0  24.0' goal '2521.0 -191.0  32.0'
ARGEVT Carmack lift
ARGLOG Joe Rogan t 182.8 pos '2583.4 -356.8 120.0' spd 380.5 yaw 342.8 mode 1 st 9 gl 4 hp 72 frg 2
ARGEVT Carmack hazard
ARGLOG Romero t 182.9 pos '1386.3 -1049.4 344.0' spd 0 yaw 4 mode 2 st 5 gl 6 hp 100 frg 7
ARGLOG Carmack t 182.9 pos '2455.7 -992.0  16.0' spd  27.9 yaw 111 mode 2 st 14 gl 7 hp 100 frg 6
ARGLOG Joe Rogan t 183.3 pos '2632.2 -409.0 120.0' spd 320.6 yaw 110 mode 1 st 9 gl 4 hp 72 frg 2
ARGLOG Romero t 183.4 pos '1386.3 -1049.4 344.0' spd 0 yaw 4 mode 2 st 5 gl 6 hp 100 frg 7
ARGLOG Carmack t 183.4 pos '2448.0 -992.0  16.0' spd 0 yaw 108 mode 2 st 14 gl 7 hp 100 frg 6
ARGLOG Joe Rogan t 183.8 pos '2590.2 -246.7 120.0' spd 360.0 yaw  45.4 mode 1 st 9 gl 4 hp 72 frg 2
ARGEVT Carmack hazard
ARGLOG Romero t 183.9 pos '1386.3 -1049.4 344.0' spd 0 yaw 4 mode 2 st 5 gl 6 hp 100 frg 7
ARGLOG Carmack t 183.9 pos '2448.0 -992.0  16.0' spd 0 yaw 108 mode 2 st 14 gl 7 hp 100 frg 6
ARGLOG Joe Rogan t 184.3 pos '2619.7 -75.1 120.0' spd 372.8 yaw 157.3 mode 1 st 9 gl 4 hp 72 frg 2
ARGLOG Romero t 184.4 pos '1443.0 -1049.4 344.0' spd 320 yaw 5 mode 2 st 5 gl 6 hp 100 frg 7
ARGEVT Romero hazard
ARGLOG Carmack t 184.5 pos '2448.0 -992.0  16.0' spd 0 yaw 108 mode 2 st 14 gl 7 hp 100 frg 6
ARGEVT Romero goal item_rockets
ARGEVT Romero route 2 start '1401.0 -1055.0 344.0' goal '2073.0 -991.0 344.0'
ARGLOG Joe Rogan t 184.8 pos '2448.0 -63.5 120.0' spd 367.1 yaw 259 mode 1 st 9 gl 4 hp 72 frg 2
ARGEVT Carmack hazard
ARGLOG Romero t 184.9 pos '1564.8 -1048.8 344.0' spd 324.6 yaw 359 mode 2 st 5 gl 7 hp 100 frg 7
ARGLOG Carmack t 185.0 pos '2448.0 -992.0  16.0' spd 0 yaw 108 mode 2 st 14 gl 7 hp 100 frg 6
ARGLOG Joe Rogan t 185.3 pos '2416.0 -93.5  88.0' spd 157.3 yaw 311.4 mode 1 st 9 gl 4 hp 72 frg 2
ARGLOG Romero t 185.4 pos '1550.7 -1022.9 344.0' spd 272.8 yaw 355 mode 2 st 5 gl 7 hp 100 frg 7
ARGEVT Romero hazard
ARGLOG Carmack t 185.5 pos '2448.0 -992.0  16.0' spd 0 yaw 108 mode 2 st 14 gl 7 hp 100 frg 6
ARGEVT Carmack goal item_armorInv
ARGEVT Carmack route 4 start '2457.0 -991.0  24.0' goal '2361.0 -703.0  56.0'
ARGEVT Carmack lift
ARGLOG Joe Rogan t 185.9 pos '2453.9 -237.9  24.0' spd 204.0 yaw  30.2 mode 1 st 9 gl 4 hp 72 frg 2
ARGEVT Carmack hazard
ARGLOG Romero t 186.0 pos '1597.4 -1041.7 344.0' spd  94.6 yaw 358 mode 2 st 5 gl 7 hp 100 frg 7
ARGEVT Joe Rogan jump
ARGLOG Carmack t 186.0 pos '2448.0 -992.0  16.0' spd 0 yaw 108 mode 2 st 14 gl 7 hp 100 frg 6
ARGLOG Joe Rogan t 186.4 pos '2576.0 -157.1  32.0' spd 171.4 yaw 149.2 mode 1 st 9 gl 4 hp 72 frg 2
ARGEVT Joe Rogan hazard
ARGLOG Romero t 186.5 pos '1587.6 -987.0 283.8' spd 112.9 yaw 347 mode 2 st 5 gl 7 hp 100 frg 7
ARGLOG Carmack t 186.5 pos '2448.0 -992.0  16.0' spd 0 yaw 108 mode 2 st 14 gl 7 hp 100 frg 6
ARGLOG Joe Rogan t 186.9 pos '2446.4 -235.2  24.0' spd 406.5 yaw 314.3 mode 1 st 9 gl 4 hp 72 frg 2
ARGEVT Carmack hazard
ARGLOG Romero t 187.0 pos '1546.1 -942.8  20.0' spd 121.0 yaw 342 mode 2 st 5 gl 7 hp 100 frg 7
ARGLOG Carmack t 187.0 pos '2448.0 -992.0  16.0' spd 0 yaw 108 mode 2 st 14 gl 7 hp 100 frg 6
ARGEVT Joe Rogan jump
ARGEVT Romero jump
ARGLOG Joe Rogan t 187.4 pos '2512.3 -229.0  41.5' spd  36.2 yaw 62 mode 1 st 9 gl 4 hp 72 frg 2
ARGLOG Romero t 187.5 pos '1424.0 -1030.8  49.2' spd 200.6 yaw 357 mode 2 st 5 gl 7 hp 98 frg 7
ARGLOG Carmack t 187.6 pos '2448.0 -992.0  16.0' spd 0 yaw 108 mode 2 st 14 gl 7 hp 100 frg 6
ARGEVT Joe Rogan hazard
ARGLOG Joe Rogan t 187.9 pos '2533.1 -147.0  32.0' spd 349.6 yaw  94.3 mode 1 st 9 gl 4 hp 72 frg 2
ARGEVT Joe Rogan jump
ARGEVT Carmack hazard
ARGLOG Romero t 188.0 pos '1424.0 -1082.6  20.0' spd  35.3 yaw 3 mode 2 st 5 gl 7 hp 98 frg 7
ARGEVT Romero hazard
ARGLOG Carmack t 188.1 pos '2448.0 -992.0  16.0' spd 0 yaw 108 mode 2 st 14 gl 7 hp 100 frg 6
ARGEVT Romero jump
ARGLOG Joe Rogan t 188.4 pos '2421.3 -144.0  61.8' spd 197.9 yaw 193.5 mode 1 st 9 gl 4 hp 72 frg 2
ARGLOG Romero t 188.5 pos '1424.0 -1012.1  57.9' spd  67.0 yaw 355 mode 2 st 5 gl 7 hp 98 frg 7
ARGLOG Carmack t 188.6 pos '2448.0 -992.0  16.0' spd 0 yaw 108 mode 2 st 14 gl 7 hp 100 frg 6
ARGLOG Joe Rogan t 188.9 pos '2382.3 -240.0  24.0' spd 224.9 yaw 358.3 mode 1 st 9 gl 4 hp 72 frg 2
ARGEVT Romero jump
ARGEVT Carmack hazard
ARGLOG Romero t 189.1 pos '1434.7 -1073.5  31.9' spd 313.8 yaw 2 mode 2 st 5 gl 7 hp 98 frg 7
ARGLOG Carmack t 189.1 pos '2448.0 -992.0  16.0' spd 0 yaw 108 mode 2 st 14 gl 7 hp 100 frg 6
ARGEVT Joe Rogan jump
ARGLOG Joe Rogan t 189.5 pos '2544.5 -191.7  48.0' spd 331.4 yaw  80.3 mode 1 st 9 gl 4 hp 72 frg 2
ARGLOG Romero t 189.6 pos '1424.0 -1106.7  32.6' spd  32.5 yaw 6 mode 2 st 5 gl 7 hp 98 frg 7
ARGLOG Carmack t 189.6 pos '2448.0 -992.0  16.0' spd 0 yaw 108 mode 2 st 14 gl 7 hp 100 frg 6
ARGEVT Joe Rogan hazard
ARGEVT Romero jump
ARGLOG Joe Rogan t 190.0 pos '2483.5 -164.9  24.0' spd 357.5 yaw 245.8 mode 1 st 9 gl 4 hp 72 frg 2
ARGEVT Carmack hazard
ARGLOG Romero t 190.1 pos '1424.0 -985.4  57.8' spd 203.2 yaw 352 mode 2 st 5 gl 7 hp 98 frg 7
ARGLOG Carmack t 190.1 pos '2448.0 -992.0  16.0' spd 0 yaw 108 mode 2 st 14 gl 7 hp 100 frg 6
ARGLOG Joe Rogan t 190.5 pos '2514.1 -233.4  32.0' spd 346.0 yaw  50.6 mode 1 st 9 gl 4 hp 72 frg 2
ARGEVT Joe Rogan jump
ARGLOG Romero t 190.6 pos '1424.0 -1015.1  20.0' spd 284.5 yaw 356 mode 2 st 5 gl 7 hp 98 frg 7
ARGEVT Romero jump
ARGLOG Carmack t 190.7 pos '2448.0 -992.0  16.0' spd 0 yaw 108 mode 2 st 14 gl 7 hp 100 frg 6
ARGLOG Joe Rogan t 191.0 pos '2540.7 -158.3  32.0' spd 340.2 yaw 169.0 mode 1 st 9 gl 4 hp 72 frg 2
ARGEVT Carmack hazard
ARGLOG Romero t 191.1 pos '1424.0 -1123.4  50.0' spd  30.7 yaw 8 mode 2 st 5 gl 7 hp 98 frg 7
ARGLOG Carmack t 191.2 pos '2448.0 -992.0  16.0' spd 0 yaw 108 mode 2 st 14 gl 7 hp 100 frg 6
