LOG started on: 08/29/2026 09:30:28 
Playing registered version.
UDP Initialized
WIPX_OpenSocket: Address family not supported by protocol family
WIPX_Init: Unable to open control socket, IPX disabled
Exe: 20:02:47 Jul 31 2024
256.0 megabyte heap

Language initialization
Couldn't load 'localization/loc_english.txt'
from 'C:/argus/engine'

========= Quake Initialized =========

execing autoexec.cfg
SpawnServer: dm4
Clearing memory
Programs occupy 663K.
trying to open external vis file
maps/dm4.vis not found, trying argus.vis
external vis not found
ARGUS slots 8
ARGUS worldspawn reached
ARGNAV 155 nodes, 928 links
0 entities inhibited
ARGUS init on dm4
ARGEVT Carmack spawned
ARGEVT Romero spawned
ARGEVT Joe Rogan spawned
Server spawned.
ARGLOG Joe Rogan t   1.2 pos '272.0 -952.0  24.0' spd 0 yaw 323.2 mode 0 st 0 gl 0 hp 100 frg 0
ARGLOG Romero t   1.2 pos '-64.0 -232.0 -72.0' spd 0 yaw  10.2 mode 0 st 0 gl 0 hp 100 frg 0
ARGLOG Carmack t   1.2 pos '-64.0 512.0 -296.0' spd 0 yaw 252.0 mode 0 st 0 gl 0 hp 100 frg 0
ARGEVT Joe Rogan hazard
ARGLOG Joe Rogan t   1.7 pos '395.5 -1039.3  24.0' spd 219.6 yaw 201.8 mode 0 st 0 gl 0 hp 100 frg 0
ARGLOG Romero t   1.7 pos ' 90.5 -208.0 -72.0' spd 322.8 yaw  10.2 mode 0 st 0 gl 0 hp 100 frg 0
ARGLOG Carmack t   1.7 pos '-109.8 362.3 -296.0' spd 320 yaw 252.0 mode 0 st 0 gl 0 hp 100 frg 0
ARGEVT Romero hazard
ARGLOG Joe Rogan t   2.2 pos '337.9 -1068.3  24.0' spd 126.3 yaw 138.0 mode 0 st 0 gl 0 hp 100 frg 0
ARGLOG Romero t   2.2 pos '195.5 -233.8 -72.0' spd 330.5 yaw 224.2 mode 0 st 0 gl 0 hp 100 frg 0
ARGLOG Carmack t   2.2 pos '-98.4 316.9 -296.0' spd 194.3 yaw  61.9 mode 0 st 0 gl 0 hp 100 frg 0
ARGEVT Carmack hazard
ARGLOG Joe Rogan t   2.8 pos '220.4 -956.9  24.0' spd 320.0 yaw 138.0 mode 0 st 0 gl 0 hp 100 frg 0
ARGLOG Romero t   2.8 pos '122.2 -327.1 -40.0' spd 166.4 yaw 103.8 mode 0 st 0 gl 0 hp 100 frg 0
ARGLOG Carmack t   2.8 pos '-98.5 480.2 -296.0' spd 325.7 yaw  61.9 mode 0 st 0 gl 0 hp 100 frg 0
ARGLOG Joe Rogan t   3.3 pos '208.0 -788.4  24.0' spd 381.4 yaw 138.0 mode 0 st 0 gl 0 hp 100 frg 0
ARGLOG Romero t   3.3 pos ' 62.0 -243.6 -72.0' spd 333.4 yaw 230.6 mode 0 st 0 gl 0 hp 100 frg 0
ARGLOG Carmack t   3.3 pos '-54.1 607.4 -296.0' spd 154.1 yaw 214.7 mode 0 st 0 gl 0 hp 200 frg 0
ARGEVT Joe Rogan hazard
ARGLOG Joe Rogan t   3.8 pos '302.3 -824.7  24.0' spd 320.6 yaw 314.2 mode 0 st 0 gl 0 hp 100 frg 0
ARGLOG Romero t   3.8 pos ' 88.8 -248.1 -72.0' spd 217.6 yaw  44.0 mode 0 st 0 gl 0 hp 100 frg 0
ARGLOG Carmack t   3.8 pos '-50.9 537.1 -296.0' spd 324.2 yaw 347.6 mode 0 st 0 gl 0 hp 200 frg 0
ARGEVT Joe Rogan goal weapon_rocketlauncher
ARGEVT Romero goal weapon_lightning
ARGEVT Carmack goal weapon_rocketlauncher
ARGEVT Romero hazard
ARGEVT Joe Rogan route 13 start '401.0 -887.0  24.0' goal '721.0 -887.0 -232.0'
ARGLOG Joe Rogan t   4.3 pos '436.6 -927.1  24.0' spd 350.6 yaw 111 mode 2 st 0 gl 0 hp 100 frg 0
ARGLOG Romero t   4.3 pos '115.7 -297.9 -56.0' spd 322.7 yaw 304.9 mode 0 st 0 gl 0 hp 100 frg 0
ARGLOG Carmack t   4.3 pos '-109.8 568.3 -296.0' spd 382.5 yaw 231.0 mode 0 st 0 gl 0 hp 200 frg 0
ARGEVT Carmack hazard
ARGEVT Romero route 4 start '145.0 -279.0 -56.0' goal '529.0 -311.0 -104.0'
ARGEVT Joe Rogan hazard
ARGEVT Joe Rogan route 15 start '625.0   9.0 -296.0' goal '721.0 -887.0 -232.0'
ARGEVT Carmack route 3 start '-111.0 457.0 -296.0' goal ' 49.0 105.0 -296.0'
ARGLOG Joe Rogan t   4.8 pos '624.0  18.9 -296.0' spd 300 yaw 262 mode 2 st 0 gl 0 hp 100 frg 0
ARGLOG Romero t   4.8 pos '232.4 -397.0 -10.1' spd 289.9 yaw 11 mode 2 st 0 gl 0 hp 100 frg 0
ARGLOG Carmack t   4.8 pos '-89.3 423.5 -296.0' spd 359.9 yaw 261 mode 2 st 0 gl 0 hp 200 frg 0
ARGLOG Joe Rogan t   5.3 pos '632.5  66.2 -296.0' spd 321.6 yaw 262 mode 2 st 0 gl 0 hp 100 frg 0
ARGLOG Romero t   5.3 pos '332.4 -308.4 -149.2' spd 271.0 yaw 274 mode 2 st 0 gl 0 hp 100 frg 0
ARGLOG Carmack t   5.3 pos '-87.7 254.6 -296.0' spd 320.1 yaw 313 mode 2 st 0 gl 0 hp 200 frg 0
ARGEVT Carmack hazard
ARGEVT Romero hazard
ARGLOG Joe Rogan t   5.8 pos '393.9 -864.0  24.0' spd 300 yaw 102 mode 2 st 0 gl 0 hp 100 frg 0
ARGLOG Romero t   5.8 pos '284.1 -212.2 -296.0' spd 346.8 yaw 288 mode 2 st 0 gl 0 hp 100 frg 0
ARGLOG Carmack t   5.8 pos '-48.1 126.3 -296.0' spd 389.6 yaw 335 mode 1 st 0 gl 0 hp 200 frg 0
ARGEVT Romero jump
ARGEVT Carmack goal item_artifact_super_damage
ARGEVT Carmack route 6 start ' 49.0 105.0 -296.0' goal '209.0  73.0 -104.0'
ARGLOG Joe Rogan t   6.4 pos '343.5 -812.7  24.0' spd 347.5 yaw 96 mode 2 st 0 gl 0 hp 100 frg 0
ARGLOG Romero t   6.4 pos '108.5 -267.0 -261.3' spd 360.9 yaw 335 mode 2 st 0 gl 0 hp 100 frg 0
ARGLOG Carmack t   6.4 pos ' 98.4  69.3 -296.0' spd 392.2 yaw 232 mode 2 st 0 gl 1 hp 200 frg 0
ARGLOG Joe Rogan t   6.9 pos '304.6 -651.9  24.0' spd 320.0 yaw 43 mode 2 st 0 gl 0 hp 100 frg 0
ARGLOG Romero t   6.9 pos ' 30.9 -208.3 -296.0' spd 292.5 yaw 332 mode 2 st 0 gl 0 hp 100 frg 0
ARGLOG Carmack t   6.9 pos '-12.2 120.0 -296.0' spd 359.8 yaw 275 mode 2 st 0 gl 1 hp 200 frg 0
ARGEVT Romero hazard
ARGEVT Romero jump
ARGEVT Carmack hazard
ARGLOG Joe Rogan t   7.4 pos '343.1 -487.8  24.0' spd 386.4 yaw 31 mode 2 st 0 gl 0 hp 100 frg 0
ARGEVT Romero engage Joe Rogan
ARGLOG Romero t   7.4 pos '200.3 -265.6 -258.3' spd 368.3 yaw  46.1 mode 2 st 0 gl 0 hp 100 frg 0
ARGLOG Carmack t   7.4 pos '-127.5  48.0 -296.0' spd 207.4 yaw 297 mode 2 st 0 gl 1 hp 200 frg 0
ARGEVT Joe Rogan engage Romero
ARGLOG Joe Rogan t   7.9 pos '275.4 -483.2  24.0' spd 323.8 yaw 105.6 mode 2 st 0 gl 0 hp 100 frg 0
ARGLOG Romero t   7.9 pos '237.7 -208.3 -296.0' spd  73.4 yaw 271.6 mode 2 st 0 gl 0 hp 100 frg 0
ARGLOG Carmack t   7.9 pos '-212.1  48.0 -296.0' spd 136.9 yaw 308 mode 2 st 0 gl 1 hp 200 frg 0
ARGEVT Romero jump
ARGEVT Carmack stall
ARGEVT Carmack stallnode '-79.0 -151.0 -296.0'
ARGEVT Carmack jump
ARGEVT Carmack route 6 start '-143.0 105.0 -296.0' goal '209.0  73.0 -104.0'
ARGEVT Joe Rogan hazard
ARGLOG Joe Rogan t   8.4 pos '126.7 -467.3  24.0' spd  95.2 yaw  69.3 mode 0 st 0 gl 0 hp 92 frg 0
ARGLOG Romero t   8.4 pos '252.2 -200.0 -266.7' spd  44.3 yaw 244.1 mode 2 st 0 gl 0 hp 100 frg 0
ARGLOG Carmack t   8.4 pos '-61.3  48.0 -258.2' spd 323.3 yaw 321 mode 2 st 1 gl 1 hp 199 frg 0
ARGEVT Joe Rogan grab weapon_grenadelauncher
ARGEVT Romero pursue
ARGEVT Joe Rogan pursue
ARGEVT Joe Rogan route 11 start '113.0 -471.0  24.0' goal '721.0 -887.0 -232.0'
ARGUS Romero hunch item_artifact_super_damage
ARGEVT Romero hazard
ARGEVT Romero pursue
ARGEVT Romero goal item_armorInv
ARGEVT Carmack hazard
ARGLOG Joe Rogan t   8.9 pos '163.9 -344.0 -24.0' spd 100.7 yaw  39.7 mode 2 st 0 gl 0 hp 92 frg 0
ARGEVT Romero grab weapon_nailgun
ARGLOG Romero t   8.9 pos '331.3 -204.2 -296.0' spd 322.6 yaw 264.9 mode 0 st 0 gl 0 hp 100 frg 0
ARGLOG Carmack t   8.9 pos ' 67.6  48.7 -296.0' spd 128.9 yaw 261 mode 2 st 1 gl 1 hp 199 frg 0
ARGEVT Romero route 17 start '273.0 -183.0 -296.0' goal '817.0 -855.0 -232.0'
ARGLOG Joe Rogan t   9.5 pos '113.5 -438.7  24.0' spd  34.6 yaw  56.2 mode 2 st 0 gl 0 hp 92 frg 0
ARGLOG Romero t   9.5 pos '374.3 -65.1 -296.0' spd 328.7 yaw 243.9 mode 2 st 0 gl 0 hp 92 frg 0
ARGLOG Carmack t   9.5 pos '  4.5  48.0 -296.0' spd 364.2 yaw 259.3 mode 2 st 1 gl 1 hp 198 frg 0
ARGEVT Romero hazard
ARGEVT Joe Rogan hazard
ARGLOG Joe Rogan t  10.0 pos '112.0 -449.6  24.0' spd 159.1 yaw  50.5 mode 2 st 0 gl 0 hp 92 frg 0
ARGLOG Romero t  10.0 pos '389.3 -113.6 -296.0' spd 158.1 yaw 225.2 mode 2 st 0 gl 0 hp 88 frg 0
ARGLOG Carmack t  10.0 pos '-42.2 -97.6 -296.0' spd 406.2 yaw 345 mode 2 st 1 gl 1 hp 197 frg 0
ARGEVT Carmack engage Romero
ARGLOG Joe Rogan t  10.5 pos '241.8 -499.2  24.0' spd 321.2 yaw  71.0 mode 2 st 0 gl 0 hp 92 frg 0
ARGLOG Romero t  10.5 pos '374.3 -99.4 -296.0' spd 253.3 yaw 267.5 mode 2 st 0 gl 0 hp 80 frg 0
ARGLOG Carmack t  10.5 pos ' -8.9 -227.0 -296.0' spd  84.5 yaw  24.9 mode 2 st 1 gl 1 hp 197 frg 0
ARGUS Carmack hunch item_artifact_super_damage
ARGEVT Romero pursue
ARGEVT Carmack goal item_artifact_super_damage
ARGEVT Carmack route 4 start '-79.0 -151.0 -296.0' goal '209.0  73.0 -104.0'
ARGEVT Joe Rogan pursue
ARGLOG Joe Rogan t  11.0 pos '354.7 -499.2  24.0' spd 227.9 yaw  87.2 mode 2 st 0 gl 0 hp 92 frg 0
ARGLOG Romero t  11.0 pos '396.5 -97.0 -296.0' spd 129.3 yaw 245.2 mode 2 st 0 gl 0 hp 80 frg 0
ARGEVT Carmack pursue
ARGLOG Carmack t  11.0 pos '-58.6 -162.6 -296.0' spd 339.0 yaw 240.4 mode 2 st 1 gl 1 hp 196 frg 0
ARGEVT Carmack hazard
ARGEVT Romero hazard
ARGUS Carmack prefire
ARGUS routecache adopt
ARGEVT Carmack route 3 start ' 17.0 -247.0 -296.0' goal '209.0  73.0 -104.0'
ARGLOG Joe Rogan t  11.5 pos '198.1 -408.7  11.4' spd 320.2 yaw  70.7 mode 2 st 0 gl 0 hp 92 frg 0
ARGLOG Romero t  11.5 pos '379.7  17.5 -288.0' spd 270.2 yaw 233.1 mode 2 st 0 gl 0 hp 68 frg 0
ARGLOG Carmack t  11.5 pos ' 26.3 -258.2 -296.0' spd 336.0 yaw 24 mode 2 st 1 gl 1 hp 196 frg 0
ARGEVT Carmack pursue
ARGEVT Romero route 17 start '369.0 105.0 -288.0' goal '817.0 -855.0 -232.0'
ARGLOG Joe Rogan t  12.0 pos '146.0 -286.0 -56.0' spd 363.1 yaw  50.6 mode 0 st 0 gl 0 hp 74 frg 0
ARGLOG Romero t  12.0 pos '366.6  71.6 -288.0' spd 331.3 yaw 219.6 mode 2 st 0 gl 0 hp 68 frg 0
ARGLOG Carmack t  12.0 pos '184.9 -209.3 -296.0' spd 320.9 yaw 25 mode 2 st 1 gl 1 hp 195 frg 0
ARGEVT Carmack rjump
ARGEVT Joe Rogan route 19 start '177.0 -311.0 -40.0' goal '721.0 -887.0 -232.0'
ARGEVT Joe Rogan jump
ARGEVT Romero weapon sg
ARGLOG Joe Rogan t  12.5 pos '139.4 -190.2 -37.2' spd 144.6 yaw  50.7 mode 2 st 0 gl 0 hp 74 frg 0
ARGLOG Romero t  12.5 pos '352.0  57.2 -288.0' spd 202.9 yaw 227.7 mode 2 st 0 gl 0 hp 68 frg 0
ARGLOG Carmack t  12.5 pos '313.7 -195.9 -266.4' spd 225.4 yaw  76.1 mode 2 st 1 gl 1 hp 195 frg 0
ARGUS Joe Rogan hunch item_artifact_super_damage
ARGEVT Romero pursue
ARGEVT Joe Rogan plan powerup via weapon
ARGEVT Joe Rogan goal weapon_supernailgun
ARGEVT Romero hazard
ARGEVT Joe Rogan route 8 start '145.0 -183.0 -72.0' goal '177.0 -55.0 -104.0'
ARGEVT Carmack hazard
ARGEVT Carmack route 5 start '401.0 -247.0 -296.0' goal '209.0  73.0 -104.0'
ARGLOG Joe Rogan t  13.1 pos '133.4 -178.0 -183.1' spd  42.9 yaw  34.7 mode 2 st 0 gl 0 hp 66 frg 0
ARGLOG Romero t  13.1 pos '394.9 -46.3 -296.0' spd 424.8 yaw 211.4 mode 2 st 0 gl 0 hp 44 frg 0
ARGLOG Carmack t  13.1 pos '460.1 -222.4 -296.0' spd 355.6 yaw 110.1 mode 2 st 1 gl 1 hp 194 frg 0
ARGEVT Romero death Carmack pos '394.9 -46.3 -296.0'
ARGUS Carmack watch spawn
ARGEVT Joe Rogan engage Carmack
ARGEVT Carmack engage Joe Rogan
ARGEVT Carmack grab weapon_lightning
ARGEVT Carmack goal item_artifact_super_damage
ARGEVT Carmack route 3 start '497.0 -247.0 -296.0' goal '209.0  73.0 -104.0'
ARGEVT Joe Rogan jump
ARGLOG Joe Rogan t  13.6 pos '127.4 -201.5 -258.3' spd  47.0 yaw 355.4 mode 2 st 0 gl 0 hp 66 frg 0
ARGLOG Carmack t  13.6 pos '580.7 -265.2 -296.0' spd 200.3 yaw 174.5 mode 2 st 1 gl 1 hp 194 frg 1
ARGEVT Carmack hazard
ARGEVT Carmack route 4 start '593.0 -215.0 -296.0' goal '209.0  73.0 -104.0'
ARGLOG Joe Rogan t  14.1 pos ' 95.8 -219.9 -296.0' spd 311.0 yaw 357.7 mode 2 st 0 gl 0 hp 66 frg 0
ARGLOG Carmack t  14.1 pos '597.5 -265.4 -296.0' spd 158.4 yaw 173.1 mode 2 st 1 gl 1 hp 185 frg 1
ARGUS routecache adopt
ARGEVT Carmack route 4 start '593.0 -215.0 -296.0' goal '209.0  73.0 -104.0'
ARGLOG Joe Rogan t  14.6 pos ' 61.2 -239.9 -296.0' spd 112.4 yaw 359.7 mode 2 st 0 gl 0 hp 66 frg 0
ARGEVT Romero respawn
ARGLOG Carmack t  14.6 pos '568.8 -254.7 -296.0' spd  63.3 yaw 182.8 mode 2 st 1 gl 1 hp 173 frg 1
ARGEVT Romero goal item_armorInv
ARGLOG Romero t  14.7 pos '112.0 -1136.0 -104.0' spd 0 yaw  28.4 mode 0 st 0 gl 0 hp 100 frg 0
ARGEVT Romero route 17 start '145.0 -1143.0 -88.0' goal '817.0 -855.0 -232.0'
ARGEVT Joe Rogan hazard
ARGEVT Joe Rogan jump
ARGLOG Joe Rogan t  15.1 pos '138.6 -225.2 -266.8' spd 213.0 yaw 359.1 mode 2 st 0 gl 0 hp 66 frg 0
ARGEVT Romero hazard
ARGLOG Carmack t  15.1 pos '564.5 -227.6 -296.0' spd 320.1 yaw 169.9 mode 2 st 1 gl 1 hp 148 frg 1
ARGLOG Romero t  15.2 pos '253.5 -1136.0 -104.0' spd   7.0 yaw 286 mode 2 st 0 gl 0 hp 100 frg 0
ARGEVT Carmack hazard
ARGEVT Romero jump
ARGLOG Joe Rogan t  15.6 pos '248.9 -229.4 -296.0' spd 214.0 yaw 356.0 mode 2 st 0 gl 0 hp 66 frg 0
ARGLOG Carmack t  15.6 pos '556.4 -252.6 -296.0' spd 266.0 yaw 181.7 mode 2 st 1 gl 1 hp 132 frg 1
ARGLOG Romero t  15.7 pos '140.5 -1145.8 -69.4' spd 298.5 yaw 0 mode 2 st 0 gl 0 hp 100 frg 0
ARGEVT Joe Rogan hazard
ARGLOG Joe Rogan t  16.2 pos '337.8 -212.5 -296.0' spd 326.7 yaw 356.7 mode 2 st 0 gl 0 hp 66 frg 0
ARGEVT Carmack weapon sg
ARGLOG Carmack t  16.2 pos '524.5 -230.4 -296.0' spd 105.2 yaw 166.3 mode 2 st 1 gl 1 hp 119 frg 1
ARGLOG Romero t  16.2 pos '140.0 -1230.7 -104.0' spd 207.5 yaw 23 mode 2 st 0 gl 0 hp 100 frg 0
ARGEVT Carmack weapon rl
ARGEVT Romero jump
ARGEVT Joe Rogan grab 
ARGLOG Joe Rogan t  16.7 pos '379.4 -38.6 -296.0' spd 334.2 yaw 322.0 mode 2 st 0 gl 0 hp 54 frg 0
ARGLOG Carmack t  16.7 pos '574.1 -208.0 -296.0' spd 209.4 yaw 123.6 mode 2 st 1 gl 1 hp 99 frg 1
ARGLOG Romero t  16.7 pos '209.1 -1203.1 -33.1' spd  58.9 yaw 66 mode 2 st 0 gl 0 hp 100 frg 0
ARGEVT Joe Rogan pursue
ARGEVT Carmack pursue
ARGEVT Joe Rogan pursue
ARGEVT Carmack routefail
ARGEVT Carmack goal weapon_lightning
ARGUS Carmack hunch item_artifact_super_damage
ARGLOG Joe Rogan t  17.2 pos '396.5 -78.0 -296.0' spd 320.0 yaw 267.7 mode 2 st 0 gl 0 hp 54 frg 0
ARGLOG Carmack t  17.2 pos '609.1 -67.3 -296.0' spd 170.4 yaw 309.0 mode 0 st 1 gl 1 hp 99 frg 1
ARGEVT Carmack route 7 start '593.0 -87.0 -296.0' goal '529.0 -311.0 -104.0'
ARGLOG Romero t  17.2 pos '272.0 -1158.6 -40.0' spd 110.5 yaw 79 mode 2 st 0 gl 0 hp 100 frg 0
ARGEVT Romero jump
ARGEVT Carmack goal weapon_lightning
ARGUS routecache adopt
ARGEVT Carmack route 7 start '593.0 -87.0 -296.0' goal '529.0 -311.0 -104.0'
ARGEVT Carmack pursue
ARGEVT Joe Rogan pursue
ARGLOG Joe Rogan t  17.7 pos '342.1 -243.2 -296.0' spd 365.1 yaw 341.6 mode 2 st 0 gl 0 hp 54 frg 0
ARGLOG Carmack t  17.7 pos '646.5 -197.3 -296.0' spd 183.1 yaw 201.0 mode 2 st 1 gl 1 hp 99 frg 1
ARGLOG Romero t  17.8 pos '272.0 -1113.0 -17.8' spd  27.9 yaw 75 mode 2 st 0 gl 0 hp 100 frg 0
ARGEVT Romero jump
ARGEVT Carmack grab item_armor1
ARGEVT Joe Rogan pursue
ARGLOG Joe Rogan t  18.2 pos '326.9 -118.2 -296.0' spd 320.1 yaw 354.5 mode 2 st 0 gl 0 hp 54 frg 0
ARGLOG Carmack t  18.2 pos '595.9 -59.4 -296.0' spd 359.8 yaw  67.6 mode 2 st 1 gl 1 hp 99 frg 1
ARGLOG Romero t  18.3 pos '272.0 -1128.3 -69.4' spd  54.6 yaw 77 mode 2 st 0 gl 0 hp 100 frg 0
ARGEVT Joe Rogan hazard
ARGEVT Carmack pursue
ARGUS Joe Rogan hunch item_artifact_super_damage
ARGEVT Carmack hazard
ARGEVT Joe Rogan goal weapon_rocketlauncher
ARGEVT Joe Rogan pursue
ARGLOG Joe Rogan t  18.7 pos '400.3 -197.2 -296.0' spd 329.3 yaw 274.6 mode 0 st 0 gl 0 hp 54 frg 0
ARGEVT Romero hazard
ARGLOG Carmack t  18.7 pos '581.3  93.1 -296.0' spd 393.4 yaw 181.9 mode 2 st 1 gl 1 hp 100 frg 1
ARGEVT Romero stall
ARGEVT Romero stallnode '337.0 -1143.0  -8.0'
ARGLOG Romero t  18.8 pos '271.4 -1127.7 -104.0' spd 163.2 yaw 271.8 mode 0 st 1 gl 0 hp 100 frg 0
ARGEVT Romero jump
ARGEVT Joe Rogan route 17 start '401.0 -183.0 -296.0' goal '721.0 -887.0 -232.0'
ARGEVT Romero route 16 start '241.0 -1143.0 -40.0' goal '817.0 -855.0 -232.0'
ARGLOG Joe Rogan t  19.3 pos '520.2 -255.4 -296.0' spd 330.6 yaw 32 mode 2 st 0 gl 0 hp 54 frg 0
ARGLOG Carmack t  19.3 pos '577.3  16.0 -296.0' spd 322.0 yaw 347.0 mode 2 st 1 gl 1 hp 100 frg 1
ARGLOG Romero t  19.3 pos '272.0 -1042.8 -81.8' spd 164.7 yaw 303 mode 2 st 1 gl 0 hp 100 frg 0
ARGEVT Joe Rogan grab weapon_lightning
ARGEVT Joe Rogan hazard
ARGLOG Joe Rogan t  19.8 pos '572.3 -260.7 -296.0' spd 135.2 yaw  76.1 mode 2 st 0 gl 0 hp 54 frg 0
ARGLOG Carmack t  19.8 pos '642.9  64.6 -296.0' spd 333.6 yaw 259.6 mode 2 st 1 gl 1 hp 84 frg 1
ARGLOG Romero t  19.8 pos '374.9 -1040.0 -104.0' spd 174.3 yaw 250 mode 2 st 1 gl 0 hp 100 frg 0
ARGEVT Romero hazard
ARGEVT Joe Rogan death Carmack pos '576.7 -252.0 -296.0'
ARGUS Carmack watch spawn
ARGEVT Carmack goal weapon_lightning
ARGEVT Carmack route 5 start '529.0  73.0 -296.0' goal '529.0 -311.0 -104.0'
ARGEVT Carmack hazard
ARGLOG Carmack t  20.3 pos '580.6  16.0 -296.0' spd 301.2 yaw 297.8 mode 2 st 1 gl 1 hp 84 frg 2
ARGLOG Romero t  20.3 pos '429.8 -1040.0 -104.0' spd 118.2 yaw 228 mode 2 st 1 gl 0 hp 100 frg 0
ARGLOG Carmack t  20.8 pos '633.9 -148.0 -296.0' spd 334.8 yaw 238 mode 2 st 1 gl 1 hp 84 frg 2
ARGLOG Romero t  20.9 pos '265.3 -1048.3 -104.0' spd 260.0 yaw 308 mode 2 st 1 gl 0 hp 100 frg 0
ARGEVT Romero jump
ARGLOG Carmack t  21.3 pos '514.3 -266.6 -296.0' spd 329.5 yaw 187 mode 2 st 1 gl 1 hp 84 frg 2
ARGEVT Joe Rogan respawn
ARGLOG Romero t  21.4 pos '248.8 -1136.0 -66.3' spd  29.2 yaw 356 mode 2 st 1 gl 0 hp 100 frg 0
ARGEVT Joe Rogan goal weapon_rocketlauncher
ARGLOG Joe Rogan t  21.4 pos '776.0 -808.0 -232.0' spd 0 yaw 96 mode 1 st 0 gl 0 hp 100 frg 0
ARGEVT Carmack rjump
ARGEVT Joe Rogan hazard
ARGEVT Romero hazard
ARGLOG Carmack t  21.8 pos '292.4 -276.2 -177.4' spd 534.2 yaw 302.8 mode 2 st 1 gl 1 hp 50 frg 2
ARGLOG Romero t  21.9 pos '260.5 -1136.0 -104.0' spd  93.1 yaw 355 mode 2 st 1 gl 0 hp 100 frg 0
ARGLOG Joe Rogan t  21.9 pos '762.2 -659.0 -184.0' spd 275.5 yaw 207.2 mode 1 st 0 gl 0 hp 100 frg 0
ARGEVT Romero jump
ARGLOG Carmack t  22.4 pos '273.9 -368.0 -123.4' spd  98.9 yaw 12 mode 2 st 1 gl 1 hp 50 frg 2
ARGLOG Romero t  22.4 pos '256.5 -1136.0 -74.1' spd  27.3 yaw 356 mode 2 st 1 gl 0 hp 100 frg 0
ARGLOG Joe Rogan t  22.5 pos '732.7 -792.0 -232.0' spd 394.7 yaw 173.1 mode 1 st 0 gl 0 hp 100 frg 0
ARGEVT Romero jump
ARGLOG Carmack t  22.9 pos '325.0 -368.0 -282.6' spd  98.9 yaw 15 mode 2 st 1 gl 1 hp 50 frg 2
ARGLOG Romero t  22.9 pos '243.1 -1136.0 -75.0' spd  47.0 yaw 308.6 mode 2 st 1 gl 0 hp 100 frg 0
ARGLOG Joe Rogan t  23.0 pos '742.7 -720.0 -216.0' spd 209.2 yaw   8.0 mode 1 st 0 gl 0 hp 100 frg 0
ARGEVT Carmack swim
ARGEVT Joe Rogan hazard
ARGLOG Carmack t  23.4 pos '400.7 -368.0 -402.2' spd 194.9 yaw 312 mode 2 st 1 gl 1 hp 15 frg 2
ARGLOG Romero t  23.4 pos '263.1 -1136.0 -104.0' spd  62.4 yaw 355 mode 2 st 1 gl 0 hp 100 frg 0
ARGEVT Romero hazard
ARGLOG Joe Rogan t  23.5 pos '795.4 -611.1 -152.0' spd 343.3 yaw 135 mode 1 st 0 gl 0 hp 100 frg 0
ARGEVT Romero jump
ARGEVT Carmack death world pos '432.0 -368.0 -399.4'
ARGEVT Romero stall
ARGEVT Romero stallnode '273.0 -1207.0 -24.0'
ARGLOG Romero t  24.0 pos '248.7 -1136.0 -66.0' spd  34.8 yaw 355.6 mode 0 st 2 gl 0 hp 100 frg 0
ARGLOG Joe Rogan t  24.0 pos '752.0 -564.0 -120.0' spd 318.4 yaw 252.9 mode 1 st 0 gl 0 hp 100 frg 0
ARGEVT Romero route 16 start '241.0 -1143.0 -40.0' goal '817.0 -855.0 -232.0'
ARGEVT Romero jump
ARGLOG Romero t  24.5 pos '248.3 -1076.2 -92.1' spd 339.0 yaw 281 mode 2 st 2 gl 0 hp 100 frg 0
ARGLOG Joe Rogan t  24.5 pos '753.5 -732.0 -216.0' spd 320.7 yaw 276 mode 1 st 0 gl 0 hp 100 frg 0
ARGEVT Joe Rogan goal 
ARGEVT Joe Rogan route 5 start '817.0 -855.0 -232.0' goal '401.0 -279.0 -296.0'
ARGLOG Romero t  25.0 pos '135.8 -1015.3 -91.2' spd 306.2 yaw 324.9 mode 2 st 2 gl 0 hp 100 frg 0
ARGLOG Joe Rogan t  25.0 pos '771.1 -896.5 -232.0' spd 331.2 yaw 111 mode 2 st 0 gl 1 hp 100 frg 0
ARGUS routecache adopt
ARGEVT Joe Rogan route 2 start '337.0   9.0 -296.0' goal '401.0 -279.0 -296.0'
ARGEVT Carmack respawn
ARGEVT Carmack goal weapon_lightning
ARGLOG Carmack t  25.3 pos '784.0 -176.0  24.0' spd 0 yaw 196.6 mode 0 st 1 gl 1 hp 100 frg 1
ARGEVT Carmack route 2 start '753.0 -151.0  24.0' goal '529.0 -311.0 -104.0'
ARGEVT Romero jump
ARGLOG Romero t  25.5 pos '248.9 -1067.2 -82.4' spd 332.5 yaw 19 mode 2 st 2 gl 0 hp 100 frg 0
ARGLOG Joe Rogan t  25.5 pos '368.0 -37.0 -296.0' spd 300 yaw 278 mode 2 st 0 gl 1 hp 100 frg 0
ARGLOG Carmack t  25.8 pos '628.4 -169.7  24.0' spd 321.2 yaw 235 mode 2 st 1 gl 1 hp 100 frg 1
ARGLOG Romero t  26.0 pos '272.0 -1048.1 -102.9' spd  60.3 yaw 18 mode 2 st 2 gl 0 hp 100 frg 0
ARGEVT Joe Rogan engage Carmack
ARGLOG Joe Rogan t  26.1 pos '369.7 -135.5 -296.0' spd 320.0 yaw 318.8 mode 2 st 0 gl 1 hp 100 frg 0
ARGEVT Carmack engage Joe Rogan
ARGEVT Carmack grab weapon_lightning
ARGEVT Joe Rogan hazard
ARGLOG Carmack t  26.3 pos '441.5 -195.3 -20.2' spd 360.4 yaw 179.2 mode 1 st 1 gl 1 hp 100 frg 1
ARGLOG Romero t  26.5 pos '387.5 -991.1 -104.0' spd 320.4 yaw 16 mode 2 st 2 gl 0 hp 100 frg 0
ARGLOG Joe Rogan t  26.6 pos '269.1 -250.5 -296.0' spd 375.4 yaw 314.7 mode 2 st 0 gl 1 hp 100 frg 0
ARGEVT Romero hazard
ARGLOG Carmack t  26.8 pos '389.8 -333.5 -263.8' spd  51.9 yaw 148.0 mode 1 st 1 gl 1 hp 100 frg 1
ARGLOG Romero t  27.0 pos '464.0 -869.5 -104.0' spd 365.8 yaw  65.3 mode 0 st 2 gl 0 hp 100 frg 0
ARGEVT Carmack swim
ARGLOG Joe Rogan t  27.1 pos '173.2 -245.3 -296.0' spd 325.9 yaw 342.5 mode 2 st 0 gl 1 hp 96 frg 0
ARGEVT Joe Rogan goal weapon_supernailgun
ARGEVT Romero route 19 start '401.0 -887.0 -104.0' goal '817.0 -855.0 -232.0'
ARGEVT Carmack retreat
ARGEVT Joe Rogan pursue
ARGUS Joe Rogan prefire
ARGEVT Joe Rogan hazard
ARGLOG Carmack t  27.3 pos '432.0 -333.5 -401.7' spd  66.6 yaw 174.6 mode 1 st 1 gl 1 hp 30 frg 1
ARGUS Joe Rogan hunch item_artifact_super_damage
ARGEVT Carmack pursue
ARGEVT Joe Rogan route 3 start '209.0 -183.0 -296.0' goal '177.0 -55.0 -104.0'
ARGEVT Joe Rogan pursue
ARGLOG Romero t  27.6 pos '396.2 -752.3 -104.0' spd 315.9 yaw  81.3 mode 0 st 2 gl 0 hp 100 frg 0
ARGEVT Joe Rogan goal weapon_lightning
ARGLOG Joe Rogan t  27.6 pos '235.2 -271.9 -296.0' spd 259.5 yaw   1.0 mode 0 st 0 gl 1 hp 96 frg 0
ARGEVT Carmack death Joe Rogan pos '427.9 -304.0 -399.0'
ARGEVT Romero route 20 start '401.0 -759.0 -104.0' goal '817.0 -855.0 -232.0'
ARGEVT Joe Rogan goal 
ARGEVT Joe Rogan route 2 start '241.0 -279.0 -296.0' goal '401.0 -279.0 -296.0'
ARGLOG Romero t  28.1 pos '308.0 -639.3 -104.0' spd 321.9 yaw 105 mode 2 st 2 gl 0 hp 100 frg 0
ARGLOG Joe Rogan t  28.1 pos '138.5 -205.5 -296.0' spd 102.8 yaw   3.2 mode 2 st 0 gl 1 hp 96 frg 1
ARGEVT Joe Rogan hazard
ARGLOG Romero t  28.6 pos '295.3 -472.9 -104.0' spd 323.4 yaw 111 mode 0 st 2 gl 0 hp 100 frg 0
ARGLOG Joe Rogan t  28.6 pos '277.5 -243.3 -296.0' spd 322.2 yaw 322 mode 2 st 0 gl 1 hp 96 frg 1
ARGEVT Romero route 19 start '241.0 -503.0 -104.0' goal '817.0 -855.0 -232.0'
ARGEVT Joe Rogan engage Romero
ARGEVT Romero engage Joe Rogan
ARGEVT Romero grab weapon_grenadelauncher
ARGLOG Romero t  29.1 pos '162.4 -395.3 -104.0' spd 346.0 yaw  41.0 mode 2 st 2 gl 0 hp 100 frg 0
ARGLOG Joe Rogan t  29.2 pos '379.3 -179.2 -296.0' spd 319.8 yaw 214.9 mode 2 st 0 gl 1 hp 96 frg 1
ARGEVT Carmack respawn
ARGEVT Romero hazard
ARGEVT Carmack goal weapon_lightning
ARGLOG Carmack t  29.2 pos '-64.0 512.0 -296.0' spd 0 yaw 286.3 mode 0 st 1 gl 1 hp 100 frg 1
ARGEVT Carmack route 15 start '-15.0 553.0 -296.0' goal '529.0 -311.0 -104.0'
ARGEVT Carmack hazard
ARGLOG Romero t  29.6 pos '157.3 -424.9 -104.0' spd 320.2 yaw   6.7 mode 2 st 2 gl 0 hp 100 frg 0
ARGLOG Joe Rogan t  29.7 pos '358.1 -210.2 -296.0' spd 327.8 yaw 233.6 mode 2 st 0 gl 1 hp 96 frg 1
ARGLOG Carmack t  29.7 pos ' 31.7 410.7 -296.0' spd 252.6 yaw 250 mode 2 st 1 gl 1 hp 100 frg 1
ARGEVT Joe Rogan hazard
ARGLOG Romero t  30.1 pos '187.1 -424.0 -104.0' spd  94.1 yaw  95.1 mode 2 st 2 gl 0 hp 100 frg 0
ARGLOG Joe Rogan t  30.2 pos '316.7 -213.5 -296.0' spd 327.0 yaw 229.1 mode 1 st 0 gl 1 hp 96 frg 1
ARGLOG Carmack t  30.2 pos '-31.3 390.5 -296.0' spd 400.6 yaw 268 mode 2 st 1 gl 1 hp 100 frg 1
ARGLOG Romero t  30.6 pos '158.7 -423.6 -104.0' spd 322.4 yaw  70.4 mode 2 st 2 gl 0 hp 100 frg 0
ARGLOG Joe Rogan t  30.7 pos '360.4 -245.7 -296.0' spd 235.7 yaw 229.9 mode 1 st 0 gl 1 hp 96 frg 1
ARGLOG Carmack t  30.8 pos '-77.0 219.8 -296.0' spd 322.9 yaw 270 mode 2 st 1 gl 1 hp 100 frg 1
ARGEVT Joe Rogan weapon sg
ARGEVT Carmack hazard
ARGEVT Romero hazard
ARGEVT Romero retreat
ARGLOG Romero t  31.2 pos '176.4 -432.0 -80.0' spd 400.2 yaw  36.7 mode 2 st 2 gl 0 hp 7 frg 0
ARGLOG Joe Rogan t  31.2 pos '352.6 -236.2 -296.0' spd  97.0 yaw 230.1 mode 1 st 0 gl 1 hp 96 frg 1
ARGLOG Carmack t  31.3 pos '-58.8  52.8 -296.0' spd 323.5 yaw 294 mode 2 st 1 gl 1 hp 100 frg 1
ARGEVT Joe Rogan hazard
ARGEVT Romero death Joe Rogan pos '325.3 -398.7 -104.0'
ARGUS Joe Rogan watch spawn
ARGEVT Joe Rogan goal weapon_supernailgun
ARGLOG Joe Rogan t  31.7 pos '409.8 -205.3 -296.0' spd 322.1 yaw 150.6 mode 0 st 0 gl 1 hp 74 frg 2
ARGLOG Carmack t  31.8 pos '-18.4 -104.4 -296.0' spd 334.5 yaw 307 mode 2 st 1 gl 1 hp 100 frg 1
ARGEVT Joe Rogan route 13 start '401.0 -183.0 -296.0' goal '177.0 -55.0 -104.0'
ARGEVT Joe Rogan engage Carmack
ARGEVT Carmack engage Joe Rogan
ARGLOG Joe Rogan t  32.2 pos '258.7 -245.8 -296.0' spd 245.6 yaw 179.1 mode 2 st 0 gl 1 hp 74 frg 2
ARGLOG Carmack t  32.3 pos '-97.4 -249.3 -296.0' spd 111.2 yaw   1.5 mode 2 st 1 gl 1 hp 100 frg 1
ARGEVT Joe Rogan hazard
ARGEVT Joe Rogan route 14 start '241.0 -279.0 -296.0' goal '177.0 -55.0 -104.0'
ARGLOG Joe Rogan t  32.8 pos '314.5 -216.4 -296.0' spd 252.9 yaw 180.8 mode 2 st 0 gl 1 hp 73 frg 2
ARGLOG Carmack t  32.8 pos '-71.2 -184.4 -296.0' spd 308.1 yaw 351.6 mode 2 st 1 gl 1 hp 80 frg 1
ARGEVT Romero respawn
ARGEVT Romero goal weapon_rocketlauncher
ARGLOG Romero t  33.2 pos '-64.0 -232.0 -72.0' spd 0 yaw 3 mode 0 st 2 gl 0 hp 100 frg 0
ARGLOG Joe Rogan t  33.3 pos '366.9 -206.1 -296.0' spd  93.3 yaw 186.9 mode 2 st 0 gl 1 hp 73 frg 2
ARGLOG Carmack t  33.3 pos '-45.5 -248.9 -296.0' spd 321.5 yaw   2.2 mode 2 st 1 gl 1 hp 80 frg 1
ARGEVT Romero route 8 start '-47.0 -215.0 -72.0' goal ' 49.0 105.0 -296.0'
ARGEVT Joe Rogan hazard
ARGLOG Romero t  33.7 pos ' 92.0 -227.9 -72.0' spd 320.7 yaw 354 mode 2 st 2 gl 0 hp 100 frg 0
ARGLOG Joe Rogan t  33.8 pos '352.3 -198.1 -296.0' spd 362.0 yaw 174.1 mode 2 st 0 gl 1 hp 69 frg 2
ARGLOG Carmack t  33.8 pos '-20.7 -120.7 -296.0' spd 321.6 yaw 356.0 mode 2 st 1 gl 1 hp 64 frg 1
ARGEVT Romero engage Joe Rogan
ARGUS Joe Rogan hunch item_artifact_super_damage
ARGUS Carmack hunch 
ARGEVT Romero hazard
ARGEVT Carmack goal weapon_supernailgun
ARGEVT Carmack pursue
ARGEVT Joe Rogan goal 
ARGEVT Carmack hazard
ARGLOG Romero t  34.3 pos '177.5 -258.5 -72.0' spd 257.9 yaw  43.9 mode 2 st 2 gl 0 hp 100 frg 0
ARGEVT Carmack route 16 start '-79.0 -23.0 -296.0' goal '177.0 -55.0 -104.0'
ARGEVT Joe Rogan pursue
ARGLOG Joe Rogan t  34.3 pos '373.5 -55.4 -296.0' spd 346.9 yaw  45.1 mode 0 st 0 gl 1 hp 69 frg 2
ARGLOG Carmack t  34.4 pos '-79.1 -121.7 -296.0' spd 323.9 yaw 298.5 mode 2 st 1 gl 1 hp 64 frg 1
ARGEVT Joe Rogan pursue
ARGEVT Joe Rogan route 9 start '337.0   9.0 -296.0' goal '337.0 -375.0 -104.0'
ARGEVT Joe Rogan pursue
ARGUS Romero sprintjump
ARGEVT Romero jump
ARGLOG Romero t  34.8 pos '211.9 -260.1 -43.0' spd 320.3 yaw  63.2 mode 2 st 2 gl 0 hp 100 frg 0
ARGLOG Joe Rogan t  34.8 pos '395.7 102.3 -288.0' spd 364.1 yaw 143.3 mode 2 st 0 gl 1 hp 65 frg 2
ARGEVT Joe Rogan hazard
ARGLOG Carmack t  34.9 pos ' 49.0 -233.0 -296.0' spd 329.0 yaw 359 mode 2 st 1 gl 1 hp 64 frg 1
ARGEVT Joe Rogan goal weapon_lightning
ARGLOG Romero t  35.3 pos '353.2 -347.0 -85.1' spd 320.3 yaw  93.4 mode 2 st 2 gl 0 hp 100 frg 0
ARGLOG Joe Rogan t  35.3 pos '338.4  -3.4 -296.0' spd 340.5 yaw 256.0 mode 0 st 0 gl 1 hp 65 frg 2
ARGEVT Joe Rogan route 10 start '337.0   9.0 -296.0' goal '529.0 -311.0 -104.0'
ARGLOG Carmack t  35.4 pos '188.3 -232.3 -296.0' spd 130.4 yaw  52.3 mode 2 st 1 gl 1 hp 40 frg 1
ARGLOG Romero t  35.8 pos '398.3 -337.7 -341.7' spd  74.3 yaw 103.1 mode 2 st 2 gl 0 hp 100 frg 0
ARGEVT Carmack hazard
ARGLOG Joe Rogan t  35.9 pos '394.2 -122.2 -296.0' spd 120.8 yaw 218.2 mode 2 st 0 gl 1 hp 65 frg 2
ARGEVT Romero swim
ARGEVT Carmack retreat
ARGLOG Carmack t  35.9 pos '209.0 -251.7 -296.0' spd 196.2 yaw  42.7 mode 2 st 1 gl 1 hp 16 frg 1
ARGEVT Joe Rogan hazard
ARGEVT Romero retreat
ARGEVT Romero death world pos '432.0 -345.0 -412.6'
ARGLOG Joe Rogan t  36.4 pos '384.0 -150.9 -296.0' spd 388.7 yaw 190.3 mode 2 st 0 gl 1 hp 61 frg 2
ARGEVT Carmack death Joe Rogan pos ' 68.2 -208.0 -296.0'
ARGEVT Joe Rogan goal 
ARGEVT Joe Rogan route 2 start '401.0 -183.0 -296.0' goal '401.0 -279.0 -296.0'
ARGLOG Joe Rogan t  36.9 pos '337.9 -279.1 -296.0' spd 391.1 yaw 135.0 mode 1 st 0 gl 1 hp 57 frg 3
ARGLOG Joe Rogan t  37.4 pos '171.5 -240.5 -296.0' spd 320.3 yaw 161 mode 1 st 0 gl 1 hp 57 frg 3
ARGEVT Joe Rogan hazard
ARGEVT Romero respawn
ARGEVT Romero goal item_armorInv
ARGLOG Romero t  37.7 pos '272.0 -952.0  24.0' spd 0 yaw 10 mode 0 st 2 gl 0 hp 100 frg -1
ARGEVT Romero route 13 start '305.0 -983.0  24.0' goal '817.0 -855.0 -232.0'
ARGLOG Joe Rogan t  37.9 pos ' 29.5 -269.7 -296.0' spd 140.5 yaw 325.5 mode 1 st 0 gl 1 hp 57 frg 3
ARGEVT Carmack respawn
ARGEVT Carmack goal weapon_lightning
ARGLOG Carmack t  38.0 pos '112.0 -1136.0 -104.0' spd 0 yaw  61.3 mode 0 st 1 gl 1 hp 100 frg 1
ARGEVT Carmack route 6 start '145.0 -1143.0 -88.0' goal '529.0 -311.0 -104.0'
ARGLOG Romero t  38.2 pos '394.6 -855.8  24.0' spd 400.1 yaw 109 mode 2 st 2 gl 0 hp 100 frg -1
ARGLOG Joe Rogan t  38.4 pos '186.1 -273.0 -296.0' spd 350.4 yaw  49.3 mode 1 st 0 gl 1 hp 57 frg 3
ARGLOG Carmack t  38.5 pos '210.9 -1013.7 -104.0' spd 336.5 yaw 53 mode 2 st 1 gl 1 hp 100 frg 1
ARGEVT Joe Rogan hazard
ARGLOG Romero t  38.7 pos '371.9 -752.0  24.0' spd   5.7 yaw 88 mode 2 st 2 gl 0 hp 100 frg -1
ARGLOG Joe Rogan t  38.9 pos '245.5 -211.9 -296.0' spd 337.8 yaw 147.5 mode 1 st 0 gl 1 hp 57 frg 3
ARGLOG Carmack t  39.0 pos '351.6 -921.5 -104.0' spd 334.0 yaw 92 mode 2 st 1 gl 1 hp 100 frg 1
ARGLOG Romero t  39.3 pos '340.1 -684.1  24.0' spd 326.0 yaw 53 mode 2 st 2 gl 0 hp 100 frg -1
ARGLOG Joe Rogan t  39.5 pos ' 75.4 -256.3 -296.0' spd 402.9 yaw 295.9 mode 1 st 0 gl 1 hp 57 frg 3
ARGLOG Carmack t  39.6 pos '400.4 -761.9 -104.0' spd 332.3 yaw 89 mode 2 st 1 gl 1 hp 100 frg 1
ARGEVT Carmack hazard
ARGLOG Romero t  39.8 pos '319.7 -518.4  24.0' spd 366.7 yaw 34 mode 2 st 2 gl 0 hp 100 frg -1
ARGEVT Joe Rogan engage Romero
ARGEVT Romero engage Joe Rogan
ARGLOG Joe Rogan t  40.0 pos '134.4 -265.4 -296.0' spd 263.1 yaw 314.6 mode 1 st 0 gl 1 hp 57 frg 3
ARGLOG Carmack t  40.1 pos '323.9 -627.8 -104.0' spd 336.3 yaw 57 mode 2 st 1 gl 1 hp 100 frg 1
ARGLOG Romero t  40.3 pos '299.3 -513.9  24.0' spd 320.4 yaw 133.0 mode 2 st 2 gl 0 hp 100 frg -1
ARGLOG Joe Rogan t  40.5 pos '  4.1 -208.0 -296.0' spd 303.1 yaw 304.0 mode 1 st 0 gl 1 hp 57 frg 3
ARGEVT Romero pursue
ARGEVT Carmack engage Romero
ARGLOG Carmack t  40.6 pos '291.8 -463.8 -104.0' spd 326.0 yaw 166.8 mode 2 st 1 gl 1 hp 100 frg 1
ARGEVT Joe Rogan pursue
ARGLOG Romero t  40.8 pos '195.9 -437.6  24.0' spd 321.1 yaw 113 mode 2 st 2 gl 0 hp 100 frg -1
ARGLOG Joe Rogan t  41.0 pos '-38.5 -248.5 -296.0' spd 320.8 yaw 320 mode 1 st 0 gl 1 hp 57 frg 3
ARGUS Joe Rogan hunch item_artifact_super_damage
ARGLOG Carmack t  41.1 pos '379.3 -416.4 -104.0' spd  74.1 yaw 160.5 mode 1 st 1 gl 1 hp 100 frg 1
ARGEVT Joe Rogan pursue
ARGEVT Carmack grab weapon_lightning
ARGEVT Joe Rogan goal 
ARGUS Romero hunch item_artifact_super_damage
ARGEVT Joe Rogan route 3 start ' 17.0 -247.0 -296.0' goal '401.0 -279.0 -296.0'
ARGLOG Romero t  41.3 pos '112.0 -293.0 -37.8' spd 265.0 yaw 144.8 mode 0 st 2 gl 0 hp 76 frg -1
ARGEVT Joe Rogan hazard
ARGEVT Romero goal weapon_rocketlauncher
ARGLOG Joe Rogan t  41.5 pos '-38.3 -167.1 -296.0' spd 151.8 yaw 345.3 mode 2 st 0 gl 1 hp 57 frg 3
ARGEVT Romero route 8 start '145.0 -279.0 -56.0' goal ' 49.0 105.0 -296.0'
ARGLOG Carmack t  41.6 pos '479.5 -358.2 -104.0' spd 321.2 yaw 157.4 mode 1 st 1 gl 1 hp 100 frg 1
ARGEVT Romero hazard
ARGEVT Carmack goal weapon_supernailgun
ARGEVT Carmack route 4 start '529.0 -311.0 -104.0' goal '177.0 -55.0 -104.0'
ARGLOG Romero t  41.8 pos ' 42.4 -208.0 -72.0' spd 119.0 yaw  28.9 mode 2 st 2 gl 0 hp 52 frg -1
ARGEVT Romero death Carmack pos ' 75.9 -208.3 -72.0'
ARGUS Carmack watch spawn
ARGEVT Joe Rogan engage Carmack
ARGEVT Joe Rogan grab 
ARGLOG Joe Rogan t  42.0 pos ' 55.3 -262.8 -296.0' spd 323.6 yaw 335.6 mode 0 st 0 gl 1 hp 57 frg 3
ARGEVT Carmack engage Joe Rogan
ARGEVT Joe Rogan route 3 start ' 17.0 -247.0 -296.0' goal '401.0 -279.0 -296.0'
ARGEVT Carmack goal weapon_rocketlauncher
ARGLOG Carmack t  42.1 pos '482.3 -365.9 -104.0' spd 320.3 yaw 156.9 mode 0 st 1 gl 2 hp 100 frg 2
ARGEVT Carmack route 6 start '497.0 -407.0 -104.0' goal ' 49.0 105.0 -296.0'
ARGEVT Carmack weapon sg
ARGLOG Joe Rogan t  42.5 pos ' 48.6 -231.9 -296.0' spd 475.5 yaw 357.3 mode 2 st 0 gl 1 hp 47 frg 3
ARGLOG Carmack t  42.6 pos '507.2 -200.2 -104.0' spd 335.1 yaw 187.2 mode 2 st 1 gl 2 hp 84 frg 2
ARGEVT Joe Rogan route 3 start ' 17.0 -247.0 -296.0' goal '401.0 -279.0 -296.0'
ARGEVT Carmack grab item_armor1
ARGUS routecache adopt
ARGEVT Joe Rogan route 3 start ' 17.0 -247.0 -296.0' goal '401.0 -279.0 -296.0'
ARGLOG Joe Rogan t  43.1 pos ' 19.3 -255.2 -296.0' spd 106.3 yaw  15.0 mode 0 st 0 gl 1 hp 43 frg 3
ARGLOG Carmack t  43.2 pos '496.6 -40.7 -104.0' spd 108.3 yaw 201.3 mode 0 st 1 gl 2 hp 76 frg 2
ARGEVT Carmack grab item_health
ARGEVT Carmack route 6 start '529.0 -55.0 -104.0' goal ' 49.0 105.0 -296.0'
ARGEVT Joe Rogan route 3 start ' 17.0 -247.0 -296.0' goal '401.0 -279.0 -296.0'
ARGEVT Joe Rogan hazard
ARGLOG Joe Rogan t  43.6 pos ' 26.1 -247.9 -296.0' spd 263.6 yaw  26.4 mode 0 st 0 gl 1 hp 43 frg 3
ARGEVT Romero respawn
ARGEVT Romero goal weapon_rocketlauncher
ARGLOG Romero t  43.6 pos '776.0 -808.0 -232.0' spd 0 yaw 106.3 mode 0 st 2 gl 0 hp 100 frg -1
ARGEVT Romero route 7 start '817.0 -855.0 -232.0' goal ' 49.0 105.0 -296.0'
ARGLOG Carmack t  43.7 pos '566.4   3.2 -104.0' spd 0 yaw 203.3 mode 2 st 1 gl 2 hp 76 frg 2
ARGEVT Joe Rogan route 3 start ' 17.0 -247.0 -296.0' goal '401.0 -279.0 -296.0'
ARGEVT Joe Rogan pursue
ARGEVT Romero hazard
ARGEVT Carmack pursue
ARGLOG Joe Rogan t  44.1 pos '167.0 -209.7 -296.0' spd 326.9 yaw 342 mode 2 st 0 gl 1 hp 43 frg 3
ARGLOG Romero t  44.1 pos '728.1 -724.4 -216.0' spd 169.6 yaw 113 mode 2 st 2 gl 0 hp 100 frg -1
ARGEVT Carmack weapon lg
ARGLOG Carmack t  44.2 pos '501.3 -29.5 -104.0' spd 320.1 yaw 217.6 mode 2 st 1 gl 2 hp 76 frg 2
ARGLOG Joe Rogan t  44.6 pos '205.3 -236.6 -296.0' spd  94.5 yaw  33.3 mode 2 st 0 gl 1 hp 43 frg 3
ARGLOG Romero t  44.7 pos '721.5 -889.4 -232.0' spd 328.8 yaw 303.6 mode 0 st 2 gl 0 hp 100 frg -1
ARGEVT Romero route 6 start '721.0 -887.0 -232.0' goal ' 49.0 105.0 -296.0'
ARGLOG Carmack t  44.7 pos '566.4   3.2 -104.0' spd 0 yaw 220.1 mode 2 st 1 gl 2 hp 74 frg 2
ARGEVT Carmack weapon sg
ARGEVT Joe Rogan pursue
ARGEVT Romero engage Joe Rogan
ARGEVT Romero grab weapon_nailgun
ARGEVT Carmack pursue
ARGEVT Romero route 5 start '337.0   9.0 -296.0' goal ' 49.0 105.0 -296.0'
ARGEVT Joe Rogan hazard
ARGLOG Joe Rogan t  45.1 pos '274.5 -239.6 -296.0' spd 322.6 yaw  17.7 mode 2 st 0 gl 1 hp 43 frg 3
ARGLOG Romero t  45.2 pos '368.0 -36.7 -296.0' spd 300 yaw 265.5 mode 2 st 2 gl 0 hp 100 frg -1
ARGEVT Carmack weapon lg
ARGLOG Carmack t  45.2 pos '473.0 -83.4 -104.0' spd 340.9 yaw 227.8 mode 2 st 1 gl 2 hp 74 frg 2
ARGEVT Carmack hazard
ARGEVT Joe Rogan retreat
ARGEVT Joe Rogan death Carmack pos '339.3 -273.1 -296.0'
ARGEVT Romero engage Carmack
ARGEVT Carmack engage Romero
ARGEVT Carmack goal weapon_supernailgun
ARGEVT Carmack route 2 start '433.0 -55.0 -104.0' goal '177.0 -55.0 -104.0'
ARGLOG Romero t  45.7 pos '349.3 -87.8 -296.0' spd 245.9 yaw 329.6 mode 2 st 2 gl 0 hp 100 frg -1
ARGLOG Carmack t  45.7 pos '507.0 -122.3 -104.0' spd 360.4 yaw 163.9 mode 2 st 1 gl 2 hp 72 frg 3
ARGEVT Romero pursue
ARGEVT Carmack pursue
ARGEVT Romero hazard
ARGUS Carmack hunch item_artifact_super_damage
ARGEVT Romero grab 
ARGEVT Carmack goal weapon_supernailgun
ARGEVT Carmack route 3 start '433.0 -119.0 -104.0' goal '177.0 -55.0 -104.0'
ARGLOG Romero t  46.2 pos '345.9 -123.2 -296.0' spd 341.6 yaw  41.2 mode 2 st 2 gl 0 hp 100 frg -1
ARGLOG Carmack t  46.3 pos '466.0 -85.3 -104.0' spd 342.0 yaw 210.7 mode 2 st 1 gl 2 hp 72 frg 3
ARGEVT Carmack hazard
ARGEVT Carmack weapon sg
ARGLOG Romero t  46.7 pos '355.6 -260.6 -296.0' spd 348.9 yaw  24.9 mode 2 st 2 gl 0 hp 84 frg -1
ARGLOG Carmack t  46.8 pos '487.0 -122.6 -104.0' spd 320.4 yaw 234.7 mode 2 st 1 gl 2 hp 72 frg 3
ARGEVT Joe Rogan respawn
ARGEVT Joe Rogan goal 
ARGLOG Joe Rogan t  46.9 pos '784.0 -176.0  24.0' spd 0 yaw 163.4 mode 0 st 0 gl 1 hp 100 frg 3
ARGEVT Joe Rogan route 4 start '753.0 -151.0  24.0' goal '401.0 -279.0 -296.0'
ARGEVT Carmack pursue
ARGEVT Romero pursue
ARGEVT Romero route 3 start '241.0 -279.0 -296.0' goal ' 49.0 105.0 -296.0'
ARGLOG Romero t  47.2 pos '289.4 -244.6 -296.0' spd 161.7 yaw 35 mode 2 st 2 gl 0 hp 84 frg -1
ARGLOG Carmack t  47.3 pos '503.6 -256.2 -104.0' spd 357.7 yaw 182 mode 2 st 1 gl 2 hp 72 frg 3
ARGEVT Carmack hazard
ARGEVT Joe Rogan engage Carmack
ARGLOG Joe Rogan t  47.4 pos '631.7 -144.0  24.0' spd 332.4 yaw 196.5 mode 2 st 0 gl 1 hp 100 frg 3
ARGEVT Romero hazard
ARGLOG Romero t  47.8 pos '222.2 -217.8 -296.0' spd 362.7 yaw  57.0 mode 2 st 2 gl 0 hp 80 frg -1
ARGLOG Carmack t  47.8 pos '367.0 -137.3 -136.2' spd 488.7 yaw 216.4 mode 2 st 1 gl 2 hp 61 frg 3
ARGLOG Joe Rogan t  48.0 pos '581.6 -296.6  24.0' spd 334.4 yaw 137.3 mode 2 st 0 gl 1 hp 100 frg 3
ARGLOG Romero t  48.3 pos '148.9 -250.6 -296.0' spd  36.3 yaw  26.7 mode 2 st 2 gl 0 hp 78 frg -1
ARGLOG Carmack t  48.3 pos '332.7 -128.0 -296.0' spd 227.7 yaw 215.9 mode 2 st 1 gl 2 hp 45 frg 3
ARGLOG Joe Rogan t  48.5 pos '445.3 -421.3  17.5' spd 330.5 yaw 102.9 mode 2 st 0 gl 1 hp 100 frg 3
ARGEVT Carmack hazard
ARGLOG Romero t  48.8 pos '178.1 -268.4 -296.0' spd 100.7 yaw  24.1 mode 2 st 2 gl 0 hp 74 frg -1
ARGLOG Carmack t  48.8 pos '357.6 -131.8 -296.0' spd 214.2 yaw 207.4 mode 2 st 1 gl 2 hp 19 frg 3
ARGEVT Carmack retreat
ARGLOG Joe Rogan t  49.0 pos '298.3 -430.5 -104.0' spd 325.2 yaw  80.6 mode 2 st 0 gl 1 hp 100 frg 3
ARGEVT Romero weapon sg
ARGEVT Romero hazard
ARGEVT Joe Rogan route 4 start '209.0 -375.0 -104.0' goal '401.0 -279.0 -296.0'
ARGLOG Romero t  49.3 pos '174.4 -247.1 -296.0' spd 253.9 yaw  46.2 mode 2 st 2 gl 0 hp 70 frg -1
ARGEVT Carmack death Joe Rogan pos '350.4 -69.2 -296.0'
ARGUS Joe Rogan watch spawn
ARGEVT Romero engage Joe Rogan
ARGEVT Joe Rogan goal weapon_rocketlauncher
ARGEVT Joe Rogan engage Romero
ARGEVT Joe Rogan hazard
ARGEVT Joe Rogan route 7 start '209.0 -375.0 -104.0' goal ' 49.0 105.0 -296.0'
ARGLOG Joe Rogan t  49.5 pos '214.7 -397.9 -104.0' spd  34.8 yaw  98.6 mode 2 st 0 gl 1 hp 100 frg 4
ARGLOG Romero t  49.8 pos '196.5 -217.0 -296.0' spd 278.4 yaw 247.7 mode 2 st 2 gl 0 hp 70 frg -1
ARGLOG Joe Rogan t  50.0 pos '147.5 -419.3 -104.0' spd 327.1 yaw  74.1 mode 2 st 0 gl 1 hp 76 frg 4
ARGLOG Romero t  50.3 pos '252.0 -224.9 -296.0' spd  19.2 yaw 272.0 mode 2 st 2 gl 0 hp 66 frg -1
ARGEVT Romero hazard
ARGLOG Joe Rogan t  50.5 pos '308.7 -429.4 -104.0' spd 326.0 yaw 107.8 mode 2 st 0 gl 1 hp 76 frg 4
ARGEVT Joe Rogan grab item_health
ARGLOG Romero t  50.8 pos '179.2 -239.3 -296.0' spd 335.6 yaw 322.5 mode 2 st 2 gl 0 hp 66 frg -1
ARGEVT Carmack respawn
ARGEVT Carmack goal weapon_supernailgun
ARGLOG Carmack t  51.0 pos '-64.0 512.0 -296.0' spd 0 yaw 286.6 mode 0 st 1 gl 2 hp 100 frg 3
ARGLOG Joe Rogan t  51.1 pos '432.0 -438.4 -104.0' spd  69.7 yaw 141.6 mode 2 st 0 gl 1 hp 76 frg 4
ARGEVT Carmack route 19 start '-15.0 553.0 -296.0' goal '177.0 -55.0 -104.0'
ARGEVT Joe Rogan pursue
ARGEVT Carmack hazard
ARGLOG Romero t  51.4 pos '208.5 -223.8 -296.0' spd 238.9 yaw 318.1 mode 2 st 2 gl 0 hp 66 frg -1
ARGEVT Joe Rogan hazard
ARGLOG Carmack t  51.5 pos ' 34.6 407.3 -296.0' spd 263.4 yaw 249 mode 2 st 1 gl 2 hp 100 frg 3
ARGLOG Joe Rogan t  51.6 pos '464.4 -428.2 -104.0' spd 320.3 yaw 150.9 mode 2 st 0 gl 1 hp 60 frg 4
ARGEVT Romero hazard
ARGEVT Joe Rogan pursue
ARGEVT Romero pursue
ARGLOG Romero t  51.9 pos '178.5 -249.7 -296.0' spd 264.9 yaw 326 mode 2 st 2 gl 0 hp 65 frg -1
ARGUS Romero hunch item_artifact_super_damage
ARGLOG Carmack t  52.0 pos ' 94.7 385.0 -296.0' spd 117.6 yaw 233 mode 2 st 1 gl 2 hp 100 frg 3
ARGLOG Joe Rogan t  52.1 pos '489.3 -352.1 -104.0' spd 334.5 yaw 163.3 mode 2 st 0 gl 1 hp 60 frg 4
ARGEVT Romero goal item_health
ARGEVT Romero route 6 start '241.0 -279.0 -296.0' goal '-15.0 553.0 -296.0'
ARGEVT Carmack hazard
ARGLOG Romero t  52.4 pos '223.4 -248.1 -296.0' spd 320.1 yaw 356.3 mode 2 st 2 gl 0 hp 61 frg -1
ARGLOG Carmack t  52.5 pos ' -0.9 428.2 -296.0' spd 315.5 yaw 259 mode 2 st 1 gl 2 hp 100 frg 3
ARGLOG Joe Rogan t  52.6 pos '478.7 -212.0 -104.0' spd 326.9 yaw 190.3 mode 2 st 0 gl 1 hp 56 frg 4
ARGEVT Joe Rogan retreat
ARGLOG Romero t  52.9 pos '171.6 -220.0 -296.0' spd 109.6 yaw  24.9 mode 2 st 2 gl 0 hp 57 frg -1
ARGLOG Carmack t  53.0 pos '-61.2 331.4 -296.0' spd 335.8 yaw 296 mode 2 st 1 gl 2 hp 100 frg 3
ARGLOG Joe Rogan t  53.1 pos '516.5 -21.8 -104.0' spd 236.6 yaw 219.7 mode 2 st 0 gl 1 hp 32 frg 4
ARGEVT Joe Rogan hazard
ARGEVT Romero hazard
ARGLOG Romero t  53.4 pos '204.4 -224.0 -296.0' spd 132.2 yaw  30.9 mode 2 st 2 gl 0 hp 57 frg -1
ARGEVT Joe Rogan pursue
ARGEVT Romero pursue
ARGLOG Carmack t  53.5 pos '-36.9 167.0 -296.0' spd 322.5 yaw 279.6 mode 2 st 1 gl 2 hp 100 frg 3
ARGEVT Joe Rogan route 6 start '529.0 -55.0 -104.0' goal ' 49.0 105.0 -296.0'
ARGLOG Joe Rogan t  53.6 pos '534.3 -31.5 -104.0' spd 321.7 yaw 212 mode 2 st 0 gl 1 hp 32 frg 4
ARGEVT Carmack hazard
ARGLOG Romero t  53.9 pos '309.4 -232.5 -296.0' spd 251.9 yaw  39.1 mode 2 st 2 gl 0 hp 48 frg -1
ARGLOG Carmack t  54.0 pos ' 54.0  57.5 -296.0' spd 332.8 yaw 344 mode 2 st 1 gl 2 hp 100 frg 3
ARGEVT Joe Rogan goal item_health
ARGLOG Joe Rogan t  54.1 pos '537.4 -41.7 -104.0' spd 321.5 yaw 228.4 mode 0 st 0 gl 1 hp 28 frg 4
ARGEVT Joe Rogan route 2 start '529.0 -55.0 -104.0' goal '529.0  73.0 -296.0'
ARGEVT Joe Rogan hazard
ARGEVT Romero pursue
ARGEVT Joe Rogan pursue
ARGLOG Romero t  54.4 pos '349.3 -223.9 -296.0' spd 320.5 yaw  63.3 mode 2 st 2 gl 0 hp 48 frg -1
ARGEVT Romero pursue
ARGEVT Romero hazard
ARGLOG Carmack t  54.5 pos ' 73.4  53.0 -296.0' spd 355.3 yaw 248.6 mode 2 st 1 gl 2 hp 100 frg 3
ARGEVT Romero route 7 start '401.0 -183.0 -296.0' goal '-15.0 553.0 -296.0'
ARGLOG Joe Rogan t  54.7 pos '511.7 -46.9 -104.0' spd 320.0 yaw 221 mode 2 st 0 gl 1 hp 28 frg 4
ARGUS Joe Rogan hunch item_artifact_super_damage
ARGEVT Joe Rogan goal item_health
ARGEVT Romero pursue
ARGLOG Romero t  55.0 pos '380.6 -175.7 -296.0' spd 320.2 yaw 135.2 mode 2 st 2 gl 0 hp 48 frg -1
ARGEVT Joe Rogan route 3 start '433.0 -55.0 -104.0' goal '529.0  73.0 -296.0'
ARGEVT Joe Rogan pursue
ARGLOG Carmack t  55.1 pos ' 52.9  48.0 -296.0' spd 320.7 yaw 355 mode 2 st 1 gl 2 hp 100 frg 3
ARGLOG Joe Rogan t  55.2 pos '516.0 -23.2 -104.0' spd 326.2 yaw 355.4 mode 2 st 0 gl 1 hp 28 frg 4
ARGEVT Carmack hazard
ARGEVT Joe Rogan hazard
ARGEVT Romero pursue
ARGLOG Romero t  55.5 pos '382.0 -18.8 -296.0' spd 426.4 yaw 329.8 mode 2 st 2 gl 0 hp 48 frg -1
ARGEVT Romero hazard
ARGLOG Carmack t  55.6 pos ' 86.4  49.5 -296.0' spd 331.4 yaw 275 mode 2 st 1 gl 2 hp 100 frg 3
ARGLOG Joe Rogan t  55.7 pos '537.0 -60.4 -104.0' spd 340.0 yaw 216 mode 2 st 0 gl 1 hp 28 frg 4
ARGLOG Romero t  56.0 pos '374.8 -73.5 -296.0' spd 323.9 yaw 275.4 mode 2 st 2 gl 0 hp 48 frg -1
ARGLOG Carmack t  56.1 pos ' 34.8  48.0 -296.0' spd 322.0 yaw 284 mode 2 st 1 gl 2 hp 100 frg 3
ARGLOG Joe Rogan t  56.2 pos '466.0 -207.6 -94.2' spd 310.7 yaw 113.7 mode 2 st 0 gl 1 hp 4 frg 4
ARGEVT Carmack hazard
ARGLOG Romero t  56.5 pos '366.1  45.6 -288.0' spd 276.4 yaw 300.4 mode 0 st 2 gl 0 hp 24 frg -1
ARGLOG Carmack t  56.6 pos ' 62.3  48.3 -296.0' spd 374.8 yaw 249.3 mode 2 st 1 gl 2 hp 100 frg 3
ARGEVT Joe Rogan pursue
ARGEVT Romero pursue
ARGEVT Romero route 8 start '369.0 105.0 -288.0' goal '-15.0 553.0 -296.0'
ARGLOG Joe Rogan t  56.7 pos '594.8 -238.9 -104.0' spd 254.3 yaw 136 mode 2 st 0 gl 1 hp 4 frg 4
ARGLOG Romero t  57.0 pos '399.4 -52.9 -296.0' spd 324.3 yaw 241.7 mode 2 st 2 gl 0 hp 24 frg -1
ARGLOG Carmack t  57.1 pos ' 64.6  48.0 -296.0' spd 320.0 yaw 1 mode 2 st 1 gl 2 hp 100 frg 3
ARGLOG Joe Rogan t  57.2 pos '504.2 -101.3 -104.0' spd 323.2 yaw 148 mode 2 st 0 gl 1 hp 4 frg 4
ARGEVT Romero pursue
ARGEVT Carmack stall
ARGEVT Carmack stallnode '-79.0 -151.0 -296.0'
ARGEVT Carmack jump
ARGEVT Romero hazard
ARGEVT Carmack route 8 start ' 49.0 105.0 -296.0' goal '177.0 -55.0 -104.0'
ARGEVT Joe Rogan death Romero pos '466.7 -85.7 -104.0'
ARGUS Romero watch spawn
ARGLOG Romero t  57.5 pos '337.5 -211.2 -296.0' spd 315.7 yaw 108.4 mode 2 st 2 gl 0 hp 4 frg 0
ARGEVT Romero goal item_health
ARGLOG Carmack t  57.6 pos '112.0  54.9 -261.2' spd  32.7 yaw 228 mode 2 st 2 gl 2 hp 100 frg 3
ARGEVT Romero route 13 start '273.0 -183.0 -296.0' goal '-239.0 -471.0 -72.0'
ARGLOG Romero t  58.0 pos '173.2 -206.4 -296.0' spd 240.8 yaw 359 mode 2 st 2 gl 0 hp 4 frg 0
ARGLOG Carmack t  58.2 pos ' 33.8  61.2 -296.0' spd 365.0 yaw 243 mode 2 st 2 gl 2 hp 100 frg 3
ARGEVT Romero hazard
ARGLOG Romero t  58.6 pos '277.3 -222.5 -296.0' spd 376.0 yaw 1 mode 2 st 2 gl 0 hp 4 frg 0
ARGLOG Carmack t  58.7 pos '-70.2 -57.5 -296.0' spd 388.2 yaw 341 mode 2 st 2 gl 2 hp 100 frg 3
ARGEVT Carmack hazard
ARGEVT Joe Rogan respawn
ARGEVT Joe Rogan goal weapon_rocketlauncher
ARGLOG Joe Rogan t  59.1 pos '-64.0 -232.0 -72.0' spd 0 yaw 3 mode 0 st 0 gl 1 hp 100 frg 4
ARGLOG Romero t  59.1 pos '438.5 -223.5 -296.0' spd 357.2 yaw 41 mode 2 st 2 gl 0 hp 4 frg 0
ARGEVT Romero engage Carmack
ARGEVT Romero retreat
ARGEVT Carmack engage Romero
ARGEVT Carmack grab 
ARGLOG Carmack t  59.2 pos '-16.0 -206.3 -296.0' spd  99.2 yaw 353.4 mode 2 st 2 gl 2 hp 100 frg 3
ARGEVT Joe Rogan route 9 start '-47.0 -215.0 -72.0' goal '721.0 -887.0 -232.0'
ARGEVT Joe Rogan engage Romero
ARGEVT Joe Rogan grab weapon_grenadelauncher
ARGLOG Joe Rogan t  59.6 pos ' 91.9 -224.7 -72.0' spd 327.5 yaw 279.5 mode 2 st 0 gl 1 hp 100 frg 4
ARGLOG Romero t  59.6 pos '604.2 -238.1 -296.0' spd 320.0 yaw 183.1 mode 2 st 2 gl 0 hp 4 frg 0
ARGLOG Carmack t  59.7 pos ' 93.6 -231.9 -296.0' spd 377.1 yaw   6.7 mode 2 st 2 gl 2 hp 100 frg 3
ARGEVT Romero hazard
ARGEVT Joe Rogan pursue
ARGLOG Joe Rogan t  60.1 pos '141.2 -386.2  -8.0' spd 334.9 yaw 16 mode 2 st 0 gl 1 hp 100 frg 4
ARGLOG Romero t  60.1 pos '647.4 -248.5 -296.0' spd 125.0 yaw 177.0 mode 2 st 2 gl 0 hp 4 frg 0
ARGEVT Romero death Carmack pos '648.3 -244.7 -296.0'
ARGUS Carmack watch spawn
ARGEVT Carmack goal item_armorInv
ARGLOG Carmack t  60.2 pos '104.9 -220.0 -296.0' spd 136.3 yaw 177 mode 0 st 2 gl 2 hp 80 frg 4
ARGEVT Carmack route 17 start '145.0 -183.0 -296.0' goal '817.0 -855.0 -232.0'
ARGEVT Carmack hazard
ARGLOG Joe Rogan t  60.6 pos '313.6 -389.4 -36.8' spd 330.0 yaw 313 mode 0 st 0 gl 1 hp 100 frg 4
ARGEVT Joe Rogan engage Carmack
ARGEVT Carmack engage Joe Rogan
ARGEVT Joe Rogan route 10 start '305.0 -471.0  24.0' goal '721.0 -887.0 -232.0'
ARGLOG Carmack t  60.7 pos ' 66.0 -268.4 -296.0' spd 177.8 yaw 339.2 mode 2 st 2 gl 2 hp 80 frg 4
ARGEVT Joe Rogan jump
ARGLOG Joe Rogan t  61.1 pos '253.3 -412.8 -69.6' spd 306.7 yaw 133.5 mode 2 st 0 gl 1 hp 100 frg 4
ARGEVT Carmack retreat
ARGLOG Carmack t  61.3 pos ' 62.9 -224.5 -296.0' spd 320.9 yaw 285.4 mode 2 st 2 gl 2 hp 22 frg 4
ARGLOG Joe Rogan t  61.7 pos '211.8 -420.6 -104.0' spd 177.2 yaw 138.6 mode 2 st 0 gl 1 hp 100 frg 4
ARGEVT Romero respawn
ARGEVT Romero goal weapon_grenadelauncher
ARGLOG Romero t  61.7 pos '272.0 -952.0  24.0' spd 0 yaw  16.3 mode 0 st 2 gl 0 hp 100 frg 0
ARGEVT Joe Rogan hazard
ARGLOG Carmack t  61.8 pos '-71.4 -214.1 -296.0' spd 320.0 yaw 321.0 mode 0 st 2 gl 2 hp 22 frg 4
ARGEVT Joe Rogan pursue
ARGEVT Carmack pursue
ARGEVT Carmack route 18 start ' 17.0 -247.0 -296.0' goal '817.0 -855.0 -232.0'
ARGUS Joe Rogan hunch item_artifact_super_damage
ARGEVT Joe Rogan goal weapon_rocketlauncher
ARGEVT Romero route 5 start '305.0 -983.0  24.0' goal '113.0 -407.0 -104.0'
ARGEVT Joe Rogan pursue
ARGUS Carmack hunch item_artifact_super_damage
ARGEVT Carmack hazard
ARGLOG Joe Rogan t  62.2 pos '261.4 -432.3 -104.0' spd 324.9 yaw  27.6 mode 0 st 0 gl 1 hp 100 frg 4
ARGLOG Romero t  62.2 pos '349.4 -815.2  24.0' spd 339.5 yaw 113 mode 2 st 2 gl 0 hp 100 frg 0
ARGEVT Carmack goal item_artifact_super_damage
ARGEVT Carmack pursue
ARGLOG Carmack t  62.3 pos '-75.0 -263.1 -296.0' spd 306.1 yaw 195.8 mode 0 st 2 gl 2 hp 22 frg 4
ARGEVT Joe Rogan route 20 start '305.0 -407.0 -104.0' goal '721.0 -887.0 -232.0'
ARGEVT Carmack routefail
ARGLOG Joe Rogan t  62.7 pos '298.1 -397.7 -104.0' spd 322.7 yaw  61.2 mode 2 st 0 gl 1 hp 100 frg 4
ARGEVT Carmack goal item_health
ARGLOG Romero t  62.7 pos '304.8 -655.7  24.0' spd 320.5 yaw 116 mode 2 st 2 gl 0 hp 100 frg 0
ARGEVT Carmack route 10 start '-111.0 -247.0 -296.0' goal '497.0 -471.0  24.0'
ARGEVT Joe Rogan hazard
ARGLOG Carmack t  62.8 pos '-51.4 -272.0 -296.0' spd 325.4 yaw 357.6 mode 2 st 2 gl 2 hp 22 frg 4
ARGLOG Joe Rogan t  63.2 pos '372.6 -392.3 -104.0' spd 217.9 yaw 115.6 mode 2 st 0 gl 1 hp 100 frg 4
ARGLOG Romero t  63.3 pos '305.1 -491.7  24.0' spd 328.4 yaw 90 mode 2 st 2 gl 0 hp 100 frg 0
ARGLOG Carmack t  63.3 pos ' 51.0 -254.0 -296.0' spd 325.9 yaw 308.7 mode 2 st 2 gl 2 hp 2 frg 4
ARGEVT Romero engage Joe Rogan
ARGEVT Romero grab weapon_grenadelauncher
ARGEVT Carmack route 10 start ' 17.0 -247.0 -296.0' goal '497.0 -471.0  24.0'
ARGEVT Carmack pursue
ARGEVT Joe Rogan pursue
ARGLOG Joe Rogan t  63.7 pos '330.3 -545.2 -104.0' spd 338.0 yaw 133 mode 2 st 0 gl 1 hp 100 frg 4
ARGLOG Romero t  63.8 pos '289.1 -345.4 -35.5' spd 219.9 yaw 280.0 mode 2 st 2 gl 0 hp 100 frg 0
ARGLOG Carmack t  63.8 pos '-45.6 -214.0 -296.0' spd 239.2 yaw 335 mode 2 st 2 gl 2 hp 2 frg 4
ARGUS routecache adopt
ARGEVT Carmack route 10 start ' 17.0 -247.0 -296.0' goal '497.0 -471.0  24.0'
ARGLOG Joe Rogan t  64.2 pos '240.0 -437.9 -104.0' spd 268.2 yaw 135 mode 2 st 0 gl 1 hp 76 frg 4
ARGEVT Joe Rogan hazard
ARGLOG Romero t  64.3 pos '254.4 -248.7 -296.0' spd 159.3 yaw 259.2 mode 2 st 2 gl 0 hp 100 frg 0
ARGEVT Carmack death Joe Rogan pos ' 94.2 -268.9 -296.0'
ARGUS Joe Rogan watch spawn
ARGEVT Joe Rogan engage Romero
ARGEVT Joe Rogan goal weapon_supernailgun
ARGEVT Joe Rogan route 7 start '209.0 -375.0 -104.0' goal '177.0 -55.0 -104.0'
ARGEVT Romero hazard
ARGLOG Joe Rogan t  64.8 pos '270.0 -404.3 -104.0' spd 330.9 yaw 108.5 mode 2 st 0 gl 1 hp 76 frg 5
ARGLOG Romero t  64.8 pos '201.9 -237.0 -296.0' spd 289.5 yaw 295.4 mode 2 st 2 gl 0 hp 95 frg 0
ARGEVT Romero grab 
ARGEVT Romero goal item_armorInv
ARGLOG Joe Rogan t  65.3 pos '144.8 -419.5 -104.0' spd 320.7 yaw 129.8 mode 2 st 0 gl 1 hp 76 frg 5
ARGLOG Romero t  65.3 pos '101.9 -231.3 -296.0' spd 301.6 yaw 270.8 mode 0 st 2 gl 0 hp 91 frg 0
ARGEVT Romero route 17 start '113.0 -279.0 -296.0' goal '817.0 -855.0 -232.0'
ARGEVT Joe Rogan hazard
ARGEVT Romero hazard
ARGLOG Joe Rogan t  65.8 pos '123.0 -414.2 -104.0' spd 103.8 yaw 128.5 mode 2 st 0 gl 1 hp 76 frg 5
ARGLOG Romero t  65.8 pos ' 12.4 -208.0 -296.0' spd 238.8 yaw 311.3 mode 0 st 2 gl 0 hp 58 frg 0
ARGEVT Carmack respawn
ARGEVT Romero pursue
ARGEVT Carmack goal weapon_rocketlauncher
ARGLOG Carmack t  65.9 pos '112.0 -1136.0 -104.0' spd 0 yaw  28.4 mode 0 st 2 gl 2 hp 100 frg 4
ARGEVT Joe Rogan pursue
ARGEVT Romero route 18 start ' 17.0 -247.0 -296.0' goal '817.0 -855.0 -232.0'
ARGUS Romero hunch item_artifact_super_damage
ARGEVT Romero goal item_armorInv
ARGUS routecache adopt
ARGEVT Romero route 18 start ' 17.0 -247.0 -296.0' goal '817.0 -855.0 -232.0'
ARGLOG Joe Rogan t  66.3 pos '225.5 -400.9 -104.0' spd 378.1 yaw  49.1 mode 2 st 0 gl 1 hp 76 frg 5
ARGEVT Romero pursue
ARGEVT Carmack route 19 start '177.0 -1111.0 -104.0' goal '721.0 -887.0 -232.0'
ARGLOG Romero t  66.4 pos ' 28.4 -231.3 -296.0' spd 327.8 yaw  49.8 mode 2 st 2 gl 0 hp 58 frg 0
ARGLOG Carmack t  66.5 pos '235.1 -1034.5 -104.0' spd 342.0 yaw 88 mode 2 st 2 gl 2 hp 100 frg 4
ARGEVT Romero weapon sg
ARGEVT Romero retreat
ARGEVT Romero route 18 start ' 17.0 -247.0 -296.0' goal '817.0 -855.0 -232.0'
ARGLOG Joe Rogan t  66.8 pos '275.2 -420.5 -104.0' spd 112.3 yaw 150.7 mode 2 st 0 gl 1 hp 76 frg 5
ARGEVT Romero pursue
ARGEVT Joe Rogan pursue
ARGLOG Romero t  66.9 pos '-58.9 -229.6 -296.0' spd  89.3 yaw 331 mode 2 st 2 gl 0 hp 14 frg 0
ARGLOG Carmack t  67.0 pos '262.6 -870.1 -104.0' spd 320.4 yaw 90 mode 2 st 2 gl 2 hp 100 frg 4
ARGEVT Joe Rogan hazard
ARGEVT Joe Rogan pursue
ARGEVT Carmack hazard
ARGLOG Joe Rogan t  67.3 pos '126.6 -407.8 -104.0' spd 354.2 yaw 119 mode 2 st 0 gl 1 hp 76 frg 5
ARGEVT Romero hazard
ARGEVT Carmack route 21 start '305.0 -791.0 -104.0' goal '721.0 -887.0 -232.0'
ARGLOG Romero t  67.4 pos ' 78.8 -272.0 -296.0' spd 314.1 yaw 359 mode 2 st 2 gl 0 hp 14 frg 0
ARGLOG Carmack t  67.5 pos '216.0 -755.7 -104.0' spd 153.2 yaw 260 mode 2 st 2 gl 2 hp 100 frg 4
ARGLOG Joe Rogan t  67.8 pos '215.2 -411.7 -104.0' spd 370.1 yaw 109.7 mode 2 st 0 gl 1 hp 68 frg 5
ARGLOG Romero t  67.9 pos '137.3 -234.3 -296.0' spd 262.7 yaw 301.5 mode 2 st 2 gl 0 hp 14 frg 0
ARGLOG Carmack t  68.0 pos '330.3 -817.3 -104.0' spd 404.8 yaw 236.6 mode 2 st 2 gl 2 hp 100 frg 4
ARGLOG Joe Rogan t  68.4 pos '125.0 -431.4 -104.0' spd 325.2 yaw 142.8 mode 2 st 0 gl 1 hp 68 frg 5
ARGEVT Joe Rogan hazard
ARGLOG Romero t  68.4 pos '-27.9 -216.4 -296.0' spd 320.1 yaw 305.3 mode 0 st 2 gl 0 hp 14 frg 0
ARGEVT Romero route 18 start ' 17.0 -247.0 -296.0' goal '817.0 -855.0 -232.0'
ARGEVT Romero pursue
ARGLOG Carmack t  68.5 pos '187.5 -879.9 -104.0' spd 426.9 yaw 91 mode 2 st 2 gl 2 hp 100 frg 4
ARGEVT Joe Rogan pursue
ARGEVT Romero hazard
ARGEVT Carmack hazard
ARGLOG Joe Rogan t  68.9 pos '126.9 -374.2 -104.0' spd 255.4 yaw 116 mode 2 st 0 gl 1 hp 68 frg 5
ARGLOG Romero t  68.9 pos ' 13.9 -262.1 -296.0' spd 332.7 yaw 358 mode 2 st 2 gl 0 hp 14 frg 0
ARGUS Joe Rogan hunch item_artifact_super_damage
ARGEVT Carmack route 20 start '209.0 -759.0 -104.0' goal '721.0 -887.0 -232.0'
ARGEVT Joe Rogan pursue
ARGLOG Carmack t  69.0 pos '126.9 -759.8 -104.0' spd 238.8 yaw 273 mode 2 st 2 gl 2 hp 100 frg 4
ARGEVT Joe Rogan goal weapon_lightning
ARGEVT Joe Rogan route 3 start '113.0 -407.0 -104.0' goal '529.0 -311.0 -104.0'
ARGEVT Joe Rogan weapon sg
ARGLOG Joe Rogan t  69.4 pos '143.2 -422.5 -104.0' spd 324.0 yaw 105.2 mode 2 st 0 gl 1 hp 64 frg 5
ARGEVT Joe Rogan hazard
ARGLOG Romero t  69.5 pos ' 53.0 -244.5 -296.0' spd 320.3 yaw 291.0 mode 2 st 2 gl 0 hp 14 frg 0
ARGLOG Carmack t  69.6 pos '240.2 -864.0 -104.0' spd 424.3 yaw 197.6 mode 2 st 2 gl 2 hp 100 frg 4
ARGEVT Romero pursue
ARGEVT Joe Rogan pursue
ARGLOG Joe Rogan t  69.9 pos '116.0 -398.0 -104.0' spd 374.6 yaw 163.4 mode 2 st 0 gl 1 hp 64 frg 5
ARGEVT Romero route 18 start ' 17.0 -247.0 -296.0' goal '817.0 -855.0 -232.0'
ARGLOG Romero t  70.0 pos ' 43.2 -259.7 -296.0' spd 348.5 yaw 340.6 mode 2 st 2 gl 0 hp 14 frg 0
ARGLOG Carmack t  70.1 pos ' 80.0 -837.7 -104.0' spd 326.0 yaw 87 mode 2 st 2 gl 2 hp 100 frg 4
ARGEVT Romero death Joe Rogan pos '125.1 -272.0 -296.0'
ARGEVT Carmack hazard
ARGEVT Joe Rogan goal weapon_lightning
ARGLOG Joe Rogan t  70.4 pos '158.8 -420.6 -104.0' spd 320.0 yaw 320.4 mode 0 st 0 gl 1 hp 64 frg 6
ARGEVT Carmack route 20 start ' 81.0 -823.0 -104.0' goal '721.0 -887.0 -232.0'
ARGLOG Carmack t  70.6 pos '177.3 -760.7 -104.0' spd 323.2 yaw 266 mode 2 st 2 gl 2 hp 100 frg 4
ARGEVT Joe Rogan route 3 start '209.0 -375.0 -104.0' goal '529.0 -311.0 -104.0'
ARGEVT Joe Rogan hazard
ARGLOG Joe Rogan t  70.9 pos '314.8 -402.1 -104.0' spd 320.1 yaw 23 mode 2 st 0 gl 1 hp 64 frg 6
ARGLOG Carmack t  71.1 pos '224.1 -909.9 -104.0' spd 428.8 yaw 164.3 mode 2 st 2 gl 2 hp 100 frg 4
ARGLOG Joe Rogan t  71.5 pos '485.8 -366.5 -104.0' spd 368.3 yaw 309.4 mode 1 st 0 gl 1 hp 64 frg 6
ARGLOG Carmack t  71.6 pos ' 80.0 -813.1 -104.0' spd 329.3 yaw 84 mode 2 st 2 gl 2 hp 100 frg 4
ARGEVT Romero respawn
ARGEVT Carmack hazard
ARGEVT Romero goal weapon_rocketlauncher
ARGLOG Romero t  71.8 pos '776.0 -808.0 -232.0' spd 0 yaw 106.6 mode 1 st 2 gl 0 hp 100 frg 0
ARGEVT Carmack route 20 start ' 81.0 -823.0 -104.0' goal '721.0 -887.0 -232.0'
ARGLOG Joe Rogan t  72.0 pos '581.1 -432.0 -104.0' spd  30.3 yaw 275.8 mode 1 st 0 gl 1 hp 64 frg 6
ARGEVT Romero hazard
ARGLOG Carmack t  72.1 pos '207.1 -775.6 -104.0' spd 363.2 yaw 261 mode 2 st 2 gl 2 hp 100 frg 4
ARGLOG Romero t  72.3 pos '720.0 -837.0 -232.0' spd 327.4 yaw 220.5 mode 1 st 2 gl 0 hp 100 frg 0
ARGEVT Carmack goal weapon_lightning
ARGEVT Carmack route 4 start '305.0 -791.0 -104.0' goal '529.0 -311.0 -104.0'
ARGEVT Romero goal 
ARGEVT Romero route 4 start '721.0 -887.0 -232.0' goal '401.0 -279.0 -296.0'
ARGLOG Joe Rogan t  72.5 pos '438.4 -240.0 -290.6' spd 300 yaw 325 mode 1 st 0 gl 1 hp 64 frg 6
ARGLOG Carmack t  72.7 pos '363.6 -841.6 -104.0' spd 322.1 yaw 355 mode 2 st 2 gl 2 hp 100 frg 4
ARGEVT Romero route 5 start '817.0 -855.0 -232.0' goal '401.0 -279.0 -296.0'
ARGLOG Romero t  72.9 pos '827.6 -830.7 -232.0' spd 341.4 yaw 116 mode 2 st 2 gl 1 hp 100 frg 0
ARGEVT Carmack hazard
ARGLOG Joe Rogan t  73.0 pos '471.9 -244.5 -296.0' spd 354.6 yaw 303.7 mode 1 st 0 gl 1 hp 64 frg 6
ARGEVT Joe Rogan jump
ARGEVT Romero hazard
ARGLOG Carmack t  73.2 pos '464.0 -771.4 -104.0' spd 323.5 yaw 121 mode 2 st 2 gl 2 hp 100 frg 4
ARGLOG Romero t  73.4 pos '737.2 -734.4 -216.0' spd 188.1 yaw 113 mode 2 st 2 gl 1 hp 100 frg 0
ARGLOG Joe Rogan t  73.5 pos '645.1 -272.0 -266.8' spd 334.1 yaw  97.8 mode 1 st 0 gl 1 hp 64 frg 6
ARGLOG Carmack t  73.7 pos '356.4 -728.1 -104.0' spd 325.5 yaw  81.4 mode 2 st 2 gl 2 hp 100 frg 4
ARGUS routecache adopt
ARGEVT Romero route 4 start '721.0 -887.0 -232.0' goal '401.0 -279.0 -296.0'
ARGLOG Romero t  73.9 pos '730.6 -870.8 -232.0' spd  56.9 yaw 115.2 mode 0 st 2 gl 1 hp 100 frg 0
ARGEVT Joe Rogan jump
ARGLOG Joe Rogan t  74.0 pos '560.2 -256.7 -284.3' spd 357.1 yaw 209.7 mode 1 st 0 gl 1 hp 64 frg 6
ARGEVT Romero route 5 start '721.0 -759.0 -232.0' goal '401.0 -279.0 -296.0'
ARGLOG Carmack t  74.2 pos '368.0 -555.1 -104.0' spd 335.1 yaw  49.4 mode 2 st 2 gl 2 hp 100 frg 4
ARGLOG Romero t  74.4 pos '720.0 -752.0 -232.0' spd 0 yaw 97 mode 2 st 2 gl 1 hp 100 frg 0
ARGLOG Joe Rogan t  74.6 pos '384.7 -283.1 -282.5' spd 341.2 yaw 308.2 mode 1 st 0 gl 1 hp 64 frg 6
ARGEVT Joe Rogan hazard
ARGLOG Carmack t  74.7 pos '445.7 -403.9 -104.0' spd 323.3 yaw 39 mode 1 st 2 gl 2 hp 100 frg 4
ARGLOG Romero t  74.9 pos '720.0 -752.0 -232.0' spd 0 yaw 97 mode 2 st 2 gl 1 hp 100 frg 0
ARGEVT Joe Rogan goal weapon_supernailgun
ARGEVT Joe Rogan abandon
ARGEVT Romero hazard
ARGEVT Carmack goal weapon_supernailgun
ARGLOG Joe Rogan t  75.1 pos '373.2 -304.0 -372.4' spd  14.6 yaw 152.7 mode 0 st 0 gl 1 hp 64 frg 6
ARGEVT Joe Rogan route 13 start '369.0 -279.0 -296.0' goal '177.0 -55.0 -104.0'
ARGEVT Joe Rogan swim
ARGEVT Joe Rogan goal item_health
ARGEVT Joe Rogan route 3 start '369.0 -279.0 -296.0' goal '529.0  73.0 -296.0'
ARGLOG Carmack t  75.2 pos '570.9 -296.9 -104.0' spd 320.1 yaw 37 mode 0 st 2 gl 3 hp 100 frg 4
ARGEVT Carmack route 4 start '529.0 -311.0 -104.0' goal '177.0 -55.0 -104.0'
ARGLOG Romero t  75.4 pos '720.0 -772.8 -232.0' spd 299.4 yaw 111 mode 2 st 2 gl 1 hp 100 frg 0
ARGEVT Joe Rogan death world pos '363.9 -304.0 -387.7'
ARGLOG Carmack t  75.7 pos '593.5 -153.3 -104.0' spd 374.1 yaw 177.0 mode 2 st 2 gl 3 hp 100 frg 4
ARGEVT Romero route 4 start '721.0 -887.0 -232.0' goal '401.0 -279.0 -296.0'
ARGUS routecache adopt
ARGEVT Romero route 4 start '721.0 -887.0 -232.0' goal '401.0 -279.0 -296.0'
ARGLOG Romero t  76.0 pos '720.0 -912.0 -232.0' spd 0 yaw 139.8 mode 0 st 2 gl 1 hp 100 frg 0
ARGUS routecache adopt
ARGEVT Romero route 4 start '721.0 -887.0 -232.0' goal '401.0 -279.0 -296.0'
ARGLOG Carmack t  76.3 pos '463.1 -236.7 -104.0' spd 435.0 yaw 341.8 mode 2 st 2 gl 3 hp 100 frg 4
ARGEVT Romero route 5 start '721.0 -759.0 -232.0' goal '401.0 -279.0 -296.0'
ARGLOG Romero t  76.5 pos '721.8 -755.7 -232.0' spd 328.8 yaw 112 mode 2 st 2 gl 1 hp 100 frg 0
ARGEVT Romero hazard
ARGLOG Carmack t  76.8 pos '618.2 -204.9 -104.0' spd 439.0 yaw 158 mode 2 st 2 gl 3 hp 100 frg 4
ARGLOG Romero t  77.0 pos '796.8 -643.8 -168.0' spd 329.1 yaw 121 mode 2 st 2 gl 1 hp 100 frg 0
ARGEVT Joe Rogan respawn
ARGEVT Joe Rogan goal item_armor2
ARGLOG Joe Rogan t  77.1 pos '784.0 -176.0  24.0' spd 0 yaw 196.6 mode 0 st 0 gl 1 hp 100 frg 5
ARGEVT Joe Rogan route 5 start '753.0 -151.0  24.0' goal '1169.0 -599.0  24.0'
ARGLOG Carmack t  77.3 pos '511.1 -62.9 -104.0' spd 334.2 yaw 178 mode 2 st 2 gl 3 hp 100 frg 4
ARGEVT Joe Rogan hazard
ARGEVT Romero route 9 start '785.0 -503.0 -104.0' goal '401.0 -279.0 -296.0'
ARGEVT Carmack hazard
ARGLOG Romero t  77.5 pos '752.0 -479.9 -104.0' spd 324.5 yaw 271 mode 2 st 2 gl 1 hp 100 frg 0
ARGUS Carmack sprintjump
ARGEVT Carmack jump
ARGEVT Joe Rogan engage Carmack
ARGEVT Carmack engage Joe Rogan
ARGEVT Carmack grab weapon_nailgun
ARGLOG Joe Rogan t  77.7 pos '649.4 -165.6  24.0' spd 370.5 yaw 196.5 mode 2 st 0 gl 1 hp 100 frg 5
ARGLOG Carmack t  77.8 pos '346.9 -52.5 -65.1' spd 404.6 yaw 338.6 mode 2 st 2 gl 3 hp 92 frg 4
ARGLOG Romero t  78.0 pos '752.3 -468.6 -104.0' spd 320.0 yaw 271 mode 2 st 2 gl 1 hp 100 frg 0
ARGEVT Carmack goal 
ARGEVT Carmack grab item_artifact_super_damage
ARGEVT Carmack route 4 start '241.0 -55.0 -104.0' goal '401.0 -279.0 -296.0'
ARGLOG Joe Rogan t  78.2 pos '516.4 -260.4  11.1' spd 321.3 yaw 145.9 mode 2 st 0 gl 1 hp 100 frg 5
ARGEVT Carmack weapon sng
ARGLOG Carmack t  78.3 pos '176.0  13.5 -104.0' spd 468.9 yaw 291.9 mode 2 st 2 gl 4 hp 81 frg 4
ARGEVT Joe Rogan retreat
ARGLOG Romero t  78.5 pos '754.6 -633.7 -168.0' spd 320.0 yaw 263 mode 2 st 2 gl 1 hp 100 frg 0
ARGEVT Carmack hazard
ARGLOG Joe Rogan t  78.7 pos '465.5 -432.0 -104.0' spd  50.9 yaw 116.8 mode 0 st 0 gl 1 hp 40 frg 5
ARGEVT Joe Rogan route 18 start '497.0 -407.0 -104.0' goal '1169.0 -599.0  24.0'
ARGEVT Joe Rogan pursue
ARGEVT Carmack pursue
ARGLOG Carmack t  78.8 pos '204.9  10.6 -104.0' spd 340.9 yaw 307.8 mode 2 st 2 gl 4 hp 79 frg 4
ARGEVT Carmack weapon lg
ARGEVT Joe Rogan death Carmack pos '447.8 -403.2 -104.0'
ARGUS Carmack watch spawn
ARGLOG Romero t  79.0 pos '731.6 -798.8 -232.0' spd 367.3 yaw 193.1 mode 2 st 2 gl 1 hp 100 frg 0
ARGEVT Romero hazard
ARGEVT Carmack goal 
ARGEVT Carmack route 4 start '177.0 -55.0 -104.0' goal '497.0 -407.0 -104.0'
ARGLOG Carmack t  79.4 pos '210.3  73.8 -104.0' spd 381.2 yaw  13.3 mode 2 st 2 gl 4 hp 79 frg 5
ARGEVT Romero route 4 start '721.0 -887.0 -232.0' goal '401.0 -279.0 -296.0'
ARGLOG Romero t  79.6 pos '722.9 -865.3 -232.0' spd 330.1 yaw  92.7 mode 0 st 2 gl 1 hp 100 frg 0
ARGUS routecache adopt
ARGEVT Romero route 4 start '721.0 -887.0 -232.0' goal '401.0 -279.0 -296.0'
ARGLOG Carmack t  79.9 pos '224.0  -3.6 -104.0' spd 325.5 yaw 347 mode 2 st 2 gl 4 hp 79 frg 5
ARGEVT Carmack hazard
ARGLOG Romero t  80.1 pos '760.9 -696.9 -200.0' spd 366.7 yaw 116 mode 2 st 2 gl 1 hp 100 frg 0
ARGUS Carmack sprintjump
ARGEVT Carmack jump
ARGEVT Romero hazard
ARGLOG Carmack t  80.4 pos '224.0 -55.5 -65.1' spd  32.9 yaw 338 mode 2 st 2 gl 4 hp 79 frg 5
ARGEVT Joe Rogan respawn
ARGEVT Joe Rogan goal weapon_rocketlauncher
ARGLOG Joe Rogan t  80.5 pos '-64.0 512.0 -296.0' spd 0 yaw 286.6 mode 0 st 0 gl 1 hp 100 frg 5
ARGEVT Joe Rogan route 4 start '-15.0 553.0 -296.0' goal ' 49.0 105.0 -296.0'
ARGLOG Romero t  80.6 pos '752.0 -669.5 -158.5' spd 320.9 yaw 116 mode 2 st 2 gl 1 hp 100 frg 0
ARGEVT Joe Rogan hazard
ARGLOG Carmack t  80.9 pos '219.4 -38.3 -104.0' spd 205.9 yaw 335 mode 2 st 2 gl 4 hp 79 frg 5
ARGEVT Carmack hazard
ARGLOG Joe Rogan t  81.1 pos ' 25.3 410.1 -296.0' spd 192.8 yaw 242 mode 2 st 0 gl 1 hp 100 frg 5
ARGLOG Romero t  81.1 pos '726.8 -838.5 -232.0' spd 406.3 yaw 110 mode 2 st 2 gl 1 hp 100 frg 0
ARGEVT Romero hazard
ARGEVT Romero route 4 start '721.0 -887.0 -232.0' goal '401.0 -279.0 -296.0'
ARGLOG Carmack t  81.4 pos '216.2  32.3 -104.0' spd  95.4 yaw 299 mode 2 st 2 gl 4 hp 79 frg 5
ARGUS routecache adopt
ARGEVT Romero route 4 start '721.0 -887.0 -232.0' goal '401.0 -279.0 -296.0'
ARGLOG Joe Rogan t  81.6 pos ' 89.3 394.1 -296.0' spd 122.8 yaw 232 mode 2 st 0 gl 1 hp 100 frg 5
ARGLOG Romero t  81.6 pos '729.7 -811.2 -232.0' spd 349.4 yaw 111 mode 2 st 2 gl 1 hp 100 frg 0
ARGEVT Carmack stall
ARGEVT Carmack stallnode '433.0 -55.0 -104.0'
ARGEVT Carmack jump
ARGEVT Carmack route 3 start '241.0 -55.0 -104.0' goal '497.0 -407.0 -104.0'
ARGEVT Joe Rogan hazard
ARGLOG Carmack t  81.9 pos '270.3 -91.8 -65.1' spd 284.3 yaw 341 mode 2 st 3 gl 4 hp 79 frg 5
ARGLOG Joe Rogan t  82.1 pos ' 97.0 368.0 -312.0' spd  71.6 yaw 228 mode 2 st 0 gl 1 hp 100 frg 5
ARGLOG Romero t  82.1 pos '758.1 -672.2 -184.0' spd 159.7 yaw 116 mode 2 st 2 gl 1 hp 100 frg 0
ARGLOG Carmack t  82.5 pos '405.2 -152.2 -173.1' spd 285.9 yaw 347 mode 2 st 3 gl 4 hp 79 frg 5
ARGLOG Joe Rogan t  82.6 pos ' 32.3 347.0 -360.0' spd 320.5 yaw 235 mode 2 st 0 gl 1 hp 80 frg 5
ARGLOG Romero t  82.7 pos '752.0 -797.5 -228.8' spd 322.2 yaw 112 mode 2 st 2 gl 1 hp 100 frg 0
ARGEVT Carmack hazard
ARGEVT Carmack jump
ARGEVT Romero hazard
ARGLOG Carmack t  83.0 pos '407.2 -91.7 -267.0' spd 271.3 yaw 324 mode 2 st 3 gl 4 hp 79 frg 5
ARGEVT Romero route 4 start '721.0 -887.0 -232.0' goal '401.0 -279.0 -296.0'
ARGEVT Romero engage Carmack
ARGEVT Romero weapon sg
ARGEVT Carmack engage Romero
ARGEVT Carmack grab weapon_nailgun
ARGEVT Romero grab weapon_nailgun
ARGLOG Joe Rogan t  83.1 pos '-16.0 236.3 -360.0' spd 216.1 yaw 226 mode 2 st 0 gl 1 hp 50 frg 5
ARGUS routecache adopt
ARGEVT Romero route 2 start '337.0   9.0 -296.0' goal '401.0 -279.0 -296.0'
ARGLOG Romero t  83.2 pos '368.0   9.5 -273.8' spd 300 yaw 294.1 mode 0 st 2 gl 1 hp 100 frg 0
ARGEVT Romero retreat
ARGLOG Carmack t  83.5 pos '391.9 -58.6 -296.0' spd  47.5 yaw 120.5 mode 2 st 3 gl 4 hp 79 frg 5
ARGEVT Romero death Carmack pos '361.8  -9.1 -296.0'
ARGLOG Joe Rogan t  83.6 pos '-16.0 221.6 -360.0' spd  29.6 yaw 223 mode 2 st 0 gl 1 hp 30 frg 5
ARGEVT Carmack goal weapon_rocketlauncher
ARGEVT Carmack route 4 start '305.0 -87.0 -296.0' goal ' 49.0 105.0 -296.0'
ARGEVT Carmack hazard
ARGEVT Joe Rogan stall
ARGEVT Joe Rogan stallnode '-143.0 233.0 -296.0'
ARGEVT Joe Rogan jump
ARGLOG Carmack t  84.0 pos '337.3 -204.1 -296.0' spd 379.9 yaw 188 mode 2 st 3 gl 4 hp 79 frg 6
ARGEVT Joe Rogan routefail
ARGEVT Joe Rogan abandon
ARGLOG Joe Rogan t  84.2 pos '-16.0 227.9 -325.6' spd  24.6 yaw 143.2 mode 0 st 1 gl 1 hp 10 frg 5
ARGEVT Joe Rogan goal item_health
ARGEVT Joe Rogan route 3 start '-47.0 201.0 -296.0' goal '-15.0 553.0 -296.0'
ARGEVT Joe Rogan death world pos '-16.0 241.4 -346.5'
ARGLOG Carmack t  84.5 pos '192.1 -252.7 -296.0' spd 343.7 yaw 139 mode 2 st 3 gl 4 hp 79 frg 6
ARGLOG Carmack t  85.0 pos ' 75.7 -222.6 -296.0' spd 320 yaw 127 mode 2 st 3 gl 4 hp 79 frg 6
ARGEVT Romero respawn
ARGEVT Romero goal item_armorInv
ARGLOG Romero t  85.1 pos '-64.0 -232.0 -72.0' spd 0 yaw  16.3 mode 0 st 2 gl 1 hp 100 frg 0
ARGEVT Romero route 8 start '-47.0 -215.0 -72.0' goal '817.0 -855.0 -232.0'
ARGLOG Carmack t  85.5 pos '-78.1 -168.1 -296.0' spd 357.7 yaw 65 mode 2 st 3 gl 4 hp 79 frg 6
ARGLOG Romero t  85.6 pos ' 88.6 -222.3 -72.0' spd 323.6 yaw 347.7 mode 2 st 2 gl 1 hp 100 frg 0
ARGEVT Romero jump
ARGEVT Joe Rogan respawn
ARGLOG Carmack t  86.1 pos '-60.3  -2.4 -296.0' spd 341.3 yaw 44 mode 2 st 3 gl 4 hp 79 frg 6
ARGEVT Romero route 9 start '177.0 -215.0 -72.0' goal '817.0 -855.0 -232.0'
ARGEVT Joe Rogan goal 
ARGLOG Joe Rogan t  86.1 pos '272.0 -952.0  24.0' spd 0 yaw  16.3 mode 0 st 1 gl 1 hp 100 frg 4
ARGLOG Romero t  86.2 pos '255.3 -201.1 -37.6' spd 320.8 yaw 204 mode 2 st 2 gl 1 hp 100 frg 0
ARGEVT Joe Rogan route 7 start '305.0 -983.0  24.0' goal '401.0 -279.0 -296.0'
ARGEVT Romero engage Joe Rogan
ARGEVT Joe Rogan engage Romero
ARGEVT Joe Rogan grab weapon_supershotgun
ARGEVT Carmack goal 
ARGLOG Carmack t  86.6 pos ' 89.6  68.5 -296.0' spd 372.3 yaw 326.6 mode 0 st 3 gl 5 hp 79 frg 6
ARGEVT Carmack route 5 start ' 49.0 105.0 -296.0' goal '305.0 -87.0 -296.0'
ARGLOG Joe Rogan t  86.6 pos '349.1 -983.4  24.0' spd 337.1 yaw  87.8 mode 2 st 1 gl 1 hp 100 frg 4
ARGEVT Carmack hazard
ARGLOG Romero t  86.7 pos '413.1 -185.0 -100.1' spd 310.6 yaw 264.8 mode 0 st 2 gl 1 hp 100 frg 0
ARGEVT Romero grab 
ARGEVT Joe Rogan pursue
ARGEVT Romero pursue
ARGEVT Romero route 17 start '433.0 -247.0 -104.0' goal '817.0 -855.0 -232.0'
ARGEVT Romero jump
ARGLOG Carmack t  87.1 pos ' 40.4  48.3 -296.0' spd 320.1 yaw 240 mode 2 st 3 gl 5 hp 79 frg 6
ARGLOG Joe Rogan t  87.1 pos '290.0 -972.6  24.0' spd 326.8 yaw 86 mode 2 st 1 gl 1 hp 100 frg 4
ARGLOG Romero t  87.2 pos '412.1 -199.7 -274.4' spd  54.7 yaw 265 mode 2 st 2 gl 1 hp 100 frg 0
ARGLOG Carmack t  87.6 pos '-76.7  -4.6 -296.0' spd 332.0 yaw 309.5 mode 2 st 3 gl 5 hp 79 frg 6
ARGLOG Joe Rogan t  87.7 pos '289.6 -807.0  24.0' spd 320.2 yaw 85 mode 2 st 1 gl 1 hp 100 frg 4
ARGLOG Romero t  87.7 pos '387.3 -213.4 -294.9' spd  55.6 yaw 267 mode 2 st 2 gl 1 hp 100 frg 0
ARGUS Romero hunch 
ARGEVT Carmack hazard
ARGEVT Romero goal item_armorInv
ARGEVT Romero pursue
ARGEVT Romero hazard
ARGLOG Carmack t  88.1 pos '-16.0 -161.3 -296.0' spd 316.9 yaw 336 mode 2 st 3 gl 5 hp 79 frg 6
ARGLOG Joe Rogan t  88.2 pos '298.3 -752.0  24.0' spd  11.4 yaw 86 mode 2 st 1 gl 1 hp 100 frg 4
ARGEVT Romero route 18 start '401.0 -247.0 -296.0' goal '817.0 -855.0 -232.0'
ARGLOG Romero t  88.2 pos '318.8 -237.9 -296.0' spd 381.5 yaw 196.4 mode 2 st 2 gl 1 hp 100 frg 0
ARGEVT Carmack engage Romero
ARGLOG Carmack t  88.6 pos '  5.7 -241.8 -296.0' spd 170.3 yaw 352.4 mode 2 st 3 gl 5 hp 79 frg 6
ARGLOG Joe Rogan t  88.7 pos '304.4 -743.4  24.0' spd 166.4 yaw 87 mode 2 st 1 gl 1 hp 100 frg 4
ARGEVT Romero death Carmack pos '402.2 -256.0 -296.0'
ARGUS Carmack watch spawn
ARGEVT Carmack goal item_armorInv
ARGEVT Carmack jump
ARGEVT Carmack route 18 start ' 17.0 -247.0 -296.0' goal '817.0 -855.0 -232.0'
ARGLOG Carmack t  89.2 pos '141.2 -208.0 -261.6' spd 320.1 yaw 3 mode 2 st 3 gl 5 hp 79 frg 7
ARGLOG Joe Rogan t  89.2 pos '342.1 -575.8  24.0' spd 378.7 yaw 135 mode 2 st 1 gl 1 hp 100 frg 4
ARGEVT Carmack engage Joe Rogan
ARGEVT Joe Rogan route 4 start '305.0 -471.0  24.0' goal '401.0 -279.0 -296.0'
ARGEVT Joe Rogan engage Carmack
ARGEVT Carmack hazard
ARGLOG Carmack t  89.7 pos '265.1 -207.5 -296.0' spd 166.4 yaw 269.2 mode 2 st 3 gl 5 hp 79 frg 7
ARGLOG Joe Rogan t  89.7 pos '289.1 -441.9  24.0' spd 301.7 yaw  85.1 mode 2 st 1 gl 1 hp 100 frg 4
ARGEVT Carmack grab 
ARGEVT Joe Rogan grab 
ARGLOG Carmack t  90.2 pos '348.3 -119.3 -296.0' spd 337.3 yaw 294.4 mode 2 st 3 gl 5 hp 77 frg 7
ARGLOG Joe Rogan t  90.2 pos '450.0 -349.1 -71.7' spd 327.0 yaw 111.3 mode 2 st 1 gl 1 hp 100 frg 4
ARGEVT Romero respawn
ARGEVT Carmack weapon rl
ARGEVT Romero goal item_armorInv
ARGEVT Romero engage Joe Rogan
ARGEVT Romero grab weapon_supershotgun
ARGLOG Romero t  90.3 pos '112.0 -1136.0 -104.0' spd 0 yaw  68.4 mode 0 st 2 gl 1 hp 100 frg 0
ARGEVT Romero route 17 start '145.0 -1143.0 -88.0' goal '817.0 -855.0 -232.0'
ARGEVT Carmack death Carmack pos '385.2 -98.9 -296.0'
ARGEVT Romero pursue
ARGLOG Joe Rogan t  90.8 pos '576.4 -238.5 -104.0' spd 384.7 yaw 123.2 mode 2 st 1 gl 1 hp 100 frg 4
ARGLOG Romero t  90.8 pos '249.6 -1058.5 -104.0' spd 351.9 yaw 73 mode 2 st 2 gl 1 hp 100 frg 0
ARGLOG Joe Rogan t  91.3 pos '469.3 -97.2 -104.0' spd 358.1 yaw 250 mode 2 st 1 gl 1 hp 100 frg 4
ARGEVT Joe Rogan hazard
ARGEVT Joe Rogan engage Romero
ARGLOG Romero t  91.3 pos '323.3 -907.9 -104.0' spd 320.5 yaw  81.5 mode 2 st 2 gl 1 hp 100 frg 0
ARGEVT Romero route 20 start '305.0 -791.0 -104.0' goal '817.0 -855.0 -232.0'
ARGLOG Joe Rogan t  91.8 pos '461.4 -166.9 -104.0' spd 336.1 yaw 258.9 mode 2 st 1 gl 1 hp 100 frg 4
ARGEVT Romero pursue
ARGEVT Joe Rogan pursue
ARGLOG Romero t  91.8 pos '359.7 -747.2 -104.0' spd 320.1 yaw 81 mode 2 st 2 gl 1 hp 100 frg 0
ARGEVT Carmack respawn
ARGEVT Carmack goal weapon_rocketlauncher
ARGLOG Carmack t  92.1 pos '776.0 -808.0 -232.0' spd 0 yaw 106.6 mode 1 st 3 gl 5 hp 100 frg 6
ARGLOG Joe Rogan t  92.3 pos '452.3 -332.9 -104.0' spd 320.3 yaw 258 mode 2 st 1 gl 1 hp 100 frg 4
ARGLOG Romero t  92.3 pos '368.0 -582.0 -104.0' spd 179.9 yaw  74.4 mode 2 st 2 gl 1 hp 80 frg 0
ARGEVT Carmack hazard
ARGLOG Carmack t  92.6 pos '720.0 -735.5 -216.0' spd 285.1 yaw 217.9 mode 1 st 3 gl 5 hp 100 frg 6
ARGLOG Joe Rogan t  92.8 pos '485.7 -389.3 -104.0' spd 320.0 yaw 202.3 mode 2 st 1 gl 1 hp 84 frg 4
ARGEVT Joe Rogan grab item_health
ARGLOG Romero t  92.9 pos '279.3 -443.3 -104.0' spd 381.6 yaw  25.2 mode 2 st 2 gl 1 hp 56 frg 0
ARGLOG Carmack t  93.1 pos '770.6 -902.5 -232.0' spd 404.7 yaw  23.0 mode 1 st 3 gl 5 hp 100 frg 6
ARGEVT Joe Rogan hazard
ARGEVT Carmack engage Romero
ARGEVT Carmack grab 
ARGEVT Romero hazard
ARGLOG Joe Rogan t  93.3 pos '540.4 -431.3 -104.0' spd 188.4 yaw 197.3 mode 2 st 1 gl 1 hp 44 frg 4
ARGLOG Romero t  93.4 pos '299.5 -526.2 -104.0' spd 358.9 yaw  19.9 mode 2 st 2 gl 1 hp 56 frg 0
ARGEVT Joe Rogan pursue
ARGEVT Romero pursue
ARGLOG Carmack t  93.6 pos '368.0 -36.4 -296.0' spd 300 yaw 273.3 mode 1 st 3 gl 5 hp 100 frg 6
ARGEVT Carmack pursue
ARGLOG Joe Rogan t  93.8 pos '493.6 -432.0 -104.0' spd 313.0 yaw 191 mode 2 st 1 gl 1 hp 44 frg 4
ARGLOG Romero t  93.9 pos '396.7 -494.5 -104.0' spd 344.2 yaw 27 mode 2 st 2 gl 1 hp 56 frg 0
ARGEVT Romero grab item_health
ARGEVT Romero retreat
ARGEVT Joe Rogan death Romero pos '453.2 -425.9 -104.0'
ARGUS Romero watch spawn
ARGEVT Romero goal 
ARGEVT Romero route 3 start '401.0 -471.0 -104.0' goal '401.0 -183.0 -296.0'
ARGUS Carmack hunch 
ARGLOG Carmack t  94.2 pos '363.1 -118.7 -296.0' spd 320.3 yaw  29.0 mode 1 st 3 gl 5 hp 100 frg 6
ARGEVT Romero goal item_health
ARGEVT Carmack pursue
ARGEVT Carmack hazard
ARGEVT Romero route 15 start '337.0 -567.0 -104.0' goal '-239.0 -471.0 -72.0'
ARGEVT Carmack goal 
ARGLOG Romero t  94.4 pos '279.7 -482.1 -104.0' spd 408.0 yaw  83.8 mode 2 st 2 gl 1 hp 32 frg 1
ARGEVT Carmack route 8 start '401.0 -183.0 -296.0' goal '401.0 -471.0 -104.0'
ARGEVT Romero engage Carmack
ARGLOG Carmack t  94.7 pos '381.9 -79.5 -296.0' spd 249.2 yaw 234.7 mode 2 st 3 gl 5 hp 100 frg 6
ARGLOG Romero t  94.9 pos '232.3 -406.1 -104.0' spd 173.5 yaw  69.6 mode 2 st 2 gl 1 hp 32 frg 1
ARGLOG Carmack t  95.2 pos '368.6 -94.7 -296.0' spd 281.6 yaw 220.2 mode 2 st 3 gl 5 hp 96 frg 6
ARGLOG Romero t  95.4 pos '128.8 -368.5 -104.0' spd 320.3 yaw   9.4 mode 2 st 2 gl 1 hp 32 frg 1
ARGEVT Joe Rogan respawn
ARGEVT Joe Rogan goal weapon_lightning
ARGLOG Joe Rogan t  95.5 pos '784.0 -176.0  24.0' spd 0 yaw 196.3 mode 0 st 1 gl 1 hp 100 frg 4
ARGEVT Romero hazard
ARGEVT Joe Rogan route 2 start '753.0 -151.0  24.0' goal '529.0 -311.0 -104.0'
ARGEVT Joe Rogan engage Romero
ARGLOG Carmack t  95.7 pos '348.8 -144.9 -296.0' spd  99.9 yaw 219.6 mode 2 st 3 gl 5 hp 96 frg 6
ARGEVT Carmack hazard
ARGLOG Romero t  96.0 pos '119.7 -389.6 -104.0' spd  59.5 yaw 355.2 mode 2 st 2 gl 1 hp 32 frg 1
ARGLOG Joe Rogan t  96.1 pos '632.6 -208.0  24.0' spd 329.4 yaw 204.0 mode 2 st 1 gl 1 hp 100 frg 4
ARGEVT Joe Rogan grab item_armor1
ARGLOG Carmack t  96.2 pos '390.7 -256.1 -296.0' spd 111.8 yaw 210.3 mode 2 st 3 gl 5 hp 96 frg 6
ARGEVT Joe Rogan pursue
ARGLOG Romero t  96.5 pos '127.7 -399.4 -104.0' spd 179.9 yaw  73.5 mode 2 st 2 gl 1 hp 32 frg 1
ARGEVT Romero death Carmack pos '141.0 -408.4 -104.0'
ARGUS Carmack watch spawn
ARGEVT Joe Rogan engage Carmack
ARGEVT Carmack engage Joe Rogan
ARGLOG Joe Rogan t  96.6 pos '465.7 -107.7 -21.4' spd 335.2 yaw 218.3 mode 1 st 1 gl 1 hp 100 frg 4
ARGEVT Carmack goal 
ARGEVT Carmack route 8 start '401.0 -183.0 -296.0' goal '401.0 -471.0 -104.0'
ARGLOG Carmack t  96.7 pos '353.4 -122.9 -296.0' spd 334.2 yaw  64.9 mode 2 st 3 gl 5 hp 96 frg 7
ARGLOG Joe Rogan t  97.1 pos '504.1 -126.0 -104.0' spd 332.1 yaw 173.0 mode 1 st 1 gl 1 hp 100 frg 4
ARGEVT Joe Rogan pursue
ARGEVT Carmack pursue
ARGEVT Carmack hazard
ARGUS Joe Rogan hunch 
ARGLOG Carmack t  97.3 pos '347.1 -145.1 -296.0' spd  99.2 yaw 327.3 mode 2 st 3 gl 5 hp 73 frg 7
ARGEVT Joe Rogan goal 
ARGEVT Joe Rogan route 3 start '529.0 -183.0 -104.0' goal '401.0 -279.0 -296.0'
ARGLOG Joe Rogan t  97.6 pos '479.2 -144.1 -104.0' spd 320.4 yaw 161.6 mode 2 st 1 gl 1 hp 100 frg 4
ARGLOG Carmack t  97.8 pos '345.0 -121.8 -296.0' spd 252.2 yaw  46.6 mode 2 st 3 gl 5 hp 72 frg 7
ARGEVT Carmack pursue
ARGEVT Joe Rogan pursue
ARGEVT Romero respawn
ARGEVT Romero goal weapon_lightning
ARGLOG Romero t  98.1 pos '-64.0 512.0 -296.0' spd 0 yaw 286.3 mode 0 st 2 gl 1 hp 100 frg 1
ARGLOG Joe Rogan t  98.1 pos '482.4 -86.8 -104.0' spd 287.7 yaw 205.3 mode 2 st 1 gl 1 hp 100 frg 4
ARGEVT Joe Rogan hazard
ARGEVT Romero route 15 start '-15.0 553.0 -296.0' goal '529.0 -311.0 -104.0'
ARGLOG Carmack t  98.3 pos '393.2 -192.4 -296.0' spd 354.6 yaw 343.5 mode 2 st 3 gl 5 hp 72 frg 7
ARGEVT Romero hazard
ARGEVT Carmack hazard
ARGLOG Romero t  98.6 pos ' 39.3 412.5 -296.0' spd 274.9 yaw 248 mode 2 st 2 gl 1 hp 100 frg 1
ARGLOG Joe Rogan t  98.6 pos '482.2 -247.8 -104.0' spd 323.1 yaw 185.8 mode 2 st 1 gl 1 hp 100 frg 4
ARGLOG Carmack t  98.8 pos '276.3 -244.7 -296.0' spd 351.2 yaw 319.0 mode 2 st 3 gl 5 hp 68 frg 7
ARGEVT Joe Rogan grab 
ARGLOG Romero t  99.1 pos '100.9 404.0 -296.0' spd 329.4 yaw 262.6 mode 2 st 2 gl 1 hp 100 frg 1
ARGEVT Carmack goal item_health
ARGLOG Joe Rogan t  99.2 pos '450.3 -411.8 -104.0' spd 326.7 yaw 150.2 mode 2 st 1 gl 1 hp 100 frg 4
ARGEVT Carmack route 9 start '209.0 -183.0 -296.0' goal '-15.0 553.0 -296.0'
ARGLOG Carmack t  99.3 pos '179.8 -247.4 -296.0' spd 224.6 yaw 295.7 mode 2 st 3 gl 5 hp 64 frg 7
ARGEVT Romero hazard
ARGEVT Carmack pursue
ARGEVT Joe Rogan pursue
ARGEVT Carmack hazard
ARGLOG Romero t  99.6 pos '-27.3 394.1 -296.0' spd 394.2 yaw 265 mode 2 st 2 gl 1 hp 100 frg 1
ARGLOG Joe Rogan t  99.7 pos '358.5 -433.6 -104.0' spd 326.9 yaw 136 mode 2 st 1 gl 1 hp 100 frg 4
ARGEVT Joe Rogan hazard
ARGLOG Carmack t  99.8 pos '250.4 -213.9 -296.0' spd 261.7 yaw 252.6 mode 2 st 3 gl 5 hp 64 frg 7
ARGEVT Joe Rogan grab 
ARGLOG Romero t 100.1 pos '-68.5 285.7 -296.0' spd 351.6 yaw 297 mode 2 st 2 gl 1 hp 100 frg 1
ARGLOG Joe Rogan t 100.2 pos '198.5 -397.8 -104.0' spd 324.5 yaw 103.7 mode 2 st 1 gl 1 hp 100 frg 4
ARGLOG Carmack t 100.3 pos '148.7 -213.6 -296.0' spd  66.9 yaw 239.5 mode 2 st 3 gl 5 hp 60 frg 7
ARGEVT Carmack death Carmack pos '152.8 -229.2 -296.0'
ARGEVT Joe Rogan route 4 start '113.0 -407.0 -104.0' goal '401.0 -279.0 -296.0'
ARGLOG Romero t 100.7 pos '-33.6 125.4 -296.0' spd 321.0 yaw 288 mode 2 st 2 gl 1 hp 100 frg 1
ARGLOG Joe Rogan t 100.7 pos '191.9 -390.8 -104.0' spd 320.8 yaw 18 mode 2 st 1 gl 1 hp 100 frg 4
ARGEVT Joe Rogan hazard
ARGEVT Romero hazard
ARGLOG Romero t 101.2 pos '-20.7   7.0 -296.0' spd 338.0 yaw 291 mode 2 st 2 gl 1 hp 100 frg 1
ARGLOG Joe Rogan t 101.2 pos '361.5 -404.8 -104.0' spd 335.9 yaw 86 mode 2 st 1 gl 1 hp 100 frg 4
ARGLOG Romero t 101.7 pos '-38.0 -160.3 -296.0' spd 335.8 yaw 293.0 mode 2 st 2 gl 1 hp 100 frg 1
ARGLOG Joe Rogan t 101.7 pos '401.6 -282.9 -106.1' spd 324.2 yaw 164 mode 2 st 1 gl 1 hp 100 frg 4
ARGEVT Joe Rogan engage Romero
ARGEVT Romero engage Joe Rogan
ARGEVT Romero grab 
ARGEVT Carmack respawn
ARGEVT Carmack goal 
ARGLOG Carmack t 102.0 pos '-64.0 -232.0 -72.0' spd 0 yaw 343.7 mode 0 st 3 gl 5 hp 100 frg 6
ARGEVT Carmack route 6 start '-47.0 -215.0 -72.0' goal '145.0 -183.0 -296.0'
ARGEVT Romero hazard
ARGLOG Romero t 102.2 pos ' 63.1 -243.3 -296.0' spd 322.5 yaw 359.5 mode 2 st 2 gl 1 hp 100 frg 1
ARGLOG Joe Rogan t 102.3 pos '246.3 -232.0 -244.3' spd 320.3 yaw 217.5 mode 1 st 1 gl 1 hp 100 frg 4
ARGEVT Joe Rogan weapon sg
ARGEVT Joe Rogan grab 
ARGEVT Joe Rogan weapon sg
ARGEVT Carmack goal weapon_supernailgun
ARGEVT Romero death Joe Rogan pos ' 95.4 -240.3 -296.0'
ARGUS Joe Rogan watch spawn
ARGLOG Carmack t 102.5 pos ' 88.5 -248.4 -72.0' spd 360.4 yaw 62 mode 0 st 3 gl 5 hp 100 frg 6
ARGEVT Carmack route 7 start ' 49.0 -247.0 -72.0' goal '177.0 -55.0 -104.0'
ARGEVT Joe Rogan weapon rl
ARGEVT Joe Rogan goal 
ARGEVT Joe Rogan route 2 start '273.0 -183.0 -296.0' goal '401.0 -279.0 -296.0'
ARGEVT Carmack hazard
ARGEVT Joe Rogan engage Carmack
ARGEVT Joe Rogan hazard
ARGEVT Carmack engage Joe Rogan
ARGEVT Carmack grab 
ARGLOG Joe Rogan t 102.8 pos '396.6 -260.1 -296.0' spd 431.7 yaw 220.5 mode 1 st 1 gl 1 hp 5 frg 5
ARGLOG Carmack t 103.0 pos '100.6 -253.1 -72.0' spd 320.2 yaw   1.7 mode 2 st 3 gl 5 hp 100 frg 6
ARGEVT Joe Rogan pursue
ARGLOG Joe Rogan t 103.3 pos '499.0 -255.1 -296.0' spd  79.9 yaw 174 mode 1 st 1 gl 1 hp 5 frg 5
ARGEVT Carmack pursue
ARGLOG Carmack t 103.5 pos '112.2 -265.2 -72.0' spd 320.0 yaw 7 mode 2 st 3 gl 5 hp 100 frg 6
ARGEVT Joe Rogan death Carmack pos '389.9 -235.4 -296.0'
ARGUS Carmack watch spawn
ARGEVT Carmack goal weapon_rocketlauncher
ARGEVT Romero respawn
ARGEVT Carmack route 10 start '145.0 -279.0 -56.0' goal '721.0 -887.0 -232.0'
ARGEVT Romero goal weapon_lightning
ARGLOG Romero t 104.1 pos '272.0 -952.0  24.0' spd 0 yaw  16.6 mode 0 st 2 gl 1 hp 100 frg 1
ARGLOG Carmack t 104.1 pos '121.7 -325.3 -40.0' spd 292.6 yaw 321.2 mode 2 st 3 gl 5 hp 100 frg 7
ARGEVT Romero route 6 start '305.0 -983.0  24.0' goal '529.0 -311.0 -104.0'
ARGEVT Carmack hazard
ARGLOG Romero t 104.6 pos '354.1 -818.4  24.0' spd 336.0 yaw 106 mode 2 st 2 gl 1 hp 100 frg 1
ARGLOG Carmack t 104.6 pos '240.3 -396.0 -14.5' spd 218.3 yaw 142 mode 2 st 3 gl 5 hp 100 frg 7
ARGEVT Romero engage Carmack
ARGUS Romero hunch 
ARGLOG Romero t 105.1 pos '216.1 -752.0  24.0' spd 328.0 yaw 310.7 mode 2 st 2 gl 1 hp 100 frg 1
ARGLOG Carmack t 105.1 pos '286.0 -292.3 -174.5' spd 233.0 yaw 152.7 mode 2 st 3 gl 5 hp 100 frg 7
ARGEVT Joe Rogan respawn
ARGEVT Joe Rogan goal 
ARGLOG Joe Rogan t 105.2 pos '112.0 -1136.0 -104.0' spd 0 yaw  61.6 mode 0 st 1 gl 1 hp 100 frg 5
ARGEVT Romero pursue
ARGEVT Romero goal 
ARGEVT Joe Rogan route 8 start '145.0 -1143.0 -88.0' goal '401.0 -279.0 -296.0'
ARGEVT Carmack hazard
ARGEVT Romero goal weapon_lightning
ARGEVT Romero route 5 start '305.0 -855.0  24.0' goal '529.0 -311.0 -104.0'
ARGLOG Romero t 105.6 pos '335.1 -820.6  24.0' spd 420.7 yaw  83.5 mode 2 st 2 gl 1 hp 100 frg 1
ARGLOG Carmack t 105.6 pos '374.1 -208.4 -296.0' spd 327.6 yaw 347 mode 2 st 3 gl 5 hp 100 frg 7
ARGLOG Joe Rogan t 105.8 pos '217.0 -1014.7 -104.0' spd 336.7 yaw 75 mode 2 st 1 gl 1 hp 100 frg 5
ARGEVT Romero hazard
ARGLOG Romero t 106.1 pos '320.2 -659.3  24.0' spd 321.9 yaw 102 mode 2 st 2 gl 1 hp 100 frg 1
ARGLOG Carmack t 106.1 pos '537.1 -263.9 -296.0' spd 348.5 yaw 338.6 mode 0 st 3 gl 5 hp 100 frg 7
ARGLOG Joe Rogan t 106.3 pos '276.2 -857.7 -104.0' spd 328.1 yaw 102 mode 2 st 1 gl 1 hp 100 frg 5
ARGEVT Carmack route 17 start '497.0 -247.0 -296.0' goal '721.0 -887.0 -232.0'
ARGEVT Carmack hazard
ARGEVT Joe Rogan hazard
ARGLOG Romero t 106.6 pos '299.1 -494.4  24.0' spd 325.1 yaw 110 mode 2 st 2 gl 1 hp 100 frg 1
ARGLOG Carmack t 106.6 pos '655.7 -204.2 -296.0' spd 320.5 yaw 95 mode 2 st 3 gl 5 hp 100 frg 7
ARGLOG Joe Rogan t 106.8 pos '211.2 -752.0 -104.0' spd 112.0 yaw 55 mode 2 st 1 gl 1 hp 100 frg 5
ARGLOG Romero t 107.2 pos '264.6 -315.6 -35.9' spd 319.0 yaw 340.8 mode 2 st 2 gl 1 hp 100 frg 1
ARGLOG Carmack t 107.2 pos '633.9 -38.8 -296.0' spd 320.4 yaw 261 mode 2 st 3 gl 5 hp 100 frg 7
ARGLOG Joe Rogan t 107.3 pos '156.9 -752.0 -104.0' spd 101.9 yaw 49 mode 2 st 1 gl 1 hp 100 frg 5
ARGLOG Romero t 107.7 pos '404.6 -263.0 -296.0' spd 313.6 yaw 270 mode 2 st 2 gl 1 hp 100 frg 1
ARGLOG Carmack t 107.7 pos '440.7 -864.0  40.9' spd 300 yaw 110.0 mode 0 st 3 gl 5 hp 100 frg 7
ARGEVT Romero hazard
ARGLOG Joe Rogan t 107.8 pos '274.4 -752.0 -104.0' spd 383.0 yaw 65 mode 2 st 1 gl 1 hp 100 frg 5
ARGEVT Carmack route 13 start '401.0 -887.0  24.0' goal '721.0 -887.0 -232.0'
ARGEVT Joe Rogan hazard
ARGLOG Romero t 108.2 pos '321.5 -282.2 -296.0' spd 269.4 yaw 323 mode 2 st 2 gl 1 hp 95 frg 1
ARGLOG Carmack t 108.2 pos '394.5 -864.0  24.0' spd 300 yaw 102 mode 2 st 3 gl 5 hp 100 frg 7
ARGLOG Joe Rogan t 108.3 pos '351.6 -621.5 -104.0' spd 337.7 yaw 75 mode 2 st 1 gl 1 hp 100 frg 5
ARGLOG Romero t 108.7 pos '394.9 -279.5 -296.0' spd 290.9 yaw 276 mode 2 st 2 gl 1 hp 95 frg 1
ARGLOG Carmack t 108.7 pos '322.3 -766.6  24.0' spd 330.7 yaw 93 mode 2 st 3 gl 5 hp 100 frg 7
ARGEVT Romero hazard
ARGLOG Joe Rogan t 108.9 pos '386.3 -458.9 -104.0' spd 320.2 yaw 95 mode 2 st 1 gl 1 hp 100 frg 5
ARGLOG Romero t 109.2 pos '432.0 -275.0 -296.0' spd   2.8 yaw 246 mode 2 st 2 gl 1 hp 95 frg 1
ARGLOG Carmack t 109.2 pos '305.5 -602.7  24.0' spd 320.0 yaw 34 mode 2 st 3 gl 5 hp 100 frg 7
ARGLOG Joe Rogan t 109.4 pos '453.8 -301.6 -104.0' spd 410.6 yaw 146.9 mode 2 st 1 gl 1 hp 100 frg 5
ARGEVT Joe Rogan hazard
ARGEVT Romero goal item_armorInv
ARGEVT Carmack engage Joe Rogan
ARGEVT Joe Rogan engage Carmack
ARGEVT Romero route 17 start '401.0 -279.0 -296.0' goal '817.0 -855.0 -232.0'
ARGEVT Romero stall
ARGEVT Romero stallnode '369.0 -279.0 -296.0'
ARGEVT Romero jump
ARGLOG Romero t 109.7 pos '432.0 -277.2 -274.4' spd  17.6 yaw 345.2 mode 0 st 3 gl 1 hp 95 frg 1
ARGLOG Carmack t 109.7 pos '408.9 -527.5  24.0' spd 332.2 yaw  30.1 mode 2 st 3 gl 5 hp 100 frg 7
ARGUS routecache adopt
ARGEVT Romero route 17 start '401.0 -279.0 -296.0' goal '817.0 -855.0 -232.0'
ARGLOG Joe Rogan t 109.9 pos '596.3 -340.4 -104.0' spd 327.1 yaw 218.2 mode 2 st 1 gl 1 hp 100 frg 5
ARGEVT Carmack grab item_health
ARGEVT Joe Rogan pursue
ARGEVT Carmack pursue
ARGUS Joe Rogan hunch 
ARGLOG Romero t 110.3 pos '432.0 -275.0 -295.1' spd  41.3 yaw 49 mode 2 st 3 gl 1 hp 95 frg 1
ARGLOG Carmack t 110.3 pos '472.9 -420.8  26.9' spd 328.8 yaw 52 mode 2 st 3 gl 5 hp 60 frg 7
ARGEVT Joe Rogan pursue
ARGEVT Romero stall
ARGEVT Romero stallnode '593.0 -215.0 -296.0'
ARGEVT Romero jump
ARGEVT Joe Rogan goal 
ARGLOG Joe Rogan t 110.4 pos '637.9 -453.5 -136.0' spd 242.4 yaw  53.8 mode 0 st 1 gl 1 hp 100 frg 5
ARGEVT Joe Rogan route 2 start '593.0 -439.0 -120.0' goal '401.0 -279.0 -296.0'
ARGUS Carmack hunch 
ARGEVT Carmack goal item_armorInv
ARGLOG Romero t 110.8 pos '503.4 -235.8 -261.1' spd 173.6 yaw 312 mode 0 st 4 gl 1 hp 95 frg 1
ARGLOG Carmack t 110.8 pos '538.3 -327.2  24.0' spd 326.4 yaw 218.6 mode 0 st 3 gl 5 hp 60 frg 7
ARGEVT Carmack route 7 start '529.0 -375.0  24.0' goal '817.0 -855.0 -232.0'
ARGLOG Joe Rogan t 110.9 pos '624.0 -302.9 -104.0' spd 423.8 yaw 191.0 mode 2 st 1 gl 1 hp 100 frg 5
ARGEVT Carmack retreat
ARGEVT Carmack death Joe Rogan pos '418.8 -355.7  17.5'
ARGUS Joe Rogan watch spawn
ARGEVT Joe Rogan goal 
ARGLOG Romero t 111.3 pos '610.4 -246.5 -296.0' spd 224.0 yaw 130.0 mode 0 st 4 gl 1 hp 95 frg 1
ARGEVT Joe Rogan hazard
ARGEVT Joe Rogan route 10 start '529.0 -311.0 -104.0' goal '529.0 -375.0  24.0'
ARGLOG Joe Rogan t 111.4 pos '479.4 -283.8 -104.0' spd 320.2 yaw 256 mode 2 st 1 gl 1 hp 100 frg 6
ARGEVT Romero hazard
ARGLOG Romero t 111.8 pos '646.7 -249.0 -296.0' spd  47.5 yaw  69.8 mode 0 st 4 gl 1 hp 95 frg 1
ARGEVT Romero goal weapon_rocketlauncher
ARGEVT Romero route 5 start '593.0 -215.0 -296.0' goal ' 49.0 105.0 -296.0'
ARGLOG Joe Rogan t 111.9 pos '434.4 -432.0 -104.0' spd  77.4 yaw 259 mode 2 st 1 gl 1 hp 100 frg 6
ARGUS routecache adopt
ARGEVT Romero route 4 start '497.0 -247.0 -296.0' goal ' 49.0 105.0 -296.0'
ARGLOG Romero t 112.3 pos '536.8 -262.7 -296.0' spd 339.6 yaw 128.7 mode 0 st 4 gl 1 hp 95 frg 1
ARGEVT Joe Rogan route 11 start '401.0 -471.0 -104.0' goal '529.0 -375.0  24.0'
ARGEVT Joe Rogan hazard
ARGLOG Joe Rogan t 112.5 pos '417.6 -504.2 -104.0' spd 322.6 yaw 102 mode 2 st 1 gl 1 hp 100 frg 6
ARGEVT Carmack respawn
ARGEVT Romero hazard
ARGEVT Carmack goal weapon_rocketlauncher
ARGLOG Carmack t 112.6 pos '776.0 -808.0 -232.0' spd 0 yaw 106 mode 1 st 3 gl 5 hp 100 frg 7
ARGLOG Romero t 112.8 pos '469.7 -211.3 -296.0' spd 323.8 yaw 330 mode 2 st 4 gl 1 hp 95 frg 1
ARGLOG Joe Rogan t 113.0 pos '457.4 -339.7 -104.0' spd 374.2 yaw   5.8 mode 2 st 1 gl 1 hp 100 frg 6
ARGEVT Carmack hazard
ARGLOG Carmack t 113.1 pos '729.4 -747.6 -216.0' spd 359.1 yaw 172.2 mode 1 st 3 gl 5 hp 100 frg 7
ARGLOG Romero t 113.3 pos '623.6 -272.0 -296.0' spd 283.2 yaw 253.4 mode 0 st 4 gl 1 hp 95 frg 1
ARGEVT Romero route 5 start '593.0 -215.0 -296.0' goal ' 49.0 105.0 -296.0'
ARGLOG Joe Rogan t 113.5 pos '626.4 -378.3 -104.0' spd 335.9 yaw 293 mode 2 st 1 gl 1 hp 100 frg 6
ARGLOG Carmack t 113.6 pos '768.8 -701.0 -200.0' spd 356.0 yaw  85.7 mode 1 st 3 gl 5 hp 100 frg 7
ARGEVT Joe Rogan hazard
ARGEVT Romero engage Joe Rogan
ARGEVT Joe Rogan engage Romero
ARGLOG Romero t 113.9 pos '536.6 -246.0 -296.0' spd 363.9 yaw 172.7 mode 2 st 4 gl 1 hp 95 frg 1
ARGEVT Romero hazard
ARGLOG Joe Rogan t 114.0 pos '453.1 -240.0 -296.0' spd 300 yaw  15.9 mode 0 st 1 gl 1 hp 100 frg 6
ARGEVT Joe Rogan route 11 start '401.0 -247.0 -296.0' goal '529.0 -375.0  24.0'
ARGEVT Carmack hazard
ARGLOG Carmack t 114.2 pos '776.6 -526.7 -104.0' spd 401.4 yaw 201.2 mode 1 st 3 gl 5 hp 100 frg 7
ARGEVT Romero route 5 start '593.0 -215.0 -296.0' goal ' 49.0 105.0 -296.0'
ARGLOG Romero t 114.4 pos '620.8 -139.7 -296.0' spd 446.3 yaw 209.3 mode 2 st 4 gl 1 hp 65 frg 1
ARGLOG Joe Rogan t 114.5 pos '461.2 -232.9 -296.0' spd 211.4 yaw  46.8 mode 2 st 1 gl 1 hp 100 frg 6
ARGEVT Joe Rogan pursue
ARGEVT Romero pursue
ARGLOG Carmack t 114.7 pos '752.0 -603.1 -141.2' spd   3.2 yaw 105 mode 1 st 3 gl 5 hp 100 frg 7
ARGUS Romero hunch 
ARGLOG Romero t 114.9 pos '610.9 -126.7 -296.0' spd 106.4 yaw  55.4 mode 2 st 4 gl 1 hp 65 frg 1
ARGEVT Romero grab item_health
ARGEVT Romero goal item_health
ARGLOG Joe Rogan t 115.0 pos '581.6 -229.4 -296.0' spd 284.2 yaw  77.3 mode 2 st 1 gl 1 hp 100 frg 6
ARGEVT Romero retreat
ARGEVT Romero death Joe Rogan pos '629.9 -42.8 -296.0'
ARGEVT Joe Rogan hazard
ARGLOG Carmack t 115.2 pos '752.0 -528.0 -120.0' spd 0 yaw 106.6 mode 1 st 3 gl 5 hp 100 frg 7
ARGEVT Joe Rogan goal 
ARGEVT Joe Rogan route 2 start '593.0 -215.0 -296.0' goal '401.0 -279.0 -296.0'
ARGLOG Joe Rogan t 115.6 pos '653.9 -146.2 -296.0' spd 325.3 yaw 108 mode 2 st 1 gl 1 hp 80 frg 7
ARGLOG Carmack t 115.7 pos '752.0 -528.0 -120.0' spd 0 yaw 109 mode 1 st 3 gl 5 hp 100 frg 7
ARGEVT Joe Rogan route 3 start '625.0   9.0 -296.0' goal '401.0 -279.0 -296.0'
ARGLOG Joe Rogan t 116.1 pos '592.0 -59.1 -296.0' spd 322.1 yaw 225 mode 2 st 1 gl 1 hp 80 frg 7
ARGLOG Carmack t 116.2 pos '752.0 -528.0 -120.0' spd 0 yaw 109 mode 1 st 3 gl 5 hp 100 frg 7
ARGLOG Joe Rogan t 116.6 pos '631.9 -222.8 -296.0' spd 390.8 yaw   9.2 mode 2 st 1 gl 1 hp 80 frg 7
ARGEVT Joe Rogan hazard
ARGEVT Romero respawn
ARGEVT Romero goal 
ARGLOG Romero t 116.7 pos '784.0 -176.0  24.0' spd 0 yaw 189 mode 0 st 4 gl 1 hp 100 frg 1
ARGLOG Carmack t 116.7 pos '752.0 -528.0 -120.0' spd 0 yaw 109 mode 1 st 3 gl 5 hp 100 frg 7
ARGEVT Romero route 2 start '753.0 -151.0  24.0' goal '529.0 -375.0  24.0'
ARGLOG Joe Rogan t 117.1 pos '626.1 -157.4 -296.0' spd 326.5 yaw 89 mode 2 st 1 gl 1 hp 80 frg 7
ARGLOG Romero t 117.3 pos '629.1 -201.7  24.0' spd 327.5 yaw 221.3 mode 2 st 4 gl 1 hp 100 frg 1
ARGLOG Carmack t 117.3 pos '752.0 -528.0 -120.0' spd 0 yaw 109 mode 1 st 3 gl 5 hp 100 frg 7
ARGLOG Joe Rogan t 117.6 pos '596.2 -22.4 -296.0' spd  66.4 yaw 245.6 mode 0 st 1 gl 1 hp 80 frg 7
ARGLOG Romero t 117.8 pos '533.7 -343.0  24.0' spd 386.6 yaw 325.9 mode 1 st 4 gl 1 hp 100 frg 1
ARGLOG Carmack t 117.8 pos '752.0 -528.0 -120.0' spd 0 yaw 109 mode 1 st 3 gl 5 hp 100 frg 7
ARGEVT Joe Rogan route 3 start '593.0 -87.0 -296.0' goal '401.0 -279.0 -296.0'
ARGEVT Romero hazard
ARGLOG Joe Rogan t 118.1 pos '611.5 -173.3 -296.0' spd 332.0 yaw 207 mode 2 st 1 gl 1 hp 80 frg 7
ARGLOG Romero t 118.3 pos '556.7 -382.1  24.0' spd 332.4 yaw 130.4 mode 1 st 4 gl 1 hp 100 frg 1
ARGLOG Carmack t 118.3 pos '752.0 -528.0 -120.0' spd 0 yaw 109 mode 1 st 3 gl 5 hp 100 frg 7
ARGEVT Joe Rogan hazard
ARGLOG Joe Rogan t 118.7 pos '517.6 -265.1 -296.0' spd 320.2 yaw 187 mode 2 st 1 gl 1 hp 80 frg 7
ARGEVT Carmack hazard
ARGEVT Romero engage Joe Rogan
ARGLOG Romero t 118.8 pos '395.0 -241.0 -36.2' spd 391.8 yaw 279.4 mode 1 st 4 gl 1 hp 100 frg 1
ARGLOG Carmack t 118.8 pos '752.0 -508.2 -104.0' spd 226.5 yaw 158.3 mode 1 st 3 gl 5 hp 100 frg 7
ARGEVT Joe Rogan engage Romero
ARGLOG Joe Rogan t 119.2 pos '499.1 -255.4 -296.0' spd 212.7 yaw 172.6 mode 2 st 1 gl 1 hp 80 frg 7
ARGEVT Joe Rogan weapon sg
ARGLOG Romero t 119.3 pos '196.3 -242.6 -277.9' spd 449.7 yaw   0.0 mode 1 st 4 gl 1 hp 70 frg 1
ARGLOG Carmack t 119.3 pos '753.5 -546.2 -120.0' spd 320.1 yaw 273 mode 1 st 3 gl 5 hp 100 frg 7
ARGEVT Romero grab 
ARGEVT Romero hazard
ARGLOG Joe Rogan t 119.7 pos '515.2 -247.0 -296.0' spd  67.0 yaw 173.4 mode 2 st 1 gl 1 hp 68 frg 7
ARGLOG Romero t 119.8 pos ' 54.6 -252.0 -296.0' spd 114.4 yaw 357.9 mode 1 st 4 gl 1 hp 58 frg 1
ARGLOG Carmack t 119.8 pos '757.3 -713.3 -200.0' spd 344.2 yaw 223.1 mode 1 st 3 gl 5 hp 100 frg 7
ARGEVT Carmack hazard
ARGLOG Joe Rogan t 120.2 pos '479.5 -238.8 -296.0' spd  86.6 yaw 178.5 mode 2 st 1 gl 1 hp 56 frg 7
ARGEVT Carmack goal 
ARGLOG Romero t 120.4 pos ' 79.2 -223.6 -296.0' spd 322.7 yaw   0.1 mode 1 st 4 gl 1 hp 58 frg 1
ARGLOG Carmack t 120.4 pos '729.6 -883.2 -232.0' spd 391.8 yaw 188.8 mode 0 st 3 gl 6 hp 100 frg 7
ARGEVT Carmack route 11 start '721.0 -887.0 -232.0' goal '529.0 -375.0  24.0'
ARGEVT Romero hazard
ARGUS routecache adopt
ARGEVT Carmack route 11 start '721.0 -887.0 -232.0' goal '529.0 -375.0  24.0'
ARGLOG Joe Rogan t 120.7 pos '422.1 -243.4 -296.0' spd 126.3 yaw 178.5 mode 1 st 1 gl 1 hp 56 frg 7
ARGLOG Romero t 120.9 pos '167.2 -243.3 -296.0' spd 213.8 yaw   4.0 mode 1 st 4 gl 1 hp 58 frg 1
ARGLOG Carmack t 120.9 pos '720.9 -805.7 -232.0' spd 324.6 yaw 78 mode 0 st 3 gl 6 hp 100 frg 7
ARGEVT Joe Rogan retreat
ARGEVT Joe Rogan hazard
ARGEVT Romero retreat
ARGEVT Carmack route 12 start '721.0 -759.0 -232.0' goal '529.0 -375.0  24.0'
ARGLOG Joe Rogan t 121.2 pos '432.0 -204.8 -296.0' spd   6.9 yaw 191.8 mode 1 st 1 gl 1 hp 32 frg 7
ARGLOG Romero t 121.4 pos ' 78.5 -265.9 -296.0' spd 328.0 yaw   7.1 mode 1 st 4 gl 1 hp 34 frg 1
ARGLOG Carmack t 121.4 pos '810.5 -713.0 -200.0' spd 334.7 yaw  44.1 mode 2 st 3 gl 6 hp 100 frg 7
ARGEVT Carmack hazard
ARGEVT Joe Rogan grab weapon_nailgun
ARGLOG Joe Rogan t 121.8 pos '416.2 -182.6 -296.0' spd 321.5 yaw 189.4 mode 1 st 1 gl 1 hp 24 frg 7
ARGEVT Joe Rogan death Romero pos '391.0 -121.9 -296.0'
ARGUS Romero watch spawn
ARGLOG Romero t 121.9 pos ' 10.7 -239.6 -296.0' spd  61.8 yaw  18.2 mode 1 st 4 gl 1 hp 14 frg 2
ARGLOG Carmack t 121.9 pos '775.0 -589.4 -136.0' spd 323.9 yaw 131 mode 2 st 3 gl 6 hp 100 frg 7
ARGEVT Romero hazard
ARGEVT Romero goal weapon_rocketlauncher
ARGEVT Romero route 2 start ' 17.0 -247.0 -296.0' goal ' 49.0 105.0 -296.0'
ARGLOG Romero t 122.4 pos '158.0 -266.5 -296.0' spd 321.5 yaw 13 mode 2 st 4 gl 1 hp 14 frg 2
ARGLOG Carmack t 122.4 pos '757.3 -426.7 -104.0' spd 248.5 yaw  61.7 mode 0 st 3 gl 6 hp 100 frg 7
ARGEVT Carmack route 16 start '753.0 -471.0 -104.0' goal '529.0 -375.0  24.0'
ARGEVT Carmack hazard
ARGLOG Romero t 122.9 pos '330.6 -271.7 -296.0' spd 364.3 yaw 35 mode 2 st 4 gl 1 hp 14 frg 2
ARGLOG Carmack t 122.9 pos '913.7 -401.8 -104.0' spd 228.6 yaw 231 mode 2 st 3 gl 6 hp 100 frg 7
ARGEVT Romero route 6 start '401.0 -247.0 -296.0' goal ' 49.0 105.0 -296.0'
ARGEVT Romero hazard
ARGEVT Joe Rogan respawn
ARGLOG Romero t 123.5 pos '458.6 -223.0 -296.0' spd  65.3 yaw 184 mode 2 st 4 gl 1 hp 14 frg 2
ARGLOG Carmack t 123.5 pos '1007.1 -432.0 -104.0' spd 233.5 yaw 214 mode 2 st 3 gl 6 hp 100 frg 7
ARGEVT Joe Rogan goal weapon_rocketlauncher
ARGLOG Joe Rogan t 123.5 pos '-64.0 512.0 -296.0' spd 0 yaw 286.3 mode 0 st 1 gl 1 hp 100 frg 7
ARGEVT Joe Rogan route 4 start '-15.0 553.0 -296.0' goal ' 49.0 105.0 -296.0'
ARGLOG Romero t 124.0 pos '298.4 -242.3 -296.0' spd 354.9 yaw 133.8 mode 2 st 4 gl 1 hp 14 frg 2
ARGLOG Carmack t 124.0 pos '842.9 -401.0 -104.0' spd 321.8 yaw 246 mode 2 st 3 gl 6 hp 100 frg 7
ARGLOG Joe Rogan t 124.0 pos '-58.9 356.0 -296.0' spd 320.6 yaw 277 mode 2 st 1 gl 1 hp 100 frg 7
ARGEVT Joe Rogan hazard
ARGEVT Carmack hazard
ARGLOG Romero t 124.5 pos '276.0 -213.3 -296.0' spd 340.0 yaw 4 mode 2 st 4 gl 1 hp 14 frg 2
ARGLOG Carmack t 124.5 pos '774.0 -502.6 -104.0' spd 338.9 yaw 241.4 mode 2 st 3 gl 6 hp 100 frg 7
ARGLOG Joe Rogan t 124.5 pos '-108.7 190.7 -296.0' spd 332.8 yaw 286 mode 2 st 1 gl 1 hp 100 frg 7
ARGEVT Romero route 6 start '401.0 -247.0 -296.0' goal ' 49.0 105.0 -296.0'
ARGEVT Romero hazard
ARGLOG Romero t 125.0 pos '439.1 -272.0 -296.0' spd 303.4 yaw 176 mode 2 st 4 gl 1 hp 14 frg 2
ARGLOG Carmack t 125.0 pos '752.9 -671.2 -184.0' spd 320.0 yaw 262 mode 2 st 3 gl 6 hp 100 frg 7
ARGLOG Joe Rogan t 125.1 pos '  2.9  56.9 -296.0' spd 328.2 yaw 325.6 mode 1 st 1 gl 1 hp 100 frg 7
ARGEVT Joe Rogan goal 
ARGEVT Joe Rogan route 5 start ' 49.0 105.0 -296.0' goal '401.0 -279.0 -296.0'
ARGEVT Romero goal item_health
ARGEVT Romero route 4 start '401.0 -279.0 -296.0' goal '529.0  73.0 -296.0'
ARGEVT Joe Rogan hazard
ARGEVT Carmack hazard
ARGLOG Romero t 125.5 pos '515.7 -214.2 -296.0' spd 335.4 yaw 58 mode 2 st 4 gl 1 hp 14 frg 2
ARGLOG Carmack t 125.5 pos '737.8 -840.3 -232.0' spd 361.5 yaw 111 mode 2 st 3 gl 6 hp 100 frg 7
ARGLOG Joe Rogan t 125.6 pos '107.0 127.3 -296.0' spd 342.3 yaw 237 mode 2 st 1 gl 2 hp 100 frg 7
ARGEVT Carmack route 11 start '721.0 -887.0 -232.0' goal '529.0 -375.0  24.0'
ARGLOG Romero t 126.0 pos '649.7 -127.1 -296.0' spd 418.7 yaw 121 mode 2 st 4 gl 1 hp 14 frg 2
ARGLOG Carmack t 126.0 pos '720.0 -815.9 -232.0' spd 329.5 yaw 110 mode 2 st 3 gl 6 hp 100 frg 7
ARGLOG Joe Rogan t 126.1 pos '-57.0  65.9 -296.0' spd 367.8 yaw 297 mode 2 st 1 gl 2 hp 100 frg 7
ARGLOG Romero t 126.5 pos '585.1  34.2 -296.0' spd 335.6 yaw 127 mode 1 st 4 gl 1 hp 14 frg 2
ARGLOG Carmack t 126.5 pos '720.3 -839.3 -232.0' spd 320.0 yaw 115 mode 2 st 3 gl 6 hp 100 frg 7
ARGLOG Joe Rogan t 126.6 pos '-78.2 -98.5 -296.0' spd 320.0 yaw 317 mode 2 st 1 gl 2 hp 100 frg 7
ARGUS routecache adopt
ARGEVT Carmack route 11 start '721.0 -887.0 -232.0' goal '529.0 -375.0  24.0'
ARGEVT Carmack hazard
ARGEVT Romero hazard
ARGUS routecache adopt
ARGEVT Carmack route 11 start '721.0 -887.0 -232.0' goal '529.0 -375.0  24.0'
ARGLOG Romero t 127.1 pos '672.7 100.9 -296.0' spd 339.3 yaw 322.8 mode 1 st 4 gl 1 hp 39 frg 2
ARGUS routecache adopt
ARGEVT Carmack route 11 start '721.0 -887.0 -232.0' goal '529.0 -375.0  24.0'
ARGLOG Carmack t 127.1 pos '720.2 -855.9 -232.0' spd 320.2 yaw 104 mode 0 st 3 gl 6 hp 100 frg 7
ARGLOG Joe Rogan t 127.1 pos '  6.1 -242.1 -296.0' spd 331.2 yaw 355 mode 2 st 1 gl 2 hp 100 frg 7
ARGEVT Joe Rogan hazard
ARGEVT Carmack route 12 start '721.0 -759.0 -232.0' goal '529.0 -375.0  24.0'
ARGLOG Romero t 127.6 pos '647.3  16.6 -296.0' spd 320.8 yaw 175 mode 1 st 4 gl 1 hp 39 frg 2
ARGLOG Carmack t 127.6 pos '720.0 -752.0 -232.0' spd 0 yaw 112 mode 2 st 3 gl 6 hp 100 frg 7
ARGLOG Joe Rogan t 127.6 pos '165.0 -234.4 -296.0' spd 343.2 yaw 350 mode 2 st 1 gl 2 hp 100 frg 7
ARGEVT Carmack hazard
ARGEVT Romero hazard
ARGLOG Romero t 128.1 pos '507.5  82.8 -296.0' spd 397.0 yaw 208.0 mode 1 st 4 gl 1 hp 39 frg 2
ARGLOG Carmack t 128.1 pos '720.0 -857.8 -232.0' spd 326.8 yaw 238.0 mode 0 st 3 gl 6 hp 100 frg 7
ARGLOG Joe Rogan t 128.1 pos '331.8 -253.7 -296.0' spd 320.7 yaw 340 mode 2 st 1 gl 2 hp 100 frg 7
ARGUS routecache adopt
ARGEVT Carmack route 11 start '721.0 -887.0 -232.0' goal '529.0 -375.0  24.0'
ARGUS routecache adopt
ARGEVT Carmack route 11 start '721.0 -887.0 -232.0' goal '529.0 -375.0  24.0'
ARGLOG Romero t 128.6 pos '580.2  16.0 -296.0' spd 312.4 yaw 340.4 mode 1 st 4 gl 1 hp 39 frg 2
ARGLOG Carmack t 128.6 pos '727.9 -837.1 -232.0' spd 322.8 yaw  93.0 mode 0 st 3 gl 6 hp 100 frg 7
ARGLOG Joe Rogan t 128.7 pos '432.0 -276.0 -296.0' spd  53.7 yaw 13 mode 1 st 1 gl 2 hp 100 frg 7
ARGUS routecache adopt
ARGEVT Carmack route 12 start '721.0 -759.0 -232.0' goal '529.0 -375.0  24.0'
ARGEVT Joe Rogan hazard
ARGEVT Carmack hazard
ARGLOG Romero t 129.1 pos '716.5 103.7 -296.0' spd 418.0 yaw 144.9 mode 1 st 4 gl 1 hp 39 frg 2
ARGLOG Carmack t 129.1 pos '793.8 -679.0 -184.0' spd 417.5 yaw 118 mode 2 st 3 gl 6 hp 100 frg 7
ARGEVT Joe Rogan engage Romero
ARGLOG Joe Rogan t 129.2 pos '578.3 -262.4 -296.0' spd 305.8 yaw 221.2 mode 1 st 1 gl 2 hp 100 frg 7
ARGEVT Romero hazard
ARGEVT Romero engage Joe Rogan
ARGLOG Romero t 129.6 pos '700.3  87.9 -296.0' spd 322.2 yaw 255.9 mode 1 st 4 gl 1 hp 39 frg 2
ARGLOG Carmack t 129.6 pos '773.4 -792.8 -232.0' spd 355.8 yaw 192.7 mode 2 st 3 gl 6 hp 100 frg 7
ARGLOG Joe Rogan t 129.7 pos '612.5 -228.1 -296.0' spd 320.3 yaw  92.6 mode 1 st 1 gl 2 hp 100 frg 7
ARGUS routecache adopt
ARGEVT Carmack route 11 start '721.0 -887.0 -232.0' goal '529.0 -375.0  24.0'
ARGLOG Romero t 130.1 pos '394.8 -864.0  24.0' spd 300 yaw  74.0 mode 1 st 4 gl 1 hp 39 frg 2
ARGUS routecache adopt
ARGEVT Carmack route 12 start '721.0 -759.0 -232.0' goal '529.0 -375.0  24.0'
ARGLOG Carmack t 130.1 pos '720.0 -815.1 -232.0' spd 308.1 yaw  87.7 mode 0 st 3 gl 6 hp 100 frg 7
ARGLOG Joe Rogan t 130.2 pos '530.4 -259.0 -296.0' spd 393.5 yaw 242.8 mode 1 st 1 gl 2 hp 100 frg 7
ARGEVT Joe Rogan hazard
ARGEVT Romero grab item_health
ARGEVT Joe Rogan pursue
ARGEVT Romero pursue
ARGUS Joe Rogan hunch 
ARGEVT Joe Rogan pursue
ARGLOG Romero t 130.7 pos '394.8 -864.0  24.0' spd 300 yaw 73 mode 1 st 4 gl 1 hp 39 frg 2
ARGLOG Carmack t 130.7 pos '816.0 -716.1 -200.0' spd 162.8 yaw 281.6 mode 2 st 3 gl 6 hp 100 frg 7
ARGEVT Joe Rogan goal 
ARGLOG Joe Rogan t 130.7 pos '380.1 -250.8 -296.0' spd 388.5 yaw  93.6 mode 0 st 1 gl 2 hp 100 frg 7
ARGEVT Joe Rogan route 11 start '401.0 -247.0 -296.0' goal '529.0 -375.0  24.0'
ARGUS Romero hunch 
ARGEVT Romero pursue
ARGEVT Romero goal item_health
ARGLOG Romero t 131.2 pos '375.2 -799.4  24.0' spd 326.1 yaw 291.8 mode 0 st 4 gl 1 hp 39 frg 2
ARGLOG Carmack t 131.2 pos '731.5 -856.6 -232.0' spd 370.9 yaw 151.0 mode 0 st 3 gl 6 hp 100 frg 7
ARGEVT Carmack hazard
ARGEVT Romero route 3 start '401.0 -759.0  24.0' goal '401.0 -887.0 -104.0'
ARGLOG Joe Rogan t 131.2 pos '397.6 -74.5 -296.0' spd 352.6 yaw   9.7 mode 2 st 1 gl 2 hp 100 frg 7
ARGEVT Joe Rogan hazard
ARGEVT Romero hazard
ARGEVT Carmack route 12 start '721.0 -759.0 -232.0' goal '529.0 -375.0  24.0'
ARGLOG Romero t 131.7 pos '624.0  49.8 -281.6' spd 300 yaw 262 mode 0 st 4 gl 1 hp 39 frg 2
ARGLOG Carmack t 131.7 pos '765.5 -699.8 -200.0' spd 324.9 yaw  67.3 mode 2 st 3 gl 6 hp 100 frg 7
ARGLOG Joe Rogan t 131.8 pos '400.6 -79.1 -296.0' spd 320.0 yaw 271 mode 2 st 1 gl 2 hp 100 frg 7
ARGEVT Romero route 5 start '625.0   9.0 -296.0' goal '401.0 -887.0 -104.0'
ARGLOG Romero t 132.2 pos '624.0  18.6 -296.0' spd 300 yaw 261 mode 2 st 4 gl 1 hp 39 frg 2
ARGLOG Carmack t 132.2 pos '752.0 -528.0 -120.0' spd 0 yaw 166.2 mode 0 st 3 gl 6 hp 100 frg 7
ARGEVT Carmack hazard
ARGEVT Joe Rogan pursue
ARGLOG Joe Rogan t 132.3 pos '404.2 -245.4 -296.0' spd 347.4 yaw 319.0 mode 2 st 1 gl 2 hp 100 frg 7
ARGEVT Joe Rogan hazard
ARGEVT Carmack route 15 start '753.0 -567.0 -136.0' goal '529.0 -375.0  24.0'
ARGEVT Romero hazard
ARGLOG Romero t 132.7 pos '596.6 -132.7 -296.0' spd 318.4 yaw 213.9 mode 2 st 4 gl 1 hp 39 frg 2
ARGLOG Carmack t 132.7 pos '752.7 -551.2 -120.0' spd 285.4 yaw 271 mode 2 st 3 gl 6 hp 100 frg 7
ARGEVT Joe Rogan weapon ng
ARGLOG Joe Rogan t 132.8 pos '563.9 -245.4 -296.0' spd 331.7 yaw  76.5 mode 2 st 1 gl 2 hp 100 frg 7
ARGEVT Joe Rogan weapon rl
ARGLOG Romero t 133.2 pos '610.1 -63.8 -296.0' spd  51.1 yaw 268.2 mode 2 st 4 gl 1 hp 27 frg 2
ARGLOG Carmack t 133.2 pos '752.0 -711.1 -194.6' spd 163.1 yaw 123.5 mode 2 st 3 gl 6 hp 100 frg 7
ARGLOG Joe Rogan t 133.3 pos '599.4 -244.5 -296.0' spd 320.0 yaw  74.0 mode 2 st 1 gl 2 hp 88 frg 7
ARGEVT Joe Rogan weapon ng
ARGEVT Joe Rogan weapon rl
ARGEVT Romero death Joe Rogan pos '646.2 -78.8 -296.0'
ARGUS Joe Rogan watch spawn
ARGEVT Joe Rogan goal item_artifact_super_damage
ARGEVT Joe Rogan hazard
ARGLOG Carmack t 133.8 pos '752.0 -688.0 -200.0' spd 0 yaw 102 mode 2 st 3 gl 6 hp 100 frg 7
ARGEVT Joe Rogan routefail
ARGEVT Joe Rogan goal item_armorInv
ARGLOG Joe Rogan t 133.8 pos '419.4 -263.9 -296.0' spd 416.7 yaw 299.9 mode 0 st 1 gl 2 hp 64 frg 8
ARGEVT Joe Rogan route 17 start '401.0 -279.0 -296.0' goal '817.0 -855.0 -232.0'
ARGLOG Carmack t 134.3 pos '752.0 -688.0 -200.0' spd 0 yaw 102 mode 2 st 3 gl 6 hp 100 frg 7
ARGLOG Joe Rogan t 134.3 pos '478.3 -230.9 -296.0' spd 329.8 yaw 50 mode 2 st 1 gl 2 hp 64 frg 8
ARGLOG Carmack t 134.8 pos '752.0 -688.0 -200.0' spd 0 yaw 102 mode 2 st 3 gl 6 hp 100 frg 7
ARGLOG Joe Rogan t 134.8 pos '639.9 -183.1 -296.0' spd 394.7 yaw  91.6 mode 2 st 1 gl 2 hp 64 frg 8
ARGEVT Romero respawn
ARGEVT Romero goal weapon_lightning
ARGLOG Romero t 135.0 pos '-64.0 -232.0 -72.0' spd 0 yaw 359 mode 0 st 4 gl 1 hp 100 frg 2
ARGEVT Romero route 4 start '-47.0 -215.0 -72.0' goal '529.0 -311.0 -104.0'
ARGLOG Carmack t 135.3 pos '752.0 -688.0 -200.0' spd 0 yaw 101 mode 2 st 3 gl 6 hp 100 frg 7
ARGLOG Joe Rogan t 135.3 pos '645.8 -13.8 -296.0' spd 320.0 yaw 260 mode 2 st 1 gl 2 hp 64 frg 8
ARGLOG Romero t 135.5 pos ' 91.1 -232.0 -72.0' spd 320 yaw 359 mode 2 st 4 gl 1 hp 100 frg 2
ARGEVT Romero hazard
ARGLOG Carmack t 135.8 pos '752.0 -688.0 -200.0' spd 0 yaw 101 mode 2 st 3 gl 6 hp 100 frg 7
ARGLOG Joe Rogan t 135.9 pos '534.4 101.1 -296.0' spd 418.0 yaw 245.8 mode 2 st 1 gl 2 hp 64 frg 8
ARGEVT Joe Rogan hazard
ARGLOG Romero t 136.0 pos '266.4 -189.5 -84.8' spd 351.5 yaw 351 mode 2 st 4 gl 1 hp 100 frg 2
ARGLOG Carmack t 136.3 pos '752.0 -688.0 -200.0' spd 0 yaw 101 mode 2 st 3 gl 6 hp 100 frg 7
ARGLOG Joe Rogan t 136.4 pos '609.8  -0.8 -296.0' spd 333.2 yaw 263 mode 2 st 1 gl 2 hp 64 frg 8
ARGLOG Romero t 136.5 pos '432.0 -146.9 -265.3' spd 133.4 yaw 262 mode 2 st 4 gl 1 hp 100 frg 2
ARGLOG Carmack t 136.8 pos '752.0 -688.0 -200.0' spd 0 yaw 101 mode 2 st 3 gl 6 hp 100 frg 7
ARGLOG Joe Rogan t 136.9 pos '652.5 -22.0 -296.0' spd 323.1 yaw 260 mode 2 st 1 gl 2 hp 64 frg 8
ARGEVT Romero hazard
ARGLOG Romero t 137.0 pos '445.9 -262.1 -296.0' spd 352.4 yaw 241 mode 2 st 4 gl 1 hp 100 frg 2
ARGLOG Carmack t 137.4 pos '752.0 -688.0 -200.0' spd 0 yaw 101 mode 2 st 3 gl 6 hp 100 frg 7
ARGLOG Joe Rogan t 137.4 pos '425.4 -864.0  36.8' spd 300 yaw 106.7 mode 0 st 1 gl 2 hp 64 frg 8
ARGLOG Romero t 137.6 pos '356.7 -274.2 -296.0' spd 386.0 yaw 303 mode 2 st 4 gl 1 hp 100 frg 2
ARGEVT Joe Rogan route 12 start '401.0 -887.0  24.0' goal '817.0 -855.0 -232.0'
ARGLOG Carmack t 137.9 pos '752.0 -688.0 -200.0' spd 0 yaw 101 mode 2 st 3 gl 6 hp 100 frg 7
ARGLOG Joe Rogan t 137.9 pos '393.9 -864.0  24.0' spd 300 yaw 102 mode 2 st 1 gl 2 hp 64 frg 8
ARGEVT Romero hazard
ARGLOG Romero t 138.1 pos '260.5 -279.6 -296.0' spd 161.6 yaw 336 mode 2 st 4 gl 1 hp 100 frg 2
ARGEVT Carmack hazard
ARGLOG Carmack t 138.4 pos '753.4 -655.3 -168.0' spd 259.3 yaw 116 mode 2 st 3 gl 6 hp 100 frg 7
ARGLOG Joe Rogan t 138.4 pos '316.7 -750.0  24.0' spd 328.5 yaw 92 mode 2 st 1 gl 2 hp 64 frg 8
ARGLOG Romero t 138.6 pos '207.0 -273.9 -296.0' spd 237.2 yaw 341 mode 2 st 4 gl 1 hp 100 frg 2
ARGLOG Carmack t 138.9 pos '752.0 -725.8 -189.2' spd 321.4 yaw 114 mode 2 st 3 gl 6 hp 100 frg 7
ARGLOG Joe Rogan t 139.0 pos '305.8 -585.9  24.0' spd 320.0 yaw 30 mode 2 st 1 gl 2 hp 64 frg 8
ARGEVT Romero hazard
ARGLOG Romero t 139.1 pos '300.6 -260.1 -296.0' spd 324.1 yaw 321 mode 2 st 4 gl 1 hp 100 frg 2
ARGEVT Romero engage Joe Rogan
ARGEVT Joe Rogan engage Romero
ARGEVT Joe Rogan grab item_health
ARGLOG Carmack t 139.4 pos '725.3 -890.6 -232.0' spd 363.2 yaw 192.4 mode 0 st 3 gl 6 hp 100 frg 7
ARGEVT Carmack hazard
ARGLOG Joe Rogan t 139.5 pos '408.7 -455.8  24.0' spd 346.5 yaw 101.6 mode 2 st 1 gl 2 hp 64 frg 8
ARGEVT Carmack engage Romero
ARGEVT Carmack route 11 start '721.0 -887.0 -232.0' goal '529.0 -375.0  24.0'
ARGLOG Romero t 139.6 pos '364.1 -169.5 -296.0' spd 350.5 yaw 286.4 mode 2 st 4 gl 1 hp 100 frg 2
ARGEVT Carmack weapon sg
ARGEVT Carmack route 10 start '337.0   9.0 -296.0' goal '529.0 -375.0  24.0'
ARGEVT Joe Rogan grab weapon_lightning
ARGLOG Carmack t 139.9 pos '368.0 -37.0 -296.0' spd 300 yaw 226.2 mode 2 st 3 gl 6 hp 100 frg 7
ARGLOG Joe Rogan t 140.0 pos '560.0 -390.4  24.0' spd 361.0 yaw 115.7 mode 2 st 1 gl 2 hp 89 frg 8
ARGLOG Romero t 140.1 pos '336.0 -48.0 -296.0' spd 0 yaw 318.6 mode 2 st 4 gl 1 hp 76 frg 2
ARGEVT Romero retreat
ARGEVT Romero hazard
ARGEVT Carmack abandon
ARGEVT Carmack goal 
ARGLOG Carmack t 140.4 pos '398.9 -111.0 -296.0' spd 389.3 yaw  92.4 mode 0 st 3 gl 6 hp 90 frg 7
ARGEVT Carmack route 2 start '401.0 -183.0 -296.0' goal '401.0 -279.0 -296.0'
ARGLOG Joe Rogan t 140.5 pos '496.3 -278.6  -4.2' spd  79.4 yaw  96.2 mode 2 st 1 gl 2 hp 85 frg 8
ARGEVT Romero death Carmack pos '395.6  25.5 -288.0'
ARGUS Carmack watch spawn
ARGEVT Joe Rogan engage Carmack
ARGEVT Carmack engage Joe Rogan
ARGEVT Carmack weapon rl
ARGEVT Carmack grab 
ARGEVT Carmack goal weapon_lightning
ARGEVT Carmack route 3 start '401.0 -183.0 -296.0' goal '529.0 -311.0 -104.0'
ARGEVT Carmack hazard
ARGEVT Joe Rogan grab item_armor1
ARGEVT Carmack goal 
ARGEVT Carmack route 2 start '305.0 -87.0 -296.0' goal '401.0 -279.0 -296.0'
ARGLOG Carmack t 141.0 pos '334.9 -56.3 -296.0' spd 387.0 yaw 337.9 mode 2 st 3 gl 6 hp 90 frg 8
ARGLOG Joe Rogan t 141.0 pos '525.0 -246.7 -104.0' spd 333.4 yaw 126.0 mode 2 st 1 gl 2 hp 85 frg 8
ARGEVT Joe Rogan pursue
ARGEVT Carmack pursue
ARGUS Joe Rogan hunch item_artifact_super_damage
ARGEVT Joe Rogan goal weapon_supernailgun
ARGEVT Joe Rogan route 3 start '433.0 -119.0 -104.0' goal '177.0 -55.0 -104.0'
ARGEVT Joe Rogan pursue
ARGLOG Carmack t 141.5 pos '391.4 -101.3 -296.0' spd 334.1 yaw 298 mode 2 st 3 gl 6 hp 85 frg 8
ARGLOG Joe Rogan t 141.5 pos '509.0 -96.4 -104.0' spd 320.3 yaw  69.6 mode 2 st 1 gl 2 hp 85 frg 8
ARGUS Carmack hunch item_artifact_super_damage
ARGEVT Carmack pursue
ARGEVT Carmack goal 
ARGEVT Carmack route 2 start '401.0 -183.0 -296.0' goal '401.0 -279.0 -296.0'
ARGEVT Joe Rogan hazard
ARGEVT Carmack pursue
ARGUS Carmack prefire
ARGLOG Carmack t 142.0 pos '316.1 -210.7 -296.0' spd 311.7 yaw 335 mode 2 st 3 gl 6 hp 85 frg 8
ARGLOG Joe Rogan t 142.0 pos '516.8 -23.1 -104.0' spd 321.8 yaw 218 mode 2 st 1 gl 2 hp 85 frg 8
ARGEVT Romero respawn
ARGEVT Romero goal item_armorInv
ARGLOG Romero t 142.1 pos '272.0 -952.0  24.0' spd 0 yaw 10 mode 0 st 4 gl 1 hp 100 frg 2
ARGEVT Carmack hazard
ARGEVT Romero route 13 start '305.0 -983.0  24.0' goal '817.0 -855.0 -232.0'
ARGLOG Carmack t 142.5 pos '392.1 -267.6 -296.0' spd 120.6 yaw  20.6 mode 1 st 3 gl 6 hp 85 frg 8
ARGLOG Joe Rogan t 142.6 pos '503.1 -138.8 -104.0' spd 321.1 yaw 229.3 mode 2 st 1 gl 2 hp 85 frg 8
ARGLOG Romero t 142.7 pos '394.6 -856.2  24.0' spd 400.9 yaw 109 mode 2 st 4 gl 1 hp 100 frg 2
ARGEVT Carmack pursue
ARGEVT Joe Rogan pursue
ARGEVT Romero hazard
ARGLOG Carmack t 143.0 pos '361.9 -222.3 -296.0' spd 320.3 yaw  16.6 mode 1 st 3 gl 6 hp 85 frg 8
ARGLOG Joe Rogan t 143.1 pos '472.9 -265.2 -104.0' spd 369.3 yaw 149.9 mode 2 st 1 gl 2 hp 85 frg 8
ARGEVT Joe Rogan hazard
ARGLOG Romero t 143.2 pos '353.9 -711.7  24.0' spd 327.5 yaw 88 mode 2 st 4 gl 1 hp 100 frg 2
ARGEVT Carmack hazard
ARGEVT Carmack pursue
ARGEVT Joe Rogan pursue
ARGEVT Romero engage Joe Rogan
ARGLOG Carmack t 143.5 pos '359.5 -106.3 -296.0' spd 345.8 yaw 334.3 mode 1 st 3 gl 6 hp 80 frg 8
ARGLOG Joe Rogan t 143.6 pos '488.3 -122.9 -104.0' spd 289.6 yaw 214 mode 2 st 1 gl 2 hp 85 frg 8
ARGLOG Romero t 143.7 pos '338.4 -561.4  24.0' spd 220.6 yaw  75.1 mode 2 st 4 gl 1 hp 100 frg 2
ARGEVT Romero grab weapon_grenadelauncher
ARGLOG Carmack t 144.0 pos '339.1 -110.4 -296.0' spd 176.8 yaw  37.5 mode 1 st 3 gl 6 hp 80 frg 8
ARGLOG Joe Rogan t 144.1 pos '477.1 -81.6 -104.0' spd 324.0 yaw 201.5 mode 2 st 1 gl 2 hp 74 frg 8
ARGLOG Romero t 144.2 pos '225.1 -456.2  24.0' spd 327.8 yaw  53.9 mode 2 st 4 gl 1 hp 100 frg 2
ARGEVT Joe Rogan pursue
ARGEVT Carmack pursue
ARGEVT Romero hazard
ARGLOG Carmack t 144.6 pos '382.3 -126.1 -296.0' spd 321.8 yaw   7.7 mode 1 st 3 gl 6 hp 80 frg 8
ARGEVT Carmack hazard
ARGLOG Joe Rogan t 144.6 pos '504.7 -123.2 -104.0' spd 302.6 yaw 175 mode 2 st 1 gl 2 hp 63 frg 8
ARGEVT Joe Rogan hazard
ARGLOG Romero t 144.7 pos '115.3 -394.2  -8.0' spd  65.1 yaw  32.8 mode 0 st 4 gl 1 hp 100 frg 2
ARGEVT Romero route 10 start '113.0 -375.0  -8.0' goal '817.0 -855.0 -232.0'
ARGLOG Carmack t 145.1 pos '403.1 -129.1 -296.0' spd 320.3 yaw 277 mode 1 st 3 gl 6 hp 80 frg 8
ARGLOG Joe Rogan t 145.1 pos '462.0 -160.7 -104.0' spd 333.1 yaw 154 mode 2 st 1 gl 2 hp 47 frg 8
ARGLOG Romero t 145.2 pos '118.8 -437.4  24.0' spd 166.4 yaw  41.5 mode 2 st 4 gl 1 hp 100 frg 2
ARGEVT Carmack weapon sg
ARGEVT Romero hazard
ARGEVT Carmack pursue
ARGLOG Carmack t 145.6 pos '418.7 -265.5 -296.0' spd  41.2 yaw  37.3 mode 1 st 3 gl 6 hp 73 frg 8
ARGEVT Carmack hazard
ARGEVT Joe Rogan pursue
ARGLOG Joe Rogan t 145.6 pos '546.7 -217.2 -104.0' spd 354.5 yaw 182.0 mode 2 st 1 gl 2 hp 31 frg 8
ARGLOG Romero t 145.7 pos '112.0 -390.9   8.0' spd 320.9 yaw  19.9 mode 2 st 4 gl 1 hp 100 frg 2
ARGEVT Joe Rogan hazard
ARGLOG Carmack t 146.1 pos '472.1 -213.4 -296.0' spd 304.7 yaw 201.2 mode 1 st 3 gl 6 hp 73 frg 8
ARGLOG Joe Rogan t 146.2 pos '464.0 -149.2 -104.0' spd 389.6 yaw 157 mode 2 st 1 gl 2 hp 15 frg 8
ARGLOG Romero t 146.3 pos '111.7 -224.7 -72.0' spd 321.5 yaw  21.0 mode 2 st 4 gl 1 hp 100 frg 2
ARGEVT Joe Rogan retreat
ARGLOG Carmack t 146.6 pos '365.4 -244.7 -296.0' spd 324.0 yaw  49.1 mode 1 st 3 gl 6 hp 73 frg 8
ARGLOG Joe Rogan t 146.7 pos '542.7 -28.3 -104.0' spd 322.2 yaw 221.5 mode 2 st 1 gl 2 hp 1 frg 8
ARGLOG Romero t 146.8 pos '181.3 -231.8 -72.0' spd 183.6 yaw  31.2 mode 2 st 4 gl 1 hp 100 frg 2
ARGEVT Carmack pursue
ARGEVT Joe Rogan pursue
ARGEVT Romero hazard
ARGEVT Carmack hazard
ARGEVT Joe Rogan death Romero pos '547.6 -42.0 -104.0'
ARGUS Romero watch spawn
ARGEVT Carmack engage Romero
ARGEVT Romero engage Carmack
ARGEVT Romero goal weapon_supernailgun
ARGLOG Carmack t 147.1 pos '360.9 -108.9 -296.0' spd 343.2 yaw 194.9 mode 1 st 3 gl 6 hp 73 frg 8
ARGEVT Romero route 6 start '337.0 -375.0 -104.0' goal '177.0 -55.0 -104.0'
ARGLOG Romero t 147.3 pos '378.1 -271.3 -148.7' spd 369.0 yaw  90.7 mode 2 st 4 gl 1 hp 100 frg 3
ARGEVT Romero grab 
ARGLOG Carmack t 147.7 pos '344.2 -22.2 -296.0' spd 210.7 yaw 278.2 mode 1 st 3 gl 6 hp 70 frg 8
ARGLOG Romero t 147.8 pos '404.4 -328.1 -400.3' spd 141.7 yaw  88.0 mode 2 st 4 gl 1 hp 66 frg 3
ARGEVT Romero swim
ARGEVT Carmack goal item_health
ARGEVT Carmack hazard
ARGEVT Carmack route 8 start '337.0   9.0 -296.0' goal '-15.0 553.0 -296.0'
ARGEVT Romero death Romero pos '379.4 -341.5 -397.9'
ARGLOG Carmack t 148.2 pos '389.1  14.4 -296.0' spd 336.7 yaw 304.4 mode 2 st 3 gl 6 hp 70 frg 8
ARGEVT Joe Rogan respawn
ARGEVT Joe Rogan goal weapon_rocketlauncher
ARGLOG Joe Rogan t 148.6 pos '112.0 -1136.0 -104.0' spd 0 yaw  28.4 mode 0 st 1 gl 2 hp 100 frg 8
ARGLOG Carmack t 148.7 pos '360.6 -97.5 -296.0' spd 328.2 yaw 277 mode 2 st 3 gl 6 hp 70 frg 8
ARGEVT Joe Rogan route 18 start '145.0 -1143.0 -88.0' goal '721.0 -887.0 -232.0'
ARGEVT Joe Rogan hazard
ARGLOG Joe Rogan t 149.1 pos '253.6 -1136.0 -104.0' spd 0 yaw 286 mode 2 st 1 gl 2 hp 100 frg 8
ARGLOG Carmack t 149.2 pos '399.8 -260.4 -296.0' spd 338.8 yaw 177 mode 2 st 3 gl 6 hp 70 frg 8
ARGEVT Carmack hazard
ARGEVT Joe Rogan jump
ARGEVT Romero respawn
ARGLOG Joe Rogan t 149.6 pos '142.9 -1144.7 -69.6' spd 297.0 yaw 0 mode 2 st 1 gl 2 hp 100 frg 8
ARGEVT Romero goal weapon_rocketlauncher
ARGLOG Romero t 149.6 pos '776.0 -808.0 -232.0' spd 0 yaw  73.4 mode 1 st 4 gl 1 hp 100 frg 2
ARGLOG Carmack t 149.7 pos '232.1 -264.2 -296.0' spd 363.2 yaw 243.2 mode 2 st 3 gl 6 hp 70 frg 8
ARGEVT Romero hazard
ARGLOG Joe Rogan t 150.1 pos '139.8 -1230.7 -104.0' spd 205.1 yaw 23 mode 2 st 1 gl 2 hp 100 frg 8
ARGLOG Romero t 150.1 pos '848.0 -822.2 -232.0' spd 327.4 yaw 268.6 mode 1 st 4 gl 1 hp 100 frg 2
ARGLOG Carmack t 150.2 pos '141.8 -274.5 -296.0' spd 232.8 yaw 346 mode 2 st 3 gl 6 hp 70 frg 8
ARGEVT Joe Rogan jump
ARGEVT Carmack hazard
ARGEVT Joe Rogan goal weapon_supernailgun
ARGEVT Romero goal 
ARGEVT Romero engage Carmack
ARGEVT Carmack engage Romero
ARGEVT Joe Rogan route 10 start '177.0 -1207.0 -72.0' goal '177.0 -55.0 -104.0'
ARGLOG Joe Rogan t 150.6 pos '209.0 -1203.2 -33.1' spd  59.0 yaw 30 mode 2 st 1 gl 2 hp 100 frg 8
ARGLOG Romero t 150.6 pos '368.0  -5.8 -282.2' spd 300 yaw 267.3 mode 0 st 4 gl 1 hp 100 frg 2
ARGEVT Romero route 2 start '337.0   9.0 -296.0' goal '273.0 -375.0 -296.0'
ARGLOG Carmack t 150.7 pos '303.1 -283.1 -296.0' spd 320.0 yaw  72.5 mode 2 st 3 gl 6 hp 70 frg 8
ARGEVT Romero hazard
ARGLOG Joe Rogan t 151.1 pos '272.0 -1148.8 -40.0' spd 161.5 yaw 28 mode 2 st 1 gl 2 hp 100 frg 8
ARGLOG Romero t 151.1 pos '370.8 -47.0 -296.0' spd 210.3 yaw 220.6 mode 2 st 4 gl 1 hp 96 frg 2
ARGEVT Carmack route 7 start '369.0 -279.0 -296.0' goal '-15.0 553.0 -296.0'
ARGEVT Romero weapon sg
ARGLOG Carmack t 151.3 pos '330.3 -230.5 -296.0' spd 274.6 yaw  69.1 mode 2 st 3 gl 6 hp 60 frg 8
ARGLOG Joe Rogan t 151.7 pos '271.6 -1095.7 -104.0' spd  35.9 yaw 49 mode 2 st 1 gl 2 hp 100 frg 8
ARGEVT Romero weapon rl
ARGLOG Romero t 151.7 pos '372.1 -70.7 -296.0' spd 125.5 yaw 309.9 mode 2 st 4 gl 1 hp 92 frg 2
ARGLOG Carmack t 151.8 pos '489.5 -242.6 -296.0' spd 413.2 yaw 131.7 mode 2 st 3 gl 6 hp 56 frg 8
ARGLOG Joe Rogan t 152.2 pos '244.3 -940.6 -104.0' spd 410.2 yaw 6 mode 2 st 1 gl 2 hp 100 frg 8
ARGEVT Romero pursue
ARGLOG Romero t 152.2 pos '380.9  12.0 -296.0' spd 359.6 yaw 294 mode 2 st 4 gl 1 hp 92 frg 2
ARGEVT Carmack pursue
ARGEVT Carmack hazard
ARGEVT Romero hazard
ARGUS Romero hunch 
ARGLOG Carmack t 152.3 pos '463.5 -241.8 -296.0' spd 320 yaw 128 mode 2 st 3 gl 6 hp 56 frg 8
ARGEVT Romero goal 
ARGEVT Romero route 2 start '337.0   9.0 -296.0' goal '273.0 -375.0 -296.0'
ARGLOG Joe Rogan t 152.7 pos '401.6 -858.3 -104.0' spd 362.2 yaw  83.2 mode 2 st 1 gl 2 hp 100 frg 8
ARGLOG Romero t 152.7 pos '350.7 -28.8 -296.0' spd 131.3 yaw 252.5 mode 2 st 4 gl 1 hp 88 frg 2
ARGLOG Carmack t 152.8 pos '329.2 -227.8 -296.0' spd 330.0 yaw  74.9 mode 2 st 3 gl 6 hp 56 frg 8
ARGEVT Joe Rogan hazard
ARGLOG Joe Rogan t 153.2 pos '370.0 -752.0 -104.0' spd 259.3 yaw 99 mode 2 st 1 gl 2 hp 100 frg 8
ARGLOG Romero t 153.2 pos '361.7  27.2 -288.0' spd 195.3 yaw 279.8 mode 2 st 4 gl 1 hp 84 frg 2
ARGEVT Carmack hazard
ARGEVT Carmack retreat
ARGLOG Carmack t 153.3 pos '367.4 -259.4 -296.0' spd 670.5 yaw  93.7 mode 0 st 3 gl 6 hp 30 frg 8
ARGEVT Carmack route 9 start '401.0 -247.0 -296.0' goal '-15.0 553.0 -296.0'
ARGLOG Joe Rogan t 153.7 pos '317.1 -596.4 -104.0' spd 331.2 yaw 72 mode 2 st 1 gl 2 hp 100 frg 8
ARGLOG Romero t 153.7 pos '343.3   4.2 -296.0' spd  74.1 yaw 319.5 mode 2 st 4 gl 1 hp 80 frg 2
ARGLOG Carmack t 153.8 pos '539.7 -208.0 -295.4' spd 301.7 yaw 125.2 mode 2 st 3 gl 6 hp 30 frg 8
ARGEVT Joe Rogan engage Romero
ARGEVT Romero pursue
ARGUS Carmack hunch item_artifact_super_damage
ARGEVT Joe Rogan grab weapon_grenadelauncher
ARGEVT Carmack goal item_health
ARGEVT Carmack route 2 start '593.0 -215.0 -296.0' goal '529.0  73.0 -296.0'
ARGEVT Carmack pursue
ARGEVT Romero pursue
ARGLOG Joe Rogan t 154.2 pos '280.0 -444.9 -104.0' spd 355.0 yaw  72.5 mode 2 st 1 gl 2 hp 100 frg 8
ARGLOG Romero t 154.2 pos '387.8 -44.7 -296.0' spd 322.3 yaw 292 mode 2 st 4 gl 1 hp 74 frg 2
ARGLOG Carmack t 154.3 pos '538.0 -253.6 -296.0' spd 330.6 yaw 137.2 mode 2 st 3 gl 6 hp 30 frg 8
ARGEVT Romero hazard
ARGEVT Carmack hazard
ARGEVT Romero weapon sg
ARGEVT Joe Rogan hazard
ARGLOG Joe Rogan t 154.8 pos '121.6 -392.2 -104.0' spd 367.7 yaw  49.4 mode 2 st 1 gl 2 hp 100 frg 8
ARGLOG Romero t 154.8 pos '336.0 -188.9 -296.0' spd 392.3 yaw 349.9 mode 2 st 4 gl 1 hp 73 frg 2
ARGEVT Romero weapon rl
ARGLOG Carmack t 154.9 pos '526.6 -247.5 -296.0' spd 320.5 yaw 170.9 mode 2 st 3 gl 6 hp 6 frg 8
ARGLOG Joe Rogan t 155.3 pos '218.5 -432.0 -104.0' spd 298.3 yaw 102.7 mode 2 st 1 gl 2 hp 100 frg 8
ARGLOG Romero t 155.3 pos '256.1 -240.3 -296.0' spd 307.1 yaw  11.7 mode 2 st 4 gl 1 hp 72 frg 2
ARGEVT Romero weapon sg
ARGLOG Carmack t 155.4 pos '651.7 -226.3 -296.0' spd 137.0 yaw 181.7 mode 2 st 3 gl 6 hp 6 frg 8
ARGEVT Carmack death Romero pos '642.9 -199.4 -296.0'
ARGUS Romero watch spawn
ARGEVT Romero engage Joe Rogan
ARGEVT Romero goal 
ARGEVT Romero route 3 start '209.0 -183.0 -296.0' goal '273.0 -375.0 -296.0'
ARGLOG Joe Rogan t 155.8 pos '189.9 -430.9 -104.0' spd 320.4 yaw 118.3 mode 2 st 1 gl 2 hp 100 frg 8
ARGLOG Romero t 155.8 pos '167.7 -224.2 -296.0' spd 185.2 yaw 275.9 mode 2 st 4 gl 1 hp 72 frg 3
ARGEVT Romero hazard
ARGLOG Joe Rogan t 156.3 pos '218.8 -425.9 -104.0' spd 323.9 yaw  70.9 mode 2 st 1 gl 2 hp 92 frg 8
ARGLOG Romero t 156.3 pos '214.5 -218.1 -296.0' spd 179.7 yaw 275.4 mode 2 st 4 gl 1 hp 72 frg 3
ARGLOG Joe Rogan t 156.8 pos '296.7 -432.6 -104.0' spd 328.7 yaw 112.9 mode 2 st 1 gl 2 hp 68 frg 8
ARGLOG Romero t 156.8 pos '193.8 -219.7 -296.0' spd  31.5 yaw 292.2 mode 2 st 4 gl 1 hp 72 frg 3
ARGEVT Carmack respawn
ARGEVT Carmack goal weapon_rocketlauncher
ARGLOG Carmack t 157.1 pos '784.0 -176.0  24.0' spd 0 yaw 187 mode 0 st 3 gl 6 hp 100 frg 8
ARGEVT Romero hazard
ARGEVT Carmack route 6 start '753.0 -151.0  24.0' goal ' 49.0 105.0 -296.0'
ARGLOG Joe Rogan t 157.3 pos '330.1 -419.1 -74.8' spd  78.5 yaw 138.2 mode 2 st 1 gl 2 hp 52 frg 8
ARGLOG Romero t 157.3 pos '112.0 -206.2 -296.0' spd  45.3 yaw 316.0 mode 2 st 4 gl 1 hp 72 frg 3
ARGEVT Carmack engage Joe Rogan
ARGEVT Carmack grab 
ARGLOG Carmack t 157.6 pos '629.2 -154.7  24.0' spd 345.9 yaw 229.6 mode 2 st 3 gl 6 hp 100 frg 8
ARGLOG Joe Rogan t 157.8 pos '326.1 -476.0 -104.0' spd 315.9 yaw 125.0 mode 2 st 1 gl 2 hp 44 frg 8
ARGLOG Romero t 157.8 pos '112.2 -210.4 -296.0' spd  92.5 yaw 305.6 mode 2 st 4 gl 1 hp 72 frg 3
ARGEVT Joe Rogan pursue
ARGEVT Romero pursue
ARGEVT Joe Rogan hazard
ARGLOG Carmack t 158.1 pos '584.8 -75.4  24.0' spd 256.7 yaw 232.4 mode 2 st 3 gl 6 hp 100 frg 8
ARGUS Joe Rogan hunch item_artifact_super_damage
ARGEVT Joe Rogan pursue
ARGEVT Joe Rogan goal 
ARGEVT Joe Rogan route 4 start '241.0 -503.0 -104.0' goal '529.0 -55.0 -104.0'
ARGUS Romero hunch item_artifact_super_damage
ARGLOG Joe Rogan t 158.4 pos '291.0 -453.3 -104.0' spd 320 yaw  43.8 mode 2 st 1 gl 2 hp 44 frg 8
ARGLOG Romero t 158.4 pos ' 63.7 -270.4 -250.9' spd  33.4 yaw 134.7 mode 2 st 4 gl 1 hp 41 frg 3
ARGEVT Romero goal item_health
ARGEVT Joe Rogan retreat
ARGEVT Romero route 9 start ' 17.0 -247.0 -296.0' goal '401.0 -887.0 -104.0'
ARGLOG Carmack t 158.6 pos '579.6 -74.2  24.0' spd 160.6 yaw 242.3 mode 2 st 3 gl 6 hp 100 frg 8
ARGLOG Joe Rogan t 158.9 pos '453.5 -426.4 -104.0' spd 327.4 yaw 136.7 mode 2 st 1 gl 2 hp 28 frg 8
ARGLOG Romero t 158.9 pos ' 66.3 -244.0 -296.0' spd 183.0 yaw 336.1 mode 2 st 4 gl 1 hp 41 frg 3
ARGLOG Carmack t 159.1 pos '541.6 -87.1  21.9' spd 320.8 yaw 273.1 mode 2 st 3 gl 6 hp 100 frg 8
ARGEVT Romero hazard
ARGEVT Romero pursue
ARGEVT Joe Rogan pursue
ARGLOG Joe Rogan t 159.4 pos '622.7 -439.8 -120.0' spd 325.4 yaw 139.5 mode 2 st 1 gl 2 hp 4 frg 8
ARGLOG Romero t 159.4 pos '154.7 -254.5 -296.0' spd 400.5 yaw 331 mode 2 st 4 gl 1 hp 41 frg 3
ARGEVT Joe Rogan death Carmack pos '628.8 -438.7 -120.0'
ARGUS Carmack watch spawn
ARGEVT Romero engage Carmack
ARGEVT Carmack engage Romero
ARGEVT Carmack goal weapon_supernailgun
ARGEVT Carmack route 3 start '433.0 -119.0 -104.0' goal '177.0 -55.0 -104.0'
ARGLOG Carmack t 159.6 pos '468.9 -85.7 -104.0' spd  42.0 yaw 203.2 mode 2 st 3 gl 6 hp 100 frg 9
ARGLOG Romero t 159.9 pos '194.4 -248.3 -296.0' spd 269.3 yaw  30.0 mode 2 st 4 gl 1 hp 41 frg 3
ARGEVT Romero retreat
ARGLOG Carmack t 160.2 pos '494.1 -156.2 -104.0' spd 350.3 yaw 193.6 mode 2 st 3 gl 6 hp 76 frg 9
ARGLOG Romero t 160.4 pos '162.3 -254.7 -296.0' spd 294.3 yaw   4.7 mode 2 st 4 gl 1 hp 17 frg 3
ARGEVT Carmack grab 
ARGLOG Carmack t 160.7 pos '545.4 -321.5 -104.0' spd 348.2 yaw 163.8 mode 2 st 3 gl 6 hp 76 frg 9
ARGEVT Joe Rogan respawn
ARGLOG Romero t 160.9 pos '185.6 -254.9 -296.0' spd 134.7 yaw 345.0 mode 2 st 4 gl 1 hp 1 frg 3
ARGEVT Joe Rogan goal weapon_rocketlauncher
ARGLOG Joe Rogan t 161.0 pos '-64.0 512.0 -296.0' spd 0 yaw 286.3 mode 0 st 1 gl 2 hp 100 frg 8
ARGEVT Carmack pursue
ARGEVT Joe Rogan route 4 start '-15.0 553.0 -296.0' goal ' 49.0 105.0 -296.0'
ARGEVT Romero pursue
ARGEVT Romero hazard
ARGEVT Joe Rogan hazard
ARGLOG Carmack t 161.2 pos '587.8 -391.5 -104.0' spd 321.8 yaw 157 mode 2 st 3 gl 6 hp 76 frg 9
ARGLOG Romero t 161.4 pos '316.9 -259.8 -296.0' spd 361.4 yaw 353 mode 2 st 4 gl 1 hp 1 frg 3
ARGLOG Joe Rogan t 161.5 pos '-47.6 352.6 -296.0' spd 346.7 yaw 249 mode 2 st 1 gl 2 hp 100 frg 8
ARGEVT Romero death Carmack pos '373.1 -249.9 -296.0'
ARGEVT Carmack hazard
ARGLOG Carmack t 161.7 pos '460.5 -355.5 -104.0' spd 171.4 yaw 340.9 mode 2 st 3 gl 6 hp 76 frg 10
ARGEVT Carmack goal weapon_rocketlauncher
ARGEVT Carmack route 6 start '497.0 -407.0 -104.0' goal ' 49.0 105.0 -296.0'
ARGLOG Joe Rogan t 162.0 pos '-73.9 184.6 -296.0' spd 353.1 yaw 316 mode 1 st 1 gl 2 hp 100 frg 8
ARGLOG Carmack t 162.2 pos '609.5 -318.6 -104.0' spd 425.8 yaw 132.1 mode 2 st 3 gl 6 hp 76 frg 10
ARGLOG Joe Rogan t 162.5 pos ' 27.4  52.5 -296.0' spd 320.8 yaw 335.3 mode 1 st 1 gl 2 hp 100 frg 8
ARGEVT Joe Rogan hazard
ARGEVT Joe Rogan goal 
ARGEVT Carmack goal weapon_supernailgun
ARGLOG Carmack t 162.7 pos '481.5 -190.0 -104.0' spd 321.1 yaw 163.6 mode 0 st 3 gl 6 hp 76 frg 10
ARGEVT Carmack hazard
ARGEVT Joe Rogan route 13 start ' 49.0 105.0 -296.0' goal '529.0 -375.0  24.0'
ARGEVT Carmack route 4 start '433.0 -247.0 -104.0' goal '177.0 -55.0 -104.0'
ARGLOG Joe Rogan t 163.0 pos ' 66.1 125.1 -296.0' spd 136.5 yaw  32.2 mode 2 st 1 gl 3 hp 100 frg 8
ARGEVT Romero respawn
ARGEVT Carmack engage Romero
ARGEVT Carmack grab 
ARGEVT Romero goal item_armorInv
ARGEVT Romero engage Carmack
ARGLOG Romero t 163.2 pos '-64.0 -232.0 -72.0' spd 0 yaw   9.2 mode 0 st 4 gl 1 hp 100 frg 3
ARGLOG Carmack t 163.2 pos '296.7 -191.4 -142.0' spd 194.4 yaw 187.2 mode 2 st 3 gl 6 hp 76 frg 10
ARGEVT Romero route 8 start '-47.0 -215.0 -72.0' goal '817.0 -855.0 -232.0'
ARGLOG Joe Rogan t 163.6 pos ' 81.8  58.8 -296.0' spd 338.9 yaw 233 mode 2 st 1 gl 3 hp 100 frg 8
ARGEVT Romero pursue
ARGEVT Carmack pursue
ARGLOG Romero t 163.7 pos ' -2.0 -231.1 -72.0' spd 321.4 yaw 9 mode 2 st 4 gl 1 hp 100 frg 3
ARGLOG Carmack t 163.8 pos '268.8 -252.6 -296.0' spd 309.3 yaw 177 mode 2 st 3 gl 6 hp 76 frg 10
ARGEVT Joe Rogan hazard
ARGLOG Joe Rogan t 164.1 pos '-80.0  44.3 -296.0' spd  33.1 yaw 260.0 mode 2 st 1 gl 3 hp 100 frg 8
ARGUS Carmack hunch item_artifact_super_damage
ARGEVT Carmack pursue
ARGLOG Romero t 164.2 pos '160.4 -202.8 -72.0' spd 320.0 yaw 8 mode 0 st 4 gl 1 hp 100 frg 3
ARGEVT Carmack goal weapon_supernailgun
ARGLOG Carmack t 164.3 pos '181.1 -260.8 -296.0' spd 321.1 yaw 276.4 mode 0 st 3 gl 6 hp 76 frg 10
ARGEVT Carmack hazard
ARGEVT Carmack route 14 start '241.0 -279.0 -296.0' goal '177.0 -55.0 -104.0'
ARGEVT Romero route 9 start '177.0 -215.0 -72.0' goal '817.0 -855.0 -232.0'
ARGLOG Joe Rogan t 164.6 pos '-55.3 -109.5 -296.0' spd 345.6 yaw 329.3 mode 2 st 1 gl 3 hp 100 frg 8
ARGLOG Romero t 164.7 pos '239.4 -186.4 -111.2' spd  83.4 yaw 328.1 mode 2 st 4 gl 1 hp 76 frg 3
ARGLOG Carmack t 164.8 pos '318.5 -203.5 -296.0' spd 299.5 yaw 161.4 mode 2 st 3 gl 6 hp 52 frg 10
ARGEVT Romero grab 
ARGEVT Carmack grab weapon_nailgun
ARGEVT Joe Rogan engage Carmack
ARGEVT Carmack retreat
ARGLOG Joe Rogan t 165.1 pos ' -8.5 -260.3 -296.0' spd 100.0 yaw  29.2 mode 2 st 1 gl 3 hp 100 frg 8
ARGLOG Romero t 165.3 pos '226.5 -237.1 -282.7' spd 180.9 yaw  52.2 mode 2 st 4 gl 1 hp 52 frg 3
ARGEVT Romero hazard
ARGLOG Carmack t 165.3 pos '347.3 -45.3 -296.0' spd 348.9 yaw 253.0 mode 2 st 3 gl 6 hp 28 frg 10
ARGEVT Joe Rogan hazard
ARGEVT Joe Rogan pursue
ARGLOG Joe Rogan t 165.6 pos '-64.0 -122.8 -296.0' spd 341.4 yaw  17.3 mode 2 st 1 gl 3 hp 48 frg 8
ARGUS Joe Rogan hunch item_artifact_super_damage
ARGLOG Romero t 165.8 pos '371.3 -241.6 -296.0' spd 324.1 yaw  90.2 mode 2 st 4 gl 1 hp 52 frg 3
ARGEVT Carmack hazard
ARGLOG Carmack t 165.8 pos '364.7 107.3 -288.0' spd 139.7 yaw 279.8 mode 0 st 3 gl 6 hp 8 frg 10
ARGEVT Carmack route 14 start '369.0 105.0 -288.0' goal '177.0 -55.0 -104.0'
ARGEVT Joe Rogan pursue
ARGEVT Joe Rogan goal 
ARGEVT Carmack death Romero pos '367.8 109.9 -288.0'
ARGUS Romero watch spawn
ARGEVT Joe Rogan route 12 start '-79.0 -23.0 -296.0' goal '529.0 -375.0  24.0'
ARGEVT Romero goal item_health
ARGLOG Joe Rogan t 166.1 pos '-72.3 -57.3 -296.0' spd 237.1 yaw 281.5 mode 2 st 1 gl 3 hp 48 frg 8
ARGEVT Romero route 7 start '369.0 -279.0 -296.0' goal '-15.0 553.0 -296.0'
ARGLOG Romero t 166.3 pos '277.2 -255.0 -296.0' spd 341.2 yaw 146 mode 2 st 4 gl 1 hp 52 frg 4
ARGEVT Joe Rogan engage Romero
ARGEVT Romero engage Joe Rogan
ARGEVT Joe Rogan weapon sg
ARGLOG Joe Rogan t 166.6 pos '-16.0 -208.9 -296.0' spd 320.2 yaw 356.1 mode 2 st 1 gl 3 hp 48 frg 8
ARGEVT Romero hazard
ARGLOG Romero t 166.8 pos '113.3 -251.6 -296.0' spd 282.8 yaw 177.1 mode 2 st 4 gl 1 hp 43 frg 4
ARGEVT Romero retreat
ARGEVT Joe Rogan weapon rl
ARGLOG Joe Rogan t 167.2 pos '-90.1 -208.0 -296.0' spd 223.6 yaw 353.6 mode 2 st 1 gl 3 hp 24 frg 8
ARGEVT Joe Rogan hazard
ARGLOG Romero t 167.3 pos '140.7 -251.5 -296.0' spd 325.5 yaw 172.1 mode 2 st 4 gl 1 hp 19 frg 4
ARGEVT Carmack respawn
ARGEVT Carmack goal weapon_lightning
ARGLOG Carmack t 167.6 pos '272.0 -952.0  24.0' spd 0 yaw  16.3 mode 0 st 3 gl 6 hp 100 frg 10
ARGEVT Joe Rogan death Joe Rogan pos '-49.8 -173.8 -296.0'
ARGEVT Carmack route 6 start '305.0 -983.0  24.0' goal '529.0 -311.0 -104.0'
ARGEVT Romero hazard
ARGLOG Romero t 167.8 pos '195.8 -210.4 -296.0' spd 230.3 yaw 162.2 mode 2 st 4 gl 1 hp 19 frg 4
ARGLOG Carmack t 168.1 pos '366.7 -827.0  24.0' spd 327.5 yaw 89 mode 2 st 3 gl 6 hp 100 frg 10
ARGLOG Romero t 168.3 pos ' 64.4 -219.3 -296.0' spd 343.9 yaw 156 mode 2 st 4 gl 1 hp 19 frg 4
ARGLOG Carmack t 168.6 pos '379.3 -752.0  24.0' spd 0 yaw 90 mode 2 st 3 gl 6 hp 100 frg 10
ARGLOG Romero t 168.9 pos '-77.8 -127.9 -296.0' spd 345.2 yaw 86 mode 2 st 4 gl 1 hp 19 frg 4
ARGEVT Joe Rogan respawn
ARGLOG Carmack t 169.1 pos '371.8 -752.0  24.0' spd  97.2 yaw 83 mode 2 st 3 gl 6 hp 100 frg 10
ARGEVT Joe Rogan goal item_armorInv
ARGLOG Joe Rogan t 169.2 pos '112.0 -1136.0 -104.0' spd 0 yaw  28.4 mode 0 st 1 gl 3 hp 100 frg 7
ARGEVT Romero hazard
ARGEVT Joe Rogan route 17 start '145.0 -1143.0 -88.0' goal '817.0 -855.0 -232.0'
ARGLOG Romero t 169.4 pos '-16.0  31.5 -296.0' spd 213.1 yaw 310.5 mode 2 st 4 gl 1 hp 19 frg 4
ARGEVT Joe Rogan hazard
ARGLOG Carmack t 169.6 pos '322.4 -597.7  24.0' spd 358.2 yaw 72 mode 2 st 3 gl 6 hp 100 frg 10
ARGLOG Joe Rogan t 169.7 pos '254.5 -1136.0 -104.0' spd   7.0 yaw 285 mode 2 st 1 gl 3 hp 100 frg 7
ARGLOG Romero t 169.9 pos '-31.1 -103.0 -296.0' spd 320.9 yaw 92 mode 2 st 4 gl 1 hp 19 frg 4
ARGEVT Joe Rogan jump
ARGLOG Carmack t 170.2 pos '406.1 -445.5  24.0' spd 336.8 yaw 47 mode 2 st 3 gl 6 hp 100 frg 10
ARGLOG Joe Rogan t 170.2 pos '140.3 -1145.6 -69.6' spd 301.3 yaw 0 mode 2 st 1 gl 3 hp 100 frg 7
ARGEVT Romero route 5 start '-79.0 -151.0 -296.0' goal '-15.0 553.0 -296.0'
ARGLOG Romero t 170.4 pos '-79.7 -177.5 -296.0' spd 291.0 yaw 85 mode 2 st 4 gl 1 hp 19 frg 4
ARGEVT Joe Rogan engage Carmack
ARGLOG Carmack t 170.7 pos '459.3 -263.5 -93.1' spd 335.0 yaw 341.7 mode 1 st 3 gl 6 hp 100 frg 10
ARGLOG Joe Rogan t 170.7 pos '134.7 -1222.7 -104.0' spd 192.3 yaw  65.2 mode 2 st 1 gl 3 hp 100 frg 7
ARGEVT Carmack engage Joe Rogan
ARGEVT Carmack grab weapon_lightning
ARGLOG Romero t 170.9 pos '-70.2 -12.7 -296.0' spd 320.1 yaw 86 mode 2 st 4 gl 1 hp 19 frg 4
ARGEVT Carmack weapon sg
ARGEVT Joe Rogan grab weapon_supershotgun
ARGEVT Carmack goal 
ARGLOG Carmack t 171.2 pos '517.5 -352.0 -104.0' spd 334.4 yaw 244.9 mode 1 st 3 gl 7 hp 100 frg 10
ARGEVT Joe Rogan pursue
ARGLOG Joe Rogan t 171.2 pos '216.4 -1076.3 -104.0' spd 341.9 yaw 72 mode 2 st 1 gl 3 hp 100 frg 7
ARGEVT Carmack pursue
ARGEVT Romero hazard
ARGUS Carmack hunch item_armorInv
ARGLOG Romero t 171.4 pos '-90.4 121.4 -296.0' spd 302.8 yaw 76 mode 2 st 4 gl 1 hp 19 frg 4
ARGEVT Carmack pursue
ARGEVT Carmack hazard
ARGEVT Carmack goal item_armorInv
ARGEVT Carmack route 18 start '497.0 -407.0 -104.0' goal '817.0 -855.0 -232.0'
ARGLOG Carmack t 171.7 pos '590.9 -418.1 -104.0' spd 343.9 yaw 354.7 mode 2 st 3 gl 7 hp 100 frg 10
ARGLOG Joe Rogan t 171.8 pos '293.8 -928.8 -104.0' spd 320.6 yaw 74 mode 2 st 1 gl 3 hp 100 frg 7
ARGEVT Carmack pursue
ARGLOG Romero t 172.0 pos '-74.5 289.4 -296.0' spd 321.8 yaw 77 mode 2 st 4 gl 1 hp 19 frg 4
ARGLOG Carmack t 172.2 pos '438.1 -240.0 -290.4' spd 300 yaw 277.1 mode 2 st 3 gl 7 hp 100 frg 10
ARGEVT Joe Rogan route 20 start '305.0 -791.0 -104.0' goal '817.0 -855.0 -232.0'
ARGLOG Joe Rogan t 172.3 pos '343.9 -771.8 -104.0' spd 320.0 yaw 74 mode 2 st 1 gl 3 hp 100 frg 7
ARGLOG Romero t 172.5 pos '-26.6 448.0 -296.0' spd 322.6 yaw 89 mode 1 st 4 gl 1 hp 19 frg 4
ARGLOG Carmack t 172.7 pos '463.5 -247.9 -296.0' spd 246.7 yaw 269.6 mode 2 st 3 gl 7 hp 100 frg 10
ARGLOG Joe Rogan t 172.8 pos '368.0 -609.6 -104.0' spd 329.2 yaw 72 mode 2 st 1 gl 3 hp 100 frg 7
ARGEVT Carmack jump
ARGEVT Romero goal item_rockets
ARGEVT Romero hazard
ARGLOG Romero t 173.0 pos ' -2.6 548.3 -296.0' spd 298.7 yaw 266.0 mode 1 st 4 gl 2 hp 119 frg 4
ARGLOG Carmack t 173.2 pos '541.1 -272.0 -266.4' spd 147.0 yaw 253 mode 2 st 3 gl 7 hp 100 frg 10
ARGLOG Joe Rogan t 173.3 pos '390.3 -443.2 -104.0' spd 322.3 yaw 64 mode 0 st 1 gl 3 hp 100 frg 7
ARGUS Joe Rogan hunch item_artifact_super_damage
ARGEVT Carmack hazard
ARGEVT Joe Rogan route 18 start '401.0 -471.0 -104.0' goal '817.0 -855.0 -232.0'
ARGEVT Joe Rogan goal 
ARGLOG Romero t 173.5 pos '-116.0 442.0 -296.0' spd 427.9 yaw 100.6 mode 1 st 4 gl 2 hp 119 frg 4
ARGEVT Joe Rogan route 4 start '401.0 -343.0 -104.0' goal '273.0 -375.0 -296.0'
ARGEVT Carmack jump
ARGLOG Carmack t 173.8 pos '489.8 -272.0 -266.9' spd 106.6 yaw 316 mode 2 st 3 gl 7 hp 100 frg 10
ARGLOG Joe Rogan t 173.8 pos '503.7 -311.2 -104.0' spd 369.9 yaw 110.9 mode 2 st 1 gl 3 hp 100 frg 7
ARGEVT Romero goal 
ARGEVT Carmack weapon lg
ARGEVT Romero route 10 start '-111.0 585.0 -296.0' goal '529.0 -55.0 -104.0'
ARGLOG Romero t 174.0 pos '-78.4 603.5 -296.0' spd 349.5 yaw 275 mode 2 st 4 gl 3 hp 119 frg 4
ARGEVT Romero hazard
ARGLOG Carmack t 174.3 pos '505.3 -272.0 -296.0' spd  48.9 yaw 75 mode 2 st 3 gl 7 hp 100 frg 10
ARGLOG Joe Rogan t 174.3 pos '610.6 -181.5 -104.0' spd 411.1 yaw 305.4 mode 2 st 1 gl 3 hp 100 frg 7
ARGEVT Carmack jump
ARGLOG Romero t 174.5 pos ' -6.8 496.0 -296.0' spd 366.5 yaw 263 mode 2 st 4 gl 3 hp 119 frg 4
ARGLOG Carmack t 174.8 pos '567.2 -272.0 -258.1' spd  34.9 yaw 113 mode 2 st 3 gl 7 hp 100 frg 10
ARGLOG Joe Rogan t 174.8 pos '637.3 -334.0 -104.0' spd 327.2 yaw 168 mode 2 st 1 gl 3 hp 100 frg 7
ARGLOG Romero t 175.1 pos '-69.6 334.4 -296.0' spd 343.9 yaw 275 mode 2 st 4 gl 3 hp 119 frg 4
ARGEVT Carmack hazard
ARGEVT Joe Rogan hazard
ARGEVT Carmack jump
ARGLOG Carmack t 175.3 pos '503.5 -272.0 -284.3' spd 270.3 yaw 73 mode 2 st 3 gl 7 hp 100 frg 10
ARGLOG Joe Rogan t 175.4 pos '592.0 -448.0 -136.0' spd 0 yaw 142 mode 2 st 1 gl 3 hp 100 frg 7
ARGEVT Romero hazard
ARGLOG Romero t 175.6 pos '-64.9 167.1 -296.0' spd 320.5 yaw 292 mode 2 st 4 gl 3 hp 119 frg 4
ARGLOG Carmack t 175.8 pos '500.7 -272.0 -283.8' spd  45.1 yaw 72 mode 2 st 3 gl 7 hp 100 frg 10
ARGLOG Joe Rogan t 175.9 pos '592.0 -448.0 -136.0' spd 0 yaw 142 mode 2 st 1 gl 3 hp 100 frg 7
ARGLOG Romero t 176.1 pos '-56.6   0.6 -296.0' spd 320.5 yaw 302 mode 2 st 4 gl 3 hp 119 frg 4
ARGEVT Carmack jump
ARGEVT Joe Rogan stall
ARGEVT Joe Rogan stallnode '433.0 -311.0 -104.0'
ARGEVT Joe Rogan jump
ARGLOG Carmack t 176.3 pos '569.8 -272.0 -258.2' spd  12.0 yaw 114 mode 2 st 3 gl 7 hp 100 frg 10
ARGLOG Joe Rogan t 176.4 pos '592.0 -446.7 -101.9' spd  16.8 yaw 163.0 mode 0 st 2 gl 3 hp 100 frg 7
ARGEVT Joe Rogan route 3 start '593.0 -439.0 -120.0' goal '273.0 -375.0 -296.0'
ARGLOG Romero t 176.6 pos '-66.7 -168.1 -296.0' spd 358.8 yaw 346 mode 2 st 4 gl 3 hp 119 frg 4
ARGEVT Carmack engage Romero
ARGEVT Carmack weapon gl
ARGEVT Carmack grab 
ARGEVT Romero engage Carmack
ARGLOG Carmack t 176.9 pos '604.2 -267.6 -296.0' spd 320.0 yaw 195.2 mode 2 st 3 gl 7 hp 100 frg 10
ARGLOG Joe Rogan t 176.9 pos '560.5 -404.5 -104.0' spd 324.7 yaw 112.0 mode 2 st 2 gl 3 hp 100 frg 7
ARGEVT Joe Rogan engage Romero
ARGEVT Carmack jump
ARGEVT Romero hazard
ARGLOG Romero t 177.1 pos ' 66.3 -225.9 -296.0' spd 346.6 yaw   2.2 mode 2 st 4 gl 3 hp 119 frg 4
ARGEVT Carmack weapon lg
ARGLOG Carmack t 177.4 pos '504.1 -249.7 -258.1' spd 244.1 yaw 181.4 mode 2 st 3 gl 7 hp 100 frg 10
ARGLOG Joe Rogan t 177.4 pos '462.7 -388.0 -104.0' spd 277.3 yaw 164.0 mode 2 st 2 gl 3 hp 100 frg 7
ARGLOG Romero t 177.6 pos ' 86.5 -215.1 -296.0' spd 140.5 yaw 352.8 mode 2 st 4 gl 3 hp 111 frg 4
ARGLOG Carmack t 177.9 pos '387.7 -218.3 -296.0' spd 339.9 yaw 184.0 mode 2 st 3 gl 7 hp 100 frg 10
ARGLOG Joe Rogan t 177.9 pos '464.9 -254.8 -104.0' spd  96.5 yaw 177.0 mode 2 st 2 gl 3 hp 100 frg 7
ARGEVT Romero retreat
ARGEVT Romero death Joe Rogan pos ' 25.4 -231.3 -296.0'
ARGUS Joe Rogan watch spawn
ARGEVT Carmack engage Joe Rogan
ARGEVT Joe Rogan goal weapon_supernailgun
ARGEVT Joe Rogan engage Carmack
ARGEVT Joe Rogan grab item_armor1
ARGEVT Joe Rogan hazard
ARGEVT Carmack hazard
ARGEVT Joe Rogan route 5 start '433.0 -311.0 -104.0' goal '177.0 -55.0 -104.0'
ARGLOG Carmack t 178.4 pos '247.6 -310.4 -296.0' spd 560.9 yaw  27.1 mode 2 st 3 gl 7 hp 49 frg 10
ARGLOG Joe Rogan t 178.5 pos '477.1 -174.7 -104.0' spd 321.6 yaw 215.4 mode 2 st 2 gl 3 hp 100 frg 8
ARGEVT Joe Rogan grab 
ARGEVT Carmack grab 
ARGEVT Carmack weapon gl
ARGEVT Joe Rogan weapon sg
ARGEVT Carmack swim
ARGEVT Carmack route 17 start '113.0 -279.0 -296.0' goal '817.0 -855.0 -232.0'
ARGEVT Carmack retreat
ARGLOG Carmack t 178.9 pos '112.0 -306.3 -397.2' spd  46.8 yaw 353.5 mode 2 st 3 gl 7 hp 15 frg 10
ARGLOG Joe Rogan t 179.0 pos '559.5 -112.3 -104.0' spd 237.0 yaw 204.6 mode 2 st 2 gl 3 hp 79 frg 8
ARGEVT Carmack pursue
ARGEVT Joe Rogan pursue
ARGEVT Carmack death world pos '115.1 -306.9 -395.9'
ARGEVT Joe Rogan weapon lg
ARGEVT Joe Rogan hazard
ARGLOG Joe Rogan t 179.5 pos '457.7 -243.2 -99.7' spd 368.4 yaw 191 mode 2 st 2 gl 3 hp 79 frg 8
ARGEVT Romero respawn
ARGEVT Romero goal weapon_rocketlauncher
ARGLOG Romero t 179.6 pos '776.0 -808.0 -232.0' spd 0 yaw 106.3 mode 1 st 4 gl 3 hp 100 frg 4
ARGEVT Romero hazard
ARGLOG Joe Rogan t 180.0 pos '466.5 -422.5 -104.0' spd 351.2 yaw 326.3 mode 0 st 2 gl 3 hp 79 frg 8
ARGLOG Romero t 180.1 pos '744.7 -720.0 -216.0' spd 118.3 yaw 186.2 mode 1 st 4 gl 3 hp 100 frg 4
ARGEVT Joe Rogan route 5 start '497.0 -407.0 -104.0' goal '177.0 -55.0 -104.0'
ARGLOG Joe Rogan t 180.5 pos '639.1 -430.0 -120.0' spd 373.7 yaw 294 mode 2 st 2 gl 3 hp 79 frg 8
ARGEVT Joe Rogan hazard
ARGEVT Romero goal 
ARGLOG Romero t 180.6 pos '742.3 -858.6 -232.0' spd 376.8 yaw 351.4 mode 0 st 4 gl 4 hp 100 frg 4
ARGEVT Carmack respawn
ARGEVT Carmack plan powerup via weapon
ARGEVT Carmack goal weapon_supernailgun
ARGLOG Carmack t 180.7 pos '784.0 -176.0  24.0' spd 0 yaw 167 mode 0 st 3 gl 7 hp 100 frg 9
ARGEVT Romero route 11 start '721.0 -887.0 -232.0' goal '529.0 -375.0  24.0'
ARGEVT Carmack route 4 start '753.0 -151.0  24.0' goal '177.0 -55.0 -104.0'
ARGLOG Joe Rogan t 181.0 pos '453.4 -240.0 -296.0' spd 300 yaw 37 mode 2 st 2 gl 3 hp 79 frg 8
ARGLOG Romero t 181.1 pos '836.2 -778.6 -232.0' spd 386.8 yaw 117 mode 2 st 4 gl 4 hp 100 frg 4
ARGLOG Carmack t 181.2 pos '632.9 -144.0  24.0' spd 313.1 yaw 167 mode 2 st 3 gl 7 hp 100 frg 9
ARGEVT Romero hazard
ARGEVT Joe Rogan jump
ARGLOG Joe Rogan t 181.6 pos '522.2 -266.3 -274.4' spd 353.4 yaw 85 mode 2 st 2 gl 3 hp 79 frg 8
ARGLOG Romero t 181.7 pos '721.7 -814.8 -232.0' spd 326.6 yaw 110 mode 2 st 4 gl 4 hp 100 frg 4
ARGLOG Carmack t 181.7 pos '486.5 -37.2 -21.1' spd  30.2 yaw   1.2 mode 2 st 3 gl 7 hp 100 frg 9
ARGEVT Romero route 11 start '721.0 -887.0 -232.0' goal '529.0 -375.0  24.0'
ARGLOG Joe Rogan t 182.1 pos '570.1 -272.0 -295.1' spd  39.3 yaw 114 mode 2 st 2 gl 3 hp 79 frg 8
ARGEVT Joe Rogan hazard
ARGLOG Romero t 182.2 pos '735.7 -889.1 -232.0' spd 325.7 yaw 130 mode 0 st 4 gl 4 hp 100 frg 4
ARGLOG Carmack t 182.2 pos '547.2 -95.1 -104.0' spd 346.5 yaw 259 mode 2 st 3 gl 7 hp 100 frg 9
ARGEVT Joe Rogan jump
ARGUS routecache adopt
ARGEVT Romero route 11 start '721.0 -887.0 -232.0' goal '529.0 -375.0  24.0'
ARGEVT Romero hazard
ARGLOG Joe Rogan t 182.6 pos '482.4 -272.0 -257.2' spd  13.2 yaw 62 mode 2 st 2 gl 3 hp 79 frg 8
ARGLOG Romero t 182.7 pos '720.0 -731.7 -216.0' spd 149.6 yaw 112 mode 2 st 4 gl 4 hp 100 frg 4
ARGLOG Carmack t 182.7 pos '624.0 -154.4 -104.0' spd  43.9 yaw 197 mode 2 st 3 gl 7 hp 100 frg 9
ARGLOG Joe Rogan t 183.1 pos '531.4 -270.2 -296.0' spd 279.8 yaw 91 mode 2 st 2 gl 3 hp 79 frg 8
ARGEVT Joe Rogan jump
ARGLOG Romero t 183.2 pos '720.0 -882.2 -232.0' spd 338.4 yaw 220.7 mode 0 st 4 gl 4 hp 100 frg 4
ARGLOG Carmack t 183.3 pos '624.0 -154.2 -104.0' spd   2.8 yaw 197 mode 2 st 3 gl 7 hp 100 frg 9
ARGUS routecache adopt
ARGEVT Romero route 11 start '721.0 -887.0 -232.0' goal '529.0 -375.0  24.0'
ARGEVT Carmack stall
ARGEVT Carmack stallnode '753.0 -151.0  24.0'
ARGEVT Carmack jump
ARGEVT Romero hazard
ARGUS routecache adopt
ARGEVT Romero route 11 start '721.0 -887.0 -232.0' goal '529.0 -375.0  24.0'
ARGEVT Carmack route 3 start '529.0 -183.0 -104.0' goal '177.0 -55.0 -104.0'
ARGLOG Joe Rogan t 183.6 pos '562.0 -272.0 -273.6' spd  42.0 yaw 110 mode 2 st 2 gl 3 hp 79 frg 8
ARGEVT Romero stall
ARGLOG Romero t 183.7 pos '727.1 -819.2 -232.0' spd 329.8 yaw 292.6 mode 0 st 5 gl 4 hp 100 frg 4
ARGEVT Romero jump
ARGEVT Joe Rogan hazard
ARGLOG Carmack t 183.8 pos '624.0 -143.3 -69.1' spd  33.4 yaw 167 mode 2 st 4 gl 7 hp 100 frg 9
ARGEVT Romero route 12 start '721.0 -759.0 -232.0' goal '529.0 -375.0  24.0'
ARGEVT Joe Rogan jump
ARGLOG Joe Rogan t 184.1 pos '488.1 -272.0 -261.5' spd  21.6 yaw 65 mode 2 st 2 gl 3 hp 79 frg 8
ARGLOG Romero t 184.2 pos '726.5 -720.2 -209.8' spd  35.2 yaw 113 mode 2 st 5 gl 4 hp 100 frg 4
ARGLOG Carmack t 184.3 pos '553.5 -100.4 -104.0' spd 320.2 yaw 171 mode 2 st 4 gl 7 hp 100 frg 9
ARGUS Carmack sprintjump
ARGEVT Carmack jump
ARGLOG Joe Rogan t 184.7 pos '515.2 -272.0 -296.0' spd 182.6 yaw 81 mode 2 st 2 gl 3 hp 79 frg 8
ARGEVT Joe Rogan jump
ARGLOG Romero t 184.8 pos '734.2 -862.0 -232.0' spd 340.5 yaw 220.4 mode 0 st 5 gl 4 hp 100 frg 4
ARGEVT Romero hazard
ARGLOG Carmack t 184.8 pos '395.9 -48.0 -69.6' spd 316.3 yaw 182 mode 2 st 4 gl 7 hp 100 frg 9
ARGEVT Romero route 10 start '337.0   9.0 -296.0' goal '529.0 -375.0  24.0'
ARGLOG Joe Rogan t 185.2 pos '563.2 -271.8 -261.0' spd  34.8 yaw 128.8 mode 2 st 2 gl 3 hp 79 frg 8
ARGEVT Romero engage Carmack
ARGEVT Carmack engage Romero
ARGEVT Carmack grab weapon_supernailgun
ARGLOG Romero t 185.3 pos '368.0 -36.4 -296.0' spd 300 yaw 209.2 mode 2 st 5 gl 4 hp 100 frg 4
ARGEVT Joe Rogan engage Carmack
ARGLOG Carmack t 185.3 pos '251.5 -57.1 -131.7' spd 141.4 yaw 332.3 mode 1 st 4 gl 7 hp 100 frg 9
ARGEVT Romero weapon ng
ARGLOG Joe Rogan t 185.7 pos '576.4 -208.0 -296.0' spd  83.7 yaw 160.4 mode 2 st 2 gl 3 hp 79 frg 8
ARGEVT Romero weapon rl
ARGLOG Romero t 185.8 pos '346.9 -10.8 -296.0' spd 321.0 yaw 223.2 mode 2 st 5 gl 4 hp 96 frg 4
ARGLOG Carmack t 185.8 pos '212.6 -125.8 -405.0' spd 202.9 yaw  36.7 mode 1 st 4 gl 7 hp 81 frg 9
ARGEVT Carmack swim
ARGUS Joe Rogan hunch item_artifact_super_damage
ARGEVT Romero hazard
ARGEVT Joe Rogan pursue
ARGEVT Joe Rogan goal item_artifact_super_damage
ARGEVT Carmack retreat
ARGEVT Carmack death Romero pos '179.6 -111.4 -401.8'
ARGLOG Joe Rogan t 186.2 pos '504.9 -228.9 -296.0' spd 351.9 yaw 161 mode 0 st 2 gl 3 hp 79 frg 8
ARGEVT Joe Rogan routefail
ARGEVT Joe Rogan goal 
ARGEVT Romero engage Joe Rogan
ARGLOG Romero t 186.3 pos '363.1 -13.9 -296.0' spd 331.4 yaw 273.3 mode 2 st 5 gl 4 hp 93 frg 5
ARGEVT Joe Rogan engage Romero
ARGEVT Romero goal 
ARGEVT Joe Rogan route 9 start '497.0 -247.0 -296.0' goal '529.0 -375.0  24.0'
