LOG started on: 09/13/2026 09:18:55 
Playing registered version.
UDP Initialized
WIPX_OpenSocket: Address family not supported by protocol family
WIPX_Init: Unable to open control socket, IPX disabled
Exe: 20:02:47 Jul 31 2024
256.0 megabyte heap

Language initialization
Couldn't load 'localization/loc_english.txt'
from 'C:/argus/engine'

========= Quake Initialized =========

execing autoexec.cfg
SpawnServer: e1m8
Clearing memory
Programs occupy 875K.
trying to open external vis file
maps/e1m8.vis not found, trying argus.vis
external vis not found
ARGUS slots 8
ARGUS worldspawn reached
ARGNAV 127 nodes, 1073 links
31 entities inhibited
ARGUS init on e1m8
ARGEVT Carmack spawned
ARGEVT Romero spawned
ARGEVT Joe Rogan spawned
Server spawned.
ARGLOG Joe Rogan t   1.2 pos '384.0 -256.0 -712.0' spd 0 yaw 177.6 mode 0 st 0 gl 0 hp 100 frg 0
ARGLOG Romero t   1.2 pos '880.0 128.0  24.0' spd 0 yaw 317.5 mode 0 st 0 gl 0 hp 100 frg 0
ARGLOG Carmack t   1.2 pos '1000.0 -136.0 -712.0' spd 0 yaw  29.6 mode 0 st 0 gl 0 hp 100 frg 0
ARGEVT Carmack hazard
ARGLOG Joe Rogan t   1.7 pos '228.6 -247.9 -712.0' spd 320.0 yaw 177.6 mode 0 st 0 gl 0 hp 100 frg 0
ARGLOG Romero t   1.7 pos '950.7 151.7  24.0' spd 128.7 yaw 288.1 mode 0 st 0 gl 0 hp 100 frg 0
ARGLOG Carmack t   1.7 pos '1136.9 -84.0 -712.0' spd 334.8 yaw 334.0 mode 0 st 0 gl 0 hp 100 frg 0
ARGLOG Joe Rogan t   2.2 pos ' 64.4 -239.2 -712.0' spd 320.0 yaw 177.6 mode 0 st 0 gl 0 hp 100 frg 0
ARGLOG Romero t   2.2 pos '1017.0  15.4  24.0' spd 320.2 yaw 288.1 mode 0 st 0 gl 0 hp 100 frg 0
ARGLOG Carmack t   2.2 pos '1292.8 -139.4 -712.0' spd 320.2 yaw 334.0 mode 0 st 0 gl 0 hp 100 frg 0
ARGLOG Joe Rogan t   2.7 pos ' 97.7 -118.1 -712.0' spd 321.5 yaw 213.8 mode 0 st 0 gl 0 hp 100 frg 0
ARGLOG Romero t   2.7 pos '1071.4 -139.8  24.0' spd 320.0 yaw 288.1 mode 0 st 0 gl 0 hp 100 frg 0
ARGLOG Carmack t   2.7 pos '1268.6 -80.0 -712.0' spd 325.0 yaw 165.7 mode 0 st 0 gl 0 hp 100 frg 0
ARGLOG Joe Rogan t   3.3 pos ' 50.3 -111.2 -712.0' spd 321.8 yaw  44.3 mode 0 st 0 gl 0 hp 100 frg 0
ARGLOG Romero t   3.3 pos '1125.1 -295.9  24.0' spd 320.0 yaw 288.1 mode 0 st 0 gl 0 hp 100 frg 0
ARGLOG Carmack t   3.3 pos '1100.4 -80.0 -712.0' spd 325.9 yaw 165.7 mode 0 st 0 gl 0 hp 100 frg 0
ARGLOG Joe Rogan t   3.8 pos ' 66.5 -120.0 -712.0' spd 320.3 yaw 236.2 mode 0 st 0 gl 0 hp 100 frg 0
ARGLOG Romero t   3.8 pos '1040.6 -352.3  24.0' spd 324.0 yaw 162.0 mode 0 st 0 gl 0 hp 100 frg 0
ARGLOG Carmack t   3.8 pos '1028.1 -86.4 -712.0' spd 320.2 yaw 354.3 mode 0 st 0 gl 0 hp 100 frg 0
ARGEVT Joe Rogan hazard
ARGEVT Joe Rogan plan powerup via weapon
ARGEVT Joe Rogan goal weapon_rocketlauncher
ARGEVT Romero goal weapon_rocketlauncher
ARGEVT Carmack plan powerup via weapon
ARGEVT Carmack goal weapon_supernailgun
ARGEVT Romero hazard
ARGEVT Joe Rogan route 11 start ' 65.0 -127.0 -712.0' goal '1249.0 -127.0 -552.0'
ARGLOG Joe Rogan t   4.3 pos ' 61.7 -166.8 -712.0' spd 322.0 yaw 63 mode 2 st 0 gl 0 hp 100 frg 0
ARGLOG Romero t   4.3 pos '990.6 -368.0  24.0' spd 291.2 yaw 322.0 mode 0 st 0 gl 0 hp 100 frg 0
ARGLOG Carmack t   4.3 pos '1196.1 -82.7 -712.0' spd 378.0 yaw  76.3 mode 0 st 0 gl 0 hp 100 frg 0
ARGEVT Carmack hazard
ARGEVT Romero route 0 start '833.0 -383.0 -368.0' goal '833.0 -383.0 -368.0'
ARGEVT Carmack route 16 start '1153.0 -223.0 -752.0' goal '673.0 257.0 -454.0'
ARGLOG Joe Rogan t   4.8 pos '108.9  -4.3 -712.0' spd 329.6 yaw 54 mode 2 st 0 gl 0 hp 100 frg 0
ARGLOG Romero t   4.8 pos '1038.6 -368.0  24.0' spd 320.4 yaw 185 mode 2 st 0 gl 0 hp 100 frg 0
ARGLOG Carmack t   4.8 pos '1191.3 -95.9 -712.0' spd 350.1 yaw 229 mode 2 st 0 gl 0 hp 100 frg 0
ARGEVT Romero hazard
ARGLOG Joe Rogan t   5.3 pos '101.2 165.8 -712.0' spd 394.4 yaw 333 mode 2 st 0 gl 0 hp 100 frg 0
ARGLOG Romero t   5.3 pos '944.0 -307.3  24.0' spd 147.4 yaw 215 mode 2 st 0 gl 0 hp 100 frg 0
ARGLOG Carmack t   5.3 pos '1048.0 -178.6 -712.0' spd 340.0 yaw 236 mode 2 st 0 gl 0 hp 100 frg 0
ARGEVT Carmack hazard
ARGLOG Joe Rogan t   5.8 pos '278.2 153.8 -712.0' spd 337.3 yaw 12 mode 2 st 0 gl 0 hp 100 frg 0
ARGLOG Romero t   5.8 pos '944.0 -247.0  24.0' spd 108.0 yaw 231 mode 2 st 0 gl 0 hp 100 frg 0
ARGLOG Carmack t   5.8 pos '1066.7 -171.8 -712.0' spd 190.0 yaw 234 mode 2 st 0 gl 0 hp 100 frg 0
ARGEVT Romero hazard
ARGLOG Joe Rogan t   6.4 pos '391.4  24.0 -712.0' spd 364.8 yaw 34 mode 2 st 0 gl 0 hp 100 frg 0
ARGLOG Romero t   6.4 pos '944.0 -220.9  24.0' spd 226.4 yaw 236 mode 2 st 0 gl 0 hp 100 frg 0
ARGLOG Carmack t   6.4 pos '1135.7 -163.4 -712.0' spd 119.4 yaw 227 mode 2 st 0 gl 0 hp 100 frg 0
ARGEVT Carmack hazard
ARGLOG Joe Rogan t   6.9 pos '448.0  23.3 -621.6' spd  30.0 yaw 47 mode 2 st 0 gl 0 hp 100 frg 0
ARGLOG Romero t   6.9 pos '977.2 -363.2  24.0' spd 117.3 yaw 188 mode 2 st 0 gl 0 hp 100 frg 0
ARGLOG Carmack t   6.9 pos '1061.3 -177.8 -712.0' spd 371.8 yaw 234 mode 2 st 0 gl 0 hp 100 frg 0
ARGEVT Romero hazard
ARGLOG Joe Rogan t   7.4 pos '448.1  38.7 -557.4' spd  30.0 yaw 42 mode 2 st 0 gl 0 hp 100 frg 0
ARGLOG Romero t   7.4 pos '944.0 -284.2  24.0' spd 120.3 yaw 222 mode 2 st 0 gl 0 hp 100 frg 0
ARGLOG Carmack t   7.4 pos '1074.1 -178.1 -712.0' spd 182.3 yaw 233 mode 2 st 0 gl 0 hp 100 frg 0
ARGEVT Carmack hazard
ARGLOG Joe Rogan t   7.9 pos '448.2  54.1 -519.7' spd  30.0 yaw 37 mode 2 st 0 gl 0 hp 100 frg 0
ARGLOG Romero t   7.9 pos '944.0 -227.3  24.0' spd 105.3 yaw 235 mode 2 st 0 gl 0 hp 100 frg 0
ARGLOG Carmack t   7.9 pos '1140.3 -172.3 -712.0' spd 115.5 yaw 225 mode 2 st 0 gl 0 hp 100 frg 0
ARGLOG Joe Rogan t   8.4 pos '448.2  69.6 -508.4' spd  30.0 yaw 31 mode 2 st 0 gl 0 hp 100 frg 0
ARGLOG Romero t   8.4 pos '944.0 -246.7  24.0' spd 345.2 yaw 231 mode 2 st 0 gl 0 hp 100 frg 0
ARGLOG Carmack t   8.4 pos '1026.1 -168.9 -712.0' spd 383.2 yaw 240 mode 2 st 0 gl 0 hp 100 frg 0
ARGEVT Carmack hazard
ARGEVT Romero hazard
ARGLOG Joe Rogan t   8.9 pos '448.5  85.4 -523.8' spd  34.5 yaw 302 mode 2 st 0 gl 0 hp 100 frg 0
ARGLOG Romero t   8.9 pos '965.6 -361.7  24.0' spd 220.8 yaw 190 mode 2 st 0 gl 0 hp 100 frg 0
ARGLOG Carmack t   8.9 pos '1074.8 -171.2 -712.0' spd 156.1 yaw 233 mode 2 st 0 gl 0 hp 100 frg 0
ARGLOG Joe Rogan t   9.4 pos '456.8 107.0 -565.9' spd  47.3 yaw 298 mode 2 st 0 gl 0 hp 100 frg 0
ARGLOG Romero t   9.4 pos '944.0 -264.6  24.0' spd 118.4 yaw 227 mode 2 st 0 gl 0 hp 100 frg 0
ARGLOG Carmack t   9.4 pos '1138.0 -160.1 -712.0' spd 113.8 yaw 227 mode 2 st 0 gl 0 hp 100 frg 0
ARGEVT Carmack hazard
ARGEVT Romero hazard
ARGLOG Joe Rogan t  10.0 pos '468.5 129.7 -633.6' spd  78.4 yaw 293 mode 2 st 0 gl 0 hp 100 frg 0
ARGLOG Romero t  10.0 pos '944.0 -329.0  24.0' spd 378.5 yaw 206 mode 2 st 0 gl 0 hp 100 frg 0
ARGLOG Carmack t  10.0 pos '989.8 -181.4 -712.0' spd 216.7 yaw 245 mode 2 st 0 gl 0 hp 100 frg 0
ARGLOG Joe Rogan t  10.5 pos '476.8 148.0 -624.2' spd  41.0 yaw 291 mode 2 st 0 gl 0 hp 100 frg 0
ARGLOG Romero t  10.5 pos '944.0 -318.3  24.0' spd 129.1 yaw 211 mode 2 st 0 gl 0 hp 100 frg 0
ARGLOG Carmack t  10.5 pos '1097.7 -174.7 -712.0' spd 133.2 yaw 230 mode 2 st 0 gl 0 hp 100 frg 0
ARGEVT Carmack hazard
ARGEVT Romero hazard
ARGLOG Joe Rogan t  11.0 pos '493.1 156.0 -605.6' spd  31.3 yaw 287 mode 2 st 0 gl 0 hp 100 frg 0
ARGLOG Romero t  11.0 pos '951.3 -363.1  24.0' spd 223.4 yaw 190 mode 2 st 0 gl 0 hp 100 frg 0
ARGLOG Carmack t  11.0 pos '1147.0 -171.1 -712.0' spd 107.5 yaw 225 mode 2 st 0 gl 0 hp 100 frg 0
ARGEVT Romero stall
ARGEVT Romero stallnode '833.0 -383.0 -368.0'
ARGEVT Romero jump
ARGEVT Romero route 0 start '833.0 -383.0 -368.0' goal '833.0 -383.0 -368.0'
ARGLOG Joe Rogan t  11.5 pos '506.4 152.3 -590.3' spd  29.9 yaw 323 mode 2 st 0 gl 0 hp 100 frg 0
ARGLOG Romero t  11.5 pos '944.0 -300.2 111.2' spd  32.3 yaw 217 mode 2 st 1 gl 0 hp 100 frg 0
ARGLOG Carmack t  11.5 pos '983.3 -175.9 -712.0' spd 242.3 yaw 247 mode 2 st 0 gl 0 hp 100 frg 0
ARGEVT Carmack hazard
ARGLOG Joe Rogan t  12.0 pos '510.6 137.8 -585.5' spd  31.2 yaw 324 mode 2 st 0 gl 0 hp 100 frg 0
ARGLOG Romero t  12.0 pos '944.0 -325.7  91.3' spd  57.1 yaw 208 mode 2 st 1 gl 0 hp 100 frg 0
ARGLOG Carmack t  12.0 pos '1084.4 -176.3 -712.0' spd 149.3 yaw 231 mode 2 st 0 gl 0 hp 100 frg 0
ARGLOG Joe Rogan t  12.5 pos '502.1 119.7 -595.3' spd  47.8 yaw 326 mode 2 st 0 gl 0 hp 100 frg 0
ARGLOG Romero t  12.5 pos '944.0 -360.7  45.0' spd  79.0 yaw 192 mode 2 st 1 gl 0 hp 100 frg 0
ARGLOG Carmack t  12.5 pos '1134.6 -171.0 -712.0' spd 111.2 yaw 226 mode 2 st 0 gl 0 hp 100 frg 0
ARGEVT Carmack hazard
ARGEVT Romero hazard
ARGLOG Joe Rogan t  13.0 pos '481.3  96.3 -619.1' spd  73.3 yaw 330 mode 2 st 0 gl 0 hp 100 frg 0
ARGLOG Romero t  13.0 pos '944.9 -315.9  24.0' spd 151.4 yaw 211 mode 2 st 1 gl 0 hp 100 frg 0
ARGLOG Carmack t  13.0 pos '980.9 -172.5 -712.0' spd 272.3 yaw 248 mode 2 st 0 gl 0 hp 100 frg 0
ARGLOG Joe Rogan t  13.6 pos '449.4  62.4 -655.6' spd 105.6 yaw 336 mode 2 st 0 gl 0 hp 100 frg 0
ARGLOG Romero t  13.6 pos '946.0 -252.0  24.0' spd 112.1 yaw 230 mode 2 st 1 gl 0 hp 100 frg 0
ARGLOG Carmack t  13.6 pos '1084.0 -171.2 -712.0' spd 148.8 yaw 232 mode 2 st 0 gl 0 hp 100 frg 0
ARGEVT Carmack hazard
ARGEVT Romero hazard
ARGLOG Joe Rogan t  14.1 pos '410.7  16.0 -699.8' spd  76.7 yaw 343 mode 2 st 0 gl 0 hp 100 frg 0
ARGLOG Romero t  14.1 pos '976.3 -365.1  24.0' spd 112.4 yaw 188 mode 2 st 1 gl 0 hp 100 frg 0
ARGLOG Carmack t  14.1 pos '1146.4 -163.6 -712.0' spd 113.8 yaw 226 mode 2 st 0 gl 0 hp 100 frg 0
ARGLOG Joe Rogan t  14.6 pos '410.7  16.0 -699.8' spd  23.7 yaw 343 mode 2 st 0 gl 0 hp 100 frg 0
ARGLOG Romero t  14.6 pos '944.0 -277.6  24.0' spd 118.7 yaw 224 mode 2 st 1 gl 0 hp 100 frg 0
ARGLOG Carmack t  14.6 pos '1026.5 -168.9 -712.0' spd 345.6 yaw 240 mode 2 st 0 gl 0 hp 100 frg 0
ARGEVT Carmack hazard
ARGEVT Romero hazard
ARGLOG Joe Rogan t  15.1 pos '425.0  16.0 -683.4' spd  29.2 yaw 342 mode 2 st 0 gl 0 hp 100 frg 0
ARGLOG Romero t  15.1 pos '944.0 -221.8  24.0' spd 103.7 yaw 236 mode 2 st 1 gl 0 hp 100 frg 0
ARGLOG Carmack t  15.1 pos '1065.1 -177.1 -712.0' spd 252.7 yaw 234 mode 2 st 0 gl 0 hp 100 frg 0
ARGLOG Joe Rogan t  15.6 pos '442.9  16.0 -669.9' spd  42.4 yaw 342 mode 2 st 0 gl 0 hp 100 frg 0
ARGLOG Romero t  15.6 pos '944.0 -265.5  24.0' spd 357.6 yaw 227 mode 2 st 1 gl 0 hp 100 frg 0
ARGLOG Carmack t  15.6 pos '1133.7 -168.7 -712.0' spd 113.0 yaw 227 mode 2 st 0 gl 0 hp 100 frg 0
ARGEVT Carmack hazard
ARGEVT Romero hazard
ARGLOG Joe Rogan t  16.1 pos '448.0  16.0 -675.4' spd 0 yaw 342 mode 2 st 0 gl 0 hp 100 frg 0
ARGLOG Romero t  16.1 pos '952.7 -352.8  24.0' spd 321.2 yaw 195 mode 2 st 1 gl 0 hp 100 frg 0
ARGLOG Carmack t  16.1 pos '1019.0 -180.1 -712.0' spd 390.8 yaw 241 mode 2 st 0 gl 0 hp 100 frg 0
ARGLOG Joe Rogan t  16.6 pos '448.0  16.0 -675.4' spd 0 yaw 342 mode 2 st 0 gl 0 hp 100 frg 0
ARGLOG Romero t  16.6 pos '944.0 -258.6  24.0' spd 114.2 yaw 229 mode 2 st 1 gl 0 hp 100 frg 0
ARGLOG Carmack t  16.6 pos '1069.9 -176.8 -712.0' spd 229.9 yaw 233 mode 2 st 0 gl 0 hp 100 frg 0
ARGEVT Carmack hazard
ARGEVT Joe Rogan stall
ARGEVT Joe Rogan stallnode '577.0 -127.0 -552.0'
ARGEVT Joe Rogan route 8 start '353.0  33.0 -712.0' goal '1249.0 -127.0 -552.0'
ARGEVT Romero hazard
ARGLOG Joe Rogan t  17.2 pos '448.0  16.6 -674.7' spd   8.0 yaw 49 mode 2 st 1 gl 0 hp 100 frg 0
ARGLOG Romero t  17.2 pos '944.0 -348.9  24.0' spd 382.0 yaw 198 mode 2 st 1 gl 0 hp 100 frg 0
ARGLOG Carmack t  17.2 pos '1138.7 -170.8 -712.0' spd 112.6 yaw 226 mode 2 st 0 gl 0 hp 100 frg 0
ARGLOG Joe Rogan t  17.7 pos '448.0  27.7 -662.0' spd  24.0 yaw 46 mode 2 st 1 gl 0 hp 100 frg 0
ARGLOG Romero t  17.7 pos '946.1 -311.6  24.0' spd 143.4 yaw 213 mode 2 st 1 gl 0 hp 100 frg 0
ARGLOG Carmack t  17.7 pos '1023.0 -177.9 -712.0' spd 360.1 yaw 240 mode 2 st 0 gl 0 hp 100 frg 0
ARGEVT Carmack hazard
ARGEVT Romero hazard
ARGLOG Joe Rogan t  18.2 pos '448.0  42.0 -653.3' spd  30.0 yaw 41 mode 2 st 1 gl 0 hp 100 frg 0
ARGLOG Romero t  18.2 pos '949.0 -350.3  24.0' spd 276.2 yaw 196 mode 2 st 1 gl 0 hp 100 frg 0
ARGLOG Carmack t  18.2 pos '1062.2 -173.1 -712.0' spd 212.8 yaw 235 mode 2 st 0 gl 0 hp 100 frg 0
ARGEVT Romero stall
ARGEVT Romero stallnode '833.0 -383.0 -368.0'
ARGEVT Romero jump
ARGEVT Carmack stall
ARGEVT Carmack stallnode '1025.0 -287.0 -752.0'
ARGEVT Carmack jump
ARGEVT Romero route 0 start '833.0 -383.0 -368.0' goal '833.0 -383.0 -368.0'
ARGEVT Carmack route 16 start '1025.0 -95.0 -712.0' goal '673.0 257.0 -454.0'
ARGLOG Joe Rogan t  18.7 pos '441.8  57.6 -664.2' spd  41.5 yaw 34 mode 2 st 1 gl 0 hp 100 frg 0
ARGLOG Romero t  18.7 pos '944.0 -302.0 111.2' spd  38.9 yaw 217 mode 2 st 2 gl 0 hp 100 frg 0
ARGLOG Carmack t  18.7 pos '1065.2 -212.5 -632.8' spd 146.2 yaw 242 mode 2 st 1 gl 0 hp 100 frg 0
ARGLOG Joe Rogan t  19.2 pos '420.8  76.0 -688.2' spd  66.8 yaw 23 mode 2 st 1 gl 0 hp 100 frg 0
ARGLOG Romero t  19.2 pos '944.0 -328.5  91.5' spd  58.6 yaw 207 mode 2 st 2 gl 0 hp 100 frg 0
ARGLOG Carmack t  19.2 pos '987.6 -199.2 -652.5' spd 163.6 yaw 294 mode 2 st 1 gl 0 hp 100 frg 0
ARGEVT Joe Rogan hazard
ARGLOG Joe Rogan t  19.7 pos '430.1 121.7 -677.6' spd 366.6 yaw 3 mode 2 st 1 gl 0 hp 100 frg 0
ARGLOG Romero t  19.7 pos '944.0 -364.4  45.5' spd  81.6 yaw 190 mode 2 st 2 gl 0 hp 100 frg 0
ARGLOG Carmack t  19.7 pos '976.0 -150.2 -698.5' spd  96.7 yaw 290 mode 2 st 1 gl 0 hp 100 frg 0
ARGEVT Romero hazard
ARGEVT Carmack hazard
ARGLOG Joe Rogan t  20.2 pos '526.1 238.6 -567.9' spd 198.7 yaw 278 mode 2 st 1 gl 0 hp 100 frg 0
ARGLOG Romero t  20.2 pos '944.9 -315.5  24.0' spd 151.2 yaw 212 mode 2 st 2 gl 0 hp 100 frg 0
ARGLOG Carmack t  20.2 pos '1085.1 -164.2 -712.0' spd 403.5 yaw 233 mode 2 st 1 gl 0 hp 100 frg 0
ARGLOG Joe Rogan t  20.8 pos '605.0 213.1 -477.3' spd 174.2 yaw 266 mode 2 st 1 gl 0 hp 100 frg 0
ARGLOG Romero t  20.8 pos '946.0 -252.7  24.0' spd 111.4 yaw 230 mode 2 st 2 gl 0 hp 100 frg 0
ARGLOG Carmack t  20.8 pos '1086.5 -171.9 -712.0' spd 351.9 yaw 232 mode 2 st 1 gl 0 hp 100 frg 0
ARGEVT Romero hazard
ARGEVT Carmack hazard
ARGLOG Joe Rogan t  21.3 pos '638.3 128.2 -411.2' spd 194.0 yaw 257 mode 2 st 1 gl 0 hp 100 frg 0
ARGLOG Romero t  21.3 pos '972.0 -367.5  24.0' spd  34.0 yaw 187 mode 2 st 2 gl 0 hp 100 frg 0
ARGLOG Carmack t  21.3 pos '1010.7 -174.3 -712.0' spd 280.0 yaw 242 mode 2 st 1 gl 0 hp 100 frg 0
ARGLOG Joe Rogan t  21.8 pos '574.9  51.1 -371.1' spd 215.0 yaw 271 mode 2 st 1 gl 0 hp 100 frg 0
ARGLOG Romero t  21.8 pos '944.0 -280.1  24.0' spd 116.5 yaw 223 mode 2 st 2 gl 0 hp 100 frg 0
ARGLOG Carmack t  21.8 pos '1114.5 -173.0 -712.0' spd 119.9 yaw 228 mode 2 st 1 gl 0 hp 100 frg 0
ARGEVT Romero hazard
ARGEVT Carmack hazard
ARGLOG Joe Rogan t  22.3 pos '477.3  95.3 -357.5' spd 234.7 yaw 295 mode 2 st 1 gl 0 hp 100 frg 0
ARGLOG Romero t  22.3 pos '944.0 -223.3  24.0' spd 104.0 yaw 236 mode 2 st 2 gl 0 hp 100 frg 0
ARGLOG Carmack t  22.3 pos '1075.0 -180.3 -712.0' spd 374.2 yaw 232 mode 2 st 1 gl 0 hp 100 frg 0
ARGLOG Joe Rogan t  22.8 pos '523.2 196.7 -370.4' spd 250.7 yaw 280 mode 2 st 1 gl 0 hp 100 frg 0
ARGLOG Romero t  22.8 pos '944.0 -267.1  24.0' spd 357.9 yaw 227 mode 2 st 2 gl 0 hp 100 frg 0
ARGLOG Carmack t  22.8 pos '1026.1 -180.8 -712.0' spd 324.3 yaw 239 mode 2 st 1 gl 0 hp 100 frg 0
ARGEVT Romero hazard
ARGEVT Carmack hazard
ARGLOG Joe Rogan t  23.3 pos '614.2 128.9 -409.6' spd 261.6 yaw 262 mode 2 st 1 gl 0 hp 100 frg 0
ARGLOG Romero t  23.3 pos '951.5 -353.4  24.0' spd 321.1 yaw 195 mode 2 st 2 gl 0 hp 100 frg 0
ARGLOG Carmack t  23.3 pos '1119.9 -172.6 -712.0' spd 121.5 yaw 228 mode 2 st 1 gl 0 hp 100 frg 0
ARGLOG Joe Rogan t  23.8 pos '516.0  69.3 -475.4' spd 268.1 yaw 288 mode 2 st 1 gl 0 hp 100 frg 0
ARGLOG Romero t  23.8 pos '948.7 -318.6  24.0' spd 266.5 yaw 210 mode 2 st 2 gl 0 hp 100 frg 0
ARGLOG Carmack t  23.8 pos '1105.6 -180.5 -712.0' spd 367.4 yaw 228 mode 2 st 1 gl 0 hp 100 frg 0
ARGEVT Romero stall
ARGEVT Romero stallnode '833.0 -383.0 -368.0'
ARGEVT Romero jump
ARGEVT Romero route 0 start '833.0 -383.0 -368.0' goal '833.0 -383.0 -368.0'
ARGEVT Joe Rogan abandon
ARGEVT Joe Rogan plan powerup via weapon
ARGEVT Joe Rogan goal weapon_supernailgun
ARGEVT Romero abandon
ARGEVT Romero goal item_armor2
ARGUS routecache adopt
ARGEVT Romero route 0 start '833.0 -383.0 -368.0' goal '833.0 -383.0 -368.0'
ARGEVT Carmack abandon
ARGEVT Carmack goal weapon_rocketlauncher
ARGLOG Joe Rogan t  24.4 pos '502.4 189.7 -567.8' spd 271.4 yaw 21 mode 1 st 1 gl 0 hp 100 frg 0
ARGLOG Romero t  24.4 pos '965.6 -364.0 112.0' spd  38.8 yaw 189 mode 2 st 3 gl 0 hp 100 frg 0
ARGLOG Carmack t  24.4 pos '993.3 -173.6 -712.0' spd 198.0 yaw 339.6 mode 0 st 1 gl 0 hp 100 frg 0
ARGEVT Carmack route 20 start '1025.0 -95.0 -712.0' goal '1249.0 -127.0 -552.0'
ARGEVT Carmack hazard
ARGLOG Joe Rogan t  24.9 pos '514.3 316.5 -581.3' spd 236.9 yaw 340 mode 1 st 1 gl 0 hp 100 frg 0
ARGLOG Romero t  24.9 pos '946.4 -359.0  97.6' spd  38.8 yaw 192 mode 2 st 3 gl 0 hp 100 frg 0
ARGLOG Carmack t  24.9 pos '1139.4 -103.5 -712.0' spd 355.2 yaw 232 mode 2 st 1 gl 0 hp 100 frg 0
ARGLOG Joe Rogan t  25.4 pos '578.8 390.1 -512.5' spd 183.0 yaw 305 mode 1 st 1 gl 0 hp 100 frg 0
ARGLOG Romero t  25.4 pos '944.0 -365.7  56.8' spd  36.8 yaw 189 mode 2 st 3 gl 0 hp 100 frg 0
ARGLOG Carmack t  25.4 pos '1244.8 -235.8 -712.0' spd 418.1 yaw 210 mode 2 st 1 gl 0 hp 100 frg 0
ARGEVT Carmack hazard
ARGEVT Romero hazard
ARGLOG Joe Rogan t  25.9 pos '674.8 407.7 -455.4' spd 197.9 yaw 269 mode 1 st 1 gl 0 hp 100 frg 0
ARGLOG Romero t  25.9 pos '944.7 -331.5  24.0' spd 173.7 yaw 205 mode 2 st 3 gl 0 hp 100 frg 0
ARGLOG Carmack t  25.9 pos '1238.8 -368.5 -712.0' spd 151.4 yaw 192 mode 2 st 1 gl 0 hp 100 frg 0
ARGLOG Joe Rogan t  26.4 pos '766.9 360.7 -425.6' spd 213.7 yaw 228 mode 1 st 1 gl 0 hp 100 frg 0
ARGLOG Romero t  26.4 pos '945.8 -264.3  24.0' spd 113.9 yaw 227 mode 2 st 3 gl 0 hp 100 frg 0
ARGLOG Carmack t  26.4 pos '1207.7 -451.0 -712.0' spd 256.7 yaw 179 mode 2 st 1 gl 0 hp 100 frg 0
ARGEVT Carmack hazard
ARGEVT Romero hazard
ARGLOG Joe Rogan t  26.9 pos '803.3 255.4 -421.9' spd 230.9 yaw 179 mode 1 st 1 gl 0 hp 100 frg 0
ARGLOG Romero t  26.9 pos '965.5 -366.1  24.0' spd 383.7 yaw 188 mode 2 st 3 gl 0 hp 100 frg 0
ARGLOG Carmack t  26.9 pos '1095.3 -524.2 -712.0' spd 169.3 yaw 161 mode 2 st 1 gl 0 hp 100 frg 0
ARGLOG Joe Rogan t  27.4 pos '739.0 155.5 -444.5' spd 248.6 yaw 123 mode 1 st 1 gl 0 hp 100 frg 0
ARGLOG Romero t  27.4 pos '944.0 -292.8  24.0' spd 121.6 yaw 220 mode 2 st 3 gl 0 hp 100 frg 0
ARGLOG Carmack t  27.4 pos '1049.2 -574.2 -712.0' spd 121.8 yaw 145 mode 2 st 1 gl 0 hp 100 frg 0
ARGEVT Carmack hazard
ARGEVT Romero hazard
ARGLOG Joe Rogan t  28.0 pos '613.4 160.8 -493.5' spd 265.9 yaw 58 mode 1 st 1 gl 0 hp 100 frg 0
ARGLOG Romero t  28.0 pos '944.0 -235.9  24.0' spd 106.9 yaw 233 mode 2 st 3 gl 0 hp 100 frg 0
ARGLOG Carmack t  28.0 pos '1146.8 -469.0 -712.0' spd 406.5 yaw 175 mode 2 st 1 gl 0 hp 100 frg 0
ARGLOG Joe Rogan t  28.5 pos '573.6 212.5 -476.8' spd 120.0 yaw 23 mode 1 st 1 gl 0 hp 100 frg 0
ARGLOG Romero t  28.5 pos '944.1 -194.3  24.0' spd 103.8 yaw 240 mode 2 st 3 gl 0 hp 100 frg 0
ARGLOG Carmack t  28.5 pos '1228.1 -431.9 -712.0' spd 250.3 yaw 183 mode 2 st 1 gl 0 hp 100 frg 0
ARGEVT Carmack hazard
ARGEVT Romero hazard
ARGLOG Joe Rogan t  29.0 pos '580.3 276.9 -473.0' spd 135.1 yaw 348 mode 1 st 1 gl 0 hp 100 frg 0
ARGLOG Romero t  29.0 pos '964.7 -361.3  24.0' spd 400.6 yaw 190 mode 2 st 3 gl 0 hp 100 frg 0
ARGLOG Carmack t  29.0 pos '1235.3 -260.3 -712.0' spd 311.1 yaw 207 mode 2 st 1 gl 0 hp 100 frg 0
ARGLOG Joe Rogan t  29.5 pos '613.5 318.9 -468.6' spd  64.2 yaw 313 mode 1 st 1 gl 0 hp 100 frg 0
ARGLOG Romero t  29.5 pos '944.0 -297.3  24.0' spd 129.1 yaw 218 mode 2 st 3 gl 0 hp 100 frg 0
ARGLOG Carmack t  29.5 pos '1184.7 -173.9 -712.0' spd 350.2 yaw 221 mode 2 st 1 gl 0 hp 100 frg 0
ARGEVT Carmack hazard
ARGEVT Romero hazard
ARGLOG Joe Rogan t  30.0 pos '648.7 323.4 -453.1' spd  74.6 yaw 290 mode 1 st 1 gl 0 hp 100 frg 0
ARGLOG Romero t  30.0 pos '944.0 -239.0  24.0' spd 108.4 yaw 233 mode 2 st 3 gl 0 hp 100 frg 0
ARGLOG Carmack t  30.0 pos '1024.6 -155.9 -712.0' spd 350.8 yaw 242 mode 2 st 1 gl 0 hp 100 frg 0
ARGLOG Joe Rogan t  30.5 pos '688.7 311.1 -464.0' spd  89.8 yaw 254 mode 1 st 1 gl 0 hp 100 frg 0
ARGLOG Romero t  30.5 pos '944.0 -214.0  24.0' spd 225.7 yaw 237 mode 2 st 3 gl 0 hp 100 frg 0
ARGLOG Carmack t  30.5 pos '1089.8 -178.3 -712.0' spd 172.5 yaw 231 mode 2 st 1 gl 0 hp 100 frg 0
ARGEVT Carmack hazard
ARGEVT Romero hazard
ARGEVT Joe Rogan goal item_artifact_invulnerability
ARGLOG Joe Rogan t  31.0 pos '699.4 300.0 -447.9' spd  30.2 yaw 230.2 mode 0 st 1 gl 1 hp 100 frg 0
ARGLOG Romero t  31.0 pos '978.9 -356.0  24.0' spd 125.5 yaw 191 mode 2 st 3 gl 0 hp 100 frg 0
ARGLOG Carmack t  31.0 pos '1124.3 -177.7 -712.0' spd 233.1 yaw 177.0 mode 2 st 1 gl 0 hp 100 frg 0
ARGEVT Joe Rogan route 3 start '673.0 257.0 -454.0' goal '673.0 545.0 -712.0'
ARGLOG Joe Rogan t  31.5 pos '689.4 285.4 -449.5' spd  36.0 yaw 116 mode 2 st 1 gl 1 hp 100 frg 0
ARGLOG Romero t  31.5 pos '944.0 -277.5  24.0' spd 121.7 yaw 224 mode 2 st 3 gl 0 hp 100 frg 0
ARGLOG Carmack t  31.5 pos '983.4 -106.2 -712.0' spd 320.8 yaw 251 mode 2 st 1 gl 0 hp 100 frg 0
ARGEVT Carmack hazard
ARGLOG Joe Rogan t  32.1 pos '557.1 265.6 -468.9' spd 364.0 yaw 67 mode 2 st 1 gl 1 hp 100 frg 0
ARGLOG Romero t  32.1 pos '944.0 -291.4  24.0' spd 340.6 yaw 220 mode 2 st 3 gl 0 hp 100 frg 0
ARGLOG Carmack t  32.1 pos '1002.0 -166.9 -712.0' spd 322.5 yaw 270.4 mode 2 st 1 gl 0 hp 100 frg 0
ARGEVT Romero hazard
ARGLOG Joe Rogan t  32.6 pos '422.0 372.1 -488.9' spd 362.9 yaw 34 mode 2 st 1 gl 1 hp 100 frg 0
ARGLOG Romero t  32.6 pos '944.0 -338.1  24.0' spd 348.7 yaw 203 mode 2 st 3 gl 0 hp 100 frg 0
ARGLOG Carmack t  32.6 pos '995.3 -164.6 -712.0' spd 353.9 yaw 127 mode 2 st 1 gl 0 hp 100 frg 0
ARGLOG Joe Rogan t  33.1 pos '442.6 552.9 -534.8' spd 374.8 yaw 359 mode 2 st 1 gl 1 hp 100 frg 0
ARGLOG Romero t  33.1 pos '945.2 -343.9  24.0' spd 331.8 yaw 200 mode 2 st 3 gl 0 hp 100 frg 0
ARGLOG Carmack t  33.1 pos '976.0 -117.9 -712.0' spd 291.6 yaw 252 mode 2 st 1 gl 0 hp 100 frg 0
ARGEVT Romero hazard
ARGEVT Carmack hazard
ARGLOG Joe Rogan t  33.6 pos '608.6 643.2 -607.7' spd 384.5 yaw 301 mode 1 st 1 gl 1 hp 100 frg 0
ARGLOG Romero t  33.6 pos '947.9 -307.6  24.0' spd 146.6 yaw 214 mode 2 st 3 gl 0 hp 100 frg 0
ARGLOG Carmack t  33.6 pos '1020.5 -172.4 -712.0' spd 254.0 yaw 175.5 mode 2 st 1 gl 0 hp 100 frg 0
ARGLOG Joe Rogan t  34.1 pos '778.9 583.6 -707.0' spd 381.5 yaw 205.0 mode 1 st 1 gl 1 hp 100 frg 0
ARGLOG Romero t  34.1 pos '944.0 -274.2  24.0' spd 197.6 yaw 225 mode 2 st 3 gl 0 hp 100 frg 0
ARGLOG Carmack t  34.1 pos '979.6 -152.3 -712.0' spd 323.9 yaw 249 mode 2 st 1 gl 0 hp 100 frg 0
ARGEVT Joe Rogan abandon
ARGEVT Romero hazard
ARGEVT Joe Rogan goal item_artifact_super_damage
ARGEVT Carmack hazard
ARGEVT Joe Rogan route 5 start '801.0 513.0 -695.0' goal '673.0 929.0 -728.0'
ARGLOG Joe Rogan t  34.6 pos '863.2 528.0 -752.0' spd 178.2 yaw 142 mode 2 st 1 gl 1 hp 70 frg 0
ARGLOG Romero t  34.6 pos '946.6 -338.0  24.0' spd 374.6 yaw 202 mode 2 st 3 gl 0 hp 100 frg 0
ARGLOG Carmack t  34.6 pos '1099.0 -173.8 -712.0' spd 135.5 yaw 230 mode 2 st 1 gl 0 hp 100 frg 0
ARGLOG Joe Rogan t  35.1 pos '752.0 533.6 -754.6' spd  29.6 yaw 160 mode 2 st 1 gl 1 hp 50 frg 0
ARGLOG Romero t  35.1 pos '944.0 -261.3  24.0' spd 108.6 yaw 228 mode 2 st 3 gl 0 hp 100 frg 0
ARGLOG Carmack t  35.1 pos '1131.9 -179.1 -712.0' spd 249.3 yaw 226 mode 2 st 1 gl 0 hp 100 frg 0
ARGEVT Romero hazard
ARGEVT Carmack hazard
ARGEVT Joe Rogan swim
ARGLOG Joe Rogan t  35.7 pos '752.0 554.8 -763.1' spd  57.6 yaw 164 mode 2 st 1 gl 1 hp 20 frg 0
ARGLOG Romero t  35.7 pos '944.0 -208.3  24.0' spd  98.5 yaw 238 mode 2 st 3 gl 0 hp 100 frg 0
ARGLOG Carmack t  35.7 pos '996.7 -178.0 -712.0' spd 230.2 yaw 244 mode 2 st 1 gl 0 hp 100 frg 0
ARGEVT Joe Rogan death world pos '752.0 575.5 -758.1'
ARGLOG Romero t  36.2 pos '944.0 -276.1  24.0' spd 363.1 yaw 224 mode 2 st 3 gl 0 hp 100 frg 0
ARGLOG Carmack t  36.2 pos '1113.1 -188.2 -712.0' spd 137.8 yaw 227 mode 2 st 1 gl 0 hp 100 frg 0
ARGEVT Romero hazard
ARGEVT Carmack hazard
ARGLOG Romero t  36.7 pos '950.5 -356.2  24.0' spd 320.8 yaw 193 mode 2 st 3 gl 0 hp 100 frg 0
ARGLOG Carmack t  36.7 pos '1147.0 -180.8 -712.0' spd 211.7 yaw 224 mode 2 st 1 gl 0 hp 100 frg 0
ARGEVT Romero stall
ARGEVT Romero stallnode '833.0 -383.0 -368.0'
ARGEVT Romero jump
ARGEVT Romero route 0 start '833.0 -383.0 -368.0' goal '833.0 -383.0 -368.0'
ARGLOG Romero t  37.2 pos '944.0 -292.9  89.2' spd  33.5 yaw 220 mode 2 st 4 gl 0 hp 100 frg 0
ARGLOG Carmack t  37.2 pos '994.3 -164.4 -712.0' spd 241.8 yaw 246 mode 2 st 1 gl 0 hp 100 frg 0
ARGEVT Carmack hazard
ARGEVT Joe Rogan respawn
ARGEVT Carmack engage Joe Rogan
ARGEVT Joe Rogan plan powerup via weapon
ARGEVT Joe Rogan goal weapon_rocketlauncher
ARGEVT Joe Rogan engage Carmack
ARGLOG Joe Rogan t  37.6 pos '1000.0 -136.0 -712.0' spd 0 yaw 330.1 mode 0 st 1 gl 1 hp 100 frg -1
ARGLOG Romero t  37.7 pos '944.0 -317.4 102.4' spd  53.5 yaw 211 mode 2 st 4 gl 0 hp 100 frg 0
ARGLOG Carmack t  37.7 pos '1122.6 -178.2 -712.0' spd 352.6 yaw 159.2 mode 2 st 1 gl 0 hp 100 frg 0
ARGEVT Joe Rogan routefail
ARGEVT Joe Rogan hazard
ARGEVT Joe Rogan plan powerup via weapon
ARGEVT Joe Rogan goal weapon_supershotgun
ARGEVT Joe Rogan routefail
ARGEVT Joe Rogan goal item_health
ARGEVT Carmack grab weapon_rocketlauncher
ARGLOG Joe Rogan t  38.1 pos '986.1 -100.4 -712.0' spd  98.2 yaw   5.9 mode 0 st 1 gl 1 hp 84 frg -1
ARGEVT Joe Rogan route 18 start '1025.0 -95.0 -712.0' goal '1025.0 -351.0 -544.0'
ARGLOG Romero t  38.2 pos '944.0 -349.6  66.4' spd  71.3 yaw 197 mode 2 st 4 gl 0 hp 100 frg 0
ARGLOG Carmack t  38.2 pos '1232.5 -115.4 -712.0' spd 320.7 yaw 184.0 mode 2 st 1 gl 0 hp 76 frg 0
ARGLOG Joe Rogan t  38.6 pos '1010.7 -100.1 -712.0' spd 320.2 yaw 354.4 mode 2 st 1 gl 1 hp 84 frg -1
ARGEVT Romero hazard
ARGLOG Romero t  38.7 pos '944.0 -350.3  24.0' spd 179.8 yaw 197 mode 2 st 4 gl 0 hp 100 frg 0
ARGLOG Carmack t  38.7 pos '1244.6 -133.8 -712.0' spd  72.1 yaw 172.4 mode 2 st 1 gl 0 hp 68 frg 0
ARGLOG Joe Rogan t  39.2 pos '1032.4 -99.3 -712.0' spd 353.3 yaw 350.3 mode 2 st 1 gl 1 hp 60 frg -1
ARGLOG Romero t  39.3 pos '944.0 -277.6  24.0' spd 119.9 yaw 224 mode 2 st 4 gl 0 hp 100 frg 0
ARGLOG Carmack t  39.3 pos '1263.9 -128.7 -712.0' spd  82.9 yaw 169.6 mode 2 st 1 gl 0 hp 44 frg 0
ARGEVT Carmack retreat
ARGLOG Joe Rogan t  39.7 pos '1042.8 -131.4 -712.0' spd 320.4 yaw 350.4 mode 2 st 1 gl 1 hp 56 frg -1
ARGEVT Romero hazard
ARGLOG Romero t  39.8 pos '944.0 -221.4  24.0' spd 104.4 yaw 236 mode 2 st 4 gl 0 hp 100 frg 0
ARGLOG Carmack t  39.8 pos '1325.8 -203.1 -712.0' spd 224.2 yaw 166.9 mode 2 st 1 gl 0 hp 20 frg 0
ARGEVT Carmack hazard
ARGEVT Carmack death Joe Rogan pos '1321.1 -212.4 -712.0'
ARGUS Joe Rogan watch spawn
ARGEVT Joe Rogan goal weapon_rocketlauncher
ARGEVT Joe Rogan hazard
ARGLOG Joe Rogan t  40.2 pos '1080.2 -178.6 -712.0' spd 321.8 yaw 342.6 mode 0 st 1 gl 1 hp 56 frg 0
ARGEVT Joe Rogan route 20 start '1025.0 -95.0 -712.0' goal '1249.0 -127.0 -552.0'
ARGLOG Romero t  40.3 pos '944.0 -265.1  24.0' spd 357.7 yaw 227 mode 2 st 4 gl 0 hp 100 frg 0
ARGLOG Joe Rogan t  40.7 pos '1244.6 -149.3 -712.0' spd 323.0 yaw 213 mode 2 st 1 gl 1 hp 56 frg 0
ARGEVT Romero hazard
ARGLOG Romero t  40.8 pos '952.7 -352.8  24.0' spd 321.2 yaw 195 mode 2 st 4 gl 0 hp 100 frg 0
ARGLOG Joe Rogan t  41.2 pos '1232.3 -80.0 -712.0' spd 320.2 yaw 193.1 mode 2 st 1 gl 1 hp 56 frg 0
ARGLOG Romero t  41.3 pos '944.0 -258.9  24.0' spd 117.2 yaw 229 mode 2 st 4 gl 0 hp 100 frg 0
ARGEVT Carmack respawn
ARGEVT Carmack plan powerup via weapon
ARGEVT Carmack goal weapon_supernailgun
ARGLOG Carmack t  41.5 pos '672.0 720.0 -708.0' spd 0 yaw 253.7 mode 0 st 1 gl 0 hp 100 frg 0
ARGEVT Joe Rogan hazard
ARGEVT Carmack routefail
ARGLOG Joe Rogan t  41.7 pos '1103.5 -156.5 -712.0' spd  92.0 yaw 357.9 mode 2 st 1 gl 1 hp 56 frg 0
ARGEVT Carmack plan powerup via weapon
ARGEVT Carmack goal weapon_grenadelauncher
ARGEVT Romero hazard
ARGEVT Carmack hazard
ARGEVT Carmack route 3 start '673.0 673.0 -708.0' goal '609.0 257.0 -473.0'
ARGLOG Romero t  41.8 pos '944.0 -349.8  24.0' spd 385.7 yaw 197 mode 2 st 4 gl 0 hp 100 frg 0
ARGLOG Carmack t  42.0 pos '617.1 610.4 -712.0' spd  86.6 yaw 267 mode 2 st 1 gl 0 hp 100 frg 0
ARGLOG Joe Rogan t  42.2 pos '1261.3 -171.7 -712.0' spd 337.7 yaw 215 mode 2 st 1 gl 1 hp 56 frg 0
ARGLOG Romero t  42.3 pos '947.4 -294.8  24.0' spd 117.5 yaw 218 mode 2 st 4 gl 0 hp 100 frg 0
ARGLOG Carmack t  42.6 pos '742.0 703.4 -712.0' spd 420.1 yaw 243 mode 2 st 1 gl 0 hp 100 frg 0
ARGLOG Joe Rogan t  42.8 pos '1277.1 -315.1 -712.0' spd 396.9 yaw 198 mode 2 st 1 gl 1 hp 56 frg 0
ARGEVT Carmack hazard
ARGEVT Joe Rogan hazard
ARGLOG Romero t  42.9 pos '968.5 -356.4  24.0' spd 165.5 yaw 192 mode 2 st 4 gl 0 hp 100 frg 0
ARGEVT Romero hazard
ARGLOG Carmack t  43.1 pos '856.7 647.3 -712.0' spd 114.1 yaw 219 mode 2 st 1 gl 0 hp 100 frg 0
ARGLOG Joe Rogan t  43.3 pos '1228.5 -424.8 -712.0' spd 152.6 yaw 184 mode 2 st 1 gl 1 hp 56 frg 0
ARGLOG Romero t  43.4 pos '953.7 -298.5  24.0' spd 112.5 yaw 215 mode 2 st 4 gl 0 hp 100 frg 0
ARGLOG Carmack t  43.6 pos '725.5 656.5 -712.0' spd 382.6 yaw 241 mode 2 st 1 gl 0 hp 100 frg 0
ARGLOG Joe Rogan t  43.8 pos '1148.4 -475.8 -712.0' spd 384.2 yaw 174 mode 2 st 1 gl 1 hp 56 frg 0
ARGEVT Joe Rogan hazard
ARGLOG Romero t  43.9 pos '975.3 -364.9  24.0' spd 120.1 yaw 188 mode 2 st 4 gl 0 hp 100 frg 0
ARGEVT Romero hazard
ARGEVT Carmack jump
ARGLOG Carmack t  44.1 pos '609.9 529.1 -685.0' spd 330.7 yaw 270 mode 2 st 1 gl 0 hp 100 frg 0
ARGLOG Joe Rogan t  44.3 pos '1077.7 -549.0 -712.0' spd 139.1 yaw 154 mode 2 st 1 gl 1 hp 56 frg 0
ARGEVT Romero abandon
ARGEVT Romero goal item_armor2
ARGLOG Romero t  44.4 pos '944.0 -288.4  24.0' spd 124.4 yaw 202.4 mode 0 st 4 gl 0 hp 100 frg 0
ARGEVT Romero route 6 start '833.0 -383.0 -368.0' goal '673.0 321.0 -712.0'
ARGLOG Carmack t  44.6 pos '525.8 392.1 -556.6' spd 280.5 yaw 302 mode 2 st 1 gl 0 hp 100 frg 0
ARGLOG Joe Rogan t  44.8 pos '1101.0 -519.4 -712.0' spd 381.2 yaw 162 mode 2 st 1 gl 1 hp 56 frg 0
ARGEVT Joe Rogan hazard
ARGLOG Romero t  44.9 pos '944.0 -229.9  24.0' spd 106.6 yaw 304 mode 2 st 4 gl 0 hp 100 frg 0
ARGEVT Romero hazard
ARGLOG Carmack t  45.1 pos '467.9 262.0 -437.5' spd 289.8 yaw 358 mode 2 st 1 gl 0 hp 100 frg 0
ARGLOG Joe Rogan t  45.3 pos '1216.9 -454.0 -712.0' spd 148.7 yaw 178 mode 2 st 1 gl 1 hp 56 frg 0
ARGLOG Romero t  45.4 pos '944.0 -249.9  24.0' spd 345.9 yaw 309 mode 2 st 4 gl 0 hp 100 frg 0
ARGLOG Carmack t  45.6 pos '545.0 138.0 -344.4' spd 304.7 yaw 61 mode 2 st 1 gl 0 hp 100 frg 0
ARGLOG Joe Rogan t  45.8 pos '1239.6 -331.1 -712.0' spd 399.1 yaw 198 mode 2 st 1 gl 1 hp 56 frg 0
ARGLOG Romero t  45.9 pos '963.7 -364.2  24.0' spd 226.3 yaw 12 mode 2 st 4 gl 0 hp 100 frg 0
ARGEVT Joe Rogan hazard
ARGEVT Romero hazard
ARGLOG Carmack t  46.2 pos '694.9 157.8 -277.9' spd 318.3 yaw 130 mode 2 st 1 gl 0 hp 100 frg 0
ARGEVT Romero stall
ARGEVT Romero stallnode '833.0 -383.0 -368.0'
ARGEVT Romero jump
ARGLOG Joe Rogan t  46.4 pos '1231.6 -192.3 -712.0' spd 246.8 yaw 215 mode 2 st 1 gl 1 hp 56 frg 0
ARGUS routecache adopt
ARGEVT Romero route 6 start '833.0 -383.0 -368.0' goal '673.0 321.0 -712.0'
ARGLOG Romero t  46.5 pos '944.4 -285.2  64.3' spd  98.3 yaw 166.4 mode 0 st 5 gl 0 hp 100 frg 0
ARGLOG Carmack t  46.7 pos '724.0 310.9 -237.7' spd 329.7 yaw 206 mode 2 st 1 gl 0 hp 100 frg 0
ARGLOG Joe Rogan t  46.9 pos '1080.5 -172.3 -712.0' spd 350.6 yaw 232 mode 2 st 1 gl 1 hp 56 frg 0
ARGLOG Romero t  47.0 pos '944.0 -283.1 106.4' spd  42.3 yaw 321 mode 2 st 5 gl 0 hp 100 frg 0
ARGEVT Joe Rogan hazard
ARGLOG Carmack t  47.2 pos '578.2 374.4 -224.1' spd 339.3 yaw 285 mode 2 st 1 gl 0 hp 100 frg 0
ARGLOG Joe Rogan t  47.4 pos '1039.0 -180.3 -712.0' spd 323.7 yaw 237 mode 2 st 1 gl 1 hp 56 frg 0
ARGLOG Romero t  47.5 pos '944.0 -306.9  76.0' spd  49.6 yaw 332 mode 2 st 5 gl 0 hp 100 frg 0
ARGLOG Carmack t  47.7 pos '492.9 237.7 -237.0' spd 346.6 yaw 9 mode 2 st 1 gl 0 hp 100 frg 0
ARGLOG Joe Rogan t  47.9 pos '1129.1 -174.0 -712.0' spd 121.4 yaw 226 mode 2 st 1 gl 1 hp 56 frg 0
ARGLOG Romero t  48.0 pos '944.0 -335.6  24.0' spd  62.6 yaw 350 mode 2 st 5 gl 0 hp 100 frg 0
ARGEVT Romero hazard
ARGEVT Joe Rogan hazard
ARGLOG Carmack t  48.2 pos '623.4 140.6 -276.3' spd 351.5 yaw 97 mode 2 st 1 gl 0 hp 100 frg 0
ARGLOG Joe Rogan t  48.4 pos '1088.8 -177.1 -712.0' spd 375.2 yaw 231 mode 2 st 1 gl 1 hp 56 frg 0
ARGLOG Romero t  48.5 pos '945.9 -323.5  24.0' spd 155.6 yaw 341 mode 2 st 5 gl 0 hp 100 frg 0
ARGLOG Carmack t  48.7 pos '725.2 269.4 -342.0' spd 355.4 yaw 187 mode 2 st 1 gl 0 hp 100 frg 0
ARGLOG Joe Rogan t  48.9 pos '1002.0 -175.7 -712.0' spd 256.2 yaw 244 mode 2 st 1 gl 1 hp 56 frg 0
ARGLOG Romero t  49.0 pos '949.4 -272.0  24.0' spd 111.9 yaw 314 mode 2 st 5 gl 0 hp 100 frg 0
ARGEVT Joe Rogan hazard
ARGEVT Romero hazard
ARGLOG Carmack t  49.2 pos '594.3 370.1 -434.3' spd 357.5 yaw 278 mode 2 st 1 gl 0 hp 100 frg 0
ARGLOG Joe Rogan t  49.4 pos '1114.5 -181.6 -712.0' spd 139.4 yaw 227 mode 2 st 1 gl 1 hp 56 frg 0
ARGLOG Romero t  49.5 pos '947.3 -343.4  24.0' spd 242.6 yaw 355 mode 2 st 5 gl 0 hp 100 frg 0
ARGLOG Carmack t  49.8 pos '498.8 236.1 -552.7' spd 359.3 yaw 10 mode 2 st 1 gl 0 hp 100 frg 0
ARGLOG Joe Rogan t  50.0 pos '1175.7 -184.8 -712.0' spd 108.9 yaw 221 mode 2 st 1 gl 1 hp 56 frg 0
ARGLOG Romero t  50.1 pos '944.7 -308.3  24.0' spd 146.0 yaw 332 mode 2 st 5 gl 0 hp 100 frg 0
ARGEVT Joe Rogan hazard
ARGEVT Romero hazard
ARGLOG Carmack t  50.3 pos '534.7 158.9 -558.0' spd  82.6 yaw 52 mode 2 st 1 gl 0 hp 100 frg 0
ARGLOG Joe Rogan t  50.5 pos '1029.7 -160.4 -712.0' spd 271.4 yaw 241 mode 2 st 1 gl 1 hp 56 frg 0
ARGLOG Romero t  50.6 pos '945.1 -299.2  24.0' spd 315.0 yaw 328 mode 2 st 5 gl 0 hp 100 frg 0
ARGLOG Carmack t  50.8 pos '570.6 154.7 -517.0' spd  60.9 yaw 69 mode 2 st 1 gl 0 hp 100 frg 0
ARGLOG Joe Rogan t  51.0 pos '1077.7 -179.5 -712.0' spd 293.3 yaw 232 mode 2 st 1 gl 1 hp 56 frg 0
ARGLOG Romero t  51.1 pos '947.0 -323.7  24.0' spd 320.8 yaw 341 mode 2 st 5 gl 0 hp 100 frg 0
ARGEVT Joe Rogan hazard
ARGEVT Romero hazard
ARGLOG Carmack t  51.3 pos '603.4 162.6 -495.8' spd  69.1 yaw 86 mode 2 st 1 gl 0 hp 100 frg 0
ARGLOG Joe Rogan t  51.5 pos '1146.7 -175.9 -712.0' spd 111.1 yaw 224 mode 2 st 1 gl 1 hp 56 frg 0
ARGLOG Romero t  51.6 pos '944.0 -250.6  24.0' spd 114.5 yaw 309 mode 2 st 5 gl 0 hp 100 frg 0
ARGLOG Carmack t  51.8 pos '634.8 177.3 -491.0' spd  57.7 yaw 107 mode 2 st 1 gl 0 hp 100 frg 0
ARGLOG Joe Rogan t  52.0 pos '1011.3 -174.8 -712.0' spd 304.3 yaw 242 mode 2 st 1 gl 1 hp 56 frg 0
ARGLOG Romero t  52.1 pos '944.0 -342.8  24.0' spd 395.3 yaw 355 mode 2 st 5 gl 0 hp 100 frg 0
ARGEVT Joe Rogan hazard
ARGEVT Romero hazard
ARGLOG Carmack t  52.3 pos '649.6 197.5 -468.0' spd  42.1 yaw 124 mode 2 st 1 gl 0 hp 100 frg 0
ARGEVT Joe Rogan stall
ARGEVT Joe Rogan stallnode '1025.0 -287.0 -752.0'
ARGLOG Joe Rogan t  52.5 pos '1081.0 -170.4 -712.0' spd 144.1 yaw 450.0 mode 0 st 2 gl 1 hp 56 frg 0
ARGEVT Joe Rogan jump
ARGLOG Romero t  52.6 pos '944.0 -294.8  24.0' spd 132.2 yaw 326 mode 2 st 5 gl 0 hp 100 frg 0
ARGEVT Joe Rogan route 20 start '1025.0 -95.0 -712.0' goal '1249.0 -127.0 -552.0'
ARGLOG Carmack t  52.8 pos '645.2 210.0 -449.9' spd  34.1 yaw 127 mode 2 st 1 gl 0 hp 100 frg 0
ARGLOG Joe Rogan t  53.0 pos '1145.8 -197.6 -633.6' spd 145.7 yaw 217 mode 2 st 2 gl 1 hp 56 frg 0
ARGLOG Romero t  53.2 pos '944.0 -235.8  24.0' spd 106.8 yaw 306 mode 2 st 5 gl 0 hp 100 frg 0
ARGEVT Romero hazard
ARGLOG Carmack t  53.4 pos '628.6 218.0 -454.0' spd  38.1 yaw 113 mode 1 st 1 gl 0 hp 100 frg 0
ARGLOG Joe Rogan t  53.6 pos '1099.6 -249.2 -656.1' spd 165.1 yaw 207 mode 2 st 2 gl 1 hp 56 frg 0
ARGLOG Romero t  53.7 pos '944.0 -301.7  24.0' spd 372.4 yaw 329 mode 2 st 5 gl 0 hp 100 frg 0
ARGLOG Carmack t  53.9 pos '566.6 361.3 -521.5' spd 320.0 yaw 114 mode 1 st 1 gl 0 hp 100 frg 0
ARGLOG Joe Rogan t  54.1 pos '1012.4 -252.2 -704.8' spd 178.2 yaw 85 mode 2 st 2 gl 1 hp 56 frg 0
ARGLOG Romero t  54.2 pos '944.0 -309.3  24.0' spd 225.7 yaw 333 mode 2 st 5 gl 0 hp 100 frg 0
ARGEVT Carmack hazard
ARGEVT Romero hazard
ARGLOG Carmack t  54.4 pos '487.4 501.4 -660.9' spd 327.9 yaw 163.0 mode 1 st 1 gl 0 hp 100 frg 0
ARGLOG Joe Rogan t  54.6 pos '991.1 -208.0 -752.0' spd 132.3 yaw 294 mode 2 st 2 gl 1 hp 36 frg 0
ARGLOG Romero t  54.7 pos '944.0 -246.7  24.0' spd 107.9 yaw 308 mode 2 st 5 gl 0 hp 100 frg 0
ARGEVT Carmack abandon
ARGEVT Carmack plan powerup via weapon
ARGEVT Carmack goal weapon_rocketlauncher
ARGEVT Carmack abandon
ARGLOG Carmack t  54.9 pos '371.5 579.7 -680.7' spd 129.0 yaw 307.8 mode 0 st 1 gl 0 hp 100 frg 0
ARGLOG Joe Rogan t  55.1 pos '1035.6 -208.0 -752.0' spd  14.2 yaw 263 mode 2 st 2 gl 1 hp 6 frg 0
ARGEVT Carmack plan powerup via weapon
ARGEVT Carmack goal weapon_supernailgun
ARGEVT Carmack abandon
ARGLOG Romero t  55.2 pos '944.0 -241.3  24.0' spd 308.0 yaw 307 mode 2 st 5 gl 0 hp 100 frg 0
ARGEVT Joe Rogan death world pos '1033.7 -208.0 -752.0'
ARGEVT Carmack plan powerup via weapon
ARGEVT Carmack goal weapon_nailgun
ARGEVT Carmack abandon
ARGEVT Romero hazard
ARGLOG Carmack t  55.4 pos '366.5 570.1 -726.5' spd  31.6 yaw 340.7 mode 0 st 1 gl 0 hp 100 frg 0
ARGEVT Carmack routefail
ARGEVT Carmack plan powerup via weapon
ARGEVT Carmack goal weapon_supershotgun
ARGEVT Carmack abandon
ARGEVT Carmack routefail
ARGLOG Romero t  55.7 pos '952.7 -356.0  24.0' spd 320.8 yaw 3 mode 2 st 5 gl 0 hp 100 frg 0
ARGEVT Carmack goal item_artifact_super_damage
ARGEVT Carmack route 4 start '289.0 513.0 -712.0' goal '673.0 929.0 -728.0'
ARGEVT Carmack jump
ARGLOG Carmack t  55.9 pos '336.0 582.4 -711.7' spd  87.9 yaw 49 mode 2 st 1 gl 0 hp 100 frg 0
ARGLOG Romero t  56.2 pos '944.0 -266.1  24.0' spd 116.1 yaw 314 mode 2 st 5 gl 0 hp 100 frg 0
ARGEVT Romero hazard
ARGLOG Carmack t  56.4 pos '338.7 628.2 -595.6' spd  93.5 yaw 44 mode 2 st 1 gl 0 hp 100 frg 0
ARGLOG Romero t  56.7 pos '944.0 -212.0  24.0' spd 100.9 yaw 301 mode 2 st 5 gl 0 hp 100 frg 0
ARGEVT Joe Rogan respawn
ARGEVT Joe Rogan plan powerup via weapon
ARGEVT Joe Rogan goal weapon_grenadelauncher
ARGEVT Joe Rogan engage Carmack
ARGLOG Joe Rogan t  56.8 pos '672.0  48.0 -552.0' spd 0 yaw 115.8 mode 0 st 2 gl 1 hp 100 frg -1
ARGEVT Joe Rogan route 2 start '737.0  65.0 -552.0' goal '609.0 257.0 -473.0'
ARGLOG Carmack t  57.0 pos '358.1 674.9 -506.0' spd 105.0 yaw 40 mode 2 st 1 gl 0 hp 100 frg 0
ARGEVT Carmack engage Joe Rogan
ARGLOG Romero t  57.3 pos '944.0 -329.1  24.0' spd 385.3 yaw 345 mode 2 st 5 gl 0 hp 100 frg 0
ARGEVT Carmack grab weapon_grenadelauncher
ARGEVT Joe Rogan grab 
ARGLOG Joe Rogan t  57.4 pos '605.7 188.8 -477.9' spd 320.1 yaw 115.9 mode 2 st 2 gl 1 hp 100 frg -1
ARGLOG Carmack t  57.5 pos '403.3 705.8 -440.8' spd 114.0 yaw 299.4 mode 2 st 1 gl 0 hp 100 frg 0
ARGEVT Romero hazard
ARGLOG Romero t  57.8 pos '944.0 -318.5  24.0' spd 126.7 yaw 339 mode 2 st 5 gl 0 hp 100 frg 0
ARGEVT Joe Rogan grab item_armor2
ARGLOG Joe Rogan t  57.9 pos '701.0 331.8 -487.8' spd 331.8 yaw 123.3 mode 1 st 2 gl 1 hp 100 frg -1
ARGLOG Carmack t  58.0 pos '411.8 752.0 -462.1' spd  44.8 yaw 302.9 mode 2 st 1 gl 0 hp 100 frg 0
ARGLOG Romero t  58.3 pos '974.4 -360.7  24.0' spd 143.7 yaw 189 mode 2 st 5 gl 0 hp 100 frg 0
ARGLOG Joe Rogan t  58.4 pos '673.4 325.7 -480.7' spd  76.1 yaw 124.2 mode 1 st 2 gl 1 hp 76 frg -1
ARGLOG Carmack t  58.5 pos '391.7 729.4 -545.9' spd  65.4 yaw 304.0 mode 2 st 1 gl 0 hp 100 frg 0
ARGEVT Romero stall
ARGEVT Romero stallnode '833.0 -383.0 -368.0'
ARGEVT Romero jump
ARGEVT Romero route 6 start '833.0 -383.0 -368.0' goal '673.0 321.0 -712.0'
ARGEVT Joe Rogan retreat
ARGLOG Romero t  58.8 pos '944.0 -281.5  89.7' spd  24.6 yaw 320 mode 2 st 6 gl 0 hp 100 frg 0
ARGLOG Joe Rogan t  58.9 pos '711.3 263.8 -454.0' spd 320.1 yaw 130.0 mode 1 st 2 gl 1 hp 52 frg -1
ARGLOG Carmack t  59.0 pos '384.3 691.7 -656.5' spd  78.7 yaw 307.1 mode 2 st 1 gl 0 hp 100 frg 0
ARGLOG Romero t  59.3 pos '944.0 -300.8 102.4' spd  47.4 yaw 329 mode 2 st 6 gl 0 hp 100 frg 0
ARGEVT Carmack pursue
ARGEVT Joe Rogan pursue
ARGLOG Joe Rogan t  59.4 pos '819.6 139.2 -569.8' spd 320.0 yaw 128 mode 1 st 2 gl 1 hp 52 frg -1
ARGUS Carmack hunch item_armor2
ARGEVT Carmack pursue
ARGLOG Carmack t  59.5 pos '373.9 687.9 -712.0' spd 263.6 yaw 106.3 mode 2 st 1 gl 0 hp 100 frg 0
ARGEVT Carmack plan powerup via weapon
ARGEVT Carmack goal weapon_rocketlauncher
ARGEVT Carmack hazard
ARGEVT Carmack routefail
ARGLOG Romero t  59.8 pos '944.0 -328.2  66.6' spd  58.9 yaw 345 mode 2 st 6 gl 0 hp 100 frg 0
ARGEVT Carmack goal item_artifact_super_damage
ARGEVT Carmack route 3 start '417.0 705.0 -712.0' goal '673.0 929.0 -728.0'
ARGLOG Joe Rogan t  59.9 pos '743.9 242.6 -483.3' spd 320.0 yaw 130.2 mode 1 st 2 gl 1 hp 52 frg -1
ARGLOG Carmack t  60.0 pos '323.4 745.8 -686.8' spd  39.8 yaw 311.0 mode 2 st 1 gl 0 hp 100 frg 0
ARGEVT Romero hazard
ARGLOG Romero t  60.4 pos '958.1 -365.3  24.0' spd 154.3 yaw 12 mode 2 st 6 gl 0 hp 100 frg 0
ARGEVT Carmack pursue
ARGEVT Joe Rogan pursue
ARGLOG Joe Rogan t  60.5 pos '824.0 151.7 -574.8' spd  87.0 yaw 130 mode 1 st 2 gl 1 hp 44 frg -1
ARGLOG Carmack t  60.6 pos '323.1 725.2 -665.9' spd  40.5 yaw 312 mode 2 st 1 gl 0 hp 100 frg 0
ARGLOG Romero t  60.9 pos '952.1 -297.1  24.0' spd 119.8 yaw 324 mode 2 st 6 gl 0 hp 100 frg 0
ARGLOG Joe Rogan t  61.0 pos '741.0 254.5 -479.9' spd  10.9 yaw 134.4 mode 1 st 2 gl 1 hp 28 frg -1
ARGLOG Carmack t  61.1 pos '323.1 704.2 -671.5' spd  40.9 yaw 313.9 mode 2 st 1 gl 0 hp 100 frg 0
ARGEVT Romero hazard
ARGLOG Romero t  61.4 pos '959.9 -357.8  24.0' spd 327.8 yaw 5 mode 2 st 6 gl 0 hp 100 frg 0
ARGEVT Carmack pursue
ARGEVT Joe Rogan pursue
ARGLOG Joe Rogan t  61.5 pos '835.5 146.7 -588.0' spd  91.6 yaw 132 mode 1 st 2 gl 1 hp 28 frg -1
ARGLOG Carmack t  61.6 pos '323.4 683.1 -703.5' spd  41.6 yaw 315 mode 2 st 1 gl 0 hp 100 frg 0
ARGEVT Carmack hazard
ARGLOG Romero t  61.9 pos '944.8 -302.7  24.0' spd 131.5 yaw 329 mode 2 st 6 gl 0 hp 100 frg 0
ARGLOG Joe Rogan t  62.0 pos '737.7 259.2 -476.2' spd 320 yaw 113.6 mode 1 st 2 gl 1 hp 28 frg -1
ARGLOG Carmack t  62.1 pos '427.7 688.0 -712.0' spd 298.4 yaw 306.0 mode 2 st 1 gl 0 hp 100 frg 0
ARGLOG Romero t  62.4 pos '944.9 -292.3  24.0' spd 308.8 yaw 324 mode 2 st 6 gl 0 hp 100 frg 0
ARGEVT Romero hazard
ARGLOG Joe Rogan t  62.5 pos '825.3 166.3 -576.3' spd 322.0 yaw 103.2 mode 1 st 2 gl 1 hp 28 frg -1
ARGEVT Carmack pursue
ARGEVT Joe Rogan pursue
ARGLOG Carmack t  62.6 pos '546.6 682.3 -712.0' spd 305.6 yaw 313.3 mode 2 st 1 gl 0 hp 100 frg 0
ARGEVT Carmack pursue
ARGLOG Romero t  62.9 pos '946.6 -340.7  24.0' spd 246.6 yaw 353 mode 2 st 6 gl 0 hp 100 frg 0
ARGLOG Joe Rogan t  63.0 pos '777.7 247.5 -522.0' spd 320.1 yaw 127 mode 1 st 2 gl 1 hp 28 frg -1
ARGLOG Carmack t  63.1 pos '686.2 583.2 -712.0' spd 378.8 yaw 282.9 mode 2 st 1 gl 0 hp 100 frg 0
ARGLOG Romero t  63.4 pos '950.0 -269.9  24.0' spd 110.9 yaw 313 mode 2 st 6 gl 0 hp 100 frg 0
ARGEVT Romero hazard
ARGLOG Joe Rogan t  63.5 pos '811.1 180.6 -560.1' spd 320.1 yaw 137.0 mode 1 st 2 gl 1 hp 8 frg -1
ARGEVT Carmack pursue
ARGEVT Carmack route 4 start '673.0 545.0 -712.0' goal '673.0 929.0 -728.0'
ARGEVT Joe Rogan pursue
ARGLOG Carmack t  63.6 pos '625.4 475.2 -712.0' spd 320.2 yaw 303 mode 2 st 1 gl 0 hp 100 frg 0
ARGLOG Romero t  63.9 pos '968.8 -367.2  24.0' spd 240 yaw 187 mode 2 st 6 gl 0 hp 100 frg 0
ARGLOG Joe Rogan t  64.0 pos '802.4 242.8 -550.2' spd 320.0 yaw 106 mode 1 st 2 gl 1 hp 8 frg -1
ARGLOG Carmack t  64.2 pos '691.8 318.0 -712.0' spd 325.9 yaw 323 mode 0 st 1 gl 0 hp 100 frg 0
ARGEVT Carmack route 5 start '673.0 321.0 -712.0' goal '673.0 929.0 -728.0'
ARGEVT Romero stall
ARGEVT Romero stallnode '833.0 -383.0 -368.0'
ARGEVT Romero jump
ARGEVT Romero route 6 start '833.0 -383.0 -368.0' goal '673.0 321.0 -712.0'
ARGLOG Romero t  64.5 pos '944.0 -282.5  64.0' spd  86.0 yaw 320 mode 2 st 7 gl 0 hp 100 frg 0
ARGLOG Joe Rogan t  64.6 pos '757.3 400.3 -566.0' spd 320.0 yaw 106 mode 1 st 2 gl 1 hp 8 frg -1
ARGEVT Romero abandon
ARGEVT Romero goal weapon_supernailgun
ARGEVT Carmack pursue
ARGEVT Romero route 10 start '833.0 -383.0 -368.0' goal '673.0 257.0 -454.0'
ARGLOG Carmack t  64.7 pos '828.4 329.5 -712.0' spd 314.3 yaw 120.9 mode 2 st 1 gl 0 hp 100 frg 0
ARGUS Joe Rogan hunch item_artifact_super_damage
ARGEVT Joe Rogan goal item_artifact_super_damage
ARGEVT Joe Rogan route 5 start '705.0 385.0 -549.0' goal '673.0 929.0 -728.0'
ARGLOG Romero t  65.0 pos '944.0 -296.3 106.4' spd  45.8 yaw 326 mode 2 st 7 gl 0 hp 100 frg 0
ARGLOG Joe Rogan t  65.1 pos '707.3 574.3 -512.6' spd 320.0 yaw 167.4 mode 2 st 2 gl 1 hp 8 frg -1
ARGLOG Carmack t  65.2 pos '704.6 387.9 -712.0' spd 344.6 yaw 102.7 mode 2 st 1 gl 0 hp 100 frg 0
ARGLOG Romero t  65.5 pos '944.0 -322.7  75.9' spd  56.1 yaw 341 mode 2 st 7 gl 0 hp 100 frg 0
ARGLOG Joe Rogan t  65.6 pos '659.6 741.1 -450.8' spd 344.3 yaw 299.4 mode 0 st 2 gl 1 hp 4 frg -1
ARGEVT Joe Rogan weapon sg
ARGUS routecache adopt
ARGEVT Joe Rogan route 5 start '705.0 385.0 -549.0' goal '673.0 929.0 -728.0'
ARGLOG Carmack t  65.7 pos '758.5 337.6 -712.0' spd 330.0 yaw 104.3 mode 2 st 1 gl 0 hp 100 frg 0
ARGUS routecache adopt
ARGEVT Joe Rogan route 5 start '705.0 385.0 -549.0' goal '673.0 929.0 -728.0'
ARGLOG Romero t  66.0 pos '944.0 -356.6  24.0' spd  76.3 yaw 3 mode 2 st 7 gl 0 hp 100 frg 0
ARGEVT Romero hazard
ARGEVT Joe Rogan abandon
ARGEVT Carmack pursue
ARGEVT Joe Rogan goal item_health
ARGEVT Joe Rogan abandon
ARGLOG Joe Rogan t  66.1 pos '592.9 752.0 -412.4' spd 129.4 yaw 239.6 mode 0 st 2 gl 1 hp 4 frg -1
ARGLOG Carmack t  66.2 pos '815.5 414.7 -712.0' spd 320.7 yaw 115 mode 2 st 1 gl 0 hp 100 frg 0
ARGEVT Joe Rogan goal item_health
ARGEVT Joe Rogan abandon
ARGEVT Joe Rogan plan powerup via weapon
ARGEVT Joe Rogan goal weapon_rocketlauncher
ARGEVT Joe Rogan abandon
ARGLOG Romero t  66.5 pos '950.5 -309.9  24.0' spd 125.7 yaw 332 mode 2 st 7 gl 0 hp 100 frg 0
ARGLOG Joe Rogan t  66.6 pos '570.0 745.0 -400.6' spd  40.4 yaw 144.6 mode 0 st 2 gl 1 hp 4 frg -1
ARGEVT Joe Rogan plan powerup via weapon
ARGEVT Joe Rogan goal weapon_grenadelauncher
ARGEVT Joe Rogan abandon
ARGLOG Carmack t  66.7 pos '784.6 414.9 -712.0' spd  52.8 yaw 111 mode 2 st 1 gl 0 hp 100 frg 0
ARGEVT Joe Rogan plan powerup via weapon
ARGEVT Joe Rogan goal weapon_nailgun
ARGEVT Joe Rogan abandon
ARGLOG Romero t  67.0 pos '945.4 -348.3  24.0' spd 375.2 yaw 359 mode 2 st 7 gl 0 hp 100 frg 0
ARGEVT Romero hazard
ARGEVT Joe Rogan routefail
ARGEVT Joe Rogan plan powerup via weapon
ARGEVT Joe Rogan goal weapon_supershotgun
ARGEVT Joe Rogan abandon
ARGLOG Joe Rogan t  67.1 pos '564.3 742.5 -415.1' spd  30.6 yaw 125.3 mode 0 st 2 gl 1 hp 4 frg -1
ARGLOG Carmack t  67.2 pos '761.4 414.9 -712.0' spd  40.1 yaw 107 mode 2 st 1 gl 0 hp 100 frg 0
ARGEVT Joe Rogan routefail
ARGEVT Joe Rogan goal item_health
ARGUS routecache adopt
ARGEVT Joe Rogan route 5 start '705.0 385.0 -549.0' goal '673.0 929.0 -728.0'
ARGEVT Joe Rogan abandon
ARGEVT Joe Rogan goal item_health
ARGEVT Joe Rogan abandon
ARGLOG Romero t  67.5 pos '945.8 -309.6  24.0' spd 140.6 yaw 333 mode 2 st 7 gl 0 hp 100 frg 0
ARGEVT Joe Rogan pursue
ARGLOG Joe Rogan t  67.7 pos '571.5 744.2 -456.4' spd  30.0 yaw 134.0 mode 0 st 2 gl 1 hp 4 frg -1
ARGEVT Joe Rogan plan powerup via weapon
ARGEVT Joe Rogan goal weapon_supernailgun
ARGEVT Joe Rogan death Carmack pos '569.8 747.0 -467.9'
ARGUS Carmack watch spawn
ARGLOG Carmack t  67.8 pos '743.9 414.9 -712.0' spd  29.8 yaw 117.4 mode 2 st 1 gl 0 hp 100 frg 1
ARGEVT Carmack goal weapon_rocketlauncher
ARGEVT Carmack route 11 start '673.0 321.0 -712.0' goal '1249.0 -127.0 -552.0'
ARGLOG Romero t  68.1 pos '967.1 -366.3  24.0' spd 141.7 yaw 188 mode 2 st 7 gl 0 hp 100 frg 0
ARGEVT Romero hazard
ARGLOG Carmack t  68.3 pos '624.3 492.5 -712.0' spd 320.0 yaw 89 mode 2 st 1 gl 0 hp 100 frg 1
ARGLOG Romero t  68.6 pos '947.9 -287.0  24.0' spd 126.0 yaw 321 mode 2 st 7 gl 0 hp 100 frg 0
ARGLOG Carmack t  68.8 pos '627.2 657.3 -712.0' spd 320.0 yaw 90 mode 2 st 1 gl 0 hp 100 frg 1
ARGEVT Carmack hazard
ARGLOG Romero t  69.1 pos '944.0 -321.3  24.0' spd 355.2 yaw 340 mode 2 st 7 gl 0 hp 100 frg 0
ARGEVT Romero hazard
ARGEVT Joe Rogan respawn
ARGLOG Carmack t  69.3 pos '737.9 737.6 -712.0' spd 372.8 yaw 281 mode 2 st 1 gl 0 hp 100 frg 1
ARGEVT Joe Rogan plan powerup via weapon
ARGEVT Joe Rogan goal weapon_supernailgun
ARGLOG Joe Rogan t  69.3 pos '672.0  48.0 -552.0' spd 0 yaw 78 mode 1 st 2 gl 1 hp 100 frg -1
ARGLOG Romero t  69.6 pos '944.0 -313.7  24.0' spd 174.3 yaw 336 mode 2 st 7 gl 0 hp 100 frg 0
ARGLOG Carmack t  69.8 pos '857.5 664.1 -712.0' spd 220.8 yaw 267 mode 2 st 1 gl 0 hp 100 frg 1
ARGLOG Joe Rogan t  69.9 pos '703.5 161.8 -508.7' spd 140.9 yaw 80 mode 1 st 2 gl 1 hp 100 frg -1
ARGEVT Joe Rogan engage Carmack
ARGEVT Carmack engage Joe Rogan
ARGEVT Joe Rogan grab weapon_supernailgun
ARGLOG Romero t  70.1 pos '944.0 -253.0  24.0' spd 106.2 yaw 310 mode 2 st 7 gl 0 hp 100 frg 0
ARGEVT Romero hazard
ARGLOG Carmack t  70.3 pos '894.8 670.2 -712.0' spd  70.4 yaw 252.1 mode 2 st 1 gl 0 hp 100 frg 1
ARGLOG Joe Rogan t  70.4 pos '727.0 206.2 -434.7' spd  47.3 yaw  70.0 mode 1 st 2 gl 1 hp 76 frg -1
ARGLOG Romero t  70.6 pos '944.0 -200.0  24.0' spd  97.0 yaw 299 mode 2 st 7 gl 0 hp 100 frg 0
ARGEVT Joe Rogan retreat
ARGLOG Carmack t  70.8 pos '866.2 671.0 -712.0' spd 142.0 yaw 250.9 mode 2 st 1 gl 0 hp 100 frg 1
ARGLOG Joe Rogan t  70.9 pos '698.2 197.0 -343.2' spd 109.0 yaw  70.7 mode 1 st 2 gl 1 hp 64 frg -1
ARGLOG Romero t  71.1 pos '944.0 -316.2  24.0' spd 379.8 yaw 337 mode 2 st 7 gl 0 hp 100 frg 0
ARGEVT Romero hazard
ARGLOG Carmack t  71.3 pos '869.7 697.3 -712.0' spd 239.1 yaw 251.0 mode 2 st 1 gl 0 hp 100 frg 1
ARGLOG Joe Rogan t  71.4 pos '667.4 153.9 -245.3' spd 164.5 yaw  69.8 mode 1 st 2 gl 1 hp 44 frg -1
ARGLOG Romero t  71.7 pos '952.7 -295.7  24.0' spd 367.2 yaw 135.0 mode 2 st 7 gl 0 hp 100 frg 0
ARGLOG Carmack t  71.9 pos '999.0 728.7 -712.0' spd 192.3 yaw 238.9 mode 0 st 1 gl 0 hp 100 frg 1
ARGLOG Joe Rogan t  71.9 pos '617.2  73.2 -125.0' spd 266.4 yaw  58.9 mode 1 st 2 gl 1 hp 28 frg -1
ARGEVT Carmack route 12 start '1057.0 737.0 -712.0' goal '1249.0 -127.0 -552.0'
ARGLOG Romero t  72.2 pos '946.1 -191.0  24.0' spd 249.2 yaw 297 mode 2 st 7 gl 0 hp 100 frg 0
ARGLOG Carmack t  72.4 pos '1040.0 728.0 -736.0' spd 0 yaw 237.0 mode 2 st 1 gl 0 hp 100 frg 1
ARGLOG Joe Rogan t  72.4 pos '545.4  16.0 -56.6' spd 151.8 yaw  48.8 mode 1 st 2 gl 1 hp 24 frg -1
ARGEVT Romero hazard
ARGLOG Romero t  72.7 pos '963.4 -361.2  24.0' spd 383.2 yaw 177.7 mode 2 st 7 gl 0 hp 100 frg 0
ARGLOG Carmack t  72.9 pos '1037.2 704.0 -736.0' spd  26.7 yaw 230.9 mode 2 st 1 gl 0 hp 100 frg 1
ARGLOG Joe Rogan t  72.9 pos '463.7  16.0 -67.6' spd 183.8 yaw  53.3 mode 1 st 2 gl 1 hp 16 frg -1
ARGEVT Joe Rogan grab weapon_nailgun
ARGLOG Romero t  73.2 pos '944.0 -277.4  24.0' spd 117.9 yaw 318 mode 2 st 7 gl 0 hp 100 frg 0
ARGLOG Carmack t  73.4 pos '1008.0 704.0 -736.0' spd 0 yaw 227.9 mode 2 st 1 gl 0 hp 100 frg 1
ARGLOG Joe Rogan t  73.5 pos '363.8  16.0 -83.5' spd 236.4 yaw  46.5 mode 1 st 2 gl 1 hp 4 frg -1
ARGEVT Romero hazard
ARGLOG Romero t  73.7 pos '944.0 -220.9  24.0' spd 104.8 yaw 302 mode 2 st 7 gl 0 hp 100 frg 0
ARGEVT Joe Rogan death Carmack pos '274.4  41.2 -97.2'
ARGLOG Carmack t  73.9 pos '1008.0 704.0 -736.0' spd 0 yaw 169.4 mode 2 st 1 gl 0 hp 100 frg 2
ARGEVT Carmack plan powerup via weapon
ARGEVT Carmack goal weapon_rocketlauncher
ARGUS routecache adopt
ARGEVT Carmack route 12 start '1057.0 737.0 -712.0' goal '1249.0 -127.0 -552.0'
ARGLOG Romero t  74.2 pos '944.0 -312.5  24.0' spd 378.7 yaw 335 mode 2 st 7 gl 0 hp 100 frg 0
ARGEVT Carmack stall
ARGEVT Carmack stallnode '865.0 705.0 -712.0'
ARGLOG Carmack t  74.4 pos '1008.0 706.6 -736.0' spd   2.9 yaw 347.2 mode 0 st 2 gl 0 hp 100 frg 2
ARGEVT Carmack jump
ARGEVT Romero hazard
ARGUS routecache adopt
ARGEVT Carmack route 12 start '1057.0 737.0 -712.0' goal '1249.0 -127.0 -552.0'
ARGLOG Romero t  74.7 pos '948.6 -311.5  24.0' spd 211.6 yaw 333 mode 2 st 7 gl 0 hp 100 frg 0
ARGLOG Carmack t  74.9 pos '998.6 695.5 -611.5' spd  41.0 yaw 184 mode 2 st 2 gl 0 hp 100 frg 2
ARGLOG Romero t  75.3 pos '949.8 -246.5  24.0' spd 112.9 yaw 306 mode 2 st 7 gl 0 hp 100 frg 0
ARGEVT Joe Rogan respawn
ARGEVT Joe Rogan plan powerup via weapon
ARGEVT Joe Rogan goal weapon_supernailgun
ARGLOG Joe Rogan t  75.5 pos '384.0 -256.0 -712.0' spd 0 yaw 163.4 mode 0 st 2 gl 1 hp 100 frg -1
ARGLOG Carmack t  75.5 pos '981.2 682.3 -513.4' spd  43.5 yaw 182 mode 2 st 2 gl 0 hp 100 frg 2
ARGEVT Joe Rogan route 9 start '385.0 -223.0 -712.0' goal '673.0 257.0 -454.0'
ARGLOG Romero t  75.8 pos '966.0 -359.5  24.0' spd 240.0 yaw 180.0 mode 2 st 7 gl 0 hp 100 frg 0
ARGEVT Romero hazard
ARGLOG Joe Rogan t  76.0 pos '226.5 -258.7 -712.0' spd 324.9 yaw 114 mode 2 st 2 gl 1 hp 100 frg -1
ARGLOG Carmack t  76.0 pos '961.6 669.6 -442.0' spd  47.0 yaw 179 mode 2 st 2 gl 0 hp 100 frg 2
ARGLOG Romero t  76.3 pos '944.0 -267.0  24.0' spd 111.4 yaw 314 mode 2 st 7 gl 0 hp 100 frg 0
ARGLOG Joe Rogan t  76.5 pos ' 69.1 -210.0 -712.0' spd 355.6 yaw 90 mode 2 st 2 gl 1 hp 100 frg -1
ARGLOG Carmack t  76.5 pos '938.9 658.2 -397.1' spd  51.5 yaw 176 mode 2 st 2 gl 0 hp 100 frg 2
ARGLOG Romero t  76.8 pos '944.0 -213.0  24.0' spd 100.3 yaw 301 mode 2 st 7 gl 0 hp 100 frg 0
ARGEVT Romero hazard
ARGLOG Joe Rogan t  77.0 pos ' 45.2 -43.1 -712.0' spd 321.5 yaw 48 mode 2 st 2 gl 1 hp 100 frg -1
ARGLOG Carmack t  77.0 pos '911.7 649.9 -378.9' spd  58.8 yaw 174 mode 2 st 2 gl 0 hp 100 frg 2
ARGLOG Romero t  77.3 pos '944.0 -305.7  24.0' spd 375.8 yaw 331 mode 2 st 7 gl 0 hp 100 frg 0
ARGEVT Carmack engage Joe Rogan
ARGEVT Joe Rogan engage Carmack
ARGLOG Joe Rogan t  77.5 pos ' 85.9 118.7 -712.0' spd 344.0 yaw  29.4 mode 2 st 2 gl 1 hp 100 frg -1
ARGLOG Carmack t  77.5 pos '889.8 655.9 -387.0' spd  49.5 yaw 217.9 mode 2 st 2 gl 0 hp 100 frg 2
ARGLOG Romero t  77.8 pos '947.5 -323.4  24.0' spd 260.7 yaw 341 mode 2 st 7 gl 0 hp 100 frg 0
ARGEVT Romero hazard
ARGLOG Joe Rogan t  78.0 pos '211.1 226.4 -712.0' spd 320.3 yaw  36.2 mode 2 st 2 gl 1 hp 96 frg -1
ARGLOG Carmack t  78.0 pos '891.7 681.1 -421.2' spd  49.5 yaw 214.1 mode 2 st 2 gl 0 hp 100 frg 2
ARGEVT Joe Rogan hazard
ARGLOG Romero t  78.3 pos '967.6 -357.0  24.0' spd 146.3 yaw 191 mode 2 st 7 gl 0 hp 100 frg 0
ARGLOG Joe Rogan t  78.5 pos '215.2 245.0 -712.0' spd 151.7 yaw  28.8 mode 2 st 2 gl 1 hp 80 frg -1
ARGLOG Carmack t  78.5 pos '885.7 701.1 -482.0' spd  49.5 yaw 215.9 mode 2 st 2 gl 0 hp 100 frg 2
ARGEVT Romero stall
ARGEVT Romero stallnode '833.0 -383.0 -368.0'
ARGEVT Romero jump
ARGEVT Romero route 10 start '833.0 -383.0 -368.0' goal '673.0 257.0 -454.0'
ARGLOG Romero t  78.9 pos '944.3 -288.5  64.0' spd 137.8 yaw 323 mode 2 st 8 gl 0 hp 100 frg 0
ARGLOG Joe Rogan t  79.1 pos '220.2 265.8 -712.0' spd 126.7 yaw  34.2 mode 2 st 2 gl 1 hp 68 frg -1
ARGLOG Carmack t  79.1 pos '861.4 708.9 -569.4' spd  49.5 yaw 215.0 mode 2 st 2 gl 0 hp 100 frg 2
ARGLOG Romero t  79.4 pos '944.0 -290.6 106.5' spd  44.3 yaw 324 mode 2 st 8 gl 0 hp 100 frg 0
ARGLOG Joe Rogan t  79.6 pos '230.2 239.7 -712.0' spd  63.5 yaw  33.1 mode 2 st 2 gl 1 hp 60 frg -1
ARGLOG Carmack t  79.6 pos '836.6 716.2 -683.1' spd  51.2 yaw 220.1 mode 2 st 2 gl 0 hp 100 frg 2
ARGEVT Joe Rogan hazard
ARGEVT Carmack pursue
ARGLOG Romero t  79.9 pos '944.0 -315.7  75.9' spd  52.6 yaw 337 mode 2 st 8 gl 0 hp 100 frg 0
ARGLOG Joe Rogan t  80.1 pos '176.3 300.8 -712.0' spd 188.5 yaw  29.4 mode 2 st 2 gl 1 hp 52 frg -1
ARGEVT Carmack weapon axe
ARGLOG Carmack t  80.1 pos '741.0 655.0 -712.0' spd 320.4 yaw 212.5 mode 2 st 2 gl 0 hp 100 frg 2
ARGLOG Romero t  80.4 pos '944.0 -347.1  24.0' spd  69.6 yaw 358 mode 2 st 8 gl 0 hp 100 frg 0
ARGEVT Romero hazard
ARGEVT Carmack hazard
ARGLOG Joe Rogan t  80.6 pos '233.9 242.3 -712.0' spd 320.0 yaw 301.4 mode 2 st 2 gl 1 hp 52 frg -1
ARGLOG Carmack t  80.6 pos '636.7 577.8 -712.0' spd 106.3 yaw 69 mode 2 st 2 gl 0 hp 100 frg 2
ARGEVT Carmack pursue
ARGLOG Romero t  80.9 pos '949.3 -308.2  24.0' spd 125.0 yaw 331 mode 2 st 8 gl 0 hp 100 frg 0
ARGLOG Joe Rogan t  81.1 pos '328.0 106.8 -712.0' spd 321.3 yaw 289 mode 2 st 2 gl 1 hp 52 frg -1
ARGLOG Carmack t  81.1 pos '622.2 737.6 -712.0' spd 394.5 yaw 190.1 mode 2 st 2 gl 0 hp 100 frg 2
ARGEVT Joe Rogan pursue
ARGEVT Joe Rogan hazard
ARGLOG Romero t  81.4 pos '944.0 -321.2  24.0' spd 350.2 yaw 340 mode 2 st 8 gl 0 hp 100 frg 0
ARGEVT Romero hazard
ARGLOG Joe Rogan t  81.6 pos '439.6  54.9 -666.7' spd 376.2 yaw  91.8 mode 2 st 2 gl 1 hp 52 frg -1
ARGLOG Carmack t  81.6 pos '465.4 676.7 -712.0' spd 359.6 yaw 269.0 mode 2 st 2 gl 0 hp 100 frg 2
ARGEVT Carmack hazard
ARGLOG Romero t  81.9 pos '944.0 -303.2  24.0' spd 146.1 yaw 330 mode 2 st 8 gl 0 hp 100 frg 0
ARGLOG Joe Rogan t  82.1 pos '522.1 189.2 -572.4' spd 328.8 yaw 103.4 mode 2 st 2 gl 1 hp 52 frg -1
ARGLOG Carmack t  82.1 pos '421.0 677.2 -712.0' spd 199.3 yaw 289.6 mode 2 st 2 gl 0 hp 91 frg 2
ARGEVT Romero goal weapon_rocketlauncher
ARGLOG Romero t  82.5 pos '944.0 -244.2  24.0' spd 107.9 yaw 247.6 mode 0 st 8 gl 0 hp 100 frg 0
ARGEVT Romero hazard
ARGEVT Romero route 1 start '833.0 -159.0 -368.0' goal '833.0 -383.0 -368.0'
ARGEVT Joe Rogan goal item_artifact_invulnerability
ARGLOG Joe Rogan t  82.7 pos '667.4 268.1 -454.0' spd 321.5 yaw 107.5 mode 0 st 2 gl 2 hp 52 frg -1
ARGLOG Carmack t  82.7 pos '436.6 686.2 -712.0' spd 217.6 yaw 305.2 mode 2 st 2 gl 0 hp 91 frg 2
ARGEVT Joe Rogan routefail
ARGEVT Joe Rogan goal item_health
ARGEVT Joe Rogan route 4 start '673.0 257.0 -454.0' goal '1057.0  65.0 -544.0'
ARGLOG Romero t  83.0 pos '944.0 -302.1  24.0' spd 217.1 yaw 217 mode 2 st 8 gl 0 hp 100 frg 0
ARGEVT Carmack hazard
ARGLOG Joe Rogan t  83.2 pos '552.5 256.1 -464.9' spd 320.8 yaw  88.8 mode 2 st 2 gl 2 hp 52 frg -1
ARGLOG Carmack t  83.2 pos '502.6 669.8 -712.0' spd 130.1 yaw 277.5 mode 2 st 2 gl 0 hp 91 frg 2
ARGLOG Romero t  83.5 pos '954.5 -131.5  24.0' spd 238.6 yaw 245 mode 2 st 8 gl 0 hp 100 frg 0
ARGEVT Romero hazard
ARGEVT Joe Rogan route 5 start '609.0 257.0 -473.0' goal '1057.0  65.0 -544.0'
ARGLOG Joe Rogan t  83.7 pos '451.1 226.3 -487.7' spd  59.4 yaw  89.4 mode 2 st 2 gl 2 hp 52 frg -1
ARGLOG Carmack t  83.7 pos '497.7 659.3 -712.0' spd 145.1 yaw 265.2 mode 2 st 2 gl 0 hp 91 frg 2
ARGLOG Romero t  84.0 pos '944.0 -163.3  24.0' spd 272.1 yaw 244 mode 2 st 8 gl 0 hp 100 frg 0
ARGEVT Joe Rogan weapon sg
ARGLOG Joe Rogan t  84.2 pos '469.8 201.0 -537.1' spd  62.1 yaw  89.9 mode 2 st 2 gl 2 hp 52 frg -1
ARGLOG Carmack t  84.2 pos '475.3 658.1 -712.0' spd 103.7 yaw 271.1 mode 2 st 2 gl 0 hp 91 frg 2
ARGEVT Carmack hazard
ARGLOG Romero t  84.5 pos '951.6 -249.7  24.0' spd 123.2 yaw 229 mode 2 st 8 gl 0 hp 100 frg 0
ARGEVT Romero hazard
ARGLOG Joe Rogan t  84.7 pos '462.3 180.8 -612.4' spd  51.5 yaw  89.0 mode 2 st 2 gl 2 hp 52 frg -1
ARGLOG Carmack t  84.7 pos '474.5 656.1 -712.0' spd 105.2 yaw 267.7 mode 2 st 2 gl 0 hp 74 frg 2
ARGLOG Romero t  85.0 pos '944.0 -246.0  24.0' spd 344.2 yaw 231 mode 2 st 8 gl 0 hp 100 frg 0
ARGLOG Joe Rogan t  85.2 pos '466.8 179.6 -635.6' spd  25.7 yaw  89.9 mode 2 st 2 gl 2 hp 52 frg -1
ARGLOG Carmack t  85.2 pos '474.4 660.8 -712.0' spd 128.7 yaw 266.0 mode 2 st 2 gl 0 hp 65 frg 2
ARGLOG Romero t  85.5 pos '944.0 -97.9  24.0' spd 156.3 yaw 249 mode 2 st 8 gl 0 hp 100 frg 0
ARGEVT Carmack hazard
ARGEVT Romero hazard
ARGLOG Joe Rogan t  85.7 pos '477.8 190.3 -623.1' spd  32.1 yaw  89.1 mode 2 st 2 gl 2 hp 52 frg -1
ARGLOG Carmack t  85.7 pos '481.4 655.5 -712.0' spd 110.0 yaw 271.4 mode 2 st 2 gl 0 hp 57 frg 2
ARGLOG Romero t  86.1 pos '946.1 -210.1  24.0' spd 193.5 yaw 237 mode 2 st 8 gl 0 hp 100 frg 0
ARGEVT Joe Rogan grab item_armor2
ARGLOG Joe Rogan t  86.3 pos '487.4 205.4 -612.1' spd  35.2 yaw  90.2 mode 2 st 2 gl 2 hp 52 frg -1
ARGLOG Carmack t  86.3 pos '477.5 657.8 -712.0' spd 127.5 yaw 275.1 mode 2 st 2 gl 0 hp 48 frg 2
ARGLOG Romero t  86.6 pos '947.3 -279.2  24.0' spd 113.9 yaw 223 mode 2 st 8 gl 0 hp 100 frg 0
ARGEVT Romero hazard
ARGEVT Carmack hazard
ARGLOG Joe Rogan t  86.8 pos '491.2 226.9 -607.7' spd  51.3 yaw  91.3 mode 2 st 2 gl 2 hp 52 frg -1
ARGLOG Carmack t  86.8 pos '484.7 655.5 -712.0' spd 103.3 yaw 276.1 mode 2 st 2 gl 0 hp 44 frg 2
ARGLOG Romero t  87.1 pos '944.0 -191.5  24.0' spd 377.0 yaw 240 mode 2 st 8 gl 0 hp 100 frg 0
ARGLOG Joe Rogan t  87.3 pos '492.5 259.2 -606.2' spd  72.4 yaw  90.1 mode 2 st 2 gl 2 hp 52 frg -1
ARGLOG Carmack t  87.3 pos '481.9 662.8 -712.0' spd  69.9 yaw 274.5 mode 2 st 2 gl 0 hp 36 frg 2
ARGLOG Romero t  87.6 pos '944.8 -93.6  24.0' spd 138.2 yaw 249 mode 2 st 8 gl 0 hp 100 frg 0
ARGEVT Romero hazard
ARGEVT Carmack hazard
ARGLOG Joe Rogan t  87.8 pos '493.4 301.7 -602.5' spd  92.2 yaw  89.9 mode 2 st 2 gl 2 hp 52 frg -1
ARGLOG Carmack t  87.8 pos '479.1 657.5 -712.0' spd  89.9 yaw 272.9 mode 2 st 2 gl 0 hp 32 frg 2
ARGLOG Romero t  88.1 pos '951.1 -215.3  24.0' spd 156.1 yaw 235 mode 2 st 8 gl 0 hp 100 frg 0
ARGLOG Joe Rogan t  88.3 pos '483.5 348.1 -615.7' spd  92.2 yaw  92.0 mode 2 st 2 gl 2 hp 52 frg -1
ARGLOG Carmack t  88.3 pos '477.1 656.6 -712.0' spd  90.5 yaw 274.1 mode 2 st 2 gl 0 hp 24 frg 2
ARGLOG Romero t  88.6 pos '957.7 -278.6  24.0' spd 112.1 yaw 220 mode 2 st 8 gl 0 hp 100 frg 0
ARGEVT Romero hazard
ARGEVT Carmack hazard
ARGLOG Joe Rogan t  88.8 pos '474.7 400.3 -626.6' spd 114.5 yaw  90.0 mode 2 st 2 gl 2 hp 52 frg -1
ARGLOG Carmack t  88.8 pos '471.0 657.4 -712.0' spd  60.5 yaw 273.8 mode 2 st 2 gl 0 hp 10 frg 2
ARGEVT Carmack death Joe Rogan pos '464.6 655.5 -712.0'
ARGUS Joe Rogan watch spawn
ARGEVT Joe Rogan goal item_armor2
ARGEVT Joe Rogan route 3 start '481.0 449.0 -622.0' goal '673.0 321.0 -712.0'
ARGLOG Romero t  89.1 pos '944.0 -154.5  24.0' spd 331.3 yaw 245 mode 2 st 8 gl 0 hp 100 frg 0
ARGLOG Joe Rogan t  89.3 pos '471.0 460.1 -630.8' spd 117.7 yaw 88 mode 2 st 2 gl 2 hp 52 frg 0
ARGLOG Romero t  89.7 pos '944.0 -143.7  24.0' spd 326.1 yaw 246 mode 2 st 8 gl 0 hp 100 frg 0
ARGEVT Romero hazard
ARGLOG Joe Rogan t  89.9 pos '477.8 520.4 -656.2' spd 129.4 yaw 7 mode 2 st 2 gl 2 hp 52 frg 0
ARGLOG Romero t  90.2 pos '944.0 -249.7  24.0' spd 128.8 yaw 231 mode 2 st 8 gl 0 hp 100 frg 0
ARGLOG Joe Rogan t  90.4 pos '524.7 571.7 -708.1' spd 142.5 yaw 350 mode 2 st 2 gl 2 hp 52 frg 0
ARGEVT Carmack respawn
ARGEVT Carmack goal weapon_rocketlauncher
ARGLOG Carmack t  90.5 pos '1000.0 -136.0 -712.0' spd 0 yaw 1 mode 0 st 2 gl 0 hp 100 frg 2
ARGEVT Carmack route 20 start '1025.0 -95.0 -712.0' goal '1249.0 -127.0 -552.0'
ARGLOG Romero t  90.7 pos '944.0 -281.7  24.0' spd 212.2 yaw 223 mode 2 st 8 gl 0 hp 100 frg 0
ARGEVT Joe Rogan swim
ARGLOG Joe Rogan t  90.9 pos '592.0 582.9 -764.6' spd  91.2 yaw 225.4 mode 2 st 2 gl 2 hp 32 frg 0
ARGEVT Romero hazard
ARGEVT Carmack hazard
ARGLOG Carmack t  91.0 pos '1159.4 -178.6 -712.0' spd 321.1 yaw 223 mode 2 st 2 gl 0 hp 100 frg 2
ARGLOG Romero t  91.2 pos '944.0 -114.4  24.0' spd 209.2 yaw 248 mode 2 st 8 gl 0 hp 100 frg 0
ARGLOG Joe Rogan t  91.4 pos '561.6 545.9 -758.8' spd 112.9 yaw 128 mode 2 st 2 gl 2 hp 2 frg 0
ARGLOG Carmack t  91.5 pos '1219.5 -195.3 -712.0' spd 108.6 yaw 216 mode 2 st 2 gl 0 hp 100 frg 2
ARGEVT Joe Rogan death world pos '552.0 542.3 -762.2'
ARGLOG Romero t  91.7 pos '944.0 -189.5  24.0' spd 275.7 yaw 241 mode 2 st 8 gl 0 hp 100 frg 0
ARGEVT Romero hazard
ARGEVT Carmack hazard
ARGLOG Carmack t  92.0 pos '1225.8 -326.8 -712.0' spd 220.1 yaw 199 mode 2 st 2 gl 0 hp 100 frg 2
ARGLOG Romero t  92.2 pos '944.0 -268.4  24.0' spd 120.0 yaw 226 mode 2 st 8 gl 0 hp 100 frg 0
ARGLOG Carmack t  92.5 pos '1248.2 -399.8 -712.0' spd 120.0 yaw 188 mode 2 st 2 gl 0 hp 100 frg 2
ARGLOG Romero t  92.7 pos '944.0 -205.6  24.0' spd 380.0 yaw 238 mode 2 st 8 gl 0 hp 100 frg 0
ARGEVT Romero hazard
ARGEVT Carmack hazard
ARGLOG Carmack t  93.1 pos '1232.1 -253.0 -712.0' spd 314.7 yaw 208 mode 2 st 2 gl 0 hp 100 frg 2
ARGEVT Joe Rogan respawn
ARGEVT Joe Rogan goal item_armor2
ARGLOG Joe Rogan t  93.2 pos '672.0 720.0 -708.0' spd 0 yaw 270 mode 0 st 2 gl 2 hp 100 frg -1
ARGEVT Joe Rogan route 2 start '673.0 673.0 -708.0' goal '673.0 321.0 -712.0'
ARGLOG Romero t  93.3 pos '944.0 -97.6  24.0' spd 140.3 yaw 249 mode 2 st 8 gl 0 hp 100 frg 0
ARGLOG Carmack t  93.6 pos '1198.2 -184.1 -712.0' spd 331.2 yaw 219 mode 2 st 2 gl 0 hp 100 frg 2
ARGLOG Joe Rogan t  93.7 pos '674.7 564.9 -712.0' spd 320.0 yaw 270 mode 2 st 2 gl 2 hp 100 frg -1
ARGLOG Romero t  93.8 pos '944.0 -228.2  24.0' spd 154.0 yaw 235 mode 2 st 8 gl 0 hp 100 frg 0
ARGEVT Romero hazard
ARGLOG Carmack t  94.1 pos '1032.5 -169.6 -712.0' spd 302.7 yaw 239 mode 2 st 2 gl 0 hp 100 frg 2
ARGEVT Carmack hazard
ARGLOG Joe Rogan t  94.2 pos '675.9 400.1 -712.0' spd 320.1 yaw 268 mode 1 st 2 gl 2 hp 100 frg -1
ARGLOG Romero t  94.3 pos '944.0 -292.2  24.0' spd 114.9 yaw 220 mode 2 st 8 gl 0 hp 100 frg 0
ARGEVT Romero stall
ARGEVT Romero stallnode '833.0 -159.0 -368.0'
ARGEVT Romero jump
ARGLOG Carmack t  94.6 pos '1041.2 -177.9 -712.0' spd  93.0 yaw 192.1 mode 2 st 2 gl 0 hp 100 frg 2
ARGEVT Romero route 1 start '833.0 -159.0 -368.0' goal '833.0 -383.0 -368.0'
ARGLOG Joe Rogan t  94.7 pos '720.2 239.8 -680.0' spd 321.0 yaw 300 mode 1 st 2 gl 2 hp 100 frg -1
ARGEVT Joe Rogan hazard
ARGLOG Romero t  94.8 pos '944.0 -130.7  89.7' spd 360.3 yaw 247 mode 2 st 9 gl 0 hp 100 frg 0
ARGLOG Carmack t  95.1 pos '987.4 -96.9 -712.0' spd  82.0 yaw 251 mode 2 st 2 gl 0 hp 100 frg 2
ARGLOG Joe Rogan t  95.2 pos '830.9 196.8 -712.0' spd 126.9 yaw 290 mode 1 st 2 gl 2 hp 100 frg -1
ARGLOG Romero t  95.3 pos '944.0 -86.5 102.4' spd  42.1 yaw 250 mode 2 st 9 gl 0 hp 100 frg 0
ARGEVT Carmack hazard
ARGLOG Carmack t  95.6 pos '1057.2 -174.4 -712.0' spd  88.9 yaw 190.4 mode 2 st 2 gl 0 hp 100 frg 2
ARGLOG Joe Rogan t  95.7 pos '830.9 117.1 -712.0' spd 155.5 yaw 295 mode 1 st 2 gl 2 hp 100 frg -1
ARGLOG Romero t  95.8 pos '944.0 -115.0  66.5' spd  63.9 yaw 248 mode 2 st 9 gl 0 hp 100 frg 0
ARGLOG Carmack t  96.1 pos '991.9 -136.1 -712.0' spd 228.8 yaw 107.6 mode 2 st 2 gl 0 hp 100 frg 2
ARGLOG Joe Rogan t  96.2 pos '830.9  97.1 -712.0' spd 0 yaw 296 mode 1 st 2 gl 2 hp 100 frg -1
ARGEVT Romero hazard
ARGLOG Romero t  96.3 pos '944.0 -161.7  24.0' spd 140.0 yaw 244 mode 2 st 9 gl 0 hp 100 frg 0
ARGEVT Carmack hazard
ARGLOG Carmack t  96.7 pos '1022.8 -174.3 -712.0' spd 333.1 yaw 236.7 mode 2 st 2 gl 0 hp 100 frg 2
ARGLOG Joe Rogan t  96.8 pos '830.9  97.1 -712.0' spd 0 yaw 296 mode 1 st 2 gl 2 hp 100 frg -1
ARGLOG Romero t  96.9 pos '949.2 -230.8  24.0' spd 299.6 yaw 233 mode 2 st 9 gl 0 hp 100 frg 0
ARGLOG Carmack t  97.2 pos '983.1 -116.5 -712.0' spd 334.4 yaw 251 mode 2 st 2 gl 0 hp 100 frg 2
ARGEVT Joe Rogan stall
ARGLOG Joe Rogan t  97.3 pos '830.9  97.1 -712.0' spd 0 yaw 450.2 mode 0 st 3 gl 2 hp 100 frg -1
ARGEVT Joe Rogan jump
ARGEVT Romero hazard
ARGLOG Romero t  97.4 pos '944.0 -149.5  24.0' spd 298.6 yaw 245 mode 2 st 9 gl 0 hp 100 frg 0
ARGEVT Joe Rogan route 1 start '801.0 225.0 -712.0' goal '673.0 321.0 -712.0'
ARGEVT Carmack hazard
ARGLOG Carmack t  97.7 pos '993.3 -167.3 -712.0' spd 331.0 yaw 246 mode 2 st 2 gl 0 hp 100 frg 2
ARGLOG Joe Rogan t  97.8 pos '784.0 121.4 -693.7' spd  44.4 yaw 119 mode 2 st 3 gl 2 hp 100 frg -1
ARGLOG Romero t  97.9 pos '944.0 -143.7  24.0' spd 327.4 yaw 246 mode 2 st 9 gl 0 hp 100 frg 0
ARGLOG Carmack t  98.2 pos '1116.5 -175.6 -712.0' spd 125.8 yaw 228 mode 2 st 2 gl 0 hp 100 frg 2
ARGLOG Joe Rogan t  98.3 pos '784.0 144.2 -703.3' spd  44.4 yaw 122 mode 2 st 3 gl 2 hp 100 frg -1
ARGEVT Romero hazard
ARGLOG Romero t  98.4 pos '944.0 -249.4  24.0' spd 133.1 yaw 231 mode 2 st 9 gl 0 hp 100 frg 0
ARGEVT Carmack hazard
ARGLOG Carmack t  98.7 pos '1124.4 -173.3 -712.0' spd 329.6 yaw 227 mode 2 st 2 gl 0 hp 100 frg 2
ARGLOG Joe Rogan t  98.8 pos '789.0 246.8 -712.0' spd 324.7 yaw 94 mode 1 st 3 gl 2 hp 100 frg -1
ARGLOG Romero t  98.9 pos '944.0 -260.9  24.0' spd 286.1 yaw 228 mode 2 st 9 gl 0 hp 100 frg 0
ARGLOG Carmack t  99.2 pos '978.5 -174.5 -712.0' spd  51.6 yaw 248 mode 2 st 2 gl 0 hp 100 frg 2
ARGLOG Joe Rogan t  99.3 pos '745.2 409.1 -712.0' spd 359.6 yaw 167.3 mode 1 st 3 gl 2 hp 100 frg -1
ARGEVT Romero hazard
ARGLOG Romero t  99.4 pos '944.0 -106.5  24.0' spd 168.7 yaw 249 mode 2 st 9 gl 0 hp 100 frg 0
ARGLOG Carmack t  99.7 pos '1139.6 -176.8 -712.0' spd 323.5 yaw 225 mode 2 st 2 gl 0 hp 100 frg 2
ARGEVT Carmack hazard
ARGLOG Joe Rogan t  99.8 pos '587.7 399.0 -712.0' spd 353.1 yaw 242.0 mode 1 st 3 gl 2 hp 100 frg -1
ARGLOG Romero t  99.9 pos '945.9 -199.9  24.0' spd 229.6 yaw 239 mode 2 st 9 gl 0 hp 100 frg 0
ARGLOG Carmack t 100.3 pos '1060.8 -171.4 -712.0' spd 367.2 yaw 235 mode 2 st 2 gl 0 hp 100 frg 2
ARGLOG Joe Rogan t 100.4 pos '566.5 228.8 -712.0' spd 369.8 yaw 343 mode 1 st 3 gl 2 hp 100 frg -1
ARGEVT Romero hazard
ARGLOG Romero t 100.5 pos '947.2 -273.5  24.0' spd 119.5 yaw 224 mode 2 st 9 gl 0 hp 100 frg 0
ARGLOG Carmack t 100.8 pos '1056.8 -175.2 -712.0' spd 265.1 yaw 235 mode 2 st 2 gl 0 hp 100 frg 2
ARGEVT Carmack hazard
ARGLOG Joe Rogan t 100.9 pos '592.0 208.0 -712.0' spd 0 yaw 358 mode 1 st 3 gl 2 hp 100 frg -1
ARGLOG Romero t 101.0 pos '944.0 -210.8  24.0' spd 378.0 yaw 238 mode 2 st 9 gl 0 hp 100 frg 0
ARGLOG Carmack t 101.3 pos '1135.5 -173.8 -712.0' spd 120.1 yaw 226 mode 2 st 2 gl 0 hp 100 frg 2
ARGLOG Joe Rogan t 101.4 pos '592.0 208.0 -712.0' spd 0 yaw 358 mode 1 st 3 gl 2 hp 100 frg -1
ARGEVT Romero hazard
ARGLOG Romero t 101.5 pos '944.0 -86.0  24.0' spd 123.1 yaw 250 mode 2 st 9 gl 0 hp 100 frg 0
ARGEVT Joe Rogan stall
ARGEVT Joe Rogan jump
ARGEVT Carmack stall
ARGEVT Carmack stallnode '1025.0 -287.0 -752.0'
ARGLOG Carmack t 101.8 pos '1118.7 -174.4 -712.0' spd 358.2 yaw 455.3 mode 0 st 3 gl 0 hp 100 frg 2
ARGEVT Carmack jump
ARGEVT Joe Rogan route 1 start '577.0 289.0 -712.0' goal '673.0 321.0 -712.0'
ARGLOG Joe Rogan t 101.9 pos '593.6 214.5 -634.3' spd  36.4 yaw 51 mode 1 st 4 gl 2 hp 100 frg -1
ARGLOG Romero t 102 pos '947.7 -203.4  24.0' spd 173.1 yaw 238 mode 2 st 9 gl 0 hp 100 frg 0
ARGEVT Carmack route 20 start '1025.0 -95.0 -712.0' goal '1249.0 -127.0 -552.0'
ARGLOG Carmack t 102.3 pos '1018.3 -270.7 -633.6' spd 323.9 yaw  35.8 mode 2 st 3 gl 0 hp 100 frg 2
ARGLOG Joe Rogan t 102.4 pos '648.0 232.0 -567.3' spd 123.8 yaw 73 mode 1 st 4 gl 2 hp 100 frg -1
ARGEVT Romero hazard
ARGLOG Romero t 102.5 pos '955.8 -269.4  24.0' spd 113.4 yaw 223 mode 2 st 9 gl 0 hp 100 frg 0
ARGEVT Romero abandon
ARGEVT Romero goal item_armor2
ARGEVT Romero route 0 start '833.0 -383.0 -368.0' goal '833.0 -383.0 -368.0'
ARGLOG Carmack t 102.8 pos '1155.9 -249.4 -656.3' spd 309.7 yaw 197 mode 2 st 3 gl 0 hp 100 frg 2
ARGLOG Joe Rogan t 102.9 pos '690.1 253.8 -553.7' spd  55.6 yaw 107 mode 1 st 4 gl 2 hp 100 frg -1
ARGLOG Romero t 103.0 pos '972.3 -365.8  24.0' spd 195.3 yaw 188 mode 2 st 9 gl 0 hp 100 frg 0
ARGLOG Carmack t 103.3 pos '1219.9 -103.8 -705.4' spd 323.5 yaw 224 mode 2 st 3 gl 0 hp 100 frg 2
ARGLOG Joe Rogan t 103.4 pos '703.1 279.9 -594.4' spd  60.4 yaw 134 mode 1 st 4 gl 2 hp 100 frg -1
ARGEVT Romero hazard
ARGLOG Romero t 103.5 pos '949.2 -287.9  24.0' spd 117.9 yaw 220 mode 2 st 9 gl 0 hp 100 frg 0
ARGLOG Carmack t 103.9 pos '1090.7 -96.0 -712.0' spd 344.4 yaw 238 mode 2 st 3 gl 0 hp 100 frg 2
ARGLOG Joe Rogan t 104.0 pos '705.0 315.3 -661.8' spd  73.7 yaw  95.4 mode 1 st 4 gl 2 hp 100 frg -1
ARGLOG Romero t 104.1 pos '977.7 -365.8  24.0' spd 168.6 yaw 187 mode 2 st 9 gl 0 hp 100 frg 0
ARGEVT Carmack hazard
ARGLOG Carmack t 104.4 pos '1025.0 -172.2 -712.0' spd 340.4 yaw 240 mode 2 st 3 gl 0 hp 100 frg 2
ARGLOG Joe Rogan t 104.5 pos '688.5 398.5 -712.0' spd 351.3 yaw 154.0 mode 1 st 4 gl 2 hp 100 frg -1
ARGEVT Romero hazard
ARGLOG Romero t 104.6 pos '944.0 -284.7  24.0' spd 120.3 yaw 222 mode 2 st 9 gl 0 hp 100 frg 0
ARGLOG Carmack t 104.9 pos '1127.5 -177.6 -712.0' spd 131.3 yaw 226 mode 2 st 3 gl 0 hp 100 frg 2
ARGLOG Joe Rogan t 105.0 pos '605.5 373.4 -712.0' spd 349.6 yaw 229 mode 1 st 4 gl 2 hp 100 frg -1
ARGLOG Romero t 105.1 pos '944.0 -227.8  24.0' spd 102.4 yaw 235 mode 2 st 9 gl 0 hp 100 frg 0
ARGEVT Carmack hazard
ARGLOG Carmack t 105.4 pos '1176.3 -181.8 -712.0' spd 108.6 yaw 221 mode 2 st 3 gl 0 hp 100 frg 2
ARGEVT Joe Rogan hazard
ARGLOG Joe Rogan t 105.5 pos '592.0 221.8 -712.0' spd  55.7 yaw 353 mode 1 st 4 gl 2 hp 100 frg -1
ARGLOG Romero t 105.6 pos '944.0 -248.4  24.0' spd 346.2 yaw 231 mode 2 st 9 gl 0 hp 100 frg 0
ARGEVT Romero hazard
ARGLOG Carmack t 105.9 pos '1008.8 -166.0 -712.0' spd 310.2 yaw 243 mode 2 st 3 gl 0 hp 100 frg 2
ARGLOG Joe Rogan t 106.0 pos '592.0 208.5 -712.0' spd   5.7 yaw 358 mode 1 st 4 gl 2 hp 100 frg -1
ARGLOG Romero t 106.1 pos '964.4 -363.3  24.0' spd 224.4 yaw 189 mode 2 st 9 gl 0 hp 100 frg 0
ARGEVT Carmack hazard
ARGLOG Carmack t 106.4 pos '1087.4 -174.3 -712.0' spd 163.2 yaw 231 mode 2 st 3 gl 0 hp 100 frg 2
ARGLOG Joe Rogan t 106.5 pos '592.0 208.0 -712.0' spd 0 yaw 358 mode 1 st 4 gl 2 hp 100 frg -1
ARGEVT Joe Rogan stall
ARGEVT Joe Rogan jump
ARGLOG Romero t 106.6 pos '952.8 -290.7  24.0' spd 108.9 yaw 218 mode 2 st 9 gl 0 hp 100 frg 0
ARGEVT Joe Rogan route 1 start '577.0 289.0 -712.0' goal '673.0 321.0 -712.0'
ARGEVT Romero hazard
ARGLOG Carmack t 106.9 pos '1152.7 -172.1 -712.0' spd 116.3 yaw 224 mode 2 st 3 gl 0 hp 100 frg 2
ARGLOG Joe Rogan t 107.0 pos '601.0 216.4 -611.5' spd 129.6 yaw  47.9 mode 1 st 5 gl 2 hp 100 frg -1
ARGLOG Romero t 107.2 pos '944.0 -337.1  24.0' spd 204.8 yaw 203 mode 2 st 9 gl 0 hp 100 frg 0
ARGEVT Carmack hazard
ARGLOG Carmack t 107.5 pos '1037.1 -180.3 -712.0' spd 365.7 yaw 238 mode 2 st 3 gl 0 hp 100 frg 2
ARGLOG Joe Rogan t 107.6 pos '666.3 234.7 -555.5' spd 141.6 yaw 85 mode 1 st 5 gl 2 hp 100 frg -1
ARGLOG Romero t 107.7 pos '944.0 -265.8  24.0' spd 118.0 yaw 227 mode 2 st 9 gl 0 hp 100 frg 0
ARGEVT Romero hazard
ARGLOG Carmack t 108.0 pos '1046.8 -179.3 -712.0' spd 345.7 yaw 236 mode 2 st 3 gl 0 hp 100 frg 2
ARGLOG Joe Rogan t 108.1 pos '699.2 267.3 -567.0' spd  71.9 yaw 121 mode 1 st 5 gl 2 hp 100 frg -1
ARGLOG Romero t 108.2 pos '944.0 -330.5  24.0' spd 377.9 yaw 206 mode 2 st 9 gl 0 hp 100 frg 0
ARGEVT Carmack hazard
ARGLOG Carmack t 108.5 pos '1127.3 -170.9 -712.0' spd 117.3 yaw 227 mode 2 st 3 gl 0 hp 100 frg 2
ARGLOG Joe Rogan t 108.6 pos '709.7 305.6 -618.3' spd  88.1 yaw 170 mode 1 st 5 gl 2 hp 100 frg -1
ARGLOG Romero t 108.7 pos '946.9 -301.5  24.0' spd 135.5 yaw 216 mode 2 st 9 gl 0 hp 100 frg 0
ARGEVT Romero hazard
ARGLOG Carmack t 109.0 pos '1063.0 -182.6 -712.0' spd 381.0 yaw 234 mode 2 st 3 gl 0 hp 100 frg 2
ARGLOG Joe Rogan t 109.1 pos '692.0 351.6 -696.3' spd  96.6 yaw 118 mode 1 st 5 gl 2 hp 100 frg -1
ARGLOG Romero t 109.2 pos '961.8 -352.2  24.0' spd 361.6 yaw 194 mode 2 st 9 gl 0 hp 100 frg 0
ARGEVT Carmack hazard
ARGLOG Carmack t 109.5 pos '1019.9 -178.5 -712.0' spd 316.9 yaw 241 mode 2 st 3 gl 0 hp 100 frg 2
ARGLOG Joe Rogan t 109.6 pos '564.2 403.8 -712.0' spd 409.9 yaw 257.8 mode 1 st 5 gl 2 hp 100 frg -1
ARGLOG Romero t 109.7 pos '947.6 -307.0  24.0' spd 109.5 yaw 214 mode 2 st 9 gl 0 hp 100 frg 0
ARGEVT Romero hazard
ARGLOG Carmack t 110.0 pos '1119.6 -177.9 -712.0' spd 119.5 yaw 227 mode 2 st 3 gl 0 hp 100 frg 2
ARGLOG Joe Rogan t 110.1 pos '560.0 227.0 -712.0' spd 359.5 yaw 343 mode 1 st 5 gl 2 hp 100 frg -1
ARGLOG Romero t 110.2 pos '959.1 -363.3  24.0' spd 218.6 yaw 189 mode 2 st 9 gl 0 hp 100 frg 0
ARGEVT Romero stall
ARGEVT Romero stallnode '833.0 -383.0 -368.0'
ARGEVT Romero jump
ARGEVT Carmack hazard
ARGEVT Romero route 0 start '833.0 -383.0 -368.0' goal '833.0 -383.0 -368.0'
ARGLOG Carmack t 110.6 pos '1052.2 -176.2 -712.0' spd 397.0 yaw 236 mode 2 st 3 gl 0 hp 100 frg 2
ARGLOG Joe Rogan t 110.7 pos '592.0 208.0 -712.0' spd 0 yaw 358 mode 1 st 5 gl 2 hp 100 frg -1
ARGEVT Carmack abandon
ARGEVT Carmack goal weapon_supernailgun
ARGEVT Carmack route 16 start '1025.0 -95.0 -712.0' goal '673.0 257.0 -454.0'
ARGLOG Romero t 110.8 pos '944.0 -296.1 112.0' spd  28.4 yaw 219 mode 2 st 10 gl 0 hp 100 frg 0
ARGEVT Joe Rogan stall
ARGEVT Joe Rogan jump
ARGLOG Carmack t 111.1 pos '976.0 -119.5 -712.0' spd 118.3 yaw 252 mode 2 st 3 gl 0 hp 100 frg 2
ARGEVT Joe Rogan route 1 start '577.0 289.0 -712.0' goal '673.0 321.0 -712.0'
ARGLOG Joe Rogan t 111.2 pos '593.2 210.9 -658.8' spd  36.2 yaw 358 mode 1 st 6 gl 2 hp 100 frg -1
ARGLOG Romero t 111.3 pos '944.0 -320.7  97.3' spd  54.6 yaw 210 mode 2 st 10 gl 0 hp 100 frg 0
ARGEVT Carmack hazard
ARGLOG Carmack t 111.6 pos '1086.3 -172.9 -712.0' spd 166.2 yaw 232 mode 2 st 3 gl 0 hp 100 frg 2
ARGLOG Joe Rogan t 111.7 pos '639.8 224.6 -572.6' spd 129.7 yaw 69 mode 1 st 6 gl 2 hp 100 frg -1
ARGLOG Romero t 111.8 pos '944.0 -353.6  56.4' spd  74.0 yaw 195 mode 2 st 10 gl 0 hp 100 frg 0
ARGEVT Romero hazard
ARGLOG Carmack t 112.1 pos '1150.0 -167.4 -712.0' spd 110.7 yaw 225 mode 2 st 3 gl 0 hp 100 frg 2
ARGLOG Joe Rogan t 112.2 pos '691.8 254.0 -553.7' spd  71.9 yaw 108 mode 1 st 6 gl 2 hp 100 frg -1
ARGLOG Romero t 112.3 pos '944.7 -331.8  24.0' spd 174.9 yaw 205 mode 2 st 10 gl 0 hp 100 frg 0
ARGEVT Carmack hazard
ARGLOG Carmack t 112.6 pos '1010.2 -178.6 -712.0' spd 375.9 yaw 242 mode 2 st 3 gl 0 hp 100 frg 2
ARGLOG Joe Rogan t 112.7 pos '708.2 287.7 -593.7' spd  78.2 yaw 146 mode 1 st 6 gl 2 hp 100 frg -1
ARGLOG Romero t 112.8 pos '945.9 -263.7  24.0' spd 113.9 yaw 227 mode 2 st 10 gl 0 hp 100 frg 0
ARGLOG Carmack t 113.1 pos '1087.0 -185.6 -712.0' spd 181.5 yaw 230 mode 2 st 3 gl 0 hp 100 frg 2
ARGEVT Romero hazard
ARGLOG Joe Rogan t 113.2 pos '700.5 332.2 -660.1' spd  96.1 yaw 117.4 mode 1 st 6 gl 2 hp 100 frg -1
ARGEVT Joe Rogan abandon
ARGEVT Joe Rogan plan powerup via weapon
ARGEVT Joe Rogan goal weapon_rocketlauncher
ARGLOG Romero t 113.3 pos '964.6 -365.9  24.0' spd 384.5 yaw 188 mode 2 st 10 gl 0 hp 100 frg 0
ARGEVT Joe Rogan route 11 start '673.0 321.0 -712.0' goal '1249.0 -127.0 -552.0'
ARGEVT Carmack hazard
ARGLOG Carmack t 113.6 pos '1151.3 -184.6 -712.0' spd 113.0 yaw 223 mode 2 st 3 gl 0 hp 100 frg 2
ARGLOG Joe Rogan t 113.7 pos '685.3 421.4 -712.0' spd 320.0 yaw 13 mode 2 st 6 gl 2 hp 100 frg -1
ARGLOG Romero t 113.9 pos '944.0 -291.3  24.0' spd 124.0 yaw 220 mode 2 st 10 gl 0 hp 100 frg 0
ARGLOG Carmack t 114.2 pos '1210.8 -196.5 -712.0' spd 122.6 yaw 216 mode 2 st 3 gl 0 hp 100 frg 2
ARGEVT Romero hazard
ARGLOG Joe Rogan t 114.3 pos '707.7 588.7 -712.0' spd 389.8 yaw 290 mode 2 st 6 gl 2 hp 100 frg -1
ARGEVT Joe Rogan hazard
ARGLOG Romero t 114.4 pos '944.0 -234.0  24.0' spd 106.3 yaw 234 mode 2 st 10 gl 0 hp 100 frg 0
ARGEVT Carmack hazard
ARGLOG Carmack t 114.7 pos '1226.9 -273.9 -712.0' spd 354.5 yaw 206 mode 2 st 3 gl 0 hp 100 frg 2
ARGLOG Joe Rogan t 114.8 pos '788.4 650.3 -712.0' spd 338.0 yaw 276 mode 2 st 6 gl 2 hp 100 frg -1
ARGLOG Romero t 114.9 pos '944.0 -231.4  24.0' spd 318.2 yaw 234 mode 2 st 10 gl 0 hp 100 frg 0
ARGLOG Carmack t 115.2 pos '1236.6 -385.1 -712.0' spd 135.0 yaw 190 mode 2 st 3 gl 0 hp 100 frg 2
ARGLOG Joe Rogan t 115.3 pos '888.1 666.9 -712.0' spd 137.0 yaw 263 mode 2 st 6 gl 2 hp 100 frg -1
ARGEVT Joe Rogan hazard
ARGEVT Romero hazard
ARGLOG Romero t 115.4 pos '975.0 -360.3  24.0' spd  85.4 yaw 190 mode 2 st 10 gl 0 hp 100 frg 0
ARGEVT Carmack hazard
ARGLOG Carmack t 115.7 pos '1248.7 -447.4 -712.0' spd 115.9 yaw 179 mode 2 st 3 gl 0 hp 100 frg 2
ARGLOG Joe Rogan t 115.8 pos '948.4 660.1 -712.0' spd 108.9 yaw 256 mode 2 st 6 gl 2 hp 100 frg -1
ARGLOG Romero t 115.9 pos '946.6 -316.6  24.0' spd 249.0 yaw 211 mode 2 st 10 gl 0 hp 100 frg 0
ARGEVT Romero stall
ARGEVT Romero stallnode '833.0 -383.0 -368.0'
ARGEVT Romero jump
ARGLOG Carmack t 116.2 pos '1113.7 -506.1 -712.0' spd 218.9 yaw 166 mode 2 st 3 gl 0 hp 100 frg 2
ARGEVT Romero route 0 start '833.0 -383.0 -368.0' goal '833.0 -383.0 -368.0'
ARGLOG Joe Rogan t 116.3 pos '776.7 658.9 -712.0' spd 288.8 yaw 278 mode 2 st 6 gl 2 hp 100 frg -1
ARGEVT Joe Rogan hazard
ARGLOG Romero t 116.4 pos '944.0 -368.0  89.9' spd 0 yaw 188 mode 2 st 11 gl 0 hp 100 frg 0
ARGEVT Carmack hazard
ARGLOG Carmack t 116.7 pos '1062.9 -560.6 -712.0' spd 129.3 yaw 150 mode 2 st 3 gl 0 hp 100 frg 2
ARGLOG Joe Rogan t 116.8 pos '714.9 565.4 -712.0' spd 343.4 yaw 290 mode 2 st 6 gl 2 hp 100 frg -1
ARGLOG Romero t 116.9 pos '944.0 -368.0 102.5' spd 0 yaw 188 mode 2 st 11 gl 0 hp 100 frg 0
ARGEVT Joe Rogan jump
ARGLOG Carmack t 117.2 pos '1125.6 -491.8 -712.0' spd 399.8 yaw 170 mode 2 st 3 gl 0 hp 100 frg 2
ARGLOG Joe Rogan t 117.3 pos '795.1 426.6 -596.0' spd 293.5 yaw 272 mode 2 st 6 gl 2 hp 100 frg -1
ARGLOG Romero t 117.5 pos '944.0 -368.0  66.8' spd 0 yaw 188 mode 2 st 11 gl 0 hp 100 frg 0
ARGEVT Carmack hazard
ARGLOG Carmack t 117.8 pos '1223.6 -441.6 -712.0' spd 136.7 yaw 181 mode 2 st 3 gl 0 hp 100 frg 2
ARGLOG Joe Rogan t 117.9 pos '880.1 306.2 -465.8' spd 287.2 yaw 242 mode 2 st 6 gl 2 hp 100 frg -1
ARGEVT Romero hazard
ARGLOG Romero t 118.0 pos '944.4 -349.7  24.0' spd 185.6 yaw 197 mode 2 st 11 gl 0 hp 100 frg 0
ARGLOG Carmack t 118.3 pos '1235.0 -289.2 -712.0' spd 379.6 yaw 204 mode 2 st 3 gl 0 hp 100 frg 2
ARGLOG Joe Rogan t 118.4 pos '898.5 172.1 -360.9' spd 292.8 yaw 187 mode 2 st 6 gl 2 hp 100 frg -1
ARGLOG Romero t 118.5 pos '945.6 -275.4  24.0' spd 118.3 yaw 224 mode 2 st 11 gl 0 hp 100 frg 0
ARGEVT Carmack hazard
ARGLOG Carmack t 118.8 pos '1225.5 -181.1 -712.0' spd 167.4 yaw 217 mode 2 st 3 gl 0 hp 100 frg 2
ARGLOG Joe Rogan t 118.9 pos '766.3 177.8 -282.5' spd 298.1 yaw 35 mode 2 st 6 gl 2 hp 100 frg -1
ARGLOG Romero t 119.0 pos '944.0 -316.4  24.0' spd 370.3 yaw 211 mode 2 st 11 gl 0 hp 100 frg 0
ARGEVT Romero hazard
ARGLOG Carmack t 119.3 pos '1059.1 -162.7 -712.0' spd 381.2 yaw 236 mode 2 st 3 gl 0 hp 100 frg 2
ARGLOG Joe Rogan t 119.4 pos '811.3 303.2 -230.5' spd 301.0 yaw 266 mode 2 st 6 gl 2 hp 100 frg -1
ARGLOG Romero t 119.5 pos '944.0 -311.3  24.0' spd 209.8 yaw 213 mode 2 st 11 gl 0 hp 100 frg 0
ARGEVT Carmack hazard
ARGLOG Carmack t 119.8 pos '1047.1 -174.5 -712.0' spd 274.7 yaw 237 mode 2 st 3 gl 0 hp 100 frg 2
ARGLOG Joe Rogan t 119.9 pos '914.1 219.1 -205.4' spd 303.1 yaw 208 mode 2 st 6 gl 2 hp 100 frg -1
ARGLOG Romero t 120.0 pos '944.0 -249.1  24.0' spd 109.9 yaw 231 mode 2 st 11 gl 0 hp 100 frg 0
ARGEVT Romero hazard
ARGLOG Carmack t 120.3 pos '1122.8 -163.8 -712.0' spd 118.4 yaw 228 mode 2 st 3 gl 0 hp 100 frg 2
ARGLOG Joe Rogan t 120.4 pos '798.5 153.7 -206.7' spd 303.8 yaw 64 mode 2 st 6 gl 2 hp 100 frg -1
ARGLOG Romero t 120.5 pos '944.0 -196.2  24.0' spd  99.8 yaw 240 mode 2 st 11 gl 0 hp 100 frg 0
ARGEVT Carmack hazard
ARGLOG Carmack t 120.8 pos '1060.1 -182.5 -712.0' spd 406.3 yaw 234 mode 2 st 3 gl 0 hp 100 frg 2
ARGLOG Joe Rogan t 120.9 pos '781.8 284.6 -234.2' spd 303.7 yaw 279 mode 2 st 6 gl 2 hp 100 frg -1
ARGLOG Romero t 121.1 pos '965.0 -348.0  24.0' spd 412.2 yaw 195 mode 2 st 11 gl 0 hp 100 frg 0
ARGEVT Romero hazard
ARGLOG Carmack t 121.4 pos '1045.9 -178.7 -712.0' spd 329.1 yaw 237 mode 2 st 3 gl 0 hp 100 frg 2
ARGLOG Joe Rogan t 121.5 pos '909.1 249.2 -288.3' spd 303.8 yaw 220 mode 2 st 6 gl 2 hp 100 frg -1
ARGLOG Romero t 121.6 pos '944.0 -290.1  24.0' spd 131.9 yaw 220 mode 2 st 11 gl 0 hp 100 frg 0
ARGEVT Carmack hazard
ARGLOG Carmack t 121.9 pos '1124.2 -169.0 -712.0' spd 117.1 yaw 228 mode 2 st 3 gl 0 hp 100 frg 2
ARGLOG Joe Rogan t 122.0 pos '827.0 146.4 -368.2' spd 303.9 yaw 85 mode 2 st 6 gl 2 hp 100 frg -1
ARGLOG Romero t 122.1 pos '944.0 -258.6  24.0' spd 209.5 yaw 229 mode 2 st 11 gl 0 hp 100 frg 0
ARGEVT Romero hazard
ARGLOG Carmack t 122.4 pos '1059.5 -182.5 -712.0' spd 380.3 yaw 234 mode 2 st 3 gl 0 hp 100 frg 2
ARGLOG Joe Rogan t 122.5 pos '764.8 262.9 -474.9' spd 303.9 yaw 290 mode 2 st 6 gl 2 hp 100 frg -1
ARGLOG Romero t 122.6 pos '962.6 -366.9  24.0' spd 222.5 yaw 188 mode 2 st 11 gl 0 hp 100 frg 0
ARGEVT Romero abandon
ARGEVT Romero goal weapon_rocketlauncher
ARGUS routecache adopt
ARGEVT Romero route 0 start '833.0 -383.0 -368.0' goal '833.0 -383.0 -368.0'
ARGEVT Carmack hazard
ARGLOG Carmack t 122.9 pos '1056.9 -180.1 -712.0' spd 271.6 yaw 235 mode 2 st 3 gl 0 hp 100 frg 2
ARGLOG Joe Rogan t 123.0 pos '893.2 263.3 -607.4' spd 298.7 yaw 202 mode 2 st 6 gl 2 hp 100 frg -1
ARGLOG Romero t 123.1 pos '965.8 -368.0  24.0' spd 155.2 yaw 187 mode 2 st 11 gl 0 hp 100 frg 0
ARGEVT Romero hazard
ARGLOG Carmack t 123.4 pos '1138.9 -184.4 -712.0' spd 125.1 yaw 224 mode 2 st 3 gl 0 hp 100 frg 2
ARGLOG Joe Rogan t 123.5 pos '941.1 113.9 -708.7' spd 293.7 yaw 177 mode 2 st 6 gl 2 hp 100 frg -1
ARGLOG Romero t 123.6 pos '946.4 -291.4  24.0' spd 122.7 yaw 219 mode 2 st 11 gl 0 hp 100 frg 0
ARGEVT Carmack hazard
ARGLOG Carmack t 123.9 pos '1129.2 -174.0 -712.0' spd 330.5 yaw 226 mode 2 st 3 gl 0 hp 100 frg 2
ARGLOG Joe Rogan t 124.0 pos '876.0  56.0 -634.3' spd 138.1 yaw 167 mode 2 st 6 gl 2 hp 100 frg -1
ARGLOG Romero t 124.1 pos '953.7 -328.6  24.0' spd 383.2 yaw 205 mode 2 st 11 gl 0 hp 100 frg 0
ARGEVT Romero hazard
ARGLOG Carmack t 124.4 pos '989.6 -169.5 -712.0' spd 202.2 yaw 246 mode 2 st 3 gl 0 hp 100 frg 2
ARGLOG Joe Rogan t 124.6 pos '805.8  56.0 -566.1' spd 135.6 yaw 219 mode 2 st 6 gl 2 hp 100 frg -1
ARGLOG Romero t 124.7 pos '948.6 -311.1  24.0' spd 206.0 yaw 212 mode 2 st 11 gl 0 hp 100 frg 0
ARGEVT Carmack hazard
ARGLOG Carmack t 125.0 pos '1107.8 -173.7 -712.0' spd 135.2 yaw 229 mode 2 st 3 gl 0 hp 100 frg 2
ARGLOG Joe Rogan t 125.1 pos '736.3  56.0 -525.1' spd 135.6 yaw 229 mode 2 st 6 gl 2 hp 100 frg -1
ARGLOG Romero t 125.2 pos '949.8 -246.9  24.0' spd 112.7 yaw 230 mode 2 st 11 gl 0 hp 100 frg 0
ARGLOG Carmack t 125.5 pos '1157.6 -173.7 -712.0' spd 109.0 yaw 224 mode 2 st 3 gl 0 hp 100 frg 2
ARGEVT Romero hazard
ARGLOG Joe Rogan t 125.6 pos '666.5  56.0 -510.3' spd 135.6 yaw 244 mode 2 st 6 gl 2 hp 100 frg -1
ARGLOG Romero t 125.7 pos '970.7 -358.2  24.0' spd 180.1 yaw 191 mode 2 st 11 gl 0 hp 100 frg 0
ARGEVT Carmack hazard
ARGLOG Carmack t 126.0 pos '987.7 -181.3 -712.0' spd 303.4 yaw 246 mode 2 st 3 gl 0 hp 100 frg 2
ARGLOG Joe Rogan t 126.1 pos '596.9  56.0 -521.9' spd 135.6 yaw 264 mode 2 st 6 gl 2 hp 100 frg -1
ARGLOG Romero t 126.2 pos '949.6 -282.6  24.0' spd 111.2 yaw 221 mode 2 st 11 gl 0 hp 100 frg 0
ARGLOG Carmack t 126.5 pos '1079.8 -174.2 -712.0' spd 166.6 yaw 232 mode 2 st 3 gl 0 hp 100 frg 2
ARGLOG Joe Rogan t 126.6 pos '526.9  62.9 -560.0' spd 144.6 yaw 285 mode 2 st 6 gl 2 hp 100 frg -1
ARGEVT Romero hazard
ARGLOG Romero t 126.7 pos '972.6 -360.9  24.0' spd  76.5 yaw 189 mode 2 st 11 gl 0 hp 100 frg 0
ARGEVT Carmack hazard
ARGLOG Carmack t 127.0 pos '1143.4 -167.6 -712.0' spd 112.1 yaw 226 mode 2 st 3 gl 0 hp 100 frg 2
ARGLOG Joe Rogan t 127.1 pos '482.6 128.0 -617.6' spd 184.3 yaw 291 mode 2 st 6 gl 2 hp 100 frg -1
ARGLOG Romero t 127.2 pos '946.3 -317.6  24.0' spd 248.6 yaw 210 mode 2 st 11 gl 0 hp 100 frg 0
ARGLOG Carmack t 127.5 pos '1028.2 -181.8 -712.0' spd 360.5 yaw 239 mode 2 st 3 gl 0 hp 100 frg 2
ARGLOG Joe Rogan t 127.6 pos '513.0 182.3 -582.8' spd  99.3 yaw 282 mode 2 st 6 gl 2 hp 100 frg -1
ARGEVT Romero hazard
ARGLOG Romero t 127.7 pos '947.8 -326.2  24.0' spd 264.8 yaw 207 mode 2 st 11 gl 0 hp 100 frg 0
ARGEVT Carmack hazard
ARGLOG Carmack t 128.0 pos '1076.7 -186.3 -712.0' spd 234.6 yaw 231 mode 2 st 3 gl 0 hp 100 frg 2
ARGLOG Joe Rogan t 128.1 pos '557.1 176.9 -532.4' spd  86.9 yaw 274 mode 2 st 6 gl 2 hp 100 frg -1
ARGLOG Romero t 128.2 pos '966.8 -360.9  24.0' spd 148.5 yaw 190 mode 2 st 11 gl 0 hp 100 frg 0
ARGLOG Carmack t 128.6 pos '1000.7 -179.4 -712.0' spd 326.4 yaw 244 mode 2 st 3 gl 0 hp 100 frg 2
ARGLOG Joe Rogan t 128.7 pos '590.0 151.3 -497.5' spd  77.3 yaw 315 mode 2 st 6 gl 2 hp 100 frg -1
ARGEVT Romero hazard
ARGLOG Romero t 128.8 pos '944.0 -293.3  24.0' spd 123.3 yaw 219 mode 2 st 11 gl 0 hp 100 frg 0
ARGEVT Carmack hazard
ARGLOG Carmack t 129.1 pos '1076.8 -175.2 -712.0' spd 180.2 yaw 233 mode 2 st 3 gl 0 hp 100 frg 2
ARGLOG Joe Rogan t 129.2 pos '620.5 125.9 -487.6' spd  77.3 yaw 315 mode 2 st 6 gl 2 hp 100 frg -1
ARGLOG Romero t 129.3 pos '944.0 -236.3  24.0' spd 103.4 yaw 233 mode 2 st 11 gl 0 hp 100 frg 0
ARGLOG Carmack t 129.6 pos '1142.0 -168.3 -712.0' spd 114.6 yaw 226 mode 2 st 3 gl 0 hp 100 frg 2
ARGLOG Joe Rogan t 129.7 pos '651.2 100.5 -504.3' spd  77.4 yaw 314 mode 2 st 6 gl 2 hp 100 frg -1
ARGEVT Romero hazard
ARGLOG Romero t 129.8 pos '944.1 -194.9  24.0' spd 106.4 yaw 240 mode 2 st 11 gl 0 hp 100 frg 0
ARGLOG Carmack t 130.1 pos '1028.4 -183.4 -712.0' spd 363.2 yaw 239 mode 2 st 3 gl 0 hp 100 frg 2
ARGEVT Carmack hazard
ARGLOG Joe Rogan t 130.2 pos '680.7  72.2 -547.2' spd  81.7 yaw 313 mode 2 st 6 gl 2 hp 100 frg -1
ARGLOG Romero t 130.3 pos '968.0 -365.4  24.0' spd 323.4 yaw 188 mode 2 st 11 gl 0 hp 100 frg 0
ARGEVT Joe Rogan jump
ARGLOG Carmack t 130.6 pos '1055.8 -181.4 -712.0' spd 330.0 yaw 235 mode 2 st 3 gl 0 hp 100 frg 2
ARGLOG Joe Rogan t 130.7 pos '629.6  16.0 -474.6' spd 130.7 yaw 329 mode 2 st 6 gl 2 hp 100 frg -1
ARGEVT Romero hazard
ARGLOG Romero t 130.8 pos '944.0 -284.4  24.0' spd 120.8 yaw 222 mode 2 st 11 gl 0 hp 100 frg 0
ARGEVT Carmack abandon
ARGEVT Carmack goal weapon_rocketlauncher
ARGEVT Carmack route 20 start '1025.0 -95.0 -712.0' goal '1249.0 -127.0 -552.0'
ARGLOG Carmack t 131.1 pos '1160.9 -176.6 -712.0' spd 170.4 yaw 220 mode 2 st 3 gl 0 hp 100 frg 2
ARGEVT Carmack hazard
ARGLOG Joe Rogan t 131.2 pos '561.3  16.0 -366.3' spd 132.9 yaw 335 mode 2 st 6 gl 2 hp 100 frg -1
ARGLOG Romero t 131.3 pos '944.0 -227.8  24.0' spd 106.8 yaw 235 mode 2 st 11 gl 0 hp 100 frg 0
ARGLOG Carmack t 131.6 pos '1036.4 -135.9 -712.0' spd 351.0 yaw 242 mode 2 st 3 gl 0 hp 100 frg 2
ARGLOG Joe Rogan t 131.7 pos '525.4  16.0 -284.5' spd   6.6 yaw 338 mode 2 st 6 gl 2 hp 100 frg -1
ARGLOG Romero t 131.8 pos '944.0 -270.0  24.0' spd 358.5 yaw 226 mode 2 st 11 gl 0 hp 100 frg 0
ARGEVT Romero hazard
ARGLOG Carmack t 132.2 pos '1029.1 -176.2 -712.0' spd 302.7 yaw 239 mode 2 st 3 gl 0 hp 100 frg 2
ARGEVT Carmack hazard
ARGLOG Joe Rogan t 132.3 pos '544.4  16.0 -228.7' spd  60.8 yaw 336 mode 2 st 6 gl 2 hp 100 frg -1
ARGLOG Romero t 132.4 pos '949.4 -355.7  24.0' spd 320.8 yaw 194 mode 2 st 11 gl 0 hp 100 frg 0
ARGLOG Carmack t 132.7 pos '1032.2 -178.5 -712.0' spd 352.8 yaw 239 mode 2 st 3 gl 0 hp 100 frg 2
ARGLOG Joe Rogan t 132.8 pos '583.7  16.0 -199.3' spd  83.0 yaw 334 mode 2 st 6 gl 2 hp 100 frg -1
ARGLOG Romero t 132.9 pos '944.0 -327.0  24.0' spd 283.7 yaw 207 mode 2 st 11 gl 0 hp 100 frg 0
ARGEVT Romero hazard
ARGLOG Carmack t 133.2 pos '1055.0 -177.7 -712.0' spd 293.4 yaw 235 mode 2 st 3 gl 0 hp 100 frg 2
ARGEVT Carmack hazard
ARGLOG Joe Rogan t 133.3 pos '613.7  16.0 -196.4' spd  24.4 yaw 331 mode 2 st 6 gl 2 hp 100 frg -1
ARGLOG Romero t 133.4 pos '944.0 -318.7  24.0' spd 149.5 yaw 211 mode 2 st 11 gl 0 hp 100 frg 0
ARGEVT Joe Rogan abandon
ARGEVT Joe Rogan plan powerup via weapon
ARGEVT Joe Rogan goal weapon_supernailgun
ARGEVT Joe Rogan abandon
ARGEVT Joe Rogan plan powerup via weapon
ARGEVT Joe Rogan goal weapon_rocketlauncher
ARGEVT Joe Rogan abandon
ARGLOG Carmack t 133.7 pos '1129.9 -169.8 -712.0' spd 115.3 yaw 227 mode 2 st 3 gl 0 hp 100 frg 2
ARGLOG Joe Rogan t 133.8 pos '613.5  16.0 -220.1' spd  10.4 yaw 111.1 mode 0 st 6 gl 2 hp 100 frg -1
ARGEVT Joe Rogan routefail
ARGEVT Joe Rogan plan powerup via weapon
ARGEVT Joe Rogan goal weapon_supernailgun
ARGEVT Joe Rogan abandon
ARGLOG Romero t 133.9 pos '949.5 -286.5  24.0' spd 248.7 yaw 220 mode 2 st 11 gl 0 hp 100 frg 0
ARGEVT Joe Rogan routefail
ARGEVT Romero hazard
ARGEVT Joe Rogan plan powerup via weapon
ARGEVT Joe Rogan goal weapon_grenadelauncher
ARGEVT Joe Rogan abandon
ARGLOG Carmack t 134.2 pos '1065.6 -181.7 -712.0' spd 382.1 yaw 233 mode 2 st 3 gl 0 hp 100 frg 2
ARGEVT Carmack hazard
ARGEVT Joe Rogan plan powerup via weapon
ARGEVT Joe Rogan goal weapon_nailgun
ARGEVT Joe Rogan abandon
ARGLOG Joe Rogan t 134.3 pos '607.7  17.8 -270.0' spd  32.4 yaw  44.7 mode 0 st 6 gl 2 hp 100 frg -1
ARGLOG Romero t 134.4 pos '949.5 -337.0  24.0' spd 273.4 yaw 202 mode 2 st 11 gl 0 hp 100 frg 0
ARGEVT Joe Rogan routefail
ARGEVT Joe Rogan plan powerup via weapon
ARGEVT Joe Rogan goal weapon_supershotgun
ARGEVT Joe Rogan routefail
ARGEVT Joe Rogan goal item_artifact_invulnerability
ARGLOG Carmack t 134.7 pos '1021.5 -178.7 -712.0' spd 321.4 yaw 240 mode 2 st 3 gl 0 hp 100 frg 2
ARGLOG Joe Rogan t 134.8 pos '596.1  18.9 -346.7' spd  43.9 yaw 181.7 mode 0 st 6 gl 2 hp 100 frg -1
ARGEVT Joe Rogan routefail
ARGEVT Joe Rogan goal item_spikes
ARGLOG Romero t 134.9 pos '944.0 -252.9  24.0' spd 119.2 yaw 230 mode 2 st 11 gl 0 hp 100 frg 0
ARGEVT Joe Rogan routefail
ARGEVT Romero hazard
ARGEVT Joe Rogan goal item_rockets
ARGLOG Carmack t 135.2 pos '1118.7 -173.2 -712.0' spd 121.3 yaw 228 mode 2 st 3 gl 0 hp 100 frg 2
ARGEVT Carmack hazard
ARGEVT Joe Rogan routefail
ARGLOG Joe Rogan t 135.3 pos '570.7  24.4 -450.1' spd  57.2 yaw 101 mode 0 st 6 gl 2 hp 100 frg -1
ARGLOG Romero t 135.5 pos '944.0 -343.9  24.0' spd 393.3 yaw 200 mode 2 st 11 gl 0 hp 100 frg 0
ARGLOG Carmack t 135.8 pos '1078.3 -178.7 -712.0' spd 374.7 yaw 232 mode 2 st 3 gl 0 hp 100 frg 2
ARGLOG Joe Rogan t 135.9 pos '543.6  35.6 -579.6' spd  57.2 yaw 101 mode 0 st 6 gl 2 hp 100 frg -1
ARGLOG Romero t 136.0 pos '944.0 -295.4  24.0' spd 132.5 yaw 219 mode 2 st 11 gl 0 hp 100 frg 0
ARGEVT Romero hazard
ARGLOG Carmack t 136.3 pos '1044.7 -179.8 -712.0' spd 291.9 yaw 237 mode 2 st 3 gl 0 hp 100 frg 2
ARGEVT Carmack hazard
ARGLOG Joe Rogan t 136.4 pos '515.6  76.2 -606.6' spd 133.2 yaw  90.8 mode 0 st 6 gl 2 hp 100 frg -1
ARGLOG Romero t 136.5 pos '944.0 -236.2  24.0' spd 106.1 yaw 233 mode 2 st 11 gl 0 hp 100 frg 0
ARGLOG Carmack t 136.8 pos '1133.2 -184.5 -712.0' spd 123.2 yaw 225 mode 2 st 3 gl 0 hp 100 frg 2
ARGLOG Joe Rogan t 136.9 pos '487.7 135.4 -546.3' spd 126.2 yaw  90.8 mode 0 st 6 gl 2 hp 100 frg -1
ARGLOG Romero t 137.0 pos '944.0 -301.9  24.0' spd 372.1 yaw 217 mode 2 st 11 gl 0 hp 100 frg 0
ARGEVT Romero hazard
ARGLOG Carmack t 137.3 pos '1145.9 -175.9 -712.0' spd 322.4 yaw 224 mode 2 st 3 gl 0 hp 100 frg 2
ARGLOG Joe Rogan t 137.4 pos '460.0 194.0 -512.4' spd 126.2 yaw  90.8 mode 0 st 6 gl 2 hp 100 frg -1
ARGEVT Carmack hazard
ARGLOG Romero t 137.5 pos '944.0 -308.0  24.0' spd 225.0 yaw 215 mode 2 st 11 gl 0 hp 100 frg 0
ARGLOG Carmack t 137.8 pos '996.8 -158.0 -712.0' spd 186.9 yaw 246 mode 2 st 3 gl 0 hp 100 frg 2
ARGLOG Joe Rogan t 137.9 pos '432.2 252.8 -504.9' spd 126.2 yaw  90.8 mode 0 st 6 gl 2 hp 100 frg -1
ARGLOG Romero t 138.0 pos '944.0 -245.3  24.0' spd 110.8 yaw 232 mode 2 st 11 gl 0 hp 100 frg 0
ARGEVT Romero hazard
ARGLOG Carmack t 138.3 pos '1102.8 -171.3 -712.0' spd 140.6 yaw 230 mode 2 st 3 gl 0 hp 100 frg 2
ARGLOG Joe Rogan t 138.4 pos '427.7 279.8 -524.1' spd  38.3 yaw 306.2 mode 0 st 6 gl 2 hp 100 frg -1
ARGEVT Carmack hazard
ARGLOG Romero t 138.5 pos '944.0 -240.7  24.0' spd 314.3 yaw 233 mode 2 st 11 gl 0 hp 100 frg 0
ARGLOG Carmack t 138.9 pos '1165.2 -169.1 -712.0' spd 111.0 yaw 223 mode 2 st 3 gl 0 hp 100 frg 2
ARGLOG Joe Rogan t 139.0 pos '446.7 274.6 -569.5' spd  38.3 yaw 306.2 mode 0 st 6 gl 2 hp 100 frg -1
ARGLOG Romero t 139.1 pos '972.8 -368.0  24.0' spd  82.0 yaw 187 mode 2 st 11 gl 0 hp 100 frg 0
ARGEVT Romero hazard
ARGLOG Carmack t 139.4 pos '1027.5 -182.0 -712.0' spd 348.4 yaw 239 mode 2 st 3 gl 0 hp 100 frg 2
ARGEVT Joe Rogan goal item_artifact_super_damage
ARGLOG Joe Rogan t 139.5 pos '463.2 269.3 -639.7' spd  65.7 yaw 322.5 mode 0 st 6 gl 2 hp 100 frg -1
ARGEVT Carmack hazard
ARGEVT Joe Rogan route 5 start '481.0 321.0 -619.0' goal '673.0 929.0 -728.0'
ARGLOG Romero t 139.6 pos '944.0 -282.2  24.0' spd 120.7 yaw 223 mode 2 st 11 gl 0 hp 100 frg 0
ARGLOG Carmack t 139.9 pos '1047.8 -179.7 -712.0' spd 292.7 yaw 236 mode 2 st 3 gl 0 hp 100 frg 2
ARGLOG Joe Rogan t 140.0 pos '471.9 256.0 -629.8' spd  43.3 yaw 108 mode 2 st 6 gl 2 hp 100 frg -1
ARGEVT Carmack stall
ARGEVT Carmack stallnode '1025.0 -287.0 -752.0'
ARGEVT Carmack jump
ARGLOG Romero t 140.1 pos '944.0 -226.7  24.0' spd 106.0 yaw 235 mode 2 st 11 gl 0 hp 100 frg 0
ARGEVT Carmack route 20 start '1025.0 -95.0 -712.0' goal '1249.0 -127.0 -552.0'
ARGEVT Romero hazard
ARGLOG Carmack t 140.4 pos '1167.9 -204.0 -632.3' spd 236.5 yaw 211 mode 2 st 4 gl 0 hp 100 frg 2
ARGLOG Joe Rogan t 140.5 pos '483.4 270.6 -616.6' spd  32.4 yaw 114 mode 2 st 6 gl 2 hp 100 frg -1
ARGLOG Romero t 140.6 pos '944.0 -245.9  24.0' spd 344.7 yaw 231 mode 2 st 11 gl 0 hp 100 frg 0
ARGLOG Carmack t 140.9 pos '1150.1 -291.3 -649.3' spd 231.9 yaw 178 mode 2 st 4 gl 0 hp 100 frg 2
ARGLOG Joe Rogan t 141.0 pos '481.7 287.7 -618.6' spd  37.4 yaw 83 mode 2 st 6 gl 2 hp 100 frg -1
ARGLOG Romero t 141.1 pos '958.9 -348.6  24.0' spd 330.2 yaw 196 mode 2 st 11 gl 0 hp 100 frg 0
ARGEVT Romero hazard
ARGLOG Carmack t 141.4 pos '1031.5 -314.5 -692.6' spd 244.6 yaw 91 mode 2 st 4 gl 0 hp 100 frg 2
ARGLOG Joe Rogan t 141.5 pos '466.9 305.2 -635.5' spd  52.9 yaw 80 mode 2 st 6 gl 2 hp 100 frg -1
ARGLOG Romero t 141.6 pos '944.0 -264.0  24.0' spd 113.4 yaw 227 mode 2 st 11 gl 0 hp 100 frg 0
ARGLOG Carmack t 141.9 pos '978.5 -272.8 -752.0' spd 225.2 yaw 75 mode 2 st 4 gl 0 hp 80 frg 2
ARGLOG Joe Rogan t 142.0 pos '439.0 322.8 -667.3' spd  74.1 yaw 73 mode 2 st 6 gl 2 hp 100 frg -1
ARGLOG Romero t 142.1 pos '944.0 -209.2  24.0' spd 102.0 yaw 238 mode 2 st 11 gl 0 hp 100 frg 0
ARGLOG Carmack t 142.4 pos '1068.3 -272.5 -752.0' spd 369.9 yaw  28.2 mode 2 st 4 gl 0 hp 60 frg 2
ARGEVT Romero hazard
ARGLOG Joe Rogan t 142.5 pos '398.2 341.5 -714.0' spd 102.0 yaw 64 mode 2 st 6 gl 2 hp 100 frg -1
ARGLOG Romero t 142.6 pos '967.3 -366.9  24.0' spd 327.6 yaw 187 mode 2 st 11 gl 0 hp 100 frg 0
ARGEVT Joe Rogan jump
ARGEVT Romero abandon
ARGEVT Romero goal item_armor2
ARGLOG Carmack t 143.0 pos '1134.4 -208.0 -752.0' spd 293.6 yaw 216 mode 2 st 4 gl 0 hp 30 frg 2
ARGEVT Romero route 0 start '833.0 -383.0 -368.0' goal '833.0 -383.0 -368.0'
ARGLOG Joe Rogan t 143.1 pos '361.4 384.1 -711.7' spd 120.5 yaw 51 mode 2 st 6 gl 2 hp 92 frg -1
ARGLOG Romero t 143.2 pos '944.0 -285.1  24.0' spd 123.3 yaw 222 mode 2 st 11 gl 0 hp 100 frg 0
ARGLOG Carmack t 143.5 pos '998.5 -208.0 -752.0' spd  46.6 yaw 289 mode 2 st 4 gl 0 hp 10 frg 2
ARGEVT Romero hazard
ARGEVT Carmack death world pos '999.2 -208.0 -752.0'
ARGLOG Joe Rogan t 143.6 pos '374.3 448.2 -595.4' spd 144.8 yaw 42 mode 2 st 6 gl 2 hp 92 frg -1
ARGLOG Romero t 143.7 pos '944.0 -228.6  24.0' spd 104.2 yaw 235 mode 2 st 11 gl 0 hp 100 frg 0
ARGLOG Joe Rogan t 144.1 pos '450.3 464.3 -505.7' spd 161.3 yaw 90 mode 2 st 6 gl 2 hp 92 frg -1
ARGLOG Romero t 144.2 pos '944.0 -249.1  24.0' spd 346.7 yaw 231 mode 2 st 11 gl 0 hp 100 frg 0
ARGEVT Romero hazard
ARGLOG Joe Rogan t 144.6 pos '533.2 469.4 -442.4' spd 168.5 yaw 116 mode 2 st 6 gl 2 hp 92 frg -1
ARGLOG Romero t 144.7 pos '964.8 -363.3  24.0' spd 220.9 yaw 189 mode 2 st 11 gl 0 hp 100 frg 0
ARGEVT Carmack respawn
ARGLOG Joe Rogan t 145.1 pos '599.6 529.3 -405.2' spd 187.4 yaw 143 mode 2 st 6 gl 2 hp 92 frg -1
ARGEVT Carmack goal weapon_rocketlauncher
ARGLOG Carmack t 145.1 pos '384.0 -256.0 -712.0' spd 0 yaw 163.7 mode 0 st 4 gl 0 hp 100 frg 1
ARGLOG Romero t 145.2 pos '944.0 -266.0  24.0' spd 120.1 yaw 227 mode 2 st 11 gl 0 hp 100 frg 0
ARGEVT Carmack route 13 start '385.0 -223.0 -712.0' goal '1249.0 -127.0 -552.0'
ARGLOG Joe Rogan t 145.6 pos '587.5 625.8 -394.5' spd 208.0 yaw 173 mode 2 st 6 gl 2 hp 92 frg -1
ARGLOG Carmack t 145.6 pos '228.2 -225.4 -712.0' spd 402.2 yaw 148 mode 2 st 4 gl 0 hp 100 frg 1
ARGLOG Romero t 145.7 pos '944.0 -329.8  24.0' spd 378.0 yaw 206 mode 2 st 11 gl 0 hp 100 frg 0
ARGEVT Romero hazard
ARGEVT Carmack hazard
ARGLOG Joe Rogan t 146.1 pos '485.9 652.0 -410.3' spd 228.4 yaw 290 mode 2 st 6 gl 2 hp 92 frg -1
ARGLOG Carmack t 146.1 pos ' 83.8 -303.1 -712.0' spd 360.0 yaw 92 mode 2 st 4 gl 0 hp 100 frg 1
ARGLOG Romero t 146.2 pos '944.0 -319.3  24.0' spd 129.2 yaw 210 mode 2 st 11 gl 0 hp 100 frg 0
ARGEVT Romero stall
ARGEVT Romero stallnode '833.0 -383.0 -368.0'
ARGEVT Romero jump
ARGEVT Romero route 0 start '833.0 -383.0 -368.0' goal '833.0 -383.0 -368.0'
ARGLOG Joe Rogan t 146.7 pos '444.2 550.2 -452.1' spd 246.2 yaw 86 mode 2 st 6 gl 2 hp 92 frg -1
ARGLOG Carmack t 146.7 pos ' 34.1 -146.2 -712.0' spd 350.0 yaw 58 mode 2 st 4 gl 0 hp 100 frg 1
ARGLOG Romero t 146.8 pos '944.0 -344.2 112.0' spd  91.8 yaw 200 mode 2 st 12 gl 0 hp 100 frg 0
ARGLOG Joe Rogan t 147.2 pos '553.4 518.4 -520.2' spd 259.5 yaw 130 mode 2 st 6 gl 2 hp 92 frg -1
ARGLOG Carmack t 147.2 pos ' 72.7  13.9 -712.0' spd 321.9 yaw 44 mode 2 st 4 gl 0 hp 100 frg 1
ARGLOG Romero t 147.3 pos '944.0 -368.0  97.6' spd 0 yaw 188 mode 2 st 12 gl 0 hp 100 frg 0
ARGEVT Carmack engage Joe Rogan
ARGEVT Joe Rogan engage Carmack
ARGLOG Joe Rogan t 147.7 pos '613.1 609.5 -615.4' spd 170.0 yaw 221.9 mode 2 st 6 gl 2 hp 92 frg -1
ARGLOG Carmack t 147.7 pos '122.0 173.3 -712.0' spd 326.0 yaw  41.0 mode 2 st 4 gl 0 hp 100 frg 1
ARGLOG Romero t 147.8 pos '944.0 -368.0  56.5' spd 0 yaw 188 mode 2 st 12 gl 0 hp 100 frg 0
ARGEVT Romero hazard
ARGEVT Carmack hazard
ARGLOG Joe Rogan t 148.2 pos '633.0 642.6 -712.0' spd 159.0 yaw 221.0 mode 2 st 6 gl 2 hp 89 frg -1
ARGLOG Carmack t 148.2 pos '211.2 276.2 -712.0' spd 135.7 yaw  41.1 mode 2 st 4 gl 0 hp 96 frg 1
ARGLOG Romero t 148.3 pos '944.7 -331.2  24.0' spd 175.8 yaw 205 mode 2 st 12 gl 0 hp 100 frg 0
ARGLOG Joe Rogan t 148.7 pos '681.2 542.3 -712.0' spd 320.1 yaw 222.0 mode 2 st 6 gl 2 hp 85 frg -1
ARGLOG Carmack t 148.7 pos '288.5 209.5 -712.0' spd 320 yaw  39.1 mode 2 st 4 gl 0 hp 96 frg 1
ARGEVT Joe Rogan pursue
ARGLOG Romero t 148.8 pos '945.9 -263.6  24.0' spd 114.3 yaw 227 mode 2 st 12 gl 0 hp 100 frg 0
ARGEVT Carmack pursue
ARGEVT Romero hazard
ARGLOG Joe Rogan t 149.2 pos '624.0 415.4 -712.0' spd 170.1 yaw 199 mode 2 st 6 gl 2 hp 85 frg -1
ARGLOG Carmack t 149.2 pos '323.2  44.9 -712.0' spd 382.7 yaw   2.1 mode 2 st 4 gl 0 hp 96 frg 1
ARGLOG Romero t 149.3 pos '970.6 -353.2  24.0' spd 178.1 yaw 193 mode 2 st 12 gl 0 hp 100 frg 0
ARGLOG Joe Rogan t 149.7 pos '513.1 345.1 -712.0' spd  45.7 yaw 194 mode 2 st 6 gl 2 hp 85 frg -1
ARGLOG Carmack t 149.7 pos '448.5  65.4 -656.6' spd 196.4 yaw 72 mode 2 st 4 gl 0 hp 96 frg 1
ARGLOG Romero t 149.8 pos '944.0 -280.7  24.0' spd 122.8 yaw 223 mode 2 st 12 gl 0 hp 100 frg 0
ARGEVT Romero hazard
ARGLOG Joe Rogan t 150.3 pos '513.1 332.8 -712.0' spd  19.6 yaw 191 mode 2 st 6 gl 2 hp 85 frg -1
ARGLOG Carmack t 150.3 pos '519.0 130.2 -576.0' spd 177.5 yaw 77 mode 2 st 4 gl 0 hp 96 frg 1
ARGLOG Romero t 150.4 pos '944.0 -224.1  24.0' spd 103.9 yaw 236 mode 2 st 12 gl 0 hp 100 frg 0
ARGEVT Romero stall
ARGEVT Romero stallnode '833.0 -383.0 -368.0'
ARGEVT Romero jump
ARGLOG Joe Rogan t 150.8 pos '513.1 324.0 -712.0' spd  16.1 yaw 190 mode 2 st 6 gl 2 hp 85 frg -1
ARGUS routecache adopt
ARGEVT Romero route 0 start '833.0 -383.0 -368.0' goal '833.0 -383.0 -368.0'
ARGLOG Carmack t 150.8 pos '576.3 194.7 -510.5' spd 160.6 yaw 83 mode 2 st 4 gl 0 hp 96 frg 1
ARGLOG Romero t 150.9 pos '944.0 -311.7  64.0' spd 344.7 yaw 213 mode 2 st 13 gl 0 hp 100 frg 0
ARGUS Carmack hunch item_artifact_super_damage
ARGUS Joe Rogan hunch item_artifact_invulnerability
ARGEVT Joe Rogan plan powerup via weapon
ARGEVT Joe Rogan goal weapon_rocketlauncher
ARGEVT Carmack goal weapon_supernailgun
ARGEVT Joe Rogan route 12 start '577.0 289.0 -712.0' goal '1249.0 -127.0 -552.0'
ARGLOG Joe Rogan t 151.3 pos '513.0 296.7 -712.0' spd 152.6 yaw 283.9 mode 2 st 6 gl 2 hp 85 frg -1
ARGLOG Carmack t 151.3 pos '620.4 259.3 -460.1' spd 146.1 yaw  27.6 mode 1 st 4 gl 0 hp 96 frg 1
ARGLOG Romero t 151.4 pos '944.0 -368.0 106.5' spd 0 yaw 188 mode 2 st 13 gl 0 hp 100 frg 0
ARGEVT Carmack goal item_artifact_super_damage
ARGEVT Carmack route 6 start '673.0 257.0 -454.0' goal '673.0 929.0 -728.0'
ARGLOG Joe Rogan t 151.8 pos '592.0 220.7 -712.0' spd 138.9 yaw 23 mode 2 st 6 gl 2 hp 85 frg -1
ARGLOG Carmack t 151.8 pos '625.2 324.2 -429.8' spd 127.8 yaw 97 mode 2 st 4 gl 0 hp 96 frg 1
ARGLOG Romero t 151.9 pos '944.0 -368.0  76.3' spd 0 yaw 188 mode 2 st 13 gl 0 hp 100 frg 0
ARGLOG Joe Rogan t 152.3 pos '689.4 327.1 -712.0' spd 332.0 yaw 47 mode 2 st 6 gl 2 hp 85 frg -1
ARGLOG Carmack t 152.3 pos '667.1 355.4 -425.7' spd 151.6 yaw 121 mode 2 st 4 gl 0 hp 96 frg 1
ARGLOG Romero t 152.4 pos '944.0 -368.0  24.0' spd 0 yaw 188 mode 2 st 13 gl 0 hp 100 frg 0
ARGEVT Romero hazard
ARGEVT Carmack engage Joe Rogan
ARGEVT Joe Rogan engage Carmack
ARGLOG Joe Rogan t 152.8 pos '642.2 476.8 -712.0' spd 320.1 yaw 283.3 mode 2 st 6 gl 2 hp 85 frg -1
ARGLOG Carmack t 152.8 pos '697.7 287.6 -448.1' spd 149.5 yaw 122.2 mode 2 st 4 gl 0 hp 96 frg 1
ARGLOG Romero t 152.9 pos '945.4 -288.2  24.0' spd 125.0 yaw 221 mode 2 st 13 gl 0 hp 100 frg 0
ARGLOG Joe Rogan t 153.3 pos '645.9 602.4 -712.0' spd 282.1 yaw 254.9 mode 2 st 6 gl 2 hp 85 frg -1
ARGLOG Carmack t 153.3 pos '550.5 238.5 -449.8' spd 340.0 yaw  73.6 mode 2 st 4 gl 0 hp 84 frg 1
ARGLOG Romero t 153.4 pos '944.0 -303.2  24.0' spd 348.4 yaw 216 mode 2 st 13 gl 0 hp 100 frg 0
ARGEVT Romero hazard
ARGLOG Joe Rogan t 153.8 pos '699.1 539.3 -712.0' spd 323.8 yaw 235.0 mode 2 st 6 gl 2 hp 85 frg -1
ARGLOG Carmack t 153.8 pos '438.7 168.2 -399.5' spd 144.6 yaw  49.4 mode 2 st 4 gl 0 hp 64 frg 1
ARGLOG Romero t 153.9 pos '945.9 -318.5  24.0' spd 299.1 yaw 210 mode 2 st 13 gl 0 hp 100 frg 0
ARGUS routecache adopt
ARGEVT Carmack route 5 start '609.0 257.0 -473.0' goal '673.0 929.0 -728.0'
ARGLOG Joe Rogan t 154.4 pos '631.2 493.3 -712.0' spd 206.6 yaw 243.9 mode 2 st 6 gl 2 hp 85 frg -1
ARGLOG Carmack t 154.4 pos '424.1  76.6 -350.8' spd 190.7 yaw  52.7 mode 2 st 4 gl 0 hp 56 frg 1
ARGLOG Romero t 154.5 pos '944.0 -248.8  24.0' spd 109.9 yaw 231 mode 2 st 13 gl 0 hp 100 frg 0
ARGEVT Romero hazard
ARGEVT Carmack weapon sg
ARGEVT Joe Rogan pursue
ARGLOG Joe Rogan t 154.9 pos '645.0 376.6 -712.0' spd 332.2 yaw 233 mode 2 st 6 gl 2 hp 85 frg -1
ARGLOG Carmack t 154.9 pos '412.4  16.0 -324.4' spd  25.8 yaw 339.2 mode 2 st 4 gl 0 hp 56 frg 1
ARGLOG Romero t 155.0 pos '964.2 -348.4  24.0' spd 398.1 yaw 195 mode 2 st 13 gl 0 hp 100 frg 0
ARGLOG Joe Rogan t 155.4 pos '556.1 236.3 -712.0' spd 320.6 yaw 228 mode 2 st 6 gl 2 hp 85 frg -1
ARGLOG Carmack t 155.4 pos '431.1  18.3 -324.4' spd  40.3 yaw 53 mode 2 st 4 gl 0 hp 56 frg 1
ARGLOG Romero t 155.5 pos '948.6 -285.5  24.0' spd 113.1 yaw 221 mode 2 st 13 gl 0 hp 100 frg 0
ARGEVT Romero hazard
ARGEVT Joe Rogan route 12 start '577.0 289.0 -712.0' goal '1249.0 -127.0 -552.0'
ARGLOG Joe Rogan t 155.9 pos '513.1 149.4 -712.0' spd 101.9 yaw 213 mode 2 st 6 gl 2 hp 85 frg -1
ARGLOG Carmack t 155.9 pos '451.5  22.5 -350.9' spd  41.0 yaw 56 mode 2 st 4 gl 0 hp 56 frg 1
ARGLOG Romero t 156.0 pos '970.6 -360.4  24.0' spd  77.9 yaw 190 mode 2 st 13 gl 0 hp 100 frg 0
ARGEVT Carmack pursue
ARGLOG Joe Rogan t 156.4 pos '513.1 116.0 -712.0' spd  35.5 yaw 194 mode 2 st 6 gl 2 hp 85 frg -1
ARGLOG Carmack t 156.4 pos '472.8  28.4 -403.9' spd  46.4 yaw 71 mode 2 st 4 gl 0 hp 56 frg 1
ARGLOG Romero t 156.5 pos '951.2 -312.6  24.0' spd 246.7 yaw 211 mode 2 st 13 gl 0 hp 100 frg 0
ARGEVT Romero hazard
ARGLOG Joe Rogan t 156.9 pos '513.1 114.8 -712.0' spd  71.5 yaw 123.1 mode 2 st 6 gl 2 hp 85 frg -1
ARGLOG Carmack t 156.9 pos '495.1  37.3 -483.1' spd  46.8 yaw 62 mode 2 st 4 gl 0 hp 56 frg 1
ARGEVT Joe Rogan stall
ARGEVT Joe Rogan stallnode '577.0 289.0 -712.0'
ARGEVT Joe Rogan jump
ARGLOG Romero t 157.0 pos '944.5 -321.5  24.0' spd 295.8 yaw 209 mode 2 st 13 gl 0 hp 100 frg 0
ARGUS routecache adopt
ARGEVT Joe Rogan route 12 start '577.0 289.0 -712.0' goal '1249.0 -127.0 -552.0'
ARGEVT Romero stall
ARGEVT Romero stallnode '833.0 -383.0 -368.0'
ARGEVT Romero jump
ARGEVT Romero route 0 start '833.0 -383.0 -368.0' goal '833.0 -383.0 -368.0'
ARGLOG Joe Rogan t 157.4 pos '560.0 182.9 -658.4' spd  59.2 yaw 50 mode 2 st 7 gl 2 hp 85 frg -1
ARGLOG Carmack t 157.4 pos '517.4  46.2 -588.8' spd  47.2 yaw 73 mode 2 st 4 gl 0 hp 56 frg 1
ARGLOG Romero t 157.5 pos '944.0 -295.4 112.0' spd  39.9 yaw 219 mode 2 st 14 gl 0 hp 100 frg 0
ARGLOG Joe Rogan t 158.0 pos '560.0 213.1 -672.8' spd  59.2 yaw 71 mode 2 st 7 gl 2 hp 85 frg -1
ARGLOG Carmack t 158.0 pos '560.0  89.7 -591.2' spd 120.7 yaw 82 mode 2 st 4 gl 0 hp 56 frg 1
ARGLOG Romero t 158.1 pos '944.0 -320.7  97.6' spd  54.8 yaw 210 mode 2 st 14 gl 0 hp 100 frg 0
ARGLOG Joe Rogan t 158.5 pos '560.0 243.6 -712.0' spd  59.2 yaw 69 mode 2 st 7 gl 2 hp 85 frg -1
ARGLOG Carmack t 158.5 pos '560.0 144.6 -528.5' spd  95.3 yaw 80 mode 2 st 4 gl 0 hp 56 frg 1
ARGLOG Romero t 158.6 pos '944.0 -353.8  56.7' spd  74.5 yaw 195 mode 2 st 14 gl 0 hp 100 frg 0
ARGEVT Romero hazard
ARGLOG Joe Rogan t 159.0 pos '651.1 373.6 -712.0' spd 325.0 yaw 26 mode 2 st 7 gl 2 hp 85 frg -1
ARGLOG Carmack t 159.0 pos '560.0 193.4 -487.1' spd  95.3 yaw 79 mode 2 st 4 gl 0 hp 56 frg 1
ARGLOG Romero t 159.1 pos '944.0 -331.7  24.0' spd 176.6 yaw 205 mode 2 st 14 gl 0 hp 100 frg 0
ARGEVT Carmack engage Joe Rogan
ARGEVT Carmack grab item_spikes
ARGEVT Joe Rogan engage Carmack
ARGLOG Joe Rogan t 159.5 pos '683.1 536.7 -712.0' spd 337.3 yaw 261.3 mode 2 st 7 gl 2 hp 85 frg -1
ARGLOG Carmack t 159.5 pos '563.2 238.1 -472.0' spd  64.7 yaw  69.4 mode 2 st 4 gl 0 hp 56 frg 1
ARGLOG Romero t 159.6 pos '944.0 -262.9  24.0' spd 115.9 yaw 228 mode 2 st 14 gl 0 hp 100 frg 0
ARGLOG Joe Rogan t 160.0 pos '693.1 568.4 -712.0' spd  98.7 yaw 257.4 mode 2 st 7 gl 2 hp 85 frg -1
ARGLOG Carmack t 160.0 pos '594.2 228.8 -474.3' spd  71.4 yaw  77.0 mode 2 st 4 gl 0 hp 48 frg 1
ARGEVT Romero hazard
ARGLOG Romero t 160.1 pos '944.0 -351.4  24.0' spd 379.6 yaw 196 mode 2 st 14 gl 0 hp 100 frg 0
ARGEVT Joe Rogan pursue
ARGEVT Carmack pursue
ARGLOG Joe Rogan t 160.5 pos '674.4 490.5 -712.0' spd 339.5 yaw 252 mode 2 st 7 gl 2 hp 85 frg -1
ARGLOG Carmack t 160.5 pos '606.4 220.6 -476.1' spd  29.8 yaw 75 mode 2 st 4 gl 0 hp 48 frg 1
ARGLOG Romero t 160.6 pos '948.2 -296.2  24.0' spd 116.6 yaw 218 mode 2 st 14 gl 0 hp 100 frg 0
ARGLOG Joe Rogan t 161.0 pos '638.3 327.7 -712.0' spd 321.1 yaw 243 mode 2 st 7 gl 2 hp 85 frg -1
ARGLOG Carmack t 161.0 pos '600.5 237.9 -482.8' spd  43.6 yaw 73 mode 2 st 4 gl 0 hp 48 frg 1
ARGEVT Romero hazard
ARGUS Joe Rogan hunch item_artifact_super_damage
ARGLOG Romero t 161.1 pos '973.5 -364.5  24.0' spd 136.0 yaw 188 mode 2 st 14 gl 0 hp 100 frg 0
ARGEVT Joe Rogan plan powerup via weapon
ARGEVT Joe Rogan goal weapon_rocketlauncher
ARGEVT Joe Rogan route 12 start '577.0 289.0 -712.0' goal '1249.0 -127.0 -552.0'
ARGLOG Joe Rogan t 161.6 pos '521.3 239.2 -712.0' spd 405.8 yaw 278.6 mode 2 st 7 gl 2 hp 85 frg -1
ARGLOG Carmack t 161.6 pos '577.3 237.1 -506.9' spd  52.4 yaw 70 mode 2 st 4 gl 0 hp 48 frg 1
ARGLOG Romero t 161.7 pos '944.0 -288.6  24.0' spd 120.0 yaw 221 mode 2 st 14 gl 0 hp 100 frg 0
ARGEVT Joe Rogan pursue
ARGEVT Joe Rogan hazard
ARGLOG Joe Rogan t 162.1 pos '557.8  97.1 -712.0' spd   3.9 yaw  61.8 mode 2 st 7 gl 2 hp 85 frg -1
ARGLOG Carmack t 162.1 pos '548.3 265.5 -542.5' spd  94.3 yaw 63 mode 2 st 4 gl 0 hp 48 frg 1
ARGEVT Romero hazard
ARGLOG Romero t 162.2 pos '944.0 -231.6  24.0' spd 106.0 yaw 234 mode 2 st 14 gl 0 hp 100 frg 0
ARGUS Carmack hunch item_artifact_super_damage
ARGLOG Joe Rogan t 162.6 pos '579.4 258.7 -712.0' spd 356.9 yaw 33 mode 2 st 7 gl 2 hp 85 frg -1
ARGEVT Carmack plan powerup via weapon
ARGEVT Carmack goal weapon_rocketlauncher
ARGLOG Carmack t 162.6 pos '507.6 305.5 -589.0' spd 122.4 yaw 123.4 mode 0 st 4 gl 0 hp 48 frg 1
ARGLOG Romero t 162.7 pos '944.0 -230.3  24.0' spd 322.0 yaw 234 mode 2 st 14 gl 0 hp 100 frg 0
ARGEVT Carmack routefail
ARGEVT Carmack plan powerup via weapon
ARGEVT Carmack goal weapon_grenadelauncher
ARGEVT Carmack route 1 start '481.0 321.0 -619.0' goal '609.0 257.0 -473.0'
ARGLOG Joe Rogan t 163.1 pos '651.5 409.4 -712.0' spd 321.7 yaw 14 mode 2 st 7 gl 2 hp 85 frg -1
ARGEVT Romero abandon
ARGEVT Romero goal item_armor2
ARGLOG Carmack t 163.1 pos '454.4 348.8 -649.7' spd 142.1 yaw 123.0 mode 2 st 4 gl 0 hp 48 frg 1
ARGEVT Romero route 6 start '833.0 -383.0 -368.0' goal '673.0 321.0 -712.0'
ARGLOG Romero t 163.2 pos '961.5 -363.2  24.0' spd 211.1 yaw 10 mode 2 st 14 gl 0 hp 100 frg 0
ARGEVT Romero hazard
ARGLOG Joe Rogan t 163.6 pos '701.3 569.2 -712.0' spd 372.6 yaw 291 mode 2 st 7 gl 2 hp 85 frg -1
ARGEVT Joe Rogan hazard
ARGLOG Carmack t 163.6 pos '412.5 411.3 -697.7' spd 129.8 yaw 322 mode 2 st 4 gl 0 hp 48 frg 1
ARGLOG Romero t 163.7 pos '944.0 -264.6  24.0' spd 117.0 yaw 314 mode 2 st 14 gl 0 hp 100 frg 0
ARGEVT Joe Rogan engage Carmack
ARGEVT Carmack engage Joe Rogan
ARGLOG Joe Rogan t 164.1 pos '660.3 699.4 -708.0' spd 327.8 yaw 235.5 mode 2 st 7 gl 2 hp 85 frg -1
ARGEVT Carmack retreat
ARGLOG Carmack t 164.1 pos '445.2 432.0 -660.2' spd  71.2 yaw  53.5 mode 2 st 4 gl 0 hp 32 frg 1
ARGLOG Romero t 164.2 pos '944.0 -236.3  24.0' spd 221.2 yaw 306 mode 2 st 14 gl 0 hp 100 frg 0
ARGEVT Joe Rogan grab 
ARGEVT Joe Rogan route 10 start '673.0 673.0 -708.0' goal '1249.0 -127.0 -552.0'
ARGEVT Romero hazard
ARGLOG Joe Rogan t 164.6 pos '540.1 671.2 -712.0' spd 363.8 yaw 244.1 mode 2 st 7 gl 2 hp 76 frg -1
ARGLOG Carmack t 164.6 pos '432.9 397.2 -633.6' spd 102.2 yaw  69.1 mode 2 st 4 gl 0 hp 28 frg 1
ARGLOG Romero t 164.7 pos '974.4 -362.3  24.0' spd  83.6 yaw 189 mode 2 st 14 gl 0 hp 100 frg 0
ARGEVT Joe Rogan hazard
ARGLOG Joe Rogan t 165.2 pos '390.7 653.4 -712.0' spd  96.3 yaw 277.6 mode 2 st 7 gl 2 hp 67 frg -1
ARGLOG Carmack t 165.2 pos '414.9 348.1 -629.7' spd 190.7 yaw  97.1 mode 2 st 4 gl 0 hp 16 frg 1
ARGLOG Romero t 165.3 pos '947.4 -299.5  24.0' spd 109.0 yaw 327 mode 2 st 14 gl 0 hp 100 frg 0
ARGEVT Romero hazard
ARGLOG Joe Rogan t 165.7 pos '447.0 650.1 -712.0' spd 320.1 yaw 266.3 mode 2 st 7 gl 2 hp 64 frg -1
ARGLOG Carmack t 165.7 pos '400.6 251.5 -639.7' spd 253.8 yaw  80.1 mode 2 st 4 gl 0 hp 8 frg 1
ARGLOG Romero t 165.8 pos '946.3 -340.7  24.0' spd 249.0 yaw 353 mode 2 st 14 gl 0 hp 100 frg 0
ARGEVT Carmack death Joe Rogan pos '382.5 122.0 -670.8'
ARGUS Joe Rogan watch spawn
ARGLOG Joe Rogan t 166.2 pos '454.0 658.5 -712.0' spd 323.5 yaw 264.7 mode 2 st 7 gl 2 hp 64 frg 0
ARGLOG Romero t 166.3 pos '954.1 -266.2  24.0' spd 115.1 yaw 310 mode 2 st 14 gl 0 hp 100 frg 0
ARGEVT Joe Rogan plan powerup via weapon
ARGEVT Joe Rogan goal weapon_rocketlauncher
ARGEVT Joe Rogan route 11 start '449.0 641.0 -712.0' goal '1249.0 -127.0 -552.0'
ARGEVT Romero hazard
ARGLOG Joe Rogan t 166.7 pos '361.2 691.6 -712.0' spd 393.9 yaw 249.8 mode 2 st 7 gl 2 hp 64 frg 0
ARGLOG Romero t 166.8 pos '970.9 -359.6  24.0' spd 101.7 yaw 190 mode 2 st 14 gl 0 hp 100 frg 0
ARGEVT Joe Rogan hazard
ARGLOG Joe Rogan t 167.2 pos '271.5 563.5 -712.0' spd 131.5 yaw 337.4 mode 0 st 7 gl 2 hp 64 frg 0
ARGLOG Romero t 167.3 pos '944.0 -272.8  24.0' spd 116.7 yaw 316 mode 2 st 14 gl 0 hp 100 frg 0
ARGEVT Joe Rogan route 12 start '257.0 609.0 -712.0' goal '1249.0 -127.0 -552.0'
ARGEVT Romero hazard
ARGLOG Joe Rogan t 167.7 pos '254.7 529.0 -712.0' spd 330.0 yaw  76.0 mode 2 st 7 gl 2 hp 64 frg 0
ARGEVT Carmack respawn
ARGEVT Carmack plan powerup via weapon
ARGEVT Carmack goal weapon_supernailgun
ARGLOG Carmack t 167.8 pos '672.0  48.0 -552.0' spd 0 yaw 106.3 mode 0 st 4 gl 0 hp 100 frg 1
ARGLOG Romero t 167.8 pos '944.0 -227.0  24.0' spd 104.2 yaw 304 mode 2 st 14 gl 0 hp 100 frg 0
ARGEVT Carmack routefail
ARGEVT Romero stall
ARGEVT Romero stallnode '833.0 -383.0 -368.0'
ARGEVT Romero jump
ARGEVT Carmack plan powerup via weapon
ARGEVT Carmack goal weapon_grenadelauncher
ARGEVT Carmack route 2 start '737.0  65.0 -552.0' goal '609.0 257.0 -473.0'
ARGEVT Joe Rogan engage Carmack
ARGEVT Carmack engage Joe Rogan
ARGEVT Joe Rogan route 12 start '257.0 609.0 -712.0' goal '1249.0 -127.0 -552.0'
ARGLOG Joe Rogan t 168.2 pos '219.9 661.5 -712.0' spd  99.4 yaw 301.5 mode 2 st 7 gl 2 hp 64 frg 0
ARGEVT Romero route 6 start '833.0 -383.0 -368.0' goal '673.0 321.0 -712.0'
ARGLOG Carmack t 168.3 pos '617.7 193.9 -472.1' spd 325.7 yaw 136.1 mode 2 st 4 gl 0 hp 100 frg 1
ARGLOG Romero t 168.3 pos '944.0 -368.0 112.0' spd 0 yaw 11 mode 2 st 15 gl 0 hp 100 frg 0
ARGEVT Joe Rogan hazard
ARGLOG Joe Rogan t 168.8 pos '245.3 528.0 -712.0' spd 101.6 yaw 335.7 mode 0 st 7 gl 2 hp 64 frg 0
ARGEVT Joe Rogan route 11 start '289.0 513.0 -712.0' goal '1249.0 -127.0 -552.0'
ARGLOG Carmack t 168.8 pos '628.8 345.0 -502.8' spd 321.6 yaw 153.9 mode 1 st 4 gl 0 hp 80 frg 1
ARGLOG Romero t 168.9 pos '944.0 -368.0  97.4' spd 0 yaw 11 mode 2 st 15 gl 0 hp 100 frg 0
ARGLOG Joe Rogan t 169.3 pos '326.0 652.8 -712.0' spd 320.7 yaw 345.5 mode 0 st 7 gl 2 hp 63 frg 0
ARGLOG Carmack t 169.3 pos '701.1 511.1 -554.9' spd 320.1 yaw 157.9 mode 1 st 4 gl 0 hp 76 frg 1
ARGLOG Romero t 169.4 pos '944.0 -368.0  56.4' spd 0 yaw 11 mode 2 st 15 gl 0 hp 100 frg 0
ARGEVT Joe Rogan route 12 start '321.0 641.0 -712.0' goal '1249.0 -127.0 -552.0'
ARGEVT Romero hazard
ARGLOG Joe Rogan t 169.8 pos '379.0 705.6 -712.0' spd 321.1 yaw 336.3 mode 2 st 7 gl 2 hp 63 frg 0
ARGLOG Carmack t 169.8 pos '734.3 546.2 -528.5' spd  89.4 yaw 163.1 mode 1 st 4 gl 0 hp 56 frg 1
ARGLOG Romero t 169.9 pos '944.7 -331.8  24.0' spd 173.1 yaw 347 mode 2 st 15 gl 0 hp 100 frg 0
ARGEVT Joe Rogan hazard
ARGLOG Joe Rogan t 170.3 pos '447.3 739.2 -712.0' spd 348.1 yaw 319.5 mode 2 st 7 gl 2 hp 55 frg 0
ARGLOG Carmack t 170.4 pos '772.9 490.6 -501.9' spd 175.2 yaw 142.1 mode 1 st 4 gl 0 hp 44 frg 1
ARGLOG Romero t 170.4 pos '945.9 -263.0  24.0' spd 116.6 yaw 312 mode 2 st 15 gl 0 hp 100 frg 0
ARGEVT Romero hazard
ARGLOG Joe Rogan t 170.8 pos '503.8 696.8 -712.0' spd 321.6 yaw 319.6 mode 2 st 7 gl 2 hp 55 frg 0
ARGLOG Carmack t 170.9 pos '829.7 402.8 -483.3' spd 231.8 yaw 138.4 mode 1 st 4 gl 0 hp 36 frg 1
ARGLOG Romero t 170.9 pos '968.2 -366.5  24.0' spd 382.4 yaw 187 mode 2 st 15 gl 0 hp 100 frg 0
ARGEVT Carmack retreat
ARGLOG Joe Rogan t 171.3 pos '595.4 706.9 -712.0' spd 285.8 yaw 308.5 mode 2 st 7 gl 2 hp 47 frg 0
ARGLOG Carmack t 171.4 pos '890.1 258.5 -466.0' spd 378.0 yaw 126.0 mode 1 st 4 gl 0 hp 16 frg 1
ARGLOG Romero t 171.4 pos '944.0 -281.8  24.0' spd 119.3 yaw 320 mode 2 st 15 gl 0 hp 100 frg 0
ARGEVT Romero hazard
ARGLOG Joe Rogan t 171.8 pos '673.2 562.1 -712.0' spd 320.0 yaw 308.1 mode 2 st 7 gl 2 hp 41 frg 0
ARGLOG Carmack t 171.9 pos '952.8  75.3 -457.5' spd 379.7 yaw 119.9 mode 1 st 4 gl 0 hp 16 frg 1
ARGLOG Romero t 171.9 pos '944.0 -216.8  24.0' spd 198.1 yaw 165.1 mode 2 st 15 gl 0 hp 100 frg 0
ARGEVT Joe Rogan pursue
ARGEVT Carmack pursue
ARGLOG Joe Rogan t 172.4 pos '723.2 406.3 -712.0' spd 362.0 yaw 308 mode 2 st 7 gl 2 hp 41 frg 0
ARGLOG Carmack t 172.4 pos '999.4  32.6 -475.2' spd  83.7 yaw 121 mode 1 st 4 gl 0 hp 16 frg 1
ARGLOG Romero t 172.5 pos '965.3 -80.0  24.0' spd  82.9 yaw 283 mode 2 st 15 gl 0 hp 100 frg 0
ARGLOG Joe Rogan t 172.9 pos '806.6 260.8 -712.0' spd 321.5 yaw 315 mode 2 st 7 gl 2 hp 41 frg 0
ARGLOG Carmack t 172.9 pos '1025.2  67.6 -519.3' spd  85.2 yaw 125 mode 1 st 4 gl 0 hp 16 frg 1
ARGLOG Romero t 173.0 pos '978.7 -23.1  24.0' spd 325.7 yaw 105 mode 0 st 15 gl 0 hp 100 frg 0
ARGEVT Romero route 7 start '833.0 -159.0 -368.0' goal '673.0 321.0 -712.0'
ARGUS Carmack hunch item_artifact_super_damage
ARGEVT Joe Rogan route 12 start '801.0 225.0 -712.0' goal '1249.0 -127.0 -552.0'
ARGEVT Carmack goal item_health
ARGLOG Joe Rogan t 173.4 pos '830.9 189.8 -712.0' spd  91.1 yaw 331 mode 2 st 7 gl 2 hp 41 frg 0
ARGLOG Carmack t 173.4 pos '1053.0  91.4 -589.8' spd  70.4 yaw 334.2 mode 1 st 4 gl 0 hp 16 frg 1
ARGLOG Romero t 173.5 pos '930.3 142.2  24.0' spd 409.9 yaw 260 mode 2 st 15 gl 0 hp 100 frg 0
ARGEVT Carmack pursue
ARGLOG Joe Rogan t 173.9 pos '830.9 161.5 -712.0' spd  40.0 yaw 344 mode 2 st 7 gl 2 hp 41 frg 0
ARGLOG Carmack t 173.9 pos '1061.2  95.1 -686.6' spd  37.7 yaw 107.6 mode 1 st 4 gl 0 hp 16 frg 1
ARGLOG Romero t 174.0 pos '885.3 224.5  24.0' spd 324.9 yaw  43.4 mode 0 st 15 gl 0 hp 100 frg 0
ARGEVT Romero route 7 start '833.0 -159.0 -368.0' goal '673.0 321.0 -712.0'
ARGEVT Romero hazard
ARGUS routecache adopt
ARGEVT Romero route 7 start '833.0 -159.0 -368.0' goal '673.0 321.0 -712.0'
ARGUS Joe Rogan hunch item_health
ARGEVT Carmack hazard
ARGEVT Joe Rogan plan powerup via weapon
ARGEVT Joe Rogan goal weapon_rocketlauncher
ARGLOG Joe Rogan t 174.4 pos '830.9 155.8 -712.0' spd  27.1 yaw 358.7 mode 0 st 7 gl 2 hp 41 frg 0
ARGUS routecache adopt
ARGEVT Romero route 7 start '833.0 -159.0 -368.0' goal '673.0 321.0 -712.0'
ARGLOG Carmack t 174.5 pos '1067.7 197.6 -712.0' spd 331.2 yaw  32.1 mode 1 st 4 gl 0 hp 16 frg 1
ARGLOG Romero t 174.5 pos '911.7 143.3  24.0' spd 325.5 yaw 262 mode 2 st 15 gl 0 hp 100 frg 0
ARGEVT Joe Rogan route 12 start '801.0 225.0 -712.0' goal '1249.0 -127.0 -552.0'
ARGLOG Joe Rogan t 174.9 pos '830.9 170.9 -712.0' spd 146.9 yaw 112 mode 2 st 7 gl 2 hp 41 frg 0
ARGLOG Carmack t 175.0 pos '1222.9 175.4 -712.0' spd 430.5 yaw 233.0 mode 1 st 4 gl 0 hp 16 frg 1
ARGLOG Romero t 175.0 pos '853.8  73.6  24.0' spd 117.5 yaw 268 mode 2 st 15 gl 0 hp 100 frg 0
ARGEVT Romero hazard
ARGEVT Carmack jump
ARGLOG Joe Rogan t 175.4 pos '742.0 310.2 -712.0' spd 327.2 yaw 66 mode 2 st 7 gl 2 hp 41 frg 0
ARGLOG Carmack t 175.5 pos '1151.1  16.0 -634.3' spd 246.2 yaw 110.4 mode 1 st 4 gl 0 hp 16 frg 1
ARGLOG Romero t 175.5 pos '881.1  49.9  24.0' spd 299.5 yaw  37.4 mode 2 st 15 gl 0 hp 100 frg 0
ARGLOG Joe Rogan t 175.9 pos '678.2 465.2 -712.0' spd 322.6 yaw 353 mode 2 st 7 gl 2 hp 41 frg 0
ARGLOG Carmack t 176 pos '1119.9  29.8 -636.0' spd  50.5 yaw 147 mode 1 st 4 gl 0 hp 16 frg 1
ARGLOG Romero t 176.1 pos '949.4  82.6  24.0' spd 183.6 yaw 256 mode 2 st 15 gl 0 hp 100 frg 0
ARGEVT Romero hazard
ARGEVT Joe Rogan hazard
ARGLOG Joe Rogan t 176.5 pos '720.6 632.2 -712.0' spd 304.5 yaw 286 mode 2 st 7 gl 2 hp 41 frg 0
ARGLOG Carmack t 176.5 pos '1117.9  55.9 -674.3' spd  51.3 yaw 150 mode 1 st 4 gl 0 hp 16 frg 1
ARGLOG Romero t 176.6 pos '976.0  15.9  24.0' spd 344.9 yaw 251 mode 2 st 15 gl 0 hp 100 frg 0
ARGEVT Joe Rogan engage Carmack
ARGEVT Carmack engage Joe Rogan
ARGEVT Carmack jump
ARGLOG Joe Rogan t 177.0 pos '821.3 669.5 -712.0' spd 306.2 yaw 297.7 mode 2 st 7 gl 2 hp 41 frg 0
ARGLOG Carmack t 177.0 pos '1108.6  81.5 -672.2' spd  60.1 yaw 116.5 mode 1 st 4 gl 0 hp 16 frg 1
ARGLOG Romero t 177.1 pos '967.8 -141.9  24.0' spd 199.5 yaw 241 mode 2 st 15 gl 0 hp 100 frg 0
ARGEVT Romero hazard
ARGEVT Joe Rogan hazard
ARGLOG Joe Rogan t 177.5 pos '919.8 663.1 -712.0' spd 113.2 yaw 284.6 mode 2 st 7 gl 2 hp 41 frg 0
ARGLOG Carmack t 177.5 pos '1095.9  63.3 -637.6' spd  50.3 yaw 107.8 mode 1 st 4 gl 0 hp 4 frg 1
ARGEVT Carmack death Joe Rogan pos '1094.7  61.0 -639.4'
ARGUS Joe Rogan watch spawn
ARGLOG Romero t 177.6 pos '944.0 -249.6  24.0' spd 126.7 yaw 231 mode 2 st 15 gl 0 hp 100 frg 0
ARGEVT Joe Rogan plan powerup via weapon
ARGEVT Joe Rogan goal weapon_rocketlauncher
ARGEVT Joe Rogan route 11 start '961.0 641.0 -712.0' goal '1249.0 -127.0 -552.0'
ARGLOG Joe Rogan t 178.0 pos '886.2 733.5 -712.0' spd 347.6 yaw 181.4 mode 2 st 7 gl 2 hp 41 frg 1
ARGLOG Romero t 178.1 pos '944.0 -307.3  24.0' spd 105.1 yaw 215 mode 2 st 15 gl 0 hp 100 frg 0
ARGEVT Romero hazard
ARGLOG Joe Rogan t 178.5 pos '715.4 718.4 -708.0' spd 332.2 yaw 246 mode 2 st 7 gl 2 hp 41 frg 1
ARGLOG Romero t 178.6 pos '944.0 -288.5  24.0' spd 345.8 yaw 221 mode 2 st 15 gl 0 hp 100 frg 0
ARGLOG Joe Rogan t 179.0 pos '622.2 578.8 -712.0' spd 324.1 yaw 277.6 mode 2 st 7 gl 2 hp 41 frg 1
ARGEVT Joe Rogan jump
ARGLOG Romero t 179.1 pos '944.0 -108.7  24.0' spd 222.7 yaw 248 mode 2 st 15 gl 0 hp 100 frg 0
ARGEVT Carmack respawn
ARGEVT Carmack plan powerup via weapon
ARGEVT Carmack goal weapon_supernailgun
ARGLOG Carmack t 179.2 pos '384.0 -256.0 -712.0' spd 0 yaw 163.4 mode 0 st 4 gl 0 hp 100 frg 1
ARGEVT Carmack route 9 start '385.0 -223.0 -712.0' goal '673.0 257.0 -454.0'
ARGEVT Romero hazard
ARGLOG Joe Rogan t 179.5 pos '612.7 420.4 -588.9' spd 268.1 yaw 326 mode 2 st 7 gl 2 hp 41 frg 1
ARGLOG Romero t 179.6 pos '944.0 -201.3  24.0' spd 230.5 yaw 239 mode 2 st 15 gl 0 hp 100 frg 0
ARGLOG Carmack t 179.7 pos '226.3 -258.7 -712.0' spd 325.0 yaw 114 mode 2 st 4 gl 0 hp 100 frg 1
ARGLOG Joe Rogan t 180.1 pos '605.8 289.3 -440.0' spd 247.7 yaw 338 mode 2 st 7 gl 2 hp 41 frg 1
ARGLOG Romero t 180.2 pos '944.0 -274.4  24.0' spd 119.5 yaw 225 mode 2 st 15 gl 0 hp 100 frg 0
ARGLOG Carmack t 180.2 pos ' 69.2 -210.3 -712.0' spd 355.8 yaw 90 mode 2 st 4 gl 0 hp 100 frg 1
ARGEVT Romero hazard
ARGLOG Joe Rogan t 180.6 pos '598.9 161.9 -314.3' spd 247.7 yaw 266 mode 2 st 7 gl 2 hp 41 frg 1
ARGLOG Romero t 180.7 pos '944.0 -234.9  24.0' spd 365.5 yaw 234 mode 2 st 15 gl 0 hp 100 frg 0
ARGLOG Carmack t 180.7 pos ' 45.4 -42.8 -712.0' spd 321.5 yaw 48 mode 2 st 4 gl 0 hp 100 frg 1
ARGLOG Joe Rogan t 181.1 pos '532.3  79.3 -215.6' spd 248.2 yaw 283 mode 2 st 7 gl 2 hp 41 frg 1
ARGLOG Romero t 181.2 pos '944.0 -91.2  24.0' spd 142.2 yaw 250 mode 2 st 15 gl 0 hp 100 frg 0
ARGLOG Carmack t 181.2 pos ' 89.0 118.2 -712.0' spd 367.4 yaw 343 mode 2 st 4 gl 0 hp 100 frg 1
ARGEVT Joe Rogan engage Carmack
ARGEVT Carmack engage Joe Rogan
ARGEVT Romero hazard
ARGLOG Joe Rogan t 181.6 pos '508.3 179.9 -143.3' spd 222.4 yaw 184.6 mode 2 st 7 gl 2 hp 41 frg 1
ARGLOG Romero t 181.7 pos '944.0 -219.7  24.0' spd 171.0 yaw 236 mode 2 st 15 gl 0 hp 100 frg 0
ARGLOG Carmack t 181.8 pos ' 18.3  66.7 -712.0' spd 340.8 yaw  15.7 mode 2 st 4 gl 0 hp 100 frg 1
ARGEVT Carmack hazard
ARGEVT Joe Rogan grab item_health
ARGEVT Carmack pursue
ARGUS Carmack hunch item_health
ARGLOG Joe Rogan t 182.1 pos '552.0 277.0 -96.8' spd 221.7 yaw 279.1 mode 2 st 7 gl 2 hp 41 frg 1
ARGLOG Romero t 182.2 pos '944.0 -286.2  24.0' spd 116.2 yaw 222 mode 2 st 15 gl 0 hp 100 frg 0
ARGEVT Carmack pursue
ARGEVT Carmack plan powerup via weapon
ARGEVT Carmack goal weapon_supernailgun
ARGUS routecache adopt
ARGEVT Carmack route 6 start ' 65.0  97.0 -712.0' goal '673.0 257.0 -454.0'
ARGLOG Carmack t 182.3 pos ' 64.5  54.5 -712.0' spd 320.0 yaw 127.3 mode 0 st 4 gl 0 hp 100 frg 1
ARGEVT Joe Rogan grab item_health
ARGLOG Joe Rogan t 182.6 pos '652.3 223.9 -76.8' spd 230.9 yaw 183.6 mode 2 st 7 gl 2 hp 41 frg 1
ARGEVT Romero hazard
ARGLOG Romero t 182.7 pos '944.0 -172.0  24.0' spd 370.2 yaw 243 mode 2 st 15 gl 0 hp 100 frg 0
ARGLOG Carmack t 182.8 pos ' 29.5 174.7 -712.0' spd 202.9 yaw   0.7 mode 2 st 4 gl 0 hp 100 frg 1
ARGLOG Joe Rogan t 183.1 pos '741.4 145.2 -83.4' spd 230.9 yaw 176.1 mode 2 st 7 gl 2 hp 41 frg 1
ARGEVT Romero abandon
ARGEVT Romero goal weapon_rocketlauncher
ARGLOG Romero t 183.2 pos '944.6 -127.3  24.0' spd 296.6 yaw 219.3 mode 0 st 15 gl 0 hp 100 frg 0
ARGEVT Romero route 1 start '833.0 -159.0 -368.0' goal '833.0 -383.0 -368.0'
ARGLOG Carmack t 183.3 pos ' 28.7 184.6 -712.0' spd 138.2 yaw 356.8 mode 2 st 4 gl 0 hp 92 frg 1
ARGEVT Carmack grab item_health
ARGLOG Joe Rogan t 183.7 pos '830.2  66.7 -116.3' spd 230.9 yaw 171.1 mode 2 st 7 gl 2 hp 41 frg 1
ARGEVT Romero hazard
ARGLOG Romero t 183.8 pos '945.8 -247.3  24.0' spd 130.8 yaw 231 mode 2 st 15 gl 0 hp 100 frg 0
ARGLOG Carmack t 183.8 pos ' 58.3 147.3 -712.0' spd 320.1 yaw 356.3 mode 2 st 4 gl 0 hp 84 frg 1
ARGLOG Joe Rogan t 184.2 pos '919.3  16.0 -175.8' spd 173.0 yaw 179.0 mode 0 st 7 gl 2 hp 41 frg 1
ARGEVT Joe Rogan route 8 start '673.0 257.0 -454.0' goal '1249.0 -127.0 -552.0'
ARGEVT Joe Rogan abandon
ARGEVT Joe Rogan plan powerup via weapon
ARGEVT Joe Rogan goal weapon_grenadelauncher
ARGEVT Joe Rogan abandon
ARGLOG Romero t 184.3 pos '944.0 -116.1  24.0' spd 326.7 yaw 107 mode 2 st 15 gl 0 hp 100 frg 0
ARGLOG Carmack t 184.3 pos '103.3  58.6 -712.0' spd 269.0 yaw 40 mode 2 st 4 gl 0 hp 84 frg 1
ARGEVT Carmack hazard
ARGEVT Joe Rogan plan powerup via weapon
ARGEVT Joe Rogan goal weapon_supershotgun
ARGEVT Joe Rogan abandon
ARGEVT Joe Rogan routefail
ARGEVT Joe Rogan plan powerup via weapon
ARGEVT Joe Rogan goal weapon_nailgun
ARGLOG Joe Rogan t 184.7 pos '952.5  19.4 -261.7' spd  63.2 yaw 172.0 mode 0 st 7 gl 2 hp 40 frg 1
ARGEVT Romero hazard
ARGLOG Romero t 184.8 pos '945.2 -150.7  24.0' spd 185.6 yaw 140.9 mode 2 st 15 gl 0 hp 100 frg 0
ARGEVT Joe Rogan routefail
ARGLOG Carmack t 184.8 pos ' 99.6  97.8 -712.0' spd 320.8 yaw 357.1 mode 2 st 4 gl 0 hp 84 frg 1
ARGEVT Joe Rogan goal item_artifact_invulnerability
ARGEVT Joe Rogan routefail
ARGEVT Joe Rogan goal item_spikes
ARGEVT Joe Rogan abandon
ARGLOG Joe Rogan t 185.2 pos '979.5  26.7 -367.0' spd  30.0 yaw 340.1 mode 0 st 7 gl 2 hp 40 frg 1
ARGEVT Joe Rogan routefail
ARGEVT Joe Rogan goal item_health
ARGEVT Joe Rogan abandon
ARGLOG Romero t 185.3 pos '958.8 -80.0  24.0' spd  95.3 yaw 248 mode 2 st 15 gl 0 hp 100 frg 0
ARGLOG Carmack t 185.4 pos '112.0 127.1 -712.0' spd 330.2 yaw 16 mode 2 st 4 gl 0 hp 84 frg 1
ARGEVT Joe Rogan goal item_health
ARGEVT Joe Rogan route 8 start '1057.0  65.0 -544.0' goal '1025.0 -351.0 -544.0'
ARGLOG Joe Rogan t 185.7 pos '986.4  17.7 -494.9' spd  31.9 yaw 162.4 mode 2 st 7 gl 2 hp 39 frg 1
ARGLOG Romero t 185.8 pos '946.2 -131.1  24.0' spd 322.0 yaw 78 mode 2 st 15 gl 0 hp 100 frg 0
ARGLOG Carmack t 185.9 pos '254.5 172.7 -712.0' spd 323.0 yaw 349.0 mode 2 st 4 gl 0 hp 84 frg 1
ARGEVT Joe Rogan grab item_health
ARGEVT Romero hazard
ARGEVT Joe Rogan pursue
ARGEVT Carmack pursue
ARGLOG Joe Rogan t 186.2 pos '978.4  32.0 -647.3' spd  45.4 yaw 170 mode 2 st 7 gl 2 hp 39 frg 1
