LOG started on: 09/13/2026 20:18:41 
Playing registered version.
UDP Initialized
WIPX_OpenSocket: Address family not supported by protocol family
WIPX_Init: Unable to open control socket, IPX disabled
Exe: 20:02:47 Jul 31 2024
256.0 megabyte heap

Language initialization
Couldn't load 'localization/loc_english.txt'
from 'C:/argus/engine'

========= Quake Initialized =========

execing autoexec.cfg
SpawnServer: e1m2
Clearing memory
Programs occupy 877K.
Mod_LoadTexinfo: 1 texture(s) missing from BSP file
trying to open external vis file
maps/e1m2.vis not found, trying argus.vis
external vis not found
Loaded external entity file maps/e1m2@0caa.ent
ARGUS slots 8
ARGUS worldspawn reached
ARGNAV 200 nodes, 542 links
8 entities inhibited
ARGUS init on e1m2
ARGEVT Carmack spawned
ARGEVT Romero spawned
ARGEVT Joe Rogan spawned
Server spawned.
ARGLOG Joe Rogan t   1.2 pos '1496.0 1328.0 200.0' spd 0 yaw 267.6 mode 0 st 0 gl 0 hp 100 frg 0
ARGLOG Romero t   1.2 pos '1080.0 -720.0 312.0' spd 0 yaw  47.5 mode 0 st 0 gl 0 hp 100 frg 0
ARGLOG Carmack t   1.2 pos '-416.0 -144.0 320.0' spd 0 yaw 119.6 mode 0 st 0 gl 0 hp 100 frg 0
ARGEVT Carmack hazard
ARGLOG Joe Rogan t   1.7 pos '1490.5 1171.5 204.0' spd 320.0 yaw 267.6 mode 0 st 0 gl 0 hp 100 frg 0
ARGLOG Romero t   1.7 pos '1186.8 -605.4 312.0' spd 320 yaw  47.5 mode 0 st 0 gl 0 hp 100 frg 0
ARGLOG Carmack t   1.7 pos '-448.0 -132.1 320.0' spd 324.5 yaw 257.3 mode 0 st 0 gl 0 hp 100 frg 0
ARGLOG Joe Rogan t   2.2 pos '1484.8 1007.1 204.0' spd 320 yaw 267.6 mode 0 st 0 gl 0 hp 100 frg 0
ARGLOG Romero t   2.2 pos '1300.0 -472.3 217.2' spd 236.0 yaw  47.5 mode 0 st 0 gl 0 hp 100 frg 0
ARGLOG Carmack t   2.2 pos '-448.0 -104.0 320.0' spd 320.0 yaw  90.1 mode 0 st 0 gl 0 hp 100 frg 0
ARGLOG Joe Rogan t   2.7 pos '1479.1 843.3 216.0' spd 320.0 yaw 267.6 mode 0 st 0 gl 0 hp 100 frg 0
ARGLOG Romero t   2.7 pos '1358.9 -335.6 168.0' spd 321.6 yaw  47.5 mode 0 st 0 gl 0 hp 100 frg 0
ARGLOG Carmack t   2.7 pos '-448.0  59.8 320.0' spd 320 yaw  90.1 mode 0 st 0 gl 0 hp 100 frg 0
ARGEVT Carmack hazard
ARGLOG Joe Rogan t   3.3 pos '1473.4 679.9 264.0' spd 320.0 yaw 267.6 mode 0 st 0 gl 0 hp 100 frg 0
ARGLOG Romero t   3.3 pos '1247.0 -314.5 168.0' spd 321.1 yaw 192.7 mode 0 st 0 gl 0 hp 100 frg 0
ARGLOG Carmack t   3.3 pos '-446.0 216.0 320.0' spd  37.3 yaw  54.2 mode 0 st 0 gl 0 hp 100 frg 0
ARGLOG Joe Rogan t   3.8 pos '1425.4 700.0 264.0' spd 321.0 yaw 110.5 mode 0 st 0 gl 0 hp 100 frg 0
ARGLOG Romero t   3.8 pos '1086.1 -347.2 168.0' spd 320.0 yaw 192.7 mode 0 st 0 gl 0 hp 100 frg 0
ARGLOG Carmack t   3.8 pos '-406.8  82.5 320.0' spd 320.0 yaw 284.5 mode 0 st 0 gl 0 hp 100 frg 0
ARGEVT Joe Rogan hazard
ARGEVT Joe Rogan goal weapon_rocketlauncher
ARGEVT Romero goal item_armor2
ARGEVT Carmack goal weapon_supernailgun
ARGEVT Joe Rogan route 5 start '1425.0 705.0 264.0' goal '689.0 737.0 200.0'
ARGLOG Joe Rogan t   4.3 pos '1315.8 612.5 312.0' spd 367.6 yaw 157 mode 2 st 0 gl 0 hp 100 frg 0
ARGLOG Romero t   4.3 pos '1183.1 -381.5 168.0' spd 337.4 yaw 315 mode 0 st 0 gl 0 hp 100 frg 0
ARGLOG Carmack t   4.3 pos '-375.6 -77.1 320.0' spd 320.6 yaw 251 mode 0 st 0 gl 0 hp 100 frg 0
ARGEVT Romero route 12 start '1265.0 -447.0 168.0' goal '1329.0 -543.0 400.0'
ARGEVT Carmack route 7 start '-431.0 -159.0 320.0' goal '-111.0 -511.0 384.0'
ARGEVT Carmack hazard
ARGLOG Joe Rogan t   4.8 pos '1152.4 642.6 312.0' spd 323.8 yaw 162 mode 2 st 0 gl 0 hp 100 frg 0
ARGLOG Romero t   4.8 pos '1314.0 -483.6 168.0' spd 320.6 yaw 344 mode 2 st 0 gl 0 hp 100 frg 0
ARGLOG Carmack t   4.8 pos '-444.9 -167.1 320.0' spd 395.6 yaw 56 mode 2 st 0 gl 0 hp 100 frg 0
ARGLOG Joe Rogan t   5.3 pos '1009.9 728.5 312.0' spd 339.7 yaw 178 mode 2 st 0 gl 0 hp 100 frg 0
ARGLOG Romero t   5.3 pos '1446.1 -587.1 168.0' spd 340.9 yaw 2 mode 2 st 0 gl 0 hp 100 frg 0
ARGLOG Carmack t   5.3 pos '-416.4   5.8 320.0' spd 347.1 yaw 11 mode 2 st 0 gl 0 hp 100 frg 0
ARGEVT Joe Rogan hazard
ARGEVT Romero jump
ARGUS routecache adopt
ARGEVT Carmack route 5 start '-271.0  97.0 320.0' goal '-111.0 -511.0 384.0'
ARGLOG Joe Rogan t   5.8 pos '960.0 655.9 312.0' spd 133.6 yaw 163 mode 2 st 0 gl 0 hp 100 frg 0
ARGLOG Romero t   5.8 pos '1613.0 -592.7 221.9' spd 320.1 yaw 130 mode 2 st 0 gl 0 hp 100 frg 0
ARGLOG Carmack t   5.8 pos '-258.4  57.1 320.0' spd 339.7 yaw 330 mode 2 st 0 gl 0 hp 100 frg 0
ARGEVT Carmack hazard
ARGLOG Joe Rogan t   6.4 pos '960.0 636.9 312.0' spd  30.1 yaw 159 mode 2 st 0 gl 0 hp 100 frg 0
ARGLOG Romero t   6.4 pos '1778.6 -572.4 280.0' spd 346.8 yaw  58.3 mode 0 st 0 gl 0 hp 100 frg 0
ARGLOG Carmack t   6.4 pos '-108.6 120.6 320.0' spd 329.6 yaw 270 mode 2 st 0 gl 0 hp 100 frg 0
ARGEVT Romero route 9 start '1777.0 -575.0 280.0' goal '1329.0 -543.0 400.0'
ARGEVT Joe Rogan hazard
ARGEVT Romero hazard
ARGUS routecache adopt
ARGEVT Romero route 8 start '785.0 385.0 324.0' goal '1329.0 -543.0 400.0'
ARGEVT Carmack door
ARGLOG Joe Rogan t   6.9 pos '960.0 636.2 312.0' spd  20.3 yaw 159 mode 2 st 0 gl 0 hp 100 frg 0
ARGLOG Romero t   6.9 pos '800.0 306.8 320.0' spd 300 yaw 280 mode 2 st 0 gl 0 hp 100 frg 0
ARGLOG Carmack t   6.9 pos ' 61.1 129.4 320.0' spd 381.7 yaw  78.6 mode 2 st 0 gl 0 hp 100 frg 0
ARGLOG Joe Rogan t   7.4 pos '960.0 636.1 312.0' spd  20.3 yaw 159 mode 2 st 0 gl 0 hp 100 frg 0
ARGLOG Romero t   7.4 pos '799.4 256.9 320.0' spd 320.2 yaw 281 mode 2 st 0 gl 0 hp 100 frg 0
ARGLOG Carmack t   7.4 pos ' 61.8 305.8 320.0' spd 333.6 yaw 140 mode 0 st 0 gl 0 hp 100 frg 0
ARGEVT Carmack route 5 start ' 49.0 289.0 320.0' goal '-111.0 -511.0 384.0'
ARGEVT Joe Rogan stall
ARGEVT Joe Rogan stallnode '849.0 737.0 176.0'
ARGEVT Joe Rogan jump
ARGEVT Joe Rogan route 3 start '1009.0 545.0 312.0' goal '689.0 737.0 200.0'
ARGLOG Joe Rogan t   7.9 pos '960.0 640.2 341.9' spd  33.5 yaw 120.4 mode 2 st 1 gl 0 hp 100 frg 0
ARGLOG Romero t   7.9 pos '791.1  92.5 320.0' spd 326.5 yaw 321 mode 2 st 0 gl 0 hp 100 frg 0
ARGLOG Carmack t   7.9 pos '-57.9 420.2 320.0' spd 323.1 yaw 157 mode 2 st 0 gl 0 hp 100 frg 0
ARGEVT Carmack route 6 start '-143.0 417.0 320.0' goal '-111.0 -511.0 384.0'
ARGEVT Romero hazard
ARGEVT Romero jump
ARGEVT Joe Rogan hazard
ARGLOG Joe Rogan t   8.4 pos '960.0 587.4 312.0' spd 328.2 yaw 252 mode 2 st 1 gl 0 hp 100 frg 0
ARGLOG Romero t   8.4 pos '900.0  32.0 357.7' spd 277.0 yaw 317 mode 2 st 0 gl 0 hp 100 frg 0
ARGLOG Carmack t   8.4 pos '-160.8 379.6 320.0' spd 350.6 yaw 311.2 mode 2 st 0 gl 0 hp 100 frg 0
ARGLOG Joe Rogan t   8.9 pos '984.0 507.7 312.0' spd   7.3 yaw 120 mode 2 st 1 gl 0 hp 100 frg 0
ARGLOG Romero t   8.9 pos '988.8  32.0 274.6' spd  46.7 yaw 304 mode 2 st 0 gl 0 hp 100 frg 0
ARGLOG Carmack t   8.9 pos ' -7.1 349.5 332.0' spd 433.3 yaw 115.6 mode 2 st 0 gl 0 hp 100 frg 0
ARGEVT Carmack hazard
ARGEVT Romero swim
ARGUS routecache adopt
ARGEVT Carmack route 6 start '-143.0 417.0 320.0' goal '-111.0 -511.0 384.0'
ARGEVT Joe Rogan hazard
ARGLOG Joe Rogan t   9.4 pos '963.5 653.0 312.0' spd 244.1 yaw 201.0 mode 2 st 1 gl 0 hp 100 frg 0
ARGLOG Romero t   9.4 pos '973.8  32.0 156.0' spd  67.8 yaw 307 mode 2 st 0 gl 0 hp 100 frg 0
ARGLOG Carmack t   9.4 pos '-126.2 440.1 320.0' spd 365.8 yaw 113.7 mode 2 st 0 gl 0 hp 100 frg 0
ARGLOG Joe Rogan t  10.0 pos '960.0 553.3 312.0' spd 329.4 yaw 251 mode 2 st 1 gl 0 hp 100 frg 0
ARGLOG Romero t  10.0 pos '932.3  32.0 160.5' spd  81.6 yaw 313 mode 2 st 0 gl 0 hp 100 frg 0
ARGLOG Carmack t  10.0 pos '-45.4 443.1 320.0' spd 345.7 yaw 309.2 mode 2 st 0 gl 0 hp 100 frg 0
ARGLOG Joe Rogan t  10.5 pos '980.1 525.4 312.0' spd 248.8 yaw 121 mode 2 st 1 gl 0 hp 100 frg 0
ARGLOG Romero t  10.5 pos '897.6  32.0 165.1' spd  53.2 yaw 318 mode 2 st 0 gl 0 hp 100 frg 0
ARGLOG Carmack t  10.5 pos '-41.7 287.6 320.0' spd 432.7 yaw 144.4 mode 2 st 0 gl 0 hp 100 frg 0
ARGEVT Joe Rogan hazard
ARGLOG Joe Rogan t  11.0 pos '967.0 683.1 312.0' spd 312.2 yaw 155 mode 2 st 1 gl 0 hp 100 frg 0
ARGLOG Romero t  11.0 pos '888.0  32.0 169.7' spd 0 yaw 319 mode 2 st 0 gl 0 hp 100 frg 0
ARGLOG Carmack t  11.0 pos '-130.2 432.4 320.0' spd 403.9 yaw   9.7 mode 0 st 0 gl 0 hp 100 frg 0
ARGEVT Carmack hazard
ARGUS routecache adopt
ARGEVT Carmack route 6 start '-143.0 417.0 320.0' goal '-111.0 -511.0 384.0'
ARGEVT Romero swim
ARGEVT Romero route 23 start '1041.0  33.0  92.0' goal '1329.0 -543.0 400.0'
ARGLOG Joe Rogan t  11.5 pos '1034.2 780.6 312.0' spd 315.4 yaw 188 mode 2 st 1 gl 0 hp 100 frg 0
ARGLOG Romero t  11.5 pos '905.4  32.0 163.5' spd 111.1 yaw 29 mode 2 st 0 gl 0 hp 100 frg 0
ARGLOG Carmack t  11.5 pos '  6.0 344.8 332.0' spd 424.5 yaw 208.2 mode 2 st 0 gl 0 hp 100 frg 0
ARGLOG Joe Rogan t  12.0 pos '984.0 761.7 312.0' spd 104.1 yaw 185 mode 2 st 1 gl 0 hp 100 frg 0
ARGLOG Romero t  12.0 pos '999.9  42.0 130.3' spd 224.7 yaw 21 mode 2 st 0 gl 0 hp 100 frg 0
ARGLOG Carmack t  12.0 pos '-150.4 351.9 320.0' spd 431.4 yaw 57 mode 2 st 0 gl 0 hp 100 frg 0
ARGEVT Joe Rogan hazard
ARGEVT Carmack hazard
ARGEVT Carmack route 6 start '-143.0 417.0 320.0' goal '-111.0 -511.0 384.0'
ARGLOG Joe Rogan t  12.5 pos '960.0 657.0 312.0' spd   7.7 yaw 163 mode 2 st 1 gl 0 hp 100 frg 0
ARGLOG Romero t  12.5 pos '1108.5 108.2 134.0' spd 265.3 yaw 16 mode 2 st 0 gl 0 hp 100 frg 0
ARGLOG Carmack t  12.5 pos '-26.3 424.7 320.0' spd 391.1 yaw 278.4 mode 2 st 0 gl 0 hp 100 frg 0
ARGLOG Joe Rogan t  13.0 pos '960.0 635.7 312.0' spd  22.1 yaw 159 mode 2 st 1 gl 0 hp 100 frg 0
ARGLOG Romero t  13.0 pos '1172.4 184.8 125.3' spd 161.8 yaw 23 mode 2 st 0 gl 0 hp 100 frg 0
ARGLOG Carmack t  13.0 pos '-92.5 284.1 324.0' spd 437.0 yaw 114.2 mode 2 st 0 gl 0 hp 100 frg 0
ARGEVT Joe Rogan hazard
ARGEVT Carmack hazard
ARGLOG Joe Rogan t  13.5 pos '960.0 634.9 312.0' spd  20.1 yaw 159 mode 2 st 1 gl 0 hp 100 frg 0
ARGLOG Romero t  13.5 pos '1274.4 213.7 128.9' spd 241.0 yaw 26 mode 2 st 0 gl 0 hp 100 frg 0
ARGUS routecache adopt
ARGEVT Carmack route 6 start '-143.0 417.0 320.0' goal '-111.0 -511.0 384.0'
ARGLOG Carmack t  13.5 pos '-100.9 435.6 320.0' spd 323.7 yaw 4 mode 0 st 0 gl 0 hp 100 frg 0
ARGEVT Joe Rogan stall
ARGEVT Joe Rogan stallnode '849.0 737.0 176.0'
ARGEVT Joe Rogan jump
ARGEVT Joe Rogan route 3 start '1009.0 545.0 312.0' goal '689.0 737.0 200.0'
ARGLOG Joe Rogan t  14.1 pos '960.0 635.9 341.0' spd  16.7 yaw 137 mode 2 st 2 gl 0 hp 100 frg 0
ARGLOG Romero t  14.1 pos '1403.5 243.3 120.2' spd 269.8 yaw 10 mode 2 st 0 gl 0 hp 100 frg 0
ARGLOG Carmack t  14.1 pos ' 17.5 332.2 332.0' spd 425.0 yaw 199.8 mode 2 st 0 gl 0 hp 100 frg 0
ARGLOG Joe Rogan t  14.6 pos '960.4 652.6 312.0' spd  33.9 yaw 142 mode 2 st 2 gl 0 hp 100 frg 0
ARGLOG Romero t  14.6 pos '1462.3 303.9 121.2' spd 143.3 yaw 313 mode 2 st 0 gl 0 hp 100 frg 0
ARGLOG Carmack t  14.6 pos '-139.6 360.2 320.0' spd 406.9 yaw  60.0 mode 2 st 0 gl 0 hp 100 frg 0
ARGEVT Carmack abandon
ARGEVT Carmack goal weapon_rocketlauncher
ARGEVT Carmack route 17 start '-143.0 417.0 320.0' goal '689.0 737.0 200.0'
ARGEVT Joe Rogan hazard
ARGLOG Joe Rogan t  15.1 pos '978.2 744.9 312.0' spd 393.3 yaw 182 mode 2 st 2 gl 0 hp 100 frg 0
ARGLOG Romero t  15.1 pos '1557.9 322.4 124.8' spd 229.6 yaw 293 mode 2 st 0 gl 0 hp 100 frg 0
ARGLOG Carmack t  15.1 pos '-174.6 285.2 320.0' spd 329.1 yaw 304 mode 2 st 0 gl 0 hp 100 frg 0
ARGLOG Joe Rogan t  15.6 pos '960.0 651.2 312.0' spd  83.5 yaw 162 mode 2 st 2 gl 0 hp 100 frg 0
ARGLOG Romero t  15.6 pos '1660.3 272.9 153.1' spd 221.3 yaw 304 mode 2 st 0 gl 0 hp 100 frg 0
ARGLOG Carmack t  15.6 pos '-304.9 175.4 320.0' spd 337.0 yaw 321 mode 2 st 0 gl 0 hp 100 frg 0
ARGEVT Joe Rogan hazard
ARGUS routecache adopt
ARGEVT Carmack route 15 start '-399.0 193.0 320.0' goal '689.0 737.0 200.0'
ARGEVT Carmack hazard
ARGLOG Joe Rogan t  16.1 pos '960.0 640.8 312.0' spd  15.4 yaw 160 mode 2 st 2 gl 0 hp 100 frg 0
ARGLOG Romero t  16.1 pos '1692.6 156.1 157.6' spd 254.1 yaw 324 mode 2 st 0 gl 0 hp 100 frg 0
ARGLOG Carmack t  16.1 pos '-404.2 216.0 320.0' spd 346.8 yaw  61.5 mode 0 st 0 gl 0 hp 100 frg 0
ARGUS routecache adopt
ARGEVT Carmack route 15 start '-399.0 193.0 320.0' goal '689.0 737.0 200.0'
ARGLOG Joe Rogan t  16.6 pos '960.0 639.4 312.0' spd  25.5 yaw 160 mode 2 st 2 gl 0 hp 100 frg 0
ARGLOG Romero t  16.6 pos '1772.6  39.6 168.0' spd 323.4 yaw 333 mode 2 st 0 gl 0 hp 100 frg 0
ARGLOG Carmack t  16.6 pos '-238.4 185.1 320.0' spd 395.2 yaw 316 mode 2 st 0 gl 0 hp 100 frg 0
ARGEVT Joe Rogan stall
ARGEVT Joe Rogan stallnode '849.0 737.0 176.0'
ARGEVT Joe Rogan jump
ARGEVT Joe Rogan route 3 start '1009.0 545.0 312.0' goal '689.0 737.0 200.0'
ARGEVT Romero swim
ARGLOG Joe Rogan t  17.1 pos '960.0 641.5 350.1' spd  31.6 yaw 139 mode 2 st 3 gl 0 hp 100 frg 0
ARGLOG Romero t  17.1 pos '1872.0 -43.4 170.9' spd 139.1 yaw 294 mode 2 st 0 gl 0 hp 100 frg 0
ARGLOG Carmack t  17.1 pos '-350.0  75.1 320.0' spd 417.7 yaw 332 mode 2 st 0 gl 0 hp 100 frg 0
ARGEVT Romero swim
ARGEVT Romero swim
ARGEVT Carmack hazard
ARGLOG Joe Rogan t  17.7 pos '989.2 702.0 312.0' spd 320.0 yaw 173 mode 2 st 3 gl 0 hp 100 frg 0
ARGLOG Romero t  17.7 pos '1927.4 -99.4 171.3' spd 189.2 yaw 289 mode 2 st 0 gl 0 hp 100 frg 0
ARGLOG Carmack t  17.7 pos '-379.8 223.7 320.0' spd 322.7 yaw 25 mode 0 st 0 gl 0 hp 100 frg 0
ARGEVT Carmack route 15 start '-399.0 193.0 320.0' goal '689.0 737.0 200.0'
ARGEVT Romero swim
ARGEVT Joe Rogan hazard
ARGEVT Romero swim
ARGLOG Joe Rogan t  18.2 pos '960.6 672.4 312.0' spd 274.1 yaw 166 mode 2 st 3 gl 0 hp 100 frg 0
ARGLOG Romero t  18.2 pos '2017.8 -158.3 171.5' spd 220.8 yaw 232 mode 2 st 0 gl 0 hp 100 frg 0
ARGLOG Carmack t  18.2 pos '-227.8 160.6 320.0' spd 406.8 yaw 317 mode 2 st 0 gl 0 hp 100 frg 0
ARGEVT Joe Rogan stall
ARGEVT Joe Rogan stallnode '849.0 737.0 176.0'
ARGEVT Joe Rogan jump
ARGEVT Joe Rogan route 2 start '1009.0 737.0 312.0' goal '689.0 737.0 200.0'
ARGEVT Romero swim
ARGEVT Romero swim
ARGLOG Joe Rogan t  18.7 pos '960.2 657.5 341.8' spd  34.2 yaw 144 mode 2 st 4 gl 0 hp 100 frg 0
ARGLOG Romero t  18.7 pos '2063.1 -270.4 171.9' spd 250.1 yaw 207 mode 2 st 0 gl 0 hp 100 frg 0
ARGLOG Carmack t  18.7 pos '-372.1  88.9 320.0' spd 394.7 yaw 332 mode 2 st 0 gl 0 hp 100 frg 0
ARGEVT Romero swim
ARGEVT Joe Rogan stall
ARGEVT Joe Rogan stallnode '1009.0 737.0 312.0'
ARGEVT Joe Rogan jump
ARGEVT Romero swim
ARGEVT Carmack hazard
ARGEVT Joe Rogan plan powerup via weapon
ARGEVT Joe Rogan goal weapon_supernailgun
ARGLOG Joe Rogan t  19.2 pos '987.3 673.7 349.7' spd  91.0 yaw 266 mode 0 st 5 gl 0 hp 100 frg 0
ARGLOG Romero t  19.2 pos '2049.5 -389.1 172.2' spd 206.4 yaw 174 mode 2 st 0 gl 0 hp 100 frg 0
ARGLOG Carmack t  19.2 pos '-359.2 224.0 320.0' spd 329.9 yaw 25 mode 0 st 0 gl 0 hp 100 frg 0
ARGEVT Joe Rogan route 12 start '1009.0 737.0 312.0' goal '817.0 -607.0 216.0'
ARGEVT Romero swim
ARGEVT Carmack route 16 start '-303.0 289.0 320.0' goal '689.0 737.0 200.0'
ARGEVT Romero swim
ARGLOG Joe Rogan t  19.7 pos '1028.0 633.1 312.0' spd 320.1 yaw 279 mode 2 st 5 gl 0 hp 100 frg 0
ARGLOG Romero t  19.7 pos '1960.2 -439.2 170.4' spd 212.8 yaw 164 mode 2 st 0 gl 0 hp 100 frg 0
ARGEVT Romero swim
ARGLOG Carmack t  19.7 pos '-227.6 322.9 332.0' spd 408.7 yaw 306 mode 2 st 0 gl 0 hp 100 frg 0
ARGEVT Romero swim
ARGLOG Joe Rogan t  20.2 pos '1067.4 472.7 308.0' spd 320.0 yaw 277 mode 2 st 5 gl 0 hp 100 frg 0
ARGLOG Romero t  20.2 pos '1839.7 -428.1 170.7' spd 252.9 yaw 170 mode 2 st 0 gl 0 hp 100 frg 0
ARGEVT Romero swim
ARGLOG Carmack t  20.2 pos '-252.9 313.3 320.0' spd 349.6 yaw 309 mode 2 st 0 gl 0 hp 100 frg 0
ARGEVT Romero swim
ARGEVT Romero swim
ARGLOG Joe Rogan t  20.7 pos '1097.6 309.9 308.0' spd 320.4 yaw 257 mode 2 st 5 gl 0 hp 100 frg 0
ARGLOG Romero t  20.7 pos '1706.2 -390.6 170.9' spd 272.1 yaw 203 mode 0 st 0 gl 0 hp 100 frg 0
ARGLOG Carmack t  20.7 pos '-372.0 194.5 320.0' spd 320.6 yaw 232.6 mode 0 st 0 gl 0 hp 100 frg 0
ARGEVT Romero route 13 start '1649.0 -351.0 168.0' goal '1329.0 -543.0 400.0'
ARGEVT Romero swim
ARGEVT Carmack route 15 start '-399.0 193.0 320.0' goal '689.0 737.0 200.0'
ARGEVT Romero swim
ARGLOG Joe Rogan t  21.3 pos '1106.1 145.7 308.0' spd 330.9 yaw 276 mode 2 st 5 gl 0 hp 100 frg 0
ARGLOG Romero t  21.3 pos '1566.0 -376.6 171.3' spd 282.8 yaw 229 mode 2 st 0 gl 0 hp 100 frg 0
ARGLOG Carmack t  21.3 pos '-355.5  39.4 320.0' spd 427.6 yaw 336 mode 2 st 0 gl 0 hp 100 frg 0
ARGEVT Romero swim
ARGEVT Romero swim
ARGLOG Joe Rogan t  21.8 pos '1056.0   0.0 312.8' spd 0 yaw 331 mode 2 st 5 gl 0 hp 100 frg 0
ARGLOG Romero t  21.8 pos '1421.2 -367.6 171.6' spd 258.4 yaw 314 mode 2 st 0 gl 0 hp 100 frg 0
ARGLOG Carmack t  21.8 pos '-290.1 186.5 320.0' spd 406.3 yaw 320 mode 2 st 0 gl 0 hp 100 frg 0
ARGEVT Romero swim
ARGEVT Romero swim
ARGUS routecache adopt
ARGEVT Carmack route 15 start '-399.0 193.0 320.0' goal '689.0 737.0 200.0'
ARGLOG Joe Rogan t  22.3 pos '1127.7 -140.7 320.0' spd 362.8 yaw 318 mode 2 st 5 gl 0 hp 100 frg 0
ARGLOG Romero t  22.3 pos '1338.2 -434.4 171.9' spd 203.6 yaw 334 mode 2 st 0 gl 0 hp 100 frg 0
ARGLOG Carmack t  22.3 pos '-445.0 141.9 320.0' spd 427.6 yaw 331 mode 2 st 0 gl 0 hp 100 frg 0
ARGEVT Romero swim
ARGEVT Romero swim
ARGLOG Joe Rogan t  22.8 pos '1287.7 -195.2 320.0' spd 322.7 yaw 302 mode 2 st 5 gl 0 hp 100 frg 0
ARGLOG Romero t  22.8 pos '1338.8 -541.9 172.2' spd 223.8 yaw 354 mode 2 st 0 gl 0 hp 100 frg 0
ARGLOG Carmack t  22.8 pos '-289.6 113.7 320.0' spd 439.3 yaw 325 mode 2 st 0 gl 0 hp 100 frg 0
ARGEVT Romero swim
ARGEVT Romero swim
ARGEVT Joe Rogan jump
ARGLOG Joe Rogan t  23.3 pos '1448.0 -216.0 341.5' spd 0 yaw 223 mode 2 st 5 gl 0 hp 100 frg 0
ARGLOG Romero t  23.3 pos '1415.2 -617.9 172.5' spd 219.8 yaw 6 mode 2 st 0 gl 0 hp 100 frg 0
ARGLOG Carmack t  23.3 pos '-422.6 198.7 320.0' spd 411.5 yaw 273.9 mode 0 st 0 gl 0 hp 100 frg 0
ARGEVT Romero swim
ARGUS routecache adopt
ARGEVT Carmack route 15 start '-399.0 193.0 320.0' goal '689.0 737.0 200.0'
ARGEVT Romero swim
ARGLOG Joe Rogan t  23.8 pos '1439.7 -216.0 321.1' spd  27.2 yaw 224 mode 2 st 5 gl 0 hp 100 frg 0
ARGLOG Romero t  23.8 pos '1520.0 -630.4 170.6' spd  30.1 yaw 12 mode 2 st 0 gl 0 hp 100 frg 0
ARGEVT Romero swim
ARGLOG Carmack t  23.8 pos '-327.7  73.9 320.0' spd 437.6 yaw 331 mode 2 st 0 gl 0 hp 100 frg 0
ARGEVT Joe Rogan hazard
ARGEVT Romero swim
ARGEVT Romero abandon
ARGEVT Romero plan powerup via weapon
ARGEVT Romero goal weapon_supernailgun
ARGEVT Romero route 5 start '1489.0 -703.0 168.0' goal '817.0 -607.0 216.0'
ARGEVT Romero swim
ARGLOG Joe Rogan t  24.3 pos '1357.7 -208.7 320.0' spd 146.0 yaw 239 mode 2 st 5 gl 0 hp 100 frg 0
ARGLOG Romero t  24.3 pos '1520.0 -594.5 170.8' spd  94.8 yaw 183 mode 2 st 0 gl 0 hp 100 frg 0
ARGLOG Carmack t  24.3 pos '-375.0 221.9 320.0' spd 369.7 yaw 325 mode 2 st 0 gl 0 hp 100 frg 0
ARGEVT Carmack route 15 start '-399.0 193.0 320.0' goal '689.0 737.0 200.0'
ARGEVT Romero swim
ARGUS routecache adopt
ARGEVT Carmack route 15 start '-399.0 193.0 320.0' goal '689.0 737.0 200.0'
ARGEVT Romero swim
ARGLOG Joe Rogan t  24.9 pos '1387.4 -214.4 320.0' spd 344.3 yaw 233 mode 2 st 5 gl 0 hp 100 frg 0
ARGLOG Romero t  24.9 pos '1495.6 -524.6 171.1' spd 149.7 yaw 195 mode 2 st 0 gl 0 hp 100 frg 0
ARGLOG Carmack t  24.9 pos '-378.3  66.3 320.0' spd 434.8 yaw 334 mode 2 st 0 gl 0 hp 100 frg 0
ARGEVT Joe Rogan hazard
ARGEVT Romero swim
ARGEVT Romero swim
ARGLOG Joe Rogan t  25.4 pos '1377.3 -210.7 320.0' spd 180.4 yaw 235 mode 2 st 5 gl 0 hp 100 frg 0
ARGLOG Romero t  25.4 pos '1419.7 -533.9 171.5' spd 185.1 yaw 197 mode 2 st 0 gl 0 hp 100 frg 0
ARGLOG Carmack t  25.4 pos '-317.6 211.0 320.0' spd 436.4 yaw 320 mode 2 st 0 gl 0 hp 100 frg 0
ARGEVT Romero swim
ARGUS routecache adopt
ARGEVT Carmack route 15 start '-399.0 193.0 320.0' goal '689.0 737.0 200.0'
ARGEVT Romero swim
ARGLOG Joe Rogan t  25.9 pos '1327.5 -212.8 320.0' spd 253.4 yaw 245 mode 2 st 5 gl 0 hp 100 frg 0
ARGLOG Romero t  25.9 pos '1337.3 -609.8 171.9' spd 243.1 yaw 165 mode 2 st 0 gl 0 hp 100 frg 0
ARGUS routecache adopt
ARGEVT Carmack route 15 start '-399.0 193.0 320.0' goal '689.0 737.0 200.0'
ARGLOG Carmack t  25.9 pos '-429.8 105.4 320.0' spd 429.2 yaw 348.5 mode 0 st 0 gl 0 hp 100 frg 0
ARGEVT Joe Rogan hazard
ARGEVT Romero swim
ARGEVT Romero swim
ARGLOG Joe Rogan t  26.4 pos '1443.9 -206.8 320.0' spd 138.6 yaw 225 mode 2 st 5 gl 0 hp 100 frg 0
ARGLOG Romero t  26.4 pos '1239.6 -675.5 172.2' spd 216.0 yaw 150 mode 2 st 0 gl 0 hp 100 frg 0
ARGLOG Carmack t  26.4 pos '-281.9 159.5 320.0' spd 439.2 yaw 321 mode 2 st 0 gl 0 hp 100 frg 0
ARGEVT Romero swim
ARGEVT Romero swim
ARGEVT Romero door
ARGLOG Joe Rogan t  26.9 pos '1324.9 -216.0 320.0' spd 161.8 yaw 246 mode 2 st 5 gl 0 hp 100 frg 0
ARGLOG Romero t  26.9 pos '1146.3 -639.9 172.3' spd 195.0 yaw 111.0 mode 2 st 0 gl 0 hp 100 frg 0
ARGUS routecache adopt
ARGEVT Carmack route 15 start '-399.0 193.0 320.0' goal '689.0 737.0 200.0'
ARGLOG Carmack t  26.9 pos '-438.8 164.8 320.0' spd 418.5 yaw 302.9 mode 0 st 0 gl 0 hp 100 frg 0
ARGEVT Romero swim
ARGEVT Joe Rogan hazard
ARGEVT Romero swim
ARGLOG Joe Rogan t  27.4 pos '1255.2 -216.0 320.0' spd 123.6 yaw 264 mode 2 st 5 gl 0 hp 100 frg 0
ARGLOG Romero t  27.4 pos '1063.8 -560.5 170.6' spd 244.2 yaw 159 mode 2 st 0 gl 0 hp 100 frg 0
ARGEVT Romero swim
ARGLOG Carmack t  27.4 pos '-296.7  98.3 320.0' spd 439.1 yaw 327 mode 2 st 0 gl 0 hp 100 frg 0
ARGEVT Romero swim
ARGEVT Romero swim
ARGLOG Joe Rogan t  27.9 pos '1195.1 -216.0 320.0' spd 113.3 yaw 281 mode 2 st 5 gl 0 hp 100 frg 0
ARGLOG Romero t  27.9 pos '1040.0 -497.2 170.9' spd 100.0 yaw 178 mode 2 st 0 gl 0 hp 100 frg 0
ARGUS routecache adopt
ARGEVT Carmack route 15 start '-399.0 193.0 320.0' goal '689.0 737.0 200.0'
ARGLOG Carmack t  27.9 pos '-405.4 211.0 320.0' spd 407.9 yaw 259.9 mode 0 st 0 gl 0 hp 100 frg 0
ARGEVT Joe Rogan hazard
ARGEVT Romero swim
ARGUS routecache adopt
ARGEVT Carmack route 15 start '-399.0 193.0 320.0' goal '689.0 737.0 200.0'
ARGEVT Romero swim
ARGLOG Joe Rogan t  28.5 pos '1138.2 -216.0 320.0' spd 127.1 yaw 292.4 mode 0 st 5 gl 0 hp 100 frg 0
ARGLOG Romero t  28.5 pos '1040.0 -472.8 171.2' spd  13.9 yaw 187 mode 2 st 0 gl 0 hp 100 frg 0
ARGLOG Carmack t  28.5 pos '-343.9  66.9 320.0' spd 438.1 yaw 333 mode 2 st 0 gl 0 hp 100 frg 0
ARGEVT Romero swim
ARGEVT Joe Rogan route 7 start '1137.0 -191.0 320.0' goal '817.0 -607.0 216.0'
ARGEVT Romero swim
ARGUS routecache adopt
ARGEVT Joe Rogan route 7 start '1137.0 -191.0 320.0' goal '817.0 -607.0 216.0'
ARGLOG Joe Rogan t  29.0 pos '1010.1 -216.0 320.0' spd 312.1 yaw 226.8 mode 0 st 5 gl 0 hp 100 frg 0
ARGLOG Romero t  29.0 pos '1040.0 -484.5 171.5' spd  25.4 yaw 183 mode 2 st 0 gl 0 hp 100 frg 0
ARGLOG Carmack t  29.0 pos '-353.6 224.0 320.0' spd 398.8 yaw 321 mode 2 st 0 gl 0 hp 100 frg 0
ARGEVT Joe Rogan hazard
ARGEVT Romero swim
ARGEVT Carmack route 15 start '-399.0 193.0 320.0' goal '689.0 737.0 200.0'
ARGEVT Romero swim
ARGLOG Joe Rogan t  29.5 pos '947.4 -212.7 320.0' spd 320.1 yaw 2 mode 2 st 5 gl 0 hp 100 frg 0
ARGLOG Romero t  29.5 pos '1040.0 -494.9 172.0' spd  13.1 yaw 178 mode 2 st 0 gl 0 hp 100 frg 0
ARGLOG Carmack t  29.5 pos '-399.6  75.7 320.0' spd 433.0 yaw 334 mode 2 st 0 gl 0 hp 100 frg 0
ARGEVT Romero swim
ARGEVT Romero stall
ARGEVT Romero stallnode '945.0 -511.0 168.0'
ARGEVT Romero swim
ARGEVT Romero route 3 start '1073.0 -415.0 168.0' goal '817.0 -607.0 216.0'
ARGLOG Joe Rogan t  30.0 pos '1116.2 -205.8 320.0' spd 380.6 yaw 279.8 mode 0 st 5 gl 0 hp 100 frg 0
ARGLOG Romero t  30.0 pos '1040.0 -498.4 172.4' spd   3.5 yaw 177 mode 2 st 1 gl 0 hp 100 frg 0
ARGLOG Carmack t  30.0 pos '-297.0 194.7 320.0' spd 439.9 yaw 319 mode 2 st 0 gl 0 hp 100 frg 0
ARGEVT Romero swim
ARGEVT Joe Rogan route 7 start '1137.0 -191.0 320.0' goal '817.0 -607.0 216.0'
ARGEVT Joe Rogan hazard
ARGEVT Romero swim
ARGEVT Romero stall
ARGEVT Romero stallnode '1073.0 -415.0 168.0'
ARGEVT Carmack route 15 start '-399.0 193.0 320.0' goal '689.0 737.0 200.0'
ARGLOG Joe Rogan t  30.5 pos '1283.2 -214.5 320.0' spd 321.9 yaw 306 mode 2 st 5 gl 0 hp 100 frg 0
ARGLOG Romero t  30.5 pos '1040.0 -496.2 170.7' spd   8.5 yaw 264.6 mode 0 st 2 gl 0 hp 100 frg 0
ARGEVT Romero swim
ARGLOG Carmack t  30.5 pos '-436.2 128.5 320.0' spd 424.5 yaw 332 mode 2 st 0 gl 0 hp 100 frg 0
ARGEVT Romero plan powerup via weapon
ARGEVT Romero goal weapon_rocketlauncher
ARGEVT Romero route 15 start '1073.0 -415.0 168.0' goal '689.0 737.0 200.0'
ARGEVT Romero swim
ARGEVT Joe Rogan jump
ARGEVT Romero swim
ARGLOG Joe Rogan t  31.0 pos '1448.0 -209.0 331.7' spd  61.6 yaw 224 mode 2 st 5 gl 0 hp 100 frg 0
ARGLOG Romero t  31.0 pos '1040.0 -544.8 171.1' spd 118.1 yaw 163.4 mode 2 st 2 gl 0 hp 100 frg 0
ARGLOG Carmack t  31.0 pos '-278.8 130.7 320.0' spd 439.6 yaw 323 mode 2 st 0 gl 0 hp 100 frg 0
ARGEVT Romero swim
ARGEVT Romero swim
ARGLOG Joe Rogan t  31.5 pos '1443.6 -216.0 332.4' spd  20.3 yaw 224 mode 2 st 5 gl 0 hp 100 frg 0
ARGLOG Romero t  31.5 pos '1040.0 -537.3 171.2' spd  60.7 yaw 164 mode 2 st 2 gl 0 hp 100 frg 0
ARGLOG Carmack t  31.5 pos '-423.0 189.1 320.0' spd 405.2 yaw 280.9 mode 0 st 0 gl 0 hp 100 frg 0
ARGEVT Joe Rogan hazard
ARGEVT Romero swim
ARGEVT Carmack route 15 start '-399.0 193.0 320.0' goal '689.0 737.0 200.0'
ARGEVT Romero swim
ARGLOG Joe Rogan t  32.1 pos '1366.4 -211.2 320.0' spd 161.3 yaw 237 mode 2 st 5 gl 0 hp 100 frg 0
ARGLOG Romero t  32.1 pos '1040.0 -503.7 171.5' spd  60.7 yaw 175 mode 2 st 2 gl 0 hp 100 frg 0
ARGLOG Carmack t  32.1 pos '-313.8  77.1 320.0' spd 437.7 yaw 330 mode 2 st 0 gl 0 hp 100 frg 0
ARGEVT Romero swim
ARGEVT Romero swim
ARGLOG Joe Rogan t  32.6 pos '1369.5 -216.0 320.0' spd 325.9 yaw 236 mode 2 st 5 gl 0 hp 100 frg 0
ARGLOG Romero t  32.6 pos '1040.0 -481.7 171.8' spd  23.5 yaw 184 mode 2 st 2 gl 0 hp 100 frg 0
ARGLOG Carmack t  32.6 pos '-375.3 222.0 320.0' spd 370.3 yaw 325 mode 2 st 0 gl 0 hp 100 frg 0
ARGEVT Joe Rogan stall
ARGEVT Joe Rogan stallnode '1425.0 -415.0 312.0'
ARGEVT Joe Rogan jump
ARGEVT Romero swim
ARGUS routecache adopt
ARGEVT Carmack route 15 start '-399.0 193.0 320.0' goal '689.0 737.0 200.0'
ARGEVT Joe Rogan route 6 start '1393.0 -191.0 320.0' goal '817.0 -607.0 216.0'
ARGEVT Romero swim
ARGEVT Carmack route 15 start '-399.0 193.0 320.0' goal '689.0 737.0 200.0'
ARGLOG Joe Rogan t  33.1 pos '1439.8 -215.9 349.2' spd  33.3 yaw 266 mode 2 st 6 gl 0 hp 100 frg 0
ARGLOG Romero t  33.1 pos '1040.0 -479.6 172.0' spd   8.4 yaw 185 mode 2 st 2 gl 0 hp 100 frg 0
ARGLOG Carmack t  33.1 pos '-376.4  66.3 320.0' spd 434.4 yaw 334 mode 2 st 0 gl 0 hp 100 frg 0
ARGEVT Romero swim
ARGEVT Romero stall
ARGEVT Romero stallnode '1265.0 -447.0 168.0'
ARGEVT Romero swim
ARGEVT Joe Rogan hazard
ARGEVT Romero route 15 start '1073.0 -415.0 168.0' goal '689.0 737.0 200.0'
ARGLOG Joe Rogan t  33.6 pos '1336.5 -216.0 320.0' spd 347.5 yaw 243 mode 2 st 6 gl 0 hp 100 frg 0
ARGLOG Romero t  33.6 pos '1040.0 -495.0 172.2' spd  85.0 yaw 233.6 mode 2 st 3 gl 0 hp 100 frg 0
ARGLOG Carmack t  33.6 pos '-319.8 213.8 320.0' spd 433.2 yaw 319 mode 2 st 0 gl 0 hp 100 frg 0
ARGEVT Romero swim
ARGEVT Romero swim
ARGLOG Joe Rogan t  34.1 pos '1257.8 -205.3 320.0' spd 113.6 yaw 264 mode 2 st 6 gl 0 hp 100 frg 0
ARGLOG Romero t  34.1 pos '1040.0 -528.8 172.3' spd  20.6 yaw 167 mode 2 st 3 gl 0 hp 100 frg 0
ARGLOG Carmack t  34.1 pos '-413.3 138.5 320.0' spd 390.4 yaw 310.9 mode 0 st 0 gl 0 hp 100 frg 0
ARGEVT Romero swim
ARGEVT Carmack route 15 start '-399.0 193.0 320.0' goal '689.0 737.0 200.0'
ARGEVT Joe Rogan jump
ARGEVT Romero swim
ARGLOG Joe Rogan t  34.6 pos '1347.0 -216.0 357.8' spd 221.3 yaw 241 mode 2 st 6 gl 0 hp 100 frg 0
ARGLOG Romero t  34.6 pos '1040.0 -520.1 170.4' spd  38.6 yaw 170 mode 2 st 3 gl 0 hp 100 frg 0
ARGEVT Romero swim
ARGLOG Carmack t  34.6 pos '-261.7  99.9 320.0' spd 436.3 yaw 325 mode 2 st 0 gl 0 hp 100 frg 0
ARGEVT Romero abandon
ARGEVT Romero swim
ARGEVT Joe Rogan hazard
ARGEVT Romero plan powerup via weapon
ARGEVT Romero goal weapon_supernailgun
ARGEVT Romero door
ARGEVT Carmack abandon
ARGEVT Carmack goal weapon_supernailgun
ARGEVT Romero route 27 start '1073.0 -415.0 168.0' goal '-111.0 -511.0 384.0'
ARGLOG Joe Rogan t  35.2 pos '1444.8 -198.7 320.0' spd  51.0 yaw 226 mode 2 st 6 gl 0 hp 100 frg 0
ARGLOG Romero t  35.2 pos '1050.7 -516.6 170.8' spd  77.1 yaw 261.4 mode 2 st 3 gl 0 hp 100 frg 0
ARGEVT Romero swim
ARGLOG Carmack t  35.2 pos '-388.0 205.6 320.0' spd 429.6 yaw 266.6 mode 0 st 0 gl 0 hp 100 frg 0
ARGEVT Carmack route 27 start '-399.0 193.0 320.0' goal '817.0 -607.0 216.0'
ARGEVT Romero swim
ARGEVT Romero swim
ARGLOG Joe Rogan t  35.7 pos '1335.3 -216.0 320.0' spd 167.9 yaw 243 mode 2 st 6 gl 0 hp 100 frg 0
ARGLOG Romero t  35.7 pos '1040.0 -550.8 171.1' spd  40.2 yaw 159 mode 2 st 3 gl 0 hp 100 frg 0
ARGLOG Carmack t  35.7 pos '-314.0  67.2 320.0' spd 439.7 yaw 331 mode 2 st 0 gl 0 hp 100 frg 0
ARGEVT Romero swim
ARGEVT Joe Rogan hazard
ARGEVT Romero swim
ARGLOG Joe Rogan t  36.2 pos '1262.4 -216.0 320.0' spd 127.7 yaw 262 mode 2 st 6 gl 0 hp 100 frg 0
ARGLOG Romero t  36.2 pos '1040.0 -518.6 171.4' spd  68.4 yaw 170 mode 2 st 3 gl 0 hp 100 frg 0
ARGLOG Carmack t  36.2 pos '-338.9 228.6 320.0' spd 403.8 yaw 320 mode 2 st 0 gl 0 hp 100 frg 0
ARGEVT Romero swim
ARGEVT Romero swim
ARGUS routecache adopt
ARGEVT Carmack route 27 start '-399.0 193.0 320.0' goal '817.0 -607.0 216.0'
ARGLOG Joe Rogan t  36.7 pos '1201.6 -216.0 320.0' spd 114.3 yaw 279 mode 2 st 6 gl 0 hp 100 frg 0
ARGLOG Romero t  36.7 pos '1040.0 -488.9 171.8' spd  42.2 yaw 182 mode 2 st 3 gl 0 hp 100 frg 0
ARGLOG Carmack t  36.7 pos '-409.5 114.3 320.0' spd 397.0 yaw 332 mode 2 st 0 gl 0 hp 100 frg 0
ARGEVT Romero swim
ARGEVT Joe Rogan hazard
ARGEVT Romero swim
ARGLOG Joe Rogan t  37.2 pos '1156.2 -216.0 320.0' spd 107.7 yaw 292 mode 2 st 6 gl 0 hp 100 frg 0
ARGLOG Romero t  37.2 pos '1040.0 -478.8 172.0' spd   2.3 yaw 185 mode 2 st 3 gl 0 hp 100 frg 0
ARGLOG Carmack t  37.2 pos '-252.4 114.0 320.0' spd 436.8 yaw 323 mode 2 st 0 gl 0 hp 100 frg 0
ARGEVT Romero swim
ARGEVT Romero swim
ARGEVT Romero stall
ARGEVT Romero stallnode '1265.0 -447.0 168.0'
ARGLOG Joe Rogan t  37.7 pos '1338.0 -216.0 320.0' spd 407.7 yaw 243 mode 2 st 6 gl 0 hp 100 frg 0
ARGLOG Romero t  37.7 pos '1040.0 -483.8 172.3' spd  15.6 yaw 200.3 mode 0 st 4 gl 0 hp 100 frg 0
ARGLOG Carmack t  37.7 pos '-393.0 214.7 320.0' spd 381.1 yaw 248.6 mode 0 st 0 gl 0 hp 100 frg 0
ARGEVT Romero swim
ARGUS routecache adopt
ARGEVT Carmack route 27 start '-399.0 193.0 320.0' goal '817.0 -607.0 216.0'
ARGEVT Romero swim
ARGEVT Romero route 27 start '1073.0 -415.0 168.0' goal '-111.0 -511.0 384.0'
ARGEVT Joe Rogan hazard
ARGEVT Carmack route 27 start '-399.0 193.0 320.0' goal '817.0 -607.0 216.0'
ARGLOG Joe Rogan t  38.2 pos '1411.4 -212.5 320.0' spd 236.9 yaw 229 mode 2 st 6 gl 0 hp 100 frg 0
ARGLOG Romero t  38.2 pos '1040.0 -533.6 170.4' spd 149.5 yaw 195.1 mode 2 st 4 gl 0 hp 100 frg 0
ARGEVT Romero swim
ARGLOG Carmack t  38.2 pos '-383.3  44.6 320.0' spd 367.6 yaw 336 mode 2 st 0 gl 0 hp 100 frg 0
ARGEVT Romero swim
ARGLOG Joe Rogan t  38.8 pos '1321.7 -207.4 320.0' spd 258.7 yaw 247 mode 2 st 6 gl 0 hp 100 frg 0
ARGLOG Romero t  38.8 pos '1040.0 -541.0 170.7' spd  57.0 yaw 162 mode 2 st 4 gl 0 hp 100 frg 0
ARGEVT Romero swim
ARGLOG Carmack t  38.8 pos '-264.9 147.0 320.0' spd 434.5 yaw 321 mode 2 st 0 gl 0 hp 100 frg 0
ARGEVT Romero swim
ARGEVT Joe Rogan hazard
ARGEVT Romero swim
ARGEVT Joe Rogan abandon
ARGEVT Joe Rogan plan powerup via weapon
ARGEVT Joe Rogan goal weapon_supershotgun
ARGLOG Joe Rogan t  39.3 pos '1252.1 -204.8 320.0' spd 114.1 yaw 325.3 mode 0 st 6 gl 0 hp 100 frg 0
ARGLOG Romero t  39.3 pos '1040.0 -507.2 170.9' spd  64.6 yaw 174 mode 2 st 4 gl 0 hp 100 frg 0
ARGUS routecache adopt
ARGEVT Carmack route 27 start '-399.0 193.0 320.0' goal '817.0 -607.0 216.0'
ARGLOG Carmack t  39.3 pos '-431.0 190.5 320.0' spd 411.0 yaw 275.9 mode 0 st 0 gl 0 hp 100 frg 0
ARGEVT Joe Rogan route 3 start '1137.0 -191.0 320.0' goal '1393.0 225.0 320.0'
ARGEVT Romero swim
ARGEVT Romero swim
ARGLOG Joe Rogan t  39.8 pos '1316.7 -215.6 320.0' spd 234.7 yaw 17 mode 2 st 6 gl 0 hp 100 frg 0
ARGLOG Romero t  39.8 pos '1040.0 -483.4 171.2' spd  29.3 yaw 184 mode 2 st 4 gl 0 hp 100 frg 0
ARGLOG Carmack t  39.8 pos '-327.0  81.5 320.0' spd 430.1 yaw 331 mode 2 st 0 gl 0 hp 100 frg 0
ARGEVT Romero swim
ARGEVT Romero swim
ARGLOG Joe Rogan t  40.3 pos '1159.9 -156.5 320.0' spd 392.6 yaw 51 mode 2 st 6 gl 0 hp 100 frg 0
ARGLOG Romero t  40.3 pos '1040.0 -479.3 171.4' spd   5.7 yaw 185 mode 2 st 4 gl 0 hp 100 frg 0
ARGLOG Carmack t  40.3 pos '-344.0 229.2 320.0' spd  14.0 yaw 320 mode 2 st 0 gl 0 hp 100 frg 0
ARGEVT Romero swim
ARGEVT Romero stall
ARGEVT Romero stallnode '1265.0 -447.0 168.0'
ARGEVT Romero swim
ARGLOG Joe Rogan t  40.8 pos '1282.8 -48.5 320.0' spd 382.8 yaw 61 mode 2 st 6 gl 0 hp 100 frg 0
ARGLOG Romero t  40.8 pos '1040.0 -492.7 171.8' spd  77.9 yaw 265.9 mode 0 st 5 gl 0 hp 100 frg 0
ARGLOG Carmack t  40.8 pos '-408.3  93.1 320.0' spd 405.3 yaw 332 mode 0 st 0 gl 0 hp 100 frg 0
ARGEVT Romero route 27 start '1073.0 -415.0 168.0' goal '-111.0 -511.0 384.0'
ARGEVT Romero swim
ARGEVT Carmack route 28 start '-399.0   1.0 320.0' goal '817.0 -607.0 216.0'
ARGEVT Carmack hazard
ARGEVT Romero swim
ARGLOG Joe Rogan t  41.3 pos '1430.8 -143.5 320.0' spd 374.6 yaw 95 mode 2 st 6 gl 0 hp 100 frg 0
ARGEVT Joe Rogan hazard
ARGLOG Romero t  41.3 pos '1041.8 -553.7 172.2' spd  61.2 yaw 159 mode 2 st 5 gl 0 hp 100 frg 0
ARGLOG Carmack t  41.3 pos '-279.6  44.1 320.0' spd 337.2 yaw 332 mode 2 st 0 gl 0 hp 100 frg 0
ARGEVT Romero swim
ARGEVT Romero swim
ARGLOG Joe Rogan t  41.8 pos '1420.8  20.9 320.0' spd 328.0 yaw 108.7 mode 2 st 6 gl 0 hp 100 frg 0
ARGLOG Romero t  41.8 pos '1040.0 -528.7 170.5' spd  67.9 yaw 167 mode 2 st 5 gl 0 hp 100 frg 0
ARGEVT Romero swim
ARGLOG Carmack t  41.8 pos '-316.4 204.8 320.0' spd 372.9 yaw 320 mode 2 st 0 gl 0 hp 100 frg 0
ARGEVT Romero swim
ARGUS routecache adopt
ARGEVT Carmack route 27 start '-399.0 193.0 320.0' goal '817.0 -607.0 216.0'
ARGEVT Romero swim
ARGLOG Joe Rogan t  42.4 pos '1390.2 182.8 320.0' spd 321.1 yaw 88 mode 1 st 6 gl 0 hp 100 frg 0
ARGLOG Romero t  42.4 pos '1040.0 -496.2 170.9' spd  55.0 yaw 178 mode 2 st 5 gl 0 hp 100 frg 0
ARGUS routecache adopt
ARGEVT Carmack route 27 start '-399.0 193.0 320.0' goal '817.0 -607.0 216.0'
ARGLOG Carmack t  42.4 pos '-443.5 113.6 320.0' spd 411.7 yaw 332 mode 0 st 0 gl 0 hp 100 frg 0
ARGEVT Joe Rogan goal item_artifact_super_damage
ARGEVT Romero swim
ARGEVT Joe Rogan route 21 start '1393.0 225.0 320.0' goal '369.0 -1247.0 432.0'
ARGEVT Romero swim
ARGLOG Joe Rogan t  42.9 pos '1330.2 337.1 320.0' spd 320.0 yaw 2 mode 2 st 6 gl 1 hp 100 frg 0
ARGLOG Romero t  42.9 pos '1040.0 -479.9 171.2' spd  13.4 yaw 185 mode 2 st 5 gl 0 hp 100 frg 0
ARGLOG Carmack t  42.9 pos '-287.2 128.2 320.0' spd 437.2 yaw 324 mode 2 st 0 gl 0 hp 100 frg 0
ARGEVT Romero abandon
ARGEVT Romero swim
ARGEVT Romero goal weapon_supernailgun
ARGEVT Romero door
ARGEVT Romero route 3 start '1073.0 -415.0 168.0' goal '817.0 -607.0 216.0'
ARGEVT Romero swim
ARGLOG Joe Rogan t  43.4 pos '1257.3 432.0 204.7' spd  30.0 yaw 350 mode 2 st 6 gl 1 hp 100 frg 0
ARGLOG Romero t  43.4 pos '1080.3 -480.7 171.6' spd 143.3 yaw 289.1 mode 2 st 5 gl 0 hp 100 frg 0
ARGLOG Carmack t  43.4 pos '-404.4 188.4 320.0' spd 321.9 yaw 285.2 mode 0 st 0 gl 0 hp 100 frg 0
ARGEVT Joe Rogan swim
ARGEVT Romero swim
ARGEVT Carmack route 27 start '-399.0 193.0 320.0' goal '817.0 -607.0 216.0'
ARGEVT Romero swim
ARGLOG Joe Rogan t  43.9 pos '1313.6 429.6 159.8' spd 186.8 yaw 349 mode 2 st 6 gl 1 hp 100 frg 0
ARGLOG Romero t  43.9 pos '1098.1 -529.1 171.9' spd 117.1 yaw 170 mode 2 st 5 gl 0 hp 100 frg 0
ARGLOG Carmack t  43.9 pos '-271.5 105.1 320.0' spd 427.9 yaw 325 mode 2 st 0 gl 0 hp 100 frg 0
ARGEVT Romero swim
ARGEVT Romero swim
ARGEVT Carmack hazard
ARGLOG Joe Rogan t  44.4 pos '1320.0 423.9 164.2' spd  11.0 yaw 349 mode 2 st 6 gl 1 hp 100 frg 0
ARGLOG Romero t  44.4 pos '1040.0 -542.7 172.1' spd  15.6 yaw 162 mode 2 st 5 gl 0 hp 100 frg 0
ARGLOG Carmack t  44.4 pos '-341.2 232.1 320.0' spd 402.3 yaw 319 mode 2 st 0 gl 0 hp 100 frg 0
ARGEVT Romero swim
ARGUS routecache adopt
ARGEVT Carmack route 27 start '-399.0 193.0 320.0' goal '817.0 -607.0 216.0'
ARGEVT Romero swim
ARGUS routecache adopt
ARGEVT Carmack route 27 start '-399.0 193.0 320.0' goal '817.0 -607.0 216.0'
ARGEVT Joe Rogan stall
ARGEVT Joe Rogan stallnode '1521.0 417.0 320.0'
ARGLOG Joe Rogan t  44.9 pos '1320.0 419.6 168.7' spd   6.1 yaw 343.7 mode 0 st 7 gl 1 hp 100 frg 0
ARGLOG Romero t  44.9 pos '1040.0 -519.5 172.2' spd  55.5 yaw 170 mode 2 st 5 gl 0 hp 100 frg 0
ARGLOG Carmack t  44.9 pos '-385.8  71.3 320.0' spd 410.2 yaw 334 mode 2 st 0 gl 0 hp 100 frg 0
ARGEVT Romero swim
ARGEVT Joe Rogan route 14 start '1265.0 321.0  88.0' goal '369.0 -1247.0 432.0'
ARGEVT Romero swim
ARGLOG Joe Rogan t  45.4 pos '1311.5 370.3 121.1' spd 172.6 yaw 194 mode 2 st 7 gl 1 hp 100 frg 0
ARGLOG Romero t  45.4 pos '1040.0 -493.0 170.5' spd  44.3 yaw 179 mode 2 st 5 gl 0 hp 100 frg 0
ARGEVT Romero swim
ARGLOG Carmack t  45.4 pos '-249.7 150.1 320.0' spd 438.6 yaw 320 mode 2 st 0 gl 0 hp 100 frg 0
ARGEVT Romero swim
ARGEVT Romero swim
ARGLOG Joe Rogan t  46.0 pos '1236.9 298.7 124.7' spd 222.9 yaw 165 mode 2 st 7 gl 1 hp 100 frg 0
ARGLOG Romero t  46.0 pos '1040.0 -481.3 170.9' spd   7.8 yaw 184 mode 2 st 5 gl 0 hp 100 frg 0
ARGLOG Carmack t  46.0 pos '-417.3 197.8 320.0' spd 410.5 yaw 274.6 mode 0 st 0 gl 0 hp 100 frg 0
ARGEVT Romero swim
ARGEVT Carmack route 27 start '-399.0 193.0 320.0' goal '817.0 -607.0 216.0'
ARGEVT Romero stall
ARGEVT Romero stallnode '1073.0 -415.0 168.0'
ARGEVT Romero swim
ARGLOG Joe Rogan t  46.5 pos '1114.6 294.9 128.2' spd 256.3 yaw 182 mode 2 st 7 gl 1 hp 100 frg 0
ARGUS routecache adopt
ARGEVT Romero route 3 start '1073.0 -415.0 168.0' goal '817.0 -607.0 216.0'
ARGLOG Romero t  46.5 pos '1040.0 -485.1 171.2' spd  34.8 yaw 233.6 mode 0 st 6 gl 0 hp 100 frg 0
ARGLOG Carmack t  46.5 pos '-330.2  61.0 320.0' spd 432.4 yaw 333 mode 2 st 0 gl 0 hp 100 frg 0
ARGEVT Romero swim
ARGEVT Romero swim
ARGLOG Joe Rogan t  47.0 pos '1056.0 337.6 131.4' spd  99.2 yaw 191 mode 2 st 7 gl 1 hp 100 frg 0
ARGLOG Romero t  47.0 pos '1040.0 -511.2 171.5' spd  24.2 yaw 173 mode 2 st 6 gl 0 hp 100 frg 0
ARGLOG Carmack t  47.0 pos '-351.2 223.1 320.0' spd 407.2 yaw 321 mode 2 st 0 gl 0 hp 100 frg 0
ARGEVT Romero swim
ARGUS routecache adopt
ARGEVT Carmack route 27 start '-399.0 193.0 320.0' goal '817.0 -607.0 216.0'
ARGEVT Romero swim
ARGLOG Joe Rogan t  47.5 pos '1054.5 381.5 122.5' spd  71.8 yaw 199 mode 2 st 7 gl 1 hp 100 frg 0
ARGLOG Romero t  47.5 pos '1040.0 -509.7 171.8' spd  18.2 yaw 173 mode 2 st 6 gl 0 hp 100 frg 0
ARGLOG Carmack t  47.5 pos '-408.6  78.1 320.0' spd 435.6 yaw 335 mode 2 st 0 gl 0 hp 100 frg 0
ARGEVT Romero swim
ARGEVT Romero stall
ARGEVT Romero stallnode '1073.0 -415.0 168.0'
ARGEVT Romero swim
ARGUS routecache adopt
ARGEVT Romero route 3 start '1073.0 -415.0 168.0' goal '817.0 -607.0 216.0'
ARGLOG Joe Rogan t  48.0 pos '981.6 393.6 125.9' spd 200.1 yaw 191 mode 2 st 7 gl 1 hp 100 frg 0
ARGLOG Romero t  48.0 pos '1040.0 -504.0 172.1' spd  31.6 yaw 191.3 mode 2 st 7 gl 0 hp 100 frg 0
ARGLOG Carmack t  48.0 pos '-304.5 196.0 320.0' spd 440.2 yaw 320 mode 2 st 0 gl 0 hp 100 frg 0
ARGEVT Romero swim
ARGEVT Romero swim
ARGUS routecache adopt
ARGEVT Carmack route 27 start '-399.0 193.0 320.0' goal '817.0 -607.0 216.0'
ARGEVT Romero stall
ARGEVT Romero stallnode '1073.0 -415.0 168.0'
ARGLOG Joe Rogan t  48.5 pos '867.5 351.6 129.4' spd 261.0 yaw 189 mode 2 st 7 gl 1 hp 100 frg 0
ARGEVT Romero plan powerup via weapon
ARGEVT Romero goal weapon_grenadelauncher
ARGLOG Romero t  48.5 pos '1040.0 -510.2 170.5' spd   7.6 yaw 189.6 mode 0 st 8 gl 0 hp 100 frg 0
ARGEVT Romero swim
ARGUS routecache adopt
ARGEVT Carmack route 27 start '-399.0 193.0 320.0' goal '817.0 -607.0 216.0'
ARGLOG Carmack t  48.5 pos '-439.3 122.1 320.0' spd 428.8 yaw 331 mode 0 st 0 gl 0 hp 100 frg 0
ARGEVT Romero route 21 start '1073.0 -415.0 168.0' goal '1233.0 -1151.0 440.0'
ARGEVT Romero swim
ARGLOG Joe Rogan t  49.0 pos '733.3 310.8 131.3' spd 276.3 yaw 185 mode 2 st 7 gl 1 hp 100 frg 0
ARGLOG Romero t  49.0 pos '1040.0 -522.5 170.7' spd   5.8 yaw 169 mode 2 st 8 gl 0 hp 100 frg 0
ARGEVT Romero swim
ARGLOG Carmack t  49.0 pos '-282.2 132.5 320.0' spd 438.5 yaw 323 mode 2 st 0 gl 0 hp 100 frg 0
ARGEVT Romero stall
ARGEVT Romero stallnode '1265.0 -447.0 168.0'
ARGEVT Romero swim
ARGUS routecache adopt
ARGEVT Romero route 21 start '1073.0 -415.0 168.0' goal '1233.0 -1151.0 440.0'
ARGEVT Romero swim
ARGLOG Joe Rogan t  49.6 pos '586.0 315.8 131.3' spd 290.4 yaw 247 mode 2 st 7 gl 1 hp 100 frg 0
ARGLOG Romero t  49.6 pos '1040.0 -525.4 170.9' spd  22.6 yaw 168.0 mode 2 st 9 gl 0 hp 100 frg 0
ARGLOG Carmack t  49.6 pos '-428.1 185.1 320.0' spd 410.1 yaw 285.2 mode 0 st 0 gl 0 hp 100 frg 0
ARGEVT Carmack route 27 start '-399.0 193.0 320.0' goal '817.0 -607.0 216.0'
ARGEVT Romero swim
ARGEVT Romero stall
ARGEVT Romero stallnode '1265.0 -447.0 168.0'
ARGEVT Romero goal item_health
ARGEVT Romero swim
ARGLOG Joe Rogan t  50.1 pos '437.6 295.3 134.8' spd 286.1 yaw 270 mode 2 st 7 gl 1 hp 100 frg 0
ARGLOG Romero t  50.1 pos '1040.0 -520.0 171.3' spd   8.1 yaw 218.9 mode 0 st 10 gl 0 hp 100 frg 0
ARGLOG Carmack t  50.1 pos '-311.1  80.9 320.0' spd 437.9 yaw 330 mode 2 st 0 gl 0 hp 100 frg 0
ARGEVT Romero route 26 start '1073.0 -415.0 168.0' goal '-111.0   1.0 488.0'
ARGEVT Romero swim
ARGEVT Romero swim
ARGLOG Joe Rogan t  50.6 pos '387.8 207.4 153.9' spd 223.8 yaw 278 mode 2 st 7 gl 1 hp 100 frg 0
ARGLOG Romero t  50.6 pos '1040.0 -533.4 171.6' spd   3.1 yaw 165.0 mode 2 st 10 gl 0 hp 100 frg 0
ARGLOG Carmack t  50.6 pos '-384.2 220.5 320.0' spd 395.3 yaw 242.3 mode 0 st 0 gl 0 hp 100 frg 0
ARGEVT Romero stall
ARGEVT Romero stallnode '1073.0 -415.0 168.0'
ARGEVT Romero swim
ARGUS routecache adopt
ARGEVT Romero route 26 start '1073.0 -415.0 168.0' goal '-111.0   1.0 488.0'
ARGEVT Carmack route 27 start '-399.0 193.0 320.0' goal '817.0 -607.0 216.0'
ARGEVT Romero swim
ARGLOG Joe Rogan t  51.1 pos '408.2  76.5 158.3' spd 274.1 yaw 277 mode 2 st 7 gl 1 hp 100 frg 0
ARGLOG Romero t  51.1 pos '1040.0 -534.0 171.8' spd   6.1 yaw 165 mode 2 st 11 gl 0 hp 100 frg 0
ARGLOG Carmack t  51.1 pos '-375.3  58.7 320.0' spd 425.9 yaw 335 mode 2 st 0 gl 0 hp 100 frg 0
ARGEVT Romero abandon
ARGEVT Romero swim
ARGEVT Joe Rogan jump
ARGEVT Romero stall
ARGEVT Romero plan powerup via weapon
ARGEVT Romero goal weapon_nailgun
ARGEVT Romero swim
ARGEVT Romero route 18 start '1073.0 -415.0 168.0' goal '1521.0 1217.0 204.0'
ARGLOG Joe Rogan t  51.6 pos '437.7 -39.8 203.9' spd 165.7 yaw 257 mode 2 st 7 gl 1 hp 100 frg 0
ARGLOG Romero t  51.6 pos '1076.3 -526.5 172.0' spd 136.9 yaw 352 mode 2 st 12 gl 0 hp 100 frg 0
ARGLOG Carmack t  51.6 pos '-316.9 206.0 320.0' spd 423.7 yaw 320 mode 2 st 0 gl 0 hp 100 frg 0
ARGEVT Romero swim
ARGEVT Joe Rogan door
ARGEVT Romero swim
ARGLOG Joe Rogan t  52.1 pos '437.4 -202.9 306.8' spd 320.0 yaw 317 mode 2 st 7 gl 1 hp 100 frg 0
ARGEVT Joe Rogan hazard
ARGLOG Romero t  52.1 pos '1162.5 -481.4 172.4' spd 229.3 yaw 349 mode 2 st 12 gl 0 hp 100 frg 0
ARGLOG Carmack t  52.1 pos '-439.4 110.0 320.0' spd 434.0 yaw 332 mode 0 st 0 gl 0 hp 100 frg 0
ARGEVT Carmack route 27 start '-399.0 193.0 320.0' goal '817.0 -607.0 216.0'
ARGEVT Romero swim
ARGEVT Romero swim
ARGLOG Joe Rogan t  52.7 pos '446.7 -224.0 321.5' spd 309.7 yaw 321 mode 2 st 7 gl 1 hp 100 frg 0
ARGLOG Romero t  52.7 pos '1279.5 -471.0 170.6' spd 237.0 yaw 343 mode 2 st 12 gl 0 hp 100 frg 0
ARGEVT Romero swim
ARGLOG Carmack t  52.7 pos '-283.7 127.4 320.0' spd 436.6 yaw 324 mode 2 st 0 gl 0 hp 100 frg 0
ARGEVT Romero swim
ARGEVT Romero swim
ARGLOG Joe Rogan t  53.2 pos '470.7 -316.7 320.0' spd 346.0 yaw 288 mode 2 st 7 gl 1 hp 100 frg 0
ARGLOG Romero t  53.2 pos '1390.5 -527.6 171.0' spd 247.9 yaw 354 mode 2 st 12 gl 0 hp 100 frg 0
ARGLOG Carmack t  53.2 pos '-405.8 190.7 320.0' spd 321.8 yaw 282.2 mode 0 st 0 gl 0 hp 100 frg 0
ARGUS routecache adopt
ARGEVT Carmack route 27 start '-399.0 193.0 320.0' goal '817.0 -607.0 216.0'
ARGEVT Romero swim
ARGEVT Romero swim
ARGLOG Joe Rogan t  53.7 pos '619.5 -401.2 320.0' spd 389.5 yaw 261 mode 2 st 7 gl 1 hp 100 frg 0
ARGLOG Romero t  53.7 pos '1498.8 -601.3 171.3' spd 256.2 yaw 5 mode 2 st 12 gl 0 hp 100 frg 0
ARGLOG Carmack t  53.7 pos '-276.6 101.3 320.0' spd 428.2 yaw 326 mode 2 st 0 gl 0 hp 100 frg 0
ARGEVT Romero swim
ARGEVT Romero swim
ARGEVT Joe Rogan jump
ARGEVT Carmack hazard
ARGLOG Joe Rogan t  54.2 pos '600.1 -560.0 355.9' spd 129.2 yaw 260 mode 2 st 7 gl 1 hp 100 frg 0
ARGLOG Romero t  54.2 pos '1520.0 -608.7 171.7' spd  34.5 yaw 7 mode 2 st 12 gl 0 hp 100 frg 0
ARGLOG Carmack t  54.2 pos '-337.5 230.4 320.0' spd 403.6 yaw 319 mode 2 st 0 gl 0 hp 100 frg 0
ARGEVT Romero swim
ARGUS routecache adopt
ARGEVT Carmack route 27 start '-399.0 193.0 320.0' goal '817.0 -607.0 216.0'
ARGEVT Romero swim
ARGLOG Joe Rogan t  54.7 pos '533.7 -569.2 360.0' spd 136.0 yaw 275 mode 2 st 7 gl 1 hp 100 frg 0
ARGLOG Romero t  54.7 pos '1520.0 -582.0 172.0' spd  51.9 yaw 1 mode 2 st 12 gl 0 hp 100 frg 0
ARGLOG Carmack t  54.7 pos '-390.1  72.4 320.0' spd 409.0 yaw 334 mode 2 st 0 gl 0 hp 100 frg 0
ARGEVT Romero swim
ARGEVT Romero swim
ARGEVT Carmack abandon
ARGEVT Carmack goal weapon_rocketlauncher
ARGEVT Carmack route 16 start '-271.0  97.0 320.0' goal '689.0 737.0 200.0'
ARGLOG Joe Rogan t  55.2 pos '540.3 -727.2 432.0' spd 320.0 yaw 265 mode 2 st 7 gl 1 hp 100 frg 0
ARGLOG Romero t  55.2 pos '1520.0 -564.4 172.4' spd  14.1 yaw 358 mode 2 st 12 gl 0 hp 100 frg 0
ARGLOG Carmack t  55.2 pos '-235.2 128.0 320.0' spd 323.4 yaw 321 mode 2 st 0 gl 0 hp 100 frg 0
ARGEVT Romero swim
ARGEVT Romero swim
ARGEVT Romero stall
ARGEVT Romero stallnode '1617.0 -575.0 225.0'
ARGEVT Carmack hazard
ARGLOG Joe Rogan t  55.7 pos '555.1 -892.8 432.0' spd 324.8 yaw 243 mode 2 st 7 gl 1 hp 100 frg 0
ARGLOG Romero t  55.7 pos '1520.0 -566.6 170.4' spd  15.7 yaw  11.3 mode 0 st 13 gl 0 hp 100 frg 0
ARGEVT Romero swim
ARGLOG Carmack t  55.7 pos '-333.3 235.3 320.0' spd 383.9 yaw 319 mode 2 st 0 gl 0 hp 100 frg 0
ARGEVT Romero route 17 start '1489.0 -447.0 168.0' goal '1521.0 1217.0 204.0'
ARGEVT Romero swim
ARGEVT Carmack route 15 start '-399.0 193.0 320.0' goal '689.0 737.0 200.0'
ARGUS routecache adopt
ARGEVT Carmack route 15 start '-399.0 193.0 320.0' goal '689.0 737.0 200.0'
ARGLOG Joe Rogan t  56.3 pos '528.9 -1056.3 432.0' spd 320.3 yaw 236.7 mode 2 st 7 gl 1 hp 100 frg 0
ARGLOG Romero t  56.3 pos '1513.3 -531.8 170.7' spd 132.7 yaw 338 mode 2 st 13 gl 0 hp 100 frg 0
ARGEVT Romero swim
ARGLOG Carmack t  56.3 pos '-381.0  75.7 320.0' spd 410.2 yaw 334 mode 2 st 0 gl 0 hp 100 frg 0
ARGEVT Romero swim
ARGEVT Romero swim
ARGLOG Joe Rogan t  56.8 pos '438.1 -1196.0 432.0' spd 322.7 yaw 217 mode 2 st 7 gl 1 hp 100 frg 0
ARGLOG Romero t  56.8 pos '1446.9 -511.1 170.9' spd 166.1 yaw 340 mode 2 st 13 gl 0 hp 100 frg 0
ARGLOG Carmack t  56.8 pos '-243.5 152.3 320.0' spd 438.2 yaw 319 mode 2 st 0 gl 0 hp 100 frg 0
ARGEVT Joe Rogan door
ARGEVT Romero swim
ARGEVT Joe Rogan hazard
ARGEVT Romero swim
ARGLOG Joe Rogan t  57.3 pos '342.2 -1186.0 432.0' spd 322.0 yaw  80.8 mode 1 st 7 gl 1 hp 100 frg 0
ARGLOG Romero t  57.3 pos '1376.5 -570.4 171.3' spd 163.0 yaw 0 mode 2 st 13 gl 0 hp 100 frg 0
ARGLOG Carmack t  57.3 pos '-378.0 203.6 320.0' spd 327.0 yaw 244.3 mode 0 st 0 gl 0 hp 100 frg 0
ARGUS routecache adopt
ARGEVT Carmack route 15 start '-399.0 193.0 320.0' goal '689.0 737.0 200.0'
ARGEVT Romero swim
ARGUS routecache adopt
ARGEVT Carmack route 15 start '-399.0 193.0 320.0' goal '689.0 737.0 200.0'
ARGEVT Romero swim
ARGLOG Joe Rogan t  57.8 pos '416.3 -1036.0 432.0' spd 326.4 yaw 33 mode 1 st 7 gl 1 hp 100 frg 0
ARGLOG Romero t  57.8 pos '1419.8 -619.7 171.6' spd 167.2 yaw 7 mode 2 st 13 gl 0 hp 100 frg 0
ARGLOG Carmack t  57.8 pos '-336.2  53.5 320.0' spd 429.8 yaw 334 mode 2 st 0 gl 0 hp 100 frg 0
ARGEVT Romero swim
ARGEVT Romero swim
ARGLOG Joe Rogan t  58.3 pos '498.5 -888.2 432.0' spd 415.4 yaw 341.0 mode 1 st 7 gl 1 hp 100 frg 0
ARGLOG Romero t  58.3 pos '1520.0 -621.0 172.0' spd  36.7 yaw 10 mode 2 st 13 gl 0 hp 100 frg 0
ARGLOG Carmack t  58.3 pos '-302.4 210.4 320.0' spd 412.9 yaw 319 mode 2 st 0 gl 0 hp 100 frg 0
ARGEVT Romero swim
ARGEVT Romero swim
ARGLOG Joe Rogan t  58.8 pos '620.7 -1003.2 432.0' spd 359.0 yaw 239 mode 1 st 7 gl 1 hp 100 frg 0
ARGLOG Romero t  58.8 pos '1520.0 -588.8 170.5' spd  72.8 yaw 3 mode 2 st 13 gl 0 hp 100 frg 0
ARGEVT Romero swim
ARGUS routecache adopt
ARGEVT Carmack route 15 start '-399.0 193.0 320.0' goal '689.0 737.0 200.0'
ARGLOG Carmack t  58.8 pos '-411.1 141.2 320.0' spd 391.4 yaw 310.9 mode 0 st 0 gl 0 hp 100 frg 0
ARGEVT Romero swim
ARGLOG Joe Rogan t  59.3 pos '557.6 -1158.3 432.0' spd 321.1 yaw 232 mode 1 st 7 gl 1 hp 100 frg 0
ARGLOG Romero t  59.3 pos '1520.0 -563.3 170.8' spd  26.8 yaw 358 mode 2 st 13 gl 0 hp 100 frg 0
ARGEVT Romero swim
ARGLOG Carmack t  59.3 pos '-259.8 101.3 320.0' spd 436.7 yaw 325 mode 2 st 0 gl 0 hp 100 frg 0
ARGEVT Joe Rogan hazard
ARGEVT Romero swim
ARGEVT Romero swim
ARGLOG Joe Rogan t  59.8 pos '580.9 -1272.0 432.0' spd 165.2 yaw 218.0 mode 1 st 7 gl 1 hp 100 frg 0
ARGLOG Romero t  59.8 pos '1520.0 -563.5 171.2' spd  17.0 yaw 358 mode 2 st 13 gl 0 hp 100 frg 0
ARGLOG Carmack t  59.8 pos '-344.0 224.9 320.0' spd  86.4 yaw 320 mode 2 st 0 gl 0 hp 100 frg 0
ARGEVT Romero stall
ARGEVT Romero stallnode '1617.0 -575.0 225.0'
ARGEVT Romero swim
ARGUS routecache adopt
ARGEVT Carmack route 15 start '-399.0 193.0 320.0' goal '689.0 737.0 200.0'
ARGEVT Romero route 17 start '1489.0 -447.0 168.0' goal '1521.0 1217.0 204.0'
ARGEVT Romero swim
ARGEVT Carmack route 15 start '-399.0 193.0 320.0' goal '689.0 737.0 200.0'
ARGEVT Joe Rogan door
ARGLOG Joe Rogan t  60.4 pos '506.5 -1183.0 432.0' spd 406.4 yaw 186.4 mode 1 st 7 gl 1 hp 100 frg 0
ARGLOG Romero t  60.4 pos '1519.8 -558.0 171.6' spd  84.1 yaw 188 mode 2 st 14 gl 0 hp 100 frg 0
ARGLOG Carmack t  60.4 pos '-396.6  75.1 320.0' spd 413.0 yaw 334 mode 2 st 0 gl 0 hp 100 frg 0
ARGEVT Joe Rogan door
ARGEVT Joe Rogan door
ARGEVT Romero swim
ARGEVT Joe Rogan door
ARGEVT Joe Rogan door
ARGEVT Joe Rogan door
ARGEVT Joe Rogan door
ARGEVT Joe Rogan door
ARGEVT Romero swim
ARGEVT Joe Rogan door
ARGEVT Joe Rogan door
ARGEVT Joe Rogan hazard
ARGEVT Joe Rogan door
ARGLOG Joe Rogan t  60.9 pos '383.5 -1258.1 432.0' spd 391.2 yaw 318.0 mode 1 st 7 gl 1 hp 100 frg 0
ARGLOG Romero t  60.9 pos '1478.2 -512.5 171.8' spd 148.9 yaw 336 mode 2 st 14 gl 0 hp 100 frg 0
ARGLOG Carmack t  60.9 pos '-257.9 148.8 320.0' spd 437.9 yaw 320 mode 2 st 0 gl 0 hp 100 frg 0
ARGEVT Joe Rogan door
ARGEVT Joe Rogan door
ARGEVT Romero swim
ARGEVT Joe Rogan door
ARGEVT Joe Rogan door
ARGEVT Joe Rogan door
ARGEVT Joe Rogan door
ARGEVT Joe Rogan door
ARGEVT Romero swim
ARGEVT Joe Rogan door
ARGEVT Joe Rogan door
ARGEVT Joe Rogan door
ARGLOG Joe Rogan t  61.4 pos '416.8 -1272.0 432.0' spd 331.6 yaw 218.1 mode 1 st 7 gl 1 hp 100 frg 0
ARGLOG Romero t  61.4 pos '1394.7 -544.0 172.0' spd 192.7 yaw 356 mode 2 st 14 gl 0 hp 100 frg 0
ARGLOG Carmack t  61.4 pos '-425.6 194.2 320.0' spd 413.2 yaw 277.9 mode 0 st 0 gl 0 hp 100 frg 0
ARGEVT Romero swim
ARGUS routecache adopt
ARGEVT Carmack route 15 start '-399.0 193.0 320.0' goal '689.0 737.0 200.0'
ARGEVT Romero swim
ARGLOG Joe Rogan t  61.9 pos '401.5 -1272.0 432.0' spd 293.1 yaw 316.0 mode 1 st 7 gl 1 hp 100 frg 0
ARGLOG Romero t  61.9 pos '1398.8 -606.2 172.4' spd 147.6 yaw 4 mode 2 st 14 gl 0 hp 100 frg 0
ARGLOG Carmack t  61.9 pos '-323.1  75.7 320.0' spd 437.7 yaw 331 mode 2 st 0 gl 0 hp 100 frg 0
ARGEVT Joe Rogan hazard
ARGEVT Romero swim
ARGEVT Romero swim
ARGLOG Joe Rogan t  62.4 pos '384.3 -1272.0 432.0' spd 346.4 yaw 249.2 mode 1 st 7 gl 1 hp 100 frg 0
ARGLOG Romero t  62.4 pos '1491.4 -622.3 170.5' spd 214.5 yaw 9 mode 2 st 14 gl 0 hp 100 frg 0
ARGEVT Romero swim
ARGLOG Carmack t  62.4 pos '-379.0 221.6 320.0' spd 379.2 yaw 325 mode 2 st 0 gl 0 hp 100 frg 0
ARGUS routecache adopt
ARGEVT Carmack route 15 start '-399.0 193.0 320.0' goal '689.0 737.0 200.0'
ARGEVT Romero swim
ARGEVT Joe Rogan abandon
ARGEVT Joe Rogan goal item_armor2
ARGUS routecache adopt
ARGEVT Carmack route 15 start '-399.0 193.0 320.0' goal '689.0 737.0 200.0'
ARGEVT Joe Rogan route 36 start '369.0 -1247.0 432.0' goal '1329.0 -543.0 400.0'
ARGEVT Romero swim
ARGLOG Joe Rogan t  62.9 pos '437.1 -1272.0 432.0' spd 321.0 yaw 99 mode 2 st 7 gl 1 hp 100 frg 0
ARGLOG Romero t  62.9 pos '1520.0 -598.3 170.8' spd  67.2 yaw 5 mode 2 st 14 gl 0 hp 100 frg 0
ARGLOG Carmack t  62.9 pos '-376.6  65.9 320.0' spd 435.4 yaw 334 mode 2 st 0 gl 0 hp 100 frg 0
ARGEVT Joe Rogan hazard
ARGEVT Romero swim
ARGEVT Romero swim
ARGLOG Joe Rogan t  63.5 pos '449.1 -1156.3 432.0' spd 333.2 yaw 105 mode 2 st 7 gl 1 hp 100 frg 0
ARGLOG Romero t  63.5 pos '1520.0 -568.8 171.2' spd  41.6 yaw 359 mode 2 st 14 gl 0 hp 100 frg 0
ARGLOG Carmack t  63.5 pos '-323.1 214.0 320.0' spd 434.3 yaw 320 mode 2 st 0 gl 0 hp 100 frg 0
ARGEVT Romero swim
ARGEVT Carmack route 15 start '-399.0 193.0 320.0' goal '689.0 737.0 200.0'
ARGEVT Romero swim
ARGLOG Joe Rogan t  64.0 pos '393.0 -999.9 432.0' spd 320.7 yaw 54 mode 2 st 7 gl 1 hp 100 frg 0
ARGLOG Romero t  64.0 pos '1520.0 -561.8 171.5' spd   7.0 yaw 358 mode 2 st 14 gl 0 hp 100 frg 0
ARGLOG Carmack t  64.0 pos '-424.2  96.2 320.0' spd 433.2 yaw 334 mode 2 st 0 gl 0 hp 100 frg 0
ARGEVT Romero swim
ARGEVT Romero stall
ARGEVT Romero stallnode '1617.0 -575.0 225.0'
ARGEVT Romero swim
ARGLOG Joe Rogan t  64.5 pos '435.1 -839.3 432.0' spd 335.6 yaw 61 mode 2 st 7 gl 1 hp 100 frg 0
ARGLOG Romero t  64.5 pos '1520.0 -569.5 171.9' spd   3.0 yaw  45.0 mode 0 st 15 gl 0 hp 100 frg 0
ARGLOG Carmack t  64.5 pos '-285.2 171.3 320.0' spd 440.1 yaw 320 mode 2 st 0 gl 0 hp 100 frg 0
ARGEVT Romero route 17 start '1489.0 -447.0 168.0' goal '1521.0 1217.0 204.0'
ARGEVT Romero swim
ARGEVT Romero swim
ARGLOG Joe Rogan t  65.0 pos '582.2 -759.1 432.0' spd 378.5 yaw 92 mode 2 st 7 gl 1 hp 100 frg 0
ARGLOG Romero t  65.0 pos '1504.9 -526.4 172.3' spd 139.8 yaw 337 mode 2 st 15 gl 0 hp 100 frg 0
ARGLOG Carmack t  65.0 pos '-399.8 177.4 320.0' spd 360.5 yaw 278.3 mode 0 st 0 gl 0 hp 100 frg 0
ARGEVT Romero swim
ARGEVT Carmack route 15 start '-399.0 193.0 320.0' goal '689.0 737.0 200.0'
ARGEVT Romero swim
ARGLOG Joe Rogan t  65.5 pos '578.2 -584.7 360.0' spd 320.4 yaw 128 mode 2 st 7 gl 1 hp 100 frg 0
ARGLOG Romero t  65.5 pos '1429.2 -521.0 170.6' spd 179.5 yaw 344 mode 2 st 15 gl 0 hp 100 frg 0
ARGEVT Romero swim
ARGLOG Carmack t  65.5 pos '-289.2  67.5 320.0' spd 433.8 yaw 330 mode 2 st 0 gl 0 hp 100 frg 0
ARGEVT Romero swim
ARGLOG Joe Rogan t  66.0 pos '550.2 -419.6 320.0' spd 321.8 yaw 114 mode 2 st 7 gl 1 hp 100 frg 0
ARGLOG Romero t  66.0 pos '1376.1 -587.9 170.7' spd 147.1 yaw 1 mode 2 st 15 gl 0 hp 100 frg 0
ARGEVT Romero swim
ARGLOG Carmack t  66.0 pos '-341.3 226.8 320.0' spd 390.2 yaw 320 mode 2 st 0 gl 0 hp 100 frg 0
ARGEVT Romero swim
ARGUS routecache adopt
ARGEVT Carmack route 15 start '-399.0 193.0 320.0' goal '689.0 737.0 200.0'
ARGEVT Romero swim
ARGLOG Joe Rogan t  66.5 pos '436.7 -297.3 320.0' spd 349.3 yaw 91 mode 2 st 7 gl 1 hp 100 frg 0
ARGLOG Romero t  66.5 pos '1444.1 -626.8 171.1' spd 187.8 yaw 8 mode 2 st 15 gl 0 hp 100 frg 0
ARGLOG Carmack t  66.5 pos '-401.2  99.2 320.0' spd 409.9 yaw 333 mode 2 st 0 gl 0 hp 100 frg 0
ARGEVT Romero swim
ARGEVT Romero swim
ARGLOG Joe Rogan t  67.1 pos '280.8 -264.0 328.0' spd 212.4 yaw 56 mode 2 st 7 gl 1 hp 100 frg 0
ARGLOG Romero t  67.1 pos '1520.0 -616.8 171.3' spd  58.5 yaw 9 mode 2 st 15 gl 0 hp 100 frg 0
ARGLOG Carmack t  67.1 pos '-251.1 146.0 320.0' spd 437.9 yaw 320 mode 2 st 0 gl 0 hp 100 frg 0
ARGEVT Joe Rogan hazard
ARGEVT Romero swim
ARGEVT Romero swim
ARGLOG Joe Rogan t  67.6 pos '283.8 -110.8 320.0' spd 204.3 yaw 28 mode 2 st 7 gl 1 hp 100 frg 0
ARGLOG Romero t  67.6 pos '1520.0 -580.4 171.6' spd  65.9 yaw 1 mode 2 st 15 gl 0 hp 100 frg 0
ARGLOG Carmack t  67.6 pos '-364.7 206.3 320.0' spd 324.9 yaw 325 mode 2 st 0 gl 0 hp 100 frg 0
ARGEVT Romero swim
ARGUS routecache adopt
ARGEVT Carmack route 15 start '-399.0 193.0 320.0' goal '689.0 737.0 200.0'
ARGUS routecache adopt
ARGEVT Carmack route 15 start '-399.0 193.0 320.0' goal '689.0 737.0 200.0'
ARGEVT Romero swim
ARGLOG Joe Rogan t  68.1 pos '277.4 -44.9 320.0' spd 109.9 yaw 5 mode 2 st 7 gl 1 hp 100 frg 0
ARGLOG Romero t  68.1 pos '1520.0 -560.2 171.9' spd  13.0 yaw 357 mode 2 st 15 gl 0 hp 100 frg 0
ARGLOG Carmack t  68.1 pos '-363.3  48.7 320.0' spd 424.3 yaw 335 mode 2 st 0 gl 0 hp 100 frg 0
ARGEVT Joe Rogan hazard
ARGEVT Romero swim
ARGEVT Romero swim
ARGLOG Joe Rogan t  68.6 pos '288.0 -203.9 320.0' spd 225.3 yaw 50 mode 2 st 7 gl 1 hp 100 frg 0
ARGLOG Romero t  68.6 pos '1520.0 -565.1 172.2' spd  21.4 yaw 358 mode 2 st 15 gl 0 hp 100 frg 0
ARGLOG Carmack t  68.6 pos '-281.1 183.9 320.0' spd 420.0 yaw 319 mode 2 st 0 gl 0 hp 100 frg 0
ARGEVT Romero stall
ARGEVT Romero stallnode '1617.0 -575.0 225.0'
ARGEVT Romero swim
ARGEVT Romero route 17 start '1489.0 -447.0 168.0' goal '1521.0 1217.0 204.0'
ARGEVT Romero swim
ARGLOG Joe Rogan t  69.1 pos '288.0 -208.0 320.0' spd 0 yaw 50 mode 2 st 7 gl 1 hp 100 frg 0
ARGLOG Romero t  69.1 pos '1518.9 -547.9 170.5' spd 104.2 yaw 345 mode 2 st 16 gl 0 hp 100 frg 0
ARGEVT Romero swim
ARGLOG Carmack t  69.1 pos '-443.3 157.3 320.0' spd 424.6 yaw 309.2 mode 0 st 0 gl 0 hp 100 frg 0
ARGEVT Carmack route 15 start '-399.0 193.0 320.0' goal '689.0 737.0 200.0'
ARGEVT Joe Rogan hazard
ARGEVT Joe Rogan stall
ARGEVT Joe Rogan stallnode '433.0 -159.0 279.0'
ARGEVT Joe Rogan jump
ARGEVT Romero swim
ARGLOG Joe Rogan t  69.6 pos '288.0 -211.0 357.7' spd  31.5 yaw 295.8 mode 0 st 8 gl 1 hp 100 frg 0
ARGLOG Romero t  69.6 pos '1463.1 -512.8 170.7' spd 155.9 yaw 339 mode 2 st 16 gl 0 hp 100 frg 0
ARGEVT Romero swim
ARGLOG Carmack t  69.6 pos '-294.4 105.8 320.0' spd 438.9 yaw 326 mode 2 st 0 gl 0 hp 100 frg 0
ARGEVT Joe Rogan route 32 start '241.0 -223.0 328.0' goal '1329.0 -543.0 400.0'
ARGEVT Romero swim
ARGEVT Romero swim
ARGLOG Joe Rogan t  70.1 pos '286.2 -263.9 328.0' spd 320.0 yaw 327 mode 2 st 8 gl 1 hp 100 frg 0
ARGLOG Romero t  70.1 pos '1381.7 -557.2 171.0' spd 187.7 yaw 358 mode 2 st 16 gl 0 hp 100 frg 0
ARGLOG Carmack t  70.1 pos '-411.9 203.9 320.0' spd 399.1 yaw 266.3 mode 0 st 0 gl 0 hp 100 frg 0
ARGEVT Carmack route 15 start '-399.0 193.0 320.0' goal '689.0 737.0 200.0'
ARGEVT Romero swim
ARGUS routecache adopt
ARGEVT Carmack route 15 start '-399.0 193.0 320.0' goal '689.0 737.0 200.0'
ARGEVT Romero swim
ARGLOG Joe Rogan t  70.7 pos '314.5 -429.2 320.0' spd 390.9 yaw 66 mode 2 st 8 gl 1 hp 100 frg 0
ARGLOG Romero t  70.7 pos '1408.5 -617.8 171.4' spd 159.6 yaw 6 mode 2 st 16 gl 0 hp 100 frg 0
ARGLOG Carmack t  70.7 pos '-333.2  69.3 320.0' spd 437.2 yaw 332 mode 2 st 0 gl 0 hp 100 frg 0
ARGEVT Romero swim
ARGEVT Romero swim
ARGLOG Joe Rogan t  71.2 pos '436.2 -330.9 320.0' spd 436.5 yaw 91 mode 2 st 8 gl 1 hp 100 frg 0
ARGLOG Romero t  71.2 pos '1509.3 -626.5 171.7' spd 227.1 yaw 10 mode 2 st 16 gl 0 hp 100 frg 0
ARGLOG Carmack t  71.2 pos '-360.8 224.0 320.0' spd 407.0 yaw 321 mode 2 st 0 gl 0 hp 100 frg 0
ARGEVT Romero swim
ARGUS routecache adopt
ARGEVT Carmack route 15 start '-399.0 193.0 320.0' goal '689.0 737.0 200.0'
ARGEVT Joe Rogan hazard
ARGEVT Romero swim
ARGEVT Romero abandon
ARGEVT Romero goal weapon_supernailgun
ARGUS routecache adopt
ARGEVT Carmack route 15 start '-399.0 193.0 320.0' goal '689.0 737.0 200.0'
ARGEVT Romero route 5 start '1489.0 -703.0 168.0' goal '817.0 -607.0 216.0'
ARGLOG Joe Rogan t  71.7 pos '305.2 -272.8 320.0' spd 118.7 yaw 62 mode 2 st 8 gl 1 hp 100 frg 0
ARGLOG Romero t  71.7 pos '1520.0 -593.3 172.0' spd  97.7 yaw 183 mode 2 st 16 gl 0 hp 100 frg 0
ARGLOG Carmack t  71.7 pos '-396.5  72.3 320.0' spd 434.5 yaw 335 mode 2 st 0 gl 0 hp 100 frg 0
ARGEVT Romero swim
ARGEVT Romero swim
ARGLOG Joe Rogan t  72.2 pos '278.9 -205.4 320.0' spd 317.8 yaw 48 mode 2 st 8 gl 1 hp 100 frg 0
ARGLOG Romero t  72.2 pos '1496.7 -525.6 170.4' spd 153.7 yaw 194 mode 2 st 16 gl 0 hp 100 frg 0
ARGEVT Romero swim
ARGLOG Carmack t  72.2 pos '-305.2 200.5 320.0' spd 440.4 yaw 319 mode 2 st 0 gl 0 hp 100 frg 0
ARGEVT Romero swim
ARGEVT Joe Rogan hazard
ARGEVT Carmack route 15 start '-399.0 193.0 320.0' goal '689.0 737.0 200.0'
ARGLOG Joe Rogan t  72.7 pos '271.6 -109.7 320.0' spd 121.5 yaw 26 mode 2 st 8 gl 1 hp 100 frg 0
ARGLOG Romero t  72.7 pos '1421.6 -533.9 170.8' spd 181.3 yaw 197 mode 2 st 16 gl 0 hp 100 frg 0
ARGEVT Romero swim
ARGLOG Carmack t  72.7 pos '-435.8 116.6 320.0' spd 431.1 yaw 333 mode 2 st 0 gl 0 hp 100 frg 0
ARGEVT Romero swim
ARGEVT Romero swim
ARGEVT Carmack engage Joe Rogan
ARGLOG Joe Rogan t  73.2 pos '279.8 -29.1 320.0' spd 118.0 yaw 0 mode 2 st 8 gl 1 hp 100 frg 0
ARGLOG Romero t  73.2 pos '1338.6 -609.5 171.1' spd 241.5 yaw 165 mode 2 st 16 gl 0 hp 100 frg 0
ARGLOG Carmack t  73.2 pos '-268.3 139.9 320.0' spd 401.4 yaw 344.4 mode 2 st 0 gl 0 hp 100 frg 0
ARGEVT Romero swim
ARGEVT Joe Rogan engage Carmack
ARGEVT Romero swim
ARGLOG Joe Rogan t  73.7 pos '264.0  47.6 320.0' spd 320.1 yaw 180.1 mode 2 st 8 gl 1 hp 100 frg 0
ARGLOG Romero t  73.7 pos '1239.5 -674.6 171.4' spd 218.5 yaw 150 mode 2 st 16 gl 0 hp 100 frg 0
ARGLOG Carmack t  73.7 pos '-174.3  72.0 320.0' spd 136.6 yaw 355.6 mode 2 st 0 gl 0 hp 100 frg 0
ARGEVT Romero swim
ARGEVT Romero door
ARGEVT Romero swim
ARGLOG Joe Rogan t  74.2 pos '261.0 201.6 320.0' spd 110.2 yaw 176.9 mode 0 st 8 gl 1 hp 88 frg 0
ARGLOG Romero t  74.2 pos '1142.5 -639.4 171.7' spd 212.0 yaw 137.3 mode 2 st 16 gl 0 hp 100 frg 0
ARGLOG Carmack t  74.2 pos '-149.7 230.8 320.0' spd 323.1 yaw   2.4 mode 2 st 0 gl 0 hp 80 frg 0
ARGEVT Romero swim
ARGEVT Joe Rogan route 34 start '209.0 161.0 320.0' goal '1329.0 -543.0 400.0'
ARGEVT Romero swim
ARGLOG Joe Rogan t  74.8 pos '187.6  70.7 320.0' spd 320.6 yaw 157.3 mode 2 st 8 gl 1 hp 88 frg 0
ARGLOG Romero t  74.8 pos '1048.0 -565.4 172.1' spd 140.3 yaw 156 mode 2 st 16 gl 0 hp 100 frg 0
ARGLOG Carmack t  74.8 pos '-162.3 241.1 320.0' spd 362.9 yaw 328.7 mode 2 st 0 gl 0 hp 52 frg 0
ARGEVT Romero swim
ARGEVT Joe Rogan grab item_health
ARGEVT Romero swim
ARGLOG Joe Rogan t  75.3 pos '201.7 -56.4 320.0' spd 323.6 yaw 166.4 mode 2 st 8 gl 1 hp 72 frg 0
ARGLOG Romero t  75.3 pos '1040.0 -502.5 170.5' spd 106.5 yaw 176 mode 2 st 16 gl 0 hp 100 frg 0
ARGEVT Romero swim
ARGLOG Carmack t  75.3 pos '-237.5  92.7 320.0' spd 322.2 yaw 345.5 mode 2 st 0 gl 0 hp 52 frg 0
ARGEVT Carmack hazard
ARGEVT Joe Rogan pursue
ARGEVT Carmack pursue
ARGEVT Romero swim
ARGLOG Joe Rogan t  75.8 pos '186.1 -47.5 320.0' spd 320.7 yaw 153 mode 2 st 8 gl 1 hp 100 frg 0
ARGLOG Romero t  75.8 pos '1040.0 -472.5 170.8' spd  10.7 yaw 187 mode 2 st 16 gl 0 hp 100 frg 0
ARGEVT Romero swim
ARGLOG Carmack t  75.8 pos '-162.7  67.2 320.0' spd 282.9 yaw 346 mode 2 st 0 gl 0 hp 52 frg 0
ARGUS Joe Rogan hunch item_health
ARGEVT Joe Rogan hazard
ARGEVT Joe Rogan goal item_health
ARGEVT Joe Rogan route 4 start '209.0 -31.0 320.0' goal '-111.0   1.0 488.0'
ARGEVT Joe Rogan pursue
ARGEVT Romero swim
ARGEVT Carmack route 15 start ' 17.0  97.0 320.0' goal '689.0 737.0 200.0'
ARGEVT Romero swim
ARGLOG Joe Rogan t  76.3 pos '202.5 -140.3 320.0' spd 375.4 yaw 210.6 mode 2 st 8 gl 1 hp 100 frg 0
ARGLOG Romero t  76.3 pos '1040.0 -483.4 171.1' spd  25.4 yaw 184 mode 2 st 16 gl 0 hp 100 frg 0
ARGLOG Carmack t  76.3 pos ' -7.5  62.5 320.0' spd 334.5 yaw 336 mode 2 st 0 gl 0 hp 52 frg 0
ARGEVT Romero swim
ARGEVT Joe Rogan route 5 start '241.0 -223.0 328.0' goal '-111.0   1.0 488.0'
ARGEVT Romero swim
ARGUS Carmack hunch item_health
ARGLOG Joe Rogan t  76.8 pos '194.0 -175.9 320.0' spd 320.4 yaw  93.4 mode 2 st 8 gl 1 hp 100 frg 0
ARGLOG Romero t  76.8 pos '1040.0 -494.4 171.3' spd  14.8 yaw 179 mode 2 st 16 gl 0 hp 100 frg 0
ARGEVT Carmack grab item_health
ARGLOG Carmack t  76.8 pos '154.4  11.2 320.0' spd 353.7 yaw 359.7 mode 2 st 0 gl 0 hp 40 frg 0
ARGEVT Carmack goal item_health
ARGEVT Carmack route 1 start '209.0 -31.0 320.0' goal '241.0 -223.0 328.0'
ARGEVT Romero swim
ARGEVT Romero swim
ARGEVT Romero stall
ARGEVT Romero stallnode '945.0 -511.0 168.0'
ARGLOG Joe Rogan t  77.3 pos '283.5 -72.1 320.0' spd  96.5 yaw 142.8 mode 2 st 8 gl 1 hp 100 frg 0
ARGLOG Romero t  77.3 pos '1040.0 -497.1 171.8' spd   0.9 yaw 194.3 mode 0 st 17 gl 0 hp 100 frg 0
ARGLOG Carmack t  77.3 pos '124.7  37.8 320.0' spd 239.6 yaw 327.3 mode 2 st 0 gl 0 hp 40 frg 0
ARGEVT Romero route 3 start '1073.0 -415.0 168.0' goal '817.0 -607.0 216.0'
ARGEVT Romero swim
ARGEVT Carmack death Joe Rogan pos '114.3  56.0 320.0'
ARGUS Joe Rogan watch spawn
ARGEVT Joe Rogan hazard
ARGEVT Romero swim
ARGEVT Joe Rogan goal item_health
ARGEVT Joe Rogan route 5 start '241.0 -223.0 328.0' goal '-111.0   1.0 488.0'
ARGLOG Joe Rogan t  77.8 pos '201.0 -173.0 320.0' spd  86.2 yaw 111 mode 2 st 8 gl 1 hp 100 frg 1
ARGLOG Romero t  77.8 pos '1040.0 -496.9 172.2' spd   5.7 yaw 178 mode 2 st 17 gl 0 hp 100 frg 0
ARGEVT Romero swim
ARGEVT Romero stall
ARGEVT Romero stallnode '1073.0 -415.0 168.0'
ARGEVT Romero goal weapon_rocketlauncher
ARGEVT Romero swim
ARGEVT Romero route 15 start '1073.0 -415.0 168.0' goal '689.0 737.0 200.0'
ARGLOG Joe Rogan t  78.4 pos '166.9 -22.9 320.0' spd 326.8 yaw 127 mode 2 st 8 gl 1 hp 100 frg 1
ARGLOG Romero t  78.4 pos '1055.5 -480.0 170.6' spd 106.1 yaw  71.0 mode 2 st 18 gl 0 hp 100 frg 0
ARGEVT Romero swim
ARGEVT Romero swim
ARGEVT Romero swim
ARGLOG Joe Rogan t  78.9 pos '174.7 143.4 320.0' spd 364.4 yaw   9.4 mode 2 st 8 gl 1 hp 100 frg 1
ARGLOG Romero t  78.9 pos '1059.0 -418.1 171.0' spd 126.6 yaw 203 mode 2 st 18 gl 0 hp 100 frg 0
ARGEVT Joe Rogan route 3 start '209.0 161.0 320.0' goal '-111.0   1.0 488.0'
ARGEVT Romero swim
ARGEVT Carmack respawn
ARGEVT Joe Rogan hazard
ARGEVT Carmack goal weapon_supernailgun
ARGLOG Carmack t  79.1 pos '1080.0 -720.0 312.0' spd 0 yaw  16.3 mode 0 st 0 gl 0 hp 100 frg 0
ARGEVT Carmack route 4 start '1073.0 -735.0 312.0' goal '817.0 -607.0 216.0'
ARGEVT Joe Rogan route 3 start '209.0 161.0 320.0' goal '-111.0   1.0 488.0'
ARGEVT Romero swim
ARGLOG Joe Rogan t  79.4 pos '265.6  73.0 320.0' spd 368.8 yaw 205.5 mode 2 st 8 gl 1 hp 100 frg 1
ARGLOG Romero t  79.4 pos '1048.0 -419.8 171.4' spd  53.9 yaw 204 mode 2 st 18 gl 0 hp 100 frg 0
ARGEVT Romero swim
ARGLOG Carmack t  79.6 pos '1141.9 -579.2 312.0' spd 381.1 yaw 160 mode 2 st 0 gl 0 hp 100 frg 0
ARGEVT Romero swim
ARGLOG Joe Rogan t  79.9 pos '101.6  59.6 320.0' spd 421.7 yaw 207 mode 2 st 8 gl 1 hp 100 frg 1
ARGLOG Romero t  79.9 pos '1048.0 -457.6 171.8' spd  78.4 yaw 192 mode 2 st 18 gl 0 hp 100 frg 0
ARGEVT Romero swim
ARGLOG Carmack t  80.1 pos '1083.4 -470.7 312.0' spd 333.7 yaw 174 mode 2 st 0 gl 0 hp 100 frg 0
ARGEVT Romero swim
ARGUS routecache adopt
ARGEVT Joe Rogan route 3 start '209.0 161.0 320.0' goal '-111.0   1.0 488.0'
ARGLOG Joe Rogan t  80.4 pos '230.7 149.9 320.0' spd 438.8 yaw 262.8 mode 0 st 8 gl 1 hp 100 frg 1
ARGLOG Romero t  80.4 pos '1040.0 -492.7 172.2' spd  51.0 yaw 179 mode 2 st 18 gl 0 hp 100 frg 0
ARGEVT Carmack hazard
ARGEVT Romero swim
ARGUS routecache adopt
ARGEVT Joe Rogan route 3 start '209.0 161.0 320.0' goal '-111.0   1.0 488.0'
ARGLOG Carmack t  80.7 pos '1041.2 -339.3 312.0' spd 122.1 yaw 206 mode 2 st 0 gl 0 hp 100 frg 0
ARGEVT Romero swim
ARGLOG Joe Rogan t  80.9 pos '134.1  28.0 320.0' spd 439.7 yaw 202 mode 2 st 8 gl 1 hp 100 frg 1
ARGLOG Romero t  80.9 pos '1040.0 -506.6 172.3' spd   6.4 yaw 174 mode 2 st 18 gl 0 hp 100 frg 0
ARGEVT Romero swim
ARGLOG Carmack t  81.2 pos '1045.2 -470.2 312.0' spd 323.5 yaw 174 mode 2 st 0 gl 0 hp 100 frg 0
ARGEVT Romero swim
ARGLOG Joe Rogan t  81.4 pos '185.8 188.1 320.0' spd 408.2 yaw 206 mode 2 st 8 gl 1 hp 100 frg 1
ARGLOG Romero t  81.4 pos '1040.0 -502.1 170.5' spd  17.6 yaw 176 mode 2 st 18 gl 0 hp 100 frg 0
ARGEVT Romero swim
ARGEVT Romero stall
ARGEVT Romero stallnode '1265.0 -447.0 168.0'
ARGUS routecache adopt
ARGEVT Joe Rogan route 3 start '209.0 161.0 320.0' goal '-111.0   1.0 488.0'
ARGEVT Romero swim
ARGLOG Carmack t  81.7 pos '1075.3 -490.7 312.0' spd 152.1 yaw 170 mode 2 st 0 gl 0 hp 100 frg 0
ARGEVT Romero route 15 start '1073.0 -415.0 168.0' goal '689.0 737.0 200.0'
ARGEVT Romero swim
ARGLOG Joe Rogan t  82.0 pos '223.1  36.1 320.0' spd 437.5 yaw 200 mode 2 st 8 gl 1 hp 100 frg 1
ARGLOG Romero t  82.0 pos '1040.0 -500.2 170.7' spd   6.1 yaw 177 mode 2 st 19 gl 0 hp 100 frg 0
ARGEVT Romero abandon
ARGEVT Romero swim
ARGLOG Carmack t  82.2 pos '1064.6 -461.7 312.0' spd 327.0 yaw 176 mode 2 st 0 gl 0 hp 100 frg 0
ARGEVT Romero plan powerup via weapon
ARGEVT Romero goal weapon_supernailgun
ARGEVT Romero door
ARGEVT Romero stall
ARGEVT Romero swim
ARGLOG Joe Rogan t  82.5 pos '144.5 171.9 320.0' spd 437.9 yaw 215 mode 2 st 8 gl 1 hp 100 frg 1
ARGEVT Romero plan powerup via weapon
ARGEVT Romero goal weapon_grenadelauncher
ARGLOG Romero t  82.5 pos '1055.3 -519.8 171.1' spd 119.6 yaw 300.6 mode 0 st 20 gl 0 hp 100 frg 0
ARGEVT Romero route 21 start '1073.0 -415.0 168.0' goal '1233.0 -1151.0 440.0'
ARGEVT Romero swim
ARGEVT Joe Rogan route 3 start '209.0 161.0 320.0' goal '-111.0   1.0 488.0'
ARGLOG Carmack t  82.7 pos '1087.9 -522.1 312.0' spd 218.1 yaw 164 mode 2 st 0 gl 0 hp 100 frg 0
ARGUS routecache adopt
ARGEVT Joe Rogan route 3 start '209.0 161.0 320.0' goal '-111.0   1.0 488.0'
ARGEVT Romero swim
ARGLOG Joe Rogan t  83.0 pos '264.3  70.5 320.0' spd 439.1 yaw 201 mode 2 st 8 gl 1 hp 100 frg 1
ARGLOG Romero t  83.0 pos '1064.2 -591.3 171.3' spd 127.8 yaw 151 mode 2 st 20 gl 0 hp 100 frg 0
ARGEVT Romero swim
ARGLOG Carmack t  83.2 pos '1068.5 -574.0 312.0' spd 149.1 yaw 153 mode 2 st 0 gl 0 hp 100 frg 0
ARGEVT Romero swim
ARGLOG Joe Rogan t  83.5 pos '122.5 134.8 320.0' spd 440.2 yaw 213 mode 2 st 8 gl 1 hp 100 frg 1
ARGLOG Romero t  83.5 pos '1048.0 -595.1 171.7' spd  58.0 yaw 148 mode 2 st 20 gl 0 hp 100 frg 0
ARGEVT Romero swim
ARGLOG Carmack t  83.8 pos '1072.6 -544.9 312.0' spd 221.9 yaw 159 mode 2 st 0 gl 0 hp 100 frg 0
ARGEVT Romero swim
ARGUS routecache adopt
ARGEVT Joe Rogan route 3 start '209.0 161.0 320.0' goal '-111.0   1.0 488.0'
ARGLOG Joe Rogan t  84.0 pos '279.5 112.7 320.0' spd 439.6 yaw 204 mode 2 st 8 gl 1 hp 100 frg 1
ARGLOG Romero t  84.0 pos '1046.6 -550.0 172.0' spd 104.3 yaw 160 mode 2 st 20 gl 0 hp 100 frg 0
ARGEVT Romero swim
ARGLOG Carmack t  84.3 pos '1075.4 -512.2 312.0' spd  23.5 yaw 165 mode 2 st 0 gl 0 hp 100 frg 0
ARGEVT Romero swim
ARGLOG Joe Rogan t  84.5 pos '125.1  93.5 320.0' spd 439.7 yaw 209 mode 2 st 8 gl 1 hp 100 frg 1
ARGLOG Romero t  84.5 pos '1040.0 -502.0 172.1' spd  76.9 yaw 176 mode 2 st 20 gl 0 hp 100 frg 0
ARGEVT Romero swim
ARGLOG Carmack t  84.8 pos '1071.1 -467.2 312.0' spd 210.7 yaw 175 mode 2 st 0 gl 0 hp 100 frg 0
ARGEVT Romero swim
ARGEVT Carmack hazard
ARGUS routecache adopt
ARGEVT Joe Rogan route 3 start '209.0 161.0 320.0' goal '-111.0   1.0 488.0'
ARGLOG Joe Rogan t  85.0 pos '271.5 152.4 320.0' spd 440.0 yaw 208 mode 2 st 8 gl 1 hp 100 frg 1
ARGLOG Romero t  85.0 pos '1040.0 -476.2 172.5' spd  22.4 yaw 186 mode 2 st 20 gl 0 hp 100 frg 0
ARGEVT Romero swim
ARGEVT Romero swim
ARGLOG Carmack t  85.3 pos '1059.4 -443.5 312.0' spd 114.3 yaw 181 mode 2 st 0 gl 0 hp 100 frg 0
ARGLOG Joe Rogan t  85.6 pos '148.2  57.7 320.0' spd 439.6 yaw 205 mode 2 st 8 gl 1 hp 100 frg 1
ARGLOG Romero t  85.6 pos '1040.0 -476.3 170.6' spd  15.7 yaw 186 mode 2 st 20 gl 0 hp 100 frg 0
ARGEVT Romero swim
ARGEVT Romero swim
ARGLOG Carmack t  85.8 pos '1055.9 -449.2 312.0' spd 110.5 yaw 179 mode 2 st 0 gl 0 hp 100 frg 0
ARGEVT Romero stall
ARGEVT Romero stallnode '1265.0 -447.0 168.0'
ARGEVT Romero swim
ARGLOG Joe Rogan t  86.1 pos '246.2 180.6 320.0' spd 440.2 yaw 278.0 mode 0 st 8 gl 1 hp 100 frg 1
ARGLOG Romero t  86.1 pos '1040.0 -488.6 170.9' spd  44.3 yaw 232.3 mode 0 st 21 gl 0 hp 100 frg 0
ARGEVT Romero route 21 start '1073.0 -415.0 168.0' goal '1233.0 -1151.0 440.0'
ARGEVT Joe Rogan route 3 start '209.0 161.0 320.0' goal '-111.0   1.0 488.0'
ARGEVT Romero swim
ARGLOG Carmack t  86.3 pos '1063.7 -480.3 312.0' spd 137.4 yaw 172 mode 2 st 0 gl 0 hp 100 frg 0
ARGEVT Romero swim
ARGLOG Joe Rogan t  86.6 pos '186.5  36.4 320.0' spd 440.0 yaw 201 mode 2 st 8 gl 1 hp 100 frg 1
ARGLOG Romero t  86.6 pos '1040.0 -517.9 171.2' spd  25.0 yaw 170 mode 2 st 21 gl 0 hp 100 frg 0
ARGEVT Romero swim
ARGLOG Carmack t  86.9 pos '1072.6 -503.8 312.0' spd 221.4 yaw 167 mode 2 st 0 gl 0 hp 100 frg 0
ARGEVT Romero swim
ARGLOG Joe Rogan t  87.1 pos '210.4 191.3 320.0' spd 440.1 yaw 307.8 mode 0 st 8 gl 1 hp 100 frg 1
ARGLOG Romero t  87.1 pos '1040.0 -514.1 171.4' spd  25.6 yaw 172 mode 2 st 21 gl 0 hp 100 frg 0
ARGUS routecache adopt
ARGEVT Joe Rogan route 3 start '209.0 161.0 320.0' goal '-111.0   1.0 488.0'
ARGEVT Romero swim
ARGLOG Carmack t  87.4 pos '1059.1 -475.7 312.0' spd  97.4 yaw 173 mode 2 st 0 gl 0 hp 100 frg 0
ARGEVT Romero swim
ARGLOG Joe Rogan t  87.6 pos '225.5  44.4 320.0' spd 426.1 yaw 200 mode 2 st 8 gl 1 hp 100 frg 1
ARGLOG Romero t  87.6 pos '1040.0 -497.9 171.5' spd  30.6 yaw 177 mode 2 st 21 gl 0 hp 100 frg 0
ARGEVT Romero swim
ARGLOG Carmack t  87.9 pos '1071.1 -472.7 312.0' spd 259.5 yaw 174 mode 2 st 0 gl 0 hp 100 frg 0
ARGEVT Romero swim
ARGLOG Joe Rogan t  88.1 pos '172.1 190.8 320.0' spd 439.0 yaw 207 mode 2 st 8 gl 1 hp 100 frg 1
ARGLOG Romero t  88.1 pos '1040.0 -486.6 171.8' spd  11.5 yaw 182 mode 2 st 21 gl 0 hp 100 frg 0
ARGUS routecache adopt
ARGEVT Joe Rogan route 3 start '209.0 161.0 320.0' goal '-111.0   1.0 488.0'
ARGEVT Romero swim
ARGLOG Carmack t  88.4 pos '1071.9 -468.5 312.0' spd 235.6 yaw 175 mode 2 st 0 gl 0 hp 100 frg 0
ARGUS routecache adopt
ARGEVT Joe Rogan route 3 start '209.0 161.0 320.0' goal '-111.0   1.0 488.0'
ARGEVT Romero swim
ARGEVT Carmack hazard
ARGLOG Joe Rogan t  88.7 pos '261.7  69.1 320.0' spd 422.3 yaw 201 mode 2 st 8 gl 1 hp 100 frg 1
ARGLOG Romero t  88.7 pos '1040.0 -486.1 172.0' spd   5.9 yaw 183 mode 2 st 21 gl 0 hp 100 frg 0
ARGEVT Romero swim
ARGEVT Romero stall
ARGEVT Romero stallnode '1265.0 -447.0 168.0'
ARGLOG Carmack t  88.9 pos '1056.4 -456.6 312.0' spd  62.4 yaw 177 mode 2 st 0 gl 0 hp 100 frg 0
ARGEVT Romero swim
ARGEVT Romero route 21 start '1073.0 -415.0 168.0' goal '1233.0 -1151.0 440.0'
ARGLOG Joe Rogan t  89.2 pos '142.0 168.8 320.0' spd 438.8 yaw 215 mode 2 st 8 gl 1 hp 100 frg 1
ARGLOG Romero t  89.2 pos '1040.0 -502.3 172.4' spd  59.6 yaw 176 mode 2 st 22 gl 0 hp 100 frg 0
ARGEVT Romero swim
ARGLOG Carmack t  89.4 pos '1073.0 -498.4 312.0' spd 132.1 yaw 168 mode 2 st 0 gl 0 hp 100 frg 0
ARGEVT Romero swim
ARGEVT Joe Rogan route 3 start '209.0 161.0 320.0' goal '-111.0   1.0 488.0'
ARGLOG Joe Rogan t  89.7 pos '284.3 108.0 320.0' spd 417.8 yaw 204 mode 2 st 8 gl 1 hp 100 frg 1
ARGLOG Romero t  89.7 pos '1040.0 -515.1 170.5' spd   2.5 yaw 171 mode 2 st 22 gl 0 hp 100 frg 0
ARGEVT Romero swim
ARGEVT Romero swim
ARGLOG Carmack t  89.9 pos '1077.3 -504.2 312.0' spd 325.8 yaw 167 mode 2 st 0 gl 0 hp 100 frg 0
ARGLOG Joe Rogan t  90.2 pos '131.2 134.7 320.0' spd 438.6 yaw 213 mode 2 st 8 gl 1 hp 100 frg 1
ARGLOG Romero t  90.2 pos '1040.0 -504.9 170.7' spd  28.8 yaw 175 mode 2 st 22 gl 0 hp 100 frg 0
ARGEVT Romero swim
ARGEVT Romero stall
ARGEVT Romero stallnode '1265.0 -447.0 168.0'
ARGEVT Romero abandon
ARGEVT Romero swim
ARGLOG Carmack t  90.5 pos '1060.9 -466.7 312.0' spd 163.8 yaw 175 mode 2 st 0 gl 0 hp 100 frg 0
ARGEVT Romero plan powerup via weapon
ARGEVT Romero goal weapon_supershotgun
ARGEVT Romero route 12 start '1073.0 -415.0 168.0' goal '1393.0 225.0 320.0'
ARGEVT Romero swim
ARGLOG Joe Rogan t  90.7 pos '287.9 153.5 320.0' spd 440.3 yaw 207 mode 2 st 8 gl 1 hp 100 frg 1
ARGLOG Romero t  90.7 pos '1057.4 -475.8 171.1' spd 129.6 yaw 344 mode 2 st 23 gl 0 hp 100 frg 0
ARGEVT Romero swim
ARGLOG Carmack t  91.0 pos '1100.3 -418.3 312.0' spd 263.2 yaw 186 mode 2 st 0 gl 0 hp 100 frg 0
ARGEVT Romero swim
ARGLOG Joe Rogan t  91.2 pos '141.3  97.7 320.0' spd 438.2 yaw 209 mode 2 st 8 gl 1 hp 100 frg 1
ARGLOG Romero t  91.2 pos '1139.8 -437.4 171.4' spd 212.9 yaw 332 mode 2 st 23 gl 0 hp 100 frg 0
ARGEVT Carmack hazard
ARGEVT Romero swim
ARGLOG Carmack t  91.5 pos '1040.0 -512.9 312.0' spd 241.5 yaw 163 mode 2 st 0 gl 0 hp 100 frg 0
ARGEVT Romero swim
ARGLOG Joe Rogan t  91.7 pos '266.3 194.0 320.0' spd 440.2 yaw 211 mode 2 st 8 gl 1 hp 100 frg 1
ARGLOG Romero t  91.7 pos '1256.6 -441.7 171.8' spd 240.4 yaw 340 mode 2 st 23 gl 0 hp 100 frg 0
ARGEVT Romero swim
ARGLOG Carmack t  92.0 pos '1040.0 -503.9 312.0' spd 123.6 yaw 165 mode 2 st 0 gl 0 hp 100 frg 0
ARGEVT Romero swim
ARGLOG Joe Rogan t  92.3 pos '170.4  81.9 320.0' spd 430.0 yaw 206 mode 2 st 8 gl 1 hp 100 frg 1
ARGLOG Romero t  92.3 pos '1367.1 -505.1 172.3' spd 259.0 yaw 345 mode 2 st 23 gl 0 hp 100 frg 0
ARGEVT Romero swim
ARGEVT Romero engage Carmack
ARGEVT Romero grab item_armor2
ARGEVT Carmack engage Romero
ARGEVT Carmack grab weapon_supernailgun
ARGLOG Carmack t  92.5 pos '1040.0 -517.5 312.0' spd 168.7 yaw  54.0 mode 2 st 0 gl 0 hp 100 frg 0
ARGEVT Romero swim
ARGLOG Joe Rogan t  92.8 pos '226.3 228.8 320.0' spd 439.5 yaw 215 mode 2 st 8 gl 1 hp 100 frg 1
ARGLOG Romero t  92.8 pos '1382.3 -578.6 170.5' spd 136.9 yaw 167.5 mode 2 st 23 gl 0 hp 100 frg 0
ARGEVT Romero swim
ARGLOG Carmack t  93.0 pos '1055.8 -540.4 312.0' spd 240 yaw 354.1 mode 2 st 0 gl 0 hp 100 frg 0
ARGLOG Joe Rogan t  93.3 pos '214.7  74.0 320.0' spd 437.3 yaw 203 mode 2 st 8 gl 1 hp 100 frg 1
ARGLOG Romero t  93.3 pos '1343.8 -557.0 172.3' spd 163.8 yaw 180.9 mode 2 st 23 gl 0 hp 89 frg 0
ARGEVT Romero swim
ARGEVT Romero pursue
ARGEVT Carmack pursue
ARGLOG Carmack t  93.5 pos '1070.9 -546.0 312.0' spd  37.2 yaw   6.1 mode 2 st 0 gl 0 hp 100 frg 0
ARGEVT Romero swim
ARGLOG Joe Rogan t  93.8 pos '186.4 228.3 320.0' spd 440.0 yaw 217 mode 2 st 8 gl 1 hp 100 frg 1
ARGLOG Romero t  93.8 pos '1340.5 -541.4 172.5' spd 123.5 yaw 185.5 mode 2 st 23 gl 0 hp 89 frg 0
ARGEVT Romero swim
ARGLOG Carmack t  94.1 pos '1081.8 -607.4 312.0' spd 320.8 yaw   8.4 mode 2 st 0 gl 0 hp 100 frg 0
ARGEVT Romero swim
ARGLOG Joe Rogan t  94.3 pos '250.3  86.8 320.0' spd 436.8 yaw 203 mode 2 st 8 gl 1 hp 100 frg 1
ARGLOG Romero t  94.3 pos '1359.0 -595.6 172.0' spd 167.6 yaw 203.1 mode 2 st 23 gl 0 hp 87 frg 0
ARGEVT Romero swim
ARGEVT Romero pursue
ARGEVT Carmack pursue
ARGLOG Carmack t  94.6 pos '1164.2 -734.7 312.0' spd 324.7 yaw 42 mode 2 st 0 gl 0 hp 100 frg 0
ARGEVT Romero swim
ARGEVT Carmack route 4 start '1233.0 -703.0 312.0' goal '817.0 -607.0 216.0'
ARGLOG Joe Rogan t  94.8 pos '148.2 204.3 320.0' spd 439.9 yaw 217 mode 2 st 8 gl 1 hp 100 frg 1
ARGLOG Romero t  94.8 pos '1337.6 -672.1 172.3' spd 159.4 yaw 165 mode 2 st 23 gl 0 hp 87 frg 0
ARGEVT Romero swim
ARGEVT Romero swim
ARGLOG Carmack t  95.1 pos '1276.3 -655.9 312.0' spd  88.8 yaw 54 mode 2 st 0 gl 0 hp 100 frg 0
ARGEVT Romero route 11 start '1297.0 -703.0 168.0' goal '1393.0 225.0 320.0'
ARGLOG Joe Rogan t  95.3 pos '281.2 119.9 320.0' spd 440.1 yaw 205 mode 2 st 8 gl 1 hp 100 frg 1
ARGLOG Romero t  95.3 pos '1243.7 -685.3 170.6' spd 213.5 yaw 154 mode 2 st 23 gl 0 hp 87 frg 0
ARGEVT Romero swim
ARGEVT Romero swim
ARGLOG Carmack t  95.6 pos '1249.2 -726.1 312.0' spd 337.0 yaw 57 mode 2 st 0 gl 0 hp 100 frg 0
ARGUS Romero hunch item_armor2
ARGEVT Romero swim
ARGUS Carmack hunch item_armor2
ARGLOG Joe Rogan t  95.9 pos '132.2 165.7 320.0' spd 440.2 yaw 215 mode 2 st 8 gl 1 hp 100 frg 1
ARGEVT Romero goal item_armor2
ARGLOG Romero t  95.9 pos '1125.4 -650.5 171.0' spd 256.6 yaw 127.6 mode 0 st 23 gl 0 hp 87 frg 0
ARGEVT Romero route 12 start '1169.0 -607.0 168.0' goal '1329.0 -543.0 400.0'
ARGEVT Carmack pursue
ARGEVT Carmack goal weapon_supernailgun
ARGEVT Carmack route 5 start '1425.0 -703.0 312.0' goal '817.0 -607.0 216.0'
ARGEVT Romero swim
ARGLOG Carmack t  96.1 pos '1354.9 -736.9 312.0' spd 329.6 yaw 335.4 mode 2 st 0 gl 0 hp 100 frg 0
ARGEVT Carmack hazard
ARGEVT Romero swim
ARGLOG Joe Rogan t  96.4 pos '288.0 161.0 320.0' spd 426.9 yaw 208 mode 2 st 8 gl 1 hp 100 frg 1
ARGLOG Romero t  96.4 pos '1066.1 -571.9 171.3' spd 155.0 yaw 0 mode 2 st 23 gl 0 hp 87 frg 0
ARGEVT Romero swim
ARGLOG Carmack t  96.6 pos '1509.8 -670.3 312.0' spd 392.5 yaw 115.4 mode 2 st 0 gl 0 hp 100 frg 0
ARGEVT Romero swim
ARGEVT Carmack grab item_armor2
ARGLOG Joe Rogan t  96.9 pos '135.5 133.5 320.0' spd 437.0 yaw 212 mode 2 st 8 gl 1 hp 100 frg 1
ARGLOG Romero t  96.9 pos '1132.4 -522.0 171.1' spd 170.1 yaw 353.4 mode 2 st 23 gl 0 hp 85 frg 0
ARGEVT Joe Rogan hazard
ARGEVT Romero swim
ARGLOG Carmack t  97.1 pos '1477.3 -464.0 259.2' spd 187.0 yaw 185.2 mode 0 st 0 gl 0 hp 76 frg 0
ARGEVT Carmack route 5 start '1489.0 -447.0 168.0' goal '817.0 -607.0 216.0'
ARGEVT Romero swim
ARGLOG Joe Rogan t  97.4 pos '175.4 252.7 320.0' spd 289.0 yaw 219 mode 2 st 8 gl 1 hp 100 frg 1
ARGLOG Romero t  97.4 pos '1165.8 -428.9 170.0' spd 240.9 yaw 352.3 mode 2 st 23 gl 0 hp 69 frg 0
ARGLOG Carmack t  97.7 pos '1387.4 -511.4 168.0' spd 320.0 yaw 142.2 mode 2 st 0 gl 0 hp 52 frg 0
ARGEVT Romero swim
ARGEVT Joe Rogan route 3 start '209.0 161.0 320.0' goal '-111.0   1.0 488.0'
ARGEVT Carmack retreat
ARGEVT Joe Rogan abandon
ARGEVT Joe Rogan goal weapon_supernailgun
ARGLOG Joe Rogan t  97.9 pos '182.1  82.7 320.0' spd 389.9 yaw 222.4 mode 0 st 8 gl 1 hp 100 frg 1
ARGLOG Romero t  97.9 pos '1168.0 -305.5 170.5' spd 254.1 yaw 306.1 mode 0 st 23 gl 0 hp 67 frg 0
ARGEVT Romero swim
ARGEVT Joe Rogan route 5 start '209.0 161.0 320.0' goal '-111.0 -511.0 384.0'
ARGEVT Romero swim
ARGLOG Carmack t  98.2 pos '1443.9 -593.7 168.0' spd 326.6 yaw 132.4 mode 2 st 0 gl 0 hp 28 frg 0
ARGEVT Romero route 13 start '1073.0 -415.0 168.0' goal '1329.0 -543.0 400.0'
ARGLOG Joe Rogan t  98.4 pos ' 39.0  74.0 320.0' spd 322.7 yaw 244 mode 2 st 8 gl 1 hp 100 frg 1
ARGLOG Romero t  98.4 pos '1144.7 -341.3 170.7' spd 152.3 yaw 327.0 mode 2 st 23 gl 0 hp 65 frg 0
ARGEVT Romero swim
ARGEVT Carmack hazard
ARGEVT Joe Rogan door
ARGEVT Romero swim
ARGLOG Carmack t  98.7 pos '1520.0 -609.0 168.0' spd   2.8 yaw 146.3 mode 2 st 0 gl 0 hp 12 frg 0
ARGEVT Romero swim
ARGLOG Joe Rogan t  98.9 pos '-121.1 139.9 320.0' spd 380.9 yaw  86.4 mode 2 st 8 gl 1 hp 100 frg 1
ARGLOG Romero t  98.9 pos '1085.0 -428.1 171.0' spd 240.3 yaw 336.6 mode 2 st 23 gl 0 hp 60 frg 0
ARGEVT Romero swim
ARGLOG Carmack t  99.2 pos '1520.0 -600.1 168.0' spd  87.6 yaw 164.4 mode 2 st 0 gl 0 hp 8 frg 0
ARGEVT Carmack death Romero pos '1558.5 -581.7 176.0'
ARGUS Romero watch spawn
ARGEVT Romero swim
ARGLOG Joe Rogan t  99.5 pos '-143.7 312.6 324.0' spd 325.5 yaw 68 mode 0 st 8 gl 1 hp 100 frg 1
ARGLOG Romero t  99.5 pos '1040.6 -545.6 171.3' spd 249.8 yaw 306.6 mode 2 st 23 gl 0 hp 60 frg 1
ARGEVT Romero goal weapon_supernailgun
ARGEVT Joe Rogan route 6 start '-143.0 417.0 320.0' goal '-111.0 -511.0 384.0'
ARGEVT Romero swim
ARGEVT Romero route 3 start '1169.0 -607.0 168.0' goal '817.0 -607.0 216.0'
ARGEVT Joe Rogan hazard
ARGEVT Romero swim
ARGLOG Joe Rogan t 100.0 pos '-63.5 445.8 320.0' spd 376.4 yaw  69.3 mode 2 st 8 gl 1 hp 100 frg 1
ARGLOG Romero t 100.0 pos '1129.8 -607.8 171.7' spd 234.8 yaw 360 mode 2 st 23 gl 0 hp 60 frg 1
ARGEVT Romero swim
ARGEVT Romero swim
ARGLOG Joe Rogan t 100.5 pos '-145.4 441.2 320.0' spd 349.4 yaw 234.4 mode 2 st 8 gl 1 hp 100 frg 1
ARGLOG Romero t 100.5 pos '1257.9 -633.4 171.9' spd 267.9 yaw 5 mode 2 st 23 gl 0 hp 60 frg 1
ARGEVT Romero swim
ARGEVT Romero route 4 start '1297.0 -703.0 168.0' goal '817.0 -607.0 216.0'
ARGEVT Romero swim
ARGEVT Carmack respawn
ARGEVT Carmack goal item_armor2
ARGLOG Carmack t 100.9 pos '1080.0 -720.0 312.0' spd 0 yaw  16.3 mode 0 st 0 gl 0 hp 100 frg 0
ARGEVT Carmack route 3 start '1073.0 -735.0 312.0' goal '1329.0 -543.0 400.0'
ARGLOG Joe Rogan t 101 pos '-136.0 286.2 324.0' spd 432.8 yaw  39.9 mode 2 st 8 gl 1 hp 100 frg 1
ARGLOG Romero t 101 pos '1401.2 -636.0 172.1' spd 284.5 yaw 12 mode 2 st 23 gl 0 hp 60 frg 1
ARGEVT Romero swim
ARGEVT Romero swim
ARGLOG Carmack t 101.5 pos '1140.8 -579.2 312.0' spd 379.5 yaw 149 mode 2 st 0 gl 0 hp 100 frg 0
ARGLOG Joe Rogan t 101.5 pos '-58.8 437.4 320.0' spd 407.1 yaw 177.6 mode 0 st 8 gl 1 hp 100 frg 1
ARGEVT Joe Rogan hazard
ARGLOG Romero t 101.5 pos '1519.0 -602.4 172.5' spd 134.3 yaw 146.8 mode 0 st 23 gl 0 hp 60 frg 1
ARGEVT Romero engage Carmack
ARGEVT Romero grab 
ARGEVT Romero swim
ARGEVT Carmack engage Romero
ARGEVT Joe Rogan route 6 start '-143.0 417.0 320.0' goal '-111.0 -511.0 384.0'
ARGEVT Romero swim
ARGEVT Romero route 5 start '1489.0 -447.0 168.0' goal '817.0 -607.0 216.0'
ARGLOG Carmack t 102.0 pos '1104.8 -602.4 312.0' spd 326.5 yaw   7.7 mode 2 st 0 gl 0 hp 100 frg 0
ARGLOG Joe Rogan t 102.0 pos '-181.6 334.7 332.0' spd 428.4 yaw 342.4 mode 2 st 8 gl 1 hp 100 frg 1
ARGLOG Romero t 102.0 pos '1510.9 -507.5 171.7' spd 226.6 yaw 192.7 mode 2 st 23 gl 0 hp 55 frg 1
ARGEVT Romero swim
ARGEVT Romero swim
ARGEVT Carmack hazard
ARGLOG Carmack t 102.5 pos '1166.7 -743.6 312.0' spd 100.6 yaw  47.5 mode 2 st 0 gl 0 hp 100 frg 0
ARGLOG Joe Rogan t 102.5 pos '-27.9 372.1 320.0' spd 430.5 yaw 136 mode 2 st 8 gl 1 hp 100 frg 1
ARGLOG Romero t 102.5 pos '1484.5 -384.0 170.9' spd 261.2 yaw 227.4 mode 2 st 23 gl 0 hp 50 frg 1
ARGEVT Joe Rogan hazard
ARGEVT Romero swim
ARGEVT Joe Rogan route 6 start '-143.0 417.0 320.0' goal '-111.0 -511.0 384.0'
ARGEVT Romero pursue
ARGEVT Romero swim
ARGEVT Carmack pursue
ARGLOG Carmack t 103.0 pos '1098.1 -612.7 312.0' spd 298.4 yaw 30 mode 2 st 0 gl 0 hp 100 frg 0
ARGLOG Joe Rogan t 103.1 pos '-169.9 409.5 320.0' spd 400.4 yaw 277.2 mode 2 st 8 gl 1 hp 100 frg 1
ARGLOG Romero t 103.1 pos '1429.3 -308.0 170.4' spd  72.5 yaw 239 mode 2 st 23 gl 0 hp 45 frg 1
ARGEVT Romero swim
ARGLOG Carmack t 103.5 pos '1232.7 -483.0 293.0' spd 327.2 yaw 21 mode 1 st 0 gl 0 hp 100 frg 0
ARGLOG Joe Rogan t 103.6 pos '-67.9 291.0 324.0' spd 437.3 yaw  81.4 mode 2 st 8 gl 1 hp 100 frg 1
ARGLOG Romero t 103.6 pos '1382.3 -374.8 170.8' spd 203.3 yaw 240 mode 2 st 23 gl 0 hp 45 frg 1
ARGEVT Romero swim
ARGEVT Carmack swim
ARGEVT Joe Rogan hazard
ARGLOG Carmack t 104.0 pos '1288.0 -463.3 170.4' spd  58.1 yaw  10.8 mode 1 st 0 gl 0 hp 80 frg 0
ARGEVT Carmack swim
ARGUS routecache adopt
ARGEVT Joe Rogan route 6 start '-143.0 417.0 320.0' goal '-111.0 -511.0 384.0'
ARGLOG Joe Rogan t 104.1 pos '-95.7 448.0 320.0' spd 361.7 yaw 217.3 mode 0 st 8 gl 1 hp 100 frg 1
ARGLOG Romero t 104.1 pos '1454.6 -425.6 168.0' spd 369.6 yaw 190.8 mode 0 st 23 gl 0 hp 29 frg 1
ARGEVT Romero route 5 start '1489.0 -447.0 168.0' goal '817.0 -607.0 216.0'
ARGEVT Romero retreat
ARGEVT Carmack swim
ARGLOG Carmack t 104.5 pos '1259.5 -382.7 170.5' spd 199.7 yaw 332.1 mode 1 st 0 gl 0 hp 60 frg 0
ARGEVT Carmack swim
ARGLOG Joe Rogan t 104.6 pos '-132.9 296.4 324.0' spd 432.4 yaw  22.4 mode 2 st 8 gl 1 hp 100 frg 1
ARGLOG Romero t 104.6 pos '1565.2 -567.8 179.7' spd 332.0 yaw 149.1 mode 2 st 23 gl 0 hp 13 frg 1
ARGEVT Romero route 5 start '1617.0 -575.0 225.0' goal '817.0 -607.0 216.0'
ARGEVT Carmack swim
ARGLOG Carmack t 105.1 pos '1260.4 -306.8 170.4' spd  37.2 yaw 326.9 mode 1 st 0 gl 0 hp 52 frg 0
ARGEVT Carmack swim
ARGLOG Joe Rogan t 105.1 pos '-32.7 423.2 320.0' spd 411.3 yaw 168 mode 2 st 8 gl 1 hp 100 frg 1
ARGLOG Romero t 105.1 pos '1705.1 -600.0 298.7' spd 322.3 yaw 143.3 mode 2 st 23 gl 0 hp 38 frg 1
ARGEVT Joe Rogan hazard
ARGEVT Romero pursue
ARGEVT Carmack pursue
ARGEVT Carmack swim
ARGEVT Joe Rogan route 6 start '-143.0 417.0 320.0' goal '-111.0 -511.0 384.0'
ARGEVT Romero route 6 start '1777.0 -575.0 280.0' goal '817.0 -607.0 216.0'
ARGLOG Carmack t 105.6 pos '1276.8 -355.2 170.8' spd 152.8 yaw 327 mode 1 st 0 gl 0 hp 52 frg 0
ARGEVT Carmack swim
ARGLOG Joe Rogan t 105.6 pos '-172.5 356.3 332.0' spd 425.1 yaw 326.5 mode 2 st 8 gl 1 hp 100 frg 1
ARGLOG Romero t 105.6 pos '1793.3 -554.5 283.8' spd 168.7 yaw 154 mode 2 st 23 gl 0 hp 38 frg 1
ARGEVT Romero hazard
ARGEVT Carmack swim
ARGUS Romero hunch item_health
ARGEVT Romero pursue
ARGEVT Carmack swim
ARGLOG Carmack t 106.1 pos '1357.1 -422.9 171.3' spd 235.6 yaw 330 mode 1 st 0 gl 0 hp 52 frg 0
ARGLOG Joe Rogan t 106.1 pos '-15.4 350.6 332.0' spd 439.5 yaw 130.7 mode 2 st 8 gl 1 hp 100 frg 1
ARGEVT Romero goal item_health
ARGLOG Romero t 106.1 pos '1726.0 -571.3 280.0' spd 320.0 yaw 275.2 mode 0 st 23 gl 0 hp 38 frg 1
ARGEVT Romero route 6 start '1777.0 -575.0 280.0' goal '1393.0 -191.0 320.0'
ARGEVT Carmack swim
ARGEVT Joe Rogan hazard
ARGUS routecache adopt
ARGEVT Romero route 6 start '1777.0 -575.0 280.0' goal '1393.0 -191.0 320.0'
ARGEVT Carmack swim
ARGEVT Joe Rogan route 6 start '-143.0 417.0 320.0' goal '-111.0 -511.0 384.0'
ARGLOG Carmack t 106.6 pos '1431.0 -512.8 171.5' spd 230.6 yaw 353.9 mode 1 st 0 gl 0 hp 52 frg 0
ARGEVT Joe Rogan abandon
ARGLOG Joe Rogan t 106.7 pos '-147.2 426.7 320.0' spd 385.7 yaw  31.9 mode 0 st 8 gl 1 hp 100 frg 1
ARGLOG Romero t 106.7 pos '1760.5 -553.5 280.0' spd 320.2 yaw 173.2 mode 0 st 23 gl 0 hp 33 frg 1
ARGEVT Joe Rogan goal weapon_rocketlauncher
ARGEVT Carmack swim
ARGEVT Joe Rogan route 17 start '-143.0 417.0 320.0' goal '689.0 737.0 200.0'
ARGEVT Carmack swim
ARGEVT Romero route 5 start '785.0 385.0 324.0' goal '1393.0 -191.0 320.0'
ARGLOG Carmack t 107.1 pos '1462.5 -505.4 171.7' spd 123.7 yaw 129.6 mode 1 st 0 gl 0 hp 52 frg 0
ARGLOG Joe Rogan t 107.2 pos '-31.8 425.1 320.0' spd 381.7 yaw 278.6 mode 2 st 8 gl 1 hp 100 frg 1
ARGLOG Romero t 107.2 pos '800.0 306.2 320.0' spd 300 yaw 304.9 mode 2 st 23 gl 0 hp 17 frg 1
ARGEVT Carmack pursue
ARGEVT Carmack swim
ARGEVT Romero pursue
ARGEVT Carmack swim
ARGLOG Carmack t 107.6 pos '1453.7 -417.1 171.9' spd 190.4 yaw   9.8 mode 1 st 0 gl 0 hp 52 frg 0
ARGLOG Joe Rogan t 107.7 pos '-55.7 251.7 324.0' spd 364.4 yaw 175.4 mode 0 st 8 gl 1 hp 100 frg 1
ARGLOG Romero t 107.7 pos '810.1 271.9 320.0' spd 341.4 yaw 309 mode 2 st 23 gl 0 hp 17 frg 1
ARGEVT Carmack swim
ARGEVT Joe Rogan route 16 start '-143.0 225.0 320.0' goal '689.0 737.0 200.0'
ARGEVT Carmack swim
ARGLOG Carmack t 108.2 pos '1520.3 -368.4 172.1' spd 181.2 yaw 332 mode 1 st 0 gl 0 hp 52 frg 0
ARGLOG Joe Rogan t 108.2 pos '-235.4 260.2 320.0' spd 336.8 yaw 203 mode 2 st 8 gl 1 hp 100 frg 1
ARGLOG Romero t 108.2 pos '910.5 117.9 313.5' spd 320.4 yaw 310 mode 2 st 23 gl 0 hp 17 frg 1
ARGEVT Carmack swim
ARGEVT Carmack swim
ARGLOG Carmack t 108.7 pos '1626.2 -389.2 172.4' spd 239.3 yaw 325 mode 1 st 0 gl 0 hp 52 frg 0
ARGLOG Joe Rogan t 108.7 pos '-375.4 194.8 320.0' spd 320.1 yaw 240.6 mode 0 st 8 gl 1 hp 100 frg 1
ARGLOG Romero t 108.7 pos '1006.9  32.0 154.5' spd 139.8 yaw 228.8 mode 2 st 23 gl 0 hp 17 frg 1
ARGEVT Romero swim
ARGEVT Carmack swim
ARGUS routecache adopt
ARGEVT Joe Rogan route 15 start '-399.0 193.0 320.0' goal '689.0 737.0 200.0'
ARGEVT Carmack swim
ARGEVT Joe Rogan route 16 start '-399.0   1.0 320.0' goal '689.0 737.0 200.0'
ARGUS Carmack hunch item_health
ARGLOG Carmack t 109.2 pos '1742.9 -449.8 170.6' spd 268.0 yaw 139.1 mode 1 st 0 gl 0 hp 52 frg 0
ARGEVT Carmack swim
ARGLOG Joe Rogan t 109.2 pos '-334.9  43.6 320.0' spd 427.1 yaw  45.4 mode 2 st 8 gl 1 hp 100 frg 1
ARGLOG Romero t 109.2 pos '988.9  36.5 159.1' spd 144.9 yaw 172 mode 2 st 23 gl 0 hp 17 frg 1
ARGEVT Carmack goal item_health
ARGEVT Carmack swim
ARGEVT Carmack route 19 start '1841.0 -383.0 168.0' goal '1937.0 -159.0 312.0'
ARGEVT Carmack swim
ARGLOG Carmack t 109.7 pos '1768.6 -433.1 170.8' spd 127.3 yaw 145 mode 2 st 0 gl 0 hp 52 frg 0
ARGLOG Joe Rogan t 109.8 pos '-292.3 199.4 320.0' spd 402.9 yaw 184 mode 2 st 8 gl 1 hp 100 frg 1
ARGLOG Romero t 109.8 pos '888.0  52.2 163.6' spd  35.1 yaw 172 mode 2 st 23 gl 0 hp 17 frg 1
ARGEVT Carmack swim
ARGEVT Joe Rogan route 15 start '-399.0 193.0 320.0' goal '689.0 737.0 200.0'
ARGEVT Carmack swim
ARGLOG Carmack t 110.2 pos '1712.1 -362.8 171.1' spd 207.5 yaw  85.8 mode 0 st 0 gl 0 hp 52 frg 0
ARGUS routecache adopt
ARGEVT Joe Rogan route 15 start '-399.0 193.0 320.0' goal '689.0 737.0 200.0'
ARGLOG Joe Rogan t 110.3 pos '-440.3 135.9 320.0' spd 427.1 yaw 325.2 mode 0 st 8 gl 1 hp 100 frg 1
ARGLOG Romero t 110.3 pos '888.0  67.9 168.1' spd  19.9 yaw 269 mode 2 st 23 gl 0 hp 17 frg 1
ARGEVT Carmack route 18 start '1649.0 -351.0 168.0' goal '1937.0 -159.0 312.0'
ARGEVT Carmack swim
ARGEVT Carmack swim
ARGLOG Carmack t 110.7 pos '1666.1 -304.0 171.4' spd 115.6 yaw 225 mode 2 st 0 gl 0 hp 52 frg 0
ARGLOG Joe Rogan t 110.8 pos '-283.0 127.9 320.0' spd 439.1 yaw 130.3 mode 2 st 8 gl 1 hp 100 frg 1
ARGLOG Romero t 110.8 pos '888.0  70.1 170.5' spd   6.4 yaw 269 mode 2 st 23 gl 0 hp 17 frg 1
ARGEVT Romero swim
ARGEVT Carmack swim
ARGEVT Romero swim
ARGEVT Romero stall
ARGEVT Carmack swim
ARGLOG Carmack t 111.2 pos '1572.7 -313.5 171.5' spd 222.1 yaw 236 mode 2 st 0 gl 0 hp 52 frg 0
ARGLOG Joe Rogan t 111.3 pos '-423.6 189.6 320.0' spd 405.4 yaw 280.9 mode 0 st 8 gl 1 hp 100 frg 1
ARGLOG Romero t 111.3 pos '888.0  61.9 170.6' spd  37.0 yaw 247.9 mode 0 st 24 gl 0 hp 17 frg 1
ARGEVT Romero swim
ARGEVT Joe Rogan route 15 start '-399.0 193.0 320.0' goal '689.0 737.0 200.0'
ARGEVT Carmack swim
ARGEVT Romero swim
ARGEVT Carmack swim
ARGEVT Romero route 20 start '1041.0  33.0  92.0' goal '1393.0 -191.0 320.0'
ARGLOG Carmack t 111.8 pos '1449.8 -341.7 171.8' spd 243.0 yaw 306 mode 2 st 0 gl 0 hp 52 frg 0
ARGLOG Joe Rogan t 111.8 pos '-313.5  78.4 320.0' spd 437.3 yaw  86.4 mode 2 st 8 gl 1 hp 100 frg 1
ARGLOG Romero t 111.8 pos '915.1  32.0 146.7' spd 138.6 yaw 30 mode 2 st 24 gl 0 hp 17 frg 1
ARGEVT Carmack swim
ARGEVT Carmack swim
ARGLOG Carmack t 112.3 pos '1370.9 -430.7 172.0' spd 237.5 yaw 330 mode 2 st 0 gl 0 hp 52 frg 0
ARGLOG Joe Rogan t 112.3 pos '-344.0 227.1 320.0' spd  10.8 yaw 212 mode 2 st 8 gl 1 hp 100 frg 1
ARGLOG Romero t 112.3 pos '1017.3  46.7 125.1' spd 232.8 yaw 21 mode 2 st 24 gl 0 hp 17 frg 1
ARGEVT Carmack swim
ARGEVT Carmack swim
ARGEVT Joe Rogan route 15 start '-399.0 193.0 320.0' goal '689.0 737.0 200.0'
ARGUS routecache adopt
ARGEVT Joe Rogan route 15 start '-399.0 193.0 320.0' goal '689.0 737.0 200.0'
ARGLOG Carmack t 112.8 pos '1356.6 -552.6 172.3' spd 242.5 yaw 357 mode 2 st 0 gl 0 hp 52 frg 0
ARGLOG Joe Rogan t 112.8 pos '-391.9  81.3 320.0' spd 417.2 yaw   0.2 mode 2 st 8 gl 1 hp 100 frg 1
ARGLOG Romero t 112.8 pos '1124.2 120.6 128.5' spd 266.6 yaw 28 mode 2 st 24 gl 0 hp 17 frg 1
ARGEVT Carmack swim
ARGEVT Carmack swim
ARGLOG Carmack t 113.3 pos '1421.2 -634.1 170.6' spd 202.8 yaw 9 mode 2 st 0 gl 0 hp 52 frg 0
ARGEVT Carmack swim
ARGLOG Joe Rogan t 113.4 pos '-258.2 164.0 320.0' spd 439.0 yaw 164.0 mode 2 st 8 gl 1 hp 100 frg 1
ARGLOG Romero t 113.4 pos '1179.7 195.4 132.2' spd 170.8 yaw 22 mode 2 st 24 gl 0 hp 17 frg 1
ARGEVT Carmack swim
ARGEVT Carmack swim
ARGLOG Carmack t 113.8 pos '1520.0 -643.0 171.0' spd  36.2 yaw 14 mode 2 st 0 gl 0 hp 52 frg 0
ARGLOG Joe Rogan t 113.9 pos '-377.7 197.6 320.0' spd 322.0 yaw 240.3 mode 0 st 8 gl 1 hp 100 frg 1
ARGLOG Romero t 113.9 pos '1286.4 218.6 135.8' spd 245.0 yaw 10 mode 2 st 24 gl 0 hp 17 frg 1
ARGUS routecache adopt
ARGEVT Joe Rogan route 15 start '-399.0 193.0 320.0' goal '689.0 737.0 200.0'
ARGEVT Carmack swim
ARGEVT Joe Rogan route 16 start '-399.0   1.0 320.0' goal '689.0 737.0 200.0'
ARGEVT Carmack swim
ARGLOG Carmack t 114.3 pos '1520.0 -602.1 171.2' spd  92.9 yaw 6 mode 2 st 0 gl 0 hp 52 frg 0
ARGLOG Joe Rogan t 114.4 pos '-341.9  45.7 320.0' spd 428.5 yaw  45.4 mode 2 st 8 gl 1 hp 100 frg 1
ARGLOG Romero t 114.4 pos '1416.9 250.9 126.7' spd 271.0 yaw 9 mode 2 st 24 gl 0 hp 17 frg 1
ARGEVT Carmack swim
ARGEVT Carmack swim
ARGEVT Joe Rogan abandon
ARGLOG Carmack t 114.8 pos '1520.0 -564.0 171.6' spd  47.9 yaw 358 mode 2 st 0 gl 0 hp 52 frg 0
ARGLOG Joe Rogan t 114.9 pos '-266.4 183.3 320.0' spd 135.1 yaw 336.2 mode 0 st 8 gl 1 hp 100 frg 1
ARGLOG Romero t 114.9 pos '1452.5 304.6 130.3' spd  86.9 yaw 314 mode 2 st 24 gl 0 hp 17 frg 1
ARGEVT Carmack swim
ARGEVT Joe Rogan goal item_artifact_super_damage
ARGEVT Joe Rogan route 11 start '-271.0  97.0 320.0' goal '369.0 -1247.0 432.0'
ARGEVT Carmack swim
ARGEVT Joe Rogan hazard
ARGLOG Carmack t 115.4 pos '1520.0 -558.2 171.9' spd  14.1 yaw 357 mode 2 st 0 gl 0 hp 52 frg 0
ARGLOG Joe Rogan t 115.4 pos '-192.1  69.4 320.0' spd 423.0 yaw 323 mode 2 st 8 gl 1 hp 100 frg 1
ARGLOG Romero t 115.4 pos '1534.3 315.9 121.6' spd 215.9 yaw 298 mode 2 st 24 gl 0 hp 17 frg 1
ARGEVT Carmack swim
ARGEVT Carmack swim
ARGLOG Carmack t 115.9 pos '1520.0 -571.2 172.2' spd  25.6 yaw 0 mode 2 st 0 gl 0 hp 52 frg 0
ARGLOG Joe Rogan t 115.9 pos '-353.4 116.8 320.0' spd 332.4 yaw 329 mode 2 st 8 gl 1 hp 100 frg 1
ARGLOG Romero t 115.9 pos '1648.0 296.3 145.0' spd 192.7 yaw 304 mode 2 st 24 gl 0 hp 17 frg 1
ARGEVT Carmack swim
ARGEVT Carmack swim
ARGUS routecache adopt
ARGEVT Joe Rogan route 10 start '-399.0 193.0 320.0' goal '369.0 -1247.0 432.0'
ARGLOG Carmack t 116.4 pos '1520.0 -580.1 170.3' spd   8.8 yaw 1 mode 2 st 0 gl 0 hp 52 frg 0
ARGEVT Carmack swim
ARGUS routecache adopt
ARGEVT Joe Rogan route 10 start '-399.0 193.0 320.0' goal '369.0 -1247.0 432.0'
ARGLOG Joe Rogan t 116.4 pos '-360.3 224.0 320.0' spd 320.1 yaw 341.5 mode 0 st 8 gl 1 hp 100 frg 1
ARGLOG Romero t 116.4 pos '1691.9 205.7 156.7' spd 224.5 yaw 307 mode 2 st 24 gl 0 hp 17 frg 1
ARGEVT Carmack stall
ARGEVT Carmack stallnode '1617.0 -575.0 225.0'
ARGEVT Carmack swim
ARGLOG Carmack t 116.9 pos '1520.0 -569.3 170.7' spd  66.5 yaw 48 mode 0 st 1 gl 0 hp 52 frg 0
ARGEVT Carmack swim
ARGEVT Carmack route 16 start '1393.0 -575.0 168.0' goal '1937.0 -159.0 312.0'
ARGLOG Joe Rogan t 117.0 pos '-287.2  85.8 320.0' spd 426.7 yaw 328 mode 2 st 8 gl 1 hp 100 frg 1
ARGLOG Romero t 117.0 pos '1720.4  85.6 162.6' spd 227.7 yaw 330 mode 2 st 24 gl 0 hp 17 frg 1
ARGEVT Carmack swim
ARGEVT Carmack swim
ARGLOG Carmack t 117.4 pos '1502.1 -504.2 171.0' spd 155.5 yaw 329 mode 2 st 1 gl 0 hp 52 frg 0
ARGLOG Joe Rogan t 117.5 pos '-432.5 166.6 320.0' spd 401.5 yaw 330 mode 2 st 8 gl 1 hp 100 frg 1
ARGLOG Romero t 117.5 pos '1853.6 -11.4 168.0' spd 320.7 yaw 294 mode 2 st 24 gl 0 hp 17 frg 1
ARGEVT Joe Rogan hazard
ARGEVT Romero swim
ARGEVT Carmack swim
ARGEVT Joe Rogan route 10 start '-399.0 193.0 320.0' goal '369.0 -1247.0 432.0'
ARGEVT Carmack swim
ARGEVT Romero swim
ARGLOG Carmack t 117.9 pos '1428.2 -503.4 171.3' spd 173.5 yaw 340 mode 2 st 1 gl 0 hp 52 frg 0
ARGLOG Joe Rogan t 118.0 pos '-294.2 135.7 320.0' spd 407.5 yaw 324 mode 2 st 8 gl 1 hp 100 frg 1
ARGLOG Romero t 118.0 pos '1896.1 -78.6 171.4' spd 163.1 yaw 293 mode 2 st 24 gl 0 hp 17 frg 1
ARGEVT Carmack swim
ARGEVT Romero swim
ARGEVT Carmack swim
ARGEVT Romero swim
ARGLOG Carmack t 118.5 pos '1374.0 -578.3 171.6' spd 158.8 yaw 0 mode 2 st 1 gl 0 hp 52 frg 0
ARGLOG Joe Rogan t 118.5 pos '-439.0  80.6 320.0' spd 437.3 yaw 336 mode 2 st 8 gl 1 hp 100 frg 1
ARGLOG Romero t 118.5 pos '1986.9 -125.9 171.7' spd 216.7 yaw 241 mode 2 st 24 gl 0 hp 17 frg 1
ARGEVT Carmack swim
ARGEVT Romero swim
ARGEVT Carmack swim
ARGEVT Romero swim
ARGUS routecache adopt
ARGEVT Joe Rogan route 10 start '-399.0 193.0 320.0' goal '369.0 -1247.0 432.0'
ARGLOG Carmack t 119.0 pos '1428.1 -626.4 171.9' spd 178.1 yaw 8 mode 2 st 1 gl 0 hp 52 frg 0
ARGLOG Joe Rogan t 119.0 pos '-346.2 219.2 320.0' spd 404.4 yaw 305.4 mode 0 st 8 gl 1 hp 100 frg 1
ARGLOG Romero t 119.0 pos '2050.1 -222.4 172.0' spd 240.9 yaw 218 mode 2 st 24 gl 0 hp 17 frg 1
ARGEVT Romero swim
ARGEVT Carmack swim
ARGEVT Joe Rogan route 11 start '-303.0 289.0 320.0' goal '369.0 -1247.0 432.0'
ARGEVT Romero swim
ARGEVT Carmack swim
ARGLOG Carmack t 119.5 pos '1520.0 -622.2 172.0' spd  49.0 yaw 10 mode 2 st 1 gl 0 hp 52 frg 0
ARGLOG Joe Rogan t 119.5 pos '-271.4  68.6 320.0' spd 421.5 yaw 329 mode 2 st 8 gl 1 hp 100 frg 1
ARGLOG Romero t 119.5 pos '2064.4 -349.8 172.1' spd 242.0 yaw 181 mode 2 st 24 gl 0 hp 17 frg 1
ARGEVT Romero swim
ARGEVT Carmack swim
ARGEVT Carmack swim
ARGEVT Romero swim
ARGLOG Carmack t 120.0 pos '1520.0 -586.7 172.4' spd  69.6 yaw 2 mode 2 st 1 gl 0 hp 52 frg 0
ARGLOG Joe Rogan t 120.1 pos '-426.5 139.0 320.0' spd 378.3 yaw 330 mode 2 st 8 gl 1 hp 100 frg 1
ARGLOG Romero t 120.1 pos '1999.0 -431.0 170.4' spd 203.9 yaw 167 mode 2 st 24 gl 0 hp 17 frg 1
ARGEVT Romero swim
ARGEVT Carmack swim
ARGEVT Joe Rogan hazard
ARGEVT Carmack swim
ARGEVT Romero swim
ARGUS routecache adopt
ARGEVT Joe Rogan route 10 start '-399.0 193.0 320.0' goal '369.0 -1247.0 432.0'
ARGLOG Carmack t 120.5 pos '1520.0 -561.8 170.6' spd  23.6 yaw 358 mode 2 st 1 gl 0 hp 52 frg 0
ARGEVT Carmack swim
ARGLOG Joe Rogan t 120.6 pos '-301.2 173.7 320.0' spd 394.0 yaw 321 mode 2 st 8 gl 1 hp 100 frg 1
ARGLOG Romero t 120.6 pos '1887.4 -440.1 170.8' spd 237.8 yaw 169 mode 2 st 24 gl 0 hp 17 frg 1
ARGEVT Romero swim
ARGEVT Carmack swim
ARGEVT Romero swim
ARGEVT Carmack stall
ARGEVT Carmack stallnode '1617.0 -575.0 225.0'
ARGEVT Carmack swim
ARGEVT Romero swim
ARGLOG Carmack t 121.0 pos '1520.0 -563.1 170.8' spd  10.2 yaw  26.3 mode 0 st 2 gl 0 hp 52 frg 0
ARGLOG Joe Rogan t 121.1 pos '-411.9  64.8 320.0' spd 436.3 yaw 336 mode 2 st 8 gl 1 hp 100 frg 1
ARGLOG Romero t 121.1 pos '1757.2 -409.9 170.9' spd 270.3 yaw 170 mode 2 st 24 gl 0 hp 17 frg 1
ARGEVT Carmack swim
ARGEVT Carmack route 17 start '1489.0 -447.0 168.0' goal '1937.0 -159.0 312.0'
ARGEVT Romero swim
ARGEVT Romero route 10 start '1649.0 -351.0 168.0' goal '1393.0 -191.0 320.0'
ARGEVT Romero swim
ARGEVT Carmack swim
ARGLOG Carmack t 121.5 pos '1518.5 -524.2 171.2' spd 138.2 yaw 333 mode 2 st 2 gl 0 hp 52 frg 0
ARGLOG Joe Rogan t 121.6 pos '-368.5 224.0 320.0' spd 423.2 yaw 310.8 mode 0 st 8 gl 1 hp 100 frg 1
ARGLOG Romero t 121.6 pos '1622.5 -360.2 171.3' spd 284.7 yaw 224 mode 2 st 24 gl 0 hp 17 frg 1
ARGEVT Romero engage Carmack
ARGEVT Carmack engage Romero
ARGEVT Joe Rogan route 10 start '-399.0 193.0 320.0' goal '369.0 -1247.0 432.0'
ARGEVT Carmack swim
ARGEVT Romero swim
ARGEVT Carmack swim
ARGEVT Romero swim
ARGLOG Carmack t 122.1 pos '1505.4 -465.2 171.5' spd 154.0 yaw  55.6 mode 2 st 2 gl 0 hp 52 frg 0
ARGLOG Joe Rogan t 122.1 pos '-343.2  69.7 320.0' spd 437.1 yaw 332 mode 2 st 8 gl 1 hp 100 frg 1
ARGLOG Romero t 122.1 pos '1622.5 -316.0 171.4' spd 312.1 yaw 236.1 mode 2 st 24 gl 0 hp 1 frg 1
ARGEVT Carmack swim
ARGEVT Romero swim
ARGEVT Carmack swim
ARGEVT Romero swim
ARGEVT Romero death Carmack pos '1741.6 -304.0 171.2'
ARGUS Carmack watch spawn
ARGLOG Carmack t 122.6 pos '1454.1 -374.1 171.7' spd 234.4 yaw  12.4 mode 2 st 2 gl 0 hp 52 frg 1
ARGLOG Joe Rogan t 122.6 pos '-418.7 208.9 320.0' spd 424.7 yaw 350.0 mode 0 st 8 gl 1 hp 100 frg 1
ARGEVT Carmack swim
ARGEVT Carmack goal backpack
ARGEVT Carmack route 1 start '1393.0 -351.0 168.0' goal '1649.0 -351.0 168.0'
ARGEVT Joe Rogan route 10 start '-399.0 193.0 320.0' goal '369.0 -1247.0 432.0'
ARGEVT Carmack swim
ARGLOG Carmack t 123.1 pos '1456.9 -304.0 172.1' spd 105.7 yaw 0 mode 2 st 2 gl 0 hp 52 frg 1
ARGLOG Joe Rogan t 123.1 pos '-279.3 119.6 320.0' spd 411.3 yaw 324 mode 2 st 8 gl 1 hp 100 frg 1
ARGEVT Carmack swim
ARGEVT Carmack swim
ARGLOG Carmack t 123.6 pos '1543.5 -304.0 170.4' spd 209.1 yaw 0 mode 2 st 2 gl 0 hp 52 frg 1
ARGEVT Carmack swim
ARGLOG Joe Rogan t 123.7 pos '-436.1 115.7 320.0' spd 421.6 yaw 333 mode 2 st 8 gl 1 hp 100 frg 1
ARGEVT Carmack swim
ARGUS routecache adopt
ARGEVT Joe Rogan route 10 start '-399.0 193.0 320.0' goal '369.0 -1247.0 432.0'
ARGEVT Romero respawn
ARGLOG Carmack t 124.1 pos '1669.2 -304.0 170.7' spd 261.8 yaw 0 mode 1 st 2 gl 0 hp 52 frg 1
ARGEVT Carmack swim
ARGLOG Joe Rogan t 124.2 pos '-315.8 201.9 320.0' spd 408.3 yaw 320 mode 2 st 8 gl 1 hp 100 frg 1
ARGEVT Romero goal item_armor2
ARGLOG Romero t 124.2 pos '784.0 808.0 200.0' spd 0 yaw 241.6 mode 0 st 24 gl 0 hp 100 frg 1
ARGEVT Romero route 27 start '689.0 833.0 200.0' goal '1329.0 -543.0 400.0'
ARGEVT Carmack swim
ARGEVT Carmack goal item_health
ARGEVT Carmack route 14 start '1649.0 -351.0 168.0' goal '785.0 609.0 216.0'
ARGEVT Carmack swim
ARGLOG Carmack t 124.6 pos '1750.8 -310.5 170.9' spd  66.9 yaw 340 mode 2 st 2 gl 1 hp 52 frg 1
ARGLOG Joe Rogan t 124.7 pos '-403.1  73.1 320.0' spd 437.8 yaw 335 mode 2 st 8 gl 1 hp 100 frg 1
ARGLOG Romero t 124.7 pos '804.5 652.4 200.0' spd 401.8 yaw 19 mode 2 st 24 gl 0 hp 100 frg 1
ARGEVT Romero hazard
ARGEVT Carmack swim
ARGEVT Carmack swim
ARGLOG Carmack t 125.1 pos '1735.9 -372.1 171.2' spd 142.0 yaw 42 mode 2 st 2 gl 1 hp 52 frg 1
ARGEVT Joe Rogan route 10 start '-399.0 193.0 320.0' goal '369.0 -1247.0 432.0'
ARGLOG Joe Rogan t 125.2 pos '-363.4 224.0 320.0' spd 427.4 yaw 324 mode 2 st 8 gl 1 hp 100 frg 1
ARGLOG Romero t 125.2 pos '881.3 744.0 179.0' spd  25.9 yaw 315 mode 2 st 24 gl 0 hp 100 frg 1
ARGEVT Romero swim
ARGEVT Carmack swim
ARGEVT Joe Rogan route 11 start '-303.0 289.0 320.0' goal '369.0 -1247.0 432.0'
ARGEVT Romero swim
ARGEVT Carmack swim
ARGLOG Carmack t 125.7 pos '1793.6 -390.8 171.5' spd 153.2 yaw 51 mode 2 st 2 gl 1 hp 52 frg 1
ARGLOG Joe Rogan t 125.7 pos '-281.9  81.8 320.0' spd 424.1 yaw 328 mode 2 st 8 gl 1 hp 100 frg 1
ARGLOG Romero t 125.7 pos '993.0 733.6 124.8' spd 277.6 yaw 286 mode 2 st 24 gl 0 hp 100 frg 1
ARGEVT Carmack swim
ARGEVT Carmack swim
ARGLOG Carmack t 126.2 pos '1897.3 -387.3 172.0' spd 235.4 yaw 65 mode 2 st 2 gl 1 hp 52 frg 1
ARGLOG Joe Rogan t 126.2 pos '-431.8 154.0 320.0' spd 393.8 yaw 330 mode 2 st 8 gl 1 hp 100 frg 1
ARGLOG Romero t 126.2 pos '1094.3 650.9 128.3' spd 258.6 yaw 272 mode 2 st 24 gl 0 hp 100 frg 1
ARGEVT Carmack swim
ARGEVT Joe Rogan hazard
ARGEVT Carmack swim
ARGUS routecache adopt
ARGEVT Joe Rogan route 10 start '-399.0 193.0 320.0' goal '369.0 -1247.0 432.0'
ARGLOG Carmack t 126.7 pos '2019.4 -379.6 172.4' spd 215.8 yaw 115 mode 2 st 2 gl 1 hp 52 frg 1
ARGLOG Joe Rogan t 126.7 pos '-297.0 155.5 320.0' spd 402.6 yaw 322 mode 2 st 8 gl 1 hp 100 frg 1
ARGLOG Romero t 126.7 pos '1135.9 522.0 119.9' spd 273.3 yaw 303 mode 2 st 24 gl 0 hp 100 frg 1
ARGEVT Carmack swim
ARGEVT Carmack swim
ARGLOG Carmack t 127.2 pos '2084.5 -297.1 170.6' spd 216.4 yaw 129 mode 2 st 2 gl 1 hp 52 frg 1
ARGEVT Carmack swim
ARGLOG Joe Rogan t 127.3 pos '-430.0  75.6 320.0' spd 437.0 yaw 336 mode 2 st 8 gl 1 hp 100 frg 1
ARGLOG Romero t 127.3 pos '1124.3 467.9 132.0' spd 152.3 yaw 314 mode 2 st 24 gl 0 hp 100 frg 1
ARGEVT Carmack swim
ARGLOG Carmack t 127.7 pos '2088.3 -175.4 170.7' spd 248.9 yaw 132 mode 2 st 2 gl 1 hp 52 frg 1
ARGEVT Carmack swim
ARGUS routecache adopt
ARGEVT Joe Rogan route 10 start '-399.0 193.0 320.0' goal '369.0 -1247.0 432.0'
ARGLOG Joe Rogan t 127.8 pos '-350.0 216.4 320.0' spd 417.6 yaw 302.8 mode 0 st 8 gl 1 hp 100 frg 1
ARGLOG Romero t 127.8 pos '1120.8 367.5 122.8' spd 204.5 yaw 353 mode 2 st 24 gl 0 hp 100 frg 1
ARGEVT Carmack swim
ARGEVT Carmack swim
ARGLOG Carmack t 128.2 pos '2027.3 -65.8 170.9' spd 250.2 yaw 137 mode 2 st 2 gl 1 hp 52 frg 1
ARGLOG Joe Rogan t 128.3 pos '-348.4  60.0 320.0' spd 438.2 yaw 334 mode 2 st 8 gl 1 hp 100 frg 1
ARGLOG Romero t 128.3 pos '1152.0 302.3 126.0' spd  71.1 yaw 3 mode 2 st 24 gl 0 hp 100 frg 1
ARGEVT Carmack swim
ARGEVT Carmack swim
ARGLOG Carmack t 128.8 pos '1919.4 -40.0 171.4' spd 233.9 yaw 125 mode 2 st 2 gl 1 hp 52 frg 1
ARGUS routecache adopt
ARGEVT Joe Rogan route 10 start '-399.0 193.0 320.0' goal '369.0 -1247.0 432.0'
ARGLOG Joe Rogan t 128.8 pos '-412.6 213.4 320.0' spd 425.7 yaw 349.4 mode 0 st 8 gl 1 hp 100 frg 1
ARGEVT Joe Rogan hazard
ARGLOG Romero t 128.8 pos '1216.2 288.2 129.5' spd 197.1 yaw 0 mode 2 st 24 gl 0 hp 100 frg 1
ARGEVT Carmack swim
ARGUS routecache adopt
ARGEVT Joe Rogan route 10 start '-399.0 193.0 320.0' goal '369.0 -1247.0 432.0'
ARGEVT Carmack swim
ARGLOG Carmack t 129.3 pos '1810.3 -16.7 171.6' spd 208.3 yaw 99 mode 2 st 2 gl 1 hp 52 frg 1
ARGLOG Joe Rogan t 129.3 pos '-297.9  92.5 320.0' spd 419.2 yaw 328 mode 2 st 8 gl 1 hp 100 frg 1
ARGLOG Romero t 129.3 pos '1339.6 295.1 120.7' spd 264.6 yaw 359 mode 2 st 24 gl 0 hp 100 frg 1
ARGEVT Carmack swim
ARGEVT Carmack swim
ARGLOG Carmack t 129.8 pos '1751.1  76.3 172.0' spd 230.2 yaw 91 mode 2 st 2 gl 1 hp 52 frg 1
ARGLOG Joe Rogan t 129.8 pos '-448.0 129.8 320.0' spd 413.5 yaw 332 mode 2 st 8 gl 1 hp 100 frg 1
ARGLOG Romero t 129.8 pos '1482.4 305.7 124.3' spd 286.8 yaw 309 mode 2 st 24 gl 0 hp 100 frg 1
ARGEVT Carmack swim
ARGEVT Romero engage Carmack
ARGEVT Carmack engage Romero
ARGEVT Carmack swim
ARGUS routecache adopt
ARGEVT Joe Rogan route 10 start '-399.0 193.0 320.0' goal '369.0 -1247.0 432.0'
ARGLOG Carmack t 130.3 pos '1749.0 189.0 137.3' spd 211.7 yaw 140.0 mode 2 st 2 gl 1 hp 52 frg 1
ARGLOG Joe Rogan t 130.3 pos '-302.0 195.8 320.0' spd 424.1 yaw 320 mode 2 st 8 gl 1 hp 100 frg 1
ARGLOG Romero t 130.3 pos '1627.6 315.9 140.1' spd 276.3 yaw 319.9 mode 2 st 24 gl 0 hp 100 frg 1
ARGEVT Carmack retreat
ARGLOG Carmack t 130.8 pos '1809.0 275.3 128.7' spd 233.7 yaw 134.7 mode 2 st 2 gl 1 hp 28 frg 1
ARGLOG Joe Rogan t 130.9 pos '-398.6  73.8 320.0' spd 438.9 yaw 335 mode 2 st 8 gl 1 hp 100 frg 1
ARGLOG Romero t 130.9 pos '1718.8 408.7 157.6' spd 264.6 yaw 307.0 mode 2 st 24 gl 0 hp 76 frg 1
ARGUS routecache adopt
ARGEVT Joe Rogan route 10 start '-399.0 193.0 320.0' goal '369.0 -1247.0 432.0'
ARGEVT Romero route 19 start '1905.0 449.0 143.0' goal '1329.0 -543.0 400.0'
ARGLOG Carmack t 131.3 pos '1876.9 211.0 131.3' spd 287.7 yaw 115.1 mode 2 st 2 gl 1 hp 4 frg 1
ARGLOG Joe Rogan t 131.4 pos '-366.8 211.4 320.0' spd 348.7 yaw 308.1 mode 0 st 8 gl 1 hp 100 frg 1
ARGLOG Romero t 131.4 pos '1757.1 495.1 163.3' spd  62.0 yaw 292.9 mode 2 st 24 gl 0 hp 56 frg 1
ARGEVT Joe Rogan route 10 start '-399.0 193.0 320.0' goal '369.0 -1247.0 432.0'
ARGEVT Carmack death Romero pos '1862.5 162.6 131.5'
ARGUS Romero watch spawn
ARGEVT Romero goal backpack
ARGEVT Romero route 2 start '1649.0 481.0  88.0' goal '1777.0 161.0 132.0'
ARGLOG Joe Rogan t 131.9 pos '-302.2  59.8 320.0' spd 417.2 yaw 331 mode 2 st 8 gl 1 hp 100 frg 1
ARGLOG Romero t 131.9 pos '1680.2 468.4 159.4' spd 204.2 yaw 265.0 mode 2 st 24 gl 0 hp 48 frg 2
ARGLOG Joe Rogan t 132.4 pos '-446.3 137.2 320.0' spd 392.5 yaw 331 mode 2 st 8 gl 1 hp 100 frg 1
ARGLOG Romero t 132.4 pos '1654.5 383.4 164.0' spd 199.3 yaw 313 mode 2 st 24 gl 0 hp 48 frg 2
ARGEVT Joe Rogan route 10 start '-399.0 193.0 320.0' goal '369.0 -1247.0 432.0'
ARGLOG Joe Rogan t 132.9 pos '-296.0 183.9 320.0' spd 433.3 yaw 320 mode 2 st 8 gl 1 hp 100 frg 1
ARGLOG Romero t 132.9 pos '1715.9 280.4 168.5' spd 257.7 yaw 321 mode 1 st 24 gl 0 hp 48 frg 2
ARGEVT Carmack respawn
ARGEVT Carmack goal weapon_supernailgun
ARGLOG Carmack t 133.3 pos '168.0 -480.0 320.0' spd 0 yaw  61.6 mode 0 st 2 gl 1 hp 100 frg 1
ARGEVT Carmack route 7 start '273.0 -447.0 320.0' goal '-111.0 -511.0 384.0'
ARGEVT Romero swim
ARGLOG Joe Rogan t 133.4 pos '-417.9  86.8 320.0' spd 439.0 yaw 334 mode 2 st 8 gl 1 hp 100 frg 1
ARGEVT Romero goal item_health
ARGLOG Romero t 133.4 pos '1816.4 181.7 170.9' spd 281.3 yaw 314.3 mode 0 st 24 gl 1 hp 48 frg 2
ARGEVT Romero route 23 start '1777.0 161.0 132.0' goal '1937.0 -159.0 312.0'
ARGEVT Romero swim
ARGEVT Romero swim
ARGLOG Carmack t 133.8 pos '310.0 -407.6 320.0' spd 345.2 yaw 105 mode 2 st 2 gl 1 hp 100 frg 1
ARGLOG Joe Rogan t 133.9 pos '-352.7 203.6 320.0' spd 366.1 yaw 296 mode 0 st 8 gl 1 hp 100 frg 1
ARGLOG Romero t 133.9 pos '1899.2  80.0 171.3' spd  75.6 yaw 210.7 mode 2 st 24 gl 1 hp 48 frg 2
ARGEVT Joe Rogan route 10 start '-399.0 193.0 320.0' goal '369.0 -1247.0 432.0'
ARGEVT Romero swim
ARGEVT Carmack hazard
ARGEVT Romero swim
ARGLOG Carmack t 134.4 pos '293.6 -272.0 320.0' spd 322.1 yaw 126 mode 2 st 2 gl 1 hp 100 frg 1
ARGLOG Joe Rogan t 134.5 pos '-349.9  45.4 320.0' spd 428.0 yaw 335 mode 2 st 8 gl 1 hp 100 frg 1
ARGLOG Romero t 134.5 pos '1864.5  96.1 171.5' spd 147.4 yaw 312 mode 2 st 24 gl 1 hp 48 frg 2
ARGEVT Romero swim
ARGEVT Romero swim
ARGLOG Carmack t 134.9 pos '204.0 -125.8 320.0' spd 327.3 yaw 130 mode 2 st 2 gl 1 hp 100 frg 1
ARGLOG Joe Rogan t 135.0 pos '-430.6 176.2 320.0' spd 355.2 yaw 330 mode 2 st 8 gl 1 hp 100 frg 1
ARGLOG Romero t 135.0 pos '1804.4  64.9 172.0' spd 145.9 yaw 326 mode 2 st 24 gl 1 hp 48 frg 2
ARGEVT Romero swim
ARGEVT Joe Rogan abandon
ARGEVT Joe Rogan goal weapon_rocketlauncher
ARGEVT Joe Rogan engage Carmack
ARGEVT Carmack engage Joe Rogan
ARGEVT Joe Rogan route 15 start '-399.0 193.0 320.0' goal '689.0 737.0 200.0'
ARGEVT Romero swim
ARGLOG Carmack t 135.4 pos '158.8  42.3 320.0' spd 367.9 yaw 155.0 mode 2 st 2 gl 1 hp 100 frg 1
ARGLOG Joe Rogan t 135.5 pos '-264.2 257.0 320.0' spd 340.0 yaw 333.1 mode 2 st 8 gl 1 hp 100 frg 1
ARGLOG Romero t 135.5 pos '1824.0 -15.1 170.3' spd 186.0 yaw 298 mode 2 st 24 gl 1 hp 48 frg 2
ARGEVT Romero swim
ARGEVT Romero swim
ARGLOG Carmack t 135.9 pos '177.1 209.7 320.0' spd 320.1 yaw 152.1 mode 2 st 2 gl 1 hp 96 frg 1
ARGLOG Joe Rogan t 136.0 pos '-181.1 400.0 320.0' spd 321.1 yaw 344.8 mode 2 st 8 gl 1 hp 76 frg 1
ARGLOG Romero t 136.0 pos '1914.7 -80.7 170.6' spd 238.3 yaw 290 mode 2 st 24 gl 1 hp 48 frg 2
ARGEVT Romero swim
ARGEVT Romero swim
ARGEVT Joe Rogan route 17 start '-143.0 417.0 320.0' goal '689.0 737.0 200.0'
ARGLOG Carmack t 136.4 pos ' 90.2 154.2 320.0' spd 316.3 yaw 145.9 mode 2 st 2 gl 1 hp 88 frg 1
ARGEVT Romero swim
ARGLOG Joe Rogan t 136.5 pos '-209.9 344.1 332.0' spd 320.0 yaw 331.4 mode 2 st 8 gl 1 hp 52 frg 1
ARGLOG Romero t 136.5 pos '2019.0 -152.4 170.8' spd 244.0 yaw 233 mode 2 st 24 gl 1 hp 48 frg 2
ARGEVT Joe Rogan retreat
ARGEVT Romero swim
ARGEVT Carmack grab item_health
ARGEVT Carmack hazard
ARGLOG Carmack t 136.9 pos '-25.4  83.7 320.0' spd 277.8 yaw 153.2 mode 2 st 2 gl 1 hp 88 frg 1
ARGEVT Romero swim
ARGLOG Joe Rogan t 137.0 pos '-327.3 257.1 320.0' spd 128.4 yaw 335.0 mode 2 st 8 gl 1 hp 32 frg 1
ARGLOG Romero t 137.0 pos '2068.7 -269.6 171.2' spd 256.4 yaw 207 mode 2 st 24 gl 1 hp 48 frg 2
ARGEVT Romero swim
ARGEVT Romero swim
ARGLOG Carmack t 137.4 pos '-56.4  66.2 320.0' spd 165.1 yaw 163.6 mode 2 st 2 gl 1 hp 84 frg 1
ARGLOG Joe Rogan t 137.5 pos '-410.9 195.0 320.0' spd 321.7 yaw 347.7 mode 2 st 8 gl 1 hp 8 frg 1
ARGLOG Romero t 137.5 pos '2057.7 -393.5 171.6' spd 216.4 yaw 174 mode 2 st 24 gl 1 hp 48 frg 2
ARGEVT Romero swim
ARGEVT Carmack hazard
ARGEVT Romero swim
ARGLOG Carmack t 138.0 pos '-41.6  72.2 320.0' spd 238.6 yaw 171.0 mode 2 st 2 gl 1 hp 72 frg 1
ARGLOG Joe Rogan t 138.1 pos '-442.8 130.6 320.0' spd 320.0 yaw 349.9 mode 2 st 8 gl 1 hp 8 frg 1
ARGLOG Romero t 138.1 pos '1970.9 -447.2 171.8' spd 211.7 yaw 163 mode 2 st 24 gl 1 hp 48 frg 2
ARGEVT Romero swim
ARGEVT Joe Rogan death Carmack pos '-440.2  81.4 320.0'
ARGUS Carmack watch spawn
ARGEVT Carmack goal item_health
ARGEVT Carmack route 4 start ' 17.0  97.0 320.0' goal '-111.0   1.0 488.0'
ARGEVT Romero swim
ARGLOG Carmack t 138.5 pos '-103.0 143.7 320.0' spd 365.4 yaw 173 mode 2 st 2 gl 1 hp 72 frg 2
ARGLOG Romero t 138.6 pos '1852.3 -434.2 172.0' spd 252.9 yaw 169 mode 2 st 24 gl 1 hp 48 frg 2
ARGEVT Romero swim
ARGEVT Carmack route 5 start '-143.0 225.0 320.0' goal '-111.0   1.0 488.0'
ARGEVT Romero swim
ARGLOG Carmack t 139.0 pos '-263.9 191.6 320.0' spd 322.1 yaw 183 mode 2 st 2 gl 1 hp 72 frg 2
ARGLOG Romero t 139.1 pos '1721.2 -393.4 172.4' spd 278.3 yaw 209 mode 2 st 24 gl 1 hp 48 frg 2
ARGEVT Carmack route 6 start '-303.0 289.0 320.0' goal '-111.0   1.0 488.0'
ARGEVT Romero swim
ARGEVT Romero swim
ARGLOG Carmack t 139.5 pos '-430.6 174.9 320.0' spd 365.5 yaw 351 mode 2 st 2 gl 1 hp 72 frg 2
ARGEVT Carmack hazard
ARGLOG Romero t 139.6 pos '1580.1 -356.1 170.6' spd 287.6 yaw 230 mode 2 st 24 gl 1 hp 48 frg 2
ARGEVT Romero swim
ARGEVT Joe Rogan respawn
ARGEVT Joe Rogan goal weapon_supernailgun
ARGLOG Joe Rogan t 139.8 pos '936.0 -1216.0 432.0' spd 0 yaw 163.4 mode 0 st 8 gl 1 hp 100 frg 1
ARGEVT Romero swim
ARGEVT Joe Rogan route 30 start '849.0 -1247.0 432.0' goal '817.0 -607.0 216.0'
ARGEVT Carmack route 6 start '-399.0   1.0 320.0' goal '-111.0   1.0 488.0'
ARGLOG Carmack t 140.0 pos '-373.1  14.2 320.0' spd 405.2 yaw 187.3 mode 2 st 2 gl 1 hp 72 frg 2
ARGEVT Romero swim
ARGLOG Romero t 140.1 pos '1433.1 -344.5 170.8' spd 266.6 yaw 309 mode 2 st 24 gl 1 hp 48 frg 2
ARGLOG Joe Rogan t 140.3 pos '783.3 -1171.5 432.0' spd 343.4 yaw 175 mode 2 st 8 gl 1 hp 100 frg 1
ARGEVT Romero swim
ARGLOG Carmack t 140.5 pos '-446.3 -13.0 320.0' spd 320.0 yaw 89 mode 2 st 2 gl 1 hp 72 frg 2
ARGEVT Romero swim
ARGLOG Romero t 140.6 pos '1347.1 -412.6 171.1' spd 210.8 yaw 329 mode 2 st 24 gl 1 hp 48 frg 2
ARGLOG Joe Rogan t 140.8 pos '616.8 -1198.0 432.0' spd 328.2 yaw 103 mode 2 st 8 gl 1 hp 100 frg 1
ARGEVT Romero swim
ARGEVT Romero swim
ARGLOG Carmack t 141.0 pos '-431.4 152.7 320.0' spd 360.9 yaw 353 mode 2 st 2 gl 1 hp 72 frg 2
ARGLOG Romero t 141.2 pos '1337.6 -523.6 171.6' spd 230.8 yaw 350 mode 2 st 24 gl 1 hp 48 frg 2
ARGEVT Joe Rogan hazard
ARGEVT Romero swim
ARGLOG Joe Rogan t 141.3 pos '495.2 -1081.1 432.0' spd 354.5 yaw 78 mode 2 st 8 gl 1 hp 100 frg 1
ARGEVT Romero swim
ARGLOG Carmack t 141.6 pos '-260.6 175.4 320.0' spd 320.0 yaw 359 mode 2 st 2 gl 1 hp 72 frg 2
ARGLOG Romero t 141.7 pos '1401.7 -613.2 172.0' spd 215.5 yaw 5 mode 2 st 24 gl 1 hp 48 frg 2
ARGEVT Romero swim
ARGLOG Joe Rogan t 141.8 pos '464.0 -1043.1 432.0' spd 268.5 yaw 70 mode 2 st 8 gl 1 hp 100 frg 1
ARGEVT Romero swim
ARGLOG Carmack t 142.1 pos '-102.0 132.9 320.0' spd 320.0 yaw 5 mode 2 st 2 gl 1 hp 72 frg 2
ARGLOG Romero t 142.2 pos '1514.4 -635.7 172.3' spd 240.6 yaw 13 mode 2 st 24 gl 1 hp 48 frg 2
ARGEVT Romero swim
ARGLOG Joe Rogan t 142.3 pos '475.2 -909.4 432.0' spd 324.9 yaw 74 mode 2 st 8 gl 1 hp 100 frg 1
ARGEVT Romero swim
ARGLOG Carmack t 142.6 pos ' 63.7 126.5 320.0' spd 321.3 yaw 216 mode 2 st 2 gl 1 hp 72 frg 2
ARGLOG Romero t 142.7 pos '1520.0 -606.6 170.5' spd  79.8 yaw 7 mode 2 st 24 gl 1 hp 48 frg 2
ARGEVT Romero swim
ARGLOG Joe Rogan t 142.8 pos '555.5 -763.7 432.0' spd 338.7 yaw 89 mode 2 st 8 gl 1 hp 100 frg 1
ARGEVT Romero swim
ARGLOG Carmack t 143.1 pos '229.1 151.2 320.0' spd 357.5 yaw 312.1 mode 0 st 2 gl 1 hp 72 frg 2
ARGEVT Romero swim
ARGLOG Romero t 143.2 pos '1520.0 -569.4 170.9' spd  56.0 yaw 359 mode 2 st 24 gl 1 hp 48 frg 2
ARGUS routecache adopt
ARGEVT Carmack route 3 start '209.0 161.0 320.0' goal '-111.0   1.0 488.0'
ARGEVT Carmack hazard
ARGLOG Joe Rogan t 143.4 pos '574.3 -598.1 376.0' spd 320.0 yaw 126 mode 2 st 8 gl 1 hp 100 frg 1
ARGEVT Romero swim
ARGLOG Carmack t 143.6 pos '202.6  23.5 320.0' spd 395.0 yaw 199 mode 2 st 2 gl 1 hp 72 frg 2
ARGEVT Romero swim
ARGLOG Romero t 143.7 pos '1520.0 -559.1 171.2' spd   5.5 yaw 357 mode 2 st 24 gl 1 hp 48 frg 2
ARGLOG Joe Rogan t 143.9 pos '569.7 -433.7 320.0' spd 320.1 yaw 150 mode 2 st 8 gl 1 hp 100 frg 1
ARGEVT Romero swim
ARGEVT Romero stall
ARGEVT Romero stallnode '1617.0 -575.0 225.0'
ARGEVT Romero swim
ARGLOG Carmack t 144.1 pos '139.0 166.9 320.0' spd 422.4 yaw 215 mode 2 st 2 gl 1 hp 72 frg 2
ARGLOG Romero t 144.2 pos '1520.0 -569.2 171.5' spd  16.4 yaw  28.6 mode 0 st 25 gl 1 hp 48 frg 2
ARGEVT Romero swim
ARGLOG Joe Rogan t 144.4 pos '464.9 -304.6 320.0' spd 345.7 yaw 102 mode 2 st 8 gl 1 hp 100 frg 1
ARGUS routecache adopt
ARGEVT Carmack route 3 start '209.0 161.0 320.0' goal '-111.0   1.0 488.0'
ARGEVT Romero route 17 start '1489.0 -447.0 168.0' goal '1937.0 -159.0 312.0'
ARGEVT Romero swim
ARGLOG Carmack t 144.6 pos '267.9  77.7 320.0' spd 437.3 yaw 202 mode 2 st 2 gl 1 hp 72 frg 2
ARGLOG Romero t 144.7 pos '1517.2 -528.6 171.9' spd 147.7 yaw 336 mode 2 st 25 gl 1 hp 48 frg 2
ARGEVT Carmack engage Joe Rogan
ARGEVT Carmack grab item_health
ARGEVT Joe Rogan engage Carmack
ARGEVT Romero swim
ARGLOG Joe Rogan t 144.9 pos '292.2 -282.3 320.0' spd 358.6 yaw 110.9 mode 2 st 8 gl 1 hp 100 frg 1
ARGEVT Romero swim
ARGLOG Carmack t 145.2 pos '220.0 -94.8 320.0' spd 363.4 yaw 257.8 mode 2 st 2 gl 1 hp 72 frg 2
ARGLOG Romero t 145.3 pos '1460.5 -490.0 172.2' spd 152.3 yaw 332 mode 2 st 25 gl 1 hp 48 frg 2
ARGEVT Romero swim
ARGLOG Joe Rogan t 145.4 pos '213.3 -317.3 320.0' spd 356.4 yaw  80.8 mode 2 st 8 gl 1 hp 77 frg 1
ARGEVT Romero swim
ARGLOG Carmack t 145.7 pos '214.9 -135.5 320.0' spd  92.5 yaw 296.4 mode 2 st 2 gl 1 hp 98 frg 2
ARGLOG Romero t 145.8 pos '1386.9 -543.5 172.4' spd 203.0 yaw 356 mode 2 st 25 gl 1 hp 48 frg 2
ARGEVT Romero swim
ARGLOG Joe Rogan t 145.9 pos '326.6 -332.7 320.0' spd 228.0 yaw 105.4 mode 2 st 8 gl 1 hp 69 frg 1
ARGEVT Romero swim
ARGLOG Carmack t 146.2 pos '209.6 -107.7 320.0' spd 320.2 yaw 274.9 mode 2 st 2 gl 1 hp 74 frg 2
ARGLOG Romero t 146.3 pos '1402.0 -617.0 170.6' spd 157.7 yaw 6 mode 2 st 25 gl 1 hp 48 frg 2
ARGEVT Romero swim
ARGEVT Carmack grab item_health
ARGLOG Joe Rogan t 146.4 pos '160.8 -342.3 320.0' spd 328.3 yaw  75.6 mode 2 st 8 gl 1 hp 69 frg 1
ARGEVT Romero swim
ARGLOG Carmack t 146.7 pos '186.4 -29.8 320.0' spd 320.1 yaw 269.5 mode 2 st 2 gl 1 hp 50 frg 2
ARGEVT Romero swim
ARGEVT Carmack retreat
ARGLOG Romero t 146.8 pos '1498.5 -632.7 171.0' spd 218.0 yaw 11 mode 2 st 25 gl 1 hp 48 frg 2
ARGEVT Joe Rogan route 24 start '113.0 -383.0 352.0' goal '817.0 -607.0 216.0'
ARGLOG Joe Rogan t 147.0 pos '255.2 -323.6 320.0' spd 322.7 yaw 101.5 mode 2 st 8 gl 1 hp 69 frg 1
ARGEVT Romero swim
ARGLOG Carmack t 147.2 pos '119.3 123.4 320.0' spd 324.4 yaw 302.6 mode 2 st 2 gl 1 hp 30 frg 2
ARGEVT Romero swim
ARGLOG Romero t 147.3 pos '1520.0 -602.5 171.1' spd  78.3 yaw 6 mode 2 st 25 gl 1 hp 48 frg 2
ARGLOG Joe Rogan t 147.5 pos '410.0 -266.3 324.0' spd 347.3 yaw 130.5 mode 2 st 8 gl 1 hp 69 frg 1
ARGEVT Romero swim
ARGEVT Carmack pursue
ARGEVT Joe Rogan pursue
ARGEVT Romero swim
ARGLOG Carmack t 147.7 pos ' 44.5 152.1 320.0' spd 324.0 yaw 302 mode 2 st 2 gl 1 hp 30 frg 2
ARGUS routecache adopt
ARGEVT Joe Rogan route 22 start '433.0 -159.0 279.0' goal '817.0 -607.0 216.0'
ARGUS Joe Rogan hunch item_health
ARGLOG Romero t 147.8 pos '1520.0 -567.7 171.5' spd  48.4 yaw 359 mode 2 st 25 gl 1 hp 48 frg 2
ARGEVT Joe Rogan pursue
ARGEVT Joe Rogan goal item_health
ARGLOG Joe Rogan t 148.0 pos '432.6 -175.1 289.2' spd 320.2 yaw 358.7 mode 0 st 8 gl 1 hp 69 frg 1
ARGEVT Romero swim
ARGEVT Joe Rogan route 8 start '433.0 -159.0 279.0' goal '-111.0   1.0 488.0'
ARGEVT Joe Rogan hazard
ARGEVT Romero swim
ARGLOG Carmack t 148.2 pos '131.2  15.4 320.0' spd 331.3 yaw 301 mode 2 st 2 gl 1 hp 30 frg 2
ARGLOG Romero t 148.4 pos '1520.0 -559.9 171.8' spd   8.7 yaw 357 mode 2 st 25 gl 1 hp 48 frg 2
ARGEVT Romero stall
ARGEVT Romero stallnode '1617.0 -575.0 225.0'
ARGEVT Romero swim
ARGLOG Joe Rogan t 148.5 pos '484.8 -46.5 208.1' spd 347.7 yaw 132.6 mode 2 st 8 gl 1 hp 69 frg 1
ARGEVT Romero swim
ARGLOG Carmack t 148.8 pos '243.1 -110.5 320.0' spd 321.8 yaw 292 mode 2 st 2 gl 1 hp 30 frg 2
ARGEVT Romero route 17 start '1489.0 -447.0 168.0' goal '1937.0 -159.0 312.0'
ARGEVT Joe Rogan swim
ARGLOG Romero t 148.9 pos '1520.0 -549.4 172.1' spd  89.1 yaw 346 mode 2 st 26 gl 1 hp 48 frg 2
ARGEVT Joe Rogan route 10 start '433.0  97.0 118.0' goal '-111.0   1.0 488.0'
ARGEVT Romero swim
ARGLOG Joe Rogan t 149.0 pos '384.0  74.1 152.8' spd 147.2 yaw 198.0 mode 2 st 8 gl 1 hp 69 frg 1
ARGEVT Romero swim
ARGUS routecache adopt
ARGEVT Carmack route 5 start '241.0 -223.0 328.0' goal '-111.0   1.0 488.0'
ARGLOG Carmack t 149.3 pos '288.0 -208.0 320.0' spd 0 yaw 288 mode 2 st 2 gl 1 hp 30 frg 2
ARGLOG Romero t 149.4 pos '1490.4 -490.6 170.4' spd 142.3 yaw 327 mode 2 st 26 gl 1 hp 48 frg 2
ARGEVT Romero swim
ARGLOG Joe Rogan t 149.5 pos '390.7  68.0 157.4' spd 129.6 yaw 294 mode 2 st 8 gl 1 hp 69 frg 1
ARGEVT Joe Rogan stall
ARGEVT Joe Rogan stallnode '433.0 -31.0 198.0'
ARGEVT Romero swim
ARGUS Carmack hunch item_health
ARGEVT Carmack goal item_health
ARGLOG Carmack t 149.8 pos '288.0 -208.0 320.0' spd 0 yaw 269.0 mode 0 st 2 gl 1 hp 30 frg 2
ARGEVT Carmack route 6 start '241.0 -223.0 328.0' goal '-47.0   1.0 488.0'
ARGLOG Romero t 149.9 pos '1414.4 -510.9 170.5' spd 184.2 yaw 343 mode 2 st 26 gl 1 hp 48 frg 2
ARGEVT Romero swim
ARGEVT Joe Rogan route 10 start '433.0  97.0 118.0' goal '-111.0   1.0 488.0'
ARGLOG Joe Rogan t 150.1 pos '473.3 -26.1 195.3' spd 363.0 yaw 260.4 mode 2 st 9 gl 1 hp 69 frg 1
ARGEVT Romero swim
ARGEVT Joe Rogan jump
ARGLOG Carmack t 150.3 pos '164.4 -295.5 320.0' spd 419.1 yaw 84 mode 2 st 2 gl 1 hp 30 frg 2
ARGEVT Carmack hazard
ARGLOG Romero t 150.4 pos '1379.2 -593.0 170.8' spd 151.5 yaw 2 mode 2 st 26 gl 1 hp 48 frg 2
ARGEVT Romero swim
ARGLOG Joe Rogan t 150.6 pos '429.5 -195.0 301.8' spd 322.8 yaw 239 mode 2 st 9 gl 1 hp 69 frg 1
ARGEVT Romero swim
ARGLOG Carmack t 150.8 pos '199.5 -263.6 328.0' spd 282.1 yaw 88 mode 2 st 2 gl 1 hp 30 frg 2
ARGEVT Romero swim
ARGLOG Romero t 150.9 pos '1447.4 -631.9 171.1' spd 187.2 yaw 9 mode 2 st 26 gl 1 hp 48 frg 2
ARGLOG Joe Rogan t 151.1 pos '384.0 -224.0 341.0' spd 0 yaw 179 mode 2 st 9 gl 1 hp 69 frg 1
ARGEVT Romero swim
ARGEVT Joe Rogan hazard
ARGEVT Romero swim
ARGLOG Carmack t 151.3 pos '235.1 -98.7 320.0' spd 320.6 yaw 187 mode 2 st 2 gl 1 hp 30 frg 2
ARGLOG Romero t 151.4 pos '1520.0 -619.7 171.5' spd  63.1 yaw 9 mode 2 st 26 gl 1 hp 48 frg 2
ARGLOG Joe Rogan t 151.6 pos '409.7 -240.0 324.0' spd 217.7 yaw 174 mode 2 st 9 gl 1 hp 69 frg 1
ARGEVT Romero swim
ARGEVT Romero swim
ARGLOG Carmack t 151.9 pos '223.6  65.4 320.0' spd 320.1 yaw 202 mode 2 st 2 gl 1 hp 30 frg 2
ARGLOG Romero t 152.0 pos '1520.0 -581.2 171.7' spd  68.2 yaw 1 mode 2 st 26 gl 1 hp 48 frg 2
ARGEVT Romero swim
ARGLOG Joe Rogan t 152.1 pos '340.4 -392.3 320.0' spd 324.6 yaw 120 mode 2 st 9 gl 1 hp 69 frg 1
ARGEVT Carmack engage Joe Rogan
ARGEVT Joe Rogan engage Carmack
ARGEVT Carmack route 4 start '209.0 161.0 320.0' goal '-47.0   1.0 488.0'
ARGEVT Romero swim
ARGEVT Carmack hazard
ARGLOG Carmack t 152.4 pos '216.5 224.5 320.0' spd 210.5 yaw 273.5 mode 2 st 2 gl 1 hp 30 frg 2
ARGLOG Romero t 152.5 pos '1520.0 -560.1 172.0' spd  14.3 yaw 357 mode 2 st 26 gl 1 hp 48 frg 2
ARGEVT Romero swim
ARGLOG Joe Rogan t 152.6 pos '262.2 -297.3 320.0' spd 263.9 yaw 103.2 mode 2 st 9 gl 1 hp 53 frg 1
ARGEVT Romero swim
ARGLOG Carmack t 152.9 pos '208.5 214.9 320.0' spd 147.0 yaw 267.8 mode 2 st 2 gl 1 hp 26 frg 2
ARGLOG Romero t 153.0 pos '1520.0 -564.9 172.4' spd  21.5 yaw 358 mode 2 st 26 gl 1 hp 48 frg 2
ARGEVT Romero swim
ARGLOG Joe Rogan t 153.1 pos '160.4 -272.0 320.0' spd 234.2 yaw  82.0 mode 2 st 9 gl 1 hp 53 frg 1
ARGEVT Romero swim
ARGLOG Carmack t 153.4 pos '238.8 206.5 320.0' spd  51.4 yaw 275.3 mode 2 st 2 gl 1 hp 26 frg 2
ARGLOG Romero t 153.5 pos '1520.0 -576.1 170.6' spd  17.6 yaw 0 mode 2 st 26 gl 1 hp 48 frg 2
ARGEVT Romero swim
ARGEVT Romero abandon
ARGEVT Romero goal item_health
ARGLOG Joe Rogan t 153.6 pos '314.8 -272.5 320.0' spd  95.5 yaw 102.6 mode 2 st 9 gl 1 hp 45 frg 1
ARGEVT Romero swim
ARGLOG Carmack t 153.9 pos ' 97.2 271.2 320.0' spd 322.2 yaw 285.0 mode 2 st 2 gl 1 hp 26 frg 2
ARGEVT Romero swim
ARGLOG Romero t 154.0 pos '1520.0 -575.8 170.9' spd  14.8 yaw 6 mode 1 st 26 gl 1 hp 48 frg 2
ARGLOG Joe Rogan t 154.2 pos '231.7 -208.3 328.0' spd 291.1 yaw 105.2 mode 2 st 9 gl 1 hp 29 frg 1
ARGEVT Romero stall
ARGEVT Romero swim
ARGLOG Carmack t 154.4 pos '152.2 332.7 320.0' spd 125.4 yaw 283.8 mode 2 st 2 gl 1 hp 14 frg 2
ARGEVT Romero route 3 start '1489.0 -447.0 168.0' goal '1777.0 -575.0 280.0'
ARGEVT Romero swim
ARGLOG Romero t 154.5 pos '1520.0 -564.3 171.2' spd  32.5 yaw 185 mode 2 st 27 gl 1 hp 48 frg 2
ARGLOG Joe Rogan t 154.7 pos '221.3 -147.5 320.0' spd 154.5 yaw 109.3 mode 2 st 9 gl 1 hp 29 frg 1
ARGEVT Romero swim
ARGEVT Romero swim
ARGLOG Carmack t 154.9 pos ' 20.8 256.7 320.0' spd 325.0 yaw 303.3 mode 2 st 2 gl 1 hp 10 frg 2
ARGEVT Joe Rogan route 4 start '209.0 -31.0 320.0' goal '-111.0   1.0 488.0'
ARGEVT Carmack death Joe Rogan pos ' -5.7 236.0 320.0'
ARGUS Joe Rogan watch spawn
ARGLOG Romero t 155.0 pos '1505.7 -511.4 171.4' spd 144.3 yaw 331 mode 2 st 27 gl 1 hp 48 frg 2
ARGEVT Joe Rogan goal item_health
ARGUS routecache adopt
ARGEVT Joe Rogan route 4 start '209.0 -31.0 320.0' goal '-111.0   1.0 488.0'
ARGLOG Joe Rogan t 155.2 pos '209.4 -123.4 320.0' spd 337.2 yaw 157.7 mode 0 st 9 gl 1 hp 29 frg 2
ARGEVT Joe Rogan hazard
ARGEVT Romero swim
ARGEVT Romero swim
ARGLOG Romero t 155.6 pos '1432.4 -507.8 171.8' spd 176.4 yaw 340 mode 2 st 27 gl 1 hp 48 frg 2
ARGEVT Romero swim
ARGLOG Joe Rogan t 155.7 pos '190.0 -79.2 320.0' spd 324.0 yaw 104 mode 2 st 9 gl 1 hp 29 frg 2
ARGEVT Romero swim
ARGLOG Romero t 156.1 pos '1377.0 -579.3 172.1' spd 148.9 yaw 0 mode 2 st 27 gl 1 hp 48 frg 2
ARGEVT Romero swim
ARGLOG Joe Rogan t 156.2 pos '158.5  82.8 320.0' spd 320.1 yaw 106 mode 2 st 9 gl 1 hp 29 frg 2
ARGEVT Romero swim
ARGLOG Romero t 156.6 pos '1438.6 -624.7 172.4' spd 188.1 yaw 8 mode 2 st 27 gl 1 hp 48 frg 2
ARGEVT Carmack respawn
ARGEVT Romero swim
ARGEVT Carmack goal weapon_rocketlauncher
ARGLOG Carmack t 156.6 pos '784.0 808.0 200.0' spd 0 yaw 218 mode 1 st 2 gl 1 hp 100 frg 2
ARGLOG Joe Rogan t 156.7 pos '115.0 241.8 320.0' spd 326.7 yaw 222 mode 2 st 9 gl 1 hp 29 frg 2
ARGEVT Romero swim
ARGEVT Joe Rogan hazard
ARGEVT Carmack goal backpack
ARGLOG Romero t 157.1 pos '1520.0 -619.6 170.8' spd  49.3 yaw 9 mode 2 st 27 gl 1 hp 48 frg 2
ARGEVT Romero swim
ARGEVT Carmack route 15 start '689.0 737.0 200.0' goal ' 49.0 289.0 320.0'
ARGLOG Carmack t 157.1 pos '671.2 699.7 200.0' spd 325.3 yaw 5 mode 2 st 2 gl 2 hp 100 frg 2
ARGLOG Joe Rogan t 157.3 pos '176.0 247.1 320.0' spd 324.9 yaw 272.2 mode 2 st 9 gl 1 hp 29 frg 2
ARGEVT Romero swim
ARGEVT Romero swim
ARGLOG Romero t 157.6 pos '1520.0 -584.2 171.2' spd  69.7 yaw 2 mode 2 st 27 gl 1 hp 48 frg 2
ARGEVT Carmack hazard
ARGLOG Carmack t 157.7 pos '698.1 563.0 248.0' spd 424.5 yaw 26 mode 2 st 2 gl 2 hp 100 frg 2
ARGEVT Joe Rogan route 4 start ' 17.0  97.0 320.0' goal '-111.0   1.0 488.0'
ARGLOG Joe Rogan t 157.8 pos ' 62.0 137.8 320.0' spd 422.2 yaw 217 mode 2 st 9 gl 1 hp 29 frg 2
ARGEVT Romero swim
ARGEVT Romero swim
ARGEVT Carmack goal item_armor2
ARGLOG Romero t 158.1 pos '1520.0 -561.5 171.6' spd  19.5 yaw 357 mode 2 st 27 gl 1 hp 48 frg 2
ARGLOG Carmack t 158.2 pos '839.3 657.2 200.0' spd 357.2 yaw 334.4 mode 0 st 2 gl 2 hp 100 frg 2
ARGEVT Carmack route 27 start '785.0 609.0 216.0' goal '1329.0 -543.0 400.0'
ARGEVT Romero swim
ARGLOG Joe Rogan t 158.3 pos '102.5 288.8 320.0' spd 438.5 yaw 226 mode 2 st 9 gl 1 hp 29 frg 2
ARGEVT Romero swim
ARGEVT Romero stall
ARGEVT Romero stallnode '1617.0 -575.0 225.0'
ARGLOG Romero t 158.6 pos '1520.0 -563.9 171.8' spd  14.0 yaw 3 mode 0 st 28 gl 1 hp 48 frg 2
ARGLOG Carmack t 158.7 pos '840.7 567.0 200.0' spd 390.1 yaw 87 mode 2 st 2 gl 2 hp 100 frg 2
ARGEVT Romero swim
ARGEVT Romero route 3 start '1489.0 -447.0 168.0' goal '1777.0 -575.0 280.0'
ARGLOG Joe Rogan t 158.8 pos '192.7 159.7 320.0' spd 327.9 yaw 251.4 mode 0 st 9 gl 1 hp 29 frg 2
ARGEVT Joe Rogan route 3 start '209.0 161.0 320.0' goal '-111.0   1.0 488.0'
ARGEVT Romero swim
ARGLOG Romero t 159.2 pos '1518.6 -545.2 172.1' spd 112.9 yaw 344 mode 2 st 28 gl 1 hp 48 frg 2
ARGEVT Romero swim
ARGLOG Carmack t 159.2 pos '685.3 627.5 216.0' spd 328.5 yaw 17 mode 2 st 2 gl 2 hp 100 frg 2
ARGLOG Joe Rogan t 159.3 pos ' 60.3  79.8 320.0' spd 430.2 yaw 212 mode 2 st 9 gl 1 hp 29 frg 2
ARGEVT Romero swim
ARGLOG Romero t 159.7 pos '1466.3 -510.1 170.5' spd 150.6 yaw 337 mode 2 st 28 gl 1 hp 48 frg 2
ARGEVT Romero swim
ARGLOG Carmack t 159.7 pos '738.1 778.4 200.0' spd 384.3 yaw 353 mode 2 st 2 gl 2 hp 100 frg 2
ARGLOG Joe Rogan t 159.8 pos '143.0 221.7 320.0' spd 394.6 yaw 219 mode 2 st 9 gl 1 hp 29 frg 2
ARGEVT Romero swim
ARGUS routecache adopt
ARGEVT Joe Rogan route 3 start '209.0 161.0 320.0' goal '-111.0   1.0 488.0'
ARGEVT Romero swim
ARGLOG Romero t 160.2 pos '1385.2 -553.4 170.8' spd 188.1 yaw 357 mode 2 st 28 gl 1 hp 48 frg 2
ARGLOG Carmack t 160.2 pos '880.0 747.2 200.0' spd  74.7 yaw 314 mode 2 st 2 gl 2 hp 100 frg 2
ARGUS routecache adopt
ARGEVT Joe Rogan route 3 start '209.0 161.0 320.0' goal '-111.0   1.0 488.0'
ARGLOG Joe Rogan t 160.3 pos '206.0  74.1 320.0' spd 403.8 yaw 193.0 mode 0 st 9 gl 1 hp 29 frg 2
ARGEVT Romero swim
ARGEVT Carmack swim
ARGEVT Romero swim
ARGLOG Romero t 160.7 pos '1411.7 -614.4 170.9' spd 160.5 yaw 6 mode 2 st 28 gl 1 hp 48 frg 2
ARGEVT Carmack swim
ARGLOG Carmack t 160.7 pos '920.7 725.5 139.7' spd 283.5 yaw 311 mode 2 st 2 gl 2 hp 100 frg 2
ARGLOG Joe Rogan t 160.9 pos ' 65.0 137.4 320.0' spd 434.1 yaw 217 mode 2 st 9 gl 1 hp 29 frg 2
ARGEVT Romero swim
ARGEVT Romero swim
ARGLOG Romero t 161.2 pos '1513.9 -623.2 171.2' spd 227.2 yaw 10 mode 2 st 28 gl 1 hp 48 frg 2
ARGLOG Carmack t 161.3 pos '1055.2 684.7 120.2' spd 260.3 yaw 278 mode 2 st 2 gl 2 hp 100 frg 2
ARGUS routecache adopt
ARGEVT Joe Rogan route 3 start '209.0 161.0 320.0' goal '-111.0   1.0 488.0'
ARGLOG Joe Rogan t 161.4 pos '234.7 164.7 320.0' spd 422.0 yaw 249.7 mode 0 st 9 gl 1 hp 29 frg 2
ARGEVT Romero swim
ARGUS routecache adopt
ARGEVT Joe Rogan route 3 start '209.0 161.0 320.0' goal '-111.0   1.0 488.0'
ARGEVT Romero swim
ARGLOG Romero t 161.7 pos '1520.0 -593.5 171.6' spd  69.9 yaw 4 mode 2 st 28 gl 1 hp 48 frg 2
ARGLOG Carmack t 161.8 pos '1126.6 574.2 123.5' spd 262.9 yaw 299 mode 2 st 2 gl 2 hp 100 frg 2
ARGEVT Romero swim
ARGLOG Joe Rogan t 161.9 pos '116.6  54.5 320.0' spd 433.1 yaw 206 mode 2 st 9 gl 1 hp 29 frg 2
ARGEVT Romero swim
ARGLOG Romero t 162.2 pos '1520.0 -565.6 172.0' spd  32.8 yaw 358 mode 2 st 28 gl 1 hp 48 frg 2
ARGLOG Carmack t 162.3 pos '1131.0 436.3 120.4' spd 288.9 yaw 320 mode 2 st 2 gl 2 hp 100 frg 2
ARGEVT Romero swim
ARGLOG Joe Rogan t 162.4 pos '185.1 201.3 320.0' spd 418.2 yaw 207 mode 2 st 9 gl 1 hp 29 frg 2
ARGEVT Romero swim
ARGUS routecache adopt
ARGEVT Joe Rogan route 3 start '209.0 161.0 320.0' goal '-111.0   1.0 488.0'
ARGLOG Romero t 162.8 pos '1520.0 -562.6 172.2' spd  12.3 yaw 358 mode 2 st 28 gl 1 hp 48 frg 2
ARGEVT Romero swim
ARGLOG Carmack t 162.8 pos '1143.0 309.8 123.9' spd 212.9 yaw 1 mode 2 st 2 gl 2 hp 100 frg 2
ARGEVT Romero stall
ARGEVT Romero stallnode '1617.0 -575.0 225.0'
ARGLOG Joe Rogan t 162.9 pos '185.9  45.1 320.0' spd 438.1 yaw 202 mode 2 st 9 gl 1 hp 29 frg 2
ARGEVT Romero swim
ARGEVT Romero route 3 start '1489.0 -447.0 168.0' goal '1777.0 -575.0 280.0'
ARGLOG Romero t 163.3 pos '1520.0 -563.9 172.4' spd  44.5 yaw 185 mode 2 st 29 gl 1 hp 48 frg 2
ARGEVT Romero swim
ARGLOG Carmack t 163.3 pos '1246.4 266.9 127.4' spd 242.1 yaw 3 mode 2 st 2 gl 2 hp 100 frg 2
ARGLOG Joe Rogan t 163.4 pos '144.2 196.5 320.0' spd 440.3 yaw 217 mode 2 st 9 gl 1 hp 29 frg 2
ARGEVT Romero swim
ARGEVT Joe Rogan route 3 start '209.0 161.0 320.0' goal '-111.0   1.0 488.0'
ARGLOG Romero t 163.8 pos '1494.7 -517.9 170.5' spd 135.6 yaw 335 mode 2 st 29 gl 1 hp 48 frg 2
ARGEVT Romero swim
ARGUS routecache adopt
ARGEVT Joe Rogan route 3 start '209.0 161.0 320.0' goal '-111.0   1.0 488.0'
ARGLOG Carmack t 163.8 pos '1380.8 275.4 131.0' spd 275.0 yaw 2 mode 2 st 2 gl 2 hp 100 frg 2
ARGLOG Joe Rogan t 163.9 pos '227.7  63.3 320.0' spd 439.7 yaw 202 mode 2 st 9 gl 1 hp 29 frg 2
ARGEVT Romero swim
ARGLOG Romero t 164.3 pos '1411.8 -532.2 170.7' spd 194.1 yaw 354 mode 2 st 29 gl 1 hp 48 frg 2
ARGEVT Romero swim
ARGLOG Carmack t 164.4 pos '1457.0 298.8 129.4' spd 107.9 yaw 314 mode 2 st 2 gl 2 hp 100 frg 2
ARGLOG Joe Rogan t 164.5 pos '116.1 172.7 320.0' spd 439.6 yaw 217 mode 2 st 9 gl 1 hp 29 frg 2
ARGEVT Romero swim
ARGEVT Romero swim
ARGLOG Romero t 164.8 pos '1384.3 -601.6 171.1' spd 126.0 yaw 3 mode 2 st 29 gl 1 hp 48 frg 2
ARGUS routecache adopt
ARGEVT Joe Rogan route 3 start '209.0 161.0 320.0' goal '-111.0   1.0 488.0'
ARGLOG Carmack t 164.9 pos '1546.6 312.8 120.9' spd 225.0 yaw 296 mode 2 st 2 gl 2 hp 100 frg 2
ARGLOG Joe Rogan t 165.0 pos '254.6  97.6 320.0' spd 440.5 yaw 204 mode 2 st 9 gl 1 hp 29 frg 2
ARGEVT Romero swim
ARGEVT Romero swim
ARGLOG Romero t 165.3 pos '1460.7 -627.4 171.4' spd 196.2 yaw 9 mode 2 st 29 gl 1 hp 48 frg 2
ARGLOG Carmack t 165.4 pos '1657.1 274.9 149.0' spd 219.9 yaw 304 mode 2 st 2 gl 2 hp 100 frg 2
ARGLOG Joe Rogan t 165.5 pos '102.9 133.1 320.0' spd 439.6 yaw 214 mode 2 st 9 gl 1 hp 29 frg 2
ARGEVT Romero swim
ARGEVT Romero swim
ARGLOG Romero t 165.9 pos '1520.0 -609.1 171.6' spd  65.6 yaw 7 mode 2 st 29 gl 1 hp 48 frg 2
ARGUS routecache adopt
ARGEVT Joe Rogan route 3 start '209.0 161.0 320.0' goal '-111.0   1.0 488.0'
ARGLOG Carmack t 165.9 pos '1696.1 163.9 157.1' spd 249.3 yaw 323 mode 2 st 2 gl 2 hp 100 frg 2
ARGEVT Romero swim
ARGLOG Joe Rogan t 166.0 pos '260.6 137.5 320.0' spd 439.9 yaw 227.7 mode 0 st 9 gl 1 hp 29 frg 2
ARGUS routecache adopt
ARGEVT Joe Rogan route 3 start '209.0 161.0 320.0' goal '-111.0   1.0 488.0'
ARGEVT Romero swim
ARGLOG Romero t 166.4 pos '1520.0 -574.4 171.9' spd  55.2 yaw 0 mode 2 st 29 gl 1 hp 48 frg 2
ARGLOG Carmack t 166.4 pos '1774.5  45.0 168.0' spd 323.1 yaw 332 mode 2 st 2 gl 2 hp 100 frg 2
ARGEVT Romero swim
ARGLOG Joe Rogan t 166.5 pos '112.3  91.5 320.0' spd 440.6 yaw 210 mode 2 st 9 gl 1 hp 29 frg 2
ARGEVT Romero swim
ARGEVT Carmack swim
ARGLOG Romero t 166.9 pos '1520.0 -560.2 172.4' spd   3.0 yaw 357 mode 2 st 29 gl 1 hp 48 frg 2
ARGEVT Romero swim
ARGLOG Carmack t 166.9 pos '1872.0 -42.2 170.9' spd 144.0 yaw 294 mode 2 st 2 gl 2 hp 100 frg 2
ARGLOG Joe Rogan t 167.0 pos '245.4 176.6 320.0' spd 440.5 yaw 259.4 mode 0 st 9 gl 1 hp 29 frg 2
ARGUS routecache adopt
ARGEVT Joe Rogan route 3 start '209.0 161.0 320.0' goal '-111.0   1.0 488.0'
ARGEVT Romero swim
ARGEVT Carmack swim
ARGEVT Romero stall
ARGEVT Romero stallnode '1617.0 -575.0 225.0'
ARGEVT Carmack swim
ARGLOG Romero t 167.4 pos '1520.0 -566.4 170.6' spd  10.9 yaw 3 mode 0 st 30 gl 1 hp 48 frg 2
ARGEVT Romero swim
ARGEVT Romero route 3 start '1489.0 -447.0 168.0' goal '1777.0 -575.0 280.0'
ARGLOG Carmack t 167.4 pos '1927.2 -99.9 171.3' spd 190.1 yaw 289 mode 2 st 2 gl 2 hp 100 frg 2
ARGLOG Joe Rogan t 167.5 pos '143.8  58.2 320.0' spd 440.5 yaw 205 mode 2 st 9 gl 1 hp 29 frg 2
ARGEVT Romero swim
ARGEVT Carmack swim
ARGEVT Carmack swim
ARGEVT Romero swim
ARGLOG Romero t 167.9 pos '1515.2 -532.6 170.9' spd 130.7 yaw 338 mode 2 st 30 gl 1 hp 48 frg 2
ARGLOG Carmack t 168.0 pos '2017.9 -158.8 171.7' spd 221.2 yaw 232 mode 2 st 2 gl 2 hp 100 frg 2
ARGLOG Joe Rogan t 168.1 pos '213.8 198.9 320.0' spd 439.6 yaw 289.8 mode 0 st 9 gl 1 hp 29 frg 2
ARGEVT Carmack swim
ARGEVT Romero swim
ARGEVT Joe Rogan route 3 start '209.0 161.0 320.0' goal '-111.0   1.0 488.0'
ARGEVT Carmack swim
ARGEVT Romero swim
ARGEVT Romero engage Carmack
ARGLOG Romero t 168.4 pos '1448.4 -510.9 171.1' spd 167.0 yaw  15.3 mode 2 st 30 gl 1 hp 48 frg 2
ARGEVT Carmack engage Romero
ARGLOG Carmack t 168.5 pos '2061.9 -270.5 171.8' spd 229.0 yaw 197.6 mode 2 st 2 gl 2 hp 100 frg 2
ARGLOG Joe Rogan t 168.6 pos '185.1  45.2 320.0' spd 440.2 yaw 202 mode 2 st 9 gl 1 hp 29 frg 2
ARGEVT Carmack swim
ARGEVT Romero swim
ARGEVT Carmack swim
ARGEVT Romero swim
ARGLOG Romero t 168.9 pos '1466.2 -496.9 171.4' spd 142.5 yaw  15.9 mode 2 st 30 gl 1 hp 48 frg 2
ARGLOG Carmack t 169.0 pos '2019.6 -364.8 172.2' spd 215.2 yaw 195.1 mode 2 st 2 gl 2 hp 100 frg 2
ARGEVT Carmack swim
ARGLOG Joe Rogan t 169.1 pos '175.6 201.4 320.0' spd 440.0 yaw 216 mode 2 st 9 gl 1 hp 29 frg 2
ARGEVT Romero swim
ARGEVT Carmack swim
ARGEVT Romero swim
ARGUS routecache adopt
ARGEVT Joe Rogan route 3 start '209.0 161.0 320.0' goal '-111.0   1.0 488.0'
ARGLOG Romero t 169.5 pos '1520.0 -520.0 171.7' spd 128.7 yaw 280.7 mode 2 st 30 gl 1 hp 48 frg 2
ARGEVT Carmack pursue
ARGEVT Romero pursue
ARGLOG Carmack t 169.5 pos '1944.6 -369.8 170.5' spd 160.4 yaw 195 mode 2 st 2 gl 2 hp 100 frg 2
ARGEVT Carmack swim
ARGEVT Romero swim
ARGLOG Joe Rogan t 169.6 pos '229.2  53.5 320.0' spd 440.6 yaw 201 mode 2 st 9 gl 1 hp 29 frg 2
ARGUS Carmack prefire
ARGEVT Carmack swim
ARGEVT Romero swim
ARGLOG Romero t 170.0 pos '1520.0 -584.9 172.0' spd  60.1 yaw 23 mode 2 st 30 gl 1 hp 48 frg 2
ARGEVT Carmack swim
ARGEVT Romero swim
ARGLOG Carmack t 170.0 pos '1843.2 -362.4 170.7' spd 225.6 yaw 200 mode 2 st 2 gl 2 hp 100 frg 2
ARGLOG Joe Rogan t 170.1 pos '140.9 181.8 320.0' spd 439.8 yaw 216 mode 2 st 9 gl 1 hp 29 frg 2
ARGEVT Carmack swim
ARGEVT Romero swim
ARGUS routecache adopt
ARGEVT Joe Rogan route 3 start '209.0 161.0 320.0' goal '-111.0   1.0 488.0'
ARGLOG Romero t 170.5 pos '1520.0 -576.6 172.4' spd  57.2 yaw 22 mode 2 st 30 gl 1 hp 48 frg 2
ARGEVT Carmack swim
ARGEVT Romero swim
ARGLOG Carmack t 170.5 pos '1717.2 -390.1 171.0' spd 266.2 yaw 204 mode 0 st 2 gl 2 hp 100 frg 2
ARGLOG Joe Rogan t 170.6 pos '262.5  81.0 320.0' spd 440.1 yaw 202 mode 2 st 9 gl 1 hp 29 frg 2
ARGEVT Carmack route 13 start '1649.0 -351.0 168.0' goal '1329.0 -543.0 400.0'
ARGEVT Romero swim
ARGEVT Carmack swim
ARGEVT Carmack swim
ARGLOG Romero t 171.0 pos '1520.0 -538.0 170.7' spd  84.7 yaw 18 mode 2 st 30 gl 1 hp 48 frg 2
ARGEVT Romero swim
ARGLOG Carmack t 171.0 pos '1583.2 -438.0 171.5' spd 284.7 yaw 208 mode 2 st 2 gl 2 hp 100 frg 2
ARGLOG Joe Rogan t 171.1 pos '120.6 144.7 320.0' spd 440.3 yaw 214 mode 2 st 9 gl 1 hp 29 frg 2
ARGEVT Romero grab item_health
ARGEVT Romero swim
ARGEVT Carmack weapon sg
ARGEVT Carmack swim
ARGEVT Romero retreat
ARGEVT Carmack swim
ARGEVT Joe Rogan route 3 start '209.0 161.0 320.0' goal '-111.0   1.0 488.0'
ARGLOG Romero t 171.5 pos '1520.0 -548.8 170.5' spd  84.8 yaw 104.0 mode 2 st 30 gl 1 hp 24 frg 2
ARGEVT Romero swim
ARGLOG Carmack t 171.6 pos '1487.1 -411.4 171.8' spd 204.7 yaw 284.3 mode 2 st 2 gl 2 hp 76 frg 2
ARGUS routecache adopt
ARGEVT Joe Rogan route 3 start '209.0 161.0 320.0' goal '-111.0   1.0 488.0'
ARGLOG Joe Rogan t 171.7 pos '277.4 122.5 320.0' spd 440.4 yaw 218.1 mode 0 st 9 gl 1 hp 29 frg 2
ARGEVT Carmack swim
ARGEVT Romero death Carmack pos '1520.0 -564.0 172.3'
ARGUS Carmack watch spawn
ARGEVT Carmack weapon rl
ARGEVT Carmack goal backpack
ARGEVT Carmack swim
ARGLOG Carmack t 172.1 pos '1406.3 -395.3 172.1' spd 119.4 yaw 311 mode 1 st 2 gl 2 hp 76 frg 3
ARGEVT Carmack swim
ARGLOG Joe Rogan t 172.2 pos '123.2 103.1 320.0' spd 440.2 yaw 210 mode 2 st 9 gl 1 hp 29 frg 2
ARGEVT Carmack swim
ARGLOG Carmack t 172.6 pos '1418.8 -463.8 170.4' spd 174.2 yaw 329 mode 1 st 2 gl 2 hp 76 frg 3
ARGEVT Carmack swim
ARGUS routecache adopt
ARGEVT Joe Rogan route 3 start '209.0 161.0 320.0' goal '-111.0   1.0 488.0'
ARGLOG Joe Rogan t 172.7 pos '268.8 163.2 320.0' spd 440.2 yaw 248.8 mode 0 st 9 gl 1 hp 29 frg 2
ARGEVT Carmack swim
ARGEVT Carmack goal item_artifact_super_damage
ARGLOG Carmack t 173.1 pos '1498.0 -539.0 170.7' spd 227.0 yaw   3.2 mode 0 st 2 gl 3 hp 76 frg 3
ARGEVT Carmack swim
ARGLOG Joe Rogan t 173.2 pos '147.0  66.5 320.0' spd 440.5 yaw 206 mode 2 st 9 gl 1 hp 29 frg 2
ARGEVT Romero respawn
ARGEVT Carmack route 23 start '1489.0 -447.0 168.0' goal '369.0 -1247.0 432.0'
ARGEVT Romero goal item_armor2
ARGLOG Romero t 173.3 pos '1936.0 -136.0 312.0' spd 0 yaw 196.6 mode 0 st 30 gl 1 hp 100 frg 2
ARGEVT Carmack swim
ARGEVT Romero route 11 start '1937.0 -159.0 312.0' goal '1329.0 -543.0 400.0'
ARGEVT Carmack swim
ARGLOG Carmack t 173.6 pos '1520.0 -584.9 171.1' spd   3.2 yaw 61 mode 2 st 2 gl 3 hp 76 frg 3
ARGLOG Joe Rogan t 173.7 pos '240.6 193.1 320.0' spd 440.0 yaw 279.5 mode 0 st 9 gl 1 hp 29 frg 2
ARGEVT Joe Rogan route 3 start '209.0 161.0 320.0' goal '-111.0   1.0 488.0'
ARGEVT Romero hazard
ARGLOG Romero t 173.8 pos '1796.1 -191.8 312.0' spd 326.8 yaw 88 mode 2 st 30 gl 1 hp 100 frg 2
ARGEVT Carmack swim
ARGEVT Carmack swim
ARGLOG Carmack t 174.1 pos '1511.8 -530.4 171.4' spd 171.3 yaw 52 mode 2 st 2 gl 3 hp 76 frg 3
ARGLOG Joe Rogan t 174.2 pos '185.0  46.8 320.0' spd 440.1 yaw 202 mode 2 st 9 gl 1 hp 29 frg 2
ARGEVT Carmack swim
ARGLOG Romero t 174.3 pos '1712.0 -82.0 312.0' spd 348.3 yaw 72 mode 2 st 30 gl 1 hp 100 frg 2
ARGEVT Carmack swim
ARGLOG Carmack t 174.6 pos '1515.7 -428.3 171.6' spd 211.4 yaw 7 mode 2 st 2 gl 3 hp 76 frg 3
ARGLOG Joe Rogan t 174.7 pos '202.5 202.3 320.0' spd 440.3 yaw 309.9 mode 0 st 9 gl 1 hp 29 frg 2
ARGEVT Carmack swim
ARGLOG Romero t 174.9 pos '1735.0  84.0 312.0' spd 327.8 yaw 101 mode 2 st 30 gl 1 hp 100 frg 2
ARGUS routecache adopt
ARGEVT Joe Rogan route 3 start '209.0 161.0 320.0' goal '-111.0   1.0 488.0'
ARGEVT Carmack swim
ARGLOG Carmack t 175.2 pos '1593.0 -347.2 171.9' spd 226.8 yaw 352 mode 2 st 2 gl 3 hp 76 frg 3
ARGLOG Joe Rogan t 175.3 pos '227.5  47.5 320.0' spd 439.3 yaw 201 mode 2 st 9 gl 1 hp 29 frg 2
ARGEVT Carmack swim
ARGEVT Joe Rogan abandon
ARGEVT Joe Rogan goal item_health
ARGLOG Romero t 175.4 pos '1752.2 252.5 312.0' spd 333.4 yaw 144 mode 2 st 30 gl 1 hp 100 frg 2
ARGEVT Carmack swim
ARGLOG Carmack t 175.7 pos '1713.8 -324.5 171.9' spd 251.8 yaw 345 mode 2 st 2 gl 3 hp 76 frg 3
ARGLOG Joe Rogan t 175.8 pos '169.1 192.0 320.0' spd 439.3 yaw 338.1 mode 1 st 9 gl 1 hp 29 frg 2
ARGEVT Carmack swim
ARGLOG Romero t 175.9 pos '1636.3 376.0 312.0' spd 324.4 yaw 198 mode 2 st 30 gl 1 hp 100 frg 2
ARGEVT Carmack swim
ARGEVT Joe Rogan hazard
ARGLOG Carmack t 176.2 pos '1848.9 -345.9 172.0' spd 276.0 yaw 53 mode 2 st 2 gl 3 hp 76 frg 3
ARGEVT Carmack swim
ARGLOG Joe Rogan t 176.3 pos '288.0  88.7 320.0' spd 320.1 yaw 268 mode 1 st 9 gl 1 hp 29 frg 2
ARGLOG Romero t 176.4 pos '1471.2 387.6 320.0' spd 335.4 yaw 250 mode 2 st 30 gl 1 hp 100 frg 2
ARGEVT Carmack swim
ARGLOG Carmack t 176.7 pos '1988.8 -382.4 172.4' spd 280.8 yaw 111 mode 2 st 2 gl 3 hp 76 frg 3
ARGEVT Carmack swim
ARGLOG Joe Rogan t 176.8 pos '277.5 -76.9 320.0' spd 346.6 yaw 248.0 mode 1 st 9 gl 1 hp 79 frg 2
ARGLOG Romero t 176.9 pos '1367.5 256.7 320.0' spd 329.0 yaw 274 mode 2 st 30 gl 1 hp 100 frg 2
ARGEVT Carmack swim
ARGLOG Carmack t 177.2 pos '2092.8 -352.6 170.5' spd 187.5 yaw 125 mode 2 st 2 gl 3 hp 76 frg 3
ARGEVT Carmack swim
ARGEVT Romero route 4 start '1361.0  97.0 320.0' goal '1329.0 -543.0 400.0'
ARGLOG Joe Rogan t 177.3 pos '244.2 -245.3 328.0' spd 384.0 yaw 183.1 mode 1 st 9 gl 1 hp 79 frg 2
ARGLOG Romero t 177.4 pos '1355.0  92.0 320.0' spd 321.7 yaw 278 mode 2 st 30 gl 1 hp 100 frg 2
ARGEVT Joe Rogan hazard
ARGEVT Carmack swim
ARGEVT Carmack swim
ARGLOG Carmack t 177.7 pos '2117.6 -254.7 171.0' spd 218.8 yaw 137 mode 2 st 2 gl 3 hp 76 frg 3
ARGLOG Joe Rogan t 177.8 pos '161.7 -272.0 320.0' spd 164.2 yaw 58 mode 1 st 9 gl 1 hp 100 frg 2
ARGLOG Romero t 177.9 pos '1375.4 -71.6 320.0' spd 320.0 yaw 279 mode 2 st 30 gl 1 hp 100 frg 2
ARGEVT Carmack swim
ARGEVT Carmack swim
ARGLOG Carmack t 178.3 pos '2084.1 -136.5 171.2' spd 248.0 yaw 135 mode 2 st 2 gl 3 hp 76 frg 3
ARGLOG Joe Rogan t 178.4 pos '260.9 -157.5 320.0' spd 385.6 yaw 139.9 mode 1 st 9 gl 1 hp 100 frg 2
ARGEVT Romero jump
ARGEVT Carmack swim
ARGLOG Romero t 178.5 pos '1400.8 -216.0 341.5' spd  48.7 yaw 230 mode 2 st 30 gl 1 hp 100 frg 2
ARGEVT Carmack swim
ARGLOG Carmack t 178.8 pos '1996.9 -40.2 171.6' spd 262.0 yaw 137 mode 2 st 2 gl 3 hp 76 frg 3
ARGLOG Joe Rogan t 178.9 pos '174.9   3.2 320.0' spd 387.1 yaw  40.5 mode 1 st 9 gl 1 hp 100 frg 2
ARGEVT Carmack swim
ARGLOG Romero t 179.0 pos '1431.7 -216.0 321.7' spd  63.9 yaw 226 mode 2 st 30 gl 1 hp 100 frg 2
ARGEVT Romero hazard
ARGEVT Carmack swim
ARGEVT Joe Rogan hazard
ARGLOG Carmack t 179.3 pos '1877.3 -40.0 171.8' spd 236.8 yaw 107 mode 2 st 2 gl 3 hp 76 frg 3
ARGLOG Joe Rogan t 179.4 pos '288.0   4.0 320.0' spd 353.1 yaw 236.3 mode 1 st 9 gl 1 hp 100 frg 2
ARGEVT Carmack swim
ARGLOG Romero t 179.5 pos '1354.3 -214.6 320.0' spd 190.3 yaw 239 mode 2 st 30 gl 1 hp 100 frg 2
ARGEVT Carmack swim
ARGLOG Carmack t 179.8 pos '1781.6  -0.8 172.2' spd 206.1 yaw 95 mode 2 st 2 gl 3 hp 76 frg 3
ARGEVT Carmack swim
ARGLOG Joe Rogan t 179.9 pos '193.2 -147.9 320.0' spd 375.7 yaw 302.5 mode 1 st 9 gl 1 hp 100 frg 2
ARGLOG Romero t 180.0 pos '1275.8 -213.2 320.0' spd 133.1 yaw 259 mode 2 st 30 gl 1 hp 100 frg 2
ARGEVT Romero hazard
ARGEVT Carmack swim
ARGEVT Joe Rogan hazard
ARGLOG Carmack t 180.3 pos '1742.7 103.9 172.3' spd 232.9 yaw 89 mode 2 st 2 gl 3 hp 76 frg 3
ARGEVT Carmack swim
ARGLOG Joe Rogan t 180.4 pos '287.8 -258.5 328.0' spd 170.4 yaw 92 mode 1 st 9 gl 1 hp 100 frg 2
ARGLOG Romero t 180.5 pos '1212.2 -212.1 320.0' spd 114.0 yaw 276 mode 2 st 30 gl 1 hp 100 frg 2
ARGLOG Carmack t 180.8 pos '1748.7 232.8 129.5' spd 270.9 yaw 161 mode 2 st 2 gl 3 hp 76 frg 3
ARGLOG Joe Rogan t 180.9 pos '213.5 -111.3 320.0' spd 323.6 yaw 114 mode 1 st 9 gl 1 hp 100 frg 2
ARGLOG Romero t 181.0 pos '1274.7 -216.0 320.0' spd 374.3 yaw 259 mode 2 st 30 gl 1 hp 100 frg 2
ARGEVT Romero hazard
ARGLOG Carmack t 181.3 pos '1725.3 361.8 120.4' spd 220.8 yaw 186 mode 2 st 2 gl 3 hp 76 frg 3
ARGLOG Joe Rogan t 181.4 pos '224.3  51.6 320.0' spd 403.6 yaw 348 mode 1 st 9 gl 1 hp 100 frg 2
ARGEVT Joe Rogan hazard
ARGLOG Romero t 181.5 pos '1443.8 -202.0 320.0' spd 249.4 yaw 226 mode 2 st 30 gl 1 hp 100 frg 2
ARGLOG Carmack t 181.9 pos '1623.8 395.3 123.8' spd 229.5 yaw 192 mode 2 st 2 gl 3 hp 76 frg 3
ARGLOG Joe Rogan t 182.0 pos '269.1 -68.5 320.0' spd 373.3 yaw 191.8 mode 1 st 9 gl 1 hp 100 frg 2
ARGLOG Romero t 182.1 pos '1345.2 -216.0 320.0' spd 200.4 yaw 241 mode 2 st 30 gl 1 hp 100 frg 2
ARGEVT Romero hazard
ARGLOG Carmack t 182.4 pos '1608.0 360.7 127.6' spd  91.8 yaw 187 mode 2 st 2 gl 3 hp 76 frg 3
ARGLOG Joe Rogan t 182.5 pos '218.2 -228.3 328.0' spd 410.5 yaw 356.3 mode 1 st 9 gl 1 hp 100 frg 2
ARGLOG Romero t 182.6 pos '1269.5 -216.0 320.0' spd 129.2 yaw 260 mode 2 st 30 gl 1 hp 100 frg 2
ARGLOG Carmack t 182.9 pos '1563.8 314.8 129.2' spd 183.7 yaw 179 mode 2 st 2 gl 3 hp 76 frg 3
ARGLOG Joe Rogan t 183.0 pos '275.8 -166.4 320.0' spd 363.3 yaw 157.9 mode 1 st 9 gl 1 hp 100 frg 2
ARGLOG Romero t 183.1 pos '1208.1 -216.0 320.0' spd 113.1 yaw 278 mode 2 st 30 gl 1 hp 100 frg 2
ARGEVT Romero hazard
ARGLOG Carmack t 183.4 pos '1448.0 299.9 120.5' spd 256.0 yaw 176 mode 2 st 2 gl 3 hp 76 frg 3
ARGLOG Joe Rogan t 183.5 pos '185.9 -17.4 320.0' spd 363.6 yaw  48.7 mode 1 st 9 gl 1 hp 100 frg 2
ARGLOG Romero t 183.6 pos '1152.0 -216.0 320.0' spd 105.6 yaw 293 mode 2 st 30 gl 1 hp 100 frg 2
ARGEVT Joe Rogan hazard
ARGEVT Romero route 4 start '1137.0 -191.0 320.0' goal '1329.0 -543.0 400.0'
ARGLOG Carmack t 183.9 pos '1308.3 306.9 124.2' spd 284.3 yaw 168 mode 2 st 2 gl 3 hp 76 frg 3
ARGLOG Joe Rogan t 184.0 pos '288.0  -0.8 320.0' spd 312.1 yaw 257.8 mode 1 st 9 gl 1 hp 100 frg 2
ARGLOG Romero t 184.1 pos '1277.8 -211.6 320.0' spd 320.6 yaw 306 mode 2 st 30 gl 1 hp 100 frg 2
ARGLOG Carmack t 184.4 pos '1224.0 317.6 127.8' spd  19.9 yaw 167 mode 2 st 2 gl 3 hp 76 frg 3
ARGLOG Joe Rogan t 184.5 pos '204.0 -152.7 320.0' spd 362.3 yaw 291.4 mode 1 st 9 gl 1 hp 100 frg 2
ARGEVT Romero hazard
ARGLOG Romero t 184.6 pos '1438.3 -190.3 320.0' spd 387.9 yaw 228 mode 2 st 30 gl 1 hp 100 frg 2
ARGEVT Romero jump
ARGLOG Carmack t 184.9 pos '1224.0 323.9 131.2' spd   4.6 yaw 168 mode 2 st 2 gl 3 hp 76 frg 3
ARGLOG Joe Rogan t 185.0 pos '288.0 -233.2 328.0' spd 287.4 yaw 92 mode 1 st 9 gl 1 hp 100 frg 2
ARGLOG Romero t 185.1 pos '1437.4 -216.0 358.0' spd  29.4 yaw 225 mode 2 st 30 gl 1 hp 100 frg 2
ARGEVT Carmack stall
ARGEVT Carmack stallnode '1105.0 321.0  88.0'
ARGLOG Carmack t 185.4 pos '1224.0 318.9 147.1' spd  50.7 yaw 244 mode 0 st 3 gl 3 hp 76 frg 3
ARGEVT Carmack route 14 start '1265.0 321.0  88.0' goal '369.0 -1247.0 432.0'
ARGLOG Joe Rogan t 185.6 pos '197.4 -93.0 320.0' spd 323.6 yaw 118.0 mode 1 st 9 gl 1 hp 100 frg 2
ARGEVT Romero hazard
ARGLOG Romero t 185.7 pos '1440.4 -206.1 320.0' spd  91.1 yaw 226 mode 2 st 30 gl 1 hp 100 frg 2
ARGLOG Carmack t 186.0 pos '1197.0 278.1 122.2' spd 138.7 yaw 159 mode 2 st 3 gl 3 hp 76 frg 3
ARGLOG Joe Rogan t 186.1 pos '246.7  55.8 320.0' spd 389.4 yaw 339 mode 1 st 9 gl 1 hp 100 frg 2
ARGEVT Joe Rogan hazard
ARGLOG Romero t 186.2 pos '1341.9 -202.8 320.0' spd 146.4 yaw 243 mode 2 st 30 gl 1 hp 100 frg 2
