LOG started on: 09/13/2026 08:06:09 
Playing registered version.
UDP Initialized
WIPX_OpenSocket: Address family not supported by protocol family
WIPX_Init: Unable to open control socket, IPX disabled
Exe: 20:02:47 Jul 31 2024
256.0 megabyte heap

Language initialization
Couldn't load 'localization/loc_english.txt'
from 'C:/argus/engine'

========= Quake Initialized =========

execing autoexec.cfg
SpawnServer: e1m1
Clearing memory
Programs occupy 860K.
trying to open external vis file
maps/e1m1.vis not found, trying argus.vis
external vis not found
Loaded external entity file maps/e1m1@c49d.ent
ARGUS slots 8
ARGUS worldspawn reached
ARGNAV 223 nodes, 853 links
13 entities inhibited
ARGUS init on e1m1
ARGEVT Carmack spawned
ARGEVT Romero spawned
ARGEVT Joe Rogan spawned
Server spawned.
ARGLOG Joe Rogan t   1.2 pos '480.0  48.0  24.0' spd 0 yaw  87.6 mode 0 st 0 gl 0 hp 100 frg 0
ARGLOG Romero t   1.2 pos '-272.0 2928.0 -56.0' spd 0 yaw  47.5 mode 0 st 0 gl 0 hp 100 frg 0
ARGLOG Carmack t   1.2 pos '1312.0 880.0 -256.0' spd 0 yaw 119.6 mode 0 st 0 gl 0 hp 100 frg 0
ARGEVT Romero hazard
ARGLOG Joe Rogan t   1.7 pos '488.1 203.0  24.0' spd 320 yaw  87.6 mode 0 st 0 gl 0 hp 100 frg 0
ARGLOG Romero t   1.7 pos '-258.8 2973.8 -56.0' spd 250.1 yaw 308.5 mode 0 st 0 gl 0 hp 100 frg 0
ARGLOG Carmack t   1.7 pos '1236.7 1015.8 -256.0' spd 320 yaw 119.6 mode 0 st 0 gl 0 hp 100 frg 0
ARGLOG Joe Rogan t   2.2 pos '496.8 368.3  24.0' spd 320 yaw  87.6 mode 0 st 0 gl 0 hp 100 frg 0
ARGLOG Romero t   2.2 pos '-163.7 2837.9 -56.0' spd 320.1 yaw 308.5 mode 0 st 0 gl 0 hp 100 frg 0
ARGLOG Carmack t   2.2 pos '1284.9 1020.2 -256.0' spd 320.7 yaw 319.2 mode 0 st 0 gl 0 hp 100 frg 0
ARGLOG Joe Rogan t   2.7 pos '505.4 531.9  24.0' spd 320 yaw  87.6 mode 0 st 0 gl 0 hp 100 frg 0
ARGLOG Romero t   2.7 pos '-51.5 2715.3 -56.0' spd 349.3 yaw 352.0 mode 0 st 0 gl 0 hp 100 frg 0
ARGLOG Carmack t   2.7 pos '1412.2 917.1 -256.0' spd 320.0 yaw 319.2 mode 0 st 0 gl 0 hp 100 frg 0
ARGEVT Romero hazard
ARGLOG Joe Rogan t   3.3 pos '513.8 688.0  24.0' spd  13.5 yaw  87.6 mode 0 st 0 gl 0 hp 100 frg 0
ARGLOG Romero t   3.3 pos '-113.4 2673.1 -72.0' spd 325.0 yaw 196.0 mode 0 st 0 gl 0 hp 100 frg 0
ARGLOG Carmack t   3.3 pos '1426.5 992.0 -256.0' spd  92.7 yaw 111.1 mode 0 st 0 gl 0 hp 100 frg 0
ARGLOG Joe Rogan t   3.8 pos '560.0 688.0  24.0' spd 0 yaw  52.2 mode 0 st 0 gl 0 hp 100 frg 0
ARGLOG Romero t   3.8 pos '-276.1 2644.3 -104.0' spd 320.2 yaw 196.0 mode 0 st 0 gl 0 hp 100 frg 0
ARGLOG Carmack t   3.8 pos '1356.8 1134.2 -256.0' spd 320.1 yaw 111.1 mode 0 st 0 gl 0 hp 100 frg 0
ARGEVT Joe Rogan plan powerup via weapon
ARGEVT Joe Rogan goal weapon_rocketlauncher
ARGEVT Romero plan powerup via weapon
ARGEVT Romero goal weapon_supernailgun
ARGEVT Carmack goal item_armor2
ARGLOG Joe Rogan t   4.3 pos '555.8 688.0  24.0' spd  48.9 yaw 103 mode 0 st 0 gl 0 hp 100 frg 0
ARGLOG Romero t   4.3 pos '-429.5 2577.4 -104.0' spd 378.0 yaw 278.0 mode 0 st 0 gl 0 hp 100 frg 0
ARGLOG Carmack t   4.3 pos '1276.5 1281.3 -328.6' spd 377.1 yaw 193.0 mode 0 st 0 gl 0 hp 100 frg 0
ARGEVT Carmack hazard
ARGEVT Joe Rogan route 29 start '465.0 577.0  24.0' goal '145.0 2337.0  40.0'
ARGEVT Romero route 16 start '-463.0 2433.0 -136.0' goal '817.0 2433.0 -344.0'
ARGEVT Carmack route 5 start '1265.0 1313.0 -344.0' goal '1297.0 1057.0 -408.0'
ARGLOG Joe Rogan t   4.8 pos '417.9 659.8  24.0' spd 382.3 yaw 206 mode 2 st 0 gl 0 hp 100 frg 0
ARGLOG Romero t   4.8 pos '-331.7 2440.3 -136.0' spd 361.2 yaw 49 mode 2 st 0 gl 0 hp 100 frg 0
ARGLOG Carmack t   4.8 pos '1261.7 1296.0 -326.4' spd  67.0 yaw 283 mode 2 st 0 gl 0 hp 100 frg 0
ARGEVT Carmack jump
ARGLOG Joe Rogan t   5.3 pos '453.1 493.3  24.0' spd 361.7 yaw 235.8 mode 2 st 0 gl 0 hp 100 frg 0
ARGLOG Romero t   5.3 pos '-180.5 2516.5 -120.0' spd 350.6 yaw 56 mode 2 st 0 gl 0 hp 100 frg 0
ARGLOG Carmack t   5.3 pos '1277.7 1219.4 -292.8' spd 322.0 yaw 245 mode 2 st 0 gl 0 hp 100 frg 0
ARGEVT Romero jump
ARGLOG Joe Rogan t   5.8 pos '400.0 438.4  24.0' spd 285.3 yaw 138 mode 2 st 0 gl 0 hp 100 frg 0
ARGLOG Romero t   5.8 pos '-144.0 2680.5 -68.8' spd 322.1 yaw 45 mode 2 st 0 gl 0 hp 100 frg 0
ARGLOG Carmack t   5.8 pos '1293.1 1056.3 -256.0' spd 334.8 yaw 238 mode 2 st 0 gl 0 hp 100 frg 0
ARGEVT Carmack hazard
ARGLOG Joe Rogan t   6.3 pos '318.9 591.2  24.0' spd 361.4 yaw 157 mode 2 st 0 gl 0 hp 100 frg 0
ARGLOG Romero t   6.3 pos '-91.6 2837.6 -56.0' spd 321.7 yaw 27 mode 2 st 0 gl 0 hp 100 frg 0
ARGLOG Carmack t   6.3 pos '1175.9 946.2 -256.0' spd 320.3 yaw 42 mode 2 st 0 gl 0 hp 100 frg 0
ARGLOG Joe Rogan t   6.9 pos '150.8 629.1  24.0' spd 334.0 yaw 116 mode 2 st 0 gl 0 hp 100 frg 0
ARGLOG Romero t   6.9 pos ' 22.1 2960.5 -72.0' spd 358.8 yaw 357 mode 2 st 0 gl 0 hp 100 frg 0
ARGLOG Carmack t   6.9 pos '1193.6 928.0 -256.0' spd  63.8 yaw 51 mode 2 st 0 gl 0 hp 100 frg 0
ARGEVT Romero hazard
ARGEVT Joe Rogan hazard
ARGEVT Carmack hazard
ARGLOG Joe Rogan t   7.4 pos ' 49.2 615.0  24.0' spd 273.7 yaw 90 mode 2 st 0 gl 0 hp 100 frg 0
ARGLOG Romero t   7.4 pos ' 60.5 2972.8 -88.0' spd 320.6 yaw 354 mode 2 st 0 gl 0 hp 100 frg 0
ARGLOG Carmack t   7.4 pos '1199.5 928.0 -256.0' spd  85.2 yaw 52 mode 2 st 0 gl 0 hp 100 frg 0
ARGEVT Carmack stall
ARGEVT Carmack stallnode '1169.0 865.0 -408.0'
ARGEVT Carmack jump
ARGUS routecache adopt
ARGEVT Carmack route 2 start '1169.0 993.0 -256.0' goal '1297.0 1057.0 -408.0'
ARGLOG Joe Rogan t   7.9 pos ' 15.5 624.0  24.0' spd 103.9 yaw 80 mode 2 st 0 gl 0 hp 100 frg 0
ARGLOG Romero t   7.9 pos ' 48.2 2971.4 -88.0' spd 313.1 yaw 355 mode 2 st 0 gl 0 hp 100 frg 0
ARGLOG Carmack t   7.9 pos '1206.8 927.0 -226.1' spd  33.0 yaw 239 mode 2 st 1 gl 0 hp 100 frg 0
ARGEVT Romero hazard
ARGEVT Joe Rogan hazard
ARGEVT Carmack hazard
ARGLOG Joe Rogan t   8.4 pos '  6.2 624.0  24.0' spd  10.5 yaw 78 mode 2 st 0 gl 0 hp 100 frg 0
ARGLOG Romero t   8.4 pos ' 57.3 2986.7 -88.0' spd 288.7 yaw 351 mode 2 st 0 gl 0 hp 100 frg 0
ARGLOG Carmack t   8.4 pos '1181.3 1018.9 -256.0' spd 387.6 yaw 18 mode 2 st 1 gl 0 hp 100 frg 0
ARGEVT Joe Rogan stall
ARGEVT Joe Rogan stallnode ' 49.0 705.0 -120.0'
ARGEVT Joe Rogan jump
ARGLOG Joe Rogan t   8.9 pos ' 16.6 624.0  35.7' spd  65.5 yaw  82.3 mode 0 st 1 gl 0 hp 100 frg 0
ARGLOG Romero t   8.9 pos ' 58.5 2981.3 -88.0' spd 254.8 yaw 352 mode 2 st 0 gl 0 hp 100 frg 0
ARGLOG Carmack t   8.9 pos '1152.7 992.0 -256.0' spd  42.1 yaw 24 mode 2 st 1 gl 0 hp 100 frg 0
ARGEVT Romero hazard
ARGEVT Joe Rogan route 29 start ' 81.0 545.0  24.0' goal '145.0 2337.0  40.0'
ARGEVT Carmack hazard
ARGLOG Joe Rogan t   9.4 pos ' 15.5 623.5  37.5' spd  39.1 yaw 349 mode 2 st 1 gl 0 hp 100 frg 0
ARGLOG Romero t   9.4 pos ' 37.9 2961.2 -88.0' spd 149.5 yaw 357 mode 2 st 0 gl 0 hp 100 frg 0
ARGLOG Carmack t   9.4 pos '1180.0 928.0 -247.7' spd 259.0 yaw 47 mode 2 st 1 gl 0 hp 100 frg 0
ARGEVT Joe Rogan stall
ARGEVT Joe Rogan stallnode ' 81.0 545.0  24.0'
ARGEVT Joe Rogan jump
ARGEVT Romero stall
ARGEVT Romero stallnode '113.0 2945.0 -120.0'
ARGEVT Romero jump
ARGEVT Joe Rogan plan powerup via weapon
ARGEVT Joe Rogan goal weapon_grenadelauncher
ARGEVT Joe Rogan route 15 start ' 81.0 545.0  24.0' goal '1169.0 1057.0 -408.0'
ARGEVT Romero door
ARGEVT Romero door
ARGEVT Romero door
ARGEVT Romero door
ARGEVT Romero route 12 start '-15.0 2945.0 -56.0' goal '817.0 2433.0 -344.0'
ARGLOG Joe Rogan t   9.9 pos ' 12.7 548.2  62.1' spd 178.6 yaw 7 mode 2 st 2 gl 0 hp 100 frg 0
ARGLOG Romero t   9.9 pos ' 90.8 2981.5 -49.9' spd 134.3 yaw 218.4 mode 2 st 1 gl 0 hp 100 frg 0
ARGLOG Carmack t   9.9 pos '1207.3 837.2 -256.0' spd 229.2 yaw 130.8 mode 2 st 1 gl 0 hp 100 frg 0
ARGEVT Romero hazard
ARGEVT Romero jump
ARGLOG Joe Rogan t  10.4 pos ' 88.6 541.8  24.0' spd 320.0 yaw 13 mode 2 st 2 gl 0 hp 100 frg 0
ARGLOG Romero t  10.4 pos ' 64.0 2945.0 -92.1' spd  89.3 yaw 181 mode 2 st 1 gl 0 hp 100 frg 0
ARGLOG Carmack t  10.4 pos '1251.3 969.8 -256.0' spd 321.5 yaw 62 mode 2 st 1 gl 0 hp 100 frg 0
ARGLOG Joe Rogan t  11.0 pos '248.0 589.7  24.0' spd 361.6 yaw 129 mode 2 st 2 gl 0 hp 100 frg 0
ARGLOG Romero t  11.0 pos ' 37.0 2986.2 -88.0' spd 106.9 yaw 352 mode 2 st 1 gl 0 hp 100 frg 0
ARGLOG Carmack t  11.0 pos '1372.9 1081.4 -256.0' spd 405.0 yaw 304.1 mode 1 st 1 gl 0 hp 100 frg 0
ARGEVT Joe Rogan hazard
ARGEVT Carmack hazard
ARGLOG Joe Rogan t  11.5 pos '133.1 634.2  24.0' spd 333.7 yaw 112 mode 2 st 2 gl 0 hp 100 frg 0
ARGLOG Romero t  11.5 pos ' 61.1 2841.6 -56.0' spd 423.8 yaw 22 mode 2 st 1 gl 0 hp 100 frg 0
ARGLOG Carmack t  11.5 pos '1354.4 941.1 -256.0' spd 415.3 yaw 140.0 mode 1 st 1 gl 0 hp 100 frg 0
ARGEVT Romero hazard
ARGLOG Joe Rogan t  12.0 pos ' 80.0 640.0  24.0' spd 0 yaw 99 mode 2 st 2 gl 0 hp 100 frg 0
ARGLOG Romero t  12.0 pos '194.9 2854.3 -56.0' spd 110.2 yaw 39 mode 2 st 1 gl 0 hp 100 frg 0
ARGLOG Carmack t  12.0 pos '1307.2 1089.6 -256.0' spd 438.5 yaw 336.1 mode 1 st 1 gl 0 hp 100 frg 0
ARGEVT Joe Rogan hazard
ARGEVT Joe Rogan stall
ARGEVT Joe Rogan stallnode ' 49.0 705.0 -120.0'
ARGEVT Joe Rogan jump
ARGLOG Joe Rogan t  12.5 pos ' 80.0 640.0  35.7' spd 0 yaw  98.0 mode 0 st 3 gl 0 hp 100 frg 0
ARGLOG Romero t  12.5 pos ' 54.7 2865.1 -56.0' spd 127.6 yaw 17 mode 2 st 1 gl 0 hp 100 frg 0
ARGLOG Carmack t  12.5 pos '1398.9 961.8 -256.0' spd 440.0 yaw 171.0 mode 1 st 1 gl 0 hp 100 frg 0
ARGEVT Joe Rogan route 15 start ' 81.0 545.0  24.0' goal '1169.0 1057.0 -408.0'
ARGEVT Romero hazard
ARGLOG Joe Rogan t  13.0 pos ' 93.3 639.6  37.3' spd  39.8 yaw 338 mode 2 st 3 gl 0 hp 100 frg 0
ARGLOG Romero t  13.0 pos '118.0 2863.7 -56.0' spd 381.5 yaw 23 mode 2 st 1 gl 0 hp 100 frg 0
ARGLOG Carmack t  13.0 pos '1278.5 1060.9 -256.0' spd 440.2 yaw   7.2 mode 1 st 1 gl 0 hp 100 frg 0
ARGEVT Joe Rogan hazard
ARGLOG Joe Rogan t  13.5 pos '112.0 521.4  24.0' spd 372.8 yaw 108 mode 2 st 3 gl 0 hp 100 frg 0
ARGLOG Romero t  13.5 pos '171.2 2858.5 -56.0' spd 247.4 yaw 32 mode 2 st 1 gl 0 hp 100 frg 0
ARGLOG Carmack t  13.5 pos '1419.9 998.3 -256.0' spd 419.8 yaw 202.0 mode 1 st 1 gl 0 hp 100 frg 0
ARGEVT Romero hazard
ARGLOG Joe Rogan t  14.0 pos '227.8 584.8  24.0' spd 329.0 yaw 125 mode 2 st 3 gl 0 hp 100 frg 0
ARGLOG Romero t  14.0 pos ' 45.2 2861.1 -56.0' spd 122.5 yaw 17 mode 2 st 1 gl 0 hp 100 frg 0
ARGLOG Carmack t  14.0 pos '1267.8 1027.1 -256.0' spd 438.4 yaw  36.3 mode 1 st 1 gl 0 hp 100 frg 0
ARGLOG Joe Rogan t  14.6 pos '146.6 628.1  24.0' spd 337.3 yaw 115 mode 2 st 3 gl 0 hp 100 frg 0
ARGLOG Romero t  14.6 pos '107.8 2870.2 -56.0' spd 356.9 yaw 20 mode 2 st 1 gl 0 hp 100 frg 0
ARGLOG Carmack t  14.6 pos '1424.0 1042.7 -256.0' spd 408.7 yaw 231.8 mode 1 st 1 gl 0 hp 100 frg 0
ARGEVT Romero hazard
ARGEVT Joe Rogan hazard
ARGLOG Joe Rogan t  15.1 pos ' 75.3 623.4  24.0' spd 111.5 yaw 97 mode 2 st 3 gl 0 hp 100 frg 0
ARGLOG Romero t  15.1 pos '169.6 2864.1 -56.0' spd 244.5 yaw 30 mode 2 st 1 gl 0 hp 100 frg 0
ARGLOG Carmack t  15.1 pos '1274.8 1001.3 -256.0' spd 434.5 yaw  67.6 mode 1 st 1 gl 0 hp 100 frg 0
ARGLOG Joe Rogan t  15.6 pos ' 19.2 624.0  24.0' spd  96.8 yaw 81 mode 2 st 3 gl 0 hp 100 frg 0
ARGLOG Romero t  15.6 pos ' 50.1 2857.0 -56.0' spd 123.2 yaw 19 mode 2 st 1 gl 0 hp 100 frg 0
ARGLOG Carmack t  15.6 pos '1368.0 1099.4 -232.0' spd 164.5 yaw 263.2 mode 1 st 1 gl 0 hp 100 frg 0
ARGEVT Romero hazard
ARGEVT Joe Rogan hazard
ARGEVT Romero stall
ARGEVT Romero stallnode '113.0 2945.0 -120.0'
ARGEVT Romero jump
ARGLOG Joe Rogan t  16.1 pos '  8.3 624.0  24.0' spd  17.1 yaw 78 mode 2 st 3 gl 0 hp 100 frg 0
ARGEVT Romero door
ARGLOG Romero t  16.1 pos '114.5 2861.7 -44.3' spd 383.1 yaw  60.7 mode 0 st 2 gl 0 hp 100 frg 0
ARGLOG Carmack t  16.1 pos '1335.0 1032.4 -256.0' spd 345.0 yaw 145 mode 1 st 1 gl 0 hp 100 frg 0
ARGEVT Romero door
ARGEVT Romero door
ARGEVT Romero route 10 start '305.0 2849.0 -56.0' goal '817.0 2433.0 -344.0'
ARGLOG Joe Rogan t  16.6 pos '  9.9 624.0  24.0' spd 131.1 yaw 79 mode 2 st 3 gl 0 hp 100 frg 0
ARGLOG Romero t  16.6 pos '309.9 2834.3 -42.9' spd 383.1 yaw 2 mode 2 st 2 gl 0 hp 100 frg 0
ARGLOG Carmack t  16.6 pos '1298.4 1116.6 -256.0' spd 333.6 yaw 340.2 mode 1 st 1 gl 0 hp 100 frg 0
ARGEVT Joe Rogan stall
ARGEVT Joe Rogan stallnode ' 49.0 705.0 -120.0'
ARGEVT Joe Rogan jump
ARGEVT Joe Rogan route 15 start ' 81.0 545.0  24.0' goal '1169.0 1057.0 -408.0'
ARGLOG Joe Rogan t  17.1 pos ' 56.9 624.0  62.1' spd 111.2 yaw 346 mode 2 st 4 gl 0 hp 100 frg 0
ARGLOG Romero t  17.1 pos '481.3 2889.3 -56.0' spd 352.1 yaw 334 mode 2 st 2 gl 0 hp 100 frg 0
ARGLOG Carmack t  17.1 pos '1378.4 983.2 -256.0' spd 431.2 yaw 176.0 mode 1 st 1 gl 0 hp 100 frg 0
ARGEVT Romero hazard
ARGLOG Joe Rogan t  17.6 pos ' 95.9 559.9  24.0' spd 320.0 yaw 286.0 mode 2 st 4 gl 0 hp 100 frg 0
ARGLOG Romero t  17.6 pos '528.0 2874.3 -56.0' spd 266.1 yaw 333 mode 2 st 2 gl 0 hp 100 frg 0
ARGLOG Carmack t  17.6 pos '1251.5 1073.1 -256.0' spd 439.8 yaw  11.6 mode 1 st 1 gl 0 hp 100 frg 0
ARGEVT Joe Rogan hazard
ARGLOG Joe Rogan t  18.2 pos '193.5 544.2  24.0' spd 328.0 yaw 131 mode 2 st 4 gl 0 hp 100 frg 0
ARGLOG Romero t  18.2 pos '666.6 2787.6 -56.0' spd 320.4 yaw 314 mode 2 st 2 gl 0 hp 100 frg 0
ARGLOG Carmack t  18.2 pos '1401.6 1023.2 -256.0' spd 440.5 yaw 208.0 mode 1 st 1 gl 0 hp 100 frg 0
ARGLOG Joe Rogan t  18.7 pos '238.2 616.0  24.0' spd 320.1 yaw 131 mode 2 st 4 gl 0 hp 100 frg 0
ARGLOG Romero t  18.7 pos '825.7 2726.2 -56.0' spd 392.9 yaw 269 mode 2 st 2 gl 0 hp 100 frg 0
ARGLOG Carmack t  18.7 pos '1246.3 1030.5 -256.0' spd 440.3 yaw  43.6 mode 1 st 1 gl 0 hp 100 frg 0
ARGEVT Joe Rogan hazard
ARGLOG Joe Rogan t  19.2 pos ' 80.0 629.1  24.0' spd   8.2 yaw 98 mode 2 st 4 gl 0 hp 100 frg 0
ARGLOG Romero t  19.2 pos '856.5 2563.5 -72.0' spd 320.7 yaw 262 mode 2 st 2 gl 0 hp 100 frg 0
ARGLOG Carmack t  19.2 pos '1400.5 1066.0 -256.0' spd 440.0 yaw 239.4 mode 1 st 1 gl 0 hp 100 frg 0
ARGLOG Joe Rogan t  19.7 pos ' 25.1 624.0  24.0' spd  93.6 yaw 83 mode 2 st 4 gl 0 hp 100 frg 0
ARGLOG Romero t  19.7 pos '830.3 2400.4 -88.0' spd 320.1 yaw 12 mode 2 st 2 gl 0 hp 100 frg 0
ARGLOG Carmack t  19.7 pos '1263.7 991.7 -256.0' spd 439.6 yaw  74.0 mode 1 st 1 gl 0 hp 100 frg 0
ARGEVT Romero jump
ARGLOG Joe Rogan t  20.2 pos ' 15.8 624.0  24.0' spd  70.3 yaw 80 mode 2 st 4 gl 0 hp 100 frg 0
ARGEVT Joe Rogan hazard
ARGLOG Romero t  20.2 pos '708.0 2271.7 -56.5' spd 363.6 yaw 30 mode 2 st 2 gl 0 hp 100 frg 0
ARGLOG Carmack t  20.2 pos '1379.3 1098.4 -256.0' spd 439.9 yaw 269.2 mode 1 st 1 gl 0 hp 100 frg 0
ARGLOG Joe Rogan t  20.7 pos ' 15.4 624.0  24.0' spd 132.8 yaw 80 mode 2 st 4 gl 0 hp 100 frg 0
ARGLOG Romero t  20.7 pos '688.0 2348.3 -161.5' spd 158.2 yaw 8 mode 2 st 2 gl 0 hp 100 frg 0
ARGLOG Carmack t  20.7 pos '1297.5 964.8 -256.0' spd 440.3 yaw 104.4 mode 1 st 1 gl 0 hp 100 frg 0
ARGEVT Joe Rogan stall
ARGEVT Joe Rogan stallnode ' 49.0 705.0 -120.0'
ARGEVT Joe Rogan jump
ARGUS routecache adopt
ARGEVT Joe Rogan route 15 start ' 81.0 545.0  24.0' goal '1169.0 1057.0 -408.0'
ARGLOG Joe Rogan t  21.2 pos ' 22.7 624.0  53.0' spd  67.6 yaw 348 mode 2 st 5 gl 0 hp 100 frg 0
ARGLOG Romero t  21.2 pos '699.0 2368.1 -476.9' spd  30.7 yaw 5 mode 2 st 2 gl 0 hp 96 frg 0
ARGEVT Romero swim
ARGLOG Carmack t  21.2 pos '1342.4 1115.1 -256.0' spd 440.2 yaw 299.9 mode 1 st 1 gl 0 hp 100 frg 0
ARGLOG Joe Rogan t  21.8 pos ' 57.8 623.2  24.0' spd  70.9 yaw 346 mode 2 st 5 gl 0 hp 100 frg 0
ARGLOG Romero t  21.8 pos '770.4 2381.6 -472.4' spd 112.5 yaw 4 mode 2 st 2 gl 0 hp 88 frg 0
ARGLOG Carmack t  21.8 pos '1342.4 958.1 -256.0' spd 440.4 yaw 135.4 mode 1 st 1 gl 0 hp 100 frg 0
ARGEVT Joe Rogan hazard
ARGLOG Joe Rogan t  22.3 pos '166.6 527.7  24.0' spd 401.3 yaw 123 mode 2 st 5 gl 0 hp 100 frg 0
ARGLOG Romero t  22.3 pos '833.4 2355.6 -467.9' spd 178.0 yaw 12 mode 2 st 2 gl 0 hp 88 frg 0
ARGLOG Carmack t  22.3 pos '1304.7 1110.3 -256.0' spd 439.7 yaw 330.3 mode 1 st 1 gl 0 hp 100 frg 0
ARGLOG Joe Rogan t  22.8 pos '205.0 616.0  24.0' spd 332.7 yaw 125 mode 2 st 5 gl 0 hp 100 frg 0
ARGLOG Romero t  22.8 pos '896.0 2383.9 -463.6' spd 0 yaw 6 mode 2 st 2 gl 0 hp 80 frg 0
ARGLOG Carmack t  22.8 pos '1323.2 994.9 -256.0' spd 397.7 yaw 166.1 mode 1 st 1 gl 0 hp 100 frg 0
ARGEVT Carmack hazard
ARGEVT Joe Rogan hazard
ARGLOG Joe Rogan t  23.3 pos ' 80.0 640.0  24.0' spd 0 yaw 99 mode 2 st 5 gl 0 hp 100 frg 0
ARGLOG Romero t  23.3 pos '896.0 2383.9 -461.3' spd 0 yaw 6 mode 2 st 2 gl 0 hp 80 frg 0
ARGLOG Carmack t  23.3 pos '1237.7 1086.4 -256.0' spd 345.8 yaw   2.0 mode 1 st 1 gl 0 hp 100 frg 0
ARGLOG Joe Rogan t  23.8 pos ' 80.0 640.0  24.0' spd 0 yaw 99 mode 2 st 5 gl 0 hp 100 frg 0
ARGLOG Romero t  23.8 pos '896.0 2383.9 -459.1' spd 0 yaw 6 mode 2 st 2 gl 0 hp 72 frg 0
ARGLOG Carmack t  23.8 pos '1359.1 987.4 -256.0' spd 429.2 yaw 196.5 mode 1 st 1 gl 0 hp 100 frg 0
ARGEVT Joe Rogan stall
ARGEVT Joe Rogan stallnode ' 49.0 705.0 -120.0'
ARGEVT Joe Rogan jump
ARGEVT Romero stall
ARGEVT Romero stallnode '977.0 2433.0 -112.0'
ARGUS routecache adopt
ARGEVT Joe Rogan route 15 start ' 81.0 545.0  24.0' goal '1169.0 1057.0 -408.0'
ARGEVT Romero route 2 start '817.0 2273.0 -366.0' goal '817.0 2433.0 -344.0'
ARGEVT Romero abandon
ARGEVT Romero goal item_health
ARGEVT Carmack abandon
ARGEVT Carmack goal weapon_supernailgun
ARGLOG Joe Rogan t  24.3 pos ' 80.0 639.9  61.9' spd   0.6 yaw 339 mode 2 st 6 gl 0 hp 100 frg 0
ARGLOG Romero t  24.3 pos '896.0 2383.9 -456.6' spd 0 yaw  48.0 mode 0 st 3 gl 0 hp 72 frg 0
ARGLOG Carmack t  24.3 pos '1197.1 1015.0 -256.0' spd 333.1 yaw 104 mode 0 st 1 gl 0 hp 100 frg 0
ARGEVT Carmack hazard
ARGEVT Romero route 32 start '817.0 2273.0 -366.0' goal '945.0 2433.0 -112.0'
ARGEVT Romero swim
ARGEVT Romero stall
ARGEVT Romero stallnode '817.0 2273.0 -366.0'
ARGEVT Carmack route 10 start '1265.0 1185.0 -280.0' goal '817.0 2433.0 -344.0'
ARGEVT Romero swim
ARGLOG Joe Rogan t  24.9 pos ' 82.2 572.5  24.0' spd 328.1 yaw 104 mode 2 st 6 gl 0 hp 100 frg 0
ARGEVT Romero goal item_armor2
ARGLOG Romero t  24.9 pos '896.0 2383.9 -457.0' spd 0 yaw  78.5 mode 0 st 4 gl 0 hp 64 frg 0
ARGLOG Carmack t  24.9 pos '1287.2 1136.4 -256.1' spd 350.4 yaw 97 mode 2 st 1 gl 0 hp 100 frg 0
ARGEVT Romero route 12 start '817.0 2273.0 -366.0' goal '1297.0 1057.0 -408.0'
ARGEVT Joe Rogan hazard
ARGEVT Romero swim
ARGEVT Romero swim
ARGLOG Joe Rogan t  25.4 pos '221.1 556.5  24.0' spd 342.9 yaw 121 mode 2 st 6 gl 0 hp 100 frg 0
ARGLOG Romero t  25.4 pos '892.1 2380.1 -457.1' spd  53.2 yaw 263 mode 2 st 4 gl 0 hp 64 frg 0
ARGLOG Carmack t  25.4 pos '1286.2 1307.6 -341.8' spd 320.4 yaw 88 mode 2 st 1 gl 0 hp 100 frg 0
ARGEVT Romero stall
ARGEVT Romero stallnode '817.0 2273.0 -366.0'
ARGEVT Romero route 12 start '1041.0 2113.0 -424.0' goal '1297.0 1057.0 -408.0'
ARGEVT Romero swim
ARGEVT Romero swim
ARGLOG Joe Rogan t  25.9 pos '272.0 624.0  24.0' spd 0 yaw 136 mode 2 st 6 gl 0 hp 100 frg 0
ARGLOG Romero t  25.9 pos '871.1 2320.5 -456.9' spd 160.8 yaw 266 mode 2 st 5 gl 0 hp 56 frg 0
ARGLOG Carmack t  25.9 pos '1269.5 1472.9 -408.0' spd 321.7 yaw 119 mode 2 st 1 gl 0 hp 100 frg 0
ARGEVT Romero swim
ARGEVT Romero swim
ARGLOG Joe Rogan t  26.4 pos '272.0 624.0  24.0' spd 0 yaw 136 mode 2 st 6 gl 0 hp 100 frg 0
ARGLOG Romero t  26.4 pos '914.3 2227.0 -456.7' spd 220.8 yaw 250 mode 2 st 5 gl 0 hp 56 frg 0
ARGLOG Carmack t  26.4 pos '1286.4 1639.2 -408.0' spd 358.6 yaw 170 mode 2 st 1 gl 0 hp 100 frg 0
ARGEVT Joe Rogan stall
ARGEVT Joe Rogan stallnode ' 49.0 705.0 -120.0'
ARGEVT Joe Rogan jump
ARGLOG Joe Rogan t  26.9 pos '272.0 624.0  35.7' spd 0 yaw 143.7 mode 0 st 7 gl 0 hp 100 frg 0
ARGLOG Romero t  26.9 pos '998.4 2204.1 -457.1' spd 178.1 yaw 227 mode 2 st 5 gl 0 hp 48 frg 0
ARGLOG Carmack t  26.9 pos '1156.5 1751.8 -408.0' spd 349.6 yaw 161 mode 2 st 1 gl 0 hp 100 frg 0
ARGEVT Joe Rogan route 14 start '241.0 577.0  24.0' goal '1169.0 1057.0 -408.0'
ARGEVT Romero swim
ARGEVT Romero swim
ARGLOG Joe Rogan t  27.4 pos '272.0 617.3  37.1' spd  36.3 yaw 158 mode 2 st 7 gl 0 hp 100 frg 0
ARGLOG Romero t  27.4 pos '1065.1 2192.0 -456.7' spd  74.7 yaw 214 mode 2 st 5 gl 0 hp 48 frg 0
ARGLOG Carmack t  27.4 pos '987.4 1734.4 -408.0' spd 351.5 yaw 113 mode 2 st 1 gl 0 hp 100 frg 0
ARGEVT Romero swim
ARGEVT Romero swim
ARGLOG Joe Rogan t  27.9 pos '146.1 604.1  24.0' spd 348.8 yaw 112 mode 2 st 7 gl 0 hp 100 frg 0
ARGLOG Romero t  27.9 pos '1065.7 2192.0 -456.3' spd  40.9 yaw 214 mode 2 st 5 gl 0 hp 40 frg 0
ARGLOG Carmack t  27.9 pos '850.3 1836.2 -408.0' spd 351.4 yaw 90 mode 2 st 1 gl 0 hp 100 frg 0
ARGEVT Romero swim
ARGEVT Joe Rogan hazard
ARGEVT Romero swim
ARGLOG Joe Rogan t  28.5 pos ' 80.0 632.8  24.0' spd 148.0 yaw 98 mode 2 st 7 gl 0 hp 100 frg 0
ARGLOG Romero t  28.5 pos '1039.8 2192.0 -455.9' spd  42.2 yaw 217 mode 2 st 5 gl 0 hp 40 frg 0
ARGLOG Carmack t  28.5 pos '831.7 2003.2 -408.0' spd 320.7 yaw 92 mode 2 st 1 gl 0 hp 100 frg 0
ARGEVT Romero swim
ARGEVT Romero swim
ARGLOG Joe Rogan t  29.0 pos ' 80.0 626.0  24.0' spd  27.1 yaw 98 mode 2 st 7 gl 0 hp 100 frg 0
ARGLOG Romero t  29.0 pos '1030.9 2192.0 -455.6' spd   4.9 yaw 219 mode 2 st 5 gl 0 hp 36 frg 0
ARGLOG Carmack t  29.0 pos '844.7 2167.7 -391.1' spd 321.8 yaw 95 mode 2 st 1 gl 0 hp 100 frg 0
ARGEVT Joe Rogan stall
ARGEVT Joe Rogan stallnode ' 49.0 705.0 -120.0'
ARGEVT Joe Rogan jump
ARGEVT Romero swim
ARGEVT Romero swim
ARGEVT Joe Rogan route 15 start ' 81.0 545.0  24.0' goal '1169.0 1057.0 -408.0'
ARGLOG Joe Rogan t  29.5 pos ' 89.6 640.0  53.8' spd  33.6 yaw 338 mode 2 st 8 gl 0 hp 100 frg 0
ARGLOG Romero t  29.5 pos '1039.7 2192.0 -457.3' spd  20.6 yaw 217 mode 2 st 5 gl 0 hp 36 frg 0
ARGEVT Romero swim
ARGLOG Carmack t  29.5 pos '832.9 2332.1 -352.4' spd 320.5 yaw 90 mode 1 st 1 gl 0 hp 100 frg 0
ARGEVT Romero swim
ARGEVT Joe Rogan abandon
ARGEVT Joe Rogan plan powerup via weapon
ARGEVT Joe Rogan goal weapon_rocketlauncher
ARGEVT Carmack goal item_artifact_super_damage
ARGEVT Romero swim
ARGLOG Joe Rogan t  30.0 pos ' 64.1 548.7  24.0' spd 381.1 yaw 177.4 mode 0 st 8 gl 0 hp 100 frg 0
ARGLOG Romero t  30.0 pos '1036.2 2192.0 -456.9' spd  63.6 yaw 170.8 mode 2 st 5 gl 0 hp 28 frg 0
ARGLOG Carmack t  30.0 pos '806.0 2494.4 -327.8' spd 245.8 yaw 184 mode 0 st 1 gl 1 hp 100 frg 0
ARGEVT Joe Rogan route 29 start ' 81.0 545.0  24.0' goal '145.0 2337.0  40.0'
ARGEVT Romero swim
ARGEVT Romero swim
ARGEVT Carmack route 32 start '817.0 2433.0 -344.0' goal '529.0 2465.0 -88.0'
ARGLOG Joe Rogan t  30.5 pos '-15.5 624.0  16.9' spd 236.2 yaw  12.3 mode 2 st 8 gl 0 hp 100 frg 0
ARGLOG Romero t  30.5 pos '973.1 2226.3 -456.7' spd 187.4 yaw 122 mode 2 st 5 gl 0 hp 28 frg 0
ARGLOG Carmack t  30.5 pos '808.0 2489.9 -344.0' spd  53.2 yaw 273 mode 2 st 1 gl 1 hp 100 frg 0
ARGEVT Romero swim
ARGEVT Romero swim
ARGEVT Joe Rogan hazard
ARGLOG Joe Rogan t  31.0 pos ' 48.0 594.3 -33.5' spd 164.1 yaw 355 mode 2 st 8 gl 0 hp 100 frg 0
ARGLOG Romero t  31.0 pos '899.9 2315.3 -456.3' spd 249.7 yaw 117 mode 2 st 5 gl 0 hp 20 frg 0
ARGLOG Carmack t  31.0 pos '789.5 2338.3 -351.0' spd 327.7 yaw 282 mode 2 st 1 gl 1 hp 100 frg 0
ARGEVT Romero swim
ARGEVT Romero swim
ARGLOG Joe Rogan t  31.5 pos ' 48.0 574.3 -89.0' spd 181.0 yaw 360 mode 2 st 8 gl 0 hp 100 frg 0
ARGLOG Romero t  31.5 pos '822.3 2368.0 -456.0' spd 109.2 yaw 83 mode 2 st 5 gl 0 hp 20 frg 0
ARGLOG Carmack t  31.5 pos '827.1 2177.0 -388.9' spd 320.1 yaw 274 mode 2 st 1 gl 1 hp 100 frg 0
ARGEVT Romero swim
ARGEVT Romero swim
ARGEVT Romero route 12 start '1041.0 2113.0 -424.0' goal '1297.0 1057.0 -408.0'
ARGLOG Joe Rogan t  32.1 pos ' 48.0 621.7 -140.4' spd  20.9 yaw 347 mode 2 st 8 gl 0 hp 100 frg 0
ARGEVT Joe Rogan hazard
ARGUS routecache adopt
ARGEVT Romero route 12 start '1041.0 2113.0 -424.0' goal '1297.0 1057.0 -408.0'
ARGLOG Romero t  32.1 pos '804.5 2368.0 -455.8' spd  20.2 yaw 71 mode 0 st 5 gl 0 hp 12 frg 0
ARGLOG Carmack t  32.1 pos '852.0 2014.3 -408.0' spd 320.6 yaw 287 mode 2 st 1 gl 1 hp 100 frg 0
ARGEVT Romero swim
ARGUS routecache adopt
ARGEVT Romero route 12 start '1041.0 2113.0 -424.0' goal '1297.0 1057.0 -408.0'
ARGEVT Romero swim
ARGUS routecache adopt
ARGEVT Romero route 12 start '1041.0 2113.0 -424.0' goal '1297.0 1057.0 -408.0'
ARGLOG Joe Rogan t  32.6 pos ' 48.0 623.5 -187.8' spd   8.7 yaw 347 mode 2 st 8 gl 0 hp 100 frg 0
ARGLOG Romero t  32.6 pos '827.9 2368.0 -457.5' spd  52.6 yaw 87 mode 2 st 5 gl 0 hp 12 frg 0
ARGEVT Romero swim
ARGLOG Carmack t  32.6 pos '879.0 1851.3 -408.0' spd 321.4 yaw 339 mode 2 st 1 gl 1 hp 100 frg 0
ARGEVT Romero swim
ARGEVT Romero swim
ARGLOG Joe Rogan t  33.1 pos ' 45.3 624.0 -208.0' spd   8.7 yaw 347 mode 2 st 8 gl 0 hp 100 frg 0
ARGEVT Joe Rogan hazard
ARGLOG Romero t  33.1 pos '865.3 2367.3 -457.2' spd 127.0 yaw 268 mode 2 st 5 gl 0 hp 4 frg 0
ARGLOG Carmack t  33.1 pos '986.9 1724.2 -408.0' spd 364.6 yaw 344 mode 2 st 1 gl 1 hp 100 frg 0
ARGEVT Romero swim
ARGEVT Romero swim
ARGLOG Joe Rogan t  33.6 pos ' 40.9 624.0 -208.0' spd   8.5 yaw 347 mode 2 st 8 gl 0 hp 100 frg 0
ARGLOG Romero t  33.6 pos '896.0 2316.4 -456.9' spd 148.6 yaw 261 mode 2 st 5 gl 0 hp 4 frg 0
ARGEVT Romero death world pos '896.0 2316.4 -456.9'
ARGLOG Carmack t  33.6 pos '1161.1 1736.5 -408.0' spd 353.5 yaw 290 mode 2 st 1 gl 1 hp 100 frg 0
ARGEVT Joe Rogan stall
ARGEVT Joe Rogan stallnode '241.0 577.0  24.0'
ARGEVT Joe Rogan jump
ARGLOG Joe Rogan t  34.1 pos ' 36.4 624.0 -196.3' spd   8.7 yaw   4.3 mode 0 st 9 gl 0 hp 100 frg 0
ARGLOG Carmack t  34.1 pos '1288.3 1626.0 -408.0' spd 347.1 yaw 266 mode 2 st 1 gl 1 hp 100 frg 0
ARGEVT Joe Rogan route 27 start '-47.0 673.0 -208.0' goal '145.0 2337.0  40.0'
ARGLOG Joe Rogan t  34.6 pos ' 43.1 624.0 -194.5' spd  37.5 yaw 122 mode 2 st 9 gl 0 hp 100 frg 0
ARGLOG Carmack t  34.6 pos '1282.4 1459.2 -408.0' spd 321.0 yaw 267 mode 2 st 1 gl 1 hp 100 frg 0
ARGEVT Joe Rogan stall
ARGEVT Joe Rogan stallnode '-111.0 865.0 -200.0'
ARGEVT Joe Rogan jump
ARGEVT Carmack jump
ARGEVT Joe Rogan plan powerup via weapon
ARGEVT Joe Rogan goal weapon_supershotgun
ARGEVT Joe Rogan route 3 start '-47.0 673.0 -208.0' goal '113.0 1217.0 -184.0'
ARGLOG Joe Rogan t  35.1 pos ' -7.8 624.0 -170.1' spd 111.6 yaw 158.4 mode 2 st 10 gl 0 hp 100 frg 0
ARGEVT Romero respawn
ARGLOG Carmack t  35.1 pos '1258.7 1296.1 -336.0' spd 282.5 yaw 284 mode 2 st 1 gl 1 hp 100 frg 0
ARGEVT Romero goal weapon_rocketlauncher
ARGLOG Romero t  35.2 pos '-272.0 2928.0 -56.0' spd 0 yaw 343.4 mode 0 st 5 gl 0 hp 100 frg -1
ARGEVT Romero route 9 start '-143.0 2881.0 -56.0' goal '145.0 2337.0  40.0'
ARGLOG Joe Rogan t  35.7 pos '-29.5 686.2 -204.4' spd 325.2 yaw 61 mode 2 st 10 gl 0 hp 100 frg 0
ARGLOG Carmack t  35.7 pos '1255.3 1296.0 -336.0' spd  13.9 yaw 284 mode 2 st 1 gl 1 hp 100 frg 0
ARGLOG Romero t  35.7 pos '-158.1 2819.4 -72.0' spd 343.4 yaw 228 mode 2 st 5 gl 0 hp 100 frg -1
ARGLOG Joe Rogan t  36.2 pos ' 44.5 832.9 -200.0' spd 320.3 yaw 57 mode 2 st 10 gl 0 hp 100 frg 0
ARGLOG Carmack t  36.2 pos '1260.2 1296.0 -336.0' spd   6.8 yaw 283 mode 2 st 1 gl 1 hp 100 frg 0
ARGLOG Romero t  36.2 pos '-178.6 2653.1 -72.0' spd 369.3 yaw 169 mode 2 st 5 gl 0 hp 100 frg -1
ARGEVT Carmack stall
ARGEVT Carmack stallnode '1265.0 1185.0 -280.0'
ARGEVT Carmack jump
ARGEVT Carmack route 23 start '1265.0 1313.0 -344.0' goal '529.0 2465.0 -88.0'
ARGLOG Joe Rogan t  36.7 pos '116.9 982.3 -200.0' spd 327.2 yaw 90 mode 2 st 10 gl 0 hp 100 frg 0
ARGLOG Carmack t  36.7 pos '1273.9 1294.6 -306.2' spd  36.2 yaw 281 mode 2 st 2 gl 1 hp 100 frg 0
ARGLOG Romero t  36.7 pos '-338.2 2596.0 -104.0' spd 342.3 yaw 172 mode 2 st 5 gl 0 hp 100 frg -1
ARGEVT Carmack jump
ARGLOG Joe Rogan t  37.2 pos '130.7 1146.4 -184.0' spd 320.2 yaw 92 mode 1 st 10 gl 0 hp 100 frg 0
ARGLOG Carmack t  37.2 pos '1291.0 1214.9 -291.1' spd 333.8 yaw 242 mode 2 st 2 gl 1 hp 100 frg 0
ARGLOG Romero t  37.2 pos '-488.6 2666.0 -96.0' spd 321.3 yaw 211 mode 2 st 5 gl 0 hp 100 frg -1
ARGEVT Joe Rogan goal item_artifact_invulnerability
ARGEVT Romero lift
ARGEVT Romero jump
ARGEVT Romero board
ARGEVT Joe Rogan route 12 start '113.0 1217.0 -184.0' goal '241.0 1793.0 -40.0'
ARGLOG Joe Rogan t  37.7 pos '166.8 1310.0 -184.0' spd 387.0 yaw 354.4 mode 2 st 10 gl 1 hp 100 frg 0
ARGLOG Carmack t  37.7 pos '1299.4 1047.7 -256.0' spd 354.2 yaw 235 mode 2 st 2 gl 1 hp 100 frg 0
ARGLOG Romero t  37.8 pos '-576.0 2736.4 -58.1' spd  29.3 yaw 277 mode 2 st 5 gl 0 hp 100 frg -1
ARGEVT Carmack hazard
ARGLOG Joe Rogan t  38.2 pos '176.0 1219.7 -184.0' spd 271.1 yaw 5 mode 2 st 10 gl 1 hp 100 frg 0
ARGEVT Romero jump
ARGLOG Carmack t  38.2 pos '1171.8 949.2 -256.0' spd 329.7 yaw 40 mode 2 st 2 gl 1 hp 100 frg 0
ARGLOG Romero t  38.3 pos '-566.1 2670.8 -84.1' spd 0 yaw 277 mode 2 st 5 gl 0 hp 100 frg -1
ARGEVT Joe Rogan abandon
ARGEVT Joe Rogan goal item_artifact_super_damage
ARGLOG Joe Rogan t  38.7 pos '109.8 1230.2 -184.0' spd 345.7 yaw 106.0 mode 0 st 10 gl 1 hp 100 frg 0
ARGLOG Carmack t  38.7 pos '1200.0 896.2 -256.0' spd 267.7 yaw 143 mode 2 st 2 gl 1 hp 100 frg 0
ARGLOG Romero t  38.8 pos '-564.1 2658.6 -18.4' spd 0 yaw 277 mode 2 st 5 gl 0 hp 100 frg -1
ARGEVT Joe Rogan route 28 start '113.0 1217.0 -184.0' goal '529.0 2465.0 -88.0'
ARGLOG Joe Rogan t  39.3 pos '171.3 1372.2 -193.4' spd 430.0 yaw 288 mode 2 st 10 gl 1 hp 100 frg 0
ARGLOG Carmack t  39.3 pos '1216.4 908.9 -256.0' spd 336.8 yaw 144 mode 2 st 2 gl 1 hp 100 frg 0
ARGLOG Romero t  39.3 pos '-554.2 2616.9  56.0' spd 294.6 yaw 301 mode 2 st 5 gl 0 hp 100 frg -1
ARGLOG Joe Rogan t  39.8 pos '138.0 1227.0 -184.0' spd 320.0 yaw 3 mode 2 st 10 gl 1 hp 100 frg 0
ARGLOG Carmack t  39.8 pos '1287.2 1061.8 -256.0' spd 333.2 yaw  95.3 mode 0 st 2 gl 1 hp 100 frg 0
ARGLOG Romero t  39.8 pos '-534.3 2452.7  56.0' spd 320.1 yaw 319 mode 2 st 5 gl 0 hp 100 frg -1
ARGEVT Carmack route 22 start '1265.0 1185.0 -280.0' goal '529.0 2465.0 -88.0'
ARGEVT Carmack hazard
ARGLOG Joe Rogan t  40.3 pos '176.0 1087.2 -184.0' spd  44.1 yaw 29 mode 2 st 10 gl 1 hp 100 frg 0
ARGLOG Carmack t  40.3 pos '1266.7 1235.5 -305.7' spd 377.2 yaw 249 mode 2 st 2 gl 1 hp 100 frg 0
ARGLOG Romero t  40.3 pos '-432.7 2319.3  56.0' spd 375.9 yaw 349 mode 2 st 5 gl 0 hp 100 frg -1
ARGLOG Joe Rogan t  40.8 pos '176.0 1246.5 -184.0' spd 374.9 yaw 342 mode 2 st 10 gl 1 hp 100 frg 0
ARGLOG Carmack t  40.8 pos '1272.3 1271.4 -323.7' spd 136.9 yaw 250 mode 2 st 2 gl 1 hp 100 frg 0
ARGLOG Romero t  40.9 pos '-265.7 2350.9  56.0' spd 325.1 yaw 334 mode 2 st 5 gl 0 hp 100 frg -1
ARGEVT Romero hazard
ARGLOG Joe Rogan t  41.3 pos '176.0 1297.3 -184.0' spd  41.4 yaw 336 mode 2 st 10 gl 1 hp 100 frg 0
ARGLOG Carmack t  41.3 pos '1310.6 1114.9 -256.0' spd 320.2 yaw 221 mode 2 st 2 gl 1 hp 100 frg 0
ARGLOG Romero t  41.4 pos '-144.0 2432.2  49.7' spd  55.0 yaw 342 mode 2 st 5 gl 0 hp 100 frg -1
ARGLOG Joe Rogan t  41.8 pos '176.0 1273.8 -184.0' spd  27.6 yaw 339 mode 2 st 10 gl 1 hp 100 frg 0
ARGLOG Carmack t  41.8 pos '1226.5 973.1 -256.0' spd 365.4 yaw 242 mode 2 st 2 gl 1 hp 100 frg 0
ARGLOG Romero t  41.9 pos '-144.0 2415.9 -109.5' spd  34.3 yaw 345 mode 2 st 5 gl 0 hp 100 frg -1
ARGEVT Carmack hazard
ARGEVT Romero hazard
ARGLOG Joe Rogan t  42.3 pos '176.0 1267.8 -184.0' spd   8.7 yaw 340 mode 2 st 10 gl 1 hp 100 frg 0
ARGLOG Carmack t  42.3 pos '1171.4 935.6 -256.0' spd 320 yaw 44 mode 2 st 2 gl 1 hp 100 frg 0
ARGLOG Romero t  42.4 pos '-154.4 2264.0 -136.0' spd 341.3 yaw 13 mode 2 st 5 gl 0 hp 100 frg -1
ARGEVT Joe Rogan stall
ARGEVT Joe Rogan stallnode '465.0 1249.0 -312.0'
ARGEVT Joe Rogan jump
ARGLOG Joe Rogan t  42.9 pos '176.0 1265.0 -155.0' spd  13.9 yaw  46.0 mode 0 st 11 gl 1 hp 100 frg 0
ARGLOG Carmack t  42.9 pos '1212.7 849.4 -256.0' spd 324.4 yaw 142 mode 2 st 2 gl 1 hp 100 frg 0
ARGLOG Romero t  42.9 pos '-148.8 2202.6 -136.0' spd 309.7 yaw 24 mode 2 st 5 gl 0 hp 100 frg -1
ARGEVT Joe Rogan route 28 start '209.0 1217.0 -160.0' goal '529.0 2465.0 -88.0'
ARGEVT Romero hazard
ARGLOG Joe Rogan t  43.4 pos '221.9 1264.0 -160.0' spd 337.4 yaw 307 mode 2 st 11 gl 1 hp 100 frg 0
ARGLOG Carmack t  43.4 pos '1218.6 968.7 -256.0' spd 335.6 yaw 146 mode 2 st 2 gl 1 hp 100 frg 0
ARGLOG Romero t  43.4 pos '-150.9 2316.5 -136.0' spd 133.3 yaw 3 mode 2 st 5 gl 0 hp 100 frg -1
ARGLOG Joe Rogan t  43.9 pos '313.8 1121.7 -275.8' spd 328.9 yaw 137.0 mode 2 st 11 gl 1 hp 100 frg 0
ARGLOG Carmack t  43.9 pos '1302.4 1117.5 -256.0' spd 379.9 yaw 119 mode 0 st 2 gl 1 hp 100 frg 0
ARGEVT Joe Rogan swim
ARGLOG Romero t  43.9 pos '-144.9 2348.3 -136.0' spd 248.2 yaw 358 mode 2 st 5 gl 0 hp 100 frg -1
ARGEVT Carmack route 21 start '1329.0 993.0 -256.0' goal '529.0 2465.0 -88.0'
ARGEVT Carmack hazard
ARGEVT Romero hazard
ARGLOG Joe Rogan t  44.4 pos '242.0 1228.1 -312.0' spd 423.0 yaw 342 mode 2 st 11 gl 1 hp 100 frg 0
ARGLOG Carmack t  44.4 pos '1257.3 1276.2 -298.6' spd 131.8 yaw 253 mode 2 st 2 gl 1 hp 100 frg 0
ARGLOG Romero t  44.4 pos '-147.9 2193.5 -136.0' spd 155.9 yaw 26 mode 2 st 5 gl 0 hp 100 frg -1
ARGEVT Joe Rogan hazard
ARGLOG Joe Rogan t  44.9 pos '344.0 1295.8 -293.1' spd 158.4 yaw 322 mode 2 st 11 gl 1 hp 100 frg 0
ARGLOG Carmack t  44.9 pos '1284.3 1235.8 -305.9' spd 322.3 yaw 245 mode 2 st 2 gl 1 hp 100 frg 0
ARGLOG Romero t  45.0 pos '-146.6 2159.2 -136.0' spd 246.0 yaw 31 mode 2 st 5 gl 0 hp 100 frg -1
ARGEVT Joe Rogan swim
ARGEVT Romero hazard
ARGLOG Joe Rogan t  45.4 pos '352.9 1233.7 -295.8' spd 110.3 yaw 332 mode 2 st 11 gl 1 hp 100 frg 0
ARGLOG Carmack t  45.4 pos '1320.0 1074.6 -256.0' spd 330.5 yaw 235 mode 2 st 2 gl 1 hp 100 frg 0
ARGEVT Joe Rogan swim
ARGLOG Romero t  45.5 pos '-145.4 2300.9 -136.0' spd 149.4 yaw 7 mode 2 st 5 gl 0 hp 100 frg -1
ARGEVT Joe Rogan swim
ARGLOG Joe Rogan t  45.9 pos '428.3 1188.8 -295.6' spd 218.6 yaw 301 mode 2 st 11 gl 1 hp 100 frg 0
ARGLOG Carmack t  45.9 pos '1190.4 965.4 -256.0' spd 326.0 yaw 40 mode 2 st 2 gl 1 hp 100 frg 0
ARGEVT Joe Rogan swim
ARGLOG Romero t  46.0 pos '-146.3 2352.7 -136.0' spd 107.6 yaw 357 mode 2 st 5 gl 0 hp 100 frg -1
ARGEVT Carmack hazard
ARGLOG Joe Rogan t  46.5 pos '530.1 1153.8 -311.8' spd 214.9 yaw 315 mode 2 st 11 gl 1 hp 100 frg 0
ARGEVT Romero hazard
ARGLOG Carmack t  46.5 pos '1164.7 928.0 -241.4' spd  17.1 yaw 44 mode 2 st 2 gl 1 hp 100 frg 0
ARGLOG Romero t  46.5 pos '-153.6 2201.2 -136.0' spd 317.9 yaw 24 mode 2 st 5 gl 0 hp 100 frg -1
ARGLOG Joe Rogan t  47.0 pos '583.6 1049.7 -307.2' spd 249.9 yaw 338 mode 2 st 11 gl 1 hp 100 frg 0
ARGLOG Carmack t  47.0 pos '1201.2 923.5 -256.0' spd 169.1 yaw 54 mode 2 st 2 gl 1 hp 100 frg 0
ARGLOG Romero t  47.0 pos '-146.0 2278.1 -136.0' spd 230.5 yaw 11 mode 2 st 5 gl 0 hp 100 frg -1
ARGEVT Carmack hazard
ARGLOG Joe Rogan t  47.5 pos '654.5 948.5 -302.6' spd 241.1 yaw 356 mode 2 st 11 gl 1 hp 100 frg 0
ARGEVT Romero hazard
ARGLOG Carmack t  47.5 pos '1216.2 865.9 -256.0' spd 337.2 yaw 143 mode 2 st 2 gl 1 hp 100 frg 0
ARGLOG Romero t  47.5 pos '-148.5 2348.9 -136.0' spd 114.4 yaw 358 mode 2 st 5 gl 0 hp 100 frg -1
ARGLOG Joe Rogan t  48.0 pos '778.2 920.1 -298.1' spd 265.6 yaw 23 mode 2 st 11 gl 1 hp 100 frg 0
ARGLOG Carmack t  48.0 pos '1269.9 1022.8 -256.0' spd 322.6 yaw 141 mode 2 st 2 gl 1 hp 100 frg 0
ARGLOG Romero t  48.0 pos '-153.6 2264.0 -136.0' spd 332.6 yaw 13 mode 2 st 5 gl 0 hp 100 frg -1
ARGUS routecache adopt
ARGEVT Carmack route 21 start '1329.0 993.0 -256.0' goal '529.0 2465.0 -88.0'
ARGEVT Joe Rogan swim
ARGEVT Carmack hazard
ARGLOG Joe Rogan t  48.5 pos '856.9 871.1 -295.6' spd 118.3 yaw 21 mode 2 st 11 gl 1 hp 100 frg 0
ARGLOG Carmack t  48.5 pos '1270.8 1186.0 -281.0' spd 159.1 yaw 253 mode 2 st 2 gl 1 hp 100 frg 0
ARGLOG Romero t  48.6 pos '-145.1 2189.3 -136.0' spd 242.7 yaw 26 mode 2 st 5 gl 0 hp 100 frg -1
ARGEVT Romero hazard
ARGLOG Joe Rogan t  49.0 pos '953.9 978.4 -248.0' spd 332.8 yaw 333 mode 2 st 11 gl 1 hp 200 frg 0
ARGLOG Carmack t  49.0 pos '1232.0 1168.0 -271.1' spd 0 yaw 259 mode 2 st 2 gl 1 hp 100 frg 0
ARGLOG Romero t  49.1 pos '-144.0 2316.1 -136.0' spd 139.7 yaw 4 mode 2 st 5 gl 0 hp 100 frg -1
ARGEVT Carmack hazard
ARGEVT Joe Rogan hazard
ARGLOG Joe Rogan t  49.5 pos '1068.7 1003.3 -248.0' spd 389.7 yaw 306 mode 2 st 11 gl 1 hp 200 frg 0
ARGLOG Carmack t  49.5 pos '1244.2 1168.0 -272.0' spd  20.6 yaw 257 mode 2 st 2 gl 1 hp 100 frg 0
ARGLOG Romero t  49.6 pos '-144.0 2376.8 -136.0' spd 110.7 yaw 353 mode 2 st 5 gl 0 hp 100 frg -1
ARGEVT Romero hazard
ARGEVT Carmack stall
ARGEVT Carmack stallnode '1169.0 993.0 -256.0'
ARGEVT Carmack jump
ARGEVT Carmack abandon
ARGEVT Carmack goal item_armor2
ARGEVT Carmack route 4 start '1265.0 1185.0 -280.0' goal '1297.0 1057.0 -408.0'
ARGLOG Joe Rogan t  50.0 pos '1087.4 1063.7 -248.0' spd 163.2 yaw 293 mode 2 st 11 gl 1 hp 200 frg 0
ARGLOG Carmack t  50.0 pos '1237.6 1168.0 -243.1' spd  54.2 yaw 249 mode 2 st 3 gl 1 hp 100 frg 0
ARGLOG Romero t  50.1 pos '-144.0 2235.5 -136.0' spd 361.2 yaw 19 mode 2 st 5 gl 0 hp 100 frg -1
ARGEVT Joe Rogan hazard
ARGLOG Joe Rogan t  50.6 pos '1088.0 1015.1 -248.0' spd 349.4 yaw 299 mode 2 st 11 gl 1 hp 200 frg 0
ARGLOG Carmack t  50.6 pos '1250.6 1172.8 -274.4' spd 119.3 yaw 246 mode 2 st 3 gl 1 hp 100 frg 0
ARGLOG Romero t  50.6 pos '-144.0 2144.4 -136.0' spd 119.4 yaw 33 mode 2 st 5 gl 0 hp 100 frg -1
ARGEVT Romero hazard
ARGEVT Carmack stall
ARGEVT Carmack stallnode '1329.0 993.0 -256.0'
ARGEVT Carmack jump
ARGEVT Carmack goal weapon_grenadelauncher
ARGEVT Carmack route 4 start '1265.0 1185.0 -280.0' goal '1169.0 1057.0 -408.0'
ARGLOG Joe Rogan t  51.1 pos '1086.9 1035.5 -248.0' spd 311.5 yaw 296 mode 2 st 11 gl 1 hp 200 frg 0
ARGLOG Carmack t  51.1 pos '1307.2 1167.2 -242.7' spd 113.6 yaw 260.6 mode 2 st 4 gl 1 hp 100 frg 0
ARGLOG Romero t  51.1 pos '-144.0 2106.7 -152.0' spd  31.2 yaw 38 mode 2 st 5 gl 0 hp 100 frg -1
ARGEVT Joe Rogan hazard
ARGLOG Joe Rogan t  51.6 pos '1082.1 1038.6 -248.0' spd 147.4 yaw 297 mode 2 st 11 gl 1 hp 200 frg 0
ARGLOG Carmack t  51.6 pos '1257.6 1111.7 -235.2' spd 131.1 yaw 199 mode 2 st 4 gl 1 hp 100 frg 0
ARGLOG Romero t  51.6 pos '-152.1 2271.2 -136.0' spd 311.3 yaw 12 mode 2 st 5 gl 0 hp 100 frg -1
ARGEVT Romero hazard
ARGLOG Joe Rogan t  52.1 pos '1088.0 1019.1 -248.0' spd 322.2 yaw 298 mode 2 st 11 gl 1 hp 200 frg 0
ARGLOG Carmack t  52.1 pos '1206.4 1040.9 -256.0' spd 329.0 yaw 258 mode 2 st 4 gl 1 hp 100 frg 0
ARGLOG Romero t  52.2 pos '-145.6 2287.5 -136.0' spd 294.4 yaw 9 mode 2 st 5 gl 0 hp 100 frg -1
ARGEVT Joe Rogan hazard
ARGLOG Joe Rogan t  52.6 pos '1088.0 1048.8 -248.0' spd 163.9 yaw 294 mode 2 st 11 gl 1 hp 200 frg 0
ARGLOG Carmack t  52.6 pos '1152.7 992.0 -256.0' spd  30.7 yaw 75 mode 2 st 4 gl 1 hp 100 frg 0
ARGLOG Romero t  52.7 pos '-151.9 2173.3 -136.0' spd 112.2 yaw 28 mode 2 st 5 gl 0 hp 100 frg -1
ARGEVT Romero hazard
ARGEVT Romero stall
ARGEVT Romero stallnode '-47.0 2241.0  40.0'
ARGEVT Romero jump
ARGLOG Joe Rogan t  53.1 pos '1080.3 987.0 -248.0' spd 322.8 yaw 307 mode 2 st 11 gl 1 hp 200 frg 0
ARGLOG Carmack t  53.1 pos '1162.9 992.0 -256.0' spd  11.4 yaw 84 mode 2 st 4 gl 1 hp 100 frg 0
ARGEVT Romero route 9 start '-303.0 2337.0 -136.0' goal '145.0 2337.0  40.0'
ARGLOG Romero t  53.2 pos '-146.0 2320.0 -101.7' spd   8.4 yaw 160 mode 2 st 6 gl 0 hp 100 frg -1
ARGEVT Carmack hazard
ARGEVT Joe Rogan hazard
ARGLOG Joe Rogan t  53.6 pos '1088.0 1043.1 -248.0' spd 146.5 yaw 295 mode 2 st 11 gl 1 hp 200 frg 0
ARGLOG Carmack t  53.6 pos '1193.0 928.0 -256.0' spd  71.5 yaw 100 mode 2 st 4 gl 1 hp 100 frg 0
ARGLOG Romero t  53.7 pos '-160.0 2321.0 -136.0' spd  20.3 yaw 159 mode 2 st 6 gl 0 hp 100 frg -1
ARGLOG Joe Rogan t  54.1 pos '1088.0 1027.3 -248.0' spd 215.8 yaw 297 mode 2 st 11 gl 1 hp 199 frg 0
ARGLOG Carmack t  54.1 pos '1199.6 928.0 -256.0' spd  81.9 yaw 103 mode 2 st 4 gl 1 hp 100 frg 0
ARGEVT Joe Rogan stall
ARGEVT Joe Rogan stallnode '1169.0 993.0 -256.0'
ARGEVT Joe Rogan jump
ARGLOG Romero t  54.2 pos '-160.0 2328.9 -136.0' spd  11.6 yaw 161 mode 2 st 6 gl 0 hp 100 frg -1
ARGEVT Romero stall
ARGEVT Romero stallnode '-303.0 2337.0 -136.0'
ARGEVT Romero jump
ARGEVT Carmack hazard
ARGEVT Joe Rogan route 22 start '977.0 961.0 -248.0' goal '529.0 2465.0 -88.0'
ARGEVT Romero route 9 start '-303.0 2337.0 -136.0' goal '145.0 2337.0  40.0'
ARGEVT Romero hazard
ARGLOG Joe Rogan t  54.7 pos '1087.6 1072.0 -218.4' spd   7.2 yaw 209 mode 2 st 12 gl 1 hp 199 frg 0
ARGLOG Carmack t  54.7 pos '1199.3 928.0 -256.0' spd  11.5 yaw 103 mode 2 st 4 gl 1 hp 100 frg 0
ARGLOG Romero t  54.7 pos '-160.0 2354.5 -136.0' spd 193.0 yaw 165 mode 2 st 7 gl 0 hp 100 frg -1
ARGEVT Carmack stall
ARGEVT Carmack stallnode '1169.0 865.0 -408.0'
ARGEVT Carmack jump
ARGEVT Carmack route 2 start '1169.0 865.0 -192.0' goal '1169.0 1057.0 -408.0'
ARGLOG Joe Rogan t  55.2 pos '1003.1 1026.5 -248.0' spd 320.7 yaw 349 mode 2 st 12 gl 1 hp 198 frg 0
ARGLOG Carmack t  55.2 pos '1213.0 872.2 -218.3' spd 193.3 yaw 185.7 mode 2 st 5 gl 1 hp 100 frg 0
ARGLOG Romero t  55.2 pos '-167.6 2390.2 -136.0' spd  35.1 yaw 171 mode 2 st 7 gl 0 hp 100 frg -1
ARGEVT Romero abandon
ARGEVT Romero goal weapon_supernailgun
ARGEVT Romero route 15 start '-207.0 2497.0 -120.0' goal '817.0 2433.0 -344.0'
ARGLOG Joe Rogan t  55.7 pos '942.9 876.7 -296.0' spd 415.5 yaw 358 mode 2 st 12 gl 1 hp 198 frg 0
ARGLOG Carmack t  55.7 pos '1200.0 867.1 -256.0' spd 300.3 yaw 99 mode 2 st 5 gl 1 hp 100 frg 0
ARGLOG Romero t  55.7 pos '-168.0 2396.5 -136.0' spd 167.7 yaw 91 mode 2 st 7 gl 0 hp 100 frg -1
ARGEVT Joe Rogan hazard
ARGLOG Joe Rogan t  56.2 pos '992.0 880.0 -296.0' spd 0 yaw 356 mode 2 st 12 gl 1 hp 197 frg 0
ARGLOG Carmack t  56.2 pos '1184.8 1031.6 -256.0' spd 322.0 yaw  78.4 mode 1 st 5 gl 1 hp 100 frg 0
ARGLOG Romero t  56.3 pos '-190.7 2559.6 -104.0' spd 326.6 yaw 48 mode 2 st 7 gl 0 hp 100 frg -1
ARGEVT Romero jump
ARGEVT Carmack hazard
ARGLOG Joe Rogan t  56.7 pos '992.0 880.0 -296.0' spd 0 yaw 356 mode 2 st 12 gl 1 hp 197 frg 0
ARGLOG Carmack t  56.7 pos '1331.8 1080.4 -256.0' spd 406.2 yaw 274.8 mode 1 st 5 gl 1 hp 100 frg 0
ARGLOG Romero t  56.8 pos '-182.0 2586.4 -80.9' spd  32.2 yaw 65 mode 2 st 7 gl 0 hp 100 frg -1
ARGEVT Joe Rogan hazard
ARGEVT Romero hazard
ARGEVT Joe Rogan stall
ARGEVT Joe Rogan stallnode '1169.0 993.0 -256.0'
ARGEVT Joe Rogan jump
ARGLOG Joe Rogan t  57.2 pos '992.0 881.4 -267.0' spd  27.2 yaw  81.6 mode 0 st 13 gl 1 hp 196 frg 0
ARGLOG Carmack t  57.2 pos '1259.2 942.8 -256.0' spd 437.8 yaw 113 mode 1 st 5 gl 1 hp 100 frg 0
ARGLOG Romero t  57.3 pos '-131.1 2718.7 -72.0' spd 325.9 yaw 42 mode 2 st 7 gl 0 hp 100 frg -1
ARGEVT Joe Rogan route 22 start '977.0 961.0 -248.0' goal '529.0 2465.0 -88.0'
ARGLOG Joe Rogan t  57.7 pos '981.7 917.6 -264.0' spd 306.9 yaw 21 mode 2 st 13 gl 1 hp 196 frg 0
ARGLOG Carmack t  57.7 pos '1249.7 1104.0 -256.0' spd 395.1 yaw 324.8 mode 1 st 5 gl 1 hp 100 frg 0
ARGLOG Romero t  57.8 pos '-60.5 2869.6 -56.0' spd 320.2 yaw 23 mode 2 st 7 gl 0 hp 100 frg -1
ARGLOG Joe Rogan t  58.3 pos '985.8 1081.8 -248.0' spd 409.6 yaw 311 mode 2 st 13 gl 1 hp 195 frg 0
ARGEVT Joe Rogan hazard
ARGEVT Romero hazard
ARGLOG Carmack t  58.3 pos '1298.7 956.4 -256.0' spd 433.3 yaw 161.6 mode 1 st 5 gl 1 hp 100 frg 0
ARGLOG Romero t  58.3 pos ' 63.3 2983.4 -88.0' spd 358.2 yaw 351 mode 2 st 7 gl 0 hp 100 frg -1
ARGEVT Joe Rogan abandon
ARGEVT Joe Rogan goal item_armor2
ARGLOG Joe Rogan t  58.8 pos '1082.9 1020.6 -248.0' spd 313.9 yaw   8.6 mode 0 st 13 gl 1 hp 195 frg 0
ARGLOG Carmack t  58.8 pos '1198.5 1075.4 -256.0' spd 439.4 yaw 356.8 mode 1 st 5 gl 1 hp 100 frg 0
ARGEVT Joe Rogan route 4 start '977.0 961.0 -248.0' goal '1297.0 1057.0 -408.0'
ARGLOG Romero t  58.8 pos ' 61.7 2969.4 -88.0' spd 268.9 yaw 355 mode 2 st 7 gl 0 hp 100 frg -1
ARGLOG Joe Rogan t  59.3 pos '1075.8 996.3 -248.0' spd 359.0 yaw 358 mode 2 st 13 gl 1 hp 194 frg 0
ARGEVT Joe Rogan hazard
ARGEVT Romero hazard
ARGLOG Carmack t  59.3 pos '1329.8 988.2 -256.0' spd 439.8 yaw 192.0 mode 1 st 5 gl 1 hp 100 frg 0
ARGLOG Romero t  59.3 pos ' 37.9 2959.4 -88.0' spd 150.5 yaw 357 mode 2 st 7 gl 0 hp 100 frg -1
ARGLOG Joe Rogan t  59.8 pos '910.5 1028.1 -248.0' spd 395.1 yaw 328 mode 2 st 13 gl 1 hp 194 frg 0
ARGLOG Carmack t  59.8 pos '1182.3 1037.1 -256.0' spd 440.6 yaw  28.5 mode 1 st 5 gl 1 hp 100 frg 0
ARGLOG Romero t  59.9 pos ' 49.7 2954.7 -88.0' spd 247.9 yaw 358 mode 2 st 7 gl 0 hp 100 frg -1
ARGEVT Romero stall
ARGEVT Romero stallnode '113.0 2945.0 -120.0'
ARGEVT Romero jump
ARGEVT Romero door
ARGEVT Romero door
ARGLOG Joe Rogan t  60.3 pos '1003.8 1070.9 -248.0' spd 341.4 yaw 309 mode 2 st 13 gl 1 hp 193 frg 0
ARGEVT Romero door
ARGLOG Carmack t  60.3 pos '1340.3 1032.0 -256.0' spd 440.6 yaw 224.7 mode 1 st 5 gl 1 hp 100 frg 0
ARGEVT Romero route 12 start '-15.0 2945.0 -56.0' goal '817.0 2433.0 -344.0'
ARGLOG Romero t  60.4 pos ' 53.5 2960.7 -53.7' spd  66.9 yaw 346 mode 2 st 8 gl 0 hp 100 frg -1
ARGEVT Joe Rogan hazard
ARGLOG Joe Rogan t  60.8 pos '1086.6 1029.4 -248.0' spd 204.8 yaw 297 mode 2 st 13 gl 1 hp 193 frg 0
ARGLOG Carmack t  60.8 pos '1190.0 992.6 -256.0' spd 440.6 yaw  61.2 mode 1 st 5 gl 1 hp 100 frg 0
ARGLOG Romero t  60.9 pos ' 66.6 2991.5 -104.0' spd 107.2 yaw 315 mode 2 st 8 gl 0 hp 100 frg -1
ARGEVT Romero jump
ARGLOG Joe Rogan t  61.3 pos '1080.2 980.7 -248.0' spd  89.4 yaw 308 mode 2 st 13 gl 1 hp 192 frg 0
ARGLOG Carmack t  61.3 pos '1325.7 1073.2 -256.0' spd 440.7 yaw 257.6 mode 1 st 5 gl 1 hp 100 frg 0
ARGEVT Joe Rogan stall
ARGEVT Joe Rogan stallnode '1169.0 993.0 -256.0'
ARGEVT Joe Rogan jump
ARGLOG Romero t  61.4 pos ' 32.0 2944.5 -52.8' spd 100.1 yaw 0 mode 2 st 8 gl 0 hp 100 frg -1
ARGEVT Joe Rogan route 4 start '977.0 961.0 -248.0' goal '1297.0 1057.0 -408.0'
ARGLOG Joe Rogan t  61.8 pos '1088.0 1018.2 -218.1' spd  30.3 yaw 190 mode 2 st 14 gl 1 hp 192 frg 0
ARGLOG Carmack t  61.8 pos '1220.5 958.1 -256.0' spd 440.3 yaw  93.2 mode 1 st 5 gl 1 hp 100 frg 0
ARGLOG Romero t  61.9 pos ' 78.5 2912.0 -136.0' spd 313.9 yaw 5 mode 2 st 8 gl 0 hp 92 frg -1
ARGEVT Romero jump
ARGLOG Joe Rogan t  62.4 pos '998.5 987.6 -248.0' spd 324.8 yaw 1 mode 2 st 14 gl 1 hp 191 frg 0
ARGLOG Carmack t  62.4 pos '1288.9 1100.2 -256.0' spd 439.9 yaw 291.8 mode 1 st 5 gl 1 hp 100 frg 0
ARGLOG Romero t  62.4 pos '238.5 2954.5 -98.0' spd 323.6 yaw 358 mode 2 st 8 gl 0 hp 92 frg -1
ARGEVT Romero swim
ARGEVT Joe Rogan hazard
ARGLOG Joe Rogan t  62.9 pos '912.5 1095.6 -248.0' spd 426.2 yaw 319 mode 2 st 14 gl 1 hp 191 frg 0
ARGLOG Carmack t  62.9 pos '1267.1 945.0 -256.0' spd 440.7 yaw 128.0 mode 1 st 5 gl 1 hp 100 frg 0
ARGLOG Romero t  62.9 pos '304.0 2954.8 -145.4' spd 120.7 yaw 356 mode 2 st 8 gl 0 hp 88 frg -1
ARGLOG Joe Rogan t  63.4 pos '1053.5 1025.5 -248.0' spd 333.1 yaw 306 mode 2 st 14 gl 1 hp 190 frg 0
ARGLOG Carmack t  63.4 pos '1242.1 1101.8 -256.0' spd 438.7 yaw 326.5 mode 1 st 5 gl 1 hp 100 frg 0
ARGLOG Romero t  63.4 pos '304.0 2892.0 -140.9' spd  26.5 yaw 22 mode 2 st 8 gl 0 hp 88 frg -1
ARGLOG Joe Rogan t  63.9 pos '1088.0 1051.4 -248.0' spd 235.9 yaw 294 mode 2 st 14 gl 1 hp 190 frg 0
ARGEVT Joe Rogan hazard
ARGLOG Carmack t  63.9 pos '1311.8 960.8 -256.0' spd 440.1 yaw 162.3 mode 1 st 5 gl 1 hp 100 frg 0
ARGLOG Romero t  64.0 pos '304.0 2948.8 -136.3' spd 188.5 yaw 359 mode 2 st 8 gl 0 hp 80 frg -1
ARGEVT Romero swim
ARGEVT Romero swim
ARGLOG Joe Rogan t  64.4 pos '1088.0 1031.0 -248.0' spd 306.5 yaw 297 mode 2 st 14 gl 1 hp 189 frg 0
ARGLOG Carmack t  64.4 pos '1203.9 1076.6 -256.0' spd 437.4 yaw   1.1 mode 1 st 5 gl 1 hp 100 frg 0
ARGLOG Romero t  64.5 pos '304.0 2979.2 -136.0' spd  94.3 yaw 346 mode 2 st 8 gl 0 hp 80 frg -1
ARGEVT Romero swim
ARGEVT Romero swim
ARGLOG Joe Rogan t  64.9 pos '1088.0 1018.7 -248.0' spd 322.6 yaw 298 mode 2 st 14 gl 1 hp 189 frg 0
ARGEVT Joe Rogan hazard
ARGLOG Carmack t  64.9 pos '1340.8 998.7 -256.0' spd 439.9 yaw 196.0 mode 1 st 5 gl 1 hp 100 frg 0
ARGLOG Romero t  65.0 pos '304.0 2902.7 -135.7' spd 146.9 yaw 18 mode 2 st 8 gl 0 hp 72 frg -1
ARGEVT Romero swim
ARGEVT Romero swim
ARGLOG Joe Rogan t  65.4 pos '1088.0 1048.6 -248.0' spd 169.9 yaw 294 mode 2 st 14 gl 1 hp 188 frg 0
ARGLOG Carmack t  65.4 pos '1188.1 1036.7 -256.0' spd 436.0 yaw  34.7 mode 1 st 5 gl 1 hp 100 frg 0
ARGLOG Romero t  65.5 pos '304.0 2905.9 -137.6' spd 104.9 yaw 16 mode 2 st 8 gl 0 hp 72 frg -1
ARGEVT Romero swim
ARGEVT Romero swim
ARGLOG Joe Rogan t  66.0 pos '1080.9 985.0 -248.0' spd 323.5 yaw 307 mode 2 st 14 gl 1 hp 188 frg 0
ARGEVT Joe Rogan hazard
ARGLOG Carmack t  66.0 pos '1327.1 1033.6 -256.0' spd 416.3 yaw 229.3 mode 1 st 5 gl 1 hp 100 frg 0
ARGLOG Romero t  66.0 pos '304.0 2992.0 -137.4' spd 0 yaw 340 mode 2 st 8 gl 0 hp 68 frg -1
ARGEVT Romero swim
ARGEVT Romero swim
ARGEVT Joe Rogan stall
ARGEVT Joe Rogan stallnode '1169.0 993.0 -256.0'
ARGEVT Joe Rogan jump
ARGLOG Joe Rogan t  66.5 pos '1088.0 1064.9 -236.1' spd 140.6 yaw 339.0 mode 0 st 15 gl 1 hp 187 frg 0
ARGEVT Romero swim
ARGLOG Carmack t  66.5 pos '1178.8 988.3 -256.0' spd 438.0 yaw  63.8 mode 1 st 5 gl 1 hp 100 frg 0
ARGLOG Romero t  66.5 pos '304.0 2948.8 -137.2' spd 152.8 yaw 359 mode 2 st 8 gl 0 hp 68 frg -1
ARGEVT Joe Rogan route 3 start '945.0 1057.0 -248.0' goal '1297.0 1057.0 -408.0'
ARGEVT Romero swim
ARGLOG Joe Rogan t  67.0 pos '1085.8 1072.0 -235.8' spd  26.6 yaw 317 mode 2 st 15 gl 1 hp 186 frg 0
ARGEVT Romero swim
ARGLOG Carmack t  67.0 pos '1312.1 1073.1 -256.0' spd 439.6 yaw 258.7 mode 1 st 5 gl 1 hp 100 frg 0
ARGLOG Romero t  67.0 pos '304.0 2888.8 -136.9' spd  32.7 yaw 23 mode 2 st 8 gl 0 hp 60 frg -1
ARGEVT Romero swim
ARGEVT Romero stall
ARGEVT Romero stallnode '305.0 2945.0 -56.0'
ARGEVT Romero swim
ARGLOG Joe Rogan t  67.5 pos '961.2 1045.9 -248.0' spd 320.3 yaw 319 mode 2 st 15 gl 1 hp 186 frg 0
ARGLOG Carmack t  67.5 pos '1208.7 956.8 -256.0' spd 439.8 yaw  93.9 mode 1 st 5 gl 1 hp 100 frg 0
ARGEVT Romero route 14 start '209.0 2945.0 -152.0' goal '817.0 2433.0 -344.0'
ARGLOG Romero t  67.6 pos '304.0 2954.2 -136.6' spd 170.2 yaw 182 mode 2 st 9 gl 0 hp 60 frg -1
ARGEVT Romero swim
ARGEVT Romero swim
ARGLOG Joe Rogan t  68.0 pos '904.4 899.9 -280.0' spd 427.3 yaw 353 mode 2 st 15 gl 1 hp 185 frg 0
ARGLOG Carmack t  68.0 pos '1281.2 1096.2 -256.0' spd 440.0 yaw 289.1 mode 1 st 5 gl 1 hp 100 frg 0
ARGLOG Romero t  68.1 pos '283.5 2991.3 -136.3' spd 110.2 yaw 189 mode 2 st 9 gl 0 hp 52 frg -1
ARGEVT Joe Rogan hazard
ARGEVT Romero swim
ARGEVT Romero swim
ARGLOG Joe Rogan t  68.5 pos '1007.2 974.5 -248.0' spd 278.7 yaw 326 mode 2 st 15 gl 1 hp 185 frg 0
ARGLOG Carmack t  68.5 pos '1251.1 942.7 -256.0' spd 440.3 yaw 125.0 mode 1 st 5 gl 1 hp 100 frg 0
ARGLOG Romero t  68.6 pos '195.0 2975.3 -135.9' spd 219.6 yaw 189 mode 2 st 9 gl 0 hp 52 frg -1
ARGEVT Romero swim
ARGEVT Romero jump
ARGLOG Joe Rogan t  69.1 pos '1088.0 1072.0 -248.0' spd 0 yaw 292 mode 2 st 15 gl 1 hp 184 frg 0
ARGLOG Carmack t  69.1 pos '1240.3 1098.9 -256.0' spd 440.5 yaw 320.5 mode 1 st 5 gl 1 hp 100 frg 0
ARGLOG Romero t  69.1 pos '154.6 2945.4 -101.6' spd  68.8 yaw 181 mode 2 st 9 gl 0 hp 44 frg -1
ARGEVT Joe Rogan hazard
ARGLOG Joe Rogan t  69.6 pos '1085.4 997.2 -248.0' spd 297.1 yaw 303 mode 2 st 15 gl 1 hp 184 frg 0
ARGLOG Carmack t  69.6 pos '1295.0 951.6 -256.0' spd 440.1 yaw 156.0 mode 1 st 5 gl 1 hp 100 frg 0
ARGLOG Romero t  69.6 pos '124.7 2919.1 -136.0' spd 193.4 yaw 169 mode 2 st 9 gl 0 hp 40 frg -1
ARGEVT Romero jump
ARGLOG Joe Rogan t  70.1 pos '1088.0 1050.6 -248.0' spd 239.8 yaw 294 mode 2 st 15 gl 1 hp 183 frg 0
ARGLOG Carmack t  70.1 pos '1207.1 1080.0 -256.0' spd 439.0 yaw 349.9 mode 1 st 5 gl 1 hp 100 frg 0
ARGLOG Romero t  70.1 pos ' 19.8 2928.0 -98.3' spd  33.0 yaw 2 mode 2 st 9 gl 0 hp 40 frg -1
ARGEVT Joe Rogan hazard
ARGEVT Romero swim
ARGLOG Joe Rogan t  70.6 pos '1088.0 1029.2 -248.0' spd 308.2 yaw 297 mode 2 st 15 gl 1 hp 183 frg 0
ARGLOG Carmack t  70.6 pos '1327.6 978.1 -256.0' spd 440.2 yaw 185.8 mode 1 st 5 gl 1 hp 100 frg 0
ARGLOG Romero t  70.7 pos ' 32.0 2928.0 -147.5' spd 0 yaw 2 mode 2 st 9 gl 0 hp 36 frg -1
ARGEVT Joe Rogan stall
ARGEVT Joe Rogan stallnode '1169.0 993.0 -256.0'
ARGEVT Joe Rogan jump
ARGEVT Carmack abandon
ARGEVT Carmack goal item_artifact_super_damage
ARGEVT Joe Rogan route 3 start '945.0 1057.0 -248.0' goal '1297.0 1057.0 -408.0'
ARGEVT Carmack hazard
ARGLOG Joe Rogan t  71.1 pos '1088.0 1072.0 -210.0' spd 0 yaw 316 mode 2 st 16 gl 1 hp 182 frg 0
ARGLOG Carmack t  71.1 pos '1202.4 1010.7 -256.0' spd 348.2 yaw 114 mode 0 st 5 gl 1 hp 100 frg 0
ARGLOG Romero t  71.2 pos ' 32.0 2928.0 -142.9' spd 0 yaw 2 mode 2 st 9 gl 0 hp 36 frg -1
ARGEVT Carmack route 20 start '1169.0 993.0 -256.0' goal '529.0 2465.0 -88.0'
ARGLOG Joe Rogan t  71.6 pos '1028.3 1055.8 -248.0' spd 328.3 yaw 336 mode 2 st 16 gl 1 hp 182 frg 0
ARGLOG Carmack t  71.6 pos '1234.9 1104.0 -256.0' spd 176.6 yaw 255 mode 2 st 5 gl 1 hp 100 frg 0
ARGEVT Romero stall
ARGEVT Romero stallnode '305.0 2945.0 -56.0'
ARGLOG Romero t  71.7 pos ' 32.0 2928.0 -138.3' spd 0 yaw 156.0 mode 0 st 10 gl 0 hp 28 frg -1
ARGEVT Romero route 13 start ' 81.0 2945.0 -104.0' goal '817.0 2433.0 -344.0'
ARGEVT Romero jump
ARGLOG Joe Rogan t  72.1 pos '878.3 979.3 -248.0' spd 403.2 yaw 339 mode 2 st 16 gl 1 hp 181 frg 0
ARGLOG Carmack t  72.1 pos '1173.4 968.2 -256.0' spd 320.2 yaw 35 mode 2 st 5 gl 1 hp 100 frg 0
ARGLOG Romero t  72.2 pos ' 43.1 2915.7 -106.9' spd  56.3 yaw 22 mode 2 st 10 gl 0 hp 28 frg -1
ARGEVT Carmack hazard
ARGEVT Joe Rogan hazard
ARGLOG Joe Rogan t  72.7 pos '986.7 932.2 -264.0' spd 387.7 yaw 340 mode 2 st 16 gl 1 hp 181 frg 0
ARGLOG Carmack t  72.7 pos '1200.0 876.4 -256.0' spd 354.0 yaw 142 mode 2 st 5 gl 1 hp 100 frg 0
ARGLOG Romero t  72.7 pos ' 57.6 2928.0 -136.0' spd  38.2 yaw 3 mode 2 st 10 gl 0 hp 20 frg -1
ARGLOG Joe Rogan t  73.2 pos '1082.6 1034.7 -248.0' spd 293.4 yaw 297 mode 2 st 16 gl 1 hp 180 frg 0
ARGEVT Romero jump
ARGLOG Carmack t  73.2 pos '1205.5 940.1 -256.0' spd 347.3 yaw 145 mode 2 st 5 gl 1 hp 100 frg 0
ARGLOG Romero t  73.2 pos '128.5 2928.8 -108.1' spd 320.2 yaw 3 mode 2 st 10 gl 0 hp 20 frg -1
ARGEVT Joe Rogan hazard
ARGLOG Joe Rogan t  73.7 pos '1069.0 984.2 -248.0' spd 235.9 yaw 311 mode 2 st 16 gl 1 hp 180 frg 0
ARGLOG Carmack t  73.7 pos '1298.2 1082.7 -256.0' spd 346.0 yaw  98.3 mode 0 st 5 gl 1 hp 100 frg 0
ARGLOG Romero t  73.7 pos '293.0 2934.5 -106.9' spd 320.2 yaw 347 mode 2 st 10 gl 0 hp 20 frg -1
ARGEVT Romero swim
ARGEVT Carmack route 22 start '1265.0 1185.0 -280.0' goal '529.0 2465.0 -88.0'
ARGLOG Joe Rogan t  74.2 pos '1088.0 1071.0 -248.0' spd 121.4 yaw 292 mode 2 st 16 gl 1 hp 179 frg 0
ARGLOG Carmack t  74.2 pos '1262.9 1251.5 -309.8' spd 378.3 yaw 251 mode 2 st 5 gl 1 hp 100 frg 0
ARGEVT Carmack hazard
ARGLOG Romero t  74.2 pos '304.0 2941.8 -144.9' spd  13.1 yaw 346 mode 2 st 10 gl 0 hp 12 frg -1
ARGEVT Joe Rogan hazard
ARGLOG Joe Rogan t  74.7 pos '1076.1 985.3 -248.0' spd 166.4 yaw 308 mode 2 st 16 gl 1 hp 179 frg 0
ARGLOG Carmack t  74.7 pos '1242.3 1296.0 -335.2' spd 108.4 yaw 257 mode 2 st 5 gl 1 hp 100 frg 0
ARGLOG Romero t  74.8 pos '304.0 2946.1 -140.3' spd   4.9 yaw 345 mode 2 st 10 gl 0 hp 12 frg -1
ARGEVT Joe Rogan stall
ARGEVT Joe Rogan stallnode '1169.0 993.0 -256.0'
ARGEVT Joe Rogan jump
ARGLOG Joe Rogan t  75.2 pos '1088.0 1071.8 -219.1' spd   3.8 yaw   9.3 mode 0 st 17 gl 1 hp 178 frg 0
ARGLOG Carmack t  75.2 pos '1307.3 1229.5 -302.7' spd 324.4 yaw 240 mode 2 st 5 gl 1 hp 100 frg 0
ARGEVT Joe Rogan route 3 start '945.0 1057.0 -248.0' goal '1297.0 1057.0 -408.0'
ARGEVT Romero stall
ARGEVT Romero stallnode '433.0 2945.0 -56.0'
ARGLOG Romero t  75.3 pos '304.0 2947.4 -135.7' spd   0.6 yaw 511.7 mode 0 st 11 gl 0 hp 4 frg -1
ARGEVT Romero swim
ARGEVT Romero abandon
ARGEVT Romero goal item_health
ARGEVT Romero swim
ARGEVT Romero route 13 start '209.0 2945.0 -152.0' goal '945.0 2433.0 -112.0'
ARGLOG Joe Rogan t  75.7 pos '1082.9 1072.0 -248.0' spd  32.6 yaw 318 mode 2 st 17 gl 1 hp 178 frg 0
ARGLOG Carmack t  75.7 pos '1326.6 1064.7 -256.0' spd 349.1 yaw 232 mode 2 st 5 gl 1 hp 100 frg 0
ARGLOG Romero t  75.8 pos '304.0 2916.4 -137.5' spd 120.8 yaw 174 mode 2 st 11 gl 0 hp 4 frg -1
ARGEVT Romero swim
ARGEVT Romero death world pos '301.2 2902.1 -136.5'
ARGLOG Joe Rogan t  76.2 pos '928.7 1037.7 -248.0' spd 346.4 yaw 325 mode 2 st 17 gl 1 hp 177 frg 0
ARGLOG Carmack t  76.2 pos '1181.6 972.3 -256.0' spd 323.6 yaw 36 mode 2 st 5 gl 1 hp 100 frg 0
ARGEVT Carmack hazard
ARGLOG Joe Rogan t  76.8 pos '940.8 882.6 -280.0' spd 428.9 yaw 356 mode 2 st 17 gl 1 hp 177 frg 0
ARGLOG Carmack t  76.8 pos '1191.7 928.0 -256.0' spd  20.4 yaw 50 mode 2 st 5 gl 1 hp 100 frg 0
ARGEVT Joe Rogan hazard
ARGLOG Joe Rogan t  77.3 pos '992.0 912.0 -280.0' spd 0 yaw 346 mode 2 st 17 gl 1 hp 176 frg 0
ARGLOG Carmack t  77.3 pos '1200.0 906.3 -256.0' spd 268.7 yaw 57 mode 2 st 5 gl 1 hp 100 frg 0
ARGEVT Carmack hazard
ARGEVT Romero respawn
ARGEVT Romero goal weapon_rocketlauncher
ARGLOG Romero t  77.5 pos '528.0 1888.0 -168.0' spd 0 yaw 163.4 mode 0 st 11 gl 0 hp 100 frg -2
ARGEVT Romero route 14 start '529.0 1921.0 -168.0' goal '145.0 2337.0  40.0'
ARGLOG Joe Rogan t  77.8 pos '992.0 912.0 -280.0' spd 0 yaw 346 mode 2 st 17 gl 1 hp 176 frg 0
ARGLOG Carmack t  77.8 pos '1200.6 863.9 -256.0' spd 320.5 yaw 142 mode 2 st 5 gl 1 hp 100 frg 0
ARGEVT Joe Rogan hazard
ARGEVT Joe Rogan stall
ARGEVT Joe Rogan stallnode '1169.0 993.0 -256.0'
ARGEVT Joe Rogan jump
ARGEVT Carmack stall
ARGEVT Carmack stallnode '1297.0 1057.0 -408.0'
ARGEVT Carmack jump
ARGLOG Romero t  78.0 pos '381.4 1940.3 -168.0' spd 323.7 yaw 186 mode 2 st 11 gl 0 hp 100 frg -2
ARGEVT Joe Rogan route 4 start '977.0 961.0 -248.0' goal '1297.0 1057.0 -408.0'
ARGLOG Joe Rogan t  78.3 pos '991.9 919.8 -242.1' spd  34.2 yaw 22 mode 2 st 18 gl 1 hp 175 frg 0
ARGLOG Carmack t  78.3 pos '1240.4 1029.7 -218.1' spd 331.7 yaw 115 mode 0 st 6 gl 1 hp 100 frg 0
ARGLOG Romero t  78.5 pos '217.4 1955.6 -184.0' spd 320.2 yaw 191 mode 2 st 11 gl 0 hp 100 frg -2
ARGEVT Carmack route 20 start '1169.0 993.0 -256.0' goal '529.0 2465.0 -88.0'
ARGEVT Carmack hazard
ARGLOG Joe Rogan t  78.8 pos '948.9 1009.2 -248.0' spd 359.6 yaw 327 mode 2 st 18 gl 1 hp 175 frg 0
ARGLOG Carmack t  78.8 pos '1231.5 1087.9 -256.0' spd 329.6 yaw 255 mode 2 st 6 gl 1 hp 100 frg 0
ARGEVT Joe Rogan abandon
ARGEVT Joe Rogan goal weapon_grenadelauncher
ARGEVT Joe Rogan route 3 start '945.0 1057.0 -248.0' goal '1169.0 1057.0 -408.0'
ARGEVT Joe Rogan hazard
ARGLOG Romero t  79.0 pos ' 53.7 1936.9 -184.0' spd 320.3 yaw 145 mode 2 st 11 gl 0 hp 100 frg -2
ARGLOG Joe Rogan t  79.3 pos '1059.5 1027.8 -248.0' spd 328.4 yaw 304 mode 2 st 18 gl 1 hp 174 frg 0
ARGLOG Carmack t  79.3 pos '1175.6 929.8 -256.0' spd 335.0 yaw 46 mode 2 st 6 gl 1 hp 100 frg 0
ARGLOG Romero t  79.5 pos '-112.3 1919.9 -184.0' spd 376.8 yaw 114 mode 2 st 11 gl 0 hp 100 frg -2
ARGLOG Joe Rogan t  79.8 pos '1088.0 1027.5 -248.0' spd 304.6 yaw 297 mode 2 st 18 gl 1 hp 174 frg 0
ARGLOG Carmack t  79.8 pos '1190.6 928.0 -256.0' spd  19.2 yaw 50 mode 2 st 6 gl 1 hp 100 frg 0
ARGEVT Carmack hazard
ARGEVT Joe Rogan hazard
ARGLOG Romero t  80.0 pos '-213.4 2059.1 -152.0' spd 320.8 yaw 123 mode 2 st 11 gl 0 hp 100 frg -2
ARGLOG Joe Rogan t  80.4 pos '1088.0 1018.5 -248.0' spd 323.3 yaw 298 mode 2 st 18 gl 1 hp 173 frg 0
ARGLOG Carmack t  80.4 pos '1198.0 928.0 -256.0' spd  32.1 yaw 52 mode 2 st 6 gl 1 hp 100 frg 0
ARGLOG Romero t  80.6 pos '-265.5 2215.5 -136.0' spd 320.0 yaw 132 mode 2 st 11 gl 0 hp 100 frg -2
ARGLOG Joe Rogan t  80.9 pos '1088.0 1049.7 -248.0' spd 172.3 yaw 294 mode 2 st 18 gl 1 hp 173 frg 0
ARGLOG Carmack t  80.9 pos '1206.0 832.3 -256.0' spd 218.9 yaw 141 mode 2 st 6 gl 1 hp 100 frg 0
ARGEVT Joe Rogan hazard
ARGLOG Romero t  81.1 pos '-341.5 2362.8 -136.0' spd 328.8 yaw 122 mode 2 st 11 gl 0 hp 100 frg -2
ARGLOG Joe Rogan t  81.4 pos '1080.9 985.6 -248.0' spd 325.6 yaw 307 mode 2 st 18 gl 1 hp 172 frg 0
ARGLOG Carmack t  81.4 pos '1244.8 990.8 -256.0' spd 323.4 yaw 147 mode 2 st 6 gl 1 hp 100 frg 0
ARGLOG Romero t  81.6 pos '-465.2 2462.0 -136.0' spd 339.5 yaw 109 mode 2 st 11 gl 0 hp 100 frg -2
ARGEVT Romero hazard
ARGLOG Joe Rogan t  81.9 pos '1088.0 1064.4 -248.0' spd 129.7 yaw 293 mode 2 st 18 gl 1 hp 172 frg 0
ARGLOG Carmack t  81.9 pos '1293.2 1152.0 -264.0' spd 338.2 yaw 119 mode 0 st 6 gl 1 hp 100 frg 0
ARGEVT Carmack route 22 start '1265.0 1185.0 -280.0' goal '529.0 2465.0 -88.0'
ARGEVT Joe Rogan hazard
ARGLOG Romero t  82.1 pos '-480.0 2633.7 -104.0' spd 354.0 yaw 187 mode 2 st 11 gl 0 hp 100 frg -2
ARGEVT Carmack hazard
ARGEVT Romero lift
ARGLOG Joe Rogan t  82.4 pos '1067.9 982.7 -248.0' spd  26.6 yaw 311 mode 2 st 18 gl 1 hp 171 frg 0
ARGLOG Carmack t  82.4 pos '1257.4 1300.0 -310.5' spd 122.6 yaw 254 mode 2 st 6 gl 1 hp 100 frg 0
ARGLOG Romero t  82.6 pos '-555.9 2766.3 -104.0' spd 109.7 yaw 274 mode 2 st 11 gl 0 hp 100 frg -2
ARGEVT Romero board
ARGEVT Romero jump
ARGLOG Joe Rogan t  82.9 pos '1088.0 1072.0 -248.0' spd 0 yaw 292 mode 2 st 18 gl 1 hp 171 frg 0
ARGLOG Carmack t  82.9 pos '1264.6 1297.0 -336.5' spd 131.2 yaw 253 mode 2 st 6 gl 1 hp 100 frg 0
ARGEVT Joe Rogan hazard
ARGLOG Romero t  83.1 pos '-572.5 2671.2 -58.3' spd 0 yaw 278 mode 2 st 11 gl 0 hp 100 frg -2
ARGLOG Joe Rogan t  83.4 pos '1085.1 997.0 -248.0' spd 294.0 yaw 303 mode 2 st 18 gl 1 hp 170 frg 0
ARGLOG Carmack t  83.4 pos '1315.7 1148.8 -262.4' spd 321.0 yaw 227 mode 2 st 6 gl 1 hp 100 frg 0
ARGLOG Romero t  83.6 pos '-571.6 2668.2  11.9' spd 0 yaw 278 mode 2 st 11 gl 0 hp 100 frg -2
ARGEVT Joe Rogan stall
ARGEVT Joe Rogan stallnode '1169.0 993.0 -256.0'
ARGEVT Joe Rogan jump
ARGEVT Joe Rogan route 3 start '945.0 1057.0 -248.0' goal '1169.0 1057.0 -408.0'
ARGLOG Joe Rogan t  84.0 pos '1088.0 1072.0 -210.3' spd 0 yaw 316 mode 2 st 19 gl 1 hp 170 frg 0
ARGLOG Carmack t  84.0 pos '1265.2 991.0 -256.0' spd 364.7 yaw 233 mode 2 st 6 gl 1 hp 100 frg 0
ARGLOG Romero t  84.2 pos '-548.4 2551.4  56.0' spd 320.2 yaw 307 mode 2 st 11 gl 0 hp 100 frg -2
ARGEVT Carmack hazard
ARGLOG Joe Rogan t  84.5 pos '1060.2 1066.1 -248.0' spd 281.2 yaw 327 mode 2 st 19 gl 1 hp 169 frg 0
ARGLOG Carmack t  84.5 pos '1180.2 929.5 -256.0' spd 323.8 yaw 47 mode 2 st 6 gl 1 hp 100 frg 0
ARGLOG Romero t  84.7 pos '-517.4 2387.2  56.0' spd 360.3 yaw 2 mode 2 st 11 gl 0 hp 100 frg -2
ARGLOG Joe Rogan t  85.0 pos '897.0 1015.6 -248.0' spd 379.7 yaw 332 mode 2 st 19 gl 1 hp 168 frg 0
ARGLOG Carmack t  85.0 pos '1199.5 928.0 -256.0' spd  88.1 yaw 52 mode 2 st 6 gl 1 hp 100 frg 0
ARGLOG Romero t  85.2 pos '-361.6 2319.7  56.0' spd 338.0 yaw 346 mode 2 st 11 gl 0 hp 100 frg -2
ARGEVT Carmack hazard
ARGEVT Joe Rogan hazard
ARGLOG Joe Rogan t  85.5 pos '965.8 897.6 -280.0' spd 378.9 yaw 351 mode 2 st 19 gl 1 hp 168 frg 0
ARGLOG Carmack t  85.5 pos '1217.2 821.1 -256.0' spd 108.5 yaw 141 mode 2 st 6 gl 1 hp 100 frg 0
ARGLOG Romero t  85.7 pos '-207.2 2384.1  56.0' spd 332.8 yaw 353 mode 2 st 11 gl 0 hp 100 frg -2
ARGEVT Romero hazard
ARGEVT Carmack stall
ARGEVT Carmack stallnode '1297.0 1057.0 -408.0'
ARGEVT Carmack jump
ARGLOG Joe Rogan t  86.0 pos '1070.9 1007.3 -248.0' spd 344.7 yaw 305 mode 2 st 19 gl 1 hp 167 frg 0
ARGLOG Carmack t  86.0 pos '1222.5 965.8 -226.9' spd 333.7 yaw 107.3 mode 0 st 7 gl 1 hp 100 frg 0
ARGEVT Carmack route 20 start '1169.0 993.0 -256.0' goal '529.0 2465.0 -88.0'
ARGLOG Romero t  86.2 pos '-144.0 2424.0  -4.2' spd  33.7 yaw 344 mode 2 st 11 gl 0 hp 100 frg -2
ARGLOG Joe Rogan t  86.5 pos '1088.0 1019.1 -248.0' spd 322.2 yaw 298 mode 2 st 19 gl 1 hp 167 frg 0
ARGEVT Joe Rogan hazard
ARGLOG Carmack t  86.5 pos '1218.0 1104.0 -256.0' spd 203.9 yaw 259 mode 2 st 7 gl 1 hp 100 frg 0
ARGLOG Romero t  86.7 pos '-144.0 2356.5 -136.0' spd 351.2 yaw 357 mode 2 st 11 gl 0 hp 100 frg -2
ARGEVT Romero hazard
ARGLOG Joe Rogan t  87.0 pos '1088.0 1050.3 -248.0' spd 172.1 yaw 294 mode 2 st 19 gl 1 hp 166 frg 0
ARGLOG Carmack t  87.0 pos '1154.9 992.0 -256.0' spd  18.2 yaw 24 mode 2 st 7 gl 1 hp 100 frg 0
ARGLOG Romero t  87.2 pos '-153.0 2195.7 -136.0' spd 306.7 yaw 25 mode 2 st 11 gl 0 hp 100 frg -2
ARGLOG Joe Rogan t  87.6 pos '1080.5 985.8 -248.0' spd 321.0 yaw 307 mode 2 st 19 gl 1 hp 166 frg 0
ARGEVT Joe Rogan hazard
ARGLOG Carmack t  87.6 pos '1162.6 992.0 -256.0' spd  11.6 yaw 25 mode 2 st 7 gl 1 hp 100 frg 0
ARGLOG Romero t  87.8 pos '-144.0 2271.6 -136.0' spd 275.6 yaw 12 mode 2 st 11 gl 0 hp 100 frg -2
ARGEVT Carmack hazard
ARGEVT Romero hazard
ARGEVT Joe Rogan stall
ARGEVT Joe Rogan stallnode '1169.0 993.0 -256.0'
ARGEVT Joe Rogan jump
ARGLOG Joe Rogan t  88.1 pos '1088.0 1064.4 -236.1' spd 138.7 yaw 338.6 mode 0 st 20 gl 1 hp 165 frg 0
ARGLOG Carmack t  88.1 pos '1195.3 928.0 -256.0' spd  78.1 yaw 51 mode 2 st 7 gl 1 hp 100 frg 0
ARGEVT Joe Rogan route 3 start '945.0 1057.0 -248.0' goal '1169.0 1057.0 -408.0'
ARGLOG Romero t  88.3 pos '-144.0 2347.7 -136.0' spd 117.9 yaw 358 mode 2 st 11 gl 0 hp 100 frg -2
ARGLOG Joe Rogan t  88.6 pos '1085.9 1072.0 -235.4' spd  26.0 yaw 317 mode 2 st 20 gl 1 hp 165 frg 0
ARGLOG Carmack t  88.6 pos '1196.0 928.0 -256.0' spd  69.0 yaw 51 mode 2 st 7 gl 1 hp 100 frg 0
ARGEVT Romero stall
ARGEVT Romero stallnode '-47.0 2241.0  40.0'
ARGLOG Romero t  88.8 pos '-144.0 2332.1 -136.0' spd 345.8 yaw 167.4 mode 0 st 12 gl 0 hp 100 frg -2
ARGEVT Romero jump
ARGEVT Carmack hazard
ARGEVT Romero route 10 start '-239.0 2145.0 -136.0' goal '145.0 2337.0  40.0'
ARGLOG Joe Rogan t  89.1 pos '961.2 1046.1 -248.0' spd 320.2 yaw 319 mode 2 st 20 gl 1 hp 164 frg 0
ARGLOG Carmack t  89.1 pos '1206.5 832.3 -256.0' spd 219.0 yaw 141 mode 2 st 7 gl 1 hp 100 frg 0
ARGLOG Romero t  89.3 pos '-157.4 2159.2 -136.0' spd 366.1 yaw 138 mode 2 st 12 gl 0 hp 100 frg -2
ARGLOG Joe Rogan t  89.6 pos '902.7 900.9 -280.0' spd 427.2 yaw 353 mode 2 st 20 gl 1 hp 164 frg 0
ARGLOG Carmack t  89.6 pos '1245.6 991.1 -256.0' spd 323.4 yaw 147 mode 2 st 7 gl 1 hp 100 frg 0
ARGEVT Joe Rogan hazard
ARGLOG Romero t  89.8 pos '-317.6 2192.4 -136.0' spd 370.7 yaw 121 mode 2 st 12 gl 0 hp 100 frg -2
ARGLOG Joe Rogan t  90.1 pos '1007.1 974.2 -248.0' spd 278.6 yaw 327 mode 2 st 20 gl 1 hp 163 frg 0
ARGLOG Carmack t  90.1 pos '1293.1 1151.3 -263.6' spd 338.3 yaw 119 mode 0 st 7 gl 1 hp 100 frg 0
ARGEVT Carmack route 22 start '1265.0 1185.0 -280.0' goal '529.0 2465.0 -88.0'
ARGLOG Romero t  90.3 pos '-329.4 2366.2 -136.0' spd 359.1 yaw 124 mode 2 st 12 gl 0 hp 100 frg -2
ARGEVT Carmack hazard
ARGLOG Joe Rogan t  90.6 pos '1088.0 1072.0 -248.0' spd 0 yaw 292 mode 2 st 20 gl 1 hp 163 frg 0
ARGLOG Carmack t  90.6 pos '1262.0 1299.3 -308.0' spd  72.7 yaw 254 mode 2 st 7 gl 1 hp 100 frg 0
ARGEVT Joe Rogan hazard
ARGLOG Romero t  90.9 pos '-473.1 2464.4 -136.0' spd 334.0 yaw 108 mode 2 st 12 gl 0 hp 100 frg -2
ARGEVT Romero hazard
ARGEVT Carmack abandon
ARGEVT Carmack goal item_armor2
ARGEVT Carmack route 5 start '1265.0 1313.0 -344.0' goal '1297.0 1057.0 -408.0'
ARGLOG Joe Rogan t  91.2 pos '1084.6 996.2 -248.0' spd 291.2 yaw 303 mode 2 st 20 gl 1 hp 162 frg 0
ARGLOG Carmack t  91.2 pos '1254.1 1296.0 -336.0' spd 0 yaw 284 mode 2 st 7 gl 1 hp 100 frg 0
ARGLOG Romero t  91.4 pos '-480.0 2544.0 -120.0' spd 0 yaw 114 mode 2 st 12 gl 0 hp 100 frg -2
ARGEVT Carmack stall
ARGEVT Carmack stallnode '1265.0 1185.0 -280.0'
ARGEVT Carmack jump
ARGLOG Joe Rogan t  91.7 pos '1088.0 1051.7 -248.0' spd 234.6 yaw 294 mode 2 st 20 gl 1 hp 162 frg 0
ARGUS routecache adopt
ARGEVT Carmack route 5 start '1265.0 1313.0 -344.0' goal '1297.0 1057.0 -408.0'
ARGLOG Carmack t  91.7 pos '1254.1 1296.0 -324.3' spd 0 yaw 284 mode 0 st 8 gl 1 hp 100 frg 0
ARGEVT Joe Rogan hazard
ARGLOG Romero t  91.9 pos '-480.0 2544.0 -120.0' spd 0 yaw 114 mode 2 st 12 gl 0 hp 100 frg -2
ARGLOG Joe Rogan t  92.2 pos '1088.0 1030.6 -248.0' spd 309.3 yaw 297 mode 2 st 20 gl 1 hp 161 frg 0
ARGLOG Carmack t  92.2 pos '1266.2 1290.0 -323.0' spd  39.5 yaw 252 mode 2 st 8 gl 1 hp 100 frg 0
ARGEVT Joe Rogan stall
ARGEVT Joe Rogan stallnode '1169.0 993.0 -256.0'
ARGEVT Joe Rogan jump
ARGEVT Romero stall
ARGEVT Romero stallnode '-527.0 2657.0 -104.0'
ARGLOG Romero t  92.4 pos '-480.0 2544.0 -120.0' spd 0 yaw 246.2 mode 0 st 13 gl 0 hp 100 frg -2
ARGEVT Romero jump
ARGEVT Joe Rogan route 3 start '945.0 1057.0 -248.0' goal '1169.0 1057.0 -408.0'
ARGLOG Joe Rogan t  92.7 pos '1088.0 1072.0 -210.1' spd 0 yaw 316 mode 2 st 21 gl 1 hp 161 frg 0
ARGLOG Carmack t  92.7 pos '1302.8 1158.6 -267.3' spd 320.1 yaw 232 mode 2 st 8 gl 1 hp 100 frg 0
ARGEVT Romero route 7 start '-367.0 2593.0 -104.0' goal '145.0 2337.0  40.0'
ARGLOG Romero t  92.9 pos '-472.0 2558.4 -97.8' spd  49.5 yaw 118 mode 2 st 13 gl 0 hp 100 frg -2
ARGLOG Joe Rogan t  93.2 pos '1027.5 1055.3 -248.0' spd 329.6 yaw 337 mode 2 st 21 gl 1 hp 160 frg 0
ARGLOG Carmack t  93.2 pos '1278.2 993.9 -256.0' spd 388.0 yaw 230 mode 2 st 8 gl 1 hp 100 frg 0
ARGLOG Romero t  93.4 pos '-376.9 2670.3 -104.0' spd 409.3 yaw 194 mode 2 st 13 gl 0 hp 100 frg -2
ARGEVT Carmack hazard
ARGLOG Joe Rogan t  93.7 pos '876.0 981.3 -248.0' spd 402.8 yaw 339 mode 2 st 21 gl 1 hp 160 frg 0
ARGLOG Carmack t  93.7 pos '1170.2 984.9 -256.0' spd 240 yaw 29 mode 2 st 8 gl 1 hp 100 frg 0
ARGEVT Romero lift
ARGLOG Romero t  93.9 pos '-535.9 2749.4 -104.0' spd 357.8 yaw 272 mode 2 st 13 gl 0 hp 100 frg -2
ARGEVT Romero hazard
ARGEVT Joe Rogan hazard
ARGEVT Romero board
ARGEVT Romero jump
ARGLOG Joe Rogan t  94.2 pos '991.1 913.8 -264.0' spd 395.0 yaw 345 mode 2 st 21 gl 1 hp 159 frg 0
ARGLOG Carmack t  94.2 pos '1200.0 894.4 -256.0' spd 315.3 yaw 217.4 mode 2 st 8 gl 1 hp 100 frg 0
ARGLOG Romero t  94.5 pos '-559.2 2668.9 -49.3' spd 0 yaw 276 mode 2 st 13 gl 0 hp 100 frg -2
ARGLOG Joe Rogan t  94.8 pos '1073.8 1024.2 -248.0' spd 341.6 yaw 301 mode 2 st 21 gl 1 hp 159 frg 0
ARGLOG Carmack t  94.8 pos '1202.1 917.3 -256.0' spd 331.9 yaw 55 mode 2 st 8 gl 1 hp 100 frg 0
ARGLOG Romero t  95.0 pos '-559.1 2667.4  19.8' spd 0 yaw 298 mode 2 st 13 gl 0 hp 100 frg -2
ARGEVT Joe Rogan hazard
ARGLOG Joe Rogan t  95.3 pos '1086.8 1001.5 -248.0' spd 341.8 yaw 302 mode 2 st 21 gl 1 hp 158 frg 0
ARGLOG Carmack t  95.3 pos '1293.8 1058.7 -256.0' spd 362.1 yaw 347.7 mode 1 st 8 gl 1 hp 100 frg 0
ARGLOG Romero t  95.5 pos '-541.6 2534.6  56.0' spd 320.0 yaw 308 mode 2 st 13 gl 0 hp 100 frg -2
ARGLOG Joe Rogan t  95.8 pos '1088.0 1058.6 -248.0' spd 140.0 yaw 293 mode 2 st 21 gl 1 hp 158 frg 0
ARGLOG Carmack t  95.8 pos '1396.7 940.5 -256.0' spd 433.9 yaw 182.0 mode 1 st 8 gl 1 hp 100 frg 0
ARGLOG Romero t  96.0 pos '-505.9 2370.1  56.0' spd 362.0 yaw 5 mode 2 st 13 gl 0 hp 100 frg -2
ARGEVT Joe Rogan hazard
ARGLOG Joe Rogan t  96.3 pos '1073.6 977.0 -248.0' spd 236.4 yaw 311 mode 2 st 21 gl 1 hp 157 frg 0
ARGLOG Carmack t  96.3 pos '1257.1 1014.7 -256.0' spd 423.5 yaw 31 mode 1 st 8 gl 1 hp 100 frg 0
ARGLOG Romero t  96.5 pos '-344.4 2320.9  56.0' spd 334.6 yaw 345 mode 2 st 13 gl 0 hp 100 frg -2
ARGLOG Joe Rogan t  96.8 pos '1085.2 1066.2 -248.0' spd 117.7 yaw 293 mode 2 st 21 gl 1 hp 157 frg 0
ARGLOG Carmack t  96.8 pos '1414.4 1012.0 -256.0' spd 438.5 yaw 227.8 mode 1 st 8 gl 1 hp 100 frg 0
ARGLOG Romero t  97.0 pos '-191.1 2388.3  56.0' spd 350.1 yaw 352 mode 2 st 13 gl 0 hp 100 frg -2
ARGEVT Romero hazard
ARGEVT Joe Rogan hazard
ARGLOG Joe Rogan t  97.3 pos '1081.0 988.9 -248.0' spd 242.1 yaw 306 mode 2 st 21 gl 1 hp 156 frg 0
ARGLOG Carmack t  97.3 pos '1265.8 967.0 -256.0' spd 439.7 yaw  63.0 mode 1 st 8 gl 1 hp 100 frg 0
ARGLOG Romero t  97.5 pos '-144.0 2225.6  43.4' spd 383.1 yaw 21 mode 2 st 13 gl 0 hp 100 frg -2
ARGEVT Romero abandon
ARGEVT Romero plan powerup via weapon
ARGEVT Romero goal weapon_grenadelauncher
ARGEVT Romero route 29 start '-207.0 2401.0  56.0' goal '1169.0 1057.0 -408.0'
ARGLOG Joe Rogan t  97.9 pos '1087.4 1063.7 -248.0' spd 163.2 yaw 293 mode 2 st 21 gl 1 hp 156 frg 0
ARGLOG Carmack t  97.9 pos '1396.3 1057.8 -256.0' spd 438.2 yaw 262.2 mode 1 st 8 gl 1 hp 100 frg 0
ARGLOG Romero t  98.1 pos '-144.0 2147.4 -136.0' spd  32.7 yaw 100 mode 2 st 13 gl 0 hp 100 frg -2
ARGEVT Joe Rogan hazard
ARGLOG Joe Rogan t  98.4 pos '1085.5 1021.4 -248.0' spd 258.6 yaw 299 mode 2 st 21 gl 1 hp 155 frg 0
ARGLOG Carmack t  98.4 pos '1300.1 935.1 -256.0' spd 440.4 yaw  98.4 mode 1 st 8 gl 1 hp 100 frg 0
ARGLOG Romero t  98.6 pos '-165.8 2301.4 -136.0' spd 321.3 yaw 101 mode 2 st 13 gl 0 hp 100 frg -2
ARGEVT Romero hazard
ARGLOG Joe Rogan t  98.9 pos '1088.0 1033.3 -248.0' spd 319.9 yaw 296 mode 2 st 21 gl 1 hp 155 frg 0
ARGLOG Carmack t  98.9 pos '1358.7 1082.6 -256.0' spd 438.6 yaw 296.1 mode 1 st 8 gl 1 hp 100 frg 0
ARGEVT Joe Rogan abandon
ARGEVT Joe Rogan goal item_artifact_invulnerability
ARGLOG Romero t  99.1 pos '-233.1 2411.5 -136.0' spd 329.1 yaw 74 mode 2 st 13 gl 0 hp 100 frg -2
ARGEVT Joe Rogan route 6 start '977.0 961.0 -248.0' goal '241.0 1793.0 -40.0'
ARGLOG Joe Rogan t  99.4 pos '1087.4 1055.4 -248.0' spd 322.5 yaw 323 mode 2 st 21 gl 1 hp 154 frg 0
ARGEVT Joe Rogan hazard
ARGLOG Carmack t  99.4 pos '1348.6 926.5 -256.0' spd 440.5 yaw 132.6 mode 1 st 8 gl 1 hp 100 frg 0
ARGEVT Romero jump
ARGLOG Romero t  99.6 pos '-194.7 2571.8 -92.3' spd 320.4 yaw 45 mode 2 st 13 gl 0 hp 100 frg -2
ARGLOG Joe Rogan t  99.9 pos '992.6 1030.3 -248.0' spd 321.8 yaw 349 mode 2 st 21 gl 1 hp 154 frg 0
ARGLOG Carmack t  99.9 pos '1315.3 1081.0 -256.0' spd 437.9 yaw 330.1 mode 1 st 8 gl 1 hp 100 frg 0
ARGLOG Romero t 100.1 pos '-144.8 2583.8 -88.0' spd  99.5 yaw 70 mode 2 st 13 gl 0 hp 100 frg -2
ARGEVT Romero hazard
ARGLOG Joe Rogan t 100.4 pos '980.2 873.5 -296.0' spd 424.7 yaw 358 mode 2 st 21 gl 1 hp 153 frg 0
ARGEVT Joe Rogan hazard
ARGLOG Carmack t 100.4 pos '1393.3 945.0 -256.0' spd 440.1 yaw 165.9 mode 1 st 8 gl 1 hp 100 frg 0
ARGLOG Romero t 100.6 pos '-115.7 2727.4 -72.0' spd 320.0 yaw 43 mode 2 st 13 gl 0 hp 100 frg -2
ARGLOG Joe Rogan t 100.9 pos '1053.3 1000.5 -248.0' spd 348.7 yaw 311 mode 2 st 21 gl 1 hp 153 frg 0
ARGLOG Carmack t 100.9 pos '1281.1 1055.2 -256.0' spd 436.8 yaw   4.0 mode 1 st 8 gl 1 hp 100 frg 0
ARGLOG Romero t 101.1 pos '-46.2 2876.5 -56.0' spd 320.0 yaw 23 mode 2 st 13 gl 0 hp 100 frg -2
ARGLOG Joe Rogan t 101.4 pos '1088.0 1023.7 -248.0' spd 334.8 yaw 298 mode 2 st 21 gl 1 hp 152 frg 0
ARGEVT Joe Rogan hazard
ARGLOG Carmack t 101.4 pos '1419.0 983.4 -256.0' spd 428.8 yaw 198.3 mode 1 st 8 gl 1 hp 100 frg 0
ARGEVT Romero hazard
ARGLOG Romero t 101.7 pos ' 69.0 2969.6 -104.0' spd 322.5 yaw 355 mode 2 st 13 gl 0 hp 100 frg -2
ARGLOG Joe Rogan t 102.0 pos '1088.0 1043.0 -248.0' spd 184.1 yaw 295 mode 2 st 21 gl 1 hp 152 frg 0
ARGLOG Carmack t 102.0 pos '1267.9 1019.5 -256.0' spd 439.7 yaw  33.5 mode 1 st 8 gl 1 hp 100 frg 0
ARGLOG Romero t 102.2 pos ' 48.7 2958.8 -88.0' spd  88.5 yaw 357 mode 2 st 13 gl 0 hp 100 frg -2
ARGLOG Joe Rogan t 102.5 pos '1086.7 1002.1 -248.0' spd 342.8 yaw 301 mode 2 st 21 gl 1 hp 151 frg 0
ARGEVT Joe Rogan hazard
ARGLOG Carmack t 102.5 pos '1424.0 1028.8 -256.0' spd 414.8 yaw 230.0 mode 1 st 8 gl 1 hp 100 frg 0
ARGEVT Romero hazard
ARGLOG Romero t 102.7 pos ' 34.4 2961.1 -88.0' spd 107.8 yaw 357 mode 2 st 13 gl 0 hp 100 frg -2
ARGLOG Joe Rogan t 103.0 pos '1084.8 1051.0 -248.0' spd 123.2 yaw 295 mode 2 st 21 gl 1 hp 150 frg 0
ARGLOG Carmack t 103.0 pos '1274.2 989.8 -256.0' spd 435.2 yaw  65.8 mode 1 st 8 gl 1 hp 100 frg 0
ARGLOG Romero t 103.2 pos ' 39.7 2960.8 -88.0' spd 137.3 yaw 357 mode 2 st 13 gl 0 hp 100 frg -2
ARGLOG Joe Rogan t 103.5 pos '1067.6 981.7 -248.0' spd 117.3 yaw 311 mode 2 st 21 gl 1 hp 150 frg 0
ARGLOG Carmack t 103.5 pos '1403.8 1079.0 -256.0' spd 439.9 yaw 261.3 mode 1 st 8 gl 1 hp 100 frg 0
ARGEVT Joe Rogan hazard
ARGEVT Romero hazard
ARGLOG Romero t 103.7 pos ' 53.6 2972.1 -88.0' spd 321.1 yaw 354 mode 2 st 13 gl 0 hp 100 frg -2
ARGEVT Romero stall
ARGEVT Romero stallnode '113.0 2945.0 -120.0'
ARGEVT Romero jump
ARGEVT Romero door
ARGLOG Joe Rogan t 104.0 pos '1088.0 1070.6 -248.0' spd 122.1 yaw 292 mode 2 st 21 gl 1 hp 149 frg 0
ARGEVT Romero door
ARGLOG Carmack t 104.0 pos '1304.0 959.1 -256.0' spd 438.9 yaw  96.5 mode 1 st 8 gl 1 hp 100 frg 0
ARGEVT Romero route 25 start '-15.0 2945.0 -56.0' goal '1169.0 1057.0 -408.0'
ARGLOG Romero t 104.2 pos ' 32.0 2929.3 -49.1' spd 109.0 yaw 10 mode 2 st 14 gl 0 hp 100 frg -2
ARGLOG Joe Rogan t 104.5 pos '1084.7 993.8 -248.0' spd 266.9 yaw 304 mode 2 st 21 gl 1 hp 149 frg 0
ARGLOG Carmack t 104.5 pos '1369.2 1102.1 -256.0' spd 440.4 yaw 292.7 mode 1 st 8 gl 1 hp 100 frg 0
ARGEVT Joe Rogan hazard
ARGLOG Romero t 104.7 pos ' 17.4 2896.6 -152.0' spd  57.1 yaw 9 mode 2 st 14 gl 0 hp 92 frg -2
ARGLOG Joe Rogan t 105.0 pos '1083.9 1002.6 -248.0' spd 298.3 yaw 302 mode 2 st 21 gl 1 hp 148 frg 0
ARGLOG Carmack t 105.0 pos '1342.3 957.3 -256.0' spd 427.2 yaw 127.9 mode 1 st 8 gl 1 hp 100 frg 0
ARGLOG Romero t 105.3 pos ' 32.0 2928.0 -152.0' spd 0 yaw 3 mode 2 st 14 gl 0 hp 92 frg -2
ARGEVT Joe Rogan stall
ARGEVT Joe Rogan stallnode '1169.0 993.0 -256.0'
ARGEVT Joe Rogan jump
ARGEVT Joe Rogan route 6 start '977.0 961.0 -248.0' goal '241.0 1793.0 -40.0'
ARGLOG Joe Rogan t 105.6 pos '1088.0 1051.7 -210.3' spd 208.3 yaw 203 mode 2 st 22 gl 1 hp 148 frg 0
ARGLOG Carmack t 105.6 pos '1326.7 1113.1 -256.0' spd 439.6 yaw 323.4 mode 1 st 8 gl 1 hp 100 frg 0
ARGLOG Romero t 105.8 pos ' 32.0 2928.0 -152.0' spd 0 yaw 3 mode 2 st 14 gl 0 hp 84 frg -2
ARGLOG Joe Rogan t 106.1 pos '1059.7 1058.1 -248.0' spd 298.0 yaw 210 mode 2 st 22 gl 1 hp 147 frg 0
ARGEVT Romero stall
ARGEVT Romero stallnode '113.0 2945.0 -120.0'
ARGEVT Romero jump
ARGLOG Carmack t 106.1 pos '1321.8 986.9 -256.0' spd 406.1 yaw 158.9 mode 1 st 8 gl 1 hp 100 frg 0
ARGEVT Romero swim
ARGLOG Romero t 106.3 pos ' 32.0 2925.5 -138.7' spd  31.2 yaw 305.7 mode 0 st 15 gl 0 hp 84 frg -2
ARGEVT Romero route 27 start ' 49.0 2849.0 -152.0' goal '1169.0 1057.0 -408.0'
ARGEVT Carmack hazard
ARGLOG Joe Rogan t 106.6 pos '927.3 954.5 -248.0' spd 366.9 yaw 340 mode 2 st 22 gl 1 hp 147 frg 0
ARGLOG Carmack t 106.6 pos '1247.1 1087.4 -256.0' spd 348.3 yaw 355.4 mode 1 st 8 gl 1 hp 100 frg 0
ARGEVT Romero jump
ARGLOG Romero t 106.8 pos ' 46.2 2885.0 -134.4' spd 106.0 yaw 135 mode 2 st 15 gl 0 hp 80 frg -2
ARGEVT Romero swim
ARGEVT Joe Rogan hazard
ARGLOG Joe Rogan t 107.1 pos '990.8 897.5 -280.0' spd 394.8 yaw 350 mode 2 st 22 gl 1 hp 146 frg 0
ARGLOG Carmack t 107.1 pos '1357.1 975.8 -256.0' spd 429.5 yaw 191.2 mode 1 st 8 gl 1 hp 100 frg 0
ARGLOG Romero t 107.3 pos ' 93.1 2896.0 -136.5' spd  55.6 yaw 155 mode 2 st 15 gl 0 hp 80 frg -2
ARGEVT Romero jump
ARGLOG Joe Rogan t 107.6 pos '1070.6 1006.3 -248.0' spd 344.4 yaw 305 mode 2 st 22 gl 1 hp 146 frg 0
ARGLOG Carmack t 107.6 pos '1211.3 1030.0 -256.0' spd 439.4 yaw  26.4 mode 1 st 8 gl 1 hp 100 frg 0
ARGLOG Romero t 107.8 pos ' 98.5 2916.1 -98.0' spd  61.3 yaw 165 mode 2 st 15 gl 0 hp 80 frg -2
ARGEVT Joe Rogan hazard
ARGLOG Joe Rogan t 108.1 pos '1088.0 1014.1 -248.0' spd 332.7 yaw 299 mode 2 st 22 gl 1 hp 145 frg 0
ARGLOG Carmack t 108.1 pos '1368.6 1016.9 -256.0' spd 439.7 yaw 221.3 mode 1 st 8 gl 1 hp 100 frg 0
ARGLOG Romero t 108.3 pos ' 75.3 2928.0 -136.0' spd  12.7 yaw 2 mode 2 st 15 gl 0 hp 72 frg -2
ARGEVT Romero jump
ARGLOG Joe Rogan t 108.6 pos '1088.0 1049.6 -248.0' spd 144.2 yaw 294 mode 2 st 22 gl 1 hp 145 frg 0
ARGLOG Carmack t 108.6 pos '1216.1 987.4 -256.0' spd 440.0 yaw  56.8 mode 1 st 8 gl 1 hp 100 frg 0
ARGLOG Romero t 108.8 pos '220.3 2951.3 -82.1' spd 320.9 yaw 359 mode 2 st 15 gl 0 hp 72 frg -2
ARGEVT Joe Rogan hazard
ARGLOG Joe Rogan t 109.2 pos '1080.9 986.5 -248.0' spd 324.1 yaw 306 mode 2 st 22 gl 1 hp 144 frg 0
ARGLOG Carmack t 109.2 pos '1357.7 1057.5 -256.0' spd 440.5 yaw 253.0 mode 1 st 8 gl 1 hp 100 frg 0
ARGEVT Romero swim
ARGLOG Romero t 109.4 pos '304.0 2975.3 -146.0' spd  18.6 yaw 341 mode 2 st 15 gl 0 hp 64 frg -2
ARGEVT Joe Rogan stall
ARGEVT Joe Rogan stallnode '1169.0 993.0 -256.0'
ARGEVT Joe Rogan jump
ARGLOG Joe Rogan t 109.7 pos '1088.0 1065.0 -236.3' spd 140.0 yaw 338.3 mode 0 st 23 gl 1 hp 144 frg 0
ARGLOG Carmack t 109.7 pos '1243.3 951.5 -256.0' spd 440.3 yaw  88.8 mode 1 st 8 gl 1 hp 100 frg 0
ARGEVT Joe Rogan route 5 start '945.0 1057.0 -248.0' goal '241.0 1793.0 -40.0'
ARGLOG Romero t 109.9 pos '304.0 2966.8 -141.4' spd  34.2 yaw 342 mode 2 st 15 gl 0 hp 64 frg -2
ARGLOG Joe Rogan t 110.2 pos '1086.0 1072.0 -234.5' spd  25.1 yaw 317 mode 2 st 23 gl 1 hp 143 frg 0
ARGLOG Carmack t 110.2 pos '1327.2 1084.1 -256.0' spd 439.9 yaw 284.7 mode 1 st 8 gl 1 hp 100 frg 0
ARGLOG Romero t 110.4 pos '304.0 2949.4 -136.8' spd  28.3 yaw 345 mode 2 st 15 gl 0 hp 56 frg -2
ARGEVT Romero swim
ARGLOG Joe Rogan t 110.7 pos '961.3 1046.2 -248.0' spd 320.2 yaw 319 mode 2 st 23 gl 1 hp 143 frg 0
ARGLOG Carmack t 110.7 pos '1285.2 933.7 -256.0' spd 440.3 yaw 119.9 mode 1 st 8 gl 1 hp 100 frg 0
ARGEVT Romero swim
ARGLOG Romero t 110.9 pos '304.0 2940.0 -136.5' spd  10.5 yaw 346 mode 2 st 15 gl 0 hp 56 frg -2
ARGEVT Romero swim
ARGEVT Romero stall
ARGEVT Romero stallnode '433.0 2945.0 -56.0'
ARGLOG Joe Rogan t 111.2 pos '902.5 901.6 -280.0' spd 427.1 yaw 353 mode 2 st 23 gl 1 hp 142 frg 0
ARGEVT Carmack abandon
ARGEVT Carmack goal weapon_rocketlauncher
ARGLOG Carmack t 111.2 pos '1287.7 1090.6 -256.0' spd 440.0 yaw 348.4 mode 0 st 8 gl 1 hp 100 frg 0
ARGEVT Romero swim
ARGEVT Romero route 27 start '209.0 2945.0 -152.0' goal '1169.0 1057.0 -408.0'
ARGEVT Joe Rogan hazard
ARGLOG Romero t 111.4 pos '304.0 2926.8 -136.2' spd  89.3 yaw 176 mode 2 st 16 gl 0 hp 52 frg -2
ARGEVT Romero swim
ARGEVT Carmack route 17 start '1329.0 993.0 -256.0' goal '145.0 2337.0  40.0'
ARGLOG Joe Rogan t 111.7 pos '992.0 912.0 -280.0' spd 0 yaw 346 mode 2 st 23 gl 1 hp 142 frg 0
ARGEVT Romero swim
ARGLOG Carmack t 111.7 pos '1361.8 1219.7 -240.8' spd 351.2 yaw 230 mode 2 st 8 gl 1 hp 100 frg 0
ARGLOG Romero t 111.9 pos '268.1 2874.3 -135.7' spd 154.0 yaw 165 mode 2 st 16 gl 0 hp 52 frg -2
ARGEVT Romero swim
ARGLOG Joe Rogan t 112.2 pos '992.0 912.0 -280.0' spd 0 yaw 346 mode 2 st 23 gl 1 hp 141 frg 0
ARGEVT Romero swim
ARGLOG Carmack t 112.2 pos '1267.6 1304.2 -340.0' spd 250.1 yaw 253 mode 2 st 8 gl 1 hp 100 frg 0
ARGEVT Joe Rogan hazard
ARGLOG Romero t 112.4 pos '173.1 2879.3 -137.4' spd 214.7 yaw 160 mode 2 st 16 gl 0 hp 44 frg -2
ARGEVT Romero swim
ARGEVT Joe Rogan stall
ARGEVT Joe Rogan stallnode '1169.0 993.0 -256.0'
ARGEVT Joe Rogan jump
ARGEVT Joe Rogan route 6 start '977.0 961.0 -248.0' goal '241.0 1793.0 -40.0'
ARGEVT Romero jump
ARGLOG Joe Rogan t 112.7 pos '992.0 916.4 -242.3' spd  30.8 yaw 23 mode 2 st 24 gl 1 hp 141 frg 0
ARGLOG Carmack t 112.7 pos '1295.0 1161.1 -268.5' spd 320.0 yaw 234 mode 2 st 8 gl 1 hp 100 frg 0
ARGLOG Romero t 113.0 pos ' 62.1 2927.6 -98.2' spd 238.7 yaw 2 mode 2 st 16 gl 0 hp 44 frg -2
ARGLOG Joe Rogan t 113.3 pos '960.3 975.6 -248.0' spd 326.5 yaw 333 mode 2 st 24 gl 1 hp 140 frg 0
ARGLOG Carmack t 113.3 pos '1275.6 995.5 -256.0' spd 390.8 yaw 231 mode 2 st 8 gl 1 hp 100 frg 0
ARGEVT Romero swim
ARGLOG Romero t 113.5 pos ' 28.8 2928.0 -147.2' spd  82.2 yaw 2 mode 2 st 16 gl 0 hp 40 frg -2
ARGEVT Joe Rogan hazard
ARGEVT Carmack hazard
ARGLOG Joe Rogan t 113.8 pos '1031.7 1045.9 -248.0' spd 334.1 yaw 308 mode 2 st 24 gl 1 hp 140 frg 0
ARGLOG Carmack t 113.8 pos '1185.2 928.0 -256.0' spd  83.1 yaw 49 mode 2 st 8 gl 1 hp 100 frg 0
ARGLOG Romero t 114.0 pos ' 32.0 2928.0 -142.6' spd 0 yaw 2 mode 2 st 16 gl 0 hp 40 frg -2
ARGLOG Joe Rogan t 114.3 pos '1088.0 993.7 -248.0' spd 255.9 yaw 303 mode 2 st 24 gl 1 hp 139 frg 0
ARGLOG Carmack t 114.3 pos '1199.1 928.0 -256.0' spd  97.4 yaw 52 mode 2 st 8 gl 1 hp 100 frg 0
ARGLOG Romero t 114.5 pos ' 32.0 2928.0 -138.0' spd 0 yaw 2 mode 2 st 16 gl 0 hp 32 frg -2
ARGEVT Joe Rogan hazard
ARGEVT Carmack hazard
ARGEVT Romero stall
ARGEVT Romero stallnode '305.0 2945.0 -56.0'
ARGLOG Joe Rogan t 114.8 pos '1088.0 1072.0 -248.0' spd 0 yaw 292 mode 2 st 24 gl 1 hp 139 frg 0
ARGLOG Carmack t 114.8 pos '1218.7 824.9 -256.0' spd  93.8 yaw 141 mode 2 st 8 gl 1 hp 100 frg 0
ARGLOG Romero t 115.0 pos ' 77.4 2889.5 -152.0' spd 326.0 yaw 302 mode 0 st 17 gl 0 hp 32 frg -2
ARGEVT Romero route 27 start ' 49.0 2849.0 -152.0' goal '1169.0 1057.0 -408.0'
ARGEVT Romero jump
ARGEVT Romero swim
ARGLOG Joe Rogan t 115.3 pos '1084.9 996.7 -248.0' spd 294.4 yaw 303 mode 2 st 24 gl 1 hp 138 frg 0
ARGLOG Carmack t 115.3 pos '1228.2 968.1 -256.0' spd 327.2 yaw 146 mode 2 st 8 gl 1 hp 100 frg 0
ARGLOG Romero t 115.5 pos '190.5 2810.8 -136.6' spd 193.0 yaw 146 mode 2 st 17 gl 0 hp 24 frg -2
ARGEVT Joe Rogan hazard
ARGEVT Romero swim
ARGLOG Joe Rogan t 115.8 pos '1088.0 1051.4 -248.0' spd 235.9 yaw 294 mode 2 st 24 gl 1 hp 138 frg 0
ARGLOG Carmack t 115.8 pos '1284.8 1127.3 -256.0' spd 369.6 yaw 132 mode 0 st 8 gl 1 hp 100 frg 0
ARGEVT Romero swim
ARGEVT Carmack route 17 start '1329.0 993.0 -256.0' goal '145.0 2337.0  40.0'
ARGLOG Romero t 116.0 pos '203.5 2868.4 -136.3' spd 163.6 yaw 160 mode 2 st 17 gl 0 hp 24 frg -2
ARGEVT Romero swim
ARGLOG Joe Rogan t 116.3 pos '1088.0 1030.7 -248.0' spd 309.9 yaw 297 mode 2 st 24 gl 1 hp 137 frg 0
ARGLOG Carmack t 116.3 pos '1325.2 1286.0 -331.0' spd 414.3 yaw 242 mode 2 st 8 gl 1 hp 100 frg 0
ARGEVT Romero swim
ARGEVT Carmack hazard
ARGLOG Romero t 116.5 pos '160.0 2940.4 -135.9' spd 120.4 yaw 178 mode 2 st 17 gl 0 hp 20 frg -2
ARGEVT Romero jump
ARGEVT Joe Rogan hazard
ARGLOG Joe Rogan t 116.9 pos '1088.0 1019.2 -248.0' spd 320.9 yaw 298 mode 2 st 24 gl 1 hp 137 frg 0
ARGLOG Carmack t 116.9 pos '1351.7 1245.6 -310.7' spd 320.1 yaw 235 mode 2 st 8 gl 1 hp 100 frg 0
ARGLOG Romero t 117.1 pos '130.4 2976.0 -106.1' spd  74.5 yaw 193 mode 2 st 17 gl 0 hp 20 frg -2
ARGEVT Romero hazard
ARGLOG Joe Rogan t 117.4 pos '1088.0 1049.0 -248.0' spd 165.4 yaw 294 mode 2 st 24 gl 1 hp 136 frg 0
ARGLOG Carmack t 117.4 pos '1338.1 1080.6 -256.0' spd 328.9 yaw 232 mode 2 st 8 gl 1 hp 100 frg 0
ARGLOG Romero t 117.6 pos '  2.2 2927.4 -56.0' spd 413.9 yaw 3 mode 2 st 17 gl 0 hp 16 frg -2
ARGEVT Joe Rogan hazard
ARGEVT Romero abandon
ARGEVT Romero goal item_health
ARGEVT Romero route 7 start '-15.0 2945.0 -56.0' goal '-79.0 2017.0 -168.0'
ARGLOG Joe Rogan t 117.9 pos '1080.3 985.2 -248.0' spd 321.6 yaw 307 mode 2 st 24 gl 1 hp 136 frg 0
ARGLOG Carmack t 117.9 pos '1201.2 977.3 -256.0' spd 346.6 yaw 39 mode 2 st 8 gl 1 hp 100 frg 0
ARGEVT Carmack hazard
ARGLOG Romero t 118.1 pos '103.4 2790.2 -56.0' spd 413.5 yaw 159 mode 2 st 17 gl 0 hp 16 frg -2
ARGLOG Joe Rogan t 118.4 pos '1088.0 1063.9 -248.0' spd 129.7 yaw 293 mode 2 st 24 gl 1 hp 135 frg 0
ARGEVT Romero hazard
ARGLOG Carmack t 118.4 pos '1195.2 928.0 -256.0' spd  70.3 yaw 51 mode 2 st 8 gl 1 hp 100 frg 0
ARGLOG Romero t 118.6 pos ' 58.0 2867.2 -56.0' spd 361.3 yaw 227 mode 2 st 17 gl 0 hp 16 frg -2
ARGEVT Joe Rogan hazard
ARGLOG Joe Rogan t 118.9 pos '1067.4 983.3 -248.0' spd  21.8 yaw 311 mode 2 st 24 gl 1 hp 135 frg 0
ARGLOG Carmack t 118.9 pos '1194.4 928.0 -256.0' spd  67.7 yaw 51 mode 2 st 8 gl 1 hp 100 frg 0
ARGEVT Carmack stall
ARGEVT Carmack stallnode '1169.0 865.0 -408.0'
ARGEVT Carmack jump
ARGLOG Romero t 119.1 pos '-109.8 2839.9 -56.0' spd 364.1 yaw 255 mode 2 st 17 gl 0 hp 16 frg -2
ARGEVT Joe Rogan abandon
ARGEVT Joe Rogan goal item_artifact_super_damage
ARGEVT Carmack route 16 start '1169.0 993.0 -256.0' goal '145.0 2337.0  40.0'
ARGLOG Joe Rogan t 119.4 pos '1088.0 1072.0 -248.0' spd 0 yaw  50.9 mode 0 st 24 gl 1 hp 134 frg 0
ARGLOG Carmack t 119.4 pos '1200.0 910.1 -226.1' spd  29.1 yaw 110 mode 2 st 9 gl 1 hp 100 frg 0
ARGLOG Romero t 119.6 pos '-185.5 2685.3 -72.0' spd 329.1 yaw 264 mode 2 st 17 gl 0 hp 16 frg -2
ARGEVT Joe Rogan route 21 start '945.0 1057.0 -248.0' goal '529.0 2465.0 -88.0'
ARGEVT Carmack stall
ARGEVT Carmack stallnode '1169.0 993.0 -256.0'
ARGEVT Carmack jump
ARGEVT Joe Rogan hazard
ARGEVT Carmack goal weapon_grenadelauncher
ARGEVT Carmack route 2 start '1169.0 993.0 -256.0' goal '1169.0 1057.0 -408.0'
ARGLOG Joe Rogan t 119.9 pos '1080.0 1072.0 -248.0' spd 155.7 yaw 319 mode 2 st 24 gl 1 hp 134 frg 0
ARGLOG Carmack t 119.9 pos '1200.0 966.5 -218.3' spd 163.0 yaw 108 mode 2 st 10 gl 1 hp 100 frg 0
ARGLOG Romero t 120.1 pos '-205.7 2521.6 -120.0' spd 324.8 yaw 265 mode 2 st 17 gl 0 hp 16 frg -2
ARGLOG Joe Rogan t 120.5 pos '918.9 1027.8 -248.0' spd 366.4 yaw 327 mode 2 st 24 gl 1 hp 133 frg 0
ARGLOG Carmack t 120.5 pos '1243.9 987.2 -256.0' spd 281.6 yaw 137 mode 2 st 10 gl 1 hp 100 frg 0
ARGLOG Romero t 120.7 pos '-261.4 2364.5 -136.0' spd 330.6 yaw 274 mode 2 st 17 gl 0 hp 16 frg -2
ARGEVT Carmack hazard
ARGLOG Joe Rogan t 121.0 pos '978.3 880.2 -280.0' spd 396.0 yaw 356 mode 2 st 24 gl 1 hp 132 frg 0
ARGEVT Joe Rogan hazard
ARGLOG Carmack t 121.0 pos '1209.1 836.3 -256.0' spd 323.4 yaw 139.4 mode 2 st 10 gl 1 hp 100 frg 0
ARGLOG Romero t 121.2 pos '-254.9 2199.5 -136.0' spd 320.0 yaw 314 mode 2 st 17 gl 0 hp 16 frg -2
ARGLOG Joe Rogan t 121.5 pos '1053.9 1001.8 -248.0' spd 348.7 yaw 311 mode 2 st 24 gl 1 hp 132 frg 0
ARGLOG Carmack t 121.5 pos '1195.9 974.0 -256.0' spd 323.7 yaw 107 mode 2 st 10 gl 1 hp 100 frg 0
ARGLOG Romero t 121.7 pos '-228.6 2033.9 -168.0' spd 361.3 yaw 339.9 mode 2 st 17 gl 0 hp 16 frg -2
ARGLOG Joe Rogan t 122.0 pos '1086.9 1035.5 -248.0' spd 311.5 yaw 296 mode 2 st 24 gl 1 hp 131 frg 0
ARGLOG Carmack t 122.0 pos '1254.0 1102.6 -256.0' spd 353.0 yaw 340.5 mode 1 st 10 gl 1 hp 100 frg 0
ARGEVT Joe Rogan hazard
ARGLOG Romero t 122.2 pos '-56.4 2007.7 -184.0' spd 343.9 yaw 52 mode 1 st 17 gl 0 hp 16 frg -2
ARGEVT Romero hazard
ARGLOG Joe Rogan t 122.5 pos '1088.0 1042.3 -248.0' spd 229.9 yaw 295 mode 2 st 24 gl 1 hp 131 frg 0
ARGLOG Carmack t 122.5 pos '1338.2 971.5 -256.0' spd 433.3 yaw 175.0 mode 1 st 10 gl 1 hp 100 frg 0
ARGLOG Romero t 122.7 pos '-64.0 2096.0 -184.0' spd 0 yaw 193.5 mode 1 st 17 gl 0 hp 31 frg -2
ARGLOG Joe Rogan t 123.0 pos '1086.7 1001.3 -248.0' spd 343.0 yaw 302 mode 2 st 24 gl 1 hp 130 frg 0
ARGLOG Carmack t 123.0 pos '1193.0 1052.5 -256.0' spd 425.3 yaw  27.7 mode 1 st 10 gl 1 hp 100 frg 0
ARGEVT Joe Rogan hazard
ARGLOG Romero t 123.2 pos '-122.3 1956.8 -184.0' spd 419.3 yaw 357.7 mode 1 st 17 gl 0 hp 31 frg -2
ARGLOG Joe Rogan t 123.5 pos '1088.0 1056.3 -248.0' spd 139.0 yaw 293 mode 2 st 24 gl 1 hp 130 frg 0
ARGLOG Carmack t 123.5 pos '1336.0 1027.5 -256.0' spd 422.3 yaw 223.2 mode 1 st 10 gl 1 hp 100 frg 0
ARGLOG Romero t 123.7 pos ' 53.9 1976.4 -184.0' spd 336.3 yaw 62 mode 1 st 17 gl 0 hp 31 frg -2
ARGEVT Joe Rogan stall
ARGEVT Joe Rogan stallnode '1169.0 993.0 -256.0'
ARGEVT Joe Rogan jump
ARGLOG Joe Rogan t 124.1 pos '1073.8 976.0 -236.1' spd 125.6 yaw  20.6 mode 0 st 25 gl 1 hp 129 frg 0
ARGLOG Carmack t 124.1 pos '1184.0 996.1 -256.0' spd 439.0 yaw  59.1 mode 1 st 10 gl 1 hp 100 frg 0
ARGLOG Romero t 124.3 pos '108.6 2040.0 -184.0' spd  58.9 yaw 103 mode 1 st 17 gl 0 hp 31 frg -2
ARGEVT Joe Rogan route 22 start '977.0 961.0 -248.0' goal '529.0 2465.0 -88.0'
ARGLOG Joe Rogan t 124.6 pos '1078.9 1003.5 -234.9' spd  62.7 yaw 354 mode 2 st 25 gl 1 hp 129 frg 0
ARGLOG Carmack t 124.6 pos '1322.6 1070.8 -256.0' spd 440.1 yaw 254.9 mode 1 st 10 gl 1 hp 100 frg 0
ARGEVT Romero stall
ARGLOG Romero t 124.8 pos '111.8 2040.0 -184.0' spd  39.5 yaw 314.7 mode 0 st 18 gl 0 hp 31 frg -2
ARGEVT Romero jump
ARGEVT Romero route 1 start ' 81.0 1953.0 -184.0' goal '-79.0 2017.0 -168.0'
ARGLOG Joe Rogan t 125.1 pos '950.3 992.4 -248.0' spd 351.1 yaw 330 mode 2 st 25 gl 1 hp 128 frg 0
ARGLOG Carmack t 125.1 pos '1211.4 961.5 -256.0' spd 439.7 yaw  90.1 mode 1 st 10 gl 1 hp 100 frg 0
ARGLOG Romero t 125.3 pos ' 88.3 2040.0 -161.6' spd  42.3 yaw 65 mode 1 st 18 gl 0 hp 31 frg -2
ARGEVT Joe Rogan hazard
ARGLOG Joe Rogan t 125.6 pos '949.0 823.9 -312.0' spd 433.2 yaw 10 mode 2 st 25 gl 1 hp 128 frg 0
ARGLOG Carmack t 125.6 pos '1292.6 1095.9 -256.0' spd 440.2 yaw 285.3 mode 1 st 10 gl 1 hp 100 frg 0
ARGEVT Joe Rogan swim
ARGLOG Romero t 125.8 pos '116.4 2040.0 -184.0' spd  42.3 yaw 106 mode 1 st 18 gl 0 hp 31 frg -2
ARGLOG Joe Rogan t 126.1 pos '989.2 789.5 -313.0' spd 142.0 yaw 22 mode 2 st 25 gl 1 hp 127 frg 0
ARGLOG Carmack t 126.1 pos '1252.4 944.1 -256.0' spd 440.3 yaw 120.5 mode 1 st 10 gl 1 hp 100 frg 0
ARGEVT Romero stall
ARGEVT Romero jump
ARGLOG Romero t 126.3 pos '114.0 2040.0 -162.7' spd 115.5 yaw 100.6 mode 0 st 19 gl 0 hp 31 frg -2
ARGEVT Romero route 1 start '209.0 2049.0 -184.0' goal '-79.0 2017.0 -168.0'
ARGLOG Joe Rogan t 126.6 pos '992.0 848.0 -308.4' spd 0 yaw 5 mode 2 st 25 gl 1 hp 127 frg 0
ARGLOG Carmack t 126.6 pos '1251.5 1101.3 -256.0' spd 440.4 yaw 317.4 mode 1 st 10 gl 1 hp 100 frg 0
ARGLOG Romero t 126.8 pos '130.0 2063.4 -181.6' spd  59.5 yaw 117 mode 1 st 19 gl 0 hp 31 frg -2
ARGEVT Romero hazard
ARGLOG Joe Rogan t 127.1 pos '992.0 848.0 -303.8' spd 0 yaw 5 mode 2 st 25 gl 1 hp 126 frg 0
ARGLOG Carmack t 127.1 pos '1298.7 951.3 -256.0' spd 440.5 yaw 153.0 mode 1 st 10 gl 1 hp 100 frg 0
ARGLOG Romero t 127.3 pos '120.0 2051.8 -184.0' spd 322.5 yaw 222 mode 1 st 19 gl 0 hp 31 frg -2
ARGEVT Joe Rogan stall
ARGEVT Joe Rogan stallnode '1169.0 993.0 -256.0'
ARGLOG Joe Rogan t 127.7 pos '992.0 848.0 -299.2' spd 0 yaw  55.6 mode 0 st 26 gl 1 hp 126 frg 0
ARGLOG Carmack t 127.7 pos '1211.8 1083.6 -256.0' spd 438.5 yaw 350.8 mode 1 st 10 gl 1 hp 100 frg 0
ARGLOG Romero t 127.9 pos '-25.5 1961.3 -184.0' spd 370.7 yaw 131 mode 1 st 19 gl 0 hp 31 frg -2
ARGEVT Joe Rogan route 22 start '945.0 801.0 -328.0' goal '529.0 2465.0 -88.0'
ARGEVT Joe Rogan swim
ARGLOG Joe Rogan t 128.2 pos '975.2 848.0 -296.9' spd  79.9 yaw 36 mode 2 st 26 gl 1 hp 125 frg 0
ARGLOG Carmack t 128.2 pos '1333.2 982.9 -256.0' spd 439.9 yaw 186.3 mode 1 st 10 gl 1 hp 100 frg 0
ARGEVT Romero hazard
ARGEVT Joe Rogan swim
ARGLOG Romero t 128.4 pos '-144.9 2078.3 -152.0' spd 206.3 yaw  18.4 mode 1 st 19 gl 0 hp 31 frg -2
ARGLOG Joe Rogan t 128.7 pos '942.8 874.6 -296.0' spd 310.5 yaw 27 mode 2 st 26 gl 1 hp 125 frg 0
ARGLOG Carmack t 128.7 pos '1188.8 1046.1 -256.0' spd 436.7 yaw  24.7 mode 1 st 10 gl 1 hp 100 frg 0
ARGLOG Romero t 128.9 pos '-21.6 2016.0 -184.0' spd 321.8 yaw 309.3 mode 1 st 19 gl 0 hp 31 frg -2
ARGLOG Joe Rogan t 129.2 pos '984.5 1036.8 -248.0' spd 394.7 yaw 318 mode 2 st 26 gl 1 hp 124 frg 0
ARGLOG Carmack t 129.2 pos '1333.5 1023.9 -256.0' spd 425.4 yaw 219.6 mode 1 st 10 gl 1 hp 100 frg 0
ARGLOG Romero t 129.4 pos '136.0 2002.4 -184.0' spd 425.5 yaw 113.8 mode 1 st 19 gl 0 hp 31 frg -2
ARGEVT Joe Rogan hazard
ARGEVT Romero hazard
ARGLOG Joe Rogan t 129.7 pos '1060.9 986.6 -248.0' spd 275.9 yaw 312 mode 2 st 26 gl 1 hp 124 frg 0
ARGLOG Carmack t 129.7 pos '1180.1 1001.6 -256.0' spd 438.8 yaw  54.8 mode 1 st 10 gl 1 hp 100 frg 0
ARGLOG Romero t 129.9 pos '120.0 2080.9 -184.0' spd 128.2 yaw 233.5 mode 1 st 19 gl 0 hp 31 frg -2
ARGLOG Joe Rogan t 130.2 pos '1083.4 1056.3 -248.0' spd 184.4 yaw 295 mode 2 st 26 gl 1 hp 123 frg 0
ARGLOG Carmack t 130.2 pos '1324.6 1065.2 -256.0' spd 440.0 yaw 250.3 mode 1 st 10 gl 1 hp 100 frg 0
ARGLOG Romero t 130.4 pos ' 13.7 1958.7 -184.0' spd 371.3 yaw 150 mode 1 st 19 gl 0 hp 31 frg -2
ARGEVT Joe Rogan hazard
ARGLOG Joe Rogan t 130.7 pos '1068.9 984.6 -248.0' spd 236.4 yaw 310 mode 2 st 26 gl 1 hp 123 frg 0
ARGLOG Carmack t 130.7 pos '1205.2 965.0 -256.0' spd 440.4 yaw  86.2 mode 1 st 10 gl 1 hp 100 frg 0
ARGLOG Romero t 130.9 pos '-116.4 2069.3 -152.0' spd 370.1 yaw 59 mode 1 st 19 gl 0 hp 31 frg -2
ARGEVT Romero hazard
ARGLOG Joe Rogan t 131.3 pos '1088.0 1072.0 -248.0' spd 0 yaw 292 mode 2 st 26 gl 1 hp 122 frg 0
ARGLOG Carmack t 131.3 pos '1306.2 1082.8 -256.0' spd 435.0 yaw 272.7 mode 1 st 10 gl 1 hp 100 frg 0
ARGEVT Joe Rogan hazard
ARGLOG Romero t 131.5 pos '-124.0 2054.8 -152.0' spd 331.0 yaw 316 mode 1 st 19 gl 0 hp 31 frg -2
ARGLOG Joe Rogan t 131.8 pos '1084.6 995.7 -248.0' spd 290.3 yaw 303 mode 2 st 26 gl 1 hp 122 frg 0
ARGLOG Carmack t 131.8 pos '1232.8 944.8 -256.0' spd 440.1 yaw 108.2 mode 1 st 10 gl 1 hp 100 frg 0
ARGLOG Romero t 132.0 pos ' 15.4 1961.1 -184.0' spd 351.9 yaw  31.3 mode 1 st 19 gl 0 hp 31 frg -2
ARGLOG Joe Rogan t 132.3 pos '1088.0 1051.4 -248.0' spd 236.0 yaw 294 mode 2 st 26 gl 1 hp 121 frg 0
ARGLOG Carmack t 132.3 pos '1268.6 1097.9 -256.0' spd 440.1 yaw 303.4 mode 1 st 10 gl 1 hp 100 frg 0
ARGEVT Romero hazard
ARGEVT Joe Rogan hazard
ARGLOG Romero t 132.5 pos '120.0 2081.3 -184.0' spd 242.9 yaw 136.6 mode 1 st 19 gl 0 hp 31 frg -2
ARGLOG Joe Rogan t 132.8 pos '1088.0 1031.3 -248.0' spd 312.6 yaw 296 mode 2 st 26 gl 1 hp 121 frg 0
ARGLOG Carmack t 132.8 pos '1276.0 941.6 -256.0' spd 439.1 yaw 138.0 mode 1 st 10 gl 1 hp 100 frg 0
ARGLOG Romero t 133.0 pos '106.8 2017.3 -184.0' spd 372.6 yaw 205 mode 1 st 19 gl 0 hp 31 frg -2
ARGLOG Joe Rogan t 133.3 pos '1088.0 1018.8 -248.0' spd 322.0 yaw 298 mode 2 st 26 gl 1 hp 120 frg 0
ARGLOG Carmack t 133.3 pos '1227.9 1091.6 -256.0' spd 438.7 yaw 335.4 mode 1 st 10 gl 1 hp 100 frg 0
ARGLOG Romero t 133.5 pos '-58.1 1973.0 -184.0' spd 367.3 yaw 115 mode 1 st 19 gl 0 hp 31 frg -2
ARGEVT Joe Rogan hazard
ARGLOG Joe Rogan t 133.9 pos '1088.0 1051.0 -248.0' spd 168.7 yaw 294 mode 2 st 26 gl 1 hp 120 frg 0
ARGLOG Carmack t 133.9 pos '1318.5 963.2 -256.0' spd 440.2 yaw 171.0 mode 1 st 10 gl 1 hp 100 frg 0
ARGEVT Romero hazard
ARGLOG Romero t 134.1 pos '-143.0 2096.0 -152.0' spd   8.9 yaw 349.6 mode 1 st 19 gl 0 hp 31 frg -2
ARGLOG Joe Rogan t 134.4 pos '1070.1 986.4 -248.0' spd 311.7 yaw 310 mode 2 st 26 gl 1 hp 119 frg 0
ARGLOG Carmack t 134.4 pos '1199.3 1067.7 -256.0' spd 434.5 yaw   6.1 mode 1 st 10 gl 1 hp 100 frg 0
ARGLOG Romero t 134.6 pos '-10.4 1996.1 -184.0' spd 341.5 yaw 353 mode 1 st 19 gl 0 hp 31 frg -2
ARGEVT Joe Rogan hazard
ARGEVT Joe Rogan stall
ARGEVT Joe Rogan stallnode '1169.0 993.0 -256.0'
ARGEVT Joe Rogan jump
ARGLOG Joe Rogan t 134.9 pos '1088.0 1053.5 -236.1' spd 118.4 yaw 351 mode 0 st 27 gl 1 hp 119 frg 0
ARGLOG Carmack t 134.9 pos '1342.7 1001.7 -256.0' spd 439.8 yaw 194.2 mode 1 st 10 gl 1 hp 100 frg 0
ARGLOG Romero t 135.1 pos '144.1 2060.1 -184.0' spd 381.2 yaw 117 mode 1 st 19 gl 0 hp 31 frg -2
ARGEVT Joe Rogan route 21 start '945.0 1057.0 -248.0' goal '529.0 2465.0 -88.0'
ARGEVT Romero hazard
ARGLOG Joe Rogan t 135.4 pos '1084.7 1072.0 -241.0' spd  32.2 yaw 317 mode 2 st 27 gl 1 hp 118 frg 0
ARGLOG Carmack t 135.4 pos '1188.0 1040.4 -256.0' spd 437.4 yaw  30.7 mode 1 st 10 gl 1 hp 100 frg 0
ARGLOG Romero t 135.6 pos '115.2 2039.8 -184.0' spd 366.3 yaw 216 mode 1 st 19 gl 0 hp 31 frg -2
ARGLOG Joe Rogan t 136.0 pos '945.1 1043.0 -248.0' spd 330.1 yaw 322 mode 2 st 27 gl 1 hp 118 frg 0
ARGLOG Carmack t 136.0 pos '1329.1 1030.5 -256.0' spd 419.5 yaw 225.9 mode 1 st 10 gl 1 hp 100 frg 0
ARGLOG Romero t 136.2 pos '-40.0 1968.6 -184.0' spd 370.7 yaw 125 mode 1 st 19 gl 0 hp 31 frg -2
ARGLOG Joe Rogan t 136.5 pos '921.6 889.2 -280.0' spd 430.4 yaw 355 mode 2 st 27 gl 1 hp 117 frg 0
ARGLOG Carmack t 136.5 pos '1178.2 993.7 -256.0' spd 438.8 yaw  61.4 mode 1 st 10 gl 1 hp 100 frg 0
ARGEVT Romero hazard
ARGEVT Joe Rogan hazard
ARGLOG Romero t 136.7 pos '-135.3 2096.0 -152.0' spd  45.2 yaw   9.7 mode 1 st 19 gl 0 hp 31 frg -2
ARGLOG Joe Rogan t 137.0 pos '1007.7 975.5 -248.0' spd 284.6 yaw 326 mode 2 st 27 gl 1 hp 116 frg 0
ARGLOG Carmack t 137.0 pos '1313.9 1073.5 -256.0' spd 440.0 yaw 257.3 mode 1 st 10 gl 1 hp 100 frg 0
ARGLOG Romero t 137.2 pos ' -4.1 2007.8 -184.0' spd 322.1 yaw 326.3 mode 1 st 19 gl 0 hp 31 frg -2
ARGLOG Joe Rogan t 137.5 pos '1088.0 1072.0 -248.0' spd 0 yaw 292 mode 2 st 27 gl 1 hp 116 frg 0
ARGLOG Carmack t 137.5 pos '1207.4 959.1 -256.0' spd 440.4 yaw  93.1 mode 1 st 10 gl 1 hp 100 frg 0
ARGEVT Joe Rogan hazard
ARGLOG Romero t 137.7 pos '150.5 2031.8 -184.0' spd 427.9 yaw 131.7 mode 1 st 19 gl 0 hp 31 frg -2
ARGEVT Romero abandon
ARGEVT Romero goal weapon_rocketlauncher
ARGEVT Romero hazard
ARGEVT Romero route 13 start '209.0 2049.0 -184.0' goal '145.0 2337.0  40.0'
ARGLOG Joe Rogan t 138.0 pos '1085.0 995.6 -248.0' spd 294.9 yaw 303 mode 2 st 27 gl 1 hp 115 frg 0
ARGLOG Carmack t 138.0 pos '1283.3 1097.0 -256.0' spd 440.0 yaw 287.4 mode 1 st 10 gl 1 hp 100 frg 0
ARGLOG Romero t 138.2 pos '116.2 2039.8 -184.0' spd 359.5 yaw 167 mode 2 st 19 gl 0 hp 31 frg -2
ARGLOG Joe Rogan t 138.5 pos '1088.0 1051.2 -248.0' spd 237.0 yaw 294 mode 2 st 27 gl 1 hp 115 frg 0
ARGLOG Carmack t 138.5 pos '1249.0 944.2 -256.0' spd 440.3 yaw 123.2 mode 1 st 10 gl 1 hp 100 frg 0
ARGEVT Joe Rogan hazard
ARGLOG Romero t 138.7 pos ' -9.2 1922.7 -184.0' spd 324.6 yaw 136 mode 2 st 19 gl 0 hp 31 frg -2
ARGLOG Joe Rogan t 139.0 pos '1088.0 1029.8 -248.0' spd 306.2 yaw 297 mode 2 st 27 gl 1 hp 114 frg 0
ARGLOG Carmack t 139.0 pos '1243.2 1100.9 -256.0' spd 440.3 yaw 318.7 mode 1 st 10 gl 1 hp 100 frg 0
ARGEVT Joe Rogan stall
ARGEVT Joe Rogan stallnode '1169.0 993.0 -256.0'
ARGEVT Joe Rogan jump
ARGEVT Joe Rogan abandon
ARGEVT Joe Rogan goal item_armor2
ARGLOG Romero t 139.2 pos '-168.9 1960.2 -184.0' spd 350.7 yaw 109 mode 2 st 19 gl 0 hp 31 frg -2
ARGEVT Joe Rogan route 3 start '945.0 1057.0 -248.0' goal '1297.0 1057.0 -408.0'
ARGLOG Joe Rogan t 139.6 pos '1088.0 1065.9 -210.1' spd  31.0 yaw 319 mode 2 st 28 gl 1 hp 114 frg 0
ARGLOG Carmack t 139.6 pos '1292.8 952.0 -256.0' spd 439.7 yaw 153.6 mode 1 st 10 gl 1 hp 100 frg 0
ARGLOG Romero t 139.8 pos '-235.4 2115.2 -136.0' spd 320.2 yaw 125 mode 2 st 19 gl 0 hp 31 frg -2
ARGEVT Carmack abandon
ARGEVT Carmack goal item_artifact_invulnerability
ARGEVT Carmack route 4 start '1169.0 993.0 -256.0' goal '241.0 1793.0 -40.0'
ARGLOG Joe Rogan t 140.1 pos '1024.0 1051.6 -248.0' spd 320.6 yaw 338 mode 2 st 28 gl 1 hp 113 frg 0
ARGLOG Carmack t 140.1 pos '1209.6 1084.6 -256.0' spd 440.0 yaw 343 mode 2 st 10 gl 1 hp 100 frg 0
ARGLOG Romero t 140.3 pos '-282.2 2273.3 -136.0' spd 320.0 yaw 138 mode 2 st 19 gl 0 hp 31 frg -2
ARGLOG Joe Rogan t 140.6 pos '889.5 963.2 -248.0' spd 416.3 yaw 341 mode 2 st 28 gl 1 hp 113 frg 0
ARGLOG Carmack t 140.6 pos '1333.5 980.4 -256.0' spd 401.2 yaw 115 mode 2 st 10 gl 1 hp 100 frg 0
ARGLOG Romero t 140.8 pos '-385.1 2403.8 -136.0' spd 326.5 yaw 119 mode 2 st 19 gl 0 hp 31 frg -2
ARGEVT Joe Rogan hazard
ARGLOG Joe Rogan t 141.1 pos '992.0 912.0 -280.0' spd 0 yaw 346 mode 2 st 28 gl 1 hp 112 frg 0
ARGEVT Romero hazard
ARGLOG Carmack t 141.1 pos '1209.6 861.4 -256.0' spd 335.4 yaw 142 mode 2 st 10 gl 1 hp 100 frg 0
ARGEVT Carmack hazard
ARGLOG Romero t 141.3 pos '-468.1 2527.1 -120.0' spd 334.4 yaw 115 mode 2 st 19 gl 0 hp 31 frg -2
ARGLOG Joe Rogan t 141.6 pos '992.0 912.0 -280.0' spd 0 yaw 346 mode 2 st 28 gl 1 hp 112 frg 0
ARGLOG Carmack t 141.6 pos '1241.5 938.6 -256.0' spd 323.1 yaw 145 mode 2 st 10 gl 1 hp 100 frg 0
ARGLOG Romero t 141.8 pos '-505.6 2697.3 -96.0' spd 353.3 yaw 234 mode 2 st 19 gl 0 hp 31 frg -2
ARGEVT Romero lift
ARGEVT Joe Rogan hazard
ARGEVT Joe Rogan stall
ARGEVT Joe Rogan stallnode '1169.0 993.0 -256.0'
ARGEVT Joe Rogan jump
ARGLOG Joe Rogan t 142.1 pos '992.0 912.0 -268.3' spd 0 yaw  40.3 mode 0 st 29 gl 1 hp 111 frg 0
ARGLOG Carmack t 142.1 pos '1293.0 1099.4 -256.0' spd 372.6 yaw 141.2 mode 0 st 10 gl 1 hp 100 frg 0
ARGEVT Joe Rogan route 4 start '977.0 961.0 -248.0' goal '1297.0 1057.0 -408.0'
ARGEVT Carmack hazard
ARGLOG Romero t 142.3 pos '-576.0 2708.4 -104.0' spd 333.9 yaw 278 mode 2 st 19 gl 0 hp 31 frg -2
ARGEVT Carmack route 6 start '1265.0 1185.0 -280.0' goal '241.0 1793.0 -40.0'
ARGEVT Romero board
ARGEVT Romero jump
ARGLOG Joe Rogan t 142.6 pos '991.4 926.9 -264.0' spd  34.7 yaw 20 mode 2 st 29 gl 1 hp 111 frg 0
ARGLOG Carmack t 142.6 pos '1256.6 1271.0 -297.1' spd 236.8 yaw 253 mode 2 st 10 gl 1 hp 100 frg 0
ARGLOG Romero t 142.8 pos '-571.7 2666.5 -34.2' spd 0 yaw 278 mode 2 st 19 gl 0 hp 31 frg -2
ARGLOG Joe Rogan t 143.2 pos '976.2 1083.9 -248.0' spd 410.1 yaw 312 mode 2 st 29 gl 1 hp 110 frg 0
ARGEVT Joe Rogan hazard
ARGLOG Carmack t 143.2 pos '1285.9 1237.7 -306.8' spd 322.3 yaw 245 mode 2 st 10 gl 1 hp 100 frg 0
ARGLOG Romero t 143.4 pos '-564.7 2640.0  43.2' spd  43.8 yaw 301 mode 2 st 19 gl 0 hp 31 frg -2
ARGLOG Joe Rogan t 143.7 pos '1062.2 981.1 -248.0' spd 291.1 yaw 313 mode 2 st 29 gl 1 hp 110 frg 0
ARGLOG Carmack t 143.7 pos '1320.3 1075.6 -256.0' spd 330.4 yaw 235 mode 2 st 10 gl 1 hp 100 frg 0
ARGLOG Romero t 143.9 pos '-539.7 2486.5  56.0' spd 320.0 yaw 314 mode 2 st 19 gl 0 hp 31 frg -2
ARGLOG Joe Rogan t 144.2 pos '1088.0 1062.1 -248.0' spd 132.6 yaw 293 mode 2 st 29 gl 1 hp 109 frg 0
ARGEVT Joe Rogan hazard
ARGLOG Carmack t 144.2 pos '1192.6 965.6 -256.0' spd 326.2 yaw 41 mode 2 st 10 gl 1 hp 100 frg 0
ARGEVT Carmack hazard
ARGLOG Romero t 144.4 pos '-468.2 2335.9  56.0' spd 339.8 yaw 348 mode 2 st 19 gl 0 hp 31 frg -2
ARGLOG Joe Rogan t 144.7 pos '1067.5 983.8 -248.0' spd  19.6 yaw 311 mode 2 st 29 gl 1 hp 109 frg 0
ARGLOG Carmack t 144.7 pos '1186.8 928.0 -256.0' spd 168.8 yaw 49 mode 2 st 10 gl 1 hp 100 frg 0
ARGLOG Romero t 144.9 pos '-295.7 2337.9  56.0' spd 327.3 yaw 339 mode 2 st 19 gl 0 hp 31 frg -2
ARGLOG Joe Rogan t 145.2 pos '1088.0 1072.0 -248.0' spd 0 yaw 292 mode 2 st 29 gl 1 hp 108 frg 0
ARGEVT Joe Rogan hazard
ARGLOG Carmack t 145.2 pos '1211.5 840.6 -256.0' spd 176.7 yaw 142 mode 2 st 10 gl 1 hp 100 frg 0
ARGEVT Carmack hazard
ARGEVT Romero hazard
ARGLOG Romero t 145.4 pos '-151.5 2428.1  53.9' spd 219.6 yaw 343 mode 2 st 19 gl 0 hp 31 frg -2
ARGLOG Joe Rogan t 145.7 pos '1084.9 996.8 -248.0' spd 294.5 yaw 303 mode 2 st 29 gl 1 hp 108 frg 0
ARGLOG Carmack t 145.7 pos '1225.5 976.6 -256.0' spd 330.8 yaw 146 mode 2 st 10 gl 1 hp 100 frg 0
ARGLOG Romero t 145.9 pos '-144.0 2417.9 -83.3' spd  34.3 yaw 345 mode 2 st 19 gl 0 hp 31 frg -2
ARGUS routecache adopt
ARGEVT Carmack route 5 start '1329.0 993.0 -256.0' goal '241.0 1793.0 -40.0'
ARGLOG Joe Rogan t 146.2 pos '1088.0 1051.7 -248.0' spd 234.5 yaw 294 mode 2 st 29 gl 1 hp 107 frg 0
ARGEVT Joe Rogan hazard
ARGLOG Carmack t 146.2 pos '1290.9 1132.8 -256.0' spd 393.8 yaw 246 mode 2 st 10 gl 1 hp 100 frg 0
ARGEVT Carmack hazard
ARGLOG Romero t 146.4 pos '-144.0 2299.5 -136.0' spd 379.7 yaw 7 mode 2 st 19 gl 0 hp 31 frg -2
ARGEVT Romero hazard
ARGLOG Joe Rogan t 146.8 pos '1088.0 1030.1 -248.0' spd 308.8 yaw 297 mode 2 st 29 gl 1 hp 107 frg 0
ARGLOG Carmack t 146.8 pos '1267.7 1170.4 -273.2' spd 377.9 yaw 253 mode 2 st 10 gl 1 hp 100 frg 0
ARGLOG Romero t 147.0 pos '-152.3 2177.6 -136.0' spd  89.9 yaw 28 mode 2 st 19 gl 0 hp 31 frg -2
ARGLOG Joe Rogan t 147.3 pos '1088.0 1019.6 -248.0' spd 320.7 yaw 298 mode 2 st 29 gl 1 hp 106 frg 0
ARGEVT Joe Rogan hazard
ARGLOG Carmack t 147.3 pos '1205.1 1012.0 -256.0' spd 329.9 yaw 26 mode 2 st 10 gl 1 hp 100 frg 0
ARGLOG Romero t 147.5 pos '-149.2 2298.1 -136.0' spd 146.9 yaw 7 mode 2 st 19 gl 0 hp 31 frg -2
ARGEVT Romero hazard
ARGLOG Joe Rogan t 147.8 pos '1080.9 1045.6 -248.0' spd 129.5 yaw 296 mode 2 st 29 gl 1 hp 106 frg 0
ARGLOG Carmack t 147.8 pos '1172.0 928.0 -256.0' spd  51.2 yaw 45 mode 2 st 10 gl 1 hp 100 frg 0
ARGEVT Carmack hazard
ARGLOG Romero t 148.0 pos '-150.6 2356.8 -136.0' spd 108.3 yaw 357 mode 2 st 19 gl 0 hp 31 frg -2
ARGLOG Joe Rogan t 148.3 pos '1088.0 1003.7 -248.0' spd 298.4 yaw 301 mode 2 st 29 gl 1 hp 105 frg 0
ARGEVT Joe Rogan hazard
ARGLOG Carmack t 148.3 pos '1195.9 928.0 -256.0' spd  71.5 yaw 51 mode 2 st 10 gl 1 hp 100 frg 0
ARGLOG Romero t 148.5 pos '-144.0 2201.6 -136.0' spd 210.4 yaw 25 mode 2 st 19 gl 0 hp 31 frg -2
ARGEVT Romero hazard
ARGEVT Joe Rogan stall
ARGEVT Joe Rogan stallnode '1169.0 993.0 -256.0'
ARGEVT Joe Rogan jump
ARGEVT Joe Rogan route 3 start '945.0 1057.0 -248.0' goal '1297.0 1057.0 -408.0'
ARGLOG Joe Rogan t 148.8 pos '1088.0 1072.0 -210.3' spd 0 yaw 316 mode 2 st 30 gl 1 hp 105 frg 0
ARGLOG Carmack t 148.8 pos '1195.2 928.0 -256.0' spd  69.0 yaw 51 mode 2 st 10 gl 1 hp 100 frg 0
ARGEVT Carmack hazard
ARGLOG Romero t 149.0 pos '-144.0 2134.4 -136.0' spd 110.3 yaw 35 mode 2 st 19 gl 0 hp 31 frg -2
ARGLOG Joe Rogan t 149.3 pos '1060.0 1066.0 -248.0' spd 281.5 yaw 327 mode 2 st 30 gl 1 hp 104 frg 0
ARGLOG Carmack t 149.3 pos '1200.0 869.0 -256.0' spd 362.2 yaw 142 mode 2 st 10 gl 1 hp 100 frg 0
ARGLOG Romero t 149.5 pos '-146.5 2112.4 -136.0' spd 175.2 yaw 37 mode 2 st 19 gl 0 hp 31 frg -2
ARGEVT Romero hazard
ARGLOG Joe Rogan t 149.8 pos '896.0 1016.3 -248.0' spd 379.3 yaw 332 mode 2 st 30 gl 1 hp 104 frg 0
ARGLOG Carmack t 149.8 pos '1206.3 896.6 -256.0' spd 335.7 yaw 143 mode 2 st 10 gl 1 hp 100 frg 0
ARGLOG Romero t 150.0 pos '-147.7 2280.6 -136.0' spd 216.8 yaw 10 mode 2 st 19 gl 0 hp 31 frg -2
ARGLOG Joe Rogan t 150.4 pos '980.5 877.0 -296.0' spd 377.1 yaw 357 mode 2 st 30 gl 1 hp 103 frg 0
ARGEVT Joe Rogan hazard
ARGLOG Carmack t 150.4 pos '1281.9 1045.8 -256.0' spd 322.5 yaw  81.3 mode 0 st 10 gl 1 hp 100 frg 0
ARGLOG Romero t 150.6 pos '-152.1 2270.4 -136.0' spd 359.0 yaw 12 mode 2 st 19 gl 0 hp 31 frg -2
ARGEVT Carmack route 6 start '1265.0 1185.0 -280.0' goal '241.0 1793.0 -40.0'
ARGEVT Carmack hazard
ARGEVT Romero hazard
ARGLOG Joe Rogan t 150.9 pos '992.0 912.0 -280.0' spd 0 yaw 346 mode 2 st 30 gl 1 hp 103 frg 0
ARGLOG Carmack t 150.9 pos '1264.7 1210.5 -293.2' spd 155.1 yaw 247 mode 2 st 10 gl 1 hp 100 frg 0
ARGLOG Romero t 151.1 pos '-146.6 2181.9 -136.0' spd 204.3 yaw 28 mode 2 st 19 gl 0 hp 31 frg -2
ARGLOG Joe Rogan t 151.4 pos '992.0 912.0 -280.0' spd 0 yaw 346 mode 2 st 30 gl 1 hp 102 frg 0
ARGEVT Joe Rogan hazard
ARGLOG Carmack t 151.4 pos '1278.0 1166.9 -269.5' spd  71.8 yaw 238 mode 2 st 10 gl 1 hp 100 frg 0
ARGEVT Joe Rogan stall
ARGEVT Joe Rogan stallnode '1169.0 993.0 -256.0'
ARGEVT Joe Rogan jump
ARGEVT Carmack stall
ARGEVT Carmack stallnode '1329.0 993.0 -256.0'
ARGEVT Carmack jump
ARGLOG Romero t 151.6 pos '-149.0 2308.8 -136.0' spd 140.6 yaw 5 mode 2 st 19 gl 0 hp 31 frg -2
ARGUS routecache adopt
ARGEVT Carmack route 6 start '1265.0 1185.0 -280.0' goal '241.0 1793.0 -40.0'
ARGEVT Joe Rogan route 4 start '977.0 961.0 -248.0' goal '1297.0 1057.0 -408.0'
ARGEVT Romero hazard
ARGLOG Joe Rogan t 151.9 pos '991.7 923.2 -249.8' spd  34.5 yaw 21 mode 2 st 31 gl 1 hp 102 frg 0
ARGLOG Carmack t 151.9 pos '1308.4 1145.7 -242.2' spd  87.5 yaw 228 mode 2 st 11 gl 1 hp 100 frg 0
ARGLOG Romero t 152.1 pos '-149.9 2358.3 -136.0' spd 111.9 yaw 356 mode 2 st 19 gl 0 hp 31 frg -2
ARGLOG Joe Rogan t 152.4 pos '953.2 1049.7 -248.0' spd 389.8 yaw 320 mode 2 st 31 gl 1 hp 101 frg 0
ARGLOG Carmack t 152.4 pos '1295.5 1013.6 -256.0' spd 389.0 yaw 230 mode 2 st 11 gl 1 hp 100 frg 0
ARGEVT Joe Rogan hazard
ARGLOG Romero t 152.6 pos '-144.0 2207.9 -136.0' spd 162.1 yaw 24 mode 2 st 19 gl 0 hp 31 frg -2
ARGEVT Romero hazard
ARGEVT Carmack hazard
ARGLOG Joe Rogan t 152.9 pos '1079.3 1003.5 -248.0' spd 325.9 yaw 303 mode 2 st 31 gl 1 hp 101 frg 0
ARGLOG Carmack t 152.9 pos '1168.0 956.8 -256.0' spd 187.8 yaw 37 mode 2 st 11 gl 1 hp 100 frg 0
ARGLOG Romero t 153.1 pos '-144.0 2291.4 -136.0' spd 187.1 yaw 8 mode 2 st 19 gl 0 hp 31 frg -2
ARGLOG Joe Rogan t 153.4 pos '1084.9 1032.2 -248.0' spd 157.1 yaw 297 mode 2 st 31 gl 1 hp 100 frg 0
ARGLOG Carmack t 153.4 pos '1185.5 928.0 -256.0' spd  24.1 yaw 49 mode 2 st 11 gl 1 hp 100 frg 0
ARGEVT Joe Rogan hazard
ARGLOG Romero t 153.6 pos '-144.0 2357.2 -136.0' spd 114.1 yaw 357 mode 2 st 19 gl 0 hp 31 frg -2
ARGEVT Romero hazard
ARGLOG Joe Rogan t 154.0 pos '1088.0 1018.3 -248.0' spd 322.5 yaw 298 mode 2 st 31 gl 1 hp 100 frg 0
ARGLOG Carmack t 154.0 pos '1204.2 859.0 -256.0' spd 260.2 yaw 142 mode 2 st 11 gl 1 hp 100 frg 0
ARGEVT Carmack hazard
ARGLOG Romero t 154.2 pos '-144.0 2315.3 -136.0' spd 365.0 yaw 4 mode 2 st 19 gl 0 hp 31 frg -2
ARGLOG Joe Rogan t 154.5 pos '1088.0 1050.7 -248.0' spd 169.7 yaw 294 mode 2 st 31 gl 1 hp 100 frg 0
ARGLOG Carmack t 154.5 pos '1240.8 959.4 -256.0' spd 323.6 yaw 146 mode 2 st 11 gl 1 hp 100 frg 0
ARGEVT Joe Rogan hazard
ARGLOG Romero t 154.7 pos '-144.0 2170.0 -136.0' spd 138.9 yaw 30 mode 2 st 19 gl 0 hp 31 frg -2
ARGEVT Carmack route 5 start '1329.0 993.0 -256.0' goal '241.0 1793.0 -40.0'
ARGEVT Romero hazard
ARGLOG Joe Rogan t 155.0 pos '1080.2 986.6 -248.0' spd 323.4 yaw 307 mode 2 st 31 gl 1 hp 100 frg 0
ARGLOG Carmack t 155.0 pos '1272.1 1123.8 -256.0' spd 397.5 yaw 232 mode 2 st 11 gl 1 hp 100 frg 0
ARGEVT Carmack hazard
ARGLOG Romero t 155.2 pos '-144.0 2109.5 -136.0' spd 106.8 yaw 38 mode 2 st 19 gl 0 hp 31 frg -2
ARGLOG Joe Rogan t 155.5 pos '1088.0 1065.2 -248.0' spd 129.4 yaw 293 mode 2 st 31 gl 1 hp 100 frg 0
ARGLOG Carmack t 155.5 pos '1277.8 1130.3 -256.0' spd 322.4 yaw 232 mode 2 st 11 gl 1 hp 100 frg 0
ARGEVT Joe Rogan hazard
ARGLOG Romero t 155.7 pos '-149.5 2203.5 -136.0' spd 405.9 yaw 24 mode 2 st 19 gl 0 hp 31 frg -2
ARGEVT Romero hazard
ARGLOG Joe Rogan t 156.0 pos '1067.4 984.0 -248.0' spd  23.1 yaw 311 mode 2 st 31 gl 1 hp 100 frg 0
ARGLOG Carmack t 156.0 pos '1255.3 966.5 -256.0' spd 408.3 yaw 230 mode 2 st 11 gl 1 hp 100 frg 0
ARGLOG Romero t 156.2 pos '-148.9 2318.7 -136.0' spd 113.8 yaw 3 mode 2 st 19 gl 0 hp 31 frg -2
ARGEVT Carmack hazard
ARGLOG Joe Rogan t 156.5 pos '1088.0 1072.0 -248.0' spd 0 yaw 292 mode 2 st 31 gl 1 hp 100 frg 0
ARGLOG Carmack t 156.5 pos '1184.0 928.0 -256.0' spd 113.5 yaw 48 mode 2 st 11 gl 1 hp 100 frg 0
ARGEVT Joe Rogan hazard
ARGLOG Romero t 156.7 pos '-146.7 2202.8 -136.0' spd 214.7 yaw 24 mode 2 st 19 gl 0 hp 31 frg -2
ARGEVT Romero hazard
ARGLOG Joe Rogan t 157.0 pos '1085.3 997.4 -248.0' spd 295.7 yaw 303 mode 2 st 31 gl 1 hp 100 frg 0
ARGLOG Carmack t 157.0 pos '1200.0 906.9 -256.0' spd 261.8 yaw 57 mode 2 st 11 gl 1 hp 100 frg 0
ARGLOG Romero t 157.2 pos '-151.6 2133.3 -136.0' spd 115.3 yaw 34 mode 2 st 19 gl 0 hp 31 frg -2
ARGLOG Joe Rogan t 157.6 pos '1088.0 1050.9 -248.0' spd 238.4 yaw 294 mode 2 st 31 gl 1 hp 100 frg 0
ARGLOG Carmack t 157.6 pos '1209.6 908.9 -256.0' spd 330.5 yaw 144 mode 2 st 11 gl 1 hp 100 frg 0
ARGEVT Joe Rogan hazard
ARGLOG Romero t 157.8 pos '-157.8 2250.5 -136.0' spd 291.2 yaw 15 mode 2 st 19 gl 0 hp 31 frg -2
ARGEVT Romero abandon
ARGEVT Romero goal item_health
ARGEVT Romero route 3 start '-303.0 2337.0 -136.0' goal '-79.0 2017.0 -168.0'
ARGLOG Joe Rogan t 158.1 pos '1088.0 1029.9 -248.0' spd 306.7 yaw 297 mode 2 st 31 gl 1 hp 100 frg 0
ARGLOG Carmack t 158.1 pos '1278.7 1063.3 -256.0' spd 326.5 yaw  82.3 mode 0 st 11 gl 1 hp 100 frg 0
ARGEVT Carmack route 6 start '1265.0 1185.0 -280.0' goal '241.0 1793.0 -40.0'
ARGLOG Romero t 158.3 pos '-147.0 2224.7 -136.0' spd 337.4 yaw 221 mode 2 st 19 gl 0 hp 31 frg -2
ARGEVT Carmack hazard
ARGLOG Joe Rogan t 158.6 pos '1088.0 1018.4 -248.0' spd 323.6 yaw 298 mode 2 st 31 gl 1 hp 100 frg 0
ARGLOG Carmack t 158.6 pos '1265.2 1231.3 -303.6' spd 154.0 yaw 249 mode 2 st 11 gl 1 hp 100 frg 0
ARGEVT Joe Rogan hazard
ARGLOG Romero t 158.8 pos '-302.5 2198.8 -136.0' spd 398.2 yaw 320 mode 2 st 19 gl 0 hp 31 frg -2
ARGLOG Joe Rogan t 159.1 pos '1088.0 1050.9 -248.0' spd 168.9 yaw 294 mode 2 st 31 gl 1 hp 100 frg 0
ARGLOG Carmack t 159.1 pos '1286.2 1087.0 -256.0' spd 322.1 yaw 243 mode 2 st 11 gl 1 hp 100 frg 0
ARGLOG Romero t 159.3 pos '-227.8 2337.7 -136.0' spd 431.3 yaw 269 mode 2 st 19 gl 0 hp 31 frg -2
ARGEVT Joe Rogan abandon
ARGEVT Joe Rogan goal weapon_grenadelauncher
ARGEVT Joe Rogan route 4 start '977.0 961.0 -248.0' goal '1169.0 1057.0 -408.0'
ARGLOG Joe Rogan t 159.6 pos '1087.1 984.3 -248.0' spd 327.5 yaw 176 mode 2 st 31 gl 1 hp 100 frg 0
ARGLOG Carmack t 159.6 pos '1192.0 958.1 -256.0' spd 403.4 yaw 43 mode 2 st 11 gl 1 hp 100 frg 0
ARGEVT Carmack hazard
ARGLOG Romero t 159.8 pos '-224.2 2182.9 -136.0' spd 320.1 yaw 312 mode 2 st 19 gl 0 hp 31 frg -2
ARGEVT Carmack abandon
ARGEVT Carmack goal item_armor2
ARGEVT Carmack route 2 start '1169.0 993.0 -256.0' goal '1297.0 1057.0 -408.0'
ARGLOG Joe Rogan t 160.1 pos '922.8 1013.9 -248.0' spd 389.3 yaw 329 mode 2 st 31 gl 1 hp 100 frg 0
ARGLOG Carmack t 160.1 pos '1209.6 893.8 -256.0' spd 343.8 yaw 233.4 mode 2 st 11 gl 1 hp 100 frg 0
ARGEVT Joe Rogan hazard
ARGLOG Romero t 160.3 pos '-211.9 2015.6 -168.0' spd 376.6 yaw 347.6 mode 2 st 19 gl 0 hp 31 frg -2
ARGLOG Joe Rogan t 160.6 pos '918.4 1084.1 -248.0' spd 320.3 yaw 319 mode 2 st 31 gl 1 hp 100 frg 0
ARGLOG Carmack t 160.6 pos '1200.0 884.3 -256.0' spd 324.7 yaw 105 mode 2 st 11 gl 1 hp 100 frg 0
ARGLOG Romero t 160.8 pos '-36.4 2012.0 -184.0' spd 345.6 yaw 61 mode 1 st 19 gl 0 hp 31 frg -2
ARGEVT Carmack hazard
ARGLOG Joe Rogan t 161.1 pos '1072.4 1029.0 -248.0' spd 320.0 yaw 301 mode 2 st 31 gl 1 hp 100 frg 0
ARGLOG Carmack t 161.1 pos '1161.6 1019.3 -256.0' spd 311.2 yaw 15 mode 2 st 11 gl 1 hp 100 frg 0
ARGEVT Joe Rogan hazard
ARGLOG Romero t 161.4 pos ' 56.0 2091.3 -184.0' spd  91.1 yaw 318 mode 1 st 19 gl 0 hp 46 frg -2
ARGLOG Joe Rogan t 161.7 pos '1084.0 1042.6 -248.0' spd 265.2 yaw 296 mode 2 st 31 gl 1 hp 100 frg 0
ARGLOG Carmack t 161.7 pos '1158.7 992.0 -256.0' spd  17.3 yaw 25 mode 2 st 11 gl 1 hp 100 frg 0
ARGLOG Romero t 161.9 pos ' 11.8 1938.9 -184.0' spd 398.0 yaw 162.5 mode 1 st 19 gl 0 hp 46 frg -2
ARGLOG Joe Rogan t 162.2 pos '1080.5 986.1 -248.0' spd 322.7 yaw 307 mode 2 st 31 gl 1 hp 100 frg 0
ARGLOG Carmack t 162.2 pos '1165.0 952.2 -242.0' spd 320.0 yaw 38 mode 2 st 11 gl 1 hp 100 frg 0
ARGEVT Carmack hazard
ARGEVT Joe Rogan hazard
ARGLOG Romero t 162.4 pos '-132.6 2035.2 -168.0' spd 356.9 yaw 73 mode 1 st 19 gl 0 hp 46 frg -2
ARGEVT Romero hazard
ARGLOG Joe Rogan t 162.7 pos '1088.0 1064.1 -248.0' spd 127.1 yaw 293 mode 2 st 31 gl 1 hp 100 frg 0
ARGLOG Carmack t 162.7 pos '1213.2 859.9 -256.0' spd 204.1 yaw 163.4 mode 2 st 11 gl 1 hp 100 frg 0
ARGLOG Romero t 162.9 pos '-145.1 2138.9 -136.0' spd 254.3 yaw 284 mode 1 st 19 gl 0 hp 46 frg -2
ARGLOG Joe Rogan t 163.2 pos '1067.2 983.9 -248.0' spd  27.3 yaw 311 mode 2 st 31 gl 1 hp 100 frg 0
ARGLOG Carmack t 163.2 pos '1238.4 938.1 -256.0' spd 322.9 yaw 63 mode 2 st 11 gl 1 hp 100 frg 0
ARGEVT Joe Rogan hazard
ARGLOG Romero t 163.4 pos '-77.6 1984.6 -184.0' spd 352.6 yaw 356 mode 1 st 19 gl 0 hp 46 frg -2
ARGLOG Joe Rogan t 163.7 pos '1088.0 1072.0 -248.0' spd 0 yaw 292 mode 2 st 31 gl 1 hp 100 frg 0
ARGLOG Carmack t 163.7 pos '1333.4 1077.8 -256.0' spd 382.1 yaw 336.1 mode 1 st 11 gl 1 hp 100 frg 0
ARGLOG Romero t 163.9 pos ' 92.2 2007.2 -184.0' spd 369.6 yaw 86 mode 1 st 19 gl 0 hp 46 frg -2
ARGEVT Carmack hazard
ARGLOG Joe Rogan t 164.2 pos '1084.3 996.3 -248.0' spd 292.1 yaw 303 mode 2 st 31 gl 1 hp 100 frg 0
ARGLOG Carmack t 164.2 pos '1389.0 962.1 -256.0' spd 392.4 yaw 171.3 mode 1 st 11 gl 1 hp 100 frg 0
ARGEVT Joe Rogan hazard
ARGLOG Romero t 164.4 pos ' 96.0 2040.0 -184.0' spd  77.7 yaw  70.4 mode 1 st 19 gl 0 hp 46 frg -2
ARGLOG Joe Rogan t 164.7 pos '1088.0 1050.9 -248.0' spd 238.4 yaw 294 mode 2 st 31 gl 1 hp 100 frg 0
ARGLOG Carmack t 164.7 pos '1274.9 1067.8 -256.0' spd 436.7 yaw   6.8 mode 1 st 11 gl 1 hp 100 frg 0
ARGLOG Romero t 165.0 pos ' 98.6 2040.0 -184.0' spd  86.7 yaw  85.7 mode 1 st 19 gl 0 hp 46 frg -2
ARGEVT Romero stall
ARGEVT Romero jump
ARGLOG Joe Rogan t 165.3 pos '1088.0 1030.8 -248.0' spd 308.7 yaw 297 mode 2 st 31 gl 1 hp 100 frg 0
ARGLOG Carmack t 165.3 pos '1419.4 1004.4 -256.0' spd 439.9 yaw 202.4 mode 1 st 11 gl 1 hp 100 frg 0
ARGEVT Romero route 1 start '209.0 2049.0 -184.0' goal '-79.0 2017.0 -168.0'
ARGEVT Joe Rogan hazard
ARGLOG Romero t 165.5 pos '121.5 2049.1 -145.1' spd  61.8 yaw 117.3 mode 1 st 20 gl 0 hp 46 frg -2
ARGLOG Joe Rogan t 165.8 pos '1088.0 1018.7 -248.0' spd 322.4 yaw 298 mode 2 st 31 gl 1 hp 100 frg 0
ARGLOG Carmack t 165.8 pos '1265.5 1026.5 -256.0' spd 439.9 yaw  37.6 mode 1 st 11 gl 1 hp 100 frg 0
ARGEVT Romero hazard
ARGLOG Romero t 166.0 pos '120.0 2089.9 -184.0' spd   4.4 yaw 184.6 mode 1 st 20 gl 0 hp 46 frg -2
ARGLOG Joe Rogan t 166.3 pos '1088.0 1051.0 -248.0' spd 168.9 yaw 294 mode 2 st 31 gl 1 hp 100 frg 0
ARGLOG Carmack t 166.3 pos '1422.4 1046.7 -256.0' spd 440.5 yaw 233.7 mode 1 st 11 gl 1 hp 100 frg 0
ARGEVT Joe Rogan hazard
ARGLOG Romero t 166.5 pos ' 66.4 1975.5 -184.0' spd 367.4 yaw 176 mode 1 st 20 gl 0 hp 46 frg -2
ARGLOG Joe Rogan t 166.8 pos '1080.3 986.8 -248.0' spd 321.5 yaw 307 mode 2 st 31 gl 1 hp 100 frg 0
ARGLOG Carmack t 166.8 pos '1278.5 988.7 -256.0' spd 438.5 yaw  69.9 mode 1 st 11 gl 1 hp 100 frg 0
ARGLOG Romero t 167.0 pos '-99.3 2015.3 -168.0' spd 369.9 yaw 88 mode 1 st 20 gl 0 hp 46 frg -2
ARGEVT Romero hazard
ARGEVT Joe Rogan stall
ARGEVT Joe Rogan stallnode '1169.0 993.0 -256.0'
ARGEVT Joe Rogan jump
ARGLOG Joe Rogan t 167.3 pos '1088.0 1065.1 -236.1' spd 137.6 yaw 338.3 mode 0 st 32 gl 1 hp 100 frg 0
ARGLOG Carmack t 167.3 pos '1400.6 1088.0 -256.0' spd 440.1 yaw 266.0 mode 1 st 11 gl 1 hp 100 frg 0
ARGEVT Joe Rogan route 3 start '945.0 1057.0 -248.0' goal '1169.0 1057.0 -408.0'
ARGLOG Romero t 167.5 pos '-146.4 2135.1 -136.0' spd 188.1 yaw 326.7 mode 1 st 20 gl 0 hp 46 frg -2
ARGLOG Joe Rogan t 167.8 pos '1086.0 1072.0 -234.7' spd  25.4 yaw 317 mode 2 st 32 gl 1 hp 100 frg 0
ARGLOG Carmack t 167.8 pos '1309.8 962.1 -256.0' spd 437.8 yaw 101.9 mode 1 st 11 gl 1 hp 100 frg 0
ARGLOG Romero t 168.0 pos '-90.5 1995.0 -184.0' spd 350.9 yaw 349 mode 1 st 20 gl 0 hp 46 frg -2
ARGLOG Joe Rogan t 168.3 pos '962.1 1046.3 -248.0' spd 320.2 yaw 319 mode 2 st 32 gl 1 hp 100 frg 0
ARGLOG Carmack t 168.3 pos '1361.1 1110.4 -245.8' spd 440.0 yaw 297.7 mode 1 st 11 gl 1 hp 100 frg 0
ARGLOG Romero t 168.5 pos ' 79.7 1994.7 -184.0' spd 368.5 yaw 78 mode 1 st 20 gl 0 hp 46 frg -2
ARGLOG Joe Rogan t 168.9 pos '903.1 901.8 -280.0' spd 427.6 yaw 353 mode 2 st 32 gl 1 hp 100 frg 0
ARGLOG Carmack t 168.9 pos '1353.0 956.1 -256.0' spd 436.4 yaw 133.6 mode 1 st 11 gl 1 hp 100 frg 0
ARGEVT Joe Rogan hazard
ARGLOG Romero t 169.1 pos ' 98.0 2040.0 -184.0' spd  69.1 yaw  70.0 mode 1 st 20 gl 0 hp 46 frg -2
ARGLOG Joe Rogan t 169.4 pos '1007.1 974.3 -248.0' spd 279.1 yaw 326 mode 2 st 32 gl 1 hp 100 frg 0
ARGLOG Carmack t 169.4 pos '1319.7 1109.3 -256.0' spd 440.2 yaw 329.4 mode 1 st 11 gl 1 hp 100 frg 0
ARGEVT Romero stall
ARGEVT Romero jump
ARGLOG Romero t 169.6 pos '103.8 2040.0 -162.5' spd  59.5 yaw 136.0 mode 0 st 21 gl 0 hp 46 frg -2
ARGEVT Romero route 1 start ' 81.0 1953.0 -184.0' goal '-79.0 2017.0 -168.0'
ARGLOG Joe Rogan t 169.9 pos '1088.0 1072.0 -248.0' spd 0 yaw 292 mode 2 st 32 gl 1 hp 100 frg 0
ARGLOG Carmack t 169.9 pos '1381.2 1047.7 -241.4' spd 167.5 yaw 179 mode 1 st 11 gl 1 hp 100 frg 0
ARGEVT Joe Rogan hazard
ARGLOG Romero t 170.1 pos ' 77.6 2040.0 -183.1' spd   5.1 yaw 61 mode 1 st 21 gl 0 hp 46 frg -2
ARGLOG Joe Rogan t 170.4 pos '1084.6 996.4 -248.0' spd 293.8 yaw 303 mode 2 st 32 gl 1 hp 100 frg 0
ARGLOG Carmack t 170.4 pos '1266.2 1094.6 -256.0' spd 408.6 yaw  53.8 mode 1 st 11 gl 1 hp 100 frg 0
ARGEVT Romero hazard
ARGLOG Romero t 170.6 pos '120.0 2088.3 -184.0' spd 153.5 yaw 150.0 mode 1 st 21 gl 0 hp 46 frg -2
ARGEVT Carmack hazard
ARGLOG Joe Rogan t 170.9 pos '1088.0 1051.7 -248.0' spd 234.5 yaw 294 mode 2 st 32 gl 1 hp 100 frg 0
ARGLOG Carmack t 170.9 pos '1359.7 1126.7 -256.0' spd 320.2 yaw 249.6 mode 1 st 11 gl 1 hp 100 frg 0
ARGEVT Joe Rogan hazard
ARGLOG Romero t 171.1 pos ' 95.1 2001.5 -184.0' spd 367.7 yaw 196 mode 1 st 21 gl 0 hp 46 frg -2
ARGLOG Joe Rogan t 171.4 pos '1083.6 1031.4 -248.0' spd 188.1 yaw 298 mode 2 st 32 gl 1 hp 100 frg 0
ARGLOG Carmack t 171.4 pos '1234.2 1027.0 -256.0' spd 418.2 yaw 105.4 mode 1 st 11 gl 1 hp 100 frg 0
ARGLOG Romero t 171.6 pos '-74.8 1986.8 -184.0' spd 369.7 yaw 106 mode 1 st 21 gl 0 hp 46 frg -2
ARGEVT Romero hazard
ARGLOG Joe Rogan t 171.9 pos '1080.2 980.7 -248.0' spd  89.1 yaw 308 mode 2 st 32 gl 1 hp 100 frg 0
ARGLOG Carmack t 171.9 pos '1277.9 1098.6 -256.0' spd 282.1 yaw 304 mode 1 st 11 gl 1 hp 100 frg 0
ARGEVT Joe Rogan hazard
ARGLOG Romero t 172.1 pos '-150.8 2112.0 -136.0' spd 349.8 yaw   9.7 mode 1 st 21 gl 0 hp 46 frg -2
ARGEVT Joe Rogan stall
ARGEVT Joe Rogan stallnode '1169.0 993.0 -256.0'
ARGEVT Joe Rogan jump
ARGEVT Joe Rogan route 3 start '945.0 1057.0 -248.0' goal '1169.0 1057.0 -408.0'
ARGLOG Joe Rogan t 172.4 pos '1088.0 1066.4 -219.0' spd  71.7 yaw 318 mode 2 st 33 gl 1 hp 100 frg 0
ARGLOG Carmack t 172.4 pos '1280.3 941.2 -256.0' spd 426.2 yaw 149.8 mode 1 st 11 gl 1 hp 100 frg 0
ARGLOG Romero t 172.7 pos '-107.2 1987.5 -184.0' spd 358.2 yaw 345 mode 1 st 21 gl 0 hp 46 frg -2
ARGLOG Joe Rogan t 173.0 pos '1082.9 1050.0 -248.0' spd  52.9 yaw 327 mode 2 st 33 gl 1 hp 100 frg 0
ARGLOG Carmack t 173.0 pos '1206.1 1078.4 -256.0' spd 439.8 yaw 346.3 mode 1 st 11 gl 1 hp 100 frg 0
ARGLOG Romero t 173.2 pos ' 61.6 1966.5 -184.0' spd 358.1 yaw 62 mode 1 st 21 gl 0 hp 46 frg -2
ARGLOG Joe Rogan t 173.5 pos '923.2 1035.0 -248.0' spd 374.9 yaw 326 mode 2 st 33 gl 1 hp 100 frg 0
ARGLOG Carmack t 173.5 pos '1343.4 989.7 -256.0' spd 434.2 yaw 197.8 mode 1 st 11 gl 1 hp 100 frg 0
ARGEVT Romero hazard
ARGLOG Romero t 173.7 pos '120.0 2093.2 -184.0' spd   4.2 yaw 178.6 mode 1 st 21 gl 0 hp 46 frg -2
ARGLOG Joe Rogan t 174.0 pos '979.0 885.3 -280.0' spd 395.8 yaw 354 mode 2 st 33 gl 1 hp 100 frg 0
ARGEVT Joe Rogan hazard
ARGLOG Carmack t 174.0 pos '1192.5 1025.5 -256.0' spd 439.6 yaw  33.3 mode 1 st 11 gl 1 hp 100 frg 0
ARGLOG Romero t 174.2 pos ' 78.7 1977.1 -184.0' spd 376.9 yaw 182 mode 1 st 21 gl 0 hp 46 frg -2
ARGLOG Joe Rogan t 174.5 pos '1053.1 1000.5 -248.0' spd 348.9 yaw 311 mode 2 st 33 gl 1 hp 100 frg 0
ARGLOG Carmack t 174.5 pos '1350.9 1035.5 -256.0' spd 439.3 yaw 231.1 mode 1 st 11 gl 1 hp 100 frg 0
ARGLOG Romero t 174.7 pos '-91.9 1998.3 -184.0' spd 366.7 yaw 96 mode 1 st 21 gl 0 hp 46 frg -2
ARGEVT Romero hazard
ARGLOG Joe Rogan t 175.0 pos '1088.0 1032.5 -248.0' spd 305.2 yaw 296 mode 2 st 33 gl 1 hp 100 frg 0
ARGEVT Joe Rogan hazard
ARGLOG Carmack t 175.0 pos '1204.9 982.0 -256.0' spd 440.1 yaw  66.0 mode 1 st 11 gl 1 hp 100 frg 0
ARGLOG Romero t 175.2 pos '-144.7 2130.5 -136.0' spd 294.0 yaw   9.7 mode 1 st 21 gl 0 hp 46 frg -2
ARGLOG Joe Rogan t 175.5 pos '1088.0 1042.0 -248.0' spd 167.2 yaw 295 mode 2 st 33 gl 1 hp 100 frg 0
ARGLOG Carmack t 175.5 pos '1334.0 1072.7 -256.0' spd 440.3 yaw 261.5 mode 1 st 11 gl 1 hp 100 frg 0
ARGLOG Romero t 175.7 pos '-137.2 2064.6 -152.0' spd 345.8 yaw 311 mode 1 st 21 gl 0 hp 46 frg -2
ARGLOG Joe Rogan t 176.0 pos '1086.7 1000.9 -248.0' spd 342.6 yaw 302 mode 2 st 33 gl 1 hp 100 frg 0
ARGEVT Joe Rogan hazard
ARGLOG Carmack t 176.0 pos '1235.0 951.8 -256.0' spd 439.9 yaw  96.4 mode 1 st 11 gl 1 hp 100 frg 0
ARGLOG Romero t 176.3 pos ' -2.8 1962.0 -184.0' spd 360.7 yaw 33 mode 1 st 21 gl 0 hp 46 frg -2
ARGLOG Joe Rogan t 176.6 pos '1088.0 1057.5 -248.0' spd 138.7 yaw 293 mode 2 st 33 gl 1 hp 100 frg 0
ARGLOG Carmack t 176.6 pos '1299.2 1095.0 -256.0' spd 440.8 yaw 293.2 mode 1 st 11 gl 1 hp 100 frg 0
ARGLOG Romero t 176.8 pos '117.8 2040.0 -184.0' spd  13.8 yaw 106 mode 1 st 21 gl 0 hp 46 frg -2
ARGLOG Joe Rogan t 177.1 pos '1068.6 984.3 -248.0' spd 235.1 yaw 311 mode 2 st 33 gl 1 hp 100 frg 0
ARGLOG Carmack t 177.1 pos '1279.4 938.9 -256.0' spd 440.2 yaw 128.0 mode 1 st 11 gl 1 hp 100 frg 0
ARGEVT Joe Rogan hazard
ARGLOG Romero t 177.3 pos '109.7 2040.0 -184.0' spd 151.3 yaw  84.3 mode 1 st 21 gl 0 hp 46 frg -2
ARGEVT Romero stall
ARGEVT Romero jump
ARGEVT Romero route 1 start '209.0 2049.0 -184.0' goal '-79.0 2017.0 -168.0'
ARGLOG Joe Rogan t 177.6 pos '1088.0 1070.8 -248.0' spd 124.3 yaw 292 mode 2 st 33 gl 1 hp 100 frg 0
ARGLOG Carmack t 177.6 pos '1260.0 1094.3 -256.0' spd 440.2 yaw 323.9 mode 1 st 11 gl 1 hp 100 frg 0
ARGLOG Romero t 177.8 pos '123.4 2096.0 -149.1' spd  67.5 yaw 241.5 mode 1 st 22 gl 0 hp 46 frg -2
ARGLOG Joe Rogan t 178.1 pos '1075.7 984.6 -248.0' spd 161.1 yaw 308 mode 2 st 33 gl 1 hp 100 frg 0
ARGEVT Romero abandon
ARGEVT Romero goal weapon_rocketlauncher
ARGLOG Carmack t 178.1 pos '1323.2 950.2 -256.0' spd 440.6 yaw 159.7 mode 1 st 11 gl 1 hp 100 frg 0
ARGEVT Romero route 13 start '209.0 2049.0 -184.0' goal '145.0 2337.0  40.0'
ARGEVT Joe Rogan hazard
ARGLOG Romero t 178.3 pos '117.6 2016.6 -184.0' spd 341.3 yaw 163 mode 2 st 22 gl 0 hp 46 frg -2
ARGLOG Joe Rogan t 178.6 pos '1087.4 1063.7 -248.0' spd 163.2 yaw 293 mode 2 st 33 gl 1 hp 100 frg 0
ARGLOG Carmack t 178.6 pos '1225.0 1071.2 -256.0' spd 440.8 yaw 356.2 mode 1 st 11 gl 1 hp 100 frg 0
ARGLOG Romero t 178.8 pos '-10.8 1903.8 -184.0' spd 326.4 yaw 133 mode 2 st 22 gl 0 hp 46 frg -2
ARGLOG Joe Rogan t 179.1 pos '1087.9 1014.5 -248.0' spd 354.3 yaw 299 mode 2 st 33 gl 1 hp 100 frg 0
ARGLOG Carmack t 179.1 pos '1354.2 980.9 -256.0' spd 439.8 yaw 190.4 mode 1 st 11 gl 1 hp 100 frg 0
ARGEVT Joe Rogan hazard
ARGLOG Romero t 179.3 pos '-168.1 1957.2 -184.0' spd 343.3 yaw 109 mode 2 st 22 gl 0 hp 46 frg -2
ARGEVT Joe Rogan abandon
ARGEVT Joe Rogan goal item_artifact_invulnerability
ARGEVT Joe Rogan route 5 start '945.0 1057.0 -248.0' goal '241.0 1793.0 -40.0'
ARGLOG Joe Rogan t 179.6 pos '1088.0 1032.2 -248.0' spd 322.8 yaw 335 mode 2 st 33 gl 1 hp 100 frg 0
ARGLOG Carmack t 179.6 pos '1208.4 1035.2 -256.0' spd 439.8 yaw  26.0 mode 1 st 11 gl 1 hp 100 frg 0
ARGLOG Romero t 179.9 pos '-232.3 2111.1 -152.0' spd 320.1 yaw 125 mode 2 st 22 gl 0 hp 46 frg -2
ARGLOG Joe Rogan t 180.2 pos '948.6 996.1 -248.0' spd 386.4 yaw 0 mode 2 st 33 gl 1 hp 200 frg 0
ARGEVT Carmack abandon
ARGEVT Carmack goal item_artifact_super_damage
ARGLOG Carmack t 180.2 pos '1365.8 1022.3 -256.0' spd 440.5 yaw 221.8 mode 0 st 11 gl 1 hp 100 frg 0
ARGLOG Romero t 180.4 pos '-281.1 2268.6 -136.0' spd 320.0 yaw 137 mode 2 st 22 gl 0 hp 46 frg -2
ARGEVT Carmack route 21 start '1329.0 993.0 -256.0' goal '529.0 2465.0 -88.0'
ARGEVT Joe Rogan hazard
ARGLOG Joe Rogan t 180.7 pos '998.7 1073.0 -248.0' spd 343.0 yaw 310 mode 2 st 33 gl 1 hp 200 frg 0
ARGLOG Carmack t 180.7 pos '1217.0 920.6 -256.0' spd 334.9 yaw 162 mode 2 st 11 gl 1 hp 100 frg 0
ARGLOG Romero t 180.9 pos '-381.6 2399.6 -136.0' spd 325.7 yaw 119 mode 2 st 22 gl 0 hp 46 frg -2
ARGLOG Joe Rogan t 181.2 pos '1073.5 978.5 -248.0' spd 146.7 yaw 311 mode 2 st 33 gl 1 hp 200 frg 0
ARGLOG Carmack t 181.2 pos '1168.0 962.0 -256.0' spd  49.2 yaw 36 mode 2 st 11 gl 1 hp 100 frg 0
ARGEVT Carmack hazard
ARGEVT Romero hazard
ARGLOG Romero t 181.4 pos '-450.1 2513.8 -120.0' spd 391.7 yaw 117 mode 2 st 22 gl 0 hp 46 frg -2
ARGEVT Joe Rogan hazard
ARGLOG Joe Rogan t 181.7 pos '1088.0 1070.4 -248.0' spd 117.5 yaw 292 mode 2 st 33 gl 1 hp 200 frg 0
ARGLOG Carmack t 181.7 pos '1202.0 912.8 -256.0' spd 188.0 yaw 197.0 mode 2 st 11 gl 1 hp 100 frg 0
ARGLOG Romero t 181.9 pos '-514.3 2688.6 -88.3' spd 325.9 yaw 235 mode 2 st 22 gl 0 hp 46 frg -2
ARGEVT Romero lift
ARGEVT Romero board
ARGLOG Joe Rogan t 182.2 pos '1085.0 994.2 -248.0' spd 272.6 yaw 304 mode 2 st 33 gl 1 hp 200 frg 0
ARGLOG Carmack t 182.2 pos '1200.0 847.5 -256.0' spd 151.4 yaw 142 mode 2 st 11 gl 1 hp 100 frg 0
ARGLOG Romero t 182.4 pos '-567.1 2736.3 -104.0' spd 0 yaw 276 mode 2 st 22 gl 0 hp 46 frg -2
ARGEVT Joe Rogan hazard
ARGLOG Joe Rogan t 182.7 pos '1087.3 1062.8 -248.0' spd 179.4 yaw 293 mode 2 st 33 gl 1 hp 200 frg 0
ARGLOG Carmack t 182.7 pos '1179.2 1010.9 -256.0' spd 320.1 yaw 146 mode 2 st 11 gl 1 hp 100 frg 0
ARGEVT Carmack hazard
ARGLOG Romero t 182.9 pos '-567.1 2736.3 -104.0' spd 0 yaw 276 mode 2 st 22 gl 0 hp 46 frg -2
ARGLOG Joe Rogan t 183.2 pos '1087.4 1010.1 -248.0' spd 277.3 yaw 300 mode 2 st 33 gl 1 hp 200 frg 0
ARGLOG Carmack t 183.2 pos '1282.0 1103.1 -256.0' spd 327.7 yaw 151 mode 2 st 11 gl 1 hp 100 frg 0
ARGLOG Romero t 183.4 pos '-567.1 2736.3 -104.0' spd 0 yaw 276 mode 2 st 22 gl 0 hp 46 frg -2
ARGUS routecache adopt
ARGEVT Carmack route 21 start '1329.0 993.0 -256.0' goal '529.0 2465.0 -88.0'
ARGEVT Joe Rogan hazard
ARGLOG Joe Rogan t 183.7 pos '1088.0 997.9 -248.0' spd 274.2 yaw 302 mode 2 st 33 gl 1 hp 200 frg 0
ARGLOG Carmack t 183.7 pos '1414.9 1024.2 -256.0' spd 321.1 yaw 213 mode 2 st 11 gl 1 hp 100 frg 0
ARGLOG Romero t 184.0 pos '-567.1 2736.3 -104.0' spd 0 yaw 276 mode 2 st 22 gl 0 hp 46 frg -2
ARGLOG Joe Rogan t 184.3 pos '1088.0 1052.1 -248.0' spd 148.5 yaw 294 mode 2 st 33 gl 1 hp 200 frg 0
ARGLOG Carmack t 184.3 pos '1296.0 912.4 -256.0' spd 363.7 yaw 201 mode 2 st 11 gl 1 hp 100 frg 0
ARGLOG Romero t 184.5 pos '-567.1 2736.3 -104.0' spd 0 yaw 276 mode 2 st 22 gl 0 hp 46 frg -2
ARGEVT Joe Rogan hazard
ARGEVT Carmack hazard
ARGLOG Joe Rogan t 184.8 pos '1080.3 986.2 -248.0' spd 320.5 yaw 307 mode 2 st 33 gl 1 hp 200 frg 0
ARGLOG Carmack t 184.8 pos '1169.9 1004.5 -256.0' spd 334.0 yaw 22 mode 2 st 11 gl 1 hp 100 frg 0
ARGLOG Romero t 185.0 pos '-567.1 2736.3 -104.0' spd 0 yaw 276 mode 2 st 22 gl 0 hp 46 frg -2
ARGEVT Joe Rogan stall
ARGEVT Joe Rogan stallnode '1169.0 993.0 -256.0'
ARGEVT Joe Rogan jump
ARGLOG Joe Rogan t 185.3 pos '1088.0 1063.8 -236.1' spd 140.6 yaw 338.3 mode 0 st 34 gl 1 hp 199 frg 0
ARGLOG Carmack t 185.3 pos '1167.8 939.2 -247.4' spd 320.0 yaw 42 mode 2 st 11 gl 1 hp 100 frg 0
ARGEVT Joe Rogan route 5 start '945.0 1057.0 -248.0' goal '241.0 1793.0 -40.0'
ARGLOG Romero t 185.5 pos '-567.1 2736.3 -104.0' spd 0 yaw 276 mode 2 st 22 gl 0 hp 46 frg -2
ARGEVT Carmack hazard
ARGLOG Joe Rogan t 185.8 pos '1085.7 1058.9 -235.2' spd  48.6 yaw 322 mode 2 st 34 gl 1 hp 199 frg 0
ARGLOG Carmack t 185.8 pos '1193.5 928.0 -256.0' spd  21.9 yaw 51 mode 2 st 11 gl 1 hp 100 frg 0
ARGLOG Romero t 186.0 pos '-567.1 2736.3 -104.0' spd 0 yaw 276 mode 2 st 22 gl 0 hp 46 frg -2
