LOG started on: 09/13/2026 12:18:28 
Playing registered version.
UDP Initialized
WIPX_OpenSocket: Address family not supported by protocol family
WIPX_Init: Unable to open control socket, IPX disabled
Exe: 20:02:47 Jul 31 2024
256.0 megabyte heap

Language initialization
Couldn't load 'localization/loc_english.txt'
from 'C:/argus/engine'

========= Quake Initialized =========

execing autoexec.cfg
SpawnServer: e1m1
Clearing memory
Programs occupy 877K.
trying to open external vis file
maps/e1m1.vis not found, trying argus.vis
external vis not found
Loaded external entity file maps/e1m1@c49d.ent
ARGUS slots 8
ARGUS worldspawn reached
ARGNAV 223 nodes, 853 links
13 entities inhibited
ARGUS init on e1m1
ARGEVT Carmack spawned
ARGEVT Romero spawned
ARGEVT Joe Rogan spawned
Server spawned.
ARGLOG Joe Rogan t   1.2 pos '480.0  48.0  24.0' spd 0 yaw  87.6 mode 0 st 0 gl 0 hp 100 frg 0
ARGLOG Romero t   1.2 pos '-272.0 2928.0 -56.0' spd 0 yaw  47.5 mode 0 st 0 gl 0 hp 100 frg 0
ARGLOG Carmack t   1.2 pos '1312.0 880.0 -256.0' spd 0 yaw 119.6 mode 0 st 0 gl 0 hp 100 frg 0
ARGEVT Romero hazard
ARGLOG Joe Rogan t   1.7 pos '488.1 202.3  24.0' spd 320 yaw  87.6 mode 0 st 0 gl 0 hp 100 frg 0
ARGLOG Romero t   1.7 pos '-258.7 2973.4 -56.0' spd 252.7 yaw 308.5 mode 0 st 0 gl 0 hp 100 frg 0
ARGLOG Carmack t   1.7 pos '1237.1 1015.1 -256.0' spd 320 yaw 119.6 mode 0 st 0 gl 0 hp 100 frg 0
ARGLOG Joe Rogan t   2.2 pos '496.7 366.5  24.0' spd 320 yaw  87.6 mode 0 st 0 gl 0 hp 100 frg 0
ARGLOG Romero t   2.2 pos '-164.1 2838.4 -56.0' spd 320.1 yaw 308.5 mode 0 st 0 gl 0 hp 100 frg 0
ARGLOG Carmack t   2.2 pos '1285.2 1019.1 -256.0' spd 320.7 yaw 319.2 mode 0 st 0 gl 0 hp 100 frg 0
ARGLOG Joe Rogan t   2.7 pos '505.3 531.1  24.0' spd 320 yaw  87.6 mode 0 st 0 gl 0 hp 100 frg 0
ARGLOG Romero t   2.7 pos '-51.1 2715.2 -56.0' spd 348.7 yaw 352.0 mode 0 st 0 gl 0 hp 100 frg 0
ARGLOG Carmack t   2.7 pos '1413.3 915.4 -256.0' spd 320.0 yaw 319.2 mode 0 st 0 gl 0 hp 100 frg 0
ARGEVT Romero hazard
ARGLOG Joe Rogan t   3.3 pos '513.7 688.0  24.0' spd  13.5 yaw  87.6 mode 0 st 0 gl 0 hp 100 frg 0
ARGLOG Romero t   3.3 pos '-112.5 2673.1 -72.0' spd 325.1 yaw 196.0 mode 0 st 0 gl 0 hp 100 frg 0
ARGLOG Carmack t   3.3 pos '1427.3 992.0 -256.0' spd  92.6 yaw 111.1 mode 0 st 0 gl 0 hp 100 frg 0
ARGLOG Joe Rogan t   3.8 pos '560.0 688.0  24.0' spd 0 yaw  52.2 mode 0 st 0 gl 0 hp 100 frg 0
ARGLOG Romero t   3.8 pos '-275.2 2644.2 -104.0' spd 320.2 yaw 196.0 mode 0 st 0 gl 0 hp 100 frg 0
ARGLOG Carmack t   3.8 pos '1357.8 1134.1 -256.0' spd 320.1 yaw 111.1 mode 0 st 0 gl 0 hp 100 frg 0
ARGEVT Joe Rogan plan powerup via weapon
ARGEVT Joe Rogan goal weapon_rocketlauncher
ARGEVT Romero plan powerup via weapon
ARGEVT Romero goal weapon_supernailgun
ARGEVT Carmack goal item_armor2
ARGLOG Joe Rogan t   4.3 pos '555.9 688.0  24.0' spd  48.0 yaw 103 mode 0 st 0 gl 0 hp 100 frg 0
ARGLOG Romero t   4.3 pos '-427.8 2578.0 -104.0' spd 377.8 yaw 277.6 mode 0 st 0 gl 0 hp 100 frg 0
ARGLOG Carmack t   4.3 pos '1278.0 1280.3 -328.1' spd 376.9 yaw 192.7 mode 0 st 0 gl 0 hp 100 frg 0
ARGEVT Carmack hazard
ARGEVT Joe Rogan route 29 start '465.0 577.0  24.0' goal '145.0 2337.0  40.0'
ARGEVT Romero route 16 start '-463.0 2433.0 -136.0' goal '817.0 2433.0 -344.0'
ARGEVT Carmack route 5 start '1265.0 1313.0 -344.0' goal '1297.0 1057.0 -408.0'
ARGLOG Joe Rogan t   4.8 pos '418.3 659.8  24.0' spd 382.3 yaw 206 mode 2 st 0 gl 0 hp 100 frg 0
ARGLOG Romero t   4.8 pos '-331.1 2440.3 -136.0' spd 361.4 yaw 49 mode 2 st 0 gl 0 hp 100 frg 0
ARGLOG Carmack t   4.8 pos '1264.3 1287.4 -331.7' spd 177.4 yaw 283 mode 2 st 0 gl 0 hp 100 frg 0
ARGEVT Carmack jump
ARGLOG Joe Rogan t   5.3 pos '477.6 507.1  24.0' spd 342.0 yaw 268.1 mode 2 st 0 gl 0 hp 100 frg 0
ARGLOG Romero t   5.3 pos '-180.4 2516.7 -120.0' spd 350.6 yaw 56 mode 2 st 0 gl 0 hp 100 frg 0
ARGLOG Carmack t   5.3 pos '1290.0 1127.0 -256.0' spd 320.6 yaw 228 mode 2 st 0 gl 0 hp 100 frg 0
ARGEVT Romero jump
ARGLOG Joe Rogan t   5.8 pos '400.0 388.7  24.0' spd 126.8 yaw 130 mode 2 st 0 gl 0 hp 100 frg 0
ARGLOG Romero t   5.8 pos '-144.0 2614.8 -69.1' spd  38.9 yaw 68 mode 2 st 0 gl 0 hp 100 frg 0
ARGLOG Carmack t   5.8 pos '1236.9 972.3 -256.0' spd 385.5 yaw 238 mode 2 st 0 gl 0 hp 100 frg 0
ARGEVT Romero hazard
ARGEVT Carmack hazard
ARGLOG Joe Rogan t   6.3 pos '367.1 562.3  24.0' spd 387.1 yaw 173 mode 2 st 0 gl 0 hp 100 frg 0
ARGLOG Romero t   6.3 pos '-119.7 2753.6 -72.0' spd 323.2 yaw 39 mode 2 st 0 gl 0 hp 100 frg 0
ARGLOG Carmack t   6.3 pos '1191.2 928.0 -248.2' spd  33.0 yaw 50 mode 2 st 0 gl 0 hp 100 frg 0
ARGLOG Joe Rogan t   6.8 pos '201.2 616.0  24.0' spd 310.6 yaw 125 mode 2 st 0 gl 0 hp 100 frg 0
ARGLOG Romero t   6.8 pos '-43.1 2899.4 -56.0' spd 320.1 yaw 16 mode 2 st 0 gl 0 hp 100 frg 0
ARGLOG Carmack t   6.8 pos '1211.6 855.6 -256.0' spd 376.3 yaw 183.4 mode 2 st 0 gl 0 hp 100 frg 0
ARGEVT Joe Rogan hazard
ARGEVT Romero hazard
ARGLOG Joe Rogan t   7.4 pos ' 75.5 621.6  24.0' spd 104.2 yaw 97 mode 2 st 0 gl 0 hp 100 frg 0
ARGLOG Romero t   7.4 pos ' 34.9 2964.5 -88.0' spd 106.9 yaw 356 mode 2 st 0 gl 0 hp 100 frg 0
ARGLOG Carmack t   7.4 pos '1216.9 962.4 -256.0' spd 351.8 yaw 49 mode 2 st 0 gl 0 hp 100 frg 0
ARGLOG Joe Rogan t   7.9 pos ' 18.7 624.0  24.0' spd  93.0 yaw 81 mode 2 st 0 gl 0 hp 100 frg 0
ARGLOG Romero t   7.9 pos ' 49.7 2966.0 -88.0' spd 308.2 yaw 356 mode 2 st 0 gl 0 hp 100 frg 0
ARGLOG Carmack t   7.9 pos '1349.3 1062.5 -256.0' spd 407.1 yaw 294.1 mode 1 st 0 gl 0 hp 100 frg 0
ARGEVT Romero hazard
ARGEVT Joe Rogan hazard
ARGLOG Joe Rogan t   8.4 pos '  8.9 624.0  24.0' spd  13.9 yaw 79 mode 2 st 0 gl 0 hp 100 frg 0
ARGLOG Romero t   8.4 pos ' 37.7 2958.5 -88.0' spd  87.2 yaw 358 mode 2 st 0 gl 0 hp 100 frg 0
ARGLOG Carmack t   8.4 pos '1325.1 908.0 -256.0' spd 437.3 yaw 128.7 mode 1 st 0 gl 0 hp 100 frg 0
ARGEVT Joe Rogan stall
ARGEVT Joe Rogan stallnode ' 49.0 705.0 -120.0'
ARGLOG Joe Rogan t   8.9 pos '  6.5 624.0  24.0' spd   9.4 yaw 280.3 mode 0 st 1 gl 0 hp 100 frg 0
ARGEVT Joe Rogan jump
ARGLOG Romero t   8.9 pos ' 53.2 2984.7 -88.0' spd 151.8 yaw 352 mode 2 st 0 gl 0 hp 100 frg 0
ARGLOG Carmack t   8.9 pos '1294.9 1068.8 -256.0' spd 427.2 yaw 335.4 mode 1 st 0 gl 0 hp 100 frg 0
ARGEVT Joe Rogan route 29 start ' 81.0 545.0  24.0' goal '145.0 2337.0  40.0'
ARGEVT Romero hazard
ARGLOG Joe Rogan t   9.4 pos ' -5.6 623.9  46.0' spd  34.8 yaw 350 mode 2 st 1 gl 0 hp 100 frg 0
ARGLOG Romero t   9.4 pos ' 45.6 2966.1 -88.0' spd 311.9 yaw 356 mode 2 st 0 gl 0 hp 100 frg 0
ARGLOG Carmack t   9.4 pos '1382.1 937.7 -256.0' spd 439.0 yaw 169.9 mode 1 st 0 gl 0 hp 100 frg 0
ARGLOG Joe Rogan t   9.9 pos ' 52.8 531.9  24.0' spd 390.0 yaw 91 mode 2 st 1 gl 0 hp 100 frg 0
ARGLOG Romero t   9.9 pos ' 42.2 2958.7 -88.0' spd  84.3 yaw 358 mode 2 st 0 gl 0 hp 100 frg 0
ARGLOG Carmack t   9.9 pos '1262.9 1039.7 -256.0' spd 432.7 yaw   9.7 mode 1 st 0 gl 0 hp 100 frg 0
ARGEVT Romero stall
ARGEVT Romero stallnode '113.0 2945.0 -120.0'
ARGEVT Romero jump
ARGEVT Romero door
ARGLOG Joe Rogan t  10.4 pos '217.1 558.6  24.0' spd 340.3 yaw 121 mode 2 st 1 gl 0 hp 100 frg 0
ARGEVT Romero door
ARGLOG Romero t  10.4 pos ' 49.1 2952.4 -66.7' spd 109.1 yaw 317.0 mode 0 st 1 gl 0 hp 100 frg 0
ARGLOG Carmack t  10.4 pos '1410.1 983.4 -256.0' spd 440.2 yaw 205.8 mode 1 st 0 gl 0 hp 100 frg 0
ARGEVT Romero door
ARGEVT Romero route 12 start '-15.0 2945.0 -56.0' goal '817.0 2433.0 -344.0'
ARGEVT Joe Rogan hazard
ARGLOG Joe Rogan t  11.0 pos '143.2 628.3  24.0' spd 338.5 yaw 114 mode 2 st 1 gl 0 hp 100 frg 0
ARGLOG Romero t  11.0 pos ' 76.5 2908.9 -86.3' spd 129.3 yaw 158 mode 2 st 1 gl 0 hp 100 frg 0
ARGLOG Carmack t  11.0 pos '1255.2 996.3 -256.0' spd 439.8 yaw 42 mode 1 st 0 gl 0 hp 100 frg 0
ARGLOG Joe Rogan t  11.5 pos ' 80.0 640.0  24.0' spd 0 yaw 99 mode 2 st 1 gl 0 hp 100 frg 0
ARGLOG Romero t  11.5 pos ' 53.9 2928.0 -136.0' spd 216.7 yaw 3 mode 2 st 1 gl 0 hp 92 frg 0
ARGLOG Carmack t  11.5 pos '1409.5 1030.0 -256.0' spd 439.6 yaw 238.8 mode 1 st 0 gl 0 hp 100 frg 0
ARGEVT Joe Rogan hazard
ARGEVT Romero jump
ARGLOG Joe Rogan t  12.0 pos ' 80.0 640.0  24.0' spd 0 yaw 99 mode 2 st 1 gl 0 hp 100 frg 0
ARGLOG Romero t  12.0 pos '219.1 2932.3 -82.0' spd 320.2 yaw 3 mode 2 st 1 gl 0 hp 92 frg 0
ARGLOG Carmack t  12.0 pos '1272.2 957.0 -256.0' spd 440.1 yaw  74.0 mode 1 st 0 gl 0 hp 100 frg 0
ARGEVT Romero swim
ARGEVT Joe Rogan stall
ARGEVT Joe Rogan stallnode ' 49.0 705.0 -120.0'
ARGLOG Joe Rogan t  12.5 pos ' 80.0 640.0  24.0' spd 0 yaw 336.2 mode 0 st 2 gl 0 hp 100 frg 0
ARGEVT Joe Rogan jump
ARGLOG Romero t  12.5 pos '304.0 2938.6 -146.4' spd  13.9 yaw 346 mode 2 st 1 gl 0 hp 84 frg 0
ARGLOG Carmack t  12.5 pos '1386.5 1065.1 -256.0' spd 438.9 yaw 269.8 mode 1 st 0 gl 0 hp 100 frg 0
ARGEVT Joe Rogan route 29 start ' 81.0 545.0  24.0' goal '145.0 2337.0  40.0'
ARGLOG Joe Rogan t  13.0 pos ' 80.0 639.1  45.8' spd  14.1 yaw 339 mode 2 st 2 gl 0 hp 100 frg 0
ARGLOG Romero t  13.0 pos '304.0 2944.2 -142.0' spd   7.4 yaw 345 mode 2 st 1 gl 0 hp 84 frg 0
ARGLOG Carmack t  13.0 pos '1305.9 931.2 -256.0' spd 439.8 yaw 104.4 mode 1 st 0 gl 0 hp 100 frg 0
ARGEVT Romero stall
ARGEVT Romero stallnode '433.0 2945.0 -56.0'
ARGEVT Romero route 14 start '209.0 2945.0 -152.0' goal '817.0 2433.0 -344.0'
ARGLOG Joe Rogan t  13.5 pos ' 93.2 526.3  24.0' spd 361.8 yaw 103 mode 2 st 2 gl 0 hp 100 frg 0
ARGEVT Joe Rogan hazard
ARGLOG Romero t  13.5 pos '304.0 2934.8 -137.4' spd  85.1 yaw 178 mode 2 st 2 gl 0 hp 76 frg 0
ARGLOG Carmack t  13.5 pos '1348.4 1083.6 -256.0' spd 439.6 yaw 302.4 mode 1 st 0 gl 0 hp 100 frg 0
ARGEVT Romero swim
ARGEVT Romero swim
ARGLOG Joe Rogan t  14.0 pos '231.5 579.7  24.0' spd 337.5 yaw 125 mode 2 st 2 gl 0 hp 100 frg 0
ARGLOG Romero t  14.0 pos '269.7 2875.5 -136.9' spd 152.0 yaw 166 mode 2 st 2 gl 0 hp 76 frg 0
ARGLOG Carmack t  14.0 pos '1355.4 927.1 -256.0' spd 440.7 yaw 138.9 mode 1 st 0 gl 0 hp 100 frg 0
ARGEVT Romero swim
ARGEVT Romero swim
ARGLOG Joe Rogan t  14.6 pos '264.3 614.6  24.0' spd 179.8 yaw 134 mode 2 st 2 gl 0 hp 100 frg 0
ARGLOG Romero t  14.6 pos '176.7 2875.1 -136.3' spd 214.0 yaw 159 mode 2 st 2 gl 0 hp 68 frg 0
ARGLOG Carmack t  14.6 pos '1303.7 1075.8 -256.0' spd 438.4 yaw 338.0 mode 1 st 0 gl 0 hp 100 frg 0
ARGEVT Romero swim
ARGEVT Romero swim
ARGLOG Joe Rogan t  15.1 pos ' 99.8 640.0  24.0' spd 340.9 yaw 104 mode 2 st 2 gl 0 hp 100 frg 0
ARGEVT Joe Rogan hazard
ARGLOG Romero t  15.1 pos ' 72.8 2896.0 -135.9' spd 166.2 yaw 150 mode 2 st 2 gl 0 hp 68 frg 0
ARGLOG Carmack t  15.1 pos '1400.2 951.8 -256.0' spd 440.2 yaw 174.2 mode 1 st 0 gl 0 hp 100 frg 0
ARGEVT Romero jump
ARGLOG Joe Rogan t  15.6 pos ' 29.3 624.0  24.0' spd  66.6 yaw 84 mode 2 st 2 gl 0 hp 100 frg 0
ARGLOG Romero t  15.6 pos ' 17.7 2928.0 -106.1' spd  24.4 yaw 3 mode 2 st 2 gl 0 hp 68 frg 0
ARGLOG Carmack t  15.6 pos '1273.7 1044.2 -256.0' spd 436.5 yaw  12.0 mode 1 st 0 gl 0 hp 100 frg 0
ARGEVT Romero swim
ARGLOG Joe Rogan t  16.1 pos ' 11.4 624.0  24.0' spd 108.8 yaw 79 mode 2 st 2 gl 0 hp 100 frg 0
ARGLOG Romero t  16.1 pos ' 32.0 2928.0 -145.1' spd 0 yaw 3 mode 2 st 2 gl 0 hp 60 frg 0
ARGLOG Carmack t  16.1 pos '1421.1 994.8 -256.0' spd 404.2 yaw 207.2 mode 1 st 0 gl 0 hp 100 frg 0
ARGEVT Joe Rogan hazard
ARGLOG Joe Rogan t  16.6 pos '  9.7 624.0  24.0' spd 133.3 yaw 79 mode 2 st 2 gl 0 hp 100 frg 0
ARGLOG Romero t  16.6 pos ' 32.0 2928.0 -140.6' spd 0 yaw 3 mode 2 st 2 gl 0 hp 60 frg 0
ARGLOG Carmack t  16.6 pos '1267.4 1011.9 -256.0' spd 437.4 yaw  41.8 mode 1 st 0 gl 0 hp 100 frg 0
ARGEVT Joe Rogan stall
ARGEVT Joe Rogan stallnode ' 49.0 705.0 -120.0'
ARGEVT Joe Rogan jump
ARGEVT Romero stall
ARGEVT Romero stallnode '113.0 2945.0 -120.0'
ARGLOG Joe Rogan t  17.1 pos '-26.1 624.0  62.9' spd 118.8 yaw  96.6 mode 0 st 3 gl 0 hp 100 frg 0
ARGLOG Romero t  17.1 pos ' 32.0 2921.0 -136.1' spd  51.6 yaw 330 mode 0 st 3 gl 0 hp 52 frg 0
ARGLOG Carmack t  17.1 pos '1422.1 1042.6 -256.0' spd 440.3 yaw 237.6 mode 1 st 0 gl 0 hp 100 frg 0
ARGEVT Romero swim
ARGEVT Joe Rogan route 29 start ' 81.0 545.0  24.0' goal '145.0 2337.0  40.0'
ARGEVT Romero route 14 start ' 49.0 2849.0 -152.0' goal '817.0 2433.0 -344.0'
ARGEVT Romero jump
ARGEVT Romero swim
ARGLOG Joe Rogan t  17.6 pos ' -2.1 606.7  24.0' spd 321.8 yaw 354 mode 2 st 3 gl 0 hp 100 frg 0
ARGLOG Romero t  17.6 pos ' 60.8 2870.4 -139.8' spd 222.6 yaw 135 mode 2 st 3 gl 0 hp 52 frg 0
ARGLOG Carmack t  17.6 pos '1279.6 978.9 -256.0' spd 436.6 yaw  72.5 mode 1 st 0 gl 0 hp 100 frg 0
ARGLOG Joe Rogan t  18.2 pos '153.8 544.1  24.0' spd 337.9 yaw 123 mode 2 st 3 gl 0 hp 100 frg 0
ARGLOG Romero t  18.2 pos '133.0 2880.9 -137.5' spd 126.6 yaw 156 mode 2 st 3 gl 0 hp 44 frg 0
ARGEVT Romero swim
ARGLOG Carmack t  18.2 pos '1398.8 1082.1 -256.0' spd 439.7 yaw 267.4 mode 1 st 0 gl 0 hp 100 frg 0
ARGEVT Romero jump
ARGEVT Joe Rogan hazard
ARGLOG Joe Rogan t  18.7 pos '295.6 599.9  24.0' spd 134.7 yaw 136 mode 2 st 3 gl 0 hp 100 frg 0
ARGLOG Romero t  18.7 pos '122.1 2897.7 -98.3' spd  38.3 yaw 160 mode 2 st 3 gl 0 hp 44 frg 0
ARGLOG Carmack t  18.7 pos '1311.3 956.0 -256.0' spd 436.7 yaw 103.2 mode 1 st 0 gl 0 hp 100 frg 0
ARGLOG Joe Rogan t  19.2 pos '196.0 612.2  24.0' spd 348.2 yaw 123 mode 2 st 3 gl 0 hp 100 frg 0
ARGLOG Romero t  19.2 pos ' 90.8 2920.7 -136.0' spd 304.1 yaw 6 mode 2 st 3 gl 0 hp 36 frg 0
ARGLOG Carmack t  19.2 pos '1359.3 1105.3 -256.0' spd 440.2 yaw 299.1 mode 1 st 0 gl 0 hp 100 frg 0
ARGEVT Joe Rogan hazard
ARGEVT Romero jump
ARGLOG Joe Rogan t  19.7 pos ' 75.4 622.5  24.0' spd 106.3 yaw 97 mode 2 st 3 gl 0 hp 100 frg 0
ARGLOG Romero t  19.7 pos '137.6 2929.2 -98.7' spd 320.3 yaw 3 mode 2 st 3 gl 0 hp 36 frg 0
ARGLOG Carmack t  19.7 pos '1353.3 952.5 -256.0' spd 434.9 yaw 134.9 mode 1 st 0 gl 0 hp 100 frg 0
ARGLOG Joe Rogan t  20.2 pos ' 25.0 624.0  24.0' spd  42.5 yaw 83 mode 2 st 3 gl 0 hp 100 frg 0
ARGLOG Romero t  20.2 pos '301.8 2934.1 -117.8' spd 320.3 yaw 347 mode 2 st 3 gl 0 hp 36 frg 0
ARGLOG Carmack t  20.2 pos '1316.5 1104.8 -256.0' spd 439.7 yaw 330.8 mode 1 st 0 gl 0 hp 100 frg 0
ARGEVT Romero swim
ARGEVT Joe Rogan hazard
ARGLOG Joe Rogan t  20.7 pos ' 10.0 624.0  24.0' spd 110.3 yaw 79 mode 2 st 3 gl 0 hp 100 frg 0
ARGLOG Romero t  20.7 pos '304.0 2940.7 -143.5' spd  13.0 yaw 346 mode 2 st 3 gl 0 hp 28 frg 0
ARGLOG Carmack t  20.7 pos '1392.6 970.5 -256.0' spd 433.9 yaw 165.3 mode 1 st 0 gl 0 hp 100 frg 0
ARGEVT Joe Rogan stall
ARGEVT Joe Rogan stallnode ' 49.0 705.0 -120.0'
ARGEVT Joe Rogan jump
ARGEVT Romero stall
ARGEVT Romero stallnode '433.0 2945.0 -56.0'
ARGLOG Joe Rogan t  21.2 pos ' 16.8 624.0  45.3' spd  83.5 yaw  95.6 mode 0 st 4 gl 0 hp 100 frg 0
ARGLOG Romero t  21.2 pos '304.0 2944.8 -138.9' spd   3.2 yaw 327.4 mode 0 st 4 gl 0 hp 28 frg 0
ARGLOG Carmack t  21.2 pos '1284.3 1083.0 -256.0' spd 439.9 yaw   1.2 mode 1 st 0 gl 0 hp 100 frg 0
ARGEVT Joe Rogan route 29 start ' 81.0 545.0  24.0' goal '145.0 2337.0  40.0'
ARGEVT Romero swim
ARGLOG Joe Rogan t  21.8 pos ' 13.6 623.3  26.4' spd  40.3 yaw 349 mode 2 st 4 gl 0 hp 100 frg 0
ARGLOG Romero t  21.8 pos '304.0 2903.0 -136.4' spd 123.9 yaw 320 mode 0 st 4 gl 0 hp 20 frg 0
ARGLOG Carmack t  21.8 pos '1360.3 1017.1 -256.0' spd 382.8 yaw 197.3 mode 1 st 0 gl 0 hp 100 frg 0
ARGEVT Romero route 14 start '209.0 2945.0 -152.0' goal '817.0 2433.0 -344.0'
ARGEVT Joe Rogan stall
ARGEVT Joe Rogan stallnode ' 81.0 545.0  24.0'
ARGEVT Joe Rogan jump
ARGEVT Romero swim
ARGEVT Joe Rogan plan powerup via weapon
ARGEVT Joe Rogan goal weapon_grenadelauncher
ARGEVT Joe Rogan route 15 start ' 81.0 545.0  24.0' goal '1169.0 1057.0 -408.0'
ARGEVT Romero swim
ARGLOG Joe Rogan t  22.3 pos '-16.8 547.3  59.2' spd 177.4 yaw 6 mode 2 st 5 gl 0 hp 100 frg 0
ARGLOG Romero t  22.3 pos '294.8 2819.5 -135.9' spd 184.3 yaw 157 mode 2 st 4 gl 0 hp 20 frg 0
ARGLOG Carmack t  22.3 pos '1212.5 1062.6 -256.0' spd 436.3 yaw  33.5 mode 1 st 0 gl 0 hp 100 frg 0
ARGEVT Romero swim
ARGEVT Romero door
ARGEVT Joe Rogan hazard
ARGEVT Romero door
ARGEVT Romero swim
ARGEVT Romero door
ARGEVT Romero door
ARGEVT Romero door
ARGLOG Joe Rogan t  22.8 pos ' 38.3 531.1  24.0' spd 325.0 yaw 12 mode 2 st 5 gl 0 hp 100 frg 0
ARGEVT Romero door
ARGLOG Romero t  22.8 pos '226.3 2792.0 -135.7' spd 171.1 yaw 147 mode 2 st 4 gl 0 hp 12 frg 0
ARGLOG Carmack t  22.8 pos '1343.2 1029.2 -256.0' spd 410.9 yaw 228.0 mode 1 st 0 gl 0 hp 100 frg 0
ARGEVT Romero swim
ARGEVT Romero swim
ARGLOG Joe Rogan t  23.3 pos '200.5 559.4  24.0' spd 321.3 yaw 118 mode 2 st 5 gl 0 hp 100 frg 0
ARGLOG Romero t  23.3 pos '138.1 2845.2 -137.4' spd 227.2 yaw 146 mode 2 st 4 gl 0 hp 12 frg 0
ARGEVT Romero swim
ARGLOG Carmack t  23.3 pos '1194.1 986.8 -256.0' spd 438.4 yaw  64.2 mode 1 st 0 gl 0 hp 100 frg 0
ARGEVT Romero swim
ARGEVT Joe Rogan hazard
ARGEVT Romero jump
ARGLOG Joe Rogan t  23.8 pos '293.2 624.0  24.0' spd 237.1 yaw 139 mode 2 st 5 gl 0 hp 100 frg 0
ARGLOG Romero t  23.8 pos ' 62.8 2900.6 -124.1' spd 126.5 yaw 41 mode 2 st 4 gl 0 hp 4 frg 0
ARGLOG Carmack t  23.8 pos '1327.0 1075.8 -256.0' spd 434.6 yaw 263.0 mode 1 st 0 gl 0 hp 100 frg 0
ARGEVT Romero abandon
ARGEVT Romero goal item_health
ARGEVT Romero door
ARGEVT Carmack abandon
ARGEVT Carmack goal weapon_rocketlauncher
ARGEVT Romero route 8 start ' 81.0 2945.0 -104.0' goal '-79.0 2017.0 -168.0'
ARGLOG Joe Rogan t  24.3 pos '147.8 628.6  24.0' spd 331.1 yaw 115 mode 2 st 5 gl 0 hp 100 frg 0
ARGLOG Romero t  24.3 pos ' 47.3 2928.0 -122.5' spd  38.2 yaw 194 mode 2 st 4 gl 0 hp 4 frg 0
ARGEVT Romero death world pos ' 47.3 2928.0 -122.5'
ARGLOG Carmack t  24.3 pos '1232.9 948.4 -256.0' spd 410.3 yaw 127 mode 0 st 0 gl 0 hp 100 frg 0
ARGEVT Carmack hazard
ARGEVT Joe Rogan hazard
ARGEVT Carmack route 16 start '1169.0 993.0 -256.0' goal '145.0 2337.0  40.0'
ARGLOG Joe Rogan t  24.8 pos ' 48.5 615.4  24.0' spd 275.4 yaw 89 mode 2 st 5 gl 0 hp 100 frg 0
ARGLOG Carmack t  24.8 pos '1180.7 1060.7 -256.0' spd 319.7 yaw 359 mode 2 st 0 gl 0 hp 100 frg 0
ARGLOG Joe Rogan t  25.4 pos ' 14.6 624.0  24.0' spd 106.9 yaw 80 mode 2 st 5 gl 0 hp 100 frg 0
ARGLOG Carmack t  25.4 pos '1180.2 971.3 -256.0' spd 322.3 yaw 36 mode 2 st 0 gl 0 hp 100 frg 0
ARGEVT Carmack hazard
ARGEVT Joe Rogan hazard
ARGLOG Joe Rogan t  25.9 pos '  5.0 624.0  24.0' spd  12.0 yaw 78 mode 2 st 5 gl 0 hp 100 frg 0
ARGEVT Romero respawn
ARGEVT Carmack engage Romero
ARGEVT Carmack grab item_armor2
ARGLOG Carmack t  25.9 pos '1190.9 928.0 -256.0' spd  43.1 yaw  13.6 mode 2 st 0 gl 0 hp 100 frg 0
ARGEVT Romero goal item_armor2
ARGEVT Romero engage Carmack
ARGEVT Romero grab item_armor2
ARGLOG Romero t  25.9 pos '1312.0 880.0 -256.0' spd 0 yaw 123.9 mode 0 st 4 gl 0 hp 100 frg -1
ARGEVT Romero route 2 start '1265.0 801.0 -256.0' goal '1297.0 1057.0 -408.0'
ARGEVT Joe Rogan stall
ARGEVT Joe Rogan stallnode ' 49.0 705.0 -120.0'
ARGEVT Joe Rogan jump
ARGEVT Joe Rogan route 15 start ' 81.0 545.0  24.0' goal '1169.0 1057.0 -408.0'
ARGLOG Joe Rogan t  26.4 pos ' 41.0 624.0  58.4' spd 116.9 yaw 347 mode 2 st 6 gl 0 hp 100 frg 0
ARGLOG Carmack t  26.4 pos '1276.4 1040.2 -256.0' spd 272.9 yaw 348.4 mode 2 st 0 gl 0 hp 100 frg 0
ARGLOG Romero t  26.4 pos '1312.0 1035.1 -256.0' spd 320 yaw 146.2 mode 2 st 4 gl 0 hp 100 frg -1
ARGLOG Joe Rogan t  26.9 pos ' 99.2 608.1  24.0' spd 206.5 yaw 348 mode 2 st 6 gl 0 hp 100 frg 0
ARGLOG Carmack t  26.9 pos '1245.2 1000.8 -256.0' spd 132.9 yaw  34.2 mode 2 st 0 gl 0 hp 100 frg 0
ARGLOG Romero t  26.9 pos '1361.8 1097.6 -256.0' spd 166.4 yaw 216.6 mode 2 st 4 gl 0 hp 76 frg -1
ARGEVT Joe Rogan hazard
ARGLOG Joe Rogan t  27.4 pos '176.0 513.7  24.0' spd  32.7 yaw 123 mode 2 st 6 gl 0 hp 100 frg 0
ARGLOG Carmack t  27.4 pos '1393.5 1023.0 -256.0' spd  93.1 yaw 161.1 mode 2 st 0 gl 0 hp 100 frg 0
ARGLOG Romero t  27.5 pos '1229.8 1064.3 -256.0' spd 107.8 yaw 335.5 mode 2 st 4 gl 0 hp 52 frg -1
ARGEVT Romero retreat
ARGEVT Romero hazard
ARGLOG Joe Rogan t  27.9 pos '268.1 607.2  24.0' spd 166.7 yaw 134 mode 2 st 6 gl 0 hp 100 frg 0
ARGLOG Carmack t  27.9 pos '1357.7 869.0 -256.0' spd 360.3 yaw 147.5 mode 2 st 0 gl 0 hp 91 frg 0
ARGLOG Romero t  28.0 pos '1165.0 965.8 -234.3' spd  81.8 yaw 330.3 mode 2 st 4 gl 0 hp 28 frg -1
ARGLOG Joe Rogan t  28.4 pos '124.4 635.3  24.0' spd 335.1 yaw 110 mode 2 st 6 gl 0 hp 100 frg 0
ARGLOG Carmack t  28.4 pos '1255.1 728.0 -256.0' spd 351.9 yaw 107.6 mode 2 st 0 gl 0 hp 79 frg 0
ARGLOG Romero t  28.5 pos '1165.9 967.6 -243.8' spd 169.3 yaw 288.4 mode 2 st 4 gl 0 hp 24 frg -1
ARGEVT Joe Rogan hazard
ARGEVT Romero death Carmack pos '1168.9 959.7 -246.6'
ARGUS Carmack watch spawn
ARGEVT Carmack goal item_health
ARGEVT Carmack route 2 start '1265.0 801.0 -256.0' goal '945.0 993.0 -248.0'
ARGLOG Joe Rogan t  29.0 pos ' 68.6 618.0  24.0' spd 162.1 yaw 95 mode 2 st 6 gl 0 hp 100 frg 0
ARGLOG Carmack t  29.0 pos '1333.4 829.5 -256.0' spd 401.1 yaw 132 mode 2 st 0 gl 0 hp 79 frg 1
ARGLOG Joe Rogan t  29.5 pos ' 20.8 624.0  24.0' spd 101.5 yaw 82 mode 2 st 6 gl 0 hp 100 frg 0
ARGLOG Carmack t  29.5 pos '1239.8 973.7 -256.0' spd 332.7 yaw 176 mode 2 st 0 gl 0 hp 79 frg 1
ARGEVT Carmack hazard
ARGEVT Joe Rogan hazard
ARGLOG Joe Rogan t  30.0 pos '  8.7 624.0  24.0' spd  16.5 yaw 79 mode 2 st 6 gl 0 hp 100 frg 0
ARGLOG Carmack t  30.0 pos '1187.0 1071.5 -256.0' spd 111.6 yaw 216.3 mode 2 st 0 gl 0 hp 79 frg 1
ARGEVT Romero respawn
ARGEVT Romero goal weapon_rocketlauncher
ARGLOG Romero t  30.2 pos '-272.0 2928.0 -56.0' spd 0 yaw 343.7 mode 0 st 4 gl 0 hp 100 frg -1
ARGEVT Romero route 9 start '-143.0 2881.0 -56.0' goal '145.0 2337.0  40.0'
ARGEVT Joe Rogan stall
ARGEVT Joe Rogan stallnode ' 49.0 705.0 -120.0'
ARGLOG Joe Rogan t  30.5 pos '  9.8 624.0  24.0' spd 129.7 yaw 238.8 mode 0 st 7 gl 0 hp 100 frg 0
ARGEVT Joe Rogan jump
ARGLOG Carmack t  30.5 pos '1168.2 983.4 -256.0' spd 166.4 yaw 177 mode 2 st 0 gl 0 hp 79 frg 1
ARGEVT Joe Rogan route 15 start ' 81.0 545.0  24.0' goal '1169.0 1057.0 -408.0'
ARGLOG Romero t  30.7 pos '-157.7 2819.3 -72.0' spd 342.8 yaw 228 mode 2 st 4 gl 0 hp 100 frg -1
ARGEVT Carmack hazard
ARGLOG Joe Rogan t  31.0 pos ' 13.4 622.9  46.4' spd  38.4 yaw 349 mode 2 st 7 gl 0 hp 100 frg 0
ARGLOG Carmack t  31.0 pos '1168.0 955.3 -256.0' spd  59.6 yaw 170 mode 2 st 0 gl 0 hp 79 frg 1
ARGLOG Romero t  31.2 pos '-178.8 2652.3 -72.0' spd 368.6 yaw 169 mode 2 st 4 gl 0 hp 100 frg -1
ARGLOG Joe Rogan t  31.5 pos ' 97.5 546.0  24.0' spd 358.6 yaw 12 mode 2 st 7 gl 0 hp 100 frg 0
ARGLOG Carmack t  31.5 pos '1168.0 960.7 -256.0' spd   0.9 yaw 171 mode 2 st 0 gl 0 hp 79 frg 1
ARGLOG Romero t  31.7 pos '-337.7 2595.7 -104.0' spd 342.0 yaw 172 mode 2 st 4 gl 0 hp 100 frg -1
ARGEVT Carmack hazard
ARGEVT Carmack stall
ARGEVT Carmack stallnode '945.0 993.0 -248.0'
ARGEVT Carmack jump
ARGLOG Joe Rogan t  32.0 pos '263.0 585.9  24.0' spd 395.8 yaw 130 mode 2 st 7 gl 0 hp 100 frg 0
ARGLOG Carmack t  32.0 pos '1167.4 954.8 -234.7' spd 110.4 yaw 206.0 mode 0 st 1 gl 0 hp 79 frg 1
ARGEVT Carmack route 1 start '1169.0 993.0 -256.0' goal '945.0 993.0 -248.0'
ARGEVT Joe Rogan hazard
ARGLOG Romero t  32.2 pos '-488.5 2665.7 -96.0' spd 321.3 yaw 210 mode 2 st 4 gl 0 hp 100 frg -1
ARGEVT Romero lift
ARGEVT Romero jump
ARGEVT Romero board
ARGLOG Joe Rogan t  32.6 pos '122.7 640.0  24.0' spd 300.5 yaw 110 mode 2 st 7 gl 0 hp 100 frg 0
ARGLOG Carmack t  32.6 pos '1161.9 933.3 -235.8' spd  67.2 yaw 164 mode 2 st 1 gl 0 hp 79 frg 1
ARGLOG Romero t  32.8 pos '-576.0 2736.1 -58.0' spd  29.2 yaw 277 mode 2 st 4 gl 0 hp 100 frg -1
ARGLOG Joe Rogan t  33.1 pos ' 80.0 640.0  24.0' spd 0 yaw 99 mode 2 st 7 gl 0 hp 100 frg 0
ARGLOG Carmack t  33.1 pos '1168.0 961.2 -256.0' spd  41.5 yaw 171 mode 2 st 1 gl 0 hp 79 frg 1
ARGEVT Joe Rogan hazard
ARGEVT Romero jump
ARGEVT Carmack hazard
ARGLOG Romero t  33.3 pos '-566.0 2670.0 -84.1' spd 0 yaw 277 mode 2 st 4 gl 0 hp 100 frg -1
ARGLOG Joe Rogan t  33.6 pos ' 80.0 640.0  24.0' spd 0 yaw 99 mode 2 st 7 gl 0 hp 100 frg 0
ARGLOG Carmack t  33.6 pos '1168.0 967.0 -256.0' spd  33.0 yaw 173 mode 2 st 1 gl 0 hp 79 frg 1
ARGLOG Romero t  33.8 pos '-564.6 2660.9 -18.6' spd 0 yaw 277 mode 2 st 4 gl 0 hp 100 frg -1
ARGEVT Joe Rogan stall
ARGEVT Joe Rogan stallnode ' 49.0 705.0 -120.0'
ARGLOG Joe Rogan t  34.1 pos ' 80.0 640.0  24.0' spd 0 yaw 325.1 mode 0 st 8 gl 0 hp 100 frg 0
ARGEVT Joe Rogan jump
ARGEVT Carmack stall
ARGEVT Carmack stallnode '945.0 993.0 -248.0'
ARGLOG Carmack t  34.1 pos '1168.0 966.9 -256.0' spd  28.1 yaw 344.9 mode 0 st 2 gl 0 hp 79 frg 1
ARGEVT Carmack jump
ARGLOG Romero t  34.3 pos '-554.7 2616.9  56.0' spd 294.6 yaw 302 mode 2 st 4 gl 0 hp 100 frg -1
ARGUS routecache adopt
ARGEVT Carmack route 1 start '1169.0 993.0 -256.0' goal '945.0 993.0 -248.0'
ARGEVT Joe Rogan route 15 start ' 81.0 545.0  24.0' goal '1169.0 1057.0 -408.0'
ARGLOG Joe Rogan t  34.6 pos ' 91.2 639.9  46.9' spd  35.0 yaw 338 mode 2 st 8 gl 0 hp 100 frg 0
ARGLOG Carmack t  34.6 pos '1155.3 971.1 -222.4' spd  23.7 yaw 174 mode 2 st 2 gl 0 hp 79 frg 1
ARGLOG Romero t  34.8 pos '-534.7 2454.0  56.0' spd 320.0 yaw 319 mode 2 st 4 gl 0 hp 100 frg -1
ARGEVT Carmack hazard
ARGLOG Joe Rogan t  35.1 pos ' 93.7 529.1  24.0' spd 355.3 yaw 321.3 mode 2 st 8 gl 0 hp 100 frg 0
ARGEVT Joe Rogan hazard
ARGLOG Carmack t  35.1 pos '1168.0 968.4 -256.0' spd 133.0 yaw 173 mode 2 st 2 gl 0 hp 79 frg 1
ARGLOG Romero t  35.3 pos '-434.6 2321.3  56.0' spd 374.5 yaw 349 mode 2 st 4 gl 0 hp 100 frg -1
ARGLOG Joe Rogan t  35.6 pos '216.7 568.5  24.0' spd 320.5 yaw 122 mode 2 st 8 gl 0 hp 100 frg 0
ARGLOG Carmack t  35.6 pos '1168.0 970.9 -256.0' spd  22.4 yaw 174 mode 2 st 2 gl 0 hp 79 frg 1
ARGLOG Romero t  35.8 pos '-266.3 2350.8  56.0' spd 325.5 yaw 334 mode 2 st 4 gl 0 hp 100 frg -1
ARGLOG Joe Rogan t  36.2 pos '228.5 616.0  24.0' spd 331.3 yaw 129 mode 2 st 8 gl 0 hp 100 frg 0
ARGEVT Romero hazard
ARGLOG Carmack t  36.2 pos '1168.0 962.7 -256.0' spd  46.7 yaw 172 mode 2 st 2 gl 0 hp 79 frg 1
ARGEVT Carmack stall
ARGEVT Carmack stallnode '945.0 993.0 -248.0'
ARGEVT Carmack jump
ARGLOG Romero t  36.4 pos '-144.0 2431.7  49.7' spd  55.0 yaw 342 mode 2 st 4 gl 0 hp 100 frg -1
ARGEVT Carmack route 1 start '1169.0 993.0 -256.0' goal '945.0 993.0 -248.0'
ARGEVT Joe Rogan hazard
ARGLOG Joe Rogan t  36.7 pos ' 80.0 635.2  24.0' spd  93.6 yaw 98 mode 2 st 8 gl 0 hp 100 frg 0
ARGLOG Carmack t  36.7 pos '1153.4 984.5 -218.7' spd  40.2 yaw 177 mode 2 st 3 gl 0 hp 79 frg 1
ARGLOG Romero t  36.9 pos '-144.0 2415.4 -107.9' spd  34.3 yaw 345 mode 2 st 4 gl 0 hp 100 frg -1
ARGEVT Carmack hazard
ARGLOG Joe Rogan t  37.2 pos ' 35.2 624.0  24.0' spd 125.1 yaw 86 mode 2 st 8 gl 0 hp 100 frg 0
ARGLOG Carmack t  37.2 pos '1150.9 992.0 -256.0' spd  14.2 yaw 159 mode 1 st 3 gl 0 hp 79 frg 1
ARGEVT Romero hazard
ARGLOG Romero t  37.4 pos '-154.1 2280.0 -136.0' spd 409.6 yaw 10 mode 2 st 4 gl 0 hp 100 frg -1
ARGLOG Joe Rogan t  37.7 pos ' 15.6 624.0  24.0' spd  25.1 yaw 80 mode 2 st 8 gl 0 hp 100 frg 0
ARGLOG Carmack t  37.7 pos '1136.0 992.0 -256.0' spd 0 yaw 210 mode 1 st 3 gl 0 hp 79 frg 1
ARGEVT Joe Rogan hazard
ARGLOG Romero t  37.9 pos '-155.0 2180.7 -136.0' spd 111.8 yaw 27 mode 2 st 4 gl 0 hp 100 frg -1
ARGEVT Carmack hazard
ARGLOG Joe Rogan t  38.2 pos ' 10.1 624.0  24.0' spd  76.6 yaw 79 mode 2 st 8 gl 0 hp 100 frg 0
ARGLOG Carmack t  38.2 pos '1136.0 992.0 -256.0' spd 0 yaw 193.7 mode 1 st 3 gl 0 hp 79 frg 1
ARGEVT Romero hazard
ARGEVT Joe Rogan stall
ARGEVT Joe Rogan stallnode ' 49.0 705.0 -120.0'
ARGEVT Joe Rogan jump
ARGLOG Romero t  38.4 pos '-144.0 2310.1 -136.0' spd 144.9 yaw 5 mode 2 st 4 gl 0 hp 100 frg -1
ARGEVT Carmack stall
ARGEVT Carmack jump
ARGUS routecache adopt
ARGEVT Carmack route 1 start '1169.0 993.0 -256.0' goal '945.0 993.0 -248.0'
ARGEVT Joe Rogan route 15 start ' 81.0 545.0  24.0' goal '1169.0 1057.0 -408.0'
ARGLOG Joe Rogan t  38.7 pos ' 31.0 624.0  62.9' spd  63.4 yaw 348 mode 2 st 9 gl 0 hp 100 frg 0
ARGLOG Carmack t  38.7 pos '1136.0 999.6 -217.1' spd  43.5 yaw 161 mode 2 st 4 gl 0 hp 79 frg 1
ARGLOG Romero t  38.9 pos '-144.0 2371.8 -136.0' spd 107.1 yaw 354 mode 2 st 4 gl 0 hp 100 frg -1
ARGEVT Carmack hazard
ARGLOG Joe Rogan t  39.2 pos ' 72.1 585.9  24.0' spd 322.1 yaw 100 mode 2 st 9 gl 0 hp 100 frg 0
ARGLOG Carmack t  39.2 pos '1136.0 1008.3 -256.0' spd  82.4 yaw 167 mode 2 st 4 gl 0 hp 79 frg 1
ARGEVT Romero hazard
ARGLOG Romero t  39.4 pos '-144.0 2233.3 -136.0' spd 343.3 yaw 19 mode 2 st 4 gl 0 hp 100 frg -1
ARGLOG Joe Rogan t  39.7 pos '183.0 538.3  24.0' spd 247.1 yaw 128 mode 2 st 9 gl 0 hp 100 frg 0
ARGLOG Carmack t  39.7 pos '1136.0 992.0 -256.0' spd 0 yaw 156 mode 2 st 4 gl 0 hp 79 frg 1
ARGLOG Romero t  39.9 pos '-144.0 2145.0 -136.0' spd 118.3 yaw 33 mode 2 st 4 gl 0 hp 100 frg -1
ARGEVT Joe Rogan hazard
ARGEVT Carmack hazard
ARGLOG Joe Rogan t  40.3 pos '159.4 623.1  24.0' spd 344.9 yaw 117 mode 2 st 9 gl 0 hp 100 frg 0
ARGLOG Carmack t  40.3 pos '1136.0 992.0 -256.0' spd 0 yaw 156 mode 2 st 4 gl 0 hp 79 frg 1
ARGLOG Romero t  40.5 pos '-144.0 2107.3 -152.0' spd  31.1 yaw 38 mode 2 st 4 gl 0 hp 100 frg -1
ARGEVT Romero hazard
ARGEVT Carmack stall
ARGEVT Carmack stallnode '945.0 993.0 -248.0'
ARGEVT Carmack jump
ARGEVT Carmack route 1 start '1169.0 993.0 -256.0' goal '945.0 993.0 -248.0'
ARGLOG Joe Rogan t  40.8 pos ' 80.0 626.3  24.0' spd  80.1 yaw 98 mode 2 st 9 gl 0 hp 100 frg 0
ARGLOG Carmack t  40.8 pos '1136.0 995.4 -221.6' spd  30.7 yaw 158 mode 2 st 5 gl 0 hp 79 frg 1
ARGLOG Romero t  41.0 pos '-150.0 2273.1 -136.0' spd 312.7 yaw 12 mode 2 st 4 gl 0 hp 100 frg -1
ARGEVT Joe Rogan hazard
ARGEVT Carmack hazard
ARGLOG Joe Rogan t  41.3 pos ' 23.8 624.0  24.0' spd  30.7 yaw 83 mode 2 st 9 gl 0 hp 100 frg 0
ARGLOG Carmack t  41.3 pos '1136.0 1016.9 -256.0' spd  88.0 yaw 174 mode 2 st 5 gl 0 hp 79 frg 1
ARGLOG Romero t  41.5 pos '-150.2 2304.7 -136.0' spd 311.1 yaw 6 mode 2 st 4 gl 0 hp 100 frg -1
ARGEVT Romero hazard
ARGLOG Joe Rogan t  41.8 pos '  8.3 624.0  24.0' spd 114.2 yaw 78 mode 2 st 9 gl 0 hp 100 frg 0
ARGLOG Carmack t  41.8 pos '1136.0 992.0 -256.0' spd 0 yaw 156 mode 2 st 5 gl 0 hp 79 frg 1
ARGLOG Romero t  42.0 pos '-150.8 2178.9 -136.0' spd 133.3 yaw 28 mode 2 st 4 gl 0 hp 100 frg -1
ARGEVT Joe Rogan abandon
ARGEVT Joe Rogan plan powerup via weapon
ARGEVT Joe Rogan goal weapon_rocketlauncher
ARGEVT Carmack hazard
ARGLOG Joe Rogan t  42.3 pos '  1.4 624.0  24.0' spd  16.7 yaw 85 mode 0 st 9 gl 0 hp 100 frg 0
ARGLOG Carmack t  42.3 pos '1136.0 992.0 -256.0' spd 0 yaw 156 mode 2 st 5 gl 0 hp 79 frg 1
ARGEVT Joe Rogan route 29 start ' 81.0 545.0  24.0' goal '145.0 2337.0  40.0'
ARGLOG Romero t  42.5 pos '-147.9 2168.2 -136.0' spd 320.8 yaw 29 mode 2 st 4 gl 0 hp 100 frg -1
ARGEVT Romero hazard
ARGEVT Carmack stall
ARGEVT Carmack stallnode '945.0 993.0 -248.0'
ARGEVT Carmack jump
ARGLOG Joe Rogan t  42.8 pos '126.4 604.8  24.0' spd 375.6 yaw 347 mode 2 st 9 gl 0 hp 100 frg 0
ARGLOG Carmack t  42.8 pos '1136.0 992.7 -234.7' spd  12.2 yaw 156 mode 0 st 6 gl 0 hp 79 frg 1
ARGEVT Carmack route 1 start '1169.0 993.0 -256.0' goal '945.0 993.0 -248.0'
ARGEVT Joe Rogan hazard
ARGLOG Romero t  43.0 pos '-149.0 2303.0 -136.0' spd 138.1 yaw 6 mode 2 st 4 gl 0 hp 100 frg -1
ARGLOG Joe Rogan t  43.3 pos ' 80.0 524.6  24.0' spd 161.5 yaw 99 mode 2 st 9 gl 0 hp 100 frg 0
ARGLOG Carmack t  43.3 pos '1136.0 1017.7 -253.8' spd  67.7 yaw 174 mode 2 st 6 gl 0 hp 79 frg 1
ARGEVT Carmack hazard
ARGLOG Romero t  43.5 pos '-152.6 2352.6 -136.0' spd 108.0 yaw 358 mode 2 st 4 gl 0 hp 100 frg -1
ARGEVT Romero hazard
ARGLOG Joe Rogan t  43.9 pos '119.3 634.5  24.0' spd 325.4 yaw 134 mode 2 st 9 gl 0 hp 100 frg 0
ARGLOG Carmack t  43.9 pos '1136.0 992.0 -256.0' spd 0 yaw 156 mode 2 st 6 gl 0 hp 79 frg 1
ARGLOG Romero t  44.1 pos '-145.7 2200.1 -136.0' spd 185.2 yaw 25 mode 2 st 4 gl 0 hp 100 frg -1
ARGLOG Joe Rogan t  44.4 pos '260.9 545.5  24.0' spd 386.6 yaw 126 mode 2 st 9 gl 0 hp 100 frg 0
ARGEVT Joe Rogan hazard
ARGLOG Carmack t  44.4 pos '1136.0 992.0 -256.0' spd 0 yaw 156 mode 2 st 6 gl 0 hp 79 frg 1
ARGEVT Carmack hazard
ARGLOG Romero t  44.6 pos '-153.1 2147.7 -136.0' spd 107.7 yaw 32 mode 2 st 4 gl 0 hp 100 frg -1
ARGEVT Romero hazard
ARGLOG Joe Rogan t  44.9 pos '203.1 559.4  24.0' spd 329.5 yaw 119 mode 2 st 9 gl 0 hp 100 frg 0
ARGEVT Carmack stall
ARGEVT Carmack stallnode '945.0 993.0 -248.0'
ARGLOG Carmack t  44.9 pos '1136.0 992.0 -256.0' spd 0 yaw 296.7 mode 0 st 7 gl 0 hp 79 frg 1
ARGEVT Carmack jump
ARGUS routecache adopt
ARGEVT Carmack route 1 start '1169.0 993.0 -256.0' goal '945.0 993.0 -248.0'
ARGLOG Romero t  45.1 pos '-148.6 2293.5 -136.0' spd 172.1 yaw 8 mode 2 st 4 gl 0 hp 100 frg -1
ARGLOG Joe Rogan t  45.4 pos ' 80.0 628.7  24.0' spd  13.3 yaw 98 mode 2 st 9 gl 0 hp 100 frg 0
ARGEVT Joe Rogan hazard
ARGLOG Carmack t  45.4 pos '1136.0 1010.9 -233.4' spd  61.3 yaw 169 mode 2 st 7 gl 0 hp 79 frg 1
ARGEVT Carmack hazard
ARGLOG Romero t  45.6 pos '-153.0 2357.3 -136.0' spd 110.5 yaw 357 mode 2 st 4 gl 0 hp 100 frg -1
ARGEVT Romero hazard
ARGLOG Joe Rogan t  45.9 pos ' 80.0 629.3  24.0' spd  14.5 yaw 98 mode 2 st 9 gl 0 hp 100 frg 0
ARGLOG Carmack t  45.9 pos '1136.0 992.0 -256.0' spd 0 yaw 156 mode 2 st 7 gl 0 hp 79 frg 1
ARGLOG Romero t  46.1 pos '-155.9 2231.5 -136.0' spd 275.3 yaw 19 mode 2 st 4 gl 0 hp 100 frg -1
ARGEVT Joe Rogan stall
ARGEVT Joe Rogan stallnode ' 49.0 705.0 -120.0'
ARGEVT Joe Rogan jump
ARGLOG Joe Rogan t  46.4 pos ' 80.0 632.2  45.6' spd  29.7 yaw 87 mode 0 st 10 gl 0 hp 100 frg 0
ARGLOG Carmack t  46.4 pos '1136.0 992.0 -256.0' spd 0 yaw 156 mode 2 st 7 gl 0 hp 79 frg 1
ARGEVT Carmack hazard
ARGLOG Romero t  46.6 pos '-144.0 2258.0 -136.0' spd 292.2 yaw 15 mode 2 st 4 gl 0 hp 100 frg -1
ARGEVT Joe Rogan route 29 start ' 81.0 545.0  24.0' goal '145.0 2337.0  40.0'
ARGEVT Romero hazard
ARGLOG Joe Rogan t  46.9 pos ' 80.0 635.9  24.3' spd  33.5 yaw 340 mode 2 st 10 gl 0 hp 100 frg 0
ARGLOG Carmack t  46.9 pos '1136.0 992.0 -256.0' spd 0 yaw 156 mode 2 st 7 gl 0 hp 79 frg 1
ARGEVT Joe Rogan stall
ARGEVT Joe Rogan stallnode ' 81.0 545.0  24.0'
ARGEVT Joe Rogan jump
ARGEVT Carmack stall
ARGEVT Carmack stallnode '945.0 993.0 -248.0'
ARGEVT Carmack jump
ARGLOG Romero t  47.1 pos '-144.0 2341.5 -136.0' spd 118.6 yaw 0 mode 2 st 4 gl 0 hp 100 frg -1
ARGEVT Joe Rogan plan powerup via weapon
ARGEVT Joe Rogan goal weapon_supernailgun
ARGEVT Joe Rogan route 25 start ' 81.0 545.0  24.0' goal '817.0 2433.0 -344.0'
ARGLOG Joe Rogan t  47.5 pos ' 75.7 553.3  59.1' spd 179.5 yaw 99 mode 2 st 11 gl 0 hp 100 frg 0
ARGLOG Carmack t  47.5 pos '1136.0 1004.8 -220.9' spd  53.3 yaw 165 mode 0 st 8 gl 0 hp 79 frg 1
ARGEVT Carmack route 1 start '1169.0 993.0 -256.0' goal '945.0 993.0 -248.0'
ARGLOG Romero t  47.7 pos '-144.0 2302.9 -136.0' spd 365.1 yaw 6 mode 2 st 4 gl 0 hp 100 frg -1
ARGEVT Romero hazard
ARGEVT Carmack hazard
ARGLOG Joe Rogan t  48.0 pos ' 67.5 606.8  24.0' spd 389.1 yaw 100 mode 2 st 11 gl 0 hp 100 frg 0
ARGLOG Carmack t  48.0 pos '1136.0 1000.2 -256.0' spd  78.8 yaw 161 mode 2 st 8 gl 0 hp 79 frg 1
ARGLOG Romero t  48.2 pos '-144.0 2169.8 -136.0' spd 136.2 yaw 30 mode 2 st 4 gl 0 hp 100 frg -1
ARGLOG Joe Rogan t  48.5 pos '221.3 588.4  24.0' spd 325.9 yaw 125 mode 2 st 11 gl 0 hp 100 frg 0
ARGLOG Carmack t  48.5 pos '1136.0 992.0 -256.0' spd 0 yaw 156 mode 2 st 8 gl 0 hp 79 frg 1
ARGEVT Joe Rogan hazard
ARGLOG Romero t  48.7 pos '-144.0 2110.3 -136.0' spd 105.7 yaw 38 mode 2 st 4 gl 0 hp 100 frg -1
ARGEVT Carmack hazard
ARGEVT Romero hazard
ARGEVT Carmack abandon
ARGEVT Carmack goal item_armor2
ARGEVT Carmack route 2 start '1169.0 993.0 -256.0' goal '1297.0 1057.0 -408.0'
ARGLOG Joe Rogan t  49.0 pos '128.3 534.4  24.0' spd 347.9 yaw 104 mode 2 st 11 gl 0 hp 100 frg 0
ARGLOG Carmack t  49.0 pos '1136.0 992.0 -256.0' spd 0 yaw 21 mode 2 st 8 gl 0 hp 79 frg 1
ARGEVT Joe Rogan door
ARGLOG Romero t  49.2 pos '-149.5 2203.7 -136.0' spd 406.0 yaw 24 mode 2 st 4 gl 0 hp 100 frg -1
ARGEVT Carmack stall
ARGEVT Carmack stallnode '1169.0 865.0 -408.0'
ARGEVT Carmack jump
ARGUS routecache adopt
ARGEVT Carmack route 2 start '1169.0 993.0 -256.0' goal '1297.0 1057.0 -408.0'
ARGLOG Joe Rogan t  49.5 pos '-10.4 621.3  24.0' spd 331.7 yaw 217.9 mode 2 st 11 gl 0 hp 100 frg 0
ARGLOG Carmack t  49.5 pos '1138.4 992.0 -217.1' spd  22.0 yaw 22 mode 2 st 9 gl 0 hp 79 frg 1
ARGLOG Romero t  49.7 pos '-149.9 2321.9 -136.0' spd 108.0 yaw 2 mode 2 st 4 gl 0 hp 100 frg -1
ARGEVT Romero hazard
ARGLOG Joe Rogan t  50.0 pos '-44.3 609.6  24.0' spd  49.4 yaw  16.5 mode 2 st 11 gl 0 hp 100 frg 0
ARGLOG Carmack t  50.0 pos '1161.1 992.0 -256.0' spd  44.3 yaw 25 mode 2 st 9 gl 0 hp 100 frg 1
ARGLOG Romero t  50.2 pos '-148.6 2192.0 -136.0' spd 180.3 yaw 26 mode 2 st 4 gl 0 hp 100 frg -1
ARGEVT Carmack hazard
ARGEVT Romero abandon
ARGEVT Romero plan powerup via weapon
ARGEVT Romero goal weapon_grenadelauncher
ARGEVT Romero route 30 start '-207.0 2113.0 -136.0' goal '1169.0 1057.0 -408.0'
ARGLOG Joe Rogan t  50.5 pos '-44.3 609.6  24.0' spd 0 yaw 45 mode 2 st 11 gl 0 hp 100 frg 0
ARGLOG Carmack t  50.5 pos '1202.0 923.1 -256.0' spd 163.2 yaw 54 mode 2 st 9 gl 0 hp 100 frg 1
ARGLOG Romero t  50.7 pos '-144.8 2115.0 -136.0' spd  91.7 yaw 99 mode 2 st 4 gl 0 hp 100 frg -1
ARGLOG Joe Rogan t  51.1 pos '-44.3 609.6  24.0' spd 0 yaw 45 mode 2 st 11 gl 0 hp 100 frg 0
ARGLOG Carmack t  51.1 pos '1200.0 887.2 -256.0' spd 305.0 yaw  85.8 mode 2 st 9 gl 0 hp 100 frg 1
ARGLOG Romero t  51.3 pos '-202.6 2265.8 -136.0' spd 326.9 yaw 91 mode 2 st 4 gl 0 hp 100 frg -1
ARGLOG Joe Rogan t  51.6 pos '-44.3 609.6  24.0' spd 0 yaw 45 mode 2 st 11 gl 0 hp 100 frg 0
ARGLOG Carmack t  51.6 pos '1267.1 1040.1 -256.0' spd 329.4 yaw  18.4 mode 1 st 9 gl 0 hp 100 frg 1
ARGLOG Romero t  51.8 pos '-249.1 2426.2 -136.0' spd 336.7 yaw 69 mode 2 st 4 gl 0 hp 100 frg -1
ARGLOG Joe Rogan t  52.1 pos '-44.3 609.6  24.0' spd 0 yaw 45 mode 2 st 11 gl 0 hp 100 frg 0
ARGLOG Carmack t  52.1 pos '1412.4 981.9 -256.0' spd 430.3 yaw 214.2 mode 1 st 9 gl 0 hp 100 frg 1
ARGEVT Romero jump
ARGLOG Romero t  52.3 pos '-187.9 2580.8 -82.5' spd 320.1 yaw 64 mode 2 st 4 gl 0 hp 100 frg -1
ARGLOG Joe Rogan t  52.6 pos '-44.3 609.6  24.0' spd 0 yaw 45 mode 2 st 11 gl 0 hp 100 frg 0
ARGLOG Carmack t  52.6 pos '1257.2 974.9 -256.0' spd 439.3 yaw 53 mode 1 st 9 gl 0 hp 100 frg 1
ARGLOG Romero t  52.8 pos '-120.4 2731.7 -72.0' spd 320.2 yaw 42 mode 2 st 4 gl 0 hp 100 frg -1
ARGLOG Joe Rogan t  53.1 pos '-44.3 609.6  24.0' spd 0 yaw 45 mode 2 st 11 gl 0 hp 100 frg 0
ARGLOG Carmack t  53.1 pos '1398.0 1049.1 -256.0' spd 436.9 yaw 257.2 mode 1 st 9 gl 0 hp 100 frg 1
ARGLOG Romero t  53.3 pos '-44.3 2877.9 -56.0' spd 320.1 yaw 23 mode 2 st 4 gl 0 hp 100 frg -1
ARGLOG Joe Rogan t  53.6 pos '-44.3 609.6  24.0' spd 0 yaw 45 mode 2 st 11 gl 0 hp 100 frg 0
ARGLOG Carmack t  53.6 pos '1291.9 935.2 -256.0' spd 440.1 yaw  93.3 mode 1 st 9 gl 0 hp 100 frg 1
ARGEVT Romero hazard
ARGLOG Romero t  53.8 pos ' 27.7 2965.7 -72.0' spd 157.9 yaw 356 mode 2 st 4 gl 0 hp 100 frg -1
ARGLOG Joe Rogan t  54.1 pos '-44.3 609.6  24.0' spd 0 yaw 45 mode 2 st 11 gl 0 hp 100 frg 0
ARGLOG Carmack t  54.1 pos '1359.5 1079.7 -256.0' spd 438.3 yaw 293.1 mode 1 st 9 gl 0 hp 100 frg 1
ARGLOG Romero t  54.3 pos ' 63.4 2970.2 -88.0' spd 255.1 yaw 355 mode 2 st 4 gl 0 hp 100 frg -1
ARGLOG Joe Rogan t  54.7 pos '-44.3 609.6  24.0' spd 0 yaw 45 mode 2 st 11 gl 0 hp 100 frg 0
ARGLOG Carmack t  54.7 pos '1340.5 924.4 -256.0' spd 440.0 yaw 129.0 mode 1 st 9 gl 0 hp 100 frg 1
ARGEVT Romero hazard
ARGLOG Romero t  54.9 pos ' 40.4 2959.2 -88.0' spd 146.8 yaw 357 mode 2 st 4 gl 0 hp 100 frg -1
ARGLOG Joe Rogan t  55.2 pos '-44.3 609.6  24.0' spd 0 yaw 45 mode 2 st 11 gl 0 hp 100 frg 0
ARGEVT Romero stall
ARGEVT Romero stallnode '113.0 2945.0 -120.0'
ARGEVT Romero jump
ARGLOG Carmack t  55.2 pos '1316.1 1081.0 -256.0' spd 437.5 yaw 327.1 mode 1 st 9 gl 0 hp 100 frg 1
ARGEVT Romero door
ARGUS routecache adopt
ARGEVT Romero route 25 start '-15.0 2945.0 -56.0' goal '1169.0 1057.0 -408.0'
ARGEVT Romero door
ARGLOG Romero t  55.4 pos ' 32.0 2930.4 -53.5' spd 192.6 yaw 3 mode 2 st 5 gl 0 hp 100 frg -1
ARGLOG Joe Rogan t  55.7 pos '-44.3 609.6  24.0' spd 0 yaw 45 mode 2 st 11 gl 0 hp 100 frg 0
ARGLOG Carmack t  55.7 pos '1386.1 940.4 -256.0' spd 439.4 yaw 161.6 mode 1 st 9 gl 0 hp 100 frg 1
ARGEVT Romero hazard
ARGLOG Romero t  55.9 pos '100.2 2853.8 -56.0' spd 255.7 yaw 23 mode 2 st 5 gl 0 hp 100 frg -1
ARGLOG Joe Rogan t  56.2 pos '-44.3 609.6  24.0' spd 0 yaw 45 mode 2 st 11 gl 0 hp 100 frg 0
ARGLOG Carmack t  56.2 pos '1283.3 1058.9 -256.0' spd 439.3 yaw 358.0 mode 1 st 9 gl 0 hp 100 frg 1
ARGLOG Romero t  56.4 pos '194.5 2868.3 -56.0' spd 118.6 yaw 34 mode 2 st 5 gl 0 hp 100 frg -1
ARGLOG Joe Rogan t  56.7 pos '-44.3 609.6  24.0' spd 0 yaw 45 mode 2 st 11 gl 0 hp 100 frg 0
ARGLOG Carmack t  56.7 pos '1416.9 975.4 -256.0' spd 440.5 yaw 193.9 mode 1 st 9 gl 0 hp 100 frg 1
ARGLOG Romero t  56.9 pos '108.6 2863.7 -56.0' spd 324.3 yaw 22 mode 2 st 5 gl 0 hp 100 frg -1
ARGEVT Romero hazard
ARGEVT Joe Rogan abandon
ARGLOG Joe Rogan t  57.2 pos '-44.3 609.6  24.0' spd 0 yaw 195 mode 0 st 11 gl 0 hp 100 frg 0
ARGLOG Carmack t  57.2 pos '1267.7 1020.9 -256.0' spd 437.3 yaw 31 mode 1 st 9 gl 0 hp 100 frg 1
ARGEVT Joe Rogan plan powerup via weapon
ARGEVT Joe Rogan goal weapon_rocketlauncher
ARGLOG Romero t  57.4 pos ' 89.6 2865.8 -56.0' spd 335.9 yaw 20 mode 2 st 5 gl 0 hp 100 frg -1
ARGEVT Joe Rogan route 29 start ' 81.0 545.0  24.0' goal '145.0 2337.0  40.0'
ARGLOG Joe Rogan t  57.7 pos '-37.5 624.0  -9.0' spd  64.6 yaw 351 mode 2 st 11 gl 0 hp 100 frg 0
ARGLOG Carmack t  57.7 pos '1424.0 1021.8 -256.0' spd 421.4 yaw 226.8 mode 1 st 9 gl 0 hp 100 frg 1
ARGEVT Joe Rogan jump
ARGLOG Romero t  57.9 pos '194.4 2861.4 -56.0' spd 114.0 yaw 37 mode 2 st 5 gl 0 hp 100 frg -1
ARGEVT Romero hazard
ARGLOG Joe Rogan t  58.3 pos ' 48.0 586.5   6.4' spd  80.8 yaw 358 mode 2 st 11 gl 0 hp 100 frg 0
ARGLOG Carmack t  58.3 pos '1272.5 990.6 -256.0' spd 435.5 yaw  61.7 mode 1 st 9 gl 0 hp 100 frg 1
ARGLOG Romero t  58.5 pos ' 69.6 2864.0 -56.0' spd 208.1 yaw 18 mode 2 st 5 gl 0 hp 100 frg -1
ARGLOG Joe Rogan t  58.8 pos ' 48.0 546.4 -99.0' spd  65.5 yaw 9 mode 2 st 11 gl 0 hp 100 frg 0
ARGLOG Carmack t  58.8 pos '1408.5 1070.1 -256.0' spd 439.5 yaw 256.6 mode 1 st 9 gl 0 hp 100 frg 1
ARGEVT Joe Rogan hazard
ARGLOG Romero t  59.0 pos '106.9 2867.4 -56.0' spd 347.2 yaw 21 mode 2 st 5 gl 0 hp 100 frg -1
ARGEVT Romero hazard
ARGLOG Joe Rogan t  59.3 pos ' 43.3 624.0 -163.3' spd  12.1 yaw 347 mode 2 st 11 gl 0 hp 100 frg 0
ARGLOG Carmack t  59.3 pos '1298.0 965.6 -256.0' spd 434.7 yaw  92.1 mode 1 st 9 gl 0 hp 100 frg 1
ARGLOG Romero t  59.5 pos '190.6 2865.1 -56.0' spd 106.8 yaw 34 mode 2 st 5 gl 0 hp 100 frg -1
ARGLOG Joe Rogan t  59.8 pos ' 47.4 624.0 -208.0' spd  11.4 yaw 347 mode 2 st 11 gl 0 hp 100 frg 0
ARGLOG Carmack t  59.8 pos '1375.2 1102.8 -256.0' spd 440.1 yaw 287.6 mode 1 st 9 gl 0 hp 100 frg 1
ARGEVT Joe Rogan hazard
ARGLOG Romero t  60.0 pos ' 56.0 2863.4 -56.0' spd 120.0 yaw 18 mode 2 st 5 gl 0 hp 100 frg -1
ARGEVT Romero hazard
ARGLOG Joe Rogan t  60.3 pos ' 41.4 624.0 -208.0' spd  11.6 yaw 347 mode 2 st 11 gl 0 hp 100 frg 0
ARGLOG Carmack t  60.3 pos '1335.4 957.5 -256.0' spd 431.7 yaw 121.9 mode 1 st 9 gl 0 hp 100 frg 1
ARGLOG Romero t  60.5 pos '154.5 2867.2 -56.0' spd 283.6 yaw 27 mode 2 st 5 gl 0 hp 100 frg -1
ARGEVT Joe Rogan stall
ARGEVT Joe Rogan stallnode '241.0 577.0  24.0'
ARGEVT Joe Rogan jump
ARGLOG Joe Rogan t  60.8 pos ' 37.6 624.0 -186.7' spd  29.9 yaw  21.0 mode 0 st 12 gl 0 hp 100 frg 0
ARGLOG Carmack t  60.8 pos '1334.8 1114.3 -256.0' spd 439.9 yaw 317.1 mode 1 st 9 gl 0 hp 100 frg 1
ARGLOG Romero t  61.0 pos '142.8 2864.6 -56.0' spd 358.2 yaw 26 mode 2 st 5 gl 0 hp 100 frg -1
ARGEVT Joe Rogan route 27 start '-47.0 673.0 -208.0' goal '145.0 2337.0  40.0'
ARGEVT Romero hazard
ARGLOG Joe Rogan t  61.3 pos ' 41.0 624.0 -206.1' spd  42.8 yaw 122 mode 2 st 12 gl 0 hp 100 frg 0
ARGLOG Carmack t  61.3 pos '1309.0 985.6 -256.0' spd 406.8 yaw 152.9 mode 1 st 9 gl 0 hp 100 frg 1
ARGEVT Joe Rogan stall
ARGEVT Joe Rogan stallnode '-111.0 865.0 -200.0'
ARGEVT Joe Rogan jump
ARGLOG Romero t  61.5 pos ' 40.3 2855.1 -56.0' spd 117.2 yaw 18 mode 2 st 5 gl 0 hp 100 frg -1
ARGEVT Joe Rogan plan powerup via weapon
ARGEVT Joe Rogan goal weapon_supershotgun
ARGEVT Joe Rogan route 3 start '-47.0 673.0 -208.0' goal '113.0 1217.0 -184.0'
ARGEVT Carmack hazard
ARGLOG Joe Rogan t  61.9 pos ' -6.1 602.4 -173.2' spd 129.3 yaw 346.5 mode 2 st 13 gl 0 hp 100 frg 0
ARGLOG Carmack t  61.9 pos '1247.2 1094.3 -256.0' spd 346.0 yaw 347.8 mode 1 st 9 gl 0 hp 100 frg 1
ARGLOG Romero t  62.1 pos '-10.6 2923.7 -56.0' spd 182.5 yaw 3 mode 2 st 5 gl 0 hp 100 frg -1
ARGEVT Joe Rogan hazard
ARGLOG Joe Rogan t  62.4 pos ' 34.5 624.0 -208.0' spd  12.2 yaw 86 mode 2 st 13 gl 0 hp 100 frg 0
ARGEVT Romero hazard
ARGLOG Carmack t  62.4 pos '1339.3 967.4 -256.0' spd 429.1 yaw 181.7 mode 1 st 9 gl 0 hp 100 frg 1
ARGLOG Romero t  62.6 pos ' 43.9 2962.5 -88.0' spd 179.5 yaw 357 mode 2 st 5 gl 0 hp 100 frg -1
ARGLOG Joe Rogan t  62.9 pos ' 39.9 624.0 -208.0' spd   8.5 yaw 87 mode 2 st 13 gl 0 hp 100 frg 0
ARGLOG Carmack t  62.9 pos '1204.3 1044.9 -256.0' spd 439.7 yaw  17.2 mode 1 st 9 gl 0 hp 100 frg 1
ARGEVT Romero stall
ARGEVT Romero stallnode '113.0 2945.0 -120.0'
ARGLOG Romero t  63.1 pos ' 39.4 2963.6 -88.0' spd 147.7 yaw 586.3 mode 0 st 6 gl 0 hp 100 frg -1
ARGEVT Romero jump
ARGEVT Romero door
ARGEVT Romero door
ARGLOG Joe Rogan t  63.4 pos ' 43.5 624.0 -208.0' spd   5.8 yaw 88 mode 2 st 13 gl 0 hp 100 frg 0
ARGLOG Carmack t  63.4 pos '1358.1 1007.9 -256.0' spd 440.1 yaw 212.4 mode 1 st 9 gl 0 hp 100 frg 1
ARGEVT Romero route 25 start '-15.0 2945.0 -56.0' goal '1169.0 1057.0 -408.0'
ARGEVT Joe Rogan stall
ARGEVT Joe Rogan stallnode ' 49.0 833.0 -200.0'
ARGEVT Joe Rogan jump
ARGLOG Romero t  63.6 pos ' 32.0 2910.3 -65.3' spd 110.3 yaw 23 mode 2 st 6 gl 0 hp 100 frg -1
ARGEVT Joe Rogan route 3 start '-47.0 673.0 -208.0' goal '113.0 1217.0 -184.0'
ARGLOG Joe Rogan t  63.9 pos ' 48.0 624.0 -169.1' spd 0 yaw 89 mode 2 st 14 gl 0 hp 100 frg 0
ARGLOG Carmack t  63.9 pos '1202.6 1002.9 -256.0' spd 439.8 yaw  47.6 mode 1 st 9 gl 0 hp 100 frg 1
ARGLOG Romero t  64.1 pos ' 31.9 2928.0 -152.0' spd 191.0 yaw 3 mode 2 st 6 gl 0 hp 92 frg -1
ARGEVT Joe Rogan hazard
ARGEVT Joe Rogan stall
ARGEVT Joe Rogan stallnode ' 49.0 833.0 -200.0'
ARGEVT Joe Rogan jump
ARGLOG Joe Rogan t  64.4 pos ' 45.3 623.6 -186.5' spd  30.3 yaw 203.1 mode 0 st 15 gl 0 hp 100 frg 0
ARGLOG Carmack t  64.4 pos '1353.9 1049.3 -256.0' spd 440.3 yaw 243.5 mode 1 st 9 gl 0 hp 100 frg 1
ARGEVT Joe Rogan plan powerup via weapon
ARGEVT Joe Rogan goal weapon_grenadelauncher
ARGEVT Joe Rogan route 13 start '-47.0 673.0 -208.0' goal '1169.0 1057.0 -408.0'
ARGLOG Romero t  64.6 pos ' 32.0 2928.0 -152.0' spd 0 yaw 3 mode 2 st 6 gl 0 hp 92 frg -1
ARGLOG Joe Rogan t  64.9 pos ' 25.8 623.4 -192.7' spd  47.2 yaw 119 mode 2 st 15 gl 0 hp 100 frg 0
ARGLOG Carmack t  64.9 pos '1223.8 963.9 -256.0' spd 440.6 yaw  79.3 mode 1 st 9 gl 0 hp 100 frg 1
ARGLOG Romero t  65.2 pos ' 32.0 2928.0 -152.0' spd 0 yaw 3 mode 2 st 6 gl 0 hp 84 frg -1
ARGEVT Romero stall
ARGEVT Romero stallnode '113.0 2945.0 -120.0'
ARGEVT Romero jump
ARGEVT Romero swim
ARGLOG Joe Rogan t  65.5 pos '-69.8 786.6 -200.0' spd 330.2 yaw 85 mode 2 st 15 gl 0 hp 100 frg 0
ARGLOG Carmack t  65.5 pos '1327.5 1082.4 -256.0' spd 440.3 yaw 275.5 mode 1 st 9 gl 0 hp 100 frg 1
ARGEVT Romero route 27 start ' 49.0 2849.0 -152.0' goal '1169.0 1057.0 -408.0'
ARGLOG Romero t  65.7 pos ' 32.0 2912.1 -137.1' spd  66.5 yaw  11.6 mode 2 st 7 gl 0 hp 84 frg -1
ARGEVT Romero jump
ARGLOG Joe Rogan t  66.0 pos '-74.7 954.6 -200.0' spd 322.0 yaw 74 mode 2 st 15 gl 0 hp 100 frg 0
ARGLOG Carmack t  66.0 pos '1260.5 941.0 -256.0' spd 439.9 yaw 110.4 mode 1 st 9 gl 0 hp 100 frg 1
ARGLOG Romero t  66.2 pos ' 42.6 2911.0 -97.1' spd  31.8 yaw 149 mode 2 st 7 gl 0 hp 80 frg -1
ARGEVT Joe Rogan abandon
ARGLOG Joe Rogan t  66.5 pos '-53.8 1090.7 -200.0' spd 185.6 yaw 209.5 mode 0 st 15 gl 0 hp 100 frg 0
ARGLOG Carmack t  66.5 pos '1290.2 1094.8 -256.0' spd 440.1 yaw 305.9 mode 1 st 9 gl 0 hp 100 frg 1
ARGEVT Joe Rogan plan powerup via weapon
ARGEVT Joe Rogan goal weapon_supershotgun
ARGLOG Romero t  66.7 pos ' 92.5 2928.0 -136.0' spd 305.3 yaw 2 mode 2 st 7 gl 0 hp 76 frg -1
ARGEVT Joe Rogan route 20 start '-47.0 1089.0 -200.0' goal '-335.0 2913.0 -56.0'
ARGEVT Romero jump
ARGLOG Joe Rogan t  67.0 pos ' 32.0 1164.6 -212.9' spd 281.6 yaw 25 mode 2 st 15 gl 0 hp 100 frg 0
ARGLOG Carmack t  67.0 pos '1305.8 938.7 -256.0' spd 439.8 yaw 141.4 mode 1 st 9 gl 0 hp 100 frg 1
ARGLOG Romero t  67.2 pos '257.7 2933.5 -85.2' spd 320.4 yaw 3 mode 2 st 7 gl 0 hp 76 frg -1
ARGEVT Joe Rogan swim
ARGEVT Joe Rogan swim
ARGLOG Joe Rogan t  67.5 pos ' 40.9 1303.1 -296.3' spd 230.4 yaw 353 mode 2 st 15 gl 0 hp 100 frg 0
ARGEVT Romero swim
ARGLOG Carmack t  67.5 pos '1251.7 1085.3 -256.0' spd 440.5 yaw 337.2 mode 1 st 9 gl 0 hp 100 frg 1
ARGLOG Romero t  67.7 pos '304.0 2941.4 -146.0' spd  15.1 yaw 346 mode 2 st 7 gl 0 hp 72 frg -1
ARGUS routecache adopt
ARGEVT Joe Rogan route 18 start '209.0 1249.0 -312.0' goal '-335.0 2913.0 -56.0'
ARGLOG Joe Rogan t  68.0 pos '180.8 1288.4 -312.0' spd 375.2 yaw  60.2 mode 0 st 15 gl 0 hp 100 frg 0
ARGLOG Carmack t  68.0 pos '1346.1 958.8 -256.0' spd 440.0 yaw 172.1 mode 1 st 9 gl 0 hp 100 frg 1
ARGLOG Romero t  68.2 pos '304.0 2946.3 -141.4' spd   5.5 yaw 345 mode 2 st 7 gl 0 hp 72 frg -1
ARGEVT Joe Rogan hazard
ARGLOG Joe Rogan t  68.5 pos '337.5 1291.6 -312.0' spd 325.0 yaw 323 mode 2 st 15 gl 0 hp 100 frg 0
ARGLOG Carmack t  68.5 pos '1224.0 1055.7 -256.0' spd 440.6 yaw   8.3 mode 1 st 9 gl 0 hp 100 frg 1
ARGEVT Joe Rogan swim
ARGLOG Romero t  68.8 pos '304.0 2947.5 -136.8' spd   0.3 yaw 345 mode 2 st 7 gl 0 hp 64 frg -1
ARGEVT Romero stall
ARGEVT Romero stallnode '433.0 2945.0 -56.0'
ARGEVT Romero swim
ARGLOG Joe Rogan t  69.1 pos '380.0 1199.6 -307.8' spd 197.9 yaw 308 mode 2 st 15 gl 0 hp 100 frg 0
ARGEVT Carmack abandon
ARGEVT Carmack goal weapon_rocketlauncher
ARGLOG Carmack t  69.1 pos '1370.0 995.5 -256.0' spd 440.0 yaw 203.2 mode 0 st 9 gl 0 hp 100 frg 1
ARGEVT Romero swim
ARGEVT Romero route 27 start '209.0 2945.0 -152.0' goal '1169.0 1057.0 -408.0'
ARGLOG Romero t  69.3 pos '304.0 2925.0 -136.5' spd 112.8 yaw 176 mode 2 st 8 gl 0 hp 64 frg -1
ARGEVT Romero swim
ARGEVT Carmack route 17 start '1329.0 993.0 -256.0' goal '145.0 2337.0  40.0'
ARGLOG Joe Rogan t  69.6 pos '485.6 1174.6 -305.2' spd 233.3 yaw 318 mode 2 st 15 gl 0 hp 100 frg 0
ARGLOG Carmack t  69.6 pos '1196.5 975.6 -256.0' spd 368.2 yaw  94.0 mode 2 st 9 gl 0 hp 100 frg 1
ARGEVT Romero swim
ARGLOG Romero t  69.8 pos '268.3 2862.1 -136.2' spd 155.1 yaw 163 mode 2 st 8 gl 0 hp 56 frg -1
ARGEVT Carmack hazard
ARGEVT Romero swim
ARGLOG Joe Rogan t  70.1 pos '567.0 1064.9 -315.5' spd 328.4 yaw 337 mode 2 st 15 gl 0 hp 100 frg 0
ARGLOG Carmack t  70.1 pos '1284.7 1053.4 -256.0' spd 379.4 yaw 239 mode 2 st 9 gl 0 hp 100 frg 1
ARGEVT Joe Rogan swim
ARGEVT Romero swim
ARGLOG Romero t  70.3 pos '174.5 2867.2 -135.8' spd 216.1 yaw 157 mode 2 st 8 gl 0 hp 56 frg -1
ARGEVT Romero swim
ARGEVT Romero abandon
ARGEVT Romero goal item_health
ARGEVT Romero route 10 start '113.0 2945.0 -120.0' goal '945.0 2433.0 -112.0'
ARGLOG Joe Rogan t  70.6 pos '637.2 939.6 -312.2' spd 252.1 yaw 358 mode 2 st 15 gl 0 hp 100 frg 0
ARGEVT Romero swim
ARGLOG Carmack t  70.6 pos '1244.5 903.2 -256.0' spd 435.4 yaw 207 mode 2 st 9 gl 0 hp 100 frg 1
ARGLOG Romero t  70.8 pos ' 82.8 2897.3 -135.6' spd 102.1 yaw 12 mode 2 st 8 gl 0 hp 52 frg -1
ARGEVT Carmack hazard
ARGEVT Romero jump
ARGLOG Joe Rogan t  71.1 pos '751.5 925.1 -307.6' spd 240.7 yaw 19 mode 2 st 15 gl 0 hp 100 frg 0
ARGLOG Carmack t  71.1 pos '1172.8 1037.9 -256.0' spd 315.9 yaw 8 mode 2 st 9 gl 0 hp 100 frg 1
ARGLOG Romero t  71.3 pos '200.0 2976.0 -81.1' spd 311.1 yaw 353 mode 2 st 8 gl 0 hp 52 frg -1
ARGLOG Joe Rogan t  71.6 pos '837.4 890.6 -303.0' spd 152.7 yaw 43 mode 2 st 15 gl 0 hp 100 frg 0
ARGLOG Carmack t  71.6 pos '1189.6 928.0 -248.8' spd 234.9 yaw 50 mode 2 st 9 gl 0 hp 100 frg 1
ARGEVT Romero swim
ARGLOG Romero t  71.8 pos '304.0 2967.2 -146.8' spd  82.5 yaw 351 mode 2 st 8 gl 0 hp 44 frg -1
ARGEVT Carmack hazard
ARGLOG Joe Rogan t  72.1 pos '859.7 868.2 -298.5' spd  12.2 yaw 55 mode 2 st 15 gl 0 hp 100 frg 0
ARGLOG Carmack t  72.1 pos '1209.1 832.5 -256.0' spd 158.1 yaw 141 mode 2 st 9 gl 0 hp 100 frg 1
ARGLOG Romero t  72.3 pos '304.0 2895.4 -142.2' spd 100.5 yaw 21 mode 2 st 8 gl 0 hp 44 frg -1
ARGLOG Joe Rogan t  72.7 pos '873.4 915.1 -280.0' spd 321.1 yaw 14 mode 2 st 15 gl 0 hp 100 frg 0
ARGLOG Carmack t  72.7 pos '1242.2 970.9 -256.0' spd 323.0 yaw 146 mode 2 st 9 gl 0 hp 100 frg 1
ARGLOG Romero t  72.9 pos '304.0 2925.8 -137.6' spd 158.5 yaw 8 mode 2 st 8 gl 0 hp 36 frg -1
ARGEVT Romero swim
ARGLOG Joe Rogan t  73.2 pos '1007.7 1013.3 -248.0' spd 327.4 yaw 318 mode 2 st 15 gl 0 hp 200 frg 0
ARGLOG Carmack t  73.2 pos '1281.7 1134.5 -256.0' spd 398.0 yaw 168.5 mode 0 st 9 gl 0 hp 100 frg 1
ARGEVT Carmack route 17 start '1329.0 993.0 -256.0' goal '145.0 2337.0  40.0'
ARGEVT Carmack hazard
ARGEVT Joe Rogan hazard
ARGLOG Romero t  73.4 pos '304.0 2988.7 -137.3' spd  32.6 yaw 342 mode 2 st 8 gl 0 hp 36 frg -1
ARGEVT Romero swim
ARGEVT Romero swim
ARGLOG Joe Rogan t  73.7 pos '1076.9 983.6 -248.0' spd 131.8 yaw 308 mode 2 st 15 gl 0 hp 200 frg 0
ARGLOG Carmack t  73.7 pos '1264.6 1155.8 -265.9' spd 322.8 yaw 240 mode 2 st 9 gl 0 hp 100 frg 1
ARGEVT Romero swim
ARGLOG Romero t  73.9 pos '304.0 2922.5 -136.9' spd 175.3 yaw 9 mode 2 st 8 gl 0 hp 28 frg -1
ARGEVT Romero swim
ARGLOG Joe Rogan t  74.2 pos '1087.9 1049.6 -248.0' spd 260.8 yaw 294 mode 2 st 15 gl 0 hp 200 frg 0
ARGLOG Carmack t  74.2 pos '1224.3 996.7 -256.0' spd 379.4 yaw 177 mode 2 st 9 gl 0 hp 100 frg 1
ARGEVT Romero swim
ARGEVT Joe Rogan hazard
ARGLOG Romero t  74.4 pos '304.0 2894.8 -136.5' spd  82.2 yaw 21 mode 2 st 8 gl 0 hp 28 frg -1
ARGEVT Romero swim
ARGEVT Romero stall
ARGEVT Romero stallnode '305.0 2945.0 -56.0'
ARGEVT Carmack hazard
ARGLOG Joe Rogan t  74.7 pos '1086.5 1032.7 -248.0' spd 267.7 yaw 297 mode 2 st 15 gl 0 hp 200 frg 0
ARGLOG Carmack t  74.7 pos '1180.9 928.0 -256.0' spd 248.7 yaw 48 mode 2 st 9 gl 0 hp 100 frg 1
ARGEVT Romero swim
ARGEVT Romero route 13 start '209.0 2945.0 -152.0' goal '945.0 2433.0 -112.0'
ARGLOG Romero t  74.9 pos '304.0 2971.9 -136.3' spd 151.5 yaw 185 mode 2 st 9 gl 0 hp 20 frg -1
ARGEVT Romero swim
ARGLOG Joe Rogan t  75.2 pos '1088.0 984.2 -248.0' spd 198.0 yaw 305 mode 2 st 15 gl 0 hp 200 frg 0
ARGLOG Carmack t  75.2 pos '1200.0 865.5 -256.0' spd 188.6 yaw 142 mode 2 st 9 gl 0 hp 100 frg 1
ARGEVT Romero swim
ARGLOG Romero t  75.4 pos '296.8 2971.5 -136.0' spd 102.1 yaw 185 mode 2 st 9 gl 0 hp 20 frg -1
ARGEVT Joe Rogan hazard
ARGEVT Romero swim
ARGEVT Carmack hazard
ARGLOG Joe Rogan t  75.7 pos '1087.5 1063.3 -248.0' spd 166.4 yaw 293 mode 2 st 15 gl 0 hp 200 frg 0
ARGEVT Romero swim
ARGLOG Carmack t  75.7 pos '1174.1 997.5 -256.0' spd 336.7 yaw 146 mode 2 st 9 gl 0 hp 100 frg 1
ARGLOG Romero t  75.9 pos '223.1 2941.6 -135.6' spd 205.9 yaw 179 mode 2 st 9 gl 0 hp 12 frg -1
ARGEVT Romero swim
ARGEVT Romero swim
ARGLOG Joe Rogan t  76.3 pos '1086.3 1041.4 -248.0' spd 295.5 yaw 296 mode 2 st 15 gl 0 hp 200 frg 0
ARGLOG Carmack t  76.3 pos '1267.1 1093.6 -256.0' spd 331.3 yaw 144 mode 2 st 9 gl 0 hp 100 frg 1
ARGLOG Romero t  76.5 pos '158.5 2932.9 -136.0' spd  30.1 yaw 176 mode 2 st 9 gl 0 hp 12 frg -1
ARGEVT Romero jump
ARGEVT Joe Rogan hazard
ARGEVT Carmack route 17 start '1329.0 993.0 -256.0' goal '145.0 2337.0  40.0'
ARGLOG Joe Rogan t  76.8 pos '1085.3 1020.4 -248.0' spd 295.1 yaw 299 mode 2 st 15 gl 0 hp 200 frg 0
ARGLOG Carmack t  76.8 pos '1334.9 1170.7 -273.3' spd 350.2 yaw 227 mode 2 st 9 gl 0 hp 100 frg 1
ARGEVT Carmack hazard
ARGLOG Romero t  77.0 pos '143.4 2936.3 -113.8' spd  30.1 yaw 176 mode 2 st 9 gl 0 hp 12 frg -1
ARGEVT Joe Rogan stall
ARGEVT Joe Rogan stallnode '1169.0 993.0 -256.0'
ARGLOG Joe Rogan t  77.3 pos '1084.0 1070.4 -248.0' spd 139.7 yaw 494.4 mode 0 st 16 gl 0 hp 200 frg 0
ARGEVT Joe Rogan jump
ARGLOG Carmack t  77.3 pos '1280.7 1083.2 -256.0' spd 330.7 yaw 243 mode 2 st 9 gl 0 hp 100 frg 1
ARGLOG Romero t  77.5 pos ' 31.6 2959.9 -72.0' spd 357.3 yaw 358 mode 2 st 9 gl 0 hp 4 frg -1
ARGEVT Romero jump
ARGEVT Joe Rogan route 12 start '945.0 1057.0 -248.0' goal '-335.0 2913.0 -56.0'
ARGLOG Joe Rogan t  77.8 pos '1087.2 1072.0 -225.6' spd  12.8 yaw 317 mode 2 st 16 gl 0 hp 200 frg 0
ARGLOG Carmack t  77.8 pos '1184.2 957.7 -256.0' spd 420.2 yaw 41 mode 2 st 9 gl 0 hp 100 frg 1
ARGEVT Carmack hazard
ARGEVT Joe Rogan stall
ARGEVT Joe Rogan stallnode '945.0 1057.0 -248.0'
ARGEVT Joe Rogan jump
ARGLOG Romero t  78.0 pos ' -7.9 2992.0 -21.0' spd  30.3 yaw 354 mode 2 st 9 gl 0 hp 4 frg -1
ARGEVT Joe Rogan plan powerup via weapon
ARGEVT Joe Rogan goal weapon_supernailgun
ARGEVT Joe Rogan route 13 start '945.0 1057.0 -248.0' goal '817.0 2433.0 -344.0'
ARGLOG Joe Rogan t  78.3 pos '1075.2 1069.0 -209.1' spd  47.2 yaw 321 mode 2 st 17 gl 0 hp 199 frg 0
ARGLOG Carmack t  78.3 pos '1192.0 928.0 -256.0' spd  11.3 yaw 50 mode 2 st 9 gl 0 hp 100 frg 1
ARGEVT Romero hazard
ARGLOG Romero t  78.5 pos ' 34.6 2984.7 -88.0' spd 377.8 yaw 355 mode 2 st 9 gl 0 hp 4 frg -1
ARGEVT Joe Rogan stall
ARGEVT Joe Rogan stallnode '945.0 1057.0 -248.0'
ARGEVT Joe Rogan jump
ARGLOG Joe Rogan t  78.8 pos '1052.7 1062.3 -226.2' spd 163.1 yaw 199 mode 0 st 18 gl 0 hp 199 frg 0
ARGLOG Carmack t  78.8 pos '1197.2 928.0 -256.0' spd  11.0 yaw 52 mode 2 st 9 gl 0 hp 100 frg 1
ARGUS routecache adopt
ARGEVT Joe Rogan route 13 start '945.0 1057.0 -248.0' goal '817.0 2433.0 -344.0'
ARGLOG Romero t  79.0 pos ' 55.8 2972.4 -88.0' spd 306.1 yaw 356 mode 2 st 9 gl 0 hp 4 frg -1
ARGEVT Carmack hazard
ARGLOG Joe Rogan t  79.3 pos '977.6 1024.8 -247.1' spd 163.1 yaw 355 mode 2 st 18 gl 0 hp 198 frg 0
ARGLOG Carmack t  79.3 pos '1193.4 928.0 -256.0' spd  65.0 yaw 51 mode 2 st 9 gl 0 hp 100 frg 1
ARGEVT Carmack stall
ARGEVT Carmack stallnode '1169.0 865.0 -408.0'
ARGEVT Carmack jump
ARGLOG Romero t  79.6 pos ' 53.6 2983.5 -88.0' spd 304.7 yaw 355 mode 2 st 9 gl 0 hp 4 frg -1
ARGEVT Romero hazard
ARGEVT Joe Rogan hazard
ARGEVT Romero stall
ARGEVT Romero stallnode '305.0 2945.0 -56.0'
ARGEVT Romero jump
ARGEVT Carmack route 16 start '1169.0 993.0 -256.0' goal '145.0 2337.0  40.0'
ARGLOG Joe Rogan t  79.9 pos '917.5 1101.1 -248.0' spd 136.6 yaw 346 mode 2 st 18 gl 0 hp 198 frg 0
ARGLOG Carmack t  79.9 pos '1184.4 928.4 -220.9' spd  39.0 yaw 257 mode 2 st 10 gl 0 hp 100 frg 1
ARGEVT Romero route 11 start '-15.0 2945.0 -56.0' goal '945.0 2433.0 -112.0'
ARGLOG Romero t  80.1 pos ' 42.2 2987.1 -53.0' spd  36.0 yaw 330 mode 2 st 10 gl 0 hp 4 frg -1
ARGEVT Romero jump
ARGEVT Carmack hazard
ARGLOG Joe Rogan t  80.4 pos '1062.6 1035.3 -248.0' spd 332.4 yaw 351 mode 2 st 18 gl 0 hp 197 frg 0
ARGLOG Carmack t  80.4 pos '1169.8 1008.2 -238.3' spd 355.8 yaw 20 mode 2 st 10 gl 0 hp 100 frg 1
ARGLOG Romero t  80.6 pos ' 46.9 2958.7 -50.3' spd  70.3 yaw 349 mode 2 st 10 gl 0 hp 4 frg -1
ARGEVT Joe Rogan hazard
ARGLOG Joe Rogan t  80.9 pos '1088.0 1033.8 -248.0' spd 313.7 yaw 351 mode 2 st 18 gl 0 hp 196 frg 0
ARGEVT Carmack stall
ARGEVT Carmack stallnode '1169.0 865.0 -408.0'
ARGLOG Carmack t  80.9 pos '1167.0 946.6 -246.0' spd 320.2 yaw 217.8 mode 0 st 11 gl 0 hp 100 frg 1
ARGEVT Carmack jump
ARGEVT Romero hazard
ARGLOG Romero t  81.1 pos ' 25.2 2947.6 -72.0' spd 244.4 yaw 0 mode 2 st 10 gl 0 hp 4 frg -1
ARGEVT Carmack route 16 start '1169.0 993.0 -256.0' goal '145.0 2337.0  40.0'
ARGLOG Joe Rogan t  81.4 pos '1086.2 997.8 -248.0' spd 227.3 yaw 359 mode 2 st 18 gl 0 hp 196 frg 0
ARGLOG Carmack t  81.4 pos '1155.3 928.6 -222.5' spd  48.9 yaw 283 mode 2 st 11 gl 0 hp 100 frg 1
ARGEVT Joe Rogan stall
ARGEVT Joe Rogan stallnode '1169.0 993.0 -256.0'
ARGEVT Joe Rogan jump
ARGLOG Romero t  81.6 pos '-20.6 2989.7 -56.0' spd 324.3 yaw 353 mode 2 st 10 gl 0 hp 4 frg -1
ARGEVT Carmack hazard
ARGLOG Joe Rogan t  81.9 pos '1088.0 1072.0 -209.1' spd 0 yaw  99.2 mode 0 st 19 gl 0 hp 195 frg 0
ARGLOG Carmack t  81.9 pos '1167.8 1033.7 -256.0' spd 318.9 yaw 10 mode 2 st 11 gl 0 hp 100 frg 1
ARGEVT Joe Rogan route 13 start '945.0 1057.0 -248.0' goal '817.0 2433.0 -344.0'
ARGEVT Romero hazard
ARGLOG Romero t  82.1 pos ' 51.4 2977.9 -88.0' spd 332.7 yaw 353 mode 2 st 10 gl 0 hp 4 frg -1
ARGLOG Joe Rogan t  82.4 pos '1040.7 1058.5 -248.0' spd 331.7 yaw 333 mode 2 st 19 gl 0 hp 195 frg 0
ARGLOG Carmack t  82.4 pos '1161.2 929.8 -234.2' spd 322.7 yaw 43 mode 2 st 11 gl 0 hp 100 frg 1
ARGEVT Romero stall
ARGEVT Romero stallnode '113.0 2945.0 -120.0'
ARGEVT Romero jump
ARGLOG Romero t  82.6 pos ' 31.5 2987.5 -66.4' spd 108.7 yaw 329 mode 0 st 11 gl 0 hp 4 frg -1
ARGEVT Romero route 11 start '-15.0 2945.0 -56.0' goal '945.0 2433.0 -112.0'
ARGEVT Carmack hazard
ARGLOG Joe Rogan t  82.9 pos '893.8 974.7 -248.0' spd 403.3 yaw 2 mode 2 st 19 gl 0 hp 194 frg 0
ARGLOG Carmack t  82.9 pos '1197.3 928.0 -256.0' spd  53.8 yaw 52 mode 2 st 11 gl 0 hp 100 frg 1
ARGEVT Romero hazard
ARGLOG Romero t  83.1 pos ' 34.5 2941.0 -72.0' spd 203.8 yaw 0 mode 2 st 11 gl 0 hp 4 frg -1
ARGEVT Joe Rogan hazard
ARGLOG Joe Rogan t  83.4 pos '992.0 942.4 -264.0' spd 301.0 yaw 8 mode 2 st 19 gl 0 hp 194 frg 0
ARGLOG Carmack t  83.4 pos '1200.0 848.9 -256.0' spd 137.3 yaw 142 mode 2 st 11 gl 0 hp 100 frg 1
ARGLOG Romero t  83.7 pos ' 36.1 2958.9 -88.0' spd  59.6 yaw 358 mode 2 st 11 gl 0 hp 4 frg -1
ARGEVT Carmack stall
ARGEVT Carmack stallnode '1297.0 1057.0 -408.0'
ARGEVT Carmack jump
ARGLOG Joe Rogan t  84.0 pos '1074.3 1036.5 -248.0' spd 304.2 yaw 351 mode 2 st 19 gl 0 hp 193 frg 0
ARGLOG Carmack t  84.0 pos '1230.8 996.5 -221.6' spd 334.1 yaw 120.9 mode 0 st 12 gl 0 hp 100 frg 1
ARGEVT Carmack route 16 start '1169.0 993.0 -256.0' goal '145.0 2337.0  40.0'
ARGEVT Romero hazard
ARGLOG Romero t  84.2 pos ' 27.6 2959.3 -72.0' spd  86.5 yaw 358 mode 2 st 11 gl 0 hp 4 frg -1
ARGEVT Joe Rogan hazard
ARGLOG Joe Rogan t  84.5 pos '1082.2 994.5 -248.0' spd 235.1 yaw 0 mode 2 st 19 gl 0 hp 193 frg 0
ARGLOG Carmack t  84.5 pos '1227.3 1096.7 -256.0' spd 221.8 yaw 256 mode 2 st 12 gl 0 hp 100 frg 1
ARGEVT Romero stall
ARGEVT Romero stallnode '113.0 2945.0 -120.0'
ARGLOG Romero t  84.7 pos ' 56.9 2983.6 -88.0' spd 130.1 yaw 549.1 mode 0 st 12 gl 0 hp 4 frg -1
ARGEVT Romero jump
ARGEVT Romero route 11 start '-15.0 2945.0 -56.0' goal '945.0 2433.0 -112.0'
ARGLOG Joe Rogan t  85.0 pos '1087.5 1063.3 -248.0' spd 166.4 yaw 344 mode 2 st 19 gl 0 hp 192 frg 0
ARGLOG Carmack t  85.0 pos '1157.8 946.4 -227.6' spd 329.5 yaw 38 mode 2 st 12 gl 0 hp 100 frg 1
ARGLOG Romero t  85.2 pos ' 83.9 2924.7 -65.1' spd 139.6 yaw 168 mode 2 st 12 gl 0 hp 4 frg -1
ARGEVT Joe Rogan hazard
ARGEVT Carmack hazard
ARGEVT Romero death world pos ' 69.0 2899.2 -114.4'
ARGLOG Joe Rogan t  85.5 pos '1087.3 1041.5 -248.0' spd 300.6 yaw 349 mode 2 st 19 gl 0 hp 192 frg 0
ARGLOG Carmack t  85.5 pos '1188.2 928.0 -256.0' spd  32.5 yaw 49 mode 2 st 12 gl 0 hp 100 frg 1
ARGEVT Joe Rogan stall
ARGEVT Joe Rogan stallnode '1169.0 993.0 -256.0'
ARGEVT Joe Rogan jump
ARGLOG Joe Rogan t  86.0 pos '1088.0 982.1 -226.4' spd 189.7 yaw  46.0 mode 0 st 20 gl 0 hp 191 frg 0
ARGLOG Carmack t  86.0 pos '1221.0 856.5 -256.0' spd 121.1 yaw 142 mode 2 st 12 gl 0 hp 100 frg 1
ARGEVT Joe Rogan route 14 start '977.0 961.0 -248.0' goal '817.0 2433.0 -344.0'
ARGLOG Joe Rogan t  86.5 pos '1086.1 993.0 -246.3' spd  46.7 yaw 179 mode 2 st 20 gl 0 hp 191 frg 0
ARGLOG Carmack t  86.5 pos '1223.5 994.9 -256.0' spd 343.0 yaw 147 mode 2 st 12 gl 0 hp 100 frg 1
ARGEVT Romero respawn
ARGEVT Carmack engage Romero
ARGEVT Carmack grab item_armor2
ARGEVT Romero goal item_armor2
ARGEVT Romero engage Carmack
ARGLOG Romero t  87.0 pos '1312.0 880.0 -256.0' spd 0 yaw  88.6 mode 0 st 12 gl 0 hp 100 frg -2
ARGLOG Joe Rogan t  87.0 pos '943.2 995.8 -248.0' spd 349.4 yaw 0 mode 2 st 20 gl 0 hp 190 frg 0
ARGEVT Romero grab item_armor2
ARGLOG Carmack t  87.0 pos '1304.3 1118.5 -256.0' spd 114.5 yaw 223.3 mode 0 st 12 gl 0 hp 100 frg 1
ARGEVT Carmack route 18 start '1265.0 1185.0 -280.0' goal '145.0 2337.0  40.0'
ARGEVT Romero route 3 start '1329.0 993.0 -256.0' goal '1297.0 1057.0 -408.0'
ARGEVT Joe Rogan hazard
ARGLOG Romero t  87.5 pos '1298.9 1010.1 -256.0' spd 175.2 yaw 100.2 mode 2 st 12 gl 0 hp 100 frg -2
ARGLOG Joe Rogan t  87.6 pos '859.9 1096.0 -248.0' spd 183.9 yaw 348 mode 2 st 20 gl 0 hp 190 frg 0
ARGLOG Carmack t  87.6 pos '1259.6 1041.8 -256.0' spd 366.9 yaw 325.1 mode 2 st 12 gl 0 hp 100 frg 1
ARGLOG Romero t  88.0 pos '1315.1 1052.0 -256.0' spd 194.8 yaw 194.6 mode 2 st 12 gl 0 hp 76 frg -2
ARGLOG Joe Rogan t  88.1 pos '1009.7 1061.0 -248.0' spd 239.0 yaw 360 mode 2 st 20 gl 0 hp 189 frg 0
ARGLOG Carmack t  88.1 pos '1233.5 1026.3 -256.0' spd 320.5 yaw  21.7 mode 2 st 12 gl 0 hp 100 frg 1
ARGEVT Joe Rogan hazard
ARGLOG Romero t  88.5 pos '1274.2 1154.9 -265.4' spd 190.1 yaw 300.4 mode 2 st 12 gl 0 hp 52 frg -2
ARGLOG Joe Rogan t  88.6 pos '1085.2 1007.2 -248.0' spd 255.5 yaw 357 mode 2 st 20 gl 0 hp 189 frg 0
ARGLOG Carmack t  88.6 pos '1354.0 1036.6 -256.0' spd 293.2 yaw 126.0 mode 2 st 12 gl 0 hp 76 frg 1
ARGEVT Romero retreat
ARGEVT Carmack grab item_health
ARGLOG Romero t  89.0 pos '1292.4 1185.6 -280.8' spd 320.2 yaw 259.6 mode 2 st 12 gl 0 hp 28 frg -2
ARGLOG Joe Rogan t  89.1 pos '1086.1 1035.5 -248.0' spd 291.6 yaw 351 mode 2 st 20 gl 0 hp 188 frg 0
ARGLOG Carmack t  89.1 pos '1255.4 947.3 -256.0' spd 305.7 yaw  74.0 mode 2 st 12 gl 0 hp 52 frg 1
ARGEVT Joe Rogan hazard
ARGEVT Romero route 5 start '1265.0 1313.0 -344.0' goal '1297.0 1057.0 -408.0'
ARGEVT Joe Rogan stall
ARGEVT Joe Rogan stallnode '1169.0 993.0 -256.0'
ARGEVT Joe Rogan jump
ARGEVT Carmack grab item_health
ARGLOG Romero t  89.6 pos '1352.1 1339.6 -357.8' spd 320.0 yaw 272.6 mode 2 st 12 gl 0 hp 28 frg -2
ARGLOG Joe Rogan t  89.6 pos '1086.7 1071.5 -226.5' spd 297.8 yaw 348 mode 0 st 21 gl 0 hp 188 frg 0
ARGLOG Carmack t  89.6 pos '1339.6 868.2 -256.0' spd 218.2 yaw  84.4 mode 2 st 12 gl 0 hp 67 frg 1
ARGEVT Romero pursue
ARGEVT Carmack pursue
ARGEVT Joe Rogan route 13 start '945.0 1057.0 -248.0' goal '817.0 2433.0 -344.0'
ARGEVT Carmack grab weapon_grenadelauncher
ARGLOG Romero t  90.1 pos '1323.9 1343.4 -359.7' spd 373.4 yaw 259.9 mode 2 st 12 gl 0 hp 28 frg -2
ARGLOG Joe Rogan t  90.1 pos '1086.6 1056.9 -246.9' spd  46.1 yaw 323 mode 2 st 21 gl 0 hp 187 frg 0
ARGLOG Carmack t  90.1 pos '1237.5 999.5 -256.0' spd 323.1 yaw  79.5 mode 2 st 12 gl 0 hp 67 frg 1
ARGEVT Romero pursue
ARGLOG Romero t  90.6 pos '1295.6 1352.5 -364.2' spd  14.3 yaw 259 mode 2 st 12 gl 0 hp 28 frg -2
ARGEVT Carmack pursue
ARGLOG Joe Rogan t  90.6 pos '951.8 998.9 -248.0' spd 399.2 yaw 292.5 mode 2 st 21 gl 0 hp 187 frg 0
ARGLOG Carmack t  90.6 pos '1221.2 1055.5 -256.0' spd 295.9 yaw 77 mode 2 st 12 gl 0 hp 67 frg 1
ARGEVT Joe Rogan hazard
ARGLOG Romero t  91.1 pos '1292.0 1343.4 -359.7' spd 147.9 yaw 260.1 mode 2 st 12 gl 0 hp 4 frg -2
ARGLOG Joe Rogan t  91.2 pos '992.0 834.9 -298.0' spd 130.8 yaw 25 mode 2 st 21 gl 0 hp 186 frg 0
ARGEVT Joe Rogan swim
ARGLOG Carmack t  91.2 pos '1226.7 1051.8 -256.0' spd 319.5 yaw  77.0 mode 2 st 12 gl 0 hp 67 frg 1
ARGEVT Romero death Carmack pos '1304.4 1332.8 -354.4'
ARGEVT Carmack hazard
ARGEVT Joe Rogan swim
ARGEVT Carmack goal weapon_rocketlauncher
ARGLOG Joe Rogan t  91.7 pos '992.0 839.2 -295.6' spd  87.0 yaw 24 mode 2 st 21 gl 0 hp 186 frg 0
ARGLOG Carmack t  91.7 pos '1168.0 969.2 -256.0' spd  10.1 yaw  95.2 mode 0 st 12 gl 0 hp 67 frg 2
ARGEVT Carmack route 16 start '1169.0 993.0 -256.0' goal '145.0 2337.0  40.0'
ARGEVT Joe Rogan swim
ARGEVT Joe Rogan swim
ARGLOG Joe Rogan t  92.2 pos '992.0 849.0 -296.0' spd  18.9 yaw 23 mode 2 st 21 gl 0 hp 185 frg 0
ARGEVT Joe Rogan hazard
ARGLOG Carmack t  92.2 pos '1235.8 1094.0 -256.0' spd 345.9 yaw 68 mode 2 st 12 gl 0 hp 67 frg 2
ARGLOG Joe Rogan t  92.7 pos '992.0 880.0 -296.0' spd 0 yaw 18 mode 2 st 21 gl 0 hp 185 frg 0
ARGLOG Carmack t  92.7 pos '1310.7 1243.0 -309.5' spd 329.4 yaw 103 mode 0 st 12 gl 0 hp 67 frg 2
ARGEVT Romero respawn
ARGEVT Romero plan powerup via weapon
ARGEVT Romero goal weapon_supernailgun
ARGLOG Romero t  92.9 pos '832.0 2048.0 -152.0' spd 0 yaw  16.3 mode 0 st 12 gl 0 hp 100 frg -2
ARGEVT Carmack route 18 start '1265.0 1185.0 -280.0' goal '145.0 2337.0  40.0'
ARGEVT Carmack hazard
ARGEVT Romero route 5 start '849.0 2081.0 -152.0' goal '817.0 2433.0 -344.0'
ARGEVT Joe Rogan stall
ARGEVT Joe Rogan stallnode '1169.0 993.0 -256.0'
ARGEVT Joe Rogan jump
ARGEVT Romero hazard
ARGLOG Joe Rogan t  93.2 pos '992.0 880.0 -274.5' spd 0 yaw  65.0 mode 0 st 22 gl 0 hp 184 frg 0
ARGLOG Carmack t  93.2 pos '1256.8 1401.0 -361.5' spd 348.0 yaw 236.2 mode 2 st 12 gl 0 hp 67 frg 2
ARGLOG Romero t  93.4 pos '850.9 2148.5 -139.6' spd 328.7 yaw 124 mode 2 st 12 gl 0 hp 100 frg -2
ARGEVT Joe Rogan route 14 start '977.0 961.0 -248.0' goal '817.0 2433.0 -344.0'
ARGLOG Joe Rogan t  93.7 pos '988.4 902.3 -280.0' spd 174.5 yaw  98.4 mode 2 st 22 gl 0 hp 184 frg 0
ARGLOG Carmack t  93.7 pos '1284.0 1355.7 -365.8' spd 325.6 yaw 278 mode 2 st 12 gl 0 hp 67 frg 2
ARGLOG Romero t  93.9 pos '791.8 2307.0 -102.3' spd 352.1 yaw 34 mode 2 st 12 gl 0 hp 100 frg -2
ARGEVT Romero jump
ARGEVT Carmack jump
ARGEVT Joe Rogan hazard
ARGLOG Joe Rogan t  94.2 pos '1009.2 1064.0 -248.0' spd  99.4 yaw 348 mode 2 st 22 gl 0 hp 183 frg 0
ARGLOG Carmack t  94.2 pos '1275.9 1190.2 -281.6' spd 321.9 yaw 242 mode 2 st 12 gl 0 hp 67 frg 2
ARGEVT Romero jump
ARGLOG Romero t  94.4 pos '747.0 2347.8 -54.6' spd 306.8 yaw 10 mode 2 st 12 gl 0 hp 100 frg -2
ARGLOG Joe Rogan t  94.8 pos '1082.5 1058.1 -248.0' spd 280.7 yaw 346 mode 2 st 22 gl 0 hp 183 frg 0
ARGLOG Carmack t  94.8 pos '1286.6 1021.9 -256.0' spd 368.0 yaw 234 mode 2 st 12 gl 0 hp 67 frg 2
ARGLOG Romero t  94.9 pos '700.3 2227.1 -53.7' spd 267.8 yaw 6 mode 0 st 12 gl 0 hp 100 frg -2
ARGEVT Romero route 3 start '721.0 2337.0 -71.0' goal '817.0 2433.0 -344.0'
ARGEVT Carmack hazard
ARGLOG Joe Rogan t  95.3 pos '1088.0 997.2 -248.0' spd 195.5 yaw 359 mode 2 st 22 gl 0 hp 182 frg 0
ARGEVT Joe Rogan hazard
ARGLOG Carmack t  95.3 pos '1164.8 1005.9 -235.4' spd 279.4 yaw 21 mode 2 st 12 gl 0 hp 67 frg 2
ARGLOG Romero t  95.4 pos '765.6 2261.7 -89.0' spd 346.9 yaw 39 mode 2 st 12 gl 0 hp 100 frg -2
ARGEVT Romero hazard
ARGEVT Romero jump
ARGLOG Joe Rogan t  95.8 pos '1088.0 1072.0 -248.0' spd 0 yaw 342 mode 2 st 22 gl 0 hp 182 frg 0
ARGLOG Carmack t  95.8 pos '1160.8 992.0 -256.0' spd 151.7 yaw 25 mode 2 st 12 gl 0 hp 67 frg 2
ARGLOG Romero t  95.9 pos '834.0 2379.6 -35.2' spd 334.2 yaw 5 mode 2 st 12 gl 0 hp 100 frg -2
ARGEVT Carmack hazard
ARGLOG Joe Rogan t  96.3 pos '1084.4 1009.3 -248.0' spd 268.3 yaw 357 mode 2 st 22 gl 0 hp 181 frg 0
ARGLOG Carmack t  96.3 pos '1202.3 913.4 -256.0' spd 212.0 yaw 56 mode 2 st 12 gl 0 hp 67 frg 2
ARGEVT Joe Rogan hazard
ARGLOG Romero t  96.5 pos '873.6 2479.0 -88.0' spd 232.0 yaw 336 mode 2 st 12 gl 0 hp 100 frg -2
ARGEVT Romero hazard
ARGLOG Joe Rogan t  96.8 pos '1086.1 1035.9 -248.0' spd 292.1 yaw 350 mode 2 st 22 gl 0 hp 181 frg 0
ARGLOG Carmack t  96.8 pos '1205.1 906.6 -256.0' spd 320.1 yaw 144 mode 2 st 12 gl 0 hp 67 frg 2
ARGLOG Romero t  97.0 pos '863.5 2443.3 -88.0' spd 130.3 yaw 347 mode 2 st 12 gl 0 hp 100 frg -2
ARGLOG Joe Rogan t  97.3 pos '1081.9 1063.1 -248.0' spd 182.7 yaw 345 mode 2 st 22 gl 0 hp 180 frg 0
ARGLOG Carmack t  97.3 pos '1278.6 1058.5 -256.0' spd 330.4 yaw  88.3 mode 0 st 12 gl 0 hp 67 frg 2
ARGEVT Joe Rogan hazard
ARGEVT Joe Rogan stall
ARGEVT Joe Rogan stallnode '1169.0 993.0 -256.0'
ARGEVT Joe Rogan jump
ARGLOG Romero t  97.5 pos '864.0 2399.9 -88.0' spd 177.6 yaw 0 mode 2 st 12 gl 0 hp 100 frg -2
ARGEVT Carmack route 17 start '1329.0 993.0 -256.0' goal '145.0 2337.0  40.0'
ARGEVT Romero stall
ARGEVT Romero stallnode '977.0 2433.0 -112.0'
ARGEVT Romero jump
ARGEVT Carmack hazard
ARGEVT Romero route 5 start '817.0 2369.0 -88.0' goal '817.0 2433.0 -344.0'
ARGLOG Joe Rogan t  97.8 pos '1087.1 1063.3 -212.9' spd  39.9 yaw 200 mode 0 st 23 gl 0 hp 180 frg 0
ARGLOG Carmack t  97.8 pos '1258.9 1231.3 -303.6' spd 348.1 yaw 250 mode 2 st 12 gl 0 hp 67 frg 2
ARGLOG Romero t  98.0 pos '880.0 2465.8 -49.1' spd  29.5 yaw 220 mode 2 st 13 gl 0 hp 100 frg -2
ARGEVT Joe Rogan route 13 start '945.0 1057.0 -248.0' goal '817.0 2433.0 -344.0'
ARGEVT Joe Rogan abandon
ARGEVT Joe Rogan plan powerup via weapon
ARGEVT Joe Rogan goal weapon_grenadelauncher
ARGEVT Joe Rogan route 3 start '945.0 1057.0 -248.0' goal '1169.0 1057.0 -408.0'
ARGLOG Joe Rogan t  98.4 pos '1007.7 1053.8 -248.0' spd 320.0 yaw 340 mode 2 st 23 gl 0 hp 179 frg 0
ARGLOG Carmack t  98.4 pos '1268.0 1167.8 -254.7' spd  70.8 yaw 241 mode 2 st 12 gl 0 hp 67 frg 2
ARGEVT Romero stall
ARGEVT Romero stallnode '817.0 2305.0 -103.0'
ARGEVT Romero jump
ARGLOG Romero t  98.5 pos '856.0 2440.0 -66.7' spd 160.6 yaw 172.1 mode 0 st 14 gl 0 hp 100 frg -2
ARGEVT Romero plan powerup via weapon
ARGEVT Romero goal weapon_rocketlauncher
ARGEVT Romero route 17 start '817.0 2369.0 -88.0' goal '145.0 2337.0  40.0'
ARGLOG Joe Rogan t  98.9 pos '896.4 943.1 -264.0' spd 422.9 yaw 345 mode 2 st 23 gl 0 hp 178 frg 0
ARGLOG Carmack t  98.9 pos '1313.6 1103.3 -256.0' spd 322.2 yaw 239 mode 2 st 12 gl 0 hp 67 frg 2
ARGLOG Romero t  99.0 pos '800.0 2390.8 -85.8' spd  10.9 yaw 87 mode 2 st 14 gl 0 hp 100 frg -2
ARGEVT Joe Rogan hazard
ARGLOG Joe Rogan t  99.4 pos '1000.5 961.0 -248.0' spd 232.2 yaw 331 mode 2 st 23 gl 0 hp 178 frg 0
ARGLOG Carmack t  99.4 pos '1213.9 969.9 -256.0' spd 365.7 yaw 247 mode 2 st 12 gl 0 hp 67 frg 2
ARGLOG Romero t  99.5 pos '831.6 2529.7 -88.0' spd 325.5 yaw 118 mode 2 st 14 gl 0 hp 100 frg -2
ARGEVT Carmack hazard
ARGLOG Joe Rogan t  99.9 pos '1088.0 1072.0 -248.0' spd 0 yaw 292 mode 2 st 23 gl 0 hp 177 frg 0
ARGLOG Carmack t  99.9 pos '1169.9 928.0 -251.7' spd  48.9 yaw 45 mode 2 st 12 gl 0 hp 67 frg 2
ARGLOG Romero t 100.1 pos '825.2 2696.4 -72.0' spd 333.7 yaw 171 mode 2 st 14 gl 0 hp 100 frg -2
ARGEVT Joe Rogan hazard
ARGLOG Joe Rogan t 100.4 pos '1086.7 1025.6 -248.0' spd 315.0 yaw 298 mode 2 st 23 gl 0 hp 177 frg 0
ARGLOG Carmack t 100.4 pos '1200.0 896.3 -256.0' spd 307.9 yaw 143 mode 2 st 12 gl 0 hp 67 frg 2
ARGLOG Romero t 100.6 pos '713.0 2823.1 -56.0' spd 359.4 yaw 188 mode 2 st 14 gl 0 hp 100 frg -2
ARGEVT Carmack hazard
ARGLOG Joe Rogan t 100.9 pos '1087.0 1005.1 -248.0' spd 271.6 yaw 301 mode 2 st 23 gl 0 hp 176 frg 0
ARGLOG Carmack t 100.9 pos '1201.8 921.1 -256.0' spd 329.8 yaw 144 mode 2 st 12 gl 0 hp 67 frg 2
ARGEVT Joe Rogan stall
ARGEVT Joe Rogan stallnode '1169.0 993.0 -256.0'
ARGEVT Joe Rogan jump
ARGLOG Romero t 101.1 pos '544.2 2802.6 -56.0' spd 324.0 yaw 188 mode 2 st 14 gl 0 hp 100 frg -2
ARGEVT Joe Rogan route 4 start '977.0 961.0 -248.0' goal '1169.0 1057.0 -408.0'
ARGLOG Joe Rogan t 101.5 pos '1087.9 984.9 -213.1' spd  33.8 yaw 5 mode 2 st 24 gl 0 hp 176 frg 0
ARGEVT Romero door
ARGLOG Carmack t 101.5 pos '1288.1 1066.3 -256.0' spd 329.8 yaw  83.3 mode 0 st 12 gl 0 hp 67 frg 2
ARGEVT Romero door
ARGEVT Romero door
ARGEVT Romero door
ARGLOG Romero t 101.6 pos '387.1 2748.2 -56.0' spd 323.1 yaw 147 mode 2 st 14 gl 0 hp 100 frg -2
ARGEVT Romero door
ARGEVT Romero door
ARGEVT Romero door
ARGEVT Carmack route 18 start '1265.0 1185.0 -280.0' goal '145.0 2337.0  40.0'
ARGEVT Romero door
ARGEVT Romero door
ARGEVT Carmack hazard
ARGEVT Romero door
ARGLOG Joe Rogan t 102.0 pos '1006.8 997.0 -248.0' spd 320.5 yaw 359 mode 2 st 24 gl 0 hp 175 frg 0
ARGEVT Romero door
ARGLOG Carmack t 102.0 pos '1259.9 1240.4 -303.7' spd 362.7 yaw 250 mode 2 st 12 gl 0 hp 67 frg 2
ARGEVT Romero door
ARGEVT Romero door
ARGLOG Romero t 102.1 pos '221.1 2748.5 -56.0' spd 320.2 yaw 140 mode 2 st 14 gl 0 hp 100 frg -2
ARGEVT Joe Rogan hazard
ARGLOG Joe Rogan t 102.5 pos '909.9 1098.4 -248.0' spd 421.9 yaw 318 mode 2 st 24 gl 0 hp 175 frg 0
ARGLOG Carmack t 102.5 pos '1271.3 1274.5 -325.2' spd  81.2 yaw 251 mode 2 st 12 gl 0 hp 67 frg 2
ARGLOG Romero t 102.6 pos ' 93.2 2859.2 -56.0' spd 320.0 yaw 174 mode 2 st 14 gl 0 hp 100 frg -2
ARGEVT Romero hazard
ARGLOG Joe Rogan t 103.0 pos '1056.4 1035.8 -248.0' spd 334.7 yaw 304 mode 2 st 24 gl 0 hp 174 frg 0
ARGLOG Carmack t 103.0 pos '1312.2 1126.5 -256.0' spd 320.3 yaw 223 mode 2 st 12 gl 0 hp 67 frg 2
ARGLOG Romero t 103.2 pos '-73.2 2877.6 -56.0' spd 347.6 yaw 225 mode 2 st 14 gl 0 hp 100 frg -2
ARGEVT Joe Rogan hazard
ARGLOG Joe Rogan t 103.5 pos '1085.6 1025.8 -248.0' spd 360.9 yaw 298 mode 2 st 24 gl 0 hp 174 frg 0
ARGLOG Carmack t 103.5 pos '1246.0 976.6 -256.0' spd 370.6 yaw 236 mode 2 st 12 gl 0 hp 67 frg 2
ARGLOG Romero t 103.7 pos '-175.7 2739.5 -72.0' spd 328.8 yaw 218 mode 2 st 14 gl 0 hp 100 frg -2
ARGEVT Carmack hazard
ARGLOG Joe Rogan t 104.0 pos '1082.6 994.4 -248.0' spd 234.3 yaw 304 mode 2 st 24 gl 0 hp 173 frg 0
ARGLOG Carmack t 104.0 pos '1191.6 928.0 -256.0' spd  69.7 yaw 50 mode 2 st 12 gl 0 hp 67 frg 2
ARGLOG Romero t 104.2 pos '-275.3 2605.3 -104.0' spd 355.4 yaw 176 mode 2 st 14 gl 0 hp 100 frg -2
ARGEVT Joe Rogan hazard
ARGLOG Joe Rogan t 104.5 pos '1087.7 1072.0 -248.0' spd  36.4 yaw 292 mode 2 st 24 gl 0 hp 173 frg 0
ARGLOG Carmack t 104.5 pos '1215.3 847.2 -256.0' spd 232.2 yaw 142 mode 2 st 12 gl 0 hp 67 frg 2
ARGLOG Romero t 104.7 pos '-442.3 2637.4 -104.0' spd 323.7 yaw 187 mode 2 st 14 gl 0 hp 100 frg -2
ARGEVT Romero lift
ARGEVT Romero jump
ARGLOG Joe Rogan t 105.1 pos '1085.9 993.7 -248.0' spd 257.0 yaw 303 mode 2 st 24 gl 0 hp 172 frg 0
ARGEVT Romero board
ARGLOG Carmack t 105.1 pos '1219.8 977.6 -256.0' spd 337.1 yaw 146 mode 2 st 12 gl 0 hp 67 frg 2
ARGLOG Romero t 105.2 pos '-576.0 2730.2 -61.6' spd 188.6 yaw 278 mode 2 st 14 gl 0 hp 100 frg -2
ARGUS routecache adopt
ARGEVT Carmack route 18 start '1265.0 1185.0 -280.0' goal '145.0 2337.0  40.0'
ARGEVT Joe Rogan hazard
ARGLOG Joe Rogan t 105.6 pos '1086.9 1051.0 -248.0' spd 247.9 yaw 294 mode 2 st 24 gl 0 hp 172 frg 0
ARGLOG Carmack t 105.6 pos '1291.8 1133.0 -256.0' spd 392.2 yaw 229 mode 2 st 12 gl 0 hp 67 frg 2
ARGEVT Carmack hazard
ARGLOG Romero t 105.7 pos '-574.4 2715.1 -104.0' spd 173.1 yaw 278 mode 2 st 14 gl 0 hp 100 frg -2
ARGEVT Romero jump
ARGEVT Joe Rogan stall
ARGEVT Joe Rogan stallnode '1169.0 993.0 -256.0'
ARGLOG Joe Rogan t 106.1 pos '1083.9 1053.9 -248.0' spd 255.7 yaw 534.8 mode 0 st 25 gl 0 hp 171 frg 0
ARGEVT Joe Rogan jump
ARGLOG Carmack t 106.1 pos '1250.6 1214.0 -295.0' spd 269.2 yaw 250 mode 2 st 12 gl 0 hp 67 frg 2
ARGLOG Romero t 106.2 pos '-564.4 2657.9 -41.8' spd 0 yaw 277 mode 2 st 14 gl 0 hp 100 frg -2
ARGEVT Joe Rogan route 3 start '945.0 1057.0 -248.0' goal '1169.0 1057.0 -408.0'
ARGLOG Joe Rogan t 106.6 pos '1085.8 1059.4 -225.6' spd  48.4 yaw 322 mode 2 st 25 gl 0 hp 171 frg 0
ARGLOG Carmack t 106.6 pos '1306.8 1057.6 -256.0' spd 347.1 yaw 235 mode 2 st 12 gl 0 hp 67 frg 2
ARGLOG Romero t 106.8 pos '-560.5 2640.0  35.3' spd  36.0 yaw 301 mode 2 st 14 gl 0 hp 100 frg -2
ARGLOG Joe Rogan t 107.1 pos '972.5 1052.2 -248.0' spd 325.2 yaw 317 mode 2 st 25 gl 0 hp 170 frg 0
ARGLOG Carmack t 107.1 pos '1167.9 960.3 -247.7' spd 320.0 yaw 36 mode 2 st 12 gl 0 hp 67 frg 2
ARGEVT Carmack hazard
ARGLOG Romero t 107.3 pos '-540.0 2501.8  56.0' spd 320.0 yaw 312 mode 2 st 14 gl 0 hp 100 frg -2
ARGLOG Joe Rogan t 107.6 pos '917.2 906.7 -280.0' spd 429.2 yaw 351 mode 2 st 25 gl 0 hp 170 frg 0
ARGLOG Carmack t 107.6 pos '1188.3 928.0 -256.0' spd  27.0 yaw 49 mode 2 st 12 gl 0 hp 67 frg 2
ARGEVT Joe Rogan hazard
ARGLOG Romero t 107.8 pos '-481.9 2344.4  56.0' spd 345.2 yaw 11 mode 2 st 14 gl 0 hp 100 frg -2
ARGLOG Joe Rogan t 108.1 pos '992.0 912.0 -280.0' spd 0 yaw 346 mode 2 st 25 gl 0 hp 169 frg 0
ARGLOG Carmack t 108.1 pos '1192.4 928.0 -256.0' spd  31.8 yaw 50 mode 2 st 12 gl 0 hp 67 frg 2
ARGEVT Carmack hazard
ARGEVT Carmack stall
ARGEVT Carmack stallnode '1169.0 865.0 -408.0'
ARGEVT Carmack jump
ARGLOG Romero t 108.3 pos '-312.3 2330.8  56.0' spd 328.4 yaw 342 mode 2 st 14 gl 0 hp 100 frg -2
ARGEVT Carmack route 16 start '1169.0 993.0 -256.0' goal '145.0 2337.0  40.0'
ARGLOG Joe Rogan t 108.7 pos '1051.8 997.4 -248.0' spd 345.5 yaw 312 mode 2 st 25 gl 0 hp 169 frg 0
ARGLOG Carmack t 108.7 pos '1176.4 928.1 -221.2' spd  41.7 yaw 264 mode 2 st 13 gl 0 hp 67 frg 2
ARGEVT Romero hazard
ARGLOG Romero t 108.8 pos '-156.9 2404.7  56.0' spd 382.6 yaw 348 mode 2 st 14 gl 0 hp 100 frg -2
ARGEVT Joe Rogan hazard
ARGLOG Joe Rogan t 109.2 pos '1088.0 1033.0 -248.0' spd 332.0 yaw 296 mode 2 st 25 gl 0 hp 168 frg 0
ARGLOG Carmack t 109.2 pos '1179.6 1012.4 -256.0' spd 373.8 yaw 20 mode 2 st 13 gl 0 hp 92 frg 2
ARGEVT Carmack hazard
ARGLOG Romero t 109.3 pos '-144.0 2422.1 -38.8' spd  33.9 yaw 344 mode 2 st 14 gl 0 hp 100 frg -2
ARGLOG Joe Rogan t 109.7 pos '1084.5 1049.1 -248.0' spd 304.0 yaw 295 mode 2 st 25 gl 0 hp 168 frg 0
ARGLOG Carmack t 109.7 pos '1172.5 966.8 -256.0' spd 321.1 yaw 35 mode 2 st 13 gl 0 hp 92 frg 2
ARGLOG Romero t 109.8 pos '-144.0 2320.6 -136.0' spd 369.6 yaw 3 mode 2 st 14 gl 0 hp 100 frg -2
ARGEVT Joe Rogan hazard
ARGEVT Romero hazard
ARGLOG Joe Rogan t 110.2 pos '1082.0 984.5 -248.0' spd 176.5 yaw 307 mode 2 st 25 gl 0 hp 167 frg 0
ARGLOG Carmack t 110.2 pos '1200.0 871.1 -256.0' spd 359.4 yaw 142 mode 2 st 13 gl 0 hp 92 frg 2
ARGLOG Romero t 110.4 pos '-155.7 2179.6 -136.0' spd 178.4 yaw 27 mode 2 st 14 gl 0 hp 100 frg -2
ARGEVT Carmack hazard
ARGEVT Joe Rogan stall
ARGEVT Joe Rogan stallnode '1169.0 993.0 -256.0'
ARGEVT Joe Rogan jump
ARGEVT Joe Rogan route 3 start '945.0 1057.0 -248.0' goal '1169.0 1057.0 -408.0'
ARGLOG Joe Rogan t 110.7 pos '1088.0 1067.4 -209.1' spd  31.0 yaw 318 mode 2 st 26 gl 0 hp 167 frg 0
ARGLOG Carmack t 110.7 pos '1207.3 949.4 -256.0' spd 349.2 yaw 145 mode 2 st 13 gl 0 hp 92 frg 2
ARGLOG Romero t 110.9 pos '-146.5 2290.7 -136.0' spd 162.5 yaw 9 mode 2 st 14 gl 0 hp 100 frg -2
ARGEVT Romero hazard
ARGLOG Joe Rogan t 111.2 pos '1040.7 1051.3 -248.0' spd 320.6 yaw 336 mode 2 st 26 gl 0 hp 166 frg 0
ARGLOG Carmack t 111.2 pos '1297.0 1095.6 -256.0' spd 362.2 yaw 115.2 mode 0 st 13 gl 0 hp 92 frg 2
ARGLOG Romero t 111.4 pos '-152.1 2355.0 -136.0' spd 114.0 yaw 357 mode 2 st 14 gl 0 hp 100 frg -2
ARGEVT Carmack route 18 start '1265.0 1185.0 -280.0' goal '145.0 2337.0  40.0'
ARGEVT Carmack hazard
ARGEVT Carmack abandon
ARGEVT Carmack goal item_armor2
ARGEVT Carmack route 4 start '1265.0 1185.0 -280.0' goal '1297.0 1057.0 -408.0'
ARGEVT Carmack jump
ARGLOG Joe Rogan t 111.8 pos '890.7 983.7 -248.0' spd 409.1 yaw 337 mode 2 st 26 gl 0 hp 166 frg 0
ARGLOG Carmack t 111.8 pos '1267.1 1269.6 -302.9' spd 319.6 yaw 251 mode 2 st 13 gl 0 hp 92 frg 2
ARGLOG Romero t 111.9 pos '-149.8 2220.0 -136.0' spd 234.8 yaw 21 mode 2 st 14 gl 0 hp 100 frg -2
ARGEVT Romero hazard
ARGEVT Joe Rogan hazard
ARGLOG Joe Rogan t 112.3 pos '992.0 841.8 -296.0' spd 223.4 yaw 7 mode 2 st 26 gl 0 hp 165 frg 0
ARGLOG Carmack t 112.3 pos '1256.6 1258.8 -297.1' spd  93.7 yaw 252 mode 2 st 13 gl 0 hp 92 frg 2
ARGEVT Joe Rogan swim
ARGLOG Romero t 112.4 pos '-144.0 2148.3 -136.0' spd 120.0 yaw 33 mode 2 st 14 gl 0 hp 100 frg -2
ARGEVT Joe Rogan swim
ARGLOG Joe Rogan t 112.8 pos '992.0 832.6 -296.3' spd  73.2 yaw 10 mode 2 st 26 gl 0 hp 165 frg 0
ARGLOG Carmack t 112.8 pos '1311.8 1138.3 -257.1' spd 321.5 yaw 226 mode 2 st 13 gl 0 hp 92 frg 2
ARGEVT Joe Rogan swim
ARGLOG Romero t 112.9 pos '-144.0 2103.5 -148.5' spd  20.4 yaw 38 mode 2 st 14 gl 0 hp 100 frg -2
ARGEVT Romero hazard
ARGEVT Joe Rogan hazard
ARGLOG Joe Rogan t 113.3 pos '992.0 880.0 -296.0' spd 0 yaw 356 mode 2 st 26 gl 0 hp 164 frg 0
ARGLOG Carmack t 113.3 pos '1264.5 980.8 -256.0' spd 377.8 yaw 231 mode 2 st 13 gl 0 hp 92 frg 2
ARGLOG Romero t 113.4 pos '-147.6 2254.9 -136.0' spd 306.6 yaw 15 mode 2 st 14 gl 0 hp 100 frg -2
ARGEVT Carmack hazard
ARGLOG Joe Rogan t 113.8 pos '992.0 880.0 -296.0' spd 0 yaw 356 mode 2 st 26 gl 0 hp 164 frg 0
ARGLOG Carmack t 113.8 pos '1169.5 1004.7 -256.0' spd 240 yaw 22 mode 2 st 13 gl 0 hp 92 frg 2
ARGLOG Romero t 114.0 pos '-149.0 2302.5 -136.0' spd 270.1 yaw 6 mode 2 st 14 gl 0 hp 100 frg -2
ARGEVT Joe Rogan stall
ARGEVT Joe Rogan stallnode '1169.0 993.0 -256.0'
ARGEVT Joe Rogan jump
ARGEVT Romero hazard
ARGEVT Joe Rogan route 4 start '977.0 961.0 -248.0' goal '1169.0 1057.0 -408.0'
ARGLOG Joe Rogan t 114.3 pos '992.0 886.1 -257.1' spd  32.3 yaw 31 mode 2 st 27 gl 0 hp 163 frg 0
ARGLOG Carmack t 114.3 pos '1201.4 920.6 -256.0' spd 149.3 yaw 54 mode 2 st 13 gl 0 hp 92 frg 2
ARGLOG Romero t 114.5 pos '-156.7 2177.6 -136.0' spd 216.3 yaw 27 mode 2 st 14 gl 0 hp 100 frg -2
ARGEVT Carmack hazard
ARGLOG Joe Rogan t 114.8 pos '961.5 961.9 -248.0' spd 320.2 yaw 335 mode 2 st 27 gl 0 hp 163 frg 0
ARGLOG Carmack t 114.8 pos '1200.0 890.0 -256.0' spd 324.4 yaw  85.5 mode 2 st 13 gl 0 hp 92 frg 2
ARGLOG Romero t 115.0 pos '-148.2 2294.5 -136.0' spd 172.0 yaw 8 mode 2 st 14 gl 0 hp 100 frg -2
ARGEVT Romero hazard
ARGEVT Joe Rogan hazard
ARGLOG Joe Rogan t 115.3 pos '1031.8 1045.2 -248.0' spd 358.1 yaw 308 mode 2 st 27 gl 0 hp 162 frg 0
ARGLOG Carmack t 115.3 pos '1267.5 1042.1 -256.0' spd 330.7 yaw  16.4 mode 1 st 13 gl 0 hp 92 frg 2
ARGLOG Romero t 115.5 pos '-151.6 2359.3 -136.0' spd 113.5 yaw 356 mode 2 st 14 gl 0 hp 100 frg -2
ARGLOG Joe Rogan t 115.9 pos '1082.2 1002.5 -248.0' spd 310.7 yaw 303 mode 2 st 27 gl 0 hp 161 frg 0
ARGLOG Carmack t 115.9 pos '1410.9 980.0 -256.0' spd 430.8 yaw 212.5 mode 1 st 13 gl 0 hp 92 frg 2
ARGLOG Romero t 116.0 pos '-155.0 2231.6 -136.0' spd 385.2 yaw 19 mode 2 st 14 gl 0 hp 100 frg -2
ARGEVT Romero hazard
ARGEVT Joe Rogan hazard
ARGLOG Joe Rogan t 116.4 pos '1084.5 1006.1 -248.0' spd 272.3 yaw 301 mode 2 st 27 gl 0 hp 161 frg 0
ARGLOG Carmack t 116.4 pos '1255.4 978.1 -256.0' spd 439.5 yaw 50 mode 1 st 13 gl 0 hp 100 frg 2
ARGLOG Romero t 116.5 pos '-145.5 2234.6 -136.0' spd 322.7 yaw 19 mode 2 st 14 gl 0 hp 100 frg -2
ARGEVT Joe Rogan stall
ARGEVT Joe Rogan stallnode '1169.0 993.0 -256.0'
ARGLOG Joe Rogan t 116.9 pos '1086.4 1072.0 -248.0' spd  38.4 yaw 449.0 mode 0 st 28 gl 0 hp 160 frg 0
ARGEVT Joe Rogan jump
ARGLOG Carmack t 116.9 pos '1400.3 1045.8 -256.0' spd 436.3 yaw 254.2 mode 1 st 13 gl 0 hp 100 frg 2
ARGEVT Joe Rogan route 3 start '945.0 1057.0 -248.0' goal '1169.0 1057.0 -408.0'
ARGLOG Romero t 117.1 pos '-149.7 2325.6 -136.0' spd 123.9 yaw 2 mode 2 st 14 gl 0 hp 100 frg -2
ARGEVT Romero hazard
ARGLOG Joe Rogan t 117.4 pos '1088.0 1060.1 -225.8' spd  34.3 yaw 321 mode 2 st 28 gl 0 hp 160 frg 0
ARGLOG Carmack t 117.4 pos '1286.7 939.6 -256.0' spd 439.9 yaw  88.7 mode 1 st 13 gl 0 hp 100 frg 2
ARGLOG Romero t 117.6 pos '-153.0 2291.9 -136.0' spd 374.4 yaw 8 mode 2 st 14 gl 0 hp 100 frg -2
ARGLOG Joe Rogan t 117.9 pos '979.4 1052.7 -248.0' spd 320.8 yaw 316 mode 2 st 28 gl 0 hp 159 frg 0
ARGLOG Carmack t 117.9 pos '1365.8 1078.0 -256.0' spd 438.3 yaw 288.4 mode 1 st 13 gl 0 hp 100 frg 2
ARGLOG Romero t 118.1 pos '-144.1 2220.9 -136.0' spd 321.8 yaw 21 mode 2 st 14 gl 0 hp 100 frg -2
ARGEVT Romero hazard
ARGEVT Joe Rogan abandon
ARGEVT Joe Rogan plan powerup via weapon
ARGEVT Joe Rogan goal weapon_supernailgun
ARGLOG Joe Rogan t 118.4 pos '888.9 925.0 -264.0' spd 425.8 yaw 353.5 mode 0 st 28 gl 0 hp 159 frg 0
ARGLOG Carmack t 118.4 pos '1334.1 924.8 -256.0' spd 440.2 yaw 124.3 mode 1 st 13 gl 0 hp 100 frg 2
ARGLOG Romero t 118.6 pos '-144.0 2327.3 -136.0' spd 125.6 yaw 1 mode 2 st 14 gl 0 hp 100 frg -2
ARGEVT Joe Rogan route 14 start '881.0 929.0 -264.0' goal '817.0 2433.0 -344.0'
ARGEVT Joe Rogan hazard
ARGEVT Romero abandon
ARGEVT Romero plan powerup via weapon
ARGEVT Romero goal weapon_grenadelauncher
ARGEVT Romero route 28 start '-207.0 2497.0 -120.0' goal '1169.0 1057.0 -408.0'
ARGLOG Joe Rogan t 119.0 pos '981.6 997.9 -248.0' spd 324.4 yaw 0 mode 2 st 28 gl 0 hp 158 frg 0
ARGLOG Carmack t 119.0 pos '1322.8 1082.5 -256.0' spd 438.1 yaw 322.4 mode 1 st 13 gl 0 hp 100 frg 2
ARGLOG Romero t 119.1 pos '-157.1 2267.6 -136.0' spd 363.6 yaw 92 mode 2 st 14 gl 0 hp 100 frg -2
ARGLOG Joe Rogan t 119.5 pos '1034.8 1048.3 -248.0' spd 334.4 yaw 350 mode 2 st 28 gl 0 hp 158 frg 0
ARGLOG Carmack t 119.5 pos '1381.5 936.9 -256.0' spd 439.8 yaw 157.3 mode 1 st 13 gl 0 hp 100 frg 2
ARGLOG Romero t 119.6 pos '-308.5 2306.9 -136.0' spd 405.7 yaw 67 mode 2 st 14 gl 0 hp 100 frg -2
ARGEVT Joe Rogan hazard
ARGLOG Joe Rogan t 120.0 pos '1079.0 998.8 -248.0' spd 320.2 yaw 359 mode 2 st 28 gl 0 hp 157 frg 0
ARGLOG Carmack t 120.0 pos '1287.6 1063.1 -256.0' spd 437.1 yaw 354.7 mode 1 st 13 gl 0 hp 100 frg 2
ARGLOG Romero t 120.1 pos '-249.3 2470.1 -136.0' spd 330.2 yaw 64 mode 2 st 14 gl 0 hp 100 frg -2
ARGEVT Romero jump
ARGLOG Joe Rogan t 120.5 pos '1085.3 1020.8 -248.0' spd 297.7 yaw 354 mode 2 st 28 gl 0 hp 157 frg 0
ARGLOG Carmack t 120.5 pos '1414.4 969.1 -256.0' spd 439.8 yaw 189.6 mode 1 st 13 gl 0 hp 100 frg 2
ARGLOG Romero t 120.7 pos '-157.3 2610.6 -69.6' spd 329.1 yaw 66 mode 2 st 14 gl 0 hp 100 frg -2
ARGEVT Joe Rogan hazard
ARGLOG Joe Rogan t 121.0 pos '1078.2 1069.0 -248.0' spd 137.0 yaw 344 mode 2 st 28 gl 0 hp 156 frg 0
ARGLOG Carmack t 121.0 pos '1268.0 1023.8 -256.0' spd 435.2 yaw  28.7 mode 1 st 13 gl 0 hp 100 frg 2
ARGLOG Romero t 121.2 pos '-121.2 2766.3 -72.0' spd 324.7 yaw 37 mode 2 st 14 gl 0 hp 100 frg -2
ARGEVT Joe Rogan stall
ARGEVT Joe Rogan stallnode '1169.0 993.0 -256.0'
ARGEVT Joe Rogan jump
ARGEVT Joe Rogan route 14 start '977.0 961.0 -248.0' goal '817.0 2433.0 -344.0'
ARGLOG Joe Rogan t 121.5 pos '1088.0 981.7 -209.1' spd  29.2 yaw 175 mode 2 st 29 gl 0 hp 156 frg 0
ARGLOG Carmack t 121.5 pos '1424.0 1016.4 -256.0' spd 427.6 yaw 223.6 mode 1 st 13 gl 0 hp 100 frg 2
ARGLOG Romero t 121.7 pos '-39.8 2910.7 -56.0' spd 320.4 yaw 5 mode 2 st 14 gl 0 hp 100 frg -2
ARGLOG Joe Rogan t 122.0 pos '1041.0 997.7 -248.0' spd 320.8 yaw 358 mode 2 st 29 gl 0 hp 155 frg 0
ARGLOG Carmack t 122.0 pos '1271.7 990.0 -256.0' spd 437.1 yaw  59.4 mode 1 st 13 gl 0 hp 100 frg 2
ARGLOG Romero t 122.2 pos '120.4 2983.6 -100.2' spd 149.0 yaw 353 mode 2 st 14 gl 0 hp 100 frg -2
ARGEVT Romero jump
ARGLOG Joe Rogan t 122.6 pos '891.2 1066.5 -248.0' spd 408.8 yaw 351 mode 2 st 29 gl 0 hp 155 frg 0
ARGLOG Carmack t 122.6 pos '1410.9 1064.3 -256.0' spd 439.9 yaw 254.3 mode 1 st 13 gl 0 hp 100 frg 2
ARGEVT Joe Rogan hazard
ARGLOG Romero t 122.7 pos '233.2 2927.7 -85.1' spd 270.9 yaw 4 mode 2 st 14 gl 0 hp 92 frg -2
ARGEVT Romero swim
ARGLOG Joe Rogan t 123.1 pos '1018.4 1055.0 -248.0' spd 370.1 yaw 349 mode 2 st 29 gl 0 hp 154 frg 0
ARGLOG Carmack t 123.1 pos '1296.7 961.8 -256.0' spd 435.7 yaw  90.4 mode 1 st 13 gl 0 hp 100 frg 2
ARGLOG Romero t 123.2 pos '304.0 2908.4 -145.3' spd  87.1 yaw 15 mode 2 st 14 gl 0 hp 88 frg -2
ARGLOG Joe Rogan t 123.6 pos '1080.9 987.6 -248.0' spd 233.9 yaw 1 mode 2 st 29 gl 0 hp 154 frg 0
ARGLOG Carmack t 123.6 pos '1376.7 1097.0 -256.0' spd 440.3 yaw 286.3 mode 1 st 13 gl 0 hp 100 frg 2
ARGEVT Joe Rogan hazard
ARGLOG Romero t 123.7 pos '304.0 2991.6 -140.7' spd 159.8 yaw 341 mode 2 st 14 gl 0 hp 88 frg -2
ARGLOG Joe Rogan t 124.1 pos '1085.3 1020.6 -248.0' spd 297.7 yaw 354 mode 2 st 29 gl 0 hp 153 frg 0
ARGLOG Carmack t 124.1 pos '1335.2 951.0 -256.0' spd 433.5 yaw 122.1 mode 1 st 13 gl 0 hp 100 frg 2
ARGLOG Romero t 124.2 pos '304.0 2944.8 -136.1' spd 175.2 yaw 0 mode 2 st 14 gl 0 hp 80 frg -2
ARGEVT Romero swim
ARGEVT Romero swim
ARGLOG Joe Rogan t 124.6 pos '1083.6 1070.3 -248.0' spd 142.7 yaw 343 mode 2 st 29 gl 0 hp 153 frg 0
ARGLOG Carmack t 124.6 pos '1334.5 1107.6 -256.0' spd 439.4 yaw 317.0 mode 1 st 13 gl 0 hp 100 frg 2
ARGEVT Joe Rogan hazard
ARGLOG Romero t 124.8 pos '304.0 2881.1 -135.8' spd   2.1 yaw 26 mode 2 st 14 gl 0 hp 80 frg -2
ARGEVT Romero swim
ARGEVT Romero swim
ARGLOG Joe Rogan t 125.1 pos '1081.1 985.5 -248.0' spd 174.0 yaw 1 mode 2 st 29 gl 0 hp 152 frg 0
ARGLOG Carmack t 125.1 pos '1375.9 961.5 -256.0' spd 430.5 yaw 152.5 mode 1 st 13 gl 0 hp 100 frg 2
ARGLOG Romero t 125.3 pos '304.0 2941.4 -137.6' spd 173.6 yaw 1 mode 2 st 14 gl 0 hp 76 frg -2
ARGEVT Romero swim
ARGEVT Joe Rogan stall
ARGEVT Joe Rogan stallnode '1169.0 993.0 -256.0'
ARGEVT Joe Rogan jump
ARGEVT Romero swim
ARGLOG Joe Rogan t 125.6 pos '1084.1 1071.9 -226.5' spd  42.4 yaw 296.7 mode 0 st 30 gl 0 hp 152 frg 0
ARGLOG Carmack t 125.6 pos '1295.2 1095.4 -256.0' spd 439.6 yaw 348.4 mode 1 st 13 gl 0 hp 100 frg 2
ARGLOG Romero t 125.8 pos '304.0 2983.9 -137.2' spd  55.2 yaw 344 mode 2 st 14 gl 0 hp 76 frg -2
ARGEVT Romero swim
ARGEVT Joe Rogan route 13 start '945.0 1057.0 -248.0' goal '817.0 2433.0 -344.0'
ARGEVT Romero swim
ARGLOG Joe Rogan t 126.2 pos '1081.6 1054.7 -246.6' spd  52.0 yaw 325 mode 2 st 30 gl 0 hp 151 frg 0
ARGLOG Carmack t 126.2 pos '1340.3 1006.1 -256.0' spd 385.4 yaw 183.6 mode 1 st 13 gl 0 hp 100 frg 2
ARGEVT Romero swim
ARGLOG Romero t 126.3 pos '304.0 2911.0 -136.9' spd 167.8 yaw 14 mode 2 st 14 gl 0 hp 68 frg -2
ARGEVT Romero swim
ARGLOG Joe Rogan t 126.7 pos '938.2 1044.5 -248.0' spd 357.5 yaw 353 mode 2 st 30 gl 0 hp 151 frg 0
ARGLOG Carmack t 126.7 pos '1206.9 1085.0 -256.0' spd 436.6 yaw  19.7 mode 1 st 13 gl 0 hp 100 frg 2
ARGEVT Carmack hazard
ARGEVT Romero swim
ARGLOG Romero t 126.8 pos '304.0 2903.3 -136.5' spd  94.4 yaw 17 mode 2 st 14 gl 0 hp 68 frg -2
ARGEVT Romero swim
ARGLOG Joe Rogan t 127.2 pos '957.1 888.8 -280.0' spd 419.8 yaw 15 mode 2 st 30 gl 0 hp 150 frg 0
ARGLOG Carmack t 127.2 pos '1353.2 1006.6 -256.0' spd 421.6 yaw 214.6 mode 1 st 13 gl 0 hp 100 frg 2
ARGEVT Joe Rogan hazard
ARGEVT Romero swim
ARGLOG Romero t 127.3 pos '304.0 2986.8 -136.3' spd 172.6 yaw 343 mode 2 st 14 gl 0 hp 60 frg -2
ARGEVT Joe Rogan swim
ARGEVT Romero swim
ARGLOG Joe Rogan t 127.7 pos '992.0 825.1 -295.8' spd   8.1 yaw 26 mode 2 st 30 gl 0 hp 150 frg 0
ARGEVT Romero swim
ARGLOG Carmack t 127.7 pos '1197.9 998.9 -256.0' spd 438.8 yaw  50.4 mode 1 st 13 gl 0 hp 100 frg 2
ARGEVT Joe Rogan swim
ARGLOG Romero t 127.8 pos '304.0 2953.3 -136.0' spd 152.1 yaw 357 mode 2 st 14 gl 0 hp 60 frg -2
ARGEVT Romero swim
ARGEVT Joe Rogan swim
ARGEVT Romero swim
ARGLOG Joe Rogan t 128.2 pos '992.0 848.9 -296.0' spd  18.9 yaw 23 mode 2 st 30 gl 0 hp 149 frg 0
ARGLOG Carmack t 128.2 pos '1347.1 1051.9 -256.0' spd 439.7 yaw 246.4 mode 1 st 13 gl 0 hp 100 frg 2
ARGEVT Joe Rogan hazard
ARGLOG Romero t 128.4 pos '304.0 2884.2 -135.7' spd  38.2 yaw 25 mode 2 st 14 gl 0 hp 56 frg -2
ARGEVT Romero swim
ARGEVT Romero swim
ARGLOG Joe Rogan t 128.7 pos '992.0 880.0 -296.0' spd 0 yaw 18 mode 2 st 30 gl 0 hp 149 frg 0
ARGLOG Carmack t 128.7 pos '1221.7 959.7 -256.0' spd 440.7 yaw  82.6 mode 1 st 13 gl 0 hp 100 frg 2
ARGLOG Romero t 128.9 pos '304.0 2942.6 -137.3' spd 172.4 yaw 1 mode 2 st 14 gl 0 hp 56 frg -2
ARGEVT Romero swim
ARGEVT Romero swim
ARGEVT Joe Rogan stall
ARGEVT Joe Rogan stallnode '1169.0 993.0 -256.0'
ARGEVT Joe Rogan jump
ARGLOG Joe Rogan t 129.2 pos '992.0 880.0 -274.7' spd 0 yaw  65.0 mode 0 st 31 gl 0 hp 148 frg 0
ARGLOG Carmack t 129.2 pos '1319.7 1083.2 -256.0' spd 440.1 yaw 277.8 mode 1 st 13 gl 0 hp 100 frg 2
ARGEVT Romero swim
ARGLOG Romero t 129.4 pos '304.0 2984.0 -137.0' spd  64.0 yaw 344 mode 2 st 14 gl 0 hp 48 frg -2
ARGEVT Joe Rogan route 14 start '977.0 961.0 -248.0' goal '817.0 2433.0 -344.0'
ARGEVT Romero swim
ARGLOG Joe Rogan t 129.7 pos '988.3 902.6 -280.0' spd 177.4 yaw 26 mode 2 st 31 gl 0 hp 148 frg 0
ARGLOG Carmack t 129.7 pos '1260.9 938.5 -256.0' spd 440.2 yaw 113.6 mode 1 st 13 gl 0 hp 100 frg 2
ARGEVT Romero swim
ARGLOG Romero t 129.9 pos '304.0 2909.6 -136.7' spd 162.8 yaw 15 mode 2 st 14 gl 0 hp 48 frg -2
ARGEVT Romero swim
ARGLOG Joe Rogan t 130.3 pos '972.3 1068.6 -248.0' spd 401.1 yaw 349 mode 2 st 31 gl 0 hp 147 frg 0
ARGLOG Carmack t 130.3 pos '1282.6 1094.2 -256.0' spd 439.9 yaw 308.2 mode 1 st 13 gl 0 hp 100 frg 2
ARGEVT Joe Rogan hazard
ARGEVT Romero swim
ARGLOG Romero t 130.4 pos '304.0 2906.9 -136.6' spd 103.3 yaw 16 mode 2 st 14 gl 0 hp 40 frg -2
ARGEVT Romero swim
ARGLOG Joe Rogan t 130.8 pos '1072.4 980.1 -248.0' spd 307.6 yaw 2 mode 2 st 31 gl 0 hp 147 frg 0
ARGEVT Romero swim
ARGLOG Carmack t 130.8 pos '1303.4 938.6 -256.0' spd 439.9 yaw 143.4 mode 1 st 13 gl 0 hp 100 frg 2
ARGLOG Romero t 130.9 pos '304.0 2989.8 -136.3' spd 154.4 yaw 341 mode 2 st 14 gl 0 hp 40 frg -2
ARGEVT Romero swim
ARGLOG Joe Rogan t 131.3 pos '1075.6 1065.6 -248.0' spd  45.3 yaw 345 mode 2 st 31 gl 0 hp 146 frg 0
ARGEVT Romero swim
ARGLOG Carmack t 131.3 pos '1244.8 1083.5 -256.0' spd 440.2 yaw 338.9 mode 1 st 13 gl 0 hp 100 frg 2
ARGEVT Joe Rogan hazard
ARGLOG Romero t 131.4 pos '304.0 2948.3 -135.9' spd 161.0 yaw 359 mode 2 st 14 gl 0 hp 32 frg -2
ARGEVT Romero swim
ARGEVT Romero swim
ARGLOG Joe Rogan t 131.8 pos '1088.0 995.9 -248.0' spd 222.1 yaw 0 mode 2 st 31 gl 0 hp 146 frg 0
ARGEVT Carmack abandon
ARGEVT Carmack goal weapon_grenadelauncher
ARGLOG Carmack t 131.8 pos '1342.9 960.6 -256.0' spd 439.9 yaw 174.4 mode 0 st 13 gl 0 hp 100 frg 2
ARGEVT Carmack route 3 start '1329.0 993.0 -256.0' goal '1169.0 1057.0 -408.0'
ARGLOG Romero t 132.0 pos '304.0 2887.7 -137.6' spd  26.3 yaw 23 mode 2 st 14 gl 0 hp 32 frg -2
ARGEVT Romero swim
ARGEVT Romero swim
ARGEVT Romero stall
ARGEVT Romero stallnode '305.0 2945.0 -56.0'
ARGEVT Carmack hazard
ARGLOG Joe Rogan t 132.3 pos '1086.1 1035.9 -248.0' spd 292.1 yaw 350 mode 2 st 31 gl 0 hp 145 frg 0
ARGLOG Carmack t 132.3 pos '1168.0 953.9 -256.0' spd  78.8 yaw 89 mode 2 st 13 gl 0 hp 100 frg 2
ARGEVT Joe Rogan hazard
ARGLOG Romero t 132.5 pos '304.0 2954.8 -137.2' spd 177.7 yaw  21.4 mode 0 st 15 gl 0 hp 24 frg -2
ARGEVT Romero swim
ARGEVT Romero route 27 start '209.0 2945.0 -152.0' goal '1169.0 1057.0 -408.0'
ARGEVT Romero swim
ARGEVT Joe Rogan stall
ARGEVT Joe Rogan stallnode '1169.0 993.0 -256.0'
ARGEVT Joe Rogan jump
ARGLOG Joe Rogan t 132.8 pos '1087.8 1072.0 -226.7' spd  12.6 yaw  19.6 mode 0 st 32 gl 0 hp 145 frg 0
ARGLOG Carmack t 132.8 pos '1190.8 928.0 -256.0' spd  87.7 yaw 99 mode 2 st 13 gl 0 hp 100 frg 2
ARGEVT Romero swim
ARGLOG Romero t 133.0 pos '294.8 2992.0 -136.8' spd  67.4 yaw 189 mode 2 st 15 gl 0 hp 24 frg -2
ARGEVT Joe Rogan route 13 start '945.0 1057.0 -248.0' goal '817.0 2433.0 -344.0'
ARGEVT Romero swim
ARGLOG Joe Rogan t 133.3 pos '1081.6 1072.0 -246.6' spd  33.3 yaw 318 mode 2 st 32 gl 0 hp 144 frg 0
ARGLOG Carmack t 133.3 pos '1200.0 888.3 -256.0' spd 332.8 yaw 216.7 mode 2 st 13 gl 0 hp 100 frg 2
ARGEVT Romero swim
ARGEVT Carmack hazard
ARGLOG Romero t 133.5 pos '217.3 2980.1 -136.7' spd 202.6 yaw 189 mode 2 st 15 gl 0 hp 16 frg -2
ARGEVT Romero swim
ARGLOG Joe Rogan t 133.9 pos '941.3 1035.1 -248.0' spd 346.3 yaw 354 mode 2 st 32 gl 0 hp 143 frg 0
ARGLOG Carmack t 133.9 pos '1200.0 887.3 -256.0' spd 322.0 yaw 100 mode 2 st 13 gl 0 hp 100 frg 2
ARGEVT Romero jump
ARGLOG Romero t 134.0 pos '157.2 2951.6 -114.5' spd  67.0 yaw 183 mode 2 st 15 gl 0 hp 16 frg -2
ARGLOG Joe Rogan t 134.4 pos '961.6 880.6 -280.0' spd 426.7 yaw 17 mode 2 st 32 gl 0 hp 143 frg 0
ARGEVT Joe Rogan hazard
ARGLOG Carmack t 134.4 pos '1182.4 1052.0 -256.0' spd 334.9 yaw  62.7 mode 1 st 13 gl 0 hp 100 frg 2
ARGLOG Romero t 134.5 pos '137.3 2919.7 -133.8' spd  80.1 yaw 170 mode 2 st 15 gl 0 hp 8 frg -2
ARGEVT Romero jump
ARGLOG Joe Rogan t 134.9 pos '1080.1 1016.7 -248.0' spd 332.9 yaw 355 mode 2 st 32 gl 0 hp 142 frg 0
ARGLOG Carmack t 134.9 pos '1346.1 1069.7 -256.0' spd 413.9 yaw 258.2 mode 1 st 13 gl 0 hp 100 frg 2
ARGLOG Romero t 135.0 pos ' 16.7 2928.0 -98.2' spd  12.9 yaw 2 mode 2 st 15 gl 0 hp 8 frg -2
ARGLOG Joe Rogan t 135.4 pos '1088.0 1008.2 -248.0' spd 225.0 yaw 357 mode 2 st 32 gl 0 hp 142 frg 0
ARGEVT Joe Rogan hazard
ARGLOG Carmack t 135.4 pos '1236.8 957.9 -256.0' spd 428.5 yaw 104 mode 1 st 13 gl 0 hp 100 frg 2
ARGEVT Romero swim
ARGLOG Romero t 135.6 pos ' 32.0 2928.0 -148.5' spd 0 yaw 2 mode 2 st 15 gl 0 hp 4 frg -2
ARGEVT Joe Rogan stall
ARGEVT Joe Rogan stallnode '1169.0 993.0 -256.0'
ARGEVT Joe Rogan jump
ARGEVT Joe Rogan route 14 start '977.0 961.0 -248.0' goal '817.0 2433.0 -344.0'
ARGLOG Joe Rogan t 135.9 pos '1074.3 1072.0 -209.1' spd  54.0 yaw 212 mode 2 st 33 gl 0 hp 141 frg 0
ARGLOG Carmack t 135.9 pos '1269.4 1102.3 -256.0' spd 369.5 yaw 308.1 mode 1 st 13 gl 0 hp 100 frg 2
ARGLOG Romero t 136.1 pos ' 32.0 2928.0 -143.8' spd 0 yaw 2 mode 2 st 15 gl 0 hp 4 frg -2
ARGEVT Romero death world pos ' 32.0 2928.0 -141.1'
ARGLOG Joe Rogan t 136.4 pos '1042.5 1041.2 -248.0' spd 320.4 yaw 340 mode 2 st 33 gl 0 hp 141 frg 0
ARGLOG Carmack t 136.4 pos '1276.4 946.8 -256.0' spd 435.1 yaw 143.3 mode 1 st 13 gl 0 hp 100 frg 2
ARGLOG Joe Rogan t 136.9 pos '926.1 916.6 -264.0' spd 390.8 yaw 10 mode 2 st 33 gl 0 hp 140 frg 0
ARGLOG Carmack t 136.9 pos '1216.7 1091.2 -256.0' spd 440.1 yaw 339.5 mode 1 st 13 gl 0 hp 100 frg 2
ARGEVT Joe Rogan hazard
ARGEVT Joe Rogan swim
ARGLOG Joe Rogan t 137.5 pos '992.0 782.1 -315.4' spd  78.0 yaw 32 mode 2 st 33 gl 0 hp 140 frg 0
ARGLOG Carmack t 137.5 pos '1316.2 968.6 -256.0' spd 440.0 yaw 174.4 mode 1 st 13 gl 0 hp 100 frg 2
ARGEVT Romero respawn
ARGLOG Joe Rogan t 138.0 pos '992.0 808.5 -310.8' spd 123.1 yaw 28 mode 2 st 33 gl 0 hp 139 frg 0
ARGEVT Romero plan powerup via weapon
ARGEVT Romero goal weapon_supernailgun
ARGLOG Romero t 138.0 pos '832.0 2048.0 -152.0' spd 0 yaw  16.6 mode 0 st 15 gl 0 hp 100 frg -3
ARGLOG Carmack t 138.0 pos '1190.9 1061.3 -256.0' spd 440.0 yaw   9.6 mode 1 st 13 gl 0 hp 100 frg 2
ARGEVT Romero route 5 start '849.0 2081.0 -152.0' goal '817.0 2433.0 -344.0'
ARGEVT Romero hazard
ARGLOG Joe Rogan t 138.5 pos '992.0 848.0 -306.3' spd 0 yaw 23 mode 2 st 33 gl 0 hp 139 frg 0
ARGLOG Romero t 138.5 pos '850.9 2148.5 -139.6' spd 329.0 yaw 124 mode 2 st 15 gl 0 hp 100 frg -3
ARGLOG Carmack t 138.5 pos '1339.1 1005.8 -256.0' spd 440.3 yaw 205.7 mode 1 st 13 gl 0 hp 100 frg 2
ARGEVT Joe Rogan abandon
ARGEVT Joe Rogan plan powerup via weapon
ARGEVT Joe Rogan goal weapon_rocketlauncher
ARGEVT Joe Rogan route 18 start '945.0 801.0 -328.0' goal '145.0 2337.0  40.0'
ARGLOG Joe Rogan t 139.0 pos '980.5 848.0 -301.7' spd  87.8 yaw 103 mode 2 st 33 gl 0 hp 138 frg 0
ARGLOG Romero t 139.0 pos '792.3 2306.4 -102.5' spd 352.8 yaw 34 mode 2 st 15 gl 0 hp 100 frg -3
ARGEVT Romero jump
ARGLOG Carmack t 139.0 pos '1184.2 1019.3 -256.0' spd 440.4 yaw  41.2 mode 1 st 13 gl 0 hp 100 frg 2
ARGEVT Romero jump
ARGLOG Joe Rogan t 139.5 pos '897.4 846.0 -297.1' spd 186.2 yaw 28 mode 2 st 33 gl 0 hp 138 frg 0
ARGLOG Romero t 139.5 pos '747.0 2347.8 -54.6' spd 306.9 yaw 10 mode 2 st 15 gl 0 hp 100 frg -3
ARGLOG Carmack t 139.5 pos '1339.3 1049.4 -256.0' spd 440.5 yaw 237.4 mode 1 st 13 gl 0 hp 100 frg 2
ARGEVT Joe Rogan swim
ARGEVT Joe Rogan swim
ARGLOG Joe Rogan t 140.0 pos '854.8 873.2 -296.7' spd  87.2 yaw 20 mode 2 st 33 gl 0 hp 137 frg 0
ARGLOG Romero t 140.0 pos '699.4 2227.8 -53.0' spd 266.8 yaw 6 mode 0 st 15 gl 0 hp 100 frg -3
ARGLOG Carmack t 140.0 pos '1200.4 978.8 -256.0' spd 440.0 yaw 75 mode 1 st 13 gl 0 hp 100 frg 2
ARGEVT Romero route 3 start '721.0 2337.0 -71.0' goal '817.0 2433.0 -344.0'
ARGLOG Joe Rogan t 140.5 pos '914.4 968.1 -248.0' spd 321.6 yaw 338 mode 2 st 33 gl 0 hp 137 frg 0
ARGLOG Romero t 140.5 pos '764.2 2262.5 -88.8' spd 345.0 yaw 38 mode 2 st 15 gl 0 hp 100 frg -3
ARGLOG Carmack t 140.5 pos '1314.7 1086.8 -256.0' spd 439.6 yaw 270.2 mode 1 st 13 gl 0 hp 100 frg 2
ARGEVT Romero jump
ARGLOG Joe Rogan t 141.1 pos '1071.9 1024.4 -248.0' spd 322.9 yaw 302 mode 2 st 33 gl 0 hp 136 frg 0
ARGEVT Joe Rogan hazard
ARGLOG Romero t 141.1 pos '729.7 2368.0 -34.4' spd  29.7 yaw 6 mode 2 st 15 gl 0 hp 100 frg -3
ARGLOG Carmack t 141.1 pos '1237.1 950.8 -256.0' spd 440.3 yaw 106.4 mode 1 st 13 gl 0 hp 100 frg 2
ARGLOG Joe Rogan t 141.6 pos '1087.3 1050.7 -248.0' spd 238.7 yaw 294 mode 2 st 33 gl 0 hp 136 frg 0
ARGLOG Romero t 141.6 pos '815.3 2369.5 -66.3' spd 331.1 yaw 7 mode 2 st 15 gl 0 hp 100 frg -3
ARGLOG Carmack t 141.6 pos '1272.1 1104.5 -256.0' spd 438.5 yaw 304.5 mode 1 st 13 gl 0 hp 100 frg 2
ARGEVT Romero hazard
ARGEVT Joe Rogan stall
ARGEVT Joe Rogan stallnode '1169.0 993.0 -256.0'
ARGLOG Joe Rogan t 142.1 pos '1088.0 1054.4 -248.0' spd 257.3 yaw 466.5 mode 0 st 34 gl 0 hp 135 frg 0
ARGEVT Joe Rogan jump
ARGLOG Romero t 142.1 pos '875.7 2372.3 -86.8' spd 201.5 yaw 9 mode 2 st 15 gl 0 hp 100 frg -3
ARGLOG Carmack t 142.1 pos '1283.8 948.1 -256.0' spd 440.0 yaw 139.7 mode 1 st 13 gl 0 hp 100 frg 2
ARGEVT Joe Rogan route 17 start '945.0 1057.0 -248.0' goal '145.0 2337.0  40.0'
ARGLOG Joe Rogan t 142.6 pos '1087.6 1072.0 -225.4' spd   8.1 yaw 316 mode 2 st 34 gl 0 hp 135 frg 0
ARGLOG Romero t 142.6 pos '864.0 2445.7 -88.0' spd  70.5 yaw 346 mode 2 st 15 gl 0 hp 100 frg -3
ARGLOG Carmack t 142.6 pos '1225.7 1096.3 -256.0' spd 438.3 yaw 339.8 mode 1 st 13 gl 0 hp 100 frg 2
ARGLOG Joe Rogan t 143.1 pos '978.5 1047.9 -248.0' spd 329.8 yaw 317 mode 2 st 34 gl 0 hp 134 frg 0
ARGLOG Romero t 143.1 pos '864.0 2440.9 -88.0' spd  11.4 yaw 348 mode 2 st 15 gl 0 hp 100 frg -3
ARGLOG Carmack t 143.1 pos '1308.2 968.2 -256.0' spd 431.8 yaw 174.6 mode 1 st 13 gl 0 hp 100 frg 2
ARGEVT Joe Rogan hazard
ARGEVT Romero stall
ARGEVT Romero stallnode '977.0 2433.0 -112.0'
ARGEVT Romero jump
ARGLOG Joe Rogan t 143.6 pos '866.3 1104.0 -248.0' spd 194.4 yaw 322 mode 2 st 34 gl 0 hp 134 frg 0
ARGLOG Romero t 143.6 pos '864.0 2437.6 -66.7' spd   2.1 yaw  30.6 mode 0 st 16 gl 0 hp 100 frg -3
ARGLOG Carmack t 143.6 pos '1182.9 1060.5 -256.0' spd 440.0 yaw  10.8 mode 1 st 13 gl 0 hp 100 frg 2
ARGEVT Romero route 5 start '817.0 2369.0 -88.0' goal '817.0 2433.0 -344.0'
ARGLOG Joe Rogan t 144.1 pos '1016.3 1061.6 -248.0' spd 324.3 yaw 308 mode 2 st 34 gl 0 hp 133 frg 0
ARGLOG Romero t 144.1 pos '861.0 2455.1 -85.8' spd  52.2 yaw 221 mode 2 st 16 gl 0 hp 100 frg -3
ARGLOG Carmack t 144.1 pos '1331.2 1007.2 -256.0' spd 440.2 yaw 206.6 mode 1 st 13 gl 0 hp 100 frg 2
ARGEVT Joe Rogan hazard
ARGLOG Joe Rogan t 144.7 pos '1076.4 985.5 -248.0' spd 130.1 yaw 308 mode 2 st 34 gl 0 hp 133 frg 0
ARGLOG Romero t 144.7 pos '780.5 2334.8 -95.8' spd 375.7 yaw 26 mode 2 st 16 gl 0 hp 100 frg -3
ARGEVT Romero jump
ARGLOG Carmack t 144.7 pos '1176.4 1018.2 -256.0' spd 440.1 yaw  42.2 mode 1 st 13 gl 0 hp 100 frg 2
ARGLOG Joe Rogan t 145.2 pos '1085.5 1036.1 -248.0' spd 289.3 yaw 297 mode 2 st 34 gl 0 hp 132 frg 0
ARGLOG Romero t 145.2 pos '688.0 2289.5 -73.8' spd 140.4 yaw 26 mode 2 st 16 gl 0 hp 100 frg -3
ARGLOG Carmack t 145.2 pos '1332.1 1047.4 -256.0' spd 439.9 yaw 236.4 mode 1 st 13 gl 0 hp 100 frg 2
ARGEVT Joe Rogan hazard
ARGLOG Joe Rogan t 145.7 pos '1082.7 1054.7 -248.0' spd 175.8 yaw 295 mode 2 st 34 gl 0 hp 132 frg 0
ARGLOG Romero t 145.7 pos '688.0 2361.9 -265.1' spd 140.4 yaw 6 mode 2 st 16 gl 0 hp 100 frg -3
ARGLOG Carmack t 145.7 pos '1192.0 979.1 -256.0' spd 439.3 yaw  71.6 mode 1 st 13 gl 0 hp 100 frg 2
ARGEVT Romero swim
ARGLOG Joe Rogan t 146.2 pos '1086.1 988.1 -248.0' spd 190.5 yaw 304 mode 2 st 34 gl 0 hp 131 frg 0
ARGLOG Romero t 146.2 pos '706.5 2429.0 -476.1' spd 150.9 yaw 356 mode 2 st 16 gl 0 hp 84 frg -3
ARGLOG Carmack t 146.2 pos '1311.9 1081.8 -256.0' spd 440.2 yaw 267.1 mode 1 st 13 gl 0 hp 100 frg 2
ARGEVT Joe Rogan hazard
ARGLOG Joe Rogan t 146.7 pos '1088.0 1063.3 -248.0' spd 169.2 yaw 293 mode 2 st 34 gl 0 hp 131 frg 0
ARGLOG Romero t 146.7 pos '752.0 2456.1 -471.5' spd  22.9 yaw 350 mode 2 st 16 gl 0 hp 84 frg -3
ARGLOG Carmack t 146.7 pos '1227.4 950.9 -256.0' spd 440.6 yaw 103.3 mode 1 st 13 gl 0 hp 100 frg 2
ARGLOG Joe Rogan t 147.2 pos '1085.2 1030.9 -248.0' spd 260.3 yaw 297 mode 2 st 34 gl 0 hp 130 frg 0
ARGLOG Romero t 147.2 pos '752.0 2456.2 -467.0' spd  13.0 yaw 350 mode 2 st 16 gl 0 hp 76 frg -3
ARGLOG Carmack t 147.2 pos '1276.8 1100.3 -256.0' spd 439.5 yaw 297.8 mode 1 st 13 gl 0 hp 100 frg 2
ARGEVT Joe Rogan hazard
ARGLOG Joe Rogan t 147.7 pos '1087.0 1009.8 -248.0' spd 260.6 yaw 300 mode 2 st 34 gl 0 hp 130 frg 0
ARGLOG Romero t 147.7 pos '752.0 2447.1 -462.4' spd  19.0 yaw 351 mode 2 st 16 gl 0 hp 76 frg -3
ARGLOG Carmack t 147.7 pos '1271.3 943.6 -256.0' spd 440.5 yaw 134.0 mode 1 st 13 gl 0 hp 100 frg 2
ARGLOG Joe Rogan t 148.3 pos '1087.1 1072.0 -248.0' spd  38.2 yaw 292 mode 2 st 34 gl 0 hp 129 frg 0
ARGLOG Romero t 148.3 pos '752.0 2438.8 -457.9' spd  13.0 yaw 353 mode 2 st 16 gl 0 hp 68 frg -3
ARGLOG Carmack t 148.3 pos '1235.6 1096.5 -256.0' spd 439.6 yaw 330.1 mode 1 st 13 gl 0 hp 100 frg 2
ARGEVT Joe Rogan hazard
ARGEVT Romero stall
ARGEVT Romero stallnode '977.0 2433.0 -112.0'
ARGEVT Romero swim
ARGEVT Romero route 2 start '689.0 2113.0 -376.0' goal '817.0 2433.0 -344.0'
ARGLOG Joe Rogan t 148.8 pos '1085.3 1010.8 -248.0' spd 255.9 yaw 300 mode 2 st 34 gl 0 hp 129 frg 0
ARGLOG Romero t 148.8 pos '752.0 2435.0 -457.6' spd   1.3 yaw 271 mode 2 st 17 gl 0 hp 68 frg -3
ARGEVT Romero swim
ARGLOG Carmack t 148.8 pos '1313.6 960.1 -256.0' spd 440.2 yaw 165.6 mode 1 st 13 gl 0 hp 100 frg 2
ARGEVT Romero swim
ARGEVT Romero swim
ARGLOG Joe Rogan t 149.3 pos '1085.5 1036.5 -248.0' spd 287.7 yaw 296 mode 2 st 34 gl 0 hp 128 frg 0
ARGLOG Romero t 149.3 pos '748.4 2389.0 -457.1' spd 154.7 yaw 272 mode 2 st 17 gl 0 hp 60 frg -3
ARGLOG Carmack t 149.3 pos '1198.6 1068.9 -256.0' spd 437.8 yaw   5.7 mode 1 st 13 gl 0 hp 100 frg 2
ARGEVT Romero swim
ARGEVT Joe Rogan hazard
ARGEVT Romero swim
ARGLOG Joe Rogan t 149.8 pos '1088.0 1052.3 -248.0' spd 181.9 yaw 294 mode 2 st 34 gl 0 hp 128 frg 0
ARGLOG Romero t 149.8 pos '729.6 2282.6 -456.9' spd 239.0 yaw 288 mode 2 st 17 gl 0 hp 60 frg -3
ARGLOG Carmack t 149.8 pos '1340.9 1001.0 -256.0' spd 439.8 yaw 200.3 mode 1 st 13 gl 0 hp 100 frg 2
ARGEVT Romero swim
ARGEVT Romero swim
ARGLOG Joe Rogan t 150.3 pos '1087.2 988.7 -248.0' spd 186.2 yaw 304 mode 2 st 34 gl 0 hp 127 frg 0
ARGLOG Romero t 150.3 pos '701.3 2208.0 -456.5' spd  59.5 yaw 263 mode 2 st 17 gl 0 hp 52 frg -3
ARGLOG Carmack t 150.3 pos '1186.5 1028.3 -256.0' spd 437.2 yaw  38.4 mode 1 st 13 gl 0 hp 100 frg 2
ARGEVT Romero swim
ARGEVT Joe Rogan hazard
ARGEVT Romero swim
ARGEVT Joe Rogan stall
ARGEVT Joe Rogan stallnode '1169.0 993.0 -256.0'
ARGEVT Joe Rogan jump
ARGLOG Joe Rogan t 150.8 pos '1088.0 1071.6 -226.7' spd   8.1 yaw   1.0 mode 0 st 35 gl 0 hp 127 frg 0
ARGLOG Romero t 150.8 pos '679.6 2208.0 -456.2' spd  21.7 yaw 0 mode 2 st 17 gl 0 hp 52 frg -3
ARGLOG Carmack t 150.8 pos '1333.4 1044.1 -256.0' spd 424.8 yaw 234.2 mode 1 st 13 gl 0 hp 100 frg 2
ARGEVT Romero swim
ARGEVT Joe Rogan route 17 start '945.0 1057.0 -248.0' goal '145.0 2337.0  40.0'
ARGEVT Romero swim
ARGLOG Joe Rogan t 151.3 pos '1085.9 1072.0 -246.9' spd  25.4 yaw 317 mode 2 st 35 gl 0 hp 126 frg 0
ARGLOG Romero t 151.3 pos '680.5 2208.0 -456.0' spd  15.8 yaw 0 mode 2 st 17 gl 0 hp 48 frg -3
ARGLOG Carmack t 151.3 pos '1189.5 985.3 -256.0' spd 438.5 yaw  69.1 mode 1 st 13 gl 0 hp 100 frg 2
ARGEVT Romero swim
ARGEVT Joe Rogan stall
ARGEVT Joe Rogan stallnode '945.0 1057.0 -248.0'
ARGEVT Joe Rogan jump
ARGEVT Romero stall
ARGEVT Romero stallnode '689.0 2113.0 -376.0'
ARGEVT Joe Rogan plan powerup via weapon
ARGEVT Joe Rogan goal weapon_grenadelauncher
ARGEVT Joe Rogan route 3 start '945.0 1057.0 -248.0' goal '1169.0 1057.0 -408.0'
ARGEVT Romero swim
ARGEVT Romero route 1 start '753.0 2209.0 -357.0' goal '817.0 2433.0 -344.0'
ARGLOG Joe Rogan t 151.9 pos '1078.6 1056.3 -213.0' spd  47.9 yaw 326 mode 2 st 36 gl 0 hp 126 frg 0
ARGLOG Romero t 151.9 pos '710.4 2208.7 -455.7' spd 132.4 yaw 64 mode 2 st 18 gl 0 hp 48 frg -3
ARGLOG Carmack t 151.9 pos '1313.2 1082.4 -256.0' spd 440.1 yaw 264.9 mode 1 st 13 gl 0 hp 100 frg 2
ARGEVT Romero swim
ARGEVT Carmack abandon
ARGEVT Carmack goal item_armor2
ARGEVT Carmack route 3 start '1329.0 993.0 -256.0' goal '1297.0 1057.0 -408.0'
ARGEVT Romero swim
ARGLOG Joe Rogan t 152.4 pos '1006.9 1044.4 -248.0' spd 321.5 yaw 343 mode 2 st 36 gl 0 hp 125 frg 0
ARGLOG Romero t 152.4 pos '736.0 2209.5 -457.4' spd   4.1 yaw 70 mode 2 st 18 gl 0 hp 40 frg -3
ARGEVT Romero swim
ARGLOG Carmack t 152.4 pos '1229.0 939.3 -256.0' spd 389.8 yaw 232 mode 2 st 13 gl 0 hp 100 frg 2
ARGEVT Carmack hazard
ARGEVT Romero swim
ARGEVT Joe Rogan hazard
ARGEVT Romero swim
ARGLOG Joe Rogan t 152.9 pos '866.3 1097.4 -248.0' spd  78.8 yaw 323 mode 2 st 36 gl 0 hp 124 frg 0
ARGEVT Romero stall
ARGEVT Romero stallnode '753.0 2209.0 -357.0'
ARGLOG Romero t 152.9 pos '736.0 2208.5 -456.9' spd   1.8 yaw 191.8 mode 0 st 19 gl 0 hp 40 frg -3
ARGLOG Carmack t 152.9 pos '1169.0 1045.2 -256.0' spd  90.9 yaw 5 mode 2 st 13 gl 0 hp 100 frg 2
ARGEVT Romero route 1 start '753.0 2209.0 -357.0' goal '817.0 2433.0 -344.0'
ARGEVT Romero swim
ARGEVT Romero swim
ARGLOG Joe Rogan t 153.4 pos '1005.8 1067.7 -248.0' spd 229.3 yaw 309 mode 2 st 36 gl 0 hp 124 frg 0
ARGLOG Romero t 153.4 pos '736.0 2212.9 -456.4' spd  19.4 yaw 69 mode 2 st 19 gl 0 hp 32 frg -3
ARGLOG Carmack t 153.4 pos '1159.0 992.0 -256.0' spd  14.2 yaw 25 mode 2 st 13 gl 0 hp 100 frg 2
ARGEVT Romero swim
ARGEVT Romero stall
ARGEVT Romero stallnode '753.0 2209.0 -357.0'
ARGEVT Joe Rogan hazard
ARGEVT Romero swim
ARGEVT Romero goal item_health
ARGLOG Joe Rogan t 153.9 pos '1072.4 977.2 -248.0' spd  37.7 yaw 311 mode 2 st 36 gl 0 hp 123 frg 0
ARGLOG Romero t 153.9 pos '720.6 2208.2 -456.0' spd 103.0 yaw 157.3 mode 0 st 20 gl 0 hp 32 frg -3
ARGLOG Carmack t 153.9 pos '1166.7 935.8 -245.4' spd 320 yaw 42 mode 2 st 13 gl 0 hp 100 frg 2
ARGEVT Carmack hazard
ARGEVT Romero swim
ARGEVT Romero route 33 start '753.0 2209.0 -357.0' goal '945.0 2433.0 -112.0'
ARGEVT Romero swim
ARGLOG Joe Rogan t 154.4 pos '1087.6 1062.8 -248.0' spd 176.6 yaw 293 mode 2 st 36 gl 0 hp 123 frg 0
ARGLOG Romero t 154.4 pos '677.8 2224.0 -457.6' spd  28.9 yaw 324 mode 2 st 20 gl 0 hp 24 frg -3
ARGEVT Romero swim
ARGLOG Carmack t 154.4 pos '1200.5 855.3 -256.0' spd 262.7 yaw 148.1 mode 2 st 13 gl 0 hp 100 frg 2
ARGEVT Joe Rogan hazard
ARGEVT Romero swim
ARGLOG Joe Rogan t 154.9 pos '1085.8 1010.6 -248.0' spd 335.6 yaw 300 mode 2 st 36 gl 0 hp 122 frg 0
ARGLOG Romero t 154.9 pos '736.0 2212.5 -457.2' spd  37.4 yaw 306 mode 2 st 20 gl 0 hp 24 frg -3
ARGEVT Romero swim
ARGLOG Carmack t 154.9 pos '1240.5 954.9 -256.0' spd 322.9 yaw 61 mode 2 st 13 gl 0 hp 100 frg 2
ARGEVT Romero swim
ARGEVT Romero swim
ARGLOG Joe Rogan t 155.4 pos '1088.0 1031.2 -248.0' spd 293.4 yaw 296 mode 2 st 36 gl 0 hp 122 frg 0
ARGLOG Romero t 155.4 pos '736.0 2209.1 -456.8' spd   3.3 yaw 308 mode 2 st 20 gl 0 hp 16 frg -3
ARGLOG Carmack t 155.4 pos '1351.6 1078.6 -256.0' spd 395.3 yaw 318.1 mode 1 st 13 gl 0 hp 100 frg 2
ARGEVT Romero swim
ARGEVT Carmack hazard
ARGEVT Joe Rogan hazard
ARGEVT Romero stall
ARGEVT Romero stallnode '753.0 2209.0 -357.0'
ARGUS routecache adopt
ARGEVT Romero route 33 start '753.0 2209.0 -357.0' goal '945.0 2433.0 -112.0'
ARGEVT Romero swim
ARGLOG Joe Rogan t 156.0 pos '1085.5 1050.2 -248.0' spd 197.1 yaw 295 mode 2 st 36 gl 0 hp 121 frg 0
ARGLOG Romero t 156.0 pos '736.0 2212.4 -456.6' spd  28.3 yaw 307 mode 2 st 21 gl 0 hp 16 frg -3
ARGLOG Carmack t 156.0 pos '1371.8 940.1 -256.0' spd 410.5 yaw 153.3 mode 1 st 13 gl 0 hp 100 frg 2
ARGEVT Romero swim
ARGEVT Romero swim
ARGLOG Joe Rogan t 156.5 pos '1081.5 985.4 -248.0' spd 175.9 yaw 307 mode 2 st 36 gl 0 hp 121 frg 0
ARGEVT Romero stall
ARGEVT Romero stallnode '753.0 2209.0 -357.0'
ARGLOG Romero t 156.5 pos '736.0 2208.0 -456.4' spd 0 yaw 462.4 mode 0 st 22 gl 0 hp 8 frg -3
ARGLOG Carmack t 156.5 pos '1294.5 1075.2 -256.0' spd 438.3 yaw 348.2 mode 1 st 13 gl 0 hp 100 frg 2
ARGEVT Romero swim
ARGEVT Romero goal item_health
ARGEVT Romero route 11 start '753.0 2209.0 -357.0' goal '1169.0 993.0 -256.0'
ARGEVT Joe Rogan hazard
ARGEVT Romero swim
ARGLOG Joe Rogan t 157.0 pos '1088.0 1072.0 -248.0' spd 0 yaw 292 mode 2 st 36 gl 0 hp 120 frg 0
ARGLOG Romero t 157.0 pos '704.7 2220.8 -456.0' spd 108.2 yaw 317 mode 2 st 22 gl 0 hp 8 frg -3
ARGLOG Carmack t 157.0 pos '1409.6 971.9 -256.0' spd 427.8 yaw 184.3 mode 1 st 13 gl 0 hp 100 frg 2
ARGEVT Romero swim
ARGEVT Romero death world pos '693.3 2208.0 -457.4'
ARGLOG Joe Rogan t 157.5 pos '1086.8 1026.6 -248.0' spd 316.7 yaw 297 mode 2 st 36 gl 0 hp 120 frg 0
ARGLOG Carmack t 157.5 pos '1272.1 1043.8 -256.0' spd 439.1 yaw  19.5 mode 1 st 13 gl 0 hp 100 frg 2
ARGEVT Joe Rogan hazard
ARGLOG Joe Rogan t 158.0 pos '1085.2 1020.0 -248.0' spd 296.1 yaw 299 mode 2 st 36 gl 0 hp 119 frg 0
ARGLOG Carmack t 158.0 pos '1421.9 1016.7 -256.0' spd 378.8 yaw 215.0 mode 1 st 13 gl 0 hp 100 frg 2
ARGLOG Joe Rogan t 158.5 pos '1084.5 1070.6 -248.0' spd 145.7 yaw 293 mode 2 st 36 gl 0 hp 119 frg 0
ARGLOG Carmack t 158.5 pos '1267.1 1017.6 -256.0' spd 435.4 yaw  49.9 mode 1 st 13 gl 0 hp 100 frg 2
ARGEVT Joe Rogan hazard
ARGEVT Romero respawn
ARGEVT Romero goal weapon_rocketlauncher
ARGLOG Romero t 158.9 pos '832.0 2048.0 -152.0' spd 0 yaw  16.6 mode 0 st 22 gl 0 hp 100 frg -4
ARGLOG Joe Rogan t 159.0 pos '1086.5 1011.1 -248.0' spd 228.7 yaw 300 mode 2 st 36 gl 0 hp 118 frg 0
ARGLOG Carmack t 159.0 pos '1416.7 1068.2 -256.0' spd 439.7 yaw 245.1 mode 1 st 13 gl 0 hp 100 frg 2
ARGEVT Romero route 19 start '849.0 2081.0 -152.0' goal '145.0 2337.0  40.0'
ARGEVT Romero hazard
ARGEVT Joe Rogan stall
ARGEVT Joe Rogan stallnode '1169.0 993.0 -256.0'
ARGEVT Joe Rogan jump
ARGLOG Romero t 159.4 pos '851.1 2148.5 -139.6' spd 329.0 yaw 98 mode 2 st 22 gl 0 hp 100 frg -4
ARGLOG Joe Rogan t 159.6 pos '1088.0 1068.1 -213.7' spd  28.4 yaw 267.4 mode 0 st 37 gl 0 hp 118 frg 0
ARGLOG Carmack t 159.6 pos '1287.7 980.5 -256.0' spd 440.0 yaw  80.6 mode 1 st 13 gl 0 hp 100 frg 2
ARGEVT Joe Rogan route 3 start '945.0 1057.0 -248.0' goal '1169.0 1057.0 -408.0'
ARGLOG Romero t 159.9 pos '817.3 2310.9 -101.4' spd 323.4 yaw 90 mode 2 st 22 gl 0 hp 100 frg -4
ARGLOG Joe Rogan t 160.1 pos '1070.7 1049.2 -248.0' spd 186.1 yaw 331 mode 2 st 37 gl 0 hp 117 frg 0
ARGLOG Carmack t 160.1 pos '1363.3 1099.0 -256.0' spd 206.0 yaw 275.5 mode 1 st 13 gl 0 hp 100 frg 2
ARGLOG Romero t 160.4 pos '832.2 2475.0 -88.0' spd 320.2 yaw 93 mode 2 st 22 gl 0 hp 100 frg -4
ARGLOG Joe Rogan t 160.6 pos '905.5 1023.1 -248.0' spd 388.0 yaw 330 mode 2 st 37 gl 0 hp 117 frg 0
ARGLOG Carmack t 160.6 pos '1262.3 979.1 -256.0' spd 424.7 yaw 111.4 mode 1 st 13 gl 0 hp 100 frg 2
ARGLOG Romero t 160.9 pos '833.4 2639.2 -72.0' spd 320.8 yaw 130 mode 2 st 22 gl 0 hp 100 frg -4
ARGEVT Joe Rogan hazard
ARGLOG Joe Rogan t 161.1 pos '965.5 867.2 -296.0' spd 376.6 yaw 0 mode 2 st 37 gl 0 hp 116 frg 0
ARGLOG Carmack t 161.1 pos '1281.5 1097.8 -256.0' spd 347.1 yaw 306.9 mode 1 st 13 gl 0 hp 100 frg 2
ARGLOG Romero t 161.5 pos '764.9 2790.2 -56.0' spd 329.6 yaw 188 mode 2 st 22 gl 0 hp 100 frg -4
ARGLOG Joe Rogan t 161.6 pos '992.0 944.0 -264.0' spd 0 yaw 336 mode 2 st 37 gl 0 hp 116 frg 0
ARGLOG Carmack t 161.6 pos '1280.7 942.7 -256.0' spd 432.7 yaw 143.0 mode 1 st 13 gl 0 hp 100 frg 2
ARGLOG Romero t 162.0 pos '599.4 2819.0 -56.0' spd 327.6 yaw 189 mode 2 st 22 gl 0 hp 100 frg -4
ARGLOG Joe Rogan t 162.1 pos '1085.9 1040.9 -248.0' spd 278.7 yaw 296 mode 2 st 37 gl 0 hp 115 frg 0
ARGEVT Joe Rogan hazard
ARGLOG Carmack t 162.1 pos '1224.2 1088.1 -256.0' spd 439.1 yaw 337.9 mode 1 st 13 gl 0 hp 100 frg 2
ARGEVT Romero door
ARGLOG Romero t 162.5 pos '444.6 2755.0 -56.0' spd 331.0 yaw 152 mode 2 st 22 gl 0 hp 100 frg -4
ARGEVT Romero door
ARGEVT Romero door
ARGLOG Joe Rogan t 162.6 pos '1081.3 985.9 -248.0' spd 175.5 yaw 306 mode 2 st 37 gl 0 hp 115 frg 0
ARGEVT Romero door
ARGLOG Carmack t 162.6 pos '1331.8 970.6 -256.0' spd 438.1 yaw 180.1 mode 1 st 13 gl 0 hp 100 frg 2
ARGEVT Romero door
ARGEVT Romero door
ARGEVT Romero door
ARGEVT Romero door
ARGEVT Romero door
ARGEVT Joe Rogan stall
ARGEVT Joe Rogan stallnode '1169.0 993.0 -256.0'
ARGEVT Joe Rogan jump
ARGEVT Romero door
ARGEVT Romero door
ARGLOG Romero t 163.0 pos '279.4 2742.5 -56.0' spd 320.7 yaw 134 mode 2 st 22 gl 0 hp 100 frg -4
ARGUS routecache adopt
ARGEVT Joe Rogan route 3 start '945.0 1057.0 -248.0' goal '1169.0 1057.0 -408.0'
ARGEVT Romero door
ARGEVT Romero door
ARGLOG Joe Rogan t 163.2 pos '1082.6 1066.4 -213.7' spd  37.1 yaw 320 mode 2 st 38 gl 0 hp 114 frg 0
ARGEVT Romero door
ARGLOG Carmack t 163.2 pos '1198.5 1050.5 -256.0' spd 440.4 yaw  15.6 mode 1 st 13 gl 0 hp 100 frg 2
ARGLOG Romero t 163.5 pos '124.1 2803.1 -56.0' spd 345.6 yaw 134 mode 2 st 22 gl 0 hp 100 frg -4
ARGLOG Joe Rogan t 163.7 pos '1066.9 1044.3 -248.0' spd 185.3 yaw 334 mode 2 st 38 gl 0 hp 114 frg 0
ARGEVT Romero hazard
ARGLOG Carmack t 163.7 pos '1350.9 1009.9 -256.0' spd 439.9 yaw 210.5 mode 1 st 13 gl 0 hp 100 frg 2
ARGLOG Romero t 164.0 pos '-15.4 2880.5 -56.0' spd 322.7 yaw 239 mode 2 st 22 gl 0 hp 100 frg -4
ARGEVT Joe Rogan hazard
ARGLOG Joe Rogan t 164.2 pos '901.2 1083.5 -248.0' spd 394.4 yaw 321 mode 2 st 38 gl 0 hp 113 frg 0
ARGLOG Carmack t 164.2 pos '1195.0 1009.1 -256.0' spd 440.7 yaw  47.0 mode 1 st 13 gl 0 hp 100 frg 2
ARGLOG Romero t 164.5 pos '-156.0 2793.2 -72.0' spd 338.3 yaw 224 mode 2 st 22 gl 0 hp 100 frg -4
ARGLOG Joe Rogan t 164.7 pos '933.7 1087.3 -248.0' spd 320.1 yaw 317 mode 2 st 38 gl 0 hp 113 frg 0
ARGLOG Carmack t 164.7 pos '1346.5 1052.3 -256.0' spd 439.7 yaw 241.9 mode 1 st 13 gl 0 hp 100 frg 2
ARGLOG Romero t 165.1 pos '-227.7 2638.8 -88.0' spd 344.6 yaw 166 mode 2 st 22 gl 0 hp 100 frg -4
ARGEVT Joe Rogan hazard
ARGLOG Joe Rogan t 165.2 pos '1081.7 1040.3 -248.0' spd 330.8 yaw 297 mode 2 st 38 gl 0 hp 112 frg 0
ARGLOG Carmack t 165.2 pos '1214.0 970.4 -256.0' spd 440.2 yaw  77.1 mode 1 st 13 gl 0 hp 100 frg 2
ARGLOG Romero t 165.6 pos '-393.7 2613.4 -104.0' spd 331.0 yaw 176 mode 2 st 22 gl 0 hp 100 frg -4
ARGLOG Joe Rogan t 165.7 pos '1076.2 985.8 -248.0' spd 228.7 yaw 308 mode 2 st 38 gl 0 hp 112 frg 0
ARGLOG Carmack t 165.7 pos '1323.2 1084.1 -256.0' spd 440.2 yaw 272.6 mode 1 st 13 gl 0 hp 100 frg 2
ARGEVT Romero lift
ARGEVT Romero board
ARGLOG Romero t 166.1 pos '-576.0 2726.2 -82.6' spd 0 yaw 278 mode 2 st 22 gl 0 hp 100 frg -4
ARGEVT Joe Rogan hazard
ARGLOG Joe Rogan t 166.2 pos '1087.5 1057.0 -248.0' spd 190.0 yaw 294 mode 2 st 38 gl 0 hp 111 frg 0
ARGLOG Carmack t 166.2 pos '1250.6 945.6 -256.0' spd 440.1 yaw 107.8 mode 1 st 13 gl 0 hp 100 frg 2
ARGEVT Joe Rogan stall
ARGEVT Joe Rogan stallnode '1169.0 993.0 -256.0'
ARGEVT Joe Rogan jump
ARGLOG Romero t 166.6 pos '-576.0 2724.9 -104.0' spd 0 yaw 278 mode 2 st 22 gl 0 hp 100 frg -4
ARGLOG Joe Rogan t 166.8 pos '1064.8 980.0 -213.6' spd  38.8 yaw  71.9 mode 0 st 39 gl 0 hp 111 frg 0
ARGLOG Carmack t 166.8 pos '1287.1 1097.6 -256.0' spd 440.0 yaw 303.3 mode 1 st 13 gl 0 hp 100 frg 2
ARGEVT Joe Rogan route 4 start '977.0 961.0 -248.0' goal '1169.0 1057.0 -408.0'
ARGLOG Romero t 167.1 pos '-576.0 2724.9 -104.0' spd 0 yaw 278 mode 2 st 22 gl 0 hp 100 frg -4
ARGLOG Joe Rogan t 167.3 pos '1051.7 1002.0 -248.0' spd 188.9 yaw 356 mode 2 st 39 gl 0 hp 110 frg 0
ARGLOG Carmack t 167.3 pos '1295.1 941.3 -256.0' spd 439.9 yaw 138.2 mode 1 st 13 gl 0 hp 100 frg 2
ARGLOG Romero t 167.6 pos '-576.0 2724.9 -104.0' spd 0 yaw 278 mode 2 st 22 gl 0 hp 100 frg -4
ARGLOG Joe Rogan t 167.8 pos '901.9 933.0 -264.0' spd 405.5 yaw 346 mode 2 st 39 gl 0 hp 110 frg 0
ARGLOG Carmack t 167.8 pos '1249.5 1091.1 -256.0' spd 440.2 yaw 333.4 mode 1 st 13 gl 0 hp 100 frg 2
ARGEVT Joe Rogan hazard
ARGLOG Romero t 168.1 pos '-576.0 2724.9 -104.0' spd 0 yaw 278 mode 2 st 22 gl 0 hp 100 frg -4
ARGLOG Joe Rogan t 168.3 pos '992.0 911.6 -280.0' spd 347.5 yaw 346 mode 2 st 39 gl 0 hp 109 frg 0
ARGLOG Carmack t 168.3 pos '1335.8 959.7 -256.0' spd 440.1 yaw 169.2 mode 1 st 13 gl 0 hp 100 frg 2
ARGLOG Romero t 168.7 pos '-576.0 2724.9 -104.0' spd 0 yaw 278 mode 2 st 22 gl 0 hp 100 frg -4
ARGLOG Joe Rogan t 168.8 pos '992.0 912.0 -280.0' spd 0 yaw 346 mode 2 st 39 gl 0 hp 109 frg 0
ARGLOG Carmack t 168.8 pos '1219.7 1063.4 -256.0' spd 439.7 yaw   4.4 mode 1 st 13 gl 0 hp 100 frg 2
ARGEVT Joe Rogan hazard
ARGLOG Romero t 169.2 pos '-576.0 2724.9 -104.0' spd 0 yaw 278 mode 2 st 22 gl 0 hp 100 frg -4
ARGLOG Joe Rogan t 169.3 pos '992.0 912.0 -280.0' spd 0 yaw 346 mode 2 st 39 gl 0 hp 108 frg 0
ARGLOG Carmack t 169.3 pos '1360.7 993.1 -256.0' spd 439.9 yaw 199.3 mode 1 st 13 gl 0 hp 100 frg 2
ARGEVT Joe Rogan stall
ARGEVT Joe Rogan stallnode '1169.0 993.0 -256.0'
ARGEVT Joe Rogan jump
ARGUS routecache adopt
ARGEVT Joe Rogan route 4 start '977.0 961.0 -248.0' goal '1169.0 1057.0 -408.0'
ARGLOG Romero t 169.7 pos '-576.0 2724.9 -104.0' spd 0 yaw 278 mode 2 st 22 gl 0 hp 100 frg -4
ARGLOG Joe Rogan t 169.8 pos '991.9 921.4 -245.0' spd  34.3 yaw 22 mode 2 st 40 gl 0 hp 108 frg 0
ARGLOG Carmack t 169.8 pos '1208.5 1024.2 -256.0' spd 440.4 yaw  34.5 mode 1 st 13 gl 0 hp 100 frg 2
ARGLOG Romero t 170.2 pos '-576.0 2724.9 -104.0' spd 0 yaw 278 mode 2 st 22 gl 0 hp 100 frg -4
ARGLOG Joe Rogan t 170.4 pos '948.8 1028.8 -248.0' spd 375.9 yaw 324 mode 2 st 40 gl 0 hp 107 frg 0
ARGLOG Carmack t 170.4 pos '1366.0 1035.3 -256.0' spd 440.4 yaw 230.7 mode 1 st 13 gl 0 hp 100 frg 2
ARGEVT Joe Rogan hazard
ARGLOG Romero t 170.7 pos '-576.0 2724.9 -104.0' spd 0 yaw 278 mode 2 st 22 gl 0 hp 100 frg -4
ARGLOG Joe Rogan t 170.9 pos '1080.7 1027.3 -248.0' spd 331.3 yaw 299 mode 2 st 40 gl 0 hp 106 frg 0
ARGLOG Carmack t 170.9 pos '1220.1 981.4 -256.0' spd 440.2 yaw  66.5 mode 1 st 13 gl 0 hp 100 frg 2
ARGEVT Romero jump
ARGLOG Romero t 171.2 pos '-566.5 2671.2 -74.4' spd 0 yaw 277 mode 2 st 22 gl 0 hp 100 frg -4
ARGLOG Joe Rogan t 171.4 pos '1087.5 1041.6 -248.0' spd 282.8 yaw 295 mode 2 st 40 gl 0 hp 106 frg 0
ARGLOG Carmack t 171.4 pos '1349.6 1072.1 -256.0' spd 439.9 yaw 261.4 mode 1 st 13 gl 0 hp 100 frg 2
ARGEVT Joe Rogan hazard
ARGEVT Joe Rogan abandon
ARGEVT Joe Rogan plan powerup via weapon
ARGEVT Joe Rogan goal weapon_supernailgun
ARGLOG Romero t 171.7 pos '-565.2 2663.7 -19.2' spd 0 yaw 277 mode 2 st 22 gl 0 hp 100 frg -4
ARGEVT Joe Rogan route 13 start '945.0 1057.0 -248.0' goal '817.0 2433.0 -344.0'
ARGLOG Joe Rogan t 171.9 pos '1088.0 996.8 -248.0' spd 361.9 yaw 358 mode 2 st 40 gl 0 hp 105 frg 0
ARGLOG Carmack t 171.9 pos '1252.0 950.9 -256.0' spd 440.1 yaw  97.2 mode 1 st 13 gl 0 hp 100 frg 2
ARGEVT Carmack abandon
ARGEVT Carmack goal weapon_grenadelauncher
ARGEVT Carmack route 2 start '1169.0 993.0 -256.0' goal '1169.0 1057.0 -408.0'
ARGLOG Romero t 172.3 pos '-555.3 2617.0  56.0' spd 294.7 yaw 302 mode 2 st 22 gl 0 hp 100 frg -4
ARGEVT Carmack hazard
ARGLOG Joe Rogan t 172.4 pos '920.2 947.0 -248.0' spd 362.6 yaw 10 mode 2 st 40 gl 0 hp 105 frg 0
ARGLOG Carmack t 172.4 pos '1235.8 1104.0 -256.0' spd  83.5 yaw 255 mode 2 st 13 gl 0 hp 100 frg 2
ARGLOG Romero t 172.8 pos '-534.9 2453.7  56.0' spd 320.0 yaw 319 mode 2 st 22 gl 0 hp 100 frg -4
ARGLOG Joe Rogan t 172.9 pos '897.0 1101.2 -248.0' spd 434.2 yaw 339 mode 2 st 40 gl 0 hp 104 frg 0
ARGLOG Carmack t 172.9 pos '1176.4 994.0 -256.0' spd 329.7 yaw 96 mode 2 st 13 gl 0 hp 100 frg 2
ARGEVT Joe Rogan hazard
ARGLOG Romero t 173.3 pos '-432.7 2320.9  56.0' spd 374.3 yaw 349 mode 2 st 22 gl 0 hp 100 frg -4
ARGEVT Carmack hazard
ARGLOG Joe Rogan t 173.4 pos '1054.3 1031.1 -248.0' spd 345.3 yaw 353 mode 2 st 40 gl 0 hp 104 frg 0
ARGLOG Carmack t 173.4 pos '1194.7 928.0 -256.0' spd  61.9 yaw 101 mode 2 st 13 gl 0 hp 100 frg 2
ARGLOG Romero t 173.8 pos '-265.0 2351.0  56.0' spd 326.2 yaw 334 mode 2 st 22 gl 0 hp 100 frg -4
ARGLOG Joe Rogan t 174.0 pos '1088.0 1072.0 -248.0' spd 0 yaw 342 mode 2 st 40 gl 0 hp 103 frg 0
ARGLOG Carmack t 174.0 pos '1200.0 877.3 -256.0' spd 326.4 yaw 101.2 mode 2 st 13 gl 0 hp 100 frg 2
ARGEVT Romero hazard
ARGEVT Joe Rogan hazard
ARGLOG Romero t 174.3 pos '-144.0 2433.1  49.8' spd  51.6 yaw 342 mode 2 st 22 gl 0 hp 100 frg -4
ARGLOG Joe Rogan t 174.5 pos '1088.0 1021.5 -248.0' spd 223.6 yaw 354 mode 2 st 40 gl 0 hp 103 frg 0
ARGLOG Carmack t 174.5 pos '1182.9 1041.1 -256.0' spd 321.7 yaw  80.0 mode 1 st 13 gl 0 hp 100 frg 2
ARGEVT Carmack hazard
ARGLOG Romero t 174.8 pos '-144.0 2416.8 -108.4' spd  34.3 yaw 345 mode 2 st 22 gl 0 hp 100 frg -4
ARGLOG Joe Rogan t 175.0 pos '1084.4 1021.3 -248.0' spd 293.6 yaw 354 mode 2 st 40 gl 0 hp 102 frg 0
ARGLOG Carmack t 175.0 pos '1337.5 1099.8 -256.0' spd 411.9 yaw 275.6 mode 1 st 13 gl 0 hp 100 frg 2
ARGEVT Joe Rogan hazard
ARGEVT Romero hazard
ARGLOG Romero t 175.3 pos '-154.6 2279.9 -136.0' spd 411.7 yaw 10 mode 2 st 22 gl 0 hp 100 frg -4
ARGLOG Joe Rogan t 175.5 pos '1088.0 1062.0 -248.0' spd 173.6 yaw 345 mode 2 st 40 gl 0 hp 102 frg 0
ARGLOG Carmack t 175.5 pos '1266.8 959.8 -256.0' spd 428.7 yaw 122 mode 1 st 13 gl 0 hp 100 frg 2
ARGLOG Romero t 175.9 pos '-147.8 2187.1 -136.0' spd 208.1 yaw 27 mode 2 st 22 gl 0 hp 100 frg -4
ARGEVT Joe Rogan stall
ARGEVT Joe Rogan stallnode '1169.0 993.0 -256.0'
ARGEVT Joe Rogan jump
ARGLOG Joe Rogan t 176.0 pos '1088.0 980.5 -226.7' spd 125.1 yaw  51.6 mode 0 st 41 gl 0 hp 101 frg 0
ARGLOG Carmack t 176.0 pos '1239.5 1103.1 -256.0' spd 323.7 yaw 331.8 mode 1 st 13 gl 0 hp 100 frg 2
ARGEVT Joe Rogan route 14 start '977.0 961.0 -248.0' goal '817.0 2433.0 -344.0'
ARGEVT Romero hazard
ARGLOG Romero t 176.4 pos '-151.8 2308.3 -136.0' spd 135.7 yaw 5 mode 2 st 22 gl 0 hp 100 frg -4
ARGLOG Joe Rogan t 176.5 pos '1082.4 995.6 -246.3' spd  57.9 yaw 359 mode 2 st 41 gl 0 hp 101 frg 0
ARGLOG Carmack t 176.5 pos '1293.4 956.5 -256.0' spd 429.0 yaw 166.7 mode 1 st 13 gl 0 hp 100 frg 2
ARGLOG Romero t 176.9 pos '-147.9 2350.7 -136.0' spd 199.4 yaw 358 mode 2 st 22 gl 0 hp 100 frg -4
ARGLOG Joe Rogan t 177.0 pos '936.0 1006.0 -248.0' spd 358.1 yaw 359 mode 2 st 41 gl 0 hp 100 frg 0
ARGLOG Carmack t 177.0 pos '1183.4 1067.1 -256.0' spd 439.0 yaw   1.5 mode 1 st 13 gl 0 hp 100 frg 2
ARGEVT Joe Rogan hazard
ARGEVT Romero hazard
ARGLOG Romero t 177.4 pos '-144.0 2194.1 -136.0' spd 178.2 yaw 26 mode 2 st 22 gl 0 hp 100 frg -4
ARGLOG Joe Rogan t 177.6 pos '968.8 1101.6 -248.0' spd 329.4 yaw 344 mode 2 st 41 gl 0 hp 100 frg 0
ARGLOG Carmack t 177.6 pos '1322.5 992.3 -256.0' spd 440.6 yaw 198.0 mode 1 st 13 gl 0 hp 100 frg 2
ARGLOG Romero t 177.9 pos '-144.0 2129.0 -136.0' spd 111.3 yaw 35 mode 2 st 22 gl 0 hp 100 frg -4
ARGLOG Joe Rogan t 178.1 pos '1085.7 990.4 -248.0' spd 249.6 yaw 0 mode 2 st 41 gl 0 hp 100 frg 0
ARGLOG Carmack t 178.1 pos '1171.5 1029.0 -256.0' spd 439.7 yaw  32.3 mode 1 st 13 gl 0 hp 100 frg 2
ARGEVT Joe Rogan hazard
ARGLOG Romero t 178.4 pos '-144.0 2126.2 -136.0' spd 262.4 yaw 36 mode 2 st 22 gl 0 hp 100 frg -4
ARGLOG Joe Rogan t 178.6 pos '1088.0 1072.0 -248.0' spd 0 yaw 342 mode 2 st 41 gl 0 hp 100 frg 0
ARGEVT Romero hazard
ARGLOG Carmack t 178.6 pos '1329.0 1033.9 -256.0' spd 440.0 yaw 228.1 mode 1 st 13 gl 0 hp 100 frg 2
ARGLOG Romero t 179.0 pos '-150.2 2292.7 -136.0' spd 245.9 yaw 8 mode 2 st 22 gl 0 hp 100 frg -4
ARGEVT Romero abandon
ARGEVT Romero goal item_armor2
ARGLOG Joe Rogan t 179.1 pos '1088.0 1021.9 -248.0' spd 226.8 yaw 354 mode 2 st 41 gl 0 hp 100 frg 0
ARGLOG Carmack t 179.1 pos '1180.3 988.4 -256.0' spd 440.2 yaw  62.6 mode 1 st 13 gl 0 hp 100 frg 2
ARGEVT Romero route 29 start '-303.0 2337.0 -136.0' goal '1297.0 1057.0 -408.0'
ARGEVT Joe Rogan hazard
ARGLOG Romero t 179.5 pos '-169.9 2209.7 -136.0' spd 385.5 yaw 97 mode 2 st 22 gl 0 hp 100 frg -4
ARGLOG Joe Rogan t 179.6 pos '1084.4 1020.8 -248.0' spd 294.6 yaw 354 mode 2 st 41 gl 0 hp 100 frg 0
ARGLOG Carmack t 179.6 pos '1314.3 1072.1 -256.0' spd 440.0 yaw 258.2 mode 1 st 13 gl 0 hp 100 frg 2
ARGLOG Romero t 180.0 pos '-322.0 2279.0 -136.0' spd 396.6 yaw 66 mode 2 st 22 gl 0 hp 100 frg -4
ARGLOG Joe Rogan t 180.1 pos '1088.0 1061.2 -248.0' spd 172.3 yaw 345 mode 2 st 41 gl 0 hp 100 frg 0
ARGLOG Carmack t 180.1 pos '1209.9 956.0 -256.0' spd 440.4 yaw  93.7 mode 1 st 13 gl 0 hp 100 frg 2
ARGEVT Joe Rogan hazard
ARGLOG Romero t 180.5 pos '-266.2 2441.8 -136.0' spd 325.6 yaw 63 mode 2 st 22 gl 0 hp 100 frg -4
ARGLOG Joe Rogan t 180.6 pos '1088.0 997.6 -248.0' spd 187.4 yaw 359 mode 2 st 41 gl 0 hp 100 frg 0
ARGLOG Carmack t 180.6 pos '1283.0 1095.0 -256.0' spd 440.1 yaw 288.2 mode 1 st 13 gl 0 hp 100 frg 2
ARGEVT Romero jump
ARGEVT Joe Rogan stall
ARGEVT Joe Rogan stallnode '1169.0 993.0 -256.0'
ARGEVT Joe Rogan jump
ARGLOG Romero t 181.0 pos '-172.7 2580.3 -82.5' spd 328.1 yaw 66 mode 2 st 22 gl 0 hp 100 frg -4
ARGLOG Joe Rogan t 181.2 pos '1088.0 1072.0 -213.6' spd 0 yaw  39.9 mode 0 st 42 gl 0 hp 100 frg 0
ARGLOG Carmack t 181.2 pos '1251.5 941.1 -256.0' spd 440.4 yaw 123.8 mode 1 st 13 gl 0 hp 100 frg 2
ARGEVT Joe Rogan route 13 start '945.0 1057.0 -248.0' goal '817.0 2433.0 -344.0'
ARGLOG Romero t 181.5 pos '-132.8 2737.2 -72.0' spd 328.7 yaw 40 mode 2 st 22 gl 0 hp 100 frg -4
ARGLOG Joe Rogan t 181.7 pos '1073.6 1072.0 -248.0' spd 175.6 yaw 321 mode 2 st 42 gl 0 hp 100 frg 0
ARGLOG Carmack t 181.7 pos '1245.2 1097.5 -256.0' spd 440.2 yaw 318.6 mode 1 st 13 gl 0 hp 100 frg 2
ARGLOG Romero t 182.0 pos '-56.5 2885.2 -56.0' spd 320.4 yaw 19 mode 2 st 22 gl 0 hp 100 frg -4
ARGLOG Joe Rogan t 182.2 pos '908.4 1075.7 -248.0' spd 393.0 yaw 349 mode 2 st 42 gl 0 hp 100 frg 0
ARGLOG Carmack t 182.2 pos '1293.7 947.4 -256.0' spd 440.3 yaw 153.5 mode 1 st 13 gl 0 hp 100 frg 2
ARGEVT Joe Rogan hazard
ARGEVT Romero hazard
ARGLOG Romero t 182.6 pos ' 47.3 2974.0 -88.0' spd 324.3 yaw 354 mode 2 st 22 gl 0 hp 100 frg -4
ARGLOG Joe Rogan t 182.7 pos '931.8 1097.3 -248.0' spd 322.8 yaw 346 mode 2 st 42 gl 0 hp 100 frg 0
ARGLOG Carmack t 182.7 pos '1209.6 1079.6 -256.0' spd 440.4 yaw 349.0 mode 1 st 13 gl 0 hp 100 frg 2
ARGLOG Romero t 183.1 pos ' 34.9 2959.3 -88.0' spd 120.2 yaw 357 mode 2 st 22 gl 0 hp 100 frg -4
ARGEVT Romero stall
ARGEVT Romero stallnode '113.0 2945.0 -120.0'
ARGEVT Romero jump
ARGLOG Joe Rogan t 183.2 pos '1077.0 1031.4 -248.0' spd 330.2 yaw 352 mode 2 st 42 gl 0 hp 100 frg 0
ARGEVT Romero door
ARGLOG Carmack t 183.2 pos '1327.7 975.9 -256.0' spd 440.1 yaw 184.2 mode 1 st 13 gl 0 hp 100 frg 2
ARGEVT Joe Rogan hazard
ARGEVT Romero abandon
ARGEVT Romero plan powerup via weapon
ARGEVT Romero goal weapon_grenadelauncher
ARGEVT Romero abandon
ARGLOG Romero t 183.6 pos '144.5 2964.3 -52.8' spd 199.2 yaw  62.9 mode 0 st 23 gl 0 hp 100 frg -4
ARGLOG Joe Rogan t 183.7 pos '1088.0 1045.5 -248.0' spd 288.8 yaw 348 mode 2 st 42 gl 0 hp 100 frg 0
ARGLOG Carmack t 183.7 pos '1187.0 1044.6 -256.0' spd 438.7 yaw  21.7 mode 1 st 13 gl 0 hp 100 frg 2
ARGEVT Romero plan powerup via weapon
ARGEVT Romero goal weapon_supernailgun
ARGEVT Romero abandon
ARGEVT Romero plan powerup via weapon
ARGEVT Romero goal weapon_supershotgun
ARGEVT Romero route 4 start '209.0 2945.0 -152.0' goal '-335.0 2913.0 -56.0'
ARGLOG Romero t 184.1 pos '166.0 2976.0 -152.0' spd  67.6 yaw 190 mode 2 st 23 gl 0 hp 92 frg -4
ARGLOG Joe Rogan t 184.3 pos '1086.2 987.8 -248.0' spd 191.1 yaw 1 mode 2 st 42 gl 0 hp 100 frg 0
ARGLOG Carmack t 184.3 pos '1342.8 1019.4 -256.0' spd 440.0 yaw 216.9 mode 1 st 13 gl 0 hp 100 frg 2
ARGEVT Joe Rogan hazard
ARGEVT Romero jump
ARGLOG Romero t 184.6 pos '111.2 2963.9 -98.3' spd 163.2 yaw 199 mode 2 st 23 gl 0 hp 92 frg -4
ARGLOG Joe Rogan t 184.8 pos '1088.0 1063.3 -248.0' spd 169.4 yaw 344 mode 2 st 42 gl 0 hp 100 frg 0
ARGLOG Carmack t 184.8 pos '1187.8 1002.3 -256.0' spd 436.1 yaw  54.7 mode 1 st 13 gl 0 hp 100 frg 2
ARGEVT Romero hazard
ARGLOG Romero t 185.1 pos '-23.4 2960.5 -56.0' spd 347.4 yaw 189 mode 2 st 23 gl 0 hp 92 frg -4
ARGLOG Joe Rogan t 185.3 pos '1085.2 1030.5 -248.0' spd 259.1 yaw 352 mode 2 st 42 gl 0 hp 100 frg 0
ARGLOG Carmack t 185.3 pos '1332.7 1064.8 -256.0' spd 439.5 yaw 249.6 mode 1 st 13 gl 0 hp 100 frg 2
ARGEVT Joe Rogan hazard
ARGEVT Romero door
ARGEVT Romero door
ARGEVT Romero door
ARGEVT Romero door
ARGEVT Romero door
ARGLOG Romero t 185.6 pos '-178.6 2887.5 -56.0' spd 345.1 yaw 172 mode 2 st 23 gl 0 hp 92 frg -4
ARGEVT Romero door
ARGEVT Romero door
ARGLOG Joe Rogan t 185.8 pos '1088.0 1008.9 -248.0' spd 224.9 yaw 357 mode 2 st 42 gl 0 hp 100 frg 0
ARGEVT Romero door
ARGLOG Carmack t 185.8 pos '1210.6 967.7 -256.0' spd 439.5 yaw 85 mode 1 st 13 gl 0 hp 100 frg 2
ARGEVT Romero door
ARGEVT Romero door
ARGEVT Romero hazard
ARGEVT Romero door
ARGEVT Romero door
ARGEVT Romero door
ARGEVT Romero door
ARGLOG Romero t 186.2 pos '-267.6 2837.5 -56.0' spd  77.5 yaw 131 mode 2 st 23 gl 0 hp 92 frg -4
