LOG started on: 09/15/2026 23:31:17 
Playing registered version.
UDP Initialized
WIPX_OpenSocket: Address family not supported by protocol family
WIPX_Init: Unable to open control socket, IPX disabled
Exe: 20:02:47 Jul 31 2024
256.0 megabyte heap

Language initialization
Couldn't load 'localization/loc_english.txt'
from 'C:/argus/engine'

========= Quake Initialized =========

execing autoexec.cfg
SpawnServer: dm2
Clearing memory
Programs occupy 690K.
trying to open external vis file
maps/dm2.vis not found, trying argus_bis.vis
external vis not found
ARGUS slots 8
ARGUS worldspawn reached
ARGNAV 216 nodes, 1075 links
0 entities inhibited
ARGUS init on dm2
ARGEVT Carmack spawned
ARGEVT Romero spawned
ARGEVT Joe Rogan spawned
Server spawned.
ARGLOG Joe Rogan t   1.2 pos '2624.0 -488.0  32.0' spd 0 yaw 177.6 mode 0 st 0 gl 0 hp 100 frg 0
ARGLOG Romero t   1.2 pos '2704.0 -2048.0 128.0' spd 0 yaw 317.5 mode 0 st 0 gl 0 hp 100 frg 0
ARGLOG Carmack t   1.2 pos '2560.0 -192.0  32.0' spd 0 yaw 209.6 mode 0 st 0 gl 0 hp 100 frg 0
ARGEVT Romero hazard
ARGEVT Joe Rogan engage Carmack
ARGEVT Carmack engage Joe Rogan
ARGLOG Joe Rogan t   1.8 pos '2496.6 -386.6   8.0' spd 360.4 yaw 132.3 mode 0 st 0 gl 0 hp 100 frg 0
ARGLOG Romero t   1.8 pos '2775.6 -1978.7 120.0' spd 321.9 yaw 334.8 mode 0 st 0 gl 0 hp 100 frg 0
ARGLOG Carmack t   1.8 pos '2429.5 -229.0  24.0' spd 167.9 yaw 293.5 mode 0 st 0 gl 0 hp 100 frg 0
ARGEVT Joe Rogan hazard
ARGEVT Joe Rogan pursue
ARGEVT Carmack pursue
ARGEVT Carmack hazard
ARGLOG Joe Rogan t   2.3 pos '2600.4 -307.4  24.0' spd  20.8 yaw 148.2 mode 0 st 0 gl 0 hp 100 frg 0
ARGLOG Romero t   2.3 pos '2859.3 -1991.2 120.0' spd 108.7 yaw 288.1 mode 0 st 0 gl 0 hp 100 frg 0
ARGLOG Carmack t   2.3 pos '2565.8 -168.7  32.0' spd 150.3 yaw 274.2 mode 0 st 0 gl 0 hp 100 frg 0
ARGUS Joe Rogan hunch item_armorInv
ARGEVT Joe Rogan pursue
ARGUS Carmack hunch item_armorInv
ARGEVT Carmack pursue
ARGLOG Joe Rogan t   2.8 pos '2528.1 -384.0  24.0' spd 297.1 yaw 209.1 mode 0 st 0 gl 0 hp 100 frg 0
ARGLOG Romero t   2.8 pos '2824.2 -2027.0 120.0' spd 327.2 yaw 124.6 mode 0 st 0 gl 0 hp 100 frg 0
ARGLOG Carmack t   2.8 pos '2527.1 -181.5  32.0' spd 321.7 yaw 124.4 mode 0 st 0 gl 0 hp 100 frg 0
ARGEVT Romero hazard
ARGLOG Joe Rogan t   3.3 pos '2365.3 -346.4   8.0' spd 370.8 yaw  99.5 mode 0 st 0 gl 0 hp 100 frg 0
ARGLOG Romero t   3.3 pos '2842.8 -1987.0 120.0' spd  28.5 yaw 170.0 mode 0 st 0 gl 0 hp 100 frg 0
ARGLOG Carmack t   3.3 pos '2523.1 -178.0  32.0' spd 331.5 yaw 215.5 mode 0 st 0 gl 0 hp 100 frg 0
ARGEVT Carmack pursue
ARGEVT Joe Rogan pursue
ARGLOG Joe Rogan t   3.8 pos '2458.3 -406.2   8.0' spd 325.7 yaw  76.8 mode 0 st 0 gl 0 hp 100 frg 0
ARGLOG Romero t   3.8 pos '2687.4 -1968.0 120.0' spd 321.0 yaw 299.5 mode 0 st 0 gl 0 hp 100 frg 0
ARGLOG Carmack t   3.8 pos '2498.4 -212.8  24.0' spd 349.8 yaw 224.1 mode 0 st 0 gl 0 hp 100 frg 0
ARGEVT Joe Rogan goal item_armorInv
ARGEVT Romero goal item_armorInv
ARGEVT Carmack goal weapon_rocketlauncher
ARGEVT Joe Rogan route 3 start '2473.0 -319.0   8.0' goal '2393.0 -655.0  56.0'
ARGEVT Joe Rogan hazard
ARGLOG Joe Rogan t   4.3 pos '2500.0 -317.3   8.0' spd 349.8 yaw 151 mode 2 st 0 gl 0 hp 100 frg 0
ARGLOG Romero t   4.3 pos '2688.6 -2132.5 120.0' spd 351.4 yaw 239 mode 0 st 0 gl 0 hp 100 frg 0
ARGLOG Carmack t   4.3 pos '2359.7 -240.0  24.0' spd 208.8 yaw 274 mode 0 st 0 gl 0 hp 100 frg 0
ARGEVT Romero route 7 start '2713.0 -2111.0 120.0' goal '2473.0 -1999.0 120.0'
ARGEVT Carmack hazard
ARGEVT Carmack route 9 start '2361.0 -175.0  24.0' goal '1465.0 -687.0 184.0'
ARGLOG Joe Rogan t   4.8 pos '2420.0 -359.9   8.0' spd 233.5 yaw 108.9 mode 2 st 0 gl 0 hp 100 frg 0
ARGLOG Romero t   4.8 pos '2681.2 -2294.7 120.0' spd 326.0 yaw 172 mode 2 st 0 gl 0 hp 100 frg 0
ARGLOG Carmack t   4.8 pos '2303.7 -198.9  24.0' spd 298.3 yaw 310.9 mode 2 st 0 gl 0 hp 100 frg 0
ARGEVT Romero hazard
ARGEVT Joe Rogan pursue
ARGEVT Carmack pursue
ARGLOG Joe Rogan t   5.3 pos '2410.4 -307.8   8.0' spd 317.0 yaw 179.9 mode 2 st 0 gl 0 hp 100 frg 0
ARGLOG Romero t   5.3 pos '2637.2 -2307.5 120.0' spd 326.6 yaw 169 mode 2 st 0 gl 0 hp 100 frg 0
ARGLOG Carmack t   5.3 pos '2167.1 -305.9  24.0' spd 420.5 yaw 279.2 mode 2 st 0 gl 0 hp 84 frg 0
ARGEVT Carmack hazard
ARGEVT Carmack route 10 start '2169.0 -351.0  24.0' goal '1465.0 -687.0 184.0'
ARGLOG Joe Rogan t   5.9 pos '2325.8 -464.8   8.0' spd 325.7 yaw 130.0 mode 2 st 0 gl 0 hp 100 frg 0
ARGLOG Romero t   5.9 pos '2461.3 -2289.6 120.0' spd 366.0 yaw 164 mode 2 st 0 gl 0 hp 100 frg 0
ARGLOG Carmack t   5.9 pos '2174.3 -299.2  24.0' spd 418.8 yaw 306.5 mode 2 st 0 gl 0 hp 60 frg 0
ARGEVT Romero hazard
ARGEVT Romero jump
ARGLOG Joe Rogan t   6.4 pos '2174.1 -524.6   8.0' spd 356.5 yaw  77.3 mode 0 st 0 gl 0 hp 100 frg 0
ARGLOG Romero t   6.4 pos '2340.6 -2331.3 152.8' spd 333.2 yaw 140 mode 2 st 0 gl 0 hp 100 frg 0
ARGLOG Carmack t   6.4 pos '2326.5 -226.7  24.0' spd 355.9 yaw 229.1 mode 2 st 0 gl 0 hp 60 frg 0
ARGEVT Joe Rogan route 4 start '2153.0 -479.0   8.0' goal '2393.0 -655.0  56.0'
ARGEVT Joe Rogan pursue
ARGEVT Carmack pursue
ARGLOG Joe Rogan t   6.9 pos '2195.9 -449.5   8.0' spd 333.4 yaw 72 mode 0 st 0 gl 0 hp 91 frg 0
ARGLOG Romero t   6.9 pos '2288.0 -2341.5  96.4' spd  30.0 yaw 129 mode 2 st 0 gl 0 hp 100 frg 0
ARGLOG Carmack t   6.9 pos '2405.1 -240.0  24.0' spd 191.7 yaw 235 mode 2 st 0 gl 0 hp 60 frg 0
ARGEVT Romero swim
ARGEVT Joe Rogan route 5 start '2169.0 -351.0  24.0' goal '2393.0 -655.0  56.0'
ARGEVT Romero swim
ARGEVT Carmack pursue
ARGEVT Romero swim
ARGEVT Joe Rogan hazard
ARGLOG Joe Rogan t   7.4 pos '2254.9 -305.3  24.0' spd  98.9 yaw  83.3 mode 2 st 0 gl 0 hp 91 frg 0
ARGLOG Romero t   7.4 pos '2288.0 -2305.7  49.1' spd 105.3 yaw 135 mode 2 st 0 gl 0 hp 50 frg 0
ARGLOG Carmack t   7.4 pos '2253.5 -223.7  24.0' spd 381.5 yaw 220.9 mode 2 st 0 gl 0 hp 36 frg 0
ARGEVT Romero swim
ARGEVT Romero swim
ARGEVT Romero swim
ARGEVT Romero swim
ARGLOG Joe Rogan t   7.9 pos '2148.9 -331.2  24.0' spd 346.8 yaw  55.4 mode 2 st 0 gl 0 hp 82 frg 0
ARGLOG Romero t   7.9 pos '2288.0 -2246.5  48.3' spd 122.6 yaw 120 mode 2 st 0 gl 0 hp 10 frg 0
ARGLOG Carmack t   7.9 pos '2343.8 -168.7  24.0' spd 380.0 yaw 217.7 mode 2 st 0 gl 0 hp 36 frg 0
ARGEVT Romero swim
ARGEVT Romero swim
ARGEVT Romero death world pos '2288.0 -2224.8  49.2'
ARGEVT Joe Rogan grab item_health
ARGEVT Carmack grab item_health
ARGLOG Joe Rogan t   8.4 pos '2130.5 -170.0  24.0' spd 379.6 yaw 355.6 mode 0 st 0 gl 0 hp 82 frg 0
ARGLOG Carmack t   8.4 pos '2424.7 -238.6  24.0' spd 138.9 yaw 151.7 mode 2 st 0 gl 0 hp 36 frg 0
ARGEVT Joe Rogan route 6 start '2169.0 -95.0  24.0' goal '2393.0 -655.0  56.0'
ARGEVT Carmack route 10 start '2521.0 -191.0  32.0' goal '1465.0 -687.0 184.0'
ARGLOG Joe Rogan t   8.9 pos '2021.3 -36.1  24.0' spd 334.8 yaw 349.5 mode 2 st 0 gl 0 hp 73 frg 0
ARGLOG Carmack t   8.9 pos '2555.9 -204.1  32.0' spd  49.9 yaw 156.7 mode 2 st 0 gl 0 hp 36 frg 0
ARGEVT Carmack weapon sg
ARGEVT Carmack retreat
ARGLOG Joe Rogan t   9.4 pos '2066.6 -82.7  24.0' spd 346.9 yaw 348.9 mode 2 st 0 gl 0 hp 98 frg 0
ARGLOG Carmack t   9.4 pos '2548.6 -208.6  32.0' spd 132.9 yaw 161.3 mode 2 st 0 gl 0 hp 32 frg 0
ARGEVT Carmack hazard
ARGEVT Romero respawn
ARGEVT Romero goal item_armorInv
ARGLOG Romero t   9.6 pos '2704.0 -2048.0 128.0' spd 0 yaw 265.5 mode 0 st 0 gl 0 hp 100 frg -1
ARGEVT Romero route 7 start '2713.0 -2111.0 120.0' goal '2473.0 -1999.0 120.0'
ARGLOG Joe Rogan t   9.9 pos '2075.0 -223.3  24.0' spd  52.2 yaw   5.7 mode 2 st 0 gl 0 hp 74 frg 0
ARGLOG Carmack t   9.9 pos '2565.9 -210.4  32.0' spd 125.0 yaw 185.5 mode 2 st 0 gl 0 hp 28 frg 0
ARGLOG Romero t  10.1 pos '2708.8 -2194.2 120.0' spd 320.0 yaw 191 mode 2 st 0 gl 0 hp 100 frg -1
ARGLOG Joe Rogan t  10.4 pos '2096.7 -72.8  24.0' spd 329.3 yaw 340.5 mode 2 st 0 gl 0 hp 66 frg 0
ARGLOG Carmack t  10.4 pos '2568.1 -213.0  32.0' spd  19.2 yaw 166.3 mode 2 st 0 gl 0 hp 24 frg 0
ARGEVT Romero hazard
ARGLOG Romero t  10.6 pos '2682.3 -2341.4 120.0' spd  16.9 yaw 165 mode 2 st 0 gl 0 hp 100 frg -1
ARGLOG Joe Rogan t  10.9 pos '2164.8  78.7  24.0' spd 323.5 yaw 327.6 mode 2 st 0 gl 0 hp 66 frg 0
ARGLOG Carmack t  10.9 pos '2552.4 -169.2  32.0' spd 276.0 yaw 154.9 mode 2 st 0 gl 0 hp 24 frg 0
ARGEVT Joe Rogan hazard
ARGLOG Romero t  11.1 pos '2583.4 -2297.6 120.0' spd 340.4 yaw 169 mode 2 st 0 gl 0 hp 100 frg -1
ARGEVT Carmack grab item_health
ARGEVT Carmack pursue
ARGEVT Joe Rogan pursue
ARGLOG Joe Rogan t  11.4 pos '2124.7  16.6  24.0' spd 333.7 yaw 322.8 mode 2 st 0 gl 0 hp 54 frg 0
ARGLOG Carmack t  11.4 pos '2505.5 -173.5  24.0' spd 346.2 yaw 148.7 mode 2 st 0 gl 0 hp 24 frg 0
ARGEVT Romero hazard
ARGLOG Romero t  11.6 pos '2416.4 -2249.8 120.0' spd 338.1 yaw 164 mode 2 st 0 gl 0 hp 100 frg -1
ARGLOG Joe Rogan t  12.0 pos '2075.1 -142.1  24.0' spd 329.6 yaw   2.3 mode 2 st 0 gl 0 hp 50 frg 0
ARGLOG Carmack t  12.0 pos '2545.1 -165.2  32.0' spd 180.0 yaw 172.7 mode 2 st 0 gl 0 hp 24 frg 0
ARGLOG Romero t  12.1 pos '2387.0 -2309.4 120.0' spd 138.0 yaw 150 mode 2 st 0 gl 0 hp 100 frg -1
ARGEVT Romero jump
ARGLOG Joe Rogan t  12.5 pos '2070.0 -166.6  24.0' spd 332.7 yaw   3.7 mode 2 st 0 gl 0 hp 30 frg 0
ARGLOG Carmack t  12.5 pos '2547.1 -175.0  32.0' spd 106.4 yaw 181.0 mode 2 st 0 gl 0 hp 24 frg 0
ARGLOG Romero t  12.6 pos '2317.9 -2198.4 157.7' spd 271.8 yaw 171 mode 2 st 0 gl 0 hp 100 frg -1
ARGEVT Carmack grab item_health
ARGLOG Joe Rogan t  13.0 pos '2073.8 -118.4  24.0' spd 320.1 yaw 348.4 mode 2 st 0 gl 0 hp 30 frg 0
ARGEVT Romero hazard
ARGLOG Carmack t  13.0 pos '2549.6 -214.3  32.0' spd 176.1 yaw 167.7 mode 2 st 0 gl 0 hp 8 frg 0
ARGLOG Romero t  13.2 pos '2280.0 -2213.8  88.0' spd 128.0 yaw 122 mode 2 st 0 gl 0 hp 100 frg -1
ARGEVT Carmack death Joe Rogan pos '2546.8 -207.4  32.0'
ARGUS Joe Rogan watch spawn
ARGLOG Joe Rogan t  13.5 pos '2082.8 -196.5  24.0' spd 320.4 yaw  71.0 mode 2 st 0 gl 0 hp 26 frg 1
ARGEVT Joe Rogan plan powerup via weapon
ARGEVT Joe Rogan goal weapon_rocketlauncher
ARGEVT Joe Rogan route 10 start '2041.0 -159.0  24.0' goal '1465.0 -687.0 184.0'
ARGLOG Romero t  13.7 pos '2280.0 -2180.0  88.0' spd 119.9 yaw 127 mode 2 st 0 gl 0 hp 100 frg -1
ARGLOG Joe Rogan t  14.0 pos '2219.5 -92.4  24.0' spd 347.3 yaw 341 mode 2 st 0 gl 0 hp 26 frg 1
ARGEVT Joe Rogan hazard
ARGLOG Romero t  14.2 pos '2280.0 -2173.7  88.0' spd   0.8 yaw 128 mode 2 st 0 gl 0 hp 100 frg -1
ARGEVT Romero stall
ARGEVT Romero stallnode '2153.0 -2175.0  88.0'
ARGEVT Romero jump
ARGLOG Joe Rogan t  14.5 pos '2281.3 -142.9  24.0' spd 325.0 yaw 276.0 mode 2 st 0 gl 0 hp 26 frg 1
ARGEVT Romero route 4 start '2281.0 -2239.0  88.0' goal '2473.0 -1999.0 120.0'
ARGLOG Romero t  14.7 pos '2280.0 -2174.6  88.0' spd  99.8 yaw 181 mode 2 st 1 gl 0 hp 100 frg -1
ARGEVT Romero hazard
ARGEVT Carmack respawn
ARGEVT Carmack goal item_armorInv
ARGLOG Carmack t  15.0 pos '2624.0 -488.0  32.0' spd 0 yaw 175.5 mode 0 st 0 gl 0 hp 100 frg 0
ARGEVT Joe Rogan route 9 start '2361.0 -175.0  24.0' goal '1465.0 -687.0 184.0'
ARGLOG Joe Rogan t  15.0 pos '2393.0 -173.5  24.0' spd 339.5 yaw 348 mode 2 st 0 gl 0 hp 26 frg 1
ARGEVT Carmack route 2 start '2553.0 -495.0  24.0' goal '2393.0 -655.0  56.0'
ARGLOG Romero t  15.2 pos '2280.0 -2193.1  88.0' spd  34.2 yaw 125 mode 2 st 1 gl 0 hp 100 frg -1
ARGEVT Carmack jump
ARGEVT Joe Rogan hazard
ARGLOG Carmack t  15.5 pos '2491.2 -448.0  43.6' spd 290.2 yaw 123.8 mode 2 st 0 gl 0 hp 100 frg 0
ARGLOG Joe Rogan t  15.5 pos '2560.9 -161.9  32.0' spd 352.5 yaw  70.8 mode 0 st 0 gl 0 hp 26 frg 1
ARGEVT Joe Rogan route 10 start '2521.0 -191.0  32.0' goal '1465.0 -687.0 184.0'
ARGLOG Romero t  15.7 pos '2280.0 -2212.7  88.0' spd 128.0 yaw 122 mode 2 st 1 gl 0 hp 100 frg -1
ARGEVT Joe Rogan engage Carmack
ARGEVT Joe Rogan grab item_health
ARGEVT Joe Rogan retreat
ARGEVT Romero stall
ARGEVT Romero stallnode '2153.0 -2175.0  88.0'
ARGEVT Romero jump
ARGEVT Carmack engage Joe Rogan
ARGLOG Carmack t  16.0 pos '2451.4 -353.4   8.0' spd 346.9 yaw  79.1 mode 2 st 0 gl 0 hp 100 frg 0
ARGEVT Romero route 4 start '2281.0 -2239.0  88.0' goal '2473.0 -1999.0 120.0'
ARGLOG Joe Rogan t  16.0 pos '2388.1 -144.0  24.0' spd 427.8 yaw 274.3 mode 2 st 0 gl 0 hp 26 frg 1
ARGEVT Romero hazard
ARGEVT Carmack hazard
ARGLOG Romero t  16.2 pos '2280.0 -2165.9  88.0' spd  92.8 yaw 185 mode 2 st 2 gl 0 hp 100 frg -1
ARGLOG Carmack t  16.5 pos '2444.3 -356.2   8.0' spd 320.5 yaw 132.3 mode 2 st 0 gl 0 hp 100 frg 0
ARGLOG Joe Rogan t  16.5 pos '2217.8 -118.7  24.0' spd 383.2 yaw 312.5 mode 2 st 0 gl 0 hp 14 frg 1
ARGLOG Romero t  16.7 pos '2280.0 -2190.8  88.0' spd  71.6 yaw 172 mode 2 st 2 gl 0 hp 100 frg -1
ARGEVT Joe Rogan death Carmack pos '2096.7 -25.3  24.0'
ARGUS Carmack watch spawn
ARGLOG Carmack t  17.0 pos '2306.1 -438.4   8.0' spd 322.1 yaw 118.0 mode 2 st 0 gl 0 hp 100 frg 1
ARGEVT Carmack goal weapon_rocketlauncher
ARGEVT Carmack route 10 start '2297.0 -495.0   8.0' goal '1465.0 -687.0 184.0'
ARGLOG Romero t  17.2 pos '2280.0 -2220.7  88.0' spd  86.8 yaw 121 mode 2 st 2 gl 0 hp 100 frg -1
ARGEVT Carmack route 10 start '2169.0 -351.0  24.0' goal '1465.0 -687.0 184.0'
ARGLOG Carmack t  17.5 pos '2145.5 -377.7   8.0' spd 357.6 yaw 95 mode 2 st 0 gl 0 hp 100 frg 1
ARGEVT Romero hazard
ARGLOG Romero t  17.7 pos '2280.0 -2178.8  88.0' spd   6.8 yaw 127 mode 2 st 2 gl 0 hp 100 frg -1
ARGLOG Carmack t  18.0 pos '2127.6 -213.8  24.0' spd 320.2 yaw 94 mode 2 st 0 gl 0 hp 100 frg 1
ARGLOG Romero t  18.2 pos '2280.0 -2178.0  88.0' spd   1.6 yaw 127 mode 2 st 2 gl 0 hp 100 frg -1
ARGEVT Joe Rogan respawn
ARGEVT Joe Rogan goal weapon_rocketlauncher
ARGLOG Joe Rogan t  18.5 pos '2576.0 -1328.0  24.0' spd 0 yaw 265.2 mode 0 st 0 gl 0 hp 100 frg 1
ARGLOG Carmack t  18.5 pos '2132.0 -47.7  24.0' spd 393.3 yaw 3 mode 2 st 0 gl 0 hp 100 frg 1
ARGEVT Joe Rogan route 2 start '2585.0 -1375.0  24.0' goal '2473.0 -1711.0  24.0'
ARGEVT Romero stall
ARGEVT Romero stallnode '2153.0 -2175.0  88.0'
ARGEVT Romero jump
ARGEVT Romero route 4 start '2281.0 -2239.0  88.0' goal '2473.0 -1999.0 120.0'
ARGLOG Romero t  18.7 pos '2280.0 -2177.2  94.9' spd   6.7 yaw 179 mode 2 st 3 gl 0 hp 100 frg -1
ARGEVT Romero hazard
ARGLOG Joe Rogan t  19.0 pos '2521.4 -1465.2  24.0' spd 322.1 yaw 259 mode 2 st 0 gl 0 hp 100 frg 1
ARGLOG Carmack t  19.0 pos '2293.9 -31.5  40.0' spd 451.1 yaw 250.8 mode 2 st 0 gl 0 hp 100 frg 1
ARGEVT Carmack hazard
ARGEVT Carmack jump
ARGLOG Romero t  19.2 pos '2280.0 -2197.1  88.0' spd  48.8 yaw 124 mode 2 st 3 gl 0 hp 100 frg -1
ARGLOG Joe Rogan t  19.5 pos '2488.7 -1625.1  24.0' spd 320.4 yaw 265 mode 1 st 0 gl 0 hp 100 frg 1
ARGLOG Carmack t  19.5 pos '2291.4 -20.3  80.3' spd  88.9 yaw 187 mode 2 st 0 gl 0 hp 100 frg 1
ARGEVT Joe Rogan goal item_artifact_super_damage
ARGLOG Romero t  19.7 pos '2280.0 -2194.6  88.0' spd 119.9 yaw 125 mode 2 st 3 gl 0 hp 100 frg -1
ARGEVT Joe Rogan route 14 start '2473.0 -1711.0  24.0' goal '1913.0 -719.0 184.0'
ARGLOG Joe Rogan t  20.0 pos '2577.9 -1768.4  24.0' spd 463.0 yaw 104 mode 2 st 0 gl 1 hp 100 frg 1
ARGEVT Joe Rogan hazard
ARGLOG Carmack t  20.0 pos '2211.7 -12.9  24.0' spd 363.5 yaw 356 mode 2 st 0 gl 0 hp 100 frg 1
ARGLOG Romero t  20.2 pos '2280.0 -2168.4  88.0' spd   2.3 yaw 129 mode 2 st 3 gl 0 hp 100 frg -1
ARGLOG Joe Rogan t  20.5 pos '2535.7 -1612.0  24.0' spd 348.4 yaw 104 mode 2 st 0 gl 1 hp 100 frg 1
ARGLOG Carmack t  20.5 pos '2216.6 -185.6  24.0' spd 486.8 yaw 17 mode 2 st 0 gl 0 hp 100 frg 1
ARGLOG Romero t  20.7 pos '2280.0 -2169.6  88.0' spd   2.5 yaw 129 mode 2 st 3 gl 0 hp 100 frg -1
ARGEVT Romero stall
ARGEVT Romero stallnode '2153.0 -2175.0  88.0'
ARGEVT Romero jump
ARGEVT Romero route 4 start '2281.0 -2239.0  88.0' goal '2473.0 -1999.0 120.0'
ARGEVT Romero hazard
ARGLOG Joe Rogan t  21.0 pos '2401.7 -1501.9  24.0' spd 400.3 yaw 83 mode 2 st 0 gl 1 hp 100 frg 1
ARGLOG Carmack t  21.0 pos '2394.9 -144.0  24.0' spd 273.2 yaw 20 mode 2 st 0 gl 0 hp 100 frg 1
ARGLOG Romero t  21.3 pos '2280.0 -2192.9  88.0' spd  33.4 yaw 125 mode 2 st 4 gl 0 hp 100 frg -1
ARGEVT Carmack hazard
ARGLOG Joe Rogan t  21.5 pos '2426.5 -1328.9  24.0' spd 326.6 yaw 79 mode 2 st 0 gl 1 hp 100 frg 1
ARGLOG Carmack t  21.5 pos '2475.3 -144.0  24.0' spd   5.8 yaw 29 mode 2 st 0 gl 0 hp 100 frg 1
ARGLOG Romero t  21.8 pos '2280.0 -2215.6  88.0' spd 128.1 yaw 122 mode 2 st 4 gl 0 hp 100 frg -1
ARGLOG Joe Rogan t  22.1 pos '2474.7 -1190.1  24.0' spd 324.1 yaw 84 mode 2 st 0 gl 1 hp 100 frg 1
ARGLOG Carmack t  22.1 pos '2472.7 -144.0  24.0' spd   5.0 yaw 28 mode 2 st 0 gl 0 hp 100 frg 1
ARGEVT Romero hazard
ARGLOG Romero t  22.3 pos '2280.0 -2175.9  88.0' spd   0.8 yaw 128 mode 2 st 4 gl 0 hp 100 frg -1
ARGEVT Joe Rogan lift
ARGEVT Joe Rogan board
ARGLOG Joe Rogan t  22.6 pos '2467.5 -1026.2  32.0' spd 331.0 yaw 112 mode 2 st 0 gl 1 hp 100 frg 1
ARGLOG Carmack t  22.6 pos '2470.6 -144.0  24.0' spd   4.2 yaw 28 mode 2 st 0 gl 0 hp 100 frg 1
ARGEVT Carmack stall
ARGEVT Carmack stallnode '2457.0   1.0 120.0'
ARGEVT Carmack jump
ARGLOG Romero t  22.8 pos '2280.0 -2175.4  88.0' spd   0.8 yaw 128 mode 2 st 4 gl 0 hp 100 frg -1
ARGEVT Carmack route 10 start '2473.0 -191.0  24.0' goal '1465.0 -687.0 184.0'
ARGEVT Romero stall
ARGEVT Romero stallnode '2153.0 -2175.0  88.0'
ARGEVT Romero jump
ARGEVT Romero route 4 start '2281.0 -2239.0  88.0' goal '2473.0 -1999.0 120.0'
ARGLOG Joe Rogan t  23.1 pos '2489.6 -945.8 105.7' spd 320.0 yaw 134 mode 2 st 0 gl 1 hp 100 frg 1
ARGLOG Carmack t  23.1 pos '2451.4 -144.0  60.8' spd  45.9 yaw 117 mode 2 st 1 gl 0 hp 100 frg 1
ARGEVT Romero hazard
ARGEVT Joe Rogan door
ARGLOG Romero t  23.3 pos '2280.0 -2175.7  88.0' spd  63.9 yaw 179 mode 2 st 5 gl 0 hp 100 frg -1
ARGLOG Joe Rogan t  23.6 pos '2504.4 -892.0 120.0' spd  67.9 yaw 234.9 mode 2 st 0 gl 1 hp 100 frg 1
ARGLOG Carmack t  23.6 pos '2353.4 -144.0  24.0' spd 414.7 yaw 70 mode 2 st 1 gl 0 hp 100 frg 1
ARGEVT Romero stall
ARGEVT Romero stallnode '2281.0 -2239.0  88.0'
ARGEVT Romero jump
ARGLOG Romero t  23.8 pos '2280.0 -2180.2  88.0' spd  44.4 yaw 188.3 mode 0 st 6 gl 0 hp 100 frg -1
ARGLOG Joe Rogan t  24.1 pos '2504.4 -892.0 120.0' spd 0 yaw 269 mode 2 st 0 gl 1 hp 100 frg 1
ARGLOG Carmack t  24.1 pos '2219.3 -39.2  24.0' spd 394.8 yaw 2 mode 2 st 1 gl 0 hp 100 frg 1
ARGEVT Carmack hazard
ARGLOG Romero t  24.3 pos '2280.0 -2210.8  88.0' spd  75.2 yaw 188.3 mode 0 st 6 gl 0 hp 100 frg -1
ARGLOG Joe Rogan t  24.6 pos '2504.4 -892.0 120.0' spd 0 yaw 269 mode 2 st 0 gl 1 hp 100 frg 1
ARGLOG Carmack t  24.6 pos '2292.4  -3.0  40.0' spd 320.1 yaw 1 mode 2 st 1 gl 0 hp 100 frg 1
ARGEVT Carmack jump
ARGLOG Romero t  24.8 pos '2280.0 -2257.1  88.0' spd 105.2 yaw 188.3 mode 0 st 6 gl 0 hp 100 frg -1
ARGEVT Joe Rogan door
ARGEVT Joe Rogan door
ARGLOG Joe Rogan t  25.1 pos '2492.6 -923.8 119.5' spd 320.3 yaw 117 mode 2 st 0 gl 1 hp 100 frg 1
ARGLOG Carmack t  25.1 pos '2334.6 -46.5  80.7' spd 106.5 yaw 0 mode 2 st 1 gl 0 hp 100 frg 1
ARGEVT Romero goal item_health
ARGEVT Romero route 4 start '2281.0 -2239.0  88.0' goal '2377.0 -1999.0 120.0'
ARGEVT Romero hazard
ARGLOG Romero t  25.3 pos '2280.0 -2292.3  88.0' spd  39.0 yaw 137 mode 2 st 6 gl 0 hp 100 frg -1
ARGEVT Joe Rogan hazard
ARGEVT Carmack jump
ARGLOG Joe Rogan t  25.6 pos '2448.0 -912.0 118.3' spd 0 yaw 108 mode 2 st 0 gl 1 hp 100 frg 1
ARGLOG Carmack t  25.6 pos '2416.0 -31.3 113.3' spd 139.2 yaw 357 mode 2 st 1 gl 0 hp 100 frg 1
ARGEVT Romero stall
ARGEVT Romero stallnode '2281.0 -2239.0  88.0'
ARGEVT Romero jump
ARGLOG Romero t  25.8 pos '2280.0 -2287.3  95.0' spd  32.0 yaw 115.8 mode 0 st 7 gl 0 hp 100 frg -1
ARGUS routecache adopt
ARGEVT Romero route 4 start '2281.0 -2239.0  88.0' goal '2377.0 -1999.0 120.0'
ARGLOG Joe Rogan t  26.1 pos '2448.0 -912.0 120.0' spd 0 yaw 108 mode 2 st 0 gl 1 hp 100 frg 1
ARGLOG Carmack t  26.1 pos '2440.3  15.4 104.0' spd 146.6 yaw 353 mode 2 st 1 gl 0 hp 100 frg 1
ARGLOG Romero t  26.3 pos '2280.0 -2255.7  88.0' spd  69.9 yaw 117 mode 2 st 7 gl 0 hp 100 frg -1
ARGEVT Joe Rogan hazard
ARGEVT Romero hazard
ARGLOG Joe Rogan t  26.6 pos '2448.0 -912.0 120.0' spd 0 yaw 108 mode 2 st 0 gl 1 hp 100 frg 1
ARGLOG Carmack t  26.6 pos '2592.5 -25.7 120.0' spd 320.3 yaw 357 mode 2 st 1 gl 0 hp 100 frg 1
ARGLOG Romero t  26.8 pos '2280.0 -2215.5  88.0' spd  87.6 yaw 122 mode 2 st 7 gl 0 hp 100 frg -1
ARGEVT Joe Rogan stall
ARGEVT Joe Rogan stallnode '2393.0 -847.0 120.0'
ARGEVT Joe Rogan jump
ARGEVT Joe Rogan route 10 start '2505.0 -895.0 120.0' goal '1913.0 -719.0 184.0'
ARGLOG Joe Rogan t  27.1 pos '2448.1 -903.5 162.2' spd  37.6 yaw 134 mode 2 st 1 gl 1 hp 100 frg 1
ARGLOG Carmack t  27.1 pos '2640.0 -40.7 120.0' spd   0.8 yaw 215 mode 2 st 1 gl 0 hp 100 frg 1
ARGLOG Romero t  27.3 pos '2280.0 -2170.9  88.0' spd   1.7 yaw 129 mode 2 st 7 gl 0 hp 100 frg -1
ARGEVT Carmack stall
ARGEVT Carmack stallnode '2905.0 -47.0 -72.0'
ARGEVT Carmack jump
ARGLOG Joe Rogan t  27.6 pos '2478.5 -879.2 120.0' spd 302.1 yaw 119 mode 2 st 1 gl 1 hp 100 frg 1
ARGLOG Carmack t  27.6 pos '2640.0 -41.9 137.2' spd  24.6 yaw 336.0 mode 0 st 2 gl 0 hp 100 frg 1
ARGEVT Carmack route 6 start '2585.0 -15.0 120.0' goal '1465.0 -687.0 184.0'
ARGEVT Romero stall
ARGEVT Romero stallnode '2153.0 -2175.0  88.0'
ARGLOG Romero t  27.8 pos '2280.0 -2171.8  88.0' spd   1.6 yaw 333.7 mode 0 st 8 gl 0 hp 100 frg -1
ARGEVT Romero jump
ARGEVT Carmack engage Joe Rogan
ARGEVT Joe Rogan engage Carmack
ARGEVT Romero route 4 start '2281.0 -2239.0  88.0' goal '2377.0 -1999.0 120.0'
ARGEVT Romero hazard
ARGLOG Joe Rogan t  28.1 pos '2578.4 -741.9 120.0' spd 323.8 yaw  77.5 mode 2 st 1 gl 1 hp 100 frg 1
ARGLOG Carmack t  28.1 pos '2640.0 -64.6 139.7' spd  45.8 yaw 260.3 mode 2 st 2 gl 0 hp 100 frg 1
ARGLOG Romero t  28.3 pos '2280.0 -2170.3  88.0' spd  10.1 yaw 183 mode 2 st 8 gl 0 hp 100 frg -1
ARGLOG Joe Rogan t  28.6 pos '2604.7 -602.5 120.0' spd 305.6 yaw 116.3 mode 2 st 1 gl 1 hp 100 frg 1
ARGLOG Carmack t  28.6 pos '2573.6 -164.8 120.0' spd 351.4 yaw 274.7 mode 2 st 2 gl 0 hp 100 frg 1
ARGLOG Romero t  28.8 pos '2280.0 -2211.5  88.0' spd 138.6 yaw 122 mode 2 st 8 gl 0 hp 100 frg -1
ARGEVT Carmack grab item_health
ARGEVT Joe Rogan route 9 start '2601.0 -623.0 120.0' goal '1913.0 -719.0 184.0'
ARGEVT Joe Rogan jump
ARGLOG Joe Rogan t  29.1 pos '2595.0 -525.2 145.1' spd 159.9 yaw 129.1 mode 2 st 1 gl 1 hp 100 frg 1
ARGLOG Carmack t  29.1 pos '2404.8 -214.1 102.3' spd 133.8 yaw 301.6 mode 2 st 2 gl 0 hp 41 frg 1
ARGEVT Joe Rogan pursue
ARGEVT Carmack pursue
ARGUS Joe Rogan prefire
ARGLOG Romero t  29.3 pos '2280.0 -2190.5  88.0' spd 152.9 yaw 125 mode 2 st 8 gl 0 hp 100 frg -1
ARGEVT Romero hazard
ARGEVT Carmack death Joe Rogan pos '2453.4 -236.3  24.0'
ARGUS Joe Rogan watch spawn
ARGLOG Joe Rogan t  29.6 pos '2586.2 -443.5 128.0' spd 159.9 yaw  59.9 mode 2 st 1 gl 1 hp 100 frg 2
ARGEVT Joe Rogan goal item_armorInv
ARGEVT Joe Rogan route 4 start '2553.0 -351.0 147.0' goal '2393.0 -655.0  56.0'
ARGLOG Romero t  29.9 pos '2280.0 -2179.3  88.0' spd   1.7 yaw 127 mode 2 st 8 gl 0 hp 100 frg -1
ARGEVT Joe Rogan hazard
ARGLOG Joe Rogan t  30.1 pos '2554.9 -304.0 141.8' spd   4.3 yaw 270 mode 2 st 1 gl 1 hp 100 frg 2
ARGLOG Romero t  30.4 pos '2280.0 -2178.5  88.0' spd   1.6 yaw 127 mode 2 st 8 gl 0 hp 100 frg -1
ARGLOG Joe Rogan t  30.7 pos '2555.9 -381.2 152.3' spd 335.9 yaw 197.4 mode 2 st 1 gl 1 hp 100 frg 2
ARGEVT Romero stall
ARGEVT Romero stallnode '2153.0 -2175.0  88.0'
ARGEVT Romero jump
ARGEVT Romero hazard
ARGLOG Romero t  30.9 pos '2280.0 -2170.9  88.0' spd  30.8 yaw 159 mode 0 st 9 gl 0 hp 100 frg -1
ARGEVT Romero route 4 start '2281.0 -2239.0  88.0' goal '2377.0 -1999.0 120.0'
ARGEVT Carmack respawn
ARGEVT Carmack goal item_armorInv
ARGLOG Carmack t  31.1 pos '2576.0 -1328.0  24.0' spd 0 yaw 274.5 mode 0 st 2 gl 0 hp 100 frg 1
ARGEVT Carmack route 7 start '2585.0 -1375.0  24.0' goal '2473.0 -1999.0 120.0'
ARGLOG Joe Rogan t  31.2 pos '2548.1 -426.9 159.8' spd  74.8 yaw 123 mode 2 st 1 gl 1 hp 100 frg 2
ARGEVT Romero stall
ARGEVT Romero stallnode '2281.0 -2239.0  88.0'
ARGLOG Romero t  31.4 pos '2280.0 -2180.8  88.0' spd  71.0 yaw 311.3 mode 0 st 10 gl 0 hp 100 frg -1
ARGEVT Romero jump
ARGEVT Carmack hazard
ARGLOG Carmack t  31.6 pos '2649.9 -1456.0  24.0' spd  56.6 yaw 203 mode 2 st 2 gl 0 hp 100 frg 1
ARGLOG Joe Rogan t  31.7 pos '2548.0 -319.4 160.2' spd 291.7 yaw 146 mode 2 st 1 gl 1 hp 100 frg 2
ARGLOG Romero t  31.9 pos '2280.0 -2204.3  88.0' spd   1.1 yaw 181.4 mode 0 st 10 gl 0 hp 100 frg -1
ARGLOG Carmack t  32.1 pos '2514.4 -1408.8  24.0' spd 339.5 yaw 230 mode 2 st 2 gl 0 hp 100 frg 1
ARGLOG Joe Rogan t  32.2 pos '2545.7 -356.2 166.1' spd 188.3 yaw 195.0 mode 2 st 1 gl 1 hp 100 frg 2
ARGLOG Romero t  32.4 pos '2280.0 -2204.9  88.0' spd   1.2 yaw 181.4 mode 0 st 10 gl 0 hp 100 frg -1
ARGEVT Carmack hazard
ARGLOG Carmack t  32.6 pos '2369.7 -1402.5  24.0' spd 330.1 yaw 269 mode 2 st 2 gl 0 hp 100 frg 1
ARGLOG Joe Rogan t  32.7 pos '2556.8 -357.7 136.7' spd 143.6 yaw 269 mode 2 st 1 gl 1 hp 100 frg 2
ARGEVT Joe Rogan hazard
ARGEVT Romero stall
ARGEVT Romero jump
ARGEVT Romero goal weapon_rocketlauncher
ARGLOG Romero t  32.9 pos '2280.0 -2201.7  93.5' spd  41.3 yaw 125.3 mode 0 st 11 gl 0 hp 100 frg -1
ARGEVT Romero route 11 start '2281.0 -2239.0  88.0' goal '1465.0 -687.0 184.0'
ARGEVT Carmack route 5 start '2377.0 -1567.0  24.0' goal '2473.0 -1999.0 120.0'
ARGEVT Romero hazard
ARGEVT Joe Rogan jump
ARGLOG Carmack t  33.1 pos '2373.0 -1567.5  24.0' spd 321.5 yaw 285 mode 0 st 2 gl 0 hp 100 frg 1
ARGUS routecache adopt
ARGEVT Carmack route 5 start '2377.0 -1567.0  24.0' goal '2473.0 -1999.0 120.0'
ARGLOG Joe Rogan t  33.2 pos '2565.2 -455.8 143.0' spd 328.2 yaw 230 mode 2 st 1 gl 1 hp 100 frg 2
ARGLOG Romero t  33.4 pos '2280.0 -2179.8  88.0' spd  39.6 yaw 301 mode 2 st 11 gl 0 hp 100 frg -1
ARGLOG Carmack t  33.7 pos '2382.1 -1729.6  24.0' spd 321.0 yaw 220 mode 2 st 2 gl 0 hp 100 frg 1
ARGLOG Joe Rogan t  33.7 pos '2566.1 -528.0 133.3' spd  30.1 yaw 217 mode 2 st 1 gl 1 hp 100 frg 2
ARGLOG Romero t  33.9 pos '2280.0 -2186.2  88.0' spd  59.8 yaw 302 mode 2 st 11 gl 0 hp 100 frg -1
ARGEVT Romero hazard
ARGLOG Carmack t  34.2 pos '2310.9 -1881.3  24.0' spd 344.4 yaw 221 mode 2 st 2 gl 0 hp 100 frg 1
ARGLOG Joe Rogan t  34.2 pos '2560.0 -528.0 120.0' spd 0 yaw 218 mode 2 st 1 gl 1 hp 100 frg 2
ARGLOG Romero t  34.4 pos '2280.0 -2214.5  88.0' spd  50.4 yaw 308 mode 2 st 11 gl 0 hp 100 frg -1
ARGEVT Joe Rogan stall
ARGEVT Joe Rogan stallnode '2393.0 -543.0  56.0'
ARGEVT Joe Rogan jump
ARGLOG Carmack t  34.7 pos '2148.8 -1930.4  40.0' spd 416.2 yaw 330 mode 2 st 2 gl 0 hp 100 frg 1
ARGEVT Carmack hazard
ARGEVT Carmack jump
ARGLOG Joe Rogan t  34.7 pos '2560.0 -528.0 137.0' spd 0 yaw 209.0 mode 0 st 2 gl 1 hp 100 frg 2
ARGEVT Romero engage Carmack
ARGEVT Romero grab 
ARGEVT Carmack engage Romero
ARGEVT Joe Rogan route 3 start '2553.0 -495.0 147.0' goal '2393.0 -655.0  56.0'
ARGLOG Romero t  34.9 pos '2280.0 -2251.0  88.0' spd 116.9 yaw  98.5 mode 2 st 11 gl 0 hp 100 frg -1
ARGEVT Romero hazard
ARGLOG Carmack t  35.2 pos '2200.4 -2107.0  91.4' spd 372.1 yaw 299.9 mode 2 st 2 gl 0 hp 100 frg 1
ARGLOG Joe Rogan t  35.2 pos '2548.4 -528.0 159.0' spd   3.2 yaw 220 mode 2 st 2 gl 1 hp 100 frg 2
ARGEVT Romero jump
ARGEVT Carmack jump
ARGLOG Romero t  35.4 pos '2290.4 -2320.2  80.7' spd  43.9 yaw 123.9 mode 2 st 11 gl 0 hp 76 frg -1
ARGEVT Romero swim
ARGLOG Carmack t  35.7 pos '2213.7 -2211.0 131.5' spd 176.8 yaw 301.4 mode 2 st 2 gl 0 hp 88 frg 1
ARGLOG Joe Rogan t  35.7 pos '2549.1 -528.0 157.2' spd   0.7 yaw 220 mode 2 st 2 gl 1 hp 100 frg 2
ARGEVT Carmack grab 
ARGEVT Romero swim
ARGEVT Romero swim
ARGLOG Romero t  35.9 pos '2308.6 -2295.1  48.6' spd  81.6 yaw 137.1 mode 2 st 11 gl 0 hp 36 frg -1
ARGEVT Romero swim
ARGEVT Joe Rogan stall
ARGEVT Joe Rogan stallnode '2393.0 -543.0  56.0'
ARGEVT Romero swim
ARGEVT Romero retreat
ARGLOG Carmack t  36.2 pos '2226.5 -2206.9  88.0' spd  18.9 yaw 317.3 mode 2 st 2 gl 0 hp 64 frg 1
ARGEVT Romero swim
ARGUS routecache adopt
ARGEVT Joe Rogan route 3 start '2553.0 -495.0 147.0' goal '2393.0 -655.0  56.0'
ARGLOG Joe Rogan t  36.2 pos '2549.8 -524.2 155.3' spd  50.6 yaw 187 mode 2 st 3 gl 1 hp 100 frg 2
ARGEVT Romero swim
ARGEVT Romero swim
ARGLOG Romero t  36.4 pos '2339.7 -2268.2  48.4' spd  95.5 yaw 147.0 mode 2 st 11 gl 0 hp 6 frg -1
ARGEVT Romero death world pos '2346.6 -2266.8  48.6'
ARGLOG Carmack t  36.7 pos '2220.1 -2251.1  88.0' spd 343.4 yaw 283.8 mode 2 st 2 gl 0 hp 64 frg 1
ARGLOG Joe Rogan t  36.7 pos '2551.4 -527.9 151.0' spd  81.2 yaw 219 mode 2 st 3 gl 1 hp 100 frg 2
ARGEVT Joe Rogan stall
ARGEVT Joe Rogan stallnode '2393.0 -543.0  56.0'
ARGEVT Carmack hazard
ARGEVT Carmack route 4 start '2153.0 -2335.0  88.0' goal '2473.0 -1999.0 120.0'
ARGLOG Carmack t  37.2 pos '2224.0 -2330.8  88.0' spd 203.4 yaw 29 mode 2 st 2 gl 0 hp 64 frg 1
ARGLOG Joe Rogan t  37.2 pos '2610.3 -528.4 120.0' spd 306.9 yaw 147.8 mode 0 st 4 gl 1 hp 100 frg 2
ARGLOG Carmack t  37.7 pos '2227.9 -2175.6  88.0' spd 336.9 yaw  68.8 mode 2 st 2 gl 0 hp 64 frg 1
ARGLOG Joe Rogan t  37.7 pos '2545.6 -439.1 166.4' spd 190.9 yaw 147.8 mode 0 st 4 gl 1 hp 100 frg 2
ARGEVT Romero respawn
ARGEVT Romero goal item_armorInv
ARGLOG Romero t  38.0 pos '2544.0 -32.0 -64.0' spd 0 yaw 184.5 mode 0 st 11 gl 0 hp 100 frg -2
ARGEVT Romero route 12 start '2489.0 -31.0 -72.0' goal '2393.0 -655.0  56.0'
ARGEVT Joe Rogan hazard
ARGLOG Carmack t  38.2 pos '2232.0 -2200.3  88.0' spd 314.4 yaw 322 mode 2 st 2 gl 0 hp 64 frg 1
ARGLOG Joe Rogan t  38.2 pos '2544.9 -341.9 168.2' spd  76.8 yaw 147.8 mode 0 st 4 gl 1 hp 100 frg 2
ARGEVT Joe Rogan goal item_rockets
ARGEVT Joe Rogan route 4 start '2553.0 -351.0 147.0' goal '2297.0 -79.0 -120.0'
ARGEVT Romero hazard
ARGLOG Romero t  38.5 pos '2389.1   5.4 -72.0' spd 274.7 yaw 84 mode 2 st 11 gl 0 hp 100 frg -2
ARGLOG Carmack t  38.7 pos '2231.3 -2219.6  88.0' spd 332.7 yaw 81 mode 2 st 2 gl 0 hp 64 frg 1
ARGLOG Joe Rogan t  38.7 pos '2568.0 -296.2 120.0' spd 305.9 yaw 71 mode 2 st 4 gl 1 hp 100 frg 2
ARGEVT Carmack hazard
ARGLOG Romero t  39.0 pos '2366.0  16.0 -88.0' spd  15.9 yaw 78 mode 2 st 11 gl 0 hp 100 frg -2
ARGLOG Carmack t  39.2 pos '2232.0 -2169.1  88.0' spd 156.5 yaw 312 mode 2 st 2 gl 0 hp 64 frg 1
ARGLOG Joe Rogan t  39.2 pos '2635.6 -146.2 120.0' spd 322.9 yaw 141 mode 2 st 4 gl 1 hp 100 frg 2
ARGEVT Romero hazard
ARGLOG Romero t  39.6 pos '2357.3  16.0 -88.0' spd  17.4 yaw 76 mode 2 st 11 gl 0 hp 100 frg -2
ARGLOG Carmack t  39.7 pos '2232.0 -2204.8  88.0' spd 321.2 yaw 80 mode 2 st 2 gl 0 hp 64 frg 1
ARGLOG Joe Rogan t  39.8 pos '2596.2  15.9 120.0' spd 323.4 yaw 198 mode 2 st 4 gl 1 hp 100 frg 2
ARGLOG Romero t  40.1 pos '2352.0  16.0 -103.0' spd 0 yaw 74 mode 2 st 11 gl 0 hp 100 frg -2
ARGLOG Carmack t  40.2 pos '2174.3 -2079.8  88.0' spd 323.0 yaw 41 mode 2 st 2 gl 0 hp 64 frg 1
ARGLOG Joe Rogan t  40.3 pos '2438.3 -33.4 104.0' spd 320.3 yaw 198 mode 2 st 4 gl 1 hp 100 frg 2
ARGEVT Carmack door
ARGEVT Carmack jump
ARGEVT Romero hazard
ARGLOG Romero t  40.6 pos '2343.6  16.0 -104.0' spd  17.9 yaw 72 mode 2 st 11 gl 0 hp 100 frg -2
ARGLOG Carmack t  40.7 pos '2138.4 -1968.0 130.3' spd  30.0 yaw 359 mode 2 st 2 gl 0 hp 64 frg 1
ARGEVT Romero stall
ARGEVT Romero stallnode '2633.0 193.0 -72.0'
ARGEVT Romero jump
ARGLOG Joe Rogan t  40.8 pos '2284.6 -80.1  24.0' spd 341.5 yaw 204 mode 1 st 4 gl 1 hp 100 frg 2
ARGEVT Romero route 12 start '2393.0 -31.0 -72.0' goal '2393.0 -655.0  56.0'
ARGLOG Romero t  41.1 pos '2361.2  15.4 -60.4' spd  36.9 yaw 33 mode 2 st 12 gl 0 hp 100 frg -2
ARGLOG Carmack t  41.2 pos '2190.6 -1968.4  72.0' spd 320.0 yaw 358 mode 2 st 2 gl 0 hp 64 frg 1
ARGEVT Carmack jump
ARGLOG Joe Rogan t  41.3 pos '2208.4 -232.4  24.0' spd 483.6 yaw   2.2 mode 1 st 4 gl 1 hp 100 frg 2
ARGEVT Joe Rogan hazard
ARGLOG Romero t  41.6 pos '2434.2   2.2 -72.0' spd 320.0 yaw 43 mode 2 st 12 gl 0 hp 100 frg -2
ARGLOG Carmack t  41.7 pos '2224.0 -1976.0 105.9' spd  24.5 yaw 359 mode 2 st 2 gl 0 hp 64 frg 1
ARGLOG Joe Rogan t  41.8 pos '2353.2 -144.0  24.0' spd  52.0 yaw 163.1 mode 1 st 4 gl 1 hp 100 frg 2
ARGEVT Carmack hazard
ARGLOG Romero t  42.1 pos '2597.8 -24.8 -72.0' spd 376.9 yaw 127 mode 2 st 12 gl 0 hp 100 frg -2
ARGLOG Carmack t  42.2 pos '2224.0 -1955.8  63.0' spd  72.3 yaw 356 mode 2 st 2 gl 0 hp 64 frg 1
ARGEVT Romero hazard
ARGLOG Joe Rogan t  42.3 pos '2210.7 -70.3  24.0' spd 477.7 yaw  50.2 mode 1 st 4 gl 1 hp 100 frg 2
ARGLOG Romero t  42.6 pos '2618.8 121.4 -72.0' spd 332.6 yaw 153 mode 2 st 12 gl 0 hp 100 frg -2
ARGLOG Carmack t  42.7 pos '2224.0 -1934.6  42.6' spd  12.6 yaw 353 mode 2 st 2 gl 0 hp 64 frg 1
ARGLOG Joe Rogan t  42.8 pos '2344.9 -35.7  56.0' spd 447.7 yaw 248.9 mode 1 st 4 gl 1 hp 100 frg 2
ARGEVT Carmack hazard
ARGLOG Romero t  43.1 pos '2554.0 282.4 -72.0' spd 433.4 yaw 184 mode 2 st 12 gl 0 hp 100 frg -2
ARGLOG Carmack t  43.2 pos '2224.0 -1920.0  40.0' spd  44.6 yaw 351 mode 2 st 2 gl 0 hp 64 frg 1
ARGLOG Joe Rogan t  43.3 pos '2337.6 -240.0  25.4' spd 170.2 yaw 143.8 mode 1 st 4 gl 1 hp 100 frg 2
ARGEVT Romero jump
ARGLOG Romero t  43.6 pos '2448.0 257.1 -14.2' spd 106.6 yaw 202 mode 2 st 12 gl 0 hp 100 frg -2
ARGLOG Carmack t  43.7 pos '2224.0 -1911.1  40.0' spd  10.0 yaw 350 mode 2 st 2 gl 0 hp 64 frg 1
ARGLOG Joe Rogan t  43.8 pos '2241.5 -115.3  24.0' spd 356.2 yaw  73.5 mode 1 st 4 gl 1 hp 100 frg 2
ARGEVT Romero hazard
ARGEVT Carmack hazard
ARGLOG Romero t  44.1 pos '2399.9 237.7 -24.0' spd 326.6 yaw 202 mode 2 st 12 gl 0 hp 100 frg -2
ARGLOG Carmack t  44.2 pos '2224.0 -1907.6  40.0' spd  12.7 yaw 350 mode 2 st 2 gl 0 hp 64 frg 1
ARGLOG Joe Rogan t  44.3 pos '2383.1 -17.3  72.0' spd 486.6 yaw 272.6 mode 1 st 4 gl 1 hp 100 frg 2
ARGEVT Carmack stall
ARGEVT Carmack stallnode '2473.0 -1999.0 120.0'
ARGEVT Carmack jump
ARGEVT Carmack route 3 start '2153.0 -1919.0  40.0' goal '2473.0 -1999.0 120.0'
ARGLOG Romero t  44.6 pos '2233.1 257.5  24.0' spd 373.5 yaw 274 mode 2 st 12 gl 0 hp 100 frg -2
ARGLOG Carmack t  44.7 pos '2224.0 -1927.5  83.5' spd  93.2 yaw 352 mode 2 st 3 gl 0 hp 64 frg 1
ARGLOG Joe Rogan t  44.8 pos '2367.9 -80.0  74.8' spd 183.0 yaw 188.0 mode 1 st 4 gl 1 hp 100 frg 2
ARGEVT Joe Rogan hazard
ARGEVT Carmack hazard
ARGLOG Romero t  45.1 pos '2111.4 132.2  24.0' spd 403.8 yaw 289 mode 2 st 12 gl 0 hp 100 frg -2
ARGEVT Joe Rogan engage Romero
ARGEVT Joe Rogan grab weapon_nailgun
ARGEVT Romero engage Joe Rogan
ARGEVT Romero grab 
ARGLOG Carmack t  45.3 pos '2224.0 -1958.1  56.0' spd  89.1 yaw 357 mode 2 st 3 gl 0 hp 64 frg 1
ARGLOG Joe Rogan t  45.3 pos '2376.9 -131.2  56.0' spd 326.2 yaw 171.2 mode 1 st 4 gl 1 hp 100 frg 2
ARGEVT Joe Rogan pursue
ARGEVT Romero pursue
ARGLOG Romero t  45.6 pos '2084.7 -25.8  24.0' spd  94.2 yaw 334.6 mode 2 st 12 gl 0 hp 100 frg -2
ARGLOG Carmack t  45.8 pos '2224.0 -1930.6  42.9' spd   8.7 yaw 353 mode 2 st 3 gl 0 hp 64 frg 1
ARGLOG Joe Rogan t  45.8 pos '2471.6 -174.1  24.0' spd 252.1 yaw 143 mode 1 st 4 gl 1 hp 100 frg 2
ARGUS Joe Rogan hunch item_artifact_super_damage
ARGLOG Romero t  46.1 pos '2220.8 -85.2  24.0' spd 320.7 yaw 347 mode 2 st 12 gl 0 hp 100 frg -2
ARGEVT Carmack hazard
ARGEVT Joe Rogan weapon ng
ARGEVT Joe Rogan grab item_rockets
ARGLOG Carmack t  46.3 pos '2224.0 -1916.6  40.0' spd   5.6 yaw 351 mode 2 st 3 gl 0 hp 64 frg 1
ARGEVT Joe Rogan goal item_armorInv
ARGLOG Joe Rogan t  46.3 pos '2310.2 -160.8  24.0' spd 408.5 yaw 196.1 mode 0 st 4 gl 1 hp 100 frg 2
ARGEVT Joe Rogan route 6 start '2361.0 -175.0  24.0' goal '2393.0 -655.0  56.0'
ARGEVT Romero hazard
ARGLOG Romero t  46.7 pos '2216.1   7.1  24.0' spd 190.9 yaw 280.5 mode 2 st 12 gl 0 hp 100 frg -2
ARGLOG Carmack t  46.8 pos '2224.0 -1909.3  40.0' spd   5.3 yaw 350 mode 2 st 3 gl 0 hp 64 frg 1
ARGLOG Joe Rogan t  46.8 pos '2257.3 -101.8  24.0' spd 153.8 yaw 118.0 mode 2 st 4 gl 1 hp 76 frg 2
ARGLOG Romero t  47.2 pos '2159.4  27.3  24.0' spd 317.2 yaw 298.8 mode 2 st 12 gl 0 hp 55 frg -2
ARGEVT Romero grab item_health
ARGEVT Carmack stall
ARGEVT Carmack stallnode '2153.0 -2015.0  88.0'
ARGEVT Carmack jump
ARGLOG Carmack t  47.3 pos '2224.0 -1910.6  53.8' spd  30.1 yaw 350 mode 0 st 4 gl 0 hp 64 frg 1
ARGLOG Joe Rogan t  47.3 pos '2248.2 -88.3  24.0' spd 133.7 yaw 153.3 mode 2 st 4 gl 1 hp 52 frg 2
ARGEVT Joe Rogan weapon rl
ARGEVT Carmack route 3 start '2153.0 -1919.0  40.0' goal '2473.0 -1999.0 120.0'
ARGEVT Joe Rogan weapon ng
ARGLOG Romero t  47.7 pos '1998.7 -26.3  24.0' spd 392.6 yaw 339.3 mode 2 st 12 gl 0 hp 71 frg -2
ARGLOG Carmack t  47.8 pos '2224.0 -1944.5  60.8' spd 105.5 yaw 355 mode 2 st 4 gl 0 hp 64 frg 1
ARGLOG Joe Rogan t  47.8 pos '2242.0 -111.0  24.0' spd 250.5 yaw 178.8 mode 2 st 4 gl 1 hp 52 frg 2
ARGEVT Romero retreat
ARGEVT Carmack hazard
ARGLOG Romero t  48.2 pos '1920.3 -133.2  24.0' spd 235.4 yaw 350.0 mode 2 st 12 gl 0 hp 9 frg -2
ARGEVT Romero hazard
ARGEVT Carmack abandon
ARGLOG Carmack t  48.3 pos '2223.3 -1984.3  72.0' spd  45.7 yaw 121.5 mode 0 st 4 gl 0 hp 64 frg 1
ARGLOG Joe Rogan t  48.3 pos '2202.5 -271.2  24.0' spd 345.3 yaw 140.4 mode 2 st 4 gl 1 hp 36 frg 2
ARGEVT Romero route 7 start '1929.0 -63.0  24.0' goal '2393.0 -655.0  56.0'
ARGEVT Carmack goal weapon_rocketlauncher
ARGEVT Carmack route 3 start '2153.0 -2015.0  88.0' goal '2473.0 -1711.0  24.0'
ARGLOG Romero t  48.7 pos '1941.1   2.0  24.0' spd 250.1 yaw 308.6 mode 2 st 12 gl 0 hp 9 frg -2
ARGLOG Carmack t  48.8 pos '2149.8 -1845.8  24.0' spd 417.9 yaw 22 mode 2 st 4 gl 0 hp 64 frg 1
ARGLOG Joe Rogan t  48.8 pos '2174.3 -335.5  24.0' spd 320.3 yaw 111.4 mode 2 st 4 gl 1 hp 36 frg 2
ARGEVT Joe Rogan hazard
ARGLOG Romero t  49.2 pos '1995.9 -13.7  24.0' spd 180.5 yaw 310.2 mode 2 st 12 gl 0 hp 9 frg -2
ARGEVT Joe Rogan grab 
ARGLOG Carmack t  49.3 pos '2289.8 -1820.5  24.0' spd 334.9 yaw 330.5 mode 2 st 4 gl 0 hp 64 frg 1
ARGLOG Joe Rogan t  49.4 pos '2276.8 -210.9  24.0' spd 372.1 yaw 159.1 mode 2 st 4 gl 1 hp 24 frg 2
ARGLOG Romero t  49.7 pos '1936.2 -163.5  24.0' spd 328.8 yaw 349.5 mode 2 st 12 gl 0 hp 9 frg -2
ARGEVT Joe Rogan grab item_health
ARGLOG Carmack t  49.8 pos '2458.8 -1787.5  24.0' spd 360.8 yaw 74 mode 1 st 4 gl 0 hp 64 frg 1
ARGLOG Joe Rogan t  49.9 pos '2450.3 -204.4  24.0' spd 324.3 yaw 197.5 mode 2 st 4 gl 1 hp 24 frg 2
ARGEVT Carmack goal item_health
ARGEVT Carmack route 5 start '2473.0 -1711.0  24.0' goal '2377.0 -1999.0 120.0'
ARGLOG Romero t  50.2 pos '2001.0 -144.2  24.0' spd 348.0 yaw 355.5 mode 2 st 12 gl 0 hp 9 frg -2
ARGLOG Carmack t  50.3 pos '2492.7 -1615.3  24.0' spd 445.6 yaw 222 mode 2 st 4 gl 1 hp 64 frg 1
ARGLOG Joe Rogan t  50.4 pos '2542.5 -206.4  32.0' spd 289.3 yaw 153.4 mode 2 st 4 gl 1 hp 16 frg 2
ARGEVT Carmack hazard
ARGLOG Romero t  50.7 pos '2121.8 -31.1  24.0' spd 320.0 yaw 343.1 mode 2 st 12 gl 0 hp 9 frg -2
ARGEVT Joe Rogan weapon sg
ARGLOG Carmack t  50.9 pos '2370.1 -1679.2  24.0' spd 320.3 yaw 228 mode 2 st 4 gl 1 hp 64 frg 1
ARGLOG Joe Rogan t  50.9 pos '2543.9 -207.8  32.0' spd 126.7 yaw 138.2 mode 2 st 4 gl 1 hp 16 frg 2
ARGLOG Romero t  51.2 pos '2142.0 -58.7  24.0' spd 320.4 yaw 335.3 mode 2 st 12 gl 0 hp 9 frg -2
ARGEVT Joe Rogan grab item_health
ARGLOG Carmack t  51.4 pos '2347.5 -1845.3  24.0' spd 396.2 yaw 222 mode 2 st 4 gl 1 hp 64 frg 1
ARGLOG Joe Rogan t  51.4 pos '2542.2 -209.4  32.0' spd 125.6 yaw 165.3 mode 2 st 4 gl 1 hp 16 frg 2
ARGLOG Romero t  51.7 pos '2128.6 -220.9  24.0' spd 325.5 yaw   0.2 mode 2 st 12 gl 0 hp 9 frg -2
ARGLOG Carmack t  51.9 pos '2193.6 -1892.8  24.0' spd 339.8 yaw 252 mode 2 st 4 gl 1 hp 64 frg 1
ARGLOG Joe Rogan t  51.9 pos '2544.3 -168.1  32.0' spd  99.9 yaw 194.3 mode 2 st 4 gl 1 hp 16 frg 2
ARGEVT Carmack hazard
ARGEVT Carmack jump
ARGEVT Carmack door
ARGLOG Romero t  52.2 pos '2177.1 -376.5   8.0' spd 325.0 yaw  24.6 mode 2 st 12 gl 0 hp 9 frg -2
ARGEVT Joe Rogan pursue
ARGEVT Romero pursue
ARGLOG Carmack t  52.4 pos '2146.1 -2033.5  99.3' spd 321.2 yaw 344.8 mode 2 st 4 gl 1 hp 64 frg 1
ARGLOG Joe Rogan t  52.4 pos '2537.9 -176.7  32.0' spd 157.7 yaw 198.1 mode 2 st 4 gl 1 hp 16 frg 2
ARGLOG Romero t  52.7 pos '2276.2 -329.9   8.0' spd 320.2 yaw 31 mode 2 st 12 gl 0 hp 9 frg -2
ARGLOG Carmack t  52.9 pos '2222.9 -2158.7  88.0' spd 318.5 yaw 23 mode 2 st 4 gl 1 hp 64 frg 1
ARGLOG Joe Rogan t  52.9 pos '2387.2 -221.5  24.0' spd 320.0 yaw 197 mode 2 st 4 gl 1 hp 16 frg 2
ARGUS Romero hunch item_health
ARGEVT Romero goal item_health
ARGEVT Romero route 5 start '2329.0 -351.0   8.0' goal '2521.0 -207.0 120.0'
ARGEVT Romero pursue
ARGLOG Romero t  53.2 pos '2318.9 -304.6   8.0' spd 325.7 yaw 165.2 mode 2 st 12 gl 0 hp 9 frg -2
ARGEVT Joe Rogan grab item_rockets
ARGLOG Carmack t  53.4 pos '2232.0 -2160.0  88.0' spd 0 yaw 24 mode 2 st 4 gl 1 hp 64 frg 1
ARGLOG Joe Rogan t  53.4 pos '2226.8 -232.5  24.0' spd 308.1 yaw 253.1 mode 2 st 4 gl 1 hp 16 frg 2
ARGEVT Carmack stall
ARGEVT Carmack stallnode '2265.0 -1999.0 120.0'
ARGEVT Carmack jump
ARGEVT Romero route 5 start '2169.0 -351.0  24.0' goal '2521.0 -207.0 120.0'
ARGLOG Romero t  53.7 pos '2178.0 -395.9   8.0' spd 371.9 yaw  91.7 mode 2 st 12 gl 0 hp 9 frg -2
ARGEVT Carmack route 3 start '2153.0 -2175.0  88.0' goal '2377.0 -1999.0 120.0'
ARGEVT Carmack hazard
ARGLOG Carmack t  53.9 pos '2231.7 -2160.0  88.0' spd   3.9 yaw  33.9 mode 2 st 5 gl 1 hp 64 frg 1
ARGLOG Joe Rogan t  53.9 pos '2263.0 -77.8  24.0' spd 211.7 yaw 253.6 mode 2 st 4 gl 1 hp 16 frg 2
ARGEVT Romero death Joe Rogan pos '2149.5 -409.2   8.0'
ARGUS Joe Rogan watch spawn
ARGEVT Joe Rogan goal item_health
ARGEVT Joe Rogan route 3 start '2297.0 -79.0  40.0' goal '2025.0 -559.0 104.0'
ARGEVT Carmack stall
ARGEVT Carmack stallnode '2153.0 -2015.0  88.0'
ARGEVT Carmack jump
ARGLOG Carmack t  54.4 pos '2231.7 -2160.9  95.8' spd  30.0 yaw 253.2 mode 0 st 6 gl 1 hp 64 frg 1
ARGLOG Joe Rogan t  54.4 pos '2229.6 -215.0  24.0' spd 326.1 yaw 275 mode 2 st 4 gl 1 hp 16 frg 3
ARGEVT Joe Rogan route 3 start '2169.0 -351.0  24.0' goal '2025.0 -559.0 104.0'
ARGLOG Carmack t  54.9 pos '2230.7 -2270.6  88.0' spd 348.1 yaw 253.2 mode 0 st 6 gl 1 hp 64 frg 1
ARGLOG Joe Rogan t  54.9 pos '2206.8 -383.5   8.0' spd 415.8 yaw 152 mode 2 st 4 gl 1 hp 16 frg 3
ARGEVT Joe Rogan hazard
ARGEVT Joe Rogan weapon ng
ARGLOG Carmack t  55.4 pos '2194.9 -2343.1  88.0' spd 197.1 yaw  97.1 mode 0 st 6 gl 1 hp 64 frg 1
ARGEVT Carmack hazard
ARGLOG Joe Rogan t  55.4 pos '2151.4 -414.0   8.0' spd 354.3 yaw 28 mode 2 st 4 gl 1 hp 16 frg 3
ARGEVT Romero respawn
ARGEVT Romero goal item_armorInv
ARGLOG Romero t  55.5 pos '2544.0 -32.0 -64.0' spd 0 yaw 184.5 mode 0 st 12 gl 0 hp 100 frg -2
ARGEVT Romero route 12 start '2489.0 -31.0 -72.0' goal '2393.0 -655.0  56.0'
ARGEVT Carmack goal item_rockets
ARGEVT Carmack route 13 start '2153.0 -2175.0  88.0' goal '2297.0 -79.0 -120.0'
ARGLOG Carmack t  55.9 pos '2128.3 -2201.9  88.0' spd 324.9 yaw  74.4 mode 2 st 6 gl 1 hp 64 frg 1
ARGLOG Joe Rogan t  55.9 pos '2224.2 -256.2  24.0' spd 446.9 yaw 160.6 mode 2 st 4 gl 1 hp 16 frg 3
ARGLOG Romero t  56.0 pos '2401.3 -59.4 -72.0' spd 320.0 yaw 191 mode 0 st 12 gl 0 hp 100 frg -2
ARGEVT Romero route 12 start '2361.0 -47.0 -88.0' goal '2393.0 -655.0  56.0'
ARGEVT Joe Rogan jump
ARGEVT Romero route 13 start '2297.0 -79.0 -120.0' goal '2393.0 -655.0  56.0'
ARGLOG Carmack t  56.4 pos '2213.3 -2047.3  88.0' spd 386.9 yaw 132.3 mode 2 st 6 gl 1 hp 64 frg 1
ARGLOG Joe Rogan t  56.4 pos '2027.5 -240.0  53.4' spd 354.6 yaw 263.4 mode 2 st 4 gl 1 hp 16 frg 3
ARGEVT Carmack goal item_artifact_super_damage
ARGLOG Romero t  56.5 pos '2236.3 -117.4 -136.0' spd 450.6 yaw 9 mode 2 st 12 gl 0 hp 100 frg -2
ARGEVT Carmack route 16 start '2153.0 -2015.0  88.0' goal '1913.0 -719.0 184.0'
ARGEVT Romero hazard
ARGLOG Carmack t  56.9 pos '2240.3 -1875.5  24.0' spd 449.2 yaw 345.4 mode 2 st 6 gl 1 hp 64 frg 1
ARGLOG Joe Rogan t  56.9 pos '1973.5 -325.9  72.0' spd 322.6 yaw 288 mode 1 st 4 gl 1 hp 16 frg 3
ARGLOG Romero t  57.0 pos '2288.0 -122.4 -136.0' spd 398.0 yaw 11 mode 2 st 12 gl 0 hp 100 frg -2
ARGEVT Carmack route 15 start '2361.0 -1871.0  24.0' goal '1913.0 -719.0 184.0'
ARGEVT Romero route 13 start '2297.0 -79.0 -120.0' goal '2393.0 -655.0  56.0'
ARGEVT Romero jump
ARGLOG Carmack t  57.4 pos '2419.5 -1863.7  24.0' spd 328.1 yaw 330 mode 2 st 6 gl 1 hp 64 frg 1
ARGLOG Joe Rogan t  57.5 pos '2025.3 -482.7 104.0' spd 369.8 yaw 338.7 mode 1 st 4 gl 1 hp 41 frg 3
ARGLOG Romero t  57.5 pos '2339.5  16.0 -76.4' spd  88.6 yaw 31 mode 2 st 12 gl 0 hp 100 frg -2
ARGEVT Joe Rogan hazard
ARGEVT Carmack route 16 start '2553.0 -1871.0  24.0' goal '1913.0 -719.0 184.0'
ARGEVT Carmack hazard
ARGLOG Carmack t  57.9 pos '2581.0 -1902.7  24.0' spd 411.0 yaw 302.6 mode 2 st 6 gl 1 hp 64 frg 1
ARGLOG Joe Rogan t  58.0 pos '1950.2 -560.0 104.0' spd 325.1 yaw 186.1 mode 1 st 4 gl 1 hp 66 frg 3
ARGLOG Romero t  58.0 pos '2448.1   0.4 -72.0' spd 320.1 yaw 46 mode 2 st 12 gl 0 hp 100 frg -2
ARGLOG Carmack t  58.4 pos '2562.5 -1904.0  24.0' spd  37.0 yaw 308 mode 2 st 6 gl 1 hp 64 frg 1
ARGLOG Joe Rogan t  58.5 pos '1796.4 -474.6  24.0' spd 234.0 yaw  24.8 mode 1 st 4 gl 1 hp 66 frg 3
ARGLOG Romero t  58.5 pos '2612.7 -20.7 -72.0' spd 393.8 yaw 129 mode 2 st 12 gl 0 hp 100 frg -2
ARGEVT Carmack stall
ARGEVT Carmack stallnode '2569.0 -1727.0  24.0'
ARGEVT Carmack jump
ARGEVT Romero hazard
ARGUS routecache adopt
ARGEVT Carmack route 16 start '2553.0 -1871.0  24.0' goal '1913.0 -719.0 184.0'
ARGLOG Carmack t  58.9 pos '2568.8 -1904.0  67.4' spd  48.1 yaw 305 mode 2 st 7 gl 1 hp 64 frg 1
ARGLOG Joe Rogan t  59.0 pos '1903.9 -477.8  72.0' spd 344.4 yaw 323.3 mode 1 st 4 gl 1 hp 66 frg 3
ARGLOG Romero t  59.0 pos '2643.2  72.2 -72.0' spd 328.6 yaw 146 mode 2 st 12 gl 0 hp 100 frg -2
ARGEVT Joe Rogan hazard
ARGEVT Carmack hazard
ARGLOG Carmack t  59.4 pos '2598.9 -1897.5  24.0' spd  34.3 yaw 287 mode 2 st 7 gl 1 hp 64 frg 1
ARGLOG Joe Rogan t  59.5 pos '2040.8 -557.3 104.0' spd  66.0 yaw 200.8 mode 1 st 4 gl 1 hp 66 frg 3
ARGLOG Romero t  59.5 pos '2596.0 237.6 -72.0' spd 411.3 yaw 177 mode 2 st 12 gl 0 hp 100 frg -2
ARGEVT Romero jump
ARGLOG Carmack t  59.9 pos '2567.3 -1904.0  24.0' spd  34.6 yaw 306 mode 2 st 7 gl 1 hp 64 frg 1
ARGLOG Joe Rogan t  60.0 pos '1901.5 -513.5  72.0' spd 403.6 yaw  88.1 mode 1 st 4 gl 1 hp 66 frg 3
ARGLOG Romero t  60.0 pos '2448.0 265.2 -24.6' spd  52.2 yaw 182 mode 2 st 12 gl 0 hp 100 frg -2
ARGEVT Carmack abandon
ARGEVT Carmack goal item_health
ARGEVT Carmack route 14 start '2553.0 -1871.0  24.0' goal '2057.0 -991.0 344.0'
ARGLOG Carmack t  60.4 pos '2584.5 -1836.6  24.0' spd 337.7 yaw 191 mode 2 st 7 gl 1 hp 64 frg 1
ARGEVT Joe Rogan hazard
ARGLOG Joe Rogan t  60.5 pos '2044.6 -459.7 104.0' spd 361.7 yaw 322.0 mode 1 st 4 gl 1 hp 66 frg 3
ARGEVT Romero hazard
ARGLOG Romero t  60.5 pos '2430.8 243.1 -40.0' spd 181.7 yaw 201 mode 2 st 12 gl 0 hp 100 frg -2
ARGLOG Carmack t  60.9 pos '2466.0 -1713.1  24.0' spd 439.8 yaw 214 mode 2 st 7 gl 1 hp 64 frg 1
ARGLOG Joe Rogan t  61.0 pos '2064.0 -301.5  89.1' spd 355.5 yaw 123.0 mode 1 st 4 gl 1 hp 66 frg 3
ARGLOG Romero t  61.0 pos '2273.4 262.9  24.0' spd 323.3 yaw 265 mode 2 st 12 gl 0 hp 100 frg -2
ARGEVT Romero engage Joe Rogan
ARGEVT Joe Rogan engage Romero
ARGLOG Carmack t  61.4 pos '2340.7 -1829.0  24.0' spd 355.0 yaw 242 mode 2 st 7 gl 1 hp 64 frg 1
ARGLOG Joe Rogan t  61.5 pos '2112.6 -168.4  24.0' spd 328.6 yaw  88.5 mode 1 st 4 gl 1 hp 66 frg 3
ARGLOG Romero t  61.6 pos '2147.3 242.7  24.0' spd 188.1 yaw 260.9 mode 2 st 12 gl 0 hp 100 frg -2
ARGEVT Romero hazard
ARGLOG Carmack t  62.0 pos '2194.8 -1907.5  40.0' spd 361.1 yaw 285 mode 2 st 7 gl 1 hp 64 frg 1
ARGLOG Joe Rogan t  62.0 pos '2277.7 -156.9  24.0' spd 333.0 yaw 107.3 mode 1 st 4 gl 1 hp 46 frg 3
ARGLOG Romero t  62.1 pos '2188.7 211.5  24.0' spd 324.1 yaw 281.1 mode 2 st 12 gl 0 hp 100 frg -2
ARGEVT Carmack hazard
ARGEVT Romero pursue
ARGEVT Joe Rogan pursue
ARGLOG Carmack t  62.5 pos '2160.6 -2057.1  88.0' spd 321.9 yaw 304 mode 2 st 7 gl 1 hp 64 frg 1
ARGLOG Joe Rogan t  62.5 pos '2461.6 -144.0  24.0' spd 409.7 yaw  71.8 mode 1 st 4 gl 1 hp 46 frg 3
ARGLOG Romero t  62.6 pos '2120.7  63.4  24.0' spd 340.9 yaw 291 mode 2 st 12 gl 0 hp 91 frg -2
ARGEVT Joe Rogan hazard
ARGEVT Carmack jump
ARGEVT Joe Rogan grab item_health
ARGLOG Carmack t  63.0 pos '2177.5 -2217.3 123.5' spd 320.5 yaw 356 mode 2 st 7 gl 1 hp 64 frg 1
ARGLOG Joe Rogan t  63.0 pos '2507.9 -182.6  24.0' spd 337.0 yaw 181.4 mode 1 st 4 gl 1 hp 46 frg 3
ARGLOG Romero t  63.1 pos '2142.5 -100.8  24.0' spd 321.4 yaw 337.8 mode 2 st 12 gl 0 hp 91 frg -2
ARGLOG Carmack t  63.5 pos '2232.0 -2309.6  88.0' spd 195.2 yaw 17 mode 2 st 7 gl 1 hp 64 frg 1
ARGLOG Joe Rogan t  63.5 pos '2542.0 -210.4  32.0' spd 227.8 yaw 198.0 mode 1 st 4 gl 1 hp 38 frg 3
ARGLOG Romero t  63.6 pos '2140.9 -264.1  24.0' spd 347.6 yaw   6.6 mode 2 st 12 gl 0 hp 73 frg -2
ARGEVT Romero route 5 start '2169.0 -351.0  24.0' goal '2393.0 -655.0  56.0'
ARGLOG Carmack t  64.0 pos '2232.0 -2217.0  88.0' spd 121.0 yaw 355 mode 2 st 7 gl 1 hp 64 frg 1
ARGEVT Joe Rogan pursue
ARGLOG Joe Rogan t  64.0 pos '2545.0 -205.9  32.0' spd  19.0 yaw 218.1 mode 1 st 4 gl 1 hp 38 frg 3
ARGEVT Romero pursue
ARGLOG Romero t  64.1 pos '2182.9 -421.1   8.0' spd 298.8 yaw 30 mode 2 st 12 gl 0 hp 73 frg -2
ARGEVT Romero route 4 start '2329.0 -351.0   8.0' goal '2393.0 -655.0  56.0'
ARGLOG Carmack t  64.5 pos '2232.0 -2244.7  88.0' spd  39.6 yaw 1 mode 2 st 7 gl 1 hp 64 frg 1
ARGLOG Joe Rogan t  64.5 pos '2413.8 -240.0  24.0' spd 133.7 yaw 211.1 mode 1 st 4 gl 1 hp 38 frg 3
ARGLOG Romero t  64.6 pos '2322.4 -373.1   8.0' spd 292.3 yaw  49.8 mode 2 st 12 gl 0 hp 73 frg -2
ARGEVT Carmack stall
ARGEVT Carmack stallnode '2281.0 -2239.0  88.0'
ARGEVT Carmack jump
ARGEVT Joe Rogan retreat
ARGLOG Carmack t  65.0 pos '2232.0 -2239.7  95.5' spd  24.1 yaw  23.7 mode 0 st 8 gl 1 hp 64 frg 1
ARGEVT Romero route 5 start '2233.0 -223.0  24.0' goal '2393.0 -655.0  56.0'
ARGLOG Joe Rogan t  65.0 pos '2293.3 -154.6  24.0' spd 265.3 yaw 223.0 mode 1 st 4 gl 1 hp 14 frg 3
ARGEVT Joe Rogan hazard
ARGLOG Romero t  65.1 pos '2205.3 -272.5  24.0' spd 319.8 yaw  63.2 mode 2 st 12 gl 0 hp 64 frg -2
ARGEVT Carmack route 10 start '2281.0 -2239.0  88.0' goal '2057.0 -991.0 344.0'
ARGEVT Carmack hazard
ARGLOG Carmack t  65.5 pos '2232.0 -2169.7  88.0' spd  68.9 yaw 343 mode 2 st 8 gl 1 hp 64 frg 1
ARGLOG Joe Rogan t  65.6 pos '2285.9 -117.3  24.0' spd  48.0 yaw 191.1 mode 1 st 4 gl 1 hp 10 frg 3
ARGLOG Romero t  65.6 pos '2087.6 -151.1  24.0' spd 343.2 yaw  19.4 mode 2 st 12 gl 0 hp 55 frg -2
ARGEVT Romero route 7 start '2041.0 -15.0  24.0' goal '2393.0 -655.0  56.0'
ARGLOG Carmack t  66.0 pos '2232.0 -2261.9  88.0' spd  67.4 yaw 5 mode 2 st 8 gl 1 hp 64 frg 1
ARGLOG Joe Rogan t  66.1 pos '2256.7 -115.3  24.0' spd  58.3 yaw 133.9 mode 1 st 4 gl 1 hp 10 frg 3
ARGLOG Romero t  66.1 pos '2096.8  16.8  24.0' spd 344.5 yaw 334.0 mode 2 st 12 gl 0 hp 55 frg -2
ARGLOG Carmack t  66.5 pos '2232.0 -2232.3  88.0' spd  26.5 yaw 359 mode 2 st 8 gl 1 hp 64 frg 1
ARGLOG Joe Rogan t  66.6 pos '2290.0 -148.2  24.0' spd 195.7 yaw 116.2 mode 1 st 4 gl 1 hp 10 frg 3
ARGLOG Romero t  66.6 pos '2154.0  87.0  24.0' spd 310.3 yaw 299.0 mode 2 st 12 gl 0 hp 55 frg -2
ARGLOG Carmack t  67.0 pos '2232.0 -2236.4  88.0' spd   2.5 yaw 0 mode 2 st 8 gl 1 hp 64 frg 1
ARGEVT Carmack stall
ARGEVT Carmack stallnode '2281.0 -2239.0  88.0'
ARGEVT Carmack jump
ARGLOG Joe Rogan t  67.1 pos '2430.6 -222.6  24.0' spd 320.5 yaw 165.3 mode 1 st 4 gl 1 hp 10 frg 3
ARGLOG Romero t  67.1 pos '2083.9 -50.0  24.0' spd 332.5 yaw 328.3 mode 2 st 12 gl 0 hp 46 frg -2
ARGEVT Carmack route 10 start '2281.0 -2239.0  88.0' goal '2057.0 -991.0 344.0'
ARGLOG Carmack t  67.5 pos '2232.0 -2233.5  88.0' spd  33.0 yaw 359 mode 2 st 9 gl 1 hp 64 frg 1
ARGLOG Joe Rogan t  67.6 pos '2507.8 -206.3  24.0' spd 320.0 yaw 159.7 mode 1 st 4 gl 1 hp 10 frg 3
ARGLOG Romero t  67.6 pos '2078.0 -91.2  24.0' spd 320.4 yaw 346.4 mode 2 st 12 gl 0 hp 37 frg -2
ARGEVT Carmack stall
ARGEVT Carmack stallnode '2281.0 -2239.0  88.0'
ARGEVT Carmack jump
ARGEVT Romero grab item_health
ARGLOG Carmack t  68.0 pos '2229.3 -2255.7  88.0' spd 253.1 yaw 261.6 mode 0 st 10 gl 1 hp 64 frg 1
ARGLOG Joe Rogan t  68.1 pos '2535.2 -172.7  32.0' spd 117.7 yaw 139.7 mode 1 st 4 gl 1 hp 10 frg 3
ARGLOG Romero t  68.1 pos '2120.8  43.8  24.0' spd 203.6 yaw 340.6 mode 2 st 12 gl 0 hp 37 frg -2
ARGEVT Romero hazard
ARGEVT Joe Rogan weapon sg
ARGLOG Carmack t  68.5 pos '2160.0 -2352.2  88.0' spd   2.7 yaw 183.5 mode 0 st 10 gl 1 hp 64 frg 1
ARGLOG Joe Rogan t  68.6 pos '2543.6 -173.7  32.0' spd  76.1 yaw 162.4 mode 1 st 4 gl 1 hp 10 frg 3
ARGLOG Romero t  68.6 pos '2003.4 -37.4  24.0' spd 293.0 yaw 342.2 mode 2 st 12 gl 0 hp 62 frg -2
ARGEVT Joe Rogan hazard
ARGEVT Joe Rogan death Romero pos '2553.8 -228.9  32.0'
ARGUS Romero watch spawn
ARGLOG Carmack t  69.1 pos '2160.0 -2353.6  88.0' spd   2.7 yaw 183.5 mode 0 st 10 gl 1 hp 64 frg 1
ARGEVT Romero goal item_armor2
ARGEVT Romero route 5 start '2041.0 -15.0  24.0' goal '2777.0 -15.0 -72.0'
ARGLOG Romero t  69.2 pos '2062.8 -82.7  24.0' spd 324.3 yaw 297.5 mode 2 st 12 gl 0 hp 62 frg -1
ARGEVT Carmack goal item_armorInv
ARGEVT Carmack route 4 start '2153.0 -2335.0  88.0' goal '2473.0 -1999.0 120.0'
ARGLOG Carmack t  69.6 pos '2130.9 -2307.6  88.0' spd 361.0 yaw 85 mode 2 st 10 gl 1 hp 64 frg 1
ARGLOG Romero t  69.7 pos '2196.0 -190.6  24.0' spd 331.8 yaw 2 mode 2 st 12 gl 0 hp 62 frg -1
ARGLOG Carmack t  70.1 pos '2139.0 -2145.2  88.0' spd 320.1 yaw 49 mode 2 st 10 gl 1 hp 64 frg 1
ARGLOG Romero t  70.2 pos '2357.8 -198.4  24.0' spd 320.7 yaw 7 mode 2 st 12 gl 0 hp 62 frg -1
ARGEVT Carmack door
ARGEVT Carmack jump
ARGEVT Joe Rogan respawn
ARGEVT Joe Rogan goal weapon_rocketlauncher
ARGLOG Joe Rogan t  70.6 pos '2048.0 -1352.0 136.0' spd 0 yaw 175.5 mode 0 st 4 gl 1 hp 100 frg 3
ARGLOG Carmack t  70.6 pos '2161.2 -1982.3 123.6' spd 332.4 yaw   4.6 mode 2 st 10 gl 1 hp 64 frg 1
ARGEVT Joe Rogan route 20 start '1977.0 -1343.0 136.0' goal '1465.0 -687.0 184.0'
ARGLOG Romero t  70.7 pos '2521.8 -172.8  32.0' spd 381.4 yaw 132 mode 2 st 12 gl 0 hp 62 frg -1
ARGEVT Romero hazard
ARGEVT Romero route 6 start '2521.0 -191.0  32.0' goal '2777.0 -15.0 -72.0'
ARGEVT Joe Rogan hazard
ARGLOG Joe Rogan t  71.1 pos '1916.8 -1287.8 131.6' spd 241.6 yaw 69 mode 2 st 4 gl 1 hp 100 frg 3
ARGLOG Carmack t  71.1 pos '2187.9 -1968.0  79.9' spd  53.1 yaw 358 mode 2 st 10 gl 1 hp 64 frg 1
ARGEVT Carmack jump
ARGLOG Romero t  71.2 pos '2473.3 -144.0  26.1' spd 334.8 yaw 147 mode 2 st 12 gl 0 hp 62 frg -1
ARGLOG Joe Rogan t  71.6 pos '1904.4 -1169.1  20.0' spd 273.8 yaw 55 mode 2 st 4 gl 1 hp 100 frg 3
ARGLOG Carmack t  71.6 pos '2224.0 -1971.2 110.3' spd  16.2 yaw 359 mode 2 st 10 gl 1 hp 64 frg 1
ARGLOG Romero t  71.7 pos '2384.6 -240.0  24.0' spd 261.7 yaw 87 mode 2 st 12 gl 0 hp 62 frg -1
ARGEVT Carmack hazard
ARGEVT Joe Rogan hazard
ARGEVT Romero hazard
ARGLOG Joe Rogan t  72.1 pos '1934.7 -1121.6  20.0' spd 149.3 yaw 55 mode 2 st 4 gl 1 hp 100 frg 3
ARGLOG Carmack t  72.1 pos '2224.0 -1990.0  72.0' spd  54.4 yaw 0 mode 2 st 10 gl 1 hp 64 frg 1
ARGLOG Romero t  72.2 pos '2459.4 -164.6  24.0' spd 349.5 yaw 116 mode 2 st 12 gl 0 hp 62 frg -1
ARGEVT Joe Rogan jump
ARGLOG Joe Rogan t  72.6 pos '1936.0 -1248.7  63.7' spd  66.3 yaw 70 mode 2 st 4 gl 1 hp 100 frg 3
ARGLOG Carmack t  72.6 pos '2224.0 -2000.0  72.0' spd 0 yaw 2 mode 2 st 10 gl 1 hp 64 frg 1
ARGLOG Romero t  72.7 pos '2279.9 -142.1  24.0' spd 362.6 yaw 44 mode 2 st 12 gl 0 hp 62 frg -1
ARGEVT Carmack hazard
ARGEVT Joe Rogan jump
ARGLOG Joe Rogan t  73.1 pos '1936.0 -1211.7  27.4' spd 155.0 yaw 68 mode 2 st 4 gl 1 hp 100 frg 3
ARGLOG Carmack t  73.1 pos '2224.0 -2000.0  72.0' spd 0 yaw 2 mode 2 st 10 gl 1 hp 64 frg 1
ARGLOG Romero t  73.2 pos '2199.1  -2.9  24.0' spd 116.7 yaw 0 mode 2 st 12 gl 0 hp 62 frg -1
ARGEVT Carmack stall
ARGEVT Carmack stallnode '2473.0 -1999.0 120.0'
ARGEVT Carmack jump
ARGEVT Carmack route 2 start '2153.0 -2015.0  88.0' goal '2473.0 -1999.0 120.0'
ARGLOG Joe Rogan t  73.6 pos '1936.0 -1180.2  47.2' spd  66.3 yaw 64 mode 2 st 4 gl 1 hp 100 frg 3
ARGEVT Romero jump
ARGLOG Carmack t  73.6 pos '2224.0 -1998.8 107.5' spd  12.5 yaw 2 mode 2 st 11 gl 1 hp 64 frg 1
ARGLOG Romero t  73.7 pos '2348.2  -8.1  75.8' spd 324.4 yaw 353 mode 2 st 12 gl 0 hp 62 frg -1
ARGEVT Joe Rogan hazard
ARGEVT Joe Rogan jump
ARGEVT Carmack hazard
ARGLOG Joe Rogan t  74.1 pos '1936.0 -1217.1  60.6' spd   2.8 yaw 68 mode 2 st 4 gl 1 hp 100 frg 3
ARGEVT Carmack stall
ARGEVT Carmack stallnode '2153.0 -2015.0  88.0'
ARGLOG Carmack t  74.1 pos '2224.0 -1988.9  72.0' spd  41.7 yaw 146.6 mode 0 st 12 gl 1 hp 64 frg 1
ARGEVT Carmack jump
ARGLOG Romero t  74.2 pos '2425.3 -28.8 104.0' spd 205.8 yaw 2 mode 2 st 12 gl 0 hp 62 frg -1
ARGLOG Joe Rogan t  74.6 pos '1935.8 -1186.6  20.0' spd  61.7 yaw 65 mode 2 st 4 gl 1 hp 100 frg 3
ARGLOG Carmack t  74.6 pos '2210.0 -1980.2 103.9' spd  34.9 yaw 115.2 mode 0 st 12 gl 1 hp 64 frg 1
ARGEVT Joe Rogan jump
ARGLOG Romero t  74.7 pos '2583.1 -40.2 120.0' spd 320.0 yaw 7 mode 2 st 12 gl 0 hp 62 frg -1
ARGLOG Joe Rogan t  75.1 pos '1936.0 -1198.0  58.4' spd  82.7 yaw 66 mode 2 st 4 gl 1 hp 100 frg 3
ARGLOG Carmack t  75.1 pos '2164.3 -1894.4  24.0' spd 320.0 yaw 115.2 mode 0 st 12 gl 1 hp 64 frg 1
ARGLOG Romero t  75.2 pos '2640.0 -33.5 120.0' spd  35.8 yaw 7 mode 2 st 12 gl 0 hp 62 frg -1
ARGEVT Joe Rogan hazard
ARGEVT Carmack hazard
ARGEVT Joe Rogan jump
ARGLOG Joe Rogan t  75.6 pos '1936.0 -1222.0  50.1' spd  32.5 yaw 68 mode 2 st 4 gl 1 hp 100 frg 3
ARGEVT Carmack goal item_health
ARGLOG Carmack t  75.6 pos '2200.0 -1820.4  24.0' spd 320.9 yaw 345.7 mode 0 st 12 gl 1 hp 64 frg 1
ARGEVT Carmack route 4 start '2233.0 -1839.0  24.0' goal '2377.0 -1999.0 120.0'
ARGLOG Romero t  75.7 pos '2640.0 -25.3 120.0' spd   3.3 yaw 4 mode 2 st 12 gl 0 hp 62 frg -1
ARGEVT Romero stall
ARGEVT Romero stallnode '2777.0 -15.0 -72.0'
ARGEVT Romero jump
ARGEVT Romero route 2 start '2585.0 -15.0 120.0' goal '2777.0 -15.0 -72.0'
ARGLOG Joe Rogan t  76.1 pos '1936.0 -1183.7  21.7' spd  39.6 yaw 65 mode 2 st 4 gl 1 hp 100 frg 3
ARGLOG Carmack t  76.1 pos '2358.3 -1861.6  24.0' spd 320.5 yaw 336 mode 2 st 12 gl 1 hp 64 frg 1
ARGLOG Romero t  76.2 pos '2640.0 -14.3 162.7' spd  45.5 yaw  95.0 mode 2 st 13 gl 0 hp 62 frg -1
ARGEVT Joe Rogan jump
ARGLOG Joe Rogan t  76.6 pos '1936.0 -1213.7  63.5' spd   0.4 yaw 68 mode 2 st 4 gl 1 hp 100 frg 3
ARGLOG Carmack t  76.6 pos '2515.4 -1904.0  24.0' spd 325.3 yaw 353.0 mode 0 st 12 gl 1 hp 64 frg 1
ARGEVT Carmack route 5 start '2553.0 -1871.0  24.0' goal '2377.0 -1999.0 120.0'
ARGLOG Romero t  76.7 pos '2583.5 -19.4 120.0' spd 382.4 yaw 1 mode 2 st 13 gl 0 hp 62 frg -1
ARGEVT Carmack hazard
ARGEVT Joe Rogan hazard
ARGEVT Joe Rogan jump
ARGLOG Joe Rogan t  77.1 pos '1936.0 -1187.0  30.7' spd  46.7 yaw 65 mode 2 st 4 gl 1 hp 100 frg 3
ARGLOG Carmack t  77.1 pos '2589.4 -1896.1  24.0' spd 250.0 yaw 292 mode 2 st 12 gl 1 hp 64 frg 1
ARGEVT Romero hazard
ARGLOG Romero t  77.2 pos '2623.5 -151.9 120.0' spd 384.7 yaw 41 mode 2 st 13 gl 0 hp 100 frg -1
ARGLOG Joe Rogan t  77.6 pos '1936.0 -1203.8  45.2' spd  64.1 yaw 67 mode 2 st 4 gl 1 hp 100 frg 3
ARGLOG Carmack t  77.6 pos '2550.8 -1904.0  24.0' spd  35.5 yaw 313 mode 2 st 12 gl 1 hp 64 frg 1
ARGLOG Romero t  77.7 pos '2640.0   5.0 120.0' spd 186.6 yaw 352 mode 2 st 13 gl 0 hp 100 frg -1
ARGEVT Carmack hazard
ARGEVT Joe Rogan jump
ARGLOG Joe Rogan t  78.1 pos '1936.0 -1216.3  60.9' spd  60.9 yaw 68 mode 2 st 4 gl 1 hp 100 frg 3
ARGLOG Carmack t  78.2 pos '2533.8 -1904.0  24.0' spd  32.8 yaw 319 mode 2 st 12 gl 1 hp 64 frg 1
ARGLOG Romero t  78.2 pos '2640.0 -11.0 120.0' spd  35.1 yaw 359 mode 2 st 13 gl 0 hp 100 frg -1
ARGEVT Carmack abandon
ARGEVT Carmack goal item_armorInv
ARGEVT Carmack route 7 start '2553.0 -1871.0  24.0' goal '2393.0 -655.0  56.0'
ARGEVT Joe Rogan hazard
ARGLOG Joe Rogan t  78.7 pos '1936.0 -1189.5  20.0' spd  83.8 yaw 65 mode 2 st 4 gl 1 hp 100 frg 3
ARGLOG Carmack t  78.7 pos '2552.7 -1822.5  24.0' spd 334.4 yaw 97 mode 0 st 12 gl 1 hp 64 frg 1
ARGEVT Joe Rogan jump
ARGUS routecache adopt
ARGEVT Carmack route 7 start '2553.0 -1871.0  24.0' goal '2393.0 -655.0  56.0'
ARGLOG Romero t  78.8 pos '2640.0 -12.6 120.0' spd 0 yaw 360 mode 2 st 13 gl 0 hp 100 frg -1
ARGEVT Joe Rogan stall
ARGEVT Joe Rogan stallnode '2009.0 -1199.0 168.0'
ARGEVT Joe Rogan route 21 start '1881.0 -1311.0  88.0' goal '1465.0 -687.0 184.0'
ARGLOG Joe Rogan t  79.2 pos '1936.0 -1204.5  56.4' spd  48.4 yaw 263 mode 2 st 5 gl 1 hp 100 frg 3
ARGLOG Carmack t  79.2 pos '2549.5 -1657.4  24.0' spd 321.5 yaw 104 mode 2 st 12 gl 1 hp 64 frg 1
ARGLOG Romero t  79.3 pos '2640.0 -12.6 120.0' spd 0 yaw 360 mode 2 st 13 gl 0 hp 100 frg -1
ARGEVT Romero stall
ARGEVT Romero stallnode '2777.0 -15.0 -72.0'
ARGEVT Romero jump
ARGEVT Romero route 2 start '2585.0 -15.0 120.0' goal '2777.0 -15.0 -72.0'
ARGEVT Joe Rogan jump
ARGLOG Joe Rogan t  79.7 pos '1880.8 -1264.0  47.9' spd 283.1 yaw 308 mode 2 st 5 gl 1 hp 100 frg 3
ARGLOG Carmack t  79.7 pos '2508.1 -1499.6  24.0' spd 320.0 yaw 96 mode 2 st 12 gl 1 hp 64 frg 1
ARGEVT Romero engage Carmack
ARGEVT Carmack engage Romero
ARGEVT Carmack grab item_health
ARGLOG Romero t  79.8 pos '2640.0 -27.5 162.1' spd  45.6 yaw 255.4 mode 2 st 14 gl 0 hp 100 frg -1
ARGEVT Carmack route 4 start '2457.0 -1311.0  24.0' goal '2393.0 -655.0  56.0'
ARGLOG Joe Rogan t  80.2 pos '1855.5 -1264.0  25.5' spd  66.5 yaw 314 mode 2 st 5 gl 1 hp 100 frg 3
ARGLOG Carmack t  80.2 pos '2444.5 -1349.8  24.0' spd 321.9 yaw  84.8 mode 2 st 12 gl 1 hp 89 frg 1
ARGEVT Joe Rogan hazard
ARGEVT Romero grab weapon_nailgun
ARGEVT Romero pursue
ARGEVT Carmack pursue
ARGLOG Romero t  80.3 pos '2630.9 -102.3 120.0' spd 330.9 yaw 265 mode 2 st 14 gl 0 hp 100 frg -1
ARGEVT Carmack hazard
ARGUS Carmack hunch item_armor2
ARGEVT Carmack goal item_armor2
ARGEVT Carmack route 8 start '2457.0 -1311.0  24.0' goal '2777.0 -15.0 -72.0'
ARGEVT Carmack pursue
ARGLOG Joe Rogan t  80.7 pos '1923.8 -1254.4  20.0' spd  31.1 yaw 292 mode 2 st 5 gl 1 hp 100 frg 3
ARGLOG Carmack t  80.7 pos '2413.5 -1427.0  24.0' spd 404.1 yaw 346.0 mode 2 st 12 gl 1 hp 100 frg 1
ARGLOG Romero t  80.8 pos '2602.1 -262.5 120.0' spd 320.1 yaw 265 mode 2 st 14 gl 0 hp 100 frg -1
ARGEVT Joe Rogan stall
ARGEVT Joe Rogan stallnode '1913.0 -1391.0 104.0'
ARGEVT Joe Rogan jump
ARGLOG Joe Rogan t  81.2 pos '1861.7 -1264.0  49.4' spd 148.0 yaw 238.9 mode 0 st 6 gl 1 hp 100 frg 3
ARGLOG Carmack t  81.2 pos '2595.2 -1431.8  24.0' spd 414.1 yaw 88 mode 2 st 12 gl 1 hp 100 frg 1
ARGUS routecache adopt
ARGEVT Romero route 3 start '2553.0 -351.0 147.0' goal '2777.0 -15.0 -72.0'
ARGEVT Joe Rogan route 22 start '1817.0 -1295.0  56.0' goal '1465.0 -687.0 184.0'
ARGLOG Romero t  81.3 pos '2587.3 -422.4 120.0' spd 320.0 yaw 265 mode 2 st 14 gl 0 hp 100 frg -1
ARGEVT Carmack hazard
ARGEVT Romero route 4 start '2553.0 -495.0 147.0' goal '2777.0 -15.0 -72.0'
ARGLOG Joe Rogan t  81.7 pos '1823.3 -1311.6  56.0' spd 338.4 yaw 333 mode 2 st 6 gl 1 hp 100 frg 3
ARGLOG Carmack t  81.7 pos '2649.6 -1360.0  24.0' spd 310.9 yaw 165 mode 2 st 12 gl 1 hp 100 frg 1
ARGLOG Romero t  81.8 pos '2576.0 -582.6 120.0' spd 321.0 yaw 265 mode 2 st 14 gl 0 hp 100 frg -1
ARGEVT Carmack pursue
ARGEVT Joe Rogan jump
ARGLOG Joe Rogan t  82.2 pos '1926.2 -1392.0 114.9' spd 208.3 yaw 7 mode 2 st 6 gl 1 hp 100 frg 3
ARGLOG Carmack t  82.2 pos '2499.0 -1284.4  24.0' spd 370.5 yaw  79.5 mode 2 st 12 gl 1 hp 88 frg 1
ARGEVT Romero route 5 start '2585.0 -767.0 120.0' goal '2777.0 -15.0 -72.0'
ARGLOG Romero t  82.3 pos '2577.1 -744.3 120.0' spd 322.0 yaw 263.9 mode 2 st 14 gl 0 hp 100 frg -1
ARGLOG Joe Rogan t  82.7 pos '2039.2 -1376.5 136.0' spd 320.0 yaw 8 mode 2 st 6 gl 1 hp 100 frg 3
ARGEVT Romero retreat
ARGLOG Carmack t  82.7 pos '2473.6 -1161.7  24.0' spd 326.1 yaw  78.6 mode 2 st 12 gl 1 hp 88 frg 1
ARGEVT Carmack pursue
ARGLOG Romero t  82.8 pos '2591.0 -851.0 120.0' spd 157.9 yaw 253.9 mode 0 st 14 gl 0 hp 20 frg -1
ARGEVT Joe Rogan hazard
ARGUS routecache adopt
ARGEVT Romero route 5 start '2585.0 -767.0 120.0' goal '2777.0 -15.0 -72.0'
ARGEVT Carmack lift
ARGUS routecache adopt
ARGEVT Romero route 5 start '2585.0 -767.0 120.0' goal '2777.0 -15.0 -72.0'
ARGEVT Romero pursue
ARGEVT Carmack board
ARGLOG Joe Rogan t  83.2 pos '2086.5 -1241.3 136.0' spd 389.2 yaw 103 mode 2 st 6 gl 1 hp 100 frg 3
ARGLOG Carmack t  83.2 pos '2476.5 -1012.5  40.7' spd 0 yaw  60.0 mode 2 st 12 gl 1 hp 88 frg 1
ARGLOG Romero t  83.3 pos '2640.0 -730.4 120.0' spd 334.5 yaw 240.7 mode 2 st 14 gl 0 hp 20 frg -1
ARGEVT Carmack hazard
ARGLOG Joe Rogan t  83.7 pos '2004.4 -1078.8 200.0' spd 429.1 yaw  35.2 mode 2 st 6 gl 1 hp 100 frg 3
ARGLOG Carmack t  83.7 pos '2523.6 -1002.0 116.5' spd 206.8 yaw  78.9 mode 2 st 12 gl 1 hp 60 frg 1
ARGLOG Romero t  83.8 pos '2640.0 -561.2 120.0' spd 334.5 yaw 251.6 mode 2 st 14 gl 0 hp 20 frg -1
ARGEVT Joe Rogan route 18 start '2025.0 -1119.0 200.0' goal '1465.0 -687.0 184.0'
ARGLOG Joe Rogan t  84.2 pos '2096.0 -971.7 162.8' spd  31.8 yaw 196 mode 2 st 6 gl 1 hp 100 frg 3
ARGLOG Carmack t  84.2 pos '2523.1 -942.8 120.0' spd 155.0 yaw  86.4 mode 2 st 12 gl 1 hp 60 frg 1
ARGLOG Romero t  84.3 pos '2597.0 -401.2 120.0' spd 321.8 yaw 257.6 mode 2 st 14 gl 0 hp 20 frg -1
ARGEVT Romero hazard
ARGEVT Carmack pursue
ARGEVT Romero pursue
ARGLOG Joe Rogan t  84.7 pos '2079.6 -1008.0  32.0' spd 166.3 yaw 244 mode 2 st 6 gl 1 hp 100 frg 3
ARGLOG Carmack t  84.7 pos '2463.0 -820.1 120.0' spd 329.4 yaw  72.3 mode 2 st 12 gl 1 hp 60 frg 1
ARGEVT Carmack hazard
ARGLOG Romero t  84.8 pos '2549.6 -307.1 155.9' spd  52.8 yaw 268 mode 2 st 14 gl 0 hp 20 frg -1
ARGUS routecache adopt
ARGEVT Joe Rogan route 15 start '1673.0 -703.0  24.0' goal '1465.0 -687.0 184.0'
ARGEVT Carmack pursue
ARGUS Carmack prefire
ARGLOG Joe Rogan t  85.2 pos '1696.0 -953.0  20.0' spd 300 yaw 0 mode 2 st 6 gl 1 hp 100 frg 3
ARGLOG Carmack t  85.2 pos '2606.5 -758.1 120.0' spd 320.5 yaw 103.1 mode 2 st 12 gl 1 hp 56 frg 1
ARGLOG Romero t  85.3 pos '2549.2 -332.9 158.4' spd 243.1 yaw 276.1 mode 2 st 14 gl 0 hp 20 frg -1
ARGEVT Carmack grab item_armorInv
ARGLOG Joe Rogan t  85.7 pos '1732.5 -986.9  20.0' spd 358.4 yaw 2 mode 2 st 6 gl 1 hp 100 frg 3
ARGLOG Carmack t  85.8 pos '2619.8 -724.5 120.0' spd  70.5 yaw  96.6 mode 2 st 12 gl 1 hp 32 frg 1
ARGLOG Romero t  85.8 pos '2553.1 -312.1 146.4' spd 118.8 yaw 276.0 mode 2 st 14 gl 0 hp 20 frg -1
ARGEVT Carmack weapon sg
ARGEVT Romero hazard
ARGUS routecache adopt
ARGEVT Joe Rogan route 17 start '2025.0 -991.0  32.0' goal '1465.0 -687.0 184.0'
ARGEVT Romero death Carmack pos '2561.0 -312.4 120.0'
ARGUS Carmack watch spawn
ARGLOG Joe Rogan t  86.2 pos '1896.7 -1010.7  20.0' spd 321.0 yaw 5 mode 2 st 6 gl 1 hp 100 frg 3
ARGLOG Carmack t  86.3 pos '2593.1 -744.2 120.0' spd 252.7 yaw 145.7 mode 2 st 12 gl 1 hp 12 frg 2
ARGEVT Carmack goal item_health
ARGEVT Carmack hazard
ARGEVT Carmack route 5 start '2585.0 -767.0 120.0' goal '2633.0 193.0 -72.0'
ARGLOG Joe Rogan t  86.8 pos '1936.0 -1008.0  20.0' spd   3.9 yaw 5 mode 2 st 6 gl 1 hp 100 frg 3
ARGLOG Carmack t  86.8 pos '2587.4 -668.3 120.0' spd 327.7 yaw 95 mode 2 st 12 gl 1 hp 12 frg 2
ARGEVT Joe Rogan hazard
ARGLOG Joe Rogan t  87.3 pos '1936.0 -996.4  20.0' spd  32.3 yaw 124 mode 2 st 6 gl 1 hp 100 frg 3
ARGLOG Carmack t  87.3 pos '2586.1 -503.0 120.0' spd 320.4 yaw 99 mode 2 st 12 gl 1 hp 12 frg 2
ARGEVT Carmack weapon rl
ARGEVT Romero respawn
ARGEVT Romero goal item_armorInv
ARGLOG Romero t  87.8 pos '2176.0 -2176.0  84.0' spd 0 yaw  85.5 mode 0 st 14 gl 0 hp 100 frg -1
ARGEVT Romero hazard
ARGEVT Romero route 3 start '2153.0 -2175.0  88.0' goal '2473.0 -1999.0 120.0'
ARGLOG Joe Rogan t  87.8 pos '1936.0 -981.9  20.0' spd   7.9 yaw 125 mode 2 st 6 gl 1 hp 100 frg 3
ARGLOG Carmack t  87.8 pos '2566.6 -339.6 120.0' spd 339.0 yaw 74 mode 2 st 12 gl 1 hp 12 frg 2
ARGEVT Joe Rogan stall
ARGEVT Joe Rogan stallnode '2025.0 -991.0  32.0'
ARGEVT Joe Rogan jump
ARGEVT Romero door
ARGEVT Romero jump
ARGEVT Joe Rogan route 18 start '2057.0 -943.0  32.0' goal '1465.0 -687.0 184.0'
ARGLOG Romero t  88.3 pos '2156.6 -2032.4  98.7' spd 332.5 yaw  64.7 mode 2 st 14 gl 0 hp 100 frg -1
ARGLOG Joe Rogan t  88.3 pos '1936.0 -982.0  53.7' spd  39.3 yaw 355 mode 2 st 7 gl 1 hp 100 frg 3
ARGLOG Carmack t  88.3 pos '2618.3 -180.5 120.0' spd 396.3 yaw   3.5 mode 2 st 12 gl 1 hp 12 frg 2
ARGEVT Carmack hazard
ARGLOG Romero t  88.8 pos '2160.8 -1968.0 112.7' spd  30.0 yaw 359 mode 2 st 14 gl 0 hp 100 frg -1
ARGLOG Joe Rogan t  88.8 pos '1936.0 -935.2  20.0' spd 106.2 yaw 328 mode 2 st 7 gl 1 hp 100 frg 3
ARGLOG Carmack t  88.8 pos '2625.8 -166.0 120.0' spd 322.3 yaw 243 mode 2 st 12 gl 1 hp 12 frg 2
ARGEVT Joe Rogan hazard
ARGEVT Romero jump
ARGLOG Romero t  89.3 pos '2224.0 -1971.0 109.2' spd  15.8 yaw 359 mode 2 st 14 gl 0 hp 100 frg -1
ARGLOG Joe Rogan t  89.3 pos '1936.0 -935.1  20.0' spd   2.3 yaw 328 mode 2 st 7 gl 1 hp 100 frg 3
ARGLOG Carmack t  89.3 pos '2559.5 -304.3 136.0' spd 149.6 yaw 81 mode 2 st 12 gl 1 hp 12 frg 2
ARGEVT Joe Rogan stall
ARGEVT Joe Rogan stallnode '2057.0 -943.0  32.0'
ARGEVT Joe Rogan jump
ARGUS routecache adopt
ARGEVT Joe Rogan route 18 start '2057.0 -943.0  32.0' goal '1465.0 -687.0 184.0'
ARGEVT Romero hazard
ARGLOG Romero t  89.8 pos '2224.0 -1983.5  72.0' spd  60.9 yaw 0 mode 2 st 14 gl 0 hp 100 frg -1
ARGLOG Joe Rogan t  89.8 pos '1936.0 -925.0  62.2' spd  55.3 yaw 324 mode 2 st 8 gl 1 hp 100 frg 3
ARGLOG Carmack t  89.8 pos '2559.1 -304.0 136.0' spd  77.8 yaw 81 mode 2 st 12 gl 1 hp 12 frg 2
ARGEVT Joe Rogan hazard
ARGEVT Joe Rogan stall
ARGEVT Joe Rogan stallnode '2057.0 -943.0  32.0'
ARGEVT Joe Rogan jump
ARGLOG Romero t  90.3 pos '2224.0 -2000.0  72.0' spd 0 yaw 2 mode 2 st 14 gl 0 hp 100 frg -1
ARGLOG Joe Rogan t  90.3 pos '1936.0 -939.1  37.2' spd  76.4 yaw 233.4 mode 0 st 9 gl 1 hp 100 frg 3
ARGLOG Carmack t  90.3 pos '2620.6 -168.1 120.0' spd 320.7 yaw 88 mode 2 st 12 gl 1 hp 12 frg 2
ARGEVT Romero hazard
ARGLOG Romero t  90.8 pos '2224.0 -2000.0  72.0' spd 0 yaw 2 mode 2 st 14 gl 0 hp 100 frg -1
ARGLOG Joe Rogan t  90.8 pos '1936.0 -978.4  37.3' spd  76.4 yaw 233.4 mode 0 st 9 gl 1 hp 100 frg 3
ARGLOG Carmack t  90.8 pos '2640.0  -6.2 120.0' spd 320.0 yaw 92 mode 2 st 12 gl 1 hp 12 frg 2
ARGEVT Romero stall
ARGEVT Romero stallnode '2473.0 -1999.0 120.0'
ARGEVT Romero jump
ARGEVT Romero route 2 start '2153.0 -2015.0  88.0' goal '2473.0 -1999.0 120.0'
ARGLOG Romero t  91.3 pos '2224.0 -1999.5  97.8' spd   7.3 yaw 2 mode 2 st 15 gl 0 hp 100 frg -1
ARGLOG Joe Rogan t  91.3 pos '1870.3 -1089.6  20.0' spd 320.1 yaw 233.4 mode 0 st 9 gl 1 hp 100 frg 3
ARGLOG Carmack t  91.3 pos '2639.1  16.0 120.0' spd   0.8 yaw 91 mode 2 st 12 gl 1 hp 12 frg 2
ARGEVT Joe Rogan goal weapon_rocketlauncher
ARGEVT Carmack stall
ARGEVT Carmack stallnode '2633.0 193.0 -72.0'
ARGEVT Carmack jump
ARGEVT Joe Rogan route 23 start '1785.0 -1279.0  40.0' goal '1465.0 -687.0 184.0'
ARGLOG Romero t  91.8 pos '2224.0 -1989.2  81.4' spd  28.0 yaw 0 mode 2 st 15 gl 0 hp 100 frg -1
ARGEVT Carmack route 2 start '2585.0 -15.0 120.0' goal '2633.0 193.0 -72.0'
ARGLOG Joe Rogan t  91.8 pos '1775.4 -1221.0  20.0' spd 320.4 yaw 320 mode 2 st 9 gl 1 hp 100 frg 3
ARGEVT Romero hazard
ARGLOG Carmack t  91.8 pos '2638.2  16.0 137.2' spd  17.7 yaw 280 mode 2 st 13 gl 1 hp 12 frg 2
ARGEVT Romero stall
ARGEVT Romero stallnode '2153.0 -2015.0  88.0'
ARGEVT Romero jump
ARGEVT Joe Rogan jump
ARGLOG Romero t  92.3 pos '2217.6 -2015.1 112.6' spd  61.5 yaw 194.4 mode 0 st 16 gl 0 hp 100 frg -1
ARGLOG Joe Rogan t  92.3 pos '1727.6 -1372.5  58.4' spd 354.3 yaw 355 mode 2 st 9 gl 1 hp 100 frg 3
ARGLOG Carmack t  92.3 pos '2614.7  14.8 139.3' spd  59.6 yaw 84 mode 2 st 13 gl 1 hp 12 frg 2
ARGEVT Joe Rogan hazard
ARGLOG Romero t  92.8 pos '2145.7 -2059.6  88.0' spd 124.5 yaw 347.0 mode 0 st 16 gl 0 hp 100 frg -1
ARGLOG Joe Rogan t  92.8 pos '1743.2 -1432.3  24.0' spd  31.8 yaw 13 mode 2 st 9 gl 1 hp 100 frg 3
ARGLOG Carmack t  92.9 pos '2640.0 -54.2 120.0' spd 288.2 yaw  51.2 mode 2 st 13 gl 1 hp 12 frg 2
ARGLOG Romero t  93.3 pos '2162.8 -2060.9  88.0' spd 320.1 yaw 151.1 mode 0 st 16 gl 0 hp 100 frg -1
ARGLOG Joe Rogan t  93.4 pos '1742.1 -1448.6  24.0' spd  30.4 yaw 18 mode 2 st 9 gl 1 hp 100 frg 3
ARGLOG Carmack t  93.4 pos '2639.5  16.0 120.0' spd   1.7 yaw 92 mode 2 st 13 gl 1 hp 12 frg 2
ARGEVT Romero goal weapon_rocketlauncher
ARGEVT Romero route 3 start '2153.0 -2015.0  88.0' goal '2473.0 -1711.0  24.0'
ARGEVT Joe Rogan hazard
ARGEVT Romero hazard
ARGEVT Joe Rogan stall
ARGEVT Joe Rogan stallnode '1881.0 -1311.0  88.0'
ARGEVT Joe Rogan jump
ARGLOG Romero t  93.8 pos '2223.9 -2073.9  88.0' spd 308.0 yaw 12 mode 2 st 16 gl 0 hp 100 frg -1
ARGEVT Joe Rogan route 23 start '1785.0 -1391.0  40.0' goal '1465.0 -687.0 184.0'
ARGLOG Joe Rogan t  93.9 pos '1744.0 -1399.7  47.0' spd 280.6 yaw 3 mode 2 st 10 gl 1 hp 100 frg 3
ARGLOG Carmack t  93.9 pos '2638.9  16.0 120.0' spd   0.8 yaw 91 mode 2 st 13 gl 1 hp 12 frg 2
ARGEVT Carmack stall
ARGEVT Carmack stallnode '2633.0 193.0 -72.0'
ARGEVT Carmack jump
ARGEVT Carmack route 2 start '2585.0 -15.0 120.0' goal '2633.0 193.0 -72.0'
ARGLOG Romero t  94.3 pos '2224.0 -2118.5  88.0' spd  51.2 yaw 18 mode 2 st 16 gl 0 hp 100 frg -1
ARGLOG Joe Rogan t  94.4 pos '1797.3 -1275.9  40.0' spd 302.4 yaw 316 mode 2 st 10 gl 1 hp 100 frg 3
ARGLOG Carmack t  94.4 pos '2616.4  16.0 153.7' spd  61.6 yaw 84 mode 2 st 14 gl 1 hp 12 frg 2
ARGEVT Romero hazard
ARGEVT Joe Rogan hazard
ARGLOG Romero t  94.8 pos '2224.0 -2138.4  88.0' spd  43.2 yaw 21 mode 2 st 16 gl 0 hp 100 frg -1
ARGLOG Joe Rogan t  94.9 pos '1859.6 -1258.3  20.0' spd 247.2 yaw 292 mode 2 st 10 gl 1 hp 100 frg 3
ARGLOG Carmack t  94.9 pos '2620.2 -77.8 120.0' spd 424.5 yaw 354.3 mode 2 st 14 gl 1 hp 12 frg 2
ARGEVT Carmack hazard
ARGLOG Romero t  95.3 pos '2224.0 -2151.8  88.0' spd  19.1 yaw 22 mode 2 st 16 gl 0 hp 100 frg -1
ARGLOG Joe Rogan t  95.4 pos '1927.1 -1258.9  20.0' spd  64.2 yaw 264 mode 2 st 10 gl 1 hp 100 frg 3
ARGLOG Carmack t  95.4 pos '2639.7  16.0 120.0' spd   1.7 yaw 92 mode 2 st 14 gl 1 hp 12 frg 2
ARGEVT Romero hazard
ARGEVT Joe Rogan hazard
ARGLOG Romero t  95.8 pos '2224.0 -2159.7  88.0' spd  17.5 yaw 23 mode 2 st 16 gl 0 hp 100 frg -1
ARGLOG Joe Rogan t  95.9 pos '1936.0 -1259.8  20.0' spd   1.6 yaw 261 mode 2 st 10 gl 1 hp 100 frg 3
ARGLOG Carmack t  95.9 pos '2639.1  16.0 120.0' spd   0.8 yaw 91 mode 2 st 14 gl 1 hp 12 frg 2
ARGEVT Carmack stall
ARGEVT Carmack stallnode '2633.0 193.0 -72.0'
ARGEVT Carmack jump
ARGEVT Romero stall
ARGEVT Romero stallnode '2153.0 -1919.0  40.0'
ARGEVT Romero jump
ARGUS routecache adopt
ARGEVT Carmack route 2 start '2585.0 -15.0 120.0' goal '2633.0 193.0 -72.0'
ARGEVT Romero abandon
ARGEVT Romero goal item_armorInv
ARGEVT Romero route 8 start '2153.0 -2175.0  88.0' goal '2393.0 -655.0  56.0'
ARGLOG Romero t  96.3 pos '2223.2 -2161.1  88.0' spd 151.2 yaw 106 mode 2 st 17 gl 0 hp 100 frg -1
ARGLOG Joe Rogan t  96.4 pos '1936.0 -1260.6  20.0' spd   1.7 yaw 261 mode 2 st 10 gl 1 hp 100 frg 3
ARGLOG Carmack t  96.4 pos '2623.4  16.0 162.2' spd  54.6 yaw 293 mode 2 st 15 gl 1 hp 12 frg 2
ARGEVT Joe Rogan stall
ARGEVT Joe Rogan stallnode '1881.0 -1391.0  88.0'
ARGEVT Joe Rogan jump
ARGEVT Joe Rogan route 21 start '1881.0 -1311.0  88.0' goal '1465.0 -687.0 184.0'
ARGLOG Romero t  96.9 pos '2128.8 -2084.0  88.0' spd 322.4 yaw 42 mode 2 st 17 gl 0 hp 100 frg -1
ARGLOG Joe Rogan t  96.9 pos '1926.4 -1264.0  63.6' spd  60.4 yaw 292 mode 2 st 11 gl 1 hp 100 frg 3
ARGLOG Carmack t  96.9 pos '2623.9 -46.0 120.0' spd 390.7 yaw 343.4 mode 2 st 15 gl 1 hp 12 frg 2
ARGEVT Joe Rogan hazard
ARGLOG Romero t  97.4 pos '2155.5 -1922.4  40.0' spd 369.3 yaw 58 mode 2 st 17 gl 0 hp 100 frg -1
ARGLOG Joe Rogan t  97.4 pos '1890.1 -1263.2  20.0' spd  72.0 yaw 305 mode 2 st 11 gl 1 hp 100 frg 3
ARGLOG Carmack t  97.4 pos '2639.9  16.0 120.0' spd   1.6 yaw 92 mode 2 st 15 gl 1 hp 12 frg 2
ARGLOG Romero t  97.9 pos '2315.8 -1845.1  24.0' spd 350.8 yaw 77 mode 2 st 17 gl 0 hp 100 frg -1
ARGLOG Joe Rogan t  97.9 pos '1862.3 -1263.9  20.0' spd  41.6 yaw 313 mode 2 st 11 gl 1 hp 100 frg 3
ARGLOG Carmack t  97.9 pos '2639.1  16.0 120.0' spd   0.8 yaw 91 mode 2 st 15 gl 1 hp 12 frg 2
ARGEVT Carmack stall
ARGEVT Carmack stallnode '2633.0 193.0 -72.0'
ARGEVT Carmack jump
ARGEVT Carmack route 2 start '2585.0 -15.0 120.0' goal '2633.0 193.0 -72.0'
ARGEVT Carmack engage Romero
ARGEVT Carmack grab item_health
ARGEVT Carmack retreat
ARGEVT Romero engage Carmack
ARGEVT Romero grab item_armorInv
ARGEVT Joe Rogan hazard
ARGLOG Romero t  98.4 pos '2478.9 -1825.7  24.0' spd 298.8 yaw  88.8 mode 2 st 17 gl 0 hp 100 frg -1
ARGLOG Joe Rogan t  98.4 pos '1848.1 -1264.0  20.0' spd   5.3 yaw 316 mode 2 st 11 gl 1 hp 100 frg 3
ARGLOG Carmack t  98.4 pos '2632.5  14.2 163.0' spd  43.6 yaw 280.6 mode 2 st 16 gl 1 hp 12 frg 2
ARGEVT Romero hazard
ARGEVT Romero grab weapon_rocketlauncher
ARGEVT Romero route 7 start '2553.0 -1871.0  24.0' goal '2393.0 -655.0  56.0'
ARGEVT Carmack pursue
ARGEVT Romero pursue
ARGLOG Romero t  98.9 pos '2541.6 -1860.7  24.0' spd 320.1 yaw 87 mode 2 st 17 gl 0 hp 100 frg -1
ARGLOG Joe Rogan t  98.9 pos '1842.8 -1264.0  20.0' spd  23.1 yaw 317 mode 2 st 11 gl 1 hp 100 frg 3
ARGLOG Carmack t  98.9 pos '2621.2 -26.3 120.0' spd 320.3 yaw 266 mode 2 st 16 gl 1 hp 12 frg 2
ARGUS routecache adopt
ARGEVT Romero route 6 start '2569.0 -1727.0  24.0' goal '2393.0 -655.0  56.0'
ARGEVT Joe Rogan hazard
ARGLOG Romero t  99.4 pos '2553.5 -1699.9  24.0' spd 320.0 yaw 87 mode 2 st 17 gl 0 hp 100 frg -1
ARGEVT Carmack route 2 start '2633.0 -143.0 120.0' goal '2633.0 193.0 -72.0'
ARGEVT Joe Rogan stall
ARGEVT Joe Rogan stallnode '1913.0 -1391.0 104.0'
ARGEVT Joe Rogan jump
ARGLOG Joe Rogan t  99.4 pos '1839.3 -1264.0  23.7' spd   4.0 yaw 296.2 mode 0 st 12 gl 1 hp 100 frg 3
ARGLOG Carmack t  99.4 pos '2608.6 -187.1 120.0' spd 320.0 yaw 266 mode 2 st 16 gl 1 hp 12 frg 2
ARGEVT Joe Rogan route 22 start '1817.0 -1295.0  56.0' goal '1465.0 -687.0 184.0'
ARGLOG Romero t  99.9 pos '2564.8 -1538.7  24.0' spd 320.0 yaw 87 mode 2 st 17 gl 0 hp 100 frg -1
ARGLOG Joe Rogan t  99.9 pos '1849.9 -1264.0  49.4' spd  61.7 yaw 316 mode 2 st 12 gl 1 hp 100 frg 3
ARGLOG Carmack t  99.9 pos '2597.4 -348.0 120.0' spd 320.0 yaw 266 mode 2 st 16 gl 1 hp 12 frg 2
ARGUS Carmack prefire
ARGEVT Carmack route 4 start '2553.0 -495.0 147.0' goal '2633.0 193.0 -72.0'
ARGEVT Joe Rogan hazard
ARGLOG Romero t 100.4 pos '2576.1 -1377.8  24.0' spd 320 yaw 87 mode 2 st 17 gl 0 hp 100 frg -1
ARGUS routecache adopt
ARGEVT Carmack route 4 start '2553.0 -495.0 147.0' goal '2633.0 193.0 -72.0'
ARGLOG Joe Rogan t 100.4 pos '1851.6 -1264.0  20.0' spd  23.1 yaw 315 mode 2 st 12 gl 1 hp 100 frg 3
ARGLOG Carmack t 100.5 pos '2586.1 -509.5 120.0' spd 320.0 yaw 266 mode 2 st 16 gl 1 hp 12 frg 2
ARGUS Romero hunch item_health
ARGEVT Romero hazard
ARGEVT Romero goal item_armor2
ARGEVT Romero route 15 start '2585.0 -1375.0  24.0' goal '2057.0 -943.0  32.0'
ARGEVT Joe Rogan stall
ARGEVT Joe Rogan stallnode '1913.0 -1391.0 104.0'
ARGEVT Joe Rogan jump
ARGEVT Romero pursue
ARGLOG Romero t 100.9 pos '2548.0 -1296.0  24.0' spd 385.6 yaw 138.1 mode 2 st 17 gl 0 hp 100 frg -1
ARGUS Carmack hunch item_armorInv
ARGLOG Joe Rogan t 100.9 pos '1847.8 -1264.0  45.8' spd  13.2 yaw 260.2 mode 0 st 13 gl 1 hp 100 frg 3
ARGLOG Carmack t 101.0 pos '2576.0 -666.2 120.0' spd 151.2 yaw 125.1 mode 2 st 16 gl 1 hp 12 frg 2
ARGEVT Carmack hazard
ARGEVT Joe Rogan route 22 start '1817.0 -1295.0  56.0' goal '1465.0 -687.0 184.0'
ARGEVT Carmack goal item_armorInv
ARGEVT Carmack route 3 start '2601.0 -623.0 120.0' goal '2393.0 -655.0  56.0'
ARGEVT Carmack death Carmack pos '2576.0 -628.1 120.0'
ARGLOG Romero t 101.4 pos '2468.0 -1146.7  24.0' spd 328.3 yaw 78 mode 2 st 17 gl 0 hp 100 frg -1
ARGLOG Joe Rogan t 101.4 pos '1855.6 -1300.8  72.0' spd 339.1 yaw 339.3 mode 2 st 13 gl 1 hp 100 frg 3
ARGEVT Romero lift
ARGEVT Joe Rogan jump
ARGEVT Romero board
ARGLOG Romero t 101.9 pos '2485.6 -1009.3  47.0' spd 0 yaw 76 mode 2 st 17 gl 0 hp 100 frg -1
ARGLOG Joe Rogan t 101.9 pos '1945.3 -1358.0 146.9' spd  85.5 yaw 11 mode 2 st 13 gl 1 hp 100 frg 3
ARGLOG Romero t 102.4 pos '2516.7 -905.9 120.0' spd 192.8 yaw 77 mode 2 st 17 gl 0 hp 100 frg -1
ARGLOG Joe Rogan t 102.5 pos '2006.6 -1380.3 136.0' spd 322.9 yaw 15 mode 2 st 13 gl 1 hp 100 frg 3
ARGEVT Joe Rogan hazard
ARGEVT Carmack respawn
ARGEVT Carmack goal 
ARGLOG Carmack t 102.7 pos '2624.0 -488.0  32.0' spd 0 yaw 184.8 mode 0 st 16 gl 1 hp 100 frg 1
ARGEVT Carmack route 2 start '2553.0 -495.0  24.0' goal '2601.0 -623.0 120.0'
ARGEVT Carmack jump
ARGLOG Romero t 102.9 pos '2565.8 -762.6 120.0' spd 224.1 yaw 85 mode 2 st 17 gl 0 hp 100 frg -1
ARGLOG Joe Rogan t 103.0 pos '2083.4 -1278.5 136.0' spd 333.5 yaw 101 mode 2 st 13 gl 1 hp 100 frg 3
ARGEVT Joe Rogan jump
ARGLOG Carmack t 103.2 pos '2480.0 -502.9  10.3' spd 320.0 yaw 316 mode 2 st 16 gl 1 hp 100 frg 1
ARGLOG Romero t 103.4 pos '2588.5 -600.4 120.0' spd 325.7 yaw 84 mode 2 st 17 gl 0 hp 100 frg -1
ARGLOG Joe Rogan t 103.5 pos '2015.5 -1216.4 177.1' spd 172.4 yaw  36.7 mode 2 st 13 gl 1 hp 100 frg 3
ARGEVT Carmack goal item_armorInv
ARGEVT Carmack route 3 start '2425.0 -447.0   8.0' goal '2393.0 -655.0  56.0'
ARGEVT Carmack hazard
ARGLOG Carmack t 103.7 pos '2512.0 -389.8   8.0' spd  10.3 yaw 301.0 mode 2 st 16 gl 1 hp 100 frg 1
ARGEVT Romero engage Carmack
ARGEVT Romero weapon sg
ARGEVT Carmack engage Romero
ARGEVT Joe Rogan hazard
ARGLOG Romero t 103.9 pos '2544.0 -448.6 175.6' spd 190.6 yaw 189.9 mode 2 st 17 gl 0 hp 100 frg -1
ARGLOG Joe Rogan t 104.0 pos '2083.3 -1182.7 168.0' spd 357.9 yaw 126 mode 2 st 13 gl 1 hp 100 frg 3
ARGEVT Romero weapon rl
ARGLOG Carmack t 104.2 pos '2440.4 -429.9   8.0' spd 321.7 yaw  13.5 mode 2 st 16 gl 1 hp 100 frg 1
ARGLOG Romero t 104.4 pos '2562.0 -430.2 120.0' spd 295.2 yaw 179.9 mode 2 st 17 gl 0 hp 100 frg -1
ARGLOG Joe Rogan t 104.5 pos '2067.8 -1054.4 200.0' spd 323.0 yaw 134 mode 2 st 13 gl 1 hp 100 frg 3
ARGEVT Romero retreat
ARGLOG Carmack t 104.7 pos '2346.9 -497.6   8.0' spd 328.7 yaw 348.9 mode 2 st 16 gl 1 hp 100 frg 1
ARGEVT Joe Rogan route 18 start '2025.0 -1119.0 200.0' goal '1465.0 -687.0 184.0'
ARGEVT Romero hazard
ARGEVT Carmack grab item_armorInv
ARGEVT Romero route 11 start '2601.0 -623.0 120.0' goal '2057.0 -943.0  32.0'
ARGLOG Romero t 104.9 pos '2630.7 -550.1 120.0' spd 192.5 yaw 165.7 mode 2 st 17 gl 0 hp 30 frg -1
ARGLOG Joe Rogan t 105.0 pos '2000.0 -900.8 149.3' spd 299.5 yaw 51 mode 2 st 13 gl 1 hp 100 frg 3
ARGEVT Carmack pursue
ARGEVT Romero pursue
ARGLOG Carmack t 105.2 pos '2375.4 -508.3   8.0' spd 168.9 yaw 356 mode 2 st 16 gl 1 hp 100 frg 1
ARGLOG Romero t 105.4 pos '2586.4 -598.1 120.0' spd 128.4 yaw 102.4 mode 2 st 17 gl 0 hp 30 frg -1
ARGLOG Joe Rogan t 105.5 pos '2054.2 -855.8  32.0' spd 321.3 yaw 258 mode 2 st 13 gl 1 hp 100 frg 3
ARGEVT Joe Rogan hazard
ARGEVT Romero pursue
ARGLOG Carmack t 105.7 pos '2532.9 -512.9  24.0' spd 331.7 yaw 332.1 mode 2 st 16 gl 1 hp 100 frg 1
ARGUS Romero prefire
ARGEVT Carmack hazard
ARGLOG Romero t 106.0 pos '2566.2 -470.4 120.0' spd 307.8 yaw 192 mode 2 st 17 gl 0 hp 30 frg -1
ARGLOG Joe Rogan t 106.0 pos '2090.4 -946.2  32.0' spd 320.2 yaw 215 mode 2 st 13 gl 1 hp 100 frg 3
ARGLOG Carmack t 106.2 pos '2594.9 -528.0  32.0' spd 320.9 yaw 185 mode 2 st 16 gl 1 hp 100 frg 1
ARGEVT Carmack jump
ARGLOG Romero t 106.5 pos '2546.9 -457.3 163.1' spd 121.8 yaw 196 mode 2 st 17 gl 0 hp 30 frg -1
ARGEVT Carmack pursue
ARGLOG Joe Rogan t 106.5 pos '1696.0 -948.8  21.6' spd 300 yaw 243.7 mode 0 st 13 gl 1 hp 100 frg 3
ARGEVT Joe Rogan route 15 start '1673.0 -703.0  24.0' goal '1465.0 -687.0 184.0'
ARGLOG Carmack t 106.7 pos '2431.8 -528.0  67.4' spd 322.1 yaw 241.4 mode 2 st 16 gl 1 hp 100 frg 1
ARGEVT Romero weapon sg
ARGEVT Romero route 10 start '2553.0 -495.0 147.0' goal '2057.0 -943.0  32.0'
ARGEVT Romero weapon rl
ARGLOG Romero t 107.0 pos '2558.9 -484.9 136.0' spd 320.1 yaw 182.9 mode 2 st 17 gl 0 hp 30 frg -1
ARGLOG Joe Rogan t 107.0 pos '1696.0 -953.0  20.0' spd 300 yaw 88 mode 2 st 13 gl 1 hp 100 frg 3
ARGLOG Carmack t 107.3 pos '2273.5 -482.3   8.0' spd 382.5 yaw  17.2 mode 2 st 16 gl 1 hp 100 frg 1
ARGLOG Romero t 107.5 pos '2556.7 -322.7 136.8' spd 410.3 yaw 181.8 mode 2 st 17 gl 0 hp 6 frg -1
ARGLOG Joe Rogan t 107.5 pos '1686.2 -849.6  20.0' spd 323.1 yaw  81.2 mode 2 st 13 gl 1 hp 100 frg 3
ARGEVT Carmack retreat
ARGEVT Romero grab item_health
ARGLOG Carmack t 107.8 pos '2263.7 -527.3  25.1' spd 183.9 yaw  39.5 mode 2 st 16 gl 1 hp 17 frg 1
ARGEVT Joe Rogan hazard
ARGEVT Romero hazard
ARGLOG Romero t 108.0 pos '2542.8 -161.8 120.0' spd 345.5 yaw 227.7 mode 2 st 17 gl 0 hp 46 frg -1
ARGEVT Carmack pursue
ARGLOG Joe Rogan t 108.0 pos '1740.6 -683.9  24.0' spd 321.0 yaw 58 mode 2 st 13 gl 1 hp 100 frg 3
ARGEVT Romero pursue
ARGLOG Carmack t 108.3 pos '2278.2 -475.7   8.0' spd 278.5 yaw 34 mode 2 st 16 gl 1 hp 17 frg 1
ARGEVT Romero grab weapon_nailgun
ARGLOG Romero t 108.5 pos '2373.4 -182.6  75.6' spd 104.0 yaw 249.2 mode 2 st 17 gl 0 hp 46 frg -1
ARGLOG Joe Rogan t 108.5 pos '1722.7 -515.3  24.0' spd 395.0 yaw  39.5 mode 2 st 13 gl 1 hp 100 frg 3
ARGLOG Carmack t 108.8 pos '2318.3 -405.1   8.0' spd 323.3 yaw  63.8 mode 2 st 16 gl 1 hp 17 frg 1
ARGLOG Romero t 109.0 pos '2495.6 -176.5  24.0' spd 343.7 yaw 244.4 mode 2 st 17 gl 0 hp 10 frg -1
ARGLOG Joe Rogan t 109.0 pos '1874.7 -471.7  72.0' spd 320.2 yaw 8 mode 2 st 13 gl 1 hp 100 frg 3
ARGEVT Romero hazard
ARGLOG Carmack t 109.3 pos '2297.5 -327.2   8.0' spd 264.1 yaw  29.1 mode 0 st 16 gl 1 hp 17 frg 1
ARGEVT Carmack pursue
ARGEVT Romero death Romero pos '2547.8 -201.3  32.0'
ARGEVT Carmack route 4 start '2329.0 -351.0   8.0' goal '2393.0 -655.0  56.0'
ARGLOG Joe Rogan t 109.5 pos '2039.0 -454.3 104.0' spd 324.5 yaw 50 mode 2 st 13 gl 1 hp 100 frg 3
ARGEVT Joe Rogan hazard
ARGLOG Carmack t 109.8 pos '2405.8 -307.6   8.0' spd 323.2 yaw 28 mode 2 st 16 gl 1 hp 17 frg 1
ARGLOG Joe Rogan t 110.1 pos '2034.0 -300.5  56.0' spd 338.5 yaw 54 mode 2 st 13 gl 1 hp 100 frg 3
ARGLOG Carmack t 110.3 pos '2566.9 -359.3  24.0' spd 327.9 yaw 303.2 mode 2 st 16 gl 1 hp 17 frg 1
ARGEVT Carmack hazard
ARGLOG Joe Rogan t 110.6 pos '2149.2 -165.5  24.0' spd 344.4 yaw 353 mode 2 st 13 gl 1 hp 100 frg 3
ARGEVT Carmack route 4 start '2601.0 -383.0  24.0' goal '2393.0 -655.0  56.0'
ARGLOG Carmack t 110.8 pos '2621.5 -316.9  24.0' spd 230.7 yaw 249 mode 2 st 16 gl 1 hp 17 frg 1
ARGEVT Romero respawn
ARGEVT Romero goal item_armorInv
ARGLOG Romero t 110.9 pos '2576.0 -1328.0  24.0' spd 0 yaw 265.2 mode 0 st 17 gl 0 hp 100 frg -2
ARGEVT Romero route 7 start '2585.0 -1375.0  24.0' goal '2473.0 -1999.0 120.0'
ARGLOG Joe Rogan t 111.1 pos '2314.7 -163.7  24.0' spd 321.3 yaw 347 mode 2 st 13 gl 1 hp 100 frg 3
ARGLOG Carmack t 111.3 pos '2636.5 -327.2  24.0' spd 321.9 yaw 244 mode 2 st 16 gl 1 hp 17 frg 1
ARGEVT Carmack hazard
ARGLOG Romero t 111.4 pos '2455.8 -1425.8  24.0' spd 321.5 yaw 258 mode 2 st 17 gl 0 hp 100 frg -2
ARGLOG Joe Rogan t 111.6 pos '2475.7 -194.9  24.0' spd 320.2 yaw 343 mode 2 st 13 gl 1 hp 100 frg 3
ARGUS routecache adopt
ARGEVT Romero route 5 start '2377.0 -1567.0  24.0' goal '2473.0 -1999.0 120.0'
ARGEVT Joe Rogan abandon
ARGEVT Joe Rogan goal item_artifact_super_damage
ARGLOG Carmack t 111.8 pos '2467.8 -318.8   8.0' spd 392.6 yaw 252 mode 2 st 16 gl 1 hp 17 frg 1
ARGEVT Joe Rogan route 6 start '2521.0 -191.0  32.0' goal '1913.0 -719.0 184.0'
ARGEVT Joe Rogan hazard
ARGLOG Romero t 111.9 pos '2357.5 -1568.3  24.0' spd 339.4 yaw 287 mode 0 st 17 gl 0 hp 100 frg -2
ARGEVT Romero route 5 start '2377.0 -1567.0  24.0' goal '2473.0 -1999.0 120.0'
ARGLOG Joe Rogan t 112.1 pos '2569.6 -188.2  32.0' spd 209.1 yaw 176 mode 2 st 13 gl 1 hp 100 frg 3
ARGLOG Carmack t 112.3 pos '2506.5 -487.7   8.0' spd 486.8 yaw  48.8 mode 2 st 16 gl 1 hp 17 frg 1
ARGLOG Romero t 112.4 pos '2359.0 -1730.0  24.0' spd 320.0 yaw 223 mode 2 st 17 gl 0 hp 100 frg -2
ARGEVT Carmack hazard
ARGEVT Carmack jump
ARGLOG Joe Rogan t 112.6 pos '2435.1 -231.4  24.0' spd 320.5 yaw 171.0 mode 0 st 13 gl 1 hp 100 frg 3
ARGEVT Joe Rogan route 6 start '2473.0 -191.0  24.0' goal '1913.0 -719.0 184.0'
ARGLOG Carmack t 112.8 pos '2618.2 -448.0  34.5' spd  32.3 yaw 223 mode 2 st 16 gl 1 hp 17 frg 1
ARGUS routecache adopt
ARGEVT Joe Rogan route 5 start '2361.0 -175.0  24.0' goal '1913.0 -719.0 184.0'
ARGLOG Romero t 113.0 pos '2308.3 -1891.7  24.0' spd 365.4 yaw 219 mode 2 st 17 gl 0 hp 100 frg -2
ARGEVT Romero hazard
ARGLOG Joe Rogan t 113.1 pos '2268.4 -230.0  24.0' spd 327.4 yaw 194 mode 2 st 13 gl 1 hp 100 frg 3
ARGEVT Carmack engage Joe Rogan
ARGEVT Carmack retreat
ARGEVT Joe Rogan engage Carmack
ARGLOG Carmack t 113.3 pos '2483.1 -496.3   8.0' spd 384.1 yaw 148.7 mode 2 st 16 gl 1 hp 17 frg 1
ARGEVT Joe Rogan grab item_rockets
ARGEVT Carmack jump
ARGLOG Romero t 113.5 pos '2146.0 -1923.6  40.0' spd 407.4 yaw 328 mode 2 st 17 gl 0 hp 100 frg -2
ARGEVT Romero jump
ARGEVT Romero door
ARGLOG Joe Rogan t 113.6 pos '2193.7 -137.2  24.0' spd 359.6 yaw 290.3 mode 2 st 13 gl 1 hp 100 frg 3
ARGLOG Carmack t 113.8 pos '2378.2 -505.8  45.9' spd 105.1 yaw 105.6 mode 2 st 16 gl 1 hp 17 frg 1
ARGLOG Romero t 114.0 pos '2166.0 -2096.9  92.3' spd 346.1 yaw 13 mode 2 st 17 gl 0 hp 100 frg -2
ARGEVT Carmack pursue
ARGEVT Joe Rogan pursue
ARGLOG Joe Rogan t 114.1 pos '2257.5 -123.3  24.0' spd 266.1 yaw 291 mode 2 st 13 gl 1 hp 91 frg 3
ARGEVT Romero jump
ARGLOG Carmack t 114.3 pos '2311.3 -429.8   8.0' spd 321.3 yaw 113 mode 2 st 16 gl 1 hp 17 frg 1
ARGUS Joe Rogan hunch item_armorInv
ARGEVT Joe Rogan hazard
ARGEVT Joe Rogan goal item_armorInv
ARGLOG Romero t 114.5 pos '2224.0 -2131.4 131.6' spd  72.8 yaw 20 mode 2 st 17 gl 0 hp 100 frg -2
ARGEVT Joe Rogan route 5 start '2233.0 -223.0  24.0' goal '2393.0 -655.0  56.0'
ARGEVT Joe Rogan weapon sg
ARGLOG Joe Rogan t 114.6 pos '2247.2 -196.7  24.0' spd 365.6 yaw 200.7 mode 2 st 13 gl 1 hp 91 frg 3
ARGEVT Joe Rogan weapon rl
ARGLOG Carmack t 114.8 pos '2298.9 -414.1   8.0' spd 320.0 yaw 102.4 mode 2 st 16 gl 1 hp 17 frg 1
ARGLOG Romero t 115.0 pos '2224.0 -2080.4  88.0' spd 146.9 yaw 13 mode 2 st 17 gl 0 hp 100 frg -2
ARGEVT Romero jump
ARGEVT Carmack death Joe Rogan pos '2329.9 -491.0   8.0'
ARGUS Joe Rogan watch spawn
ARGLOG Joe Rogan t 115.1 pos '2305.6 -53.3  40.0' spd 363.4 yaw  57.5 mode 2 st 13 gl 1 hp 91 frg 4
ARGEVT Joe Rogan goal 
ARGEVT Joe Rogan route 6 start '2361.0 -63.0  72.0' goal '2393.0 -543.0  56.0'
ARGLOG Romero t 115.5 pos '2224.3 -1997.2 128.4' spd 183.2 yaw 1 mode 2 st 17 gl 0 hp 100 frg -2
ARGEVT Romero hazard
ARGLOG Joe Rogan t 115.6 pos '2479.9 -53.4 120.0' spd 455.9 yaw 258.9 mode 2 st 13 gl 1 hp 91 frg 4
ARGEVT Joe Rogan hazard
ARGLOG Romero t 116.0 pos '2228.9 -1968.0 120.0' spd   3.3 yaw 358 mode 2 st 17 gl 0 hp 100 frg -2
ARGLOG Joe Rogan t 116.1 pos '2352.0 -89.7  72.0' spd 191.1 yaw 266 mode 2 st 13 gl 1 hp 91 frg 4
ARGEVT Romero stall
ARGEVT Romero stallnode '2473.0 -1999.0 120.0'
ARGEVT Romero jump
ARGLOG Romero t 116.5 pos '2227.7 -1968.0 127.1' spd  30.0 yaw 358 mode 0 st 18 gl 0 hp 100 frg -2
ARGEVT Carmack respawn
ARGEVT Carmack goal weapon_rocketlauncher
ARGLOG Carmack t 116.6 pos '2576.0 -1328.0  24.0' spd 0 yaw 265.5 mode 0 st 16 gl 1 hp 100 frg 1
ARGEVT Carmack route 2 start '2585.0 -1375.0  24.0' goal '2473.0 -1711.0  24.0'
ARGEVT Romero route 2 start '2153.0 -2015.0  88.0' goal '2473.0 -1999.0 120.0'
ARGLOG Joe Rogan t 116.6 pos '2337.6 -240.0  24.0' spd 282.3 yaw 261 mode 2 st 13 gl 1 hp 91 frg 4
ARGEVT Joe Rogan hazard
ARGLOG Romero t 117.0 pos '2232.0 -1973.1 147.6' spd  22.4 yaw 359 mode 2 st 18 gl 0 hp 100 frg -2
ARGLOG Carmack t 117.1 pos '2522.5 -1462.7  24.0' spd 322.1 yaw 259 mode 2 st 16 gl 1 hp 100 frg 1
ARGLOG Joe Rogan t 117.1 pos '2287.4 -240.0  24.0' spd  25.2 yaw 273 mode 2 st 13 gl 1 hp 91 frg 4
ARGEVT Romero hazard
ARGEVT Romero stall
ARGEVT Romero stallnode '2153.0 -2015.0  88.0'
ARGEVT Romero jump
ARGLOG Romero t 117.5 pos '2225.8 -2000.0 163.6' spd  18.3 yaw 190.6 mode 0 st 19 gl 0 hp 100 frg -2
ARGLOG Carmack t 117.6 pos '2489.9 -1620.0  24.0' spd 320.3 yaw 264 mode 1 st 16 gl 1 hp 100 frg 1
ARGLOG Joe Rogan t 117.6 pos '2272.4 -240.0  24.0' spd  16.8 yaw 276 mode 2 st 13 gl 1 hp 91 frg 4
ARGEVT Joe Rogan hazard
ARGEVT Carmack goal item_armorInv
ARGEVT Carmack route 5 start '2473.0 -1711.0  24.0' goal '2473.0 -1999.0 120.0'
ARGLOG Romero t 118.0 pos '2207.7 -1996.0  72.0' spd 149.5 yaw 108.5 mode 0 st 19 gl 0 hp 100 frg -2
ARGLOG Carmack t 118.1 pos '2494.0 -1793.4  24.0' spd 396.4 yaw 201 mode 2 st 16 gl 2 hp 100 frg 1
ARGLOG Joe Rogan t 118.2 pos '2258.4 -240.0  24.0' spd  13.0 yaw 279 mode 2 st 13 gl 1 hp 91 frg 4
ARGEVT Carmack engage Romero
ARGEVT Romero engage Carmack
ARGEVT Carmack grab item_health
ARGEVT Carmack hazard
ARGLOG Romero t 118.5 pos '2258.0 -1836.4  24.0' spd 378.0 yaw   1.4 mode 0 st 19 gl 0 hp 100 frg -2
ARGLOG Carmack t 118.6 pos '2465.4 -1889.6  24.0' spd 268.4 yaw 146.2 mode 2 st 16 gl 2 hp 100 frg 1
ARGLOG Joe Rogan t 118.7 pos '2342.4 -240.0  24.0' spd  97.4 yaw 260 mode 2 st 13 gl 1 hp 91 frg 4
ARGEVT Romero goal item_health
ARGEVT Romero route 4 start '2233.0 -1839.0  24.0' goal '2377.0 -1999.0 120.0'
ARGEVT Carmack weapon sg
ARGEVT Joe Rogan hazard
ARGEVT Carmack route 5 start '2553.0 -1871.0  24.0' goal '2473.0 -1999.0 120.0'
ARGLOG Romero t 119.0 pos '2367.7 -1881.3  24.0' spd 164.9 yaw  71.5 mode 2 st 19 gl 0 hp 100 frg -2
ARGLOG Carmack t 119.1 pos '2526.4 -1892.7  24.0' spd  13.8 yaw 172.2 mode 2 st 16 gl 2 hp 100 frg 1
ARGLOG Joe Rogan t 119.2 pos '2345.3 -240.0  24.0' spd   8.9 yaw 260 mode 2 st 13 gl 1 hp 91 frg 4
ARGLOG Romero t 119.5 pos '2468.0 -1755.9  24.0' spd 353.7 yaw  11.5 mode 0 st 19 gl 0 hp 92 frg -2
ARGLOG Carmack t 119.6 pos '2530.1 -1894.4  24.0' spd  60.7 yaw 109.5 mode 2 st 16 gl 2 hp 100 frg 1
ARGLOG Joe Rogan t 119.7 pos '2342.8 -240.0  24.0' spd   5.8 yaw 260 mode 2 st 13 gl 1 hp 91 frg 4
ARGEVT Romero route 5 start '2473.0 -1711.0  24.0' goal '2377.0 -1999.0 120.0'
ARGEVT Joe Rogan stall
ARGEVT Joe Rogan stallnode '2329.0 -351.0   8.0'
ARGEVT Joe Rogan jump
ARGEVT Joe Rogan route 5 start '2361.0 -175.0  24.0' goal '2393.0 -543.0  56.0'
ARGLOG Romero t 120.0 pos '2444.5 -1713.1  24.0' spd 327.3 yaw 190.5 mode 2 st 19 gl 0 hp 68 frg -2
ARGLOG Carmack t 120.2 pos '2397.9 -1868.6  24.0' spd 320.0 yaw  85.4 mode 2 st 16 gl 2 hp 100 frg 1
ARGLOG Joe Rogan t 120.2 pos '2333.5 -240.0  65.3' spd  47.2 yaw 268 mode 2 st 14 gl 1 hp 91 frg 4
ARGLOG Romero t 120.6 pos '2274.5 -1704.0  24.0' spd 331.0 yaw 194.8 mode 2 st 19 gl 0 hp 44 frg -2
ARGLOG Carmack t 120.7 pos '2240.6 -1834.5  24.0' spd 320.1 yaw  88.8 mode 2 st 16 gl 2 hp 100 frg 1
ARGLOG Joe Rogan t 120.7 pos '2298.2 -237.1  24.0' spd 270.5 yaw 286 mode 2 st 14 gl 1 hp 91 frg 4
ARGEVT Romero pursue
ARGEVT Carmack pursue
ARGUS Carmack hunch item_armorInv
ARGEVT Romero hazard
ARGEVT Carmack goal item_artifact_super_damage
ARGEVT Carmack pursue
ARGEVT Carmack route 15 start '2233.0 -1839.0  24.0' goal '1913.0 -719.0 184.0'
ARGLOG Romero t 121.1 pos '2122.2 -1735.5  24.0' spd  71.5 yaw 334 mode 2 st 19 gl 0 hp 44 frg -2
ARGUS Romero hunch item_armorInv
ARGLOG Carmack t 121.2 pos '2305.8 -1874.3  24.0' spd 336.7 yaw 344.8 mode 2 st 16 gl 2 hp 100 frg 1
ARGLOG Joe Rogan t 121.2 pos '2143.5 -303.7  24.0' spd 464.8 yaw 309 mode 2 st 14 gl 1 hp 91 frg 4
ARGEVT Romero pursue
ARGEVT Romero goal item_armorInv
ARGEVT Romero route 6 start '2201.0 -1679.0  24.0' goal '2473.0 -1999.0 120.0'
ARGLOG Romero t 121.6 pos '2244.5 -1683.2  24.0' spd 424.3 yaw 322 mode 2 st 19 gl 0 hp 44 frg -2
ARGEVT Romero abandon
ARGEVT Carmack weapon rl
ARGLOG Carmack t 121.7 pos '2477.7 -1864.7  24.0' spd 336.3 yaw  93.4 mode 2 st 16 gl 2 hp 100 frg 1
ARGLOG Joe Rogan t 121.7 pos '2257.2 -454.2   8.0' spd 342.6 yaw 359 mode 1 st 14 gl 1 hp 91 frg 4
ARGEVT Romero goal item_armorInv
ARGEVT Romero route 6 start '2329.0 -1711.0  24.0' goal '2393.0 -655.0  56.0'
ARGEVT Joe Rogan goal item_rockets
ARGEVT Joe Rogan route 7 start '2297.0 -495.0   8.0' goal '2297.0 -79.0 -120.0'
ARGEVT Romero route 5 start '2377.0 -1567.0  24.0' goal '2393.0 -655.0  56.0'
ARGEVT Romero death Carmack pos '2387.0 -1633.2  24.0'
ARGUS Carmack watch spawn
ARGEVT Carmack goal 
ARGLOG Carmack t 122.2 pos '2583.9 -1735.9  24.0' spd 384.3 yaw 111.7 mode 1 st 16 gl 2 hp 100 frg 2
ARGLOG Joe Rogan t 122.2 pos '2420.1 -479.8   8.0' spd 320.0 yaw 354 mode 2 st 14 gl 2 hp 91 frg 4
ARGEVT Joe Rogan jump
ARGLOG Carmack t 122.7 pos '2457.2 -1601.0  24.0' spd 365.5 yaw 207 mode 1 st 16 gl 2 hp 100 frg 2
ARGLOG Joe Rogan t 122.7 pos '2516.7 -498.8  47.6' spd  56.1 yaw 76 mode 2 st 14 gl 2 hp 91 frg 4
ARGEVT Carmack goal item_armorInv
ARGUS routecache adopt
ARGEVT Carmack route 5 start '2377.0 -1567.0  24.0' goal '2393.0 -655.0  56.0'
ARGLOG Carmack t 123.2 pos '2336.2 -1669.7  24.0' spd 320.4 yaw 166.0 mode 0 st 16 gl 3 hp 100 frg 2
ARGLOG Joe Rogan t 123.2 pos '2583.2 -469.0  32.0' spd 390.9 yaw 104 mode 2 st 14 gl 2 hp 91 frg 4
ARGEVT Joe Rogan hazard
ARGEVT Carmack route 6 start '2329.0 -1711.0  24.0' goal '2393.0 -655.0  56.0'
ARGEVT Joe Rogan jump
ARGEVT Carmack hazard
ARGEVT Romero respawn
ARGEVT Romero goal item_armor2
ARGEVT Romero door
ARGLOG Romero t 123.5 pos '2544.0 -32.0 -64.0' spd 0 yaw 184.5 mode 0 st 19 gl 0 hp 100 frg -2
ARGEVT Romero route 1 start '2489.0 -31.0 -72.0' goal '2777.0 -15.0 -72.0'
ARGLOG Carmack t 123.7 pos '2201.6 -1649.8  24.0' spd 167.1 yaw   4.1 mode 2 st 16 gl 3 hp 100 frg 2
ARGLOG Joe Rogan t 123.7 pos '2593.2 -466.9  32.0' spd 320.4 yaw 109 mode 2 st 14 gl 2 hp 91 frg 4
ARGEVT Romero hazard
ARGLOG Romero t 124.0 pos '2406.3 -75.9 -72.0' spd 320.2 yaw 184.8 mode 0 st 19 gl 0 hp 100 frg -2
ARGEVT Joe Rogan jump
ARGEVT Romero route 2 start '2361.0 -47.0 -88.0' goal '2777.0 -15.0 -72.0'
ARGLOG Carmack t 124.2 pos '2371.8 -1642.1  24.0' spd 394.9 yaw  87.9 mode 0 st 16 gl 3 hp 100 frg 2
ARGLOG Joe Rogan t 124.2 pos '2475.1 -528.0  35.5' spd  28.2 yaw 66 mode 2 st 14 gl 2 hp 91 frg 4
ARGEVT Carmack route 5 start '2377.0 -1567.0  24.0' goal '2393.0 -655.0  56.0'
ARGEVT Joe Rogan goal item_artifact_super_damage
ARGEVT Joe Rogan door
ARGEVT Joe Rogan route 8 start '2553.0 -495.0  24.0' goal '1913.0 -719.0 184.0'
ARGLOG Romero t 124.5 pos '2234.0 -118.5 -136.0' spd 435.3 yaw 281 mode 2 st 19 gl 0 hp 100 frg -2
ARGLOG Joe Rogan t 124.7 pos '2482.9 -510.7  15.8' spd  73.6 yaw 183.7 mode 2 st 14 gl 2 hp 91 frg 4
ARGLOG Carmack t 124.7 pos '2388.6 -1466.6  24.0' spd 473.7 yaw 199.7 mode 2 st 16 gl 3 hp 100 frg 2
ARGEVT Carmack hazard
ARGEVT Romero hazard
ARGLOG Romero t 125.0 pos '2273.1 -200.3 -136.0' spd 294.5 yaw 274.1 mode 2 st 19 gl 0 hp 100 frg -2
ARGLOG Joe Rogan t 125.2 pos '2379.7 -528.0   8.0' spd  76.9 yaw 289 mode 2 st 14 gl 2 hp 91 frg 4
ARGLOG Carmack t 125.2 pos '2381.2 -1633.9  24.0' spd 438.8 yaw 82 mode 2 st 16 gl 3 hp 100 frg 2
ARGEVT Joe Rogan hazard
ARGEVT Carmack route 6 start '2489.0 -1631.0  24.0' goal '2393.0 -655.0  56.0'
ARGLOG Romero t 125.5 pos '2270.8 -203.8 -136.0' spd 315.9 yaw 20 mode 2 st 19 gl 0 hp 100 frg -2
ARGLOG Joe Rogan t 125.7 pos '2357.8 -527.2   8.0' spd  36.3 yaw 305 mode 2 st 14 gl 2 hp 91 frg 4
ARGLOG Carmack t 125.7 pos '2548.8 -1554.4  24.0' spd 377.8 yaw 100 mode 2 st 16 gl 3 hp 100 frg 2
ARGLOG Romero t 126.0 pos '2321.3 -40.6 -104.0' spd 379.4 yaw 3 mode 2 st 19 gl 0 hp 100 frg -2
ARGLOG Joe Rogan t 126.2 pos '2340.5 -526.6   8.0' spd  34.5 yaw 315 mode 2 st 14 gl 2 hp 91 frg 4
ARGLOG Carmack t 126.2 pos '2520.5 -1388.7  24.0' spd 320.3 yaw 113.2 mode 0 st 16 gl 3 hp 100 frg 2
ARGEVT Joe Rogan hazard
ARGEVT Carmack route 5 start '2585.0 -1375.0  24.0' goal '2393.0 -655.0  56.0'
ARGLOG Romero t 126.6 pos '2489.3 -10.9 -72.0' spd 321.4 yaw 360 mode 2 st 19 gl 0 hp 100 frg -2
ARGLOG Joe Rogan t 126.7 pos '2409.0 -528.0   8.0' spd 206.9 yaw 262 mode 2 st 14 gl 2 hp 91 frg 4
ARGLOG Carmack t 126.7 pos '2477.7 -1233.2  24.0' spd 320.6 yaw 85 mode 2 st 16 gl 3 hp 100 frg 2
ARGLOG Romero t 127.1 pos '2653.8 -17.0 -72.0' spd 320.2 yaw 355 mode 1 st 19 gl 0 hp 100 frg -2
ARGEVT Carmack lift
ARGLOG Joe Rogan t 127.2 pos '2439.8 -528.0   8.0' spd  38.3 yaw 237 mode 2 st 14 gl 2 hp 91 frg 4
ARGLOG Carmack t 127.2 pos '2460.2 -1072.3  24.0' spd 328.5 yaw 106 mode 2 st 16 gl 3 hp 100 frg 2
ARGEVT Joe Rogan hazard
ARGEVT Carmack board
ARGLOG Romero t 127.6 pos '2819.8 -21.8 -72.0' spd 328.8 yaw  17.9 mode 1 st 19 gl 0 hp 100 frg -2
ARGLOG Joe Rogan t 127.7 pos '2458.1 -528.0   8.0' spd  32.2 yaw 226 mode 2 st 14 gl 2 hp 91 frg 4
ARGLOG Carmack t 127.7 pos '2465.3 -1007.2  84.5' spd  87.2 yaw 114 mode 2 st 16 gl 3 hp 100 frg 2
ARGEVT Carmack door
ARGLOG Romero t 128.1 pos '1328.0 -1024.0 352.0' spd 300 yaw 33 mode 1 st 19 gl 0 hp 100 frg -2
ARGLOG Joe Rogan t 128.2 pos '2474.3 -528.0   8.0' spd  32.8 yaw 219 mode 2 st 14 gl 2 hp 91 frg 4
ARGEVT Joe Rogan hazard
ARGLOG Carmack t 128.2 pos '2506.0 -892.5 120.0' spd 121.1 yaw 191.3 mode 2 st 16 gl 3 hp 100 frg 2
ARGLOG Romero t 128.6 pos '1388.5 -1009.4 344.0' spd 329.5 yaw 34 mode 1 st 19 gl 0 hp 100 frg -2
ARGLOG Joe Rogan t 128.7 pos '2489.3 -528.0   8.0' spd  30.8 yaw 214 mode 2 st 14 gl 2 hp 91 frg 4
ARGEVT Romero hazard
ARGLOG Carmack t 128.7 pos '2506.0 -892.5 120.0' spd 0 yaw 269 mode 2 st 16 gl 3 hp 100 frg 2
ARGLOG Romero t 129.1 pos '1408.9 -973.4 344.0' spd 216.2 yaw 135 mode 1 st 19 gl 0 hp 100 frg -2
ARGLOG Joe Rogan t 129.3 pos '2372.6 -528.0   8.0' spd  49.7 yaw 295 mode 2 st 14 gl 2 hp 91 frg 4
ARGEVT Joe Rogan hazard
ARGLOG Carmack t 129.3 pos '2506.0 -892.5 120.0' spd 0 yaw 269 mode 2 st 16 gl 3 hp 100 frg 2
ARGLOG Romero t 129.6 pos '1357.7 -809.8 344.0' spd 353.6 yaw  46.2 mode 1 st 19 gl 0 hp 100 frg -2
ARGEVT Carmack door
ARGLOG Joe Rogan t 129.8 pos '2349.9 -528.0   8.0' spd  44.2 yaw 298.8 mode 2 st 14 gl 2 hp 91 frg 4
ARGEVT Carmack door
ARGLOG Carmack t 129.8 pos '2505.8 -894.4 120.0' spd  86.7 yaw 115 mode 2 st 16 gl 3 hp 100 frg 2
ARGLOG Romero t 130.1 pos '1344.4 -646.4 336.6' spd 324.7 yaw  80.0 mode 1 st 19 gl 0 hp 100 frg -2
ARGEVT Carmack hazard
ARGLOG Joe Rogan t 130.3 pos '2329.0 -528.0   8.0' spd  42.1 yaw 300.8 mode 2 st 14 gl 2 hp 91 frg 4
ARGEVT Joe Rogan hazard
ARGLOG Carmack t 130.3 pos '2448.0 -1018.3 100.9' spd  38.4 yaw 98 mode 2 st 16 gl 3 hp 100 frg 2
ARGLOG Romero t 130.6 pos '1298.3 -488.4 184.0' spd 328.6 yaw 16 mode 1 st 19 gl 0 hp 100 frg -2
ARGLOG Joe Rogan t 130.8 pos '2314.0 -528.0   8.0' spd 100.0 yaw 326 mode 2 st 14 gl 2 hp 91 frg 4
ARGLOG Carmack t 130.8 pos '2447.4 -847.5 120.0' spd 389.9 yaw 105 mode 2 st 16 gl 3 hp 100 frg 2
ARGLOG Romero t 131.1 pos '1388.6 -374.2 184.0' spd 336.8 yaw 13 mode 1 st 19 gl 0 hp 100 frg -2
ARGLOG Joe Rogan t 131.3 pos '2454.8 -528.0   8.0' spd 190.1 yaw 273.5 mode 2 st 14 gl 2 hp 91 frg 4
ARGLOG Carmack t 131.3 pos '2352.0 -765.5  81.3' spd 168.2 yaw 71 mode 1 st 16 gl 3 hp 100 frg 2
ARGEVT Joe Rogan hazard
ARGLOG Romero t 131.6 pos '1547.1 -336.0 184.0' spd 327.4 yaw 13 mode 1 st 19 gl 0 hp 100 frg -2
ARGEVT Carmack door
ARGLOG Joe Rogan t 131.8 pos '2449.9 -528.0   8.0' spd 277.1 yaw 235.6 mode 2 st 14 gl 2 hp 91 frg 4
ARGLOG Carmack t 131.8 pos '2413.0 -629.8  56.0' spd 343.5 yaw  25.2 mode 1 st 16 gl 3 hp 100 frg 2
ARGEVT Carmack hazard
ARGEVT Joe Rogan engage Carmack
ARGEVT Joe Rogan weapon sg
ARGEVT Carmack engage Joe Rogan
ARGEVT Carmack weapon sg
ARGLOG Romero t 132.1 pos '1714.1 -336.0 184.0' spd 328.6 yaw 15 mode 1 st 19 gl 0 hp 100 frg -2
ARGEVT Joe Rogan weapon rl
ARGEVT Carmack weapon rl
ARGLOG Joe Rogan t 132.3 pos '2399.2 -498.7   8.0' spd 341.7 yaw 295.8 mode 2 st 14 gl 2 hp 91 frg 4
ARGLOG Carmack t 132.3 pos '2481.3 -681.6  56.0' spd 410.9 yaw  87.1 mode 1 st 16 gl 3 hp 100 frg 2
ARGEVT Romero hazard
ARGEVT Joe Rogan weapon sg
ARGLOG Romero t 132.6 pos '1861.4 -363.0 184.0' spd 362.3 yaw 334.4 mode 1 st 19 gl 0 hp 100 frg -2
ARGEVT Joe Rogan hazard
ARGLOG Joe Rogan t 132.8 pos '2568.2 -461.1  24.0' spd 230.1 yaw 268.1 mode 2 st 14 gl 2 hp 75 frg 4
ARGLOG Carmack t 132.8 pos '2469.4 -700.5  56.0' spd 278.3 yaw  53.5 mode 1 st 16 gl 3 hp 92 frg 2
ARGEVT Carmack pursue
ARGEVT Joe Rogan pursue
ARGUS Joe Rogan hunch item_artifact_super_damage
ARGLOG Romero t 133.1 pos '1879.2 -551.5 163.9' spd 388.7 yaw 346 mode 1 st 19 gl 0 hp 100 frg -2
ARGUS Carmack hunch item_artifact_super_damage
ARGEVT Joe Rogan goal item_health
ARGEVT Carmack hazard
ARGLOG Joe Rogan t 133.3 pos '2585.3 -522.0  32.0' spd 337.6 yaw  20.1 mode 0 st 14 gl 2 hp 75 frg 4
ARGLOG Carmack t 133.3 pos '2462.4 -605.1  56.0' spd  49.1 yaw 273.8 mode 1 st 16 gl 3 hp 92 frg 2
ARGEVT Joe Rogan route 9 start '2553.0 -495.0  24.0' goal '2057.0 -991.0 344.0'
ARGEVT Joe Rogan jump
ARGEVT Carmack goal item_artifact_super_damage
ARGEVT Carmack pursue
ARGEVT Carmack route 8 start '2473.0 -639.0  56.0' goal '1913.0 -719.0 184.0'
ARGLOG Romero t 133.7 pos '1904.0 -560.0  72.0' spd 0 yaw 346 mode 1 st 19 gl 0 hp 100 frg -2
ARGEVT Joe Rogan pursue
ARGLOG Joe Rogan t 133.8 pos '2605.0 -474.8  32.0' spd 350.3 yaw 165.6 mode 2 st 14 gl 2 hp 75 frg 4
ARGLOG Carmack t 133.8 pos '2506.4 -660.3  56.0' spd 326.4 yaw   2.3 mode 2 st 16 gl 3 hp 92 frg 2
ARGEVT Joe Rogan jump
ARGLOG Romero t 134.2 pos '1904.0 -560.0  72.0' spd 0 yaw 346 mode 1 st 19 gl 0 hp 100 frg -2
ARGEVT Carmack pursue
ARGEVT Carmack weapon sg
ARGLOG Joe Rogan t 134.3 pos '2433.4 -463.9  40.5' spd 352.2 yaw 263.7 mode 2 st 14 gl 2 hp 66 frg 4
ARGLOG Carmack t 134.3 pos '2439.3 -599.3  56.0' spd 237.1 yaw  88.5 mode 2 st 16 gl 3 hp 92 frg 2
ARGEVT Carmack weapon rl
ARGLOG Romero t 134.7 pos '1993.6 -546.6 104.0' spd 320.0 yaw 10 mode 1 st 19 gl 0 hp 100 frg -2
ARGLOG Joe Rogan t 134.8 pos '2257.6 -425.4   8.0' spd 403.6 yaw 302.9 mode 2 st 14 gl 2 hp 66 frg 4
ARGEVT Romero hazard
ARGLOG Carmack t 134.8 pos '2428.1 -598.0  56.0' spd 339.1 yaw 134.8 mode 2 st 16 gl 3 hp 89 frg 2
ARGEVT Carmack hazard
ARGEVT Carmack weapon sg
ARGEVT Joe Rogan route 11 start '2153.0 -479.0   8.0' goal '2057.0 -991.0 344.0'
ARGLOG Romero t 135.2 pos '2064.0 -429.4 104.0' spd 322.1 yaw 83 mode 1 st 19 gl 0 hp 100 frg -2
ARGLOG Joe Rogan t 135.3 pos '2242.6 -470.4  24.0' spd 586.4 yaw 310.7 mode 2 st 14 gl 2 hp 33 frg 4
ARGLOG Carmack t 135.3 pos '2368.2 -639.2  56.0' spd 162.4 yaw 133.4 mode 2 st 16 gl 3 hp 89 frg 2
ARGEVT Carmack pursue
ARGEVT Joe Rogan pursue
ARGLOG Romero t 135.7 pos '2064.0 -267.4  65.6' spd 322.1 yaw  78.5 mode 1 st 19 gl 0 hp 100 frg -2
ARGEVT Romero engage Joe Rogan
ARGLOG Joe Rogan t 135.8 pos '2477.1 -461.7   8.0' spd 356.2 yaw 269.0 mode 0 st 14 gl 2 hp 33 frg 4
ARGLOG Carmack t 135.8 pos '2466.1 -639.4  56.0' spd 352.0 yaw  86.8 mode 2 st 16 gl 3 hp 89 frg 2
ARGEVT Joe Rogan route 9 start '2553.0 -495.0  24.0' goal '2057.0 -991.0 344.0'
ARGEVT Joe Rogan jump
ARGLOG Romero t 136.2 pos '2035.3 -275.3  56.0' spd 238.1 yaw 340.5 mode 1 st 19 gl 0 hp 100 frg -2
ARGEVT Joe Rogan pursue
ARGEVT Carmack pursue
ARGLOG Joe Rogan t 136.4 pos '2627.3 -484.9  32.0' spd 288.1 yaw 220 mode 2 st 14 gl 2 hp 33 frg 4
ARGLOG Carmack t 136.4 pos '2428.6 -573.3  56.0' spd 365.6 yaw 72 mode 2 st 16 gl 3 hp 89 frg 2
ARGEVT Romero pursue
ARGLOG Romero t 136.7 pos '2013.0 -393.1 104.0' spd 329.9 yaw 217.5 mode 1 st 19 gl 0 hp 100 frg -2
ARGEVT Joe Rogan jump
ARGLOG Joe Rogan t 136.9 pos '2565.0 -478.5  48.0' spd 210.7 yaw 165.4 mode 2 st 14 gl 2 hp 33 frg 4
ARGLOG Carmack t 136.9 pos '2420.3 -398.9   8.0' spd 365.1 yaw 344.1 mode 2 st 16 gl 3 hp 89 frg 2
ARGEVT Carmack hazard
ARGEVT Romero hazard
ARGLOG Romero t 137.2 pos '1992.2 -540.7 104.0' spd 381.9 yaw 337.8 mode 1 st 19 gl 0 hp 100 frg -2
ARGUS Romero hunch item_health
ARGEVT Romero goal weapon_rocketlauncher
ARGEVT Romero route 12 start '2025.0 -559.0 104.0' goal '1465.0 -687.0 184.0'
ARGLOG Joe Rogan t 137.4 pos '2434.3 -522.6   8.0' spd 371.0 yaw  72.5 mode 2 st 14 gl 2 hp 33 frg 4
ARGLOG Carmack t 137.4 pos '2550.2 -335.6  24.0' spd 339.5 yaw 253.2 mode 0 st 16 gl 3 hp 89 frg 2
ARGEVT Romero pursue
ARGEVT Carmack route 8 start '2601.0 -383.0  24.0' goal '1913.0 -719.0 184.0'
ARGLOG Romero t 137.7 pos '2008.4 -466.4 104.0' spd 368.5 yaw  69.2 mode 2 st 19 gl 0 hp 100 frg -2
ARGLOG Joe Rogan t 137.9 pos '2310.2 -401.5   8.0' spd 332.1 yaw  21.1 mode 2 st 14 gl 2 hp 33 frg 4
ARGLOG Carmack t 137.9 pos '2580.8 -321.7  24.0' spd  95.4 yaw 199.3 mode 2 st 16 gl 3 hp 89 frg 2
ARGLOG Romero t 138.2 pos '2064.0 -292.1  56.0' spd 354.9 yaw  28.4 mode 2 st 19 gl 0 hp 100 frg -2
ARGEVT Romero pursue
ARGLOG Joe Rogan t 138.4 pos '2300.5 -366.8   8.0' spd 322.0 yaw   3.8 mode 2 st 14 gl 2 hp 33 frg 4
ARGLOG Carmack t 138.4 pos '2562.1 -328.6  24.0' spd 180.1 yaw 186.1 mode 2 st 16 gl 3 hp 89 frg 2
ARGLOG Romero t 138.7 pos '2098.2 -123.8  24.0' spd 362.3 yaw 312.5 mode 2 st 19 gl 0 hp 100 frg -2
ARGEVT Carmack hazard
ARGLOG Joe Rogan t 138.9 pos '2362.7 -523.3   8.0' spd 358.7 yaw  56.3 mode 2 st 14 gl 2 hp 32 frg 4
ARGLOG Carmack t 138.9 pos '2476.5 -312.8   8.0' spd 328.7 yaw 230.8 mode 2 st 16 gl 3 hp 89 frg 2
ARGLOG Romero t 139.2 pos '2241.1 -36.5  24.0' spd 331.2 yaw 289.0 mode 2 st 19 gl 0 hp 100 frg -2
ARGEVT Romero pursue
ARGLOG Joe Rogan t 139.4 pos '2257.6 -479.4   8.0' spd 323.8 yaw  78.5 mode 2 st 14 gl 2 hp 23 frg 4
ARGLOG Carmack t 139.4 pos '2311.7 -304.0   8.0' spd 322.8 yaw 250.2 mode 2 st 16 gl 3 hp 85 frg 2
ARGEVT Carmack grab weapon_nailgun
ARGEVT Joe Rogan retreat
ARGLOG Romero t 139.7 pos '2366.5 -112.1  56.0' spd 335.6 yaw 272 mode 2 st 19 gl 0 hp 100 frg -2
ARGEVT Joe Rogan route 11 start '2153.0 -479.0   8.0' goal '2057.0 -991.0 344.0'
ARGEVT Joe Rogan hazard
ARGLOG Joe Rogan t 139.9 pos '2161.8 -513.7   8.0' spd 264.6 yaw  63.0 mode 2 st 14 gl 2 hp 14 frg 4
ARGLOG Carmack t 139.9 pos '2259.3 -308.3  24.0' spd  55.8 yaw 239.4 mode 2 st 16 gl 3 hp 85 frg 2
ARGEVT Romero grab weapon_nailgun
ARGEVT Carmack hazard
ARGLOG Romero t 140.2 pos '2429.8 -230.3  24.0' spd 327.5 yaw 242.6 mode 2 st 19 gl 0 hp 100 frg -2
ARGLOG Joe Rogan t 140.4 pos '2229.3 -507.3   8.0' spd 120.8 yaw  78.8 mode 2 st 14 gl 2 hp 6 frg 4
ARGLOG Carmack t 140.4 pos '2215.7 -304.4  24.0' spd 325.4 yaw 260.4 mode 2 st 16 gl 3 hp 83 frg 2
ARGEVT Romero hazard
ARGLOG Romero t 140.7 pos '2356.2 -144.0  24.0' spd 195.3 yaw 244.7 mode 2 st 19 gl 0 hp 100 frg -2
ARGEVT Romero pursue
ARGLOG Joe Rogan t 140.9 pos '2225.3 -503.6   8.0' spd 157.5 yaw 102.0 mode 2 st 14 gl 2 hp 6 frg 4
ARGLOG Carmack t 140.9 pos '2202.0 -292.8  24.0' spd 331.2 yaw 278.5 mode 2 st 16 gl 3 hp 83 frg 2
ARGLOG Romero t 141.2 pos '2204.6 -195.8  24.0' spd 324.4 yaw 290.3 mode 2 st 19 gl 0 hp 98 frg -2
ARGLOG Joe Rogan t 141.4 pos '2382.4 -528.0   8.0' spd 343.9 yaw 126.9 mode 2 st 14 gl 2 hp 6 frg 4
ARGLOG Carmack t 141.4 pos '2147.0 -260.6  24.0' spd 137.9 yaw 311.3 mode 2 st 16 gl 3 hp 81 frg 2
ARGEVT Romero grab item_spikes
ARGEVT Joe Rogan death Carmack pos '2466.9 -526.2   8.0'
ARGUS Carmack watch spawn
ARGEVT Romero engage Carmack
ARGEVT Carmack engage Romero
ARGLOG Romero t 141.7 pos '2044.3 -234.0  24.0' spd 331.0 yaw 338.8 mode 2 st 19 gl 0 hp 98 frg -2
ARGEVT Carmack goal 
ARGEVT Carmack route 4 start '2233.0 -223.0  24.0' goal '2393.0 -543.0  56.0'
ARGLOG Carmack t 141.9 pos '2243.2 -280.9  24.0' spd 336.0 yaw 174.5 mode 2 st 16 gl 3 hp 77 frg 3
ARGEVT Romero route 10 start '1929.0 -223.0  24.0' goal '1465.0 -687.0 184.0'
ARGLOG Romero t 142.2 pos '1941.2 -187.2  24.0' spd 355.5 yaw 323.4 mode 2 st 19 gl 0 hp 98 frg -2
ARGEVT Romero pursue
ARGEVT Carmack pursue
ARGLOG Carmack t 142.4 pos '2173.5 -413.9   8.0' spd 363.9 yaw 138 mode 2 st 16 gl 3 hp 77 frg 3
ARGEVT Carmack hazard
ARGUS Carmack hunch item_artifact_super_damage
ARGEVT Carmack goal item_rockets
ARGEVT Carmack route 10 start '2169.0 -351.0  24.0' goal '1465.0 -687.0 184.0'
ARGLOG Romero t 142.7 pos '2090.3 -157.8  24.0' spd 344.1 yaw 316.6 mode 2 st 19 gl 0 hp 98 frg -2
ARGLOG Carmack t 142.9 pos '2218.4 -336.9   8.0' spd 321.0 yaw 102.9 mode 2 st 16 gl 3 hp 77 frg 3
ARGEVT Joe Rogan respawn
ARGEVT Joe Rogan plan powerup via weapon
ARGEVT Joe Rogan goal weapon_rocketlauncher
ARGLOG Joe Rogan t 143.2 pos '2048.0 -1352.0 136.0' spd 0 yaw 184.8 mode 0 st 14 gl 2 hp 100 frg 4
ARGEVT Joe Rogan route 21 start '1977.0 -1343.0 136.0' goal '2473.0 -1711.0  24.0'
ARGLOG Romero t 143.3 pos '2158.0 -210.7  24.0' spd 320.0 yaw 309.1 mode 2 st 19 gl 0 hp 98 frg -2
ARGLOG Carmack t 143.5 pos '2210.3 -355.5   8.0' spd 322.1 yaw 135.6 mode 0 st 16 gl 3 hp 74 frg 3
ARGEVT Carmack route 10 start '2169.0 -351.0  24.0' goal '1465.0 -687.0 184.0'
ARGEVT Joe Rogan hazard
ARGLOG Joe Rogan t 143.7 pos '1891.8 -1314.7  88.0' spd 393.6 yaw 67 mode 2 st 14 gl 2 hp 100 frg 4
ARGLOG Romero t 143.8 pos '2214.2 -225.0  24.0' spd 362.5 yaw 253.1 mode 2 st 19 gl 0 hp 89 frg -2
ARGLOG Carmack t 144.0 pos '2193.4 -430.6   8.0' spd 327.3 yaw  62.4 mode 2 st 16 gl 3 hp 73 frg 3
ARGLOG Joe Rogan t 144.2 pos '1933.3 -1237.3  80.5' spd 322.1 yaw 69 mode 2 st 14 gl 2 hp 100 frg 4
ARGEVT Carmack grab 
ARGLOG Romero t 144.3 pos '2174.8 -231.9  24.0' spd 351.7 yaw 300.4 mode 2 st 19 gl 0 hp 88 frg -2
ARGEVT Romero hazard
ARGLOG Carmack t 144.5 pos '2359.5 -446.0   8.0' spd 322.6 yaw 128.3 mode 2 st 16 gl 3 hp 73 frg 3
ARGEVT Joe Rogan jump
ARGLOG Joe Rogan t 144.7 pos '1936.0 -1167.7  58.5' spd  27.5 yaw 63 mode 2 st 14 gl 2 hp 100 frg 4
ARGLOG Romero t 144.8 pos '2189.8 -152.9  24.0' spd 324.9 yaw 322.2 mode 2 st 19 gl 0 hp 88 frg -2
ARGLOG Carmack t 145.0 pos '2417.8 -507.0   8.0' spd 354.3 yaw 122.3 mode 2 st 16 gl 3 hp 72 frg 3
ARGEVT Carmack pursue
ARGEVT Romero pursue
ARGEVT Carmack route 10 start '2425.0 -447.0   8.0' goal '1465.0 -687.0 184.0'
ARGEVT Joe Rogan hazard
ARGLOG Joe Rogan t 145.2 pos '1936.0 -1210.6  20.0' spd  71.9 yaw 67 mode 2 st 14 gl 2 hp 100 frg 4
ARGLOG Romero t 145.3 pos '2288.0 -140.6  24.0' spd 342.1 yaw 294 mode 2 st 19 gl 0 hp 88 frg -2
ARGEVT Joe Rogan jump
ARGLOG Carmack t 145.5 pos '2278.0 -451.1   8.0' spd 330.6 yaw 112 mode 2 st 16 gl 3 hp 72 frg 3
ARGUS Romero hunch item_artifact_super_damage
ARGEVT Romero hazard
ARGEVT Romero pursue
ARGEVT Romero plan powerup via weapon
ARGEVT Romero goal weapon_grenadelauncher
ARGLOG Joe Rogan t 145.7 pos '1936.0 -1203.5  59.5' spd  89.6 yaw 67 mode 2 st 14 gl 2 hp 100 frg 4
ARGEVT Romero route 9 start '2233.0 -223.0  24.0' goal '2057.0 -943.0 344.0'
ARGLOG Romero t 145.8 pos '2291.2 -182.9  24.0' spd 331.6 yaw 106.5 mode 2 st 19 gl 0 hp 88 frg -2
ARGEVT Carmack route 10 start '2169.0 -351.0  24.0' goal '1465.0 -687.0 184.0'
ARGLOG Carmack t 146.0 pos '2183.4 -314.7  24.0' spd 330.4 yaw  70.8 mode 2 st 16 gl 3 hp 72 frg 3
ARGEVT Joe Rogan jump
ARGLOG Joe Rogan t 146.2 pos '1936.0 -1173.5  47.2' spd  26.5 yaw 63 mode 2 st 14 gl 2 hp 100 frg 4
ARGEVT Romero grab item_health
ARGLOG Romero t 146.3 pos '2142.1 -94.8  24.0' spd 326.7 yaw 265.9 mode 2 st 19 gl 0 hp 85 frg -2
ARGLOG Carmack t 146.5 pos '2225.2 -239.9  24.0' spd 336.6 yaw 120.3 mode 2 st 16 gl 3 hp 72 frg 3
ARGLOG Joe Rogan t 146.7 pos '1936.0 -1213.5  27.5' spd  59.6 yaw 68 mode 2 st 14 gl 2 hp 100 frg 4
ARGEVT Joe Rogan hazard
ARGLOG Romero t 146.8 pos '1989.1 -49.1  24.0' spd 277.9 yaw 349.8 mode 2 st 19 gl 0 hp 100 frg -2
ARGEVT Joe Rogan jump
ARGLOG Carmack t 147.0 pos '2295.3 -176.5  24.0' spd 369.4 yaw 166.3 mode 2 st 16 gl 3 hp 71 frg 3
ARGEVT Romero route 10 start '1929.0 -223.0  24.0' goal '2057.0 -943.0 344.0'
ARGEVT Romero hazard
ARGLOG Joe Rogan t 147.2 pos '1936.0 -1210.5  63.7' spd  85.7 yaw 67 mode 2 st 14 gl 2 hp 100 frg 4
ARGLOG Romero t 147.3 pos '1917.7 -156.4  24.0' spd 194.4 yaw 340.4 mode 2 st 19 gl 0 hp 92 frg -2
ARGEVT Joe Rogan stall
ARGEVT Joe Rogan stallnode '2009.0 -1199.0 168.0'
ARGEVT Joe Rogan route 22 start '1881.0 -1311.0  88.0' goal '2473.0 -1711.0  24.0'
ARGLOG Carmack t 147.5 pos '2213.8 -279.6  24.0' spd 320.6 yaw 146.6 mode 2 st 16 gl 3 hp 70 frg 3
ARGLOG Joe Rogan t 147.7 pos '1924.2 -1238.2  20.0' spd 359.6 yaw 266 mode 2 st 15 gl 2 hp 100 frg 4
ARGEVT Joe Rogan jump
ARGLOG Romero t 147.8 pos '2004.5  -5.2  24.0' spd 364.6 yaw 297.7 mode 2 st 19 gl 0 hp 83 frg -2
ARGEVT Carmack route 10 start '2169.0 -351.0  24.0' goal '1465.0 -687.0 184.0'
ARGLOG Carmack t 148.0 pos '2187.5 -311.6  24.0' spd 320.0 yaw 114.1 mode 2 st 16 gl 3 hp 69 frg 3
ARGLOG Joe Rogan t 148.2 pos '1833.4 -1273.2  56.0' spd  73.2 yaw 321 mode 2 st 15 gl 2 hp 100 frg 4
ARGLOG Romero t 148.3 pos '2164.4  -0.9  24.0' spd 320.7 yaw 301.4 mode 2 st 19 gl 0 hp 77 frg -2
ARGLOG Carmack t 148.5 pos '2171.7 -262.1  24.0' spd 325.4 yaw  95.0 mode 2 st 16 gl 3 hp 68 frg 3
ARGEVT Joe Rogan jump
ARGLOG Joe Rogan t 148.7 pos '1904.4 -1392.0 107.8' spd 30 yaw 61 mode 2 st 15 gl 2 hp 100 frg 4
ARGLOG Romero t 148.8 pos '2329.3 -26.3  56.0' spd 349.9 yaw 215.4 mode 2 st 19 gl 0 hp 77 frg -2
ARGLOG Carmack t 149.0 pos '2086.3 -146.0  24.0' spd 332.8 yaw  24.9 mode 2 st 16 gl 3 hp 68 frg 3
ARGLOG Joe Rogan t 149.2 pos '1923.2 -1388.5 105.3' spd  44.8 yaw 75 mode 2 st 15 gl 2 hp 100 frg 4
ARGEVT Romero grab item_health
ARGLOG Romero t 149.3 pos '2419.7 -182.1  69.8' spd 358.6 yaw 151.8 mode 2 st 19 gl 0 hp 77 frg -2
ARGLOG Carmack t 149.5 pos '2102.5  22.1  24.0' spd 337.3 yaw 327.1 mode 2 st 16 gl 3 hp 68 frg 3
ARGEVT Joe Rogan jump
ARGLOG Joe Rogan t 149.7 pos '1988.0 -1260.0 146.4' spd 320.3 yaw 82 mode 2 st 15 gl 2 hp 100 frg 4
ARGLOG Romero t 149.8 pos '2537.6 -220.8  32.0' spd 384.0 yaw 125.2 mode 2 st 19 gl 0 hp 73 frg -2
ARGEVT Carmack hazard
ARGLOG Carmack t 150.0 pos '2177.7 116.6  24.0' spd 169.5 yaw 320.2 mode 2 st 16 gl 3 hp 68 frg 3
ARGEVT Carmack pursue
ARGEVT Romero pursue
ARGLOG Joe Rogan t 150.2 pos '2049.1 -1164.1 184.0' spd 150.6 yaw 124 mode 2 st 15 gl 2 hp 100 frg 4
ARGLOG Romero t 150.3 pos '2544.2 -209.3  32.0' spd 247.4 yaw 154.4 mode 2 st 19 gl 0 hp 67 frg -2
ARGLOG Carmack t 150.5 pos '2138.7 -37.1  24.0' spd 320.0 yaw 335.6 mode 2 st 16 gl 3 hp 68 frg 3
ARGLOG Joe Rogan t 150.7 pos '2037.4 -1003.2 199.9' spd 323.7 yaw  89.3 mode 0 st 15 gl 2 hp 100 frg 4
ARGLOG Romero t 150.8 pos '2545.9 -213.3  32.0' spd  70.3 yaw 177.6 mode 2 st 19 gl 0 hp 59 frg -2
ARGEVT Joe Rogan route 19 start '2025.0 -1119.0 200.0' goal '2473.0 -1711.0  24.0'
ARGLOG Carmack t 151.0 pos '2117.8 -197.0  24.0' spd 326.8 yaw 359.7 mode 2 st 16 gl 3 hp 68 frg 3
ARGEVT Romero weapon sg
ARGLOG Joe Rogan t 151.3 pos '2067.9 -858.6  86.4' spd 349.5 yaw 253 mode 2 st 15 gl 2 hp 100 frg 4
ARGEVT Romero grab item_health
ARGLOG Romero t 151.3 pos '2544.6 -221.7  32.0' spd  79.1 yaw 186.9 mode 2 st 19 gl 0 hp 50 frg -2
ARGLOG Carmack t 151.5 pos '2142.2 -318.4  24.0' spd 338.0 yaw  18.1 mode 2 st 16 gl 3 hp 63 frg 3
ARGEVT Romero hazard
ARGEVT Carmack route 10 start '2169.0 -351.0  24.0' goal '1465.0 -687.0 184.0'
ARGLOG Joe Rogan t 151.8 pos '2049.0 -973.2  32.0' spd 333.2 yaw 206.6 mode 2 st 15 gl 2 hp 100 frg 4
ARGEVT Romero pursue
ARGLOG Romero t 151.8 pos '2554.6 -172.3  32.0' spd  61.3 yaw 196.6 mode 2 st 19 gl 0 hp 50 frg -2
ARGEVT Carmack pursue
ARGEVT Joe Rogan hazard
ARGLOG Carmack t 152.0 pos '2249.7 -418.0   8.0' spd 352.1 yaw 35 mode 2 st 16 gl 3 hp 63 frg 3
ARGLOG Joe Rogan t 152.3 pos '2002.7 -939.2  32.0' spd 325.0 yaw 74 mode 2 st 15 gl 2 hp 100 frg 4
ARGLOG Romero t 152.3 pos '2434.1 -209.5  24.0' spd  35.4 yaw 217.8 mode 2 st 19 gl 0 hp 50 frg -2
ARGLOG Carmack t 152.5 pos '2327.0 -341.7   8.0' spd 321.0 yaw  54.4 mode 2 st 16 gl 3 hp 63 frg 3
ARGEVT Carmack hazard
ARGEVT Romero pursue
ARGEVT Carmack pursue
ARGLOG Joe Rogan t 152.8 pos '2064.0 -845.7  32.0' spd  23.5 yaw 255 mode 2 st 15 gl 2 hp 100 frg 4
ARGLOG Romero t 152.8 pos '2557.8 -168.8  32.0' spd 107.9 yaw 226 mode 2 st 19 gl 0 hp 50 frg -2
ARGUS Carmack hunch item_health
ARGEVT Joe Rogan hazard
ARGLOG Carmack t 153.0 pos '2357.3 -306.7   8.0' spd 186.0 yaw 202.9 mode 2 st 16 gl 3 hp 63 frg 3
ARGUS Romero hunch item_armorInv
ARGEVT Carmack pursue
ARGEVT Romero goal item_armorInv
ARGEVT Carmack goal item_health
ARGEVT Romero route 6 start '2521.0 -191.0  32.0' goal '2393.0 -655.0  56.0'
ARGEVT Romero pursue
ARGLOG Joe Rogan t 153.3 pos '2104.0 -985.5  32.0' spd 340.4 yaw 184 mode 2 st 15 gl 2 hp 100 frg 4
ARGEVT Carmack route 5 start '2329.0 -351.0   8.0' goal '2521.0 -207.0 120.0'
ARGLOG Romero t 153.3 pos '2490.9 -190.2  24.0' spd 333.5 yaw 139.1 mode 2 st 19 gl 0 hp 50 frg -2
ARGLOG Carmack t 153.6 pos '2191.4 -294.1  24.0' spd 343.4 yaw  90.0 mode 2 st 16 gl 3 hp 63 frg 3
ARGLOG Joe Rogan t 153.8 pos '2104.0 -926.7  32.0' spd 350.0 yaw  70.0 mode 2 st 15 gl 2 hp 100 frg 4
ARGLOG Romero t 153.8 pos '2351.3 -184.2  24.0' spd 346.2 yaw 200.8 mode 2 st 19 gl 0 hp 50 frg -2
ARGEVT Romero grab item_health
ARGLOG Carmack t 154.1 pos '2124.9 -138.1  24.0' spd 353.3 yaw 347.6 mode 2 st 16 gl 3 hp 63 frg 3
ARGLOG Joe Rogan t 154.3 pos '2032.0 -846.7  32.0' spd  13.3 yaw 268 mode 2 st 15 gl 2 hp 100 frg 4
ARGLOG Romero t 154.3 pos '2420.1 -214.3  24.0' spd 320.9 yaw 156.6 mode 2 st 19 gl 0 hp 42 frg -2
ARGEVT Joe Rogan hazard
ARGEVT Carmack grab item_rockets
ARGLOG Carmack t 154.6 pos '2189.3   5.8  24.0' spd 171.7 yaw 325.1 mode 2 st 16 gl 3 hp 63 frg 3
ARGEVT Romero hazard
ARGLOG Joe Rogan t 154.8 pos '2027.0 -977.4  32.0' spd 323.3 yaw 270 mode 2 st 15 gl 2 hp 100 frg 4
ARGLOG Romero t 154.9 pos '2555.6 -189.6  32.0' spd  53.7 yaw 142.8 mode 2 st 19 gl 0 hp 33 frg -2
ARGLOG Carmack t 155.1 pos '2249.3 -114.5  24.0' spd 103.2 yaw 339.1 mode 2 st 16 gl 3 hp 47 frg 3
ARGEVT Joe Rogan route 18 start '2025.0 -991.0  32.0' goal '2473.0 -1711.0  24.0'
ARGLOG Joe Rogan t 155.3 pos '1696.0 -947.6  22.2' spd 300 yaw 95 mode 2 st 15 gl 2 hp 100 frg 4
ARGLOG Romero t 155.4 pos '2543.2 -214.9  32.0' spd   6.3 yaw 159.6 mode 2 st 19 gl 0 hp 33 frg -2
ARGEVT Joe Rogan swim
ARGEVT Romero pursue
ARGEVT Carmack pursue
ARGLOG Carmack t 155.6 pos '2255.6 -92.6  24.0' spd 149.3 yaw 339 mode 2 st 16 gl 3 hp 47 frg 3
ARGEVT Carmack hazard
ARGEVT Joe Rogan swim
ARGEVT Carmack pursue
ARGEVT Romero grab item_health
ARGLOG Joe Rogan t 155.8 pos '1784.6 -1046.0 -31.0' spd 208.5 yaw 108 mode 2 st 15 gl 2 hp 88 frg 4
ARGEVT Joe Rogan swim
ARGLOG Romero t 155.9 pos '2479.1 -187.5  24.0' spd 150.2 yaw 151.5 mode 2 st 19 gl 0 hp 33 frg -2
ARGEVT Joe Rogan swim
ARGEVT Joe Rogan swim
ARGLOG Carmack t 156.1 pos '2261.7 -90.9  24.0' spd 362.1 yaw 335.4 mode 2 st 16 gl 3 hp 47 frg 3
ARGEVT Joe Rogan swim
ARGEVT Joe Rogan swim
ARGLOG Joe Rogan t 156.3 pos '1863.7 -1020.5 -32.0' spd 161.3 yaw 120 mode 2 st 15 gl 2 hp 72 frg 4
ARGLOG Romero t 156.4 pos '2537.3 -171.2  32.0' spd 223.3 yaw 174.3 mode 2 st 19 gl 0 hp 33 frg -2
ARGEVT Joe Rogan swim
ARGEVT Joe Rogan swim
ARGLOG Carmack t 156.6 pos '2225.9 -258.2  24.0' spd 332.6 yaw   9.8 mode 2 st 16 gl 3 hp 47 frg 3
ARGEVT Joe Rogan swim
ARGEVT Joe Rogan swim
ARGLOG Joe Rogan t 156.8 pos '1924.7 -971.7 -31.2' spd 152.0 yaw 133 mode 2 st 15 gl 2 hp 64 frg 4
ARGEVT Carmack route 5 start '2329.0 -351.0   8.0' goal '2521.0 -207.0 120.0'
ARGEVT Joe Rogan swim
ARGLOG Romero t 156.9 pos '2542.2 -167.2  32.0' spd 101.4 yaw 206.9 mode 2 st 19 gl 0 hp 33 frg -2
ARGEVT Joe Rogan swim
ARGEVT Romero pursue
ARGEVT Carmack pursue
ARGEVT Joe Rogan swim
ARGLOG Carmack t 157.1 pos '2299.3 -398.7   8.0' spd 304.8 yaw 42 mode 2 st 16 gl 3 hp 47 frg 3
ARGEVT Joe Rogan swim
ARGEVT Joe Rogan swim
ARGLOG Joe Rogan t 157.3 pos '1936.0 -910.1 -30.9' spd 131.5 yaw 59 mode 2 st 15 gl 2 hp 56 frg 4
ARGLOG Romero t 157.4 pos '2463.0 -220.9  24.0' spd 213.3 yaw 217.0 mode 2 st 19 gl 0 hp 33 frg -2
ARGEVT Joe Rogan swim
ARGEVT Romero hazard
ARGEVT Joe Rogan swim
ARGLOG Carmack t 157.6 pos '2470.2 -373.5   8.0' spd 320.4 yaw  75.4 mode 2 st 16 gl 3 hp 47 frg 3
ARGEVT Joe Rogan swim
ARGEVT Romero pursue
ARGEVT Joe Rogan swim
ARGEVT Carmack pursue
ARGLOG Joe Rogan t 157.8 pos '1936.0 -848.0 -32.1' spd 0 yaw 44 mode 2 st 15 gl 2 hp 40 frg 4
ARGEVT Joe Rogan swim
ARGLOG Romero t 157.9 pos '2401.9 -240.0  24.0' spd 258.4 yaw 261 mode 2 st 19 gl 0 hp 33 frg -2
ARGEVT Carmack hazard
ARGEVT Joe Rogan swim
ARGEVT Carmack route 5 start '2473.0 -319.0   8.0' goal '2521.0 -207.0 120.0'
ARGEVT Joe Rogan swim
ARGLOG Carmack t 158.1 pos '2511.5 -313.0   8.0' spd 320.1 yaw 191.0 mode 2 st 16 gl 3 hp 47 frg 3
ARGEVT Joe Rogan swim
ARGEVT Joe Rogan swim
ARGEVT Carmack pursue
ARGLOG Joe Rogan t 158.3 pos '1936.0 -848.0 -30.9' spd 0 yaw 44 mode 2 st 15 gl 2 hp 32 frg 4
ARGEVT Joe Rogan swim
ARGLOG Romero t 158.4 pos '2363.5 -240.0  24.0' spd   5.8 yaw 277 mode 2 st 19 gl 0 hp 33 frg -2
ARGEVT Romero grab item_health
ARGEVT Carmack retreat
ARGEVT Joe Rogan swim
ARGEVT Joe Rogan swim
ARGLOG Carmack t 158.6 pos '2384.2 -417.2   8.0' spd 363.7 yaw 117.0 mode 2 st 16 gl 3 hp 27 frg 3
ARGEVT Joe Rogan swim
ARGEVT Joe Rogan swim
ARGLOG Joe Rogan t 158.9 pos '1936.0 -848.0 -32.0' spd 0 yaw 41 mode 2 st 15 gl 2 hp 20 frg 4
ARGLOG Romero t 158.9 pos '2484.9 -219.8  24.0' spd 320.0 yaw 257.7 mode 2 st 19 gl 0 hp 33 frg -2
ARGEVT Carmack hazard
ARGEVT Joe Rogan swim
ARGEVT Joe Rogan swim
ARGLOG Carmack t 159.1 pos '2363.3 -517.3   8.0' spd 110.0 yaw  66.1 mode 2 st 16 gl 3 hp 27 frg 3
ARGEVT Joe Rogan swim
ARGEVT Carmack pursue
ARGEVT Romero pursue
ARGEVT Joe Rogan swim
ARGUS Romero hunch item_armorInv
ARGLOG Joe Rogan t 159.4 pos '1928.2 -848.0 -31.4' spd 0 yaw 41 mode 2 st 15 gl 2 hp 8 frg 4
ARGEVT Joe Rogan swim
ARGLOG Romero t 159.4 pos '2526.7 -217.6  32.0' spd 256.8 yaw 113.4 mode 2 st 19 gl 0 hp 33 frg -2
ARGEVT Romero pursue
ARGEVT Romero goal item_health
ARGEVT Romero jump
ARGEVT Romero route 5 start '2521.0 -191.0  32.0' goal '2521.0 -207.0 120.0'
ARGEVT Joe Rogan swim
ARGEVT Joe Rogan death world pos '1906.4 -848.0 -31.4'
ARGLOG Carmack t 159.6 pos '2390.7 -383.2   8.0' spd 320.6 yaw 69 mode 2 st 16 gl 3 hp 27 frg 3
ARGLOG Romero t 159.9 pos '2414.9 -112.0  63.9' spd 222.3 yaw 230.0 mode 1 st 19 gl 0 hp 33 frg -2
ARGLOG Carmack t 160.1 pos '2451.7 -341.3   8.0' spd 327.9 yaw  97.6 mode 2 st 16 gl 3 hp 27 frg 3
ARGLOG Romero t 160.4 pos '2451.2 -122.1  56.0' spd 229.2 yaw 273.7 mode 1 st 19 gl 0 hp 33 frg -2
ARGEVT Romero grab item_health
ARGEVT Carmack hazard
ARGLOG Carmack t 160.6 pos '2482.7 -495.4   8.0' spd 481.5 yaw 101.9 mode 2 st 16 gl 3 hp 3 frg 3
ARGEVT Romero jump
ARGLOG Romero t 160.9 pos '2474.6 -183.9  34.9' spd 177.2 yaw 266.8 mode 1 st 19 gl 0 hp 32 frg -2
ARGEVT Joe Rogan respawn
ARGEVT Joe Rogan goal weapon_rocketlauncher
ARGLOG Joe Rogan t 161.1 pos '2576.0 -1328.0  24.0' spd 0 yaw 265.5 mode 0 st 15 gl 2 hp 100 frg 3
ARGEVT Joe Rogan route 2 start '2585.0 -1375.0  24.0' goal '2473.0 -1711.0  24.0'
ARGLOG Carmack t 161.1 pos '2410.6 -507.9   8.0' spd  58.2 yaw  80.4 mode 2 st 16 gl 3 hp 3 frg 3
ARGEVT Carmack pursue
ARGLOG Romero t 161.4 pos '2501.3 -238.9  48.3' spd 111.3 yaw   5.8 mode 1 st 19 gl 0 hp 72 frg -2
ARGLOG Joe Rogan t 161.6 pos '2521.6 -1463.8  24.0' spd 322.2 yaw 259 mode 2 st 15 gl 2 hp 100 frg 3
ARGLOG Carmack t 161.6 pos '2361.5 -399.3   8.0' spd 337.6 yaw 62 mode 2 st 16 gl 3 hp 3 frg 3
ARGEVT Romero jump
ARGEVT Romero pursue
ARGUS Carmack hunch item_armorInv
ARGLOG Romero t 161.9 pos '2574.0 -145.5  32.9' spd 327.9 yaw 131.1 mode 1 st 19 gl 0 hp 72 frg -2
ARGEVT Romero hazard
ARGEVT Carmack goal item_armorInv
ARGEVT Carmack hazard
ARGEVT Carmack route 4 start '2329.0 -351.0   8.0' goal '2393.0 -655.0  56.0'
ARGLOG Joe Rogan t 162.1 pos '2489.0 -1621.8  24.0' spd 320.5 yaw 265 mode 1 st 15 gl 2 hp 100 frg 3
ARGLOG Carmack t 162.1 pos '2334.0 -308.3   8.0' spd 320.1 yaw  24.0 mode 2 st 16 gl 3 hp 3 frg 3
ARGEVT Joe Rogan goal item_armorInv
ARGEVT Joe Rogan route 5 start '2473.0 -1711.0  24.0' goal '2473.0 -1999.0 120.0'
ARGEVT Romero pursue
ARGEVT Carmack pursue
ARGLOG Romero t 162.4 pos '2573.0 -205.9  32.0' spd 355.5 yaw 209 mode 1 st 19 gl 0 hp 72 frg -2
ARGEVT Romero jump
ARGLOG Joe Rogan t 162.6 pos '2473.8 -1793.6  24.0' spd 368.4 yaw 202 mode 2 st 15 gl 3 hp 100 frg 3
ARGLOG Carmack t 162.7 pos '2253.0 -383.7   8.0' spd 393.2 yaw 336.2 mode 2 st 16 gl 3 hp 3 frg 3
ARGEVT Romero pursue
ARGLOG Romero t 163.0 pos '2470.9 -204.7  24.0' spd 322.6 yaw 150.2 mode 1 st 19 gl 0 hp 72 frg -2
ARGLOG Joe Rogan t 163.1 pos '2340.0 -1899.5  24.0' spd 326.8 yaw 212 mode 2 st 15 gl 3 hp 100 frg 3
ARGLOG Carmack t 163.2 pos '2417.5 -488.6   8.0' spd 349.8 yaw  83.6 mode 2 st 16 gl 3 hp 3 frg 3
ARGEVT Carmack hazard
ARGLOG Romero t 163.5 pos '2305.2 -173.3  24.0' spd 340.1 yaw 287.4 mode 1 st 19 gl 0 hp 72 frg -2
ARGLOG Joe Rogan t 163.6 pos '2174.1 -1912.9  40.0' spd 382.4 yaw 317 mode 2 st 15 gl 3 hp 100 frg 3
ARGLOG Carmack t 163.7 pos '2483.0 -507.2   8.0' spd 237.8 yaw 124.0 mode 2 st 16 gl 3 hp 3 frg 3
ARGEVT Joe Rogan hazard
ARGEVT Joe Rogan jump
ARGEVT Carmack pursue
ARGEVT Joe Rogan door
ARGEVT Romero pursue
ARGLOG Romero t 164.0 pos '2173.8 -269.7  24.0' spd 328.6 yaw 322.6 mode 1 st 19 gl 0 hp 72 frg -2
ARGLOG Joe Rogan t 164.1 pos '2164.1 -2000.5  97.4' spd  45.9 yaw 2 mode 2 st 15 gl 3 hp 100 frg 3
ARGLOG Carmack t 164.2 pos '2629.5 -486.8  32.0' spd 202.8 yaw 157.3 mode 2 st 16 gl 3 hp 3 frg 3
ARGEVT Joe Rogan jump
ARGEVT Carmack hazard
ARGLOG Romero t 164.5 pos '2128.7 -426.1   8.0' spd 320.2 yaw 349.5 mode 1 st 19 gl 0 hp 72 frg -2
ARGLOG Joe Rogan t 164.6 pos '2232.0 -1997.5 131.6' spd  16.3 yaw 1 mode 2 st 15 gl 3 hp 100 frg 3
ARGLOG Carmack t 164.7 pos '2635.6 -497.2  32.0' spd  53.1 yaw 176.7 mode 2 st 16 gl 3 hp 3 frg 3
ARGEVT Joe Rogan hazard
ARGEVT Carmack death Romero pos '2630.6 -494.5  32.0'
ARGUS Romero watch spawn
ARGLOG Romero t 165.0 pos '2165.2 -448.0   8.0' spd 340.9 yaw  38.4 mode 1 st 19 gl 0 hp 71 frg -1
ARGEVT Romero goal item_armorInv
ARGEVT Romero route 4 start '2153.0 -479.0   8.0' goal '2393.0 -655.0  56.0'
ARGLOG Joe Rogan t 165.1 pos '2232.0 -2000.0 120.0' spd 0 yaw 2 mode 2 st 15 gl 3 hp 100 frg 3
ARGEVT Joe Rogan stall
ARGEVT Joe Rogan stallnode '2473.0 -1999.0 120.0'
ARGEVT Joe Rogan jump
ARGEVT Joe Rogan route 2 start '2153.0 -2015.0  88.0' goal '2473.0 -1999.0 120.0'
ARGLOG Romero t 165.5 pos '2327.6 -383.6   8.0' spd 332.4 yaw 340 mode 2 st 19 gl 0 hp 71 frg -1
ARGLOG Joe Rogan t 165.7 pos '2232.0 -1994.0 159.4' spd  23.8 yaw 1 mode 2 st 16 gl 3 hp 100 frg 3
ARGEVT Joe Rogan hazard
ARGLOG Romero t 166.0 pos '2485.1 -424.0   8.0' spd 321.0 yaw 334 mode 2 st 19 gl 0 hp 71 frg -1
ARGLOG Joe Rogan t 166.2 pos '2230.9 -1968.0 120.0' spd   3.1 yaw 358 mode 2 st 16 gl 3 hp 100 frg 3
ARGEVT Carmack respawn
ARGEVT Carmack goal weapon_rocketlauncher
ARGLOG Carmack t 166.4 pos '1712.0 -504.0  24.0' spd 0 yaw 274.8 mode 0 st 16 gl 3 hp 100 frg 3
ARGEVT Carmack route 14 start '1705.0 -575.0  24.0' goal '1465.0 -687.0 184.0'
ARGEVT Romero weapon ng
ARGLOG Romero t 166.5 pos '2597.3 -506.9  32.0' spd 337.9 yaw 304.9 mode 2 st 19 gl 0 hp 71 frg -1
ARGEVT Romero hazard
ARGEVT Carmack hazard
ARGLOG Joe Rogan t 166.7 pos '2229.3 -1968.0 120.0' spd   3.1 yaw 358 mode 2 st 16 gl 3 hp 100 frg 3
ARGLOG Carmack t 166.9 pos '1832.4 -546.1  40.0' spd 321.0 yaw 10 mode 2 st 16 gl 3 hp 100 frg 3
ARGEVT Joe Rogan hazard
ARGLOG Romero t 167.0 pos '2552.7 -513.2  24.0' spd 320.4 yaw 170.5 mode 2 st 19 gl 0 hp 71 frg -1
ARGLOG Joe Rogan t 167.2 pos '2227.6 -1968.0 120.0' spd   3.1 yaw 358 mode 2 st 16 gl 3 hp 100 frg 3
ARGEVT Joe Rogan stall
ARGEVT Joe Rogan stallnode '2153.0 -2015.0  88.0'
ARGEVT Joe Rogan jump
ARGLOG Carmack t 167.4 pos '1992.1 -523.0 104.0' spd 320.1 yaw 12 mode 2 st 16 gl 3 hp 100 frg 3
ARGEVT Joe Rogan route 2 start '2153.0 -2015.0  88.0' goal '2473.0 -1999.0 120.0'
ARGLOG Romero t 167.5 pos '2458.0 -373.3   8.0' spd 479.0 yaw   9.2 mode 2 st 19 gl 0 hp 71 frg -1
ARGEVT Carmack hazard
ARGLOG Joe Rogan t 167.7 pos '2232.0 -1969.2 163.7' spd  11.6 yaw 358 mode 2 st 17 gl 3 hp 100 frg 3
ARGEVT Romero hazard
ARGLOG Carmack t 167.9 pos '2053.7 -398.6 104.0' spd 365.9 yaw 104 mode 2 st 16 gl 3 hp 100 frg 3
ARGEVT Romero route 4 start '2601.0 -383.0  24.0' goal '2393.0 -655.0  56.0'
ARGEVT Joe Rogan hazard
ARGLOG Romero t 168.0 pos '2625.5 -341.3  24.0' spd  84.0 yaw 245 mode 2 st 19 gl 0 hp 71 frg -1
ARGEVT Joe Rogan stall
ARGEVT Joe Rogan stallnode '2153.0 -2015.0  88.0'
ARGEVT Joe Rogan jump
ARGLOG Joe Rogan t 168.2 pos '2231.2 -1987.9 147.5' spd  70.0 yaw 249.4 mode 0 st 18 gl 3 hp 100 frg 3
ARGEVT Romero engage Carmack
ARGEVT Carmack engage Romero
ARGLOG Carmack t 168.4 pos '2002.7 -227.4  24.0' spd 434.3 yaw  40.7 mode 2 st 16 gl 3 hp 100 frg 3
ARGLOG Romero t 168.5 pos '2471.0 -352.5   8.0' spd 375.3 yaw 197.9 mode 2 st 19 gl 0 hp 71 frg -1
ARGLOG Joe Rogan t 168.7 pos '2212.4 -2001.2 126.5' spd  66.9 yaw 249.4 mode 0 st 18 gl 3 hp 100 frg 3
ARGEVT Romero grab item_armorInv
ARGLOG Carmack t 168.9 pos '2014.5 -319.7  72.0' spd 320.4 yaw 339.6 mode 2 st 16 gl 3 hp 100 frg 3
ARGEVT Romero pursue
ARGEVT Carmack pursue
ARGLOG Romero t 169.0 pos '2363.3 -483.7   8.0' spd 350.6 yaw 172.0 mode 2 st 19 gl 0 hp 71 frg -1
ARGUS Carmack hunch item_armorInv
ARGLOG Joe Rogan t 169.2 pos '2158.1 -2094.0  88.0' spd 320.3 yaw 249.4 mode 0 st 18 gl 3 hp 100 frg 3
ARGEVT Carmack goal item_armorInv
ARGEVT Carmack route 7 start '1993.0 -415.0 104.0' goal '2393.0 -655.0  56.0'
ARGEVT Carmack pursue
ARGLOG Carmack t 169.4 pos '2003.5 -376.3 104.0' spd 327.0 yaw 140.9 mode 2 st 16 gl 3 hp 100 frg 3
ARGEVT Carmack hazard
ARGLOG Romero t 169.5 pos '2194.6 -457.8   8.0' spd 334.0 yaw 126 mode 0 st 19 gl 0 hp 71 frg -1
ARGEVT Joe Rogan goal item_artifact_super_damage
ARGEVT Joe Rogan route 14 start '2153.0 -2175.0  88.0' goal '1913.0 -719.0 184.0'
ARGLOG Joe Rogan t 169.7 pos '2132.4 -2142.5  88.0' spd 344.7 yaw  50.5 mode 2 st 18 gl 3 hp 100 frg 3
ARGUS Romero hunch item_artifact_super_damage
ARGEVT Romero route 5 start '2169.0 -351.0  24.0' goal '2393.0 -655.0  56.0'
ARGEVT Romero hazard
ARGEVT Romero pursue
ARGLOG Carmack t 169.9 pos '1978.6 -216.7  24.0' spd 376.9 yaw  34.8 mode 2 st 16 gl 3 hp 100 frg 3
ARGEVT Romero goal item_armor2
ARGEVT Romero route 7 start '2153.0 -479.0   8.0' goal '2777.0 -15.0 -72.0'
ARGEVT Joe Rogan hazard
ARGLOG Romero t 170.0 pos '2137.7 -432.3   8.0' spd 352.0 yaw 221.0 mode 2 st 19 gl 0 hp 71 frg -1
ARGEVT Joe Rogan jump
ARGEVT Romero pursue
ARGLOG Joe Rogan t 170.2 pos '2224.0 -1998.0 117.8' spd 304.1 yaw 2 mode 2 st 18 gl 3 hp 100 frg 3
ARGEVT Romero pursue
ARGLOG Carmack t 170.4 pos '2139.5 -141.7  24.0' spd 320.9 yaw 286.0 mode 2 st 16 gl 3 hp 100 frg 3
ARGLOG Romero t 170.6 pos '2197.3 -521.4   8.0' spd 334.1 yaw  81.3 mode 2 st 19 gl 0 hp 71 frg -1
ARGLOG Joe Rogan t 170.7 pos '2231.3 -1968.0 120.0' spd   4.7 yaw 358 mode 2 st 18 gl 3 hp 100 frg 3
ARGEVT Carmack grab weapon_nailgun
ARGLOG Carmack t 170.9 pos '2299.9 -153.3  24.0' spd 321.0 yaw 272.1 mode 2 st 16 gl 3 hp 100 frg 3
ARGEVT Joe Rogan hazard
ARGLOG Romero t 171.1 pos '2359.0 -508.2   8.0' spd 320.2 yaw  74.0 mode 2 st 19 gl 0 hp 71 frg -1
ARGLOG Joe Rogan t 171.2 pos '2228.8 -1968.0 120.0' spd   5.0 yaw 358 mode 2 st 18 gl 3 hp 100 frg 3
ARGEVT Romero route 6 start '2425.0 -447.0   8.0' goal '2777.0 -15.0 -72.0'
ARGLOG Carmack t 171.4 pos '2459.9 -182.2  24.0' spd 321.6 yaw 283.8 mode 2 st 16 gl 3 hp 100 frg 3
ARGEVT Romero jump
ARGLOG Romero t 171.6 pos '2512.0 -477.3  15.4' spd  72.2 yaw  74.8 mode 2 st 19 gl 0 hp 71 frg -1
ARGEVT Joe Rogan stall
ARGEVT Joe Rogan stallnode '2281.0 -2239.0  88.0'
ARGEVT Joe Rogan jump
ARGEVT Joe Rogan route 15 start '2153.0 -2015.0  88.0' goal '1913.0 -719.0 184.0'
ARGLOG Joe Rogan t 171.7 pos '2230.4 -1968.2 147.6' spd  30.0 yaw 358 mode 2 st 19 gl 3 hp 100 frg 3
ARGEVT Joe Rogan abandon
ARGEVT Romero pursue
ARGEVT Carmack pursue
ARGLOG Carmack t 171.9 pos '2538.1 -224.4  32.0' spd 320.0 yaw 238.4 mode 2 st 16 gl 3 hp 100 frg 3
ARGEVT Carmack hazard
ARGEVT Joe Rogan goal item_health
ARGEVT Joe Rogan door
ARGEVT Joe Rogan route 2 start '2153.0 -2015.0  88.0' goal '2377.0 -1999.0 120.0'
ARGLOG Romero t 172.1 pos '2519.1 -448.0  24.0' spd  32.9 yaw 103 mode 2 st 19 gl 0 hp 71 frg -1
ARGEVT Carmack pursue
ARGLOG Joe Rogan t 172.2 pos '2212.7 -1968.0 126.8' spd  22.1 yaw  63.7 mode 2 st 19 gl 3 hp 100 frg 3
ARGEVT Joe Rogan hazard
ARGLOG Carmack t 172.4 pos '2368.3 -239.5  24.0' spd 235.7 yaw 271.8 mode 2 st 16 gl 3 hp 100 frg 3
ARGLOG Romero t 172.6 pos '2405.2 -445.2   8.0' spd 320.5 yaw 111.6 mode 2 st 19 gl 0 hp 71 frg -1
ARGLOG Joe Rogan t 172.7 pos '2224.0 -1929.9  54.3' spd  90.0 yaw 353 mode 2 st 19 gl 3 hp 100 frg 3
ARGLOG Carmack t 173.0 pos '2417.9 -224.3  24.0' spd 304.9 yaw 219.8 mode 2 st 16 gl 3 hp 100 frg 3
ARGLOG Romero t 173.1 pos '2239.5 -410.0   8.0' spd 328.3 yaw  70.9 mode 2 st 19 gl 0 hp 68 frg -1
ARGLOG Joe Rogan t 173.2 pos '2224.0 -1913.6  40.0' spd   9.2 yaw 351 mode 2 st 19 gl 3 hp 100 frg 3
ARGEVT Romero grab item_health
ARGEVT Romero route 6 start '2169.0 -351.0  24.0' goal '2777.0 -15.0 -72.0'
ARGEVT Romero hazard
ARGLOG Carmack t 173.5 pos '2290.0 -163.1  24.0' spd  44.6 yaw 238.3 mode 2 st 16 gl 3 hp 91 frg 3
ARGEVT Joe Rogan hazard
ARGLOG Romero t 173.6 pos '2147.7 -447.8   8.0' spd 191.8 yaw  53.4 mode 2 st 19 gl 0 hp 68 frg -1
ARGEVT Joe Rogan stall
ARGEVT Joe Rogan stallnode '2153.0 -2015.0  88.0'
ARGEVT Joe Rogan jump
ARGLOG Joe Rogan t 173.7 pos '2224.0 -1911.5  47.6' spd   7.2 yaw 350 mode 0 st 20 gl 3 hp 100 frg 3
ARGEVT Joe Rogan route 3 start '2153.0 -1919.0  40.0' goal '2377.0 -1999.0 120.0'
ARGLOG Carmack t 174.0 pos '2394.5 -234.9  24.0' spd 118.5 yaw 223.6 mode 2 st 16 gl 3 hp 91 frg 3
ARGEVT Romero pursue
ARGEVT Carmack pursue
ARGLOG Romero t 174.1 pos '2169.2 -457.2   8.0' spd 264.6 yaw  60.2 mode 2 st 19 gl 0 hp 59 frg -1
ARGEVT Carmack hazard
ARGLOG Joe Rogan t 174.2 pos '2230.9 -1898.1  67.0' spd  47.9 yaw 348 mode 2 st 20 gl 3 hp 100 frg 3
ARGEVT Carmack pursue
ARGLOG Carmack t 174.5 pos '2248.9 -239.8  24.0' spd 320.0 yaw 247.1 mode 2 st 16 gl 3 hp 91 frg 3
ARGLOG Romero t 174.6 pos '2197.7 -377.6   8.0' spd 320.2 yaw  96.6 mode 2 st 19 gl 0 hp 50 frg -1
ARGLOG Joe Rogan t 174.7 pos '2324.6 -1904.0  24.0' spd 328.6 yaw 346 mode 2 st 20 gl 3 hp 100 frg 3
ARGEVT Romero retreat
ARGEVT Carmack grab item_spikes
ARGLOG Carmack t 175.0 pos '2128.0 -241.1  24.0' spd  72.8 yaw 272.2 mode 2 st 16 gl 3 hp 64 frg 3
ARGLOG Romero t 175.1 pos '2150.3 -509.2   8.0' spd 293.4 yaw  99.3 mode 2 st 19 gl 0 hp 32 frg -1
ARGEVT Romero hazard
ARGLOG Joe Rogan t 175.2 pos '2494.7 -1904.0  24.0' spd 323.0 yaw 355.7 mode 0 st 20 gl 3 hp 100 frg 3
ARGEVT Joe Rogan route 5 start '2553.0 -1871.0  24.0' goal '2377.0 -1999.0 120.0'
ARGEVT Carmack grab item_health
ARGLOG Carmack t 175.5 pos '1988.1 -211.3  24.0' spd 353.9 yaw 318.1 mode 0 st 16 gl 3 hp 64 frg 3
ARGEVT Romero pursue
ARGEVT Carmack pursue
ARGEVT Joe Rogan hazard
