LOG started on: 08/27/2026 09:45:22 
Playing registered version.
UDP Initialized
WIPX_OpenSocket: Address family not supported by protocol family
WIPX_Init: Unable to open control socket, IPX disabled
Exe: 20:02:47 Jul 31 2024
256.0 megabyte heap

Language initialization
Couldn't load 'localization/loc_english.txt'
from 'C:\argus\engine'

========= Quake Initialized =========

execing autoexec.cfg
SpawnServer: dm4
Clearing memory
Programs occupy 594K.
trying to open external vis file
maps/dm4.vis not found, trying argus.vis
external vis not found
ARGUS slots 8
ARGUS worldspawn reached
ARGNAV 153 nodes, 910 links
0 entities inhibited
ARGUS init on dm4
ARGEVT Carmack spawned
ARGEVT Romero spawned
ARGEVT Joe Rogan spawned
Server spawned.
ARGLOG Joe Rogan t   1.2 pos '272.0 -952.0  24.0' spd 0 yaw 323.2 mode 0 st 0 gl 0 hp 100 frg 0
ARGLOG Romero t   1.2 pos '-64.0 -232.0 -72.0' spd 0 yaw  10.2 mode 0 st 0 gl 0 hp 100 frg 0
ARGLOG Carmack t   1.2 pos '-64.0 512.0 -296.0' spd 0 yaw 252.0 mode 0 st 0 gl 0 hp 100 frg 0
ARGEVT Joe Rogan goal weapon_rocketlauncher
ARGEVT Romero goal weapon_rocketlauncher
ARGEVT Carmack goal weapon_supernailgun
ARGEVT Carmack hazard
ARGEVT Joe Rogan routefail
ARGEVT Joe Rogan plan powerup via weapon
ARGEVT Joe Rogan goal weapon_lightning
ARGEVT Romero hazard
ARGEVT Joe Rogan route 6 start '401.0 -1015.0  24.0' goal '529.0 -311.0 -104.0'
ARGLOG Joe Rogan t   1.7 pos '422.8 -1003.5  24.0' spd 385.8 yaw 95 mode 2 st 0 gl 0 hp 100 frg 0
ARGLOG Romero t   1.7 pos ' 91.4 -218.2 -72.0' spd 390.4 yaw  71.3 mode 0 st 0 gl 0 hp 100 frg 0
ARGLOG Carmack t   1.7 pos '-61.2 370.3 -296.0' spd 330.6 yaw 284.4 mode 0 st 0 gl 0 hp 100 frg 0
ARGEVT Joe Rogan hazard
ARGEVT Romero route 9 start '145.0 -183.0 -72.0' goal ' 49.0 105.0 -296.0'
ARGEVT Carmack routefail
ARGLOG Joe Rogan t   2.2 pos '416.9 -850.7  24.0' spd 320.3 yaw 92 mode 2 st 0 gl 0 hp 100 frg 0
ARGLOG Romero t   2.2 pos '251.6 -250.2 -78.5' spd 340.7 yaw 252 mode 2 st 0 gl 0 hp 100 frg 0
ARGEVT Carmack goal weapon_rocketlauncher
ARGLOG Carmack t   2.2 pos '-51.8 194.8 -296.0' spd 340.5 yaw 266 mode 0 st 0 gl 0 hp 100 frg 0
ARGEVT Carmack route 2 start '-47.0 201.0 -296.0' goal ' 49.0 105.0 -296.0'
ARGLOG Joe Rogan t   2.7 pos '346.6 -715.9  24.0' spd 327.0 yaw 75 mode 2 st 0 gl 0 hp 100 frg 0
ARGLOG Romero t   2.7 pos '371.3 -356.8 -237.5' spd 322.4 yaw 187 mode 2 st 0 gl 0 hp 100 frg 0
ARGLOG Carmack t   2.7 pos ' 19.8  48.0 -296.0' spd 341.0 yaw 14 mode 1 st 0 gl 0 hp 100 frg 0
ARGEVT Romero goal item_armorInv
ARGEVT Romero abandon
ARGEVT Carmack goal item_artifact_super_damage
ARGEVT Romero route 16 start '369.0 -279.0 -296.0' goal '817.0 -855.0 -232.0'
ARGEVT Romero swim
ARGEVT Carmack hazard
ARGEVT Romero goal weapon_lightning
ARGEVT Romero route 9 start '369.0 -279.0 -296.0' goal '529.0 -311.0 -104.0'
ARGLOG Joe Rogan t   3.3 pos '339.9 -549.3  24.0' spd 343.9 yaw 73 mode 2 st 0 gl 0 hp 100 frg 0
ARGLOG Romero t   3.3 pos '410.1 -352.3 -394.7' spd 195.6 yaw  86.2 mode 2 st 0 gl 0 hp 60 frg 0
ARGLOG Carmack t   3.3 pos ' 94.3 120.9 -296.0' spd 339.9 yaw  46.7 mode 0 st 0 gl 1 hp 100 frg 0
ARGEVT Carmack route 6 start ' 49.0 105.0 -296.0' goal '209.0  73.0 -104.0'
ARGEVT Romero death world pos '398.8 -304.0 -391.1'
ARGLOG Joe Rogan t   3.8 pos '422.0 -380.7  11.1' spd 333.6 yaw  66.0 mode 1 st 0 gl 0 hp 100 frg 0
ARGLOG Carmack t   3.8 pos '-35.7 116.9 -296.0' spd 330.5 yaw 279 mode 2 st 0 gl 1 hp 100 frg 0
ARGEVT Carmack hazard
ARGLOG Joe Rogan t   4.3 pos '505.5 -250.2 -104.0' spd 349.6 yaw 293 mode 1 st 0 gl 0 hp 100 frg 0
ARGLOG Carmack t   4.3 pos '-196.6  48.0 -296.0' spd 203.2 yaw 306 mode 2 st 0 gl 1 hp 100 frg 0
ARGEVT Joe Rogan goal item_artifact_super_damage
ARGEVT Joe Rogan routefail
ARGEVT Joe Rogan goal item_armorInv
ARGEVT Joe Rogan hazard
ARGLOG Joe Rogan t   4.9 pos '656.3 -272.0 -104.0' spd 185.3 yaw  30.8 mode 0 st 0 gl 1 hp 100 frg 0
ARGLOG Carmack t   4.9 pos '-93.8  48.0 -296.0' spd 258.8 yaw 291 mode 2 st 0 gl 1 hp 100 frg 0
ARGEVT Joe Rogan route 17 start '625.0 -343.0 -104.0' goal '817.0 -855.0 -232.0'
ARGEVT Romero respawn
ARGEVT Romero goal item_armor2
ARGLOG Romero t   5.3 pos '112.0 -1136.0 -104.0' spd 0 yaw 27 mode 0 st 0 gl 0 hp 100 frg -1
ARGEVT Romero route 16 start '145.0 -1143.0 -88.0' goal '1073.0 -567.0  24.0'
ARGLOG Joe Rogan t   5.4 pos '681.2 -287.3 -104.0' spd 325.3 yaw 123 mode 2 st 0 gl 1 hp 100 frg 0
ARGLOG Carmack t   5.4 pos '-43.0 -106.0 -296.0' spd 324.6 yaw 347 mode 2 st 0 gl 1 hp 100 frg 0
ARGEVT Romero hazard
ARGEVT Carmack engage Joe Rogan
ARGLOG Romero t   5.8 pos '258.9 -1136.0 -104.0' spd  90.5 yaw 282 mode 2 st 0 gl 0 hp 100 frg -1
ARGLOG Joe Rogan t   6.0 pos '540.3 -191.8 -104.0' spd 344.4 yaw 67 mode 2 st 0 gl 1 hp 100 frg 0
ARGLOG Carmack t   6.0 pos ' 54.1 -249.2 -296.0' spd 382.6 yaw  35.5 mode 2 st 0 gl 1 hp 100 frg 0
ARGEVT Romero jump
ARGEVT Joe Rogan engage Carmack
ARGEVT Joe Rogan weapon sg
ARGEVT Joe Rogan grab item_armor1
ARGEVT Joe Rogan weapon lg
ARGEVT Romero engage Joe Rogan
ARGLOG Romero t   6.3 pos '124.2 -1155.7 -67.7' spd 302.1 yaw  44.6 mode 2 st 0 gl 0 hp 100 frg -1
ARGLOG Joe Rogan t   6.5 pos '518.7 -202.5 -104.0' spd 320.4 yaw 189.5 mode 2 st 0 gl 1 hp 100 frg 0
ARGLOG Carmack t   6.5 pos '139.5 -248.3 -296.0' spd 259.4 yaw 346.4 mode 2 st 0 gl 1 hp 100 frg 0
ARGEVT Romero pursue
ARGLOG Romero t   6.9 pos ' 92.3 -1077.4 -104.0' spd 324.5 yaw 64 mode 2 st 0 gl 0 hp 100 frg -1
ARGLOG Joe Rogan t   7.1 pos '531.3 -193.7 -104.0' spd  44.4 yaw 186.7 mode 2 st 0 gl 1 hp 100 frg 0
ARGLOG Carmack t   7.1 pos '212.9 -241.8 -296.0' spd 131.5 yaw 354.6 mode 2 st 0 gl 1 hp 100 frg 0
ARGEVT Carmack hazard
ARGEVT Carmack pursue
ARGEVT Joe Rogan pursue
ARGLOG Romero t   7.4 pos '163.8 -912.5 -104.0' spd 320.0 yaw 64 mode 2 st 0 gl 0 hp 100 frg -1
ARGEVT Joe Rogan hazard
ARGLOG Joe Rogan t   7.6 pos '471.3 -262.7 -104.0' spd 411.5 yaw 167.6 mode 2 st 0 gl 1 hp 100 frg 0
ARGLOG Carmack t   7.6 pos '372.7 -242.5 -296.0' spd 279.8 yaw  34.9 mode 2 st 0 gl 1 hp 100 frg 0
ARGEVT Romero route 18 start '177.0 -855.0 -104.0' goal '1073.0 -567.0  24.0'
ARGEVT Romero hazard
ARGEVT Carmack retreat
ARGLOG Romero t   8.0 pos '253.4 -767.5 -104.0' spd 330.3 yaw  25.0 mode 2 st 0 gl 0 hp 100 frg -1
ARGEVT Carmack death Joe Rogan pos '269.8 -200.1 -296.0'
ARGLOG Joe Rogan t   8.2 pos '485.9 -249.3 -104.0' spd 375.1 yaw 324.2 mode 2 st 0 gl 1 hp 100 frg 1
ARGEVT Joe Rogan goal 
ARGEVT Joe Rogan route 3 start '529.0 -311.0 -104.0' goal '273.0 -183.0 -296.0'
ARGLOG Romero t   8.5 pos '398.6 -758.2 -104.0' spd 320.2 yaw 328.2 mode 2 st 0 gl 0 hp 100 frg -1
ARGLOG Joe Rogan t   8.7 pos '518.4 -423.0 -104.0' spd 329.8 yaw 136 mode 2 st 0 gl 1 hp 100 frg 1
ARGEVT Joe Rogan hazard
ARGEVT Romero pursue
ARGEVT Romero hazard
ARGLOG Romero t   9.1 pos '463.4 -894.0 -104.0' spd 138.4 yaw  67.7 mode 2 st 0 gl 0 hp 100 frg -1
ARGLOG Joe Rogan t   9.3 pos '351.0 -496.9 -104.0' spd 343.9 yaw 258 mode 2 st 0 gl 1 hp 100 frg 1
ARGEVT Carmack respawn
ARGLOG Romero t   9.6 pos '449.4 -754.6 -104.0' spd 333.8 yaw  46.7 mode 0 st 0 gl 0 hp 100 frg -1
ARGEVT Carmack goal weapon_grenadelauncher
ARGLOG Carmack t   9.6 pos '776.0 -808.0 -232.0' spd 0 yaw 109.8 mode 0 st 0 gl 1 hp 100 frg 0
ARGEVT Carmack routefail
ARGLOG Joe Rogan t   9.8 pos '321.1 -657.3 -104.0' spd 375.2 yaw 340 mode 0 st 0 gl 1 hp 100 frg 1
ARGEVT Carmack goal weapon_supershotgun
ARGEVT Romero route 19 start '401.0 -759.0 -104.0' goal '1073.0 -567.0  24.0'
ARGEVT Joe Rogan hazard
ARGEVT Carmack hazard
ARGEVT Joe Rogan engage Romero
ARGEVT Joe Rogan route 5 start '401.0 -759.0 -104.0' goal '273.0 -183.0 -296.0'
ARGEVT Carmack routefail
ARGLOG Romero t  10.2 pos '457.3 -842.4 -104.0' spd 265.3 yaw 143.0 mode 2 st 0 gl 0 hp 100 frg -1
ARGLOG Carmack t  10.2 pos '720.0 -761.7 -216.0' spd 343.8 yaw 238.4 mode 0 st 0 gl 1 hp 100 frg 0
ARGLOG Joe Rogan t  10.3 pos '303.7 -818.1 -104.0' spd 390.6 yaw 332.1 mode 2 st 0 gl 1 hp 84 frg 1
ARGEVT Carmack goal item_health
ARGEVT Carmack route 9 start '721.0 -887.0 -232.0' goal '401.0 -887.0 -104.0'
ARGEVT Joe Rogan grab weapon_supershotgun
ARGEVT Romero grab item_health
ARGEVT Carmack route 13 start '817.0 -855.0 -232.0' goal '401.0 -887.0 -104.0'
ARGEVT Romero retreat
ARGLOG Romero t  10.7 pos '428.2 -1030.5 -104.0' spd 652.9 yaw 155.5 mode 2 st 0 gl 0 hp 25 frg -1
ARGEVT Romero hazard
ARGLOG Carmack t  10.7 pos '783.3 -798.4 -232.0' spd 358.0 yaw 105.1 mode 2 st 0 gl 1 hp 100 frg 0
ARGLOG Joe Rogan t  10.9 pos '277.9 -996.3 -104.0' spd 355.6 yaw 358.9 mode 2 st 0 gl 1 hp 73 frg 1
ARGEVT Carmack jump
ARGEVT Romero death Joe Rogan pos '453.4 -906.2 -104.0'
ARGEVT Joe Rogan route 6 start '273.0 -1015.0 -104.0' goal '273.0 -183.0 -296.0'
ARGEVT Joe Rogan goal 
ARGLOG Carmack t  11.3 pos '735.9 -720.0 -180.2' spd 124.8 yaw 83 mode 2 st 0 gl 1 hp 100 frg 0
ARGLOG Joe Rogan t  11.5 pos '334.0 -890.2 -104.0' spd 387.5 yaw 347.3 mode 1 st 0 gl 1 hp 73 frg 2
ARGEVT Carmack hazard
ARGEVT Joe Rogan jump
ARGEVT Joe Rogan goal 
ARGEVT Joe Rogan route 6 start '401.0 -887.0 -104.0' goal '273.0 -183.0 -296.0'
ARGLOG Carmack t  11.8 pos '746.0 -720.0 -216.0' spd  71.1 yaw 142.5 mode 2 st 0 gl 1 hp 100 frg 0
ARGLOG Joe Rogan t  12.0 pos '464.0 -920.2 -68.4' spd  96.0 yaw 263 mode 2 st 0 gl 2 hp 73 frg 2
ARGLOG Carmack t  12.3 pos '724.5 -742.2 -216.0' spd 371.7 yaw 83 mode 2 st 0 gl 1 hp 100 frg 0
ARGLOG Joe Rogan t  12.6 pos '413.0 -1030.1 -104.0' spd 381.4 yaw 106 mode 2 st 0 gl 2 hp 73 frg 2
ARGEVT Romero respawn
ARGEVT Romero goal item_armor2
ARGLOG Romero t  12.7 pos '784.0 -176.0  24.0' spd 0 yaw 200.2 mode 0 st 0 gl 0 hp 100 frg -1
ARGEVT Carmack hazard
ARGEVT Romero route 4 start '753.0 -151.0  24.0' goal '1073.0 -567.0  24.0'
ARGEVT Romero hazard
ARGLOG Carmack t  12.9 pos '754.1 -708.0 -200.0' spd 295.5 yaw 104.8 mode 2 st 0 gl 1 hp 100 frg 0
ARGEVT Carmack jump
ARGLOG Joe Rogan t  13.2 pos '338.7 -896.4 -104.0' spd 422.5 yaw 341.6 mode 2 st 0 gl 2 hp 73 frg 2
ARGLOG Romero t  13.3 pos '697.8 -208.0  24.0' spd 275.0 yaw 306 mode 2 st 0 gl 0 hp 100 frg -1
ARGLOG Carmack t  13.5 pos '754.6 -616.7 -132.1' spd  34.2 yaw 78 mode 2 st 0 gl 1 hp 100 frg 0
ARGLOG Joe Rogan t  13.7 pos '450.3 -1008.1 -104.0' spd 358.6 yaw 112 mode 2 st 0 gl 2 hp 73 frg 2
ARGLOG Romero t  13.8 pos '859.7 -284.0  24.0' spd 380.8 yaw 308 mode 2 st 0 gl 0 hp 100 frg -1
ARGEVT Carmack engage Romero
ARGUS Carmack shove
ARGLOG Carmack t  14.0 pos '807.2 -537.7 -120.0' spd 345.7 yaw  69.9 mode 2 st 0 gl 1 hp 100 frg 0
ARGLOG Joe Rogan t  14.3 pos '320.6 -935.7 -104.0' spd 363.5 yaw 93 mode 2 st 0 gl 2 hp 73 frg 2
ARGEVT Carmack pursue
ARGLOG Romero t  14.4 pos '884.2 -460.8  24.0' spd 320.3 yaw 290.2 mode 2 st 0 gl 0 hp 100 frg -1
ARGEVT Romero engage Carmack
ARGLOG Carmack t  14.6 pos '788.5 -568.5 -136.0' spd 227.4 yaw 73 mode 2 st 0 gl 1 hp 100 frg 0
ARGEVT Romero grab item_armor2
ARGLOG Joe Rogan t  14.8 pos '356.1 -751.9 -104.0' spd 343.0 yaw 80 mode 2 st 0 gl 2 hp 73 frg 2
ARGLOG Romero t  15.0 pos '1009.2 -591.9  24.0' spd 332.3 yaw 142.1 mode 1 st 0 gl 0 hp 100 frg -1
ARGEVT Carmack hazard
ARGLOG Carmack t  15.1 pos '836.2 -407.3 -104.0' spd 105.6 yaw 322.8 mode 2 st 0 gl 1 hp 97 frg 0
ARGLOG Joe Rogan t  15.3 pos '338.3 -586.5 -104.0' spd 383.4 yaw 19 mode 2 st 0 gl 2 hp 73 frg 2
ARGLOG Romero t  15.5 pos '1117.3 -592.3  24.0' spd  26.2 yaw 162.7 mode 1 st 0 gl 0 hp 100 frg -1
ARGEVT Romero pursue
ARGLOG Carmack t  15.6 pos '795.2 -550.2 -120.0' spd 324.8 yaw  21.2 mode 2 st 0 gl 1 hp 97 frg 0
ARGEVT Joe Rogan hazard
ARGEVT Romero hazard
ARGEVT Carmack pursue
ARGLOG Joe Rogan t  15.8 pos '426.1 -462.8 -104.0' spd 337.8 yaw 107 mode 2 st 0 gl 2 hp 73 frg 2
ARGLOG Romero t  16.0 pos '995.3 -540.0  24.0' spd 327.6 yaw 142 mode 1 st 0 gl 0 hp 100 frg -1
ARGLOG Carmack t  16.2 pos '816.0 -624.0 -168.0' spd 0 yaw  84.4 mode 2 st 0 gl 1 hp 97 frg 0
ARGLOG Joe Rogan t  16.4 pos '568.0 -354.1 -104.0' spd 332.9 yaw 348.0 mode 2 st 0 gl 2 hp 73 frg 2
ARGLOG Romero t  16.6 pos '912.0 -437.7 -88.0' spd 165.1 yaw 238.8 mode 1 st 0 gl 0 hp 100 frg -1
ARGUS Carmack shove
ARGEVT Joe Rogan hazard
ARGLOG Carmack t  16.8 pos '816.0 -631.4 -154.2' spd 181.3 yaw  96.5 mode 2 st 0 gl 1 hp 93 frg 0
ARGLOG Joe Rogan t  17.0 pos '677.7 -452.1 -136.0' spd 327.7 yaw 150 mode 2 st 0 gl 2 hp 73 frg 2
ARGEVT Romero grab item_health
ARGLOG Romero t  17.1 pos '839.9 -480.4 -104.0' spd 313.1 yaw 251.7 mode 1 st 0 gl 0 hp 58 frg -1
ARGLOG Carmack t  17.3 pos '782.9 -677.8 -184.0' spd 382.4 yaw  68.6 mode 2 st 0 gl 1 hp 81 frg 0
ARGEVT Carmack hazard
ARGLOG Joe Rogan t  17.5 pos '434.2 -272.0 -296.0' spd 280.8 yaw 167.1 mode 1 st 0 gl 2 hp 73 frg 2
ARGEVT Romero grab item_health
ARGLOG Romero t  17.7 pos '904.0 -429.1 -104.0' spd 326.8 yaw 257.2 mode 1 st 0 gl 0 hp 73 frg -1
ARGEVT Joe Rogan goal item_health
ARGEVT Joe Rogan route 7 start '369.0 -279.0 -296.0' goal '-15.0 553.0 -296.0'
ARGEVT Joe Rogan hazard
ARGEVT Romero pursue
ARGEVT Carmack pursue
ARGLOG Carmack t  17.9 pos '809.5 -739.7 -216.0' spd 320.0 yaw  68.9 mode 2 st 0 gl 1 hp 81 frg 0
ARGLOG Joe Rogan t  18.1 pos '238.3 -279.0 -296.0' spd 334.9 yaw 141 mode 2 st 0 gl 3 hp 73 frg 2
ARGLOG Romero t  18.3 pos '939.9 -546.4 -104.0' spd 329.3 yaw 200.2 mode 1 st 0 gl 0 hp 88 frg -1
ARGEVT Carmack weapon sg
ARGLOG Carmack t  18.4 pos '803.6 -556.7 -120.0' spd 333.6 yaw 342.1 mode 2 st 0 gl 1 hp 80 frg 0
ARGLOG Joe Rogan t  18.6 pos ' 56.5 -218.8 -296.0' spd 360.0 yaw 124 mode 2 st 0 gl 3 hp 73 frg 2
ARGLOG Romero t  18.8 pos '989.6 -533.7 -104.0' spd 320.3 yaw 144.4 mode 1 st 0 gl 0 hp 79 frg -1
ARGEVT Carmack weapon rl
ARGUS Carmack shove
ARGEVT Joe Rogan hazard
ARGLOG Carmack t  19.0 pos '850.1 -427.4 -104.0' spd 153.1 yaw 357.4 mode 2 st 0 gl 1 hp 76 frg 0
ARGLOG Joe Rogan t  19.2 pos '-93.2 -208.0 -296.0' spd  13.0 yaw 83 mode 2 st 0 gl 3 hp 73 frg 2
ARGLOG Romero t  19.3 pos '1040.0 -476.1 -104.0' spd 319.5 yaw 197.0 mode 1 st 0 gl 0 hp 70 frg -1
ARGEVT Romero retreat
ARGEVT Romero hazard
ARGLOG Carmack t  19.5 pos '849.7 -595.7 -104.0' spd 336.0 yaw 345.1 mode 2 st 0 gl 1 hp 72 frg 0
ARGEVT Carmack weapon sg
ARGLOG Joe Rogan t  19.7 pos '-86.3 -208.0 -296.0' spd  10.6 yaw 84 mode 2 st 0 gl 3 hp 73 frg 2
ARGLOG Romero t  19.9 pos '968.9 -558.9 -104.0' spd 330.5 yaw 179.9 mode 1 st 0 gl 0 hp 18 frg -1
ARGLOG Carmack t  20.1 pos '752.0 -528.0 -120.0' spd 0 yaw  16.3 mode 2 st 0 gl 1 hp 68 frg 0
ARGEVT Romero death Carmack pos '900.3 -485.9 -104.0'
ARGEVT Carmack rjump
ARGEVT Joe Rogan stall
ARGEVT Joe Rogan stallnode '-79.0 -23.0 -296.0'
ARGLOG Joe Rogan t  20.2 pos '-82.0 -208.0 -296.0' spd   6.9 yaw 293.0 mode 0 st 1 gl 3 hp 73 frg 2
ARGEVT Joe Rogan jump
ARGEVT Carmack weapon sg
ARGEVT Carmack goal 
ARGEVT Joe Rogan route 5 start '-111.0 -247.0 -296.0' goal '-15.0 553.0 -296.0'
ARGLOG Carmack t  20.6 pos '778.8 -405.2  77.8' spd 225.2 yaw 322 mode 1 st 0 gl 1 hp 58 frg 1
ARGLOG Joe Rogan t  20.7 pos '-75.3 -200.5 -273.8' spd  34.0 yaw 85 mode 2 st 1 gl 3 hp 73 frg 2
ARGLOG Carmack t  21.2 pos '869.4 -400.0  68.7' spd 161.3 yaw 303 mode 1 st 0 gl 1 hp 58 frg 1
ARGLOG Joe Rogan t  21.3 pos '-71.7 -63.5 -296.0' spd 320.6 yaw 86 mode 2 st 1 gl 3 hp 73 frg 2
ARGEVT Romero respawn
ARGEVT Joe Rogan engage Romero
ARGEVT Romero goal item_health
ARGEVT Romero engage Joe Rogan
ARGLOG Romero t  21.7 pos '-64.0 512.0 -296.0' spd 0 yaw 272.9 mode 1 st 0 gl 0 hp 100 frg -1
ARGLOG Carmack t  21.7 pos '987.7 -478.9 -41.2' spd 271.4 yaw 257 mode 1 st 0 gl 1 hp 58 frg 1
ARGEVT Romero grab item_health
ARGLOG Joe Rogan t  21.9 pos '-65.3 106.9 -296.0' spd 239.1 yaw  84.8 mode 2 st 1 gl 3 hp 73 frg 2
ARGEVT Joe Rogan hazard
ARGEVT Joe Rogan goal 
ARGEVT Romero goal weapon_rocketlauncher
ARGEVT Joe Rogan route 19 start '-47.0 201.0 -296.0' goal '849.0 -439.0 -104.0'
ARGEVT Romero route 4 start '-111.0 585.0 -296.0' goal ' 49.0 105.0 -296.0'
ARGLOG Romero t  22.3 pos '-100.9 597.0 -296.0' spd 335.7 yaw 272.7 mode 2 st 0 gl 1 hp 200 frg -1
ARGLOG Carmack t  22.3 pos '911.5 -531.5 -104.0' spd 348.0 yaw 134.0 mode 1 st 0 gl 1 hp 58 frg 1
ARGLOG Joe Rogan t  22.4 pos '-65.8 227.2 -296.0' spd  73.0 yaw  90.4 mode 2 st 1 gl 3 hp 68 frg 2
ARGEVT Joe Rogan goal weapon_supernailgun
ARGEVT Carmack goal item_armorInv
ARGEVT Carmack hazard
ARGEVT Joe Rogan routefail
ARGEVT Joe Rogan goal item_armorInv
ARGLOG Romero t  22.9 pos '-68.5 619.4 -296.0' spd 320.4 yaw 278.0 mode 2 st 0 gl 1 hp 140 frg -1
ARGLOG Carmack t  22.9 pos '920.8 -419.0 -104.0' spd 320.1 yaw 315.4 mode 0 st 0 gl 2 hp 58 frg 1
ARGEVT Joe Rogan route 20 start '-47.0 201.0 -296.0' goal '817.0 -855.0 -232.0'
ARGLOG Joe Rogan t  23.0 pos '-84.9 227.3 -296.0' spd 379.1 yaw  82.3 mode 2 st 1 gl 3 hp 52 frg 2
ARGEVT Carmack route 4 start '977.0 -471.0 -104.0' goal '817.0 -855.0 -232.0'
ARGEVT Romero hazard
ARGLOG Romero t  23.4 pos '-56.7 612.6 -296.0' spd 325.2 yaw 278.2 mode 2 st 0 gl 1 hp 80 frg -1
ARGLOG Carmack t  23.4 pos '945.1 -590.3 -104.0' spd 391.4 yaw 201 mode 2 st 0 gl 2 hp 58 frg 1
ARGLOG Joe Rogan t  23.6 pos '-68.8 230.0 -296.0' spd 183.9 yaw  96.8 mode 2 st 1 gl 3 hp 52 frg 2
ARGEVT Joe Rogan weapon rl
ARGUS Joe Rogan shove
ARGEVT Joe Rogan hazard
ARGLOG Romero t  23.9 pos '-28.2 590.3 -296.0' spd  71.1 yaw 265.9 mode 2 st 0 gl 1 hp 80 frg -1
ARGLOG Carmack t  23.9 pos '762.1 -614.5 -113.2' spd 326.5 yaw 283 mode 2 st 0 gl 2 hp 58 frg 1
ARGLOG Joe Rogan t  24.1 pos '-75.3 222.1 -296.0' spd 204.6 yaw 111.4 mode 2 st 1 gl 3 hp 44 frg 2
ARGLOG Romero t  24.5 pos '-39.9 604.6 -296.0' spd 321.3 yaw 267.5 mode 2 st 0 gl 1 hp 37 frg -1
ARGLOG Carmack t  24.5 pos '775.8 -704.7 -200.0' spd 320.4 yaw 289 mode 1 st 0 gl 2 hp 58 frg 1
ARGLOG Joe Rogan t  24.7 pos '-98.6 255.1 -296.0' spd 135.8 yaw  84.6 mode 2 st 1 gl 3 hp 28 frg 2
ARGEVT Carmack hazard
ARGEVT Romero death Joe Rogan pos '-110.8 592.6 -296.0'
ARGLOG Carmack t  25.0 pos '837.9 -868.8 -232.0' spd 320.8 yaw 248.0 mode 1 st 0 gl 2 hp 58 frg 1
ARGEVT Joe Rogan hazard
ARGEVT Joe Rogan goal item_health
ARGLOG Joe Rogan t  25.2 pos '-67.4 315.8 -296.0' spd 353.3 yaw 80 mode 0 st 1 gl 3 hp 28 frg 3
ARGEVT Joe Rogan route 8 start '-47.0 329.0 -296.0' goal '529.0  73.0 -296.0'
ARGLOG Carmack t  25.6 pos '377.5 -77.4 -296.0' spd 331.3 yaw 301 mode 1 st 0 gl 2 hp 58 frg 1
ARGLOG Joe Rogan t  25.8 pos ' 71.3 419.7 -296.0' spd 417.2 yaw 252 mode 2 st 1 gl 3 hp 28 frg 3
ARGEVT Carmack hazard
ARGLOG Carmack t  26.1 pos '380.5 -214.1 -296.0' spd 329.1 yaw 305 mode 1 st 0 gl 2 hp 58 frg 1
ARGEVT Joe Rogan hazard
ARGLOG Joe Rogan t  26.4 pos '100.1 400.4 -296.0' spd  62.3 yaw 302 mode 2 st 1 gl 3 hp 28 frg 3
ARGEVT Romero respawn
ARGEVT Romero goal item_armorInv
ARGLOG Romero t  26.5 pos '-64.0 -232.0 -72.0' spd 0 yaw 340.2 mode 0 st 0 gl 1 hp 100 frg -1
ARGLOG Carmack t  26.7 pos '533.1 -263.1 -296.0' spd 320.0 yaw 357.0 mode 1 st 0 gl 2 hp 58 frg 1
ARGEVT Romero route 8 start '-47.0 -215.0 -72.0' goal '817.0 -855.0 -232.0'
ARGLOG Joe Rogan t  26.9 pos ' 36.6 409.9 -296.0' spd 282.8 yaw 257 mode 2 st 1 gl 3 hp 28 frg 3
ARGEVT Carmack hazard
ARGEVT Romero hazard
ARGLOG Romero t  27.1 pos '110.7 -216.1 -72.0' spd 406.6 yaw 213 mode 2 st 0 gl 1 hp 100 frg -1
ARGLOG Carmack t  27.2 pos '656.0 -241.2 -296.0' spd 138.9 yaw 286 mode 1 st 0 gl 2 hp 58 frg 1
ARGLOG Joe Rogan t  27.4 pos '-61.2 318.7 -296.0' spd 332.6 yaw 274 mode 2 st 1 gl 3 hp 28 frg 3
ARGEVT Joe Rogan hazard
ARGEVT Carmack engage Romero
ARGLOG Romero t  27.6 pos '112.0 -207.7 -72.0' spd  10.2 yaw 214 mode 2 st 0 gl 1 hp 100 frg -1
ARGLOG Carmack t  27.8 pos '550.4 -247.3 -296.0' spd 332.0 yaw 185.0 mode 1 st 0 gl 2 hp 58 frg 1
ARGLOG Joe Rogan t  28.0 pos '-44.2 193.5 -296.0' spd 326.7 yaw 265 mode 2 st 1 gl 3 hp 28 frg 3
ARGEVT Carmack pursue
ARGLOG Romero t  28.2 pos '-59.7 -236.8 -72.0' spd 367.1 yaw 262 mode 2 st 0 gl 1 hp 100 frg -1
ARGEVT Carmack hazard
ARGLOG Carmack t  28.3 pos '402.6 -191.3 -296.0' spd 320.1 yaw 173 mode 1 st 0 gl 2 hp 58 frg 1
ARGLOG Joe Rogan t  28.5 pos '-39.8  13.4 -296.0' spd 321.2 yaw 298 mode 2 st 1 gl 3 hp 28 frg 3
ARGLOG Romero t  28.7 pos '-98.7 -421.4 -72.0' spd 320.3 yaw 17 mode 2 st 0 gl 1 hp 100 frg -1
ARGLOG Carmack t  28.9 pos '235.4 -255.2 -296.0' spd 351.1 yaw 161 mode 1 st 0 gl 2 hp 58 frg 1
ARGLOG Joe Rogan t  29.1 pos '-70.8 -163.6 -296.0' spd 345.2 yaw 346 mode 2 st 1 gl 3 hp 28 frg 3
ARGEVT Joe Rogan engage Carmack
ARGEVT Romero hazard
ARGEVT Joe Rogan weapon ssg
ARGLOG Romero t  29.3 pos '-26.5 -511.5 -72.0' spd 378.8 yaw 24 mode 2 st 0 gl 1 hp 100 frg -1
ARGLOG Carmack t  29.5 pos ' 49.4 -262.1 -296.0' spd 385.3 yaw 270 mode 1 st 0 gl 2 hp 58 frg 1
ARGEVT Carmack hazard
ARGLOG Joe Rogan t  29.6 pos '-102.5 -248.2 -296.0' spd 321.3 yaw 346.4 mode 2 st 1 gl 3 hp 28 frg 3
ARGLOG Romero t  29.8 pos '-48.0 -608.3 -72.0' spd 108.6 yaw 157.9 mode 2 st 0 gl 1 hp 100 frg -1
ARGEVT Joe Rogan weapon rl
ARGLOG Carmack t  30.0 pos '110.3 -264.0 -296.0' spd 321.1 yaw 14 mode 1 st 0 gl 2 hp 10 frg 1
ARGLOG Joe Rogan t  30.1 pos '-32.9 -154.2 -296.0' spd 320.8 yaw 341.1 mode 2 st 1 gl 3 hp 28 frg 3
ARGEVT Joe Rogan hazard
ARGLOG Romero t  30.3 pos '-98.3 -448.8 -72.0' spd 321.4 yaw 93 mode 2 st 0 gl 1 hp 100 frg -1
ARGEVT Joe Rogan death Joe Rogan pos '-23.1 -198.9 -296.0'
ARGLOG Carmack t  30.6 pos '298.8 -256.1 -296.0' spd 380.9 yaw 334.8 mode 1 st 0 gl 2 hp 10 frg 1
ARGEVT Carmack hazard
ARGLOG Romero t  30.9 pos '-76.3 -268.6 -72.0' spd 338.5 yaw 58 mode 0 st 0 gl 1 hp 100 frg -1
ARGUS routecache adopt
ARGEVT Romero route 8 start '-47.0 -215.0 -72.0' goal '817.0 -855.0 -232.0'
ARGEVT Romero hazard
ARGLOG Carmack t  31.1 pos '472.8 -247.8 -296.0' spd 320.0 yaw 14 mode 1 st 0 gl 2 hp 10 frg 1
ARGLOG Romero t  31.5 pos ' 64.7 -259.1 -72.0' spd 382.6 yaw 254.3 mode 2 st 0 gl 1 hp 100 frg -1
ARGEVT Carmack engage Romero
ARGEVT Carmack retreat
ARGLOG Carmack t  31.7 pos '640.2 -221.3 -296.0' spd 344.9 yaw 173.0 mode 1 st 0 gl 2 hp 10 frg 1
ARGEVT Joe Rogan respawn
ARGEVT Joe Rogan goal weapon_lightning
ARGLOG Joe Rogan t  32.0 pos '272.0 -952.0  24.0' spd 0 yaw  20.2 mode 0 st 1 gl 3 hp 100 frg 2
ARGLOG Romero t  32.0 pos ' 11.5 -224.5 -72.0' spd 381.1 yaw  74.2 mode 2 st 0 gl 1 hp 100 frg -1
ARGEVT Joe Rogan route 6 start '305.0 -983.0  24.0' goal '529.0 -311.0 -104.0'
ARGEVT Romero hazard
ARGEVT Carmack pursue
ARGLOG Carmack t  32.3 pos '619.7 -157.1 -296.0' spd 320.1 yaw 211.8 mode 1 st 0 gl 2 hp 10 frg 1
ARGEVT Carmack hazard
ARGLOG Joe Rogan t  32.6 pos '349.2 -800.2  24.0' spd 323.8 yaw 80 mode 2 st 1 gl 3 hp 100 frg 2
ARGLOG Romero t  32.6 pos ' 59.3 -208.4 -72.0' spd 320.0 yaw 1 mode 2 st 0 gl 1 hp 100 frg -1
ARGEVT Romero engage Carmack
ARGEVT Romero grab weapon_grenadelauncher
ARGLOG Carmack t  32.8 pos '515.0 -254.2 -296.0' spd 134.0 yaw 201.2 mode 1 st 0 gl 2 hp 10 frg 1
ARGEVT Joe Rogan engage Romero
ARGLOG Joe Rogan t  33.1 pos '322.4 -642.3  24.0' spd 306.5 yaw 117.5 mode 2 st 1 gl 3 hp 100 frg 2
ARGLOG Romero t  33.1 pos '156.5 -325.4 -40.0' spd 335.0 yaw   2.7 mode 2 st 0 gl 1 hp 100 frg -1
ARGLOG Carmack t  33.3 pos '652.3 -225.5 -296.0' spd 331.5 yaw 214.2 mode 1 st 0 gl 2 hp 10 frg 1
ARGEVT Romero pursue
ARGEVT Carmack pursue
ARGLOG Joe Rogan t  33.7 pos '372.3 -488.9  24.0' spd 321.1 yaw 158.1 mode 2 st 1 gl 3 hp 100 frg 2
ARGLOG Romero t  33.7 pos '187.6 -429.4   8.0' spd 328.3 yaw 24 mode 2 st 0 gl 1 hp 87 frg -1
ARGLOG Carmack t  33.8 pos '560.4 -217.4 -296.0' spd 320.6 yaw 193 mode 1 st 0 gl 2 hp 10 frg 1
ARGEVT Romero route 10 start '177.0 -343.0 -24.0' goal '817.0 -855.0 -232.0'
ARGLOG Joe Rogan t  34.3 pos '405.4 -343.5 -63.3' spd 102.4 yaw 195.8 mode 1 st 1 gl 3 hp 100 frg 2
ARGLOG Romero t  34.3 pos '248.4 -389.3 -104.0' spd 227.4 yaw  25.3 mode 2 st 0 gl 1 hp 63 frg -1
ARGEVT Romero jump
ARGLOG Carmack t  34.4 pos '621.7 -196.9 -296.0' spd 331.0 yaw 211.8 mode 1 st 0 gl 2 hp 10 frg 1
ARGEVT Carmack hazard
ARGEVT Joe Rogan grab weapon_lightning
ARGEVT Romero pursue
ARGEVT Carmack pursue
ARGLOG Joe Rogan t  34.8 pos '477.1 -404.3 -104.0' spd 339.2 yaw 186.2 mode 1 st 1 gl 3 hp 100 frg 2
ARGLOG Romero t  34.8 pos '247.6 -432.0 -74.6' spd 126.9 yaw 32 mode 2 st 0 gl 1 hp 39 frg -1
ARGLOG Carmack t  35.0 pos '592.0 -167.1 -296.0' spd 350.5 yaw 214.6 mode 1 st 0 gl 2 hp 10 frg 1
ARGEVT Romero hazard
ARGEVT Joe Rogan goal weapon_rocketlauncher
ARGLOG Joe Rogan t  35.4 pos '563.8 -406.3 -104.0' spd 334.3 yaw 177.1 mode 0 st 1 gl 3 hp 100 frg 2
ARGLOG Romero t  35.4 pos '376.3 -400.5 -104.0' spd 393.4 yaw 74 mode 2 st 0 gl 1 hp 15 frg -1
ARGEVT Joe Rogan routefail
ARGEVT Joe Rogan goal weapon_rocketlauncher
ARGLOG Carmack t  35.5 pos '457.6 -267.7 -296.0' spd 332.4 yaw 227.5 mode 1 st 0 gl 2 hp 10 frg 1
ARGEVT Romero death Joe Rogan pos '434.0 -368.5 -104.0'
ARGEVT Carmack hazard
ARGEVT Joe Rogan route 5 start '593.0 -439.0 -120.0' goal ' 49.0 105.0 -296.0'
ARGEVT Joe Rogan goal 
ARGLOG Joe Rogan t  36.0 pos '499.5 -273.4 -104.0' spd 395.7 yaw 208 mode 1 st 1 gl 3 hp 100 frg 3
ARGEVT Carmack engage Joe Rogan
ARGEVT Joe Rogan engage Carmack
ARGEVT Joe Rogan grab 
ARGEVT Joe Rogan hazard
ARGLOG Carmack t  36.1 pos '419.9 -278.5 -296.0' spd 132.9 yaw 268.2 mode 1 st 0 gl 2 hp 10 frg 1
ARGEVT Joe Rogan jump
ARGEVT Joe Rogan goal weapon_rocketlauncher
ARGEVT Joe Rogan route 5 start '433.0 -311.0 -104.0' goal ' 49.0 105.0 -296.0'
ARGLOG Joe Rogan t  36.5 pos '523.6 -381.1 -68.3' spd 298.6 yaw 133.4 mode 2 st 1 gl 4 hp 100 frg 3
ARGLOG Carmack t  36.6 pos '305.1 -205.5 -296.0' spd 298.9 yaw 328.3 mode 1 st 0 gl 2 hp 10 frg 1
ARGEVT Joe Rogan pursue
ARGEVT Carmack pursue
ARGEVT Carmack hazard
ARGLOG Joe Rogan t  37.1 pos '606.0 -332.5 -104.0' spd 357.5 yaw 155 mode 2 st 1 gl 4 hp 100 frg 3
ARGEVT Romero respawn
ARGEVT Romero goal item_armorInv
ARGLOG Romero t  37.2 pos '112.0 -1136.0 -104.0' spd 0 yaw  24.8 mode 0 st 0 gl 1 hp 100 frg -1
ARGLOG Carmack t  37.2 pos '342.3 -248.1 -296.0' spd 351.8 yaw 324 mode 1 st 0 gl 2 hp 10 frg 1
ARGEVT Romero route 17 start '145.0 -1143.0 -88.0' goal '817.0 -855.0 -232.0'
ARGEVT Romero engage Joe Rogan
ARGEVT Joe Rogan grab item_armor1
ARGLOG Joe Rogan t  37.6 pos '449.6 -238.3 -104.0' spd 337.1 yaw 228.6 mode 2 st 1 gl 4 hp 100 frg 3
ARGEVT Carmack death Joe Rogan pos '432.0 -285.4 -296.0'
ARGEVT Joe Rogan hazard
ARGEVT Joe Rogan goal 
ARGEVT Joe Rogan engage Romero
ARGEVT Joe Rogan weapon sg
ARGLOG Romero t  37.8 pos '241.2 -1023.2 -104.0' spd 326.7 yaw  81.7 mode 2 st 0 gl 1 hp 100 frg -1
ARGEVT Joe Rogan route 2 start '433.0 -247.0 -104.0' goal '401.0 -279.0 -296.0'
ARGLOG Joe Rogan t  38.2 pos '380.5 -48.0 -189.8' spd  82.3 yaw 265.7 mode 1 st 1 gl 4 hp 96 frg 4
ARGLOG Romero t  38.3 pos '289.1 -850.5 -104.0' spd 320.3 yaw  83.3 mode 0 st 0 gl 1 hp 100 frg -1
ARGEVT Joe Rogan pursue
ARGEVT Romero pursue
ARGEVT Romero route 20 start '305.0 -791.0 -104.0' goal '817.0 -855.0 -232.0'
ARGLOG Joe Rogan t  38.7 pos '372.9 -122.9 -296.0' spd 320.5 yaw 264 mode 1 st 1 gl 4 hp 96 frg 4
ARGLOG Romero t  38.9 pos '314.6 -673.8 -104.0' spd 320.0 yaw 83 mode 2 st 0 gl 1 hp 100 frg -1
ARGEVT Joe Rogan goal weapon_rocketlauncher
ARGLOG Joe Rogan t  39.2 pos '385.2 -245.5 -296.0' spd 242.3 yaw  63.7 mode 0 st 1 gl 5 hp 96 frg 4
ARGEVT Carmack respawn
ARGEVT Carmack goal weapon_grenadelauncher
ARGLOG Carmack t  39.3 pos '776.0 -808.0 -232.0' spd 0 yaw 110.2 mode 0 st 0 gl 2 hp 100 frg 1
ARGEVT Romero route 19 start '337.0 -567.0 -104.0' goal '817.0 -855.0 -232.0'
ARGLOG Romero t  39.4 pos '337.0 -514.7 -104.0' spd 320 yaw 83 mode 2 st 0 gl 1 hp 100 frg -1
ARGEVT Joe Rogan hazard
ARGEVT Joe Rogan route 4 start '401.0 -183.0 -296.0' goal ' 49.0 105.0 -296.0'
ARGEVT Carmack routefail
ARGEVT Joe Rogan weapon lg
ARGEVT Carmack hazard
ARGEVT Romero hazard
ARGLOG Joe Rogan t  39.7 pos '419.6 -202.2 -296.0' spd 196.5 yaw 267.7 mode 2 st 1 gl 5 hp 92 frg 4
ARGEVT Carmack goal weapon_rocketlauncher
ARGEVT Carmack routefail
ARGLOG Carmack t  39.9 pos '739.3 -720.0 -216.0' spd  17.3 yaw 85 mode 0 st 0 gl 2 hp 100 frg 1
ARGLOG Romero t  39.9 pos '338.4 -424.9 -104.0' spd 315.7 yaw  69.1 mode 2 st 0 gl 1 hp 100 frg -1
ARGEVT Carmack goal item_shells
ARGLOG Joe Rogan t  40.3 pos '441.2 -212.0 -296.0' spd  99.8 yaw 281.3 mode 2 st 1 gl 5 hp 92 frg 4
ARGEVT Joe Rogan pursue
ARGEVT Romero pursue
ARGLOG Carmack t  40.4 pos '724.6 -725.0 -216.0' spd 195.6 yaw 222.9 mode 1 st 0 gl 2 hp 100 frg 1
ARGLOG Romero t  40.5 pos '496.2 -385.1 -104.0' spd 332.9 yaw 111 mode 2 st 0 gl 1 hp 100 frg -1
ARGEVT Joe Rogan hazard
ARGEVT Carmack goal item_rockets
ARGLOG Joe Rogan t  40.9 pos '351.1 -255.8 -296.0' spd 341.7 yaw 192 mode 2 st 1 gl 5 hp 92 frg 4
ARGEVT Carmack route 8 start '721.0 -887.0 -232.0' goal '401.0 -759.0 -104.0'
ARGEVT Romero grab item_armor1
ARGEVT Carmack hazard
ARGLOG Carmack t  41.0 pos '742.8 -901.1 -232.0' spd 341.3 yaw 225 mode 0 st 0 gl 3 hp 100 frg 1
ARGLOG Romero t  41.1 pos '457.2 -193.9 -104.0' spd 370.3 yaw 199.8 mode 2 st 0 gl 1 hp 100 frg -1
ARGUS routecache adopt
ARGEVT Carmack route 7 start '369.0 105.0 -288.0' goal '401.0 -759.0 -104.0'
ARGEVT Carmack engage Joe Rogan
ARGEVT Joe Rogan grab 
ARGLOG Joe Rogan t  41.4 pos '179.9 -233.4 -296.0' spd 103.6 yaw   6.9 mode 2 st 1 gl 5 hp 68 frg 4
ARGLOG Carmack t  41.5 pos '356.4 -77.8 -296.0' spd 335.8 yaw 206.1 mode 2 st 0 gl 3 hp 100 frg 1
ARGLOG Romero t  41.6 pos '507.9 -196.3 -104.0' spd 331.1 yaw 185.8 mode 2 st 0 gl 1 hp 100 frg -1
ARGEVT Joe Rogan death Carmack pos ' 64.2 -210.3 -296.0'
ARGEVT Carmack engage Romero
ARGEVT Romero engage Carmack
ARGEVT Carmack hazard
ARGEVT Carmack goal 
ARGLOG Carmack t  42.1 pos '333.3 -53.4 -296.0' spd 127.1 yaw 305.9 mode 0 st 0 gl 3 hp 100 frg 2
ARGEVT Carmack route 2 start '305.0 -87.0 -296.0' goal ' 17.0 -247.0 -296.0'
ARGLOG Romero t  42.1 pos '461.8 -353.7 -104.0' spd  67.6 yaw 107.6 mode 2 st 0 gl 1 hp 100 frg -1
ARGEVT Carmack pursue
ARGEVT Romero pursue
ARGLOG Carmack t  42.6 pos '361.5 -42.7 -296.0' spd 199.9 yaw 303.4 mode 2 st 0 gl 3 hp 95 frg 2
ARGLOG Romero t  42.7 pos '589.8 -253.0 -104.0' spd 298.7 yaw 140 mode 2 st 0 gl 1 hp 100 frg -1
ARGLOG Carmack t  43.2 pos '403.7 -213.3 -296.0' spd 326.9 yaw 297 mode 2 st 0 gl 3 hp 95 frg 2
ARGLOG Romero t  43.2 pos '468.6 -113.0 -104.0' spd 340.0 yaw 191.4 mode 2 st 0 gl 1 hp 100 frg -1
ARGEVT Romero hazard
ARGEVT Carmack hazard
ARGEVT Joe Rogan respawn
ARGEVT Joe Rogan goal weapon_supernailgun
ARGLOG Joe Rogan t  43.4 pos '784.0 -176.0  24.0' spd 0 yaw 167 mode 0 st 1 gl 5 hp 100 frg 4
ARGUS Carmack shove
ARGEVT Joe Rogan routefail
ARGEVT Joe Rogan goal weapon_rocketlauncher
ARGLOG Carmack t  43.7 pos '343.0 -265.8 -296.0' spd  34.4 yaw  24.6 mode 2 st 0 gl 3 hp 91 frg 2
ARGEVT Joe Rogan route 6 start '753.0 -151.0  24.0' goal ' 49.0 105.0 -296.0'
ARGLOG Romero t  43.8 pos '492.6 -88.2 -104.0' spd 325.5 yaw 225.2 mode 2 st 0 gl 1 hp 100 frg -1
ARGEVT Joe Rogan engage Carmack
ARGLOG Joe Rogan t  43.9 pos '612.2 -172.1  24.0' spd 323.9 yaw 188.8 mode 2 st 1 gl 5 hp 100 frg 4
ARGEVT Carmack pursue
ARGEVT Romero pursue
ARGLOG Carmack t  44.3 pos '270.5 -217.5 -296.0' spd 346.5 yaw  52.5 mode 2 st 0 gl 3 hp 91 frg 2
ARGLOG Romero t  44.4 pos '531.1 -234.7 -104.0' spd 359.5 yaw 190 mode 2 st 0 gl 1 hp 100 frg -1
ARGLOG Joe Rogan t  44.5 pos '436.4 -49.0 -62.5' spd 344.6 yaw 241.9 mode 2 st 1 gl 5 hp 100 frg 4
ARGEVT Carmack hazard
ARGEVT Romero hazard
ARGEVT Joe Rogan route 5 start '433.0 -55.0 -104.0' goal ' 49.0 105.0 -296.0'
ARGLOG Carmack t  44.8 pos '266.8 -214.1 -296.0' spd 342.7 yaw 345.5 mode 2 st 0 gl 3 hp 84 frg 2
ARGEVT Joe Rogan retreat
ARGLOG Romero t  44.9 pos '483.8 -231.1 -104.0' spd 660.6 yaw 189.3 mode 2 st 0 gl 1 hp 18 frg -1
ARGLOG Joe Rogan t  45.0 pos '514.5 -77.2 -104.0' spd 323.1 yaw 221.9 mode 2 st 1 gl 5 hp 18 frg 4
ARGEVT Carmack grab 
ARGEVT Romero grab item_health
ARGEVT Carmack jump
ARGEVT Carmack pursue
ARGLOG Carmack t  45.4 pos '138.4 -231.4 -282.3' spd 325.3 yaw 345.5 mode 1 st 0 gl 3 hp 84 frg 2
ARGEVT Romero pursue
ARGEVT Joe Rogan pursue
ARGLOG Romero t  45.5 pos '532.0 -412.4 -104.0' spd 255.8 yaw 151 mode 2 st 0 gl 1 hp 18 frg -1
ARGEVT Carmack weapon sg
ARGLOG Joe Rogan t  45.6 pos '550.9 -29.6 -104.0' spd 242.3 yaw 212.9 mode 2 st 1 gl 5 hp 18 frg 4
ARGLOG Carmack t  45.9 pos '119.8 -267.3 -296.0' spd  75.6 yaw 342.1 mode 1 st 0 gl 3 hp 84 frg 2
ARGLOG Romero t  46.0 pos '526.1 -408.5 -104.0' spd 281.1 yaw 160.2 mode 2 st 0 gl 1 hp 18 frg -1
ARGLOG Joe Rogan t  46.1 pos '582.0 -57.8 -104.0' spd 244.6 yaw 200.2 mode 2 st 1 gl 5 hp 18 frg 4
ARGEVT Carmack weapon sg
ARGEVT Carmack grab 
ARGEVT Joe Rogan pursue
ARGEVT Romero pursue
ARGEVT Carmack pursue
ARGEVT Carmack goal 
ARGLOG Carmack t  46.5 pos ' 51.4 -252.9 -296.0' spd 104.4 yaw 343.8 mode 1 st 0 gl 4 hp 80 frg 2
ARGLOG Romero t  46.5 pos '487.1 -408.9 -104.0' spd 236.2 yaw 157.1 mode 2 st 0 gl 1 hp 18 frg -1
ARGEVT Romero hazard
ARGLOG Joe Rogan t  46.7 pos '624.0 -194.2 -104.0' spd 229.2 yaw 179.4 mode 2 st 1 gl 5 hp 18 frg 4
ARGEVT Joe Rogan pursue
ARGEVT Carmack goal item_health
ARGEVT Carmack route 5 start ' 17.0 -247.0 -296.0' goal '-15.0 553.0 -296.0'
ARGLOG Carmack t  47.0 pos '-46.6 -251.6 -296.0' spd 142.0 yaw 330.8 mode 2 st 0 gl 5 hp 79 frg 2
ARGLOG Romero t  47.1 pos '401.0 -407.8 -104.0' spd 324.8 yaw 154.3 mode 2 st 0 gl 1 hp 18 frg -1
ARGUS Carmack shove
ARGEVT Joe Rogan route 6 start '625.0 -343.0 -104.0' goal ' 49.0 105.0 -296.0'
ARGLOG Joe Rogan t  47.2 pos '632.1 -343.2 -104.0' spd 330.1 yaw 163.6 mode 2 st 1 gl 5 hp 18 frg 4
ARGEVT Carmack pursue
ARGEVT Joe Rogan pursue
ARGLOG Carmack t  47.5 pos ' -3.5 -210.5 -296.0' spd 258.6 yaw 340 mode 2 st 0 gl 5 hp 72 frg 2
ARGLOG Romero t  47.6 pos '307.8 -516.6 -104.0' spd  54.0 yaw 135.5 mode 2 st 0 gl 1 hp 18 frg -1
ARGEVT Romero pursue
ARGLOG Joe Rogan t  47.7 pos '613.8 -312.6 -104.0' spd 330.9 yaw 174 mode 2 st 1 gl 5 hp 18 frg 4
ARGEVT Carmack hazard
ARGEVT Carmack weapon lg
ARGEVT Romero grab weapon_grenadelauncher
ARGEVT Romero death Carmack pos '240.5 -413.4 -104.0'
ARGEVT Carmack goal item_health
ARGEVT Carmack engage Joe Rogan
ARGLOG Carmack t  48.1 pos '149.0 -219.3 -296.0' spd 267.4 yaw  16.6 mode 0 st 0 gl 5 hp 71 frg 3
ARGEVT Carmack route 6 start '145.0 -183.0 -296.0' goal '-15.0 553.0 -296.0'
ARGLOG Joe Rogan t  48.3 pos '499.3 -185.8 -104.0' spd 324.9 yaw 195.3 mode 2 st 1 gl 5 hp 18 frg 4
ARGLOG Carmack t  48.6 pos '206.2 -222.2 -296.0' spd 320.1 yaw  41.1 mode 2 st 0 gl 5 hp 68 frg 3
ARGEVT Joe Rogan route 6 start '529.0 -55.0 -104.0' goal ' 49.0 105.0 -296.0'
ARGLOG Joe Rogan t  48.8 pos '533.0 -18.2 -104.0' spd 334.0 yaw 214.4 mode 2 st 1 gl 5 hp 18 frg 4
ARGEVT Joe Rogan hazard
ARGEVT Carmack hazard
ARGEVT Carmack pursue
ARGEVT Joe Rogan pursue
ARGLOG Carmack t  49.2 pos '314.5 -193.3 -296.0' spd 320.1 yaw 37 mode 2 st 0 gl 5 hp 68 frg 3
ARGLOG Joe Rogan t  49.4 pos '495.6 -34.6 -104.0' spd 320.7 yaw 213 mode 2 st 1 gl 5 hp 18 frg 4
ARGEVT Romero respawn
ARGEVT Romero goal weapon_rocketlauncher
ARGLOG Romero t  49.6 pos '-64.0 512.0 -296.0' spd 0 yaw 284 mode 0 st 0 gl 1 hp 100 frg -1
ARGEVT Carmack route 7 start '401.0 -183.0 -296.0' goal '-15.0 553.0 -296.0'
ARGLOG Carmack t  49.8 pos '371.9 -52.6 -296.0' spd 344.5 yaw 156.0 mode 2 st 0 gl 5 hp 68 frg 3
ARGEVT Romero route 4 start '-15.0 425.0 -296.0' goal ' 49.0 105.0 -296.0'
ARGLOG Joe Rogan t  50.0 pos '546.5 -102.2 -104.0' spd 347.0 yaw 147.3 mode 2 st 1 gl 5 hp 18 frg 4
ARGEVT Joe Rogan pursue
ARGLOG Romero t  50.1 pos '-47.6 340.5 -296.0' spd 342.1 yaw 251.5 mode 2 st 0 gl 1 hp 100 frg -1
ARGEVT Joe Rogan hazard
ARGLOG Carmack t  50.3 pos '394.9  90.1 -288.0' spd 376.2 yaw 337.8 mode 2 st 0 gl 5 hp 68 frg 3
ARGEVT Carmack hazard
ARGLOG Joe Rogan t  50.5 pos '448.6 -189.2 -104.0' spd 236.2 yaw 101.9 mode 2 st 1 gl 5 hp 18 frg 4
ARGEVT Romero hazard
ARGEVT Joe Rogan death Carmack pos '458.1 -238.3 -104.0'
ARGLOG Romero t  50.7 pos '-80.9 172.7 -296.0' spd 323.1 yaw 249.0 mode 1 st 0 gl 1 hp 100 frg -1
ARGEVT Carmack goal item_artifact_super_damage
ARGLOG Carmack t  50.9 pos '393.6  24.1 -288.0' spd 339.2 yaw 292 mode 0 st 0 gl 5 hp 66 frg 4
ARGEVT Carmack routefail
ARGEVT Carmack goal item_health
ARGEVT Carmack route 8 start '337.0   9.0 -296.0' goal '-15.0 553.0 -296.0'
ARGLOG Romero t  51.3 pos '-34.0  32.8 -296.0' spd 322.2 yaw 355.2 mode 1 st 0 gl 1 hp 100 frg -1
ARGEVT Carmack hazard
ARGLOG Carmack t  51.4 pos '358.6 -157.1 -296.0' spd 351.0 yaw 348.2 mode 2 st 0 gl 5 hp 66 frg 4
ARGEVT Romero goal 
ARGEVT Romero route 6 start ' 49.0 105.0 -296.0' goal '529.0 -311.0 -104.0'
ARGEVT Romero hazard
ARGLOG Romero t  51.8 pos '112.0  83.8 -296.0' spd  82.4 yaw 231 mode 2 st 0 gl 2 hp 100 frg -1
ARGLOG Carmack t  52.0 pos '360.1 -65.3 -296.0' spd 349.2 yaw 208 mode 2 st 0 gl 5 hp 66 frg 4
ARGEVT Joe Rogan respawn
ARGEVT Joe Rogan goal weapon_grenadelauncher
ARGLOG Joe Rogan t  52.3 pos '-64.0 -232.0 -72.0' spd 0 yaw  20.2 mode 0 st 1 gl 5 hp 100 frg 4
ARGEVT Joe Rogan route 4 start '-47.0 -215.0 -72.0' goal '113.0 -407.0 -104.0'
ARGLOG Romero t  52.4 pos '-35.3  53.2 -296.0' spd 337.6 yaw 221.2 mode 2 st 0 gl 2 hp 100 frg -1
ARGEVT Carmack hazard
ARGLOG Carmack t  52.6 pos '331.6 -89.1 -296.0' spd 321.1 yaw 207 mode 2 st 0 gl 5 hp 66 frg 4
ARGEVT Carmack engage Joe Rogan
ARGEVT Joe Rogan engage Carmack
ARGEVT Joe Rogan grab weapon_grenadelauncher
ARGLOG Joe Rogan t  52.8 pos ' 84.8 -220.6 -72.0' spd 381.1 yaw  28.2 mode 2 st 1 gl 5 hp 100 frg 4
ARGLOG Romero t  52.9 pos '-31.5 -67.6 -296.0' spd 358.1 yaw 305 mode 2 st 0 gl 2 hp 100 frg -1
ARGEVT Romero hazard
ARGEVT Joe Rogan jump
ARGLOG Carmack t  53.1 pos '405.3 -183.1 -296.0' spd 201.6 yaw 210.5 mode 2 st 0 gl 5 hp 63 frg 4
ARGLOG Joe Rogan t  53.3 pos '162.0 -315.0 -18.5' spd 106.8 yaw  32.6 mode 2 st 1 gl 5 hp 100 frg 4
ARGEVT Romero engage Carmack
ARGUS Romero shove
ARGLOG Romero t  53.4 pos '-38.0 -224.3 -296.0' spd 344.0 yaw   2.1 mode 2 st 0 gl 2 hp 100 frg -1
ARGEVT Carmack weapon rl
ARGLOG Carmack t  53.7 pos '432.0 -203.5 -296.0' spd  38.7 yaw 204.1 mode 2 st 0 gl 5 hp 63 frg 4
ARGEVT Carmack grab 
ARGUS Carmack shove
ARGEVT Joe Rogan grab 
ARGLOG Joe Rogan t  53.9 pos '122.8 -379.9  -8.0' spd 214.4 yaw  13.5 mode 2 st 1 gl 5 hp 70 frg 4
ARGLOG Romero t  53.9 pos '-21.0 -119.7 -296.0' spd 322.1 yaw 343.2 mode 2 st 0 gl 2 hp 100 frg -1
ARGEVT Carmack hazard
ARGEVT Romero hazard
ARGLOG Carmack t  54.2 pos '529.9 -266.6 -296.0' spd  47.1 yaw 243.1 mode 2 st 0 gl 5 hp 62 frg 4
ARGLOG Joe Rogan t  54.4 pos '293.2 -431.4 -38.1' spd 221.2 yaw  43.2 mode 1 st 1 gl 5 hp 70 frg 4
ARGEVT Carmack retreat
ARGEVT Joe Rogan pursue
ARGLOG Romero t  54.5 pos '-16.0  35.1 -296.0' spd  79.1 yaw 293 mode 2 st 0 gl 2 hp 47 frg -1
ARGEVT Carmack pursue
ARGLOG Carmack t  54.8 pos '484.5 -272.0 -296.0' spd 289.2 yaw 184.8 mode 2 st 0 gl 5 hp 32 frg 4
ARGEVT Joe Rogan hazard
ARGEVT Romero route 12 start '-47.0  73.0 -296.0' goal '529.0 -311.0 -104.0'
ARGEVT Joe Rogan grab 
ARGLOG Joe Rogan t  55.0 pos '391.4 -417.2 -104.0' spd 320.0 yaw  91.3 mode 1 st 1 gl 5 hp 70 frg 4
ARGEVT Romero pursue
ARGLOG Romero t  55.1 pos ' 31.7  70.3 -296.0' spd 338.2 yaw 344.3 mode 2 st 0 gl 2 hp 47 frg -1
ARGEVT Romero hazard
ARGLOG Carmack t  55.3 pos '305.2 -265.0 -296.0' spd 320.4 yaw 176 mode 2 st 0 gl 5 hp 16 frg 4
ARGEVT Carmack death Joe Rogan pos '265.6 -263.2 -296.0'
ARGEVT Joe Rogan goal weapon_lightning
ARGLOG Joe Rogan t  55.6 pos '519.4 -283.6 -104.0' spd 352.8 yaw 122 mode 1 st 1 gl 5 hp 70 frg 5
ARGEVT Romero goal item_health
ARGEVT Romero route 5 start ' 49.0 105.0 -296.0' goal '-15.0 553.0 -296.0'
ARGLOG Romero t  55.6 pos ' 54.0  89.4 -296.0' spd 324.0 yaw 213.0 mode 2 st 0 gl 2 hp 47 frg -1
ARGEVT Joe Rogan hazard
ARGLOG Joe Rogan t  56.1 pos '395.9 -225.2 -113.3' spd 354.1 yaw 282.6 mode 1 st 1 gl 5 hp 70 frg 5
ARGLOG Romero t  56.1 pos '-63.0 -30.0 -296.0' spd 320.2 yaw 253.3 mode 2 st 0 gl 2 hp 47 frg -1
ARGEVT Joe Rogan abandon
ARGEVT Romero hazard
ARGEVT Romero route 5 start '-79.0 -151.0 -296.0' goal '-15.0 553.0 -296.0'
ARGLOG Joe Rogan t  56.6 pos '373.1 -368.0 -308.7' spd  26.8 yaw 143.3 mode 0 st 1 gl 5 hp 70 frg 5
ARGLOG Romero t  56.7 pos '-16.0 -82.5 -296.0' spd 281.2 yaw 94 mode 2 st 0 gl 2 hp 47 frg -1
ARGEVT Joe Rogan goal 
ARGEVT Joe Rogan abandon
ARGEVT Joe Rogan swim
ARGEVT Joe Rogan route 2 start '369.0 -279.0 -296.0' goal '241.0 -183.0 -296.0'
ARGEVT Joe Rogan goal item_health
ARGEVT Carmack respawn
ARGEVT Joe Rogan route 3 start '369.0 -279.0 -296.0' goal '529.0  73.0 -296.0'
ARGEVT Carmack goal item_armorInv
ARGLOG Carmack t  57.1 pos '272.0 -952.0  24.0' spd 0 yaw  20.2 mode 0 st 0 gl 5 hp 100 frg 4
ARGLOG Joe Rogan t  57.2 pos '385.7 -304.0 -385.7' spd 119.7 yaw 23 mode 2 st 1 gl 5 hp 10 frg 5
ARGEVT Carmack route 13 start '305.0 -983.0  24.0' goal '817.0 -855.0 -232.0'
ARGLOG Romero t  57.2 pos '-25.1  97.2 -296.0' spd 328.5 yaw  58.7 mode 2 st 0 gl 2 hp 47 frg -1
ARGEVT Joe Rogan death world pos '406.3 -304.0 -385.7'
ARGEVT Romero hazard
ARGLOG Carmack t  57.6 pos '381.1 -818.4  24.0' spd 322.3 yaw 75 mode 2 st 0 gl 5 hp 100 frg 4
ARGLOG Romero t  57.8 pos ' 65.7  48.0 -296.0' spd 336.6 yaw 111 mode 2 st 0 gl 2 hp 47 frg -1
ARGEVT Carmack hazard
ARGLOG Carmack t  58.2 pos '337.8 -654.7  24.0' spd 361.3 yaw 63 mode 2 st 0 gl 5 hp 100 frg 4
ARGLOG Romero t  58.4 pos '-80.0  30.5 -296.0' spd 204.1 yaw 265.6 mode 2 st 0 gl 2 hp 47 frg -1
ARGLOG Carmack t  58.7 pos '407.0 -486.9  24.0' spd 322.5 yaw 53 mode 2 st 0 gl 5 hp 100 frg 4
ARGEVT Romero hazard
ARGEVT Joe Rogan respawn
ARGEVT Joe Rogan goal weapon_supershotgun
ARGLOG Joe Rogan t  58.9 pos '112.0 -1136.0 -104.0' spd 0 yaw 25 mode 1 st 1 gl 5 hp 100 frg 4
ARGLOG Romero t  58.9 pos '-16.0 -134.5 -296.0' spd 238.0 yaw 93 mode 2 st 0 gl 2 hp 47 frg -1
ARGEVT Romero route 5 start '-79.0 -151.0 -296.0' goal '-15.0 553.0 -296.0'
ARGLOG Carmack t  59.3 pos '516.8 -326.3 -41.2' spd 311.0 yaw 14 mode 2 st 0 gl 5 hp 100 frg 4
ARGLOG Joe Rogan t  59.5 pos '267.7 -1063.4 -104.0' spd 320.0 yaw 27 mode 1 st 1 gl 5 hp 100 frg 4
ARGLOG Romero t  59.5 pos '-28.1   1.0 -296.0' spd 320.0 yaw 93 mode 2 st 0 gl 2 hp 47 frg -1
ARGEVT Joe Rogan goal item_armorInv
ARGEVT Carmack jump
ARGEVT Joe Rogan route 19 start '273.0 -1015.0 -104.0' goal '817.0 -855.0 -232.0'
ARGLOG Carmack t  59.8 pos '624.0 -186.2 -79.7' spd 219.6 yaw 343 mode 2 st 0 gl 5 hp 100 frg 4
ARGLOG Joe Rogan t  60.0 pos '387.1 -965.3 -104.0' spd 359.9 yaw 217 mode 2 st 1 gl 6 hp 100 frg 4
ARGLOG Romero t  60.0 pos '-40.9 179.1 -296.0' spd 320.0 yaw 83 mode 2 st 0 gl 2 hp 47 frg -1
ARGLOG Carmack t  60.4 pos '624.0 -164.1 -104.0' spd 139.0 yaw 337 mode 2 st 0 gl 5 hp 100 frg 4
ARGEVT Romero hazard
ARGEVT Carmack jump
ARGLOG Joe Rogan t  60.6 pos '268.4 -856.3 -104.0' spd 373.8 yaw 247 mode 2 st 1 gl 6 hp 100 frg 4
ARGLOG Romero t  60.6 pos '-38.8 359.1 -296.0' spd 325.2 yaw 83 mode 2 st 0 gl 2 hp 47 frg -1
ARGLOG Carmack t  60.9 pos '624.0 -211.4 -68.4' spd  26.3 yaw 350 mode 2 st 0 gl 5 hp 100 frg 4
ARGLOG Joe Rogan t  61.2 pos '161.1 -1005.1 -104.0' spd 324.5 yaw 275 mode 2 st 1 gl 6 hp 100 frg 4
ARGLOG Romero t  61.2 pos '-28.0 538.7 -296.0' spd 320.0 yaw 86 mode 1 st 0 gl 2 hp 47 frg -1
ARGEVT Romero goal weapon_lightning
ARGEVT Carmack stall
ARGEVT Carmack stallnode '657.0 -183.0  24.0'
ARGEVT Carmack jump
ARGEVT Romero route 8 start '-15.0 553.0 -296.0' goal '529.0 -311.0 -104.0'
ARGLOG Carmack t  61.5 pos '624.0 -163.9 -72.1' spd  58.3 yaw 301.8 mode 0 st 1 gl 5 hp 100 frg 4
ARGEVT Romero hazard
ARGEVT Carmack route 16 start '529.0 -183.0 -104.0' goal '817.0 -855.0 -232.0'
ARGLOG Joe Rogan t  61.7 pos '167.4 -1185.8 -88.0' spd 339.9 yaw 14 mode 2 st 1 gl 6 hp 100 frg 4
ARGLOG Romero t  61.7 pos '-118.0 592.2 -296.0' spd 331.8 yaw 281 mode 2 st 0 gl 3 hp 147 frg -1
ARGEVT Joe Rogan jump
ARGLOG Carmack t  62.0 pos '612.3 -183.1 -104.0' spd 208.5 yaw 86 mode 2 st 1 gl 5 hp 100 frg 4
ARGLOG Joe Rogan t  62.3 pos '214.1 -1223.8 -40.8' spd  31.4 yaw 69 mode 2 st 1 gl 6 hp 100 frg 4
ARGLOG Romero t  62.3 pos '-85.8 414.2 -296.0' spd 321.5 yaw 277 mode 2 st 0 gl 3 hp 147 frg -1
ARGEVT Joe Rogan engage Carmack
ARGLOG Carmack t  62.5 pos '491.4 -73.6 -104.0' spd 388.9 yaw 57 mode 2 st 1 gl 5 hp 100 frg 4
ARGEVT Romero hazard
ARGLOG Joe Rogan t  62.8 pos '255.3 -1074.2 -74.4' spd 320.0 yaw  74.1 mode 2 st 1 gl 6 hp 100 frg 4
ARGLOG Romero t  62.8 pos '-102.0 240.2 -296.0' spd 363.9 yaw 274 mode 2 st 0 gl 3 hp 147 frg -1
ARGEVT Carmack hazard
ARGEVT Joe Rogan pursue
ARGLOG Carmack t  63.1 pos '566.4   3.2 -104.0' spd 0 yaw 66 mode 2 st 1 gl 5 hp 100 frg 4
ARGLOG Joe Rogan t  63.3 pos '296.2 -919.1 -104.0' spd 320.0 yaw 76 mode 2 st 1 gl 6 hp 100 frg 4
ARGLOG Romero t  63.3 pos '-27.2  92.4 -296.0' spd 361.2 yaw 291 mode 2 st 0 gl 3 hp 147 frg -1
ARGLOG Carmack t  63.7 pos '566.4   3.2 -104.0' spd 0 yaw 66 mode 2 st 1 gl 5 hp 100 frg 4
ARGLOG Joe Rogan t  63.9 pos '342.3 -745.6 -104.0' spd 320.0 yaw 77 mode 0 st 1 gl 6 hp 100 frg 4
ARGLOG Romero t  63.9 pos '-44.4 -89.2 -296.0' spd 322.4 yaw 310 mode 2 st 0 gl 3 hp 147 frg -1
ARGEVT Carmack hazard
ARGEVT Joe Rogan route 20 start '305.0 -791.0 -104.0' goal '817.0 -855.0 -232.0'
ARGLOG Carmack t  64.2 pos '566.4   3.2 -104.0' spd 0 yaw 66 mode 2 st 1 gl 5 hp 100 frg 4
ARGEVT Carmack stall
ARGEVT Carmack stallnode '625.0   9.0 -296.0'
ARGEVT Carmack jump
ARGEVT Romero engage Carmack
ARGLOG Joe Rogan t  64.5 pos '368.0 -568.5 -104.0' spd 328.4 yaw  71.0 mode 2 st 1 gl 6 hp 100 frg 4
ARGLOG Romero t  64.5 pos '-11.6 -256.1 -296.0' spd 397.6 yaw  21.1 mode 2 st 0 gl 3 hp 147 frg -1
ARGEVT Romero hazard
ARGEVT Carmack route 15 start '529.0 -55.0 -104.0' goal '817.0 -855.0 -232.0'
ARGLOG Carmack t  64.7 pos '569.2  -2.5 -73.1' spd   7.5 yaw 237.6 mode 2 st 2 gl 5 hp 98 frg 4
ARGUS Romero shove
ARGEVT Joe Rogan grab weapon_grenadelauncher
ARGLOG Joe Rogan t  65.0 pos '296.5 -406.6 -104.0' spd 374.7 yaw  52.7 mode 0 st 1 gl 6 hp 100 frg 4
ARGLOG Romero t  65.0 pos '161.4 -232.3 -296.0' spd 370.1 yaw   6.8 mode 2 st 0 gl 3 hp 147 frg -1
ARGEVT Joe Rogan route 19 start '305.0 -407.0 -104.0' goal '817.0 -855.0 -232.0'
ARGEVT Carmack hazard
ARGEVT Romero pursue
ARGLOG Carmack t  65.3 pos '600.4 -64.8 -104.0' spd 110.6 yaw 217.7 mode 2 st 2 gl 5 hp 82 frg 4
ARGLOG Joe Rogan t  65.6 pos '153.8 -419.6 -104.0' spd  91.3 yaw  84.1 mode 2 st 1 gl 6 hp 88 frg 4
ARGLOG Romero t  65.6 pos '311.0 -221.3 -296.0' spd 340.5 yaw  33.6 mode 2 st 0 gl 3 hp 147 frg -1
ARGEVT Carmack grab item_health
ARGEVT Romero hazard
ARGLOG Carmack t  65.8 pos '509.0 -25.6 -104.0' spd 109.5 yaw 233.8 mode 2 st 2 gl 5 hp 82 frg 4
ARGLOG Joe Rogan t  66.1 pos '318.5 -460.2 -104.0' spd 320.6 yaw  69.7 mode 2 st 1 gl 6 hp 80 frg 4
ARGLOG Romero t  66.1 pos '406.0 -109.2 -296.0' spd 151.8 yaw 286.3 mode 2 st 0 gl 3 hp 147 frg -1
ARGLOG Carmack t  66.4 pos '566.4   3.2 -104.0' spd 0 yaw 252.1 mode 2 st 2 gl 5 hp 82 frg 4
ARGEVT Joe Rogan grab weapon_lightning
ARGEVT Romero rjump
ARGLOG Joe Rogan t  66.7 pos '379.5 -478.4 -104.0' spd 250.9 yaw  74.9 mode 2 st 1 gl 6 hp 56 frg 4
ARGLOG Romero t  66.7 pos '404.1 -269.1 -282.3' spd 474.8 yaw 303.4 mode 2 st 0 gl 3 hp 97 frg -1
ARGLOG Carmack t  66.9 pos '566.4   3.2 -104.0' spd 0 yaw 254.9 mode 2 st 2 gl 5 hp 82 frg 4
ARGLOG Joe Rogan t  67.3 pos '480.7 -329.8 -104.0' spd 324.2 yaw  77.9 mode 2 st 1 gl 6 hp 56 frg 4
ARGEVT Romero goal item_armor2
ARGLOG Romero t  67.3 pos '362.0 -368.0 -103.3' spd  31.8 yaw  63.7 mode 0 st 0 gl 3 hp 97 frg -1
ARGEVT Romero route 17 start '337.0 -375.0 -104.0' goal '1073.0 -567.0  24.0'
ARGLOG Carmack t  67.5 pos '520.3 -19.9 -104.0' spd 323.0 yaw 287.0 mode 2 st 2 gl 5 hp 82 frg 4
ARGUS Romero shove
ARGLOG Joe Rogan t  67.8 pos '625.6 -283.0 -104.0' spd 240.0 yaw 126.3 mode 2 st 1 gl 6 hp 48 frg 4
ARGLOG Romero t  67.8 pos '444.7 -377.9 -104.0' spd 321.4 yaw  24.1 mode 2 st 0 gl 3 hp 97 frg -1
ARGEVT Carmack retreat
ARGLOG Carmack t  68.1 pos '601.6 -101.5 -83.8' spd  89.1 yaw 253.5 mode 2 st 2 gl 5 hp 2 frg 4
ARGEVT Carmack death Joe Rogan pos '591.9 -104.2 -90.2'
ARGEVT Joe Rogan engage Romero
ARGEVT Romero engage Joe Rogan
ARGEVT Romero weapon sg
ARGEVT Joe Rogan grab 
ARGEVT Romero weapon rl
ARGEVT Joe Rogan goal item_health
ARGLOG Joe Rogan t  68.4 pos '479.4 -219.6 -104.0' spd 391.4 yaw 301.5 mode 0 st 1 gl 6 hp 44 frg 5
ARGLOG Romero t  68.4 pos '585.6 -398.2 -104.0' spd 155.6 yaw 101.8 mode 2 st 0 gl 3 hp 89 frg -1
ARGEVT Romero retreat
ARGEVT Romero hazard
ARGEVT Joe Rogan route 9 start '433.0 -247.0 -104.0' goal '497.0 -471.0  24.0'
ARGEVT Romero death Joe Rogan pos '601.5 -425.5 -120.0'
ARGEVT Joe Rogan goal 
ARGEVT Joe Rogan route 2 start '529.0 -55.0 -104.0' goal '593.0 -439.0 -120.0'
ARGLOG Joe Rogan t  68.9 pos '623.5 -113.0 -104.0' spd 380.3 yaw 298.5 mode 2 st 1 gl 6 hp 44 frg 6
ARGEVT Joe Rogan death Romero pos '624.0 -154.9 -104.0'
ARGEVT Carmack respawn
ARGEVT Carmack goal weapon_rocketlauncher
ARGLOG Carmack t  69.7 pos '776.0 -808.0 -232.0' spd 0 yaw 104 mode 1 st 2 gl 5 hp 100 frg 4
ARGEVT Romero respawn
ARGLOG Carmack t  70.3 pos '752.0 -688.0 -200.0' spd 0 yaw 105 mode 1 st 2 gl 5 hp 100 frg 4
ARGEVT Romero goal 
ARGLOG Romero t  70.4 pos '784.0 -176.0  24.0' spd 0 yaw 165 mode 0 st 0 gl 3 hp 100 frg 0
ARGEVT Romero route 2 start '753.0 -151.0  24.0' goal '529.0 -311.0 -104.0'
ARGEVT Joe Rogan respawn
ARGEVT Joe Rogan goal 
ARGLOG Joe Rogan t  70.6 pos '-64.0 512.0 -296.0' spd 0 yaw 289.8 mode 0 st 1 gl 6 hp 100 frg 6
ARGEVT Joe Rogan route 17 start '-15.0 553.0 -296.0' goal '529.0 -55.0 -104.0'
ARGEVT Carmack hazard
ARGLOG Carmack t  70.9 pos '755.3 -675.8 -184.0' spd 201.6 yaw 145 mode 1 st 2 gl 5 hp 100 frg 4
ARGEVT Joe Rogan hazard
ARGLOG Romero t  70.9 pos '616.5 -142.3  24.0' spd 328.7 yaw 243 mode 2 st 0 gl 3 hp 100 frg 0
ARGLOG Joe Rogan t  71.2 pos ' 50.6 410.2 -296.0' spd 231.9 yaw 245 mode 2 st 1 gl 6 hp 100 frg 6
ARGLOG Carmack t  71.4 pos '753.7 -673.6 -184.0' spd 320.2 yaw 274 mode 1 st 2 gl 5 hp 100 frg 4
ARGLOG Romero t  71.5 pos '436.1 -223.8 -62.1' spd 325.5 yaw   1.0 mode 1 st 0 gl 3 hp 100 frg 0
ARGLOG Joe Rogan t  71.7 pos '-72.3 330.3 -296.0' spd 359.5 yaw 276 mode 2 st 1 gl 6 hp 100 frg 6
ARGEVT Carmack goal 
ARGLOG Carmack t  72.0 pos '769.5 -852.7 -232.0' spd 330.4 yaw 313.9 mode 0 st 2 gl 6 hp 100 frg 4
ARGEVT Carmack route 9 start '817.0 -855.0 -232.0' goal '529.0 -311.0 -104.0'
ARGLOG Romero t  72.0 pos '576.0 -212.6 -104.0' spd 362.3 yaw 321.2 mode 1 st 0 gl 3 hp 100 frg 0
ARGEVT Joe Rogan hazard
ARGLOG Joe Rogan t  72.3 pos '-102.8 177.8 -296.0' spd 235.8 yaw 311.8 mode 2 st 1 gl 6 hp 100 frg 6
ARGEVT Carmack goal weapon_supernailgun
ARGEVT Carmack route 5 start '337.0   9.0 -296.0' goal '177.0 -55.0 -104.0'
ARGLOG Carmack t  72.5 pos '368.0 -37.3 -296.0' spd 300 yaw 300 mode 2 st 2 gl 6 hp 100 frg 4
ARGEVT Romero goal item_armor2
ARGLOG Romero t  72.6 pos '580.3 -355.8 -104.0' spd 386.5 yaw 163.3 mode 0 st 0 gl 4 hp 100 frg 0
ARGEVT Romero route 16 start '625.0 -343.0 -104.0' goal '1073.0 -567.0  24.0'
ARGLOG Joe Rogan t  72.9 pos ' 32.9  67.9 -296.0' spd 322.7 yaw 347 mode 2 st 1 gl 6 hp 100 frg 6
ARGEVT Romero hazard
ARGLOG Carmack t  73.1 pos '412.6 -215.0 -296.0' spd 320.8 yaw 169 mode 2 st 2 gl 6 hp 100 frg 4
ARGLOG Romero t  73.2 pos '466.6 -245.7 -104.0' spd 330.1 yaw 115 mode 2 st 0 gl 4 hp 100 frg 0
ARGEVT Carmack engage Romero
ARGEVT Carmack hazard
ARGEVT Joe Rogan hazard
ARGLOG Joe Rogan t  73.4 pos ' 86.4  49.6 -296.0' spd 340.9 yaw 275 mode 2 st 1 gl 6 hp 100 frg 6
ARGLOG Carmack t  73.7 pos '466.0 -260.3 -296.0' spd 331.5 yaw 158 mode 2 st 2 gl 6 hp 92 frg 4
ARGLOG Romero t  73.7 pos '537.2 -86.3 -104.0' spd 365.3 yaw 335.5 mode 2 st 0 gl 4 hp 100 frg 0
ARGEVT Joe Rogan goal weapon_rocketlauncher
ARGLOG Joe Rogan t  73.9 pos '-65.1  32.0 -296.0' spd 328.3 yaw 191.2 mode 1 st 1 gl 6 hp 100 frg 6
ARGEVT Carmack pursue
ARGLOG Carmack t  74.2 pos '347.6 -159.1 -296.0' spd 348.0 yaw  85.3 mode 2 st 2 gl 6 hp 92 frg 4
ARGLOG Romero t  74.2 pos '594.9 -196.7 -104.0' spd 352.1 yaw 206 mode 2 st 0 gl 4 hp 100 frg 0
ARGLOG Joe Rogan t  74.5 pos '-40.7 -64.9 -296.0' spd 382.4 yaw  10.7 mode 1 st 1 gl 6 hp 100 frg 6
ARGEVT Joe Rogan hazard
ARGEVT Carmack hazard
ARGLOG Carmack t  74.7 pos '405.8 -81.4 -296.0' spd 326.7 yaw 265.8 mode 2 st 2 gl 6 hp 92 frg 4
ARGLOG Romero t  74.8 pos '496.0 -350.8 -104.0' spd 394.7 yaw 336.5 mode 2 st 0 gl 4 hp 100 frg 0
ARGLOG Joe Rogan t  75.0 pos '-33.1  40.8 -296.0' spd 330.2 yaw 66 mode 1 st 1 gl 6 hp 100 frg 6
ARGLOG Carmack t  75.3 pos '314.3 -241.6 -296.0' spd 356.2 yaw 287.8 mode 2 st 2 gl 6 hp 92 frg 4
ARGLOG Romero t  75.3 pos '643.4 -305.4 -104.0' spd 422.7 yaw 156.0 mode 2 st 0 gl 4 hp 100 frg 0
ARGEVT Joe Rogan hazard
ARGLOG Joe Rogan t  75.6 pos '107.6  92.6 -296.0' spd 327.2 yaw 21 mode 1 st 1 gl 6 hp 100 frg 6
ARGEVT Carmack hazard
ARGLOG Carmack t  75.8 pos '469.3 -210.9 -296.0' spd 382.5 yaw 107.7 mode 2 st 2 gl 6 hp 92 frg 4
ARGLOG Romero t  75.9 pos '469.9 -227.9 -104.0' spd 333.1 yaw 167 mode 2 st 0 gl 4 hp 100 frg 0
ARGLOG Joe Rogan t  76.2 pos ' 91.3 118.4 -296.0' spd 241.7 yaw 160.5 mode 1 st 1 gl 6 hp 100 frg 6
ARGEVT Romero engage Carmack
ARGLOG Carmack t  76.4 pos '544.9 -232.5 -296.0' spd 354.7 yaw 181.8 mode 2 st 2 gl 6 hp 92 frg 4
ARGLOG Romero t  76.5 pos '269.1 -262.0 -216.5' spd 330.6 yaw   0.2 mode 2 st 0 gl 4 hp 100 frg 0
ARGLOG Joe Rogan t  76.7 pos '-27.6   6.4 -296.0' spd 370.4 yaw 268.5 mode 1 st 1 gl 6 hp 100 frg 6
ARGLOG Carmack t  77.0 pos '573.3 -247.3 -296.0' spd 284.8 yaw 189.3 mode 2 st 2 gl 6 hp 80 frg 4
ARGLOG Romero t  77.0 pos '190.2 -228.3 -296.0' spd  64.2 yaw   1.7 mode 2 st 0 gl 4 hp 100 frg 0
ARGLOG Joe Rogan t  77.2 pos '-27.0 -173.2 -296.0' spd 393.7 yaw 8 mode 1 st 1 gl 6 hp 100 frg 6
ARGEVT Romero weapon rl
ARGEVT Carmack route 6 start '593.0 -215.0 -296.0' goal '177.0 -55.0 -104.0'
ARGEVT Joe Rogan engage Romero
ARGEVT Romero hazard
ARGEVT Romero rjump
ARGLOG Carmack t  77.5 pos '575.2 -237.0 -296.0' spd 186.9 yaw 188.9 mode 2 st 2 gl 6 hp 80 frg 4
ARGLOG Romero t  77.6 pos '231.0 -210.4 -246.8' spd  76.4 yaw   1.3 mode 2 st 0 gl 4 hp 50 frg 0
ARGLOG Joe Rogan t  77.8 pos '-17.8 -157.8 -296.0' spd 178.4 yaw 346.7 mode 1 st 1 gl 6 hp 100 frg 6
ARGEVT Joe Rogan pursue
ARGLOG Carmack t  78.1 pos '522.4 -241.9 -296.0' spd 198.2 yaw 179.2 mode 2 st 2 gl 6 hp 80 frg 4
ARGLOG Romero t  78.1 pos '215.2 -210.7 -70.8' spd  42.3 yaw  28.7 mode 2 st 0 gl 4 hp 50 frg 0
ARGLOG Joe Rogan t  78.3 pos '114.0 -250.6 -296.0' spd 329.1 yaw 12 mode 1 st 1 gl 6 hp 100 frg 6
ARGEVT Romero retreat
ARGEVT Joe Rogan hazard
ARGLOG Carmack t  78.6 pos '502.3 -231.4 -296.0' spd 247.2 yaw 179.4 mode 2 st 2 gl 6 hp 80 frg 4
ARGLOG Romero t  78.7 pos '208.0 -222.9 -106.2' spd   2.9 yaw 352.5 mode 2 st 0 gl 4 hp 30 frg 0
ARGEVT Carmack weapon ng
ARGLOG Joe Rogan t  78.9 pos ' 80.8 -256.3 -296.0' spd 332.3 yaw  13.6 mode 1 st 1 gl 6 hp 100 frg 6
ARGEVT Romero death Carmack pos '208.0 -222.7 -157.9'
ARGEVT Joe Rogan engage Carmack
ARGEVT Carmack engage Joe Rogan
ARGEVT Carmack hazard
ARGEVT Carmack goal 
ARGLOG Carmack t  79.2 pos '448.2 -240.3 -296.0' spd 137.8 yaw 205.4 mode 0 st 2 gl 6 hp 80 frg 5
ARGEVT Carmack route 11 start '401.0 -247.0 -296.0' goal '177.0 -215.0 -72.0'
ARGLOG Joe Rogan t  79.4 pos ' 49.4 -241.6 -296.0' spd 181.6 yaw   7.9 mode 1 st 1 gl 6 hp 100 frg 6
ARGEVT Joe Rogan grab 
ARGEVT Joe Rogan jump
ARGLOG Carmack t  79.8 pos '399.4 -125.0 -296.0' spd 323.6 yaw 218.6 mode 2 st 2 gl 6 hp 78 frg 5
ARGLOG Joe Rogan t  80.0 pos '182.2 -251.2 -246.2' spd 190.3 yaw  45.2 mode 1 st 1 gl 6 hp 91 frg 6
ARGLOG Carmack t  80.3 pos '382.0 -69.3 -296.0' spd 320.5 yaw 221.9 mode 2 st 2 gl 6 hp 78 frg 5
ARGEVT Joe Rogan hazard
ARGEVT Carmack hazard
ARGEVT Romero respawn
ARGEVT Romero goal weapon_supernailgun
ARGLOG Romero t  80.5 pos '-64.0 -232.0 -72.0' spd 0 yaw 359 mode 0 st 0 gl 4 hp 100 frg 0
ARGLOG Joe Rogan t  80.6 pos '251.7 -238.5 -296.0' spd 180.1 yaw  45.1 mode 1 st 1 gl 6 hp 73 frg 6
ARGEVT Romero routefail
ARGEVT Romero goal 
ARGEVT Romero route 6 start ' 49.0 -247.0 -72.0' goal '241.0 -279.0 -296.0'
ARGLOG Carmack t  80.9 pos '383.4 -178.6 -296.0' spd 324.6 yaw 192.7 mode 2 st 2 gl 6 hp 78 frg 5
ARGLOG Romero t  81.1 pos '108.3 -234.8 -72.0' spd 320.0 yaw 238 mode 2 st 0 gl 4 hp 100 frg 0
ARGLOG Joe Rogan t  81.1 pos '153.6 -235.2 -296.0' spd 142.1 yaw 351.6 mode 1 st 1 gl 6 hp 64 frg 6
ARGEVT Romero engage Carmack
ARGEVT Romero hazard
ARGLOG Carmack t  81.4 pos '416.5 -243.8 -296.0' spd 183.4 yaw 186.2 mode 2 st 2 gl 6 hp 74 frg 5
ARGEVT Romero route 6 start '177.0 -215.0 -72.0' goal '241.0 -279.0 -296.0'
ARGLOG Romero t  81.6 pos '217.0 -241.0 -75.0' spd  93.2 yaw  11.9 mode 2 st 0 gl 4 hp 100 frg 0
ARGLOG Joe Rogan t  81.7 pos '179.1 -246.1 -296.0' spd 209.1 yaw  17.5 mode 1 st 1 gl 6 hp 37 frg 6
ARGLOG Carmack t 82 pos '374.5 -246.8 -296.0' spd 185.9 yaw 159.9 mode 2 st 2 gl 6 hp 73 frg 5
ARGEVT Carmack hazard
ARGEVT Joe Rogan retreat
ARGLOG Romero t  82.2 pos '260.2 -243.1 -243.3' spd  51.9 yaw  25.0 mode 2 st 0 gl 4 hp 100 frg 0
ARGLOG Joe Rogan t  82.3 pos '208.2 -230.4 -296.0' spd 158.2 yaw  20.6 mode 1 st 1 gl 6 hp 19 frg 6
ARGEVT Joe Rogan hazard
ARGEVT Carmack weapon sg
ARGEVT Romero hazard
ARGLOG Carmack t  82.6 pos '396.6 -235.2 -296.0' spd 155.6 yaw 184.7 mode 2 st 2 gl 6 hp 65 frg 5
ARGLOG Romero t  82.7 pos '259.2 -254.2 -296.0' spd 244.5 yaw   6.9 mode 2 st 0 gl 4 hp 67 frg 0
ARGLOG Joe Rogan t  82.8 pos '197.8 -220.3 -296.0' spd 315.6 yaw   2.8 mode 1 st 1 gl 6 hp 10 frg 6
ARGLOG Carmack t  83.1 pos '386.5 -253.5 -296.0' spd  40.3 yaw 175.8 mode 2 st 2 gl 6 hp 61 frg 5
ARGEVT Romero retreat
ARGLOG Romero t  83.2 pos '254.9 -218.3 -296.0' spd 248.8 yaw 355.5 mode 2 st 0 gl 4 hp 27 frg 0
ARGEVT Carmack hazard
ARGLOG Joe Rogan t  83.4 pos '176.1 -258.0 -296.0' spd  56.2 yaw  24.3 mode 1 st 1 gl 6 hp 10 frg 6
ARGLOG Carmack t  83.7 pos '334.9 -233.6 -296.0' spd 320.0 yaw 181.7 mode 2 st 2 gl 6 hp 57 frg 5
ARGEVT Romero death Joe Rogan pos '204.9 -227.1 -296.0'
ARGLOG Joe Rogan t  83.9 pos '178.8 -218.8 -296.0' spd  59.2 yaw   1.4 mode 1 st 1 gl 6 hp 10 frg 7
ARGEVT Joe Rogan goal weapon_rocketlauncher
ARGEVT Joe Rogan route 3 start '241.0 -279.0 -296.0' goal ' 49.0 105.0 -296.0'
ARGEVT Joe Rogan death Carmack pos '165.9 -235.6 -296.0'
ARGLOG Carmack t  84.2 pos '326.5 -242.4 -296.0' spd 118.5 yaw 174.0 mode 2 st 2 gl 6 hp 50 frg 6
ARGEVT Carmack hazard
ARGEVT Carmack goal 
ARGEVT Carmack route 1 start '273.0 -183.0 -296.0' goal '241.0 -279.0 -296.0'
ARGLOG Carmack t  84.8 pos '199.9 -261.9 -296.0' spd 320.0 yaw 209 mode 1 st 2 gl 6 hp 50 frg 6
ARGEVT Romero respawn
ARGLOG Carmack t  85.4 pos '183.0 -282.6 -296.0' spd 320 yaw 358 mode 1 st 2 gl 6 hp 50 frg 6
ARGEVT Romero goal item_armorInv
ARGLOG Romero t  85.4 pos '272.0 -952.0  24.0' spd 0 yaw 10 mode 0 st 0 gl 4 hp 100 frg 0
ARGEVT Romero route 13 start '305.0 -983.0  24.0' goal '817.0 -855.0 -232.0'
ARGEVT Joe Rogan respawn
ARGEVT Joe Rogan goal weapon_rocketlauncher
ARGLOG Joe Rogan t  85.9 pos '112.0 -1136.0 -104.0' spd 0 yaw  65.2 mode 0 st 1 gl 6 hp 100 frg 7
ARGEVT Carmack hazard
ARGLOG Carmack t  85.9 pos '316.9 -210.9 -296.0' spd 402.1 yaw 137.5 mode 1 st 2 gl 6 hp 50 frg 6
ARGEVT Joe Rogan route 11 start '145.0 -1143.0 -88.0' goal ' 49.0 105.0 -296.0'
ARGLOG Romero t  86.0 pos '404.9 -848.4  24.0' spd 363.4 yaw 110 mode 2 st 0 gl 4 hp 100 frg 0
ARGEVT Romero hazard
ARGLOG Joe Rogan t  86.4 pos '211.2 -991.4 -104.0' spd 329.2 yaw 74 mode 2 st 1 gl 6 hp 100 frg 7
ARGLOG Carmack t  86.5 pos '137.8 -239.0 -296.0' spd 384.8 yaw 279.8 mode 1 st 2 gl 6 hp 50 frg 6
ARGLOG Romero t  86.5 pos '326.8 -691.2  24.0' spd 329.1 yaw 108 mode 2 st 0 gl 4 hp 100 frg 0
ARGLOG Joe Rogan t  87.0 pos '284.3 -828.4 -104.0' spd 321.8 yaw 85 mode 2 st 1 gl 6 hp 100 frg 7
ARGLOG Carmack t  87.0 pos '202.1 -272.0 -296.0' spd 326.2 yaw 343 mode 1 st 2 gl 6 hp 50 frg 6
ARGLOG Romero t  87.1 pos '324.0 -517.5  24.0' spd 367.5 yaw 34 mode 2 st 0 gl 4 hp 100 frg 0
ARGEVT Carmack engage Romero
ARGEVT Romero engage Carmack
ARGLOG Joe Rogan t  87.5 pos '325.7 -704.7 -104.0' spd 321.1 yaw 74 mode 2 st 1 gl 6 hp 100 frg 7
ARGLOG Carmack t  87.6 pos '182.1 -234.6 -296.0' spd 329.2 yaw 337.2 mode 1 st 2 gl 6 hp 50 frg 6
ARGLOG Romero t  87.7 pos '458.7 -386.9  14.5' spd 323.4 yaw 144.7 mode 2 st 0 gl 4 hp 100 frg 0
ARGEVT Carmack jump
ARGEVT Carmack retreat
ARGEVT Joe Rogan engage Romero
ARGEVT Romero grab item_armor1
ARGLOG Joe Rogan t  88.1 pos '327.4 -526.4 -104.0' spd 328.6 yaw  46.7 mode 2 st 1 gl 6 hp 100 frg 7
ARGLOG Carmack t  88.2 pos '-34.0 -207.7 -292.7' spd 439.2 yaw   2.0 mode 1 st 2 gl 6 hp 34 frg 6
ARGLOG Romero t  88.2 pos '562.0 -236.8 -104.0' spd 358.1 yaw 174.4 mode 2 st 0 gl 4 hp 100 frg 0
ARGEVT Carmack hazard
ARGEVT Joe Rogan hazard
ARGLOG Joe Rogan t  88.6 pos '273.6 -411.9 -104.0' spd 236.8 yaw  57.3 mode 2 st 1 gl 6 hp 100 frg 7
ARGLOG Carmack t  88.7 pos '-109.0 -268.6 -296.0' spd 196.0 yaw  27.4 mode 1 st 2 gl 6 hp 14 frg 6
ARGLOG Romero t  88.8 pos '467.3 -96.6 -104.0' spd 447.2 yaw 201.4 mode 2 st 0 gl 4 hp 84 frg 0
ARGEVT Romero hazard
ARGLOG Joe Rogan t  89.2 pos '432.0 -448.3 -104.0' spd 119.2 yaw  99.9 mode 2 st 1 gl 6 hp 100 frg 7
ARGLOG Carmack t  89.2 pos '-80.3 -255.1 -296.0' spd 173.9 yaw  12.8 mode 1 st 2 gl 6 hp 14 frg 6
ARGLOG Romero t  89.3 pos '323.0 -126.0 -135.7' spd 337.0 yaw 187.7 mode 2 st 0 gl 4 hp 74 frg 0
ARGEVT Carmack pursue
ARGLOG Joe Rogan t  89.8 pos '544.7 -327.9 -104.0' spd 322.7 yaw 143.6 mode 2 st 1 gl 6 hp 100 frg 7
ARGLOG Carmack t  89.8 pos '-30.2 -91.5 -296.0' spd 369.2 yaw 339.8 mode 1 st 2 gl 6 hp 14 frg 6
ARGEVT Carmack hazard
ARGEVT Romero route 17 start '305.0 -87.0 -296.0' goal '817.0 -855.0 -232.0'
ARGLOG Romero t  89.9 pos '304.0 -136.8 -393.4' spd  24.8 yaw 346.7 mode 2 st 0 gl 4 hp 74 frg 0
ARGEVT Romero swim
ARGEVT Romero pursue
ARGEVT Joe Rogan pursue
ARGLOG Joe Rogan t  90.3 pos '521.4 -183.0 -104.0' spd 335.5 yaw 167 mode 2 st 1 gl 6 hp 100 frg 7
ARGLOG Carmack t  90.3 pos '-28.9 -148.1 -296.0' spd 320.0 yaw 260 mode 1 st 2 gl 6 hp 14 frg 6
ARGEVT Joe Rogan hazard
ARGLOG Romero t  90.5 pos '283.4 -212.2 -393.1' spd 211.0 yaw 187 mode 2 st 0 gl 4 hp 32 frg 0
ARGEVT Romero death world pos '240.0 -240.0 -393.1'
ARGEVT Carmack engage Joe Rogan
ARGEVT Joe Rogan engage Carmack
ARGLOG Joe Rogan t  90.9 pos '475.9 -205.9 -104.0' spd 255.7 yaw 178.2 mode 2 st 1 gl 6 hp 100 frg 7
ARGLOG Carmack t  90.9 pos ' 51.0 -230.2 -296.0' spd 348.7 yaw 359.8 mode 1 st 2 gl 6 hp 14 frg 6
ARGEVT Carmack hazard
ARGLOG Joe Rogan t  91.5 pos '465.3 -70.7 -104.0' spd 175.2 yaw 203.1 mode 2 st 1 gl 6 hp 100 frg 7
ARGLOG Carmack t  91.5 pos ' 75.5 -252.1 -296.0' spd 321.0 yaw  19.4 mode 1 st 2 gl 6 hp 14 frg 6
ARGEVT Carmack death Joe Rogan pos ' 80.2 -229.9 -296.0'
ARGEVT Joe Rogan goal weapon_rocketlauncher
ARGEVT Joe Rogan route 5 start '529.0 -183.0 -104.0' goal ' 49.0 105.0 -296.0'
ARGLOG Joe Rogan t  92.0 pos '563.8 -135.7 -104.0' spd 399.5 yaw 115.5 mode 2 st 1 gl 6 hp 100 frg 8
ARGEVT Romero respawn
ARGEVT Joe Rogan hazard
ARGEVT Romero goal weapon_lightning
ARGLOG Romero t  92.3 pos '776.0 -808.0 -232.0' spd 0 yaw 109.8 mode 0 st 0 gl 4 hp 100 frg -1
ARGEVT Romero routefail
ARGLOG Joe Rogan t  92.6 pos '463.4 -92.0 -104.0' spd 334.7 yaw 221 mode 2 st 1 gl 6 hp 100 frg 8
ARGEVT Romero goal weapon_rocketlauncher
ARGEVT Romero hazard
ARGLOG Romero t  92.9 pos '784.1 -701.2 -200.0' spd 348.5 yaw 76 mode 1 st 0 gl 4 hp 100 frg -1
ARGLOG Joe Rogan t  93.1 pos '356.7 -267.2 -135.7' spd 381.3 yaw 176 mode 2 st 1 gl 6 hp 100 frg 8
ARGEVT Carmack respawn
ARGEVT Carmack goal weapon_rocketlauncher
ARGLOG Carmack t  93.2 pos '784.0 -176.0  24.0' spd 0 yaw 171 mode 0 st 2 gl 6 hp 100 frg 6
ARGEVT Carmack route 6 start '753.0 -151.0  24.0' goal ' 49.0 105.0 -296.0'
ARGLOG Romero t  93.4 pos '785.8 -533.8 -120.0' spd 329.4 yaw 131 mode 1 st 0 gl 4 hp 100 frg -1
ARGLOG Joe Rogan t  93.6 pos '203.2 -348.8 -350.3' spd 355.9 yaw 151 mode 2 st 1 gl 6 hp 100 frg 8
ARGEVT Romero hazard
ARGEVT Joe Rogan swim
ARGEVT Joe Rogan engage Carmack
ARGEVT Carmack engage Joe Rogan
ARGLOG Carmack t  93.8 pos '611.2 -155.4  24.0' spd 339.5 yaw 199.1 mode 2 st 2 gl 6 hp 100 frg 6
ARGLOG Romero t  93.9 pos '752.0 -467.1 -104.0' spd 260.2 yaw 272.8 mode 1 st 0 gl 4 hp 100 frg -1
ARGLOG Joe Rogan t  94.1 pos '112.0 -304.0 -390.9' spd 0 yaw  23.0 mode 2 st 1 gl 6 hp 40 frg 8
ARGEVT Joe Rogan retreat
ARGLOG Carmack t  94.3 pos '433.1 -195.6 -41.9' spd 322.6 yaw 191.6 mode 2 st 2 gl 6 hp 100 frg 6
ARGEVT Joe Rogan death Joe Rogan pos '112.0 -304.0 -391.0'
ARGLOG Romero t  94.4 pos '759.4 -627.3 -168.0' spd 320.0 yaw 272 mode 1 st 0 gl 4 hp 100 frg -1
ARGLOG Carmack t  94.8 pos '257.5 -239.6 -296.0' spd 323.5 yaw 203.2 mode 2 st 2 gl 6 hp 95 frg 6
ARGLOG Romero t  95.0 pos '723.1 -806.8 -232.0' spd 356.3 yaw 191.7 mode 1 st 0 gl 4 hp 100 frg -1
ARGEVT Romero hazard
ARGLOG Carmack t  95.4 pos '112.0 -273.2 -296.0' spd  60.3 yaw 127 mode 2 st 2 gl 6 hp 95 frg 6
ARGLOG Romero t  95.5 pos '720.0 -912.0 -232.0' spd 0 yaw 212.8 mode 1 st 0 gl 4 hp 100 frg -1
ARGEVT Joe Rogan respawn
ARGEVT Carmack engage Joe Rogan
ARGEVT Joe Rogan goal 
ARGEVT Joe Rogan engage Carmack
ARGLOG Joe Rogan t  95.9 pos '-64.0 512.0 -296.0' spd 0 yaw 278.0 mode 0 st 1 gl 6 hp 100 frg 7
ARGEVT Joe Rogan route 7 start '-15.0 553.0 -296.0' goal '273.0 -375.0 -296.0'
ARGEVT Joe Rogan grab item_health
ARGLOG Carmack t  96.0 pos '-49.6 -204.8 -296.0' spd 378.8 yaw  77.1 mode 2 st 2 gl 6 hp 95 frg 6
ARGEVT Romero hazard
ARGLOG Romero t  96.1 pos '720.0 -912.0 -232.0' spd 0 yaw 269 mode 1 st 0 gl 4 hp 100 frg -1
ARGLOG Joe Rogan t  96.5 pos '-20.3 539.2 -296.0' spd 195.4 yaw 265.4 mode 2 st 1 gl 6 hp 184 frg 7
ARGEVT Romero stall
ARGEVT Romero jump
ARGLOG Carmack t  96.5 pos '-77.6 -24.4 -296.0' spd 320.9 yaw  89.3 mode 2 st 2 gl 6 hp 95 frg 6
ARGEVT Romero route 0 start '721.0 -887.0 -232.0' goal '721.0 -887.0 -232.0'
ARGLOG Romero t  96.6 pos '720.6 -912.0 -207.5' spd   9.7 yaw 269.6 mode 1 st 1 gl 4 hp 100 frg -1
ARGEVT Carmack grab weapon_rocketlauncher
ARGLOG Joe Rogan t  97.0 pos '-144.0 438.1 -296.0' spd 130.3 yaw 295.9 mode 2 st 1 gl 6 hp 184 frg 7
ARGEVT Joe Rogan hazard
ARGLOG Carmack t  97.1 pos ' 20.1  71.6 -296.0' spd 338.2 yaw 112.8 mode 1 st 2 gl 6 hp 91 frg 6
ARGEVT Romero hazard
ARGUS Carmack shove
ARGLOG Romero t  97.2 pos '720.0 -912.0 -232.0' spd 0 yaw 269 mode 1 st 1 gl 4 hp 100 frg -1
ARGEVT Carmack goal item_artifact_super_damage
ARGEVT Romero stall
ARGEVT Romero jump
ARGEVT Carmack routefail
ARGEVT Carmack goal 
ARGEVT Carmack route 5 start ' 49.0 105.0 -296.0' goal '273.0 -375.0 -296.0'
ARGEVT Carmack grab item_artifact_super_damage
ARGLOG Joe Rogan t  97.6 pos '-13.5 459.3 -296.0' spd 322.1 yaw 284.0 mode 2 st 1 gl 6 hp 184 frg 7
ARGLOG Carmack t  97.6 pos ' 83.2  75.9 -296.0' spd 192.2 yaw 117.4 mode 2 st 2 gl 7 hp 75 frg 6
ARGEVT Carmack hazard
ARGLOG Romero t  97.8 pos '729.5 -902.9 -209.1' spd 30 yaw  43.9 mode 0 st 2 gl 4 hp 100 frg -1
ARGLOG Joe Rogan t  98.1 pos '-17.5 428.3 -296.0' spd 320.0 yaw 283.2 mode 2 st 1 gl 6 hp 135 frg 7
ARGLOG Carmack t  98.2 pos ' 85.3  65.5 -296.0' spd 314.7 yaw  77.7 mode 2 st 2 gl 7 hp 75 frg 6
ARGLOG Romero t  98.3 pos '827.8 -811.2 -232.0' spd 320 yaw  43.9 mode 0 st 2 gl 4 hp 100 frg -1
ARGEVT Romero hazard
ARGEVT Joe Rogan hazard
ARGLOG Joe Rogan t  98.7 pos ' 57.0 417.9 -296.0' spd 266.3 yaw 275.7 mode 2 st 1 gl 6 hp 135 frg 7
ARGLOG Carmack t  98.7 pos '104.3  69.6 -296.0' spd 318.9 yaw  76.7 mode 2 st 2 gl 7 hp 43 frg 6
ARGEVT Romero goal weapon_nailgun
ARGLOG Romero t  98.9 pos '368.0  37.7 -264.0' spd 300 yaw 215.3 mode 1 st 2 gl 4 hp 100 frg -1
ARGEVT Carmack retreat
ARGUS Carmack shove
ARGEVT Carmack hazard
ARGLOG Joe Rogan t  99.2 pos ' 85.6 395.5 -296.0' spd 178.3 yaw 257.4 mode 2 st 1 gl 6 hp 135 frg 7
ARGLOG Carmack t  99.3 pos '  5.4  48.0 -296.0' spd 310.6 yaw  62.0 mode 2 st 2 gl 7 hp 19 frg 6
ARGLOG Romero t  99.4 pos '335.5 -121.4 -296.0' spd 403.7 yaw 233.3 mode 1 st 2 gl 4 hp 100 frg -1
ARGEVT Joe Rogan hazard
ARGEVT Romero hazard
ARGLOG Joe Rogan t  99.8 pos ' 87.4 399.9 -296.0' spd 167.2 yaw 255.6 mode 2 st 1 gl 6 hp 29 frg 7
ARGLOG Carmack t  99.9 pos '-27.4   1.3 -296.0' spd  47.4 yaw  91.3 mode 2 st 2 gl 7 hp 19 frg 6
ARGLOG Romero t  99.9 pos '280.2 -248.3 -296.0' spd 372.5 yaw 112.9 mode 1 st 2 gl 4 hp 100 frg -1
ARGLOG Joe Rogan t 100.4 pos '-89.2 425.5 -296.0' spd 321.8 yaw 270.0 mode 2 st 1 gl 6 hp 29 frg 7
ARGEVT Joe Rogan death Carmack pos '-109.1 423.4 -296.0'
ARGLOG Carmack t 100.4 pos '-92.2  49.9 -296.0' spd 214.1 yaw 154.2 mode 2 st 2 gl 7 hp 11 frg 7
ARGLOG Romero t 100.5 pos '115.8 -211.3 -296.0' spd 301.9 yaw  43.6 mode 1 st 2 gl 4 hp 100 frg -1
ARGEVT Carmack goal 
ARGEVT Carmack hazard
ARGEVT Carmack route 5 start '-143.0 105.0 -296.0' goal '273.0 -375.0 -296.0'
ARGLOG Carmack t 101.0 pos '-84.5 182.0 -296.0' spd 328.4 yaw 72 mode 2 st 2 gl 7 hp 11 frg 7
ARGLOG Romero t 101.0 pos '262.6 -199.2 -296.0' spd 320.9 yaw 350 mode 1 st 2 gl 4 hp 100 frg -1
ARGEVT Carmack route 5 start '-47.0 201.0 -296.0' goal '273.0 -375.0 -296.0'
ARGEVT Romero hazard
ARGLOG Carmack t 101.5 pos '-54.6 358.5 -296.0' spd 339.8 yaw 268 mode 2 st 2 gl 7 hp 11 frg 7
ARGLOG Romero t 101.6 pos '432.0 -207.2 -296.0' spd  38.8 yaw 111 mode 1 st 2 gl 4 hp 100 frg -1
ARGEVT Joe Rogan respawn
ARGEVT Carmack route 8 start ' 81.0 393.0 -296.0' goal '273.0 -375.0 -296.0'
ARGEVT Joe Rogan goal weapon_supernailgun
ARGLOG Joe Rogan t 102.0 pos '-64.0 -232.0 -72.0' spd 0 yaw  20.2 mode 0 st 1 gl 6 hp 100 frg 7
ARGEVT Carmack hazard
ARGLOG Carmack t 102.1 pos ' 98.1 408.4 -296.0' spd 387.5 yaw  79.5 mode 2 st 2 gl 7 hp 11 frg 7
ARGLOG Romero t 102.2 pos '328.3 -70.5 -296.0' spd 346.6 yaw  63.2 mode 1 st 2 gl 4 hp 100 frg -1
ARGEVT Joe Rogan routefail
ARGEVT Joe Rogan goal weapon_rocketlauncher
ARGEVT Romero goal 
ARGEVT Romero engage Joe Rogan
ARGEVT Joe Rogan engage Romero
ARGEVT Joe Rogan routefail
ARGEVT Joe Rogan goal weapon_grenadelauncher
ARGEVT Joe Rogan route 4 start ' 49.0 -247.0 -72.0' goal '113.0 -407.0 -104.0'
ARGLOG Joe Rogan t 102.5 pos '100.7 -246.7 -72.0' spd 331.7 yaw  18.3 mode 2 st 1 gl 6 hp 100 frg 7
ARGEVT Romero route 2 start '305.0 -87.0 -296.0' goal '273.0 -375.0 -296.0'
ARGEVT Romero hazard
ARGLOG Carmack t 102.7 pos '-17.3 412.6 -296.0' spd 366.3 yaw 263 mode 2 st 2 gl 7 hp 11 frg 7
ARGEVT Joe Rogan jump
ARGLOG Romero t 102.7 pos '368.1 -76.1 -296.0' spd 252.8 yaw 243.6 mode 2 st 2 gl 5 hp 100 frg -1
ARGEVT Joe Rogan grab weapon_grenadelauncher
ARGLOG Joe Rogan t 103.1 pos '169.2 -298.9 -20.0' spd  31.0 yaw  49.7 mode 2 st 1 gl 6 hp 100 frg 7
ARGLOG Carmack t 103.2 pos '-65.6 234.5 -296.0' spd 320.5 yaw 269 mode 2 st 2 gl 7 hp 11 frg 7
ARGLOG Romero t 103.3 pos '380.2  20.9 -288.0' spd 169.1 yaw 235.8 mode 2 st 2 gl 5 hp 98 frg -1
ARGEVT Carmack hazard
ARGLOG Joe Rogan t 103.6 pos '137.3 -371.2  -8.0' spd 320 yaw  58.2 mode 2 st 1 gl 6 hp 100 frg 7
ARGLOG Carmack t 103.8 pos '-63.6  51.4 -296.0' spd 330.8 yaw 302 mode 2 st 2 gl 7 hp 11 frg 7
ARGLOG Romero t 103.9 pos '396.5 -49.2 -296.0' spd 349.6 yaw 245.0 mode 2 st 2 gl 5 hp 98 frg -1
ARGLOG Joe Rogan t 104.2 pos '112.0 -426.3   8.0' spd 320 yaw  45.8 mode 2 st 1 gl 6 hp 100 frg 7
ARGLOG Carmack t 104.3 pos '-16.0 -117.7 -296.0' spd 320.0 yaw 285 mode 2 st 2 gl 7 hp 11 frg 7
ARGLOG Romero t 104.4 pos '401.8 -107.1 -296.0' spd 340.4 yaw 224.2 mode 2 st 2 gl 5 hp 97 frg -1
ARGEVT Romero hazard
ARGLOG Joe Rogan t 104.7 pos '167.6 -433.9  24.0' spd 294.8 yaw  63.3 mode 2 st 1 gl 6 hp 100 frg 7
ARGEVT Carmack engage Romero
ARGUS Carmack shove
ARGEVT Carmack retreat
ARGLOG Carmack t 104.9 pos '-48.5 -246.5 -296.0' spd 335.0 yaw  42.3 mode 2 st 2 gl 7 hp 11 frg 7
ARGLOG Romero t 105.0 pos '390.3 -41.8 -296.0' spd 283.8 yaw 272.6 mode 2 st 2 gl 5 hp 94 frg -1
ARGEVT Carmack route 3 start '-111.0 -247.0 -296.0' goal '273.0 -375.0 -296.0'
ARGEVT Carmack weapon sg
ARGEVT Carmack death Carmack pos '-112.0 -241.2 -296.0'
ARGLOG Joe Rogan t 105.3 pos '348.1 -389.2  14.8' spd 374.3 yaw  87.0 mode 2 st 1 gl 6 hp 100 frg 7
ARGLOG Romero t 105.5 pos '354.4  16.1 -288.0' spd 272.6 yaw 300.3 mode 2 st 2 gl 5 hp 91 frg -1
ARGEVT Joe Rogan grab weapon_lightning
ARGLOG Joe Rogan t 105.8 pos '493.8 -299.8 -104.0' spd 329.9 yaw 112.6 mode 2 st 1 gl 6 hp 100 frg 7
ARGEVT Romero weapon sg
ARGEVT Romero hazard
ARGEVT Romero pursue
ARGLOG Romero t 106.1 pos '380.2 -65.7 -296.0' spd 360.8 yaw 299.9 mode 2 st 2 gl 5 hp 89 frg -1
ARGEVT Joe Rogan pursue
ARGEVT Joe Rogan route 3 start '529.0 -183.0 -104.0' goal '113.0 -407.0 -104.0'
ARGLOG Joe Rogan t 106.4 pos '572.7 -168.8 -104.0' spd 343.2 yaw 135 mode 2 st 1 gl 6 hp 100 frg 7
ARGLOG Romero t 106.7 pos '378.5 -254.4 -296.0' spd 347.8 yaw 288.8 mode 2 st 2 gl 5 hp 89 frg -1
ARGEVT Carmack respawn
ARGEVT Carmack goal weapon_rocketlauncher
ARGLOG Carmack t 106.8 pos '272.0 -952.0  24.0' spd 0 yaw  19.5 mode 0 st 2 gl 7 hp 100 frg 6
ARGEVT Joe Rogan hazard
ARGLOG Joe Rogan t 107.0 pos '464.2 -66.9 -104.0' spd 356.2 yaw 161.9 mode 2 st 1 gl 6 hp 100 frg 7
ARGEVT Romero hazard
ARGEVT Romero grab 
ARGEVT Carmack routefail
ARGEVT Carmack goal item_armorInv
ARGLOG Romero t 107.2 pos '306.9 -280.4 -296.0' spd 398.6 yaw  16.5 mode 2 st 2 gl 5 hp 89 frg -1
ARGEVT Carmack route 12 start '305.0 -855.0  24.0' goal '817.0 -855.0 -232.0'
ARGLOG Carmack t 107.4 pos '356.7 -803.5  24.0' spd 325.8 yaw 97 mode 2 st 2 gl 7 hp 100 frg 6
ARGLOG Joe Rogan t 107.5 pos '517.0 -219.9 -104.0' spd 325.6 yaw 193.4 mode 2 st 1 gl 6 hp 100 frg 7
ARGEVT Romero pursue
ARGEVT Joe Rogan pursue
ARGLOG Romero t 107.8 pos '348.5 -231.8 -296.0' spd 320.0 yaw 39 mode 2 st 2 gl 5 hp 89 frg -1
ARGEVT Joe Rogan hazard
ARGLOG Carmack t 108.0 pos '344.2 -624.4  24.0' spd 320.1 yaw 83 mode 2 st 2 gl 7 hp 100 frg 6
ARGLOG Joe Rogan t 108.0 pos '455.5 -340.7 -104.0' spd  74.8 yaw 115.7 mode 2 st 1 gl 6 hp 100 frg 7
ARGEVT Romero hazard
ARGEVT Carmack engage Joe Rogan
ARGLOG Romero t 108.3 pos '346.8 -246.4 -296.0' spd 263.9 yaw 358.1 mode 2 st 2 gl 5 hp 89 frg -1
ARGEVT Romero pursue
ARGEVT Joe Rogan pursue
ARGLOG Carmack t 108.5 pos '360.9 -461.0  24.0' spd 342.3 yaw  65.2 mode 2 st 2 gl 7 hp 100 frg 6
ARGLOG Joe Rogan t 108.6 pos '508.8 -208.5 -104.0' spd 348.5 yaw 189 mode 2 st 1 gl 6 hp 100 frg 7
ARGEVT Joe Rogan grab item_armor1
ARGLOG Romero t 108.9 pos '316.6 -257.1 -296.0' spd 210.3 yaw  45.8 mode 2 st 2 gl 5 hp 83 frg -1
ARGEVT Joe Rogan weapon sg
ARGLOG Carmack t 109.1 pos '361.2 -351.1 -85.3' spd 164.1 yaw  50.0 mode 2 st 2 gl 7 hp 100 frg 6
ARGLOG Joe Rogan t 109.1 pos '506.2 -158.2 -104.0' spd 345.9 yaw 200.2 mode 2 st 1 gl 6 hp 52 frg 7
ARGEVT Romero grab 
ARGLOG Romero t 109.4 pos '214.4 -248.9 -296.0' spd 160.5 yaw 358.2 mode 2 st 2 gl 5 hp 77 frg -1
ARGEVT Romero hazard
ARGEVT Carmack grab 
ARGEVT Romero pursue
ARGLOG Carmack t 109.6 pos '389.6 -306.0 -395.9' spd  64.7 yaw 355.6 mode 2 st 2 gl 7 hp 100 frg 6
ARGEVT Carmack swim
ARGEVT Joe Rogan pursue
ARGEVT Romero jump
ARGLOG Joe Rogan t 109.7 pos '522.3 -330.9 -104.0' spd 293.7 yaw 160 mode 2 st 1 gl 6 hp 52 frg 7
ARGEVT Carmack pursue
ARGEVT Joe Rogan grab item_health
ARGLOG Romero t 110.0 pos '302.0 -246.4 -283.2' spd  30.4 yaw 305.7 mode 2 st 2 gl 5 hp 73 frg -1
ARGLOG Carmack t 110.1 pos '412.9 -304.0 -395.8' spd 178.1 yaw 35 mode 2 st 2 gl 7 hp 40 frg 6
ARGLOG Joe Rogan t 110.3 pos '454.1 -424.2 -96.1' spd  44.2 yaw 128.9 mode 2 st 1 gl 6 hp 47 frg 7
ARGEVT Joe Rogan pursue
ARGEVT Romero pursue
ARGEVT Carmack death world pos '432.0 -304.0 -395.6'
ARGLOG Romero t 110.6 pos '306.1 -242.1 -296.0' spd 177.1 yaw 313.0 mode 2 st 2 gl 5 hp 73 frg -1
ARGEVT Romero hazard
ARGLOG Joe Rogan t 110.8 pos '463.3 -423.7 -104.0' spd 320.0 yaw 119.2 mode 2 st 1 gl 6 hp 31 frg 7
ARGEVT Romero pursue
ARGEVT Joe Rogan pursue
ARGLOG Romero t 111.1 pos '307.4 -260.7 -296.0' spd 242.4 yaw 293.8 mode 2 st 2 gl 5 hp 73 frg -1
ARGLOG Joe Rogan t 111.3 pos '538.6 -391.1 -104.0' spd 251.5 yaw 150 mode 2 st 1 gl 6 hp 31 frg 7
ARGEVT Joe Rogan hazard
ARGLOG Romero t 111.7 pos '349.3 -275.1 -296.0' spd 353.4 yaw 313.3 mode 2 st 2 gl 5 hp 72 frg -1
ARGLOG Joe Rogan t 111.9 pos '470.7 -264.0 -104.0' spd 341.0 yaw 162.1 mode 2 st 1 gl 6 hp 17 frg 7
ARGEVT Romero hazard
ARGEVT Carmack respawn
ARGEVT Carmack goal item_armorInv
ARGLOG Carmack t 112.0 pos '112.0 -1136.0 -104.0' spd 0 yaw  25.5 mode 0 st 2 gl 7 hp 100 frg 5
ARGEVT Carmack route 17 start '145.0 -1143.0 -88.0' goal '817.0 -855.0 -232.0'
ARGLOG Romero t 112.2 pos '187.6 -235.1 -296.0' spd 217.8 yaw  11.5 mode 2 st 2 gl 5 hp 68 frg -1
ARGEVT Carmack engage Joe Rogan
ARGEVT Carmack grab weapon_supershotgun
ARGLOG Joe Rogan t 112.4 pos '475.1 -207.2 -104.0' spd 326.4 yaw 178.9 mode 2 st 1 gl 6 hp 12 frg 7
ARGEVT Carmack hazard
ARGLOG Carmack t 112.6 pos '258.7 -1060.6 -104.0' spd 321.2 yaw  81.1 mode 2 st 2 gl 7 hp 100 frg 5
ARGLOG Romero t 112.8 pos '194.4 -240.1 -296.0' spd 220.4 yaw 340.4 mode 2 st 2 gl 5 hp 68 frg -1
ARGEVT Carmack pursue
ARGEVT Joe Rogan retreat
ARGLOG Joe Rogan t 113.0 pos '456.5 -408.8 -84.2' spd 344.3 yaw 135.3 mode 2 st 1 gl 6 hp 1 frg 7
ARGLOG Carmack t 113.1 pos '338.2 -896.3 -104.0' spd 320.7 yaw 78 mode 0 st 2 gl 7 hp 100 frg 5
ARGEVT Romero hazard
ARGLOG Romero t 113.4 pos '231.8 -234.7 -296.0' spd 319.6 yaw 319.6 mode 2 st 2 gl 5 hp 68 frg -1
ARGEVT Carmack route 19 start '401.0 -887.0 -104.0' goal '817.0 -855.0 -232.0'
ARGLOG Joe Rogan t 113.5 pos '477.1 -432.0 -104.0' spd 190.6 yaw 139.3 mode 2 st 1 gl 6 hp 1 frg 7
ARGEVT Joe Rogan hazard
ARGLOG Carmack t 113.6 pos '375.4 -752.0 -104.0' spd  64.4 yaw  98.5 mode 2 st 2 gl 7 hp 100 frg 5
ARGEVT Joe Rogan pursue
ARGEVT Romero pursue
ARGLOG Romero t 113.9 pos '268.7 -252.4 -296.0' spd  60.4 yaw 342.0 mode 2 st 2 gl 5 hp 67 frg -1
ARGLOG Joe Rogan t 114.1 pos '498.2 -354.0 -104.0' spd 187.7 yaw 148.3 mode 2 st 1 gl 6 hp 1 frg 7
ARGLOG Carmack t 114.2 pos '368.0 -618.6 -104.0' spd 317.4 yaw 75 mode 0 st 2 gl 7 hp 100 frg 5
ARGEVT Romero pursue
ARGEVT Romero hazard
ARGEVT Carmack route 19 start '337.0 -567.0 -104.0' goal '817.0 -855.0 -232.0'
ARGEVT Joe Rogan pursue
ARGLOG Romero t 114.5 pos '273.3 -268.4 -296.0' spd 337.4 yaw 333.0 mode 2 st 2 gl 5 hp 67 frg -1
ARGLOG Joe Rogan t 114.6 pos '633.6 -398.3 -104.0' spd  36.8 yaw 155 mode 2 st 1 gl 6 hp 1 frg 7
ARGEVT Joe Rogan death Carmack pos '605.4 -384.3 -104.0'
ARGEVT Carmack goal item_armorInv
ARGUS routecache adopt
ARGEVT Carmack route 18 start '401.0 -471.0 -104.0' goal '817.0 -855.0 -232.0'
ARGLOG Carmack t 114.7 pos '403.0 -476.7 -104.0' spd 276.3 yaw 341.3 mode 0 st 2 gl 7 hp 100 frg 6
ARGEVT Carmack hazard
ARGLOG Romero t 115.0 pos '404.2 -251.7 -296.0' spd 122.8 yaw 224 mode 2 st 2 gl 5 hp 67 frg -1
ARGEVT Romero engage Carmack
ARGEVT Carmack engage Romero
ARGEVT Carmack grab 
ARGLOG Carmack t 115.3 pos '470.2 -326.9 -104.0' spd 325.1 yaw 160.1 mode 2 st 2 gl 7 hp 100 frg 6
ARGEVT Romero hazard
ARGLOG Romero t 115.6 pos '236.3 -279.3 -296.0' spd 291.5 yaw   1.8 mode 2 st 2 gl 5 hp 67 frg -1
ARGEVT Romero pursue
ARGEVT Carmack pursue
ARGLOG Carmack t 115.9 pos '624.2 -339.3 -104.0' spd 169.9 yaw 170 mode 2 st 2 gl 7 hp 100 frg 6
ARGLOG Romero t 116.1 pos '310.4 -220.0 -296.0' spd 376.1 yaw 333 mode 2 st 2 gl 5 hp 67 frg -1
ARGEVT Joe Rogan respawn
ARGEVT Joe Rogan goal 
ARGLOG Joe Rogan t 116.2 pos '776.0 -808.0 -232.0' spd 0 yaw 110.2 mode 0 st 1 gl 6 hp 100 frg 7
ARGEVT Joe Rogan routefail
ARGLOG Carmack t 116.4 pos '466.6 -331.4 -104.0' spd 327.5 yaw 151 mode 2 st 2 gl 7 hp 100 frg 6
ARGEVT Carmack hazard
ARGEVT Joe Rogan goal 
ARGEVT Joe Rogan hazard
ARGEVT Joe Rogan routefail
ARGEVT Romero hazard
ARGLOG Romero t 116.6 pos '468.6 -254.2 -296.0' spd 346.0 yaw 274 mode 2 st 2 gl 5 hp 67 frg -1
ARGEVT Joe Rogan goal item_rockets
ARGLOG Joe Rogan t 116.7 pos '721.8 -813.6 -232.0' spd 154.7 yaw 162.2 mode 0 st 1 gl 6 hp 100 frg 7
ARGEVT Joe Rogan routefail
ARGLOG Carmack t 116.9 pos '456.8 -196.4 -104.0' spd 126.9 yaw 205 mode 2 st 2 gl 7 hp 100 frg 6
ARGEVT Joe Rogan goal item_health
ARGEVT Joe Rogan route 9 start '721.0 -887.0 -232.0' goal '401.0 -887.0 -104.0'
ARGLOG Romero t 117.2 pos '394.8 -280.2 -296.0' spd 332.3 yaw 218 mode 2 st 2 gl 5 hp 67 frg -1
ARGUS routecache adopt
ARGEVT Joe Rogan route 9 start '721.0 -887.0 -232.0' goal '401.0 -887.0 -104.0'
ARGLOG Joe Rogan t 117.3 pos '720.0 -912.0 -232.0' spd 0 yaw 112 mode 2 st 1 gl 6 hp 100 frg 7
ARGUS routecache adopt
ARGEVT Joe Rogan route 9 start '721.0 -887.0 -232.0' goal '401.0 -887.0 -104.0'
ARGLOG Carmack t 117.5 pos '436.0 -335.8 -104.0' spd 326.6 yaw 150.1 mode 2 st 2 gl 7 hp 100 frg 6
ARGLOG Romero t 117.7 pos '248.9 -212.9 -296.0' spd 313.3 yaw 313.8 mode 2 st 2 gl 5 hp 64 frg -1
ARGEVT Romero hazard
ARGUS routecache adopt
ARGEVT Joe Rogan route 9 start '721.0 -887.0 -232.0' goal '401.0 -887.0 -104.0'
ARGLOG Joe Rogan t 117.9 pos '720.0 -912.0 -232.0' spd 0 yaw 265.7 mode 0 st 1 gl 6 hp 100 frg 7
ARGEVT Carmack grab weapon_grenadelauncher
ARGUS routecache adopt
ARGEVT Joe Rogan route 9 start '721.0 -887.0 -232.0' goal '401.0 -887.0 -104.0'
ARGLOG Carmack t 118.0 pos '290.4 -441.2 -104.0' spd 334.5 yaw 117.7 mode 2 st 2 gl 7 hp 100 frg 6
ARGEVT Carmack hazard
ARGUS routecache adopt
ARGEVT Joe Rogan route 9 start '721.0 -887.0 -232.0' goal '401.0 -887.0 -104.0'
ARGLOG Romero t 118.2 pos '155.4 -210.3 -296.0' spd 208.4 yaw 288.8 mode 2 st 2 gl 5 hp 64 frg -1
ARGEVT Romero pursue
ARGEVT Carmack pursue
ARGLOG Joe Rogan t 118.4 pos '720.0 -912.0 -232.0' spd 0 yaw 266 mode 0 st 1 gl 6 hp 100 frg 7
ARGUS routecache adopt
ARGEVT Joe Rogan route 9 start '721.0 -887.0 -232.0' goal '401.0 -887.0 -104.0'
ARGLOG Carmack t 118.6 pos '262.3 -413.8 -104.0' spd 314.6 yaw  91.8 mode 2 st 2 gl 7 hp 96 frg 6
ARGUS routecache adopt
ARGEVT Joe Rogan route 9 start '721.0 -887.0 -232.0' goal '401.0 -887.0 -104.0'
ARGLOG Romero t 118.8 pos '305.8 -269.1 -296.0' spd 329.9 yaw 222.8 mode 2 st 2 gl 5 hp 64 frg -1
ARGUS routecache adopt
ARGEVT Joe Rogan route 9 start '721.0 -887.0 -232.0' goal '401.0 -887.0 -104.0'
ARGEVT Joe Rogan stall
ARGLOG Joe Rogan t 119.0 pos '720.0 -912.0 -232.0' spd 0 yaw 464.5 mode 0 st 2 gl 6 hp 100 frg 7
ARGEVT Joe Rogan jump
ARGLOG Carmack t 119.2 pos '139.6 -414.6 -104.0' spd 220.4 yaw  28.7 mode 2 st 2 gl 7 hp 92 frg 6
ARGUS routecache adopt
ARGEVT Joe Rogan route 9 start '721.0 -887.0 -232.0' goal '401.0 -887.0 -104.0'
ARGLOG Romero t 119.3 pos '369.5 -232.5 -296.0' spd 320.5 yaw 206.1 mode 2 st 2 gl 5 hp 64 frg -1
ARGUS routecache adopt
ARGEVT Joe Rogan route 9 start '721.0 -887.0 -232.0' goal '401.0 -887.0 -104.0'
ARGLOG Joe Rogan t 119.5 pos '720.0 -912.0 -220.4' spd 0 yaw 112 mode 2 st 2 gl 6 hp 100 frg 7
ARGUS routecache adopt
ARGEVT Joe Rogan route 9 start '721.0 -887.0 -232.0' goal '401.0 -887.0 -104.0'
ARGEVT Joe Rogan stall
ARGEVT Joe Rogan jump
ARGLOG Carmack t 119.7 pos '192.3 -404.5 -104.0' spd 194.2 yaw  67.2 mode 2 st 2 gl 7 hp 76 frg 6
ARGLOG Romero t 119.9 pos '356.9 -175.5 -296.0' spd 192.0 yaw 248.8 mode 2 st 2 gl 5 hp 64 frg -1
ARGLOG Joe Rogan t 120.1 pos '729.2 -912.0 -196.2' spd  30.8 yaw   5.2 mode 0 st 3 gl 6 hp 100 frg 7
ARGEVT Joe Rogan engage Carmack
ARGEVT Carmack grab item_health
ARGLOG Carmack t 120.3 pos '351.1 -444.6 -104.0' spd 320.2 yaw  27.9 mode 2 st 2 gl 7 hp 76 frg 6
ARGLOG Romero t 120.5 pos '494.9 -230.4 -296.0' spd 187.3 yaw 252.5 mode 2 st 2 gl 5 hp 64 frg -1
ARGEVT Romero hazard
ARGUS Joe Rogan shove
ARGEVT Carmack pursue
ARGLOG Joe Rogan t 120.6 pos '356.2 -55.3 -296.0' spd 339.0 yaw 291.3 mode 0 st 3 gl 6 hp 100 frg 7
ARGEVT Romero pursue
ARGEVT Joe Rogan hazard
ARGLOG Carmack t 120.8 pos '422.3 -404.1 -104.0' spd 320 yaw 82 mode 2 st 2 gl 7 hp 76 frg 6
ARGLOG Romero t 121.0 pos '408.5 -245.9 -296.0' spd 320.6 yaw 267.1 mode 2 st 2 gl 5 hp 64 frg -1
ARGLOG Joe Rogan t 121.2 pos '358.2 -129.2 -296.0' spd 327.0 yaw 300.4 mode 0 st 3 gl 6 hp 78 frg 7
ARGEVT Joe Rogan goal item_health
ARGLOG Carmack t 121.4 pos '518.8 -424.9 -104.0' spd 164.5 yaw 170.4 mode 2 st 2 gl 7 hp 76 frg 6
ARGEVT Joe Rogan route 7 start '401.0 -183.0 -296.0' goal '-15.0 553.0 -296.0'
ARGEVT Carmack hazard
ARGEVT Romero pursue
ARGLOG Romero t 121.5 pos '324.7 -231.5 -296.0' spd 108.7 yaw 314 mode 2 st 2 gl 5 hp 64 frg -1
ARGEVT Carmack pursue
ARGEVT Joe Rogan pursue
ARGEVT Romero hazard
ARGLOG Joe Rogan t 121.8 pos '376.2 -231.5 -296.0' spd 320.3 yaw 302 mode 2 st 3 gl 6 hp 78 frg 7
ARGLOG Carmack t 122.0 pos '423.7 -364.2 -102.1' spd 377.3 yaw  90.8 mode 2 st 2 gl 7 hp 76 frg 6
ARGEVT Joe Rogan hazard
ARGLOG Romero t 122.1 pos '407.5 -248.4 -296.0' spd 307.2 yaw 269.6 mode 2 st 2 gl 5 hp 44 frg -1
ARGLOG Joe Rogan t 122.3 pos '319.2 -218.5 -296.0' spd 320.7 yaw 344.1 mode 2 st 3 gl 6 hp 78 frg 7
ARGEVT Romero abandon
ARGEVT Romero goal item_health
ARGEVT Romero route 4 start '273.0 -183.0 -296.0' goal '529.0  73.0 -296.0'
ARGLOG Carmack t 122.5 pos '524.8 -293.7 -104.0' spd 336.1 yaw 170.4 mode 2 st 2 gl 7 hp 76 frg 6
ARGEVT Joe Rogan grab 
ARGLOG Romero t 122.6 pos '312.2 -197.9 -296.0' spd  65.3 yaw 343.3 mode 2 st 2 gl 5 hp 44 frg -1
ARGEVT Carmack weapon ssg
ARGEVT Romero pursue
ARGEVT Carmack pursue
ARGEVT Joe Rogan pursue
ARGLOG Joe Rogan t 122.8 pos '210.8 -248.8 -296.0' spd  88.7 yaw 341 mode 2 st 3 gl 6 hp 78 frg 7
ARGEVT Carmack hazard
ARGEVT Romero hazard
ARGLOG Carmack t 123.0 pos '468.7 -173.6 -104.0' spd 411.1 yaw 225.8 mode 2 st 2 gl 7 hp 48 frg 6
ARGLOG Romero t 123.2 pos '374.7 -255.3 -296.0' spd 174.0 yaw   0.9 mode 2 st 2 gl 5 hp 44 frg -1
ARGEVT Romero retreat
ARGEVT Carmack death Joe Rogan pos '431.9 -257.5 -101.2'
ARGEVT Joe Rogan engage Romero
ARGEVT Joe Rogan weapon sg
ARGLOG Joe Rogan t 123.4 pos '242.2 -225.7 -296.0' spd 302.7 yaw   8.5 mode 2 st 3 gl 6 hp 78 frg 8
ARGEVT Romero engage Joe Rogan
ARGEVT Joe Rogan goal 
ARGEVT Joe Rogan route 2 start '241.0 -279.0 -296.0' goal '273.0 -375.0 -296.0'
ARGEVT Joe Rogan hazard
ARGLOG Romero t 123.7 pos '311.7 -206.8 -296.0' spd 125.2 yaw 216.1 mode 2 st 2 gl 5 hp 20 frg -1
ARGLOG Joe Rogan t 123.9 pos '259.6 -249.5 -296.0' spd 351.8 yaw  45.6 mode 2 st 3 gl 6 hp 78 frg 8
ARGEVT Romero death Joe Rogan pos '284.3 -210.3 -296.0'
ARGEVT Joe Rogan goal 
ARGUS routecache adopt
ARGEVT Joe Rogan route 2 start '241.0 -279.0 -296.0' goal '273.0 -375.0 -296.0'
ARGEVT Joe Rogan weapon rl
ARGLOG Joe Rogan t 124.5 pos '117.4 -262.1 -296.0' spd 344.2 yaw 117.3 mode 2 st 3 gl 6 hp 78 frg 9
ARGEVT Joe Rogan hazard
ARGEVT Carmack respawn
ARGEVT Carmack goal weapon_rocketlauncher
ARGLOG Carmack t 125.0 pos '784.0 -176.0  24.0' spd 0 yaw 193 mode 0 st 2 gl 7 hp 100 frg 6
ARGLOG Joe Rogan t 125.0 pos ' 73.3 -210.1 -296.0' spd 323.1 yaw 353 mode 2 st 3 gl 6 hp 78 frg 9
ARGEVT Carmack route 6 start '753.0 -151.0  24.0' goal ' 49.0 105.0 -296.0'
ARGEVT Joe Rogan engage Carmack
ARGEVT Carmack engage Joe Rogan
ARGEVT Carmack grab 
ARGEVT Romero respawn
ARGLOG Carmack t 125.5 pos '615.3 -210.4  24.0' spd 331.0 yaw 189.1 mode 2 st 2 gl 7 hp 100 frg 6
ARGLOG Joe Rogan t 125.6 pos '207.7 -243.2 -296.0' spd 102.9 yaw 341.4 mode 2 st 3 gl 6 hp 78 frg 9
ARGEVT Romero goal item_health
ARGLOG Romero t 125.6 pos '-64.0 512.0 -296.0' spd 0 yaw 289.8 mode 1 st 2 gl 5 hp 100 frg -1
ARGEVT Joe Rogan weapon sg
ARGEVT Romero hazard
ARGEVT Joe Rogan grab 
ARGLOG Carmack t 126.1 pos '438.8 -216.0 -62.5' spd 263.9 yaw 188.3 mode 2 st 2 gl 7 hp 100 frg 6
ARGLOG Joe Rogan t 126.1 pos ' 63.4 -230.6 -296.0' spd 339.8 yaw 359.5 mode 2 st 3 gl 6 hp 78 frg 9
ARGLOG Romero t 126.1 pos ' 10.2 493.0 -296.0' spd 323.7 yaw 107 mode 1 st 2 gl 5 hp 100 frg -1
ARGEVT Romero engage Joe Rogan
ARGEVT Carmack hazard
ARGEVT Joe Rogan hazard
ARGEVT Romero goal weapon_rocketlauncher
ARGEVT Romero route 4 start '-15.0 553.0 -296.0' goal ' 49.0 105.0 -296.0'
ARGLOG Carmack t 126.6 pos '406.2 -263.6 -296.0' spd 316.4 yaw 168.0 mode 2 st 2 gl 7 hp 100 frg 6
ARGLOG Joe Rogan t 126.7 pos '-49.2 -180.5 -296.0' spd 338.2 yaw 342.1 mode 0 st 3 gl 6 hp 77 frg 9
ARGLOG Romero t 126.7 pos '-26.4 503.6 -296.0' spd 321.2 yaw 266.7 mode 2 st 2 gl 6 hp 200 frg -1
ARGEVT Joe Rogan route 3 start '-79.0 -151.0 -296.0' goal '273.0 -375.0 -296.0'
ARGEVT Romero grab 
ARGEVT Carmack pursue
ARGLOG Carmack t 127.2 pos '429.7 -270.9 -296.0' spd 322.0 yaw 170.8 mode 2 st 2 gl 7 hp 100 frg 6
ARGLOG Joe Rogan t 127.3 pos '-15.7 -210.9 -296.0' spd 328.4 yaw   0.3 mode 2 st 3 gl 6 hp 74 frg 9
ARGLOG Romero t 127.3 pos '-97.1 396.1 -296.0' spd 329.9 yaw 277.9 mode 2 st 2 gl 6 hp 200 frg -1
ARGEVT Romero hazard
ARGLOG Carmack t 127.7 pos '347.1 -242.9 -296.0' spd 144.6 yaw 167.0 mode 2 st 2 gl 7 hp 100 frg 6
ARGLOG Joe Rogan t 127.8 pos '-16.2 -163.1 -296.0' spd  42.8 yaw 339.1 mode 2 st 3 gl 6 hp 71 frg 9
ARGLOG Romero t 127.8 pos '-70.7 305.5 -296.0' spd 200.1 yaw 277.9 mode 2 st 2 gl 6 hp 200 frg -1
ARGEVT Carmack hazard
ARGEVT Carmack route 4 start '401.0 -183.0 -296.0' goal ' 49.0 105.0 -296.0'
ARGLOG Carmack t 128.3 pos '359.5 -134.0 -296.0' spd 328.3 yaw 189.8 mode 2 st 2 gl 7 hp 100 frg 6
ARGLOG Joe Rogan t 128.4 pos '-17.2 -206.4 -296.0' spd 320.1 yaw  22.7 mode 2 st 3 gl 6 hp 70 frg 9
ARGLOG Romero t 128.4 pos '-84.1 189.5 -296.0' spd 222.2 yaw 279.6 mode 2 st 2 gl 6 hp 200 frg -1
ARGEVT Romero hazard
ARGEVT Carmack pursue
ARGEVT Joe Rogan hazard
ARGLOG Carmack t 128.9 pos '358.9 -187.3 -296.0' spd 360.6 yaw 186 mode 2 st 2 gl 7 hp 100 frg 6
ARGLOG Joe Rogan t 128.9 pos '-23.7 -28.2 -296.0' spd 310.8 yaw 356.6 mode 2 st 3 gl 6 hp 66 frg 9
ARGLOG Romero t 128.9 pos '-91.9 139.1 -296.0' spd 252.2 yaw 292.1 mode 1 st 2 gl 6 hp 200 frg -1
ARGEVT Carmack hazard
ARGEVT Joe Rogan route 4 start '-47.0  73.0 -296.0' goal '273.0 -375.0 -296.0'
ARGLOG Carmack t 129.4 pos '239.9 -279.2 -296.0' spd 371.6 yaw 168 mode 2 st 2 gl 7 hp 100 frg 6
ARGLOG Joe Rogan t 129.4 pos '-16.0  36.1 -296.0' spd   6.3 yaw 317.3 mode 2 st 3 gl 6 hp 62 frg 9
ARGLOG Romero t 129.4 pos '-155.2  94.3 -296.0' spd 320.5 yaw 335.3 mode 1 st 2 gl 6 hp 200 frg -1
ARGEVT Joe Rogan pursue
ARGEVT Romero goal weapon_supernailgun
ARGEVT Romero jump
ARGEVT Joe Rogan hazard
ARGEVT Carmack goal weapon_supernailgun
ARGLOG Carmack t 129.9 pos ' 64.2 -262.7 -296.0' spd 337.0 yaw 155 mode 0 st 2 gl 7 hp 100 frg 6
ARGLOG Joe Rogan t 130.0 pos ' 99.2  78.8 -296.0' spd 354.8 yaw 286.6 mode 2 st 3 gl 6 hp 58 frg 9
ARGLOG Romero t 130.0 pos '-124.6 148.1 -264.3' spd 320.2 yaw 344.0 mode 0 st 2 gl 6 hp 200 frg -1
ARGEVT Romero routefail
ARGEVT Romero goal item_armorInv
ARGEVT Romero route 20 start '-143.0 105.0 -296.0' goal '817.0 -855.0 -232.0'
ARGEVT Joe Rogan weapon sg
ARGLOG Carmack t 130.5 pos '-45.3 -122.0 -296.0' spd 178.3 yaw  82.1 mode 0 st 2 gl 7 hp 76 frg 6
ARGEVT Joe Rogan retreat
ARGLOG Joe Rogan t 130.5 pos '-22.3  48.4 -296.0' spd 352.9 yaw 259.7 mode 2 st 3 gl 6 hp 24 frg 9
ARGLOG Romero t 130.5 pos '-87.2 295.6 -296.0' spd 166.4 yaw 285.6 mode 2 st 2 gl 6 hp 200 frg -1
ARGEVT Carmack routefail
ARGEVT Carmack goal weapon_lightning
ARGEVT Joe Rogan weapon rl
ARGEVT Joe Rogan death Romero pos ' 18.4 102.4 -296.0'
ARGEVT Carmack engage Romero
ARGEVT Romero goal 
ARGEVT Romero engage Carmack
ARGEVT Carmack route 11 start '-79.0 -151.0 -296.0' goal '529.0 -311.0 -104.0'
ARGLOG Romero t 131.0 pos '-59.5 358.7 -296.0' spd 327.7 yaw 266.2 mode 0 st 2 gl 6 hp 200 frg 0
ARGEVT Romero hazard
ARGEVT Carmack grab 
ARGLOG Carmack t 131.0 pos '-58.1 -44.6 -296.0' spd 254.2 yaw  91.2 mode 2 st 2 gl 7 hp 76 frg 6
ARGEVT Romero route 3 start '-47.0 329.0 -296.0' goal ' 49.0 105.0 -296.0'
ARGEVT Romero goal item_armorInv
ARGLOG Romero t 131.5 pos '-66.7 341.5 -296.0' spd 200.4 yaw 288.7 mode 0 st 2 gl 6 hp 183 frg 0
ARGLOG Carmack t 131.5 pos ' 13.6  73.6 -296.0' spd 110.6 yaw 125.3 mode 2 st 2 gl 7 hp 56 frg 6
ARGEVT Romero route 21 start '-47.0 329.0 -296.0' goal '817.0 -855.0 -232.0'
ARGEVT Carmack retreat
ARGLOG Romero t 132.1 pos '-109.6 303.4 -296.0' spd 271.6 yaw 273.5 mode 2 st 2 gl 6 hp 183 frg 0
ARGLOG Carmack t 132.1 pos '-104.8  54.2 -296.0' spd  76.3 yaw  90.6 mode 2 st 2 gl 7 hp 32 frg 6
ARGEVT Joe Rogan respawn
ARGEVT Joe Rogan goal 
ARGLOG Joe Rogan t 132.3 pos '-64.0 -232.0 -72.0' spd 0 yaw 340.5 mode 0 st 3 gl 6 hp 100 frg 9
ARGEVT Joe Rogan route 7 start '-47.0 -215.0 -72.0' goal '273.0 -375.0 -296.0'
ARGEVT Romero hazard
ARGLOG Romero t 132.7 pos '-77.8 318.2 -296.0' spd 221.0 yaw 263.9 mode 2 st 2 gl 6 hp 182 frg 0
ARGLOG Carmack t 132.7 pos '-122.7  48.0 -296.0' spd 119.7 yaw 101.7 mode 2 st 2 gl 7 hp 8 frg 6
ARGEVT Joe Rogan hazard
ARGLOG Joe Rogan t 132.9 pos '113.5 -208.0 -72.0' spd 299.9 yaw 239 mode 2 st 3 gl 6 hp 100 frg 9
ARGEVT Carmack death Romero pos '-119.5  65.5 -296.0'
ARGEVT Romero goal 
ARGLOG Romero t 133.2 pos '-128.0 124.5 -296.0' spd 321.5 yaw 262 mode 1 st 2 gl 6 hp 115 frg 1
ARGEVT Romero jump
ARGLOG Joe Rogan t 133.4 pos '  9.6 -256.9 -72.0' spd 344.9 yaw 155.2 mode 2 st 3 gl 6 hp 100 frg 9
ARGEVT Romero goal item_armorInv
ARGEVT Romero route 18 start '-143.0 105.0 -296.0' goal '817.0 -855.0 -232.0'
ARGLOG Romero t 133.8 pos '-129.1  48.2 -284.4' spd  31.8 yaw 285 mode 2 st 2 gl 7 hp 114 frg 1
ARGEVT Joe Rogan hazard
ARGLOG Joe Rogan t 134.0 pos '-142.3 -246.2 -72.0' spd 332.2 yaw 186.4 mode 2 st 3 gl 6 hp 100 frg 9
ARGLOG Romero t 134.4 pos '-17.1   4.3 -296.0' spd 324.2 yaw 237.5 mode 2 st 2 gl 7 hp 113 frg 1
ARGEVT Joe Rogan route 7 start '-143.0 -247.0 -72.0' goal '273.0 -375.0 -296.0'
ARGEVT Carmack respawn
ARGLOG Joe Rogan t 134.5 pos '-141.8 -217.6 -72.0' spd 330.3 yaw 270 mode 2 st 3 gl 6 hp 100 frg 9
ARGEVT Carmack goal weapon_lightning
ARGLOG Carmack t 134.5 pos '272.0 -952.0  24.0' spd 0 yaw  20.2 mode 0 st 2 gl 7 hp 100 frg 6
ARGEVT Romero hazard
ARGEVT Carmack route 6 start '305.0 -983.0  24.0' goal '529.0 -311.0 -104.0'
ARGLOG Romero t 134.9 pos '-80.0 -90.1 -296.0' spd 285.2 yaw 101 mode 2 st 2 gl 7 hp 113 frg 1
ARGEVT Joe Rogan hazard
ARGLOG Joe Rogan t 135.1 pos ' 33.1 -244.5 -72.0' spd 398.0 yaw 231.1 mode 2 st 3 gl 6 hp 100 frg 9
ARGLOG Carmack t 135.1 pos '349.2 -801.2  24.0' spd 323.9 yaw 80 mode 2 st 2 gl 7 hp 100 frg 6
ARGLOG Romero t 135.5 pos '-129.4  85.0 -296.0' spd 409.6 yaw 211.2 mode 0 st 2 gl 7 hp 112 frg 1
ARGLOG Joe Rogan t 135.7 pos '-93.8 -219.0 -72.0' spd 324.7 yaw 264 mode 2 st 3 gl 6 hp 100 frg 9
ARGEVT Romero hazard
ARGLOG Carmack t 135.7 pos '324.6 -621.6  24.0' spd 345.3 yaw 74 mode 2 st 2 gl 7 hp 100 frg 6
ARGEVT Romero route 18 start '-143.0 105.0 -296.0' goal '817.0 -855.0 -232.0'
ARGLOG Romero t 136.0 pos '-153.5  55.7 -296.0' spd 320.5 yaw 290 mode 2 st 2 gl 7 hp 112 frg 1
ARGEVT Joe Rogan hazard
ARGLOG Joe Rogan t 136.2 pos '-144.0 -263.6 -72.0' spd 275.7 yaw 90 mode 0 st 3 gl 6 hp 100 frg 9
ARGLOG Carmack t 136.2 pos '400.8 -450.8  24.0' spd 329.2 yaw 47 mode 2 st 2 gl 7 hp 100 frg 6
ARGEVT Joe Rogan route 7 start '-143.0 -247.0 -72.0' goal '273.0 -375.0 -296.0'
ARGEVT Joe Rogan engage Carmack
ARGLOG Romero t 136.5 pos ' 26.2  48.0 -296.0' spd 196.2 yaw 269 mode 2 st 2 gl 7 hp 111 frg 1
ARGEVT Carmack engage Joe Rogan
ARGEVT Romero hazard
ARGEVT Carmack grab weapon_lightning
ARGLOG Joe Rogan t 136.8 pos '-40.0 -248.3 -72.0' spd 236.8 yaw   3.1 mode 2 st 3 gl 6 hp 100 frg 9
ARGLOG Carmack t 136.8 pos '452.3 -254.0 -104.0' spd 326.9 yaw 137.4 mode 1 st 2 gl 7 hp 100 frg 6
ARGEVT Carmack weapon ssg
ARGEVT Carmack goal item_armorInv
ARGLOG Romero t 137.1 pos ' 59.7  54.8 -296.0' spd 317.5 yaw 262 mode 2 st 2 gl 7 hp 111 frg 1
ARGEVT Carmack route 17 start '529.0 -311.0 -104.0' goal '817.0 -855.0 -232.0'
ARGEVT Carmack grab item_armor1
ARGLOG Joe Rogan t 137.3 pos ' 31.4 -237.2 -72.0' spd 202.7 yaw   2.7 mode 2 st 3 gl 6 hp 92 frg 9
ARGLOG Carmack t 137.3 pos '540.1 -154.6 -104.0' spd 332.2 yaw 194.0 mode 2 st 2 gl 8 hp 100 frg 6
ARGLOG Romero t 137.6 pos '-58.9 -63.7 -296.0' spd 366.9 yaw 316.5 mode 2 st 2 gl 7 hp 110 frg 1
ARGEVT Carmack weapon lg
ARGLOG Joe Rogan t 137.9 pos ' 90.8 -239.5 -72.0' spd 213.8 yaw 353.3 mode 2 st 3 gl 6 hp 92 frg 9
ARGEVT Romero hazard
ARGLOG Carmack t 137.9 pos '531.9 -262.3 -104.0' spd 321.7 yaw 174.5 mode 2 st 2 gl 8 hp 100 frg 6
ARGEVT Romero engage Carmack
ARGEVT Joe Rogan hazard
ARGLOG Romero t 138.2 pos '  7.4 -239.8 -296.0' spd 374.8 yaw 330.4 mode 2 st 2 gl 7 hp 110 frg 1
ARGEVT Joe Rogan retreat
ARGLOG Joe Rogan t 138.5 pos ' 79.2 -256.3 -72.0' spd 392.9 yaw 335.9 mode 2 st 3 gl 6 hp 2 frg 9
ARGUS Romero shove
ARGLOG Carmack t 138.5 pos '492.2 -418.3 -104.0' spd  43.7 yaw 159.8 mode 0 st 2 gl 8 hp 95 frg 6
ARGEVT Carmack weapon ssg
ARGEVT Carmack route 18 start '497.0 -407.0 -104.0' goal '817.0 -855.0 -232.0'
ARGEVT Joe Rogan death Carmack pos '-14.0 -225.0 -72.0'
ARGLOG Romero t 138.8 pos '123.8 -234.4 -296.0' spd 143.3 yaw   7.6 mode 2 st 2 gl 7 hp 109 frg 1
ARGEVT Carmack goal 
ARGEVT Carmack engage Romero
ARGEVT Carmack weapon lg
ARGEVT Carmack route 4 start '529.0 -311.0 -104.0' goal '273.0 -375.0 -296.0'
ARGLOG Carmack t 139.0 pos '513.8 -251.1 -104.0' spd 320.2 yaw 179.1 mode 2 st 2 gl 8 hp 95 frg 7
ARGLOG Romero t 139.3 pos '189.9 -217.7 -296.0' spd 134.1 yaw  34.4 mode 2 st 2 gl 7 hp 109 frg 1
ARGLOG Carmack t 139.6 pos '474.4 -76.7 -104.0' spd 326.2 yaw 216.8 mode 2 st 2 gl 8 hp 95 frg 7
ARGEVT Romero grab 
ARGLOG Romero t 139.9 pos '235.2 -251.4 -296.0' spd 321.0 yaw   9.5 mode 2 st 2 gl 7 hp 78 frg 1
ARGLOG Carmack t 140.1 pos '546.9 -134.0 -104.0' spd 330.8 yaw 198.8 mode 2 st 2 gl 8 hp 95 frg 7
ARGEVT Joe Rogan respawn
ARGEVT Romero weapon sg
ARGEVT Joe Rogan goal 
ARGLOG Joe Rogan t 140.3 pos '112.0 -1136.0 -104.0' spd 0 yaw  65.2 mode 0 st 3 gl 6 hp 100 frg 9
ARGEVT Romero pursue
ARGEVT Romero hazard
ARGEVT Carmack pursue
ARGEVT Joe Rogan engage Carmack
ARGEVT Joe Rogan route 9 start '145.0 -1143.0 -88.0' goal '273.0 -375.0 -296.0'
ARGLOG Romero t 140.4 pos '280.1 -224.4 -296.0' spd 361.4 yaw 35 mode 2 st 2 gl 7 hp 78 frg 1
ARGLOG Carmack t 140.7 pos '469.3 -167.4 -104.0' spd 337.2 yaw 179.7 mode 2 st 2 gl 8 hp 95 frg 7
ARGEVT Carmack hazard
ARGEVT Joe Rogan pursue
ARGLOG Joe Rogan t 140.9 pos '181.6 -979.3 -104.0' spd 320.3 yaw 65 mode 2 st 3 gl 6 hp 100 frg 9
ARGLOG Romero t 141.0 pos '337.4 -203.5 -296.0' spd 139.0 yaw 332.0 mode 2 st 2 gl 7 hp 48 frg 1
ARGLOG Carmack t 141.2 pos '481.4 -185.2 -104.0' spd 352.0 yaw 204.0 mode 2 st 2 gl 8 hp 87 frg 7
ARGEVT Romero hazard
ARGLOG Joe Rogan t 141.4 pos '256.3 -816.7 -104.0' spd 320.0 yaw 65 mode 2 st 3 gl 6 hp 100 frg 9
ARGLOG Romero t 141.6 pos '232.3 -238.6 -296.0' spd 320.5 yaw   0.6 mode 2 st 2 gl 7 hp 48 frg 1
ARGEVT Carmack grab item_health
ARGLOG Carmack t 141.8 pos '500.2 -289.4 -104.0' spd 330.7 yaw 174.4 mode 2 st 2 gl 8 hp 79 frg 7
ARGLOG Joe Rogan t 142.0 pos '386.1 -767.4 -104.0' spd 320.1 yaw  76.6 mode 2 st 3 gl 6 hp 100 frg 9
ARGLOG Romero t 142.1 pos '243.7 -228.2 -296.0' spd 190.1 yaw 328.0 mode 0 st 2 gl 7 hp 48 frg 1
ARGEVT Joe Rogan hazard
ARGEVT Joe Rogan pursue
ARGEVT Carmack weapon ssg
ARGLOG Carmack t 142.4 pos '509.4 -421.1 -104.0' spd  58.8 yaw 139.8 mode 2 st 2 gl 8 hp 79 frg 7
ARGEVT Romero route 17 start '241.0 -279.0 -296.0' goal '817.0 -855.0 -232.0'
ARGEVT Romero pursue
ARGEVT Carmack pursue
ARGLOG Joe Rogan t 142.6 pos '381.7 -752.0 -104.0' spd 269.5 yaw 86 mode 2 st 3 gl 6 hp 100 frg 9
ARGLOG Romero t 142.7 pos '371.4 -264.9 -296.0' spd 326.5 yaw 348.8 mode 2 st 2 gl 7 hp 48 frg 1
ARGEVT Carmack hazard
ARGLOG Carmack t 142.9 pos '404.1 -371.6 -103.9' spd 323.4 yaw  60.9 mode 2 st 2 gl 8 hp 77 frg 7
ARGEVT Romero hazard
ARGEVT Romero retreat
ARGLOG Joe Rogan t 143.1 pos '325.5 -608.8 -104.0' spd 336.7 yaw  62.7 mode 2 st 3 gl 6 hp 100 frg 9
ARGLOG Romero t 143.2 pos '517.4 -224.0 -296.0' spd 338.2 yaw 246.8 mode 2 st 2 gl 7 hp 28 frg 1
ARGEVT Romero pursue
ARGEVT Carmack pursue
ARGLOG Carmack t 143.5 pos '456.2 -392.8 -104.0' spd 444.3 yaw  74.7 mode 2 st 2 gl 8 hp 56 frg 7
ARGLOG Joe Rogan t 143.7 pos '309.9 -519.7 -104.0' spd 320.7 yaw  51.6 mode 2 st 3 gl 6 hp 100 frg 9
ARGLOG Romero t 143.8 pos '552.3 -267.4 -296.0' spd 346.1 yaw 175.7 mode 2 st 2 gl 7 hp 28 frg 1
ARGEVT Carmack hazard
ARGEVT Romero hazard
ARGLOG Carmack t 144.0 pos '423.4 -224.2 -104.0' spd 309.6 yaw 175.5 mode 2 st 2 gl 8 hp 42 frg 7
ARGEVT Joe Rogan hazard
ARGLOG Joe Rogan t 144.2 pos '221.9 -415.7 -104.0' spd 131.4 yaw  64.5 mode 2 st 3 gl 6 hp 100 frg 9
ARGLOG Romero t 144.4 pos '438.7 -272.0 -296.0' spd 176.8 yaw 126.7 mode 2 st 2 gl 7 hp 4 frg 1
ARGLOG Carmack t 144.6 pos '278.1 -48.0 -157.1' spd 212.2 yaw 325.9 mode 2 st 2 gl 8 hp 18 frg 7
ARGEVT Carmack grab weapon_supernailgun
ARGLOG Joe Rogan t 144.8 pos '399.6 -431.1 -104.0' spd 329.1 yaw 115.8 mode 2 st 3 gl 6 hp 100 frg 9
ARGLOG Romero t 144.9 pos '511.5 -245.2 -296.0' spd 320.0 yaw 138.7 mode 2 st 2 gl 7 hp 4 frg 1
ARGEVT Romero death Carmack pos '496.1 -249.6 -296.0'
ARGEVT Carmack death world pos '183.4 -48.0 -412.0'
ARGLOG Joe Rogan t 145.4 pos '474.6 -305.2 -104.0' spd 340.7 yaw 137 mode 2 st 3 gl 6 hp 100 frg 9
ARGEVT Joe Rogan hazard
ARGLOG Joe Rogan t 145.9 pos '270.1 -236.8 -191.3' spd 359.0 yaw 272 mode 2 st 3 gl 6 hp 100 frg 9
ARGLOG Joe Rogan t 146.4 pos '275.5 -211.6 -296.0' spd 328.9 yaw 313.8 mode 2 st 3 gl 6 hp 100 frg 9
ARGEVT Joe Rogan jump
ARGEVT Romero respawn
ARGEVT Carmack respawn
ARGEVT Romero goal weapon_rocketlauncher
ARGLOG Romero t 146.7 pos '776.0 -808.0 -232.0' spd 0 yaw 109.5 mode 1 st 2 gl 7 hp 100 frg 1
ARGEVT Carmack goal weapon_rocketlauncher
ARGLOG Carmack t 146.7 pos '784.0 -176.0  24.0' spd 0 yaw 194 mode 0 st 2 gl 8 hp 100 frg 7
ARGEVT Carmack routefail
ARGEVT Romero hazard
ARGEVT Carmack plan powerup via weapon
ARGEVT Carmack goal weapon_grenadelauncher
ARGLOG Joe Rogan t 147.0 pos '370.4 -336.0 -283.2' spd 300.8 yaw 181.1 mode 2 st 3 gl 6 hp 100 frg 9
ARGEVT Carmack route 4 start '753.0 -151.0  24.0' goal '113.0 -407.0 -104.0'
ARGLOG Romero t 147.2 pos '720.0 -807.1 -225.3' spd 332.1 yaw 287.8 mode 1 st 2 gl 7 hp 100 frg 1
ARGLOG Carmack t 147.2 pos '617.8 -209.8  24.0' spd 324.9 yaw 196 mode 2 st 2 gl 8 hp 100 frg 7
ARGEVT Joe Rogan swim
ARGEVT Joe Rogan engage Carmack
ARGEVT Romero goal 
ARGEVT Carmack engage Joe Rogan
ARGEVT Romero route 3 start '721.0 -887.0 -232.0' goal '497.0 -247.0 -296.0'
ARGLOG Joe Rogan t 147.5 pos '282.4 -367.5 -384.5' spd 224.8 yaw 341.4 mode 2 st 3 gl 6 hp 60 frg 9
ARGEVT Romero route 2 start '337.0   9.0 -296.0' goal '497.0 -247.0 -296.0'
ARGEVT Romero engage Carmack
ARGLOG Romero t 147.8 pos '372.1   0.4 -279.7' spd 299.3 yaw 258.0 mode 2 st 2 gl 8 hp 100 frg 1
ARGLOG Carmack t 147.8 pos '434.7 -276.2 -63.3' spd 312.2 yaw 203.8 mode 0 st 2 gl 8 hp 100 frg 7
ARGEVT Joe Rogan retreat
ARGEVT Carmack route 2 start '433.0 -311.0 -104.0' goal '113.0 -407.0 -104.0'
ARGEVT Carmack grab 
ARGEVT Joe Rogan goal item_artifact_super_damage
ARGLOG Joe Rogan t 148.0 pos '151.0 -348.6 -384.5' spd 277.9 yaw  17.5 mode 0 st 3 gl 6 hp 20 frg 9
ARGEVT Joe Rogan death world pos '135.1 -341.7 -384.5'
ARGEVT Carmack engage Romero
ARGEVT Romero grab 
ARGEVT Romero hazard
ARGLOG Romero t 148.3 pos '396.5 -101.1 -296.0' spd 182.9 yaw 262.2 mode 1 st 2 gl 8 hp 92 frg 1
ARGLOG Carmack t 148.3 pos '385.6 -313.5 -398.4' spd  47.9 yaw  94.2 mode 2 st 2 gl 8 hp 100 frg 7
ARGEVT Carmack swim
ARGEVT Romero pursue
ARGEVT Carmack pursue
ARGLOG Romero t 148.9 pos '393.5 -220.0 -296.0' spd 321.8 yaw 263 mode 1 st 2 gl 8 hp 92 frg 1
ARGLOG Carmack t 148.9 pos '431.2 -304.0 -398.3' spd  12.5 yaw 102 mode 2 st 2 gl 8 hp 40 frg 7
ARGEVT Romero goal 
ARGEVT Romero weapon ng
ARGEVT Carmack retreat
ARGEVT Carmack death world pos '423.3 -304.0 -398.1'
ARGEVT Romero route 3 start '401.0 -279.0 -296.0' goal '273.0 -375.0 -296.0'
ARGEVT Romero weapon rl
ARGLOG Romero t 149.5 pos '430.6 -273.9 -272.1' spd  40.5 yaw 213 mode 2 st 2 gl 9 hp 88 frg 1
ARGEVT Joe Rogan respawn
ARGEVT Joe Rogan plan powerup via weapon
ARGEVT Joe Rogan goal weapon_rocketlauncher
ARGLOG Joe Rogan t 149.7 pos '-64.0 512.0 -296.0' spd 0 yaw 288 mode 0 st 3 gl 6 hp 100 frg 8
ARGEVT Joe Rogan route 4 start '-15.0 553.0 -296.0' goal ' 49.0 105.0 -296.0'
ARGEVT Romero hazard
ARGLOG Romero t 150.0 pos '330.2 -234.3 -296.0' spd 350.3 yaw 211.5 mode 2 st 2 gl 9 hp 88 frg 1
ARGLOG Joe Rogan t 150.3 pos '-84.3 342.0 -296.0' spd 322.3 yaw 257 mode 2 st 3 gl 6 hp 100 frg 8
ARGEVT Joe Rogan hazard
ARGLOG Romero t 150.6 pos '246.8 -277.4 -296.0' spd 296.0 yaw 352 mode 2 st 2 gl 9 hp 88 frg 1
ARGEVT Carmack respawn
ARGEVT Carmack plan powerup via weapon
ARGEVT Carmack goal weapon_supernailgun
ARGLOG Carmack t 150.8 pos '-64.0 -232.0 -72.0' spd 0 yaw 356 mode 0 st 2 gl 8 hp 100 frg 6
ARGLOG Joe Rogan t 150.8 pos '-64.9 161.4 -296.0' spd 366.8 yaw 274 mode 1 st 3 gl 6 hp 100 frg 8
ARGEVT Carmack routefail
ARGEVT Romero hazard
ARGEVT Carmack plan powerup via weapon
ARGEVT Carmack goal weapon_grenadelauncher
ARGEVT Carmack route 4 start ' 49.0 -247.0 -72.0' goal '113.0 -407.0 -104.0'
ARGLOG Romero t 151.1 pos '357.4 -238.1 -296.0' spd 402.5 yaw 132.2 mode 2 st 2 gl 9 hp 88 frg 1
ARGLOG Carmack t 151.3 pos '108.1 -241.0 -72.0' spd 320 yaw 356 mode 2 st 2 gl 8 hp 100 frg 6
ARGLOG Joe Rogan t 151.4 pos '-40.0 -17.0 -296.0' spd 320.2 yaw 271 mode 1 st 3 gl 6 hp 100 frg 8
ARGEVT Carmack hazard
ARGEVT Romero engage Carmack
ARGLOG Romero t 151.6 pos '172.5 -237.6 -296.0' spd 320.3 yaw 142.3 mode 2 st 2 gl 9 hp 88 frg 1
ARGEVT Carmack engage Romero
ARGLOG Carmack t 151.9 pos '249.5 -201.4 -90.6' spd 158.3 yaw 172.2 mode 2 st 2 gl 8 hp 100 frg 6
ARGEVT Joe Rogan engage Romero
ARGLOG Joe Rogan t 152.0 pos '-35.8 -196.5 -296.0' spd 320.1 yaw 313.5 mode 1 st 3 gl 6 hp 100 frg 8
ARGLOG Romero t 152.1 pos ' 20.1 -220.6 -296.0' spd 375.1 yaw 354.7 mode 2 st 2 gl 9 hp 85 frg 1
ARGEVT Joe Rogan hazard
ARGLOG Carmack t 152.4 pos '326.2 -224.6 -278.5' spd 160.9 yaw 188.9 mode 2 st 2 gl 8 hp 100 frg 6
ARGLOG Joe Rogan t 152.5 pos '-107.3 -245.7 -296.0' spd 228.9 yaw 347.9 mode 1 st 3 gl 6 hp 100 frg 8
ARGEVT Carmack retreat
ARGLOG Romero t 152.7 pos ' 42.4 -221.8 -296.0' spd 109.8 yaw  18.4 mode 2 st 2 gl 9 hp 81 frg 1
ARGEVT Carmack hazard
ARGEVT Romero hazard
ARGLOG Carmack t 153.0 pos '347.7 -186.6 -296.0' spd 320.3 yaw 184.2 mode 2 st 2 gl 8 hp 34 frg 6
ARGLOG Joe Rogan t 153.0 pos '-84.2 -219.8 -296.0' spd 320.0 yaw 352.0 mode 1 st 3 gl 6 hp 100 frg 8
ARGUS Romero shove
ARGLOG Romero t 153.3 pos ' 83.8 -236.6 -296.0' spd 447.0 yaw  29.8 mode 2 st 2 gl 9 hp 73 frg 1
ARGEVT Carmack death Romero pos '395.1 -71.4 -296.0'
ARGEVT Romero engage Joe Rogan
ARGEVT Romero weapon ng
ARGLOG Joe Rogan t 153.6 pos '-65.6 -138.6 -296.0' spd 321.1 yaw 308.4 mode 1 st 3 gl 6 hp 100 frg 8
ARGEVT Romero goal 
ARGEVT Romero route 2 start ' 17.0 -247.0 -296.0' goal '273.0 -375.0 -296.0'
ARGEVT Joe Rogan hazard
ARGLOG Romero t 153.8 pos ' 35.8 -212.1 -296.0' spd 320.0 yaw 101.4 mode 2 st 2 gl 9 hp 70 frg 2
ARGLOG Joe Rogan t 154.1 pos '-69.4 -91.5 -296.0' spd  70.9 yaw 276.7 mode 1 st 3 gl 6 hp 100 frg 8
ARGEVT Romero hazard
ARGLOG Romero t 154.4 pos '-106.2 -226.7 -296.0' spd 256.9 yaw 101.9 mode 0 st 2 gl 9 hp 66 frg 2
ARGEVT Romero route 3 start '-111.0 -247.0 -296.0' goal '273.0 -375.0 -296.0'
ARGUS routecache adopt
ARGEVT Romero route 2 start ' 17.0 -247.0 -296.0' goal '273.0 -375.0 -296.0'
ARGLOG Joe Rogan t 154.7 pos '-33.4 -100.6 -296.0' spd  85.0 yaw 274.9 mode 1 st 3 gl 6 hp 91 frg 8
ARGLOG Romero t 154.9 pos ' 62.2 -248.4 -296.0' spd 342.4 yaw 106.2 mode 2 st 2 gl 9 hp 66 frg 2
ARGEVT Carmack respawn
ARGEVT Carmack goal weapon_rocketlauncher
ARGLOG Carmack t 155.0 pos '272.0 -952.0  24.0' spd 0 yaw  19.8 mode 0 st 2 gl 8 hp 100 frg 6
ARGEVT Carmack route 10 start '305.0 -983.0  24.0' goal ' 49.0 105.0 -296.0'
ARGLOG Joe Rogan t 155.3 pos '-65.6 -135.4 -296.0' spd 278.8 yaw 313.3 mode 1 st 3 gl 6 hp 82 frg 8
ARGEVT Joe Rogan hazard
ARGLOG Romero t 155.5 pos ' 54.5 -233.6 -296.0' spd 339.3 yaw 204.8 mode 2 st 2 gl 9 hp 66 frg 2
ARGLOG Carmack t 155.6 pos '412.9 -843.2  24.0' spd 348.2 yaw 77 mode 2 st 2 gl 8 hp 100 frg 6
ARGEVT Carmack hazard
ARGLOG Joe Rogan t 155.8 pos '-79.5 -248.0 -296.0' spd 178.7 yaw   9.7 mode 1 st 3 gl 6 hp 55 frg 8
ARGLOG Romero t 156.1 pos ' 58.3 -250.7 -296.0' spd 176.2 yaw 112.3 mode 2 st 2 gl 9 hp 64 frg 2
ARGLOG Carmack t 156.1 pos '621.9 -18.1 -296.0' spd 332.0 yaw 242 mode 2 st 2 gl 8 hp 100 frg 6
ARGEVT Romero hazard
ARGLOG Joe Rogan t 156.3 pos '-27.1 -87.8 -296.0' spd  53.3 yaw 303.8 mode 1 st 3 gl 6 hp 37 frg 8
ARGEVT Joe Rogan retreat
ARGLOG Romero t 156.6 pos '-10.6 -254.2 -296.0' spd 320.3 yaw  98.3 mode 2 st 2 gl 9 hp 64 frg 2
ARGEVT Romero weapon rl
ARGLOG Carmack t 156.6 pos '601.2 -177.7 -296.0' spd 320.0 yaw 196 mode 2 st 2 gl 8 hp 100 frg 6
ARGEVT Carmack engage Romero
ARGLOG Joe Rogan t 156.9 pos '-40.6 -27.9 -296.0' spd 320.6 yaw 253.0 mode 1 st 3 gl 6 hp 28 frg 8
ARGEVT Romero route 3 start '-111.0 -247.0 -296.0' goal '273.0 -375.0 -296.0'
ARGEVT Joe Rogan death Romero pos '-24.6   8.8 -296.0'
ARGEVT Carmack route 4 start '497.0 -247.0 -296.0' goal ' 49.0 105.0 -296.0'
ARGEVT Romero engage Carmack
ARGEVT Romero goal 
ARGEVT Romero grab 
ARGLOG Romero t 157.1 pos '-21.7 -213.7 -296.0' spd 356.3 yaw 345.0 mode 0 st 2 gl 9 hp 60 frg 3
ARGEVT Carmack hazard
ARGEVT Romero route 2 start ' 17.0 -247.0 -296.0' goal '273.0 -375.0 -296.0'
ARGLOG Carmack t 157.2 pos '477.9 -232.6 -296.0' spd 239.9 yaw 170.7 mode 2 st 2 gl 8 hp 100 frg 6
ARGEVT Romero route 3 start '-79.0 -151.0 -296.0' goal '273.0 -375.0 -296.0'
ARGUS Romero shove
ARGEVT Carmack pursue
ARGEVT Romero pursue
ARGLOG Romero t 157.7 pos '-63.2 -49.5 -296.0' spd 396.9 yaw 342 mode 2 st 2 gl 9 hp 32 frg 3
ARGLOG Carmack t 157.8 pos '395.4 -258.4 -296.0' spd 320.3 yaw 172 mode 2 st 2 gl 8 hp 100 frg 6
ARGEVT Romero hazard
ARGLOG Romero t 158.2 pos '-16.0 -168.9 -296.0' spd 328.8 yaw 293 mode 2 st 2 gl 9 hp 32 frg 3
ARGEVT Romero weapon ng
ARGEVT Romero retreat
ARGEVT Carmack grab 
ARGLOG Carmack t 158.3 pos '227.8 -239.2 -296.0' spd 329.3 yaw 169.4 mode 2 st 2 gl 8 hp 100 frg 6
ARGEVT Carmack hazard
ARGEVT Joe Rogan respawn
ARGEVT Joe Rogan plan powerup via weapon
ARGEVT Joe Rogan goal weapon_rocketlauncher
ARGLOG Joe Rogan t 158.6 pos '112.0 -1136.0 -104.0' spd 0 yaw  64.8 mode 0 st 3 gl 6 hp 100 frg 8
ARGEVT Joe Rogan route 11 start '145.0 -1143.0 -88.0' goal ' 49.0 105.0 -296.0'
ARGEVT Romero pursue
ARGLOG Romero t 158.8 pos '-70.1 -73.3 -296.0' spd 341.3 yaw 330 mode 2 st 2 gl 9 hp 12 frg 3
ARGEVT Carmack pursue
ARGLOG Carmack t 158.9 pos '217.4 -245.3 -296.0' spd 320.1 yaw 166 mode 2 st 2 gl 8 hp 100 frg 6
ARGEVT Romero hazard
ARGLOG Joe Rogan t 159.1 pos '160.1 -967.3 -104.0' spd 332.8 yaw 107 mode 2 st 3 gl 6 hp 100 frg 8
ARGLOG Romero t 159.4 pos '-16.0 -107.6 -296.0' spd 323.4 yaw 284 mode 2 st 2 gl 9 hp 12 frg 3
ARGLOG Carmack t 159.4 pos ' 42.2 -208.0 -296.0' spd 324.1 yaw 162 mode 2 st 2 gl 8 hp 100 frg 6
ARGEVT Romero weapon sg
ARGEVT Romero death Carmack pos '-28.3 -164.4 -296.0'
ARGLOG Joe Rogan t 159.7 pos '123.2 -791.5 -104.0' spd 320.6 yaw 102 mode 2 st 3 gl 6 hp 100 frg 8
ARGEVT Joe Rogan hazard
ARGEVT Carmack goal weapon_rocketlauncher
ARGUS routecache adopt
ARGEVT Carmack route 2 start ' 17.0 -247.0 -296.0' goal ' 49.0 105.0 -296.0'
ARGEVT Carmack hazard
ARGLOG Carmack t 160.0 pos ' 57.2 -208.0 -296.0' spd 171.6 yaw 91 mode 2 st 2 gl 8 hp 76 frg 7
ARGLOG Joe Rogan t 160.2 pos '176.2 -766.8 -104.0' spd 381.3 yaw 350 mode 2 st 3 gl 6 hp 100 frg 8
ARGLOG Carmack t 160.5 pos '-80.0 -107.2 -296.0' spd 314.2 yaw  73.2 mode 2 st 2 gl 8 hp 76 frg 7
ARGLOG Joe Rogan t 160.8 pos '230.0 -946.6 -104.0' spd 353.6 yaw 75 mode 2 st 3 gl 6 hp 100 frg 8
ARGEVT Carmack hazard
ARGLOG Carmack t 161.1 pos '-17.7  -8.1 -296.0' spd 276.7 yaw 271 mode 2 st 2 gl 8 hp 76 frg 7
ARGEVT Romero respawn
ARGEVT Romero goal item_armorInv
ARGLOG Romero t 161.2 pos '776.0 -808.0 -232.0' spd 0 yaw  70.2 mode 1 st 2 gl 9 hp 100 frg 3
ARGLOG Joe Rogan t 161.4 pos '384.9 -915.7 -104.0' spd 398.1 yaw 107 mode 2 st 3 gl 6 hp 100 frg 8
ARGEVT Romero hazard
ARGLOG Carmack t 161.7 pos '-16.0 -190.1 -296.0' spd 305.6 yaw   9.2 mode 2 st 2 gl 8 hp 76 frg 7
ARGLOG Romero t 161.8 pos '803.5 -661.7 -184.0' spd 350.4 yaw  53.7 mode 1 st 2 gl 9 hp 100 frg 3
ARGLOG Joe Rogan t 161.9 pos '339.3 -735.5 -104.0' spd 323.8 yaw 126 mode 2 st 3 gl 6 hp 100 frg 8
ARGLOG Carmack t 162.2 pos '-16.0 -93.0 -296.0' spd 326.9 yaw 71 mode 2 st 2 gl 8 hp 76 frg 7
ARGLOG Romero t 162.3 pos '816.0 -639.7 -152.0' spd 320.2 yaw 273 mode 1 st 2 gl 9 hp 100 frg 3
ARGEVT Carmack hazard
ARGLOG Joe Rogan t 162.4 pos '320.1 -584.1 -104.0' spd 331.2 yaw 67 mode 2 st 3 gl 6 hp 100 frg 8
ARGLOG Carmack t 162.7 pos '-16.0  36.8 -296.0' spd  51.2 yaw  11.5 mode 1 st 2 gl 8 hp 76 frg 7
ARGLOG Romero t 162.9 pos '782.3 -805.6 -232.0' spd 379.9 yaw 188 mode 1 st 2 gl 9 hp 100 frg 3
ARGLOG Joe Rogan t 163.0 pos '290.7 -410.3 -104.0' spd 332.7 yaw 149 mode 2 st 3 gl 6 hp 100 frg 8
ARGEVT Joe Rogan hazard
ARGEVT Joe Rogan goal item_artifact_super_damage
ARGEVT Romero hazard
ARGEVT Carmack goal 
ARGEVT Joe Rogan routefail
ARGEVT Joe Rogan goal weapon_lightning
ARGLOG Carmack t 163.3 pos ' 57.0  91.0 -296.0' spd 321.4 yaw 134.8 mode 0 st 2 gl 9 hp 76 frg 7
ARGEVT Joe Rogan route 3 start '209.0 -375.0 -104.0' goal '529.0 -311.0 -104.0'
ARGEVT Joe Rogan engage Romero
ARGEVT Romero engage Joe Rogan
ARGEVT Romero grab 
ARGLOG Romero t 163.4 pos '368.0  37.4 -264.1' spd 300 yaw 239.2 mode 1 st 2 gl 9 hp 100 frg 3
ARGEVT Carmack route 5 start ' 49.0 105.0 -296.0' goal '273.0 -375.0 -296.0'
ARGLOG Joe Rogan t 163.5 pos '124.6 -405.9 -104.0' spd  58.6 yaw  24.2 mode 2 st 3 gl 6 hp 100 frg 8
ARGEVT Carmack hazard
ARGLOG Carmack t 163.9 pos '-123.2  66.1 -296.0' spd 405.7 yaw 295 mode 2 st 2 gl 9 hp 76 frg 7
ARGLOG Romero t 164.0 pos '365.8 -100.8 -296.0' spd 274.7 yaw 254.3 mode 1 st 2 gl 9 hp 100 frg 3
ARGLOG Joe Rogan t 164.0 pos '269.3 -436.9 -104.0' spd 320.2 yaw  44.8 mode 2 st 3 gl 6 hp 92 frg 8
ARGEVT Romero hazard
ARGLOG Carmack t 164.4 pos '-47.5  41.4 -296.0' spd 345.4 yaw 311 mode 2 st 2 gl 9 hp 76 frg 7
ARGLOG Romero t 164.5 pos '366.8 -184.5 -296.0' spd 267.8 yaw 285.3 mode 1 st 2 gl 9 hp 100 frg 3
ARGLOG Joe Rogan t 164.6 pos '432.0 -441.8 -104.0' spd  62.1 yaw 160.4 mode 1 st 3 gl 6 hp 92 frg 8
ARGEVT Romero pursue
ARGEVT Joe Rogan pursue
ARGLOG Carmack t 165.0 pos '-46.1 -85.3 -296.0' spd 326.9 yaw 287.7 mode 2 st 2 gl 9 hp 76 frg 7
ARGEVT Joe Rogan grab item_health
ARGEVT Romero grab 
ARGLOG Romero t 165.1 pos '259.0 -250.1 -296.0' spd 368.5 yaw 344.9 mode 1 st 2 gl 9 hp 100 frg 3
ARGLOG Joe Rogan t 165.2 pos '479.9 -309.6 -104.0' spd 161.5 yaw 156.8 mode 1 st 3 gl 6 hp 68 frg 8
ARGEVT Carmack engage Romero
ARGLOG Carmack t 165.5 pos ' -5.0 -250.0 -296.0' spd 100.0 yaw 358.4 mode 2 st 2 gl 9 hp 76 frg 7
ARGLOG Romero t 165.7 pos '232.1 -251.6 -296.0' spd 248.2 yaw 335.3 mode 1 st 2 gl 9 hp 100 frg 3
ARGEVT Romero hazard
ARGLOG Joe Rogan t 165.7 pos '559.9 -424.4 -104.0' spd 272.3 yaw 150.2 mode 1 st 3 gl 6 hp 68 frg 8
ARGEVT Romero pursue
ARGEVT Joe Rogan pursue
ARGEVT Romero death Joe Rogan pos '338.6 -266.3 -296.0'
ARGEVT Joe Rogan engage Carmack
ARGEVT Carmack engage Joe Rogan
ARGLOG Carmack t 166.1 pos ' -8.5 -214.7 -296.0' spd 321.2 yaw 311.2 mode 2 st 2 gl 9 hp 76 frg 7
ARGUS Carmack shove
ARGEVT Joe Rogan goal item_health
ARGEVT Joe Rogan retreat
ARGLOG Joe Rogan t 166.3 pos '493.8 -418.1 -104.0' spd 192.5 yaw 175.0 mode 0 st 3 gl 6 hp 18 frg 9
ARGEVT Joe Rogan weapon ssg
ARGEVT Joe Rogan route 10 start '497.0 -407.0 -104.0' goal '497.0 -471.0  24.0'
ARGEVT Carmack route 3 start '-111.0 -247.0 -296.0' goal '273.0 -375.0 -296.0'
ARGEVT Carmack hazard
ARGLOG Carmack t 166.7 pos '-76.8 -252.0 -296.0' spd 387.6 yaw 343.7 mode 2 st 2 gl 9 hp 76 frg 7
ARGEVT Joe Rogan weapon gl
ARGLOG Joe Rogan t 166.8 pos '568.1 -432.0 -94.8' spd 113.0 yaw 147.0 mode 2 st 3 gl 6 hp 18 frg 9
ARGEVT Joe Rogan pursue
ARGEVT Carmack pursue
ARGLOG Carmack t 167.2 pos ' 87.0 -271.9 -296.0' spd  84.0 yaw 338.8 mode 2 st 2 gl 9 hp 76 frg 7
ARGLOG Joe Rogan t 167.4 pos '521.4 -412.8 -104.0' spd 320.0 yaw 138.5 mode 2 st 3 gl 6 hp 18 frg 9
ARGEVT Romero respawn
ARGEVT Romero goal weapon_lightning
ARGLOG Romero t 167.6 pos '784.0 -176.0  24.0' spd 0 yaw 184 mode 0 st 2 gl 9 hp 100 frg 3
ARGEVT Romero route 2 start '753.0 -151.0  24.0' goal '529.0 -311.0 -104.0'
ARGEVT Joe Rogan pursue
ARGEVT Carmack pursue
ARGLOG Carmack t 167.8 pos ' 50.8 -233.5 -296.0' spd 326.5 yaw 100.2 mode 2 st 2 gl 9 hp 76 frg 7
ARGEVT Carmack hazard
ARGEVT Carmack death Joe Rogan pos ' 84.3 -208.0 -296.0'
ARGLOG Joe Rogan t 168.0 pos '572.8 -417.5 -104.0' spd 320.4 yaw 96 mode 2 st 3 gl 6 hp 18 frg 10
ARGEVT Joe Rogan goal item_health
ARGEVT Joe Rogan jump
ARGLOG Romero t 168.1 pos '613.4 -187.9  24.0' spd 320 yaw 184 mode 2 st 2 gl 9 hp 100 frg 3
ARGEVT Joe Rogan route 10 start '497.0 -407.0 -104.0' goal '497.0 -471.0  24.0'
ARGEVT Joe Rogan engage Romero
ARGEVT Romero engage Joe Rogan
ARGEVT Romero grab weapon_lightning
ARGEVT Joe Rogan weapon ssg
ARGLOG Joe Rogan t 168.5 pos '501.2 -376.6 -80.2' spd  38.8 yaw  97.1 mode 2 st 3 gl 6 hp 18 frg 10
ARGLOG Romero t 168.7 pos '471.5 -278.9 -15.3' spd  85.7 yaw 304.7 mode 1 st 2 gl 9 hp 44 frg 3
ARGEVT Joe Rogan death Romero pos '572.1 -408.6 -104.0'
ARGEVT Romero goal weapon_lightning
ARGLOG Romero t 169.2 pos '504.3 -358.5 -104.0' spd 324.7 yaw 289 mode 1 st 2 gl 9 hp 44 frg 4
ARGEVT Romero goal item_armorInv
ARGEVT Carmack respawn
ARGEVT Romero route 18 start '497.0 -407.0 -104.0' goal '817.0 -855.0 -232.0'
ARGEVT Carmack goal item_health
ARGLOG Carmack t 169.5 pos '-64.0 512.0 -296.0' spd 0 yaw 290.2 mode 1 st 2 gl 9 hp 100 frg 7
ARGLOG Romero t 169.8 pos '642.4 -409.4 -120.0' spd 369.9 yaw  83.5 mode 2 st 2 gl 9 hp 44 frg 4
ARGEVT Carmack hazard
ARGLOG Carmack t 170.1 pos ' 10.1 493.4 -296.0' spd 323.0 yaw 107 mode 1 st 2 gl 9 hp 100 frg 7
ARGEVT Joe Rogan respawn
ARGEVT Romero engage Joe Rogan
ARGEVT Romero weapon ssg
ARGEVT Romero grab item_health
ARGLOG Romero t 170.4 pos '553.9 -281.8 -104.0' spd 402.1 yaw 189.1 mode 2 st 2 gl 9 hp 44 frg 4
ARGEVT Joe Rogan goal 
ARGEVT Joe Rogan engage Romero
ARGLOG Joe Rogan t 170.4 pos '-64.0 -232.0 -72.0' spd 0 yaw 342.7 mode 0 st 3 gl 6 hp 100 frg 10
ARGEVT Carmack goal weapon_rocketlauncher
ARGEVT Joe Rogan route 6 start '-47.0 -215.0 -72.0' goal '145.0 -183.0 -296.0'
ARGLOG Carmack t 170.6 pos '-89.3 610.7 -296.0' spd 320.9 yaw 210.3 mode 0 st 2 gl 10 hp 200 frg 7
ARGEVT Romero retreat
ARGLOG Joe Rogan t 170.9 pos ' 44.7 -235.8 -72.0' spd 217.6 yaw 340.2 mode 2 st 3 gl 6 hp 100 frg 10
ARGLOG Romero t 170.9 pos '519.2 -426.3 -104.0' spd 294.4 yaw 162.6 mode 0 st 2 gl 9 hp 20 frg 4
ARGEVT Carmack routefail
ARGEVT Carmack goal 
ARGEVT Carmack route 7 start '-111.0 457.0 -296.0' goal '273.0 -375.0 -296.0'
ARGLOG Carmack t 171.1 pos '-110.1 460.3 -296.0' spd 324.6 yaw 280 mode 2 st 2 gl 10 hp 200 frg 7
ARGEVT Romero route 17 start '593.0 -439.0 -120.0' goal '817.0 -855.0 -232.0'
ARGEVT Romero weapon lg
ARGLOG Joe Rogan t 171.5 pos '166.6 -222.1 -72.0' spd 341.6 yaw   2.4 mode 0 st 3 gl 6 hp 96 frg 10
ARGLOG Romero t 171.5 pos '413.5 -240.0 -278.4' spd 300 yaw  90.5 mode 2 st 2 gl 9 hp 20 frg 4
ARGEVT Joe Rogan grab 
ARGLOG Carmack t 171.7 pos '-64.8 285.8 -296.0' spd 320.1 yaw 289 mode 2 st 2 gl 10 hp 200 frg 7
ARGEVT Joe Rogan route 7 start '177.0 -215.0 -72.0' goal '145.0 -183.0 -296.0'
ARGEVT Romero jump
ARGLOG Joe Rogan t 172.0 pos ' 98.9 -223.9 -72.0' spd  86.1 yaw 346.4 mode 2 st 3 gl 6 hp 66 frg 10
ARGLOG Romero t 172.0 pos '542.9 -239.1 -264.1' spd 237.5 yaw 175.9 mode 2 st 2 gl 9 hp 20 frg 4
ARGEVT Carmack hazard
ARGEVT Romero weapon ssg
ARGLOG Carmack t 172.2 pos '-35.1 105.9 -296.0' spd 335.9 yaw 298 mode 2 st 2 gl 10 hp 200 frg 7
ARGEVT Romero pursue
ARGEVT Joe Rogan pursue
ARGLOG Joe Rogan t 172.6 pos '151.7 -226.8 -68.1' spd 102.2 yaw 360 mode 2 st 3 gl 6 hp 36 frg 10
ARGLOG Romero t 172.6 pos '627.8 -194.4 -296.0' spd 203.6 yaw 183 mode 2 st 2 gl 9 hp 16 frg 4
ARGEVT Romero jump
ARGLOG Carmack t 172.8 pos '-39.7 -74.6 -296.0' spd 323.4 yaw 341 mode 2 st 2 gl 10 hp 200 frg 7
ARGEVT Joe Rogan hazard
ARGEVT Joe Rogan pursue
ARGEVT Romero pursue
ARGLOG Joe Rogan t 173.1 pos '140.8 -211.2 -72.0' spd 255.9 yaw 2 mode 2 st 3 gl 6 hp 36 frg 10
ARGLOG Romero t 173.1 pos '608.7 -189.4 -277.2' spd  30.0 yaw 188 mode 2 st 2 gl 9 hp 8 frg 4
ARGEVT Carmack engage Romero
ARGEVT Carmack grab 
ARGLOG Carmack t 173.4 pos ' 28.6 -236.4 -296.0' spd 374.7 yaw   8.7 mode 2 st 2 gl 10 hp 200 frg 7
ARGEVT Romero jump
ARGEVT Joe Rogan goal weapon_supernailgun
ARGLOG Joe Rogan t 173.7 pos '255.7 -337.5 -118.7' spd 365.7 yaw 214.7 mode 0 st 3 gl 6 hp 36 frg 10
ARGLOG Romero t 173.7 pos '592.0 -210.6 -259.7' spd  55.8 yaw 186 mode 2 st 2 gl 9 hp 8 frg 4
ARGEVT Romero weapon lg
ARGEVT Joe Rogan routefail
ARGEVT Joe Rogan goal item_health
ARGLOG Carmack t 173.9 pos '176.7 -230.4 -296.0' spd 169.9 yaw 358.4 mode 2 st 2 gl 10 hp 200 frg 7
ARGEVT Romero death Carmack pos '590.4 -214.4 -273.5'
ARGEVT Joe Rogan route 5 start '273.0 -375.0 -296.0' goal '529.0  73.0 -296.0'
ARGEVT Joe Rogan engage Carmack
ARGEVT Joe Rogan retreat
ARGEVT Carmack engage Joe Rogan
ARGEVT Carmack weapon sg
ARGLOG Joe Rogan t 174.2 pos '192.7 -368.0 -378.8' spd 128.1 yaw  97.8 mode 2 st 3 gl 6 hp 6 frg 10
ARGEVT Joe Rogan death world pos '192.7 -368.0 -378.8'
ARGEVT Carmack goal 
ARGEVT Carmack route 2 start '145.0 -183.0 -296.0' goal '273.0 -375.0 -296.0'
ARGEVT Carmack hazard
ARGEVT Carmack weapon rl
ARGLOG Carmack t 174.5 pos '231.0 -246.2 -296.0' spd 386.6 yaw 4 mode 2 st 2 gl 10 hp 200 frg 8
ARGEVT Carmack jump
ARGLOG Carmack t 175.0 pos '314.8 -214.9 -271.7' spd 324.7 yaw 360 mode 2 st 2 gl 10 hp 200 frg 8
ARGEVT Romero respawn
ARGEVT Romero goal item_armorInv
ARGLOG Romero t 175.5 pos '272.0 -952.0  24.0' spd 0 yaw  19.8 mode 0 st 2 gl 9 hp 100 frg 4
ARGEVT Carmack hazard
ARGLOG Carmack t 175.6 pos '432.0 -198.3 -296.0' spd 158.6 yaw 353 mode 2 st 2 gl 10 hp 199 frg 8
ARGEVT Romero route 13 start '305.0 -983.0  24.0' goal '817.0 -855.0 -232.0'
ARGEVT Joe Rogan respawn
ARGEVT Joe Rogan goal 
ARGLOG Joe Rogan t 175.9 pos '112.0 -1136.0 -104.0' spd 0 yaw 59 mode 0 st 3 gl 6 hp 100 frg 9
ARGEVT Joe Rogan route 8 start '145.0 -1143.0 -88.0' goal '593.0 -215.0 -296.0'
ARGLOG Romero t 176.1 pos '344.7 -798.0  24.0' spd 330.5 yaw 112 mode 2 st 2 gl 9 hp 100 frg 4
ARGLOG Carmack t 176.1 pos '566.7 -236.0 -296.0' spd 338.8 yaw 305.2 mode 2 st 2 gl 10 hp 199 frg 8
ARGEVT Joe Rogan goal item_armorInv
ARGLOG Joe Rogan t 176.4 pos '212.2 -1015.0 -104.0' spd 331.0 yaw  51.5 mode 0 st 3 gl 6 hp 100 frg 9
ARGEVT Joe Rogan route 18 start '177.0 -983.0 -104.0' goal '817.0 -855.0 -232.0'
ARGLOG Romero t 176.6 pos '357.1 -636.3  24.0' spd 326.9 yaw 49 mode 2 st 2 gl 9 hp 100 frg 4
ARGLOG Carmack t 176.6 pos '610.7 -262.0 -296.0' spd 320.1 yaw 187 mode 0 st 2 gl 10 hp 198 frg 8
ARGEVT Carmack route 3 start '593.0 -215.0 -296.0' goal '273.0 -375.0 -296.0'
ARGLOG Joe Rogan t 176.9 pos '312.4 -865.0 -104.0' spd 334.5 yaw 249 mode 2 st 3 gl 6 hp 100 frg 9
ARGEVT Romero engage Carmack
ARGLOG Romero t 177.2 pos '395.2 -458.1  24.0' spd 333.1 yaw  87.3 mode 2 st 2 gl 9 hp 100 frg 4
ARGEVT Carmack engage Romero
ARGLOG Carmack t 177.2 pos '432.7 -250.0 -296.0' spd 322.3 yaw 258.7 mode 2 st 2 gl 10 hp 198 frg 8
ARGEVT Joe Rogan route 20 start '305.0 -791.0 -104.0' goal '817.0 -855.0 -232.0'
ARGEVT Joe Rogan hazard
ARGEVT Carmack hazard
ARGLOG Joe Rogan t 177.5 pos '368.0 -689.6 -104.0' spd 335.0 yaw 237 mode 2 st 3 gl 6 hp 100 frg 9
ARGEVT Romero pursue
ARGLOG Romero t 177.7 pos '513.9 -332.0 -62.5' spd 257.3 yaw 109.9 mode 2 st 2 gl 9 hp 100 frg 4
ARGEVT Carmack pursue
ARGLOG Carmack t 177.7 pos '470.6 -218.3 -296.0' spd 237.5 yaw 268.9 mode 2 st 2 gl 10 hp 197 frg 8
ARGEVT Joe Rogan engage Romero
ARGLOG Joe Rogan t 178.0 pos '316.1 -515.4 -104.0' spd 324.9 yaw  58.9 mode 2 st 3 gl 6 hp 100 frg 9
ARGLOG Romero t 178.3 pos '471.4 -171.3 -104.0' spd 358.3 yaw  50.5 mode 2 st 2 gl 9 hp 76 frg 4
ARGLOG Carmack t 178.3 pos '460.4 -262.0 -296.0' spd 323.0 yaw 157 mode 2 st 2 gl 10 hp 196 frg 8
ARGEVT Joe Rogan hazard
ARGLOG Joe Rogan t 178.6 pos '231.7 -409.9 -104.0' spd 148.5 yaw  39.2 mode 0 st 3 gl 6 hp 100 frg 9
ARGEVT Joe Rogan route 19 start '209.0 -375.0 -104.0' goal '817.0 -855.0 -232.0'
ARGEVT Romero jump
ARGLOG Romero t 178.8 pos '624.0 -146.1 -90.3' spd 285.7 yaw 233.2 mode 2 st 2 gl 9 hp 74 frg 4
ARGLOG Carmack t 178.8 pos '280.1 -226.5 -296.0' spd 353.5 yaw 220.0 mode 2 st 2 gl 10 hp 196 frg 8
ARGEVT Carmack jump
ARGLOG Joe Rogan t 179.1 pos '377.3 -511.4 -104.0' spd 320.2 yaw  48.3 mode 2 st 3 gl 6 hp 100 frg 9
ARGEVT Carmack weapon rl
ARGLOG Romero t 179.4 pos '622.1 -305.7 -104.0' spd 286.2 yaw 169.8 mode 2 st 2 gl 9 hp 74 frg 4
ARGLOG Carmack t 179.4 pos ' 92.3 -237.0 -283.7' spd 287.4 yaw 335.2 mode 2 st 2 gl 10 hp 195 frg 8
ARGLOG Joe Rogan t 179.7 pos '349.9 -418.9 -104.0' spd  44.3 yaw  10.6 mode 2 st 3 gl 6 hp 100 frg 9
ARGLOG Romero t 180.0 pos '505.2 -414.7 -104.0' spd  56.2 yaw 160.2 mode 2 st 2 gl 9 hp 58 frg 4
ARGLOG Carmack t 180.0 pos ' 70.8 -260.8 -296.0' spd  89.3 yaw   4.0 mode 2 st 2 gl 10 hp 191 frg 8
ARGEVT Joe Rogan hazard
ARGEVT Carmack hazard
ARGLOG Joe Rogan t 180.3 pos '426.0 -491.6 -104.0' spd 248.4 yaw  57.2 mode 2 st 3 gl 6 hp 100 frg 9
ARGLOG Romero t 180.5 pos '534.0 -240.7 -104.0' spd 369.0 yaw 180.7 mode 2 st 2 gl 9 hp 42 frg 4
ARGLOG Carmack t 180.5 pos ' 94.0 -224.9 -296.0' spd 101.0 yaw  19.4 mode 2 st 2 gl 10 hp 186 frg 8
ARGLOG Joe Rogan t 180.8 pos '423.3 -430.0 -104.0' spd 320.9 yaw  71.3 mode 2 st 3 gl 6 hp 100 frg 9
ARGLOG Romero t 181.1 pos '515.4 -56.0 -104.0' spd 372.1 yaw 209.2 mode 2 st 2 gl 9 hp 26 frg 4
ARGLOG Carmack t 181.1 pos '121.2 -262.9 -296.0' spd  69.5 yaw  49.1 mode 2 st 2 gl 10 hp 186 frg 8
ARGUS Carmack shove
ARGLOG Joe Rogan t 181.4 pos '432.0 -441.1 -104.0' spd  17.0 yaw  69.9 mode 2 st 3 gl 6 hp 100 frg 9
ARGLOG Romero t 181.6 pos '535.6 -89.2 -104.0' spd 253.1 yaw 210.2 mode 2 st 2 gl 9 hp 26 frg 4
ARGLOG Carmack t 181.6 pos ' 98.8 -244.9 -296.0' spd 343.3 yaw  54.9 mode 2 st 2 gl 10 hp 165 frg 8
ARGEVT Joe Rogan hazard
ARGEVT Carmack hazard
ARGEVT Carmack weapon lg
ARGLOG Joe Rogan t 181.9 pos '430.6 -410.5 -104.0' spd 320.7 yaw  82.6 mode 2 st 3 gl 6 hp 100 frg 9
ARGEVT Romero retreat
ARGLOG Romero t 182.2 pos '540.8 -94.4 -104.0' spd 334.4 yaw 206.4 mode 2 st 2 gl 9 hp 12 frg 4
ARGEVT Carmack weapon rl
ARGLOG Carmack t 182.2 pos '116.9 -266.9 -296.0' spd 293.5 yaw   9.0 mode 2 st 2 gl 10 hp 141 frg 8
ARGEVT Romero hazard
ARGLOG Joe Rogan t 182.5 pos '591.5 -411.9 -104.0' spd 320.1 yaw  90.0 mode 2 st 3 gl 6 hp 100 frg 9
ARGEVT Carmack pursue
ARGEVT Romero death Joe Rogan pos '584.7 -59.3 -104.0'
ARGEVT Carmack weapon lg
ARGLOG Carmack t 182.8 pos '149.6 -238.1 -296.0' spd 321.5 yaw 342 mode 2 st 2 gl 10 hp 140 frg 8
ARGEVT Joe Rogan goal item_armorInv
ARGEVT Carmack hazard
ARGEVT Joe Rogan route 17 start '625.0 -343.0 -104.0' goal '817.0 -855.0 -232.0'
ARGLOG Joe Rogan t 183.0 pos '569.8 -367.0 -104.0' spd 320.2 yaw 161 mode 2 st 3 gl 6 hp 100 frg 10
ARGEVT Carmack engage Joe Rogan
ARGEVT Joe Rogan engage Carmack
ARGLOG Carmack t 183.3 pos '230.3 -244.0 -296.0' spd 324.5 yaw 344.7 mode 2 st 2 gl 10 hp 139 frg 8
ARGLOG Joe Rogan t 183.6 pos '473.5 -262.9 -104.0' spd 341.7 yaw 184.4 mode 2 st 3 gl 6 hp 70 frg 10
ARGEVT Joe Rogan grab 
ARGLOG Carmack t 183.9 pos '207.8 -264.0 -296.0' spd  50.3 yaw  23.1 mode 2 st 2 gl 10 hp 139 frg 8
ARGEVT Joe Rogan retreat
ARGEVT Carmack hazard
ARGEVT Carmack weapon rl
ARGLOG Joe Rogan t 184.1 pos '588.9 -41.9 -48.0' spd 204.5 yaw 199.7 mode 2 st 3 gl 6 hp 10 frg 10
ARGEVT Romero respawn
ARGEVT Romero goal weapon_supernailgun
ARGLOG Romero t 184.3 pos '776.0 -808.0 -232.0' spd 0 yaw 107 mode 0 st 2 gl 9 hp 100 frg 4
ARGEVT Carmack grab 
ARGEVT Romero routefail
ARGLOG Carmack t 184.4 pos '176.4 -258.0 -296.0' spd 219.8 yaw  20.9 mode 2 st 2 gl 10 hp 138 frg 8
ARGEVT Romero goal 
ARGEVT Romero routefail
ARGEVT Romero hazard
ARGUS Carmack shove
ARGLOG Joe Rogan t 184.7 pos '615.8 -95.6 -104.0' spd 349.5 yaw 207.7 mode 2 st 3 gl 6 hp 10 frg 10
ARGEVT Joe Rogan pursue
ARGEVT Romero goal item_spikes
ARGEVT Carmack pursue
ARGEVT Romero route 5 start '753.0 -727.0 -216.0' goal '945.0 -567.0 -104.0'
ARGLOG Romero t 184.8 pos '745.2 -720.0 -216.0' spd  19.4 yaw 100.7 mode 2 st 2 gl 9 hp 100 frg 4
ARGEVT Romero jump
ARGLOG Carmack t 185.0 pos '256.8 -227.5 -296.0' spd 337.0 yaw 26 mode 2 st 2 gl 10 hp 138 frg 8
ARGEVT Carmack hazard
ARGEVT Carmack weapon lg
ARGLOG Joe Rogan t 185.3 pos '488.6 -207.0 -104.0' spd 323.1 yaw 201.0 mode 2 st 3 gl 6 hp 10 frg 10
ARGLOG Romero t 185.4 pos '744.2 -720.0 -203.7' spd  11.5 yaw 86 mode 2 st 2 gl 9 hp 100 frg 4
ARGEVT Joe Rogan death Carmack pos '456.8 -286.1 -104.0'
ARGLOG Carmack t 185.6 pos '250.1 -213.2 -296.0' spd 311.3 yaw 180.8 mode 2 st 2 gl 10 hp 133 frg 9
ARGEVT Carmack goal 
ARGEVT Carmack route 3 start '209.0 -183.0 -296.0' goal '273.0 -375.0 -296.0'
ARGLOG Romero t 185.9 pos '749.6 -720.0 -216.0' spd   6.9 yaw 88 mode 2 st 2 gl 9 hp 100 frg 4
ARGLOG Carmack t 186.1 pos '153.3 -281.4 -296.0' spd 323.2 yaw   0.0 mode 1 st 2 gl 10 hp 133 frg 9
ARGEVT Carmack hazard
ARGLOG Romero t 186.5 pos '752.4 -687.6 -184.0' spd 320 yaw 89 mode 2 st 2 gl 9 hp 100 frg 4
ARGLOG Carmack t 186.6 pos '281.6 -224.1 -296.0' spd 339.0 yaw  16.6 mode 1 st 2 gl 10 hp 132 frg 9
ARGEVT Romero jump
ARGEVT Joe Rogan respawn
ARGEVT Joe Rogan goal weapon_rocketlauncher
ARGLOG Joe Rogan t 187.1 pos '784.0 -176.0  24.0' spd 0 yaw 191 mode 0 st 3 gl 6 hp 100 frg 10
ARGLOG Romero t 187.1 pos '755.0 -616.7 -131.9' spd  30.3 yaw 14 mode 2 st 2 gl 9 hp 100 frg 4
ARGLOG Carmack t 187.2 pos '464.9 -223.9 -296.0' spd 344.9 yaw 310.5 mode 1 st 2 gl 10 hp 132 frg 9
ARGEVT Joe Rogan route 6 start '753.0 -151.0  24.0' goal ' 49.0 105.0 -296.0'
ARGEVT Carmack hazard
ARGLOG Joe Rogan t 187.6 pos '615.2 -208.8  24.0' spd 320.0 yaw 190 mode 2 st 3 gl 6 hp 100 frg 10
ARGLOG Romero t 187.6 pos '792.4 -500.2 -104.0' spd 382.2 yaw  30.8 mode 2 st 2 gl 9 hp 100 frg 4
ARGLOG Carmack t 187.7 pos '520.9 -266.2 -296.0' spd 336.0 yaw 170.6 mode 1 st 2 gl 10 hp 131 frg 9
ARGEVT Carmack jump
ARGEVT Romero hazard
ARGEVT Joe Rogan engage Carmack
ARGEVT Carmack engage Joe Rogan
ARGEVT Carmack grab 
ARGEVT Joe Rogan grab 
ARGLOG Joe Rogan t 188.2 pos '424.1 -254.6 -62.1' spd 314.9 yaw 196.0 mode 2 st 3 gl 6 hp 100 frg 10
ARGLOG Romero t 188.2 pos '771.6 -412.4 -104.0' spd 245.0 yaw 202.0 mode 2 st 2 gl 9 hp 100 frg 4
ARGLOG Carmack t 188.3 pos '396.5 -284.1 -264.8' spd 164.6 yaw  52.3 mode 1 st 2 gl 10 hp 130 frg 9
ARGEVT Joe Rogan hazard
ARGEVT Carmack grab 
ARGEVT Carmack weapon sg
ARGEVT Carmack swim
ARGLOG Joe Rogan t 188.7 pos '291.4 -263.9 -296.0' spd 365.8 yaw 347.5 mode 2 st 3 gl 6 hp 100 frg 10
ARGLOG Romero t 188.7 pos '801.4 -581.6 -136.0' spd 392.4 yaw  20.3 mode 2 st 2 gl 9 hp 100 frg 4
ARGEVT Carmack weapon rl
ARGLOG Carmack t 188.9 pos '425.5 -314.8 -386.4' spd 116.0 yaw 115.5 mode 1 st 2 gl 10 hp 66 frg 9
ARGEVT Carmack weapon sg
ARGEVT Carmack pursue
ARGEVT Joe Rogan pursue
ARGLOG Joe Rogan t 189.3 pos '417.4 -246.8 -296.0' spd 388.6 yaw 231.5 mode 0 st 3 gl 6 hp 100 frg 10
ARGLOG Romero t 189.3 pos '770.9 -477.9 -104.0' spd 332.8 yaw 127.2 mode 1 st 2 gl 9 hp 100 frg 4
ARGEVT Carmack retreat
ARGEVT Joe Rogan route 6 start '401.0 -247.0 -296.0' goal ' 49.0 105.0 -296.0'
ARGEVT Romero hazard
ARGLOG Carmack t 189.4 pos '325.7 -328.7 -386.2' spd 244.4 yaw  53.1 mode 1 st 2 gl 10 hp 26 frg 9
ARGEVT Carmack weapon rl
ARGEVT Joe Rogan hazard
ARGEVT Carmack weapon sg
ARGEVT Carmack death world pos '243.1 -312.1 -386.2'
ARGLOG Joe Rogan t 189.8 pos '325.5 -198.4 -296.0' spd 322.0 yaw 181.3 mode 2 st 3 gl 6 hp 100 frg 10
ARGLOG Romero t 189.8 pos '881.4 -400.0 -104.0' spd 321.7 yaw 347.6 mode 1 st 2 gl 9 hp 100 frg 4
ARGLOG Joe Rogan t 190.4 pos '166.8 -263.0 -296.0' spd 210.8 yaw 338 mode 2 st 3 gl 6 hp 100 frg 10
ARGLOG Romero t 190.4 pos '882.7 -408.5 -104.0' spd 349.4 yaw 158 mode 1 st 2 gl 9 hp 100 frg 4
ARGEVT Joe Rogan hazard
ARGLOG Joe Rogan t 191.0 pos '289.5 -222.4 -296.0' spd 110.0 yaw 151 mode 2 st 3 gl 6 hp 100 frg 10
ARGLOG Romero t 191.0 pos '756.6 -477.3 -104.0' spd 335.1 yaw 316.4 mode 1 st 2 gl 9 hp 100 frg 4
ARGEVT Carmack respawn
