LOG started on: 09/16/2026 15:52:28 
Playing registered version.
UDP Initialized
WIPX_OpenSocket: Address family not supported by protocol family
WIPX_Init: Unable to open control socket, IPX disabled
Exe: 20:02:47 Jul 31 2024
256.0 megabyte heap

Language initialization
Couldn't load 'localization/loc_english.txt'
from 'C:/argus/engine'

========= Quake Initialized =========

execing autoexec.cfg
SpawnServer: e1m1
Clearing memory
Programs occupy 885K.
trying to open external vis file
maps/e1m1.vis not found, trying argus.vis
external vis not found
Loaded external entity file maps/e1m1@c49d.ent
ARGUS slots 8
ARGUS worldspawn reached
ARGNAV 238 nodes, 962 links
13 entities inhibited
ARGUS init on e1m1
ARGEVT Carmack spawned
ARGEVT Romero spawned
ARGEVT Joe Rogan spawned
Server spawned.
ARGLOG Joe Rogan t   1.2 pos '480.0  48.0  24.0' spd 0 yaw  87.6 mode 0 st 0 gl 0 hp 100 frg 0
ARGLOG Romero t   1.2 pos '-272.0 2928.0 -56.0' spd 0 yaw  47.5 mode 0 st 0 gl 0 hp 100 frg 0
ARGLOG Carmack t   1.2 pos '1312.0 880.0 -256.0' spd 0 yaw 119.6 mode 0 st 0 gl 0 hp 100 frg 0
ARGLOG Joe Rogan t   1.7 pos '487.5 191.9  24.0' spd 320 yaw  87.6 mode 0 st 0 gl 0 hp 100 frg 0
ARGLOG Romero t   1.7 pos '-226.9 2937.5 -56.0' spd 322.0 yaw 247.1 mode 0 st 0 gl 0 hp 100 frg 0
ARGLOG Carmack t   1.7 pos '1242.2 1006.0 -256.0' spd 320 yaw 119.6 mode 0 st 0 gl 0 hp 100 frg 0
ARGEVT Carmack hazard
ARGLOG Joe Rogan t   2.2 pos '495.9 352.3  24.0' spd 320 yaw  87.6 mode 0 st 0 gl 0 hp 100 frg 0
ARGLOG Romero t   2.2 pos '-273.2 2783.5 -72.0' spd 334.6 yaw 247.1 mode 0 st 0 gl 0 hp 100 frg 0
ARGLOG Carmack t   2.2 pos '1178.8 994.8 -256.0' spd 333.2 yaw 246.3 mode 0 st 0 gl 0 hp 100 frg 0
ARGLOG Joe Rogan t   2.7 pos '504.4 512.7  24.0' spd 320 yaw  87.6 mode 0 st 0 gl 0 hp 100 frg 0
ARGLOG Romero t   2.7 pos '-315.9 2627.3 -104.0' spd 320.2 yaw 247.1 mode 0 st 0 gl 0 hp 100 frg 0
ARGLOG Carmack t   2.7 pos '1267.2 933.4 -256.0' spd 321.7 yaw  14.0 mode 0 st 0 gl 0 hp 100 frg 0
ARGLOG Joe Rogan t   3.2 pos '512.8 673.1  24.0' spd 320 yaw  87.6 mode 0 st 0 gl 0 hp 100 frg 0
ARGLOG Romero t   3.2 pos '-319.4 2463.4 -136.0' spd 321.8 yaw 287.2 mode 0 st 0 gl 0 hp 100 frg 0
ARGLOG Carmack t   3.2 pos '1425.0 964.2 -256.0' spd 320.0 yaw  14.0 mode 0 st 0 gl 0 hp 100 frg 0
ARGUS Joe Rogan wallslide
ARGLOG Joe Rogan t   3.7 pos '479.5 688.0  24.0' spd 272.0 yaw 127.7 mode 0 st 0 gl 0 hp 100 frg 0
ARGLOG Romero t   3.7 pos '-276.0 2304.6 -136.0' spd 320.0 yaw 287.2 mode 0 st 0 gl 0 hp 100 frg 0
ARGLOG Carmack t   3.7 pos '1342.9 896.0 -256.0' spd 320.2 yaw 209.2 mode 0 st 0 gl 0 hp 100 frg 0
ARGEVT Joe Rogan hazard
ARGEVT Joe Rogan plan powerup via weapon
ARGEVT Joe Rogan goal weapon_rocketlauncher
ARGEVT Romero plan powerup via weapon
ARGEVT Romero goal weapon_supernailgun
ARGEVT Carmack goal item_armor2
ARGEVT Carmack hazard
ARGEVT Joe Rogan route 25 start '497.0 641.0  24.0' goal '145.0 2337.0  40.0'
ARGLOG Joe Rogan t   4.2 pos '410.0 682.0  24.0' spd   5.5 yaw 203 mode 2 st 0 gl 0 hp 100 frg 0
ARGLOG Romero t   4.2 pos '-223.1 2150.2 -136.0' spd 363.7 yaw 333.6 mode 0 st 0 gl 0 hp 100 frg 0
ARGLOG Carmack t   4.2 pos '1231.9 798.6 -256.0' spd 268.0 yaw 162.8 mode 0 st 0 gl 0 hp 100 frg 0
ARGEVT Romero route 25 start '-207.0 2113.0 -136.0' goal '817.0 2433.0 -344.0'
ARGEVT Carmack route 2 start '1265.0 737.0 -256.0' goal '1297.0 1057.0 -408.0'
ARGUS Joe Rogan wallslide
ARGLOG Joe Rogan t   4.7 pos '400.3 626.2  24.0' spd 320.0 yaw 195 mode 2 st 0 gl 0 hp 100 frg 0
ARGLOG Romero t   4.7 pos '-76.3 2060.7 -168.0' spd 320.6 yaw 295 mode 2 st 0 gl 0 hp 100 frg 0
ARGLOG Carmack t   4.7 pos '1234.5 913.3 -256.0' spd 442.7 yaw 194 mode 2 st 0 gl 0 hp 100 frg 0
ARGLOG Joe Rogan t   5.2 pos '349.2 529.1  24.0' spd 320.2 yaw 176 mode 2 st 0 gl 0 hp 100 frg 0
ARGLOG Romero t   5.2 pos ' 59.7 1970.5 -184.0' spd 320.7 yaw 283 mode 2 st 0 gl 0 hp 100 frg 0
ARGLOG Carmack t   5.2 pos '1392.1 829.6 -256.0' spd 454.0 yaw 163 mode 2 st 0 gl 0 hp 100 frg 0
ARGEVT Romero route 22 start '145.0 1889.0 -184.0' goal '817.0 2433.0 -344.0'
ARGEVT Carmack hazard
ARGEVT Romero hazard
ARGLOG Joe Rogan t   5.7 pos '187.4 543.1  24.0' spd 320.1 yaw 179 mode 2 st 0 gl 0 hp 100 frg 0
ARGLOG Romero t   5.7 pos '185.4 1866.7 -184.0' spd 351.9 yaw 253 mode 2 st 0 gl 0 hp 100 frg 0
ARGLOG Carmack t   5.7 pos '1261.7 734.7 -256.0' spd 395.1 yaw 83 mode 2 st 0 gl 0 hp 100 frg 0
ARGEVT Joe Rogan lift
ARGUS Romero wallslide
ARGEVT Joe Rogan door
ARGEVT Joe Rogan board
ARGLOG Joe Rogan t   6.2 pos ' 26.5 552.8  24.0' spd 322.6 yaw 165 mode 2 st 0 gl 0 hp 100 frg 0
ARGLOG Romero t   6.2 pos '241.3 1856.1 -184.0' spd 151.7 yaw 246 mode 2 st 0 gl 0 hp 100 frg 0
ARGLOG Carmack t   6.2 pos '1204.6 893.1 -256.0' spd 347.1 yaw 122.6 mode 2 st 0 gl 0 hp 100 frg 0
ARGLOG Joe Rogan t   6.8 pos '-40.8 566.3  24.0' spd  93.5 yaw 210 mode 2 st 0 gl 0 hp 100 frg 0
ARGLOG Romero t   6.8 pos '159.6 1825.7 -184.0' spd 332.7 yaw 254 mode 2 st 0 gl 0 hp 100 frg 0
ARGLOG Carmack t   6.8 pos '1258.6 1054.6 -256.0' spd 380.8 yaw   0.2 mode 1 st 0 gl 0 hp 100 frg 0
ARGLOG Joe Rogan t   7.3 pos '-40.8 566.3  24.0' spd 0 yaw 210 mode 2 st 0 gl 0 hp 100 frg 0
ARGLOG Romero t   7.3 pos '138.7 1661.0 -200.0' spd 327.3 yaw 267 mode 2 st 0 gl 0 hp 100 frg 0
ARGLOG Carmack t   7.3 pos '1398.5 949.4 -256.0' spd 486.7 yaw 195.8 mode 1 st 0 gl 0 hp 100 frg 0
ARGLOG Joe Rogan t   7.8 pos '-40.8 566.3  24.0' spd 0 yaw 210 mode 2 st 0 gl 0 hp 100 frg 0
ARGUS routecache adopt
ARGEVT Romero route 20 start ' 49.0 1441.0 -200.0' goal '817.0 2433.0 -344.0'
ARGLOG Romero t   7.8 pos ' 94.2 1502.6 -200.0' spd 338.6 yaw 275.2 mode 0 st 0 gl 0 hp 100 frg 0
ARGLOG Carmack t   7.8 pos '1232.9 981.9 -256.0' spd 477.5 yaw 39 mode 1 st 0 gl 0 hp 100 frg 0
ARGLOG Joe Rogan t   8.3 pos '-40.8 566.3  24.0' spd 0 yaw 210 mode 2 st 0 gl 0 hp 100 frg 0
ARGLOG Romero t   8.3 pos ' 85.6 1338.6 -184.0' spd 321.6 yaw 301 mode 2 st 0 gl 0 hp 100 frg 0
ARGLOG Carmack t   8.3 pos '1403.2 1037.8 -256.0' spd 484.6 yaw 248.7 mode 1 st 0 gl 0 hp 100 frg 0
ARGEVT Romero jump
ARGLOG Joe Rogan t   8.8 pos '-40.8 566.3  24.0' spd 0 yaw 210 mode 2 st 0 gl 0 hp 100 frg 0
ARGLOG Romero t   8.8 pos '117.7 1178.4 -164.4' spd 348.7 yaw 7 mode 2 st 0 gl 0 hp 100 frg 0
ARGLOG Carmack t   8.8 pos '1281.7 922.9 -256.0' spd 473.9 yaw  88.4 mode 1 st 0 gl 0 hp 100 frg 0
ARGLOG Joe Rogan t   9.3 pos '-40.8 566.3  24.0' spd 0 yaw 210 mode 2 st 0 gl 0 hp 100 frg 0
ARGLOG Romero t   9.3 pos '247.7 1126.0 -169.0' spd 382.4 yaw 30 mode 2 st 0 gl 0 hp 100 frg 0
ARGLOG Carmack t   9.3 pos '1361.8 1083.9 -256.0' spd 485.3 yaw 293.4 mode 1 st 0 gl 0 hp 100 frg 0
ARGEVT Carmack hazard
ARGEVT Romero swim
ARGLOG Joe Rogan t   9.8 pos '-40.8 566.3  24.0' spd 0 yaw 210 mode 2 st 0 gl 0 hp 100 frg 0
ARGLOG Romero t   9.8 pos '180.0 1270.0 -296.5' spd 376.6 yaw 347 mode 2 st 0 gl 0 hp 100 frg 0
ARGEVT Romero swim
ARGLOG Carmack t   9.8 pos '1313.7 944.1 -256.0' spd 461.9 yaw 131.8 mode 1 st 0 gl 0 hp 100 frg 0
ARGEVT Romero swim
ARGEVT Romero swim
ARGEVT Romero swim
ARGEVT Romero swim
ARGLOG Joe Rogan t  10.3 pos '-40.8 566.3  24.0' spd 0 yaw 210 mode 2 st 0 gl 0 hp 100 frg 0
ARGLOG Romero t  10.3 pos '117.6 1137.1 -295.1' spd 358.3 yaw 15 mode 2 st 0 gl 0 hp 100 frg 0
ARGLOG Carmack t  10.3 pos '1272.2 1103.8 -256.0' spd 345.9 yaw 330.2 mode 1 st 0 gl 0 hp 100 frg 0
ARGEVT Romero swim
ARGEVT Romero swim
ARGEVT Romero swim
ARGEVT Romero swim
ARGEVT Romero swim
ARGLOG Joe Rogan t  10.8 pos '-40.8 566.3  24.0' spd 0 yaw 210 mode 2 st 0 gl 0 hp 100 frg 0
ARGLOG Romero t  10.8 pos '247.3 1183.0 -295.1' spd 344.4 yaw 12 mode 2 st 0 gl 0 hp 100 frg 0
ARGLOG Carmack t  10.8 pos '1332.3 943.8 -256.0' spd 485.9 yaw 168.3 mode 1 st 0 gl 0 hp 100 frg 0
ARGEVT Romero swim
ARGEVT Romero swim
ARGEVT Romero swim
ARGEVT Romero swim
ARGLOG Joe Rogan t  11.3 pos '-40.8 566.3  24.0' spd 0 yaw 210 mode 2 st 0 gl 0 hp 100 frg 0
ARGLOG Romero t  11.3 pos '124.2 1217.0 -295.4' spd 343.5 yaw 0 mode 2 st 0 gl 0 hp 100 frg 0
ARGLOG Carmack t  11.3 pos '1197.6 1048.4 -256.0' spd 474.5 yaw   8.0 mode 1 st 0 gl 0 hp 100 frg 0
ARGEVT Romero swim
ARGEVT Romero swim
ARGEVT Romero swim
ARGEVT Romero swim
ARGLOG Joe Rogan t  11.8 pos '-40.8 566.3  24.0' spd 0 yaw 210 mode 2 st 0 gl 0 hp 100 frg 0
ARGLOG Romero t  11.8 pos '213.2 1140.1 -295.7' spd 319.8 yaw 22 mode 2 st 0 gl 0 hp 100 frg 0
ARGLOG Carmack t  11.8 pos '1368.0 998.5 -256.0' spd 482.2 yaw 211.9 mode 1 st 0 gl 0 hp 100 frg 0
ARGEVT Romero swim
ARGEVT Romero swim
ARGEVT Romero swim
ARGEVT Romero swim
ARGEVT Romero swim
ARGLOG Joe Rogan t  12.3 pos '-40.8 566.3  24.0' spd 0 yaw 210 mode 2 st 0 gl 0 hp 100 frg 0
ARGLOG Romero t  12.3 pos '158.1 1235.6 -295.9' spd 303.2 yaw 356 mode 2 st 0 gl 0 hp 100 frg 0
ARGLOG Carmack t  12.3 pos '1202.6 982.2 -256.0' spd 474.1 yaw  50.6 mode 1 st 0 gl 0 hp 100 frg 0
ARGEVT Romero swim
ARGEVT Romero swim
ARGEVT Romero swim
ARGEVT Romero swim
ARGLOG Joe Rogan t  12.8 pos '-40.8 566.3  24.0' spd 0 yaw 210 mode 2 st 0 gl 0 hp 100 frg 0
ARGLOG Romero t  12.8 pos '181.2 1129.5 -295.3' spd 309.6 yaw 21 mode 2 st 0 gl 0 hp 100 frg 0
ARGLOG Carmack t  12.8 pos '1359.7 1052.2 -256.0' spd 480.9 yaw 252.1 mode 1 st 0 gl 0 hp 100 frg 0
ARGEVT Romero swim
ARGEVT Romero swim
ARGEVT Romero swim
ARGEVT Romero swim
ARGEVT Romero swim
ARGLOG Joe Rogan t  13.3 pos '-40.8 566.3  24.0' spd 0 yaw 210 mode 2 st 0 gl 0 hp 100 frg 0
ARGLOG Romero t  13.3 pos '193.3 1238.7 -295.5' spd 296.0 yaw 355 mode 2 st 0 gl 0 hp 100 frg 0
ARGLOG Carmack t  13.3 pos '1242.2 933.3 -256.0' spd 474.3 yaw  89.8 mode 1 st 0 gl 0 hp 100 frg 0
ARGEVT Romero swim
ARGEVT Romero swim
ARGEVT Romero swim
ARGEVT Romero swim
ARGLOG Joe Rogan t  13.8 pos '-40.8 566.3  24.0' spd 0 yaw 210 mode 2 st 0 gl 0 hp 100 frg 0
ARGLOG Romero t  13.8 pos '148.2 1142.2 -295.1' spd 303.6 yaw 16 mode 2 st 0 gl 0 hp 100 frg 0
ARGLOG Carmack t  13.8 pos '1319.2 1082.9 -256.0' spd 475.9 yaw 289.8 mode 1 st 0 gl 0 hp 100 frg 0
ARGEVT Romero swim
ARGEVT Joe Rogan abandon
ARGEVT Joe Rogan plan powerup via weapon
ARGEVT Joe Rogan goal weapon_grenadelauncher
ARGEVT Joe Rogan route 15 start ' 81.0 545.0  24.0' goal '1201.0 1057.0 -408.0'
ARGEVT Romero swim
ARGEVT Joe Rogan abandon
ARGEVT Romero swim
ARGEVT Joe Rogan plan powerup via weapon
ARGEVT Joe Rogan goal weapon_supernailgun
ARGEVT Romero swim
ARGEVT Joe Rogan route 24 start ' 81.0 545.0  24.0' goal '817.0 2433.0 -344.0'
ARGEVT Romero swim
ARGEVT Joe Rogan abandon
ARGLOG Joe Rogan t  14.3 pos ' 37.8 551.0  24.0' spd 320.2 yaw 184 mode 0 st 0 gl 0 hp 100 frg 0
ARGLOG Romero t  14.3 pos '224.1 1218.9 -296.0' spd 302.5 yaw 0 mode 2 st 0 gl 0 hp 100 frg 0
ARGLOG Carmack t  14.3 pos '1300.3 916.5 -256.0' spd 474.7 yaw 128.8 mode 1 st 0 gl 0 hp 100 frg 0
ARGEVT Joe Rogan plan powerup via weapon
ARGEVT Joe Rogan goal weapon_supershotgun
ARGEVT Joe Rogan route 17 start ' 81.0 545.0  24.0' goal '-335.0 2913.0 -56.0'
ARGEVT Joe Rogan abandon
ARGEVT Romero swim
ARGEVT Romero swim
ARGEVT Joe Rogan goal item_artifact_invulnerability
ARGEVT Joe Rogan route 18 start ' 81.0 545.0  24.0' goal '241.0 1793.0 -40.0'
ARGEVT Romero swim
ARGUS Joe Rogan wallslide
ARGEVT Romero swim
ARGLOG Joe Rogan t  14.8 pos '-42.1 599.2  24.0' spd 324.8 yaw 236 mode 2 st 0 gl 0 hp 100 frg 0
ARGLOG Romero t  14.8 pos '126.3 1171.2 -295.4' spd 311.2 yaw 9 mode 2 st 0 gl 0 hp 100 frg 0
ARGLOG Carmack t  14.8 pos '1266.4 1080.7 -256.0' spd 475.2 yaw 328.2 mode 1 st 0 gl 0 hp 100 frg 0
ARGEVT Romero swim
ARGEVT Romero swim
ARGEVT Romero swim
ARGEVT Romero swim
ARGEVT Romero swim
ARGLOG Joe Rogan t  15.3 pos ' 81.5 599.4  24.0' spd 414.0 yaw 199 mode 2 st 0 gl 0 hp 100 frg 0
ARGLOG Romero t  15.3 pos '235.4 1185.2 -295.0' spd 309.1 yaw 10 mode 2 st 0 gl 0 hp 100 frg 0
ARGLOG Carmack t  15.3 pos '1352.7 936.3 -256.0' spd 475.2 yaw 165.6 mode 1 st 0 gl 0 hp 100 frg 0
ARGEVT Joe Rogan abandon
ARGEVT Joe Rogan goal item_artifact_super_damage
ARGEVT Romero swim
ARGEVT Joe Rogan route 34 start ' 81.0 545.0  24.0' goal '529.0 2465.0 -88.0'
ARGEVT Joe Rogan abandon
ARGEVT Romero swim
ARGEVT Joe Rogan goal item_armor2
ARGEVT Romero swim
ARGEVT Joe Rogan route 15 start ' 81.0 545.0  24.0' goal '1297.0 1057.0 -408.0'
ARGEVT Joe Rogan abandon
ARGEVT Romero swim
ARGEVT Joe Rogan goal item_health
ARGEVT Joe Rogan route 12 start ' 81.0 545.0  24.0' goal '945.0 993.0 -248.0'
ARGEVT Joe Rogan abandon
ARGLOG Joe Rogan t  15.8 pos ' 80.6 570.5  24.0' spd 328.6 yaw 115.1 mode 0 st 0 gl 0 hp 100 frg 0
ARGLOG Romero t  15.8 pos '126.9 1206.3 -296.0' spd 316.6 yaw 2 mode 2 st 0 gl 0 hp 100 frg 0
ARGLOG Carmack t  15.8 pos '1227.6 1047.3 -256.0' spd 474.9 yaw   4.6 mode 1 st 0 gl 0 hp 100 frg 0
ARGEVT Romero swim
ARGEVT Romero swim
ARGEVT Joe Rogan goal item_health
ARGEVT Joe Rogan route 35 start ' 81.0 545.0  24.0' goal '945.0 2433.0 -112.0'
ARGEVT Romero swim
ARGEVT Romero swim
ARGEVT Romero swim
ARGLOG Joe Rogan t  16.4 pos '167.1 594.9  24.0' spd 435.7 yaw 192 mode 2 st 0 gl 0 hp 100 frg 0
ARGLOG Romero t  16.4 pos '220.3 1153.9 -295.5' spd 302.0 yaw 19 mode 2 st 0 gl 0 hp 100 frg 0
ARGLOG Carmack t  16.4 pos '1383.2 980.0 -256.0' spd 475.1 yaw 201.1 mode 1 st 0 gl 0 hp 100 frg 0
ARGEVT Romero swim
ARGEVT Joe Rogan hazard
ARGEVT Romero swim
ARGUS Joe Rogan wallslide
ARGEVT Romero swim
ARGEVT Romero swim
ARGLOG Joe Rogan t  16.9 pos '149.0 530.7  24.0' spd 322.7 yaw 176 mode 2 st 0 gl 0 hp 100 frg 0
ARGLOG Romero t  16.9 pos '145.9 1232.5 -295.9' spd 311.3 yaw 357 mode 2 st 0 gl 0 hp 100 frg 0
ARGLOG Carmack t  16.9 pos '1217.4 997.9 -256.0' spd 475.0 yaw  39.5 mode 1 st 0 gl 0 hp 100 frg 0
ARGEVT Romero swim
ARGEVT Joe Rogan abandon
ARGEVT Romero swim
ARGEVT Joe Rogan goal item_spikes
ARGEVT Joe Rogan route 18 start ' 81.0 545.0  24.0' goal '497.0 737.0 104.0'
ARGEVT Joe Rogan abandon
ARGEVT Romero swim
ARGEVT Romero swim
ARGEVT Joe Rogan goal item_armor1
ARGEVT Joe Rogan route 16 start ' 81.0 545.0  24.0' goal '689.0 481.0 104.0'
ARGEVT Romero swim
ARGLOG Joe Rogan t  17.4 pos '-15.0 568.7  24.0' spd 374.8 yaw 201 mode 2 st 0 gl 0 hp 100 frg 0
ARGLOG Romero t  17.4 pos '194.9 1133.7 -294.9' spd 299.2 yaw 22 mode 2 st 0 gl 0 hp 100 frg 0
ARGLOG Carmack t  17.4 pos '1384.4 1028.9 -256.0' spd 475.0 yaw 234.4 mode 1 st 0 gl 0 hp 100 frg 0
ARGEVT Romero swim
ARGEVT Romero swim
ARGUS Joe Rogan wallslide
ARGEVT Romero swim
ARGEVT Romero swim
ARGLOG Joe Rogan t  17.9 pos ' 44.4 619.2  24.0' spd 369.1 yaw 212 mode 2 st 0 gl 0 hp 100 frg 0
ARGLOG Romero t  17.9 pos '176.2 1239.2 -296.0' spd 308.4 yaw 355 mode 2 st 0 gl 0 hp 100 frg 0
ARGLOG Carmack t  17.9 pos '1236.7 951.4 -256.0' spd 474.9 yaw  73.1 mode 1 st 0 gl 0 hp 100 frg 0
ARGEVT Romero swim
ARGEVT Joe Rogan abandon
ARGEVT Romero swim
ARGEVT Joe Rogan goal item_spikes
ARGEVT Joe Rogan route 23 start ' 81.0 545.0  24.0' goal '209.0 2337.0  40.0'
ARGEVT Joe Rogan abandon
ARGEVT Romero swim
ARGEVT Romero swim
ARGEVT Joe Rogan goal item_artifact_envirosuit
ARGEVT Joe Rogan route 23 start ' 81.0 545.0  24.0' goal '689.0 2049.0 -376.0'
ARGEVT Romero swim
ARGLOG Joe Rogan t  18.4 pos ' 20.1 532.1  24.0' spd 350.0 yaw 172 mode 2 st 0 gl 0 hp 100 frg 0
ARGLOG Romero t  18.4 pos '161.8 1135.1 -295.5' spd 287.4 yaw 18 mode 2 st 0 gl 0 hp 100 frg 0
ARGLOG Carmack t  18.4 pos '1358.4 1069.5 -256.0' spd 475.1 yaw 269.0 mode 1 st 0 gl 0 hp 100 frg 0
ARGEVT Romero swim
ARGEVT Romero swim
ARGEVT Romero swim
ARGUS Joe Rogan wallslide
ARGEVT Romero swim
ARGLOG Joe Rogan t  18.9 pos ' 13.3 623.7  24.0' spd 330.6 yaw 221 mode 2 st 0 gl 0 hp 100 frg 0
ARGLOG Romero t  18.9 pos '202.3 1232.1 -295.5' spd 300.1 yaw 356 mode 2 st 0 gl 0 hp 100 frg 0
ARGLOG Carmack t  18.9 pos '1277.0 922.9 -256.0' spd 474.8 yaw 104.8 mode 1 st 0 gl 0 hp 100 frg 0
ARGEVT Romero swim
ARGEVT Romero swim
ARGEVT Joe Rogan abandon
ARGEVT Romero swim
ARGEVT Romero swim
ARGEVT Joe Rogan goal item_shells
ARGEVT Joe Rogan route 18 start ' 81.0 545.0  24.0' goal '497.0 737.0 104.0'
ARGLOG Joe Rogan t  19.4 pos '144.5 524.0  24.0' spd 312.3 yaw 174 mode 2 st 0 gl 0 hp 100 frg 0
ARGLOG Romero t  19.4 pos '132.3 1153.5 -296.4' spd 299.8 yaw 13 mode 2 st 0 gl 0 hp 100 frg 0
ARGEVT Romero swim
ARGLOG Carmack t  19.4 pos '1312.5 1086.8 -256.0' spd 475.1 yaw 304.2 mode 1 st 0 gl 0 hp 100 frg 0
ARGEVT Romero swim
ARGEVT Romero swim
ARGEVT Joe Rogan hazard
ARGEVT Romero swim
ARGEVT Romero swim
ARGLOG Joe Rogan t  19.9 pos '148.0 617.8  24.0' spd 336.2 yaw 198 mode 2 st 0 gl 0 hp 100 frg 0
ARGLOG Romero t  19.9 pos '226.3 1202.1 -294.9' spd 288.8 yaw 4 mode 2 st 0 gl 0 hp 100 frg 0
ARGLOG Carmack t  19.9 pos '1334.9 920.4 -256.0' spd 474.9 yaw 142.9 mode 1 st 0 gl 0 hp 100 frg 0
ARGEVT Romero swim
ARGEVT Romero swim
ARGEVT Joe Rogan abandon
ARGEVT Joe Rogan goal item_health
ARGEVT Joe Rogan route 4 start ' 81.0 545.0  24.0' goal '337.0 865.0 -200.0'
ARGEVT Joe Rogan abandon
ARGEVT Romero swim
ARGEVT Romero swim
ARGEVT Joe Rogan goal item_health
ARGUS routecache adopt
ARGEVT Joe Rogan route 4 start ' 81.0 545.0  24.0' goal '337.0 865.0 -200.0'
ARGLOG Joe Rogan t  20.4 pos ' -9.2 532.8  24.0' spd 320.1 yaw 170 mode 2 st 0 gl 0 hp 100 frg 0
ARGLOG Romero t  20.4 pos '123.7 1184.7 -296.0' spd 299.9 yaw 6 mode 2 st 0 gl 0 hp 100 frg 0
ARGEVT Romero swim
ARGLOG Carmack t  20.4 pos '1264.7 1072.4 -256.0' spd 475.0 yaw 340.6 mode 1 st 0 gl 0 hp 100 frg 0
ARGUS Joe Rogan wallslide
ARGEVT Romero swim
ARGEVT Romero swim
ARGEVT Joe Rogan hazard
ARGEVT Romero swim
ARGEVT Romero swim
ARGEVT Joe Rogan abandon
ARGLOG Joe Rogan t  20.9 pos ' 36.6 528.0  24.0' spd 320.5 yaw 171 mode 0 st 0 gl 0 hp 100 frg 0
ARGLOG Romero t  20.9 pos '228.1 1168.1 -295.0' spd 301.9 yaw 15 mode 2 st 0 gl 0 hp 100 frg 0
ARGLOG Carmack t  20.9 pos '1382.1 951.5 -256.0' spd 475.1 yaw 180.0 mode 1 st 0 gl 0 hp 100 frg 0
ARGEVT Joe Rogan goal item_health
ARGEVT Romero swim
ARGEVT Joe Rogan route 11 start ' 81.0 545.0  24.0' goal '-399.0 1665.0 -200.0'
ARGEVT Joe Rogan abandon
ARGEVT Romero swim
ARGEVT Joe Rogan goal weapon_nailgun
ARGEVT Romero swim
ARGEVT Joe Rogan route 2 start ' 81.0 545.0  24.0' goal '465.0 577.0  24.0'
ARGEVT Romero swim
ARGLOG Joe Rogan t  21.4 pos '-43.0 594.9  24.0' spd 320.8 yaw 356 mode 2 st 0 gl 0 hp 100 frg 0
ARGLOG Romero t  21.4 pos '133.7 1219.8 -296.5' spd 312.0 yaw 0 mode 2 st 0 gl 0 hp 100 frg 0
ARGEVT Romero swim
ARGLOG Carmack t  21.4 pos '1233.5 1026.8 -256.0' spd 475.0 yaw  19.4 mode 1 st 0 gl 0 hp 100 frg 0
ARGUS Joe Rogan wallslide
ARGEVT Romero swim
ARGEVT Romero swim
ARGEVT Romero swim
ARGEVT Romero swim
ARGLOG Joe Rogan t  21.9 pos ' 75.5 604.2  24.0' spd 406.6 yaw 349 mode 2 st 0 gl 0 hp 100 frg 0
ARGLOG Romero t  21.9 pos '206.4 1139.1 -295.0' spd 309.5 yaw 21 mode 2 st 0 gl 0 hp 100 frg 0
ARGLOG Carmack t  21.9 pos '1401.2 1004.6 -256.0' spd 475.0 yaw 218.1 mode 1 st 0 gl 0 hp 100 frg 0
ARGEVT Romero swim
ARGEVT Romero swim
ARGEVT Romero swim
ARGEVT Joe Rogan hazard
ARGEVT Romero swim
ARGLOG Joe Rogan t  22.4 pos '197.6 543.1  24.0' spd 320.8 yaw  29.6 mode 2 st 0 gl 0 hp 100 frg 0
ARGLOG Romero t  22.4 pos '161.7 1239.2 -296.5' spd 304.7 yaw 355 mode 2 st 0 gl 0 hp 100 frg 0
ARGEVT Romero swim
ARGLOG Carmack t  22.4 pos '1236.2 977.2 -256.0' spd 475.1 yaw  53.6 mode 1 st 0 gl 0 hp 100 frg 0
ARGEVT Romero swim
ARGEVT Romero swim
ARGEVT Romero swim
ARGEVT Romero swim
ARGLOG Joe Rogan t  23.0 pos '359.1 593.3  24.0' spd 330.2 yaw  27.6 mode 1 st 0 gl 0 hp 100 frg 0
ARGLOG Romero t  23.0 pos '179.1 1133.1 -295.4' spd 305.8 yaw 20 mode 2 st 0 gl 0 hp 100 frg 0
ARGLOG Carmack t  23.0 pos '1390.3 1048.4 -256.0' spd 474.8 yaw 248.8 mode 1 st 0 gl 0 hp 100 frg 0
ARGEVT Romero swim
ARGEVT Romero swim
ARGEVT Romero swim
ARGEVT Romero swim
ARGEVT Romero swim
ARGLOG Joe Rogan t  23.5 pos '514.0 669.4  24.0' spd 367.0 yaw 342 mode 1 st 0 gl 0 hp 100 frg 0
ARGLOG Romero t  23.5 pos '195.2 1240.2 -295.3' spd 305.6 yaw 354 mode 2 st 0 gl 0 hp 100 frg 0
ARGLOG Carmack t  23.5 pos '1268.1 934.9 -256.0' spd 475.1 yaw  88.5 mode 1 st 0 gl 0 hp 100 frg 0
ARGEVT Romero swim
ARGEVT Joe Rogan hazard
ARGEVT Romero swim
ARGEVT Romero swim
ARGUS Joe Rogan wallslide
ARGEVT Romero swim
ARGLOG Joe Rogan t  24.0 pos '591.3 607.6  40.0' spd 326.3 yaw 252.0 mode 1 st 0 gl 0 hp 100 frg 0
ARGLOG Romero t  24.0 pos '142.6 1143.3 -294.9' spd 301.3 yaw 15 mode 2 st 0 gl 0 hp 100 frg 0
ARGLOG Carmack t  24.0 pos '1349.4 1082.4 -256.0' spd 475.0 yaw 286.9 mode 1 st 0 gl 0 hp 100 frg 0
ARGEVT Romero swim
ARGEVT Romero swim
ARGEVT Romero swim
ARGEVT Romero abandon
ARGEVT Romero goal weapon_nailgun
ARGEVT Carmack abandon
ARGEVT Carmack goal weapon_supershotgun
ARGEVT Romero route 13 start '241.0 1153.0 -312.0' goal '465.0 577.0  24.0'
ARGEVT Romero swim
ARGEVT Romero swim
ARGLOG Joe Rogan t  24.5 pos '524.3 450.4  24.0' spd 425.2 yaw 164 mode 1 st 0 gl 0 hp 100 frg 0
ARGLOG Romero t  24.5 pos '238.5 1217.2 -296.0' spd 299.1 yaw 344 mode 2 st 0 gl 0 hp 100 frg 0
ARGLOG Carmack t  24.5 pos '1328.5 909.4 -256.0' spd 399.0 yaw 165 mode 0 st 0 gl 0 hp 100 frg 0
ARGEVT Carmack route 10 start '1329.0 865.0 -256.0' goal '145.0 1217.0 -184.0'
ARGEVT Romero swim
ARGEVT Romero swim
ARGEVT Carmack hazard
ARGUS Joe Rogan wallslide
ARGUS Carmack wallslide
ARGLOG Joe Rogan t  25.0 pos '400.0 516.5  24.0' spd 341.6 yaw 117.2 mode 1 st 0 gl 0 hp 100 frg 0
ARGLOG Romero t  25.0 pos '299.2 1300.5 -307.5' spd 333.3 yaw 326 mode 2 st 0 gl 0 hp 100 frg 0
ARGLOG Carmack t  25.0 pos '1202.1 854.7 -256.0' spd  28.3 yaw 64 mode 2 st 0 gl 0 hp 100 frg 0
ARGUS Romero wallslide
ARGLOG Joe Rogan t  25.5 pos '423.4 648.1  24.0' spd 322.5 yaw 39 mode 1 st 0 gl 0 hp 100 frg 0
ARGLOG Romero t  25.5 pos '397.0 1192.7 -312.0' spd 333.2 yaw 306 mode 2 st 0 gl 0 hp 100 frg 0
ARGLOG Carmack t  25.5 pos '1228.2 997.7 -256.0' spd 340.3 yaw 147 mode 2 st 0 gl 0 hp 100 frg 0
ARGEVT Joe Rogan hazard
ARGEVT Carmack route 11 start '1265.0 1089.0 -256.0' goal '145.0 1217.0 -184.0'
ARGLOG Joe Rogan t  26.0 pos '562.7 662.5  40.0' spd 376.0 yaw 292.5 mode 1 st 0 gl 0 hp 100 frg 0
ARGLOG Romero t  26.0 pos '547.6 1127.7 -312.0' spd 386.5 yaw 306 mode 2 st 0 gl 0 hp 100 frg 0
ARGLOG Carmack t  26.0 pos '1306.4 1154.3 -265.1' spd 433.7 yaw 242 mode 2 st 0 gl 0 hp 100 frg 0
ARGEVT Carmack hazard
ARGEVT Romero swim
ARGLOG Joe Rogan t  26.5 pos '573.2 495.5  40.0' spd 380.6 yaw 214.0 mode 1 st 0 gl 0 hp 100 frg 0
ARGLOG Romero t  26.5 pos '614.8 971.8 -306.7' spd 302.1 yaw 345 mode 2 st 0 gl 0 hp 100 frg 0
ARGLOG Carmack t  26.5 pos '1249.2 1251.3 -282.4' spd  32.4 yaw 258 mode 2 st 0 gl 0 hp 100 frg 0
ARGEVT Romero swim
ARGUS Joe Rogan wallslide
ARGLOG Joe Rogan t 27 pos '402.7 450.5  24.0' spd 205.8 yaw 112 mode 1 st 0 gl 0 hp 100 frg 0
ARGLOG Romero t 27 pos '711.2 912.0 -296.5' spd 210.3 yaw 327 mode 2 st 0 gl 0 hp 100 frg 0
ARGEVT Romero swim
ARGLOG Carmack t 27 pos '1262.4 1183.6 -279.8' spd 322.3 yaw 252 mode 2 st 0 gl 0 hp 100 frg 0
ARGEVT Romero swim
ARGEVT Romero swim
ARGEVT Romero swim
ARGEVT Romero swim
ARGEVT Carmack hazard
ARGLOG Joe Rogan t  27.5 pos '392.6 613.7  24.0' spd 341.2 yaw 67 mode 1 st 0 gl 0 hp 100 frg 0
ARGLOG Romero t  27.5 pos '820.4 909.9 -295.0' spd 219.1 yaw 293 mode 2 st 0 gl 0 hp 100 frg 0
ARGLOG Carmack t  27.5 pos '1249.7 1168.0 -272.0' spd  12.1 yaw 254 mode 2 st 0 gl 0 hp 100 frg 0
ARGEVT Carmack stall
ARGEVT Carmack stallnode '1201.0 961.0 -256.0'
ARGEVT Carmack jump
ARGEVT Romero swim
ARGUS routecache adopt
ARGEVT Carmack route 11 start '1265.0 1089.0 -256.0' goal '145.0 1217.0 -184.0'
ARGLOG Joe Rogan t  28.0 pos '487.2 687.1  24.0' spd 128.9 yaw 336.6 mode 1 st 0 gl 0 hp 100 frg 0
ARGLOG Romero t  28.0 pos '915.2 788.4 -318.3' spd 321.4 yaw 257 mode 2 st 0 gl 0 hp 100 frg 0
ARGLOG Carmack t  28.0 pos '1247.1 1168.0 -238.0' spd  19.7 yaw 254 mode 2 st 1 gl 0 hp 100 frg 0
ARGEVT Joe Rogan hazard
ARGEVT Carmack hazard
ARGLOG Joe Rogan t  28.5 pos '580.7 581.8  40.0' spd 320.0 yaw 275 mode 1 st 0 gl 0 hp 100 frg 0
ARGLOG Romero t  28.5 pos '957.3 634.9 -297.4' spd 297.8 yaw 210 mode 2 st 0 gl 0 hp 100 frg 0
ARGLOG Carmack t  28.5 pos '1232.6 1170.4 -273.2' spd  69.0 yaw 257 mode 2 st 1 gl 0 hp 100 frg 0
ARGEVT Romero swim
ARGEVT Romero swim
ARGEVT Romero swim
ARGEVT Romero swim
ARGLOG Joe Rogan t  29.0 pos '493.8 434.7  24.0' spd 414.6 yaw 149.0 mode 1 st 0 gl 0 hp 100 frg 0
ARGLOG Romero t  29.0 pos '947.7 514.1 -294.9' spd 135.6 yaw 188 mode 2 st 0 gl 0 hp 100 frg 0
ARGLOG Carmack t  29.0 pos '1243.1 1168.1 -272.0' spd  38.1 yaw 255 mode 2 st 1 gl 0 hp 100 frg 0
ARGEVT Romero swim
ARGEVT Romero swim
ARGEVT Carmack stall
ARGEVT Carmack stallnode '1201.0 961.0 -256.0'
ARGEVT Carmack jump
ARGUS Joe Rogan wallslide
ARGEVT Romero swim
ARGUS routecache adopt
ARGEVT Carmack route 11 start '1265.0 1089.0 -256.0' goal '145.0 1217.0 -184.0'
ARGEVT Romero swim
ARGEVT Romero lift
ARGLOG Joe Rogan t  29.5 pos '399.1 539.3  24.0' spd 345.3 yaw 113.0 mode 1 st 0 gl 0 hp 100 frg 0
ARGLOG Romero t  29.5 pos '879.6 496.5 -295.2' spd 145.5 yaw 142 mode 2 st 0 gl 0 hp 100 frg 0
ARGLOG Carmack t  29.5 pos '1252.5 1168.0 -229.1' spd  10.0 yaw 253 mode 2 st 2 gl 0 hp 100 frg 0
ARGEVT Romero swim
ARGEVT Romero swim
ARGEVT Romero board
ARGEVT Carmack hazard
ARGEVT Carmack stall
ARGEVT Carmack stallnode '1201.0 961.0 -256.0'
ARGEVT Carmack jump
ARGLOG Joe Rogan t  30.0 pos '433.5 653.9  24.0' spd 324.0 yaw 31 mode 1 st 0 gl 0 hp 100 frg 0
ARGLOG Romero t  30.0 pos '820.0 496.1 -265.5' spd 0 yaw 132 mode 2 st 0 gl 0 hp 100 frg 0
ARGEVT Carmack goal weapon_nailgun
ARGLOG Carmack t  30.0 pos '1235.6 1168.0 -252.3' spd  30.3 yaw 347.6 mode 0 st 3 gl 0 hp 100 frg 0
ARGEVT Carmack route 15 start '1265.0 1089.0 -256.0' goal '465.0 577.0  24.0'
ARGLOG Joe Rogan t  30.6 pos '563.4 656.2  40.0' spd 346.8 yaw 304.0 mode 1 st 0 gl 0 hp 100 frg 0
ARGLOG Romero t  30.6 pos '820.0 496.1 -189.2' spd 0 yaw 132 mode 2 st 0 gl 0 hp 100 frg 0
ARGLOG Carmack t  30.6 pos '1248.6 1168.0 -256.9' spd  46.0 yaw 254 mode 2 st 3 gl 0 hp 100 frg 0
ARGEVT Joe Rogan hazard
ARGEVT Carmack hazard
ARGLOG Joe Rogan t  31.1 pos '573.2 488.6  40.0' spd 396.7 yaw 204.6 mode 1 st 0 gl 0 hp 100 frg 0
ARGLOG Romero t  31.1 pos '820.1 496.1 -207.5' spd 0 yaw 132 mode 2 st 0 gl 0 hp 99 frg 0
ARGLOG Carmack t  31.1 pos '1245.2 1168.0 -272.0' spd 0 yaw 255 mode 2 st 3 gl 0 hp 100 frg 0
ARGEVT Carmack stall
ARGEVT Carmack stallnode '1201.0 961.0 -256.0'
ARGEVT Carmack jump
ARGUS routecache adopt
ARGEVT Carmack route 15 start '1265.0 1089.0 -256.0' goal '465.0 577.0  24.0'
ARGUS Joe Rogan wallslide
ARGLOG Joe Rogan t  31.6 pos '401.7 456.3  24.0' spd 239.3 yaw 110 mode 1 st 0 gl 0 hp 100 frg 0
ARGLOG Romero t  31.6 pos '820.1 496.1 -283.7' spd 0 yaw 132 mode 2 st 0 gl 0 hp 99 frg 0
ARGLOG Carmack t  31.6 pos '1250.2 1168.0 -236.5' spd  49.4 yaw 254 mode 2 st 4 gl 0 hp 100 frg 0
ARGEVT Carmack hazard
ARGLOG Joe Rogan t  32.1 pos '396.2 623.5  24.0' spd 343.3 yaw 61 mode 1 st 0 gl 0 hp 100 frg 0
ARGLOG Romero t  32.1 pos '820.1 496.1 -232.8' spd 0 yaw 132 mode 2 st 0 gl 0 hp 99 frg 0
ARGLOG Carmack t  32.1 pos '1233.0 1169.8 -272.9' spd  30.7 yaw 257 mode 2 st 4 gl 0 hp 100 frg 0
ARGEVT Carmack stall
ARGEVT Carmack stallnode '1201.0 961.0 -256.0'
ARGEVT Carmack jump
ARGEVT Carmack goal item_health
ARGEVT Carmack route 1 start '1265.0 1089.0 -256.0' goal '1201.0 961.0 -256.0'
ARGLOG Joe Rogan t  32.6 pos '493.6 684.6  24.0' spd 235.6 yaw 333.5 mode 1 st 0 gl 0 hp 100 frg 0
ARGLOG Romero t  32.6 pos '820.2 496.0 -163.7' spd 0 yaw 132 mode 2 st 0 gl 0 hp 98 frg 0
ARGLOG Carmack t  32.6 pos '1252.5 1168.0 -239.3' spd  68.7 yaw 267.0 mode 1 st 5 gl 0 hp 100 frg 0
ARGEVT Joe Rogan hazard
ARGEVT Carmack hazard
ARGLOG Joe Rogan t  33.1 pos '568.7 570.1  40.0' spd 374.1 yaw 216.6 mode 1 st 0 gl 0 hp 100 frg 0
ARGLOG Romero t  33.1 pos '820.2 496.0 -239.3' spd 0 yaw 132 mode 2 st 0 gl 0 hp 98 frg 0
ARGLOG Carmack t  33.1 pos '1248.9 1168.0 -272.0' spd  11.2 yaw 254 mode 1 st 5 gl 0 hp 100 frg 0
ARGEVT Carmack stall
ARGEVT Carmack jump
ARGUS routecache adopt
ARGEVT Carmack route 1 start '1265.0 1089.0 -256.0' goal '1201.0 961.0 -256.0'
ARGLOG Joe Rogan t  33.6 pos '397.8 568.9  24.0' spd 487.0 yaw  55.7 mode 1 st 0 gl 0 hp 100 frg 0
ARGLOG Romero t  33.6 pos '820.2 496.0 -278.4' spd 0 yaw 132 mode 2 st 0 gl 0 hp 98 frg 0
ARGLOG Carmack t  33.6 pos '1245.7 1168.0 -251.8' spd  31.2 yaw 255 mode 1 st 6 gl 0 hp 100 frg 0
ARGEVT Joe Rogan goal weapon_rocketlauncher
ARGEVT Romero goal weapon_supershotgun
ARGEVT Romero hazard
ARGEVT Joe Rogan route 25 start '497.0 641.0  24.0' goal '145.0 2337.0  40.0'
ARGLOG Joe Rogan t  34.1 pos '515.2 579.3  24.0' spd 390.1 yaw 185 mode 2 st 0 gl 1 hp 100 frg 0
ARGLOG Romero t  34.1 pos '810.6 517.2 -201.6' spd  71.2 yaw 169 mode 0 st 0 gl 0 hp 98 frg 0
ARGLOG Carmack t  34.1 pos '1243.0 1168.0 -257.5' spd  48.7 yaw 308 mode 1 st 6 gl 0 hp 100 frg 0
ARGEVT Romero route 14 start '817.0 513.0 -312.0' goal '145.0 1217.0 -184.0'
ARGEVT Carmack stall
ARGEVT Carmack jump
ARGEVT Romero lift
ARGEVT Romero board
ARGEVT Carmack goal weapon_grenadelauncher
ARGEVT Carmack route 3 start '1265.0 1089.0 -256.0' goal '1201.0 1057.0 -408.0'
ARGLOG Joe Rogan t  34.6 pos '411.8 441.4  24.0' spd 486.6 yaw 162 mode 2 st 0 gl 1 hp 100 frg 0
ARGLOG Romero t  34.6 pos '806.6 496.2 -193.8' spd 0 yaw 166 mode 2 st 0 gl 0 hp 97 frg 0
ARGLOG Carmack t  34.6 pos '1288.8 1181.2 -231.6' spd 107.4 yaw 248 mode 2 st 7 gl 0 hp 100 frg 0
ARGUS Joe Rogan wallslide
ARGLOG Joe Rogan t  35.1 pos '357.5 599.0  24.0' spd 433.9 yaw 192 mode 2 st 0 gl 1 hp 100 frg 0
ARGLOG Romero t  35.1 pos '806.6 496.2 -269.3' spd 0 yaw 166 mode 2 st 0 gl 0 hp 97 frg 0
ARGLOG Carmack t  35.1 pos '1297.3 1114.5 -256.0' spd 321.2 yaw 240 mode 2 st 7 gl 0 hp 100 frg 0
ARGEVT Joe Rogan hazard
ARGLOG Joe Rogan t  35.6 pos '214.0 533.2  24.0' spd 356.5 yaw 177 mode 2 st 0 gl 1 hp 100 frg 0
ARGLOG Romero t  35.6 pos '806.6 496.2 -248.3' spd 0 yaw 166 mode 2 st 0 gl 0 hp 97 frg 0
ARGLOG Carmack t  35.6 pos '1215.9 974.3 -256.0' spd 320.2 yaw 100 mode 2 st 7 gl 0 hp 100 frg 0
ARGUS Joe Rogan wallslide
ARGEVT Carmack hazard
ARGEVT Joe Rogan abandon
ARGEVT Joe Rogan goal item_armor2
ARGEVT Joe Rogan route 15 start ' 81.0 545.0  24.0' goal '1297.0 1057.0 -408.0'
ARGEVT Joe Rogan abandon
ARGLOG Joe Rogan t  36.1 pos ' 50.9 542.7  24.0' spd 323.7 yaw 167.7 mode 0 st 0 gl 1 hp 100 frg 0
ARGLOG Romero t  36.1 pos '806.6 496.2 -172.4' spd 0 yaw 166 mode 2 st 0 gl 0 hp 97 frg 0
ARGLOG Carmack t  36.1 pos '1204.8 883.3 -256.0' spd 327.6 yaw 115.2 mode 2 st 7 gl 0 hp 100 frg 0
ARGUS Carmack wallslide
ARGEVT Joe Rogan goal item_health
ARGEVT Joe Rogan route 12 start ' 81.0 545.0  24.0' goal '945.0 993.0 -248.0'
ARGLOG Joe Rogan t  36.6 pos '-34.4 622.3  24.0' spd 154.5 yaw 241 mode 2 st 0 gl 1 hp 100 frg 0
ARGLOG Romero t  36.6 pos '806.6 496.1 -224.4' spd 0 yaw 166 mode 2 st 0 gl 0 hp 96 frg 0
ARGLOG Carmack t  36.6 pos '1204.1 1045.6 -256.0' spd 349.4 yaw  53.2 mode 1 st 7 gl 0 hp 100 frg 0
ARGUS Joe Rogan wallslide
ARGEVT Joe Rogan abandon
ARGEVT Joe Rogan goal weapon_supernailgun
ARGEVT Joe Rogan route 24 start ' 81.0 545.0  24.0' goal '817.0 2433.0 -344.0'
ARGEVT Joe Rogan abandon
ARGLOG Joe Rogan t  37.1 pos '100.1 560.7  24.0' spd 244.6 yaw 177.8 mode 0 st 0 gl 1 hp 100 frg 0
ARGLOG Romero t  37.1 pos '806.6 496.1 -293.7' spd 0 yaw 129 mode 2 st 0 gl 0 hp 96 frg 0
ARGLOG Carmack t  37.1 pos '1343.0 1050.1 -256.0' spd 439.5 yaw 252.2 mode 1 st 7 gl 0 hp 100 frg 0
ARGEVT Joe Rogan goal item_health
ARGEVT Joe Rogan route 35 start ' 81.0 545.0  24.0' goal '945.0 2433.0 -112.0'
ARGEVT Joe Rogan abandon
ARGEVT Joe Rogan goal weapon_grenadelauncher
ARGEVT Joe Rogan route 15 start ' 81.0 545.0  24.0' goal '1201.0 1057.0 -408.0'
ARGLOG Joe Rogan t  37.6 pos '-44.6 562.3  24.0' spd 316.8 yaw  90.7 mode 2 st 0 gl 1 hp 100 frg 0
ARGLOG Romero t  37.6 pos '806.6 496.1 -216.8' spd 0 yaw 129 mode 2 st 0 gl 0 hp 96 frg 0
ARGLOG Carmack t  37.6 pos '1209.8 935.8 -256.0' spd 481.8 yaw  87.4 mode 1 st 7 gl 0 hp 100 frg 0
ARGUS Joe Rogan wallslide
ARGLOG Joe Rogan t  38.2 pos ' 48.0 618.2 -19.3' spd 103.8 yaw 210 mode 2 st 0 gl 1 hp 100 frg 0
ARGLOG Romero t  38.2 pos '806.7 496.1 -177.2' spd 0 yaw 129 mode 2 st 0 gl 0 hp 95 frg 0
ARGLOG Carmack t  38.2 pos '1285.1 1096.3 -256.0' spd 479.7 yaw 292.7 mode 1 st 7 gl 0 hp 100 frg 0
ARGEVT Joe Rogan jump
ARGEVT Joe Rogan abandon
ARGEVT Joe Rogan goal weapon_supershotgun
ARGEVT Joe Rogan route 8 start ' 81.0 545.0  24.0' goal '145.0 1217.0 -184.0'
ARGEVT Joe Rogan abandon
ARGLOG Joe Rogan t  38.7 pos ' 39.6 545.7  12.0' spd 143.6 yaw 176.1 mode 0 st 0 gl 1 hp 100 frg 0
ARGLOG Romero t  38.7 pos '806.7 496.1 -253.7' spd 0 yaw 129 mode 2 st 0 gl 0 hp 95 frg 0
ARGLOG Carmack t  38.7 pos '1272.0 928.9 -256.0' spd 474.2 yaw 129.5 mode 1 st 7 gl 0 hp 100 frg 0
ARGEVT Joe Rogan goal item_armor1
ARGEVT Joe Rogan route 16 start ' 81.0 545.0  24.0' goal '689.0 481.0 104.0'
ARGEVT Joe Rogan jump
ARGLOG Joe Rogan t  39.2 pos ' 18.0 533.4 -96.0' spd  68.6 yaw  61.2 mode 2 st 0 gl 1 hp 100 frg 0
ARGLOG Romero t  39.2 pos '806.7 496.1 -263.7' spd 0 yaw 129 mode 2 st 0 gl 0 hp 95 frg 0
ARGLOG Carmack t  39.2 pos '1228.5 1099.3 -256.0' spd 483.6 yaw 334.5 mode 1 st 7 gl 0 hp 100 frg 0
ARGUS Carmack wallslide
ARGLOG Joe Rogan t  39.7 pos ' 33.0 575.8 -94.1' spd 112.0 yaw 328 mode 2 st 0 gl 1 hp 100 frg 0
ARGLOG Romero t  39.7 pos '806.7 496.1 -188.0' spd 0 yaw 129 mode 2 st 0 gl 0 hp 95 frg 0
ARGLOG Carmack t  39.7 pos '1314.4 949.0 -256.0' spd 486.9 yaw 172.9 mode 1 st 7 gl 0 hp 100 frg 0
ARGEVT Joe Rogan jump
ARGLOG Joe Rogan t  40.2 pos ' 48.0 573.4 -173.7' spd  45.0 yaw 320 mode 2 st 0 gl 1 hp 100 frg 0
ARGLOG Romero t  40.2 pos '806.7 496.0 -209.4' spd 0 yaw 129 mode 2 st 0 gl 0 hp 94 frg 0
ARGLOG Carmack t  40.2 pos '1174.1 1042.4 -256.0' spd 473.8 yaw  11.9 mode 1 st 7 gl 0 hp 100 frg 0
ARGLOG Joe Rogan t  40.7 pos ' 48.0 540.0 -205.0' spd  84.5 yaw 8 mode 2 st 0 gl 1 hp 100 frg 0
ARGLOG Romero t  40.7 pos '806.7 496.0 -284.6' spd 0 yaw 129 mode 2 st 0 gl 0 hp 94 frg 0
ARGLOG Carmack t  40.7 pos '1337.2 999.9 -256.0' spd 475.1 yaw 211.3 mode 1 st 7 gl 0 hp 100 frg 0
ARGEVT Joe Rogan hazard
ARGUS Joe Rogan wallslide
ARGEVT Joe Rogan jump
ARGLOG Joe Rogan t  41.2 pos ' 48.0 548.3 -164.7' spd  74.1 yaw 355 mode 2 st 0 gl 1 hp 100 frg 0
ARGLOG Romero t  41.2 pos '806.7 496.0 -233.6' spd 0 yaw 129 mode 2 st 0 gl 0 hp 94 frg 0
ARGLOG Carmack t  41.2 pos '1171.0 986.8 -256.0' spd 475.0 yaw  50.0 mode 1 st 7 gl 0 hp 100 frg 0
ARGEVT Joe Rogan jump
ARGLOG Joe Rogan t  41.7 pos ' 48.0 553.8 -194.2' spd  61.8 yaw 346 mode 2 st 0 gl 1 hp 100 frg 0
ARGLOG Romero t  41.7 pos '806.7 496.0 -163.8' spd 0 yaw 129 mode 2 st 0 gl 0 hp 93 frg 0
ARGLOG Carmack t  41.7 pos '1328.0 1050.5 -256.0' spd 475.3 yaw 247.1 mode 1 st 7 gl 0 hp 100 frg 0
ARGEVT Joe Rogan stall
ARGEVT Joe Rogan stallnode ' 81.0 545.0  24.0'
ARGUS routecache adopt
ARGEVT Joe Rogan route 14 start '-15.0 577.0 -216.0' goal '689.0 481.0 104.0'
ARGLOG Joe Rogan t  42.2 pos ' 48.0 545.1 -186.2' spd  39.0 yaw  67.4 mode 2 st 1 gl 1 hp 100 frg 0
ARGLOG Romero t  42.2 pos '806.7 496.0 -239.9' spd 0 yaw 129 mode 2 st 0 gl 0 hp 93 frg 0
ARGLOG Carmack t  42.2 pos '1200.2 942.9 -256.0' spd 475.1 yaw  85.2 mode 1 st 7 gl 0 hp 100 frg 0
ARGEVT Romero abandon
ARGEVT Romero goal item_health
ARGEVT Romero route 4 start '849.0 513.0 -312.0' goal '1201.0 961.0 -256.0'
ARGEVT Romero hazard
ARGLOG Joe Rogan t  42.7 pos ' -8.6 655.8 -208.0' spd 358.7 yaw 83 mode 2 st 1 gl 1 hp 100 frg 0
ARGLOG Romero t  42.7 pos '815.5 496.3 -278.4' spd 283.1 yaw 70 mode 2 st 0 gl 0 hp 93 frg 0
ARGLOG Carmack t  42.7 pos '1290.3 1088.7 -256.0' spd 476.5 yaw 285.0 mode 1 st 7 gl 0 hp 100 frg 0
ARGEVT Romero swim
ARGEVT Romero swim
ARGLOG Joe Rogan t  43.2 pos ' -6.3 823.9 -200.0' spd 324.3 yaw 66 mode 2 st 1 gl 1 hp 100 frg 0
ARGLOG Romero t  43.2 pos '976.0 532.2 -295.1' spd 144.8 yaw 95 mode 2 st 0 gl 0 hp 93 frg 0
ARGLOG Carmack t  43.2 pos '1253.8 924.8 -256.0' spd 475.0 yaw 121.8 mode 1 st 7 gl 0 hp 100 frg 0
ARGEVT Romero swim
ARGEVT Romero swim
ARGEVT Romero swim
ARGEVT Romero swim
ARGLOG Joe Rogan t  43.7 pos ' 51.8 976.4 -200.0' spd 320.6 yaw 73 mode 2 st 1 gl 1 hp 100 frg 0
ARGLOG Romero t  43.7 pos '972.0 609.7 -296.4' spd 159.4 yaw 94 mode 2 st 0 gl 0 hp 93 frg 0
ARGEVT Romero swim
ARGLOG Carmack t  43.7 pos '1241.3 1097.8 -256.0' spd 481.5 yaw 321.8 mode 1 st 7 gl 0 hp 100 frg 0
ARGEVT Romero swim
ARGUS Joe Rogan wallslide
ARGEVT Romero swim
ARGEVT Romero swim
ARGEVT Romero swim
ARGLOG Joe Rogan t  44.2 pos '108.8 1099.7 -184.0' spd 327.7 yaw 87 mode 2 st 1 gl 1 hp 100 frg 0
ARGLOG Romero t  44.2 pos '965.2 695.4 -294.8' spd 181.9 yaw 94 mode 2 st 0 gl 0 hp 93 frg 0
ARGLOG Carmack t  44.2 pos '1315.4 946.7 -256.0' spd 474.1 yaw 161.2 mode 1 st 7 gl 0 hp 100 frg 0
ARGEVT Romero swim
ARGEVT Joe Rogan jump
ARGEVT Romero swim
ARGEVT Romero swim
ARGEVT Romero swim
ARGLOG Joe Rogan t  44.7 pos '141.3 1259.2 -140.7' spd 327.7 yaw 330.2 mode 2 st 1 gl 1 hp 100 frg 0
ARGLOG Romero t  44.7 pos '957.1 790.4 -295.9' spd 194.8 yaw 34 mode 2 st 0 gl 0 hp 93 frg 0
ARGLOG Carmack t  44.7 pos '1195.8 1070.8 -256.0' spd 486.3 yaw   3.7 mode 1 st 7 gl 0 hp 100 frg 0
ARGEVT Romero swim
ARGUS Carmack wallslide
ARGEVT Romero swim
ARGEVT Joe Rogan jump
ARGEVT Romero swim
ARGEVT Romero jump
ARGLOG Joe Rogan t  45.2 pos '270.9 1218.2 -116.7' spd 351.4 yaw 200 mode 2 st 1 gl 1 hp 100 frg 0
ARGLOG Romero t  45.2 pos '948.2 907.3 -263.2' spd 320.0 yaw 11 mode 2 st 0 gl 0 hp 93 frg 0
ARGLOG Carmack t  45.2 pos '1334.6 987.7 -256.0' spd 484.8 yaw 202.1 mode 1 st 7 gl 0 hp 100 frg 0
ARGLOG Joe Rogan t  45.7 pos '224.0 1102.7 -200.0' spd  67.3 yaw 119 mode 2 st 1 gl 1 hp 100 frg 0
ARGLOG Romero t  45.7 pos '967.6 1062.4 -248.0' spd 339.9 yaw 349 mode 2 st 0 gl 0 hp 193 frg 0
ARGLOG Carmack t  45.7 pos '1200.0 926.1 -256.0' spd  90.3 yaw 162 mode 1 st 7 gl 0 hp 100 frg 0
ARGEVT Romero hazard
ARGEVT Carmack hazard
ARGUS Romero wallslide
ARGLOG Joe Rogan t  46.2 pos '218.3 1214.5 -278.2' spd 179.8 yaw 221.1 mode 2 st 1 gl 1 hp 100 frg 0
ARGLOG Romero t  46.2 pos '1041.7 1038.1 -248.0' spd 351.2 yaw 354 mode 2 st 0 gl 0 hp 193 frg 0
ARGLOG Carmack t  46.2 pos '1180.5 1053.7 -256.0' spd 367.0 yaw  38.9 mode 1 st 7 gl 0 hp 100 frg 0
ARGEVT Joe Rogan swim
ARGEVT Romero jump
ARGEVT Joe Rogan swim
ARGEVT Joe Rogan swim
ARGEVT Joe Rogan swim
ARGEVT Joe Rogan abandon
ARGLOG Joe Rogan t  46.7 pos '173.7 1180.8 -295.8' spd 170.8 yaw 154.9 mode 0 st 1 gl 1 hp 100 frg 0
ARGLOG Romero t  46.7 pos '1088.0 1059.6 -204.4' spd  63.1 yaw 334 mode 2 st 0 gl 0 hp 193 frg 0
ARGLOG Carmack t  46.7 pos '1277.1 1193.5 -284.7' spd 463.7 yaw 162.1 mode 1 st 7 gl 0 hp 100 frg 0
ARGEVT Joe Rogan swim
ARGEVT Joe Rogan goal weapon_supershotgun
ARGEVT Joe Rogan route 19 start '241.0 1153.0 -312.0' goal '-335.0 2913.0 -56.0'
ARGEVT Joe Rogan swim
ARGEVT Carmack hazard
ARGEVT Joe Rogan swim
ARGUS Romero wallslide
ARGEVT Romero hazard
ARGEVT Joe Rogan swim
ARGLOG Joe Rogan t  47.2 pos '141.6 1196.5 -294.8' spd 113.8 yaw 350 mode 2 st 1 gl 1 hp 100 frg 0
ARGLOG Romero t  47.2 pos '1087.3 1016.5 -248.0' spd  86.6 yaw 5 mode 2 st 0 gl 0 hp 193 frg 0
ARGLOG Carmack t  47.2 pos '1274.7 1145.7 -260.8' spd 345.5 yaw 241 mode 1 st 7 gl 0 hp 100 frg 0
ARGEVT Joe Rogan swim
ARGEVT Joe Rogan swim
ARGEVT Joe Rogan swim
ARGEVT Joe Rogan swim
ARGLOG Joe Rogan t  47.7 pos '161.5 1252.4 -296.4' spd 117.8 yaw 342 mode 2 st 1 gl 1 hp 100 frg 0
ARGEVT Joe Rogan swim
ARGLOG Romero t  47.7 pos '1087.7 999.2 -248.0' spd  76.7 yaw 352.3 mode 2 st 0 gl 0 hp 193 frg 0
ARGLOG Carmack t  47.7 pos '1183.4 1003.3 -256.0' spd 331.5 yaw 187.7 mode 1 st 7 gl 0 hp 100 frg 0
ARGEVT Joe Rogan swim
ARGEVT Joe Rogan swim
ARGEVT Joe Rogan swim
ARGUS Romero wallslide
ARGEVT Romero hazard
ARGEVT Joe Rogan swim
ARGLOG Joe Rogan t  48.2 pos '198.2 1298.3 -295.3' spd 118.0 yaw 334 mode 2 st 1 gl 1 hp 100 frg 0
ARGLOG Romero t  48.2 pos '1087.5 1042.4 -248.0' spd  61.5 yaw 346 mode 2 st 0 gl 0 hp 193 frg 0
ARGLOG Carmack t  48.2 pos '1177.4 986.5 -256.0' spd 279.3 yaw 54 mode 1 st 7 gl 0 hp 100 frg 0
ARGEVT Joe Rogan swim
ARGEVT Joe Rogan swim
ARGLOG Joe Rogan t  48.8 pos '287.4 1282.8 -312.0' spd 320.3 yaw 330 mode 2 st 1 gl 1 hp 100 frg 0
ARGLOG Romero t  48.8 pos '1088.0 1068.8 -248.0' spd  41.1 yaw 329 mode 2 st 0 gl 0 hp 193 frg 0
ARGLOG Carmack t  48.8 pos '1301.0 1107.5 -256.0' spd 428.3 yaw 321.0 mode 1 st 7 gl 0 hp 100 frg 0
ARGEVT Romero stall
ARGEVT Romero stallnode '1201.0 961.0 -256.0'
ARGEVT Romero jump
ARGEVT Romero route 2 start '977.0 993.0 -248.0' goal '1201.0 961.0 -256.0'
ARGLOG Joe Rogan t  49.3 pos '430.0 1205.2 -312.0' spd 320.1 yaw 299 mode 2 st 1 gl 1 hp 100 frg 0
ARGLOG Romero t  49.3 pos '1088.0 999.8 -207.2' spd 196.5 yaw 342 mode 2 st 1 gl 0 hp 193 frg 0
ARGLOG Carmack t  49.3 pos '1359.1 941.6 -256.0' spd 483.4 yaw 158.4 mode 1 st 7 gl 0 hp 100 frg 0
ARGUS Romero wallslide
ARGLOG Joe Rogan t  49.8 pos '552.7 1091.4 -312.0' spd 340.1 yaw 311 mode 2 st 1 gl 1 hp 100 frg 0
ARGLOG Romero t  49.8 pos '1063.3 976.0 -248.0' spd 261.4 yaw 354 mode 2 st 1 gl 0 hp 193 frg 0
ARGLOG Carmack t  49.8 pos '1192.8 1033.6 -256.0' spd 452.7 yaw  42.4 mode 1 st 7 gl 0 hp 100 frg 0
ARGEVT Joe Rogan swim
ARGUS Carmack wallslide
ARGEVT Joe Rogan engage Romero
ARGEVT Romero engage Joe Rogan
ARGEVT Romero jump
ARGLOG Joe Rogan t  50.3 pos '608.1 943.7 -305.3' spd 302.7 yaw 355.8 mode 2 st 1 gl 1 hp 100 frg 0
ARGLOG Romero t  50.3 pos '903.7 947.0 -212.4' spd 332.1 yaw 183.3 mode 2 st 1 gl 0 hp 193 frg 0
ARGLOG Carmack t  50.3 pos '1335.1 1042.7 -256.0' spd 453.8 yaw 241.7 mode 1 st 7 gl 0 hp 100 frg 0
ARGEVT Romero route 2 start '881.0 961.0 -248.0' goal '1201.0 961.0 -256.0'
ARGEVT Carmack hazard
ARGLOG Joe Rogan t  50.8 pos '644.4 942.1 -303.4' spd 159.4 yaw 345.1 mode 2 st 1 gl 1 hp 96 frg 0
ARGLOG Romero t  50.8 pos '792.0 879.3 -236.1' spd 163.3 yaw 170.8 mode 2 st 1 gl 0 hp 160 frg 0
ARGLOG Carmack t  50.8 pos '1211.8 895.7 -256.0' spd 333.3 yaw 153.8 mode 1 st 7 gl 0 hp 100 frg 0
ARGEVT Romero swim
ARGEVT Joe Rogan swim
ARGEVT Romero swim
ARGEVT Joe Rogan swim
ARGLOG Joe Rogan t  51.3 pos '654.9 975.1 -295.7' spd  48.5 yaw 303.1 mode 2 st 1 gl 1 hp 96 frg 0
ARGLOG Romero t  51.3 pos '769.0 828.2 -295.6' spd  45.1 yaw 124.7 mode 2 st 1 gl 0 hp 160 frg 0
ARGLOG Carmack t  51.3 pos '1200.2 962.9 -256.0' spd 363.3 yaw 133.6 mode 1 st 7 gl 0 hp 100 frg 0
ARGEVT Joe Rogan swim
ARGEVT Romero swim
ARGEVT Joe Rogan swim
ARGEVT Romero swim
ARGEVT Joe Rogan swim
ARGEVT Romero swim
ARGEVT Joe Rogan swim
ARGEVT Romero swim
ARGEVT Joe Rogan swim
ARGEVT Romero swim
ARGLOG Joe Rogan t  51.8 pos '543.0 1016.9 -295.0' spd 252.5 yaw 322.9 mode 0 st 1 gl 1 hp 64 frg 0
ARGLOG Romero t  51.8 pos '868.6 832.1 -295.2' spd 198.9 yaw 147.1 mode 2 st 1 gl 0 hp 131 frg 0
ARGLOG Carmack t  51.8 pos '1225.6 1102.7 -256.0' spd  53.7 yaw 130.7 mode 1 st 7 gl 0 hp 100 frg 0
ARGEVT Carmack hazard
ARGEVT Joe Rogan swim
ARGEVT Romero swim
ARGEVT Joe Rogan route 17 start '561.0 1121.0 -312.0' goal '-335.0 2913.0 -56.0'
ARGEVT Joe Rogan swim
ARGEVT Romero swim
ARGEVT Romero swim
ARGEVT Romero swim
ARGLOG Joe Rogan t  52.3 pos '538.3 1056.4 -303.8' spd 157.6 yaw 339.0 mode 2 st 1 gl 1 hp 60 frg 0
ARGLOG Romero t  52.3 pos '988.7 845.4 -295.6' spd 266.2 yaw 160.8 mode 2 st 1 gl 0 hp 119 frg 0
ARGLOG Carmack t  52.3 pos '1181.4 1011.5 -256.0' spd 321.0 yaw 289.8 mode 1 st 7 gl 0 hp 100 frg 0
ARGEVT Romero swim
ARGUS Romero wallslide
ARGUS Carmack wallslide
ARGEVT Romero jump
ARGEVT Joe Rogan pursue
ARGEVT Romero pursue
ARGLOG Joe Rogan t  52.8 pos '594.3 1149.5 -304.1' spd 241.3 yaw 328.8 mode 2 st 1 gl 1 hp 60 frg 0
ARGLOG Romero t  52.8 pos '991.8 913.4 -254.5' spd  41.9 yaw 159.5 mode 2 st 1 gl 0 hp 118 frg 0
ARGLOG Carmack t  52.8 pos '1200.2 869.4 -256.0' spd 330.0 yaw 192.2 mode 1 st 7 gl 0 hp 100 frg 0
ARGEVT Carmack hazard
ARGUS Joe Rogan hunch item_armor2
ARGEVT Joe Rogan goal item_health
ARGEVT Joe Rogan route 6 start '561.0 1121.0 -312.0' goal '1169.0 897.0 -408.0'
ARGEVT Joe Rogan pursue
ARGLOG Joe Rogan t  53.3 pos '622.5 1189.1 -304.5' spd 110.6 yaw 212.3 mode 2 st 1 gl 1 hp 60 frg 0
ARGLOG Romero t  53.3 pos '982.0 933.6 -264.0' spd  81.7 yaw 162 mode 2 st 1 gl 0 hp 118 frg 0
ARGLOG Carmack t  53.3 pos '1202.0 921.4 -256.0' spd 321.2 yaw  97.1 mode 1 st 7 gl 0 hp 100 frg 0
ARGEVT Romero jump
ARGLOG Joe Rogan t  53.8 pos '570.2 1147.2 -304.4' spd 161.9 yaw 318.3 mode 2 st 1 gl 1 hp 60 frg 0
ARGLOG Romero t  53.8 pos '840.0 988.7 -205.8' spd 320.7 yaw 164 mode 0 st 1 gl 0 hp 117 frg 0
ARGLOG Carmack t  53.8 pos '1213.3 1086.3 -256.0' spd 382.1 yaw 128.8 mode 1 st 7 gl 0 hp 100 frg 0
ARGUS Romero hunch item_artifact_invulnerability
ARGEVT Romero goal weapon_nailgun
ARGEVT Carmack hazard
ARGEVT Romero route 8 start '817.0 1025.0 -248.0' goal '465.0 577.0  24.0'
ARGEVT Romero pursue
ARGLOG Joe Rogan t  54.3 pos '609.8 1065.8 -304.7' spd 220.0 yaw 331 mode 2 st 1 gl 1 hp 60 frg 0
ARGLOG Romero t  54.3 pos '850.0 988.0 -248.0' spd 353.5 yaw  46.6 mode 2 st 1 gl 0 hp 117 frg 0
ARGLOG Carmack t  54.3 pos '1179.7 1052.9 -256.0' spd 335.9 yaw 248.2 mode 1 st 7 gl 0 hp 100 frg 0
ARGEVT Carmack abandon
ARGEVT Carmack goal weapon_supershotgun
ARGEVT Carmack route 12 start '1201.0 961.0 -256.0' goal '-335.0 2913.0 -56.0'
ARGEVT Joe Rogan pursue
ARGEVT Romero hazard
ARGUS Carmack wallslide
ARGLOG Joe Rogan t  54.8 pos '654.1 975.9 -305.1' spd 196.3 yaw 340 mode 2 st 1 gl 1 hp 60 frg 0
ARGLOG Romero t  54.8 pos '866.4 1096.2 -248.0' spd 320.8 yaw 168.8 mode 2 st 1 gl 0 hp 116 frg 0
ARGLOG Carmack t  54.8 pos '1207.2 925.5 -256.0' spd 263.2 yaw 308.0 mode 2 st 7 gl 0 hp 100 frg 0
ARGEVT Joe Rogan swim
ARGEVT Carmack hazard
ARGEVT Joe Rogan swim
ARGLOG Joe Rogan t  55.3 pos '721.5 900.1 -296.6' spd 222.9 yaw  31.0 mode 2 st 1 gl 1 hp 36 frg 0
ARGLOG Romero t  55.3 pos '842.0 963.9 -264.0' spd 323.9 yaw 216.3 mode 2 st 1 gl 0 hp 100 frg 0
ARGLOG Carmack t  55.3 pos '1246.2 752.3 -256.0' spd 404.3 yaw 140 mode 2 st 7 gl 0 hp 100 frg 0
ARGEVT Joe Rogan swim
ARGEVT Joe Rogan swim
ARGEVT Carmack route 12 start '1265.0 737.0 -256.0' goal '-335.0 2913.0 -56.0'
ARGEVT Joe Rogan swim
ARGEVT Joe Rogan swim
ARGEVT Romero swim
ARGLOG Joe Rogan t  55.9 pos '730.6 849.0 -295.7' spd  53.8 yaw 354.5 mode 2 st 1 gl 1 hp 36 frg 0
ARGLOG Romero t  55.9 pos '887.5 806.1 -326.3' spd 342.8 yaw 176.6 mode 2 st 1 gl 0 hp 100 frg 0
ARGLOG Carmack t  55.9 pos '1229.2 812.0 -256.0' spd 351.0 yaw 74 mode 2 st 7 gl 0 hp 100 frg 0
ARGEVT Joe Rogan swim
ARGEVT Joe Rogan retreat
ARGEVT Joe Rogan swim
ARGEVT Joe Rogan swim
ARGEVT Joe Rogan swim
ARGLOG Joe Rogan t  56.4 pos '718.8 900.1 -295.6' spd 125.3 yaw 330.9 mode 2 st 1 gl 1 hp 20 frg 0
ARGLOG Romero t  56.4 pos '937.5 739.8 -301.0' spd 124.6 yaw 142.1 mode 2 st 1 gl 0 hp 84 frg 0
ARGLOG Carmack t  56.4 pos '1203.2 977.4 -256.0' spd 340.5 yaw 120.6 mode 2 st 7 gl 0 hp 100 frg 0
ARGEVT Joe Rogan swim
ARGEVT Carmack hazard
ARGEVT Joe Rogan swim
ARGEVT Romero swim
ARGEVT Joe Rogan swim
ARGEVT Romero swim
ARGEVT Joe Rogan death Romero pos '709.9 945.5 -295.0'
ARGUS Romero watch spawn
ARGEVT Romero goal item_armor2
ARGEVT Romero swim
ARGEVT Romero route 5 start '945.0 801.0 -328.0' goal '1297.0 1057.0 -408.0'
ARGLOG Romero t  56.9 pos '991.9 776.3 -295.3' spd  70.9 yaw 113.7 mode 2 st 1 gl 0 hp 76 frg 1
ARGLOG Carmack t  56.9 pos '1208.6 1053.7 -256.0' spd 296.1 yaw 233 mode 2 st 7 gl 0 hp 100 frg 0
ARGEVT Romero swim
ARGEVT Romero swim
ARGEVT Romero swim
ARGEVT Romero swim
ARGLOG Romero t  57.4 pos '982.8 815.7 -295.8' spd  89.1 yaw 156 mode 2 st 1 gl 0 hp 76 frg 1
ARGLOG Carmack t  57.4 pos '1179.2 928.0 -251.1' spd  78.0 yaw 144 mode 2 st 7 gl 0 hp 100 frg 0
ARGEVT Romero swim
ARGUS Carmack wallslide
ARGEVT Romero swim
ARGEVT Romero swim
ARGEVT Romero swim
ARGLOG Romero t  57.9 pos '950.5 860.2 -296.0' spd 243.0 yaw 162 mode 2 st 1 gl 0 hp 76 frg 1
ARGLOG Carmack t  57.9 pos '1306.5 872.8 -256.0' spd 414.5 yaw 260.4 mode 2 st 7 gl 0 hp 100 frg 0
ARGEVT Joe Rogan respawn
ARGEVT Carmack engage Joe Rogan
ARGEVT Joe Rogan goal backpack
ARGEVT Joe Rogan engage Carmack
ARGLOG Joe Rogan t  58.2 pos '1312.0 880.0 -256.0' spd 0 yaw  98.6 mode 0 st 1 gl 1 hp 100 frg 0
ARGEVT Joe Rogan grab item_armor2
ARGEVT Joe Rogan route 12 start '1329.0 865.0 -256.0' goal '689.0 929.0 -344.0'
ARGLOG Romero t  58.4 pos '799.3 917.5 -312.0' spd 320.6 yaw 168 mode 2 st 1 gl 0 hp 76 frg 1
ARGLOG Carmack t  58.4 pos '1248.2 709.9 -256.0' spd 183.5 yaw  80.1 mode 0 st 7 gl 0 hp 100 frg 0
ARGEVT Carmack route 12 start '1265.0 737.0 -256.0' goal '-335.0 2913.0 -56.0'
ARGEVT Romero swim
ARGLOG Joe Rogan t  58.7 pos '1309.1 1021.6 -256.0' spd 320.5 yaw 279.1 mode 2 st 1 gl 1 hp 100 frg 0
ARGEVT Romero engage Joe Rogan
ARGEVT Joe Rogan goal weapon_rocketlauncher
ARGLOG Romero t  58.9 pos '678.7 984.0 -305.6' spd  86.4 yaw   3.0 mode 2 st 1 gl 0 hp 76 frg 1
ARGLOG Carmack t  58.9 pos '1366.5 689.3 -256.0' spd 256.7 yaw 100.6 mode 2 st 7 gl 0 hp 84 frg 0
ARGEVT Joe Rogan route 19 start '1265.0 1089.0 -256.0' goal '145.0 2337.0  40.0'
ARGEVT Carmack grab item_health
ARGLOG Joe Rogan t  59.2 pos '1313.3 1050.5 -256.0' spd  85.2 yaw 260.6 mode 2 st 1 gl 1 hp 96 frg 0
ARGEVT Romero swim
ARGEVT Romero swim
ARGLOG Romero t  59.4 pos '698.2 984.0 -295.6' spd  84.5 yaw   7.8 mode 2 st 1 gl 0 hp 76 frg 1
ARGLOG Carmack t  59.4 pos '1245.6 733.2 -256.0' spd 165.0 yaw  77.1 mode 2 st 7 gl 0 hp 60 frg 0
ARGEVT Romero swim
ARGEVT Romero swim
ARGEVT Romero swim
ARGLOG Joe Rogan t  59.8 pos '1313.9 1047.4 -256.0' spd  10.6 yaw 262.1 mode 2 st 1 gl 1 hp 88 frg 0
ARGEVT Joe Rogan grab weapon_grenadelauncher
ARGEVT Romero swim
ARGLOG Romero t  59.9 pos '748.0 984.0 -296.0' spd 109.0 yaw   6.6 mode 2 st 1 gl 0 hp 76 frg 1
ARGLOG Carmack t  59.9 pos '1351.9 845.4 -256.0' spd 174.1 yaw  97.3 mode 2 st 7 gl 0 hp 75 frg 0
ARGEVT Romero swim
ARGEVT Carmack grab item_health
ARGLOG Joe Rogan t  60.3 pos '1207.9 1041.9 -256.0' spd 159.3 yaw 296.7 mode 2 st 1 gl 1 hp 100 frg 0
ARGEVT Carmack hazard
ARGLOG Romero t  60.4 pos '819.3 852.7 -314.8' spd 314.4 yaw  17.9 mode 2 st 1 gl 0 hp 76 frg 1
ARGLOG Carmack t  60.4 pos '1220.4 876.2 -256.0' spd 364.8 yaw  93.2 mode 2 st 7 gl 0 hp 75 frg 0
ARGEVT Romero pursue
ARGEVT Carmack grab item_armor2
ARGLOG Joe Rogan t  60.8 pos '1216.9 1038.5 -256.0' spd  82.0 yaw 247.1 mode 2 st 1 gl 1 hp 92 frg 0
ARGLOG Romero t  60.9 pos '884.2 775.5 -295.5' spd 136.9 yaw 38 mode 2 st 1 gl 0 hp 76 frg 1
ARGLOG Carmack t  60.9 pos '1199.7 954.9 -256.0' spd 263.4 yaw  68.2 mode 2 st 7 gl 0 hp 67 frg 0
ARGEVT Romero swim
ARGEVT Romero swim
ARGEVT Romero swim
ARGLOG Joe Rogan t  61.3 pos '1217.9 1038.5 -256.0' spd  13.1 yaw 329.3 mode 2 st 1 gl 1 hp 68 frg 0
ARGEVT Joe Rogan grab item_armor2
ARGEVT Romero swim
ARGLOG Romero t  61.4 pos '956.7 775.2 -296.1' spd 146.6 yaw 45 mode 2 st 1 gl 0 hp 76 frg 1
ARGEVT Romero swim
ARGLOG Carmack t  61.4 pos '1321.8 1062.8 -256.0' spd 245.6 yaw 180.1 mode 2 st 7 gl 0 hp 63 frg 0
ARGUS Carmack bodyblock
ARGUS Joe Rogan wallslide
ARGEVT Romero swim
ARGUS Joe Rogan bodyblock
ARGUS Romero hunch item_health
ARGEVT Romero swim
ARGEVT Romero goal item_armor2
ARGEVT Romero route 5 start '945.0 801.0 -328.0' goal '1297.0 1057.0 -408.0'
ARGEVT Romero swim
ARGLOG Joe Rogan t  61.8 pos '1295.8 990.2 -256.0' spd 328.7 yaw  76.1 mode 2 st 1 gl 1 hp 44 frg 0
ARGEVT Joe Rogan grab item_health
ARGEVT Romero swim
ARGLOG Romero t  61.9 pos '991.5 766.5 -294.9' spd  51.7 yaw 219.2 mode 2 st 1 gl 0 hp 76 frg 1
ARGLOG Carmack t  61.9 pos '1259.1 1119.7 -238.1' spd  79.2 yaw 287.4 mode 2 st 7 gl 0 hp 39 frg 0
ARGEVT Romero swim
ARGEVT Romero swim
ARGEVT Romero swim
ARGEVT Romero pursue
ARGEVT Carmack grab item_health
ARGLOG Joe Rogan t  62.3 pos '1206.5 929.3 -256.0' spd 392.9 yaw  82.5 mode 2 st 1 gl 1 hp 40 frg 0
ARGEVT Romero swim
ARGLOG Romero t  62.4 pos '961.9 756.8 -295.3' spd 100.5 yaw  70.9 mode 2 st 1 gl 0 hp 76 frg 1
ARGLOG Carmack t  62.4 pos '1274.3 1043.1 -256.0' spd 355.7 yaw 234.2 mode 2 st 7 gl 0 hp 39 frg 0
ARGEVT Romero swim
ARGEVT Carmack retreat
ARGEVT Joe Rogan retreat
ARGEVT Romero swim
ARGUS Joe Rogan wallslide
ARGEVT Romero swim
ARGLOG Joe Rogan t  62.8 pos '1205.0 921.5 -256.0' spd 196.1 yaw  44.0 mode 2 st 1 gl 1 hp 16 frg 0
ARGEVT Romero swim
ARGEVT Romero swim
ARGLOG Romero t  62.9 pos '938.3 806.7 -295.4' spd 119.7 yaw  83.2 mode 2 st 1 gl 0 hp 76 frg 1
ARGLOG Carmack t  62.9 pos '1199.4 943.8 -256.0' spd 395.5 yaw 254.6 mode 2 st 7 gl 0 hp 31 frg 0
ARGEVT Carmack hazard
ARGEVT Romero swim
ARGEVT Romero swim
ARGEVT Romero swim
ARGLOG Joe Rogan t  63.3 pos '1254.3 767.9 -256.0' spd 320.1 yaw 105.0 mode 2 st 1 gl 1 hp 12 frg 0
ARGLOG Romero t  63.5 pos '933.0 876.8 -296.0' spd 279.7 yaw  34.3 mode 2 st 1 gl 0 hp 76 frg 1
ARGLOG Carmack t  63.5 pos '1185.1 957.3 -256.0' spd 240 yaw 289.6 mode 2 st 7 gl 0 hp 31 frg 0
ARGEVT Romero jump
ARGEVT Joe Rogan route 18 start '1265.0 737.0 -256.0' goal '145.0 2337.0  40.0'
ARGEVT Joe Rogan hazard
ARGEVT Carmack grab item_armor2
ARGLOG Joe Rogan t  63.8 pos '1234.3 621.4 -256.0' spd 239.9 yaw 102.1 mode 2 st 1 gl 1 hp 12 frg 0
ARGLOG Romero t  64.0 pos '1026.3 1013.3 -244.8' spd 328.2 yaw 340 mode 2 st 1 gl 0 hp 76 frg 1
ARGLOG Carmack t  64.0 pos '1214.0 966.5 -256.0' spd 320.1 yaw 276.6 mode 2 st 7 gl 0 hp 7 frg 0
ARGEVT Carmack death Joe Rogan pos '1228.6 977.9 -256.0'
ARGUS Joe Rogan watch spawn
ARGEVT Romero hazard
ARGEVT Joe Rogan goal item_health
ARGEVT Joe Rogan route 2 start '1361.0 673.0 -256.0' goal '1169.0 897.0 -408.0'
ARGLOG Joe Rogan t  64.3 pos '1346.4 675.3 -256.0' spd 429.3 yaw 111.9 mode 2 st 1 gl 1 hp 12 frg 1
ARGLOG Romero t  64.5 pos '1072.0 1061.7 -248.0' spd  20.3 yaw 301 mode 2 st 1 gl 0 hp 76 frg 1
ARGLOG Joe Rogan t  64.8 pos '1313.9 853.3 -256.0' spd 331.6 yaw 141 mode 2 st 1 gl 1 hp 12 frg 1
ARGLOG Romero t  65.0 pos '1072.0 1065.7 -248.0' spd   5.6 yaw 300 mode 2 st 1 gl 0 hp 76 frg 1
ARGEVT Romero hazard
ARGEVT Joe Rogan hazard
ARGEVT Romero stall
ARGEVT Romero stallnode '1201.0 961.0 -256.0'
ARGEVT Romero jump
ARGLOG Joe Rogan t  65.3 pos '1178.3 945.8 -256.0' spd 381.5 yaw 241.8 mode 2 st 1 gl 1 hp 12 frg 1
ARGUS Joe Rogan wallslide
ARGEVT Romero route 4 start '977.0 993.0 -248.0' goal '1297.0 1057.0 -408.0'
ARGLOG Romero t  65.5 pos '1083.2 1072.0 -214.1' spd  36.4 yaw 219 mode 2 st 2 gl 0 hp 76 frg 1
ARGEVT Carmack respawn
ARGEVT Carmack goal weapon_rocketlauncher
ARGLOG Carmack t  65.5 pos '832.0 2048.0 -152.0' spd 0 yaw   4.5 mode 0 st 7 gl 0 hp 100 frg 0
ARGEVT Carmack route 18 start '785.0 2049.0 -152.0' goal '145.0 2337.0  40.0'
ARGEVT Carmack hazard
ARGLOG Joe Rogan t  65.9 pos '1240.6 855.9 -256.0' spd 355.4 yaw 256.5 mode 2 st 1 gl 1 hp 12 frg 1
ARGLOG Romero t  66.0 pos '1085.4 1056.4 -248.0' spd  75.6 yaw 215 mode 2 st 2 gl 0 hp 76 frg 1
ARGLOG Carmack t  66.0 pos '854.2 2105.3 -149.8' spd 320.4 yaw 175 mode 2 st 7 gl 0 hp 100 frg 0
ARGLOG Joe Rogan t  66.4 pos '1233.1 765.1 -256.0' spd 323.1 yaw 102 mode 2 st 1 gl 1 hp 12 frg 1
ARGUS Romero wallslide
ARGEVT Carmack jump
ARGLOG Romero t  66.5 pos '999.2 958.5 -248.0' spd 203.9 yaw 0 mode 2 st 2 gl 0 hp 76 frg 1
ARGLOG Carmack t  66.5 pos '769.2 2053.8 -122.5' spd 257.6 yaw 204 mode 2 st 7 gl 0 hp 100 frg 0
ARGEVT Romero jump
ARGUS Joe Rogan wallslide
ARGLOG Joe Rogan t  66.9 pos '1200.0 926.9 -256.0' spd 319.2 yaw 107 mode 1 st 1 gl 1 hp 12 frg 1
ARGLOG Romero t  67.0 pos '931.0 815.3 -236.3' spd 335.0 yaw 127.6 mode 2 st 2 gl 0 hp 76 frg 1
ARGLOG Carmack t  67.0 pos '769.0 2000.0 -112.0' spd 0 yaw 195 mode 2 st 7 gl 0 hp 100 frg 0
ARGEVT Joe Rogan hazard
ARGLOG Joe Rogan t  67.4 pos '1172.3 1038.6 -256.0' spd 222.4 yaw 267.2 mode 1 st 1 gl 1 hp 12 frg 1
ARGEVT Romero swim
ARGLOG Romero t  67.5 pos '832.8 909.1 -295.8' spd 351.2 yaw 1 mode 2 st 2 gl 0 hp 76 frg 1
ARGLOG Carmack t  67.6 pos '769.0 2000.0 -112.0' spd 0 yaw 195 mode 2 st 7 gl 0 hp 100 frg 0
ARGLOG Joe Rogan t  67.9 pos '1255.3 934.1 -256.0' spd 373.7 yaw  52.8 mode 1 st 1 gl 1 hp 12 frg 1
ARGLOG Romero t  68.0 pos '981.1 975.4 -248.0' spd 328.1 yaw 348 mode 2 st 2 gl 0 hp 76 frg 1
ARGUS Romero wallslide
ARGLOG Carmack t  68.1 pos '769.0 2000.0 -112.0' spd 0 yaw 195 mode 2 st 7 gl 0 hp 100 frg 0
ARGEVT Carmack stall
ARGEVT Carmack stallnode '593.0 1953.0 -104.0'
ARGEVT Carmack jump
ARGEVT Romero hazard
ARGEVT Joe Rogan hazard
ARGLOG Joe Rogan t  68.4 pos '1281.7 1114.9 -256.0' spd 374.3 yaw 214.1 mode 1 st 1 gl 1 hp 12 frg 1
ARGUS routecache adopt
ARGEVT Carmack route 17 start '753.0 2113.0 -124.0' goal '145.0 2337.0  40.0'
ARGEVT Romero jump
ARGLOG Romero t  68.5 pos '1088.0 1038.2 -231.2' spd 219.1 yaw 300 mode 2 st 2 gl 0 hp 76 frg 1
ARGLOG Carmack t  68.6 pos '757.5 2001.4 -68.4' spd  48.8 yaw 197 mode 2 st 8 gl 0 hp 100 frg 0
ARGEVT Romero engage Joe Rogan
ARGLOG Joe Rogan t  68.9 pos '1243.8 1036.7 -232.7' spd 273.8 yaw 239 mode 1 st 1 gl 1 hp 12 frg 1
ARGLOG Romero t  69.0 pos '1088.0 1044.5 -230.5' spd  57.2 yaw 348.3 mode 2 st 2 gl 0 hp 76 frg 1
ARGLOG Carmack t  69.1 pos '744.2 2062.2 -128.0' spd 321.8 yaw 216 mode 2 st 8 gl 0 hp 100 frg 0
ARGEVT Carmack jump
ARGEVT Romero hazard
ARGEVT Romero pursue
ARGEVT Joe Rogan hazard
ARGLOG Joe Rogan t  69.4 pos '1168.2 945.6 -256.0' spd 347.3 yaw 116.4 mode 1 st 1 gl 1 hp 12 frg 1
ARGUS Romero wallslide
ARGLOG Romero t  69.5 pos '1036.3 976.2 -248.0' spd  31.2 yaw 337.3 mode 2 st 2 gl 0 hp 76 frg 1
ARGLOG Carmack t  69.6 pos '714.4 2213.6 -95.8' spd 340.5 yaw 230 mode 2 st 8 gl 0 hp 100 frg 0
ARGUS Romero hunch item_health
ARGEVT Romero goal item_armor2
ARGEVT Romero route 4 start '977.0 993.0 -248.0' goal '1297.0 1057.0 -408.0'
ARGEVT Romero pursue
ARGLOG Joe Rogan t  69.9 pos '1253.9 1094.3 -256.0' spd 465.1 yaw 312.9 mode 1 st 1 gl 1 hp 12 frg 1
ARGLOG Romero t  70.0 pos '989.2 981.8 -248.0' spd 360.0 yaw 136.2 mode 2 st 2 gl 0 hp 76 frg 1
ARGLOG Carmack t  70.1 pos '672.0 2212.2 -269.7' spd  31.2 yaw 235 mode 2 st 8 gl 0 hp 100 frg 0
ARGEVT Carmack hazard
ARGEVT Romero hazard
ARGLOG Joe Rogan t  70.4 pos '1301.1 924.0 -256.0' spd 459.2 yaw 165 mode 1 st 1 gl 1 hp 12 frg 1
ARGLOG Romero t  70.5 pos '959.5 1095.3 -248.0' spd 320.1 yaw  15.5 mode 2 st 2 gl 0 hp 76 frg 1
ARGEVT Joe Rogan hazard
ARGLOG Carmack t  70.6 pos '683.1 2128.0 -376.0' spd 175.5 yaw 224 mode 2 st 8 gl 0 hp 95 frg 0
ARGEVT Romero pursue
ARGUS Romero wallslide
ARGUS Carmack wallslide
ARGLOG Joe Rogan t  70.9 pos '1178.0 1026.6 -256.0' spd 221.7 yaw 242.6 mode 1 st 1 gl 1 hp 12 frg 1
ARGLOG Romero t  71.1 pos '1083.5 1063.7 -248.0' spd 290.6 yaw 333 mode 2 st 2 gl 0 hp 76 frg 1
ARGEVT Romero jump
ARGLOG Carmack t  71.1 pos '702.3 1976.2 -376.0' spd 272.1 yaw 194 mode 2 st 8 gl 0 hp 95 frg 0
ARGEVT Carmack hazard
ARGLOG Joe Rogan t  71.4 pos '1214.8 907.4 -256.0' spd 398.0 yaw 353.0 mode 1 st 1 gl 1 hp 12 frg 1
ARGLOG Romero t  71.6 pos '1088.0 1043.2 -217.6' spd  86.0 yaw 346 mode 2 st 2 gl 0 hp 76 frg 1
ARGLOG Carmack t  71.6 pos '688.9 1994.4 -376.0' spd 188.6 yaw 199 mode 2 st 8 gl 0 hp 95 frg 0
ARGUS Romero wallslide
ARGEVT Romero hazard
ARGLOG Joe Rogan t  71.9 pos '1370.0 988.7 -256.0' spd 486.2 yaw 155.8 mode 1 st 1 gl 1 hp 12 frg 1
ARGLOG Romero t  72.1 pos '1087.1 1000.3 -248.0' spd  54.4 yaw 309 mode 2 st 2 gl 0 hp 76 frg 1
ARGLOG Carmack t  72.1 pos '687.1 2023.9 -376.0' spd  34.8 yaw 205 mode 2 st 8 gl 0 hp 95 frg 0
ARGEVT Carmack hazard
ARGLOG Joe Rogan t  72.4 pos '1186.4 1010.7 -256.0' spd 423.6 yaw 276 mode 1 st 1 gl 1 hp 12 frg 1
ARGEVT Carmack stall
ARGEVT Carmack stallnode '593.0 1953.0 -104.0'
ARGEVT Carmack jump
ARGEVT Joe Rogan hazard
ARGLOG Romero t  72.6 pos '1087.9 1018.8 -248.0' spd 134.9 yaw 304 mode 2 st 2 gl 0 hp 76 frg 1
ARGLOG Carmack t  72.6 pos '681.9 1972.0 -346.4' spd 275.8 yaw 167.6 mode 0 st 9 gl 0 hp 95 frg 0
ARGEVT Carmack route 27 start '689.0 1985.0 -376.0' goal '145.0 2337.0  40.0'
ARGUS Romero wallslide
ARGEVT Romero hazard
ARGLOG Joe Rogan t  73.0 pos '1304.1 924.5 -256.0' spd 450.1 yaw  76.8 mode 1 st 1 gl 1 hp 12 frg 1
ARGLOG Romero t  73.1 pos '1088.0 1056.9 -248.0' spd  50.0 yaw 297 mode 2 st 2 gl 0 hp 76 frg 1
ARGLOG Carmack t  73.1 pos '673.6 1955.1 -372.2' spd  50.4 yaw 324 mode 2 st 9 gl 0 hp 95 frg 0
ARGLOG Joe Rogan t  73.5 pos '1255.9 1093.1 -256.0' spd 480.5 yaw 238.4 mode 1 st 1 gl 1 hp 12 frg 1
ARGLOG Romero t  73.6 pos '1088.0 1050.8 -248.0' spd 193.5 yaw 298 mode 2 st 2 gl 0 hp 76 frg 1
ARGEVT Joe Rogan hazard
ARGLOG Carmack t  73.6 pos '818.4 1915.2 -404.1' spd 329.8 yaw 327 mode 2 st 9 gl 0 hp 95 frg 0
ARGUS Romero wallslide
ARGEVT Carmack hazard
ARGEVT Romero hazard
ARGUS Carmack wallslide
ARGLOG Joe Rogan t  74.0 pos '1208.4 921.5 -256.0' spd 480.2 yaw 184.6 mode 1 st 1 gl 1 hp 12 frg 1
ARGLOG Romero t  74.1 pos '1087.4 994.9 -248.0' spd  62.0 yaw 310 mode 2 st 2 gl 0 hp 76 frg 1
ARGLOG Carmack t  74.1 pos '880.0 1915.2 -408.0' spd  20.1 yaw 321 mode 2 st 9 gl 0 hp 95 frg 0
ARGUS Joe Rogan wallslide
ARGLOG Joe Rogan t  74.5 pos '1185.5 984.1 -256.0' spd 392.4 yaw 158.8 mode 1 st 1 gl 1 hp 12 frg 1
ARGEVT Romero stall
ARGEVT Romero stallnode '1201.0 961.0 -256.0'
ARGEVT Romero jump
ARGLOG Romero t  74.6 pos '1087.7 1023.4 -222.5' spd 140.7 yaw  47.6 mode 0 st 3 gl 0 hp 76 frg 1
ARGLOG Carmack t  74.7 pos '880.0 1926.4 -408.0' spd  22.0 yaw 319 mode 2 st 9 gl 0 hp 95 frg 0
ARGEVT Romero route 4 start '977.0 993.0 -248.0' goal '1297.0 1057.0 -408.0'
ARGEVT Joe Rogan hazard
ARGEVT Carmack hazard
ARGLOG Joe Rogan t  75.0 pos '1168.6 978.3 -256.0' spd 371.6 yaw 312 mode 1 st 1 gl 1 hp 12 frg 1
ARGLOG Romero t  75.1 pos '1083.3 1072.0 -237.7' spd  32.5 yaw 219 mode 2 st 3 gl 0 hp 76 frg 1
ARGLOG Carmack t  75.2 pos '883.9 1936.2 -408.0' spd  90.3 yaw 317 mode 2 st 9 gl 0 hp 95 frg 0
ARGUS Carmack wallslide
ARGLOG Joe Rogan t  75.5 pos '1308.8 985.7 -256.0' spd 445.0 yaw 113.9 mode 1 st 1 gl 1 hp 12 frg 1
ARGLOG Romero t  75.6 pos '975.9 988.8 -248.0' spd 321.8 yaw 335 mode 2 st 3 gl 0 hp 176 frg 1
ARGEVT Romero jump
ARGLOG Carmack t  75.7 pos '928.0 1936.7 -408.0' spd  25.7 yaw 311 mode 2 st 9 gl 0 hp 95 frg 0
ARGEVT Joe Rogan hazard
ARGEVT Carmack hazard
ARGLOG Joe Rogan t  76.0 pos '1255.7 1127.7 -231.3' spd 337.9 yaw 202 mode 1 st 1 gl 1 hp 12 frg 1
ARGLOG Romero t  76.1 pos '909.1 843.4 -212.2' spd 360.4 yaw 11 mode 2 st 3 gl 0 hp 176 frg 1
ARGLOG Carmack t  76.2 pos '928.0 1936.0 -408.0' spd 0 yaw 311 mode 2 st 9 gl 0 hp 95 frg 0
ARGEVT Romero swim
ARGLOG Joe Rogan t  76.5 pos '1216.4 1026.4 -256.0' spd 339.1 yaw 184 mode 1 st 1 gl 1 hp 12 frg 1
ARGLOG Romero t  76.6 pos '992.0 718.9 -295.0' spd  24.5 yaw 45 mode 2 st 3 gl 0 hp 176 frg 1
ARGEVT Romero swim
ARGLOG Carmack t  76.7 pos '928.0 1936.0 -408.0' spd 0 yaw 311 mode 2 st 9 gl 0 hp 95 frg 0
ARGEVT Carmack stall
ARGEVT Carmack stallnode '977.0 1729.0 -408.0'
ARGEVT Carmack jump
ARGEVT Romero swim
ARGEVT Carmack route 26 start '817.0 1889.0 -408.0' goal '145.0 2337.0  40.0'
ARGEVT Romero swim
ARGLOG Joe Rogan t  77.0 pos '1198.2 928.0 -256.0' spd 230.2 yaw 322.5 mode 1 st 1 gl 1 hp 12 frg 1
ARGEVT Romero swim
ARGLOG Romero t  77.1 pos '992.0 744.0 -295.1' spd  64.8 yaw 40 mode 2 st 3 gl 0 hp 176 frg 1
ARGEVT Romero swim
ARGLOG Carmack t  77.2 pos '912.1 1936.0 -370.9' spd  45.3 yaw 288 mode 2 st 10 gl 0 hp 95 frg 0
ARGEVT Romero swim
ARGEVT Romero swim
ARGUS Carmack wallslide
ARGEVT Joe Rogan hazard
ARGEVT Romero swim
ARGLOG Joe Rogan t  77.5 pos '1249.9 756.5 -256.0' spd 349.3 yaw 158.0 mode 1 st 1 gl 1 hp 12 frg 1
ARGEVT Romero swim
ARGLOG Romero t  77.6 pos '992.0 781.7 -295.4' spd  83.7 yaw 33 mode 2 st 3 gl 0 hp 176 frg 1
ARGLOG Carmack t  77.7 pos '823.5 1912.4 -408.0' spd 392.2 yaw 327 mode 2 st 10 gl 0 hp 95 frg 0
ARGEVT Romero swim
ARGEVT Romero swim
ARGEVT Romero swim
ARGLOG Joe Rogan t  78.0 pos '1226.2 831.4 -256.0' spd 368.4 yaw 140.5 mode 1 st 1 gl 1 hp 12 frg 1
ARGEVT Romero swim
ARGLOG Romero t  78.1 pos '992.0 827.6 -295.3' spd  96.6 yaw 21 mode 2 st 3 gl 0 hp 176 frg 1
ARGEVT Romero swim
ARGLOG Carmack t  78.2 pos '856.4 1732.3 -408.0' spd 379.2 yaw 0 mode 2 st 10 gl 0 hp 95 frg 0
ARGUS Joe Rogan wallslide
ARGEVT Romero swim
ARGUS Romero wallslide
ARGEVT Carmack hazard
ARGEVT Joe Rogan hazard
ARGLOG Joe Rogan t  78.5 pos '1169.2 1004.7 -256.0' spd 377.7 yaw 201.4 mode 1 st 1 gl 1 hp 12 frg 1
ARGLOG Romero t  78.6 pos '992.0 898.2 -280.0' spd 222.4 yaw 0 mode 2 st 3 gl 0 hp 176 frg 1
ARGLOG Carmack t  78.7 pos '1009.4 1759.4 -408.0' spd 375.1 yaw 323 mode 2 st 10 gl 0 hp 95 frg 0
ARGEVT Romero hazard
ARGLOG Joe Rogan t  79.0 pos '1198.7 928.0 -256.0' spd 305.2 yaw   1.6 mode 1 st 1 gl 1 hp 12 frg 1
ARGLOG Romero t  79.1 pos '1016.0 983.8 -248.0' spd 270.2 yaw 331 mode 2 st 3 gl 0 hp 176 frg 1
ARGLOG Carmack t  79.2 pos '1177.6 1749.8 -408.0' spd 326.0 yaw 300 mode 2 st 10 gl 0 hp 95 frg 0
ARGEVT Joe Rogan engage Carmack
ARGEVT Joe Rogan grab item_health
ARGEVT Joe Rogan retreat
ARGEVT Carmack engage Joe Rogan
ARGUS Romero wallslide
ARGLOG Joe Rogan t  79.5 pos '1293.0 1014.1 -256.0' spd 298.6 yaw  97.2 mode 1 st 1 gl 1 hp 12 frg 1
ARGLOG Romero t  79.7 pos '1088.0 1070.0 -248.0' spd  38.5 yaw 296 mode 2 st 3 gl 0 hp 176 frg 1
ARGLOG Carmack t  79.7 pos '1289.4 1627.4 -408.0' spd 338.2 yaw 261.2 mode 2 st 10 gl 0 hp 100 frg 0
ARGLOG Joe Rogan t  80.0 pos '1181.4 986.5 -256.0' spd 248.0 yaw  73.8 mode 1 st 1 gl 1 hp 37 frg 1
ARGEVT Romero hazard
ARGLOG Romero t  80.2 pos '1087.9 1008.2 -248.0' spd  74.1 yaw 307 mode 2 st 3 gl 0 hp 176 frg 1
ARGEVT Joe Rogan hazard
ARGLOG Carmack t  80.2 pos '1291.8 1464.0 -408.0' spd 320.8 yaw 265.9 mode 2 st 10 gl 0 hp 96 frg 0
ARGEVT Carmack jump
ARGEVT Carmack pursue
ARGEVT Joe Rogan pursue
ARGLOG Joe Rogan t  80.5 pos '1211.6 915.7 -256.0' spd  36.4 yaw 81 mode 1 st 1 gl 1 hp 37 frg 1
ARGLOG Romero t  80.7 pos '1087.6 999.3 -248.0' spd 125.2 yaw 309 mode 2 st 3 gl 0 hp 175 frg 1
ARGUS Romero wallslide
ARGLOG Carmack t  80.7 pos '1267.0 1306.4 -341.1' spd 320.1 yaw 257 mode 2 st 10 gl 0 hp 96 frg 0
ARGEVT Romero stall
ARGEVT Romero stallnode '1201.0 961.0 -256.0'
ARGEVT Romero jump
ARGEVT Romero route 4 start '977.0 993.0 -248.0' goal '1297.0 1057.0 -408.0'
ARGLOG Joe Rogan t  81.1 pos '1224.9 957.0 -256.0' spd 320.0 yaw  73.8 mode 1 st 1 gl 1 hp 37 frg 1
ARGLOG Romero t  81.2 pos '1088.0 1026.1 -204.4' spd  36.6 yaw 205 mode 2 st 4 gl 0 hp 175 frg 1
ARGLOG Carmack t  81.2 pos '1343.1 1204.0 -290.0' spd  71.9 yaw 238.5 mode 2 st 10 gl 0 hp 76 frg 0
ARGEVT Romero stall
ARGEVT Romero stallnode '945.0 961.0 -248.0'
ARGEVT Romero jump
ARGLOG Joe Rogan t  81.6 pos '1224.7 798.4 -256.0' spd 340.6 yaw  77.6 mode 1 st 1 gl 1 hp 37 frg 1
ARGEVT Romero goal item_artifact_invulnerability
ARGLOG Romero t  81.7 pos '1061.3 997.7 -218.4' spd 159.7 yaw 197.1 mode 0 st 5 gl 0 hp 174 frg 1
ARGEVT Romero route 7 start '977.0 993.0 -248.0' goal '241.0 1793.0 -40.0'
ARGLOG Carmack t  81.7 pos '1335.7 1181.0 -278.5' spd 260.3 yaw 253.0 mode 2 st 10 gl 0 hp 76 frg 0
ARGEVT Carmack grab weapon_grenadelauncher
ARGLOG Joe Rogan t  82.1 pos '1227.4 784.0 -256.0' spd   8.0 yaw  81.2 mode 1 st 1 gl 1 hp 37 frg 1
ARGUS Carmack wallslide
ARGLOG Romero t  82.2 pos '992.9 976.0 -243.7' spd 136.6 yaw 356 mode 2 st 5 gl 0 hp 174 frg 1
ARGEVT Joe Rogan hazard
ARGLOG Carmack t  82.2 pos '1254.5 1097.2 -233.0' spd 329.2 yaw 259.8 mode 2 st 10 gl 0 hp 56 frg 0
ARGEVT Romero jump
ARGEVT Carmack grab item_health
ARGLOG Joe Rogan t  82.6 pos '1225.0 784.0 -256.0' spd  10.1 yaw  80.0 mode 1 st 1 gl 1 hp 33 frg 1
ARGLOG Romero t  82.7 pos '878.3 889.2 -206.5' spd 338.5 yaw 344 mode 2 st 5 gl 0 hp 173 frg 1
ARGLOG Carmack t  82.7 pos '1217.7 938.5 -256.0' spd 349.4 yaw 274.5 mode 2 st 10 gl 0 hp 56 frg 0
ARGEVT Romero route 8 start '881.0 897.0 -280.0' goal '241.0 1793.0 -40.0'
ARGLOG Joe Rogan t  83.1 pos '1224.3 784.0 -256.0' spd   7.6 yaw  57.7 mode 1 st 1 gl 1 hp 33 frg 1
ARGEVT Romero swim
ARGLOG Romero t  83.2 pos '910.9 725.5 -297.7' spd 301.0 yaw  15.7 mode 2 st 5 gl 0 hp 173 frg 1
ARGLOG Carmack t  83.2 pos '1364.7 864.7 -256.0' spd 237.4 yaw 214.6 mode 2 st 10 gl 0 hp 59 frg 0
ARGEVT Romero swim
ARGEVT Joe Rogan hazard
ARGEVT Carmack grab item_health
ARGEVT Romero swim
ARGEVT Romero swim
ARGLOG Joe Rogan t  83.6 pos '1225.2 784.0 -256.0' spd   3.9 yaw  48.7 mode 1 st 1 gl 1 hp 21 frg 1
ARGEVT Romero swim
ARGLOG Romero t  83.7 pos '990.2 649.1 -295.6' spd  38.0 yaw 98 mode 2 st 5 gl 0 hp 172 frg 1
ARGLOG Carmack t  83.7 pos '1257.6 975.5 -256.0' spd 362.1 yaw 253.1 mode 2 st 10 gl 0 hp 59 frg 0
ARGEVT Romero swim
ARGEVT Romero swim
ARGEVT Carmack hazard
ARGEVT Romero swim
ARGLOG Joe Rogan t  84.1 pos '1223.1 784.0 -256.0' spd   4.2 yaw  95.8 mode 1 st 1 gl 1 hp 21 frg 1
ARGEVT Romero swim
ARGLOG Romero t  84.2 pos '990.5 674.2 -295.2' spd  64.1 yaw 99 mode 2 st 5 gl 0 hp 172 frg 1
ARGEVT Romero swim
ARGLOG Carmack t  84.2 pos '1187.0 967.9 -256.0' spd  89.6 yaw 280.3 mode 2 st 10 gl 0 hp 35 frg 0
ARGEVT Romero swim
ARGEVT Joe Rogan death Carmack pos '1221.9 784.0 -256.0'
ARGUS Carmack watch spawn
ARGEVT Romero swim
ARGEVT Romero swim
ARGEVT Carmack goal item_health
ARGEVT Carmack route 1 start '1201.0 961.0 -256.0' goal '1169.0 897.0 -408.0'
ARGEVT Romero swim
ARGLOG Romero t  84.7 pos '983.3 714.2 -295.5' spd  95.0 yaw 98 mode 2 st 5 gl 0 hp 171 frg 1
ARGUS Carmack wallslide
ARGLOG Carmack t  84.7 pos '1179.9 928.0 -256.0' spd  12.5 yaw 230.9 mode 1 st 10 gl 0 hp 35 frg 1
ARGEVT Romero swim
ARGEVT Romero swim
ARGEVT Romero swim
ARGEVT Romero swim
ARGLOG Romero t  85.2 pos '969.0 766.4 -295.8' spd 117.1 yaw  99.1 mode 2 st 5 gl 0 hp 171 frg 1
ARGEVT Romero swim
ARGLOG Carmack t  85.3 pos '1209.9 911.1 -256.0' spd 294.2 yaw 276 mode 1 st 10 gl 0 hp 35 frg 1
ARGEVT Romero swim
ARGEVT Romero swim
ARGEVT Romero swim
ARGEVT Carmack hazard
ARGEVT Romero swim
ARGLOG Romero t  85.7 pos '953.5 830.3 -295.2' spd 140.6 yaw  38.3 mode 2 st 5 gl 0 hp 170 frg 1
ARGLOG Carmack t  85.8 pos '1225.3 789.9 -256.0' spd 170.4 yaw 156.1 mode 1 st 10 gl 0 hp 35 frg 1
ARGEVT Romero swim
ARGEVT Joe Rogan respawn
ARGEVT Joe Rogan plan powerup via weapon
ARGEVT Joe Rogan goal weapon_rocketlauncher
ARGLOG Joe Rogan t  85.9 pos '-272.0 2928.0 -56.0' spd 0 yaw 355.5 mode 0 st 1 gl 1 hp 100 frg 1
ARGEVT Joe Rogan route 11 start '-207.0 2945.0 -56.0' goal '145.0 2337.0  40.0'
ARGEVT Romero hazard
ARGEVT Romero jump
ARGLOG Romero t  86.2 pos '992.0 913.3 -254.7' spd  31.4 yaw 12 mode 2 st 5 gl 0 hp 170 frg 1
ARGLOG Carmack t  86.3 pos '1225.2 943.5 -256.0' spd 394.0 yaw  20.3 mode 1 st 10 gl 0 hp 35 frg 1
ARGLOG Joe Rogan t  86.4 pos '-152.5 2843.2 -56.0' spd 324.3 yaw 221 mode 2 st 1 gl 1 hp 100 frg 1
ARGLOG Romero t  86.7 pos '989.1 932.3 -264.0' spd  75.2 yaw 7 mode 2 st 5 gl 0 hp 169 frg 1
ARGLOG Carmack t  86.8 pos '1394.3 900.1 -256.0' spd 486.6 yaw 218.7 mode 1 st 10 gl 0 hp 35 frg 1
ARGLOG Joe Rogan t  86.9 pos '-143.2 2672.9 -72.0' spd 441.9 yaw 173 mode 2 st 1 gl 1 hp 100 frg 1
ARGEVT Romero hazard
ARGLOG Romero t  87.2 pos '966.5 1081.3 -248.0' spd 437.3 yaw 355.0 mode 2 st 5 gl 0 hp 169 frg 1
ARGLOG Carmack t  87.3 pos '1264.7 760.9 -256.0' spd 414.5 yaw 136.0 mode 1 st 10 gl 0 hp 35 frg 1
ARGEVT Carmack hazard
ARGLOG Joe Rogan t  87.4 pos '-317.0 2643.6 -104.0' spd 324.0 yaw 192 mode 2 st 1 gl 1 hp 100 frg 1
ARGEVT Romero jump
ARGLOG Romero t  87.7 pos '1087.7 1001.4 -240.6' spd 307.5 yaw 308 mode 2 st 5 gl 0 hp 168 frg 1
ARGLOG Carmack t  87.8 pos '1228.3 932.0 -256.0' spd 345.3 yaw 151.0 mode 1 st 10 gl 0 hp 35 frg 1
ARGLOG Joe Rogan t  87.9 pos '-473.5 2688.2 -104.0' spd 320.2 yaw 229 mode 2 st 1 gl 1 hp 100 frg 1
ARGEVT Joe Rogan lift
ARGEVT Joe Rogan hazard
ARGLOG Romero t  88.2 pos '1088.0 1048.4 -221.1' spd  58.9 yaw 299 mode 2 st 5 gl 0 hp 168 frg 1
ARGEVT Joe Rogan board
ARGLOG Carmack t  88.3 pos '1182.6 971.1 -256.0' spd 330.2 yaw 297 mode 1 st 10 gl 0 hp 35 frg 1
ARGUS Romero wallslide
ARGLOG Joe Rogan t  88.4 pos '-569.2 2675.8 -74.5' spd 0 yaw 284 mode 2 st 1 gl 1 hp 100 frg 1
ARGEVT Romero hazard
ARGLOG Romero t  88.7 pos '1086.7 1007.1 -248.0' spd  67.7 yaw 307 mode 2 st 5 gl 0 hp 167 frg 1
ARGLOG Carmack t  88.8 pos '1322.5 959.8 -256.0' spd 437.3 yaw  97.8 mode 1 st 10 gl 0 hp 35 frg 1
ARGLOG Joe Rogan t  88.9 pos '-569.2 2675.8   1.1' spd 0 yaw 284 mode 2 st 1 gl 1 hp 100 frg 1
ARGUS Joe Rogan wallslide
ARGEVT Carmack hazard
ARGLOG Romero t  89.2 pos '1088.0 1008.8 -248.0' spd 108.8 yaw 306 mode 2 st 5 gl 0 hp 167 frg 1
ARGEVT Romero stall
ARGEVT Romero stallnode '1201.0 961.0 -256.0'
ARGEVT Romero jump
ARGLOG Carmack t  89.3 pos '1253.9 1133.9 -220.1' spd 307.5 yaw 252 mode 1 st 10 gl 0 hp 35 frg 1
ARGLOG Joe Rogan t  89.4 pos '-530.1 2572.7  56.0' spd 323.8 yaw 322 mode 2 st 1 gl 1 hp 100 frg 1
ARGEVT Romero route 7 start '977.0 993.0 -248.0' goal '241.0 1793.0 -40.0'
ARGLOG Romero t  89.7 pos '1088.0 1066.5 -211.4' spd 114.6 yaw 217 mode 2 st 6 gl 0 hp 166 frg 1
ARGLOG Carmack t  89.8 pos '1257.7 1089.7 -256.0' spd 321.8 yaw 245 mode 1 st 10 gl 0 hp 35 frg 1
ARGLOG Joe Rogan t  89.9 pos '-454.9 2423.3  45.0' spd 320.5 yaw 357 mode 2 st 1 gl 1 hp 100 frg 1
ARGLOG Romero t  90.3 pos '1016.6 1022.4 -248.0' spd 320.4 yaw 342 mode 2 st 6 gl 0 hp 166 frg 1
ARGEVT Carmack hazard
ARGLOG Carmack t  90.3 pos '1192.9 940.9 -256.0' spd 354.3 yaw 201.6 mode 1 st 10 gl 0 hp 35 frg 1
ARGUS Carmack wallslide
ARGLOG Joe Rogan t  90.5 pos '-410.9 2414.5 -124.0' spd 0 yaw 358 mode 2 st 1 gl 1 hp 100 frg 1
ARGEVT Romero jump
ARGLOG Romero t  90.8 pos '900.4 902.2 -204.6' spd 348.2 yaw 359 mode 2 st 6 gl 0 hp 165 frg 1
ARGLOG Carmack t  90.8 pos '1172.3 1024.8 -256.0' spd 358.6 yaw  40.4 mode 1 st 10 gl 0 hp 35 frg 1
ARGLOG Joe Rogan t  91.0 pos '-410.3 2416.0 -136.0' spd 0 yaw 358 mode 2 st 1 gl 1 hp 100 frg 1
ARGLOG Romero t  91.3 pos '984.5 745.5 -296.8' spd 371.2 yaw 39 mode 2 st 6 gl 0 hp 165 frg 1
ARGEVT Romero swim
ARGLOG Carmack t  91.3 pos '1346.3 1032.8 -256.0' spd 486.9 yaw 236.8 mode 1 st 10 gl 0 hp 35 frg 1
ARGEVT Romero swim
ARGLOG Joe Rogan t  91.5 pos '-410.3 2416.0 -136.0' spd 0 yaw 358 mode 2 st 1 gl 1 hp 100 frg 1
ARGEVT Romero swim
ARGEVT Romero swim
ARGEVT Romero swim
ARGEVT Carmack hazard
ARGLOG Romero t  91.8 pos '992.0 746.6 -295.3' spd  55.3 yaw 40 mode 2 st 6 gl 0 hp 164 frg 1
ARGLOG Carmack t  91.8 pos '1229.8 936.6 -256.0' spd 453.8 yaw 152.6 mode 1 st 10 gl 0 hp 35 frg 1
ARGEVT Romero swim
ARGLOG Joe Rogan t  92.0 pos '-410.3 2416.0 -136.0' spd 0 yaw 358 mode 2 st 1 gl 1 hp 100 frg 1
ARGEVT Romero swim
ARGEVT Romero swim
ARGEVT Romero swim
ARGLOG Romero t  92.3 pos '992.0 780.5 -295.1' spd  75.6 yaw 33 mode 2 st 6 gl 0 hp 164 frg 1
ARGEVT Romero swim
ARGLOG Carmack t  92.3 pos '1182.0 1001.3 -256.0' spd 320.8 yaw 282 mode 1 st 10 gl 0 hp 35 frg 1
ARGEVT Romero swim
ARGLOG Joe Rogan t  92.5 pos '-410.3 2416.0 -136.0' spd 0 yaw 358 mode 2 st 1 gl 1 hp 100 frg 1
ARGEVT Romero swim
ARGEVT Romero swim
ARGEVT Romero swim
ARGLOG Romero t  92.8 pos '992.0 822.8 -295.2' spd  89.7 yaw 22 mode 2 st 6 gl 0 hp 163 frg 1
ARGLOG Carmack t  92.8 pos '1285.1 915.0 -256.0' spd 396.0 yaw  50.6 mode 1 st 10 gl 0 hp 35 frg 1
ARGEVT Romero swim
ARGEVT Romero swim
ARGLOG Joe Rogan t  93.0 pos '-410.3 2416.0 -136.0' spd 0 yaw 358 mode 2 st 1 gl 1 hp 100 frg 1
ARGUS Romero wallslide
ARGLOG Romero t  93.3 pos '992.0 887.1 -280.0' spd 221.6 yaw 3 mode 2 st 6 gl 0 hp 163 frg 1
ARGLOG Carmack t  93.3 pos '1299.2 1088.5 -256.0' spd 486.1 yaw 213.8 mode 1 st 10 gl 0 hp 35 frg 1
ARGLOG Joe Rogan t  93.5 pos '-373.8 2400.1 -136.0' spd 320.0 yaw 0 mode 2 st 1 gl 1 hp 100 frg 1
ARGEVT Romero hazard
ARGEVT Carmack hazard
ARGLOG Romero t  93.8 pos '1008.1 976.3 -248.0' spd 231.8 yaw 334 mode 2 st 6 gl 0 hp 162 frg 1
ARGLOG Carmack t  93.9 pos '1198.8 969.0 -256.0' spd 347.5 yaw 250.4 mode 1 st 10 gl 0 hp 35 frg 1
ARGLOG Joe Rogan t  94.0 pos '-356.9 2392.5 -136.0' spd  31.6 yaw 1 mode 2 st 1 gl 1 hp 100 frg 1
ARGUS Carmack wallslide
ARGUS Romero wallslide
ARGLOG Romero t  94.3 pos '1088.0 1069.7 -248.0' spd  41.1 yaw 296 mode 2 st 6 gl 0 hp 162 frg 1
ARGLOG Carmack t  94.4 pos '1169.4 979.8 -252.5' spd 325.5 yaw  86.9 mode 1 st 10 gl 0 hp 35 frg 1
ARGLOG Joe Rogan t  94.5 pos '-356.9 2392.5 -136.0' spd 0 yaw 1 mode 2 st 1 gl 1 hp 100 frg 1
ARGEVT Romero hazard
ARGLOG Romero t  94.8 pos '1087.9 1009.0 -248.0' spd  85.3 yaw 306 mode 2 st 6 gl 0 hp 161 frg 1
ARGLOG Carmack t  94.9 pos '1302.9 1085.5 -256.0' spd 475.9 yaw 284.6 mode 1 st 10 gl 0 hp 35 frg 1
ARGLOG Joe Rogan t  95.0 pos '-356.9 2392.5 -136.0' spd 0 yaw 1 mode 2 st 1 gl 1 hp 100 frg 1
ARGUS Romero wallslide
ARGLOG Romero t  95.3 pos '1087.7 1003.9 -248.0' spd  99.8 yaw 308 mode 2 st 6 gl 0 hp 161 frg 1
ARGLOG Carmack t  95.4 pos '1269.7 906.2 -256.0' spd 433.9 yaw 149.0 mode 1 st 10 gl 0 hp 35 frg 1
ARGEVT Carmack hazard
ARGLOG Joe Rogan t  95.5 pos '-356.9 2392.5 -136.0' spd 0 yaw 1 mode 2 st 1 gl 1 hp 100 frg 1
ARGEVT Romero hazard
ARGLOG Romero t  95.8 pos '1088.0 1046.2 -248.0' spd  58.9 yaw 299 mode 2 st 6 gl 0 hp 160 frg 1
ARGLOG Carmack t  95.9 pos '1174.5 1033.5 -256.0' spd  40.4 yaw 261.8 mode 1 st 10 gl 0 hp 35 frg 1
ARGLOG Joe Rogan t  96.0 pos '-356.9 2392.5 -136.0' spd 0 yaw 1 mode 2 st 1 gl 1 hp 100 frg 1
ARGEVT Joe Rogan abandon
ARGEVT Joe Rogan plan powerup via weapon
ARGEVT Joe Rogan goal weapon_grenadelauncher
ARGEVT Joe Rogan route 17 start '-303.0 2465.0 -136.0' goal '1201.0 1057.0 -408.0'
ARGLOG Romero t  96.4 pos '1088.0 1069.1 -248.0' spd  37.8 yaw 296 mode 2 st 6 gl 0 hp 160 frg 1
ARGLOG Carmack t  96.4 pos '1233.6 892.8 -256.0' spd 420.1 yaw  11.6 mode 1 st 10 gl 0 hp 35 frg 1
ARGUS Romero wallslide
ARGEVT Joe Rogan hazard
ARGLOG Joe Rogan t  96.5 pos '-232.6 2373.8 -136.0' spd 375.3 yaw 270 mode 2 st 1 gl 1 hp 100 frg 1
ARGEVT Romero hazard
ARGLOG Romero t  96.9 pos '1087.9 1010.4 -248.0' spd  86.3 yaw 306 mode 2 st 6 gl 0 hp 159 frg 1
ARGLOG Carmack t  96.9 pos '1360.6 1014.0 -256.0' spd 484.2 yaw 173.2 mode 1 st 10 gl 0 hp 35 frg 1
ARGLOG Joe Rogan t  97.1 pos '-260.8 2211.6 -136.0' spd 337.6 yaw 325 mode 2 st 1 gl 1 hp 100 frg 1
ARGLOG Romero t  97.4 pos '1086.6 995.7 -248.0' spd 107.0 yaw 310 mode 2 st 6 gl 0 hp 159 frg 1
ARGLOG Carmack t  97.4 pos '1174.8 990.8 -256.0' spd 436.9 yaw 292.4 mode 1 st 10 gl 0 hp 35 frg 1
ARGUS Romero wallslide
ARGEVT Carmack hazard
ARGLOG Joe Rogan t  97.6 pos '-251.5 2045.6 -168.0' spd 383.1 yaw 339 mode 2 st 1 gl 1 hp 100 frg 1
ARGEVT Romero hazard
ARGLOG Romero t  97.9 pos '1088.0 1042.6 -248.0' spd  68.7 yaw 300 mode 2 st 6 gl 0 hp 158 frg 1
ARGLOG Carmack t  97.9 pos '1221.1 967.7 -256.0' spd 382.6 yaw  93.1 mode 1 st 10 gl 0 hp 35 frg 1
ARGLOG Joe Rogan t  98.1 pos '-88.8 1974.7 -184.0' spd 337.8 yaw 340 mode 2 st 1 gl 1 hp 100 frg 1
ARGLOG Romero t  98.4 pos '1088.0 1067.4 -248.0' spd  40.1 yaw 296 mode 2 st 6 gl 0 hp 158 frg 1
ARGLOG Carmack t  98.4 pos '1170.4 996.6 -256.0' spd 320.2 yaw 254.0 mode 1 st 10 gl 0 hp 35 frg 1
ARGUS Romero wallslide
ARGLOG Joe Rogan t  98.6 pos ' 73.4 1947.2 -184.0' spd 327.7 yaw 281 mode 2 st 1 gl 1 hp 100 frg 1
ARGUS routecache adopt
ARGEVT Joe Rogan route 13 start '145.0 1889.0 -184.0' goal '1201.0 1057.0 -408.0'
ARGLOG Romero t  98.9 pos '1088.0 1013.3 -248.0' spd 102.8 yaw 305 mode 2 st 6 gl 0 hp 157 frg 1
ARGEVT Romero hazard
ARGLOG Carmack t  98.9 pos '1187.1 940.9 -256.0' spd 263.4 yaw  57.9 mode 1 st 10 gl 0 hp 35 frg 1
ARGUS routecache adopt
ARGEVT Joe Rogan route 13 start '145.0 1889.0 -184.0' goal '1201.0 1057.0 -408.0'
ARGEVT Joe Rogan hazard
ARGLOG Joe Rogan t  99.1 pos '214.4 1864.4 -184.0' spd 335.2 yaw 249 mode 2 st 1 gl 1 hp 100 frg 1
ARGUS Joe Rogan wallslide
ARGEVT Carmack hazard
ARGLOG Romero t  99.4 pos '1085.7 992.9 -248.0' spd  84.9 yaw 311 mode 2 st 6 gl 0 hp 157 frg 1
ARGLOG Carmack t  99.4 pos '1175.9 1012.7 -256.0' spd 358.9 yaw 218.8 mode 1 st 10 gl 0 hp 35 frg 1
ARGUS Romero wallslide
ARGLOG Joe Rogan t  99.6 pos '187.3 1856.0 -184.0' spd 205.9 yaw 252 mode 2 st 1 gl 1 hp 100 frg 1
ARGLOG Romero t  99.9 pos '1087.9 1042.5 -248.0' spd  72.3 yaw 300 mode 2 st 6 gl 0 hp 156 frg 1
ARGEVT Romero hazard
ARGLOG Carmack t  99.9 pos '1225.2 928.3 -256.0' spd 332.2 yaw  23.0 mode 1 st 10 gl 0 hp 35 frg 1
ARGLOG Joe Rogan t 100.1 pos '135.5 1726.0 -184.0' spd 323.7 yaw 254 mode 2 st 1 gl 1 hp 100 frg 1
ARGLOG Romero t 100.4 pos '1088.0 1068.1 -248.0' spd  39.5 yaw 296 mode 2 st 6 gl 0 hp 156 frg 1
ARGLOG Carmack t 100.5 pos '1294.8 1085.2 -256.0' spd 484.7 yaw 187.5 mode 1 st 10 gl 0 hp 35 frg 1
ARGEVT Carmack hazard
ARGUS Romero wallslide
ARGLOG Joe Rogan t 100.6 pos '115.4 1563.9 -200.0' spd 324.7 yaw 270 mode 2 st 1 gl 1 hp 100 frg 1
ARGUS routecache adopt
ARGEVT Joe Rogan route 11 start ' 49.0 1441.0 -200.0' goal '1201.0 1057.0 -408.0'
ARGLOG Romero t 100.9 pos '1088.0 1011.6 -248.0' spd  87.4 yaw 306 mode 2 st 6 gl 0 hp 155 frg 1
ARGEVT Romero hazard
ARGLOG Carmack t 101.0 pos '1170.8 972.4 -256.0' spd 407.4 yaw 313.1 mode 1 st 10 gl 0 hp 60 frg 1
ARGLOG Joe Rogan t 101.1 pos ' 87.7 1401.8 -200.0' spd 321.7 yaw 293 mode 2 st 1 gl 1 hp 100 frg 1
ARGLOG Romero t 101.4 pos '1085.3 991.1 -248.0' spd 100.2 yaw 312 mode 2 st 6 gl 0 hp 155 frg 1
ARGLOG Carmack t 101.5 pos '1337.2 984.4 -256.0' spd 466.7 yaw 115.3 mode 1 st 10 gl 0 hp 60 frg 1
ARGUS Romero wallslide
ARGLOG Joe Rogan t 101.6 pos '104.2 1239.9 -184.0' spd 320.2 yaw 324 mode 2 st 1 gl 1 hp 100 frg 1
ARGEVT Joe Rogan jump
ARGEVT Romero abandon
ARGEVT Romero goal item_armor2
ARGEVT Romero route 4 start '977.0 993.0 -248.0' goal '1297.0 1057.0 -408.0'
ARGEVT Carmack hazard
ARGEVT Romero hazard
ARGLOG Romero t 102.0 pos '1088.0 1038.9 -248.0' spd  29.8 yaw 209 mode 2 st 6 gl 0 hp 154 frg 1
ARGLOG Carmack t 102.0 pos '1224.5 1061.9 -256.0' spd 352.0 yaw 254 mode 1 st 10 gl 0 hp 60 frg 1
ARGLOG Joe Rogan t 102.1 pos '180.6 1093.1 -142.8' spd 364.1 yaw 29 mode 2 st 1 gl 1 hp 100 frg 1
ARGUS Carmack wallslide
ARGLOG Romero t 102.5 pos '999.5 975.8 -248.0' spd 328.8 yaw 356 mode 2 st 6 gl 0 hp 154 frg 1
ARGLOG Carmack t 102.5 pos '1211.6 927.4 -256.0' spd 325.3 yaw   4.1 mode 1 st 10 gl 0 hp 60 frg 1
ARGEVT Romero jump
ARGLOG Joe Rogan t 102.6 pos '254.2 1230.7 -275.2' spd 403.4 yaw 355 mode 2 st 1 gl 1 hp 100 frg 1
ARGEVT Joe Rogan swim
ARGEVT Joe Rogan swim
ARGLOG Romero t 103.0 pos '851.0 888.4 -205.7' spd 389.6 yaw 353.8 mode 0 st 6 gl 0 hp 153 frg 1
ARGLOG Carmack t 103.0 pos '1326.5 1052.5 -256.0' spd 482.0 yaw 165.4 mode 1 st 10 gl 0 hp 60 frg 1
ARGEVT Romero route 4 start '881.0 961.0 -248.0' goal '1297.0 1057.0 -408.0'
ARGEVT Joe Rogan swim
ARGLOG Joe Rogan t 103.1 pos '129.0 1264.2 -295.0' spd 249.7 yaw 351 mode 2 st 1 gl 1 hp 100 frg 1
ARGEVT Joe Rogan swim
ARGEVT Joe Rogan swim
ARGEVT Joe Rogan swim
ARGEVT Romero swim
ARGLOG Romero t 103.5 pos '991.9 825.3 -298.3' spd 133.7 yaw 32 mode 2 st 6 gl 0 hp 152 frg 1
ARGLOG Carmack t 103.5 pos '1221.9 1038.0 -256.0' spd 322.1 yaw 251 mode 1 st 10 gl 0 hp 60 frg 1
ARGEVT Joe Rogan swim
ARGLOG Joe Rogan t 103.6 pos '104.4 1151.6 -295.5' spd 248.2 yaw 12 mode 2 st 1 gl 1 hp 100 frg 1
ARGEVT Joe Rogan swim
ARGEVT Joe Rogan swim
ARGEVT Romero jump
ARGEVT Carmack hazard
ARGEVT Joe Rogan swim
ARGEVT Joe Rogan swim
ARGLOG Romero t 104.0 pos '959.0 948.3 -244.3' spd 321.6 yaw 347 mode 2 st 6 gl 0 hp 152 frg 1
ARGLOG Carmack t 104.0 pos '1214.8 874.6 -256.0' spd 427.0 yaw 218.6 mode 1 st 10 gl 0 hp 60 frg 1
ARGEVT Joe Rogan swim
ARGLOG Joe Rogan t 104.1 pos '212.6 1125.8 -295.2' spd 251.6 yaw 25 mode 2 st 1 gl 1 hp 100 frg 1
ARGEVT Joe Rogan swim
ARGEVT Joe Rogan swim
ARGEVT Joe Rogan swim
ARGEVT Romero hazard
ARGLOG Romero t 104.5 pos '971.6 1085.0 -248.0' spd 294.9 yaw 317 mode 2 st 6 gl 0 hp 151 frg 1
ARGLOG Carmack t 104.5 pos '1200.7 873.6 -256.0' spd 327.6 yaw 96 mode 1 st 10 gl 0 hp 60 frg 1
ARGUS Carmack wallslide
ARGEVT Joe Rogan swim
ARGLOG Joe Rogan t 104.6 pos '209.4 1233.7 -295.3' spd 257.7 yaw 356 mode 2 st 1 gl 1 hp 100 frg 1
ARGEVT Joe Rogan swim
ARGEVT Carmack abandon
ARGEVT Carmack goal weapon_grenadelauncher
ARGEVT Carmack route 2 start '1201.0 961.0 -256.0' goal '1201.0 1057.0 -408.0'
ARGUS Romero wallslide
ARGEVT Joe Rogan swim
ARGEVT Joe Rogan swim
ARGEVT Carmack hazard
ARGLOG Romero t 105.0 pos '1065.6 1022.8 -248.0' spd 352.7 yaw 310 mode 2 st 6 gl 0 hp 151 frg 1
ARGEVT Joe Rogan swim
ARGLOG Carmack t 105.0 pos '1177.6 1042.0 -256.0' spd 243.0 yaw 208.9 mode 2 st 10 gl 0 hp 60 frg 1
ARGEVT Joe Rogan swim
ARGEVT Romero jump
ARGLOG Joe Rogan t 105.1 pos '132.3 1167.7 -294.9' spd 267.1 yaw 10 mode 2 st 1 gl 1 hp 100 frg 1
ARGEVT Joe Rogan swim
ARGEVT Joe Rogan swim
ARGEVT Joe Rogan swim
ARGLOG Romero t 105.5 pos '1088.0 1055.7 -205.8' spd  67.7 yaw 298 mode 2 st 6 gl 0 hp 150 frg 1
ARGLOG Carmack t 105.5 pos '1162.9 928.0 -236.2' spd  41.2 yaw 315.8 mode 2 st 10 gl 0 hp 60 frg 1
ARGEVT Joe Rogan swim
ARGLOG Joe Rogan t 105.6 pos '224.9 1190.9 -295.3' spd 274.9 yaw 8 mode 2 st 1 gl 1 hp 100 frg 1
ARGEVT Joe Rogan swim
ARGUS Romero wallslide
ARGEVT Joe Rogan swim
ARGEVT Romero hazard
ARGEVT Joe Rogan swim
ARGLOG Romero t 106.0 pos '1087.2 1011.6 -248.0' spd  96.0 yaw 306 mode 2 st 6 gl 0 hp 150 frg 1
ARGEVT Joe Rogan swim
ARGLOG Carmack t 106.0 pos '1252.8 995.5 -256.0' spd 427.9 yaw 117.1 mode 2 st 10 gl 0 hp 60 frg 1
ARGEVT Joe Rogan swim
ARGLOG Joe Rogan t 106.1 pos '126.2 1198.7 -295.4' spd 281.2 yaw 3 mode 2 st 1 gl 1 hp 100 frg 1
ARGEVT Carmack hazard
ARGEVT Joe Rogan swim
ARGUS Carmack wallslide
ARGEVT Joe Rogan swim
ARGEVT Joe Rogan swim
ARGLOG Romero t 106.5 pos '1085.5 996.8 -248.0' spd  97.0 yaw 310 mode 2 st 6 gl 0 hp 149 frg 1
ARGLOG Carmack t 106.5 pos '1212.0 1060.9 -256.0' spd 374.0 yaw 276.6 mode 1 st 10 gl 0 hp 60 frg 1
ARGEVT Joe Rogan swim
ARGLOG Joe Rogan t 106.6 pos '219.3 1157.3 -295.6' spd 294.9 yaw 18 mode 2 st 1 gl 1 hp 100 frg 1
ARGEVT Joe Rogan swim
ARGEVT Joe Rogan swim
ARGUS Romero wallslide
ARGEVT Romero hazard
ARGEVT Joe Rogan swim
ARGEVT Joe Rogan swim
ARGLOG Romero t 107.0 pos '1088.0 1047.2 -248.0' spd  62.1 yaw 299 mode 2 st 6 gl 0 hp 149 frg 1
ARGLOG Carmack t 107.0 pos '1329.7 934.8 -256.0' spd 487.1 yaw  76.6 mode 1 st 10 gl 0 hp 60 frg 1
ARGEVT Joe Rogan swim
ARGLOG Joe Rogan t 107.1 pos '144.3 1229.7 -295.0' spd 296.6 yaw 358 mode 2 st 1 gl 1 hp 100 frg 1
ARGEVT Joe Rogan swim
ARGEVT Joe Rogan swim
ARGEVT Joe Rogan swim
ARGLOG Romero t 107.5 pos '1088.0 1070.6 -248.0' spd  38.5 yaw 296 mode 2 st 6 gl 0 hp 148 frg 1
ARGLOG Carmack t 107.5 pos '1292.5 1104.7 -256.0' spd 448.2 yaw 221 mode 1 st 10 gl 0 hp 60 frg 1
ARGEVT Joe Rogan swim
ARGLOG Joe Rogan t 107.7 pos '193.3 1134.6 -295.2' spd 296.9 yaw 21 mode 2 st 1 gl 1 hp 100 frg 1
ARGEVT Romero stall
ARGEVT Romero stallnode '1201.0 961.0 -256.0'
ARGEVT Romero jump
ARGEVT Joe Rogan swim
ARGEVT Romero route 4 start '977.0 993.0 -248.0' goal '1297.0 1057.0 -408.0'
ARGEVT Joe Rogan swim
ARGEVT Joe Rogan swim
ARGLOG Romero t 108.0 pos '1088.0 996.8 -204.4' spd 174.8 yaw 343 mode 2 st 7 gl 0 hp 148 frg 1
ARGLOG Carmack t 108.0 pos '1211.6 948.7 -256.0' spd 486.9 yaw   7.7 mode 1 st 10 gl 0 hp 60 frg 1
ARGEVT Joe Rogan swim
ARGEVT Joe Rogan swim
ARGLOG Joe Rogan t 108.2 pos '173.0 1237.4 -295.8' spd 289.6 yaw 355 mode 2 st 1 gl 1 hp 100 frg 1
ARGEVT Joe Rogan swim
ARGUS Romero wallslide
ARGEVT Joe Rogan swim
ARGEVT Joe Rogan swim
ARGLOG Romero t 108.5 pos '1040.2 976.0 -248.0' spd 323.5 yaw 355 mode 2 st 7 gl 0 hp 147 frg 1
ARGLOG Carmack t 108.5 pos '1353.3 1043.2 -256.0' spd 474.0 yaw 168.7 mode 1 st 10 gl 0 hp 60 frg 1
ARGEVT Joe Rogan swim
ARGLOG Joe Rogan t 108.7 pos '163.3 1133.1 -295.4' spd 301.0 yaw 19 mode 2 st 1 gl 1 hp 100 frg 1
ARGEVT Joe Rogan swim
ARGEVT Romero jump
ARGEVT Joe Rogan swim
ARGEVT Joe Rogan swim
ARGLOG Romero t 109.0 pos '871.0 933.1 -206.3' spd 378.9 yaw 354 mode 2 st 7 gl 0 hp 147 frg 1
ARGEVT Joe Rogan swim
ARGLOG Carmack t 109.0 pos '1176.4 1016.1 -256.0' spd 486.9 yaw 314.7 mode 1 st 10 gl 0 hp 60 frg 1
ARGEVT Joe Rogan swim
ARGLOG Joe Rogan t 109.2 pos '207.7 1230.4 -295.4' spd 301.2 yaw 357 mode 2 st 1 gl 1 hp 100 frg 1
ARGEVT Romero route 4 start '881.0 961.0 -248.0' goal '1297.0 1057.0 -408.0'
ARGEVT Joe Rogan swim
ARGEVT Joe Rogan swim
ARGEVT Joe Rogan swim
ARGLOG Romero t 109.5 pos '957.2 811.8 -281.0' spd 416.6 yaw 31 mode 2 st 7 gl 0 hp 146 frg 1
ARGLOG Carmack t 109.5 pos '1339.2 962.1 -256.0' spd 474.1 yaw 117.0 mode 1 st 10 gl 0 hp 60 frg 1
ARGEVT Romero swim
ARGEVT Joe Rogan swim
ARGLOG Joe Rogan t 109.7 pos '134.1 1151.6 -295.7' spd 308.6 yaw 13 mode 2 st 1 gl 1 hp 100 frg 1
ARGEVT Joe Rogan swim
ARGEVT Romero swim
ARGEVT Joe Rogan swim
ARGEVT Romero swim
ARGEVT Joe Rogan swim
ARGEVT Joe Rogan swim
ARGLOG Romero t 110.0 pos '985.8 877.6 -296.0' spd 315.2 yaw 21 mode 2 st 7 gl 0 hp 146 frg 1
ARGLOG Carmack t 110.0 pos '1203.3 1070.1 -256.0' spd 485.2 yaw 268.6 mode 1 st 10 gl 0 hp 60 frg 1
ARGEVT Romero jump
ARGEVT Joe Rogan swim
ARGLOG Joe Rogan t 110.2 pos '229.4 1203.4 -295.3' spd 306.7 yaw 4 mode 2 st 1 gl 1 hp 100 frg 1
ARGEVT Joe Rogan swim
ARGEVT Joe Rogan swim
ARGEVT Joe Rogan swim
ARGLOG Romero t 110.5 pos '934.2 1032.7 -243.4' spd 327.9 yaw 330 mode 2 st 7 gl 0 hp 145 frg 1
ARGLOG Carmack t 110.6 pos '1278.6 914.6 -256.0' spd 474.5 yaw  71.2 mode 1 st 10 gl 0 hp 60 frg 1
ARGEVT Joe Rogan swim
ARGLOG Joe Rogan t 110.7 pos '122.5 1185.7 -295.5' spd 302.6 yaw 6 mode 2 st 1 gl 1 hp 100 frg 1
ARGEVT Joe Rogan swim
ARGEVT Romero hazard
ARGEVT Joe Rogan swim
ARGEVT Joe Rogan swim
ARGLOG Romero t 111.0 pos '1055.9 997.8 -248.0' spd 328.8 yaw 319 mode 2 st 7 gl 0 hp 145 frg 1
ARGLOG Carmack t 111.1 pos '1255.2 1082.3 -256.0' spd 480.0 yaw 227.1 mode 1 st 10 gl 0 hp 60 frg 1
ARGEVT Joe Rogan swim
ARGEVT Joe Rogan swim
ARGLOG Joe Rogan t 111.2 pos '225.9 1170.1 -295.8' spd 293.8 yaw 14 mode 2 st 1 gl 1 hp 100 frg 1
ARGEVT Carmack hazard
ARGUS Romero wallslide
ARGEVT Joe Rogan swim
ARGEVT Joe Rogan swim
ARGEVT Joe Rogan swim
ARGLOG Romero t 111.6 pos '1088.0 1068.5 -248.0' spd  38.5 yaw 296 mode 2 st 7 gl 0 hp 144 frg 1
ARGLOG Carmack t 111.6 pos '1255.7 939.6 -256.0' spd 452.4 yaw  30.3 mode 1 st 10 gl 0 hp 60 frg 1
ARGEVT Joe Rogan swim
ARGLOG Joe Rogan t 111.7 pos '131.7 1219.6 -295.3' spd 304.2 yaw 0 mode 2 st 1 gl 1 hp 100 frg 1
ARGEVT Joe Rogan swim
ARGEVT Joe Rogan swim
ARGEVT Romero stall
ARGEVT Romero stallnode '1201.0 961.0 -256.0'
ARGEVT Romero jump
ARGEVT Joe Rogan swim
ARGEVT Romero route 4 start '977.0 993.0 -248.0' goal '1297.0 1057.0 -408.0'
ARGEVT Joe Rogan swim
ARGLOG Romero t 112.1 pos '1088.0 1000.2 -215.8' spd 186.4 yaw 341 mode 2 st 8 gl 0 hp 144 frg 1
ARGLOG Carmack t 112.1 pos '1343.1 1093.0 -256.0' spd 480.1 yaw 193.8 mode 1 st 10 gl 0 hp 60 frg 1
ARGEVT Joe Rogan swim
ARGLOG Joe Rogan t 112.2 pos '205.8 1140.3 -295.5' spd 303.8 yaw 21 mode 2 st 1 gl 1 hp 100 frg 1
ARGEVT Joe Rogan swim
ARGEVT Joe Rogan swim
ARGEVT Joe Rogan swim
ARGUS Romero wallslide
ARGLOG Romero t 112.6 pos '1074.5 976.0 -248.0' spd  84.7 yaw 354 mode 2 st 8 gl 0 hp 143 frg 1
ARGLOG Carmack t 112.6 pos '1230.1 1068.0 -210.9' spd 154.6 yaw 244 mode 1 st 10 gl 0 hp 60 frg 1
ARGEVT Joe Rogan swim
ARGLOG Joe Rogan t 112.7 pos '160.4 1236.6 -295.3' spd 304.3 yaw 356 mode 2 st 1 gl 1 hp 100 frg 1
ARGEVT Joe Rogan swim
ARGEVT Joe Rogan swim
ARGEVT Romero jump
ARGEVT Joe Rogan swim
ARGEVT Joe Rogan swim
ARGLOG Romero t 113.1 pos '912.3 954.4 -220.5' spd 371.1 yaw 348 mode 2 st 8 gl 0 hp 143 frg 1
ARGLOG Carmack t 113.1 pos '1242.8 955.7 -256.0' spd 421.1 yaw   3.1 mode 1 st 10 gl 0 hp 60 frg 1
ARGEVT Joe Rogan swim
ARGLOG Joe Rogan t 113.2 pos '174.8 1129.7 -295.1' spd 303.6 yaw 21 mode 2 st 1 gl 1 hp 100 frg 1
ARGEVT Romero route 4 start '881.0 961.0 -248.0' goal '1297.0 1057.0 -408.0'
ARGEVT Joe Rogan swim
ARGEVT Joe Rogan swim
ARGEVT Joe Rogan swim
ARGLOG Romero t 113.6 pos '899.6 815.2 -241.0' spd 407.0 yaw 25 mode 2 st 8 gl 0 hp 142 frg 1
ARGLOG Carmack t 113.6 pos '1387.0 1055.8 -256.0' spd 484.4 yaw 164.4 mode 1 st 10 gl 0 hp 60 frg 1
ARGEVT Joe Rogan swim
ARGLOG Joe Rogan t 113.7 pos '196.1 1236.8 -295.5' spd 312.3 yaw 355 mode 2 st 1 gl 1 hp 100 frg 1
ARGEVT Joe Rogan swim
ARGEVT Romero swim
ARGEVT Joe Rogan swim
ARGEVT Joe Rogan swim
ARGEVT Romero swim
ARGEVT Joe Rogan swim
ARGLOG Romero t 114.1 pos '987.2 849.2 -295.4' spd  35.8 yaw 27 mode 2 st 8 gl 0 hp 142 frg 1
ARGLOG Carmack t 114.1 pos '1239.5 1083.2 -206.4' spd 171.3 yaw 242 mode 1 st 10 gl 0 hp 60 frg 1
ARGEVT Joe Rogan swim
ARGLOG Joe Rogan t 114.2 pos '144.2 1144.1 -296.1' spd 298.7 yaw 15 mode 2 st 1 gl 1 hp 100 frg 1
ARGEVT Romero jump
ARGEVT Joe Rogan swim
ARGEVT Joe Rogan swim
ARGEVT Joe Rogan swim
ARGLOG Romero t 114.6 pos '935.9 979.1 -236.6' spd 320.2 yaw 341 mode 2 st 8 gl 0 hp 141 frg 1
ARGLOG Carmack t 114.6 pos '1190.2 1012.7 -256.0' spd 288.6 yaw 137.7 mode 1 st 10 gl 0 hp 60 frg 1
ARGEVT Carmack hazard
ARGEVT Joe Rogan swim
ARGLOG Joe Rogan t 114.7 pos '219.6 1216.4 -295.2' spd 298.4 yaw 0 mode 2 st 1 gl 1 hp 100 frg 1
ARGEVT Joe Rogan swim
ARGEVT Joe Rogan swim
ARGEVT Romero hazard
ARGEVT Joe Rogan swim
ARGLOG Romero t 115.1 pos '970.6 1094.9 -248.0' spd  29.6 yaw 316 mode 2 st 8 gl 0 hp 141 frg 1
ARGLOG Carmack t 115.1 pos '1235.2 1081.7 -256.0' spd 339.1 yaw 335.8 mode 1 st 10 gl 0 hp 60 frg 1
ARGEVT Joe Rogan swim
ARGUS Romero wallslide
ARGLOG Joe Rogan t 115.3 pos '124.1 1172.1 -295.9' spd 298.9 yaw 9 mode 2 st 1 gl 1 hp 100 frg 1
ARGEVT Joe Rogan swim
ARGEVT Joe Rogan swim
ARGEVT Joe Rogan swim
ARGEVT Joe Rogan swim
ARGLOG Romero t 115.6 pos '1082.5 1010.0 -248.0' spd 367.3 yaw 308 mode 2 st 8 gl 0 hp 140 frg 1
ARGLOG Carmack t 115.6 pos '1307.5 927.3 -256.0' spd 485.1 yaw 173.8 mode 1 st 10 gl 0 hp 60 frg 1
ARGEVT Joe Rogan swim
ARGLOG Joe Rogan t 115.8 pos '229.0 1183.5 -294.9' spd 299.1 yaw 11 mode 2 st 1 gl 1 hp 100 frg 1
ARGEVT Joe Rogan swim
ARGEVT Carmack hazard
ARGEVT Joe Rogan swim
ARGEVT Joe Rogan swim
ARGEVT Joe Rogan swim
ARGLOG Romero t 116.1 pos '1087.4 1014.7 -248.0' spd 140.4 yaw 305 mode 2 st 8 gl 0 hp 140 frg 1
ARGLOG Carmack t 116.2 pos '1211.0 915.7 -256.0' spd 320.5 yaw 87 mode 1 st 10 gl 0 hp 60 frg 1
ARGEVT Romero hazard
ARGEVT Joe Rogan abandon
ARGEVT Joe Rogan goal item_artifact_invulnerability
ARGEVT Joe Rogan route 13 start ' 81.0 1249.0 -312.0' goal '241.0 1793.0 -40.0'
ARGEVT Joe Rogan swim
ARGLOG Joe Rogan t 116.3 pos '123.7 1204.3 -295.8' spd 298.7 yaw 2 mode 2 st 1 gl 1 hp 100 frg 1
ARGUS Romero wallslide
ARGEVT Joe Rogan swim
ARGEVT Joe Rogan swim
ARGEVT Joe Rogan swim
ARGLOG Romero t 116.6 pos '1084.8 992.4 -248.0' spd  92.7 yaw 312 mode 2 st 8 gl 0 hp 139 frg 1
ARGLOG Carmack t 116.7 pos '1222.1 1079.3 -256.0' spd 360.7 yaw  42.4 mode 1 st 10 gl 0 hp 60 frg 1
ARGEVT Joe Rogan swim
ARGUS Carmack wallslide
ARGLOG Joe Rogan t 116.8 pos '219.2 1112.2 -295.2' spd 298.5 yaw 29 mode 2 st 1 gl 1 hp 100 frg 1
ARGEVT Joe Rogan swim
ARGEVT Romero stall
ARGEVT Romero stallnode '1201.0 961.0 -256.0'
ARGEVT Romero jump
ARGEVT Joe Rogan swim
ARGEVT Romero route 4 start '977.0 993.0 -248.0' goal '1297.0 1057.0 -408.0'
ARGEVT Joe Rogan swim
ARGEVT Joe Rogan swim
ARGLOG Romero t 117.2 pos '1088.0 1057.9 -205.0' spd 136.2 yaw 215 mode 2 st 9 gl 0 hp 139 frg 1
ARGLOG Carmack t 117.2 pos '1369.4 1040.9 -256.0' spd 453.9 yaw 241.4 mode 1 st 10 gl 0 hp 60 frg 1
ARGEVT Joe Rogan swim
ARGLOG Joe Rogan t 117.3 pos '343.6 1174.2 -295.5' spd 284.0 yaw 36 mode 2 st 1 gl 1 hp 100 frg 1
ARGEVT Joe Rogan swim
ARGEVT Joe Rogan swim
ARGEVT Joe Rogan swim
ARGLOG Romero t 117.7 pos '1055.8 1055.9 -248.0' spd 320.7 yaw 327 mode 2 st 9 gl 0 hp 138 frg 1
ARGLOG Carmack t 117.7 pos '1218.2 948.2 -256.0' spd 462.1 yaw 91 mode 1 st 10 gl 0 hp 60 frg 1
ARGEVT Joe Rogan swim
ARGLOG Joe Rogan t 117.8 pos '337.1 1297.6 -295.4' spd 240.2 yaw 304 mode 2 st 1 gl 1 hp 100 frg 1
ARGEVT Joe Rogan swim
ARGEVT Joe Rogan hazard
ARGUS Joe Rogan wallslide
ARGEVT Romero jump
ARGUS Carmack wallslide
ARGLOG Romero t 118.2 pos '933.5 948.3 -218.4' spd 334.4 yaw 348 mode 2 st 9 gl 0 hp 138 frg 1
ARGLOG Carmack t 118.2 pos '1281.6 1096.8 -256.0' spd 420.9 yaw 297.4 mode 1 st 10 gl 0 hp 60 frg 1
ARGLOG Joe Rogan t 118.3 pos '354.9 1232.9 -312.0' spd 372.7 yaw 308 mode 2 st 1 gl 1 hp 100 frg 1
ARGEVT Joe Rogan engage Romero
ARGLOG Romero t 118.7 pos '938.5 796.1 -244.2' spd 360.1 yaw 23 mode 2 st 9 gl 0 hp 137 frg 1
ARGLOG Carmack t 118.7 pos '1269.2 922.4 -256.0' spd 484.5 yaw 136.7 mode 1 st 10 gl 0 hp 60 frg 1
ARGLOG Joe Rogan t 118.8 pos '478.1 1167.1 -312.0' spd 330.9 yaw 320.2 mode 2 st 1 gl 1 hp 100 frg 1
ARGEVT Romero swim
ARGEVT Romero swim
ARGEVT Romero swim
ARGLOG Romero t 119.2 pos '992.0 733.4 -295.1' spd  46.2 yaw  64.9 mode 2 st 9 gl 0 hp 137 frg 1
ARGLOG Carmack t 119.2 pos '1213.3 1080.8 -256.0' spd 474.1 yaw 334.5 mode 1 st 10 gl 0 hp 60 frg 1
ARGEVT Romero swim
ARGEVT Romero engage Joe Rogan
ARGLOG Joe Rogan t 119.3 pos '597.5 1063.6 -316.2' spd 373.3 yaw 320.7 mode 2 st 1 gl 1 hp 100 frg 1
ARGEVT Joe Rogan swim
ARGEVT Romero swim
ARGEVT Romero swim
ARGEVT Romero swim
ARGLOG Romero t 119.7 pos '967.6 738.8 -296.3' spd  65.3 yaw 151.6 mode 2 st 9 gl 0 hp 136 frg 1
ARGEVT Romero swim
ARGLOG Carmack t 119.7 pos '1315.2 945.9 -256.0' spd 475.4 yaw 171.9 mode 1 st 10 gl 0 hp 60 frg 1
ARGEVT Romero swim
ARGLOG Joe Rogan t 119.8 pos '580.6 912.1 -303.6' spd   7.6 yaw 333.1 mode 2 st 1 gl 1 hp 100 frg 1
ARGEVT Romero swim
ARGEVT Romero swim
ARGEVT Romero route 5 start '945.0 801.0 -328.0' goal '1297.0 1057.0 -408.0'
ARGEVT Joe Rogan pursue
ARGEVT Romero pursue
ARGEVT Romero swim
ARGLOG Romero t 120.2 pos '930.2 726.7 -295.3' spd  87.6 yaw 147 mode 2 st 9 gl 0 hp 136 frg 1
ARGLOG Carmack t 120.2 pos '1190.5 955.2 -256.0' spd 321.6 yaw 120.7 mode 1 st 10 gl 0 hp 60 frg 1
ARGEVT Romero swim
ARGLOG Joe Rogan t 120.3 pos '619.7 940.2 -303.6' spd 149.4 yaw 328.0 mode 2 st 1 gl 1 hp 100 frg 1
ARGEVT Romero swim
ARGEVT Carmack hazard
ARGEVT Romero swim
ARGEVT Romero swim
ARGEVT Romero swim
ARGLOG Romero t 120.7 pos '930.8 737.1 -295.9' spd 149.0 yaw 137.7 mode 2 st 9 gl 0 hp 107 frg 1
ARGLOG Carmack t 120.7 pos '1213.6 1089.2 -256.0' spd  94.2 yaw 189.5 mode 1 st 10 gl 0 hp 60 frg 1
ARGEVT Romero swim
ARGLOG Joe Rogan t 120.8 pos '675.5 983.2 -296.6' spd  43.0 yaw 310.3 mode 2 st 1 gl 1 hp 72 frg 1
ARGEVT Joe Rogan swim
ARGEVT Romero swim
ARGEVT Joe Rogan swim
ARGEVT Romero swim
ARGEVT Joe Rogan swim
ARGEVT Romero swim
ARGEVT Joe Rogan swim
ARGLOG Romero t 121.2 pos '992.0 716.4 -295.3' spd 101.2 yaw 137.5 mode 2 st 9 gl 0 hp 107 frg 1
ARGLOG Carmack t 121.2 pos '1173.8 966.6 -256.0' spd 321.7 yaw 261.5 mode 1 st 10 gl 0 hp 85 frg 1
ARGEVT Romero swim
ARGEVT Joe Rogan swim
ARGLOG Joe Rogan t 121.3 pos '649.0 966.2 -295.1' spd  76.3 yaw 329.4 mode 2 st 1 gl 1 hp 72 frg 1
ARGEVT Romero swim
ARGEVT Joe Rogan swim
ARGEVT Romero swim
ARGEVT Joe Rogan swim
ARGEVT Romero swim
ARGEVT Joe Rogan swim
ARGEVT Romero swim
ARGLOG Romero t 121.7 pos '985.1 629.6 -294.9' spd 183.7 yaw 137.2 mode 2 st 9 gl 0 hp 91 frg 1
ARGLOG Carmack t 121.7 pos '1292.9 863.1 -256.0' spd 428.5 yaw 247.4 mode 1 st 10 gl 0 hp 85 frg 1
ARGEVT Joe Rogan swim
ARGEVT Romero swim
ARGLOG Joe Rogan t 121.8 pos '595.9 950.8 -295.2' spd 122.1 yaw 319.6 mode 2 st 1 gl 1 hp 64 frg 1
ARGEVT Joe Rogan swim
ARGEVT Romero swim
ARGEVT Joe Rogan pursue
ARGEVT Joe Rogan swim
ARGEVT Romero pursue
ARGEVT Romero swim
ARGEVT Carmack hazard
ARGEVT Joe Rogan swim
ARGEVT Romero swim
ARGLOG Romero t 122.2 pos '938.0 560.5 -296.1' spd 163.3 yaw 128 mode 2 st 9 gl 0 hp 91 frg 1
ARGEVT Romero swim
ARGUS Joe Rogan hunch item_armor2
ARGEVT Joe Rogan swim
ARGLOG Carmack t 122.2 pos '1252.4 699.7 -256.0' spd 292.7 yaw 166.8 mode 1 st 10 gl 0 hp 85 frg 1
ARGUS Romero hunch item_artifact_invulnerability
ARGEVT Joe Rogan goal item_artifact_invulnerability
ARGEVT Joe Rogan swim
ARGEVT Romero swim
ARGLOG Joe Rogan t 122.3 pos '566.6 919.8 -295.5' spd  38.3 yaw 137.3 mode 0 st 1 gl 1 hp 64 frg 1
ARGEVT Joe Rogan route 9 start '561.0 961.0 -344.0' goal '241.0 1793.0 -40.0'
ARGEVT Joe Rogan pursue
ARGEVT Joe Rogan swim
ARGEVT Romero swim
ARGUS Carmack wallslide
ARGEVT Romero goal item_armor2
ARGEVT Romero route 5 start '945.0 609.0 -320.0' goal '1297.0 1057.0 -408.0'
ARGEVT Romero pursue
ARGEVT Romero swim
ARGEVT Romero swim
ARGLOG Romero t 122.7 pos '939.0 535.3 -295.1' spd  87.8 yaw  65.7 mode 2 st 9 gl 0 hp 91 frg 1
ARGLOG Carmack t 122.7 pos '1248.4 717.1 -256.0' spd 367.4 yaw 95 mode 1 st 10 gl 0 hp 85 frg 1
ARGEVT Romero swim
ARGLOG Joe Rogan t 122.8 pos '561.4 965.9 -305.0' spd 158.4 yaw  24.9 mode 2 st 1 gl 1 hp 64 frg 1
ARGEVT Romero swim
ARGEVT Romero swim
ARGEVT Romero swim
ARGEVT Carmack hazard
ARGLOG Romero t 123.2 pos '974.8 568.9 -295.6' spd 111.5 yaw 131 mode 2 st 9 gl 0 hp 91 frg 1
ARGEVT Romero swim
ARGLOG Carmack t 123.2 pos '1240.7 882.1 -256.0' spd 191.5 yaw 212.9 mode 1 st 10 gl 0 hp 85 frg 1
ARGLOG Joe Rogan t 123.3 pos '631.2 1002.8 -305.0' spd 182.4 yaw 316 mode 2 st 1 gl 1 hp 64 frg 1
ARGEVT Romero swim
ARGEVT Romero swim
ARGEVT Romero swim
ARGEVT Romero swim
ARGLOG Romero t 123.7 pos '969.1 608.3 -295.2' spd  40.5 yaw 135.0 mode 2 st 9 gl 0 hp 79 frg 1
ARGLOG Carmack t 123.7 pos '1209.7 837.9 -256.0' spd 224.4 yaw 118.9 mode 1 st 10 gl 0 hp 85 frg 1
ARGEVT Romero swim
ARGLOG Joe Rogan t 123.9 pos '688.1 939.1 -295.3' spd 178.7 yaw 308.0 mode 2 st 1 gl 1 hp 64 frg 1
ARGEVT Romero swim
ARGEVT Joe Rogan swim
ARGEVT Romero swim
ARGEVT Joe Rogan pursue
ARGEVT Romero pursue
ARGEVT Joe Rogan swim
ARGEVT Romero swim
ARGEVT Joe Rogan swim
ARGLOG Romero t 124.2 pos '940.9 604.2 -296.4' spd  67.2 yaw 125 mode 2 st 9 gl 0 hp 79 frg 1
ARGEVT Romero swim
ARGLOG Carmack t 124.2 pos '1184.7 1005.0 -256.0' spd 429.8 yaw 182.8 mode 1 st 10 gl 0 hp 85 frg 1
ARGEVT Carmack hazard
ARGEVT Joe Rogan swim
ARGEVT Romero swim
ARGLOG Joe Rogan t 124.4 pos '739.7 877.0 -295.7' spd 168.0 yaw 311 mode 2 st 1 gl 1 hp 64 frg 1
ARGEVT Joe Rogan swim
ARGEVT Romero swim
ARGEVT Joe Rogan swim
ARGEVT Romero swim
ARGEVT Joe Rogan swim
ARGEVT Romero swim
ARGEVT Joe Rogan swim
ARGEVT Carmack abandon
ARGEVT Carmack goal weapon_rocketlauncher
ARGLOG Romero t 124.7 pos '912.1 615.5 -295.3' spd  48.1 yaw 82 mode 2 st 9 gl 0 hp 79 frg 1
ARGLOG Carmack t 124.8 pos '1176.6 967.1 -256.0' spd 364.3 yaw 241 mode 0 st 10 gl 0 hp 85 frg 1
ARGEVT Carmack route 18 start '1201.0 961.0 -256.0' goal '145.0 2337.0  40.0'
ARGEVT Romero swim
ARGEVT Joe Rogan swim
ARGUS Carmack wallslide
ARGLOG Joe Rogan t 124.9 pos '805.8 815.8 -295.5' spd 171.7 yaw 343.3 mode 2 st 1 gl 1 hp 64 frg 1
ARGEVT Joe Rogan pursue
ARGEVT Romero swim
ARGEVT Joe Rogan swim
ARGEVT Romero swim
ARGEVT Joe Rogan swim
ARGEVT Romero swim
ARGEVT Joe Rogan swim
ARGLOG Romero t 125.2 pos '914.0 647.6 -296.3' spd  75.9 yaw 81 mode 2 st 9 gl 0 hp 79 frg 1
ARGEVT Romero swim
ARGLOG Carmack t 125.3 pos '1265.1 880.9 -256.0' spd 395.9 yaw 264.6 mode 2 st 10 gl 0 hp 85 frg 1
ARGEVT Joe Rogan swim
ARGEVT Romero swim
ARGLOG Joe Rogan t 125.4 pos '888.3 786.0 -295.8' spd 150.0 yaw 289.2 mode 2 st 1 gl 1 hp 48 frg 1
ARGEVT Joe Rogan swim
ARGEVT Romero swim
ARGEVT Joe Rogan swim
ARGEVT Romero swim
ARGEVT Carmack hazard
ARGEVT Joe Rogan swim
ARGEVT Romero swim
ARGEVT Joe Rogan swim
ARGLOG Romero t 125.7 pos '953.6 564.4 -295.1' spd 178.9 yaw  98.6 mode 2 st 9 gl 0 hp 39 frg 1
ARGLOG Carmack t 125.8 pos '1248.3 709.4 -256.0' spd 169.4 yaw 129.0 mode 0 st 10 gl 0 hp 85 frg 1
ARGEVT Romero swim
ARGEVT Carmack route 18 start '1265.0 737.0 -256.0' goal '145.0 2337.0  40.0'
ARGEVT Joe Rogan swim
ARGLOG Joe Rogan t 125.9 pos '962.9 813.7 -295.3' spd 123.2 yaw 278.2 mode 2 st 1 gl 1 hp 48 frg 1
ARGEVT Romero swim
ARGEVT Joe Rogan swim
ARGUS Carmack wallslide
ARGEVT Romero swim
ARGEVT Joe Rogan swim
ARGEVT Romero swim
ARGEVT Joe Rogan swim
ARGEVT Romero route 6 start '849.0 513.0 -312.0' goal '1297.0 1057.0 -408.0'
ARGEVT Romero swim
ARGLOG Romero t 126.3 pos '905.4 496.1 -295.4' spd 147.3 yaw  88.7 mode 2 st 9 gl 0 hp 35 frg 1
ARGEVT Joe Rogan swim
ARGLOG Carmack t 126.3 pos '1221.7 840.9 -256.0' spd 346.7 yaw 70 mode 2 st 10 gl 0 hp 85 frg 1
ARGEVT Romero swim
ARGEVT Joe Rogan swim
ARGLOG Joe Rogan t 126.4 pos '941.7 846.1 -295.5' spd 102.1 yaw 270.6 mode 2 st 1 gl 1 hp 40 frg 1
ARGEVT Romero swim
ARGEVT Romero swim
ARGLOG Romero t 126.8 pos '802.0 507.2 -289.7' spd 321.5 yaw  86.3 mode 2 st 9 gl 0 hp 35 frg 1
ARGEVT Romero hazard
ARGLOG Carmack t 126.8 pos '1195.7 1008.5 -256.0' spd 361.0 yaw 134.8 mode 2 st 10 gl 0 hp 85 frg 1
ARGEVT Joe Rogan pursue
ARGEVT Romero pursue
ARGUS Romero wallslide
ARGEVT Joe Rogan swim
ARGEVT Carmack hazard
ARGLOG Joe Rogan t 126.9 pos '819.0 858.3 -323.3' spd 269.4 yaw 281 mode 2 st 1 gl 1 hp 40 frg 1
ARGEVT Romero pursue
ARGLOG Romero t 127.3 pos '945.5 528.7 -291.4' spd 343.3 yaw 90 mode 2 st 9 gl 0 hp 35 frg 1
ARGEVT Romero swim
ARGLOG Carmack t 127.3 pos '1192.6 1014.8 -256.0' spd 327.2 yaw 233 mode 2 st 10 gl 0 hp 85 frg 1
ARGLOG Joe Rogan t 127.4 pos '777.7 825.8 -299.9' spd  63.7 yaw 38 mode 2 st 1 gl 1 hp 40 frg 1
ARGEVT Romero swim
ARGEVT Romero swim
ARGUS Carmack wallslide
ARGEVT Joe Rogan swim
ARGEVT Joe Rogan pursue
ARGEVT Romero swim
ARGEVT Joe Rogan swim
ARGLOG Romero t 127.8 pos '975.5 566.5 -295.4' spd  90.7 yaw 97 mode 2 st 9 gl 0 hp 35 frg 1
ARGEVT Romero swim
ARGLOG Carmack t 127.8 pos '1227.5 922.2 -256.0' spd 324.4 yaw 332.2 mode 2 st 10 gl 0 hp 85 frg 1
ARGEVT Joe Rogan swim
ARGEVT Joe Rogan retreat
ARGLOG Joe Rogan t 127.9 pos '812.8 847.9 -294.9' spd  51.4 yaw 316.5 mode 2 st 1 gl 1 hp 32 frg 1
ARGEVT Romero swim
ARGEVT Joe Rogan swim
ARGEVT Romero swim
ARGEVT Joe Rogan swim
ARGEVT Romero swim
ARGEVT Joe Rogan swim
ARGEVT Romero swim
ARGEVT Joe Rogan pursue
ARGEVT Joe Rogan swim
ARGEVT Romero pursue
ARGLOG Romero t 128.3 pos '942.8 597.7 -295.0' spd  95.1 yaw 117 mode 2 st 9 gl 0 hp 35 frg 1
ARGLOG Carmack t 128.3 pos '1281.4 761.2 -256.0' spd 481.9 yaw 170.2 mode 2 st 10 gl 0 hp 85 frg 1
ARGEVT Romero swim
ARGEVT Carmack hazard
ARGEVT Joe Rogan swim
ARGLOG Joe Rogan t 128.4 pos '787.9 852.2 -295.1' spd  55.1 yaw 304 mode 2 st 1 gl 1 hp 32 frg 1
ARGEVT Romero swim
ARGEVT Joe Rogan swim
ARGEVT Romero swim
ARGUS Carmack wallslide
ARGEVT Joe Rogan swim
ARGUS Romero hunch item_health
ARGEVT Romero swim
ARGEVT Carmack route 18 start '1265.0 737.0 -256.0' goal '145.0 2337.0  40.0'
ARGEVT Joe Rogan swim
ARGEVT Romero pursue
ARGUS Joe Rogan hunch item_health
ARGLOG Romero t 128.8 pos '915.1 613.2 -296.4' spd  40.6 yaw 319.4 mode 2 st 9 gl 0 hp 35 frg 1
ARGEVT Romero swim
ARGLOG Carmack t 128.8 pos '1228.2 684.1 -256.0' spd  61.4 yaw 105 mode 2 st 10 gl 0 hp 85 frg 1
ARGEVT Joe Rogan swim
ARGEVT Romero goal item_health
ARGEVT Romero route 4 start '945.0 609.0 -320.0' goal '1169.0 897.0 -408.0'
ARGEVT Joe Rogan goal item_health
ARGEVT Romero swim
ARGEVT Joe Rogan route 4 start '817.0 865.0 -328.0' goal '1329.0 865.0 -256.0'
ARGLOG Joe Rogan t 128.9 pos '779.0 827.9 -295.7' spd  57.0 yaw 117.8 mode 2 st 1 gl 1 hp 32 frg 1
ARGEVT Joe Rogan swim
ARGEVT Romero swim
ARGEVT Joe Rogan swim
ARGEVT Romero swim
ARGEVT Joe Rogan pursue
ARGEVT Joe Rogan swim
ARGEVT Romero swim
ARGEVT Joe Rogan swim
ARGLOG Romero t 129.3 pos '939.4 598.1 -295.1' spd  83.2 yaw  81.5 mode 2 st 9 gl 0 hp 35 frg 1
ARGLOG Carmack t 129.3 pos '1269.9 780.5 -256.0' spd 421.8 yaw 140.2 mode 2 st 10 gl 0 hp 85 frg 1
ARGEVT Romero swim
ARGEVT Joe Rogan swim
ARGLOG Joe Rogan t 129.4 pos '766.4 862.3 -295.2' spd 103.7 yaw 348.2 mode 2 st 1 gl 1 hp 32 frg 1
ARGEVT Romero swim
ARGEVT Joe Rogan swim
ARGEVT Romero swim
ARGEVT Carmack hazard
ARGEVT Joe Rogan swim
ARGEVT Romero swim
ARGUS Carmack wallslide
ARGEVT Joe Rogan swim
ARGEVT Romero swim
ARGLOG Romero t 129.8 pos '948.9 620.7 -295.3' spd  64.4 yaw 121.8 mode 2 st 9 gl 0 hp 35 frg 1
ARGLOG Carmack t 129.8 pos '1198.1 932.8 -256.0' spd 263.5 yaw 144 mode 2 st 10 gl 0 hp 85 frg 1
ARGEVT Joe Rogan swim
ARGEVT Romero swim
ARGLOG Joe Rogan t 129.9 pos '794.0 917.6 -295.0' spd 131.2 yaw 305.0 mode 2 st 1 gl 1 hp 28 frg 1
ARGEVT Joe Rogan swim
ARGEVT Romero swim
ARGEVT Romero swim
ARGEVT Romero swim
ARGEVT Joe Rogan hazard
ARGEVT Joe Rogan death Romero pos '780.2 983.6 -280.0'
ARGUS Romero watch spawn
ARGLOG Romero t 130.3 pos '942.0 649.8 -295.1' spd  74.4 yaw  44.0 mode 2 st 9 gl 0 hp 35 frg 2
ARGLOG Carmack t 130.3 pos '1212.7 1083.5 -256.0' spd 334.2 yaw  92.2 mode 2 st 10 gl 0 hp 85 frg 1
ARGEVT Romero swim
ARGEVT Romero goal item_health
ARGEVT Romero swim
ARGEVT Romero route 4 start '945.0 609.0 -320.0' goal '1169.0 897.0 -408.0'
ARGEVT Carmack hazard
ARGEVT Romero swim
ARGEVT Romero swim
ARGEVT Romero swim
ARGLOG Romero t 130.8 pos '948.1 693.8 -295.3' spd  97.5 yaw 132 mode 2 st 9 gl 0 hp 35 frg 2
ARGLOG Carmack t 130.9 pos '1199.7 1062.7 -256.0' spd 320.2 yaw 239 mode 2 st 10 gl 0 hp 85 frg 1
ARGEVT Romero swim
ARGEVT Romero swim
ARGEVT Romero swim
ARGEVT Romero swim
ARGLOG Romero t 131.3 pos '941.5 747.3 -295.9' spd 112.2 yaw 141 mode 2 st 9 gl 0 hp 35 frg 2
ARGEVT Romero swim
ARGLOG Carmack t 131.4 pos '1166.1 990.4 -244.2' spd 169.0 yaw 297.2 mode 2 st 10 gl 0 hp 85 frg 1
ARGEVT Romero swim
ARGEVT Romero swim
ARGEVT Romero swim
ARGEVT Romero swim
ARGEVT Joe Rogan respawn
ARGEVT Joe Rogan plan powerup via weapon
ARGEVT Joe Rogan goal weapon_rocketlauncher
ARGLOG Joe Rogan t 131.8 pos '528.0 1888.0 -168.0' spd 0 yaw 175.2 mode 0 st 1 gl 1 hp 100 frg 1
ARGLOG Romero t 131.8 pos '920.8 805.3 -295.0' spd 129.3 yaw 153 mode 2 st 9 gl 0 hp 35 frg 2
ARGEVT Joe Rogan route 15 start '465.0 1921.0 -168.0' goal '145.0 2337.0  40.0'
ARGLOG Carmack t 131.9 pos '1246.6 849.3 -256.0' spd 338.2 yaw 273.8 mode 2 st 10 gl 0 hp 85 frg 1
ARGEVT Romero swim
ARGEVT Romero swim
ARGEVT Romero swim
ARGEVT Carmack hazard
ARGUS Carmack wallslide
ARGLOG Joe Rogan t 132.3 pos '383.7 1910.9 -168.0' spd 325.7 yaw 163 mode 2 st 1 gl 1 hp 100 frg 1
ARGLOG Romero t 132.4 pos '868.6 865.9 -296.0' spd 328.4 yaw 172 mode 2 st 9 gl 0 hp 35 frg 2
ARGEVT Carmack route 18 start '1265.0 737.0 -256.0' goal '145.0 2337.0  40.0'
ARGLOG Carmack t 132.4 pos '1232.0 695.0 -256.0' spd  67.6 yaw 107 mode 2 st 10 gl 0 hp 85 frg 1
ARGEVT Romero swim
ARGLOG Joe Rogan t 132.8 pos '217.4 1905.2 -184.0' spd 350.1 yaw 164 mode 2 st 1 gl 1 hp 100 frg 1
ARGLOG Romero t 132.9 pos '720.3 853.8 -307.4' spd 128.3 yaw 2 mode 2 st 9 gl 0 hp 35 frg 2
ARGLOG Carmack t 132.9 pos '1218.6 850.8 -256.0' spd 348.9 yaw 69 mode 2 st 10 gl 0 hp 85 frg 1
ARGEVT Romero swim
ARGLOG Joe Rogan t 133.3 pos ' 60.9 1966.0 -184.0' spd 327.2 yaw 130 mode 2 st 1 gl 1 hp 100 frg 1
ARGLOG Romero t 133.4 pos '777.7 824.0 -295.2' spd 138.2 yaw 13 mode 2 st 9 gl 0 hp 35 frg 2
ARGEVT Romero swim
ARGLOG Carmack t 133.4 pos '1209.3 1013.6 -256.0' spd 349.3 yaw 147 mode 2 st 10 gl 0 hp 85 frg 1
ARGEVT Romero swim
ARGEVT Romero swim
ARGEVT Romero swim
ARGEVT Carmack route 19 start '1265.0 1089.0 -256.0' goal '145.0 2337.0  40.0'
ARGLOG Joe Rogan t 133.9 pos '-94.3 2012.1 -168.0' spd 321.5 yaw 106 mode 2 st 1 gl 1 hp 100 frg 1
ARGEVT Romero swim
ARGLOG Romero t 133.9 pos '848.5 818.6 -295.5' spd 143.5 yaw 25 mode 2 st 9 gl 0 hp 35 frg 2
ARGLOG Carmack t 133.9 pos '1340.5 1136.6 -256.3' spd 386.2 yaw 235 mode 2 st 10 gl 0 hp 85 frg 1
ARGEVT Romero swim
ARGEVT Romero swim
ARGEVT Romero swim
ARGEVT Romero swim
ARGEVT Carmack hazard
ARGLOG Joe Rogan t 134.4 pos '-212.6 2135.6 -136.0' spd 360.8 yaw 117 mode 2 st 1 gl 1 hp 100 frg 1
ARGLOG Romero t 134.4 pos '918.0 797.3 -295.6' spd 146.4 yaw 68 mode 2 st 9 gl 0 hp 35 frg 2
ARGEVT Romero swim
ARGLOG Carmack t 134.4 pos '1292.2 1312.0 -344.0' spd 242.9 yaw 188.2 mode 0 st 10 gl 0 hp 85 frg 1
ARGEVT Carmack route 20 start '1297.0 1249.0 -312.0' goal '145.0 2337.0  40.0'
ARGEVT Carmack jump
ARGUS routecache adopt
ARGEVT Joe Rogan route 10 start '-175.0 2241.0 -136.0' goal '145.0 2337.0  40.0'
ARGEVT Romero swim
ARGEVT Romero swim
ARGEVT Romero swim
ARGEVT Romero swim
ARGLOG Joe Rogan t 134.9 pos '-170.6 2307.5 -136.0' spd 343.3 yaw 135 mode 2 st 1 gl 1 hp 100 frg 1
ARGLOG Romero t 134.9 pos '982.0 760.1 -295.4' spd 145.9 yaw 109 mode 2 st 9 gl 0 hp 35 frg 2
ARGEVT Joe Rogan hazard
ARGLOG Carmack t 134.9 pos '1232.3 1339.9 -311.4' spd  35.4 yaw 278 mode 2 st 10 gl 0 hp 85 frg 1
ARGEVT Romero swim
ARGEVT Romero swim
ARGUS Joe Rogan wallslide
ARGEVT Romero swim
ARGEVT Romero swim
ARGEVT Carmack jump
ARGLOG Joe Rogan t 135.4 pos '-206.2 2320.0 -136.0' spd 149.7 yaw 132 mode 2 st 1 gl 1 hp 100 frg 1
ARGLOG Romero t 135.4 pos '990.1 709.5 -296.5' spd 109.5 yaw 106 mode 2 st 9 gl 0 hp 35 frg 2
ARGEVT Romero swim
ARGLOG Carmack t 135.4 pos '1282.7 1279.9 -316.2' spd 322.0 yaw 256 mode 2 st 10 gl 0 hp 85 frg 1
ARGEVT Romero swim
ARGEVT Romero swim
ARGEVT Romero swim
ARGEVT Romero swim
ARGLOG Joe Rogan t 135.9 pos '-253.2 2429.3 -136.0' spd 347.4 yaw 136 mode 2 st 1 gl 1 hp 100 frg 1
ARGLOG Romero t 135.9 pos '980.6 647.9 -295.1' spd 132.5 yaw 99 mode 2 st 9 gl 0 hp 35 frg 2
ARGLOG Carmack t 135.9 pos '1328.3 1134.1 -256.0' spd 335.7 yaw 237 mode 2 st 10 gl 0 hp 85 frg 1
ARGEVT Romero swim
ARGEVT Romero swim
ARGEVT Romero swim
ARGEVT Romero swim
ARGLOG Joe Rogan t 136.4 pos '-365.3 2555.5 -104.0' spd 320.6 yaw 169 mode 2 st 1 gl 1 hp 100 frg 1
ARGEVT Romero swim
ARGLOG Romero t 136.4 pos '936.2 606.4 -295.1' spd 158.7 yaw 88 mode 2 st 9 gl 0 hp 35 frg 2
ARGLOG Carmack t 136.4 pos '1244.5 993.6 -256.0' spd 324.9 yaw 233 mode 2 st 10 gl 0 hp 85 frg 1
ARGEVT Romero swim
ARGEVT Romero swim
ARGEVT Carmack hazard
ARGEVT Romero swim
ARGEVT Romero swim
ARGLOG Joe Rogan t 136.9 pos '-489.1 2660.4 -96.0' spd 320.0 yaw 224 mode 2 st 1 gl 1 hp 100 frg 1
ARGLOG Romero t 136.9 pos '912.7 635.5 -295.5' spd  72.3 yaw 84 mode 2 st 9 gl 0 hp 35 frg 2
ARGEVT Romero swim
ARGLOG Carmack t 136.9 pos '1200.0 844.1 -255.9' spd 332.3 yaw 142 mode 2 st 10 gl 0 hp 85 frg 1
ARGEVT Joe Rogan lift
ARGEVT Joe Rogan board
ARGEVT Romero swim
ARGEVT Romero swim
ARGEVT Romero swim
ARGLOG Joe Rogan t 137.4 pos '-529.6 2696.3 -27.4' spd 0 yaw 271 mode 2 st 1 gl 1 hp 100 frg 1
ARGEVT Romero swim
ARGLOG Romero t 137.4 pos '916.6 682.9 -295.2' spd 107.8 yaw 84 mode 2 st 9 gl 0 hp 35 frg 2
ARGLOG Carmack t 137.5 pos '1365.7 877.3 -256.0' spd 432.9 yaw 146 mode 2 st 10 gl 0 hp 100 frg 1
ARGEVT Romero swim
ARGEVT Romero swim
ARGEVT Romero swim
ARGEVT Romero swim
ARGLOG Joe Rogan t 137.9 pos '-530.8 2631.5  56.0' spd 196.9 yaw 295 mode 2 st 1 gl 1 hp 100 frg 1
ARGLOG Romero t 137.9 pos '923.2 744.2 -295.1' spd 133.2 yaw 84 mode 2 st 9 gl 0 hp 35 frg 2
ARGLOG Carmack t 138.0 pos '1330.5 1054.9 -256.0' spd 330.1 yaw 140.8 mode 0 st 10 gl 0 hp 100 frg 1
ARGEVT Romero swim
ARGUS routecache adopt
ARGEVT Carmack route 19 start '1265.0 1089.0 -256.0' goal '145.0 2337.0  40.0'
ARGEVT Romero swim
ARGEVT Romero swim
ARGEVT Carmack hazard
ARGEVT Romero swim
ARGLOG Joe Rogan t 138.4 pos '-490.8 2473.6  56.0' spd 323.1 yaw 332 mode 2 st 1 gl 1 hp 100 frg 1
ARGEVT Romero swim
ARGLOG Romero t 138.4 pos '932.2 817.5 -295.3' spd 156.7 yaw 28 mode 2 st 9 gl 0 hp 35 frg 2
ARGLOG Carmack t 138.5 pos '1187.2 1075.0 -252.3' spd 321.8 yaw 265 mode 2 st 10 gl 0 hp 100 frg 1
ARGEVT Romero swim
ARGEVT Romero swim
ARGEVT Romero jump
ARGLOG Joe Rogan t 138.9 pos '-410.2 2416.0 -26.1' spd 0 yaw 358 mode 2 st 1 gl 1 hp 100 frg 1
ARGLOG Romero t 139.0 pos '943.9 926.0 -252.4' spd 320.1 yaw 353 mode 2 st 9 gl 0 hp 35 frg 2
ARGLOG Carmack t 139.0 pos '1191.3 932.3 -256.0' spd 196.0 yaw 144 mode 2 st 10 gl 0 hp 100 frg 1
ARGEVT Romero hazard
ARGLOG Joe Rogan t 139.4 pos '-403.6 2416.0 -136.0' spd 0 yaw 358 mode 2 st 1 gl 1 hp 100 frg 1
ARGLOG Romero t 139.5 pos '1001.8 1060.3 -248.0' spd 339.6 yaw 316 mode 2 st 9 gl 0 hp 35 frg 2
ARGLOG Carmack t 139.5 pos '1345.1 892.6 -256.0' spd 450.2 yaw 146 mode 2 st 10 gl 0 hp 100 frg 1
ARGEVT Romero jump
ARGLOG Joe Rogan t 139.9 pos '-403.6 2416.0 -136.0' spd 0 yaw 358 mode 2 st 1 gl 1 hp 100 frg 1
ARGLOG Romero t 140.0 pos '1088.0 1048.5 -230.6' spd 100.6 yaw 299 mode 2 st 9 gl 0 hp 35 frg 2
ARGLOG Carmack t 140.0 pos '1326.8 1080.9 -256.0' spd 375.5 yaw 172.7 mode 0 st 10 gl 0 hp 100 frg 1
ARGUS routecache adopt
ARGEVT Carmack route 19 start '1265.0 1089.0 -256.0' goal '145.0 2337.0  40.0'
ARGEVT Carmack hazard
ARGLOG Joe Rogan t 140.4 pos '-403.6 2416.0 -136.0' spd 0 yaw 358 mode 2 st 1 gl 1 hp 100 frg 1
ARGLOG Romero t 140.5 pos '1088.0 1004.5 -229.3' spd   8.0 yaw 308 mode 2 st 9 gl 0 hp 35 frg 2
ARGLOG Carmack t 140.5 pos '1222.8 1018.1 -256.0' spd 322.6 yaw 247 mode 2 st 10 gl 0 hp 100 frg 1
ARGEVT Romero hazard
ARGUS Romero wallslide
ARGUS Carmack wallslide
ARGLOG Joe Rogan t 140.9 pos '-403.6 2416.0 -136.0' spd 0 yaw 358 mode 2 st 1 gl 1 hp 100 frg 1
ARGLOG Romero t 141.0 pos '1087.4 1041.9 -248.0' spd  71.4 yaw 300 mode 2 st 9 gl 0 hp 35 frg 2
ARGLOG Carmack t 141 pos '1227.1 914.8 -256.0' spd 321.2 yaw 144 mode 2 st 10 gl 0 hp 100 frg 1
ARGLOG Joe Rogan t 141.4 pos '-403.6 2416.0 -136.0' spd 0 yaw 358 mode 2 st 1 gl 1 hp 100 frg 1
ARGLOG Romero t 141.5 pos '1088.0 1067.4 -248.0' spd  39.9 yaw 296 mode 2 st 9 gl 0 hp 35 frg 2
ARGLOG Carmack t 141.5 pos '1395.4 938.5 -256.0' spd 479.9 yaw 148 mode 2 st 10 gl 0 hp 100 frg 1
ARGEVT Romero hazard
ARGUS Romero wallslide
ARGUS routecache adopt
ARGEVT Carmack route 19 start '1265.0 1089.0 -256.0' goal '145.0 2337.0  40.0'
ARGLOG Joe Rogan t 141.9 pos '-403.6 2416.0 -136.0' spd 0 yaw 358 mode 2 st 1 gl 1 hp 100 frg 1
ARGLOG Romero t 142.0 pos '1088.0 1014.4 -248.0' spd 112.1 yaw 305 mode 2 st 9 gl 0 hp 35 frg 2
ARGLOG Carmack t 142.0 pos '1283.3 1091.7 -256.0' spd 415.1 yaw 240 mode 2 st 10 gl 0 hp 100 frg 1
ARGLOG Joe Rogan t 142.5 pos '-355.7 2393.7 -136.0' spd 116.1 yaw 1 mode 2 st 1 gl 1 hp 100 frg 1
ARGLOG Romero t 142.5 pos '1083.7 990.4 -248.0' spd  84.4 yaw 313 mode 2 st 9 gl 0 hp 35 frg 2
ARGLOG Carmack t 142.5 pos '1168.1 948.3 -256.0' spd 323.9 yaw 40 mode 2 st 10 gl 0 hp 100 frg 1
ARGEVT Carmack hazard
ARGEVT Romero hazard
ARGUS Carmack wallslide
ARGUS Romero wallslide
ARGLOG Joe Rogan t 143.0 pos '-355.7 2393.7 -136.0' spd 0 yaw 1 mode 2 st 1 gl 1 hp 100 frg 1
ARGLOG Romero t 143.0 pos '1087.9 1044.6 -248.0' spd  70.4 yaw 299 mode 2 st 9 gl 0 hp 35 frg 2
ARGLOG Carmack t 143.0 pos '1310.5 933.9 -256.0' spd 413.7 yaw 147 mode 2 st 10 gl 0 hp 100 frg 1
ARGLOG Joe Rogan t 143.5 pos '-355.7 2393.7 -136.0' spd 0 yaw 1 mode 2 st 1 gl 1 hp 100 frg 1
ARGLOG Romero t 143.5 pos '1088.0 1069.5 -248.0' spd  39.9 yaw 296 mode 2 st 9 gl 0 hp 35 frg 2
ARGUS routecache adopt
ARGEVT Carmack route 19 start '1265.0 1089.0 -256.0' goal '145.0 2337.0  40.0'
ARGLOG Carmack t 143.5 pos '1310.3 1118.1 -256.0' spd 325.3 yaw 133 mode 0 st 10 gl 0 hp 100 frg 1
ARGUS Romero wallslide
ARGEVT Carmack hazard
ARGEVT Romero stall
ARGEVT Romero stallnode '1201.0 961.0 -256.0'
ARGEVT Romero jump
ARGEVT Romero route 3 start '977.0 993.0 -248.0' goal '1169.0 897.0 -408.0'
ARGLOG Joe Rogan t 144.0 pos '-355.7 2393.7 -136.0' spd 0 yaw 1 mode 2 st 1 gl 1 hp 100 frg 1
ARGLOG Romero t 144.0 pos '1088.0 1000.7 -204.6' spd 179.3 yaw 341 mode 2 st 10 gl 0 hp 35 frg 2
ARGLOG Carmack t 144.0 pos '1254.4 1063.2 -242.1' spd 240.4 yaw 243 mode 2 st 10 gl 0 hp 100 frg 1
ARGLOG Joe Rogan t 144.5 pos '-355.7 2393.7 -136.0' spd 0 yaw 1 mode 2 st 1 gl 1 hp 100 frg 1
ARGLOG Romero t 144.5 pos '1047.8 976.0 -248.0' spd 322.8 yaw 355 mode 2 st 10 gl 0 hp 35 frg 2
ARGLOG Carmack t 144.5 pos '1207.3 914.8 -256.0' spd 333.7 yaw 144 mode 2 st 10 gl 0 hp 100 frg 1
ARGEVT Carmack hazard
ARGEVT Carmack abandon
ARGEVT Carmack goal item_health
ARGEVT Romero jump
ARGEVT Carmack route 14 start '1201.0 961.0 -256.0' goal '945.0 993.0 -248.0'
ARGUS Carmack wallslide
ARGEVT Joe Rogan abandon
ARGLOG Joe Rogan t 145.0 pos '-355.7 2393.7 -136.0' spd 0 yaw  26.7 mode 0 st 1 gl 1 hp 100 frg 1
ARGLOG Romero t 145.0 pos '877.7 939.5 -208.3' spd 375.6 yaw 352 mode 2 st 10 gl 0 hp 35 frg 2
ARGLOG Carmack t 145.0 pos '1200.0 929.7 -256.0' spd 331.3 yaw 110.7 mode 2 st 10 gl 0 hp 100 frg 1
ARGEVT Joe Rogan plan powerup via weapon
ARGEVT Joe Rogan goal weapon_supernailgun
ARGEVT Joe Rogan route 26 start '-303.0 2465.0 -136.0' goal '817.0 2433.0 -344.0'
ARGEVT Romero route 4 start '881.0 897.0 -280.0' goal '1169.0 897.0 -408.0'
ARGLOG Joe Rogan t 145.5 pos '-215.4 2414.2 -121.1' spd   8.0 yaw 267 mode 2 st 1 gl 1 hp 100 frg 1
ARGLOG Romero t 145.5 pos '914.7 775.6 -269.9' spd 408.9 yaw 80 mode 2 st 10 gl 0 hp 35 frg 2
ARGLOG Carmack t 145.6 pos '1204.6 1087.0 -256.0' spd 357.1 yaw 149 mode 2 st 10 gl 0 hp 100 frg 1
ARGEVT Romero swim
ARGEVT Romero swim
ARGEVT Romero swim
ARGLOG Joe Rogan t 146.0 pos '-256.9 2348.9 -136.0' spd 322.5 yaw 273 mode 2 st 1 gl 1 hp 100 frg 1
ARGLOG Romero t 146.0 pos '989.1 814.4 -294.9' spd 116.2 yaw 106 mode 2 st 10 gl 0 hp 35 frg 2
ARGEVT Carmack route 15 start '1265.0 1089.0 -256.0' goal '945.0 993.0 -248.0'
ARGLOG Carmack t 146.1 pos '1343.2 1010.1 -256.0' spd 463.5 yaw 220.2 mode 2 st 10 gl 0 hp 100 frg 1
ARGEVT Romero swim
ARGEVT Romero swim
ARGEVT Carmack hazard
ARGEVT Romero jump
ARGLOG Joe Rogan t 146.5 pos '-288.7 2187.9 -136.0' spd 329.1 yaw 331 mode 2 st 1 gl 1 hp 100 frg 1
ARGLOG Romero t 146.5 pos '945.4 893.2 -269.6' spd 326.5 yaw 14 mode 2 st 10 gl 0 hp 35 frg 2
ARGLOG Carmack t 146.6 pos '1206.9 871.6 -256.0' spd 285.6 yaw 131.5 mode 2 st 10 gl 0 hp 100 frg 1
ARGLOG Joe Rogan t 147.0 pos '-241.1 2026.5 -168.0' spd 405.2 yaw 341 mode 2 st 1 gl 1 hp 100 frg 1
ARGLOG Romero t 147.0 pos '910.0 1040.3 -248.0' spd 322.8 yaw 332 mode 2 st 10 gl 0 hp 35 frg 2
ARGLOG Carmack t 147.1 pos '1191.1 966.9 -256.0' spd 390.7 yaw 154.7 mode 2 st 10 gl 0 hp 100 frg 1
ARGEVT Carmack goal item_armor2
ARGEVT Carmack route 2 start '1201.0 961.0 -256.0' goal '1297.0 1057.0 -408.0'
ARGUS Romero wallslide
ARGLOG Joe Rogan t 147.5 pos '-71.3 1981.1 -184.0' spd 320.1 yaw 298 mode 2 st 1 gl 1 hp 100 frg 1
ARGLOG Romero t 147.6 pos '1061.5 1035.9 -248.0' spd 327.6 yaw 308 mode 2 st 10 gl 0 hp 135 frg 2
ARGEVT Romero hazard
ARGLOG Carmack t 147.6 pos '1220.0 867.0 -256.0' spd 467.1 yaw 67 mode 2 st 10 gl 0 hp 100 frg 1
ARGEVT Carmack hazard
ARGLOG Joe Rogan t 148.0 pos ' 89.6 1940.7 -184.0' spd 327.5 yaw 279 mode 2 st 1 gl 1 hp 100 frg 1
ARGLOG Romero t 148.1 pos '1087.1 1010.6 -248.0' spd 187.5 yaw 306 mode 2 st 10 gl 0 hp 135 frg 2
ARGUS Carmack wallslide
ARGLOG Carmack t 148.1 pos '1201.0 889.4 -256.0' spd 337.2 yaw 106.8 mode 2 st 10 gl 0 hp 100 frg 1
ARGEVT Joe Rogan route 22 start '145.0 1889.0 -184.0' goal '817.0 2433.0 -344.0'
ARGUS Romero wallslide
ARGEVT Joe Rogan hazard
ARGLOG Joe Rogan t 148.5 pos '233.0 1862.6 -184.0' spd 330.3 yaw 247 mode 2 st 1 gl 1 hp 100 frg 1
ARGLOG Romero t 148.6 pos '1088.0 1054.9 -248.0' spd  45.4 yaw 298 mode 2 st 10 gl 0 hp 135 frg 2
ARGEVT Romero hazard
ARGLOG Carmack t 148.6 pos '1184.7 1066.4 -256.0' spd 339.0 yaw  75.0 mode 2 st 10 gl 0 hp 100 frg 1
ARGEVT Carmack hazard
ARGUS Joe Rogan wallslide
ARGLOG Joe Rogan t 149.0 pos '183.6 1856.0 -184.0' spd 168.4 yaw 253 mode 2 st 1 gl 1 hp 100 frg 1
ARGLOG Romero t 149.1 pos '1088.0 1065.4 -248.0' spd 126.9 yaw 296 mode 2 st 10 gl 0 hp 135 frg 2
ARGLOG Carmack t 149.1 pos '1301.2 1174.9 -275.4' spd 447.1 yaw 143.8 mode 2 st 10 gl 0 hp 100 frg 1
ARGUS Romero wallslide
ARGLOG Joe Rogan t 149.6 pos '139.7 1724.5 -184.0' spd 322.3 yaw 253 mode 2 st 1 gl 1 hp 100 frg 1
ARGLOG Romero t 149.6 pos '1087.3 1000.1 -248.0' spd  56.7 yaw 309 mode 2 st 10 gl 0 hp 135 frg 2
ARGEVT Romero hazard
ARGLOG Carmack t 149.6 pos '1264.0 1279.4 -324.5' spd  30.4 yaw 279 mode 2 st 10 gl 0 hp 100 frg 1
ARGLOG Joe Rogan t 150.1 pos '117.0 1562.2 -200.0' spd 323.8 yaw 270 mode 2 st 1 gl 1 hp 100 frg 1
ARGEVT Romero stall
ARGEVT Romero stallnode '1201.0 961.0 -256.0'
ARGEVT Romero jump
ARGLOG Romero t 150.1 pos '1088.0 1006.5 -244.3' spd 149.0 yaw   7.4 mode 0 st 11 gl 0 hp 135 frg 2
ARGEVT Romero route 3 start '977.0 993.0 -248.0' goal '1169.0 897.0 -408.0'
ARGLOG Carmack t 150.1 pos '1286.0 1148.6 -262.3' spd 320.1 yaw 277 mode 2 st 10 gl 0 hp 100 frg 1
ARGEVT Joe Rogan route 20 start ' 49.0 1441.0 -200.0' goal '817.0 2433.0 -344.0'
ARGEVT Romero abandon
ARGEVT Romero goal item_armor2
ARGEVT Romero route 4 start '977.0 993.0 -248.0' goal '1297.0 1057.0 -408.0'
ARGLOG Joe Rogan t 150.6 pos ' 87.1 1400.4 -200.0' spd 321.9 yaw 293 mode 2 st 1 gl 1 hp 100 frg 1
ARGLOG Romero t 150.6 pos '1087.6 1011.2 -218.7' spd  44.4 yaw 200 mode 2 st 11 gl 0 hp 135 frg 2
ARGLOG Carmack t 150.6 pos '1358.8 995.3 -256.0' spd 434.6 yaw  23.7 mode 1 st 10 gl 0 hp 100 frg 1
ARGEVT Carmack hazard
ARGEVT Romero stall
ARGEVT Romero stallnode '945.0 961.0 -248.0'
ARGEVT Romero jump
ARGEVT Romero goal item_artifact_invulnerability
ARGEVT Romero route 7 start '977.0 993.0 -248.0' goal '241.0 1793.0 -40.0'
ARGLOG Joe Rogan t 151.1 pos '103.8 1238.5 -184.0' spd 320.1 yaw 324 mode 2 st 1 gl 1 hp 100 frg 1
ARGLOG Romero t 151.1 pos '1035.5 982.7 -204.4' spd 155.1 yaw 353 mode 2 st 12 gl 0 hp 135 frg 2
ARGLOG Carmack t 151.1 pos '1366.9 1094.9 -256.0' spd 338.6 yaw 186.6 mode 1 st 10 gl 0 hp 100 frg 1
ARGEVT Joe Rogan jump
ARGEVT Romero jump
ARGLOG Joe Rogan t 151.6 pos '177.2 1093.0 -142.2' spd 362.8 yaw 28 mode 2 st 1 gl 1 hp 100 frg 1
ARGLOG Romero t 151.6 pos '943.8 958.5 -223.0' spd 293.5 yaw 345 mode 2 st 12 gl 0 hp 135 frg 2
ARGLOG Carmack t 151.6 pos '1254.8 964.9 -256.0' spd 485.5 yaw 351.1 mode 1 st 10 gl 0 hp 100 frg 1
ARGLOG Joe Rogan t 152.1 pos '256.5 1228.3 -273.4' spd 402.2 yaw 356 mode 2 st 1 gl 1 hp 100 frg 1
ARGLOG Romero t 152.1 pos '912.5 833.1 -238.6' spd 324.1 yaw 13 mode 2 st 12 gl 0 hp 134 frg 2
ARGEVT Joe Rogan swim
ARGLOG Carmack t 152.1 pos '1419.5 1018.5 -256.0' spd 474.5 yaw 154.0 mode 1 st 10 gl 0 hp 100 frg 1
ARGEVT Romero swim
ARGEVT Joe Rogan swim
ARGEVT Romero swim
ARGEVT Joe Rogan swim
ARGEVT Romero swim
ARGLOG Joe Rogan t 152.6 pos '124.3 1257.3 -296.1' spd 281.8 yaw 352 mode 2 st 1 gl 1 hp 100 frg 1
ARGEVT Joe Rogan swim
ARGLOG Romero t 152.6 pos '992.0 729.0 -295.9' spd  28.1 yaw 43 mode 2 st 12 gl 0 hp 134 frg 2
ARGEVT Romero swim
ARGLOG Carmack t 152.6 pos '1253.2 1015.6 -256.0' spd 475.2 yaw 315.6 mode 1 st 10 gl 0 hp 100 frg 1
ARGEVT Joe Rogan swim
ARGEVT Romero swim
ARGEVT Joe Rogan swim
ARGEVT Romero swim
ARGEVT Joe Rogan swim
ARGEVT Romero swim
ARGEVT Joe Rogan swim
ARGEVT Romero swim
ARGLOG Joe Rogan t 153.1 pos '119.5 1132.9 -294.9' spd 279.8 yaw 16 mode 2 st 1 gl 1 hp 100 frg 1
ARGLOG Romero t 153.1 pos '992.0 753.8 -295.1' spd  64.8 yaw 38 mode 2 st 12 gl 0 hp 133 frg 2
ARGEVT Joe Rogan swim
ARGLOG Carmack t 153.1 pos '1413.7 963.4 -256.0' spd 474.9 yaw 115.6 mode 1 st 10 gl 0 hp 100 frg 1
ARGEVT Romero swim
ARGEVT Joe Rogan swim
ARGEVT Romero swim
ARGEVT Joe Rogan swim
ARGEVT Romero swim
ARGEVT Joe Rogan swim
ARGEVT Romero swim
ARGLOG Joe Rogan t 153.6 pos '238.2 1155.3 -296.5' spd 288.4 yaw 20 mode 2 st 1 gl 1 hp 100 frg 1
ARGEVT Joe Rogan swim
ARGLOG Romero t 153.6 pos '992.0 790.3 -295.4' spd  79.6 yaw 31 mode 2 st 12 gl 0 hp 133 frg 2
ARGEVT Romero swim
ARGLOG Carmack t 153.6 pos '1280.3 1066.2 -256.0' spd 479.4 yaw 275.5 mode 1 st 10 gl 0 hp 100 frg 1
ARGEVT Joe Rogan swim
ARGEVT Romero swim
ARGEVT Joe Rogan swim
ARGEVT Romero swim
ARGEVT Joe Rogan swim
ARGEVT Romero swim
ARGEVT Joe Rogan swim
ARGEVT Romero swim
ARGLOG Joe Rogan t 154.1 pos '160.6 1240.6 -295.3' spd 289.5 yaw 355 mode 2 st 1 gl 1 hp 100 frg 1
ARGEVT Joe Rogan swim
ARGLOG Romero t 154.1 pos '992.0 834.6 -295.2' spd  92.4 yaw 19 mode 2 st 12 gl 0 hp 132 frg 2
ARGLOG Carmack t 154.2 pos '1374.7 925.8 -256.0' spd 474.7 yaw  79.0 mode 1 st 10 gl 0 hp 100 frg 1
ARGEVT Romero swim
ARGEVT Joe Rogan swim
ARGUS Romero wallslide
ARGEVT Joe Rogan swim
ARGEVT Joe Rogan swim
ARGEVT Joe Rogan swim
ARGLOG Joe Rogan t 154.6 pos '172.1 1134.6 -295.5' spd 291.7 yaw 19 mode 2 st 1 gl 1 hp 100 frg 1
ARGLOG Romero t 154.6 pos '992.0 911.9 -280.0' spd 217.3 yaw 356 mode 2 st 12 gl 0 hp 132 frg 2
ARGLOG Carmack t 154.7 pos '1328.5 1087.7 -256.0' spd 479.8 yaw 239.2 mode 1 st 10 gl 0 hp 100 frg 1
ARGEVT Joe Rogan swim
ARGEVT Joe Rogan swim
ARGEVT Romero hazard
ARGEVT Joe Rogan swim
ARGEVT Joe Rogan swim
ARGLOG Joe Rogan t 155.1 pos '197.3 1236.5 -295.7' spd 302.8 yaw 355 mode 2 st 1 gl 1 hp 100 frg 1
ARGEVT Joe Rogan swim
ARGLOG Romero t 155.1 pos '1033.2 990.2 -248.0' spd 355.9 yaw 326 mode 2 st 12 gl 0 hp 131 frg 2
ARGLOG Carmack t 155.2 pos '1319.7 918.5 -256.0' spd 474.7 yaw  41.4 mode 1 st 10 gl 0 hp 100 frg 1
ARGEVT Joe Rogan swim
ARGEVT Joe Rogan swim
ARGEVT Joe Rogan swim
ARGEVT Joe Rogan swim
ARGUS Romero wallslide
ARGLOG Joe Rogan t 155.6 pos '140.0 1148.0 -295.3' spd 294.0 yaw 14 mode 2 st 1 gl 1 hp 100 frg 1
ARGLOG Romero t 155.7 pos '1088.0 1065.8 -248.0' spd 123.0 yaw 296 mode 2 st 12 gl 0 hp 131 frg 2
ARGLOG Carmack t 155.7 pos '1381.2 1074.9 -256.0' spd 476.0 yaw 202 mode 1 st 10 gl 0 hp 100 frg 1
ARGEVT Joe Rogan swim
ARGEVT Joe Rogan swim
ARGEVT Joe Rogan swim
ARGEVT Romero hazard
ARGEVT Joe Rogan swim
ARGLOG Joe Rogan t 156.1 pos '224.0 1212.9 -295.6' spd 304.1 yaw 1 mode 2 st 1 gl 1 hp 100 frg 1
ARGEVT Joe Rogan swim
ARGLOG Romero t 156.2 pos '1087.3 1000.4 -248.0' spd  46.3 yaw 309 mode 2 st 12 gl 0 hp 130 frg 2
ARGLOG Carmack t 156.2 pos '1269.4 946.0 -256.0' spd 475.8 yaw   3.1 mode 1 st 10 gl 0 hp 100 frg 1
ARGEVT Joe Rogan swim
ARGEVT Joe Rogan swim
ARGEVT Joe Rogan swim
ARGEVT Joe Rogan swim
ARGUS Romero wallslide
ARGLOG Joe Rogan t 156.6 pos '122.5 1177.8 -295.1' spd 304.1 yaw 8 mode 2 st 1 gl 1 hp 100 frg 1
ARGLOG Romero t 156.7 pos '1087.9 1011.3 -248.0' spd 114.6 yaw 306 mode 2 st 12 gl 0 hp 130 frg 2
ARGLOG Carmack t 156.7 pos '1415.9 1029.3 -256.0' spd 474.9 yaw 164.1 mode 1 st 10 gl 0 hp 100 frg 1
ARGEVT Joe Rogan swim
ARGEVT Joe Rogan swim
ARGEVT Joe Rogan swim
ARGEVT Romero hazard
ARGEVT Joe Rogan swim
ARGLOG Joe Rogan t 157.1 pos '231.3 1180.3 -296.5' spd 313.5 yaw 12 mode 2 st 1 gl 1 hp 100 frg 1
ARGEVT Joe Rogan swim
ARGLOG Romero t 157.2 pos '1087.9 1051.2 -248.0' spd  49.4 yaw 298 mode 2 st 12 gl 0 hp 129 frg 2
ARGLOG Carmack t 157.2 pos '1246.4 996.4 -256.0' spd 478.4 yaw 324.9 mode 1 st 10 gl 0 hp 100 frg 1
ARGEVT Joe Rogan swim
ARGEVT Joe Rogan swim
ARGEVT Joe Rogan swim
ARGEVT Joe Rogan swim
ARGLOG Joe Rogan t 157.7 pos '125.3 1209.1 -295.2' spd 313.5 yaw 1 mode 2 st 1 gl 1 hp 100 frg 1
ARGLOG Romero t 157.7 pos '1088.0 1071.3 -248.0' spd  44.7 yaw 295 mode 2 st 12 gl 0 hp 129 frg 2
ARGEVT Joe Rogan swim
ARGUS Romero wallslide
ARGLOG Carmack t 157.7 pos '1414.1 975.5 -256.0' spd 474.3 yaw 128.7 mode 1 st 10 gl 0 hp 100 frg 1
ARGEVT Joe Rogan swim
ARGEVT Romero stall
ARGEVT Romero stallnode '1201.0 961.0 -256.0'
ARGEVT Romero jump
ARGUS routecache adopt
ARGEVT Romero route 7 start '977.0 993.0 -248.0' goal '241.0 1793.0 -40.0'
ARGEVT Joe Rogan swim
ARGEVT Joe Rogan swim
ARGLOG Joe Rogan t 158.2 pos '217.3 1148.0 -296.3' spd 308.2 yaw 20 mode 2 st 1 gl 1 hp 100 frg 1
ARGEVT Joe Rogan swim
ARGLOG Romero t 158.2 pos '1088.0 978.9 -204.5' spd 198.1 yaw 351 mode 2 st 13 gl 0 hp 128 frg 2
ARGLOG Carmack t 158.2 pos '1258.9 1047.5 -256.0' spd 481.5 yaw 287.7 mode 1 st 10 gl 0 hp 100 frg 1
ARGEVT Joe Rogan swim
ARGEVT Joe Rogan swim
ARGEVT Joe Rogan swim
ARGEVT Joe Rogan swim
ARGLOG Joe Rogan t 158.7 pos '147.3 1230.3 -295.2' spd 307.7 yaw 358 mode 2 st 1 gl 1 hp 100 frg 1
ARGLOG Romero t 158.7 pos '1027.3 976.0 -248.0' spd 324.3 yaw 356 mode 2 st 13 gl 0 hp 128 frg 2
ARGEVT Joe Rogan swim
ARGLOG Carmack t 158.7 pos '1380.9 929.6 -256.0' spd 474.3 yaw  91.8 mode 1 st 10 gl 0 hp 100 frg 1
ARGEVT Joe Rogan swim
ARGEVT Romero jump
ARGEVT Joe Rogan swim
ARGEVT Joe Rogan swim
ARGLOG Joe Rogan t 159.2 pos '187.6 1131.5 -295.2' spd 293.7 yaw 21 mode 2 st 1 gl 1 hp 100 frg 1
ARGEVT Joe Rogan swim
ARGLOG Romero t 159.2 pos '860.1 918.1 -204.6' spd 383.5 yaw 327.6 mode 0 st 13 gl 0 hp 127 frg 2
ARGLOG Carmack t 159.2 pos '1297.6 1078.3 -256.0' spd 484.3 yaw 251.5 mode 1 st 10 gl 0 hp 100 frg 1
ARGEVT Romero route 7 start '881.0 961.0 -248.0' goal '241.0 1793.0 -40.0'
ARGEVT Joe Rogan swim
ARGEVT Joe Rogan swim
ARGEVT Joe Rogan swim
ARGEVT Joe Rogan swim
ARGLOG Joe Rogan t 159.7 pos '177.7 1236.4 -295.2' spd 297.9 yaw 356 mode 2 st 1 gl 1 hp 100 frg 1
ARGLOG Romero t 159.7 pos '980.3 815.9 -300.3' spd 421.1 yaw 33 mode 2 st 13 gl 0 hp 127 frg 2
ARGEVT Romero swim
ARGLOG Carmack t 159.7 pos '1320.9 911.2 -256.0' spd 473.8 yaw  51.8 mode 1 st 10 gl 0 hp 100 frg 1
ARGEVT Joe Rogan swim
ARGEVT Joe Rogan swim
ARGEVT Romero swim
ARGEVT Joe Rogan swim
ARGEVT Joe Rogan swim
ARGEVT Romero jump
ARGLOG Joe Rogan t 160.2 pos '155.0 1135.4 -295.4' spd 297.7 yaw 18 mode 2 st 1 gl 1 hp 100 frg 1
ARGEVT Joe Rogan swim
ARGLOG Romero t 160.2 pos '974.1 909.3 -266.2' spd 322.3 yaw 12 mode 2 st 13 gl 0 hp 126 frg 2
ARGLOG Carmack t 160.3 pos '1349.4 1078.4 -256.0' spd 481.7 yaw 214.8 mode 1 st 10 gl 0 hp 100 frg 1
ARGEVT Joe Rogan swim
ARGEVT Joe Rogan swim
ARGEVT Joe Rogan swim
ARGLOG Joe Rogan t 160.7 pos '210.6 1223.6 -296.4' spd 298.3 yaw 359 mode 2 st 1 gl 1 hp 100 frg 1
ARGEVT Joe Rogan swim
ARGLOG Romero t 160.7 pos '929.8 938.3 -257.8' spd 146.1 yaw 351 mode 2 st 13 gl 0 hp 126 frg 2
ARGLOG Carmack t 160.8 pos '1269.6 929.0 -256.0' spd 474.5 yaw  16.1 mode 1 st 10 gl 0 hp 100 frg 1
ARGEVT Joe Rogan swim
ARGEVT Romero jump
ARGEVT Joe Rogan swim
ARGEVT Joe Rogan swim
ARGEVT Joe Rogan swim
ARGLOG Joe Rogan t 161.2 pos '129.3 1156.9 -294.9' spd 288.3 yaw 12 mode 2 st 1 gl 1 hp 100 frg 1
ARGLOG Romero t 161.2 pos '1005.3 970.7 -205.1' spd 136.6 yaw 336 mode 2 st 13 gl 0 hp 125 frg 2
ARGEVT Joe Rogan swim
ARGLOG Carmack t 161.3 pos '1390.2 1047.6 -256.0' spd 475.7 yaw 179 mode 1 st 10 gl 0 hp 100 frg 1
ARGEVT Joe Rogan swim
ARGEVT Joe Rogan swim
ARGEVT Joe Rogan swim
ARGEVT Romero hazard
ARGLOG Joe Rogan t 161.7 pos '227.1 1194.7 -296.1' spd 299.5 yaw 7 mode 2 st 1 gl 1 hp 100 frg 1
ARGEVT Joe Rogan swim
ARGLOG Romero t 161.7 pos '1071.0 998.8 -248.0' spd 292.5 yaw 314 mode 2 st 13 gl 0 hp 125 frg 2
ARGLOG Carmack t 161.8 pos '1238.8 968.6 -256.0' spd 475.8 yaw 342.4 mode 1 st 10 gl 0 hp 100 frg 1
ARGEVT Joe Rogan swim
ARGEVT Joe Rogan swim
ARGUS Romero wallslide
ARGEVT Joe Rogan swim
ARGEVT Joe Rogan swim
ARGLOG Joe Rogan t 162.2 pos '122.3 1187.5 -295.0' spd 298.7 yaw 6 mode 2 st 1 gl 1 hp 100 frg 1
ARGLOG Romero t 162.3 pos '1088.0 1063.3 -248.0' spd  44.9 yaw 296 mode 2 st 13 gl 0 hp 124 frg 2
ARGEVT Joe Rogan swim
ARGLOG Carmack t 162.3 pos '1405.1 999.9 -256.0' spd 475.1 yaw 146.3 mode 1 st 10 gl 0 hp 100 frg 1
ARGEVT Joe Rogan swim
ARGEVT Joe Rogan swim
ARGEVT Joe Rogan swim
ARGLOG Joe Rogan t 162.7 pos '225.3 1162.3 -296.2' spd 296.8 yaw 17 mode 2 st 1 gl 1 hp 100 frg 1
ARGEVT Joe Rogan swim
ARGLOG Romero t 162.8 pos '1087.9 1025.9 -248.0' spd 172.7 yaw 303 mode 2 st 13 gl 0 hp 124 frg 2
ARGLOG Carmack t 162.8 pos '1235.5 1021.5 -256.0' spd 477.5 yaw 306.9 mode 1 st 10 gl 0 hp 100 frg 1
ARGEVT Joe Rogan swim
ARGEVT Romero hazard
ARGEVT Joe Rogan swim
ARGUS Romero wallslide
ARGEVT Joe Rogan swim
ARGEVT Joe Rogan swim
ARGLOG Joe Rogan t 163.2 pos '136.9 1218.9 -294.8' spd 287.4 yaw 0 mode 2 st 1 gl 1 hp 100 frg 1
ARGLOG Romero t 163.3 pos '1083.6 987.6 -248.0' spd  33.6 yaw 314 mode 2 st 13 gl 0 hp 123 frg 2
ARGEVT Joe Rogan swim
ARGLOG Carmack t 163.3 pos '1387.2 947.4 -256.0' spd 474.7 yaw 108.8 mode 1 st 10 gl 0 hp 100 frg 1
ARGEVT Joe Rogan swim
ARGEVT Joe Rogan swim
ARGEVT Joe Rogan swim
ARGLOG Joe Rogan t 163.7 pos '200.1 1139.6 -295.2' spd 287.7 yaw 21 mode 2 st 1 gl 1 hp 100 frg 1
ARGLOG Romero t 163.8 pos '1087.9 1038.0 -248.0' spd  74.8 yaw 300 mode 2 st 13 gl 0 hp 123 frg 2
ARGEVT Joe Rogan swim
ARGLOG Carmack t 163.8 pos '1267.5 1066.5 -256.0' spd 477.4 yaw 268.9 mode 1 st 10 gl 0 hp 100 frg 1
ARGEVT Joe Rogan swim
ARGEVT Romero hazard
ARGEVT Joe Rogan swim
ARGUS Romero wallslide
ARGEVT Joe Rogan swim
ARGEVT Joe Rogan swim
ARGLOG Joe Rogan t 164.2 pos '163.7 1235.8 -295.5' spd 289.5 yaw 356 mode 2 st 1 gl 1 hp 100 frg 1
ARGLOG Romero t 164.3 pos '1088.0 1064.7 -248.0' spd  40.0 yaw 296 mode 2 st 13 gl 0 hp 122 frg 2
ARGLOG Carmack t 164.3 pos '1343.7 915.9 -256.0' spd 475.1 yaw  71.4 mode 1 st 10 gl 0 hp 100 frg 1
ARGEVT Joe Rogan swim
ARGEVT Joe Rogan swim
ARGEVT Joe Rogan swim
ARGEVT Joe Rogan swim
ARGLOG Joe Rogan t 164.8 pos '167.4 1133.9 -295.0' spd 292.6 yaw 19 mode 2 st 1 gl 1 hp 100 frg 1
ARGLOG Romero t 164.8 pos '1088.0 1021.4 -248.0' spd 155.8 yaw 304 mode 2 st 13 gl 0 hp 122 frg 2
ARGEVT Joe Rogan swim
ARGLOG Carmack t 164.8 pos '1321.3 1082.7 -256.0' spd 477.2 yaw 231.8 mode 1 st 10 gl 0 hp 100 frg 1
ARGEVT Romero hazard
ARGEVT Joe Rogan swim
ARGEVT Joe Rogan swim
ARGEVT Joe Rogan swim
ARGEVT Joe Rogan abandon
ARGEVT Joe Rogan goal item_artifact_super_damage
ARGEVT Joe Rogan swim
ARGLOG Joe Rogan t 165.3 pos '199.0 1233.6 -295.9' spd 296.3 yaw 221.2 mode 0 st 1 gl 1 hp 100 frg 1
ARGLOG Romero t 165.3 pos '1085.1 989.8 -248.0' spd  64.6 yaw 313 mode 2 st 13 gl 0 hp 121 frg 2
ARGEVT Joe Rogan route 28 start '241.0 1249.0 -312.0' goal '529.0 2465.0 -88.0'
ARGLOG Carmack t 165.3 pos '1288.1 918.0 -256.0' spd 474.9 yaw  32.4 mode 1 st 10 gl 0 hp 100 frg 1
ARGEVT Joe Rogan swim
ARGUS Romero wallslide
ARGEVT Joe Rogan swim
ARGEVT Joe Rogan swim
ARGEVT Joe Rogan swim
ARGLOG Joe Rogan t 165.8 pos ' 88.3 1210.9 -295.5' spd 281.2 yaw 350 mode 2 st 1 gl 1 hp 100 frg 1
ARGLOG Romero t 165.8 pos '1087.9 1039.7 -248.0' spd  73.6 yaw 300 mode 2 st 13 gl 0 hp 121 frg 2
ARGLOG Carmack t 165.8 pos '1374.1 1063.0 -256.0' spd 476.4 yaw 193.8 mode 1 st 10 gl 0 hp 100 frg 1
ARGEVT Joe Rogan swim
ARGEVT Romero hazard
ARGEVT Joe Rogan swim
ARGEVT Joe Rogan swim
ARGLOG Joe Rogan t 166.3 pos '139.1 1108.3 -300.3' spd 294.4 yaw 1 mode 2 st 1 gl 1 hp 100 frg 1
ARGLOG Romero t 166.3 pos '1088.0 1066.0 -248.0' spd  45.1 yaw 296 mode 2 st 13 gl 0 hp 120 frg 2
ARGLOG Carmack t 166.3 pos '1248.3 950.9 -256.0' spd 475.0 yaw 356.7 mode 1 st 10 gl 0 hp 100 frg 1
ARGUS Romero wallslide
ARGLOG Joe Rogan t 166.8 pos '290.7 1164.7 -312.0' spd 320.2 yaw 351 mode 2 st 1 gl 1 hp 100 frg 1
ARGLOG Romero t 166.8 pos '1088.0 1017.8 -248.0' spd 137.2 yaw 304 mode 2 st 13 gl 0 hp 120 frg 2
ARGLOG Carmack t 166.8 pos '1403.9 1016.1 -256.0' spd 475.0 yaw 156.7 mode 1 st 10 gl 0 hp 100 frg 1
ARGEVT Romero hazard
ARGLOG Joe Rogan t 167.3 pos '454.4 1191.5 -312.0' spd 338.7 yaw 295 mode 2 st 1 gl 1 hp 100 frg 1
ARGEVT Carmack abandon
ARGEVT Carmack goal weapon_grenadelauncher
ARGEVT Carmack route 3 start '1265.0 1089.0 -256.0' goal '1201.0 1057.0 -408.0'
ARGLOG Romero t 167.3 pos '1082.4 986.4 -248.0' spd  33.3 yaw 315 mode 2 st 13 gl 0 hp 119 frg 2
ARGLOG Carmack t 167.3 pos '1230.9 1015.5 -256.0' spd 363.2 yaw 243 mode 2 st 10 gl 0 hp 100 frg 1
ARGUS Romero wallslide
ARGEVT Carmack hazard
ARGUS Carmack wallslide
ARGLOG Joe Rogan t 167.8 pos '574.3 1067.8 -314.1' spd 333.6 yaw 336 mode 2 st 1 gl 1 hp 100 frg 1
ARGEVT Joe Rogan swim
ARGLOG Romero t 167.8 pos '1088.0 1041.2 -248.0' spd  78.8 yaw 300 mode 2 st 13 gl 0 hp 119 frg 2
ARGLOG Carmack t 167.9 pos '1203.6 926.9 -256.0' spd 247.1 yaw 326.9 mode 2 st 10 gl 0 hp 100 frg 1
ARGEVT Romero hazard
ARGEVT Joe Rogan engage Romero
ARGEVT Romero engage Joe Rogan
ARGLOG Joe Rogan t 168.3 pos '632.5 938.0 -303.7' spd 149.4 yaw   2.8 mode 2 st 1 gl 1 hp 100 frg 1
ARGLOG Romero t 168.3 pos '1088.0 1011.4 -248.0' spd 320.0 yaw 210.4 mode 2 st 13 gl 0 hp 118 frg 2
ARGLOG Carmack t 168.4 pos '1363.9 988.1 -256.0' spd 469.9 yaw 131.1 mode 2 st 10 gl 0 hp 100 frg 1
ARGEVT Joe Rogan swim
ARGEVT Carmack hazard
ARGLOG Joe Rogan t 168.8 pos '667.6 957.8 -295.6' spd 110.4 yaw  10.5 mode 2 st 1 gl 1 hp 100 frg 1
ARGEVT Joe Rogan swim
ARGLOG Romero t 168.8 pos '1044.4 1023.8 -248.0' spd 322.3 yaw 195.7 mode 2 st 13 gl 0 hp 118 frg 2
ARGLOG Carmack t 168.9 pos '1223.8 1085.7 -226.7' spd 345.8 yaw 199.5 mode 1 st 10 gl 0 hp 100 frg 1
ARGEVT Joe Rogan swim
ARGEVT Joe Rogan swim
ARGEVT Joe Rogan swim
ARGEVT Joe Rogan swim
ARGLOG Joe Rogan t 169.3 pos '678.8 954.0 -294.9' spd  53.8 yaw  13.6 mode 2 st 1 gl 1 hp 92 frg 1
ARGLOG Romero t 169.3 pos '994.5 1086.1 -248.0' spd 259.9 yaw 195.2 mode 2 st 13 gl 0 hp 105 frg 2
ARGEVT Joe Rogan swim
ARGLOG Carmack t 169.4 pos '1155.7 992.0 -256.0' spd   1.7 yaw 157.1 mode 1 st 10 gl 0 hp 100 frg 1
ARGEVT Joe Rogan swim
ARGEVT Joe Rogan swim
ARGEVT Joe Rogan swim
ARGEVT Carmack hazard
ARGLOG Joe Rogan t 169.8 pos '689.3 921.6 -296.4' spd  81.2 yaw   7.4 mode 2 st 1 gl 1 hp 88 frg 1
ARGEVT Joe Rogan swim
ARGLOG Romero t 169.8 pos '1003.2 967.2 -248.0' spd 321.5 yaw 196.2 mode 2 st 13 gl 0 hp 105 frg 2
ARGUS Romero wallslide
ARGLOG Carmack t 169.9 pos '1176.9 1055.0 -256.0' spd 174.6 yaw 119.0 mode 1 st 10 gl 0 hp 100 frg 1
ARGEVT Joe Rogan swim
ARGEVT Joe Rogan swim
ARGUS Carmack wallslide
ARGEVT Joe Rogan swim
ARGEVT Joe Rogan swim
ARGLOG Joe Rogan t 170.3 pos '697.1 924.2 -295.0' spd 184.8 yaw 350.5 mode 2 st 1 gl 1 hp 64 frg 1
ARGEVT Romero swim
ARGLOG Romero t 170.3 pos '978.8 806.8 -324.8' spd 328.8 yaw 159.8 mode 2 st 13 gl 0 hp 69 frg 2
ARGEVT Joe Rogan swim
ARGLOG Carmack t 170.4 pos '1253.7 1118.6 -227.4' spd  46.8 yaw 168.9 mode 1 st 10 gl 0 hp 100 frg 1
ARGEVT Joe Rogan swim
ARGEVT Joe Rogan swim
ARGEVT Joe Rogan swim
ARGEVT Romero route 8 start '945.0 609.0 -320.0' goal '241.0 1793.0 -40.0'
ARGLOG Joe Rogan t 170.8 pos '632.9 981.0 -296.5' spd 157.6 yaw 311.8 mode 2 st 1 gl 1 hp 64 frg 1
ARGEVT Joe Rogan swim
ARGLOG Romero t 170.8 pos '924.1 668.0 -300.3' spd 177.8 yaw 139.1 mode 2 st 13 gl 0 hp 61 frg 2
ARGLOG Carmack t 170.9 pos '1255.6 1085.1 -253.3' spd 123.9 yaw 191 mode 1 st 10 gl 0 hp 100 frg 1
ARGEVT Joe Rogan swim
ARGEVT Joe Rogan swim
ARGEVT Romero swim
ARGEVT Joe Rogan swim
ARGEVT Joe Rogan pursue
ARGEVT Romero pursue
ARGEVT Romero swim
ARGEVT Carmack hazard
ARGEVT Carmack engage Joe Rogan
ARGEVT Carmack grab item_armor2
ARGEVT Joe Rogan swim
ARGEVT Romero swim
ARGLOG Joe Rogan t 171.3 pos '573.7 979.4 -295.3' spd  97.7 yaw 321 mode 2 st 1 gl 1 hp 64 frg 1
ARGLOG Romero t 171.3 pos '937.2 662.3 -294.8' spd  63.0 yaw 133 mode 2 st 13 gl 0 hp 61 frg 2
ARGEVT Joe Rogan swim
ARGLOG Carmack t 171.4 pos '1214.3 995.6 -256.0' spd 352.5 yaw 190.1 mode 1 st 10 gl 0 hp 100 frg 1
ARGEVT Romero swim
ARGEVT Joe Rogan swim
ARGEVT Romero swim
ARGEVT Joe Rogan swim
ARGEVT Romero swim
ARGEVT Joe Rogan swim
ARGEVT Romero swim
ARGEVT Joe Rogan swim
ARGLOG Joe Rogan t 171.8 pos '568.2 928.9 -296.0' spd 105.3 yaw 327 mode 2 st 1 gl 1 hp 64 frg 1
ARGEVT Romero swim
ARGLOG Romero t 171.9 pos '931.6 699.0 -295.5' spd  87.3 yaw 136 mode 2 st 13 gl 0 hp 61 frg 2
ARGUS Joe Rogan hunch item_armor2
ARGLOG Carmack t 171.9 pos '1315.7 1069.1 -256.0' spd 183.1 yaw 191.5 mode 1 st 10 gl 0 hp 100 frg 1
ARGEVT Joe Rogan pursue
ARGEVT Joe Rogan swim
ARGEVT Romero swim
ARGEVT Joe Rogan goal item_armor2
ARGEVT Joe Rogan route 6 start '561.0 961.0 -344.0' goal '1297.0 1057.0 -408.0'
ARGEVT Joe Rogan swim
ARGEVT Romero swim
ARGEVT Romero swim
ARGEVT Romero swim
ARGLOG Joe Rogan t 172.3 pos '546.4 936.7 -304.8' spd  65.1 yaw 238.8 mode 2 st 1 gl 1 hp 52 frg 1
ARGLOG Romero t 172.4 pos '913.0 744.3 -295.0' spd 108.6 yaw 139 mode 2 st 13 gl 0 hp 61 frg 2
ARGEVT Romero swim
ARGLOG Carmack t 172.4 pos '1316.3 1044.4 -256.0' spd  73.8 yaw 190.3 mode 1 st 10 gl 0 hp 100 frg 1
ARGEVT Romero swim
ARGEVT Romero swim
ARGEVT Romero swim
ARGEVT Carmack grab weapon_grenadelauncher
ARGLOG Joe Rogan t 172.8 pos '554.7 930.2 -305.4' spd 127.5 yaw 327 mode 2 st 1 gl 1 hp 48 frg 1
ARGEVT Romero swim
ARGLOG Romero t 172.9 pos '882.2 796.7 -295.2' spd 131.8 yaw 142 mode 2 st 13 gl 0 hp 61 frg 2
ARGLOG Carmack t 172.9 pos '1277.0 1045.1 -256.0' spd 320.0 yaw 188.7 mode 1 st 10 gl 0 hp 100 frg 1
ARGEVT Romero swim
ARGEVT Romero swim
ARGEVT Romero swim
ARGUS Romero hunch item_health
ARGEVT Romero swim
ARGLOG Joe Rogan t 173.3 pos '627.0 915.9 -305.9' spd 193.8 yaw 358.7 mode 2 st 1 gl 1 hp 40 frg 1
ARGLOG Romero t 173.4 pos '836.4 847.4 -295.2' spd 136.1 yaw 170.0 mode 2 st 13 gl 0 hp 61 frg 2
ARGLOG Carmack t 173.4 pos '1223.0 1041.0 -256.0' spd 126.0 yaw 193.2 mode 1 st 10 gl 0 hp 100 frg 1
ARGEVT Romero swim
ARGEVT Romero goal item_health
ARGEVT Romero route 12 start '849.0 833.0 -328.0' goal '337.0 865.0 -200.0'
ARGEVT Romero swim
ARGEVT Romero swim
ARGEVT Romero swim
ARGEVT Joe Rogan swim
ARGLOG Joe Rogan t 173.8 pos '708.8 972.9 -295.3' spd 217.7 yaw 310.4 mode 2 st 1 gl 1 hp 36 frg 1
ARGEVT Romero swim
ARGEVT Joe Rogan retreat
ARGEVT Joe Rogan swim
ARGLOG Romero t 173.9 pos '807.3 836.1 -295.8' spd  77.1 yaw 131.2 mode 2 st 13 gl 0 hp 49 frg 2
ARGLOG Carmack t 173.9 pos '1214.4 1039.8 -256.0' spd  24.3 yaw 187.0 mode 1 st 10 gl 0 hp 100 frg 1
ARGEVT Romero swim
ARGEVT Joe Rogan swim
ARGEVT Joe Rogan death Romero pos '710.3 984.0 -295.9'
ARGUS Romero watch spawn
ARGEVT Romero goal item_health
ARGEVT Romero route 3 start '817.0 865.0 -328.0' goal '1201.0 961.0 -256.0'
ARGEVT Romero swim
ARGEVT Carmack hazard
ARGEVT Romero swim
ARGEVT Romero swim
ARGLOG Romero t 174.4 pos '765.7 826.5 -294.8' spd  97.3 yaw  79.0 mode 2 st 13 gl 0 hp 49 frg 3
ARGLOG Carmack t 174.4 pos '1182.9 942.4 -256.0' spd 334.1 yaw 299.8 mode 1 st 10 gl 0 hp 100 frg 1
ARGEVT Romero swim
ARGEVT Romero swim
ARGEVT Romero swim
ARGEVT Romero swim
ARGEVT Romero swim
ARGLOG Romero t 174.9 pos '752.9 879.6 -295.5' spd 115.8 yaw 19 mode 2 st 13 gl 0 hp 49 frg 3
ARGLOG Carmack t 174.9 pos '1294.0 819.6 -256.0' spd 440.5 yaw 221.1 mode 1 st 10 gl 0 hp 100 frg 1
ARGEVT Romero swim
ARGEVT Romero swim
ARGEVT Romero swim
ARGEVT Romero swim
ARGEVT Carmack hazard
ARGLOG Romero t 175.4 pos '765.2 937.0 -295.2' spd 118.5 yaw 12 mode 2 st 13 gl 0 hp 49 frg 3
ARGEVT Romero swim
ARGLOG Carmack t 175.4 pos '1232.0 692.9 -256.0' spd 129.7 yaw 114.8 mode 1 st 10 gl 0 hp 100 frg 1
ARGUS Carmack wallslide
ARGEVT Joe Rogan respawn
ARGEVT Joe Rogan plan powerup via weapon
ARGEVT Joe Rogan goal weapon_rocketlauncher
ARGLOG Joe Rogan t 175.5 pos '832.0 2048.0 -152.0' spd 0 yaw   4.8 mode 0 st 1 gl 1 hp 100 frg 1
ARGEVT Romero swim
ARGEVT Joe Rogan route 18 start '785.0 2049.0 -152.0' goal '145.0 2337.0  40.0'
ARGEVT Joe Rogan hazard
ARGLOG Romero t 175.9 pos '844.2 990.0 -248.0' spd 322.8 yaw 7 mode 2 st 13 gl 0 hp 49 frg 3
ARGLOG Carmack t 175.9 pos '1231.8 821.6 -256.0' spd 320.1 yaw 94 mode 1 st 10 gl 0 hp 100 frg 1
ARGLOG Joe Rogan t 176.0 pos '853.7 2105.4 -149.8' spd 320.4 yaw 175 mode 2 st 1 gl 1 hp 100 frg 1
ARGEVT Joe Rogan jump
ARGLOG Romero t 176.4 pos '1004.0 1016.1 -248.0' spd 320.1 yaw 6 mode 2 st 13 gl 0 hp 49 frg 3
ARGEVT Carmack engage Romero
ARGEVT Romero engage Carmack
ARGEVT Romero grab item_health
ARGLOG Carmack t 176.4 pos '1210.2 985.1 -256.0' spd 337.2 yaw 145.1 mode 1 st 10 gl 0 hp 100 frg 1
ARGLOG Joe Rogan t 176.5 pos '768.3 2056.0 -120.5' spd 229.7 yaw 204 mode 2 st 1 gl 1 hp 100 frg 1
ARGLOG Romero t 176.9 pos '1072.0 1019.1 -248.0' spd   3.6 yaw  10.3 mode 1 st 13 gl 0 hp 49 frg 3
ARGEVT Carmack grab item_armor2
ARGEVT Joe Rogan jump
ARGLOG Carmack t 177.0 pos '1220.4 1009.0 -256.0' spd 285.0 yaw 190.4 mode 1 st 10 gl 0 hp 100 frg 1
ARGEVT Romero hazard
ARGUS Romero wallslide
ARGLOG Joe Rogan t 177.0 pos '726.6 2005.7 -81.2' spd 263.2 yaw 198 mode 2 st 1 gl 1 hp 100 frg 1
ARGEVT Romero pursue
ARGEVT Carmack pursue
ARGLOG Romero t 177.4 pos '1071.9 1047.9 -248.0' spd  33.1 yaw 345.8 mode 1 st 13 gl 0 hp 49 frg 3
ARGLOG Carmack t 177.5 pos '1313.5 1078.8 -256.0' spd 306.0 yaw 194 mode 1 st 10 gl 0 hp 100 frg 1
ARGLOG Joe Rogan t 177.5 pos '672.0 1962.6 -90.1' spd 105.3 yaw 192 mode 2 st 1 gl 1 hp 100 frg 1
ARGEVT Carmack hazard
ARGUS Carmack hunch item_health
ARGLOG Romero t 177.9 pos '1072.0 1061.5 -248.0' spd   0.8 yaw 340 mode 1 st 13 gl 0 hp 49 frg 3
ARGEVT Carmack goal weapon_grenadelauncher
ARGEVT Carmack route 2 start '1201.0 961.0 -256.0' goal '1201.0 1057.0 -408.0'
ARGLOG Carmack t 178.0 pos '1197.1 1039.5 -256.0' spd 254.4 yaw 350.5 mode 2 st 10 gl 0 hp 100 frg 1
ARGEVT Carmack pursue
ARGEVT Romero hazard
ARGLOG Joe Rogan t 178.0 pos '672.0 1939.1 -301.0' spd  54.3 yaw 185 mode 2 st 1 gl 1 hp 100 frg 1
ARGEVT Joe Rogan jump
ARGLOG Romero t 178.4 pos '1072.0 1070.2 -248.0' spd  46.7 yaw 338 mode 1 st 13 gl 0 hp 49 frg 3
ARGLOG Carmack t 178.5 pos '1315.1 920.6 -256.0' spd 387.8 yaw 245.1 mode 2 st 10 gl 0 hp 100 frg 1
ARGLOG Joe Rogan t 178.5 pos '672.0 1966.9 -333.6' spd  11.7 yaw 193 mode 2 st 1 gl 1 hp 95 frg 1
ARGEVT Joe Rogan hazard
ARGEVT Carmack hazard
ARGLOG Romero t 178.9 pos '1082.6 1072.0 -248.0' spd  20.1 yaw  51.4 mode 1 st 13 gl 0 hp 49 frg 3
ARGLOG Carmack t 179.0 pos '1240.0 755.0 -256.0' spd 233.9 yaw 136.5 mode 2 st 10 gl 0 hp 100 frg 1
ARGEVT Romero hazard
ARGLOG Joe Rogan t 179.0 pos '677.5 1959.9 -376.0' spd  33.8 yaw 191 mode 2 st 1 gl 1 hp 95 frg 1
ARGUS Romero wallslide
ARGEVT Carmack pursue
ARGLOG Romero t 179.4 pos '1087.8 1049.4 -248.0' spd 178.2 yaw 327.9 mode 1 st 13 gl 0 hp 49 frg 3
ARGLOG Carmack t 179.5 pos '1215.7 857.6 -256.0' spd 337.8 yaw 131 mode 2 st 10 gl 0 hp 100 frg 1
ARGLOG Joe Rogan t 179.5 pos '687.3 1973.3 -376.0' spd  31.0 yaw 194 mode 2 st 1 gl 1 hp 95 frg 1
ARGUS Carmack wallslide
ARGEVT Joe Rogan hazard
ARGLOG Romero t 179.9 pos '1058.4 977.5 -248.0' spd 258.3 yaw  13.3 mode 1 st 13 gl 0 hp 49 frg 3
ARGLOG Carmack t 180.0 pos '1201.3 1019.6 -256.0' spd 323.3 yaw  85.5 mode 1 st 10 gl 0 hp 100 frg 1
ARGEVT Romero hazard
ARGLOG Joe Rogan t 180.1 pos '683.9 2003.9 -376.0' spd  61.8 yaw 201 mode 2 st 1 gl 1 hp 95 frg 1
ARGEVT Carmack hazard
ARGLOG Romero t 180.4 pos '1049.6 1061.5 -248.0' spd 148.4 yaw   1.2 mode 1 st 13 gl 0 hp 49 frg 3
ARGLOG Carmack t 180.5 pos '1291.5 1104.0 -256.0' spd 329.0 yaw 340.9 mode 1 st 10 gl 0 hp 100 frg 1
ARGLOG Joe Rogan t 180.6 pos '685.9 1975.6 -376.0' spd 226.3 yaw 194 mode 2 st 1 gl 1 hp 95 frg 1
ARGUS Romero wallslide
ARGEVT Joe Rogan hazard
ARGLOG Romero t 180.9 pos '1053.6 982.1 -248.0' spd  77.4 yaw 357.3 mode 1 st 13 gl 0 hp 49 frg 3
ARGLOG Carmack t 181.0 pos '1373.2 955.8 -256.0' spd 482.9 yaw 180.2 mode 1 st 10 gl 0 hp 100 frg 1
ARGLOG Joe Rogan t 181.1 pos '700.7 1954.2 -376.0' spd  98.7 yaw 189 mode 2 st 1 gl 1 hp 95 frg 1
ARGEVT Romero hazard
ARGLOG Romero t 181.4 pos '1050.1 1060.2 -248.0' spd  68.2 yaw   9.2 mode 1 st 13 gl 0 hp 49 frg 3
ARGLOG Carmack t 181.5 pos '1191.1 1008.5 -256.0' spd 446.8 yaw  54.8 mode 1 st 10 gl 0 hp 100 frg 1
ARGLOG Joe Rogan t 181.6 pos '685.7 2011.5 -376.0' spd  40.3 yaw 203 mode 2 st 1 gl 1 hp 95 frg 1
ARGUS Romero wallslide
ARGUS Carmack wallslide
ARGEVT Joe Rogan hazard
ARGLOG Romero t 182.0 pos '1065.8 983.3 -248.0' spd 155.8 yaw  14.9 mode 1 st 13 gl 0 hp 49 frg 3
ARGLOG Carmack t 182.0 pos '1330.2 1056.3 -256.0' spd 451.8 yaw 252.2 mode 1 st 10 gl 0 hp 100 frg 1
ARGLOG Joe Rogan t 182.1 pos '685.0 2031.3 -376.0' spd  37.3 yaw 207 mode 2 st 1 gl 1 hp 95 frg 1
ARGEVT Romero hazard
ARGLOG Romero t 182.5 pos '1087.0 1068.9 -248.0' spd  66.3 yaw  11.7 mode 1 st 13 gl 0 hp 49 frg 3
ARGLOG Carmack t 182.5 pos '1202.9 936.9 -256.0' spd 480.2 yaw  91.2 mode 1 st 10 gl 0 hp 100 frg 1
ARGLOG Joe Rogan t 182.6 pos '702.7 1957.3 -376.0' spd  29.3 yaw 189 mode 2 st 1 gl 1 hp 95 frg 1
ARGUS Romero wallslide
ARGEVT Joe Rogan hazard
ARGLOG Romero t 183.0 pos '1048.2 982.2 -248.0' spd 147.3 yaw 327.4 mode 1 st 13 gl 0 hp 49 frg 3
ARGLOG Carmack t 183.0 pos '1278.0 1087.4 -256.0' spd 474.3 yaw 289.0 mode 1 st 10 gl 0 hp 100 frg 1
ARGLOG Joe Rogan t 183.1 pos '682.0 2014.9 -376.0' spd  46.9 yaw 204 mode 2 st 1 gl 1 hp 95 frg 1
ARGLOG Romero t 183.5 pos '1088.0 1072.0 -248.0' spd 0 yaw  63.3 mode 1 st 13 gl 0 hp 49 frg 3
ARGEVT Romero hazard
ARGLOG Carmack t 183.5 pos '1253.8 921.2 -256.0' spd 475.2 yaw 126.8 mode 1 st 10 gl 0 hp 100 frg 1
ARGLOG Joe Rogan t 183.6 pos '691.8 1970.9 -376.0' spd 155.2 yaw 193 mode 2 st 1 gl 1 hp 95 frg 1
ARGUS Romero wallslide
ARGEVT Joe Rogan hazard
ARGEVT Romero stall
ARGEVT Romero jump
ARGLOG Romero t 184.0 pos '1088.0 997.8 -244.1' spd 325.3 yaw 271.7 mode 0 st 14 gl 0 hp 49 frg 3
ARGLOG Carmack t 184.0 pos '1227.3 1086.9 -256.0' spd 475.1 yaw 325.2 mode 1 st 10 gl 0 hp 100 frg 1
ARGLOG Joe Rogan t 184.1 pos '706.8 1952.6 -376.0' spd  32.3 yaw 188 mode 2 st 1 gl 1 hp 95 frg 1
ARGEVT Romero route 2 start '977.0 993.0 -248.0' goal '1201.0 961.0 -256.0'
ARGLOG Romero t 184.5 pos '1070.5 976.0 -219.4' spd  42.2 yaw 354 mode 2 st 14 gl 0 hp 49 frg 3
ARGLOG Carmack t 184.5 pos '1305.7 937.4 -256.0' spd 475.2 yaw 162.0 mode 1 st 10 gl 0 hp 100 frg 1
ARGLOG Joe Rogan t 184.6 pos '684.0 2013.0 -376.0' spd  43.5 yaw 203 mode 2 st 1 gl 1 hp 95 frg 1
ARGEVT Joe Rogan hazard
ARGLOG Romero t 185.0 pos '957.7 968.8 -248.0' spd 365.8 yaw 230.0 mode 2 st 14 gl 0 hp 49 frg 3
ARGEVT Romero jump
ARGLOG Carmack t 185.0 pos '1190.1 1060.4 -256.0' spd 479.6 yaw 359.2 mode 1 st 10 gl 0 hp 100 frg 1
ARGLOG Joe Rogan t 185.1 pos '682.3 2030.2 -376.0' spd  78.8 yaw 207 mode 2 st 1 gl 1 hp 95 frg 1
ARGEVT Romero route 2 start '881.0 961.0 -248.0' goal '1201.0 961.0 -256.0'
ARGLOG Romero t 185.5 pos '861.9 841.3 -217.3' spd 398.9 yaw 19 mode 2 st 14 gl 0 hp 49 frg 3
ARGLOG Carmack t 185.5 pos '1340.7 981.5 -256.0' spd 474.7 yaw 197.2 mode 1 st 10 gl 0 hp 100 frg 1
ARGLOG Joe Rogan t 185.6 pos '702.2 1957.0 -376.0' spd  37.3 yaw 189 mode 2 st 1 gl 1 hp 95 frg 1
ARGEVT Romero swim
ARGEVT Joe Rogan hazard
ARGEVT Romero swim
ARGLOG Romero t 186.0 pos '991.8 842.0 -295.1' spd 151.6 yaw 29 mode 2 st 14 gl 0 hp 49 frg 3
ARGEVT Romero swim
ARGLOG Carmack t 186.1 pos '1176.0 1013.0 -256.0' spd 484.1 yaw  38.1 mode 1 st 10 gl 0 hp 100 frg 1
ARGLOG Joe Rogan t 186.1 pos '686.0 2001.7 -376.0' spd  77.2 yaw 201 mode 2 st 1 gl 1 hp 95 frg 1
ARGEVT Romero jump
