LOG started on: 09/19/2026 22:51:49 
Playing registered version.
UDP Initialized
WIPX_OpenSocket: Address family not supported by protocol family
WIPX_Init: Unable to open control socket, IPX disabled
Exe: 20:02:47 Jul 31 2024
256.0 megabyte heap

Language initialization
Couldn't load 'localization/loc_english.txt'
from 'C:\argus\engine'

========= Quake Initialized =========

execing autoexec.cfg
SpawnServer: dm3
Clearing memory
Programs occupy 918K.
trying to open external vis file
maps/dm3.vis not found, trying argus.vis
external vis not found
ARGUS slots 8
ARGUS worldspawn reached
ARGNAV 244 nodes, 771 links
0 entities inhibited
ARGUS init on dm3
ARGEVT Carmack spawned
ARGEVT Romero spawned
ARGEVT Joe Rogan spawned
Server spawned.
ARGLOG Joe Rogan t   1.2 pos '192.0 -208.0 -176.0' spd 0 yaw  87.6 mode 0 st 0 gl 0 hp 100 frg 0
ARGLOG Romero t   1.2 pos '1520.0 432.0 -88.0' spd 0 yaw  47.5 mode 0 st 0 gl 0 hp 100 frg 0
ARGLOG Carmack t   1.2 pos '-880.0 -232.0 -16.0' spd 0 yaw 119.6 mode 0 st 0 gl 0 hp 100 frg 0
ARGEVT Carmack hazard
ARGLOG Joe Rogan t   1.7 pos '199.7 -60.7 -176.0' spd 320 yaw  87.6 mode 0 st 0 gl 0 hp 100 frg 0
ARGLOG Romero t   1.7 pos '1620.6 539.9 -88.0' spd 320.0 yaw  47.5 mode 0 st 0 gl 0 hp 100 frg 0
ARGLOG Carmack t   1.7 pos '-946.2 -106.8 -16.0' spd 153.1 yaw 267.8 mode 0 st 0 gl 0 hp 100 frg 0
ARGLOG Joe Rogan t   2.2 pos '239.5  -4.8 -176.0' spd 323.9 yaw 294.8 mode 0 st 0 gl 0 hp 100 frg 0
ARGLOG Romero t   2.2 pos '1716.0 442.1 -88.0' spd 322.1 yaw 287.5 mode 0 st 0 gl 0 hp 100 frg 0
ARGLOG Carmack t   2.2 pos '-947.4 -236.5 -16.0' spd 320.0 yaw 267.8 mode 0 st 0 gl 0 hp 100 frg 0
ARGUS Romero wallslide
ARGLOG Joe Rogan t   2.7 pos '245.9 -91.4 -176.0' spd 328.0 yaw 153.4 mode 0 st 0 gl 0 hp 100 frg 0
ARGLOG Romero t   2.7 pos '1797.9 400.0 -88.0' spd 212.1 yaw 287.5 mode 0 st 0 gl 0 hp 100 frg 0
ARGLOG Carmack t   2.7 pos '-946.0 -200.7 -16.0' spd 320.0 yaw  88.4 mode 0 st 0 gl 0 hp 100 frg 0
ARGEVT Romero hazard
ARGLOG Joe Rogan t   3.2 pos '202.0 -42.7 -176.0' spd 323.2 yaw   2.1 mode 0 st 0 gl 0 hp 100 frg 0
ARGLOG Romero t   3.2 pos '1832.4 400.0 -88.0' spd 126.3 yaw 287.5 mode 0 st 0 gl 0 hp 100 frg 0
ARGLOG Carmack t   3.2 pos '-940.3 -36.3 -16.0' spd 320 yaw  88.4 mode 0 st 0 gl 0 hp 100 frg 0
ARGUS Romero wallslide
ARGLOG Joe Rogan t   3.7 pos '365.2 -28.7 -200.0' spd 320.0 yaw   2.1 mode 0 st 0 gl 0 hp 100 frg 0
ARGLOG Romero t   3.7 pos '1908.3 443.6 -88.0' spd 334.1 yaw 102.0 mode 0 st 0 gl 0 hp 100 frg 0
ARGLOG Carmack t   3.7 pos '-934.6 127.1  24.0' spd 320 yaw  88.4 mode 0 st 0 gl 0 hp 100 frg 0
ARGEVT Joe Rogan plan powerup via weapon
ARGEVT Joe Rogan goal weapon_lightning
ARGEVT Romero goal item_health
ARGUS routefield adopt
ARGEVT Romero route 1 start '1925.0 513.0 -88.0' goal '1829.0 641.0 -180.0'
ARGEVT Carmack goal weapon_supernailgun
ARGEVT Joe Rogan route 10 start '549.0 -63.0 -168.0' goal '1541.0 -191.0 -392.0'
ARGLOG Joe Rogan t   4.2 pos '526.6 -24.8 -171.1' spd 323.4 yaw 330 mode 2 st 0 gl 0 hp 100 frg 0
ARGLOG Romero t   4.2 pos '1941.7 525.8 -88.0' spd 357.4 yaw 268.2 mode 2 st 0 gl 0 hp 100 frg 0
ARGLOG Carmack t   4.2 pos '-928.0 288.0 104.0' spd 320.5 yaw 83 mode 0 st 0 gl 0 hp 100 frg 0
ARGEVT Carmack route 15 start '-923.0 321.0 120.0' goal '-507.0 449.0 120.0'
ARGEVT Romero hazard
ARGLOG Joe Rogan t   4.8 pos '689.7 -53.0 -189.9' spd 345.4 yaw 3 mode 2 st 0 gl 0 hp 200 frg 0
ARGLOG Romero t   4.8 pos '1849.5 450.9 -88.0' spd 395.7 yaw 103.7 mode 2 st 0 gl 0 hp 100 frg 0
ARGLOG Carmack t   4.8 pos '-915.4 452.3 120.0' spd 320.5 yaw 85 mode 2 st 0 gl 0 hp 100 frg 0
ARGEVT Joe Rogan hazard
ARGUS Joe Rogan wallslide
ARGLOG Joe Rogan t   5.3 pos '799.9 -170.8 -200.0' spd 332.0 yaw 31 mode 2 st 0 gl 0 hp 200 frg 0
ARGLOG Romero t   5.3 pos '1748.0 559.3 -88.0' spd  91.1 yaw 45 mode 2 st 0 gl 0 hp 100 frg 0
ARGLOG Carmack t   5.3 pos '-907.0 616.6 120.0' spd 320.0 yaw 50 mode 2 st 0 gl 0 hp 100 frg 0
ARGUS Romero wallslide
ARGEVT Romero hazard
ARGLOG Joe Rogan t   5.8 pos '926.9 -220.5 -184.0' spd 367.9 yaw 36 mode 2 st 0 gl 0 hp 200 frg 0
ARGLOG Romero t   5.8 pos '1731.1 560.0 -88.0' spd  29.7 yaw 39 mode 2 st 0 gl 0 hp 100 frg 0
ARGLOG Carmack t   5.8 pos '-867.0 778.4 120.0' spd 368.2 yaw 9 mode 2 st 0 gl 0 hp 100 frg 0
ARGLOG Joe Rogan t   6.3 pos '994.8 -75.3 -184.0' spd 367.5 yaw 1 mode 2 st 0 gl 0 hp 200 frg 0
ARGLOG Romero t   6.3 pos '1773.0 560.0 -88.0' spd 347.1 yaw 55 mode 2 st 0 gl 0 hp 100 frg 0
ARGLOG Carmack t   6.3 pos '-713.8 849.0 120.0' spd 325.9 yaw 358 mode 2 st 0 gl 0 hp 100 frg 0
ARGUS Romero wallslide
ARGEVT Romero hazard
ARGUS routecache adopt
ARGEVT Carmack route 11 start '-539.0 833.0 120.0' goal '-507.0 449.0 120.0'
ARGLOG Joe Rogan t   6.8 pos '1139.4  -0.7 -168.0' spd 323.9 yaw 355 mode 2 st 0 gl 0 hp 200 frg 0
ARGLOG Romero t   6.8 pos '1867.8 560.0 -88.0' spd  45.2 yaw 115 mode 2 st 0 gl 0 hp 100 frg 0
ARGLOG Carmack t   6.8 pos '-547.5 834.4 120.0' spd 325.1 yaw 352 mode 2 st 0 gl 0 hp 100 frg 0
ARGLOG Joe Rogan t   7.3 pos '1298.8 -26.3 -168.0' spd 320.4 yaw 356 mode 2 st 0 gl 0 hp 200 frg 0
ARGLOG Romero t   7.3 pos '1888.4 560.0 -88.0' spd  41.3 yaw 126 mode 2 st 0 gl 0 hp 100 frg 0
ARGLOG Carmack t   7.3 pos '-386.2 825.3 120.0' spd 320.3 yaw 351 mode 2 st 0 gl 0 hp 100 frg 0
ARGUS Romero wallslide
ARGEVT Joe Rogan route 5 start '1413.0 -63.0 -168.0' goal '1541.0 -191.0 -392.0'
ARGEVT Romero hazard
ARGUS routefield adopt
ARGEVT Joe Rogan route 5 start '1413.0 -63.0 -168.0' goal '1541.0 -191.0 -392.0'
ARGLOG Joe Rogan t   7.8 pos '1448.9 -97.6 -168.0' spd 322.7 yaw 316 mode 0 st 0 gl 0 hp 200 frg 0
ARGLOG Romero t   7.8 pos '1906.3 560.0 -88.0' spd  32.3 yaw 133 mode 2 st 0 gl 0 hp 100 frg 0
ARGLOG Carmack t   7.8 pos '-222.3 806.2 120.0' spd 320.5 yaw 348 mode 2 st 0 gl 0 hp 100 frg 0
ARGUS routefield adopt
ARGEVT Joe Rogan route 5 start '1413.0 -63.0 -168.0' goal '1541.0 -191.0 -392.0'
ARGEVT Joe Rogan swim
ARGLOG Joe Rogan t   8.3 pos '1583.5 -199.5 -208.2' spd 318.7 yaw 311.2 mode 1 st 0 gl 0 hp 200 frg 0
ARGEVT Joe Rogan swim
ARGLOG Romero t   8.3 pos '1916.8 560.0 -88.0' spd 112.7 yaw 137 mode 2 st 0 gl 0 hp 100 frg 0
ARGLOG Carmack t   8.3 pos '-61.0 766.5 104.0' spd 363.7 yaw 244 mode 2 st 0 gl 0 hp 100 frg 0
ARGUS Romero wallslide
ARGEVT Joe Rogan swim
ARGEVT Joe Rogan swim
ARGEVT Joe Rogan swim
ARGEVT Joe Rogan swim
ARGEVT Romero hazard
ARGLOG Joe Rogan t   8.8 pos '1656.2 -318.5 -207.1' spd 310.9 yaw 150.8 mode 1 st 0 gl 0 hp 200 frg 0
ARGLOG Romero t   8.8 pos '1803.5 559.5 -88.0' spd  72.9 yaw 72 mode 2 st 0 gl 0 hp 100 frg 0
ARGLOG Carmack t   8.8 pos '-80.0 596.2  40.0' spd 486.9 yaw 162 mode 2 st 0 gl 0 hp 100 frg 0
ARGEVT Joe Rogan swim
ARGEVT Joe Rogan swim
ARGEVT Joe Rogan swim
ARGEVT Joe Rogan swim
ARGEVT Joe Rogan swim
ARGLOG Joe Rogan t   9.3 pos '1513.9 -349.6 -207.6' spd 293.9 yaw 79 mode 1 st 0 gl 0 hp 199 frg 0
ARGLOG Romero t   9.3 pos '1785.7 554.4 -88.0' spd  31.4 yaw 63 mode 2 st 0 gl 0 hp 100 frg 0
ARGLOG Carmack t   9.3 pos '-253.3 633.0 -16.0' spd 324.1 yaw 218 mode 2 st 0 gl 0 hp 100 frg 0
ARGEVT Carmack hazard
ARGEVT Joe Rogan swim
ARGEVT Joe Rogan swim
ARGUS Carmack wallslide
ARGEVT Joe Rogan swim
ARGEVT Joe Rogan swim
ARGEVT Romero hazard
ARGLOG Joe Rogan t   9.8 pos '1424.6 -251.3 -207.4' spd 244.8 yaw 26 mode 1 st 0 gl 0 hp 199 frg 0
ARGLOG Romero t   9.8 pos '1763.7 556.3 -88.0' spd  51.5 yaw 52 mode 2 st 0 gl 0 hp 100 frg 0
ARGLOG Carmack t   9.8 pos '-324.0 775.6 -16.0' spd 350.7 yaw 252 mode 2 st 0 gl 0 hp 100 frg 0
ARGEVT Joe Rogan swim
ARGEVT Joe Rogan swim
ARGEVT Joe Rogan swim
ARGUS Romero wallslide
ARGEVT Joe Rogan swim
ARGEVT Joe Rogan swim
ARGLOG Joe Rogan t  10.4 pos '1451.6 -135.2 -207.3' spd 231.1 yaw 329 mode 1 st 0 gl 0 hp 198 frg 0
ARGLOG Romero t  10.4 pos '1743.4 560.0 -88.0' spd  30.6 yaw 43 mode 2 st 0 gl 0 hp 100 frg 0
ARGLOG Carmack t  10.4 pos '-424.9 685.4 -16.0' spd 325.9 yaw 275 mode 2 st 0 gl 0 hp 100 frg 0
ARGEVT Joe Rogan swim
ARGEVT Joe Rogan swim
ARGEVT Joe Rogan swim
ARGEVT Joe Rogan swim
ARGEVT Carmack jump
ARGEVT Romero hazard
ARGEVT Joe Rogan swim
ARGLOG Joe Rogan t  10.9 pos '1546.9 -116.9 -207.5' spd 186.0 yaw 268 mode 1 st 0 gl 0 hp 198 frg 0
ARGLOG Romero t  10.9 pos '1727.7 560.0 -88.0' spd  30.8 yaw 38 mode 2 st 0 gl 0 hp 100 frg 0
ARGLOG Carmack t  10.9 pos '-416.8 519.8  -1.1' spd 322.0 yaw 302.3 mode 2 st 0 gl 0 hp 100 frg 0
ARGEVT Joe Rogan swim
ARGEVT Carmack hazard
ARGEVT Joe Rogan swim
ARGEVT Joe Rogan swim
ARGUS Romero wallslide
ARGEVT Joe Rogan swim
ARGUS Carmack wallslide
ARGLOG Joe Rogan t  11.4 pos '1606.2 -184.0 -207.2' spd 199.3 yaw 188 mode 1 st 0 gl 0 hp 197 frg 0
ARGLOG Romero t  11.4 pos '1712.9 560.0 -88.0' spd  28.4 yaw 34 mode 2 st 0 gl 0 hp 100 frg 0
ARGLOG Carmack t  11.4 pos '-400.2 450.5 -16.0' spd 308.4 yaw 140 mode 2 st 0 gl 0 hp 100 frg 0
ARGEVT Joe Rogan swim
ARGEVT Joe Rogan swim
ARGEVT Carmack jump
ARGEVT Romero stall
ARGEVT Romero stallnode '1829.0 641.0 -180.0'
ARGEVT Romero jump
ARGEVT Joe Rogan engage Romero
ARGEVT Joe Rogan grab weapon_lightning
ARGEVT Joe Rogan swim
ARGEVT Joe Rogan swim
ARGUS routefield adopt
ARGEVT Romero route 2 start '1669.0 513.0 -88.0' goal '1829.0 641.0 -180.0'
ARGEVT Joe Rogan swim
ARGLOG Joe Rogan t  11.9 pos '1536.5 -241.3 -207.1' spd 213.0 yaw  75.4 mode 1 st 0 gl 0 hp 197 frg 0
ARGLOG Romero t  11.9 pos '1809.9 560.0 -44.6' spd 261.0 yaw 338 mode 2 st 1 gl 0 hp 100 frg 0
ARGLOG Carmack t  11.9 pos '-435.6 613.6 -16.0' spd 271.2 yaw 249 mode 2 st 0 gl 0 hp 100 frg 0
ARGEVT Joe Rogan swim
ARGEVT Joe Rogan swim
ARGUS Romero leadclip
ARGEVT Romero grab item_health
ARGEVT Joe Rogan swim
ARGEVT Romero hazard
ARGUS Romero wallslide
ARGEVT Joe Rogan swim
ARGEVT Carmack jump
ARGLOG Joe Rogan t  12.4 pos '1531.1 -155.3 -207.7' spd 240.4 yaw  60.0 mode 1 st 0 gl 0 hp 196 frg 0
ARGLOG Romero t  12.4 pos '1882.8 560.0 -88.0' spd  61.6 yaw 248.4 mode 2 st 1 gl 0 hp 96 frg 0
ARGLOG Carmack t  12.4 pos '-413.8 512.8 -12.1' spd 331.1 yaw 179 mode 2 st 0 gl 0 hp 100 frg 0
ARGEVT Joe Rogan swim
ARGEVT Joe Rogan swim
ARGEVT Joe Rogan pursue
ARGEVT Romero pursue
ARGEVT Joe Rogan swim
ARGUS Carmack wallslide
ARGEVT Carmack hazard
ARGEVT Joe Rogan swim
ARGEVT Joe Rogan swim
ARGLOG Joe Rogan t  12.9 pos '1638.7 -184.9 -207.1' spd 206.1 yaw 72 mode 1 st 0 gl 0 hp 196 frg 0
ARGLOG Romero t  12.9 pos '1860.3 479.9 -88.0' spd 320.3 yaw 242 mode 2 st 1 gl 0 hp 96 frg 0
ARGLOG Carmack t  12.9 pos '-400.7 464.6 -16.0' spd 322.7 yaw 146 mode 2 st 0 gl 0 hp 100 frg 0
ARGEVT Joe Rogan swim
ARGUS Romero prefire
ARGEVT Joe Rogan swim
ARGEVT Carmack jump
ARGEVT Joe Rogan swim
ARGEVT Joe Rogan swim
ARGLOG Joe Rogan t  13.4 pos '1722.3 -187.0 -208.0' spd 138.1 yaw  77.6 mode 1 st 0 gl 0 hp 195 frg 0
ARGLOG Romero t  13.4 pos '1826.5 485.3 -88.0' spd 321.8 yaw 262.8 mode 2 st 1 gl 0 hp 92 frg 0
ARGLOG Carmack t  13.4 pos '-448.0 609.5  24.3' spd  10.6 yaw 255 mode 2 st 0 gl 0 hp 100 frg 0
ARGEVT Joe Rogan swim
ARGEVT Joe Rogan swim
ARGEVT Joe Rogan swim
ARGEVT Joe Rogan swim
ARGEVT Joe Rogan pursue
ARGEVT Romero pursue
ARGEVT Joe Rogan swim
ARGLOG Joe Rogan t  13.9 pos '1787.9 -165.1 -207.6' spd 136.1 yaw  86.2 mode 1 st 0 gl 0 hp 195 frg 0
ARGLOG Romero t  13.9 pos '1829.1 466.4 -88.0' spd 320.1 yaw 264.1 mode 2 st 1 gl 0 hp 92 frg 0
ARGLOG Carmack t  13.9 pos '-442.6 583.2 -16.0' spd 251.2 yaw 246 mode 2 st 0 gl 0 hp 100 frg 0
ARGEVT Carmack jump
ARGEVT Joe Rogan swim
ARGUS Romero leadclip
ARGEVT Joe Rogan swim
ARGEVT Joe Rogan swim
ARGEVT Carmack hazard
ARGEVT Joe Rogan pursue
ARGEVT Romero pursue
ARGEVT Joe Rogan swim
ARGUS Romero hunch weapon_lightning
ARGLOG Joe Rogan t  14.4 pos '1845.5 -125.1 -207.3' spd 140.8 yaw 91 mode 1 st 0 gl 0 hp 194 frg 0
ARGLOG Romero t  14.4 pos '1829.3 426.7 -88.0' spd  70.0 yaw 116.6 mode 2 st 1 gl 0 hp 49 frg 0
ARGLOG Carmack t  14.4 pos '-403.5 441.2 -16.0' spd 157.5 yaw 134 mode 2 st 0 gl 0 hp 100 frg 0
ARGEVT Joe Rogan swim
ARGEVT Romero goal item_health
ARGEVT Romero route 2 start '1765.0 385.0 -64.0' goal '1829.0 641.0 -180.0'
ARGEVT Romero pursue
ARGEVT Joe Rogan swim
ARGUS Carmack wallslide
ARGEVT Joe Rogan swim
ARGUS Joe Rogan threatmove range 3
ARGUS Romero threatmove range 2
ARGUS Romero wallslide
ARGEVT Carmack jump
ARGLOG Joe Rogan t  14.9 pos '1840.1 -120.1 -163.1' spd  43.4 yaw  91.2 mode 1 st 0 gl 0 hp 194 frg 0
ARGLOG Romero t  14.9 pos '1801.2 400.0 -88.0' spd  31.7 yaw 271.6 mode 2 st 1 gl 0 hp 45 frg 0
ARGLOG Carmack t  14.9 pos '-413.4 557.3  -2.5' spd 350.6 yaw 216 mode 2 st 0 gl 0 hp 100 frg 0
ARGEVT Joe Rogan swim
ARGLOG Joe Rogan t  15.4 pos '1887.8 -164.2 -209.1' spd 132.9 yaw  97.1 mode 1 st 0 gl 0 hp 133 frg 0
ARGLOG Romero t  15.4 pos '1803.9 400.0 -88.0' spd  13.1 yaw 279.6 mode 2 st 1 gl 0 hp 45 frg 0
ARGLOG Carmack t  15.4 pos '-428.0 567.4 -16.0' spd 321.2 yaw 230 mode 2 st 0 gl 0 hp 100 frg 0
ARGEVT Joe Rogan swim
ARGEVT Romero hazard
ARGEVT Carmack jump
ARGEVT Joe Rogan swim
ARGEVT Joe Rogan swim
ARGUS Carmack wallslide
ARGEVT Joe Rogan swim
ARGEVT Carmack hazard
ARGLOG Joe Rogan t  15.9 pos '1874.9 -152.2 -207.2' spd  63.1 yaw  90.9 mode 1 st 0 gl 0 hp 133 frg 0
ARGLOG Romero t  15.9 pos '1816.0 400.0 -88.0' spd   5.8 yaw 276.3 mode 2 st 1 gl 0 hp 45 frg 0
ARGLOG Carmack t  15.9 pos '-400.3 426.5 -16.0' spd  57.5 yaw 130 mode 2 st 0 gl 0 hp 100 frg 0
ARGEVT Joe Rogan swim
ARGEVT Joe Rogan swim
ARGUS Romero leadclip
ARGEVT Joe Rogan swim
ARGEVT Joe Rogan swim
ARGEVT Carmack jump
ARGLOG Joe Rogan t  16.4 pos '1850.9 -129.3 -207.5' spd  74.5 yaw  91.5 mode 1 st 0 gl 0 hp 132 frg 0
ARGLOG Romero t  16.4 pos '1818.3 400.0 -88.0' spd   3.1 yaw 272.8 mode 2 st 1 gl 0 hp 45 frg 0
ARGLOG Carmack t  16.4 pos '-436.6 567.8  -5.3' spd 403.2 yaw 235 mode 2 st 0 gl 0 hp 100 frg 0
ARGEVT Joe Rogan swim
ARGEVT Joe Rogan swim
ARGEVT Romero weapon sg
ARGEVT Romero death Romero pos '1818.8 400.0 -88.0'
ARGEVT Joe Rogan swim
ARGEVT Joe Rogan swim
ARGLOG Joe Rogan t  17.0 pos '1809.9 -112.0 -173.9' spd  96.3 yaw 89 mode 1 st 0 gl 0 hp 132 frg 0
ARGLOG Carmack t  17.0 pos '-447.9 601.1   7.1' spd  32.4 yaw 253 mode 2 st 0 gl 0 hp 100 frg 0
ARGEVT Carmack jump
ARGLOG Joe Rogan t  17.5 pos '1770.1 -63.0 -168.0' spd 324.0 yaw 84 mode 1 st 0 gl 0 hp 131 frg 0
ARGLOG Carmack t  17.5 pos '-403.1 491.9 -15.3' spd 320.2 yaw 163 mode 2 st 0 gl 0 hp 100 frg 0
ARGEVT Carmack hazard
ARGUS Carmack wallslide
ARGLOG Joe Rogan t  18.0 pos '1779.6 106.2 -180.6' spd 320.5 yaw 82 mode 1 st 0 gl 0 hp 131 frg 0
ARGLOG Carmack t  18.0 pos '-403.1 508.1 -16.0' spd 353.1 yaw 176 mode 2 st 0 gl 0 hp 100 frg 0
ARGEVT Carmack jump
ARGEVT Joe Rogan swim
ARGEVT Romero respawn
ARGEVT Romero goal item_armorInv
ARGLOG Romero t  18.2 pos '512.0 768.0 216.0' spd 0 yaw 265.5 mode 0 st 1 gl 0 hp 100 frg -1
ARGEVT Romero route 31 start '517.0 801.0 216.0' goal '261.0 -703.0 328.0'
ARGEVT Joe Rogan swim
ARGEVT Joe Rogan swim
ARGEVT Joe Rogan swim
ARGLOG Joe Rogan t  18.5 pos '1794.6 269.7 -207.6' spd 317.0 yaw 79 mode 1 st 0 gl 0 hp 130 frg 0
ARGLOG Carmack t  18.5 pos '-432.8 605.0 -16.0' spd 293.1 yaw 246 mode 2 st 0 gl 0 hp 100 frg 0
ARGEVT Joe Rogan swim
ARGLOG Romero t  18.7 pos '492.9 617.2 215.0' spd 331.0 yaw 313 mode 2 st 1 gl 0 hp 100 frg -1
ARGEVT Joe Rogan swim
ARGEVT Joe Rogan swim
ARGEVT Carmack jump
ARGEVT Joe Rogan swim
ARGLOG Joe Rogan t  19.0 pos '1795.9 352.0 -207.3' spd  45.8 yaw 185.8 mode 1 st 0 gl 0 hp 130 frg 0
ARGLOG Carmack t  19.0 pos '-400.0 445.3  -6.0' spd 306.5 yaw 137 mode 2 st 0 gl 0 hp 100 frg 0
ARGEVT Joe Rogan swim
ARGUS Carmack wallslide
ARGEVT Carmack hazard
ARGLOG Romero t  19.2 pos '485.6 591.9  94.1' spd  41.7 yaw 319 mode 2 st 1 gl 0 hp 100 frg -1
ARGEVT Joe Rogan swim
ARGEVT Joe Rogan swim
ARGEVT Joe Rogan swim
ARGLOG Joe Rogan t  19.5 pos '1765.9 344.4 -208.1' spd  70.4 yaw 248 mode 1 st 0 gl 0 hp 129 frg 0
ARGEVT Joe Rogan swim
ARGLOG Carmack t  19.5 pos '-408.9 521.7 -16.0' spd 357.4 yaw 188 mode 2 st 0 gl 0 hp 100 frg 0
ARGEVT Joe Rogan swim
ARGEVT Carmack jump
ARGEVT Romero hazard
ARGLOG Romero t  19.7 pos '429.5 484.1  56.0' spd 350.9 yaw 351 mode 2 st 1 gl 0 hp 100 frg -1
ARGEVT Joe Rogan swim
ARGUS Romero wallslide
ARGEVT Joe Rogan swim
ARGEVT Joe Rogan swim
ARGLOG Joe Rogan t  20.0 pos '1731.1 319.3 -207.1' spd  94.2 yaw 250 mode 1 st 0 gl 0 hp 129 frg 0
ARGLOG Carmack t  20.0 pos '-448.0 601.8  25.8' spd  32.4 yaw 254 mode 2 st 0 gl 0 hp 100 frg 0
ARGEVT Joe Rogan swim
ARGEVT Joe Rogan swim
ARGLOG Romero t  20.2 pos '549.3 413.4  56.0' spd 260.8 yaw 0 mode 2 st 1 gl 0 hp 100 frg -1
ARGEVT Joe Rogan swim
ARGEVT Joe Rogan swim
ARGEVT Carmack jump
ARGEVT Joe Rogan swim
ARGLOG Joe Rogan t  20.5 pos '1694.3 279.4 -207.4' spd 118.2 yaw 253 mode 1 st 0 gl 0 hp 128 frg 0
ARGLOG Carmack t  20.5 pos '-421.4 534.0  -0.5' spd 320.1 yaw 297 mode 2 st 0 gl 0 hp 100 frg 0
ARGEVT Joe Rogan swim
ARGEVT Romero hazard
ARGLOG Romero t  20.7 pos '552.0 377.7  56.0' spd  36.3 yaw 7 mode 2 st 1 gl 0 hp 100 frg -1
ARGUS Carmack wallslide
ARGEVT Joe Rogan swim
ARGEVT Joe Rogan swim
ARGEVT Carmack hazard
ARGEVT Joe Rogan swim
ARGLOG Joe Rogan t  21.0 pos '1657.3 227.4 -207.6' spd 135.9 yaw 255 mode 1 st 0 gl 0 hp 128 frg 0
ARGLOG Carmack t  21.0 pos '-400.0 463.0 -16.0' spd 262.6 yaw 146 mode 2 st 0 gl 0 hp 100 frg 0
ARGEVT Joe Rogan swim
ARGEVT Joe Rogan swim
ARGLOG Romero t  21.2 pos '552.0 360.1  56.0' spd  32.9 yaw 11 mode 2 st 1 gl 0 hp 100 frg -1
ARGEVT Carmack jump
ARGEVT Joe Rogan swim
ARGEVT Joe Rogan swim
ARGEVT Joe Rogan swim
ARGLOG Joe Rogan t  21.5 pos '1620.3 163.9 -207.0' spd 156.1 yaw 258 mode 1 st 0 gl 0 hp 127 frg 0
ARGLOG Carmack t  21.5 pos '-448.0 622.2 -16.0' spd  91.8 yaw 257 mode 2 st 0 gl 0 hp 100 frg 0
ARGEVT Joe Rogan swim
ARGEVT Romero hazard
ARGLOG Romero t  21.7 pos '552.0 343.7  56.0' spd  34.0 yaw 14 mode 2 st 1 gl 0 hp 100 frg -1
ARGEVT Joe Rogan swim
ARGEVT Joe Rogan swim
ARGEVT Joe Rogan swim
ARGUS Romero wallslide
ARGEVT Carmack hazard
ARGLOG Joe Rogan t  22.0 pos '1583.3  88.7 -208.2' spd 170.7 yaw 263 mode 1 st 0 gl 0 hp 127 frg 0
ARGEVT Joe Rogan swim
ARGLOG Carmack t  22.0 pos '-413.7 483.9 -16.0' spd 328.1 yaw 154 mode 2 st 0 gl 0 hp 100 frg 0
ARGEVT Carmack jump
ARGEVT Joe Rogan swim
ARGLOG Romero t  22.2 pos '552.0 388.9  56.0' spd 342.2 yaw 5 mode 2 st 1 gl 0 hp 100 frg -1
ARGEVT Joe Rogan swim
ARGLOG Joe Rogan t  22.6 pos '1559.4  45.6 -159.3' spd  50.4 yaw 267 mode 1 st 0 gl 0 hp 126 frg 0
ARGLOG Carmack t  22.6 pos '-400.0 442.0  15.3' spd  30.6 yaw 136 mode 2 st 0 gl 0 hp 100 frg 0
ARGEVT Romero hazard
ARGLOG Romero t  22.7 pos '552.0 485.3  56.0' spd  49.8 yaw 347 mode 2 st 1 gl 0 hp 100 frg -1
ARGEVT Carmack jump
ARGUS Romero wallslide
ARGLOG Joe Rogan t  23.1 pos '1543.6 -34.5 -168.0' spd 320.6 yaw 271 mode 1 st 0 gl 0 hp 126 frg 0
ARGLOG Carmack t  23.1 pos '-414.2 542.1  -7.4' spd 320.1 yaw 206 mode 2 st 0 gl 0 hp 100 frg 0
ARGEVT Carmack hazard
ARGLOG Romero t  23.2 pos '552.0 507.2  56.0' spd  39.9 yaw 343 mode 2 st 1 gl 0 hp 100 frg -1
ARGUS Carmack wallslide
ARGLOG Joe Rogan t  23.6 pos '1542.5 -199.3 -199.1' spd 320.1 yaw 296.2 mode 1 st 0 gl 0 hp 125 frg 0
ARGLOG Carmack t  23.6 pos '-446.3 472.7 -16.0' spd 348.4 yaw 304.8 mode 2 st 0 gl 0 hp 100 frg 0
ARGEVT Joe Rogan swim
ARGEVT Romero hazard
ARGEVT Carmack jump
ARGLOG Romero t  23.7 pos '552.0 525.5  56.0' spd  35.7 yaw 340 mode 2 st 1 gl 0 hp 100 frg -1
ARGEVT Joe Rogan swim
ARGEVT Joe Rogan swim
ARGEVT Joe Rogan swim
ARGUS Romero wallslide
ARGLOG Joe Rogan t  24.1 pos '1613.2 -312.1 -208.4' spd 313.8 yaw 100.7 mode 1 st 0 gl 0 hp 125 frg 0
ARGEVT Joe Rogan swim
ARGLOG Carmack t  24.1 pos '-400.0 374.8  24.9' spd  35.2 yaw 118 mode 2 st 0 gl 0 hp 100 frg 0
ARGEVT Joe Rogan swim
ARGLOG Romero t  24.2 pos '552.0 542.3  56.0' spd  31.3 yaw 337 mode 2 st 1 gl 0 hp 100 frg -1
ARGEVT Joe Rogan swim
ARGEVT Joe Rogan abandon
ARGEVT Joe Rogan plan powerup via weapon
ARGEVT Joe Rogan goal weapon_supernailgun
ARGEVT Carmack abandon
ARGEVT Carmack goal weapon_lightning
ARGUS Carmack wallslide
ARGEVT Joe Rogan route 26 start '1797.0 -63.0 -168.0' goal '-507.0 449.0 120.0'
ARGEVT Joe Rogan swim
ARGEVT Joe Rogan swim
ARGEVT Carmack route 18 start '-411.0 513.0 -16.0' goal '1541.0 -191.0 -392.0'
ARGLOG Joe Rogan t  24.6 pos '1681.1 -180.5 -207.3' spd 300.3 yaw 38 mode 2 st 0 gl 0 hp 124 frg 0
ARGLOG Carmack t  24.6 pos '-400.0 452.3 -16.0' spd 320.0 yaw 46 mode 2 st 0 gl 0 hp 100 frg 0
ARGEVT Joe Rogan swim
ARGEVT Romero hazard
ARGEVT Joe Rogan swim
ARGLOG Romero t  24.8 pos '552.0 558.1  56.0' spd  29.9 yaw 334 mode 2 st 1 gl 0 hp 100 frg -1
ARGEVT Joe Rogan swim
ARGEVT Joe Rogan swim
ARGUS Romero wallslide
ARGEVT Joe Rogan swim
ARGLOG Joe Rogan t  25.1 pos '1712.3 -112.0 -206.9' spd  74.4 yaw 32 mode 2 st 0 gl 0 hp 124 frg 0
ARGLOG Carmack t  25.1 pos '-402.1 616.5 -16.0' spd 320.0 yaw 7 mode 2 st 0 gl 0 hp 100 frg 0
ARGEVT Joe Rogan swim
ARGLOG Romero t  25.3 pos '552.0 573.1  56.0' spd  26.4 yaw 332 mode 2 st 1 gl 0 hp 100 frg -1
ARGEVT Joe Rogan swim
ARGEVT Joe Rogan swim
ARGEVT Joe Rogan swim
ARGEVT Carmack hazard
ARGLOG Joe Rogan t  25.6 pos '1758.3 -112.0 -186.8' spd 120.2 yaw 55 mode 2 st 0 gl 0 hp 123 frg 0
ARGLOG Carmack t  25.6 pos '-421.1 760.5 -16.0' spd 217.7 yaw 342 mode 2 st 0 gl 0 hp 100 frg 0
ARGEVT Romero hazard
ARGLOG Romero t  25.8 pos '552.0 587.8  56.0' spd  27.8 yaw 330 mode 2 st 1 gl 0 hp 100 frg -1
ARGUS Carmack wallslide
ARGUS Romero wallslide
ARGLOG Joe Rogan t  26.1 pos '1818.7 -112.0 -179.0' spd 120.2 yaw 63 mode 2 st 0 gl 0 hp 123 frg 0
ARGLOG Carmack t  26.1 pos '-274.0 745.9 -16.0' spd 434.6 yaw 337 mode 2 st 0 gl 0 hp 100 frg 0
ARGEVT Joe Rogan swim
ARGLOG Romero t  26.3 pos '552.0 602.1  56.0' spd  28.0 yaw 327 mode 2 st 1 gl 0 hp 100 frg -1
ARGEVT Joe Rogan swim
ARGEVT Carmack engage Romero
ARGEVT Joe Rogan swim
ARGEVT Romero stall
ARGEVT Romero stallnode '645.0 449.0  56.0'
ARGEVT Romero jump
ARGEVT Romero engage Carmack
ARGLOG Joe Rogan t  26.6 pos '1850.1 -128.1 -183.6' spd  16.1 yaw 68 mode 2 st 0 gl 0 hp 122 frg 0
ARGLOG Carmack t  26.6 pos '-120.0 667.8  24.0' spd 327.6 yaw 352.3 mode 2 st 0 gl 0 hp 100 frg 0
ARGLOG Romero t  26.8 pos '540.0 560.6  96.6' spd 169.7 yaw 172.3 mode 0 st 2 gl 0 hp 100 frg -1
ARGEVT Romero route 30 start '517.0 641.0  56.0' goal '261.0 -703.0 328.0'
ARGUS Romero threatmove range 2
ARGUS Carmack threatmove range 2
ARGLOG Joe Rogan t  27.1 pos '1853.9 -104.9 -168.0' spd 225.0 yaw 67 mode 2 st 0 gl 0 hp 122 frg 0
ARGLOG Carmack t  27.1 pos ' 31.5 632.6  40.0' spd 367.8 yaw 353.7 mode 2 st 0 gl 0 hp 100 frg 0
ARGLOG Romero t  27.3 pos '508.3 539.2  56.0' spd 235.1 yaw 163.9 mode 2 st 2 gl 0 hp 100 frg -1
ARGLOG Joe Rogan t  27.6 pos '1952.8  19.6 -168.0' spd 320 yaw 80 mode 2 st 0 gl 0 hp 121 frg 0
ARGLOG Carmack t  27.6 pos '115.6 563.2  56.0' spd 125.7 yaw   8.4 mode 2 st 0 gl 0 hp 100 frg 0
ARGLOG Romero t  27.8 pos '480.9 642.7  56.0' spd 255.0 yaw 190.4 mode 2 st 2 gl 0 hp 100 frg -1
ARGEVT Carmack hazard
ARGLOG Joe Rogan t  28.1 pos '1999.8 181.0 -88.0' spd 414.2 yaw 156.0 mode 0 st 0 gl 0 hp 121 frg 0
ARGLOG Carmack t  28.1 pos '183.9 637.5  56.0' spd 288.8 yaw 350.4 mode 2 st 0 gl 0 hp 100 frg 0
ARGEVT Joe Rogan route 25 start '1957.0 193.0 -88.0' goal '-507.0 449.0 120.0'
ARGLOG Romero t  28.3 pos '427.9 487.3  56.0' spd 263.9 yaw 159.4 mode 2 st 2 gl 0 hp 100 frg -1
ARGLOG Joe Rogan t  28.6 pos '1941.9 336.7 -88.0' spd 322.2 yaw 110 mode 2 st 0 gl 0 hp 120 frg 0
ARGLOG Carmack t  28.6 pos '200.9 577.4  56.0' spd 321.3 yaw 347.5 mode 2 st 0 gl 0 hp 76 frg 0
ARGUS Joe Rogan wallslide
ARGLOG Romero t  28.8 pos '401.6 607.2  56.0' spd 327.9 yaw 174.0 mode 2 st 2 gl 0 hp 88 frg -1
ARGLOG Joe Rogan t  29.1 pos '1929.0 497.8 -88.0' spd 344.3 yaw 139 mode 2 st 0 gl 0 hp 120 frg 0
ARGLOG Carmack t  29.1 pos '228.2 606.8  56.0' spd 320.9 yaw   1.9 mode 2 st 0 gl 0 hp 52 frg 0
ARGEVT Joe Rogan hazard
ARGLOG Romero t  29.3 pos '387.6 572.6  56.0' spd 320.6 yaw 190.6 mode 2 st 2 gl 0 hp 88 frg -1
ARGUS Carmack threatmove retreat 2
ARGEVT Carmack retreat
ARGEVT Carmack hazard
ARGUS Carmack wallslide
ARGLOG Joe Rogan t  29.6 pos '1804.1 559.6 -88.0' spd 121.6 yaw 133 mode 2 st 0 gl 0 hp 119 frg 0
ARGLOG Carmack t  29.6 pos '243.1 518.7  56.0' spd 282.0 yaw 348.7 mode 2 st 0 gl 0 hp 28 frg 0
ARGUS Joe Rogan wallslide
ARGLOG Romero t  29.8 pos '420.2 541.5  56.0' spd 328.0 yaw 179.4 mode 2 st 2 gl 0 hp 64 frg -1
ARGLOG Joe Rogan t  30.1 pos '1779.7 559.9 -88.0' spd  39.9 yaw 130 mode 2 st 0 gl 0 hp 119 frg 0
ARGLOG Carmack t  30.1 pos ' 75.2 564.7  40.0' spd 329.8 yaw   8.8 mode 0 st 0 gl 0 hp 4 frg 0
ARGEVT Carmack route 15 start ' 37.0 609.0  40.0' goal '1541.0 -191.0 -392.0'
ARGEVT Joe Rogan hazard
ARGLOG Romero t  30.3 pos '396.8 644.4  56.0' spd 249.1 yaw 195.8 mode 2 st 2 gl 0 hp 64 frg -1
ARGLOG Joe Rogan t  30.6 pos '1761.8 559.9 -88.0' spd  32.9 yaw 128 mode 2 st 0 gl 0 hp 118 frg 0
ARGLOG Carmack t  30.6 pos '-87.2 552.4  24.0' spd 361.1 yaw   4.5 mode 0 st 0 gl 0 hp 4 frg 0
ARGUS Joe Rogan wallslide
ARGEVT Carmack route 16 start '-59.0 513.0  40.0' goal '1541.0 -191.0 -392.0'
ARGLOG Romero t  30.8 pos '381.5 496.9  56.0' spd  77.8 yaw 176.8 mode 2 st 2 gl 0 hp 64 frg -1
ARGEVT Romero pursue
ARGEVT Carmack pursue
ARGLOG Joe Rogan t  31.1 pos '1745.6 559.9 -88.0' spd  33.3 yaw 125 mode 2 st 0 gl 0 hp 118 frg 0
ARGLOG Carmack t  31.1 pos '-214.9 451.0  -8.0' spd 267.2 yaw 6 mode 2 st 0 gl 0 hp 4 frg 0
ARGEVT Joe Rogan hazard
ARGLOG Romero t  31.3 pos '259.7 572.7  56.0' spd 327.2 yaw 185 mode 0 st 2 gl 0 hp 64 frg -1
ARGEVT Romero route 30 start '261.0 545.0  56.0' goal '261.0 -703.0 328.0'
ARGLOG Joe Rogan t  31.6 pos '1730.2 559.9 -88.0' spd  28.2 yaw 123 mode 2 st 0 gl 0 hp 117 frg 0
ARGLOG Carmack t  31.6 pos '-147.7 378.9   8.0' spd 337.3 yaw  26.9 mode 2 st 0 gl 0 hp 4 frg 0
ARGEVT Romero hazard
ARGUS Joe Rogan wallslide
ARGLOG Romero t  31.8 pos '152.7 547.1  56.0' spd  49.7 yaw 212.5 mode 2 st 2 gl 0 hp 64 frg -1
ARGEVT Carmack route 17 start '-219.0 385.0  -8.0' goal '1541.0 -191.0 -392.0'
ARGLOG Joe Rogan t  32.1 pos '1715.6 559.9 -88.0' spd  31.1 yaw 120 mode 2 st 0 gl 0 hp 117 frg 0
ARGLOG Carmack t  32.1 pos '-253.9 254.3 -16.0' spd 322.2 yaw  42.0 mode 2 st 0 gl 0 hp 4 frg 0
ARGEVT Joe Rogan hazard
ARGLOG Romero t  32.3 pos ' 38.7 644.9  40.0' spd 310.7 yaw 231.5 mode 0 st 2 gl 0 hp 60 frg -1
ARGEVT Carmack hazard
ARGEVT Romero route 31 start ' 37.0 609.0  40.0' goal '261.0 -703.0 328.0'
ARGEVT Carmack route 18 start '-379.0 225.0 -16.0' goal '1541.0 -191.0 -392.0'
ARGLOG Joe Rogan t  32.6 pos '1705.4 559.9 -88.0' spd  98.9 yaw 118 mode 2 st 0 gl 0 hp 116 frg 0
ARGLOG Carmack t  32.6 pos '-404.5 227.4 -16.0' spd 257.7 yaw  44.3 mode 2 st 0 gl 0 hp 36 frg 0
ARGEVT Joe Rogan stall
ARGEVT Joe Rogan stallnode '1829.0 641.0 -180.0'
ARGEVT Joe Rogan jump
ARGLOG Romero t  32.9 pos '-58.1 574.1  40.0' spd 330.5 yaw 228.9 mode 2 st 2 gl 0 hp 60 frg -1
ARGEVT Romero pursue
ARGEVT Carmack pursue
ARGEVT Joe Rogan route 24 start '1669.0 513.0 -88.0' goal '-507.0 449.0 120.0'
ARGUS Carmack hunch item_artifact_super_damage
ARGLOG Joe Rogan t  33.2 pos '1807.2 560.0 -47.0' spd  31.7 yaw 339 mode 2 st 1 gl 0 hp 116 frg 0
ARGLOG Carmack t  33.2 pos '-340.3 257.1 -16.0' spd 155.4 yaw 295.1 mode 2 st 0 gl 0 hp 36 frg 0
ARGEVT Carmack goal item_health
ARGEVT Romero route 32 start '-59.0 449.0  40.0' goal '261.0 -703.0 328.0'
ARGLOG Romero t  33.4 pos '-87.0 418.8  24.0' spd 202.4 yaw 214.7 mode 2 st 2 gl 0 hp 60 frg -1
ARGEVT Carmack hazard
ARGEVT Carmack route 14 start '-379.0 225.0 -16.0' goal '-731.0  97.0 184.0'
ARGLOG Joe Rogan t  33.7 pos '1738.4 534.9 -88.0' spd 357.6 yaw 49 mode 2 st 1 gl 0 hp 115 frg 0
ARGLOG Carmack t  33.7 pos '-403.5 257.4 -16.0' spd 121.5 yaw  34.7 mode 2 st 0 gl 0 hp 12 frg 0
ARGEVT Romero pursue
ARGEVT Carmack pursue
ARGLOG Romero t  33.9 pos '-212.8 483.5  -8.0' spd 137.8 yaw 236 mode 2 st 2 gl 0 hp 60 frg -1
ARGUS Joe Rogan wallslide
ARGLOG Joe Rogan t  34.2 pos '1761.0 406.7 -88.0' spd 344.3 yaw 73 mode 2 st 1 gl 0 hp 115 frg 0
ARGLOG Carmack t  34.2 pos '-323.9 268.6 -16.0' spd 320.9 yaw 36 mode 2 st 0 gl 0 hp 12 frg 0
ARGUS Carmack wallslide
ARGUS routecache adopt
ARGEVT Carmack route 14 start '-379.0 225.0 -16.0' goal '-731.0  97.0 184.0'
ARGEVT Romero route 33 start '-251.0 353.0 -16.0' goal '261.0 -703.0 328.0'
ARGLOG Romero t  34.4 pos '-287.8 394.6 -16.0' spd  96.5 yaw 262.5 mode 2 st 2 gl 0 hp 60 frg -1
ARGEVT Carmack hazard
ARGEVT Carmack route 14 start '-379.0 225.0 -16.0' goal '-731.0  97.0 184.0'
ARGLOG Joe Rogan t  34.7 pos '1909.8 484.6 -88.0' spd 346.9 yaw 136 mode 2 st 1 gl 0 hp 114 frg 0
ARGLOG Carmack t  34.7 pos '-384.8 214.5 -16.0' spd 376.4 yaw  51.7 mode 2 st 0 gl 0 hp 12 frg 0
ARGEVT Joe Rogan hazard
ARGEVT Romero hazard
ARGLOG Romero t  34.9 pos '-156.7 332.9   8.0' spd 155.8 yaw 204.7 mode 2 st 2 gl 0 hp 60 frg -1
ARGUS Joe Rogan wallslide
ARGLOG Joe Rogan t  35.2 pos '1939.0 547.9 -88.0' spd 343.1 yaw 145 mode 2 st 1 gl 0 hp 114 frg 0
ARGLOG Carmack t  35.2 pos '-401.1 212.1 -16.0' spd 181.4 yaw  34.5 mode 2 st 0 gl 0 hp 12 frg 0
ARGEVT Carmack pursue
ARGEVT Romero pursue
ARGLOG Romero t  35.4 pos '-231.4 459.7  -8.0' spd 334.5 yaw 229 mode 2 st 2 gl 0 hp 56 frg -1
ARGUS Romero hunch item_health
ARGLOG Joe Rogan t  35.7 pos '1800.8 559.2 -88.0' spd  61.8 yaw 133 mode 2 st 1 gl 0 hp 113 frg 0
ARGLOG Carmack t  35.7 pos '-299.1 261.7 -16.0' spd 194.1 yaw  40.6 mode 0 st 0 gl 0 hp 12 frg 0
ARGEVT Romero goal item_armorInv
ARGUS routecache adopt
ARGEVT Carmack route 14 start '-379.0 225.0 -16.0' goal '-731.0  97.0 184.0'
ARGEVT Romero route 33 start '-251.0 353.0 -16.0' goal '261.0 -703.0 328.0'
ARGEVT Joe Rogan hazard
ARGLOG Romero t  35.9 pos '-268.9 394.5 -16.0' spd 261.2 yaw 277.5 mode 2 st 2 gl 0 hp 52 frg -1
ARGEVT Carmack route 14 start '-379.0 225.0 -16.0' goal '-731.0  97.0 184.0'
ARGUS Carmack wallslide
ARGEVT Carmack hazard
ARGLOG Joe Rogan t  36.2 pos '1778.5 558.4 -88.0' spd  55.7 yaw 130 mode 2 st 1 gl 0 hp 113 frg 0
ARGLOG Carmack t  36.2 pos '-402.0 225.4 -16.0' spd 339.9 yaw  39.4 mode 2 st 0 gl 0 hp 12 frg 0
ARGEVT Romero hazard
ARGUS Joe Rogan wallslide
ARGLOG Romero t  36.4 pos '-187.8 328.4   8.0' spd 254.0 yaw 199.0 mode 2 st 2 gl 0 hp 52 frg -1
ARGLOG Joe Rogan t  36.7 pos '1758.3 560.0 -88.0' spd  33.2 yaw 127 mode 2 st 1 gl 0 hp 112 frg 0
ARGLOG Carmack t  36.7 pos '-395.2 215.0 -16.0' spd  57.4 yaw  42.6 mode 2 st 0 gl 0 hp 12 frg 0
ARGEVT Carmack pursue
ARGEVT Romero pursue
ARGEVT Joe Rogan hazard
ARGLOG Romero t  36.9 pos '-290.8 381.2 -16.0' spd 361.6 yaw 215.6 mode 2 st 2 gl 0 hp 52 frg -1
ARGLOG Joe Rogan t  37.2 pos '1742.0 560.0 -88.0' spd  33.6 yaw 125 mode 2 st 1 gl 0 hp 112 frg 0
ARGLOG Carmack t  37.2 pos '-294.1 270.7 -16.0' spd  32.3 yaw  59.0 mode 0 st 0 gl 0 hp 12 frg 0
ARGUS routecache adopt
ARGEVT Carmack route 13 start '-251.0 353.0 -16.0' goal '-731.0  97.0 184.0'
ARGUS Joe Rogan wallslide
ARGLOG Romero t  37.4 pos '-259.2 423.4 -16.0' spd 359.5 yaw 255.6 mode 2 st 2 gl 0 hp 52 frg -1
ARGUS routecache adopt
ARGEVT Carmack route 14 start '-379.0 225.0 -16.0' goal '-731.0  97.0 184.0'
ARGEVT Carmack hazard
ARGLOG Joe Rogan t  37.7 pos '1726.4 560.0 -88.0' spd  28.2 yaw 122 mode 2 st 1 gl 0 hp 111 frg 0
ARGEVT Romero pursue
ARGEVT Carmack pursue
ARGLOG Carmack t  37.7 pos '-406.0 229.2 -16.0' spd 321.4 yaw  45.4 mode 2 st 0 gl 0 hp 12 frg 0
ARGEVT Joe Rogan hazard
ARGLOG Romero t  37.9 pos '-170.4 325.9   8.0' spd 274.2 yaw 203.3 mode 2 st 2 gl 0 hp 52 frg -1
ARGLOG Joe Rogan t  38.2 pos '1747.6 560.0 -88.0' spd 307.8 yaw 125 mode 2 st 1 gl 0 hp 111 frg 0
ARGLOG Carmack t  38.2 pos '-405.8 232.5 -16.0' spd 308.5 yaw  36.4 mode 2 st 0 gl 0 hp 12 frg 0
ARGUS Joe Rogan wallslide
ARGEVT Romero hazard
ARGLOG Romero t  38.5 pos '-287.2 389.7 -16.0' spd  72.2 yaw 229.6 mode 2 st 2 gl 0 hp 52 frg -1
ARGEVT Carmack pursue
ARGEVT Romero pursue
ARGLOG Joe Rogan t  38.7 pos '1865.9 560.0 -88.0' spd  50.2 yaw 140 mode 2 st 1 gl 0 hp 110 frg 0
ARGLOG Carmack t  38.7 pos '-297.1 223.5 -16.0' spd 332.7 yaw  57.4 mode 2 st 0 gl 0 hp 12 frg 0
ARGEVT Carmack hazard
ARGEVT Joe Rogan hazard
ARGLOG Romero t  39.0 pos '-176.3 338.1   8.0' spd 373.3 yaw 238.4 mode 2 st 2 gl 0 hp 52 frg -1
ARGLOG Joe Rogan t  39.2 pos '1886.9 560.0 -88.0' spd  39.1 yaw 142 mode 2 st 1 gl 0 hp 110 frg 0
ARGLOG Carmack t  39.2 pos '-300.3 209.6 -16.0' spd 191.4 yaw  42.9 mode 2 st 0 gl 0 hp 4 frg 0
ARGUS Joe Rogan wallslide
ARGLOG Romero t  39.5 pos '-254.8 432.4 -16.0' spd 344.5 yaw 248.3 mode 2 st 2 gl 0 hp 44 frg -1
ARGLOG Joe Rogan t  39.7 pos '1904.8 560.0 -88.0' spd  35.7 yaw 144 mode 2 st 1 gl 0 hp 109 frg 0
ARGLOG Carmack t  39.7 pos '-329.3 230.9 -16.0' spd 320.4 yaw  71.7 mode 2 st 0 gl 0 hp 4 frg 0
ARGEVT Joe Rogan hazard
ARGLOG Romero t  40.0 pos '-189.9 407.1   8.0' spd 351.6 yaw 229.0 mode 2 st 2 gl 0 hp 44 frg -1
ARGEVT Carmack hazard
ARGEVT Carmack death Romero pos '-402.8 222.9 -16.0'
ARGUS Romero watch spawn
ARGEVT Romero hazard
ARGLOG Joe Rogan t  40.3 pos '1919.2 560.0 -88.0' spd  59.5 yaw 145 mode 2 st 1 gl 0 hp 109 frg 0
ARGEVT Romero goal item_health
ARGEVT Romero route 11 start '-123.0 385.0  24.0' goal '-731.0  97.0 184.0'
ARGUS Joe Rogan wallslide
ARGLOG Romero t  40.5 pos '-134.8 348.1  24.0' spd 321.0 yaw 213 mode 2 st 2 gl 0 hp 44 frg 0
ARGEVT Romero route 11 start '-251.0 353.0 -16.0' goal '-731.0  97.0 184.0'
ARGLOG Joe Rogan t  40.8 pos '1804.5 559.8 -88.0' spd  68.1 yaw 133 mode 2 st 1 gl 0 hp 108 frg 0
ARGEVT Joe Rogan hazard
ARGUS routecache adopt
ARGEVT Romero route 11 start '-251.0 353.0 -16.0' goal '-731.0  97.0 184.0'
ARGLOG Romero t  41.0 pos '-271.4 255.8 -16.0' spd 323.2 yaw 201 mode 0 st 2 gl 0 hp 44 frg 0
ARGEVT Romero route 12 start '-379.0 225.0 -16.0' goal '-731.0  97.0 184.0'
ARGLOG Joe Rogan t  41.3 pos '1784.4 556.0 -88.0' spd  31.7 yaw 130 mode 2 st 1 gl 0 hp 107 frg 0
ARGEVT Romero hazard
ARGLOG Romero t  41.5 pos '-412.2 249.2 -16.0' spd 335.9 yaw  99.8 mode 2 st 2 gl 0 hp 44 frg 0
ARGUS Romero wallslide
ARGEVT Carmack respawn
ARGEVT Carmack goal weapon_rocketlauncher
ARGLOG Carmack t  41.7 pos '512.0 768.0 216.0' spd 0 yaw 274.5 mode 0 st 0 gl 0 hp 100 frg 0
ARGEVT Carmack route 16 start '517.0 801.0 216.0' goal '1509.0 481.0 -88.0'
ARGLOG Joe Rogan t  41.8 pos '1762.6 558.4 -88.0' spd  47.7 yaw 128 mode 2 st 1 gl 0 hp 107 frg 0
ARGEVT Joe Rogan hazard
ARGUS Joe Rogan wallslide
ARGLOG Romero t  42.0 pos '-235.0 312.2  -8.0' spd 420.9 yaw 123.8 mode 2 st 2 gl 0 hp 44 frg 0
ARGLOG Carmack t  42.2 pos '502.6 615.0 215.0' spd 334.9 yaw 228.5 mode 2 st 0 gl 0 hp 100 frg 0
ARGLOG Joe Rogan t  42.3 pos '1744.7 560.0 -88.0' spd  30.9 yaw 125 mode 2 st 1 gl 0 hp 106 frg 0
ARGEVT Romero hazard
ARGLOG Romero t  42.5 pos '-296.4 448.1 -16.0' spd 150.2 yaw 263 mode 2 st 2 gl 0 hp 44 frg 0
ARGLOG Carmack t  42.7 pos '485.4 592.0  88.3' spd  31.9 yaw 200 mode 2 st 0 gl 0 hp 100 frg 0
ARGLOG Joe Rogan t  42.8 pos '1729.2 560.0 -88.0' spd  29.6 yaw 122 mode 2 st 1 gl 0 hp 106 frg 0
ARGEVT Joe Rogan hazard
ARGUS Joe Rogan wallslide
ARGLOG Romero t  43.0 pos '-270.2 284.1 -16.0' spd 388.1 yaw 81 mode 2 st 2 gl 0 hp 44 frg 0
ARGLOG Carmack t  43.2 pos '367.3 550.6  56.0' spd 320.0 yaw 200 mode 2 st 0 gl 0 hp 100 frg 0
ARGEVT Romero route 12 start '-379.0 225.0 -16.0' goal '-731.0  97.0 184.0'
ARGLOG Joe Rogan t  43.3 pos '1714.1 560.0 -88.0' spd  28.3 yaw 120 mode 2 st 1 gl 0 hp 105 frg 0
ARGLOG Romero t  43.5 pos '-329.6 235.4 -16.0' spd 374.6 yaw 78 mode 2 st 2 gl 0 hp 44 frg 0
ARGEVT Carmack hazard
ARGEVT Romero hazard
ARGUS Carmack wallslide
ARGLOG Carmack t  43.7 pos '211.7 527.4  56.0' spd 236.6 yaw 350 mode 2 st 0 gl 0 hp 100 frg 0
ARGLOG Joe Rogan t  43.8 pos '1765.1 560.0 -88.0' spd 382.4 yaw 128 mode 2 st 1 gl 0 hp 105 frg 0
ARGUS Romero wallslide
ARGUS Joe Rogan wallslide
ARGLOG Romero t  44.0 pos '-358.0 272.0 -16.0' spd 365.2 yaw 72 mode 2 st 2 gl 0 hp 44 frg 0
ARGEVT Joe Rogan hazard
ARGLOG Carmack t  44.2 pos '297.7 521.1  56.0' spd 320.1 yaw 349 mode 2 st 0 gl 0 hp 100 frg 0
ARGUS routecache adopt
ARGEVT Romero route 11 start '-251.0 353.0 -16.0' goal '-731.0  97.0 184.0'
ARGLOG Joe Rogan t  44.3 pos '1870.0 560.0 -88.0' spd  47.0 yaw 140 mode 2 st 1 gl 0 hp 104 frg 0
ARGEVT Joe Rogan abandon
ARGEVT Joe Rogan plan powerup via weapon
ARGEVT Joe Rogan goal weapon_lightning
ARGEVT Joe Rogan route 7 start '1925.0 513.0 -88.0' goal '1541.0 -191.0 -392.0'
ARGLOG Romero t  44.5 pos '-208.4 367.8  -8.0' spd 351.5 yaw 92 mode 2 st 2 gl 0 hp 44 frg 0
ARGLOG Carmack t  44.7 pos '458.1 506.0  56.0' spd 321.1 yaw 347 mode 2 st 0 gl 0 hp 100 frg 0
ARGUS routecache adopt
ARGEVT Joe Rogan route 7 start '1925.0 513.0 -88.0' goal '1541.0 -191.0 -392.0'
ARGEVT Joe Rogan stall
ARGEVT Joe Rogan jump
ARGLOG Joe Rogan t  44.8 pos '1816.0 557.5 -68.4' spd 330.8 yaw 230.1 mode 0 st 2 gl 0 hp 104 frg 0
ARGEVT Carmack hazard
ARGEVT Joe Rogan route 8 start '1669.0 513.0 -88.0' goal '1541.0 -191.0 -392.0'
ARGLOG Romero t  45.0 pos '-213.0 532.0  -8.0' spd 323.1 yaw 129 mode 2 st 2 gl 0 hp 44 frg 0
ARGEVT Romero engage Carmack
ARGEVT Carmack engage Romero
ARGLOG Carmack t  45.2 pos '527.3 539.6  56.0' spd 336.4 yaw 219.0 mode 2 st 0 gl 0 hp 100 frg 0
ARGLOG Joe Rogan t  45.3 pos '1694.3 480.1 -70.5' spd 357.8 yaw 320 mode 2 st 2 gl 0 hp 103 frg 0
ARGUS Romero threatmove range 2
ARGUS Carmack threatmove range 2
ARGLOG Romero t  45.5 pos '-79.8 608.0  40.0' spd 367.8 yaw 354.1 mode 2 st 2 gl 0 hp 44 frg 0
ARGLOG Carmack t  45.7 pos '393.3 509.7  56.0' spd 320.2 yaw 165.0 mode 2 st 0 gl 0 hp 80 frg 0
ARGLOG Joe Rogan t  45.8 pos '1840.1 434.3 -88.0' spd 343.7 yaw 306 mode 2 st 2 gl 0 hp 103 frg 0
ARGLOG Romero t  46.0 pos '  3.9 693.0  56.0' spd 228.8 yaw 339.0 mode 2 st 2 gl 0 hp 44 frg 0
ARGLOG Carmack t  46.2 pos '391.5 617.5  56.0' spd 325.9 yaw 172.9 mode 2 st 0 gl 0 hp 80 frg 0
ARGEVT Joe Rogan hazard
ARGLOG Joe Rogan t  46.3 pos '2008.0 495.9 -88.0' spd 431.7 yaw 268 mode 2 st 2 gl 0 hp 102 frg 0
ARGLOG Romero t  46.6 pos ' 15.7 528.6  40.0' spd 324.0 yaw  10.0 mode 2 st 2 gl 0 hp 44 frg 0
ARGLOG Carmack t  46.7 pos '388.0 567.2  56.0' spd 339.8 yaw 193.0 mode 2 st 0 gl 0 hp 60 frg 0
ARGLOG Joe Rogan t  46.9 pos '2010.5 413.4 -88.0' spd 320.0 yaw 267 mode 2 st 2 gl 0 hp 102 frg 0
ARGLOG Romero t  47.1 pos ' 45.2 631.7  40.0' spd 325.7 yaw 344.8 mode 2 st 2 gl 0 hp 44 frg 0
ARGLOG Carmack t  47.2 pos '420.9 550.0  56.0' spd 321.4 yaw 160.3 mode 2 st 0 gl 0 hp 60 frg 0
ARGLOG Joe Rogan t  47.4 pos '1994.4 249.6 -88.0' spd 321.2 yaw 238 mode 2 st 2 gl 0 hp 101 frg 0
ARGLOG Romero t  47.6 pos ' 62.9 557.2  40.0' spd 328.4 yaw   7.0 mode 2 st 2 gl 0 hp 44 frg 0
ARGLOG Carmack t  47.7 pos '464.7 632.6  56.0' spd 322.4 yaw 198.2 mode 2 st 0 gl 0 hp 40 frg 0
ARGLOG Joe Rogan t  47.9 pos '1987.3  84.4 -136.0' spd 340.5 yaw 230 mode 2 st 2 gl 0 hp 101 frg 0
ARGLOG Romero t  48.1 pos ' 72.8 654.1  40.0' spd 198.4 yaw 347.9 mode 2 st 2 gl 0 hp 44 frg 0
ARGEVT Romero hazard
ARGLOG Carmack t  48.2 pos '455.8 477.0  56.0' spd  98.6 yaw 158.3 mode 2 st 0 gl 0 hp 40 frg 0
ARGLOG Joe Rogan t  48.4 pos '1880.3 -49.8 -168.0' spd 334.7 yaw 190 mode 2 st 2 gl 0 hp 100 frg 0
ARGLOG Romero t  48.6 pos ' 50.5 538.7  40.0' spd  47.6 yaw 356.1 mode 2 st 2 gl 0 hp 44 frg 0
ARGLOG Carmack t  48.8 pos '458.7 617.0  56.0' spd 322.8 yaw 186.9 mode 2 st 0 gl 0 hp 40 frg 0
ARGLOG Joe Rogan t  48.9 pos '1721.0 -140.6 -171.3' spd 408.4 yaw 211 mode 2 st 2 gl 0 hp 100 frg 0
ARGUS Carmack threatmove retreat 2
ARGEVT Carmack retreat
ARGLOG Romero t  49.1 pos ' 66.1 649.3  40.0' spd 114.3 yaw   0.0 mode 2 st 2 gl 0 hp 44 frg 0
ARGEVT Joe Rogan swim
ARGLOG Carmack t  49.3 pos '520.5 618.4  56.0' spd 325.2 yaw 185.1 mode 2 st 0 gl 0 hp 32 frg 0
ARGEVT Carmack hazard
ARGLOG Joe Rogan t  49.4 pos '1659.4 -304.6 -245.8' spd 243.5 yaw 101 mode 2 st 2 gl 0 hp 100 frg 0
ARGLOG Romero t  49.6 pos ' 96.4 575.2  56.0' spd 311.7 yaw  10.3 mode 2 st 2 gl 0 hp 44 frg 0
ARGLOG Carmack t  49.8 pos '542.8 638.5  56.0' spd 304.9 yaw 180.6 mode 2 st 0 gl 0 hp 8 frg 0
ARGLOG Joe Rogan t  49.9 pos '1729.7 -362.0 -313.3' spd 190.7 yaw 118 mode 2 st 2 gl 0 hp 100 frg 0
ARGLOG Romero t  50.1 pos ' 82.7 601.7  40.0' spd 320.0 yaw 354.5 mode 2 st 2 gl 0 hp 28 frg 0
ARGLOG Carmack t  50.3 pos '518.2 479.5  56.0' spd 320.2 yaw 168.4 mode 2 st 0 gl 0 hp 8 frg 0
ARGLOG Joe Rogan t  50.4 pos '1821.2 -318.4 -353.5' spd 184.7 yaw 155 mode 2 st 2 gl 0 hp 100 frg 0
ARGEVT Romero route 10 start ' 37.0 609.0  40.0' goal '-731.0  97.0 184.0'
ARGLOG Romero t  50.6 pos '128.5 620.2  56.0' spd 324.2 yaw 332.1 mode 2 st 2 gl 0 hp 28 frg 0
ARGLOG Carmack t  50.8 pos '464.0 328.6  56.0' spd 273.1 yaw 137.0 mode 2 st 0 gl 0 hp 8 frg 0
ARGEVT Romero pursue
ARGEVT Carmack pursue
ARGLOG Joe Rogan t  50.9 pos '1800.5 -242.0 -350.9' spd 195.0 yaw 168 mode 2 st 2 gl 0 hp 100 frg 0
ARGLOG Romero t  51.1 pos '274.5 641.1  56.0' spd 334.7 yaw 318 mode 2 st 2 gl 0 hp 28 frg 0
ARGUS Carmack hunch item_artifact_super_damage
ARGEVT Carmack plan powerup via weapon
ARGEVT Carmack goal weapon_rocketlauncher
ARGEVT Carmack pursue
ARGLOG Carmack t  51.3 pos '330.7 309.7  56.0' spd 304.2 yaw 260.5 mode 0 st 0 gl 0 hp 8 frg 0
ARGEVT Carmack route 16 start '197.0 289.0  56.0' goal '1509.0 481.0 -88.0'
ARGLOG Joe Rogan t  51.5 pos '1698.3 -187.1 -332.7' spd 250.9 yaw 182 mode 1 st 2 gl 0 hp 100 frg 0
ARGLOG Romero t  51.6 pos '409.2 544.4  56.0' spd 321.3 yaw 311 mode 0 st 2 gl 0 hp 28 frg 0
ARGEVT Romero route 12 start '421.0 513.0  56.0' goal '-731.0  97.0 184.0'
ARGLOG Carmack t  51.8 pos '189.4 210.3  56.0' spd 421.1 yaw 127.4 mode 2 st 0 gl 0 hp 8 frg 0
ARGEVT Carmack hazard
ARGUS Romero hunch item_artifact_super_damage
ARGEVT Carmack route 16 start '197.0 289.0  56.0' goal '1509.0 481.0 -88.0'
ARGLOG Joe Rogan t  52.0 pos '1564.7 -174.4 -277.2' spd 270.3 yaw 221 mode 1 st 2 gl 0 hp 100 frg 0
ARGEVT Romero plan powerup via weapon
ARGEVT Romero goal weapon_lightning
ARGEVT Romero route 13 start '421.0 513.0  56.0' goal '1541.0 -191.0 -392.0'
ARGLOG Romero t  52.2 pos '503.4 407.3  56.0' spd 326.5 yaw 274.2 mode 2 st 2 gl 0 hp 28 frg 0
ARGEVT Carmack route 16 start '197.0 289.0  56.0' goal '1509.0 481.0 -88.0'
ARGLOG Carmack t  52.3 pos '229.2 320.6  56.0' spd 366.1 yaw   7.9 mode 2 st 0 gl 0 hp 8 frg 0
ARGLOG Joe Rogan t  52.5 pos '1486.0 -229.1 -226.4' spd 103.0 yaw  25.8 mode 1 st 2 gl 0 hp 100 frg 0
ARGLOG Romero t  52.7 pos '473.0 394.9  56.0' spd  35.2 yaw 213.9 mode 2 st 2 gl 0 hp 28 frg 0
ARGLOG Carmack t  52.8 pos '340.0 194.2  56.0' spd 323.5 yaw  47.4 mode 2 st 0 gl 0 hp 8 frg 0
ARGEVT Romero hazard
ARGLOG Joe Rogan t  53.0 pos '1530.0 -222.7 -207.2' spd 161.6 yaw 65 mode 1 st 2 gl 0 hp 100 frg 0
ARGEVT Carmack death Romero pos '377.6 160.5  56.0'
ARGUS Romero watch spawn
ARGEVT Joe Rogan swim
ARGEVT Romero plan powerup via weapon
ARGEVT Romero goal weapon_rocketlauncher
ARGUS routecache adopt
ARGEVT Romero route 15 start '517.0 289.0  56.0' goal '1509.0 481.0 -88.0'
ARGEVT Joe Rogan swim
ARGLOG Romero t  53.2 pos '498.8 311.8  56.0' spd 321.1 yaw 209.4 mode 2 st 2 gl 0 hp 4 frg 1
ARGEVT Joe Rogan swim
ARGEVT Joe Rogan swim
ARGLOG Joe Rogan t  53.5 pos '1558.0 -154.3 -207.7' spd 186.3 yaw 217.0 mode 1 st 2 gl 0 hp 100 frg 0
ARGEVT Joe Rogan swim
ARGEVT Joe Rogan swim
ARGLOG Romero t  53.7 pos '360.7 216.6  56.0' spd 355.0 yaw 39 mode 2 st 2 gl 0 hp 4 frg 1
ARGEVT Joe Rogan swim
ARGEVT Joe Rogan swim
ARGEVT Joe Rogan swim
ARGLOG Joe Rogan t  54.0 pos '1497.0 -198.6 -207.1' spd 214.5 yaw 8 mode 1 st 2 gl 0 hp 100 frg 0
ARGEVT Joe Rogan swim
ARGEVT Romero hazard
ARGEVT Joe Rogan swim
ARGLOG Romero t  54.2 pos '205.0 311.6  56.0' spd 381.5 yaw  17.3 mode 2 st 2 gl 0 hp 4 frg 1
ARGEVT Joe Rogan swim
ARGEVT Joe Rogan swim
ARGEVT Carmack respawn
ARGLOG Joe Rogan t  54.5 pos '1579.8 -206.5 -207.6' spd 233.5 yaw 155.5 mode 1 st 2 gl 0 hp 100 frg 0
ARGEVT Carmack plan powerup via weapon
ARGEVT Carmack goal weapon_supernailgun
ARGLOG Carmack t  54.5 pos '192.0 -208.0 -176.0' spd 0 yaw  85.5 mode 0 st 0 gl 0 hp 100 frg 0
ARGEVT Joe Rogan swim
ARGEVT Carmack route 34 start '197.0 -63.0 -176.0' goal '-507.0 449.0 120.0'
ARGEVT Joe Rogan swim
ARGLOG Romero t  54.7 pos '287.0 241.8  56.0' spd 320.3 yaw 318 mode 2 st 2 gl 0 hp 4 frg 1
ARGEVT Joe Rogan swim
ARGEVT Joe Rogan swim
ARGEVT Joe Rogan swim
ARGLOG Joe Rogan t  55.0 pos '1502.0 -168.5 -206.8' spd 252.6 yaw 320.3 mode 1 st 2 gl 0 hp 100 frg 0
ARGLOG Carmack t  55.0 pos '259.6 -75.9 -176.0' spd 320.3 yaw 56 mode 2 st 0 gl 0 hp 100 frg 0
ARGEVT Joe Rogan swim
ARGEVT Joe Rogan swim
ARGEVT Carmack hazard
ARGLOG Romero t  55.2 pos '458.0 257.0  56.0' spd 473.6 yaw 117.4 mode 2 st 2 gl 0 hp 4 frg 1
ARGEVT Joe Rogan swim
ARGEVT Romero hazard
ARGEVT Joe Rogan swim
ARGEVT Joe Rogan swim
ARGLOG Joe Rogan t  55.5 pos '1570.0 -232.9 -207.6' spd 264.3 yaw 122 mode 1 st 2 gl 0 hp 100 frg 0
ARGLOG Carmack t  55.5 pos '288.0  -7.7 -176.0' spd   3.1 yaw 66 mode 2 st 0 gl 0 hp 100 frg 0
ARGEVT Joe Rogan swim
ARGLOG Romero t  55.7 pos '343.3 253.6  56.0' spd 408.5 yaw 32 mode 2 st 2 gl 0 hp 4 frg 1
ARGEVT Joe Rogan swim
ARGEVT Joe Rogan swim
ARGEVT Joe Rogan swim
ARGLOG Joe Rogan t  56.0 pos '1526.7 -145.7 -207.3' spd 280.7 yaw 282.7 mode 1 st 2 gl 0 hp 100 frg 0
ARGLOG Carmack t  56.0 pos '288.0  -6.0 -176.0' spd   3.3 yaw 66 mode 2 st 0 gl 0 hp 100 frg 0
ARGEVT Joe Rogan swim
ARGEVT Romero route 16 start '357.0 161.0  56.0' goal '1509.0 481.0 -88.0'
ARGEVT Joe Rogan swim
ARGLOG Romero t  56.2 pos '439.8 156.8  56.0' spd 380.1 yaw  62.8 mode 2 st 2 gl 0 hp 4 frg 1
ARGEVT Joe Rogan swim
ARGEVT Joe Rogan swim
ARGUS Romero wallslide
ARGEVT Joe Rogan swim
ARGLOG Joe Rogan t  56.5 pos '1541.8 -243.0 -207.5' spd 278.1 yaw  86.4 mode 1 st 2 gl 0 hp 100 frg 0
ARGLOG Carmack t  56.5 pos '288.0  -4.8 -176.0' spd   2.3 yaw 66 mode 2 st 0 gl 0 hp 100 frg 0
ARGEVT Joe Rogan swim
ARGLOG Romero t  56.7 pos '498.3 317.2  56.0' spd 332.6 yaw 41 mode 2 st 2 gl 0 hp 4 frg 1
ARGEVT Joe Rogan swim
ARGEVT Joe Rogan swim
ARGEVT Joe Rogan swim
ARGLOG Joe Rogan t  57.1 pos '1556.6 -142.3 -207.3' spd 292.7 yaw 249.0 mode 1 st 2 gl 0 hp 100 frg 0
ARGLOG Carmack t  57.1 pos '288.0  -3.8 -176.0' spd   1.6 yaw 66 mode 2 st 0 gl 0 hp 100 frg 0
ARGEVT Joe Rogan swim
ARGEVT Joe Rogan swim
ARGEVT Carmack stall
ARGEVT Carmack stallnode '389.0   1.0 -200.0'
ARGEVT Carmack jump
ARGLOG Romero t  57.3 pos '461.6 480.4  56.0' spd 389.3 yaw 351 mode 2 st 2 gl 0 hp 4 frg 1
ARGEVT Carmack route 34 start '197.0 -63.0 -176.0' goal '-507.0 449.0 120.0'
ARGEVT Joe Rogan swim
ARGEVT Joe Rogan swim
ARGEVT Joe Rogan swim
ARGLOG Joe Rogan t  57.6 pos '1511.4 -237.6 -207.5' spd 287.2 yaw  53.2 mode 1 st 2 gl 0 hp 100 frg 0
ARGLOG Carmack t  57.6 pos '288.0  10.9 -132.6' spd  35.7 yaw 64 mode 2 st 1 gl 0 hp 100 frg 0
ARGEVT Joe Rogan swim
ARGLOG Romero t  57.8 pos '494.0 652.1  56.0' spd 457.7 yaw 326 mode 2 st 2 gl 0 hp 4 frg 1
ARGEVT Joe Rogan swim
ARGEVT Romero hazard
ARGUS Carmack wallslide
ARGEVT Joe Rogan swim
ARGEVT Joe Rogan swim
ARGEVT Carmack hazard
ARGLOG Joe Rogan t  58.1 pos '1586.3 -163.9 -207.0' spd 297.4 yaw 210.6 mode 1 st 2 gl 0 hp 100 frg 0
ARGLOG Carmack t  58.1 pos '288.0   5.6 -176.0' spd  25.9 yaw 65 mode 2 st 1 gl 0 hp 100 frg 0
ARGEVT Joe Rogan swim
ARGUS Romero wallslide
ARGEVT Joe Rogan swim
ARGLOG Romero t  58.3 pos '551.7 506.5  56.0' spd 394.6 yaw 343 mode 2 st 2 gl 0 hp 4 frg 1
ARGEVT Joe Rogan swim
ARGEVT Joe Rogan swim
ARGEVT Joe Rogan swim
ARGLOG Joe Rogan t  58.6 pos '1490.3 -210.2 -207.3' spd 300.4 yaw  14.1 mode 1 st 2 gl 0 hp 100 frg 0
ARGLOG Carmack t  58.6 pos '288.0  -1.9 -176.0' spd   0.8 yaw 66 mode 2 st 1 gl 0 hp 100 frg 0
ARGEVT Carmack stall
ARGEVT Carmack stallnode '389.0   1.0 -200.0'
ARGEVT Carmack jump
ARGEVT Joe Rogan swim
ARGUS routecache adopt
ARGEVT Carmack route 34 start '197.0 -63.0 -176.0' goal '-507.0 449.0 120.0'
ARGEVT Joe Rogan swim
ARGLOG Romero t  58.8 pos '550.4 409.3  56.0' spd  43.1 yaw 1 mode 2 st 2 gl 0 hp 4 frg 1
ARGEVT Romero hazard
ARGEVT Joe Rogan swim
ARGEVT Joe Rogan swim
ARGLOG Joe Rogan t  59.1 pos '1597.2 -198.8 -207.1' spd 297.6 yaw 171.5 mode 1 st 2 gl 0 hp 100 frg 0
ARGLOG Carmack t  59.1 pos '288.0  10.4 -137.8' spd   9.3 yaw 64 mode 2 st 2 gl 0 hp 100 frg 0
ARGEVT Joe Rogan swim
ARGEVT Joe Rogan swim
ARGLOG Romero t  59.3 pos '547.7 389.8  56.0' spd  35.1 yaw 5 mode 2 st 2 gl 0 hp 4 frg 1
ARGUS Carmack wallslide
ARGEVT Carmack stall
ARGEVT Carmack stallnode '389.0   1.0 -200.0'
ARGEVT Carmack jump
ARGEVT Joe Rogan swim
ARGEVT Joe Rogan swim
ARGEVT Carmack plan powerup via weapon
ARGEVT Carmack goal weapon_lightning
ARGEVT Carmack route 12 start '197.0 -63.0 -176.0' goal '1541.0 -191.0 -392.0'
ARGEVT Joe Rogan swim
ARGLOG Joe Rogan t  59.6 pos '1493.0 -174.4 -207.9' spd 299.6 yaw 335.3 mode 1 st 2 gl 0 hp 100 frg 0
ARGLOG Carmack t  59.6 pos '288.0  -8.5 -134.5' spd  81.1 yaw 5 mode 2 st 3 gl 0 hp 100 frg 0
ARGEVT Joe Rogan swim
ARGEVT Joe Rogan swim
ARGLOG Romero t  59.8 pos '545.2 372.4  56.0' spd  32.2 yaw 8 mode 2 st 2 gl 0 hp 4 frg 1
ARGEVT Romero hazard
ARGEVT Joe Rogan swim
ARGEVT Joe Rogan swim
ARGEVT Carmack hazard
ARGLOG Joe Rogan t  60.1 pos '1587.3 -228.3 -206.9' spd 298.7 yaw 139 mode 1 st 2 gl 0 hp 100 frg 0
ARGLOG Carmack t  60.1 pos '292.1 -48.0 -176.0' spd 0 yaw 70 mode 2 st 3 gl 0 hp 100 frg 0
ARGEVT Joe Rogan swim
ARGEVT Joe Rogan swim
ARGLOG Romero t  60.3 pos '549.3 379.7  56.0' spd 270.6 yaw 7 mode 2 st 2 gl 0 hp 4 frg 1
ARGEVT Joe Rogan swim
ARGUS Romero wallslide
ARGEVT Joe Rogan swim
ARGEVT Joe Rogan swim
ARGLOG Joe Rogan t  60.6 pos '1514.0 -149.4 -207.1' spd 300.4 yaw 301.3 mode 1 st 2 gl 0 hp 100 frg 0
ARGLOG Carmack t  60.6 pos '420.3   8.9 -200.0' spd 404.9 yaw 35 mode 2 st 3 gl 0 hp 100 frg 0
ARGEVT Joe Rogan swim
ARGEVT Joe Rogan swim
ARGLOG Romero t  60.8 pos '551.0 480.8  56.0' spd  42.9 yaw 348 mode 2 st 2 gl 0 hp 4 frg 1
ARGEVT Romero hazard
ARGEVT Joe Rogan swim
ARGEVT Joe Rogan swim
ARGLOG Joe Rogan t  61.1 pos '1560.1 -247.3 -207.5' spd 310.3 yaw 102.6 mode 1 st 2 gl 0 hp 100 frg 0
ARGLOG Carmack t  61.1 pos '437.0 181.7 -200.0' spd 348.4 yaw 346 mode 2 st 3 gl 0 hp 100 frg 0
ARGEVT Joe Rogan swim
ARGEVT Carmack hazard
ARGEVT Joe Rogan swim
ARGLOG Romero t  61.3 pos '547.2 500.0  56.0' spd  35.6 yaw 345 mode 2 st 2 gl 0 hp 4 frg 1
ARGEVT Joe Rogan swim
ARGEVT Joe Rogan swim
ARGEVT Joe Rogan swim
ARGLOG Joe Rogan t  61.6 pos '1545.4 -138.6 -206.8' spd 309.9 yaw 266.8 mode 1 st 2 gl 0 hp 100 frg 0
ARGLOG Carmack t  61.6 pos '582.3 216.7 -200.0' spd 322.7 yaw 335 mode 2 st 3 gl 0 hp 100 frg 0
ARGEVT Joe Rogan swim
ARGEVT Joe Rogan swim
ARGLOG Romero t  61.8 pos '543.9 517.4  56.0' spd  32.3 yaw 342 mode 2 st 2 gl 0 hp 4 frg 1
ARGEVT Romero hazard
ARGEVT Joe Rogan swim
ARGEVT Joe Rogan swim
ARGEVT Joe Rogan swim
ARGLOG Joe Rogan t  62.2 pos '1529.9 -248.3 -207.6' spd 308.2 yaw  71.2 mode 1 st 2 gl 0 hp 100 frg 0
ARGLOG Carmack t  62.2 pos '741.6 170.9 -200.0' spd 322.1 yaw 325 mode 2 st 3 gl 0 hp 100 frg 0
ARGEVT Joe Rogan swim
ARGEVT Carmack hazard
ARGLOG Romero t  62.4 pos '540.7 533.6  56.0' spd  30.0 yaw 339 mode 2 st 2 gl 0 hp 4 frg 1
ARGEVT Joe Rogan swim
ARGUS Carmack wallslide
ARGEVT Joe Rogan swim
ARGEVT Joe Rogan swim
ARGLOG Joe Rogan t  62.7 pos '1576.2 -147.4 -207.0' spd 305.1 yaw 234.8 mode 1 st 2 gl 0 hp 100 frg 0
ARGLOG Carmack t  62.7 pos '913.7 123.4 -184.0' spd 352.5 yaw 339 mode 2 st 3 gl 0 hp 100 frg 0
ARGEVT Joe Rogan swim
ARGEVT Joe Rogan swim
ARGLOG Romero t  62.9 pos '549.7 557.1  56.0' spd  45.2 yaw 335 mode 2 st 2 gl 0 hp 4 frg 1
ARGEVT Romero hazard
ARGEVT Joe Rogan swim
ARGUS Romero wallslide
ARGEVT Joe Rogan swim
ARGEVT Carmack engage Joe Rogan
ARGUS Carmack threatmove range 2
ARGEVT Joe Rogan swim
ARGLOG Joe Rogan t  63.2 pos '1505.7 -231.2 -207.9' spd 304.5 yaw  39.5 mode 1 st 2 gl 0 hp 100 frg 0
ARGLOG Carmack t  63.2 pos '998.9 -14.3 -184.0' spd 365.7 yaw 336.8 mode 2 st 3 gl 0 hp 100 frg 0
ARGEVT Joe Rogan swim
ARGEVT Joe Rogan engage Carmack
ARGUS Joe Rogan threatmove range 2
ARGEVT Joe Rogan grab weapon_lightning
ARGLOG Romero t  63.4 pos '551.6 442.0  56.0' spd 233.9 yaw 355 mode 2 st 2 gl 0 hp 4 frg 1
ARGEVT Joe Rogan swim
ARGEVT Joe Rogan swim
ARGEVT Joe Rogan swim
ARGLOG Joe Rogan t  63.7 pos '1598.1 -172.2 -207.2' spd 295.1 yaw 153.2 mode 1 st 2 gl 0 hp 92 frg 0
ARGLOG Carmack t  63.7 pos '1137.9  -6.6 -168.0' spd 328.6 yaw 344.0 mode 2 st 3 gl 0 hp 100 frg 0
ARGEVT Joe Rogan swim
ARGEVT Joe Rogan swim
ARGLOG Romero t  63.9 pos '552.0 401.1  56.0' spd  44.6 yaw 3 mode 2 st 2 gl 0 hp 4 frg 1
ARGEVT Romero hazard
ARGEVT Joe Rogan swim
ARGUS Romero wallslide
ARGEVT Joe Rogan swim
ARGLOG Joe Rogan t  64.2 pos '1496.0 -194.2 -207.9' spd 298.9 yaw 131.5 mode 1 st 2 gl 0 hp 92 frg 0
ARGLOG Carmack t  64.2 pos '1214.6 141.2 -198.0' spd 346.1 yaw 319.2 mode 2 st 3 gl 0 hp 76 frg 0
ARGEVT Joe Rogan swim
ARGEVT Carmack swim
ARGEVT Joe Rogan swim
ARGEVT Carmack swim
ARGLOG Romero t  64.4 pos '552.0 380.4  56.0' spd  38.8 yaw 7 mode 2 st 2 gl 0 hp 4 frg 1
ARGEVT Joe Rogan swim
ARGEVT Carmack swim
ARGEVT Joe Rogan swim
ARGEVT Carmack swim
ARGEVT Carmack grab weapon_grenadelauncher
ARGEVT Joe Rogan swim
ARGEVT Joe Rogan pursue
ARGEVT Carmack pursue
ARGLOG Joe Rogan t  64.7 pos '1586.5 -180.6 -206.9' spd 295.9 yaw 136 mode 1 st 2 gl 0 hp 92 frg 0
ARGLOG Carmack t  64.7 pos '1204.5 198.2 -208.1' spd  41.7 yaw 306 mode 2 st 3 gl 0 hp 76 frg 0
ARGEVT Carmack swim
ARGEVT Joe Rogan swim
ARGEVT Carmack swim
ARGEVT Joe Rogan swim
ARGLOG Romero t  64.9 pos '552.0 362.3  56.0' spd  33.3 yaw 10 mode 2 st 2 gl 0 hp 4 frg 1
ARGEVT Romero hazard
ARGEVT Carmack swim
ARGEVT Joe Rogan swim
ARGUS Romero wallslide
ARGEVT Carmack swim
ARGEVT Joe Rogan swim
ARGEVT Carmack swim
ARGEVT Joe Rogan swim
ARGLOG Joe Rogan t  65.2 pos '1568.2 -112.0 -207.9' spd  53.3 yaw 141 mode 1 st 2 gl 0 hp 92 frg 0
ARGLOG Carmack t  65.2 pos '1230.5 186.2 -207.2' spd  69.7 yaw 305 mode 2 st 3 gl 0 hp 76 frg 0
ARGEVT Carmack swim
ARGEVT Joe Rogan swim
ARGUS Carmack hunch weapon_lightning
ARGEVT Carmack pursue
ARGEVT Carmack goal weapon_lightning
ARGEVT Carmack swim
ARGEVT Carmack route 6 start '1221.0 225.0 -392.0' goal '1541.0 -191.0 -392.0'
ARGLOG Romero t  65.4 pos '552.0 345.9  56.0' spd  31.4 yaw 14 mode 2 st 2 gl 0 hp 4 frg 1
ARGEVT Joe Rogan swim
ARGEVT Carmack swim
ARGEVT Joe Rogan swim
ARGEVT Joe Rogan swim
ARGLOG Joe Rogan t  65.7 pos '1531.2 -112.0 -186.7' spd 126.3 yaw 137 mode 1 st 2 gl 0 hp 92 frg 0
ARGLOG Carmack t  65.7 pos '1216.1 155.3 -240.2' spd 142.5 yaw 277.9 mode 2 st 3 gl 0 hp 76 frg 0
ARGEVT Romero hazard
ARGLOG Romero t  65.9 pos '552.0 330.0  56.0' spd  30.0 yaw 16 mode 2 st 2 gl 0 hp 4 frg 1
ARGUS Romero wallslide
ARGLOG Joe Rogan t  66.2 pos '1466.4 -112.0 -181.8' spd 126.3 yaw 131 mode 1 st 2 gl 0 hp 92 frg 0
ARGLOG Carmack t  66.2 pos '1228.2  67.4 -307.6' spd 216.4 yaw 315 mode 2 st 3 gl 0 hp 76 frg 0
ARGEVT Joe Rogan swim
ARGLOG Romero t  66.4 pos '552.0 458.6  56.0' spd 238.1 yaw 352 mode 2 st 2 gl 0 hp 4 frg 1
ARGEVT Joe Rogan swim
ARGEVT Joe Rogan swim
ARGLOG Joe Rogan t  66.8 pos '1403.5 -112.0 -178.5' spd  95.1 yaw 123 mode 1 st 2 gl 0 hp 92 frg 0
ARGLOG Carmack t  66.8 pos '1302.2  15.8 -351.1' spd 172.1 yaw 311 mode 2 st 3 gl 0 hp 76 frg 0
ARGUS Joe Rogan hunch item_artifact_super_damage
ARGEVT Romero hazard
ARGLOG Romero t  66.9 pos '552.0 496.8  56.0' spd  42.2 yaw 345 mode 2 st 2 gl 0 hp 4 frg 1
ARGEVT Joe Rogan plan powerup via weapon
ARGEVT Joe Rogan goal weapon_rocketlauncher
ARGEVT Joe Rogan route 6 start '1413.0 -63.0 -168.0' goal '1509.0 481.0 -88.0'
ARGUS Romero wallslide
ARGUS routecache adopt
ARGEVT Joe Rogan route 6 start '1413.0 -63.0 -168.0' goal '1509.0 481.0 -88.0'
ARGLOG Joe Rogan t  67.3 pos '1366.8 -69.5 -168.0' spd 325.7 yaw 74 mode 0 st 2 gl 0 hp 92 frg 0
ARGLOG Carmack t  67.3 pos '1402.4  13.7 -353.7' spd 185.1 yaw 110.4 mode 2 st 3 gl 0 hp 76 frg 0
ARGUS routecache adopt
ARGEVT Joe Rogan route 6 start '1413.0 -63.0 -168.0' goal '1509.0 481.0 -88.0'
ARGLOG Romero t  67.4 pos '552.0 516.9  56.0' spd  36.1 yaw 341 mode 2 st 2 gl 0 hp 4 frg 1
ARGEVT Carmack engage Joe Rogan
ARGUS Carmack threatmove range 2
ARGUS Carmack threatmove high 2
ARGEVT Joe Rogan engage Carmack
ARGUS Joe Rogan threatmove range 2
ARGUS routecache adopt
ARGEVT Joe Rogan route 6 start '1413.0 -63.0 -168.0' goal '1509.0 481.0 -88.0'
ARGLOG Joe Rogan t  67.8 pos '1371.9  23.8 -168.0' spd 321.4 yaw  29.6 mode 0 st 2 gl 0 hp 92 frg 0
ARGLOG Carmack t  67.8 pos '1476.3  89.5 -353.2' spd 240.8 yaw 199.3 mode 2 st 3 gl 0 hp 76 frg 0
ARGUS routecache adopt
ARGEVT Joe Rogan route 6 start '1413.0 -63.0 -168.0' goal '1509.0 481.0 -88.0'
ARGEVT Romero hazard
ARGLOG Romero t  67.9 pos '552.0 534.2  56.0' spd  32.3 yaw 338 mode 2 st 2 gl 0 hp 4 frg 1
ARGUS routecache adopt
ARGEVT Joe Rogan route 6 start '1413.0 -63.0 -168.0' goal '1509.0 481.0 -88.0'
ARGUS Romero wallslide
ARGUS routecache adopt
ARGEVT Joe Rogan route 6 start '1413.0 -63.0 -168.0' goal '1509.0 481.0 -88.0'
ARGEVT Carmack pursue
ARGEVT Joe Rogan pursue
ARGLOG Joe Rogan t  68.3 pos '1508.0 -61.5 -168.0' spd 274.6 yaw  95.6 mode 2 st 2 gl 0 hp 92 frg 0
ARGLOG Carmack t  68.3 pos '1526.9 134.2 -354.1' spd  94.9 yaw 230.6 mode 2 st 3 gl 0 hp 76 frg 0
ARGLOG Romero t  68.4 pos '552.0 550.4  56.0' spd  29.9 yaw 335 mode 2 st 2 gl 0 hp 4 frg 1
ARGLOG Joe Rogan t  68.8 pos '1596.0  86.7 -168.2' spd 314.3 yaw 124.6 mode 2 st 2 gl 0 hp 80 frg 0
ARGLOG Carmack t  68.8 pos '1492.3 176.6 -353.2' spd 206.1 yaw 317.9 mode 2 st 3 gl 0 hp 52 frg 0
ARGEVT Romero hazard
ARGLOG Romero t  69.0 pos '552.0 565.9  56.0' spd  29.3 yaw 333 mode 2 st 2 gl 0 hp 4 frg 1
ARGUS Romero wallslide
ARGEVT Joe Rogan swim
ARGEVT Joe Rogan swim
ARGLOG Joe Rogan t  69.3 pos '1716.0 198.3 -200.1' spd 402.0 yaw 164.0 mode 2 st 2 gl 0 hp 56 frg 0
ARGLOG Carmack t  69.3 pos '1488.0 240.0 -351.9' spd  17.1 yaw 348.5 mode 2 st 3 gl 0 hp 48 frg 0
ARGLOG Romero t  69.5 pos '552.0 580.9  56.0' spd  27.4 yaw 331 mode 2 st 2 gl 0 hp 4 frg 1
ARGEVT Joe Rogan swim
ARGEVT Joe Rogan swim
ARGLOG Joe Rogan t  69.8 pos '1882.7 295.8 -207.2' spd 355.7 yaw 187.1 mode 0 st 2 gl 0 hp 56 frg 0
ARGLOG Carmack t  69.8 pos '1498.0 178.5 -352.4' spd 196.1 yaw  17.4 mode 2 st 3 gl 0 hp 48 frg 0
ARGUS Joe Rogan threatmove retreat 2
ARGEVT Joe Rogan retreat
ARGEVT Joe Rogan route 2 start '1765.0 385.0 -64.0' goal '1509.0 481.0 -88.0'
ARGEVT Joe Rogan swim
ARGLOG Romero t  70.0 pos '552.0 586.4  56.0' spd 159.9 yaw 330 mode 2 st 2 gl 0 hp 4 frg 1
ARGUS Romero wallslide
ARGEVT Joe Rogan swim
ARGEVT Joe Rogan swim
ARGLOG Joe Rogan t  70.3 pos '1881.2 289.1 -208.2' spd  61.6 yaw 212.6 mode 2 st 2 gl 0 hp 32 frg 0
ARGEVT Joe Rogan swim
ARGLOG Carmack t  70.3 pos '1545.0  70.9 -342.6' spd 258.8 yaw  29.8 mode 0 st 3 gl 0 hp 48 frg 0
ARGEVT Carmack route 5 start '1509.0  65.0 -392.0' goal '1541.0 -191.0 -392.0'
ARGEVT Joe Rogan swim
ARGLOG Romero t  70.5 pos '552.0 423.1  56.0' spd 159.2 yaw 359 mode 2 st 2 gl 0 hp 4 frg 1
ARGEVT Romero hazard
ARGEVT Joe Rogan swim
ARGEVT Carmack grab weapon_lightning
ARGEVT Joe Rogan swim
ARGEVT Joe Rogan swim
ARGLOG Joe Rogan t  70.8 pos '1872.8 290.0 -207.0' spd  52.3 yaw 231.0 mode 2 st 2 gl 0 hp 24 frg 0
ARGLOG Carmack t  70.8 pos '1575.9 -74.3 -324.7' spd 301.2 yaw  45.6 mode 1 st 3 gl 0 hp 24 frg 0
ARGEVT Joe Rogan swim
ARGLOG Romero t  71.0 pos '552.0 394.2  56.0' spd  44.0 yaw 4 mode 2 st 2 gl 0 hp 4 frg 1
ARGEVT Joe Rogan swim
ARGEVT Joe Rogan swim
ARGEVT Joe Rogan swim
ARGLOG Joe Rogan t  71.3 pos '1845.7 304.7 -208.1' spd  71.7 yaw 237.0 mode 2 st 2 gl 0 hp 20 frg 0
ARGEVT Joe Rogan swim
ARGLOG Carmack t  71.3 pos '1550.0 -215.9 -268.8' spd 207.7 yaw  57.0 mode 1 st 3 gl 0 hp 24 frg 0
ARGEVT Joe Rogan swim
ARGLOG Romero t  71.5 pos '552.0 374.4  56.0' spd  37.8 yaw 8 mode 2 st 2 gl 0 hp 4 frg 1
ARGEVT Romero hazard
ARGEVT Joe Rogan swim
ARGEVT Joe Rogan swim
ARGUS routefield adopt
ARGEVT Joe Rogan route 2 start '1765.0 385.0 -64.0' goal '1509.0 481.0 -88.0'
ARGEVT Joe Rogan swim
ARGLOG Joe Rogan t  71.9 pos '1810.4 301.4 -206.9' spd  69.9 yaw 239.6 mode 0 st 2 gl 0 hp 12 frg 0
ARGLOG Carmack t  71.9 pos '1527.0 -213.5 -223.0' spd 119.0 yaw  60.1 mode 1 st 3 gl 0 hp 24 frg 0
ARGEVT Joe Rogan pursue
ARGEVT Joe Rogan swim
ARGEVT Carmack pursue
ARGUS routefield adopt
ARGEVT Joe Rogan route 2 start '1765.0 385.0 -64.0' goal '1509.0 481.0 -88.0'
ARGLOG Romero t  72.0 pos '552.0 357.1  56.0' spd  35.2 yaw 11 mode 2 st 2 gl 0 hp 4 frg 1
ARGEVT Joe Rogan swim
ARGEVT Joe Rogan swim
ARGEVT Joe Rogan route 14 start '1701.0 321.0 -392.0' goal '1509.0 481.0 -88.0'
ARGEVT Joe Rogan swim
ARGEVT Carmack swim
ARGLOG Joe Rogan t  72.4 pos '1768.1 291.6 -223.2' spd 125.8 yaw 240.4 mode 2 st 2 gl 0 hp 12 frg 0
ARGLOG Carmack t  72.4 pos '1577.2 -156.0 -207.8' spd 160.6 yaw  65.9 mode 1 st 3 gl 0 hp 24 frg 0
ARGEVT Carmack swim
ARGLOG Romero t  72.5 pos '552.0 340.8  56.0' spd  30.7 yaw 14 mode 2 st 2 gl 0 hp 4 frg 1
ARGEVT Romero hazard
ARGEVT Carmack swim
ARGEVT Carmack swim
ARGEVT Joe Rogan pursue
ARGEVT Carmack pursue
ARGEVT Carmack swim
ARGLOG Joe Rogan t  72.9 pos '1673.2 299.1 -290.7' spd 193.0 yaw 258 mode 2 st 2 gl 0 hp 12 frg 0
ARGUS Romero wallslide
ARGLOG Carmack t  72.9 pos '1655.8 -124.3 -207.5' spd 169.0 yaw 74 mode 1 st 3 gl 0 hp 24 frg 0
ARGEVT Carmack swim
ARGLOG Romero t  73.0 pos '552.0 348.1  56.0' spd 246.3 yaw 13 mode 2 st 2 gl 0 hp 4 frg 1
ARGEVT Carmack swim
ARGEVT Romero abandon
ARGEVT Romero goal item_health
ARGEVT Romero route 13 start '517.0 289.0  56.0' goal '549.0 -63.0 -168.0'
ARGLOG Joe Rogan t  73.4 pos '1606.1 230.4 -353.2' spd 223.6 yaw 266 mode 2 st 2 gl 0 hp 12 frg 0
ARGLOG Carmack t  73.4 pos '1702.8 -109.6 -157.7' spd  87.1 yaw 80 mode 1 st 3 gl 0 hp 24 frg 0
ARGLOG Romero t  73.5 pos '552.0 451.3  56.0' spd 179.3 yaw 154 mode 2 st 2 gl 0 hp 4 frg 1
ARGLOG Joe Rogan t  73.9 pos '1575.1 107.2 -352.1' spd 268.4 yaw 271 mode 2 st 2 gl 0 hp 12 frg 0
ARGLOG Carmack t  73.9 pos '1744.6  -9.9 -168.0' spd 321.2 yaw 85 mode 1 st 3 gl 0 hp 24 frg 0
ARGUS Joe Rogan threatmove high 2
ARGLOG Romero t  74.0 pos '473.3 302.0  56.0' spd 449.2 yaw 40 mode 2 st 2 gl 0 hp 4 frg 1
ARGEVT Romero hazard
ARGEVT Carmack swim
ARGLOG Joe Rogan t  74.4 pos '1540.6  23.0 -352.7' spd 146.4 yaw  21.8 mode 2 st 2 gl 0 hp 12 frg 0
ARGLOG Carmack t  74.4 pos '1768.1 155.3 -209.2' spd 319.9 yaw 206.9 mode 1 st 3 gl 0 hp 24 frg 0
ARGLOG Romero t  74.5 pos '318.9 335.5  56.0' spd  69.0 yaw 19 mode 2 st 2 gl 0 hp 4 frg 1
ARGEVT Carmack swim
ARGEVT Carmack swim
ARGEVT Joe Rogan death Carmack pos '1546.2  16.0 -351.0'
ARGEVT Carmack swim
ARGEVT Carmack swim
ARGEVT Carmack goal weapon_rocketlauncher
ARGUS routefield adopt
ARGEVT Carmack route 2 start '1765.0 385.0 -64.0' goal '1509.0 481.0 -88.0'
ARGLOG Carmack t  74.9 pos '1762.6 309.9 -206.9' spd 298.5 yaw 211.9 mode 0 st 3 gl 0 hp 24 frg 1
ARGEVT Carmack swim
ARGLOG Romero t  75.1 pos '300.3 333.2  56.0' spd  33.8 yaw 18 mode 2 st 2 gl 0 hp 4 frg 1
ARGEVT Carmack swim
ARGEVT Carmack swim
ARGEVT Romero hazard
ARGEVT Carmack swim
ARGLOG Carmack t  75.4 pos '1628.9 351.1 -207.8' spd 273.1 yaw 257 mode 2 st 3 gl 0 hp 24 frg 1
ARGEVT Carmack swim
ARGEVT Carmack swim
ARGLOG Romero t  75.6 pos '283.4 331.1  56.0' spd  32.0 yaw 18 mode 2 st 2 gl 0 hp 4 frg 1
ARGEVT Carmack swim
ARGEVT Carmack swim
ARGEVT Carmack swim
ARGLOG Carmack t  75.9 pos '1498.2 331.7 -207.2' spd 246.6 yaw 282 mode 2 st 3 gl 0 hp 24 frg 1
ARGEVT Carmack swim
ARGLOG Romero t  76.1 pos '266.9 329.1  56.0' spd  31.3 yaw 17 mode 2 st 2 gl 0 hp 4 frg 1
ARGEVT Carmack swim
ARGEVT Carmack swim
ARGEVT Joe Rogan respawn
ARGEVT Joe Rogan plan powerup via weapon
ARGEVT Joe Rogan goal weapon_supernailgun
ARGUS routefield adopt
ARGEVT Joe Rogan route 10 start '517.0 801.0 216.0' goal '-507.0 449.0 120.0'
ARGLOG Joe Rogan t  76.2 pos '512.0 768.0 216.0' spd 0 yaw 265.5 mode 0 st 2 gl 0 hp 100 frg 0
ARGEVT Romero hazard
ARGEVT Carmack swim
ARGEVT Carmack swim
ARGLOG Carmack t  76.4 pos '1490.6 279.5 -207.1' spd 116.0 yaw 287 mode 2 st 3 gl 0 hp 24 frg 1
ARGUS Romero wallslide
ARGEVT Carmack swim
ARGLOG Romero t  76.6 pos '300.8 335.8  56.0' spd 330.9 yaw 18 mode 2 st 2 gl 0 hp 4 frg 1
ARGEVT Carmack swim
ARGLOG Joe Rogan t  76.7 pos '498.6 615.7 215.0' spd 332.9 yaw 197 mode 2 st 2 gl 0 hp 100 frg 0
ARGEVT Carmack swim
ARGEVT Carmack swim
ARGLOG Carmack t  76.9 pos '1498.2 216.6 -207.4' spd 135.5 yaw 290 mode 2 st 3 gl 0 hp 24 frg 1
ARGEVT Carmack swim
ARGLOG Romero t  77.1 pos '440.0 335.8  56.0' spd 114.2 yaw 28 mode 2 st 2 gl 0 hp 4 frg 1
ARGEVT Carmack swim
ARGEVT Joe Rogan engage Romero
ARGUS Joe Rogan threatmove range 2
ARGEVT Romero engage Joe Rogan
ARGUS Romero threatmove range 2
ARGUS Romero threatmove retreat 2
ARGEVT Romero retreat
ARGEVT Carmack route 6 start '1605.0   1.0 -168.0' goal '1509.0 481.0 -88.0'
ARGEVT Carmack swim
ARGLOG Joe Rogan t  77.2 pos '486.5 592.0  88.3' spd  30.1 yaw 251.3 mode 2 st 2 gl 0 hp 100 frg 0
ARGEVT Carmack swim
ARGEVT Carmack swim
ARGLOG Carmack t  77.5 pos '1511.7 142.1 -207.1' spd 160.4 yaw 296 mode 2 st 3 gl 0 hp 24 frg 1
ARGEVT Carmack swim
ARGLOG Romero t  77.6 pos '346.5 283.0  56.0' spd 320.0 yaw  80.2 mode 2 st 2 gl 0 hp 4 frg 1
ARGEVT Joe Rogan pursue
ARGEVT Romero pursue
ARGEVT Carmack swim
ARGLOG Joe Rogan t  77.7 pos '378.6 553.1  56.0' spd 379.3 yaw 288 mode 2 st 2 gl 0 hp 100 frg 0
ARGEVT Carmack swim
ARGUS Romero hunch item_artifact_super_damage
ARGEVT Joe Rogan hazard
ARGUS Joe Rogan hunch item_health
ARGEVT Carmack swim
ARGEVT Romero goal item_health
ARGLOG Carmack t  78.0 pos '1534.3  59.5 -206.9' spd 173.7 yaw 0 mode 2 st 3 gl 0 hp 24 frg 1
ARGEVT Romero route 14 start '197.0 289.0  56.0' goal '549.0 -63.0 -168.0'
ARGEVT Joe Rogan pursue
ARGEVT Romero pursue
ARGEVT Carmack swim
ARGEVT Joe Rogan plan powerup via weapon
ARGEVT Joe Rogan goal weapon_supernailgun
ARGEVT Joe Rogan route 8 start '421.0 513.0  56.0' goal '-507.0 449.0 120.0'
ARGLOG Romero t  78.1 pos '272.2 290.3  56.0' spd 382.5 yaw 268.4 mode 2 st 2 gl 0 hp 4 frg 1
ARGEVT Carmack swim
ARGEVT Carmack swim
ARGLOG Joe Rogan t  78.3 pos '430.5 571.6  56.0' spd 352.3 yaw  30.5 mode 2 st 2 gl 0 hp 100 frg 0
ARGEVT Carmack swim
ARGLOG Carmack t  78.5 pos '1570.9  48.0 -207.8' spd  86.0 yaw 2 mode 2 st 3 gl 0 hp 24 frg 1
ARGEVT Carmack swim
ARGEVT Carmack swim
ARGLOG Romero t  78.6 pos '362.0 136.6  56.0' spd 473.0 yaw  57.7 mode 2 st 2 gl 0 hp 4 frg 1
ARGEVT Carmack swim
ARGEVT Romero hazard
ARGLOG Joe Rogan t  78.8 pos '517.4 563.5  56.0' spd 355.4 yaw 254.7 mode 2 st 2 gl 0 hp 100 frg 0
ARGEVT Carmack swim
ARGEVT Carmack swim
ARGLOG Carmack t  79.0 pos '1620.8  48.0 -207.3' spd 110.2 yaw 2 mode 2 st 3 gl 0 hp 24 frg 1
ARGEVT Carmack swim
ARGLOG Romero t  79.1 pos '285.3 109.0  56.0' spd 320.0 yaw  74.9 mode 2 st 2 gl 0 hp 4 frg 1
ARGEVT Carmack swim
ARGEVT Romero pursue
ARGEVT Joe Rogan pursue
ARGLOG Joe Rogan t  79.3 pos '360.8 511.7  56.0' spd 350.0 yaw 269.5 mode 0 st 2 gl 0 hp 100 frg 0
ARGEVT Carmack swim
ARGEVT Joe Rogan hazard
ARGUS routefield adopt
ARGEVT Joe Rogan route 8 start '421.0 513.0  56.0' goal '-507.0 449.0 120.0'
ARGEVT Carmack swim
ARGUS Joe Rogan wallslide
ARGLOG Carmack t  79.5 pos '1680.0  48.0 -208.2' spd 124.3 yaw 3 mode 2 st 3 gl 0 hp 24 frg 1
ARGEVT Carmack swim
ARGLOG Romero t  79.6 pos '287.2 221.2  56.0' spd 323.1 yaw 56 mode 2 st 2 gl 0 hp 4 frg 1
ARGLOG Joe Rogan t  79.8 pos '338.1 497.7  56.0' spd 320.0 yaw 159 mode 2 st 2 gl 0 hp 100 frg 0
ARGEVT Romero hazard
ARGLOG Carmack t  80.0 pos '1742.6  48.0 -166.4' spd 124.3 yaw 3 mode 2 st 3 gl 0 hp 24 frg 1
ARGLOG Romero t  80.1 pos '393.0 328.2  56.0' spd 325.2 yaw 355.5 mode 2 st 2 gl 0 hp 4 frg 1
ARGEVT Joe Rogan pursue
ARGEVT Carmack swim
ARGEVT Romero pursue
ARGLOG Joe Rogan t  80.3 pos '183.6 555.9  56.0' spd 336.1 yaw 185.7 mode 2 st 2 gl 0 hp 100 frg 0
ARGEVT Carmack swim
ARGEVT Carmack swim
ARGLOG Carmack t  80.5 pos '1801.2  48.0 -196.6' spd   8.0 yaw 43 mode 2 st 3 gl 0 hp 24 frg 1
ARGLOG Romero t  80.6 pos '536.2 374.4  56.0' spd 325.1 yaw  92.6 mode 2 st 2 gl 0 hp 4 frg 1
ARGEVT Joe Rogan pursue
ARGLOG Joe Rogan t  80.8 pos ' 11.0 553.4  40.0' spd 320.0 yaw 174.6 mode 2 st 2 gl 0 hp 100 frg 0
ARGEVT Romero hazard
ARGLOG Carmack t  81.0 pos '1820.3  48.0 -172.3' spd  44.1 yaw 46 mode 2 st 3 gl 0 hp 24 frg 1
ARGUS Romero wallslide
ARGLOG Romero t  81.1 pos '551.8 514.0  56.0' spd 122.2 yaw 171.5 mode 2 st 2 gl 0 hp 4 frg 1
ARGEVT Carmack swim
ARGLOG Joe Rogan t  81.3 pos ' 51.5 576.7  40.0' spd 356.1 yaw 357.4 mode 2 st 2 gl 0 hp 100 frg 0
ARGEVT Carmack swim
ARGEVT Carmack swim
ARGLOG Carmack t  81.5 pos '1846.0  60.9 -207.1' spd  73.9 yaw 48 mode 2 st 3 gl 0 hp 24 frg 1
ARGEVT Carmack swim
ARGLOG Romero t  81.6 pos '547.2 549.4  56.0' spd  37.3 yaw 168.6 mode 2 st 2 gl 0 hp 4 frg 1
ARGEVT Romero death Joe Rogan pos '545.4 550.7  56.0'
ARGUS Joe Rogan watch spawn
ARGEVT Carmack swim
ARGEVT Joe Rogan plan powerup via weapon
ARGEVT Joe Rogan goal weapon_supernailgun
ARGUS routefield adopt
ARGEVT Joe Rogan route 6 start ' 37.0 609.0  40.0' goal '-507.0 449.0 120.0'
ARGLOG Joe Rogan t  81.8 pos '124.1 574.2  56.0' spd 352.1 yaw 316.1 mode 2 st 2 gl 0 hp 88 frg 1
ARGEVT Carmack swim
ARGEVT Joe Rogan hazard
ARGEVT Carmack swim
ARGLOG Carmack t  82.0 pos '1880.6  88.5 -208.0' spd  93.7 yaw 51 mode 2 st 3 gl 0 hp 24 frg 1
ARGEVT Carmack swim
ARGEVT Carmack swim
ARGEVT Carmack swim
ARGLOG Joe Rogan t  82.3 pos '283.0 541.9  56.0' spd 320.7 yaw 1 mode 2 st 2 gl 0 hp 88 frg 1
ARGEVT Carmack swim
ARGEVT Carmack swim
ARGLOG Carmack t  82.5 pos '1888.0  94.4 -207.3' spd 0 yaw 52 mode 2 st 3 gl 0 hp 24 frg 1
ARGEVT Carmack swim
ARGUS routefield adopt
ARGEVT Joe Rogan route 8 start '421.0 513.0  56.0' goal '-507.0 449.0 120.0'
ARGEVT Carmack swim
ARGEVT Carmack swim
ARGLOG Joe Rogan t  82.8 pos '447.6 541.7  56.0' spd 320.2 yaw 4 mode 2 st 2 gl 0 hp 88 frg 1
ARGEVT Carmack swim
ARGEVT Carmack swim
ARGEVT Carmack swim
ARGLOG Carmack t  83.0 pos '1888.0  94.4 -207.7' spd 0 yaw 52 mode 2 st 3 gl 0 hp 24 frg 1
ARGEVT Joe Rogan hazard
ARGEVT Carmack swim
ARGEVT Carmack swim
ARGEVT Romero respawn
ARGEVT Romero goal item_armorInv
ARGLOG Romero t  83.2 pos '-880.0 -232.0 -16.0' spd 0 yaw  85.5 mode 0 st 2 gl 0 hp 100 frg 1
ARGEVT Carmack swim
ARGEVT Romero route 43 start '-923.0 -287.0 -16.0' goal '261.0 -703.0 328.0'
ARGEVT Carmack swim
ARGLOG Joe Rogan t  83.3 pos '534.1 646.4  56.0' spd 396.5 yaw 147.4 mode 2 st 2 gl 0 hp 88 frg 1
ARGEVT Carmack stall
ARGEVT Carmack stallnode '1989.0  65.0 -152.0'
ARGEVT Carmack swim
ARGEVT Carmack swim
ARGLOG Carmack t  83.5 pos '1888.0  95.6 -207.1' spd  33.3 yaw  30.4 mode 0 st 4 gl 0 hp 24 frg 1
ARGEVT Carmack swim
ARGEVT Carmack route 14 start '1861.0 -63.0 -392.0' goal '1509.0 481.0 -88.0'
ARGEVT Carmack swim
ARGLOG Romero t  83.7 pos '-877.5 -84.4 -16.0' spd 328.6 yaw 99 mode 2 st 2 gl 0 hp 100 frg 1
ARGLOG Joe Rogan t  83.8 pos '372.9 592.6  56.0' spd 468.9 yaw 307.7 mode 2 st 2 gl 0 hp 88 frg 1
ARGLOG Carmack t  84.1 pos '1888.0 107.7 -255.5' spd  65.1 yaw 184 mode 2 st 4 gl 0 hp 24 frg 1
ARGLOG Romero t  84.2 pos '-923.8  72.2  -8.0' spd 324.4 yaw 89 mode 2 st 2 gl 0 hp 100 frg 1
ARGEVT Joe Rogan hazard
ARGEVT Romero jump
ARGLOG Joe Rogan t  84.4 pos '525.9 505.2  56.0' spd 398.8 yaw 168 mode 2 st 2 gl 0 hp 88 frg 1
ARGLOG Carmack t  84.6 pos '1878.4  28.2 -323.1' spd 217.0 yaw 158 mode 2 st 4 gl 0 hp 24 frg 1
ARGLOG Romero t  84.7 pos '-935.5 208.0  66.9' spd   5.0 yaw 88 mode 2 st 2 gl 0 hp 100 frg 1
ARGLOG Joe Rogan t  84.9 pos '424.8 640.7  56.0' spd 480.5 yaw 243.5 mode 2 st 2 gl 0 hp 88 frg 1
ARGLOG Carmack t  85.1 pos '1843.2 -83.5 -351.3' spd 213.0 yaw 156 mode 2 st 4 gl 0 hp 24 frg 1
ARGEVT Romero hazard
ARGEVT Romero route 41 start '-955.0 225.0  72.0' goal '261.0 -703.0 328.0'
ARGLOG Romero t  85.2 pos '-908.2 315.6 120.0' spd 328.9 yaw 87 mode 2 st 2 gl 0 hp 100 frg 1
ARGUS Romero wallslide
ARGUS Joe Rogan wallslide
ARGEVT Joe Rogan route 8 start '421.0 513.0  56.0' goal '-507.0 449.0 120.0'
ARGLOG Joe Rogan t  85.4 pos '394.9 478.2  56.0' spd 272.0 yaw 159 mode 2 st 2 gl 0 hp 88 frg 1
ARGEVT Joe Rogan hazard
ARGLOG Carmack t  85.6 pos '1767.2 -84.7 -353.8' spd 178.8 yaw 149 mode 2 st 4 gl 0 hp 24 frg 1
ARGLOG Romero t  85.7 pos '-909.6 479.1 120.0' spd 322.0 yaw 63 mode 2 st 2 gl 0 hp 100 frg 1
ARGLOG Joe Rogan t  85.9 pos '306.2 509.8  56.0' spd 320.0 yaw 165 mode 2 st 2 gl 0 hp 88 frg 1
ARGLOG Carmack t  86.1 pos '1711.1 -80.0 -353.9' spd  81.9 yaw 144 mode 2 st 4 gl 0 hp 24 frg 1
ARGLOG Romero t  86.3 pos '-905.1 642.8 120.0' spd 320.2 yaw 47 mode 2 st 2 gl 0 hp 100 frg 1
ARGLOG Joe Rogan t  86.4 pos '156.5 567.3  56.0' spd 320.0 yaw 168 mode 2 st 2 gl 0 hp 88 frg 1
ARGLOG Carmack t  86.6 pos '1686.8 -22.8 -350.9' spd 191.9 yaw 153 mode 2 st 4 gl 0 hp 24 frg 1
ARGLOG Romero t  86.8 pos '-846.5 799.4 120.0' spd 354.5 yaw 6 mode 2 st 2 gl 0 hp 100 frg 1
ARGLOG Joe Rogan t  86.9 pos ' -0.4 617.9  40.0' spd 321.1 yaw 159 mode 2 st 2 gl 0 hp 88 frg 1
ARGLOG Carmack t  87.1 pos '1652.6  78.1 -353.7' spd 206.5 yaw 176 mode 2 st 4 gl 0 hp 24 frg 1
ARGLOG Romero t  87.3 pos '-683.5 851.3 120.0' spd 323.9 yaw 358 mode 2 st 2 gl 0 hp 100 frg 1
ARGLOG Joe Rogan t  87.4 pos '-163.2 641.0   8.0' spd 320.5 yaw 152 mode 2 st 2 gl 0 hp 88 frg 1
ARGEVT Romero route 36 start '-539.0 833.0 120.0' goal '261.0 -703.0 328.0'
ARGLOG Carmack t  87.6 pos '1546.0 113.2 -352.9' spd 247.5 yaw 187 mode 2 st 4 gl 0 hp 24 frg 1
ARGEVT Romero hazard
ARGLOG Romero t  87.8 pos '-520.2 821.4 120.0' spd 336.9 yaw 354 mode 2 st 2 gl 0 hp 100 frg 1
ARGEVT Joe Rogan hazard
ARGLOG Joe Rogan t  87.9 pos '-297.7 713.2 -16.0' spd 386.8 yaw 241 mode 2 st 2 gl 0 hp 88 frg 1
ARGUS Joe Rogan wallslide
ARGEVT Romero engage Joe Rogan
ARGUS Romero threatmove range 2
ARGEVT Joe Rogan engage Romero
ARGUS Joe Rogan threatmove range 2
ARGUS Joe Rogan threatmove high 2
ARGLOG Carmack t  88.1 pos '1488.0 114.5 -353.4' spd  15.9 yaw 188 mode 2 st 4 gl 0 hp 24 frg 1
ARGLOG Romero t  88.3 pos '-364.0 868.4 120.0' spd 322.8 yaw 306.0 mode 2 st 2 gl 0 hp 100 frg 1
ARGUS Romero wallslide
ARGEVT Joe Rogan pursue
ARGEVT Romero pursue
ARGLOG Joe Rogan t  88.4 pos '-232.4 712.6  -8.0' spd 287.1 yaw 122.7 mode 2 st 2 gl 0 hp 88 frg 1
ARGLOG Carmack t  88.6 pos '1488.0 103.4 -350.8' spd  23.0 yaw 186 mode 2 st 4 gl 0 hp 24 frg 1
ARGUS Joe Rogan bodyblock
ARGUS Romero bodyblock
ARGLOG Romero t  88.8 pos '-290.8 789.2 120.0' spd 390.2 yaw 283.8 mode 2 st 2 gl 0 hp 100 frg 1
ARGLOG Joe Rogan t  88.9 pos '-288.5 746.4 -16.0' spd 304.1 yaw 163.3 mode 2 st 2 gl 0 hp 88 frg 1
ARGLOG Carmack t  89.1 pos '1483.9  94.8 -351.3' spd  63.2 yaw 185 mode 2 st 4 gl 0 hp 24 frg 1
ARGLOG Romero t  89.3 pos '-405.8 784.0  87.9' spd  15.8 yaw 324.1 mode 2 st 2 gl 0 hp 76 frg 1
ARGEVT Carmack route 12 start '1509.0  65.0 -392.0' goal '1509.0 481.0 -88.0'
ARGLOG Joe Rogan t  89.4 pos '-236.6 716.4  -8.0' spd 347.0 yaw 156.2 mode 2 st 2 gl 0 hp 64 frg 1
ARGUS routecache adopt
ARGEVT Carmack route 11 start '1349.0  97.0 -392.0' goal '1509.0 481.0 -88.0'
ARGLOG Carmack t  89.6 pos '1406.1  96.0 -340.2' spd 192.7 yaw 186 mode 2 st 4 gl 0 hp 24 frg 1
ARGLOG Romero t  89.8 pos '-426.7 725.0 -16.0' spd 328.3 yaw   0.4 mode 2 st 2 gl 0 hp 52 frg 1
ARGLOG Joe Rogan t  89.9 pos '-219.8 691.8  -8.0' spd 320.0 yaw 180.5 mode 2 st 2 gl 0 hp 64 frg 1
ARGEVT Romero route 33 start '-411.0 769.0 -16.0' goal '261.0 -703.0 328.0'
ARGEVT Romero grab weapon_supernailgun
ARGLOG Carmack t  90.1 pos '1291.2  91.8 -351.6' spd 258.3 yaw 184 mode 2 st 4 gl 0 hp 24 frg 1
ARGEVT Romero pursue
ARGEVT Joe Rogan pursue
ARGEVT Romero hazard
ARGLOG Romero t  90.3 pos '-405.8 574.3 -16.0' spd 193.3 yaw  46.6 mode 2 st 2 gl 0 hp 52 frg 1
ARGUS Joe Rogan hunch item_health
ARGEVT Joe Rogan hazard
ARGLOG Joe Rogan t  90.4 pos '-288.0 595.4 -16.0' spd 0 yaw 268.8 mode 2 st 2 gl 0 hp 64 frg 1
ARGEVT Joe Rogan goal weapon_supernailgun
ARGUS routefield adopt
ARGEVT Joe Rogan route 6 start '-251.0 609.0 -16.0' goal '-507.0 449.0 120.0'
ARGEVT Joe Rogan pursue
ARGLOG Carmack t  90.6 pos '1153.9  76.4 -352.4' spd 284.8 yaw 183 mode 2 st 4 gl 0 hp 24 frg 1
ARGUS Joe Rogan wallslide
ARGLOG Romero t  90.8 pos '-401.3 687.3 -16.0' spd 320.6 yaw 96 mode 2 st 2 gl 0 hp 52 frg 1
ARGEVT Joe Rogan pursue
ARGLOG Joe Rogan t  90.9 pos '-295.5 434.2 -16.0' spd 371.4 yaw 167.1 mode 2 st 2 gl 0 hp 64 frg 1
ARGEVT Romero pursue
ARGLOG Carmack t  91.1 pos '1056.0  60.8 -305.1' spd  17.3 yaw 254 mode 2 st 4 gl 0 hp 24 frg 1
ARGLOG Romero t  91.3 pos '-388.5 764.2 -16.0' spd 324.4 yaw 353 mode 2 st 2 gl 0 hp 52 frg 1
ARGLOG Joe Rogan t  91.4 pos '-295.8 464.0 -16.0' spd 105.1 yaw 66 mode 2 st 2 gl 0 hp 64 frg 1
ARGEVT Joe Rogan pursue
ARGLOG Carmack t  91.6 pos '1056.0  58.2 -250.5' spd   3.5 yaw 254 mode 2 st 4 gl 0 hp 24 frg 1
ARGLOG Romero t  91.8 pos '-260.1 743.5 -16.0' spd 329.2 yaw 285.0 mode 2 st 2 gl 0 hp 52 frg 1
ARGLOG Joe Rogan t  91.9 pos '-169.0 526.5   8.0' spd 320.0 yaw 105.1 mode 2 st 2 gl 0 hp 64 frg 1
ARGLOG Carmack t  92.2 pos '1056.0  62.1 -240.0' spd   9.1 yaw 254 mode 2 st 4 gl 0 hp 24 frg 1
ARGUS Romero threatmove retreat 2
ARGEVT Romero retreat
ARGLOG Romero t  92.3 pos '-211.2 738.9  -8.0' spd 320.0 yaw 306.4 mode 2 st 2 gl 0 hp 28 frg 1
ARGLOG Joe Rogan t  92.4 pos '-24.9 612.1  40.0' spd 342.8 yaw 143.2 mode 2 st 2 gl 0 hp 64 frg 1
ARGLOG Carmack t  92.7 pos '1056.0  65.8 -222.5' spd   4.1 yaw 255 mode 2 st 4 gl 0 hp 24 frg 1
ARGUS routecache adopt
ARGEVT Romero route 33 start '-411.0 769.0 -16.0' goal '261.0 -703.0 328.0'
ARGLOG Romero t  92.8 pos '-372.8 777.3 -16.0' spd 322.1 yaw 327.5 mode 2 st 2 gl 0 hp 8 frg 1
ARGUS Romero wallslide
ARGEVT Romero hazard
ARGLOG Joe Rogan t  93.0 pos '-93.3 530.3  24.0' spd 321.7 yaw 143.1 mode 2 st 2 gl 0 hp 64 frg 1
ARGEVT Carmack swim
ARGLOG Carmack t  93.2 pos '1056.0  65.8 -207.0' spd   5.1 yaw 255 mode 2 st 4 gl 0 hp 24 frg 1
ARGEVT Joe Rogan pursue
ARGEVT Carmack swim
ARGEVT Romero pursue
ARGLOG Romero t  93.3 pos '-431.3 756.7 -16.0' spd 302.0 yaw 103.7 mode 2 st 2 gl 0 hp 8 frg 1
ARGEVT Carmack swim
ARGLOG Joe Rogan t  93.5 pos '-229.0 488.6  -8.0' spd 353.2 yaw 117 mode 2 st 2 gl 0 hp 64 frg 1
ARGEVT Carmack swim
ARGEVT Carmack swim
ARGLOG Carmack t  93.7 pos '1056.0  65.0 -207.4' spd   7.6 yaw 255 mode 2 st 4 gl 0 hp 24 frg 1
ARGEVT Carmack swim
ARGEVT Carmack swim
ARGLOG Romero t  93.8 pos '-322.8 761.5 -16.0' spd 285.0 yaw 293.4 mode 2 st 2 gl 0 hp 8 frg 1
ARGEVT Carmack swim
ARGLOG Joe Rogan t  94.0 pos '-217.5 612.0  -8.0' spd 320.0 yaw 113.0 mode 2 st 2 gl 0 hp 60 frg 1
ARGEVT Carmack stall
ARGEVT Carmack stallnode '901.0  65.0 -184.0'
ARGEVT Carmack swim
ARGEVT Carmack route 7 start '1221.0   1.0 -168.0' goal '1509.0 481.0 -88.0'
ARGEVT Carmack swim
ARGLOG Carmack t  94.2 pos '1056.0  71.9 -207.6' spd  48.9 yaw 340 mode 2 st 5 gl 0 hp 24 frg 1
ARGUS Romero wallslide
ARGEVT Carmack swim
ARGEVT Joe Rogan hazard
ARGLOG Romero t  94.3 pos '-391.7 752.0 -16.0' spd 367.9 yaw 336.5 mode 2 st 2 gl 0 hp 8 frg 1
ARGEVT Romero hazard
ARGEVT Carmack swim
ARGLOG Joe Rogan t  94.5 pos '-169.2 718.6   8.0' spd 204.3 yaw 176.8 mode 2 st 2 gl 0 hp 60 frg 1
ARGEVT Carmack swim
ARGEVT Carmack swim
ARGLOG Carmack t  94.7 pos '1065.7  99.8 -207.2' spd  81.4 yaw 335 mode 2 st 5 gl 0 hp 24 frg 1
ARGEVT Carmack swim
ARGEVT Joe Rogan pursue
ARGEVT Romero pursue
ARGLOG Romero t  94.8 pos '-426.5 640.6 -16.0' spd 199.1 yaw  14.1 mode 2 st 2 gl 0 hp 8 frg 1
ARGEVT Carmack swim
ARGUS Romero hunch item_artifact_super_damage
ARGEVT Romero goal item_health
ARGEVT Carmack abandon
ARGEVT Carmack goal weapon_lightning
ARGUS routefield adopt
ARGEVT Carmack route 6 start '1221.0   1.0 -168.0' goal '1541.0 -191.0 -392.0'
ARGEVT Romero route 9 start '-411.0 513.0 -16.0' goal '-795.0 737.0 -16.0'
ARGEVT Carmack swim
ARGLOG Joe Rogan t  95.0 pos '-261.5 619.1 -16.0' spd 373.5 yaw 138 mode 2 st 2 gl 0 hp 60 frg 1
ARGEVT Romero pursue
ARGEVT Joe Rogan pursue
ARGEVT Carmack swim
ARGUS Joe Rogan hunch item_health
ARGEVT Joe Rogan goal weapon_supernailgun
ARGUS routefield adopt
ARGEVT Joe Rogan route 6 start '-251.0 609.0 -16.0' goal '-507.0 449.0 120.0'
ARGLOG Carmack t  95.2 pos '1107.0 114.1 -207.2' spd  94.3 yaw 330 mode 2 st 5 gl 0 hp 24 frg 1
ARGEVT Carmack swim
ARGEVT Joe Rogan pursue
ARGLOG Romero t  95.3 pos '-440.3 586.6 -16.0' spd  54.8 yaw 103.2 mode 2 st 2 gl 0 hp 8 frg 1
ARGEVT Carmack swim
ARGEVT Carmack swim
ARGLOG Joe Rogan t  95.5 pos '-204.4 722.7  -8.0' spd 345.9 yaw  57.8 mode 2 st 2 gl 0 hp 60 frg 1
ARGEVT Joe Rogan hazard
ARGEVT Carmack swim
ARGEVT Romero hazard
ARGEVT Carmack swim
ARGLOG Carmack t  95.7 pos '1158.8 111.1 -207.0' spd 108.2 yaw 326 mode 2 st 5 gl 0 hp 24 frg 1
ARGUS Romero wallslide
ARGEVT Carmack swim
ARGLOG Romero t  95.8 pos '-400.4 728.5 -16.0' spd  37.2 yaw 307.7 mode 2 st 2 gl 0 hp 8 frg 1
ARGUS Joe Rogan wallslide
ARGEVT Carmack swim
ARGEVT Carmack swim
ARGLOG Joe Rogan t  96.0 pos '-314.2 783.8 -16.0' spd 322.0 yaw 190.6 mode 2 st 2 gl 0 hp 60 frg 1
ARGEVT Carmack swim
ARGLOG Carmack t  96.2 pos '1213.6  93.5 -207.9' spd 122.6 yaw 345 mode 2 st 5 gl 0 hp 24 frg 1
ARGEVT Carmack swim
ARGEVT Carmack swim
ARGLOG Romero t  96.3 pos '-423.4 596.4 -16.0' spd 320 yaw  84.7 mode 2 st 2 gl 0 hp 8 frg 1
ARGEVT Carmack swim
ARGEVT Romero jump
ARGLOG Joe Rogan t  96.5 pos '-383.9 756.9 -16.0' spd 320.0 yaw 258.1 mode 2 st 2 gl 0 hp 56 frg 1
ARGEVT Carmack swim
ARGEVT Carmack swim
ARGLOG Carmack t  96.7 pos '1276.5  65.2 -207.2' spd 144.8 yaw 347 mode 2 st 5 gl 0 hp 24 frg 1
ARGEVT Carmack swim
ARGUS Romero wallslide
ARGEVT Romero death Joe Rogan pos '-448.0 435.6 -16.0'
ARGUS Joe Rogan watch spawn
ARGEVT Joe Rogan goal item_health
ARGEVT Carmack swim
ARGEVT Joe Rogan route 8 start '-411.0 769.0 -16.0' goal '-731.0  97.0 184.0'
ARGEVT Joe Rogan hazard
ARGUS Joe Rogan wallslide
ARGEVT Carmack swim
ARGLOG Joe Rogan t  97.0 pos '-377.6 752.5 -16.0' spd 320.8 yaw 293.2 mode 2 st 2 gl 0 hp 56 frg 2
ARGLOG Carmack t  97.2 pos '1340.2  48.0 -162.8' spd 115.9 yaw 347 mode 2 st 5 gl 0 hp 24 frg 1
ARGLOG Joe Rogan t  97.5 pos '-321.4 752.0 -16.0' spd  23.2 yaw 250 mode 2 st 2 gl 0 hp 56 frg 2
ARGEVT Carmack swim
ARGLOG Carmack t  97.7 pos '1398.5  48.0 -208.3' spd 117.1 yaw 347 mode 2 st 5 gl 0 hp 24 frg 1
ARGEVT Carmack swim
ARGEVT Carmack route 5 start '1349.0  97.0 -392.0' goal '1541.0 -191.0 -392.0'
ARGEVT Joe Rogan hazard
ARGUS Joe Rogan wallslide
ARGLOG Joe Rogan t  98.0 pos '-314.9 752.0 -16.0' spd   1.4 yaw 249 mode 2 st 2 gl 0 hp 56 frg 2
ARGLOG Carmack t  98.2 pos '1417.4  47.4 -251.6' spd  70.5 yaw 227 mode 2 st 5 gl 0 hp 24 frg 1
ARGEVT Romero respawn
ARGEVT Romero goal item_armorInv
ARGLOG Romero t  98.4 pos '-632.0 -680.0 -16.0' spd 0 yaw  85.5 mode 0 st 2 gl 0 hp 100 frg 1
ARGEVT Romero route 36 start '-635.0 -735.0 -16.0' goal '261.0 -703.0 328.0'
ARGLOG Joe Rogan t  98.5 pos '-308.8 752.0 -16.0' spd   1.6 yaw 247 mode 2 st 2 gl 0 hp 56 frg 2
ARGEVT Joe Rogan stall
ARGEVT Joe Rogan stallnode '-411.0 513.0 -16.0'
ARGEVT Joe Rogan jump
ARGLOG Carmack t  98.7 pos '1348.0  77.0 -318.8' spd 204.6 yaw 257 mode 2 st 5 gl 0 hp 24 frg 1
ARGLOG Romero t  98.9 pos '-616.9 -530.2 -16.0' spd 321.9 yaw  85.2 mode 0 st 2 gl 0 hp 100 frg 1
ARGEVT Joe Rogan route 8 start '-411.0 769.0 -16.0' goal '-731.0  97.0 184.0'
ARGLOG Joe Rogan t  99.0 pos '-296.8 750.0  27.7' spd  63.2 yaw 245 mode 2 st 3 gl 0 hp 56 frg 2
ARGEVT Romero route 35 start '-635.0 -511.0 -16.0' goal '261.0 -703.0 328.0'
ARGLOG Carmack t  99.2 pos '1261.6  59.8 -353.8' spd 186.1 yaw 269 mode 2 st 5 gl 0 hp 24 frg 1
ARGEVT Romero hazard
ARGEVT Joe Rogan hazard
ARGLOG Romero t  99.4 pos '245.0 -299.0  70.5' spd 300 yaw 284.2 mode 0 st 2 gl 0 hp 100 frg 1
ARGUS routecache adopt
ARGEVT Romero route 34 start '197.0 -351.0  60.0' goal '261.0 -703.0 328.0'
ARGLOG Joe Rogan t  99.5 pos '-293.1 713.5 -16.0' spd  25.5 yaw 240 mode 2 st 3 gl 0 hp 56 frg 2
ARGLOG Carmack t  99.8 pos '1227.2  16.0 -352.4' spd  20.6 yaw 275 mode 2 st 5 gl 0 hp 24 frg 1
ARGUS Joe Rogan wallslide
ARGLOG Romero t  99.9 pos '266.4 -277.6  60.0' spd 300 yaw 98 mode 2 st 2 gl 0 hp 100 frg 1
ARGLOG Joe Rogan t 100.0 pos '-309.7 761.6 -16.0' spd 269.2 yaw 248 mode 2 st 3 gl 0 hp 56 frg 2
ARGLOG Carmack t 100.3 pos '1231.7  16.0 -353.9' spd  27.3 yaw 274 mode 2 st 5 gl 0 hp 24 frg 1
ARGEVT Carmack stall
ARGEVT Carmack stallnode '1253.0 -127.0 -392.0'
ARGLOG Romero t 100.4 pos '255.4 -141.5  56.0' spd 320.1 yaw 71 mode 2 st 2 gl 0 hp 100 frg 1
ARGEVT Carmack route 5 start '1349.0  97.0 -392.0' goal '1541.0 -191.0 -392.0'
ARGLOG Joe Rogan t 100.6 pos '-422.5 704.5 -16.0' spd 327.4 yaw 274 mode 2 st 3 gl 0 hp 56 frg 2
ARGLOG Carmack t 100.8 pos '1273.8  17.3 -352.8' spd 157.9 yaw 262 mode 2 st 6 gl 0 hp 24 frg 1
ARGLOG Romero t 100.9 pos '256.4  26.9  56.0' spd 333.3 yaw 45 mode 2 st 2 gl 0 hp 100 frg 1
ARGEVT Joe Rogan jump
ARGLOG Joe Rogan t 101.1 pos '-418.7 539.4  -2.0' spd 321.6 yaw 273 mode 2 st 3 gl 0 hp 56 frg 2
ARGLOG Carmack t 101.3 pos '1359.1  71.4 -352.0' spd 232.9 yaw 255 mode 2 st 6 gl 0 hp 24 frg 1
ARGEVT Joe Rogan hazard
ARGLOG Romero t 101.4 pos '353.8 162.5  56.0' spd 322.4 yaw 79 mode 2 st 2 gl 0 hp 100 frg 1
ARGLOG Joe Rogan t 101.6 pos '-401.2 435.3 -16.0' spd 186.5 yaw 266 mode 2 st 3 gl 0 hp 56 frg 2
ARGUS Joe Rogan wallslide
ARGLOG Carmack t 101.8 pos '1444.8  78.3 -353.2' spd 118.1 yaw 245 mode 2 st 6 gl 0 hp 24 frg 1
ARGEVT Joe Rogan jump
ARGLOG Romero t 101.9 pos '479.3 263.2  56.0' spd 320.2 yaw 48 mode 2 st 2 gl 0 hp 100 frg 1
ARGLOG Joe Rogan t 102.1 pos '-428.2 596.2 -14.9' spd 348.8 yaw 274 mode 2 st 3 gl 0 hp 56 frg 2
ARGLOG Carmack t 102.3 pos '1423.4   6.7 -352.6' spd 202.9 yaw 243 mode 2 st 6 gl 0 hp 24 frg 1
ARGLOG Romero t 102.4 pos '525.2 428.5  56.0' spd 360.4 yaw 9 mode 2 st 2 gl 0 hp 100 frg 1
ARGLOG Joe Rogan t 102.6 pos '-421.7 513.8 -16.0' spd 375.5 yaw 274 mode 2 st 3 gl 0 hp 56 frg 2
ARGEVT Joe Rogan jump
ARGLOG Carmack t 102.8 pos '1340.0 -77.8 -353.2' spd 261.9 yaw 277 mode 2 st 6 gl 0 hp 24 frg 1
ARGUS Joe Rogan wallslide
ARGLOG Romero t 102.9 pos '382.0 522.9  56.0' spd 441.0 yaw 347 mode 2 st 2 gl 0 hp 100 frg 1
ARGEVT Romero hazard
ARGLOG Joe Rogan t 103.1 pos '-402.8 491.3 -16.0' spd 325.7 yaw 268 mode 2 st 3 gl 0 hp 56 frg 2
ARGUS Romero wallslide
ARGEVT Joe Rogan hazard
ARGLOG Carmack t 103.3 pos '1261.4 -185.4 -353.0' spd 271.0 yaw 295 mode 2 st 6 gl 0 hp 24 frg 1
ARGLOG Romero t 103.4 pos '491.3 466.3  56.0' spd 320.5 yaw 352 mode 2 st 2 gl 0 hp 100 frg 1
ARGLOG Joe Rogan t 103.6 pos '-441.1 595.0 -16.0' spd 238.6 yaw 277 mode 2 st 3 gl 0 hp 56 frg 2
ARGEVT Joe Rogan jump
ARGLOG Carmack t 103.8 pos '1247.1 -313.8 -353.1' spd 253.4 yaw 343 mode 2 st 6 gl 0 hp 24 frg 1
ARGLOG Romero t 104.0 pos '552.0 521.5  56.0' spd  35.6 yaw 340 mode 2 st 2 gl 0 hp 100 frg 1
ARGEVT Romero hazard
ARGLOG Joe Rogan t 104.1 pos '-428.2 560.0  19.9' spd  69.7 yaw 275 mode 2 st 3 gl 0 hp 56 frg 2
ARGUS Romero wallslide
ARGLOG Carmack t 104.3 pos '1313.8 -424.0 -351.9' spd 250.0 yaw 45 mode 2 st 6 gl 0 hp 24 frg 1
ARGEVT Joe Rogan jump
ARGLOG Romero t 104.5 pos '552.0 539.2  56.0' spd  35.0 yaw 337 mode 2 st 2 gl 0 hp 100 frg 1
ARGLOG Joe Rogan t 104.6 pos '-403.2 466.6  -4.6' spd 344.6 yaw 267 mode 2 st 3 gl 0 hp 56 frg 2
ARGEVT Joe Rogan hazard
ARGLOG Carmack t 104.8 pos '1429.9 -466.0 -352.2' spd 257.3 yaw 68 mode 2 st 6 gl 0 hp 24 frg 1
ARGLOG Romero t 105.0 pos '552.0 555.6  56.0' spd  30.8 yaw 335 mode 2 st 2 gl 0 hp 100 frg 1
ARGEVT Romero hazard
ARGLOG Joe Rogan t 105.1 pos '-436.3 454.9 -16.0' spd 322.7 yaw 281 mode 2 st 3 gl 0 hp 56 frg 2
ARGEVT Joe Rogan jump
ARGUS Romero wallslide
ARGLOG Carmack t 105.3 pos '1550.2 -436.2 -324.1' spd 222.6 yaw 92 mode 2 st 6 gl 0 hp 24 frg 1
ARGLOG Romero t 105.5 pos '552.0 571.3  56.0' spd  29.6 yaw 332 mode 2 st 2 gl 0 hp 100 frg 1
ARGUS Joe Rogan wallslide
ARGLOG Joe Rogan t 105.6 pos '-400.2 584.1 -16.0' spd  58.9 yaw 268 mode 2 st 3 gl 0 hp 56 frg 2
ARGLOG Carmack t 105.9 pos '1594.0 -330.9 -268.4' spd 242.0 yaw 109 mode 1 st 6 gl 0 hp 24 frg 1
ARGLOG Romero t 106.0 pos '552.0 475.6  56.0' spd 363.3 yaw 349 mode 2 st 2 gl 0 hp 100 frg 1
ARGEVT Joe Rogan hazard
ARGEVT Joe Rogan jump
ARGLOG Joe Rogan t 106.1 pos '-448.0 428.3   3.8' spd 298.5 yaw 290 mode 2 st 3 gl 0 hp 56 frg 2
ARGEVT Romero hazard
ARGUS Romero wallslide
ARGLOG Carmack t 106.4 pos '1572.4 -205.0 -223.5' spd 260.1 yaw 155 mode 1 st 6 gl 0 hp 24 frg 1
ARGLOG Romero t 106.5 pos '552.0 406.0  56.0' spd  46.1 yaw 2 mode 2 st 2 gl 0 hp 100 frg 1
ARGLOG Joe Rogan t 106.7 pos '-447.9 423.4  -1.6' spd  32.3 yaw 290 mode 2 st 3 gl 0 hp 56 frg 2
ARGEVT Joe Rogan jump
ARGLOG Carmack t 106.9 pos '1500.7 -159.8 -208.6' spd 147.5 yaw 315.3 mode 1 st 6 gl 0 hp 24 frg 1
ARGEVT Carmack swim
ARGEVT Carmack swim
ARGLOG Romero t 107.0 pos '552.0 384.7  56.0' spd  37.0 yaw 6 mode 2 st 2 gl 0 hp 100 frg 1
ARGEVT Carmack swim
ARGEVT Joe Rogan hazard
ARGLOG Joe Rogan t 107.2 pos '-404.0 540.1 -16.0' spd 361.2 yaw 269 mode 2 st 3 gl 0 hp 56 frg 2
ARGEVT Carmack swim
ARGEVT Romero hazard
ARGUS Romero wallslide
ARGEVT Carmack swim
ARGLOG Carmack t 107.4 pos '1522.4 -227.1 -207.2' spd 162.5 yaw 58 mode 1 st 6 gl 0 hp 24 frg 1
ARGEVT Carmack swim
ARGUS Joe Rogan wallslide
ARGLOG Romero t 107.5 pos '552.0 366.7  56.0' spd  33.2 yaw 10 mode 2 st 2 gl 0 hp 100 frg 1
ARGEVT Carmack swim
ARGLOG Joe Rogan t 107.7 pos '-402.0 540.5 -16.0' spd 325.5 yaw 268 mode 2 st 3 gl 0 hp 56 frg 2
ARGEVT Joe Rogan jump
ARGEVT Carmack swim
ARGEVT Carmack swim
ARGLOG Carmack t 107.9 pos '1572.7 -180.5 -207.1' spd 192.4 yaw 198.8 mode 1 st 6 gl 0 hp 24 frg 1
ARGEVT Carmack swim
ARGLOG Romero t 108.0 pos '552.0 350.0  56.0' spd  31.2 yaw 13 mode 2 st 2 gl 0 hp 100 frg 1
ARGEVT Carmack swim
ARGEVT Carmack swim
ARGLOG Joe Rogan t 108.2 pos '-437.5 414.3 -16.0' spd  22.7 yaw 286 mode 2 st 3 gl 0 hp 56 frg 2
ARGEVT Carmack swim
ARGEVT Romero hazard
ARGUS Romero wallslide
ARGEVT Carmack swim
ARGLOG Carmack t 108.4 pos '1501.9 -204.0 -207.9' spd 219.9 yaw   2.0 mode 1 st 6 gl 0 hp 24 frg 1
ARGEVT Joe Rogan jump
ARGEVT Carmack swim
ARGLOG Romero t 108.5 pos '552.0 334.1  56.0' spd  29.9 yaw 16 mode 2 st 2 gl 0 hp 100 frg 1
ARGEVT Carmack swim
ARGLOG Joe Rogan t 108.7 pos '-401.3 555.8  -8.9' spd 321.7 yaw 268 mode 2 st 3 gl 0 hp 56 frg 2
ARGEVT Carmack swim
ARGUS Joe Rogan wallslide
ARGEVT Carmack swim
ARGEVT Joe Rogan hazard
ARGLOG Carmack t 108.9 pos '1586.5 -204.4 -207.5' spd 248.7 yaw 163.0 mode 1 st 6 gl 0 hp 24 frg 1
ARGEVT Carmack swim
ARGEVT Carmack swim
ARGLOG Romero t 109.1 pos '552.0 318.9  56.0' spd  32.0 yaw 18 mode 2 st 2 gl 0 hp 100 frg 1
ARGEVT Carmack swim
ARGLOG Joe Rogan t 109.2 pos '-409.1 499.2 -16.0' spd 375.6 yaw 270 mode 2 st 3 gl 0 hp 56 frg 2
ARGEVT Carmack swim
ARGEVT Joe Rogan jump
ARGUS Romero wallslide
ARGEVT Carmack swim
ARGLOG Carmack t 109.4 pos '1502.0 -171.2 -206.9' spd 261.8 yaw 323.9 mode 1 st 6 gl 0 hp 24 frg 1
ARGEVT Carmack swim
ARGLOG Romero t 109.6 pos '552.0 399.5  56.0' spd 397.4 yaw 3 mode 2 st 2 gl 0 hp 100 frg 1
ARGEVT Carmack swim
ARGLOG Joe Rogan t 109.7 pos '-448.0 425.1  24.8' spd  32.4 yaw 290 mode 2 st 3 gl 0 hp 56 frg 2
ARGEVT Carmack swim
ARGEVT Carmack swim
ARGEVT Romero hazard
ARGLOG Carmack t 109.9 pos '1572.5 -235.0 -207.2' spd 269.4 yaw 123.0 mode 1 st 6 gl 0 hp 24 frg 1
ARGEVT Carmack swim
ARGEVT Carmack swim
ARGLOG Romero t 110.1 pos '552.0 491.2  56.0' spd  50.5 yaw 346 mode 2 st 2 gl 0 hp 100 frg 1
ARGEVT Joe Rogan jump
ARGEVT Carmack swim
ARGLOG Joe Rogan t 110.2 pos '-419.1 496.8  -1.0' spd 320.1 yaw 273 mode 2 st 3 gl 0 hp 56 frg 2
ARGEVT Carmack swim
ARGUS Romero wallslide
ARGUS Joe Rogan wallslide
ARGEVT Carmack swim
ARGLOG Carmack t 110.4 pos '1529.1 -147.2 -207.5' spd 276.7 yaw 283.0 mode 1 st 6 gl 0 hp 24 frg 1
ARGEVT Carmack swim
ARGEVT Joe Rogan hazard
ARGLOG Romero t 110.6 pos '552.0 512.9  56.0' spd  37.5 yaw 342 mode 2 st 2 gl 0 hp 100 frg 1
ARGEVT Carmack swim
ARGLOG Joe Rogan t 110.7 pos '-400.0 559.5 -16.0' spd 298.1 yaw 268 mode 2 st 3 gl 0 hp 56 frg 2
ARGEVT Carmack swim
ARGEVT Carmack swim
ARGEVT Romero hazard
ARGEVT Joe Rogan jump
ARGLOG Carmack t 110.9 pos '1542.6 -247.0 -207.7' spd 292.1 yaw  84.0 mode 1 st 6 gl 0 hp 24 frg 1
ARGEVT Carmack swim
ARGEVT Carmack swim
ARGLOG Romero t 111.1 pos '552.0 531.0  56.0' spd  33.5 yaw 339 mode 2 st 2 gl 0 hp 100 frg 1
ARGEVT Carmack swim
ARGLOG Joe Rogan t 111.2 pos '-448.0 403.8 -16.0' spd   2.6 yaw 295 mode 2 st 3 gl 0 hp 56 frg 2
ARGEVT Carmack swim
ARGUS Romero wallslide
ARGEVT Carmack swim
ARGLOG Carmack t 111.4 pos '1561.5 -144.3 -206.9' spd 295.1 yaw 247.8 mode 1 st 6 gl 0 hp 24 frg 1
ARGEVT Carmack swim
ARGLOG Romero t 111.6 pos '552.0 548.0  56.0' spd  31.5 yaw 336 mode 2 st 2 gl 0 hp 100 frg 1
ARGEVT Carmack swim
ARGEVT Joe Rogan hazard
ARGEVT Joe Rogan jump
ARGEVT Carmack swim
ARGLOG Joe Rogan t 111.7 pos '-409.7 552.4  -8.9' spd 339.6 yaw 270 mode 2 st 3 gl 0 hp 56 frg 2
ARGEVT Carmack swim
ARGEVT Romero hazard
ARGLOG Carmack t 111.9 pos '1512.4 -236.9 -207.7' spd 296.3 yaw  51.6 mode 1 st 6 gl 0 hp 24 frg 1
ARGEVT Carmack swim
ARGEVT Carmack swim
ARGLOG Romero t 112.1 pos '552.0 564.1  56.0' spd  29.3 yaw 333 mode 2 st 2 gl 0 hp 100 frg 1
ARGEVT Carmack swim
ARGLOG Joe Rogan t 112.3 pos '-400.0 584.0   9.6' spd  30.7 yaw 268 mode 2 st 3 gl 0 hp 56 frg 2
ARGEVT Carmack swim
ARGUS Romero wallslide
ARGEVT Carmack swim
ARGLOG Carmack t 112.4 pos '1586.5 -163.1 -207.2' spd 297.1 yaw 211.4 mode 1 st 6 gl 0 hp 24 frg 1
ARGEVT Carmack swim
ARGEVT Joe Rogan jump
ARGLOG Romero t 112.6 pos '552.0 567.6  56.0' spd 182.1 yaw 333 mode 2 st 2 gl 0 hp 100 frg 1
ARGEVT Carmack swim
ARGLOG Joe Rogan t 112.8 pos '-415.6 475.3 -11.1' spd 320.1 yaw 272 mode 2 st 3 gl 0 hp 56 frg 2
ARGEVT Carmack swim
ARGEVT Carmack swim
ARGUS Joe Rogan wallslide
ARGLOG Carmack t 112.9 pos '1492.9 -206.3 -207.2' spd 297.7 yaw 12 mode 1 st 6 gl 0 hp 24 frg 1
ARGEVT Joe Rogan hazard
ARGEVT Carmack swim
ARGEVT Carmack swim
ARGLOG Romero t 113.1 pos '552.0 420.1  56.0' spd  88.3 yaw 0 mode 2 st 2 gl 0 hp 100 frg 1
ARGEVT Romero hazard
ARGEVT Carmack swim
ARGLOG Joe Rogan t 113.3 pos '-443.0 512.1 -16.0' spd 366.4 yaw 280 mode 2 st 3 gl 0 hp 56 frg 2
ARGEVT Carmack swim
ARGEVT Joe Rogan jump
ARGUS Romero wallslide
ARGEVT Carmack swim
ARGLOG Carmack t 113.5 pos '1598.3 -192.2 -207.0' spd 299.6 yaw 176.8 mode 1 st 6 gl 0 hp 24 frg 1
ARGEVT Carmack swim
ARGLOG Romero t 113.6 pos '552.0 395.0  56.0' spd  42.8 yaw 4 mode 2 st 2 gl 0 hp 100 frg 1
ARGEVT Carmack swim
ARGEVT Carmack swim
ARGLOG Joe Rogan t 113.8 pos '-401.0 589.6 -16.0' spd 320.5 yaw 268 mode 2 st 3 gl 0 hp 56 frg 2
ARGEVT Carmack swim
ARGLOG Carmack t 114.0 pos '1492.4 -174.1 -208.0' spd 309.4 yaw 337.8 mode 1 st 6 gl 0 hp 24 frg 1
ARGEVT Carmack swim
ARGEVT Carmack swim
ARGEVT Joe Rogan jump
ARGLOG Romero t 114.1 pos '552.0 375.8  56.0' spd  37.6 yaw 8 mode 2 st 2 gl 0 hp 100 frg 1
ARGEVT Romero hazard
ARGEVT Carmack swim
ARGLOG Joe Rogan t 114.3 pos '-448.0 424.1  15.5' spd 337.1 yaw 290 mode 2 st 3 gl 0 hp 56 frg 2
ARGEVT Carmack swim
ARGUS Romero wallslide
ARGLOG Carmack t 114.5 pos '1583.4 -225.8 -208.2' spd 296.4 yaw 138.1 mode 1 st 6 gl 0 hp 24 frg 1
ARGEVT Carmack swim
ARGEVT Carmack swim
ARGLOG Romero t 114.6 pos '552.0 358.6  56.0' spd  34.6 yaw 11 mode 2 st 2 gl 0 hp 100 frg 1
ARGEVT Carmack swim
ARGLOG Joe Rogan t 114.8 pos '-443.9 400.5 -15.8' spd  69.1 yaw 293 mode 2 st 3 gl 0 hp 56 frg 2
ARGEVT Carmack swim
ARGEVT Carmack swim
ARGEVT Joe Rogan jump
ARGLOG Carmack t 115.0 pos '1513.5 -148.1 -207.1' spd 298.6 yaw 298.7 mode 1 st 6 gl 0 hp 24 frg 1
ARGEVT Carmack abandon
ARGEVT Carmack goal weapon_rocketlauncher
ARGEVT Carmack route 6 start '1413.0 -63.0 -168.0' goal '1509.0 481.0 -88.0'
ARGEVT Carmack swim
ARGEVT Carmack swim
ARGLOG Romero t 115.1 pos '552.0 342.6  56.0' spd  30.5 yaw 14 mode 2 st 2 gl 0 hp 100 frg 1
ARGEVT Romero hazard
ARGEVT Carmack swim
ARGLOG Joe Rogan t 115.3 pos '-401.8 464.0  27.7' spd  32.9 yaw 267 mode 2 st 3 gl 0 hp 56 frg 2
ARGEVT Carmack swim
ARGUS Romero wallslide
ARGLOG Carmack t 115.5 pos '1409.1 -240.0 -208.6' spd 206.3 yaw 24 mode 2 st 6 gl 0 hp 24 frg 1
ARGEVT Carmack swim
ARGEVT Carmack swim
ARGLOG Romero t 115.6 pos '552.0 326.9  56.0' spd  32.3 yaw 17 mode 2 st 2 gl 0 hp 100 frg 1
ARGEVT Carmack swim
ARGEVT Joe Rogan jump
ARGLOG Joe Rogan t 115.8 pos '-416.2 505.0  -8.4' spd 325.1 yaw 272 mode 2 st 3 gl 0 hp 56 frg 2
ARGEVT Carmack swim
ARGEVT Carmack swim
ARGLOG Carmack t 116.0 pos '1313.5 -206.2 -207.1' spd 206.1 yaw 16 mode 2 st 6 gl 0 hp 24 frg 1
ARGUS Joe Rogan wallslide
ARGEVT Carmack swim
ARGEVT Romero hazard
ARGEVT Joe Rogan hazard
ARGLOG Romero t 116.1 pos '552.0 311.9  56.0' spd  29.2 yaw 20 mode 2 st 2 gl 0 hp 100 frg 1
ARGEVT Carmack swim
ARGEVT Carmack swim
ARGLOG Joe Rogan t 116.3 pos '-400.0 572.6 -16.0' spd 321.8 yaw 268 mode 2 st 3 gl 0 hp 56 frg 2
ARGUS Romero wallslide
ARGEVT Carmack swim
ARGLOG Carmack t 116.5 pos '1264.9 -119.9 -207.4' spd 195.0 yaw 6 mode 2 st 6 gl 0 hp 24 frg 1
ARGEVT Carmack swim
ARGEVT Joe Rogan jump
ARGEVT Carmack swim
ARGLOG Romero t 116.7 pos '552.0 449.7  56.0' spd 308.2 yaw 354 mode 2 st 2 gl 0 hp 100 frg 1
ARGEVT Carmack swim
ARGLOG Joe Rogan t 116.8 pos '-448.0 410.8  23.6' spd 187.9 yaw 293 mode 2 st 3 gl 0 hp 56 frg 2
ARGEVT Carmack swim
ARGEVT Carmack swim
ARGEVT Joe Rogan abandon
ARGEVT Joe Rogan plan powerup via weapon
ARGEVT Joe Rogan goal weapon_supernailgun
ARGUS routefield adopt
ARGEVT Joe Rogan route 3 start '-411.0 513.0 -16.0' goal '-507.0 449.0 120.0'
ARGLOG Carmack t 117.0 pos '1283.5 -112.0 -207.6' spd  58.9 yaw 5 mode 2 st 6 gl 0 hp 24 frg 1
ARGEVT Carmack swim
ARGEVT Romero hazard
ARGLOG Romero t 117.2 pos '552.0 498.4  56.0' spd  45.4 yaw 345 mode 2 st 2 gl 0 hp 100 frg 1
ARGEVT Carmack swim
ARGEVT Carmack swim
ARGLOG Joe Rogan t 117.3 pos '-444.3 427.5 -16.0' spd 223.4 yaw 68 mode 2 st 3 gl 0 hp 56 frg 2
ARGUS Romero wallslide
ARGEVT Carmack swim
ARGEVT Joe Rogan jump
ARGUS routecache adopt
ARGEVT Carmack route 6 start '1413.0 -63.0 -168.0' goal '1509.0 481.0 -88.0'
ARGLOG Carmack t 117.5 pos '1319.6 -112.0 -207.7' spd  83.0 yaw  48.0 mode 0 st 6 gl 0 hp 24 frg 1
ARGEVT Carmack swim
ARGLOG Romero t 117.7 pos '552.0 518.7  56.0' spd  38.7 yaw 341 mode 2 st 2 gl 0 hp 100 frg 1
ARGUS routecache adopt
ARGEVT Carmack route 6 start '1413.0 -63.0 -168.0' goal '1509.0 481.0 -88.0'
ARGLOG Joe Rogan t 117.8 pos '-407.2 584.4 -16.0' spd 382.0 yaw 270 mode 2 st 3 gl 0 hp 56 frg 2
ARGUS routecache adopt
ARGEVT Carmack route 6 start '1413.0 -63.0 -168.0' goal '1509.0 481.0 -88.0'
ARGEVT Joe Rogan hazard
ARGLOG Carmack t 118.0 pos '1382.6 -112.0 -166.1' spd 124.3 yaw 77 mode 0 st 6 gl 0 hp 24 frg 1
ARGUS routecache adopt
ARGEVT Carmack route 6 start '1413.0 -63.0 -168.0' goal '1509.0 481.0 -88.0'
ARGEVT Romero hazard
ARGLOG Romero t 118.2 pos '552.0 536.8  56.0' spd  32.8 yaw 338 mode 2 st 2 gl 0 hp 100 frg 1
ARGUS routecache adopt
ARGEVT Carmack route 6 start '1413.0 -63.0 -168.0' goal '1509.0 481.0 -88.0'
ARGLOG Joe Rogan t 118.3 pos '-431.7 590.8 -16.0' spd 320.0 yaw 275 mode 2 st 3 gl 0 hp 56 frg 2
ARGEVT Joe Rogan jump
ARGUS Romero wallslide
ARGEVT Romero abandon
ARGEVT Romero plan powerup via weapon
ARGEVT Romero goal weapon_lightning
ARGEVT Romero route 14 start '517.0 641.0  56.0' goal '1541.0 -191.0 -392.0'
ARGLOG Carmack t 118.5 pos '1440.4  17.1 -168.0' spd 320.9 yaw 80 mode 0 st 6 gl 0 hp 24 frg 1
ARGEVT Carmack route 6 start '1413.0 -63.0 -168.0' goal '1509.0 481.0 -88.0'
ARGLOG Romero t 118.7 pos '551.1 506.6  56.0' spd 336.7 yaw 329 mode 2 st 2 gl 0 hp 100 frg 1
ARGUS routecache adopt
ARGEVT Carmack route 6 start '1413.0 -63.0 -168.0' goal '1509.0 481.0 -88.0'
ARGLOG Joe Rogan t 118.8 pos '-405.1 560.0  16.3' spd  52.8 yaw 269 mode 2 st 3 gl 0 hp 56 frg 2
ARGEVT Carmack swim
ARGLOG Carmack t 119.0 pos '1480.4  95.7 -207.7' spd  84.8 yaw 334 mode 2 st 6 gl 0 hp 24 frg 1
ARGEVT Carmack swim
ARGEVT Carmack swim
ARGEVT Joe Rogan jump
ARGLOG Romero t 119.2 pos '477.2 382.8  56.0' spd  89.1 yaw 21 mode 2 st 2 gl 0 hp 100 frg 1
ARGEVT Carmack swim
ARGLOG Joe Rogan t 119.3 pos '-410.0 462.2  -6.0' spd 331.2 yaw 270 mode 2 st 3 gl 0 hp 56 frg 2
ARGEVT Carmack swim
ARGEVT Joe Rogan hazard
ARGEVT Carmack swim
ARGLOG Carmack t 119.5 pos '1517.9  68.1 -207.3' spd 104.3 yaw 335 mode 2 st 6 gl 0 hp 24 frg 1
ARGEVT Carmack swim
ARGUS Joe Rogan wallslide
ARGEVT Carmack swim
ARGLOG Romero t 119.7 pos '443.4 542.6  56.0' spd 328.0 yaw 343 mode 2 st 2 gl 0 hp 100 frg 1
ARGEVT Carmack swim
ARGLOG Joe Rogan t 119.8 pos '-403.9 487.4 -16.0' spd 323.0 yaw 268 mode 2 st 3 gl 0 hp 56 frg 2
ARGEVT Joe Rogan jump
ARGLOG Carmack t 120.0 pos '1499.1  48.0 -163.5' spd 120.2 yaw 340 mode 2 st 6 gl 0 hp 24 frg 1
ARGEVT Romero hazard
ARGLOG Romero t 120.2 pos '522.9 634.9  56.0' spd 367.9 yaw 326 mode 2 st 2 gl 0 hp 100 frg 1
ARGLOG Joe Rogan t 120.3 pos '-448.0 621.4 -16.0' spd  98.1 yaw 278 mode 2 st 3 gl 0 hp 56 frg 2
ARGUS Romero wallslide
ARGEVT Carmack swim
ARGLOG Carmack t 120.5 pos '1437.5  48.0 -209.1' spd 117.6 yaw 343 mode 2 st 6 gl 0 hp 24 frg 1
ARGEVT Carmack swim
ARGLOG Romero t 120.7 pos '551.6 457.7  56.0' spd 330.4 yaw 352 mode 2 st 2 gl 0 hp 100 frg 1
ARGEVT Joe Rogan hazard
ARGEVT Carmack swim
ARGEVT Joe Rogan jump
ARGUS routecache adopt
ARGEVT Carmack route 6 start '1413.0 -63.0 -168.0' goal '1509.0 481.0 -88.0'
ARGLOG Joe Rogan t 120.9 pos '-400.0 462.0  -0.2' spd 348.9 yaw 266 mode 2 st 3 gl 0 hp 56 frg 2
ARGUS routecache adopt
ARGEVT Carmack route 6 start '1413.0 -63.0 -168.0' goal '1509.0 481.0 -88.0'
ARGUS Joe Rogan wallslide
ARGLOG Carmack t 121.0 pos '1448.8  48.0 -159.5' spd 112.9 yaw 343 mode 2 st 6 gl 0 hp 24 frg 1
ARGEVT Romero hazard
ARGLOG Romero t 121.2 pos '552.0 401.1  56.0' spd  46.4 yaw 3 mode 2 st 2 gl 0 hp 100 frg 1
ARGLOG Joe Rogan t 121.4 pos '-410.2 521.2 -16.0' spd 344.8 yaw 270 mode 2 st 3 gl 0 hp 56 frg 2
