LOG started on: 09/15/2026 23:44:46 
Playing registered version.
UDP Initialized
WIPX_OpenSocket: Address family not supported by protocol family
WIPX_Init: Unable to open control socket, IPX disabled
Exe: 20:02:47 Jul 31 2024
256.0 megabyte heap

Language initialization
Couldn't load 'localization/loc_english.txt'
from 'C:/argus/engine'

========= Quake Initialized =========

execing autoexec.cfg
SpawnServer: dm4
Clearing memory
Programs occupy 883K.
trying to open external vis file
maps/dm4.vis not found, trying argus_bb.vis
external vis not found
ARGUS slots 8
ARGUS worldspawn reached
ARGNAV 137 nodes, 678 links
0 entities inhibited
ARGUS init on dm4
ARGEVT Carmack spawned
ARGEVT Romero spawned
ARGEVT Joe Rogan spawned
Server spawned.
ARGLOG Joe Rogan t   1.2 pos '-64.0 -232.0 -72.0' spd 0 yaw 357.6 mode 0 st 0 gl 0 hp 100 frg 0
ARGLOG Romero t   1.2 pos '112.0 -1136.0 -104.0' spd 0 yaw  92.5 mode 0 st 0 gl 0 hp 100 frg 0
ARGLOG Carmack t   1.2 pos '-64.0 512.0 -296.0' spd 0 yaw 299.6 mode 0 st 0 gl 0 hp 100 frg 0
ARGLOG Joe Rogan t   1.8 pos '112.2 -238.2 -72.0' spd 320 yaw 357.6 mode 0 st 0 gl 0 hp 100 frg 0
ARGLOG Romero t   1.8 pos '105.8 -959.8 -104.0' spd 320 yaw  92.5 mode 0 st 0 gl 0 hp 100 frg 0
ARGLOG Carmack t   1.8 pos '  5.1 488.8 -296.0' spd 180.0 yaw 197.8 mode 0 st 0 gl 0 hp 100 frg 0
ARGLOG Joe Rogan t   2.3 pos '295.4 -245.0 -96.6' spd 320 yaw 357.6 mode 0 st 0 gl 0 hp 100 frg 0
ARGLOG Romero t   2.3 pos '100.3 -799.6 -104.0' spd 320 yaw  92.5 mode 0 st 0 gl 0 hp 100 frg 0
ARGLOG Carmack t   2.3 pos '-129.9 471.6 -296.0' spd   7.9 yaw  11.9 mode 0 st 0 gl 0 hp 100 frg 0
ARGLOG Joe Rogan t   2.8 pos '407.1 -269.9 -296.0' spd 152.4 yaw 289.5 mode 0 st 0 gl 0 hp 100 frg 0
ARGEVT Joe Rogan hazard
ARGLOG Romero t   2.8 pos '204.0 -867.5 -104.0' spd 320.5 yaw 306.5 mode 0 st 0 gl 0 hp 100 frg 0
ARGLOG Carmack t   2.8 pos '-11.8 524.9 -296.0' spd 292.0 yaw 149.0 mode 0 st 0 gl 0 hp 100 frg 0
ARGLOG Joe Rogan t   3.4 pos '352.7 -258.5 -296.0' spd 325.7 yaw  38.5 mode 0 st 0 gl 0 hp 100 frg 0
ARGLOG Romero t   3.4 pos '316.2 -1011.7 -104.0' spd 320.0 yaw 306.5 mode 0 st 0 gl 0 hp 100 frg 0
ARGLOG Carmack t   3.4 pos '-56.6 607.2 -296.0' spd 323.8 yaw 350.3 mode 0 st 0 gl 0 hp 200 frg 0
ARGEVT Romero hazard
ARGEVT Carmack hazard
ARGLOG Joe Rogan t   3.9 pos '355.1 -260.1 -296.0' spd  52.2 yaw  46.5 mode 0 st 0 gl 0 hp 100 frg 0
ARGLOG Romero t   3.9 pos '205.1 -1011.5 -104.0' spd 320.1 yaw 167.0 mode 0 st 0 gl 0 hp 100 frg 0
ARGLOG Carmack t   3.9 pos '-83.0 621.7 -296.0' spd 210.7 yaw   0.3 mode 0 st 0 gl 0 hp 200 frg 0
ARGEVT Joe Rogan goal weapon_rocketlauncher
ARGEVT Joe Rogan hazard
ARGEVT Romero goal item_armorInv
ARGEVT Carmack goal weapon_lightning
ARGEVT Joe Rogan route 6 start '369.0 -215.0 -296.0' goal ' 81.0  73.0 -296.0'
ARGLOG Joe Rogan t   4.5 pos '408.5 -259.5 -296.0' spd 356.2 yaw 171.1 mode 0 st 0 gl 0 hp 100 frg 0
ARGLOG Romero t   4.5 pos ' 89.3 -911.6 -104.0' spd 330.4 yaw  52.8 mode 0 st 0 gl 0 hp 100 frg 0
ARGLOG Carmack t   4.5 pos '-109.7 567.6 -296.0' spd 320.0 yaw 285.6 mode 0 st 0 gl 0 hp 200 frg 0
ARGEVT Romero route 9 start '113.0 -951.0 -104.0' goal '817.0 -855.0 -232.0'
ARGEVT Joe Rogan route 6 start '369.0 -247.0 -296.0' goal ' 81.0  73.0 -296.0'
ARGEVT Carmack route 15 start '-111.0 457.0 -296.0' goal '529.0 -311.0 -104.0'
ARGEVT Carmack hazard
ARGLOG Joe Rogan t   5.1 pos '225.3 -199.4 -296.0' spd 352.0 yaw 169 mode 2 st 0 gl 0 hp 100 frg 0
ARGLOG Romero t   5.1 pos '209.9 -769.4 -104.0' spd 320.2 yaw 57 mode 2 st 0 gl 0 hp 100 frg 0
ARGLOG Carmack t   5.1 pos '-53.0 393.5 -296.0' spd 327.5 yaw 272 mode 2 st 0 gl 0 hp 200 frg 0
ARGEVT Romero hazard
ARGLOG Joe Rogan t   5.6 pos ' 76.4 -228.1 -296.0' spd 321.9 yaw 148 mode 2 st 0 gl 0 hp 100 frg 0
ARGLOG Romero t   5.6 pos '345.9 -691.8 -104.0' spd 352.0 yaw 74 mode 2 st 0 gl 0 hp 100 frg 0
ARGLOG Carmack t   5.6 pos '-75.5 233.1 -296.0' spd 324.5 yaw 275 mode 2 st 0 gl 0 hp 200 frg 0
ARGEVT Carmack engage Joe Rogan
ARGEVT Carmack grab weapon_rocketlauncher
ARGEVT Joe Rogan engage Carmack
ARGLOG Joe Rogan t   6.1 pos '-82.5 -219.2 -296.0' spd 321.8 yaw  63.6 mode 2 st 0 gl 0 hp 100 frg 0
ARGLOG Romero t   6.1 pos '371.3 -505.5 -104.0' spd 332.9 yaw 27 mode 2 st 0 gl 0 hp 100 frg 0
ARGLOG Carmack t   6.1 pos '  8.8  68.3 -296.0' spd 341.4 yaw 246.5 mode 2 st 0 gl 0 hp 200 frg 0
ARGEVT Joe Rogan hazard
ARGEVT Joe Rogan goal weapon_rocketlauncher
ARGEVT Romero hazard
ARGEVT Carmack pursue
ARGEVT Joe Rogan route 16 start '-79.0 -247.0 -296.0' goal '753.0 -887.0 -232.0'
ARGEVT Romero engage Joe Rogan
ARGEVT Romero grab weapon_lightning
ARGLOG Joe Rogan t   6.7 pos ' 23.3 -240.8 -296.0' spd 329.4 yaw  99.6 mode 2 st 0 gl 0 hp 100 frg 0
ARGLOG Romero t   6.7 pos '469.7 -369.9 -104.0' spd 320.1 yaw 165.0 mode 2 st 0 gl 0 hp 100 frg 0
ARGLOG Carmack t   6.7 pos '-29.4  38.0 -296.0' spd 344.0 yaw 259 mode 2 st 0 gl 0 hp 147 frg 0
ARGEVT Carmack goal weapon_grenadelauncher
ARGEVT Carmack route 8 start '-47.0 -23.0 -296.0' goal '145.0 -407.0 -104.0'
ARGEVT Romero weapon ssg
ARGEVT Joe Rogan pursue
ARGLOG Joe Rogan t   7.2 pos ' 44.0 -267.8 -296.0' spd 320.4 yaw 166.6 mode 2 st 0 gl 0 hp 100 frg 0
ARGEVT Joe Rogan hazard
ARGLOG Romero t   7.2 pos '473.3 -418.3 -104.0' spd 320.4 yaw 166.0 mode 2 st 0 gl 0 hp 100 frg 0
ARGEVT Carmack weapon sg
ARGLOG Carmack t   7.2 pos '-59.2 -104.1 -296.0' spd 213.8 yaw 300.5 mode 2 st 0 gl 0 hp 147 frg 0
ARGEVT Romero hazard
ARGLOG Joe Rogan t   7.7 pos '-91.6 -269.8 -296.0' spd  11.5 yaw  67.6 mode 0 st 0 gl 0 hp 72 frg 0
ARGLOG Romero t   7.7 pos '445.3 -373.6 -104.0' spd 334.0 yaw 299.1 mode 2 st 0 gl 0 hp 100 frg 0
ARGLOG Carmack t   7.7 pos '-34.8 -143.6 -296.0' spd 320.0 yaw 239.4 mode 2 st 0 gl 0 hp 123 frg 0
ARGEVT Romero pursue
ARGEVT Joe Rogan route 16 start '-79.0 -247.0 -296.0' goal '753.0 -887.0 -232.0'
ARGUS routecache adopt
ARGEVT Joe Rogan route 16 start '-79.0 -247.0 -296.0' goal '753.0 -887.0 -232.0'
ARGLOG Joe Rogan t   8.3 pos '-57.3 -260.9 -296.0' spd 321.8 yaw  86.3 mode 0 st 0 gl 0 hp 48 frg 0
ARGLOG Romero t   8.3 pos '348.9 -503.3 -104.0' spd 348.8 yaw 162.3 mode 2 st 0 gl 0 hp 100 frg 0
ARGLOG Carmack t   8.3 pos '-49.6 -85.5 -296.0' spd  55.6 yaw 282.1 mode 2 st 0 gl 0 hp 98 frg 0
ARGUS routecache adopt
ARGEVT Joe Rogan route 15 start ' 17.0 -247.0 -296.0' goal '753.0 -887.0 -232.0'
ARGUS Romero hunch item_artifact_super_damage
ARGEVT Carmack weapon rl
ARGEVT Joe Rogan hazard
ARGEVT Romero goal item_armorInv
ARGEVT Romero hazard
ARGLOG Joe Rogan t   8.8 pos ' 79.7 -229.5 -296.0' spd  16.8 yaw 126.7 mode 2 st 0 gl 0 hp 48 frg 0
ARGEVT Romero pursue
ARGLOG Romero t   8.8 pos '273.1 -515.0 -104.0' spd 345.6 yaw 343.7 mode 0 st 0 gl 0 hp 100 frg 0
ARGLOG Carmack t   8.8 pos '-53.8 -71.1 -296.0' spd 325.4 yaw 291.3 mode 2 st 0 gl 0 hp 74 frg 0
ARGEVT Romero route 6 start '273.0 -503.0 -104.0' goal '817.0 -855.0 -232.0'
ARGEVT Carmack pursue
ARGEVT Carmack hazard
ARGEVT Joe Rogan death Carmack pos ' 22.5 -255.5 -296.0'
ARGUS Carmack watch spawn
ARGEVT Romero weapon lg
ARGEVT Carmack goal backpack
ARGLOG Romero t   9.3 pos '413.9 -446.9 -104.0' spd 392.4 yaw 134.2 mode 2 st 0 gl 0 hp 100 frg 0
ARGLOG Carmack t   9.3 pos '-16.0 -178.9 -296.0' spd 318.6 yaw 290 mode 1 st 0 gl 0 hp 74 frg 1
ARGEVT Romero engage Carmack
ARGEVT Romero weapon ssg
ARGEVT Romero grab item_cells
ARGEVT Carmack engage Romero
ARGEVT Carmack grab 
ARGEVT Carmack jump
ARGEVT Romero weapon lg
ARGEVT Carmack goal weapon_grenadelauncher
ARGEVT Carmack route 10 start ' 17.0 -247.0 -296.0' goal '145.0 -407.0 -104.0'
ARGLOG Romero t   9.8 pos '352.0 -512.0 -104.0' spd 323.0 yaw 142.6 mode 2 st 0 gl 0 hp 100 frg 0
ARGLOG Carmack t   9.8 pos ' 31.2 -272.0 -266.8' spd 171.0 yaw 306.5 mode 2 st 0 gl 1 hp 74 frg 1
ARGEVT Romero pursue
ARGEVT Carmack hazard
ARGEVT Carmack pursue
ARGEVT Romero hazard
ARGEVT Romero pursue
ARGLOG Romero t  10.3 pos '246.2 -470.9 -104.0' spd 345.9 yaw 128.2 mode 0 st 0 gl 0 hp 100 frg 0
ARGLOG Carmack t  10.3 pos '159.8 -242.5 -296.0' spd 367.4 yaw 322 mode 2 st 0 gl 1 hp 74 frg 1
ARGEVT Romero route 6 start '273.0 -503.0 -104.0' goal '817.0 -855.0 -232.0'
ARGEVT Joe Rogan respawn
ARGEVT Romero grab weapon_grenadelauncher
ARGEVT Joe Rogan goal weapon_rocketlauncher
ARGLOG Joe Rogan t  10.5 pos '112.0 -1136.0 -104.0' spd 0 yaw  22.3 mode 0 st 0 gl 0 hp 100 frg 0
ARGEVT Joe Rogan route 10 start '113.0 -1079.0 -104.0' goal '753.0 -887.0 -232.0'
ARGEVT Carmack goal item_health
ARGEVT Carmack route 9 start '145.0 -247.0 -296.0' goal '369.0 -983.0 -104.0'
ARGLOG Romero t  10.9 pos '113.7 -417.1 -104.0' spd 199.4 yaw  59.0 mode 2 st 0 gl 0 hp 100 frg 0
ARGLOG Carmack t  10.9 pos '222.8 -217.9 -296.0' spd 143.3 yaw 263.3 mode 2 st 0 gl 1 hp 74 frg 1
ARGLOG Joe Rogan t  11.1 pos '218.4 -1000.2 -104.0' spd 332.3 yaw 99 mode 2 st 0 gl 0 hp 100 frg 0
ARGEVT Carmack hazard
ARGLOG Romero t  11.4 pos '289.2 -424.7 -104.0' spd 324.8 yaw 101.8 mode 2 st 0 gl 0 hp 100 frg 0
ARGLOG Carmack t  11.4 pos '242.7 -226.6 -296.0' spd 186.3 yaw 316.0 mode 2 st 0 gl 1 hp 74 frg 1
ARGEVT Romero grab item_cells
ARGLOG Joe Rogan t  11.6 pos '202.8 -817.5 -104.0' spd 320.2 yaw 102 mode 2 st 0 gl 0 hp 100 frg 0
ARGEVT Joe Rogan hazard
ARGLOG Romero t  11.9 pos '370.1 -519.7 -104.0' spd 335.7 yaw 115.4 mode 2 st 0 gl 0 hp 100 frg 0
ARGLOG Carmack t  11.9 pos '215.5 -202.1 -296.0' spd  37.6 yaw 285.0 mode 2 st 0 gl 1 hp 74 frg 1
ARGEVT Romero pursue
ARGEVT Carmack pursue
ARGLOG Joe Rogan t  12.2 pos '201.7 -752.0 -104.0' spd 326.0 yaw 53 mode 2 st 0 gl 0 hp 100 frg 0
ARGUS Carmack hunch item_artifact_super_damage
ARGEVT Carmack goal item_armorInv
ARGLOG Romero t  12.4 pos '297.6 -492.5 -104.0' spd 323.4 yaw 110 mode 0 st 0 gl 0 hp 100 frg 0
ARGEVT Carmack pursue
ARGLOG Carmack t  12.4 pos '164.5 -235.5 -296.0' spd 331.5 yaw  45.8 mode 0 st 0 gl 1 hp 74 frg 1
ARGEVT Romero route 6 start '273.0 -503.0 -104.0' goal '817.0 -855.0 -232.0'
ARGEVT Joe Rogan engage Romero
ARGEVT Carmack hazard
ARGEVT Carmack route 15 start '145.0 -247.0 -296.0' goal '817.0 -855.0 -232.0'
ARGLOG Joe Rogan t  12.8 pos '339.6 -742.7 -104.0' spd   8.3 yaw 128.5 mode 2 st 0 gl 0 hp 100 frg 0
ARGLOG Romero t  13.0 pos '295.4 -492.4 -104.0' spd 320.0 yaw 110.5 mode 2 st 0 gl 0 hp 100 frg 0
ARGLOG Carmack t  13.0 pos '205.0 -246.2 -296.0' spd 322.4 yaw 290.8 mode 2 st 0 gl 1 hp 74 frg 1
ARGEVT Romero pursue
ARGLOG Joe Rogan t  13.3 pos '338.2 -771.9 -104.0' spd 321.5 yaw  77.4 mode 2 st 0 gl 0 hp 100 frg 0
ARGLOG Romero t  13.5 pos '332.4 -456.6 -104.0' spd 327.4 yaw 116 mode 2 st 0 gl 0 hp 100 frg 0
ARGLOG Carmack t  13.5 pos '181.5 -271.3 -296.0' spd 320.7 yaw 352.9 mode 2 st 0 gl 1 hp 74 frg 1
ARGEVT Carmack hazard
ARGEVT Joe Rogan hazard
ARGEVT Romero hazard
ARGLOG Joe Rogan t  13.9 pos '413.5 -765.1 -104.0' spd 320 yaw 173.3 mode 2 st 0 gl 0 hp 100 frg 0
ARGEVT Joe Rogan pursue
ARGLOG Romero t  14.0 pos '183.4 -410.8 -104.0' spd 354.2 yaw  71.7 mode 2 st 0 gl 0 hp 100 frg 0
ARGLOG Carmack t  14.0 pos '238.7 -207.9 -296.0' spd 142.1 yaw 224.2 mode 2 st 0 gl 1 hp 44 frg 1
ARGEVT Romero weapon gl
ARGLOG Joe Rogan t  14.5 pos '306.4 -646.7 -104.0' spd 321.0 yaw 82 mode 2 st 0 gl 0 hp 100 frg 0
ARGLOG Romero t  14.6 pos '170.0 -420.3 -104.0' spd  79.7 yaw  17.3 mode 2 st 0 gl 0 hp 100 frg 0
ARGLOG Carmack t  14.6 pos '374.0 -214.2 -296.0' spd 376.5 yaw 199.9 mode 2 st 0 gl 1 hp 44 frg 1
ARGEVT Carmack grab weapon_nailgun
ARGUS Joe Rogan hunch item_artifact_super_damage
ARGEVT Joe Rogan goal weapon_rocketlauncher
ARGLOG Joe Rogan t  15.0 pos '327.2 -486.0 -104.0' spd  76.2 yaw 169.1 mode 0 st 0 gl 0 hp 100 frg 0
ARGEVT Joe Rogan route 6 start '369.0 -471.0 -104.0' goal '753.0 -887.0 -232.0'
ARGLOG Romero t  15.2 pos '190.5 -432.0 -104.0' spd 291.3 yaw  78.3 mode 2 st 0 gl 0 hp 100 frg 0
ARGLOG Carmack t  15.2 pos '334.5 -57.6 -296.0' spd 333.9 yaw 270.9 mode 2 st 0 gl 1 hp 44 frg 1
ARGLOG Joe Rogan t  15.5 pos '348.9 -564.9 -104.0' spd 181.9 yaw  88.1 mode 2 st 0 gl 0 hp 100 frg 0
ARGLOG Romero t  15.7 pos '373.7 -433.1 -104.0' spd 322.5 yaw  94.2 mode 2 st 0 gl 0 hp 100 frg 0
ARGLOG Carmack t  15.7 pos '346.3   0.2 -296.0' spd  40.8 yaw 295.8 mode 2 st 0 gl 1 hp 44 frg 1
ARGLOG Joe Rogan t  16.1 pos '349.8 -606.4 -104.0' spd 324.7 yaw 109.0 mode 2 st 0 gl 0 hp 100 frg 0
ARGEVT Carmack hazard
ARGLOG Romero t  16.3 pos '269.8 -397.0 -104.0' spd 321.6 yaw  49.1 mode 0 st 0 gl 0 hp 100 frg 0
ARGEVT Romero hazard
ARGLOG Carmack t  16.3 pos '383.9 -25.2 -296.0' spd 321.4 yaw 255.2 mode 2 st 0 gl 1 hp 44 frg 1
ARGEVT Romero route 6 start '273.0 -407.0 -104.0' goal '817.0 -855.0 -232.0'
ARGLOG Joe Rogan t  16.7 pos '353.2 -573.1 -104.0' spd 264.2 yaw 121.0 mode 2 st 0 gl 0 hp 100 frg 0
ARGLOG Romero t  16.8 pos '398.9 -401.7 -104.0' spd 322.0 yaw  62.9 mode 2 st 0 gl 0 hp 100 frg 0
ARGLOG Carmack t  16.8 pos '382.0  99.9 -288.0' spd 326.1 yaw 295.1 mode 0 st 0 gl 1 hp 44 frg 1
ARGEVT Carmack route 15 start '369.0  73.0 -288.0' goal '817.0 -855.0 -232.0'
ARGEVT Carmack retreat
ARGLOG Joe Rogan t  17.2 pos '249.5 -471.1 -104.0' spd 334.9 yaw   2.7 mode 2 st 0 gl 0 hp 100 frg 0
ARGLOG Romero t  17.4 pos '574.4 -351.8 -104.0' spd 321.5 yaw 142.2 mode 2 st 0 gl 0 hp 100 frg 0
ARGEVT Carmack pursue
ARGLOG Carmack t  17.4 pos '360.9  92.5 -288.0' spd 227.2 yaw 306.1 mode 2 st 0 gl 1 hp 9 frg 1
ARGEVT Romero pursue
ARGLOG Joe Rogan t  17.7 pos '305.1 -517.1 -104.0' spd 324.6 yaw  13.5 mode 2 st 0 gl 0 hp 100 frg 0
ARGLOG Romero t  17.9 pos '565.1 -206.1 -104.0' spd 324.0 yaw 126 mode 0 st 0 gl 0 hp 100 frg 0
ARGLOG Carmack t  17.9 pos '389.9 -62.3 -296.0' spd 320.0 yaw 284 mode 2 st 0 gl 1 hp 9 frg 1
ARGEVT Joe Rogan hazard
ARGEVT Romero route 6 start '561.0 -183.0 -104.0' goal '817.0 -855.0 -232.0'
ARGEVT Carmack pursue
ARGEVT Carmack hazard
ARGLOG Joe Rogan t  18.3 pos '288.0 -515.0 -104.0' spd 320.0 yaw  38.0 mode 2 st 0 gl 0 hp 100 frg 0
ARGUS Carmack hunch item_artifact_super_damage
ARGUS Romero hunch item_artifact_super_damage
ARGLOG Romero t  18.5 pos '462.8 -54.4 -104.0' spd 320.1 yaw 331.5 mode 2 st 0 gl 0 hp 100 frg 0
ARGEVT Carmack pursue
ARGLOG Carmack t  18.5 pos '432.0 -208.2 -296.0' spd  12.9 yaw  72.4 mode 2 st 0 gl 1 hp 9 frg 1
ARGEVT Romero goal item_armorInv
ARGEVT Carmack goal item_health
ARGEVT Romero pursue
ARGEVT Romero route 6 start '529.0 -55.0 -104.0' goal '817.0 -855.0 -232.0'
ARGLOG Joe Rogan t  18.8 pos '337.8 -499.9 -104.0' spd 320.4 yaw  90.4 mode 2 st 0 gl 0 hp 100 frg 0
ARGEVT Carmack route 2 start '593.0 -215.0 -296.0' goal '529.0  73.0 -296.0'
ARGLOG Romero t  19.0 pos '545.3 -157.2 -104.0' spd 372.2 yaw 222.8 mode 2 st 0 gl 0 hp 100 frg 0
ARGLOG Carmack t  19.0 pos '581.5 -226.0 -296.0' spd 326.2 yaw 327.2 mode 2 st 0 gl 1 hp 9 frg 1
ARGEVT Carmack hazard
ARGLOG Joe Rogan t  19.4 pos '337.8 -461.2 -104.0' spd 320.2 yaw  88.9 mode 2 st 0 gl 0 hp 100 frg 0
ARGEVT Romero pursue
ARGLOG Romero t  19.5 pos '344.6 -220.8 -128.4' spd 382.7 yaw  74.3 mode 2 st 0 gl 0 hp 100 frg 0
ARGLOG Carmack t  19.5 pos '648.5 -253.3 -296.0' spd 324.2 yaw  36.5 mode 2 st 0 gl 1 hp 9 frg 1
ARGEVT Romero route 6 start '465.0 -151.0 -104.0' goal '817.0 -855.0 -232.0'
ARGEVT Joe Rogan hazard
ARGLOG Joe Rogan t  20.0 pos '223.9 -397.4 -104.0' spd 184.1 yaw 104.4 mode 2 st 0 gl 0 hp 100 frg 0
ARGLOG Romero t  20.0 pos '222.3 -209.9 -296.0' spd 223.2 yaw 355.2 mode 2 st 0 gl 0 hp 100 frg 0
ARGLOG Carmack t  20.0 pos '628.1 -262.6 -296.0' spd  60.9 yaw 192.8 mode 2 st 0 gl 1 hp 9 frg 1
ARGEVT Carmack retreat
ARGLOG Joe Rogan t  20.5 pos '136.9 -385.4 -104.0' spd 330.8 yaw  27.8 mode 2 st 0 gl 0 hp 100 frg 0
ARGLOG Romero t  20.5 pos '259.6 -244.5 -296.0' spd 292.6 yaw  19.9 mode 2 st 0 gl 0 hp 63 frg 0
ARGLOG Carmack t  20.5 pos '594.6 -136.9 -296.0' spd  36.6 yaw 166.9 mode 2 st 0 gl 1 hp 9 frg 1
ARGEVT Romero pursue
ARGEVT Carmack pursue
ARGEVT Joe Rogan hazard
ARGEVT Carmack hazard
ARGLOG Joe Rogan t  21.0 pos '185.8 -432.0 -104.0' spd  11.2 yaw  69.6 mode 2 st 0 gl 0 hp 100 frg 0
ARGLOG Romero t  21.0 pos '401.2 -206.6 -296.0' spd 320.5 yaw 1 mode 2 st 0 gl 0 hp 63 frg 0
ARGLOG Carmack t  21.0 pos '647.4  -6.6 -296.0' spd 320.2 yaw 115.7 mode 1 st 0 gl 1 hp 9 frg 1
ARGEVT Romero jump
ARGLOG Joe Rogan t  21.5 pos '334.0 -464.5 -104.0' spd 320.4 yaw  44.4 mode 2 st 0 gl 0 hp 100 frg 0
ARGLOG Romero t  21.5 pos '432.0 -197.7 -266.2' spd  18.0 yaw 359 mode 2 st 0 gl 0 hp 63 frg 0
ARGLOG Carmack t  21.5 pos '529.1 100.8 -296.0' spd 365.9 yaw 220.9 mode 1 st 0 gl 1 hp 34 frg 1
ARGEVT Romero jump
ARGLOG Joe Rogan t  22.0 pos '307.4 -425.8 -104.0' spd 320.0 yaw  38.5 mode 2 st 0 gl 0 hp 100 frg 0
ARGLOG Romero t  22.1 pos '432.0 -196.1 -269.7' spd   4.5 yaw 359 mode 2 st 0 gl 0 hp 63 frg 0
ARGEVT Carmack pursue
ARGLOG Carmack t  22.1 pos '622.1  18.1 -296.0' spd 330.9 yaw   5.7 mode 1 st 0 gl 1 hp 34 frg 1
ARGEVT Carmack hazard
ARGLOG Joe Rogan t  22.6 pos '379.9 -446.5 -104.0' spd 320.1 yaw  56.4 mode 2 st 0 gl 0 hp 100 frg 0
ARGLOG Romero t  22.7 pos '432.0 -199.4 -296.0' spd 0 yaw 360 mode 2 st 0 gl 0 hp 63 frg 0
ARGLOG Carmack t  22.7 pos '732.9  60.9 -296.0' spd 138.0 yaw 246.2 mode 1 st 0 gl 1 hp 34 frg 1
ARGEVT Romero jump
ARGEVT Joe Rogan hazard
ARGLOG Joe Rogan t  23.2 pos '355.3 -431.8 -104.0' spd 321.2 yaw  49.9 mode 2 st 0 gl 0 hp 100 frg 0
ARGLOG Romero t  23.2 pos '432.0 -187.6 -266.0' spd  38.4 yaw 47 mode 2 st 0 gl 0 hp 63 frg 0
ARGLOG Carmack t  23.2 pos '576.1  63.1 -296.0' spd 379.7 yaw  71.0 mode 1 st 0 gl 1 hp 34 frg 1
ARGEVT Romero hazard
ARGEVT Carmack hazard
ARGEVT Joe Rogan pursue
ARGEVT Romero jump
ARGLOG Joe Rogan t  23.7 pos '433.4 -413.4 -104.0' spd 283.5 yaw 119.3 mode 2 st 0 gl 0 hp 100 frg 0
ARGEVT Romero engage Joe Rogan
ARGLOG Romero t  23.8 pos '380.0 -138.2 -269.7' spd 164.2 yaw 325.5 mode 2 st 0 gl 0 hp 63 frg 0
ARGLOG Carmack t  23.8 pos '544.0 122.5 -296.0' spd  37.2 yaw 1 mode 1 st 0 gl 1 hp 34 frg 1
ARGEVT Joe Rogan hazard
ARGLOG Joe Rogan t  24.2 pos '447.8 -356.2 -104.0' spd 291.5 yaw  72.8 mode 2 st 0 gl 0 hp 100 frg 0
ARGLOG Romero t  24.3 pos '368.4 -78.4 -296.0' spd 128.5 yaw 328.7 mode 2 st 0 gl 0 hp 63 frg 0
ARGLOG Carmack t  24.3 pos '587.8  69.5 -296.0' spd 344.4 yaw 258.5 mode 1 st 0 gl 1 hp 34 frg 1
ARGEVT Romero hazard
ARGEVT Carmack hazard
ARGEVT Romero pursue
ARGEVT Joe Rogan pursue
ARGLOG Joe Rogan t  24.7 pos '582.9 -266.9 -104.0' spd 333.2 yaw 116.7 mode 2 st 0 gl 0 hp 100 frg 0
ARGLOG Romero t  24.8 pos '381.4 -35.1 -296.0' spd 263.9 yaw 296.8 mode 2 st 0 gl 0 hp 63 frg 0
ARGLOG Carmack t  24.8 pos '608.4 -44.4 -296.0' spd 192.7 yaw 143.6 mode 1 st 0 gl 1 hp 34 frg 1
ARGEVT Romero jump
ARGUS Joe Rogan hunch item_artifact_super_damage
ARGLOG Joe Rogan t  25.3 pos '481.3 -108.1 -104.0' spd 327.0 yaw 315.2 mode 2 st 0 gl 0 hp 100 frg 0
ARGUS Romero hunch item_artifact_super_damage
ARGLOG Romero t  25.4 pos '397.5 -218.6 -262.6' spd 330.8 yaw  87.3 mode 2 st 0 gl 0 hp 63 frg 0
ARGLOG Carmack t  25.4 pos '503.5  72.6 -296.0' spd  20.3 yaw 235.4 mode 1 st 0 gl 1 hp 34 frg 1
ARGEVT Romero goal item_armorInv
ARGEVT Joe Rogan goal weapon_rocketlauncher
ARGEVT Joe Rogan pursue
ARGEVT Romero route 13 start '369.0 -215.0 -296.0' goal '817.0 -855.0 -232.0'
ARGEVT Romero pursue
ARGEVT Joe Rogan route 6 start '561.0 -183.0 -104.0' goal '753.0 -887.0 -232.0'
ARGLOG Joe Rogan t  25.9 pos '516.6 -258.7 -104.0' spd 385.0 yaw 187.4 mode 2 st 0 gl 0 hp 100 frg 0
ARGEVT Romero pursue
ARGEVT Carmack hazard
ARGLOG Romero t  26.0 pos '362.0 -234.7 -296.0' spd 326.7 yaw 255.8 mode 2 st 0 gl 0 hp 63 frg 0
ARGLOG Carmack t  26.0 pos '656.0   3.5 -296.0' spd  17.7 yaw 280.9 mode 1 st 0 gl 1 hp 34 frg 1
ARGEVT Joe Rogan hazard
ARGLOG Joe Rogan t  26.5 pos '514.4 -188.0 -104.0' spd 366.0 yaw 167.5 mode 2 st 0 gl 0 hp 100 frg 0
ARGLOG Romero t  26.5 pos '237.6 -249.3 -296.0' spd 101.4 yaw  49.9 mode 2 st 0 gl 0 hp 63 frg 0
ARGLOG Carmack t  26.5 pos '595.4 -164.3 -296.0' spd 314.8 yaw 139.8 mode 1 st 0 gl 1 hp 34 frg 1
ARGEVT Romero weapon ssg
ARGEVT Carmack engage Romero
ARGEVT Romero hazard
ARGLOG Joe Rogan t  27.0 pos '481.0 -47.6 -104.0' spd  25.3 yaw 255.3 mode 0 st 0 gl 0 hp 100 frg 0
ARGLOG Romero t  27.0 pos '294.7 -250.7 -296.0' spd 202.8 yaw  37.6 mode 2 st 0 gl 0 hp 63 frg 0
ARGLOG Carmack t  27.0 pos '585.6 -242.9 -296.0' spd 230.1 yaw 164.4 mode 1 st 0 gl 1 hp 34 frg 1
ARGEVT Joe Rogan route 6 start '529.0 -55.0 -104.0' goal '753.0 -887.0 -232.0'
ARGEVT Romero pursue
ARGEVT Joe Rogan pursue
ARGLOG Joe Rogan t  27.5 pos '542.5 -184.9 -104.0' spd 329.0 yaw 191 mode 2 st 0 gl 0 hp 100 frg 0
ARGEVT Romero pursue
ARGEVT Romero death Carmack pos '328.4 -236.2 -296.0'
ARGUS Carmack watch spawn
ARGLOG Carmack t  27.6 pos '544.8 -223.4 -296.0' spd  82.4 yaw 242.3 mode 1 st 0 gl 1 hp 34 frg 2
ARGEVT Carmack goal item_health
ARGEVT Carmack jump
ARGEVT Carmack route 10 start '465.0 -247.0 -296.0' goal '977.0 -471.0 -104.0'
ARGLOG Joe Rogan t  28.0 pos '500.9 -244.7 -104.0' spd 324.2 yaw 315 mode 2 st 0 gl 0 hp 100 frg 0
ARGLOG Carmack t  28.1 pos '410.0 -268.2 -262.6' spd 323.9 yaw 165 mode 2 st 0 gl 1 hp 34 frg 2
ARGLOG Joe Rogan t  28.6 pos '627.1 -377.9 -104.0' spd 369.1 yaw 222.8 mode 2 st 0 gl 0 hp 100 frg 0
ARGEVT Joe Rogan jump
ARGLOG Carmack t  28.7 pos '216.0 -209.6 -296.0' spd 441.8 yaw  41.4 mode 0 st 0 gl 1 hp 4 frg 2
ARGEVT Carmack hazard
ARGEVT Carmack route 13 start '145.0 -247.0 -296.0' goal '977.0 -471.0 -104.0'
ARGEVT Romero respawn
ARGEVT Carmack death Romero pos '279.1 -199.3 -296.0'
ARGUS Romero watch spawn
ARGLOG Joe Rogan t  29.1 pos '592.0 -459.7 -83.4' spd  30.2 yaw 97 mode 2 st 0 gl 0 hp 100 frg 0
ARGEVT Romero goal item_armorInv
ARGLOG Romero t  29.1 pos '112.0 -1136.0 -104.0' spd 0 yaw  22.3 mode 0 st 0 gl 0 hp 100 frg 1
ARGEVT Romero goal item_armorInv
ARGEVT Romero route 10 start '177.0 -1111.0 -104.0' goal '817.0 -855.0 -232.0'
ARGLOG Joe Rogan t  29.7 pos '592.4 -448.0 -136.0' spd   3.5 yaw 98 mode 2 st 0 gl 0 hp 100 frg 0
ARGLOG Romero t  29.7 pos '265.2 -1044.5 -104.0' spd 350.5 yaw 69 mode 2 st 0 gl 0 hp 100 frg 1
ARGLOG Joe Rogan t  30.2 pos '592.0 -448.0 -136.0' spd 0 yaw 97 mode 2 st 0 gl 0 hp 100 frg 0
ARGLOG Romero t  30.2 pos '337.2 -899.8 -104.0' spd 320.2 yaw 70 mode 2 st 0 gl 0 hp 100 frg 1
ARGEVT Joe Rogan stall
ARGEVT Joe Rogan stallnode '753.0 -503.0 -104.0'
ARGEVT Joe Rogan jump
ARGEVT Joe Rogan route 5 start '625.0 -471.0 -136.0' goal '753.0 -887.0 -232.0'
ARGEVT Carmack respawn
ARGEVT Carmack goal weapon_lightning
ARGLOG Carmack t  30.7 pos '-64.0 512.0 -296.0' spd 0 yaw 292.7 mode 0 st 0 gl 1 hp 100 frg 2
ARGLOG Joe Rogan t  30.7 pos '602.4 -445.4 -105.9' spd  35.3 yaw 340 mode 2 st 1 gl 0 hp 100 frg 0
ARGLOG Romero t  30.7 pos '361.0 -718.6 -104.0' spd 320.6 yaw 78 mode 2 st 0 gl 0 hp 100 frg 1
ARGEVT Carmack route 16 start '-79.0 553.0 -296.0' goal '529.0 -311.0 -104.0'
ARGEVT Carmack hazard
ARGEVT Joe Rogan hazard
ARGLOG Carmack t  31.2 pos ' 54.0 396.4 -296.0' spd 262.0 yaw 253 mode 2 st 0 gl 1 hp 100 frg 2
ARGLOG Joe Rogan t  31.3 pos '674.0 -321.7 -104.0' spd 382.3 yaw 295 mode 2 st 1 gl 0 hp 100 frg 0
ARGLOG Romero t  31.3 pos '361.5 -535.4 -104.0' spd 324.8 yaw 31 mode 2 st 0 gl 0 hp 100 frg 1
ARGEVT Joe Rogan engage Romero
ARGEVT Romero engage Joe Rogan
ARGLOG Carmack t  31.7 pos '-40.1 407.5 -296.0' spd 408.6 yaw 269 mode 2 st 0 gl 1 hp 100 frg 2
ARGLOG Joe Rogan t  31.8 pos '577.9 -249.4 -104.0' spd 323.2 yaw 201.7 mode 2 st 1 gl 0 hp 100 frg 0
ARGLOG Romero t  31.8 pos '406.6 -450.2 -104.0' spd 329.3 yaw  25.3 mode 2 st 0 gl 0 hp 100 frg 1
ARGEVT Joe Rogan route 6 start '465.0 -151.0 -104.0' goal '753.0 -887.0 -232.0'
ARGLOG Carmack t  32.3 pos '-112.6 234.0 -296.0' spd 331.7 yaw 280 mode 2 st 0 gl 1 hp 100 frg 2
ARGLOG Joe Rogan t  32.4 pos '510.3 -151.4 -104.0' spd 362.9 yaw 242.2 mode 2 st 1 gl 0 hp 80 frg 0
ARGLOG Romero t  32.4 pos '494.2 -432.0 -104.0' spd 320.1 yaw  51.8 mode 2 st 0 gl 0 hp 76 frg 1
ARGEVT Carmack hazard
ARGEVT Romero grab item_health
ARGLOG Carmack t  32.8 pos '-35.0  90.4 -296.0' spd 333.4 yaw 279 mode 2 st 0 gl 1 hp 100 frg 2
ARGLOG Joe Rogan t  32.9 pos '624.0 -175.2 -104.0' spd 172.7 yaw 284.9 mode 2 st 1 gl 0 hp 80 frg 0
ARGLOG Romero t  32.9 pos '567.2 -422.2 -104.0' spd 132.0 yaw 102.3 mode 2 st 0 gl 0 hp 76 frg 1
ARGEVT Joe Rogan hazard
ARGLOG Carmack t  33.4 pos '-32.0 -93.3 -296.0' spd 321.0 yaw 338 mode 2 st 0 gl 1 hp 100 frg 2
ARGLOG Joe Rogan t  33.5 pos '469.6 -190.1 -104.0' spd 325.0 yaw 313.8 mode 2 st 1 gl 0 hp 80 frg 0
ARGLOG Romero t  33.5 pos '525.4 -420.2 -104.0' spd 272.6 yaw 130.1 mode 2 st 0 gl 0 hp 76 frg 1
ARGEVT Carmack engage Romero
ARGLOG Carmack t  33.9 pos ' 18.5 -244.5 -296.0' spd 352.3 yaw  11.4 mode 2 st 0 gl 1 hp 100 frg 2
ARGLOG Joe Rogan t  34.0 pos '624.0 -155.9 -104.0' spd  78.7 yaw 211.6 mode 2 st 1 gl 0 hp 80 frg 0
ARGLOG Romero t  34.0 pos '503.3 -405.0 -104.0' spd 142.4 yaw  39.8 mode 2 st 0 gl 0 hp 76 frg 1
ARGLOG Carmack t  34.4 pos '122.4 -228.7 -296.0' spd 326.8 yaw 307.4 mode 2 st 0 gl 1 hp 100 frg 2
ARGLOG Joe Rogan t  34.5 pos '539.2 -205.8 -104.0' spd 325.4 yaw 257.9 mode 2 st 1 gl 0 hp 80 frg 0
ARGLOG Romero t  34.5 pos '443.5 -399.8 -104.0' spd 230.3 yaw  83.6 mode 2 st 0 gl 0 hp 76 frg 1
ARGEVT Carmack grab 
ARGEVT Carmack pursue
ARGLOG Carmack t  35.0 pos '247.0 -207.6 -296.0' spd 377.5 yaw 318 mode 2 st 0 gl 1 hp 100 frg 2
ARGLOG Joe Rogan t  35.0 pos '556.2 -180.2 -104.0' spd 320.5 yaw 281.4 mode 2 st 1 gl 0 hp 80 frg 0
ARGLOG Romero t  35.0 pos '570.4 -419.0 -104.0' spd 230.4 yaw 102.0 mode 2 st 0 gl 0 hp 56 frg 1
ARGUS Carmack hunch item_artifact_super_damage
ARGEVT Carmack hazard
ARGEVT Carmack pursue
ARGEVT Carmack goal weapon_lightning
ARGEVT Carmack route 2 start '337.0 -247.0 -296.0' goal '529.0 -311.0 -104.0'
ARGEVT Carmack rjump
ARGEVT Carmack weapon sg
ARGLOG Carmack t  35.5 pos '344.3 -299.9 -222.6' spd 174.2 yaw 349.0 mode 2 st 0 gl 1 hp 48 frg 2
ARGLOG Joe Rogan t  35.5 pos '624.0 -266.5 -104.0' spd 332.0 yaw 188.1 mode 2 st 1 gl 0 hp 80 frg 0
ARGLOG Romero t  35.5 pos '440.6 -366.7 -104.0' spd  31.0 yaw   1.6 mode 2 st 0 gl 0 hp 56 frg 1
ARGEVT Carmack weapon rl
ARGLOG Carmack t  36.0 pos '341.6 -295.6 -96.5' spd  33.1 yaw 318.8 mode 2 st 0 gl 1 hp 48 frg 2
ARGLOG Joe Rogan t  36.0 pos '512.0 -236.0 -104.0' spd 380.4 yaw 272.0 mode 2 st 1 gl 0 hp 56 frg 0
ARGLOG Romero t  36.0 pos '564.1 -429.5 -104.0' spd 326.9 yaw 134.5 mode 2 st 0 gl 0 hp 56 frg 1
ARGEVT Joe Rogan hazard
ARGLOG Carmack t  36.5 pos '349.7 -278.5 -198.1' spd  33.1 yaw 326.9 mode 2 st 0 gl 1 hp 48 frg 2
ARGLOG Joe Rogan t  36.6 pos '527.9 -109.6 -104.0' spd 330.5 yaw 280.8 mode 2 st 1 gl 0 hp 56 frg 0
ARGLOG Romero t  36.6 pos '666.5 -361.2 -104.0' spd 235.2 yaw 131.5 mode 2 st 0 gl 0 hp 56 frg 1
ARGEVT Carmack retreat
ARGEVT Carmack pursue
ARGEVT Carmack hazard
ARGEVT Joe Rogan grab weapon_lightning
ARGLOG Joe Rogan t  37.1 pos '530.5 -81.7 -104.0' spd 320 yaw 287.5 mode 2 st 1 gl 0 hp 56 frg 0
ARGEVT Romero grab weapon_lightning
ARGLOG Romero t  37.1 pos '506.3 -370.3 -104.0' spd 321.1 yaw  67.7 mode 2 st 0 gl 0 hp 56 frg 1
ARGEVT Carmack pursue
ARGLOG Carmack t  37.1 pos '421.0 -222.7 -296.0' spd 322.2 yaw 333 mode 2 st 0 gl 1 hp 18 frg 2
ARGEVT Carmack goal item_health
ARGEVT Carmack route 7 start '465.0 -247.0 -296.0' goal '465.0 -471.0  24.0'
ARGEVT Romero route 5 start '465.0 -279.0 -104.0' goal '817.0 -855.0 -232.0'
ARGLOG Joe Rogan t  37.7 pos '565.8 -167.7 -104.0' spd 327.1 yaw 290.3 mode 2 st 1 gl 0 hp 56 frg 0
ARGLOG Romero t  37.7 pos '551.6 -303.5 -104.0' spd 320.2 yaw  46.9 mode 2 st 0 gl 0 hp 56 frg 1
ARGLOG Carmack t  37.7 pos '601.3 -272.0 -296.0' spd 290.7 yaw   6.8 mode 2 st 0 gl 1 hp 18 frg 2
ARGEVT Carmack pursue
ARGEVT Joe Rogan grab item_armor1
ARGLOG Joe Rogan t  38.2 pos '623.9 -162.7 -104.0' spd   4.0 yaw 238.1 mode 2 st 1 gl 0 hp 56 frg 0
ARGLOG Romero t  38.2 pos '580.3 -335.0 -104.0' spd 344.0 yaw 111.5 mode 2 st 0 gl 0 hp 56 frg 1
ARGLOG Carmack t  38.2 pos '627.0 -198.6 -296.0' spd 291.2 yaw 349.8 mode 2 st 0 gl 1 hp 18 frg 2
ARGEVT Carmack hazard
ARGEVT Carmack route 7 start '593.0 -215.0 -296.0' goal '465.0 -471.0  24.0'
ARGLOG Joe Rogan t  38.8 pos '607.2 -144.8 -104.0' spd 320 yaw 228.0 mode 2 st 1 gl 0 hp 56 frg 0
ARGEVT Romero grab item_cells
ARGLOG Romero t  38.8 pos '548.5 -331.5 -104.0' spd 320.1 yaw  93.3 mode 2 st 0 gl 0 hp 56 frg 1
ARGLOG Carmack t  38.8 pos '546.7 -272.0 -296.0' spd 324.3 yaw 170.2 mode 2 st 0 gl 1 hp 18 frg 2
ARGLOG Joe Rogan t  39.3 pos '633.5 -311.1 -104.0' spd 325.4 yaw 182.7 mode 2 st 1 gl 0 hp 56 frg 0
ARGEVT Romero grab item_cells
ARGLOG Romero t  39.3 pos '412.4 -421.2 -104.0' spd 325.6 yaw  31.6 mode 0 st 0 gl 0 hp 44 frg 1
ARGLOG Carmack t  39.3 pos '453.4 -211.5 -296.0' spd 343.8 yaw 28 mode 2 st 0 gl 1 hp 18 frg 2
ARGEVT Joe Rogan jump
ARGEVT Romero route 6 start '369.0 -471.0 -104.0' goal '817.0 -855.0 -232.0'
ARGEVT Carmack hazard
ARGEVT Joe Rogan grab item_health
ARGLOG Joe Rogan t  39.8 pos '663.1 -452.8 -68.8' spd 113.8 yaw 230.4 mode 2 st 1 gl 0 hp 56 frg 0
ARGLOG Romero t  39.8 pos '332.2 -565.4 -104.0' spd 326.7 yaw 350.7 mode 2 st 0 gl 0 hp 44 frg 1
ARGLOG Carmack t  39.8 pos '613.4 -256.9 -296.0' spd 390.8 yaw 227.7 mode 2 st 0 gl 1 hp 18 frg 2
ARGEVT Joe Rogan pursue
ARGEVT Romero pursue
ARGUS Romero hunch item_artifact_super_damage
ARGEVT Carmack engage Joe Rogan
ARGEVT Romero pursue
ARGEVT Romero hazard
ARGEVT Romero goal item_armorInv
ARGEVT Joe Rogan route 13 start '369.0 -247.0 -296.0' goal '753.0 -887.0 -232.0'
ARGLOG Joe Rogan t  40.4 pos '462.1 -240.0 -296.0' spd 300 yaw 248 mode 2 st 1 gl 0 hp 56 frg 0
ARGLOG Romero t  40.4 pos '304.0 -558.0 -104.0' spd 322.5 yaw  64.6 mode 0 st 0 gl 0 hp 44 frg 1
ARGLOG Carmack t  40.4 pos '656.0 -255.0 -296.0' spd 239.7 yaw 188.6 mode 2 st 0 gl 1 hp 18 frg 2
ARGEVT Romero route 6 start '337.0 -567.0 -104.0' goal '817.0 -855.0 -232.0'
ARGEVT Carmack weapon sg
ARGUS Joe Rogan hunch item_health
ARGEVT Joe Rogan pursue
ARGEVT Joe Rogan hazard
ARGEVT Joe Rogan goal weapon_rocketlauncher
ARGLOG Joe Rogan t  41.0 pos '488.8 -211.1 -296.0' spd 335.1 yaw 142.9 mode 0 st 1 gl 0 hp 56 frg 0
ARGLOG Romero t  41.0 pos '435.6 -430.1 -104.0' spd 323.7 yaw 13 mode 2 st 0 gl 0 hp 44 frg 1
ARGLOG Carmack t  41.0 pos '634.9 -203.4 -296.0' spd 163.7 yaw 211.5 mode 2 st 0 gl 1 hp 18 frg 2
ARGEVT Carmack weapon rl
ARGEVT Joe Rogan route 7 start '465.0 -247.0 -296.0' goal ' 81.0  73.0 -296.0'
ARGEVT Joe Rogan pursue
ARGUS routecache adopt
ARGEVT Joe Rogan route 6 start '369.0 -247.0 -296.0' goal ' 81.0  73.0 -296.0'
ARGEVT Romero jump
ARGLOG Joe Rogan t  41.5 pos '315.2 -280.1 -296.0' spd 327.6 yaw 183.2 mode 2 st 1 gl 0 hp 56 frg 0
ARGLOG Romero t  41.5 pos '614.5 -387.0 -88.7' spd 334.4 yaw 324.2 mode 2 st 0 gl 0 hp 44 frg 1
ARGLOG Carmack t  41.5 pos '598.6 -129.0 -296.0' spd 320.0 yaw 209.8 mode 2 st 0 gl 1 hp 18 frg 2
ARGEVT Joe Rogan pursue
ARGEVT Carmack pursue
ARGEVT Carmack hazard
ARGLOG Joe Rogan t  42.0 pos '156.6 -261.5 -296.0' spd 376.1 yaw 221.1 mode 2 st 1 gl 0 hp 56 frg 0
ARGLOG Romero t  42.0 pos '688.0 -386.8 -97.0' spd  33.6 yaw 300 mode 2 st 0 gl 0 hp 44 frg 1
ARGLOG Carmack t  42.0 pos '637.7 -28.7 -296.0' spd 320.0 yaw 130.1 mode 2 st 0 gl 1 hp 18 frg 2
ARGEVT Joe Rogan hazard
ARGUS Carmack hunch item_artifact_super_damage
ARGEVT Carmack goal item_health
ARGLOG Joe Rogan t  42.6 pos ' 27.3 -219.9 -296.0' spd 301.9 yaw  32.0 mode 2 st 1 gl 0 hp 56 frg 0
ARGLOG Romero t  42.6 pos '440.5 -240.0 -293.7' spd 300 yaw 154.1 mode 0 st 0 gl 0 hp 44 frg 1
ARGEVT Carmack pursue
ARGLOG Carmack t  42.6 pos '624.1  27.2 -296.0' spd 346.1 yaw   4.2 mode 1 st 0 gl 1 hp 18 frg 2
ARGEVT Romero route 12 start '465.0 -247.0 -296.0' goal '817.0 -855.0 -232.0'
ARGEVT Carmack hazard
ARGLOG Joe Rogan t  43.2 pos ' 62.9 -238.2 -296.0' spd 251.1 yaw  31.8 mode 2 st 1 gl 0 hp 56 frg 0
ARGLOG Romero t  43.2 pos '482.9 -228.5 -296.0' spd 123.1 yaw 154.5 mode 2 st 0 gl 0 hp 44 frg 1
ARGLOG Carmack t  43.2 pos '695.2  24.9 -296.0' spd 320.1 yaw 220 mode 1 st 0 gl 1 hp 18 frg 2
ARGLOG Joe Rogan t  43.8 pos ' 72.4 -248.2 -296.0' spd   5.6 yaw  28.1 mode 2 st 1 gl 0 hp 56 frg 0
ARGLOG Romero t  43.8 pos '451.5 -236.8 -296.0' spd 111.0 yaw 154.6 mode 2 st 0 gl 0 hp 44 frg 1
ARGEVT Romero hazard
ARGLOG Carmack t  43.8 pos '592.0 -94.8 -296.0' spd 248.1 yaw 131.5 mode 1 st 0 gl 1 hp 18 frg 2
ARGEVT Joe Rogan hazard
ARGLOG Joe Rogan t  44.3 pos '115.4 -241.0 -296.0' spd 127.8 yaw  28.9 mode 2 st 1 gl 0 hp 56 frg 0
ARGLOG Romero t  44.3 pos '443.5 -235.9 -296.0' spd  95.8 yaw 153.5 mode 2 st 0 gl 0 hp 44 frg 1
ARGLOG Carmack t  44.3 pos '582.5  42.3 -296.0' spd 335.3 yaw 100.3 mode 1 st 0 gl 1 hp 43 frg 2
ARGEVT Carmack hazard
ARGEVT Romero hazard
ARGLOG Joe Rogan t  44.9 pos ' 43.7 -222.4 -296.0' spd 253.7 yaw  22.2 mode 2 st 1 gl 0 hp 56 frg 0
ARGLOG Romero t  44.9 pos '452.9 -219.9 -296.0' spd  60.3 yaw 153.2 mode 2 st 0 gl 0 hp 44 frg 1
ARGLOG Carmack t  44.9 pos '434.7 -864.0  39.0' spd 300 yaw 15 mode 1 st 0 gl 1 hp 43 frg 2
ARGEVT Joe Rogan hazard
ARGLOG Joe Rogan t  45.4 pos ' 74.1 -235.0 -296.0' spd 104.2 yaw 331.3 mode 2 st 1 gl 0 hp 56 frg 0
ARGLOG Romero t  45.4 pos '473.9 -220.1 -296.0' spd  55.7 yaw 204.2 mode 2 st 0 gl 0 hp 44 frg 1
ARGLOG Carmack t  45.4 pos '391.8 -864.0  24.0' spd 300 yaw 80 mode 1 st 0 gl 1 hp 43 frg 2
ARGLOG Joe Rogan t  45.9 pos '106.7 -219.5 -296.0' spd 140.9 yaw  23.1 mode 2 st 1 gl 0 hp 56 frg 0
ARGLOG Romero t  45.9 pos '472.2 -223.9 -296.0' spd 246.7 yaw 152.4 mode 2 st 0 gl 0 hp 44 frg 1
ARGLOG Carmack t  45.9 pos '369.5 -752.3  24.0' spd 325.5 yaw 78 mode 1 st 0 gl 1 hp 43 frg 2
ARGEVT Carmack hazard
ARGEVT Romero hazard
ARGLOG Joe Rogan t  46.5 pos ' 66.8 -241.2 -296.0' spd 233.9 yaw  21.7 mode 2 st 1 gl 0 hp 56 frg 0
ARGLOG Romero t  46.5 pos '448.2 -231.7 -296.0' spd  93.8 yaw 154.0 mode 2 st 0 gl 0 hp 44 frg 1
ARGLOG Carmack t  46.5 pos '344.4 -693.8  24.0' spd 351.7 yaw 75 mode 1 st 0 gl 1 hp 43 frg 2
ARGEVT Joe Rogan hazard
ARGLOG Joe Rogan t  47.0 pos '127.6 -247.1 -296.0' spd 153.3 yaw  23.1 mode 2 st 1 gl 0 hp 56 frg 0
ARGLOG Romero t  47.0 pos '374.4 -221.0 -296.0' spd 323.8 yaw 152.8 mode 2 st 0 gl 0 hp 44 frg 1
ARGLOG Carmack t  47.0 pos '365.6 -510.1  24.0' spd 320.3 yaw 73 mode 1 st 0 gl 1 hp 43 frg 2
ARGEVT Carmack engage Romero
ARGEVT Carmack grab item_health
ARGEVT Romero grab weapon_nailgun
ARGEVT Romero hazard
ARGLOG Joe Rogan t  47.6 pos '153.3 -226.3 -296.0' spd 232.0 yaw  60.9 mode 2 st 1 gl 0 hp 35 frg 0
ARGLOG Romero t  47.6 pos '344.5 -45.8 -296.0' spd 320.9 yaw 219.2 mode 2 st 0 gl 0 hp 44 frg 1
ARGLOG Carmack t  47.6 pos '476.8 -455.0  24.0' spd 218.0 yaw  73.9 mode 1 st 0 gl 1 hp 68 frg 2
ARGEVT Carmack weapon sg
ARGEVT Joe Rogan hazard
ARGLOG Joe Rogan t  48.2 pos '183.2 -214.6 -296.0' spd  97.2 yaw  79.6 mode 2 st 1 gl 0 hp 35 frg 0
ARGLOG Romero t  48.2 pos '357.8  29.1 -288.0' spd  27.6 yaw 208.4 mode 2 st 0 gl 0 hp 44 frg 1
ARGLOG Carmack t  48.2 pos '322.4 -375.3  -0.6' spd 197.6 yaw  61.9 mode 1 st 0 gl 1 hp 68 frg 2
ARGEVT Carmack grab weapon_grenadelauncher
ARGEVT Romero retreat
ARGEVT Joe Rogan route 5 start '337.0 -247.0 -296.0' goal ' 81.0  73.0 -296.0'
ARGLOG Joe Rogan t  48.8 pos '354.2 -278.5 -296.0' spd 331.1 yaw 118.1 mode 2 st 1 gl 0 hp 35 frg 0
ARGLOG Romero t  48.8 pos '342.2  54.7 -288.0' spd 320 yaw 250.6 mode 2 st 0 gl 0 hp 20 frg 1
ARGLOG Carmack t  48.8 pos '190.5 -398.8 -104.0' spd 321.2 yaw  54.9 mode 1 st 0 gl 1 hp 68 frg 2
ARGEVT Carmack weapon rl
ARGEVT Joe Rogan route 6 start '369.0 -247.0 -296.0' goal ' 81.0  73.0 -296.0'
ARGEVT Carmack hazard
ARGEVT Joe Rogan jump
ARGEVT Romero hazard
ARGEVT Romero route 15 start '369.0  73.0 -288.0' goal '817.0 -855.0 -232.0'
ARGLOG Joe Rogan t  49.3 pos '452.4 -251.0 -269.5' spd 320.1 yaw 119.1 mode 0 st 1 gl 0 hp 35 frg 0
ARGLOG Romero t  49.3 pos '339.9 107.2 -288.0' spd 310.5 yaw 277.2 mode 2 st 0 gl 0 hp 20 frg 1
ARGLOG Carmack t  49.3 pos '186.9 -395.6 -104.0' spd 360.9 yaw 355.9 mode 1 st 0 gl 1 hp 68 frg 2
ARGEVT Joe Rogan route 7 start '465.0 -247.0 -296.0' goal ' 81.0  73.0 -296.0'
ARGEVT Romero pursue
ARGEVT Joe Rogan pursue
ARGLOG Joe Rogan t  49.8 pos '608.1 -212.6 -296.0' spd 320.1 yaw  83.6 mode 2 st 1 gl 0 hp 35 frg 0
ARGLOG Romero t  49.8 pos '347.2  77.5 -288.0' spd 318.1 yaw 288 mode 2 st 0 gl 0 hp 20 frg 1
ARGLOG Carmack t  49.8 pos '323.7 -409.8 -104.0' spd 321.0 yaw 115.5 mode 1 st 0 gl 1 hp 68 frg 2
ARGUS Joe Rogan hunch item_artifact_super_damage
ARGEVT Joe Rogan hazard
ARGUS Romero hunch item_artifact_super_damage
ARGEVT Joe Rogan goal weapon_rocketlauncher
ARGLOG Joe Rogan t  50.4 pos '604.4 -91.1 -296.0' spd 263.1 yaw 262.3 mode 0 st 1 gl 0 hp 35 frg 0
ARGLOG Romero t  50.4 pos '402.8 -89.3 -296.0' spd 330.8 yaw 254.8 mode 2 st 0 gl 0 hp 20 frg 1
ARGLOG Carmack t  50.4 pos '504.4 -382.8 -104.0' spd 322.5 yaw 149.6 mode 1 st 0 gl 1 hp 68 frg 2
ARGEVT Joe Rogan route 8 start '625.0 -119.0 -296.0' goal ' 81.0  73.0 -296.0'
ARGEVT Romero goal item_armorInv
ARGEVT Romero pursue
ARGEVT Carmack pursue
ARGEVT Romero route 14 start '337.0 -119.0 -296.0' goal '817.0 -855.0 -232.0'
ARGLOG Joe Rogan t  51.0 pos '561.6 -254.3 -296.0' spd  46.8 yaw 162.9 mode 2 st 1 gl 0 hp 35 frg 0
ARGLOG Romero t  51.0 pos '343.0 -174.0 -296.0' spd 327.4 yaw   5.5 mode 2 st 0 gl 0 hp 20 frg 1
ARGLOG Carmack t  51.0 pos '605.6 -255.9 -104.0' spd 375.5 yaw 136 mode 1 st 0 gl 1 hp 37 frg 2
ARGEVT Romero hazard
ARGEVT Joe Rogan pursue
ARGLOG Joe Rogan t  51.5 pos '581.9 -208.0 -296.0' spd  49.4 yaw 168 mode 2 st 1 gl 0 hp 35 frg 0
ARGLOG Romero t  51.5 pos '343.5 -90.5 -296.0' spd 263.0 yaw 313.3 mode 2 st 0 gl 0 hp 20 frg 1
ARGLOG Carmack t  51.5 pos '614.2 -246.6 -104.0' spd 237.4 yaw 139 mode 1 st 0 gl 1 hp 37 frg 2
ARGEVT Romero pursue
ARGEVT Joe Rogan hazard
ARGLOG Joe Rogan t  52.0 pos '468.4 -233.2 -296.0' spd 102.8 yaw  83.2 mode 2 st 1 gl 0 hp 35 frg 0
ARGLOG Romero t  52.0 pos '394.6 -99.9 -296.0' spd 336.3 yaw 296 mode 2 st 0 gl 0 hp 20 frg 1
ARGLOG Carmack t  52.0 pos '514.8 -141.6 -104.0' spd 325.4 yaw 145 mode 1 st 0 gl 1 hp 37 frg 2
ARGEVT Romero hazard
ARGUS Carmack hunch item_artifact_super_damage
ARGEVT Carmack pursue
ARGEVT Carmack goal item_health
ARGLOG Joe Rogan t  52.5 pos '570.0 -235.7 -296.0' spd 492.1 yaw 150.2 mode 2 st 1 gl 0 hp 14 frg 0
ARGLOG Romero t  52.5 pos '344.2 -183.9 -296.0' spd 380.6 yaw 354.7 mode 2 st 0 gl 0 hp 16 frg 1
ARGLOG Carmack t  52.5 pos '535.3 -12.4 -97.7' spd 253.9 yaw 113.2 mode 0 st 0 gl 1 hp 37 frg 2
ARGEVT Joe Rogan death Romero pos '585.8 -238.8 -296.0'
ARGUS Romero watch spawn
ARGEVT Carmack route 10 start '529.0 -55.0 -104.0' goal '-47.0 585.0 -296.0'
ARGEVT Romero goal item_armorInv
ARGEVT Romero route 14 start '337.0 -247.0 -296.0' goal '817.0 -855.0 -232.0'
ARGLOG Romero t  53.0 pos '342.6 -254.9 -296.0' spd 320.1 yaw 11 mode 2 st 0 gl 0 hp 16 frg 2
ARGLOG Carmack t  53.0 pos '502.3 -57.8 -104.0' spd 360.8 yaw 284 mode 2 st 0 gl 1 hp 37 frg 2
ARGLOG Romero t  53.6 pos '538.6 -237.9 -296.0' spd 331.8 yaw 75 mode 2 st 0 gl 0 hp 16 frg 2
ARGLOG Carmack t  53.6 pos '503.7 -229.3 -104.0' spd 334.1 yaw 187 mode 2 st 0 gl 1 hp 37 frg 2
ARGEVT Joe Rogan respawn
ARGEVT Joe Rogan goal weapon_rocketlauncher
ARGLOG Joe Rogan t  54.1 pos '112.0 -1136.0 -104.0' spd 0 yaw  22.3 mode 0 st 1 gl 0 hp 100 frg 0
ARGLOG Romero t  54.1 pos '593.2 -121.5 -296.0' spd 321.5 yaw 261 mode 2 st 0 gl 0 hp 16 frg 2
ARGLOG Carmack t  54.1 pos '613.7 -344.3 -104.0' spd 386.1 yaw  52.6 mode 2 st 0 gl 1 hp 37 frg 2
ARGEVT Joe Rogan route 10 start '113.0 -1079.0 -104.0' goal '753.0 -887.0 -232.0'
ARGEVT Carmack hazard
ARGLOG Joe Rogan t  54.6 pos '202.2 -1016.1 -104.0' spd 391.1 yaw 112.3 mode 2 st 1 gl 0 hp 100 frg 0
ARGLOG Romero t  54.6 pos '585.6  40.6 -296.0' spd 368.6 yaw 263 mode 2 st 0 gl 0 hp 16 frg 2
ARGLOG Carmack t  54.6 pos '596.8 -257.1 -104.0' spd 327.5 yaw 144 mode 2 st 0 gl 1 hp 37 frg 2
ARGEVT Romero hazard
ARGLOG Joe Rogan t  55.2 pos '210.1 -833.0 -104.0' spd 320.4 yaw 75 mode 2 st 1 gl 0 hp 100 frg 0
ARGLOG Romero t  55.2 pos '542.7  33.3 -296.0' spd 332.5 yaw 265 mode 2 st 0 gl 0 hp 16 frg 2
ARGLOG Carmack t  55.2 pos '482.9 -312.1 -104.0' spd 323.0 yaw 327.0 mode 2 st 0 gl 1 hp 37 frg 2
ARGEVT Joe Rogan hazard
ARGLOG Joe Rogan t  55.7 pos '315.5 -736.1 -104.0' spd 366.6 yaw 71 mode 2 st 1 gl 0 hp 100 frg 0
ARGLOG Romero t  55.7 pos '685.6  62.5 -296.0' spd 382.0 yaw 257 mode 2 st 0 gl 0 hp 16 frg 2
ARGLOG Carmack t  55.7 pos '630.2 -298.0 -104.0' spd 404.6 yaw 128.0 mode 2 st 0 gl 1 hp 37 frg 2
ARGEVT Carmack engage Joe Rogan
ARGEVT Joe Rogan engage Carmack
ARGLOG Joe Rogan t  56.3 pos '356.2 -551.6 -104.0' spd 382.0 yaw  40.1 mode 2 st 1 gl 0 hp 100 frg 0
ARGLOG Romero t  56.3 pos '391.5 -864.0  24.0' spd 300 yaw 101 mode 2 st 0 gl 0 hp 16 frg 2
ARGLOG Carmack t  56.3 pos '509.1 -228.8 -104.0' spd 260.6 yaw 242.7 mode 2 st 0 gl 1 hp 37 frg 2
ARGLOG Joe Rogan t  56.8 pos '261.0 -417.2 -104.0' spd 328.9 yaw  46.9 mode 2 st 1 gl 0 hp 100 frg 0
ARGLOG Romero t  56.8 pos '340.5 -807.5  24.0' spd 346.3 yaw 98 mode 2 st 0 gl 0 hp 16 frg 2
ARGLOG Carmack t  56.8 pos '541.5 -327.5 -104.0' spd 327.2 yaw 173.5 mode 2 st 0 gl 1 hp 37 frg 2
ARGLOG Joe Rogan t  57.3 pos '324.1 -556.6 -104.0' spd 327.0 yaw  74.7 mode 2 st 1 gl 0 hp 100 frg 0
ARGLOG Romero t  57.3 pos '304.8 -628.3  24.0' spd 320.4 yaw  63.3 mode 2 st 0 gl 0 hp 16 frg 2
ARGEVT Carmack retreat
ARGLOG Carmack t  57.3 pos '523.4 -368.9 -104.0' spd 577.9 yaw 242.3 mode 2 st 0 gl 1 hp 9 frg 2
ARGEVT Carmack pursue
ARGEVT Romero hazard
ARGLOG Joe Rogan t  57.9 pos '294.3 -517.1 -104.0' spd 335.4 yaw  83.1 mode 2 st 1 gl 0 hp 100 frg 0
ARGEVT Romero engage Carmack
ARGLOG Romero t  57.9 pos '359.0 -565.8  24.0' spd 372.2 yaw  36.9 mode 2 st 0 gl 0 hp 16 frg 2
ARGLOG Carmack t  57.9 pos '561.8 -196.7 -104.0' spd 322.2 yaw 190.9 mode 2 st 0 gl 1 hp 9 frg 2
ARGEVT Romero weapon ng
ARGEVT Romero weapon lg
ARGLOG Joe Rogan t  58.5 pos '326.7 -497.9 -104.0' spd 320.2 yaw  73.8 mode 2 st 1 gl 0 hp 100 frg 0
ARGLOG Romero t  58.5 pos '293.3 -398.8  -0.4' spd  96.6 yaw  14.8 mode 2 st 0 gl 0 hp 16 frg 2
ARGLOG Carmack t  58.5 pos '598.3 -120.9 -104.0' spd 196.9 yaw 273.3 mode 0 st 0 gl 1 hp 9 frg 2
ARGEVT Joe Rogan death Carmack pos '345.8 -510.2 -104.0'
ARGUS Carmack watch spawn
ARGEVT Carmack route 10 start '561.0 -87.0 -104.0' goal '-47.0 585.0 -296.0'
ARGEVT Carmack engage Romero
ARGEVT Carmack goal item_health
ARGEVT Carmack route 10 start '561.0 -87.0 -104.0' goal '-207.0 -471.0 -72.0'
ARGEVT Romero grab 
ARGLOG Romero t  59.0 pos '384.4 -400.0 -104.0' spd 320.2 yaw  43.3 mode 2 st 0 gl 0 hp 16 frg 2
ARGLOG Carmack t  59.0 pos '508.0 -38.7 -104.0' spd 327.7 yaw 229.4 mode 2 st 0 gl 1 hp 9 frg 3
ARGEVT Romero weapon ng
ARGLOG Romero t  59.6 pos '277.7 -522.6 -104.0' spd 371.1 yaw  24.1 mode 0 st 0 gl 0 hp 16 frg 2
ARGLOG Carmack t  59.6 pos '557.2 -131.5 -104.0' spd 320.6 yaw 183.2 mode 2 st 0 gl 1 hp 9 frg 3
ARGEVT Romero hazard
ARGEVT Romero weapon lg
ARGEVT Romero route 6 start '273.0 -503.0 -104.0' goal '817.0 -855.0 -232.0'
ARGEVT Joe Rogan respawn
ARGEVT Joe Rogan goal weapon_rocketlauncher
ARGLOG Joe Rogan t  60.1 pos '272.0 -952.0  24.0' spd 0 yaw 8 mode 0 st 1 gl 0 hp 100 frg 0
ARGLOG Romero t  60.2 pos '356.2 -533.8 -104.0' spd 320.8 yaw  66.6 mode 2 st 0 gl 0 hp 16 frg 2
ARGLOG Carmack t  60.2 pos '629.6 -287.0 -104.0' spd 349.8 yaw 212.7 mode 2 st 0 gl 1 hp 9 frg 3
ARGEVT Carmack weapon sg
ARGEVT Joe Rogan route 10 start '305.0 -983.0  24.0' goal '753.0 -887.0 -232.0'
ARGEVT Romero death Carmack pos '335.7 -421.0 -104.0'
ARGLOG Joe Rogan t  60.6 pos '413.3 -887.7  24.0' spd 344.7 yaw 75 mode 2 st 1 gl 0 hp 100 frg 0
ARGEVT Carmack goal backpack
ARGLOG Carmack t  60.7 pos '666.3 -445.9 -136.0' spd 347.7 yaw 219.2 mode 0 st 0 gl 1 hp 9 frg 4
ARGEVT Carmack route 4 start '625.0 -471.0 -136.0' goal '305.0 -407.0 -104.0'
ARGEVT Joe Rogan hazard
ARGLOG Joe Rogan t  61.2 pos '414.1 -763.9  24.0' spd 375.2 yaw 115 mode 2 st 1 gl 0 hp 100 frg 0
ARGLOG Carmack t  61.3 pos '461.8 -240.0 -296.0' spd 300 yaw 237 mode 2 st 0 gl 1 hp 9 frg 4
ARGEVT Carmack hazard
ARGLOG Joe Rogan t  61.8 pos '315.5 -614.3  24.0' spd 333.8 yaw 63 mode 2 st 1 gl 0 hp 100 frg 0
ARGLOG Carmack t  61.8 pos '596.1 -272.0 -296.0' spd 410.3 yaw 286 mode 2 st 0 gl 1 hp 9 frg 4
ARGEVT Romero respawn
ARGEVT Romero goal weapon_rocketlauncher
ARGLOG Romero t  62.2 pos '-64.0 512.0 -296.0' spd 0 yaw 288 mode 0 st 0 gl 0 hp 100 frg 2
ARGEVT Romero route 5 start '-79.0 553.0 -296.0' goal ' 81.0  73.0 -296.0'
ARGLOG Joe Rogan t  62.3 pos '380.6 -442.4  24.0' spd 321.6 yaw 15 mode 2 st 1 gl 0 hp 100 frg 0
ARGLOG Carmack t  62.3 pos '588.0 -271.2 -296.0' spd 311.6 yaw 290 mode 2 st 0 gl 1 hp 9 frg 4
ARGEVT Carmack hazard
ARGLOG Romero t  62.8 pos '-68.6 336.2 -296.0' spd 320.9 yaw 253 mode 2 st 0 gl 0 hp 100 frg 2
ARGLOG Joe Rogan t  62.9 pos '499.7 -279.0 -104.0' spd 321.7 yaw 319 mode 2 st 1 gl 0 hp 100 frg 0
ARGLOG Carmack t  62.9 pos '467.6 -262.8 -296.0' spd  42.7 yaw 325 mode 2 st 0 gl 1 hp 9 frg 4
ARGEVT Romero hazard
ARGLOG Romero t  63.3 pos '-89.7 166.2 -296.0' spd 350.2 yaw 332 mode 2 st 0 gl 0 hp 100 frg 2
ARGLOG Joe Rogan t  63.5 pos '653.6 -376.2 -104.0' spd 320.0 yaw 305 mode 2 st 1 gl 0 hp 100 frg 0
ARGEVT Joe Rogan jump
ARGLOG Carmack t  63.5 pos '641.9 -267.6 -296.0' spd 284.8 yaw 262 mode 2 st 0 gl 1 hp 9 frg 4
ARGEVT Carmack hazard
ARGEVT Romero goal item_armorInv
ARGLOG Romero t  63.9 pos ' 73.0  79.5 -296.0' spd 369.9 yaw   2.1 mode 0 st 0 gl 1 hp 100 frg 2
ARGEVT Joe Rogan engage Carmack
ARGLOG Joe Rogan t  64.0 pos '376.0 -240.0 -269.0' spd 300 yaw 321.8 mode 0 st 1 gl 0 hp 100 frg 0
ARGEVT Carmack engage Joe Rogan
ARGLOG Carmack t  64.0 pos '498.7 -272.0 -296.0' spd 189.0 yaw 265.9 mode 2 st 0 gl 1 hp 9 frg 4
ARGEVT Romero route 13 start ' 81.0  73.0 -296.0' goal '817.0 -855.0 -232.0'
ARGEVT Joe Rogan route 12 start '465.0 -247.0 -296.0' goal '753.0 -887.0 -232.0'
ARGLOG Romero t  64.5 pos ' 21.1  48.0 -296.0' spd 333.6 yaw 252 mode 2 st 0 gl 1 hp 100 frg 2
ARGLOG Joe Rogan t  64.5 pos '462.1 -240.0 -296.0' spd 180.6 yaw  12.3 mode 2 st 1 gl 0 hp 84 frg 0
ARGLOG Carmack t  64.5 pos '626.1 -232.5 -296.0' spd 369.8 yaw 156.1 mode 2 st 0 gl 1 hp 9 frg 4
ARGLOG Romero t  65.0 pos '-67.1 -50.3 -296.0' spd 353.2 yaw 339.7 mode 2 st 0 gl 1 hp 100 frg 2
ARGEVT Carmack route 5 start '625.0 -119.0 -296.0' goal '305.0 -407.0 -104.0'
ARGLOG Joe Rogan t  65.0 pos '511.6 -232.4 -296.0' spd 302.8 yaw  19.8 mode 2 st 1 gl 0 hp 84 frg 0
ARGEVT Carmack grab item_health
ARGLOG Carmack t  65.0 pos '626.5 -121.7 -296.0' spd 229.9 yaw 251.7 mode 2 st 0 gl 1 hp 9 frg 4
ARGEVT Romero hazard
ARGEVT Carmack retreat
ARGEVT Romero engage Joe Rogan
ARGLOG Romero t  65.5 pos '-16.0 -200.6 -296.0' spd 332.2 yaw   9.3 mode 2 st 0 gl 1 hp 100 frg 2
ARGLOG Joe Rogan t  65.5 pos '643.7 -269.4 -296.0' spd  19.0 yaw 131.5 mode 2 st 1 gl 0 hp 84 frg 0
ARGLOG Carmack t  65.5 pos '592.4  15.8 -296.0' spd 320.5 yaw 247.3 mode 2 st 0 gl 1 hp 4 frg 4
ARGLOG Romero t  66.0 pos ' 88.8 -226.4 -296.0' spd  77.9 yaw 341.9 mode 2 st 0 gl 1 hp 100 frg 2
ARGLOG Joe Rogan t  66.0 pos '491.1 -246.7 -296.0' spd 330.3 yaw  46.3 mode 2 st 1 gl 0 hp 84 frg 0
ARGLOG Carmack t  66.0 pos '682.8  66.2 -296.0' spd 340.9 yaw 261.4 mode 0 st 0 gl 1 hp 29 frg 4
ARGEVT Carmack route 5 start '689.0  73.0 -296.0' goal '305.0 -407.0 -104.0'
ARGEVT Joe Rogan hazard
ARGEVT Carmack pursue
ARGEVT Carmack hazard
ARGEVT Joe Rogan pursue
ARGUS Joe Rogan hunch item_artifact_super_damage
ARGEVT Joe Rogan goal weapon_lightning
ARGEVT Joe Rogan pursue
ARGEVT Joe Rogan route 8 start '465.0 -247.0 -296.0' goal '529.0 -311.0 -104.0'
ARGUS Carmack hunch 
ARGEVT Joe Rogan death Romero pos '348.4 -243.4 -296.0'
ARGUS Romero watch spawn
ARGLOG Romero t  66.5 pos '146.2 -261.4 -296.0' spd 322.4 yaw 302.0 mode 2 st 0 gl 1 hp 100 frg 3
ARGEVT Romero hazard
ARGLOG Carmack t  66.6 pos '684.3  55.3 -296.0' spd 303.0 yaw 124.3 mode 2 st 0 gl 1 hp 29 frg 4
ARGEVT Romero goal item_armorInv
ARGEVT Carmack goal backpack
ARGEVT Romero route 9 start '145.0 -247.0 -296.0' goal '817.0 -855.0 -232.0'
ARGEVT Carmack route 3 start '465.0 -855.0  24.0' goal '305.0 -407.0 -104.0'
ARGLOG Romero t  67.0 pos '309.1 -256.5 -296.0' spd 320.0 yaw 3 mode 2 st 0 gl 1 hp 100 frg 3
ARGLOG Carmack t  67.1 pos '391.5 -864.0  24.0' spd 300 yaw 101 mode 2 st 0 gl 1 hp 29 frg 4
ARGLOG Romero t  67.5 pos '469.6 -231.1 -296.0' spd 346.9 yaw 187 mode 2 st 0 gl 1 hp 100 frg 3
ARGEVT Romero hazard
ARGLOG Carmack t  67.6 pos '370.6 -848.8  24.0' spd 364.3 yaw 97 mode 2 st 0 gl 1 hp 29 frg 4
ARGEVT Romero route 9 start '593.0 -215.0 -296.0' goal '817.0 -855.0 -232.0'
ARGEVT Joe Rogan respawn
ARGEVT Joe Rogan goal weapon_lightning
ARGLOG Joe Rogan t  68.0 pos '112.0 -1136.0 -104.0' spd 0 yaw 63 mode 0 st 1 gl 0 hp 100 frg 0
ARGEVT Joe Rogan route 6 start '113.0 -1079.0 -104.0' goal '529.0 -311.0 -104.0'
ARGLOG Romero t  68.1 pos '641.7 -256.6 -296.0' spd 382.1 yaw 247.8 mode 2 st 0 gl 1 hp 100 frg 3
ARGLOG Carmack t  68.1 pos '320.1 -691.3  24.0' spd 324.9 yaw 93 mode 2 st 0 gl 1 hp 29 frg 4
ARGLOG Joe Rogan t  68.6 pos '136.8 -961.1 -104.0' spd 320.1 yaw 90 mode 2 st 1 gl 0 hp 100 frg 0
ARGLOG Romero t  68.7 pos '452.4 -262.4 -296.0' spd 320.4 yaw 328 mode 2 st 0 gl 1 hp 100 frg 3
ARGLOG Carmack t  68.7 pos '334.2 -508.2  24.0' spd 320.1 yaw 90 mode 2 st 0 gl 1 hp 29 frg 4
ARGEVT Romero engage Carmack
ARGEVT Romero grab weapon_lightning
ARGEVT Romero rjump
ARGEVT Carmack engage Romero
ARGEVT Carmack grab 
ARGLOG Joe Rogan t  69.2 pos '159.5 -779.3 -104.0' spd 322.7 yaw 64 mode 2 st 1 gl 0 hp 100 frg 0
ARGEVT Joe Rogan hazard
ARGLOG Romero t  69.3 pos '370.0 -277.6 -265.8' spd  89.7 yaw 208.9 mode 2 st 0 gl 1 hp 100 frg 3
ARGLOG Carmack t  69.3 pos '312.5 -454.2  24.0' spd 230.0 yaw  57.3 mode 1 st 0 gl 1 hp 29 frg 4
ARGLOG Joe Rogan t  69.8 pos '329.2 -717.1 -104.0' spd 372.1 yaw 80 mode 2 st 1 gl 0 hp 100 frg 0
ARGLOG Romero t  69.8 pos '468.2 -262.3 -296.0' spd 334.9 yaw 186.7 mode 2 st 0 gl 1 hp 100 frg 3
ARGEVT Romero jump
ARGLOG Carmack t  69.8 pos '300.9 -453.9  24.0' spd 259.9 yaw  22.2 mode 1 st 0 gl 1 hp 29 frg 4
ARGEVT Romero pursue
ARGEVT Carmack pursue
ARGLOG Joe Rogan t  70.3 pos '368.0 -541.0 -104.0' spd 324.6 yaw 74 mode 2 st 1 gl 0 hp 100 frg 0
ARGLOG Romero t  70.4 pos '543.3 -252.8 -288.8' spd  35.2 yaw 220 mode 2 st 0 gl 1 hp 100 frg 3
ARGLOG Carmack t  70.4 pos '432.0 -484.4  24.0' spd 359.0 yaw 80 mode 1 st 0 gl 1 hp 29 frg 4
ARGUS Romero hunch 
ARGEVT Joe Rogan engage Carmack
ARGEVT Joe Rogan grab 
ARGEVT Romero pursue
ARGEVT Romero goal item_armorInv
ARGEVT Carmack goal item_health
ARGLOG Joe Rogan t  70.9 pos '319.2 -419.4 -104.0' spd  86.0 yaw  10.5 mode 2 st 1 gl 0 hp 100 frg 0
ARGEVT Romero route 9 start '593.0 -215.0 -296.0' goal '817.0 -855.0 -232.0'
ARGLOG Romero t  71.0 pos '645.9 -253.6 -296.0' spd 382.6 yaw 278.2 mode 2 st 0 gl 1 hp 100 frg 3
ARGEVT Romero hazard
ARGLOG Carmack t  71.0 pos '510.2 -286.0 -61.9' spd 330.3 yaw 169.8 mode 1 st 0 gl 1 hp 29 frg 4
ARGEVT Joe Rogan goal weapon_rocketlauncher
ARGEVT Joe Rogan route 6 start '369.0 -471.0 -104.0' goal '753.0 -887.0 -232.0'
ARGEVT Carmack hazard
ARGLOG Joe Rogan t  71.5 pos '401.3 -500.4 -104.0' spd 233.6 yaw  37.6 mode 2 st 1 gl 0 hp 100 frg 0
ARGLOG Romero t  71.5 pos '453.9 -265.1 -296.0' spd 321.1 yaw 167 mode 2 st 0 gl 1 hp 100 frg 3
ARGLOG Carmack t  71.5 pos '477.6 -339.7 -104.0' spd 323.1 yaw 285 mode 1 st 0 gl 1 hp 29 frg 4
ARGEVT Carmack pursue
ARGEVT Romero rjump
ARGEVT Carmack jump
ARGLOG Joe Rogan t  72.0 pos '309.3 -435.6 -104.0' spd 225.4 yaw 339.9 mode 2 st 1 gl 0 hp 100 frg 0
ARGLOG Romero t  72.0 pos '296.8 -247.9 -260.8' spd 308.6 yaw 303.3 mode 2 st 0 gl 1 hp 100 frg 3
ARGLOG Carmack t  72.0 pos '571.7 -432.0 -67.6' spd 207.7 yaw  75.3 mode 1 st 0 gl 1 hp 29 frg 4
ARGEVT Joe Rogan pursue
ARGLOG Joe Rogan t  72.5 pos '342.5 -570.4 -104.0' spd  15.4 yaw  23.8 mode 2 st 1 gl 0 hp 100 frg 0
ARGEVT Joe Rogan hazard
ARGLOG Romero t  72.6 pos '283.0 -368.0 -384.3' spd  77.7 yaw 13 mode 2 st 0 gl 1 hp 100 frg 3
ARGEVT Romero swim
ARGLOG Carmack t  72.6 pos '609.2 -405.8 -120.0' spd 228.6 yaw 215 mode 1 st 0 gl 1 hp 29 frg 4
ARGEVT Carmack jump
ARGUS Joe Rogan hunch item_health
ARGEVT Joe Rogan goal weapon_rocketlauncher
ARGUS routecache adopt
ARGEVT Joe Rogan route 6 start '369.0 -471.0 -104.0' goal '753.0 -887.0 -232.0'
ARGLOG Joe Rogan t  73.1 pos '426.7 -523.5 -104.0' spd 321.3 yaw 238.5 mode 2 st 1 gl 0 hp 100 frg 0
ARGLOG Romero t  73.1 pos '379.6 -368.0 -388.3' spd 183.9 yaw 286 mode 2 st 0 gl 1 hp 20 frg 3
ARGEVT Carmack engage Joe Rogan
ARGEVT Carmack grab item_health
ARGLOG Carmack t  73.1 pos '450.0 -432.0 -73.9' spd 278.2 yaw 176.7 mode 1 st 0 gl 1 hp 29 frg 4
ARGEVT Romero death world pos '402.7 -368.0 -389.3'
ARGEVT Carmack jump
ARGLOG Joe Rogan t  73.6 pos '240.0 -468.6 -104.0' spd 301.9 yaw  39.1 mode 2 st 1 gl 0 hp 100 frg 0
ARGLOG Carmack t  73.7 pos '490.8 -426.8 -77.7' spd 181.0 yaw 172.0 mode 1 st 0 gl 1 hp 29 frg 4
ARGLOG Joe Rogan t  74.2 pos '268.6 -504.1 -104.0' spd  41.3 yaw  37.1 mode 2 st 1 gl 0 hp 100 frg 0
ARGLOG Carmack t  74.2 pos '539.0 -432.0 -104.0' spd  27.0 yaw 215.5 mode 1 st 0 gl 1 hp 29 frg 4
ARGEVT Carmack jump
ARGLOG Joe Rogan t  74.7 pos '278.5 -456.3 -104.0' spd 320.0 yaw 335.7 mode 2 st 1 gl 0 hp 100 frg 0
ARGLOG Carmack t  74.7 pos '552.4 -414.5 -67.6' spd  43.2 yaw 168.0 mode 1 st 0 gl 1 hp 29 frg 4
ARGEVT Romero respawn
ARGEVT Romero goal item_armorInv
ARGLOG Romero t  74.8 pos '784.0 -176.0  24.0' spd 0 yaw 202.7 mode 0 st 0 gl 1 hp 100 frg 2
ARGEVT Romero route 5 start '785.0 -183.0  24.0' goal '817.0 -855.0 -232.0'
ARGEVT Romero hazard
ARGLOG Joe Rogan t  75.2 pos '349.0 -601.3 -104.0' spd 329.4 yaw  71.5 mode 2 st 1 gl 0 hp 100 frg 0
ARGEVT Carmack pursue
ARGLOG Carmack t  75.2 pos '529.0 -369.7 -104.0' spd 322.7 yaw 209 mode 1 st 0 gl 1 hp 29 frg 4
ARGEVT Joe Rogan pursue
ARGLOG Romero t  75.3 pos '649.8 -208.0  24.0' spd 229.9 yaw 236.4 mode 2 st 0 gl 1 hp 100 frg 2
ARGEVT Romero engage Carmack
ARGEVT Carmack jump
ARGLOG Joe Rogan t  75.7 pos '291.2 -496.0 -104.0' spd 390.5 yaw  10.3 mode 2 st 1 gl 0 hp 70 frg 0
ARGLOG Carmack t  75.7 pos '473.3 -432.0 -88.7' spd 130.9 yaw 224.7 mode 1 st 0 gl 1 hp 29 frg 4
ARGLOG Romero t  75.8 pos '473.9 -156.6  -0.6' spd 321.7 yaw 254.5 mode 0 st 0 gl 1 hp 100 frg 2
ARGEVT Romero route 6 start '593.0 -151.0  24.0' goal '817.0 -855.0 -232.0'
ARGLOG Joe Rogan t  76.2 pos '322.9 -554.4 -104.0' spd 321.8 yaw  61.3 mode 2 st 1 gl 0 hp 70 frg 0
ARGLOG Carmack t  76.2 pos '595.8 -325.8 -86.4' spd 362.3 yaw 193.8 mode 1 st 0 gl 1 hp 8 frg 4
ARGLOG Romero t  76.3 pos '512.3 -103.1 -104.0' spd 321.9 yaw 330.5 mode 2 st 0 gl 1 hp 100 frg 2
ARGEVT Romero jump
ARGEVT Joe Rogan grab item_cells
ARGLOG Joe Rogan t  76.8 pos '293.3 -495.4 -104.0' spd 320.7 yaw  70.9 mode 2 st 1 gl 0 hp 70 frg 0
ARGLOG Carmack t  76.8 pos '610.7 -242.1 -104.0' spd 320.4 yaw 197.7 mode 1 st 0 gl 1 hp 8 frg 4
ARGLOG Romero t  76.8 pos '591.9 -52.7 -68.8' spd  67.1 yaw 261.1 mode 2 st 0 gl 1 hp 100 frg 2
ARGLOG Joe Rogan t  77.3 pos '336.9 -614.6 -104.0' spd 154.7 yaw  60.6 mode 2 st 1 gl 0 hp 70 frg 0
ARGLOG Carmack t  77.3 pos '676.8 -383.4 -104.0' spd 162.7 yaw 196.4 mode 1 st 0 gl 1 hp 8 frg 4
ARGEVT Joe Rogan pursue
ARGLOG Romero t  77.4 pos '499.0 -77.4 -104.0' spd 322.3 yaw 267.3 mode 2 st 0 gl 1 hp 100 frg 2
ARGEVT Carmack pursue
ARGEVT Carmack jump
ARGLOG Joe Rogan t  77.8 pos '411.8 -494.3 -104.0' spd 321.6 yaw  61.7 mode 2 st 1 gl 0 hp 70 frg 0
ARGEVT Romero jump
ARGLOG Carmack t  77.8 pos '517.8 -408.6 -88.7' spd 339.5 yaw 214 mode 1 st 0 gl 1 hp 6 frg 4
ARGEVT Joe Rogan pursue
ARGLOG Romero t  77.9 pos '590.3 -86.9 -88.8' spd 325.3 yaw 281.3 mode 2 st 0 gl 1 hp 100 frg 2
ARGEVT Joe Rogan grab item_health
ARGEVT Carmack grab item_cells
ARGEVT Carmack retreat
ARGEVT Carmack death Joe Rogan pos '468.7 -422.3 -96.8'
ARGUS Joe Rogan watch spawn
ARGEVT Romero engage Joe Rogan
ARGEVT Joe Rogan engage Romero
ARGLOG Joe Rogan t  78.4 pos '409.6 -475.5 -104.0' spd 368.4 yaw  72.9 mode 2 st 1 gl 0 hp 40 frg 1
ARGLOG Romero t  78.4 pos '618.7 -140.8 -96.8' spd 123.0 yaw 214.6 mode 2 st 0 gl 1 hp 100 frg 2
ARGEVT Joe Rogan goal item_health
ARGEVT Joe Rogan route 2 start '369.0 -471.0 -104.0' goal '465.0 -471.0  24.0'
ARGEVT Joe Rogan grab item_cells
ARGEVT Joe Rogan hazard
ARGEVT Romero jump
ARGLOG Joe Rogan t  79.0 pos '324.0 -584.6 -104.0' spd 365.0 yaw  68.8 mode 2 st 1 gl 0 hp 40 frg 1
ARGLOG Romero t  79.0 pos '624.0 -306.5 -67.7' spd 334.9 yaw 203.2 mode 2 st 0 gl 1 hp 100 frg 2
ARGEVT Romero grab 
ARGEVT Joe Rogan pursue
ARGEVT Romero pursue
ARGEVT Romero hazard
ARGLOG Joe Rogan t  79.5 pos '372.2 -522.8 -104.0' spd 328.0 yaw 46 mode 2 st 1 gl 0 hp 40 frg 1
ARGUS Romero hunch 
ARGLOG Romero t  79.5 pos '596.9 -446.0 -120.0' spd 387.2 yaw  43.3 mode 2 st 0 gl 1 hp 100 frg 2
ARGEVT Joe Rogan jump
ARGEVT Romero goal backpack
ARGEVT Romero pursue
ARGEVT Joe Rogan grab 
ARGEVT Carmack respawn
ARGEVT Joe Rogan retreat
ARGEVT Carmack goal weapon_rocketlauncher
ARGEVT Carmack engage Romero
ARGLOG Carmack t  79.9 pos '-64.0 -232.0 -72.0' spd 0 yaw 313.3 mode 0 st 0 gl 1 hp 100 frg 4
ARGLOG Joe Rogan t  80.1 pos '420.9 -410.1 -80.7' spd  75.3 yaw 352.6 mode 2 st 1 gl 0 hp 32 frg 1
ARGLOG Romero t  80.1 pos '517.8 -395.5 -104.0' spd 342.4 yaw 177.0 mode 1 st 0 gl 1 hp 100 frg 2
ARGEVT Carmack route 9 start '-47.0 -247.0 -72.0' goal '753.0 -887.0 -232.0'
ARGEVT Romero goal item_armorInv
ARGEVT Romero route 5 start '529.0 -407.0 -104.0' goal '817.0 -855.0 -232.0'
ARGEVT Joe Rogan jump
ARGLOG Carmack t  80.4 pos ' 83.2 -230.5 -72.0' spd 360.3 yaw  12.5 mode 2 st 0 gl 1 hp 100 frg 4
ARGEVT Carmack grab weapon_grenadelauncher
ARGLOG Joe Rogan t  80.6 pos '374.8 -516.3 -77.5' spd 320.7 yaw  80.4 mode 2 st 1 gl 0 hp 32 frg 1
ARGLOG Romero t  80.6 pos '520.2 -303.3 -104.0' spd 432.7 yaw 249.1 mode 2 st 0 gl 2 hp 70 frg 2
ARGEVT Romero grab item_armor1
ARGLOG Carmack t  80.9 pos '127.4 -370.5  -8.0' spd 325.1 yaw  20.2 mode 2 st 0 gl 1 hp 100 frg 4
ARGLOG Joe Rogan t  81.1 pos '324.6 -530.6 -104.0' spd 100.1 yaw  42.4 mode 2 st 1 gl 0 hp 32 frg 1
ARGLOG Romero t  81.1 pos '466.7 -137.4 -104.0' spd 352.3 yaw 219.6 mode 2 st 0 gl 2 hp 70 frg 2
ARGEVT Joe Rogan weapon sg
ARGEVT Romero weapon sg
ARGLOG Carmack t  81.4 pos '142.3 -442.3  24.0' spd 141.0 yaw  63.0 mode 2 st 0 gl 1 hp 100 frg 4
ARGEVT Carmack hazard
ARGLOG Joe Rogan t  81.6 pos '361.6 -681.6 -104.0' spd 321.4 yaw  93.7 mode 2 st 1 gl 0 hp 32 frg 1
ARGLOG Romero t  81.6 pos '592.3 -193.6 -104.0' spd 360.4 yaw 270.8 mode 2 st 0 gl 2 hp 70 frg 2
ARGEVT Romero pursue
ARGEVT Joe Rogan pursue
ARGLOG Carmack t  81.9 pos '117.2 -443.0  24.0' spd  62.2 yaw 346.3 mode 2 st 0 gl 1 hp 100 frg 4
ARGEVT Joe Rogan hazard
ARGLOG Joe Rogan t  82.1 pos '464.0 -785.2 -104.0' spd 363.4 yaw  74.0 mode 0 st 1 gl 0 hp 32 frg 1
ARGLOG Romero t  82.1 pos '572.4 -384.3 -104.0' spd 326.8 yaw 228 mode 2 st 0 gl 2 hp 70 frg 2
ARGUS Joe Rogan hunch item_artifact_super_damage
ARGEVT Romero jump
ARGEVT Joe Rogan goal item_health
ARGEVT Joe Rogan pursue
ARGLOG Carmack t  82.5 pos '176.6 -438.9  24.0' spd 333.7 yaw 345.7 mode 2 st 0 gl 1 hp 100 frg 4
ARGLOG Joe Rogan t  82.6 pos '361.4 -828.1 -104.0' spd 328.9 yaw 185.1 mode 1 st 1 gl 0 hp 32 frg 1
ARGLOG Romero t  82.6 pos '515.2 -432.0 -68.9' spd  26.6 yaw 344 mode 2 st 0 gl 2 hp 70 frg 2
ARGLOG Carmack t  83.1 pos '232.6 -519.0  24.0' spd  54.9 yaw 352.3 mode 2 st 0 gl 1 hp 100 frg 4
ARGEVT Joe Rogan hazard
ARGLOG Joe Rogan t  83.2 pos '200.1 -755.0 -104.0' spd 396.5 yaw  16.9 mode 1 st 1 gl 0 hp 32 frg 1
ARGLOG Romero t  83.2 pos '609.7 -434.9 -120.0' spd 332.7 yaw 335 mode 2 st 0 gl 2 hp 70 frg 2
ARGEVT Carmack pursue
ARGEVT Romero pursue
ARGEVT Romero hazard
ARGEVT Joe Rogan pursue
ARGLOG Carmack t  83.6 pos '358.4 -399.0 -16.9' spd 250.5 yaw  40.2 mode 2 st 0 gl 1 hp 100 frg 4
ARGLOG Joe Rogan t  83.8 pos '335.2 -803.5 -104.0' spd 357.9 yaw  45.5 mode 1 st 1 gl 0 hp 32 frg 1
ARGLOG Romero t  83.8 pos '418.6 -240.0 -281.1' spd 300 yaw 289.7 mode 0 st 0 gl 2 hp 70 frg 2
ARGEVT Romero route 12 start '465.0 -247.0 -296.0' goal '817.0 -855.0 -232.0'
ARGEVT Carmack pursue
ARGLOG Carmack t  84.2 pos '498.0 -404.6 -104.0' spd   7.2 yaw 115 mode 2 st 0 gl 1 hp 100 frg 4
ARGLOG Joe Rogan t  84.4 pos '460.6 -866.4 -104.0' spd 320.7 yaw 291.7 mode 1 st 1 gl 0 hp 32 frg 1
ARGLOG Romero t  84.4 pos '484.8 -235.0 -296.0' spd 340.2 yaw   9.8 mode 2 st 0 gl 2 hp 70 frg 2
ARGEVT Joe Rogan hazard
ARGEVT Romero weapon lg
ARGEVT Carmack hazard
ARGEVT Joe Rogan weapon lg
ARGUS Carmack hunch 
ARGEVT Carmack goal backpack
ARGEVT Carmack route 3 start '465.0 -279.0 -104.0' goal '465.0 -247.0 -296.0'
ARGEVT Carmack pursue
ARGLOG Carmack t  84.8 pos '473.0 -342.6 -104.0' spd 335.4 yaw 227.8 mode 2 st 0 gl 1 hp 100 frg 4
ARGEVT Romero hazard
ARGLOG Joe Rogan t  84.9 pos '462.9 -966.4 -104.0' spd 316.9 yaw 86 mode 1 st 1 gl 0 hp 77 frg 1
ARGLOG Romero t  84.9 pos '656.0 -249.1 -296.0' spd 322.3 yaw   9.8 mode 2 st 0 gl 2 hp 70 frg 2
ARGLOG Carmack t  85.4 pos '300.1 -405.1 -104.0' spd 302.3 yaw 57 mode 2 st 0 gl 1 hp 100 frg 4
ARGLOG Joe Rogan t  85.5 pos '464.0 -784.4 -104.0' spd 320.5 yaw 84 mode 1 st 1 gl 0 hp 77 frg 1
ARGLOG Romero t  85.5 pos '622.2 -269.9 -296.0' spd 361.4 yaw 187.7 mode 0 st 0 gl 2 hp 70 frg 2
ARGEVT Joe Rogan hazard
ARGEVT Carmack hazard
ARGEVT Romero route 12 start '593.0 -215.0 -296.0' goal '817.0 -855.0 -232.0'
ARGLOG Carmack t  85.9 pos '288.6 -402.3 -104.0' spd 366.0 yaw  10.1 mode 0 st 0 gl 1 hp 100 frg 4
ARGEVT Romero engage Carmack
ARGEVT Carmack route 4 start '273.0 -407.0 -104.0' goal '465.0 -247.0 -296.0'
ARGLOG Joe Rogan t  86.1 pos '453.9 -825.6 -104.0' spd 380.4 yaw 352.8 mode 1 st 1 gl 0 hp 77 frg 1
ARGLOG Romero t  86.1 pos '462.9 -235.6 -296.0' spd 184.0 yaw 171.3 mode 2 st 0 gl 2 hp 70 frg 2
ARGEVT Romero hazard
ARGLOG Carmack t  86.5 pos '412.0 -431.5 -104.0' spd 245.2 yaw  76.9 mode 2 st 0 gl 1 hp 100 frg 4
ARGEVT Romero pursue
ARGEVT Carmack pursue
ARGLOG Joe Rogan t  86.6 pos '453.8 -766.0 -104.0' spd 322.9 yaw 130.7 mode 1 st 1 gl 0 hp 77 frg 1
ARGEVT Joe Rogan hazard
ARGLOG Romero t  86.6 pos '597.5 -257.6 -296.0' spd 289.5 yaw 215 mode 2 st 0 gl 2 hp 54 frg 2
ARGUS Romero hunch 
ARGEVT Carmack hazard
ARGEVT Romero pursue
ARGEVT Romero goal item_health
ARGEVT Carmack pursue
ARGEVT Romero route 2 start '593.0 -215.0 -296.0' goal '529.0  73.0 -296.0'
ARGLOG Carmack t  87.1 pos '471.8 -372.7 -104.0' spd 363.1 yaw  86.9 mode 2 st 0 gl 1 hp 100 frg 4
ARGEVT Joe Rogan engage Carmack
ARGLOG Joe Rogan t  87.2 pos '304.0 -671.2 -104.0' spd 334.9 yaw  32.9 mode 1 st 1 gl 0 hp 77 frg 1
ARGLOG Romero t  87.2 pos '463.3 -217.4 -296.0' spd 328.9 yaw 218.9 mode 2 st 0 gl 2 hp 54 frg 2
ARGEVT Romero hazard
ARGEVT Joe Rogan grab item_cells
ARGLOG Carmack t  87.6 pos '542.9 -191.1 -104.0' spd 370.6 yaw 353.4 mode 2 st 0 gl 1 hp 100 frg 4
ARGEVT Joe Rogan weapon sg
ARGEVT Carmack pursue
ARGLOG Joe Rogan t  87.8 pos '341.1 -607.8 -104.0' spd 109.6 yaw  36.9 mode 1 st 1 gl 0 hp 77 frg 1
ARGLOG Romero t  87.8 pos '432.0 -280.0 -296.0' spd  71.4 yaw 39 mode 2 st 0 gl 2 hp 54 frg 2
ARGEVT Romero pursue
ARGEVT Joe Rogan weapon lg
ARGLOG Carmack t  88.2 pos '595.7 -288.4 -104.0' spd 366.1 yaw 182.1 mode 2 st 0 gl 1 hp 100 frg 4
ARGEVT Joe Rogan pursue
ARGLOG Joe Rogan t  88.3 pos '338.8 -603.6 -104.0' spd  58.3 yaw 54 mode 1 st 1 gl 0 hp 77 frg 1
ARGLOG Romero t  88.3 pos '597.2 -245.3 -296.0' spd 397.0 yaw 256.8 mode 2 st 0 gl 2 hp 54 frg 2
ARGEVT Romero hazard
ARGLOG Carmack t  88.8 pos '469.0 -195.2 -104.0' spd 406.0 yaw  10.5 mode 2 st 0 gl 1 hp 100 frg 4
ARGEVT Joe Rogan weapon sg
ARGLOG Joe Rogan t  88.9 pos '344.0 -625.0 -104.0' spd 268.1 yaw  42.2 mode 1 st 1 gl 0 hp 77 frg 1
ARGLOG Romero t  88.9 pos '510.9 -227.4 -296.0' spd 378.5 yaw  73.7 mode 2 st 0 gl 2 hp 54 frg 2
ARGEVT Carmack engage Joe Rogan
ARGEVT Joe Rogan weapon lg
ARGLOG Carmack t  89.3 pos '609.7 -218.3 -104.0' spd 217.2 yaw 200.9 mode 2 st 0 gl 1 hp 100 frg 4
ARGLOG Joe Rogan t  89.5 pos '318.9 -579.5 -104.0' spd  96.8 yaw  32.2 mode 1 st 1 gl 0 hp 77 frg 1
ARGLOG Romero t  89.5 pos '604.2 -195.2 -296.0' spd 386.2 yaw 105 mode 2 st 0 gl 2 hp 54 frg 2
ARGLOG Carmack t  89.9 pos '518.8 -229.4 -104.0' spd 320.2 yaw 205.2 mode 2 st 0 gl 1 hp 100 frg 4
ARGLOG Joe Rogan t  90.1 pos '294.8 -508.0 -104.0' spd 332.9 yaw  14.0 mode 1 st 1 gl 0 hp 77 frg 1
ARGLOG Romero t  90.1 pos '619.7 -10.6 -296.0' spd 326.3 yaw 127 mode 1 st 0 gl 2 hp 54 frg 2
ARGEVT Romero hazard
ARGLOG Carmack t  90.5 pos '616.0 -383.2 -104.0' spd 325.6 yaw 164.8 mode 2 st 0 gl 1 hp 100 frg 4
ARGLOG Joe Rogan t  90.6 pos '279.8 -482.3 -104.0' spd 320.1 yaw 339.1 mode 1 st 1 gl 0 hp 77 frg 1
ARGLOG Romero t  90.6 pos '538.0  38.0 -296.0' spd 294.2 yaw 269.3 mode 1 st 0 gl 2 hp 79 frg 2
ARGEVT Joe Rogan pursue
ARGEVT Joe Rogan hazard
ARGEVT Carmack pursue
ARGLOG Carmack t  91.0 pos '462.1 -240.0 -296.0' spd 300 yaw 234 mode 2 st 0 gl 1 hp 100 frg 4
ARGLOG Joe Rogan t  91.2 pos '379.3 -505.0 -104.0' spd 363.0 yaw 22 mode 1 st 1 gl 0 hp 77 frg 1
ARGLOG Romero t  91.2 pos '635.6 -112.0 -296.0' spd 381.5 yaw 211 mode 1 st 0 gl 2 hp 79 frg 2
ARGUS Joe Rogan hunch 
ARGEVT Joe Rogan goal backpack
ARGEVT Joe Rogan pursue
ARGEVT Romero engage Carmack
ARGUS Carmack hunch item_artifact_super_damage
ARGEVT Joe Rogan route 4 start '369.0 -471.0 -104.0' goal '465.0 -247.0 -296.0'
ARGLOG Carmack t  91.6 pos '487.9 -257.3 -296.0' spd 284.3 yaw  17.5 mode 2 st 0 gl 1 hp 100 frg 4
ARGEVT Romero hazard
ARGEVT Carmack goal weapon_rocketlauncher
ARGEVT Carmack pursue
ARGLOG Joe Rogan t  91.8 pos '320.5 -396.2 -104.0' spd 275.5 yaw  36.1 mode 2 st 1 gl 0 hp 77 frg 1
ARGLOG Romero t  91.8 pos '652.5 -226.3 -296.0' spd 332.2 yaw 220.5 mode 1 st 0 gl 2 hp 79 frg 2
ARGEVT Carmack route 8 start '593.0 -215.0 -296.0' goal ' 81.0  73.0 -296.0'
ARGEVT Carmack hazard
ARGLOG Carmack t  92.1 pos '655.2 -269.6 -296.0' spd 215.6 yaw 221.8 mode 2 st 0 gl 1 hp 70 frg 4
ARGLOG Joe Rogan t  92.3 pos '453.6 -399.9 -104.0' spd 320.0 yaw 358 mode 2 st 1 gl 0 hp 77 frg 1
ARGLOG Romero t  92.3 pos '639.8 -90.3 -296.0' spd  64.8 yaw 281.0 mode 1 st 0 gl 2 hp 79 frg 2
ARGLOG Carmack t  92.7 pos '486.2 -258.4 -296.0' spd 320.0 yaw 174 mode 2 st 0 gl 1 hp 70 frg 4
ARGLOG Joe Rogan t  92.9 pos '633.5 -367.3 -104.0' spd 342.8 yaw 67 mode 2 st 1 gl 0 hp 77 frg 1
ARGLOG Romero t  92.9 pos '603.6 -107.4 -296.0' spd 243.5 yaw 252.3 mode 1 st 0 gl 2 hp 79 frg 2
ARGEVT Romero pursue
ARGUS routecache adopt
ARGEVT Carmack route 6 start '369.0 -247.0 -296.0' goal ' 81.0  73.0 -296.0'
ARGEVT Joe Rogan pursue
ARGLOG Carmack t  93.3 pos '306.9 -236.9 -296.0' spd 327.6 yaw 182 mode 2 st 0 gl 1 hp 70 frg 4
ARGEVT Carmack hazard
ARGLOG Joe Rogan t  93.5 pos '596.0 -243.8 -104.0' spd 352.5 yaw 138.7 mode 2 st 1 gl 0 hp 77 frg 1
ARGLOG Romero t  93.5 pos '542.8 -224.8 -296.0' spd 242.0 yaw 154.5 mode 1 st 0 gl 2 hp 79 frg 2
ARGEVT Carmack engage Romero
ARGEVT Joe Rogan engage Carmack
ARGLOG Carmack t  93.8 pos '170.1 -227.9 -296.0' spd  52.1 yaw 330.0 mode 2 st 0 gl 1 hp 70 frg 4
ARGLOG Joe Rogan t  94.1 pos '437.5 -223.5 -104.0' spd 337.0 yaw 168.0 mode 1 st 1 gl 0 hp 77 frg 1
ARGEVT Joe Rogan jump
ARGLOG Romero t  94.1 pos '471.5 -235.2 -296.0' spd 281.6 yaw 155.1 mode 1 st 0 gl 2 hp 79 frg 2
ARGLOG Carmack t  94.4 pos '206.3 -235.1 -296.0' spd 118.9 yaw 329.6 mode 2 st 0 gl 1 hp 70 frg 4
ARGLOG Joe Rogan t  94.6 pos '370.9 -243.3 -83.6' spd 137.2 yaw 205.7 mode 1 st 1 gl 0 hp 77 frg 1
ARGLOG Romero t  94.6 pos '472.6 -224.2 -296.0' spd 233.9 yaw 202.2 mode 1 st 0 gl 2 hp 79 frg 2
ARGLOG Carmack t  95.0 pos '262.2 -235.8 -296.0' spd 186.3 yaw 330.9 mode 2 st 0 gl 1 hp 70 frg 4
ARGLOG Joe Rogan t  95.1 pos '328.8 -234.0 -296.0' spd  32.5 yaw 211.3 mode 1 st 1 gl 0 hp 77 frg 1
ARGLOG Romero t  95.1 pos '453.8 -233.5 -296.0' spd 259.7 yaw 205.1 mode 1 st 0 gl 2 hp 79 frg 2
ARGEVT Romero hazard
ARGEVT Carmack hazard
ARGLOG Carmack t  95.6 pos '347.5 -209.6 -296.0' spd 324.6 yaw 331.1 mode 2 st 0 gl 1 hp 70 frg 4
ARGLOG Joe Rogan t  95.6 pos '451.3 -224.2 -296.0' spd  28.1 yaw 143.5 mode 1 st 1 gl 0 hp 77 frg 1
ARGLOG Romero t  95.6 pos '487.3 -223.4 -296.0' spd  77.2 yaw 152.0 mode 1 st 0 gl 2 hp 79 frg 2
ARGEVT Carmack route 6 start '369.0 -215.0 -296.0' goal ' 81.0  73.0 -296.0'
ARGEVT Carmack grab weapon_nailgun
ARGLOG Carmack t  96.1 pos '360.5 -143.8 -296.0' spd 326.7 yaw  11.5 mode 0 st 0 gl 1 hp 70 frg 4
ARGLOG Joe Rogan t  96.2 pos '550.9 -233.1 -296.0' spd  12.6 yaw 125.2 mode 1 st 1 gl 0 hp 77 frg 1
ARGLOG Romero t  96.2 pos '615.0 -203.5 -296.0' spd 337.9 yaw 135.2 mode 1 st 0 gl 2 hp 63 frg 2
ARGEVT Carmack route 7 start '337.0 -119.0 -296.0' goal ' 81.0  73.0 -296.0'
ARGEVT Carmack pursue
ARGEVT Joe Rogan pursue
ARGEVT Romero pursue
ARGEVT Carmack hazard
ARGEVT Joe Rogan hazard
ARGUS Romero hunch item_artifact_super_damage
ARGLOG Carmack t  96.6 pos '370.2 -36.1 -296.0' spd 304.0 yaw 317 mode 2 st 0 gl 1 hp 70 frg 4
ARGLOG Joe Rogan t  96.7 pos '486.4 -221.0 -296.0' spd 334.9 yaw 155 mode 1 st 1 gl 0 hp 77 frg 1
ARGEVT Romero goal item_armorInv
ARGLOG Romero t  96.7 pos '610.0 -90.0 -296.0' spd 107.6 yaw 350.7 mode 0 st 0 gl 2 hp 63 frg 2
ARGEVT Romero pursue
ARGEVT Romero hazard
ARGEVT Romero route 11 start '625.0 -119.0 -296.0' goal '817.0 -855.0 -232.0'
ARGEVT Carmack pursue
ARGLOG Joe Rogan t  97.2 pos '386.6 -265.1 -296.0' spd 228.6 yaw 108.5 mode 1 st 1 gl 0 hp 77 frg 1
ARGLOG Romero t  97.2 pos '615.2 -209.6 -296.0' spd 359.6 yaw 157.6 mode 2 st 0 gl 2 hp 63 frg 2
ARGLOG Carmack t  97.2 pos '400.5 -203.9 -296.0' spd 324.2 yaw 308.7 mode 2 st 0 gl 1 hp 40 frg 4
ARGEVT Carmack retreat
ARGEVT Carmack death Joe Rogan pos '369.1 -223.1 -296.0'
ARGUS Joe Rogan watch spawn
ARGEVT Romero engage Joe Rogan
ARGEVT Joe Rogan engage Romero
ARGEVT Joe Rogan goal backpack
ARGEVT Joe Rogan route 1 start '369.0 -215.0 -296.0' goal '465.0 -247.0 -296.0'
ARGLOG Joe Rogan t  97.8 pos '405.0 -228.8 -296.0' spd 231.4 yaw 328.9 mode 2 st 1 gl 0 hp 77 frg 2
ARGLOG Romero t  97.8 pos '595.1 -245.9 -296.0' spd 230.4 yaw 170.2 mode 0 st 0 gl 2 hp 63 frg 2
ARGEVT Romero route 12 start '593.0 -215.0 -296.0' goal '817.0 -855.0 -232.0'
ARGLOG Joe Rogan t  98.3 pos '409.9 -251.3 -296.0' spd 321.2 yaw  25.1 mode 2 st 1 gl 0 hp 77 frg 2
ARGEVT Joe Rogan hazard
ARGLOG Romero t  98.3 pos '578.2 -236.4 -296.0' spd  76.8 yaw 194.0 mode 2 st 0 gl 2 hp 63 frg 2
ARGLOG Joe Rogan t  98.8 pos '391.0 -226.1 -296.0' spd 342.7 yaw  10.4 mode 1 st 1 gl 0 hp 77 frg 2
ARGLOG Romero t  98.8 pos '553.5 -255.5 -296.0' spd  35.0 yaw 164.0 mode 2 st 0 gl 2 hp 63 frg 2
ARGEVT Carmack respawn
ARGEVT Carmack goal weapon_lightning
ARGLOG Carmack t  99.1 pos '272.0 -952.0  24.0' spd 0 yaw  22.7 mode 0 st 0 gl 1 hp 100 frg 4
ARGEVT Carmack route 6 start '305.0 -983.0  24.0' goal '529.0 -311.0 -104.0'
ARGLOG Joe Rogan t  99.4 pos '351.2 -116.0 -296.0' spd 322.2 yaw 338.5 mode 1 st 1 gl 0 hp 47 frg 2
ARGLOG Romero t  99.4 pos '481.8 -264.0 -296.0' spd  63.8 yaw 150.3 mode 2 st 0 gl 2 hp 63 frg 2
ARGEVT Joe Rogan hazard
ARGLOG Carmack t  99.6 pos '361.0 -826.7  24.0' spd 320.7 yaw 77 mode 2 st 0 gl 1 hp 100 frg 4
ARGEVT Carmack hazard
ARGLOG Joe Rogan t 100.0 pos '355.4 -118.8 -296.0' spd 320.2 yaw 344.8 mode 1 st 1 gl 0 hp 47 frg 2
ARGLOG Romero t 100.0 pos '475.5 -223.2 -296.0' spd 239.8 yaw 187.8 mode 2 st 0 gl 2 hp 63 frg 2
ARGEVT Joe Rogan retreat
ARGLOG Carmack t 100.1 pos '350.9 -645.0  24.0' spd 328.3 yaw 74 mode 2 st 0 gl 1 hp 100 frg 4
ARGEVT Joe Rogan death Romero pos '333.6 -151.0 -296.0'
ARGUS Romero watch spawn
ARGEVT Romero goal backpack
ARGEVT Romero stall
ARGEVT Romero jump
ARGEVT Romero route 2 start '465.0 -247.0 -296.0' goal '337.0 -119.0 -296.0'
ARGLOG Romero t 100.5 pos '510.4 -257.4 -269.6' spd 272.4 yaw 203.1 mode 2 st 1 gl 2 hp 63 frg 3
ARGLOG Carmack t 100.7 pos '379.6 -463.8  24.0' spd 322.8 yaw 70 mode 2 st 0 gl 1 hp 100 frg 4
ARGLOG Romero t 101.1 pos '490.2 -257.0 -296.0' spd 235.4 yaw 128 mode 2 st 1 gl 2 hp 63 frg 3
ARGEVT Romero hazard
ARGEVT Carmack engage Romero
ARGEVT Romero engage Carmack
ARGEVT Romero grab weapon_lightning
ARGEVT Carmack grab weapon_lightning
ARGLOG Carmack t 101.3 pos '435.7 -265.4 -90.3' spd 322.4 yaw 105.9 mode 1 st 0 gl 1 hp 100 frg 4
ARGLOG Romero t 101.6 pos '337.7 -202.7 -296.0' spd 262.3 yaw 323.1 mode 2 st 1 gl 2 hp 63 frg 3
ARGEVT Carmack goal backpack
ARGEVT Carmack route 4 start '529.0 -311.0 -104.0' goal '465.0 -247.0 -296.0'
ARGEVT Joe Rogan respawn
ARGEVT Joe Rogan goal weapon_rocketlauncher
ARGLOG Joe Rogan t 101.8 pos '776.0 -808.0 -232.0' spd 0 yaw 112.7 mode 1 st 1 gl 0 hp 100 frg 2
ARGEVT Romero pursue
ARGEVT Carmack pursue
ARGLOG Carmack t 101.8 pos '565.3 -184.6 -104.0' spd 347.1 yaw 188.8 mode 2 st 0 gl 2 hp 100 frg 4
ARGEVT Joe Rogan hazard
ARGEVT Carmack grab item_armor1
ARGLOG Romero t 102.2 pos '344.1 -265.0 -296.0' spd 310.9 yaw  31.5 mode 2 st 1 gl 2 hp 63 frg 3
ARGLOG Joe Rogan t 102.3 pos '720.0 -770.3 -216.0' spd 337.6 yaw 155.4 mode 1 st 1 gl 0 hp 100 frg 2
ARGEVT Romero hazard
ARGLOG Carmack t 102.3 pos '484.6 -124.9 -104.0' spd 163.8 yaw 193.3 mode 2 st 0 gl 2 hp 100 frg 4
ARGLOG Romero t 102.8 pos '214.7 -244.0 -296.0' spd  56.5 yaw 343.8 mode 2 st 1 gl 2 hp 63 frg 3
ARGLOG Joe Rogan t 102.8 pos '720.0 -752.0 -232.0' spd 0 yaw 107 mode 1 st 1 gl 0 hp 100 frg 2
ARGEVT Romero pursue
ARGEVT Carmack pursue
ARGLOG Carmack t 102.9 pos '535.7 -295.3 -104.0' spd 332.8 yaw 167 mode 2 st 0 gl 2 hp 100 frg 4
ARGEVT Joe Rogan hazard
ARGEVT Carmack grab item_cells
ARGLOG Joe Rogan t 103.3 pos '807.1 -672.2 -184.0' spd 344.3 yaw  83.6 mode 1 st 1 gl 0 hp 100 frg 2
ARGLOG Romero t 103.3 pos '319.4 -203.4 -296.0' spd 248.0 yaw 285.9 mode 2 st 1 gl 2 hp 63 frg 3
ARGEVT Romero hazard
ARGLOG Carmack t 103.4 pos '392.0 -377.4 -104.0' spd 321.9 yaw 151.6 mode 2 st 0 gl 2 hp 100 frg 4
ARGEVT Carmack grab weapon_grenadelauncher
ARGEVT Carmack route 4 start '305.0 -407.0 -104.0' goal '465.0 -247.0 -296.0'
ARGLOG Joe Rogan t 103.9 pos '762.4 -493.9 -104.0' spd 312.1 yaw 210.2 mode 1 st 1 gl 0 hp 100 frg 2
ARGLOG Romero t 103.9 pos '175.4 -210.0 -296.0' spd 137.9 yaw 270.7 mode 2 st 1 gl 2 hp 63 frg 3
ARGEVT Carmack hazard
ARGLOG Carmack t 104.0 pos '240.0 -435.7 -104.0' spd 241.3 yaw 129.2 mode 2 st 0 gl 2 hp 100 frg 4
ARGLOG Joe Rogan t 104.5 pos '755.8 -592.1 -152.0' spd 320.3 yaw 273 mode 1 st 1 gl 0 hp 100 frg 2
ARGLOG Romero t 104.5 pos '159.3 -210.1 -296.0' spd 292.0 yaw 246.3 mode 2 st 1 gl 2 hp 63 frg 3
ARGLOG Carmack t 104.5 pos '146.2 -406.1 -104.0' spd 233.6 yaw  65.3 mode 0 st 0 gl 2 hp 100 frg 4
ARGEVT Carmack route 5 start '145.0 -407.0 -104.0' goal '465.0 -247.0 -296.0'
ARGEVT Romero hazard
ARGLOG Joe Rogan t 105.1 pos '753.2 -776.7 -232.0' spd 351.8 yaw 204.8 mode 1 st 1 gl 0 hp 100 frg 2
ARGLOG Romero t 105.1 pos '195.3 -231.7 -296.0' spd 144.5 yaw 235.9 mode 2 st 1 gl 2 hp 63 frg 3
ARGLOG Carmack t 105.1 pos '178.1 -400.6 -104.0' spd 322.0 yaw  71.6 mode 0 st 0 gl 2 hp 100 frg 4
ARGEVT Joe Rogan hazard
ARGUS routecache adopt
ARGEVT Carmack route 5 start '145.0 -407.0 -104.0' goal '465.0 -247.0 -296.0'
ARGEVT Joe Rogan goal backpack
ARGEVT Joe Rogan route 3 start '753.0 -887.0 -232.0' goal '337.0 -119.0 -296.0'
ARGLOG Joe Rogan t 105.6 pos '749.1 -749.7 -216.0' spd 379.5 yaw 148 mode 2 st 1 gl 1 hp 100 frg 2
ARGLOG Romero t 105.6 pos '343.7 -214.1 -296.0' spd 105.5 yaw 219.1 mode 2 st 1 gl 2 hp 63 frg 3
ARGLOG Carmack t 105.6 pos '228.6 -432.0 -104.0' spd 325.1 yaw  37.0 mode 0 st 0 gl 2 hp 100 frg 4
ARGEVT Romero hazard
ARGEVT Carmack route 4 start '273.0 -407.0 -104.0' goal '465.0 -247.0 -296.0'
ARGEVT Carmack hazard
ARGLOG Joe Rogan t 106.2 pos '722.4 -897.9 -232.0' spd 324.2 yaw 284.3 mode 0 st 1 gl 1 hp 100 frg 2
ARGLOG Romero t 106.2 pos '452.8 -208.0 -296.0' spd 319.5 yaw 210.0 mode 2 st 1 gl 2 hp 63 frg 3
ARGLOG Carmack t 106.2 pos '302.9 -409.5 -104.0' spd 289.9 yaw  36.4 mode 2 st 0 gl 2 hp 100 frg 4
ARGEVT Joe Rogan engage Carmack
ARGEVT Joe Rogan route 2 start '369.0  73.0 -288.0' goal '337.0 -119.0 -296.0'
ARGLOG Joe Rogan t 106.8 pos '368.0 -29.5 -296.0' spd 300 yaw 313.8 mode 2 st 1 gl 1 hp 100 frg 2
ARGEVT Romero pursue
ARGLOG Romero t 106.8 pos '533.1 -214.3 -296.0' spd 363.2 yaw 244.4 mode 2 st 1 gl 2 hp 63 frg 3
ARGEVT Carmack pursue
ARGLOG Carmack t 106.8 pos '404.9 -431.9 -104.0' spd 116.0 yaw 76 mode 2 st 0 gl 2 hp 100 frg 4
ARGEVT Romero hazard
ARGUS Romero hunch 
ARGUS Carmack hunch 
ARGEVT Carmack pursue
ARGEVT Romero goal backpack
ARGEVT Carmack goal weapon_rocketlauncher
ARGEVT Romero route 1 start '593.0 -215.0 -296.0' goal '465.0 -247.0 -296.0'
ARGLOG Joe Rogan t 107.3 pos '343.6 -114.1 -296.0' spd 324.1 yaw 321.7 mode 1 st 1 gl 1 hp 100 frg 2
ARGEVT Romero pursue
ARGLOG Romero t 107.3 pos '590.3 -259.4 -296.0' spd 371.3 yaw 283.7 mode 2 st 1 gl 2 hp 63 frg 3
ARGLOG Carmack t 107.3 pos '500.3 -426.1 -104.0' spd 320.7 yaw 352.7 mode 0 st 0 gl 2 hp 59 frg 4
ARGEVT Romero pursue
ARGEVT Carmack route 8 start '529.0 -407.0 -104.0' goal ' 81.0  73.0 -296.0'
ARGEVT Joe Rogan pursue
ARGUS Joe Rogan hunch 
ARGEVT Joe Rogan hazard
ARGEVT Joe Rogan pursue
ARGLOG Joe Rogan t 107.9 pos '409.1 -139.5 -296.0' spd 266.6 yaw 273.8 mode 1 st 1 gl 1 hp 100 frg 2
ARGLOG Romero t 107.9 pos '539.7 -264.8 -296.0' spd 321.5 yaw 166 mode 2 st 1 gl 2 hp 63 frg 3
ARGLOG Carmack t 107.9 pos '613.9 -336.4 -104.0' spd 388.2 yaw 142 mode 2 st 0 gl 2 hp 59 frg 4
ARGEVT Joe Rogan goal backpack
ARGEVT Joe Rogan pursue
ARGEVT Joe Rogan route 0 start '337.0 -119.0 -296.0' goal '337.0 -119.0 -296.0'
ARGEVT Joe Rogan pursue
ARGEVT Romero hazard
ARGLOG Joe Rogan t 108.5 pos '442.7 -270.8 -296.0' spd 321.3 yaw 236.9 mode 2 st 1 gl 1 hp 100 frg 2
ARGLOG Romero t 108.5 pos '482.8 -265.8 -296.0' spd 348.6 yaw  74.3 mode 1 st 1 gl 2 hp 63 frg 3
ARGLOG Carmack t 108.5 pos '467.8 -221.3 -104.0' spd 367.9 yaw 231.8 mode 2 st 0 gl 2 hp 59 frg 4
ARGEVT Romero pursue
ARGEVT Carmack pursue
ARGLOG Joe Rogan t 109.0 pos '531.6 -215.3 -296.0' spd 325.0 yaw 172.4 mode 2 st 1 gl 1 hp 100 frg 2
ARGLOG Romero t 109.0 pos '467.5 -229.9 -296.0' spd 345.5 yaw 183.6 mode 1 st 1 gl 2 hp 63 frg 3
ARGLOG Carmack t 109.0 pos '274.6 -342.6 -217.3' spd 320.4 yaw  63.4 mode 2 st 0 gl 2 hp 59 frg 4
ARGEVT Carmack weapon gl
ARGEVT Carmack swim
ARGLOG Joe Rogan t 109.6 pos '509.3 -224.6 -296.0' spd  79.0 yaw 220.3 mode 2 st 1 gl 1 hp 100 frg 2
ARGLOG Romero t 109.6 pos '328.0 -219.6 -296.0' spd 104.7 yaw 251.4 mode 1 st 1 gl 2 hp 63 frg 3
ARGLOG Carmack t 109.6 pos '163.4 -360.9 -412.5' spd 210.4 yaw  11.2 mode 0 st 0 gl 2 hp 31 frg 4
ARGEVT Carmack route 5 start '145.0 -247.0 -296.0' goal ' 81.0  73.0 -296.0'
ARGEVT Carmack retreat
ARGEVT Carmack death world pos '112.0 -326.8 -404.7'
ARGEVT Joe Rogan engage Romero
ARGEVT Joe Rogan weapon sg
ARGEVT Romero engage Joe Rogan
ARGLOG Joe Rogan t 110.1 pos '479.1 -230.0 -296.0' spd 234.0 yaw 180.0 mode 2 st 1 gl 1 hp 100 frg 2
ARGLOG Romero t 110.1 pos '327.4 -174.4 -296.0' spd 320.0 yaw   8.9 mode 1 st 1 gl 2 hp 63 frg 3
ARGEVT Joe Rogan weapon rl
ARGEVT Joe Rogan hazard
ARGLOG Joe Rogan t 110.6 pos '465.6 -256.4 -296.0' spd 320.0 yaw 101.7 mode 2 st 1 gl 1 hp 100 frg 2
ARGLOG Romero t 110.6 pos '341.2 -118.9 -296.0' spd  83.7 yaw 335.5 mode 1 st 1 gl 2 hp 63 frg 3
ARGEVT Joe Rogan weapon sg
ARGLOG Joe Rogan t 111.2 pos '317.9 -243.9 -296.0' spd 230.4 yaw  47.3 mode 2 st 1 gl 1 hp 100 frg 2
ARGLOG Romero t 111.2 pos '389.1 -120.7 -296.0' spd 191.2 yaw 223.3 mode 1 st 1 gl 2 hp 63 frg 3
ARGEVT Joe Rogan weapon rl
ARGEVT Carmack respawn
ARGEVT Carmack goal weapon_rocketlauncher
ARGLOG Carmack t 111.5 pos '272.0 -952.0  24.0' spd 0 yaw  23.0 mode 0 st 0 gl 2 hp 100 frg 3
ARGEVT Romero weapon sg
ARGEVT Joe Rogan hazard
ARGEVT Carmack route 12 start '305.0 -983.0  24.0' goal ' 81.0  73.0 -296.0'
ARGLOG Joe Rogan t 111.7 pos '238.9 -257.3 -296.0' spd 339.4 yaw  35.7 mode 2 st 1 gl 1 hp 82 frg 2
ARGLOG Romero t 111.7 pos '375.9 -105.1 -296.0' spd 230.4 yaw 252.4 mode 1 st 1 gl 2 hp 63 frg 3
ARGEVT Romero retreat
ARGEVT Romero hazard
ARGLOG Carmack t 112.0 pos '357.1 -824.0  24.0' spd 327.2 yaw 91 mode 2 st 0 gl 2 hp 100 frg 3
ARGLOG Joe Rogan t 112.2 pos '269.4 -215.3 -296.0' spd 130.7 yaw  76.2 mode 2 st 1 gl 1 hp 82 frg 2
ARGLOG Romero t 112.2 pos '336.0  16.0 -289.1' spd 0 yaw 274.6 mode 1 st 1 gl 2 hp 15 frg 3
ARGLOG Carmack t 112.6 pos '364.0 -640.7  24.0' spd 320.1 yaw 93 mode 2 st 0 gl 2 hp 100 frg 3
ARGLOG Joe Rogan t 112.8 pos '341.0 -223.7 -296.0' spd 323.9 yaw 100.5 mode 2 st 1 gl 1 hp 82 frg 2
ARGLOG Romero t 112.8 pos '358.1 100.8 -288.0' spd 301.2 yaw 294.4 mode 1 st 1 gl 2 hp 15 frg 3
ARGEVT Romero hazard
ARGEVT Carmack engage Romero
ARGLOG Carmack t 113.1 pos '405.9 -455.3  24.0' spd 332.4 yaw  67.9 mode 0 st 0 gl 2 hp 100 frg 3
ARGEVT Carmack route 9 start '369.0 -471.0  24.0' goal ' 81.0  73.0 -296.0'
ARGEVT Joe Rogan hazard
ARGLOG Joe Rogan t 113.3 pos '470.7 -222.4 -296.0' spd 230.4 yaw 118.0 mode 2 st 1 gl 1 hp 82 frg 2
ARGLOG Romero t 113.3 pos '366.4 103.0 -288.0' spd  85.2 yaw 312.8 mode 1 st 1 gl 2 hp 15 frg 3
ARGEVT Romero pursue
ARGLOG Carmack t 113.7 pos '432.7 -346.6 -90.3' spd 104.2 yaw  73.8 mode 2 st 0 gl 2 hp 100 frg 3
ARGUS Romero hunch 
ARGLOG Joe Rogan t 113.8 pos '565.8 -215.5 -296.0' spd 124.7 yaw 157 mode 2 st 1 gl 1 hp 82 frg 2
ARGEVT Romero goal item_health
ARGEVT Romero pursue
ARGLOG Romero t 113.8 pos '386.9 -25.1 -296.0' spd 305.8 yaw 258.7 mode 0 st 1 gl 2 hp 15 frg 3
ARGEVT Romero route 4 start '369.0   9.0 -296.0' goal '529.0  73.0 -296.0'
ARGEVT Romero hazard
ARGEVT Joe Rogan weapon sg
ARGLOG Carmack t 114.2 pos '553.8 -273.0 -104.0' spd 330.8 yaw 163.0 mode 2 st 0 gl 2 hp 100 frg 3
ARGEVT Carmack pursue
ARGLOG Joe Rogan t 114.4 pos '442.8 -263.1 -296.0' spd 346.3 yaw 152.3 mode 2 st 1 gl 1 hp 82 frg 2
ARGEVT Joe Rogan hazard
ARGLOG Romero t 114.4 pos '338.9 -139.4 -296.0' spd 339.3 yaw 279.4 mode 2 st 1 gl 2 hp 15 frg 3
ARGLOG Carmack t 114.8 pos '494.8 -113.8 -104.0' spd 323.7 yaw 145 mode 0 st 0 gl 2 hp 100 frg 3
ARGEVT Carmack route 8 start '465.0 -151.0 -104.0' goal ' 81.0  73.0 -296.0'
ARGEVT Carmack hazard
ARGLOG Joe Rogan t 115.0 pos '275.0 -250.4 -296.0' spd  58.5 yaw  39.0 mode 2 st 1 gl 1 hp 82 frg 2
ARGLOG Romero t 115.0 pos '389.2 -156.8 -296.0' spd 320.1 yaw 258.3 mode 2 st 1 gl 2 hp 15 frg 3
ARGEVT Romero death Joe Rogan pos '403.7 -174.8 -296.0'
ARGUS Joe Rogan watch spawn
ARGEVT Carmack engage Joe Rogan
ARGEVT Joe Rogan engage Carmack
ARGEVT Joe Rogan weapon rl
ARGEVT Joe Rogan goal backpack
ARGEVT Joe Rogan grab 
ARGLOG Carmack t 115.3 pos '491.8 -141.9 -104.0' spd 320.0 yaw 210.3 mode 2 st 0 gl 2 hp 100 frg 3
ARGEVT Joe Rogan route 2 start '337.0 -247.0 -296.0' goal '337.0 -119.0 -296.0'
ARGEVT Carmack grab 
ARGLOG Joe Rogan t 115.5 pos '272.0 -230.1 -296.0' spd 329.7 yaw 323.0 mode 2 st 1 gl 1 hp 82 frg 3
ARGEVT Joe Rogan weapon sg
ARGLOG Carmack t 115.8 pos '471.1 -193.2 -104.0' spd 229.6 yaw 175.4 mode 2 st 0 gl 2 hp 100 frg 3
ARGLOG Joe Rogan t 116.0 pos '344.8 -179.5 -296.0' spd 269.9 yaw  32.3 mode 2 st 1 gl 1 hp 75 frg 3
ARGLOG Carmack t 116.3 pos '472.3 -137.7 -104.0' spd 322.0 yaw 184.9 mode 2 st 0 gl 2 hp 100 frg 3
ARGLOG Joe Rogan t 116.5 pos '212.9 -262.0 -296.0' spd 273.7 yaw  41.1 mode 2 st 1 gl 1 hp 75 frg 3
ARGEVT Romero respawn
ARGEVT Romero goal item_armorInv
ARGLOG Romero t 116.6 pos '784.0 -176.0  24.0' spd 0 yaw 186 mode 0 st 1 gl 2 hp 100 frg 3
ARGEVT Romero route 5 start '785.0 -183.0  24.0' goal '817.0 -855.0 -232.0'
ARGLOG Carmack t 116.9 pos '496.5 -318.9 -104.0' spd 323.8 yaw 138.7 mode 2 st 0 gl 2 hp 100 frg 3
ARGLOG Joe Rogan t 117.1 pos '206.1 -239.6 -296.0' spd 253.8 yaw 352.6 mode 2 st 1 gl 1 hp 72 frg 3
ARGEVT Romero engage Joe Rogan
ARGLOG Romero t 117.2 pos '614.4 -209.9  24.0' spd 351.4 yaw 178.8 mode 2 st 1 gl 2 hp 100 frg 3
ARGLOG Carmack t 117.5 pos '395.6 -455.5 -104.0' spd 323.9 yaw 113.2 mode 2 st 0 gl 2 hp 100 frg 3
ARGEVT Joe Rogan hazard
ARGEVT Carmack pursue
ARGEVT Joe Rogan pursue
ARGLOG Joe Rogan t 117.6 pos '196.4 -217.5 -296.0' spd 329.1 yaw 309.8 mode 2 st 1 gl 1 hp 72 frg 3
ARGLOG Romero t 117.8 pos '490.5 -54.1 -36.5' spd 325.5 yaw 187.3 mode 0 st 1 gl 2 hp 100 frg 3
ARGEVT Romero route 6 start '593.0 -151.0  24.0' goal '817.0 -855.0 -232.0'
ARGLOG Carmack t 118.1 pos '218.2 -410.9 -104.0' spd 322.5 yaw  74.3 mode 0 st 0 gl 2 hp 100 frg 3
ARGLOG Joe Rogan t 118.2 pos '190.8 -232.9 -296.0' spd 160.0 yaw 241.7 mode 2 st 1 gl 1 hp 72 frg 3
ARGLOG Romero t 118.3 pos '501.0 -141.1 -104.0' spd 321.4 yaw 214.2 mode 2 st 1 gl 2 hp 100 frg 3
ARGEVT Carmack route 10 start '145.0 -407.0 -104.0' goal ' 81.0  73.0 -296.0'
ARGLOG Carmack t 118.6 pos '189.0 -398.5 -104.0' spd 329.4 yaw  65.5 mode 0 st 0 gl 2 hp 92 frg 3
ARGLOG Joe Rogan t 118.7 pos '176.5 -210.7 -296.0' spd 143.0 yaw 303.1 mode 2 st 1 gl 1 hp 72 frg 3
ARGUS routecache adopt
ARGEVT Carmack route 9 start '273.0 -407.0 -104.0' goal ' 81.0  73.0 -296.0'
ARGLOG Romero t 118.8 pos '494.2 -323.9 -104.0' spd 323.4 yaw 194.9 mode 2 st 1 gl 2 hp 100 frg 3
ARGUS routecache adopt
ARGEVT Carmack route 10 start '145.0 -407.0 -104.0' goal ' 81.0  73.0 -296.0'
ARGLOG Carmack t 119.2 pos '144.2 -392.6 -104.0' spd 227.2 yaw  54.2 mode 2 st 0 gl 2 hp 92 frg 3
ARGLOG Joe Rogan t 119.3 pos '156.9 -220.7 -296.0' spd 199.5 yaw 295.2 mode 2 st 1 gl 1 hp 72 frg 3
ARGEVT Carmack hazard
ARGEVT Joe Rogan hazard
ARGLOG Romero t 119.4 pos '399.7 -479.7 -104.0' spd 324.9 yaw 145.5 mode 0 st 1 gl 2 hp 100 frg 3
ARGUS routecache adopt
ARGEVT Carmack route 10 start '145.0 -407.0 -104.0' goal ' 81.0  73.0 -296.0'
ARGEVT Romero route 6 start '369.0 -471.0 -104.0' goal '817.0 -855.0 -232.0'
ARGEVT Romero pursue
ARGLOG Carmack t 119.7 pos '153.8 -398.7 -104.0' spd 274.2 yaw 103.4 mode 2 st 0 gl 2 hp 92 frg 3
ARGLOG Joe Rogan t 119.8 pos '162.4 -231.0 -296.0' spd 162.6 yaw 241.7 mode 2 st 1 gl 1 hp 72 frg 3
ARGLOG Romero t 119.9 pos '263.2 -469.4 -104.0' spd 337.9 yaw 113 mode 2 st 1 gl 2 hp 100 frg 3
ARGLOG Carmack t 120.2 pos '186.0 -413.5 -104.0' spd  16.1 yaw  53.1 mode 0 st 0 gl 2 hp 92 frg 3
ARGEVT Romero hazard
ARGLOG Joe Rogan t 120.3 pos '232.1 -210.6 -296.0' spd 209.6 yaw 242.5 mode 2 st 1 gl 1 hp 72 frg 3
ARGEVT Joe Rogan hazard
ARGLOG Romero t 120.4 pos '263.1 -401.5 -104.0' spd 337.1 yaw 115.2 mode 2 st 1 gl 2 hp 100 frg 3
ARGEVT Carmack route 10 start '145.0 -407.0 -104.0' goal ' 81.0  73.0 -296.0'
ARGLOG Carmack t 120.7 pos '265.6 -448.9 -104.0' spd 332.5 yaw 130.2 mode 2 st 0 gl 2 hp 92 frg 3
ARGLOG Joe Rogan t 120.8 pos '266.2 -219.1 -296.0' spd 321.6 yaw 299.7 mode 2 st 1 gl 1 hp 72 frg 3
ARGLOG Romero t 120.9 pos '224.1 -405.0 -104.0' spd  27.2 yaw  74.9 mode 2 st 1 gl 2 hp 100 frg 3
ARGEVT Carmack pursue
ARGEVT Joe Rogan pursue
ARGLOG Carmack t 121.3 pos '362.3 -470.8 -108.0' spd 338.5 yaw 116 mode 2 st 0 gl 2 hp 92 frg 3
ARGUS Joe Rogan hunch item_artifact_super_damage
ARGLOG Joe Rogan t 121.4 pos '448.3 -256.8 -296.0' spd 368.7 yaw  75.5 mode 2 st 1 gl 1 hp 72 frg 3
ARGEVT Joe Rogan goal backpack
ARGEVT Joe Rogan pursue
ARGLOG Romero t 121.5 pos '321.0 -449.6 -104.0' spd 172.2 yaw  80.4 mode 2 st 1 gl 2 hp 100 frg 3
ARGEVT Joe Rogan route 2 start '465.0 -247.0 -296.0' goal '337.0 -119.0 -296.0'
ARGEVT Joe Rogan hazard
ARGLOG Carmack t 121.8 pos '391.3 -431.2 -104.0' spd 320.1 yaw  69.7 mode 2 st 0 gl 2 hp 92 frg 3
ARGLOG Joe Rogan t 122.0 pos '599.9 -254.5 -296.0' spd 327.5 yaw 250.3 mode 2 st 1 gl 1 hp 72 frg 3
ARGEVT Joe Rogan pursue
ARGEVT Romero pursue
ARGLOG Romero t 122.1 pos '366.0 -491.8 -108.0' spd 320.3 yaw  39.9 mode 2 st 1 gl 2 hp 100 frg 3
ARGEVT Carmack pursue
ARGEVT Romero hazard
ARGUS Carmack hunch 
ARGEVT Carmack hazard
ARGEVT Joe Rogan pursue
ARGLOG Carmack t 122.3 pos '380.9 -393.2 -104.0' spd 323.2 yaw 222.6 mode 2 st 0 gl 2 hp 92 frg 3
ARGEVT Carmack goal weapon_lightning
ARGLOG Joe Rogan t 122.5 pos '471.8 -260.7 -296.0' spd 333.4 yaw 156 mode 2 st 1 gl 1 hp 72 frg 3
ARGEVT Carmack pursue
ARGLOG Romero t 122.6 pos '429.5 -359.4 -104.0' spd 323.0 yaw 119.9 mode 2 st 1 gl 2 hp 100 frg 3
ARGEVT Joe Rogan pursue
ARGLOG Carmack t 122.8 pos '365.5 -544.5 -104.0' spd 395.0 yaw  14.4 mode 1 st 0 gl 2 hp 92 frg 3
ARGLOG Joe Rogan t 123.1 pos '290.4 -208.6 -296.0' spd 378.8 yaw 208.1 mode 2 st 1 gl 1 hp 70 frg 3
ARGEVT Joe Rogan pursue
ARGEVT Romero pursue
ARGLOG Romero t 123.1 pos '537.7 -205.8 -104.0' spd 337.8 yaw 171.1 mode 2 st 1 gl 2 hp 100 frg 3
ARGEVT Romero grab item_armor1
ARGEVT Joe Rogan hazard
ARGLOG Carmack t 123.3 pos '435.2 -410.6 -104.0' spd 321.3 yaw 124.2 mode 1 st 0 gl 2 hp 92 frg 3
ARGLOG Joe Rogan t 123.6 pos '197.2 -236.3 -296.0' spd 209.0 yaw 288.8 mode 2 st 1 gl 1 hp 69 frg 3
ARGEVT Romero hazard
ARGLOG Romero t 123.7 pos '453.7 -59.2 -104.0' spd  13.2 yaw 232.4 mode 0 st 1 gl 2 hp 100 frg 3
ARGEVT Romero route 6 start '529.0 -55.0 -104.0' goal '817.0 -855.0 -232.0'
ARGLOG Carmack t 123.9 pos '302.6 -494.6 -104.0' spd 323.0 yaw  93.5 mode 1 st 0 gl 2 hp 92 frg 3
ARGEVT Joe Rogan pursue
ARGEVT Carmack pursue
ARGLOG Joe Rogan t 124.2 pos '265.0 -270.6 -296.0' spd 320.0 yaw   1.8 mode 2 st 1 gl 1 hp 69 frg 3
ARGLOG Romero t 124.3 pos '513.4 -225.0 -104.0' spd 321.0 yaw 212.9 mode 2 st 1 gl 2 hp 100 frg 3
ARGLOG Carmack t 124.5 pos '278.1 -396.8 -104.0' spd 354.3 yaw  38.1 mode 1 st 0 gl 2 hp 92 frg 3
ARGEVT Romero pursue
ARGEVT Joe Rogan hazard
ARGEVT Romero hazard
ARGLOG Joe Rogan t 124.8 pos '411.5 -235.6 -296.0' spd 373.8 yaw 232.5 mode 2 st 1 gl 1 hp 69 frg 3
ARGUS Romero hunch 
ARGLOG Romero t 124.8 pos '478.4 -255.9 -104.0' spd 345.5 yaw  21.3 mode 2 st 1 gl 2 hp 100 frg 3
ARGEVT Romero pursue
ARGEVT Romero goal weapon_rocketlauncher
ARGLOG Carmack t 125.0 pos '439.6 -405.7 -104.0' spd 321.3 yaw 105.8 mode 1 st 0 gl 2 hp 92 frg 3
ARGEVT Romero route 7 start '529.0 -311.0 -104.0' goal ' 81.0  73.0 -296.0'
ARGEVT Carmack pursue
ARGEVT Joe Rogan pursue
ARGLOG Joe Rogan t 125.3 pos '347.9 -234.7 -296.0' spd 210.3 yaw 286 mode 2 st 1 gl 1 hp 69 frg 3
ARGLOG Romero t 125.3 pos '568.3 -143.8 -104.0' spd 410.1 yaw 186.0 mode 2 st 1 gl 2 hp 100 frg 3
ARGLOG Carmack t 125.6 pos '478.4 -279.0 -104.0' spd 339.8 yaw 123.3 mode 1 st 0 gl 2 hp 92 frg 3
ARGEVT Carmack hazard
ARGEVT Carmack pursue
ARGEVT Joe Rogan pursue
ARGLOG Joe Rogan t 125.9 pos '455.0 -239.1 -296.0' spd 320.0 yaw  20.7 mode 2 st 1 gl 1 hp 69 frg 3
ARGLOG Romero t 125.9 pos '506.6 -209.8 -104.0' spd 336.5 yaw 295 mode 2 st 1 gl 2 hp 100 frg 3
ARGEVT Romero pursue
ARGLOG Carmack t 126.1 pos '476.2 -123.0 -104.0' spd 399.2 yaw 206.2 mode 1 st 0 gl 2 hp 92 frg 3
ARGEVT Joe Rogan hazard
ARGLOG Joe Rogan t 126.5 pos '623.4 -242.3 -296.0' spd 110.6 yaw 216 mode 2 st 1 gl 1 hp 69 frg 3
ARGLOG Romero t 126.5 pos '435.6 -377.2 -104.0' spd 324.0 yaw 246.0 mode 2 st 1 gl 2 hp 100 frg 3
ARGEVT Carmack pursue
ARGLOG Carmack t 126.7 pos '473.8 -166.3 -104.0' spd 351.2 yaw 232 mode 1 st 0 gl 2 hp 92 frg 3
ARGEVT Joe Rogan pursue
ARGEVT Romero hazard
ARGLOG Joe Rogan t 127.0 pos '485.7 -236.6 -296.0' spd 338.2 yaw 211.5 mode 2 st 1 gl 1 hp 69 frg 3
ARGLOG Romero t 127.0 pos '432.0 -507.8 -104.0' spd 238.1 yaw 10 mode 2 st 1 gl 2 hp 100 frg 3
ARGEVT Carmack pursue
ARGEVT Romero engage Carmack
ARGLOG Carmack t 127.3 pos '532.3 -332.1 -104.0' spd 394.8 yaw  51.1 mode 1 st 0 gl 2 hp 92 frg 3
ARGLOG Joe Rogan t 127.6 pos '301.0 -230.4 -296.0' spd 390.2 yaw  72.5 mode 2 st 1 gl 1 hp 69 frg 3
ARGEVT Joe Rogan hazard
ARGLOG Romero t 127.6 pos '423.9 -409.4 -104.0' spd  93.2 yaw   8.0 mode 2 st 1 gl 2 hp 100 frg 3
ARGEVT Carmack hazard
ARGLOG Carmack t 127.8 pos '688.0 -356.0 -104.0' spd 336.0 yaw 251.1 mode 1 st 0 gl 2 hp 92 frg 3
ARGEVT Carmack engage Romero
ARGEVT Joe Rogan engage Romero
ARGLOG Joe Rogan t 128.1 pos '226.2 -230.6 -296.0' spd 375.2 yaw   2.0 mode 2 st 1 gl 1 hp 69 frg 3
ARGLOG Romero t 128.1 pos '462.8 -335.2 -104.0' spd 322.6 yaw 343.6 mode 2 st 1 gl 2 hp 100 frg 3
ARGLOG Carmack t 128.4 pos '440.5 -240.0 -293.7' spd 300 yaw   0.0 mode 1 st 0 gl 2 hp 92 frg 3
ARGEVT Romero pursue
ARGLOG Joe Rogan t 128.6 pos '216.0 -245.3 -296.0' spd 108.6 yaw  20.0 mode 2 st 1 gl 1 hp 69 frg 3
ARGLOG Romero t 128.6 pos '498.6 -194.5 -104.0' spd 251.9 yaw 201 mode 2 st 1 gl 2 hp 100 frg 3
ARGEVT Romero pursue
ARGEVT Carmack jump
ARGLOG Carmack t 128.9 pos '507.5 -242.7 -280.8' spd 322.6 yaw 109.2 mode 1 st 0 gl 2 hp 92 frg 3
ARGEVT Joe Rogan hazard
ARGLOG Joe Rogan t 129.2 pos '131.0 -228.0 -296.0' spd 261.2 yaw  30.2 mode 2 st 1 gl 1 hp 69 frg 3
ARGLOG Romero t 129.2 pos '293.7 -236.4 -189.1' spd 320.4 yaw  76.9 mode 0 st 1 gl 2 hp 100 frg 3
ARGEVT Romero route 8 start '465.0 -279.0 -104.0' goal ' 81.0  73.0 -296.0'
ARGLOG Carmack t 129.5 pos '656.0 -210.7 -296.0' spd  96.5 yaw 212.8 mode 1 st 0 gl 2 hp 92 frg 3
ARGLOG Joe Rogan t 129.8 pos ' 33.6 -224.2 -296.0' spd 356.3 yaw  31.6 mode 2 st 1 gl 1 hp 69 frg 3
ARGLOG Romero t 129.8 pos '203.3 -223.3 -296.0' spd  44.1 yaw 347.2 mode 2 st 1 gl 2 hp 100 frg 3
ARGEVT Romero pursue
ARGLOG Carmack t 130.0 pos '607.4 -59.4 -296.0' spd 323.5 yaw 148.0 mode 1 st 0 gl 2 hp 92 frg 3
ARGEVT Carmack hazard
ARGLOG Joe Rogan t 130.3 pos ' 44.3 -224.5 -296.0' spd  63.5 yaw 331.3 mode 2 st 1 gl 1 hp 69 frg 3
ARGLOG Romero t 130.3 pos '311.3 -244.7 -296.0' spd 320.0 yaw 9 mode 2 st 1 gl 2 hp 100 frg 3
ARGLOG Carmack t 130.5 pos '592.0 -58.6 -296.0' spd 323.3 yaw 256 mode 1 st 0 gl 2 hp 92 frg 3
ARGEVT Romero pursue
ARGEVT Romero jump
ARGLOG Joe Rogan t 130.8 pos ' 89.2 -261.4 -296.0' spd 322.0 yaw 329.5 mode 2 st 1 gl 1 hp 69 frg 3
ARGLOG Romero t 130.8 pos '497.3 -231.9 -259.6' spd 332.0 yaw 15 mode 2 st 1 gl 2 hp 100 frg 3
ARGLOG Carmack t 131.1 pos '632.5 -209.3 -296.0' spd 351.7 yaw 168.7 mode 1 st 0 gl 2 hp 92 frg 3
ARGEVT Joe Rogan hazard
ARGEVT Carmack hazard
ARGLOG Joe Rogan t 131.4 pos ' 82.8 -260.0 -296.0' spd  53.8 yaw 334.2 mode 2 st 1 gl 1 hp 69 frg 3
ARGLOG Romero t 131.4 pos '504.0 -224.9 -296.0' spd 322.4 yaw 335.2 mode 2 st 1 gl 2 hp 100 frg 3
ARGEVT Romero jump
ARGEVT Romero grab weapon_lightning
ARGEVT Carmack grab weapon_lightning
ARGLOG Carmack t 131.6 pos '606.1 -263.1 -296.0' spd 360.7 yaw 204.8 mode 1 st 0 gl 2 hp 84 frg 3
ARGEVT Carmack jump
ARGLOG Joe Rogan t 131.9 pos ' 71.3 -233.1 -296.0' spd 230.4 yaw  15.3 mode 2 st 1 gl 1 hp 69 frg 3
ARGLOG Romero t 131.9 pos '411.7 -293.7 -270.1' spd  82.7 yaw  37.8 mode 2 st 1 gl 2 hp 84 frg 3
ARGEVT Romero hazard
ARGLOG Carmack t 132.1 pos '546.6 -264.6 -266.4' spd  46.7 yaw 169.1 mode 1 st 0 gl 2 hp 84 frg 3
ARGEVT Joe Rogan hazard
ARGLOG Joe Rogan t 132.4 pos '124.2 -260.8 -296.0' spd 358.1 yaw 343.0 mode 2 st 1 gl 1 hp 69 frg 3
ARGLOG Romero t 132.4 pos '389.6 -237.3 -296.0' spd 111.6 yaw 323.4 mode 2 st 1 gl 2 hp 84 frg 3
ARGEVT Romero jump
ARGLOG Carmack t 132.6 pos '568.5 -254.4 -296.0' spd 236.7 yaw 167.0 mode 1 st 0 gl 2 hp 84 frg 3
ARGEVT Carmack jump
ARGLOG Joe Rogan t 132.9 pos '190.4 -255.5 -296.0' spd 100.9 yaw  35.1 mode 2 st 1 gl 1 hp 69 frg 3
ARGLOG Romero t 132.9 pos '491.4 -208.0 -261.5' spd 165.2 yaw 339.7 mode 2 st 1 gl 2 hp 76 frg 3
ARGEVT Romero hazard
ARGLOG Carmack t 133.2 pos '570.1 -264.5 -288.5' spd  50.9 yaw 163.4 mode 1 st 0 gl 2 hp 84 frg 3
ARGEVT Joe Rogan hazard
ARGEVT Romero jump
ARGLOG Joe Rogan t 133.5 pos '270.5 -235.2 -296.0' spd 269.9 yaw  27.7 mode 2 st 1 gl 1 hp 69 frg 3
ARGLOG Romero t 133.5 pos '402.7 -236.4 -269.7' spd 344.9 yaw   5.9 mode 2 st 1 gl 2 hp 60 frg 3
ARGLOG Carmack t 133.8 pos '632.6 -158.4 -296.0' spd  25.1 yaw 178.2 mode 1 st 0 gl 2 hp 60 frg 3
ARGLOG Joe Rogan t 134.1 pos '158.8 -245.1 -296.0' spd 364.4 yaw  30.3 mode 2 st 1 gl 1 hp 69 frg 3
ARGLOG Romero t 134.1 pos '301.1 -241.8 -296.0' spd 108.4 yaw  14.8 mode 2 st 1 gl 2 hp 44 frg 3
ARGEVT Romero hazard
ARGLOG Carmack t 134.4 pos '622.0 -182.3 -296.0' spd 320.3 yaw 158.1 mode 1 st 0 gl 2 hp 60 frg 3
ARGEVT Joe Rogan hazard
ARGEVT Carmack hazard
ARGLOG Joe Rogan t 134.6 pos '126.0 -236.2 -296.0' spd 103.8 yaw   4.7 mode 2 st 1 gl 1 hp 69 frg 3
ARGLOG Romero t 134.6 pos '292.8 -263.6 -296.0' spd 109.4 yaw  48.0 mode 2 st 1 gl 2 hp 36 frg 3
ARGEVT Romero pursue
ARGLOG Carmack t 134.9 pos '598.5 -204.4 -296.0' spd 335.5 yaw 187.1 mode 1 st 0 gl 2 hp 60 frg 3
ARGEVT Carmack jump
ARGLOG Joe Rogan t 135.2 pos '154.2 -256.5 -296.0' spd  79.4 yaw  27.4 mode 2 st 1 gl 1 hp 69 frg 3
ARGLOG Romero t 135.2 pos '396.5 -229.0 -296.0' spd 302.4 yaw  22.6 mode 2 st 1 gl 2 hp 36 frg 3
ARGEVT Romero hazard
ARGEVT Romero grab weapon_nailgun
ARGEVT Romero jump
ARGLOG Carmack t 135.4 pos '566.9 -242.9 -259.6' spd  73.7 yaw 143.0 mode 1 st 0 gl 2 hp 60 frg 3
ARGLOG Joe Rogan t 135.7 pos '194.4 -240.1 -296.0' spd 249.2 yaw 336.9 mode 2 st 1 gl 1 hp 69 frg 3
ARGLOG Romero t 135.7 pos '436.3 -265.9 -259.6' spd  67.0 yaw 352.9 mode 2 st 1 gl 2 hp 36 frg 3
ARGLOG Carmack t 136.0 pos '554.1 -229.1 -296.0' spd 264.3 yaw 176.9 mode 1 st 0 gl 2 hp 60 frg 3
ARGEVT Carmack jump
ARGLOG Joe Rogan t 136.3 pos '194.2 -217.8 -296.0' spd 333.0 yaw 338.6 mode 2 st 1 gl 1 hp 69 frg 3
ARGLOG Romero t 136.3 pos '409.3 -209.6 -296.0' spd 411.0 yaw 348.5 mode 2 st 1 gl 2 hp 20 frg 3
ARGLOG Carmack t 136.5 pos '557.7 -226.1 -272.8' spd 125.5 yaw 172.9 mode 1 st 0 gl 2 hp 48 frg 3
ARGEVT Carmack pursue
ARGLOG Joe Rogan t 136.8 pos '166.9 -217.9 -296.0' spd 293.0 yaw  72.2 mode 2 st 1 gl 1 hp 69 frg 3
ARGLOG Romero t 136.8 pos '336.4 -58.0 -296.0' spd 331.2 yaw 343.6 mode 2 st 1 gl 2 hp 20 frg 3
ARGEVT Romero pursue
ARGEVT Carmack jump
ARGEVT Joe Rogan hazard
ARGLOG Carmack t 137.1 pos '441.1 -262.5 -262.7' spd 351.0 yaw 142.1 mode 1 st 0 gl 2 hp 48 frg 3
ARGLOG Joe Rogan t 137.4 pos '174.5 -217.6 -296.0' spd 321.8 yaw  45.6 mode 2 st 1 gl 1 hp 69 frg 3
ARGLOG Romero t 137.4 pos '366.1 -98.7 -296.0' spd 191.2 yaw 237.2 mode 2 st 1 gl 2 hp 20 frg 3
ARGEVT Carmack jump
ARGLOG Carmack t 137.6 pos '426.4 -268.7 -269.6' spd 327.8 yaw 108.0 mode 1 st 0 gl 2 hp 30 frg 3
ARGLOG Joe Rogan t 137.9 pos '194.8 -230.7 -296.0' spd 320.6 yaw  19.3 mode 2 st 1 gl 1 hp 69 frg 3
ARGLOG Romero t 137.9 pos '383.3 -117.9 -296.0' spd 320.0 yaw 342.5 mode 2 st 1 gl 2 hp 20 frg 3
ARGEVT Joe Rogan hazard
ARGLOG Carmack t 138.1 pos '591.0 -264.5 -296.0' spd 327.8 yaw 156.4 mode 1 st 0 gl 2 hp 30 frg 3
ARGEVT Carmack jump
ARGEVT Carmack pursue
ARGLOG Joe Rogan t 138.4 pos '212.1 -222.5 -296.0' spd 138.2 yaw  47.8 mode 2 st 1 gl 1 hp 69 frg 3
ARGEVT Romero pursue
ARGLOG Romero t 138.4 pos '354.0 -156.2 -296.0' spd 339.1 yaw 295.5 mode 2 st 1 gl 2 hp 20 frg 3
ARGLOG Carmack t 138.6 pos '656.0 -219.1 -275.4' spd 123.5 yaw 211.3 mode 1 st 0 gl 2 hp 30 frg 3
ARGLOG Joe Rogan t 138.9 pos '185.4 -236.7 -296.0' spd 205.9 yaw  24.6 mode 2 st 1 gl 1 hp 69 frg 3
ARGLOG Romero t 138.9 pos '360.9 -189.3 -296.0' spd 320.0 yaw  46.2 mode 2 st 1 gl 2 hp 20 frg 3
ARGEVT Romero pursue
ARGEVT Carmack pursue
ARGLOG Carmack t 139.2 pos '631.6 -67.7 -296.0' spd 320.0 yaw 181.7 mode 1 st 0 gl 2 hp 30 frg 3
ARGUS Romero hunch 
ARGEVT Romero hazard
ARGUS Carmack hunch 
ARGEVT Joe Rogan hazard
ARGEVT Romero goal item_health
ARGEVT Romero pursue
ARGEVT Carmack goal weapon_rocketlauncher
ARGEVT Romero route 4 start '337.0 -119.0 -296.0' goal '529.0  73.0 -296.0'
ARGEVT Carmack pursue
ARGEVT Carmack hazard
ARGLOG Joe Rogan t 139.5 pos '242.0 -227.1 -296.0' spd 356.2 yaw  61.9 mode 2 st 1 gl 1 hp 69 frg 3
ARGLOG Romero t 139.5 pos '343.7 -36.6 -296.0' spd 482.9 yaw  71.1 mode 2 st 1 gl 2 hp 4 frg 3
ARGEVT Romero pursue
ARGEVT Carmack route 9 start '625.0 -23.0 -296.0' goal ' 81.0  73.0 -296.0'
ARGLOG Carmack t 139.8 pos '657.2  16.0 -296.0' spd  75.7 yaw 226.7 mode 2 st 0 gl 2 hp 30 frg 3
ARGLOG Joe Rogan t 140.1 pos '425.3 -237.8 -296.0' spd 322.2 yaw  70.0 mode 2 st 1 gl 1 hp 69 frg 3
ARGLOG Romero t 140.1 pos '400.0  75.1 -288.0' spd 280.9 yaw 264 mode 2 st 1 gl 2 hp 4 frg 3
ARGLOG Carmack t 140.3 pos '595.3 -111.5 -296.0' spd 323.3 yaw 241.0 mode 2 st 0 gl 2 hp 30 frg 3
ARGEVT Joe Rogan grab weapon_lightning
ARGEVT Joe Rogan hazard
ARGEVT Joe Rogan pursue
ARGEVT Carmack pursue
ARGLOG Joe Rogan t 140.6 pos '566.3 -259.9 -296.0' spd 213.5 yaw 118 mode 2 st 1 gl 1 hp 69 frg 3
ARGLOG Romero t 140.6 pos '385.6 -107.4 -296.0' spd 320.1 yaw 284.7 mode 2 st 1 gl 2 hp 4 frg 3
ARGEVT Romero hazard
ARGUS Joe Rogan hunch item_health
ARGLOG Carmack t 140.9 pos '486.5 -239.0 -296.0' spd 338.3 yaw 119.9 mode 2 st 0 gl 2 hp 30 frg 3
ARGEVT Carmack hazard
ARGEVT Joe Rogan goal weapon_lightning
ARGEVT Joe Rogan jump
ARGEVT Romero death Carmack pos '394.0 -188.7 -296.0'
ARGUS Carmack watch spawn
ARGEVT Joe Rogan route 8 start '465.0 -247.0 -296.0' goal '529.0 -311.0 -104.0'
ARGEVT Joe Rogan engage Carmack
ARGLOG Joe Rogan t 141.1 pos '530.2 -272.0 -269.5' spd 0 yaw 179.1 mode 2 st 1 gl 1 hp 69 frg 3
ARGEVT Carmack engage Joe Rogan
ARGEVT Carmack retreat
ARGEVT Carmack goal weapon_rocketlauncher
ARGLOG Carmack t 141.4 pos '502.2 -213.9 -296.0' spd 114.0 yaw 290.7 mode 0 st 0 gl 2 hp 30 frg 4
ARGEVT Carmack route 12 start '465.0 -247.0 -296.0' goal '753.0 -887.0 -232.0'
ARGLOG Joe Rogan t 141.6 pos '533.6 -258.9 -296.0' spd  39.0 yaw 126.0 mode 2 st 1 gl 1 hp 69 frg 3
ARGEVT Joe Rogan grab 
ARGLOG Carmack t 141.9 pos '467.5 -221.9 -296.0' spd 238.7 yaw   9.4 mode 2 st 0 gl 2 hp 6 frg 4
ARGEVT Carmack death Joe Rogan pos '484.2 -217.1 -296.0'
ARGUS Joe Rogan watch spawn
ARGLOG Joe Rogan t 142.1 pos '529.8 -216.8 -296.0' spd 337.9 yaw 171.6 mode 2 st 1 gl 1 hp 65 frg 4
ARGEVT Joe Rogan goal weapon_lightning
ARGEVT Joe Rogan jump
ARGEVT Joe Rogan route 8 start '465.0 -247.0 -296.0' goal '529.0 -311.0 -104.0'
ARGEVT Romero respawn
ARGLOG Joe Rogan t 142.6 pos '371.4 -223.5 -260.9' spd 319.0 yaw 52 mode 2 st 1 gl 1 hp 65 frg 4
ARGEVT Romero goal weapon_rocketlauncher
ARGLOG Romero t 142.6 pos '-64.0 512.0 -296.0' spd 0 yaw 288 mode 0 st 1 gl 2 hp 100 frg 3
ARGEVT Romero route 5 start '-79.0 553.0 -296.0' goal ' 81.0  73.0 -296.0'
ARGEVT Joe Rogan hazard
ARGLOG Joe Rogan t 143.1 pos '411.7 -257.9 -296.0' spd 320.0 yaw 59 mode 2 st 1 gl 1 hp 65 frg 4
ARGLOG Romero t 143.1 pos '-64.3 358.2 -296.0' spd 321.2 yaw 253 mode 2 st 1 gl 2 hp 100 frg 3
ARGLOG Joe Rogan t 143.6 pos '561.1 -208.0 -296.0' spd 348.0 yaw 78 mode 2 st 1 gl 1 hp 65 frg 4
ARGLOG Romero t 143.6 pos '-105.6 202.8 -296.0' spd 320.2 yaw 326 mode 2 st 1 gl 2 hp 100 frg 3
ARGEVT Carmack respawn
ARGEVT Romero hazard
ARGEVT Carmack goal weapon_rocketlauncher
ARGLOG Carmack t 143.7 pos '112.0 -1136.0 -104.0' spd 0 yaw  22.3 mode 0 st 0 gl 2 hp 100 frg 4
ARGEVT Carmack route 10 start '113.0 -1079.0 -104.0' goal '753.0 -887.0 -232.0'
ARGEVT Joe Rogan hazard
ARGLOG Joe Rogan t 144.2 pos '615.3 -61.6 -296.0' spd 187.4 yaw 190 mode 2 st 1 gl 1 hp 65 frg 4
ARGLOG Romero t 144.2 pos ' 21.8  86.0 -296.0' spd 322.5 yaw 340 mode 1 st 1 gl 2 hp 100 frg 3
ARGLOG Carmack t 144.3 pos '198.0 -994.4 -104.0' spd 325.9 yaw 67 mode 2 st 0 gl 2 hp 100 frg 4
ARGEVT Romero goal backpack
ARGEVT Romero route 7 start ' 81.0  73.0 -296.0' goal '337.0 -119.0 -296.0'
ARGLOG Joe Rogan t 144.8 pos '518.4  84.3 -296.0' spd 355.8 yaw 267 mode 2 st 1 gl 1 hp 90 frg 4
ARGLOG Romero t 144.8 pos '103.7  61.3 -296.0' spd 322.0 yaw 235 mode 2 st 1 gl 3 hp 100 frg 3
ARGEVT Romero hazard
ARGLOG Carmack t 144.9 pos '217.6 -812.7 -104.0' spd 322.1 yaw 62 mode 2 st 0 gl 2 hp 100 frg 4
ARGEVT Carmack hazard
ARGEVT Joe Rogan hazard
ARGLOG Joe Rogan t 145.4 pos '544.0 126.1 -296.0' spd   1.6 yaw 266 mode 2 st 1 gl 1 hp 90 frg 4
ARGLOG Romero t 145.4 pos '-80.0  43.5 -296.0' spd 116.9 yaw 289 mode 2 st 1 gl 3 hp 100 frg 3
ARGLOG Carmack t 145.4 pos '340.2 -694.0 -104.0' spd 350.5 yaw 73 mode 2 st 0 gl 2 hp 100 frg 4
ARGLOG Joe Rogan t 145.9 pos '587.3  16.0 -296.0' spd  31.6 yaw 188.3 mode 2 st 1 gl 1 hp 90 frg 4
ARGLOG Romero t 145.9 pos '-45.9 -133.8 -296.0' spd 322.2 yaw 344 mode 2 st 1 gl 3 hp 100 frg 3
ARGLOG Carmack t 146.0 pos '371.3 -511.4 -104.0' spd 332.9 yaw 28 mode 2 st 0 gl 2 hp 100 frg 4
ARGEVT Joe Rogan hazard
ARGUS routecache adopt
ARGEVT Romero route 3 start ' 17.0 -247.0 -296.0' goal '337.0 -119.0 -296.0'
ARGEVT Romero engage Carmack
ARGLOG Joe Rogan t 146.4 pos '533.7 117.5 -296.0' spd 320.0 yaw 266 mode 2 st 1 gl 1 hp 90 frg 4
ARGLOG Romero t 146.4 pos ' 41.4 -268.3 -296.0' spd 223.3 yaw  25.0 mode 2 st 1 gl 3 hp 100 frg 3
ARGEVT Carmack engage Romero
ARGEVT Carmack grab weapon_lightning
ARGLOG Carmack t 146.5 pos '462.2 -405.1 -104.0' spd 125.9 yaw  87.6 mode 2 st 0 gl 2 hp 100 frg 4
ARGEVT Romero hazard
ARGEVT Joe Rogan goal item_armorInv
ARGEVT Carmack weapon sg
ARGLOG Joe Rogan t 146.9 pos '553.4  95.4 -296.0' spd 303.9 yaw 281.8 mode 0 st 1 gl 1 hp 90 frg 4
ARGLOG Romero t 146.9 pos ' 63.4 -255.9 -296.0' spd  26.0 yaw 356.5 mode 2 st 1 gl 3 hp 100 frg 3
ARGEVT Joe Rogan route 11 start '529.0  73.0 -296.0' goal '817.0 -855.0 -232.0'
ARGEVT Carmack grab item_armor1
ARGLOG Carmack t 147.0 pos '541.0 -272.3 -104.0' spd 328.7 yaw 143.9 mode 2 st 0 gl 2 hp 100 frg 4
ARGLOG Joe Rogan t 147.5 pos '615.9 -44.5 -296.0' spd 320.2 yaw 260 mode 2 st 1 gl 1 hp 90 frg 4
ARGLOG Romero t 147.5 pos ' 61.9 -235.9 -296.0' spd  40.6 yaw   4.2 mode 2 st 1 gl 3 hp 100 frg 3
ARGLOG Carmack t 147.6 pos '517.7 -91.2 -104.0' spd 323.0 yaw 177.5 mode 2 st 0 gl 2 hp 100 frg 4
ARGEVT Romero hazard
ARGEVT Carmack weapon lg
ARGEVT Carmack route 6 start '529.0 -55.0 -104.0' goal '753.0 -887.0 -232.0'
ARGEVT Joe Rogan engage Romero
ARGEVT Joe Rogan hazard
ARGLOG Joe Rogan t 148.1 pos '592.0 -194.9 -296.0' spd   5.4 yaw 155.2 mode 2 st 1 gl 1 hp 90 frg 4
ARGLOG Romero t 148.1 pos '123.6 -231.9 -296.0' spd 262.9 yaw  21.0 mode 2 st 1 gl 3 hp 100 frg 3
ARGLOG Carmack t 148.1 pos '522.4 -154.7 -104.0' spd 320.1 yaw 177.4 mode 2 st 0 gl 2 hp 100 frg 4
ARGLOG Joe Rogan t 148.6 pos '590.5 -241.4 -296.0' spd  54.8 yaw 137.2 mode 0 st 1 gl 1 hp 90 frg 4
ARGLOG Romero t 148.6 pos '219.0 -231.7 -296.0' spd 301.6 yaw 348.9 mode 2 st 1 gl 3 hp 100 frg 3
ARGEVT Carmack pursue
ARGEVT Romero pursue
ARGLOG Carmack t 148.7 pos '519.9 -328.3 -104.0' spd 322.3 yaw 167 mode 2 st 0 gl 2 hp 100 frg 4
ARGEVT Joe Rogan route 12 start '593.0 -215.0 -296.0' goal '817.0 -855.0 -232.0'
ARGEVT Romero hazard
ARGLOG Joe Rogan t 149.2 pos '554.6 -246.0 -296.0' spd 292.9 yaw 150.7 mode 2 st 1 gl 1 hp 90 frg 4
ARGLOG Romero t 149.2 pos '231.4 -242.0 -296.0' spd 332.8 yaw 341.9 mode 2 st 1 gl 3 hp 91 frg 3
ARGLOG Carmack t 149.2 pos '526.8 -273.3 -104.0' spd 111.4 yaw 141.8 mode 2 st 0 gl 2 hp 100 frg 4
ARGEVT Carmack hazard
ARGLOG Joe Rogan t 149.8 pos '490.1 -251.1 -296.0' spd 288.2 yaw 164.9 mode 2 st 1 gl 1 hp 90 frg 4
ARGLOG Romero t 149.8 pos '207.4 -218.1 -296.0' spd 344.4 yaw 332.8 mode 2 st 1 gl 3 hp 91 frg 3
ARGLOG Carmack t 149.8 pos '501.3 -429.5 -104.0' spd 327.7 yaw 112.0 mode 2 st 0 gl 2 hp 100 frg 4
ARGEVT Carmack pursue
ARGEVT Romero pursue
ARGEVT Romero hazard
ARGUS Romero hunch 
ARGEVT Joe Rogan hazard
ARGEVT Romero goal backpack
ARGEVT Romero route 2 start '337.0 -247.0 -296.0' goal '337.0 -119.0 -296.0'
ARGLOG Joe Rogan t 150.4 pos '408.8 -209.0 -296.0' spd 343.9 yaw 181.6 mode 2 st 1 gl 1 hp 90 frg 4
ARGLOG Romero t 150.4 pos '261.9 -219.5 -296.0' spd 198.0 yaw  38.1 mode 2 st 1 gl 3 hp 82 frg 3
ARGLOG Carmack t 150.4 pos '468.0 -275.2 -104.0' spd 334.0 yaw 183.8 mode 2 st 0 gl 2 hp 100 frg 4
ARGLOG Joe Rogan t 150.9 pos '347.6 -260.0 -296.0' spd 305.2 yaw 180.6 mode 2 st 1 gl 1 hp 90 frg 4
ARGLOG Romero t 150.9 pos '188.5 -254.5 -296.0' spd 237.6 yaw  46.0 mode 2 st 1 gl 3 hp 82 frg 3
ARGLOG Carmack t 150.9 pos '460.9 -247.2 -104.0' spd 237.3 yaw 150.6 mode 2 st 0 gl 2 hp 100 frg 4
ARGEVT Romero hazard
ARGLOG Joe Rogan t 151.4 pos '362.7 -248.9 -296.0' spd 345.5 yaw 193.1 mode 2 st 1 gl 1 hp 90 frg 4
ARGLOG Romero t 151.4 pos '190.1 -218.0 -296.0' spd 266.3 yaw  13.5 mode 2 st 1 gl 3 hp 82 frg 3
ARGLOG Carmack t 151.4 pos '457.5 -85.2 -104.0' spd 329.2 yaw 225.2 mode 2 st 0 gl 2 hp 100 frg 4
ARGLOG Joe Rogan t 151.9 pos '347.6 -228.4 -296.0' spd 212.5 yaw 192.5 mode 2 st 1 gl 1 hp 90 frg 4
ARGLOG Romero t 151.9 pos '209.3 -239.8 -296.0' spd 226.8 yaw 311.3 mode 2 st 1 gl 3 hp 82 frg 3
ARGLOG Carmack t 151.9 pos '501.0 -231.8 -104.0' spd 323.9 yaw 215.3 mode 2 st 0 gl 2 hp 100 frg 4
ARGEVT Romero weapon sg
ARGLOG Joe Rogan t 152.4 pos '343.9 -233.0 -296.0' spd  78.1 yaw 226.4 mode 2 st 1 gl 1 hp 90 frg 4
ARGLOG Romero t 152.4 pos '193.2 -235.3 -296.0' spd 224.4 yaw 321.3 mode 2 st 1 gl 3 hp 73 frg 3
ARGLOG Carmack t 152.4 pos '507.7 -337.6 -104.0' spd 234.7 yaw 135.3 mode 2 st 0 gl 2 hp 100 frg 4
ARGEVT Romero hazard
ARGEVT Joe Rogan hazard
ARGLOG Joe Rogan t 152.9 pos '393.7 -181.1 -296.0' spd 319.9 yaw 215.3 mode 2 st 1 gl 1 hp 90 frg 4
ARGEVT Romero pursue
ARGLOG Romero t 152.9 pos '207.5 -255.0 -296.0' spd 321.0 yaw 344.7 mode 2 st 1 gl 3 hp 73 frg 3
ARGEVT Carmack pursue
ARGLOG Carmack t 152.9 pos '534.4 -345.2 -104.0' spd 320.4 yaw 156.5 mode 2 st 0 gl 2 hp 100 frg 4
ARGLOG Joe Rogan t 153.5 pos '330.3 -66.2 -296.0' spd 313.5 yaw 288.2 mode 2 st 1 gl 1 hp 90 frg 4
ARGLOG Romero t 153.5 pos '309.8 -201.2 -296.0' spd 204.4 yaw 273.9 mode 2 st 1 gl 3 hp 73 frg 3
ARGLOG Carmack t 153.5 pos '362.8 -422.2 -104.0' spd 328.6 yaw  95.0 mode 2 st 0 gl 2 hp 98 frg 4
ARGEVT Carmack grab item_cells
ARGLOG Joe Rogan t 154.1 pos '372.1 -19.3 -296.0' spd  55.8 yaw 261.8 mode 2 st 1 gl 1 hp 90 frg 4
ARGLOG Romero t 154.1 pos '370.4 -151.1 -296.0' spd  90.7 yaw 254.6 mode 1 st 1 gl 3 hp 73 frg 3
ARGLOG Carmack t 154.1 pos '410.5 -478.3 -104.0' spd 340.8 yaw  77.2 mode 2 st 0 gl 2 hp 98 frg 4
ARGEVT Romero hazard
ARGEVT Romero pursue
ARGEVT Carmack pursue
ARGLOG Joe Rogan t 154.6 pos '383.5 -17.7 -296.0' spd 230.4 yaw 240.2 mode 2 st 1 gl 1 hp 90 frg 4
ARGLOG Romero t 154.6 pos '389.4 -257.7 -296.0' spd 320.1 yaw 255.3 mode 1 st 1 gl 3 hp 73 frg 3
ARGLOG Carmack t 154.6 pos '340.2 -440.6 -104.0' spd 331.4 yaw 82 mode 2 st 0 gl 2 hp 98 frg 4
ARGEVT Carmack grab weapon_grenadelauncher
ARGEVT Joe Rogan hazard
ARGEVT Carmack route 6 start '273.0 -407.0 -104.0' goal '753.0 -887.0 -232.0'
ARGLOG Joe Rogan t 155.2 pos '341.0 -16.8 -296.0' spd 332.0 yaw 294.1 mode 2 st 1 gl 1 hp 90 frg 4
ARGLOG Romero t 155.2 pos '511.6 -220.1 -296.0' spd 134.3 yaw 233.8 mode 1 st 1 gl 3 hp 43 frg 3
ARGLOG Carmack t 155.2 pos '182.1 -405.0 -104.0' spd 322.8 yaw  48.2 mode 2 st 0 gl 2 hp 82 frg 4
ARGEVT Joe Rogan pursue
ARGUS Joe Rogan hunch 
ARGEVT Joe Rogan pursue
ARGEVT Joe Rogan goal backpack
ARGEVT Carmack route 7 start '145.0 -407.0 -104.0' goal '753.0 -887.0 -232.0'
ARGLOG Joe Rogan t 155.8 pos '399.2  57.5 -288.0' spd 130.1 yaw 283 mode 0 st 1 gl 1 hp 90 frg 4
ARGLOG Romero t 155.8 pos '509.4 -262.6 -296.0' spd 321.4 yaw 228.3 mode 1 st 1 gl 3 hp 43 frg 3
ARGLOG Carmack t 155.8 pos '112.0 -379.1 -100.2' spd  77.4 yaw  48.8 mode 2 st 0 gl 2 hp 82 frg 4
ARGEVT Joe Rogan route 2 start '369.0  73.0 -288.0' goal '337.0 -119.0 -296.0'
ARGEVT Romero hazard
ARGLOG Joe Rogan t 156.4 pos '389.2 -128.4 -296.0' spd 364.1 yaw 326.2 mode 2 st 1 gl 1 hp 90 frg 4
ARGLOG Romero t 156.4 pos '470.6 -256.6 -296.0' spd  46.9 yaw 230.5 mode 1 st 1 gl 3 hp 43 frg 3
ARGLOG Carmack t 156.4 pos '117.8 -382.8 -104.0' spd 210.3 yaw  48.5 mode 2 st 0 gl 2 hp 82 frg 4
ARGEVT Romero retreat
ARGEVT Carmack weapon gl
ARGEVT Carmack hazard
ARGLOG Joe Rogan t 156.9 pos '371.9 -175.0 -296.0' spd 324.8 yaw  18.7 mode 1 st 1 gl 1 hp 90 frg 4
ARGLOG Romero t 156.9 pos '579.4 -208.0 -296.0' spd 315.4 yaw 175.4 mode 1 st 1 gl 3 hp 34 frg 3
ARGLOG Carmack t 156.9 pos '133.6 -395.8 -104.0' spd 198.1 yaw 356.0 mode 2 st 0 gl 2 hp 82 frg 4
ARGEVT Romero hazard
ARGLOG Joe Rogan t 157.4 pos '366.1 -183.5 -296.0' spd 320.8 yaw 336.1 mode 1 st 1 gl 1 hp 90 frg 4
ARGLOG Romero t 157.4 pos '644.7 -189.5 -296.0' spd 149.9 yaw 241.2 mode 1 st 1 gl 3 hp 34 frg 3
ARGEVT Carmack pursue
ARGLOG Carmack t 157.4 pos '288.7 -451.5 -104.0' spd 333.2 yaw  17.2 mode 2 st 0 gl 2 hp 82 frg 4
ARGEVT Romero pursue
ARGEVT Joe Rogan hazard
ARGEVT Joe Rogan pursue
ARGLOG Joe Rogan t 157.9 pos '378.5 -18.5 -296.0' spd 389.1 yaw  14.8 mode 1 st 1 gl 1 hp 90 frg 4
ARGLOG Romero t 157.9 pos '520.5 -254.9 -296.0' spd 321.6 yaw 206 mode 1 st 1 gl 3 hp 34 frg 3
ARGLOG Carmack t 157.9 pos '448.1 -399.3 -104.0' spd 324.3 yaw 48 mode 2 st 0 gl 2 hp 82 frg 4
ARGUS Romero hunch item_artifact_super_damage
ARGEVT Romero goal item_armorInv
ARGEVT Romero pursue
ARGEVT Romero pursue
ARGEVT Romero route 12 start '465.0 -247.0 -296.0' goal '817.0 -855.0 -232.0'
ARGEVT Romero hazard
ARGLOG Joe Rogan t 158.4 pos '382.3 -60.7 -296.0' spd 352.7 yaw 214 mode 1 st 1 gl 1 hp 90 frg 4
ARGLOG Romero t 158.4 pos '557.7 -208.0 -296.0' spd 268.6 yaw 126.8 mode 2 st 1 gl 3 hp 34 frg 3
ARGLOG Carmack t 158.4 pos '575.8 -268.2 -104.0' spd 320.3 yaw 53 mode 2 st 0 gl 2 hp 82 frg 4
ARGEVT Joe Rogan pursue
ARGUS Carmack hunch 
ARGEVT Joe Rogan hazard
ARGEVT Carmack goal backpack
ARGEVT Carmack route 4 start '561.0 -183.0 -104.0' goal '337.0 -119.0 -296.0'
ARGLOG Joe Rogan t 159.0 pos '378.2 -127.3 -296.0' spd 311.6 yaw 310.1 mode 1 st 1 gl 1 hp 90 frg 4
ARGLOG Romero t 159.0 pos '429.8 -244.2 -296.0' spd 313.0 yaw 215 mode 2 st 1 gl 3 hp 25 frg 3
ARGLOG Carmack t 159.0 pos '622.3 -122.9 -104.0' spd 325.4 yaw 128.0 mode 2 st 0 gl 2 hp 82 frg 4
ARGEVT Carmack pursue
ARGEVT Romero hazard
ARGLOG Joe Rogan t 159.6 pos '312.0 -140.2 -287.1' spd 851.3 yaw 358.3 mode 1 st 1 gl 1 hp 55 frg 4
ARGLOG Romero t 159.6 pos '437.3 -267.7 -296.0' spd 365.0 yaw  14.7 mode 2 st 1 gl 3 hp 7 frg 3
ARGLOG Carmack t 159.6 pos '467.4 -102.0 -104.0' spd 404.8 yaw 303.3 mode 2 st 0 gl 2 hp 82 frg 4
ARGEVT Romero death Joe Rogan pos '461.5 -270.2 -296.0'
ARGUS Joe Rogan watch spawn
ARGEVT Joe Rogan engage Carmack
ARGEVT Carmack engage Joe Rogan
ARGEVT Carmack weapon lg
ARGEVT Carmack grab 
ARGEVT Joe Rogan goal item_armorInv
ARGEVT Joe Rogan route 15 start '145.0 -247.0 -296.0' goal '817.0 -855.0 -232.0'
ARGEVT Joe Rogan retreat
ARGLOG Joe Rogan t 160.1 pos '128.2 -222.7 -296.0' spd 535.4 yaw  12.5 mode 2 st 1 gl 1 hp 25 frg 5
ARGEVT Joe Rogan hazard
ARGLOG Carmack t 160.1 pos '452.3 -246.0 -104.0' spd  48.4 yaw 169.8 mode 2 st 0 gl 2 hp 82 frg 4
ARGEVT Carmack hazard
ARGLOG Joe Rogan t 160.6 pos '-38.1 -228.8 -296.0' spd 320.2 yaw 331.0 mode 0 st 1 gl 1 hp 25 frg 5
ARGEVT Carmack weapon gl
ARGLOG Carmack t 160.6 pos '391.3 -210.2 -128.6' spd 131.6 yaw 208.6 mode 2 st 0 gl 2 hp 82 frg 4
ARGEVT Joe Rogan route 16 start '-79.0 -247.0 -296.0' goal '817.0 -855.0 -232.0'
ARGLOG Joe Rogan t 161.1 pos '-101.2 -249.8 -296.0' spd 157.2 yaw  22.7 mode 2 st 1 gl 1 hp 25 frg 5
ARGEVT Romero respawn
ARGLOG Carmack t 161.1 pos '404.6 -240.1 -296.0' spd  31.6 yaw 156.5 mode 2 st 0 gl 2 hp 82 frg 4
ARGEVT Romero goal weapon_rocketlauncher
ARGLOG Romero t 161.1 pos '112.0 -1136.0 -104.0' spd 0 yaw  22.3 mode 0 st 1 gl 3 hp 100 frg 3
ARGEVT Joe Rogan hazard
ARGEVT Romero route 10 start '113.0 -1079.0 -104.0' goal '753.0 -887.0 -232.0'
ARGEVT Carmack weapon lg
ARGEVT Carmack hazard
ARGLOG Joe Rogan t 161.6 pos '-24.3 -138.0 -296.0' spd 327.0 yaw  47.3 mode 0 st 1 gl 1 hp 25 frg 5
ARGLOG Romero t 161.6 pos '202.7 -1016.4 -104.0' spd 391.3 yaw 69 mode 2 st 1 gl 3 hp 100 frg 3
ARGLOG Carmack t 161.6 pos '351.5 -124.9 -296.0' spd 324.2 yaw 199.8 mode 2 st 0 gl 2 hp 82 frg 4
ARGEVT Joe Rogan route 16 start '-47.0 -151.0 -296.0' goal '817.0 -855.0 -232.0'
ARGEVT Carmack pursue
ARGLOG Joe Rogan t 162.2 pos '-27.0 -11.1 -296.0' spd 143.9 yaw 309.4 mode 2 st 1 gl 1 hp 25 frg 5
ARGLOG Romero t 162.2 pos '214.1 -833.8 -104.0' spd 328.4 yaw 65 mode 2 st 1 gl 3 hp 100 frg 3
ARGLOG Carmack t 162.2 pos '389.4  50.5 -288.0' spd 396.2 yaw 307.6 mode 2 st 0 gl 2 hp 82 frg 4
ARGEVT Romero hazard
ARGEVT Carmack hazard
ARGEVT Carmack pursue
ARGLOG Joe Rogan t 162.7 pos '-16.0 -164.2 -296.0' spd 326.5 yaw 292 mode 2 st 1 gl 1 hp 25 frg 5
ARGLOG Romero t 162.7 pos '322.1 -715.0 -104.0' spd 364.1 yaw 71 mode 2 st 1 gl 3 hp 100 frg 3
ARGLOG Carmack t 162.7 pos '387.6 -70.8 -296.0' spd 351.9 yaw 202.3 mode 2 st 0 gl 2 hp 82 frg 4
ARGEVT Joe Rogan pursue
ARGUS routecache adopt
ARGEVT Joe Rogan route 15 start ' 17.0 -247.0 -296.0' goal '817.0 -855.0 -232.0'
ARGUS routecache adopt
ARGEVT Joe Rogan route 16 start '-47.0 -151.0 -296.0' goal '817.0 -855.0 -232.0'
ARGLOG Joe Rogan t 163.3 pos '-74.4 -188.8 -296.0' spd 376.3 yaw 330.6 mode 0 st 1 gl 1 hp 25 frg 5
ARGEVT Joe Rogan hazard
ARGLOG Romero t 163.3 pos '368.0 -535.7 -104.0' spd 320.4 yaw 92 mode 2 st 1 gl 3 hp 100 frg 3
ARGLOG Carmack t 163.3 pos '350.2 -218.4 -296.0' spd 158.1 yaw 205.0 mode 2 st 0 gl 2 hp 68 frg 4
ARGEVT Romero engage Carmack
ARGUS routecache adopt
ARGEVT Joe Rogan route 16 start '-47.0 -151.0 -296.0' goal '817.0 -855.0 -232.0'
ARGEVT Joe Rogan pursue
ARGLOG Joe Rogan t 163.8 pos '-51.9 -179.4 -296.0' spd 162.1 yaw 357 mode 2 st 1 gl 1 hp 25 frg 5
ARGLOG Romero t 163.8 pos '283.0 -400.5 -104.0' spd 326.8 yaw  55.7 mode 2 st 1 gl 3 hp 100 frg 3
ARGEVT Romero hazard
ARGLOG Carmack t 163.8 pos '361.5 -122.0 -296.0' spd 225.9 yaw 314.4 mode 2 st 0 gl 2 hp 68 frg 4
ARGUS Joe Rogan hunch 
ARGEVT Carmack pursue
ARGEVT Joe Rogan goal item_health
ARGEVT Joe Rogan pursue
ARGEVT Joe Rogan route 10 start '-47.0 -151.0 -296.0' goal '401.0 -887.0 -104.0'
ARGEVT Carmack weapon gl
ARGEVT Carmack hazard
ARGLOG Joe Rogan t 164.4 pos '-60.1 -117.7 -296.0' spd 322.4 yaw 324.5 mode 2 st 1 gl 1 hp 25 frg 5
ARGLOG Romero t 164.4 pos '448.0 -410.1 -104.0' spd 325.5 yaw  69.0 mode 2 st 1 gl 3 hp 100 frg 3
ARGLOG Carmack t 164.4 pos '418.0 -249.4 -289.0' spd  41.6 yaw 110.8 mode 2 st 0 gl 2 hp 68 frg 4
ARGEVT Carmack pursue
ARGEVT Joe Rogan hazard
ARGEVT Romero pursue
ARGUS Carmack hunch item_artifact_super_damage
ARGLOG Joe Rogan t 164.9 pos '-17.3  12.5 -296.0' spd 140.7 yaw 286.1 mode 2 st 1 gl 1 hp 25 frg 5
ARGLOG Romero t 164.9 pos '502.6 -302.6 -104.0' spd 340.2 yaw 140 mode 2 st 1 gl 3 hp 100 frg 3
ARGEVT Carmack pursue
ARGLOG Carmack t 164.9 pos '336.7 -240.8 -296.0' spd  94.4 yaw 308.5 mode 2 st 0 gl 2 hp 68 frg 4
ARGEVT Carmack goal backpack
ARGEVT Carmack route 2 start '337.0 -247.0 -296.0' goal '465.0 -247.0 -296.0'
ARGUS Romero hunch 
ARGEVT Carmack pursue
ARGEVT Romero hazard
ARGEVT Romero goal item_armorInv
ARGEVT Carmack hazard
ARGEVT Romero route 5 start '465.0 -279.0 -104.0' goal '817.0 -855.0 -232.0'
ARGLOG Joe Rogan t 165.4 pos '-16.0 -134.7 -296.0' spd 324.0 yaw 287 mode 2 st 1 gl 1 hp 25 frg 5
ARGLOG Romero t 165.4 pos '348.0 -222.7 -128.6' spd 323.8 yaw  11.6 mode 2 st 1 gl 3 hp 100 frg 3
ARGLOG Carmack t 165.4 pos '452.2 -267.7 -296.0' spd 118.4 yaw 202.6 mode 1 st 0 gl 2 hp 68 frg 4
ARGEVT Carmack weapon lg
ARGLOG Joe Rogan t 165.9 pos '-70.2 -135.6 -296.0' spd 321.1 yaw 352.4 mode 0 st 1 gl 1 hp 25 frg 5
ARGLOG Romero t 165.9 pos '213.5 -143.1 -371.5' spd 264.4 yaw 332.6 mode 2 st 1 gl 3 hp 100 frg 3
ARGLOG Carmack t 165.9 pos '319.4 -250.7 -296.0' spd 155.1 yaw 138.9 mode 1 st 0 gl 2 hp 68 frg 4
ARGEVT Joe Rogan route 10 start '-47.0 -151.0 -296.0' goal '401.0 -887.0 -104.0'
ARGEVT Romero swim
ARGEVT Carmack pursue
ARGEVT Joe Rogan pursue
ARGEVT Joe Rogan hazard
ARGEVT Romero retreat
ARGEVT Romero route 14 start '337.0 -119.0 -296.0' goal '817.0 -855.0 -232.0'
ARGLOG Joe Rogan t 166.5 pos '-22.8 -30.3 -296.0' spd 207.1 yaw 281 mode 2 st 1 gl 1 hp 25 frg 5
ARGLOG Romero t 166.5 pos '112.0 -128.9 -403.6' spd  26.7 yaw 315.8 mode 2 st 1 gl 3 hp 10 frg 3
ARGLOG Carmack t 166.5 pos '175.6 -242.2 -296.0' spd 324.0 yaw 167 mode 1 st 0 gl 2 hp 68 frg 4
ARGEVT Romero death world pos '112.0 -133.0 -404.6'
ARGEVT Carmack pursue
ARGEVT Joe Rogan death Carmack pos '-27.2 -176.2 -296.0'
ARGUS Carmack watch spawn
ARGEVT Carmack goal backpack
ARGLOG Carmack t 167.1 pos ' 11.0 -228.7 -296.0' spd 143.6 yaw 338.0 mode 1 st 0 gl 2 hp 68 frg 5
ARGEVT Carmack jump
ARGLOG Carmack t 167.6 pos '100.7 -266.6 -266.0' spd 191.1 yaw 126.5 mode 1 st 0 gl 2 hp 68 frg 5
ARGEVT Carmack hazard
ARGEVT Carmack goal item_health
ARGLOG Carmack t 168.1 pos ' 12.9 -234.4 -296.0' spd 377.8 yaw 112.5 mode 0 st 0 gl 3 hp 68 frg 5
ARGEVT Carmack route 6 start ' 17.0 -247.0 -296.0' goal '-47.0 585.0 -296.0'
ARGEVT Romero respawn
ARGEVT Romero goal weapon_rocketlauncher
ARGLOG Romero t 168.3 pos '776.0 -808.0 -232.0' spd 0 yaw 112.7 mode 1 st 1 gl 3 hp 100 frg 2
ARGEVT Joe Rogan respawn
ARGEVT Romero hazard
ARGEVT Carmack engage Joe Rogan
ARGEVT Carmack weapon gl
ARGEVT Joe Rogan goal backpack
ARGEVT Joe Rogan engage Carmack
ARGLOG Joe Rogan t 168.6 pos '-64.0 512.0 -296.0' spd 0 yaw 273.0 mode 0 st 1 gl 1 hp 100 frg 5
ARGEVT Joe Rogan route 8 start '-79.0 553.0 -296.0' goal '465.0 -247.0 -296.0'
ARGEVT Joe Rogan grab item_health
ARGLOG Carmack t 168.7 pos '-55.4 -57.6 -296.0' spd 320.5 yaw  50.5 mode 2 st 0 gl 3 hp 68 frg 5
ARGLOG Romero t 168.9 pos '720.0 -818.4 -228.1' spd 324.9 yaw 295.1 mode 1 st 1 gl 3 hp 100 frg 2
ARGEVT Romero goal backpack
ARGEVT Romero route 3 start '753.0 -887.0 -232.0' goal '337.0 -119.0 -296.0'
ARGEVT Carmack goal weapon_rocketlauncher
ARGEVT Joe Rogan route 8 start '-47.0 585.0 -296.0' goal '465.0 -247.0 -296.0'
ARGLOG Joe Rogan t 169.1 pos '-25.4 582.7 -296.0' spd 241.3 yaw 285.6 mode 2 st 1 gl 1 hp 200 frg 5
ARGEVT Romero route 3 start '753.0 -887.0 -232.0' goal '337.0 -119.0 -296.0'
ARGLOG Carmack t 169.3 pos '-128.8  96.8 -296.0' spd 330.2 yaw  86.1 mode 1 st 0 gl 3 hp 68 frg 5
ARGEVT Carmack weapon lg
ARGLOG Romero t 169.4 pos '840.9 -849.0 -232.0' spd 339.2 yaw 117 mode 2 st 1 gl 4 hp 100 frg 2
ARGEVT Carmack hazard
ARGLOG Joe Rogan t 169.7 pos '-17.1 548.1 -296.0' spd 320.0 yaw 286.3 mode 2 st 1 gl 1 hp 200 frg 5
ARGEVT Romero hazard
ARGLOG Carmack t 169.9 pos '-72.9 106.8 -296.0' spd 321.4 yaw  98.7 mode 1 st 0 gl 3 hp 68 frg 5
ARGLOG Romero t 170.0 pos '731.9 -818.4 -232.0' spd 324.6 yaw 112 mode 2 st 1 gl 4 hp 100 frg 2
ARGLOG Joe Rogan t 170.2 pos '-121.0 530.5 -296.0' spd 230.4 yaw 262.4 mode 2 st 1 gl 1 hp 200 frg 5
ARGLOG Carmack t 170.4 pos '  4.4 116.1 -296.0' spd 285.0 yaw  76.7 mode 1 st 0 gl 3 hp 68 frg 5
ARGUS routecache adopt
ARGEVT Romero route 1 start '369.0   9.0 -296.0' goal '337.0 -119.0 -296.0'
ARGLOG Romero t 170.5 pos '368.0  -8.2 -285.4' spd 300 yaw 339.8 mode 2 st 1 gl 4 hp 100 frg 2
ARGEVT Carmack hazard
ARGLOG Joe Rogan t 170.7 pos ' -3.2 519.3 -296.0' spd  62.1 yaw 287.8 mode 0 st 1 gl 1 hp 200 frg 5
ARGEVT Joe Rogan route 8 start '-15.0 457.0 -296.0' goal '465.0 -247.0 -296.0'
ARGLOG Carmack t 170.9 pos ' 34.7 100.9 -296.0' spd 339.8 yaw  78.1 mode 1 st 0 gl 3 hp 68 frg 5
ARGEVT Romero hazard
ARGLOG Romero t 171.1 pos '367.5 -39.4 -296.0' spd 138.1 yaw 148.7 mode 2 st 1 gl 4 hp 100 frg 2
ARGEVT Joe Rogan hazard
ARGLOG Joe Rogan t 171.3 pos '-142.0 428.4 -296.0' spd 356.2 yaw 317.5 mode 2 st 1 gl 1 hp 200 frg 5
ARGLOG Carmack t 171.5 pos ' 20.5 114.4 -296.0' spd 124.6 yaw  87.6 mode 1 st 0 gl 3 hp 68 frg 5
ARGLOG Romero t 171.6 pos '336.0 -23.2 -296.0' spd 318.4 yaw 263.0 mode 2 st 1 gl 4 hp 100 frg 2
ARGEVT Carmack hazard
ARGLOG Joe Rogan t 171.9 pos '-71.0 342.9 -296.0' spd 278.7 yaw 300.5 mode 2 st 1 gl 1 hp 200 frg 5
ARGLOG Carmack t 172.1 pos '-65.0 115.1 -296.0' spd  33.9 yaw  93.5 mode 1 st 0 gl 3 hp 68 frg 5
ARGLOG Romero t 172.2 pos '332.3 -206.6 -296.0' spd 332.8 yaw 222.2 mode 1 st 1 gl 4 hp 100 frg 2
ARGLOG Joe Rogan t 172.4 pos '-75.2 341.0 -296.0' spd  54.2 yaw 262.4 mode 2 st 1 gl 1 hp 140 frg 5
ARGLOG Carmack t 172.6 pos '-90.6  97.7 -296.0' spd 276.3 yaw 116.3 mode 1 st 0 gl 3 hp 68 frg 5
ARGLOG Romero t 172.8 pos '168.2 -210.0 -296.0' spd 375.3 yaw  69.2 mode 1 st 1 gl 4 hp 100 frg 2
ARGEVT Romero hazard
ARGLOG Joe Rogan t 172.9 pos '-71.8 313.8 -296.0' spd 255.2 yaw 279.4 mode 2 st 1 gl 1 hp 140 frg 5
ARGEVT Carmack hazard
ARGLOG Carmack t 173.1 pos '-13.6  99.5 -296.0' spd 320.1 yaw 144.7 mode 1 st 0 gl 3 hp 68 frg 5
ARGLOG Romero t 173.3 pos '325.0 -176.2 -296.0' spd 332.2 yaw  49.1 mode 1 st 1 gl 4 hp 100 frg 2
ARGLOG Joe Rogan t 173.5 pos '-90.8 299.7 -296.0' spd 109.8 yaw 268.3 mode 2 st 1 gl 1 hp 140 frg 5
ARGLOG Carmack t 173.7 pos '-45.4 113.9 -296.0' spd  73.8 yaw 107.7 mode 1 st 0 gl 3 hp 68 frg 5
ARGLOG Romero t 173.9 pos '336.0   7.7 -296.0' spd 387.3 yaw 208.5 mode 1 st 1 gl 4 hp 100 frg 2
ARGEVT Romero hazard
ARGEVT Joe Rogan hazard
ARGLOG Joe Rogan t 174.1 pos '-95.9 248.8 -296.0' spd 354.6 yaw 300.4 mode 2 st 1 gl 1 hp 109 frg 5
ARGLOG Carmack t 174.3 pos ' -4.0  80.4 -296.0' spd 367.9 yaw 135.3 mode 1 st 0 gl 3 hp 68 frg 5
ARGLOG Romero t 174.4 pos '343.9 -106.7 -296.0' spd 325.8 yaw 253.6 mode 1 st 1 gl 4 hp 100 frg 2
ARGEVT Carmack hazard
ARGEVT Carmack goal item_health
ARGEVT Carmack route 7 start '-47.0  73.0 -296.0' goal '529.0  73.0 -296.0'
ARGLOG Joe Rogan t 174.6 pos '-125.4 120.1 -296.0' spd 325.4 yaw 299.8 mode 2 st 1 gl 1 hp 109 frg 5
ARGLOG Carmack t 174.9 pos '-21.9  94.3 -296.0' spd 308.9 yaw 161.3 mode 2 st 0 gl 3 hp 52 frg 5
ARGLOG Romero t 175.0 pos '220.3 -201.5 -296.0' spd 327.9 yaw 224.8 mode 1 st 1 gl 4 hp 100 frg 2
ARGLOG Joe Rogan t 175.1 pos '-221.2  61.2 -296.0' spd 282.8 yaw  13.7 mode 2 st 1 gl 1 hp 79 frg 5
ARGEVT Romero hazard
ARGLOG Carmack t 175.4 pos '-78.4  96.2 -296.0' spd 320.0 yaw 199.4 mode 2 st 0 gl 3 hp 52 frg 5
ARGLOG Romero t 175.6 pos '112.0 -278.8 -296.0' spd  23.7 yaw 179.0 mode 1 st 1 gl 4 hp 100 frg 2
ARGEVT Joe Rogan hazard
ARGEVT Carmack hazard
ARGLOG Joe Rogan t 175.7 pos '-233.4  70.6 -296.0' spd 279.4 yaw  60.1 mode 2 st 1 gl 1 hp 79 frg 5
ARGLOG Carmack t 175.9 pos '-91.0  86.0 -296.0' spd 334.9 yaw 199.2 mode 2 st 0 gl 3 hp 36 frg 5
ARGEVT Romero engage Carmack
ARGLOG Romero t 176.1 pos ' -5.9 -218.0 -296.0' spd 385.4 yaw  76.2 mode 1 st 1 gl 4 hp 100 frg 2
ARGLOG Joe Rogan t 176.2 pos '-227.6  91.2 -296.0' spd 236.3 yaw  24.3 mode 2 st 1 gl 1 hp 79 frg 5
ARGLOG Carmack t 176.4 pos '-104.5 148.8 -296.0' spd  15.2 yaw 167.8 mode 2 st 0 gl 3 hp 36 frg 5
ARGLOG Romero t 176.6 pos '-51.4 -155.4 -296.0' spd 278.7 yaw 128.7 mode 1 st 1 gl 4 hp 100 frg 2
ARGLOG Joe Rogan t 176.7 pos '-229.4  84.0 -296.0' spd 321.2 yaw 329.3 mode 2 st 1 gl 1 hp 49 frg 5
ARGLOG Carmack t 176.9 pos '-86.2  62.8 -296.0' spd  73.0 yaw 157.4 mode 2 st 0 gl 3 hp 31 frg 5
ARGEVT Joe Rogan retreat
ARGEVT Joe Rogan death Carmack pos '-219.9 101.3 -296.0'
ARGUS Carmack watch spawn
ARGEVT Carmack death Romero pos '-128.4  65.7 -296.0'
ARGUS Romero watch spawn
ARGLOG Romero t 177.1 pos '-62.0 -98.5 -296.0' spd 278.6 yaw 144.9 mode 1 st 1 gl 4 hp 100 frg 3
ARGEVT Romero hazard
ARGEVT Romero goal backpack
ARGEVT Romero route 1 start '-47.0 -23.0 -296.0' goal '-143.0 105.0 -296.0'
ARGEVT Romero jump
ARGLOG Romero t 177.7 pos '-80.0  86.8 -269.6' spd 339.0 yaw 192.8 mode 1 st 1 gl 4 hp 100 frg 3
ARGLOG Romero t 178.2 pos '-183.1  99.6 -296.0' spd 261.6 yaw 340 mode 1 st 1 gl 4 hp 100 frg 3
ARGEVT Romero goal backpack
ARGEVT Romero route 6 start '-143.0 105.0 -296.0' goal '337.0 -119.0 -296.0'
ARGEVT Joe Rogan respawn
ARGEVT Carmack respawn
ARGEVT Joe Rogan goal weapon_lightning
ARGLOG Joe Rogan t 178.6 pos '784.0 -176.0  24.0' spd 0 yaw 203.0 mode 0 st 1 gl 1 hp 100 frg 5
ARGEVT Romero engage Carmack
ARGEVT Carmack goal backpack
ARGEVT Carmack engage Romero
ARGLOG Carmack t 178.6 pos '-64.0 512.0 -296.0' spd 0 yaw 296.6 mode 0 st 0 gl 3 hp 100 frg 6
ARGEVT Joe Rogan route 4 start '785.0 -183.0  24.0' goal '529.0 -311.0 -104.0'
ARGLOG Romero t 178.8 pos '-19.3  57.3 -296.0' spd 321.7 yaw  85.6 mode 2 st 1 gl 5 hp 100 frg 3
ARGEVT Carmack route 8 start '-79.0 553.0 -296.0' goal '465.0 -247.0 -296.0'
ARGLOG Joe Rogan t 179.1 pos '630.3 -178.4  24.0' spd 322.3 yaw 161 mode 2 st 1 gl 1 hp 100 frg 5
ARGLOG Carmack t 179.1 pos '-22.7 484.7 -296.0' spd 251.4 yaw 263.2 mode 2 st 0 gl 3 hp 100 frg 6
ARGLOG Romero t 179.4 pos ' 52.5  81.6 -296.0' spd 320.3 yaw  80.7 mode 2 st 1 gl 5 hp 100 frg 3
ARGEVT Carmack hazard
ARGLOG Joe Rogan t 179.6 pos '454.9 -125.3 -16.9' spd 320.2 yaw 205.8 mode 1 st 1 gl 1 hp 100 frg 5
ARGLOG Carmack t 179.6 pos '-96.5 432.1 -296.0' spd 279.1 yaw 305.2 mode 2 st 0 gl 3 hp 100 frg 6
ARGLOG Romero t 179.9 pos '-107.6  65.6 -296.0' spd 327.2 yaw 106.5 mode 2 st 1 gl 5 hp 100 frg 3
ARGLOG Joe Rogan t 180.2 pos '294.1 -125.1 -294.2' spd 286.4 yaw 323 mode 1 st 1 gl 1 hp 100 frg 5
ARGLOG Carmack t 180.2 pos '-15.7 435.6 -296.0' spd 320.0 yaw 260.8 mode 2 st 0 gl 3 hp 100 frg 6
ARGEVT Joe Rogan abandon
ARGEVT Romero hazard
ARGEVT Joe Rogan weapon sg
ARGEVT Joe Rogan goal item_armorInv
ARGEVT Joe Rogan abandon
ARGEVT Joe Rogan swim
ARGLOG Romero t 180.4 pos '-221.1 121.3 -296.0' spd 214.0 yaw  89.5 mode 2 st 1 gl 5 hp 100 frg 3
ARGEVT Romero goal backpack
ARGEVT Joe Rogan goal item_health
ARGEVT Joe Rogan route 4 start '337.0 -119.0 -296.0' goal '529.0  73.0 -296.0'
ARGLOG Joe Rogan t 180.7 pos '215.3 -173.4 -403.0' spd 205.2 yaw 345 mode 2 st 1 gl 1 hp 40 frg 5
ARGLOG Carmack t 180.7 pos '-107.9 471.6 -296.0' spd 230.4 yaw 239.1 mode 2 st 0 gl 3 hp 100 frg 6
ARGEVT Romero route 4 start '-143.0 105.0 -296.0' goal '145.0 -247.0 -296.0'
ARGLOG Romero t 180.9 pos '-61.0 107.6 -296.0' spd 320.7 yaw  57.3 mode 2 st 1 gl 5 hp 100 frg 3
ARGEVT Joe Rogan death world pos '156.9 -152.0 -405.6'
ARGLOG Carmack t 181.2 pos ' -0.1 444.5 -296.0' spd 236.3 yaw 289.6 mode 2 st 0 gl 3 hp 100 frg 6
ARGEVT Romero hazard
ARGLOG Romero t 181.4 pos ' 35.8 115.1 -296.0' spd 227.2 yaw 129.0 mode 2 st 1 gl 5 hp 100 frg 3
ARGEVT Carmack hazard
ARGLOG Carmack t 181.8 pos '-21.3 420.1 -296.0' spd 338.1 yaw 263.0 mode 2 st 0 gl 3 hp 100 frg 6
ARGLOG Romero t 181.9 pos '-102.4 109.5 -296.0' spd  10.0 yaw  54.5 mode 2 st 1 gl 5 hp 100 frg 3
ARGLOG Carmack t 182.3 pos '  4.2 415.9 -296.0' spd 320.0 yaw 245.6 mode 2 st 0 gl 3 hp 100 frg 6
ARGLOG Romero t 182.4 pos ' 51.1 120.9 -296.0' spd 320.1 yaw 114.4 mode 2 st 1 gl 5 hp 100 frg 3
ARGEVT Joe Rogan respawn
ARGEVT Carmack hazard
ARGEVT Joe Rogan goal backpack
ARGLOG Joe Rogan t 182.7 pos '784.0 -176.0  24.0' spd 0 yaw 173 mode 0 st 1 gl 1 hp 100 frg 4
ARGEVT Joe Rogan route 6 start '785.0 -183.0  24.0' goal '337.0 -119.0 -296.0'
ARGEVT Romero hazard
ARGLOG Carmack t 182.9 pos ' 35.0 409.9 -296.0' spd 320.0 yaw 228.7 mode 2 st 0 gl 3 hp 100 frg 6
ARGLOG Romero t 183.0 pos '-10.1 117.3 -296.0' spd 213.7 yaw 105.6 mode 2 st 1 gl 5 hp 100 frg 3
ARGLOG Joe Rogan t 183.2 pos '609.3 -153.0  24.0' spd 320.8 yaw 179 mode 2 st 1 gl 1 hp 100 frg 4
ARGLOG Carmack t 183.4 pos '-73.4 366.9 -296.0' spd 239.3 yaw 247.5 mode 2 st 0 gl 3 hp 70 frg 6
ARGLOG Romero t 183.5 pos '-95.1 110.8 -296.0' spd 324.0 yaw  60.0 mode 2 st 1 gl 5 hp 97 frg 3
ARGLOG Joe Rogan t 183.7 pos '425.3 -145.3 -38.2' spd 320.4 yaw 292 mode 2 st 1 gl 1 hp 100 frg 4
ARGLOG Carmack t 183.9 pos '-78.4 313.1 -296.0' spd 283.4 yaw 292.1 mode 2 st 0 gl 3 hp 40 frg 6
ARGLOG Romero t 184.0 pos '-55.0 111.3 -296.0' spd 325.6 yaw 130.3 mode 2 st 1 gl 5 hp 97 frg 3
ARGLOG Joe Rogan t 184.3 pos '370.3 -20.8 -296.0' spd 273.8 yaw  92.8 mode 2 st 1 gl 1 hp 100 frg 4
ARGEVT Romero hazard
ARGLOG Carmack t 184.4 pos '-78.1 318.7 -296.0' spd  78.0 yaw 242.6 mode 2 st 0 gl 3 hp 40 frg 6
ARGLOG Romero t 184.5 pos '-77.1 113.3 -296.0' spd 320.1 yaw  78.6 mode 2 st 1 gl 5 hp 97 frg 3
ARGEVT Joe Rogan hazard
ARGEVT Carmack hazard
ARGLOG Joe Rogan t 184.8 pos '344.3 112.0 -288.0' spd 151.6 yaw 161.9 mode 0 st 1 gl 1 hp 95 frg 4
ARGEVT Joe Rogan route 2 start '369.0  73.0 -288.0' goal '337.0 -119.0 -296.0'
ARGLOG Carmack t 184.9 pos '-98.8 295.5 -296.0' spd  57.0 yaw 294.2 mode 2 st 0 gl 3 hp 40 frg 6
ARGLOG Romero t 185.0 pos '-115.6 103.7 -296.0' spd 262.7 yaw 113.3 mode 2 st 1 gl 5 hp 97 frg 3
ARGLOG Joe Rogan t 185.3 pos '336.4 -53.7 -296.0' spd 320.0 yaw 271 mode 2 st 1 gl 1 hp 95 frg 4
ARGLOG Carmack t 185.5 pos '-77.4 316.2 -296.0' spd 227.2 yaw 302.8 mode 2 st 0 gl 3 hp 40 frg 6
ARGLOG Romero t 185.6 pos '-61.9  72.4 -296.0' spd 327.0 yaw  66.5 mode 2 st 1 gl 5 hp 97 frg 3
ARGEVT Joe Rogan hazard
ARGLOG Joe Rogan t 185.9 pos '422.2 -187.2 -296.0' spd 339.3 yaw   3.2 mode 1 st 1 gl 1 hp 95 frg 4
ARGEVT Romero hazard
ARGEVT Romero grab item_artifact_super_damage
ARGLOG Carmack t 186.1 pos '-71.0 315.1 -296.0' spd 267.3 yaw 320.8 mode 2 st 0 gl 3 hp 40 frg 6
ARGLOG Romero t 186.2 pos ' 86.5 104.1 -296.0' spd 230.4 yaw 102.4 mode 2 st 1 gl 5 hp 97 frg 3
